frame_index,frame_id,pattern,dac_code,settle_ms,sample_count,record_index,polarity,i_plus,i_minus,v_plus,v_minus,voltage_mv,current_ua,quality
0,6,adjacent,100,30,16,0,FWD,E1,E2,E3,E4,0.984000,69.028000,OK
0,6,adjacent,100,30,16,1,REV,E2,E1,E3,E4,2.375000,232.061000,OK
0,6,adjacent,100,30,16,2,FWD,E1,E2,E4,E5,-85.820000,170.215000,OK
0,6,adjacent,100,30,16,3,REV,E2,E1,E4,E5,45.250000,201.657000,OK
0,6,adjacent,100,30,16,4,FWD,E1,E2,E5,E6,19.773000,184.340000,OK
0,6,adjacent,100,30,16,5,REV,E2,E1,E5,E6,-113.133000,196.230000,OK
0,6,adjacent,100,30,16,6,FWD,E1,E2,E6,E7,-48.148000,187.293000,OK
0,6,adjacent,100,30,16,7,REV,E2,E1,E6,E7,-47.961000,194.794000,OK
0,6,adjacent,100,30,16,8,FWD,E1,E2,E7,E8,-33.383000,188.968000,OK
0,6,adjacent,100,30,16,9,REV,E2,E1,E7,E8,-33.281000,193.756000,OK
0,6,adjacent,100,30,16,10,FWD,E1,E2,E8,E9,11.625000,189.926000,OK
0,6,adjacent,100,30,16,11,REV,E2,E1,E8,E9,11.945000,192.719000,OK
0,6,adjacent,100,30,16,12,FWD,E1,E2,E9,E10,16.594000,191.123000,OK
0,6,adjacent,100,30,16,13,REV,E2,E1,E9,E10,16.937000,192.639000,OK
0,6,adjacent,100,30,16,14,FWD,E1,E2,E10,E11,-62.688000,190.485000,OK
0,6,adjacent,100,30,16,15,REV,E2,E1,E10,E11,-69.797000,192.958000,OK
0,6,adjacent,100,30,16,16,FWD,E1,E2,E11,E12,-67.625000,190.245000,OK
0,6,adjacent,100,30,16,17,REV,E2,E1,E11,E12,-74.852000,192.799000,OK
0,6,adjacent,100,30,16,18,FWD,E2,E3,E4,E5,50.195000,117.626000,OK
0,6,adjacent,100,30,16,19,REV,E3,E2,E4,E5,49.023000,231.662000,OK
0,6,adjacent,100,30,16,20,FWD,E2,E3,E5,E6,-127.320000,189.288000,OK
0,6,adjacent,100,30,16,21,REV,E3,E2,E5,E6,18.633000,207.881000,OK
0,6,adjacent,100,30,16,22,FWD,E2,E3,E6,E7,-49.859000,199.103000,OK
0,6,adjacent,100,30,16,23,REV,E3,E2,E6,E7,-49.547000,202.215000,OK
0,6,adjacent,100,30,16,24,FWD,E2,E3,E7,E8,-35.953000,201.816000,OK
0,6,adjacent,100,30,16,25,REV,E3,E2,E7,E8,-35.781000,202.375000,OK
0,6,adjacent,100,30,16,26,FWD,E2,E3,E8,E9,12.398000,202.215000,OK
0,6,adjacent,100,30,16,27,REV,E3,E2,E8,E9,12.773000,202.375000,OK
0,6,adjacent,100,30,16,28,FWD,E2,E3,E9,E10,17.742000,202.056000,OK
0,6,adjacent,100,30,16,29,REV,E3,E2,E9,E10,18.125000,201.976000,OK
0,6,adjacent,100,30,16,30,FWD,E2,E3,E10,E11,-66.703000,201.816000,OK
0,6,adjacent,100,30,16,31,REV,E3,E2,E10,E11,-69.805000,202.135000,OK
0,6,adjacent,100,30,16,32,FWD,E2,E3,E11,E12,-75.711000,201.976000,OK
0,6,adjacent,100,30,16,33,REV,E3,E2,E11,E12,-74.859000,202.215000,OK
0,6,adjacent,100,30,16,34,FWD,E2,E3,E12,E1,59.430000,202.933000,OK
0,6,adjacent,100,30,16,35,REV,E3,E2,E12,E1,60.500000,201.816000,OK
0,6,adjacent,100,30,16,36,FWD,E3,E4,E1,E2,23.734000,127.202000,OK
0,6,adjacent,100,30,16,37,REV,E4,E3,E1,E2,18.328000,236.051000,OK
0,6,adjacent,100,30,16,38,FWD,E3,E4,E5,E6,7.023000,195.033000,OK
0,6,adjacent,100,30,16,39,REV,E4,E3,E5,E6,8.578000,214.983000,OK
0,6,adjacent,100,30,16,40,FWD,E3,E4,E6,E7,-51.461000,204.609000,OK
0,6,adjacent,100,30,16,41,REV,E4,E3,E6,E7,-51.102000,210.594000,OK
0,6,adjacent,100,30,16,42,FWD,E3,E4,E7,E8,-38.523000,207.163000,OK
0,6,adjacent,100,30,16,43,REV,E4,E3,E7,E8,-38.344000,209.876000,OK
0,6,adjacent,100,30,16,44,FWD,E3,E4,E8,E9,13.422000,206.844000,OK
0,6,adjacent,100,30,16,45,REV,E4,E3,E8,E9,13.766000,208.998000,OK
0,6,adjacent,100,30,16,46,FWD,E3,E4,E9,E10,18.883000,207.881000,OK
0,6,adjacent,100,30,16,47,REV,E4,E3,E9,E10,19.172000,208.520000,OK
0,6,adjacent,100,30,16,48,FWD,E3,E4,E10,E11,-64.906000,207.881000,OK
0,6,adjacent,100,30,16,49,REV,E4,E3,E10,E11,-76.266000,209.796000,OK
0,6,adjacent,100,30,16,50,FWD,E3,E4,E11,E12,-75.875000,207.881000,OK
0,6,adjacent,100,30,16,51,REV,E4,E3,E11,E12,-82.563000,209.477000,OK
0,6,adjacent,100,30,16,52,FWD,E3,E4,E12,E1,65.070000,207.722000,OK
0,6,adjacent,100,30,16,53,REV,E4,E3,E12,E1,65.891000,208.679000,OK
0,6,adjacent,100,30,16,54,FWD,E4,E5,E1,E2,8.133000,74.135000,OK
0,6,adjacent,100,30,16,55,REV,E5,E4,E1,E2,8.680000,219.771000,OK
0,6,adjacent,100,30,16,56,FWD,E4,E5,E2,E3,0.727000,172.290000,OK
0,6,adjacent,100,30,16,57,REV,E5,E4,E2,E3,-1.273000,194.315000,OK
0,6,adjacent,100,30,16,58,FWD,E4,E5,E6,E7,-53.008000,181.866000,OK
0,6,adjacent,100,30,16,59,REV,E5,E4,E6,E7,-52.492000,190.325000,OK
0,6,adjacent,100,30,16,60,FWD,E4,E5,E7,E8,-40.852000,184.100000,OK
0,6,adjacent,100,30,16,61,REV,E5,E4,E7,E8,-40.641000,188.809000,OK
0,6,adjacent,100,30,16,62,FWD,E4,E5,E8,E9,14.516000,185.058000,OK
0,6,adjacent,100,30,16,63,REV,E5,E4,E8,E9,14.852000,189.128000,OK
0,6,adjacent,100,30,16,64,FWD,E4,E5,E9,E10,19.930000,186.574000,OK
0,6,adjacent,100,30,16,65,REV,E5,E4,E9,E10,20.164000,187.931000,OK
0,6,adjacent,100,30,16,66,FWD,E4,E5,E10,E11,-62.547000,186.574000,OK
0,6,adjacent,100,30,16,67,REV,E5,E4,E10,E11,-72.945000,187.771000,OK
0,6,adjacent,100,30,16,68,FWD,E4,E5,E11,E12,-73.141000,186.255000,OK
0,6,adjacent,100,30,16,69,REV,E5,E4,E11,E12,-80.922000,188.091000,OK
0,6,adjacent,100,30,16,70,FWD,E4,E5,E12,E1,70.836000,186.335000,OK
0,6,adjacent,100,30,16,71,REV,E5,E4,E12,E1,71.539000,188.330000,OK
0,6,adjacent,100,30,16,72,FWD,E5,E6,E1,E2,10.469000,48.758000,OK
0,6,adjacent,100,30,16,73,REV,E6,E5,E1,E2,10.875000,236.609000,OK
0,6,adjacent,100,30,16,74,FWD,E5,E6,E2,E3,0.250000,166.544000,OK
0,6,adjacent,100,30,16,75,REV,E6,E5,E2,E3,-1.805000,200.539000,OK
0,6,adjacent,100,30,16,76,FWD,E5,E6,E3,E4,-16.484000,181.467000,OK
0,6,adjacent,100,30,16,77,REV,E6,E5,E3,E4,-18.195000,195.113000,OK
0,6,adjacent,100,30,16,78,FWD,E5,E6,E7,E8,-43.000000,185.218000,OK
0,6,adjacent,100,30,16,79,REV,E6,E5,E7,E8,-42.469000,193.677000,OK
0,6,adjacent,100,30,16,80,FWD,E5,E6,E8,E9,15.594000,187.133000,OK
0,6,adjacent,100,30,16,81,REV,E6,E5,E8,E9,15.953000,192.719000,OK
0,6,adjacent,100,30,16,82,FWD,E5,E6,E9,E10,20.766000,187.771000,OK
0,6,adjacent,100,30,16,83,REV,E6,E5,E9,E10,20.969000,191.921000,OK
0,6,adjacent,100,30,16,84,FWD,E5,E6,E10,E11,-61.813000,189.208000,OK
0,6,adjacent,100,30,16,85,REV,E6,E5,E10,E11,-64.094000,190.485000,OK
0,6,adjacent,100,30,16,86,FWD,E5,E6,E11,E12,-67.008000,189.367000,OK
0,6,adjacent,100,30,16,87,REV,E6,E5,E11,E12,-67.672000,190.963000,OK
0,6,adjacent,100,30,16,88,FWD,E5,E6,E12,E1,76.078000,189.367000,OK
0,6,adjacent,100,30,16,89,REV,E6,E5,E12,E1,76.664000,191.682000,OK
0,6,adjacent,100,30,16,90,FWD,E6,E7,E1,E2,12.961000,123.851000,OK
0,6,adjacent,100,30,16,91,REV,E7,E6,E1,E2,13.406000,221.766000,OK
0,6,adjacent,100,30,16,92,FWD,E6,E7,E2,E3,54.695000,187.931000,OK
0,6,adjacent,100,30,16,93,REV,E7,E6,E2,E3,-78.836000,201.736000,OK
0,6,adjacent,100,30,16,94,FWD,E6,E7,E3,E4,-16.125000,195.352000,OK
0,6,adjacent,100,30,16,95,REV,E7,E6,E3,E4,-18.602000,198.385000,OK
0,6,adjacent,100,30,16,96,FWD,E6,E7,E4,E5,4.375000,196.470000,OK
0,6,adjacent,100,30,16,97,REV,E7,E6,E4,E5,3.547000,198.544000,OK
0,6,adjacent,100,30,16,98,FWD,E6,E7,E8,E9,16.422000,197.826000,OK
0,6,adjacent,100,30,16,99,REV,E7,E6,E8,E9,17.250000,198.305000,OK
0,6,adjacent,100,30,16,100,FWD,E6,E7,E9,E10,21.398000,198.385000,OK
0,6,adjacent,100,30,16,101,REV,E7,E6,E9,E10,21.727000,197.507000,OK
0,6,adjacent,100,30,16,102,FWD,E6,E7,E10,E11,-52.063000,197.906000,OK
0,6,adjacent,100,30,16,103,REV,E7,E6,E10,E11,-80.836000,197.507000,OK
0,6,adjacent,100,30,16,104,FWD,E6,E7,E11,E12,-57.500000,197.507000,OK
0,6,adjacent,100,30,16,105,REV,E7,E6,E11,E12,-86.594000,198.385000,OK
0,6,adjacent,100,30,16,106,FWD,E6,E7,E12,E1,80.656000,198.305000,OK
0,6,adjacent,100,30,16,107,REV,E7,E6,E12,E1,81.258000,199.103000,OK
0,6,adjacent,100,30,16,108,FWD,E7,E8,E1,E2,15.109000,130.235000,OK
0,6,adjacent,100,30,16,109,REV,E8,E7,E1,E2,15.578000,210.993000,OK
0,6,adjacent,100,30,16,110,FWD,E7,E8,E2,E3,-118.398000,189.527000,OK
0,6,adjacent,100,30,16,111,REV,E8,E7,E2,E3,19.406000,196.150000,OK
0,6,adjacent,100,30,16,112,FWD,E7,E8,E3,E4,45.859000,194.235000,OK
0,6,adjacent,100,30,16,113,REV,E8,E7,E3,E4,-78.734000,194.235000,OK
0,6,adjacent,100,30,16,114,FWD,E7,E8,E4,E5,7.250000,194.874000,OK
0,6,adjacent,100,30,16,115,REV,E8,E7,E4,E5,6.648000,194.714000,OK
0,6,adjacent,100,30,16,116,FWD,E7,E8,E5,E6,-25.711000,195.831000,OK
0,6,adjacent,100,30,16,117,REV,E8,E7,E5,E6,-26.062000,194.076000,OK
0,6,adjacent,100,30,16,118,FWD,E7,E8,E9,E10,21.812000,196.629000,OK
0,6,adjacent,100,30,16,119,REV,E8,E7,E9,E10,22.312000,193.597000,OK
0,6,adjacent,100,30,16,120,FWD,E7,E8,E10,E11,-79.336000,195.831000,OK
0,6,adjacent,100,30,16,121,REV,E8,E7,E10,E11,-61.648000,194.235000,OK
0,6,adjacent,100,30,16,122,FWD,E7,E8,E11,E12,-89.766000,195.352000,OK
0,6,adjacent,100,30,16,123,REV,E8,E7,E11,E12,-68.156000,194.874000,OK
0,6,adjacent,100,30,16,124,FWD,E7,E8,E12,E1,84.625000,196.709000,OK
0,6,adjacent,100,30,16,125,REV,E8,E7,E12,E1,85.109000,194.235000,OK
0,6,adjacent,100,30,16,126,FWD,E8,E9,E1,E2,17.281000,111.003000,OK
0,6,adjacent,100,30,16,127,REV,E9,E8,E1,E2,17.680000,237.806000,OK
0,6,adjacent,100,30,16,128,FWD,E8,E9,E2,E3,9.242000,189.766000,OK
0,6,adjacent,100,30,16,129,REV,E9,E8,E2,E3,9.313000,212.749000,OK
0,6,adjacent,100,30,16,130,FWD,E8,E9,E3,E4,-90.891000,198.864000,OK
0,6,adjacent,100,30,16,131,REV,E9,E8,E3,E4,41.516000,208.839000,OK
0,6,adjacent,100,30,16,132,FWD,E8,E9,E4,E5,9.320000,202.774000,OK
0,6,adjacent,100,30,16,133,REV,E9,E8,E4,E5,8.633000,207.642000,OK
0,6,adjacent,100,30,16,134,FWD,E8,E9,E5,E6,-17.930000,203.731000,OK
0,6,adjacent,100,30,16,135,REV,E9,E8,E5,E6,-18.492000,207.083000,OK
0,6,adjacent,100,30,16,136,FWD,E8,E9,E6,E7,-32.188000,202.933000,OK
0,6,adjacent,100,30,16,137,REV,E9,E8,E6,E7,-32.102000,206.764000,OK
0,6,adjacent,100,30,16,138,FWD,E8,E9,E10,E11,-67.117000,204.290000,OK
0,6,adjacent,100,30,16,139,REV,E9,E8,E10,E11,-67.047000,205.886000,OK
0,6,adjacent,100,30,16,140,FWD,E8,E9,E11,E12,-82.109000,204.849000,OK
0,6,adjacent,100,30,16,141,REV,E9,E8,E11,E12,-79.680000,206.525000,OK
0,6,adjacent,100,30,16,142,FWD,E8,E9,E12,E1,88.125000,205.008000,OK
0,6,adjacent,100,30,16,143,REV,E9,E8,E12,E1,88.664000,206.046000,OK
0,6,adjacent,100,30,16,144,FWD,E9,E10,E1,E2,18.883000,101.507000,OK
0,6,adjacent,100,30,16,145,REV,E10,E9,E1,E2,19.305000,257.038000,OK
0,6,adjacent,100,30,16,146,FWD,E9,E10,E2,E3,-1.133000,193.916000,OK
0,6,adjacent,100,30,16,147,REV,E10,E9,E2,E3,0.078000,226.235000,OK
0,6,adjacent,100,30,16,148,FWD,E9,E10,E3,E4,24.375000,207.722000,OK
0,6,adjacent,100,30,16,149,REV,E10,E9,E3,E4,24.758000,220.011000,OK
0,6,adjacent,100,30,16,150,FWD,E9,E10,E4,E5,11.195000,211.712000,OK
0,6,adjacent,100,30,16,151,REV,E10,E9,E4,E5,10.500000,218.574000,OK
0,6,adjacent,100,30,16,152,FWD,E9,E10,E5,E6,-12.500000,212.749000,OK
0,6,adjacent,100,30,16,153,REV,E10,E9,E5,E6,-13.086000,217.298000,OK
0,6,adjacent,100,30,16,154,FWD,E9,E10,E6,E7,-38.180000,213.387000,OK
0,6,adjacent,100,30,16,155,REV,E10,E9,E6,E7,-38.063000,216.739000,OK
0,6,adjacent,100,30,16,156,FWD,E9,E10,E7,E8,-14.938000,214.265000,OK
0,6,adjacent,100,30,16,157,REV,E10,E9,E7,E8,-14.883000,216.101000,OK
0,6,adjacent,100,30,16,158,FWD,E9,E10,E11,E12,-64.563000,215.063000,OK
0,6,adjacent,100,30,16,159,REV,E10,E9,E11,E12,-70.617000,217.058000,OK
0,6,adjacent,100,30,16,160,FWD,E9,E10,E12,E1,91.102000,214.345000,OK
0,6,adjacent,100,30,16,161,REV,E10,E9,E12,E1,91.695000,216.978000,OK
0,6,adjacent,100,30,16,162,FWD,E10,E11,E1,E2,20.367000,116.110000,OK
0,6,adjacent,100,30,16,163,REV,E11,E10,E1,E2,20.898000,245.787000,OK
0,6,adjacent,100,30,16,164,FWD,E10,E11,E2,E3,-3.633000,191.921000,OK
0,6,adjacent,100,30,16,165,REV,E11,E10,E2,E3,-2.047000,220.170000,OK
0,6,adjacent,100,30,16,166,FWD,E10,E11,E3,E4,12.695000,203.492000,OK
0,6,adjacent,100,30,16,167,REV,E11,E10,E3,E4,13.969000,215.702000,OK
0,6,adjacent,100,30,16,168,FWD,E10,E11,E4,E5,12.898000,207.083000,OK
0,6,adjacent,100,30,16,169,REV,E11,E10,E4,E5,11.797000,213.866000,OK
0,6,adjacent,100,30,16,170,FWD,E10,E11,E5,E6,-7.992000,208.200000,OK
0,6,adjacent,100,30,16,171,REV,E11,E10,E5,E6,-8.922000,212.829000,OK
0,6,adjacent,100,30,16,172,FWD,E10,E11,E6,E7,-41.938000,210.036000,OK
0,6,adjacent,100,30,16,173,REV,E11,E10,E6,E7,-41.703000,211.392000,OK
0,6,adjacent,100,30,16,174,FWD,E10,E11,E7,E8,-21.703000,210.195000,OK
0,6,adjacent,100,30,16,175,REV,E11,E10,E7,E8,-21.586000,212.669000,OK
0,6,adjacent,100,30,16,176,FWD,E10,E11,E8,E9,7.172000,210.195000,OK
0,6,adjacent,100,30,16,177,REV,E11,E10,E8,E9,8.656000,212.350000,OK
0,6,adjacent,100,30,16,178,FWD,E10,E11,E12,E1,94.070000,211.233000,OK
0,6,adjacent,100,30,16,179,REV,E11,E10,E12,E1,95.000000,211.951000,OK
0,6,adjacent,100,30,16,180,FWD,E11,E12,E1,E2,21.391000,181.467000,OK
0,6,adjacent,100,30,16,181,REV,E12,E11,E1,E2,22.203000,206.285000,OK
0,6,adjacent,100,30,16,182,FWD,E11,E12,E2,E3,-5.141000,212.430000,OK
0,6,adjacent,100,30,16,183,REV,E12,E11,E2,E3,-3.516000,200.779000,OK
0,6,adjacent,100,30,16,184,FWD,E11,E12,E3,E4,7.227000,213.946000,OK
0,6,adjacent,100,30,16,185,REV,E12,E11,E3,E4,8.359000,202.375000,OK
0,6,adjacent,100,30,16,186,FWD,E11,E12,E4,E5,14.633000,213.866000,OK
0,6,adjacent,100,30,16,187,REV,E12,E11,E4,E5,13.172000,202.534000,OK
0,6,adjacent,100,30,16,188,FWD,E11,E12,E5,E6,-4.312000,214.026000,OK
0,6,adjacent,100,30,16,189,REV,E12,E11,E5,E6,-5.312000,203.013000,OK
0,6,adjacent,100,30,16,190,FWD,E11,E12,E6,E7,-44.742000,212.510000,OK
0,6,adjacent,100,30,16,191,REV,E12,E11,E6,E7,-44.625000,203.652000,OK
0,6,adjacent,100,30,16,192,FWD,E11,E12,E7,E8,-26.195000,212.589000,OK
0,6,adjacent,100,30,16,193,REV,E12,E11,E7,E8,-26.187000,205.248000,OK
0,6,adjacent,100,30,16,194,FWD,E11,E12,E8,E9,9.930000,212.909000,OK
0,6,adjacent,100,30,16,195,REV,E12,E11,E8,E9,10.328000,205.248000,OK
0,6,adjacent,100,30,16,196,FWD,E11,E12,E9,E10,14.141000,213.148000,OK
0,6,adjacent,100,30,16,197,REV,E12,E11,E9,E10,14.695000,204.928000,OK
0,6,adjacent,100,30,16,198,FWD,E12,E1,E2,E3,-5.656000,91.771000,OK
0,6,adjacent,100,30,16,199,REV,E1,E12,E2,E3,-3.914000,242.914000,OK
0,6,adjacent,100,30,16,200,FWD,E12,E1,E3,E4,3.555000,182.744000,OK
0,6,adjacent,100,30,16,201,REV,E1,E12,E3,E4,4.961000,213.946000,OK
0,6,adjacent,100,30,16,202,FWD,E12,E1,E4,E5,38.039000,195.273000,OK
0,6,adjacent,100,30,16,203,REV,E1,E12,E4,E5,-93.734000,208.520000,OK
0,6,adjacent,100,30,16,204,FWD,E12,E1,E5,E6,-1.359000,199.263000,OK
0,6,adjacent,100,30,16,205,REV,E1,E12,E5,E6,-2.789000,206.844000,OK
0,6,adjacent,100,30,16,206,FWD,E12,E1,E6,E7,-46.867000,200.539000,OK
0,6,adjacent,100,30,16,207,REV,E1,E12,E6,E7,-46.719000,205.168000,OK
0,6,adjacent,100,30,16,208,FWD,E12,E1,E7,E8,-29.539000,201.337000,OK
0,6,adjacent,100,30,16,209,REV,E1,E12,E7,E8,-29.508000,204.928000,OK
0,6,adjacent,100,30,16,210,FWD,E12,E1,E8,E9,10.492000,200.699000,OK
0,6,adjacent,100,30,16,211,REV,E1,E12,E8,E9,10.844000,205.168000,OK
0,6,adjacent,100,30,16,212,FWD,E12,E1,E9,E10,15.273000,202.135000,OK
0,6,adjacent,100,30,16,213,REV,E1,E12,E9,E10,15.703000,204.689000,OK
0,6,adjacent,100,30,16,214,FWD,E12,E1,E10,E11,-67.531000,201.657000,OK
0,6,adjacent,100,30,16,215,REV,E1,E12,E10,E11,-73.859000,204.769000,OK
1,7,adjacent,100,30,16,0,FWD,E1,E2,E3,E4,0.812000,69.187000,OK
1,7,adjacent,100,30,16,1,REV,E2,E1,E3,E4,2.250000,232.380000,OK
1,7,adjacent,100,30,16,2,FWD,E1,E2,E4,E5,-86.289000,170.854000,OK
1,7,adjacent,100,30,16,3,REV,E2,E1,E4,E5,44.875000,202.215000,OK
1,7,adjacent,100,30,16,4,FWD,E1,E2,E5,E6,19.555000,184.340000,OK
1,7,adjacent,100,30,16,5,REV,E2,E1,E5,E6,-113.438000,196.789000,OK
1,7,adjacent,100,30,16,6,FWD,E1,E2,E6,E7,-48.688000,187.053000,OK
1,7,adjacent,100,30,16,7,REV,E2,E1,E6,E7,-48.547000,194.634000,OK
1,7,adjacent,100,30,16,8,FWD,E1,E2,E7,E8,-32.469000,189.447000,OK
1,7,adjacent,100,30,16,9,REV,E2,E1,E7,E8,-32.344000,192.958000,OK
1,7,adjacent,100,30,16,10,FWD,E1,E2,E8,E9,11.211000,190.564000,OK
1,7,adjacent,100,30,16,11,REV,E2,E1,E8,E9,11.539000,193.278000,OK
1,7,adjacent,100,30,16,12,FWD,E1,E2,E9,E10,16.742000,190.564000,OK
1,7,adjacent,100,30,16,13,REV,E2,E1,E9,E10,17.078000,192.958000,OK
1,7,adjacent,100,30,16,14,FWD,E1,E2,E10,E11,-60.648000,190.564000,OK
1,7,adjacent,100,30,16,15,REV,E2,E1,E10,E11,-68.375000,192.879000,OK
1,7,adjacent,100,30,16,16,FWD,E1,E2,E11,E12,-66.563000,190.724000,OK
1,7,adjacent,100,30,16,17,REV,E2,E1,E11,E12,-71.539000,192.799000,OK
1,7,adjacent,100,30,16,18,FWD,E2,E3,E4,E5,49.859000,117.068000,OK
1,7,adjacent,100,30,16,19,REV,E3,E2,E4,E5,48.750000,230.864000,OK
1,7,adjacent,100,30,16,20,FWD,E2,E3,E5,E6,-127.570000,189.926000,OK
1,7,adjacent,100,30,16,21,REV,E3,E2,E5,E6,18.641000,208.679000,OK
1,7,adjacent,100,30,16,22,FWD,E2,E3,E6,E7,-50.367000,198.704000,OK
1,7,adjacent,100,30,16,23,REV,E3,E2,E6,E7,-50.070000,203.811000,OK
1,7,adjacent,100,30,16,24,FWD,E2,E3,E7,E8,-34.992000,201.417000,OK
1,7,adjacent,100,30,16,25,REV,E3,E2,E7,E8,-34.859000,202.854000,OK
1,7,adjacent,100,30,16,26,FWD,E2,E3,E8,E9,12.031000,202.056000,OK
1,7,adjacent,100,30,16,27,REV,E3,E2,E8,E9,12.406000,201.178000,OK
1,7,adjacent,100,30,16,28,FWD,E2,E3,E9,E10,18.016000,203.332000,OK
1,7,adjacent,100,30,16,29,REV,E3,E2,E9,E10,18.398000,202.534000,OK
1,7,adjacent,100,30,16,30,FWD,E2,E3,E10,E11,-64.086000,201.976000,OK
1,7,adjacent,100,30,16,31,REV,E3,E2,E10,E11,-66.961000,201.976000,OK
1,7,adjacent,100,30,16,32,FWD,E2,E3,E11,E12,-71.633000,202.215000,OK
1,7,adjacent,100,30,16,33,REV,E3,E2,E11,E12,-71.313000,201.736000,OK
1,7,adjacent,100,30,16,34,FWD,E2,E3,E12,E1,59.469000,202.694000,OK
1,7,adjacent,100,30,16,35,REV,E3,E2,E12,E1,60.555000,202.056000,OK
1,7,adjacent,100,30,16,36,FWD,E3,E4,E1,E2,23.852000,126.085000,OK
1,7,adjacent,100,30,16,37,REV,E4,E3,E1,E2,18.398000,237.248000,OK
1,7,adjacent,100,30,16,38,FWD,E3,E4,E5,E6,6.906000,196.230000,OK
1,7,adjacent,100,30,16,39,REV,E4,E3,E5,E6,8.508000,214.983000,OK
1,7,adjacent,100,30,16,40,FWD,E3,E4,E6,E7,-52.055000,203.971000,OK
1,7,adjacent,100,30,16,41,REV,E4,E3,E6,E7,-51.734000,211.153000,OK
1,7,adjacent,100,30,16,42,FWD,E3,E4,E7,E8,-37.625000,206.764000,OK
1,7,adjacent,100,30,16,43,REV,E4,E3,E7,E8,-37.430000,209.796000,OK
1,7,adjacent,100,30,16,44,FWD,E3,E4,E8,E9,13.133000,208.121000,OK
1,7,adjacent,100,30,16,45,REV,E4,E3,E8,E9,13.469000,208.919000,OK
1,7,adjacent,100,30,16,46,FWD,E3,E4,E9,E10,19.180000,208.360000,OK
1,7,adjacent,100,30,16,47,REV,E4,E3,E9,E10,19.453000,209.078000,OK
1,7,adjacent,100,30,16,48,FWD,E3,E4,E10,E11,-64.242000,207.801000,OK
1,7,adjacent,100,30,16,49,REV,E4,E3,E10,E11,-75.383000,209.637000,OK
1,7,adjacent,100,30,16,50,FWD,E3,E4,E11,E12,-73.906000,207.163000,OK
1,7,adjacent,100,30,16,51,REV,E4,E3,E11,E12,-80.547000,209.477000,OK
1,7,adjacent,100,30,16,52,FWD,E3,E4,E12,E1,65.078000,208.440000,OK
1,7,adjacent,100,30,16,53,REV,E4,E3,E12,E1,65.930000,209.397000,OK
1,7,adjacent,100,30,16,54,FWD,E4,E5,E1,E2,8.070000,73.896000,OK
1,7,adjacent,100,30,16,55,REV,E5,E4,E1,E2,8.594000,219.931000,OK
1,7,adjacent,100,30,16,56,FWD,E4,E5,E2,E3,0.070000,172.290000,OK
1,7,adjacent,100,30,16,57,REV,E5,E4,E2,E3,-1.906000,194.235000,OK
1,7,adjacent,100,30,16,58,FWD,E4,E5,E6,E7,-53.500000,180.988000,OK
1,7,adjacent,100,30,16,59,REV,E5,E4,E6,E7,-52.977000,190.564000,OK
1,7,adjacent,100,30,16,60,FWD,E4,E5,E7,E8,-39.992000,184.180000,OK
1,7,adjacent,100,30,16,61,REV,E5,E4,E7,E8,-39.758000,188.889000,OK
1,7,adjacent,100,30,16,62,FWD,E4,E5,E8,E9,14.195000,186.335000,OK
1,7,adjacent,100,30,16,63,REV,E5,E4,E8,E9,14.508000,188.569000,OK
1,7,adjacent,100,30,16,64,FWD,E4,E5,E9,E10,20.016000,185.856000,OK
1,7,adjacent,100,30,16,65,REV,E5,E4,E9,E10,20.242000,188.170000,OK
1,7,adjacent,100,30,16,66,FWD,E4,E5,E10,E11,-61.305000,185.776000,OK
1,7,adjacent,100,30,16,67,REV,E5,E4,E10,E11,-73.102000,187.612000,OK
1,7,adjacent,100,30,16,68,FWD,E4,E5,E11,E12,-71.711000,186.175000,OK
1,7,adjacent,100,30,16,69,REV,E5,E4,E11,E12,-80.391000,188.809000,OK
1,7,adjacent,100,30,16,70,FWD,E4,E5,E12,E1,70.898000,186.894000,OK
1,7,adjacent,100,30,16,71,REV,E5,E4,E12,E1,71.586000,188.330000,OK
1,7,adjacent,100,30,16,72,FWD,E5,E6,E1,E2,10.320000,48.998000,OK
1,7,adjacent,100,30,16,73,REV,E6,E5,E1,E2,10.742000,235.013000,OK
1,7,adjacent,100,30,16,74,FWD,E5,E6,E2,E3,-0.312000,166.225000,OK
1,7,adjacent,100,30,16,75,REV,E6,E5,E2,E3,-2.328000,201.577000,OK
1,7,adjacent,100,30,16,76,FWD,E5,E6,E3,E4,-16.422000,181.387000,OK
1,7,adjacent,100,30,16,77,REV,E6,E5,E3,E4,-18.156000,196.230000,OK
1,7,adjacent,100,30,16,78,FWD,E5,E6,E7,E8,-42.133000,185.537000,OK
1,7,adjacent,100,30,16,79,REV,E6,E5,E7,E8,-41.602000,193.996000,OK
1,7,adjacent,100,30,16,80,FWD,E5,E6,E8,E9,15.219000,187.452000,OK
1,7,adjacent,100,30,16,81,REV,E6,E5,E8,E9,15.609000,191.522000,OK
1,7,adjacent,100,30,16,82,FWD,E5,E6,E9,E10,20.672000,187.931000,OK
1,7,adjacent,100,30,16,83,REV,E6,E5,E9,E10,20.859000,191.522000,OK
1,7,adjacent,100,30,16,84,FWD,E5,E6,E10,E11,-60.828000,188.410000,OK
1,7,adjacent,100,30,16,85,REV,E6,E5,E10,E11,-62.914000,191.682000,OK
1,7,adjacent,100,30,16,86,FWD,E5,E6,E11,E12,-65.617000,189.527000,OK
1,7,adjacent,100,30,16,87,REV,E6,E5,E11,E12,-66.820000,191.841000,OK
1,7,adjacent,100,30,16,88,FWD,E5,E6,E12,E1,76.148000,188.809000,OK
1,7,adjacent,100,30,16,89,REV,E6,E5,E12,E1,76.711000,191.761000,OK
1,7,adjacent,100,30,16,90,FWD,E6,E7,E1,E2,12.727000,123.452000,OK
1,7,adjacent,100,30,16,91,REV,E7,E6,E1,E2,13.164000,219.931000,OK
1,7,adjacent,100,30,16,92,FWD,E6,E7,E2,E3,54.602000,187.452000,OK
1,7,adjacent,100,30,16,93,REV,E7,E6,E2,E3,-79.063000,201.657000,OK
1,7,adjacent,100,30,16,94,FWD,E6,E7,E3,E4,-16.070000,195.672000,OK
1,7,adjacent,100,30,16,95,REV,E7,E6,E3,E4,-18.578000,199.103000,OK
1,7,adjacent,100,30,16,96,FWD,E6,E7,E4,E5,4.297000,196.869000,OK
1,7,adjacent,100,30,16,97,REV,E7,E6,E4,E5,3.547000,198.465000,OK
1,7,adjacent,100,30,16,98,FWD,E6,E7,E8,E9,16.086000,196.709000,OK
1,7,adjacent,100,30,16,99,REV,E7,E6,E8,E9,16.844000,197.587000,OK
1,7,adjacent,100,30,16,100,FWD,E6,E7,E9,E10,21.227000,197.746000,OK
1,7,adjacent,100,30,16,101,REV,E7,E6,E9,E10,21.539000,197.986000,OK
1,7,adjacent,100,30,16,102,FWD,E6,E7,E10,E11,-50.359000,197.826000,OK
1,7,adjacent,100,30,16,103,REV,E7,E6,E10,E11,-80.063000,198.305000,OK
1,7,adjacent,100,30,16,104,FWD,E6,E7,E11,E12,-57.359000,198.385000,OK
1,7,adjacent,100,30,16,105,REV,E7,E6,E11,E12,-85.000000,198.225000,OK
1,7,adjacent,100,30,16,106,FWD,E6,E7,E12,E1,80.758000,197.188000,OK
1,7,adjacent,100,30,16,107,REV,E7,E6,E12,E1,81.297000,197.587000,OK
1,7,adjacent,100,30,16,108,FWD,E7,E8,E1,E2,14.820000,129.198000,OK
1,7,adjacent,100,30,16,109,REV,E8,E7,E1,E2,15.313000,211.073000,OK
1,7,adjacent,100,30,16,110,FWD,E7,E8,E2,E3,-118.383000,190.006000,OK
1,7,adjacent,100,30,16,111,REV,E8,E7,E2,E3,19.602000,196.390000,OK
1,7,adjacent,100,30,16,112,FWD,E7,E8,E3,E4,45.656000,194.874000,OK
1,7,adjacent,100,30,16,113,REV,E8,E7,E3,E4,-79.039000,195.113000,OK
1,7,adjacent,100,30,16,114,FWD,E7,E8,E4,E5,7.172000,194.714000,OK
1,7,adjacent,100,30,16,115,REV,E8,E7,E4,E5,6.516000,193.836000,OK
1,7,adjacent,100,30,16,116,FWD,E7,E8,E5,E6,-25.961000,195.352000,OK
1,7,adjacent,100,30,16,117,REV,E8,E7,E5,E6,-26.344000,194.475000,OK
1,7,adjacent,100,30,16,118,FWD,E7,E8,E9,E10,21.719000,196.390000,OK
1,7,adjacent,100,30,16,119,REV,E8,E7,E9,E10,22.250000,193.916000,OK
1,7,adjacent,100,30,16,120,FWD,E7,E8,E10,E11,-78.914000,196.470000,OK
1,7,adjacent,100,30,16,121,REV,E8,E7,E10,E11,-62.539000,194.395000,OK
1,7,adjacent,100,30,16,122,FWD,E7,E8,E11,E12,-89.594000,195.592000,OK
1,7,adjacent,100,30,16,123,REV,E8,E7,E11,E12,-66.008000,195.033000,OK
1,7,adjacent,100,30,16,124,FWD,E7,E8,E12,E1,84.688000,195.352000,OK
1,7,adjacent,100,30,16,125,REV,E8,E7,E12,E1,85.148000,194.076000,OK
1,7,adjacent,100,30,16,126,FWD,E8,E9,E1,E2,16.914000,111.163000,OK
1,7,adjacent,100,30,16,127,REV,E9,E8,E1,E2,17.344000,237.966000,OK
1,7,adjacent,100,30,16,128,FWD,E8,E9,E2,E3,9.422000,190.644000,OK
1,7,adjacent,100,30,16,129,REV,E9,E8,E2,E3,9.578000,212.111000,OK
1,7,adjacent,100,30,16,130,FWD,E8,E9,E3,E4,-91.297000,200.300000,OK
1,7,adjacent,100,30,16,131,REV,E9,E8,E3,E4,41.305000,208.759000,OK
1,7,adjacent,100,30,16,132,FWD,E8,E9,E4,E5,9.320000,201.018000,OK
1,7,adjacent,100,30,16,133,REV,E9,E8,E4,E5,8.570000,207.482000,OK
1,7,adjacent,100,30,16,134,FWD,E8,E9,E5,E6,-18.242000,203.412000,OK
1,7,adjacent,100,30,16,135,REV,E9,E8,E5,E6,-18.781000,207.562000,OK
1,7,adjacent,100,30,16,136,FWD,E8,E9,E6,E7,-32.008000,203.971000,OK
1,7,adjacent,100,30,16,137,REV,E9,E8,E6,E7,-31.828000,206.764000,OK
1,7,adjacent,100,30,16,138,FWD,E8,E9,E10,E11,-64.500000,204.529000,OK
1,7,adjacent,100,30,16,139,REV,E9,E8,E10,E11,-66.313000,206.126000,OK
1,7,adjacent,100,30,16,140,FWD,E8,E9,E11,E12,-82.625000,204.529000,OK
1,7,adjacent,100,30,16,141,REV,E9,E8,E11,E12,-76.977000,206.924000,OK
1,7,adjacent,100,30,16,142,FWD,E8,E9,E12,E1,88.203000,204.051000,OK
1,7,adjacent,100,30,16,143,REV,E9,E8,E12,E1,88.734000,206.365000,OK
1,7,adjacent,100,30,16,144,FWD,E9,E10,E1,E2,18.578000,102.464000,OK
1,7,adjacent,100,30,16,145,REV,E10,E9,E1,E2,18.961000,256.161000,OK
1,7,adjacent,100,30,16,146,FWD,E9,E10,E2,E3,-0.984000,194.953000,OK
1,7,adjacent,100,30,16,147,REV,E10,E9,E2,E3,0.250000,226.395000,OK
1,7,adjacent,100,30,16,148,FWD,E9,E10,E3,E4,24.156000,207.722000,OK
1,7,adjacent,100,30,16,149,REV,E10,E9,E3,E4,24.531000,220.170000,OK
1,7,adjacent,100,30,16,150,FWD,E9,E10,E4,E5,11.195000,210.674000,OK
1,7,adjacent,100,30,16,151,REV,E10,E9,E4,E5,10.422000,218.734000,OK
1,7,adjacent,100,30,16,152,FWD,E9,E10,E5,E6,-12.781000,213.068000,OK
1,7,adjacent,100,30,16,153,REV,E10,E9,E5,E6,-13.359000,217.537000,OK
1,7,adjacent,100,30,16,154,FWD,E9,E10,E6,E7,-38.000000,214.106000,OK
1,7,adjacent,100,30,16,155,REV,E10,E9,E6,E7,-37.898000,215.861000,OK
1,7,adjacent,100,30,16,156,FWD,E9,E10,E7,E8,-14.922000,214.584000,OK
1,7,adjacent,100,30,16,157,REV,E10,E9,E7,E8,-14.859000,217.058000,OK
1,7,adjacent,100,30,16,158,FWD,E9,E10,E11,E12,-62.602000,214.664000,OK
1,7,adjacent,100,30,16,159,REV,E10,E9,E11,E12,-70.242000,217.058000,OK
1,7,adjacent,100,30,16,160,FWD,E9,E10,E12,E1,91.172000,214.904000,OK
1,7,adjacent,100,30,16,161,REV,E10,E9,E12,E1,91.773000,216.978000,OK
1,7,adjacent,100,30,16,162,FWD,E10,E11,E1,E2,20.016000,116.509000,OK
1,7,adjacent,100,30,16,163,REV,E11,E10,E1,E2,20.539000,245.627000,OK
1,7,adjacent,100,30,16,164,FWD,E10,E11,E2,E3,-3.430000,191.921000,OK
1,7,adjacent,100,30,16,165,REV,E11,E10,E2,E3,-1.859000,220.729000,OK
1,7,adjacent,100,30,16,166,FWD,E10,E11,E3,E4,12.492000,203.013000,OK
1,7,adjacent,100,30,16,167,REV,E11,E10,E3,E4,13.789000,215.702000,OK
1,7,adjacent,100,30,16,168,FWD,E10,E11,E4,E5,12.898000,206.764000,OK
1,7,adjacent,100,30,16,169,REV,E11,E10,E4,E5,11.773000,214.425000,OK
1,7,adjacent,100,30,16,170,FWD,E10,E11,E5,E6,-8.352000,208.360000,OK
1,7,adjacent,100,30,16,171,REV,E11,E10,E5,E6,-9.211000,212.589000,OK
1,7,adjacent,100,30,16,172,FWD,E10,E11,E6,E7,-41.688000,209.956000,OK
1,7,adjacent,100,30,16,173,REV,E11,E10,E6,E7,-41.555000,211.791000,OK
1,7,adjacent,100,30,16,174,FWD,E10,E11,E7,E8,-21.680000,210.594000,OK
1,7,adjacent,100,30,16,175,REV,E11,E10,E7,E8,-21.508000,212.589000,OK
1,7,adjacent,100,30,16,176,FWD,E10,E11,E8,E9,6.922000,209.796000,OK
1,7,adjacent,100,30,16,177,REV,E11,E10,E8,E9,8.414000,212.430000,OK
1,7,adjacent,100,30,16,178,FWD,E10,E11,E12,E1,94.164000,211.153000,OK
1,7,adjacent,100,30,16,179,REV,E11,E10,E12,E1,95.109000,211.791000,OK
1,7,adjacent,100,30,16,180,FWD,E11,E12,E1,E2,20.992000,180.589000,OK
1,7,adjacent,100,30,16,181,REV,E12,E11,E1,E2,21.820000,206.126000,OK
1,7,adjacent,100,30,16,182,FWD,E11,E12,E2,E3,-4.898000,212.669000,OK
1,7,adjacent,100,30,16,183,REV,E12,E11,E2,E3,-3.273000,200.539000,OK
1,7,adjacent,100,30,16,184,FWD,E11,E12,E3,E4,7.062000,213.786000,OK
1,7,adjacent,100,30,16,185,REV,E12,E11,E3,E4,8.258000,202.375000,OK
1,7,adjacent,100,30,16,186,FWD,E11,E12,E4,E5,14.648000,213.946000,OK
1,7,adjacent,100,30,16,187,REV,E12,E11,E4,E5,13.125000,202.854000,OK
1,7,adjacent,100,30,16,188,FWD,E11,E12,E5,E6,-4.633000,213.467000,OK
1,7,adjacent,100,30,16,189,REV,E12,E11,E5,E6,-5.742000,202.534000,OK
1,7,adjacent,100,30,16,190,FWD,E11,E12,E6,E7,-44.484000,212.589000,OK
1,7,adjacent,100,30,16,191,REV,E12,E11,E6,E7,-44.414000,203.971000,OK
1,7,adjacent,100,30,16,192,FWD,E11,E12,E7,E8,-26.141000,213.068000,OK
1,7,adjacent,100,30,16,193,REV,E12,E11,E7,E8,-26.125000,205.168000,OK
1,7,adjacent,100,30,16,194,FWD,E11,E12,E8,E9,9.641000,212.270000,OK
1,7,adjacent,100,30,16,195,REV,E12,E11,E8,E9,10.055000,205.806000,OK
1,7,adjacent,100,30,16,196,FWD,E11,E12,E9,E10,14.000000,212.909000,OK
1,7,adjacent,100,30,16,197,REV,E12,E11,E9,E10,14.570000,205.008000,OK
1,7,adjacent,100,30,16,198,FWD,E12,E1,E2,E3,-5.391000,91.133000,OK
1,7,adjacent,100,30,16,199,REV,E1,E12,E2,E3,-3.625000,242.515000,OK
1,7,adjacent,100,30,16,200,FWD,E12,E1,E3,E4,3.469000,182.983000,OK
1,7,adjacent,100,30,16,201,REV,E1,E12,E3,E4,4.898000,214.106000,OK
1,7,adjacent,100,30,16,202,FWD,E12,E1,E4,E5,37.867000,195.991000,OK
1,7,adjacent,100,30,16,203,REV,E1,E12,E4,E5,-93.953000,208.919000,OK
1,7,adjacent,100,30,16,204,FWD,E12,E1,E5,E6,-1.766000,198.704000,OK
1,7,adjacent,100,30,16,205,REV,E1,E12,E5,E6,-3.141000,206.844000,OK
1,7,adjacent,100,30,16,206,FWD,E12,E1,E6,E7,-46.570000,200.380000,OK
1,7,adjacent,100,30,16,207,REV,E1,E12,E6,E7,-46.398000,204.290000,OK
1,7,adjacent,100,30,16,208,FWD,E12,E1,E7,E8,-29.500000,201.337000,OK
1,7,adjacent,100,30,16,209,REV,E1,E12,E7,E8,-29.469000,205.886000,OK
1,7,adjacent,100,30,16,210,FWD,E12,E1,E8,E9,10.156000,201.577000,OK
1,7,adjacent,100,30,16,211,REV,E1,E12,E8,E9,10.500000,205.647000,OK
1,7,adjacent,100,30,16,212,FWD,E12,E1,E9,E10,15.148000,201.497000,OK
1,7,adjacent,100,30,16,213,REV,E1,E12,E9,E10,15.563000,204.849000,OK
1,7,adjacent,100,30,16,214,FWD,E12,E1,E10,E11,-65.922000,201.497000,OK
1,7,adjacent,100,30,16,215,REV,E1,E12,E10,E11,-72.039000,204.130000,OK
2,8,adjacent,100,30,16,0,FWD,E1,E2,E3,E4,0.805000,68.070000,OK
2,8,adjacent,100,30,16,1,REV,E2,E1,E3,E4,2.195000,232.220000,OK
2,8,adjacent,100,30,16,2,FWD,E1,E2,E4,E5,-86.609000,171.173000,OK
2,8,adjacent,100,30,16,3,REV,E2,E1,E4,E5,44.570000,201.417000,OK
2,8,adjacent,100,30,16,4,FWD,E1,E2,E5,E6,19.172000,184.659000,OK
2,8,adjacent,100,30,16,5,REV,E2,E1,E5,E6,-113.844000,196.869000,OK
2,8,adjacent,100,30,16,6,FWD,E1,E2,E6,E7,-48.430000,187.133000,OK
2,8,adjacent,100,30,16,7,REV,E2,E1,E6,E7,-48.219000,194.714000,OK
2,8,adjacent,100,30,16,8,FWD,E1,E2,E7,E8,-32.414000,188.968000,OK
2,8,adjacent,100,30,16,9,REV,E2,E1,E7,E8,-32.313000,193.357000,OK
2,8,adjacent,100,30,16,10,FWD,E1,E2,E8,E9,10.883000,189.926000,OK
2,8,adjacent,100,30,16,11,REV,E2,E1,E8,E9,11.250000,192.958000,OK
2,8,adjacent,100,30,16,12,FWD,E1,E2,E9,E10,16.570000,191.283000,OK
2,8,adjacent,100,30,16,13,REV,E2,E1,E9,E10,16.914000,193.517000,OK
2,8,adjacent,100,30,16,14,FWD,E1,E2,E10,E11,-62.359000,190.804000,OK
2,8,adjacent,100,30,16,15,REV,E2,E1,E10,E11,-66.961000,193.038000,OK
2,8,adjacent,100,30,16,16,FWD,E1,E2,E11,E12,-65.352000,190.724000,OK
2,8,adjacent,100,30,16,17,REV,E2,E1,E11,E12,-71.125000,192.400000,OK
2,8,adjacent,100,30,16,18,FWD,E2,E3,E4,E5,49.609000,116.509000,OK
2,8,adjacent,100,30,16,19,REV,E3,E2,E4,E5,48.484000,231.582000,OK
2,8,adjacent,100,30,16,20,FWD,E2,E3,E5,E6,-127.719000,190.644000,OK
2,8,adjacent,100,30,16,21,REV,E3,E2,E5,E6,18.562000,208.200000,OK
2,8,adjacent,100,30,16,22,FWD,E2,E3,E6,E7,-50.063000,200.061000,OK
2,8,adjacent,100,30,16,23,REV,E3,E2,E6,E7,-49.703000,203.811000,OK
2,8,adjacent,100,30,16,24,FWD,E2,E3,E7,E8,-34.992000,200.380000,OK
2,8,adjacent,100,30,16,25,REV,E3,E2,E7,E8,-34.836000,203.253000,OK
2,8,adjacent,100,30,16,26,FWD,E2,E3,E8,E9,11.695000,201.976000,OK
2,8,adjacent,100,30,16,27,REV,E3,E2,E8,E9,12.102000,201.417000,OK
2,8,adjacent,100,30,16,28,FWD,E2,E3,E9,E10,17.844000,202.295000,OK
2,8,adjacent,100,30,16,29,REV,E3,E2,E9,E10,18.227000,202.694000,OK
2,8,adjacent,100,30,16,30,FWD,E2,E3,E10,E11,-63.648000,203.412000,OK
2,8,adjacent,100,30,16,31,REV,E3,E2,E10,E11,-67.719000,201.736000,OK
2,8,adjacent,100,30,16,32,FWD,E2,E3,E11,E12,-73.891000,202.933000,OK
2,8,adjacent,100,30,16,33,REV,E3,E2,E11,E12,-72.602000,202.614000,OK
2,8,adjacent,100,30,16,34,FWD,E2,E3,E12,E1,59.328000,201.337000,OK
2,8,adjacent,100,30,16,35,REV,E3,E2,E12,E1,60.398000,202.295000,OK
2,8,adjacent,100,30,16,36,FWD,E3,E4,E1,E2,24.039000,126.245000,OK
2,8,adjacent,100,30,16,37,REV,E4,E3,E1,E2,18.570000,237.248000,OK
2,8,adjacent,100,30,16,38,FWD,E3,E4,E5,E6,6.891000,196.071000,OK
2,8,adjacent,100,30,16,39,REV,E4,E3,E5,E6,8.469000,215.303000,OK
2,8,adjacent,100,30,16,40,FWD,E3,E4,E6,E7,-51.531000,204.928000,OK
2,8,adjacent,100,30,16,41,REV,E4,E3,E6,E7,-51.281000,210.674000,OK
2,8,adjacent,100,30,16,42,FWD,E3,E4,E7,E8,-37.641000,206.604000,OK
2,8,adjacent,100,30,16,43,REV,E4,E3,E7,E8,-37.461000,210.036000,OK
2,8,adjacent,100,30,16,44,FWD,E3,E4,E8,E9,12.750000,207.083000,OK
2,8,adjacent,100,30,16,45,REV,E4,E3,E8,E9,13.125000,209.477000,OK
2,8,adjacent,100,30,16,46,FWD,E3,E4,E9,E10,19.141000,208.679000,OK
2,8,adjacent,100,30,16,47,REV,E4,E3,E9,E10,19.492000,209.318000,OK
2,8,adjacent,100,30,16,48,FWD,E3,E4,E10,E11,-63.305000,208.200000,OK
2,8,adjacent,100,30,16,49,REV,E4,E3,E10,E11,-73.875000,209.158000,OK
2,8,adjacent,100,30,16,50,FWD,E3,E4,E11,E12,-71.938000,208.440000,OK
2,8,adjacent,100,30,16,51,REV,E4,E3,E11,E12,-80.445000,209.078000,OK
2,8,adjacent,100,30,16,52,FWD,E3,E4,E12,E1,65.016000,207.402000,OK
2,8,adjacent,100,30,16,53,REV,E4,E3,E12,E1,65.844000,210.195000,OK
2,8,adjacent,100,30,16,54,FWD,E4,E5,E1,E2,8.133000,74.853000,OK
2,8,adjacent,100,30,16,55,REV,E5,E4,E1,E2,8.656000,220.250000,OK
2,8,adjacent,100,30,16,56,FWD,E4,E5,E2,E3,0.242000,172.769000,OK
2,8,adjacent,100,30,16,57,REV,E5,E4,E2,E3,-1.734000,194.315000,OK
2,8,adjacent,100,30,16,58,FWD,E4,E5,E6,E7,-53.086000,181.706000,OK
2,8,adjacent,100,30,16,59,REV,E5,E4,E6,E7,-52.469000,190.644000,OK
2,8,adjacent,100,30,16,60,FWD,E4,E5,E7,E8,-40.000000,184.100000,OK
2,8,adjacent,100,30,16,61,REV,E5,E4,E7,E8,-39.797000,189.367000,OK
2,8,adjacent,100,30,16,62,FWD,E4,E5,E8,E9,13.883000,185.776000,OK
2,8,adjacent,100,30,16,63,REV,E5,E4,E8,E9,14.203000,189.447000,OK
2,8,adjacent,100,30,16,64,FWD,E4,E5,E9,E10,20.203000,186.415000,OK
2,8,adjacent,100,30,16,65,REV,E5,E4,E9,E10,20.461000,188.170000,OK
2,8,adjacent,100,30,16,66,FWD,E4,E5,E10,E11,-63.203000,186.415000,OK
2,8,adjacent,100,30,16,67,REV,E5,E4,E10,E11,-71.953000,188.170000,OK
2,8,adjacent,100,30,16,68,FWD,E4,E5,E11,E12,-70.063000,186.574000,OK
2,8,adjacent,100,30,16,69,REV,E5,E4,E11,E12,-78.328000,188.091000,OK
2,8,adjacent,100,30,16,70,FWD,E4,E5,E12,E1,70.789000,186.335000,OK
2,8,adjacent,100,30,16,71,REV,E5,E4,E12,E1,71.500000,188.490000,OK
2,8,adjacent,100,30,16,72,FWD,E5,E6,E1,E2,10.367000,48.918000,OK
2,8,adjacent,100,30,16,73,REV,E6,E5,E1,E2,10.758000,235.492000,OK
2,8,adjacent,100,30,16,74,FWD,E5,E6,E2,E3,-0.086000,167.023000,OK
2,8,adjacent,100,30,16,75,REV,E6,E5,E2,E3,-2.117000,201.018000,OK
2,8,adjacent,100,30,16,76,FWD,E5,E6,E3,E4,-16.352000,181.467000,OK
2,8,adjacent,100,30,16,77,REV,E6,E5,E3,E4,-18.047000,195.512000,OK
2,8,adjacent,100,30,16,78,FWD,E5,E6,E7,E8,-42.172000,185.297000,OK
2,8,adjacent,100,30,16,79,REV,E6,E5,E7,E8,-41.672000,193.038000,OK
2,8,adjacent,100,30,16,80,FWD,E5,E6,E8,E9,14.969000,187.612000,OK
2,8,adjacent,100,30,16,81,REV,E6,E5,E8,E9,15.336000,192.240000,OK
2,8,adjacent,100,30,16,82,FWD,E5,E6,E9,E10,21.039000,187.851000,OK
2,8,adjacent,100,30,16,83,REV,E6,E5,E9,E10,21.242000,191.761000,OK
2,8,adjacent,100,30,16,84,FWD,E5,E6,E10,E11,-61.164000,188.729000,OK
2,8,adjacent,100,30,16,85,REV,E6,E5,E10,E11,-63.852000,191.362000,OK
2,8,adjacent,100,30,16,86,FWD,E5,E6,E11,E12,-65.641000,188.729000,OK
2,8,adjacent,100,30,16,87,REV,E6,E5,E11,E12,-64.570000,191.602000,OK
2,8,adjacent,100,30,16,88,FWD,E5,E6,E12,E1,76.031000,189.527000,OK
2,8,adjacent,100,30,16,89,REV,E6,E5,E12,E1,76.617000,191.043000,OK
2,8,adjacent,100,30,16,90,FWD,E6,E7,E1,E2,12.703000,123.452000,OK
2,8,adjacent,100,30,16,91,REV,E7,E6,E1,E2,13.141000,221.367000,OK
2,8,adjacent,100,30,16,92,FWD,E6,E7,E2,E3,54.641000,187.771000,OK
2,8,adjacent,100,30,16,93,REV,E7,E6,E2,E3,-79.039000,201.976000,OK
2,8,adjacent,100,30,16,94,FWD,E6,E7,E3,E4,-15.938000,195.193000,OK
2,8,adjacent,100,30,16,95,REV,E7,E6,E3,E4,-18.445000,198.864000,OK
2,8,adjacent,100,30,16,96,FWD,E6,E7,E4,E5,4.164000,196.549000,OK
2,8,adjacent,100,30,16,97,REV,E7,E6,E4,E5,3.359000,197.746000,OK
2,8,adjacent,100,30,16,98,FWD,E6,E7,E8,E9,15.891000,197.826000,OK
2,8,adjacent,100,30,16,99,REV,E7,E6,E8,E9,16.648000,197.507000,OK
2,8,adjacent,100,30,16,100,FWD,E6,E7,E9,E10,21.687000,197.906000,OK
2,8,adjacent,100,30,16,101,REV,E7,E6,E9,E10,21.992000,198.385000,OK
2,8,adjacent,100,30,16,102,FWD,E6,E7,E10,E11,-49.508000,197.028000,OK
2,8,adjacent,100,30,16,103,REV,E7,E6,E10,E11,-79.148000,198.465000,OK
2,8,adjacent,100,30,16,104,FWD,E6,E7,E11,E12,-56.180000,198.066000,OK
2,8,adjacent,100,30,16,105,REV,E7,E6,E11,E12,-83.672000,197.986000,OK
2,8,adjacent,100,30,16,106,FWD,E6,E7,E12,E1,80.563000,197.906000,OK
2,8,adjacent,100,30,16,107,REV,E7,E6,E12,E1,81.156000,198.704000,OK
2,8,adjacent,100,30,16,108,FWD,E7,E8,E1,E2,14.805000,129.756000,OK
2,8,adjacent,100,30,16,109,REV,E8,E7,E1,E2,15.266000,211.392000,OK
2,8,adjacent,100,30,16,110,FWD,E7,E8,E2,E3,-118.156000,189.048000,OK
2,8,adjacent,100,30,16,111,REV,E8,E7,E2,E3,19.734000,196.470000,OK
2,8,adjacent,100,30,16,112,FWD,E7,E8,E3,E4,45.688000,194.554000,OK
2,8,adjacent,100,30,16,113,REV,E8,E7,E3,E4,-79.031000,194.554000,OK
2,8,adjacent,100,30,16,114,FWD,E7,E8,E4,E5,6.945000,195.911000,OK
2,8,adjacent,100,30,16,115,REV,E8,E7,E4,E5,6.281000,193.916000,OK
2,8,adjacent,100,30,16,116,FWD,E7,E8,E5,E6,-26.047000,196.470000,OK
2,8,adjacent,100,30,16,117,REV,E8,E7,E5,E6,-26.430000,193.996000,OK
2,8,adjacent,100,30,16,118,FWD,E7,E8,E9,E10,22.141000,195.113000,OK
2,8,adjacent,100,30,16,119,REV,E8,E7,E9,E10,22.664000,194.315000,OK
2,8,adjacent,100,30,16,120,FWD,E7,E8,E10,E11,-78.516000,195.033000,OK
2,8,adjacent,100,30,16,121,REV,E8,E7,E10,E11,-61.617000,194.475000,OK
2,8,adjacent,100,30,16,122,FWD,E7,E8,E11,E12,-88.609000,196.390000,OK
2,8,adjacent,100,30,16,123,REV,E8,E7,E11,E12,-65.586000,194.475000,OK
2,8,adjacent,100,30,16,124,FWD,E7,E8,E12,E1,84.484000,196.071000,OK
2,8,adjacent,100,30,16,125,REV,E8,E7,E12,E1,84.953000,194.554000,OK
2,8,adjacent,100,30,16,126,FWD,E8,E9,E1,E2,16.945000,110.125000,OK
2,8,adjacent,100,30,16,127,REV,E9,E8,E1,E2,17.383000,238.126000,OK
2,8,adjacent,100,30,16,128,FWD,E8,E9,E2,E3,9.734000,189.367000,OK
2,8,adjacent,100,30,16,129,REV,E9,E8,E2,E3,9.844000,212.031000,OK
2,8,adjacent,100,30,16,130,FWD,E8,E9,E3,E4,-91.258000,200.300000,OK
2,8,adjacent,100,30,16,131,REV,E9,E8,E3,E4,41.375000,209.158000,OK
2,8,adjacent,100,30,16,132,FWD,E8,E9,E4,E5,9.078000,203.173000,OK
2,8,adjacent,100,30,16,133,REV,E9,E8,E4,E5,8.336000,206.764000,OK
2,8,adjacent,100,30,16,134,FWD,E8,E9,E5,E6,-18.367000,203.492000,OK
2,8,adjacent,100,30,16,135,REV,E9,E8,E5,E6,-18.875000,207.323000,OK
2,8,adjacent,100,30,16,136,FWD,E8,E9,E6,E7,-31.742000,202.455000,OK
2,8,adjacent,100,30,16,137,REV,E9,E8,E6,E7,-31.500000,206.844000,OK
2,8,adjacent,100,30,16,138,FWD,E8,E9,E10,E11,-65.133000,204.051000,OK
2,8,adjacent,100,30,16,139,REV,E9,E8,E10,E11,-66.563000,206.604000,OK
2,8,adjacent,100,30,16,140,FWD,E8,E9,E11,E12,-80.422000,204.689000,OK
2,8,adjacent,100,30,16,141,REV,E9,E8,E11,E12,-76.117000,206.844000,OK
2,8,adjacent,100,30,16,142,FWD,E8,E9,E12,E1,87.914000,204.609000,OK
2,8,adjacent,100,30,16,143,REV,E9,E8,E12,E1,88.469000,206.764000,OK
2,8,adjacent,100,30,16,144,FWD,E9,E10,E1,E2,18.641000,101.187000,OK
2,8,adjacent,100,30,16,145,REV,E10,E9,E1,E2,19.055000,256.240000,OK
2,8,adjacent,100,30,16,146,FWD,E9,E10,E2,E3,-0.625000,194.634000,OK
2,8,adjacent,100,30,16,147,REV,E10,E9,E2,E3,0.578000,225.996000,OK
2,8,adjacent,100,30,16,148,FWD,E9,E10,E3,E4,24.203000,209.078000,OK
2,8,adjacent,100,30,16,149,REV,E10,E9,E3,E4,24.570000,220.809000,OK
2,8,adjacent,100,30,16,150,FWD,E9,E10,E4,E5,10.844000,211.233000,OK
2,8,adjacent,100,30,16,151,REV,E10,E9,E4,E5,10.023000,219.053000,OK
2,8,adjacent,100,30,16,152,FWD,E9,E10,E5,E6,-12.945000,212.988000,OK
2,8,adjacent,100,30,16,153,REV,E10,E9,E5,E6,-13.492000,217.298000,OK
2,8,adjacent,100,30,16,154,FWD,E9,E10,E6,E7,-37.609000,213.308000,OK
2,8,adjacent,100,30,16,155,REV,E10,E9,E6,E7,-37.461000,216.659000,OK
2,8,adjacent,100,30,16,156,FWD,E9,E10,E7,E8,-15.016000,215.143000,OK
2,8,adjacent,100,30,16,157,REV,E10,E9,E7,E8,-14.945000,216.899000,OK
2,8,adjacent,100,30,16,158,FWD,E9,E10,E11,E12,-62.703000,215.781000,OK
2,8,adjacent,100,30,16,159,REV,E10,E9,E11,E12,-67.625000,217.218000,OK
2,8,adjacent,100,30,16,160,FWD,E9,E10,E12,E1,90.805000,214.185000,OK
2,8,adjacent,100,30,16,161,REV,E10,E9,E12,E1,91.422000,216.899000,OK
2,8,adjacent,100,30,16,162,FWD,E10,E11,E1,E2,20.180000,115.871000,OK
2,8,adjacent,100,30,16,163,REV,E11,E10,E1,E2,20.687000,245.388000,OK
2,8,adjacent,100,30,16,164,FWD,E10,E11,E2,E3,-3.086000,192.480000,OK
2,8,adjacent,100,30,16,165,REV,E11,E10,E2,E3,-1.523000,220.968000,OK
2,8,adjacent,100,30,16,166,FWD,E10,E11,E3,E4,12.516000,204.529000,OK
2,8,adjacent,100,30,16,167,REV,E11,E10,E3,E4,13.828000,215.542000,OK
2,8,adjacent,100,30,16,168,FWD,E10,E11,E4,E5,12.445000,206.924000,OK
2,8,adjacent,100,30,16,169,REV,E11,E10,E4,E5,11.359000,214.345000,OK
2,8,adjacent,100,30,16,170,FWD,E10,E11,E5,E6,-8.445000,208.280000,OK
2,8,adjacent,100,30,16,171,REV,E11,E10,E5,E6,-9.297000,212.988000,OK
2,8,adjacent,100,30,16,172,FWD,E10,E11,E6,E7,-41.211000,209.717000,OK
2,8,adjacent,100,30,16,173,REV,E11,E10,E6,E7,-41.039000,212.669000,OK
2,8,adjacent,100,30,16,174,FWD,E10,E11,E7,E8,-21.797000,210.275000,OK
2,8,adjacent,100,30,16,175,REV,E11,E10,E7,E8,-21.680000,212.988000,OK
2,8,adjacent,100,30,16,176,FWD,E10,E11,E8,E9,6.633000,210.435000,OK
2,8,adjacent,100,30,16,177,REV,E11,E10,E8,E9,8.148000,212.111000,OK
2,8,adjacent,100,30,16,178,FWD,E10,E11,E12,E1,93.742000,210.515000,OK
2,8,adjacent,100,30,16,179,REV,E11,E10,E12,E1,94.617000,212.031000,OK
2,8,adjacent,100,30,16,180,FWD,E11,E12,E1,E2,21.203000,181.068000,OK
2,8,adjacent,100,30,16,181,REV,E12,E11,E1,E2,22.086000,205.806000,OK
2,8,adjacent,100,30,16,182,FWD,E11,E12,E2,E3,-4.484000,214.265000,OK
2,8,adjacent,100,30,16,183,REV,E12,E11,E2,E3,-2.867000,201.018000,OK
2,8,adjacent,100,30,16,184,FWD,E11,E12,E3,E4,7.109000,213.946000,OK
2,8,adjacent,100,30,16,185,REV,E12,E11,E3,E4,8.281000,202.056000,OK
2,8,adjacent,100,30,16,186,FWD,E11,E12,E4,E5,14.125000,213.308000,OK
2,8,adjacent,100,30,16,187,REV,E12,E11,E4,E5,12.594000,202.534000,OK
2,8,adjacent,100,30,16,188,FWD,E11,E12,E5,E6,-4.773000,213.148000,OK
2,8,adjacent,100,30,16,189,REV,E12,E11,E5,E6,-5.781000,203.572000,OK
2,8,adjacent,100,30,16,190,FWD,E11,E12,E6,E7,-43.961000,213.228000,OK
2,8,adjacent,100,30,16,191,REV,E12,E11,E6,E7,-43.836000,204.290000,OK
2,8,adjacent,100,30,16,192,FWD,E11,E12,E7,E8,-26.336000,213.707000,OK
2,8,adjacent,100,30,16,193,REV,E12,E11,E7,E8,-26.305000,205.088000,OK
2,8,adjacent,100,30,16,194,FWD,E11,E12,E8,E9,9.406000,211.632000,OK
2,8,adjacent,100,30,16,195,REV,E12,E11,E8,E9,9.766000,205.407000,OK
2,8,adjacent,100,30,16,196,FWD,E11,E12,E9,E10,13.938000,212.829000,OK
2,8,adjacent,100,30,16,197,REV,E12,E11,E9,E10,14.531000,205.327000,OK
2,8,adjacent,100,30,16,198,FWD,E12,E1,E2,E3,-4.945000,91.452000,OK
2,8,adjacent,100,30,16,199,REV,E1,E12,E2,E3,-3.180000,242.435000,OK
2,8,adjacent,100,30,16,200,FWD,E12,E1,E3,E4,3.516000,184.579000,OK
2,8,adjacent,100,30,16,201,REV,E1,E12,E3,E4,4.922000,213.707000,OK
2,8,adjacent,100,30,16,202,FWD,E12,E1,E4,E5,37.508000,195.033000,OK
2,8,adjacent,100,30,16,203,REV,E1,E12,E4,E5,-94.375000,208.121000,OK
2,8,adjacent,100,30,16,204,FWD,E12,E1,E5,E6,-1.797000,198.305000,OK
2,8,adjacent,100,30,16,205,REV,E1,E12,E5,E6,-3.258000,206.525000,OK
2,8,adjacent,100,30,16,206,FWD,E12,E1,E6,E7,-45.930000,200.220000,OK
2,8,adjacent,100,30,16,207,REV,E1,E12,E6,E7,-45.797000,206.046000,OK
2,8,adjacent,100,30,16,208,FWD,E12,E1,E7,E8,-29.734000,201.258000,OK
2,8,adjacent,100,30,16,209,REV,E1,E12,E7,E8,-29.664000,206.445000,OK
2,8,adjacent,100,30,16,210,FWD,E12,E1,E8,E9,9.914000,201.497000,OK
2,8,adjacent,100,30,16,211,REV,E1,E12,E8,E9,10.250000,204.689000,OK
2,8,adjacent,100,30,16,212,FWD,E12,E1,E9,E10,15.031000,200.938000,OK
2,8,adjacent,100,30,16,213,REV,E1,E12,E9,E10,15.477000,204.769000,OK
2,8,adjacent,100,30,16,214,FWD,E12,E1,E10,E11,-67.156000,200.938000,OK
2,8,adjacent,100,30,16,215,REV,E1,E12,E10,E11,-69.594000,204.450000,OK
3,9,adjacent,100,30,16,0,FWD,E1,E2,E3,E4,0.852000,70.145000,OK
3,9,adjacent,100,30,16,1,REV,E2,E1,E3,E4,2.227000,231.821000,OK
3,9,adjacent,100,30,16,2,FWD,E1,E2,E4,E5,-87.070000,171.492000,OK
3,9,adjacent,100,30,16,3,REV,E2,E1,E4,E5,44.188000,202.295000,OK
3,9,adjacent,100,30,16,4,FWD,E1,E2,E5,E6,19.023000,182.903000,OK
3,9,adjacent,100,30,16,5,REV,E2,E1,E5,E6,-114.102000,196.390000,OK
3,9,adjacent,100,30,16,6,FWD,E1,E2,E6,E7,-47.750000,187.771000,OK
3,9,adjacent,100,30,16,7,REV,E2,E1,E6,E7,-47.523000,194.874000,OK
3,9,adjacent,100,30,16,8,FWD,E1,E2,E7,E8,-32.656000,189.288000,OK
3,9,adjacent,100,30,16,9,REV,E2,E1,E7,E8,-32.516000,194.315000,OK
3,9,adjacent,100,30,16,10,FWD,E1,E2,E8,E9,10.633000,189.926000,OK
3,9,adjacent,100,30,16,11,REV,E2,E1,E8,E9,10.938000,192.639000,OK
3,9,adjacent,100,30,16,12,FWD,E1,E2,E9,E10,16.445000,190.325000,OK
3,9,adjacent,100,30,16,13,REV,E2,E1,E9,E10,16.758000,193.118000,OK
3,9,adjacent,100,30,16,14,FWD,E1,E2,E10,E11,-61.938000,190.245000,OK
3,9,adjacent,100,30,16,15,REV,E2,E1,E10,E11,-67.242000,192.799000,OK
3,9,adjacent,100,30,16,16,FWD,E1,E2,E11,E12,-65.695000,191.921000,OK
3,9,adjacent,100,30,16,17,REV,E2,E1,E11,E12,-68.516000,192.958000,OK
3,9,adjacent,100,30,16,18,FWD,E2,E3,E4,E5,49.203000,116.988000,OK
3,9,adjacent,100,30,16,19,REV,E3,E2,E4,E5,48.078000,230.864000,OK
3,9,adjacent,100,30,16,20,FWD,E2,E3,E5,E6,-127.797000,190.006000,OK
3,9,adjacent,100,30,16,21,REV,E3,E2,E5,E6,18.609000,208.280000,OK
3,9,adjacent,100,30,16,22,FWD,E2,E3,E6,E7,-49.313000,198.624000,OK
3,9,adjacent,100,30,16,23,REV,E3,E2,E6,E7,-48.984000,204.609000,OK
3,9,adjacent,100,30,16,24,FWD,E2,E3,E7,E8,-35.250000,201.337000,OK
3,9,adjacent,100,30,16,25,REV,E3,E2,E7,E8,-35.141000,202.854000,OK
3,9,adjacent,100,30,16,26,FWD,E2,E3,E8,E9,11.422000,202.774000,OK
3,9,adjacent,100,30,16,27,REV,E3,E2,E8,E9,11.836000,202.056000,OK
3,9,adjacent,100,30,16,28,FWD,E2,E3,E9,E10,17.734000,201.976000,OK
3,9,adjacent,100,30,16,29,REV,E3,E2,E9,E10,18.117000,201.497000,OK
3,9,adjacent,100,30,16,30,FWD,E2,E3,E10,E11,-64.617000,203.652000,OK
3,9,adjacent,100,30,16,31,REV,E3,E2,E10,E11,-66.664000,202.135000,OK
3,9,adjacent,100,30,16,32,FWD,E2,E3,E11,E12,-70.414000,202.774000,OK
3,9,adjacent,100,30,16,33,REV,E3,E2,E11,E12,-69.969000,202.614000,OK
3,9,adjacent,100,30,16,34,FWD,E2,E3,E12,E1,59.125000,202.614000,OK
3,9,adjacent,100,30,16,35,REV,E3,E2,E12,E1,60.219000,202.375000,OK
3,9,adjacent,100,30,16,36,FWD,E3,E4,E1,E2,24.383000,126.165000,OK
3,9,adjacent,100,30,16,37,REV,E4,E3,E1,E2,18.914000,237.567000,OK
3,9,adjacent,100,30,16,38,FWD,E3,E4,E5,E6,6.906000,196.230000,OK
3,9,adjacent,100,30,16,39,REV,E4,E3,E5,E6,8.492000,215.223000,OK
3,9,adjacent,100,30,16,40,FWD,E3,E4,E6,E7,-50.773000,205.407000,OK
3,9,adjacent,100,30,16,41,REV,E4,E3,E6,E7,-50.469000,210.754000,OK
3,9,adjacent,100,30,16,42,FWD,E3,E4,E7,E8,-37.930000,207.003000,OK
3,9,adjacent,100,30,16,43,REV,E4,E3,E7,E8,-37.750000,209.876000,OK
3,9,adjacent,100,30,16,44,FWD,E3,E4,E8,E9,12.484000,207.562000,OK
3,9,adjacent,100,30,16,45,REV,E4,E3,E8,E9,12.813000,210.515000,OK
3,9,adjacent,100,30,16,46,FWD,E3,E4,E9,E10,18.977000,207.881000,OK
3,9,adjacent,100,30,16,47,REV,E4,E3,E9,E10,19.305000,210.355000,OK
3,9,adjacent,100,30,16,48,FWD,E3,E4,E10,E11,-63.813000,207.881000,OK
3,9,adjacent,100,30,16,49,REV,E4,E3,E10,E11,-71.547000,209.318000,OK
3,9,adjacent,100,30,16,50,FWD,E3,E4,E11,E12,-71.273000,208.041000,OK
3,9,adjacent,100,30,16,51,REV,E4,E3,E11,E12,-78.031000,209.477000,OK
3,9,adjacent,100,30,16,52,FWD,E3,E4,E12,E1,64.734000,208.599000,OK
3,9,adjacent,100,30,16,53,REV,E4,E3,E12,E1,65.586000,209.637000,OK
3,9,adjacent,100,30,16,54,FWD,E4,E5,E1,E2,8.461000,75.412000,OK
3,9,adjacent,100,30,16,55,REV,E5,E4,E1,E2,8.969000,219.931000,OK
3,9,adjacent,100,30,16,56,FWD,E4,E5,E2,E3,0.742000,171.253000,OK
3,9,adjacent,100,30,16,57,REV,E5,E4,E2,E3,-1.234000,194.554000,OK
3,9,adjacent,100,30,16,58,FWD,E4,E5,E6,E7,-52.195000,181.547000,OK
3,9,adjacent,100,30,16,59,REV,E5,E4,E6,E7,-51.609000,190.485000,OK
3,9,adjacent,100,30,16,60,FWD,E4,E5,E7,E8,-40.328000,177.397000,OK
3,9,adjacent,100,30,16,61,REV,E5,E4,E7,E8,-40.133000,189.128000,OK
3,9,adjacent,100,30,16,62,FWD,E4,E5,E8,E9,13.578000,186.175000,OK
3,9,adjacent,100,30,16,63,REV,E5,E4,E8,E9,13.867000,188.569000,OK
3,9,adjacent,100,30,16,64,FWD,E4,E5,E9,E10,20.016000,186.495000,OK
3,9,adjacent,100,30,16,65,REV,E5,E4,E9,E10,20.289000,188.330000,OK
3,9,adjacent,100,30,16,66,FWD,E4,E5,E10,E11,-61.938000,186.973000,OK
3,9,adjacent,100,30,16,67,REV,E5,E4,E10,E11,-70.633000,188.569000,OK
3,9,adjacent,100,30,16,68,FWD,E4,E5,E11,E12,-68.031000,187.692000,OK
3,9,adjacent,100,30,16,69,REV,E5,E4,E11,E12,-75.883000,188.569000,OK
3,9,adjacent,100,30,16,70,FWD,E4,E5,E12,E1,70.477000,186.654000,OK
3,9,adjacent,100,30,16,71,REV,E5,E4,E12,E1,71.180000,187.851000,OK
3,9,adjacent,100,30,16,72,FWD,E5,E6,E1,E2,10.625000,48.838000,OK
3,9,adjacent,100,30,16,73,REV,E6,E5,E1,E2,11.039000,236.131000,OK
3,9,adjacent,100,30,16,74,FWD,E5,E6,E2,E3,0.547000,165.986000,OK
3,9,adjacent,100,30,16,75,REV,E6,E5,E2,E3,-1.516000,202.135000,OK
3,9,adjacent,100,30,16,76,FWD,E5,E6,E3,E4,-16.484000,181.148000,OK
3,9,adjacent,100,30,16,77,REV,E6,E5,E3,E4,-18.187000,194.714000,OK
3,9,adjacent,100,30,16,78,FWD,E5,E6,E7,E8,-42.516000,185.617000,OK
3,9,adjacent,100,30,16,79,REV,E6,E5,E7,E8,-41.992000,193.437000,OK
3,9,adjacent,100,30,16,80,FWD,E5,E6,E8,E9,14.625000,187.293000,OK
3,9,adjacent,100,30,16,81,REV,E6,E5,E8,E9,14.992000,192.240000,OK
3,9,adjacent,100,30,16,82,FWD,E5,E6,E9,E10,20.891000,188.889000,OK
3,9,adjacent,100,30,16,83,REV,E6,E5,E9,E10,21.102000,191.522000,OK
3,9,adjacent,100,30,16,84,FWD,E5,E6,E10,E11,-59.938000,188.410000,OK
3,9,adjacent,100,30,16,85,REV,E6,E5,E10,E11,-62.227000,190.963000,OK
3,9,adjacent,100,30,16,86,FWD,E5,E6,E11,E12,-64.570000,189.447000,OK
3,9,adjacent,100,30,16,87,REV,E6,E5,E11,E12,-65.047000,192.160000,OK
3,9,adjacent,100,30,16,88,FWD,E5,E6,E12,E1,75.688000,189.766000,OK
3,9,adjacent,100,30,16,89,REV,E6,E5,E12,E1,76.234000,191.921000,OK
3,9,adjacent,100,30,16,90,FWD,E6,E7,E1,E2,12.969000,122.414000,OK
3,9,adjacent,100,30,16,91,REV,E7,E6,E1,E2,13.391000,221.527000,OK
3,9,adjacent,100,30,16,92,FWD,E6,E7,E2,E3,54.953000,187.372000,OK
3,9,adjacent,100,30,16,93,REV,E7,E6,E2,E3,-78.797000,201.497000,OK
3,9,adjacent,100,30,16,94,FWD,E6,E7,E3,E4,-16.180000,195.672000,OK
3,9,adjacent,100,30,16,95,REV,E7,E6,E3,E4,-18.711000,198.385000,OK
3,9,adjacent,100,30,16,96,FWD,E6,E7,E4,E5,3.742000,196.948000,OK
3,9,adjacent,100,30,16,97,REV,E7,E6,E4,E5,2.961000,197.108000,OK
3,9,adjacent,100,30,16,98,FWD,E6,E7,E8,E9,15.516000,196.789000,OK
3,9,adjacent,100,30,16,99,REV,E7,E6,E8,E9,16.281000,197.188000,OK
3,9,adjacent,100,30,16,100,FWD,E6,E7,E9,E10,21.492000,198.385000,OK
3,9,adjacent,100,30,16,101,REV,E7,E6,E9,E10,21.828000,198.624000,OK
3,9,adjacent,100,30,16,102,FWD,E6,E7,E10,E11,-49.406000,197.587000,OK
3,9,adjacent,100,30,16,103,REV,E7,E6,E10,E11,-77.313000,198.544000,OK
3,9,adjacent,100,30,16,104,FWD,E6,E7,E11,E12,-54.297000,197.427000,OK
3,9,adjacent,100,30,16,105,REV,E7,E6,E11,E12,-83.297000,197.826000,OK
3,9,adjacent,100,30,16,106,FWD,E6,E7,E12,E1,80.266000,197.746000,OK
3,9,adjacent,100,30,16,107,REV,E7,E6,E12,E1,80.820000,199.183000,OK
3,9,adjacent,100,30,16,108,FWD,E7,E8,E1,E2,15.008000,129.118000,OK
3,9,adjacent,100,30,16,109,REV,E8,E7,E1,E2,15.516000,212.190000,OK
3,9,adjacent,100,30,16,110,FWD,E7,E8,E2,E3,-117.883000,189.288000,OK
3,9,adjacent,100,30,16,111,REV,E8,E7,E2,E3,20.047000,195.751000,OK
3,9,adjacent,100,30,16,112,FWD,E7,E8,E3,E4,45.438000,194.395000,OK
3,9,adjacent,100,30,16,113,REV,E8,E7,E3,E4,-79.250000,194.315000,OK
3,9,adjacent,100,30,16,114,FWD,E7,E8,E4,E5,6.555000,196.310000,OK
3,9,adjacent,100,30,16,115,REV,E8,E7,E4,E5,5.898000,193.996000,OK
3,9,adjacent,100,30,16,116,FWD,E7,E8,E5,E6,-26.055000,195.831000,OK
3,9,adjacent,100,30,16,117,REV,E8,E7,E5,E6,-26.406000,193.996000,OK
3,9,adjacent,100,30,16,118,FWD,E7,E8,E9,E10,21.984000,196.310000,OK
3,9,adjacent,100,30,16,119,REV,E8,E7,E9,E10,22.531000,193.916000,OK
3,9,adjacent,100,30,16,120,FWD,E7,E8,E10,E11,-76.617000,195.273000,OK
3,9,adjacent,100,30,16,121,REV,E8,E7,E10,E11,-61.180000,195.273000,OK
3,9,adjacent,100,30,16,122,FWD,E7,E8,E11,E12,-87.344000,195.911000,OK
3,9,adjacent,100,30,16,123,REV,E8,E7,E11,E12,-64.133000,194.155000,OK
3,9,adjacent,100,30,16,124,FWD,E7,E8,E12,E1,84.219000,195.911000,OK
3,9,adjacent,100,30,16,125,REV,E8,E7,E12,E1,84.680000,194.874000,OK
3,9,adjacent,100,30,16,126,FWD,E8,E9,E1,E2,17.133000,110.843000,OK
3,9,adjacent,100,30,16,127,REV,E9,E8,E1,E2,17.547000,238.126000,OK
3,9,adjacent,100,30,16,128,FWD,E8,E9,E2,E3,10.055000,190.644000,OK
3,9,adjacent,100,30,16,129,REV,E9,E8,E2,E3,10.211000,212.589000,OK
3,9,adjacent,100,30,16,130,FWD,E8,E9,E3,E4,-91.695000,199.741000,OK
3,9,adjacent,100,30,16,131,REV,E9,E8,E3,E4,40.906000,208.440000,OK
3,9,adjacent,100,30,16,132,FWD,E8,E9,E4,E5,8.695000,202.135000,OK
3,9,adjacent,100,30,16,133,REV,E9,E8,E4,E5,7.945000,207.243000,OK
3,9,adjacent,100,30,16,134,FWD,E8,E9,E5,E6,-18.320000,203.652000,OK
3,9,adjacent,100,30,16,135,REV,E9,E8,E5,E6,-18.859000,207.402000,OK
3,9,adjacent,100,30,16,136,FWD,E8,E9,E6,E7,-31.430000,204.130000,OK
3,9,adjacent,100,30,16,137,REV,E9,E8,E6,E7,-31.187000,206.285000,OK
3,9,adjacent,100,30,16,138,FWD,E8,E9,E10,E11,-65.383000,204.051000,OK
3,9,adjacent,100,30,16,139,REV,E9,E8,E10,E11,-65.375000,206.445000,OK
3,9,adjacent,100,30,16,140,FWD,E8,E9,E11,E12,-78.563000,204.928000,OK
3,9,adjacent,100,30,16,141,REV,E9,E8,E11,E12,-75.836000,206.525000,OK
3,9,adjacent,100,30,16,142,FWD,E8,E9,E12,E1,87.711000,204.689000,OK
3,9,adjacent,100,30,16,143,REV,E9,E8,E12,E1,88.227000,207.083000,OK
3,9,adjacent,100,30,16,144,FWD,E9,E10,E1,E2,18.727000,100.629000,OK
3,9,adjacent,100,30,16,145,REV,E10,E9,E1,E2,19.141000,257.118000,OK
3,9,adjacent,100,30,16,146,FWD,E9,E10,E2,E3,-0.180000,194.395000,OK
3,9,adjacent,100,30,16,147,REV,E10,E9,E2,E3,1.039000,226.634000,OK
3,9,adjacent,100,30,16,148,FWD,E9,E10,E3,E4,23.820000,207.562000,OK
3,9,adjacent,100,30,16,149,REV,E10,E9,E3,E4,24.148000,220.490000,OK
3,9,adjacent,100,30,16,150,FWD,E9,E10,E4,E5,10.523000,211.632000,OK
3,9,adjacent,100,30,16,151,REV,E10,E9,E4,E5,9.773000,217.298000,OK
3,9,adjacent,100,30,16,152,FWD,E9,E10,E5,E6,-12.914000,213.627000,OK
3,9,adjacent,100,30,16,153,REV,E10,E9,E5,E6,-13.516000,217.298000,OK
3,9,adjacent,100,30,16,154,FWD,E9,E10,E6,E7,-37.172000,214.505000,OK
3,9,adjacent,100,30,16,155,REV,E10,E9,E6,E7,-37.000000,216.819000,OK
3,9,adjacent,100,30,16,156,FWD,E9,E10,E7,E8,-15.344000,214.345000,OK
3,9,adjacent,100,30,16,157,REV,E10,E9,E7,E8,-15.297000,216.500000,OK
3,9,adjacent,100,30,16,158,FWD,E9,E10,E11,E12,-63.039000,213.946000,OK
3,9,adjacent,100,30,16,159,REV,E10,E9,E11,E12,-67.367000,216.899000,OK
3,9,adjacent,100,30,16,160,FWD,E9,E10,E12,E1,90.641000,215.303000,OK
3,9,adjacent,100,30,16,161,REV,E10,E9,E12,E1,91.250000,217.457000,OK
3,9,adjacent,100,30,16,162,FWD,E10,E11,E1,E2,20.172000,115.871000,OK
3,9,adjacent,100,30,16,163,REV,E11,E10,E1,E2,20.695000,246.664000,OK
3,9,adjacent,100,30,16,164,FWD,E10,E11,E2,E3,-2.555000,191.761000,OK
3,9,adjacent,100,30,16,165,REV,E11,E10,E2,E3,-0.977000,220.410000,OK
3,9,adjacent,100,30,16,166,FWD,E10,E11,E3,E4,12.117000,204.051000,OK
3,9,adjacent,100,30,16,167,REV,E11,E10,E3,E4,13.453000,216.260000,OK
3,9,adjacent,100,30,16,168,FWD,E10,E11,E4,E5,12.211000,207.642000,OK
3,9,adjacent,100,30,16,169,REV,E11,E10,E4,E5,11.102000,212.909000,OK
3,9,adjacent,100,30,16,170,FWD,E10,E11,E5,E6,-8.516000,209.397000,OK
3,9,adjacent,100,30,16,171,REV,E11,E10,E5,E6,-9.406000,212.350000,OK
3,9,adjacent,100,30,16,172,FWD,E10,E11,E6,E7,-40.633000,209.397000,OK
3,9,adjacent,100,30,16,173,REV,E11,E10,E6,E7,-40.359000,212.669000,OK
3,9,adjacent,100,30,16,174,FWD,E10,E11,E7,E8,-22.133000,210.834000,OK
3,9,adjacent,100,30,16,175,REV,E11,E10,E7,E8,-22.031000,212.190000,OK
3,9,adjacent,100,30,16,176,FWD,E10,E11,E8,E9,6.727000,210.195000,OK
3,9,adjacent,100,30,16,177,REV,E11,E10,E8,E9,8.242000,212.350000,OK
3,9,adjacent,100,30,16,178,FWD,E10,E11,E12,E1,93.656000,210.195000,OK
3,9,adjacent,100,30,16,179,REV,E11,E10,E12,E1,94.586000,212.510000,OK
3,9,adjacent,100,30,16,180,FWD,E11,E12,E1,E2,21.078000,180.190000,OK
3,9,adjacent,100,30,16,181,REV,E12,E11,E1,E2,21.945000,206.764000,OK
3,9,adjacent,100,30,16,182,FWD,E11,E12,E2,E3,-3.906000,212.350000,OK
3,9,adjacent,100,30,16,183,REV,E12,E11,E2,E3,-2.313000,200.380000,OK
3,9,adjacent,100,30,16,184,FWD,E11,E12,E3,E4,6.742000,213.707000,OK
3,9,adjacent,100,30,16,185,REV,E12,E11,E3,E4,7.930000,202.135000,OK
3,9,adjacent,100,30,16,186,FWD,E11,E12,E4,E5,13.945000,213.866000,OK
3,9,adjacent,100,30,16,187,REV,E12,E11,E4,E5,12.453000,202.694000,OK
3,9,adjacent,100,30,16,188,FWD,E11,E12,E5,E6,-4.875000,214.185000,OK
3,9,adjacent,100,30,16,189,REV,E12,E11,E5,E6,-5.828000,203.013000,OK
3,9,adjacent,100,30,16,190,FWD,E11,E12,E6,E7,-43.367000,212.111000,OK
3,9,adjacent,100,30,16,191,REV,E12,E11,E6,E7,-43.172000,203.173000,OK
3,9,adjacent,100,30,16,192,FWD,E11,E12,E7,E8,-26.695000,213.946000,OK
3,9,adjacent,100,30,16,193,REV,E12,E11,E7,E8,-26.656000,204.928000,OK
3,9,adjacent,100,30,16,194,FWD,E11,E12,E8,E9,9.461000,213.068000,OK
3,9,adjacent,100,30,16,195,REV,E12,E11,E8,E9,9.820000,204.849000,OK
3,9,adjacent,100,30,16,196,FWD,E11,E12,E9,E10,14.102000,212.111000,OK
3,9,adjacent,100,30,16,197,REV,E12,E11,E9,E10,14.664000,205.647000,OK
3,9,adjacent,100,30,16,198,FWD,E12,E1,E2,E3,-4.344000,90.175000,OK
3,9,adjacent,100,30,16,199,REV,E1,E12,E2,E3,-2.563000,242.914000,OK
3,9,adjacent,100,30,16,200,FWD,E12,E1,E3,E4,3.117000,183.143000,OK
3,9,adjacent,100,30,16,201,REV,E1,E12,E3,E4,4.531000,214.106000,OK
3,9,adjacent,100,30,16,202,FWD,E12,E1,E4,E5,37.336000,194.953000,OK
3,9,adjacent,100,30,16,203,REV,E1,E12,E4,E5,-94.656000,208.839000,OK
3,9,adjacent,100,30,16,204,FWD,E12,E1,E5,E6,-1.898000,199.023000,OK
3,9,adjacent,100,30,16,205,REV,E1,E12,E5,E6,-3.313000,206.844000,OK
3,9,adjacent,100,30,16,206,FWD,E12,E1,E6,E7,-45.281000,201.337000,OK
3,9,adjacent,100,30,16,207,REV,E1,E12,E6,E7,-45.148000,205.727000,OK
3,9,adjacent,100,30,16,208,FWD,E12,E1,E7,E8,-30.086000,200.619000,OK
3,9,adjacent,100,30,16,209,REV,E1,E12,E7,E8,-30.039000,204.769000,OK
3,9,adjacent,100,30,16,210,FWD,E12,E1,E8,E9,9.922000,201.098000,OK
3,9,adjacent,100,30,16,211,REV,E1,E12,E8,E9,10.266000,204.928000,OK
3,9,adjacent,100,30,16,212,FWD,E12,E1,E9,E10,15.250000,201.337000,OK
3,9,adjacent,100,30,16,213,REV,E1,E12,E9,E10,15.711000,204.928000,OK
3,9,adjacent,100,30,16,214,FWD,E12,E1,E10,E11,-65.117000,201.337000,OK
3,9,adjacent,100,30,16,215,REV,E1,E12,E10,E11,-70.695000,203.652000,OK
4,10,adjacent,100,30,16,0,FWD,E1,E2,E3,E4,0.453000,69.108000,OK
4,10,adjacent,100,30,16,1,REV,E2,E1,E3,E4,1.875000,232.699000,OK
4,10,adjacent,100,30,16,2,FWD,E1,E2,E4,E5,-87.211000,170.614000,OK
4,10,adjacent,100,30,16,3,REV,E2,E1,E4,E5,44.055000,201.816000,OK
4,10,adjacent,100,30,16,4,FWD,E1,E2,E5,E6,19.070000,184.100000,OK
4,10,adjacent,100,30,16,5,REV,E2,E1,E5,E6,-114.031000,196.709000,OK
4,10,adjacent,100,30,16,6,FWD,E1,E2,E6,E7,-47.000000,187.851000,OK
4,10,adjacent,100,30,16,7,REV,E2,E1,E6,E7,-46.797000,194.155000,OK
4,10,adjacent,100,30,16,8,FWD,E1,E2,E7,E8,-33.023000,189.687000,OK
4,10,adjacent,100,30,16,9,REV,E2,E1,E7,E8,-32.883000,192.958000,OK
4,10,adjacent,100,30,16,10,FWD,E1,E2,E8,E9,10.617000,190.165000,OK
4,10,adjacent,100,30,16,11,REV,E2,E1,E8,E9,10.953000,192.879000,OK
4,10,adjacent,100,30,16,12,FWD,E1,E2,E9,E10,16.547000,191.203000,OK
4,10,adjacent,100,30,16,13,REV,E2,E1,E9,E10,16.875000,192.719000,OK
4,10,adjacent,100,30,16,14,FWD,E1,E2,E10,E11,-61.703000,190.564000,OK
4,10,adjacent,100,30,16,15,REV,E2,E1,E10,E11,-67.156000,193.597000,OK
4,10,adjacent,100,30,16,16,FWD,E1,E2,E11,E12,-64.750000,190.325000,OK
4,10,adjacent,100,30,16,17,REV,E2,E1,E11,E12,-67.578000,192.719000,OK
4,10,adjacent,100,30,16,18,FWD,E2,E3,E4,E5,49.070000,116.429000,OK
4,10,adjacent,100,30,16,19,REV,E3,E2,E4,E5,47.797000,232.779000,OK
4,10,adjacent,100,30,16,20,FWD,E2,E3,E5,E6,-127.547000,189.208000,OK
4,10,adjacent,100,30,16,21,REV,E3,E2,E5,E6,18.820000,208.679000,OK
4,10,adjacent,100,30,16,22,FWD,E2,E3,E6,E7,-48.547000,198.704000,OK
4,10,adjacent,100,30,16,23,REV,E3,E2,E6,E7,-48.305000,203.492000,OK
4,10,adjacent,100,30,16,24,FWD,E2,E3,E7,E8,-35.602000,201.417000,OK
4,10,adjacent,100,30,16,25,REV,E3,E2,E7,E8,-35.453000,203.572000,OK
4,10,adjacent,100,30,16,26,FWD,E2,E3,E8,E9,11.375000,202.056000,OK
4,10,adjacent,100,30,16,27,REV,E3,E2,E8,E9,11.750000,202.056000,OK
4,10,adjacent,100,30,16,28,FWD,E2,E3,E9,E10,17.711000,203.253000,OK
4,10,adjacent,100,30,16,29,REV,E3,E2,E9,E10,18.094000,201.497000,OK
4,10,adjacent,100,30,16,30,FWD,E2,E3,E10,E11,-64.656000,203.013000,OK
4,10,adjacent,100,30,16,31,REV,E3,E2,E10,E11,-66.586000,201.896000,OK
4,10,adjacent,100,30,16,32,FWD,E2,E3,E11,E12,-69.391000,203.173000,OK
4,10,adjacent,100,30,16,33,REV,E3,E2,E11,E12,-68.047000,201.976000,OK
4,10,adjacent,100,30,16,34,FWD,E2,E3,E12,E1,59.148000,202.215000,OK
4,10,adjacent,100,30,16,35,REV,E3,E2,E12,E1,60.266000,202.135000,OK
4,10,adjacent,100,30,16,36,FWD,E3,E4,E1,E2,24.469000,126.085000,OK
4,10,adjacent,100,30,16,37,REV,E4,E3,E1,E2,18.984000,237.567000,OK
4,10,adjacent,100,30,16,38,FWD,E3,E4,E5,E6,7.156000,195.193000,OK
4,10,adjacent,100,30,16,39,REV,E4,E3,E5,E6,8.727000,215.223000,OK
4,10,adjacent,100,30,16,40,FWD,E3,E4,E6,E7,-50.125000,203.492000,OK
4,10,adjacent,100,30,16,41,REV,E4,E3,E6,E7,-49.781000,210.674000,OK
4,10,adjacent,100,30,16,42,FWD,E3,E4,E7,E8,-38.203000,206.604000,OK
4,10,adjacent,100,30,16,43,REV,E4,E3,E7,E8,-38.023000,210.515000,OK
4,10,adjacent,100,30,16,44,FWD,E3,E4,E8,E9,12.375000,207.642000,OK
4,10,adjacent,100,30,16,45,REV,E4,E3,E8,E9,12.742000,209.078000,OK
4,10,adjacent,100,30,16,46,FWD,E3,E4,E9,E10,18.797000,208.919000,OK
4,10,adjacent,100,30,16,47,REV,E4,E3,E9,E10,19.102000,209.078000,OK
4,10,adjacent,100,30,16,48,FWD,E3,E4,E10,E11,-64.281000,207.722000,OK
4,10,adjacent,100,30,16,49,REV,E4,E3,E10,E11,-72.297000,208.839000,OK
4,10,adjacent,100,30,16,50,FWD,E3,E4,E11,E12,-70.703000,209.238000,OK
4,10,adjacent,100,30,16,51,REV,E4,E3,E11,E12,-78.141000,210.116000,OK
4,10,adjacent,100,30,16,52,FWD,E3,E4,E12,E1,64.789000,208.599000,OK
4,10,adjacent,100,30,16,53,REV,E4,E3,E12,E1,65.648000,209.796000,OK
4,10,adjacent,100,30,16,54,FWD,E4,E5,E1,E2,8.383000,73.816000,OK
4,10,adjacent,100,30,16,55,REV,E5,E4,E1,E2,8.875000,219.293000,OK
4,10,adjacent,100,30,16,56,FWD,E4,E5,E2,E3,1.094000,171.731000,OK
4,10,adjacent,100,30,16,57,REV,E5,E4,E2,E3,-0.891000,195.193000,OK
4,10,adjacent,100,30,16,58,FWD,E4,E5,E6,E7,-51.570000,182.105000,OK
4,10,adjacent,100,30,16,59,REV,E5,E4,E6,E7,-50.953000,190.485000,OK
4,10,adjacent,100,30,16,60,FWD,E4,E5,E7,E8,-40.500000,184.579000,OK
4,10,adjacent,100,30,16,61,REV,E5,E4,E7,E8,-40.297000,189.208000,OK
4,10,adjacent,100,30,16,62,FWD,E4,E5,E8,E9,13.391000,185.377000,OK
4,10,adjacent,100,30,16,63,REV,E5,E4,E8,E9,13.734000,188.410000,OK
4,10,adjacent,100,30,16,64,FWD,E4,E5,E9,E10,19.852000,186.973000,OK
4,10,adjacent,100,30,16,65,REV,E5,E4,E9,E10,20.102000,188.809000,OK
4,10,adjacent,100,30,16,66,FWD,E4,E5,E10,E11,-60.844000,186.096000,OK
4,10,adjacent,100,30,16,67,REV,E5,E4,E10,E11,-70.156000,188.330000,OK
4,10,adjacent,100,30,16,68,FWD,E4,E5,E11,E12,-67.617000,186.654000,OK
4,10,adjacent,100,30,16,69,REV,E5,E4,E11,E12,-76.820000,188.410000,OK
4,10,adjacent,100,30,16,70,FWD,E4,E5,E12,E1,70.594000,186.654000,OK
4,10,adjacent,100,30,16,71,REV,E5,E4,E12,E1,71.289000,188.889000,OK
4,10,adjacent,100,30,16,72,FWD,E5,E6,E1,E2,10.492000,49.078000,OK
4,10,adjacent,100,30,16,73,REV,E6,E5,E1,E2,10.859000,235.492000,OK
4,10,adjacent,100,30,16,74,FWD,E5,E6,E2,E3,0.789000,166.784000,OK
4,10,adjacent,100,30,16,75,REV,E6,E5,E2,E3,-1.227000,201.657000,OK
4,10,adjacent,100,30,16,76,FWD,E5,E6,E3,E4,-16.547000,181.228000,OK
4,10,adjacent,100,30,16,77,REV,E6,E5,E3,E4,-18.250000,194.953000,OK
4,10,adjacent,100,30,16,78,FWD,E5,E6,E7,E8,-42.648000,186.175000,OK
4,10,adjacent,100,30,16,79,REV,E6,E5,E7,E8,-42.086000,193.118000,OK
4,10,adjacent,100,30,16,80,FWD,E5,E6,E8,E9,14.453000,187.213000,OK
4,10,adjacent,100,30,16,81,REV,E6,E5,E8,E9,14.789000,192.081000,OK
4,10,adjacent,100,30,16,82,FWD,E5,E6,E9,E10,20.695000,188.170000,OK
4,10,adjacent,100,30,16,83,REV,E6,E5,E9,E10,20.906000,191.522000,OK
4,10,adjacent,100,30,16,84,FWD,E5,E6,E10,E11,-59.203000,188.809000,OK
4,10,adjacent,100,30,16,85,REV,E6,E5,E10,E11,-61.992000,191.921000,OK
4,10,adjacent,100,30,16,86,FWD,E5,E6,E11,E12,-64.352000,189.048000,OK
4,10,adjacent,100,30,16,87,REV,E6,E5,E11,E12,-64.297000,191.123000,OK
4,10,adjacent,100,30,16,88,FWD,E5,E6,E12,E1,75.813000,189.367000,OK
4,10,adjacent,100,30,16,89,REV,E6,E5,E12,E1,76.367000,191.682000,OK
4,10,adjacent,100,30,16,90,FWD,E6,E7,E1,E2,12.688000,122.654000,OK
4,10,adjacent,100,30,16,91,REV,E7,E6,E1,E2,13.141000,222.245000,OK
4,10,adjacent,100,30,16,92,FWD,E6,E7,E2,E3,55.016000,188.250000,OK
4,10,adjacent,100,30,16,93,REV,E7,E6,E2,E3,-78.805000,201.497000,OK
4,10,adjacent,100,30,16,94,FWD,E6,E7,E3,E4,-16.219000,195.033000,OK
4,10,adjacent,100,30,16,95,REV,E7,E6,E3,E4,-18.742000,198.145000,OK
4,10,adjacent,100,30,16,96,FWD,E6,E7,E4,E5,3.961000,196.629000,OK
4,10,adjacent,100,30,16,97,REV,E7,E6,E4,E5,3.164000,197.667000,OK
4,10,adjacent,100,30,16,98,FWD,E6,E7,E8,E9,15.281000,197.427000,OK
4,10,adjacent,100,30,16,99,REV,E7,E6,E8,E9,16.047000,197.427000,OK
4,10,adjacent,100,30,16,100,FWD,E6,E7,E9,E10,21.359000,198.225000,OK
4,10,adjacent,100,30,16,101,REV,E7,E6,E9,E10,21.680000,197.507000,OK
4,10,adjacent,100,30,16,102,FWD,E6,E7,E10,E11,-50.211000,196.629000,OK
4,10,adjacent,100,30,16,103,REV,E7,E6,E10,E11,-76.922000,198.066000,OK
4,10,adjacent,100,30,16,104,FWD,E6,E7,E11,E12,-55.539000,197.507000,OK
4,10,adjacent,100,30,16,105,REV,E7,E6,E11,E12,-82.719000,198.624000,OK
4,10,adjacent,100,30,16,106,FWD,E6,E7,E12,E1,80.430000,198.544000,OK
4,10,adjacent,100,30,16,107,REV,E7,E6,E12,E1,80.984000,198.385000,OK
4,10,adjacent,100,30,16,108,FWD,E7,E8,E1,E2,14.680000,127.841000,OK
4,10,adjacent,100,30,16,109,REV,E8,E7,E1,E2,15.164000,211.791000,OK
4,10,adjacent,100,30,16,110,FWD,E7,E8,E2,E3,-117.836000,189.288000,OK
4,10,adjacent,100,30,16,111,REV,E8,E7,E2,E3,20.164000,195.991000,OK
4,10,adjacent,100,30,16,112,FWD,E7,E8,E3,E4,45.172000,194.714000,OK
4,10,adjacent,100,30,16,113,REV,E8,E7,E3,E4,-79.500000,194.874000,OK
4,10,adjacent,100,30,16,114,FWD,E7,E8,E4,E5,6.773000,195.672000,OK
4,10,adjacent,100,30,16,115,REV,E8,E7,E4,E5,6.172000,193.836000,OK
4,10,adjacent,100,30,16,116,FWD,E7,E8,E5,E6,-26.023000,195.672000,OK
4,10,adjacent,100,30,16,117,REV,E8,E7,E5,E6,-26.430000,193.916000,OK
4,10,adjacent,100,30,16,118,FWD,E7,E8,E9,E10,21.820000,195.911000,OK
4,10,adjacent,100,30,16,119,REV,E8,E7,E9,E10,22.266000,194.235000,OK
4,10,adjacent,100,30,16,120,FWD,E7,E8,E10,E11,-77.906000,196.310000,OK
4,10,adjacent,100,30,16,121,REV,E8,E7,E10,E11,-60.914000,194.953000,OK
4,10,adjacent,100,30,16,122,FWD,E7,E8,E11,E12,-87.531000,195.672000,OK
4,10,adjacent,100,30,16,123,REV,E8,E7,E11,E12,-64.773000,194.395000,OK
4,10,adjacent,100,30,16,124,FWD,E7,E8,E12,E1,84.383000,195.432000,OK
4,10,adjacent,100,30,16,125,REV,E8,E7,E12,E1,84.844000,194.874000,OK
4,10,adjacent,100,30,16,126,FWD,E8,E9,E1,E2,16.711000,111.322000,OK
4,10,adjacent,100,30,16,127,REV,E9,E8,E1,E2,17.141000,237.886000,OK
4,10,adjacent,100,30,16,128,FWD,E8,E9,E2,E3,10.148000,190.963000,OK
4,10,adjacent,100,30,16,129,REV,E9,E8,E2,E3,10.313000,212.190000,OK
4,10,adjacent,100,30,16,130,FWD,E8,E9,E3,E4,-92.109000,200.140000,OK
4,10,adjacent,100,30,16,131,REV,E9,E8,E3,E4,40.484000,208.679000,OK
4,10,adjacent,100,30,16,132,FWD,E8,E9,E4,E5,9.008000,202.295000,OK
4,10,adjacent,100,30,16,133,REV,E9,E8,E4,E5,8.180000,207.163000,OK
4,10,adjacent,100,30,16,134,FWD,E8,E9,E5,E6,-18.437000,203.572000,OK
4,10,adjacent,100,30,16,135,REV,E9,E8,E5,E6,-18.953000,207.801000,OK
4,10,adjacent,100,30,16,136,FWD,E8,E9,E6,E7,-31.375000,203.492000,OK
4,10,adjacent,100,30,16,137,REV,E9,E8,E6,E7,-31.156000,207.562000,OK
4,10,adjacent,100,30,16,138,FWD,E8,E9,E10,E11,-65.453000,204.370000,OK
4,10,adjacent,100,30,16,139,REV,E9,E8,E10,E11,-66.461000,206.525000,OK
4,10,adjacent,100,30,16,140,FWD,E8,E9,E11,E12,-77.734000,205.327000,OK
4,10,adjacent,100,30,16,141,REV,E9,E8,E11,E12,-74.461000,206.844000,OK
4,10,adjacent,100,30,16,142,FWD,E8,E9,E12,E1,87.898000,204.928000,OK
4,10,adjacent,100,30,16,143,REV,E9,E8,E12,E1,88.422000,205.567000,OK
4,10,adjacent,100,30,16,144,FWD,E9,E10,E1,E2,18.250000,102.145000,OK
4,10,adjacent,100,30,16,145,REV,E10,E9,E1,E2,18.672000,256.480000,OK
4,10,adjacent,100,30,16,146,FWD,E9,E10,E2,E3,-0.258000,194.714000,OK
4,10,adjacent,100,30,16,147,REV,E10,E9,E2,E3,0.930000,226.475000,OK
4,10,adjacent,100,30,16,148,FWD,E9,E10,E3,E4,23.414000,208.280000,OK
4,10,adjacent,100,30,16,149,REV,E10,E9,E3,E4,23.797000,220.410000,OK
4,10,adjacent,100,30,16,150,FWD,E9,E10,E4,E5,10.836000,210.993000,OK
4,10,adjacent,100,30,16,151,REV,E10,E9,E4,E5,10.070000,217.617000,OK
4,10,adjacent,100,30,16,152,FWD,E9,E10,E5,E6,-13.078000,212.669000,OK
4,10,adjacent,100,30,16,153,REV,E10,E9,E5,E6,-13.641000,216.978000,OK
4,10,adjacent,100,30,16,154,FWD,E9,E10,E6,E7,-37.383000,213.786000,OK
4,10,adjacent,100,30,16,155,REV,E10,E9,E6,E7,-37.172000,216.978000,OK
4,10,adjacent,100,30,16,156,FWD,E9,E10,E7,E8,-14.883000,214.744000,OK
4,10,adjacent,100,30,16,157,REV,E10,E9,E7,E8,-14.836000,216.659000,OK
4,10,adjacent,100,30,16,158,FWD,E9,E10,E11,E12,-61.594000,213.866000,OK
4,10,adjacent,100,30,16,159,REV,E10,E9,E11,E12,-65.711000,216.420000,OK
4,10,adjacent,100,30,16,160,FWD,E9,E10,E12,E1,90.820000,214.664000,OK
4,10,adjacent,100,30,16,161,REV,E10,E9,E12,E1,91.461000,216.899000,OK
4,10,adjacent,100,30,16,162,FWD,E10,E11,E1,E2,19.664000,117.227000,OK
4,10,adjacent,100,30,16,163,REV,E11,E10,E1,E2,20.172000,246.106000,OK
4,10,adjacent,100,30,16,164,FWD,E10,E11,E2,E3,-2.789000,192.001000,OK
4,10,adjacent,100,30,16,165,REV,E11,E10,E2,E3,-1.219000,220.330000,OK
4,10,adjacent,100,30,16,166,FWD,E10,E11,E3,E4,11.734000,203.891000,OK
4,10,adjacent,100,30,16,167,REV,E11,E10,E3,E4,13.055000,215.462000,OK
4,10,adjacent,100,30,16,168,FWD,E10,E11,E4,E5,12.523000,207.323000,OK
4,10,adjacent,100,30,16,169,REV,E11,E10,E4,E5,11.500000,214.744000,OK
4,10,adjacent,100,30,16,170,FWD,E10,E11,E5,E6,-8.695000,208.759000,OK
4,10,adjacent,100,30,16,171,REV,E11,E10,E5,E6,-9.617000,212.988000,OK
4,10,adjacent,100,30,16,172,FWD,E10,E11,E6,E7,-41.000000,209.238000,OK
4,10,adjacent,100,30,16,173,REV,E11,E10,E6,E7,-40.836000,212.111000,OK
4,10,adjacent,100,30,16,174,FWD,E10,E11,E7,E8,-21.531000,209.876000,OK
4,10,adjacent,100,30,16,175,REV,E11,E10,E7,E8,-21.391000,212.190000,OK
4,10,adjacent,100,30,16,176,FWD,E10,E11,E8,E9,6.398000,211.313000,OK
4,10,adjacent,100,30,16,177,REV,E11,E10,E8,E9,7.922000,212.190000,OK
4,10,adjacent,100,30,16,178,FWD,E10,E11,E12,E1,93.859000,211.073000,OK
4,10,adjacent,100,30,16,179,REV,E11,E10,E12,E1,94.758000,212.190000,OK
4,10,adjacent,100,30,16,180,FWD,E11,E12,E1,E2,20.578000,180.270000,OK
4,10,adjacent,100,30,16,181,REV,E12,E11,E1,E2,21.461000,206.604000,OK
4,10,adjacent,100,30,16,182,FWD,E11,E12,E2,E3,-4.336000,212.510000,OK
4,10,adjacent,100,30,16,183,REV,E12,E11,E2,E3,-2.719000,201.577000,OK
4,10,adjacent,100,30,16,184,FWD,E11,E12,E3,E4,6.383000,214.584000,OK
4,10,adjacent,100,30,16,185,REV,E12,E11,E3,E4,7.570000,201.816000,OK
4,10,adjacent,100,30,16,186,FWD,E11,E12,E4,E5,14.234000,214.664000,OK
4,10,adjacent,100,30,16,187,REV,E12,E11,E4,E5,12.789000,202.455000,OK
4,10,adjacent,100,30,16,188,FWD,E11,E12,E5,E6,-4.945000,213.148000,OK
4,10,adjacent,100,30,16,189,REV,E12,E11,E5,E6,-5.984000,203.013000,OK
4,10,adjacent,100,30,16,190,FWD,E11,E12,E6,E7,-43.820000,213.068000,OK
4,10,adjacent,100,30,16,191,REV,E12,E11,E6,E7,-43.734000,204.769000,OK
4,10,adjacent,100,30,16,192,FWD,E11,E12,E7,E8,-25.906000,212.270000,OK
4,10,adjacent,100,30,16,193,REV,E12,E11,E7,E8,-25.875000,205.966000,OK
4,10,adjacent,100,30,16,194,FWD,E11,E12,E8,E9,9.125000,212.749000,OK
4,10,adjacent,100,30,16,195,REV,E12,E11,E8,E9,9.492000,204.689000,OK
4,10,adjacent,100,30,16,196,FWD,E11,E12,E9,E10,14.031000,213.308000,OK
4,10,adjacent,100,30,16,197,REV,E12,E11,E9,E10,14.594000,204.769000,OK
4,10,adjacent,100,30,16,198,FWD,E12,E1,E2,E3,-4.891000,90.893000,OK
4,10,adjacent,100,30,16,199,REV,E1,E12,E2,E3,-3.102000,242.435000,OK
4,10,adjacent,100,30,16,200,FWD,E12,E1,E3,E4,2.844000,183.622000,OK
4,10,adjacent,100,30,16,201,REV,E1,E12,E3,E4,4.250000,215.303000,OK
4,10,adjacent,100,30,16,202,FWD,E12,E1,E4,E5,37.500000,195.113000,OK
4,10,adjacent,100,30,16,203,REV,E1,E12,E4,E5,-94.531000,208.440000,OK
4,10,adjacent,100,30,16,204,FWD,E12,E1,E5,E6,-2.094000,198.943000,OK
4,10,adjacent,100,30,16,205,REV,E1,E12,E5,E6,-3.477000,206.046000,OK
4,10,adjacent,100,30,16,206,FWD,E12,E1,E6,E7,-45.945000,200.460000,OK
4,10,adjacent,100,30,16,207,REV,E1,E12,E6,E7,-45.766000,205.567000,OK
4,10,adjacent,100,30,16,208,FWD,E12,E1,E7,E8,-29.203000,201.736000,OK
4,10,adjacent,100,30,16,209,REV,E1,E12,E7,E8,-29.125000,205.168000,OK
4,10,adjacent,100,30,16,210,FWD,E12,E1,E8,E9,9.633000,201.337000,OK
4,10,adjacent,100,30,16,211,REV,E1,E12,E8,E9,9.945000,205.567000,OK
4,10,adjacent,100,30,16,212,FWD,E12,E1,E9,E10,15.172000,200.938000,OK
4,10,adjacent,100,30,16,213,REV,E1,E12,E9,E10,15.641000,204.928000,OK
4,10,adjacent,100,30,16,214,FWD,E12,E1,E10,E11,-64.727000,201.337000,OK
4,10,adjacent,100,30,16,215,REV,E1,E12,E10,E11,-67.523000,204.769000,OK
5,11,adjacent,100,30,16,0,FWD,E1,E2,E3,E4,0.148000,69.826000,OK
5,11,adjacent,100,30,16,1,REV,E2,E1,E3,E4,1.570000,232.061000,OK
5,11,adjacent,100,30,16,2,FWD,E1,E2,E4,E5,-87.391000,170.694000,OK
5,11,adjacent,100,30,16,3,REV,E2,E1,E4,E5,43.984000,201.497000,OK
5,11,adjacent,100,30,16,4,FWD,E1,E2,E5,E6,19.062000,183.861000,OK
5,11,adjacent,100,30,16,5,REV,E2,E1,E5,E6,-114.188000,196.869000,OK
5,11,adjacent,100,30,16,6,FWD,E1,E2,E6,E7,-47.719000,187.771000,OK
5,11,adjacent,100,30,16,7,REV,E2,E1,E6,E7,-47.602000,195.113000,OK
5,11,adjacent,100,30,16,8,FWD,E1,E2,E7,E8,-32.008000,189.926000,OK
5,11,adjacent,100,30,16,9,REV,E2,E1,E7,E8,-31.852000,193.278000,OK
5,11,adjacent,100,30,16,10,FWD,E1,E2,E8,E9,10.281000,190.165000,OK
5,11,adjacent,100,30,16,11,REV,E2,E1,E8,E9,10.625000,193.038000,OK
5,11,adjacent,100,30,16,12,FWD,E1,E2,E9,E10,16.617000,189.766000,OK
5,11,adjacent,100,30,16,13,REV,E2,E1,E9,E10,17.000000,192.639000,OK
5,11,adjacent,100,30,16,14,FWD,E1,E2,E10,E11,-59.789000,190.884000,OK
5,11,adjacent,100,30,16,15,REV,E2,E1,E10,E11,-65.625000,193.038000,OK
5,11,adjacent,100,30,16,16,FWD,E1,E2,E11,E12,-63.547000,190.485000,OK
5,11,adjacent,100,30,16,17,REV,E2,E1,E11,E12,-66.836000,193.278000,OK
5,11,adjacent,100,30,16,18,FWD,E2,E3,E4,E5,48.930000,116.350000,OK
5,11,adjacent,100,30,16,19,REV,E3,E2,E4,E5,47.742000,231.023000,OK
5,11,adjacent,100,30,16,20,FWD,E2,E3,E5,E6,-127.289000,190.086000,OK
5,11,adjacent,100,30,16,21,REV,E3,E2,E5,E6,19.078000,208.121000,OK
5,11,adjacent,100,30,16,22,FWD,E2,E3,E6,E7,-49.469000,199.422000,OK
5,11,adjacent,100,30,16,23,REV,E3,E2,E6,E7,-49.188000,204.370000,OK
5,11,adjacent,100,30,16,24,FWD,E2,E3,E7,E8,-34.461000,201.577000,OK
5,11,adjacent,100,30,16,25,REV,E3,E2,E7,E8,-34.328000,203.412000,OK
5,11,adjacent,100,30,16,26,FWD,E2,E3,E8,E9,11.109000,201.417000,OK
5,11,adjacent,100,30,16,27,REV,E3,E2,E8,E9,11.492000,202.614000,OK
5,11,adjacent,100,30,16,28,FWD,E2,E3,E9,E10,17.930000,202.215000,OK
5,11,adjacent,100,30,16,29,REV,E3,E2,E9,E10,18.336000,202.215000,OK
5,11,adjacent,100,30,16,30,FWD,E2,E3,E10,E11,-63.641000,202.534000,OK
5,11,adjacent,100,30,16,31,REV,E3,E2,E10,E11,-66.602000,202.215000,OK
5,11,adjacent,100,30,16,32,FWD,E2,E3,E11,E12,-68.891000,203.173000,OK
5,11,adjacent,100,30,16,33,REV,E3,E2,E11,E12,-66.859000,202.135000,OK
5,11,adjacent,100,30,16,34,FWD,E2,E3,E12,E1,59.031000,202.295000,OK
5,11,adjacent,100,30,16,35,REV,E3,E2,E12,E1,60.133000,202.375000,OK
5,11,adjacent,100,30,16,36,FWD,E3,E4,E1,E2,24.617000,126.804000,OK
5,11,adjacent,100,30,16,37,REV,E4,E3,E1,E2,19.133000,236.929000,OK
5,11,adjacent,100,30,16,38,FWD,E3,E4,E5,E6,7.391000,196.549000,OK
5,11,adjacent,100,30,16,39,REV,E4,E3,E5,E6,8.898000,214.584000,OK
5,11,adjacent,100,30,16,40,FWD,E3,E4,E6,E7,-51.094000,204.849000,OK
5,11,adjacent,100,30,16,41,REV,E4,E3,E6,E7,-50.773000,211.153000,OK
5,11,adjacent,100,30,16,42,FWD,E3,E4,E7,E8,-37.008000,207.003000,OK
5,11,adjacent,100,30,16,43,REV,E4,E3,E7,E8,-36.852000,209.956000,OK
5,11,adjacent,100,30,16,44,FWD,E3,E4,E8,E9,12.125000,206.684000,OK
5,11,adjacent,100,30,16,45,REV,E4,E3,E8,E9,12.477000,210.116000,OK
5,11,adjacent,100,30,16,46,FWD,E3,E4,E9,E10,19.258000,208.200000,OK
5,11,adjacent,100,30,16,47,REV,E4,E3,E9,E10,19.547000,209.318000,OK
5,11,adjacent,100,30,16,48,FWD,E3,E4,E10,E11,-61.492000,208.440000,OK
5,11,adjacent,100,30,16,49,REV,E4,E3,E10,E11,-69.797000,208.759000,OK
5,11,adjacent,100,30,16,50,FWD,E3,E4,E11,E12,-69.047000,208.440000,OK
5,11,adjacent,100,30,16,51,REV,E4,E3,E11,E12,-75.828000,209.557000,OK
5,11,adjacent,100,30,16,52,FWD,E3,E4,E12,E1,64.727000,207.881000,OK
5,11,adjacent,100,30,16,53,REV,E4,E3,E12,E1,65.578000,209.318000,OK
5,11,adjacent,100,30,16,54,FWD,E4,E5,E1,E2,8.367000,74.055000,OK
5,11,adjacent,100,30,16,55,REV,E5,E4,E1,E2,8.875000,220.729000,OK
5,11,adjacent,100,30,16,56,FWD,E4,E5,E2,E3,-0.070000,172.051000,OK
5,11,adjacent,100,30,16,57,REV,E5,E4,E2,E3,-2.063000,193.756000,OK
5,11,adjacent,100,30,16,58,FWD,E4,E5,E6,E7,-52.672000,182.265000,OK
5,11,adjacent,100,30,16,59,REV,E5,E4,E6,E7,-52.008000,190.006000,OK
5,11,adjacent,100,30,16,60,FWD,E4,E5,E7,E8,-39.289000,184.420000,OK
5,11,adjacent,100,30,16,61,REV,E5,E4,E7,E8,-39.109000,189.687000,OK
5,11,adjacent,100,30,16,62,FWD,E4,E5,E8,E9,13.227000,185.537000,OK
5,11,adjacent,100,30,16,63,REV,E5,E4,E8,E9,13.555000,189.128000,OK
5,11,adjacent,100,30,16,64,FWD,E4,E5,E9,E10,20.281000,186.175000,OK
5,11,adjacent,100,30,16,65,REV,E5,E4,E9,E10,20.539000,188.968000,OK
5,11,adjacent,100,30,16,66,FWD,E4,E5,E10,E11,-61.047000,186.894000,OK
5,11,adjacent,100,30,16,67,REV,E5,E4,E10,E11,-68.609000,187.771000,OK
5,11,adjacent,100,30,16,68,FWD,E4,E5,E11,E12,-66.695000,186.814000,OK
5,11,adjacent,100,30,16,69,REV,E5,E4,E11,E12,-75.492000,187.931000,OK
5,11,adjacent,100,30,16,70,FWD,E4,E5,E12,E1,70.516000,186.973000,OK
5,11,adjacent,100,30,16,71,REV,E5,E4,E12,E1,71.234000,188.410000,OK
5,11,adjacent,100,30,16,72,FWD,E5,E6,E1,E2,10.391000,49.477000,OK
5,11,adjacent,100,30,16,73,REV,E6,E5,E1,E2,10.805000,235.732000,OK
5,11,adjacent,100,30,16,74,FWD,E5,E6,E2,E3,-0.305000,166.385000,OK
5,11,adjacent,100,30,16,75,REV,E6,E5,E2,E3,-2.336000,201.417000,OK
5,11,adjacent,100,30,16,76,FWD,E5,E6,E3,E4,-16.695000,181.627000,OK
5,11,adjacent,100,30,16,77,REV,E6,E5,E3,E4,-18.414000,195.113000,OK
5,11,adjacent,100,30,16,78,FWD,E5,E6,E7,E8,-41.414000,185.218000,OK
5,11,adjacent,100,30,16,79,REV,E6,E5,E7,E8,-40.875000,193.597000,OK
5,11,adjacent,100,30,16,80,FWD,E5,E6,E8,E9,14.258000,187.293000,OK
5,11,adjacent,100,30,16,81,REV,E6,E5,E8,E9,14.633000,192.559000,OK
5,11,adjacent,100,30,16,82,FWD,E5,E6,E9,E10,20.930000,188.729000,OK
5,11,adjacent,100,30,16,83,REV,E6,E5,E9,E10,21.148000,191.123000,OK
5,11,adjacent,100,30,16,84,FWD,E5,E6,E10,E11,-58.664000,188.490000,OK
5,11,adjacent,100,30,16,85,REV,E6,E5,E10,E11,-62.563000,190.963000,OK
5,11,adjacent,100,30,16,86,FWD,E5,E6,E11,E12,-64.352000,188.889000,OK
5,11,adjacent,100,30,16,87,REV,E6,E5,E11,E12,-64.188000,191.522000,OK
5,11,adjacent,100,30,16,88,FWD,E5,E6,E12,E1,75.797000,189.367000,OK
5,11,adjacent,100,30,16,89,REV,E6,E5,E12,E1,76.375000,192.320000,OK
5,11,adjacent,100,30,16,90,FWD,E6,E7,E1,E2,12.594000,123.292000,OK
5,11,adjacent,100,30,16,91,REV,E7,E6,E1,E2,13.016000,220.729000,OK
5,11,adjacent,100,30,16,92,FWD,E6,E7,E2,E3,54.438000,188.490000,OK
5,11,adjacent,100,30,16,93,REV,E7,E6,E2,E3,-79.336000,200.938000,OK
5,11,adjacent,100,30,16,94,FWD,E6,E7,E3,E4,-16.398000,194.714000,OK
5,11,adjacent,100,30,16,95,REV,E7,E6,E3,E4,-18.898000,199.263000,OK
5,11,adjacent,100,30,16,96,FWD,E6,E7,E4,E5,3.844000,196.230000,OK
5,11,adjacent,100,30,16,97,REV,E7,E6,E4,E5,3.055000,198.465000,OK
5,11,adjacent,100,30,16,98,FWD,E6,E7,E8,E9,15.133000,197.347000,OK
5,11,adjacent,100,30,16,99,REV,E7,E6,E8,E9,15.867000,197.427000,OK
5,11,adjacent,100,30,16,100,FWD,E6,E7,E9,E10,21.383000,198.225000,OK
5,11,adjacent,100,30,16,101,REV,E7,E6,E9,E10,21.742000,197.427000,OK
5,11,adjacent,100,30,16,102,FWD,E6,E7,E10,E11,-49.102000,197.268000,OK
5,11,adjacent,100,30,16,103,REV,E7,E6,E10,E11,-78.008000,197.188000,OK
5,11,adjacent,100,30,16,104,FWD,E6,E7,E11,E12,-55.672000,197.986000,OK
5,11,adjacent,100,30,16,105,REV,E7,E6,E11,E12,-81.906000,197.986000,OK
5,11,adjacent,100,30,16,106,FWD,E6,E7,E12,E1,80.398000,198.784000,OK
5,11,adjacent,100,30,16,107,REV,E7,E6,E12,E1,80.992000,198.544000,OK
5,11,adjacent,100,30,16,108,FWD,E7,E8,E1,E2,14.492000,128.958000,OK
5,11,adjacent,100,30,16,109,REV,E8,E7,E1,E2,14.945000,211.552000,OK
5,11,adjacent,100,30,16,110,FWD,E7,E8,E2,E3,-117.961000,189.447000,OK
5,11,adjacent,100,30,16,111,REV,E8,E7,E2,E3,20.070000,195.991000,OK
5,11,adjacent,100,30,16,112,FWD,E7,E8,E3,E4,44.742000,193.916000,OK
5,11,adjacent,100,30,16,113,REV,E8,E7,E3,E4,-79.977000,195.592000,OK
5,11,adjacent,100,30,16,114,FWD,E7,E8,E4,E5,6.711000,195.991000,OK
5,11,adjacent,100,30,16,115,REV,E8,E7,E4,E5,6.078000,193.836000,OK
5,11,adjacent,100,30,16,116,FWD,E7,E8,E5,E6,-26.203000,196.869000,OK
5,11,adjacent,100,30,16,117,REV,E8,E7,E5,E6,-26.531000,193.756000,OK
5,11,adjacent,100,30,16,118,FWD,E7,E8,E9,E10,21.734000,195.193000,OK
5,11,adjacent,100,30,16,119,REV,E8,E7,E9,E10,22.242000,194.235000,OK
5,11,adjacent,100,30,16,120,FWD,E7,E8,E10,E11,-75.578000,195.672000,OK
5,11,adjacent,100,30,16,121,REV,E8,E7,E10,E11,-61.219000,194.315000,OK
5,11,adjacent,100,30,16,122,FWD,E7,E8,E11,E12,-86.844000,195.672000,OK
5,11,adjacent,100,30,16,123,REV,E8,E7,E11,E12,-63.109000,195.352000,OK
5,11,adjacent,100,30,16,124,FWD,E7,E8,E12,E1,84.344000,195.831000,OK
5,11,adjacent,100,30,16,125,REV,E8,E7,E12,E1,84.805000,193.916000,OK
5,11,adjacent,100,30,16,126,FWD,E8,E9,E1,E2,16.500000,111.402000,OK
5,11,adjacent,100,30,16,127,REV,E9,E8,E1,E2,16.930000,237.407000,OK
5,11,adjacent,100,30,16,128,FWD,E8,E9,E2,E3,10.078000,189.766000,OK
5,11,adjacent,100,30,16,129,REV,E9,E8,E2,E3,10.180000,212.749000,OK
5,11,adjacent,100,30,16,130,FWD,E8,E9,E3,E4,-92.508000,200.380000,OK
5,11,adjacent,100,30,16,131,REV,E9,E8,E3,E4,40.180000,209.158000,OK
5,11,adjacent,100,30,16,132,FWD,E8,E9,E4,E5,8.867000,202.295000,OK
5,11,adjacent,100,30,16,133,REV,E9,E8,E4,E5,8.109000,207.163000,OK
5,11,adjacent,100,30,16,134,FWD,E8,E9,E5,E6,-18.578000,203.652000,OK
5,11,adjacent,100,30,16,135,REV,E9,E8,E5,E6,-19.125000,206.684000,OK
5,11,adjacent,100,30,16,136,FWD,E8,E9,E6,E7,-31.352000,203.013000,OK
5,11,adjacent,100,30,16,137,REV,E9,E8,E6,E7,-31.156000,206.764000,OK
5,11,adjacent,100,30,16,138,FWD,E8,E9,E10,E11,-64.320000,203.891000,OK
5,11,adjacent,100,30,16,139,REV,E9,E8,E10,E11,-64.828000,206.285000,OK
5,11,adjacent,100,30,16,140,FWD,E8,E9,E11,E12,-77.672000,205.407000,OK
5,11,adjacent,100,30,16,141,REV,E9,E8,E11,E12,-74.531000,206.604000,OK
5,11,adjacent,100,30,16,142,FWD,E8,E9,E12,E1,87.797000,204.130000,OK
5,11,adjacent,100,30,16,143,REV,E9,E8,E12,E1,88.398000,206.525000,OK
5,11,adjacent,100,30,16,144,FWD,E9,E10,E1,E2,18.031000,102.065000,OK
5,11,adjacent,100,30,16,145,REV,E10,E9,E1,E2,18.453000,256.161000,OK
5,11,adjacent,100,30,16,146,FWD,E9,E10,E2,E3,-0.391000,193.357000,OK
5,11,adjacent,100,30,16,147,REV,E10,E9,E2,E3,0.820000,226.555000,OK
5,11,adjacent,100,30,16,148,FWD,E9,E10,E3,E4,23.117000,208.360000,OK
5,11,adjacent,100,30,16,149,REV,E10,E9,E3,E4,23.445000,219.931000,OK
5,11,adjacent,100,30,16,150,FWD,E9,E10,E4,E5,10.625000,212.031000,OK
5,11,adjacent,100,30,16,151,REV,E10,E9,E4,E5,9.906000,218.016000,OK
5,11,adjacent,100,30,16,152,FWD,E9,E10,E5,E6,-13.195000,212.190000,OK
5,11,adjacent,100,30,16,153,REV,E10,E9,E5,E6,-13.805000,218.016000,OK
5,11,adjacent,100,30,16,154,FWD,E9,E10,E6,E7,-37.297000,213.387000,OK
5,11,adjacent,100,30,16,155,REV,E10,E9,E6,E7,-37.242000,216.260000,OK
5,11,adjacent,100,30,16,156,FWD,E9,E10,E7,E8,-14.766000,214.664000,OK
5,11,adjacent,100,30,16,157,REV,E10,E9,E7,E8,-14.688000,217.537000,OK
5,11,adjacent,100,30,16,158,FWD,E9,E10,E11,E12,-61.945000,215.223000,OK
5,11,adjacent,100,30,16,159,REV,E10,E9,E11,E12,-65.406000,216.579000,OK
5,11,adjacent,100,30,16,160,FWD,E9,E10,E12,E1,90.805000,215.223000,OK
5,11,adjacent,100,30,16,161,REV,E10,E9,E12,E1,91.375000,216.819000,OK
5,11,adjacent,100,30,16,162,FWD,E10,E11,E1,E2,19.445000,115.552000,OK
5,11,adjacent,100,30,16,163,REV,E11,E10,E1,E2,19.984000,246.265000,OK
5,11,adjacent,100,30,16,164,FWD,E10,E11,E2,E3,-2.906000,191.602000,OK
5,11,adjacent,100,30,16,165,REV,E11,E10,E2,E3,-1.312000,220.889000,OK
5,11,adjacent,100,30,16,166,FWD,E10,E11,E3,E4,11.406000,203.572000,OK
5,11,adjacent,100,30,16,167,REV,E11,E10,E3,E4,12.758000,215.861000,OK
5,11,adjacent,100,30,16,168,FWD,E10,E11,E4,E5,12.313000,207.163000,OK
5,11,adjacent,100,30,16,169,REV,E11,E10,E4,E5,11.266000,213.547000,OK
5,11,adjacent,100,30,16,170,FWD,E10,E11,E5,E6,-8.844000,207.881000,OK
5,11,adjacent,100,30,16,171,REV,E11,E10,E5,E6,-9.711000,212.669000,OK
5,11,adjacent,100,30,16,172,FWD,E10,E11,E6,E7,-41.016000,209.238000,OK
5,11,adjacent,100,30,16,173,REV,E11,E10,E6,E7,-40.844000,211.871000,OK
5,11,adjacent,100,30,16,174,FWD,E10,E11,E7,E8,-21.367000,210.834000,OK
5,11,adjacent,100,30,16,175,REV,E11,E10,E7,E8,-21.227000,212.510000,OK
5,11,adjacent,100,30,16,176,FWD,E10,E11,E8,E9,6.297000,209.956000,OK
5,11,adjacent,100,30,16,177,REV,E11,E10,E8,E9,7.805000,212.350000,OK
5,11,adjacent,100,30,16,178,FWD,E10,E11,E12,E1,93.758000,210.195000,OK
5,11,adjacent,100,30,16,179,REV,E11,E10,E12,E1,94.719000,211.153000,OK
5,11,adjacent,100,30,16,180,FWD,E11,E12,E1,E2,20.398000,180.270000,OK
5,11,adjacent,100,30,16,181,REV,E12,E11,E1,E2,21.266000,206.525000,OK
5,11,adjacent,100,30,16,182,FWD,E11,E12,E2,E3,-4.367000,213.308000,OK
5,11,adjacent,100,30,16,183,REV,E12,E11,E2,E3,-2.727000,200.779000,OK
5,11,adjacent,100,30,16,184,FWD,E11,E12,E3,E4,5.898000,214.983000,OK
5,11,adjacent,100,30,16,185,REV,E12,E11,E3,E4,7.047000,201.657000,OK
5,11,adjacent,100,30,16,186,FWD,E11,E12,E4,E5,14.039000,212.909000,OK
5,11,adjacent,100,30,16,187,REV,E12,E11,E4,E5,12.500000,203.412000,OK
5,11,adjacent,100,30,16,188,FWD,E11,E12,E5,E6,-5.172000,212.749000,OK
5,11,adjacent,100,30,16,189,REV,E12,E11,E5,E6,-6.234000,202.375000,OK
5,11,adjacent,100,30,16,190,FWD,E11,E12,E6,E7,-43.836000,212.589000,OK
5,11,adjacent,100,30,16,191,REV,E12,E11,E6,E7,-43.750000,204.130000,OK
5,11,adjacent,100,30,16,192,FWD,E11,E12,E7,E8,-25.766000,213.707000,OK
5,11,adjacent,100,30,16,193,REV,E12,E11,E7,E8,-25.758000,204.849000,OK
5,11,adjacent,100,30,16,194,FWD,E11,E12,E8,E9,9.000000,212.111000,OK
5,11,adjacent,100,30,16,195,REV,E12,E11,E8,E9,9.375000,205.008000,OK
5,11,adjacent,100,30,16,196,FWD,E11,E12,E9,E10,14.031000,211.712000,OK
5,11,adjacent,100,30,16,197,REV,E12,E11,E9,E10,14.656000,205.647000,OK
5,11,adjacent,100,30,16,198,FWD,E12,E1,E2,E3,-4.883000,91.053000,OK
5,11,adjacent,100,30,16,199,REV,E1,E12,E2,E3,-3.125000,242.355000,OK
5,11,adjacent,100,30,16,200,FWD,E12,E1,E3,E4,2.219000,183.781000,OK
5,11,adjacent,100,30,16,201,REV,E1,E12,E3,E4,3.617000,214.904000,OK
5,11,adjacent,100,30,16,202,FWD,E12,E1,E4,E5,37.180000,196.071000,OK
5,11,adjacent,100,30,16,203,REV,E1,E12,E4,E5,-94.734000,208.121000,OK
5,11,adjacent,100,30,16,204,FWD,E12,E1,E5,E6,-2.297000,198.225000,OK
5,11,adjacent,100,30,16,205,REV,E1,E12,E5,E6,-3.773000,206.205000,OK
5,11,adjacent,100,30,16,206,FWD,E12,E1,E6,E7,-45.883000,199.901000,OK
5,11,adjacent,100,30,16,207,REV,E1,E12,E6,E7,-45.727000,204.849000,OK
5,11,adjacent,100,30,16,208,FWD,E12,E1,E7,E8,-29.047000,201.976000,OK
5,11,adjacent,100,30,16,209,REV,E1,E12,E7,E8,-29.016000,205.327000,OK
5,11,adjacent,100,30,16,210,FWD,E12,E1,E8,E9,9.492000,201.098000,OK
5,11,adjacent,100,30,16,211,REV,E1,E12,E8,E9,9.797000,205.407000,OK
5,11,adjacent,100,30,16,212,FWD,E12,E1,E9,E10,15.148000,200.859000,OK
5,11,adjacent,100,30,16,213,REV,E1,E12,E9,E10,15.609000,204.609000,OK
5,11,adjacent,100,30,16,214,FWD,E12,E1,E10,E11,-65.070000,201.018000,OK
5,11,adjacent,100,30,16,215,REV,E1,E12,E10,E11,-68.156000,204.529000,OK
6,12,adjacent,100,30,16,0,FWD,E1,E2,E3,E4,-0.523000,68.868000,OK
6,12,adjacent,100,30,16,1,REV,E2,E1,E3,E4,0.883000,232.380000,OK
6,12,adjacent,100,30,16,2,FWD,E1,E2,E4,E5,-87.734000,171.412000,OK
6,12,adjacent,100,30,16,3,REV,E2,E1,E4,E5,43.625000,201.577000,OK
6,12,adjacent,100,30,16,4,FWD,E1,E2,E5,E6,18.906000,184.420000,OK
6,12,adjacent,100,30,16,5,REV,E2,E1,E5,E6,-114.234000,196.709000,OK
6,12,adjacent,100,30,16,6,FWD,E1,E2,E6,E7,-47.773000,187.931000,OK
6,12,adjacent,100,30,16,7,REV,E2,E1,E6,E7,-47.539000,193.437000,OK
6,12,adjacent,100,30,16,8,FWD,E1,E2,E7,E8,-31.914000,189.687000,OK
6,12,adjacent,100,30,16,9,REV,E2,E1,E7,E8,-31.773000,194.554000,OK
6,12,adjacent,100,30,16,10,FWD,E1,E2,E8,E9,10.125000,188.809000,OK
6,12,adjacent,100,30,16,11,REV,E2,E1,E8,E9,10.500000,193.357000,OK
6,12,adjacent,100,30,16,12,FWD,E1,E2,E9,E10,16.586000,190.405000,OK
6,12,adjacent,100,30,16,13,REV,E2,E1,E9,E10,16.891000,193.198000,OK
6,12,adjacent,100,30,16,14,FWD,E1,E2,E10,E11,-59.711000,191.442000,OK
6,12,adjacent,100,30,16,15,REV,E2,E1,E10,E11,-65.828000,192.320000,OK
6,12,adjacent,100,30,16,16,FWD,E1,E2,E11,E12,-63.977000,191.203000,OK
6,12,adjacent,100,30,16,17,REV,E2,E1,E11,E12,-66.000000,192.559000,OK
6,12,adjacent,100,30,16,18,FWD,E2,E3,E4,E5,48.719000,115.472000,OK
6,12,adjacent,100,30,16,19,REV,E3,E2,E4,E5,47.555000,232.061000,OK
6,12,adjacent,100,30,16,20,FWD,E2,E3,E5,E6,-127.141000,189.288000,OK
6,12,adjacent,100,30,16,21,REV,E3,E2,E5,E6,19.344000,207.801000,OK
6,12,adjacent,100,30,16,22,FWD,E2,E3,E6,E7,-49.383000,199.502000,OK
6,12,adjacent,100,30,16,23,REV,E3,E2,E6,E7,-49.109000,204.051000,OK
6,12,adjacent,100,30,16,24,FWD,E2,E3,E7,E8,-34.391000,201.577000,OK
6,12,adjacent,100,30,16,25,REV,E3,E2,E7,E8,-34.258000,203.093000,OK
6,12,adjacent,100,30,16,26,FWD,E2,E3,E8,E9,10.883000,201.497000,OK
6,12,adjacent,100,30,16,27,REV,E3,E2,E8,E9,11.305000,202.534000,OK
6,12,adjacent,100,30,16,28,FWD,E2,E3,E9,E10,17.859000,202.056000,OK
6,12,adjacent,100,30,16,29,REV,E3,E2,E9,E10,18.250000,202.375000,OK
6,12,adjacent,100,30,16,30,FWD,E2,E3,E10,E11,-63.391000,203.013000,OK
6,12,adjacent,100,30,16,31,REV,E3,E2,E10,E11,-64.039000,201.736000,OK
6,12,adjacent,100,30,16,32,FWD,E2,E3,E11,E12,-67.461000,203.412000,OK
6,12,adjacent,100,30,16,33,REV,E3,E2,E11,E12,-65.945000,202.455000,OK
6,12,adjacent,100,30,16,34,FWD,E2,E3,E12,E1,59.000000,201.337000,OK
6,12,adjacent,100,30,16,35,REV,E3,E2,E12,E1,60.109000,202.614000,OK
6,12,adjacent,100,30,16,36,FWD,E3,E4,E1,E2,24.945000,126.484000,OK
6,12,adjacent,100,30,16,37,REV,E4,E3,E1,E2,19.477000,236.769000,OK
6,12,adjacent,100,30,16,38,FWD,E3,E4,E5,E6,7.641000,196.071000,OK
6,12,adjacent,100,30,16,39,REV,E4,E3,E5,E6,9.164000,214.744000,OK
6,12,adjacent,100,30,16,40,FWD,E3,E4,E6,E7,-51.000000,204.769000,OK
6,12,adjacent,100,30,16,41,REV,E4,E3,E6,E7,-50.633000,210.834000,OK
6,12,adjacent,100,30,16,42,FWD,E3,E4,E7,E8,-36.984000,206.844000,OK
6,12,adjacent,100,30,16,43,REV,E4,E3,E7,E8,-36.813000,210.275000,OK
6,12,adjacent,100,30,16,44,FWD,E3,E4,E8,E9,11.945000,207.083000,OK
6,12,adjacent,100,30,16,45,REV,E4,E3,E8,E9,12.297000,209.158000,OK
6,12,adjacent,100,30,16,46,FWD,E3,E4,E9,E10,19.195000,207.801000,OK
6,12,adjacent,100,30,16,47,REV,E4,E3,E9,E10,19.477000,209.238000,OK
6,12,adjacent,100,30,16,48,FWD,E3,E4,E10,E11,-62.547000,208.360000,OK
6,12,adjacent,100,30,16,49,REV,E4,E3,E10,E11,-69.953000,209.717000,OK
6,12,adjacent,100,30,16,50,FWD,E3,E4,E11,E12,-68.016000,207.722000,OK
6,12,adjacent,100,30,16,51,REV,E4,E3,E11,E12,-76.617000,209.637000,OK
6,12,adjacent,100,30,16,52,FWD,E3,E4,E12,E1,64.656000,208.679000,OK
6,12,adjacent,100,30,16,53,REV,E4,E3,E12,E1,65.492000,209.238000,OK
6,12,adjacent,100,30,16,54,FWD,E4,E5,E1,E2,8.641000,74.773000,OK
6,12,adjacent,100,30,16,55,REV,E5,E4,E1,E2,9.117000,219.053000,OK
6,12,adjacent,100,30,16,56,FWD,E4,E5,E2,E3,-0.250000,172.130000,OK
6,12,adjacent,100,30,16,57,REV,E5,E4,E2,E3,-2.227000,194.874000,OK
6,12,adjacent,100,30,16,58,FWD,E4,E5,E6,E7,-52.383000,181.547000,OK
6,12,adjacent,100,30,16,59,REV,E5,E4,E6,E7,-51.883000,191.362000,OK
6,12,adjacent,100,30,16,60,FWD,E4,E5,E7,E8,-39.305000,184.579000,OK
6,12,adjacent,100,30,16,61,REV,E5,E4,E7,E8,-39.117000,188.968000,OK
6,12,adjacent,100,30,16,62,FWD,E4,E5,E8,E9,13.039000,186.175000,OK
6,12,adjacent,100,30,16,63,REV,E5,E4,E8,E9,13.352000,188.250000,OK
6,12,adjacent,100,30,16,64,FWD,E4,E5,E9,E10,20.227000,185.697000,OK
6,12,adjacent,100,30,16,65,REV,E5,E4,E9,E10,20.430000,188.170000,OK
6,12,adjacent,100,30,16,66,FWD,E4,E5,E10,E11,-59.773000,186.814000,OK
6,12,adjacent,100,30,16,67,REV,E5,E4,E10,E11,-67.906000,188.569000,OK
6,12,adjacent,100,30,16,68,FWD,E4,E5,E11,E12,-66.039000,186.415000,OK
6,12,adjacent,100,30,16,69,REV,E5,E4,E11,E12,-75.461000,188.250000,OK
6,12,adjacent,100,30,16,70,FWD,E4,E5,E12,E1,70.453000,187.213000,OK
6,12,adjacent,100,30,16,71,REV,E5,E4,E12,E1,71.188000,186.973000,OK
6,12,adjacent,100,30,16,72,FWD,E5,E6,E1,E2,10.586000,49.477000,OK
6,12,adjacent,100,30,16,73,REV,E6,E5,E1,E2,10.992000,235.492000,OK
6,12,adjacent,100,30,16,74,FWD,E5,E6,E2,E3,-0.352000,166.385000,OK
6,12,adjacent,100,30,16,75,REV,E6,E5,E2,E3,-2.391000,201.657000,OK
6,12,adjacent,100,30,16,76,FWD,E5,E6,E3,E4,-17.008000,181.387000,OK
6,12,adjacent,100,30,16,77,REV,E6,E5,E3,E4,-18.719000,194.794000,OK
6,12,adjacent,100,30,16,78,FWD,E5,E6,E7,E8,-41.469000,185.297000,OK
6,12,adjacent,100,30,16,79,REV,E6,E5,E7,E8,-40.938000,193.198000,OK
6,12,adjacent,100,30,16,80,FWD,E5,E6,E8,E9,14.086000,187.133000,OK
6,12,adjacent,100,30,16,81,REV,E6,E5,E8,E9,14.461000,191.921000,OK
6,12,adjacent,100,30,16,82,FWD,E5,E6,E9,E10,21.047000,187.452000,OK
6,12,adjacent,100,30,16,83,REV,E6,E5,E9,E10,21.281000,192.160000,OK
6,12,adjacent,100,30,16,84,FWD,E5,E6,E10,E11,-57.992000,188.968000,OK
6,12,adjacent,100,30,16,85,REV,E6,E5,E10,E11,-62.289000,191.043000,OK
6,12,adjacent,100,30,16,86,FWD,E5,E6,E11,E12,-62.703000,189.607000,OK
6,12,adjacent,100,30,16,87,REV,E6,E5,E11,E12,-63.695000,191.203000,OK
6,12,adjacent,100,30,16,88,FWD,E5,E6,E12,E1,75.664000,189.288000,OK
6,12,adjacent,100,30,16,89,REV,E6,E5,E12,E1,76.266000,190.884000,OK
6,12,adjacent,100,30,16,90,FWD,E6,E7,E1,E2,12.727000,122.175000,OK
6,12,adjacent,100,30,16,91,REV,E7,E6,E1,E2,13.164000,221.128000,OK
6,12,adjacent,100,30,16,92,FWD,E6,E7,E2,E3,54.414000,187.532000,OK
6,12,adjacent,100,30,16,93,REV,E7,E6,E2,E3,-79.328000,201.417000,OK
6,12,adjacent,100,30,16,94,FWD,E6,E7,E3,E4,-16.695000,195.831000,OK
6,12,adjacent,100,30,16,95,REV,E7,E6,E3,E4,-19.203000,197.986000,OK
6,12,adjacent,100,30,16,96,FWD,E6,E7,E4,E5,3.602000,196.709000,OK
6,12,adjacent,100,30,16,97,REV,E7,E6,E4,E5,2.781000,198.465000,OK
6,12,adjacent,100,30,16,98,FWD,E6,E7,E8,E9,14.945000,196.230000,OK
6,12,adjacent,100,30,16,99,REV,E7,E6,E8,E9,15.719000,197.746000,OK
6,12,adjacent,100,30,16,100,FWD,E6,E7,E9,E10,21.703000,197.507000,OK
6,12,adjacent,100,30,16,101,REV,E7,E6,E9,E10,22.031000,197.347000,OK
6,12,adjacent,100,30,16,102,FWD,E6,E7,E10,E11,-48.156000,197.667000,OK
6,12,adjacent,100,30,16,103,REV,E7,E6,E10,E11,-76.195000,198.385000,OK
6,12,adjacent,100,30,16,104,FWD,E6,E7,E11,E12,-54.234000,196.948000,OK
6,12,adjacent,100,30,16,105,REV,E7,E6,E11,E12,-81.680000,197.507000,OK
6,12,adjacent,100,30,16,106,FWD,E6,E7,E12,E1,80.313000,197.667000,OK
6,12,adjacent,100,30,16,107,REV,E7,E6,E12,E1,80.859000,197.587000,OK
6,12,adjacent,100,30,16,108,FWD,E7,E8,E1,E2,14.680000,128.639000,OK
6,12,adjacent,100,30,16,109,REV,E8,E7,E1,E2,15.133000,211.472000,OK
6,12,adjacent,100,30,16,110,FWD,E7,E8,E2,E3,-118.023000,189.128000,OK
6,12,adjacent,100,30,16,111,REV,E8,E7,E2,E3,20.016000,196.470000,OK
6,12,adjacent,100,30,16,112,FWD,E7,E8,E3,E4,44.484000,194.315000,OK
6,12,adjacent,100,30,16,113,REV,E8,E7,E3,E4,-80.258000,195.193000,OK
6,12,adjacent,100,30,16,114,FWD,E7,E8,E4,E5,6.492000,195.273000,OK
6,12,adjacent,100,30,16,115,REV,E8,E7,E4,E5,5.844000,193.437000,OK
6,12,adjacent,100,30,16,116,FWD,E7,E8,E5,E6,-26.109000,195.911000,OK
6,12,adjacent,100,30,16,117,REV,E8,E7,E5,E6,-26.445000,193.996000,OK
6,12,adjacent,100,30,16,118,FWD,E7,E8,E9,E10,22.187000,194.874000,OK
6,12,adjacent,100,30,16,119,REV,E8,E7,E9,E10,22.695000,194.315000,OK
6,12,adjacent,100,30,16,120,FWD,E7,E8,E10,E11,-75.906000,195.432000,OK
6,12,adjacent,100,30,16,121,REV,E8,E7,E10,E11,-60.461000,194.874000,OK
6,12,adjacent,100,30,16,122,FWD,E7,E8,E11,E12,-85.547000,196.150000,OK
6,12,adjacent,100,30,16,123,REV,E8,E7,E11,E12,-62.828000,194.235000,OK
6,12,adjacent,100,30,16,124,FWD,E7,E8,E12,E1,84.203000,195.831000,OK
6,12,adjacent,100,30,16,125,REV,E8,E7,E12,E1,84.680000,193.278000,OK
6,12,adjacent,100,30,16,126,FWD,E8,E9,E1,E2,16.664000,110.764000,OK
6,12,adjacent,100,30,16,127,REV,E9,E8,E1,E2,17.070000,237.647000,OK
6,12,adjacent,100,30,16,128,FWD,E8,E9,E2,E3,10.188000,189.766000,OK
6,12,adjacent,100,30,16,129,REV,E9,E8,E2,E3,10.273000,212.031000,OK
6,12,adjacent,100,30,16,130,FWD,E8,E9,E3,E4,-92.805000,200.619000,OK
6,12,adjacent,100,30,16,131,REV,E9,E8,E3,E4,39.953000,208.759000,OK
6,12,adjacent,100,30,16,132,FWD,E8,E9,E4,E5,8.531000,202.215000,OK
6,12,adjacent,100,30,16,133,REV,E9,E8,E4,E5,7.867000,208.440000,OK
6,12,adjacent,100,30,16,134,FWD,E8,E9,E5,E6,-18.516000,202.455000,OK
6,12,adjacent,100,30,16,135,REV,E9,E8,E5,E6,-19.078000,206.365000,OK
6,12,adjacent,100,30,16,136,FWD,E8,E9,E6,E7,-31.070000,203.811000,OK
6,12,adjacent,100,30,16,137,REV,E9,E8,E6,E7,-30.930000,206.285000,OK
6,12,adjacent,100,30,16,138,FWD,E8,E9,E10,E11,-65.203000,204.130000,OK
6,12,adjacent,100,30,16,139,REV,E9,E8,E10,E11,-64.953000,206.924000,OK
6,12,adjacent,100,30,16,140,FWD,E8,E9,E11,E12,-77.086000,204.529000,OK
6,12,adjacent,100,30,16,141,REV,E9,E8,E11,E12,-70.664000,207.163000,OK
6,12,adjacent,100,30,16,142,FWD,E8,E9,E12,E1,87.664000,204.290000,OK
6,12,adjacent,100,30,16,143,REV,E9,E8,E12,E1,88.242000,206.604000,OK
6,12,adjacent,100,30,16,144,FWD,E9,E10,E1,E2,18.195000,101.746000,OK
6,12,adjacent,100,30,16,145,REV,E10,E9,E1,E2,18.578000,255.762000,OK
6,12,adjacent,100,30,16,146,FWD,E9,E10,E2,E3,-0.250000,194.634000,OK
6,12,adjacent,100,30,16,147,REV,E10,E9,E2,E3,0.953000,225.677000,OK
6,12,adjacent,100,30,16,148,FWD,E9,E10,E3,E4,22.758000,207.402000,OK
6,12,adjacent,100,30,16,149,REV,E10,E9,E3,E4,23.117000,220.330000,OK
6,12,adjacent,100,30,16,150,FWD,E9,E10,E4,E5,10.359000,212.111000,OK
6,12,adjacent,100,30,16,151,REV,E10,E9,E4,E5,9.633000,218.096000,OK
6,12,adjacent,100,30,16,152,FWD,E9,E10,E5,E6,-13.203000,212.829000,OK
6,12,adjacent,100,30,16,153,REV,E10,E9,E5,E6,-13.766000,216.899000,OK
6,12,adjacent,100,30,16,154,FWD,E9,E10,E6,E7,-37.070000,213.547000,OK
6,12,adjacent,100,30,16,155,REV,E10,E9,E6,E7,-36.961000,216.420000,OK
6,12,adjacent,100,30,16,156,FWD,E9,E10,E7,E8,-14.953000,214.185000,OK
6,12,adjacent,100,30,16,157,REV,E10,E9,E7,E8,-14.883000,216.978000,OK
6,12,adjacent,100,30,16,158,FWD,E9,E10,E11,E12,-61.789000,214.904000,OK
6,12,adjacent,100,30,16,159,REV,E10,E9,E11,E12,-66.602000,216.101000,OK
6,12,adjacent,100,30,16,160,FWD,E9,E10,E12,E1,90.578000,215.223000,OK
6,12,adjacent,100,30,16,161,REV,E10,E9,E12,E1,91.211000,216.819000,OK
6,12,adjacent,100,30,16,162,FWD,E10,E11,E1,E2,19.602000,115.552000,OK
6,12,adjacent,100,30,16,163,REV,E11,E10,E1,E2,20.156000,246.106000,OK
6,12,adjacent,100,30,16,164,FWD,E10,E11,E2,E3,-2.680000,192.001000,OK
6,12,adjacent,100,30,16,165,REV,E11,E10,E2,E3,-1.102000,220.011000,OK
6,12,adjacent,100,30,16,166,FWD,E10,E11,E3,E4,11.102000,203.652000,OK
6,12,adjacent,100,30,16,167,REV,E11,E10,E3,E4,12.406000,215.702000,OK
6,12,adjacent,100,30,16,168,FWD,E10,E11,E4,E5,11.945000,206.365000,OK
6,12,adjacent,100,30,16,169,REV,E11,E10,E4,E5,10.953000,213.547000,OK
6,12,adjacent,100,30,16,170,FWD,E10,E11,E5,E6,-8.805000,209.158000,OK
6,12,adjacent,100,30,16,171,REV,E11,E10,E5,E6,-9.609000,212.829000,OK
6,12,adjacent,100,30,16,172,FWD,E10,E11,E6,E7,-40.680000,208.679000,OK
6,12,adjacent,100,30,16,173,REV,E11,E10,E6,E7,-40.508000,212.350000,OK
6,12,adjacent,100,30,16,174,FWD,E10,E11,E7,E8,-21.633000,210.116000,OK
6,12,adjacent,100,30,16,175,REV,E11,E10,E7,E8,-21.461000,211.313000,OK
6,12,adjacent,100,30,16,176,FWD,E10,E11,E8,E9,6.281000,209.876000,OK
6,12,adjacent,100,30,16,177,REV,E11,E10,E8,E9,7.789000,212.031000,OK
6,12,adjacent,100,30,16,178,FWD,E10,E11,E12,E1,93.555000,210.116000,OK
6,12,adjacent,100,30,16,179,REV,E11,E10,E12,E1,94.500000,211.632000,OK
6,12,adjacent,100,30,16,180,FWD,E11,E12,E1,E2,20.531000,180.988000,OK
6,12,adjacent,100,30,16,181,REV,E12,E11,E1,E2,21.398000,206.684000,OK
6,12,adjacent,100,30,16,182,FWD,E11,E12,E2,E3,-4.062000,212.190000,OK
6,12,adjacent,100,30,16,183,REV,E12,E11,E2,E3,-2.477000,201.258000,OK
6,12,adjacent,100,30,16,184,FWD,E11,E12,E3,E4,5.680000,213.946000,OK
6,12,adjacent,100,30,16,185,REV,E12,E11,E3,E4,6.859000,200.938000,OK
6,12,adjacent,100,30,16,186,FWD,E11,E12,E4,E5,13.688000,213.946000,OK
6,12,adjacent,100,30,16,187,REV,E12,E11,E4,E5,12.219000,202.375000,OK
6,12,adjacent,100,30,16,188,FWD,E11,E12,E5,E6,-5.148000,213.148000,OK
6,12,adjacent,100,30,16,189,REV,E12,E11,E5,E6,-6.148000,203.891000,OK
6,12,adjacent,100,30,16,190,FWD,E11,E12,E6,E7,-43.477000,213.308000,OK
6,12,adjacent,100,30,16,191,REV,E12,E11,E6,E7,-43.313000,203.731000,OK
6,12,adjacent,100,30,16,192,FWD,E11,E12,E7,E8,-26.078000,212.190000,OK
6,12,adjacent,100,30,16,193,REV,E12,E11,E7,E8,-26.039000,204.210000,OK
6,12,adjacent,100,30,16,194,FWD,E11,E12,E8,E9,8.961000,211.871000,OK
6,12,adjacent,100,30,16,195,REV,E12,E11,E8,E9,9.359000,204.928000,OK
6,12,adjacent,100,30,16,196,FWD,E11,E12,E9,E10,13.875000,212.589000,OK
6,12,adjacent,100,30,16,197,REV,E12,E11,E9,E10,14.469000,205.966000,OK
6,12,adjacent,100,30,16,198,FWD,E12,E1,E2,E3,-4.523000,90.973000,OK
6,12,adjacent,100,30,16,199,REV,E1,E12,E2,E3,-2.781000,242.275000,OK
6,12,adjacent,100,30,16,200,FWD,E12,E1,E3,E4,2.063000,183.861000,OK
6,12,adjacent,100,30,16,201,REV,E1,E12,E3,E4,3.461000,213.866000,OK
6,12,adjacent,100,30,16,202,FWD,E12,E1,E4,E5,36.859000,195.352000,OK
6,12,adjacent,100,30,16,203,REV,E1,E12,E4,E5,-94.984000,207.961000,OK
6,12,adjacent,100,30,16,204,FWD,E12,E1,E5,E6,-2.234000,198.544000,OK
6,12,adjacent,100,30,16,205,REV,E1,E12,E5,E6,-3.703000,206.445000,OK
6,12,adjacent,100,30,16,206,FWD,E12,E1,E6,E7,-45.438000,200.140000,OK
6,12,adjacent,100,30,16,207,REV,E1,E12,E6,E7,-45.344000,206.046000,OK
6,12,adjacent,100,30,16,208,FWD,E12,E1,E7,E8,-29.383000,201.337000,OK
6,12,adjacent,100,30,16,209,REV,E1,E12,E7,E8,-29.336000,204.928000,OK
6,12,adjacent,100,30,16,210,FWD,E12,E1,E8,E9,9.461000,200.938000,OK
6,12,adjacent,100,30,16,211,REV,E1,E12,E8,E9,9.758000,204.928000,OK
6,12,adjacent,100,30,16,212,FWD,E12,E1,E9,E10,15.008000,200.859000,OK
6,12,adjacent,100,30,16,213,REV,E1,E12,E9,E10,15.453000,204.849000,OK
6,12,adjacent,100,30,16,214,FWD,E12,E1,E10,E11,-64.922000,201.258000,OK
6,12,adjacent,100,30,16,215,REV,E1,E12,E10,E11,-68.789000,204.051000,OK
7,13,adjacent,100,30,16,0,FWD,E1,E2,E3,E4,-0.625000,69.347000,OK
7,13,adjacent,100,30,16,1,REV,E2,E1,E3,E4,0.828000,232.141000,OK
7,13,adjacent,100,30,16,2,FWD,E1,E2,E4,E5,-87.938000,170.614000,OK
7,13,adjacent,100,30,16,3,REV,E2,E1,E4,E5,43.242000,201.577000,OK
7,13,adjacent,100,30,16,4,FWD,E1,E2,E5,E6,18.844000,184.739000,OK
7,13,adjacent,100,30,16,5,REV,E2,E1,E5,E6,-114.313000,196.150000,OK
7,13,adjacent,100,30,16,6,FWD,E1,E2,E6,E7,-47.258000,187.133000,OK
7,13,adjacent,100,30,16,7,REV,E2,E1,E6,E7,-47.023000,194.554000,OK
7,13,adjacent,100,30,16,8,FWD,E1,E2,E7,E8,-32.273000,188.729000,OK
7,13,adjacent,100,30,16,9,REV,E2,E1,E7,E8,-32.141000,193.517000,OK
7,13,adjacent,100,30,16,10,FWD,E1,E2,E8,E9,10.086000,189.527000,OK
7,13,adjacent,100,30,16,11,REV,E2,E1,E8,E9,10.445000,192.799000,OK
7,13,adjacent,100,30,16,12,FWD,E1,E2,E9,E10,16.445000,190.165000,OK
7,13,adjacent,100,30,16,13,REV,E2,E1,E9,E10,16.766000,192.400000,OK
7,13,adjacent,100,30,16,14,FWD,E1,E2,E10,E11,-60.047000,190.884000,OK
7,13,adjacent,100,30,16,15,REV,E2,E1,E10,E11,-66.695000,192.160000,OK
7,13,adjacent,100,30,16,16,FWD,E1,E2,E11,E12,-63.805000,190.165000,OK
7,13,adjacent,100,30,16,17,REV,E2,E1,E11,E12,-67.195000,192.559000,OK
7,13,adjacent,100,30,16,18,FWD,E2,E3,E4,E5,48.313000,114.993000,OK
7,13,adjacent,100,30,16,19,REV,E3,E2,E4,E5,47.133000,232.061000,OK
7,13,adjacent,100,30,16,20,FWD,E2,E3,E5,E6,-127.031000,189.527000,OK
7,13,adjacent,100,30,16,21,REV,E3,E2,E5,E6,19.406000,208.599000,OK
7,13,adjacent,100,30,16,22,FWD,E2,E3,E6,E7,-48.797000,198.864000,OK
7,13,adjacent,100,30,16,23,REV,E3,E2,E6,E7,-48.602000,203.173000,OK
7,13,adjacent,100,30,16,24,FWD,E2,E3,E7,E8,-34.789000,201.178000,OK
7,13,adjacent,100,30,16,25,REV,E3,E2,E7,E8,-34.672000,203.412000,OK
7,13,adjacent,100,30,16,26,FWD,E2,E3,E8,E9,10.875000,200.859000,OK
7,13,adjacent,100,30,16,27,REV,E3,E2,E8,E9,11.266000,202.135000,OK
7,13,adjacent,100,30,16,28,FWD,E2,E3,E9,E10,17.703000,202.295000,OK
7,13,adjacent,100,30,16,29,REV,E3,E2,E9,E10,18.062000,202.933000,OK
7,13,adjacent,100,30,16,30,FWD,E2,E3,E10,E11,-63.789000,201.976000,OK
7,13,adjacent,100,30,16,31,REV,E3,E2,E10,E11,-64.477000,202.135000,OK
7,13,adjacent,100,30,16,32,FWD,E2,E3,E11,E12,-67.523000,202.375000,OK
7,13,adjacent,100,30,16,33,REV,E3,E2,E11,E12,-67.836000,200.859000,OK
7,13,adjacent,100,30,16,34,FWD,E2,E3,E12,E1,58.836000,202.614000,OK
7,13,adjacent,100,30,16,35,REV,E3,E2,E12,E1,59.922000,202.056000,OK
7,13,adjacent,100,30,16,36,FWD,E3,E4,E1,E2,25.164000,126.804000,OK
7,13,adjacent,100,30,16,37,REV,E4,E3,E1,E2,19.672000,237.088000,OK
7,13,adjacent,100,30,16,38,FWD,E3,E4,E5,E6,7.703000,195.831000,OK
7,13,adjacent,100,30,16,39,REV,E4,E3,E5,E6,9.234000,215.143000,OK
7,13,adjacent,100,30,16,40,FWD,E3,E4,E6,E7,-50.289000,203.811000,OK
7,13,adjacent,100,30,16,41,REV,E4,E3,E6,E7,-50.023000,210.674000,OK
7,13,adjacent,100,30,16,42,FWD,E3,E4,E7,E8,-37.445000,207.163000,OK
7,13,adjacent,100,30,16,43,REV,E4,E3,E7,E8,-37.266000,210.036000,OK
7,13,adjacent,100,30,16,44,FWD,E3,E4,E8,E9,11.906000,207.243000,OK
7,13,adjacent,100,30,16,45,REV,E4,E3,E8,E9,12.250000,209.557000,OK
7,13,adjacent,100,30,16,46,FWD,E3,E4,E9,E10,18.969000,208.520000,OK
7,13,adjacent,100,30,16,47,REV,E4,E3,E9,E10,19.258000,209.397000,OK
7,13,adjacent,100,30,16,48,FWD,E3,E4,E10,E11,-62.617000,207.163000,OK
7,13,adjacent,100,30,16,49,REV,E4,E3,E10,E11,-67.828000,209.397000,OK
7,13,adjacent,100,30,16,50,FWD,E3,E4,E11,E12,-68.859000,208.041000,OK
7,13,adjacent,100,30,16,51,REV,E4,E3,E11,E12,-76.719000,209.717000,OK
7,13,adjacent,100,30,16,52,FWD,E3,E4,E12,E1,64.477000,208.839000,OK
7,13,adjacent,100,30,16,53,REV,E4,E3,E12,E1,65.289000,208.839000,OK
7,13,adjacent,100,30,16,54,FWD,E4,E5,E1,E2,8.797000,74.055000,OK
7,13,adjacent,100,30,16,55,REV,E5,E4,E1,E2,9.289000,219.293000,OK
7,13,adjacent,100,30,16,56,FWD,E4,E5,E2,E3,0.375000,172.210000,OK
7,13,adjacent,100,30,16,57,REV,E5,E4,E2,E3,-1.570000,193.916000,OK
7,13,adjacent,100,30,16,58,FWD,E4,E5,E6,E7,-51.742000,182.026000,OK
7,13,adjacent,100,30,16,59,REV,E5,E4,E6,E7,-51.242000,191.442000,OK
7,13,adjacent,100,30,16,60,FWD,E4,E5,E7,E8,-39.789000,184.819000,OK
7,13,adjacent,100,30,16,61,REV,E5,E4,E7,E8,-39.594000,188.649000,OK
7,13,adjacent,100,30,16,62,FWD,E4,E5,E8,E9,12.969000,185.457000,OK
7,13,adjacent,100,30,16,63,REV,E5,E4,E8,E9,13.281000,188.569000,OK
7,13,adjacent,100,30,16,64,FWD,E4,E5,E9,E10,20.055000,186.255000,OK
7,13,adjacent,100,30,16,65,REV,E5,E4,E9,E10,20.320000,188.490000,OK
7,13,adjacent,100,30,16,66,FWD,E4,E5,E10,E11,-60.781000,187.053000,OK
7,13,adjacent,100,30,16,67,REV,E5,E4,E10,E11,-69.688000,188.091000,OK
7,13,adjacent,100,30,16,68,FWD,E4,E5,E11,E12,-68.469000,187.293000,OK
7,13,adjacent,100,30,16,69,REV,E5,E4,E11,E12,-75.289000,187.851000,OK
7,13,adjacent,100,30,16,70,FWD,E4,E5,E12,E1,70.180000,186.016000,OK
7,13,adjacent,100,30,16,71,REV,E5,E4,E12,E1,70.914000,188.011000,OK
7,13,adjacent,100,30,16,72,FWD,E5,E6,E1,E2,10.773000,49.716000,OK
7,13,adjacent,100,30,16,73,REV,E6,E5,E1,E2,11.164000,236.210000,OK
7,13,adjacent,100,30,16,74,FWD,E5,E6,E2,E3,0.289000,166.305000,OK
7,13,adjacent,100,30,16,75,REV,E6,E5,E2,E3,-1.742000,200.779000,OK
7,13,adjacent,100,30,16,76,FWD,E5,E6,E3,E4,-17.039000,181.307000,OK
7,13,adjacent,100,30,16,77,REV,E6,E5,E3,E4,-18.766000,195.273000,OK
7,13,adjacent,100,30,16,78,FWD,E5,E6,E7,E8,-41.977000,184.819000,OK
7,13,adjacent,100,30,16,79,REV,E6,E5,E7,E8,-41.445000,193.517000,OK
7,13,adjacent,100,30,16,80,FWD,E5,E6,E8,E9,14.000000,187.612000,OK
7,13,adjacent,100,30,16,81,REV,E6,E5,E8,E9,14.391000,192.320000,OK
7,13,adjacent,100,30,16,82,FWD,E5,E6,E9,E10,20.852000,187.532000,OK
7,13,adjacent,100,30,16,83,REV,E6,E5,E9,E10,21.070000,191.362000,OK
7,13,adjacent,100,30,16,84,FWD,E5,E6,E10,E11,-58.563000,188.490000,OK
7,13,adjacent,100,30,16,85,REV,E6,E5,E10,E11,-62.883000,190.804000,OK
7,13,adjacent,100,30,16,86,FWD,E5,E6,E11,E12,-64.570000,189.208000,OK
7,13,adjacent,100,30,16,87,REV,E6,E5,E11,E12,-63.953000,190.963000,OK
7,13,adjacent,100,30,16,88,FWD,E5,E6,E12,E1,75.438000,189.367000,OK
7,13,adjacent,100,30,16,89,REV,E6,E5,E12,E1,75.984000,190.485000,OK
7,13,adjacent,100,30,16,90,FWD,E6,E7,E1,E2,12.922000,122.175000,OK
7,13,adjacent,100,30,16,91,REV,E7,E6,E1,E2,13.367000,221.527000,OK
7,13,adjacent,100,30,16,92,FWD,E6,E7,E2,E3,54.680000,187.931000,OK
7,13,adjacent,100,30,16,93,REV,E7,E6,E2,E3,-79.055000,201.896000,OK
7,13,adjacent,100,30,16,94,FWD,E6,E7,E3,E4,-16.656000,194.953000,OK
7,13,adjacent,100,30,16,95,REV,E7,E6,E3,E4,-19.180000,199.103000,OK
7,13,adjacent,100,30,16,96,FWD,E6,E7,E4,E5,3.352000,195.512000,OK
7,13,adjacent,100,30,16,97,REV,E7,E6,E4,E5,2.547000,197.667000,OK
7,13,adjacent,100,30,16,98,FWD,E6,E7,E8,E9,14.859000,197.108000,OK
7,13,adjacent,100,30,16,99,REV,E7,E6,E8,E9,15.656000,198.305000,OK
7,13,adjacent,100,30,16,100,FWD,E6,E7,E9,E10,21.484000,197.108000,OK
7,13,adjacent,100,30,16,101,REV,E7,E6,E9,E10,21.812000,198.225000,OK
7,13,adjacent,100,30,16,102,FWD,E6,E7,E10,E11,-48.125000,197.587000,OK
7,13,adjacent,100,30,16,103,REV,E7,E6,E10,E11,-77.461000,197.028000,OK
7,13,adjacent,100,30,16,104,FWD,E6,E7,E11,E12,-54.766000,197.986000,OK
7,13,adjacent,100,30,16,105,REV,E7,E6,E11,E12,-80.805000,198.465000,OK
7,13,adjacent,100,30,16,106,FWD,E6,E7,E12,E1,80.000000,198.465000,OK
7,13,adjacent,100,30,16,107,REV,E7,E6,E12,E1,80.586000,197.507000,OK
7,13,adjacent,100,30,16,108,FWD,E7,E8,E1,E2,14.836000,129.437000,OK
7,13,adjacent,100,30,16,109,REV,E8,E7,E1,E2,15.297000,211.871000,OK
7,13,adjacent,100,30,16,110,FWD,E7,E8,E2,E3,-117.742000,189.367000,OK
7,13,adjacent,100,30,16,111,REV,E8,E7,E2,E3,20.289000,196.470000,OK
7,13,adjacent,100,30,16,112,FWD,E7,E8,E3,E4,44.563000,195.512000,OK
7,13,adjacent,100,30,16,113,REV,E8,E7,E3,E4,-80.188000,193.996000,OK
7,13,adjacent,100,30,16,114,FWD,E7,E8,E4,E5,6.211000,195.193000,OK
7,13,adjacent,100,30,16,115,REV,E8,E7,E4,E5,5.578000,193.996000,OK
7,13,adjacent,100,30,16,116,FWD,E7,E8,E5,E6,-26.133000,195.831000,OK
7,13,adjacent,100,30,16,117,REV,E8,E7,E5,E6,-26.523000,194.874000,OK
7,13,adjacent,100,30,16,118,FWD,E7,E8,E9,E10,21.969000,195.751000,OK
7,13,adjacent,100,30,16,119,REV,E8,E7,E9,E10,22.555000,194.475000,OK
7,13,adjacent,100,30,16,120,FWD,E7,E8,E10,E11,-77.281000,195.193000,OK
7,13,adjacent,100,30,16,121,REV,E8,E7,E10,E11,-60.648000,193.996000,OK
7,13,adjacent,100,30,16,122,FWD,E7,E8,E11,E12,-88.109000,195.193000,OK
7,13,adjacent,100,30,16,123,REV,E8,E7,E11,E12,-64.016000,195.033000,OK
7,13,adjacent,100,30,16,124,FWD,E7,E8,E12,E1,83.938000,195.672000,OK
7,13,adjacent,100,30,16,125,REV,E8,E7,E12,E1,84.383000,194.554000,OK
7,13,adjacent,100,30,16,126,FWD,E8,E9,E1,E2,16.828000,110.684000,OK
7,13,adjacent,100,30,16,127,REV,E9,E8,E1,E2,17.273000,237.727000,OK
7,13,adjacent,100,30,16,128,FWD,E8,E9,E2,E3,10.422000,190.006000,OK
7,13,adjacent,100,30,16,129,REV,E9,E8,E2,E3,10.586000,212.749000,OK
7,13,adjacent,100,30,16,130,FWD,E8,E9,E3,E4,-92.766000,199.901000,OK
7,13,adjacent,100,30,16,131,REV,E9,E8,E3,E4,39.867000,208.599000,OK
7,13,adjacent,100,30,16,132,FWD,E8,E9,E4,E5,8.305000,201.417000,OK
7,13,adjacent,100,30,16,133,REV,E9,E8,E4,E5,7.578000,207.163000,OK
7,13,adjacent,100,30,16,134,FWD,E8,E9,E5,E6,-18.570000,203.093000,OK
7,13,adjacent,100,30,16,135,REV,E9,E8,E5,E6,-19.062000,207.482000,OK
7,13,adjacent,100,30,16,136,FWD,E8,E9,E6,E7,-30.953000,203.652000,OK
7,13,adjacent,100,30,16,137,REV,E9,E8,E6,E7,-30.719000,207.323000,OK
7,13,adjacent,100,30,16,138,FWD,E8,E9,E10,E11,-63.641000,204.210000,OK
7,13,adjacent,100,30,16,139,REV,E9,E8,E10,E11,-64.703000,205.487000,OK
7,13,adjacent,100,30,16,140,FWD,E8,E9,E11,E12,-77.891000,204.928000,OK
7,13,adjacent,100,30,16,141,REV,E9,E8,E11,E12,-73.898000,207.482000,OK
7,13,adjacent,100,30,16,142,FWD,E8,E9,E12,E1,87.445000,204.849000,OK
7,13,adjacent,100,30,16,143,REV,E9,E8,E12,E1,87.977000,205.647000,OK
7,13,adjacent,100,30,16,144,FWD,E9,E10,E1,E2,18.375000,102.305000,OK
7,13,adjacent,100,30,16,145,REV,E10,E9,E1,E2,18.773000,256.400000,OK
7,13,adjacent,100,30,16,146,FWD,E9,E10,E2,E3,0.102000,195.193000,OK
7,13,adjacent,100,30,16,147,REV,E10,E9,E2,E3,1.320000,225.437000,OK
7,13,adjacent,100,30,16,148,FWD,E9,E10,E3,E4,22.805000,208.440000,OK
7,13,adjacent,100,30,16,149,REV,E10,E9,E3,E4,23.180000,220.011000,OK
7,13,adjacent,100,30,16,150,FWD,E9,E10,E4,E5,10.180000,210.993000,OK
7,13,adjacent,100,30,16,151,REV,E10,E9,E4,E5,9.445000,217.856000,OK
7,13,adjacent,100,30,16,152,FWD,E9,E10,E5,E6,-13.141000,213.467000,OK
7,13,adjacent,100,30,16,153,REV,E10,E9,E5,E6,-13.758000,217.457000,OK
7,13,adjacent,100,30,16,154,FWD,E9,E10,E6,E7,-36.742000,213.786000,OK
7,13,adjacent,100,30,16,155,REV,E10,E9,E6,E7,-36.570000,217.377000,OK
7,13,adjacent,100,30,16,156,FWD,E9,E10,E7,E8,-15.141000,213.866000,OK
7,13,adjacent,100,30,16,157,REV,E10,E9,E7,E8,-15.078000,216.739000,OK
7,13,adjacent,100,30,16,158,FWD,E9,E10,E11,E12,-61.313000,214.345000,OK
7,13,adjacent,100,30,16,159,REV,E10,E9,E11,E12,-65.180000,217.537000,OK
7,13,adjacent,100,30,16,160,FWD,E9,E10,E12,E1,90.398000,214.106000,OK
7,13,adjacent,100,30,16,161,REV,E10,E9,E12,E1,90.984000,216.101000,OK
7,13,adjacent,100,30,16,162,FWD,E10,E11,E1,E2,19.766000,115.951000,OK
7,13,adjacent,100,30,16,163,REV,E11,E10,E1,E2,20.305000,246.345000,OK
7,13,adjacent,100,30,16,164,FWD,E10,E11,E2,E3,-2.281000,191.522000,OK
7,13,adjacent,100,30,16,165,REV,E11,E10,E2,E3,-0.719000,220.649000,OK
7,13,adjacent,100,30,16,166,FWD,E10,E11,E3,E4,11.172000,203.891000,OK
7,13,adjacent,100,30,16,167,REV,E11,E10,E3,E4,12.477000,216.579000,OK
7,13,adjacent,100,30,16,168,FWD,E10,E11,E4,E5,11.828000,205.727000,OK
7,13,adjacent,100,30,16,169,REV,E11,E10,E4,E5,10.852000,213.387000,OK
7,13,adjacent,100,30,16,170,FWD,E10,E11,E5,E6,-8.734000,208.360000,OK
7,13,adjacent,100,30,16,171,REV,E11,E10,E5,E6,-9.617000,213.707000,OK
7,13,adjacent,100,30,16,172,FWD,E10,E11,E6,E7,-40.250000,208.599000,OK
7,13,adjacent,100,30,16,173,REV,E11,E10,E6,E7,-40.164000,212.749000,OK
7,13,adjacent,100,30,16,174,FWD,E10,E11,E7,E8,-21.859000,209.956000,OK
7,13,adjacent,100,30,16,175,REV,E11,E10,E7,E8,-21.703000,212.031000,OK
7,13,adjacent,100,30,16,176,FWD,E10,E11,E8,E9,6.297000,210.036000,OK
7,13,adjacent,100,30,16,177,REV,E11,E10,E8,E9,7.805000,212.430000,OK
7,13,adjacent,100,30,16,178,FWD,E10,E11,E12,E1,93.398000,210.275000,OK
7,13,adjacent,100,30,16,179,REV,E11,E10,E12,E1,94.320000,211.313000,OK
7,13,adjacent,100,30,16,180,FWD,E11,E12,E1,E2,20.680000,180.829000,OK
7,13,adjacent,100,30,16,181,REV,E12,E11,E1,E2,21.547000,206.525000,OK
7,13,adjacent,100,30,16,182,FWD,E11,E12,E2,E3,-3.664000,212.749000,OK
7,13,adjacent,100,30,16,183,REV,E12,E11,E2,E3,-2.047000,200.460000,OK
7,13,adjacent,100,30,16,184,FWD,E11,E12,E3,E4,5.734000,215.063000,OK
7,13,adjacent,100,30,16,185,REV,E12,E11,E3,E4,6.930000,201.178000,OK
7,13,adjacent,100,30,16,186,FWD,E11,E12,E4,E5,13.594000,213.068000,OK
7,13,adjacent,100,30,16,187,REV,E12,E11,E4,E5,12.086000,201.896000,OK
7,13,adjacent,100,30,16,188,FWD,E11,E12,E5,E6,-5.117000,214.026000,OK
7,13,adjacent,100,30,16,189,REV,E12,E11,E5,E6,-6.187000,203.731000,OK
7,13,adjacent,100,30,16,190,FWD,E11,E12,E6,E7,-42.953000,212.749000,OK
7,13,adjacent,100,30,16,191,REV,E12,E11,E6,E7,-42.930000,203.652000,OK
7,13,adjacent,100,30,16,192,FWD,E11,E12,E7,E8,-26.328000,212.909000,OK
7,13,adjacent,100,30,16,193,REV,E12,E11,E7,E8,-26.289000,204.609000,OK
7,13,adjacent,100,30,16,194,FWD,E11,E12,E8,E9,8.984000,212.909000,OK
7,13,adjacent,100,30,16,195,REV,E12,E11,E8,E9,9.359000,205.487000,OK
7,13,adjacent,100,30,16,196,FWD,E11,E12,E9,E10,14.094000,212.669000,OK
7,13,adjacent,100,30,16,197,REV,E12,E11,E9,E10,14.664000,204.529000,OK
7,13,adjacent,100,30,16,198,FWD,E12,E1,E2,E3,-4.062000,90.813000,OK
7,13,adjacent,100,30,16,199,REV,E1,E12,E2,E3,-2.305000,242.594000,OK
7,13,adjacent,100,30,16,200,FWD,E12,E1,E3,E4,2.172000,183.622000,OK
7,13,adjacent,100,30,16,201,REV,E1,E12,E3,E4,3.594000,213.866000,OK
7,13,adjacent,100,30,16,202,FWD,E12,E1,E4,E5,36.938000,195.352000,OK
7,13,adjacent,100,30,16,203,REV,E1,E12,E4,E5,-95.102000,208.839000,OK
7,13,adjacent,100,30,16,204,FWD,E12,E1,E5,E6,-2.219000,197.986000,OK
7,13,adjacent,100,30,16,205,REV,E1,E12,E5,E6,-3.633000,206.445000,OK
7,13,adjacent,100,30,16,206,FWD,E12,E1,E6,E7,-44.945000,200.300000,OK
7,13,adjacent,100,30,16,207,REV,E1,E12,E6,E7,-44.805000,206.445000,OK
7,13,adjacent,100,30,16,208,FWD,E12,E1,E7,E8,-29.656000,200.460000,OK
7,13,adjacent,100,30,16,209,REV,E1,E12,E7,E8,-29.641000,205.647000,OK
7,13,adjacent,100,30,16,210,FWD,E12,E1,E8,E9,9.445000,200.539000,OK
7,13,adjacent,100,30,16,211,REV,E1,E12,E8,E9,9.758000,205.327000,OK
7,13,adjacent,100,30,16,212,FWD,E12,E1,E9,E10,15.258000,201.337000,OK
7,13,adjacent,100,30,16,213,REV,E1,E12,E9,E10,15.750000,205.647000,OK
7,13,adjacent,100,30,16,214,FWD,E12,E1,E10,E11,-65.938000,200.619000,OK
7,13,adjacent,100,30,16,215,REV,E1,E12,E10,E11,-68.430000,204.210000,OK
8,14,adjacent,100,30,16,0,FWD,E1,E2,E3,E4,-0.492000,70.065000,OK
8,14,adjacent,100,30,16,1,REV,E2,E1,E3,E4,0.930000,232.141000,OK
8,14,adjacent,100,30,16,2,FWD,E1,E2,E4,E5,-87.773000,170.774000,OK
8,14,adjacent,100,30,16,3,REV,E2,E1,E4,E5,43.539000,201.896000,OK
8,14,adjacent,100,30,16,4,FWD,E1,E2,E5,E6,19.125000,184.420000,OK
8,14,adjacent,100,30,16,5,REV,E2,E1,E5,E6,-114.125000,196.150000,OK
8,14,adjacent,100,30,16,6,FWD,E1,E2,E6,E7,-46.648000,188.410000,OK
8,14,adjacent,100,30,16,7,REV,E2,E1,E6,E7,-46.516000,193.357000,OK
8,14,adjacent,100,30,16,8,FWD,E1,E2,E7,E8,-32.609000,189.048000,OK
8,14,adjacent,100,30,16,9,REV,E2,E1,E7,E8,-32.492000,194.155000,OK
8,14,adjacent,100,30,16,10,FWD,E1,E2,E8,E9,10.102000,190.325000,OK
8,14,adjacent,100,30,16,11,REV,E2,E1,E8,E9,10.461000,191.921000,OK
8,14,adjacent,100,30,16,12,FWD,E1,E2,E9,E10,16.570000,190.644000,OK
8,14,adjacent,100,30,16,13,REV,E2,E1,E9,E10,16.883000,192.879000,OK
8,14,adjacent,100,30,16,14,FWD,E1,E2,E10,E11,-59.914000,190.804000,OK
8,14,adjacent,100,30,16,15,REV,E2,E1,E10,E11,-66.148000,192.001000,OK
8,14,adjacent,100,30,16,16,FWD,E1,E2,E11,E12,-62.508000,191.682000,OK
8,14,adjacent,100,30,16,17,REV,E2,E1,E11,E12,-66.344000,192.639000,OK
8,14,adjacent,100,30,16,18,FWD,E2,E3,E4,E5,48.523000,115.472000,OK
8,14,adjacent,100,30,16,19,REV,E3,E2,E4,E5,47.344000,231.422000,OK
8,14,adjacent,100,30,16,20,FWD,E2,E3,E5,E6,-126.977000,190.325000,OK
8,14,adjacent,100,30,16,21,REV,E3,E2,E5,E6,19.570000,208.839000,OK
8,14,adjacent,100,30,16,22,FWD,E2,E3,E6,E7,-48.266000,199.183000,OK
8,14,adjacent,100,30,16,23,REV,E3,E2,E6,E7,-47.977000,203.731000,OK
8,14,adjacent,100,30,16,24,FWD,E2,E3,E7,E8,-35.141000,201.337000,OK
8,14,adjacent,100,30,16,25,REV,E3,E2,E7,E8,-35.016000,202.455000,OK
8,14,adjacent,100,30,16,26,FWD,E2,E3,E8,E9,10.867000,201.497000,OK
8,14,adjacent,100,30,16,27,REV,E3,E2,E8,E9,11.242000,202.933000,OK
8,14,adjacent,100,30,16,28,FWD,E2,E3,E9,E10,17.680000,202.455000,OK
8,14,adjacent,100,30,16,29,REV,E3,E2,E9,E10,18.070000,201.736000,OK
8,14,adjacent,100,30,16,30,FWD,E2,E3,E10,E11,-64.242000,202.215000,OK
8,14,adjacent,100,30,16,31,REV,E3,E2,E10,E11,-65.953000,202.375000,OK
8,14,adjacent,100,30,16,32,FWD,E2,E3,E11,E12,-68.016000,202.933000,OK
8,14,adjacent,100,30,16,33,REV,E3,E2,E11,E12,-67.016000,201.976000,OK
8,14,adjacent,100,30,16,34,FWD,E2,E3,E12,E1,59.031000,202.933000,OK
8,14,adjacent,100,30,16,35,REV,E3,E2,E12,E1,60.125000,202.455000,OK
8,14,adjacent,100,30,16,36,FWD,E3,E4,E1,E2,25.055000,125.367000,OK
8,14,adjacent,100,30,16,37,REV,E4,E3,E1,E2,19.547000,238.126000,OK
8,14,adjacent,100,30,16,38,FWD,E3,E4,E5,E6,7.703000,195.831000,OK
8,14,adjacent,100,30,16,39,REV,E4,E3,E5,E6,9.234000,215.861000,OK
8,14,adjacent,100,30,16,40,FWD,E3,E4,E6,E7,-49.695000,203.412000,OK
8,14,adjacent,100,30,16,41,REV,E4,E3,E6,E7,-49.375000,211.233000,OK
8,14,adjacent,100,30,16,42,FWD,E3,E4,E7,E8,-37.781000,206.365000,OK
8,14,adjacent,100,30,16,43,REV,E4,E3,E7,E8,-37.633000,210.355000,OK
8,14,adjacent,100,30,16,44,FWD,E3,E4,E8,E9,11.820000,207.402000,OK
8,14,adjacent,100,30,16,45,REV,E4,E3,E8,E9,12.164000,210.435000,OK
8,14,adjacent,100,30,16,46,FWD,E3,E4,E9,E10,18.820000,207.482000,OK
8,14,adjacent,100,30,16,47,REV,E4,E3,E9,E10,19.133000,209.318000,OK
8,14,adjacent,100,30,16,48,FWD,E3,E4,E10,E11,-63.172000,206.924000,OK
8,14,adjacent,100,30,16,49,REV,E4,E3,E10,E11,-69.320000,210.195000,OK
8,14,adjacent,100,30,16,50,FWD,E3,E4,E11,E12,-67.898000,208.121000,OK
8,14,adjacent,100,30,16,51,REV,E4,E3,E11,E12,-75.594000,209.557000,OK
8,14,adjacent,100,30,16,52,FWD,E3,E4,E12,E1,64.648000,207.961000,OK
8,14,adjacent,100,30,16,53,REV,E4,E3,E12,E1,65.484000,209.078000,OK
8,14,adjacent,100,30,16,54,FWD,E4,E5,E1,E2,8.680000,74.694000,OK
8,14,adjacent,100,30,16,55,REV,E5,E4,E1,E2,9.141000,220.490000,OK
8,14,adjacent,100,30,16,56,FWD,E4,E5,E2,E3,0.875000,172.210000,OK
8,14,adjacent,100,30,16,57,REV,E5,E4,E2,E3,-1.125000,194.714000,OK
8,14,adjacent,100,30,16,58,FWD,E4,E5,E6,E7,-51.055000,181.148000,OK
8,14,adjacent,100,30,16,59,REV,E5,E4,E6,E7,-50.586000,190.724000,OK
8,14,adjacent,100,30,16,60,FWD,E4,E5,E7,E8,-40.125000,185.297000,OK
8,14,adjacent,100,30,16,61,REV,E5,E4,E7,E8,-39.945000,189.846000,OK
8,14,adjacent,100,30,16,62,FWD,E4,E5,E8,E9,12.867000,185.617000,OK
8,14,adjacent,100,30,16,63,REV,E5,E4,E8,E9,13.156000,188.889000,OK
8,14,adjacent,100,30,16,64,FWD,E4,E5,E9,E10,19.875000,186.255000,OK
8,14,adjacent,100,30,16,65,REV,E5,E4,E9,E10,20.125000,188.091000,OK
8,14,adjacent,100,30,16,66,FWD,E4,E5,E10,E11,-60.648000,186.415000,OK
8,14,adjacent,100,30,16,67,REV,E5,E4,E10,E11,-69.070000,188.490000,OK
8,14,adjacent,100,30,16,68,FWD,E4,E5,E11,E12,-66.406000,187.213000,OK
8,14,adjacent,100,30,16,69,REV,E5,E4,E11,E12,-75.406000,187.851000,OK
8,14,adjacent,100,30,16,70,FWD,E4,E5,E12,E1,70.383000,186.734000,OK
8,14,adjacent,100,30,16,71,REV,E5,E4,E12,E1,71.094000,188.011000,OK
8,14,adjacent,100,30,16,72,FWD,E5,E6,E1,E2,10.594000,50.195000,OK
8,14,adjacent,100,30,16,73,REV,E6,E5,E1,E2,11.000000,235.412000,OK
8,14,adjacent,100,30,16,74,FWD,E5,E6,E2,E3,0.750000,166.624000,OK
8,14,adjacent,100,30,16,75,REV,E6,E5,E2,E3,-1.273000,200.938000,OK
8,14,adjacent,100,30,16,76,FWD,E5,E6,E3,E4,-16.875000,181.387000,OK
8,14,adjacent,100,30,16,77,REV,E6,E5,E3,E4,-18.570000,194.076000,OK
8,14,adjacent,100,30,16,78,FWD,E5,E6,E7,E8,-42.336000,186.415000,OK
8,14,adjacent,100,30,16,79,REV,E6,E5,E7,E8,-41.773000,192.559000,OK
8,14,adjacent,100,30,16,80,FWD,E5,E6,E8,E9,13.859000,186.654000,OK
8,14,adjacent,100,30,16,81,REV,E6,E5,E8,E9,14.219000,191.362000,OK
8,14,adjacent,100,30,16,82,FWD,E5,E6,E9,E10,20.727000,188.410000,OK
8,14,adjacent,100,30,16,83,REV,E6,E5,E9,E10,20.922000,191.283000,OK
8,14,adjacent,100,30,16,84,FWD,E5,E6,E10,E11,-58.797000,188.250000,OK
8,14,adjacent,100,30,16,85,REV,E6,E5,E10,E11,-62.313000,190.884000,OK
8,14,adjacent,100,30,16,86,FWD,E5,E6,E11,E12,-64.102000,189.447000,OK
8,14,adjacent,100,30,16,87,REV,E6,E5,E11,E12,-64.141000,190.564000,OK
8,14,adjacent,100,30,16,88,FWD,E5,E6,E12,E1,75.586000,189.766000,OK
8,14,adjacent,100,30,16,89,REV,E6,E5,E12,E1,76.156000,190.884000,OK
8,14,adjacent,100,30,16,90,FWD,E6,E7,E1,E2,12.758000,123.053000,OK
8,14,adjacent,100,30,16,91,REV,E7,E6,E1,E2,13.180000,221.607000,OK
8,14,adjacent,100,30,16,92,FWD,E6,E7,E2,E3,54.859000,187.771000,OK
8,14,adjacent,100,30,16,93,REV,E7,E6,E2,E3,-78.852000,201.657000,OK
8,14,adjacent,100,30,16,94,FWD,E6,E7,E3,E4,-16.539000,194.395000,OK
8,14,adjacent,100,30,16,95,REV,E7,E6,E3,E4,-19.047000,199.183000,OK
8,14,adjacent,100,30,16,96,FWD,E6,E7,E4,E5,3.516000,197.507000,OK
8,14,adjacent,100,30,16,97,REV,E7,E6,E4,E5,2.773000,197.347000,OK
8,14,adjacent,100,30,16,98,FWD,E6,E7,E8,E9,14.688000,196.310000,OK
8,14,adjacent,100,30,16,99,REV,E7,E6,E8,E9,15.477000,197.986000,OK
8,14,adjacent,100,30,16,100,FWD,E6,E7,E9,E10,21.344000,197.746000,OK
8,14,adjacent,100,30,16,101,REV,E7,E6,E9,E10,21.687000,198.784000,OK
8,14,adjacent,100,30,16,102,FWD,E6,E7,E10,E11,-48.789000,197.347000,OK
8,14,adjacent,100,30,16,103,REV,E7,E6,E10,E11,-77.039000,198.544000,OK
8,14,adjacent,100,30,16,104,FWD,E6,E7,E11,E12,-55.227000,196.948000,OK
8,14,adjacent,100,30,16,105,REV,E7,E6,E11,E12,-81.023000,197.986000,OK
8,14,adjacent,100,30,16,106,FWD,E6,E7,E12,E1,80.164000,196.948000,OK
8,14,adjacent,100,30,16,107,REV,E7,E6,E12,E1,80.766000,199.023000,OK
8,14,adjacent,100,30,16,108,FWD,E7,E8,E1,E2,14.578000,128.639000,OK
8,14,adjacent,100,30,16,109,REV,E8,E7,E1,E2,15.063000,212.031000,OK
8,14,adjacent,100,30,16,110,FWD,E7,E8,E2,E3,-117.484000,188.490000,OK
8,14,adjacent,100,30,16,111,REV,E8,E7,E2,E3,20.469000,196.310000,OK
8,14,adjacent,100,30,16,112,FWD,E7,E8,E3,E4,44.781000,194.076000,OK
8,14,adjacent,100,30,16,113,REV,E8,E7,E3,E4,-80.016000,194.714000,OK
8,14,adjacent,100,30,16,114,FWD,E7,E8,E4,E5,6.422000,195.831000,OK
8,14,adjacent,100,30,16,115,REV,E8,E7,E4,E5,5.742000,194.395000,OK
8,14,adjacent,100,30,16,116,FWD,E7,E8,E5,E6,-26.227000,194.794000,OK
8,14,adjacent,100,30,16,117,REV,E8,E7,E5,E6,-26.594000,194.076000,OK
8,14,adjacent,100,30,16,118,FWD,E7,E8,E9,E10,21.852000,195.592000,OK
8,14,adjacent,100,30,16,119,REV,E8,E7,E9,E10,22.383000,195.193000,OK
8,14,adjacent,100,30,16,120,FWD,E7,E8,E10,E11,-76.586000,195.033000,OK
8,14,adjacent,100,30,16,121,REV,E8,E7,E10,E11,-60.508000,194.076000,OK
8,14,adjacent,100,30,16,122,FWD,E7,E8,E11,E12,-86.781000,195.672000,OK
8,14,adjacent,100,30,16,123,REV,E8,E7,E11,E12,-63.359000,194.155000,OK
8,14,adjacent,100,30,16,124,FWD,E7,E8,E12,E1,84.102000,195.672000,OK
8,14,adjacent,100,30,16,125,REV,E8,E7,E12,E1,84.555000,195.033000,OK
8,14,adjacent,100,30,16,126,FWD,E8,E9,E1,E2,16.539000,112.040000,OK
8,14,adjacent,100,30,16,127,REV,E9,E8,E1,E2,16.992000,236.849000,OK
8,14,adjacent,100,30,16,128,FWD,E8,E9,E2,E3,10.656000,190.884000,OK
8,14,adjacent,100,30,16,129,REV,E9,E8,E2,E3,10.813000,211.552000,OK
8,14,adjacent,100,30,16,130,FWD,E8,E9,E3,E4,-92.820000,200.380000,OK
8,14,adjacent,100,30,16,131,REV,E9,E8,E3,E4,40.031000,208.200000,OK
8,14,adjacent,100,30,16,132,FWD,E8,E9,E4,E5,8.523000,202.774000,OK
8,14,adjacent,100,30,16,133,REV,E9,E8,E4,E5,7.797000,206.445000,OK
8,14,adjacent,100,30,16,134,FWD,E8,E9,E5,E6,-18.656000,203.173000,OK
8,14,adjacent,100,30,16,135,REV,E9,E8,E5,E6,-19.211000,206.844000,OK
8,14,adjacent,100,30,16,136,FWD,E8,E9,E6,E7,-30.906000,204.609000,OK
8,14,adjacent,100,30,16,137,REV,E9,E8,E6,E7,-30.711000,206.525000,OK
8,14,adjacent,100,30,16,138,FWD,E8,E9,E10,E11,-64.805000,204.450000,OK
8,14,adjacent,100,30,16,139,REV,E9,E8,E10,E11,-65.344000,206.285000,OK
8,14,adjacent,100,30,16,140,FWD,E8,E9,E11,E12,-77.875000,204.609000,OK
8,14,adjacent,100,30,16,141,REV,E9,E8,E11,E12,-73.445000,206.445000,OK
8,14,adjacent,100,30,16,142,FWD,E8,E9,E12,E1,87.563000,204.130000,OK
8,14,adjacent,100,30,16,143,REV,E9,E8,E12,E1,88.133000,207.083000,OK
8,14,adjacent,100,30,16,144,FWD,E9,E10,E1,E2,18.070000,102.704000,OK
8,14,adjacent,100,30,16,145,REV,E10,E9,E1,E2,18.484000,255.921000,OK
8,14,adjacent,100,30,16,146,FWD,E9,E10,E2,E3,0.312000,194.714000,OK
8,14,adjacent,100,30,16,147,REV,E10,E9,E2,E3,1.516000,226.156000,OK
8,14,adjacent,100,30,16,148,FWD,E9,E10,E3,E4,22.992000,208.041000,OK
8,14,adjacent,100,30,16,149,REV,E10,E9,E3,E4,23.445000,219.851000,OK
8,14,adjacent,100,30,16,150,FWD,E9,E10,E4,E5,10.383000,211.233000,OK
8,14,adjacent,100,30,16,151,REV,E10,E9,E4,E5,9.711000,218.175000,OK
8,14,adjacent,100,30,16,152,FWD,E9,E10,E5,E6,-13.297000,212.031000,OK
8,14,adjacent,100,30,16,153,REV,E10,E9,E5,E6,-13.891000,217.697000,OK
8,14,adjacent,100,30,16,154,FWD,E9,E10,E6,E7,-36.750000,213.228000,OK
8,14,adjacent,100,30,16,155,REV,E10,E9,E6,E7,-36.617000,217.298000,OK
8,14,adjacent,100,30,16,156,FWD,E9,E10,E7,E8,-15.078000,214.026000,OK
8,14,adjacent,100,30,16,157,REV,E10,E9,E7,E8,-15.031000,216.978000,OK
8,14,adjacent,100,30,16,158,FWD,E9,E10,E11,E12,-60.813000,214.824000,OK
8,14,adjacent,100,30,16,159,REV,E10,E9,E11,E12,-66.555000,216.340000,OK
8,14,adjacent,100,30,16,160,FWD,E9,E10,E12,E1,90.461000,214.904000,OK
8,14,adjacent,100,30,16,161,REV,E10,E9,E12,E1,91.133000,217.138000,OK
8,14,adjacent,100,30,16,162,FWD,E10,E11,E1,E2,19.445000,116.749000,OK
8,14,adjacent,100,30,16,163,REV,E11,E10,E1,E2,19.961000,245.627000,OK
8,14,adjacent,100,30,16,164,FWD,E10,E11,E2,E3,-2.172000,191.283000,OK
8,14,adjacent,100,30,16,165,REV,E11,E10,E2,E3,-0.641000,221.128000,OK
8,14,adjacent,100,30,16,166,FWD,E10,E11,E3,E4,11.477000,203.731000,OK
8,14,adjacent,100,30,16,167,REV,E11,E10,E3,E4,12.805000,214.824000,OK
8,14,adjacent,100,30,16,168,FWD,E10,E11,E4,E5,12.047000,207.323000,OK
8,14,adjacent,100,30,16,169,REV,E11,E10,E4,E5,10.961000,213.068000,OK
8,14,adjacent,100,30,16,170,FWD,E10,E11,E5,E6,-8.922000,208.200000,OK
8,14,adjacent,100,30,16,171,REV,E11,E10,E5,E6,-9.828000,212.589000,OK
8,14,adjacent,100,30,16,172,FWD,E10,E11,E6,E7,-40.391000,210.275000,OK
8,14,adjacent,100,30,16,173,REV,E11,E10,E6,E7,-40.242000,212.350000,OK
8,14,adjacent,100,30,16,174,FWD,E10,E11,E7,E8,-21.711000,209.956000,OK
8,14,adjacent,100,30,16,175,REV,E11,E10,E7,E8,-21.531000,212.589000,OK
8,14,adjacent,100,30,16,176,FWD,E10,E11,E8,E9,6.094000,210.036000,OK
8,14,adjacent,100,30,16,177,REV,E11,E10,E8,E9,7.617000,211.552000,OK
8,14,adjacent,100,30,16,178,FWD,E10,E11,E12,E1,93.508000,210.195000,OK
8,14,adjacent,100,30,16,179,REV,E11,E10,E12,E1,94.406000,213.148000,OK
8,14,adjacent,100,30,16,180,FWD,E11,E12,E1,E2,20.336000,180.110000,OK
8,14,adjacent,100,30,16,181,REV,E12,E11,E1,E2,21.180000,206.365000,OK
8,14,adjacent,100,30,16,182,FWD,E11,E12,E2,E3,-3.664000,212.829000,OK
8,14,adjacent,100,30,16,183,REV,E12,E11,E2,E3,-2.039000,201.178000,OK
8,14,adjacent,100,30,16,184,FWD,E11,E12,E3,E4,6.148000,213.547000,OK
8,14,adjacent,100,30,16,185,REV,E12,E11,E3,E4,7.328000,201.896000,OK
8,14,adjacent,100,30,16,186,FWD,E11,E12,E4,E5,13.813000,213.866000,OK
8,14,adjacent,100,30,16,187,REV,E12,E11,E4,E5,12.375000,202.614000,OK
8,14,adjacent,100,30,16,188,FWD,E11,E12,E5,E6,-5.250000,212.430000,OK
8,14,adjacent,100,30,16,189,REV,E12,E11,E5,E6,-6.305000,203.492000,OK
8,14,adjacent,100,30,16,190,FWD,E11,E12,E6,E7,-43.242000,212.510000,OK
8,14,adjacent,100,30,16,191,REV,E12,E11,E6,E7,-43.086000,204.450000,OK
8,14,adjacent,100,30,16,192,FWD,E11,E12,E7,E8,-26.023000,212.988000,OK
8,14,adjacent,100,30,16,193,REV,E12,E11,E7,E8,-25.984000,204.689000,OK
8,14,adjacent,100,30,16,194,FWD,E11,E12,E8,E9,8.773000,212.430000,OK
8,14,adjacent,100,30,16,195,REV,E12,E11,E8,E9,9.133000,203.811000,OK
8,14,adjacent,100,30,16,196,FWD,E11,E12,E9,E10,13.984000,212.669000,OK
8,14,adjacent,100,30,16,197,REV,E12,E11,E9,E10,14.555000,205.487000,OK
8,14,adjacent,100,30,16,198,FWD,E12,E1,E2,E3,-4.234000,91.292000,OK
8,14,adjacent,100,30,16,199,REV,E1,E12,E2,E3,-2.453000,241.637000,OK
8,14,adjacent,100,30,16,200,FWD,E12,E1,E3,E4,2.633000,183.382000,OK
8,14,adjacent,100,30,16,201,REV,E1,E12,E3,E4,4.062000,213.627000,OK
8,14,adjacent,100,30,16,202,FWD,E12,E1,E4,E5,37.125000,194.874000,OK
8,14,adjacent,100,30,16,203,REV,E1,E12,E4,E5,-94.961000,208.360000,OK
8,14,adjacent,100,30,16,204,FWD,E12,E1,E5,E6,-2.367000,199.901000,OK
8,14,adjacent,100,30,16,205,REV,E1,E12,E5,E6,-3.797000,206.604000,OK
8,14,adjacent,100,30,16,206,FWD,E12,E1,E6,E7,-45.258000,199.422000,OK
8,14,adjacent,100,30,16,207,REV,E1,E12,E6,E7,-45.125000,206.046000,OK
8,14,adjacent,100,30,16,208,FWD,E12,E1,E7,E8,-29.234000,200.779000,OK
8,14,adjacent,100,30,16,209,REV,E1,E12,E7,E8,-29.180000,205.567000,OK
8,14,adjacent,100,30,16,210,FWD,E12,E1,E8,E9,9.266000,201.337000,OK
8,14,adjacent,100,30,16,211,REV,E1,E12,E8,E9,9.602000,205.168000,OK
8,14,adjacent,100,30,16,212,FWD,E12,E1,E9,E10,15.141000,201.497000,OK
8,14,adjacent,100,30,16,213,REV,E1,E12,E9,E10,15.563000,203.731000,OK
8,14,adjacent,100,30,16,214,FWD,E12,E1,E10,E11,-65.344000,201.258000,OK
8,14,adjacent,100,30,16,215,REV,E1,E12,E10,E11,-69.023000,204.370000,OK
9,15,adjacent,100,30,16,0,FWD,E1,E2,E3,E4,0.055000,69.427000,OK
9,15,adjacent,100,30,16,1,REV,E2,E1,E3,E4,1.453000,232.220000,OK
9,15,adjacent,100,30,16,2,FWD,E1,E2,E4,E5,-87.750000,171.253000,OK
9,15,adjacent,100,30,16,3,REV,E2,E1,E4,E5,43.563000,201.018000,OK
9,15,adjacent,100,30,16,4,FWD,E1,E2,E5,E6,19.055000,184.819000,OK
9,15,adjacent,100,30,16,5,REV,E2,E1,E5,E6,-114.258000,196.390000,OK
9,15,adjacent,100,30,16,6,FWD,E1,E2,E6,E7,-47.203000,188.091000,OK
9,15,adjacent,100,30,16,7,REV,E2,E1,E6,E7,-47.000000,193.517000,OK
9,15,adjacent,100,30,16,8,FWD,E1,E2,E7,E8,-32.016000,189.687000,OK
9,15,adjacent,100,30,16,9,REV,E2,E1,E7,E8,-31.867000,193.437000,OK
9,15,adjacent,100,30,16,10,FWD,E1,E2,E8,E9,9.930000,190.165000,OK
9,15,adjacent,100,30,16,11,REV,E2,E1,E8,E9,10.266000,192.879000,OK
9,15,adjacent,100,30,16,12,FWD,E1,E2,E9,E10,16.617000,190.724000,OK
9,15,adjacent,100,30,16,13,REV,E2,E1,E9,E10,16.937000,192.879000,OK
9,15,adjacent,100,30,16,14,FWD,E1,E2,E10,E11,-59.391000,189.926000,OK
9,15,adjacent,100,30,16,15,REV,E2,E1,E10,E11,-65.070000,192.559000,OK
9,15,adjacent,100,30,16,16,FWD,E1,E2,E11,E12,-62.391000,190.564000,OK
9,15,adjacent,100,30,16,17,REV,E2,E1,E11,E12,-65.703000,192.879000,OK
9,15,adjacent,100,30,16,18,FWD,E2,E3,E4,E5,48.508000,115.552000,OK
9,15,adjacent,100,30,16,19,REV,E3,E2,E4,E5,47.320000,231.742000,OK
9,15,adjacent,100,30,16,20,FWD,E2,E3,E5,E6,-127.242000,189.766000,OK
9,15,adjacent,100,30,16,21,REV,E3,E2,E5,E6,19.187000,207.562000,OK
9,15,adjacent,100,30,16,22,FWD,E2,E3,E6,E7,-48.898000,197.906000,OK
9,15,adjacent,100,30,16,23,REV,E3,E2,E6,E7,-48.578000,204.051000,OK
9,15,adjacent,100,30,16,24,FWD,E2,E3,E7,E8,-34.406000,201.816000,OK
9,15,adjacent,100,30,16,25,REV,E3,E2,E7,E8,-34.258000,202.534000,OK
9,15,adjacent,100,30,16,26,FWD,E2,E3,E8,E9,10.727000,202.295000,OK
9,15,adjacent,100,30,16,27,REV,E3,E2,E8,E9,11.109000,201.816000,OK
9,15,adjacent,100,30,16,28,FWD,E2,E3,E9,E10,17.875000,202.295000,OK
9,15,adjacent,100,30,16,29,REV,E3,E2,E9,E10,18.242000,201.417000,OK
9,15,adjacent,100,30,16,30,FWD,E2,E3,E10,E11,-63.711000,202.694000,OK
9,15,adjacent,100,30,16,31,REV,E3,E2,E10,E11,-65.578000,202.534000,OK
9,15,adjacent,100,30,16,32,FWD,E2,E3,E11,E12,-67.531000,201.976000,OK
9,15,adjacent,100,30,16,33,REV,E3,E2,E11,E12,-66.266000,202.534000,OK
9,15,adjacent,100,30,16,34,FWD,E2,E3,E12,E1,58.938000,202.215000,OK
9,15,adjacent,100,30,16,35,REV,E3,E2,E12,E1,60.047000,201.577000,OK
9,15,adjacent,100,30,16,36,FWD,E3,E4,E1,E2,24.789000,125.606000,OK
9,15,adjacent,100,30,16,37,REV,E4,E3,E1,E2,19.305000,238.365000,OK
9,15,adjacent,100,30,16,38,FWD,E3,E4,E5,E6,7.508000,196.071000,OK
9,15,adjacent,100,30,16,39,REV,E4,E3,E5,E6,9.055000,214.664000,OK
9,15,adjacent,100,30,16,40,FWD,E3,E4,E6,E7,-50.547000,204.609000,OK
9,15,adjacent,100,30,16,41,REV,E4,E3,E6,E7,-50.125000,210.834000,OK
9,15,adjacent,100,30,16,42,FWD,E3,E4,E7,E8,-36.891000,206.445000,OK
9,15,adjacent,100,30,16,43,REV,E4,E3,E7,E8,-36.727000,209.876000,OK
9,15,adjacent,100,30,16,44,FWD,E3,E4,E8,E9,11.750000,208.280000,OK
9,15,adjacent,100,30,16,45,REV,E4,E3,E8,E9,12.086000,209.238000,OK
9,15,adjacent,100,30,16,46,FWD,E3,E4,E9,E10,19.203000,207.881000,OK
9,15,adjacent,100,30,16,47,REV,E4,E3,E9,E10,19.500000,209.637000,OK
9,15,adjacent,100,30,16,48,FWD,E3,E4,E10,E11,-62.336000,207.722000,OK
9,15,adjacent,100,30,16,49,REV,E4,E3,E10,E11,-69.359000,209.238000,OK
9,15,adjacent,100,30,16,50,FWD,E3,E4,E11,E12,-67.875000,208.520000,OK
9,15,adjacent,100,30,16,51,REV,E4,E3,E11,E12,-75.453000,210.275000,OK
9,15,adjacent,100,30,16,52,FWD,E3,E4,E12,E1,64.539000,208.200000,OK
9,15,adjacent,100,30,16,53,REV,E4,E3,E12,E1,65.359000,208.998000,OK
9,15,adjacent,100,30,16,54,FWD,E4,E5,E1,E2,8.414000,74.374000,OK
9,15,adjacent,100,30,16,55,REV,E5,E4,E1,E2,8.914000,219.532000,OK
9,15,adjacent,100,30,16,56,FWD,E4,E5,E2,E3,0.102000,171.891000,OK
9,15,adjacent,100,30,16,57,REV,E5,E4,E2,E3,-1.828000,194.874000,OK
9,15,adjacent,100,30,16,58,FWD,E4,E5,E6,E7,-52.039000,181.706000,OK
9,15,adjacent,100,30,16,59,REV,E5,E4,E6,E7,-51.469000,190.644000,OK
9,15,adjacent,100,30,16,60,FWD,E4,E5,E7,E8,-39.117000,184.100000,OK
9,15,adjacent,100,30,16,61,REV,E5,E4,E7,E8,-38.922000,189.527000,OK
9,15,adjacent,100,30,16,62,FWD,E4,E5,E8,E9,12.836000,185.776000,OK
9,15,adjacent,100,30,16,63,REV,E5,E4,E8,E9,13.172000,188.968000,OK
9,15,adjacent,100,30,16,64,FWD,E4,E5,E9,E10,20.195000,186.734000,OK
9,15,adjacent,100,30,16,65,REV,E5,E4,E9,E10,20.430000,188.330000,OK
9,15,adjacent,100,30,16,66,FWD,E4,E5,E10,E11,-60.227000,186.814000,OK
9,15,adjacent,100,30,16,67,REV,E5,E4,E10,E11,-69.234000,187.213000,OK
9,15,adjacent,100,30,16,68,FWD,E4,E5,E11,E12,-66.305000,186.574000,OK
9,15,adjacent,100,30,16,69,REV,E5,E4,E11,E12,-74.813000,188.250000,OK
9,15,adjacent,100,30,16,70,FWD,E4,E5,E12,E1,70.258000,187.452000,OK
9,15,adjacent,100,30,16,71,REV,E5,E4,E12,E1,70.984000,187.771000,OK
9,15,adjacent,100,30,16,72,FWD,E5,E6,E1,E2,10.328000,49.636000,OK
9,15,adjacent,100,30,16,73,REV,E6,E5,E1,E2,10.734000,235.173000,OK
9,15,adjacent,100,30,16,74,FWD,E5,E6,E2,E3,-0.086000,165.746000,OK
9,15,adjacent,100,30,16,75,REV,E6,E5,E2,E3,-2.094000,200.779000,OK
9,15,adjacent,100,30,16,76,FWD,E5,E6,E3,E4,-16.484000,181.307000,OK
9,15,adjacent,100,30,16,77,REV,E6,E5,E3,E4,-18.219000,195.352000,OK
9,15,adjacent,100,30,16,78,FWD,E5,E6,E7,E8,-41.188000,184.420000,OK
9,15,adjacent,100,30,16,79,REV,E6,E5,E7,E8,-40.648000,193.357000,OK
9,15,adjacent,100,30,16,80,FWD,E5,E6,E8,E9,13.867000,186.574000,OK
9,15,adjacent,100,30,16,81,REV,E6,E5,E8,E9,14.250000,191.921000,OK
9,15,adjacent,100,30,16,82,FWD,E5,E6,E9,E10,20.789000,188.490000,OK
9,15,adjacent,100,30,16,83,REV,E6,E5,E9,E10,21.016000,192.320000,OK
9,15,adjacent,100,30,16,84,FWD,E5,E6,E10,E11,-58.477000,188.170000,OK
9,15,adjacent,100,30,16,85,REV,E6,E5,E10,E11,-62.133000,190.644000,OK
9,15,adjacent,100,30,16,86,FWD,E5,E6,E11,E12,-63.680000,189.367000,OK
9,15,adjacent,100,30,16,87,REV,E6,E5,E11,E12,-63.211000,191.123000,OK
9,15,adjacent,100,30,16,88,FWD,E5,E6,E12,E1,75.469000,189.527000,OK
9,15,adjacent,100,30,16,89,REV,E6,E5,E12,E1,76.023000,190.963000,OK
9,15,adjacent,100,30,16,90,FWD,E6,E7,E1,E2,12.469000,122.654000,OK
9,15,adjacent,100,30,16,91,REV,E7,E6,E1,E2,12.891000,221.527000,OK
9,15,adjacent,100,30,16,92,FWD,E6,E7,E2,E3,54.539000,187.452000,OK
9,15,adjacent,100,30,16,93,REV,E7,E6,E2,E3,-79.250000,201.577000,OK
9,15,adjacent,100,30,16,94,FWD,E6,E7,E3,E4,-16.141000,194.953000,OK
9,15,adjacent,100,30,16,95,REV,E7,E6,E3,E4,-18.633000,199.263000,OK
9,15,adjacent,100,30,16,96,FWD,E6,E7,E4,E5,3.695000,196.629000,OK
9,15,adjacent,100,30,16,97,REV,E7,E6,E4,E5,2.891000,198.305000,OK
9,15,adjacent,100,30,16,98,FWD,E6,E7,E8,E9,14.727000,196.629000,OK
9,15,adjacent,100,30,16,99,REV,E7,E6,E8,E9,15.492000,197.108000,OK
9,15,adjacent,100,30,16,100,FWD,E6,E7,E9,E10,21.258000,197.347000,OK
9,15,adjacent,100,30,16,101,REV,E7,E6,E9,E10,21.617000,198.864000,OK
9,15,adjacent,100,30,16,102,FWD,E6,E7,E10,E11,-48.781000,197.826000,OK
9,15,adjacent,100,30,16,103,REV,E7,E6,E10,E11,-76.102000,197.028000,OK
9,15,adjacent,100,30,16,104,FWD,E6,E7,E11,E12,-54.242000,198.784000,OK
9,15,adjacent,100,30,16,105,REV,E7,E6,E11,E12,-80.047000,197.427000,OK
9,15,adjacent,100,30,16,106,FWD,E6,E7,E12,E1,80.047000,197.906000,OK
9,15,adjacent,100,30,16,107,REV,E7,E6,E12,E1,80.625000,197.507000,OK
9,15,adjacent,100,30,16,108,FWD,E7,E8,E1,E2,14.352000,128.240000,OK
9,15,adjacent,100,30,16,109,REV,E8,E7,E1,E2,14.820000,211.632000,OK
9,15,adjacent,100,30,16,110,FWD,E7,E8,E2,E3,-117.656000,189.048000,OK
9,15,adjacent,100,30,16,111,REV,E8,E7,E2,E3,20.328000,196.470000,OK
9,15,adjacent,100,30,16,112,FWD,E7,E8,E3,E4,44.906000,193.996000,OK
9,15,adjacent,100,30,16,113,REV,E8,E7,E3,E4,-79.883000,194.076000,OK
9,15,adjacent,100,30,16,114,FWD,E7,E8,E4,E5,6.547000,194.395000,OK
9,15,adjacent,100,30,16,115,REV,E8,E7,E4,E5,5.945000,194.794000,OK
9,15,adjacent,100,30,16,116,FWD,E7,E8,E5,E6,-26.352000,196.390000,OK
9,15,adjacent,100,30,16,117,REV,E8,E7,E5,E6,-26.695000,194.634000,OK
9,15,adjacent,100,30,16,118,FWD,E7,E8,E9,E10,21.680000,195.432000,OK
9,15,adjacent,100,30,16,119,REV,E8,E7,E9,E10,22.242000,194.155000,OK
9,15,adjacent,100,30,16,120,FWD,E7,E8,E10,E11,-76.148000,195.592000,OK
9,15,adjacent,100,30,16,121,REV,E8,E7,E10,E11,-61.063000,193.756000,OK
9,15,adjacent,100,30,16,122,FWD,E7,E8,E11,E12,-85.859000,196.789000,OK
9,15,adjacent,100,30,16,123,REV,E8,E7,E11,E12,-62.383000,194.235000,OK
9,15,adjacent,100,30,16,124,FWD,E7,E8,E12,E1,83.977000,195.273000,OK
9,15,adjacent,100,30,16,125,REV,E8,E7,E12,E1,84.469000,194.315000,OK
9,15,adjacent,100,30,16,126,FWD,E8,E9,E1,E2,16.352000,111.402000,OK
9,15,adjacent,100,30,16,127,REV,E9,E8,E1,E2,16.766000,236.929000,OK
9,15,adjacent,100,30,16,128,FWD,E8,E9,E2,E3,10.367000,190.245000,OK
9,15,adjacent,100,30,16,129,REV,E9,E8,E2,E3,10.516000,213.308000,OK
9,15,adjacent,100,30,16,130,FWD,E8,E9,E3,E4,-92.516000,199.502000,OK
9,15,adjacent,100,30,16,131,REV,E9,E8,E3,E4,40.188000,208.200000,OK
9,15,adjacent,100,30,16,132,FWD,E8,E9,E4,E5,8.672000,202.056000,OK
9,15,adjacent,100,30,16,133,REV,E9,E8,E4,E5,7.961000,207.003000,OK
9,15,adjacent,100,30,16,134,FWD,E8,E9,E5,E6,-18.727000,202.694000,OK
9,15,adjacent,100,30,16,135,REV,E9,E8,E5,E6,-19.273000,207.163000,OK
9,15,adjacent,100,30,16,136,FWD,E8,E9,E6,E7,-30.984000,204.210000,OK
9,15,adjacent,100,30,16,137,REV,E9,E8,E6,E7,-30.766000,206.844000,OK
9,15,adjacent,100,30,16,138,FWD,E8,E9,E10,E11,-63.195000,203.731000,OK
9,15,adjacent,100,30,16,139,REV,E9,E8,E10,E11,-64.922000,206.365000,OK
9,15,adjacent,100,30,16,140,FWD,E8,E9,E11,E12,-75.328000,204.609000,OK
9,15,adjacent,100,30,16,141,REV,E9,E8,E11,E12,-68.797000,206.205000,OK
9,15,adjacent,100,30,16,142,FWD,E8,E9,E12,E1,87.414000,204.529000,OK
9,15,adjacent,100,30,16,143,REV,E9,E8,E12,E1,87.977000,206.285000,OK
9,15,adjacent,100,30,16,144,FWD,E9,E10,E1,E2,17.891000,103.103000,OK
9,15,adjacent,100,30,16,145,REV,E10,E9,E1,E2,18.336000,255.682000,OK
9,15,adjacent,100,30,16,146,FWD,E9,E10,E2,E3,-0.156000,194.953000,OK
9,15,adjacent,100,30,16,147,REV,E10,E9,E2,E3,1.062000,225.996000,OK
9,15,adjacent,100,30,16,148,FWD,E9,E10,E3,E4,23.203000,207.961000,OK
9,15,adjacent,100,30,16,149,REV,E10,E9,E3,E4,23.586000,220.011000,OK
9,15,adjacent,100,30,16,150,FWD,E9,E10,E4,E5,10.531000,211.073000,OK
9,15,adjacent,100,30,16,151,REV,E10,E9,E4,E5,9.766000,218.255000,OK
9,15,adjacent,100,30,16,152,FWD,E9,E10,E5,E6,-13.305000,211.712000,OK
9,15,adjacent,100,30,16,153,REV,E10,E9,E5,E6,-13.930000,217.457000,OK
9,15,adjacent,100,30,16,154,FWD,E9,E10,E6,E7,-37.063000,214.026000,OK
9,15,adjacent,100,30,16,155,REV,E10,E9,E6,E7,-36.898000,217.058000,OK
9,15,adjacent,100,30,16,156,FWD,E9,E10,E7,E8,-14.508000,214.664000,OK
9,15,adjacent,100,30,16,157,REV,E10,E9,E7,E8,-14.422000,216.899000,OK
9,15,adjacent,100,30,16,158,FWD,E9,E10,E11,E12,-60.430000,214.824000,OK
9,15,adjacent,100,30,16,159,REV,E10,E9,E11,E12,-64.898000,215.542000,OK
9,15,adjacent,100,30,16,160,FWD,E9,E10,E12,E1,90.289000,214.983000,OK
9,15,adjacent,100,30,16,161,REV,E10,E9,E12,E1,90.875000,216.180000,OK
9,15,adjacent,100,30,16,162,FWD,E10,E11,E1,E2,19.359000,116.749000,OK
9,15,adjacent,100,30,16,163,REV,E11,E10,E1,E2,19.906000,245.866000,OK
9,15,adjacent,100,30,16,164,FWD,E10,E11,E2,E3,-2.711000,191.921000,OK
9,15,adjacent,100,30,16,165,REV,E11,E10,E2,E3,-1.180000,221.128000,OK
9,15,adjacent,100,30,16,166,FWD,E10,E11,E3,E4,11.570000,202.774000,OK
9,15,adjacent,100,30,16,167,REV,E11,E10,E3,E4,12.867000,215.143000,OK
9,15,adjacent,100,30,16,168,FWD,E10,E11,E4,E5,12.164000,206.525000,OK
9,15,adjacent,100,30,16,169,REV,E11,E10,E4,E5,11.031000,214.026000,OK
9,15,adjacent,100,30,16,170,FWD,E10,E11,E5,E6,-8.859000,208.041000,OK
9,15,adjacent,100,30,16,171,REV,E11,E10,E5,E6,-9.789000,212.909000,OK
9,15,adjacent,100,30,16,172,FWD,E10,E11,E6,E7,-40.672000,209.318000,OK
9,15,adjacent,100,30,16,173,REV,E11,E10,E6,E7,-40.578000,211.632000,OK
9,15,adjacent,100,30,16,174,FWD,E10,E11,E7,E8,-21.078000,210.275000,OK
9,15,adjacent,100,30,16,175,REV,E11,E10,E7,E8,-20.898000,212.350000,OK
9,15,adjacent,100,30,16,176,FWD,E10,E11,E8,E9,6.023000,210.674000,OK
9,15,adjacent,100,30,16,177,REV,E11,E10,E8,E9,7.547000,210.834000,OK
9,15,adjacent,100,30,16,178,FWD,E10,E11,E12,E1,93.234000,211.313000,OK
9,15,adjacent,100,30,16,179,REV,E11,E10,E12,E1,94.133000,211.712000,OK
9,15,adjacent,100,30,16,180,FWD,E11,E12,E1,E2,20.367000,180.430000,OK
9,15,adjacent,100,30,16,181,REV,E12,E11,E1,E2,21.242000,207.083000,OK
9,15,adjacent,100,30,16,182,FWD,E11,E12,E2,E3,-4.289000,212.988000,OK
9,15,adjacent,100,30,16,183,REV,E12,E11,E2,E3,-2.680000,201.258000,OK
9,15,adjacent,100,30,16,184,FWD,E11,E12,E3,E4,6.117000,213.228000,OK
9,15,adjacent,100,30,16,185,REV,E12,E11,E3,E4,7.289000,202.135000,OK
9,15,adjacent,100,30,16,186,FWD,E11,E12,E4,E5,13.805000,212.829000,OK
9,15,adjacent,100,30,16,187,REV,E12,E11,E4,E5,12.328000,202.614000,OK
9,15,adjacent,100,30,16,188,FWD,E11,E12,E5,E6,-5.187000,213.547000,OK
9,15,adjacent,100,30,16,189,REV,E12,E11,E5,E6,-6.234000,204.529000,OK
9,15,adjacent,100,30,16,190,FWD,E11,E12,E6,E7,-43.539000,212.510000,OK
9,15,adjacent,100,30,16,191,REV,E12,E11,E6,E7,-43.477000,203.572000,OK
9,15,adjacent,100,30,16,192,FWD,E11,E12,E7,E8,-25.406000,212.430000,OK
9,15,adjacent,100,30,16,193,REV,E12,E11,E7,E8,-25.375000,205.487000,OK
9,15,adjacent,100,30,16,194,FWD,E11,E12,E8,E9,8.727000,212.669000,OK
9,15,adjacent,100,30,16,195,REV,E12,E11,E8,E9,9.109000,204.769000,OK
9,15,adjacent,100,30,16,196,FWD,E11,E12,E9,E10,14.016000,212.430000,OK
9,15,adjacent,100,30,16,197,REV,E12,E11,E9,E10,14.578000,205.088000,OK
9,15,adjacent,100,30,16,198,FWD,E12,E1,E2,E3,-4.852000,91.133000,OK
9,15,adjacent,100,30,16,199,REV,E1,E12,E2,E3,-3.086000,242.275000,OK
9,15,adjacent,100,30,16,200,FWD,E12,E1,E3,E4,2.617000,184.021000,OK
9,15,adjacent,100,30,16,201,REV,E1,E12,E3,E4,4.023000,214.185000,OK
9,15,adjacent,100,30,16,202,FWD,E12,E1,E4,E5,37.078000,195.592000,OK
9,15,adjacent,100,30,16,203,REV,E1,E12,E4,E5,-94.867000,208.440000,OK
9,15,adjacent,100,30,16,204,FWD,E12,E1,E5,E6,-2.266000,198.465000,OK
9,15,adjacent,100,30,16,205,REV,E1,E12,E5,E6,-3.672000,205.806000,OK
9,15,adjacent,100,30,16,206,FWD,E12,E1,E6,E7,-45.664000,199.263000,OK
9,15,adjacent,100,30,16,207,REV,E1,E12,E6,E7,-45.453000,206.764000,OK
9,15,adjacent,100,30,16,208,FWD,E12,E1,E7,E8,-28.656000,201.258000,OK
9,15,adjacent,100,30,16,209,REV,E1,E12,E7,E8,-28.609000,205.168000,OK
9,15,adjacent,100,30,16,210,FWD,E12,E1,E8,E9,9.172000,201.098000,OK
9,15,adjacent,100,30,16,211,REV,E1,E12,E8,E9,9.523000,204.450000,OK
9,15,adjacent,100,30,16,212,FWD,E12,E1,E9,E10,15.102000,201.657000,OK
9,15,adjacent,100,30,16,213,REV,E1,E12,E9,E10,15.531000,204.928000,OK
9,15,adjacent,100,30,16,214,FWD,E12,E1,E10,E11,-65.383000,202.215000,OK
9,15,adjacent,100,30,16,215,REV,E1,E12,E10,E11,-69.422000,204.529000,OK
