frame_index,frame_id,pattern,dac_code,settle_ms,sample_count,record_index,polarity,i_plus,i_minus,v_plus,v_minus,voltage_mv,current_ua,quality
0,6,adjacent,400,30,16,0,FWD,E1,E2,E3,E4,-4.562000,128.878000,OK
0,6,adjacent,400,30,16,1,REV,E2,E1,E3,E4,4.906000,312.500000,OK
0,6,adjacent,400,30,16,2,FWD,E1,E2,E4,E5,-11.258000,250.495000,OK
0,6,adjacent,400,30,16,3,REV,E2,E1,E4,E5,-5.281000,276.909000,OK
0,6,adjacent,400,30,16,4,FWD,E1,E2,E5,E6,-43.992000,264.939000,OK
0,6,adjacent,400,30,16,5,REV,E2,E1,E5,E6,-39.906000,270.844000,OK
0,6,adjacent,400,30,16,6,FWD,E1,E2,E6,E7,4.117000,268.610000,OK
0,6,adjacent,400,30,16,7,REV,E2,E1,E6,E7,7.625000,268.131000,OK
0,6,adjacent,400,30,16,8,FWD,E1,E2,E7,E8,15.000000,270.126000,OK
0,6,adjacent,400,30,16,9,REV,E2,E1,E7,E8,19.437000,268.370000,OK
0,6,adjacent,400,30,16,10,FWD,E1,E2,E8,E9,32.102000,270.365000,OK
0,6,adjacent,400,30,16,11,REV,E2,E1,E8,E9,37.820000,268.051000,OK
0,6,adjacent,400,30,16,12,FWD,E1,E2,E9,E10,-25.141000,270.445000,OK
0,6,adjacent,400,30,16,13,REV,E2,E1,E9,E10,-20.453000,268.290000,OK
0,6,adjacent,400,30,16,14,FWD,E1,E2,E10,E11,30.625000,271.004000,OK
0,6,adjacent,400,30,16,15,REV,E2,E1,E10,E11,36.695000,268.370000,OK
0,6,adjacent,400,30,16,16,FWD,E1,E2,E11,E12,-7.820000,271.562000,OK
0,6,adjacent,400,30,16,17,REV,E2,E1,E11,E12,4.187000,267.891000,OK
0,6,adjacent,400,30,16,18,FWD,E2,E3,E4,E5,-12.508000,133.108000,OK
0,6,adjacent,400,30,16,19,REV,E3,E2,E4,E5,-0.789000,311.862000,OK
0,6,adjacent,400,30,16,20,FWD,E2,E3,E5,E6,-45.750000,231.742000,OK
0,6,adjacent,400,30,16,21,REV,E3,E2,E5,E6,-39.320000,272.280000,OK
0,6,adjacent,400,30,16,22,FWD,E2,E3,E6,E7,3.398000,247.223000,OK
0,6,adjacent,400,30,16,23,REV,E3,E2,E6,E7,8.203000,264.939000,OK
0,6,adjacent,400,30,16,24,FWD,E2,E3,E7,E8,14.156000,251.373000,OK
0,6,adjacent,400,30,16,25,REV,E3,E2,E7,E8,18.953000,262.385000,OK
0,6,adjacent,400,30,16,26,FWD,E2,E3,E8,E9,33.422000,253.128000,OK
0,6,adjacent,400,30,16,27,REV,E3,E2,E8,E9,39.188000,261.188000,OK
0,6,adjacent,400,30,16,28,FWD,E2,E3,E9,E10,-25.773000,253.926000,OK
0,6,adjacent,400,30,16,29,REV,E3,E2,E9,E10,-21.414000,260.470000,OK
0,6,adjacent,400,30,16,30,FWD,E2,E3,E10,E11,27.891000,254.565000,OK
0,6,adjacent,400,30,16,31,REV,E3,E2,E10,E11,32.516000,260.550000,OK
0,6,adjacent,400,30,16,32,FWD,E2,E3,E11,E12,-7.109000,254.964000,OK
0,6,adjacent,400,30,16,33,REV,E3,E2,E11,E12,-0.242000,260.470000,OK
0,6,adjacent,400,30,16,34,FWD,E2,E3,E12,E1,0.266000,255.043000,OK
0,6,adjacent,400,30,16,35,REV,E3,E2,E12,E1,14.477000,260.869000,OK
0,6,adjacent,400,30,16,36,FWD,E3,E4,E1,E2,13.680000,113.557000,OK
0,6,adjacent,400,30,16,37,REV,E4,E3,E1,E2,13.594000,292.310000,OK
0,6,adjacent,400,30,16,38,FWD,E3,E4,E5,E6,-48.813000,227.033000,OK
0,6,adjacent,400,30,16,39,REV,E4,E3,E5,E6,-35.305000,257.916000,OK
0,6,adjacent,400,30,16,40,FWD,E3,E4,E6,E7,2.633000,241.637000,OK
0,6,adjacent,400,30,16,41,REV,E4,E3,E6,E7,8.906000,252.011000,OK
0,6,adjacent,400,30,16,42,FWD,E3,E4,E7,E8,13.648000,245.787000,OK
0,6,adjacent,400,30,16,43,REV,E4,E3,E7,E8,18.367000,250.255000,OK
0,6,adjacent,400,30,16,44,FWD,E3,E4,E8,E9,35.414000,247.622000,OK
0,6,adjacent,400,30,16,45,REV,E4,E3,E8,E9,40.555000,249.856000,OK
0,6,adjacent,400,30,16,46,FWD,E3,E4,E9,E10,-26.391000,247.462000,OK
0,6,adjacent,400,30,16,47,REV,E4,E3,E9,E10,-22.680000,250.415000,OK
0,6,adjacent,400,30,16,48,FWD,E3,E4,E10,E11,26.375000,248.021000,OK
0,6,adjacent,400,30,16,49,REV,E4,E3,E10,E11,29.656000,250.255000,OK
0,6,adjacent,400,30,16,50,FWD,E3,E4,E11,E12,-5.609000,248.739000,OK
0,6,adjacent,400,30,16,51,REV,E4,E3,E11,E12,-1.766000,250.255000,OK
0,6,adjacent,400,30,16,52,FWD,E3,E4,E12,E1,-2.148000,249.378000,OK
0,6,adjacent,400,30,16,53,REV,E4,E3,E12,E1,3.555000,249.856000,OK
0,6,adjacent,400,30,16,54,FWD,E4,E5,E1,E2,-13.617000,130.235000,OK
0,6,adjacent,400,30,16,55,REV,E5,E4,E1,E2,-8.773000,305.956000,OK
0,6,adjacent,400,30,16,56,FWD,E4,E5,E2,E3,49.383000,242.355000,OK
0,6,adjacent,400,30,16,57,REV,E5,E4,E2,E3,57.648000,271.403000,OK
0,6,adjacent,400,30,16,58,FWD,E4,E5,E6,E7,-0.680000,255.283000,OK
0,6,adjacent,400,30,16,59,REV,E5,E4,E6,E7,12.516000,266.136000,OK
0,6,adjacent,400,30,16,60,FWD,E4,E5,E7,E8,11.984000,259.033000,OK
0,6,adjacent,400,30,16,61,REV,E5,E4,E7,E8,18.969000,264.540000,OK
0,6,adjacent,400,30,16,62,FWD,E4,E5,E8,E9,36.398000,260.709000,OK
0,6,adjacent,400,30,16,63,REV,E5,E4,E8,E9,42.906000,263.103000,OK
0,6,adjacent,400,30,16,64,FWD,E4,E5,E9,E10,-27.812000,261.826000,OK
0,6,adjacent,400,30,16,65,REV,E5,E4,E9,E10,-23.305000,263.263000,OK
0,6,adjacent,400,30,16,66,FWD,E4,E5,E10,E11,24.812000,261.747000,OK
0,6,adjacent,400,30,16,67,REV,E5,E4,E10,E11,28.336000,263.662000,OK
0,6,adjacent,400,30,16,68,FWD,E4,E5,E11,E12,-5.117000,261.348000,OK
0,6,adjacent,400,30,16,69,REV,E5,E4,E11,E12,-1.695000,263.742000,OK
0,6,adjacent,400,30,16,70,FWD,E4,E5,E12,E1,-5.477000,262.385000,OK
0,6,adjacent,400,30,16,71,REV,E5,E4,E12,E1,-1.234000,263.981000,OK
0,6,adjacent,400,30,16,72,FWD,E5,E6,E1,E2,-14.570000,148.350000,OK
0,6,adjacent,400,30,16,73,REV,E6,E5,E1,E2,-10.664000,321.517000,OK
0,6,adjacent,400,30,16,74,FWD,E5,E6,E2,E3,31.242000,261.507000,OK
0,6,adjacent,400,30,16,75,REV,E6,E5,E2,E3,38.336000,287.443000,OK
0,6,adjacent,400,30,16,76,FWD,E5,E6,E3,E4,6.711000,276.749000,OK
0,6,adjacent,400,30,16,77,REV,E6,E5,E3,E4,19.648000,281.777000,OK
0,6,adjacent,400,30,16,78,FWD,E5,E6,E7,E8,8.102000,280.181000,OK
0,6,adjacent,400,30,16,79,REV,E6,E5,E7,E8,22.406000,280.021000,OK
0,6,adjacent,400,30,16,80,FWD,E5,E6,E8,E9,36.313000,281.777000,OK
0,6,adjacent,400,30,16,81,REV,E6,E5,E8,E9,46.266000,279.223000,OK
0,6,adjacent,400,30,16,82,FWD,E5,E6,E9,E10,-29.898000,282.654000,OK
0,6,adjacent,400,30,16,83,REV,E6,E5,E9,E10,-23.133000,278.585000,OK
0,6,adjacent,400,30,16,84,FWD,E5,E6,E10,E11,23.320000,283.213000,OK
0,6,adjacent,400,30,16,85,REV,E6,E5,E10,E11,27.828000,278.505000,OK
0,6,adjacent,400,30,16,86,FWD,E5,E6,E11,E12,-4.828000,283.453000,OK
0,6,adjacent,400,30,16,87,REV,E6,E5,E11,E12,-1.172000,279.303000,OK
0,6,adjacent,400,30,16,88,FWD,E5,E6,E12,E1,-8.422000,282.974000,OK
0,6,adjacent,400,30,16,89,REV,E6,E5,E12,E1,-4.680000,279.303000,OK
0,6,adjacent,400,30,16,90,FWD,E6,E7,E1,E2,-13.906000,171.253000,OK
0,6,adjacent,400,30,16,91,REV,E7,E6,E1,E2,-10.109000,347.533000,OK
0,6,adjacent,400,30,16,92,FWD,E6,E7,E2,E3,29.687000,269.168000,OK
0,6,adjacent,400,30,16,93,REV,E7,E6,E2,E3,35.266000,308.191000,OK
0,6,adjacent,400,30,16,94,FWD,E6,E7,E3,E4,-3.492000,287.283000,OK
0,6,adjacent,400,30,16,95,REV,E7,E6,E3,E4,4.359000,300.370000,OK
0,6,adjacent,400,30,16,96,FWD,E6,E7,E4,E5,-1.078000,291.832000,OK
0,6,adjacent,400,30,16,97,REV,E7,E6,E4,E5,13.836000,298.136000,OK
0,6,adjacent,400,30,16,98,FWD,E6,E7,E8,E9,33.273000,293.986000,OK
0,6,adjacent,400,30,16,99,REV,E7,E6,E8,E9,52.477000,296.939000,OK
0,6,adjacent,400,30,16,100,FWD,E6,E7,E9,E10,-33.422000,293.667000,OK
0,6,adjacent,400,30,16,101,REV,E7,E6,E9,E10,-21.484000,296.540000,OK
0,6,adjacent,400,30,16,102,FWD,E6,E7,E10,E11,21.242000,294.625000,OK
0,6,adjacent,400,30,16,103,REV,E7,E6,E10,E11,28.414000,296.620000,OK
0,6,adjacent,400,30,16,104,FWD,E6,E7,E11,E12,-4.984000,295.103000,OK
0,6,adjacent,400,30,16,105,REV,E7,E6,E11,E12,-0.258000,296.141000,OK
0,6,adjacent,400,30,16,106,FWD,E6,E7,E12,E1,-11.531000,294.784000,OK
0,6,adjacent,400,30,16,107,REV,E7,E6,E12,E1,-7.281000,296.141000,OK
0,6,adjacent,400,30,16,108,FWD,E7,E8,E1,E2,-12.961000,140.848000,OK
0,6,adjacent,400,30,16,109,REV,E8,E7,E1,E2,-8.695000,323.273000,OK
0,6,adjacent,400,30,16,110,FWD,E7,E8,E2,E3,29.320000,245.866000,OK
0,6,adjacent,400,30,16,111,REV,E8,E7,E2,E3,34.477000,283.453000,OK
0,6,adjacent,400,30,16,112,FWD,E7,E8,E3,E4,-3.820000,262.944000,OK
0,6,adjacent,400,30,16,113,REV,E8,E7,E3,E4,1.625000,276.111000,OK
0,6,adjacent,400,30,16,114,FWD,E7,E8,E4,E5,-7.109000,266.854000,OK
0,6,adjacent,400,30,16,115,REV,E8,E7,E4,E5,0.359000,273.318000,OK
0,6,adjacent,400,30,16,116,FWD,E7,E8,E5,E6,-37.766000,267.971000,OK
0,6,adjacent,400,30,16,117,REV,E8,E7,E5,E6,-24.570000,272.759000,OK
0,6,adjacent,400,30,16,118,FWD,E7,E8,E9,E10,-41.609000,269.248000,OK
0,6,adjacent,400,30,16,119,REV,E8,E7,E9,E10,-14.328000,271.722000,OK
0,6,adjacent,400,30,16,120,FWD,E7,E8,E10,E11,17.250000,269.966000,OK
0,6,adjacent,400,30,16,121,REV,E8,E7,E10,E11,31.180000,271.323000,OK
0,6,adjacent,400,30,16,122,FWD,E7,E8,E11,E12,-6.094000,270.365000,OK
0,6,adjacent,400,30,16,123,REV,E8,E7,E11,E12,1.625000,271.722000,OK
0,6,adjacent,400,30,16,124,FWD,E7,E8,E12,E1,-14.859000,269.886000,OK
0,6,adjacent,400,30,16,125,REV,E8,E7,E12,E1,-9.070000,272.041000,OK
0,6,adjacent,400,30,16,126,FWD,E8,E9,E1,E2,-11.500000,103.262000,OK
0,6,adjacent,400,30,16,127,REV,E9,E8,E1,E2,-7.219000,286.405000,OK
0,6,adjacent,400,30,16,128,FWD,E8,E9,E2,E3,29.344000,214.185000,OK
0,6,adjacent,400,30,16,129,REV,E9,E8,E2,E3,34.422000,251.293000,OK
0,6,adjacent,400,30,16,130,FWD,E8,E9,E3,E4,-3.992000,229.268000,OK
0,6,adjacent,400,30,16,131,REV,E9,E8,E3,E4,0.844000,243.472000,OK
0,6,adjacent,400,30,16,132,FWD,E8,E9,E4,E5,-8.578000,233.976000,OK
0,6,adjacent,400,30,16,133,REV,E9,E8,E4,E5,-2.727000,242.515000,OK
0,6,adjacent,400,30,16,134,FWD,E8,E9,E5,E6,-40.188000,235.811000,OK
0,6,adjacent,400,30,16,135,REV,E9,E8,E5,E6,-32.188000,241.876000,OK
0,6,adjacent,400,30,16,136,FWD,E8,E9,E6,E7,5.891000,236.131000,OK
0,6,adjacent,400,30,16,137,REV,E9,E8,E6,E7,20.023000,241.796000,OK
0,6,adjacent,400,30,16,138,FWD,E8,E9,E10,E11,17.797000,236.609000,OK
0,6,adjacent,400,30,16,139,REV,E9,E8,E10,E11,39.898000,242.993000,OK
0,6,adjacent,400,30,16,140,FWD,E8,E9,E11,E12,-5.930000,237.647000,OK
0,6,adjacent,400,30,16,141,REV,E9,E8,E11,E12,3.586000,241.796000,OK
0,6,adjacent,400,30,16,142,FWD,E8,E9,E12,E1,-17.586000,238.525000,OK
0,6,adjacent,400,30,16,143,REV,E9,E8,E12,E1,-10.992000,241.158000,OK
0,6,adjacent,400,30,16,144,FWD,E9,E10,E1,E2,-10.320000,120.659000,OK
0,6,adjacent,400,30,16,145,REV,E10,E9,E1,E2,-6.492000,282.016000,OK
0,6,adjacent,400,30,16,146,FWD,E9,E10,E2,E3,29.891000,220.091000,OK
0,6,adjacent,400,30,16,147,REV,E10,E9,E2,E3,33.984000,250.575000,OK
0,6,adjacent,400,30,16,148,FWD,E9,E10,E3,E4,-3.648000,233.338000,OK
0,6,adjacent,400,30,16,149,REV,E10,E9,E3,E4,0.086000,245.068000,OK
0,6,adjacent,400,30,16,150,FWD,E9,E10,E4,E5,-8.961000,236.769000,OK
0,6,adjacent,400,30,16,151,REV,E10,E9,E4,E5,-4.680000,242.834000,OK
0,6,adjacent,400,30,16,152,FWD,E9,E10,E5,E6,-40.891000,238.844000,OK
0,6,adjacent,400,30,16,153,REV,E10,E9,E5,E6,-35.258000,241.477000,OK
0,6,adjacent,400,30,16,154,FWD,E9,E10,E6,E7,3.688000,239.881000,OK
0,6,adjacent,400,30,16,155,REV,E10,E9,E6,E7,12.961000,242.195000,OK
0,6,adjacent,400,30,16,156,FWD,E9,E10,E7,E8,15.453000,239.881000,OK
0,6,adjacent,400,30,16,157,REV,E10,E9,E7,E8,38.945000,241.956000,OK
0,6,adjacent,400,30,16,158,FWD,E9,E10,E11,E12,1.758000,240.200000,OK
0,6,adjacent,400,30,16,159,REV,E10,E9,E11,E12,17.891000,242.754000,OK
0,6,adjacent,400,30,16,160,FWD,E9,E10,E12,E1,-19.437000,241.717000,OK
0,6,adjacent,400,30,16,161,REV,E10,E9,E12,E1,-13.078000,242.914000,OK
0,6,adjacent,400,30,16,162,FWD,E10,E11,E1,E2,-9.688000,142.764000,OK
0,6,adjacent,400,30,16,163,REV,E11,E10,E1,E2,-4.039000,298.535000,OK
0,6,adjacent,400,30,16,164,FWD,E10,E11,E2,E3,29.727000,238.046000,OK
0,6,adjacent,400,30,16,165,REV,E11,E10,E2,E3,34.547000,268.530000,OK
0,6,adjacent,400,30,16,166,FWD,E10,E11,E3,E4,-3.617000,250.654000,OK
0,6,adjacent,400,30,16,167,REV,E11,E10,E3,E4,0.000000,262.465000,OK
0,6,adjacent,400,30,16,168,FWD,E10,E11,E4,E5,-9.273000,254.485000,OK
0,6,adjacent,400,30,16,169,REV,E11,E10,E4,E5,-5.695000,260.869000,OK
0,6,adjacent,400,30,16,170,FWD,E10,E11,E5,E6,-41.359000,256.240000,OK
0,6,adjacent,400,30,16,171,REV,E11,E10,E5,E6,-37.297000,260.629000,OK
0,6,adjacent,400,30,16,172,FWD,E10,E11,E6,E7,4.062000,256.560000,OK
0,6,adjacent,400,30,16,173,REV,E11,E10,E6,E7,9.977000,259.911000,OK
0,6,adjacent,400,30,16,174,FWD,E10,E11,E7,E8,15.258000,256.799000,OK
0,6,adjacent,400,30,16,175,REV,E11,E10,E7,E8,28.117000,259.991000,OK
0,6,adjacent,400,30,16,176,FWD,E10,E11,E8,E9,24.812000,257.836000,OK
0,6,adjacent,400,30,16,177,REV,E11,E10,E8,E9,47.570000,259.752000,OK
0,6,adjacent,400,30,16,178,FWD,E10,E11,E12,E1,-19.695000,257.517000,OK
0,6,adjacent,400,30,16,179,REV,E11,E10,E12,E1,-5.422000,259.752000,OK
0,6,adjacent,400,30,16,180,FWD,E11,E12,E1,E2,-9.688000,128.160000,OK
0,6,adjacent,400,30,16,181,REV,E12,E11,E1,E2,0.562000,305.797000,OK
0,6,adjacent,400,30,16,182,FWD,E11,E12,E2,E3,29.078000,249.457000,OK
0,6,adjacent,400,30,16,183,REV,E12,E11,E2,E3,35.883000,273.318000,OK
0,6,adjacent,400,30,16,184,FWD,E11,E12,E3,E4,-3.813000,262.864000,OK
0,6,adjacent,400,30,16,185,REV,E12,E11,E3,E4,0.320000,268.929000,OK
0,6,adjacent,400,30,16,186,FWD,E11,E12,E4,E5,-9.617000,265.976000,OK
0,6,adjacent,400,30,16,187,REV,E12,E11,E4,E5,-6.234000,267.572000,OK
0,6,adjacent,400,30,16,188,FWD,E11,E12,E5,E6,-41.992000,267.173000,OK
0,6,adjacent,400,30,16,189,REV,E12,E11,E5,E6,-38.836000,267.333000,OK
0,6,adjacent,400,30,16,190,FWD,E11,E12,E6,E7,4.461000,267.891000,OK
0,6,adjacent,400,30,16,191,REV,E12,E11,E6,E7,8.398000,267.253000,OK
0,6,adjacent,400,30,16,192,FWD,E11,E12,E7,E8,15.875000,267.333000,OK
0,6,adjacent,400,30,16,193,REV,E12,E11,E7,E8,23.016000,267.093000,OK
0,6,adjacent,400,30,16,194,FWD,E11,E12,E8,E9,28.477000,268.211000,OK
0,6,adjacent,400,30,16,195,REV,E12,E11,E8,E9,38.867000,267.413000,OK
0,6,adjacent,400,30,16,196,FWD,E11,E12,E9,E10,-36.625000,269.168000,OK
0,6,adjacent,400,30,16,197,REV,E12,E11,E9,E10,-19.961000,266.774000,OK
0,6,adjacent,400,30,16,198,FWD,E12,E1,E2,E3,28.125000,137.976000,OK
0,6,adjacent,400,30,16,199,REV,E1,E12,E2,E3,40.984000,306.196000,OK
0,6,adjacent,400,30,16,200,FWD,E12,E1,E3,E4,-4.719000,246.984000,OK
0,6,adjacent,400,30,16,201,REV,E1,E12,E3,E4,1.625000,273.477000,OK
0,6,adjacent,400,30,16,202,FWD,E12,E1,E4,E5,-10.438000,259.831000,OK
0,6,adjacent,400,30,16,203,REV,E1,E12,E4,E5,-5.992000,268.610000,OK
0,6,adjacent,400,30,16,204,FWD,E12,E1,E5,E6,-43.086000,262.305000,OK
0,6,adjacent,400,30,16,205,REV,E1,E12,E5,E6,-39.586000,266.615000,OK
0,6,adjacent,400,30,16,206,FWD,E12,E1,E6,E7,4.437000,263.901000,OK
0,6,adjacent,400,30,16,207,REV,E1,E12,E6,E7,8.047000,266.295000,OK
0,6,adjacent,400,30,16,208,FWD,E12,E1,E7,E8,15.563000,264.620000,OK
0,6,adjacent,400,30,16,209,REV,E1,E12,E7,E8,20.937000,265.657000,OK
0,6,adjacent,400,30,16,210,FWD,E12,E1,E8,E9,30.312000,264.779000,OK
0,6,adjacent,400,30,16,211,REV,E1,E12,E8,E9,37.664000,266.056000,OK
0,6,adjacent,400,30,16,212,FWD,E12,E1,E9,E10,-25.898000,264.779000,OK
0,6,adjacent,400,30,16,213,REV,E1,E12,E9,E10,-19.195000,266.774000,OK
0,6,adjacent,400,30,16,214,FWD,E12,E1,E10,E11,32.297000,264.221000,OK
0,6,adjacent,400,30,16,215,REV,E1,E12,E10,E11,45.102000,266.295000,OK
1,7,adjacent,400,30,16,0,FWD,E1,E2,E3,E4,-4.562000,130.554000,OK
1,7,adjacent,400,30,16,1,REV,E2,E1,E3,E4,5.078000,314.575000,OK
1,7,adjacent,400,30,16,2,FWD,E1,E2,E4,E5,-11.266000,251.612000,OK
1,7,adjacent,400,30,16,3,REV,E2,E1,E4,E5,-5.180000,278.585000,OK
1,7,adjacent,400,30,16,4,FWD,E1,E2,E5,E6,-44.180000,267.333000,OK
1,7,adjacent,400,30,16,5,REV,E2,E1,E5,E6,-40.031000,272.041000,OK
1,7,adjacent,400,30,16,6,FWD,E1,E2,E6,E7,4.445000,270.844000,OK
1,7,adjacent,400,30,16,7,REV,E2,E1,E6,E7,7.992000,271.083000,OK
1,7,adjacent,400,30,16,8,FWD,E1,E2,E7,E8,15.227000,271.722000,OK
1,7,adjacent,400,30,16,9,REV,E2,E1,E7,E8,19.680000,270.924000,OK
1,7,adjacent,400,30,16,10,FWD,E1,E2,E8,E9,32.273000,272.440000,OK
1,7,adjacent,400,30,16,11,REV,E2,E1,E8,E9,38.039000,270.126000,OK
1,7,adjacent,400,30,16,12,FWD,E1,E2,E9,E10,-25.273000,272.759000,OK
1,7,adjacent,400,30,16,13,REV,E2,E1,E9,E10,-20.578000,269.727000,OK
1,7,adjacent,400,30,16,14,FWD,E1,E2,E10,E11,30.430000,273.318000,OK
1,7,adjacent,400,30,16,15,REV,E2,E1,E10,E11,36.570000,269.567000,OK
1,7,adjacent,400,30,16,16,FWD,E1,E2,E11,E12,-8.305000,273.398000,OK
1,7,adjacent,400,30,16,17,REV,E2,E1,E11,E12,3.859000,269.886000,OK
1,7,adjacent,400,30,16,18,FWD,E2,E3,E4,E5,-12.438000,133.507000,OK
1,7,adjacent,400,30,16,19,REV,E3,E2,E4,E5,-0.719000,314.256000,OK
1,7,adjacent,400,30,16,20,FWD,E2,E3,E5,E6,-45.984000,233.018000,OK
1,7,adjacent,400,30,16,21,REV,E3,E2,E5,E6,-39.398000,274.994000,OK
1,7,adjacent,400,30,16,22,FWD,E2,E3,E6,E7,3.734000,249.058000,OK
1,7,adjacent,400,30,16,23,REV,E3,E2,E6,E7,8.547000,266.694000,OK
1,7,adjacent,400,30,16,24,FWD,E2,E3,E7,E8,14.352000,253.687000,OK
1,7,adjacent,400,30,16,25,REV,E3,E2,E7,E8,19.187000,263.582000,OK
1,7,adjacent,400,30,16,26,FWD,E2,E3,E8,E9,33.539000,255.363000,OK
1,7,adjacent,400,30,16,27,REV,E3,E2,E8,E9,39.375000,263.662000,OK
1,7,adjacent,400,30,16,28,FWD,E2,E3,E9,E10,-25.922000,255.682000,OK
1,7,adjacent,400,30,16,29,REV,E3,E2,E9,E10,-21.477000,262.784000,OK
1,7,adjacent,400,30,16,30,FWD,E2,E3,E10,E11,27.672000,256.240000,OK
1,7,adjacent,400,30,16,31,REV,E3,E2,E10,E11,32.406000,263.103000,OK
1,7,adjacent,400,30,16,32,FWD,E2,E3,E11,E12,-7.617000,257.118000,OK
1,7,adjacent,400,30,16,33,REV,E3,E2,E11,E12,-0.695000,262.545000,OK
1,7,adjacent,400,30,16,34,FWD,E2,E3,E12,E1,0.141000,257.278000,OK
1,7,adjacent,400,30,16,35,REV,E3,E2,E12,E1,14.398000,262.305000,OK
1,7,adjacent,400,30,16,36,FWD,E3,E4,E1,E2,13.938000,114.993000,OK
1,7,adjacent,400,30,16,37,REV,E4,E3,E1,E2,13.883000,294.545000,OK
1,7,adjacent,400,30,16,38,FWD,E3,E4,E5,E6,-48.914000,229.747000,OK
1,7,adjacent,400,30,16,39,REV,E4,E3,E5,E6,-35.445000,259.991000,OK
1,7,adjacent,400,30,16,40,FWD,E3,E4,E6,E7,3.109000,243.632000,OK
1,7,adjacent,400,30,16,41,REV,E4,E3,E6,E7,9.289000,254.006000,OK
1,7,adjacent,400,30,16,42,FWD,E3,E4,E7,E8,13.828000,247.303000,OK
1,7,adjacent,400,30,16,43,REV,E4,E3,E7,E8,18.633000,252.729000,OK
1,7,adjacent,400,30,16,44,FWD,E3,E4,E8,E9,35.563000,249.537000,OK
1,7,adjacent,400,30,16,45,REV,E4,E3,E8,E9,40.688000,251.772000,OK
1,7,adjacent,400,30,16,46,FWD,E3,E4,E9,E10,-26.484000,249.856000,OK
1,7,adjacent,400,30,16,47,REV,E4,E3,E9,E10,-22.750000,251.851000,OK
1,7,adjacent,400,30,16,48,FWD,E3,E4,E10,E11,26.195000,250.814000,OK
1,7,adjacent,400,30,16,49,REV,E4,E3,E10,E11,29.516000,251.532000,OK
1,7,adjacent,400,30,16,50,FWD,E3,E4,E11,E12,-6.117000,250.255000,OK
1,7,adjacent,400,30,16,51,REV,E4,E3,E11,E12,-2.211000,251.931000,OK
1,7,adjacent,400,30,16,52,FWD,E3,E4,E12,E1,-2.344000,251.133000,OK
1,7,adjacent,400,30,16,53,REV,E4,E3,E12,E1,3.523000,252.011000,OK
1,7,adjacent,400,30,16,54,FWD,E4,E5,E1,E2,-13.555000,131.033000,OK
1,7,adjacent,400,30,16,55,REV,E5,E4,E1,E2,-8.664000,308.111000,OK
1,7,adjacent,400,30,16,56,FWD,E4,E5,E2,E3,49.680000,243.871000,OK
1,7,adjacent,400,30,16,57,REV,E5,E4,E2,E3,57.906000,273.717000,OK
1,7,adjacent,400,30,16,58,FWD,E4,E5,E6,E7,-0.406000,257.517000,OK
1,7,adjacent,400,30,16,59,REV,E5,E4,E6,E7,12.914000,267.253000,OK
1,7,adjacent,400,30,16,60,FWD,E4,E5,E7,E8,12.227000,260.789000,OK
1,7,adjacent,400,30,16,61,REV,E5,E4,E7,E8,19.234000,266.295000,OK
1,7,adjacent,400,30,16,62,FWD,E4,E5,E8,E9,36.469000,261.986000,OK
1,7,adjacent,400,30,16,63,REV,E5,E4,E8,E9,43.008000,266.056000,OK
1,7,adjacent,400,30,16,64,FWD,E4,E5,E9,E10,-27.898000,262.864000,OK
1,7,adjacent,400,30,16,65,REV,E5,E4,E9,E10,-23.359000,265.258000,OK
1,7,adjacent,400,30,16,66,FWD,E4,E5,E10,E11,24.672000,263.662000,OK
1,7,adjacent,400,30,16,67,REV,E5,E4,E10,E11,28.187000,264.699000,OK
1,7,adjacent,400,30,16,68,FWD,E4,E5,E11,E12,-5.578000,264.141000,OK
1,7,adjacent,400,30,16,69,REV,E5,E4,E11,E12,-2.172000,265.816000,OK
1,7,adjacent,400,30,16,70,FWD,E4,E5,E12,E1,-5.648000,264.300000,OK
1,7,adjacent,400,30,16,71,REV,E5,E4,E12,E1,-1.367000,265.418000,OK
1,7,adjacent,400,30,16,72,FWD,E5,E6,E1,E2,-14.484000,149.866000,OK
1,7,adjacent,400,30,16,73,REV,E6,E5,E1,E2,-10.594000,324.470000,OK
1,7,adjacent,400,30,16,74,FWD,E5,E6,E2,E3,31.430000,263.263000,OK
1,7,adjacent,400,30,16,75,REV,E6,E5,E2,E3,38.531000,289.996000,OK
1,7,adjacent,400,30,16,76,FWD,E5,E6,E3,E4,6.984000,278.345000,OK
1,7,adjacent,400,30,16,77,REV,E6,E5,E3,E4,19.898000,283.772000,OK
1,7,adjacent,400,30,16,78,FWD,E5,E6,E7,E8,8.227000,282.654000,OK
1,7,adjacent,400,30,16,79,REV,E6,E5,E7,E8,22.727000,281.617000,OK
1,7,adjacent,400,30,16,80,FWD,E5,E6,E8,E9,36.336000,284.091000,OK
1,7,adjacent,400,30,16,81,REV,E6,E5,E8,E9,46.414000,280.899000,OK
1,7,adjacent,400,30,16,82,FWD,E5,E6,E9,E10,-29.930000,284.889000,OK
1,7,adjacent,400,30,16,83,REV,E6,E5,E9,E10,-23.156000,281.617000,OK
1,7,adjacent,400,30,16,84,FWD,E5,E6,E10,E11,23.172000,284.729000,OK
1,7,adjacent,400,30,16,85,REV,E6,E5,E10,E11,27.734000,281.058000,OK
1,7,adjacent,400,30,16,86,FWD,E5,E6,E11,E12,-5.305000,285.049000,OK
1,7,adjacent,400,30,16,87,REV,E6,E5,E11,E12,-1.656000,281.058000,OK
1,7,adjacent,400,30,16,88,FWD,E5,E6,E12,E1,-8.609000,285.448000,OK
1,7,adjacent,400,30,16,89,REV,E6,E5,E12,E1,-4.805000,280.819000,OK
1,7,adjacent,400,30,16,90,FWD,E6,E7,E1,E2,-13.883000,173.008000,OK
1,7,adjacent,400,30,16,91,REV,E7,E6,E1,E2,-10.031000,348.969000,OK
1,7,adjacent,400,30,16,92,FWD,E6,E7,E2,E3,29.852000,271.083000,OK
1,7,adjacent,400,30,16,93,REV,E7,E6,E2,E3,35.578000,310.824000,OK
1,7,adjacent,400,30,16,94,FWD,E6,E7,E3,E4,-3.352000,288.719000,OK
1,7,adjacent,400,30,16,95,REV,E7,E6,E3,E4,4.570000,302.605000,OK
1,7,adjacent,400,30,16,96,FWD,E6,E7,E4,E5,-1.406000,292.869000,OK
1,7,adjacent,400,30,16,97,REV,E7,E6,E4,E5,13.609000,299.652000,OK
1,7,adjacent,400,30,16,98,FWD,E6,E7,E8,E9,33.273000,294.465000,OK
1,7,adjacent,400,30,16,99,REV,E7,E6,E8,E9,52.680000,298.615000,OK
1,7,adjacent,400,30,16,100,FWD,E6,E7,E9,E10,-33.484000,296.221000,OK
1,7,adjacent,400,30,16,101,REV,E7,E6,E9,E10,-21.477000,297.098000,OK
1,7,adjacent,400,30,16,102,FWD,E6,E7,E10,E11,21.117000,296.380000,OK
1,7,adjacent,400,30,16,103,REV,E7,E6,E10,E11,28.305000,297.497000,OK
1,7,adjacent,400,30,16,104,FWD,E6,E7,E11,E12,-5.500000,296.460000,OK
1,7,adjacent,400,30,16,105,REV,E7,E6,E11,E12,-0.711000,298.216000,OK
1,7,adjacent,400,30,16,106,FWD,E6,E7,E12,E1,-11.688000,296.141000,OK
1,7,adjacent,400,30,16,107,REV,E7,E6,E12,E1,-7.453000,298.216000,OK
1,7,adjacent,400,30,16,108,FWD,E7,E8,E1,E2,-12.891000,141.168000,OK
1,7,adjacent,400,30,16,109,REV,E8,E7,E1,E2,-8.602000,325.508000,OK
1,7,adjacent,400,30,16,110,FWD,E7,E8,E2,E3,29.531000,247.143000,OK
1,7,adjacent,400,30,16,111,REV,E8,E7,E2,E3,34.711000,285.368000,OK
1,7,adjacent,400,30,16,112,FWD,E7,E8,E3,E4,-3.688000,264.460000,OK
1,7,adjacent,400,30,16,113,REV,E8,E7,E3,E4,1.789000,277.787000,OK
1,7,adjacent,400,30,16,114,FWD,E7,E8,E4,E5,-7.336000,268.849000,OK
1,7,adjacent,400,30,16,115,REV,E8,E7,E4,E5,0.195000,275.393000,OK
1,7,adjacent,400,30,16,116,FWD,E7,E8,E5,E6,-37.609000,270.206000,OK
1,7,adjacent,400,30,16,117,REV,E8,E7,E5,E6,-24.297000,274.834000,OK
1,7,adjacent,400,30,16,118,FWD,E7,E8,E9,E10,-41.758000,270.684000,OK
1,7,adjacent,400,30,16,119,REV,E8,E7,E9,E10,-14.195000,274.196000,OK
1,7,adjacent,400,30,16,120,FWD,E7,E8,E10,E11,17.055000,272.041000,OK
1,7,adjacent,400,30,16,121,REV,E8,E7,E10,E11,31.148000,273.717000,OK
1,7,adjacent,400,30,16,122,FWD,E7,E8,E11,E12,-6.586000,272.201000,OK
1,7,adjacent,400,30,16,123,REV,E8,E7,E11,E12,1.203000,273.557000,OK
1,7,adjacent,400,30,16,124,FWD,E7,E8,E12,E1,-15.094000,272.360000,OK
1,7,adjacent,400,30,16,125,REV,E8,E7,E12,E1,-9.289000,273.956000,OK
1,7,adjacent,400,30,16,126,FWD,E8,E9,E1,E2,-11.508000,104.699000,OK
1,7,adjacent,400,30,16,127,REV,E9,E8,E1,E2,-7.156000,288.879000,OK
1,7,adjacent,400,30,16,128,FWD,E8,E9,E2,E3,29.578000,216.340000,OK
1,7,adjacent,400,30,16,129,REV,E9,E8,E2,E3,34.688000,253.368000,OK
1,7,adjacent,400,30,16,130,FWD,E8,E9,E3,E4,-3.891000,231.502000,OK
1,7,adjacent,400,30,16,131,REV,E9,E8,E3,E4,0.992000,246.265000,OK
1,7,adjacent,400,30,16,132,FWD,E8,E9,E4,E5,-8.836000,235.652000,OK
1,7,adjacent,400,30,16,133,REV,E9,E8,E4,E5,-2.930000,244.270000,OK
1,7,adjacent,400,30,16,134,FWD,E8,E9,E5,E6,-40.031000,237.328000,OK
1,7,adjacent,400,30,16,135,REV,E9,E8,E5,E6,-31.984000,243.233000,OK
1,7,adjacent,400,30,16,136,FWD,E8,E9,E6,E7,6.250000,238.365000,OK
1,7,adjacent,400,30,16,137,REV,E9,E8,E6,E7,20.461000,243.552000,OK
1,7,adjacent,400,30,16,138,FWD,E8,E9,E10,E11,17.602000,238.684000,OK
1,7,adjacent,400,30,16,139,REV,E9,E8,E10,E11,39.867000,243.392000,OK
1,7,adjacent,400,30,16,140,FWD,E8,E9,E11,E12,-6.422000,239.083000,OK
1,7,adjacent,400,30,16,141,REV,E9,E8,E11,E12,3.148000,243.313000,OK
1,7,adjacent,400,30,16,142,FWD,E8,E9,E12,E1,-17.781000,239.562000,OK
1,7,adjacent,400,30,16,143,REV,E9,E8,E12,E1,-11.102000,242.914000,OK
1,7,adjacent,400,30,16,144,FWD,E9,E10,E1,E2,-10.297000,120.739000,OK
1,7,adjacent,400,30,16,145,REV,E10,E9,E1,E2,-6.422000,283.772000,OK
1,7,adjacent,400,30,16,146,FWD,E9,E10,E2,E3,30.102000,221.607000,OK
1,7,adjacent,400,30,16,147,REV,E10,E9,E2,E3,34.250000,252.570000,OK
1,7,adjacent,400,30,16,148,FWD,E9,E10,E3,E4,-3.539000,234.774000,OK
1,7,adjacent,400,30,16,149,REV,E10,E9,E3,E4,0.234000,246.345000,OK
1,7,adjacent,400,30,16,150,FWD,E9,E10,E4,E5,-9.211000,238.924000,OK
1,7,adjacent,400,30,16,151,REV,E10,E9,E4,E5,-4.875000,244.749000,OK
1,7,adjacent,400,30,16,152,FWD,E9,E10,E5,E6,-40.750000,239.961000,OK
1,7,adjacent,400,30,16,153,REV,E10,E9,E5,E6,-35.078000,244.111000,OK
1,7,adjacent,400,30,16,154,FWD,E9,E10,E6,E7,4.016000,240.919000,OK
1,7,adjacent,400,30,16,155,REV,E10,E9,E6,E7,13.406000,243.951000,OK
1,7,adjacent,400,30,16,156,FWD,E9,E10,E7,E8,15.172000,242.275000,OK
1,7,adjacent,400,30,16,157,REV,E10,E9,E7,E8,38.797000,243.392000,OK
1,7,adjacent,400,30,16,158,FWD,E9,E10,E11,E12,1.391000,242.036000,OK
1,7,adjacent,400,30,16,159,REV,E10,E9,E11,E12,17.492000,242.834000,OK
1,7,adjacent,400,30,16,160,FWD,E9,E10,E12,E1,-19.633000,242.036000,OK
1,7,adjacent,400,30,16,161,REV,E10,E9,E12,E1,-13.313000,243.392000,OK
1,7,adjacent,400,30,16,162,FWD,E10,E11,E1,E2,-9.633000,143.402000,OK
1,7,adjacent,400,30,16,163,REV,E11,E10,E1,E2,-4.031000,299.253000,OK
1,7,adjacent,400,30,16,164,FWD,E10,E11,E2,E3,30.016000,236.530000,OK
1,7,adjacent,400,30,16,165,REV,E11,E10,E2,E3,34.828000,267.971000,OK
1,7,adjacent,400,30,16,166,FWD,E10,E11,E3,E4,-3.500000,250.654000,OK
1,7,adjacent,400,30,16,167,REV,E11,E10,E3,E4,0.109000,262.225000,OK
1,7,adjacent,400,30,16,168,FWD,E10,E11,E4,E5,-9.484000,254.166000,OK
1,7,adjacent,400,30,16,169,REV,E11,E10,E4,E5,-5.930000,260.151000,OK
1,7,adjacent,400,30,16,170,FWD,E10,E11,E5,E6,-41.258000,255.921000,OK
1,7,adjacent,400,30,16,171,REV,E11,E10,E5,E6,-37.188000,260.071000,OK
1,7,adjacent,400,30,16,172,FWD,E10,E11,E6,E7,4.406000,256.161000,OK
1,7,adjacent,400,30,16,173,REV,E11,E10,E6,E7,10.367000,260.071000,OK
1,7,adjacent,400,30,16,174,FWD,E10,E11,E7,E8,15.070000,256.240000,OK
1,7,adjacent,400,30,16,175,REV,E11,E10,E7,E8,27.922000,259.672000,OK
1,7,adjacent,400,30,16,176,FWD,E10,E11,E8,E9,24.883000,257.278000,OK
1,7,adjacent,400,30,16,177,REV,E11,E10,E8,E9,47.492000,259.193000,OK
1,7,adjacent,400,30,16,178,FWD,E10,E11,E12,E1,-19.812000,257.437000,OK
1,7,adjacent,400,30,16,179,REV,E11,E10,E12,E1,-5.609000,258.714000,OK
1,7,adjacent,400,30,16,180,FWD,E11,E12,E1,E2,-9.664000,128.639000,OK
1,7,adjacent,400,30,16,181,REV,E12,E11,E1,E2,0.555000,305.318000,OK
1,7,adjacent,400,30,16,182,FWD,E11,E12,E2,E3,29.344000,248.899000,OK
1,7,adjacent,400,30,16,183,REV,E12,E11,E2,E3,36.094000,272.999000,OK
1,7,adjacent,400,30,16,184,FWD,E11,E12,E3,E4,-3.719000,261.747000,OK
1,7,adjacent,400,30,16,185,REV,E12,E11,E3,E4,0.406000,268.849000,OK
1,7,adjacent,400,30,16,186,FWD,E11,E12,E4,E5,-9.820000,265.737000,OK
1,7,adjacent,400,30,16,187,REV,E12,E11,E4,E5,-6.437000,267.333000,OK
1,7,adjacent,400,30,16,188,FWD,E11,E12,E5,E6,-41.906000,267.014000,OK
1,7,adjacent,400,30,16,189,REV,E12,E11,E5,E6,-38.758000,266.535000,OK
1,7,adjacent,400,30,16,190,FWD,E11,E12,E6,E7,4.914000,267.333000,OK
1,7,adjacent,400,30,16,191,REV,E12,E11,E6,E7,8.789000,266.535000,OK
1,7,adjacent,400,30,16,192,FWD,E11,E12,E7,E8,15.703000,267.971000,OK
1,7,adjacent,400,30,16,193,REV,E12,E11,E7,E8,22.797000,266.854000,OK
1,7,adjacent,400,30,16,194,FWD,E11,E12,E8,E9,28.477000,267.333000,OK
1,7,adjacent,400,30,16,195,REV,E12,E11,E8,E9,38.836000,266.854000,OK
1,7,adjacent,400,30,16,196,FWD,E11,E12,E9,E10,-36.773000,268.290000,OK
1,7,adjacent,400,30,16,197,REV,E12,E11,E9,E10,-20.148000,267.093000,OK
1,7,adjacent,400,30,16,198,FWD,E12,E1,E2,E3,28.453000,138.055000,OK
1,7,adjacent,400,30,16,199,REV,E1,E12,E2,E3,41.258000,304.680000,OK
1,7,adjacent,400,30,16,200,FWD,E12,E1,E3,E4,-4.633000,246.824000,OK
1,7,adjacent,400,30,16,201,REV,E1,E12,E3,E4,1.711000,272.600000,OK
1,7,adjacent,400,30,16,202,FWD,E12,E1,E4,E5,-10.625000,258.874000,OK
1,7,adjacent,400,30,16,203,REV,E1,E12,E4,E5,-6.172000,267.253000,OK
1,7,adjacent,400,30,16,204,FWD,E12,E1,E5,E6,-42.977000,261.826000,OK
1,7,adjacent,400,30,16,205,REV,E1,E12,E5,E6,-39.531000,266.375000,OK
1,7,adjacent,400,30,16,206,FWD,E12,E1,E6,E7,4.852000,263.343000,OK
1,7,adjacent,400,30,16,207,REV,E1,E12,E6,E7,8.477000,266.056000,OK
1,7,adjacent,400,30,16,208,FWD,E12,E1,E7,E8,15.383000,263.183000,OK
1,7,adjacent,400,30,16,209,REV,E1,E12,E7,E8,20.750000,264.939000,OK
1,7,adjacent,400,30,16,210,FWD,E12,E1,E8,E9,30.281000,263.981000,OK
1,7,adjacent,400,30,16,211,REV,E1,E12,E8,E9,37.586000,265.896000,OK
1,7,adjacent,400,30,16,212,FWD,E12,E1,E9,E10,-26.031000,264.061000,OK
1,7,adjacent,400,30,16,213,REV,E1,E12,E9,E10,-19.352000,265.098000,OK
1,7,adjacent,400,30,16,214,FWD,E12,E1,E10,E11,32.227000,264.221000,OK
1,7,adjacent,400,30,16,215,REV,E1,E12,E10,E11,45.055000,265.577000,OK
2,8,adjacent,400,30,16,0,FWD,E1,E2,E3,E4,-4.445000,130.155000,OK
2,8,adjacent,400,30,16,1,REV,E2,E1,E3,E4,5.070000,314.096000,OK
2,8,adjacent,400,30,16,2,FWD,E1,E2,E4,E5,-11.422000,251.213000,OK
2,8,adjacent,400,30,16,3,REV,E2,E1,E4,E5,-5.437000,278.265000,OK
2,8,adjacent,400,30,16,4,FWD,E1,E2,E5,E6,-44.094000,266.136000,OK
2,8,adjacent,400,30,16,5,REV,E2,E1,E5,E6,-40.016000,272.600000,OK
2,8,adjacent,400,30,16,6,FWD,E1,E2,E6,E7,4.852000,270.126000,OK
2,8,adjacent,400,30,16,7,REV,E2,E1,E6,E7,8.430000,269.727000,OK
2,8,adjacent,400,30,16,8,FWD,E1,E2,E7,E8,15.078000,271.562000,OK
2,8,adjacent,400,30,16,9,REV,E2,E1,E7,E8,19.516000,269.248000,OK
2,8,adjacent,400,30,16,10,FWD,E1,E2,E8,E9,32.227000,271.961000,OK
2,8,adjacent,400,30,16,11,REV,E2,E1,E8,E9,37.984000,269.328000,OK
2,8,adjacent,400,30,16,12,FWD,E1,E2,E9,E10,-25.383000,272.121000,OK
2,8,adjacent,400,30,16,13,REV,E2,E1,E9,E10,-20.648000,269.647000,OK
2,8,adjacent,400,30,16,14,FWD,E1,E2,E10,E11,30.375000,272.280000,OK
2,8,adjacent,400,30,16,15,REV,E2,E1,E10,E11,36.508000,269.487000,OK
2,8,adjacent,400,30,16,16,FWD,E1,E2,E11,E12,-8.438000,272.759000,OK
2,8,adjacent,400,30,16,17,REV,E2,E1,E11,E12,3.594000,268.769000,OK
2,8,adjacent,400,30,16,18,FWD,E2,E3,E4,E5,-12.688000,133.267000,OK
2,8,adjacent,400,30,16,19,REV,E3,E2,E4,E5,-0.945000,313.617000,OK
2,8,adjacent,400,30,16,20,FWD,E2,E3,E5,E6,-45.977000,232.939000,OK
2,8,adjacent,400,30,16,21,REV,E3,E2,E5,E6,-39.320000,274.595000,OK
2,8,adjacent,400,30,16,22,FWD,E2,E3,E6,E7,4.242000,248.340000,OK
2,8,adjacent,400,30,16,23,REV,E3,E2,E6,E7,8.961000,265.816000,OK
2,8,adjacent,400,30,16,24,FWD,E2,E3,E7,E8,14.172000,252.889000,OK
2,8,adjacent,400,30,16,25,REV,E3,E2,E7,E8,19.023000,263.821000,OK
2,8,adjacent,400,30,16,26,FWD,E2,E3,E8,E9,33.508000,255.283000,OK
2,8,adjacent,400,30,16,27,REV,E3,E2,E8,E9,39.289000,262.385000,OK
2,8,adjacent,400,30,16,28,FWD,E2,E3,E9,E10,-25.984000,256.081000,OK
2,8,adjacent,400,30,16,29,REV,E3,E2,E9,E10,-21.570000,262.385000,OK
2,8,adjacent,400,30,16,30,FWD,E2,E3,E10,E11,27.648000,256.001000,OK
2,8,adjacent,400,30,16,31,REV,E3,E2,E10,E11,32.367000,262.545000,OK
2,8,adjacent,400,30,16,32,FWD,E2,E3,E11,E12,-7.820000,255.682000,OK
2,8,adjacent,400,30,16,33,REV,E3,E2,E11,E12,-0.867000,262.146000,OK
2,8,adjacent,400,30,16,34,FWD,E2,E3,E12,E1,0.000000,255.841000,OK
2,8,adjacent,400,30,16,35,REV,E3,E2,E12,E1,14.219000,261.747000,OK
2,8,adjacent,400,30,16,36,FWD,E3,E4,E1,E2,13.852000,114.674000,OK
2,8,adjacent,400,30,16,37,REV,E4,E3,E1,E2,13.820000,293.667000,OK
2,8,adjacent,400,30,16,38,FWD,E3,E4,E5,E6,-48.883000,229.188000,OK
2,8,adjacent,400,30,16,39,REV,E4,E3,E5,E6,-35.406000,259.033000,OK
2,8,adjacent,400,30,16,40,FWD,E3,E4,E6,E7,3.523000,242.834000,OK
2,8,adjacent,400,30,16,41,REV,E4,E3,E6,E7,9.727000,253.288000,OK
2,8,adjacent,400,30,16,42,FWD,E3,E4,E7,E8,13.719000,246.186000,OK
2,8,adjacent,400,30,16,43,REV,E4,E3,E7,E8,18.430000,252.011000,OK
2,8,adjacent,400,30,16,44,FWD,E3,E4,E8,E9,35.492000,247.861000,OK
2,8,adjacent,400,30,16,45,REV,E4,E3,E8,E9,40.641000,251.293000,OK
2,8,adjacent,400,30,16,46,FWD,E3,E4,E9,E10,-26.516000,249.218000,OK
2,8,adjacent,400,30,16,47,REV,E4,E3,E9,E10,-22.820000,250.096000,OK
2,8,adjacent,400,30,16,48,FWD,E3,E4,E10,E11,26.164000,249.378000,OK
2,8,adjacent,400,30,16,49,REV,E4,E3,E10,E11,29.500000,250.734000,OK
2,8,adjacent,400,30,16,50,FWD,E3,E4,E11,E12,-6.328000,249.936000,OK
2,8,adjacent,400,30,16,51,REV,E4,E3,E11,E12,-2.422000,251.452000,OK
2,8,adjacent,400,30,16,52,FWD,E3,E4,E12,E1,-2.484000,249.617000,OK
2,8,adjacent,400,30,16,53,REV,E4,E3,E12,E1,3.383000,251.612000,OK
2,8,adjacent,400,30,16,54,FWD,E4,E5,E1,E2,-13.586000,130.395000,OK
2,8,adjacent,400,30,16,55,REV,E5,E4,E1,E2,-8.680000,307.393000,OK
2,8,adjacent,400,30,16,56,FWD,E4,E5,E2,E3,49.664000,243.313000,OK
2,8,adjacent,400,30,16,57,REV,E5,E4,E2,E3,57.938000,271.802000,OK
2,8,adjacent,400,30,16,58,FWD,E4,E5,E6,E7,0.047000,256.879000,OK
2,8,adjacent,400,30,16,59,REV,E5,E4,E6,E7,13.289000,266.694000,OK
2,8,adjacent,400,30,16,60,FWD,E4,E5,E7,E8,12.102000,260.310000,OK
2,8,adjacent,400,30,16,61,REV,E5,E4,E7,E8,19.047000,265.178000,OK
2,8,adjacent,400,30,16,62,FWD,E4,E5,E8,E9,36.406000,261.348000,OK
2,8,adjacent,400,30,16,63,REV,E5,E4,E8,E9,42.938000,264.699000,OK
2,8,adjacent,400,30,16,64,FWD,E4,E5,E9,E10,-27.906000,262.225000,OK
2,8,adjacent,400,30,16,65,REV,E5,E4,E9,E10,-23.406000,264.460000,OK
2,8,adjacent,400,30,16,66,FWD,E4,E5,E10,E11,24.672000,262.784000,OK
2,8,adjacent,400,30,16,67,REV,E5,E4,E10,E11,28.117000,263.901000,OK
2,8,adjacent,400,30,16,68,FWD,E4,E5,E11,E12,-5.797000,262.864000,OK
2,8,adjacent,400,30,16,69,REV,E5,E4,E11,E12,-2.375000,264.300000,OK
2,8,adjacent,400,30,16,70,FWD,E4,E5,E12,E1,-5.773000,263.422000,OK
2,8,adjacent,400,30,16,71,REV,E5,E4,E12,E1,-1.453000,264.620000,OK
2,8,adjacent,400,30,16,72,FWD,E5,E6,E1,E2,-14.500000,148.350000,OK
2,8,adjacent,400,30,16,73,REV,E6,E5,E1,E2,-10.617000,323.193000,OK
2,8,adjacent,400,30,16,74,FWD,E5,E6,E2,E3,31.555000,261.747000,OK
2,8,adjacent,400,30,16,75,REV,E6,E5,E2,E3,38.648000,289.118000,OK
2,8,adjacent,400,30,16,76,FWD,E5,E6,E3,E4,6.930000,277.866000,OK
2,8,adjacent,400,30,16,77,REV,E6,E5,E3,E4,19.828000,281.936000,OK
2,8,adjacent,400,30,16,78,FWD,E5,E6,E7,E8,8.141000,281.457000,OK
2,8,adjacent,400,30,16,79,REV,E6,E5,E7,E8,22.500000,280.420000,OK
2,8,adjacent,400,30,16,80,FWD,E5,E6,E8,E9,36.266000,282.734000,OK
2,8,adjacent,400,30,16,81,REV,E6,E5,E8,E9,46.305000,280.420000,OK
2,8,adjacent,400,30,16,82,FWD,E5,E6,E9,E10,-29.922000,283.373000,OK
2,8,adjacent,400,30,16,83,REV,E6,E5,E9,E10,-23.211000,280.580000,OK
2,8,adjacent,400,30,16,84,FWD,E5,E6,E10,E11,23.180000,283.852000,OK
2,8,adjacent,400,30,16,85,REV,E6,E5,E10,E11,27.695000,280.181000,OK
2,8,adjacent,400,30,16,86,FWD,E5,E6,E11,E12,-5.523000,284.650000,OK
2,8,adjacent,400,30,16,87,REV,E6,E5,E11,E12,-1.883000,279.861000,OK
2,8,adjacent,400,30,16,88,FWD,E5,E6,E12,E1,-8.711000,285.049000,OK
2,8,adjacent,400,30,16,89,REV,E6,E5,E12,E1,-4.867000,280.101000,OK
2,8,adjacent,400,30,16,90,FWD,E6,E7,E1,E2,-13.898000,172.529000,OK
2,8,adjacent,400,30,16,91,REV,E7,E6,E1,E2,-10.133000,348.969000,OK
2,8,adjacent,400,30,16,92,FWD,E6,E7,E2,E3,30.000000,270.285000,OK
2,8,adjacent,400,30,16,93,REV,E7,E6,E2,E3,35.688000,310.665000,OK
2,8,adjacent,400,30,16,94,FWD,E6,E7,E3,E4,-3.320000,287.762000,OK
2,8,adjacent,400,30,16,95,REV,E7,E6,E3,E4,4.570000,302.206000,OK
2,8,adjacent,400,30,16,96,FWD,E6,E7,E4,E5,-1.203000,293.348000,OK
2,8,adjacent,400,30,16,97,REV,E7,E6,E4,E5,13.672000,298.854000,OK
2,8,adjacent,400,30,16,98,FWD,E6,E7,E8,E9,33.156000,294.465000,OK
2,8,adjacent,400,30,16,99,REV,E7,E6,E8,E9,52.586000,297.737000,OK
2,8,adjacent,400,30,16,100,FWD,E6,E7,E9,E10,-33.547000,295.901000,OK
2,8,adjacent,400,30,16,101,REV,E7,E6,E9,E10,-21.484000,297.976000,OK
2,8,adjacent,400,30,16,102,FWD,E6,E7,E10,E11,21.094000,295.662000,OK
2,8,adjacent,400,30,16,103,REV,E7,E6,E10,E11,28.250000,297.418000,OK
2,8,adjacent,400,30,16,104,FWD,E6,E7,E11,E12,-5.703000,296.061000,OK
2,8,adjacent,400,30,16,105,REV,E7,E6,E11,E12,-0.961000,297.817000,OK
2,8,adjacent,400,30,16,106,FWD,E6,E7,E12,E1,-11.758000,295.662000,OK
2,8,adjacent,400,30,16,107,REV,E7,E6,E12,E1,-7.508000,297.258000,OK
2,8,adjacent,400,30,16,108,FWD,E7,E8,E1,E2,-12.969000,141.247000,OK
2,8,adjacent,400,30,16,109,REV,E8,E7,E1,E2,-8.711000,324.789000,OK
2,8,adjacent,400,30,16,110,FWD,E7,E8,E2,E3,29.695000,246.824000,OK
2,8,adjacent,400,30,16,111,REV,E8,E7,E2,E3,34.867000,285.128000,OK
2,8,adjacent,400,30,16,112,FWD,E7,E8,E3,E4,-3.664000,263.662000,OK
2,8,adjacent,400,30,16,113,REV,E8,E7,E3,E4,1.805000,276.909000,OK
2,8,adjacent,400,30,16,114,FWD,E7,E8,E4,E5,-7.234000,267.253000,OK
2,8,adjacent,400,30,16,115,REV,E8,E7,E4,E5,0.328000,274.435000,OK
2,8,adjacent,400,30,16,116,FWD,E7,E8,E5,E6,-37.531000,269.647000,OK
2,8,adjacent,400,30,16,117,REV,E8,E7,E5,E6,-24.320000,273.158000,OK
2,8,adjacent,400,30,16,118,FWD,E7,E8,E9,E10,-41.734000,270.206000,OK
2,8,adjacent,400,30,16,119,REV,E8,E7,E9,E10,-14.250000,272.759000,OK
2,8,adjacent,400,30,16,120,FWD,E7,E8,E10,E11,17.055000,271.004000,OK
2,8,adjacent,400,30,16,121,REV,E8,E7,E10,E11,31.062000,272.679000,OK
2,8,adjacent,400,30,16,122,FWD,E7,E8,E11,E12,-6.797000,270.764000,OK
2,8,adjacent,400,30,16,123,REV,E8,E7,E11,E12,0.945000,272.679000,OK
2,8,adjacent,400,30,16,124,FWD,E7,E8,E12,E1,-15.023000,271.323000,OK
2,8,adjacent,400,30,16,125,REV,E8,E7,E12,E1,-9.305000,273.078000,OK
2,8,adjacent,400,30,16,126,FWD,E8,E9,E1,E2,-11.664000,104.858000,OK
2,8,adjacent,400,30,16,127,REV,E9,E8,E1,E2,-7.352000,288.001000,OK
2,8,adjacent,400,30,16,128,FWD,E8,E9,E2,E3,29.742000,215.542000,OK
2,8,adjacent,400,30,16,129,REV,E9,E8,E2,E3,34.813000,252.490000,OK
2,8,adjacent,400,30,16,130,FWD,E8,E9,E3,E4,-3.867000,229.986000,OK
2,8,adjacent,400,30,16,131,REV,E9,E8,E3,E4,1.039000,245.866000,OK
2,8,adjacent,400,30,16,132,FWD,E8,E9,E4,E5,-8.680000,234.854000,OK
2,8,adjacent,400,30,16,133,REV,E9,E8,E4,E5,-2.836000,243.951000,OK
2,8,adjacent,400,30,16,134,FWD,E8,E9,E5,E6,-40.094000,236.689000,OK
2,8,adjacent,400,30,16,135,REV,E9,E8,E5,E6,-32.063000,242.355000,OK
2,8,adjacent,400,30,16,136,FWD,E8,E9,E6,E7,6.273000,237.008000,OK
2,8,adjacent,400,30,16,137,REV,E9,E8,E6,E7,20.375000,242.993000,OK
2,8,adjacent,400,30,16,138,FWD,E8,E9,E10,E11,17.695000,237.806000,OK
2,8,adjacent,400,30,16,139,REV,E9,E8,E10,E11,39.828000,242.435000,OK
2,8,adjacent,400,30,16,140,FWD,E8,E9,E11,E12,-6.656000,237.647000,OK
2,8,adjacent,400,30,16,141,REV,E9,E8,E11,E12,2.859000,242.036000,OK
2,8,adjacent,400,30,16,142,FWD,E8,E9,E12,E1,-17.687000,238.604000,OK
2,8,adjacent,400,30,16,143,REV,E9,E8,E12,E1,-11.117000,242.195000,OK
2,8,adjacent,400,30,16,144,FWD,E9,E10,E1,E2,-10.477000,120.499000,OK
2,8,adjacent,400,30,16,145,REV,E10,E9,E1,E2,-6.578000,282.016000,OK
2,8,adjacent,400,30,16,146,FWD,E9,E10,E2,E3,30.266000,220.410000,OK
2,8,adjacent,400,30,16,147,REV,E10,E9,E2,E3,34.375000,251.133000,OK
2,8,adjacent,400,30,16,148,FWD,E9,E10,E3,E4,-3.492000,234.056000,OK
2,8,adjacent,400,30,16,149,REV,E10,E9,E3,E4,0.234000,245.388000,OK
2,8,adjacent,400,30,16,150,FWD,E9,E10,E4,E5,-9.070000,236.849000,OK
2,8,adjacent,400,30,16,151,REV,E10,E9,E4,E5,-4.781000,243.392000,OK
2,8,adjacent,400,30,16,152,FWD,E9,E10,E5,E6,-40.797000,238.604000,OK
2,8,adjacent,400,30,16,153,REV,E10,E9,E5,E6,-35.188000,242.834000,OK
2,8,adjacent,400,30,16,154,FWD,E9,E10,E6,E7,4.062000,239.961000,OK
2,8,adjacent,400,30,16,155,REV,E10,E9,E6,E7,13.352000,242.116000,OK
2,8,adjacent,400,30,16,156,FWD,E9,E10,E7,E8,15.180000,240.919000,OK
2,8,adjacent,400,30,16,157,REV,E10,E9,E7,E8,38.648000,242.036000,OK
2,8,adjacent,400,30,16,158,FWD,E9,E10,E11,E12,1.078000,241.158000,OK
2,8,adjacent,400,30,16,159,REV,E10,E9,E11,E12,17.172000,242.116000,OK
2,8,adjacent,400,30,16,160,FWD,E9,E10,E12,E1,-19.484000,240.759000,OK
2,8,adjacent,400,30,16,161,REV,E10,E9,E12,E1,-13.273000,242.275000,OK
2,8,adjacent,400,30,16,162,FWD,E10,E11,E1,E2,-9.922000,141.886000,OK
2,8,adjacent,400,30,16,163,REV,E11,E10,E1,E2,-4.281000,298.295000,OK
2,8,adjacent,400,30,16,164,FWD,E10,E11,E2,E3,30.164000,235.811000,OK
2,8,adjacent,400,30,16,165,REV,E11,E10,E2,E3,34.969000,266.295000,OK
2,8,adjacent,400,30,16,166,FWD,E10,E11,E3,E4,-3.445000,249.457000,OK
2,8,adjacent,400,30,16,167,REV,E11,E10,E3,E4,0.148000,260.390000,OK
2,8,adjacent,400,30,16,168,FWD,E10,E11,E4,E5,-9.391000,253.288000,OK
2,8,adjacent,400,30,16,169,REV,E11,E10,E4,E5,-5.828000,259.033000,OK
2,8,adjacent,400,30,16,170,FWD,E10,E11,E5,E6,-41.344000,253.687000,OK
2,8,adjacent,400,30,16,171,REV,E11,E10,E5,E6,-37.344000,259.193000,OK
2,8,adjacent,400,30,16,172,FWD,E10,E11,E6,E7,4.445000,254.964000,OK
2,8,adjacent,400,30,16,173,REV,E11,E10,E6,E7,10.375000,258.555000,OK
2,8,adjacent,400,30,16,174,FWD,E10,E11,E7,E8,15.031000,255.762000,OK
2,8,adjacent,400,30,16,175,REV,E11,E10,E7,E8,27.766000,257.836000,OK
2,8,adjacent,400,30,16,176,FWD,E10,E11,E8,E9,24.969000,256.639000,OK
2,8,adjacent,400,30,16,177,REV,E11,E10,E8,E9,47.414000,258.076000,OK
2,8,adjacent,400,30,16,178,FWD,E10,E11,E12,E1,-19.727000,256.879000,OK
2,8,adjacent,400,30,16,179,REV,E11,E10,E12,E1,-5.500000,258.395000,OK
2,8,adjacent,400,30,16,180,FWD,E11,E12,E1,E2,-9.914000,127.123000,OK
2,8,adjacent,400,30,16,181,REV,E12,E11,E1,E2,0.211000,304.121000,OK
2,8,adjacent,400,30,16,182,FWD,E11,E12,E2,E3,29.500000,247.702000,OK
2,8,adjacent,400,30,16,183,REV,E12,E11,E2,E3,36.250000,272.520000,OK
2,8,adjacent,400,30,16,184,FWD,E11,E12,E3,E4,-3.648000,261.427000,OK
2,8,adjacent,400,30,16,185,REV,E12,E11,E3,E4,0.445000,267.014000,OK
2,8,adjacent,400,30,16,186,FWD,E11,E12,E4,E5,-9.727000,264.620000,OK
2,8,adjacent,400,30,16,187,REV,E12,E11,E4,E5,-6.336000,265.178000,OK
2,8,adjacent,400,30,16,188,FWD,E11,E12,E5,E6,-42.008000,265.976000,OK
2,8,adjacent,400,30,16,189,REV,E12,E11,E5,E6,-38.852000,265.737000,OK
2,8,adjacent,400,30,16,190,FWD,E11,E12,E6,E7,4.914000,265.976000,OK
2,8,adjacent,400,30,16,191,REV,E12,E11,E6,E7,8.875000,265.737000,OK
2,8,adjacent,400,30,16,192,FWD,E11,E12,E7,E8,15.633000,266.136000,OK
2,8,adjacent,400,30,16,193,REV,E12,E11,E7,E8,22.727000,266.136000,OK
2,8,adjacent,400,30,16,194,FWD,E11,E12,E8,E9,28.508000,267.093000,OK
2,8,adjacent,400,30,16,195,REV,E12,E11,E8,E9,38.789000,265.577000,OK
2,8,adjacent,400,30,16,196,FWD,E11,E12,E9,E10,-36.484000,268.131000,OK
2,8,adjacent,400,30,16,197,REV,E12,E11,E9,E10,-19.937000,265.497000,OK
2,8,adjacent,400,30,16,198,FWD,E12,E1,E2,E3,28.625000,137.736000,OK
2,8,adjacent,400,30,16,199,REV,E1,E12,E2,E3,41.375000,304.281000,OK
2,8,adjacent,400,30,16,200,FWD,E12,E1,E3,E4,-4.523000,245.707000,OK
2,8,adjacent,400,30,16,201,REV,E1,E12,E3,E4,1.734000,271.802000,OK
2,8,adjacent,400,30,16,202,FWD,E12,E1,E4,E5,-10.523000,257.597000,OK
2,8,adjacent,400,30,16,203,REV,E1,E12,E4,E5,-6.117000,266.774000,OK
2,8,adjacent,400,30,16,204,FWD,E12,E1,E5,E6,-43.078000,261.268000,OK
2,8,adjacent,400,30,16,205,REV,E1,E12,E5,E6,-39.625000,264.221000,OK
2,8,adjacent,400,30,16,206,FWD,E12,E1,E6,E7,4.922000,262.385000,OK
2,8,adjacent,400,30,16,207,REV,E1,E12,E6,E7,8.469000,264.460000,OK
2,8,adjacent,400,30,16,208,FWD,E12,E1,E7,E8,15.320000,263.263000,OK
2,8,adjacent,400,30,16,209,REV,E1,E12,E7,E8,20.695000,264.061000,OK
2,8,adjacent,400,30,16,210,FWD,E12,E1,E8,E9,30.297000,262.465000,OK
2,8,adjacent,400,30,16,211,REV,E1,E12,E8,E9,37.609000,264.620000,OK
2,8,adjacent,400,30,16,212,FWD,E12,E1,E9,E10,-25.812000,262.624000,OK
2,8,adjacent,400,30,16,213,REV,E1,E12,E9,E10,-19.172000,264.939000,OK
2,8,adjacent,400,30,16,214,FWD,E12,E1,E10,E11,32.133000,263.103000,OK
2,8,adjacent,400,30,16,215,REV,E1,E12,E10,E11,44.781000,264.300000,OK
3,9,adjacent,400,30,16,0,FWD,E1,E2,E3,E4,-4.422000,129.437000,OK
3,9,adjacent,400,30,16,1,REV,E2,E1,E3,E4,5.133000,312.181000,OK
3,9,adjacent,400,30,16,2,FWD,E1,E2,E4,E5,-11.352000,250.654000,OK
3,9,adjacent,400,30,16,3,REV,E2,E1,E4,E5,-5.312000,277.228000,OK
3,9,adjacent,400,30,16,4,FWD,E1,E2,E5,E6,-44.234000,265.976000,OK
3,9,adjacent,400,30,16,5,REV,E2,E1,E5,E6,-40.141000,271.482000,OK
3,9,adjacent,400,30,16,6,FWD,E1,E2,E6,E7,4.937000,269.248000,OK
3,9,adjacent,400,30,16,7,REV,E2,E1,E6,E7,8.453000,269.727000,OK
3,9,adjacent,400,30,16,8,FWD,E1,E2,E7,E8,15.047000,270.605000,OK
3,9,adjacent,400,30,16,9,REV,E2,E1,E7,E8,19.445000,268.929000,OK
3,9,adjacent,400,30,16,10,FWD,E1,E2,E8,E9,32.273000,270.764000,OK
3,9,adjacent,400,30,16,11,REV,E2,E1,E8,E9,37.977000,268.929000,OK
3,9,adjacent,400,30,16,12,FWD,E1,E2,E9,E10,-25.164000,271.562000,OK
3,9,adjacent,400,30,16,13,REV,E2,E1,E9,E10,-20.516000,268.450000,OK
3,9,adjacent,400,30,16,14,FWD,E1,E2,E10,E11,30.289000,271.802000,OK
3,9,adjacent,400,30,16,15,REV,E2,E1,E10,E11,36.383000,267.971000,OK
3,9,adjacent,400,30,16,16,FWD,E1,E2,E11,E12,-8.648000,271.722000,OK
3,9,adjacent,400,30,16,17,REV,E2,E1,E11,E12,3.445000,268.610000,OK
3,9,adjacent,400,30,16,18,FWD,E2,E3,E4,E5,-12.484000,132.868000,OK
3,9,adjacent,400,30,16,19,REV,E3,E2,E4,E5,-0.875000,313.218000,OK
3,9,adjacent,400,30,16,20,FWD,E2,E3,E5,E6,-46.063000,232.380000,OK
3,9,adjacent,400,30,16,21,REV,E3,E2,E5,E6,-39.469000,273.477000,OK
3,9,adjacent,400,30,16,22,FWD,E2,E3,E6,E7,4.266000,247.861000,OK
3,9,adjacent,400,30,16,23,REV,E3,E2,E6,E7,9.055000,265.019000,OK
3,9,adjacent,400,30,16,24,FWD,E2,E3,E7,E8,14.156000,252.330000,OK
3,9,adjacent,400,30,16,25,REV,E3,E2,E7,E8,18.992000,263.263000,OK
3,9,adjacent,400,30,16,26,FWD,E2,E3,E8,E9,33.547000,253.926000,OK
3,9,adjacent,400,30,16,27,REV,E3,E2,E8,E9,39.305000,261.986000,OK
3,9,adjacent,400,30,16,28,FWD,E2,E3,E9,E10,-25.797000,254.325000,OK
3,9,adjacent,400,30,16,29,REV,E3,E2,E9,E10,-21.391000,261.348000,OK
3,9,adjacent,400,30,16,30,FWD,E2,E3,E10,E11,27.570000,254.884000,OK
3,9,adjacent,400,30,16,31,REV,E3,E2,E10,E11,32.180000,261.108000,OK
3,9,adjacent,400,30,16,32,FWD,E2,E3,E11,E12,-7.922000,255.123000,OK
3,9,adjacent,400,30,16,33,REV,E3,E2,E11,E12,-1.070000,261.108000,OK
3,9,adjacent,400,30,16,34,FWD,E2,E3,E12,E1,-0.070000,255.762000,OK
3,9,adjacent,400,30,16,35,REV,E3,E2,E12,E1,14.031000,261.108000,OK
3,9,adjacent,400,30,16,36,FWD,E3,E4,E1,E2,13.992000,113.557000,OK
3,9,adjacent,400,30,16,37,REV,E4,E3,E1,E2,14.023000,292.630000,OK
3,9,adjacent,400,30,16,38,FWD,E3,E4,E5,E6,-49.023000,227.911000,OK
3,9,adjacent,400,30,16,39,REV,E4,E3,E5,E6,-35.656000,258.156000,OK
3,9,adjacent,400,30,16,40,FWD,E3,E4,E6,E7,3.555000,241.717000,OK
3,9,adjacent,400,30,16,41,REV,E4,E3,E6,E7,9.781000,252.011000,OK
3,9,adjacent,400,30,16,42,FWD,E3,E4,E7,E8,13.656000,246.026000,OK
3,9,adjacent,400,30,16,43,REV,E4,E3,E7,E8,18.469000,250.415000,OK
3,9,adjacent,400,30,16,44,FWD,E3,E4,E8,E9,35.555000,247.303000,OK
3,9,adjacent,400,30,16,45,REV,E4,E3,E8,E9,40.680000,249.697000,OK
3,9,adjacent,400,30,16,46,FWD,E3,E4,E9,E10,-26.352000,247.622000,OK
3,9,adjacent,400,30,16,47,REV,E4,E3,E9,E10,-22.648000,250.016000,OK
3,9,adjacent,400,30,16,48,FWD,E3,E4,E10,E11,26.070000,248.260000,OK
3,9,adjacent,400,30,16,49,REV,E4,E3,E10,E11,29.375000,250.016000,OK
3,9,adjacent,400,30,16,50,FWD,E3,E4,E11,E12,-6.477000,248.739000,OK
3,9,adjacent,400,30,16,51,REV,E4,E3,E11,E12,-2.617000,249.936000,OK
3,9,adjacent,400,30,16,52,FWD,E3,E4,E12,E1,-2.539000,248.899000,OK
3,9,adjacent,400,30,16,53,REV,E4,E3,E12,E1,3.219000,249.777000,OK
3,9,adjacent,400,30,16,54,FWD,E4,E5,E1,E2,-13.359000,129.357000,OK
3,9,adjacent,400,30,16,55,REV,E5,E4,E1,E2,-8.547000,306.276000,OK
3,9,adjacent,400,30,16,56,FWD,E4,E5,E2,E3,49.445000,241.557000,OK
3,9,adjacent,400,30,16,57,REV,E5,E4,E2,E3,57.734000,271.243000,OK
3,9,adjacent,400,30,16,58,FWD,E4,E5,E6,E7,0.164000,255.123000,OK
3,9,adjacent,400,30,16,59,REV,E5,E4,E6,E7,13.313000,265.896000,OK
3,9,adjacent,400,30,16,60,FWD,E4,E5,E7,E8,12.094000,259.512000,OK
3,9,adjacent,400,30,16,61,REV,E5,E4,E7,E8,19.062000,264.141000,OK
3,9,adjacent,400,30,16,62,FWD,E4,E5,E8,E9,36.453000,260.151000,OK
3,9,adjacent,400,30,16,63,REV,E5,E4,E8,E9,42.945000,263.263000,OK
3,9,adjacent,400,30,16,64,FWD,E4,E5,E9,E10,-27.766000,261.906000,OK
3,9,adjacent,400,30,16,65,REV,E5,E4,E9,E10,-23.250000,263.742000,OK
3,9,adjacent,400,30,16,66,FWD,E4,E5,E10,E11,24.562000,261.667000,OK
3,9,adjacent,400,30,16,67,REV,E5,E4,E10,E11,28.055000,263.821000,OK
3,9,adjacent,400,30,16,68,FWD,E4,E5,E11,E12,-5.969000,261.986000,OK
3,9,adjacent,400,30,16,69,REV,E5,E4,E11,E12,-2.570000,263.742000,OK
3,9,adjacent,400,30,16,70,FWD,E4,E5,E12,E1,-5.812000,262.624000,OK
3,9,adjacent,400,30,16,71,REV,E5,E4,E12,E1,-1.547000,263.103000,OK
3,9,adjacent,400,30,16,72,FWD,E5,E6,E1,E2,-14.367000,148.669000,OK
3,9,adjacent,400,30,16,73,REV,E6,E5,E1,E2,-10.492000,321.837000,OK
3,9,adjacent,400,30,16,74,FWD,E5,E6,E2,E3,31.414000,261.587000,OK
3,9,adjacent,400,30,16,75,REV,E6,E5,E2,E3,38.484000,288.001000,OK
3,9,adjacent,400,30,16,76,FWD,E5,E6,E3,E4,6.953000,276.669000,OK
3,9,adjacent,400,30,16,77,REV,E6,E5,E3,E4,19.945000,281.936000,OK
3,9,adjacent,400,30,16,78,FWD,E5,E6,E7,E8,8.188000,280.340000,OK
3,9,adjacent,400,30,16,79,REV,E6,E5,E7,E8,22.461000,279.941000,OK
3,9,adjacent,400,30,16,80,FWD,E5,E6,E8,E9,36.297000,282.016000,OK
3,9,adjacent,400,30,16,81,REV,E6,E5,E8,E9,46.375000,279.462000,OK
3,9,adjacent,400,30,16,82,FWD,E5,E6,E9,E10,-29.789000,282.335000,OK
3,9,adjacent,400,30,16,83,REV,E6,E5,E9,E10,-23.070000,278.664000,OK
3,9,adjacent,400,30,16,84,FWD,E5,E6,E10,E11,23.078000,283.053000,OK
3,9,adjacent,400,30,16,85,REV,E6,E5,E10,E11,27.609000,279.143000,OK
3,9,adjacent,400,30,16,86,FWD,E5,E6,E11,E12,-5.695000,283.053000,OK
3,9,adjacent,400,30,16,87,REV,E6,E5,E11,E12,-2.094000,279.143000,OK
3,9,adjacent,400,30,16,88,FWD,E5,E6,E12,E1,-8.758000,283.612000,OK
3,9,adjacent,400,30,16,89,REV,E6,E5,E12,E1,-4.945000,279.462000,OK
3,9,adjacent,400,30,16,90,FWD,E6,E7,E1,E2,-13.852000,171.572000,OK
3,9,adjacent,400,30,16,91,REV,E7,E6,E1,E2,-10.063000,347.612000,OK
3,9,adjacent,400,30,16,92,FWD,E6,E7,E2,E3,29.906000,269.567000,OK
3,9,adjacent,400,30,16,93,REV,E7,E6,E2,E3,35.500000,308.989000,OK
3,9,adjacent,400,30,16,94,FWD,E6,E7,E3,E4,-3.227000,287.283000,OK
3,9,adjacent,400,30,16,95,REV,E7,E6,E3,E4,4.641000,300.370000,OK
3,9,adjacent,400,30,16,96,FWD,E6,E7,E4,E5,-1.445000,292.071000,OK
3,9,adjacent,400,30,16,97,REV,E7,E6,E4,E5,13.484000,297.817000,OK
3,9,adjacent,400,30,16,98,FWD,E6,E7,E8,E9,33.328000,293.507000,OK
3,9,adjacent,400,30,16,99,REV,E7,E6,E8,E9,52.555000,297.019000,OK
3,9,adjacent,400,30,16,100,FWD,E6,E7,E9,E10,-33.352000,293.827000,OK
3,9,adjacent,400,30,16,101,REV,E7,E6,E9,E10,-21.375000,297.019000,OK
3,9,adjacent,400,30,16,102,FWD,E6,E7,E10,E11,21.000000,294.305000,OK
3,9,adjacent,400,30,16,103,REV,E7,E6,E10,E11,28.164000,296.300000,OK
3,9,adjacent,400,30,16,104,FWD,E6,E7,E11,E12,-5.891000,294.704000,OK
3,9,adjacent,400,30,16,105,REV,E7,E6,E11,E12,-1.133000,295.981000,OK
3,9,adjacent,400,30,16,106,FWD,E6,E7,E12,E1,-11.719000,294.944000,OK
3,9,adjacent,400,30,16,107,REV,E7,E6,E12,E1,-7.547000,295.981000,OK
3,9,adjacent,400,30,16,108,FWD,E7,E8,E1,E2,-12.945000,140.609000,OK
3,9,adjacent,400,30,16,109,REV,E8,E7,E1,E2,-8.688000,323.832000,OK
3,9,adjacent,400,30,16,110,FWD,E7,E8,E2,E3,29.594000,245.866000,OK
3,9,adjacent,400,30,16,111,REV,E8,E7,E2,E3,34.750000,284.250000,OK
3,9,adjacent,400,30,16,112,FWD,E7,E8,E3,E4,-3.586000,263.023000,OK
3,9,adjacent,400,30,16,113,REV,E8,E7,E3,E4,1.867000,276.031000,OK
3,9,adjacent,400,30,16,114,FWD,E7,E8,E4,E5,-7.352000,266.694000,OK
3,9,adjacent,400,30,16,115,REV,E8,E7,E4,E5,0.109000,273.876000,OK
3,9,adjacent,400,30,16,116,FWD,E7,E8,E5,E6,-37.430000,268.610000,OK
3,9,adjacent,400,30,16,117,REV,E8,E7,E5,E6,-24.312000,272.759000,OK
3,9,adjacent,400,30,16,118,FWD,E7,E8,E9,E10,-41.508000,269.966000,OK
3,9,adjacent,400,30,16,119,REV,E8,E7,E9,E10,-14.188000,272.041000,OK
3,9,adjacent,400,30,16,120,FWD,E7,E8,E10,E11,17.039000,270.046000,OK
3,9,adjacent,400,30,16,121,REV,E8,E7,E10,E11,30.953000,271.881000,OK
3,9,adjacent,400,30,16,122,FWD,E7,E8,E11,E12,-6.969000,270.206000,OK
3,9,adjacent,400,30,16,123,REV,E8,E7,E11,E12,0.758000,272.440000,OK
3,9,adjacent,400,30,16,124,FWD,E7,E8,E12,E1,-15.000000,269.487000,OK
3,9,adjacent,400,30,16,125,REV,E8,E7,E12,E1,-9.289000,272.360000,OK
3,9,adjacent,400,30,16,126,FWD,E8,E9,E1,E2,-11.664000,103.422000,OK
3,9,adjacent,400,30,16,127,REV,E9,E8,E1,E2,-7.336000,286.565000,OK
3,9,adjacent,400,30,16,128,FWD,E8,E9,E2,E3,29.648000,214.425000,OK
3,9,adjacent,400,30,16,129,REV,E9,E8,E2,E3,34.703000,250.415000,OK
3,9,adjacent,400,30,16,130,FWD,E8,E9,E3,E4,-3.781000,229.427000,OK
3,9,adjacent,400,30,16,131,REV,E9,E8,E3,E4,1.086000,244.031000,OK
3,9,adjacent,400,30,16,132,FWD,E8,E9,E4,E5,-8.820000,233.098000,OK
3,9,adjacent,400,30,16,133,REV,E9,E8,E4,E5,-2.977000,242.275000,OK
3,9,adjacent,400,30,16,134,FWD,E8,E9,E5,E6,-40.031000,234.295000,OK
3,9,adjacent,400,30,16,135,REV,E9,E8,E5,E6,-32.023000,241.637000,OK
3,9,adjacent,400,30,16,136,FWD,E8,E9,E6,E7,6.414000,235.492000,OK
3,9,adjacent,400,30,16,137,REV,E9,E8,E6,E7,20.422000,241.477000,OK
3,9,adjacent,400,30,16,138,FWD,E8,E9,E10,E11,17.594000,236.769000,OK
3,9,adjacent,400,30,16,139,REV,E9,E8,E10,E11,39.688000,240.520000,OK
3,9,adjacent,400,30,16,140,FWD,E8,E9,E11,E12,-6.750000,236.609000,OK
3,9,adjacent,400,30,16,141,REV,E9,E8,E11,E12,2.688000,240.440000,OK
3,9,adjacent,400,30,16,142,FWD,E8,E9,E12,E1,-17.703000,237.328000,OK
3,9,adjacent,400,30,16,143,REV,E9,E8,E12,E1,-11.141000,241.158000,OK
3,9,adjacent,400,30,16,144,FWD,E9,E10,E1,E2,-10.461000,118.903000,OK
3,9,adjacent,400,30,16,145,REV,E10,E9,E1,E2,-6.687000,280.979000,OK
3,9,adjacent,400,30,16,146,FWD,E9,E10,E2,E3,30.266000,218.973000,OK
3,9,adjacent,400,30,16,147,REV,E10,E9,E2,E3,34.336000,249.936000,OK
3,9,adjacent,400,30,16,148,FWD,E9,E10,E3,E4,-3.422000,232.939000,OK
3,9,adjacent,400,30,16,149,REV,E10,E9,E3,E4,0.289000,243.472000,OK
3,9,adjacent,400,30,16,150,FWD,E9,E10,E4,E5,-9.172000,236.530000,OK
3,9,adjacent,400,30,16,151,REV,E10,E9,E4,E5,-4.898000,241.956000,OK
3,9,adjacent,400,30,16,152,FWD,E9,E10,E5,E6,-40.766000,238.205000,OK
3,9,adjacent,400,30,16,153,REV,E10,E9,E5,E6,-35.141000,241.477000,OK
3,9,adjacent,400,30,16,154,FWD,E9,E10,E6,E7,4.141000,238.844000,OK
3,9,adjacent,400,30,16,155,REV,E10,E9,E6,E7,13.445000,241.318000,OK
3,9,adjacent,400,30,16,156,FWD,E9,E10,E7,E8,15.109000,238.764000,OK
3,9,adjacent,400,30,16,157,REV,E10,E9,E7,E8,38.531000,240.839000,OK
3,9,adjacent,400,30,16,158,FWD,E9,E10,E11,E12,0.945000,239.482000,OK
3,9,adjacent,400,30,16,159,REV,E10,E9,E11,E12,17.023000,241.158000,OK
3,9,adjacent,400,30,16,160,FWD,E9,E10,E12,E1,-19.555000,240.280000,OK
3,9,adjacent,400,30,16,161,REV,E10,E9,E12,E1,-13.234000,240.759000,OK
3,9,adjacent,400,30,16,162,FWD,E10,E11,E1,E2,-9.930000,141.567000,OK
3,9,adjacent,400,30,16,163,REV,E11,E10,E1,E2,-4.344000,297.098000,OK
3,9,adjacent,400,30,16,164,FWD,E10,E11,E2,E3,30.164000,235.412000,OK
3,9,adjacent,400,30,16,165,REV,E11,E10,E2,E3,34.898000,265.896000,OK
3,9,adjacent,400,30,16,166,FWD,E10,E11,E3,E4,-3.406000,248.420000,OK
3,9,adjacent,400,30,16,167,REV,E11,E10,E3,E4,0.187000,259.592000,OK
3,9,adjacent,400,30,16,168,FWD,E10,E11,E4,E5,-9.461000,252.330000,OK
3,9,adjacent,400,30,16,169,REV,E11,E10,E4,E5,-5.937000,258.555000,OK
3,9,adjacent,400,30,16,170,FWD,E10,E11,E5,E6,-41.297000,253.128000,OK
3,9,adjacent,400,30,16,171,REV,E11,E10,E5,E6,-37.242000,257.916000,OK
3,9,adjacent,400,30,16,172,FWD,E10,E11,E6,E7,4.570000,254.166000,OK
3,9,adjacent,400,30,16,173,REV,E11,E10,E6,E7,10.484000,258.076000,OK
3,9,adjacent,400,30,16,174,FWD,E10,E11,E7,E8,14.992000,255.442000,OK
3,9,adjacent,400,30,16,175,REV,E11,E10,E7,E8,27.719000,257.757000,OK
3,9,adjacent,400,30,16,176,FWD,E10,E11,E8,E9,25.148000,255.602000,OK
3,9,adjacent,400,30,16,177,REV,E11,E10,E8,E9,47.617000,257.038000,OK
3,9,adjacent,400,30,16,178,FWD,E10,E11,E12,E1,-19.773000,255.442000,OK
3,9,adjacent,400,30,16,179,REV,E11,E10,E12,E1,-5.523000,257.597000,OK
3,9,adjacent,400,30,16,180,FWD,E11,E12,E1,E2,-9.992000,126.724000,OK
3,9,adjacent,400,30,16,181,REV,E12,E11,E1,E2,0.062000,302.844000,OK
3,9,adjacent,400,30,16,182,FWD,E11,E12,E2,E3,29.484000,246.984000,OK
3,9,adjacent,400,30,16,183,REV,E12,E11,E2,E3,36.180000,271.403000,OK
3,9,adjacent,400,30,16,184,FWD,E11,E12,E3,E4,-3.586000,260.071000,OK
3,9,adjacent,400,30,16,185,REV,E12,E11,E3,E4,0.492000,266.375000,OK
3,9,adjacent,400,30,16,186,FWD,E11,E12,E4,E5,-9.820000,263.502000,OK
3,9,adjacent,400,30,16,187,REV,E12,E11,E4,E5,-6.422000,264.779000,OK
3,9,adjacent,400,30,16,188,FWD,E11,E12,E5,E6,-42.023000,265.258000,OK
3,9,adjacent,400,30,16,189,REV,E12,E11,E5,E6,-38.836000,264.460000,OK
3,9,adjacent,400,30,16,190,FWD,E11,E12,E6,E7,5.062000,265.816000,OK
3,9,adjacent,400,30,16,191,REV,E12,E11,E6,E7,8.961000,264.939000,OK
3,9,adjacent,400,30,16,192,FWD,E11,E12,E7,E8,15.586000,265.178000,OK
3,9,adjacent,400,30,16,193,REV,E12,E11,E7,E8,22.727000,264.859000,OK
3,9,adjacent,400,30,16,194,FWD,E11,E12,E8,E9,28.805000,266.455000,OK
3,9,adjacent,400,30,16,195,REV,E12,E11,E8,E9,39.102000,265.338000,OK
3,9,adjacent,400,30,16,196,FWD,E11,E12,E9,E10,-36.547000,266.455000,OK
3,9,adjacent,400,30,16,197,REV,E12,E11,E9,E10,-20.172000,265.418000,OK
3,9,adjacent,400,30,16,198,FWD,E12,E1,E2,E3,28.586000,137.257000,OK
3,9,adjacent,400,30,16,199,REV,E1,E12,E2,E3,41.305000,302.605000,OK
3,9,adjacent,400,30,16,200,FWD,E12,E1,E3,E4,-4.492000,245.388000,OK
3,9,adjacent,400,30,16,201,REV,E1,E12,E3,E4,1.750000,270.285000,OK
3,9,adjacent,400,30,16,202,FWD,E12,E1,E4,E5,-10.586000,257.517000,OK
3,9,adjacent,400,30,16,203,REV,E1,E12,E4,E5,-6.219000,265.657000,OK
3,9,adjacent,400,30,16,204,FWD,E12,E1,E5,E6,-43.063000,259.752000,OK
3,9,adjacent,400,30,16,205,REV,E1,E12,E5,E6,-39.594000,264.540000,OK
3,9,adjacent,400,30,16,206,FWD,E12,E1,E6,E7,5.000000,261.028000,OK
3,9,adjacent,400,30,16,207,REV,E1,E12,E6,E7,8.555000,263.742000,OK
3,9,adjacent,400,30,16,208,FWD,E12,E1,E7,E8,15.367000,261.986000,OK
3,9,adjacent,400,30,16,209,REV,E1,E12,E7,E8,20.656000,263.502000,OK
3,9,adjacent,400,30,16,210,FWD,E12,E1,E8,E9,30.578000,262.225000,OK
3,9,adjacent,400,30,16,211,REV,E1,E12,E8,E9,37.836000,263.662000,OK
3,9,adjacent,400,30,16,212,FWD,E12,E1,E9,E10,-25.961000,261.986000,OK
3,9,adjacent,400,30,16,213,REV,E1,E12,E9,E10,-19.297000,264.141000,OK
3,9,adjacent,400,30,16,214,FWD,E12,E1,E10,E11,31.945000,261.587000,OK
3,9,adjacent,400,30,16,215,REV,E1,E12,E10,E11,44.641000,263.821000,OK
4,10,adjacent,400,30,16,0,FWD,E1,E2,E3,E4,-4.375000,128.958000,OK
4,10,adjacent,400,30,16,1,REV,E2,E1,E3,E4,5.133000,311.143000,OK
4,10,adjacent,400,30,16,2,FWD,E1,E2,E4,E5,-11.383000,250.255000,OK
4,10,adjacent,400,30,16,3,REV,E2,E1,E4,E5,-5.406000,276.191000,OK
4,10,adjacent,400,30,16,4,FWD,E1,E2,E5,E6,-44.125000,264.699000,OK
4,10,adjacent,400,30,16,5,REV,E2,E1,E5,E6,-40.148000,269.647000,OK
4,10,adjacent,400,30,16,6,FWD,E1,E2,E6,E7,5.008000,267.971000,OK
4,10,adjacent,400,30,16,7,REV,E2,E1,E6,E7,8.508000,268.610000,OK
4,10,adjacent,400,30,16,8,FWD,E1,E2,E7,E8,15.055000,269.328000,OK
4,10,adjacent,400,30,16,9,REV,E2,E1,E7,E8,19.437000,268.370000,OK
4,10,adjacent,400,30,16,10,FWD,E1,E2,E8,E9,32.531000,269.727000,OK
4,10,adjacent,400,30,16,11,REV,E2,E1,E8,E9,38.211000,267.732000,OK
4,10,adjacent,400,30,16,12,FWD,E1,E2,E9,E10,-25.289000,270.844000,OK
4,10,adjacent,400,30,16,13,REV,E2,E1,E9,E10,-20.664000,267.732000,OK
4,10,adjacent,400,30,16,14,FWD,E1,E2,E10,E11,30.133000,270.525000,OK
4,10,adjacent,400,30,16,15,REV,E2,E1,E10,E11,36.227000,267.253000,OK
4,10,adjacent,400,30,16,16,FWD,E1,E2,E11,E12,-8.656000,270.525000,OK
4,10,adjacent,400,30,16,17,REV,E2,E1,E11,E12,3.391000,267.971000,OK
4,10,adjacent,400,30,16,18,FWD,E2,E3,E4,E5,-12.547000,131.991000,OK
4,10,adjacent,400,30,16,19,REV,E3,E2,E4,E5,-0.930000,311.782000,OK
4,10,adjacent,400,30,16,20,FWD,E2,E3,E5,E6,-46.063000,231.103000,OK
4,10,adjacent,400,30,16,21,REV,E3,E2,E5,E6,-39.500000,272.280000,OK
4,10,adjacent,400,30,16,22,FWD,E2,E3,E6,E7,4.305000,247.383000,OK
4,10,adjacent,400,30,16,23,REV,E3,E2,E6,E7,9.094000,263.901000,OK
4,10,adjacent,400,30,16,24,FWD,E2,E3,E7,E8,14.211000,250.894000,OK
4,10,adjacent,400,30,16,25,REV,E3,E2,E7,E8,18.961000,261.348000,OK
4,10,adjacent,400,30,16,26,FWD,E2,E3,E8,E9,33.789000,253.128000,OK
4,10,adjacent,400,30,16,27,REV,E3,E2,E8,E9,39.539000,260.709000,OK
4,10,adjacent,400,30,16,28,FWD,E2,E3,E9,E10,-25.898000,253.208000,OK
4,10,adjacent,400,30,16,29,REV,E3,E2,E9,E10,-21.562000,259.831000,OK
4,10,adjacent,400,30,16,30,FWD,E2,E3,E10,E11,27.430000,254.325000,OK
4,10,adjacent,400,30,16,31,REV,E3,E2,E10,E11,32.102000,260.310000,OK
4,10,adjacent,400,30,16,32,FWD,E2,E3,E11,E12,-8.000000,255.123000,OK
4,10,adjacent,400,30,16,33,REV,E3,E2,E11,E12,-1.133000,260.151000,OK
4,10,adjacent,400,30,16,34,FWD,E2,E3,E12,E1,-0.055000,254.884000,OK
4,10,adjacent,400,30,16,35,REV,E3,E2,E12,E1,14.156000,259.831000,OK
4,10,adjacent,400,30,16,36,FWD,E3,E4,E1,E2,13.891000,113.317000,OK
4,10,adjacent,400,30,16,37,REV,E4,E3,E1,E2,13.805000,292.550000,OK
4,10,adjacent,400,30,16,38,FWD,E3,E4,E5,E6,-49.063000,227.911000,OK
4,10,adjacent,400,30,16,39,REV,E4,E3,E5,E6,-35.516000,257.757000,OK
4,10,adjacent,400,30,16,40,FWD,E3,E4,E6,E7,3.648000,241.717000,OK
4,10,adjacent,400,30,16,41,REV,E4,E3,E6,E7,9.898000,251.692000,OK
4,10,adjacent,400,30,16,42,FWD,E3,E4,E7,E8,13.664000,245.787000,OK
4,10,adjacent,400,30,16,43,REV,E4,E3,E7,E8,18.484000,250.495000,OK
4,10,adjacent,400,30,16,44,FWD,E3,E4,E8,E9,35.734000,246.904000,OK
4,10,adjacent,400,30,16,45,REV,E4,E3,E8,E9,40.859000,249.936000,OK
4,10,adjacent,400,30,16,46,FWD,E3,E4,E9,E10,-26.477000,247.462000,OK
4,10,adjacent,400,30,16,47,REV,E4,E3,E9,E10,-22.773000,250.016000,OK
4,10,adjacent,400,30,16,48,FWD,E3,E4,E10,E11,25.961000,248.021000,OK
4,10,adjacent,400,30,16,49,REV,E4,E3,E10,E11,29.227000,250.176000,OK
4,10,adjacent,400,30,16,50,FWD,E3,E4,E11,E12,-6.539000,247.941000,OK
4,10,adjacent,400,30,16,51,REV,E4,E3,E11,E12,-2.648000,249.537000,OK
4,10,adjacent,400,30,16,52,FWD,E3,E4,E12,E1,-2.359000,249.218000,OK
4,10,adjacent,400,30,16,53,REV,E4,E3,E12,E1,3.406000,249.457000,OK
4,10,adjacent,400,30,16,54,FWD,E4,E5,E1,E2,-13.578000,129.517000,OK
4,10,adjacent,400,30,16,55,REV,E5,E4,E1,E2,-8.703000,305.717000,OK
4,10,adjacent,400,30,16,56,FWD,E4,E5,E2,E3,49.430000,241.956000,OK
4,10,adjacent,400,30,16,57,REV,E5,E4,E2,E3,57.688000,271.562000,OK
4,10,adjacent,400,30,16,58,FWD,E4,E5,E6,E7,0.297000,255.203000,OK
4,10,adjacent,400,30,16,59,REV,E5,E4,E6,E7,13.531000,265.737000,OK
4,10,adjacent,400,30,16,60,FWD,E4,E5,E7,E8,12.086000,258.395000,OK
4,10,adjacent,400,30,16,61,REV,E5,E4,E7,E8,19.070000,264.061000,OK
4,10,adjacent,400,30,16,62,FWD,E4,E5,E8,E9,36.633000,260.629000,OK
4,10,adjacent,400,30,16,63,REV,E5,E4,E8,E9,43.188000,263.263000,OK
4,10,adjacent,400,30,16,64,FWD,E4,E5,E9,E10,-27.852000,261.188000,OK
4,10,adjacent,400,30,16,65,REV,E5,E4,E9,E10,-23.367000,263.103000,OK
4,10,adjacent,400,30,16,66,FWD,E4,E5,E10,E11,24.492000,261.667000,OK
4,10,adjacent,400,30,16,67,REV,E5,E4,E10,E11,27.937000,263.023000,OK
4,10,adjacent,400,30,16,68,FWD,E4,E5,E11,E12,-6.016000,261.268000,OK
4,10,adjacent,400,30,16,69,REV,E5,E4,E11,E12,-2.633000,263.901000,OK
4,10,adjacent,400,30,16,70,FWD,E4,E5,E12,E1,-5.602000,261.747000,OK
4,10,adjacent,400,30,16,71,REV,E5,E4,E12,E1,-1.297000,263.582000,OK
4,10,adjacent,400,30,16,72,FWD,E5,E6,E1,E2,-14.633000,148.509000,OK
4,10,adjacent,400,30,16,73,REV,E6,E5,E1,E2,-10.727000,321.677000,OK
4,10,adjacent,400,30,16,74,FWD,E5,E6,E2,E3,31.359000,261.587000,OK
4,10,adjacent,400,30,16,75,REV,E6,E5,E2,E3,38.516000,287.283000,OK
4,10,adjacent,400,30,16,76,FWD,E5,E6,E3,E4,6.945000,276.989000,OK
4,10,adjacent,400,30,16,77,REV,E6,E5,E3,E4,19.922000,281.617000,OK
4,10,adjacent,400,30,16,78,FWD,E5,E6,E7,E8,8.219000,280.340000,OK
4,10,adjacent,400,30,16,79,REV,E6,E5,E7,E8,22.461000,280.101000,OK
4,10,adjacent,400,30,16,80,FWD,E5,E6,E8,E9,36.555000,281.537000,OK
4,10,adjacent,400,30,16,81,REV,E6,E5,E8,E9,46.516000,279.223000,OK
4,10,adjacent,400,30,16,82,FWD,E5,E6,E9,E10,-29.891000,281.936000,OK
4,10,adjacent,400,30,16,83,REV,E6,E5,E9,E10,-23.172000,278.345000,OK
4,10,adjacent,400,30,16,84,FWD,E5,E6,E10,E11,22.992000,283.053000,OK
4,10,adjacent,400,30,16,85,REV,E6,E5,E10,E11,27.469000,278.026000,OK
4,10,adjacent,400,30,16,86,FWD,E5,E6,E11,E12,-5.773000,283.213000,OK
4,10,adjacent,400,30,16,87,REV,E6,E5,E11,E12,-2.133000,278.585000,OK
4,10,adjacent,400,30,16,88,FWD,E5,E6,E12,E1,-8.445000,283.133000,OK
4,10,adjacent,400,30,16,89,REV,E6,E5,E12,E1,-4.695000,278.824000,OK
4,10,adjacent,400,30,16,90,FWD,E6,E7,E1,E2,-14.094000,170.614000,OK
4,10,adjacent,400,30,16,91,REV,E7,E6,E1,E2,-10.367000,346.974000,OK
4,10,adjacent,400,30,16,92,FWD,E6,E7,E2,E3,29.930000,269.408000,OK
4,10,adjacent,400,30,16,93,REV,E7,E6,E2,E3,35.570000,308.829000,OK
4,10,adjacent,400,30,16,94,FWD,E6,E7,E3,E4,-3.172000,286.804000,OK
4,10,adjacent,400,30,16,95,REV,E7,E6,E3,E4,4.617000,299.732000,OK
4,10,adjacent,400,30,16,96,FWD,E6,E7,E4,E5,-1.562000,291.113000,OK
4,10,adjacent,400,30,16,97,REV,E7,E6,E4,E5,13.227000,297.497000,OK
4,10,adjacent,400,30,16,98,FWD,E6,E7,E8,E9,33.445000,292.869000,OK
4,10,adjacent,400,30,16,99,REV,E7,E6,E8,E9,52.727000,297.098000,OK
4,10,adjacent,400,30,16,100,FWD,E6,E7,E9,E10,-33.398000,293.587000,OK
4,10,adjacent,400,30,16,101,REV,E7,E6,E9,E10,-21.516000,296.141000,OK
4,10,adjacent,400,30,16,102,FWD,E6,E7,E10,E11,20.969000,294.146000,OK
4,10,adjacent,400,30,16,103,REV,E7,E6,E10,E11,28.078000,296.300000,OK
4,10,adjacent,400,30,16,104,FWD,E6,E7,E11,E12,-5.961000,294.226000,OK
4,10,adjacent,400,30,16,105,REV,E7,E6,E11,E12,-1.203000,295.662000,OK
4,10,adjacent,400,30,16,106,FWD,E6,E7,E12,E1,-11.406000,294.625000,OK
4,10,adjacent,400,30,16,107,REV,E7,E6,E12,E1,-7.164000,295.263000,OK
4,10,adjacent,400,30,16,108,FWD,E7,E8,E1,E2,-13.281000,139.572000,OK
4,10,adjacent,400,30,16,109,REV,E8,E7,E1,E2,-9.078000,323.034000,OK
4,10,adjacent,400,30,16,110,FWD,E7,E8,E2,E3,29.687000,245.707000,OK
4,10,adjacent,400,30,16,111,REV,E8,E7,E2,E3,34.813000,283.532000,OK
4,10,adjacent,400,30,16,112,FWD,E7,E8,E3,E4,-3.578000,261.986000,OK
4,10,adjacent,400,30,16,113,REV,E8,E7,E3,E4,1.883000,274.994000,OK
4,10,adjacent,400,30,16,114,FWD,E7,E8,E4,E5,-7.484000,266.535000,OK
4,10,adjacent,400,30,16,115,REV,E8,E7,E4,E5,-0.070000,273.717000,OK
4,10,adjacent,400,30,16,116,FWD,E7,E8,E5,E6,-37.367000,267.732000,OK
4,10,adjacent,400,30,16,117,REV,E8,E7,E5,E6,-24.219000,272.121000,OK
4,10,adjacent,400,30,16,118,FWD,E7,E8,E9,E10,-41.602000,268.610000,OK
4,10,adjacent,400,30,16,119,REV,E8,E7,E9,E10,-14.266000,271.722000,OK
4,10,adjacent,400,30,16,120,FWD,E7,E8,E10,E11,16.969000,269.886000,OK
4,10,adjacent,400,30,16,121,REV,E8,E7,E10,E11,30.875000,271.802000,OK
4,10,adjacent,400,30,16,122,FWD,E7,E8,E11,E12,-7.039000,269.807000,OK
4,10,adjacent,400,30,16,123,REV,E8,E7,E11,E12,0.672000,271.004000,OK
4,10,adjacent,400,30,16,124,FWD,E7,E8,E12,E1,-14.641000,269.487000,OK
4,10,adjacent,400,30,16,125,REV,E8,E7,E12,E1,-8.898000,271.243000,OK
4,10,adjacent,400,30,16,126,FWD,E8,E9,E1,E2,-12.063000,103.581000,OK
4,10,adjacent,400,30,16,127,REV,E9,E8,E1,E2,-7.781000,286.645000,OK
4,10,adjacent,400,30,16,128,FWD,E8,E9,E2,E3,29.773000,213.387000,OK
4,10,adjacent,400,30,16,129,REV,E9,E8,E2,E3,34.828000,250.894000,OK
4,10,adjacent,400,30,16,130,FWD,E8,E9,E3,E4,-3.789000,228.949000,OK
4,10,adjacent,400,30,16,131,REV,E9,E8,E3,E4,1.047000,244.590000,OK
4,10,adjacent,400,30,16,132,FWD,E8,E9,E4,E5,-8.945000,233.497000,OK
4,10,adjacent,400,30,16,133,REV,E9,E8,E4,E5,-3.117000,242.116000,OK
4,10,adjacent,400,30,16,134,FWD,E8,E9,E5,E6,-39.961000,235.173000,OK
4,10,adjacent,400,30,16,135,REV,E9,E8,E5,E6,-31.969000,241.557000,OK
4,10,adjacent,400,30,16,136,FWD,E8,E9,E6,E7,6.406000,236.051000,OK
4,10,adjacent,400,30,16,137,REV,E9,E8,E6,E7,20.414000,240.998000,OK
4,10,adjacent,400,30,16,138,FWD,E8,E9,E10,E11,17.633000,236.210000,OK
4,10,adjacent,400,30,16,139,REV,E9,E8,E10,E11,39.570000,241.238000,OK
4,10,adjacent,400,30,16,140,FWD,E8,E9,E11,E12,-6.891000,236.450000,OK
4,10,adjacent,400,30,16,141,REV,E9,E8,E11,E12,2.563000,241.637000,OK
4,10,adjacent,400,30,16,142,FWD,E8,E9,E12,E1,-17.242000,236.769000,OK
4,10,adjacent,400,30,16,143,REV,E9,E8,E12,E1,-10.680000,240.839000,OK
4,10,adjacent,400,30,16,144,FWD,E9,E10,E1,E2,-10.938000,119.542000,OK
4,10,adjacent,400,30,16,145,REV,E10,E9,E1,E2,-7.094000,280.819000,OK
4,10,adjacent,400,30,16,146,FWD,E9,E10,E2,E3,30.352000,219.612000,OK
4,10,adjacent,400,30,16,147,REV,E10,E9,E2,E3,34.453000,249.617000,OK
4,10,adjacent,400,30,16,148,FWD,E9,E10,E3,E4,-3.477000,232.779000,OK
4,10,adjacent,400,30,16,149,REV,E10,E9,E3,E4,0.258000,244.111000,OK
4,10,adjacent,400,30,16,150,FWD,E9,E10,E4,E5,-9.266000,236.131000,OK
4,10,adjacent,400,30,16,151,REV,E10,E9,E4,E5,-5.008000,242.674000,OK
4,10,adjacent,400,30,16,152,FWD,E9,E10,E5,E6,-40.727000,238.205000,OK
4,10,adjacent,400,30,16,153,REV,E10,E9,E5,E6,-35.102000,241.796000,OK
4,10,adjacent,400,30,16,154,FWD,E9,E10,E6,E7,4.211000,238.684000,OK
4,10,adjacent,400,30,16,155,REV,E10,E9,E6,E7,13.414000,240.839000,OK
4,10,adjacent,400,30,16,156,FWD,E9,E10,E7,E8,15.367000,239.402000,OK
4,10,adjacent,400,30,16,157,REV,E10,E9,E7,E8,38.656000,240.998000,OK
4,10,adjacent,400,30,16,158,FWD,E9,E10,E11,E12,0.922000,240.759000,OK
4,10,adjacent,400,30,16,159,REV,E10,E9,E11,E12,16.859000,240.919000,OK
4,10,adjacent,400,30,16,160,FWD,E9,E10,E12,E1,-19.016000,240.200000,OK
4,10,adjacent,400,30,16,161,REV,E10,E9,E12,E1,-12.766000,241.477000,OK
4,10,adjacent,400,30,16,162,FWD,E10,E11,E1,E2,-10.430000,142.045000,OK
4,10,adjacent,400,30,16,163,REV,E11,E10,E1,E2,-4.875000,297.019000,OK
4,10,adjacent,400,30,16,164,FWD,E10,E11,E2,E3,30.312000,235.412000,OK
4,10,adjacent,400,30,16,165,REV,E11,E10,E2,E3,35.078000,265.896000,OK
4,10,adjacent,400,30,16,166,FWD,E10,E11,E3,E4,-3.461000,248.739000,OK
4,10,adjacent,400,30,16,167,REV,E11,E10,E3,E4,0.117000,260.151000,OK
4,10,adjacent,400,30,16,168,FWD,E10,E11,E4,E5,-9.555000,252.330000,OK
4,10,adjacent,400,30,16,169,REV,E11,E10,E4,E5,-6.016000,258.634000,OK
4,10,adjacent,400,30,16,170,FWD,E10,E11,E5,E6,-41.281000,253.767000,OK
4,10,adjacent,400,30,16,171,REV,E11,E10,E5,E6,-37.305000,257.757000,OK
4,10,adjacent,400,30,16,172,FWD,E10,E11,E6,E7,4.586000,253.846000,OK
4,10,adjacent,400,30,16,173,REV,E11,E10,E6,E7,10.508000,257.677000,OK
4,10,adjacent,400,30,16,174,FWD,E10,E11,E7,E8,15.102000,255.043000,OK
4,10,adjacent,400,30,16,175,REV,E11,E10,E7,E8,27.883000,257.757000,OK
4,10,adjacent,400,30,16,176,FWD,E10,E11,E8,E9,25.070000,255.123000,OK
4,10,adjacent,400,30,16,177,REV,E11,E10,E8,E9,47.570000,257.836000,OK
4,10,adjacent,400,30,16,178,FWD,E10,E11,E12,E1,-19.133000,255.283000,OK
4,10,adjacent,400,30,16,179,REV,E11,E10,E12,E1,-4.945000,257.757000,OK
4,10,adjacent,400,30,16,180,FWD,E11,E12,E1,E2,-10.586000,127.202000,OK
4,10,adjacent,400,30,16,181,REV,E12,E11,E1,E2,-0.375000,301.966000,OK
4,10,adjacent,400,30,16,182,FWD,E11,E12,E2,E3,29.672000,247.462000,OK
4,10,adjacent,400,30,16,183,REV,E12,E11,E2,E3,36.375000,270.605000,OK
4,10,adjacent,400,30,16,184,FWD,E11,E12,E3,E4,-3.664000,260.310000,OK
4,10,adjacent,400,30,16,185,REV,E12,E11,E3,E4,0.391000,266.375000,OK
4,10,adjacent,400,30,16,186,FWD,E11,E12,E4,E5,-9.883000,263.183000,OK
4,10,adjacent,400,30,16,187,REV,E12,E11,E4,E5,-6.523000,265.258000,OK
4,10,adjacent,400,30,16,188,FWD,E11,E12,E5,E6,-41.977000,264.221000,OK
4,10,adjacent,400,30,16,189,REV,E12,E11,E5,E6,-38.836000,265.098000,OK
4,10,adjacent,400,30,16,190,FWD,E11,E12,E6,E7,5.078000,265.737000,OK
4,10,adjacent,400,30,16,191,REV,E12,E11,E6,E7,9.000000,264.221000,OK
4,10,adjacent,400,30,16,192,FWD,E11,E12,E7,E8,15.750000,266.295000,OK
4,10,adjacent,400,30,16,193,REV,E12,E11,E7,E8,22.797000,264.221000,OK
4,10,adjacent,400,30,16,194,FWD,E11,E12,E8,E9,28.727000,265.816000,OK
4,10,adjacent,400,30,16,195,REV,E12,E11,E8,E9,38.992000,264.460000,OK
4,10,adjacent,400,30,16,196,FWD,E11,E12,E9,E10,-36.680000,265.657000,OK
4,10,adjacent,400,30,16,197,REV,E12,E11,E9,E10,-20.180000,264.779000,OK
4,10,adjacent,400,30,16,198,FWD,E12,E1,E2,E3,28.922000,136.300000,OK
4,10,adjacent,400,30,16,199,REV,E1,E12,E2,E3,41.531000,302.764000,OK
4,10,adjacent,400,30,16,200,FWD,E12,E1,E3,E4,-4.617000,244.510000,OK
4,10,adjacent,400,30,16,201,REV,E1,E12,E3,E4,1.680000,269.807000,OK
4,10,adjacent,400,30,16,202,FWD,E12,E1,E4,E5,-10.648000,256.879000,OK
4,10,adjacent,400,30,16,203,REV,E1,E12,E4,E5,-6.266000,264.620000,OK
4,10,adjacent,400,30,16,204,FWD,E12,E1,E5,E6,-43.055000,259.831000,OK
4,10,adjacent,400,30,16,205,REV,E1,E12,E5,E6,-39.594000,263.582000,OK
4,10,adjacent,400,30,16,206,FWD,E12,E1,E6,E7,5.047000,260.151000,OK
4,10,adjacent,400,30,16,207,REV,E1,E12,E6,E7,8.602000,263.343000,OK
4,10,adjacent,400,30,16,208,FWD,E12,E1,E7,E8,15.438000,261.268000,OK
4,10,adjacent,400,30,16,209,REV,E1,E12,E7,E8,20.734000,262.944000,OK
4,10,adjacent,400,30,16,210,FWD,E12,E1,E8,E9,30.555000,261.268000,OK
4,10,adjacent,400,30,16,211,REV,E1,E12,E8,E9,37.719000,262.545000,OK
4,10,adjacent,400,30,16,212,FWD,E12,E1,E9,E10,-26.031000,261.427000,OK
4,10,adjacent,400,30,16,213,REV,E1,E12,E9,E10,-19.414000,262.385000,OK
4,10,adjacent,400,30,16,214,FWD,E12,E1,E10,E11,31.859000,261.507000,OK
4,10,adjacent,400,30,16,215,REV,E1,E12,E10,E11,44.430000,262.944000,OK
5,11,adjacent,400,30,16,0,FWD,E1,E2,E3,E4,-4.453000,128.479000,OK
5,11,adjacent,400,30,16,1,REV,E2,E1,E3,E4,4.969000,310.106000,OK
5,11,adjacent,400,30,16,2,FWD,E1,E2,E4,E5,-11.445000,249.617000,OK
5,11,adjacent,400,30,16,3,REV,E2,E1,E4,E5,-5.484000,275.632000,OK
5,11,adjacent,400,30,16,4,FWD,E1,E2,E5,E6,-44.141000,263.502000,OK
5,11,adjacent,400,30,16,5,REV,E2,E1,E5,E6,-40.117000,269.567000,OK
5,11,adjacent,400,30,16,6,FWD,E1,E2,E6,E7,5.047000,267.492000,OK
5,11,adjacent,400,30,16,7,REV,E2,E1,E6,E7,8.547000,267.652000,OK
5,11,adjacent,400,30,16,8,FWD,E1,E2,E7,E8,15.117000,268.849000,OK
5,11,adjacent,400,30,16,9,REV,E2,E1,E7,E8,19.508000,266.535000,OK
5,11,adjacent,400,30,16,10,FWD,E1,E2,E8,E9,32.469000,269.168000,OK
5,11,adjacent,400,30,16,11,REV,E2,E1,E8,E9,38.125000,266.535000,OK
5,11,adjacent,400,30,16,12,FWD,E1,E2,E9,E10,-25.344000,269.807000,OK
5,11,adjacent,400,30,16,13,REV,E2,E1,E9,E10,-20.719000,266.694000,OK
5,11,adjacent,400,30,16,14,FWD,E1,E2,E10,E11,30.023000,268.849000,OK
5,11,adjacent,400,30,16,15,REV,E2,E1,E10,E11,36.133000,266.535000,OK
5,11,adjacent,400,30,16,16,FWD,E1,E2,E11,E12,-8.359000,270.046000,OK
5,11,adjacent,400,30,16,17,REV,E2,E1,E11,E12,3.586000,266.455000,OK
5,11,adjacent,400,30,16,18,FWD,E2,E3,E4,E5,-12.609000,131.671000,OK
5,11,adjacent,400,30,16,19,REV,E3,E2,E4,E5,-0.992000,310.505000,OK
5,11,adjacent,400,30,16,20,FWD,E2,E3,E5,E6,-46.094000,230.864000,OK
5,11,adjacent,400,30,16,21,REV,E3,E2,E5,E6,-39.523000,271.083000,OK
5,11,adjacent,400,30,16,22,FWD,E2,E3,E6,E7,4.414000,246.585000,OK
5,11,adjacent,400,30,16,23,REV,E3,E2,E6,E7,9.148000,263.662000,OK
5,11,adjacent,400,30,16,24,FWD,E2,E3,E7,E8,14.266000,250.176000,OK
5,11,adjacent,400,30,16,25,REV,E3,E2,E7,E8,19.000000,261.427000,OK
5,11,adjacent,400,30,16,26,FWD,E2,E3,E8,E9,33.734000,251.931000,OK
5,11,adjacent,400,30,16,27,REV,E3,E2,E8,E9,39.445000,260.310000,OK
5,11,adjacent,400,30,16,28,FWD,E2,E3,E9,E10,-25.945000,253.128000,OK
5,11,adjacent,400,30,16,29,REV,E3,E2,E9,E10,-21.594000,259.273000,OK
5,11,adjacent,400,30,16,30,FWD,E2,E3,E10,E11,27.359000,253.447000,OK
5,11,adjacent,400,30,16,31,REV,E3,E2,E10,E11,32.039000,259.432000,OK
5,11,adjacent,400,30,16,32,FWD,E2,E3,E11,E12,-7.758000,253.926000,OK
5,11,adjacent,400,30,16,33,REV,E3,E2,E11,E12,-0.875000,259.512000,OK
5,11,adjacent,400,30,16,34,FWD,E2,E3,E12,E1,-0.297000,253.527000,OK
5,11,adjacent,400,30,16,35,REV,E3,E2,E12,E1,13.875000,259.592000,OK
5,11,adjacent,400,30,16,36,FWD,E3,E4,E1,E2,13.906000,112.519000,OK
5,11,adjacent,400,30,16,37,REV,E4,E3,E1,E2,13.773000,291.034000,OK
5,11,adjacent,400,30,16,38,FWD,E3,E4,E5,E6,-49.000000,227.432000,OK
5,11,adjacent,400,30,16,39,REV,E4,E3,E5,E6,-35.695000,255.682000,OK
5,11,adjacent,400,30,16,40,FWD,E3,E4,E6,E7,3.766000,240.440000,OK
5,11,adjacent,400,30,16,41,REV,E4,E3,E6,E7,9.922000,250.654000,OK
5,11,adjacent,400,30,16,42,FWD,E3,E4,E7,E8,13.734000,244.270000,OK
5,11,adjacent,400,30,16,43,REV,E4,E3,E7,E8,18.445000,249.138000,OK
5,11,adjacent,400,30,16,44,FWD,E3,E4,E8,E9,35.703000,245.308000,OK
5,11,adjacent,400,30,16,45,REV,E4,E3,E8,E9,40.781000,249.058000,OK
5,11,adjacent,400,30,16,46,FWD,E3,E4,E9,E10,-26.500000,246.505000,OK
5,11,adjacent,400,30,16,47,REV,E4,E3,E9,E10,-22.859000,248.260000,OK
5,11,adjacent,400,30,16,48,FWD,E3,E4,E10,E11,25.922000,247.143000,OK
5,11,adjacent,400,30,16,49,REV,E4,E3,E10,E11,29.164000,248.260000,OK
5,11,adjacent,400,30,16,50,FWD,E3,E4,E11,E12,-6.297000,248.021000,OK
5,11,adjacent,400,30,16,51,REV,E4,E3,E11,E12,-2.453000,249.058000,OK
5,11,adjacent,400,30,16,52,FWD,E3,E4,E12,E1,-2.539000,248.021000,OK
5,11,adjacent,400,30,16,53,REV,E4,E3,E12,E1,3.250000,248.580000,OK
5,11,adjacent,400,30,16,54,FWD,E4,E5,E1,E2,-13.563000,127.921000,OK
5,11,adjacent,400,30,16,55,REV,E5,E4,E1,E2,-8.781000,304.440000,OK
5,11,adjacent,400,30,16,56,FWD,E4,E5,E2,E3,49.383000,240.919000,OK
5,11,adjacent,400,30,16,57,REV,E5,E4,E2,E3,57.594000,269.886000,OK
5,11,adjacent,400,30,16,58,FWD,E4,E5,E6,E7,0.398000,254.325000,OK
5,11,adjacent,400,30,16,59,REV,E5,E4,E6,E7,13.516000,263.821000,OK
5,11,adjacent,400,30,16,60,FWD,E4,E5,E7,E8,12.109000,258.156000,OK
5,11,adjacent,400,30,16,61,REV,E5,E4,E7,E8,19.055000,263.183000,OK
5,11,adjacent,400,30,16,62,FWD,E4,E5,E8,E9,36.609000,259.353000,OK
5,11,adjacent,400,30,16,63,REV,E5,E4,E8,E9,43.063000,262.624000,OK
5,11,adjacent,400,30,16,64,FWD,E4,E5,E9,E10,-27.891000,259.752000,OK
5,11,adjacent,400,30,16,65,REV,E5,E4,E9,E10,-23.437000,262.225000,OK
5,11,adjacent,400,30,16,66,FWD,E4,E5,E10,E11,24.430000,260.550000,OK
5,11,adjacent,400,30,16,67,REV,E5,E4,E10,E11,27.844000,262.066000,OK
5,11,adjacent,400,30,16,68,FWD,E4,E5,E11,E12,-5.797000,260.789000,OK
5,11,adjacent,400,30,16,69,REV,E5,E4,E11,E12,-2.430000,261.348000,OK
5,11,adjacent,400,30,16,70,FWD,E4,E5,E12,E1,-5.687000,261.028000,OK
5,11,adjacent,400,30,16,71,REV,E5,E4,E12,E1,-1.445000,262.545000,OK
5,11,adjacent,400,30,16,72,FWD,E5,E6,E1,E2,-14.688000,147.472000,OK
5,11,adjacent,400,30,16,73,REV,E6,E5,E1,E2,-10.906000,319.762000,OK
5,11,adjacent,400,30,16,74,FWD,E5,E6,E2,E3,31.437000,259.512000,OK
5,11,adjacent,400,30,16,75,REV,E6,E5,E2,E3,38.492000,286.166000,OK
5,11,adjacent,400,30,16,76,FWD,E5,E6,E3,E4,6.812000,274.994000,OK
5,11,adjacent,400,30,16,77,REV,E6,E5,E3,E4,19.602000,280.260000,OK
5,11,adjacent,400,30,16,78,FWD,E5,E6,E7,E8,8.266000,278.585000,OK
5,11,adjacent,400,30,16,79,REV,E6,E5,E7,E8,22.422000,277.627000,OK
5,11,adjacent,400,30,16,80,FWD,E5,E6,E8,E9,36.492000,280.420000,OK
5,11,adjacent,400,30,16,81,REV,E6,E5,E8,E9,46.438000,277.707000,OK
5,11,adjacent,400,30,16,82,FWD,E5,E6,E9,E10,-29.875000,281.058000,OK
5,11,adjacent,400,30,16,83,REV,E6,E5,E9,E10,-23.227000,277.228000,OK
5,11,adjacent,400,30,16,84,FWD,E5,E6,E10,E11,22.977000,280.659000,OK
5,11,adjacent,400,30,16,85,REV,E6,E5,E10,E11,27.437000,277.388000,OK
5,11,adjacent,400,30,16,86,FWD,E5,E6,E11,E12,-5.555000,281.856000,OK
5,11,adjacent,400,30,16,87,REV,E6,E5,E11,E12,-1.969000,277.148000,OK
5,11,adjacent,400,30,16,88,FWD,E5,E6,E12,E1,-8.445000,281.058000,OK
5,11,adjacent,400,30,16,89,REV,E6,E5,E12,E1,-4.703000,276.669000,OK
5,11,adjacent,400,30,16,90,FWD,E6,E7,E1,E2,-14.266000,169.816000,OK
5,11,adjacent,400,30,16,91,REV,E7,E6,E1,E2,-10.523000,345.617000,OK
5,11,adjacent,400,30,16,92,FWD,E6,E7,E2,E3,30.000000,268.051000,OK
5,11,adjacent,400,30,16,93,REV,E7,E6,E2,E3,35.578000,307.393000,OK
5,11,adjacent,400,30,16,94,FWD,E6,E7,E3,E4,-3.367000,285.128000,OK
5,11,adjacent,400,30,16,95,REV,E7,E6,E3,E4,4.453000,298.774000,OK
5,11,adjacent,400,30,16,96,FWD,E6,E7,E4,E5,-1.742000,289.837000,OK
5,11,adjacent,400,30,16,97,REV,E7,E6,E4,E5,13.047000,296.141000,OK
5,11,adjacent,400,30,16,98,FWD,E6,E7,E8,E9,33.492000,291.592000,OK
5,11,adjacent,400,30,16,99,REV,E7,E6,E8,E9,52.641000,294.784000,OK
5,11,adjacent,400,30,16,100,FWD,E6,E7,E9,E10,-33.430000,292.869000,OK
5,11,adjacent,400,30,16,101,REV,E7,E6,E9,E10,-21.547000,294.625000,OK
5,11,adjacent,400,30,16,102,FWD,E6,E7,E10,E11,20.922000,292.949000,OK
5,11,adjacent,400,30,16,103,REV,E7,E6,E10,E11,28.000000,294.385000,OK
5,11,adjacent,400,30,16,104,FWD,E6,E7,E11,E12,-5.781000,292.310000,OK
5,11,adjacent,400,30,16,105,REV,E7,E6,E11,E12,-1.047000,294.305000,OK
5,11,adjacent,400,30,16,106,FWD,E6,E7,E12,E1,-11.313000,293.188000,OK
5,11,adjacent,400,30,16,107,REV,E7,E6,E12,E1,-7.148000,294.784000,OK
5,11,adjacent,400,30,16,108,FWD,E7,E8,E1,E2,-13.508000,139.492000,OK
5,11,adjacent,400,30,16,109,REV,E8,E7,E1,E2,-9.281000,321.677000,OK
5,11,adjacent,400,30,16,110,FWD,E7,E8,E2,E3,29.742000,244.430000,OK
5,11,adjacent,400,30,16,111,REV,E8,E7,E2,E3,34.836000,282.734000,OK
5,11,adjacent,400,30,16,112,FWD,E7,E8,E3,E4,-3.711000,261.587000,OK
5,11,adjacent,400,30,16,113,REV,E8,E7,E3,E4,1.664000,274.435000,OK
5,11,adjacent,400,30,16,114,FWD,E7,E8,E4,E5,-7.602000,265.497000,OK
5,11,adjacent,400,30,16,115,REV,E8,E7,E4,E5,-0.211000,272.201000,OK
5,11,adjacent,400,30,16,116,FWD,E7,E8,E5,E6,-37.000000,267.093000,OK
5,11,adjacent,400,30,16,117,REV,E8,E7,E5,E6,-23.937000,271.004000,OK
5,11,adjacent,400,30,16,118,FWD,E7,E8,E9,E10,-41.531000,267.492000,OK
5,11,adjacent,400,30,16,119,REV,E8,E7,E9,E10,-14.438000,270.684000,OK
5,11,adjacent,400,30,16,120,FWD,E7,E8,E10,E11,16.969000,268.610000,OK
5,11,adjacent,400,30,16,121,REV,E8,E7,E10,E11,30.781000,270.684000,OK
5,11,adjacent,400,30,16,122,FWD,E7,E8,E11,E12,-6.875000,268.450000,OK
5,11,adjacent,400,30,16,123,REV,E8,E7,E11,E12,0.836000,270.605000,OK
5,11,adjacent,400,30,16,124,FWD,E7,E8,E12,E1,-14.539000,268.769000,OK
5,11,adjacent,400,30,16,125,REV,E8,E7,E12,E1,-8.820000,270.924000,OK
5,11,adjacent,400,30,16,126,FWD,E8,E9,E1,E2,-12.289000,103.262000,OK
5,11,adjacent,400,30,16,127,REV,E9,E8,E1,E2,-8.055000,284.729000,OK
5,11,adjacent,400,30,16,128,FWD,E8,E9,E2,E3,29.805000,212.909000,OK
5,11,adjacent,400,30,16,129,REV,E9,E8,E2,E3,34.836000,249.457000,OK
5,11,adjacent,400,30,16,130,FWD,E8,E9,E3,E4,-3.938000,228.151000,OK
5,11,adjacent,400,30,16,131,REV,E9,E8,E3,E4,0.898000,243.392000,OK
5,11,adjacent,400,30,16,132,FWD,E8,E9,E4,E5,-9.086000,232.141000,OK
5,11,adjacent,400,30,16,133,REV,E9,E8,E4,E5,-3.266000,241.158000,OK
5,11,adjacent,400,30,16,134,FWD,E8,E9,E5,E6,-39.625000,234.056000,OK
5,11,adjacent,400,30,16,135,REV,E9,E8,E5,E6,-31.711000,240.520000,OK
5,11,adjacent,400,30,16,136,FWD,E8,E9,E6,E7,6.547000,235.173000,OK
5,11,adjacent,400,30,16,137,REV,E9,E8,E6,E7,20.523000,240.200000,OK
5,11,adjacent,400,30,16,138,FWD,E8,E9,E10,E11,17.578000,235.093000,OK
5,11,adjacent,400,30,16,139,REV,E9,E8,E10,E11,39.453000,240.280000,OK
5,11,adjacent,400,30,16,140,FWD,E8,E9,E11,E12,-6.703000,235.572000,OK
5,11,adjacent,400,30,16,141,REV,E9,E8,E11,E12,2.742000,240.440000,OK
5,11,adjacent,400,30,16,142,FWD,E8,E9,E12,E1,-17.109000,236.609000,OK
5,11,adjacent,400,30,16,143,REV,E9,E8,E12,E1,-10.563000,239.801000,OK
5,11,adjacent,400,30,16,144,FWD,E9,E10,E1,E2,-11.227000,118.584000,OK
5,11,adjacent,400,30,16,145,REV,E10,E9,E1,E2,-7.437000,280.021000,OK
5,11,adjacent,400,30,16,146,FWD,E9,E10,E2,E3,30.398000,218.734000,OK
5,11,adjacent,400,30,16,147,REV,E10,E9,E2,E3,34.469000,249.298000,OK
5,11,adjacent,400,30,16,148,FWD,E9,E10,E3,E4,-3.594000,231.981000,OK
5,11,adjacent,400,30,16,149,REV,E10,E9,E3,E4,0.109000,242.594000,OK
5,11,adjacent,400,30,16,150,FWD,E9,E10,E4,E5,-9.422000,235.173000,OK
5,11,adjacent,400,30,16,151,REV,E10,E9,E4,E5,-5.164000,241.956000,OK
5,11,adjacent,400,30,16,152,FWD,E9,E10,E5,E6,-40.422000,237.328000,OK
5,11,adjacent,400,30,16,153,REV,E10,E9,E5,E6,-34.852000,240.440000,OK
5,11,adjacent,400,30,16,154,FWD,E9,E10,E6,E7,4.344000,238.285000,OK
5,11,adjacent,400,30,16,155,REV,E10,E9,E6,E7,13.578000,240.679000,OK
5,11,adjacent,400,30,16,156,FWD,E9,E10,E7,E8,15.281000,239.243000,OK
5,11,adjacent,400,30,16,157,REV,E10,E9,E7,E8,38.586000,240.520000,OK
5,11,adjacent,400,30,16,158,FWD,E9,E10,E11,E12,1.062000,239.323000,OK
5,11,adjacent,400,30,16,159,REV,E10,E9,E11,E12,16.906000,240.679000,OK
5,11,adjacent,400,30,16,160,FWD,E9,E10,E12,E1,-18.781000,239.243000,OK
5,11,adjacent,400,30,16,161,REV,E10,E9,E12,E1,-12.508000,240.839000,OK
5,11,adjacent,400,30,16,162,FWD,E10,E11,E1,E2,-10.781000,141.487000,OK
5,11,adjacent,400,30,16,163,REV,E11,E10,E1,E2,-5.219000,295.981000,OK
5,11,adjacent,400,30,16,164,FWD,E10,E11,E2,E3,30.328000,234.455000,OK
5,11,adjacent,400,30,16,165,REV,E11,E10,E2,E3,35.078000,265.577000,OK
5,11,adjacent,400,30,16,166,FWD,E10,E11,E3,E4,-3.570000,248.181000,OK
5,11,adjacent,400,30,16,167,REV,E11,E10,E3,E4,0.000000,259.512000,OK
5,11,adjacent,400,30,16,168,FWD,E10,E11,E4,E5,-9.719000,251.532000,OK
5,11,adjacent,400,30,16,169,REV,E11,E10,E4,E5,-6.187000,257.517000,OK
5,11,adjacent,400,30,16,170,FWD,E10,E11,E5,E6,-41.039000,252.410000,OK
5,11,adjacent,400,30,16,171,REV,E11,E10,E5,E6,-37.016000,257.118000,OK
5,11,adjacent,400,30,16,172,FWD,E10,E11,E6,E7,4.781000,253.447000,OK
5,11,adjacent,400,30,16,173,REV,E11,E10,E6,E7,10.617000,256.480000,OK
5,11,adjacent,400,30,16,174,FWD,E10,E11,E7,E8,15.141000,253.527000,OK
5,11,adjacent,400,30,16,175,REV,E11,E10,E7,E8,27.812000,256.560000,OK
5,11,adjacent,400,30,16,176,FWD,E10,E11,E8,E9,25.062000,254.485000,OK
5,11,adjacent,400,30,16,177,REV,E11,E10,E8,E9,47.430000,256.560000,OK
5,11,adjacent,400,30,16,178,FWD,E10,E11,E12,E1,-18.766000,254.644000,OK
5,11,adjacent,400,30,16,179,REV,E11,E10,E12,E1,-4.695000,256.639000,OK
5,11,adjacent,400,30,16,180,FWD,E11,E12,E1,E2,-10.938000,125.926000,OK
5,11,adjacent,400,30,16,181,REV,E12,E11,E1,E2,-0.914000,301.887000,OK
5,11,adjacent,400,30,16,182,FWD,E11,E12,E2,E3,29.734000,246.186000,OK
5,11,adjacent,400,30,16,183,REV,E12,E11,E2,E3,36.375000,269.168000,OK
5,11,adjacent,400,30,16,184,FWD,E11,E12,E3,E4,-3.742000,258.475000,OK
5,11,adjacent,400,30,16,185,REV,E12,E11,E3,E4,0.289000,265.338000,OK
5,11,adjacent,400,30,16,186,FWD,E11,E12,E4,E5,-10.047000,262.225000,OK
5,11,adjacent,400,30,16,187,REV,E12,E11,E4,E5,-6.719000,263.981000,OK
5,11,adjacent,400,30,16,188,FWD,E11,E12,E5,E6,-41.727000,263.821000,OK
5,11,adjacent,400,30,16,189,REV,E12,E11,E5,E6,-38.648000,262.864000,OK
5,11,adjacent,400,30,16,190,FWD,E11,E12,E6,E7,5.289000,264.300000,OK
5,11,adjacent,400,30,16,191,REV,E12,E11,E6,E7,9.180000,263.103000,OK
5,11,adjacent,400,30,16,192,FWD,E11,E12,E7,E8,15.758000,264.859000,OK
5,11,adjacent,400,30,16,193,REV,E12,E11,E7,E8,22.766000,263.901000,OK
5,11,adjacent,400,30,16,194,FWD,E11,E12,E8,E9,28.656000,264.620000,OK
5,11,adjacent,400,30,16,195,REV,E12,E11,E8,E9,38.906000,263.742000,OK
5,11,adjacent,400,30,16,196,FWD,E11,E12,E9,E10,-36.578000,265.019000,OK
5,11,adjacent,400,30,16,197,REV,E12,E11,E9,E10,-20.328000,263.821000,OK
5,11,adjacent,400,30,16,198,FWD,E12,E1,E2,E3,28.859000,136.060000,OK
5,11,adjacent,400,30,16,199,REV,E1,E12,E2,E3,41.531000,301.328000,OK
5,11,adjacent,400,30,16,200,FWD,E12,E1,E3,E4,-4.672000,244.191000,OK
5,11,adjacent,400,30,16,201,REV,E1,E12,E3,E4,1.578000,269.088000,OK
5,11,adjacent,400,30,16,202,FWD,E12,E1,E4,E5,-10.828000,256.560000,OK
5,11,adjacent,400,30,16,203,REV,E1,E12,E4,E5,-6.500000,264.380000,OK
5,11,adjacent,400,30,16,204,FWD,E12,E1,E5,E6,-42.852000,258.395000,OK
5,11,adjacent,400,30,16,205,REV,E1,E12,E5,E6,-39.453000,263.422000,OK
5,11,adjacent,400,30,16,206,FWD,E12,E1,E6,E7,5.273000,259.193000,OK
5,11,adjacent,400,30,16,207,REV,E1,E12,E6,E7,8.828000,262.864000,OK
5,11,adjacent,400,30,16,208,FWD,E12,E1,E7,E8,15.469000,260.629000,OK
5,11,adjacent,400,30,16,209,REV,E1,E12,E7,E8,20.734000,262.225000,OK
5,11,adjacent,400,30,16,210,FWD,E12,E1,E8,E9,30.469000,261.268000,OK
5,11,adjacent,400,30,16,211,REV,E1,E12,E8,E9,37.719000,262.465000,OK
5,11,adjacent,400,30,16,212,FWD,E12,E1,E9,E10,-26.047000,261.188000,OK
5,11,adjacent,400,30,16,213,REV,E1,E12,E9,E10,-19.453000,262.385000,OK
5,11,adjacent,400,30,16,214,FWD,E12,E1,E10,E11,31.617000,260.869000,OK
5,11,adjacent,400,30,16,215,REV,E1,E12,E10,E11,44.352000,263.183000,OK
6,12,adjacent,400,30,16,0,FWD,E1,E2,E3,E4,-4.492000,127.442000,OK
6,12,adjacent,400,30,16,1,REV,E2,E1,E3,E4,4.945000,310.266000,OK
6,12,adjacent,400,30,16,2,FWD,E1,E2,E4,E5,-11.633000,249.777000,OK
6,12,adjacent,400,30,16,3,REV,E2,E1,E4,E5,-5.695000,274.754000,OK
6,12,adjacent,400,30,16,4,FWD,E1,E2,E5,E6,-43.906000,263.901000,OK
6,12,adjacent,400,30,16,5,REV,E2,E1,E5,E6,-39.977000,269.088000,OK
6,12,adjacent,400,30,16,6,FWD,E1,E2,E6,E7,5.266000,267.812000,OK
6,12,adjacent,400,30,16,7,REV,E2,E1,E6,E7,8.766000,267.492000,OK
6,12,adjacent,400,30,16,8,FWD,E1,E2,E7,E8,15.172000,268.769000,OK
6,12,adjacent,400,30,16,9,REV,E2,E1,E7,E8,19.562000,267.333000,OK
6,12,adjacent,400,30,16,10,FWD,E1,E2,E8,E9,32.422000,269.168000,OK
6,12,adjacent,400,30,16,11,REV,E2,E1,E8,E9,38.063000,267.014000,OK
6,12,adjacent,400,30,16,12,FWD,E1,E2,E9,E10,-25.453000,269.886000,OK
6,12,adjacent,400,30,16,13,REV,E2,E1,E9,E10,-20.820000,265.976000,OK
6,12,adjacent,400,30,16,14,FWD,E1,E2,E10,E11,29.984000,269.966000,OK
6,12,adjacent,400,30,16,15,REV,E2,E1,E10,E11,36.039000,265.816000,OK
6,12,adjacent,400,30,16,16,FWD,E1,E2,E11,E12,-8.203000,269.807000,OK
6,12,adjacent,400,30,16,17,REV,E2,E1,E11,E12,3.742000,266.295000,OK
6,12,adjacent,400,30,16,18,FWD,E2,E3,E4,E5,-12.805000,131.671000,OK
6,12,adjacent,400,30,16,19,REV,E3,E2,E4,E5,-1.227000,311.303000,OK
6,12,adjacent,400,30,16,20,FWD,E2,E3,E5,E6,-45.883000,230.465000,OK
6,12,adjacent,400,30,16,21,REV,E3,E2,E5,E6,-39.367000,271.722000,OK
6,12,adjacent,400,30,16,22,FWD,E2,E3,E6,E7,4.602000,247.143000,OK
6,12,adjacent,400,30,16,23,REV,E3,E2,E6,E7,9.367000,263.183000,OK
6,12,adjacent,400,30,16,24,FWD,E2,E3,E7,E8,14.336000,250.814000,OK
6,12,adjacent,400,30,16,25,REV,E3,E2,E7,E8,19.109000,260.550000,OK
6,12,adjacent,400,30,16,26,FWD,E2,E3,E8,E9,33.672000,252.091000,OK
6,12,adjacent,400,30,16,27,REV,E3,E2,E8,E9,39.391000,260.310000,OK
6,12,adjacent,400,30,16,28,FWD,E2,E3,E9,E10,-26.039000,252.969000,OK
6,12,adjacent,400,30,16,29,REV,E3,E2,E9,E10,-21.703000,259.353000,OK
6,12,adjacent,400,30,16,30,FWD,E2,E3,E10,E11,27.266000,252.649000,OK
6,12,adjacent,400,30,16,31,REV,E3,E2,E10,E11,31.937000,259.752000,OK
6,12,adjacent,400,30,16,32,FWD,E2,E3,E11,E12,-7.539000,253.687000,OK
6,12,adjacent,400,30,16,33,REV,E3,E2,E11,E12,-0.758000,259.512000,OK
6,12,adjacent,400,30,16,34,FWD,E2,E3,E12,E1,-0.070000,254.166000,OK
6,12,adjacent,400,30,16,35,REV,E3,E2,E12,E1,13.992000,258.714000,OK
6,12,adjacent,400,30,16,36,FWD,E3,E4,E1,E2,13.594000,112.679000,OK
6,12,adjacent,400,30,16,37,REV,E4,E3,E1,E2,13.430000,290.475000,OK
6,12,adjacent,400,30,16,38,FWD,E3,E4,E5,E6,-48.883000,226.874000,OK
6,12,adjacent,400,30,16,39,REV,E4,E3,E5,E6,-35.547000,256.560000,OK
6,12,adjacent,400,30,16,40,FWD,E3,E4,E6,E7,4.016000,239.881000,OK
6,12,adjacent,400,30,16,41,REV,E4,E3,E6,E7,10.125000,250.814000,OK
6,12,adjacent,400,30,16,42,FWD,E3,E4,E7,E8,13.828000,244.031000,OK
6,12,adjacent,400,30,16,43,REV,E4,E3,E7,E8,18.547000,249.138000,OK
6,12,adjacent,400,30,16,44,FWD,E3,E4,E8,E9,35.664000,245.707000,OK
6,12,adjacent,400,30,16,45,REV,E4,E3,E8,E9,40.734000,247.782000,OK
6,12,adjacent,400,30,16,46,FWD,E3,E4,E9,E10,-26.570000,246.505000,OK
6,12,adjacent,400,30,16,47,REV,E4,E3,E9,E10,-22.953000,248.739000,OK
6,12,adjacent,400,30,16,48,FWD,E3,E4,E10,E11,25.875000,247.223000,OK
6,12,adjacent,400,30,16,49,REV,E4,E3,E10,E11,29.125000,248.420000,OK
6,12,adjacent,400,30,16,50,FWD,E3,E4,E11,E12,-6.180000,246.824000,OK
6,12,adjacent,400,30,16,51,REV,E4,E3,E11,E12,-2.305000,248.739000,OK
6,12,adjacent,400,30,16,52,FWD,E3,E4,E12,E1,-2.234000,247.383000,OK
6,12,adjacent,400,30,16,53,REV,E4,E3,E12,E1,3.531000,248.580000,OK
6,12,adjacent,400,30,16,54,FWD,E4,E5,E1,E2,-14.023000,129.038000,OK
6,12,adjacent,400,30,16,55,REV,E5,E4,E1,E2,-9.188000,303.323000,OK
6,12,adjacent,400,30,16,56,FWD,E4,E5,E2,E3,49.227000,240.998000,OK
6,12,adjacent,400,30,16,57,REV,E5,E4,E2,E3,57.422000,269.408000,OK
6,12,adjacent,400,30,16,58,FWD,E4,E5,E6,E7,0.523000,254.724000,OK
6,12,adjacent,400,30,16,59,REV,E5,E4,E6,E7,13.641000,264.540000,OK
6,12,adjacent,400,30,16,60,FWD,E4,E5,E7,E8,12.297000,257.198000,OK
6,12,adjacent,400,30,16,61,REV,E5,E4,E7,E8,19.172000,262.864000,OK
6,12,adjacent,400,30,16,62,FWD,E4,E5,E8,E9,36.531000,258.874000,OK
6,12,adjacent,400,30,16,63,REV,E5,E4,E8,E9,43.023000,262.305000,OK
6,12,adjacent,400,30,16,64,FWD,E4,E5,E9,E10,-27.969000,259.672000,OK
6,12,adjacent,400,30,16,65,REV,E5,E4,E9,E10,-23.516000,261.587000,OK
6,12,adjacent,400,30,16,66,FWD,E4,E5,E10,E11,24.398000,260.151000,OK
6,12,adjacent,400,30,16,67,REV,E5,E4,E10,E11,27.844000,261.427000,OK
6,12,adjacent,400,30,16,68,FWD,E4,E5,E11,E12,-5.672000,260.151000,OK
6,12,adjacent,400,30,16,69,REV,E5,E4,E11,E12,-2.313000,261.587000,OK
6,12,adjacent,400,30,16,70,FWD,E4,E5,E12,E1,-5.320000,259.592000,OK
6,12,adjacent,400,30,16,71,REV,E5,E4,E12,E1,-1.086000,261.826000,OK
6,12,adjacent,400,30,16,72,FWD,E5,E6,E1,E2,-15.148000,146.674000,OK
6,12,adjacent,400,30,16,73,REV,E6,E5,E1,E2,-11.313000,319.363000,OK
6,12,adjacent,400,30,16,74,FWD,E5,E6,E2,E3,31.312000,259.113000,OK
6,12,adjacent,400,30,16,75,REV,E6,E5,E2,E3,38.273000,285.208000,OK
6,12,adjacent,400,30,16,76,FWD,E5,E6,E3,E4,6.594000,274.754000,OK
6,12,adjacent,400,30,16,77,REV,E6,E5,E3,E4,19.367000,278.744000,OK
6,12,adjacent,400,30,16,78,FWD,E5,E6,E7,E8,8.406000,278.824000,OK
6,12,adjacent,400,30,16,79,REV,E6,E5,E7,E8,22.547000,277.228000,OK
6,12,adjacent,400,30,16,80,FWD,E5,E6,E8,E9,36.508000,279.542000,OK
6,12,adjacent,400,30,16,81,REV,E6,E5,E8,E9,46.375000,277.467000,OK
6,12,adjacent,400,30,16,82,FWD,E5,E6,E9,E10,-29.984000,280.101000,OK
6,12,adjacent,400,30,16,83,REV,E6,E5,E9,E10,-23.320000,277.148000,OK
6,12,adjacent,400,30,16,84,FWD,E5,E6,E10,E11,22.937000,280.979000,OK
6,12,adjacent,400,30,16,85,REV,E6,E5,E10,E11,27.375000,276.510000,OK
6,12,adjacent,400,30,16,86,FWD,E5,E6,E11,E12,-5.445000,281.457000,OK
6,12,adjacent,400,30,16,87,REV,E6,E5,E11,E12,-1.867000,276.510000,OK
6,12,adjacent,400,30,16,88,FWD,E5,E6,E12,E1,-8.063000,281.537000,OK
6,12,adjacent,400,30,16,89,REV,E6,E5,E12,E1,-4.258000,277.228000,OK
6,12,adjacent,400,30,16,90,FWD,E6,E7,E1,E2,-14.789000,169.337000,OK
6,12,adjacent,400,30,16,91,REV,E7,E6,E1,E2,-11.023000,345.458000,OK
6,12,adjacent,400,30,16,92,FWD,E6,E7,E2,E3,29.836000,267.652000,OK
6,12,adjacent,400,30,16,93,REV,E7,E6,E2,E3,35.414000,307.313000,OK
6,12,adjacent,400,30,16,94,FWD,E6,E7,E3,E4,-3.508000,285.368000,OK
6,12,adjacent,400,30,16,95,REV,E7,E6,E3,E4,4.266000,298.136000,OK
6,12,adjacent,400,30,16,96,FWD,E6,E7,E4,E5,-1.430000,290.076000,OK
6,12,adjacent,400,30,16,97,REV,E7,E6,E4,E5,13.328000,295.582000,OK
6,12,adjacent,400,30,16,98,FWD,E6,E7,E8,E9,33.461000,291.592000,OK
6,12,adjacent,400,30,16,99,REV,E7,E6,E8,E9,52.516000,294.864000,OK
6,12,adjacent,400,30,16,100,FWD,E6,E7,E9,E10,-33.477000,291.592000,OK
6,12,adjacent,400,30,16,101,REV,E7,E6,E9,E10,-21.641000,294.944000,OK
6,12,adjacent,400,30,16,102,FWD,E6,E7,E10,E11,20.867000,292.310000,OK
6,12,adjacent,400,30,16,103,REV,E7,E6,E10,E11,27.977000,294.545000,OK
6,12,adjacent,400,30,16,104,FWD,E6,E7,E11,E12,-5.672000,293.029000,OK
6,12,adjacent,400,30,16,105,REV,E7,E6,E11,E12,-0.953000,293.827000,OK
6,12,adjacent,400,30,16,106,FWD,E6,E7,E12,E1,-10.898000,293.348000,OK
6,12,adjacent,400,30,16,107,REV,E7,E6,E12,E1,-6.648000,293.428000,OK
6,12,adjacent,400,30,16,108,FWD,E7,E8,E1,E2,-14.039000,139.252000,OK
6,12,adjacent,400,30,16,109,REV,E8,E7,E1,E2,-9.875000,322.156000,OK
6,12,adjacent,400,30,16,110,FWD,E7,E8,E2,E3,29.562000,243.951000,OK
6,12,adjacent,400,30,16,111,REV,E8,E7,E2,E3,34.688000,282.096000,OK
6,12,adjacent,400,30,16,112,FWD,E7,E8,E3,E4,-3.828000,260.550000,OK
6,12,adjacent,400,30,16,113,REV,E8,E7,E3,E4,1.570000,274.116000,OK
6,12,adjacent,400,30,16,114,FWD,E7,E8,E4,E5,-7.344000,265.338000,OK
6,12,adjacent,400,30,16,115,REV,E8,E7,E4,E5,-0.008000,271.562000,OK
6,12,adjacent,400,30,16,116,FWD,E7,E8,E5,E6,-37.172000,266.934000,OK
6,12,adjacent,400,30,16,117,REV,E8,E7,E5,E6,-24.094000,270.764000,OK
6,12,adjacent,400,30,16,118,FWD,E7,E8,E9,E10,-41.656000,268.211000,OK
6,12,adjacent,400,30,16,119,REV,E8,E7,E9,E10,-14.430000,270.445000,OK
6,12,adjacent,400,30,16,120,FWD,E7,E8,E10,E11,16.953000,267.413000,OK
6,12,adjacent,400,30,16,121,REV,E8,E7,E10,E11,30.758000,270.605000,OK
6,12,adjacent,400,30,16,122,FWD,E7,E8,E11,E12,-6.805000,268.131000,OK
6,12,adjacent,400,30,16,123,REV,E8,E7,E11,E12,0.898000,270.764000,OK
6,12,adjacent,400,30,16,124,FWD,E7,E8,E12,E1,-13.977000,268.131000,OK
6,12,adjacent,400,30,16,125,REV,E8,E7,E12,E1,-8.242000,270.046000,OK
6,12,adjacent,400,30,16,126,FWD,E8,E9,E1,E2,-12.945000,103.023000,OK
6,12,adjacent,400,30,16,127,REV,E9,E8,E1,E2,-8.680000,284.650000,OK
6,12,adjacent,400,30,16,128,FWD,E8,E9,E2,E3,29.664000,213.068000,OK
6,12,adjacent,400,30,16,129,REV,E9,E8,E2,E3,34.680000,249.936000,OK
6,12,adjacent,400,30,16,130,FWD,E8,E9,E3,E4,-4.031000,228.230000,OK
6,12,adjacent,400,30,16,131,REV,E9,E8,E3,E4,0.805000,243.073000,OK
6,12,adjacent,400,30,16,132,FWD,E8,E9,E4,E5,-8.852000,231.981000,OK
6,12,adjacent,400,30,16,133,REV,E9,E8,E4,E5,-3.055000,240.599000,OK
6,12,adjacent,400,30,16,134,FWD,E8,E9,E5,E6,-39.695000,233.737000,OK
6,12,adjacent,400,30,16,135,REV,E9,E8,E5,E6,-31.836000,240.041000,OK
6,12,adjacent,400,30,16,136,FWD,E8,E9,E6,E7,6.594000,234.774000,OK
6,12,adjacent,400,30,16,137,REV,E9,E8,E6,E7,20.469000,239.482000,OK
6,12,adjacent,400,30,16,138,FWD,E8,E9,E10,E11,17.523000,235.093000,OK
6,12,adjacent,400,30,16,139,REV,E9,E8,E10,E11,39.406000,239.482000,OK
6,12,adjacent,400,30,16,140,FWD,E8,E9,E11,E12,-6.562000,235.492000,OK
6,12,adjacent,400,30,16,141,REV,E9,E8,E11,E12,2.781000,240.041000,OK
6,12,adjacent,400,30,16,142,FWD,E8,E9,E12,E1,-16.445000,235.811000,OK
6,12,adjacent,400,30,16,143,REV,E9,E8,E12,E1,-9.898000,240.200000,OK
6,12,adjacent,400,30,16,144,FWD,E9,E10,E1,E2,-11.977000,118.504000,OK
6,12,adjacent,400,30,16,145,REV,E10,E9,E1,E2,-8.141000,279.941000,OK
6,12,adjacent,400,30,16,146,FWD,E9,E10,E2,E3,30.234000,219.213000,OK
6,12,adjacent,400,30,16,147,REV,E10,E9,E2,E3,34.313000,248.819000,OK
6,12,adjacent,400,30,16,148,FWD,E9,E10,E3,E4,-3.680000,232.460000,OK
6,12,adjacent,400,30,16,149,REV,E10,E9,E3,E4,0.031000,243.552000,OK
6,12,adjacent,400,30,16,150,FWD,E9,E10,E4,E5,-9.227000,235.732000,OK
6,12,adjacent,400,30,16,151,REV,E10,E9,E4,E5,-4.945000,241.796000,OK
6,12,adjacent,400,30,16,152,FWD,E9,E10,E5,E6,-40.523000,237.248000,OK
6,12,adjacent,400,30,16,153,REV,E10,E9,E5,E6,-34.969000,241.238000,OK
6,12,adjacent,400,30,16,154,FWD,E9,E10,E6,E7,4.328000,238.525000,OK
6,12,adjacent,400,30,16,155,REV,E10,E9,E6,E7,13.492000,239.881000,OK
6,12,adjacent,400,30,16,156,FWD,E9,E10,E7,E8,15.375000,238.764000,OK
6,12,adjacent,400,30,16,157,REV,E10,E9,E7,E8,38.656000,239.801000,OK
6,12,adjacent,400,30,16,158,FWD,E9,E10,E11,E12,1.047000,239.323000,OK
6,12,adjacent,400,30,16,159,REV,E10,E9,E11,E12,16.977000,240.200000,OK
6,12,adjacent,400,30,16,160,FWD,E9,E10,E12,E1,-18.070000,238.924000,OK
6,12,adjacent,400,30,16,161,REV,E10,E9,E12,E1,-11.883000,240.280000,OK
6,12,adjacent,400,30,16,162,FWD,E10,E11,E1,E2,-11.547000,140.689000,OK
6,12,adjacent,400,30,16,163,REV,E11,E10,E1,E2,-5.969000,295.742000,OK
6,12,adjacent,400,30,16,164,FWD,E10,E11,E2,E3,30.187000,234.295000,OK
6,12,adjacent,400,30,16,165,REV,E11,E10,E2,E3,34.953000,263.742000,OK
6,12,adjacent,400,30,16,166,FWD,E10,E11,E3,E4,-3.633000,247.542000,OK
6,12,adjacent,400,30,16,167,REV,E11,E10,E3,E4,-0.086000,258.794000,OK
6,12,adjacent,400,30,16,168,FWD,E10,E11,E4,E5,-9.500000,251.213000,OK
6,12,adjacent,400,30,16,169,REV,E11,E10,E4,E5,-5.992000,257.198000,OK
6,12,adjacent,400,30,16,170,FWD,E10,E11,E5,E6,-41.109000,252.171000,OK
6,12,adjacent,400,30,16,171,REV,E11,E10,E5,E6,-37.133000,257.358000,OK
6,12,adjacent,400,30,16,172,FWD,E10,E11,E6,E7,4.773000,253.048000,OK
6,12,adjacent,400,30,16,173,REV,E11,E10,E6,E7,10.633000,257.038000,OK
6,12,adjacent,400,30,16,174,FWD,E10,E11,E7,E8,15.227000,253.846000,OK
6,12,adjacent,400,30,16,175,REV,E11,E10,E7,E8,27.883000,256.560000,OK
6,12,adjacent,400,30,16,176,FWD,E10,E11,E8,E9,25.000000,254.804000,OK
6,12,adjacent,400,30,16,177,REV,E11,E10,E8,E9,47.313000,256.639000,OK
6,12,adjacent,400,30,16,178,FWD,E10,E11,E12,E1,-18.062000,254.325000,OK
6,12,adjacent,400,30,16,179,REV,E11,E10,E12,E1,-3.906000,256.480000,OK
6,12,adjacent,400,30,16,180,FWD,E11,E12,E1,E2,-11.672000,125.686000,OK
6,12,adjacent,400,30,16,181,REV,E12,E11,E1,E2,-1.742000,301.567000,OK
6,12,adjacent,400,30,16,182,FWD,E11,E12,E2,E3,29.531000,245.787000,OK
6,12,adjacent,400,30,16,183,REV,E12,E11,E2,E3,36.234000,269.408000,OK
6,12,adjacent,400,30,16,184,FWD,E11,E12,E3,E4,-3.828000,259.273000,OK
6,12,adjacent,400,30,16,185,REV,E12,E11,E3,E4,0.234000,264.380000,OK
6,12,adjacent,400,30,16,186,FWD,E11,E12,E4,E5,-9.867000,262.146000,OK
6,12,adjacent,400,30,16,187,REV,E12,E11,E4,E5,-6.523000,263.263000,OK
6,12,adjacent,400,30,16,188,FWD,E11,E12,E5,E6,-41.875000,263.502000,OK
6,12,adjacent,400,30,16,189,REV,E12,E11,E5,E6,-38.727000,263.901000,OK
6,12,adjacent,400,30,16,190,FWD,E11,E12,E6,E7,5.289000,263.502000,OK
6,12,adjacent,400,30,16,191,REV,E12,E11,E6,E7,9.172000,263.263000,OK
6,12,adjacent,400,30,16,192,FWD,E11,E12,E7,E8,15.859000,264.300000,OK
6,12,adjacent,400,30,16,193,REV,E12,E11,E7,E8,22.898000,263.183000,OK
6,12,adjacent,400,30,16,194,FWD,E11,E12,E8,E9,28.633000,264.779000,OK
6,12,adjacent,400,30,16,195,REV,E12,E11,E8,E9,38.781000,262.704000,OK
6,12,adjacent,400,30,16,196,FWD,E11,E12,E9,E10,-36.445000,265.258000,OK
6,12,adjacent,400,30,16,197,REV,E12,E11,E9,E10,-20.094000,263.263000,OK
6,12,adjacent,400,30,16,198,FWD,E12,E1,E2,E3,28.750000,135.741000,OK
6,12,adjacent,400,30,16,199,REV,E1,E12,E2,E3,41.328000,301.966000,OK
6,12,adjacent,400,30,16,200,FWD,E12,E1,E3,E4,-4.711000,243.233000,OK
6,12,adjacent,400,30,16,201,REV,E1,E12,E3,E4,1.492000,269.168000,OK
6,12,adjacent,400,30,16,202,FWD,E12,E1,E4,E5,-10.641000,255.921000,OK
6,12,adjacent,400,30,16,203,REV,E1,E12,E4,E5,-6.297000,264.460000,OK
6,12,adjacent,400,30,16,204,FWD,E12,E1,E5,E6,-42.938000,258.954000,OK
6,12,adjacent,400,30,16,205,REV,E1,E12,E5,E6,-39.570000,262.225000,OK
6,12,adjacent,400,30,16,206,FWD,E12,E1,E6,E7,5.258000,260.071000,OK
6,12,adjacent,400,30,16,207,REV,E1,E12,E6,E7,8.813000,262.465000,OK
6,12,adjacent,400,30,16,208,FWD,E12,E1,E7,E8,15.594000,260.151000,OK
6,12,adjacent,400,30,16,209,REV,E1,E12,E7,E8,20.844000,262.545000,OK
6,12,adjacent,400,30,16,210,FWD,E12,E1,E8,E9,30.422000,260.151000,OK
6,12,adjacent,400,30,16,211,REV,E1,E12,E8,E9,37.656000,262.704000,OK
6,12,adjacent,400,30,16,212,FWD,E12,E1,E9,E10,-25.922000,261.507000,OK
6,12,adjacent,400,30,16,213,REV,E1,E12,E9,E10,-19.398000,262.465000,OK
6,12,adjacent,400,30,16,214,FWD,E12,E1,E10,E11,31.664000,261.348000,OK
6,12,adjacent,400,30,16,215,REV,E1,E12,E10,E11,44.258000,262.066000,OK
7,13,adjacent,400,30,16,0,FWD,E1,E2,E3,E4,-4.562000,127.921000,OK
7,13,adjacent,400,30,16,1,REV,E2,E1,E3,E4,4.914000,308.909000,OK
7,13,adjacent,400,30,16,2,FWD,E1,E2,E4,E5,-11.484000,249.378000,OK
7,13,adjacent,400,30,16,3,REV,E2,E1,E4,E5,-5.539000,274.674000,OK
7,13,adjacent,400,30,16,4,FWD,E1,E2,E5,E6,-44.117000,263.821000,OK
7,13,adjacent,400,30,16,5,REV,E2,E1,E5,E6,-40.055000,268.849000,OK
7,13,adjacent,400,30,16,6,FWD,E1,E2,E6,E7,5.320000,267.173000,OK
7,13,adjacent,400,30,16,7,REV,E2,E1,E6,E7,8.797000,268.051000,OK
7,13,adjacent,400,30,16,8,FWD,E1,E2,E7,E8,15.273000,268.370000,OK
7,13,adjacent,400,30,16,9,REV,E2,E1,E7,E8,19.680000,267.093000,OK
7,13,adjacent,400,30,16,10,FWD,E1,E2,E8,E9,32.375000,269.408000,OK
7,13,adjacent,400,30,16,11,REV,E2,E1,E8,E9,38.039000,266.056000,OK
7,13,adjacent,400,30,16,12,FWD,E1,E2,E9,E10,-25.273000,269.966000,OK
7,13,adjacent,400,30,16,13,REV,E2,E1,E9,E10,-20.664000,267.014000,OK
7,13,adjacent,400,30,16,14,FWD,E1,E2,E10,E11,29.937000,269.727000,OK
7,13,adjacent,400,30,16,15,REV,E2,E1,E10,E11,36.039000,266.854000,OK
7,13,adjacent,400,30,16,16,FWD,E1,E2,E11,E12,-7.852000,269.567000,OK
7,13,adjacent,400,30,16,17,REV,E2,E1,E11,E12,4.164000,266.774000,OK
7,13,adjacent,400,30,16,18,FWD,E2,E3,E4,E5,-12.664000,131.432000,OK
7,13,adjacent,400,30,16,19,REV,E3,E2,E4,E5,-1.070000,310.984000,OK
7,13,adjacent,400,30,16,20,FWD,E2,E3,E5,E6,-46.000000,231.183000,OK
7,13,adjacent,400,30,16,21,REV,E3,E2,E5,E6,-39.500000,270.525000,OK
7,13,adjacent,400,30,16,22,FWD,E2,E3,E6,E7,4.680000,246.505000,OK
7,13,adjacent,400,30,16,23,REV,E3,E2,E6,E7,9.398000,263.183000,OK
7,13,adjacent,400,30,16,24,FWD,E2,E3,E7,E8,14.445000,250.575000,OK
7,13,adjacent,400,30,16,25,REV,E3,E2,E7,E8,19.187000,261.507000,OK
7,13,adjacent,400,30,16,26,FWD,E2,E3,E8,E9,33.648000,251.612000,OK
7,13,adjacent,400,30,16,27,REV,E3,E2,E8,E9,39.398000,259.831000,OK
7,13,adjacent,400,30,16,28,FWD,E2,E3,E9,E10,-25.906000,252.570000,OK
7,13,adjacent,400,30,16,29,REV,E3,E2,E9,E10,-21.586000,259.193000,OK
7,13,adjacent,400,30,16,30,FWD,E2,E3,E10,E11,27.320000,253.048000,OK
7,13,adjacent,400,30,16,31,REV,E3,E2,E10,E11,31.891000,258.714000,OK
7,13,adjacent,400,30,16,32,FWD,E2,E3,E11,E12,-7.203000,253.607000,OK
7,13,adjacent,400,30,16,33,REV,E3,E2,E11,E12,-0.383000,259.033000,OK
7,13,adjacent,400,30,16,34,FWD,E2,E3,E12,E1,-0.273000,253.926000,OK
7,13,adjacent,400,30,16,35,REV,E3,E2,E12,E1,13.828000,259.113000,OK
7,13,adjacent,400,30,16,36,FWD,E3,E4,E1,E2,13.406000,111.961000,OK
7,13,adjacent,400,30,16,37,REV,E4,E3,E1,E2,13.313000,290.156000,OK
7,13,adjacent,400,30,16,38,FWD,E3,E4,E5,E6,-49.047000,226.475000,OK
7,13,adjacent,400,30,16,39,REV,E4,E3,E5,E6,-35.688000,256.161000,OK
7,13,adjacent,400,30,16,40,FWD,E3,E4,E6,E7,3.992000,240.121000,OK
7,13,adjacent,400,30,16,41,REV,E4,E3,E6,E7,10.219000,249.936000,OK
7,13,adjacent,400,30,16,42,FWD,E3,E4,E7,E8,13.922000,244.270000,OK
7,13,adjacent,400,30,16,43,REV,E4,E3,E7,E8,18.656000,248.739000,OK
7,13,adjacent,400,30,16,44,FWD,E3,E4,E8,E9,35.641000,245.068000,OK
7,13,adjacent,400,30,16,45,REV,E4,E3,E8,E9,40.719000,248.420000,OK
7,13,adjacent,400,30,16,46,FWD,E3,E4,E9,E10,-26.469000,245.627000,OK
7,13,adjacent,400,30,16,47,REV,E4,E3,E9,E10,-22.812000,248.260000,OK
7,13,adjacent,400,30,16,48,FWD,E3,E4,E10,E11,25.875000,246.505000,OK
7,13,adjacent,400,30,16,49,REV,E4,E3,E10,E11,29.117000,247.861000,OK
7,13,adjacent,400,30,16,50,FWD,E3,E4,E11,E12,-5.805000,247.223000,OK
7,13,adjacent,400,30,16,51,REV,E4,E3,E11,E12,-2.023000,247.223000,OK
7,13,adjacent,400,30,16,52,FWD,E3,E4,E12,E1,-2.375000,247.223000,OK
7,13,adjacent,400,30,16,53,REV,E4,E3,E12,E1,3.391000,247.702000,OK
7,13,adjacent,400,30,16,54,FWD,E4,E5,E1,E2,-14.094000,128.479000,OK
7,13,adjacent,400,30,16,55,REV,E5,E4,E1,E2,-9.359000,304.440000,OK
7,13,adjacent,400,30,16,56,FWD,E4,E5,E2,E3,48.945000,239.642000,OK
7,13,adjacent,400,30,16,57,REV,E5,E4,E2,E3,57.125000,269.408000,OK
7,13,adjacent,400,30,16,58,FWD,E4,E5,E6,E7,0.570000,253.607000,OK
7,13,adjacent,400,30,16,59,REV,E5,E4,E6,E7,13.664000,263.981000,OK
7,13,adjacent,400,30,16,60,FWD,E4,E5,E7,E8,12.336000,257.198000,OK
7,13,adjacent,400,30,16,61,REV,E5,E4,E7,E8,19.273000,261.906000,OK
7,13,adjacent,400,30,16,62,FWD,E4,E5,E8,E9,36.547000,258.874000,OK
7,13,adjacent,400,30,16,63,REV,E5,E4,E8,E9,42.977000,261.587000,OK
7,13,adjacent,400,30,16,64,FWD,E4,E5,E9,E10,-27.836000,259.033000,OK
7,13,adjacent,400,30,16,65,REV,E5,E4,E9,E10,-23.406000,261.747000,OK
7,13,adjacent,400,30,16,66,FWD,E4,E5,E10,E11,24.367000,259.113000,OK
7,13,adjacent,400,30,16,67,REV,E5,E4,E10,E11,27.836000,261.986000,OK
7,13,adjacent,400,30,16,68,FWD,E4,E5,E11,E12,-5.336000,260.310000,OK
7,13,adjacent,400,30,16,69,REV,E5,E4,E11,E12,-2.016000,261.747000,OK
7,13,adjacent,400,30,16,70,FWD,E4,E5,E12,E1,-5.445000,260.470000,OK
7,13,adjacent,400,30,16,71,REV,E5,E4,E12,E1,-1.195000,261.427000,OK
7,13,adjacent,400,30,16,72,FWD,E5,E6,E1,E2,-15.359000,147.392000,OK
7,13,adjacent,400,30,16,73,REV,E6,E5,E1,E2,-11.508000,319.682000,OK
7,13,adjacent,400,30,16,74,FWD,E5,E6,E2,E3,31.016000,259.672000,OK
7,13,adjacent,400,30,16,75,REV,E6,E5,E2,E3,38.070000,285.926000,OK
7,13,adjacent,400,30,16,76,FWD,E5,E6,E3,E4,6.891000,274.435000,OK
7,13,adjacent,400,30,16,77,REV,E6,E5,E3,E4,19.633000,279.782000,OK
7,13,adjacent,400,30,16,78,FWD,E5,E6,E7,E8,8.484000,278.585000,OK
7,13,adjacent,400,30,16,79,REV,E6,E5,E7,E8,22.711000,278.106000,OK
7,13,adjacent,400,30,16,80,FWD,E5,E6,E8,E9,36.484000,280.181000,OK
7,13,adjacent,400,30,16,81,REV,E6,E5,E8,E9,46.391000,276.989000,OK
7,13,adjacent,400,30,16,82,FWD,E5,E6,E9,E10,-29.875000,281.218000,OK
7,13,adjacent,400,30,16,83,REV,E6,E5,E9,E10,-23.203000,277.547000,OK
7,13,adjacent,400,30,16,84,FWD,E5,E6,E10,E11,22.914000,281.378000,OK
7,13,adjacent,400,30,16,85,REV,E6,E5,E10,E11,27.398000,277.707000,OK
7,13,adjacent,400,30,16,86,FWD,E5,E6,E11,E12,-5.141000,280.420000,OK
7,13,adjacent,400,30,16,87,REV,E6,E5,E11,E12,-1.562000,277.388000,OK
7,13,adjacent,400,30,16,88,FWD,E5,E6,E12,E1,-8.109000,281.697000,OK
7,13,adjacent,400,30,16,89,REV,E6,E5,E12,E1,-4.336000,277.547000,OK
7,13,adjacent,400,30,16,90,FWD,E6,E7,E1,E2,-15.000000,169.976000,OK
7,13,adjacent,400,30,16,91,REV,E7,E6,E1,E2,-11.211000,345.218000,OK
7,13,adjacent,400,30,16,92,FWD,E6,E7,E2,E3,29.641000,268.051000,OK
7,13,adjacent,400,30,16,93,REV,E7,E6,E2,E3,35.195000,307.552000,OK
7,13,adjacent,400,30,16,94,FWD,E6,E7,E3,E4,-3.305000,285.527000,OK
7,13,adjacent,400,30,16,95,REV,E7,E6,E3,E4,4.492000,299.014000,OK
7,13,adjacent,400,30,16,96,FWD,E6,E7,E4,E5,-1.562000,290.315000,OK
7,13,adjacent,400,30,16,97,REV,E7,E6,E4,E5,13.172000,296.380000,OK
7,13,adjacent,400,30,16,98,FWD,E6,E7,E8,E9,33.430000,292.550000,OK
7,13,adjacent,400,30,16,99,REV,E7,E6,E8,E9,52.586000,295.423000,OK
7,13,adjacent,400,30,16,100,FWD,E6,E7,E9,E10,-33.375000,291.911000,OK
7,13,adjacent,400,30,16,101,REV,E7,E6,E9,E10,-21.531000,294.784000,OK
7,13,adjacent,400,30,16,102,FWD,E6,E7,E10,E11,20.867000,293.108000,OK
7,13,adjacent,400,30,16,103,REV,E7,E6,E10,E11,27.969000,294.545000,OK
7,13,adjacent,400,30,16,104,FWD,E6,E7,E11,E12,-5.375000,293.029000,OK
7,13,adjacent,400,30,16,105,REV,E7,E6,E11,E12,-0.664000,294.305000,OK
7,13,adjacent,400,30,16,106,FWD,E6,E7,E12,E1,-10.945000,293.428000,OK
7,13,adjacent,400,30,16,107,REV,E7,E6,E12,E1,-6.734000,294.465000,OK
7,13,adjacent,400,30,16,108,FWD,E7,E8,E1,E2,-14.258000,138.933000,OK
7,13,adjacent,400,30,16,109,REV,E8,E7,E1,E2,-10.102000,321.996000,OK
7,13,adjacent,400,30,16,110,FWD,E7,E8,E2,E3,29.328000,243.712000,OK
7,13,adjacent,400,30,16,111,REV,E8,E7,E2,E3,34.461000,282.814000,OK
7,13,adjacent,400,30,16,112,FWD,E7,E8,E3,E4,-3.641000,261.108000,OK
7,13,adjacent,400,30,16,113,REV,E8,E7,E3,E4,1.742000,273.876000,OK
7,13,adjacent,400,30,16,114,FWD,E7,E8,E4,E5,-7.531000,265.258000,OK
7,13,adjacent,400,30,16,115,REV,E8,E7,E4,E5,-0.141000,271.642000,OK
7,13,adjacent,400,30,16,116,FWD,E7,E8,E5,E6,-37.148000,267.253000,OK
7,13,adjacent,400,30,16,117,REV,E8,E7,E5,E6,-24.055000,270.764000,OK
7,13,adjacent,400,30,16,118,FWD,E7,E8,E9,E10,-41.383000,267.732000,OK
7,13,adjacent,400,30,16,119,REV,E8,E7,E9,E10,-14.398000,270.684000,OK
7,13,adjacent,400,30,16,120,FWD,E7,E8,E10,E11,16.930000,268.131000,OK
7,13,adjacent,400,30,16,121,REV,E8,E7,E10,E11,30.727000,270.764000,OK
7,13,adjacent,400,30,16,122,FWD,E7,E8,E11,E12,-6.516000,268.689000,OK
7,13,adjacent,400,30,16,123,REV,E8,E7,E11,E12,1.203000,270.046000,OK
7,13,adjacent,400,30,16,124,FWD,E7,E8,E12,E1,-13.984000,268.849000,OK
7,13,adjacent,400,30,16,125,REV,E8,E7,E12,E1,-8.281000,269.886000,OK
7,13,adjacent,400,30,16,126,FWD,E8,E9,E1,E2,-13.164000,103.422000,OK
7,13,adjacent,400,30,16,127,REV,E9,E8,E1,E2,-8.992000,284.809000,OK
7,13,adjacent,400,30,16,128,FWD,E8,E9,E2,E3,29.453000,213.068000,OK
7,13,adjacent,400,30,16,129,REV,E9,E8,E2,E3,34.461000,249.936000,OK
7,13,adjacent,400,30,16,130,FWD,E8,E9,E3,E4,-3.844000,227.512000,OK
7,13,adjacent,400,30,16,131,REV,E9,E8,E3,E4,0.953000,242.594000,OK
7,13,adjacent,400,30,16,132,FWD,E8,E9,E4,E5,-8.984000,231.582000,OK
7,13,adjacent,400,30,16,133,REV,E9,E8,E4,E5,-3.227000,240.121000,OK
7,13,adjacent,400,30,16,134,FWD,E8,E9,E5,E6,-39.695000,233.577000,OK
7,13,adjacent,400,30,16,135,REV,E9,E8,E5,E6,-31.844000,239.482000,OK
7,13,adjacent,400,30,16,136,FWD,E8,E9,E6,E7,6.719000,234.295000,OK
7,13,adjacent,400,30,16,137,REV,E9,E8,E6,E7,20.562000,239.881000,OK
7,13,adjacent,400,30,16,138,FWD,E8,E9,E10,E11,17.625000,234.295000,OK
7,13,adjacent,400,30,16,139,REV,E9,E8,E10,E11,39.422000,239.482000,OK
7,13,adjacent,400,30,16,140,FWD,E8,E9,E11,E12,-6.344000,234.614000,OK
7,13,adjacent,400,30,16,141,REV,E9,E8,E11,E12,3.063000,239.482000,OK
7,13,adjacent,400,30,16,142,FWD,E8,E9,E12,E1,-16.445000,235.891000,OK
7,13,adjacent,400,30,16,143,REV,E9,E8,E12,E1,-9.977000,238.764000,OK
7,13,adjacent,400,30,16,144,FWD,E9,E10,E1,E2,-12.188000,118.823000,OK
7,13,adjacent,400,30,16,145,REV,E10,E9,E1,E2,-8.422000,280.181000,OK
7,13,adjacent,400,30,16,146,FWD,E9,E10,E2,E3,30.031000,219.293000,OK
7,13,adjacent,400,30,16,147,REV,E10,E9,E2,E3,34.086000,249.138000,OK
7,13,adjacent,400,30,16,148,FWD,E9,E10,E3,E4,-3.492000,231.582000,OK
7,13,adjacent,400,30,16,149,REV,E10,E9,E3,E4,0.203000,243.392000,OK
7,13,adjacent,400,30,16,150,FWD,E9,E10,E4,E5,-9.391000,235.492000,OK
7,13,adjacent,400,30,16,151,REV,E10,E9,E4,E5,-5.133000,241.876000,OK
7,13,adjacent,400,30,16,152,FWD,E9,E10,E5,E6,-40.508000,237.487000,OK
7,13,adjacent,400,30,16,153,REV,E10,E9,E5,E6,-34.961000,239.961000,OK
7,13,adjacent,400,30,16,154,FWD,E9,E10,E6,E7,4.422000,238.205000,OK
7,13,adjacent,400,30,16,155,REV,E10,E9,E6,E7,13.664000,240.041000,OK
7,13,adjacent,400,30,16,156,FWD,E9,E10,E7,E8,15.250000,238.684000,OK
7,13,adjacent,400,30,16,157,REV,E10,E9,E7,E8,38.414000,240.041000,OK
7,13,adjacent,400,30,16,158,FWD,E9,E10,E11,E12,1.305000,238.525000,OK
7,13,adjacent,400,30,16,159,REV,E10,E9,E11,E12,17.141000,240.041000,OK
7,13,adjacent,400,30,16,160,FWD,E9,E10,E12,E1,-18.070000,239.323000,OK
7,13,adjacent,400,30,16,161,REV,E10,E9,E12,E1,-11.906000,239.562000,OK
7,13,adjacent,400,30,16,162,FWD,E10,E11,E1,E2,-11.828000,140.848000,OK
7,13,adjacent,400,30,16,163,REV,E11,E10,E1,E2,-6.266000,295.263000,OK
7,13,adjacent,400,30,16,164,FWD,E10,E11,E2,E3,29.977000,234.455000,OK
7,13,adjacent,400,30,16,165,REV,E11,E10,E2,E3,34.711000,264.460000,OK
7,13,adjacent,400,30,16,166,FWD,E10,E11,E3,E4,-3.469000,246.984000,OK
7,13,adjacent,400,30,16,167,REV,E11,E10,E3,E4,0.078000,258.634000,OK
7,13,adjacent,400,30,16,168,FWD,E10,E11,E4,E5,-9.672000,250.814000,OK
7,13,adjacent,400,30,16,169,REV,E11,E10,E4,E5,-6.141000,257.278000,OK
7,13,adjacent,400,30,16,170,FWD,E10,E11,E5,E6,-41.094000,252.809000,OK
7,13,adjacent,400,30,16,171,REV,E11,E10,E5,E6,-37.141000,256.480000,OK
7,13,adjacent,400,30,16,172,FWD,E10,E11,E6,E7,4.820000,252.969000,OK
7,13,adjacent,400,30,16,173,REV,E11,E10,E6,E7,10.742000,256.161000,OK
7,13,adjacent,400,30,16,174,FWD,E10,E11,E7,E8,15.094000,253.128000,OK
7,13,adjacent,400,30,16,175,REV,E11,E10,E7,E8,27.734000,256.161000,OK
7,13,adjacent,400,30,16,176,FWD,E10,E11,E8,E9,25.359000,253.767000,OK
7,13,adjacent,400,30,16,177,REV,E11,E10,E8,E9,47.539000,256.320000,OK
7,13,adjacent,400,30,16,178,FWD,E10,E11,E12,E1,-18.023000,254.405000,OK
7,13,adjacent,400,30,16,179,REV,E11,E10,E12,E1,-3.781000,256.560000,OK
7,13,adjacent,400,30,16,180,FWD,E11,E12,E1,E2,-11.984000,125.686000,OK
7,13,adjacent,400,30,16,181,REV,E12,E11,E1,E2,-2.047000,300.929000,OK
7,13,adjacent,400,30,16,182,FWD,E11,E12,E2,E3,29.367000,245.467000,OK
7,13,adjacent,400,30,16,183,REV,E12,E11,E2,E3,35.984000,269.168000,OK
7,13,adjacent,400,30,16,184,FWD,E11,E12,E3,E4,-3.664000,258.714000,OK
7,13,adjacent,400,30,16,185,REV,E12,E11,E3,E4,0.367000,264.460000,OK
7,13,adjacent,400,30,16,186,FWD,E11,E12,E4,E5,-10.008000,261.587000,OK
7,13,adjacent,400,30,16,187,REV,E12,E11,E4,E5,-6.648000,263.023000,OK
7,13,adjacent,400,30,16,188,FWD,E11,E12,E5,E6,-41.859000,263.183000,OK
7,13,adjacent,400,30,16,189,REV,E12,E11,E5,E6,-38.719000,263.183000,OK
7,13,adjacent,400,30,16,190,FWD,E11,E12,E6,E7,5.359000,263.502000,OK
7,13,adjacent,400,30,16,191,REV,E12,E11,E6,E7,9.273000,263.183000,OK
7,13,adjacent,400,30,16,192,FWD,E11,E12,E7,E8,15.719000,263.662000,OK
7,13,adjacent,400,30,16,193,REV,E12,E11,E7,E8,22.766000,263.502000,OK
7,13,adjacent,400,30,16,194,FWD,E11,E12,E8,E9,28.898000,264.620000,OK
7,13,adjacent,400,30,16,195,REV,E12,E11,E8,E9,39.055000,262.704000,OK
7,13,adjacent,400,30,16,196,FWD,E11,E12,E9,E10,-36.438000,264.939000,OK
7,13,adjacent,400,30,16,197,REV,E12,E11,E9,E10,-20.195000,262.944000,OK
7,13,adjacent,400,30,16,198,FWD,E12,E1,E2,E3,28.508000,135.582000,OK
7,13,adjacent,400,30,16,199,REV,E1,E12,E2,E3,41.117000,301.567000,OK
7,13,adjacent,400,30,16,200,FWD,E12,E1,E3,E4,-4.547000,243.073000,OK
7,13,adjacent,400,30,16,201,REV,E1,E12,E3,E4,1.625000,268.849000,OK
7,13,adjacent,400,30,16,202,FWD,E12,E1,E4,E5,-10.805000,254.884000,OK
7,13,adjacent,400,30,16,203,REV,E1,E12,E4,E5,-6.461000,263.901000,OK
7,13,adjacent,400,30,16,204,FWD,E12,E1,E5,E6,-42.930000,258.156000,OK
7,13,adjacent,400,30,16,205,REV,E1,E12,E5,E6,-39.500000,262.066000,OK
7,13,adjacent,400,30,16,206,FWD,E12,E1,E6,E7,5.391000,259.353000,OK
7,13,adjacent,400,30,16,207,REV,E1,E12,E6,E7,8.906000,261.427000,OK
7,13,adjacent,400,30,16,208,FWD,E12,E1,E7,E8,15.500000,259.911000,OK
7,13,adjacent,400,30,16,209,REV,E1,E12,E7,E8,20.734000,261.348000,OK
7,13,adjacent,400,30,16,210,FWD,E12,E1,E8,E9,30.695000,259.991000,OK
7,13,adjacent,400,30,16,211,REV,E1,E12,E8,E9,37.922000,262.066000,OK
7,13,adjacent,400,30,16,212,FWD,E12,E1,E9,E10,-25.914000,260.310000,OK
7,13,adjacent,400,30,16,213,REV,E1,E12,E9,E10,-19.352000,261.747000,OK
7,13,adjacent,400,30,16,214,FWD,E12,E1,E10,E11,31.672000,260.470000,OK
7,13,adjacent,400,30,16,215,REV,E1,E12,E10,E11,44.156000,261.507000,OK
8,14,adjacent,400,30,16,0,FWD,E1,E2,E3,E4,-4.437000,127.921000,OK
8,14,adjacent,400,30,16,1,REV,E2,E1,E3,E4,4.984000,308.191000,OK
8,14,adjacent,400,30,16,2,FWD,E1,E2,E4,E5,-11.570000,248.500000,OK
8,14,adjacent,400,30,16,3,REV,E2,E1,E4,E5,-5.680000,273.797000,OK
8,14,adjacent,400,30,16,4,FWD,E1,E2,E5,E6,-44.086000,263.263000,OK
8,14,adjacent,400,30,16,5,REV,E2,E1,E5,E6,-40.055000,268.689000,OK
8,14,adjacent,400,30,16,6,FWD,E1,E2,E6,E7,5.406000,266.535000,OK
8,14,adjacent,400,30,16,7,REV,E2,E1,E6,E7,8.906000,266.615000,OK
8,14,adjacent,400,30,16,8,FWD,E1,E2,E7,E8,15.164000,267.413000,OK
8,14,adjacent,400,30,16,9,REV,E2,E1,E7,E8,19.539000,266.295000,OK
8,14,adjacent,400,30,16,10,FWD,E1,E2,E8,E9,32.688000,268.051000,OK
8,14,adjacent,400,30,16,11,REV,E2,E1,E8,E9,38.281000,265.737000,OK
8,14,adjacent,400,30,16,12,FWD,E1,E2,E9,E10,-25.273000,268.849000,OK
8,14,adjacent,400,30,16,13,REV,E2,E1,E9,E10,-20.680000,265.258000,OK
8,14,adjacent,400,30,16,14,FWD,E1,E2,E10,E11,29.906000,268.929000,OK
8,14,adjacent,400,30,16,15,REV,E2,E1,E10,E11,35.961000,265.098000,OK
8,14,adjacent,400,30,16,16,FWD,E1,E2,E11,E12,-7.758000,268.929000,OK
8,14,adjacent,400,30,16,17,REV,E2,E1,E11,E12,4.211000,265.737000,OK
8,14,adjacent,400,30,16,18,FWD,E2,E3,E4,E5,-12.789000,130.474000,OK
8,14,adjacent,400,30,16,19,REV,E3,E2,E4,E5,-1.242000,310.106000,OK
8,14,adjacent,400,30,16,20,FWD,E2,E3,E5,E6,-46.023000,229.826000,OK
8,14,adjacent,400,30,16,21,REV,E3,E2,E5,E6,-39.492000,269.886000,OK
8,14,adjacent,400,30,16,22,FWD,E2,E3,E6,E7,4.781000,245.228000,OK
8,14,adjacent,400,30,16,23,REV,E3,E2,E6,E7,9.461000,261.826000,OK
8,14,adjacent,400,30,16,24,FWD,E2,E3,E7,E8,14.344000,250.016000,OK
8,14,adjacent,400,30,16,25,REV,E3,E2,E7,E8,19.023000,259.592000,OK
8,14,adjacent,400,30,16,26,FWD,E2,E3,E8,E9,33.945000,251.053000,OK
8,14,adjacent,400,30,16,27,REV,E3,E2,E8,E9,39.633000,258.954000,OK
8,14,adjacent,400,30,16,28,FWD,E2,E3,E9,E10,-25.891000,251.452000,OK
8,14,adjacent,400,30,16,29,REV,E3,E2,E9,E10,-21.562000,259.353000,OK
8,14,adjacent,400,30,16,30,FWD,E2,E3,E10,E11,27.258000,252.649000,OK
8,14,adjacent,400,30,16,31,REV,E3,E2,E10,E11,31.828000,258.156000,OK
8,14,adjacent,400,30,16,32,FWD,E2,E3,E11,E12,-7.109000,253.767000,OK
8,14,adjacent,400,30,16,33,REV,E3,E2,E11,E12,-0.281000,259.033000,OK
8,14,adjacent,400,30,16,34,FWD,E2,E3,E12,E1,-0.406000,253.288000,OK
8,14,adjacent,400,30,16,35,REV,E3,E2,E12,E1,13.711000,258.315000,OK
8,14,adjacent,400,30,16,36,FWD,E3,E4,E1,E2,13.609000,111.482000,OK
8,14,adjacent,400,30,16,37,REV,E4,E3,E1,E2,13.617000,291.911000,OK
8,14,adjacent,400,30,16,38,FWD,E3,E4,E5,E6,-48.992000,225.996000,OK
8,14,adjacent,400,30,16,39,REV,E4,E3,E5,E6,-35.727000,255.283000,OK
8,14,adjacent,400,30,16,40,FWD,E3,E4,E6,E7,4.141000,239.243000,OK
8,14,adjacent,400,30,16,41,REV,E4,E3,E6,E7,10.344000,249.058000,OK
8,14,adjacent,400,30,16,42,FWD,E3,E4,E7,E8,13.820000,243.392000,OK
8,14,adjacent,400,30,16,43,REV,E4,E3,E7,E8,18.516000,247.941000,OK
8,14,adjacent,400,30,16,44,FWD,E3,E4,E8,E9,35.898000,245.148000,OK
8,14,adjacent,400,30,16,45,REV,E4,E3,E8,E9,40.953000,247.303000,OK
8,14,adjacent,400,30,16,46,FWD,E3,E4,E9,E10,-26.437000,244.590000,OK
8,14,adjacent,400,30,16,47,REV,E4,E3,E9,E10,-22.812000,247.462000,OK
8,14,adjacent,400,30,16,48,FWD,E3,E4,E10,E11,25.820000,245.547000,OK
8,14,adjacent,400,30,16,49,REV,E4,E3,E10,E11,29.016000,247.702000,OK
8,14,adjacent,400,30,16,50,FWD,E3,E4,E11,E12,-5.719000,246.345000,OK
8,14,adjacent,400,30,16,51,REV,E4,E3,E11,E12,-1.937000,246.664000,OK
8,14,adjacent,400,30,16,52,FWD,E3,E4,E12,E1,-2.453000,246.904000,OK
8,14,adjacent,400,30,16,53,REV,E4,E3,E12,E1,3.250000,247.303000,OK
8,14,adjacent,400,30,16,54,FWD,E4,E5,E1,E2,-13.906000,127.442000,OK
8,14,adjacent,400,30,16,55,REV,E5,E4,E1,E2,-9.141000,302.924000,OK
8,14,adjacent,400,30,16,56,FWD,E4,E5,E2,E3,48.398000,238.924000,OK
8,14,adjacent,400,30,16,57,REV,E5,E4,E2,E3,56.555000,268.689000,OK
8,14,adjacent,400,30,16,58,FWD,E4,E5,E6,E7,0.734000,253.128000,OK
8,14,adjacent,400,30,16,59,REV,E5,E4,E6,E7,13.883000,261.906000,OK
8,14,adjacent,400,30,16,60,FWD,E4,E5,E7,E8,12.250000,255.442000,OK
8,14,adjacent,400,30,16,61,REV,E5,E4,E7,E8,19.125000,259.911000,OK
8,14,adjacent,400,30,16,62,FWD,E4,E5,E8,E9,36.852000,256.240000,OK
8,14,adjacent,400,30,16,63,REV,E5,E4,E8,E9,43.227000,259.911000,OK
8,14,adjacent,400,30,16,64,FWD,E4,E5,E9,E10,-27.844000,257.437000,OK
8,14,adjacent,400,30,16,65,REV,E5,E4,E9,E10,-23.398000,259.752000,OK
8,14,adjacent,400,30,16,66,FWD,E4,E5,E10,E11,24.328000,256.879000,OK
8,14,adjacent,400,30,16,67,REV,E5,E4,E10,E11,27.750000,259.752000,OK
8,14,adjacent,400,30,16,68,FWD,E4,E5,E11,E12,-5.258000,258.235000,OK
8,14,adjacent,400,30,16,69,REV,E5,E4,E11,E12,-1.945000,259.752000,OK
8,14,adjacent,400,30,16,70,FWD,E4,E5,E12,E1,-5.391000,258.555000,OK
8,14,adjacent,400,30,16,71,REV,E5,E4,E12,E1,-1.258000,258.954000,OK
8,14,adjacent,400,30,16,72,FWD,E5,E6,E1,E2,-15.180000,146.035000,OK
8,14,adjacent,400,30,16,73,REV,E6,E5,E1,E2,-11.422000,316.809000,OK
8,14,adjacent,400,30,16,74,FWD,E5,E6,E2,E3,30.562000,257.677000,OK
8,14,adjacent,400,30,16,75,REV,E6,E5,E2,E3,37.523000,283.612000,OK
8,14,adjacent,400,30,16,76,FWD,E5,E6,E3,E4,6.445000,272.121000,OK
8,14,adjacent,400,30,16,77,REV,E6,E5,E3,E4,19.141000,277.627000,OK
8,14,adjacent,400,30,16,78,FWD,E5,E6,E7,E8,8.422000,276.829000,OK
8,14,adjacent,400,30,16,79,REV,E6,E5,E7,E8,22.547000,275.871000,OK
8,14,adjacent,400,30,16,80,FWD,E5,E6,E8,E9,36.766000,278.186000,OK
8,14,adjacent,400,30,16,81,REV,E6,E5,E8,E9,46.617000,274.116000,OK
8,14,adjacent,400,30,16,82,FWD,E5,E6,E9,E10,-29.828000,278.585000,OK
8,14,adjacent,400,30,16,83,REV,E6,E5,E9,E10,-23.227000,275.153000,OK
8,14,adjacent,400,30,16,84,FWD,E5,E6,E10,E11,22.891000,279.063000,OK
8,14,adjacent,400,30,16,85,REV,E6,E5,E10,E11,27.336000,275.313000,OK
8,14,adjacent,400,30,16,86,FWD,E5,E6,E11,E12,-5.023000,278.585000,OK
8,14,adjacent,400,30,16,87,REV,E6,E5,E11,E12,-1.492000,274.994000,OK
8,14,adjacent,400,30,16,88,FWD,E5,E6,E12,E1,-8.125000,279.143000,OK
8,14,adjacent,400,30,16,89,REV,E6,E5,E12,E1,-4.383000,274.754000,OK
8,14,adjacent,400,30,16,90,FWD,E6,E7,E1,E2,-14.930000,168.300000,OK
8,14,adjacent,400,30,16,91,REV,E7,E6,E1,E2,-11.156000,342.106000,OK
8,14,adjacent,400,30,16,92,FWD,E6,E7,E2,E3,29.172000,265.896000,OK
8,14,adjacent,400,30,16,93,REV,E7,E6,E2,E3,34.695000,304.520000,OK
8,14,adjacent,400,30,16,94,FWD,E6,E7,E3,E4,-3.648000,282.894000,OK
8,14,adjacent,400,30,16,95,REV,E7,E6,E3,E4,4.117000,296.460000,OK
8,14,adjacent,400,30,16,96,FWD,E6,E7,E4,E5,-1.617000,287.123000,OK
8,14,adjacent,400,30,16,97,REV,E7,E6,E4,E5,13.047000,294.146000,OK
8,14,adjacent,400,30,16,98,FWD,E6,E7,E8,E9,33.734000,289.438000,OK
8,14,adjacent,400,30,16,99,REV,E7,E6,E8,E9,52.703000,293.108000,OK
8,14,adjacent,400,30,16,100,FWD,E6,E7,E9,E10,-33.305000,290.635000,OK
8,14,adjacent,400,30,16,101,REV,E7,E6,E9,E10,-21.523000,291.592000,OK
8,14,adjacent,400,30,16,102,FWD,E6,E7,E10,E11,20.852000,290.395000,OK
8,14,adjacent,400,30,16,103,REV,E7,E6,E10,E11,27.906000,292.630000,OK
8,14,adjacent,400,30,16,104,FWD,E6,E7,E11,E12,-5.266000,291.113000,OK
8,14,adjacent,400,30,16,105,REV,E7,E6,E11,E12,-0.594000,292.630000,OK
8,14,adjacent,400,30,16,106,FWD,E6,E7,E12,E1,-10.898000,290.555000,OK
8,14,adjacent,400,30,16,107,REV,E7,E6,E12,E1,-6.672000,292.151000,OK
8,14,adjacent,400,30,16,108,FWD,E7,E8,E1,E2,-14.281000,137.337000,OK
8,14,adjacent,400,30,16,109,REV,E8,E7,E1,E2,-10.133000,319.602000,OK
8,14,adjacent,400,30,16,110,FWD,E7,E8,E2,E3,28.914000,242.674000,OK
8,14,adjacent,400,30,16,111,REV,E8,E7,E2,E3,33.977000,279.542000,OK
8,14,adjacent,400,30,16,112,FWD,E7,E8,E3,E4,-3.930000,259.193000,OK
8,14,adjacent,400,30,16,113,REV,E8,E7,E3,E4,1.422000,272.121000,OK
8,14,adjacent,400,30,16,114,FWD,E7,E8,E4,E5,-7.516000,263.422000,OK
8,14,adjacent,400,30,16,115,REV,E8,E7,E4,E5,-0.172000,269.567000,OK
8,14,adjacent,400,30,16,116,FWD,E7,E8,E5,E6,-36.859000,264.620000,OK
8,14,adjacent,400,30,16,117,REV,E8,E7,E5,E6,-23.875000,269.168000,OK
8,14,adjacent,400,30,16,118,FWD,E7,E8,E9,E10,-41.414000,266.216000,OK
8,14,adjacent,400,30,16,119,REV,E8,E7,E9,E10,-14.492000,268.769000,OK
8,14,adjacent,400,30,16,120,FWD,E7,E8,E10,E11,16.969000,266.295000,OK
8,14,adjacent,400,30,16,121,REV,E8,E7,E10,E11,30.641000,267.652000,OK
8,14,adjacent,400,30,16,122,FWD,E7,E8,E11,E12,-6.375000,266.854000,OK
8,14,adjacent,400,30,16,123,REV,E8,E7,E11,E12,1.258000,268.689000,OK
8,14,adjacent,400,30,16,124,FWD,E7,E8,E12,E1,-13.891000,266.615000,OK
8,14,adjacent,400,30,16,125,REV,E8,E7,E12,E1,-8.203000,268.610000,OK
8,14,adjacent,400,30,16,126,FWD,E8,E9,E1,E2,-13.203000,101.187000,OK
8,14,adjacent,400,30,16,127,REV,E9,E8,E1,E2,-9.000000,282.894000,OK
8,14,adjacent,400,30,16,128,FWD,E8,E9,E2,E3,29.062000,211.313000,OK
8,14,adjacent,400,30,16,129,REV,E9,E8,E2,E3,34.039000,247.303000,OK
8,14,adjacent,400,30,16,130,FWD,E8,E9,E3,E4,-4.125000,226.156000,OK
8,14,adjacent,400,30,16,131,REV,E9,E8,E3,E4,0.648000,240.599000,OK
8,14,adjacent,400,30,16,132,FWD,E8,E9,E4,E5,-8.953000,230.305000,OK
8,14,adjacent,400,30,16,133,REV,E9,E8,E4,E5,-3.227000,239.163000,OK
8,14,adjacent,400,30,16,134,FWD,E8,E9,E5,E6,-39.453000,231.981000,OK
8,14,adjacent,400,30,16,135,REV,E9,E8,E5,E6,-31.602000,238.684000,OK
8,14,adjacent,400,30,16,136,FWD,E8,E9,E6,E7,6.727000,232.460000,OK
8,14,adjacent,400,30,16,137,REV,E9,E8,E6,E7,20.555000,238.365000,OK
8,14,adjacent,400,30,16,138,FWD,E8,E9,E10,E11,17.578000,233.417000,OK
8,14,adjacent,400,30,16,139,REV,E9,E8,E10,E11,39.320000,238.046000,OK
8,14,adjacent,400,30,16,140,FWD,E8,E9,E11,E12,-6.180000,233.497000,OK
8,14,adjacent,400,30,16,141,REV,E9,E8,E11,E12,3.133000,237.567000,OK
8,14,adjacent,400,30,16,142,FWD,E8,E9,E12,E1,-16.352000,233.976000,OK
8,14,adjacent,400,30,16,143,REV,E9,E8,E12,E1,-9.859000,237.966000,OK
8,14,adjacent,400,30,16,144,FWD,E9,E10,E1,E2,-12.320000,117.547000,OK
8,14,adjacent,400,30,16,145,REV,E10,E9,E1,E2,-8.578000,277.946000,OK
8,14,adjacent,400,30,16,146,FWD,E9,E10,E2,E3,29.664000,216.899000,OK
8,14,adjacent,400,30,16,147,REV,E10,E9,E2,E3,33.680000,247.223000,OK
8,14,adjacent,400,30,16,148,FWD,E9,E10,E3,E4,-3.766000,230.385000,OK
8,14,adjacent,400,30,16,149,REV,E10,E9,E3,E4,-0.109000,241.796000,OK
8,14,adjacent,400,30,16,150,FWD,E9,E10,E4,E5,-9.305000,234.136000,OK
8,14,adjacent,400,30,16,151,REV,E10,E9,E4,E5,-5.102000,239.243000,OK
8,14,adjacent,400,30,16,152,FWD,E9,E10,E5,E6,-40.266000,235.891000,OK
8,14,adjacent,400,30,16,153,REV,E10,E9,E5,E6,-34.727000,238.764000,OK
8,14,adjacent,400,30,16,154,FWD,E9,E10,E6,E7,4.586000,236.769000,OK
8,14,adjacent,400,30,16,155,REV,E10,E9,E6,E7,13.711000,238.445000,OK
8,14,adjacent,400,30,16,156,FWD,E9,E10,E7,E8,15.320000,236.689000,OK
8,14,adjacent,400,30,16,157,REV,E10,E9,E7,E8,38.430000,239.243000,OK
8,14,adjacent,400,30,16,158,FWD,E9,E10,E11,E12,1.414000,237.088000,OK
8,14,adjacent,400,30,16,159,REV,E10,E9,E11,E12,17.156000,238.445000,OK
8,14,adjacent,400,30,16,160,FWD,E9,E10,E12,E1,-17.891000,237.806000,OK
8,14,adjacent,400,30,16,161,REV,E10,E9,E12,E1,-11.734000,237.727000,OK
8,14,adjacent,400,30,16,162,FWD,E10,E11,E1,E2,-12.000000,140.050000,OK
8,14,adjacent,400,30,16,163,REV,E11,E10,E1,E2,-6.508000,293.906000,OK
8,14,adjacent,400,30,16,164,FWD,E10,E11,E2,E3,29.617000,232.779000,OK
8,14,adjacent,400,30,16,165,REV,E11,E10,E2,E3,34.297000,263.023000,OK
8,14,adjacent,400,30,16,166,FWD,E10,E11,E3,E4,-3.703000,245.627000,OK
8,14,adjacent,400,30,16,167,REV,E11,E10,E3,E4,-0.203000,257.517000,OK
8,14,adjacent,400,30,16,168,FWD,E10,E11,E4,E5,-9.625000,248.979000,OK
8,14,adjacent,400,30,16,169,REV,E11,E10,E4,E5,-6.141000,255.762000,OK
8,14,adjacent,400,30,16,170,FWD,E10,E11,E5,E6,-40.852000,250.734000,OK
8,14,adjacent,400,30,16,171,REV,E11,E10,E5,E6,-36.922000,254.485000,OK
8,14,adjacent,400,30,16,172,FWD,E10,E11,E6,E7,5.000000,251.373000,OK
8,14,adjacent,400,30,16,173,REV,E11,E10,E6,E7,10.813000,254.565000,OK
8,14,adjacent,400,30,16,174,FWD,E10,E11,E7,E8,15.164000,252.171000,OK
8,14,adjacent,400,30,16,175,REV,E11,E10,E7,E8,27.742000,255.363000,OK
8,14,adjacent,400,30,16,176,FWD,E10,E11,E8,E9,25.312000,251.931000,OK
8,14,adjacent,400,30,16,177,REV,E11,E10,E8,E9,47.500000,255.203000,OK
8,14,adjacent,400,30,16,178,FWD,E10,E11,E12,E1,-17.727000,252.490000,OK
8,14,adjacent,400,30,16,179,REV,E11,E10,E12,E1,-3.633000,254.964000,OK
8,14,adjacent,400,30,16,180,FWD,E11,E12,E1,E2,-12.289000,124.968000,OK
8,14,adjacent,400,30,16,181,REV,E12,E11,E1,E2,-2.266000,297.657000,OK
8,14,adjacent,400,30,16,182,FWD,E11,E12,E2,E3,29.000000,244.590000,OK
8,14,adjacent,400,30,16,183,REV,E12,E11,E2,E3,35.609000,267.572000,OK
8,14,adjacent,400,30,16,184,FWD,E11,E12,E3,E4,-3.945000,257.118000,OK
8,14,adjacent,400,30,16,185,REV,E12,E11,E3,E4,0.078000,263.023000,OK
8,14,adjacent,400,30,16,186,FWD,E11,E12,E4,E5,-9.953000,259.512000,OK
8,14,adjacent,400,30,16,187,REV,E12,E11,E4,E5,-6.617000,261.986000,OK
8,14,adjacent,400,30,16,188,FWD,E11,E12,E5,E6,-41.617000,261.427000,OK
8,14,adjacent,400,30,16,189,REV,E12,E11,E5,E6,-38.484000,261.348000,OK
8,14,adjacent,400,30,16,190,FWD,E11,E12,E6,E7,5.500000,262.225000,OK
8,14,adjacent,400,30,16,191,REV,E12,E11,E6,E7,9.391000,260.949000,OK
8,14,adjacent,400,30,16,192,FWD,E11,E12,E7,E8,15.750000,262.864000,OK
8,14,adjacent,400,30,16,193,REV,E12,E11,E7,E8,22.734000,261.587000,OK
8,14,adjacent,400,30,16,194,FWD,E11,E12,E8,E9,28.977000,262.624000,OK
8,14,adjacent,400,30,16,195,REV,E12,E11,E8,E9,39.063000,261.507000,OK
8,14,adjacent,400,30,16,196,FWD,E11,E12,E9,E10,-36.398000,262.545000,OK
8,14,adjacent,400,30,16,197,REV,E12,E11,E9,E10,-20.227000,261.986000,OK
8,14,adjacent,400,30,16,198,FWD,E12,E1,E2,E3,28.195000,134.225000,OK
8,14,adjacent,400,30,16,199,REV,E1,E12,E2,E3,40.711000,299.492000,OK
8,14,adjacent,400,30,16,200,FWD,E12,E1,E3,E4,-4.828000,242.116000,OK
8,14,adjacent,400,30,16,201,REV,E1,E12,E3,E4,1.391000,266.375000,OK
8,14,adjacent,400,30,16,202,FWD,E12,E1,E4,E5,-10.711000,254.724000,OK
8,14,adjacent,400,30,16,203,REV,E1,E12,E4,E5,-6.414000,262.305000,OK
8,14,adjacent,400,30,16,204,FWD,E12,E1,E5,E6,-42.695000,257.038000,OK
8,14,adjacent,400,30,16,205,REV,E1,E12,E5,E6,-39.328000,261.348000,OK
8,14,adjacent,400,30,16,206,FWD,E12,E1,E6,E7,5.539000,257.757000,OK
8,14,adjacent,400,30,16,207,REV,E1,E12,E6,E7,9.023000,260.550000,OK
8,14,adjacent,400,30,16,208,FWD,E12,E1,E7,E8,15.492000,258.634000,OK
8,14,adjacent,400,30,16,209,REV,E1,E12,E7,E8,20.680000,260.789000,OK
8,14,adjacent,400,30,16,210,FWD,E12,E1,E8,E9,30.789000,258.714000,OK
8,14,adjacent,400,30,16,211,REV,E1,E12,E8,E9,37.922000,259.672000,OK
8,14,adjacent,400,30,16,212,FWD,E12,E1,E9,E10,-25.922000,259.353000,OK
8,14,adjacent,400,30,16,213,REV,E1,E12,E9,E10,-19.406000,260.949000,OK
8,14,adjacent,400,30,16,214,FWD,E12,E1,E10,E11,31.516000,259.432000,OK
8,14,adjacent,400,30,16,215,REV,E1,E12,E10,E11,44.008000,260.949000,OK
9,15,adjacent,400,30,16,0,FWD,E1,E2,E3,E4,-4.633000,127.761000,OK
9,15,adjacent,400,30,16,1,REV,E2,E1,E3,E4,4.695000,307.552000,OK
9,15,adjacent,400,30,16,2,FWD,E1,E2,E4,E5,-11.469000,247.462000,OK
9,15,adjacent,400,30,16,3,REV,E2,E1,E4,E5,-5.625000,273.238000,OK
9,15,adjacent,400,30,16,4,FWD,E1,E2,E5,E6,-43.867000,261.747000,OK
9,15,adjacent,400,30,16,5,REV,E2,E1,E5,E6,-39.867000,267.732000,OK
9,15,adjacent,400,30,16,6,FWD,E1,E2,E6,E7,5.516000,265.497000,OK
9,15,adjacent,400,30,16,7,REV,E2,E1,E6,E7,9.000000,265.178000,OK
9,15,adjacent,400,30,16,8,FWD,E1,E2,E7,E8,15.156000,266.774000,OK
9,15,adjacent,400,30,16,9,REV,E2,E1,E7,E8,19.492000,264.460000,OK
9,15,adjacent,400,30,16,10,FWD,E1,E2,E8,E9,32.750000,267.572000,OK
9,15,adjacent,400,30,16,11,REV,E2,E1,E8,E9,38.352000,264.779000,OK
9,15,adjacent,400,30,16,12,FWD,E1,E2,E9,E10,-25.359000,267.253000,OK
9,15,adjacent,400,30,16,13,REV,E2,E1,E9,E10,-20.711000,265.497000,OK
9,15,adjacent,400,30,16,14,FWD,E1,E2,E10,E11,29.875000,267.732000,OK
9,15,adjacent,400,30,16,15,REV,E2,E1,E10,E11,35.867000,265.019000,OK
9,15,adjacent,400,30,16,16,FWD,E1,E2,E11,E12,-7.344000,268.290000,OK
9,15,adjacent,400,30,16,17,REV,E2,E1,E11,E12,4.445000,264.380000,OK
9,15,adjacent,400,30,16,18,FWD,E2,E3,E4,E5,-12.688000,130.873000,OK
9,15,adjacent,400,30,16,19,REV,E3,E2,E4,E5,-1.227000,308.590000,OK
9,15,adjacent,400,30,16,20,FWD,E2,E3,E5,E6,-45.766000,229.667000,OK
9,15,adjacent,400,30,16,21,REV,E3,E2,E5,E6,-39.305000,269.328000,OK
9,15,adjacent,400,30,16,22,FWD,E2,E3,E6,E7,4.945000,244.510000,OK
9,15,adjacent,400,30,16,23,REV,E3,E2,E6,E7,9.594000,261.667000,OK
9,15,adjacent,400,30,16,24,FWD,E2,E3,E7,E8,14.297000,248.819000,OK
9,15,adjacent,400,30,16,25,REV,E3,E2,E7,E8,19.070000,259.432000,OK
9,15,adjacent,400,30,16,26,FWD,E2,E3,E8,E9,34.016000,250.814000,OK
9,15,adjacent,400,30,16,27,REV,E3,E2,E8,E9,39.680000,257.677000,OK
9,15,adjacent,400,30,16,28,FWD,E2,E3,E9,E10,-25.937000,251.612000,OK
9,15,adjacent,400,30,16,29,REV,E3,E2,E9,E10,-21.633000,257.996000,OK
9,15,adjacent,400,30,16,30,FWD,E2,E3,E10,E11,27.211000,251.612000,OK
9,15,adjacent,400,30,16,31,REV,E3,E2,E10,E11,31.828000,257.677000,OK
9,15,adjacent,400,30,16,32,FWD,E2,E3,E11,E12,-6.805000,251.692000,OK
9,15,adjacent,400,30,16,33,REV,E3,E2,E11,E12,-0.016000,257.916000,OK
9,15,adjacent,400,30,16,34,FWD,E2,E3,E12,E1,-0.359000,252.011000,OK
9,15,adjacent,400,30,16,35,REV,E3,E2,E12,E1,13.578000,257.677000,OK
9,15,adjacent,400,30,16,36,FWD,E3,E4,E1,E2,13.008000,111.482000,OK
9,15,adjacent,400,30,16,37,REV,E4,E3,E1,E2,12.875000,287.682000,OK
9,15,adjacent,400,30,16,38,FWD,E3,E4,E5,E6,-48.719000,225.118000,OK
9,15,adjacent,400,30,16,39,REV,E4,E3,E5,E6,-35.523000,254.325000,OK
9,15,adjacent,400,30,16,40,FWD,E3,E4,E6,E7,4.266000,238.285000,OK
9,15,adjacent,400,30,16,41,REV,E4,E3,E6,E7,10.328000,249.138000,OK
9,15,adjacent,400,30,16,42,FWD,E3,E4,E7,E8,13.836000,242.116000,OK
9,15,adjacent,400,30,16,43,REV,E4,E3,E7,E8,18.492000,247.782000,OK
9,15,adjacent,400,30,16,44,FWD,E3,E4,E8,E9,36.000000,243.871000,OK
9,15,adjacent,400,30,16,45,REV,E4,E3,E8,E9,41.039000,247.143000,OK
9,15,adjacent,400,30,16,46,FWD,E3,E4,E9,E10,-26.492000,244.988000,OK
9,15,adjacent,400,30,16,47,REV,E4,E3,E9,E10,-22.875000,246.505000,OK
9,15,adjacent,400,30,16,48,FWD,E3,E4,E10,E11,25.781000,245.707000,OK
9,15,adjacent,400,30,16,49,REV,E4,E3,E10,E11,29.008000,246.744000,OK
9,15,adjacent,400,30,16,50,FWD,E3,E4,E11,E12,-5.445000,246.186000,OK
9,15,adjacent,400,30,16,51,REV,E4,E3,E11,E12,-1.633000,247.063000,OK
9,15,adjacent,400,30,16,52,FWD,E3,E4,E12,E1,-2.516000,245.068000,OK
9,15,adjacent,400,30,16,53,REV,E4,E3,E12,E1,3.258000,246.744000,OK
9,15,adjacent,400,30,16,54,FWD,E4,E5,E1,E2,-14.477000,127.921000,OK
9,15,adjacent,400,30,16,55,REV,E5,E4,E1,E2,-9.711000,302.126000,OK
9,15,adjacent,400,30,16,56,FWD,E4,E5,E2,E3,48.484000,239.323000,OK
9,15,adjacent,400,30,16,57,REV,E5,E4,E2,E3,56.570000,267.492000,OK
9,15,adjacent,400,30,16,58,FWD,E4,E5,E6,E7,0.859000,252.889000,OK
9,15,adjacent,400,30,16,59,REV,E5,E4,E6,E7,13.898000,262.784000,OK
9,15,adjacent,400,30,16,60,FWD,E4,E5,E7,E8,12.273000,256.240000,OK
9,15,adjacent,400,30,16,61,REV,E5,E4,E7,E8,19.141000,261.108000,OK
9,15,adjacent,400,30,16,62,FWD,E4,E5,E8,E9,36.906000,257.278000,OK
9,15,adjacent,400,30,16,63,REV,E5,E4,E8,E9,43.305000,260.550000,OK
9,15,adjacent,400,30,16,64,FWD,E4,E5,E9,E10,-27.852000,258.156000,OK
9,15,adjacent,400,30,16,65,REV,E5,E4,E9,E10,-23.437000,260.470000,OK
9,15,adjacent,400,30,16,66,FWD,E4,E5,E10,E11,24.320000,257.996000,OK
9,15,adjacent,400,30,16,67,REV,E5,E4,E10,E11,27.734000,260.230000,OK
9,15,adjacent,400,30,16,68,FWD,E4,E5,E11,E12,-4.961000,259.113000,OK
9,15,adjacent,400,30,16,69,REV,E5,E4,E11,E12,-1.641000,260.151000,OK
9,15,adjacent,400,30,16,70,FWD,E4,E5,E12,E1,-5.461000,259.113000,OK
9,15,adjacent,400,30,16,71,REV,E5,E4,E12,E1,-1.227000,259.752000,OK
9,15,adjacent,400,30,16,72,FWD,E5,E6,E1,E2,-15.711000,146.035000,OK
9,15,adjacent,400,30,16,73,REV,E6,E5,E1,E2,-11.938000,317.847000,OK
9,15,adjacent,400,30,16,74,FWD,E5,E6,E2,E3,30.625000,258.395000,OK
9,15,adjacent,400,30,16,75,REV,E6,E5,E2,E3,37.625000,284.410000,OK
9,15,adjacent,400,30,16,76,FWD,E5,E6,E3,E4,6.758000,273.398000,OK
9,15,adjacent,400,30,16,77,REV,E6,E5,E3,E4,19.469000,278.265000,OK
9,15,adjacent,400,30,16,78,FWD,E5,E6,E7,E8,8.367000,277.228000,OK
9,15,adjacent,400,30,16,79,REV,E6,E5,E7,E8,22.641000,276.510000,OK
9,15,adjacent,400,30,16,80,FWD,E5,E6,E8,E9,36.773000,278.664000,OK
9,15,adjacent,400,30,16,81,REV,E6,E5,E8,E9,46.664000,275.871000,OK
9,15,adjacent,400,30,16,82,FWD,E5,E6,E9,E10,-29.844000,278.904000,OK
9,15,adjacent,400,30,16,83,REV,E6,E5,E9,E10,-23.242000,275.712000,OK
9,15,adjacent,400,30,16,84,FWD,E5,E6,E10,E11,22.867000,278.984000,OK
9,15,adjacent,400,30,16,85,REV,E6,E5,E10,E11,27.312000,275.632000,OK
9,15,adjacent,400,30,16,86,FWD,E5,E6,E11,E12,-4.773000,280.021000,OK
9,15,adjacent,400,30,16,87,REV,E6,E5,E11,E12,-1.180000,275.792000,OK
9,15,adjacent,400,30,16,88,FWD,E5,E6,E12,E1,-8.125000,280.101000,OK
9,15,adjacent,400,30,16,89,REV,E6,E5,E12,E1,-4.375000,275.313000,OK
9,15,adjacent,400,30,16,90,FWD,E6,E7,E1,E2,-15.430000,168.779000,OK
9,15,adjacent,400,30,16,91,REV,E7,E6,E1,E2,-11.703000,343.463000,OK
9,15,adjacent,400,30,16,92,FWD,E6,E7,E2,E3,29.242000,267.014000,OK
9,15,adjacent,400,30,16,93,REV,E7,E6,E2,E3,34.773000,305.877000,OK
9,15,adjacent,400,30,16,94,FWD,E6,E7,E3,E4,-3.367000,283.293000,OK
9,15,adjacent,400,30,16,95,REV,E7,E6,E3,E4,4.406000,296.939000,OK
9,15,adjacent,400,30,16,96,FWD,E6,E7,E4,E5,-1.680000,288.320000,OK
9,15,adjacent,400,30,16,97,REV,E7,E6,E4,E5,13.031000,294.305000,OK
9,15,adjacent,400,30,16,98,FWD,E6,E7,E8,E9,33.750000,290.475000,OK
9,15,adjacent,400,30,16,99,REV,E7,E6,E8,E9,52.875000,293.268000,OK
9,15,adjacent,400,30,16,100,FWD,E6,E7,E9,E10,-33.367000,291.034000,OK
9,15,adjacent,400,30,16,101,REV,E7,E6,E9,E10,-21.516000,293.029000,OK
9,15,adjacent,400,30,16,102,FWD,E6,E7,E10,E11,20.828000,291.672000,OK
9,15,adjacent,400,30,16,103,REV,E7,E6,E10,E11,27.867000,293.587000,OK
9,15,adjacent,400,30,16,104,FWD,E6,E7,E11,E12,-4.992000,291.193000,OK
9,15,adjacent,400,30,16,105,REV,E7,E6,E11,E12,-0.312000,293.108000,OK
9,15,adjacent,400,30,16,106,FWD,E6,E7,E12,E1,-10.844000,291.353000,OK
9,15,adjacent,400,30,16,107,REV,E7,E6,E12,E1,-6.687000,293.507000,OK
9,15,adjacent,400,30,16,108,FWD,E7,E8,E1,E2,-14.758000,138.295000,OK
9,15,adjacent,400,30,16,109,REV,E8,E7,E1,E2,-10.578000,320.081000,OK
9,15,adjacent,400,30,16,110,FWD,E7,E8,E2,E3,28.984000,243.632000,OK
9,15,adjacent,400,30,16,111,REV,E8,E7,E2,E3,34.039000,281.138000,OK
9,15,adjacent,400,30,16,112,FWD,E7,E8,E3,E4,-3.719000,260.151000,OK
9,15,adjacent,400,30,16,113,REV,E8,E7,E3,E4,1.648000,273.318000,OK
9,15,adjacent,400,30,16,114,FWD,E7,E8,E4,E5,-7.625000,263.901000,OK
9,15,adjacent,400,30,16,115,REV,E8,E7,E4,E5,-0.234000,271.004000,OK
9,15,adjacent,400,30,16,116,FWD,E7,E8,E5,E6,-36.844000,265.976000,OK
9,15,adjacent,400,30,16,117,REV,E8,E7,E5,E6,-23.867000,270.285000,OK
9,15,adjacent,400,30,16,118,FWD,E7,E8,E9,E10,-41.414000,266.934000,OK
9,15,adjacent,400,30,16,119,REV,E8,E7,E9,E10,-14.414000,269.168000,OK
9,15,adjacent,400,30,16,120,FWD,E7,E8,E10,E11,16.914000,267.014000,OK
9,15,adjacent,400,30,16,121,REV,E8,E7,E10,E11,30.656000,269.727000,OK
9,15,adjacent,400,30,16,122,FWD,E7,E8,E11,E12,-6.102000,267.333000,OK
9,15,adjacent,400,30,16,123,REV,E8,E7,E11,E12,1.531000,269.487000,OK
9,15,adjacent,400,30,16,124,FWD,E7,E8,E12,E1,-13.906000,267.492000,OK
9,15,adjacent,400,30,16,125,REV,E8,E7,E12,E1,-8.180000,269.248000,OK
9,15,adjacent,400,30,16,126,FWD,E8,E9,E1,E2,-13.742000,102.305000,OK
9,15,adjacent,400,30,16,127,REV,E9,E8,E1,E2,-9.469000,283.373000,OK
9,15,adjacent,400,30,16,128,FWD,E8,E9,E2,E3,29.117000,212.190000,OK
9,15,adjacent,400,30,16,129,REV,E9,E8,E2,E3,34.094000,248.181000,OK
9,15,adjacent,400,30,16,130,FWD,E8,E9,E3,E4,-3.898000,227.432000,OK
9,15,adjacent,400,30,16,131,REV,E9,E8,E3,E4,0.883000,241.956000,OK
9,15,adjacent,400,30,16,132,FWD,E8,E9,E4,E5,-9.055000,231.023000,OK
9,15,adjacent,400,30,16,133,REV,E9,E8,E4,E5,-3.305000,239.801000,OK
9,15,adjacent,400,30,16,134,FWD,E8,E9,E5,E6,-39.391000,232.619000,OK
9,15,adjacent,400,30,16,135,REV,E9,E8,E5,E6,-31.469000,239.323000,OK
9,15,adjacent,400,30,16,136,FWD,E8,E9,E6,E7,6.641000,233.976000,OK
9,15,adjacent,400,30,16,137,REV,E9,E8,E6,E7,20.492000,238.525000,OK
9,15,adjacent,400,30,16,138,FWD,E8,E9,E10,E11,17.578000,234.136000,OK
9,15,adjacent,400,30,16,139,REV,E9,E8,E10,E11,39.352000,238.684000,OK
9,15,adjacent,400,30,16,140,FWD,E8,E9,E11,E12,-5.937000,234.295000,OK
9,15,adjacent,400,30,16,141,REV,E9,E8,E11,E12,3.414000,239.003000,OK
9,15,adjacent,400,30,16,142,FWD,E8,E9,E12,E1,-16.180000,235.013000,OK
9,15,adjacent,400,30,16,143,REV,E9,E8,E12,E1,-9.633000,239.083000,OK
9,15,adjacent,400,30,16,144,FWD,E9,E10,E1,E2,-12.930000,117.467000,OK
9,15,adjacent,400,30,16,145,REV,E10,E9,E1,E2,-9.180000,278.505000,OK
9,15,adjacent,400,30,16,146,FWD,E9,E10,E2,E3,29.695000,217.936000,OK
9,15,adjacent,400,30,16,147,REV,E10,E9,E2,E3,33.758000,247.622000,OK
9,15,adjacent,400,30,16,148,FWD,E9,E10,E3,E4,-3.570000,231.023000,OK
9,15,adjacent,400,30,16,149,REV,E10,E9,E3,E4,0.133000,242.435000,OK
9,15,adjacent,400,30,16,150,FWD,E9,E10,E4,E5,-9.398000,234.455000,OK
9,15,adjacent,400,30,16,151,REV,E10,E9,E4,E5,-5.164000,240.679000,OK
9,15,adjacent,400,30,16,152,FWD,E9,E10,E5,E6,-40.094000,236.370000,OK
9,15,adjacent,400,30,16,153,REV,E10,E9,E5,E6,-34.539000,239.642000,OK
9,15,adjacent,400,30,16,154,FWD,E9,E10,E6,E7,4.398000,237.248000,OK
9,15,adjacent,400,30,16,155,REV,E10,E9,E6,E7,13.563000,239.402000,OK
9,15,adjacent,400,30,16,156,FWD,E9,E10,E7,E8,15.195000,238.205000,OK
9,15,adjacent,400,30,16,157,REV,E10,E9,E7,E8,38.328000,239.003000,OK
9,15,adjacent,400,30,16,158,FWD,E9,E10,E11,E12,1.742000,237.647000,OK
9,15,adjacent,400,30,16,159,REV,E10,E9,E11,E12,17.453000,239.402000,OK
9,15,adjacent,400,30,16,160,FWD,E9,E10,E12,E1,-17.687000,238.126000,OK
9,15,adjacent,400,30,16,161,REV,E10,E9,E12,E1,-11.453000,239.801000,OK
9,15,adjacent,400,30,16,162,FWD,E10,E11,E1,E2,-12.586000,140.848000,OK
9,15,adjacent,400,30,16,163,REV,E11,E10,E1,E2,-7.070000,294.465000,OK
9,15,adjacent,400,30,16,164,FWD,E10,E11,E2,E3,29.648000,233.497000,OK
9,15,adjacent,400,30,16,165,REV,E11,E10,E2,E3,34.359000,263.821000,OK
9,15,adjacent,400,30,16,166,FWD,E10,E11,E3,E4,-3.547000,247.223000,OK
9,15,adjacent,400,30,16,167,REV,E11,E10,E3,E4,-0.016000,258.156000,OK
9,15,adjacent,400,30,16,168,FWD,E10,E11,E4,E5,-9.664000,249.856000,OK
9,15,adjacent,400,30,16,169,REV,E11,E10,E4,E5,-6.187000,256.879000,OK
9,15,adjacent,400,30,16,170,FWD,E10,E11,E5,E6,-40.711000,251.213000,OK
9,15,adjacent,400,30,16,171,REV,E11,E10,E5,E6,-36.727000,256.240000,OK
9,15,adjacent,400,30,16,172,FWD,E10,E11,E6,E7,4.867000,252.250000,OK
9,15,adjacent,400,30,16,173,REV,E11,E10,E6,E7,10.625000,255.682000,OK
9,15,adjacent,400,30,16,174,FWD,E10,E11,E7,E8,15.078000,252.809000,OK
9,15,adjacent,400,30,16,175,REV,E11,E10,E7,E8,27.703000,255.762000,OK
9,15,adjacent,400,30,16,176,FWD,E10,E11,E8,E9,25.273000,253.447000,OK
9,15,adjacent,400,30,16,177,REV,E11,E10,E8,E9,47.641000,255.921000,OK
9,15,adjacent,400,30,16,178,FWD,E10,E11,E12,E1,-17.508000,253.527000,OK
9,15,adjacent,400,30,16,179,REV,E11,E10,E12,E1,-3.516000,255.762000,OK
9,15,adjacent,400,30,16,180,FWD,E11,E12,E1,E2,-12.828000,125.048000,OK
9,15,adjacent,400,30,16,181,REV,E12,E11,E1,E2,-2.844000,300.610000,OK
9,15,adjacent,400,30,16,182,FWD,E11,E12,E2,E3,29.047000,245.866000,OK
9,15,adjacent,400,30,16,183,REV,E12,E11,E2,E3,35.703000,268.370000,OK
9,15,adjacent,400,30,16,184,FWD,E11,E12,E3,E4,-3.750000,258.874000,OK
9,15,adjacent,400,30,16,185,REV,E12,E11,E3,E4,0.289000,263.981000,OK
9,15,adjacent,400,30,16,186,FWD,E11,E12,E4,E5,-10.031000,261.667000,OK
9,15,adjacent,400,30,16,187,REV,E12,E11,E4,E5,-6.719000,263.103000,OK
9,15,adjacent,400,30,16,188,FWD,E11,E12,E5,E6,-41.469000,262.066000,OK
9,15,adjacent,400,30,16,189,REV,E12,E11,E5,E6,-38.406000,262.465000,OK
9,15,adjacent,400,30,16,190,FWD,E11,E12,E6,E7,5.367000,263.023000,OK
9,15,adjacent,400,30,16,191,REV,E12,E11,E6,E7,9.219000,262.864000,OK
9,15,adjacent,400,30,16,192,FWD,E11,E12,E7,E8,15.680000,263.901000,OK
9,15,adjacent,400,30,16,193,REV,E12,E11,E7,E8,22.687000,262.465000,OK
9,15,adjacent,400,30,16,194,FWD,E11,E12,E8,E9,28.984000,263.742000,OK
9,15,adjacent,400,30,16,195,REV,E12,E11,E8,E9,39.164000,262.784000,OK
9,15,adjacent,400,30,16,196,FWD,E11,E12,E9,E10,-36.453000,264.300000,OK
9,15,adjacent,400,30,16,197,REV,E12,E11,E9,E10,-20.055000,263.103000,OK
9,15,adjacent,400,30,16,198,FWD,E12,E1,E2,E3,28.258000,134.464000,OK
9,15,adjacent,400,30,16,199,REV,E1,E12,E2,E3,40.789000,301.647000,OK
9,15,adjacent,400,30,16,200,FWD,E12,E1,E3,E4,-4.656000,243.153000,OK
9,15,adjacent,400,30,16,201,REV,E1,E12,E3,E4,1.555000,268.689000,OK
9,15,adjacent,400,30,16,202,FWD,E12,E1,E4,E5,-10.789000,255.442000,OK
9,15,adjacent,400,30,16,203,REV,E1,E12,E4,E5,-6.461000,263.023000,OK
9,15,adjacent,400,30,16,204,FWD,E12,E1,E5,E6,-42.609000,258.395000,OK
9,15,adjacent,400,30,16,205,REV,E1,E12,E5,E6,-39.188000,261.826000,OK
9,15,adjacent,400,30,16,206,FWD,E12,E1,E6,E7,5.344000,259.033000,OK
9,15,adjacent,400,30,16,207,REV,E1,E12,E6,E7,8.922000,261.587000,OK
9,15,adjacent,400,30,16,208,FWD,E12,E1,E7,E8,15.398000,259.512000,OK
9,15,adjacent,400,30,16,209,REV,E1,E12,E7,E8,20.680000,262.146000,OK
9,15,adjacent,400,30,16,210,FWD,E12,E1,E8,E9,30.789000,260.071000,OK
9,15,adjacent,400,30,16,211,REV,E1,E12,E8,E9,37.938000,261.427000,OK
9,15,adjacent,400,30,16,212,FWD,E12,E1,E9,E10,-25.844000,260.390000,OK
9,15,adjacent,400,30,16,213,REV,E1,E12,E9,E10,-19.367000,261.747000,OK
9,15,adjacent,400,30,16,214,FWD,E12,E1,E10,E11,31.789000,260.550000,OK
9,15,adjacent,400,30,16,215,REV,E1,E12,E10,E11,44.250000,261.667000,OK
