frame_index,frame_id,pattern,dac_code,settle_ms,sample_count,record_index,polarity,i_plus,i_minus,v_plus,v_minus,voltage_mv,current_ua,quality
0,6,adjacent,620,30,32,0,FWD,E1,E2,E3,E4,19.449000,411.493000,OK
0,6,adjacent,620,30,32,1,REV,E2,E1,E3,E4,32.688000,468.112000,OK
0,6,adjacent,620,30,32,2,FWD,E1,E2,E4,E5,-378.328000,440.102000,OK
0,6,adjacent,620,30,32,3,REV,E2,E1,E4,E5,-372.117000,458.456000,OK
0,6,adjacent,620,30,32,4,FWD,E1,E2,E5,E6,-20.031000,444.331000,OK
0,6,adjacent,620,30,32,5,REV,E2,E1,E5,E6,-15.543000,455.024000,OK
0,6,adjacent,620,30,32,6,FWD,E1,E2,E6,E7,-4.867000,446.845000,OK
0,6,adjacent,620,30,32,7,REV,E2,E1,E6,E7,-2.438000,453.947000,OK
0,6,adjacent,620,30,32,8,FWD,E1,E2,E7,E8,-10.098000,446.964000,OK
0,6,adjacent,620,30,32,9,REV,E2,E1,E7,E8,-8.156000,453.069000,OK
0,6,adjacent,620,30,32,10,FWD,E1,E2,E8,E9,10.676000,447.204000,OK
0,6,adjacent,620,30,32,11,REV,E2,E1,E8,E9,13.609000,452.590000,OK
0,6,adjacent,620,30,32,12,FWD,E1,E2,E9,E10,1.164000,447.842000,OK
0,6,adjacent,620,30,32,13,REV,E2,E1,E9,E10,4.004000,451.832000,OK
0,6,adjacent,620,30,32,14,FWD,E1,E2,E10,E11,-9.133000,448.281000,OK
0,6,adjacent,620,30,32,15,REV,E2,E1,E10,E11,-4.520000,452.590000,OK
0,6,adjacent,620,30,32,16,FWD,E1,E2,E11,E12,9.777000,448.042000,OK
0,6,adjacent,620,30,32,17,REV,E2,E1,E11,E12,20.461000,451.952000,OK
0,6,adjacent,620,30,32,18,FWD,E2,E3,E4,E5,-380.109000,180.549000,OK
0,6,adjacent,620,30,32,19,REV,E3,E2,E4,E5,-362.906000,630.267000,OK
0,6,adjacent,620,30,32,20,FWD,E2,E3,E5,E6,-19.578000,224.839000,OK
0,6,adjacent,620,30,32,21,REV,E3,E2,E5,E6,-11.781000,617.459000,OK
0,6,adjacent,620,30,32,22,FWD,E2,E3,E6,E7,-4.496000,234.455000,OK
0,6,adjacent,620,30,32,23,REV,E3,E2,E6,E7,-1.328000,611.713000,OK
0,6,adjacent,620,30,32,24,FWD,E2,E3,E7,E8,-9.695000,238.764000,OK
0,6,adjacent,620,30,32,25,REV,E3,E2,E7,E8,-7.762000,608.920000,OK
0,6,adjacent,620,30,32,26,FWD,E2,E3,E8,E9,11.430000,242.555000,OK
0,6,adjacent,620,30,32,27,REV,E3,E2,E8,E9,13.688000,605.928000,OK
0,6,adjacent,620,30,32,28,FWD,E2,E3,E9,E10,1.996000,244.749000,OK
0,6,adjacent,620,30,32,29,REV,E3,E2,E9,E10,3.637000,603.254000,OK
0,6,adjacent,620,30,32,30,FWD,E2,E3,E10,E11,-7.598000,246.824000,OK
0,6,adjacent,620,30,32,31,REV,E3,E2,E10,E11,-5.504000,601.898000,OK
0,6,adjacent,620,30,32,32,FWD,E2,E3,E11,E12,13.402000,248.939000,OK
0,6,adjacent,620,30,32,33,REV,E3,E2,E11,E12,16.980000,600.381000,OK
0,6,adjacent,620,30,32,34,FWD,E2,E3,E12,E1,5.051000,251.093000,OK
0,6,adjacent,620,30,32,35,REV,E3,E2,E12,E1,13.465000,598.666000,OK
0,6,adjacent,620,30,32,36,FWD,E3,E4,E1,E2,51.898000,240.520000,OK
0,6,adjacent,620,30,32,37,REV,E4,E3,E1,E2,46.887000,301.128000,OK
0,6,adjacent,620,30,32,38,FWD,E3,E4,E5,E6,-23.406000,272.360000,OK
0,6,adjacent,620,30,32,39,REV,E4,E3,E5,E6,-11.105000,295.303000,OK
0,6,adjacent,620,30,32,40,FWD,E3,E4,E6,E7,-5.441000,276.191000,OK
0,6,adjacent,620,30,32,41,REV,E4,E3,E6,E7,-1.781000,294.625000,OK
0,6,adjacent,620,30,32,42,FWD,E3,E4,E7,E8,-10.113000,278.505000,OK
0,6,adjacent,620,30,32,43,REV,E4,E3,E7,E8,-8.293000,294.226000,OK
0,6,adjacent,620,30,32,44,FWD,E3,E4,E8,E9,11.125000,279.103000,OK
0,6,adjacent,620,30,32,45,REV,E4,E3,E8,E9,12.859000,294.226000,OK
0,6,adjacent,620,30,32,46,FWD,E3,E4,E9,E10,1.875000,279.822000,OK
0,6,adjacent,620,30,32,47,REV,E4,E3,E9,E10,2.852000,294.465000,OK
0,6,adjacent,620,30,32,48,FWD,E3,E4,E10,E11,-7.621000,280.779000,OK
0,6,adjacent,620,30,32,49,REV,E4,E3,E10,E11,-6.598000,294.984000,OK
0,6,adjacent,620,30,32,50,FWD,E3,E4,E11,E12,13.445000,280.739000,OK
0,6,adjacent,620,30,32,51,REV,E4,E3,E11,E12,14.836000,294.345000,OK
0,6,adjacent,620,30,32,52,FWD,E3,E4,E12,E1,4.262000,280.859000,OK
0,6,adjacent,620,30,32,53,REV,E4,E3,E12,E1,6.559000,294.305000,OK
0,6,adjacent,620,30,32,54,FWD,E4,E5,E1,E2,4.488000,402.316000,OK
0,6,adjacent,620,30,32,55,REV,E5,E4,E1,E2,8.348000,167.143000,OK
0,6,adjacent,620,30,32,56,FWD,E4,E5,E2,E3,344.375000,408.979000,OK
0,6,adjacent,620,30,32,57,REV,E5,E4,E2,E3,354.508000,169.736000,OK
0,6,adjacent,620,30,32,58,FWD,E4,E5,E6,E7,-9.195000,406.386000,OK
0,6,adjacent,620,30,32,59,REV,E5,E4,E6,E7,-1.590000,172.489000,OK
0,6,adjacent,620,30,32,60,FWD,E4,E5,E7,E8,-11.621000,404.750000,OK
0,6,adjacent,620,30,32,61,REV,E5,E4,E7,E8,-8.371000,174.804000,OK
0,6,adjacent,620,30,32,62,FWD,E4,E5,E8,E9,10.012000,402.795000,OK
0,6,adjacent,620,30,32,63,REV,E5,E4,E8,E9,12.707000,176.440000,OK
0,6,adjacent,620,30,32,64,FWD,E4,E5,E9,E10,1.359000,401.837000,OK
0,6,adjacent,620,30,32,65,REV,E5,E4,E9,E10,2.656000,178.554000,OK
0,6,adjacent,620,30,32,66,FWD,E4,E5,E10,E11,-7.977000,401.438000,OK
0,6,adjacent,620,30,32,67,REV,E5,E4,E10,E11,-6.848000,179.552000,OK
0,6,adjacent,620,30,32,68,FWD,E4,E5,E11,E12,13.129000,400.520000,OK
0,6,adjacent,620,30,32,69,REV,E5,E4,E11,E12,14.398000,180.071000,OK
0,6,adjacent,620,30,32,70,FWD,E4,E5,E12,E1,3.313000,400.002000,OK
0,6,adjacent,620,30,32,71,REV,E5,E4,E12,E1,5.094000,181.786000,OK
0,6,adjacent,620,30,32,72,FWD,E5,E6,E1,E2,0.520000,445.847000,OK
0,6,adjacent,620,30,32,73,REV,E6,E5,E1,E2,4.754000,416.161000,OK
0,6,adjacent,620,30,32,74,FWD,E5,E6,E2,E3,346.508000,459.254000,OK
0,6,adjacent,620,30,32,75,REV,E6,E5,E2,E3,355.047000,415.722000,OK
0,6,adjacent,620,30,32,76,FWD,E5,E6,E3,E4,9.063000,457.737000,OK
0,6,adjacent,620,30,32,77,REV,E6,E5,E3,E4,29.801000,417.278000,OK
0,6,adjacent,620,30,32,78,FWD,E5,E6,E7,E8,-15.395000,457.219000,OK
0,6,adjacent,620,30,32,79,REV,E6,E5,E7,E8,-3.703000,419.034000,OK
0,6,adjacent,620,30,32,80,FWD,E5,E6,E8,E9,7.723000,456.301000,OK
0,6,adjacent,620,30,32,81,REV,E6,E5,E8,E9,15.719000,418.954000,OK
0,6,adjacent,620,30,32,82,FWD,E5,E6,E9,E10,0.617000,455.264000,OK
0,6,adjacent,620,30,32,83,REV,E6,E5,E9,E10,3.754000,420.351000,OK
0,6,adjacent,620,30,32,84,FWD,E5,E6,E10,E11,-8.328000,454.944000,OK
0,6,adjacent,620,30,32,85,REV,E6,E5,E10,E11,-6.109000,420.790000,OK
0,6,adjacent,620,30,32,86,FWD,E5,E6,E11,E12,12.910000,454.146000,OK
0,6,adjacent,620,30,32,87,REV,E6,E5,E11,E12,14.938000,420.590000,OK
0,6,adjacent,620,30,32,88,FWD,E5,E6,E12,E1,2.973000,452.750000,OK
0,6,adjacent,620,30,32,89,REV,E6,E5,E12,E1,5.285000,420.590000,OK
0,6,adjacent,620,30,32,90,FWD,E6,E7,E1,E2,-0.062000,486.506000,OK
0,6,adjacent,620,30,32,91,REV,E7,E6,E1,E2,2.645000,526.406000,OK
0,6,adjacent,620,30,32,92,FWD,E6,E7,E2,E3,351.250000,512.481000,OK
0,6,adjacent,620,30,32,93,REV,E7,E6,E2,E3,354.992000,519.384000,OK
0,6,adjacent,620,30,32,94,FWD,E6,E7,E3,E4,19.945000,516.112000,OK
0,6,adjacent,620,30,32,95,REV,E7,E6,E3,E4,26.586000,517.109000,OK
0,6,adjacent,620,30,32,96,FWD,E6,E7,E4,E5,-363.703000,517.788000,OK
0,6,adjacent,620,30,32,97,REV,E7,E6,E4,E5,-350.187000,516.112000,OK
0,6,adjacent,620,30,32,98,FWD,E6,E7,E8,E9,2.141000,517.987000,OK
0,6,adjacent,620,30,32,99,REV,E7,E6,E8,E9,21.535000,515.832000,OK
0,6,adjacent,620,30,32,100,FWD,E6,E7,E9,E10,-0.699000,518.386000,OK
0,6,adjacent,620,30,32,101,REV,E7,E6,E9,E10,5.230000,515.433000,OK
0,6,adjacent,620,30,32,102,FWD,E6,E7,E10,E11,-8.836000,517.947000,OK
0,6,adjacent,620,30,32,103,REV,E7,E6,E10,E11,-5.512000,514.915000,OK
0,6,adjacent,620,30,32,104,FWD,E6,E7,E11,E12,12.758000,518.825000,OK
0,6,adjacent,620,30,32,105,REV,E7,E6,E11,E12,15.070000,515.753000,OK
0,6,adjacent,620,30,32,106,FWD,E6,E7,E12,E1,2.918000,518.187000,OK
0,6,adjacent,620,30,32,107,REV,E7,E6,E12,E1,4.977000,514.995000,OK
0,6,adjacent,620,30,32,108,FWD,E7,E8,E1,E2,-0.398000,455.742000,OK
0,6,adjacent,620,30,32,109,REV,E8,E7,E1,E2,1.699000,498.755000,OK
0,6,adjacent,620,30,32,110,FWD,E7,E8,E2,E3,352.977000,485.388000,OK
0,6,adjacent,620,30,32,111,REV,E8,E7,E2,E3,354.734000,489.777000,OK
0,6,adjacent,620,30,32,112,FWD,E7,E8,E3,E4,23.320000,490.496000,OK
0,6,adjacent,620,30,32,113,REV,E8,E7,E3,E4,25.828000,487.623000,OK
0,6,adjacent,620,30,32,114,FWD,E7,E8,E4,E5,-369.555000,491.453000,OK
0,6,adjacent,620,30,32,115,REV,E8,E7,E4,E5,-362.789000,485.748000,OK
0,6,adjacent,620,30,32,116,FWD,E7,E8,E5,E6,-27.215000,492.092000,OK
0,6,adjacent,620,30,32,117,REV,E8,E7,E5,E6,-14.172000,485.947000,OK
0,6,adjacent,620,30,32,118,FWD,E7,E8,E9,E10,-2.969000,492.411000,OK
0,6,adjacent,620,30,32,119,REV,E8,E7,E9,E10,7.367000,485.349000,OK
0,6,adjacent,620,30,32,120,FWD,E7,E8,E10,E11,-9.609000,492.451000,OK
0,6,adjacent,620,30,32,121,REV,E8,E7,E10,E11,-4.781000,485.269000,OK
0,6,adjacent,620,30,32,122,FWD,E7,E8,E11,E12,12.488000,492.930000,OK
0,6,adjacent,620,30,32,123,REV,E8,E7,E11,E12,15.266000,485.748000,OK
0,6,adjacent,620,30,32,124,FWD,E7,E8,E12,E1,2.773000,493.568000,OK
0,6,adjacent,620,30,32,125,REV,E8,E7,E12,E1,4.750000,485.229000,OK
0,6,adjacent,620,30,32,126,FWD,E8,E9,E1,E2,-1.039000,399.363000,OK
0,6,adjacent,620,30,32,127,REV,E9,E8,E1,E2,1.793000,466.555000,OK
0,6,adjacent,620,30,32,128,FWD,E8,E9,E2,E3,353.461000,429.408000,OK
0,6,adjacent,620,30,32,129,REV,E9,E8,E2,E3,355.727000,457.059000,OK
0,6,adjacent,620,30,32,130,FWD,E8,E9,E3,E4,24.461000,433.558000,OK
0,6,adjacent,620,30,32,131,REV,E9,E8,E3,E4,27.062000,454.506000,OK
0,6,adjacent,620,30,32,132,FWD,E8,E9,E4,E5,-372.344000,435.712000,OK
0,6,adjacent,620,30,32,133,REV,E9,E8,E4,E5,-367.781000,453.428000,OK
0,6,adjacent,620,30,32,134,FWD,E8,E9,E5,E6,-24.246000,437.269000,OK
0,6,adjacent,620,30,32,135,REV,E9,E8,E5,E6,-16.059000,453.149000,OK
0,6,adjacent,620,30,32,136,FWD,E8,E9,E6,E7,-10.387000,437.189000,OK
0,6,adjacent,620,30,32,137,REV,E9,E8,E6,E7,5.980000,452.072000,OK
0,6,adjacent,620,30,32,138,FWD,E8,E9,E10,E11,-13.984000,437.987000,OK
0,6,adjacent,620,30,32,139,REV,E9,E8,E10,E11,-0.172000,452.231000,OK
0,6,adjacent,620,30,32,140,FWD,E8,E9,E11,E12,10.938000,437.747000,OK
0,6,adjacent,620,30,32,141,REV,E9,E8,E11,E12,16.910000,452.471000,OK
0,6,adjacent,620,30,32,142,FWD,E8,E9,E12,E1,1.926000,438.027000,OK
0,6,adjacent,620,30,32,143,REV,E9,E8,E12,E1,5.402000,452.032000,OK
0,6,adjacent,620,30,32,144,FWD,E9,E10,E1,E2,-1.242000,412.211000,OK
0,6,adjacent,620,30,32,145,REV,E10,E9,E1,E2,1.578000,464.560000,OK
0,6,adjacent,620,30,32,146,FWD,E9,E10,E2,E3,353.516000,440.580000,OK
0,6,adjacent,620,30,32,147,REV,E10,E9,E2,E3,355.281000,455.423000,OK
0,6,adjacent,620,30,32,148,FWD,E9,E10,E3,E4,25.824000,443.932000,OK
0,6,adjacent,620,30,32,149,REV,E10,E9,E3,E4,27.520000,453.588000,OK
0,6,adjacent,620,30,32,150,FWD,E9,E10,E4,E5,-373.195000,445.807000,OK
0,6,adjacent,620,30,32,151,REV,E10,E9,E4,E5,-371.266000,452.989000,OK
0,6,adjacent,620,30,32,152,FWD,E9,E10,E5,E6,-20.988000,446.366000,OK
0,6,adjacent,620,30,32,153,REV,E10,E9,E5,E6,-17.738000,452.151000,OK
0,6,adjacent,620,30,32,154,FWD,E9,E10,E6,E7,-6.031000,446.924000,OK
0,6,adjacent,620,30,32,155,REV,E10,E9,E6,E7,-1.000000,452.431000,OK
0,6,adjacent,620,30,32,156,FWD,E9,E10,E7,E8,-11.273000,447.284000,OK
0,6,adjacent,620,30,32,157,REV,E10,E9,E7,E8,-2.043000,452.151000,OK
0,6,adjacent,620,30,32,158,FWD,E9,E10,E11,E12,8.047000,447.563000,OK
0,6,adjacent,620,30,32,159,REV,E10,E9,E11,E12,19.535000,451.713000,OK
0,6,adjacent,620,30,32,160,FWD,E9,E10,E12,E1,1.355000,447.523000,OK
0,6,adjacent,620,30,32,161,REV,E10,E9,E12,E1,5.801000,452.271000,OK
0,6,adjacent,620,30,32,162,FWD,E10,E11,E1,E2,-2.406000,443.094000,OK
0,6,adjacent,620,30,32,163,REV,E11,E10,E1,E2,2.406000,480.920000,OK
0,6,adjacent,620,30,32,164,FWD,E10,E11,E2,E3,354.117000,471.822000,OK
0,6,adjacent,620,30,32,165,REV,E11,E10,E2,E3,356.766000,471.982000,OK
0,6,adjacent,620,30,32,166,FWD,E10,E11,E3,E4,24.711000,476.371000,OK
0,6,adjacent,620,30,32,167,REV,E11,E10,E3,E4,26.758000,469.628000,OK
0,6,adjacent,620,30,32,168,FWD,E10,E11,E4,E5,-373.844000,477.368000,OK
0,6,adjacent,620,30,32,169,REV,E11,E10,E4,E5,-372.625000,468.830000,OK
0,6,adjacent,620,30,32,170,FWD,E10,E11,E5,E6,-20.016000,478.486000,OK
0,6,adjacent,620,30,32,171,REV,E11,E10,E5,E6,-17.570000,468.112000,OK
0,6,adjacent,620,30,32,172,FWD,E10,E11,E6,E7,-5.203000,479.044000,OK
0,6,adjacent,620,30,32,173,REV,E11,E10,E6,E7,-2.223000,468.191000,OK
0,6,adjacent,620,30,32,174,FWD,E10,E11,E7,E8,-10.754000,478.845000,OK
0,6,adjacent,620,30,32,175,REV,E11,E10,E7,E8,-6.145000,468.112000,OK
0,6,adjacent,620,30,32,176,FWD,E10,E11,E8,E9,6.746000,479.683000,OK
0,6,adjacent,620,30,32,177,REV,E11,E10,E8,E9,21.223000,467.912000,OK
0,6,adjacent,620,30,32,178,FWD,E10,E11,E12,E1,-1.898000,479.044000,OK
0,6,adjacent,620,30,32,179,REV,E11,E10,E12,E1,8.691000,467.353000,OK
0,6,adjacent,620,30,32,180,FWD,E11,E12,E1,E2,-5.594000,438.984000,OK
0,6,adjacent,620,30,32,181,REV,E12,E11,E1,E2,5.957000,506.615000,OK
0,6,adjacent,620,30,32,182,FWD,E11,E12,E2,E3,354.898000,468.191000,OK
0,6,adjacent,620,30,32,183,REV,E12,E11,E2,E3,358.914000,497.478000,OK
0,6,adjacent,620,30,32,184,FWD,E11,E12,E3,E4,23.961000,473.099000,OK
0,6,adjacent,620,30,32,185,REV,E12,E11,E3,E4,26.242000,494.965000,OK
0,6,adjacent,620,30,32,186,FWD,E11,E12,E4,E5,-375.234000,475.254000,OK
0,6,adjacent,620,30,32,187,REV,E12,E11,E4,E5,-372.984000,494.127000,OK
0,6,adjacent,620,30,32,188,FWD,E11,E12,E5,E6,-19.465000,475.932000,OK
0,6,adjacent,620,30,32,189,REV,E12,E11,E5,E6,-17.168000,493.768000,OK
0,6,adjacent,620,30,32,190,FWD,E11,E12,E6,E7,-4.770000,476.650000,OK
0,6,adjacent,620,30,32,191,REV,E12,E11,E6,E7,-2.602000,493.847000,OK
0,6,adjacent,620,30,32,192,FWD,E11,E12,E7,E8,-10.137000,477.129000,OK
0,6,adjacent,620,30,32,193,REV,E12,E11,E7,E8,-7.410000,492.850000,OK
0,6,adjacent,620,30,32,194,FWD,E11,E12,E8,E9,9.422000,477.528000,OK
0,6,adjacent,620,30,32,195,REV,E12,E11,E8,E9,15.941000,493.329000,OK
0,6,adjacent,620,30,32,196,FWD,E11,E12,E9,E10,-1.988000,477.408000,OK
0,6,adjacent,620,30,32,197,REV,E12,E11,E9,E10,10.418000,492.371000,OK
0,6,adjacent,620,30,32,198,FWD,E12,E1,E2,E3,353.125000,417.877000,OK
0,6,adjacent,620,30,32,199,REV,E1,E12,E2,E3,361.781000,465.438000,OK
0,6,adjacent,620,30,32,200,FWD,E12,E1,E3,E4,23.297000,446.486000,OK
0,6,adjacent,620,30,32,201,REV,E1,E12,E3,E4,26.824000,457.498000,OK
0,6,adjacent,620,30,32,202,FWD,E12,E1,E4,E5,-376.516000,450.715000,OK
0,6,adjacent,620,30,32,203,REV,E1,E12,E4,E5,-373.055000,455.463000,OK
0,6,adjacent,620,30,32,204,FWD,E12,E1,E5,E6,-19.262000,451.952000,OK
0,6,adjacent,620,30,32,205,REV,E1,E12,E5,E6,-16.809000,454.466000,OK
0,6,adjacent,620,30,32,206,FWD,E12,E1,E6,E7,-4.613000,452.311000,OK
0,6,adjacent,620,30,32,207,REV,E1,E12,E6,E7,-2.832000,454.346000,OK
0,6,adjacent,620,30,32,208,FWD,E12,E1,E7,E8,-9.844000,452.790000,OK
0,6,adjacent,620,30,32,209,REV,E1,E12,E7,E8,-8.035000,453.747000,OK
0,6,adjacent,620,30,32,210,FWD,E12,E1,E8,E9,10.480000,452.630000,OK
0,6,adjacent,620,30,32,211,REV,E1,E12,E8,E9,14.004000,453.708000,OK
0,6,adjacent,620,30,32,212,FWD,E12,E1,E9,E10,0.719000,452.550000,OK
0,6,adjacent,620,30,32,213,REV,E1,E12,E9,E10,5.187000,454.146000,OK
0,6,adjacent,620,30,32,214,FWD,E12,E1,E10,E11,-11.020000,453.628000,OK
0,6,adjacent,620,30,32,215,REV,E1,E12,E10,E11,-0.996000,454.466000,OK
1,7,adjacent,620,30,32,0,FWD,E1,E2,E3,E4,18.453000,411.214000,OK
1,7,adjacent,620,30,32,1,REV,E2,E1,E3,E4,31.676000,468.590000,OK
1,7,adjacent,620,30,32,2,FWD,E1,E2,E4,E5,-378.227000,440.022000,OK
1,7,adjacent,620,30,32,3,REV,E2,E1,E4,E5,-372.008000,458.336000,OK
1,7,adjacent,620,30,32,4,FWD,E1,E2,E5,E6,-20.062000,444.211000,OK
1,7,adjacent,620,30,32,5,REV,E2,E1,E5,E6,-15.559000,455.623000,OK
1,7,adjacent,620,30,32,6,FWD,E1,E2,E6,E7,-4.934000,445.568000,OK
1,7,adjacent,620,30,32,7,REV,E2,E1,E6,E7,-2.508000,454.625000,OK
1,7,adjacent,620,30,32,8,FWD,E1,E2,E7,E8,-10.039000,446.725000,OK
1,7,adjacent,620,30,32,9,REV,E2,E1,E7,E8,-8.121000,453.468000,OK
1,7,adjacent,620,30,32,10,FWD,E1,E2,E8,E9,10.648000,447.284000,OK
1,7,adjacent,620,30,32,11,REV,E2,E1,E8,E9,13.559000,452.830000,OK
1,7,adjacent,620,30,32,12,FWD,E1,E2,E9,E10,1.184000,447.762000,OK
1,7,adjacent,620,30,32,13,REV,E2,E1,E9,E10,4.039000,452.710000,OK
1,7,adjacent,620,30,32,14,FWD,E1,E2,E10,E11,-9.141000,448.281000,OK
1,7,adjacent,620,30,32,15,REV,E2,E1,E10,E11,-4.539000,451.912000,OK
1,7,adjacent,620,30,32,16,FWD,E1,E2,E11,E12,9.723000,448.121000,OK
1,7,adjacent,620,30,32,17,REV,E2,E1,E11,E12,20.391000,451.673000,OK
1,7,adjacent,620,30,32,18,FWD,E2,E3,E4,E5,-380.008000,179.751000,OK
1,7,adjacent,620,30,32,19,REV,E3,E2,E4,E5,-362.844000,630.706000,OK
1,7,adjacent,620,30,32,20,FWD,E2,E3,E5,E6,-19.605000,224.759000,OK
1,7,adjacent,620,30,32,21,REV,E3,E2,E5,E6,-11.785000,617.618000,OK
1,7,adjacent,620,30,32,22,FWD,E2,E3,E6,E7,-4.562000,234.335000,OK
1,7,adjacent,620,30,32,23,REV,E3,E2,E6,E7,-1.387000,612.232000,OK
1,7,adjacent,620,30,32,24,FWD,E2,E3,E7,E8,-9.660000,238.844000,OK
1,7,adjacent,620,30,32,25,REV,E3,E2,E7,E8,-7.711000,608.880000,OK
1,7,adjacent,620,30,32,26,FWD,E2,E3,E8,E9,11.395000,242.754000,OK
1,7,adjacent,620,30,32,27,REV,E3,E2,E8,E9,13.660000,606.207000,OK
1,7,adjacent,620,30,32,28,FWD,E2,E3,E9,E10,2.020000,245.427000,OK
1,7,adjacent,620,30,32,29,REV,E3,E2,E9,E10,3.648000,603.733000,OK
1,7,adjacent,620,30,32,30,FWD,E2,E3,E10,E11,-7.594000,248.021000,OK
1,7,adjacent,620,30,32,31,REV,E3,E2,E10,E11,-5.523000,602.416000,OK
1,7,adjacent,620,30,32,32,FWD,E2,E3,E11,E12,13.395000,249.218000,OK
1,7,adjacent,620,30,32,33,REV,E3,E2,E11,E12,16.937000,600.262000,OK
1,7,adjacent,620,30,32,34,FWD,E2,E3,E12,E1,5.035000,250.535000,OK
1,7,adjacent,620,30,32,35,REV,E3,E2,E12,E1,13.492000,599.823000,OK
1,7,adjacent,620,30,32,36,FWD,E3,E4,E1,E2,51.953000,240.679000,OK
1,7,adjacent,620,30,32,37,REV,E4,E3,E1,E2,46.906000,300.689000,OK
1,7,adjacent,620,30,32,38,FWD,E3,E4,E5,E6,-23.406000,273.358000,OK
1,7,adjacent,620,30,32,39,REV,E4,E3,E5,E6,-11.078000,295.742000,OK
1,7,adjacent,620,30,32,40,FWD,E3,E4,E6,E7,-5.508000,276.829000,OK
1,7,adjacent,620,30,32,41,REV,E4,E3,E6,E7,-1.836000,294.545000,OK
1,7,adjacent,620,30,32,42,FWD,E3,E4,E7,E8,-10.082000,278.824000,OK
1,7,adjacent,620,30,32,43,REV,E4,E3,E7,E8,-8.266000,295.064000,OK
1,7,adjacent,620,30,32,44,FWD,E3,E4,E8,E9,11.070000,279.143000,OK
1,7,adjacent,620,30,32,45,REV,E4,E3,E8,E9,12.820000,294.305000,OK
1,7,adjacent,620,30,32,46,FWD,E3,E4,E9,E10,1.871000,280.061000,OK
1,7,adjacent,620,30,32,47,REV,E4,E3,E9,E10,2.883000,295.742000,OK
1,7,adjacent,620,30,32,48,FWD,E3,E4,E10,E11,-7.617000,280.739000,OK
1,7,adjacent,620,30,32,49,REV,E4,E3,E10,E11,-6.602000,294.744000,OK
1,7,adjacent,620,30,32,50,FWD,E3,E4,E11,E12,13.422000,280.500000,OK
1,7,adjacent,620,30,32,51,REV,E4,E3,E11,E12,14.824000,295.143000,OK
1,7,adjacent,620,30,32,52,FWD,E3,E4,E12,E1,4.465000,281.378000,OK
1,7,adjacent,620,30,32,53,REV,E4,E3,E12,E1,6.762000,295.183000,OK
1,7,adjacent,620,30,32,54,FWD,E4,E5,E1,E2,4.371000,402.515000,OK
1,7,adjacent,620,30,32,55,REV,E5,E4,E1,E2,8.250000,166.784000,OK
1,7,adjacent,620,30,32,56,FWD,E4,E5,E2,E3,343.687000,409.498000,OK
1,7,adjacent,620,30,32,57,REV,E5,E4,E2,E3,353.961000,169.856000,OK
1,7,adjacent,620,30,32,58,FWD,E4,E5,E6,E7,-9.195000,406.665000,OK
1,7,adjacent,620,30,32,59,REV,E5,E4,E6,E7,-1.648000,172.370000,OK
1,7,adjacent,620,30,32,60,FWD,E4,E5,E7,E8,-11.598000,404.231000,OK
1,7,adjacent,620,30,32,61,REV,E5,E4,E7,E8,-8.344000,175.083000,OK
1,7,adjacent,620,30,32,62,FWD,E4,E5,E8,E9,9.953000,402.755000,OK
1,7,adjacent,620,30,32,63,REV,E5,E4,E8,E9,12.648000,176.480000,OK
1,7,adjacent,620,30,32,64,FWD,E4,E5,E9,E10,1.395000,401.478000,OK
1,7,adjacent,620,30,32,65,REV,E5,E4,E9,E10,2.684000,178.395000,OK
1,7,adjacent,620,30,32,66,FWD,E4,E5,E10,E11,-7.984000,400.999000,OK
1,7,adjacent,620,30,32,67,REV,E5,E4,E10,E11,-6.855000,179.592000,OK
1,7,adjacent,620,30,32,68,FWD,E4,E5,E11,E12,13.121000,400.480000,OK
1,7,adjacent,620,30,32,69,REV,E5,E4,E11,E12,14.367000,180.589000,OK
1,7,adjacent,620,30,32,70,FWD,E4,E5,E12,E1,3.586000,399.323000,OK
1,7,adjacent,620,30,32,71,REV,E5,E4,E12,E1,5.359000,181.826000,OK
1,7,adjacent,620,30,32,72,FWD,E5,E6,E1,E2,0.328000,445.767000,OK
1,7,adjacent,620,30,32,73,REV,E6,E5,E1,E2,4.555000,416.760000,OK
1,7,adjacent,620,30,32,74,FWD,E5,E6,E2,E3,347.570000,459.294000,OK
1,7,adjacent,620,30,32,75,REV,E6,E5,E2,E3,356.125000,415.523000,OK
1,7,adjacent,620,30,32,76,FWD,E5,E6,E3,E4,7.609000,458.655000,OK
1,7,adjacent,620,30,32,77,REV,E6,E5,E3,E4,28.285000,417.318000,OK
1,7,adjacent,620,30,32,78,FWD,E5,E6,E7,E8,-15.406000,456.979000,OK
1,7,adjacent,620,30,32,79,REV,E6,E5,E7,E8,-3.695000,417.997000,OK
1,7,adjacent,620,30,32,80,FWD,E5,E6,E8,E9,7.687000,455.703000,OK
1,7,adjacent,620,30,32,81,REV,E6,E5,E8,E9,15.680000,419.194000,OK
1,7,adjacent,620,30,32,82,FWD,E5,E6,E9,E10,0.668000,455.503000,OK
1,7,adjacent,620,30,32,83,REV,E6,E5,E9,E10,3.813000,420.071000,OK
1,7,adjacent,620,30,32,84,FWD,E5,E6,E10,E11,-8.324000,454.785000,OK
1,7,adjacent,620,30,32,85,REV,E6,E5,E10,E11,-6.125000,421.029000,OK
1,7,adjacent,620,30,32,86,FWD,E5,E6,E11,E12,12.914000,453.787000,OK
1,7,adjacent,620,30,32,87,REV,E6,E5,E11,E12,14.926000,421.149000,OK
1,7,adjacent,620,30,32,88,FWD,E5,E6,E12,E1,3.281000,453.867000,OK
1,7,adjacent,620,30,32,89,REV,E6,E5,E12,E1,5.582000,421.428000,OK
1,7,adjacent,620,30,32,90,FWD,E6,E7,E1,E2,-0.309000,486.266000,OK
1,7,adjacent,620,30,32,91,REV,E7,E6,E1,E2,2.418000,526.765000,OK
1,7,adjacent,620,30,32,92,FWD,E6,E7,E2,E3,352.047000,512.441000,OK
1,7,adjacent,620,30,32,93,REV,E7,E6,E2,E3,355.648000,519.104000,OK
1,7,adjacent,620,30,32,94,FWD,E6,E7,E3,E4,19.086000,515.713000,OK
1,7,adjacent,620,30,32,95,REV,E7,E6,E3,E4,25.746000,516.710000,OK
1,7,adjacent,620,30,32,96,FWD,E6,E7,E4,E5,-363.555000,517.628000,OK
1,7,adjacent,620,30,32,97,REV,E7,E6,E4,E5,-349.977000,516.112000,OK
1,7,adjacent,620,30,32,98,FWD,E6,E7,E8,E9,2.086000,517.429000,OK
1,7,adjacent,620,30,32,99,REV,E7,E6,E8,E9,21.520000,514.995000,OK
1,7,adjacent,620,30,32,100,FWD,E6,E7,E9,E10,-0.672000,518.027000,OK
1,7,adjacent,620,30,32,101,REV,E7,E6,E9,E10,5.230000,515.354000,OK
1,7,adjacent,620,30,32,102,FWD,E6,E7,E10,E11,-8.816000,518.187000,OK
1,7,adjacent,620,30,32,103,REV,E7,E6,E10,E11,-5.543000,515.354000,OK
1,7,adjacent,620,30,32,104,FWD,E6,E7,E11,E12,12.758000,518.705000,OK
1,7,adjacent,620,30,32,105,REV,E7,E6,E11,E12,15.105000,515.314000,OK
1,7,adjacent,620,30,32,106,FWD,E6,E7,E12,E1,3.242000,518.665000,OK
1,7,adjacent,620,30,32,107,REV,E7,E6,E12,E1,5.242000,515.114000,OK
1,7,adjacent,620,30,32,108,FWD,E7,E8,E1,E2,-0.668000,456.062000,OK
1,7,adjacent,620,30,32,109,REV,E8,E7,E1,E2,1.402000,498.516000,OK
1,7,adjacent,620,30,32,110,FWD,E7,E8,E2,E3,354.047000,485.349000,OK
1,7,adjacent,620,30,32,111,REV,E8,E7,E2,E3,355.922000,489.458000,OK
1,7,adjacent,620,30,32,112,FWD,E7,E8,E3,E4,21.988000,489.658000,OK
1,7,adjacent,620,30,32,113,REV,E8,E7,E3,E4,24.512000,486.905000,OK
1,7,adjacent,620,30,32,114,FWD,E7,E8,E4,E5,-369.430000,491.254000,OK
1,7,adjacent,620,30,32,115,REV,E8,E7,E4,E5,-362.633000,485.867000,OK
1,7,adjacent,620,30,32,116,FWD,E7,E8,E5,E6,-27.184000,492.012000,OK
1,7,adjacent,620,30,32,117,REV,E8,E7,E5,E6,-14.188000,485.388000,OK
1,7,adjacent,620,30,32,118,FWD,E7,E8,E9,E10,-2.922000,492.571000,OK
1,7,adjacent,620,30,32,119,REV,E8,E7,E9,E10,7.398000,485.468000,OK
1,7,adjacent,620,30,32,120,FWD,E7,E8,E10,E11,-9.613000,491.852000,OK
1,7,adjacent,620,30,32,121,REV,E8,E7,E10,E11,-4.793000,484.551000,OK
1,7,adjacent,620,30,32,122,FWD,E7,E8,E11,E12,12.508000,492.770000,OK
1,7,adjacent,620,30,32,123,REV,E8,E7,E11,E12,15.281000,485.668000,OK
1,7,adjacent,620,30,32,124,FWD,E7,E8,E12,E1,3.082000,492.571000,OK
1,7,adjacent,620,30,32,125,REV,E8,E7,E12,E1,5.027000,484.910000,OK
1,7,adjacent,620,30,32,126,FWD,E8,E9,E1,E2,-1.309000,399.762000,OK
1,7,adjacent,620,30,32,127,REV,E9,E8,E1,E2,1.508000,466.276000,OK
1,7,adjacent,620,30,32,128,FWD,E8,E9,E2,E3,354.609000,429.687000,OK
1,7,adjacent,620,30,32,129,REV,E9,E8,E2,E3,356.805000,456.939000,OK
1,7,adjacent,620,30,32,130,FWD,E8,E9,E3,E4,23.008000,433.877000,OK
1,7,adjacent,620,30,32,131,REV,E9,E8,E3,E4,25.512000,454.745000,OK
1,7,adjacent,620,30,32,132,FWD,E8,E9,E4,E5,-372.227000,435.952000,OK
1,7,adjacent,620,30,32,133,REV,E9,E8,E4,E5,-367.641000,453.508000,OK
1,7,adjacent,620,30,32,134,FWD,E8,E9,E5,E6,-24.238000,436.510000,OK
1,7,adjacent,620,30,32,135,REV,E9,E8,E5,E6,-16.035000,452.511000,OK
1,7,adjacent,620,30,32,136,FWD,E8,E9,E6,E7,-10.398000,437.348000,OK
1,7,adjacent,620,30,32,137,REV,E9,E8,E6,E7,5.922000,452.391000,OK
1,7,adjacent,620,30,32,138,FWD,E8,E9,E10,E11,-13.996000,437.149000,OK
1,7,adjacent,620,30,32,139,REV,E9,E8,E10,E11,-0.176000,451.952000,OK
1,7,adjacent,620,30,32,140,FWD,E8,E9,E11,E12,10.957000,437.229000,OK
1,7,adjacent,620,30,32,141,REV,E9,E8,E11,E12,16.953000,452.311000,OK
1,7,adjacent,620,30,32,142,FWD,E8,E9,E12,E1,2.219000,437.668000,OK
1,7,adjacent,620,30,32,143,REV,E9,E8,E12,E1,5.715000,452.311000,OK
1,7,adjacent,620,30,32,144,FWD,E9,E10,E1,E2,-1.523000,411.413000,OK
1,7,adjacent,620,30,32,145,REV,E10,E9,E1,E2,1.277000,464.241000,OK
1,7,adjacent,620,30,32,146,FWD,E9,E10,E2,E3,354.883000,440.780000,OK
1,7,adjacent,620,30,32,147,REV,E10,E9,E2,E3,356.711000,455.782000,OK
1,7,adjacent,620,30,32,148,FWD,E9,E10,E3,E4,24.398000,444.810000,OK
1,7,adjacent,620,30,32,149,REV,E10,E9,E3,E4,26.133000,454.107000,OK
1,7,adjacent,620,30,32,150,FWD,E9,E10,E4,E5,-373.023000,445.648000,OK
1,7,adjacent,620,30,32,151,REV,E10,E9,E4,E5,-371.141000,453.029000,OK
1,7,adjacent,620,30,32,152,FWD,E9,E10,E5,E6,-20.973000,446.565000,OK
1,7,adjacent,620,30,32,153,REV,E10,E9,E5,E6,-17.723000,452.550000,OK
1,7,adjacent,620,30,32,154,FWD,E9,E10,E6,E7,-6.094000,446.565000,OK
1,7,adjacent,620,30,32,155,REV,E10,E9,E6,E7,-1.059000,451.792000,OK
1,7,adjacent,620,30,32,156,FWD,E9,E10,E7,E8,-11.324000,446.366000,OK
1,7,adjacent,620,30,32,157,REV,E10,E9,E7,E8,-2.105000,452.271000,OK
1,7,adjacent,620,30,32,158,FWD,E9,E10,E11,E12,8.078000,447.084000,OK
1,7,adjacent,620,30,32,159,REV,E10,E9,E11,E12,19.598000,451.633000,OK
1,7,adjacent,620,30,32,160,FWD,E9,E10,E12,E1,1.605000,447.124000,OK
1,7,adjacent,620,30,32,161,REV,E10,E9,E12,E1,6.051000,451.792000,OK
1,7,adjacent,620,30,32,162,FWD,E10,E11,E1,E2,-2.629000,443.333000,OK
1,7,adjacent,620,30,32,163,REV,E11,E10,E1,E2,2.141000,481.039000,OK
1,7,adjacent,620,30,32,164,FWD,E10,E11,E2,E3,355.687000,472.620000,OK
1,7,adjacent,620,30,32,165,REV,E11,E10,E2,E3,358.195000,471.902000,OK
1,7,adjacent,620,30,32,166,FWD,E10,E11,E3,E4,23.246000,476.570000,OK
1,7,adjacent,620,30,32,167,REV,E11,E10,E3,E4,25.238000,469.468000,OK
1,7,adjacent,620,30,32,168,FWD,E10,E11,E4,E5,-373.727000,478.127000,OK
1,7,adjacent,620,30,32,169,REV,E11,E10,E4,E5,-372.461000,468.471000,OK
1,7,adjacent,620,30,32,170,FWD,E10,E11,E5,E6,-19.996000,478.047000,OK
1,7,adjacent,620,30,32,171,REV,E11,E10,E5,E6,-17.570000,467.473000,OK
1,7,adjacent,620,30,32,172,FWD,E10,E11,E6,E7,-5.230000,479.284000,OK
1,7,adjacent,620,30,32,173,REV,E11,E10,E6,E7,-2.254000,467.393000,OK
1,7,adjacent,620,30,32,174,FWD,E10,E11,E7,E8,-10.789000,479.244000,OK
1,7,adjacent,620,30,32,175,REV,E11,E10,E7,E8,-6.187000,467.553000,OK
1,7,adjacent,620,30,32,176,FWD,E10,E11,E8,E9,6.781000,479.004000,OK
1,7,adjacent,620,30,32,177,REV,E11,E10,E8,E9,21.266000,467.433000,OK
1,7,adjacent,620,30,32,178,FWD,E10,E11,E12,E1,-1.637000,479.363000,OK
1,7,adjacent,620,30,32,179,REV,E11,E10,E12,E1,8.938000,467.673000,OK
1,7,adjacent,620,30,32,180,FWD,E11,E12,E1,E2,-5.836000,439.024000,OK
1,7,adjacent,620,30,32,181,REV,E12,E11,E1,E2,5.711000,506.815000,OK
1,7,adjacent,620,30,32,182,FWD,E11,E12,E2,E3,355.508000,468.431000,OK
1,7,adjacent,620,30,32,183,REV,E12,E11,E2,E3,359.539000,497.478000,OK
1,7,adjacent,620,30,32,184,FWD,E11,E12,E3,E4,23.219000,473.738000,OK
1,7,adjacent,620,30,32,185,REV,E12,E11,E3,E4,25.523000,495.284000,OK
1,7,adjacent,620,30,32,186,FWD,E11,E12,E4,E5,-375.008000,474.935000,OK
1,7,adjacent,620,30,32,187,REV,E12,E11,E4,E5,-372.781000,493.807000,OK
1,7,adjacent,620,30,32,188,FWD,E11,E12,E5,E6,-19.449000,475.932000,OK
1,7,adjacent,620,30,32,189,REV,E12,E11,E5,E6,-17.172000,493.249000,OK
1,7,adjacent,620,30,32,190,FWD,E11,E12,E6,E7,-4.828000,476.331000,OK
1,7,adjacent,620,30,32,191,REV,E12,E11,E6,E7,-2.652000,493.369000,OK
1,7,adjacent,620,30,32,192,FWD,E11,E12,E7,E8,-10.184000,476.251000,OK
1,7,adjacent,620,30,32,193,REV,E12,E11,E7,E8,-7.445000,492.650000,OK
1,7,adjacent,620,30,32,194,FWD,E11,E12,E8,E9,9.438000,477.169000,OK
1,7,adjacent,620,30,32,195,REV,E12,E11,E8,E9,15.965000,492.970000,OK
1,7,adjacent,620,30,32,196,FWD,E11,E12,E9,E10,-1.965000,476.850000,OK
1,7,adjacent,620,30,32,197,REV,E12,E11,E9,E10,10.418000,492.371000,OK
1,7,adjacent,620,30,32,198,FWD,E12,E1,E2,E3,353.687000,417.917000,OK
1,7,adjacent,620,30,32,199,REV,E1,E12,E2,E3,362.328000,465.159000,OK
1,7,adjacent,620,30,32,200,FWD,E12,E1,E3,E4,22.539000,445.887000,OK
1,7,adjacent,620,30,32,201,REV,E1,E12,E3,E4,26.109000,457.658000,OK
1,7,adjacent,620,30,32,202,FWD,E12,E1,E4,E5,-376.437000,450.037000,OK
1,7,adjacent,620,30,32,203,REV,E1,E12,E4,E5,-372.992000,456.181000,OK
1,7,adjacent,620,30,32,204,FWD,E12,E1,E5,E6,-19.238000,451.154000,OK
1,7,adjacent,620,30,32,205,REV,E1,E12,E5,E6,-16.820000,454.585000,OK
1,7,adjacent,620,30,32,206,FWD,E12,E1,E6,E7,-4.668000,452.391000,OK
1,7,adjacent,620,30,32,207,REV,E1,E12,E6,E7,-2.891000,454.107000,OK
1,7,adjacent,620,30,32,208,FWD,E12,E1,E7,E8,-9.875000,452.271000,OK
1,7,adjacent,620,30,32,209,REV,E1,E12,E7,E8,-8.043000,454.107000,OK
1,7,adjacent,620,30,32,210,FWD,E12,E1,E8,E9,10.484000,452.191000,OK
1,7,adjacent,620,30,32,211,REV,E1,E12,E8,E9,13.980000,453.827000,OK
1,7,adjacent,620,30,32,212,FWD,E12,E1,E9,E10,0.734000,452.630000,OK
1,7,adjacent,620,30,32,213,REV,E1,E12,E9,E10,5.199000,454.067000,OK
1,7,adjacent,620,30,32,214,FWD,E12,E1,E10,E11,-10.996000,452.710000,OK
1,7,adjacent,620,30,32,215,REV,E1,E12,E10,E11,-1.012000,454.067000,OK
2,8,adjacent,620,30,32,0,FWD,E1,E2,E3,E4,19.551000,411.333000,OK
2,8,adjacent,620,30,32,1,REV,E2,E1,E3,E4,32.895000,468.431000,OK
2,8,adjacent,620,30,32,2,FWD,E1,E2,E4,E5,-378.086000,439.663000,OK
2,8,adjacent,620,30,32,3,REV,E2,E1,E4,E5,-371.812000,458.456000,OK
2,8,adjacent,620,30,32,4,FWD,E1,E2,E5,E6,-20.008000,444.371000,OK
2,8,adjacent,620,30,32,5,REV,E2,E1,E5,E6,-15.516000,455.304000,OK
2,8,adjacent,620,30,32,6,FWD,E1,E2,E6,E7,-4.988000,446.206000,OK
2,8,adjacent,620,30,32,7,REV,E2,E1,E6,E7,-2.551000,454.466000,OK
2,8,adjacent,620,30,32,8,FWD,E1,E2,E7,E8,-10.008000,446.924000,OK
2,8,adjacent,620,30,32,9,REV,E2,E1,E7,E8,-8.063000,453.309000,OK
2,8,adjacent,620,30,32,10,FWD,E1,E2,E8,E9,10.586000,447.722000,OK
2,8,adjacent,620,30,32,11,REV,E2,E1,E8,E9,13.520000,452.989000,OK
2,8,adjacent,620,30,32,12,FWD,E1,E2,E9,E10,1.203000,447.882000,OK
2,8,adjacent,620,30,32,13,REV,E2,E1,E9,E10,4.020000,451.992000,OK
2,8,adjacent,620,30,32,14,FWD,E1,E2,E10,E11,-9.133000,448.361000,OK
2,8,adjacent,620,30,32,15,REV,E2,E1,E10,E11,-4.520000,452.032000,OK
2,8,adjacent,620,30,32,16,FWD,E1,E2,E11,E12,9.746000,447.802000,OK
2,8,adjacent,620,30,32,17,REV,E2,E1,E11,E12,20.410000,451.393000,OK
2,8,adjacent,620,30,32,18,FWD,E2,E3,E4,E5,-379.836000,180.948000,OK
2,8,adjacent,620,30,32,19,REV,E3,E2,E4,E5,-362.656000,629.828000,OK
2,8,adjacent,620,30,32,20,FWD,E2,E3,E5,E6,-19.562000,225.637000,OK
2,8,adjacent,620,30,32,21,REV,E3,E2,E5,E6,-11.734000,617.259000,OK
2,8,adjacent,620,30,32,22,FWD,E2,E3,E6,E7,-4.617000,235.013000,OK
2,8,adjacent,620,30,32,23,REV,E3,E2,E6,E7,-1.445000,611.633000,OK
2,8,adjacent,620,30,32,24,FWD,E2,E3,E7,E8,-9.590000,239.881000,OK
2,8,adjacent,620,30,32,25,REV,E3,E2,E7,E8,-7.664000,608.282000,OK
2,8,adjacent,620,30,32,26,FWD,E2,E3,E8,E9,11.344000,243.672000,OK
2,8,adjacent,620,30,32,27,REV,E3,E2,E8,E9,13.605000,605.808000,OK
2,8,adjacent,620,30,32,28,FWD,E2,E3,E9,E10,2.027000,245.507000,OK
2,8,adjacent,620,30,32,29,REV,E3,E2,E9,E10,3.660000,603.693000,OK
2,8,adjacent,620,30,32,30,FWD,E2,E3,E10,E11,-7.621000,247.941000,OK
2,8,adjacent,620,30,32,31,REV,E3,E2,E10,E11,-5.539000,601.459000,OK
2,8,adjacent,620,30,32,32,FWD,E2,E3,E11,E12,13.371000,249.098000,OK
2,8,adjacent,620,30,32,33,REV,E3,E2,E11,E12,16.953000,599.863000,OK
2,8,adjacent,620,30,32,34,FWD,E2,E3,E12,E1,5.258000,251.373000,OK
2,8,adjacent,620,30,32,35,REV,E3,E2,E12,E1,13.617000,598.785000,OK
2,8,adjacent,620,30,32,36,FWD,E3,E4,E1,E2,51.613000,240.200000,OK
2,8,adjacent,620,30,32,37,REV,E4,E3,E1,E2,46.695000,302.804000,OK
2,8,adjacent,620,30,32,38,FWD,E3,E4,E5,E6,-23.352000,273.238000,OK
2,8,adjacent,620,30,32,39,REV,E4,E3,E5,E6,-11.031000,296.739000,OK
2,8,adjacent,620,30,32,40,FWD,E3,E4,E6,E7,-5.559000,276.470000,OK
2,8,adjacent,620,30,32,41,REV,E4,E3,E6,E7,-1.895000,296.181000,OK
2,8,adjacent,620,30,32,42,FWD,E3,E4,E7,E8,-10.070000,278.625000,OK
2,8,adjacent,620,30,32,43,REV,E4,E3,E7,E8,-8.238000,295.941000,OK
2,8,adjacent,620,30,32,44,FWD,E3,E4,E8,E9,11.074000,279.343000,OK
2,8,adjacent,620,30,32,45,REV,E4,E3,E8,E9,12.805000,295.862000,OK
2,8,adjacent,620,30,32,46,FWD,E3,E4,E9,E10,1.891000,279.822000,OK
2,8,adjacent,620,30,32,47,REV,E4,E3,E9,E10,2.895000,295.941000,OK
2,8,adjacent,620,30,32,48,FWD,E3,E4,E10,E11,-7.633000,280.260000,OK
2,8,adjacent,620,30,32,49,REV,E4,E3,E10,E11,-6.621000,295.502000,OK
2,8,adjacent,620,30,32,50,FWD,E3,E4,E11,E12,13.438000,281.019000,OK
2,8,adjacent,620,30,32,51,REV,E4,E3,E11,E12,14.832000,295.582000,OK
2,8,adjacent,620,30,32,52,FWD,E3,E4,E12,E1,4.527000,280.979000,OK
2,8,adjacent,620,30,32,53,REV,E4,E3,E12,E1,6.863000,295.862000,OK
2,8,adjacent,620,30,32,54,FWD,E4,E5,E1,E2,4.234000,402.555000,OK
2,8,adjacent,620,30,32,55,REV,E5,E4,E1,E2,8.098000,166.903000,OK
2,8,adjacent,620,30,32,56,FWD,E4,E5,E2,E3,342.680000,409.817000,OK
2,8,adjacent,620,30,32,57,REV,E5,E4,E2,E3,352.930000,169.457000,OK
2,8,adjacent,620,30,32,58,FWD,E4,E5,E6,E7,-9.297000,406.785000,OK
2,8,adjacent,620,30,32,59,REV,E5,E4,E6,E7,-1.727000,172.888000,OK
2,8,adjacent,620,30,32,60,FWD,E4,E5,E7,E8,-11.590000,405.388000,OK
2,8,adjacent,620,30,32,61,REV,E5,E4,E7,E8,-8.340000,174.684000,OK
2,8,adjacent,620,30,32,62,FWD,E4,E5,E8,E9,9.969000,403.074000,OK
2,8,adjacent,620,30,32,63,REV,E5,E4,E8,E9,12.652000,176.958000,OK
2,8,adjacent,620,30,32,64,FWD,E4,E5,E9,E10,1.410000,402.835000,OK
2,8,adjacent,620,30,32,65,REV,E5,E4,E9,E10,2.703000,178.514000,OK
2,8,adjacent,620,30,32,66,FWD,E4,E5,E10,E11,-7.977000,401.558000,OK
2,8,adjacent,620,30,32,67,REV,E5,E4,E10,E11,-6.867000,179.831000,OK
2,8,adjacent,620,30,32,68,FWD,E4,E5,E11,E12,13.133000,401.159000,OK
2,8,adjacent,620,30,32,69,REV,E5,E4,E11,E12,14.391000,181.068000,OK
2,8,adjacent,620,30,32,70,FWD,E4,E5,E12,E1,3.637000,400.361000,OK
2,8,adjacent,620,30,32,71,REV,E5,E4,E12,E1,5.414000,181.427000,OK
2,8,adjacent,620,30,32,72,FWD,E5,E6,E1,E2,0.281000,446.406000,OK
2,8,adjacent,620,30,32,73,REV,E6,E5,E1,E2,4.492000,416.161000,OK
2,8,adjacent,620,30,32,74,FWD,E5,E6,E2,E3,346.977000,459.094000,OK
2,8,adjacent,620,30,32,75,REV,E6,E5,E2,E3,355.234000,416.121000,OK
2,8,adjacent,620,30,32,76,FWD,E5,E6,E3,E4,8.566000,458.017000,OK
2,8,adjacent,620,30,32,77,REV,E6,E5,E3,E4,29.223000,416.600000,OK
2,8,adjacent,620,30,32,78,FWD,E5,E6,E7,E8,-15.375000,456.501000,OK
2,8,adjacent,620,30,32,79,REV,E6,E5,E7,E8,-3.664000,418.116000,OK
2,8,adjacent,620,30,32,80,FWD,E5,E6,E8,E9,7.699000,455.982000,OK
2,8,adjacent,620,30,32,81,REV,E6,E5,E8,E9,15.695000,418.675000,OK
2,8,adjacent,620,30,32,82,FWD,E5,E6,E9,E10,0.668000,454.426000,OK
2,8,adjacent,620,30,32,83,REV,E6,E5,E9,E10,3.801000,419.633000,OK
2,8,adjacent,620,30,32,84,FWD,E5,E6,E10,E11,-8.336000,454.705000,OK
2,8,adjacent,620,30,32,85,REV,E6,E5,E10,E11,-6.113000,420.351000,OK
2,8,adjacent,620,30,32,86,FWD,E5,E6,E11,E12,12.895000,454.386000,OK
2,8,adjacent,620,30,32,87,REV,E6,E5,E11,E12,14.934000,421.109000,OK
2,8,adjacent,620,30,32,88,FWD,E5,E6,E12,E1,3.313000,453.827000,OK
2,8,adjacent,620,30,32,89,REV,E6,E5,E12,E1,5.629000,421.548000,OK
2,8,adjacent,620,30,32,90,FWD,E6,E7,E1,E2,-0.367000,486.466000,OK
2,8,adjacent,620,30,32,91,REV,E7,E6,E1,E2,2.387000,526.805000,OK
2,8,adjacent,620,30,32,92,FWD,E6,E7,E2,E3,351.367000,512.241000,OK
2,8,adjacent,620,30,32,93,REV,E7,E6,E2,E3,355.117000,518.905000,OK
2,8,adjacent,620,30,32,94,FWD,E6,E7,E3,E4,19.496000,516.072000,OK
2,8,adjacent,620,30,32,95,REV,E7,E6,E3,E4,26.113000,516.790000,OK
2,8,adjacent,620,30,32,96,FWD,E6,E7,E4,E5,-363.406000,517.309000,OK
2,8,adjacent,620,30,32,97,REV,E7,E6,E4,E5,-349.883000,515.793000,OK
2,8,adjacent,620,30,32,98,FWD,E6,E7,E8,E9,2.125000,517.468000,OK
2,8,adjacent,620,30,32,99,REV,E7,E6,E8,E9,21.543000,515.713000,OK
2,8,adjacent,620,30,32,100,FWD,E6,E7,E9,E10,-0.672000,517.947000,OK
2,8,adjacent,620,30,32,101,REV,E7,E6,E9,E10,5.238000,514.875000,OK
2,8,adjacent,620,30,32,102,FWD,E6,E7,E10,E11,-8.828000,518.187000,OK
2,8,adjacent,620,30,32,103,REV,E7,E6,E10,E11,-5.543000,514.955000,OK
2,8,adjacent,620,30,32,104,FWD,E6,E7,E11,E12,12.762000,518.346000,OK
2,8,adjacent,620,30,32,105,REV,E7,E6,E11,E12,15.102000,514.635000,OK
2,8,adjacent,620,30,32,106,FWD,E6,E7,E12,E1,3.242000,517.947000,OK
2,8,adjacent,620,30,32,107,REV,E7,E6,E12,E1,5.266000,514.875000,OK
2,8,adjacent,620,30,32,108,FWD,E7,E8,E1,E2,-0.652000,456.062000,OK
2,8,adjacent,620,30,32,109,REV,E8,E7,E1,E2,1.406000,498.117000,OK
2,8,adjacent,620,30,32,110,FWD,E7,E8,E2,E3,353.227000,485.548000,OK
2,8,adjacent,620,30,32,111,REV,E8,E7,E2,E3,355.023000,489.698000,OK
2,8,adjacent,620,30,32,112,FWD,E7,E8,E3,E4,22.617000,489.777000,OK
2,8,adjacent,620,30,32,113,REV,E8,E7,E3,E4,25.016000,486.945000,OK
2,8,adjacent,620,30,32,114,FWD,E7,E8,E4,E5,-369.281000,491.693000,OK
2,8,adjacent,620,30,32,115,REV,E8,E7,E4,E5,-362.555000,486.067000,OK
2,8,adjacent,620,30,32,116,FWD,E7,E8,E5,E6,-27.203000,491.653000,OK
2,8,adjacent,620,30,32,117,REV,E8,E7,E5,E6,-14.188000,485.668000,OK
2,8,adjacent,620,30,32,118,FWD,E7,E8,E9,E10,-2.941000,492.650000,OK
2,8,adjacent,620,30,32,119,REV,E8,E7,E9,E10,7.410000,485.388000,OK
2,8,adjacent,620,30,32,120,FWD,E7,E8,E10,E11,-9.605000,492.690000,OK
2,8,adjacent,620,30,32,121,REV,E8,E7,E10,E11,-4.805000,485.189000,OK
2,8,adjacent,620,30,32,122,FWD,E7,E8,E11,E12,12.516000,492.251000,OK
2,8,adjacent,620,30,32,123,REV,E8,E7,E11,E12,15.285000,484.989000,OK
2,8,adjacent,620,30,32,124,FWD,E7,E8,E12,E1,3.070000,492.211000,OK
2,8,adjacent,620,30,32,125,REV,E8,E7,E12,E1,5.039000,485.029000,OK
2,8,adjacent,620,30,32,126,FWD,E8,E9,E1,E2,-1.316000,399.363000,OK
2,8,adjacent,620,30,32,127,REV,E9,E8,E1,E2,1.504000,466.037000,OK
2,8,adjacent,620,30,32,128,FWD,E8,E9,E2,E3,353.961000,428.650000,OK
2,8,adjacent,620,30,32,129,REV,E9,E8,E2,E3,356.094000,457.498000,OK
2,8,adjacent,620,30,32,130,FWD,E8,E9,E3,E4,23.613000,434.436000,OK
2,8,adjacent,620,30,32,131,REV,E9,E8,E3,E4,26.141000,454.585000,OK
2,8,adjacent,620,30,32,132,FWD,E8,E9,E4,E5,-372.070000,435.353000,OK
2,8,adjacent,620,30,32,133,REV,E9,E8,E4,E5,-367.531000,453.827000,OK
2,8,adjacent,620,30,32,134,FWD,E8,E9,E5,E6,-24.258000,436.790000,OK
2,8,adjacent,620,30,32,135,REV,E9,E8,E5,E6,-16.039000,452.989000,OK
2,8,adjacent,620,30,32,136,FWD,E8,E9,E6,E7,-10.484000,437.109000,OK
2,8,adjacent,620,30,32,137,REV,E9,E8,E6,E7,5.902000,452.830000,OK
2,8,adjacent,620,30,32,138,FWD,E8,E9,E10,E11,-13.977000,437.308000,OK
2,8,adjacent,620,30,32,139,REV,E9,E8,E10,E11,-0.184000,452.351000,OK
2,8,adjacent,620,30,32,140,FWD,E8,E9,E11,E12,10.957000,437.668000,OK
2,8,adjacent,620,30,32,141,REV,E9,E8,E11,E12,16.965000,452.471000,OK
2,8,adjacent,620,30,32,142,FWD,E8,E9,E12,E1,2.336000,437.628000,OK
2,8,adjacent,620,30,32,143,REV,E9,E8,E12,E1,5.773000,451.433000,OK
2,8,adjacent,620,30,32,144,FWD,E9,E10,E1,E2,-1.602000,411.333000,OK
2,8,adjacent,620,30,32,145,REV,E10,E9,E1,E2,1.191000,464.042000,OK
2,8,adjacent,620,30,32,146,FWD,E9,E10,E2,E3,355.320000,440.141000,OK
2,8,adjacent,620,30,32,147,REV,E10,E9,E2,E3,357.203000,455.224000,OK
2,8,adjacent,620,30,32,148,FWD,E9,E10,E3,E4,23.676000,443.972000,OK
2,8,adjacent,620,30,32,149,REV,E10,E9,E3,E4,25.371000,453.548000,OK
2,8,adjacent,620,30,32,150,FWD,E9,E10,E4,E5,-372.922000,446.047000,OK
2,8,adjacent,620,30,32,151,REV,E10,E9,E4,E5,-371.023000,453.269000,OK
2,8,adjacent,620,30,32,152,FWD,E9,E10,E5,E6,-21.004000,446.645000,OK
2,8,adjacent,620,30,32,153,REV,E10,E9,E5,E6,-17.750000,452.191000,OK
2,8,adjacent,620,30,32,154,FWD,E9,E10,E6,E7,-6.102000,446.805000,OK
2,8,adjacent,620,30,32,155,REV,E10,E9,E6,E7,-1.090000,452.191000,OK
2,8,adjacent,620,30,32,156,FWD,E9,E10,E7,E8,-11.320000,446.924000,OK
2,8,adjacent,620,30,32,157,REV,E10,E9,E7,E8,-2.129000,451.752000,OK
2,8,adjacent,620,30,32,158,FWD,E9,E10,E11,E12,8.098000,446.525000,OK
2,8,adjacent,620,30,32,159,REV,E10,E9,E11,E12,19.605000,451.912000,OK
2,8,adjacent,620,30,32,160,FWD,E9,E10,E12,E1,1.738000,447.683000,OK
2,8,adjacent,620,30,32,161,REV,E10,E9,E12,E1,6.180000,451.274000,OK
2,8,adjacent,620,30,32,162,FWD,E10,E11,E1,E2,-2.754000,442.535000,OK
2,8,adjacent,620,30,32,163,REV,E11,E10,E1,E2,2.051000,480.640000,OK
2,8,adjacent,620,30,32,164,FWD,E10,E11,E2,E3,355.406000,472.700000,OK
2,8,adjacent,620,30,32,165,REV,E11,E10,E2,E3,357.953000,471.782000,OK
2,8,adjacent,620,30,32,166,FWD,E10,E11,E3,E4,23.461000,475.932000,OK
2,8,adjacent,620,30,32,167,REV,E11,E10,E3,E4,25.469000,469.348000,OK
2,8,adjacent,620,30,32,168,FWD,E10,E11,E4,E5,-373.594000,477.887000,OK
2,8,adjacent,620,30,32,169,REV,E11,E10,E4,E5,-372.359000,468.231000,OK
2,8,adjacent,620,30,32,170,FWD,E10,E11,E5,E6,-20.012000,478.685000,OK
2,8,adjacent,620,30,32,171,REV,E11,E10,E5,E6,-17.613000,467.872000,OK
2,8,adjacent,620,30,32,172,FWD,E10,E11,E6,E7,-5.254000,479.324000,OK
2,8,adjacent,620,30,32,173,REV,E11,E10,E6,E7,-2.293000,467.713000,OK
2,8,adjacent,620,30,32,174,FWD,E10,E11,E7,E8,-10.855000,479.483000,OK
2,8,adjacent,620,30,32,175,REV,E11,E10,E7,E8,-6.230000,467.713000,OK
2,8,adjacent,620,30,32,176,FWD,E10,E11,E8,E9,6.832000,479.244000,OK
2,8,adjacent,620,30,32,177,REV,E11,E10,E8,E9,21.336000,467.314000,OK
2,8,adjacent,620,30,32,178,FWD,E10,E11,E12,E1,-1.508000,479.164000,OK
2,8,adjacent,620,30,32,179,REV,E11,E10,E12,E1,9.113000,467.274000,OK
2,8,adjacent,620,30,32,180,FWD,E11,E12,E1,E2,-5.945000,438.466000,OK
2,8,adjacent,620,30,32,181,REV,E12,E11,E1,E2,5.605000,506.895000,OK
2,8,adjacent,620,30,32,182,FWD,E11,E12,E2,E3,353.734000,468.072000,OK
2,8,adjacent,620,30,32,183,REV,E12,E11,E2,E3,357.758000,497.718000,OK
2,8,adjacent,620,30,32,184,FWD,E11,E12,E3,E4,24.797000,473.458000,OK
2,8,adjacent,620,30,32,185,REV,E12,E11,E3,E4,27.102000,495.244000,OK
2,8,adjacent,620,30,32,186,FWD,E11,E12,E4,E5,-374.969000,475.254000,OK
2,8,adjacent,620,30,32,187,REV,E12,E11,E4,E5,-372.703000,493.129000,OK
2,8,adjacent,620,30,32,188,FWD,E11,E12,E5,E6,-19.488000,475.573000,OK
2,8,adjacent,620,30,32,189,REV,E12,E11,E5,E6,-17.219000,493.249000,OK
2,8,adjacent,620,30,32,190,FWD,E11,E12,E6,E7,-4.855000,476.371000,OK
2,8,adjacent,620,30,32,191,REV,E12,E11,E6,E7,-2.691000,492.650000,OK
2,8,adjacent,620,30,32,192,FWD,E11,E12,E7,E8,-10.238000,476.610000,OK
2,8,adjacent,620,30,32,193,REV,E12,E11,E7,E8,-7.504000,493.049000,OK
2,8,adjacent,620,30,32,194,FWD,E11,E12,E8,E9,9.516000,476.850000,OK
2,8,adjacent,620,30,32,195,REV,E12,E11,E8,E9,16.035000,492.930000,OK
2,8,adjacent,620,30,32,196,FWD,E11,E12,E9,E10,-1.961000,476.890000,OK
2,8,adjacent,620,30,32,197,REV,E12,E11,E9,E10,10.441000,493.169000,OK
2,8,adjacent,620,30,32,198,FWD,E12,E1,E2,E3,351.672000,418.116000,OK
2,8,adjacent,620,30,32,199,REV,E1,E12,E2,E3,360.320000,465.558000,OK
2,8,adjacent,620,30,32,200,FWD,E12,E1,E3,E4,24.539000,446.087000,OK
2,8,adjacent,620,30,32,201,REV,E1,E12,E3,E4,28.031000,457.857000,OK
2,8,adjacent,620,30,32,202,FWD,E12,E1,E4,E5,-376.289000,449.837000,OK
2,8,adjacent,620,30,32,203,REV,E1,E12,E4,E5,-372.867000,455.742000,OK
2,8,adjacent,620,30,32,204,FWD,E12,E1,E5,E6,-19.273000,450.476000,OK
2,8,adjacent,620,30,32,205,REV,E1,E12,E5,E6,-16.852000,454.785000,OK
2,8,adjacent,620,30,32,206,FWD,E12,E1,E6,E7,-4.668000,452.231000,OK
2,8,adjacent,620,30,32,207,REV,E1,E12,E6,E7,-2.891000,454.226000,OK
2,8,adjacent,620,30,32,208,FWD,E12,E1,E7,E8,-9.895000,451.872000,OK
2,8,adjacent,620,30,32,209,REV,E1,E12,E7,E8,-8.070000,454.346000,OK
2,8,adjacent,620,30,32,210,FWD,E12,E1,E8,E9,10.543000,452.989000,OK
2,8,adjacent,620,30,32,211,REV,E1,E12,E8,E9,14.016000,453.508000,OK
2,8,adjacent,620,30,32,212,FWD,E12,E1,E9,E10,0.742000,452.271000,OK
2,8,adjacent,620,30,32,213,REV,E1,E12,E9,E10,5.219000,454.067000,OK
2,8,adjacent,620,30,32,214,FWD,E12,E1,E10,E11,-11.012000,452.989000,OK
2,8,adjacent,620,30,32,215,REV,E1,E12,E10,E11,-0.992000,453.708000,OK
3,9,adjacent,620,30,32,0,FWD,E1,E2,E3,E4,19.437000,410.934000,OK
3,9,adjacent,620,30,32,1,REV,E2,E1,E3,E4,32.695000,467.952000,OK
3,9,adjacent,620,30,32,2,FWD,E1,E2,E4,E5,-377.992000,439.982000,OK
3,9,adjacent,620,30,32,3,REV,E2,E1,E4,E5,-371.742000,458.416000,OK
3,9,adjacent,620,30,32,4,FWD,E1,E2,E5,E6,-20.090000,444.451000,OK
3,9,adjacent,620,30,32,5,REV,E2,E1,E5,E6,-15.594000,454.745000,OK
3,9,adjacent,620,30,32,6,FWD,E1,E2,E6,E7,-4.984000,445.648000,OK
3,9,adjacent,620,30,32,7,REV,E2,E1,E6,E7,-2.570000,454.306000,OK
3,9,adjacent,620,30,32,8,FWD,E1,E2,E7,E8,-10.035000,446.605000,OK
3,9,adjacent,620,30,32,9,REV,E2,E1,E7,E8,-8.094000,453.149000,OK
3,9,adjacent,620,30,32,10,FWD,E1,E2,E8,E9,10.602000,447.363000,OK
3,9,adjacent,620,30,32,11,REV,E2,E1,E8,E9,13.527000,452.271000,OK
3,9,adjacent,620,30,32,12,FWD,E1,E2,E9,E10,1.203000,447.563000,OK
3,9,adjacent,620,30,32,13,REV,E2,E1,E9,E10,4.039000,451.832000,OK
3,9,adjacent,620,30,32,14,FWD,E1,E2,E10,E11,-9.160000,447.722000,OK
3,9,adjacent,620,30,32,15,REV,E2,E1,E10,E11,-4.555000,451.633000,OK
3,9,adjacent,620,30,32,16,FWD,E1,E2,E11,E12,9.750000,448.161000,OK
3,9,adjacent,620,30,32,17,REV,E2,E1,E11,E12,20.441000,451.074000,OK
3,9,adjacent,620,30,32,18,FWD,E2,E3,E4,E5,-379.781000,180.430000,OK
3,9,adjacent,620,30,32,19,REV,E3,E2,E4,E5,-362.609000,629.948000,OK
3,9,adjacent,620,30,32,20,FWD,E2,E3,E5,E6,-19.633000,225.517000,OK
3,9,adjacent,620,30,32,21,REV,E3,E2,E5,E6,-11.813000,617.060000,OK
3,9,adjacent,620,30,32,22,FWD,E2,E3,E6,E7,-4.598000,234.415000,OK
3,9,adjacent,620,30,32,23,REV,E3,E2,E6,E7,-1.465000,611.514000,OK
3,9,adjacent,620,30,32,24,FWD,E2,E3,E7,E8,-9.613000,240.121000,OK
3,9,adjacent,620,30,32,25,REV,E3,E2,E7,E8,-7.660000,608.282000,OK
3,9,adjacent,620,30,32,26,FWD,E2,E3,E8,E9,11.355000,243.273000,OK
3,9,adjacent,620,30,32,27,REV,E3,E2,E8,E9,13.621000,605.768000,OK
3,9,adjacent,620,30,32,28,FWD,E2,E3,E9,E10,2.090000,246.106000,OK
3,9,adjacent,620,30,32,29,REV,E3,E2,E9,E10,3.730000,603.813000,OK
3,9,adjacent,620,30,32,30,FWD,E2,E3,E10,E11,-7.660000,248.260000,OK
3,9,adjacent,620,30,32,31,REV,E3,E2,E10,E11,-5.594000,601.499000,OK
3,9,adjacent,620,30,32,32,FWD,E2,E3,E11,E12,13.410000,249.098000,OK
3,9,adjacent,620,30,32,33,REV,E3,E2,E11,E12,16.980000,600.342000,OK
3,9,adjacent,620,30,32,34,FWD,E2,E3,E12,E1,5.359000,250.215000,OK
3,9,adjacent,620,30,32,35,REV,E3,E2,E12,E1,13.801000,599.025000,OK
3,9,adjacent,620,30,32,36,FWD,E3,E4,E1,E2,51.555000,241.078000,OK
3,9,adjacent,620,30,32,37,REV,E4,E3,E1,E2,46.566000,302.445000,OK
3,9,adjacent,620,30,32,38,FWD,E3,E4,E5,E6,-23.418000,272.999000,OK
3,9,adjacent,620,30,32,39,REV,E4,E3,E5,E6,-11.105000,296.939000,OK
3,9,adjacent,620,30,32,40,FWD,E3,E4,E6,E7,-5.559000,276.949000,OK
3,9,adjacent,620,30,32,41,REV,E4,E3,E6,E7,-1.906000,296.141000,OK
3,9,adjacent,620,30,32,42,FWD,E3,E4,E7,E8,-10.027000,278.704000,OK
3,9,adjacent,620,30,32,43,REV,E4,E3,E7,E8,-8.168000,295.742000,OK
3,9,adjacent,620,30,32,44,FWD,E3,E4,E8,E9,11.016000,279.223000,OK
3,9,adjacent,620,30,32,45,REV,E4,E3,E8,E9,12.770000,296.021000,OK
3,9,adjacent,620,30,32,46,FWD,E3,E4,E9,E10,2.035000,279.742000,OK
3,9,adjacent,620,30,32,47,REV,E4,E3,E9,E10,3.059000,295.782000,OK
3,9,adjacent,620,30,32,48,FWD,E3,E4,E10,E11,-7.789000,281.058000,OK
3,9,adjacent,620,30,32,49,REV,E4,E3,E10,E11,-6.801000,295.383000,OK
3,9,adjacent,620,30,32,50,FWD,E3,E4,E11,E12,13.465000,281.218000,OK
3,9,adjacent,620,30,32,51,REV,E4,E3,E11,E12,14.848000,295.941000,OK
3,9,adjacent,620,30,32,52,FWD,E3,E4,E12,E1,4.715000,281.497000,OK
3,9,adjacent,620,30,32,53,REV,E4,E3,E12,E1,7.039000,295.463000,OK
3,9,adjacent,620,30,32,54,FWD,E4,E5,E1,E2,4.117000,404.191000,OK
3,9,adjacent,620,30,32,55,REV,E5,E4,E1,E2,8.004000,167.143000,OK
3,9,adjacent,620,30,32,56,FWD,E4,E5,E2,E3,344.289000,410.575000,OK
3,9,adjacent,620,30,32,57,REV,E5,E4,E2,E3,354.695000,169.856000,OK
3,9,adjacent,620,30,32,58,FWD,E4,E5,E6,E7,-9.355000,407.942000,OK
3,9,adjacent,620,30,32,59,REV,E5,E4,E6,E7,-1.723000,172.849000,OK
3,9,adjacent,620,30,32,60,FWD,E4,E5,E7,E8,-11.512000,405.947000,OK
3,9,adjacent,620,30,32,61,REV,E5,E4,E7,E8,-8.266000,175.163000,OK
3,9,adjacent,620,30,32,62,FWD,E4,E5,E8,E9,9.906000,404.351000,OK
3,9,adjacent,620,30,32,63,REV,E5,E4,E8,E9,12.574000,176.719000,OK
3,9,adjacent,620,30,32,64,FWD,E4,E5,E9,E10,1.668000,403.234000,OK
3,9,adjacent,620,30,32,65,REV,E5,E4,E9,E10,2.973000,178.634000,OK
3,9,adjacent,620,30,32,66,FWD,E4,E5,E10,E11,-8.242000,402.555000,OK
3,9,adjacent,620,30,32,67,REV,E5,E4,E10,E11,-7.141000,179.153000,OK
3,9,adjacent,620,30,32,68,FWD,E4,E5,E11,E12,13.137000,401.917000,OK
3,9,adjacent,620,30,32,69,REV,E5,E4,E11,E12,14.402000,180.669000,OK
3,9,adjacent,620,30,32,70,FWD,E4,E5,E12,E1,3.797000,400.760000,OK
3,9,adjacent,620,30,32,71,REV,E5,E4,E12,E1,5.590000,181.587000,OK
3,9,adjacent,620,30,32,72,FWD,E5,E6,E1,E2,0.121000,445.847000,OK
3,9,adjacent,620,30,32,73,REV,E6,E5,E1,E2,4.375000,415.523000,OK
3,9,adjacent,620,30,32,74,FWD,E5,E6,E2,E3,349.359000,458.974000,OK
3,9,adjacent,620,30,32,75,REV,E6,E5,E2,E3,358.062000,415.682000,OK
3,9,adjacent,620,30,32,76,FWD,E5,E6,E3,E4,5.637000,457.857000,OK
3,9,adjacent,620,30,32,77,REV,E6,E5,E3,E4,26.301000,416.401000,OK
3,9,adjacent,620,30,32,78,FWD,E5,E6,E7,E8,-15.301000,456.820000,OK
3,9,adjacent,620,30,32,79,REV,E6,E5,E7,E8,-3.617000,417.438000,OK
3,9,adjacent,620,30,32,80,FWD,E5,E6,E8,E9,7.672000,455.224000,OK
3,9,adjacent,620,30,32,81,REV,E6,E5,E8,E9,15.641000,419.074000,OK
3,9,adjacent,620,30,32,82,FWD,E5,E6,E9,E10,1.051000,454.545000,OK
3,9,adjacent,620,30,32,83,REV,E6,E5,E9,E10,4.187000,419.194000,OK
3,9,adjacent,620,30,32,84,FWD,E5,E6,E10,E11,-8.734000,454.146000,OK
3,9,adjacent,620,30,32,85,REV,E6,E5,E10,E11,-6.500000,420.750000,OK
3,9,adjacent,620,30,32,86,FWD,E5,E6,E11,E12,12.945000,453.787000,OK
3,9,adjacent,620,30,32,87,REV,E6,E5,E11,E12,14.945000,420.151000,OK
3,9,adjacent,620,30,32,88,FWD,E5,E6,E12,E1,3.477000,453.548000,OK
3,9,adjacent,620,30,32,89,REV,E6,E5,E12,E1,5.770000,421.149000,OK
3,9,adjacent,620,30,32,90,FWD,E6,E7,E1,E2,-0.484000,486.386000,OK
3,9,adjacent,620,30,32,91,REV,E7,E6,E1,E2,2.262000,526.646000,OK
3,9,adjacent,620,30,32,92,FWD,E6,E7,E2,E3,353.469000,511.962000,OK
3,9,adjacent,620,30,32,93,REV,E7,E6,E2,E3,357.195000,519.064000,OK
3,9,adjacent,620,30,32,94,FWD,E6,E7,E3,E4,17.402000,516.271000,OK
3,9,adjacent,620,30,32,95,REV,E7,E6,E3,E4,23.973000,516.870000,OK
3,9,adjacent,620,30,32,96,FWD,E6,E7,E4,E5,-363.375000,516.790000,OK
3,9,adjacent,620,30,32,97,REV,E7,E6,E4,E5,-349.805000,515.952000,OK
3,9,adjacent,620,30,32,98,FWD,E6,E7,E8,E9,2.113000,517.867000,OK
3,9,adjacent,620,30,32,99,REV,E7,E6,E8,E9,21.516000,515.314000,OK
3,9,adjacent,620,30,32,100,FWD,E6,E7,E9,E10,-0.195000,517.947000,OK
3,9,adjacent,620,30,32,101,REV,E7,E6,E9,E10,5.723000,515.593000,OK
3,9,adjacent,620,30,32,102,FWD,E6,E7,E10,E11,-9.316000,517.828000,OK
3,9,adjacent,620,30,32,103,REV,E7,E6,E10,E11,-6.027000,514.715000,OK
3,9,adjacent,620,30,32,104,FWD,E6,E7,E11,E12,12.773000,518.625000,OK
3,9,adjacent,620,30,32,105,REV,E7,E6,E11,E12,15.125000,515.433000,OK
3,9,adjacent,620,30,32,106,FWD,E6,E7,E12,E1,3.371000,517.987000,OK
3,9,adjacent,620,30,32,107,REV,E7,E6,E12,E1,5.402000,514.915000,OK
3,9,adjacent,620,30,32,108,FWD,E7,E8,E1,E2,-0.766000,455.822000,OK
3,9,adjacent,620,30,32,109,REV,E8,E7,E1,E2,1.289000,498.516000,OK
3,9,adjacent,620,30,32,110,FWD,E7,E8,E2,E3,356.477000,484.750000,OK
3,9,adjacent,620,30,32,111,REV,E8,E7,E2,E3,358.250000,489.418000,OK
3,9,adjacent,620,30,32,112,FWD,E7,E8,E3,E4,19.641000,489.418000,OK
3,9,adjacent,620,30,32,113,REV,E8,E7,E3,E4,22.180000,486.426000,OK
3,9,adjacent,620,30,32,114,FWD,E7,E8,E4,E5,-369.227000,491.094000,OK
3,9,adjacent,620,30,32,115,REV,E8,E7,E4,E5,-362.437000,485.388000,OK
3,9,adjacent,620,30,32,116,FWD,E7,E8,E5,E6,-27.293000,491.972000,OK
3,9,adjacent,620,30,32,117,REV,E8,E7,E5,E6,-14.289000,485.149000,OK
3,9,adjacent,620,30,32,118,FWD,E7,E8,E9,E10,-2.379000,491.972000,OK
3,9,adjacent,620,30,32,119,REV,E8,E7,E9,E10,7.945000,484.590000,OK
3,9,adjacent,620,30,32,120,FWD,E7,E8,E10,E11,-10.164000,492.052000,OK
3,9,adjacent,620,30,32,121,REV,E8,E7,E10,E11,-5.375000,484.910000,OK
3,9,adjacent,620,30,32,122,FWD,E7,E8,E11,E12,12.555000,492.211000,OK
3,9,adjacent,620,30,32,123,REV,E8,E7,E11,E12,15.313000,484.630000,OK
3,9,adjacent,620,30,32,124,FWD,E7,E8,E12,E1,3.246000,492.451000,OK
3,9,adjacent,620,30,32,125,REV,E8,E7,E12,E1,5.184000,484.750000,OK
3,9,adjacent,620,30,32,126,FWD,E8,E9,E1,E2,-1.445000,399.483000,OK
3,9,adjacent,620,30,32,127,REV,E9,E8,E1,E2,1.398000,466.396000,OK
3,9,adjacent,620,30,32,128,FWD,E8,E9,E2,E3,357.516000,429.488000,OK
3,9,adjacent,620,30,32,129,REV,E9,E8,E2,E3,359.742000,456.900000,OK
3,9,adjacent,620,30,32,130,FWD,E8,E9,E3,E4,19.891000,433.997000,OK
3,9,adjacent,620,30,32,131,REV,E9,E8,E3,E4,23.043000,454.944000,OK
3,9,adjacent,620,30,32,132,FWD,E8,E9,E4,E5,-372.000000,435.952000,OK
3,9,adjacent,620,30,32,133,REV,E9,E8,E4,E5,-367.445000,453.149000,OK
3,9,adjacent,620,30,32,134,FWD,E8,E9,E5,E6,-24.340000,436.750000,OK
3,9,adjacent,620,30,32,135,REV,E9,E8,E5,E6,-16.145000,452.750000,OK
3,9,adjacent,620,30,32,136,FWD,E8,E9,E6,E7,-10.438000,436.909000,OK
3,9,adjacent,620,30,32,137,REV,E9,E8,E6,E7,5.887000,452.032000,OK
3,9,adjacent,620,30,32,138,FWD,E8,E9,E10,E11,-14.609000,437.229000,OK
3,9,adjacent,620,30,32,139,REV,E9,E8,E10,E11,-0.816000,452.511000,OK
3,9,adjacent,620,30,32,140,FWD,E8,E9,E11,E12,10.977000,437.229000,OK
3,9,adjacent,620,30,32,141,REV,E9,E8,E11,E12,16.988000,451.792000,OK
3,9,adjacent,620,30,32,142,FWD,E8,E9,E12,E1,2.395000,437.269000,OK
3,9,adjacent,620,30,32,143,REV,E9,E8,E12,E1,5.840000,451.872000,OK
3,9,adjacent,620,30,32,144,FWD,E9,E10,E1,E2,-1.641000,411.094000,OK
3,9,adjacent,620,30,32,145,REV,E10,E9,E1,E2,1.164000,463.922000,OK
3,9,adjacent,620,30,32,146,FWD,E9,E10,E2,E3,357.656000,440.301000,OK
3,9,adjacent,620,30,32,147,REV,E10,E9,E2,E3,359.375000,455.982000,OK
3,9,adjacent,620,30,32,148,FWD,E9,E10,E3,E4,21.477000,443.772000,OK
3,9,adjacent,620,30,32,149,REV,E10,E9,E3,E4,23.172000,454.027000,OK
3,9,adjacent,620,30,32,150,FWD,E9,E10,E4,E5,-372.836000,444.969000,OK
3,9,adjacent,620,30,32,151,REV,E10,E9,E4,E5,-370.992000,453.029000,OK
3,9,adjacent,620,30,32,152,FWD,E9,E10,E5,E6,-21.066000,445.767000,OK
3,9,adjacent,620,30,32,153,REV,E10,E9,E5,E6,-17.820000,452.750000,OK
3,9,adjacent,620,30,32,154,FWD,E9,E10,E6,E7,-6.078000,446.486000,OK
3,9,adjacent,620,30,32,155,REV,E10,E9,E6,E7,-1.062000,452.471000,OK
3,9,adjacent,620,30,32,156,FWD,E9,E10,E7,E8,-11.387000,446.326000,OK
3,9,adjacent,620,30,32,157,REV,E10,E9,E7,E8,-2.168000,451.952000,OK
3,9,adjacent,620,30,32,158,FWD,E9,E10,E11,E12,8.094000,447.044000,OK
3,9,adjacent,620,30,32,159,REV,E10,E9,E11,E12,19.598000,452.231000,OK
3,9,adjacent,620,30,32,160,FWD,E9,E10,E12,E1,1.762000,446.126000,OK
3,9,adjacent,620,30,32,161,REV,E10,E9,E12,E1,6.187000,451.713000,OK
3,9,adjacent,620,30,32,162,FWD,E10,E11,E1,E2,-2.766000,443.214000,OK
3,9,adjacent,620,30,32,163,REV,E11,E10,E1,E2,2.031000,480.401000,OK
3,9,adjacent,620,30,32,164,FWD,E10,E11,E2,E3,356.414000,472.181000,OK
3,9,adjacent,620,30,32,165,REV,E11,E10,E2,E3,358.930000,471.064000,OK
3,9,adjacent,620,30,32,166,FWD,E10,E11,E3,E4,22.504000,476.730000,OK
3,9,adjacent,620,30,32,167,REV,E11,E10,E3,E4,24.609000,468.391000,OK
3,9,adjacent,620,30,32,168,FWD,E10,E11,E4,E5,-373.508000,477.608000,OK
3,9,adjacent,620,30,32,169,REV,E11,E10,E4,E5,-372.273000,468.072000,OK
3,9,adjacent,620,30,32,170,FWD,E10,E11,E5,E6,-20.105000,478.605000,OK
3,9,adjacent,620,30,32,171,REV,E11,E10,E5,E6,-17.691000,466.835000,OK
3,9,adjacent,620,30,32,172,FWD,E10,E11,E6,E7,-5.250000,478.486000,OK
3,9,adjacent,620,30,32,173,REV,E11,E10,E6,E7,-2.258000,467.074000,OK
3,9,adjacent,620,30,32,174,FWD,E10,E11,E7,E8,-10.883000,479.044000,OK
3,9,adjacent,620,30,32,175,REV,E11,E10,E7,E8,-6.270000,466.396000,OK
3,9,adjacent,620,30,32,176,FWD,E10,E11,E8,E9,6.875000,479.204000,OK
3,9,adjacent,620,30,32,177,REV,E11,E10,E8,E9,21.383000,466.875000,OK
3,9,adjacent,620,30,32,178,FWD,E10,E11,E12,E1,-1.520000,479.842000,OK
3,9,adjacent,620,30,32,179,REV,E11,E10,E12,E1,9.047000,466.915000,OK
3,9,adjacent,620,30,32,180,FWD,E11,E12,E1,E2,-5.914000,439.064000,OK
3,9,adjacent,620,30,32,181,REV,E12,E11,E1,E2,5.621000,507.054000,OK
3,9,adjacent,620,30,32,182,FWD,E11,E12,E2,E3,355.953000,468.989000,OK
3,9,adjacent,620,30,32,183,REV,E12,E11,E2,E3,359.961000,497.079000,OK
3,9,adjacent,620,30,32,184,FWD,E11,E12,E3,E4,22.617000,473.378000,OK
3,9,adjacent,620,30,32,185,REV,E12,E11,E3,E4,25.004000,495.164000,OK
3,9,adjacent,620,30,32,186,FWD,E11,E12,E4,E5,-374.898000,475.493000,OK
3,9,adjacent,620,30,32,187,REV,E12,E11,E4,E5,-372.602000,493.528000,OK
3,9,adjacent,620,30,32,188,FWD,E11,E12,E5,E6,-19.574000,475.533000,OK
3,9,adjacent,620,30,32,189,REV,E12,E11,E5,E6,-17.301000,493.329000,OK
3,9,adjacent,620,30,32,190,FWD,E11,E12,E6,E7,-4.809000,476.331000,OK
3,9,adjacent,620,30,32,191,REV,E12,E11,E6,E7,-2.652000,492.770000,OK
3,9,adjacent,620,30,32,192,FWD,E11,E12,E7,E8,-10.301000,476.331000,OK
3,9,adjacent,620,30,32,193,REV,E12,E11,E7,E8,-7.555000,492.690000,OK
3,9,adjacent,620,30,32,194,FWD,E11,E12,E8,E9,9.582000,476.770000,OK
3,9,adjacent,620,30,32,195,REV,E12,E11,E8,E9,16.082000,492.571000,OK
3,9,adjacent,620,30,32,196,FWD,E11,E12,E9,E10,-1.176000,476.730000,OK
3,9,adjacent,620,30,32,197,REV,E12,E11,E9,E10,11.211000,492.650000,OK
3,9,adjacent,620,30,32,198,FWD,E12,E1,E2,E3,354.258000,416.919000,OK
3,9,adjacent,620,30,32,199,REV,E1,E12,E2,E3,362.992000,464.600000,OK
3,9,adjacent,620,30,32,200,FWD,E12,E1,E3,E4,21.855000,445.887000,OK
3,9,adjacent,620,30,32,201,REV,E1,E12,E3,E4,25.605000,457.937000,OK
3,9,adjacent,620,30,32,202,FWD,E12,E1,E4,E5,-376.258000,449.717000,OK
3,9,adjacent,620,30,32,203,REV,E1,E12,E4,E5,-372.773000,455.104000,OK
3,9,adjacent,620,30,32,204,FWD,E12,E1,E5,E6,-19.375000,451.314000,OK
3,9,adjacent,620,30,32,205,REV,E1,E12,E5,E6,-16.941000,455.184000,OK
3,9,adjacent,620,30,32,206,FWD,E12,E1,E6,E7,-4.652000,451.353000,OK
3,9,adjacent,620,30,32,207,REV,E1,E12,E6,E7,-2.883000,454.346000,OK
3,9,adjacent,620,30,32,208,FWD,E12,E1,E7,E8,-10.000000,452.630000,OK
3,9,adjacent,620,30,32,209,REV,E1,E12,E7,E8,-8.172000,455.064000,OK
3,9,adjacent,620,30,32,210,FWD,E12,E1,E8,E9,10.645000,452.511000,OK
3,9,adjacent,620,30,32,211,REV,E1,E12,E8,E9,14.145000,453.907000,OK
3,9,adjacent,620,30,32,212,FWD,E12,E1,E9,E10,1.578000,452.870000,OK
3,9,adjacent,620,30,32,213,REV,E1,E12,E9,E10,6.066000,454.266000,OK
3,9,adjacent,620,30,32,214,FWD,E12,E1,E10,E11,-11.879000,452.670000,OK
3,9,adjacent,620,30,32,215,REV,E1,E12,E10,E11,-1.887000,453.827000,OK
4,10,adjacent,620,30,32,0,FWD,E1,E2,E3,E4,17.383000,410.894000,OK
4,10,adjacent,620,30,32,1,REV,E2,E1,E3,E4,30.621000,468.431000,OK
4,10,adjacent,620,30,32,2,FWD,E1,E2,E4,E5,-377.945000,439.982000,OK
4,10,adjacent,620,30,32,3,REV,E2,E1,E4,E5,-371.672000,458.057000,OK
4,10,adjacent,620,30,32,4,FWD,E1,E2,E5,E6,-20.156000,444.371000,OK
4,10,adjacent,620,30,32,5,REV,E2,E1,E5,E6,-15.664000,455.024000,OK
4,10,adjacent,620,30,32,6,FWD,E1,E2,E6,E7,-4.992000,445.887000,OK
4,10,adjacent,620,30,32,7,REV,E2,E1,E6,E7,-2.523000,453.827000,OK
4,10,adjacent,620,30,32,8,FWD,E1,E2,E7,E8,-10.133000,446.605000,OK
4,10,adjacent,620,30,32,9,REV,E2,E1,E7,E8,-8.195000,453.149000,OK
4,10,adjacent,620,30,32,10,FWD,E1,E2,E8,E9,10.758000,447.164000,OK
4,10,adjacent,620,30,32,11,REV,E2,E1,E8,E9,13.664000,451.992000,OK
4,10,adjacent,620,30,32,12,FWD,E1,E2,E9,E10,2.043000,447.643000,OK
4,10,adjacent,620,30,32,13,REV,E2,E1,E9,E10,4.914000,452.271000,OK
4,10,adjacent,620,30,32,14,FWD,E1,E2,E10,E11,-10.035000,448.042000,OK
4,10,adjacent,620,30,32,15,REV,E2,E1,E10,E11,-5.441000,452.151000,OK
4,10,adjacent,620,30,32,16,FWD,E1,E2,E11,E12,9.750000,448.600000,OK
4,10,adjacent,620,30,32,17,REV,E2,E1,E11,E12,20.477000,451.673000,OK
4,10,adjacent,620,30,32,18,FWD,E2,E3,E4,E5,-379.672000,179.831000,OK
4,10,adjacent,620,30,32,19,REV,E3,E2,E4,E5,-362.500000,630.825000,OK
4,10,adjacent,620,30,32,20,FWD,E2,E3,E5,E6,-19.723000,225.078000,OK
4,10,adjacent,620,30,32,21,REV,E3,E2,E5,E6,-11.910000,618.376000,OK
4,10,adjacent,620,30,32,22,FWD,E2,E3,E6,E7,-4.609000,234.215000,OK
4,10,adjacent,620,30,32,23,REV,E3,E2,E6,E7,-1.441000,612.192000,OK
4,10,adjacent,620,30,32,24,FWD,E2,E3,E7,E8,-9.719000,239.203000,OK
4,10,adjacent,620,30,32,25,REV,E3,E2,E7,E8,-7.793000,608.840000,OK
4,10,adjacent,620,30,32,26,FWD,E2,E3,E8,E9,11.512000,242.674000,OK
4,10,adjacent,620,30,32,27,REV,E3,E2,E8,E9,13.750000,605.289000,OK
4,10,adjacent,620,30,32,28,FWD,E2,E3,E9,E10,2.914000,245.268000,OK
4,10,adjacent,620,30,32,29,REV,E3,E2,E9,E10,4.574000,603.693000,OK
4,10,adjacent,620,30,32,30,FWD,E2,E3,E10,E11,-8.508000,246.824000,OK
4,10,adjacent,620,30,32,31,REV,E3,E2,E10,E11,-6.457000,601.818000,OK
4,10,adjacent,620,30,32,32,FWD,E2,E3,E11,E12,13.414000,248.580000,OK
4,10,adjacent,620,30,32,33,REV,E3,E2,E11,E12,16.992000,600.780000,OK
4,10,adjacent,620,30,32,34,FWD,E2,E3,E12,E1,5.289000,250.415000,OK
4,10,adjacent,620,30,32,35,REV,E3,E2,E12,E1,13.719000,598.945000,OK
4,10,adjacent,620,30,32,36,FWD,E3,E4,E1,E2,51.805000,241.717000,OK
4,10,adjacent,620,30,32,37,REV,E4,E3,E1,E2,46.836000,302.724000,OK
4,10,adjacent,620,30,32,38,FWD,E3,E4,E5,E6,-23.535000,273.757000,OK
4,10,adjacent,620,30,32,39,REV,E4,E3,E5,E6,-11.219000,297.298000,OK
4,10,adjacent,620,30,32,40,FWD,E3,E4,E6,E7,-5.574000,277.747000,OK
4,10,adjacent,620,30,32,41,REV,E4,E3,E6,E7,-1.895000,296.540000,OK
4,10,adjacent,620,30,32,42,FWD,E3,E4,E7,E8,-10.109000,279.662000,OK
4,10,adjacent,620,30,32,43,REV,E4,E3,E7,E8,-8.262000,296.739000,OK
4,10,adjacent,620,30,32,44,FWD,E3,E4,E8,E9,11.145000,280.021000,OK
4,10,adjacent,620,30,32,45,REV,E4,E3,E8,E9,12.883000,296.261000,OK
4,10,adjacent,620,30,32,46,FWD,E3,E4,E9,E10,2.805000,280.540000,OK
4,10,adjacent,620,30,32,47,REV,E4,E3,E9,E10,3.832000,296.540000,OK
4,10,adjacent,620,30,32,48,FWD,E3,E4,E10,E11,-8.582000,280.899000,OK
4,10,adjacent,620,30,32,49,REV,E4,E3,E10,E11,-7.574000,295.542000,OK
4,10,adjacent,620,30,32,50,FWD,E3,E4,E11,E12,13.492000,281.338000,OK
4,10,adjacent,620,30,32,51,REV,E4,E3,E11,E12,14.855000,295.662000,OK
4,10,adjacent,620,30,32,52,FWD,E3,E4,E12,E1,4.598000,282.096000,OK
4,10,adjacent,620,30,32,53,REV,E4,E3,E12,E1,6.937000,295.303000,OK
4,10,adjacent,620,30,32,54,FWD,E4,E5,E1,E2,4.254000,403.353000,OK
4,10,adjacent,620,30,32,55,REV,E5,E4,E1,E2,8.121000,167.183000,OK
4,10,adjacent,620,30,32,56,FWD,E4,E5,E2,E3,344.312000,411.094000,OK
4,10,adjacent,620,30,32,57,REV,E5,E4,E2,E3,354.711000,169.736000,OK
4,10,adjacent,620,30,32,58,FWD,E4,E5,E6,E7,-9.320000,407.583000,OK
4,10,adjacent,620,30,32,59,REV,E5,E4,E6,E7,-1.738000,173.208000,OK
4,10,adjacent,620,30,32,60,FWD,E4,E5,E7,E8,-11.617000,405.987000,OK
4,10,adjacent,620,30,32,61,REV,E5,E4,E7,E8,-8.340000,174.804000,OK
4,10,adjacent,620,30,32,62,FWD,E4,E5,E8,E9,9.984000,404.351000,OK
4,10,adjacent,620,30,32,63,REV,E5,E4,E8,E9,12.672000,176.879000,OK
4,10,adjacent,620,30,32,64,FWD,E4,E5,E9,E10,2.359000,403.473000,OK
4,10,adjacent,620,30,32,65,REV,E5,E4,E9,E10,3.645000,178.076000,OK
4,10,adjacent,620,30,32,66,FWD,E4,E5,E10,E11,-8.930000,402.396000,OK
4,10,adjacent,620,30,32,67,REV,E5,E4,E10,E11,-7.812000,179.751000,OK
4,10,adjacent,620,30,32,68,FWD,E4,E5,E11,E12,13.141000,402.076000,OK
4,10,adjacent,620,30,32,69,REV,E5,E4,E11,E12,14.414000,180.749000,OK
4,10,adjacent,620,30,32,70,FWD,E4,E5,E12,E1,3.684000,401.079000,OK
4,10,adjacent,620,30,32,71,REV,E5,E4,E12,E1,5.516000,182.425000,OK
4,10,adjacent,620,30,32,72,FWD,E5,E6,E1,E2,0.266000,445.289000,OK
4,10,adjacent,620,30,32,73,REV,E6,E5,E1,E2,4.488000,415.882000,OK
4,10,adjacent,620,30,32,74,FWD,E5,E6,E2,E3,349.500000,459.174000,OK
4,10,adjacent,620,30,32,75,REV,E6,E5,E2,E3,358.219000,415.483000,OK
4,10,adjacent,620,30,32,76,FWD,E5,E6,E3,E4,5.422000,458.137000,OK
4,10,adjacent,620,30,32,77,REV,E6,E5,E3,E4,25.848000,416.560000,OK
4,10,adjacent,620,30,32,78,FWD,E5,E6,E7,E8,-15.340000,456.700000,OK
4,10,adjacent,620,30,32,79,REV,E6,E5,E7,E8,-3.668000,417.757000,OK
4,10,adjacent,620,30,32,80,FWD,E5,E6,E8,E9,7.711000,455.782000,OK
4,10,adjacent,620,30,32,81,REV,E6,E5,E8,E9,15.688000,418.874000,OK
4,10,adjacent,620,30,32,82,FWD,E5,E6,E9,E10,1.641000,454.825000,OK
4,10,adjacent,620,30,32,83,REV,E6,E5,E9,E10,4.777000,419.593000,OK
4,10,adjacent,620,30,32,84,FWD,E5,E6,E10,E11,-9.328000,454.426000,OK
4,10,adjacent,620,30,32,85,REV,E6,E5,E10,E11,-7.117000,420.111000,OK
4,10,adjacent,620,30,32,86,FWD,E5,E6,E11,E12,12.969000,454.067000,OK
4,10,adjacent,620,30,32,87,REV,E6,E5,E11,E12,14.949000,420.510000,OK
4,10,adjacent,620,30,32,88,FWD,E5,E6,E12,E1,3.379000,453.508000,OK
4,10,adjacent,620,30,32,89,REV,E6,E5,E12,E1,5.684000,421.189000,OK
4,10,adjacent,620,30,32,90,FWD,E6,E7,E1,E2,-0.355000,486.625000,OK
4,10,adjacent,620,30,32,91,REV,E7,E6,E1,E2,2.371000,527.044000,OK
4,10,adjacent,620,30,32,92,FWD,E6,E7,E2,E3,354.992000,512.441000,OK
4,10,adjacent,620,30,32,93,REV,E7,E6,E2,E3,358.742000,518.586000,OK
4,10,adjacent,620,30,32,94,FWD,E6,E7,E3,E4,15.680000,515.593000,OK
4,10,adjacent,620,30,32,95,REV,E7,E6,E3,E4,22.293000,516.790000,OK
4,10,adjacent,620,30,32,96,FWD,E6,E7,E4,E5,-363.258000,516.950000,OK
4,10,adjacent,620,30,32,97,REV,E7,E6,E4,E5,-349.672000,515.433000,OK
4,10,adjacent,620,30,32,98,FWD,E6,E7,E8,E9,2.105000,517.907000,OK
4,10,adjacent,620,30,32,99,REV,E7,E6,E8,E9,21.551000,515.114000,OK
4,10,adjacent,620,30,32,100,FWD,E6,E7,E9,E10,0.332000,517.508000,OK
4,10,adjacent,620,30,32,101,REV,E7,E6,E9,E10,6.215000,515.234000,OK
4,10,adjacent,620,30,32,102,FWD,E6,E7,E10,E11,-9.813000,517.907000,OK
4,10,adjacent,620,30,32,103,REV,E7,E6,E10,E11,-6.547000,514.835000,OK
4,10,adjacent,620,30,32,104,FWD,E6,E7,E11,E12,12.816000,518.027000,OK
4,10,adjacent,620,30,32,105,REV,E7,E6,E11,E12,15.125000,515.234000,OK
4,10,adjacent,620,30,32,106,FWD,E6,E7,E12,E1,3.281000,518.346000,OK
4,10,adjacent,620,30,32,107,REV,E7,E6,E12,E1,5.359000,515.274000,OK
4,10,adjacent,620,30,32,108,FWD,E7,E8,E1,E2,-0.711000,456.022000,OK
4,10,adjacent,620,30,32,109,REV,E8,E7,E1,E2,1.395000,498.196000,OK
4,10,adjacent,620,30,32,110,FWD,E7,E8,E2,E3,356.828000,484.790000,OK
4,10,adjacent,620,30,32,111,REV,E8,E7,E2,E3,358.562000,489.738000,OK
4,10,adjacent,620,30,32,112,FWD,E7,E8,E3,E4,19.004000,489.698000,OK
4,10,adjacent,620,30,32,113,REV,E8,E7,E3,E4,21.531000,486.945000,OK
4,10,adjacent,620,30,32,114,FWD,E7,E8,E4,E5,-369.070000,491.174000,OK
4,10,adjacent,620,30,32,115,REV,E8,E7,E4,E5,-362.352000,485.867000,OK
4,10,adjacent,620,30,32,116,FWD,E7,E8,E5,E6,-27.320000,491.693000,OK
4,10,adjacent,620,30,32,117,REV,E8,E7,E5,E6,-14.344000,485.149000,OK
4,10,adjacent,620,30,32,118,FWD,E7,E8,E9,E10,-1.937000,491.773000,OK
4,10,adjacent,620,30,32,119,REV,E8,E7,E9,E10,8.402000,485.428000,OK
4,10,adjacent,620,30,32,120,FWD,E7,E8,E10,E11,-10.629000,492.331000,OK
4,10,adjacent,620,30,32,121,REV,E8,E7,E10,E11,-5.816000,484.750000,OK
4,10,adjacent,620,30,32,122,FWD,E7,E8,E11,E12,12.535000,491.493000,OK
4,10,adjacent,620,30,32,123,REV,E8,E7,E11,E12,15.313000,485.309000,OK
4,10,adjacent,620,30,32,124,FWD,E7,E8,E12,E1,3.172000,492.730000,OK
4,10,adjacent,620,30,32,125,REV,E8,E7,E12,E1,5.141000,484.989000,OK
4,10,adjacent,620,30,32,126,FWD,E8,E9,E1,E2,-1.426000,399.523000,OK
4,10,adjacent,620,30,32,127,REV,E9,E8,E1,E2,1.445000,466.037000,OK
4,10,adjacent,620,30,32,128,FWD,E8,E9,E2,E3,356.117000,429.528000,OK
4,10,adjacent,620,30,32,129,REV,E9,E8,E2,E3,358.242000,457.698000,OK
4,10,adjacent,620,30,32,130,FWD,E8,E9,E3,E4,21.402000,433.598000,OK
4,10,adjacent,620,30,32,131,REV,E9,E8,E3,E4,24.004000,455.104000,OK
4,10,adjacent,620,30,32,132,FWD,E8,E9,E4,E5,-371.914000,435.752000,OK
4,10,adjacent,620,30,32,133,REV,E9,E8,E4,E5,-367.328000,453.189000,OK
4,10,adjacent,620,30,32,134,FWD,E8,E9,E5,E6,-24.383000,436.231000,OK
4,10,adjacent,620,30,32,135,REV,E9,E8,E5,E6,-16.211000,453.189000,OK
4,10,adjacent,620,30,32,136,FWD,E8,E9,E6,E7,-10.508000,437.229000,OK
4,10,adjacent,620,30,32,137,REV,E9,E8,E6,E7,5.852000,451.752000,OK
4,10,adjacent,620,30,32,138,FWD,E8,E9,E10,E11,-15.016000,436.710000,OK
4,10,adjacent,620,30,32,139,REV,E9,E8,E10,E11,-1.199000,452.710000,OK
4,10,adjacent,620,30,32,140,FWD,E8,E9,E11,E12,10.984000,437.189000,OK
4,10,adjacent,620,30,32,141,REV,E9,E8,E11,E12,17.000000,452.072000,OK
4,10,adjacent,620,30,32,142,FWD,E8,E9,E12,E1,2.434000,437.428000,OK
4,10,adjacent,620,30,32,143,REV,E9,E8,E12,E1,5.871000,452.471000,OK
4,10,adjacent,620,30,32,144,FWD,E9,E10,E1,E2,-1.664000,410.416000,OK
4,10,adjacent,620,30,32,145,REV,E10,E9,E1,E2,1.180000,464.281000,OK
4,10,adjacent,620,30,32,146,FWD,E9,E10,E2,E3,355.234000,439.862000,OK
4,10,adjacent,620,30,32,147,REV,E10,E9,E2,E3,357.008000,455.503000,OK
4,10,adjacent,620,30,32,148,FWD,E9,E10,E3,E4,23.805000,444.251000,OK
4,10,adjacent,620,30,32,149,REV,E10,E9,E3,E4,25.578000,454.027000,OK
4,10,adjacent,620,30,32,150,FWD,E9,E10,E4,E5,-372.789000,445.328000,OK
4,10,adjacent,620,30,32,151,REV,E10,E9,E4,E5,-370.891000,453.588000,OK
4,10,adjacent,620,30,32,152,FWD,E9,E10,E5,E6,-21.145000,445.448000,OK
4,10,adjacent,620,30,32,153,REV,E10,E9,E5,E6,-17.859000,452.351000,OK
4,10,adjacent,620,30,32,154,FWD,E9,E10,E6,E7,-6.121000,446.246000,OK
4,10,adjacent,620,30,32,155,REV,E10,E9,E6,E7,-1.070000,452.870000,OK
4,10,adjacent,620,30,32,156,FWD,E9,E10,E7,E8,-11.332000,446.406000,OK
4,10,adjacent,620,30,32,157,REV,E10,E9,E7,E8,-2.121000,451.872000,OK
4,10,adjacent,620,30,32,158,FWD,E9,E10,E11,E12,8.125000,446.645000,OK
4,10,adjacent,620,30,32,159,REV,E10,E9,E11,E12,19.629000,452.431000,OK
4,10,adjacent,620,30,32,160,FWD,E9,E10,E12,E1,1.777000,446.964000,OK
4,10,adjacent,620,30,32,161,REV,E10,E9,E12,E1,6.215000,451.952000,OK
4,10,adjacent,620,30,32,162,FWD,E10,E11,E1,E2,-2.758000,443.493000,OK
4,10,adjacent,620,30,32,163,REV,E11,E10,E1,E2,2.039000,480.042000,OK
4,10,adjacent,620,30,32,164,FWD,E10,E11,E2,E3,354.922000,472.142000,OK
4,10,adjacent,620,30,32,165,REV,E11,E10,E2,E3,357.437000,471.543000,OK
4,10,adjacent,620,30,32,166,FWD,E10,E11,E3,E4,24.055000,477.129000,OK
4,10,adjacent,620,30,32,167,REV,E11,E10,E3,E4,26.215000,468.391000,OK
4,10,adjacent,620,30,32,168,FWD,E10,E11,E4,E5,-373.477000,478.047000,OK
4,10,adjacent,620,30,32,169,REV,E11,E10,E4,E5,-372.250000,467.633000,OK
4,10,adjacent,620,30,32,170,FWD,E10,E11,E5,E6,-20.137000,478.965000,OK
4,10,adjacent,620,30,32,171,REV,E11,E10,E5,E6,-17.727000,466.675000,OK
4,10,adjacent,620,30,32,172,FWD,E10,E11,E6,E7,-5.273000,478.486000,OK
4,10,adjacent,620,30,32,173,REV,E11,E10,E6,E7,-2.301000,466.915000,OK
4,10,adjacent,620,30,32,174,FWD,E10,E11,E7,E8,-10.871000,479.762000,OK
4,10,adjacent,620,30,32,175,REV,E11,E10,E7,E8,-6.258000,466.276000,OK
4,10,adjacent,620,30,32,176,FWD,E10,E11,E8,E9,6.922000,478.605000,OK
4,10,adjacent,620,30,32,177,REV,E11,E10,E8,E9,21.391000,466.795000,OK
4,10,adjacent,620,30,32,178,FWD,E10,E11,E12,E1,-1.512000,479.762000,OK
4,10,adjacent,620,30,32,179,REV,E11,E10,E12,E1,9.078000,466.516000,OK
4,10,adjacent,620,30,32,180,FWD,E11,E12,E1,E2,-5.898000,438.545000,OK
4,10,adjacent,620,30,32,181,REV,E12,E11,E1,E2,5.637000,506.895000,OK
4,10,adjacent,620,30,32,182,FWD,E11,E12,E2,E3,354.109000,468.630000,OK
4,10,adjacent,620,30,32,183,REV,E12,E11,E2,E3,358.148000,497.877000,OK
4,10,adjacent,620,30,32,184,FWD,E11,E12,E3,E4,24.285000,473.219000,OK
4,10,adjacent,620,30,32,185,REV,E12,E11,E3,E4,26.543000,495.603000,OK
4,10,adjacent,620,30,32,186,FWD,E11,E12,E4,E5,-374.820000,475.174000,OK
4,10,adjacent,620,30,32,187,REV,E12,E11,E4,E5,-372.539000,494.246000,OK
4,10,adjacent,620,30,32,188,FWD,E11,E12,E5,E6,-19.598000,476.331000,OK
4,10,adjacent,620,30,32,189,REV,E12,E11,E5,E6,-17.309000,493.528000,OK
4,10,adjacent,620,30,32,190,FWD,E11,E12,E6,E7,-4.855000,475.812000,OK
4,10,adjacent,620,30,32,191,REV,E12,E11,E6,E7,-2.711000,492.491000,OK
4,10,adjacent,620,30,32,192,FWD,E11,E12,E7,E8,-10.270000,476.092000,OK
4,10,adjacent,620,30,32,193,REV,E12,E11,E7,E8,-7.535000,492.291000,OK
4,10,adjacent,620,30,32,194,FWD,E11,E12,E8,E9,9.566000,476.690000,OK
4,10,adjacent,620,30,32,195,REV,E12,E11,E8,E9,16.090000,492.411000,OK
4,10,adjacent,620,30,32,196,FWD,E11,E12,E9,E10,-0.895000,477.009000,OK
4,10,adjacent,620,30,32,197,REV,E12,E11,E9,E10,11.543000,492.491000,OK
4,10,adjacent,620,30,32,198,FWD,E12,E1,E2,E3,352.508000,417.159000,OK
4,10,adjacent,620,30,32,199,REV,E1,E12,E2,E3,361.195000,465.239000,OK
4,10,adjacent,620,30,32,200,FWD,E12,E1,E3,E4,23.582000,446.286000,OK
4,10,adjacent,620,30,32,201,REV,E1,E12,E3,E4,27.094000,457.937000,OK
4,10,adjacent,620,30,32,202,FWD,E12,E1,E4,E5,-376.219000,449.717000,OK
4,10,adjacent,620,30,32,203,REV,E1,E12,E4,E5,-372.742000,455.623000,OK
4,10,adjacent,620,30,32,204,FWD,E12,E1,E5,E6,-19.410000,451.633000,OK
4,10,adjacent,620,30,32,205,REV,E1,E12,E5,E6,-16.977000,455.423000,OK
4,10,adjacent,620,30,32,206,FWD,E12,E1,E6,E7,-4.695000,451.752000,OK
4,10,adjacent,620,30,32,207,REV,E1,E12,E6,E7,-2.914000,454.067000,OK
4,10,adjacent,620,30,32,208,FWD,E12,E1,E7,E8,-9.977000,452.391000,OK
4,10,adjacent,620,30,32,209,REV,E1,E12,E7,E8,-8.137000,453.867000,OK
4,10,adjacent,620,30,32,210,FWD,E12,E1,E8,E9,10.641000,452.431000,OK
4,10,adjacent,620,30,32,211,REV,E1,E12,E8,E9,14.141000,453.668000,OK
4,10,adjacent,620,30,32,212,FWD,E12,E1,E9,E10,1.836000,452.471000,OK
4,10,adjacent,620,30,32,213,REV,E1,E12,E9,E10,6.293000,453.588000,OK
4,10,adjacent,620,30,32,214,FWD,E12,E1,E10,E11,-12.168000,452.072000,OK
4,10,adjacent,620,30,32,215,REV,E1,E12,E10,E11,-2.129000,453.787000,OK
5,11,adjacent,620,30,32,0,FWD,E1,E2,E3,E4,19.004000,410.456000,OK
5,11,adjacent,620,30,32,1,REV,E2,E1,E3,E4,32.281000,467.832000,OK
5,11,adjacent,620,30,32,2,FWD,E1,E2,E4,E5,-377.867000,439.224000,OK
5,11,adjacent,620,30,32,3,REV,E2,E1,E4,E5,-371.633000,457.618000,OK
5,11,adjacent,620,30,32,4,FWD,E1,E2,E5,E6,-20.191000,443.932000,OK
5,11,adjacent,620,30,32,5,REV,E2,E1,E5,E6,-15.703000,454.984000,OK
5,11,adjacent,620,30,32,6,FWD,E1,E2,E6,E7,-5.027000,445.727000,OK
5,11,adjacent,620,30,32,7,REV,E2,E1,E6,E7,-2.582000,453.508000,OK
5,11,adjacent,620,30,32,8,FWD,E1,E2,E7,E8,-10.098000,445.927000,OK
5,11,adjacent,620,30,32,9,REV,E2,E1,E7,E8,-8.160000,452.910000,OK
5,11,adjacent,620,30,32,10,FWD,E1,E2,E8,E9,10.758000,447.164000,OK
5,11,adjacent,620,30,32,11,REV,E2,E1,E8,E9,13.672000,452.590000,OK
5,11,adjacent,620,30,32,12,FWD,E1,E2,E9,E10,2.297000,447.124000,OK
5,11,adjacent,620,30,32,13,REV,E2,E1,E9,E10,5.152000,451.992000,OK
5,11,adjacent,620,30,32,14,FWD,E1,E2,E10,E11,-10.262000,448.042000,OK
5,11,adjacent,620,30,32,15,REV,E2,E1,E10,E11,-5.687000,451.353000,OK
5,11,adjacent,620,30,32,16,FWD,E1,E2,E11,E12,9.727000,447.683000,OK
5,11,adjacent,620,30,32,17,REV,E2,E1,E11,E12,20.395000,451.274000,OK
5,11,adjacent,620,30,32,18,FWD,E2,E3,E4,E5,-379.672000,180.350000,OK
5,11,adjacent,620,30,32,19,REV,E3,E2,E4,E5,-362.445000,630.147000,OK
5,11,adjacent,620,30,32,20,FWD,E2,E3,E5,E6,-19.738000,225.158000,OK
5,11,adjacent,620,30,32,21,REV,E3,E2,E5,E6,-11.934000,617.299000,OK
5,11,adjacent,620,30,32,22,FWD,E2,E3,E6,E7,-4.625000,234.415000,OK
5,11,adjacent,620,30,32,23,REV,E3,E2,E6,E7,-1.477000,611.434000,OK
5,11,adjacent,620,30,32,24,FWD,E2,E3,E7,E8,-9.691000,239.602000,OK
5,11,adjacent,620,30,32,25,REV,E3,E2,E7,E8,-7.777000,608.002000,OK
5,11,adjacent,620,30,32,26,FWD,E2,E3,E8,E9,11.496000,242.834000,OK
5,11,adjacent,620,30,32,27,REV,E3,E2,E8,E9,13.746000,605.289000,OK
5,11,adjacent,620,30,32,28,FWD,E2,E3,E9,E10,3.133000,245.707000,OK
5,11,adjacent,620,30,32,29,REV,E3,E2,E9,E10,4.793000,603.135000,OK
5,11,adjacent,620,30,32,30,FWD,E2,E3,E10,E11,-8.754000,247.821000,OK
5,11,adjacent,620,30,32,31,REV,E3,E2,E10,E11,-6.684000,601.738000,OK
5,11,adjacent,620,30,32,32,FWD,E2,E3,E11,E12,13.359000,249.737000,OK
5,11,adjacent,620,30,32,33,REV,E3,E2,E11,E12,16.934000,600.142000,OK
5,11,adjacent,620,30,32,34,FWD,E2,E3,E12,E1,5.328000,250.654000,OK
5,11,adjacent,620,30,32,35,REV,E3,E2,E12,E1,13.715000,599.344000,OK
5,11,adjacent,620,30,32,36,FWD,E3,E4,E1,E2,51.711000,241.477000,OK
5,11,adjacent,620,30,32,37,REV,E4,E3,E1,E2,46.777000,302.565000,OK
5,11,adjacent,620,30,32,38,FWD,E3,E4,E5,E6,-23.535000,272.879000,OK
5,11,adjacent,620,30,32,39,REV,E4,E3,E5,E6,-11.180000,297.697000,OK
5,11,adjacent,620,30,32,40,FWD,E3,E4,E6,E7,-5.598000,277.108000,OK
5,11,adjacent,620,30,32,41,REV,E4,E3,E6,E7,-1.902000,296.699000,OK
5,11,adjacent,620,30,32,42,FWD,E3,E4,E7,E8,-10.141000,278.505000,OK
5,11,adjacent,620,30,32,43,REV,E4,E3,E7,E8,-8.277000,296.699000,OK
5,11,adjacent,620,30,32,44,FWD,E3,E4,E8,E9,11.164000,280.300000,OK
5,11,adjacent,620,30,32,45,REV,E4,E3,E8,E9,12.934000,296.660000,OK
5,11,adjacent,620,30,32,46,FWD,E3,E4,E9,E10,2.996000,280.779000,OK
5,11,adjacent,620,30,32,47,REV,E4,E3,E9,E10,4.016000,296.819000,OK
5,11,adjacent,620,30,32,48,FWD,E3,E4,E10,E11,-8.781000,281.298000,OK
5,11,adjacent,620,30,32,49,REV,E4,E3,E10,E11,-7.738000,296.580000,OK
5,11,adjacent,620,30,32,50,FWD,E3,E4,E11,E12,13.422000,281.058000,OK
5,11,adjacent,620,30,32,51,REV,E4,E3,E11,E12,14.805000,296.660000,OK
5,11,adjacent,620,30,32,52,FWD,E3,E4,E12,E1,4.648000,282.016000,OK
5,11,adjacent,620,30,32,53,REV,E4,E3,E12,E1,6.937000,295.582000,OK
5,11,adjacent,620,30,32,54,FWD,E4,E5,E1,E2,4.312000,404.470000,OK
5,11,adjacent,620,30,32,55,REV,E5,E4,E1,E2,8.195000,167.263000,OK
5,11,adjacent,620,30,32,56,FWD,E4,E5,E2,E3,343.820000,410.934000,OK
5,11,adjacent,620,30,32,57,REV,E5,E4,E2,E3,354.172000,169.497000,OK
5,11,adjacent,620,30,32,58,FWD,E4,E5,E6,E7,-9.328000,408.460000,OK
5,11,adjacent,620,30,32,59,REV,E5,E4,E6,E7,-1.680000,172.809000,OK
5,11,adjacent,620,30,32,60,FWD,E4,E5,E7,E8,-11.641000,406.146000,OK
5,11,adjacent,620,30,32,61,REV,E5,E4,E7,E8,-8.348000,174.524000,OK
5,11,adjacent,620,30,32,62,FWD,E4,E5,E8,E9,10.023000,404.830000,OK
5,11,adjacent,620,30,32,63,REV,E5,E4,E8,E9,12.750000,176.918000,OK
5,11,adjacent,620,30,32,64,FWD,E4,E5,E9,E10,2.508000,403.393000,OK
5,11,adjacent,620,30,32,65,REV,E5,E4,E9,E10,3.848000,178.475000,OK
5,11,adjacent,620,30,32,66,FWD,E4,E5,E10,E11,-9.125000,403.034000,OK
5,11,adjacent,620,30,32,67,REV,E5,E4,E10,E11,-8.004000,180.031000,OK
5,11,adjacent,620,30,32,68,FWD,E4,E5,E11,E12,13.121000,402.116000,OK
5,11,adjacent,620,30,32,69,REV,E5,E4,E11,E12,14.363000,180.829000,OK
5,11,adjacent,620,30,32,70,FWD,E4,E5,E12,E1,3.676000,401.917000,OK
5,11,adjacent,620,30,32,71,REV,E5,E4,E12,E1,5.465000,181.986000,OK
5,11,adjacent,620,30,32,72,FWD,E5,E6,E1,E2,0.367000,445.807000,OK
5,11,adjacent,620,30,32,73,REV,E6,E5,E1,E2,4.594000,415.802000,OK
5,11,adjacent,620,30,32,74,FWD,E5,E6,E2,E3,347.414000,459.333000,OK
5,11,adjacent,620,30,32,75,REV,E6,E5,E2,E3,356.062000,415.204000,OK
5,11,adjacent,620,30,32,76,FWD,E5,E6,E3,E4,7.496000,458.097000,OK
5,11,adjacent,620,30,32,77,REV,E6,E5,E3,E4,27.969000,416.480000,OK
5,11,adjacent,620,30,32,78,FWD,E5,E6,E7,E8,-15.402000,456.461000,OK
5,11,adjacent,620,30,32,79,REV,E6,E5,E7,E8,-3.707000,417.478000,OK
5,11,adjacent,620,30,32,80,FWD,E5,E6,E8,E9,7.777000,455.782000,OK
5,11,adjacent,620,30,32,81,REV,E6,E5,E8,E9,15.773000,418.835000,OK
5,11,adjacent,620,30,32,82,FWD,E5,E6,E9,E10,1.816000,454.585000,OK
5,11,adjacent,620,30,32,83,REV,E6,E5,E9,E10,4.965000,419.074000,OK
5,11,adjacent,620,30,32,84,FWD,E5,E6,E10,E11,-9.488000,454.146000,OK
5,11,adjacent,620,30,32,85,REV,E6,E5,E10,E11,-7.258000,420.111000,OK
5,11,adjacent,620,30,32,86,FWD,E5,E6,E11,E12,12.895000,453.747000,OK
5,11,adjacent,620,30,32,87,REV,E6,E5,E11,E12,14.922000,420.630000,OK
5,11,adjacent,620,30,32,88,FWD,E5,E6,E12,E1,3.320000,453.508000,OK
5,11,adjacent,620,30,32,89,REV,E6,E5,E12,E1,5.637000,421.109000,OK
5,11,adjacent,620,30,32,90,FWD,E6,E7,E1,E2,-0.242000,486.825000,OK
5,11,adjacent,620,30,32,91,REV,E7,E6,E1,E2,2.504000,526.087000,OK
5,11,adjacent,620,30,32,92,FWD,E6,E7,E2,E3,352.211000,511.922000,OK
5,11,adjacent,620,30,32,93,REV,E7,E6,E2,E3,355.516000,518.985000,OK
5,11,adjacent,620,30,32,94,FWD,E6,E7,E3,E4,18.945000,516.032000,OK
5,11,adjacent,620,30,32,95,REV,E7,E6,E3,E4,25.543000,516.511000,OK
5,11,adjacent,620,30,32,96,FWD,E6,E7,E4,E5,-363.180000,517.029000,OK
5,11,adjacent,620,30,32,97,REV,E7,E6,E4,E5,-349.594000,515.793000,OK
5,11,adjacent,620,30,32,98,FWD,E6,E7,E8,E9,2.176000,517.748000,OK
5,11,adjacent,620,30,32,99,REV,E7,E6,E8,E9,21.582000,515.154000,OK
5,11,adjacent,620,30,32,100,FWD,E6,E7,E9,E10,0.469000,517.548000,OK
5,11,adjacent,620,30,32,101,REV,E7,E6,E9,E10,6.367000,514.675000,OK
5,11,adjacent,620,30,32,102,FWD,E6,E7,E10,E11,-9.992000,518.147000,OK
5,11,adjacent,620,30,32,103,REV,E7,E6,E10,E11,-6.730000,514.915000,OK
5,11,adjacent,620,30,32,104,FWD,E6,E7,E11,E12,12.766000,518.266000,OK
5,11,adjacent,620,30,32,105,REV,E7,E6,E11,E12,15.102000,514.556000,OK
5,11,adjacent,620,30,32,106,FWD,E6,E7,E12,E1,3.230000,518.346000,OK
5,11,adjacent,620,30,32,107,REV,E7,E6,E12,E1,5.262000,514.715000,OK
5,11,adjacent,620,30,32,108,FWD,E7,E8,E1,E2,-0.547000,456.261000,OK
5,11,adjacent,620,30,32,109,REV,E8,E7,E1,E2,1.527000,498.396000,OK
5,11,adjacent,620,30,32,110,FWD,E7,E8,E2,E3,354.695000,485.029000,OK
5,11,adjacent,620,30,32,111,REV,E8,E7,E2,E3,356.500000,489.019000,OK
5,11,adjacent,620,30,32,112,FWD,E7,E8,E3,E4,21.059000,490.057000,OK
5,11,adjacent,620,30,32,113,REV,E8,E7,E3,E4,23.762000,487.024000,OK
5,11,adjacent,620,30,32,114,FWD,E7,E8,E4,E5,-369.039000,490.496000,OK
5,11,adjacent,620,30,32,115,REV,E8,E7,E4,E5,-362.312000,485.748000,OK
5,11,adjacent,620,30,32,116,FWD,E7,E8,E5,E6,-27.398000,492.132000,OK
5,11,adjacent,620,30,32,117,REV,E8,E7,E5,E6,-14.391000,485.069000,OK
5,11,adjacent,620,30,32,118,FWD,E7,E8,E9,E10,-1.797000,491.733000,OK
5,11,adjacent,620,30,32,119,REV,E8,E7,E9,E10,8.555000,484.910000,OK
5,11,adjacent,620,30,32,120,FWD,E7,E8,E10,E11,-10.789000,491.613000,OK
5,11,adjacent,620,30,32,121,REV,E8,E7,E10,E11,-5.973000,484.630000,OK
5,11,adjacent,620,30,32,122,FWD,E7,E8,E11,E12,12.527000,491.932000,OK
5,11,adjacent,620,30,32,123,REV,E8,E7,E11,E12,15.281000,484.590000,OK
5,11,adjacent,620,30,32,124,FWD,E7,E8,E12,E1,3.066000,492.251000,OK
5,11,adjacent,620,30,32,125,REV,E8,E7,E12,E1,5.035000,484.551000,OK
5,11,adjacent,620,30,32,126,FWD,E8,E9,E1,E2,-1.191000,399.243000,OK
5,11,adjacent,620,30,32,127,REV,E9,E8,E1,E2,1.625000,466.117000,OK
5,11,adjacent,620,30,32,128,FWD,E8,E9,E2,E3,355.750000,429.209000,OK
5,11,adjacent,620,30,32,129,REV,E9,E8,E2,E3,357.992000,456.860000,OK
5,11,adjacent,620,30,32,130,FWD,E8,E9,E3,E4,21.742000,434.116000,OK
5,11,adjacent,620,30,32,131,REV,E9,E8,E3,E4,24.336000,454.506000,OK
5,11,adjacent,620,30,32,132,FWD,E8,E9,E4,E5,-371.828000,436.032000,OK
5,11,adjacent,620,30,32,133,REV,E9,E8,E4,E5,-367.266000,453.508000,OK
5,11,adjacent,620,30,32,134,FWD,E8,E9,E5,E6,-24.430000,436.830000,OK
5,11,adjacent,620,30,32,135,REV,E9,E8,E5,E6,-16.230000,452.750000,OK
5,11,adjacent,620,30,32,136,FWD,E8,E9,E6,E7,-10.480000,436.989000,OK
5,11,adjacent,620,30,32,137,REV,E9,E8,E6,E7,5.840000,452.630000,OK
5,11,adjacent,620,30,32,138,FWD,E8,E9,E10,E11,-15.152000,437.269000,OK
5,11,adjacent,620,30,32,139,REV,E9,E8,E10,E11,-1.344000,451.952000,OK
5,11,adjacent,620,30,32,140,FWD,E8,E9,E11,E12,10.977000,437.229000,OK
5,11,adjacent,620,30,32,141,REV,E9,E8,E11,E12,16.980000,451.553000,OK
5,11,adjacent,620,30,32,142,FWD,E8,E9,E12,E1,2.230000,437.827000,OK
5,11,adjacent,620,30,32,143,REV,E9,E8,E12,E1,5.687000,451.593000,OK
5,11,adjacent,620,30,32,144,FWD,E9,E10,E1,E2,-1.406000,410.096000,OK
5,11,adjacent,620,30,32,145,REV,E10,E9,E1,E2,1.414000,463.882000,OK
5,11,adjacent,620,30,32,146,FWD,E9,E10,E2,E3,356.500000,439.463000,OK
5,11,adjacent,620,30,32,147,REV,E10,E9,E2,E3,358.289000,455.862000,OK
5,11,adjacent,620,30,32,148,FWD,E9,E10,E3,E4,22.410000,443.214000,OK
5,11,adjacent,620,30,32,149,REV,E10,E9,E3,E4,24.273000,453.309000,OK
5,11,adjacent,620,30,32,150,FWD,E9,E10,E4,E5,-372.719000,445.169000,OK
5,11,adjacent,620,30,32,151,REV,E10,E9,E4,E5,-370.820000,452.750000,OK
5,11,adjacent,620,30,32,152,FWD,E9,E10,E5,E6,-21.180000,445.767000,OK
5,11,adjacent,620,30,32,153,REV,E10,E9,E5,E6,-17.918000,452.750000,OK
5,11,adjacent,620,30,32,154,FWD,E9,E10,E6,E7,-6.141000,446.246000,OK
5,11,adjacent,620,30,32,155,REV,E10,E9,E6,E7,-1.102000,452.870000,OK
5,11,adjacent,620,30,32,156,FWD,E9,E10,E7,E8,-11.270000,446.406000,OK
5,11,adjacent,620,30,32,157,REV,E10,E9,E7,E8,-2.070000,452.550000,OK
5,11,adjacent,620,30,32,158,FWD,E9,E10,E11,E12,8.102000,446.805000,OK
5,11,adjacent,620,30,32,159,REV,E10,E9,E11,E12,19.598000,451.912000,OK
5,11,adjacent,620,30,32,160,FWD,E9,E10,E12,E1,1.594000,446.406000,OK
5,11,adjacent,620,30,32,161,REV,E10,E9,E12,E1,6.035000,452.391000,OK
5,11,adjacent,620,30,32,162,FWD,E10,E11,E1,E2,-2.539000,443.094000,OK
5,11,adjacent,620,30,32,163,REV,E11,E10,E1,E2,2.277000,480.082000,OK
5,11,adjacent,620,30,32,164,FWD,E10,E11,E2,E3,356.273000,472.301000,OK
5,11,adjacent,620,30,32,165,REV,E11,E10,E2,E3,358.812000,470.865000,OK
5,11,adjacent,620,30,32,166,FWD,E10,E11,E3,E4,22.492000,476.570000,OK
5,11,adjacent,620,30,32,167,REV,E11,E10,E3,E4,24.621000,468.710000,OK
5,11,adjacent,620,30,32,168,FWD,E10,E11,E4,E5,-373.375000,477.448000,OK
5,11,adjacent,620,30,32,169,REV,E11,E10,E4,E5,-372.195000,467.593000,OK
5,11,adjacent,620,30,32,170,FWD,E10,E11,E5,E6,-20.176000,479.084000,OK
5,11,adjacent,620,30,32,171,REV,E11,E10,E5,E6,-17.762000,466.595000,OK
5,11,adjacent,620,30,32,172,FWD,E10,E11,E6,E7,-5.305000,478.685000,OK
5,11,adjacent,620,30,32,173,REV,E11,E10,E6,E7,-2.336000,467.034000,OK
5,11,adjacent,620,30,32,174,FWD,E10,E11,E7,E8,-10.801000,479.044000,OK
5,11,adjacent,620,30,32,175,REV,E11,E10,E7,E8,-6.184000,466.436000,OK
5,11,adjacent,620,30,32,176,FWD,E10,E11,E8,E9,6.867000,479.523000,OK
5,11,adjacent,620,30,32,177,REV,E11,E10,E8,E9,21.379000,467.114000,OK
5,11,adjacent,620,30,32,178,FWD,E10,E11,E12,E1,-1.680000,479.882000,OK
5,11,adjacent,620,30,32,179,REV,E11,E10,E12,E1,8.914000,466.196000,OK
5,11,adjacent,620,30,32,180,FWD,E11,E12,E1,E2,-5.699000,438.306000,OK
5,11,adjacent,620,30,32,181,REV,E12,E11,E1,E2,5.848000,506.496000,OK
5,11,adjacent,620,30,32,182,FWD,E11,E12,E2,E3,355.164000,468.231000,OK
5,11,adjacent,620,30,32,183,REV,E12,E11,E2,E3,359.242000,496.920000,OK
5,11,adjacent,620,30,32,184,FWD,E11,E12,E3,E4,23.430000,473.658000,OK
5,11,adjacent,620,30,32,185,REV,E12,E11,E3,E4,25.781000,495.244000,OK
5,11,adjacent,620,30,32,186,FWD,E11,E12,E4,E5,-374.750000,475.334000,OK
5,11,adjacent,620,30,32,187,REV,E12,E11,E4,E5,-372.500000,493.488000,OK
5,11,adjacent,620,30,32,188,FWD,E11,E12,E5,E6,-19.637000,475.812000,OK
5,11,adjacent,620,30,32,189,REV,E12,E11,E5,E6,-17.375000,493.408000,OK
5,11,adjacent,620,30,32,190,FWD,E11,E12,E6,E7,-4.863000,476.012000,OK
5,11,adjacent,620,30,32,191,REV,E12,E11,E6,E7,-2.691000,492.770000,OK
5,11,adjacent,620,30,32,192,FWD,E11,E12,E7,E8,-10.199000,476.132000,OK
5,11,adjacent,620,30,32,193,REV,E12,E11,E7,E8,-7.465000,492.770000,OK
5,11,adjacent,620,30,32,194,FWD,E11,E12,E8,E9,9.543000,476.531000,OK
5,11,adjacent,620,30,32,195,REV,E12,E11,E8,E9,16.039000,491.892000,OK
5,11,adjacent,620,30,32,196,FWD,E11,E12,E9,E10,-0.797000,476.092000,OK
5,11,adjacent,620,30,32,197,REV,E12,E11,E9,E10,11.613000,492.571000,OK
5,11,adjacent,620,30,32,198,FWD,E12,E1,E2,E3,353.445000,416.999000,OK
5,11,adjacent,620,30,32,199,REV,E1,E12,E2,E3,362.172000,464.361000,OK
5,11,adjacent,620,30,32,200,FWD,E12,E1,E3,E4,22.535000,445.448000,OK
5,11,adjacent,620,30,32,201,REV,E1,E12,E3,E4,26.020000,457.618000,OK
5,11,adjacent,620,30,32,202,FWD,E12,E1,E4,E5,-376.148000,449.717000,OK
5,11,adjacent,620,30,32,203,REV,E1,E12,E4,E5,-372.711000,455.104000,OK
5,11,adjacent,620,30,32,204,FWD,E12,E1,E5,E6,-19.449000,450.994000,OK
5,11,adjacent,620,30,32,205,REV,E1,E12,E5,E6,-17.023000,454.705000,OK
5,11,adjacent,620,30,32,206,FWD,E12,E1,E6,E7,-4.676000,451.752000,OK
5,11,adjacent,620,30,32,207,REV,E1,E12,E6,E7,-2.898000,454.665000,OK
5,11,adjacent,620,30,32,208,FWD,E12,E1,E7,E8,-9.965000,451.952000,OK
5,11,adjacent,620,30,32,209,REV,E1,E12,E7,E8,-8.141000,453.668000,OK
5,11,adjacent,620,30,32,210,FWD,E12,E1,E8,E9,10.637000,451.952000,OK
5,11,adjacent,620,30,32,211,REV,E1,E12,E8,E9,14.148000,453.588000,OK
5,11,adjacent,620,30,32,212,FWD,E12,E1,E9,E10,1.918000,452.471000,OK
5,11,adjacent,620,30,32,213,REV,E1,E12,E9,E10,6.383000,453.149000,OK
5,11,adjacent,620,30,32,214,FWD,E12,E1,E10,E11,-12.238000,452.231000,OK
5,11,adjacent,620,30,32,215,REV,E1,E12,E10,E11,-2.230000,453.787000,OK
6,12,adjacent,620,30,32,0,FWD,E1,E2,E3,E4,16.750000,410.854000,OK
6,12,adjacent,620,30,32,1,REV,E2,E1,E3,E4,29.887000,468.471000,OK
6,12,adjacent,620,30,32,2,FWD,E1,E2,E4,E5,-377.828000,439.104000,OK
6,12,adjacent,620,30,32,3,REV,E2,E1,E4,E5,-371.602000,458.057000,OK
6,12,adjacent,620,30,32,4,FWD,E1,E2,E5,E6,-20.258000,443.493000,OK
6,12,adjacent,620,30,32,5,REV,E2,E1,E5,E6,-15.738000,455.024000,OK
6,12,adjacent,620,30,32,6,FWD,E1,E2,E6,E7,-4.996000,445.688000,OK
6,12,adjacent,620,30,32,7,REV,E2,E1,E6,E7,-2.563000,453.468000,OK
6,12,adjacent,620,30,32,8,FWD,E1,E2,E7,E8,-10.125000,446.286000,OK
6,12,adjacent,620,30,32,9,REV,E2,E1,E7,E8,-8.172000,453.029000,OK
6,12,adjacent,620,30,32,10,FWD,E1,E2,E8,E9,10.750000,447.483000,OK
6,12,adjacent,620,30,32,11,REV,E2,E1,E8,E9,13.699000,452.112000,OK
6,12,adjacent,620,30,32,12,FWD,E1,E2,E9,E10,2.375000,447.802000,OK
6,12,adjacent,620,30,32,13,REV,E2,E1,E9,E10,5.219000,452.032000,OK
6,12,adjacent,620,30,32,14,FWD,E1,E2,E10,E11,-10.352000,448.042000,OK
6,12,adjacent,620,30,32,15,REV,E2,E1,E10,E11,-5.746000,451.713000,OK
6,12,adjacent,620,30,32,16,FWD,E1,E2,E11,E12,9.742000,448.201000,OK
6,12,adjacent,620,30,32,17,REV,E2,E1,E11,E12,20.449000,451.673000,OK
6,12,adjacent,620,30,32,18,FWD,E2,E3,E4,E5,-379.570000,178.754000,OK
6,12,adjacent,620,30,32,19,REV,E3,E2,E4,E5,-362.359000,631.623000,OK
6,12,adjacent,620,30,32,20,FWD,E2,E3,E5,E6,-19.773000,223.682000,OK
6,12,adjacent,620,30,32,21,REV,E3,E2,E5,E6,-11.961000,618.257000,OK
6,12,adjacent,620,30,32,22,FWD,E2,E3,E6,E7,-4.594000,233.218000,OK
6,12,adjacent,620,30,32,23,REV,E3,E2,E6,E7,-1.434000,612.671000,OK
6,12,adjacent,620,30,32,24,FWD,E2,E3,E7,E8,-9.711000,238.844000,OK
6,12,adjacent,620,30,32,25,REV,E3,E2,E7,E8,-7.777000,608.920000,OK
6,12,adjacent,620,30,32,26,FWD,E2,E3,E8,E9,11.531000,241.757000,OK
6,12,adjacent,620,30,32,27,REV,E3,E2,E8,E9,13.766000,606.287000,OK
6,12,adjacent,620,30,32,28,FWD,E2,E3,E9,E10,3.211000,244.550000,OK
6,12,adjacent,620,30,32,29,REV,E3,E2,E9,E10,4.859000,603.933000,OK
6,12,adjacent,620,30,32,30,FWD,E2,E3,E10,E11,-8.824000,246.106000,OK
6,12,adjacent,620,30,32,31,REV,E3,E2,E10,E11,-6.750000,602.895000,OK
6,12,adjacent,620,30,32,32,FWD,E2,E3,E11,E12,13.418000,247.901000,OK
6,12,adjacent,620,30,32,33,REV,E3,E2,E11,E12,17.008000,601.259000,OK
6,12,adjacent,620,30,32,34,FWD,E2,E3,E12,E1,5.437000,249.098000,OK
6,12,adjacent,620,30,32,35,REV,E3,E2,E12,E1,13.816000,600.102000,OK
6,12,adjacent,620,30,32,36,FWD,E3,E4,E1,E2,51.988000,242.634000,OK
6,12,adjacent,620,30,32,37,REV,E4,E3,E1,E2,47.016000,302.884000,OK
6,12,adjacent,620,30,32,38,FWD,E3,E4,E5,E6,-23.617000,273.797000,OK
6,12,adjacent,620,30,32,39,REV,E4,E3,E5,E6,-11.273000,297.378000,OK
6,12,adjacent,620,30,32,40,FWD,E3,E4,E6,E7,-5.582000,278.186000,OK
6,12,adjacent,620,30,32,41,REV,E4,E3,E6,E7,-1.863000,296.460000,OK
6,12,adjacent,620,30,32,42,FWD,E3,E4,E7,E8,-10.168000,279.981000,OK
6,12,adjacent,620,30,32,43,REV,E4,E3,E7,E8,-8.316000,296.101000,OK
6,12,adjacent,620,30,32,44,FWD,E3,E4,E8,E9,11.203000,280.540000,OK
6,12,adjacent,620,30,32,45,REV,E4,E3,E8,E9,12.992000,296.300000,OK
6,12,adjacent,620,30,32,46,FWD,E3,E4,E9,E10,3.047000,281.737000,OK
6,12,adjacent,620,30,32,47,REV,E4,E3,E9,E10,4.055000,295.782000,OK
6,12,adjacent,620,30,32,48,FWD,E3,E4,E10,E11,-8.828000,282.016000,OK
6,12,adjacent,620,30,32,49,REV,E4,E3,E10,E11,-7.836000,295.822000,OK
6,12,adjacent,620,30,32,50,FWD,E3,E4,E11,E12,13.473000,282.774000,OK
6,12,adjacent,620,30,32,51,REV,E4,E3,E11,E12,14.848000,296.221000,OK
6,12,adjacent,620,30,32,52,FWD,E3,E4,E12,E1,4.707000,282.615000,OK
6,12,adjacent,620,30,32,53,REV,E4,E3,E12,E1,7.055000,295.742000,OK
6,12,adjacent,620,30,32,54,FWD,E4,E5,E1,E2,4.297000,404.510000,OK
6,12,adjacent,620,30,32,55,REV,E5,E4,E1,E2,8.172000,167.542000,OK
6,12,adjacent,620,30,32,56,FWD,E4,E5,E2,E3,345.523000,411.373000,OK
6,12,adjacent,620,30,32,57,REV,E5,E4,E2,E3,355.789000,169.497000,OK
6,12,adjacent,620,30,32,58,FWD,E4,E5,E6,E7,-9.324000,408.301000,OK
6,12,adjacent,620,30,32,59,REV,E5,E4,E6,E7,-1.691000,172.849000,OK
6,12,adjacent,620,30,32,60,FWD,E4,E5,E7,E8,-11.695000,406.346000,OK
6,12,adjacent,620,30,32,61,REV,E5,E4,E7,E8,-8.383000,174.684000,OK
6,12,adjacent,620,30,32,62,FWD,E4,E5,E8,E9,10.125000,404.510000,OK
6,12,adjacent,620,30,32,63,REV,E5,E4,E8,E9,12.820000,177.158000,OK
6,12,adjacent,620,30,32,64,FWD,E4,E5,E9,E10,2.535000,404.032000,OK
6,12,adjacent,620,30,32,65,REV,E5,E4,E9,E10,3.859000,178.554000,OK
6,12,adjacent,620,30,32,66,FWD,E4,E5,E10,E11,-9.188000,402.436000,OK
6,12,adjacent,620,30,32,67,REV,E5,E4,E10,E11,-8.074000,180.071000,OK
6,12,adjacent,620,30,32,68,FWD,E4,E5,E11,E12,13.133000,402.236000,OK
6,12,adjacent,620,30,32,69,REV,E5,E4,E11,E12,14.379000,181.188000,OK
6,12,adjacent,620,30,32,70,FWD,E4,E5,E12,E1,3.844000,401.438000,OK
6,12,adjacent,620,30,32,71,REV,E5,E4,E12,E1,5.637000,181.866000,OK
6,12,adjacent,620,30,32,72,FWD,E5,E6,E1,E2,0.246000,445.448000,OK
6,12,adjacent,620,30,32,73,REV,E6,E5,E1,E2,4.473000,416.081000,OK
6,12,adjacent,620,30,32,74,FWD,E5,E6,E2,E3,350.844000,459.413000,OK
6,12,adjacent,620,30,32,75,REV,E6,E5,E2,E3,359.445000,414.924000,OK
6,12,adjacent,620,30,32,76,FWD,E5,E6,E3,E4,4.160000,457.458000,OK
6,12,adjacent,620,30,32,77,REV,E6,E5,E3,E4,24.758000,416.520000,OK
6,12,adjacent,620,30,32,78,FWD,E5,E6,E7,E8,-15.441000,457.259000,OK
6,12,adjacent,620,30,32,79,REV,E6,E5,E7,E8,-3.762000,417.278000,OK
6,12,adjacent,620,30,32,80,FWD,E5,E6,E8,E9,7.859000,455.543000,OK
6,12,adjacent,620,30,32,81,REV,E6,E5,E8,E9,15.855000,418.396000,OK
6,12,adjacent,620,30,32,82,FWD,E5,E6,E9,E10,1.824000,454.785000,OK
6,12,adjacent,620,30,32,83,REV,E6,E5,E9,E10,4.984000,418.914000,OK
6,12,adjacent,620,30,32,84,FWD,E5,E6,E10,E11,-9.527000,454.426000,OK
6,12,adjacent,620,30,32,85,REV,E6,E5,E10,E11,-7.348000,419.752000,OK
6,12,adjacent,620,30,32,86,FWD,E5,E6,E11,E12,12.922000,454.226000,OK
6,12,adjacent,620,30,32,87,REV,E6,E5,E11,E12,14.930000,420.111000,OK
6,12,adjacent,620,30,32,88,FWD,E5,E6,E12,E1,3.523000,453.109000,OK
6,12,adjacent,620,30,32,89,REV,E6,E5,E12,E1,5.805000,421.029000,OK
6,12,adjacent,620,30,32,90,FWD,E6,E7,E1,E2,-0.375000,486.506000,OK
6,12,adjacent,620,30,32,91,REV,E7,E6,E1,E2,2.363000,526.765000,OK
6,12,adjacent,620,30,32,92,FWD,E6,E7,E2,E3,354.617000,511.962000,OK
6,12,adjacent,620,30,32,93,REV,E7,E6,E2,E3,358.117000,518.466000,OK
6,12,adjacent,620,30,32,94,FWD,E6,E7,E3,E4,16.348000,516.032000,OK
6,12,adjacent,620,30,32,95,REV,E7,E6,E3,E4,23.023000,516.551000,OK
6,12,adjacent,620,30,32,96,FWD,E6,E7,E4,E5,-363.141000,516.790000,OK
6,12,adjacent,620,30,32,97,REV,E7,E6,E4,E5,-349.539000,515.553000,OK
6,12,adjacent,620,30,32,98,FWD,E6,E7,E8,E9,2.266000,517.668000,OK
6,12,adjacent,620,30,32,99,REV,E7,E6,E8,E9,21.699000,514.755000,OK
6,12,adjacent,620,30,32,100,FWD,E6,E7,E9,E10,0.504000,517.628000,OK
6,12,adjacent,620,30,32,101,REV,E7,E6,E9,E10,6.395000,515.074000,OK
6,12,adjacent,620,30,32,102,FWD,E6,E7,E10,E11,-10.055000,518.107000,OK
6,12,adjacent,620,30,32,103,REV,E7,E6,E10,E11,-6.770000,514.476000,OK
6,12,adjacent,620,30,32,104,FWD,E6,E7,E11,E12,12.773000,518.266000,OK
6,12,adjacent,620,30,32,105,REV,E7,E6,E11,E12,15.102000,514.915000,OK
6,12,adjacent,620,30,32,106,FWD,E6,E7,E12,E1,3.441000,517.788000,OK
6,12,adjacent,620,30,32,107,REV,E7,E6,E12,E1,5.477000,514.476000,OK
6,12,adjacent,620,30,32,108,FWD,E7,E8,E1,E2,-0.742000,455.304000,OK
6,12,adjacent,620,30,32,109,REV,E8,E7,E1,E2,1.359000,498.276000,OK
6,12,adjacent,620,30,32,110,FWD,E7,E8,E2,E3,356.312000,484.870000,OK
6,12,adjacent,620,30,32,111,REV,E8,E7,E2,E3,358.039000,489.019000,OK
6,12,adjacent,620,30,32,112,FWD,E7,E8,E3,E4,19.562000,489.418000,OK
6,12,adjacent,620,30,32,113,REV,E8,E7,E3,E4,22.262000,486.306000,OK
6,12,adjacent,620,30,32,114,FWD,E7,E8,E4,E5,-369.000000,490.576000,OK
6,12,adjacent,620,30,32,115,REV,E8,E7,E4,E5,-362.227000,486.067000,OK
6,12,adjacent,620,30,32,116,FWD,E7,E8,E5,E6,-27.441000,492.132000,OK
6,12,adjacent,620,30,32,117,REV,E8,E7,E5,E6,-14.410000,485.229000,OK
6,12,adjacent,620,30,32,118,FWD,E7,E8,E9,E10,-1.758000,491.932000,OK
6,12,adjacent,620,30,32,119,REV,E8,E7,E9,E10,8.555000,484.830000,OK
6,12,adjacent,620,30,32,120,FWD,E7,E8,E10,E11,-10.844000,492.251000,OK
6,12,adjacent,620,30,32,121,REV,E8,E7,E10,E11,-6.043000,485.069000,OK
6,12,adjacent,620,30,32,122,FWD,E7,E8,E11,E12,12.531000,492.092000,OK
6,12,adjacent,620,30,32,123,REV,E8,E7,E11,E12,15.301000,484.630000,OK
6,12,adjacent,620,30,32,124,FWD,E7,E8,E12,E1,3.262000,491.932000,OK
6,12,adjacent,620,30,32,125,REV,E8,E7,E12,E1,5.250000,484.551000,OK
6,12,adjacent,620,30,32,126,FWD,E8,E9,E1,E2,-1.387000,399.243000,OK
6,12,adjacent,620,30,32,127,REV,E9,E8,E1,E2,1.477000,465.877000,OK
6,12,adjacent,620,30,32,128,FWD,E8,E9,E2,E3,356.984000,428.929000,OK
6,12,adjacent,620,30,32,129,REV,E9,E8,E2,E3,359.227000,456.820000,OK
6,12,adjacent,620,30,32,130,FWD,E8,E9,E3,E4,20.340000,434.116000,OK
6,12,adjacent,620,30,32,131,REV,E9,E8,E3,E4,22.875000,455.024000,OK
6,12,adjacent,620,30,32,132,FWD,E8,E9,E4,E5,-371.789000,435.513000,OK
6,12,adjacent,620,30,32,133,REV,E9,E8,E4,E5,-367.258000,452.750000,OK
6,12,adjacent,620,30,32,134,FWD,E8,E9,E5,E6,-24.488000,436.351000,OK
6,12,adjacent,620,30,32,135,REV,E9,E8,E5,E6,-16.289000,452.151000,OK
6,12,adjacent,620,30,32,136,FWD,E8,E9,E6,E7,-10.520000,437.069000,OK
6,12,adjacent,620,30,32,137,REV,E9,E8,E6,E7,5.859000,452.351000,OK
6,12,adjacent,620,30,32,138,FWD,E8,E9,E10,E11,-15.219000,437.308000,OK
6,12,adjacent,620,30,32,139,REV,E9,E8,E10,E11,-1.418000,452.191000,OK
6,12,adjacent,620,30,32,140,FWD,E8,E9,E11,E12,10.969000,437.189000,OK
6,12,adjacent,620,30,32,141,REV,E9,E8,E11,E12,16.996000,451.912000,OK
6,12,adjacent,620,30,32,142,FWD,E8,E9,E12,E1,2.434000,437.428000,OK
6,12,adjacent,620,30,32,143,REV,E9,E8,E12,E1,5.891000,451.633000,OK
6,12,adjacent,620,30,32,144,FWD,E9,E10,E1,E2,-1.566000,410.017000,OK
6,12,adjacent,620,30,32,145,REV,E10,E9,E1,E2,1.234000,464.401000,OK
6,12,adjacent,620,30,32,146,FWD,E9,E10,E2,E3,357.742000,439.782000,OK
6,12,adjacent,620,30,32,147,REV,E10,E9,E2,E3,359.500000,456.900000,OK
6,12,adjacent,620,30,32,148,FWD,E9,E10,E3,E4,21.184000,444.012000,OK
6,12,adjacent,620,30,32,149,REV,E10,E9,E3,E4,22.895000,454.466000,OK
6,12,adjacent,620,30,32,150,FWD,E9,E10,E4,E5,-372.672000,444.770000,OK
6,12,adjacent,620,30,32,151,REV,E10,E9,E4,E5,-370.758000,453.468000,OK
6,12,adjacent,620,30,32,152,FWD,E9,E10,E5,E6,-21.223000,445.408000,OK
6,12,adjacent,620,30,32,153,REV,E10,E9,E5,E6,-17.949000,452.511000,OK
6,12,adjacent,620,30,32,154,FWD,E9,E10,E6,E7,-6.133000,445.767000,OK
6,12,adjacent,620,30,32,155,REV,E10,E9,E6,E7,-1.109000,452.032000,OK
6,12,adjacent,620,30,32,156,FWD,E9,E10,E7,E8,-11.371000,445.169000,OK
6,12,adjacent,620,30,32,157,REV,E10,E9,E7,E8,-2.152000,451.633000,OK
6,12,adjacent,620,30,32,158,FWD,E9,E10,E11,E12,8.109000,446.366000,OK
6,12,adjacent,620,30,32,159,REV,E10,E9,E11,E12,19.605000,451.912000,OK
6,12,adjacent,620,30,32,160,FWD,E9,E10,E12,E1,1.816000,445.927000,OK
6,12,adjacent,620,30,32,161,REV,E10,E9,E12,E1,6.254000,451.713000,OK
6,12,adjacent,620,30,32,162,FWD,E10,E11,E1,E2,-2.707000,443.094000,OK
6,12,adjacent,620,30,32,163,REV,E11,E10,E1,E2,2.098000,479.842000,OK
6,12,adjacent,620,30,32,164,FWD,E10,E11,E2,E3,357.234000,472.660000,OK
6,12,adjacent,620,30,32,165,REV,E11,E10,E2,E3,359.820000,471.184000,OK
6,12,adjacent,620,30,32,166,FWD,E10,E11,E3,E4,21.344000,476.969000,OK
6,12,adjacent,620,30,32,167,REV,E11,E10,E3,E4,23.336000,468.750000,OK
6,12,adjacent,620,30,32,168,FWD,E10,E11,E4,E5,-373.320000,478.206000,OK
6,12,adjacent,620,30,32,169,REV,E11,E10,E4,E5,-372.117000,468.351000,OK
6,12,adjacent,620,30,32,170,FWD,E10,E11,E5,E6,-20.223000,478.725000,OK
6,12,adjacent,620,30,32,171,REV,E11,E10,E5,E6,-17.816000,466.994000,OK
6,12,adjacent,620,30,32,172,FWD,E10,E11,E6,E7,-5.289000,479.084000,OK
6,12,adjacent,620,30,32,173,REV,E11,E10,E6,E7,-2.324000,466.595000,OK
6,12,adjacent,620,30,32,174,FWD,E10,E11,E7,E8,-10.863000,479.284000,OK
6,12,adjacent,620,30,32,175,REV,E11,E10,E7,E8,-6.246000,466.476000,OK
6,12,adjacent,620,30,32,176,FWD,E10,E11,E8,E9,6.941000,479.643000,OK
6,12,adjacent,620,30,32,177,REV,E11,E10,E8,E9,21.410000,466.316000,OK
6,12,adjacent,620,30,32,178,FWD,E10,E11,E12,E1,-1.656000,479.324000,OK
6,12,adjacent,620,30,32,179,REV,E11,E10,E12,E1,8.887000,466.795000,OK
6,12,adjacent,620,30,32,180,FWD,E11,E12,E1,E2,-5.660000,438.944000,OK
6,12,adjacent,620,30,32,181,REV,E12,E11,E1,E2,5.895000,505.937000,OK
6,12,adjacent,620,30,32,182,FWD,E11,E12,E2,E3,356.633000,468.032000,OK
6,12,adjacent,620,30,32,183,REV,E12,E11,E2,E3,360.609000,497.558000,OK
6,12,adjacent,620,30,32,184,FWD,E11,E12,E3,E4,21.789000,473.299000,OK
6,12,adjacent,620,30,32,185,REV,E12,E11,E3,E4,23.973000,494.685000,OK
6,12,adjacent,620,30,32,186,FWD,E11,E12,E4,E5,-374.750000,474.256000,OK
6,12,adjacent,620,30,32,187,REV,E12,E11,E4,E5,-372.484000,493.807000,OK
6,12,adjacent,620,30,32,188,FWD,E11,E12,E5,E6,-19.684000,475.334000,OK
6,12,adjacent,620,30,32,189,REV,E12,E11,E5,E6,-17.379000,493.289000,OK
6,12,adjacent,620,30,32,190,FWD,E11,E12,E6,E7,-4.871000,475.733000,OK
6,12,adjacent,620,30,32,191,REV,E12,E11,E6,E7,-2.699000,492.730000,OK
6,12,adjacent,620,30,32,192,FWD,E11,E12,E7,E8,-10.246000,476.171000,OK
6,12,adjacent,620,30,32,193,REV,E12,E11,E7,E8,-7.496000,492.890000,OK
6,12,adjacent,620,30,32,194,FWD,E11,E12,E8,E9,9.582000,476.171000,OK
6,12,adjacent,620,30,32,195,REV,E12,E11,E8,E9,16.109000,492.451000,OK
6,12,adjacent,620,30,32,196,FWD,E11,E12,E9,E10,-0.777000,476.810000,OK
6,12,adjacent,620,30,32,197,REV,E12,E11,E9,E10,11.664000,492.172000,OK
6,12,adjacent,620,30,32,198,FWD,E12,E1,E2,E3,355.086000,416.999000,OK
6,12,adjacent,620,30,32,199,REV,E1,E12,E2,E3,363.727000,464.680000,OK
6,12,adjacent,620,30,32,200,FWD,E12,E1,E3,E4,20.984000,446.525000,OK
6,12,adjacent,620,30,32,201,REV,E1,E12,E3,E4,24.840000,458.057000,OK
6,12,adjacent,620,30,32,202,FWD,E12,E1,E4,E5,-376.086000,449.757000,OK
6,12,adjacent,620,30,32,203,REV,E1,E12,E4,E5,-372.656000,455.782000,OK
6,12,adjacent,620,30,32,204,FWD,E12,E1,E5,E6,-19.504000,451.114000,OK
6,12,adjacent,620,30,32,205,REV,E1,E12,E5,E6,-17.062000,453.987000,OK
6,12,adjacent,620,30,32,206,FWD,E12,E1,E6,E7,-4.703000,452.072000,OK
6,12,adjacent,620,30,32,207,REV,E1,E12,E6,E7,-2.902000,454.107000,OK
6,12,adjacent,620,30,32,208,FWD,E12,E1,E7,E8,-9.934000,452.231000,OK
6,12,adjacent,620,30,32,209,REV,E1,E12,E7,E8,-8.117000,453.747000,OK
6,12,adjacent,620,30,32,210,FWD,E12,E1,E8,E9,10.641000,452.710000,OK
6,12,adjacent,620,30,32,211,REV,E1,E12,E8,E9,14.156000,453.987000,OK
6,12,adjacent,620,30,32,212,FWD,E12,E1,E9,E10,1.930000,452.431000,OK
6,12,adjacent,620,30,32,213,REV,E1,E12,E9,E10,6.430000,453.269000,OK
6,12,adjacent,620,30,32,214,FWD,E12,E1,E10,E11,-12.297000,452.989000,OK
6,12,adjacent,620,30,32,215,REV,E1,E12,E10,E11,-2.254000,453.987000,OK
7,13,adjacent,620,30,32,0,FWD,E1,E2,E3,E4,17.500000,411.293000,OK
7,13,adjacent,620,30,32,1,REV,E2,E1,E3,E4,30.805000,468.351000,OK
7,13,adjacent,620,30,32,2,FWD,E1,E2,E4,E5,-377.789000,438.785000,OK
7,13,adjacent,620,30,32,3,REV,E2,E1,E4,E5,-371.508000,457.897000,OK
7,13,adjacent,620,30,32,4,FWD,E1,E2,E5,E6,-20.301000,443.613000,OK
7,13,adjacent,620,30,32,5,REV,E2,E1,E5,E6,-15.773000,454.984000,OK
7,13,adjacent,620,30,32,6,FWD,E1,E2,E6,E7,-5.023000,445.169000,OK
7,13,adjacent,620,30,32,7,REV,E2,E1,E6,E7,-2.590000,453.947000,OK
7,13,adjacent,620,30,32,8,FWD,E1,E2,E7,E8,-10.066000,446.366000,OK
7,13,adjacent,620,30,32,9,REV,E2,E1,E7,E8,-8.113000,452.830000,OK
7,13,adjacent,620,30,32,10,FWD,E1,E2,E8,E9,10.730000,447.124000,OK
7,13,adjacent,620,30,32,11,REV,E2,E1,E8,E9,13.645000,452.391000,OK
7,13,adjacent,620,30,32,12,FWD,E1,E2,E9,E10,2.395000,447.164000,OK
7,13,adjacent,620,30,32,13,REV,E2,E1,E9,E10,5.246000,451.872000,OK
7,13,adjacent,620,30,32,14,FWD,E1,E2,E10,E11,-10.395000,447.603000,OK
7,13,adjacent,620,30,32,15,REV,E2,E1,E10,E11,-5.789000,452.191000,OK
7,13,adjacent,620,30,32,16,FWD,E1,E2,E11,E12,9.758000,447.683000,OK
7,13,adjacent,620,30,32,17,REV,E2,E1,E11,E12,20.445000,451.792000,OK
7,13,adjacent,620,30,32,18,FWD,E2,E3,E4,E5,-379.562000,179.233000,OK
7,13,adjacent,620,30,32,19,REV,E3,E2,E4,E5,-362.359000,631.344000,OK
7,13,adjacent,620,30,32,20,FWD,E2,E3,E5,E6,-19.840000,225.038000,OK
7,13,adjacent,620,30,32,21,REV,E3,E2,E5,E6,-12.016000,617.778000,OK
7,13,adjacent,620,30,32,22,FWD,E2,E3,E6,E7,-4.625000,234.455000,OK
7,13,adjacent,620,30,32,23,REV,E3,E2,E6,E7,-1.469000,611.833000,OK
7,13,adjacent,620,30,32,24,FWD,E2,E3,E7,E8,-9.664000,239.762000,OK
7,13,adjacent,620,30,32,25,REV,E3,E2,E7,E8,-7.734000,608.202000,OK
7,13,adjacent,620,30,32,26,FWD,E2,E3,E8,E9,11.492000,242.634000,OK
7,13,adjacent,620,30,32,27,REV,E3,E2,E8,E9,13.730000,605.928000,OK
7,13,adjacent,620,30,32,28,FWD,E2,E3,E9,E10,3.230000,245.747000,OK
7,13,adjacent,620,30,32,29,REV,E3,E2,E9,E10,4.895000,602.975000,OK
7,13,adjacent,620,30,32,30,FWD,E2,E3,E10,E11,-8.875000,247.861000,OK
7,13,adjacent,620,30,32,31,REV,E3,E2,E10,E11,-6.816000,600.860000,OK
7,13,adjacent,620,30,32,32,FWD,E2,E3,E11,E12,13.402000,249.298000,OK
7,13,adjacent,620,30,32,33,REV,E3,E2,E11,E12,16.984000,599.982000,OK
7,13,adjacent,620,30,32,34,FWD,E2,E3,E12,E1,4.934000,250.814000,OK
7,13,adjacent,620,30,32,35,REV,E3,E2,E12,E1,13.328000,598.945000,OK
7,13,adjacent,620,30,32,36,FWD,E3,E4,E1,E2,52.148000,241.318000,OK
7,13,adjacent,620,30,32,37,REV,E4,E3,E1,E2,47.234000,303.762000,OK
7,13,adjacent,620,30,32,38,FWD,E3,E4,E5,E6,-23.629000,273.437000,OK
7,13,adjacent,620,30,32,39,REV,E4,E3,E5,E6,-11.297000,298.375000,OK
7,13,adjacent,620,30,32,40,FWD,E3,E4,E6,E7,-5.598000,277.348000,OK
7,13,adjacent,620,30,32,41,REV,E4,E3,E6,E7,-1.902000,297.857000,OK
7,13,adjacent,620,30,32,42,FWD,E3,E4,E7,E8,-10.137000,279.383000,OK
7,13,adjacent,620,30,32,43,REV,E4,E3,E7,E8,-8.293000,297.338000,OK
7,13,adjacent,620,30,32,44,FWD,E3,E4,E8,E9,11.211000,280.141000,OK
7,13,adjacent,620,30,32,45,REV,E4,E3,E8,E9,12.977000,297.298000,OK
7,13,adjacent,620,30,32,46,FWD,E3,E4,E9,E10,3.113000,281.457000,OK
7,13,adjacent,620,30,32,47,REV,E4,E3,E9,E10,4.137000,297.059000,OK
7,13,adjacent,620,30,32,48,FWD,E3,E4,E10,E11,-8.891000,281.258000,OK
7,13,adjacent,620,30,32,49,REV,E4,E3,E10,E11,-7.871000,297.178000,OK
7,13,adjacent,620,30,32,50,FWD,E3,E4,E11,E12,13.457000,282.216000,OK
7,13,adjacent,620,30,32,51,REV,E4,E3,E11,E12,14.855000,296.979000,OK
7,13,adjacent,620,30,32,52,FWD,E3,E4,E12,E1,4.230000,281.617000,OK
7,13,adjacent,620,30,32,53,REV,E4,E3,E12,E1,6.527000,296.460000,OK
7,13,adjacent,620,30,32,54,FWD,E4,E5,E1,E2,4.734000,404.949000,OK
7,13,adjacent,620,30,32,55,REV,E5,E4,E1,E2,8.645000,167.422000,OK
7,13,adjacent,620,30,32,56,FWD,E4,E5,E2,E3,342.344000,411.174000,OK
7,13,adjacent,620,30,32,57,REV,E5,E4,E2,E3,352.648000,169.856000,OK
7,13,adjacent,620,30,32,58,FWD,E4,E5,E6,E7,-9.355000,409.219000,OK
7,13,adjacent,620,30,32,59,REV,E5,E4,E6,E7,-1.715000,173.088000,OK
7,13,adjacent,620,30,32,60,FWD,E4,E5,E7,E8,-11.672000,407.064000,OK
7,13,adjacent,620,30,32,61,REV,E5,E4,E7,E8,-8.387000,175.123000,OK
7,13,adjacent,620,30,32,62,FWD,E4,E5,E8,E9,10.090000,405.747000,OK
7,13,adjacent,620,30,32,63,REV,E5,E4,E8,E9,12.781000,177.078000,OK
7,13,adjacent,620,30,32,64,FWD,E4,E5,E9,E10,2.602000,404.191000,OK
7,13,adjacent,620,30,32,65,REV,E5,E4,E9,E10,3.938000,178.874000,OK
7,13,adjacent,620,30,32,66,FWD,E4,E5,E10,E11,-9.234000,402.436000,OK
7,13,adjacent,620,30,32,67,REV,E5,E4,E10,E11,-8.105000,180.031000,OK
7,13,adjacent,620,30,32,68,FWD,E4,E5,E11,E12,13.137000,402.276000,OK
7,13,adjacent,620,30,32,69,REV,E5,E4,E11,E12,14.398000,181.068000,OK
7,13,adjacent,620,30,32,70,FWD,E4,E5,E12,E1,3.262000,401.278000,OK
7,13,adjacent,620,30,32,71,REV,E5,E4,E12,E1,5.090000,181.547000,OK
7,13,adjacent,620,30,32,72,FWD,E5,E6,E1,E2,0.762000,445.688000,OK
7,13,adjacent,620,30,32,73,REV,E6,E5,E1,E2,5.023000,415.443000,OK
7,13,adjacent,620,30,32,74,FWD,E5,E6,E2,E3,346.664000,458.575000,OK
7,13,adjacent,620,30,32,75,REV,E6,E5,E2,E3,355.133000,414.884000,OK
7,13,adjacent,620,30,32,76,FWD,E5,E6,E3,E4,8.109000,458.216000,OK
7,13,adjacent,620,30,32,77,REV,E6,E5,E3,E4,28.586000,416.560000,OK
7,13,adjacent,620,30,32,78,FWD,E5,E6,E7,E8,-15.426000,456.860000,OK
7,13,adjacent,620,30,32,79,REV,E6,E5,E7,E8,-3.719000,417.717000,OK
7,13,adjacent,620,30,32,80,FWD,E5,E6,E8,E9,7.816000,455.942000,OK
7,13,adjacent,620,30,32,81,REV,E6,E5,E8,E9,15.797000,418.835000,OK
7,13,adjacent,620,30,32,82,FWD,E5,E6,E9,E10,1.887000,454.665000,OK
7,13,adjacent,620,30,32,83,REV,E6,E5,E9,E10,5.043000,419.752000,OK
7,13,adjacent,620,30,32,84,FWD,E5,E6,E10,E11,-9.582000,454.306000,OK
7,13,adjacent,620,30,32,85,REV,E6,E5,E10,E11,-7.371000,420.111000,OK
7,13,adjacent,620,30,32,86,FWD,E5,E6,E11,E12,12.922000,453.947000,OK
7,13,adjacent,620,30,32,87,REV,E6,E5,E11,E12,14.926000,419.952000,OK
7,13,adjacent,620,30,32,88,FWD,E5,E6,E12,E1,2.938000,453.747000,OK
7,13,adjacent,620,30,32,89,REV,E6,E5,E12,E1,5.266000,420.590000,OK
7,13,adjacent,620,30,32,90,FWD,E6,E7,E1,E2,0.207000,485.588000,OK
7,13,adjacent,620,30,32,91,REV,E7,E6,E1,E2,2.906000,525.688000,OK
7,13,adjacent,620,30,32,92,FWD,E6,E7,E2,E3,351.227000,512.281000,OK
7,13,adjacent,620,30,32,93,REV,E7,E6,E2,E3,354.937000,518.386000,OK
7,13,adjacent,620,30,32,94,FWD,E6,E7,E3,E4,18.895000,515.354000,OK
7,13,adjacent,620,30,32,95,REV,E7,E6,E3,E4,25.445000,516.591000,OK
7,13,adjacent,620,30,32,96,FWD,E6,E7,E4,E5,-362.531000,516.311000,OK
7,13,adjacent,620,30,32,97,REV,E7,E6,E4,E5,-348.945000,514.915000,OK
7,13,adjacent,620,30,32,98,FWD,E6,E7,E8,E9,2.250000,517.229000,OK
7,13,adjacent,620,30,32,99,REV,E7,E6,E8,E9,21.633000,514.635000,OK
7,13,adjacent,620,30,32,100,FWD,E6,E7,E9,E10,0.566000,518.187000,OK
7,13,adjacent,620,30,32,101,REV,E7,E6,E9,E10,6.484000,514.835000,OK
7,13,adjacent,620,30,32,102,FWD,E6,E7,E10,E11,-10.086000,517.468000,OK
7,13,adjacent,620,30,32,103,REV,E7,E6,E10,E11,-6.809000,514.556000,OK
7,13,adjacent,620,30,32,104,FWD,E6,E7,E11,E12,12.758000,518.306000,OK
7,13,adjacent,620,30,32,105,REV,E7,E6,E11,E12,15.098000,515.114000,OK
7,13,adjacent,620,30,32,106,FWD,E6,E7,E12,E1,2.852000,518.386000,OK
7,13,adjacent,620,30,32,107,REV,E7,E6,E12,E1,4.898000,514.715000,OK
7,13,adjacent,620,30,32,108,FWD,E7,E8,E1,E2,-0.133000,455.862000,OK
7,13,adjacent,620,30,32,109,REV,E8,E7,E1,E2,1.937000,498.835000,OK
7,13,adjacent,620,30,32,110,FWD,E7,E8,E2,E3,352.797000,484.989000,OK
7,13,adjacent,620,30,32,111,REV,E8,E7,E2,E3,354.594000,488.501000,OK
7,13,adjacent,620,30,32,112,FWD,E7,E8,E3,E4,22.352000,489.738000,OK
7,13,adjacent,620,30,32,113,REV,E8,E7,E3,E4,24.977000,486.306000,OK
7,13,adjacent,620,30,32,114,FWD,E7,E8,E4,E5,-368.352000,490.775000,OK
7,13,adjacent,620,30,32,115,REV,E8,E7,E4,E5,-361.602000,485.588000,OK
7,13,adjacent,620,30,32,116,FWD,E7,E8,E5,E6,-27.480000,491.493000,OK
7,13,adjacent,620,30,32,117,REV,E8,E7,E5,E6,-14.484000,484.870000,OK
7,13,adjacent,620,30,32,118,FWD,E7,E8,E9,E10,-1.695000,491.733000,OK
7,13,adjacent,620,30,32,119,REV,E8,E7,E9,E10,8.625000,485.229000,OK
7,13,adjacent,620,30,32,120,FWD,E7,E8,E10,E11,-10.875000,491.852000,OK
7,13,adjacent,620,30,32,121,REV,E8,E7,E10,E11,-6.055000,484.351000,OK
7,13,adjacent,620,30,32,122,FWD,E7,E8,E11,E12,12.512000,491.972000,OK
7,13,adjacent,620,30,32,123,REV,E8,E7,E11,E12,15.270000,484.630000,OK
7,13,adjacent,620,30,32,124,FWD,E7,E8,E12,E1,2.695000,492.571000,OK
7,13,adjacent,620,30,32,125,REV,E8,E7,E12,E1,4.660000,484.910000,OK
7,13,adjacent,620,30,32,126,FWD,E8,E9,E1,E2,-0.777000,399.124000,OK
7,13,adjacent,620,30,32,127,REV,E9,E8,E1,E2,2.063000,466.156000,OK
7,13,adjacent,620,30,32,128,FWD,E8,E9,E2,E3,353.711000,429.089000,OK
7,13,adjacent,620,30,32,129,REV,E9,E8,E2,E3,355.875000,457.019000,OK
7,13,adjacent,620,30,32,130,FWD,E8,E9,E3,E4,22.934000,433.757000,OK
7,13,adjacent,620,30,32,131,REV,E9,E8,E3,E4,25.484000,454.665000,OK
7,13,adjacent,620,30,32,132,FWD,E8,E9,E4,E5,-371.094000,435.353000,OK
7,13,adjacent,620,30,32,133,REV,E9,E8,E4,E5,-366.555000,453.189000,OK
7,13,adjacent,620,30,32,134,FWD,E8,E9,E5,E6,-24.539000,436.510000,OK
7,13,adjacent,620,30,32,135,REV,E9,E8,E5,E6,-16.336000,452.431000,OK
7,13,adjacent,620,30,32,136,FWD,E8,E9,E6,E7,-10.543000,436.590000,OK
7,13,adjacent,620,30,32,137,REV,E9,E8,E6,E7,5.816000,451.713000,OK
7,13,adjacent,620,30,32,138,FWD,E8,E9,E10,E11,-15.223000,437.109000,OK
7,13,adjacent,620,30,32,139,REV,E9,E8,E10,E11,-1.430000,451.952000,OK
7,13,adjacent,620,30,32,140,FWD,E8,E9,E11,E12,10.957000,437.428000,OK
7,13,adjacent,620,30,32,141,REV,E9,E8,E11,E12,16.957000,451.473000,OK
7,13,adjacent,620,30,32,142,FWD,E8,E9,E12,E1,1.852000,437.428000,OK
7,13,adjacent,620,30,32,143,REV,E9,E8,E12,E1,5.312000,452.072000,OK
7,13,adjacent,620,30,32,144,FWD,E9,E10,E1,E2,-0.965000,411.054000,OK
7,13,adjacent,620,30,32,145,REV,E10,E9,E1,E2,1.844000,464.880000,OK
7,13,adjacent,620,30,32,146,FWD,E9,E10,E2,E3,354.008000,439.503000,OK
7,13,adjacent,620,30,32,147,REV,E10,E9,E2,E3,355.984000,456.181000,OK
7,13,adjacent,620,30,32,148,FWD,E9,E10,E3,E4,23.914000,443.294000,OK
7,13,adjacent,620,30,32,149,REV,E10,E9,E3,E4,25.488000,454.186000,OK
7,13,adjacent,620,30,32,150,FWD,E9,E10,E4,E5,-371.930000,444.491000,OK
7,13,adjacent,620,30,32,151,REV,E10,E9,E4,E5,-370.000000,452.989000,OK
7,13,adjacent,620,30,32,152,FWD,E9,E10,E5,E6,-21.285000,445.289000,OK
7,13,adjacent,620,30,32,153,REV,E10,E9,E5,E6,-18.008000,452.949000,OK
7,13,adjacent,620,30,32,154,FWD,E9,E10,E6,E7,-6.152000,445.887000,OK
7,13,adjacent,620,30,32,155,REV,E10,E9,E6,E7,-1.121000,452.271000,OK
7,13,adjacent,620,30,32,156,FWD,E9,E10,E7,E8,-11.348000,445.967000,OK
7,13,adjacent,620,30,32,157,REV,E10,E9,E7,E8,-2.129000,452.271000,OK
7,13,adjacent,620,30,32,158,FWD,E9,E10,E11,E12,8.078000,446.366000,OK
7,13,adjacent,620,30,32,159,REV,E10,E9,E11,E12,19.652000,452.391000,OK
7,13,adjacent,620,30,32,160,FWD,E9,E10,E12,E1,1.242000,446.326000,OK
7,13,adjacent,620,30,32,161,REV,E10,E9,E12,E1,5.672000,451.832000,OK
7,13,adjacent,620,30,32,162,FWD,E10,E11,E1,E2,-2.105000,443.134000,OK
7,13,adjacent,620,30,32,163,REV,E11,E10,E1,E2,2.688000,480.042000,OK
7,13,adjacent,620,30,32,164,FWD,E10,E11,E2,E3,355.133000,472.620000,OK
7,13,adjacent,620,30,32,165,REV,E11,E10,E2,E3,357.633000,471.144000,OK
7,13,adjacent,620,30,32,166,FWD,E10,E11,E3,E4,22.867000,476.730000,OK
7,13,adjacent,620,30,32,167,REV,E11,E10,E3,E4,24.805000,468.710000,OK
7,13,adjacent,620,30,32,168,FWD,E10,E11,E4,E5,-372.547000,478.526000,OK
7,13,adjacent,620,30,32,169,REV,E11,E10,E4,E5,-371.336000,467.473000,OK
7,13,adjacent,620,30,32,170,FWD,E10,E11,E5,E6,-20.289000,478.206000,OK
7,13,adjacent,620,30,32,171,REV,E11,E10,E5,E6,-17.852000,467.274000,OK
7,13,adjacent,620,30,32,172,FWD,E10,E11,E6,E7,-5.332000,479.802000,OK
7,13,adjacent,620,30,32,173,REV,E11,E10,E6,E7,-2.348000,466.675000,OK
7,13,adjacent,620,30,32,174,FWD,E10,E11,E7,E8,-10.863000,479.284000,OK
7,13,adjacent,620,30,32,175,REV,E11,E10,E7,E8,-6.266000,466.555000,OK
7,13,adjacent,620,30,32,176,FWD,E10,E11,E8,E9,6.977000,480.002000,OK
7,13,adjacent,620,30,32,177,REV,E11,E10,E8,E9,21.457000,466.037000,OK
7,13,adjacent,620,30,32,178,FWD,E10,E11,E12,E1,-2.000000,479.084000,OK
7,13,adjacent,620,30,32,179,REV,E11,E10,E12,E1,8.555000,466.875000,OK
7,13,adjacent,620,30,32,180,FWD,E11,E12,E1,E2,-5.320000,438.306000,OK
7,13,adjacent,620,30,32,181,REV,E12,E11,E1,E2,6.254000,506.296000,OK
7,13,adjacent,620,30,32,182,FWD,E11,E12,E2,E3,354.734000,468.351000,OK
7,13,adjacent,620,30,32,183,REV,E12,E11,E2,E3,358.758000,497.797000,OK
7,13,adjacent,620,30,32,184,FWD,E11,E12,E3,E4,22.867000,473.339000,OK
7,13,adjacent,620,30,32,185,REV,E12,E11,E3,E4,25.176000,495.324000,OK
7,13,adjacent,620,30,32,186,FWD,E11,E12,E4,E5,-373.969000,474.575000,OK
7,13,adjacent,620,30,32,187,REV,E12,E11,E4,E5,-371.734000,494.167000,OK
7,13,adjacent,620,30,32,188,FWD,E11,E12,E5,E6,-19.734000,475.972000,OK
7,13,adjacent,620,30,32,189,REV,E12,E11,E5,E6,-17.449000,493.169000,OK
7,13,adjacent,620,30,32,190,FWD,E11,E12,E6,E7,-4.891000,475.932000,OK
7,13,adjacent,620,30,32,191,REV,E12,E11,E6,E7,-2.734000,493.209000,OK
7,13,adjacent,620,30,32,192,FWD,E11,E12,E7,E8,-10.254000,476.451000,OK
7,13,adjacent,620,30,32,193,REV,E12,E11,E7,E8,-7.516000,492.451000,OK
7,13,adjacent,620,30,32,194,FWD,E11,E12,E8,E9,9.613000,476.650000,OK
7,13,adjacent,620,30,32,195,REV,E12,E11,E8,E9,16.148000,492.411000,OK
7,13,adjacent,620,30,32,196,FWD,E11,E12,E9,E10,-0.711000,477.209000,OK
7,13,adjacent,620,30,32,197,REV,E12,E11,E9,E10,11.715000,491.693000,OK
7,13,adjacent,620,30,32,198,FWD,E12,E1,E2,E3,354.656000,417.757000,OK
7,13,adjacent,620,30,32,199,REV,E1,E12,E2,E3,363.359000,464.560000,OK
7,13,adjacent,620,30,32,200,FWD,E12,E1,E3,E4,20.480000,446.047000,OK
7,13,adjacent,620,30,32,201,REV,E1,E12,E3,E4,23.957000,457.099000,OK
7,13,adjacent,620,30,32,202,FWD,E12,E1,E4,E5,-375.250000,449.757000,OK
7,13,adjacent,620,30,32,203,REV,E1,E12,E4,E5,-371.812000,455.423000,OK
7,13,adjacent,620,30,32,204,FWD,E12,E1,E5,E6,-19.559000,451.154000,OK
7,13,adjacent,620,30,32,205,REV,E1,E12,E5,E6,-17.117000,454.067000,OK
7,13,adjacent,620,30,32,206,FWD,E12,E1,E6,E7,-4.727000,452.112000,OK
7,13,adjacent,620,30,32,207,REV,E1,E12,E6,E7,-2.938000,453.428000,OK
7,13,adjacent,620,30,32,208,FWD,E12,E1,E7,E8,-9.961000,451.713000,OK
7,13,adjacent,620,30,32,209,REV,E1,E12,E7,E8,-8.129000,453.827000,OK
7,13,adjacent,620,30,32,210,FWD,E12,E1,E8,E9,10.656000,452.550000,OK
7,13,adjacent,620,30,32,211,REV,E1,E12,E8,E9,14.145000,453.428000,OK
7,13,adjacent,620,30,32,212,FWD,E12,E1,E9,E10,1.996000,452.910000,OK
7,13,adjacent,620,30,32,213,REV,E1,E12,E9,E10,6.492000,453.508000,OK
7,13,adjacent,620,30,32,214,FWD,E12,E1,E10,E11,-12.270000,452.830000,OK
7,13,adjacent,620,30,32,215,REV,E1,E12,E10,E11,-2.281000,453.708000,OK
8,14,adjacent,620,30,32,0,FWD,E1,E2,E3,E4,15.270000,410.735000,OK
8,14,adjacent,620,30,32,1,REV,E2,E1,E3,E4,28.441000,468.191000,OK
8,14,adjacent,620,30,32,2,FWD,E1,E2,E4,E5,-376.953000,438.904000,OK
8,14,adjacent,620,30,32,3,REV,E2,E1,E4,E5,-370.734000,457.937000,OK
8,14,adjacent,620,30,32,4,FWD,E1,E2,E5,E6,-20.359000,444.131000,OK
8,14,adjacent,620,30,32,5,REV,E2,E1,E5,E6,-15.809000,455.463000,OK
8,14,adjacent,620,30,32,6,FWD,E1,E2,E6,E7,-5.066000,444.929000,OK
8,14,adjacent,620,30,32,7,REV,E2,E1,E6,E7,-2.617000,454.186000,OK
8,14,adjacent,620,30,32,8,FWD,E1,E2,E7,E8,-10.063000,446.007000,OK
8,14,adjacent,620,30,32,9,REV,E2,E1,E7,E8,-8.109000,453.109000,OK
8,14,adjacent,620,30,32,10,FWD,E1,E2,E8,E9,10.707000,447.124000,OK
8,14,adjacent,620,30,32,11,REV,E2,E1,E8,E9,13.637000,452.391000,OK
8,14,adjacent,620,30,32,12,FWD,E1,E2,E9,E10,2.480000,447.483000,OK
8,14,adjacent,620,30,32,13,REV,E2,E1,E9,E10,5.332000,452.271000,OK
8,14,adjacent,620,30,32,14,FWD,E1,E2,E10,E11,-10.434000,447.563000,OK
8,14,adjacent,620,30,32,15,REV,E2,E1,E10,E11,-5.812000,451.673000,OK
8,14,adjacent,620,30,32,16,FWD,E1,E2,E11,E12,9.750000,447.882000,OK
8,14,adjacent,620,30,32,17,REV,E2,E1,E11,E12,20.453000,451.633000,OK
8,14,adjacent,620,30,32,18,FWD,E2,E3,E4,E5,-378.727000,178.874000,OK
8,14,adjacent,620,30,32,19,REV,E3,E2,E4,E5,-361.500000,631.145000,OK
8,14,adjacent,620,30,32,20,FWD,E2,E3,E5,E6,-19.840000,224.081000,OK
8,14,adjacent,620,30,32,21,REV,E3,E2,E5,E6,-12.027000,618.456000,OK
8,14,adjacent,620,30,32,22,FWD,E2,E3,E6,E7,-4.660000,233.577000,OK
8,14,adjacent,620,30,32,23,REV,E3,E2,E6,E7,-1.480000,612.232000,OK
8,14,adjacent,620,30,32,24,FWD,E2,E3,E7,E8,-9.629000,238.205000,OK
8,14,adjacent,620,30,32,25,REV,E3,E2,E7,E8,-7.680000,609.160000,OK
8,14,adjacent,620,30,32,26,FWD,E2,E3,E8,E9,11.453000,241.557000,OK
8,14,adjacent,620,30,32,27,REV,E3,E2,E8,E9,13.691000,606.526000,OK
8,14,adjacent,620,30,32,28,FWD,E2,E3,E9,E10,3.289000,244.749000,OK
8,14,adjacent,620,30,32,29,REV,E3,E2,E9,E10,4.953000,604.052000,OK
8,14,adjacent,620,30,32,30,FWD,E2,E3,E10,E11,-8.914000,246.146000,OK
8,14,adjacent,620,30,32,31,REV,E3,E2,E10,E11,-6.824000,602.217000,OK
8,14,adjacent,620,30,32,32,FWD,E2,E3,E11,E12,13.418000,248.021000,OK
8,14,adjacent,620,30,32,33,REV,E3,E2,E11,E12,16.977000,600.621000,OK
8,14,adjacent,620,30,32,34,FWD,E2,E3,E12,E1,5.176000,250.136000,OK
8,14,adjacent,620,30,32,35,REV,E3,E2,E12,E1,13.539000,600.182000,OK
8,14,adjacent,620,30,32,36,FWD,E3,E4,E1,E2,52.242000,242.834000,OK
8,14,adjacent,620,30,32,37,REV,E4,E3,E1,E2,47.305000,303.123000,OK
8,14,adjacent,620,30,32,38,FWD,E3,E4,E5,E6,-23.750000,274.475000,OK
8,14,adjacent,620,30,32,39,REV,E4,E3,E5,E6,-11.387000,298.136000,OK
8,14,adjacent,620,30,32,40,FWD,E3,E4,E6,E7,-5.586000,279.024000,OK
8,14,adjacent,620,30,32,41,REV,E4,E3,E6,E7,-1.891000,297.098000,OK
8,14,adjacent,620,30,32,42,FWD,E3,E4,E7,E8,-10.043000,280.141000,OK
8,14,adjacent,620,30,32,43,REV,E4,E3,E7,E8,-8.203000,296.859000,OK
8,14,adjacent,620,30,32,44,FWD,E3,E4,E8,E9,11.121000,281.617000,OK
8,14,adjacent,620,30,32,45,REV,E4,E3,E8,E9,12.871000,296.380000,OK
8,14,adjacent,620,30,32,46,FWD,E3,E4,E9,E10,3.168000,282.016000,OK
8,14,adjacent,620,30,32,47,REV,E4,E3,E9,E10,4.180000,296.699000,OK
8,14,adjacent,620,30,32,48,FWD,E3,E4,E10,E11,-8.891000,282.415000,OK
8,14,adjacent,620,30,32,49,REV,E4,E3,E10,E11,-7.867000,296.340000,OK
8,14,adjacent,620,30,32,50,FWD,E3,E4,E11,E12,13.449000,282.096000,OK
8,14,adjacent,620,30,32,51,REV,E4,E3,E11,E12,14.844000,297.138000,OK
8,14,adjacent,620,30,32,52,FWD,E3,E4,E12,E1,4.488000,282.455000,OK
8,14,adjacent,620,30,32,53,REV,E4,E3,E12,E1,6.832000,296.380000,OK
8,14,adjacent,620,30,32,54,FWD,E4,E5,E1,E2,4.539000,405.468000,OK
8,14,adjacent,620,30,32,55,REV,E5,E4,E1,E2,8.457000,167.342000,OK
8,14,adjacent,620,30,32,56,FWD,E4,E5,E2,E3,342.984000,411.972000,OK
8,14,adjacent,620,30,32,57,REV,E5,E4,E2,E3,353.312000,170.056000,OK
8,14,adjacent,620,30,32,58,FWD,E4,E5,E6,E7,-9.367000,409.378000,OK
8,14,adjacent,620,30,32,59,REV,E5,E4,E6,E7,-1.680000,173.088000,OK
8,14,adjacent,620,30,32,60,FWD,E4,E5,E7,E8,-11.563000,406.944000,OK
8,14,adjacent,620,30,32,61,REV,E5,E4,E7,E8,-8.266000,175.482000,OK
8,14,adjacent,620,30,32,62,FWD,E4,E5,E8,E9,9.969000,405.268000,OK
8,14,adjacent,620,30,32,63,REV,E5,E4,E8,E9,12.676000,177.317000,OK
8,14,adjacent,620,30,32,64,FWD,E4,E5,E9,E10,2.668000,404.510000,OK
8,14,adjacent,620,30,32,65,REV,E5,E4,E9,E10,3.996000,178.235000,OK
8,14,adjacent,620,30,32,66,FWD,E4,E5,E10,E11,-9.246000,403.633000,OK
8,14,adjacent,620,30,32,67,REV,E5,E4,E10,E11,-8.113000,179.751000,OK
8,14,adjacent,620,30,32,68,FWD,E4,E5,E11,E12,13.133000,402.076000,OK
8,14,adjacent,620,30,32,69,REV,E5,E4,E11,E12,14.395000,180.709000,OK
8,14,adjacent,620,30,32,70,FWD,E4,E5,E12,E1,3.750000,401.997000,OK
8,14,adjacent,620,30,32,71,REV,E5,E4,E12,E1,5.547000,182.105000,OK
8,14,adjacent,620,30,32,72,FWD,E5,E6,E1,E2,0.375000,445.688000,OK
8,14,adjacent,620,30,32,73,REV,E6,E5,E1,E2,4.594000,415.403000,OK
8,14,adjacent,620,30,32,74,FWD,E5,E6,E2,E3,348.250000,458.655000,OK
8,14,adjacent,620,30,32,75,REV,E6,E5,E2,E3,356.820000,415.204000,OK
8,14,adjacent,620,30,32,76,FWD,E5,E6,E3,E4,6.004000,458.256000,OK
8,14,adjacent,620,30,32,77,REV,E6,E5,E3,E4,26.555000,416.321000,OK
8,14,adjacent,620,30,32,78,FWD,E5,E6,E7,E8,-15.297000,457.139000,OK
8,14,adjacent,620,30,32,79,REV,E6,E5,E7,E8,-3.645000,417.518000,OK
8,14,adjacent,620,30,32,80,FWD,E5,E6,E8,E9,7.715000,455.463000,OK
8,14,adjacent,620,30,32,81,REV,E6,E5,E8,E9,15.703000,418.795000,OK
8,14,adjacent,620,30,32,82,FWD,E5,E6,E9,E10,1.945000,455.144000,OK
8,14,adjacent,620,30,32,83,REV,E6,E5,E9,E10,5.098000,419.074000,OK
8,14,adjacent,620,30,32,84,FWD,E5,E6,E10,E11,-9.605000,454.266000,OK
8,14,adjacent,620,30,32,85,REV,E6,E5,E10,E11,-7.391000,419.752000,OK
8,14,adjacent,620,30,32,86,FWD,E5,E6,E11,E12,12.902000,454.067000,OK
8,14,adjacent,620,30,32,87,REV,E6,E5,E11,E12,14.930000,420.311000,OK
8,14,adjacent,620,30,32,88,FWD,E5,E6,E12,E1,3.484000,453.348000,OK
8,14,adjacent,620,30,32,89,REV,E6,E5,E12,E1,5.777000,420.351000,OK
8,14,adjacent,620,30,32,90,FWD,E6,E7,E1,E2,-0.312000,485.748000,OK
8,14,adjacent,620,30,32,91,REV,E7,E6,E1,E2,2.430000,525.927000,OK
8,14,adjacent,620,30,32,92,FWD,E6,E7,E2,E3,352.805000,511.603000,OK
8,14,adjacent,620,30,32,93,REV,E7,E6,E2,E3,356.500000,518.227000,OK
8,14,adjacent,620,30,32,94,FWD,E6,E7,E3,E4,17.059000,515.513000,OK
8,14,adjacent,620,30,32,95,REV,E7,E6,E3,E4,23.621000,516.870000,OK
8,14,adjacent,620,30,32,96,FWD,E6,E7,E4,E5,-362.281000,516.431000,OK
8,14,adjacent,620,30,32,97,REV,E7,E6,E4,E5,-348.727000,515.513000,OK
8,14,adjacent,620,30,32,98,FWD,E6,E7,E8,E9,2.191000,517.189000,OK
8,14,adjacent,620,30,32,99,REV,E7,E6,E8,E9,21.602000,514.915000,OK
8,14,adjacent,620,30,32,100,FWD,E6,E7,E9,E10,0.613000,517.668000,OK
8,14,adjacent,620,30,32,101,REV,E7,E6,E9,E10,6.508000,514.795000,OK
8,14,adjacent,620,30,32,102,FWD,E6,E7,E10,E11,-10.105000,517.269000,OK
8,14,adjacent,620,30,32,103,REV,E7,E6,E10,E11,-6.840000,514.835000,OK
8,14,adjacent,620,30,32,104,FWD,E6,E7,E11,E12,12.754000,517.548000,OK
8,14,adjacent,620,30,32,105,REV,E7,E6,E11,E12,15.109000,513.957000,OK
8,14,adjacent,620,30,32,106,FWD,E6,E7,E12,E1,3.434000,518.306000,OK
8,14,adjacent,620,30,32,107,REV,E7,E6,E12,E1,5.480000,514.635000,OK
8,14,adjacent,620,30,32,108,FWD,E7,E8,E1,E2,-0.680000,455.463000,OK
8,14,adjacent,620,30,32,109,REV,E8,E7,E1,E2,1.387000,497.957000,OK
8,14,adjacent,620,30,32,110,FWD,E7,E8,E2,E3,354.555000,484.311000,OK
8,14,adjacent,620,30,32,111,REV,E8,E7,E2,E3,356.312000,488.620000,OK
8,14,adjacent,620,30,32,112,FWD,E7,E8,E3,E4,20.414000,489.458000,OK
8,14,adjacent,620,30,32,113,REV,E8,E7,E3,E4,22.977000,486.705000,OK
8,14,adjacent,620,30,32,114,FWD,E7,E8,E4,E5,-368.102000,490.695000,OK
8,14,adjacent,620,30,32,115,REV,E8,E7,E4,E5,-361.383000,485.548000,OK
8,14,adjacent,620,30,32,116,FWD,E7,E8,E5,E6,-27.617000,491.453000,OK
8,14,adjacent,620,30,32,117,REV,E8,E7,E5,E6,-14.625000,485.149000,OK
8,14,adjacent,620,30,32,118,FWD,E7,E8,E9,E10,-1.668000,491.812000,OK
8,14,adjacent,620,30,32,119,REV,E8,E7,E9,E10,8.695000,484.670000,OK
8,14,adjacent,620,30,32,120,FWD,E7,E8,E10,E11,-10.891000,491.733000,OK
8,14,adjacent,620,30,32,121,REV,E8,E7,E10,E11,-6.098000,484.750000,OK
8,14,adjacent,620,30,32,122,FWD,E7,E8,E11,E12,12.531000,492.331000,OK
8,14,adjacent,620,30,32,123,REV,E8,E7,E11,E12,15.289000,484.431000,OK
8,14,adjacent,620,30,32,124,FWD,E7,E8,E12,E1,3.301000,492.132000,OK
8,14,adjacent,620,30,32,125,REV,E8,E7,E12,E1,5.266000,483.912000,OK
8,14,adjacent,620,30,32,126,FWD,E8,E9,E1,E2,-1.379000,399.403000,OK
8,14,adjacent,620,30,32,127,REV,E9,E8,E1,E2,1.469000,465.877000,OK
8,14,adjacent,620,30,32,128,FWD,E8,E9,E2,E3,355.922000,428.969000,OK
8,14,adjacent,620,30,32,129,REV,E9,E8,E2,E3,358.180000,456.780000,OK
8,14,adjacent,620,30,32,130,FWD,E8,E9,E3,E4,20.504000,434.116000,OK
8,14,adjacent,620,30,32,131,REV,E9,E8,E3,E4,23.039000,454.466000,OK
8,14,adjacent,620,30,32,132,FWD,E8,E9,E4,E5,-370.945000,435.234000,OK
8,14,adjacent,620,30,32,133,REV,E9,E8,E4,E5,-366.391000,453.668000,OK
8,14,adjacent,620,30,32,134,FWD,E8,E9,E5,E6,-24.656000,436.830000,OK
8,14,adjacent,620,30,32,135,REV,E9,E8,E5,E6,-16.461000,452.630000,OK
8,14,adjacent,620,30,32,136,FWD,E8,E9,E6,E7,-10.418000,437.029000,OK
8,14,adjacent,620,30,32,137,REV,E9,E8,E6,E7,5.922000,451.832000,OK
8,14,adjacent,620,30,32,138,FWD,E8,E9,E10,E11,-15.258000,437.388000,OK
8,14,adjacent,620,30,32,139,REV,E9,E8,E10,E11,-1.453000,452.311000,OK
8,14,adjacent,620,30,32,140,FWD,E8,E9,E11,E12,10.977000,437.388000,OK
8,14,adjacent,620,30,32,141,REV,E9,E8,E11,E12,16.965000,451.872000,OK
8,14,adjacent,620,30,32,142,FWD,E8,E9,E12,E1,2.500000,436.670000,OK
8,14,adjacent,620,30,32,143,REV,E9,E8,E12,E1,5.973000,452.191000,OK
8,14,adjacent,620,30,32,144,FWD,E9,E10,E1,E2,-1.621000,409.897000,OK
8,14,adjacent,620,30,32,145,REV,E10,E9,E1,E2,1.187000,464.441000,OK
8,14,adjacent,620,30,32,146,FWD,E9,E10,E2,E3,356.977000,439.104000,OK
8,14,adjacent,620,30,32,147,REV,E10,E9,E2,E3,358.750000,456.022000,OK
8,14,adjacent,620,30,32,148,FWD,E9,E10,E3,E4,21.195000,443.254000,OK
8,14,adjacent,620,30,32,149,REV,E10,E9,E3,E4,22.871000,454.107000,OK
8,14,adjacent,620,30,32,150,FWD,E9,E10,E4,E5,-371.805000,444.770000,OK
8,14,adjacent,620,30,32,151,REV,E10,E9,E4,E5,-369.992000,453.229000,OK
8,14,adjacent,620,30,32,152,FWD,E9,E10,E5,E6,-21.426000,445.488000,OK
8,14,adjacent,620,30,32,153,REV,E10,E9,E5,E6,-18.148000,452.590000,OK
8,14,adjacent,620,30,32,154,FWD,E9,E10,E6,E7,-6.066000,446.087000,OK
8,14,adjacent,620,30,32,155,REV,E10,E9,E6,E7,-1.023000,452.351000,OK
8,14,adjacent,620,30,32,156,FWD,E9,E10,E7,E8,-11.367000,445.568000,OK
8,14,adjacent,620,30,32,157,REV,E10,E9,E7,E8,-2.148000,452.511000,OK
8,14,adjacent,620,30,32,158,FWD,E9,E10,E11,E12,8.105000,446.087000,OK
8,14,adjacent,620,30,32,159,REV,E10,E9,E11,E12,19.621000,451.473000,OK
8,14,adjacent,620,30,32,160,FWD,E9,E10,E12,E1,1.926000,446.446000,OK
8,14,adjacent,620,30,32,161,REV,E10,E9,E12,E1,6.379000,451.872000,OK
8,14,adjacent,620,30,32,162,FWD,E10,E11,E1,E2,-2.746000,443.174000,OK
8,14,adjacent,620,30,32,163,REV,E11,E10,E1,E2,2.020000,479.882000,OK
8,14,adjacent,620,30,32,164,FWD,E10,E11,E2,E3,357.000000,471.982000,OK
8,14,adjacent,620,30,32,165,REV,E11,E10,E2,E3,359.648000,470.865000,OK
8,14,adjacent,620,30,32,166,FWD,E10,E11,E3,E4,20.859000,476.770000,OK
8,14,adjacent,620,30,32,167,REV,E11,E10,E3,E4,22.824000,468.231000,OK
8,14,adjacent,620,30,32,168,FWD,E10,E11,E4,E5,-372.711000,478.047000,OK
8,14,adjacent,620,30,32,169,REV,E11,E10,E4,E5,-371.477000,467.314000,OK
8,14,adjacent,620,30,32,170,FWD,E10,E11,E5,E6,-20.434000,478.845000,OK
8,14,adjacent,620,30,32,171,REV,E11,E10,E5,E6,-18.012000,466.835000,OK
8,14,adjacent,620,30,32,172,FWD,E10,E11,E6,E7,-5.234000,479.204000,OK
8,14,adjacent,620,30,32,173,REV,E11,E10,E6,E7,-2.238000,466.715000,OK
8,14,adjacent,620,30,32,174,FWD,E10,E11,E7,E8,-10.887000,479.363000,OK
8,14,adjacent,620,30,32,175,REV,E11,E10,E7,E8,-6.281000,466.276000,OK
8,14,adjacent,620,30,32,176,FWD,E10,E11,E8,E9,6.945000,478.885000,OK
8,14,adjacent,620,30,32,177,REV,E11,E10,E8,E9,21.457000,466.476000,OK
8,14,adjacent,620,30,32,178,FWD,E10,E11,E12,E1,-1.367000,480.082000,OK
8,14,adjacent,620,30,32,179,REV,E11,E10,E12,E1,9.242000,466.077000,OK
8,14,adjacent,620,30,32,180,FWD,E11,E12,E1,E2,-5.945000,438.346000,OK
8,14,adjacent,620,30,32,181,REV,E12,E11,E1,E2,5.602000,506.536000,OK
8,14,adjacent,620,30,32,182,FWD,E11,E12,E2,E3,357.547000,468.271000,OK
8,14,adjacent,620,30,32,183,REV,E12,E11,E2,E3,361.508000,497.398000,OK
8,14,adjacent,620,30,32,184,FWD,E11,E12,E3,E4,20.359000,472.860000,OK
8,14,adjacent,620,30,32,185,REV,E12,E11,E3,E4,22.687000,494.486000,OK
8,14,adjacent,620,30,32,186,FWD,E11,E12,E4,E5,-374.125000,474.735000,OK
8,14,adjacent,620,30,32,187,REV,E12,E11,E4,E5,-371.836000,493.728000,OK
8,14,adjacent,620,30,32,188,FWD,E11,E12,E5,E6,-19.891000,475.214000,OK
8,14,adjacent,620,30,32,189,REV,E12,E11,E5,E6,-17.602000,493.488000,OK
8,14,adjacent,620,30,32,190,FWD,E11,E12,E6,E7,-4.789000,476.531000,OK
8,14,adjacent,620,30,32,191,REV,E12,E11,E6,E7,-2.621000,492.850000,OK
8,14,adjacent,620,30,32,192,FWD,E11,E12,E7,E8,-10.281000,476.411000,OK
8,14,adjacent,620,30,32,193,REV,E12,E11,E7,E8,-7.543000,492.451000,OK
8,14,adjacent,620,30,32,194,FWD,E11,E12,E8,E9,9.598000,476.251000,OK
8,14,adjacent,620,30,32,195,REV,E12,E11,E8,E9,16.141000,491.932000,OK
8,14,adjacent,620,30,32,196,FWD,E11,E12,E9,E10,-0.672000,476.371000,OK
8,14,adjacent,620,30,32,197,REV,E12,E11,E9,E10,11.754000,492.690000,OK
8,14,adjacent,620,30,32,198,FWD,E12,E1,E2,E3,356.125000,416.800000,OK
8,14,adjacent,620,30,32,199,REV,E1,E12,E2,E3,364.719000,464.800000,OK
8,14,adjacent,620,30,32,200,FWD,E12,E1,E3,E4,19.434000,445.648000,OK
8,14,adjacent,620,30,32,201,REV,E1,E12,E3,E4,22.980000,457.059000,OK
8,14,adjacent,620,30,32,202,FWD,E12,E1,E4,E5,-375.508000,449.917000,OK
8,14,adjacent,620,30,32,203,REV,E1,E12,E4,E5,-372.078000,455.623000,OK
8,14,adjacent,620,30,32,204,FWD,E12,E1,E5,E6,-19.699000,450.954000,OK
8,14,adjacent,620,30,32,205,REV,E1,E12,E5,E6,-17.250000,454.905000,OK
8,14,adjacent,620,30,32,206,FWD,E12,E1,E6,E7,-4.617000,451.673000,OK
8,14,adjacent,620,30,32,207,REV,E1,E12,E6,E7,-2.852000,454.186000,OK
8,14,adjacent,620,30,32,208,FWD,E12,E1,E7,E8,-9.996000,452.072000,OK
8,14,adjacent,620,30,32,209,REV,E1,E12,E7,E8,-8.168000,453.867000,OK
8,14,adjacent,620,30,32,210,FWD,E12,E1,E8,E9,10.656000,452.710000,OK
8,14,adjacent,620,30,32,211,REV,E1,E12,E8,E9,14.172000,454.146000,OK
8,14,adjacent,620,30,32,212,FWD,E12,E1,E9,E10,2.043000,452.271000,OK
8,14,adjacent,620,30,32,213,REV,E1,E12,E9,E10,6.527000,453.987000,OK
8,14,adjacent,620,30,32,214,FWD,E12,E1,E10,E11,-12.340000,452.471000,OK
8,14,adjacent,620,30,32,215,REV,E1,E12,E10,E11,-2.301000,453.947000,OK
9,15,adjacent,620,30,32,0,FWD,E1,E2,E3,E4,14.621000,411.094000,OK
9,15,adjacent,620,30,32,1,REV,E2,E1,E3,E4,28.098000,467.952000,OK
9,15,adjacent,620,30,32,2,FWD,E1,E2,E4,E5,-377.273000,439.264000,OK
9,15,adjacent,620,30,32,3,REV,E2,E1,E4,E5,-370.977000,457.897000,OK
9,15,adjacent,620,30,32,4,FWD,E1,E2,E5,E6,-20.484000,443.852000,OK
9,15,adjacent,620,30,32,5,REV,E2,E1,E5,E6,-15.984000,455.304000,OK
9,15,adjacent,620,30,32,6,FWD,E1,E2,E6,E7,-4.941000,445.528000,OK
9,15,adjacent,620,30,32,7,REV,E2,E1,E6,E7,-2.504000,453.588000,OK
9,15,adjacent,620,30,32,8,FWD,E1,E2,E7,E8,-10.133000,446.645000,OK
9,15,adjacent,620,30,32,9,REV,E2,E1,E7,E8,-8.184000,452.830000,OK
9,15,adjacent,620,30,32,10,FWD,E1,E2,E8,E9,10.789000,447.284000,OK
9,15,adjacent,620,30,32,11,REV,E2,E1,E8,E9,13.684000,452.431000,OK
9,15,adjacent,620,30,32,12,FWD,E1,E2,E9,E10,2.508000,447.443000,OK
9,15,adjacent,620,30,32,13,REV,E2,E1,E9,E10,5.363000,451.912000,OK
9,15,adjacent,620,30,32,14,FWD,E1,E2,E10,E11,-10.438000,447.722000,OK
9,15,adjacent,620,30,32,15,REV,E2,E1,E10,E11,-5.844000,451.553000,OK
9,15,adjacent,620,30,32,16,FWD,E1,E2,E11,E12,9.742000,448.082000,OK
9,15,adjacent,620,30,32,17,REV,E2,E1,E11,E12,20.430000,451.433000,OK
9,15,adjacent,620,30,32,18,FWD,E2,E3,E4,E5,-379.031000,178.993000,OK
9,15,adjacent,620,30,32,19,REV,E3,E2,E4,E5,-361.820000,630.985000,OK
9,15,adjacent,620,30,32,20,FWD,E2,E3,E5,E6,-20.016000,223.921000,OK
9,15,adjacent,620,30,32,21,REV,E3,E2,E5,E6,-12.191000,618.376000,OK
9,15,adjacent,620,30,32,22,FWD,E2,E3,E6,E7,-4.551000,233.417000,OK
9,15,adjacent,620,30,32,23,REV,E3,E2,E6,E7,-1.391000,612.751000,OK
9,15,adjacent,620,30,32,24,FWD,E2,E3,E7,E8,-9.719000,238.684000,OK
9,15,adjacent,620,30,32,25,REV,E3,E2,E7,E8,-7.781000,608.561000,OK
9,15,adjacent,620,30,32,26,FWD,E2,E3,E8,E9,11.523000,241.517000,OK
9,15,adjacent,620,30,32,27,REV,E3,E2,E8,E9,13.770000,606.766000,OK
9,15,adjacent,620,30,32,28,FWD,E2,E3,E9,E10,3.328000,244.470000,OK
9,15,adjacent,620,30,32,29,REV,E3,E2,E9,E10,5.012000,604.491000,OK
9,15,adjacent,620,30,32,30,FWD,E2,E3,E10,E11,-8.918000,246.505000,OK
9,15,adjacent,620,30,32,31,REV,E3,E2,E10,E11,-6.852000,602.137000,OK
9,15,adjacent,620,30,32,32,FWD,E2,E3,E11,E12,13.402000,248.779000,OK
9,15,adjacent,620,30,32,33,REV,E3,E2,E11,E12,16.977000,600.621000,OK
9,15,adjacent,620,30,32,34,FWD,E2,E3,E12,E1,5.598000,250.016000,OK
9,15,adjacent,620,30,32,35,REV,E3,E2,E12,E1,14.000000,599.583000,OK
9,15,adjacent,620,30,32,36,FWD,E3,E4,E1,E2,51.785000,243.392000,OK
9,15,adjacent,620,30,32,37,REV,E4,E3,E1,E2,46.867000,303.243000,OK
9,15,adjacent,620,30,32,38,FWD,E3,E4,E5,E6,-23.848000,274.355000,OK
9,15,adjacent,620,30,32,39,REV,E4,E3,E5,E6,-11.457000,297.896000,OK
9,15,adjacent,620,30,32,40,FWD,E3,E4,E6,E7,-5.523000,279.063000,OK
9,15,adjacent,620,30,32,41,REV,E4,E3,E6,E7,-1.832000,297.298000,OK
9,15,adjacent,620,30,32,42,FWD,E3,E4,E7,E8,-10.156000,280.181000,OK
9,15,adjacent,620,30,32,43,REV,E4,E3,E7,E8,-8.305000,296.699000,OK
9,15,adjacent,620,30,32,44,FWD,E3,E4,E8,E9,11.172000,281.497000,OK
9,15,adjacent,620,30,32,45,REV,E4,E3,E8,E9,12.961000,296.300000,OK
9,15,adjacent,620,30,32,46,FWD,E3,E4,E9,E10,3.227000,282.016000,OK
9,15,adjacent,620,30,32,47,REV,E4,E3,E9,E10,4.219000,296.540000,OK
9,15,adjacent,620,30,32,48,FWD,E3,E4,E10,E11,-8.934000,282.894000,OK
9,15,adjacent,620,30,32,49,REV,E4,E3,E10,E11,-7.902000,296.420000,OK
9,15,adjacent,620,30,32,50,FWD,E3,E4,E11,E12,13.410000,282.495000,OK
9,15,adjacent,620,30,32,51,REV,E4,E3,E11,E12,14.805000,296.181000,OK
9,15,adjacent,620,30,32,52,FWD,E3,E4,E12,E1,4.914000,283.253000,OK
9,15,adjacent,620,30,32,53,REV,E4,E3,E12,E1,7.270000,296.540000,OK
9,15,adjacent,620,30,32,54,FWD,E4,E5,E1,E2,4.129000,405.508000,OK
9,15,adjacent,620,30,32,55,REV,E5,E4,E1,E2,8.051000,167.263000,OK
9,15,adjacent,620,30,32,56,FWD,E4,E5,E2,E3,345.148000,412.530000,OK
9,15,adjacent,620,30,32,57,REV,E5,E4,E2,E3,355.297000,169.657000,OK
9,15,adjacent,620,30,32,58,FWD,E4,E5,E6,E7,-9.301000,408.939000,OK
9,15,adjacent,620,30,32,59,REV,E5,E4,E6,E7,-1.656000,172.809000,OK
9,15,adjacent,620,30,32,60,FWD,E4,E5,E7,E8,-11.645000,406.785000,OK
9,15,adjacent,620,30,32,61,REV,E5,E4,E7,E8,-8.359000,175.043000,OK
9,15,adjacent,620,30,32,62,FWD,E4,E5,E8,E9,10.004000,405.787000,OK
9,15,adjacent,620,30,32,63,REV,E5,E4,E8,E9,12.746000,176.918000,OK
9,15,adjacent,620,30,32,64,FWD,E4,E5,E9,E10,2.699000,404.869000,OK
9,15,adjacent,620,30,32,65,REV,E5,E4,E9,E10,4.020000,178.993000,OK
9,15,adjacent,620,30,32,66,FWD,E4,E5,E10,E11,-9.266000,402.914000,OK
9,15,adjacent,620,30,32,67,REV,E5,E4,E10,E11,-8.133000,180.390000,OK
9,15,adjacent,620,30,32,68,FWD,E4,E5,E11,E12,13.102000,402.914000,OK
9,15,adjacent,620,30,32,69,REV,E5,E4,E11,E12,14.352000,180.908000,OK
9,15,adjacent,620,30,32,70,FWD,E4,E5,E12,E1,4.039000,401.518000,OK
9,15,adjacent,620,30,32,71,REV,E5,E4,E12,E1,5.848000,181.786000,OK
9,15,adjacent,620,30,32,72,FWD,E5,E6,E1,E2,0.102000,445.807000,OK
9,15,adjacent,620,30,32,73,REV,E6,E5,E1,E2,4.328000,414.924000,OK
9,15,adjacent,620,30,32,74,FWD,E5,E6,E2,E3,347.734000,458.775000,OK
9,15,adjacent,620,30,32,75,REV,E6,E5,E2,E3,356.297000,414.884000,OK
9,15,adjacent,620,30,32,76,FWD,E5,E6,E3,E4,6.969000,457.897000,OK
9,15,adjacent,620,30,32,77,REV,E6,E5,E3,E4,27.352000,416.241000,OK
9,15,adjacent,620,30,32,78,FWD,E5,E6,E7,E8,-15.379000,456.700000,OK
9,15,adjacent,620,30,32,79,REV,E6,E5,E7,E8,-3.680000,417.717000,OK
9,15,adjacent,620,30,32,80,FWD,E5,E6,E8,E9,7.746000,455.862000,OK
9,15,adjacent,620,30,32,81,REV,E6,E5,E8,E9,15.715000,418.316000,OK
9,15,adjacent,620,30,32,82,FWD,E5,E6,E9,E10,1.977000,454.905000,OK
9,15,adjacent,620,30,32,83,REV,E6,E5,E9,E10,5.133000,419.034000,OK
9,15,adjacent,620,30,32,84,FWD,E5,E6,E10,E11,-9.625000,454.625000,OK
9,15,adjacent,620,30,32,85,REV,E6,E5,E10,E11,-7.426000,419.992000,OK
9,15,adjacent,620,30,32,86,FWD,E5,E6,E11,E12,12.887000,453.388000,OK
9,15,adjacent,620,30,32,87,REV,E6,E5,E11,E12,14.895000,420.151000,OK
9,15,adjacent,620,30,32,88,FWD,E5,E6,E12,E1,3.762000,452.989000,OK
9,15,adjacent,620,30,32,89,REV,E6,E5,E12,E1,6.082000,420.431000,OK
9,15,adjacent,620,30,32,90,FWD,E6,E7,E1,E2,-0.523000,485.907000,OK
9,15,adjacent,620,30,32,91,REV,E7,E6,E1,E2,2.164000,525.967000,OK
9,15,adjacent,620,30,32,92,FWD,E6,E7,E2,E3,353.648000,512.122000,OK
9,15,adjacent,620,30,32,93,REV,E7,E6,E2,E3,357.352000,518.386000,OK
9,15,adjacent,620,30,32,94,FWD,E6,E7,E3,E4,16.594000,515.394000,OK
9,15,adjacent,620,30,32,95,REV,E7,E6,E3,E4,23.223000,516.192000,OK
9,15,adjacent,620,30,32,96,FWD,E6,E7,E4,E5,-362.680000,517.229000,OK
9,15,adjacent,620,30,32,97,REV,E7,E6,E4,E5,-349.078000,515.673000,OK
9,15,adjacent,620,30,32,98,FWD,E6,E7,E8,E9,2.160000,517.149000,OK
9,15,adjacent,620,30,32,99,REV,E7,E6,E8,E9,21.551000,515.114000,OK
9,15,adjacent,620,30,32,100,FWD,E6,E7,E9,E10,0.648000,517.668000,OK
9,15,adjacent,620,30,32,101,REV,E7,E6,E9,E10,6.555000,514.077000,OK
9,15,adjacent,620,30,32,102,FWD,E6,E7,E10,E11,-10.121000,517.708000,OK
9,15,adjacent,620,30,32,103,REV,E7,E6,E10,E11,-6.871000,514.516000,OK
9,15,adjacent,620,30,32,104,FWD,E6,E7,E11,E12,12.754000,518.266000,OK
9,15,adjacent,620,30,32,105,REV,E7,E6,E11,E12,15.070000,514.556000,OK
9,15,adjacent,620,30,32,106,FWD,E6,E7,E12,E1,3.715000,517.508000,OK
9,15,adjacent,620,30,32,107,REV,E7,E6,E12,E1,5.742000,514.795000,OK
9,15,adjacent,620,30,32,108,FWD,E7,E8,E1,E2,-0.898000,455.503000,OK
9,15,adjacent,620,30,32,109,REV,E8,E7,E1,E2,1.176000,497.837000,OK
9,15,adjacent,620,30,32,110,FWD,E7,E8,E2,E3,355.789000,484.471000,OK
9,15,adjacent,620,30,32,111,REV,E8,E7,E2,E3,357.578000,488.860000,OK
9,15,adjacent,620,30,32,112,FWD,E7,E8,E3,E4,19.598000,489.179000,OK
9,15,adjacent,620,30,32,113,REV,E8,E7,E3,E4,22.129000,485.668000,OK
9,15,adjacent,620,30,32,114,FWD,E7,E8,E4,E5,-368.516000,490.815000,OK
9,15,adjacent,620,30,32,115,REV,E8,E7,E4,E5,-361.820000,485.668000,OK
9,15,adjacent,620,30,32,116,FWD,E7,E8,E5,E6,-27.656000,491.653000,OK
9,15,adjacent,620,30,32,117,REV,E8,E7,E5,E6,-14.605000,484.989000,OK
9,15,adjacent,620,30,32,118,FWD,E7,E8,E9,E10,-1.629000,491.493000,OK
9,15,adjacent,620,30,32,119,REV,E8,E7,E9,E10,8.738000,484.830000,OK
9,15,adjacent,620,30,32,120,FWD,E7,E8,E10,E11,-10.895000,492.172000,OK
9,15,adjacent,620,30,32,121,REV,E8,E7,E10,E11,-6.094000,484.710000,OK
9,15,adjacent,620,30,32,122,FWD,E7,E8,E11,E12,12.492000,491.892000,OK
9,15,adjacent,620,30,32,123,REV,E8,E7,E11,E12,15.254000,484.710000,OK
9,15,adjacent,620,30,32,124,FWD,E7,E8,E12,E1,3.566000,492.331000,OK
9,15,adjacent,620,30,32,125,REV,E8,E7,E12,E1,5.504000,484.431000,OK
9,15,adjacent,620,30,32,126,FWD,E8,E9,E1,E2,-1.543000,398.725000,OK
9,15,adjacent,620,30,32,127,REV,E9,E8,E1,E2,1.297000,465.638000,OK
9,15,adjacent,620,30,32,128,FWD,E8,E9,E2,E3,356.578000,429.288000,OK
9,15,adjacent,620,30,32,129,REV,E9,E8,E2,E3,358.750000,456.740000,OK
9,15,adjacent,620,30,32,130,FWD,E8,E9,E3,E4,20.309000,433.717000,OK
9,15,adjacent,620,30,32,131,REV,E9,E8,E3,E4,22.812000,454.226000,OK
9,15,adjacent,620,30,32,132,FWD,E8,E9,E4,E5,-371.383000,435.473000,OK
9,15,adjacent,620,30,32,133,REV,E9,E8,E4,E5,-366.797000,452.989000,OK
9,15,adjacent,620,30,32,134,FWD,E8,E9,E5,E6,-24.668000,435.832000,OK
9,15,adjacent,620,30,32,135,REV,E9,E8,E5,E6,-16.449000,452.431000,OK
9,15,adjacent,620,30,32,136,FWD,E8,E9,E6,E7,-10.457000,436.909000,OK
9,15,adjacent,620,30,32,137,REV,E9,E8,E6,E7,5.887000,452.191000,OK
9,15,adjacent,620,30,32,138,FWD,E8,E9,E10,E11,-15.293000,436.830000,OK
9,15,adjacent,620,30,32,139,REV,E9,E8,E10,E11,-1.461000,451.752000,OK
9,15,adjacent,620,30,32,140,FWD,E8,E9,E11,E12,10.910000,437.628000,OK
9,15,adjacent,620,30,32,141,REV,E9,E8,E11,E12,16.914000,451.792000,OK
9,15,adjacent,620,30,32,142,FWD,E8,E9,E12,E1,2.707000,437.508000,OK
9,15,adjacent,620,30,32,143,REV,E9,E8,E12,E1,6.156000,451.872000,OK
9,15,adjacent,620,30,32,144,FWD,E9,E10,E1,E2,-1.762000,411.094000,OK
9,15,adjacent,620,30,32,145,REV,E10,E9,E1,E2,1.070000,464.441000,OK
9,15,adjacent,620,30,32,146,FWD,E9,E10,E2,E3,357.008000,439.024000,OK
9,15,adjacent,620,30,32,147,REV,E10,E9,E2,E3,358.773000,456.102000,OK
9,15,adjacent,620,30,32,148,FWD,E9,E10,E3,E4,21.457000,443.573000,OK
9,15,adjacent,620,30,32,149,REV,E10,E9,E3,E4,23.137000,454.027000,OK
9,15,adjacent,620,30,32,150,FWD,E9,E10,E4,E5,-372.250000,444.371000,OK
9,15,adjacent,620,30,32,151,REV,E10,E9,E4,E5,-370.367000,453.189000,OK
9,15,adjacent,620,30,32,152,FWD,E9,E10,E5,E6,-21.363000,445.408000,OK
9,15,adjacent,620,30,32,153,REV,E10,E9,E5,E6,-18.105000,452.630000,OK
9,15,adjacent,620,30,32,154,FWD,E9,E10,E6,E7,-6.117000,445.488000,OK
9,15,adjacent,620,30,32,155,REV,E10,E9,E6,E7,-1.086000,452.271000,OK
9,15,adjacent,620,30,32,156,FWD,E9,E10,E7,E8,-11.277000,446.007000,OK
9,15,adjacent,620,30,32,157,REV,E10,E9,E7,E8,-2.055000,452.151000,OK
9,15,adjacent,620,30,32,158,FWD,E9,E10,E11,E12,8.035000,446.047000,OK
9,15,adjacent,620,30,32,159,REV,E10,E9,E11,E12,19.547000,451.673000,OK
9,15,adjacent,620,30,32,160,FWD,E9,E10,E12,E1,2.078000,446.605000,OK
9,15,adjacent,620,30,32,161,REV,E10,E9,E12,E1,6.488000,451.952000,OK
9,15,adjacent,620,30,32,162,FWD,E10,E11,E1,E2,-2.844000,442.695000,OK
9,15,adjacent,620,30,32,163,REV,E11,E10,E1,E2,1.969000,479.523000,OK
9,15,adjacent,620,30,32,164,FWD,E10,E11,E2,E3,357.023000,471.982000,OK
9,15,adjacent,620,30,32,165,REV,E11,E10,E2,E3,359.523000,470.905000,OK
9,15,adjacent,620,30,32,166,FWD,E10,E11,E3,E4,21.398000,476.331000,OK
9,15,adjacent,620,30,32,167,REV,E11,E10,E3,E4,23.664000,468.471000,OK
9,15,adjacent,620,30,32,168,FWD,E10,E11,E4,E5,-373.000000,477.728000,OK
9,15,adjacent,620,30,32,169,REV,E11,E10,E4,E5,-371.742000,467.633000,OK
9,15,adjacent,620,30,32,170,FWD,E10,E11,E5,E6,-20.363000,478.685000,OK
9,15,adjacent,620,30,32,171,REV,E11,E10,E5,E6,-17.949000,466.635000,OK
9,15,adjacent,620,30,32,172,FWD,E10,E11,E6,E7,-5.270000,478.845000,OK
9,15,adjacent,620,30,32,173,REV,E11,E10,E6,E7,-2.301000,466.915000,OK
9,15,adjacent,620,30,32,174,FWD,E10,E11,E7,E8,-10.875000,478.965000,OK
9,15,adjacent,620,30,32,175,REV,E11,E10,E7,E8,-6.273000,466.516000,OK
9,15,adjacent,620,30,32,176,FWD,E10,E11,E8,E9,6.926000,479.363000,OK
9,15,adjacent,620,30,32,177,REV,E11,E10,E8,E9,21.422000,466.516000,OK
9,15,adjacent,620,30,32,178,FWD,E10,E11,E12,E1,-1.191000,479.403000,OK
9,15,adjacent,620,30,32,179,REV,E11,E10,E12,E1,9.391000,466.516000,OK
9,15,adjacent,620,30,32,180,FWD,E11,E12,E1,E2,-6.016000,438.984000,OK
9,15,adjacent,620,30,32,181,REV,E12,E11,E1,E2,5.527000,506.177000,OK
9,15,adjacent,620,30,32,182,FWD,E11,E12,E2,E3,356.523000,468.750000,OK
9,15,adjacent,620,30,32,183,REV,E12,E11,E2,E3,360.570000,497.039000,OK
9,15,adjacent,620,30,32,184,FWD,E11,E12,E3,E4,21.465000,472.979000,OK
9,15,adjacent,620,30,32,185,REV,E12,E11,E3,E4,23.832000,494.965000,OK
9,15,adjacent,620,30,32,186,FWD,E11,E12,E4,E5,-374.391000,475.214000,OK
9,15,adjacent,620,30,32,187,REV,E12,E11,E4,E5,-372.109000,493.528000,OK
9,15,adjacent,620,30,32,188,FWD,E11,E12,E5,E6,-19.824000,475.453000,OK
9,15,adjacent,620,30,32,189,REV,E12,E11,E5,E6,-17.520000,493.329000,OK
9,15,adjacent,620,30,32,190,FWD,E11,E12,E6,E7,-4.859000,476.371000,OK
9,15,adjacent,620,30,32,191,REV,E12,E11,E6,E7,-2.688000,492.730000,OK
9,15,adjacent,620,30,32,192,FWD,E11,E12,E7,E8,-10.273000,476.052000,OK
9,15,adjacent,620,30,32,193,REV,E12,E11,E7,E8,-7.531000,492.411000,OK
9,15,adjacent,620,30,32,194,FWD,E11,E12,E8,E9,9.613000,476.491000,OK
9,15,adjacent,620,30,32,195,REV,E12,E11,E8,E9,16.113000,492.690000,OK
9,15,adjacent,620,30,32,196,FWD,E11,E12,E9,E10,-0.609000,476.371000,OK
9,15,adjacent,620,30,32,197,REV,E12,E11,E9,E10,11.777000,492.211000,OK
9,15,adjacent,620,30,32,198,FWD,E12,E1,E2,E3,353.945000,416.840000,OK
9,15,adjacent,620,30,32,199,REV,E1,E12,E2,E3,362.500000,464.481000,OK
9,15,adjacent,620,30,32,200,FWD,E12,E1,E3,E4,21.906000,445.648000,OK
9,15,adjacent,620,30,32,201,REV,E1,E12,E3,E4,25.504000,457.259000,OK
9,15,adjacent,620,30,32,202,FWD,E12,E1,E4,E5,-375.750000,449.438000,OK
9,15,adjacent,620,30,32,203,REV,E1,E12,E4,E5,-372.266000,455.224000,OK
9,15,adjacent,620,30,32,204,FWD,E12,E1,E5,E6,-19.617000,450.236000,OK
9,15,adjacent,620,30,32,205,REV,E1,E12,E5,E6,-17.172000,454.745000,OK
9,15,adjacent,620,30,32,206,FWD,E12,E1,E6,E7,-4.695000,451.912000,OK
9,15,adjacent,620,30,32,207,REV,E1,E12,E6,E7,-2.918000,453.787000,OK
9,15,adjacent,620,30,32,208,FWD,E12,E1,E7,E8,-9.992000,451.473000,OK
9,15,adjacent,620,30,32,209,REV,E1,E12,E7,E8,-8.160000,454.146000,OK
9,15,adjacent,620,30,32,210,FWD,E12,E1,E8,E9,10.648000,452.072000,OK
9,15,adjacent,620,30,32,211,REV,E1,E12,E8,E9,14.152000,453.787000,OK
9,15,adjacent,620,30,32,212,FWD,E12,E1,E9,E10,2.070000,452.072000,OK
9,15,adjacent,620,30,32,213,REV,E1,E12,E9,E10,6.551000,454.226000,OK
9,15,adjacent,620,30,32,214,FWD,E12,E1,E10,E11,-12.340000,452.511000,OK
9,15,adjacent,620,30,32,215,REV,E1,E12,E10,E11,-2.328000,453.588000,OK
