frame_index,frame_id,pattern,dac_code,settle_ms,sample_count,record_index,polarity,i_plus,i_minus,v_plus,v_minus,voltage_mv,current_ua,quality
0,6,adjacent,400,30,16,0,FWD,E1,E2,E3,E4,-20.734000,35.511000,OK
0,6,adjacent,400,30,16,1,REV,E2,E1,E3,E4,-19.289000,112.599000,OK
0,6,adjacent,400,30,16,2,FWD,E1,E2,E4,E5,-416.266000,97.756000,OK
0,6,adjacent,400,30,16,3,REV,E2,E1,E4,E5,-4.789000,102.544000,OK
0,6,adjacent,400,30,16,4,FWD,E1,E2,E5,E6,108.461000,100.629000,OK
0,6,adjacent,400,30,16,5,REV,E2,E1,E5,E6,-505.625000,102.384000,OK
0,6,adjacent,400,30,16,6,FWD,E1,E2,E6,E7,-13.422000,102.783000,OK
0,6,adjacent,400,30,16,7,REV,E2,E1,E6,E7,-13.266000,102.384000,OK
0,6,adjacent,400,30,16,8,FWD,E1,E2,E7,E8,22.687000,102.943000,OK
0,6,adjacent,400,30,16,9,REV,E2,E1,E7,E8,22.523000,102.225000,OK
0,6,adjacent,400,30,16,10,FWD,E1,E2,E8,E9,33.492000,104.300000,OK
0,6,adjacent,400,30,16,11,REV,E2,E1,E8,E9,33.750000,103.023000,OK
0,6,adjacent,400,30,16,12,FWD,E1,E2,E9,E10,0.031000,103.901000,OK
0,6,adjacent,400,30,16,13,REV,E2,E1,E9,E10,0.172000,102.624000,OK
0,6,adjacent,400,30,16,14,FWD,E1,E2,E10,E11,-45.070000,104.539000,OK
0,6,adjacent,400,30,16,15,REV,E2,E1,E10,E11,-52.539000,103.661000,OK
0,6,adjacent,400,30,16,16,FWD,E1,E2,E11,E12,-48.836000,104.539000,OK
0,6,adjacent,400,30,16,17,REV,E2,E1,E11,E12,-55.805000,103.901000,OK
0,6,adjacent,400,30,16,18,FWD,E2,E3,E4,E5,-9.133000,18.753000,OK
0,6,adjacent,400,30,16,19,REV,E3,E2,E4,E5,-21.617000,74.853000,OK
0,6,adjacent,400,30,16,20,FWD,E2,E3,E5,E6,-418.875000,63.442000,OK
0,6,adjacent,400,30,16,21,REV,E3,E2,E5,E6,22.875000,66.713000,OK
0,6,adjacent,400,30,16,22,FWD,E2,E3,E6,E7,-13.789000,66.394000,OK
0,6,adjacent,400,30,16,23,REV,E3,E2,E6,E7,-13.703000,66.235000,OK
0,6,adjacent,400,30,16,24,FWD,E2,E3,E7,E8,19.609000,68.070000,OK
0,6,adjacent,400,30,16,25,REV,E3,E2,E7,E8,19.453000,67.112000,OK
0,6,adjacent,400,30,16,26,FWD,E2,E3,E8,E9,33.656000,67.910000,OK
0,6,adjacent,400,30,16,27,REV,E3,E2,E8,E9,33.813000,66.953000,OK
0,6,adjacent,400,30,16,28,FWD,E2,E3,E9,E10,-0.328000,69.347000,OK
0,6,adjacent,400,30,16,29,REV,E3,E2,E9,E10,-0.281000,68.230000,OK
0,6,adjacent,400,30,16,30,FWD,E2,E3,E10,E11,-42.547000,68.629000,OK
0,6,adjacent,400,30,16,31,REV,E3,E2,E10,E11,-51.328000,68.230000,OK
0,6,adjacent,400,30,16,32,FWD,E2,E3,E11,E12,-47.711000,69.507000,OK
0,6,adjacent,400,30,16,33,REV,E3,E2,E11,E12,-52.570000,69.108000,OK
0,6,adjacent,400,30,16,34,FWD,E2,E3,E12,E1,-35.703000,70.225000,OK
0,6,adjacent,400,30,16,35,REV,E3,E2,E12,E1,-35.727000,68.150000,OK
0,6,adjacent,400,30,16,36,FWD,E3,E4,E1,E2,60.617000,12.768000,OK
0,6,adjacent,400,30,16,37,REV,E4,E3,E1,E2,44.766000,56.659000,OK
0,6,adjacent,400,30,16,38,FWD,E3,E4,E5,E6,-24.000000,47.481000,OK
0,6,adjacent,400,30,16,39,REV,E4,E3,E5,E6,-11.000000,51.232000,OK
0,6,adjacent,400,30,16,40,FWD,E3,E4,E6,E7,-14.234000,49.716000,OK
0,6,adjacent,400,30,16,41,REV,E4,E3,E6,E7,-14.094000,51.551000,OK
0,6,adjacent,400,30,16,42,FWD,E3,E4,E7,E8,16.820000,51.871000,OK
0,6,adjacent,400,30,16,43,REV,E4,E3,E7,E8,16.742000,52.030000,OK
0,6,adjacent,400,30,16,44,FWD,E3,E4,E8,E9,33.789000,52.349000,OK
0,6,adjacent,400,30,16,45,REV,E4,E3,E8,E9,33.891000,52.589000,OK
0,6,adjacent,400,30,16,46,FWD,E3,E4,E9,E10,-0.633000,52.748000,OK
0,6,adjacent,400,30,16,47,REV,E4,E3,E9,E10,-0.594000,53.467000,OK
0,6,adjacent,400,30,16,48,FWD,E3,E4,E10,E11,-36.695000,53.467000,OK
0,6,adjacent,400,30,16,49,REV,E4,E3,E10,E11,-49.328000,53.307000,OK
0,6,adjacent,400,30,16,50,FWD,E3,E4,E11,E12,-45.945000,53.307000,OK
0,6,adjacent,400,30,16,51,REV,E4,E3,E11,E12,-47.891000,54.504000,OK
0,6,adjacent,400,30,16,52,FWD,E3,E4,E12,E1,-42.938000,55.142000,OK
0,6,adjacent,400,30,16,53,REV,E4,E3,E12,E1,-43.031000,53.866000,OK
0,6,adjacent,400,30,16,54,FWD,E4,E5,E1,E2,13.063000,21.067000,OK
0,6,adjacent,400,30,16,55,REV,E5,E4,E1,E2,13.109000,72.140000,OK
0,6,adjacent,400,30,16,56,FWD,E4,E5,E2,E3,-11.102000,60.409000,OK
0,6,adjacent,400,30,16,57,REV,E5,E4,E2,E3,-11.469000,68.310000,OK
0,6,adjacent,400,30,16,58,FWD,E4,E5,E6,E7,-14.680000,62.883000,OK
0,6,adjacent,400,30,16,59,REV,E5,E4,E6,E7,-14.250000,67.272000,OK
0,6,adjacent,400,30,16,60,FWD,E4,E5,E7,E8,14.500000,64.319000,OK
0,6,adjacent,400,30,16,61,REV,E5,E4,E7,E8,14.609000,68.629000,OK
0,6,adjacent,400,30,16,62,FWD,E4,E5,E8,E9,33.906000,65.038000,OK
0,6,adjacent,400,30,16,63,REV,E5,E4,E8,E9,33.977000,68.310000,OK
0,6,adjacent,400,30,16,64,FWD,E4,E5,E9,E10,-0.844000,65.516000,OK
0,6,adjacent,400,30,16,65,REV,E5,E4,E9,E10,-0.789000,69.267000,OK
0,6,adjacent,400,30,16,66,FWD,E4,E5,E10,E11,-42.789000,66.634000,OK
0,6,adjacent,400,30,16,67,REV,E5,E4,E10,E11,-42.836000,69.028000,OK
0,6,adjacent,400,30,16,68,FWD,E4,E5,E11,E12,-47.445000,66.235000,OK
0,6,adjacent,400,30,16,69,REV,E5,E4,E11,E12,-44.711000,69.347000,OK
0,6,adjacent,400,30,16,70,FWD,E4,E5,E12,E1,-47.391000,66.474000,OK
0,6,adjacent,400,30,16,71,REV,E5,E4,E12,E1,-47.359000,70.384000,OK
0,6,adjacent,400,30,16,72,FWD,E5,E6,E1,E2,12.883000,48.918000,OK
0,6,adjacent,400,30,16,73,REV,E6,E5,E1,E2,13.250000,104.220000,OK
0,6,adjacent,400,30,16,74,FWD,E5,E6,E2,E3,-5.383000,93.287000,OK
0,6,adjacent,400,30,16,75,REV,E6,E5,E2,E3,-8.727000,99.591000,OK
0,6,adjacent,400,30,16,76,FWD,E5,E6,E3,E4,-69.797000,96.240000,OK
0,6,adjacent,400,30,16,77,REV,E6,E5,E3,E4,-70.594000,99.113000,OK
0,6,adjacent,400,30,16,78,FWD,E5,E6,E7,E8,13.063000,97.197000,OK
0,6,adjacent,400,30,16,79,REV,E6,E5,E7,E8,15.273000,100.070000,OK
0,6,adjacent,400,30,16,80,FWD,E5,E6,E8,E9,33.977000,98.634000,OK
0,6,adjacent,400,30,16,81,REV,E6,E5,E8,E9,34.219000,101.028000,OK
0,6,adjacent,400,30,16,82,FWD,E5,E6,E9,E10,-1.039000,99.033000,OK
0,6,adjacent,400,30,16,83,REV,E6,E5,E9,E10,-0.937000,101.187000,OK
0,6,adjacent,400,30,16,84,FWD,E5,E6,E10,E11,-43.305000,99.192000,OK
0,6,adjacent,400,30,16,85,REV,E6,E5,E10,E11,-42.664000,101.507000,OK
0,6,adjacent,400,30,16,86,FWD,E5,E6,E11,E12,-46.031000,100.230000,OK
0,6,adjacent,400,30,16,87,REV,E6,E5,E11,E12,-47.070000,102.544000,OK
0,6,adjacent,400,30,16,88,FWD,E5,E6,E12,E1,-50.789000,99.751000,OK
0,6,adjacent,400,30,16,89,REV,E6,E5,E12,E1,-50.695000,102.783000,OK
0,6,adjacent,400,30,16,90,FWD,E6,E7,E1,E2,15.125000,40.858000,OK
0,6,adjacent,400,30,16,91,REV,E7,E6,E1,E2,15.344000,72.140000,OK
0,6,adjacent,400,30,16,92,FWD,E6,E7,E2,E3,225.187000,75.731000,OK
0,6,adjacent,400,30,16,93,REV,E7,E6,E2,E3,-458.750000,69.507000,OK
0,6,adjacent,400,30,16,94,FWD,E6,E7,E3,E4,-62.797000,78.045000,OK
0,6,adjacent,400,30,16,95,REV,E7,E6,E3,E4,-74.250000,70.384000,OK
0,6,adjacent,400,30,16,96,FWD,E6,E7,E4,E5,-123.367000,79.402000,OK
0,6,adjacent,400,30,16,97,REV,E7,E6,E4,E5,-123.453000,71.262000,OK
0,6,adjacent,400,30,16,98,FWD,E6,E7,E8,E9,34.797000,80.838000,OK
0,6,adjacent,400,30,16,99,REV,E7,E6,E8,E9,45.266000,71.980000,OK
0,6,adjacent,400,30,16,100,FWD,E6,E7,E9,E10,-1.109000,81.556000,OK
0,6,adjacent,400,30,16,101,REV,E7,E6,E9,E10,-1.023000,73.816000,OK
0,6,adjacent,400,30,16,102,FWD,E6,E7,E10,E11,30.289000,82.514000,OK
0,6,adjacent,400,30,16,103,REV,E7,E6,E10,E11,-124.625000,73.098000,OK
0,6,adjacent,400,30,16,104,FWD,E6,E7,E11,E12,30.250000,82.993000,OK
0,6,adjacent,400,30,16,105,REV,E7,E6,E11,E12,-135.453000,75.013000,OK
0,6,adjacent,400,30,16,106,FWD,E6,E7,E12,E1,-53.398000,84.270000,OK
0,6,adjacent,400,30,16,107,REV,E7,E6,E12,E1,-53.383000,75.093000,OK
0,6,adjacent,400,30,16,108,FWD,E7,E8,E1,E2,17.508000,14.524000,OK
0,6,adjacent,400,30,16,109,REV,E8,E7,E1,E2,17.852000,47.322000,OK
0,6,adjacent,400,30,16,110,FWD,E7,E8,E2,E3,-352.984000,41.257000,OK
0,6,adjacent,400,30,16,111,REV,E8,E7,E2,E3,95.422000,45.008000,OK
0,6,adjacent,400,30,16,112,FWD,E7,E8,E3,E4,136.008000,43.890000,OK
0,6,adjacent,400,30,16,113,REV,E8,E7,E3,E4,-494.062000,44.449000,OK
0,6,adjacent,400,30,16,114,FWD,E7,E8,E4,E5,-119.211000,44.289000,OK
0,6,adjacent,400,30,16,115,REV,E8,E7,E4,E5,-119.148000,45.327000,OK
0,6,adjacent,400,30,16,116,FWD,E7,E8,E5,E6,-95.781000,45.646000,OK
0,6,adjacent,400,30,16,117,REV,E8,E7,E5,E6,-95.594000,45.486000,OK
0,6,adjacent,400,30,16,118,FWD,E7,E8,E9,E10,-0.641000,45.566000,OK
0,6,adjacent,400,30,16,119,REV,E8,E7,E9,E10,0.719000,45.646000,OK
0,6,adjacent,400,30,16,120,FWD,E7,E8,E10,E11,-94.031000,46.284000,OK
0,6,adjacent,400,30,16,121,REV,E8,E7,E10,E11,-9.891000,46.604000,OK
0,6,adjacent,400,30,16,122,FWD,E7,E8,E11,E12,-97.891000,46.444000,OK
0,6,adjacent,400,30,16,123,REV,E8,E7,E11,E12,-10.195000,46.444000,OK
0,6,adjacent,400,30,16,124,FWD,E7,E8,E12,E1,-55.898000,47.003000,OK
0,6,adjacent,400,30,16,125,REV,E8,E7,E12,E1,-55.859000,47.801000,OK
0,6,adjacent,400,30,16,126,FWD,E8,E9,E1,E2,20.258000,17.636000,OK
0,6,adjacent,400,30,16,127,REV,E9,E8,E1,E2,20.562000,56.020000,OK
0,6,adjacent,400,30,16,128,FWD,E8,E9,E2,E3,57.891000,45.327000,OK
0,6,adjacent,400,30,16,129,REV,E9,E8,E2,E3,56.836000,52.988000,OK
0,6,adjacent,400,30,16,130,FWD,E8,E9,E3,E4,-448.531000,48.678000,OK
0,6,adjacent,400,30,16,131,REV,E9,E8,E3,E4,228.984000,52.908000,OK
0,6,adjacent,400,30,16,132,FWD,E8,E9,E4,E5,-117.102000,49.716000,OK
0,6,adjacent,400,30,16,133,REV,E9,E8,E4,E5,-117.234000,52.589000,OK
0,6,adjacent,400,30,16,134,FWD,E8,E9,E5,E6,-90.461000,50.674000,OK
0,6,adjacent,400,30,16,135,REV,E9,E8,E5,E6,-90.555000,53.546000,OK
0,6,adjacent,400,30,16,136,FWD,E8,E9,E6,E7,-7.562000,51.152000,OK
0,6,adjacent,400,30,16,137,REV,E9,E8,E6,E7,-2.961000,52.748000,OK
0,6,adjacent,400,30,16,138,FWD,E8,E9,E10,E11,-32.305000,52.270000,OK
0,6,adjacent,400,30,16,139,REV,E9,E8,E10,E11,-11.719000,53.866000,OK
0,6,adjacent,400,30,16,140,FWD,E8,E9,E11,E12,-47.633000,52.748000,OK
0,6,adjacent,400,30,16,141,REV,E9,E8,E11,E12,-26.391000,53.626000,OK
0,6,adjacent,400,30,16,142,FWD,E8,E9,E12,E1,-57.391000,52.669000,OK
0,6,adjacent,400,30,16,143,REV,E9,E8,E12,E1,-57.164000,54.105000,OK
0,6,adjacent,400,30,16,144,FWD,E9,E10,E1,E2,22.656000,51.073000,OK
0,6,adjacent,400,30,16,145,REV,E10,E9,E1,E2,23.031000,93.367000,OK
0,6,adjacent,400,30,16,146,FWD,E9,E10,E2,E3,24.172000,84.349000,OK
0,6,adjacent,400,30,16,147,REV,E10,E9,E2,E3,24.484000,92.250000,OK
0,6,adjacent,400,30,16,148,FWD,E9,E10,E3,E4,57.602000,86.025000,OK
0,6,adjacent,400,30,16,149,REV,E10,E9,E3,E4,53.313000,92.808000,OK
0,6,adjacent,400,30,16,150,FWD,E9,E10,E4,E5,-116.094000,88.100000,OK
0,6,adjacent,400,30,16,151,REV,E10,E9,E4,E5,-116.359000,93.846000,OK
0,6,adjacent,400,30,16,152,FWD,E9,E10,E5,E6,-87.695000,88.499000,OK
0,6,adjacent,400,30,16,153,REV,E10,E9,E5,E6,-87.922000,95.043000,OK
0,6,adjacent,400,30,16,154,FWD,E9,E10,E6,E7,-9.008000,88.978000,OK
0,6,adjacent,400,30,16,155,REV,E10,E9,E6,E7,-8.984000,96.000000,OK
0,6,adjacent,400,30,16,156,FWD,E9,E10,E7,E8,63.047000,90.255000,OK
0,6,adjacent,400,30,16,157,REV,E10,E9,E7,E8,63.047000,97.277000,OK
0,6,adjacent,400,30,16,158,FWD,E9,E10,E11,E12,-22.602000,90.734000,OK
0,6,adjacent,400,30,16,159,REV,E10,E9,E11,E12,-20.062000,96.798000,OK
0,6,adjacent,400,30,16,160,FWD,E9,E10,E12,E1,-57.469000,91.292000,OK
0,6,adjacent,400,30,16,161,REV,E10,E9,E12,E1,-57.063000,97.916000,OK
0,6,adjacent,400,30,16,162,FWD,E10,E11,E1,E2,25.047000,61.048000,OK
0,6,adjacent,400,30,16,163,REV,E11,E10,E1,E2,25.727000,127.442000,OK
0,6,adjacent,400,30,16,164,FWD,E10,E11,E2,E3,18.656000,119.462000,OK
0,6,adjacent,400,30,16,165,REV,E11,E10,E2,E3,19.805000,124.489000,OK
0,6,adjacent,400,30,16,166,FWD,E10,E11,E3,E4,5.430000,123.133000,OK
0,6,adjacent,400,30,16,167,REV,E11,E10,E3,E4,6.508000,126.085000,OK
0,6,adjacent,400,30,16,168,FWD,E10,E11,E4,E5,-115.633000,123.372000,OK
0,6,adjacent,400,30,16,169,REV,E11,E10,E4,E5,-116.578000,126.325000,OK
0,6,adjacent,400,30,16,170,FWD,E10,E11,E5,E6,-85.656000,124.250000,OK
0,6,adjacent,400,30,16,171,REV,E11,E10,E5,E6,-86.375000,127.442000,OK
0,6,adjacent,400,30,16,172,FWD,E10,E11,E6,E7,-11.281000,125.447000,OK
0,6,adjacent,400,30,16,173,REV,E11,E10,E6,E7,-11.008000,127.921000,OK
0,6,adjacent,400,30,16,174,FWD,E10,E11,E7,E8,39.875000,124.729000,OK
0,6,adjacent,400,30,16,175,REV,E11,E10,E7,E8,40.273000,128.479000,OK
0,6,adjacent,400,30,16,176,FWD,E10,E11,E8,E9,-76.891000,126.404000,OK
0,6,adjacent,400,30,16,177,REV,E11,E10,E8,E9,-0.445000,128.320000,OK
0,6,adjacent,400,30,16,178,FWD,E10,E11,E12,E1,-56.203000,125.766000,OK
0,6,adjacent,400,30,16,179,REV,E11,E10,E12,E1,-51.453000,128.240000,OK
0,6,adjacent,400,30,16,180,FWD,E11,E12,E1,E2,27.164000,73.497000,OK
0,6,adjacent,400,30,16,181,REV,E12,E11,E1,E2,28.031000,164.709000,OK
0,6,adjacent,400,30,16,182,FWD,E11,E12,E2,E3,15.258000,151.781000,OK
0,6,adjacent,400,30,16,183,REV,E12,E11,E2,E3,16.305000,154.814000,OK
0,6,adjacent,400,30,16,184,FWD,E11,E12,E3,E4,-9.086000,155.452000,OK
0,6,adjacent,400,30,16,185,REV,E12,E11,E3,E4,-8.336000,155.372000,OK
0,6,adjacent,400,30,16,186,FWD,E11,E12,E4,E5,-115.477000,156.569000,OK
0,6,adjacent,400,30,16,187,REV,E12,E11,E4,E5,-116.828000,156.410000,OK
0,6,adjacent,400,30,16,188,FWD,E11,E12,E5,E6,-84.227000,156.888000,OK
0,6,adjacent,400,30,16,189,REV,E12,E11,E5,E6,-85.000000,157.287000,OK
0,6,adjacent,400,30,16,190,FWD,E11,E12,E6,E7,-12.453000,157.846000,OK
0,6,adjacent,400,30,16,191,REV,E12,E11,E6,E7,-12.273000,158.006000,OK
0,6,adjacent,400,30,16,192,FWD,E11,E12,E7,E8,32.023000,158.963000,OK
0,6,adjacent,400,30,16,193,REV,E12,E11,E7,E8,31.937000,158.165000,OK
0,6,adjacent,400,30,16,194,FWD,E11,E12,E8,E9,31.133000,159.681000,OK
0,6,adjacent,400,30,16,195,REV,E12,E11,E8,E9,31.484000,158.724000,OK
0,6,adjacent,400,30,16,196,FWD,E11,E12,E9,E10,-14.633000,160.001000,OK
0,6,adjacent,400,30,16,197,REV,E12,E11,E9,E10,-2.758000,159.362000,OK
0,6,adjacent,400,30,16,198,FWD,E12,E1,E2,E3,13.266000,55.940000,OK
0,6,adjacent,400,30,16,199,REV,E1,E12,E2,E3,14.742000,141.327000,OK
0,6,adjacent,400,30,16,200,FWD,E12,E1,E3,E4,-15.820000,129.517000,OK
0,6,adjacent,400,30,16,201,REV,E1,E12,E3,E4,-15.086000,134.385000,OK
0,6,adjacent,400,30,16,202,FWD,E12,E1,E4,E5,68.461000,134.145000,OK
0,6,adjacent,400,30,16,203,REV,E1,E12,E4,E5,-434.312000,135.422000,OK
0,6,adjacent,400,30,16,204,FWD,E12,E1,E5,E6,-83.156000,134.943000,OK
0,6,adjacent,400,30,16,205,REV,E1,E12,E5,E6,-84.656000,135.821000,OK
0,6,adjacent,400,30,16,206,FWD,E12,E1,E6,E7,-13.133000,136.380000,OK
0,6,adjacent,400,30,16,207,REV,E1,E12,E6,E7,-12.961000,137.337000,OK
0,6,adjacent,400,30,16,208,FWD,E12,E1,E7,E8,26.922000,137.577000,OK
0,6,adjacent,400,30,16,209,REV,E1,E12,E7,E8,26.828000,137.337000,OK
0,6,adjacent,400,30,16,210,FWD,E12,E1,E8,E9,33.078000,138.055000,OK
0,6,adjacent,400,30,16,211,REV,E1,E12,E8,E9,33.430000,138.055000,OK
0,6,adjacent,400,30,16,212,FWD,E12,E1,E9,E10,0.961000,139.013000,OK
0,6,adjacent,400,30,16,213,REV,E1,E12,E9,E10,1.133000,138.774000,OK
0,6,adjacent,400,30,16,214,FWD,E12,E1,E10,E11,-59.945000,139.332000,OK
0,6,adjacent,400,30,16,215,REV,E1,E12,E10,E11,-47.000000,138.055000,OK
1,7,adjacent,400,30,16,0,FWD,E1,E2,E3,E4,-20.625000,35.272000,OK
1,7,adjacent,400,30,16,1,REV,E2,E1,E3,E4,-19.242000,112.200000,OK
1,7,adjacent,400,30,16,2,FWD,E1,E2,E4,E5,-418.750000,97.437000,OK
1,7,adjacent,400,30,16,3,REV,E2,E1,E4,E5,-7.078000,102.225000,OK
1,7,adjacent,400,30,16,4,FWD,E1,E2,E5,E6,105.773000,101.347000,OK
1,7,adjacent,400,30,16,5,REV,E2,E1,E5,E6,-508.031000,101.826000,OK
1,7,adjacent,400,30,16,6,FWD,E1,E2,E6,E7,-13.672000,101.985000,OK
1,7,adjacent,400,30,16,7,REV,E2,E1,E6,E7,-13.547000,102.065000,OK
1,7,adjacent,400,30,16,8,FWD,E1,E2,E7,E8,23.086000,102.783000,OK
1,7,adjacent,400,30,16,9,REV,E2,E1,E7,E8,22.875000,102.065000,OK
1,7,adjacent,400,30,16,10,FWD,E1,E2,E8,E9,33.273000,103.901000,OK
1,7,adjacent,400,30,16,11,REV,E2,E1,E8,E9,33.523000,102.384000,OK
1,7,adjacent,400,30,16,12,FWD,E1,E2,E9,E10,0.023000,103.821000,OK
1,7,adjacent,400,30,16,13,REV,E2,E1,E9,E10,0.148000,102.783000,OK
1,7,adjacent,400,30,16,14,FWD,E1,E2,E10,E11,-42.695000,104.778000,OK
1,7,adjacent,400,30,16,15,REV,E2,E1,E10,E11,-52.086000,102.863000,OK
1,7,adjacent,400,30,16,16,FWD,E1,E2,E11,E12,-48.984000,103.980000,OK
1,7,adjacent,400,30,16,17,REV,E2,E1,E11,E12,-52.859000,103.182000,OK
1,7,adjacent,400,30,16,18,FWD,E2,E3,E4,E5,-11.750000,19.551000,OK
1,7,adjacent,400,30,16,19,REV,E3,E2,E4,E5,-24.250000,74.374000,OK
1,7,adjacent,400,30,16,20,FWD,E2,E3,E5,E6,-420.187000,63.362000,OK
1,7,adjacent,400,30,16,21,REV,E3,E2,E5,E6,21.242000,67.272000,OK
1,7,adjacent,400,30,16,22,FWD,E2,E3,E6,E7,-14.078000,66.394000,OK
1,7,adjacent,400,30,16,23,REV,E3,E2,E6,E7,-13.969000,67.192000,OK
1,7,adjacent,400,30,16,24,FWD,E2,E3,E7,E8,19.992000,67.352000,OK
1,7,adjacent,400,30,16,25,REV,E3,E2,E7,E8,19.852000,66.793000,OK
1,7,adjacent,400,30,16,26,FWD,E2,E3,E8,E9,33.453000,67.751000,OK
1,7,adjacent,400,30,16,27,REV,E3,E2,E8,E9,33.633000,67.352000,OK
1,7,adjacent,400,30,16,28,FWD,E2,E3,E9,E10,-0.344000,69.347000,OK
1,7,adjacent,400,30,16,29,REV,E3,E2,E9,E10,-0.289000,67.272000,OK
1,7,adjacent,400,30,16,30,FWD,E2,E3,E10,E11,-42.711000,69.267000,OK
1,7,adjacent,400,30,16,31,REV,E3,E2,E10,E11,-50.320000,67.432000,OK
1,7,adjacent,400,30,16,32,FWD,E2,E3,E11,E12,-46.453000,70.783000,OK
1,7,adjacent,400,30,16,33,REV,E3,E2,E11,E12,-53.266000,68.230000,OK
1,7,adjacent,400,30,16,34,FWD,E2,E3,E12,E1,-36.352000,69.826000,OK
1,7,adjacent,400,30,16,35,REV,E3,E2,E12,E1,-36.375000,68.709000,OK
1,7,adjacent,400,30,16,36,FWD,E3,E4,E1,E2,61.617000,13.087000,OK
1,7,adjacent,400,30,16,37,REV,E4,E3,E1,E2,45.719000,56.818000,OK
1,7,adjacent,400,30,16,38,FWD,E3,E4,E5,E6,-25.477000,46.923000,OK
1,7,adjacent,400,30,16,39,REV,E4,E3,E5,E6,-12.648000,51.791000,OK
1,7,adjacent,400,30,16,40,FWD,E3,E4,E6,E7,-14.531000,49.477000,OK
1,7,adjacent,400,30,16,41,REV,E4,E3,E6,E7,-14.352000,52.110000,OK
1,7,adjacent,400,30,16,42,FWD,E3,E4,E7,E8,17.219000,52.270000,OK
1,7,adjacent,400,30,16,43,REV,E4,E3,E7,E8,17.164000,52.748000,OK
1,7,adjacent,400,30,16,44,FWD,E3,E4,E8,E9,33.609000,51.791000,OK
1,7,adjacent,400,30,16,45,REV,E4,E3,E8,E9,33.719000,53.467000,OK
1,7,adjacent,400,30,16,46,FWD,E3,E4,E9,E10,-0.617000,52.828000,OK
1,7,adjacent,400,30,16,47,REV,E4,E3,E9,E10,-0.578000,53.866000,OK
1,7,adjacent,400,30,16,48,FWD,E3,E4,E10,E11,-43.766000,53.546000,OK
1,7,adjacent,400,30,16,49,REV,E4,E3,E10,E11,-46.320000,52.828000,OK
1,7,adjacent,400,30,16,50,FWD,E3,E4,E11,E12,-44.227000,54.664000,OK
1,7,adjacent,400,30,16,51,REV,E4,E3,E11,E12,-47.672000,53.945000,OK
1,7,adjacent,400,30,16,52,FWD,E3,E4,E12,E1,-43.617000,55.063000,OK
1,7,adjacent,400,30,16,53,REV,E4,E3,E12,E1,-43.719000,53.706000,OK
1,7,adjacent,400,30,16,54,FWD,E4,E5,E1,E2,13.781000,22.105000,OK
1,7,adjacent,400,30,16,55,REV,E5,E4,E1,E2,13.844000,72.379000,OK
1,7,adjacent,400,30,16,56,FWD,E4,E5,E2,E3,-10.188000,60.409000,OK
1,7,adjacent,400,30,16,57,REV,E5,E4,E2,E3,-10.555000,67.352000,OK
1,7,adjacent,400,30,16,58,FWD,E4,E5,E6,E7,-14.961000,62.883000,OK
1,7,adjacent,400,30,16,59,REV,E5,E4,E6,E7,-14.523000,68.150000,OK
1,7,adjacent,400,30,16,60,FWD,E4,E5,E7,E8,14.898000,64.718000,OK
1,7,adjacent,400,30,16,61,REV,E5,E4,E7,E8,15.008000,68.389000,OK
1,7,adjacent,400,30,16,62,FWD,E4,E5,E8,E9,33.750000,65.197000,OK
1,7,adjacent,400,30,16,63,REV,E5,E4,E8,E9,33.836000,68.788000,OK
1,7,adjacent,400,30,16,64,FWD,E4,E5,E9,E10,-0.875000,65.676000,OK
1,7,adjacent,400,30,16,65,REV,E5,E4,E9,E10,-0.766000,69.187000,OK
1,7,adjacent,400,30,16,66,FWD,E4,E5,E10,E11,-42.859000,66.554000,OK
1,7,adjacent,400,30,16,67,REV,E5,E4,E10,E11,-43.758000,68.948000,OK
1,7,adjacent,400,30,16,68,FWD,E4,E5,E11,E12,-45.813000,66.235000,OK
1,7,adjacent,400,30,16,69,REV,E5,E4,E11,E12,-41.188000,69.347000,OK
1,7,adjacent,400,30,16,70,FWD,E4,E5,E12,E1,-48.102000,67.511000,OK
1,7,adjacent,400,30,16,71,REV,E5,E4,E12,E1,-48.070000,69.906000,OK
1,7,adjacent,400,30,16,72,FWD,E5,E6,E1,E2,13.555000,49.157000,OK
1,7,adjacent,400,30,16,73,REV,E6,E5,E1,E2,13.836000,104.539000,OK
1,7,adjacent,400,30,16,74,FWD,E5,E6,E2,E3,-4.437000,93.207000,OK
1,7,adjacent,400,30,16,75,REV,E6,E5,E2,E3,-7.703000,99.911000,OK
1,7,adjacent,400,30,16,76,FWD,E5,E6,E3,E4,-69.781000,95.442000,OK
1,7,adjacent,400,30,16,77,REV,E6,E5,E3,E4,-70.563000,99.911000,OK
1,7,adjacent,400,30,16,78,FWD,E5,E6,E7,E8,13.445000,97.038000,OK
1,7,adjacent,400,30,16,79,REV,E6,E5,E7,E8,15.656000,100.389000,OK
1,7,adjacent,400,30,16,80,FWD,E5,E6,E8,E9,33.820000,97.836000,OK
1,7,adjacent,400,30,16,81,REV,E6,E5,E8,E9,34.109000,100.948000,OK
1,7,adjacent,400,30,16,82,FWD,E5,E6,E9,E10,-1.070000,98.474000,OK
1,7,adjacent,400,30,16,83,REV,E6,E5,E9,E10,-0.961000,101.666000,OK
1,7,adjacent,400,30,16,84,FWD,E5,E6,E10,E11,-44.117000,99.512000,OK
1,7,adjacent,400,30,16,85,REV,E6,E5,E10,E11,-42.414000,102.145000,OK
1,7,adjacent,400,30,16,86,FWD,E5,E6,E11,E12,-47.531000,99.751000,OK
1,7,adjacent,400,30,16,87,REV,E6,E5,E11,E12,-44.023000,102.145000,OK
1,7,adjacent,400,30,16,88,FWD,E5,E6,E12,E1,-51.516000,100.310000,OK
1,7,adjacent,400,30,16,89,REV,E6,E5,E12,E1,-51.430000,103.023000,OK
1,7,adjacent,400,30,16,90,FWD,E6,E7,E1,E2,15.625000,41.417000,OK
1,7,adjacent,400,30,16,91,REV,E7,E6,E1,E2,15.836000,71.901000,OK
1,7,adjacent,400,30,16,92,FWD,E6,E7,E2,E3,226.453000,75.651000,OK
1,7,adjacent,400,30,16,93,REV,E7,E6,E2,E3,-457.469000,69.427000,OK
1,7,adjacent,400,30,16,94,FWD,E6,E7,E3,E4,-62.766000,79.003000,OK
1,7,adjacent,400,30,16,95,REV,E7,E6,E3,E4,-74.164000,69.985000,OK
1,7,adjacent,400,30,16,96,FWD,E6,E7,E4,E5,-125.508000,79.801000,OK
1,7,adjacent,400,30,16,97,REV,E7,E6,E4,E5,-125.609000,71.262000,OK
1,7,adjacent,400,30,16,98,FWD,E6,E7,E8,E9,34.664000,80.998000,OK
1,7,adjacent,400,30,16,99,REV,E7,E6,E8,E9,45.086000,72.539000,OK
1,7,adjacent,400,30,16,100,FWD,E6,E7,E9,E10,-1.094000,81.716000,OK
1,7,adjacent,400,30,16,101,REV,E7,E6,E9,E10,-1.023000,73.736000,OK
1,7,adjacent,400,30,16,102,FWD,E6,E7,E10,E11,31.367000,82.674000,OK
1,7,adjacent,400,30,16,103,REV,E7,E6,E10,E11,-127.484000,73.337000,OK
1,7,adjacent,400,30,16,104,FWD,E6,E7,E11,E12,30.602000,83.631000,OK
1,7,adjacent,400,30,16,105,REV,E7,E6,E11,E12,-136.375000,74.614000,OK
1,7,adjacent,400,30,16,106,FWD,E6,E7,E12,E1,-54.148000,83.472000,OK
1,7,adjacent,400,30,16,107,REV,E7,E6,E12,E1,-54.141000,75.252000,OK
1,7,adjacent,400,30,16,108,FWD,E7,E8,E1,E2,17.891000,15.003000,OK
1,7,adjacent,400,30,16,109,REV,E8,E7,E1,E2,18.266000,48.120000,OK
1,7,adjacent,400,30,16,110,FWD,E7,E8,E2,E3,-351.500000,40.938000,OK
1,7,adjacent,400,30,16,111,REV,E8,E7,E2,E3,97.250000,44.369000,OK
1,7,adjacent,400,30,16,112,FWD,E7,E8,E3,E4,136.047000,43.571000,OK
1,7,adjacent,400,30,16,113,REV,E8,E7,E3,E4,-494.094000,44.768000,OK
1,7,adjacent,400,30,16,114,FWD,E7,E8,E4,E5,-121.273000,44.768000,OK
1,7,adjacent,400,30,16,115,REV,E8,E7,E4,E5,-121.227000,45.327000,OK
1,7,adjacent,400,30,16,116,FWD,E7,E8,E5,E6,-97.344000,44.688000,OK
1,7,adjacent,400,30,16,117,REV,E8,E7,E5,E6,-97.133000,45.646000,OK
1,7,adjacent,400,30,16,118,FWD,E7,E8,E9,E10,-0.625000,46.364000,OK
1,7,adjacent,400,30,16,119,REV,E8,E7,E9,E10,0.742000,46.284000,OK
1,7,adjacent,400,30,16,120,FWD,E7,E8,E10,E11,-95.906000,45.806000,OK
1,7,adjacent,400,30,16,121,REV,E8,E7,E10,E11,-10.992000,45.965000,OK
1,7,adjacent,400,30,16,122,FWD,E7,E8,E11,E12,-97.547000,46.763000,OK
1,7,adjacent,400,30,16,123,REV,E8,E7,E11,E12,-8.805000,47.641000,OK
1,7,adjacent,400,30,16,124,FWD,E7,E8,E12,E1,-56.656000,47.082000,OK
1,7,adjacent,400,30,16,125,REV,E8,E7,E12,E1,-56.625000,46.763000,OK
1,7,adjacent,400,30,16,126,FWD,E8,E9,E1,E2,20.570000,17.397000,OK
1,7,adjacent,400,30,16,127,REV,E9,E8,E1,E2,20.914000,56.180000,OK
1,7,adjacent,400,30,16,128,FWD,E8,E9,E2,E3,59.539000,46.125000,OK
1,7,adjacent,400,30,16,129,REV,E9,E8,E2,E3,58.430000,52.429000,OK
1,7,adjacent,400,30,16,130,FWD,E8,E9,E3,E4,-448.687000,48.120000,OK
1,7,adjacent,400,30,16,131,REV,E9,E8,E3,E4,229.016000,52.429000,OK
1,7,adjacent,400,30,16,132,FWD,E8,E9,E4,E5,-119.234000,49.955000,OK
1,7,adjacent,400,30,16,133,REV,E9,E8,E4,E5,-119.328000,52.748000,OK
1,7,adjacent,400,30,16,134,FWD,E8,E9,E5,E6,-92.117000,50.993000,OK
1,7,adjacent,400,30,16,135,REV,E9,E8,E5,E6,-92.211000,52.828000,OK
1,7,adjacent,400,30,16,136,FWD,E8,E9,E6,E7,-7.273000,51.232000,OK
1,7,adjacent,400,30,16,137,REV,E9,E8,E6,E7,-2.656000,53.307000,OK
1,7,adjacent,400,30,16,138,FWD,E8,E9,E10,E11,-36.781000,52.589000,OK
1,7,adjacent,400,30,16,139,REV,E9,E8,E10,E11,-13.133000,53.945000,OK
1,7,adjacent,400,30,16,140,FWD,E8,E9,E11,E12,-48.742000,51.791000,OK
1,7,adjacent,400,30,16,141,REV,E9,E8,E11,E12,-23.648000,54.105000,OK
1,7,adjacent,400,30,16,142,FWD,E8,E9,E12,E1,-58.172000,52.669000,OK
1,7,adjacent,400,30,16,143,REV,E9,E8,E12,E1,-57.953000,54.823000,OK
1,7,adjacent,400,30,16,144,FWD,E9,E10,E1,E2,22.922000,50.514000,OK
1,7,adjacent,400,30,16,145,REV,E10,E9,E1,E2,23.289000,94.005000,OK
1,7,adjacent,400,30,16,146,FWD,E9,E10,E2,E3,25.750000,83.392000,OK
1,7,adjacent,400,30,16,147,REV,E10,E9,E2,E3,26.125000,93.128000,OK
1,7,adjacent,400,30,16,148,FWD,E9,E10,E3,E4,57.586000,85.706000,OK
1,7,adjacent,400,30,16,149,REV,E10,E9,E3,E4,53.336000,94.005000,OK
1,7,adjacent,400,30,16,150,FWD,E9,E10,E4,E5,-118.258000,88.020000,OK
1,7,adjacent,400,30,16,151,REV,E10,E9,E4,E5,-118.477000,94.325000,OK
1,7,adjacent,400,30,16,152,FWD,E9,E10,E5,E6,-89.422000,88.978000,OK
1,7,adjacent,400,30,16,153,REV,E10,E9,E5,E6,-89.625000,95.522000,OK
1,7,adjacent,400,30,16,154,FWD,E9,E10,E6,E7,-8.797000,90.015000,OK
1,7,adjacent,400,30,16,155,REV,E10,E9,E6,E7,-8.727000,95.123000,OK
1,7,adjacent,400,30,16,156,FWD,E9,E10,E7,E8,63.188000,90.494000,OK
1,7,adjacent,400,30,16,157,REV,E10,E9,E7,E8,63.219000,96.719000,OK
1,7,adjacent,400,30,16,158,FWD,E9,E10,E11,E12,-20.875000,91.532000,OK
1,7,adjacent,400,30,16,159,REV,E10,E9,E11,E12,-19.930000,96.320000,OK
1,7,adjacent,400,30,16,160,FWD,E9,E10,E12,E1,-58.258000,92.010000,OK
1,7,adjacent,400,30,16,161,REV,E10,E9,E12,E1,-57.852000,97.197000,OK
1,7,adjacent,400,30,16,162,FWD,E10,E11,E1,E2,25.281000,61.447000,OK
1,7,adjacent,400,30,16,163,REV,E11,E10,E1,E2,25.891000,127.761000,OK
1,7,adjacent,400,30,16,164,FWD,E10,E11,E2,E3,20.234000,120.020000,OK
1,7,adjacent,400,30,16,165,REV,E11,E10,E2,E3,21.406000,124.170000,OK
1,7,adjacent,400,30,16,166,FWD,E10,E11,E3,E4,5.461000,122.813000,OK
1,7,adjacent,400,30,16,167,REV,E11,E10,E3,E4,6.531000,126.325000,OK
1,7,adjacent,400,30,16,168,FWD,E10,E11,E4,E5,-117.742000,124.010000,OK
1,7,adjacent,400,30,16,169,REV,E11,E10,E4,E5,-118.719000,126.883000,OK
1,7,adjacent,400,30,16,170,FWD,E10,E11,E5,E6,-87.438000,123.452000,OK
1,7,adjacent,400,30,16,171,REV,E11,E10,E5,E6,-88.156000,127.841000,OK
1,7,adjacent,400,30,16,172,FWD,E10,E11,E6,E7,-11.141000,124.968000,OK
1,7,adjacent,400,30,16,173,REV,E11,E10,E6,E7,-10.852000,128.639000,OK
1,7,adjacent,400,30,16,174,FWD,E10,E11,E7,E8,40.031000,124.569000,OK
1,7,adjacent,400,30,16,175,REV,E11,E10,E7,E8,40.453000,128.878000,OK
1,7,adjacent,400,30,16,176,FWD,E10,E11,E8,E9,-77.063000,125.527000,OK
1,7,adjacent,400,30,16,177,REV,E11,E10,E8,E9,-0.852000,129.676000,OK
1,7,adjacent,400,30,16,178,FWD,E10,E11,E12,E1,-57.008000,125.846000,OK
1,7,adjacent,400,30,16,179,REV,E11,E10,E12,E1,-52.273000,129.038000,OK
1,7,adjacent,400,30,16,180,FWD,E11,E12,E1,E2,27.312000,73.257000,OK
1,7,adjacent,400,30,16,181,REV,E12,E11,E1,E2,28.195000,164.709000,OK
1,7,adjacent,400,30,16,182,FWD,E11,E12,E2,E3,16.820000,151.861000,OK
1,7,adjacent,400,30,16,183,REV,E12,E11,E2,E3,17.953000,155.133000,OK
1,7,adjacent,400,30,16,184,FWD,E11,E12,E3,E4,-9.086000,155.292000,OK
1,7,adjacent,400,30,16,185,REV,E12,E11,E3,E4,-8.352000,154.814000,OK
1,7,adjacent,400,30,16,186,FWD,E11,E12,E4,E5,-117.570000,156.489000,OK
1,7,adjacent,400,30,16,187,REV,E12,E11,E4,E5,-118.922000,156.649000,OK
1,7,adjacent,400,30,16,188,FWD,E11,E12,E5,E6,-86.031000,157.926000,OK
1,7,adjacent,400,30,16,189,REV,E12,E11,E5,E6,-86.805000,156.888000,OK
1,7,adjacent,400,30,16,190,FWD,E11,E12,E6,E7,-12.328000,158.245000,OK
1,7,adjacent,400,30,16,191,REV,E12,E11,E6,E7,-12.156000,157.926000,OK
1,7,adjacent,400,30,16,192,FWD,E11,E12,E7,E8,32.219000,159.681000,OK
1,7,adjacent,400,30,16,193,REV,E12,E11,E7,E8,32.141000,158.006000,OK
1,7,adjacent,400,30,16,194,FWD,E11,E12,E8,E9,30.859000,159.602000,OK
1,7,adjacent,400,30,16,195,REV,E12,E11,E8,E9,31.211000,158.724000,OK
1,7,adjacent,400,30,16,196,FWD,E11,E12,E9,E10,-14.664000,159.841000,OK
1,7,adjacent,400,30,16,197,REV,E12,E11,E9,E10,-2.797000,159.362000,OK
1,7,adjacent,400,30,16,198,FWD,E12,E1,E2,E3,14.773000,55.940000,OK
1,7,adjacent,400,30,16,199,REV,E1,E12,E2,E3,16.367000,141.247000,OK
1,7,adjacent,400,30,16,200,FWD,E12,E1,E3,E4,-15.844000,129.357000,OK
1,7,adjacent,400,30,16,201,REV,E1,E12,E3,E4,-15.078000,134.065000,OK
1,7,adjacent,400,30,16,202,FWD,E12,E1,E4,E5,67.031000,134.305000,OK
1,7,adjacent,400,30,16,203,REV,E1,E12,E4,E5,-436.000000,135.422000,OK
1,7,adjacent,400,30,16,204,FWD,E12,E1,E5,E6,-85.023000,134.863000,OK
1,7,adjacent,400,30,16,205,REV,E1,E12,E5,E6,-86.516000,135.661000,OK
1,7,adjacent,400,30,16,206,FWD,E12,E1,E6,E7,-13.039000,136.619000,OK
1,7,adjacent,400,30,16,207,REV,E1,E12,E6,E7,-12.891000,137.337000,OK
1,7,adjacent,400,30,16,208,FWD,E12,E1,E7,E8,27.133000,137.337000,OK
1,7,adjacent,400,30,16,209,REV,E1,E12,E7,E8,27.008000,137.337000,OK
1,7,adjacent,400,30,16,210,FWD,E12,E1,E8,E9,32.813000,137.656000,OK
1,7,adjacent,400,30,16,211,REV,E1,E12,E8,E9,33.148000,138.055000,OK
1,7,adjacent,400,30,16,212,FWD,E12,E1,E9,E10,0.937000,138.375000,OK
1,7,adjacent,400,30,16,213,REV,E1,E12,E9,E10,1.141000,139.332000,OK
1,7,adjacent,400,30,16,214,FWD,E12,E1,E10,E11,-60.055000,139.412000,OK
1,7,adjacent,400,30,16,215,REV,E1,E12,E10,E11,-48.094000,138.614000,OK
2,8,adjacent,400,30,16,0,FWD,E1,E2,E3,E4,-20.625000,36.070000,OK
2,8,adjacent,400,30,16,1,REV,E2,E1,E3,E4,-19.250000,111.881000,OK
2,8,adjacent,400,30,16,2,FWD,E1,E2,E4,E5,-420.859000,96.639000,OK
2,8,adjacent,400,30,16,3,REV,E2,E1,E4,E5,-9.109000,102.225000,OK
2,8,adjacent,400,30,16,4,FWD,E1,E2,E5,E6,104.258000,101.028000,OK
2,8,adjacent,400,30,16,5,REV,E2,E1,E5,E6,-510.094000,101.985000,OK
2,8,adjacent,400,30,16,6,FWD,E1,E2,E6,E7,-13.594000,101.507000,OK
2,8,adjacent,400,30,16,7,REV,E2,E1,E6,E7,-13.453000,102.065000,OK
2,8,adjacent,400,30,16,8,FWD,E1,E2,E7,E8,23.289000,102.624000,OK
2,8,adjacent,400,30,16,9,REV,E2,E1,E7,E8,23.125000,102.783000,OK
2,8,adjacent,400,30,16,10,FWD,E1,E2,E8,E9,33.031000,103.262000,OK
2,8,adjacent,400,30,16,11,REV,E2,E1,E8,E9,33.266000,102.943000,OK
2,8,adjacent,400,30,16,12,FWD,E1,E2,E9,E10,0.016000,103.661000,OK
2,8,adjacent,400,30,16,13,REV,E2,E1,E9,E10,0.156000,102.783000,OK
2,8,adjacent,400,30,16,14,FWD,E1,E2,E10,E11,-46.219000,103.901000,OK
2,8,adjacent,400,30,16,15,REV,E2,E1,E10,E11,-52.219000,103.422000,OK
2,8,adjacent,400,30,16,16,FWD,E1,E2,E11,E12,-50.461000,104.060000,OK
2,8,adjacent,400,30,16,17,REV,E2,E1,E11,E12,-55.336000,103.103000,OK
2,8,adjacent,400,30,16,18,FWD,E2,E3,E4,E5,-13.563000,18.035000,OK
2,8,adjacent,400,30,16,19,REV,E3,E2,E4,E5,-26.109000,74.295000,OK
2,8,adjacent,400,30,16,20,FWD,E2,E3,E5,E6,-421.562000,63.202000,OK
2,8,adjacent,400,30,16,21,REV,E3,E2,E5,E6,20.289000,67.033000,OK
2,8,adjacent,400,30,16,22,FWD,E2,E3,E6,E7,-14.039000,66.634000,OK
2,8,adjacent,400,30,16,23,REV,E3,E2,E6,E7,-13.914000,66.554000,OK
2,8,adjacent,400,30,16,24,FWD,E2,E3,E7,E8,20.211000,66.953000,OK
2,8,adjacent,400,30,16,25,REV,E3,E2,E7,E8,20.078000,67.112000,OK
2,8,adjacent,400,30,16,26,FWD,E2,E3,E8,E9,33.242000,69.028000,OK
2,8,adjacent,400,30,16,27,REV,E3,E2,E8,E9,33.398000,67.511000,OK
2,8,adjacent,400,30,16,28,FWD,E2,E3,E9,E10,-0.367000,68.310000,OK
2,8,adjacent,400,30,16,29,REV,E3,E2,E9,E10,-0.297000,67.432000,OK
2,8,adjacent,400,30,16,30,FWD,E2,E3,E10,E11,-42.586000,69.267000,OK
2,8,adjacent,400,30,16,31,REV,E3,E2,E10,E11,-51.422000,68.549000,OK
2,8,adjacent,400,30,16,32,FWD,E2,E3,E11,E12,-47.336000,69.187000,OK
2,8,adjacent,400,30,16,33,REV,E3,E2,E11,E12,-52.867000,67.990000,OK
2,8,adjacent,400,30,16,34,FWD,E2,E3,E12,E1,-36.852000,69.666000,OK
2,8,adjacent,400,30,16,35,REV,E3,E2,E12,E1,-36.867000,68.549000,OK
2,8,adjacent,400,30,16,36,FWD,E3,E4,E1,E2,62.133000,12.928000,OK
2,8,adjacent,400,30,16,37,REV,E4,E3,E1,E2,46.258000,57.457000,OK
2,8,adjacent,400,30,16,38,FWD,E3,E4,E5,E6,-26.656000,47.003000,OK
2,8,adjacent,400,30,16,39,REV,E4,E3,E5,E6,-13.734000,52.110000,OK
2,8,adjacent,400,30,16,40,FWD,E3,E4,E6,E7,-14.469000,49.636000,OK
2,8,adjacent,400,30,16,41,REV,E4,E3,E6,E7,-14.328000,51.950000,OK
2,8,adjacent,400,30,16,42,FWD,E3,E4,E7,E8,17.445000,51.392000,OK
2,8,adjacent,400,30,16,43,REV,E4,E3,E7,E8,17.391000,52.509000,OK
2,8,adjacent,400,30,16,44,FWD,E3,E4,E8,E9,33.383000,52.110000,OK
2,8,adjacent,400,30,16,45,REV,E4,E3,E8,E9,33.523000,52.589000,OK
2,8,adjacent,400,30,16,46,FWD,E3,E4,E9,E10,-0.664000,53.068000,OK
2,8,adjacent,400,30,16,47,REV,E4,E3,E9,E10,-0.617000,53.307000,OK
2,8,adjacent,400,30,16,48,FWD,E3,E4,E10,E11,-39.859000,53.945000,OK
2,8,adjacent,400,30,16,49,REV,E4,E3,E10,E11,-49.281000,53.387000,OK
2,8,adjacent,400,30,16,50,FWD,E3,E4,E11,E12,-45.039000,53.467000,OK
2,8,adjacent,400,30,16,51,REV,E4,E3,E11,E12,-47.203000,53.467000,OK
2,8,adjacent,400,30,16,52,FWD,E3,E4,E12,E1,-44.125000,54.823000,OK
2,8,adjacent,400,30,16,53,REV,E4,E3,E12,E1,-44.203000,54.903000,OK
2,8,adjacent,400,30,16,54,FWD,E4,E5,E1,E2,14.180000,21.865000,OK
2,8,adjacent,400,30,16,55,REV,E5,E4,E1,E2,14.195000,72.379000,OK
2,8,adjacent,400,30,16,56,FWD,E4,E5,E2,E3,-9.172000,60.090000,OK
2,8,adjacent,400,30,16,57,REV,E5,E4,E2,E3,-9.539000,68.150000,OK
2,8,adjacent,400,30,16,58,FWD,E4,E5,E6,E7,-14.930000,63.202000,OK
2,8,adjacent,400,30,16,59,REV,E5,E4,E6,E7,-14.516000,69.347000,OK
2,8,adjacent,400,30,16,60,FWD,E4,E5,E7,E8,15.148000,64.160000,OK
2,8,adjacent,400,30,16,61,REV,E5,E4,E7,E8,15.266000,67.671000,OK
2,8,adjacent,400,30,16,62,FWD,E4,E5,E8,E9,33.586000,65.277000,OK
2,8,adjacent,400,30,16,63,REV,E5,E4,E8,E9,33.633000,68.549000,OK
2,8,adjacent,400,30,16,64,FWD,E4,E5,E9,E10,-0.883000,65.915000,OK
2,8,adjacent,400,30,16,65,REV,E5,E4,E9,E10,-0.820000,69.108000,OK
2,8,adjacent,400,30,16,66,FWD,E4,E5,E10,E11,-43.805000,65.756000,OK
2,8,adjacent,400,30,16,67,REV,E5,E4,E10,E11,-43.914000,69.427000,OK
2,8,adjacent,400,30,16,68,FWD,E4,E5,E11,E12,-45.492000,66.235000,OK
2,8,adjacent,400,30,16,69,REV,E5,E4,E11,E12,-42.289000,69.507000,OK
2,8,adjacent,400,30,16,70,FWD,E4,E5,E12,E1,-48.625000,66.953000,OK
2,8,adjacent,400,30,16,71,REV,E5,E4,E12,E1,-48.555000,70.305000,OK
2,8,adjacent,400,30,16,72,FWD,E5,E6,E1,E2,13.727000,49.078000,OK
2,8,adjacent,400,30,16,73,REV,E6,E5,E1,E2,14.023000,104.459000,OK
2,8,adjacent,400,30,16,74,FWD,E5,E6,E2,E3,-3.320000,92.888000,OK
2,8,adjacent,400,30,16,75,REV,E6,E5,E2,E3,-6.602000,99.911000,OK
2,8,adjacent,400,30,16,76,FWD,E5,E6,E3,E4,-69.477000,96.399000,OK
2,8,adjacent,400,30,16,77,REV,E6,E5,E3,E4,-70.289000,100.389000,OK
2,8,adjacent,400,30,16,78,FWD,E5,E6,E7,E8,13.727000,97.038000,OK
2,8,adjacent,400,30,16,79,REV,E6,E5,E7,E8,15.938000,100.310000,OK
2,8,adjacent,400,30,16,80,FWD,E5,E6,E8,E9,33.680000,97.596000,OK
2,8,adjacent,400,30,16,81,REV,E6,E5,E8,E9,33.938000,101.028000,OK
2,8,adjacent,400,30,16,82,FWD,E5,E6,E9,E10,-1.109000,99.751000,OK
2,8,adjacent,400,30,16,83,REV,E6,E5,E9,E10,-0.961000,101.507000,OK
2,8,adjacent,400,30,16,84,FWD,E5,E6,E10,E11,-44.102000,99.512000,OK
2,8,adjacent,400,30,16,85,REV,E6,E5,E10,E11,-44.016000,101.586000,OK
2,8,adjacent,400,30,16,86,FWD,E5,E6,E11,E12,-46.086000,99.911000,OK
2,8,adjacent,400,30,16,87,REV,E6,E5,E11,E12,-44.141000,101.746000,OK
2,8,adjacent,400,30,16,88,FWD,E5,E6,E12,E1,-52.008000,100.469000,OK
2,8,adjacent,400,30,16,89,REV,E6,E5,E12,E1,-51.945000,102.863000,OK
2,8,adjacent,400,30,16,90,FWD,E6,E7,E1,E2,15.828000,41.018000,OK
2,8,adjacent,400,30,16,91,REV,E7,E6,E1,E2,16.008000,71.821000,OK
2,8,adjacent,400,30,16,92,FWD,E6,E7,E2,E3,227.422000,75.891000,OK
2,8,adjacent,400,30,16,93,REV,E7,E6,E2,E3,-456.437000,68.948000,OK
2,8,adjacent,400,30,16,94,FWD,E6,E7,E3,E4,-62.508000,78.364000,OK
2,8,adjacent,400,30,16,95,REV,E7,E6,E3,E4,-73.891000,71.262000,OK
2,8,adjacent,400,30,16,96,FWD,E6,E7,E4,E5,-127.094000,79.561000,OK
2,8,adjacent,400,30,16,97,REV,E7,E6,E4,E5,-127.188000,70.464000,OK
2,8,adjacent,400,30,16,98,FWD,E6,E7,E8,E9,34.508000,80.998000,OK
2,8,adjacent,400,30,16,99,REV,E7,E6,E8,E9,44.906000,72.699000,OK
2,8,adjacent,400,30,16,100,FWD,E6,E7,E9,E10,-1.094000,81.876000,OK
2,8,adjacent,400,30,16,101,REV,E7,E6,E9,E10,-1.039000,74.055000,OK
2,8,adjacent,400,30,16,102,FWD,E6,E7,E10,E11,31.711000,82.354000,OK
2,8,adjacent,400,30,16,103,REV,E7,E6,E10,E11,-126.234000,73.497000,OK
2,8,adjacent,400,30,16,104,FWD,E6,E7,E11,E12,30.891000,82.674000,OK
2,8,adjacent,400,30,16,105,REV,E7,E6,E11,E12,-135.328000,74.933000,OK
2,8,adjacent,400,30,16,106,FWD,E6,E7,E12,E1,-54.688000,83.791000,OK
2,8,adjacent,400,30,16,107,REV,E7,E6,E12,E1,-54.680000,75.332000,OK
2,8,adjacent,400,30,16,108,FWD,E7,E8,E1,E2,18.070000,14.284000,OK
2,8,adjacent,400,30,16,109,REV,E8,E7,E1,E2,18.375000,47.880000,OK
2,8,adjacent,400,30,16,110,FWD,E7,E8,E2,E3,-350.375000,41.097000,OK
2,8,adjacent,400,30,16,111,REV,E8,E7,E2,E3,98.367000,44.688000,OK
2,8,adjacent,400,30,16,112,FWD,E7,E8,E3,E4,136.117000,43.731000,OK
2,8,adjacent,400,30,16,113,REV,E8,E7,E3,E4,-494.187000,45.247000,OK
2,8,adjacent,400,30,16,114,FWD,E7,E8,E4,E5,-122.883000,45.167000,OK
2,8,adjacent,400,30,16,115,REV,E8,E7,E4,E5,-122.797000,45.087000,OK
2,8,adjacent,400,30,16,116,FWD,E7,E8,E5,E6,-98.570000,45.167000,OK
2,8,adjacent,400,30,16,117,REV,E8,E7,E5,E6,-98.375000,45.566000,OK
2,8,adjacent,400,30,16,118,FWD,E7,E8,E9,E10,-0.625000,45.806000,OK
2,8,adjacent,400,30,16,119,REV,E8,E7,E9,E10,0.703000,46.683000,OK
2,8,adjacent,400,30,16,120,FWD,E7,E8,E10,E11,-95.016000,46.763000,OK
2,8,adjacent,400,30,16,121,REV,E8,E7,E10,E11,-14.281000,46.683000,OK
2,8,adjacent,400,30,16,122,FWD,E7,E8,E11,E12,-98.828000,46.205000,OK
2,8,adjacent,400,30,16,123,REV,E8,E7,E11,E12,-7.469000,46.524000,OK
2,8,adjacent,400,30,16,124,FWD,E7,E8,E12,E1,-57.219000,47.003000,OK
2,8,adjacent,400,30,16,125,REV,E8,E7,E12,E1,-57.172000,47.003000,OK
2,8,adjacent,400,30,16,126,FWD,E8,E9,E1,E2,20.703000,18.035000,OK
2,8,adjacent,400,30,16,127,REV,E9,E8,E1,E2,21.078000,56.339000,OK
2,8,adjacent,400,30,16,128,FWD,E8,E9,E2,E3,60.313000,45.247000,OK
2,8,adjacent,400,30,16,129,REV,E9,E8,E2,E3,59.195000,52.190000,OK
2,8,adjacent,400,30,16,130,FWD,E8,E9,E3,E4,-448.781000,48.279000,OK
2,8,adjacent,400,30,16,131,REV,E9,E8,E3,E4,228.969000,52.509000,OK
2,8,adjacent,400,30,16,132,FWD,E8,E9,E4,E5,-120.844000,50.035000,OK
2,8,adjacent,400,30,16,133,REV,E9,E8,E4,E5,-120.938000,52.748000,OK
2,8,adjacent,400,30,16,134,FWD,E8,E9,E5,E6,-93.352000,51.312000,OK
2,8,adjacent,400,30,16,135,REV,E9,E8,E5,E6,-93.422000,52.988000,OK
2,8,adjacent,400,30,16,136,FWD,E8,E9,E6,E7,-7.453000,50.833000,OK
2,8,adjacent,400,30,16,137,REV,E9,E8,E6,E7,-2.859000,53.227000,OK
2,8,adjacent,400,30,16,138,FWD,E8,E9,E10,E11,-34.727000,52.030000,OK
2,8,adjacent,400,30,16,139,REV,E9,E8,E10,E11,-11.664000,54.265000,OK
2,8,adjacent,400,30,16,140,FWD,E8,E9,E11,E12,-48.383000,51.871000,OK
2,8,adjacent,400,30,16,141,REV,E9,E8,E11,E12,-22.125000,54.185000,OK
2,8,adjacent,400,30,16,142,FWD,E8,E9,E12,E1,-58.766000,52.030000,OK
2,8,adjacent,400,30,16,143,REV,E9,E8,E12,E1,-58.500000,53.945000,OK
2,8,adjacent,400,30,16,144,FWD,E9,E10,E1,E2,22.984000,50.913000,OK
2,8,adjacent,400,30,16,145,REV,E10,E9,E1,E2,23.312000,93.686000,OK
2,8,adjacent,400,30,16,146,FWD,E9,E10,E2,E3,26.758000,84.110000,OK
2,8,adjacent,400,30,16,147,REV,E10,E9,E2,E3,27.117000,91.611000,OK
2,8,adjacent,400,30,16,148,FWD,E9,E10,E3,E4,57.594000,86.664000,OK
2,8,adjacent,400,30,16,149,REV,E10,E9,E3,E4,53.398000,92.888000,OK
2,8,adjacent,400,30,16,150,FWD,E9,E10,E4,E5,-119.867000,87.621000,OK
2,8,adjacent,400,30,16,151,REV,E10,E9,E4,E5,-120.102000,93.766000,OK
2,8,adjacent,400,30,16,152,FWD,E9,E10,E5,E6,-90.867000,88.978000,OK
2,8,adjacent,400,30,16,153,REV,E10,E9,E5,E6,-91.039000,95.202000,OK
2,8,adjacent,400,30,16,154,FWD,E9,E10,E6,E7,-8.984000,89.537000,OK
2,8,adjacent,400,30,16,155,REV,E10,E9,E6,E7,-8.922000,95.841000,OK
2,8,adjacent,400,30,16,156,FWD,E9,E10,E7,E8,63.438000,90.255000,OK
2,8,adjacent,400,30,16,157,REV,E10,E9,E7,E8,63.438000,96.160000,OK
2,8,adjacent,400,30,16,158,FWD,E9,E10,E11,E12,-20.586000,90.255000,OK
2,8,adjacent,400,30,16,159,REV,E10,E9,E11,E12,-22.156000,97.357000,OK
2,8,adjacent,400,30,16,160,FWD,E9,E10,E12,E1,-58.820000,92.569000,OK
2,8,adjacent,400,30,16,161,REV,E10,E9,E12,E1,-58.398000,97.277000,OK
2,8,adjacent,400,30,16,162,FWD,E10,E11,E1,E2,25.156000,61.925000,OK
2,8,adjacent,400,30,16,163,REV,E11,E10,E1,E2,25.789000,127.282000,OK
2,8,adjacent,400,30,16,164,FWD,E10,E11,E2,E3,21.328000,119.781000,OK
2,8,adjacent,400,30,16,165,REV,E11,E10,E2,E3,22.531000,124.569000,OK
2,8,adjacent,400,30,16,166,FWD,E10,E11,E3,E4,5.477000,123.292000,OK
2,8,adjacent,400,30,16,167,REV,E11,E10,E3,E4,6.539000,126.325000,OK
2,8,adjacent,400,30,16,168,FWD,E10,E11,E4,E5,-119.406000,123.452000,OK
2,8,adjacent,400,30,16,169,REV,E11,E10,E4,E5,-120.359000,127.202000,OK
2,8,adjacent,400,30,16,170,FWD,E10,E11,E5,E6,-88.953000,124.250000,OK
2,8,adjacent,400,30,16,171,REV,E11,E10,E5,E6,-89.594000,127.442000,OK
2,8,adjacent,400,30,16,172,FWD,E10,E11,E6,E7,-11.273000,124.569000,OK
2,8,adjacent,400,30,16,173,REV,E11,E10,E6,E7,-11.023000,128.958000,OK
2,8,adjacent,400,30,16,174,FWD,E10,E11,E7,E8,40.250000,125.766000,OK
2,8,adjacent,400,30,16,175,REV,E11,E10,E7,E8,40.648000,128.320000,OK
2,8,adjacent,400,30,16,176,FWD,E10,E11,E8,E9,-77.031000,126.325000,OK
2,8,adjacent,400,30,16,177,REV,E11,E10,E8,E9,-0.758000,128.479000,OK
2,8,adjacent,400,30,16,178,FWD,E10,E11,E12,E1,-57.586000,126.005000,OK
2,8,adjacent,400,30,16,179,REV,E11,E10,E12,E1,-52.852000,128.958000,OK
2,8,adjacent,400,30,16,180,FWD,E11,E12,E1,E2,27.102000,73.736000,OK
2,8,adjacent,400,30,16,181,REV,E12,E11,E1,E2,28.008000,165.427000,OK
2,8,adjacent,400,30,16,182,FWD,E11,E12,E2,E3,18.086000,151.542000,OK
2,8,adjacent,400,30,16,183,REV,E12,E11,E2,E3,19.156000,155.372000,OK
2,8,adjacent,400,30,16,184,FWD,E11,E12,E3,E4,-9.070000,154.893000,OK
2,8,adjacent,400,30,16,185,REV,E12,E11,E3,E4,-8.320000,155.532000,OK
2,8,adjacent,400,30,16,186,FWD,E11,E12,E4,E5,-119.227000,155.771000,OK
2,8,adjacent,400,30,16,187,REV,E12,E11,E4,E5,-120.563000,157.287000,OK
2,8,adjacent,400,30,16,188,FWD,E11,E12,E5,E6,-87.656000,157.766000,OK
2,8,adjacent,400,30,16,189,REV,E12,E11,E5,E6,-88.445000,156.569000,OK
2,8,adjacent,400,30,16,190,FWD,E11,E12,E6,E7,-12.469000,158.804000,OK
2,8,adjacent,400,30,16,191,REV,E12,E11,E6,E7,-12.305000,157.367000,OK
2,8,adjacent,400,30,16,192,FWD,E11,E12,E7,E8,32.445000,158.724000,OK
2,8,adjacent,400,30,16,193,REV,E12,E11,E7,E8,32.352000,158.245000,OK
2,8,adjacent,400,30,16,194,FWD,E11,E12,E8,E9,30.812000,160.160000,OK
2,8,adjacent,400,30,16,195,REV,E12,E11,E8,E9,31.180000,159.123000,OK
2,8,adjacent,400,30,16,196,FWD,E11,E12,E9,E10,-14.703000,159.841000,OK
2,8,adjacent,400,30,16,197,REV,E12,E11,E9,E10,-2.813000,159.203000,OK
2,8,adjacent,400,30,16,198,FWD,E12,E1,E2,E3,16.078000,55.621000,OK
2,8,adjacent,400,30,16,199,REV,E1,E12,E2,E3,17.617000,140.609000,OK
2,8,adjacent,400,30,16,200,FWD,E12,E1,E3,E4,-15.789000,129.597000,OK
2,8,adjacent,400,30,16,201,REV,E1,E12,E3,E4,-15.055000,134.624000,OK
2,8,adjacent,400,30,16,202,FWD,E12,E1,E4,E5,65.953000,134.225000,OK
2,8,adjacent,400,30,16,203,REV,E1,E12,E4,E5,-437.312000,134.784000,OK
2,8,adjacent,400,30,16,204,FWD,E12,E1,E5,E6,-86.734000,135.502000,OK
2,8,adjacent,400,30,16,205,REV,E1,E12,E5,E6,-88.156000,135.103000,OK
2,8,adjacent,400,30,16,206,FWD,E12,E1,E6,E7,-13.172000,136.140000,OK
2,8,adjacent,400,30,16,207,REV,E1,E12,E6,E7,-13.047000,135.821000,OK
2,8,adjacent,400,30,16,208,FWD,E12,E1,E7,E8,27.336000,138.215000,OK
2,8,adjacent,400,30,16,209,REV,E1,E12,E7,E8,27.242000,137.816000,OK
2,8,adjacent,400,30,16,210,FWD,E12,E1,E8,E9,32.773000,137.816000,OK
2,8,adjacent,400,30,16,211,REV,E1,E12,E8,E9,33.109000,137.976000,OK
2,8,adjacent,400,30,16,212,FWD,E12,E1,E9,E10,0.891000,138.295000,OK
2,8,adjacent,400,30,16,213,REV,E1,E12,E9,E10,1.086000,138.375000,OK
2,8,adjacent,400,30,16,214,FWD,E12,E1,E10,E11,-59.023000,138.774000,OK
2,8,adjacent,400,30,16,215,REV,E1,E12,E10,E11,-48.063000,139.173000,OK
3,9,adjacent,400,30,16,0,FWD,E1,E2,E3,E4,-20.633000,35.591000,OK
3,9,adjacent,400,30,16,1,REV,E2,E1,E3,E4,-19.250000,111.242000,OK
3,9,adjacent,400,30,16,2,FWD,E1,E2,E4,E5,-422.656000,97.197000,OK
3,9,adjacent,400,30,16,3,REV,E2,E1,E4,E5,-10.766000,102.624000,OK
3,9,adjacent,400,30,16,4,FWD,E1,E2,E5,E6,102.914000,100.868000,OK
3,9,adjacent,400,30,16,5,REV,E2,E1,E5,E6,-511.687000,101.906000,OK
3,9,adjacent,400,30,16,6,FWD,E1,E2,E6,E7,-13.781000,101.906000,OK
3,9,adjacent,400,30,16,7,REV,E2,E1,E6,E7,-13.633000,101.108000,OK
3,9,adjacent,400,30,16,8,FWD,E1,E2,E7,E8,23.531000,102.783000,OK
3,9,adjacent,400,30,16,9,REV,E2,E1,E7,E8,23.352000,101.586000,OK
3,9,adjacent,400,30,16,10,FWD,E1,E2,E8,E9,32.992000,103.980000,OK
3,9,adjacent,400,30,16,11,REV,E2,E1,E8,E9,33.250000,101.906000,OK
3,9,adjacent,400,30,16,12,FWD,E1,E2,E9,E10,-0.023000,103.980000,OK
3,9,adjacent,400,30,16,13,REV,E2,E1,E9,E10,0.094000,102.384000,OK
3,9,adjacent,400,30,16,14,FWD,E1,E2,E10,E11,-44.141000,103.581000,OK
3,9,adjacent,400,30,16,15,REV,E2,E1,E10,E11,-52.258000,102.624000,OK
3,9,adjacent,400,30,16,16,FWD,E1,E2,E11,E12,-48.680000,104.060000,OK
3,9,adjacent,400,30,16,17,REV,E2,E1,E11,E12,-54.938000,102.863000,OK
3,9,adjacent,400,30,16,18,FWD,E2,E3,E4,E5,-15.234000,18.115000,OK
3,9,adjacent,400,30,16,19,REV,E3,E2,E4,E5,-27.820000,74.853000,OK
3,9,adjacent,400,30,16,20,FWD,E2,E3,E5,E6,-422.687000,63.841000,OK
3,9,adjacent,400,30,16,21,REV,E3,E2,E5,E6,19.719000,66.474000,OK
3,9,adjacent,400,30,16,22,FWD,E2,E3,E6,E7,-14.180000,66.873000,OK
3,9,adjacent,400,30,16,23,REV,E3,E2,E6,E7,-14.102000,66.554000,OK
3,9,adjacent,400,30,16,24,FWD,E2,E3,E7,E8,20.445000,67.432000,OK
3,9,adjacent,400,30,16,25,REV,E3,E2,E7,E8,20.305000,67.192000,OK
3,9,adjacent,400,30,16,26,FWD,E2,E3,E8,E9,33.227000,68.230000,OK
3,9,adjacent,400,30,16,27,REV,E3,E2,E8,E9,33.383000,67.511000,OK
3,9,adjacent,400,30,16,28,FWD,E2,E3,E9,E10,-0.375000,68.389000,OK
3,9,adjacent,400,30,16,29,REV,E3,E2,E9,E10,-0.375000,66.953000,OK
3,9,adjacent,400,30,16,30,FWD,E2,E3,E10,E11,-39.234000,69.427000,OK
3,9,adjacent,400,30,16,31,REV,E3,E2,E10,E11,-50.766000,67.192000,OK
3,9,adjacent,400,30,16,32,FWD,E2,E3,E11,E12,-45.633000,70.145000,OK
3,9,adjacent,400,30,16,33,REV,E3,E2,E11,E12,-52.531000,68.150000,OK
3,9,adjacent,400,30,16,34,FWD,E2,E3,E12,E1,-37.344000,70.225000,OK
3,9,adjacent,400,30,16,35,REV,E3,E2,E12,E1,-37.352000,68.230000,OK
3,9,adjacent,400,30,16,36,FWD,E3,E4,E1,E2,62.719000,12.609000,OK
3,9,adjacent,400,30,16,37,REV,E4,E3,E1,E2,46.828000,57.536000,OK
3,9,adjacent,400,30,16,38,FWD,E3,E4,E5,E6,-27.508000,46.284000,OK
3,9,adjacent,400,30,16,39,REV,E4,E3,E5,E6,-14.547000,52.270000,OK
3,9,adjacent,400,30,16,40,FWD,E3,E4,E6,E7,-14.633000,49.955000,OK
3,9,adjacent,400,30,16,41,REV,E4,E3,E6,E7,-14.477000,52.030000,OK
3,9,adjacent,400,30,16,42,FWD,E3,E4,E7,E8,17.687000,52.270000,OK
3,9,adjacent,400,30,16,43,REV,E4,E3,E7,E8,17.609000,52.748000,OK
3,9,adjacent,400,30,16,44,FWD,E3,E4,E8,E9,33.398000,52.589000,OK
3,9,adjacent,400,30,16,45,REV,E4,E3,E8,E9,33.547000,52.828000,OK
3,9,adjacent,400,30,16,46,FWD,E3,E4,E9,E10,-0.719000,52.748000,OK
3,9,adjacent,400,30,16,47,REV,E4,E3,E9,E10,-0.656000,53.307000,OK
3,9,adjacent,400,30,16,48,FWD,E3,E4,E10,E11,-35.445000,53.866000,OK
3,9,adjacent,400,30,16,49,REV,E4,E3,E10,E11,-45.742000,53.467000,OK
3,9,adjacent,400,30,16,50,FWD,E3,E4,E11,E12,-42.688000,55.063000,OK
3,9,adjacent,400,30,16,51,REV,E4,E3,E11,E12,-49.461000,54.185000,OK
3,9,adjacent,400,30,16,52,FWD,E3,E4,E12,E1,-44.602000,55.063000,OK
3,9,adjacent,400,30,16,53,REV,E4,E3,E12,E1,-44.703000,54.743000,OK
3,9,adjacent,400,30,16,54,FWD,E4,E5,E1,E2,14.531000,21.786000,OK
3,9,adjacent,400,30,16,55,REV,E5,E4,E1,E2,14.555000,72.379000,OK
3,9,adjacent,400,30,16,56,FWD,E4,E5,E2,E3,-8.641000,60.010000,OK
3,9,adjacent,400,30,16,57,REV,E5,E4,E2,E3,-8.945000,67.910000,OK
3,9,adjacent,400,30,16,58,FWD,E4,E5,E6,E7,-15.094000,63.442000,OK
3,9,adjacent,400,30,16,59,REV,E5,E4,E6,E7,-14.688000,67.990000,OK
3,9,adjacent,400,30,16,60,FWD,E4,E5,E7,E8,15.375000,65.117000,OK
3,9,adjacent,400,30,16,61,REV,E5,E4,E7,E8,15.469000,68.948000,OK
3,9,adjacent,400,30,16,62,FWD,E4,E5,E8,E9,33.578000,64.878000,OK
3,9,adjacent,400,30,16,63,REV,E5,E4,E8,E9,33.648000,68.469000,OK
3,9,adjacent,400,30,16,64,FWD,E4,E5,E9,E10,-0.906000,65.836000,OK
3,9,adjacent,400,30,16,65,REV,E5,E4,E9,E10,-0.844000,69.028000,OK
3,9,adjacent,400,30,16,66,FWD,E4,E5,E10,E11,-43.305000,66.713000,OK
3,9,adjacent,400,30,16,67,REV,E5,E4,E10,E11,-41.680000,69.187000,OK
3,9,adjacent,400,30,16,68,FWD,E4,E5,E11,E12,-45.844000,66.713000,OK
3,9,adjacent,400,30,16,69,REV,E5,E4,E11,E12,-40.047000,69.826000,OK
3,9,adjacent,400,30,16,70,FWD,E4,E5,E12,E1,-49.063000,67.033000,OK
3,9,adjacent,400,30,16,71,REV,E5,E4,E12,E1,-49.078000,69.985000,OK
3,9,adjacent,400,30,16,72,FWD,E5,E6,E1,E2,14.063000,49.237000,OK
3,9,adjacent,400,30,16,73,REV,E6,E5,E1,E2,14.391000,104.778000,OK
3,9,adjacent,400,30,16,74,FWD,E5,E6,E2,E3,-2.781000,92.968000,OK
3,9,adjacent,400,30,16,75,REV,E6,E5,E2,E3,-6.008000,99.113000,OK
3,9,adjacent,400,30,16,76,FWD,E5,E6,E3,E4,-69.563000,96.000000,OK
3,9,adjacent,400,30,16,77,REV,E6,E5,E3,E4,-70.367000,99.831000,OK
3,9,adjacent,400,30,16,78,FWD,E5,E6,E7,E8,13.938000,97.596000,OK
3,9,adjacent,400,30,16,79,REV,E6,E5,E7,E8,16.148000,100.070000,OK
3,9,adjacent,400,30,16,80,FWD,E5,E6,E8,E9,33.688000,98.235000,OK
3,9,adjacent,400,30,16,81,REV,E6,E5,E8,E9,33.938000,100.788000,OK
3,9,adjacent,400,30,16,82,FWD,E5,E6,E9,E10,-1.102000,98.554000,OK
3,9,adjacent,400,30,16,83,REV,E6,E5,E9,E10,-1.000000,101.666000,OK
3,9,adjacent,400,30,16,84,FWD,E5,E6,E10,E11,-44.555000,99.272000,OK
3,9,adjacent,400,30,16,85,REV,E6,E5,E10,E11,-43.320000,101.985000,OK
3,9,adjacent,400,30,16,86,FWD,E5,E6,E11,E12,-44.688000,99.751000,OK
3,9,adjacent,400,30,16,87,REV,E6,E5,E11,E12,-42.773000,102.943000,OK
3,9,adjacent,400,30,16,88,FWD,E5,E6,E12,E1,-52.445000,100.788000,OK
3,9,adjacent,400,30,16,89,REV,E6,E5,E12,E1,-52.375000,102.544000,OK
3,9,adjacent,400,30,16,90,FWD,E6,E7,E1,E2,16.031000,40.619000,OK
3,9,adjacent,400,30,16,91,REV,E7,E6,E1,E2,16.242000,71.581000,OK
3,9,adjacent,400,30,16,92,FWD,E6,E7,E2,E3,227.969000,75.571000,OK
3,9,adjacent,400,30,16,93,REV,E7,E6,E2,E3,-455.937000,68.709000,OK
3,9,adjacent,400,30,16,94,FWD,E6,E7,E3,E4,-62.563000,78.524000,OK
3,9,adjacent,400,30,16,95,REV,E7,E6,E3,E4,-73.969000,70.145000,OK
3,9,adjacent,400,30,16,96,FWD,E6,E7,E4,E5,-128.305000,79.641000,OK
3,9,adjacent,400,30,16,97,REV,E7,E6,E4,E5,-128.398000,72.220000,OK
3,9,adjacent,400,30,16,98,FWD,E6,E7,E8,E9,34.516000,81.078000,OK
3,9,adjacent,400,30,16,99,REV,E7,E6,E8,E9,44.953000,71.661000,OK
3,9,adjacent,400,30,16,100,FWD,E6,E7,E9,E10,-1.141000,82.275000,OK
3,9,adjacent,400,30,16,101,REV,E7,E6,E9,E10,-1.086000,72.300000,OK
3,9,adjacent,400,30,16,102,FWD,E6,E7,E10,E11,32.430000,81.716000,OK
3,9,adjacent,400,30,16,103,REV,E7,E6,E10,E11,-123.969000,73.975000,OK
3,9,adjacent,400,30,16,104,FWD,E6,E7,E11,E12,31.453000,83.152000,OK
3,9,adjacent,400,30,16,105,REV,E7,E6,E11,E12,-133.734000,75.252000,OK
3,9,adjacent,400,30,16,106,FWD,E6,E7,E12,E1,-55.125000,83.791000,OK
3,9,adjacent,400,30,16,107,REV,E7,E6,E12,E1,-55.109000,75.571000,OK
3,9,adjacent,400,30,16,108,FWD,E7,E8,E1,E2,18.211000,14.364000,OK
3,9,adjacent,400,30,16,109,REV,E8,E7,E1,E2,18.555000,48.120000,OK
3,9,adjacent,400,30,16,110,FWD,E7,E8,E2,E3,-349.391000,40.379000,OK
3,9,adjacent,400,30,16,111,REV,E8,E7,E2,E3,98.961000,45.327000,OK
3,9,adjacent,400,30,16,112,FWD,E7,E8,E3,E4,135.961000,42.693000,OK
3,9,adjacent,400,30,16,113,REV,E8,E7,E3,E4,-494.344000,44.928000,OK
3,9,adjacent,400,30,16,114,FWD,E7,E8,E4,E5,-124.172000,44.210000,OK
3,9,adjacent,400,30,16,115,REV,E8,E7,E4,E5,-124.070000,45.327000,OK
3,9,adjacent,400,30,16,116,FWD,E7,E8,E5,E6,-99.563000,45.327000,OK
3,9,adjacent,400,30,16,117,REV,E8,E7,E5,E6,-99.438000,46.364000,OK
3,9,adjacent,400,30,16,118,FWD,E7,E8,E9,E10,-0.672000,45.965000,OK
3,9,adjacent,400,30,16,119,REV,E8,E7,E9,E10,0.703000,46.205000,OK
3,9,adjacent,400,30,16,120,FWD,E7,E8,E10,E11,-93.297000,46.524000,OK
3,9,adjacent,400,30,16,121,REV,E8,E7,E10,E11,-10.805000,45.806000,OK
3,9,adjacent,400,30,16,122,FWD,E7,E8,E11,E12,-97.594000,46.763000,OK
3,9,adjacent,400,30,16,123,REV,E8,E7,E11,E12,-7.062000,46.763000,OK
3,9,adjacent,400,30,16,124,FWD,E7,E8,E12,E1,-57.648000,47.082000,OK
3,9,adjacent,400,30,16,125,REV,E8,E7,E12,E1,-57.594000,46.284000,OK
3,9,adjacent,400,30,16,126,FWD,E8,E9,E1,E2,20.742000,17.955000,OK
3,9,adjacent,400,30,16,127,REV,E9,E8,E1,E2,21.086000,56.499000,OK
3,9,adjacent,400,30,16,128,FWD,E8,E9,E2,E3,61.461000,45.566000,OK
3,9,adjacent,400,30,16,129,REV,E9,E8,E2,E3,60.375000,53.387000,OK
3,9,adjacent,400,30,16,130,FWD,E8,E9,E3,E4,-448.750000,47.960000,OK
3,9,adjacent,400,30,16,131,REV,E9,E8,E3,E4,228.750000,52.828000,OK
3,9,adjacent,400,30,16,132,FWD,E8,E9,E4,E5,-122.109000,49.157000,OK
3,9,adjacent,400,30,16,133,REV,E9,E8,E4,E5,-122.234000,52.589000,OK
3,9,adjacent,400,30,16,134,FWD,E8,E9,E5,E6,-94.570000,49.955000,OK
3,9,adjacent,400,30,16,135,REV,E9,E8,E5,E6,-94.648000,53.387000,OK
3,9,adjacent,400,30,16,136,FWD,E8,E9,E6,E7,-7.086000,50.514000,OK
3,9,adjacent,400,30,16,137,REV,E9,E8,E6,E7,-2.508000,53.626000,OK
3,9,adjacent,400,30,16,138,FWD,E8,E9,E10,E11,-33.164000,52.349000,OK
3,9,adjacent,400,30,16,139,REV,E9,E8,E10,E11,-10.445000,53.546000,OK
3,9,adjacent,400,30,16,140,FWD,E8,E9,E11,E12,-48.180000,52.908000,OK
3,9,adjacent,400,30,16,141,REV,E9,E8,E11,E12,-21.945000,54.344000,OK
3,9,adjacent,400,30,16,142,FWD,E8,E9,E12,E1,-59.156000,52.190000,OK
3,9,adjacent,400,30,16,143,REV,E9,E8,E12,E1,-58.898000,53.945000,OK
3,9,adjacent,400,30,16,144,FWD,E9,E10,E1,E2,22.937000,51.232000,OK
3,9,adjacent,400,30,16,145,REV,E10,E9,E1,E2,23.305000,93.606000,OK
3,9,adjacent,400,30,16,146,FWD,E9,E10,E2,E3,27.828000,83.232000,OK
3,9,adjacent,400,30,16,147,REV,E10,E9,E2,E3,28.172000,91.851000,OK
3,9,adjacent,400,30,16,148,FWD,E9,E10,E3,E4,57.516000,86.504000,OK
3,9,adjacent,400,30,16,149,REV,E10,E9,E3,E4,53.289000,92.808000,OK
3,9,adjacent,400,30,16,150,FWD,E9,E10,E4,E5,-121.141000,88.419000,OK
3,9,adjacent,400,30,16,151,REV,E10,E9,E4,E5,-121.344000,94.564000,OK
3,9,adjacent,400,30,16,152,FWD,E9,E10,E5,E6,-92.102000,87.940000,OK
3,9,adjacent,400,30,16,153,REV,E10,E9,E5,E6,-92.242000,95.362000,OK
3,9,adjacent,400,30,16,154,FWD,E9,E10,E6,E7,-8.664000,89.377000,OK
3,9,adjacent,400,30,16,155,REV,E10,E9,E6,E7,-8.641000,95.601000,OK
3,9,adjacent,400,30,16,156,FWD,E9,E10,E7,E8,63.516000,90.095000,OK
3,9,adjacent,400,30,16,157,REV,E10,E9,E7,E8,63.492000,96.240000,OK
3,9,adjacent,400,30,16,158,FWD,E9,E10,E11,E12,-19.055000,90.654000,OK
3,9,adjacent,400,30,16,159,REV,E10,E9,E11,E12,-22.117000,96.878000,OK
3,9,adjacent,400,30,16,160,FWD,E9,E10,E12,E1,-59.211000,92.330000,OK
3,9,adjacent,400,30,16,161,REV,E10,E9,E12,E1,-58.789000,97.357000,OK
3,9,adjacent,400,30,16,162,FWD,E10,E11,E1,E2,25.109000,60.808000,OK
3,9,adjacent,400,30,16,163,REV,E11,E10,E1,E2,25.750000,128.639000,OK
3,9,adjacent,400,30,16,164,FWD,E10,E11,E2,E3,22.375000,119.941000,OK
3,9,adjacent,400,30,16,165,REV,E11,E10,E2,E3,23.562000,124.649000,OK
3,9,adjacent,400,30,16,166,FWD,E10,E11,E3,E4,5.414000,123.611000,OK
3,9,adjacent,400,30,16,167,REV,E11,E10,E3,E4,6.492000,125.287000,OK
3,9,adjacent,400,30,16,168,FWD,E10,E11,E4,E5,-120.625000,123.053000,OK
3,9,adjacent,400,30,16,169,REV,E11,E10,E4,E5,-121.586000,127.043000,OK
3,9,adjacent,400,30,16,170,FWD,E10,E11,E5,E6,-90.195000,123.931000,OK
3,9,adjacent,400,30,16,171,REV,E11,E10,E5,E6,-90.898000,127.681000,OK
3,9,adjacent,400,30,16,172,FWD,E10,E11,E6,E7,-11.055000,125.128000,OK
3,9,adjacent,400,30,16,173,REV,E11,E10,E6,E7,-10.758000,128.080000,OK
3,9,adjacent,400,30,16,174,FWD,E10,E11,E7,E8,40.367000,125.048000,OK
3,9,adjacent,400,30,16,175,REV,E11,E10,E7,E8,40.797000,129.038000,OK
3,9,adjacent,400,30,16,176,FWD,E10,E11,E8,E9,-77.031000,126.404000,OK
3,9,adjacent,400,30,16,177,REV,E11,E10,E8,E9,-0.961000,128.719000,OK
3,9,adjacent,400,30,16,178,FWD,E10,E11,E12,E1,-57.969000,126.085000,OK
3,9,adjacent,400,30,16,179,REV,E11,E10,E12,E1,-53.234000,128.799000,OK
3,9,adjacent,400,30,16,180,FWD,E11,E12,E1,E2,26.992000,73.018000,OK
3,9,adjacent,400,30,16,181,REV,E12,E11,E1,E2,27.914000,164.230000,OK
3,9,adjacent,400,30,16,182,FWD,E11,E12,E2,E3,19.141000,151.302000,OK
3,9,adjacent,400,30,16,183,REV,E12,E11,E2,E3,20.195000,154.734000,OK
3,9,adjacent,400,30,16,184,FWD,E11,E12,E3,E4,-9.078000,154.893000,OK
3,9,adjacent,400,30,16,185,REV,E12,E11,E3,E4,-8.344000,155.532000,OK
3,9,adjacent,400,30,16,186,FWD,E11,E12,E4,E5,-120.453000,156.649000,OK
3,9,adjacent,400,30,16,187,REV,E12,E11,E4,E5,-121.813000,156.250000,OK
3,9,adjacent,400,30,16,188,FWD,E11,E12,E5,E6,-88.961000,157.607000,OK
3,9,adjacent,400,30,16,189,REV,E12,E11,E5,E6,-89.742000,157.208000,OK
3,9,adjacent,400,30,16,190,FWD,E11,E12,E6,E7,-12.273000,158.325000,OK
3,9,adjacent,400,30,16,191,REV,E12,E11,E6,E7,-12.063000,157.846000,OK
3,9,adjacent,400,30,16,192,FWD,E11,E12,E7,E8,32.586000,158.484000,OK
3,9,adjacent,400,30,16,193,REV,E12,E11,E7,E8,32.492000,158.085000,OK
3,9,adjacent,400,30,16,194,FWD,E11,E12,E8,E9,30.695000,159.282000,OK
3,9,adjacent,400,30,16,195,REV,E12,E11,E8,E9,31.047000,158.484000,OK
3,9,adjacent,400,30,16,196,FWD,E11,E12,E9,E10,-14.742000,160.320000,OK
3,9,adjacent,400,30,16,197,REV,E12,E11,E9,E10,-2.859000,160.001000,OK
3,9,adjacent,400,30,16,198,FWD,E12,E1,E2,E3,17.141000,56.339000,OK
3,9,adjacent,400,30,16,199,REV,E1,E12,E2,E3,18.695000,140.050000,OK
3,9,adjacent,400,30,16,200,FWD,E12,E1,E3,E4,-15.781000,129.996000,OK
3,9,adjacent,400,30,16,201,REV,E1,E12,E3,E4,-15.055000,134.145000,OK
3,9,adjacent,400,30,16,202,FWD,E12,E1,E4,E5,65.102000,133.188000,OK
3,9,adjacent,400,30,16,203,REV,E1,E12,E4,E5,-438.187000,134.145000,OK
3,9,adjacent,400,30,16,204,FWD,E12,E1,E5,E6,-88.031000,135.183000,OK
3,9,adjacent,400,30,16,205,REV,E1,E12,E5,E6,-89.516000,134.784000,OK
3,9,adjacent,400,30,16,206,FWD,E12,E1,E6,E7,-12.977000,135.661000,OK
3,9,adjacent,400,30,16,207,REV,E1,E12,E6,E7,-12.844000,136.060000,OK
3,9,adjacent,400,30,16,208,FWD,E12,E1,E7,E8,27.500000,136.380000,OK
3,9,adjacent,400,30,16,209,REV,E1,E12,E7,E8,27.383000,136.858000,OK
3,9,adjacent,400,30,16,210,FWD,E12,E1,E8,E9,32.664000,138.215000,OK
3,9,adjacent,400,30,16,211,REV,E1,E12,E8,E9,33.016000,137.497000,OK
3,9,adjacent,400,30,16,212,FWD,E12,E1,E9,E10,0.867000,138.694000,OK
3,9,adjacent,400,30,16,213,REV,E1,E12,E9,E10,1.039000,138.375000,OK
3,9,adjacent,400,30,16,214,FWD,E12,E1,E10,E11,-59.680000,138.694000,OK
3,9,adjacent,400,30,16,215,REV,E1,E12,E10,E11,-47.969000,138.055000,OK
4,10,adjacent,400,30,16,0,FWD,E1,E2,E3,E4,-20.641000,36.389000,OK
4,10,adjacent,400,30,16,1,REV,E2,E1,E3,E4,-19.211000,111.322000,OK
4,10,adjacent,400,30,16,2,FWD,E1,E2,E4,E5,-423.906000,97.277000,OK
4,10,adjacent,400,30,16,3,REV,E2,E1,E4,E5,-11.984000,101.347000,OK
4,10,adjacent,400,30,16,4,FWD,E1,E2,E5,E6,101.625000,100.629000,OK
4,10,adjacent,400,30,16,5,REV,E2,E1,E5,E6,-512.937000,100.868000,OK
4,10,adjacent,400,30,16,6,FWD,E1,E2,E6,E7,-13.578000,101.906000,OK
4,10,adjacent,400,30,16,7,REV,E2,E1,E6,E7,-13.445000,101.347000,OK
4,10,adjacent,400,30,16,8,FWD,E1,E2,E7,E8,23.672000,102.145000,OK
4,10,adjacent,400,30,16,9,REV,E2,E1,E7,E8,23.500000,101.267000,OK
4,10,adjacent,400,30,16,10,FWD,E1,E2,E8,E9,32.938000,103.262000,OK
4,10,adjacent,400,30,16,11,REV,E2,E1,E8,E9,33.164000,102.145000,OK
4,10,adjacent,400,30,16,12,FWD,E1,E2,E9,E10,-0.055000,103.502000,OK
4,10,adjacent,400,30,16,13,REV,E2,E1,E9,E10,0.078000,103.342000,OK
4,10,adjacent,400,30,16,14,FWD,E1,E2,E10,E11,-43.609000,103.502000,OK
4,10,adjacent,400,30,16,15,REV,E2,E1,E10,E11,-52.602000,101.826000,OK
4,10,adjacent,400,30,16,16,FWD,E1,E2,E11,E12,-48.945000,104.619000,OK
4,10,adjacent,400,30,16,17,REV,E2,E1,E11,E12,-54.648000,102.544000,OK
4,10,adjacent,400,30,16,18,FWD,E2,E3,E4,E5,-16.469000,18.035000,OK
4,10,adjacent,400,30,16,19,REV,E3,E2,E4,E5,-29.023000,74.454000,OK
4,10,adjacent,400,30,16,20,FWD,E2,E3,E5,E6,-423.312000,63.122000,OK
4,10,adjacent,400,30,16,21,REV,E3,E2,E5,E6,18.922000,66.394000,OK
4,10,adjacent,400,30,16,22,FWD,E2,E3,E6,E7,-14.047000,66.634000,OK
4,10,adjacent,400,30,16,23,REV,E3,E2,E6,E7,-13.922000,66.713000,OK
4,10,adjacent,400,30,16,24,FWD,E2,E3,E7,E8,20.617000,67.192000,OK
4,10,adjacent,400,30,16,25,REV,E3,E2,E7,E8,20.484000,67.112000,OK
4,10,adjacent,400,30,16,26,FWD,E2,E3,E8,E9,33.164000,67.831000,OK
4,10,adjacent,400,30,16,27,REV,E3,E2,E8,E9,33.328000,66.474000,OK
4,10,adjacent,400,30,16,28,FWD,E2,E3,E9,E10,-0.414000,68.709000,OK
4,10,adjacent,400,30,16,29,REV,E3,E2,E9,E10,-0.352000,67.192000,OK
4,10,adjacent,400,30,16,30,FWD,E2,E3,E10,E11,-42.453000,69.427000,OK
4,10,adjacent,400,30,16,31,REV,E3,E2,E10,E11,-51.359000,67.671000,OK
4,10,adjacent,400,30,16,32,FWD,E2,E3,E11,E12,-46.688000,69.108000,OK
4,10,adjacent,400,30,16,33,REV,E3,E2,E11,E12,-51.703000,67.671000,OK
4,10,adjacent,400,30,16,34,FWD,E2,E3,E12,E1,-37.711000,70.065000,OK
4,10,adjacent,400,30,16,35,REV,E3,E2,E12,E1,-37.680000,68.310000,OK
4,10,adjacent,400,30,16,36,FWD,E3,E4,E1,E2,62.859000,13.008000,OK
4,10,adjacent,400,30,16,37,REV,E4,E3,E1,E2,47.016000,56.738000,OK
4,10,adjacent,400,30,16,38,FWD,E3,E4,E5,E6,-28.477000,47.082000,OK
4,10,adjacent,400,30,16,39,REV,E4,E3,E5,E6,-15.648000,52.349000,OK
4,10,adjacent,400,30,16,40,FWD,E3,E4,E6,E7,-14.508000,49.716000,OK
4,10,adjacent,400,30,16,41,REV,E4,E3,E6,E7,-14.352000,52.270000,OK
4,10,adjacent,400,30,16,42,FWD,E3,E4,E7,E8,17.828000,52.110000,OK
4,10,adjacent,400,30,16,43,REV,E4,E3,E7,E8,17.773000,52.030000,OK
4,10,adjacent,400,30,16,44,FWD,E3,E4,E8,E9,33.352000,52.270000,OK
4,10,adjacent,400,30,16,45,REV,E4,E3,E8,E9,33.453000,52.669000,OK
4,10,adjacent,400,30,16,46,FWD,E3,E4,E9,E10,-0.711000,52.908000,OK
4,10,adjacent,400,30,16,47,REV,E4,E3,E9,E10,-0.656000,53.467000,OK
4,10,adjacent,400,30,16,48,FWD,E3,E4,E10,E11,-37.430000,53.467000,OK
4,10,adjacent,400,30,16,49,REV,E4,E3,E10,E11,-46.359000,53.546000,OK
4,10,adjacent,400,30,16,50,FWD,E3,E4,E11,E12,-42.508000,54.504000,OK
4,10,adjacent,400,30,16,51,REV,E4,E3,E11,E12,-46.813000,53.546000,OK
4,10,adjacent,400,30,16,52,FWD,E3,E4,E12,E1,-44.961000,55.621000,OK
4,10,adjacent,400,30,16,53,REV,E4,E3,E12,E1,-45.000000,54.823000,OK
4,10,adjacent,400,30,16,54,FWD,E4,E5,E1,E2,14.602000,21.626000,OK
4,10,adjacent,400,30,16,55,REV,E5,E4,E1,E2,14.664000,73.098000,OK
4,10,adjacent,400,30,16,56,FWD,E4,E5,E2,E3,-7.891000,60.250000,OK
4,10,adjacent,400,30,16,57,REV,E5,E4,E2,E3,-8.234000,67.671000,OK
4,10,adjacent,400,30,16,58,FWD,E4,E5,E6,E7,-15.000000,63.122000,OK
4,10,adjacent,400,30,16,59,REV,E5,E4,E6,E7,-14.555000,68.310000,OK
4,10,adjacent,400,30,16,60,FWD,E4,E5,E7,E8,15.539000,65.277000,OK
4,10,adjacent,400,30,16,61,REV,E5,E4,E7,E8,15.633000,68.389000,OK
4,10,adjacent,400,30,16,62,FWD,E4,E5,E8,E9,33.531000,66.075000,OK
4,10,adjacent,400,30,16,63,REV,E5,E4,E8,E9,33.609000,68.389000,OK
4,10,adjacent,400,30,16,64,FWD,E4,E5,E9,E10,-0.914000,65.676000,OK
4,10,adjacent,400,30,16,65,REV,E5,E4,E9,E10,-0.883000,68.788000,OK
4,10,adjacent,400,30,16,66,FWD,E4,E5,E10,E11,-42.195000,65.915000,OK
4,10,adjacent,400,30,16,67,REV,E5,E4,E10,E11,-38.656000,69.028000,OK
4,10,adjacent,400,30,16,68,FWD,E4,E5,E11,E12,-44.836000,66.474000,OK
4,10,adjacent,400,30,16,69,REV,E5,E4,E11,E12,-40.852000,69.746000,OK
4,10,adjacent,400,30,16,70,FWD,E4,E5,E12,E1,-49.391000,67.511000,OK
4,10,adjacent,400,30,16,71,REV,E5,E4,E12,E1,-49.375000,69.427000,OK
4,10,adjacent,400,30,16,72,FWD,E5,E6,E1,E2,14.000000,49.237000,OK
4,10,adjacent,400,30,16,73,REV,E6,E5,E1,E2,14.352000,104.619000,OK
4,10,adjacent,400,30,16,74,FWD,E5,E6,E2,E3,-1.883000,93.207000,OK
4,10,adjacent,400,30,16,75,REV,E6,E5,E2,E3,-5.172000,99.192000,OK
4,10,adjacent,400,30,16,76,FWD,E5,E6,E3,E4,-69.531000,95.841000,OK
4,10,adjacent,400,30,16,77,REV,E6,E5,E3,E4,-70.320000,98.634000,OK
4,10,adjacent,400,30,16,78,FWD,E5,E6,E7,E8,14.070000,97.596000,OK
4,10,adjacent,400,30,16,79,REV,E6,E5,E7,E8,16.273000,100.709000,OK
4,10,adjacent,400,30,16,80,FWD,E5,E6,E8,E9,33.648000,98.554000,OK
4,10,adjacent,400,30,16,81,REV,E6,E5,E8,E9,33.883000,101.187000,OK
4,10,adjacent,400,30,16,82,FWD,E5,E6,E9,E10,-1.141000,98.394000,OK
4,10,adjacent,400,30,16,83,REV,E6,E5,E9,E10,-1.008000,101.507000,OK
4,10,adjacent,400,30,16,84,FWD,E5,E6,E10,E11,-41.508000,99.113000,OK
4,10,adjacent,400,30,16,85,REV,E6,E5,E10,E11,-42.094000,101.906000,OK
4,10,adjacent,400,30,16,86,FWD,E5,E6,E11,E12,-45.594000,99.751000,OK
4,10,adjacent,400,30,16,87,REV,E6,E5,E11,E12,-42.883000,102.384000,OK
4,10,adjacent,400,30,16,88,FWD,E5,E6,E12,E1,-52.773000,100.070000,OK
4,10,adjacent,400,30,16,89,REV,E6,E5,E12,E1,-52.719000,103.262000,OK
4,10,adjacent,400,30,16,90,FWD,E6,E7,E1,E2,15.930000,40.778000,OK
4,10,adjacent,400,30,16,91,REV,E7,E6,E1,E2,16.133000,71.342000,OK
4,10,adjacent,400,30,16,92,FWD,E6,E7,E2,E3,228.875000,76.449000,OK
4,10,adjacent,400,30,16,93,REV,E7,E6,E2,E3,-455.062000,68.788000,OK
4,10,adjacent,400,30,16,94,FWD,E6,E7,E3,E4,-62.508000,77.327000,OK
4,10,adjacent,400,30,16,95,REV,E7,E6,E3,E4,-73.859000,69.985000,OK
4,10,adjacent,400,30,16,96,FWD,E6,E7,E4,E5,-129.273000,79.242000,OK
4,10,adjacent,400,30,16,97,REV,E7,E6,E4,E5,-129.344000,71.103000,OK
4,10,adjacent,400,30,16,98,FWD,E6,E7,E8,E9,34.484000,81.237000,OK
4,10,adjacent,400,30,16,99,REV,E7,E6,E8,E9,44.859000,72.619000,OK
4,10,adjacent,400,30,16,100,FWD,E6,E7,E9,E10,-1.172000,82.354000,OK
4,10,adjacent,400,30,16,101,REV,E7,E6,E9,E10,-1.039000,72.778000,OK
4,10,adjacent,400,30,16,102,FWD,E6,E7,E10,E11,32.117000,82.035000,OK
4,10,adjacent,400,30,16,103,REV,E7,E6,E10,E11,-125.688000,73.816000,OK
4,10,adjacent,400,30,16,104,FWD,E6,E7,E11,E12,31.016000,82.354000,OK
4,10,adjacent,400,30,16,105,REV,E7,E6,E11,E12,-132.703000,74.135000,OK
4,10,adjacent,400,30,16,106,FWD,E6,E7,E12,E1,-55.469000,83.711000,OK
4,10,adjacent,400,30,16,107,REV,E7,E6,E12,E1,-55.445000,75.252000,OK
4,10,adjacent,400,30,16,108,FWD,E7,E8,E1,E2,18.164000,14.045000,OK
4,10,adjacent,400,30,16,109,REV,E8,E7,E1,E2,18.430000,48.599000,OK
4,10,adjacent,400,30,16,110,FWD,E7,E8,E2,E3,-348.781000,40.619000,OK
4,10,adjacent,400,30,16,111,REV,E8,E7,E2,E3,99.625000,44.848000,OK
4,10,adjacent,400,30,16,112,FWD,E7,E8,E3,E4,135.641000,43.252000,OK
4,10,adjacent,400,30,16,113,REV,E8,E7,E3,E4,-494.500000,44.688000,OK
4,10,adjacent,400,30,16,114,FWD,E7,E8,E4,E5,-125.117000,44.130000,OK
4,10,adjacent,400,30,16,115,REV,E8,E7,E4,E5,-125.031000,44.768000,OK
4,10,adjacent,400,30,16,116,FWD,E7,E8,E5,E6,-100.570000,45.407000,OK
4,10,adjacent,400,30,16,117,REV,E8,E7,E5,E6,-100.391000,45.726000,OK
4,10,adjacent,400,30,16,118,FWD,E7,E8,E9,E10,-0.687000,46.524000,OK
4,10,adjacent,400,30,16,119,REV,E8,E7,E9,E10,0.656000,45.726000,OK
4,10,adjacent,400,30,16,120,FWD,E7,E8,E10,E11,-93.344000,46.763000,OK
4,10,adjacent,400,30,16,121,REV,E8,E7,E10,E11,-11.898000,45.965000,OK
4,10,adjacent,400,30,16,122,FWD,E7,E8,E11,E12,-94.563000,46.444000,OK
4,10,adjacent,400,30,16,123,REV,E8,E7,E11,E12,-8.094000,46.763000,OK
4,10,adjacent,400,30,16,124,FWD,E7,E8,E12,E1,-57.953000,46.843000,OK
4,10,adjacent,400,30,16,125,REV,E8,E7,E12,E1,-57.945000,46.843000,OK
4,10,adjacent,400,30,16,126,FWD,E8,E9,E1,E2,20.594000,17.875000,OK
4,10,adjacent,400,30,16,127,REV,E9,E8,E1,E2,20.844000,55.621000,OK
4,10,adjacent,400,30,16,128,FWD,E8,E9,E2,E3,62.375000,45.087000,OK
4,10,adjacent,400,30,16,129,REV,E9,E8,E2,E3,61.305000,53.068000,OK
4,10,adjacent,400,30,16,130,FWD,E8,E9,E3,E4,-448.844000,48.200000,OK
4,10,adjacent,400,30,16,131,REV,E9,E8,E3,E4,228.500000,52.429000,OK
4,10,adjacent,400,30,16,132,FWD,E8,E9,E4,E5,-123.063000,49.556000,OK
4,10,adjacent,400,30,16,133,REV,E9,E8,E4,E5,-123.164000,52.270000,OK
4,10,adjacent,400,30,16,134,FWD,E8,E9,E5,E6,-95.500000,50.434000,OK
4,10,adjacent,400,30,16,135,REV,E9,E8,E5,E6,-95.617000,52.748000,OK
4,10,adjacent,400,30,16,136,FWD,E8,E9,E6,E7,-7.125000,50.833000,OK
4,10,adjacent,400,30,16,137,REV,E9,E8,E6,E7,-2.555000,54.025000,OK
4,10,adjacent,400,30,16,138,FWD,E8,E9,E10,E11,-34.789000,51.950000,OK
4,10,adjacent,400,30,16,139,REV,E9,E8,E10,E11,-11.695000,54.185000,OK
4,10,adjacent,400,30,16,140,FWD,E8,E9,E11,E12,-49.125000,52.509000,OK
4,10,adjacent,400,30,16,141,REV,E9,E8,E11,E12,-21.945000,53.706000,OK
4,10,adjacent,400,30,16,142,FWD,E8,E9,E12,E1,-59.500000,52.669000,OK
4,10,adjacent,400,30,16,143,REV,E9,E8,E12,E1,-59.281000,54.265000,OK
4,10,adjacent,400,30,16,144,FWD,E9,E10,E1,E2,22.727000,50.514000,OK
4,10,adjacent,400,30,16,145,REV,E10,E9,E1,E2,23.070000,94.165000,OK
4,10,adjacent,400,30,16,146,FWD,E9,E10,E2,E3,28.789000,84.030000,OK
4,10,adjacent,400,30,16,147,REV,E10,E9,E2,E3,29.141000,91.931000,OK
4,10,adjacent,400,30,16,148,FWD,E9,E10,E3,E4,57.430000,86.265000,OK
4,10,adjacent,400,30,16,149,REV,E10,E9,E3,E4,53.211000,93.846000,OK
4,10,adjacent,400,30,16,150,FWD,E9,E10,E4,E5,-122.109000,88.260000,OK
4,10,adjacent,400,30,16,151,REV,E10,E9,E4,E5,-122.328000,93.926000,OK
4,10,adjacent,400,30,16,152,FWD,E9,E10,E5,E6,-93.055000,88.659000,OK
4,10,adjacent,400,30,16,153,REV,E10,E9,E5,E6,-93.281000,94.484000,OK
4,10,adjacent,400,30,16,154,FWD,E9,E10,E6,E7,-8.758000,90.095000,OK
4,10,adjacent,400,30,16,155,REV,E10,E9,E6,E7,-8.727000,94.963000,OK
4,10,adjacent,400,30,16,156,FWD,E9,E10,E7,E8,63.586000,90.734000,OK
4,10,adjacent,400,30,16,157,REV,E10,E9,E7,E8,63.586000,97.038000,OK
4,10,adjacent,400,30,16,158,FWD,E9,E10,E11,E12,-21.008000,90.494000,OK
4,10,adjacent,400,30,16,159,REV,E10,E9,E11,E12,-19.258000,97.038000,OK
4,10,adjacent,400,30,16,160,FWD,E9,E10,E12,E1,-59.555000,91.212000,OK
4,10,adjacent,400,30,16,161,REV,E10,E9,E12,E1,-59.188000,97.038000,OK
4,10,adjacent,400,30,16,162,FWD,E10,E11,E1,E2,24.836000,61.048000,OK
4,10,adjacent,400,30,16,163,REV,E11,E10,E1,E2,25.492000,127.681000,OK
4,10,adjacent,400,30,16,164,FWD,E10,E11,E2,E3,23.391000,119.462000,OK
4,10,adjacent,400,30,16,165,REV,E11,E10,E2,E3,24.586000,124.330000,OK
4,10,adjacent,400,30,16,166,FWD,E10,E11,E3,E4,5.414000,122.973000,OK
4,10,adjacent,400,30,16,167,REV,E11,E10,E3,E4,6.500000,126.404000,OK
4,10,adjacent,400,30,16,168,FWD,E10,E11,E4,E5,-121.641000,124.010000,OK
4,10,adjacent,400,30,16,169,REV,E11,E10,E4,E5,-122.570000,126.883000,OK
4,10,adjacent,400,30,16,170,FWD,E10,E11,E5,E6,-91.266000,124.330000,OK
4,10,adjacent,400,30,16,171,REV,E11,E10,E5,E6,-91.961000,127.681000,OK
4,10,adjacent,400,30,16,172,FWD,E10,E11,E6,E7,-11.109000,124.409000,OK
4,10,adjacent,400,30,16,173,REV,E11,E10,E6,E7,-10.836000,128.639000,OK
4,10,adjacent,400,30,16,174,FWD,E10,E11,E7,E8,40.445000,125.128000,OK
4,10,adjacent,400,30,16,175,REV,E11,E10,E7,E8,40.891000,128.400000,OK
4,10,adjacent,400,30,16,176,FWD,E10,E11,E8,E9,-76.875000,126.245000,OK
4,10,adjacent,400,30,16,177,REV,E11,E10,E8,E9,-1.055000,129.118000,OK
4,10,adjacent,400,30,16,178,FWD,E10,E11,E12,E1,-58.305000,125.846000,OK
4,10,adjacent,400,30,16,179,REV,E11,E10,E12,E1,-53.625000,129.118000,OK
4,10,adjacent,400,30,16,180,FWD,E11,E12,E1,E2,26.711000,73.656000,OK
4,10,adjacent,400,30,16,181,REV,E12,E11,E1,E2,27.641000,164.150000,OK
4,10,adjacent,400,30,16,182,FWD,E11,E12,E2,E3,20.141000,150.983000,OK
4,10,adjacent,400,30,16,183,REV,E12,E11,E2,E3,21.219000,154.973000,OK
4,10,adjacent,400,30,16,184,FWD,E11,E12,E3,E4,-9.063000,155.452000,OK
4,10,adjacent,400,30,16,185,REV,E12,E11,E3,E4,-8.367000,155.612000,OK
4,10,adjacent,400,30,16,186,FWD,E11,E12,E4,E5,-121.469000,156.569000,OK
4,10,adjacent,400,30,16,187,REV,E12,E11,E4,E5,-122.859000,156.410000,OK
4,10,adjacent,400,30,16,188,FWD,E11,E12,E5,E6,-90.039000,156.649000,OK
4,10,adjacent,400,30,16,189,REV,E12,E11,E5,E6,-90.844000,156.809000,OK
4,10,adjacent,400,30,16,190,FWD,E11,E12,E6,E7,-12.336000,158.006000,OK
4,10,adjacent,400,30,16,191,REV,E12,E11,E6,E7,-12.156000,156.888000,OK
4,10,adjacent,400,30,16,192,FWD,E11,E12,E7,E8,32.680000,158.804000,OK
4,10,adjacent,400,30,16,193,REV,E12,E11,E7,E8,32.594000,158.724000,OK
4,10,adjacent,400,30,16,194,FWD,E11,E12,E8,E9,30.680000,159.442000,OK
4,10,adjacent,400,30,16,195,REV,E12,E11,E8,E9,31.031000,159.282000,OK
4,10,adjacent,400,30,16,196,FWD,E11,E12,E9,E10,-14.789000,159.841000,OK
4,10,adjacent,400,30,16,197,REV,E12,E11,E9,E10,-2.922000,159.282000,OK
4,10,adjacent,400,30,16,198,FWD,E12,E1,E2,E3,18.172000,55.541000,OK
4,10,adjacent,400,30,16,199,REV,E1,E12,E2,E3,19.758000,140.050000,OK
4,10,adjacent,400,30,16,200,FWD,E12,E1,E3,E4,-15.789000,129.676000,OK
4,10,adjacent,400,30,16,201,REV,E1,E12,E3,E4,-15.063000,133.587000,OK
4,10,adjacent,400,30,16,202,FWD,E12,E1,E4,E5,64.438000,133.108000,OK
4,10,adjacent,400,30,16,203,REV,E1,E12,E4,E5,-439.000000,134.784000,OK
4,10,adjacent,400,30,16,204,FWD,E12,E1,E5,E6,-89.172000,134.863000,OK
4,10,adjacent,400,30,16,205,REV,E1,E12,E5,E6,-90.664000,134.784000,OK
4,10,adjacent,400,30,16,206,FWD,E12,E1,E6,E7,-13.047000,136.300000,OK
4,10,adjacent,400,30,16,207,REV,E1,E12,E6,E7,-12.883000,135.661000,OK
4,10,adjacent,400,30,16,208,FWD,E12,E1,E7,E8,27.609000,136.539000,OK
4,10,adjacent,400,30,16,209,REV,E1,E12,E7,E8,27.516000,136.539000,OK
4,10,adjacent,400,30,16,210,FWD,E12,E1,E8,E9,32.641000,137.577000,OK
4,10,adjacent,400,30,16,211,REV,E1,E12,E8,E9,32.977000,137.736000,OK
4,10,adjacent,400,30,16,212,FWD,E12,E1,E9,E10,0.859000,137.816000,OK
4,10,adjacent,400,30,16,213,REV,E1,E12,E9,E10,1.062000,138.135000,OK
4,10,adjacent,400,30,16,214,FWD,E12,E1,E10,E11,-59.188000,139.173000,OK
4,10,adjacent,400,30,16,215,REV,E1,E12,E10,E11,-47.844000,137.497000,OK
5,11,adjacent,400,30,16,0,FWD,E1,E2,E3,E4,-20.617000,36.469000,OK
5,11,adjacent,400,30,16,1,REV,E2,E1,E3,E4,-19.234000,111.322000,OK
5,11,adjacent,400,30,16,2,FWD,E1,E2,E4,E5,-425.125000,97.277000,OK
5,11,adjacent,400,30,16,3,REV,E2,E1,E4,E5,-13.125000,100.310000,OK
5,11,adjacent,400,30,16,4,FWD,E1,E2,E5,E6,100.766000,99.990000,OK
5,11,adjacent,400,30,16,5,REV,E2,E1,E5,E6,-513.906000,100.629000,OK
5,11,adjacent,400,30,16,6,FWD,E1,E2,E6,E7,-13.672000,101.666000,OK
5,11,adjacent,400,30,16,7,REV,E2,E1,E6,E7,-13.516000,101.187000,OK
5,11,adjacent,400,30,16,8,FWD,E1,E2,E7,E8,23.789000,101.985000,OK
5,11,adjacent,400,30,16,9,REV,E2,E1,E7,E8,23.641000,101.427000,OK
5,11,adjacent,400,30,16,10,FWD,E1,E2,E8,E9,32.875000,103.182000,OK
5,11,adjacent,400,30,16,11,REV,E2,E1,E8,E9,33.109000,101.826000,OK
5,11,adjacent,400,30,16,12,FWD,E1,E2,E9,E10,-0.047000,103.342000,OK
5,11,adjacent,400,30,16,13,REV,E2,E1,E9,E10,0.047000,102.783000,OK
5,11,adjacent,400,30,16,14,FWD,E1,E2,E10,E11,-44.328000,103.182000,OK
5,11,adjacent,400,30,16,15,REV,E2,E1,E10,E11,-51.414000,101.985000,OK
5,11,adjacent,400,30,16,16,FWD,E1,E2,E11,E12,-47.844000,103.741000,OK
5,11,adjacent,400,30,16,17,REV,E2,E1,E11,E12,-54.266000,102.384000,OK
5,11,adjacent,400,30,16,18,FWD,E2,E3,E4,E5,-17.852000,18.833000,OK
5,11,adjacent,400,30,16,19,REV,E3,E2,E4,E5,-30.422000,73.975000,OK
5,11,adjacent,400,30,16,20,FWD,E2,E3,E5,E6,-424.000000,63.442000,OK
5,11,adjacent,400,30,16,21,REV,E3,E2,E5,E6,18.539000,67.192000,OK
5,11,adjacent,400,30,16,22,FWD,E2,E3,E6,E7,-14.078000,65.277000,OK
5,11,adjacent,400,30,16,23,REV,E3,E2,E6,E7,-13.984000,66.394000,OK
5,11,adjacent,400,30,16,24,FWD,E2,E3,E7,E8,20.758000,67.112000,OK
5,11,adjacent,400,30,16,25,REV,E3,E2,E7,E8,20.602000,66.634000,OK
5,11,adjacent,400,30,16,26,FWD,E2,E3,E8,E9,33.070000,68.310000,OK
5,11,adjacent,400,30,16,27,REV,E3,E2,E8,E9,33.266000,67.033000,OK
5,11,adjacent,400,30,16,28,FWD,E2,E3,E9,E10,-0.414000,68.948000,OK
5,11,adjacent,400,30,16,29,REV,E3,E2,E9,E10,-0.391000,67.831000,OK
5,11,adjacent,400,30,16,30,FWD,E2,E3,E10,E11,-40.102000,68.469000,OK
5,11,adjacent,400,30,16,31,REV,E3,E2,E10,E11,-51.172000,68.070000,OK
5,11,adjacent,400,30,16,32,FWD,E2,E3,E11,E12,-47.281000,69.906000,OK
5,11,adjacent,400,30,16,33,REV,E3,E2,E11,E12,-52.984000,67.910000,OK
5,11,adjacent,400,30,16,34,FWD,E2,E3,E12,E1,-38.266000,70.065000,OK
5,11,adjacent,400,30,16,35,REV,E3,E2,E12,E1,-38.234000,67.910000,OK
5,11,adjacent,400,30,16,36,FWD,E3,E4,E1,E2,63.445000,12.289000,OK
5,11,adjacent,400,30,16,37,REV,E4,E3,E1,E2,47.594000,57.776000,OK
5,11,adjacent,400,30,16,38,FWD,E3,E4,E5,E6,-28.867000,46.683000,OK
5,11,adjacent,400,30,16,39,REV,E4,E3,E5,E6,-16.055000,52.110000,OK
5,11,adjacent,400,30,16,40,FWD,E3,E4,E6,E7,-14.570000,49.955000,OK
5,11,adjacent,400,30,16,41,REV,E4,E3,E6,E7,-14.438000,52.030000,OK
5,11,adjacent,400,30,16,42,FWD,E3,E4,E7,E8,17.984000,50.993000,OK
5,11,adjacent,400,30,16,43,REV,E4,E3,E7,E8,17.922000,51.950000,OK
5,11,adjacent,400,30,16,44,FWD,E3,E4,E8,E9,33.281000,52.270000,OK
5,11,adjacent,400,30,16,45,REV,E4,E3,E8,E9,33.391000,52.669000,OK
5,11,adjacent,400,30,16,46,FWD,E3,E4,E9,E10,-0.734000,53.068000,OK
5,11,adjacent,400,30,16,47,REV,E4,E3,E9,E10,-0.703000,53.866000,OK
5,11,adjacent,400,30,16,48,FWD,E3,E4,E10,E11,-40.984000,53.945000,OK
5,11,adjacent,400,30,16,49,REV,E4,E3,E10,E11,-46.758000,52.509000,OK
5,11,adjacent,400,30,16,50,FWD,E3,E4,E11,E12,-40.602000,54.105000,OK
5,11,adjacent,400,30,16,51,REV,E4,E3,E11,E12,-47.047000,54.025000,OK
5,11,adjacent,400,30,16,52,FWD,E3,E4,E12,E1,-45.500000,54.344000,OK
5,11,adjacent,400,30,16,53,REV,E4,E3,E12,E1,-45.555000,54.504000,OK
5,11,adjacent,400,30,16,54,FWD,E4,E5,E1,E2,15.313000,21.865000,OK
5,11,adjacent,400,30,16,55,REV,E5,E4,E1,E2,15.398000,73.257000,OK
5,11,adjacent,400,30,16,56,FWD,E4,E5,E2,E3,-7.672000,60.409000,OK
5,11,adjacent,400,30,16,57,REV,E5,E4,E2,E3,-7.992000,68.389000,OK
5,11,adjacent,400,30,16,58,FWD,E4,E5,E6,E7,-15.047000,63.761000,OK
5,11,adjacent,400,30,16,59,REV,E5,E4,E6,E7,-14.625000,67.990000,OK
5,11,adjacent,400,30,16,60,FWD,E4,E5,E7,E8,15.688000,64.878000,OK
5,11,adjacent,400,30,16,61,REV,E5,E4,E7,E8,15.797000,68.150000,OK
5,11,adjacent,400,30,16,62,FWD,E4,E5,E8,E9,33.469000,65.197000,OK
5,11,adjacent,400,30,16,63,REV,E5,E4,E8,E9,33.531000,68.389000,OK
5,11,adjacent,400,30,16,64,FWD,E4,E5,E9,E10,-0.922000,66.474000,OK
5,11,adjacent,400,30,16,65,REV,E5,E4,E9,E10,-0.883000,69.507000,OK
5,11,adjacent,400,30,16,66,FWD,E4,E5,E10,E11,-41.539000,66.394000,OK
5,11,adjacent,400,30,16,67,REV,E5,E4,E10,E11,-39.422000,69.507000,OK
5,11,adjacent,400,30,16,68,FWD,E4,E5,E11,E12,-46.016000,66.474000,OK
5,11,adjacent,400,30,16,69,REV,E5,E4,E11,E12,-42.398000,69.267000,OK
5,11,adjacent,400,30,16,70,FWD,E4,E5,E12,E1,-49.930000,67.112000,OK
5,11,adjacent,400,30,16,71,REV,E5,E4,E12,E1,-49.898000,69.507000,OK
5,11,adjacent,400,30,16,72,FWD,E5,E6,E1,E2,14.625000,49.796000,OK
5,11,adjacent,400,30,16,73,REV,E6,E5,E1,E2,14.922000,104.938000,OK
5,11,adjacent,400,30,16,74,FWD,E5,E6,E2,E3,-1.539000,93.686000,OK
5,11,adjacent,400,30,16,75,REV,E6,E5,E2,E3,-4.812000,100.230000,OK
5,11,adjacent,400,30,16,76,FWD,E5,E6,E3,E4,-69.297000,95.681000,OK
5,11,adjacent,400,30,16,77,REV,E6,E5,E3,E4,-70.070000,99.671000,OK
5,11,adjacent,400,30,16,78,FWD,E5,E6,E7,E8,14.234000,97.517000,OK
5,11,adjacent,400,30,16,79,REV,E6,E5,E7,E8,16.422000,99.591000,OK
5,11,adjacent,400,30,16,80,FWD,E5,E6,E8,E9,33.563000,98.155000,OK
5,11,adjacent,400,30,16,81,REV,E6,E5,E8,E9,33.813000,100.948000,OK
5,11,adjacent,400,30,16,82,FWD,E5,E6,E9,E10,-1.141000,99.192000,OK
5,11,adjacent,400,30,16,83,REV,E6,E5,E9,E10,-1.008000,101.427000,OK
5,11,adjacent,400,30,16,84,FWD,E5,E6,E10,E11,-43.633000,99.512000,OK
5,11,adjacent,400,30,16,85,REV,E6,E5,E10,E11,-44.102000,101.985000,OK
5,11,adjacent,400,30,16,86,FWD,E5,E6,E11,E12,-45.945000,99.751000,OK
5,11,adjacent,400,30,16,87,REV,E6,E5,E11,E12,-42.563000,102.464000,OK
5,11,adjacent,400,30,16,88,FWD,E5,E6,E12,E1,-53.273000,100.070000,OK
5,11,adjacent,400,30,16,89,REV,E6,E5,E12,E1,-53.203000,102.863000,OK
5,11,adjacent,400,30,16,90,FWD,E6,E7,E1,E2,16.336000,40.220000,OK
5,11,adjacent,400,30,16,91,REV,E7,E6,E1,E2,16.523000,72.379000,OK
5,11,adjacent,400,30,16,92,FWD,E6,E7,E2,E3,229.344000,76.609000,OK
5,11,adjacent,400,30,16,93,REV,E7,E6,E2,E3,-454.844000,69.028000,OK
5,11,adjacent,400,30,16,94,FWD,E6,E7,E3,E4,-62.305000,78.604000,OK
5,11,adjacent,400,30,16,95,REV,E7,E6,E3,E4,-73.617000,69.985000,OK
5,11,adjacent,400,30,16,96,FWD,E6,E7,E4,E5,-130.039000,78.843000,OK
5,11,adjacent,400,30,16,97,REV,E7,E6,E4,E5,-130.117000,71.023000,OK
5,11,adjacent,400,30,16,98,FWD,E6,E7,E8,E9,34.438000,80.200000,OK
5,11,adjacent,400,30,16,99,REV,E7,E6,E8,E9,44.789000,71.901000,OK
5,11,adjacent,400,30,16,100,FWD,E6,E7,E9,E10,-1.133000,81.477000,OK
5,11,adjacent,400,30,16,101,REV,E7,E6,E9,E10,-1.078000,73.337000,OK
5,11,adjacent,400,30,16,102,FWD,E6,E7,E10,E11,31.867000,82.434000,OK
5,11,adjacent,400,30,16,103,REV,E7,E6,E10,E11,-124.047000,73.816000,OK
5,11,adjacent,400,30,16,104,FWD,E6,E7,E11,E12,31.180000,82.913000,OK
5,11,adjacent,400,30,16,105,REV,E7,E6,E11,E12,-134.453000,74.135000,OK
5,11,adjacent,400,30,16,106,FWD,E6,E7,E12,E1,-55.961000,83.392000,OK
5,11,adjacent,400,30,16,107,REV,E7,E6,E12,E1,-55.930000,74.853000,OK
5,11,adjacent,400,30,16,108,FWD,E7,E8,E1,E2,18.375000,14.444000,OK
5,11,adjacent,400,30,16,109,REV,E8,E7,E1,E2,18.719000,48.279000,OK
5,11,adjacent,400,30,16,110,FWD,E7,E8,E2,E3,-348.016000,40.140000,OK
5,11,adjacent,400,30,16,111,REV,E8,E7,E2,E3,100.625000,45.646000,OK
5,11,adjacent,400,30,16,112,FWD,E7,E8,E3,E4,135.883000,43.571000,OK
5,11,adjacent,400,30,16,113,REV,E8,E7,E3,E4,-494.375000,45.087000,OK
5,11,adjacent,400,30,16,114,FWD,E7,E8,E4,E5,-125.969000,45.008000,OK
5,11,adjacent,400,30,16,115,REV,E8,E7,E4,E5,-125.898000,44.768000,OK
5,11,adjacent,400,30,16,116,FWD,E7,E8,E5,E6,-101.234000,44.688000,OK
5,11,adjacent,400,30,16,117,REV,E8,E7,E5,E6,-101.109000,45.486000,OK
5,11,adjacent,400,30,16,118,FWD,E7,E8,E9,E10,-0.695000,45.167000,OK
5,11,adjacent,400,30,16,119,REV,E8,E7,E9,E10,0.687000,46.125000,OK
5,11,adjacent,400,30,16,120,FWD,E7,E8,E10,E11,-94.766000,46.604000,OK
5,11,adjacent,400,30,16,121,REV,E8,E7,E10,E11,-13.531000,46.364000,OK
5,11,adjacent,400,30,16,122,FWD,E7,E8,E11,E12,-96.703000,47.003000,OK
5,11,adjacent,400,30,16,123,REV,E8,E7,E11,E12,-8.266000,46.683000,OK
5,11,adjacent,400,30,16,124,FWD,E7,E8,E12,E1,-58.484000,47.003000,OK
5,11,adjacent,400,30,16,125,REV,E8,E7,E12,E1,-58.445000,46.683000,OK
5,11,adjacent,400,30,16,126,FWD,E8,E9,E1,E2,20.828000,17.077000,OK
5,11,adjacent,400,30,16,127,REV,E9,E8,E1,E2,21.203000,56.020000,OK
5,11,adjacent,400,30,16,128,FWD,E8,E9,E2,E3,62.758000,45.167000,OK
5,11,adjacent,400,30,16,129,REV,E9,E8,E2,E3,61.750000,52.589000,OK
5,11,adjacent,400,30,16,130,FWD,E8,E9,E3,E4,-448.625000,48.678000,OK
5,11,adjacent,400,30,16,131,REV,E9,E8,E3,E4,229.172000,52.828000,OK
5,11,adjacent,400,30,16,132,FWD,E8,E9,E4,E5,-123.898000,49.237000,OK
5,11,adjacent,400,30,16,133,REV,E9,E8,E4,E5,-124.031000,52.190000,OK
5,11,adjacent,400,30,16,134,FWD,E8,E9,E5,E6,-96.281000,50.354000,OK
5,11,adjacent,400,30,16,135,REV,E9,E8,E5,E6,-96.359000,53.068000,OK
5,11,adjacent,400,30,16,136,FWD,E8,E9,E6,E7,-7.195000,51.073000,OK
5,11,adjacent,400,30,16,137,REV,E9,E8,E6,E7,-2.672000,53.147000,OK
5,11,adjacent,400,30,16,138,FWD,E8,E9,E10,E11,-36.734000,51.950000,OK
5,11,adjacent,400,30,16,139,REV,E9,E8,E10,E11,-11.336000,54.105000,OK
5,11,adjacent,400,30,16,140,FWD,E8,E9,E11,E12,-45.930000,51.631000,OK
5,11,adjacent,400,30,16,141,REV,E9,E8,E11,E12,-23.586000,54.105000,OK
5,11,adjacent,400,30,16,142,FWD,E8,E9,E12,E1,-60.000000,52.429000,OK
5,11,adjacent,400,30,16,143,REV,E9,E8,E12,E1,-59.773000,53.866000,OK
5,11,adjacent,400,30,16,144,FWD,E9,E10,E1,E2,23.008000,51.232000,OK
5,11,adjacent,400,30,16,145,REV,E10,E9,E1,E2,23.352000,93.926000,OK
5,11,adjacent,400,30,16,146,FWD,E9,E10,E2,E3,29.062000,82.993000,OK
5,11,adjacent,400,30,16,147,REV,E10,E9,E2,E3,29.422000,92.170000,OK
5,11,adjacent,400,30,16,148,FWD,E9,E10,E3,E4,57.711000,86.185000,OK
5,11,adjacent,400,30,16,149,REV,E10,E9,E3,E4,53.453000,92.808000,OK
5,11,adjacent,400,30,16,150,FWD,E9,E10,E4,E5,-123.000000,87.861000,OK
5,11,adjacent,400,30,16,151,REV,E10,E9,E4,E5,-123.250000,94.085000,OK
5,11,adjacent,400,30,16,152,FWD,E9,E10,E5,E6,-93.758000,88.739000,OK
5,11,adjacent,400,30,16,153,REV,E10,E9,E5,E6,-93.938000,94.724000,OK
5,11,adjacent,400,30,16,154,FWD,E9,E10,E6,E7,-8.992000,89.217000,OK
5,11,adjacent,400,30,16,155,REV,E10,E9,E6,E7,-9.031000,95.681000,OK
5,11,adjacent,400,30,16,156,FWD,E9,E10,E7,E8,63.969000,90.095000,OK
5,11,adjacent,400,30,16,157,REV,E10,E9,E7,E8,63.953000,96.000000,OK
5,11,adjacent,400,30,16,158,FWD,E9,E10,E11,E12,-23.273000,91.611000,OK
5,11,adjacent,400,30,16,159,REV,E10,E9,E11,E12,-19.656000,97.277000,OK
5,11,adjacent,400,30,16,160,FWD,E9,E10,E12,E1,-60.039000,91.611000,OK
5,11,adjacent,400,30,16,161,REV,E10,E9,E12,E1,-59.625000,97.676000,OK
5,11,adjacent,400,30,16,162,FWD,E10,E11,E1,E2,25.109000,60.888000,OK
5,11,adjacent,400,30,16,163,REV,E11,E10,E1,E2,25.734000,127.362000,OK
5,11,adjacent,400,30,16,164,FWD,E10,E11,E2,E3,23.523000,119.302000,OK
5,11,adjacent,400,30,16,165,REV,E11,E10,E2,E3,24.773000,124.330000,OK
5,11,adjacent,400,30,16,166,FWD,E10,E11,E3,E4,5.383000,122.973000,OK
5,11,adjacent,400,30,16,167,REV,E11,E10,E3,E4,6.469000,125.846000,OK
5,11,adjacent,400,30,16,168,FWD,E10,E11,E4,E5,-122.531000,124.489000,OK
5,11,adjacent,400,30,16,169,REV,E11,E10,E4,E5,-123.508000,127.282000,OK
5,11,adjacent,400,30,16,170,FWD,E10,E11,E5,E6,-91.969000,123.532000,OK
5,11,adjacent,400,30,16,171,REV,E11,E10,E5,E6,-92.742000,127.442000,OK
5,11,adjacent,400,30,16,172,FWD,E10,E11,E6,E7,-11.477000,125.447000,OK
5,11,adjacent,400,30,16,173,REV,E11,E10,E6,E7,-11.219000,127.761000,OK
5,11,adjacent,400,30,16,174,FWD,E10,E11,E7,E8,40.672000,125.048000,OK
5,11,adjacent,400,30,16,175,REV,E11,E10,E7,E8,41.094000,129.038000,OK
5,11,adjacent,400,30,16,176,FWD,E10,E11,E8,E9,-76.688000,125.527000,OK
5,11,adjacent,400,30,16,177,REV,E11,E10,E8,E9,-0.766000,129.277000,OK
5,11,adjacent,400,30,16,178,FWD,E10,E11,E12,E1,-58.828000,126.085000,OK
5,11,adjacent,400,30,16,179,REV,E11,E10,E12,E1,-54.109000,128.958000,OK
5,11,adjacent,400,30,16,180,FWD,E11,E12,E1,E2,26.984000,73.656000,OK
5,11,adjacent,400,30,16,181,REV,E12,E11,E1,E2,27.828000,163.831000,OK
5,11,adjacent,400,30,16,182,FWD,E11,E12,E2,E3,20.320000,151.302000,OK
5,11,adjacent,400,30,16,183,REV,E12,E11,E2,E3,21.359000,154.734000,OK
5,11,adjacent,400,30,16,184,FWD,E11,E12,E3,E4,-9.297000,154.654000,OK
5,11,adjacent,400,30,16,185,REV,E12,E11,E3,E4,-8.602000,156.090000,OK
5,11,adjacent,400,30,16,186,FWD,E11,E12,E4,E5,-122.430000,156.410000,OK
5,11,adjacent,400,30,16,187,REV,E12,E11,E4,E5,-123.781000,156.090000,OK
5,11,adjacent,400,30,16,188,FWD,E11,E12,E5,E6,-90.844000,157.287000,OK
5,11,adjacent,400,30,16,189,REV,E12,E11,E5,E6,-91.563000,156.489000,OK
5,11,adjacent,400,30,16,190,FWD,E11,E12,E6,E7,-12.758000,157.686000,OK
5,11,adjacent,400,30,16,191,REV,E12,E11,E6,E7,-12.563000,157.926000,OK
5,11,adjacent,400,30,16,192,FWD,E11,E12,E7,E8,32.742000,158.245000,OK
5,11,adjacent,400,30,16,193,REV,E12,E11,E7,E8,32.664000,158.165000,OK
5,11,adjacent,400,30,16,194,FWD,E11,E12,E8,E9,31.047000,158.963000,OK
5,11,adjacent,400,30,16,195,REV,E12,E11,E8,E9,31.391000,159.043000,OK
5,11,adjacent,400,30,16,196,FWD,E11,E12,E9,E10,-14.859000,160.400000,OK
5,11,adjacent,400,30,16,197,REV,E12,E11,E9,E10,-2.992000,159.602000,OK
5,11,adjacent,400,30,16,198,FWD,E12,E1,E2,E3,18.328000,55.701000,OK
5,11,adjacent,400,30,16,199,REV,E1,E12,E2,E3,19.898000,139.971000,OK
5,11,adjacent,400,30,16,200,FWD,E12,E1,E3,E4,-16.156000,128.799000,OK
5,11,adjacent,400,30,16,201,REV,E1,E12,E3,E4,-15.422000,133.188000,OK
5,11,adjacent,400,30,16,202,FWD,E12,E1,E4,E5,63.766000,132.948000,OK
5,11,adjacent,400,30,16,203,REV,E1,E12,E4,E5,-439.781000,134.305000,OK
5,11,adjacent,400,30,16,204,FWD,E12,E1,E5,E6,-89.883000,134.704000,OK
5,11,adjacent,400,30,16,205,REV,E1,E12,E5,E6,-91.367000,135.901000,OK
5,11,adjacent,400,30,16,206,FWD,E12,E1,E6,E7,-13.531000,135.342000,OK
5,11,adjacent,400,30,16,207,REV,E1,E12,E6,E7,-13.375000,135.981000,OK
5,11,adjacent,400,30,16,208,FWD,E12,E1,E7,E8,27.625000,136.220000,OK
5,11,adjacent,400,30,16,209,REV,E1,E12,E7,E8,27.523000,135.901000,OK
5,11,adjacent,400,30,16,210,FWD,E12,E1,E8,E9,33.102000,137.257000,OK
5,11,adjacent,400,30,16,211,REV,E1,E12,E8,E9,33.453000,136.619000,OK
5,11,adjacent,400,30,16,212,FWD,E12,E1,E9,E10,0.867000,138.454000,OK
5,11,adjacent,400,30,16,213,REV,E1,E12,E9,E10,1.062000,138.295000,OK
5,11,adjacent,400,30,16,214,FWD,E12,E1,E10,E11,-59.070000,138.055000,OK
5,11,adjacent,400,30,16,215,REV,E1,E12,E10,E11,-46.852000,138.215000,OK
6,12,adjacent,400,30,16,0,FWD,E1,E2,E3,E4,-21.117000,36.150000,OK
6,12,adjacent,400,30,16,1,REV,E2,E1,E3,E4,-19.727000,110.923000,OK
6,12,adjacent,400,30,16,2,FWD,E1,E2,E4,E5,-426.000000,97.118000,OK
6,12,adjacent,400,30,16,3,REV,E2,E1,E4,E5,-14.141000,101.666000,OK
6,12,adjacent,400,30,16,4,FWD,E1,E2,E5,E6,99.875000,100.150000,OK
6,12,adjacent,400,30,16,5,REV,E2,E1,E5,E6,-514.969000,100.709000,OK
6,12,adjacent,400,30,16,6,FWD,E1,E2,E6,E7,-14.188000,101.347000,OK
6,12,adjacent,400,30,16,7,REV,E2,E1,E6,E7,-14.102000,100.389000,OK
6,12,adjacent,400,30,16,8,FWD,E1,E2,E7,E8,23.766000,102.225000,OK
6,12,adjacent,400,30,16,9,REV,E2,E1,E7,E8,23.602000,101.507000,OK
6,12,adjacent,400,30,16,10,FWD,E1,E2,E8,E9,33.492000,102.783000,OK
6,12,adjacent,400,30,16,11,REV,E2,E1,E8,E9,33.719000,101.267000,OK
6,12,adjacent,400,30,16,12,FWD,E1,E2,E9,E10,-0.055000,103.661000,OK
6,12,adjacent,400,30,16,13,REV,E2,E1,E9,E10,0.031000,101.507000,OK
6,12,adjacent,400,30,16,14,FWD,E1,E2,E10,E11,-44.078000,103.502000,OK
6,12,adjacent,400,30,16,15,REV,E2,E1,E10,E11,-49.953000,101.666000,OK
6,12,adjacent,400,30,16,16,FWD,E1,E2,E11,E12,-48.344000,103.741000,OK
6,12,adjacent,400,30,16,17,REV,E2,E1,E11,E12,-54.266000,102.624000,OK
6,12,adjacent,400,30,16,18,FWD,E2,E3,E4,E5,-18.555000,17.476000,OK
6,12,adjacent,400,30,16,19,REV,E3,E2,E4,E5,-31.164000,74.454000,OK
6,12,adjacent,400,30,16,20,FWD,E2,E3,E5,E6,-424.781000,63.521000,OK
6,12,adjacent,400,30,16,21,REV,E3,E2,E5,E6,17.961000,66.634000,OK
6,12,adjacent,400,30,16,22,FWD,E2,E3,E6,E7,-14.734000,65.995000,OK
6,12,adjacent,400,30,16,23,REV,E3,E2,E6,E7,-14.625000,66.075000,OK
6,12,adjacent,400,30,16,24,FWD,E2,E3,E7,E8,20.633000,66.554000,OK
6,12,adjacent,400,30,16,25,REV,E3,E2,E7,E8,20.523000,67.272000,OK
6,12,adjacent,400,30,16,26,FWD,E2,E3,E8,E9,33.859000,67.831000,OK
6,12,adjacent,400,30,16,27,REV,E3,E2,E8,E9,34.039000,66.394000,OK
6,12,adjacent,400,30,16,28,FWD,E2,E3,E9,E10,-0.453000,68.709000,OK
6,12,adjacent,400,30,16,29,REV,E3,E2,E9,E10,-0.375000,66.793000,OK
6,12,adjacent,400,30,16,30,FWD,E2,E3,E10,E11,-39.664000,69.028000,OK
6,12,adjacent,400,30,16,31,REV,E3,E2,E10,E11,-50.781000,68.070000,OK
6,12,adjacent,400,30,16,32,FWD,E2,E3,E11,E12,-45.672000,69.108000,OK
6,12,adjacent,400,30,16,33,REV,E3,E2,E11,E12,-53.195000,67.671000,OK
6,12,adjacent,400,30,16,34,FWD,E2,E3,E12,E1,-38.297000,69.826000,OK
6,12,adjacent,400,30,16,35,REV,E3,E2,E12,E1,-38.336000,68.230000,OK
6,12,adjacent,400,30,16,36,FWD,E3,E4,E1,E2,63.570000,12.369000,OK
6,12,adjacent,400,30,16,37,REV,E4,E3,E1,E2,47.680000,56.818000,OK
6,12,adjacent,400,30,16,38,FWD,E3,E4,E5,E6,-29.484000,46.923000,OK
6,12,adjacent,400,30,16,39,REV,E4,E3,E5,E6,-16.828000,53.227000,OK
6,12,adjacent,400,30,16,40,FWD,E3,E4,E6,E7,-15.250000,50.195000,OK
6,12,adjacent,400,30,16,41,REV,E4,E3,E6,E7,-15.086000,52.110000,OK
6,12,adjacent,400,30,16,42,FWD,E3,E4,E7,E8,17.773000,51.950000,OK
6,12,adjacent,400,30,16,43,REV,E4,E3,E7,E8,17.719000,51.871000,OK
6,12,adjacent,400,30,16,44,FWD,E3,E4,E8,E9,34.188000,52.030000,OK
6,12,adjacent,400,30,16,45,REV,E4,E3,E8,E9,34.328000,52.589000,OK
6,12,adjacent,400,30,16,46,FWD,E3,E4,E9,E10,-0.734000,52.828000,OK
6,12,adjacent,400,30,16,47,REV,E4,E3,E9,E10,-0.695000,53.546000,OK
6,12,adjacent,400,30,16,48,FWD,E3,E4,E10,E11,-34.148000,54.025000,OK
6,12,adjacent,400,30,16,49,REV,E4,E3,E10,E11,-45.383000,53.626000,OK
6,12,adjacent,400,30,16,50,FWD,E3,E4,E11,E12,-42.938000,54.504000,OK
6,12,adjacent,400,30,16,51,REV,E4,E3,E11,E12,-46.953000,53.467000,OK
6,12,adjacent,400,30,16,52,FWD,E3,E4,E12,E1,-45.547000,54.823000,OK
6,12,adjacent,400,30,16,53,REV,E4,E3,E12,E1,-45.633000,54.504000,OK
6,12,adjacent,400,30,16,54,FWD,E4,E5,E1,E2,15.430000,21.466000,OK
6,12,adjacent,400,30,16,55,REV,E5,E4,E1,E2,15.422000,72.619000,OK
6,12,adjacent,400,30,16,56,FWD,E4,E5,E2,E3,-7.836000,60.090000,OK
6,12,adjacent,400,30,16,57,REV,E5,E4,E2,E3,-8.195000,68.389000,OK
6,12,adjacent,400,30,16,58,FWD,E4,E5,E6,E7,-15.742000,62.963000,OK
6,12,adjacent,400,30,16,59,REV,E5,E4,E6,E7,-15.344000,68.868000,OK
6,12,adjacent,400,30,16,60,FWD,E4,E5,E7,E8,15.414000,64.479000,OK
6,12,adjacent,400,30,16,61,REV,E5,E4,E7,E8,15.516000,68.389000,OK
6,12,adjacent,400,30,16,62,FWD,E4,E5,E8,E9,34.477000,65.836000,OK
6,12,adjacent,400,30,16,63,REV,E5,E4,E8,E9,34.570000,68.469000,OK
6,12,adjacent,400,30,16,64,FWD,E4,E5,E9,E10,-0.977000,65.437000,OK
6,12,adjacent,400,30,16,65,REV,E5,E4,E9,E10,-0.883000,68.948000,OK
6,12,adjacent,400,30,16,66,FWD,E4,E5,E10,E11,-42.109000,66.314000,OK
6,12,adjacent,400,30,16,67,REV,E5,E4,E10,E11,-39.406000,69.427000,OK
6,12,adjacent,400,30,16,68,FWD,E4,E5,E11,E12,-43.992000,67.352000,OK
6,12,adjacent,400,30,16,69,REV,E5,E4,E11,E12,-39.492000,69.985000,OK
6,12,adjacent,400,30,16,70,FWD,E4,E5,E12,E1,-49.969000,67.831000,OK
6,12,adjacent,400,30,16,71,REV,E5,E4,E12,E1,-49.984000,69.507000,OK
6,12,adjacent,400,30,16,72,FWD,E5,E6,E1,E2,14.617000,49.237000,OK
6,12,adjacent,400,30,16,73,REV,E6,E5,E1,E2,14.977000,104.619000,OK
6,12,adjacent,400,30,16,74,FWD,E5,E6,E2,E3,-1.719000,92.489000,OK
6,12,adjacent,400,30,16,75,REV,E6,E5,E2,E3,-4.945000,99.113000,OK
6,12,adjacent,400,30,16,76,FWD,E5,E6,E3,E4,-70.141000,96.320000,OK
6,12,adjacent,400,30,16,77,REV,E6,E5,E3,E4,-70.953000,99.911000,OK
6,12,adjacent,400,30,16,78,FWD,E5,E6,E7,E8,13.859000,96.958000,OK
6,12,adjacent,400,30,16,79,REV,E6,E5,E7,E8,16.016000,101.267000,OK
6,12,adjacent,400,30,16,80,FWD,E5,E6,E8,E9,34.734000,98.235000,OK
6,12,adjacent,400,30,16,81,REV,E6,E5,E8,E9,34.969000,100.310000,OK
6,12,adjacent,400,30,16,82,FWD,E5,E6,E9,E10,-1.148000,99.432000,OK
6,12,adjacent,400,30,16,83,REV,E6,E5,E9,E10,-1.031000,101.267000,OK
6,12,adjacent,400,30,16,84,FWD,E5,E6,E10,E11,-40.703000,98.873000,OK
6,12,adjacent,400,30,16,85,REV,E6,E5,E10,E11,-40.969000,101.826000,OK
6,12,adjacent,400,30,16,86,FWD,E5,E6,E11,E12,-45.164000,99.033000,OK
6,12,adjacent,400,30,16,87,REV,E6,E5,E11,E12,-42.445000,102.384000,OK
6,12,adjacent,400,30,16,88,FWD,E5,E6,E12,E1,-53.367000,100.389000,OK
6,12,adjacent,400,30,16,89,REV,E6,E5,E12,E1,-53.305000,102.943000,OK
6,12,adjacent,400,30,16,90,FWD,E6,E7,E1,E2,16.336000,41.816000,OK
6,12,adjacent,400,30,16,91,REV,E7,E6,E1,E2,16.547000,71.821000,OK
6,12,adjacent,400,30,16,92,FWD,E6,E7,E2,E3,229.781000,75.571000,OK
6,12,adjacent,400,30,16,93,REV,E7,E6,E2,E3,-454.344000,69.028000,OK
6,12,adjacent,400,30,16,94,FWD,E6,E7,E3,E4,-63.211000,78.205000,OK
6,12,adjacent,400,30,16,95,REV,E7,E6,E3,E4,-74.484000,69.826000,OK
6,12,adjacent,400,30,16,96,FWD,E6,E7,E4,E5,-130.852000,79.482000,OK
6,12,adjacent,400,30,16,97,REV,E7,E6,E4,E5,-130.961000,71.023000,OK
6,12,adjacent,400,30,16,98,FWD,E6,E7,E8,E9,35.617000,80.280000,OK
6,12,adjacent,400,30,16,99,REV,E7,E6,E8,E9,45.930000,72.220000,OK
6,12,adjacent,400,30,16,100,FWD,E6,E7,E9,E10,-1.133000,82.115000,OK
6,12,adjacent,400,30,16,101,REV,E7,E6,E9,E10,-1.125000,72.858000,OK
6,12,adjacent,400,30,16,102,FWD,E6,E7,E10,E11,32.000000,82.594000,OK
6,12,adjacent,400,30,16,103,REV,E7,E6,E10,E11,-125.406000,73.497000,OK
6,12,adjacent,400,30,16,104,FWD,E6,E7,E11,E12,30.875000,82.275000,OK
6,12,adjacent,400,30,16,105,REV,E7,E6,E11,E12,-130.406000,74.614000,OK
6,12,adjacent,400,30,16,106,FWD,E6,E7,E12,E1,-56.023000,83.312000,OK
6,12,adjacent,400,30,16,107,REV,E7,E6,E12,E1,-55.969000,74.694000,OK
6,12,adjacent,400,30,16,108,FWD,E7,E8,E1,E2,18.312000,14.125000,OK
6,12,adjacent,400,30,16,109,REV,E8,E7,E1,E2,18.703000,47.960000,OK
6,12,adjacent,400,30,16,110,FWD,E7,E8,E2,E3,-348.172000,40.220000,OK
6,12,adjacent,400,30,16,111,REV,E8,E7,E2,E3,100.227000,45.327000,OK
6,12,adjacent,400,30,16,112,FWD,E7,E8,E3,E4,134.930000,43.970000,OK
6,12,adjacent,400,30,16,113,REV,E8,E7,E3,E4,-495.094000,44.609000,OK
6,12,adjacent,400,30,16,114,FWD,E7,E8,E4,E5,-126.742000,44.369000,OK
6,12,adjacent,400,30,16,115,REV,E8,E7,E4,E5,-126.695000,45.167000,OK
6,12,adjacent,400,30,16,116,FWD,E7,E8,E5,E6,-101.891000,45.008000,OK
6,12,adjacent,400,30,16,117,REV,E8,E7,E5,E6,-101.734000,45.327000,OK
6,12,adjacent,400,30,16,118,FWD,E7,E8,E9,E10,-0.664000,45.646000,OK
6,12,adjacent,400,30,16,119,REV,E8,E7,E9,E10,0.656000,45.885000,OK
6,12,adjacent,400,30,16,120,FWD,E7,E8,E10,E11,-93.219000,46.604000,OK
6,12,adjacent,400,30,16,121,REV,E8,E7,E10,E11,-10.859000,46.444000,OK
6,12,adjacent,400,30,16,122,FWD,E7,E8,E11,E12,-94.719000,46.923000,OK
6,12,adjacent,400,30,16,123,REV,E8,E7,E11,E12,-8.883000,46.683000,OK
6,12,adjacent,400,30,16,124,FWD,E7,E8,E12,E1,-58.539000,46.763000,OK
6,12,adjacent,400,30,16,125,REV,E8,E7,E12,E1,-58.500000,46.284000,OK
6,12,adjacent,400,30,16,126,FWD,E8,E9,E1,E2,20.727000,17.397000,OK
6,12,adjacent,400,30,16,127,REV,E9,E8,E1,E2,21.094000,55.940000,OK
6,12,adjacent,400,30,16,128,FWD,E8,E9,E2,E3,62.781000,44.768000,OK
6,12,adjacent,400,30,16,129,REV,E9,E8,E2,E3,61.586000,52.349000,OK
6,12,adjacent,400,30,16,130,FWD,E8,E9,E3,E4,-448.719000,48.120000,OK
6,12,adjacent,400,30,16,131,REV,E9,E8,E3,E4,229.078000,52.030000,OK
6,12,adjacent,400,30,16,132,FWD,E8,E9,E4,E5,-124.742000,49.876000,OK
6,12,adjacent,400,30,16,133,REV,E9,E8,E4,E5,-124.891000,53.227000,OK
6,12,adjacent,400,30,16,134,FWD,E8,E9,E5,E6,-96.992000,49.876000,OK
6,12,adjacent,400,30,16,135,REV,E9,E8,E5,E6,-97.125000,53.227000,OK
6,12,adjacent,400,30,16,136,FWD,E8,E9,E6,E7,-7.625000,51.232000,OK
6,12,adjacent,400,30,16,137,REV,E9,E8,E6,E7,-3.102000,52.748000,OK
6,12,adjacent,400,30,16,138,FWD,E8,E9,E10,E11,-33.852000,51.551000,OK
6,12,adjacent,400,30,16,139,REV,E9,E8,E10,E11,-10.703000,53.626000,OK
6,12,adjacent,400,30,16,140,FWD,E8,E9,E11,E12,-45.625000,50.993000,OK
6,12,adjacent,400,30,16,141,REV,E9,E8,E11,E12,-23.195000,53.945000,OK
6,12,adjacent,400,30,16,142,FWD,E8,E9,E12,E1,-60.055000,52.748000,OK
6,12,adjacent,400,30,16,143,REV,E9,E8,E12,E1,-59.836000,54.664000,OK
6,12,adjacent,400,30,16,144,FWD,E9,E10,E1,E2,22.773000,51.152000,OK
6,12,adjacent,400,30,16,145,REV,E10,E9,E1,E2,23.102000,94.883000,OK
6,12,adjacent,400,30,16,146,FWD,E9,E10,E2,E3,29.383000,83.551000,OK
6,12,adjacent,400,30,16,147,REV,E10,E9,E2,E3,29.727000,91.931000,OK
6,12,adjacent,400,30,16,148,FWD,E9,E10,E3,E4,57.633000,86.664000,OK
6,12,adjacent,400,30,16,149,REV,E10,E9,E3,E4,53.367000,92.489000,OK
6,12,adjacent,400,30,16,150,FWD,E9,E10,E4,E5,-123.820000,87.222000,OK
6,12,adjacent,400,30,16,151,REV,E10,E9,E4,E5,-124.047000,94.484000,OK
6,12,adjacent,400,30,16,152,FWD,E9,E10,E5,E6,-94.656000,89.058000,OK
6,12,adjacent,400,30,16,153,REV,E10,E9,E5,E6,-94.852000,94.325000,OK
6,12,adjacent,400,30,16,154,FWD,E9,E10,E6,E7,-9.281000,90.255000,OK
6,12,adjacent,400,30,16,155,REV,E10,E9,E6,E7,-9.273000,95.123000,OK
6,12,adjacent,400,30,16,156,FWD,E9,E10,E7,E8,64.086000,90.335000,OK
6,12,adjacent,400,30,16,157,REV,E10,E9,E7,E8,64.055000,96.559000,OK
6,12,adjacent,400,30,16,158,FWD,E9,E10,E11,E12,-17.633000,91.212000,OK
6,12,adjacent,400,30,16,159,REV,E10,E9,E11,E12,-21.875000,96.559000,OK
6,12,adjacent,400,30,16,160,FWD,E9,E10,E12,E1,-60.133000,91.372000,OK
6,12,adjacent,400,30,16,161,REV,E10,E9,E12,E1,-59.719000,97.437000,OK
6,12,adjacent,400,30,16,162,FWD,E10,E11,E1,E2,24.836000,60.888000,OK
6,12,adjacent,400,30,16,163,REV,E11,E10,E1,E2,25.492000,127.202000,OK
6,12,adjacent,400,30,16,164,FWD,E10,E11,E2,E3,24.008000,119.143000,OK
6,12,adjacent,400,30,16,165,REV,E11,E10,E2,E3,25.195000,124.330000,OK
6,12,adjacent,400,30,16,166,FWD,E10,E11,E3,E4,5.258000,122.973000,OK
6,12,adjacent,400,30,16,167,REV,E11,E10,E3,E4,6.258000,126.085000,OK
6,12,adjacent,400,30,16,168,FWD,E10,E11,E4,E5,-123.367000,124.010000,OK
6,12,adjacent,400,30,16,169,REV,E11,E10,E4,E5,-124.289000,127.043000,OK
6,12,adjacent,400,30,16,170,FWD,E10,E11,E5,E6,-92.883000,123.212000,OK
6,12,adjacent,400,30,16,171,REV,E11,E10,E5,E6,-93.688000,126.963000,OK
6,12,adjacent,400,30,16,172,FWD,E10,E11,E6,E7,-11.703000,124.968000,OK
6,12,adjacent,400,30,16,173,REV,E11,E10,E6,E7,-11.477000,127.442000,OK
6,12,adjacent,400,30,16,174,FWD,E10,E11,E7,E8,40.758000,125.686000,OK
6,12,adjacent,400,30,16,175,REV,E11,E10,E7,E8,41.148000,128.639000,OK
6,12,adjacent,400,30,16,176,FWD,E10,E11,E8,E9,-76.453000,125.766000,OK
6,12,adjacent,400,30,16,177,REV,E11,E10,E8,E9,-0.477000,129.517000,OK
6,12,adjacent,400,30,16,178,FWD,E10,E11,E12,E1,-58.922000,125.367000,OK
6,12,adjacent,400,30,16,179,REV,E11,E10,E12,E1,-54.211000,129.038000,OK
6,12,adjacent,400,30,16,180,FWD,E11,E12,E1,E2,26.656000,72.778000,OK
6,12,adjacent,400,30,16,181,REV,E12,E11,E1,E2,27.523000,163.911000,OK
6,12,adjacent,400,30,16,182,FWD,E11,E12,E2,E3,20.758000,151.302000,OK
6,12,adjacent,400,30,16,183,REV,E12,E11,E2,E3,21.836000,154.973000,OK
6,12,adjacent,400,30,16,184,FWD,E11,E12,E3,E4,-9.477000,155.213000,OK
6,12,adjacent,400,30,16,185,REV,E12,E11,E3,E4,-8.773000,155.771000,OK
6,12,adjacent,400,30,16,186,FWD,E11,E12,E4,E5,-123.242000,155.771000,OK
6,12,adjacent,400,30,16,187,REV,E12,E11,E4,E5,-124.578000,155.851000,OK
6,12,adjacent,400,30,16,188,FWD,E11,E12,E5,E6,-91.813000,156.250000,OK
6,12,adjacent,400,30,16,189,REV,E12,E11,E5,E6,-92.508000,156.410000,OK
6,12,adjacent,400,30,16,190,FWD,E11,E12,E6,E7,-13.023000,157.846000,OK
6,12,adjacent,400,30,16,191,REV,E12,E11,E6,E7,-12.828000,157.287000,OK
6,12,adjacent,400,30,16,192,FWD,E11,E12,E7,E8,32.852000,160.001000,OK
6,12,adjacent,400,30,16,193,REV,E12,E11,E7,E8,32.758000,157.846000,OK
6,12,adjacent,400,30,16,194,FWD,E11,E12,E8,E9,31.312000,159.282000,OK
6,12,adjacent,400,30,16,195,REV,E12,E11,E8,E9,31.711000,158.484000,OK
6,12,adjacent,400,30,16,196,FWD,E11,E12,E9,E10,-14.781000,159.203000,OK
6,12,adjacent,400,30,16,197,REV,E12,E11,E9,E10,-2.938000,158.883000,OK
6,12,adjacent,400,30,16,198,FWD,E12,E1,E2,E3,18.805000,55.861000,OK
6,12,adjacent,400,30,16,199,REV,E1,E12,E2,E3,20.383000,140.609000,OK
6,12,adjacent,400,30,16,200,FWD,E12,E1,E3,E4,-16.383000,129.277000,OK
6,12,adjacent,400,30,16,201,REV,E1,E12,E3,E4,-15.641000,133.587000,OK
6,12,adjacent,400,30,16,202,FWD,E12,E1,E4,E5,63.180000,131.991000,OK
6,12,adjacent,400,30,16,203,REV,E1,E12,E4,E5,-440.656000,133.666000,OK
6,12,adjacent,400,30,16,204,FWD,E12,E1,E5,E6,-90.914000,133.906000,OK
6,12,adjacent,400,30,16,205,REV,E1,E12,E5,E6,-92.438000,134.784000,OK
6,12,adjacent,400,30,16,206,FWD,E12,E1,E6,E7,-13.797000,136.300000,OK
6,12,adjacent,400,30,16,207,REV,E1,E12,E6,E7,-13.648000,135.981000,OK
6,12,adjacent,400,30,16,208,FWD,E12,E1,E7,E8,27.680000,136.539000,OK
6,12,adjacent,400,30,16,209,REV,E1,E12,E7,E8,27.570000,135.901000,OK
6,12,adjacent,400,30,16,210,FWD,E12,E1,E8,E9,33.461000,137.497000,OK
6,12,adjacent,400,30,16,211,REV,E1,E12,E8,E9,33.828000,136.619000,OK
6,12,adjacent,400,30,16,212,FWD,E12,E1,E9,E10,0.852000,138.055000,OK
6,12,adjacent,400,30,16,213,REV,E1,E12,E9,E10,1.039000,137.417000,OK
6,12,adjacent,400,30,16,214,FWD,E12,E1,E10,E11,-58.508000,138.454000,OK
6,12,adjacent,400,30,16,215,REV,E1,E12,E10,E11,-46.273000,137.257000,OK
7,13,adjacent,400,30,16,0,FWD,E1,E2,E3,E4,-21.297000,35.671000,OK
7,13,adjacent,400,30,16,1,REV,E2,E1,E3,E4,-19.922000,111.242000,OK
7,13,adjacent,400,30,16,2,FWD,E1,E2,E4,E5,-426.969000,96.000000,OK
7,13,adjacent,400,30,16,3,REV,E2,E1,E4,E5,-14.984000,101.267000,OK
7,13,adjacent,400,30,16,4,FWD,E1,E2,E5,E6,99.266000,99.911000,OK
7,13,adjacent,400,30,16,5,REV,E2,E1,E5,E6,-516.000000,101.028000,OK
7,13,adjacent,400,30,16,6,FWD,E1,E2,E6,E7,-14.469000,100.948000,OK
7,13,adjacent,400,30,16,7,REV,E2,E1,E6,E7,-14.328000,100.788000,OK
7,13,adjacent,400,30,16,8,FWD,E1,E2,E7,E8,23.797000,102.065000,OK
7,13,adjacent,400,30,16,9,REV,E2,E1,E7,E8,23.617000,100.948000,OK
7,13,adjacent,400,30,16,10,FWD,E1,E2,E8,E9,33.844000,102.384000,OK
7,13,adjacent,400,30,16,11,REV,E2,E1,E8,E9,34.102000,101.427000,OK
7,13,adjacent,400,30,16,12,FWD,E1,E2,E9,E10,-0.047000,102.704000,OK
7,13,adjacent,400,30,16,13,REV,E2,E1,E9,E10,0.023000,101.746000,OK
7,13,adjacent,400,30,16,14,FWD,E1,E2,E10,E11,-43.398000,103.342000,OK
7,13,adjacent,400,30,16,15,REV,E2,E1,E10,E11,-51.992000,102.384000,OK
7,13,adjacent,400,30,16,16,FWD,E1,E2,E11,E12,-48.555000,104.140000,OK
7,13,adjacent,400,30,16,17,REV,E2,E1,E11,E12,-52.406000,101.985000,OK
7,13,adjacent,400,30,16,18,FWD,E2,E3,E4,E5,-19.469000,17.476000,OK
7,13,adjacent,400,30,16,19,REV,E3,E2,E4,E5,-32.102000,73.736000,OK
7,13,adjacent,400,30,16,20,FWD,E2,E3,E5,E6,-425.500000,62.883000,OK
7,13,adjacent,400,30,16,21,REV,E3,E2,E5,E6,17.133000,66.873000,OK
7,13,adjacent,400,30,16,22,FWD,E2,E3,E6,E7,-14.953000,66.235000,OK
7,13,adjacent,400,30,16,23,REV,E3,E2,E6,E7,-14.859000,66.634000,OK
7,13,adjacent,400,30,16,24,FWD,E2,E3,E7,E8,20.703000,66.394000,OK
7,13,adjacent,400,30,16,25,REV,E3,E2,E7,E8,20.555000,66.155000,OK
7,13,adjacent,400,30,16,26,FWD,E2,E3,E8,E9,34.203000,67.831000,OK
7,13,adjacent,400,30,16,27,REV,E3,E2,E8,E9,34.375000,66.394000,OK
7,13,adjacent,400,30,16,28,FWD,E2,E3,E9,E10,-0.453000,68.469000,OK
7,13,adjacent,400,30,16,29,REV,E3,E2,E9,E10,-0.406000,66.873000,OK
7,13,adjacent,400,30,16,30,FWD,E2,E3,E10,E11,-40.430000,68.629000,OK
7,13,adjacent,400,30,16,31,REV,E3,E2,E10,E11,-51.609000,67.511000,OK
7,13,adjacent,400,30,16,32,FWD,E2,E3,E11,E12,-45.828000,68.948000,OK
7,13,adjacent,400,30,16,33,REV,E3,E2,E11,E12,-51.086000,68.150000,OK
7,13,adjacent,400,30,16,34,FWD,E2,E3,E12,E1,-38.570000,69.187000,OK
7,13,adjacent,400,30,16,35,REV,E3,E2,E12,E1,-38.602000,68.230000,OK
7,13,adjacent,400,30,16,36,FWD,E3,E4,E1,E2,63.742000,12.369000,OK
7,13,adjacent,400,30,16,37,REV,E4,E3,E1,E2,47.922000,57.696000,OK
7,13,adjacent,400,30,16,38,FWD,E3,E4,E5,E6,-30.156000,47.242000,OK
7,13,adjacent,400,30,16,39,REV,E4,E3,E5,E6,-17.484000,51.871000,OK
7,13,adjacent,400,30,16,40,FWD,E3,E4,E6,E7,-15.516000,49.796000,OK
7,13,adjacent,400,30,16,41,REV,E4,E3,E6,E7,-15.328000,52.190000,OK
7,13,adjacent,400,30,16,42,FWD,E3,E4,E7,E8,17.891000,51.631000,OK
7,13,adjacent,400,30,16,43,REV,E4,E3,E7,E8,17.820000,52.030000,OK
7,13,adjacent,400,30,16,44,FWD,E3,E4,E8,E9,34.531000,52.509000,OK
7,13,adjacent,400,30,16,45,REV,E4,E3,E8,E9,34.633000,52.828000,OK
7,13,adjacent,400,30,16,46,FWD,E3,E4,E9,E10,-0.758000,53.786000,OK
7,13,adjacent,400,30,16,47,REV,E4,E3,E9,E10,-0.750000,52.828000,OK
7,13,adjacent,400,30,16,48,FWD,E3,E4,E10,E11,-36.047000,53.626000,OK
7,13,adjacent,400,30,16,49,REV,E4,E3,E10,E11,-46.625000,53.068000,OK
7,13,adjacent,400,30,16,50,FWD,E3,E4,E11,E12,-41.727000,54.424000,OK
7,13,adjacent,400,30,16,51,REV,E4,E3,E11,E12,-46.133000,54.265000,OK
7,13,adjacent,400,30,16,52,FWD,E3,E4,E12,E1,-45.750000,54.823000,OK
7,13,adjacent,400,30,16,53,REV,E4,E3,E12,E1,-45.805000,54.344000,OK
7,13,adjacent,400,30,16,54,FWD,E4,E5,E1,E2,15.484000,21.147000,OK
7,13,adjacent,400,30,16,55,REV,E5,E4,E1,E2,15.492000,73.177000,OK
7,13,adjacent,400,30,16,56,FWD,E4,E5,E2,E3,-7.633000,60.409000,OK
7,13,adjacent,400,30,16,57,REV,E5,E4,E2,E3,-7.984000,68.389000,OK
7,13,adjacent,400,30,16,58,FWD,E4,E5,E6,E7,-16.008000,63.521000,OK
7,13,adjacent,400,30,16,59,REV,E5,E4,E6,E7,-15.617000,67.671000,OK
7,13,adjacent,400,30,16,60,FWD,E4,E5,E7,E8,15.523000,65.676000,OK
7,13,adjacent,400,30,16,61,REV,E5,E4,E7,E8,15.633000,68.230000,OK
7,13,adjacent,400,30,16,62,FWD,E4,E5,E8,E9,34.773000,65.197000,OK
7,13,adjacent,400,30,16,63,REV,E5,E4,E8,E9,34.859000,68.469000,OK
7,13,adjacent,400,30,16,64,FWD,E4,E5,E9,E10,-0.969000,65.915000,OK
7,13,adjacent,400,30,16,65,REV,E5,E4,E9,E10,-0.914000,69.666000,OK
7,13,adjacent,400,30,16,66,FWD,E4,E5,E10,E11,-38.813000,65.915000,OK
7,13,adjacent,400,30,16,67,REV,E5,E4,E10,E11,-39.922000,69.347000,OK
7,13,adjacent,400,30,16,68,FWD,E4,E5,E11,E12,-44.539000,66.953000,OK
7,13,adjacent,400,30,16,69,REV,E5,E4,E11,E12,-38.508000,69.906000,OK
7,13,adjacent,400,30,16,70,FWD,E4,E5,E12,E1,-50.203000,67.033000,OK
7,13,adjacent,400,30,16,71,REV,E5,E4,E12,E1,-50.164000,69.666000,OK
7,13,adjacent,400,30,16,72,FWD,E5,E6,E1,E2,14.648000,49.157000,OK
7,13,adjacent,400,30,16,73,REV,E6,E5,E1,E2,14.984000,104.220000,OK
7,13,adjacent,400,30,16,74,FWD,E5,E6,E2,E3,-1.523000,94.165000,OK
7,13,adjacent,400,30,16,75,REV,E6,E5,E2,E3,-4.711000,99.192000,OK
7,13,adjacent,400,30,16,76,FWD,E5,E6,E3,E4,-70.297000,96.639000,OK
7,13,adjacent,400,30,16,77,REV,E6,E5,E3,E4,-71.086000,99.113000,OK
7,13,adjacent,400,30,16,78,FWD,E5,E6,E7,E8,14.016000,97.596000,OK
7,13,adjacent,400,30,16,79,REV,E6,E5,E7,E8,16.211000,100.709000,OK
7,13,adjacent,400,30,16,80,FWD,E5,E6,E8,E9,34.977000,97.277000,OK
7,13,adjacent,400,30,16,81,REV,E6,E5,E8,E9,35.258000,100.948000,OK
7,13,adjacent,400,30,16,82,FWD,E5,E6,E9,E10,-1.148000,98.315000,OK
7,13,adjacent,400,30,16,83,REV,E6,E5,E9,E10,-1.039000,102.225000,OK
7,13,adjacent,400,30,16,84,FWD,E5,E6,E10,E11,-46.695000,99.272000,OK
7,13,adjacent,400,30,16,85,REV,E6,E5,E10,E11,-42.914000,101.108000,OK
7,13,adjacent,400,30,16,86,FWD,E5,E6,E11,E12,-44.813000,99.751000,OK
7,13,adjacent,400,30,16,87,REV,E6,E5,E11,E12,-43.805000,102.624000,OK
7,13,adjacent,400,30,16,88,FWD,E5,E6,E12,E1,-53.531000,101.108000,OK
7,13,adjacent,400,30,16,89,REV,E6,E5,E12,E1,-53.492000,102.464000,OK
7,13,adjacent,400,30,16,90,FWD,E6,E7,E1,E2,16.273000,40.539000,OK
7,13,adjacent,400,30,16,91,REV,E7,E6,E1,E2,16.469000,71.980000,OK
7,13,adjacent,400,30,16,92,FWD,E6,E7,E2,E3,230.172000,75.731000,OK
7,13,adjacent,400,30,16,93,REV,E7,E6,E2,E3,-454.312000,68.469000,OK
7,13,adjacent,400,30,16,94,FWD,E6,E7,E3,E4,-63.359000,78.125000,OK
7,13,adjacent,400,30,16,95,REV,E7,E6,E3,E4,-74.586000,70.305000,OK
7,13,adjacent,400,30,16,96,FWD,E6,E7,E4,E5,-131.609000,79.561000,OK
7,13,adjacent,400,30,16,97,REV,E7,E6,E4,E5,-131.695000,70.863000,OK
7,13,adjacent,400,30,16,98,FWD,E6,E7,E8,E9,35.852000,80.120000,OK
7,13,adjacent,400,30,16,99,REV,E7,E6,E8,E9,46.148000,71.821000,OK
7,13,adjacent,400,30,16,100,FWD,E6,E7,E9,E10,-1.180000,81.636000,OK
7,13,adjacent,400,30,16,101,REV,E7,E6,E9,E10,-1.102000,72.379000,OK
7,13,adjacent,400,30,16,102,FWD,E6,E7,E10,E11,33.031000,82.195000,OK
7,13,adjacent,400,30,16,103,REV,E7,E6,E10,E11,-123.969000,73.098000,OK
7,13,adjacent,400,30,16,104,FWD,E6,E7,E11,E12,31.805000,82.913000,OK
7,13,adjacent,400,30,16,105,REV,E7,E6,E11,E12,-130.375000,74.215000,OK
7,13,adjacent,400,30,16,106,FWD,E6,E7,E12,E1,-56.203000,83.152000,OK
7,13,adjacent,400,30,16,107,REV,E7,E6,E12,E1,-56.211000,75.013000,OK
7,13,adjacent,400,30,16,108,FWD,E7,E8,E1,E2,18.242000,13.806000,OK
7,13,adjacent,400,30,16,109,REV,E8,E7,E1,E2,18.562000,48.120000,OK
7,13,adjacent,400,30,16,110,FWD,E7,E8,E2,E3,-347.734000,40.619000,OK
7,13,adjacent,400,30,16,111,REV,E8,E7,E2,E3,101.188000,44.609000,OK
7,13,adjacent,400,30,16,112,FWD,E7,E8,E3,E4,135.187000,43.332000,OK
7,13,adjacent,400,30,16,113,REV,E8,E7,E3,E4,-495.094000,45.008000,OK
7,13,adjacent,400,30,16,114,FWD,E7,E8,E4,E5,-127.555000,44.449000,OK
7,13,adjacent,400,30,16,115,REV,E8,E7,E4,E5,-127.469000,45.486000,OK
7,13,adjacent,400,30,16,116,FWD,E7,E8,E5,E6,-102.680000,44.130000,OK
7,13,adjacent,400,30,16,117,REV,E8,E7,E5,E6,-102.508000,45.885000,OK
7,13,adjacent,400,30,16,118,FWD,E7,E8,E9,E10,-0.711000,45.566000,OK
7,13,adjacent,400,30,16,119,REV,E8,E7,E9,E10,0.672000,46.763000,OK
7,13,adjacent,400,30,16,120,FWD,E7,E8,E10,E11,-93.719000,45.885000,OK
7,13,adjacent,400,30,16,121,REV,E8,E7,E10,E11,-10.133000,46.125000,OK
7,13,adjacent,400,30,16,122,FWD,E7,E8,E11,E12,-96.359000,47.322000,OK
7,13,adjacent,400,30,16,123,REV,E8,E7,E11,E12,-7.906000,46.763000,OK
7,13,adjacent,400,30,16,124,FWD,E7,E8,E12,E1,-58.727000,46.923000,OK
7,13,adjacent,400,30,16,125,REV,E8,E7,E12,E1,-58.664000,46.045000,OK
7,13,adjacent,400,30,16,126,FWD,E8,E9,E1,E2,20.687000,18.115000,OK
7,13,adjacent,400,30,16,127,REV,E9,E8,E1,E2,20.977000,56.419000,OK
7,13,adjacent,400,30,16,128,FWD,E8,E9,E2,E3,63.586000,45.726000,OK
7,13,adjacent,400,30,16,129,REV,E9,E8,E2,E3,62.414000,52.509000,OK
7,13,adjacent,400,30,16,130,FWD,E8,E9,E3,E4,-448.656000,47.402000,OK
7,13,adjacent,400,30,16,131,REV,E9,E8,E3,E4,229.031000,52.589000,OK
7,13,adjacent,400,30,16,132,FWD,E8,E9,E4,E5,-125.539000,48.838000,OK
7,13,adjacent,400,30,16,133,REV,E9,E8,E4,E5,-125.664000,52.908000,OK
7,13,adjacent,400,30,16,134,FWD,E8,E9,E5,E6,-97.688000,49.716000,OK
7,13,adjacent,400,30,16,135,REV,E9,E8,E5,E6,-97.836000,53.227000,OK
7,13,adjacent,400,30,16,136,FWD,E8,E9,E6,E7,-7.133000,51.232000,OK
7,13,adjacent,400,30,16,137,REV,E9,E8,E6,E7,-2.703000,53.307000,OK
7,13,adjacent,400,30,16,138,FWD,E8,E9,E10,E11,-37.844000,51.472000,OK
7,13,adjacent,400,30,16,139,REV,E9,E8,E10,E11,-10.711000,53.147000,OK
7,13,adjacent,400,30,16,140,FWD,E8,E9,E11,E12,-48.055000,52.110000,OK
7,13,adjacent,400,30,16,141,REV,E9,E8,E11,E12,-24.883000,54.344000,OK
7,13,adjacent,400,30,16,142,FWD,E8,E9,E12,E1,-60.242000,52.110000,OK
7,13,adjacent,400,30,16,143,REV,E9,E8,E12,E1,-60.016000,53.866000,OK
7,13,adjacent,400,30,16,144,FWD,E9,E10,E1,E2,22.742000,50.753000,OK
7,13,adjacent,400,30,16,145,REV,E10,E9,E1,E2,23.070000,94.564000,OK
7,13,adjacent,400,30,16,146,FWD,E9,E10,E2,E3,29.992000,83.392000,OK
7,13,adjacent,400,30,16,147,REV,E10,E9,E2,E3,30.336000,91.771000,OK
7,13,adjacent,400,30,16,148,FWD,E9,E10,E3,E4,57.680000,85.866000,OK
7,13,adjacent,400,30,16,149,REV,E10,E9,E3,E4,53.461000,92.968000,OK
7,13,adjacent,400,30,16,150,FWD,E9,E10,E4,E5,-124.625000,87.861000,OK
7,13,adjacent,400,30,16,151,REV,E10,E9,E4,E5,-124.859000,93.287000,OK
7,13,adjacent,400,30,16,152,FWD,E9,E10,E5,E6,-95.391000,88.419000,OK
7,13,adjacent,400,30,16,153,REV,E10,E9,E5,E6,-95.586000,94.644000,OK
7,13,adjacent,400,30,16,154,FWD,E9,E10,E6,E7,-9.000000,90.095000,OK
7,13,adjacent,400,30,16,155,REV,E10,E9,E6,E7,-9.016000,95.282000,OK
7,13,adjacent,400,30,16,156,FWD,E9,E10,E7,E8,64.164000,89.936000,OK
7,13,adjacent,400,30,16,157,REV,E10,E9,E7,E8,64.172000,96.320000,OK
7,13,adjacent,400,30,16,158,FWD,E9,E10,E11,E12,-20.023000,90.973000,OK
7,13,adjacent,400,30,16,159,REV,E10,E9,E11,E12,-19.484000,97.118000,OK
7,13,adjacent,400,30,16,160,FWD,E9,E10,E12,E1,-60.281000,91.292000,OK
7,13,adjacent,400,30,16,161,REV,E10,E9,E12,E1,-59.891000,97.676000,OK
7,13,adjacent,400,30,16,162,FWD,E10,E11,E1,E2,24.852000,61.207000,OK
7,13,adjacent,400,30,16,163,REV,E11,E10,E1,E2,25.516000,127.681000,OK
7,13,adjacent,400,30,16,164,FWD,E10,E11,E2,E3,24.430000,119.861000,OK
7,13,adjacent,400,30,16,165,REV,E11,E10,E2,E3,25.602000,124.569000,OK
7,13,adjacent,400,30,16,166,FWD,E10,E11,E3,E4,5.281000,122.335000,OK
7,13,adjacent,400,30,16,167,REV,E11,E10,E3,E4,6.289000,126.085000,OK
7,13,adjacent,400,30,16,168,FWD,E10,E11,E4,E5,-124.125000,124.090000,OK
7,13,adjacent,400,30,16,169,REV,E11,E10,E4,E5,-125.125000,126.804000,OK
7,13,adjacent,400,30,16,170,FWD,E10,E11,E5,E6,-93.578000,123.532000,OK
7,13,adjacent,400,30,16,171,REV,E11,E10,E5,E6,-94.344000,127.522000,OK
7,13,adjacent,400,30,16,172,FWD,E10,E11,E6,E7,-11.563000,125.367000,OK
7,13,adjacent,400,30,16,173,REV,E11,E10,E6,E7,-11.273000,128.160000,OK
7,13,adjacent,400,30,16,174,FWD,E10,E11,E7,E8,40.891000,124.409000,OK
7,13,adjacent,400,30,16,175,REV,E11,E10,E7,E8,41.297000,128.160000,OK
7,13,adjacent,400,30,16,176,FWD,E10,E11,E8,E9,-76.602000,125.926000,OK
7,13,adjacent,400,30,16,177,REV,E11,E10,E8,E9,-0.523000,128.878000,OK
7,13,adjacent,400,30,16,178,FWD,E10,E11,E12,E1,-59.078000,125.846000,OK
7,13,adjacent,400,30,16,179,REV,E11,E10,E12,E1,-54.383000,129.038000,OK
7,13,adjacent,400,30,16,180,FWD,E11,E12,E1,E2,26.602000,74.055000,OK
7,13,adjacent,400,30,16,181,REV,E12,E11,E1,E2,27.516000,163.911000,OK
7,13,adjacent,400,30,16,182,FWD,E11,E12,E2,E3,21.187000,150.504000,OK
7,13,adjacent,400,30,16,183,REV,E12,E11,E2,E3,22.312000,154.095000,OK
7,13,adjacent,400,30,16,184,FWD,E11,E12,E3,E4,-9.500000,154.335000,OK
7,13,adjacent,400,30,16,185,REV,E12,E11,E3,E4,-8.750000,155.771000,OK
7,13,adjacent,400,30,16,186,FWD,E11,E12,E4,E5,-124.023000,155.771000,OK
7,13,adjacent,400,30,16,187,REV,E12,E11,E4,E5,-125.352000,155.612000,OK
7,13,adjacent,400,30,16,188,FWD,E11,E12,E5,E6,-92.508000,156.968000,OK
7,13,adjacent,400,30,16,189,REV,E12,E11,E5,E6,-93.289000,156.729000,OK
7,13,adjacent,400,30,16,190,FWD,E11,E12,E6,E7,-12.844000,158.245000,OK
7,13,adjacent,400,30,16,191,REV,E12,E11,E6,E7,-12.680000,157.128000,OK
7,13,adjacent,400,30,16,192,FWD,E11,E12,E7,E8,32.984000,158.245000,OK
7,13,adjacent,400,30,16,193,REV,E12,E11,E7,E8,32.883000,157.766000,OK
7,13,adjacent,400,30,16,194,FWD,E11,E12,E8,E9,31.234000,158.804000,OK
7,13,adjacent,400,30,16,195,REV,E12,E11,E8,E9,31.562000,159.362000,OK
7,13,adjacent,400,30,16,196,FWD,E11,E12,E9,E10,-14.805000,159.282000,OK
7,13,adjacent,400,30,16,197,REV,E12,E11,E9,E10,-2.938000,159.442000,OK
7,13,adjacent,400,30,16,198,FWD,E12,E1,E2,E3,19.258000,55.701000,OK
7,13,adjacent,400,30,16,199,REV,E1,E12,E2,E3,20.875000,139.731000,OK
7,13,adjacent,400,30,16,200,FWD,E12,E1,E3,E4,-16.320000,129.038000,OK
7,13,adjacent,400,30,16,201,REV,E1,E12,E3,E4,-15.641000,132.310000,OK
7,13,adjacent,400,30,16,202,FWD,E12,E1,E4,E5,62.422000,132.868000,OK
7,13,adjacent,400,30,16,203,REV,E1,E12,E4,E5,-441.469000,134.065000,OK
7,13,adjacent,400,30,16,204,FWD,E12,E1,E5,E6,-91.734000,134.544000,OK
7,13,adjacent,400,30,16,205,REV,E1,E12,E5,E6,-93.203000,134.305000,OK
7,13,adjacent,400,30,16,206,FWD,E12,E1,E6,E7,-13.656000,134.704000,OK
7,13,adjacent,400,30,16,207,REV,E1,E12,E6,E7,-13.492000,136.060000,OK
7,13,adjacent,400,30,16,208,FWD,E12,E1,E7,E8,27.852000,136.380000,OK
7,13,adjacent,400,30,16,209,REV,E1,E12,E7,E8,27.758000,135.741000,OK
7,13,adjacent,400,30,16,210,FWD,E12,E1,E8,E9,33.313000,136.300000,OK
7,13,adjacent,400,30,16,211,REV,E1,E12,E8,E9,33.688000,136.539000,OK
7,13,adjacent,400,30,16,212,FWD,E12,E1,E9,E10,0.875000,138.135000,OK
7,13,adjacent,400,30,16,213,REV,E1,E12,E9,E10,1.055000,137.018000,OK
7,13,adjacent,400,30,16,214,FWD,E12,E1,E10,E11,-58.758000,138.215000,OK
7,13,adjacent,400,30,16,215,REV,E1,E12,E10,E11,-46.336000,138.135000,OK
8,14,adjacent,400,30,16,0,FWD,E1,E2,E3,E4,-21.266000,35.671000,OK
8,14,adjacent,400,30,16,1,REV,E2,E1,E3,E4,-19.898000,110.444000,OK
8,14,adjacent,400,30,16,2,FWD,E1,E2,E4,E5,-428.125000,96.958000,OK
8,14,adjacent,400,30,16,3,REV,E2,E1,E4,E5,-15.938000,100.709000,OK
8,14,adjacent,400,30,16,4,FWD,E1,E2,E5,E6,98.109000,100.230000,OK
8,14,adjacent,400,30,16,5,REV,E2,E1,E5,E6,-517.094000,100.070000,OK
8,14,adjacent,400,30,16,6,FWD,E1,E2,E6,E7,-14.320000,100.948000,OK
8,14,adjacent,400,30,16,7,REV,E2,E1,E6,E7,-14.211000,100.948000,OK
8,14,adjacent,400,30,16,8,FWD,E1,E2,E7,E8,23.992000,102.305000,OK
8,14,adjacent,400,30,16,9,REV,E2,E1,E7,E8,23.844000,101.028000,OK
8,14,adjacent,400,30,16,10,FWD,E1,E2,E8,E9,33.750000,101.906000,OK
8,14,adjacent,400,30,16,11,REV,E2,E1,E8,E9,33.969000,101.826000,OK
8,14,adjacent,400,30,16,12,FWD,E1,E2,E9,E10,-0.062000,102.624000,OK
8,14,adjacent,400,30,16,13,REV,E2,E1,E9,E10,0.062000,101.985000,OK
8,14,adjacent,400,30,16,14,FWD,E1,E2,E10,E11,-42.789000,102.704000,OK
8,14,adjacent,400,30,16,15,REV,E2,E1,E10,E11,-51.195000,101.507000,OK
8,14,adjacent,400,30,16,16,FWD,E1,E2,E11,E12,-46.734000,103.821000,OK
8,14,adjacent,400,30,16,17,REV,E2,E1,E11,E12,-51.195000,102.305000,OK
8,14,adjacent,400,30,16,18,FWD,E2,E3,E4,E5,-20.570000,17.556000,OK
8,14,adjacent,400,30,16,19,REV,E3,E2,E4,E5,-33.172000,73.098000,OK
8,14,adjacent,400,30,16,20,FWD,E2,E3,E5,E6,-426.062000,62.803000,OK
8,14,adjacent,400,30,16,21,REV,E3,E2,E5,E6,16.984000,66.394000,OK
8,14,adjacent,400,30,16,22,FWD,E2,E3,E6,E7,-14.844000,65.836000,OK
8,14,adjacent,400,30,16,23,REV,E3,E2,E6,E7,-14.758000,65.836000,OK
8,14,adjacent,400,30,16,24,FWD,E2,E3,E7,E8,20.891000,66.953000,OK
8,14,adjacent,400,30,16,25,REV,E3,E2,E7,E8,20.773000,66.713000,OK
8,14,adjacent,400,30,16,26,FWD,E2,E3,E8,E9,34.063000,67.432000,OK
8,14,adjacent,400,30,16,27,REV,E3,E2,E8,E9,34.234000,66.793000,OK
8,14,adjacent,400,30,16,28,FWD,E2,E3,E9,E10,-0.406000,67.591000,OK
8,14,adjacent,400,30,16,29,REV,E3,E2,E9,E10,-0.391000,66.953000,OK
8,14,adjacent,400,30,16,30,FWD,E2,E3,E10,E11,-39.438000,68.629000,OK
8,14,adjacent,400,30,16,31,REV,E3,E2,E10,E11,-50.813000,67.910000,OK
8,14,adjacent,400,30,16,32,FWD,E2,E3,E11,E12,-45.594000,69.347000,OK
8,14,adjacent,400,30,16,33,REV,E3,E2,E11,E12,-51.477000,67.352000,OK
8,14,adjacent,400,30,16,34,FWD,E2,E3,E12,E1,-39.000000,69.906000,OK
8,14,adjacent,400,30,16,35,REV,E3,E2,E12,E1,-38.969000,67.831000,OK
8,14,adjacent,400,30,16,36,FWD,E3,E4,E1,E2,63.914000,12.768000,OK
8,14,adjacent,400,30,16,37,REV,E4,E3,E1,E2,48.031000,56.180000,OK
8,14,adjacent,400,30,16,38,FWD,E3,E4,E5,E6,-30.937000,46.683000,OK
8,14,adjacent,400,30,16,39,REV,E4,E3,E5,E6,-18.398000,51.871000,OK
8,14,adjacent,400,30,16,40,FWD,E3,E4,E6,E7,-15.398000,50.514000,OK
8,14,adjacent,400,30,16,41,REV,E4,E3,E6,E7,-15.250000,52.270000,OK
8,14,adjacent,400,30,16,42,FWD,E3,E4,E7,E8,18.086000,51.392000,OK
8,14,adjacent,400,30,16,43,REV,E4,E3,E7,E8,18.047000,52.908000,OK
8,14,adjacent,400,30,16,44,FWD,E3,E4,E8,E9,34.391000,52.190000,OK
8,14,adjacent,400,30,16,45,REV,E4,E3,E8,E9,34.508000,52.988000,OK
8,14,adjacent,400,30,16,46,FWD,E3,E4,E9,E10,-0.734000,52.748000,OK
8,14,adjacent,400,30,16,47,REV,E4,E3,E9,E10,-0.711000,53.307000,OK
8,14,adjacent,400,30,16,48,FWD,E3,E4,E10,E11,-35.711000,53.068000,OK
8,14,adjacent,400,30,16,49,REV,E4,E3,E10,E11,-44.852000,53.786000,OK
8,14,adjacent,400,30,16,50,FWD,E3,E4,E11,E12,-40.398000,54.424000,OK
8,14,adjacent,400,30,16,51,REV,E4,E3,E11,E12,-49.305000,54.265000,OK
8,14,adjacent,400,30,16,52,FWD,E3,E4,E12,E1,-46.102000,54.265000,OK
8,14,adjacent,400,30,16,53,REV,E4,E3,E12,E1,-46.164000,54.105000,OK
8,14,adjacent,400,30,16,54,FWD,E4,E5,E1,E2,15.484000,22.264000,OK
8,14,adjacent,400,30,16,55,REV,E5,E4,E1,E2,15.570000,73.098000,OK
8,14,adjacent,400,30,16,56,FWD,E4,E5,E2,E3,-7.180000,60.090000,OK
8,14,adjacent,400,30,16,57,REV,E5,E4,E2,E3,-7.492000,67.831000,OK
8,14,adjacent,400,30,16,58,FWD,E4,E5,E6,E7,-15.953000,63.362000,OK
8,14,adjacent,400,30,16,59,REV,E5,E4,E6,E7,-15.492000,68.469000,OK
8,14,adjacent,400,30,16,60,FWD,E4,E5,E7,E8,15.750000,64.798000,OK
8,14,adjacent,400,30,16,61,REV,E5,E4,E7,E8,15.891000,68.549000,OK
8,14,adjacent,400,30,16,62,FWD,E4,E5,E8,E9,34.672000,65.357000,OK
8,14,adjacent,400,30,16,63,REV,E5,E4,E8,E9,34.742000,69.187000,OK
8,14,adjacent,400,30,16,64,FWD,E4,E5,E9,E10,-0.953000,66.235000,OK
8,14,adjacent,400,30,16,65,REV,E5,E4,E9,E10,-0.883000,69.507000,OK
8,14,adjacent,400,30,16,66,FWD,E4,E5,E10,E11,-44.086000,66.394000,OK
8,14,adjacent,400,30,16,67,REV,E5,E4,E10,E11,-40.367000,69.028000,OK
8,14,adjacent,400,30,16,68,FWD,E4,E5,E11,E12,-44.633000,66.634000,OK
8,14,adjacent,400,30,16,69,REV,E5,E4,E11,E12,-40.781000,70.624000,OK
8,14,adjacent,400,30,16,70,FWD,E4,E5,E12,E1,-50.484000,67.751000,OK
8,14,adjacent,400,30,16,71,REV,E5,E4,E12,E1,-50.461000,69.267000,OK
8,14,adjacent,400,30,16,72,FWD,E5,E6,E1,E2,14.625000,49.636000,OK
8,14,adjacent,400,30,16,73,REV,E6,E5,E1,E2,14.977000,104.140000,OK
8,14,adjacent,400,30,16,74,FWD,E5,E6,E2,E3,-1.031000,93.367000,OK
8,14,adjacent,400,30,16,75,REV,E6,E5,E2,E3,-4.180000,98.554000,OK
8,14,adjacent,400,30,16,76,FWD,E5,E6,E3,E4,-70.461000,96.080000,OK
8,14,adjacent,400,30,16,77,REV,E6,E5,E3,E4,-71.258000,99.192000,OK
8,14,adjacent,400,30,16,78,FWD,E5,E6,E7,E8,14.250000,98.075000,OK
8,14,adjacent,400,30,16,79,REV,E6,E5,E7,E8,16.414000,100.310000,OK
8,14,adjacent,400,30,16,80,FWD,E5,E6,E8,E9,34.867000,98.474000,OK
8,14,adjacent,400,30,16,81,REV,E6,E5,E8,E9,35.109000,100.389000,OK
8,14,adjacent,400,30,16,82,FWD,E5,E6,E9,E10,-1.156000,98.793000,OK
8,14,adjacent,400,30,16,83,REV,E6,E5,E9,E10,-0.992000,101.427000,OK
8,14,adjacent,400,30,16,84,FWD,E5,E6,E10,E11,-43.055000,99.272000,OK
8,14,adjacent,400,30,16,85,REV,E6,E5,E10,E11,-44.156000,102.065000,OK
8,14,adjacent,400,30,16,86,FWD,E5,E6,E11,E12,-47.055000,99.113000,OK
8,14,adjacent,400,30,16,87,REV,E6,E5,E11,E12,-42.164000,102.624000,OK
8,14,adjacent,400,30,16,88,FWD,E5,E6,E12,E1,-53.828000,100.310000,OK
8,14,adjacent,400,30,16,89,REV,E6,E5,E12,E1,-53.750000,103.023000,OK
8,14,adjacent,400,30,16,90,FWD,E6,E7,E1,E2,16.297000,40.299000,OK
8,14,adjacent,400,30,16,91,REV,E7,E6,E1,E2,16.453000,71.342000,OK
8,14,adjacent,400,30,16,92,FWD,E6,E7,E2,E3,230.828000,75.970000,OK
8,14,adjacent,400,30,16,93,REV,E7,E6,E2,E3,-453.469000,68.389000,OK
8,14,adjacent,400,30,16,94,FWD,E6,E7,E3,E4,-63.508000,77.487000,OK
8,14,adjacent,400,30,16,95,REV,E7,E6,E3,E4,-74.688000,69.187000,OK
8,14,adjacent,400,30,16,96,FWD,E6,E7,E4,E5,-132.461000,79.721000,OK
8,14,adjacent,400,30,16,97,REV,E7,E6,E4,E5,-132.492000,70.863000,OK
8,14,adjacent,400,30,16,98,FWD,E6,E7,E8,E9,35.742000,80.679000,OK
8,14,adjacent,400,30,16,99,REV,E7,E6,E8,E9,45.992000,71.581000,OK
8,14,adjacent,400,30,16,100,FWD,E6,E7,E9,E10,-1.141000,81.317000,OK
8,14,adjacent,400,30,16,101,REV,E7,E6,E9,E10,-1.094000,72.778000,OK
8,14,adjacent,400,30,16,102,FWD,E6,E7,E10,E11,33.141000,82.195000,OK
8,14,adjacent,400,30,16,103,REV,E7,E6,E10,E11,-123.219000,73.736000,OK
8,14,adjacent,400,30,16,104,FWD,E6,E7,E11,E12,31.828000,82.594000,OK
8,14,adjacent,400,30,16,105,REV,E7,E6,E11,E12,-133.937000,74.055000,OK
8,14,adjacent,400,30,16,106,FWD,E6,E7,E12,E1,-56.414000,82.674000,OK
8,14,adjacent,400,30,16,107,REV,E7,E6,E12,E1,-56.422000,75.970000,OK
8,14,adjacent,400,30,16,108,FWD,E7,E8,E1,E2,18.141000,14.524000,OK
8,14,adjacent,400,30,16,109,REV,E8,E7,E1,E2,18.391000,47.880000,OK
8,14,adjacent,400,30,16,110,FWD,E7,E8,E2,E3,-346.453000,40.220000,OK
8,14,adjacent,400,30,16,111,REV,E8,E7,E2,E3,102.391000,44.768000,OK
8,14,adjacent,400,30,16,112,FWD,E7,E8,E3,E4,135.227000,43.731000,OK
8,14,adjacent,400,30,16,113,REV,E8,E7,E3,E4,-494.844000,44.289000,OK
8,14,adjacent,400,30,16,114,FWD,E7,E8,E4,E5,-128.273000,44.688000,OK
8,14,adjacent,400,30,16,115,REV,E8,E7,E4,E5,-128.234000,44.688000,OK
8,14,adjacent,400,30,16,116,FWD,E7,E8,E5,E6,-103.555000,45.806000,OK
8,14,adjacent,400,30,16,117,REV,E8,E7,E5,E6,-103.469000,45.486000,OK
8,14,adjacent,400,30,16,118,FWD,E7,E8,E9,E10,-0.672000,45.646000,OK
8,14,adjacent,400,30,16,119,REV,E8,E7,E9,E10,0.680000,45.247000,OK
8,14,adjacent,400,30,16,120,FWD,E7,E8,E10,E11,-93.406000,46.125000,OK
8,14,adjacent,400,30,16,121,REV,E8,E7,E10,E11,-10.398000,46.205000,OK
8,14,adjacent,400,30,16,122,FWD,E7,E8,E11,E12,-96.391000,46.444000,OK
8,14,adjacent,400,30,16,123,REV,E8,E7,E11,E12,-9.078000,46.444000,OK
8,14,adjacent,400,30,16,124,FWD,E7,E8,E12,E1,-58.914000,46.604000,OK
8,14,adjacent,400,30,16,125,REV,E8,E7,E12,E1,-58.875000,47.003000,OK
8,14,adjacent,400,30,16,126,FWD,E8,E9,E1,E2,20.320000,17.875000,OK
8,14,adjacent,400,30,16,127,REV,E9,E8,E1,E2,20.656000,56.180000,OK
8,14,adjacent,400,30,16,128,FWD,E8,E9,E2,E3,65.102000,44.928000,OK
8,14,adjacent,400,30,16,129,REV,E9,E8,E2,E3,63.984000,51.791000,OK
8,14,adjacent,400,30,16,130,FWD,E8,E9,E3,E4,-448.750000,48.439000,OK
8,14,adjacent,400,30,16,131,REV,E9,E8,E3,E4,229.328000,52.190000,OK
8,14,adjacent,400,30,16,132,FWD,E8,E9,E4,E5,-126.305000,48.918000,OK
8,14,adjacent,400,30,16,133,REV,E9,E8,E4,E5,-126.406000,52.669000,OK
8,14,adjacent,400,30,16,134,FWD,E8,E9,E5,E6,-98.734000,50.913000,OK
8,14,adjacent,400,30,16,135,REV,E9,E8,E5,E6,-98.859000,52.988000,OK
8,14,adjacent,400,30,16,136,FWD,E8,E9,E6,E7,-6.625000,51.232000,OK
8,14,adjacent,400,30,16,137,REV,E9,E8,E6,E7,-2.180000,53.307000,OK
8,14,adjacent,400,30,16,138,FWD,E8,E9,E10,E11,-37.383000,51.232000,OK
8,14,adjacent,400,30,16,139,REV,E9,E8,E10,E11,-10.469000,53.786000,OK
8,14,adjacent,400,30,16,140,FWD,E8,E9,E11,E12,-46.773000,51.551000,OK
8,14,adjacent,400,30,16,141,REV,E9,E8,E11,E12,-22.922000,54.185000,OK
8,14,adjacent,400,30,16,142,FWD,E8,E9,E12,E1,-60.453000,51.950000,OK
8,14,adjacent,400,30,16,143,REV,E9,E8,E12,E1,-60.242000,54.424000,OK
8,14,adjacent,400,30,16,144,FWD,E9,E10,E1,E2,22.344000,51.312000,OK
8,14,adjacent,400,30,16,145,REV,E10,E9,E1,E2,22.656000,94.165000,OK
8,14,adjacent,400,30,16,146,FWD,E9,E10,E2,E3,31.461000,83.631000,OK
8,14,adjacent,400,30,16,147,REV,E10,E9,E2,E3,31.812000,91.292000,OK
8,14,adjacent,400,30,16,148,FWD,E9,E10,E3,E4,57.883000,86.265000,OK
8,14,adjacent,400,30,16,149,REV,E10,E9,E3,E4,53.648000,92.968000,OK
8,14,adjacent,400,30,16,150,FWD,E9,E10,E4,E5,-125.359000,88.180000,OK
8,14,adjacent,400,30,16,151,REV,E10,E9,E4,E5,-125.586000,93.606000,OK
8,14,adjacent,400,30,16,152,FWD,E9,E10,E5,E6,-96.523000,88.419000,OK
8,14,adjacent,400,30,16,153,REV,E10,E9,E5,E6,-96.719000,95.362000,OK
8,14,adjacent,400,30,16,154,FWD,E9,E10,E6,E7,-8.547000,89.537000,OK
8,14,adjacent,400,30,16,155,REV,E10,E9,E6,E7,-8.555000,95.362000,OK
8,14,adjacent,400,30,16,156,FWD,E9,E10,E7,E8,63.977000,89.936000,OK
8,14,adjacent,400,30,16,157,REV,E10,E9,E7,E8,64.000000,96.559000,OK
8,14,adjacent,400,30,16,158,FWD,E9,E10,E11,E12,-20.555000,90.813000,OK
8,14,adjacent,400,30,16,159,REV,E10,E9,E11,E12,-18.695000,97.038000,OK
8,14,adjacent,400,30,16,160,FWD,E9,E10,E12,E1,-60.539000,90.973000,OK
8,14,adjacent,400,30,16,161,REV,E10,E9,E12,E1,-60.109000,96.958000,OK
8,14,adjacent,400,30,16,162,FWD,E10,E11,E1,E2,24.305000,61.686000,OK
8,14,adjacent,400,30,16,163,REV,E11,E10,E1,E2,24.914000,127.202000,OK
8,14,adjacent,400,30,16,164,FWD,E10,E11,E2,E3,26.055000,120.020000,OK
8,14,adjacent,400,30,16,165,REV,E11,E10,E2,E3,27.195000,124.409000,OK
8,14,adjacent,400,30,16,166,FWD,E10,E11,E3,E4,5.508000,122.574000,OK
8,14,adjacent,400,30,16,167,REV,E11,E10,E3,E4,6.555000,126.165000,OK
8,14,adjacent,400,30,16,168,FWD,E10,E11,E4,E5,-124.898000,123.452000,OK
8,14,adjacent,400,30,16,169,REV,E11,E10,E4,E5,-125.836000,126.883000,OK
8,14,adjacent,400,30,16,170,FWD,E10,E11,E5,E6,-94.836000,123.452000,OK
8,14,adjacent,400,30,16,171,REV,E11,E10,E5,E6,-95.563000,127.761000,OK
8,14,adjacent,400,30,16,172,FWD,E10,E11,E6,E7,-11.133000,125.048000,OK
8,14,adjacent,400,30,16,173,REV,E11,E10,E6,E7,-10.859000,128.160000,OK
8,14,adjacent,400,30,16,174,FWD,E10,E11,E7,E8,40.781000,124.888000,OK
8,14,adjacent,400,30,16,175,REV,E11,E10,E7,E8,41.211000,128.001000,OK
8,14,adjacent,400,30,16,176,FWD,E10,E11,E8,E9,-76.430000,126.404000,OK
8,14,adjacent,400,30,16,177,REV,E11,E10,E8,E9,-0.664000,128.320000,OK
8,14,adjacent,400,30,16,178,FWD,E10,E11,E12,E1,-59.344000,125.606000,OK
8,14,adjacent,400,30,16,179,REV,E11,E10,E12,E1,-54.648000,129.118000,OK
8,14,adjacent,400,30,16,180,FWD,E11,E12,E1,E2,26.023000,73.417000,OK
8,14,adjacent,400,30,16,181,REV,E12,E11,E1,E2,26.937000,163.911000,OK
8,14,adjacent,400,30,16,182,FWD,E11,E12,E2,E3,22.703000,150.265000,OK
8,14,adjacent,400,30,16,183,REV,E12,E11,E2,E3,23.812000,154.574000,OK
8,14,adjacent,400,30,16,184,FWD,E11,E12,E3,E4,-9.227000,154.335000,OK
8,14,adjacent,400,30,16,185,REV,E12,E11,E3,E4,-8.484000,155.372000,OK
8,14,adjacent,400,30,16,186,FWD,E11,E12,E4,E5,-124.766000,155.691000,OK
8,14,adjacent,400,30,16,187,REV,E12,E11,E4,E5,-126.086000,155.612000,OK
8,14,adjacent,400,30,16,188,FWD,E11,E12,E5,E6,-93.758000,156.968000,OK
8,14,adjacent,400,30,16,189,REV,E12,E11,E5,E6,-94.508000,156.170000,OK
8,14,adjacent,400,30,16,190,FWD,E11,E12,E6,E7,-12.500000,158.085000,OK
8,14,adjacent,400,30,16,191,REV,E12,E11,E6,E7,-12.320000,156.968000,OK
8,14,adjacent,400,30,16,192,FWD,E11,E12,E7,E8,32.969000,158.724000,OK
8,14,adjacent,400,30,16,193,REV,E12,E11,E7,E8,32.867000,157.846000,OK
8,14,adjacent,400,30,16,194,FWD,E11,E12,E8,E9,31.203000,159.203000,OK
8,14,adjacent,400,30,16,195,REV,E12,E11,E8,E9,31.539000,159.203000,OK
8,14,adjacent,400,30,16,196,FWD,E11,E12,E9,E10,-14.789000,159.282000,OK
8,14,adjacent,400,30,16,197,REV,E12,E11,E9,E10,-2.953000,158.883000,OK
8,14,adjacent,400,30,16,198,FWD,E12,E1,E2,E3,20.711000,55.382000,OK
8,14,adjacent,400,30,16,199,REV,E1,E12,E2,E3,22.250000,139.731000,OK
8,14,adjacent,400,30,16,200,FWD,E12,E1,E3,E4,-16.031000,129.118000,OK
8,14,adjacent,400,30,16,201,REV,E1,E12,E3,E4,-15.375000,132.948000,OK
8,14,adjacent,400,30,16,202,FWD,E12,E1,E4,E5,61.984000,132.150000,OK
8,14,adjacent,400,30,16,203,REV,E1,E12,E4,E5,-441.719000,133.347000,OK
8,14,adjacent,400,30,16,204,FWD,E12,E1,E5,E6,-92.938000,134.624000,OK
8,14,adjacent,400,30,16,205,REV,E1,E12,E5,E6,-94.391000,134.065000,OK
8,14,adjacent,400,30,16,206,FWD,E12,E1,E6,E7,-13.320000,135.262000,OK
8,14,adjacent,400,30,16,207,REV,E1,E12,E6,E7,-13.188000,134.943000,OK
8,14,adjacent,400,30,16,208,FWD,E12,E1,E7,E8,27.859000,136.220000,OK
8,14,adjacent,400,30,16,209,REV,E1,E12,E7,E8,27.758000,135.582000,OK
8,14,adjacent,400,30,16,210,FWD,E12,E1,E8,E9,33.305000,136.459000,OK
8,14,adjacent,400,30,16,211,REV,E1,E12,E8,E9,33.633000,136.699000,OK
8,14,adjacent,400,30,16,212,FWD,E12,E1,E9,E10,0.930000,137.178000,OK
8,14,adjacent,400,30,16,213,REV,E1,E12,E9,E10,1.117000,137.257000,OK
8,14,adjacent,400,30,16,214,FWD,E12,E1,E10,E11,-59.359000,137.577000,OK
8,14,adjacent,400,30,16,215,REV,E1,E12,E10,E11,-46.398000,137.098000,OK
9,15,adjacent,400,30,16,0,FWD,E1,E2,E3,E4,-21.039000,36.070000,OK
9,15,adjacent,400,30,16,1,REV,E2,E1,E3,E4,-19.641000,111.083000,OK
9,15,adjacent,400,30,16,2,FWD,E1,E2,E4,E5,-428.812000,95.921000,OK
9,15,adjacent,400,30,16,3,REV,E2,E1,E4,E5,-16.875000,100.709000,OK
9,15,adjacent,400,30,16,4,FWD,E1,E2,E5,E6,97.398000,99.751000,OK
9,15,adjacent,400,30,16,5,REV,E2,E1,E5,E6,-517.812000,99.671000,OK
9,15,adjacent,400,30,16,6,FWD,E1,E2,E6,E7,-14.016000,101.028000,OK
9,15,adjacent,400,30,16,7,REV,E2,E1,E6,E7,-13.922000,100.070000,OK
9,15,adjacent,400,30,16,8,FWD,E1,E2,E7,E8,24.023000,102.225000,OK
9,15,adjacent,400,30,16,9,REV,E2,E1,E7,E8,23.852000,100.788000,OK
9,15,adjacent,400,30,16,10,FWD,E1,E2,E8,E9,33.703000,101.826000,OK
9,15,adjacent,400,30,16,11,REV,E2,E1,E8,E9,33.961000,101.267000,OK
9,15,adjacent,400,30,16,12,FWD,E1,E2,E9,E10,-0.008000,102.943000,OK
9,15,adjacent,400,30,16,13,REV,E2,E1,E9,E10,0.109000,101.906000,OK
9,15,adjacent,400,30,16,14,FWD,E1,E2,E10,E11,-43.805000,102.783000,OK
9,15,adjacent,400,30,16,15,REV,E2,E1,E10,E11,-50.969000,101.427000,OK
9,15,adjacent,400,30,16,16,FWD,E1,E2,E11,E12,-46.727000,103.422000,OK
9,15,adjacent,400,30,16,17,REV,E2,E1,E11,E12,-52.664000,102.225000,OK
9,15,adjacent,400,30,16,18,FWD,E2,E3,E4,E5,-21.312000,17.716000,OK
9,15,adjacent,400,30,16,19,REV,E3,E2,E4,E5,-33.945000,73.098000,OK
9,15,adjacent,400,30,16,20,FWD,E2,E3,E5,E6,-426.656000,62.803000,OK
9,15,adjacent,400,30,16,21,REV,E3,E2,E5,E6,16.812000,66.554000,OK
9,15,adjacent,400,30,16,22,FWD,E2,E3,E6,E7,-14.555000,65.915000,OK
9,15,adjacent,400,30,16,23,REV,E3,E2,E6,E7,-14.477000,65.836000,OK
9,15,adjacent,400,30,16,24,FWD,E2,E3,E7,E8,20.930000,66.953000,OK
9,15,adjacent,400,30,16,25,REV,E3,E2,E7,E8,20.781000,66.235000,OK
9,15,adjacent,400,30,16,26,FWD,E2,E3,E8,E9,34.039000,67.751000,OK
9,15,adjacent,400,30,16,27,REV,E3,E2,E8,E9,34.227000,66.634000,OK
9,15,adjacent,400,30,16,28,FWD,E2,E3,E9,E10,-0.375000,67.591000,OK
9,15,adjacent,400,30,16,29,REV,E3,E2,E9,E10,-0.336000,67.033000,OK
9,15,adjacent,400,30,16,30,FWD,E2,E3,E10,E11,-43.070000,68.150000,OK
9,15,adjacent,400,30,16,31,REV,E3,E2,E10,E11,-51.164000,68.549000,OK
9,15,adjacent,400,30,16,32,FWD,E2,E3,E11,E12,-46.281000,69.028000,OK
9,15,adjacent,400,30,16,33,REV,E3,E2,E11,E12,-51.008000,67.192000,OK
9,15,adjacent,400,30,16,34,FWD,E2,E3,E12,E1,-39.320000,69.427000,OK
9,15,adjacent,400,30,16,35,REV,E3,E2,E12,E1,-39.367000,68.070000,OK
9,15,adjacent,400,30,16,36,FWD,E3,E4,E1,E2,64.375000,12.768000,OK
9,15,adjacent,400,30,16,37,REV,E4,E3,E1,E2,48.414000,56.260000,OK
9,15,adjacent,400,30,16,38,FWD,E3,E4,E5,E6,-31.266000,46.923000,OK
9,15,adjacent,400,30,16,39,REV,E4,E3,E5,E6,-18.789000,52.190000,OK
9,15,adjacent,400,30,16,40,FWD,E3,E4,E6,E7,-15.133000,50.514000,OK
9,15,adjacent,400,30,16,41,REV,E4,E3,E6,E7,-14.984000,51.791000,OK
9,15,adjacent,400,30,16,42,FWD,E3,E4,E7,E8,18.133000,51.631000,OK
9,15,adjacent,400,30,16,43,REV,E4,E3,E7,E8,18.102000,52.828000,OK
9,15,adjacent,400,30,16,44,FWD,E3,E4,E8,E9,34.367000,52.349000,OK
9,15,adjacent,400,30,16,45,REV,E4,E3,E8,E9,34.461000,52.908000,OK
9,15,adjacent,400,30,16,46,FWD,E3,E4,E9,E10,-0.695000,53.307000,OK
9,15,adjacent,400,30,16,47,REV,E4,E3,E9,E10,-0.648000,52.988000,OK
9,15,adjacent,400,30,16,48,FWD,E3,E4,E10,E11,-36.711000,53.945000,OK
9,15,adjacent,400,30,16,49,REV,E4,E3,E10,E11,-44.758000,53.546000,OK
9,15,adjacent,400,30,16,50,FWD,E3,E4,E11,E12,-41.484000,54.504000,OK
9,15,adjacent,400,30,16,51,REV,E4,E3,E11,E12,-47.383000,53.467000,OK
9,15,adjacent,400,30,16,52,FWD,E3,E4,E12,E1,-46.438000,54.823000,OK
9,15,adjacent,400,30,16,53,REV,E4,E3,E12,E1,-46.523000,53.866000,OK
9,15,adjacent,400,30,16,54,FWD,E4,E5,E1,E2,15.680000,22.424000,OK
9,15,adjacent,400,30,16,55,REV,E5,E4,E1,E2,15.750000,72.938000,OK
9,15,adjacent,400,30,16,56,FWD,E4,E5,E2,E3,-6.633000,59.611000,OK
9,15,adjacent,400,30,16,57,REV,E5,E4,E2,E3,-6.984000,68.788000,OK
9,15,adjacent,400,30,16,58,FWD,E4,E5,E6,E7,-15.703000,63.841000,OK
9,15,adjacent,400,30,16,59,REV,E5,E4,E6,E7,-15.313000,68.868000,OK
9,15,adjacent,400,30,16,60,FWD,E4,E5,E7,E8,15.852000,64.000000,OK
9,15,adjacent,400,30,16,61,REV,E5,E4,E7,E8,15.945000,67.831000,OK
9,15,adjacent,400,30,16,62,FWD,E4,E5,E8,E9,34.641000,65.995000,OK
9,15,adjacent,400,30,16,63,REV,E5,E4,E8,E9,34.719000,68.709000,OK
9,15,adjacent,400,30,16,64,FWD,E4,E5,E9,E10,-0.898000,65.836000,OK
9,15,adjacent,400,30,16,65,REV,E5,E4,E9,E10,-0.836000,68.948000,OK
9,15,adjacent,400,30,16,66,FWD,E4,E5,E10,E11,-41.414000,66.953000,OK
9,15,adjacent,400,30,16,67,REV,E5,E4,E10,E11,-37.875000,69.586000,OK
9,15,adjacent,400,30,16,68,FWD,E4,E5,E11,E12,-43.398000,67.192000,OK
9,15,adjacent,400,30,16,69,REV,E5,E4,E11,E12,-36.203000,69.108000,OK
9,15,adjacent,400,30,16,70,FWD,E4,E5,E12,E1,-50.797000,66.634000,OK
9,15,adjacent,400,30,16,71,REV,E5,E4,E12,E1,-50.805000,69.985000,OK
9,15,adjacent,400,30,16,72,FWD,E5,E6,E1,E2,14.734000,49.237000,OK
9,15,adjacent,400,30,16,73,REV,E6,E5,E1,E2,15.055000,104.539000,OK
9,15,adjacent,400,30,16,74,FWD,E5,E6,E2,E3,-0.484000,93.527000,OK
9,15,adjacent,400,30,16,75,REV,E6,E5,E2,E3,-3.719000,99.512000,OK
9,15,adjacent,400,30,16,76,FWD,E5,E6,E3,E4,-70.516000,96.320000,OK
9,15,adjacent,400,30,16,77,REV,E6,E5,E3,E4,-71.328000,99.272000,OK
9,15,adjacent,400,30,16,78,FWD,E5,E6,E7,E8,14.336000,98.075000,OK
9,15,adjacent,400,30,16,79,REV,E6,E5,E7,E8,16.477000,99.432000,OK
9,15,adjacent,400,30,16,80,FWD,E5,E6,E8,E9,34.867000,98.554000,OK
9,15,adjacent,400,30,16,81,REV,E6,E5,E8,E9,35.125000,100.629000,OK
9,15,adjacent,400,30,16,82,FWD,E5,E6,E9,E10,-1.117000,98.714000,OK
9,15,adjacent,400,30,16,83,REV,E6,E5,E9,E10,-0.992000,101.028000,OK
9,15,adjacent,400,30,16,84,FWD,E5,E6,E10,E11,-43.469000,98.554000,OK
9,15,adjacent,400,30,16,85,REV,E6,E5,E10,E11,-41.680000,102.544000,OK
9,15,adjacent,400,30,16,86,FWD,E5,E6,E11,E12,-46.500000,98.953000,OK
9,15,adjacent,400,30,16,87,REV,E6,E5,E11,E12,-42.047000,101.267000,OK
9,15,adjacent,400,30,16,88,FWD,E5,E6,E12,E1,-54.125000,99.591000,OK
9,15,adjacent,400,30,16,89,REV,E6,E5,E12,E1,-54.047000,102.863000,OK
9,15,adjacent,400,30,16,90,FWD,E6,E7,E1,E2,16.328000,41.177000,OK
9,15,adjacent,400,30,16,91,REV,E7,E6,E1,E2,16.500000,71.023000,OK
9,15,adjacent,400,30,16,92,FWD,E6,E7,E2,E3,231.281000,75.811000,OK
9,15,adjacent,400,30,16,93,REV,E7,E6,E2,E3,-452.906000,68.709000,OK
9,15,adjacent,400,30,16,94,FWD,E6,E7,E3,E4,-63.555000,78.205000,OK
9,15,adjacent,400,30,16,95,REV,E7,E6,E3,E4,-74.820000,69.586000,OK
9,15,adjacent,400,30,16,96,FWD,E6,E7,E4,E5,-133.430000,79.083000,OK
9,15,adjacent,400,30,16,97,REV,E7,E6,E4,E5,-133.484000,70.704000,OK
9,15,adjacent,400,30,16,98,FWD,E6,E7,E8,E9,35.820000,80.280000,OK
9,15,adjacent,400,30,16,99,REV,E7,E6,E8,E9,46.125000,71.980000,OK
9,15,adjacent,400,30,16,100,FWD,E6,E7,E9,E10,-1.102000,81.078000,OK
9,15,adjacent,400,30,16,101,REV,E7,E6,E9,E10,-1.086000,73.018000,OK
9,15,adjacent,400,30,16,102,FWD,E6,E7,E10,E11,33.352000,82.674000,OK
9,15,adjacent,400,30,16,103,REV,E7,E6,E10,E11,-122.391000,73.497000,OK
9,15,adjacent,400,30,16,104,FWD,E6,E7,E11,E12,33.023000,82.753000,OK
9,15,adjacent,400,30,16,105,REV,E7,E6,E11,E12,-132.937000,73.576000,OK
9,15,adjacent,400,30,16,106,FWD,E6,E7,E12,E1,-56.750000,83.152000,OK
9,15,adjacent,400,30,16,107,REV,E7,E6,E12,E1,-56.719000,74.215000,OK
9,15,adjacent,400,30,16,108,FWD,E7,E8,E1,E2,18.195000,14.683000,OK
9,15,adjacent,400,30,16,109,REV,E8,E7,E1,E2,18.523000,47.481000,OK
9,15,adjacent,400,30,16,110,FWD,E7,E8,E2,E3,-346.531000,40.140000,OK
9,15,adjacent,400,30,16,111,REV,E8,E7,E2,E3,102.492000,44.768000,OK
9,15,adjacent,400,30,16,112,FWD,E7,E8,E3,E4,135.047000,43.013000,OK
9,15,adjacent,400,30,16,113,REV,E8,E7,E3,E4,-495.344000,45.247000,OK
9,15,adjacent,400,30,16,114,FWD,E7,E8,E4,E5,-129.133000,43.491000,OK
9,15,adjacent,400,30,16,115,REV,E8,E7,E4,E5,-129.023000,45.247000,OK
9,15,adjacent,400,30,16,116,FWD,E7,E8,E5,E6,-103.930000,45.087000,OK
9,15,adjacent,400,30,16,117,REV,E8,E7,E5,E6,-103.789000,46.045000,OK
9,15,adjacent,400,30,16,118,FWD,E7,E8,E9,E10,-0.625000,45.806000,OK
9,15,adjacent,400,30,16,119,REV,E8,E7,E9,E10,0.773000,46.444000,OK
9,15,adjacent,400,30,16,120,FWD,E7,E8,E10,E11,-92.531000,46.604000,OK
9,15,adjacent,400,30,16,121,REV,E8,E7,E10,E11,-10.961000,46.205000,OK
9,15,adjacent,400,30,16,122,FWD,E7,E8,E11,E12,-95.406000,46.444000,OK
9,15,adjacent,400,30,16,123,REV,E8,E7,E11,E12,-8.414000,46.205000,OK
9,15,adjacent,400,30,16,124,FWD,E7,E8,E12,E1,-59.219000,46.364000,OK
9,15,adjacent,400,30,16,125,REV,E8,E7,E12,E1,-59.172000,47.242000,OK
9,15,adjacent,400,30,16,126,FWD,E8,E9,E1,E2,20.484000,17.077000,OK
9,15,adjacent,400,30,16,127,REV,E9,E8,E1,E2,20.773000,56.659000,OK
9,15,adjacent,400,30,16,128,FWD,E8,E9,E2,E3,65.125000,45.087000,OK
9,15,adjacent,400,30,16,129,REV,E9,E8,E2,E3,63.992000,52.509000,OK
9,15,adjacent,400,30,16,130,FWD,E8,E9,E3,E4,-448.906000,47.880000,OK
9,15,adjacent,400,30,16,131,REV,E9,E8,E3,E4,229.203000,52.429000,OK
9,15,adjacent,400,30,16,132,FWD,E8,E9,E4,E5,-127.039000,49.796000,OK
9,15,adjacent,400,30,16,133,REV,E9,E8,E4,E5,-127.156000,51.950000,OK
9,15,adjacent,400,30,16,134,FWD,E8,E9,E5,E6,-99.172000,50.833000,OK
9,15,adjacent,400,30,16,135,REV,E9,E8,E5,E6,-99.180000,53.307000,OK
9,15,adjacent,400,30,16,136,FWD,E8,E9,E6,E7,-7.062000,51.152000,OK
9,15,adjacent,400,30,16,137,REV,E9,E8,E6,E7,-2.609000,53.546000,OK
9,15,adjacent,400,30,16,138,FWD,E8,E9,E10,E11,-33.281000,51.152000,OK
9,15,adjacent,400,30,16,139,REV,E9,E8,E10,E11,-10.977000,54.823000,OK
9,15,adjacent,400,30,16,140,FWD,E8,E9,E11,E12,-48.664000,51.791000,OK
9,15,adjacent,400,30,16,141,REV,E9,E8,E11,E12,-22.719000,53.068000,OK
9,15,adjacent,400,30,16,142,FWD,E8,E9,E12,E1,-60.727000,52.589000,OK
9,15,adjacent,400,30,16,143,REV,E9,E8,E12,E1,-60.508000,53.945000,OK
9,15,adjacent,400,30,16,144,FWD,E9,E10,E1,E2,22.469000,51.711000,OK
9,15,adjacent,400,30,16,145,REV,E10,E9,E1,E2,22.836000,93.128000,OK
9,15,adjacent,400,30,16,146,FWD,E9,E10,E2,E3,31.562000,83.551000,OK
9,15,adjacent,400,30,16,147,REV,E10,E9,E2,E3,31.891000,91.931000,OK
9,15,adjacent,400,30,16,148,FWD,E9,E10,E3,E4,57.367000,86.105000,OK
9,15,adjacent,400,30,16,149,REV,E10,E9,E3,E4,53.086000,92.808000,OK
9,15,adjacent,400,30,16,150,FWD,E9,E10,E4,E5,-126.055000,87.142000,OK
9,15,adjacent,400,30,16,151,REV,E10,E9,E4,E5,-126.313000,94.325000,OK
9,15,adjacent,400,30,16,152,FWD,E9,E10,E5,E6,-96.727000,89.217000,OK
9,15,adjacent,400,30,16,153,REV,E10,E9,E5,E6,-96.977000,94.963000,OK
9,15,adjacent,400,30,16,154,FWD,E9,E10,E6,E7,-8.969000,89.696000,OK
9,15,adjacent,400,30,16,155,REV,E10,E9,E6,E7,-8.930000,95.761000,OK
9,15,adjacent,400,30,16,156,FWD,E9,E10,E7,E8,63.891000,90.893000,OK
9,15,adjacent,400,30,16,157,REV,E10,E9,E7,E8,63.875000,96.080000,OK
9,15,adjacent,400,30,16,158,FWD,E9,E10,E11,E12,-21.031000,90.973000,OK
9,15,adjacent,400,30,16,159,REV,E10,E9,E11,E12,-18.727000,96.479000,OK
9,15,adjacent,400,30,16,160,FWD,E9,E10,E12,E1,-60.797000,91.292000,OK
9,15,adjacent,400,30,16,161,REV,E10,E9,E12,E1,-60.359000,97.676000,OK
9,15,adjacent,400,30,16,162,FWD,E10,E11,E1,E2,24.437000,61.127000,OK
9,15,adjacent,400,30,16,163,REV,E11,E10,E1,E2,25.086000,127.921000,OK
9,15,adjacent,400,30,16,164,FWD,E10,E11,E2,E3,26.086000,119.063000,OK
9,15,adjacent,400,30,16,165,REV,E11,E10,E2,E3,27.328000,125.128000,OK
9,15,adjacent,400,30,16,166,FWD,E10,E11,E3,E4,4.734000,122.654000,OK
9,15,adjacent,400,30,16,167,REV,E11,E10,E3,E4,5.766000,126.644000,OK
9,15,adjacent,400,30,16,168,FWD,E10,E11,E4,E5,-125.594000,123.292000,OK
9,15,adjacent,400,30,16,169,REV,E11,E10,E4,E5,-126.547000,126.564000,OK
9,15,adjacent,400,30,16,170,FWD,E10,E11,E5,E6,-95.203000,124.888000,OK
9,15,adjacent,400,30,16,171,REV,E11,E10,E5,E6,-95.922000,127.442000,OK
9,15,adjacent,400,30,16,172,FWD,E10,E11,E6,E7,-11.500000,124.649000,OK
9,15,adjacent,400,30,16,173,REV,E11,E10,E6,E7,-11.234000,128.001000,OK
9,15,adjacent,400,30,16,174,FWD,E10,E11,E7,E8,40.422000,125.766000,OK
9,15,adjacent,400,30,16,175,REV,E11,E10,E7,E8,40.820000,129.038000,OK
9,15,adjacent,400,30,16,176,FWD,E10,E11,E8,E9,-75.633000,125.367000,OK
9,15,adjacent,400,30,16,177,REV,E11,E10,E8,E9,0.242000,128.878000,OK
9,15,adjacent,400,30,16,178,FWD,E10,E11,E12,E1,-59.602000,125.766000,OK
9,15,adjacent,400,30,16,179,REV,E11,E10,E12,E1,-54.891000,129.676000,OK
9,15,adjacent,400,30,16,180,FWD,E11,E12,E1,E2,26.109000,73.656000,OK
9,15,adjacent,400,30,16,181,REV,E12,E11,E1,E2,27.023000,164.150000,OK
9,15,adjacent,400,30,16,182,FWD,E11,E12,E2,E3,22.789000,150.903000,OK
9,15,adjacent,400,30,16,183,REV,E12,E11,E2,E3,23.828000,154.654000,OK
9,15,adjacent,400,30,16,184,FWD,E11,E12,E3,E4,-10.258000,154.973000,OK
9,15,adjacent,400,30,16,185,REV,E12,E11,E3,E4,-9.609000,154.973000,OK
9,15,adjacent,400,30,16,186,FWD,E11,E12,E4,E5,-125.445000,155.931000,OK
9,15,adjacent,400,30,16,187,REV,E12,E11,E4,E5,-126.758000,155.133000,OK
9,15,adjacent,400,30,16,188,FWD,E11,E12,E5,E6,-94.148000,157.287000,OK
9,15,adjacent,400,30,16,189,REV,E12,E11,E5,E6,-94.898000,156.729000,OK
9,15,adjacent,400,30,16,190,FWD,E11,E12,E6,E7,-12.891000,158.484000,OK
9,15,adjacent,400,30,16,191,REV,E12,E11,E6,E7,-12.742000,156.968000,OK
9,15,adjacent,400,30,16,192,FWD,E11,E12,E7,E8,32.383000,158.644000,OK
9,15,adjacent,400,30,16,193,REV,E12,E11,E7,E8,32.281000,158.325000,OK
9,15,adjacent,400,30,16,194,FWD,E11,E12,E8,E9,32.164000,159.522000,OK
9,15,adjacent,400,30,16,195,REV,E12,E11,E8,E9,32.477000,158.245000,OK
9,15,adjacent,400,30,16,196,FWD,E11,E12,E9,E10,-14.758000,159.043000,OK
9,15,adjacent,400,30,16,197,REV,E12,E11,E9,E10,-2.938000,159.203000,OK
9,15,adjacent,400,30,16,198,FWD,E12,E1,E2,E3,20.789000,55.781000,OK
9,15,adjacent,400,30,16,199,REV,E1,E12,E2,E3,22.383000,139.572000,OK
9,15,adjacent,400,30,16,200,FWD,E12,E1,E3,E4,-17.336000,128.719000,OK
9,15,adjacent,400,30,16,201,REV,E1,E12,E3,E4,-16.648000,132.868000,OK
9,15,adjacent,400,30,16,202,FWD,E12,E1,E4,E5,61.633000,131.991000,OK
9,15,adjacent,400,30,16,203,REV,E1,E12,E4,E5,-442.250000,133.906000,OK
9,15,adjacent,400,30,16,204,FWD,E12,E1,E5,E6,-93.359000,134.464000,OK
9,15,adjacent,400,30,16,205,REV,E1,E12,E5,E6,-94.813000,134.704000,OK
9,15,adjacent,400,30,16,206,FWD,E12,E1,E6,E7,-13.758000,134.863000,OK
9,15,adjacent,400,30,16,207,REV,E1,E12,E6,E7,-13.633000,134.943000,OK
9,15,adjacent,400,30,16,208,FWD,E12,E1,E7,E8,27.109000,136.539000,OK
9,15,adjacent,400,30,16,209,REV,E1,E12,E7,E8,26.984000,135.661000,OK
9,15,adjacent,400,30,16,210,FWD,E12,E1,E8,E9,34.383000,136.539000,OK
9,15,adjacent,400,30,16,211,REV,E1,E12,E8,E9,34.773000,136.619000,OK
9,15,adjacent,400,30,16,212,FWD,E12,E1,E9,E10,0.891000,137.976000,OK
9,15,adjacent,400,30,16,213,REV,E1,E12,E9,E10,1.078000,137.178000,OK
9,15,adjacent,400,30,16,214,FWD,E12,E1,E10,E11,-59.234000,138.135000,OK
9,15,adjacent,400,30,16,215,REV,E1,E12,E10,E11,-47.047000,137.577000,OK
