frame_index,frame_id,pattern,dac_code,settle_ms,sample_count,record_index,polarity,i_plus,i_minus,v_plus,v_minus,voltage_mv,current_ua,quality
0,6,adjacent,620,30,16,0,FWD,E1,E2,E3,E4,-4.242000,179.472000,OK
0,6,adjacent,620,30,16,1,REV,E2,E1,E3,E4,0.180000,231.502000,OK
0,6,adjacent,620,30,16,2,FWD,E1,E2,E4,E5,7.023000,222.884000,OK
0,6,adjacent,620,30,16,3,REV,E2,E1,E4,E5,9.641000,230.146000,OK
0,6,adjacent,620,30,16,4,FWD,E1,E2,E5,E6,-5.602000,221.048000,OK
0,6,adjacent,620,30,16,5,REV,E2,E1,E5,E6,-4.531000,230.784000,OK
0,6,adjacent,620,30,16,6,FWD,E1,E2,E6,E7,6.734000,221.527000,OK
0,6,adjacent,620,30,16,7,REV,E2,E1,E6,E7,7.914000,232.141000,OK
0,6,adjacent,620,30,16,8,FWD,E1,E2,E7,E8,-21.414000,221.288000,OK
0,6,adjacent,620,30,16,9,REV,E2,E1,E7,E8,-20.687000,226.634000,OK
0,6,adjacent,620,30,16,10,FWD,E1,E2,E8,E9,7.555000,229.188000,OK
0,6,adjacent,620,30,16,11,REV,E2,E1,E8,E9,8.352000,231.502000,OK
0,6,adjacent,620,30,16,12,FWD,E1,E2,E9,E10,-2.867000,223.921000,OK
0,6,adjacent,620,30,16,13,REV,E2,E1,E9,E10,-1.187000,233.417000,OK
0,6,adjacent,620,30,16,14,FWD,E1,E2,E10,E11,5.656000,223.283000,OK
0,6,adjacent,620,30,16,15,REV,E2,E1,E10,E11,7.992000,235.093000,OK
0,6,adjacent,620,30,16,16,FWD,E1,E2,E11,E12,-13.352000,223.203000,OK
0,6,adjacent,620,30,16,17,REV,E2,E1,E11,E12,-8.867000,228.629000,OK
0,6,adjacent,620,30,16,18,FWD,E2,E3,E4,E5,5.336000,180.430000,OK
0,6,adjacent,620,30,16,19,REV,E3,E2,E4,E5,11.758000,243.552000,OK
0,6,adjacent,620,30,16,20,FWD,E2,E3,E5,E6,-6.008000,224.400000,OK
0,6,adjacent,620,30,16,21,REV,E3,E2,E5,E6,-4.031000,235.652000,OK
0,6,adjacent,620,30,16,22,FWD,E2,E3,E6,E7,6.492000,231.263000,OK
0,6,adjacent,620,30,16,23,REV,E3,E2,E6,E7,8.195000,235.253000,OK
0,6,adjacent,620,30,16,24,FWD,E2,E3,E7,E8,-21.383000,227.193000,OK
0,6,adjacent,620,30,16,25,REV,E3,E2,E7,E8,-20.523000,242.914000,OK
0,6,adjacent,620,30,16,26,FWD,E2,E3,E8,E9,7.562000,231.582000,OK
0,6,adjacent,620,30,16,27,REV,E3,E2,E8,E9,8.172000,237.248000,OK
0,6,adjacent,620,30,16,28,FWD,E2,E3,E9,E10,-2.461000,234.934000,OK
0,6,adjacent,620,30,16,29,REV,E3,E2,E9,E10,-1.406000,236.131000,OK
0,6,adjacent,620,30,16,30,FWD,E2,E3,E10,E11,5.273000,229.268000,OK
0,6,adjacent,620,30,16,31,REV,E3,E2,E10,E11,6.437000,244.191000,OK
0,6,adjacent,620,30,16,32,FWD,E2,E3,E11,E12,-12.625000,235.013000,OK
0,6,adjacent,620,30,16,33,REV,E3,E2,E11,E12,-10.445000,237.886000,OK
0,6,adjacent,620,30,16,34,FWD,E2,E3,E12,E1,-11.992000,236.609000,OK
0,6,adjacent,620,30,16,35,REV,E3,E2,E12,E1,-7.484000,236.530000,OK
0,6,adjacent,620,30,16,36,FWD,E3,E4,E1,E2,99.664000,227.113000,OK
0,6,adjacent,620,30,16,37,REV,E4,E3,E1,E2,78.117000,276.989000,OK
0,6,adjacent,620,30,16,38,FWD,E3,E4,E5,E6,-12.461000,277.707000,OK
0,6,adjacent,620,30,16,39,REV,E4,E3,E5,E6,3.070000,278.106000,OK
0,6,adjacent,620,30,16,40,FWD,E3,E4,E6,E7,5.422000,274.994000,OK
0,6,adjacent,620,30,16,41,REV,E4,E3,E6,E7,9.336000,279.143000,OK
0,6,adjacent,620,30,16,42,FWD,E3,E4,E7,E8,-21.742000,275.871000,OK
0,6,adjacent,620,30,16,43,REV,E4,E3,E7,E8,-20.203000,280.260000,OK
0,6,adjacent,620,30,16,44,FWD,E3,E4,E8,E9,7.398000,267.812000,OK
0,6,adjacent,620,30,16,45,REV,E4,E3,E8,E9,8.297000,289.996000,OK
0,6,adjacent,620,30,16,46,FWD,E3,E4,E9,E10,-2.352000,274.036000,OK
0,6,adjacent,620,30,16,47,REV,E4,E3,E9,E10,-1.242000,282.974000,OK
0,6,adjacent,620,30,16,48,FWD,E3,E4,E10,E11,4.742000,277.148000,OK
0,6,adjacent,620,30,16,49,REV,E4,E3,E10,E11,5.773000,282.575000,OK
0,6,adjacent,620,30,16,50,FWD,E3,E4,E11,E12,-12.414000,278.186000,OK
0,6,adjacent,620,30,16,51,REV,E4,E3,E11,E12,-10.867000,275.951000,OK
0,6,adjacent,620,30,16,52,FWD,E3,E4,E12,E1,-11.313000,288.241000,OK
0,6,adjacent,620,30,16,53,REV,E4,E3,E12,E1,-8.891000,280.340000,OK
0,6,adjacent,620,30,16,54,FWD,E4,E5,E1,E2,43.750000,201.258000,OK
0,6,adjacent,620,30,16,55,REV,E5,E4,E1,E2,46.063000,242.195000,OK
0,6,adjacent,620,30,16,56,FWD,E4,E5,E2,E3,-9.219000,237.727000,OK
0,6,adjacent,620,30,16,57,REV,E5,E4,E2,E3,-6.797000,236.929000,OK
0,6,adjacent,620,30,16,58,FWD,E4,E5,E6,E7,2.773000,234.455000,OK
0,6,adjacent,620,30,16,59,REV,E5,E4,E6,E7,12.070000,244.111000,OK
0,6,adjacent,620,30,16,60,FWD,E4,E5,E7,E8,-22.422000,241.158000,OK
0,6,adjacent,620,30,16,61,REV,E5,E4,E7,E8,-19.539000,238.365000,OK
0,6,adjacent,620,30,16,62,FWD,E4,E5,E8,E9,7.000000,243.073000,OK
0,6,adjacent,620,30,16,63,REV,E5,E4,E8,E9,8.414000,237.407000,OK
0,6,adjacent,620,30,16,64,FWD,E4,E5,E9,E10,-2.398000,243.712000,OK
0,6,adjacent,620,30,16,65,REV,E5,E4,E9,E10,-1.172000,237.168000,OK
0,6,adjacent,620,30,16,66,FWD,E4,E5,E10,E11,4.266000,237.727000,OK
0,6,adjacent,620,30,16,67,REV,E5,E4,E10,E11,5.156000,246.265000,OK
0,6,adjacent,620,30,16,68,FWD,E4,E5,E11,E12,-11.820000,241.717000,OK
0,6,adjacent,620,30,16,69,REV,E5,E4,E11,E12,-10.594000,239.642000,OK
0,6,adjacent,620,30,16,70,FWD,E4,E5,E12,E1,-10.898000,243.791000,OK
0,6,adjacent,620,30,16,71,REV,E5,E4,E12,E1,-9.305000,238.764000,OK
0,6,adjacent,620,30,16,72,FWD,E5,E6,E1,E2,42.055000,205.327000,OK
0,6,adjacent,620,30,16,73,REV,E6,E5,E1,E2,43.242000,265.896000,OK
0,6,adjacent,620,30,16,74,FWD,E5,E6,E2,E3,-20.414000,253.607000,OK
0,6,adjacent,620,30,16,75,REV,E6,E5,E2,E3,-18.156000,262.624000,OK
0,6,adjacent,620,30,16,76,FWD,E5,E6,E3,E4,-1.016000,249.936000,OK
0,6,adjacent,620,30,16,77,REV,E6,E5,E3,E4,9.672000,263.502000,OK
0,6,adjacent,620,30,16,78,FWD,E5,E6,E7,E8,-24.055000,251.452000,OK
0,6,adjacent,620,30,16,79,REV,E6,E5,E7,E8,-17.680000,257.038000,OK
0,6,adjacent,620,30,16,80,FWD,E5,E6,E8,E9,6.523000,259.672000,OK
0,6,adjacent,620,30,16,81,REV,E6,E5,E8,E9,8.828000,260.949000,OK
0,6,adjacent,620,30,16,82,FWD,E5,E6,E9,E10,-2.547000,253.767000,OK
0,6,adjacent,620,30,16,83,REV,E6,E5,E9,E10,-1.000000,263.183000,OK
0,6,adjacent,620,30,16,84,FWD,E5,E6,E10,E11,3.977000,252.570000,OK
0,6,adjacent,620,30,16,85,REV,E6,E5,E10,E11,4.859000,257.278000,OK
0,6,adjacent,620,30,16,86,FWD,E5,E6,E11,E12,-11.586000,261.188000,OK
0,6,adjacent,620,30,16,87,REV,E6,E5,E11,E12,-10.586000,261.587000,OK
0,6,adjacent,620,30,16,88,FWD,E5,E6,E12,E1,-10.414000,254.964000,OK
0,6,adjacent,620,30,16,89,REV,E6,E5,E12,E1,-9.555000,263.103000,OK
0,6,adjacent,620,30,16,90,FWD,E6,E7,E1,E2,41.125000,235.891000,OK
0,6,adjacent,620,30,16,91,REV,E7,E6,E1,E2,42.477000,281.617000,OK
0,6,adjacent,620,30,16,92,FWD,E6,E7,E2,E3,-19.937000,266.056000,OK
0,6,adjacent,620,30,16,93,REV,E7,E6,E2,E3,-17.930000,283.931000,OK
0,6,adjacent,620,30,16,94,FWD,E6,E7,E3,E4,-2.711000,273.717000,OK
0,6,adjacent,620,30,16,95,REV,E7,E6,E3,E4,1.086000,277.148000,OK
0,6,adjacent,620,30,16,96,FWD,E6,E7,E4,E5,15.320000,276.350000,OK
0,6,adjacent,620,30,16,97,REV,E7,E6,E4,E5,24.594000,276.031000,OK
0,6,adjacent,620,30,16,98,FWD,E6,E7,E8,E9,2.992000,278.026000,OK
0,6,adjacent,620,30,16,99,REV,E7,E6,E8,E9,11.945000,274.515000,OK
0,6,adjacent,620,30,16,100,FWD,E6,E7,E9,E10,-4.148000,272.679000,OK
0,6,adjacent,620,30,16,101,REV,E7,E6,E9,E10,0.578000,284.410000,OK
0,6,adjacent,620,30,16,102,FWD,E6,E7,E10,E11,3.094000,276.430000,OK
0,6,adjacent,620,30,16,103,REV,E7,E6,E10,E11,5.180000,277.068000,OK
0,6,adjacent,620,30,16,104,FWD,E6,E7,E11,E12,-11.930000,279.303000,OK
0,6,adjacent,620,30,16,105,REV,E7,E6,E11,E12,-10.008000,275.951000,OK
0,6,adjacent,620,30,16,106,FWD,E6,E7,E12,E1,-10.656000,280.979000,OK
0,6,adjacent,620,30,16,107,REV,E7,E6,E12,E1,-9.180000,273.956000,OK
0,6,adjacent,620,30,16,108,FWD,E7,E8,E1,E2,40.742000,229.826000,OK
0,6,adjacent,620,30,16,109,REV,E8,E7,E1,E2,41.734000,296.300000,OK
0,6,adjacent,620,30,16,110,FWD,E7,E8,E2,E3,-18.883000,275.792000,OK
0,6,adjacent,620,30,16,111,REV,E8,E7,E2,E3,-17.875000,283.053000,OK
0,6,adjacent,620,30,16,112,FWD,E7,E8,E3,E4,-2.016000,280.819000,OK
0,6,adjacent,620,30,16,113,REV,E8,E7,E3,E4,-0.492000,280.819000,OK
0,6,adjacent,620,30,16,114,FWD,E7,E8,E4,E5,8.891000,282.734000,OK
0,6,adjacent,620,30,16,115,REV,E8,E7,E4,E5,12.031000,271.243000,OK
0,6,adjacent,620,30,16,116,FWD,E7,E8,E5,E6,-9.422000,294.226000,OK
0,6,adjacent,620,30,16,117,REV,E8,E7,E5,E6,-2.648000,277.148000,OK
0,6,adjacent,620,30,16,118,FWD,E7,E8,E9,E10,-6.180000,287.363000,OK
0,6,adjacent,620,30,16,119,REV,E8,E7,E9,E10,2.531000,279.303000,OK
0,6,adjacent,620,30,16,120,FWD,E7,E8,E10,E11,1.883000,285.607000,OK
0,6,adjacent,620,30,16,121,REV,E8,E7,E10,E11,5.102000,279.622000,OK
0,6,adjacent,620,30,16,122,FWD,E7,E8,E11,E12,-11.570000,286.006000,OK
0,6,adjacent,620,30,16,123,REV,E8,E7,E11,E12,-9.180000,271.004000,OK
0,6,adjacent,620,30,16,124,FWD,E7,E8,E12,E1,-10.859000,296.061000,OK
0,6,adjacent,620,30,16,125,REV,E8,E7,E12,E1,-9.773000,276.191000,OK
0,6,adjacent,620,30,16,126,FWD,E8,E9,E1,E2,40.414000,254.166000,OK
0,6,adjacent,620,30,16,127,REV,E9,E8,E1,E2,41.313000,322.794000,OK
0,6,adjacent,620,30,16,128,FWD,E8,E9,E2,E3,-18.445000,296.859000,OK
0,6,adjacent,620,30,16,129,REV,E9,E8,E2,E3,-17.609000,313.777000,OK
0,6,adjacent,620,30,16,130,FWD,E8,E9,E3,E4,-1.867000,301.727000,OK
0,6,adjacent,620,30,16,131,REV,E9,E8,E3,E4,-0.922000,305.478000,OK
0,6,adjacent,620,30,16,132,FWD,E8,E9,E4,E5,8.211000,313.378000,OK
0,6,adjacent,620,30,16,133,REV,E9,E8,E4,E5,9.977000,308.749000,OK
0,6,adjacent,620,30,16,134,FWD,E8,E9,E5,E6,-7.344000,306.754000,OK
0,6,adjacent,620,30,16,135,REV,E9,E8,E5,E6,-4.570000,311.064000,OK
0,6,adjacent,620,30,16,136,FWD,E8,E9,E6,E7,5.977000,306.276000,OK
0,6,adjacent,620,30,16,137,REV,E9,E8,E6,E7,15.164000,303.722000,OK
0,6,adjacent,620,30,16,138,FWD,E8,E9,E10,E11,-5.867000,315.692000,OK
0,6,adjacent,620,30,16,139,REV,E9,E8,E10,E11,12.641000,309.468000,OK
0,6,adjacent,620,30,16,140,FWD,E8,E9,E11,E12,-11.945000,308.031000,OK
0,6,adjacent,620,30,16,141,REV,E9,E8,E11,E12,-7.523000,311.782000,OK
0,6,adjacent,620,30,16,142,FWD,E8,E9,E12,E1,-11.023000,307.393000,OK
0,6,adjacent,620,30,16,143,REV,E9,E8,E12,E1,-9.328000,312.101000,OK
0,6,adjacent,620,30,16,144,FWD,E9,E10,E1,E2,39.883000,218.814000,OK
0,6,adjacent,620,30,16,145,REV,E10,E9,E1,E2,41.695000,275.153000,OK
0,6,adjacent,620,30,16,146,FWD,E9,E10,E2,E3,-18.672000,257.597000,OK
0,6,adjacent,620,30,16,147,REV,E10,E9,E2,E3,-17.469000,263.183000,OK
0,6,adjacent,620,30,16,148,FWD,E9,E10,E3,E4,-1.961000,263.662000,OK
0,6,adjacent,620,30,16,149,REV,E10,E9,E3,E4,-0.937000,261.188000,OK
0,6,adjacent,620,30,16,150,FWD,E9,E10,E4,E5,7.828000,266.136000,OK
0,6,adjacent,620,30,16,151,REV,E10,E9,E4,E5,9.188000,252.091000,OK
0,6,adjacent,620,30,16,152,FWD,E9,E10,E5,E6,-6.375000,276.191000,OK
0,6,adjacent,620,30,16,153,REV,E10,E9,E5,E6,-4.719000,256.879000,OK
0,6,adjacent,620,30,16,154,FWD,E9,E10,E6,E7,5.156000,270.206000,OK
0,6,adjacent,620,30,16,155,REV,E10,E9,E6,E7,9.656000,259.911000,OK
0,6,adjacent,620,30,16,156,FWD,E9,E10,E7,E8,-25.539000,269.408000,OK
0,6,adjacent,620,30,16,157,REV,E10,E9,E7,E8,-17.148000,259.831000,OK
0,6,adjacent,620,30,16,158,FWD,E9,E10,E11,E12,-31.898000,262.066000,OK
0,6,adjacent,620,30,16,159,REV,E10,E9,E11,E12,11.906000,268.929000,OK
0,6,adjacent,620,30,16,160,FWD,E9,E10,E12,E1,-12.320000,266.854000,OK
0,6,adjacent,620,30,16,161,REV,E10,E9,E12,E1,-8.070000,262.385000,OK
0,6,adjacent,620,30,16,162,FWD,E10,E11,E1,E2,39.359000,169.497000,OK
0,6,adjacent,620,30,16,163,REV,E11,E10,E1,E2,41.398000,224.559000,OK
0,6,adjacent,620,30,16,164,FWD,E10,E11,E2,E3,-18.078000,205.248000,OK
0,6,adjacent,620,30,16,165,REV,E11,E10,E2,E3,-16.992000,212.988000,OK
0,6,adjacent,620,30,16,166,FWD,E10,E11,E3,E4,-2.031000,218.175000,OK
0,6,adjacent,620,30,16,167,REV,E11,E10,E3,E4,-1.250000,216.739000,OK
0,6,adjacent,620,30,16,168,FWD,E10,E11,E4,E5,7.852000,213.707000,OK
0,6,adjacent,620,30,16,169,REV,E11,E10,E4,E5,8.727000,219.293000,OK
0,6,adjacent,620,30,16,170,FWD,E10,E11,E5,E6,-5.664000,214.106000,OK
0,6,adjacent,620,30,16,171,REV,E11,E10,E5,E6,-4.898000,220.410000,OK
0,6,adjacent,620,30,16,172,FWD,E10,E11,E6,E7,6.422000,213.547000,OK
0,6,adjacent,620,30,16,173,REV,E11,E10,E6,E7,8.070000,214.106000,OK
0,6,adjacent,620,30,16,174,FWD,E10,E11,E7,E8,-22.609000,221.208000,OK
0,6,adjacent,620,30,16,175,REV,E11,E10,E7,E8,-20.086000,219.851000,OK
0,6,adjacent,620,30,16,176,FWD,E10,E11,E8,E9,1.789000,215.622000,OK
0,6,adjacent,620,30,16,177,REV,E11,E10,E8,E9,13.414000,220.490000,OK
0,6,adjacent,620,30,16,178,FWD,E10,E11,E12,E1,-21.937000,215.622000,OK
0,6,adjacent,620,30,16,179,REV,E11,E10,E12,E1,1.937000,221.367000,OK
0,6,adjacent,620,30,16,180,FWD,E11,E12,E1,E2,38.148000,158.165000,OK
0,6,adjacent,620,30,16,181,REV,E12,E11,E1,E2,41.805000,185.936000,OK
0,6,adjacent,620,30,16,182,FWD,E11,E12,E2,E3,-18.141000,186.096000,OK
0,6,adjacent,620,30,16,183,REV,E12,E11,E2,E3,-16.484000,178.435000,OK
0,6,adjacent,620,30,16,184,FWD,E11,E12,E3,E4,-2.195000,190.325000,OK
0,6,adjacent,620,30,16,185,REV,E12,E11,E3,E4,-1.203000,176.998000,OK
0,6,adjacent,620,30,16,186,FWD,E11,E12,E4,E5,7.641000,185.537000,OK
0,6,adjacent,620,30,16,187,REV,E12,E11,E4,E5,8.539000,183.462000,OK
0,6,adjacent,620,30,16,188,FWD,E11,E12,E5,E6,-5.453000,190.086000,OK
0,6,adjacent,620,30,16,189,REV,E12,E11,E5,E6,-4.781000,178.594000,OK
0,6,adjacent,620,30,16,190,FWD,E11,E12,E6,E7,6.531000,190.804000,OK
0,6,adjacent,620,30,16,191,REV,E12,E11,E6,E7,7.766000,177.317000,OK
0,6,adjacent,620,30,16,192,FWD,E11,E12,E7,E8,-21.961000,191.203000,OK
0,6,adjacent,620,30,16,193,REV,E12,E11,E7,E8,-20.516000,170.534000,OK
0,6,adjacent,620,30,16,194,FWD,E11,E12,E8,E9,6.047000,198.145000,OK
0,6,adjacent,620,30,16,195,REV,E12,E11,E8,E9,8.523000,174.205000,OK
0,6,adjacent,620,30,16,196,FWD,E11,E12,E9,E10,-14.164000,193.038000,OK
0,6,adjacent,620,30,16,197,REV,E12,E11,E9,E10,13.141000,175.642000,OK
0,6,adjacent,620,30,16,198,FWD,E12,E1,E2,E3,-18.820000,167.901000,OK
0,6,adjacent,620,30,16,199,REV,E1,E12,E2,E3,-15.023000,221.846000,OK
0,6,adjacent,620,30,16,200,FWD,E12,E1,E3,E4,-2.594000,196.150000,OK
0,6,adjacent,620,30,16,201,REV,E1,E12,E3,E4,-0.805000,221.208000,OK
0,6,adjacent,620,30,16,202,FWD,E12,E1,E4,E5,7.359000,204.290000,OK
0,6,adjacent,620,30,16,203,REV,E1,E12,E4,E5,8.680000,216.500000,OK
0,6,adjacent,620,30,16,204,FWD,E12,E1,E5,E6,-5.336000,208.360000,OK
0,6,adjacent,620,30,16,205,REV,E1,E12,E5,E6,-4.609000,216.340000,OK
0,6,adjacent,620,30,16,206,FWD,E12,E1,E6,E7,6.727000,207.402000,OK
0,6,adjacent,620,30,16,207,REV,E1,E12,E6,E7,7.742000,209.796000,OK
0,6,adjacent,620,30,16,208,FWD,E12,E1,E7,E8,-21.547000,216.500000,OK
0,6,adjacent,620,30,16,209,REV,E1,E12,E7,E8,-20.547000,213.467000,OK
0,6,adjacent,620,30,16,210,FWD,E12,E1,E8,E9,6.914000,211.712000,OK
0,6,adjacent,620,30,16,211,REV,E1,E12,E8,E9,7.969000,214.824000,OK
0,6,adjacent,620,30,16,212,FWD,E12,E1,E9,E10,-3.031000,212.430000,OK
0,6,adjacent,620,30,16,213,REV,E1,E12,E9,E10,0.492000,215.303000,OK
0,6,adjacent,620,30,16,214,FWD,E12,E1,E10,E11,-3.492000,205.487000,OK
0,6,adjacent,620,30,16,215,REV,E1,E12,E10,E11,17.312000,222.006000,OK
1,7,adjacent,620,30,16,0,FWD,E1,E2,E3,E4,-3.867000,179.312000,OK
1,7,adjacent,620,30,16,1,REV,E2,E1,E3,E4,0.609000,237.088000,OK
1,7,adjacent,620,30,16,2,FWD,E1,E2,E4,E5,6.687000,214.744000,OK
1,7,adjacent,620,30,16,3,REV,E2,E1,E4,E5,9.305000,232.061000,OK
1,7,adjacent,620,30,16,4,FWD,E1,E2,E5,E6,-5.422000,212.430000,OK
1,7,adjacent,620,30,16,5,REV,E2,E1,E5,E6,-4.328000,241.158000,OK
1,7,adjacent,620,30,16,6,FWD,E1,E2,E6,E7,6.680000,216.899000,OK
1,7,adjacent,620,30,16,7,REV,E2,E1,E6,E7,7.859000,234.215000,OK
1,7,adjacent,620,30,16,8,FWD,E1,E2,E7,E8,-21.352000,220.170000,OK
1,7,adjacent,620,30,16,9,REV,E2,E1,E7,E8,-20.578000,233.657000,OK
1,7,adjacent,620,30,16,10,FWD,E1,E2,E8,E9,7.016000,214.584000,OK
1,7,adjacent,620,30,16,11,REV,E2,E1,E8,E9,7.750000,241.717000,OK
1,7,adjacent,620,30,16,12,FWD,E1,E2,E9,E10,-2.305000,219.133000,OK
1,7,adjacent,620,30,16,13,REV,E2,E1,E9,E10,-0.672000,235.333000,OK
1,7,adjacent,620,30,16,14,FWD,E1,E2,E10,E11,4.805000,220.889000,OK
1,7,adjacent,620,30,16,15,REV,E2,E1,E10,E11,7.219000,234.694000,OK
1,7,adjacent,620,30,16,16,FWD,E1,E2,E11,E12,-12.141000,215.143000,OK
1,7,adjacent,620,30,16,17,REV,E2,E1,E11,E12,-7.695000,243.951000,OK
1,7,adjacent,620,30,16,18,FWD,E2,E3,E4,E5,4.922000,184.978000,OK
1,7,adjacent,620,30,16,19,REV,E3,E2,E4,E5,11.398000,239.083000,OK
1,7,adjacent,620,30,16,20,FWD,E2,E3,E5,E6,-5.820000,225.038000,OK
1,7,adjacent,620,30,16,21,REV,E3,E2,E5,E6,-3.883000,232.939000,OK
1,7,adjacent,620,30,16,22,FWD,E2,E3,E6,E7,6.531000,221.607000,OK
1,7,adjacent,620,30,16,23,REV,E3,E2,E6,E7,8.195000,240.599000,OK
1,7,adjacent,620,30,16,24,FWD,E2,E3,E7,E8,-21.344000,228.151000,OK
1,7,adjacent,620,30,16,25,REV,E3,E2,E7,E8,-20.469000,235.093000,OK
1,7,adjacent,620,30,16,26,FWD,E2,E3,E8,E9,7.109000,232.460000,OK
1,7,adjacent,620,30,16,27,REV,E3,E2,E8,E9,7.695000,226.235000,OK
1,7,adjacent,620,30,16,28,FWD,E2,E3,E9,E10,-2.203000,244.270000,OK
1,7,adjacent,620,30,16,29,REV,E3,E2,E9,E10,-1.156000,230.864000,OK
1,7,adjacent,620,30,16,30,FWD,E2,E3,E10,E11,4.687000,237.407000,OK
1,7,adjacent,620,30,16,31,REV,E3,E2,E10,E11,5.883000,232.380000,OK
1,7,adjacent,620,30,16,32,FWD,E2,E3,E11,E12,-11.797000,235.891000,OK
1,7,adjacent,620,30,16,33,REV,E3,E2,E11,E12,-9.742000,227.113000,OK
1,7,adjacent,620,30,16,34,FWD,E2,E3,E12,E1,-14.297000,245.707000,OK
1,7,adjacent,620,30,16,35,REV,E3,E2,E12,E1,-9.703000,230.545000,OK
1,7,adjacent,620,30,16,36,FWD,E3,E4,E1,E2,109.898000,226.156000,OK
1,7,adjacent,620,30,16,37,REV,E4,E3,E1,E2,90.578000,284.809000,OK
1,7,adjacent,620,30,16,38,FWD,E3,E4,E5,E6,-12.227000,258.475000,OK
1,7,adjacent,620,30,16,39,REV,E4,E3,E5,E6,2.984000,289.039000,OK
1,7,adjacent,620,30,16,40,FWD,E3,E4,E6,E7,5.484000,269.009000,OK
1,7,adjacent,620,30,16,41,REV,E4,E3,E6,E7,9.406000,282.575000,OK
1,7,adjacent,620,30,16,42,FWD,E3,E4,E7,E8,-21.633000,272.600000,OK
1,7,adjacent,620,30,16,43,REV,E4,E3,E7,E8,-20.094000,281.936000,OK
1,7,adjacent,620,30,16,44,FWD,E3,E4,E8,E9,6.969000,267.014000,OK
1,7,adjacent,620,30,16,45,REV,E4,E3,E8,E9,7.922000,290.076000,OK
1,7,adjacent,620,30,16,46,FWD,E3,E4,E9,E10,-2.367000,272.679000,OK
1,7,adjacent,620,30,16,47,REV,E4,E3,E9,E10,-1.250000,284.091000,OK
1,7,adjacent,620,30,16,48,FWD,E3,E4,E10,E11,4.461000,274.674000,OK
1,7,adjacent,620,30,16,49,REV,E4,E3,E10,E11,5.437000,284.011000,OK
1,7,adjacent,620,30,16,50,FWD,E3,E4,E11,E12,-11.672000,267.173000,OK
1,7,adjacent,620,30,16,51,REV,E4,E3,E11,E12,-10.133000,291.592000,OK
1,7,adjacent,620,30,16,52,FWD,E3,E4,E12,E1,-12.453000,273.398000,OK
1,7,adjacent,620,30,16,53,REV,E4,E3,E12,E1,-10.016000,285.448000,OK
1,7,adjacent,620,30,16,54,FWD,E4,E5,E1,E2,46.711000,200.061000,OK
1,7,adjacent,620,30,16,55,REV,E5,E4,E1,E2,48.711000,235.013000,OK
1,7,adjacent,620,30,16,56,FWD,E4,E5,E2,E3,-18.031000,245.228000,OK
1,7,adjacent,620,30,16,57,REV,E5,E4,E2,E3,-14.109000,233.737000,OK
1,7,adjacent,620,30,16,58,FWD,E4,E5,E6,E7,2.766000,242.993000,OK
1,7,adjacent,620,30,16,59,REV,E5,E4,E6,E7,12.109000,234.934000,OK
1,7,adjacent,620,30,16,60,FWD,E4,E5,E7,E8,-22.516000,242.914000,OK
1,7,adjacent,620,30,16,61,REV,E5,E4,E7,E8,-19.703000,226.874000,OK
1,7,adjacent,620,30,16,62,FWD,E4,E5,E8,E9,6.711000,251.133000,OK
1,7,adjacent,620,30,16,63,REV,E5,E4,E8,E9,8.078000,233.497000,OK
1,7,adjacent,620,30,16,64,FWD,E4,E5,E9,E10,-2.445000,244.270000,OK
1,7,adjacent,620,30,16,65,REV,E5,E4,E9,E10,-1.125000,235.093000,OK
1,7,adjacent,620,30,16,66,FWD,E4,E5,E10,E11,3.789000,244.111000,OK
1,7,adjacent,620,30,16,67,REV,E5,E4,E10,E11,4.742000,227.911000,OK
1,7,adjacent,620,30,16,68,FWD,E4,E5,E11,E12,-11.563000,252.490000,OK
1,7,adjacent,620,30,16,69,REV,E5,E4,E11,E12,-10.352000,234.295000,OK
1,7,adjacent,620,30,16,70,FWD,E4,E5,E12,E1,-11.602000,246.664000,OK
1,7,adjacent,620,30,16,71,REV,E5,E4,E12,E1,-9.906000,235.652000,OK
1,7,adjacent,620,30,16,72,FWD,E5,E6,E1,E2,43.422000,204.130000,OK
1,7,adjacent,620,30,16,73,REV,E6,E5,E1,E2,44.539000,266.455000,OK
1,7,adjacent,620,30,16,74,FWD,E5,E6,E2,E3,-22.172000,253.128000,OK
1,7,adjacent,620,30,16,75,REV,E6,E5,E2,E3,-19.789000,263.742000,OK
1,7,adjacent,620,30,16,76,FWD,E5,E6,E3,E4,2.500000,250.575000,OK
1,7,adjacent,620,30,16,77,REV,E6,E5,E3,E4,12.938000,263.821000,OK
1,7,adjacent,620,30,16,78,FWD,E5,E6,E7,E8,-24.055000,250.974000,OK
1,7,adjacent,620,30,16,79,REV,E6,E5,E7,E8,-17.570000,264.380000,OK
1,7,adjacent,620,30,16,80,FWD,E5,E6,E8,E9,6.484000,243.552000,OK
1,7,adjacent,620,30,16,81,REV,E6,E5,E8,E9,8.688000,272.360000,OK
1,7,adjacent,620,30,16,82,FWD,E5,E6,E9,E10,-2.508000,249.378000,OK
1,7,adjacent,620,30,16,83,REV,E6,E5,E9,E10,-0.922000,266.455000,OK
1,7,adjacent,620,30,16,84,FWD,E5,E6,E10,E11,3.695000,251.452000,OK
1,7,adjacent,620,30,16,85,REV,E6,E5,E10,E11,4.625000,265.497000,OK
1,7,adjacent,620,30,16,86,FWD,E5,E6,E11,E12,-11.523000,243.791000,OK
1,7,adjacent,620,30,16,87,REV,E6,E5,E11,E12,-10.867000,273.797000,OK
1,7,adjacent,620,30,16,88,FWD,E5,E6,E12,E1,-10.852000,249.218000,OK
1,7,adjacent,620,30,16,89,REV,E6,E5,E12,E1,-10.063000,267.652000,OK
1,7,adjacent,620,30,16,90,FWD,E6,E7,E1,E2,42.063000,237.727000,OK
1,7,adjacent,620,30,16,91,REV,E7,E6,E1,E2,43.313000,280.500000,OK
1,7,adjacent,620,30,16,92,FWD,E6,E7,E2,E3,-20.656000,266.455000,OK
1,7,adjacent,620,30,16,93,REV,E7,E6,E2,E3,-18.625000,283.053000,OK
1,7,adjacent,620,30,16,94,FWD,E6,E7,E3,E4,-1.437000,274.834000,OK
1,7,adjacent,620,30,16,95,REV,E7,E6,E3,E4,2.297000,276.111000,OK
1,7,adjacent,620,30,16,96,FWD,E6,E7,E4,E5,10.180000,277.946000,OK
1,7,adjacent,620,30,16,97,REV,E7,E6,E4,E5,19.273000,266.056000,OK
1,7,adjacent,620,30,16,98,FWD,E6,E7,E8,E9,2.836000,287.682000,OK
1,7,adjacent,620,30,16,99,REV,E7,E6,E8,E9,11.836000,270.684000,OK
1,7,adjacent,620,30,16,100,FWD,E6,E7,E9,E10,-4.219000,282.176000,OK
1,7,adjacent,620,30,16,101,REV,E7,E6,E9,E10,0.516000,272.041000,OK
1,7,adjacent,620,30,16,102,FWD,E6,E7,E10,E11,3.195000,273.797000,OK
1,7,adjacent,620,30,16,103,REV,E7,E6,E10,E11,5.219000,281.936000,OK
1,7,adjacent,620,30,16,104,FWD,E6,E7,E11,E12,-12.117000,278.744000,OK
1,7,adjacent,620,30,16,105,REV,E7,E6,E11,E12,-10.125000,276.111000,OK
1,7,adjacent,620,30,16,106,FWD,E6,E7,E12,E1,-11.109000,280.899000,OK
1,7,adjacent,620,30,16,107,REV,E7,E6,E12,E1,-9.648000,275.073000,OK
1,7,adjacent,620,30,16,108,FWD,E7,E8,E1,E2,41.422000,229.427000,OK
1,7,adjacent,620,30,16,109,REV,E8,E7,E1,E2,42.422000,295.901000,OK
1,7,adjacent,620,30,16,110,FWD,E7,E8,E2,E3,-19.375000,274.355000,OK
1,7,adjacent,620,30,16,111,REV,E8,E7,E2,E3,-18.359000,282.335000,OK
1,7,adjacent,620,30,16,112,FWD,E7,E8,E3,E4,-1.250000,280.659000,OK
1,7,adjacent,620,30,16,113,REV,E8,E7,E3,E4,0.211000,272.919000,OK
1,7,adjacent,620,30,16,114,FWD,E7,E8,E4,E5,7.516000,293.188000,OK
1,7,adjacent,620,30,16,115,REV,E8,E7,E4,E5,10.852000,277.068000,OK
1,7,adjacent,620,30,16,116,FWD,E7,E8,E5,E6,-7.719000,286.166000,OK
1,7,adjacent,620,30,16,117,REV,E8,E7,E5,E6,-1.133000,277.866000,OK
1,7,adjacent,620,30,16,118,FWD,E7,E8,E9,E10,-6.172000,285.288000,OK
1,7,adjacent,620,30,16,119,REV,E8,E7,E9,E10,2.266000,269.966000,OK
1,7,adjacent,620,30,16,120,FWD,E7,E8,E10,E11,2.375000,294.944000,OK
1,7,adjacent,620,30,16,121,REV,E8,E7,E10,E11,5.625000,276.430000,OK
1,7,adjacent,620,30,16,122,FWD,E7,E8,E11,E12,-12.148000,287.682000,OK
1,7,adjacent,620,30,16,123,REV,E8,E7,E11,E12,-9.820000,278.505000,OK
1,7,adjacent,620,30,16,124,FWD,E7,E8,E12,E1,-10.898000,276.829000,OK
1,7,adjacent,620,30,16,125,REV,E8,E7,E12,E1,-9.789000,288.161000,OK
1,7,adjacent,620,30,16,126,FWD,E8,E9,E1,E2,40.969000,257.118000,OK
1,7,adjacent,620,30,16,127,REV,E9,E8,E1,E2,41.875000,321.597000,OK
1,7,adjacent,620,30,16,128,FWD,E8,E9,E2,E3,-18.711000,297.896000,OK
1,7,adjacent,620,30,16,129,REV,E9,E8,E2,E3,-17.898000,305.398000,OK
1,7,adjacent,620,30,16,130,FWD,E8,E9,E3,E4,-1.367000,312.500000,OK
1,7,adjacent,620,30,16,131,REV,E9,E8,E3,E4,-0.383000,308.989000,OK
1,7,adjacent,620,30,16,132,FWD,E8,E9,E4,E5,7.945000,306.834000,OK
1,7,adjacent,620,30,16,133,REV,E9,E8,E4,E5,9.742000,310.106000,OK
1,7,adjacent,620,30,16,134,FWD,E8,E9,E5,E6,-6.867000,297.657000,OK
1,7,adjacent,620,30,16,135,REV,E9,E8,E5,E6,-4.195000,320.719000,OK
1,7,adjacent,620,30,16,136,FWD,E8,E9,E6,E7,2.586000,303.403000,OK
1,7,adjacent,620,30,16,137,REV,E9,E8,E6,E7,12.352000,313.777000,OK
1,7,adjacent,620,30,16,138,FWD,E8,E9,E10,E11,-4.875000,304.839000,OK
1,7,adjacent,620,30,16,139,REV,E9,E8,E10,E11,13.516000,312.819000,OK
1,7,adjacent,620,30,16,140,FWD,E8,E9,E11,E12,-13.180000,297.896000,OK
1,7,adjacent,620,30,16,141,REV,E9,E8,E11,E12,-8.789000,322.395000,OK
1,7,adjacent,620,30,16,142,FWD,E8,E9,E12,E1,-10.945000,303.642000,OK
1,7,adjacent,620,30,16,143,REV,E9,E8,E12,E1,-9.281000,315.054000,OK
1,7,adjacent,620,30,16,144,FWD,E9,E10,E1,E2,40.211000,220.091000,OK
1,7,adjacent,620,30,16,145,REV,E10,E9,E1,E2,41.992000,258.555000,OK
1,7,adjacent,620,30,16,146,FWD,E9,E10,E2,E3,-18.570000,270.206000,OK
1,7,adjacent,620,30,16,147,REV,E10,E9,E2,E3,-17.375000,256.081000,OK
1,7,adjacent,620,30,16,148,FWD,E9,E10,E3,E4,-1.648000,267.173000,OK
1,7,adjacent,620,30,16,149,REV,E10,E9,E3,E4,-0.609000,257.757000,OK
1,7,adjacent,620,30,16,150,FWD,E9,E10,E4,E5,8.078000,260.550000,OK
1,7,adjacent,620,30,16,151,REV,E10,E9,E4,E5,9.477000,266.854000,OK
1,7,adjacent,620,30,16,152,FWD,E9,E10,E5,E6,-6.484000,265.737000,OK
1,7,adjacent,620,30,16,153,REV,E10,E9,E5,E6,-4.867000,260.869000,OK
1,7,adjacent,620,30,16,154,FWD,E9,E10,E6,E7,3.961000,266.774000,OK
1,7,adjacent,620,30,16,155,REV,E10,E9,E6,E7,8.422000,252.649000,OK
1,7,adjacent,620,30,16,156,FWD,E9,E10,E7,E8,-25.516000,277.228000,OK
1,7,adjacent,620,30,16,157,REV,E10,E9,E7,E8,-17.078000,256.320000,OK
1,7,adjacent,620,30,16,158,FWD,E9,E10,E11,E12,-31.273000,271.163000,OK
1,7,adjacent,620,30,16,159,REV,E10,E9,E11,E12,11.656000,258.954000,OK
1,7,adjacent,620,30,16,160,FWD,E9,E10,E12,E1,-12.430000,262.305000,OK
1,7,adjacent,620,30,16,161,REV,E10,E9,E12,E1,-8.117000,269.168000,OK
1,7,adjacent,620,30,16,162,FWD,E10,E11,E1,E2,39.914000,169.417000,OK
1,7,adjacent,620,30,16,163,REV,E11,E10,E1,E2,41.930000,224.799000,OK
1,7,adjacent,620,30,16,164,FWD,E10,E11,E2,E3,-18.102000,205.647000,OK
1,7,adjacent,620,30,16,165,REV,E11,E10,E2,E3,-16.984000,212.589000,OK
1,7,adjacent,620,30,16,166,FWD,E10,E11,E3,E4,-1.758000,218.495000,OK
1,7,adjacent,620,30,16,167,REV,E11,E10,E3,E4,-0.961000,216.101000,OK
1,7,adjacent,620,30,16,168,FWD,E10,E11,E4,E5,8.336000,214.026000,OK
1,7,adjacent,620,30,16,169,REV,E11,E10,E4,E5,9.195000,218.654000,OK
1,7,adjacent,620,30,16,170,FWD,E10,E11,E5,E6,-6.008000,207.402000,OK
1,7,adjacent,620,30,16,171,REV,E11,E10,E5,E6,-5.297000,226.235000,OK
1,7,adjacent,620,30,16,172,FWD,E10,E11,E6,E7,5.727000,210.594000,OK
1,7,adjacent,620,30,16,173,REV,E11,E10,E6,E7,7.391000,221.687000,OK
1,7,adjacent,620,30,16,174,FWD,E10,E11,E7,E8,-22.359000,212.669000,OK
1,7,adjacent,620,30,16,175,REV,E11,E10,E7,E8,-19.891000,213.707000,OK
1,7,adjacent,620,30,16,176,FWD,E10,E11,E8,E9,2.258000,221.527000,OK
1,7,adjacent,620,30,16,177,REV,E11,E10,E8,E9,13.945000,219.692000,OK
1,7,adjacent,620,30,16,178,FWD,E10,E11,E12,E1,-21.672000,215.303000,OK
1,7,adjacent,620,30,16,179,REV,E11,E10,E12,E1,2.148000,221.288000,OK
1,7,adjacent,620,30,16,180,FWD,E11,E12,E1,E2,38.633000,157.208000,OK
1,7,adjacent,620,30,16,181,REV,E12,E11,E1,E2,42.266000,184.978000,OK
1,7,adjacent,620,30,16,182,FWD,E11,E12,E2,E3,-18.047000,185.138000,OK
1,7,adjacent,620,30,16,183,REV,E12,E11,E2,E3,-16.391000,177.716000,OK
1,7,adjacent,620,30,16,184,FWD,E11,E12,E3,E4,-2.031000,188.889000,OK
1,7,adjacent,620,30,16,185,REV,E12,E11,E3,E4,-1.055000,170.774000,OK
1,7,adjacent,620,30,16,186,FWD,E11,E12,E4,E5,8.258000,194.794000,OK
1,7,adjacent,620,30,16,187,REV,E12,E11,E4,E5,9.148000,173.886000,OK
1,7,adjacent,620,30,16,188,FWD,E11,E12,E5,E6,-6.000000,190.724000,OK
1,7,adjacent,620,30,16,189,REV,E12,E11,E5,E6,-5.344000,175.562000,OK
1,7,adjacent,620,30,16,190,FWD,E11,E12,E6,E7,6.070000,185.218000,OK
1,7,adjacent,620,30,16,191,REV,E12,E11,E6,E7,7.297000,183.143000,OK
1,7,adjacent,620,30,16,192,FWD,E11,E12,E7,E8,-21.883000,189.447000,OK
1,7,adjacent,620,30,16,193,REV,E12,E11,E7,E8,-20.398000,178.036000,OK
1,7,adjacent,620,30,16,194,FWD,E11,E12,E8,E9,6.422000,189.687000,OK
1,7,adjacent,620,30,16,195,REV,E12,E11,E8,E9,8.828000,170.375000,OK
1,7,adjacent,620,30,16,196,FWD,E11,E12,E9,E10,-14.961000,196.948000,OK
1,7,adjacent,620,30,16,197,REV,E12,E11,E9,E10,12.281000,175.163000,OK
1,7,adjacent,620,30,16,198,FWD,E12,E1,E2,E3,-18.789000,168.460000,OK
1,7,adjacent,620,30,16,199,REV,E1,E12,E2,E3,-14.961000,221.527000,OK
1,7,adjacent,620,30,16,200,FWD,E12,E1,E3,E4,-2.438000,195.033000,OK
1,7,adjacent,620,30,16,201,REV,E1,E12,E3,E4,-0.711000,221.687000,OK
1,7,adjacent,620,30,16,202,FWD,E12,E1,E4,E5,8.109000,201.976000,OK
1,7,adjacent,620,30,16,203,REV,E1,E12,E4,E5,9.422000,216.340000,OK
1,7,adjacent,620,30,16,204,FWD,E12,E1,E5,E6,-5.969000,207.083000,OK
1,7,adjacent,620,30,16,205,REV,E1,E12,E5,E6,-5.273000,209.717000,OK
1,7,adjacent,620,30,16,206,FWD,E12,E1,E6,E7,6.242000,216.101000,OK
1,7,adjacent,620,30,16,207,REV,E1,E12,E6,E7,7.273000,212.829000,OK
1,7,adjacent,620,30,16,208,FWD,E12,E1,E7,E8,-21.508000,211.552000,OK
1,7,adjacent,620,30,16,209,REV,E1,E12,E7,E8,-20.516000,214.026000,OK
1,7,adjacent,620,30,16,210,FWD,E12,E1,E8,E9,7.148000,204.529000,OK
1,7,adjacent,620,30,16,211,REV,E1,E12,E8,E9,8.219000,221.527000,OK
1,7,adjacent,620,30,16,212,FWD,E12,E1,E9,E10,-3.602000,209.397000,OK
1,7,adjacent,620,30,16,213,REV,E1,E12,E9,E10,-0.094000,216.819000,OK
1,7,adjacent,620,30,16,214,FWD,E12,E1,E10,E11,-1.672000,211.712000,OK
1,7,adjacent,620,30,16,215,REV,E1,E12,E10,E11,19.250000,210.754000,OK
2,8,adjacent,620,30,16,0,FWD,E1,E2,E3,E4,-3.742000,176.998000,OK
2,8,adjacent,620,30,16,1,REV,E2,E1,E3,E4,0.727000,236.689000,OK
2,8,adjacent,620,30,16,2,FWD,E1,E2,E4,E5,7.523000,213.148000,OK
2,8,adjacent,620,30,16,3,REV,E2,E1,E4,E5,10.102000,231.023000,OK
2,8,adjacent,620,30,16,4,FWD,E1,E2,E5,E6,-6.070000,209.477000,OK
2,8,adjacent,620,30,16,5,REV,E2,E1,E5,E6,-5.016000,240.200000,OK
2,8,adjacent,620,30,16,6,FWD,E1,E2,E6,E7,6.281000,216.340000,OK
2,8,adjacent,620,30,16,7,REV,E2,E1,E6,E7,7.484000,233.018000,OK
2,8,adjacent,620,30,16,8,FWD,E1,E2,E7,E8,-21.336000,218.973000,OK
2,8,adjacent,620,30,16,9,REV,E2,E1,E7,E8,-20.602000,225.757000,OK
2,8,adjacent,620,30,16,10,FWD,E1,E2,E8,E9,7.219000,226.714000,OK
2,8,adjacent,620,30,16,11,REV,E2,E1,E8,E9,7.969000,229.667000,OK
2,8,adjacent,620,30,16,12,FWD,E1,E2,E9,E10,-2.766000,222.006000,OK
2,8,adjacent,620,30,16,13,REV,E2,E1,E9,E10,-1.117000,231.821000,OK
2,8,adjacent,620,30,16,14,FWD,E1,E2,E10,E11,6.125000,215.063000,OK
2,8,adjacent,620,30,16,15,REV,E2,E1,E10,E11,8.375000,241.876000,OK
2,8,adjacent,620,30,16,16,FWD,E1,E2,E11,E12,-12.664000,219.372000,OK
2,8,adjacent,620,30,16,17,REV,E2,E1,E11,E12,-8.313000,233.816000,OK
2,8,adjacent,620,30,16,18,FWD,E2,E3,E4,E5,5.758000,181.866000,OK
2,8,adjacent,620,30,16,19,REV,E3,E2,E4,E5,12.023000,231.343000,OK
2,8,adjacent,620,30,16,20,FWD,E2,E3,E5,E6,-6.578000,233.577000,OK
2,8,adjacent,620,30,16,21,REV,E3,E2,E5,E6,-4.602000,230.305000,OK
2,8,adjacent,620,30,16,22,FWD,E2,E3,E6,E7,6.141000,231.742000,OK
2,8,adjacent,620,30,16,23,REV,E3,E2,E6,E7,7.805000,232.380000,OK
2,8,adjacent,620,30,16,24,FWD,E2,E3,E7,E8,-21.305000,224.480000,OK
2,8,adjacent,620,30,16,25,REV,E3,E2,E7,E8,-20.469000,239.482000,OK
2,8,adjacent,620,30,16,26,FWD,E2,E3,E8,E9,7.234000,229.507000,OK
2,8,adjacent,620,30,16,27,REV,E3,E2,E8,E9,7.836000,234.295000,OK
2,8,adjacent,620,30,16,28,FWD,E2,E3,E9,E10,-2.508000,232.300000,OK
2,8,adjacent,620,30,16,29,REV,E3,E2,E9,E10,-1.516000,226.076000,OK
2,8,adjacent,620,30,16,30,FWD,E2,E3,E10,E11,5.844000,243.392000,OK
2,8,adjacent,620,30,16,31,REV,E3,E2,E10,E11,7.031000,231.103000,OK
2,8,adjacent,620,30,16,32,FWD,E2,E3,E11,E12,-13.609000,237.487000,OK
2,8,adjacent,620,30,16,33,REV,E3,E2,E11,E12,-11.516000,232.300000,OK
2,8,adjacent,620,30,16,34,FWD,E2,E3,E12,E1,-13.289000,228.390000,OK
2,8,adjacent,620,30,16,35,REV,E3,E2,E12,E1,-8.742000,240.440000,OK
2,8,adjacent,620,30,16,36,FWD,E3,E4,E1,E2,98.766000,228.071000,OK
2,8,adjacent,620,30,16,37,REV,E4,E3,E1,E2,81.141000,282.894000,OK
2,8,adjacent,620,30,16,38,FWD,E3,E4,E5,E6,-12.953000,266.694000,OK
2,8,adjacent,620,30,16,39,REV,E4,E3,E5,E6,2.188000,271.961000,OK
2,8,adjacent,620,30,16,40,FWD,E3,E4,E6,E7,5.086000,282.575000,OK
2,8,adjacent,620,30,16,41,REV,E4,E3,E6,E7,9.008000,276.350000,OK
2,8,adjacent,620,30,16,42,FWD,E3,E4,E7,E8,-21.695000,276.749000,OK
2,8,adjacent,620,30,16,43,REV,E4,E3,E7,E8,-20.187000,278.904000,OK
2,8,adjacent,620,30,16,44,FWD,E3,E4,E8,E9,7.109000,269.009000,OK
2,8,adjacent,620,30,16,45,REV,E4,E3,E8,E9,7.969000,289.597000,OK
2,8,adjacent,620,30,16,46,FWD,E3,E4,E9,E10,-2.484000,273.238000,OK
2,8,adjacent,620,30,16,47,REV,E4,E3,E9,E10,-1.398000,282.415000,OK
2,8,adjacent,620,30,16,48,FWD,E3,E4,E10,E11,5.500000,275.073000,OK
2,8,adjacent,620,30,16,49,REV,E4,E3,E10,E11,6.445000,274.275000,OK
2,8,adjacent,620,30,16,50,FWD,E3,E4,E11,E12,-13.492000,286.166000,OK
2,8,adjacent,620,30,16,51,REV,E4,E3,E11,E12,-11.953000,279.462000,OK
2,8,adjacent,620,30,16,52,FWD,E3,E4,E12,E1,-11.836000,279.782000,OK
2,8,adjacent,620,30,16,53,REV,E4,E3,E12,E1,-9.492000,274.914000,OK
2,8,adjacent,620,30,16,54,FWD,E4,E5,E1,E2,44.414000,197.507000,OK
2,8,adjacent,620,30,16,55,REV,E5,E4,E1,E2,46.711000,242.993000,OK
2,8,adjacent,620,30,16,56,FWD,E4,E5,E2,E3,-4.125000,235.732000,OK
2,8,adjacent,620,30,16,57,REV,E5,E4,E2,E3,-2.664000,236.370000,OK
2,8,adjacent,620,30,16,58,FWD,E4,E5,E6,E7,2.563000,233.417000,OK
2,8,adjacent,620,30,16,59,REV,E5,E4,E6,E7,11.852000,244.111000,OK
2,8,adjacent,620,30,16,60,FWD,E4,E5,E7,E8,-22.336000,240.200000,OK
2,8,adjacent,620,30,16,61,REV,E5,E4,E7,E8,-19.461000,237.806000,OK
2,8,adjacent,620,30,16,62,FWD,E4,E5,E8,E9,6.750000,241.318000,OK
2,8,adjacent,620,30,16,63,REV,E5,E4,E8,E9,8.102000,228.709000,OK
2,8,adjacent,620,30,16,64,FWD,E4,E5,E9,E10,-2.531000,250.255000,OK
2,8,adjacent,620,30,16,65,REV,E5,E4,E9,E10,-1.250000,234.375000,OK
2,8,adjacent,620,30,16,66,FWD,E4,E5,E10,E11,5.094000,244.749000,OK
2,8,adjacent,620,30,16,67,REV,E5,E4,E10,E11,6.000000,228.230000,OK
2,8,adjacent,620,30,16,68,FWD,E4,E5,E11,E12,-13.133000,252.889000,OK
2,8,adjacent,620,30,16,69,REV,E5,E4,E11,E12,-11.977000,233.338000,OK
2,8,adjacent,620,30,16,70,FWD,E4,E5,E12,E1,-11.344000,246.186000,OK
2,8,adjacent,620,30,16,71,REV,E5,E4,E12,E1,-9.664000,227.911000,OK
2,8,adjacent,620,30,16,72,FWD,E5,E6,E1,E2,42.539000,199.342000,OK
2,8,adjacent,620,30,16,73,REV,E6,E5,E1,E2,43.719000,276.669000,OK
2,8,adjacent,620,30,16,74,FWD,E5,E6,E2,E3,-19.617000,243.313000,OK
2,8,adjacent,620,30,16,75,REV,E6,E5,E2,E3,-17.414000,266.136000,OK
2,8,adjacent,620,30,16,76,FWD,E5,E6,E3,E4,4.195000,240.041000,OK
2,8,adjacent,620,30,16,77,REV,E6,E5,E3,E4,13.422000,272.520000,OK
2,8,adjacent,620,30,16,78,FWD,E5,E6,E7,E8,-24.023000,247.303000,OK
2,8,adjacent,620,30,16,79,REV,E6,E5,E7,E8,-17.578000,267.173000,OK
2,8,adjacent,620,30,16,80,FWD,E5,E6,E8,E9,6.422000,249.856000,OK
2,8,adjacent,620,30,16,81,REV,E6,E5,E8,E9,8.648000,259.831000,OK
2,8,adjacent,620,30,16,82,FWD,E5,E6,E9,E10,-2.648000,259.592000,OK
2,8,adjacent,620,30,16,83,REV,E6,E5,E9,E10,-1.039000,262.545000,OK
2,8,adjacent,620,30,16,84,FWD,E5,E6,E10,E11,4.820000,254.166000,OK
2,8,adjacent,620,30,16,85,REV,E6,E5,E10,E11,5.758000,264.540000,OK
2,8,adjacent,620,30,16,86,FWD,E5,E6,E11,E12,-13.000000,245.148000,OK
2,8,adjacent,620,30,16,87,REV,E6,E5,E11,E12,-12.039000,273.078000,OK
2,8,adjacent,620,30,16,88,FWD,E5,E6,E12,E1,-10.508000,250.335000,OK
2,8,adjacent,620,30,16,89,REV,E6,E5,E12,E1,-9.656000,267.173000,OK
2,8,adjacent,620,30,16,90,FWD,E6,E7,E1,E2,41.430000,237.008000,OK
2,8,adjacent,620,30,16,91,REV,E7,E6,E1,E2,42.688000,271.642000,OK
2,8,adjacent,620,30,16,92,FWD,E6,E7,E2,E3,-19.398000,283.213000,OK
2,8,adjacent,620,30,16,93,REV,E7,E6,E2,E3,-17.391000,270.206000,OK
2,8,adjacent,620,30,16,94,FWD,E6,E7,E3,E4,-1.953000,280.181000,OK
2,8,adjacent,620,30,16,95,REV,E7,E6,E3,E4,1.719000,263.582000,OK
2,8,adjacent,620,30,16,96,FWD,E6,E7,E4,E5,10.000000,288.560000,OK
2,8,adjacent,620,30,16,97,REV,E7,E6,E4,E5,19.828000,269.328000,OK
2,8,adjacent,620,30,16,98,FWD,E6,E7,E8,E9,2.922000,282.096000,OK
2,8,adjacent,620,30,16,99,REV,E7,E6,E8,E9,11.852000,271.802000,OK
2,8,adjacent,620,30,16,100,FWD,E6,E7,E9,E10,-4.273000,274.834000,OK
2,8,adjacent,620,30,16,101,REV,E7,E6,E9,E10,0.414000,282.016000,OK
2,8,adjacent,620,30,16,102,FWD,E6,E7,E10,E11,3.891000,278.744000,OK
2,8,adjacent,620,30,16,103,REV,E7,E6,E10,E11,6.016000,275.871000,OK
2,8,adjacent,620,30,16,104,FWD,E6,E7,E11,E12,-13.539000,278.744000,OK
2,8,adjacent,620,30,16,105,REV,E7,E6,E11,E12,-11.742000,264.699000,OK
2,8,adjacent,620,30,16,106,FWD,E6,E7,E12,E1,-10.375000,288.560000,OK
2,8,adjacent,620,30,16,107,REV,E7,E6,E12,E1,-8.930000,270.365000,OK
2,8,adjacent,620,30,16,108,FWD,E7,E8,E1,E2,40.992000,227.911000,OK
2,8,adjacent,620,30,16,109,REV,E8,E7,E1,E2,41.930000,291.433000,OK
2,8,adjacent,620,30,16,110,FWD,E7,E8,E2,E3,-18.508000,267.732000,OK
2,8,adjacent,620,30,16,111,REV,E8,E7,E2,E3,-17.461000,291.034000,OK
2,8,adjacent,620,30,16,112,FWD,E7,E8,E3,E4,-1.430000,277.068000,OK
2,8,adjacent,620,30,16,113,REV,E8,E7,E3,E4,0.070000,282.335000,OK
2,8,adjacent,620,30,16,114,FWD,E7,E8,E4,E5,7.852000,281.138000,OK
2,8,adjacent,620,30,16,115,REV,E8,E7,E4,E5,11.109000,272.121000,OK
2,8,adjacent,620,30,16,116,FWD,E7,E8,E5,E6,-7.812000,293.428000,OK
2,8,adjacent,620,30,16,117,REV,E8,E7,E5,E6,-1.250000,276.909000,OK
2,8,adjacent,620,30,16,118,FWD,E7,E8,E9,E10,-6.383000,287.044000,OK
2,8,adjacent,620,30,16,119,REV,E8,E7,E9,E10,2.141000,270.285000,OK
2,8,adjacent,620,30,16,120,FWD,E7,E8,E10,E11,3.039000,295.103000,OK
2,8,adjacent,620,30,16,121,REV,E8,E7,E10,E11,6.352000,276.989000,OK
2,8,adjacent,620,30,16,122,FWD,E7,E8,E11,E12,-13.414000,288.081000,OK
2,8,adjacent,620,30,16,123,REV,E8,E7,E11,E12,-11.117000,278.744000,OK
2,8,adjacent,620,30,16,124,FWD,E7,E8,E12,E1,-10.141000,277.627000,OK
2,8,adjacent,620,30,16,125,REV,E8,E7,E12,E1,-9.031000,288.560000,OK
2,8,adjacent,620,30,16,126,FWD,E8,E9,E1,E2,40.617000,257.198000,OK
2,8,adjacent,620,30,16,127,REV,E9,E8,E1,E2,41.500000,321.358000,OK
2,8,adjacent,620,30,16,128,FWD,E8,E9,E2,E3,-18.047000,289.358000,OK
2,8,adjacent,620,30,16,129,REV,E9,E8,E2,E3,-17.242000,322.236000,OK
2,8,adjacent,620,30,16,130,FWD,E8,E9,E3,E4,-1.383000,299.891000,OK
2,8,adjacent,620,30,16,131,REV,E9,E8,E3,E4,-0.391000,314.575000,OK
2,8,adjacent,620,30,16,132,FWD,E8,E9,E4,E5,8.281000,295.263000,OK
2,8,adjacent,620,30,16,133,REV,E9,E8,E4,E5,10.086000,321.837000,OK
2,8,adjacent,620,30,16,134,FWD,E8,E9,E5,E6,-7.570000,301.807000,OK
2,8,adjacent,620,30,16,135,REV,E9,E8,E5,E6,-4.867000,314.655000,OK
2,8,adjacent,620,30,16,136,FWD,E8,E9,E6,E7,2.336000,295.662000,OK
2,8,adjacent,620,30,16,137,REV,E9,E8,E6,E7,12.102000,323.193000,OK
2,8,adjacent,620,30,16,138,FWD,E8,E9,E10,E11,-3.961000,301.807000,OK
2,8,adjacent,620,30,16,139,REV,E9,E8,E10,E11,14.289000,315.772000,OK
2,8,adjacent,620,30,16,140,FWD,E8,E9,E11,E12,-14.648000,304.520000,OK
2,8,adjacent,620,30,16,141,REV,E9,E8,E11,E12,-10.383000,305.797000,OK
2,8,adjacent,620,30,16,142,FWD,E8,E9,E12,E1,-9.961000,315.532000,OK
2,8,adjacent,620,30,16,143,REV,E9,E8,E12,E1,-8.180000,310.106000,OK
2,8,adjacent,620,30,16,144,FWD,E9,E10,E1,E2,39.727000,220.091000,OK
2,8,adjacent,620,30,16,145,REV,E10,E9,E1,E2,41.531000,260.151000,OK
2,8,adjacent,620,30,16,146,FWD,E9,E10,E2,E3,-18.008000,269.886000,OK
2,8,adjacent,620,30,16,147,REV,E10,E9,E2,E3,-16.805000,257.038000,OK
2,8,adjacent,620,30,16,148,FWD,E9,E10,E3,E4,-1.539000,267.492000,OK
2,8,adjacent,620,30,16,149,REV,E10,E9,E3,E4,-0.531000,250.176000,OK
2,8,adjacent,620,30,16,150,FWD,E9,E10,E4,E5,8.297000,276.350000,OK
2,8,adjacent,620,30,16,151,REV,E10,E9,E4,E5,9.734000,255.442000,OK
2,8,adjacent,620,30,16,152,FWD,E9,E10,E5,E6,-7.320000,270.285000,OK
2,8,adjacent,620,30,16,153,REV,E10,E9,E5,E6,-5.773000,249.856000,OK
2,8,adjacent,620,30,16,154,FWD,E9,E10,E6,E7,3.914000,277.707000,OK
2,8,adjacent,620,30,16,155,REV,E10,E9,E6,E7,8.500000,256.320000,OK
2,8,adjacent,620,30,16,156,FWD,E9,E10,E7,E8,-24.859000,271.004000,OK
2,8,adjacent,620,30,16,157,REV,E10,E9,E7,E8,-16.539000,257.916000,OK
2,8,adjacent,620,30,16,158,FWD,E9,E10,E11,E12,-34.570000,263.502000,OK
2,8,adjacent,620,30,16,159,REV,E10,E9,E11,E12,9.234000,268.370000,OK
2,8,adjacent,620,30,16,160,FWD,E9,E10,E12,E1,-11.250000,267.652000,OK
2,8,adjacent,620,30,16,161,REV,E10,E9,E12,E1,-6.953000,261.986000,OK
2,8,adjacent,620,30,16,162,FWD,E10,E11,E1,E2,39.695000,167.981000,OK
2,8,adjacent,620,30,16,163,REV,E11,E10,E1,E2,41.742000,229.587000,OK
2,8,adjacent,620,30,16,164,FWD,E10,E11,E2,E3,-17.828000,203.971000,OK
2,8,adjacent,620,30,16,165,REV,E11,E10,E2,E3,-16.719000,220.729000,OK
2,8,adjacent,620,30,16,166,FWD,E10,E11,E3,E4,-1.492000,203.572000,OK
2,8,adjacent,620,30,16,167,REV,E11,E10,E3,E4,-0.719000,226.714000,OK
2,8,adjacent,620,30,16,168,FWD,E10,E11,E4,E5,8.609000,208.759000,OK
2,8,adjacent,620,30,16,169,REV,E11,E10,E4,E5,9.461000,222.405000,OK
2,8,adjacent,620,30,16,170,FWD,E10,E11,E5,E6,-6.969000,205.008000,OK
2,8,adjacent,620,30,16,171,REV,E11,E10,E5,E6,-6.258000,228.550000,OK
2,8,adjacent,620,30,16,172,FWD,E10,E11,E6,E7,5.867000,209.717000,OK
2,8,adjacent,620,30,16,173,REV,E11,E10,E6,E7,7.594000,224.001000,OK
2,8,adjacent,620,30,16,174,FWD,E10,E11,E7,E8,-22.039000,205.806000,OK
2,8,adjacent,620,30,16,175,REV,E11,E10,E7,E8,-19.555000,230.864000,OK
2,8,adjacent,620,30,16,176,FWD,E10,E11,E8,E9,3.102000,210.594000,OK
2,8,adjacent,620,30,16,177,REV,E11,E10,E8,E9,14.508000,225.278000,OK
2,8,adjacent,620,30,16,178,FWD,E10,E11,E12,E1,-20.742000,211.712000,OK
2,8,adjacent,620,30,16,179,REV,E11,E10,E12,E1,3.461000,217.776000,OK
2,8,adjacent,620,30,16,180,FWD,E11,E12,E1,E2,38.625000,159.282000,OK
2,8,adjacent,620,30,16,181,REV,E12,E11,E1,E2,42.297000,181.228000,OK
2,8,adjacent,620,30,16,182,FWD,E11,E12,E2,E3,-18.062000,187.692000,OK
2,8,adjacent,620,30,16,183,REV,E12,E11,E2,E3,-16.383000,175.801000,OK
2,8,adjacent,620,30,16,184,FWD,E11,E12,E3,E4,-1.664000,187.213000,OK
2,8,adjacent,620,30,16,185,REV,E12,E11,E3,E4,-0.680000,182.664000,OK
2,8,adjacent,620,30,16,186,FWD,E11,E12,E4,E5,8.484000,189.846000,OK
2,8,adjacent,620,30,16,187,REV,E12,E11,E4,E5,9.422000,176.918000,OK
2,8,adjacent,620,30,16,188,FWD,E11,E12,E5,E6,-7.000000,186.415000,OK
2,8,adjacent,620,30,16,189,REV,E12,E11,E5,E6,-6.344000,183.143000,OK
2,8,adjacent,620,30,16,190,FWD,E11,E12,E6,E7,6.367000,191.522000,OK
2,8,adjacent,620,30,16,191,REV,E12,E11,E6,E7,7.609000,177.716000,OK
2,8,adjacent,620,30,16,192,FWD,E11,E12,E7,E8,-21.570000,187.532000,OK
2,8,adjacent,620,30,16,193,REV,E12,E11,E7,E8,-20.109000,184.180000,OK
2,8,adjacent,620,30,16,194,FWD,E11,E12,E8,E9,6.594000,190.724000,OK
2,8,adjacent,620,30,16,195,REV,E12,E11,E8,E9,9.031000,179.233000,OK
2,8,adjacent,620,30,16,196,FWD,E11,E12,E9,E10,-16.727000,187.612000,OK
2,8,adjacent,620,30,16,197,REV,E12,E11,E9,E10,10.977000,185.617000,OK
2,8,adjacent,620,30,16,198,FWD,E12,E1,E2,E3,-18.766000,169.896000,OK
2,8,adjacent,620,30,16,199,REV,E1,E12,E2,E3,-14.883000,219.372000,OK
2,8,adjacent,620,30,16,200,FWD,E12,E1,E3,E4,-1.992000,195.911000,OK
2,8,adjacent,620,30,16,201,REV,E1,E12,E3,E4,-0.219000,220.569000,OK
2,8,adjacent,620,30,16,202,FWD,E12,E1,E4,E5,8.328000,204.130000,OK
2,8,adjacent,620,30,16,203,REV,E1,E12,E4,E5,9.656000,215.462000,OK
2,8,adjacent,620,30,16,204,FWD,E12,E1,E5,E6,-7.055000,206.684000,OK
2,8,adjacent,620,30,16,205,REV,E1,E12,E5,E6,-6.359000,210.355000,OK
2,8,adjacent,620,30,16,206,FWD,E12,E1,E6,E7,6.664000,216.021000,OK
2,8,adjacent,620,30,16,207,REV,E1,E12,E6,E7,7.719000,211.951000,OK
2,8,adjacent,620,30,16,208,FWD,E12,E1,E7,E8,-21.211000,210.355000,OK
2,8,adjacent,620,30,16,209,REV,E1,E12,E7,E8,-20.266000,208.679000,OK
2,8,adjacent,620,30,16,210,FWD,E12,E1,E8,E9,7.195000,217.537000,OK
2,8,adjacent,620,30,16,211,REV,E1,E12,E8,E9,8.242000,212.510000,OK
2,8,adjacent,620,30,16,212,FWD,E12,E1,E9,E10,-4.352000,211.632000,OK
2,8,adjacent,620,30,16,213,REV,E1,E12,E9,E10,-0.859000,208.679000,OK
2,8,adjacent,620,30,16,214,FWD,E12,E1,E10,E11,-1.086000,219.133000,OK
2,8,adjacent,620,30,16,215,REV,E1,E12,E10,E11,19.289000,211.871000,OK
3,9,adjacent,620,30,16,0,FWD,E1,E2,E3,E4,-3.289000,177.796000,OK
3,9,adjacent,620,30,16,1,REV,E2,E1,E3,E4,1.070000,229.108000,OK
3,9,adjacent,620,30,16,2,FWD,E1,E2,E4,E5,7.719000,219.372000,OK
3,9,adjacent,620,30,16,3,REV,E2,E1,E4,E5,10.336000,228.071000,OK
3,9,adjacent,620,30,16,4,FWD,E1,E2,E5,E6,-7.273000,218.814000,OK
3,9,adjacent,620,30,16,5,REV,E2,E1,E5,E6,-6.203000,223.283000,OK
3,9,adjacent,620,30,16,6,FWD,E1,E2,E6,E7,6.789000,225.836000,OK
3,9,adjacent,620,30,16,7,REV,E2,E1,E6,E7,7.977000,226.874000,OK
3,9,adjacent,620,30,16,8,FWD,E1,E2,E7,E8,-21.141000,221.447000,OK
3,9,adjacent,620,30,16,9,REV,E2,E1,E7,E8,-20.422000,229.028000,OK
3,9,adjacent,620,30,16,10,FWD,E1,E2,E8,E9,7.242000,215.063000,OK
3,9,adjacent,620,30,16,11,REV,E2,E1,E8,E9,8.023000,240.200000,OK
3,9,adjacent,620,30,16,12,FWD,E1,E2,E9,E10,-3.336000,219.053000,OK
3,9,adjacent,620,30,16,13,REV,E2,E1,E9,E10,-1.742000,234.056000,OK
3,9,adjacent,620,30,16,14,FWD,E1,E2,E10,E11,7.133000,214.824000,OK
3,9,adjacent,620,30,16,15,REV,E2,E1,E10,E11,9.422000,241.637000,OK
3,9,adjacent,620,30,16,16,FWD,E1,E2,E11,E12,-13.164000,219.213000,OK
3,9,adjacent,620,30,16,17,REV,E2,E1,E11,E12,-8.781000,235.891000,OK
3,9,adjacent,620,30,16,18,FWD,E2,E3,E4,E5,6.102000,182.824000,OK
3,9,adjacent,620,30,16,19,REV,E3,E2,E4,E5,12.531000,244.510000,OK
3,9,adjacent,620,30,16,20,FWD,E2,E3,E5,E6,-7.711000,223.283000,OK
3,9,adjacent,620,30,16,21,REV,E3,E2,E5,E6,-5.750000,235.253000,OK
3,9,adjacent,620,30,16,22,FWD,E2,E3,E6,E7,6.680000,228.789000,OK
3,9,adjacent,620,30,16,23,REV,E3,E2,E6,E7,8.352000,225.836000,OK
3,9,adjacent,620,30,16,24,FWD,E2,E3,E7,E8,-21.297000,241.318000,OK
3,9,adjacent,620,30,16,25,REV,E3,E2,E7,E8,-20.422000,230.225000,OK
3,9,adjacent,620,30,16,26,FWD,E2,E3,E8,E9,7.297000,234.295000,OK
3,9,adjacent,620,30,16,27,REV,E3,E2,E8,E9,7.898000,225.677000,OK
3,9,adjacent,620,30,16,28,FWD,E2,E3,E9,E10,-3.039000,243.791000,OK
3,9,adjacent,620,30,16,29,REV,E3,E2,E9,E10,-1.992000,230.146000,OK
3,9,adjacent,620,30,16,30,FWD,E2,E3,E10,E11,6.656000,236.210000,OK
3,9,adjacent,620,30,16,31,REV,E3,E2,E10,E11,7.812000,225.118000,OK
3,9,adjacent,620,30,16,32,FWD,E2,E3,E11,E12,-13.984000,245.627000,OK
3,9,adjacent,620,30,16,33,REV,E3,E2,E11,E12,-11.875000,230.066000,OK
3,9,adjacent,620,30,16,34,FWD,E2,E3,E12,E1,-14.453000,237.647000,OK
3,9,adjacent,620,30,16,35,REV,E3,E2,E12,E1,-9.953000,224.958000,OK
3,9,adjacent,620,30,16,36,FWD,E3,E4,E1,E2,121.898000,223.283000,OK
3,9,adjacent,620,30,16,37,REV,E4,E3,E1,E2,99.859000,285.926000,OK
3,9,adjacent,620,30,16,38,FWD,E3,E4,E5,E6,-14.148000,265.258000,OK
3,9,adjacent,620,30,16,39,REV,E4,E3,E5,E6,1.047000,273.398000,OK
3,9,adjacent,620,30,16,40,FWD,E3,E4,E6,E7,5.687000,281.378000,OK
3,9,adjacent,620,30,16,41,REV,E4,E3,E6,E7,9.641000,277.308000,OK
3,9,adjacent,620,30,16,42,FWD,E3,E4,E7,E8,-21.609000,276.031000,OK
3,9,adjacent,620,30,16,43,REV,E4,E3,E7,E8,-20.141000,272.041000,OK
3,9,adjacent,620,30,16,44,FWD,E3,E4,E8,E9,7.086000,285.527000,OK
3,9,adjacent,620,30,16,45,REV,E4,E3,E8,E9,7.977000,276.829000,OK
3,9,adjacent,620,30,16,46,FWD,E3,E4,E9,E10,-3.039000,278.505000,OK
3,9,adjacent,620,30,16,47,REV,E4,E3,E9,E10,-1.937000,272.201000,OK
3,9,adjacent,620,30,16,48,FWD,E3,E4,E10,E11,6.148000,287.921000,OK
3,9,adjacent,620,30,16,49,REV,E4,E3,E10,E11,7.234000,278.026000,OK
3,9,adjacent,620,30,16,50,FWD,E3,E4,E11,E12,-14.188000,280.899000,OK
3,9,adjacent,620,30,16,51,REV,E4,E3,E11,E12,-12.648000,272.999000,OK
3,9,adjacent,620,30,16,52,FWD,E3,E4,E12,E1,-12.523000,289.039000,OK
3,9,adjacent,620,30,16,53,REV,E4,E3,E12,E1,-10.117000,278.505000,OK
3,9,adjacent,620,30,16,54,FWD,E4,E5,E1,E2,49.164000,198.225000,OK
3,9,adjacent,620,30,16,55,REV,E5,E4,E1,E2,51.063000,235.971000,OK
3,9,adjacent,620,30,16,56,FWD,E4,E5,E2,E3,-13.328000,244.590000,OK
3,9,adjacent,620,30,16,57,REV,E5,E4,E2,E3,-10.023000,234.854000,OK
3,9,adjacent,620,30,16,58,FWD,E4,E5,E6,E7,2.992000,242.435000,OK
3,9,adjacent,620,30,16,59,REV,E5,E4,E6,E7,12.219000,227.911000,OK
3,9,adjacent,620,30,16,60,FWD,E4,E5,E7,E8,-22.344000,250.096000,OK
3,9,adjacent,620,30,16,61,REV,E5,E4,E7,E8,-19.492000,234.854000,OK
3,9,adjacent,620,30,16,62,FWD,E4,E5,E8,E9,6.773000,244.430000,OK
3,9,adjacent,620,30,16,63,REV,E5,E4,E8,E9,8.148000,227.512000,OK
3,9,adjacent,620,30,16,64,FWD,E4,E5,E9,E10,-3.055000,251.532000,OK
3,9,adjacent,620,30,16,65,REV,E5,E4,E9,E10,-1.758000,235.253000,OK
3,9,adjacent,620,30,16,66,FWD,E4,E5,E10,E11,5.625000,245.467000,OK
3,9,adjacent,620,30,16,67,REV,E5,E4,E10,E11,6.547000,229.188000,OK
3,9,adjacent,620,30,16,68,FWD,E4,E5,E11,E12,-14.141000,251.373000,OK
3,9,adjacent,620,30,16,69,REV,E5,E4,E11,E12,-12.867000,235.652000,OK
3,9,adjacent,620,30,16,70,FWD,E4,E5,E12,E1,-11.664000,245.866000,OK
3,9,adjacent,620,30,16,71,REV,E5,E4,E12,E1,-10.070000,228.949000,OK
3,9,adjacent,620,30,16,72,FWD,E5,E6,E1,E2,44.953000,203.971000,OK
3,9,adjacent,620,30,16,73,REV,E6,E5,E1,E2,45.977000,276.829000,OK
3,9,adjacent,620,30,16,74,FWD,E5,E6,E2,E3,-21.266000,245.467000,OK
3,9,adjacent,620,30,16,75,REV,E6,E5,E2,E3,-18.961000,260.789000,OK
3,9,adjacent,620,30,16,76,FWD,E5,E6,E3,E4,4.273000,257.916000,OK
3,9,adjacent,620,30,16,77,REV,E6,E5,E3,E4,14.383000,264.221000,OK
3,9,adjacent,620,30,16,78,FWD,E5,E6,E7,E8,-24.070000,253.687000,OK
3,9,adjacent,620,30,16,79,REV,E6,E5,E7,E8,-17.672000,258.076000,OK
3,9,adjacent,620,30,16,80,FWD,E5,E6,E8,E9,6.305000,261.667000,OK
3,9,adjacent,620,30,16,81,REV,E6,E5,E8,E9,8.578000,263.582000,OK
3,9,adjacent,620,30,16,82,FWD,E5,E6,E9,E10,-3.070000,256.001000,OK
3,9,adjacent,620,30,16,83,REV,E6,E5,E9,E10,-1.500000,258.235000,OK
3,9,adjacent,620,30,16,84,FWD,E5,E6,E10,E11,5.367000,262.305000,OK
3,9,adjacent,620,30,16,85,REV,E6,E5,E10,E11,6.250000,263.023000,OK
3,9,adjacent,620,30,16,86,FWD,E5,E6,E11,E12,-13.820000,256.320000,OK
3,9,adjacent,620,30,16,87,REV,E6,E5,E11,E12,-12.891000,257.757000,OK
3,9,adjacent,620,30,16,88,FWD,E5,E6,E12,E1,-10.719000,263.103000,OK
3,9,adjacent,620,30,16,89,REV,E6,E5,E12,E1,-9.859000,262.545000,OK
3,9,adjacent,620,30,16,90,FWD,E6,E7,E1,E2,43.086000,236.210000,OK
3,9,adjacent,620,30,16,91,REV,E7,E6,E1,E2,44.297000,273.956000,OK
3,9,adjacent,620,30,16,92,FWD,E6,E7,E2,E3,-20.266000,281.218000,OK
3,9,adjacent,620,30,16,93,REV,E7,E6,E2,E3,-18.242000,272.679000,OK
3,9,adjacent,620,30,16,94,FWD,E6,E7,E3,E4,-1.305000,279.143000,OK
3,9,adjacent,620,30,16,95,REV,E7,E6,E3,E4,2.352000,265.976000,OK
3,9,adjacent,620,30,16,96,FWD,E6,E7,E4,E5,14.773000,287.682000,OK
3,9,adjacent,620,30,16,97,REV,E7,E6,E4,E5,24.195000,270.605000,OK
3,9,adjacent,620,30,16,98,FWD,E6,E7,E8,E9,2.742000,282.415000,OK
3,9,adjacent,620,30,16,99,REV,E7,E6,E8,E9,11.523000,264.859000,OK
3,9,adjacent,620,30,16,100,FWD,E6,E7,E9,E10,-4.641000,289.118000,OK
3,9,adjacent,620,30,16,101,REV,E7,E6,E9,E10,0.094000,270.844000,OK
3,9,adjacent,620,30,16,102,FWD,E6,E7,E10,E11,4.469000,283.453000,OK
3,9,adjacent,620,30,16,103,REV,E7,E6,E10,E11,6.578000,264.540000,OK
3,9,adjacent,620,30,16,104,FWD,E6,E7,E11,E12,-14.383000,290.475000,OK
3,9,adjacent,620,30,16,105,REV,E7,E6,E11,E12,-12.508000,270.126000,OK
3,9,adjacent,620,30,16,106,FWD,E6,E7,E12,E1,-10.914000,283.931000,OK
3,9,adjacent,620,30,16,107,REV,E7,E6,E12,E1,-9.484000,263.662000,OK
3,9,adjacent,620,30,16,108,FWD,E7,E8,E1,E2,42.461000,224.240000,OK
3,9,adjacent,620,30,16,109,REV,E8,E7,E1,E2,43.383000,294.226000,OK
3,9,adjacent,620,30,16,110,FWD,E7,E8,E2,E3,-19.117000,274.994000,OK
3,9,adjacent,620,30,16,111,REV,E8,E7,E2,E3,-18.047000,274.834000,OK
3,9,adjacent,620,30,16,112,FWD,E7,E8,E3,E4,-0.883000,291.034000,OK
3,9,adjacent,620,30,16,113,REV,E8,E7,E3,E4,0.602000,277.547000,OK
3,9,adjacent,620,30,16,114,FWD,E7,E8,E4,E5,9.000000,285.607000,OK
3,9,adjacent,620,30,16,115,REV,E8,E7,E4,E5,12.164000,269.966000,OK
3,9,adjacent,620,30,16,116,FWD,E7,E8,E5,E6,-7.969000,294.864000,OK
3,9,adjacent,620,30,16,117,REV,E8,E7,E5,E6,-1.492000,276.510000,OK
3,9,adjacent,620,30,16,118,FWD,E7,E8,E9,E10,-6.703000,288.001000,OK
3,9,adjacent,620,30,16,119,REV,E8,E7,E9,E10,1.859000,270.285000,OK
3,9,adjacent,620,30,16,120,FWD,E7,E8,E10,E11,3.609000,297.258000,OK
3,9,adjacent,620,30,16,121,REV,E8,E7,E10,E11,6.898000,275.792000,OK
3,9,adjacent,620,30,16,122,FWD,E7,E8,E11,E12,-14.516000,289.358000,OK
3,9,adjacent,620,30,16,123,REV,E8,E7,E11,E12,-12.180000,269.886000,OK
3,9,adjacent,620,30,16,124,FWD,E7,E8,E12,E1,-10.258000,297.817000,OK
3,9,adjacent,620,30,16,125,REV,E8,E7,E12,E1,-9.086000,276.430000,OK
3,9,adjacent,620,30,16,126,FWD,E8,E9,E1,E2,41.688000,254.884000,OK
3,9,adjacent,620,30,16,127,REV,E9,E8,E1,E2,42.563000,315.453000,OK
3,9,adjacent,620,30,16,128,FWD,E8,E9,E2,E3,-18.469000,307.473000,OK
3,9,adjacent,620,30,16,129,REV,E9,E8,E2,E3,-17.617000,309.867000,OK
3,9,adjacent,620,30,16,130,FWD,E8,E9,E3,E4,-0.969000,304.520000,OK
3,9,adjacent,620,30,16,131,REV,E9,E8,E3,E4,0.016000,302.285000,OK
3,9,adjacent,620,30,16,132,FWD,E8,E9,E4,E5,8.656000,315.293000,OK
3,9,adjacent,620,30,16,133,REV,E9,E8,E4,E5,10.430000,308.111000,OK
3,9,adjacent,620,30,16,134,FWD,E8,E9,E5,E6,-7.937000,308.430000,OK
3,9,adjacent,620,30,16,135,REV,E9,E8,E5,E6,-5.273000,303.163000,OK
3,9,adjacent,620,30,16,136,FWD,E8,E9,E6,E7,4.352000,316.969000,OK
3,9,adjacent,620,30,16,137,REV,E9,E8,E6,E7,13.930000,307.712000,OK
3,9,adjacent,620,30,16,138,FWD,E8,E9,E10,E11,-4.016000,309.627000,OK
3,9,adjacent,620,30,16,139,REV,E9,E8,E10,E11,14.852000,302.206000,OK
3,9,adjacent,620,30,16,140,FWD,E8,E9,E11,E12,-15.516000,317.847000,OK
3,9,adjacent,620,30,16,141,REV,E9,E8,E11,E12,-11.086000,308.271000,OK
3,9,adjacent,620,30,16,142,FWD,E8,E9,E12,E1,-10.156000,310.505000,OK
3,9,adjacent,620,30,16,143,REV,E9,E8,E12,E1,-8.461000,303.323000,OK
3,9,adjacent,620,30,16,144,FWD,E9,E10,E1,E2,40.883000,215.861000,OK
3,9,adjacent,620,30,16,145,REV,E10,E9,E1,E2,42.719000,268.450000,OK
3,9,adjacent,620,30,16,146,FWD,E9,E10,E2,E3,-18.383000,259.831000,OK
3,9,adjacent,620,30,16,147,REV,E10,E9,E2,E3,-17.227000,252.250000,OK
3,9,adjacent,620,30,16,148,FWD,E9,E10,E3,E4,-1.148000,272.839000,OK
3,9,adjacent,620,30,16,149,REV,E10,E9,E3,E4,-0.102000,257.198000,OK
3,9,adjacent,620,30,16,150,FWD,E9,E10,E4,E5,8.461000,268.290000,OK
3,9,adjacent,620,30,16,151,REV,E10,E9,E4,E5,9.828000,252.011000,OK
3,9,adjacent,620,30,16,152,FWD,E9,E10,E5,E6,-7.609000,277.627000,OK
3,9,adjacent,620,30,16,153,REV,E10,E9,E5,E6,-5.945000,255.283000,OK
3,9,adjacent,620,30,16,154,FWD,E9,E10,E6,E7,4.375000,271.004000,OK
3,9,adjacent,620,30,16,155,REV,E10,E9,E6,E7,8.813000,248.819000,OK
3,9,adjacent,620,30,16,156,FWD,E9,E10,E7,E8,-24.023000,278.984000,OK
3,9,adjacent,620,30,16,157,REV,E10,E9,E7,E8,-15.719000,256.001000,OK
3,9,adjacent,620,30,16,158,FWD,E9,E10,E11,E12,-33.828000,271.004000,OK
3,9,adjacent,620,30,16,159,REV,E10,E9,E11,E12,10.719000,250.575000,OK
3,9,adjacent,620,30,16,160,FWD,E9,E10,E12,E1,-11.570000,279.622000,OK
3,9,adjacent,620,30,16,161,REV,E10,E9,E12,E1,-7.258000,254.964000,OK
3,9,adjacent,620,30,16,162,FWD,E10,E11,E1,E2,40.578000,165.906000,OK
3,9,adjacent,620,30,16,163,REV,E11,E10,E1,E2,42.547000,217.776000,OK
3,9,adjacent,620,30,16,164,FWD,E10,E11,E2,E3,-18.141000,214.106000,OK
3,9,adjacent,620,30,16,165,REV,E11,E10,E2,E3,-17.008000,215.462000,OK
3,9,adjacent,620,30,16,166,FWD,E10,E11,E3,E4,-1.070000,211.472000,OK
3,9,adjacent,620,30,16,167,REV,E11,E10,E3,E4,-0.297000,211.313000,OK
3,9,adjacent,620,30,16,168,FWD,E10,E11,E4,E5,8.570000,219.931000,OK
3,9,adjacent,620,30,16,169,REV,E11,E10,E4,E5,9.438000,214.345000,OK
3,9,adjacent,620,30,16,170,FWD,E10,E11,E5,E6,-7.055000,214.983000,OK
3,9,adjacent,620,30,16,171,REV,E11,E10,E5,E6,-6.297000,210.834000,OK
3,9,adjacent,620,30,16,172,FWD,E10,E11,E6,E7,5.797000,222.086000,OK
3,9,adjacent,620,30,16,173,REV,E11,E10,E6,E7,7.500000,217.058000,OK
3,9,adjacent,620,30,16,174,FWD,E10,E11,E7,E8,-21.773000,215.542000,OK
3,9,adjacent,620,30,16,175,REV,E11,E10,E7,E8,-19.289000,212.270000,OK
3,9,adjacent,620,30,16,176,FWD,E10,E11,E8,E9,1.930000,222.644000,OK
3,9,adjacent,620,30,16,177,REV,E11,E10,E8,E9,13.492000,216.260000,OK
3,9,adjacent,620,30,16,178,FWD,E10,E11,E12,E1,-21.055000,217.298000,OK
3,9,adjacent,620,30,16,179,REV,E11,E10,E12,E1,3.445000,212.270000,OK
3,9,adjacent,620,30,16,180,FWD,E11,E12,E1,E2,39.516000,153.936000,OK
3,9,adjacent,620,30,16,181,REV,E12,E11,E1,E2,43.102000,179.951000,OK
3,9,adjacent,620,30,16,182,FWD,E11,E12,E2,E3,-18.305000,182.345000,OK
3,9,adjacent,620,30,16,183,REV,E12,E11,E2,E3,-16.750000,169.417000,OK
3,9,adjacent,620,30,16,184,FWD,E11,E12,E3,E4,-1.281000,192.001000,OK
3,9,adjacent,620,30,16,185,REV,E12,E11,E3,E4,-0.289000,172.051000,OK
3,9,adjacent,620,30,16,186,FWD,E11,E12,E4,E5,8.430000,188.729000,OK
3,9,adjacent,620,30,16,187,REV,E12,E11,E4,E5,9.336000,166.863000,OK
3,9,adjacent,620,30,16,188,FWD,E11,E12,E5,E6,-7.016000,194.874000,OK
3,9,adjacent,620,30,16,189,REV,E12,E11,E5,E6,-6.344000,172.290000,OK
3,9,adjacent,620,30,16,190,FWD,E11,E12,E6,E7,6.141000,188.889000,OK
3,9,adjacent,620,30,16,191,REV,E12,E11,E6,E7,7.359000,167.582000,OK
3,9,adjacent,620,30,16,192,FWD,E11,E12,E7,E8,-21.320000,194.953000,OK
3,9,adjacent,620,30,16,193,REV,E12,E11,E7,E8,-19.883000,171.811000,OK
3,9,adjacent,620,30,16,194,FWD,E11,E12,E8,E9,5.937000,190.644000,OK
3,9,adjacent,620,30,16,195,REV,E12,E11,E8,E9,8.281000,167.422000,OK
3,9,adjacent,620,30,16,196,FWD,E11,E12,E9,E10,-14.617000,195.672000,OK
3,9,adjacent,620,30,16,197,REV,E12,E11,E9,E10,12.453000,172.051000,OK
3,9,adjacent,620,30,16,198,FWD,E12,E1,E2,E3,-18.852000,161.996000,OK
3,9,adjacent,620,30,16,199,REV,E1,E12,E2,E3,-15.203000,215.941000,OK
3,9,adjacent,620,30,16,200,FWD,E12,E1,E3,E4,-1.711000,206.205000,OK
3,9,adjacent,620,30,16,201,REV,E1,E12,E3,E4,0.062000,213.786000,OK
3,9,adjacent,620,30,16,202,FWD,E12,E1,E4,E5,8.227000,204.051000,OK
3,9,adjacent,620,30,16,203,REV,E1,E12,E4,E5,9.516000,208.200000,OK
3,9,adjacent,620,30,16,204,FWD,E12,E1,E5,E6,-7.047000,213.786000,OK
3,9,adjacent,620,30,16,205,REV,E1,E12,E5,E6,-6.336000,212.909000,OK
3,9,adjacent,620,30,16,206,FWD,E12,E1,E6,E7,6.547000,207.083000,OK
3,9,adjacent,620,30,16,207,REV,E1,E12,E6,E7,7.602000,207.881000,OK
3,9,adjacent,620,30,16,208,FWD,E12,E1,E7,E8,-21.062000,215.303000,OK
3,9,adjacent,620,30,16,209,REV,E1,E12,E7,E8,-20.102000,212.350000,OK
3,9,adjacent,620,30,16,210,FWD,E12,E1,E8,E9,6.680000,209.876000,OK
3,9,adjacent,620,30,16,211,REV,E1,E12,E8,E9,7.687000,206.604000,OK
3,9,adjacent,620,30,16,212,FWD,E12,E1,E9,E10,-3.734000,216.978000,OK
3,9,adjacent,620,30,16,213,REV,E1,E12,E9,E10,-0.273000,212.190000,OK
3,9,adjacent,620,30,16,214,FWD,E12,E1,E10,E11,-1.180000,209.318000,OK
3,9,adjacent,620,30,16,215,REV,E1,E12,E10,E11,19.867000,207.243000,OK
4,10,adjacent,620,30,16,0,FWD,E1,E2,E3,E4,-2.875000,175.322000,OK
4,10,adjacent,620,30,16,1,REV,E2,E1,E3,E4,1.555000,237.647000,OK
4,10,adjacent,620,30,16,2,FWD,E1,E2,E4,E5,7.586000,211.233000,OK
4,10,adjacent,620,30,16,3,REV,E2,E1,E4,E5,10.063000,223.442000,OK
4,10,adjacent,620,30,16,4,FWD,E1,E2,E5,E6,-7.164000,222.884000,OK
4,10,adjacent,620,30,16,5,REV,E2,E1,E5,E6,-6.109000,227.991000,OK
4,10,adjacent,620,30,16,6,FWD,E1,E2,E6,E7,6.547000,219.213000,OK
4,10,adjacent,620,30,16,7,REV,E2,E1,E6,E7,7.672000,222.086000,OK
4,10,adjacent,620,30,16,8,FWD,E1,E2,E7,E8,-20.914000,226.874000,OK
4,10,adjacent,620,30,16,9,REV,E2,E1,E7,E8,-20.172000,228.550000,OK
4,10,adjacent,620,30,16,10,FWD,E1,E2,E8,E9,6.758000,221.766000,OK
4,10,adjacent,620,30,16,11,REV,E2,E1,E8,E9,7.523000,222.884000,OK
4,10,adjacent,620,30,16,12,FWD,E1,E2,E9,E10,-3.211000,227.752000,OK
4,10,adjacent,620,30,16,13,REV,E2,E1,E9,E10,-1.547000,228.709000,OK
4,10,adjacent,620,30,16,14,FWD,E1,E2,E10,E11,6.812000,221.766000,OK
4,10,adjacent,620,30,16,15,REV,E2,E1,E10,E11,9.055000,223.442000,OK
4,10,adjacent,620,30,16,16,FWD,E1,E2,E11,E12,-13.000000,228.949000,OK
4,10,adjacent,620,30,16,17,REV,E2,E1,E11,E12,-8.648000,228.709000,OK
4,10,adjacent,620,30,16,18,FWD,E2,E3,E4,E5,5.859000,178.834000,OK
4,10,adjacent,620,30,16,19,REV,E3,E2,E4,E5,12.070000,234.295000,OK
4,10,adjacent,620,30,16,20,FWD,E2,E3,E5,E6,-7.602000,230.545000,OK
4,10,adjacent,620,30,16,21,REV,E3,E2,E5,E6,-5.648000,231.422000,OK
4,10,adjacent,620,30,16,22,FWD,E2,E3,E6,E7,6.453000,229.587000,OK
4,10,adjacent,620,30,16,23,REV,E3,E2,E6,E7,8.063000,224.719000,OK
4,10,adjacent,620,30,16,24,FWD,E2,E3,E7,E8,-21.008000,239.402000,OK
4,10,adjacent,620,30,16,25,REV,E3,E2,E7,E8,-20.148000,229.667000,OK
4,10,adjacent,620,30,16,26,FWD,E2,E3,E8,E9,6.961000,232.939000,OK
4,10,adjacent,620,30,16,27,REV,E3,E2,E8,E9,7.547000,224.480000,OK
4,10,adjacent,620,30,16,28,FWD,E2,E3,E9,E10,-3.047000,241.158000,OK
4,10,adjacent,620,30,16,29,REV,E3,E2,E9,E10,-2.016000,230.545000,OK
4,10,adjacent,620,30,16,30,FWD,E2,E3,E10,E11,6.609000,235.173000,OK
4,10,adjacent,620,30,16,31,REV,E3,E2,E10,E11,7.781000,225.278000,OK
4,10,adjacent,620,30,16,32,FWD,E2,E3,E11,E12,-14.133000,244.031000,OK
4,10,adjacent,620,30,16,33,REV,E3,E2,E11,E12,-12.148000,229.747000,OK
4,10,adjacent,620,30,16,34,FWD,E2,E3,E12,E1,-12.930000,236.530000,OK
4,10,adjacent,620,30,16,35,REV,E3,E2,E12,E1,-8.531000,224.400000,OK
4,10,adjacent,620,30,16,36,FWD,E3,E4,E1,E2,119.492000,223.203000,OK
4,10,adjacent,620,30,16,37,REV,E4,E3,E1,E2,97.516000,286.006000,OK
4,10,adjacent,620,30,16,38,FWD,E3,E4,E5,E6,-14.148000,265.737000,OK
4,10,adjacent,620,30,16,39,REV,E4,E3,E5,E6,1.195000,273.637000,OK
4,10,adjacent,620,30,16,40,FWD,E3,E4,E6,E7,5.422000,281.298000,OK
4,10,adjacent,620,30,16,41,REV,E4,E3,E6,E7,9.391000,276.270000,OK
4,10,adjacent,620,30,16,42,FWD,E3,E4,E7,E8,-21.367000,276.111000,OK
4,10,adjacent,620,30,16,43,REV,E4,E3,E7,E8,-19.883000,272.121000,OK
4,10,adjacent,620,30,16,44,FWD,E3,E4,E8,E9,6.883000,285.049000,OK
4,10,adjacent,620,30,16,45,REV,E4,E3,E8,E9,7.773000,277.547000,OK
4,10,adjacent,620,30,16,46,FWD,E3,E4,E9,E10,-3.094000,279.223000,OK
4,10,adjacent,620,30,16,47,REV,E4,E3,E9,E10,-1.984000,273.797000,OK
4,10,adjacent,620,30,16,48,FWD,E3,E4,E10,E11,6.281000,287.921000,OK
4,10,adjacent,620,30,16,49,REV,E4,E3,E10,E11,7.336000,277.388000,OK
4,10,adjacent,620,30,16,50,FWD,E3,E4,E11,E12,-14.313000,280.340000,OK
4,10,adjacent,620,30,16,51,REV,E4,E3,E11,E12,-12.742000,272.280000,OK
4,10,adjacent,620,30,16,52,FWD,E3,E4,E12,E1,-11.578000,289.517000,OK
4,10,adjacent,620,30,16,53,REV,E4,E3,E12,E1,-9.188000,279.702000,OK
4,10,adjacent,620,30,16,54,FWD,E4,E5,E1,E2,47.508000,199.741000,OK
4,10,adjacent,620,30,16,55,REV,E5,E4,E1,E2,49.398000,238.365000,OK
4,10,adjacent,620,30,16,56,FWD,E4,E5,E2,E3,-12.539000,245.866000,OK
4,10,adjacent,620,30,16,57,REV,E5,E4,E2,E3,-9.227000,235.093000,OK
4,10,adjacent,620,30,16,58,FWD,E4,E5,E6,E7,2.711000,243.233000,OK
4,10,adjacent,620,30,16,59,REV,E5,E4,E6,E7,12.000000,228.869000,OK
4,10,adjacent,620,30,16,60,FWD,E4,E5,E7,E8,-22.187000,251.851000,OK
4,10,adjacent,620,30,16,61,REV,E5,E4,E7,E8,-19.266000,234.535000,OK
4,10,adjacent,620,30,16,62,FWD,E4,E5,E8,E9,6.602000,245.148000,OK
4,10,adjacent,620,30,16,63,REV,E5,E4,E8,E9,8.008000,229.268000,OK
4,10,adjacent,620,30,16,64,FWD,E4,E5,E9,E10,-3.234000,253.447000,OK
4,10,adjacent,620,30,16,65,REV,E5,E4,E9,E10,-1.930000,234.614000,OK
4,10,adjacent,620,30,16,66,FWD,E4,E5,E10,E11,6.031000,246.984000,OK
4,10,adjacent,620,30,16,67,REV,E5,E4,E10,E11,6.937000,228.470000,OK
4,10,adjacent,620,30,16,68,FWD,E4,E5,E11,E12,-14.430000,253.767000,OK
4,10,adjacent,620,30,16,69,REV,E5,E4,E11,E12,-13.195000,234.934000,OK
4,10,adjacent,620,30,16,70,FWD,E4,E5,E12,E1,-10.656000,246.664000,OK
4,10,adjacent,620,30,16,71,REV,E5,E4,E12,E1,-8.977000,229.587000,OK
4,10,adjacent,620,30,16,72,FWD,E5,E6,E1,E2,43.391000,203.652000,OK
4,10,adjacent,620,30,16,73,REV,E6,E5,E1,E2,44.563000,277.308000,OK
4,10,adjacent,620,30,16,74,FWD,E5,E6,E2,E3,-20.641000,245.308000,OK
4,10,adjacent,620,30,16,75,REV,E6,E5,E2,E3,-18.375000,259.911000,OK
4,10,adjacent,620,30,16,76,FWD,E5,E6,E3,E4,4.773000,258.874000,OK
4,10,adjacent,620,30,16,77,REV,E6,E5,E3,E4,14.789000,264.061000,OK
4,10,adjacent,620,30,16,78,FWD,E5,E6,E7,E8,-23.836000,252.809000,OK
4,10,adjacent,620,30,16,79,REV,E6,E5,E7,E8,-17.461000,258.714000,OK
4,10,adjacent,620,30,16,80,FWD,E5,E6,E8,E9,6.180000,260.789000,OK
4,10,adjacent,620,30,16,81,REV,E6,E5,E8,E9,8.484000,263.422000,OK
4,10,adjacent,620,30,16,82,FWD,E5,E6,E9,E10,-3.258000,255.203000,OK
4,10,adjacent,620,30,16,83,REV,E6,E5,E9,E10,-1.687000,257.517000,OK
4,10,adjacent,620,30,16,84,FWD,E5,E6,E10,E11,5.750000,262.704000,OK
4,10,adjacent,620,30,16,85,REV,E6,E5,E10,E11,6.641000,262.944000,OK
4,10,adjacent,620,30,16,86,FWD,E5,E6,E11,E12,-14.297000,255.283000,OK
4,10,adjacent,620,30,16,87,REV,E6,E5,E11,E12,-13.352000,257.358000,OK
4,10,adjacent,620,30,16,88,FWD,E5,E6,E12,E1,-9.813000,263.103000,OK
4,10,adjacent,620,30,16,89,REV,E6,E5,E12,E1,-8.953000,263.263000,OK
4,10,adjacent,620,30,16,90,FWD,E6,E7,E1,E2,42.008000,236.131000,OK
4,10,adjacent,620,30,16,91,REV,E7,E6,E1,E2,43.211000,274.116000,OK
4,10,adjacent,620,30,16,92,FWD,E6,E7,E2,E3,-19.828000,282.176000,OK
4,10,adjacent,620,30,16,93,REV,E7,E6,E2,E3,-17.766000,274.595000,OK
4,10,adjacent,620,30,16,94,FWD,E6,E7,E3,E4,-1.039000,278.345000,OK
4,10,adjacent,620,30,16,95,REV,E7,E6,E3,E4,2.664000,267.173000,OK
4,10,adjacent,620,30,16,96,FWD,E6,E7,E4,E5,14.656000,287.443000,OK
4,10,adjacent,620,30,16,97,REV,E7,E6,E4,E5,24.203000,272.360000,OK
4,10,adjacent,620,30,16,98,FWD,E6,E7,E8,E9,2.836000,282.016000,OK
4,10,adjacent,620,30,16,99,REV,E7,E6,E8,E9,11.633000,265.497000,OK
4,10,adjacent,620,30,16,100,FWD,E6,E7,E9,E10,-5.008000,289.757000,OK
4,10,adjacent,620,30,16,101,REV,E7,E6,E9,E10,-0.242000,271.722000,OK
4,10,adjacent,620,30,16,102,FWD,E6,E7,E10,E11,4.914000,282.894000,OK
4,10,adjacent,620,30,16,103,REV,E7,E6,E10,E11,6.977000,264.699000,OK
4,10,adjacent,620,30,16,104,FWD,E6,E7,E11,E12,-15.000000,290.156000,OK
4,10,adjacent,620,30,16,105,REV,E7,E6,E11,E12,-13.141000,271.722000,OK
4,10,adjacent,620,30,16,106,FWD,E6,E7,E12,E1,-9.570000,283.772000,OK
4,10,adjacent,620,30,16,107,REV,E7,E6,E12,E1,-8.133000,265.976000,OK
4,10,adjacent,620,30,16,108,FWD,E7,E8,E1,E2,41.375000,225.916000,OK
4,10,adjacent,620,30,16,109,REV,E8,E7,E1,E2,42.367000,294.625000,OK
4,10,adjacent,620,30,16,110,FWD,E7,E8,E2,E3,-18.727000,274.914000,OK
4,10,adjacent,620,30,16,111,REV,E8,E7,E2,E3,-17.719000,274.116000,OK
4,10,adjacent,620,30,16,112,FWD,E7,E8,E3,E4,-0.656000,291.034000,OK
4,10,adjacent,620,30,16,113,REV,E8,E7,E3,E4,0.852000,278.824000,OK
4,10,adjacent,620,30,16,114,FWD,E7,E8,E4,E5,9.063000,286.086000,OK
4,10,adjacent,620,30,16,115,REV,E8,E7,E4,E5,12.242000,270.605000,OK
4,10,adjacent,620,30,16,116,FWD,E7,E8,E5,E6,-8.125000,296.221000,OK
4,10,adjacent,620,30,16,117,REV,E8,E7,E5,E6,-1.609000,276.829000,OK
4,10,adjacent,620,30,16,118,FWD,E7,E8,E9,E10,-7.008000,288.560000,OK
4,10,adjacent,620,30,16,119,REV,E8,E7,E9,E10,1.578000,270.365000,OK
4,10,adjacent,620,30,16,120,FWD,E7,E8,E10,E11,4.023000,297.019000,OK
4,10,adjacent,620,30,16,121,REV,E8,E7,E10,E11,7.359000,277.148000,OK
4,10,adjacent,620,30,16,122,FWD,E7,E8,E11,E12,-15.148000,290.236000,OK
4,10,adjacent,620,30,16,123,REV,E8,E7,E11,E12,-12.844000,270.285000,OK
4,10,adjacent,620,30,16,124,FWD,E7,E8,E12,E1,-9.477000,298.694000,OK
4,10,adjacent,620,30,16,125,REV,E8,E7,E12,E1,-8.336000,276.430000,OK
4,10,adjacent,620,30,16,126,FWD,E8,E9,E1,E2,41.023000,255.043000,OK
4,10,adjacent,620,30,16,127,REV,E9,E8,E1,E2,41.922000,314.256000,OK
4,10,adjacent,620,30,16,128,FWD,E8,E9,E2,E3,-18.219000,306.675000,OK
4,10,adjacent,620,30,16,129,REV,E9,E8,E2,E3,-17.375000,310.824000,OK
4,10,adjacent,620,30,16,130,FWD,E8,E9,E3,E4,-0.609000,305.078000,OK
4,10,adjacent,620,30,16,131,REV,E9,E8,E3,E4,0.359000,303.722000,OK
4,10,adjacent,620,30,16,132,FWD,E8,E9,E4,E5,8.695000,314.335000,OK
4,10,adjacent,620,30,16,133,REV,E9,E8,E4,E5,10.469000,308.510000,OK
4,10,adjacent,620,30,16,134,FWD,E8,E9,E5,E6,-8.117000,307.632000,OK
4,10,adjacent,620,30,16,135,REV,E9,E8,E5,E6,-5.484000,302.924000,OK
4,10,adjacent,620,30,16,136,FWD,E8,E9,E6,E7,4.469000,316.410000,OK
4,10,adjacent,620,30,16,137,REV,E9,E8,E6,E7,14.055000,309.069000,OK
4,10,adjacent,620,30,16,138,FWD,E8,E9,E10,E11,-3.484000,309.547000,OK
4,10,adjacent,620,30,16,139,REV,E9,E8,E10,E11,15.367000,301.966000,OK
4,10,adjacent,620,30,16,140,FWD,E8,E9,E11,E12,-16.367000,317.049000,OK
4,10,adjacent,620,30,16,141,REV,E9,E8,E11,E12,-11.953000,308.510000,OK
4,10,adjacent,620,30,16,142,FWD,E8,E9,E12,E1,-9.430000,310.425000,OK
4,10,adjacent,620,30,16,143,REV,E9,E8,E12,E1,-7.672000,301.966000,OK
4,10,adjacent,620,30,16,144,FWD,E9,E10,E1,E2,40.195000,215.063000,OK
4,10,adjacent,620,30,16,145,REV,E10,E9,E1,E2,42.031000,269.966000,OK
4,10,adjacent,620,30,16,146,FWD,E9,E10,E2,E3,-18.102000,259.113000,OK
4,10,adjacent,620,30,16,147,REV,E10,E9,E2,E3,-16.937000,253.128000,OK
4,10,adjacent,620,30,16,148,FWD,E9,E10,E3,E4,-0.852000,273.238000,OK
4,10,adjacent,620,30,16,149,REV,E10,E9,E3,E4,0.195000,256.240000,OK
4,10,adjacent,620,30,16,150,FWD,E9,E10,E4,E5,8.516000,268.051000,OK
4,10,adjacent,620,30,16,151,REV,E10,E9,E4,E5,9.883000,249.856000,OK
4,10,adjacent,620,30,16,152,FWD,E9,E10,E5,E6,-7.773000,276.590000,OK
4,10,adjacent,620,30,16,153,REV,E10,E9,E5,E6,-6.141000,255.602000,OK
4,10,adjacent,620,30,16,154,FWD,E9,E10,E6,E7,4.445000,270.285000,OK
4,10,adjacent,620,30,16,155,REV,E10,E9,E6,E7,8.852000,248.979000,OK
4,10,adjacent,620,30,16,156,FWD,E9,E10,E7,E8,-24.172000,278.425000,OK
4,10,adjacent,620,30,16,157,REV,E10,E9,E7,E8,-15.930000,254.405000,OK
4,10,adjacent,620,30,16,158,FWD,E9,E10,E11,E12,-34.500000,271.961000,OK
4,10,adjacent,620,30,16,159,REV,E10,E9,E11,E12,10.133000,249.298000,OK
4,10,adjacent,620,30,16,160,FWD,E9,E10,E12,E1,-10.797000,279.383000,OK
4,10,adjacent,620,30,16,161,REV,E10,E9,E12,E1,-6.508000,255.123000,OK
4,10,adjacent,620,30,16,162,FWD,E10,E11,E1,E2,40.063000,164.868000,OK
4,10,adjacent,620,30,16,163,REV,E11,E10,E1,E2,42.070000,217.617000,OK
4,10,adjacent,620,30,16,164,FWD,E10,E11,E2,E3,-17.914000,212.430000,OK
4,10,adjacent,620,30,16,165,REV,E11,E10,E2,E3,-16.766000,214.904000,OK
4,10,adjacent,620,30,16,166,FWD,E10,E11,E3,E4,-0.711000,210.355000,OK
4,10,adjacent,620,30,16,167,REV,E11,E10,E3,E4,0.102000,210.195000,OK
4,10,adjacent,620,30,16,168,FWD,E10,E11,E4,E5,8.672000,219.293000,OK
4,10,adjacent,620,30,16,169,REV,E11,E10,E4,E5,9.531000,214.026000,OK
4,10,adjacent,620,30,16,170,FWD,E10,E11,E5,E6,-7.328000,214.345000,OK
4,10,adjacent,620,30,16,171,REV,E11,E10,E5,E6,-6.609000,210.275000,OK
4,10,adjacent,620,30,16,172,FWD,E10,E11,E6,E7,5.742000,221.447000,OK
4,10,adjacent,620,30,16,173,REV,E11,E10,E6,E7,7.445000,214.345000,OK
4,10,adjacent,620,30,16,174,FWD,E10,E11,E7,E8,-21.773000,215.702000,OK
4,10,adjacent,620,30,16,175,REV,E11,E10,E7,E8,-19.352000,211.153000,OK
4,10,adjacent,620,30,16,176,FWD,E10,E11,E8,E9,1.883000,222.325000,OK
4,10,adjacent,620,30,16,177,REV,E11,E10,E8,E9,13.414000,215.382000,OK
4,10,adjacent,620,30,16,178,FWD,E10,E11,E12,E1,-20.375000,216.180000,OK
4,10,adjacent,620,30,16,179,REV,E11,E10,E12,E1,4.141000,211.153000,OK
4,10,adjacent,620,30,16,180,FWD,E11,E12,E1,E2,39.172000,151.781000,OK
4,10,adjacent,620,30,16,181,REV,E12,E11,E1,E2,42.703000,178.913000,OK
4,10,adjacent,620,30,16,182,FWD,E11,E12,E2,E3,-17.992000,181.706000,OK
4,10,adjacent,620,30,16,183,REV,E12,E11,E2,E3,-16.391000,169.178000,OK
4,10,adjacent,620,30,16,184,FWD,E11,E12,E3,E4,-0.937000,191.043000,OK
4,10,adjacent,620,30,16,185,REV,E12,E11,E3,E4,0.016000,170.933000,OK
4,10,adjacent,620,30,16,186,FWD,E11,E12,E4,E5,8.500000,187.692000,OK
4,10,adjacent,620,30,16,187,REV,E12,E11,E4,E5,9.375000,165.666000,OK
4,10,adjacent,620,30,16,188,FWD,E11,E12,E5,E6,-7.312000,193.836000,OK
4,10,adjacent,620,30,16,189,REV,E12,E11,E5,E6,-6.641000,169.736000,OK
4,10,adjacent,620,30,16,190,FWD,E11,E12,E6,E7,6.172000,189.208000,OK
4,10,adjacent,620,30,16,191,REV,E12,E11,E6,E7,7.383000,166.784000,OK
4,10,adjacent,620,30,16,192,FWD,E11,E12,E7,E8,-21.422000,194.874000,OK
4,10,adjacent,620,30,16,193,REV,E12,E11,E7,E8,-19.969000,170.933000,OK
4,10,adjacent,620,30,16,194,FWD,E11,E12,E8,E9,5.969000,189.128000,OK
4,10,adjacent,620,30,16,195,REV,E12,E11,E8,E9,8.328000,166.305000,OK
4,10,adjacent,620,30,16,196,FWD,E11,E12,E9,E10,-15.063000,195.033000,OK
4,10,adjacent,620,30,16,197,REV,E12,E11,E9,E10,11.977000,170.295000,OK
4,10,adjacent,620,30,16,198,FWD,E12,E1,E2,E3,-18.641000,161.597000,OK
4,10,adjacent,620,30,16,199,REV,E1,E12,E2,E3,-14.969000,215.462000,OK
4,10,adjacent,620,30,16,200,FWD,E12,E1,E3,E4,-1.352000,205.727000,OK
4,10,adjacent,620,30,16,201,REV,E1,E12,E3,E4,0.437000,213.148000,OK
4,10,adjacent,620,30,16,202,FWD,E12,E1,E4,E5,8.281000,203.013000,OK
4,10,adjacent,620,30,16,203,REV,E1,E12,E4,E5,9.563000,207.722000,OK
4,10,adjacent,620,30,16,204,FWD,E12,E1,E5,E6,-7.336000,212.111000,OK
4,10,adjacent,620,30,16,205,REV,E1,E12,E5,E6,-6.641000,212.031000,OK
4,10,adjacent,620,30,16,206,FWD,E12,E1,E6,E7,6.523000,206.684000,OK
4,10,adjacent,620,30,16,207,REV,E1,E12,E6,E7,7.570000,207.881000,OK
4,10,adjacent,620,30,16,208,FWD,E12,E1,E7,E8,-21.102000,214.345000,OK
4,10,adjacent,620,30,16,209,REV,E1,E12,E7,E8,-20.172000,211.632000,OK
4,10,adjacent,620,30,16,210,FWD,E12,E1,E8,E9,6.906000,207.881000,OK
4,10,adjacent,620,30,16,211,REV,E1,E12,E8,E9,7.930000,207.083000,OK
4,10,adjacent,620,30,16,212,FWD,E12,E1,E9,E10,-4.141000,215.622000,OK
4,10,adjacent,620,30,16,213,REV,E1,E12,E9,E10,-0.648000,210.754000,OK
4,10,adjacent,620,30,16,214,FWD,E12,E1,E10,E11,-1.359000,208.200000,OK
4,10,adjacent,620,30,16,215,REV,E1,E12,E10,E11,19.859000,207.562000,OK
5,11,adjacent,620,30,16,0,FWD,E1,E2,E3,E4,-2.508000,175.163000,OK
5,11,adjacent,620,30,16,1,REV,E2,E1,E3,E4,1.891000,236.131000,OK
5,11,adjacent,620,30,16,2,FWD,E1,E2,E4,E5,7.656000,211.313000,OK
5,11,adjacent,620,30,16,3,REV,E2,E1,E4,E5,10.164000,222.884000,OK
5,11,adjacent,620,30,16,4,FWD,E1,E2,E5,E6,-7.547000,222.724000,OK
5,11,adjacent,620,30,16,5,REV,E2,E1,E5,E6,-6.469000,226.874000,OK
5,11,adjacent,620,30,16,6,FWD,E1,E2,E6,E7,6.617000,218.016000,OK
5,11,adjacent,620,30,16,7,REV,E2,E1,E6,E7,7.766000,221.208000,OK
5,11,adjacent,620,30,16,8,FWD,E1,E2,E7,E8,-21.016000,226.315000,OK
5,11,adjacent,620,30,16,9,REV,E2,E1,E7,E8,-20.242000,227.033000,OK
5,11,adjacent,620,30,16,10,FWD,E1,E2,E8,E9,7.203000,221.048000,OK
5,11,adjacent,620,30,16,11,REV,E2,E1,E8,E9,7.961000,221.687000,OK
5,11,adjacent,620,30,16,12,FWD,E1,E2,E9,E10,-3.633000,227.831000,OK
5,11,adjacent,620,30,16,13,REV,E2,E1,E9,E10,-2.039000,227.831000,OK
5,11,adjacent,620,30,16,14,FWD,E1,E2,E10,E11,6.875000,221.926000,OK
5,11,adjacent,620,30,16,15,REV,E2,E1,E10,E11,9.156000,223.283000,OK
5,11,adjacent,620,30,16,16,FWD,E1,E2,E11,E12,-14.273000,228.629000,OK
5,11,adjacent,620,30,16,17,REV,E2,E1,E11,E12,-9.883000,228.230000,OK
5,11,adjacent,620,30,16,18,FWD,E2,E3,E4,E5,5.969000,179.233000,OK
5,11,adjacent,620,30,16,19,REV,E3,E2,E4,E5,12.242000,233.258000,OK
5,11,adjacent,620,30,16,20,FWD,E2,E3,E5,E6,-8.102000,231.662000,OK
5,11,adjacent,620,30,16,21,REV,E3,E2,E5,E6,-6.164000,231.263000,OK
5,11,adjacent,620,30,16,22,FWD,E2,E3,E6,E7,6.664000,228.470000,OK
5,11,adjacent,620,30,16,23,REV,E3,E2,E6,E7,8.328000,224.958000,OK
5,11,adjacent,620,30,16,24,FWD,E2,E3,E7,E8,-21.109000,240.200000,OK
5,11,adjacent,620,30,16,25,REV,E3,E2,E7,E8,-20.266000,230.146000,OK
5,11,adjacent,620,30,16,26,FWD,E2,E3,E8,E9,7.242000,233.178000,OK
5,11,adjacent,620,30,16,27,REV,E3,E2,E8,E9,7.812000,223.682000,OK
5,11,adjacent,620,30,16,28,FWD,E2,E3,E9,E10,-3.539000,242.594000,OK
5,11,adjacent,620,30,16,29,REV,E3,E2,E9,E10,-2.508000,230.066000,OK
5,11,adjacent,620,30,16,30,FWD,E2,E3,E10,E11,6.891000,234.694000,OK
5,11,adjacent,620,30,16,31,REV,E3,E2,E10,E11,8.086000,224.559000,OK
5,11,adjacent,620,30,16,32,FWD,E2,E3,E11,E12,-15.523000,244.111000,OK
5,11,adjacent,620,30,16,33,REV,E3,E2,E11,E12,-13.430000,229.348000,OK
5,11,adjacent,620,30,16,34,FWD,E2,E3,E12,E1,-11.773000,237.008000,OK
5,11,adjacent,620,30,16,35,REV,E3,E2,E12,E1,-7.344000,224.559000,OK
5,11,adjacent,620,30,16,36,FWD,E3,E4,E1,E2,119.195000,223.761000,OK
5,11,adjacent,620,30,16,37,REV,E4,E3,E1,E2,97.313000,286.565000,OK
5,11,adjacent,620,30,16,38,FWD,E3,E4,E5,E6,-14.672000,264.380000,OK
5,11,adjacent,620,30,16,39,REV,E4,E3,E5,E6,0.555000,273.637000,OK
5,11,adjacent,620,30,16,40,FWD,E3,E4,E6,E7,5.750000,280.979000,OK
5,11,adjacent,620,30,16,41,REV,E4,E3,E6,E7,9.719000,277.547000,OK
5,11,adjacent,620,30,16,42,FWD,E3,E4,E7,E8,-21.539000,276.590000,OK
5,11,adjacent,620,30,16,43,REV,E4,E3,E7,E8,-20.031000,271.802000,OK
5,11,adjacent,620,30,16,44,FWD,E3,E4,E8,E9,7.172000,285.607000,OK
5,11,adjacent,620,30,16,45,REV,E4,E3,E8,E9,8.078000,278.106000,OK
5,11,adjacent,620,30,16,46,FWD,E3,E4,E9,E10,-3.641000,278.265000,OK
5,11,adjacent,620,30,16,47,REV,E4,E3,E9,E10,-2.547000,272.520000,OK
5,11,adjacent,620,30,16,48,FWD,E3,E4,E10,E11,6.586000,287.682000,OK
5,11,adjacent,620,30,16,49,REV,E4,E3,E10,E11,7.648000,277.787000,OK
5,11,adjacent,620,30,16,50,FWD,E3,E4,E11,E12,-15.641000,280.101000,OK
5,11,adjacent,620,30,16,51,REV,E4,E3,E11,E12,-14.070000,273.477000,OK
5,11,adjacent,620,30,16,52,FWD,E3,E4,E12,E1,-10.438000,288.480000,OK
5,11,adjacent,620,30,16,53,REV,E4,E3,E12,E1,-8.023000,280.340000,OK
5,11,adjacent,620,30,16,54,FWD,E4,E5,E1,E2,47.234000,198.784000,OK
5,11,adjacent,620,30,16,55,REV,E5,E4,E1,E2,49.133000,236.689000,OK
5,11,adjacent,620,30,16,56,FWD,E4,E5,E2,E3,-12.375000,245.467000,OK
5,11,adjacent,620,30,16,57,REV,E5,E4,E2,E3,-9.055000,234.455000,OK
5,11,adjacent,620,30,16,58,FWD,E4,E5,E6,E7,3.031000,243.073000,OK
5,11,adjacent,620,30,16,59,REV,E5,E4,E6,E7,12.289000,227.512000,OK
5,11,adjacent,620,30,16,60,FWD,E4,E5,E7,E8,-22.266000,251.133000,OK
5,11,adjacent,620,30,16,61,REV,E5,E4,E7,E8,-19.328000,233.338000,OK
5,11,adjacent,620,30,16,62,FWD,E4,E5,E8,E9,7.008000,245.308000,OK
5,11,adjacent,620,30,16,63,REV,E5,E4,E8,E9,8.414000,227.831000,OK
5,11,adjacent,620,30,16,64,FWD,E4,E5,E9,E10,-3.977000,253.128000,OK
5,11,adjacent,620,30,16,65,REV,E5,E4,E9,E10,-2.625000,233.816000,OK
5,11,adjacent,620,30,16,66,FWD,E4,E5,E10,E11,6.375000,246.345000,OK
5,11,adjacent,620,30,16,67,REV,E5,E4,E10,E11,7.258000,227.592000,OK
5,11,adjacent,620,30,16,68,FWD,E4,E5,E11,E12,-15.430000,254.325000,OK
5,11,adjacent,620,30,16,69,REV,E5,E4,E11,E12,-14.156000,233.577000,OK
5,11,adjacent,620,30,16,70,FWD,E4,E5,E12,E1,-9.789000,246.744000,OK
5,11,adjacent,620,30,16,71,REV,E5,E4,E12,E1,-8.148000,229.028000,OK
5,11,adjacent,620,30,16,72,FWD,E5,E6,E1,E2,43.344000,202.056000,OK
5,11,adjacent,620,30,16,73,REV,E6,E5,E1,E2,44.461000,277.068000,OK
5,11,adjacent,620,30,16,74,FWD,E5,E6,E2,E3,-20.578000,244.111000,OK
5,11,adjacent,620,30,16,75,REV,E6,E5,E2,E3,-18.328000,260.151000,OK
5,11,adjacent,620,30,16,76,FWD,E5,E6,E3,E4,4.898000,257.437000,OK
5,11,adjacent,620,30,16,77,REV,E6,E5,E3,E4,14.977000,264.699000,OK
5,11,adjacent,620,30,16,78,FWD,E5,E6,E7,E8,-23.805000,252.250000,OK
5,11,adjacent,620,30,16,79,REV,E6,E5,E7,E8,-17.437000,258.954000,OK
5,11,adjacent,620,30,16,80,FWD,E5,E6,E8,E9,6.625000,260.151000,OK
5,11,adjacent,620,30,16,81,REV,E6,E5,E8,E9,8.914000,262.784000,OK
5,11,adjacent,620,30,16,82,FWD,E5,E6,E9,E10,-4.008000,254.884000,OK
5,11,adjacent,620,30,16,83,REV,E6,E5,E9,E10,-2.430000,258.555000,OK
5,11,adjacent,620,30,16,84,FWD,E5,E6,E10,E11,6.102000,262.624000,OK
5,11,adjacent,620,30,16,85,REV,E6,E5,E10,E11,7.023000,263.662000,OK
5,11,adjacent,620,30,16,86,FWD,E5,E6,E11,E12,-15.352000,255.522000,OK
5,11,adjacent,620,30,16,87,REV,E6,E5,E11,E12,-14.375000,258.874000,OK
5,11,adjacent,620,30,16,88,FWD,E5,E6,E12,E1,-9.016000,262.545000,OK
5,11,adjacent,620,30,16,89,REV,E6,E5,E12,E1,-8.156000,263.981000,OK
5,11,adjacent,620,30,16,90,FWD,E6,E7,E1,E2,42.125000,237.248000,OK
5,11,adjacent,620,30,16,91,REV,E7,E6,E1,E2,43.359000,273.398000,OK
5,11,adjacent,620,30,16,92,FWD,E6,E7,E2,E3,-19.969000,283.053000,OK
5,11,adjacent,620,30,16,93,REV,E7,E6,E2,E3,-17.930000,274.754000,OK
5,11,adjacent,620,30,16,94,FWD,E6,E7,E3,E4,-0.789000,279.143000,OK
5,11,adjacent,620,30,16,95,REV,E7,E6,E3,E4,2.914000,266.774000,OK
5,11,adjacent,620,30,16,96,FWD,E6,E7,E4,E5,14.711000,288.081000,OK
5,11,adjacent,620,30,16,97,REV,E7,E6,E4,E5,24.305000,272.280000,OK
5,11,adjacent,620,30,16,98,FWD,E6,E7,E8,E9,3.117000,283.293000,OK
5,11,adjacent,620,30,16,99,REV,E7,E6,E8,E9,11.922000,265.497000,OK
5,11,adjacent,620,30,16,100,FWD,E6,E7,E9,E10,-5.641000,290.395000,OK
5,11,adjacent,620,30,16,101,REV,E7,E6,E9,E10,-0.859000,272.440000,OK
5,11,adjacent,620,30,16,102,FWD,E6,E7,E10,E11,5.328000,282.974000,OK
5,11,adjacent,620,30,16,103,REV,E7,E6,E10,E11,7.383000,266.136000,OK
5,11,adjacent,620,30,16,104,FWD,E6,E7,E11,E12,-15.953000,290.954000,OK
5,11,adjacent,620,30,16,105,REV,E7,E6,E11,E12,-14.047000,272.520000,OK
5,11,adjacent,620,30,16,106,FWD,E6,E7,E12,E1,-8.992000,284.490000,OK
5,11,adjacent,620,30,16,107,REV,E7,E6,E12,E1,-7.492000,265.896000,OK
5,11,adjacent,620,30,16,108,FWD,E7,E8,E1,E2,41.492000,228.470000,OK
5,11,adjacent,620,30,16,109,REV,E8,E7,E1,E2,42.297000,295.343000,OK
5,11,adjacent,620,30,16,110,FWD,E7,E8,E2,E3,-18.867000,275.632000,OK
5,11,adjacent,620,30,16,111,REV,E8,E7,E2,E3,-17.859000,274.355000,OK
5,11,adjacent,620,30,16,112,FWD,E7,E8,E3,E4,-0.195000,293.029000,OK
5,11,adjacent,620,30,16,113,REV,E8,E7,E3,E4,1.359000,279.143000,OK
5,11,adjacent,620,30,16,114,FWD,E7,E8,E4,E5,9.188000,287.363000,OK
5,11,adjacent,620,30,16,115,REV,E8,E7,E4,E5,12.391000,271.163000,OK
5,11,adjacent,620,30,16,116,FWD,E7,E8,E5,E6,-8.555000,297.019000,OK
5,11,adjacent,620,30,16,117,REV,E8,E7,E5,E6,-2.039000,277.467000,OK
5,11,adjacent,620,30,16,118,FWD,E7,E8,E9,E10,-7.781000,288.879000,OK
5,11,adjacent,620,30,16,119,REV,E8,E7,E9,E10,0.789000,270.126000,OK
5,11,adjacent,620,30,16,120,FWD,E7,E8,E10,E11,4.625000,298.216000,OK
5,11,adjacent,620,30,16,121,REV,E8,E7,E10,E11,7.945000,277.228000,OK
5,11,adjacent,620,30,16,122,FWD,E7,E8,E11,E12,-16.281000,291.273000,OK
5,11,adjacent,620,30,16,123,REV,E8,E7,E11,E12,-13.969000,270.126000,OK
5,11,adjacent,620,30,16,124,FWD,E7,E8,E12,E1,-8.453000,299.333000,OK
5,11,adjacent,620,30,16,125,REV,E8,E7,E12,E1,-7.266000,276.749000,OK
5,11,adjacent,620,30,16,126,FWD,E8,E9,E1,E2,41.008000,254.724000,OK
5,11,adjacent,620,30,16,127,REV,E9,E8,E1,E2,41.906000,314.575000,OK
5,11,adjacent,620,30,16,128,FWD,E8,E9,E2,E3,-18.328000,307.074000,OK
5,11,adjacent,620,30,16,129,REV,E9,E8,E2,E3,-17.500000,310.585000,OK
5,11,adjacent,620,30,16,130,FWD,E8,E9,E3,E4,-0.141000,305.238000,OK
5,11,adjacent,620,30,16,131,REV,E9,E8,E3,E4,0.852000,303.802000,OK
5,11,adjacent,620,30,16,132,FWD,E8,E9,E4,E5,8.930000,315.054000,OK
5,11,adjacent,620,30,16,133,REV,E9,E8,E4,E5,10.711000,308.350000,OK
5,11,adjacent,620,30,16,134,FWD,E8,E9,E5,E6,-8.539000,307.552000,OK
5,11,adjacent,620,30,16,135,REV,E9,E8,E5,E6,-5.859000,303.243000,OK
5,11,adjacent,620,30,16,136,FWD,E8,E9,E6,E7,4.625000,316.011000,OK
5,11,adjacent,620,30,16,137,REV,E9,E8,E6,E7,14.203000,308.829000,OK
5,11,adjacent,620,30,16,138,FWD,E8,E9,E10,E11,-3.031000,309.468000,OK
5,11,adjacent,620,30,16,139,REV,E9,E8,E10,E11,15.750000,303.004000,OK
5,11,adjacent,620,30,16,140,FWD,E8,E9,E11,E12,-17.203000,318.086000,OK
5,11,adjacent,620,30,16,141,REV,E9,E8,E11,E12,-12.805000,308.510000,OK
5,11,adjacent,620,30,16,142,FWD,E8,E9,E12,E1,-8.734000,310.505000,OK
5,11,adjacent,620,30,16,143,REV,E9,E8,E12,E1,-7.070000,302.365000,OK
5,11,adjacent,620,30,16,144,FWD,E9,E10,E1,E2,40.383000,216.260000,OK
5,11,adjacent,620,30,16,145,REV,E10,E9,E1,E2,42.227000,269.088000,OK
5,11,adjacent,620,30,16,146,FWD,E9,E10,E2,E3,-18.234000,260.071000,OK
5,11,adjacent,620,30,16,147,REV,E10,E9,E2,E3,-17.062000,253.048000,OK
5,11,adjacent,620,30,16,148,FWD,E9,E10,E3,E4,-0.328000,273.637000,OK
5,11,adjacent,620,30,16,149,REV,E10,E9,E3,E4,0.859000,256.320000,OK
5,11,adjacent,620,30,16,150,FWD,E9,E10,E4,E5,8.805000,269.088000,OK
5,11,adjacent,620,30,16,151,REV,E10,E9,E4,E5,10.180000,250.096000,OK
5,11,adjacent,620,30,16,152,FWD,E9,E10,E5,E6,-8.250000,277.467000,OK
5,11,adjacent,620,30,16,153,REV,E10,E9,E5,E6,-6.641000,256.001000,OK
5,11,adjacent,620,30,16,154,FWD,E9,E10,E6,E7,4.352000,270.924000,OK
5,11,adjacent,620,30,16,155,REV,E10,E9,E6,E7,8.758000,249.298000,OK
5,11,adjacent,620,30,16,156,FWD,E9,E10,E7,E8,-24.172000,279.143000,OK
5,11,adjacent,620,30,16,157,REV,E10,E9,E7,E8,-15.875000,254.804000,OK
5,11,adjacent,620,30,16,158,FWD,E9,E10,E11,E12,-35.539000,272.121000,OK
5,11,adjacent,620,30,16,159,REV,E10,E9,E11,E12,9.180000,249.856000,OK
5,11,adjacent,620,30,16,160,FWD,E9,E10,E12,E1,-9.977000,279.782000,OK
5,11,adjacent,620,30,16,161,REV,E10,E9,E12,E1,-5.844000,255.442000,OK
5,11,adjacent,620,30,16,162,FWD,E10,E11,E1,E2,40.180000,164.629000,OK
5,11,adjacent,620,30,16,163,REV,E11,E10,E1,E2,42.141000,215.622000,OK
5,11,adjacent,620,30,16,164,FWD,E10,E11,E2,E3,-18.086000,212.270000,OK
5,11,adjacent,620,30,16,165,REV,E11,E10,E2,E3,-16.984000,214.185000,OK
5,11,adjacent,620,30,16,166,FWD,E10,E11,E3,E4,-0.094000,210.036000,OK
5,11,adjacent,620,30,16,167,REV,E11,E10,E3,E4,0.672000,210.674000,OK
5,11,adjacent,620,30,16,168,FWD,E10,E11,E4,E5,9.023000,217.537000,OK
5,11,adjacent,620,30,16,169,REV,E11,E10,E4,E5,9.844000,214.345000,OK
5,11,adjacent,620,30,16,170,FWD,E10,E11,E5,E6,-7.891000,212.988000,OK
5,11,adjacent,620,30,16,171,REV,E11,E10,E5,E6,-7.164000,209.956000,OK
5,11,adjacent,620,30,16,172,FWD,E10,E11,E6,E7,5.727000,220.490000,OK
5,11,adjacent,620,30,16,173,REV,E11,E10,E6,E7,7.422000,215.622000,OK
5,11,adjacent,620,30,16,174,FWD,E10,E11,E7,E8,-21.797000,214.584000,OK
5,11,adjacent,620,30,16,175,REV,E11,E10,E7,E8,-19.352000,211.791000,OK
5,11,adjacent,620,30,16,176,FWD,E10,E11,E8,E9,2.266000,220.569000,OK
5,11,adjacent,620,30,16,177,REV,E11,E10,E8,E9,13.766000,215.781000,OK
5,11,adjacent,620,30,16,178,FWD,E10,E11,E12,E1,-19.359000,214.505000,OK
5,11,adjacent,620,30,16,179,REV,E11,E10,E12,E1,5.195000,210.834000,OK
5,11,adjacent,620,30,16,180,FWD,E11,E12,E1,E2,38.805000,153.457000,OK
5,11,adjacent,620,30,16,181,REV,E12,E11,E1,E2,42.383000,178.036000,OK
5,11,adjacent,620,30,16,182,FWD,E11,E12,E2,E3,-18.219000,182.824000,OK
5,11,adjacent,620,30,16,183,REV,E12,E11,E2,E3,-16.641000,168.220000,OK
5,11,adjacent,620,30,16,184,FWD,E11,E12,E3,E4,-0.352000,191.522000,OK
5,11,adjacent,620,30,16,185,REV,E12,E11,E3,E4,0.602000,170.854000,OK
5,11,adjacent,620,30,16,186,FWD,E11,E12,E4,E5,8.914000,187.771000,OK
5,11,adjacent,620,30,16,187,REV,E12,E11,E4,E5,9.813000,165.746000,OK
5,11,adjacent,620,30,16,188,FWD,E11,E12,E5,E6,-8.023000,193.677000,OK
5,11,adjacent,620,30,16,189,REV,E12,E11,E5,E6,-7.344000,170.854000,OK
5,11,adjacent,620,30,16,190,FWD,E11,E12,E6,E7,6.102000,189.288000,OK
5,11,adjacent,620,30,16,191,REV,E12,E11,E6,E7,7.281000,165.826000,OK
5,11,adjacent,620,30,16,192,FWD,E11,E12,E7,E8,-21.422000,193.756000,OK
5,11,adjacent,620,30,16,193,REV,E12,E11,E7,E8,-19.961000,170.455000,OK
5,11,adjacent,620,30,16,194,FWD,E11,E12,E8,E9,6.406000,189.607000,OK
5,11,adjacent,620,30,16,195,REV,E12,E11,E8,E9,8.758000,165.826000,OK
5,11,adjacent,620,30,16,196,FWD,E11,E12,E9,E10,-15.531000,194.235000,OK
5,11,adjacent,620,30,16,197,REV,E12,E11,E9,E10,11.461000,169.816000,OK
5,11,adjacent,620,30,16,198,FWD,E12,E1,E2,E3,-18.906000,161.676000,OK
5,11,adjacent,620,30,16,199,REV,E1,E12,E2,E3,-15.211000,215.303000,OK
5,11,adjacent,620,30,16,200,FWD,E12,E1,E3,E4,-0.852000,205.088000,OK
5,11,adjacent,620,30,16,201,REV,E1,E12,E3,E4,0.937000,213.946000,OK
5,11,adjacent,620,30,16,202,FWD,E12,E1,E4,E5,8.727000,203.811000,OK
5,11,adjacent,620,30,16,203,REV,E1,E12,E4,E5,10.023000,207.722000,OK
5,11,adjacent,620,30,16,204,FWD,E12,E1,E5,E6,-8.055000,212.270000,OK
5,11,adjacent,620,30,16,205,REV,E1,E12,E5,E6,-7.312000,211.791000,OK
5,11,adjacent,620,30,16,206,FWD,E12,E1,E6,E7,6.469000,207.083000,OK
5,11,adjacent,620,30,16,207,REV,E1,E12,E6,E7,7.492000,207.243000,OK
5,11,adjacent,620,30,16,208,FWD,E12,E1,E7,E8,-21.141000,214.026000,OK
5,11,adjacent,620,30,16,209,REV,E1,E12,E7,E8,-20.187000,212.111000,OK
5,11,adjacent,620,30,16,210,FWD,E12,E1,E8,E9,7.156000,208.759000,OK
5,11,adjacent,620,30,16,211,REV,E1,E12,E8,E9,8.180000,207.482000,OK
5,11,adjacent,620,30,16,212,FWD,E12,E1,E9,E10,-4.602000,215.861000,OK
5,11,adjacent,620,30,16,213,REV,E1,E12,E9,E10,-1.156000,211.313000,OK
5,11,adjacent,620,30,16,214,FWD,E12,E1,E10,E11,-0.875000,209.956000,OK
5,11,adjacent,620,30,16,215,REV,E1,E12,E10,E11,20.281000,207.003000,OK
6,12,adjacent,620,30,16,0,FWD,E1,E2,E3,E4,-2.000000,176.280000,OK
6,12,adjacent,620,30,16,1,REV,E2,E1,E3,E4,2.430000,237.727000,OK
6,12,adjacent,620,30,16,2,FWD,E1,E2,E4,E5,8.125000,211.632000,OK
6,12,adjacent,620,30,16,3,REV,E2,E1,E4,E5,10.617000,224.480000,OK
6,12,adjacent,620,30,16,4,FWD,E1,E2,E5,E6,-8.258000,223.442000,OK
6,12,adjacent,620,30,16,5,REV,E2,E1,E5,E6,-7.187000,227.193000,OK
6,12,adjacent,620,30,16,6,FWD,E1,E2,E6,E7,6.594000,220.011000,OK
6,12,adjacent,620,30,16,7,REV,E2,E1,E6,E7,7.750000,222.006000,OK
6,12,adjacent,620,30,16,8,FWD,E1,E2,E7,E8,-21.125000,227.193000,OK
6,12,adjacent,620,30,16,9,REV,E2,E1,E7,E8,-20.375000,227.432000,OK
6,12,adjacent,620,30,16,10,FWD,E1,E2,E8,E9,7.320000,222.086000,OK
6,12,adjacent,620,30,16,11,REV,E2,E1,E8,E9,8.102000,222.804000,OK
6,12,adjacent,620,30,16,12,FWD,E1,E2,E9,E10,-4.055000,228.709000,OK
6,12,adjacent,620,30,16,13,REV,E2,E1,E9,E10,-2.453000,227.033000,OK
6,12,adjacent,620,30,16,14,FWD,E1,E2,E10,E11,7.258000,223.602000,OK
6,12,adjacent,620,30,16,15,REV,E2,E1,E10,E11,9.523000,222.325000,OK
6,12,adjacent,620,30,16,16,FWD,E1,E2,E11,E12,-14.781000,229.507000,OK
6,12,adjacent,620,30,16,17,REV,E2,E1,E11,E12,-10.453000,227.672000,OK
6,12,adjacent,620,30,16,18,FWD,E2,E3,E4,E5,6.492000,178.036000,OK
6,12,adjacent,620,30,16,19,REV,E3,E2,E4,E5,12.625000,233.896000,OK
6,12,adjacent,620,30,16,20,FWD,E2,E3,E5,E6,-8.719000,231.662000,OK
6,12,adjacent,620,30,16,21,REV,E3,E2,E5,E6,-6.789000,231.023000,OK
6,12,adjacent,620,30,16,22,FWD,E2,E3,E6,E7,6.531000,229.108000,OK
6,12,adjacent,620,30,16,23,REV,E3,E2,E6,E7,8.148000,224.879000,OK
6,12,adjacent,620,30,16,24,FWD,E2,E3,E7,E8,-21.211000,238.684000,OK
6,12,adjacent,620,30,16,25,REV,E3,E2,E7,E8,-20.352000,230.225000,OK
6,12,adjacent,620,30,16,26,FWD,E2,E3,E8,E9,7.430000,231.343000,OK
6,12,adjacent,620,30,16,27,REV,E3,E2,E8,E9,8.055000,224.958000,OK
6,12,adjacent,620,30,16,28,FWD,E2,E3,E9,E10,-3.898000,240.839000,OK
6,12,adjacent,620,30,16,29,REV,E3,E2,E9,E10,-2.828000,229.667000,OK
6,12,adjacent,620,30,16,30,FWD,E2,E3,E10,E11,7.273000,233.497000,OK
6,12,adjacent,620,30,16,31,REV,E3,E2,E10,E11,8.453000,223.841000,OK
6,12,adjacent,620,30,16,32,FWD,E2,E3,E11,E12,-16.227000,242.515000,OK
6,12,adjacent,620,30,16,33,REV,E3,E2,E11,E12,-14.141000,230.624000,OK
6,12,adjacent,620,30,16,34,FWD,E2,E3,E12,E1,-10.938000,234.455000,OK
6,12,adjacent,620,30,16,35,REV,E3,E2,E12,E1,-6.617000,224.719000,OK
6,12,adjacent,620,30,16,36,FWD,E3,E4,E1,E2,118.109000,222.884000,OK
6,12,adjacent,620,30,16,37,REV,E4,E3,E1,E2,96.156000,286.645000,OK
6,12,adjacent,620,30,16,38,FWD,E3,E4,E5,E6,-15.227000,265.258000,OK
6,12,adjacent,620,30,16,39,REV,E4,E3,E5,E6,-0.008000,273.398000,OK
6,12,adjacent,620,30,16,40,FWD,E3,E4,E6,E7,5.570000,281.138000,OK
6,12,adjacent,620,30,16,41,REV,E4,E3,E6,E7,9.523000,278.265000,OK
6,12,adjacent,620,30,16,42,FWD,E3,E4,E7,E8,-21.523000,275.472000,OK
6,12,adjacent,620,30,16,43,REV,E4,E3,E7,E8,-20.016000,272.440000,OK
6,12,adjacent,620,30,16,44,FWD,E3,E4,E8,E9,7.266000,285.049000,OK
6,12,adjacent,620,30,16,45,REV,E4,E3,E8,E9,8.141000,278.186000,OK
6,12,adjacent,620,30,16,46,FWD,E3,E4,E9,E10,-3.875000,278.265000,OK
6,12,adjacent,620,30,16,47,REV,E4,E3,E9,E10,-2.859000,271.961000,OK
6,12,adjacent,620,30,16,48,FWD,E3,E4,E10,E11,6.992000,287.283000,OK
6,12,adjacent,620,30,16,49,REV,E4,E3,E10,E11,8.000000,278.984000,OK
6,12,adjacent,620,30,16,50,FWD,E3,E4,E11,E12,-16.531000,279.383000,OK
6,12,adjacent,620,30,16,51,REV,E4,E3,E11,E12,-14.969000,273.477000,OK
6,12,adjacent,620,30,16,52,FWD,E3,E4,E12,E1,-9.383000,288.241000,OK
6,12,adjacent,620,30,16,53,REV,E4,E3,E12,E1,-6.969000,279.622000,OK
6,12,adjacent,620,30,16,54,FWD,E4,E5,E1,E2,46.625000,198.704000,OK
6,12,adjacent,620,30,16,55,REV,E5,E4,E1,E2,48.539000,235.013000,OK
6,12,adjacent,620,30,16,56,FWD,E4,E5,E2,E3,-12.414000,244.988000,OK
6,12,adjacent,620,30,16,57,REV,E5,E4,E2,E3,-9.148000,234.375000,OK
6,12,adjacent,620,30,16,58,FWD,E4,E5,E6,E7,3.039000,242.116000,OK
6,12,adjacent,620,30,16,59,REV,E5,E4,E6,E7,12.234000,227.672000,OK
6,12,adjacent,620,30,16,60,FWD,E4,E5,E7,E8,-22.336000,250.255000,OK
6,12,adjacent,620,30,16,61,REV,E5,E4,E7,E8,-19.461000,234.215000,OK
6,12,adjacent,620,30,16,62,FWD,E4,E5,E8,E9,6.969000,245.068000,OK
6,12,adjacent,620,30,16,63,REV,E5,E4,E8,E9,8.328000,227.911000,OK
6,12,adjacent,620,30,16,64,FWD,E4,E5,E9,E10,-4.117000,252.011000,OK
6,12,adjacent,620,30,16,65,REV,E5,E4,E9,E10,-2.813000,235.253000,OK
6,12,adjacent,620,30,16,66,FWD,E4,E5,E10,E11,6.820000,245.388000,OK
6,12,adjacent,620,30,16,67,REV,E5,E4,E10,E11,7.742000,228.709000,OK
6,12,adjacent,620,30,16,68,FWD,E4,E5,E11,E12,-16.656000,252.649000,OK
6,12,adjacent,620,30,16,69,REV,E5,E4,E11,E12,-15.445000,235.572000,OK
6,12,adjacent,620,30,16,70,FWD,E4,E5,E12,E1,-8.563000,246.664000,OK
6,12,adjacent,620,30,16,71,REV,E5,E4,E12,E1,-6.898000,228.709000,OK
6,12,adjacent,620,30,16,72,FWD,E5,E6,E1,E2,42.852000,203.572000,OK
6,12,adjacent,620,30,16,73,REV,E6,E5,E1,E2,44.008000,277.866000,OK
6,12,adjacent,620,30,16,74,FWD,E5,E6,E2,E3,-20.562000,244.191000,OK
6,12,adjacent,620,30,16,75,REV,E6,E5,E2,E3,-18.297000,260.789000,OK
6,12,adjacent,620,30,16,76,FWD,E5,E6,E3,E4,5.328000,258.235000,OK
6,12,adjacent,620,30,16,77,REV,E6,E5,E3,E4,15.469000,264.859000,OK
6,12,adjacent,620,30,16,78,FWD,E5,E6,E7,E8,-23.984000,253.767000,OK
6,12,adjacent,620,30,16,79,REV,E6,E5,E7,E8,-17.555000,259.113000,OK
6,12,adjacent,620,30,16,80,FWD,E5,E6,E8,E9,6.578000,261.028000,OK
6,12,adjacent,620,30,16,81,REV,E6,E5,E8,E9,8.859000,263.742000,OK
6,12,adjacent,620,30,16,82,FWD,E5,E6,E9,E10,-4.227000,254.884000,OK
6,12,adjacent,620,30,16,83,REV,E6,E5,E9,E10,-2.633000,258.235000,OK
6,12,adjacent,620,30,16,84,FWD,E5,E6,E10,E11,6.609000,262.465000,OK
6,12,adjacent,620,30,16,85,REV,E6,E5,E10,E11,7.531000,263.662000,OK
6,12,adjacent,620,30,16,86,FWD,E5,E6,E11,E12,-16.453000,256.480000,OK
6,12,adjacent,620,30,16,87,REV,E6,E5,E11,E12,-15.508000,257.677000,OK
6,12,adjacent,620,30,16,88,FWD,E5,E6,E12,E1,-7.820000,263.901000,OK
6,12,adjacent,620,30,16,89,REV,E6,E5,E12,E1,-6.984000,263.343000,OK
6,12,adjacent,620,30,16,90,FWD,E6,E7,E1,E2,41.313000,235.652000,OK
6,12,adjacent,620,30,16,91,REV,E7,E6,E1,E2,42.523000,275.951000,OK
6,12,adjacent,620,30,16,92,FWD,E6,E7,E2,E3,-19.711000,281.378000,OK
6,12,adjacent,620,30,16,93,REV,E7,E6,E2,E3,-17.656000,275.951000,OK
6,12,adjacent,620,30,16,94,FWD,E6,E7,E3,E4,-0.281000,278.824000,OK
6,12,adjacent,620,30,16,95,REV,E7,E6,E3,E4,3.406000,268.051000,OK
6,12,adjacent,620,30,16,96,FWD,E6,E7,E4,E5,14.742000,288.161000,OK
6,12,adjacent,620,30,16,97,REV,E7,E6,E4,E5,24.305000,273.158000,OK
6,12,adjacent,620,30,16,98,FWD,E6,E7,E8,E9,3.180000,281.777000,OK
6,12,adjacent,620,30,16,99,REV,E7,E6,E8,E9,12.016000,266.375000,OK
6,12,adjacent,620,30,16,100,FWD,E6,E7,E9,E10,-6.078000,289.677000,OK
6,12,adjacent,620,30,16,101,REV,E7,E6,E9,E10,-1.344000,272.121000,OK
6,12,adjacent,620,30,16,102,FWD,E6,E7,E10,E11,5.687000,283.373000,OK
6,12,adjacent,620,30,16,103,REV,E7,E6,E10,E11,7.820000,266.056000,OK
6,12,adjacent,620,30,16,104,FWD,E6,E7,E11,E12,-16.992000,290.954000,OK
6,12,adjacent,620,30,16,105,REV,E7,E6,E11,E12,-15.109000,272.440000,OK
6,12,adjacent,620,30,16,106,FWD,E6,E7,E12,E1,-7.633000,283.612000,OK
6,12,adjacent,620,30,16,107,REV,E7,E6,E12,E1,-6.187000,265.737000,OK
6,12,adjacent,620,30,16,108,FWD,E7,E8,E1,E2,40.852000,227.273000,OK
6,12,adjacent,620,30,16,109,REV,E8,E7,E1,E2,41.813000,295.263000,OK
6,12,adjacent,620,30,16,110,FWD,E7,E8,E2,E3,-18.758000,276.350000,OK
6,12,adjacent,620,30,16,111,REV,E8,E7,E2,E3,-17.750000,274.674000,OK
6,12,adjacent,620,30,16,112,FWD,E7,E8,E3,E4,0.125000,293.188000,OK
6,12,adjacent,620,30,16,113,REV,E8,E7,E3,E4,1.680000,279.303000,OK
6,12,adjacent,620,30,16,114,FWD,E7,E8,E4,E5,9.336000,286.485000,OK
6,12,adjacent,620,30,16,115,REV,E8,E7,E4,E5,12.563000,271.722000,OK
6,12,adjacent,620,30,16,116,FWD,E7,E8,E5,E6,-9.055000,296.939000,OK
6,12,adjacent,620,30,16,117,REV,E8,E7,E5,E6,-2.477000,277.787000,OK
6,12,adjacent,620,30,16,118,FWD,E7,E8,E9,E10,-8.023000,289.198000,OK
6,12,adjacent,620,30,16,119,REV,E8,E7,E9,E10,0.609000,270.684000,OK
6,12,adjacent,620,30,16,120,FWD,E7,E8,E10,E11,4.844000,297.817000,OK
6,12,adjacent,620,30,16,121,REV,E8,E7,E10,E11,8.211000,277.308000,OK
6,12,adjacent,620,30,16,122,FWD,E7,E8,E11,E12,-17.305000,289.757000,OK
6,12,adjacent,620,30,16,123,REV,E8,E7,E11,E12,-15.000000,269.886000,OK
6,12,adjacent,620,30,16,124,FWD,E7,E8,E12,E1,-7.375000,299.173000,OK
6,12,adjacent,620,30,16,125,REV,E8,E7,E12,E1,-6.203000,277.068000,OK
6,12,adjacent,620,30,16,126,FWD,E8,E9,E1,E2,40.430000,254.724000,OK
6,12,adjacent,620,30,16,127,REV,E9,E8,E1,E2,41.336000,314.495000,OK
6,12,adjacent,620,30,16,128,FWD,E8,E9,E2,E3,-18.234000,307.552000,OK
6,12,adjacent,620,30,16,129,REV,E9,E8,E2,E3,-17.398000,311.702000,OK
6,12,adjacent,620,30,16,130,FWD,E8,E9,E3,E4,0.102000,303.562000,OK
6,12,adjacent,620,30,16,131,REV,E9,E8,E3,E4,1.047000,304.121000,OK
6,12,adjacent,620,30,16,132,FWD,E8,E9,E4,E5,9.211000,314.016000,OK
6,12,adjacent,620,30,16,133,REV,E9,E8,E4,E5,11.000000,308.670000,OK
6,12,adjacent,620,30,16,134,FWD,E8,E9,E5,E6,-9.133000,307.951000,OK
6,12,adjacent,620,30,16,135,REV,E9,E8,E5,E6,-6.492000,303.243000,OK
6,12,adjacent,620,30,16,136,FWD,E8,E9,E6,E7,5.008000,316.729000,OK
6,12,adjacent,620,30,16,137,REV,E9,E8,E6,E7,14.680000,308.989000,OK
6,12,adjacent,620,30,16,138,FWD,E8,E9,E10,E11,-2.820000,308.909000,OK
6,12,adjacent,620,30,16,139,REV,E9,E8,E10,E11,15.875000,302.924000,OK
6,12,adjacent,620,30,16,140,FWD,E8,E9,E11,E12,-17.867000,317.208000,OK
6,12,adjacent,620,30,16,141,REV,E9,E8,E11,E12,-13.508000,308.590000,OK
6,12,adjacent,620,30,16,142,FWD,E8,E9,E12,E1,-7.672000,309.547000,OK
6,12,adjacent,620,30,16,143,REV,E9,E8,E12,E1,-5.930000,302.605000,OK
6,12,adjacent,620,30,16,144,FWD,E9,E10,E1,E2,39.688000,215.702000,OK
6,12,adjacent,620,30,16,145,REV,E10,E9,E1,E2,41.531000,269.088000,OK
6,12,adjacent,620,30,16,146,FWD,E9,E10,E2,E3,-18.141000,258.555000,OK
6,12,adjacent,620,30,16,147,REV,E10,E9,E2,E3,-17.008000,252.490000,OK
6,12,adjacent,620,30,16,148,FWD,E9,E10,E3,E4,-0.164000,273.318000,OK
6,12,adjacent,620,30,16,149,REV,E10,E9,E3,E4,0.859000,255.203000,OK
6,12,adjacent,620,30,16,150,FWD,E9,E10,E4,E5,9.094000,269.168000,OK
6,12,adjacent,620,30,16,151,REV,E10,E9,E4,E5,10.477000,248.979000,OK
6,12,adjacent,620,30,16,152,FWD,E9,E10,E5,E6,-8.875000,276.909000,OK
6,12,adjacent,620,30,16,153,REV,E10,E9,E5,E6,-7.250000,255.203000,OK
6,12,adjacent,620,30,16,154,FWD,E9,E10,E6,E7,4.906000,270.365000,OK
6,12,adjacent,620,30,16,155,REV,E10,E9,E6,E7,9.359000,250.255000,OK
6,12,adjacent,620,30,16,156,FWD,E9,E10,E7,E8,-24.453000,278.505000,OK
6,12,adjacent,620,30,16,157,REV,E10,E9,E7,E8,-16.164000,253.846000,OK
6,12,adjacent,620,30,16,158,FWD,E9,E10,E11,E12,-36.484000,272.121000,OK
6,12,adjacent,620,30,16,159,REV,E10,E9,E11,E12,8.383000,248.580000,OK
6,12,adjacent,620,30,16,160,FWD,E9,E10,E12,E1,-8.703000,279.861000,OK
6,12,adjacent,620,30,16,161,REV,E10,E9,E12,E1,-4.352000,254.086000,OK
6,12,adjacent,620,30,16,162,FWD,E10,E11,E1,E2,39.422000,163.911000,OK
6,12,adjacent,620,30,16,163,REV,E11,E10,E1,E2,41.375000,214.824000,OK
6,12,adjacent,620,30,16,164,FWD,E10,E11,E2,E3,-17.914000,211.233000,OK
6,12,adjacent,620,30,16,165,REV,E11,E10,E2,E3,-16.781000,212.350000,OK
6,12,adjacent,620,30,16,166,FWD,E10,E11,E3,E4,-0.078000,209.477000,OK
6,12,adjacent,620,30,16,167,REV,E11,E10,E3,E4,0.680000,206.844000,OK
6,12,adjacent,620,30,16,168,FWD,E10,E11,E4,E5,9.211000,218.255000,OK
6,12,adjacent,620,30,16,169,REV,E11,E10,E4,E5,10.070000,212.430000,OK
6,12,adjacent,620,30,16,170,FWD,E10,E11,E5,E6,-8.492000,213.228000,OK
6,12,adjacent,620,30,16,171,REV,E11,E10,E5,E6,-7.766000,209.078000,OK
6,12,adjacent,620,30,16,172,FWD,E10,E11,E6,E7,6.500000,220.250000,OK
6,12,adjacent,620,30,16,173,REV,E11,E10,E6,E7,8.125000,212.111000,OK
6,12,adjacent,620,30,16,174,FWD,E10,E11,E7,E8,-22.109000,214.664000,OK
6,12,adjacent,620,30,16,175,REV,E11,E10,E7,E8,-19.719000,208.440000,OK
6,12,adjacent,620,30,16,176,FWD,E10,E11,E8,E9,2.359000,220.170000,OK
6,12,adjacent,620,30,16,177,REV,E11,E10,E8,E9,13.719000,214.185000,OK
6,12,adjacent,620,30,16,178,FWD,E10,E11,E12,E1,-17.875000,214.983000,OK
6,12,adjacent,620,30,16,179,REV,E11,E10,E12,E1,6.867000,209.397000,OK
6,12,adjacent,620,30,16,180,FWD,E11,E12,E1,E2,38.297000,149.307000,OK
6,12,adjacent,620,30,16,181,REV,E12,E11,E1,E2,41.805000,176.998000,OK
6,12,adjacent,620,30,16,182,FWD,E11,E12,E2,E3,-18.023000,180.190000,OK
6,12,adjacent,620,30,16,183,REV,E12,E11,E2,E3,-16.461000,166.305000,OK
6,12,adjacent,620,30,16,184,FWD,E11,E12,E3,E4,-0.320000,188.649000,OK
6,12,adjacent,620,30,16,185,REV,E12,E11,E3,E4,0.641000,169.816000,OK
6,12,adjacent,620,30,16,186,FWD,E11,E12,E4,E5,9.109000,185.697000,OK
6,12,adjacent,620,30,16,187,REV,E12,E11,E4,E5,9.984000,165.188000,OK
6,12,adjacent,620,30,16,188,FWD,E11,E12,E5,E6,-8.563000,192.001000,OK
6,12,adjacent,620,30,16,189,REV,E12,E11,E5,E6,-7.875000,169.736000,OK
6,12,adjacent,620,30,16,190,FWD,E11,E12,E6,E7,6.828000,186.814000,OK
6,12,adjacent,620,30,16,191,REV,E12,E11,E6,E7,8.008000,165.028000,OK
6,12,adjacent,620,30,16,192,FWD,E11,E12,E7,E8,-21.656000,191.123000,OK
6,12,adjacent,620,30,16,193,REV,E12,E11,E7,E8,-20.258000,169.736000,OK
6,12,adjacent,620,30,16,194,FWD,E11,E12,E8,E9,6.359000,186.654000,OK
6,12,adjacent,620,30,16,195,REV,E12,E11,E8,E9,8.695000,165.826000,OK
6,12,adjacent,620,30,16,196,FWD,E11,E12,E9,E10,-16.094000,192.559000,OK
6,12,adjacent,620,30,16,197,REV,E12,E11,E9,E10,11.078000,170.215000,OK
6,12,adjacent,620,30,16,198,FWD,E12,E1,E2,E3,-18.672000,160.878000,OK
6,12,adjacent,620,30,16,199,REV,E1,E12,E2,E3,-15.023000,216.420000,OK
6,12,adjacent,620,30,16,200,FWD,E12,E1,E3,E4,-0.758000,204.210000,OK
6,12,adjacent,620,30,16,201,REV,E1,E12,E3,E4,1.055000,213.547000,OK
6,12,adjacent,620,30,16,202,FWD,E12,E1,E4,E5,8.859000,201.976000,OK
6,12,adjacent,620,30,16,203,REV,E1,E12,E4,E5,10.172000,207.881000,OK
6,12,adjacent,620,30,16,204,FWD,E12,E1,E5,E6,-8.523000,211.632000,OK
6,12,adjacent,620,30,16,205,REV,E1,E12,E5,E6,-7.781000,212.270000,OK
6,12,adjacent,620,30,16,206,FWD,E12,E1,E6,E7,7.078000,205.647000,OK
6,12,adjacent,620,30,16,207,REV,E1,E12,E6,E7,8.086000,207.801000,OK
6,12,adjacent,620,30,16,208,FWD,E12,E1,E7,E8,-21.445000,212.829000,OK
6,12,adjacent,620,30,16,209,REV,E1,E12,E7,E8,-20.484000,212.111000,OK
6,12,adjacent,620,30,16,210,FWD,E12,E1,E8,E9,7.094000,207.003000,OK
6,12,adjacent,620,30,16,211,REV,E1,E12,E8,E9,8.172000,206.445000,OK
6,12,adjacent,620,30,16,212,FWD,E12,E1,E9,E10,-4.852000,214.584000,OK
6,12,adjacent,620,30,16,213,REV,E1,E12,E9,E10,-1.359000,211.632000,OK
6,12,adjacent,620,30,16,214,FWD,E12,E1,E10,E11,-1.344000,208.280000,OK
6,12,adjacent,620,30,16,215,REV,E1,E12,E10,E11,19.922000,207.722000,OK
7,13,adjacent,620,30,16,0,FWD,E1,E2,E3,E4,-1.898000,175.163000,OK
7,13,adjacent,620,30,16,1,REV,E2,E1,E3,E4,2.438000,237.647000,OK
7,13,adjacent,620,30,16,2,FWD,E1,E2,E4,E5,8.219000,211.153000,OK
7,13,adjacent,620,30,16,3,REV,E2,E1,E4,E5,10.734000,223.283000,OK
7,13,adjacent,620,30,16,4,FWD,E1,E2,E5,E6,-8.727000,223.203000,OK
7,13,adjacent,620,30,16,5,REV,E2,E1,E5,E6,-7.672000,227.991000,OK
7,13,adjacent,620,30,16,6,FWD,E1,E2,E6,E7,7.062000,219.851000,OK
7,13,adjacent,620,30,16,7,REV,E2,E1,E6,E7,8.242000,223.043000,OK
7,13,adjacent,620,30,16,8,FWD,E1,E2,E7,E8,-21.250000,226.714000,OK
7,13,adjacent,620,30,16,9,REV,E2,E1,E7,E8,-20.445000,227.672000,OK
7,13,adjacent,620,30,16,10,FWD,E1,E2,E8,E9,7.273000,221.128000,OK
7,13,adjacent,620,30,16,11,REV,E2,E1,E8,E9,8.016000,221.687000,OK
7,13,adjacent,620,30,16,12,FWD,E1,E2,E9,E10,-4.336000,229.028000,OK
7,13,adjacent,620,30,16,13,REV,E2,E1,E9,E10,-2.734000,227.273000,OK
7,13,adjacent,620,30,16,14,FWD,E1,E2,E10,E11,7.133000,222.564000,OK
7,13,adjacent,620,30,16,15,REV,E2,E1,E10,E11,9.352000,222.485000,OK
7,13,adjacent,620,30,16,16,FWD,E1,E2,E11,E12,-14.656000,228.789000,OK
7,13,adjacent,620,30,16,17,REV,E2,E1,E11,E12,-10.273000,227.512000,OK
7,13,adjacent,620,30,16,18,FWD,E2,E3,E4,E5,6.594000,177.477000,OK
7,13,adjacent,620,30,16,19,REV,E3,E2,E4,E5,12.703000,234.056000,OK
7,13,adjacent,620,30,16,20,FWD,E2,E3,E5,E6,-9.180000,231.422000,OK
7,13,adjacent,620,30,16,21,REV,E3,E2,E5,E6,-7.180000,231.422000,OK
7,13,adjacent,620,30,16,22,FWD,E2,E3,E6,E7,6.914000,228.071000,OK
7,13,adjacent,620,30,16,23,REV,E3,E2,E6,E7,8.547000,224.559000,OK
7,13,adjacent,620,30,16,24,FWD,E2,E3,E7,E8,-21.328000,237.886000,OK
7,13,adjacent,620,30,16,25,REV,E3,E2,E7,E8,-20.469000,229.667000,OK
7,13,adjacent,620,30,16,26,FWD,E2,E3,E8,E9,7.422000,231.821000,OK
7,13,adjacent,620,30,16,27,REV,E3,E2,E8,E9,7.992000,224.160000,OK
7,13,adjacent,620,30,16,28,FWD,E2,E3,E9,E10,-3.930000,241.956000,OK
7,13,adjacent,620,30,16,29,REV,E3,E2,E9,E10,-2.867000,229.108000,OK
7,13,adjacent,620,30,16,30,FWD,E2,E3,E10,E11,7.047000,234.774000,OK
7,13,adjacent,620,30,16,31,REV,E3,E2,E10,E11,8.219000,224.958000,OK
7,13,adjacent,620,30,16,32,FWD,E2,E3,E11,E12,-16.055000,243.073000,OK
7,13,adjacent,620,30,16,33,REV,E3,E2,E11,E12,-14.000000,229.507000,OK
7,13,adjacent,620,30,16,34,FWD,E2,E3,E12,E1,-10.836000,235.093000,OK
7,13,adjacent,620,30,16,35,REV,E3,E2,E12,E1,-6.437000,225.038000,OK
7,13,adjacent,620,30,16,36,FWD,E3,E4,E1,E2,117.641000,223.043000,OK
7,13,adjacent,620,30,16,37,REV,E4,E3,E1,E2,95.625000,285.527000,OK
7,13,adjacent,620,30,16,38,FWD,E3,E4,E5,E6,-15.664000,265.258000,OK
7,13,adjacent,620,30,16,39,REV,E4,E3,E5,E6,-0.430000,273.238000,OK
7,13,adjacent,620,30,16,40,FWD,E3,E4,E6,E7,5.977000,280.260000,OK
7,13,adjacent,620,30,16,41,REV,E4,E3,E6,E7,9.930000,277.787000,OK
7,13,adjacent,620,30,16,42,FWD,E3,E4,E7,E8,-21.703000,275.712000,OK
7,13,adjacent,620,30,16,43,REV,E4,E3,E7,E8,-20.195000,271.802000,OK
7,13,adjacent,620,30,16,44,FWD,E3,E4,E8,E9,7.258000,285.049000,OK
7,13,adjacent,620,30,16,45,REV,E4,E3,E8,E9,8.117000,276.989000,OK
7,13,adjacent,620,30,16,46,FWD,E3,E4,E9,E10,-3.977000,278.904000,OK
7,13,adjacent,620,30,16,47,REV,E4,E3,E9,E10,-2.859000,271.722000,OK
7,13,adjacent,620,30,16,48,FWD,E3,E4,E10,E11,6.875000,286.964000,OK
7,13,adjacent,620,30,16,49,REV,E4,E3,E10,E11,7.812000,278.106000,OK
7,13,adjacent,620,30,16,50,FWD,E3,E4,E11,E12,-16.680000,280.739000,OK
7,13,adjacent,620,30,16,51,REV,E4,E3,E11,E12,-15.211000,273.238000,OK
7,13,adjacent,620,30,16,52,FWD,E3,E4,E12,E1,-8.930000,288.001000,OK
7,13,adjacent,620,30,16,53,REV,E4,E3,E12,E1,-6.555000,278.664000,OK
7,13,adjacent,620,30,16,54,FWD,E4,E5,E1,E2,46.086000,198.544000,OK
7,13,adjacent,620,30,16,55,REV,E5,E4,E1,E2,47.992000,235.412000,OK
7,13,adjacent,620,30,16,56,FWD,E4,E5,E2,E3,-11.945000,244.909000,OK
7,13,adjacent,620,30,16,57,REV,E5,E4,E2,E3,-8.688000,234.215000,OK
7,13,adjacent,620,30,16,58,FWD,E4,E5,E6,E7,3.250000,242.594000,OK
7,13,adjacent,620,30,16,59,REV,E5,E4,E6,E7,12.477000,227.033000,OK
7,13,adjacent,620,30,16,60,FWD,E4,E5,E7,E8,-22.516000,250.654000,OK
7,13,adjacent,620,30,16,61,REV,E5,E4,E7,E8,-19.633000,232.939000,OK
7,13,adjacent,620,30,16,62,FWD,E4,E5,E8,E9,7.023000,244.510000,OK
7,13,adjacent,620,30,16,63,REV,E5,E4,E8,E9,8.383000,226.714000,OK
7,13,adjacent,620,30,16,64,FWD,E4,E5,E9,E10,-4.086000,251.452000,OK
7,13,adjacent,620,30,16,65,REV,E5,E4,E9,E10,-2.781000,232.619000,OK
7,13,adjacent,620,30,16,66,FWD,E4,E5,E10,E11,6.664000,245.866000,OK
7,13,adjacent,620,30,16,67,REV,E5,E4,E10,E11,7.523000,227.512000,OK
7,13,adjacent,620,30,16,68,FWD,E4,E5,E11,E12,-16.906000,252.889000,OK
7,13,adjacent,620,30,16,69,REV,E5,E4,E11,E12,-15.742000,233.497000,OK
7,13,adjacent,620,30,16,70,FWD,E4,E5,E12,E1,-8.047000,245.547000,OK
7,13,adjacent,620,30,16,71,REV,E5,E4,E12,E1,-6.445000,226.874000,OK
7,13,adjacent,620,30,16,72,FWD,E5,E6,E1,E2,42.352000,198.544000,OK
7,13,adjacent,620,30,16,73,REV,E6,E5,E1,E2,43.539000,277.866000,OK
7,13,adjacent,620,30,16,74,FWD,E5,E6,E2,E3,-20.109000,242.036000,OK
7,13,adjacent,620,30,16,75,REV,E6,E5,E2,E3,-17.891000,261.348000,OK
7,13,adjacent,620,30,16,76,FWD,E5,E6,E3,E4,4.914000,255.841000,OK
7,13,adjacent,620,30,16,77,REV,E6,E5,E3,E4,15.023000,264.779000,OK
7,13,adjacent,620,30,16,78,FWD,E5,E6,E7,E8,-24.094000,250.654000,OK
7,13,adjacent,620,30,16,79,REV,E6,E5,E7,E8,-17.719000,258.954000,OK
7,13,adjacent,620,30,16,80,FWD,E5,E6,E8,E9,6.734000,258.634000,OK
7,13,adjacent,620,30,16,81,REV,E6,E5,E8,E9,9.008000,263.502000,OK
7,13,adjacent,620,30,16,82,FWD,E5,E6,E9,E10,-4.242000,253.128000,OK
7,13,adjacent,620,30,16,83,REV,E6,E5,E9,E10,-2.664000,257.836000,OK
7,13,adjacent,620,30,16,84,FWD,E5,E6,E10,E11,6.492000,260.230000,OK
7,13,adjacent,620,30,16,85,REV,E6,E5,E10,E11,7.383000,263.582000,OK
7,13,adjacent,620,30,16,86,FWD,E5,E6,E11,E12,-16.711000,253.527000,OK
7,13,adjacent,620,30,16,87,REV,E6,E5,E11,E12,-15.680000,258.076000,OK
7,13,adjacent,620,30,16,88,FWD,E5,E6,E12,E1,-7.562000,261.188000,OK
7,13,adjacent,620,30,16,89,REV,E6,E5,E12,E1,-6.711000,263.263000,OK
7,13,adjacent,620,30,16,90,FWD,E6,E7,E1,E2,41.133000,236.051000,OK
7,13,adjacent,620,30,16,91,REV,E7,E6,E1,E2,42.453000,275.313000,OK
7,13,adjacent,620,30,16,92,FWD,E6,E7,E2,E3,-19.508000,282.335000,OK
7,13,adjacent,620,30,16,93,REV,E7,E6,E2,E3,-17.406000,275.712000,OK
7,13,adjacent,620,30,16,94,FWD,E6,E7,E3,E4,-0.406000,278.585000,OK
7,13,adjacent,620,30,16,95,REV,E7,E6,E3,E4,3.320000,268.051000,OK
7,13,adjacent,620,30,16,96,FWD,E6,E7,E4,E5,14.117000,288.001000,OK
7,13,adjacent,620,30,16,97,REV,E7,E6,E4,E5,23.758000,272.759000,OK
7,13,adjacent,620,30,16,98,FWD,E6,E7,E8,E9,3.250000,282.415000,OK
7,13,adjacent,620,30,16,99,REV,E7,E6,E8,E9,12.086000,266.535000,OK
7,13,adjacent,620,30,16,100,FWD,E6,E7,E9,E10,-5.937000,289.996000,OK
7,13,adjacent,620,30,16,101,REV,E7,E6,E9,E10,-1.141000,272.440000,OK
7,13,adjacent,620,30,16,102,FWD,E6,E7,E10,E11,5.750000,283.133000,OK
7,13,adjacent,620,30,16,103,REV,E7,E6,E10,E11,7.875000,267.652000,OK
7,13,adjacent,620,30,16,104,FWD,E6,E7,E11,E12,-17.437000,290.714000,OK
7,13,adjacent,620,30,16,105,REV,E7,E6,E11,E12,-15.508000,271.802000,OK
7,13,adjacent,620,30,16,106,FWD,E6,E7,E12,E1,-7.531000,284.330000,OK
7,13,adjacent,620,30,16,107,REV,E7,E6,E12,E1,-6.055000,266.216000,OK
7,13,adjacent,620,30,16,108,FWD,E7,E8,E1,E2,40.656000,229.826000,OK
7,13,adjacent,620,30,16,109,REV,E8,E7,E1,E2,41.625000,294.305000,OK
7,13,adjacent,620,30,16,110,FWD,E7,E8,E2,E3,-18.500000,277.866000,OK
7,13,adjacent,620,30,16,111,REV,E8,E7,E2,E3,-17.469000,275.073000,OK
7,13,adjacent,620,30,16,112,FWD,E7,E8,E3,E4,0.016000,294.625000,OK
7,13,adjacent,620,30,16,113,REV,E8,E7,E3,E4,1.539000,277.467000,OK
7,13,adjacent,620,30,16,114,FWD,E7,E8,E4,E5,9.289000,288.400000,OK
7,13,adjacent,620,30,16,115,REV,E8,E7,E4,E5,12.547000,271.163000,OK
7,13,adjacent,620,30,16,116,FWD,E7,E8,E5,E6,-9.234000,299.413000,OK
7,13,adjacent,620,30,16,117,REV,E8,E7,E5,E6,-2.672000,277.068000,OK
7,13,adjacent,620,30,16,118,FWD,E7,E8,E9,E10,-8.133000,291.273000,OK
7,13,adjacent,620,30,16,119,REV,E8,E7,E9,E10,0.437000,271.881000,OK
7,13,adjacent,620,30,16,120,FWD,E7,E8,E10,E11,4.945000,300.689000,OK
7,13,adjacent,620,30,16,121,REV,E8,E7,E10,E11,8.258000,276.430000,OK
7,13,adjacent,620,30,16,122,FWD,E7,E8,E11,E12,-17.641000,292.390000,OK
7,13,adjacent,620,30,16,123,REV,E8,E7,E11,E12,-15.383000,270.285000,OK
7,13,adjacent,620,30,16,124,FWD,E7,E8,E12,E1,-7.117000,300.370000,OK
7,13,adjacent,620,30,16,125,REV,E8,E7,E12,E1,-5.906000,276.749000,OK
7,13,adjacent,620,30,16,126,FWD,E8,E9,E1,E2,40.406000,255.363000,OK
7,13,adjacent,620,30,16,127,REV,E9,E8,E1,E2,41.266000,315.931000,OK
7,13,adjacent,620,30,16,128,FWD,E8,E9,E2,E3,-18.078000,307.712000,OK
7,13,adjacent,620,30,16,129,REV,E9,E8,E2,E3,-17.258000,310.904000,OK
7,13,adjacent,620,30,16,130,FWD,E8,E9,E3,E4,0.172000,305.078000,OK
7,13,adjacent,620,30,16,131,REV,E9,E8,E3,E4,1.141000,303.323000,OK
7,13,adjacent,620,30,16,132,FWD,E8,E9,E4,E5,9.172000,314.335000,OK
7,13,adjacent,620,30,16,133,REV,E9,E8,E4,E5,10.969000,309.069000,OK
7,13,adjacent,620,30,16,134,FWD,E8,E9,E5,E6,-9.398000,308.271000,OK
7,13,adjacent,620,30,16,135,REV,E9,E8,E5,E6,-6.727000,304.121000,OK
7,13,adjacent,620,30,16,136,FWD,E8,E9,E6,E7,4.953000,316.969000,OK
7,13,adjacent,620,30,16,137,REV,E9,E8,E6,E7,14.469000,308.670000,OK
7,13,adjacent,620,30,16,138,FWD,E8,E9,E10,E11,-2.633000,309.388000,OK
7,13,adjacent,620,30,16,139,REV,E9,E8,E10,E11,16.055000,303.323000,OK
7,13,adjacent,620,30,16,140,FWD,E8,E9,E11,E12,-18.641000,317.208000,OK
7,13,adjacent,620,30,16,141,REV,E9,E8,E11,E12,-14.219000,309.468000,OK
7,13,adjacent,620,30,16,142,FWD,E8,E9,E12,E1,-7.352000,310.744000,OK
7,13,adjacent,620,30,16,143,REV,E9,E8,E12,E1,-5.664000,304.121000,OK
7,13,adjacent,620,30,16,144,FWD,E9,E10,E1,E2,39.852000,215.941000,OK
7,13,adjacent,620,30,16,145,REV,E10,E9,E1,E2,41.703000,267.732000,OK
7,13,adjacent,620,30,16,146,FWD,E9,E10,E2,E3,-18.117000,252.729000,OK
7,13,adjacent,620,30,16,147,REV,E10,E9,E2,E3,-16.945000,269.168000,OK
7,13,adjacent,620,30,16,148,FWD,E9,E10,E3,E4,0.023000,261.348000,OK
7,13,adjacent,620,30,16,149,REV,E10,E9,E3,E4,1.039000,260.949000,OK
7,13,adjacent,620,30,16,150,FWD,E9,E10,E4,E5,9.141000,257.996000,OK
7,13,adjacent,620,30,16,151,REV,E10,E9,E4,E5,10.563000,269.328000,OK
7,13,adjacent,620,30,16,152,FWD,E9,E10,E5,E6,-9.203000,263.981000,OK
7,13,adjacent,620,30,16,153,REV,E10,E9,E5,E6,-7.586000,261.028000,OK
7,13,adjacent,620,30,16,154,FWD,E9,E10,E6,E7,4.687000,259.831000,OK
7,13,adjacent,620,30,16,155,REV,E10,E9,E6,E7,9.117000,269.567000,OK
7,13,adjacent,620,30,16,156,FWD,E9,E10,E7,E8,-23.695000,264.300000,OK
7,13,adjacent,620,30,16,157,REV,E10,E9,E7,E8,-15.516000,261.667000,OK
7,13,adjacent,620,30,16,158,FWD,E9,E10,E11,E12,-38.398000,259.831000,OK
7,13,adjacent,620,30,16,159,REV,E10,E9,E11,E12,5.836000,270.206000,OK
7,13,adjacent,620,30,16,160,FWD,E9,E10,E12,E1,-8.609000,264.859000,OK
7,13,adjacent,620,30,16,161,REV,E10,E9,E12,E1,-4.312000,262.225000,OK
7,13,adjacent,620,30,16,162,FWD,E10,E11,E1,E2,39.398000,167.901000,OK
7,13,adjacent,620,30,16,163,REV,E11,E10,E1,E2,41.367000,224.559000,OK
7,13,adjacent,620,30,16,164,FWD,E10,E11,E2,E3,-17.805000,201.816000,OK
7,13,adjacent,620,30,16,165,REV,E11,E10,E2,E3,-16.711000,216.420000,OK
7,13,adjacent,620,30,16,166,FWD,E10,E11,E3,E4,0.062000,200.699000,OK
7,13,adjacent,620,30,16,167,REV,E11,E10,E3,E4,0.805000,222.325000,OK
7,13,adjacent,620,30,16,168,FWD,E10,E11,E4,E5,9.328000,206.285000,OK
7,13,adjacent,620,30,16,169,REV,E11,E10,E4,E5,10.180000,217.138000,OK
7,13,adjacent,620,30,16,170,FWD,E10,E11,E5,E6,-8.813000,202.933000,OK
7,13,adjacent,620,30,16,171,REV,E11,E10,E5,E6,-8.078000,224.160000,OK
7,13,adjacent,620,30,16,172,FWD,E10,E11,E6,E7,5.945000,206.684000,OK
7,13,adjacent,620,30,16,173,REV,E11,E10,E6,E7,7.625000,219.372000,OK
7,13,adjacent,620,30,16,174,FWD,E10,E11,E7,E8,-21.383000,202.135000,OK
7,13,adjacent,620,30,16,175,REV,E11,E10,E7,E8,-18.961000,225.757000,OK
7,13,adjacent,620,30,16,176,FWD,E10,E11,E8,E9,0.937000,207.163000,OK
7,13,adjacent,620,30,16,177,REV,E11,E10,E8,E9,12.094000,220.569000,OK
7,13,adjacent,620,30,16,178,FWD,E10,E11,E12,E1,-18.406000,203.731000,OK
7,13,adjacent,620,30,16,179,REV,E11,E10,E12,E1,5.562000,226.954000,OK
7,13,adjacent,620,30,16,180,FWD,E11,E12,E1,E2,38.336000,154.415000,OK
7,13,adjacent,620,30,16,181,REV,E12,E11,E1,E2,41.859000,175.003000,OK
7,13,adjacent,620,30,16,182,FWD,E11,E12,E2,E3,-17.930000,177.956000,OK
7,13,adjacent,620,30,16,183,REV,E12,E11,E2,E3,-16.359000,177.477000,OK
7,13,adjacent,620,30,16,184,FWD,E11,E12,E3,E4,-0.148000,185.218000,OK
7,13,adjacent,620,30,16,185,REV,E12,E11,E3,E4,0.844000,173.248000,OK
7,13,adjacent,620,30,16,186,FWD,E11,E12,E4,E5,9.281000,181.946000,OK
7,13,adjacent,620,30,16,187,REV,E12,E11,E4,E5,10.188000,178.514000,OK
7,13,adjacent,620,30,16,188,FWD,E11,E12,E5,E6,-8.859000,185.058000,OK
7,13,adjacent,620,30,16,189,REV,E12,E11,E5,E6,-8.242000,173.567000,OK
7,13,adjacent,620,30,16,190,FWD,E11,E12,E6,E7,6.266000,181.307000,OK
7,13,adjacent,620,30,16,191,REV,E12,E11,E6,E7,7.477000,179.153000,OK
7,13,adjacent,620,30,16,192,FWD,E11,E12,E7,E8,-21.031000,186.175000,OK
7,13,adjacent,620,30,16,193,REV,E12,E11,E7,E8,-19.570000,174.764000,OK
7,13,adjacent,620,30,16,194,FWD,E11,E12,E8,E9,5.586000,182.983000,OK
7,13,adjacent,620,30,16,195,REV,E12,E11,E8,E9,8.047000,180.270000,OK
7,13,adjacent,620,30,16,196,FWD,E11,E12,E9,E10,-18.125000,186.175000,OK
7,13,adjacent,620,30,16,197,REV,E12,E11,E9,E10,9.438000,174.524000,OK
7,13,adjacent,620,30,16,198,FWD,E12,E1,E2,E3,-18.695000,162.714000,OK
7,13,adjacent,620,30,16,199,REV,E1,E12,E2,E3,-14.906000,223.442000,OK
7,13,adjacent,620,30,16,200,FWD,E12,E1,E3,E4,-0.664000,196.629000,OK
7,13,adjacent,620,30,16,201,REV,E1,E12,E3,E4,1.070000,215.861000,OK
7,13,adjacent,620,30,16,202,FWD,E12,E1,E4,E5,9.211000,194.953000,OK
7,13,adjacent,620,30,16,203,REV,E1,E12,E4,E5,10.500000,220.649000,OK
7,13,adjacent,620,30,16,204,FWD,E12,E1,E5,E6,-8.969000,199.582000,OK
7,13,adjacent,620,30,16,205,REV,E1,E12,E5,E6,-8.281000,216.180000,OK
7,13,adjacent,620,30,16,206,FWD,E12,E1,E6,E7,6.523000,196.150000,OK
7,13,adjacent,620,30,16,207,REV,E1,E12,E6,E7,7.586000,219.931000,OK
7,13,adjacent,620,30,16,208,FWD,E12,E1,E7,E8,-20.727000,201.018000,OK
7,13,adjacent,620,30,16,209,REV,E1,E12,E7,E8,-19.789000,216.101000,OK
7,13,adjacent,620,30,16,210,FWD,E12,E1,E8,E9,6.656000,195.991000,OK
7,13,adjacent,620,30,16,211,REV,E1,E12,E8,E9,7.711000,221.048000,OK
7,13,adjacent,620,30,16,212,FWD,E12,E1,E9,E10,-5.414000,201.736000,OK
7,13,adjacent,620,30,16,213,REV,E1,E12,E9,E10,-1.883000,216.739000,OK
7,13,adjacent,620,30,16,214,FWD,E12,E1,E10,E11,-1.094000,196.390000,OK
7,13,adjacent,620,30,16,215,REV,E1,E12,E10,E11,19.930000,221.208000,OK
8,14,adjacent,620,30,16,0,FWD,E1,E2,E3,E4,-1.969000,179.951000,OK
8,14,adjacent,620,30,16,1,REV,E2,E1,E3,E4,2.359000,227.512000,OK
8,14,adjacent,620,30,16,2,FWD,E1,E2,E4,E5,8.555000,220.809000,OK
8,14,adjacent,620,30,16,3,REV,E2,E1,E4,E5,11.086000,226.235000,OK
8,14,adjacent,620,30,16,4,FWD,E1,E2,E5,E6,-9.195000,219.213000,OK
8,14,adjacent,620,30,16,5,REV,E2,E1,E5,E6,-8.133000,220.729000,OK
8,14,adjacent,620,30,16,6,FWD,E1,E2,E6,E7,6.602000,226.634000,OK
8,14,adjacent,620,30,16,7,REV,E2,E1,E6,E7,7.789000,225.836000,OK
8,14,adjacent,620,30,16,8,FWD,E1,E2,E7,E8,-20.758000,221.607000,OK
8,14,adjacent,620,30,16,9,REV,E2,E1,E7,E8,-19.992000,222.245000,OK
8,14,adjacent,620,30,16,10,FWD,E1,E2,E8,E9,6.930000,227.512000,OK
8,14,adjacent,620,30,16,11,REV,E2,E1,E8,E9,7.703000,226.874000,OK
8,14,adjacent,620,30,16,12,FWD,E1,E2,E9,E10,-4.344000,223.043000,OK
8,14,adjacent,620,30,16,13,REV,E2,E1,E9,E10,-2.719000,222.165000,OK
8,14,adjacent,620,30,16,14,FWD,E1,E2,E10,E11,7.664000,229.268000,OK
8,14,adjacent,620,30,16,15,REV,E2,E1,E10,E11,10.008000,227.512000,OK
8,14,adjacent,620,30,16,16,FWD,E1,E2,E11,E12,-18.758000,224.160000,OK
8,14,adjacent,620,30,16,17,REV,E2,E1,E11,E12,-14.250000,222.564000,OK
8,14,adjacent,620,30,16,18,FWD,E2,E3,E4,E5,7.008000,173.966000,OK
8,14,adjacent,620,30,16,19,REV,E3,E2,E4,E5,13.289000,242.116000,OK
8,14,adjacent,620,30,16,20,FWD,E2,E3,E5,E6,-9.625000,218.734000,OK
8,14,adjacent,620,30,16,21,REV,E3,E2,E5,E6,-7.766000,227.193000,OK
8,14,adjacent,620,30,16,22,FWD,E2,E3,E6,E7,6.477000,235.811000,OK
8,14,adjacent,620,30,16,23,REV,E3,E2,E6,E7,8.133000,230.146000,OK
8,14,adjacent,620,30,16,24,FWD,E2,E3,E7,E8,-20.750000,230.704000,OK
8,14,adjacent,620,30,16,25,REV,E3,E2,E7,E8,-19.937000,224.879000,OK
8,14,adjacent,620,30,16,26,FWD,E2,E3,E8,E9,7.133000,240.200000,OK
8,14,adjacent,620,30,16,27,REV,E3,E2,E8,E9,7.734000,229.507000,OK
8,14,adjacent,620,30,16,28,FWD,E2,E3,E9,E10,-4.008000,232.619000,OK
8,14,adjacent,620,30,16,29,REV,E3,E2,E9,E10,-3.016000,223.761000,OK
8,14,adjacent,620,30,16,30,FWD,E2,E3,E10,E11,7.594000,242.116000,OK
8,14,adjacent,620,30,16,31,REV,E3,E2,E10,E11,8.797000,229.268000,OK
8,14,adjacent,620,30,16,32,FWD,E2,E3,E11,E12,-17.656000,235.013000,OK
8,14,adjacent,620,30,16,33,REV,E3,E2,E11,E12,-15.625000,224.719000,OK
8,14,adjacent,620,30,16,34,FWD,E2,E3,E12,E1,-7.703000,243.871000,OK
8,14,adjacent,620,30,16,35,REV,E3,E2,E12,E1,-3.344000,229.348000,OK
8,14,adjacent,620,30,16,36,FWD,E3,E4,E1,E2,104.703000,225.757000,OK
8,14,adjacent,620,30,16,37,REV,E4,E3,E1,E2,81.641000,277.388000,OK
8,14,adjacent,620,30,16,38,FWD,E3,E4,E5,E6,-16.453000,276.270000,OK
8,14,adjacent,620,30,16,39,REV,E4,E3,E5,E6,-1.047000,277.148000,OK
8,14,adjacent,620,30,16,40,FWD,E3,E4,E6,E7,5.602000,273.557000,OK
8,14,adjacent,620,30,16,41,REV,E4,E3,E6,E7,9.461000,271.482000,OK
8,14,adjacent,620,30,16,42,FWD,E3,E4,E7,E8,-21.219000,283.931000,OK
8,14,adjacent,620,30,16,43,REV,E4,E3,E7,E8,-19.703000,276.590000,OK
8,14,adjacent,620,30,16,44,FWD,E3,E4,E8,E9,7.164000,277.946000,OK
8,14,adjacent,620,30,16,45,REV,E4,E3,E8,E9,8.031000,272.041000,OK
8,14,adjacent,620,30,16,46,FWD,E3,E4,E9,E10,-3.883000,286.246000,OK
8,14,adjacent,620,30,16,47,REV,E4,E3,E9,E10,-2.820000,277.388000,OK
8,14,adjacent,620,30,16,48,FWD,E3,E4,E10,E11,7.148000,279.462000,OK
8,14,adjacent,620,30,16,49,REV,E4,E3,E10,E11,8.164000,272.280000,OK
8,14,adjacent,620,30,16,50,FWD,E3,E4,E11,E12,-17.187000,287.443000,OK
8,14,adjacent,620,30,16,51,REV,E4,E3,E11,E12,-15.617000,278.904000,OK
8,14,adjacent,620,30,16,52,FWD,E3,E4,E12,E1,-7.344000,272.280000,OK
8,14,adjacent,620,30,16,53,REV,E4,E3,E12,E1,-5.047000,289.517000,OK
8,14,adjacent,620,30,16,54,FWD,E4,E5,E1,E2,42.859000,199.821000,OK
8,14,adjacent,620,30,16,55,REV,E5,E4,E1,E2,45.117000,240.998000,OK
8,14,adjacent,620,30,16,56,FWD,E4,E5,E2,E3,-14.117000,229.667000,OK
8,14,adjacent,620,30,16,57,REV,E5,E4,E2,E3,-10.602000,244.111000,OK
8,14,adjacent,620,30,16,58,FWD,E4,E5,E6,E7,2.922000,238.285000,OK
8,14,adjacent,620,30,16,59,REV,E5,E4,E6,E7,12.070000,229.188000,OK
8,14,adjacent,620,30,16,60,FWD,E4,E5,E7,E8,-22.023000,248.979000,OK
8,14,adjacent,620,30,16,61,REV,E5,E4,E7,E8,-19.164000,233.976000,OK
8,14,adjacent,620,30,16,62,FWD,E4,E5,E8,E9,7.039000,238.525000,OK
8,14,adjacent,620,30,16,63,REV,E5,E4,E8,E9,8.391000,243.712000,OK
8,14,adjacent,620,30,16,64,FWD,E4,E5,E9,E10,-4.008000,240.839000,OK
8,14,adjacent,620,30,16,65,REV,E5,E4,E9,E10,-2.609000,237.407000,OK
8,14,adjacent,620,30,16,66,FWD,E4,E5,E10,E11,6.875000,236.609000,OK
8,14,adjacent,620,30,16,67,REV,E5,E4,E10,E11,7.789000,244.350000,OK
8,14,adjacent,620,30,16,68,FWD,E4,E5,E11,E12,-17.125000,241.717000,OK
8,14,adjacent,620,30,16,69,REV,E5,E4,E11,E12,-15.898000,238.126000,OK
8,14,adjacent,620,30,16,70,FWD,E4,E5,E12,E1,-7.070000,237.248000,OK
8,14,adjacent,620,30,16,71,REV,E5,E4,E12,E1,-5.453000,244.590000,OK
8,14,adjacent,620,30,16,72,FWD,E5,E6,E1,E2,40.555000,203.652000,OK
8,14,adjacent,620,30,16,73,REV,E6,E5,E1,E2,41.727000,265.657000,OK
8,14,adjacent,620,30,16,74,FWD,E5,E6,E2,E3,-19.898000,253.048000,OK
8,14,adjacent,620,30,16,75,REV,E6,E5,E2,E3,-17.570000,262.225000,OK
8,14,adjacent,620,30,16,76,FWD,E5,E6,E3,E4,-1.734000,249.457000,OK
8,14,adjacent,620,30,16,77,REV,E6,E5,E3,E4,9.203000,256.480000,OK
8,14,adjacent,620,30,16,78,FWD,E5,E6,E7,E8,-23.641000,258.794000,OK
8,14,adjacent,620,30,16,79,REV,E6,E5,E7,E8,-17.211000,261.826000,OK
8,14,adjacent,620,30,16,80,FWD,E5,E6,E8,E9,6.586000,251.612000,OK
8,14,adjacent,620,30,16,81,REV,E6,E5,E8,E9,8.836000,256.480000,OK
8,14,adjacent,620,30,16,82,FWD,E5,E6,E9,E10,-4.133000,260.550000,OK
8,14,adjacent,620,30,16,83,REV,E6,E5,E9,E10,-2.469000,260.629000,OK
8,14,adjacent,620,30,16,84,FWD,E5,E6,E10,E11,6.625000,245.068000,OK
8,14,adjacent,620,30,16,85,REV,E6,E5,E10,E11,7.508000,270.605000,OK
8,14,adjacent,620,30,16,86,FWD,E5,E6,E11,E12,-16.789000,250.096000,OK
8,14,adjacent,620,30,16,87,REV,E6,E5,E11,E12,-15.875000,265.737000,OK
8,14,adjacent,620,30,16,88,FWD,E5,E6,E12,E1,-6.562000,243.951000,OK
8,14,adjacent,620,30,16,89,REV,E6,E5,E12,E1,-5.734000,272.440000,OK
8,14,adjacent,620,30,16,90,FWD,E6,E7,E1,E2,39.633000,238.285000,OK
8,14,adjacent,620,30,16,91,REV,E7,E6,E1,E2,40.953000,283.373000,OK
8,14,adjacent,620,30,16,92,FWD,E6,E7,E2,E3,-19.078000,266.136000,OK
8,14,adjacent,620,30,16,93,REV,E7,E6,E2,E3,-17.047000,286.724000,OK
8,14,adjacent,620,30,16,94,FWD,E6,E7,E3,E4,-1.477000,275.552000,OK
8,14,adjacent,620,30,16,95,REV,E7,E6,E3,E4,2.305000,272.600000,OK
8,14,adjacent,620,30,16,96,FWD,E6,E7,E4,E5,11.000000,287.123000,OK
8,14,adjacent,620,30,16,97,REV,E7,E6,E4,E5,21.078000,275.712000,OK
8,14,adjacent,620,30,16,98,FWD,E6,E7,E8,E9,3.063000,282.096000,OK
8,14,adjacent,620,30,16,99,REV,E7,E6,E8,E9,11.891000,268.450000,OK
8,14,adjacent,620,30,16,100,FWD,E6,E7,E9,E10,-5.703000,289.837000,OK
8,14,adjacent,620,30,16,101,REV,E7,E6,E9,E10,-0.859000,273.557000,OK
8,14,adjacent,620,30,16,102,FWD,E6,E7,E10,E11,6.008000,283.772000,OK
8,14,adjacent,620,30,16,103,REV,E7,E6,E10,E11,8.211000,267.413000,OK
8,14,adjacent,620,30,16,104,FWD,E6,E7,E11,E12,-17.727000,291.113000,OK
8,14,adjacent,620,30,16,105,REV,E7,E6,E11,E12,-15.813000,273.876000,OK
8,14,adjacent,620,30,16,106,FWD,E6,E7,E12,E1,-6.742000,285.128000,OK
8,14,adjacent,620,30,16,107,REV,E7,E6,E12,E1,-5.320000,267.891000,OK
8,14,adjacent,620,30,16,108,FWD,E7,E8,E1,E2,39.516000,229.906000,OK
8,14,adjacent,620,30,16,109,REV,E8,E7,E1,E2,40.508000,294.226000,OK
8,14,adjacent,620,30,16,110,FWD,E7,E8,E2,E3,-18.164000,278.186000,OK
8,14,adjacent,620,30,16,111,REV,E8,E7,E2,E3,-17.164000,275.393000,OK
8,14,adjacent,620,30,16,112,FWD,E7,E8,E3,E4,-0.328000,294.465000,OK
8,14,adjacent,620,30,16,113,REV,E8,E7,E3,E4,1.219000,277.946000,OK
8,14,adjacent,620,30,16,114,FWD,E7,E8,E4,E5,9.156000,280.580000,OK
8,14,adjacent,620,30,16,115,REV,E8,E7,E4,E5,12.500000,289.198000,OK
8,14,adjacent,620,30,16,116,FWD,E7,E8,E5,E6,-8.461000,285.288000,OK
8,14,adjacent,620,30,16,117,REV,E8,E7,E5,E6,-2.063000,282.495000,OK
8,14,adjacent,620,30,16,118,FWD,E7,E8,E9,E10,-7.453000,278.904000,OK
8,14,adjacent,620,30,16,119,REV,E8,E7,E9,E10,1.250000,291.433000,OK
8,14,adjacent,620,30,16,120,FWD,E7,E8,E10,E11,5.219000,284.650000,OK
8,14,adjacent,620,30,16,121,REV,E8,E7,E10,E11,8.570000,283.293000,OK
8,14,adjacent,620,30,16,122,FWD,E7,E8,E11,E12,-17.766000,279.383000,OK
8,14,adjacent,620,30,16,123,REV,E8,E7,E11,E12,-15.367000,291.512000,OK
8,14,adjacent,620,30,16,124,FWD,E7,E8,E12,E1,-6.516000,285.527000,OK
8,14,adjacent,620,30,16,125,REV,E8,E7,E12,E1,-5.445000,275.552000,OK
8,14,adjacent,620,30,16,126,FWD,E8,E9,E1,E2,39.313000,253.128000,OK
8,14,adjacent,620,30,16,127,REV,E9,E8,E1,E2,40.203000,324.550000,OK
8,14,adjacent,620,30,16,128,FWD,E8,E9,E2,E3,-17.664000,296.859000,OK
8,14,adjacent,620,30,16,129,REV,E9,E8,E2,E3,-16.875000,307.153000,OK
8,14,adjacent,620,30,16,130,FWD,E8,E9,E3,E4,0.016000,311.941000,OK
8,14,adjacent,620,30,16,131,REV,E9,E8,E3,E4,1.008000,309.787000,OK
8,14,adjacent,620,30,16,132,FWD,E8,E9,E4,E5,9.250000,306.355000,OK
8,14,adjacent,620,30,16,133,REV,E9,E8,E4,E5,10.992000,303.882000,OK
8,14,adjacent,620,30,16,134,FWD,E8,E9,E5,E6,-9.391000,314.974000,OK
8,14,adjacent,620,30,16,135,REV,E9,E8,E5,E6,-6.680000,309.228000,OK
8,14,adjacent,620,30,16,136,FWD,E8,E9,E6,E7,4.508000,300.450000,OK
8,14,adjacent,620,30,16,137,REV,E9,E8,E6,E7,13.938000,320.879000,OK
8,14,adjacent,620,30,16,138,FWD,E8,E9,E10,E11,-2.242000,304.520000,OK
8,14,adjacent,620,30,16,139,REV,E9,E8,E10,E11,15.977000,314.016000,OK
8,14,adjacent,620,30,16,140,FWD,E8,E9,E11,E12,-18.570000,299.253000,OK
8,14,adjacent,620,30,16,141,REV,E9,E8,E11,E12,-14.242000,323.912000,OK
8,14,adjacent,620,30,16,142,FWD,E8,E9,E12,E1,-6.867000,302.924000,OK
8,14,adjacent,620,30,16,143,REV,E9,E8,E12,E1,-5.133000,307.233000,OK
8,14,adjacent,620,30,16,144,FWD,E9,E10,E1,E2,38.797000,216.659000,OK
8,14,adjacent,620,30,16,145,REV,E10,E9,E1,E2,40.602000,267.732000,OK
8,14,adjacent,620,30,16,146,FWD,E9,E10,E2,E3,-17.703000,253.048000,OK
8,14,adjacent,620,30,16,147,REV,E10,E9,E2,E3,-16.500000,268.689000,OK
8,14,adjacent,620,30,16,148,FWD,E9,E10,E3,E4,-0.023000,261.826000,OK
8,14,adjacent,620,30,16,149,REV,E10,E9,E3,E4,0.961000,252.091000,OK
8,14,adjacent,620,30,16,150,FWD,E9,E10,E4,E5,9.180000,273.238000,OK
8,14,adjacent,620,30,16,151,REV,E10,E9,E4,E5,10.570000,255.921000,OK
8,14,adjacent,620,30,16,152,FWD,E9,E10,E5,E6,-9.313000,268.450000,OK
8,14,adjacent,620,30,16,153,REV,E10,E9,E5,E6,-7.734000,248.899000,OK
8,14,adjacent,620,30,16,154,FWD,E9,E10,E6,E7,4.273000,277.068000,OK
8,14,adjacent,620,30,16,155,REV,E10,E9,E6,E7,8.805000,254.086000,OK
8,14,adjacent,620,30,16,156,FWD,E9,E10,E7,E8,-24.500000,270.684000,OK
8,14,adjacent,620,30,16,157,REV,E10,E9,E7,E8,-16.500000,248.420000,OK
8,14,adjacent,620,30,16,158,FWD,E9,E10,E11,E12,-36.344000,277.787000,OK
8,14,adjacent,620,30,16,159,REV,E10,E9,E11,E12,6.711000,254.644000,OK
8,14,adjacent,620,30,16,160,FWD,E9,E10,E12,E1,-8.391000,272.121000,OK
8,14,adjacent,620,30,16,161,REV,E10,E9,E12,E1,-4.078000,248.739000,OK
8,14,adjacent,620,30,16,162,FWD,E10,E11,E1,E2,38.633000,159.602000,OK
8,14,adjacent,620,30,16,163,REV,E11,E10,E1,E2,40.641000,222.884000,OK
8,14,adjacent,620,30,16,164,FWD,E10,E11,E2,E3,-17.422000,195.273000,OK
8,14,adjacent,620,30,16,165,REV,E11,E10,E2,E3,-16.359000,221.846000,OK
8,14,adjacent,620,30,16,166,FWD,E10,E11,E3,E4,0.133000,204.290000,OK
8,14,adjacent,620,30,16,167,REV,E11,E10,E3,E4,0.898000,208.520000,OK
8,14,adjacent,620,30,16,168,FWD,E10,E11,E4,E5,9.273000,214.664000,OK
8,14,adjacent,620,30,16,169,REV,E11,E10,E4,E5,10.102000,212.031000,OK
8,14,adjacent,620,30,16,170,FWD,E10,E11,E5,E6,-8.922000,211.552000,OK
8,14,adjacent,620,30,16,171,REV,E11,E10,E5,E6,-8.266000,208.520000,OK
8,14,adjacent,620,30,16,172,FWD,E10,E11,E6,E7,6.047000,217.776000,OK
8,14,adjacent,620,30,16,173,REV,E11,E10,E6,E7,7.695000,212.988000,OK
8,14,adjacent,620,30,16,174,FWD,E10,E11,E7,E8,-21.945000,206.445000,OK
8,14,adjacent,620,30,16,175,REV,E11,E10,E7,E8,-19.531000,223.442000,OK
8,14,adjacent,620,30,16,176,FWD,E10,E11,E8,E9,3.539000,209.956000,OK
8,14,adjacent,620,30,16,177,REV,E11,E10,E8,E9,14.570000,217.617000,OK
8,14,adjacent,620,30,16,178,FWD,E10,E11,E12,E1,-17.945000,204.210000,OK
8,14,adjacent,620,30,16,179,REV,E11,E10,E12,E1,6.281000,223.123000,OK
8,14,adjacent,620,30,16,180,FWD,E11,E12,E1,E2,37.430000,153.696000,OK
8,14,adjacent,620,30,16,181,REV,E12,E11,E1,E2,40.875000,167.981000,OK
8,14,adjacent,620,30,16,182,FWD,E11,E12,E2,E3,-17.562000,187.692000,OK
8,14,adjacent,620,30,16,183,REV,E12,E11,E2,E3,-16.008000,168.779000,OK
8,14,adjacent,620,30,16,184,FWD,E11,E12,E3,E4,-0.070000,185.537000,OK
8,14,adjacent,620,30,16,185,REV,E12,E11,E3,E4,0.852000,164.948000,OK
8,14,adjacent,620,30,16,186,FWD,E11,E12,E4,E5,9.117000,191.522000,OK
8,14,adjacent,620,30,16,187,REV,E12,E11,E4,E5,10.031000,167.183000,OK
8,14,adjacent,620,30,16,188,FWD,E11,E12,E5,E6,-8.969000,181.148000,OK
8,14,adjacent,620,30,16,189,REV,E12,E11,E5,E6,-8.359000,176.280000,OK
8,14,adjacent,620,30,16,190,FWD,E11,E12,E6,E7,6.461000,184.819000,OK
8,14,adjacent,620,30,16,191,REV,E12,E11,E6,E7,7.617000,172.609000,OK
8,14,adjacent,620,30,16,192,FWD,E11,E12,E7,E8,-21.555000,180.509000,OK
8,14,adjacent,620,30,16,193,REV,E12,E11,E7,E8,-20.148000,178.514000,OK
8,14,adjacent,620,30,16,194,FWD,E11,E12,E8,E9,7.000000,184.260000,OK
8,14,adjacent,620,30,16,195,REV,E12,E11,E8,E9,9.406000,172.849000,OK
8,14,adjacent,620,30,16,196,FWD,E11,E12,E9,E10,-20.320000,180.908000,OK
8,14,adjacent,620,30,16,197,REV,E12,E11,E9,E10,7.836000,179.472000,OK
8,14,adjacent,620,30,16,198,FWD,E12,E1,E2,E3,-18.266000,162.873000,OK
8,14,adjacent,620,30,16,199,REV,E1,E12,E2,E3,-14.594000,220.889000,OK
8,14,adjacent,620,30,16,200,FWD,E12,E1,E3,E4,-0.461000,189.846000,OK
8,14,adjacent,620,30,16,201,REV,E1,E12,E3,E4,1.281000,221.048000,OK
8,14,adjacent,620,30,16,202,FWD,E12,E1,E4,E5,8.930000,196.629000,OK
8,14,adjacent,620,30,16,203,REV,E1,E12,E4,E5,10.211000,216.260000,OK
8,14,adjacent,620,30,16,204,FWD,E12,E1,E5,E6,-9.047000,193.916000,OK
8,14,adjacent,620,30,16,205,REV,E1,E12,E5,E6,-8.336000,222.086000,OK
8,14,adjacent,620,30,16,206,FWD,E12,E1,E6,E7,6.859000,198.704000,OK
8,14,adjacent,620,30,16,207,REV,E1,E12,E6,E7,7.852000,215.462000,OK
8,14,adjacent,620,30,16,208,FWD,E12,E1,E7,E8,-21.320000,194.634000,OK
8,14,adjacent,620,30,16,209,REV,E1,E12,E7,E8,-20.422000,222.086000,OK
8,14,adjacent,620,30,16,210,FWD,E12,E1,E8,E9,7.742000,198.385000,OK
8,14,adjacent,620,30,16,211,REV,E1,E12,E8,E9,8.797000,210.834000,OK
8,14,adjacent,620,30,16,212,FWD,E12,E1,E9,E10,-6.266000,209.238000,OK
8,14,adjacent,620,30,16,213,REV,E1,E12,E9,E10,-2.789000,213.467000,OK
8,14,adjacent,620,30,16,214,FWD,E12,E1,E10,E11,-0.672000,204.450000,OK
8,14,adjacent,620,30,16,215,REV,E1,E12,E10,E11,20.539000,208.759000,OK
9,15,adjacent,620,30,16,0,FWD,E1,E2,E3,E4,-1.734000,177.317000,OK
9,15,adjacent,620,30,16,1,REV,E2,E1,E3,E4,2.711000,235.173000,OK
9,15,adjacent,620,30,16,2,FWD,E1,E2,E4,E5,8.391000,206.205000,OK
9,15,adjacent,620,30,16,3,REV,E2,E1,E4,E5,10.883000,237.567000,OK
9,15,adjacent,620,30,16,4,FWD,E1,E2,E5,E6,-9.297000,215.223000,OK
9,15,adjacent,620,30,16,5,REV,E2,E1,E5,E6,-8.250000,229.028000,OK
9,15,adjacent,620,30,16,6,FWD,E1,E2,E6,E7,6.891000,211.392000,OK
9,15,adjacent,620,30,16,7,REV,E2,E1,E6,E7,8.055000,237.407000,OK
9,15,adjacent,620,30,16,8,FWD,E1,E2,E7,E8,-21.320000,216.899000,OK
9,15,adjacent,620,30,16,9,REV,E2,E1,E7,E8,-20.562000,230.944000,OK
9,15,adjacent,620,30,16,10,FWD,E1,E2,E8,E9,7.687000,211.791000,OK
9,15,adjacent,620,30,16,11,REV,E2,E1,E8,E9,8.453000,239.003000,OK
9,15,adjacent,620,30,16,12,FWD,E1,E2,E9,E10,-4.664000,217.457000,OK
9,15,adjacent,620,30,16,13,REV,E2,E1,E9,E10,-3.078000,224.081000,OK
9,15,adjacent,620,30,16,14,FWD,E1,E2,E10,E11,7.687000,226.555000,OK
9,15,adjacent,620,30,16,15,REV,E2,E1,E10,E11,9.992000,227.353000,OK
9,15,adjacent,620,30,16,16,FWD,E1,E2,E11,E12,-16.187000,222.165000,OK
9,15,adjacent,620,30,16,17,REV,E2,E1,E11,E12,-11.992000,222.644000,OK
9,15,adjacent,620,30,16,18,FWD,E2,E3,E4,E5,6.680000,174.445000,OK
9,15,adjacent,620,30,16,19,REV,E3,E2,E4,E5,12.930000,241.637000,OK
9,15,adjacent,620,30,16,20,FWD,E2,E3,E5,E6,-9.711000,217.218000,OK
9,15,adjacent,620,30,16,21,REV,E3,E2,E5,E6,-7.836000,226.634000,OK
9,15,adjacent,620,30,16,22,FWD,E2,E3,E6,E7,6.750000,235.333000,OK
9,15,adjacent,620,30,16,23,REV,E3,E2,E6,E7,8.406000,230.146000,OK
9,15,adjacent,620,30,16,24,FWD,E2,E3,E7,E8,-21.344000,229.667000,OK
9,15,adjacent,620,30,16,25,REV,E3,E2,E7,E8,-20.539000,225.118000,OK
9,15,adjacent,620,30,16,26,FWD,E2,E3,E8,E9,7.711000,238.764000,OK
9,15,adjacent,620,30,16,27,REV,E3,E2,E8,E9,8.320000,229.667000,OK
9,15,adjacent,620,30,16,28,FWD,E2,E3,E9,E10,-4.242000,232.540000,OK
9,15,adjacent,620,30,16,29,REV,E3,E2,E9,E10,-3.211000,224.480000,OK
9,15,adjacent,620,30,16,30,FWD,E2,E3,E10,E11,7.609000,242.515000,OK
9,15,adjacent,620,30,16,31,REV,E3,E2,E10,E11,8.820000,230.385000,OK
9,15,adjacent,620,30,16,32,FWD,E2,E3,E11,E12,-16.672000,227.353000,OK
9,15,adjacent,620,30,16,33,REV,E3,E2,E11,E12,-14.734000,239.323000,OK
9,15,adjacent,620,30,16,34,FWD,E2,E3,E12,E1,-10.258000,229.906000,OK
9,15,adjacent,620,30,16,35,REV,E3,E2,E12,E1,-5.984000,226.794000,OK
9,15,adjacent,620,30,16,36,FWD,E3,E4,E1,E2,114.133000,223.841000,OK
9,15,adjacent,620,30,16,37,REV,E4,E3,E1,E2,92.445000,287.363000,OK
9,15,adjacent,620,30,16,38,FWD,E3,E4,E5,E6,-15.953000,257.118000,OK
9,15,adjacent,620,30,16,39,REV,E4,E3,E5,E6,-0.906000,289.118000,OK
9,15,adjacent,620,30,16,40,FWD,E3,E4,E6,E7,5.789000,268.290000,OK
9,15,adjacent,620,30,16,41,REV,E4,E3,E6,E7,9.672000,275.393000,OK
9,15,adjacent,620,30,16,42,FWD,E3,E4,E7,E8,-21.734000,281.058000,OK
9,15,adjacent,620,30,16,43,REV,E4,E3,E7,E8,-20.203000,278.984000,OK
9,15,adjacent,620,30,16,44,FWD,E3,E4,E8,E9,7.617000,275.792000,OK
9,15,adjacent,620,30,16,45,REV,E4,E3,E8,E9,8.484000,272.679000,OK
9,15,adjacent,620,30,16,46,FWD,E3,E4,E9,E10,-4.078000,285.527000,OK
9,15,adjacent,620,30,16,47,REV,E4,E3,E9,E10,-3.031000,279.462000,OK
9,15,adjacent,620,30,16,48,FWD,E3,E4,E10,E11,7.258000,271.243000,OK
9,15,adjacent,620,30,16,49,REV,E4,E3,E10,E11,8.336000,289.517000,OK
9,15,adjacent,620,30,16,50,FWD,E3,E4,E11,E12,-16.562000,273.717000,OK
9,15,adjacent,620,30,16,51,REV,E4,E3,E11,E12,-14.992000,284.091000,OK
9,15,adjacent,620,30,16,52,FWD,E3,E4,E12,E1,-9.172000,267.014000,OK
9,15,adjacent,620,30,16,53,REV,E4,E3,E12,E1,-6.805000,291.353000,OK
9,15,adjacent,620,30,16,54,FWD,E4,E5,E1,E2,45.172000,200.938000,OK
9,15,adjacent,620,30,16,55,REV,E5,E4,E1,E2,47.109000,233.018000,OK
9,15,adjacent,620,30,16,56,FWD,E4,E5,E2,E3,-18.047000,245.627000,OK
9,15,adjacent,620,30,16,57,REV,E5,E4,E2,E3,-13.734000,233.737000,OK
9,15,adjacent,620,30,16,58,FWD,E4,E5,E6,E7,2.992000,242.195000,OK
9,15,adjacent,620,30,16,59,REV,E5,E4,E6,E7,12.203000,226.315000,OK
9,15,adjacent,620,30,16,60,FWD,E4,E5,E7,E8,-22.500000,250.335000,OK
9,15,adjacent,620,30,16,61,REV,E5,E4,E7,E8,-19.617000,233.178000,OK
9,15,adjacent,620,30,16,62,FWD,E4,E5,E8,E9,7.461000,238.285000,OK
9,15,adjacent,620,30,16,63,REV,E5,E4,E8,E9,8.914000,243.313000,OK
9,15,adjacent,620,30,16,64,FWD,E4,E5,E9,E10,-4.250000,242.355000,OK
9,15,adjacent,620,30,16,65,REV,E5,E4,E9,E10,-2.984000,237.567000,OK
9,15,adjacent,620,30,16,66,FWD,E4,E5,E10,E11,7.180000,236.131000,OK
9,15,adjacent,620,30,16,67,REV,E5,E4,E10,E11,8.094000,245.228000,OK
9,15,adjacent,620,30,16,68,FWD,E4,E5,E11,E12,-16.898000,241.637000,OK
9,15,adjacent,620,30,16,69,REV,E5,E4,E11,E12,-15.719000,238.604000,OK
9,15,adjacent,620,30,16,70,FWD,E4,E5,E12,E1,-8.195000,237.088000,OK
9,15,adjacent,620,30,16,71,REV,E5,E4,E12,E1,-6.578000,245.388000,OK
9,15,adjacent,620,30,16,72,FWD,E5,E6,E1,E2,41.750000,204.529000,OK
9,15,adjacent,620,30,16,73,REV,E6,E5,E1,E2,42.898000,265.816000,OK
9,15,adjacent,620,30,16,74,FWD,E5,E6,E2,E3,-20.781000,251.931000,OK
9,15,adjacent,620,30,16,75,REV,E6,E5,E2,E3,-18.469000,263.343000,OK
9,15,adjacent,620,30,16,76,FWD,E5,E6,E3,E4,-0.062000,249.617000,OK
9,15,adjacent,620,30,16,77,REV,E6,E5,E3,E4,10.625000,256.879000,OK
9,15,adjacent,620,30,16,78,FWD,E5,E6,E7,E8,-24.141000,258.954000,OK
9,15,adjacent,620,30,16,79,REV,E6,E5,E7,E8,-17.703000,261.268000,OK
9,15,adjacent,620,30,16,80,FWD,E5,E6,E8,E9,7.062000,253.288000,OK
9,15,adjacent,620,30,16,81,REV,E6,E5,E8,E9,9.328000,256.879000,OK
9,15,adjacent,620,30,16,82,FWD,E5,E6,E9,E10,-4.344000,259.831000,OK
9,15,adjacent,620,30,16,83,REV,E6,E5,E9,E10,-2.711000,261.826000,OK
9,15,adjacent,620,30,16,84,FWD,E5,E6,E10,E11,6.875000,253.447000,OK
9,15,adjacent,620,30,16,85,REV,E6,E5,E10,E11,7.766000,256.959000,OK
9,15,adjacent,620,30,16,86,FWD,E5,E6,E11,E12,-16.742000,261.747000,OK
9,15,adjacent,620,30,16,87,REV,E6,E5,E11,E12,-15.750000,261.826000,OK
9,15,adjacent,620,30,16,88,FWD,E5,E6,E12,E1,-7.609000,247.941000,OK
9,15,adjacent,620,30,16,89,REV,E6,E5,E12,E1,-6.758000,271.802000,OK
9,15,adjacent,620,30,16,90,FWD,E6,E7,E1,E2,40.625000,236.849000,OK
9,15,adjacent,620,30,16,91,REV,E7,E6,E1,E2,41.891000,284.570000,OK
9,15,adjacent,620,30,16,92,FWD,E6,E7,E2,E3,-19.523000,265.178000,OK
9,15,adjacent,620,30,16,93,REV,E7,E6,E2,E3,-17.461000,288.719000,OK
9,15,adjacent,620,30,16,94,FWD,E6,E7,E3,E4,-0.703000,274.834000,OK
9,15,adjacent,620,30,16,95,REV,E7,E6,E3,E4,3.086000,280.819000,OK
9,15,adjacent,620,30,16,96,FWD,E6,E7,E4,E5,12.508000,270.684000,OK
9,15,adjacent,620,30,16,97,REV,E7,E6,E4,E5,22.187000,289.039000,OK
9,15,adjacent,620,30,16,98,FWD,E6,E7,E8,E9,3.680000,274.994000,OK
9,15,adjacent,620,30,16,99,REV,E7,E6,E8,E9,12.711000,281.617000,OK
9,15,adjacent,620,30,16,100,FWD,E6,E7,E9,E10,-5.727000,270.924000,OK
9,15,adjacent,620,30,16,101,REV,E7,E6,E9,E10,-1.008000,288.879000,OK
9,15,adjacent,620,30,16,102,FWD,E6,E7,E10,E11,5.992000,276.669000,OK
9,15,adjacent,620,30,16,103,REV,E7,E6,E10,E11,8.070000,273.557000,OK
9,15,adjacent,620,30,16,104,FWD,E6,E7,E11,E12,-17.031000,287.842000,OK
9,15,adjacent,620,30,16,105,REV,E7,E6,E11,E12,-15.242000,276.909000,OK
9,15,adjacent,620,30,16,106,FWD,E6,E7,E12,E1,-7.852000,274.914000,OK
9,15,adjacent,620,30,16,107,REV,E7,E6,E12,E1,-6.461000,287.762000,OK
9,15,adjacent,620,30,16,108,FWD,E7,E8,E1,E2,40.258000,237.647000,OK
9,15,adjacent,620,30,16,109,REV,E8,E7,E1,E2,41.266000,280.181000,OK
9,15,adjacent,620,30,16,110,FWD,E7,E8,E2,E3,-18.469000,292.231000,OK
9,15,adjacent,620,30,16,111,REV,E8,E7,E2,E3,-17.375000,278.026000,OK
9,15,adjacent,620,30,16,112,FWD,E7,E8,E3,E4,0.000000,287.842000,OK
9,15,adjacent,620,30,16,113,REV,E8,E7,E3,E4,1.508000,270.605000,OK
9,15,adjacent,620,30,16,114,FWD,E7,E8,E4,E5,8.734000,297.657000,OK
9,15,adjacent,620,30,16,115,REV,E8,E7,E4,E5,12.102000,276.909000,OK
9,15,adjacent,620,30,16,116,FWD,E7,E8,E5,E6,-11.906000,289.996000,OK
9,15,adjacent,620,30,16,117,REV,E8,E7,E5,E6,-5.344000,269.408000,OK
9,15,adjacent,620,30,16,118,FWD,E7,E8,E9,E10,-8.125000,299.014000,OK
9,15,adjacent,620,30,16,119,REV,E8,E7,E9,E10,0.750000,276.669000,OK
9,15,adjacent,620,30,16,120,FWD,E7,E8,E10,E11,5.242000,283.373000,OK
9,15,adjacent,620,30,16,121,REV,E8,E7,E10,E11,8.492000,288.879000,OK
9,15,adjacent,620,30,16,122,FWD,E7,E8,E11,E12,-16.758000,286.006000,OK
9,15,adjacent,620,30,16,123,REV,E8,E7,E11,E12,-14.453000,282.016000,OK
9,15,adjacent,620,30,16,124,FWD,E7,E8,E12,E1,-7.852000,279.542000,OK
9,15,adjacent,620,30,16,125,REV,E8,E7,E12,E1,-6.680000,290.395000,OK
9,15,adjacent,620,30,16,126,FWD,E8,E9,E1,E2,39.875000,257.517000,OK
9,15,adjacent,620,30,16,127,REV,E9,E8,E1,E2,40.766000,313.777000,OK
9,15,adjacent,620,30,16,128,FWD,E8,E9,E2,E3,-17.828000,308.590000,OK
9,15,adjacent,620,30,16,129,REV,E9,E8,E2,E3,-17.008000,310.904000,OK
9,15,adjacent,620,30,16,130,FWD,E8,E9,E3,E4,0.211000,297.418000,OK
9,15,adjacent,620,30,16,131,REV,E9,E8,E3,E4,1.148000,321.517000,OK
9,15,adjacent,620,30,16,132,FWD,E8,E9,E4,E5,8.773000,301.487000,OK
9,15,adjacent,620,30,16,133,REV,E9,E8,E4,E5,10.555000,314.814000,OK
9,15,adjacent,620,30,16,134,FWD,E8,E9,E5,E6,-10.344000,295.343000,OK
9,15,adjacent,620,30,16,135,REV,E9,E8,E5,E6,-7.633000,323.512000,OK
9,15,adjacent,620,30,16,136,FWD,E8,E9,E6,E7,4.867000,301.887000,OK
9,15,adjacent,620,30,16,137,REV,E9,E8,E6,E7,14.352000,308.031000,OK
9,15,adjacent,620,30,16,138,FWD,E8,E9,E10,E11,-2.055000,314.415000,OK
9,15,adjacent,620,30,16,139,REV,E9,E8,E10,E11,15.945000,311.223000,OK
9,15,adjacent,620,30,16,140,FWD,E8,E9,E11,E12,-17.531000,299.812000,OK
9,15,adjacent,620,30,16,141,REV,E9,E8,E11,E12,-13.219000,321.597000,OK
9,15,adjacent,620,30,16,142,FWD,E8,E9,E12,E1,-8.078000,304.041000,OK
9,15,adjacent,620,30,16,143,REV,E9,E8,E12,E1,-6.320000,315.931000,OK
9,15,adjacent,620,30,16,144,FWD,E9,E10,E1,E2,39.203000,221.288000,OK
9,15,adjacent,620,30,16,145,REV,E10,E9,E1,E2,41.039000,272.280000,OK
9,15,adjacent,620,30,16,146,FWD,E9,E10,E2,E3,-17.687000,258.714000,OK
9,15,adjacent,620,30,16,147,REV,E10,E9,E2,E3,-16.539000,253.368000,OK
9,15,adjacent,620,30,16,148,FWD,E9,E10,E3,E4,0.039000,273.876000,OK
9,15,adjacent,620,30,16,149,REV,E10,E9,E3,E4,1.078000,254.485000,OK
9,15,adjacent,620,30,16,150,FWD,E9,E10,E4,E5,8.625000,268.530000,OK
9,15,adjacent,620,30,16,151,REV,E10,E9,E4,E5,10.008000,247.702000,OK
9,15,adjacent,620,30,16,152,FWD,E9,E10,E5,E6,-9.734000,277.228000,OK
9,15,adjacent,620,30,16,153,REV,E10,E9,E5,E6,-8.125000,254.006000,OK
9,15,adjacent,620,30,16,154,FWD,E9,E10,E6,E7,5.789000,263.343000,OK
9,15,adjacent,620,30,16,155,REV,E10,E9,E6,E7,10.227000,265.737000,OK
9,15,adjacent,620,30,16,156,FWD,E9,E10,E7,E8,-26.219000,267.253000,OK
9,15,adjacent,620,30,16,157,REV,E10,E9,E7,E8,-17.922000,258.954000,OK
9,15,adjacent,620,30,16,158,FWD,E9,E10,E11,E12,-38.070000,260.949000,OK
9,15,adjacent,620,30,16,159,REV,E10,E9,E11,E12,6.219000,267.732000,OK
9,15,adjacent,620,30,16,160,FWD,E9,E10,E12,E1,-9.227000,266.375000,OK
9,15,adjacent,620,30,16,161,REV,E10,E9,E12,E1,-4.961000,252.649000,OK
9,15,adjacent,620,30,16,162,FWD,E10,E11,E1,E2,39.000000,162.075000,OK
9,15,adjacent,620,30,16,163,REV,E11,E10,E1,E2,40.969000,219.692000,OK
9,15,adjacent,620,30,16,164,FWD,E10,E11,E2,E3,-17.328000,195.991000,OK
9,15,adjacent,620,30,16,165,REV,E11,E10,E2,E3,-16.242000,220.011000,OK
9,15,adjacent,620,30,16,166,FWD,E10,E11,E3,E4,0.133000,204.769000,OK
9,15,adjacent,620,30,16,167,REV,E11,E10,E3,E4,0.875000,208.919000,OK
9,15,adjacent,620,30,16,168,FWD,E10,E11,E4,E5,8.766000,214.744000,OK
9,15,adjacent,620,30,16,169,REV,E11,E10,E4,E5,9.609000,213.228000,OK
9,15,adjacent,620,30,16,170,FWD,E10,E11,E5,E6,-9.164000,210.275000,OK
9,15,adjacent,620,30,16,171,REV,E11,E10,E5,E6,-8.438000,210.036000,OK
9,15,adjacent,620,30,16,172,FWD,E10,E11,E6,E7,6.984000,217.856000,OK
9,15,adjacent,620,30,16,173,REV,E11,E10,E6,E7,8.664000,214.106000,OK
9,15,adjacent,620,30,16,174,FWD,E10,E11,E7,E8,-22.953000,205.567000,OK
9,15,adjacent,620,30,16,175,REV,E11,E10,E7,E8,-20.523000,224.081000,OK
9,15,adjacent,620,30,16,176,FWD,E10,E11,E8,E9,3.781000,209.318000,OK
9,15,adjacent,620,30,16,177,REV,E11,E10,E8,E9,15.078000,213.228000,OK
9,15,adjacent,620,30,16,178,FWD,E10,E11,E12,E1,-18.492000,218.335000,OK
9,15,adjacent,620,30,16,179,REV,E11,E10,E12,E1,5.219000,218.096000,OK
9,15,adjacent,620,30,16,180,FWD,E11,E12,E1,E2,38.016000,155.452000,OK
9,15,adjacent,620,30,16,181,REV,E12,E11,E1,E2,41.555000,180.908000,OK
9,15,adjacent,620,30,16,182,FWD,E11,E12,E2,E3,-17.469000,183.542000,OK
9,15,adjacent,620,30,16,183,REV,E12,E11,E2,E3,-15.883000,167.662000,OK
9,15,adjacent,620,30,16,184,FWD,E11,E12,E3,E4,-0.086000,192.320000,OK
9,15,adjacent,620,30,16,185,REV,E12,E11,E3,E4,0.906000,170.534000,OK
9,15,adjacent,620,30,16,186,FWD,E11,E12,E4,E5,8.625000,189.527000,OK
9,15,adjacent,620,30,16,187,REV,E12,E11,E4,E5,9.500000,166.305000,OK
9,15,adjacent,620,30,16,188,FWD,E11,E12,E5,E6,-9.164000,194.315000,OK
9,15,adjacent,620,30,16,189,REV,E12,E11,E5,E6,-8.500000,168.938000,OK
9,15,adjacent,620,30,16,190,FWD,E11,E12,E6,E7,7.281000,184.499000,OK
9,15,adjacent,620,30,16,191,REV,E12,E11,E6,E7,8.492000,178.036000,OK
9,15,adjacent,620,30,16,192,FWD,E11,E12,E7,E8,-22.336000,186.973000,OK
9,15,adjacent,620,30,16,193,REV,E12,E11,E7,E8,-20.898000,173.327000,OK
9,15,adjacent,620,30,16,194,FWD,E11,E12,E8,E9,7.352000,181.706000,OK
9,15,adjacent,620,30,16,195,REV,E12,E11,E8,E9,9.672000,180.031000,OK
9,15,adjacent,620,30,16,196,FWD,E11,E12,E9,E10,-17.852000,186.814000,OK
9,15,adjacent,620,30,16,197,REV,E12,E11,E9,E10,10.188000,168.619000,OK
9,15,adjacent,620,30,16,198,FWD,E12,E1,E2,E3,-18.102000,158.405000,OK
9,15,adjacent,620,30,16,199,REV,E1,E12,E2,E3,-14.375000,221.208000,OK
9,15,adjacent,620,30,16,200,FWD,E12,E1,E3,E4,-0.375000,194.634000,OK
9,15,adjacent,620,30,16,201,REV,E1,E12,E3,E4,1.336000,209.717000,OK
9,15,adjacent,620,30,16,202,FWD,E12,E1,E4,E5,8.398000,207.323000,OK
9,15,adjacent,620,30,16,203,REV,E1,E12,E4,E5,9.734000,211.951000,OK
9,15,adjacent,620,30,16,204,FWD,E12,E1,E5,E6,-9.227000,196.869000,OK
9,15,adjacent,620,30,16,205,REV,E1,E12,E5,E6,-8.547000,219.532000,OK
9,15,adjacent,620,30,16,206,FWD,E12,E1,E6,E7,7.625000,199.821000,OK
9,15,adjacent,620,30,16,207,REV,E1,E12,E6,E7,8.617000,209.318000,OK
9,15,adjacent,620,30,16,208,FWD,E12,E1,E7,E8,-21.883000,209.158000,OK
9,15,adjacent,620,30,16,209,REV,E1,E12,E7,E8,-20.922000,212.669000,OK
9,15,adjacent,620,30,16,210,FWD,E12,E1,E8,E9,7.977000,204.529000,OK
9,15,adjacent,620,30,16,211,REV,E1,E12,E8,E9,9.000000,207.482000,OK
9,15,adjacent,620,30,16,212,FWD,E12,E1,E9,E10,-5.523000,212.749000,OK
9,15,adjacent,620,30,16,213,REV,E1,E12,E9,E10,-2.078000,211.472000,OK
9,15,adjacent,620,30,16,214,FWD,E12,E1,E10,E11,0.359000,206.046000,OK
9,15,adjacent,620,30,16,215,REV,E1,E12,E10,E11,21.383000,207.003000,OK
