frame_index,frame_id,pattern,dac_code,settle_ms,sample_count,record_index,polarity,i_plus,i_minus,v_plus,v_minus,voltage_mv,current_ua,quality
0,6,adjacent,500,30,32,0,FWD,E1,E2,E3,E4,-4.031000,296.261000,OK
0,6,adjacent,500,30,32,1,REV,E2,E1,E3,E4,21.059000,306.116000,OK
0,6,adjacent,500,30,32,2,FWD,E1,E2,E4,E5,-7.562000,304.121000,OK
0,6,adjacent,500,30,32,3,REV,E2,E1,E4,E5,8.723000,303.403000,OK
0,6,adjacent,500,30,32,4,FWD,E1,E2,E5,E6,-2.871000,305.916000,OK
0,6,adjacent,500,30,32,5,REV,E2,E1,E5,E6,0.809000,302.485000,OK
0,6,adjacent,500,30,32,6,FWD,E1,E2,E6,E7,18.316000,306.754000,OK
0,6,adjacent,500,30,32,7,REV,E2,E1,E6,E7,20.668000,301.966000,OK
0,6,adjacent,500,30,32,8,FWD,E1,E2,E7,E8,-0.730000,306.675000,OK
0,6,adjacent,500,30,32,9,REV,E2,E1,E7,E8,1.566000,301.687000,OK
0,6,adjacent,500,30,32,10,FWD,E1,E2,E8,E9,-30.777000,306.794000,OK
0,6,adjacent,500,30,32,11,REV,E2,E1,E8,E9,-28.480000,301.807000,OK
0,6,adjacent,500,30,32,12,FWD,E1,E2,E9,E10,-43.359000,306.834000,OK
0,6,adjacent,500,30,32,13,REV,E2,E1,E9,E10,-37.617000,301.807000,OK
0,6,adjacent,500,30,32,14,FWD,E1,E2,E10,E11,15.207000,306.914000,OK
0,6,adjacent,500,30,32,15,REV,E2,E1,E10,E11,31.367000,301.527000,OK
0,6,adjacent,500,30,32,16,FWD,E1,E2,E11,E12,6.293000,307.273000,OK
0,6,adjacent,500,30,32,17,REV,E2,E1,E11,E12,43.324000,301.408000,OK
0,6,adjacent,500,30,32,18,FWD,E2,E3,E4,E5,-19.289000,300.610000,OK
0,6,adjacent,500,30,32,19,REV,E3,E2,E4,E5,20.598000,308.071000,OK
0,6,adjacent,500,30,32,20,FWD,E2,E3,E5,E6,-4.723000,307.792000,OK
0,6,adjacent,500,30,32,21,REV,E3,E2,E5,E6,2.574000,305.398000,OK
0,6,adjacent,500,30,32,22,FWD,E2,E3,E6,E7,17.590000,308.470000,OK
0,6,adjacent,500,30,32,23,REV,E3,E2,E6,E7,21.441000,305.358000,OK
0,6,adjacent,500,30,32,24,FWD,E2,E3,E7,E8,-1.141000,308.949000,OK
0,6,adjacent,500,30,32,25,REV,E3,E2,E7,E8,1.898000,304.919000,OK
0,6,adjacent,500,30,32,26,FWD,E2,E3,E8,E9,-30.859000,308.949000,OK
0,6,adjacent,500,30,32,27,REV,E3,E2,E8,E9,-28.496000,304.999000,OK
0,6,adjacent,500,30,32,28,FWD,E2,E3,E9,E10,-42.625000,309.108000,OK
0,6,adjacent,500,30,32,29,REV,E3,E2,E9,E10,-38.363000,304.600000,OK
0,6,adjacent,500,30,32,30,FWD,E2,E3,E10,E11,18.637000,308.949000,OK
0,6,adjacent,500,30,32,31,REV,E3,E2,E10,E11,27.949000,304.719000,OK
0,6,adjacent,500,30,32,32,FWD,E2,E3,E11,E12,17.180000,309.468000,OK
0,6,adjacent,500,30,32,33,REV,E3,E2,E11,E12,32.246000,304.161000,OK
0,6,adjacent,500,30,32,34,FWD,E2,E3,E12,E1,-7.289000,309.228000,OK
0,6,adjacent,500,30,32,35,REV,E3,E2,E12,E1,22.871000,304.600000,OK
0,6,adjacent,500,30,32,36,FWD,E3,E4,E1,E2,-16.750000,325.707000,OK
0,6,adjacent,500,30,32,37,REV,E4,E3,E1,E2,9.586000,348.570000,OK
0,6,adjacent,500,30,32,38,FWD,E3,E4,E5,E6,-9.207000,333.567000,OK
0,6,adjacent,500,30,32,39,REV,E4,E3,E5,E6,7.332000,345.817000,OK
0,6,adjacent,500,30,32,40,FWD,E3,E4,E6,E7,15.906000,334.804000,OK
0,6,adjacent,500,30,32,41,REV,E4,E3,E6,E7,23.285000,345.218000,OK
0,6,adjacent,500,30,32,42,FWD,E3,E4,E7,E8,-2.008000,335.562000,OK
0,6,adjacent,500,30,32,43,REV,E4,E3,E7,E8,2.781000,344.540000,OK
0,6,adjacent,500,30,32,44,FWD,E3,E4,E8,E9,-31.109000,336.001000,OK
0,6,adjacent,500,30,32,45,REV,E4,E3,E8,E9,-28.211000,344.660000,OK
0,6,adjacent,500,30,32,46,FWD,E3,E4,E9,E10,-42.387000,335.602000,OK
0,6,adjacent,500,30,32,47,REV,E4,E3,E9,E10,-38.598000,344.460000,OK
0,6,adjacent,500,30,32,48,FWD,E3,E4,E10,E11,20.305000,336.201000,OK
0,6,adjacent,500,30,32,49,REV,E4,E3,E10,E11,26.441000,344.460000,OK
0,6,adjacent,500,30,32,50,FWD,E3,E4,E11,E12,21.355000,336.121000,OK
0,6,adjacent,500,30,32,51,REV,E4,E3,E11,E12,28.168000,344.141000,OK
0,6,adjacent,500,30,32,52,FWD,E3,E4,E12,E1,2.129000,335.802000,OK
0,6,adjacent,500,30,32,53,REV,E4,E3,E12,E1,13.020000,344.420000,OK
0,6,adjacent,500,30,32,54,FWD,E4,E5,E1,E2,-15.945000,340.311000,OK
0,6,adjacent,500,30,32,55,REV,E5,E4,E1,E2,2.734000,357.707000,OK
0,6,adjacent,500,30,32,56,FWD,E4,E5,E2,E3,-25.922000,348.849000,OK
0,6,adjacent,500,30,32,57,REV,E5,E4,E2,E3,19.102000,354.914000,OK
0,6,adjacent,500,30,32,58,FWD,E4,E5,E6,E7,3.945000,350.445000,OK
0,6,adjacent,500,30,32,59,REV,E5,E4,E6,E7,35.281000,353.637000,OK
0,6,adjacent,500,30,32,60,FWD,E4,E5,E7,E8,-7.098000,351.044000,OK
0,6,adjacent,500,30,32,61,REV,E5,E4,E7,E8,7.805000,353.478000,OK
0,6,adjacent,500,30,32,62,FWD,E4,E5,E8,E9,-33.348000,351.443000,OK
0,6,adjacent,500,30,32,63,REV,E5,E4,E8,E9,-26.016000,353.478000,OK
0,6,adjacent,500,30,32,64,FWD,E4,E5,E9,E10,-44.273000,351.523000,OK
0,6,adjacent,500,30,32,65,REV,E5,E4,E9,E10,-36.742000,353.079000,OK
0,6,adjacent,500,30,32,66,FWD,E4,E5,E10,E11,18.637000,351.363000,OK
0,6,adjacent,500,30,32,67,REV,E5,E4,E10,E11,28.086000,353.358000,OK
0,6,adjacent,500,30,32,68,FWD,E4,E5,E11,E12,21.047000,351.722000,OK
0,6,adjacent,500,30,32,69,REV,E5,E4,E11,E12,28.352000,352.879000,OK
0,6,adjacent,500,30,32,70,FWD,E4,E5,E12,E1,2.707000,351.802000,OK
0,6,adjacent,500,30,32,71,REV,E5,E4,E12,E1,12.148000,352.959000,OK
0,6,adjacent,500,30,32,72,FWD,E5,E6,E1,E2,-8.996000,355.154000,OK
0,6,adjacent,500,30,32,73,REV,E6,E5,E1,E2,-4.531000,377.418000,OK
0,6,adjacent,500,30,32,74,FWD,E5,E6,E2,E3,-9.941000,366.166000,OK
0,6,adjacent,500,30,32,75,REV,E6,E5,E2,E3,-1.187000,374.146000,OK
0,6,adjacent,500,30,32,76,FWD,E5,E6,E3,E4,0.363000,367.882000,OK
0,6,adjacent,500,30,32,77,REV,E6,E5,E3,E4,18.086000,372.789000,OK
0,6,adjacent,500,30,32,78,FWD,E5,E6,E7,E8,-11.277000,368.720000,OK
0,6,adjacent,500,30,32,79,REV,E6,E5,E7,E8,12.008000,372.430000,OK
0,6,adjacent,500,30,32,80,FWD,E5,E6,E8,E9,-33.348000,369.438000,OK
0,6,adjacent,500,30,32,81,REV,E6,E5,E8,E9,-26.035000,371.832000,OK
0,6,adjacent,500,30,32,82,FWD,E5,E6,E9,E10,-43.152000,369.518000,OK
0,6,adjacent,500,30,32,83,REV,E6,E5,E9,E10,-37.871000,371.194000,OK
0,6,adjacent,500,30,32,84,FWD,E5,E6,E10,E11,20.937000,369.957000,OK
0,6,adjacent,500,30,32,85,REV,E6,E5,E10,E11,25.758000,371.513000,OK
0,6,adjacent,500,30,32,86,FWD,E5,E6,E11,E12,23.434000,370.156000,OK
0,6,adjacent,500,30,32,87,REV,E6,E5,E11,E12,25.930000,370.954000,OK
0,6,adjacent,500,30,32,88,FWD,E5,E6,E12,E1,6.051000,370.236000,OK
0,6,adjacent,500,30,32,89,REV,E6,E5,E12,E1,8.711000,371.233000,OK
0,6,adjacent,500,30,32,90,FWD,E6,E7,E1,E2,-8.172000,351.523000,OK
0,6,adjacent,500,30,32,91,REV,E7,E6,E1,E2,-5.316000,395.134000,OK
0,6,adjacent,500,30,32,92,FWD,E6,E7,E2,E3,-8.082000,364.211000,OK
0,6,adjacent,500,30,32,93,REV,E7,E6,E2,E3,-3.391000,391.423000,OK
0,6,adjacent,500,30,32,94,FWD,E6,E7,E3,E4,4.535000,365.847000,OK
0,6,adjacent,500,30,32,95,REV,E7,E6,E3,E4,12.641000,389.867000,OK
0,6,adjacent,500,30,32,96,FWD,E6,E7,E4,E5,-14.340000,366.964000,OK
0,6,adjacent,500,30,32,97,REV,E7,E6,E4,E5,18.953000,388.829000,OK
0,6,adjacent,500,30,32,98,FWD,E6,E7,E8,E9,-38.375000,367.882000,OK
0,6,adjacent,500,30,32,99,REV,E7,E6,E8,E9,-20.547000,388.510000,OK
0,6,adjacent,500,30,32,100,FWD,E6,E7,E9,E10,-45.074000,368.361000,OK
0,6,adjacent,500,30,32,101,REV,E7,E6,E9,E10,-35.742000,388.510000,OK
0,6,adjacent,500,30,32,102,FWD,E6,E7,E10,E11,20.113000,368.001000,OK
0,6,adjacent,500,30,32,103,REV,E7,E6,E10,E11,26.816000,387.952000,OK
0,6,adjacent,500,30,32,104,FWD,E6,E7,E11,E12,23.504000,368.560000,OK
0,6,adjacent,500,30,32,105,REV,E7,E6,E11,E12,25.898000,387.872000,OK
0,6,adjacent,500,30,32,106,FWD,E6,E7,E12,E1,6.320000,368.959000,OK
0,6,adjacent,500,30,32,107,REV,E7,E6,E12,E1,8.355000,387.593000,OK
0,6,adjacent,500,30,32,108,FWD,E7,E8,E1,E2,-8.188000,366.405000,OK
0,6,adjacent,500,30,32,109,REV,E8,E7,E1,E2,-5.312000,399.363000,OK
0,6,adjacent,500,30,32,110,FWD,E7,E8,E2,E3,-7.754000,381.129000,OK
0,6,adjacent,500,30,32,111,REV,E8,E7,E2,E3,-3.965000,394.655000,OK
0,6,adjacent,500,30,32,112,FWD,E7,E8,E3,E4,5.793000,383.962000,OK
0,6,adjacent,500,30,32,113,REV,E8,E7,E3,E4,11.125000,392.660000,OK
0,6,adjacent,500,30,32,114,FWD,E7,E8,E4,E5,-7.047000,385.079000,OK
0,6,adjacent,500,30,32,115,REV,E8,E7,E4,E5,9.137000,391.902000,OK
0,6,adjacent,500,30,32,116,FWD,E7,E8,E5,E6,-11.586000,386.076000,OK
0,6,adjacent,500,30,32,117,REV,E8,E7,E5,E6,12.406000,391.623000,OK
0,6,adjacent,500,30,32,118,FWD,E7,E8,E9,E10,-56.203000,385.957000,OK
0,6,adjacent,500,30,32,119,REV,E8,E7,E9,E10,-24.672000,391.343000,OK
0,6,adjacent,500,30,32,120,FWD,E7,E8,E10,E11,14.988000,386.076000,OK
0,6,adjacent,500,30,32,121,REV,E8,E7,E10,E11,31.930000,391.064000,OK
0,6,adjacent,500,30,32,122,FWD,E7,E8,E11,E12,22.762000,386.276000,OK
0,6,adjacent,500,30,32,123,REV,E8,E7,E11,E12,26.660000,390.824000,OK
0,6,adjacent,500,30,32,124,FWD,E7,E8,E12,E1,6.090000,387.074000,OK
0,6,adjacent,500,30,32,125,REV,E8,E7,E12,E1,8.523000,390.705000,OK
0,6,adjacent,500,30,32,126,FWD,E8,E9,E1,E2,-7.988000,317.847000,OK
0,6,adjacent,500,30,32,127,REV,E9,E8,E1,E2,-5.633000,318.166000,OK
0,6,adjacent,500,30,32,128,FWD,E8,E9,E2,E3,-7.184000,331.373000,OK
0,6,adjacent,500,30,32,129,REV,E9,E8,E2,E3,-4.758000,315.453000,OK
0,6,adjacent,500,30,32,130,FWD,E8,E9,E3,E4,7.047000,332.729000,OK
0,6,adjacent,500,30,32,131,REV,E9,E8,E3,E4,9.730000,315.094000,OK
0,6,adjacent,500,30,32,132,FWD,E8,E9,E4,E5,-2.574000,333.049000,OK
0,6,adjacent,500,30,32,133,REV,E9,E8,E4,E5,4.000000,314.615000,OK
0,6,adjacent,500,30,32,134,FWD,E8,E9,E5,E6,-3.758000,333.408000,OK
0,6,adjacent,500,30,32,135,REV,E9,E8,E5,E6,2.496000,314.814000,OK
0,6,adjacent,500,30,32,136,FWD,E8,E9,E6,E7,12.199000,333.049000,OK
0,6,adjacent,500,30,32,137,REV,E9,E8,E6,E7,27.152000,315.133000,OK
0,6,adjacent,500,30,32,138,FWD,E8,E9,E10,E11,0.574000,333.368000,OK
0,6,adjacent,500,30,32,139,REV,E9,E8,E10,E11,45.680000,314.734000,OK
0,6,adjacent,500,30,32,140,FWD,E8,E9,E11,E12,21.527000,333.288000,OK
0,6,adjacent,500,30,32,141,REV,E9,E8,E11,E12,27.699000,314.854000,OK
0,6,adjacent,500,30,32,142,FWD,E8,E9,E12,E1,5.902000,333.248000,OK
0,6,adjacent,500,30,32,143,REV,E9,E8,E12,E1,8.598000,314.814000,OK
0,6,adjacent,500,30,32,144,FWD,E9,E10,E1,E2,-8.891000,211.273000,OK
0,6,adjacent,500,30,32,145,REV,E10,E9,E1,E2,-4.937000,194.594000,OK
0,6,adjacent,500,30,32,146,FWD,E9,E10,E2,E3,-7.496000,217.258000,OK
0,6,adjacent,500,30,32,147,REV,E10,E9,E2,E3,-4.602000,193.996000,OK
0,6,adjacent,500,30,32,148,FWD,E9,E10,E3,E4,7.230000,217.737000,OK
0,6,adjacent,500,30,32,149,REV,E10,E9,E3,E4,9.504000,193.876000,OK
0,6,adjacent,500,30,32,150,FWD,E9,E10,E4,E5,-1.605000,217.697000,OK
0,6,adjacent,500,30,32,151,REV,E10,E9,E4,E5,2.797000,193.876000,OK
0,6,adjacent,500,30,32,152,FWD,E9,E10,E5,E6,-2.316000,217.936000,OK
0,6,adjacent,500,30,32,153,REV,E10,E9,E5,E6,0.543000,193.756000,OK
0,6,adjacent,500,30,32,154,FWD,E9,E10,E6,E7,16.715000,217.697000,OK
0,6,adjacent,500,30,32,155,REV,E10,E9,E6,E7,21.773000,194.036000,OK
0,6,adjacent,500,30,32,156,FWD,E9,E10,E7,E8,-7.656000,217.457000,OK
0,6,adjacent,500,30,32,157,REV,E10,E9,E7,E8,9.078000,193.996000,OK
0,6,adjacent,500,30,32,158,FWD,E9,E10,E11,E12,11.176000,217.577000,OK
0,6,adjacent,500,30,32,159,REV,E10,E9,E11,E12,36.488000,194.195000,OK
0,6,adjacent,500,30,32,160,FWD,E9,E10,E12,E1,3.918000,217.697000,OK
0,6,adjacent,500,30,32,161,REV,E10,E9,E12,E1,10.230000,194.235000,OK
0,6,adjacent,500,30,32,162,FWD,E10,E11,E1,E2,-11.855000,189.966000,OK
0,6,adjacent,500,30,32,163,REV,E11,E10,E1,E2,-1.289000,211.632000,OK
0,6,adjacent,500,30,32,164,FWD,E10,E11,E2,E3,-8.879000,195.472000,OK
0,6,adjacent,500,30,32,165,REV,E11,E10,E2,E3,-2.859000,210.953000,OK
0,6,adjacent,500,30,32,166,FWD,E10,E11,E3,E4,6.703000,196.629000,OK
0,6,adjacent,500,30,32,167,REV,E11,E10,E3,E4,10.293000,210.155000,OK
0,6,adjacent,500,30,32,168,FWD,E10,E11,E4,E5,-1.902000,197.188000,OK
0,6,adjacent,500,30,32,169,REV,E11,E10,E4,E5,3.492000,210.235000,OK
0,6,adjacent,500,30,32,170,FWD,E10,E11,E5,E6,-2.137000,197.188000,OK
0,6,adjacent,500,30,32,171,REV,E11,E10,E5,E6,0.473000,210.036000,OK
0,6,adjacent,500,30,32,172,FWD,E10,E11,E6,E7,17.668000,197.068000,OK
0,6,adjacent,500,30,32,173,REV,E11,E10,E6,E7,21.258000,210.076000,OK
0,6,adjacent,500,30,32,174,FWD,E10,E11,E7,E8,-3.570000,197.068000,OK
0,6,adjacent,500,30,32,175,REV,E11,E10,E7,E8,5.371000,210.395000,OK
0,6,adjacent,500,30,32,176,FWD,E10,E11,E8,E9,-43.188000,197.068000,OK
0,6,adjacent,500,30,32,177,REV,E11,E10,E8,E9,-13.828000,210.076000,OK
0,6,adjacent,500,30,32,178,FWD,E10,E11,E12,E1,-3.555000,197.347000,OK
0,6,adjacent,500,30,32,179,REV,E11,E10,E12,E1,18.812000,209.756000,OK
0,6,adjacent,500,30,32,180,FWD,E11,E12,E1,E2,-22.281000,249.417000,OK
0,6,adjacent,500,30,32,181,REV,E12,E11,E1,E2,10.090000,279.742000,OK
0,6,adjacent,500,30,32,182,FWD,E11,E12,E2,E3,-12.250000,256.440000,OK
0,6,adjacent,500,30,32,183,REV,E12,E11,E2,E3,0.781000,278.026000,OK
0,6,adjacent,500,30,32,184,FWD,E11,E12,E3,E4,5.883000,257.437000,OK
0,6,adjacent,500,30,32,185,REV,E12,E11,E3,E4,11.191000,276.630000,OK
0,6,adjacent,500,30,32,186,FWD,E11,E12,E4,E5,-2.000000,258.076000,OK
0,6,adjacent,500,30,32,187,REV,E12,E11,E4,E5,3.535000,276.470000,OK
0,6,adjacent,500,30,32,188,FWD,E11,E12,E5,E6,-1.844000,258.475000,OK
0,6,adjacent,500,30,32,189,REV,E12,E11,E5,E6,-0.027000,276.230000,OK
0,6,adjacent,500,30,32,190,FWD,E11,E12,E6,E7,18.586000,258.515000,OK
0,6,adjacent,500,30,32,191,REV,E12,E11,E6,E7,20.309000,275.752000,OK
0,6,adjacent,500,30,32,192,FWD,E11,E12,E7,E8,-0.750000,258.595000,OK
0,6,adjacent,500,30,32,193,REV,E12,E11,E7,E8,1.992000,276.111000,OK
0,6,adjacent,500,30,32,194,FWD,E11,E12,E8,E9,-32.090000,258.674000,OK
0,6,adjacent,500,30,32,195,REV,E12,E11,E8,E9,-26.785000,276.270000,OK
0,6,adjacent,500,30,32,196,FWD,E11,E12,E9,E10,-55.438000,258.515000,OK
0,6,adjacent,500,30,32,197,REV,E12,E11,E9,E10,-23.430000,276.230000,OK
0,6,adjacent,500,30,32,198,FWD,E12,E1,E2,E3,-19.246000,265.856000,OK
0,6,adjacent,500,30,32,199,REV,E1,E12,E2,E3,7.969000,287.562000,OK
0,6,adjacent,500,30,32,200,FWD,E12,E1,E3,E4,4.043000,273.996000,OK
0,6,adjacent,500,30,32,201,REV,E1,E12,E3,E4,12.992000,284.769000,OK
0,6,adjacent,500,30,32,202,FWD,E12,E1,E4,E5,-3.027000,275.871000,OK
0,6,adjacent,500,30,32,203,REV,E1,E12,E4,E5,4.453000,284.091000,OK
0,6,adjacent,500,30,32,204,FWD,E12,E1,E5,E6,-1.965000,275.911000,OK
0,6,adjacent,500,30,32,205,REV,E1,E12,E5,E6,0.012000,283.891000,OK
0,6,adjacent,500,30,32,206,FWD,E12,E1,E6,E7,18.719000,276.151000,OK
0,6,adjacent,500,30,32,207,REV,E1,E12,E6,E7,20.211000,283.333000,OK
0,6,adjacent,500,30,32,208,FWD,E12,E1,E7,E8,-0.379000,276.550000,OK
0,6,adjacent,500,30,32,209,REV,E1,E12,E7,E8,1.426000,283.133000,OK
0,6,adjacent,500,30,32,210,FWD,E12,E1,E8,E9,-30.797000,276.989000,OK
0,6,adjacent,500,30,32,211,REV,E1,E12,E8,E9,-28.383000,282.814000,OK
0,6,adjacent,500,30,32,212,FWD,E12,E1,E9,E10,-44.535000,276.669000,OK
0,6,adjacent,500,30,32,213,REV,E1,E12,E9,E10,-36.051000,283.173000,OK
0,6,adjacent,500,30,32,214,FWD,E12,E1,E10,E11,8.004000,276.749000,OK
0,6,adjacent,500,30,32,215,REV,E1,E12,E10,E11,39.262000,282.774000,OK
1,7,adjacent,500,30,32,0,FWD,E1,E2,E3,E4,-4.035000,296.300000,OK
1,7,adjacent,500,30,32,1,REV,E2,E1,E3,E4,21.047000,305.717000,OK
1,7,adjacent,500,30,32,2,FWD,E1,E2,E4,E5,-7.543000,304.480000,OK
1,7,adjacent,500,30,32,3,REV,E2,E1,E4,E5,8.754000,303.443000,OK
1,7,adjacent,500,30,32,4,FWD,E1,E2,E5,E6,-2.891000,305.358000,OK
1,7,adjacent,500,30,32,5,REV,E2,E1,E5,E6,0.816000,302.405000,OK
1,7,adjacent,500,30,32,6,FWD,E1,E2,E6,E7,18.297000,306.076000,OK
1,7,adjacent,500,30,32,7,REV,E2,E1,E6,E7,20.633000,302.445000,OK
1,7,adjacent,500,30,32,8,FWD,E1,E2,E7,E8,-0.730000,306.276000,OK
1,7,adjacent,500,30,32,9,REV,E2,E1,E7,E8,1.594000,301.847000,OK
1,7,adjacent,500,30,32,10,FWD,E1,E2,E8,E9,-30.777000,306.595000,OK
1,7,adjacent,500,30,32,11,REV,E2,E1,E8,E9,-28.500000,301.487000,OK
1,7,adjacent,500,30,32,12,FWD,E1,E2,E9,E10,-43.324000,306.914000,OK
1,7,adjacent,500,30,32,13,REV,E2,E1,E9,E10,-37.578000,301.807000,OK
1,7,adjacent,500,30,32,14,FWD,E1,E2,E10,E11,15.199000,306.475000,OK
1,7,adjacent,500,30,32,15,REV,E2,E1,E10,E11,31.254000,301.727000,OK
1,7,adjacent,500,30,32,16,FWD,E1,E2,E11,E12,6.348000,306.874000,OK
1,7,adjacent,500,30,32,17,REV,E2,E1,E11,E12,43.332000,301.687000,OK
1,7,adjacent,500,30,32,18,FWD,E2,E3,E4,E5,-19.266000,300.650000,OK
1,7,adjacent,500,30,32,19,REV,E3,E2,E4,E5,20.621000,307.273000,OK
1,7,adjacent,500,30,32,20,FWD,E2,E3,E5,E6,-4.699000,307.313000,OK
1,7,adjacent,500,30,32,21,REV,E3,E2,E5,E6,2.578000,305.717000,OK
1,7,adjacent,500,30,32,22,FWD,E2,E3,E6,E7,17.547000,308.231000,OK
1,7,adjacent,500,30,32,23,REV,E3,E2,E6,E7,21.410000,305.438000,OK
1,7,adjacent,500,30,32,24,FWD,E2,E3,E7,E8,-1.129000,308.390000,OK
1,7,adjacent,500,30,32,25,REV,E3,E2,E7,E8,1.922000,305.398000,OK
1,7,adjacent,500,30,32,26,FWD,E2,E3,E8,E9,-30.855000,308.909000,OK
1,7,adjacent,500,30,32,27,REV,E3,E2,E8,E9,-28.512000,304.719000,OK
1,7,adjacent,500,30,32,28,FWD,E2,E3,E9,E10,-42.594000,309.148000,OK
1,7,adjacent,500,30,32,29,REV,E3,E2,E9,E10,-38.344000,304.281000,OK
1,7,adjacent,500,30,32,30,FWD,E2,E3,E10,E11,18.598000,309.029000,OK
1,7,adjacent,500,30,32,31,REV,E3,E2,E10,E11,27.883000,305.358000,OK
1,7,adjacent,500,30,32,32,FWD,E2,E3,E11,E12,17.219000,308.789000,OK
1,7,adjacent,500,30,32,33,REV,E3,E2,E11,E12,32.285000,304.759000,OK
1,7,adjacent,500,30,32,34,FWD,E2,E3,E12,E1,-7.344000,308.789000,OK
1,7,adjacent,500,30,32,35,REV,E3,E2,E12,E1,22.844000,304.680000,OK
1,7,adjacent,500,30,32,36,FWD,E3,E4,E1,E2,-16.738000,325.308000,OK
1,7,adjacent,500,30,32,37,REV,E4,E3,E1,E2,9.586000,348.530000,OK
1,7,adjacent,500,30,32,38,FWD,E3,E4,E5,E6,-9.203000,333.647000,OK
1,7,adjacent,500,30,32,39,REV,E4,E3,E5,E6,7.352000,346.056000,OK
1,7,adjacent,500,30,32,40,FWD,E3,E4,E6,E7,12.777000,334.525000,OK
1,7,adjacent,500,30,32,41,REV,E4,E3,E6,E7,20.617000,345.418000,OK
1,7,adjacent,500,30,32,42,FWD,E3,E4,E7,E8,0.309000,335.323000,OK
1,7,adjacent,500,30,32,43,REV,E4,E3,E7,E8,4.805000,344.740000,OK
1,7,adjacent,500,30,32,44,FWD,E3,E4,E8,E9,-31.125000,335.363000,OK
1,7,adjacent,500,30,32,45,REV,E4,E3,E8,E9,-28.219000,344.221000,OK
1,7,adjacent,500,30,32,46,FWD,E3,E4,E9,E10,-42.359000,335.882000,OK
1,7,adjacent,500,30,32,47,REV,E4,E3,E9,E10,-38.547000,344.779000,OK
1,7,adjacent,500,30,32,48,FWD,E3,E4,E10,E11,20.297000,335.882000,OK
1,7,adjacent,500,30,32,49,REV,E4,E3,E10,E11,26.367000,344.580000,OK
1,7,adjacent,500,30,32,50,FWD,E3,E4,E11,E12,21.387000,336.360000,OK
1,7,adjacent,500,30,32,51,REV,E4,E3,E11,E12,28.184000,344.380000,OK
1,7,adjacent,500,30,32,52,FWD,E3,E4,E12,E1,2.113000,336.121000,OK
1,7,adjacent,500,30,32,53,REV,E4,E3,E12,E1,13.031000,344.021000,OK
1,7,adjacent,500,30,32,54,FWD,E4,E5,E1,E2,-15.953000,340.311000,OK
1,7,adjacent,500,30,32,55,REV,E5,E4,E1,E2,2.734000,357.109000,OK
1,7,adjacent,500,30,32,56,FWD,E4,E5,E2,E3,-25.934000,349.129000,OK
1,7,adjacent,500,30,32,57,REV,E5,E4,E2,E3,19.098000,354.755000,OK
1,7,adjacent,500,30,32,58,FWD,E4,E5,E6,E7,3.152000,350.565000,OK
1,7,adjacent,500,30,32,59,REV,E5,E4,E6,E7,34.461000,353.877000,OK
1,7,adjacent,500,30,32,60,FWD,E4,E5,E7,E8,-6.301000,351.363000,OK
1,7,adjacent,500,30,32,61,REV,E5,E4,E7,E8,8.605000,353.478000,OK
1,7,adjacent,500,30,32,62,FWD,E4,E5,E8,E9,-33.363000,351.842000,OK
1,7,adjacent,500,30,32,63,REV,E5,E4,E8,E9,-26.020000,352.720000,OK
1,7,adjacent,500,30,32,64,FWD,E4,E5,E9,E10,-44.242000,351.682000,OK
1,7,adjacent,500,30,32,65,REV,E5,E4,E9,E10,-36.734000,353.278000,OK
1,7,adjacent,500,30,32,66,FWD,E4,E5,E10,E11,18.570000,351.602000,OK
1,7,adjacent,500,30,32,67,REV,E5,E4,E10,E11,28.027000,352.839000,OK
1,7,adjacent,500,30,32,68,FWD,E4,E5,E11,E12,21.098000,351.922000,OK
1,7,adjacent,500,30,32,69,REV,E5,E4,E11,E12,28.387000,352.720000,OK
1,7,adjacent,500,30,32,70,FWD,E4,E5,E12,E1,2.656000,352.001000,OK
1,7,adjacent,500,30,32,71,REV,E5,E4,E12,E1,12.145000,353.119000,OK
1,7,adjacent,500,30,32,72,FWD,E5,E6,E1,E2,-8.984000,354.635000,OK
1,7,adjacent,500,30,32,73,REV,E6,E5,E1,E2,-4.504000,377.378000,OK
1,7,adjacent,500,30,32,74,FWD,E5,E6,E2,E3,-9.953000,366.206000,OK
1,7,adjacent,500,30,32,75,REV,E6,E5,E2,E3,-1.172000,373.667000,OK
1,7,adjacent,500,30,32,76,FWD,E5,E6,E3,E4,0.320000,367.762000,OK
1,7,adjacent,500,30,32,77,REV,E6,E5,E3,E4,18.074000,372.989000,OK
1,7,adjacent,500,30,32,78,FWD,E5,E6,E7,E8,-10.711000,368.480000,OK
1,7,adjacent,500,30,32,79,REV,E6,E5,E7,E8,12.617000,372.311000,OK
1,7,adjacent,500,30,32,80,FWD,E5,E6,E8,E9,-33.367000,369.837000,OK
1,7,adjacent,500,30,32,81,REV,E6,E5,E8,E9,-26.043000,371.872000,OK
1,7,adjacent,500,30,32,82,FWD,E5,E6,E9,E10,-43.059000,369.837000,OK
1,7,adjacent,500,30,32,83,REV,E6,E5,E9,E10,-37.883000,371.872000,OK
1,7,adjacent,500,30,32,84,FWD,E5,E6,E10,E11,20.898000,369.637000,OK
1,7,adjacent,500,30,32,85,REV,E6,E5,E10,E11,25.695000,371.393000,OK
1,7,adjacent,500,30,32,86,FWD,E5,E6,E11,E12,23.484000,369.757000,OK
1,7,adjacent,500,30,32,87,REV,E6,E5,E11,E12,25.969000,371.313000,OK
1,7,adjacent,500,30,32,88,FWD,E5,E6,E12,E1,6.020000,370.036000,OK
1,7,adjacent,500,30,32,89,REV,E6,E5,E12,E1,8.668000,370.834000,OK
1,7,adjacent,500,30,32,90,FWD,E6,E7,E1,E2,-8.145000,352.201000,OK
1,7,adjacent,500,30,32,91,REV,E7,E6,E1,E2,-5.281000,394.815000,OK
1,7,adjacent,500,30,32,92,FWD,E6,E7,E2,E3,-8.074000,364.131000,OK
1,7,adjacent,500,30,32,93,REV,E7,E6,E2,E3,-3.359000,391.423000,OK
1,7,adjacent,500,30,32,94,FWD,E6,E7,E3,E4,4.473000,366.605000,OK
1,7,adjacent,500,30,32,95,REV,E7,E6,E3,E4,12.609000,389.109000,OK
1,7,adjacent,500,30,32,96,FWD,E6,E7,E4,E5,-14.332000,367.642000,OK
1,7,adjacent,500,30,32,97,REV,E7,E6,E4,E5,18.977000,388.949000,OK
1,7,adjacent,500,30,32,98,FWD,E6,E7,E8,E9,-38.406000,367.882000,OK
1,7,adjacent,500,30,32,99,REV,E7,E6,E8,E9,-20.574000,388.271000,OK
1,7,adjacent,500,30,32,100,FWD,E6,E7,E9,E10,-45.039000,368.919000,OK
1,7,adjacent,500,30,32,101,REV,E7,E6,E9,E10,-35.738000,387.473000,OK
1,7,adjacent,500,30,32,102,FWD,E6,E7,E10,E11,20.051000,368.959000,OK
1,7,adjacent,500,30,32,103,REV,E7,E6,E10,E11,26.730000,387.752000,OK
1,7,adjacent,500,30,32,104,FWD,E6,E7,E11,E12,23.555000,368.919000,OK
1,7,adjacent,500,30,32,105,REV,E7,E6,E11,E12,25.934000,387.513000,OK
1,7,adjacent,500,30,32,106,FWD,E6,E7,E12,E1,6.316000,368.959000,OK
1,7,adjacent,500,30,32,107,REV,E7,E6,E12,E1,8.336000,387.233000,OK
1,7,adjacent,500,30,32,108,FWD,E7,E8,E1,E2,-8.172000,366.565000,OK
1,7,adjacent,500,30,32,109,REV,E8,E7,E1,E2,-5.301000,399.283000,OK
1,7,adjacent,500,30,32,110,FWD,E7,E8,E2,E3,-7.762000,381.368000,OK
1,7,adjacent,500,30,32,111,REV,E8,E7,E2,E3,-3.949000,394.615000,OK
1,7,adjacent,500,30,32,112,FWD,E7,E8,E3,E4,5.762000,384.241000,OK
1,7,adjacent,500,30,32,113,REV,E8,E7,E3,E4,11.141000,392.899000,OK
1,7,adjacent,500,30,32,114,FWD,E7,E8,E4,E5,-7.047000,384.800000,OK
1,7,adjacent,500,30,32,115,REV,E8,E7,E4,E5,9.133000,392.540000,OK
1,7,adjacent,500,30,32,116,FWD,E7,E8,E5,E6,-11.590000,385.637000,OK
1,7,adjacent,500,30,32,117,REV,E8,E7,E5,E6,12.410000,391.662000,OK
1,7,adjacent,500,30,32,118,FWD,E7,E8,E9,E10,-56.188000,385.637000,OK
1,7,adjacent,500,30,32,119,REV,E8,E7,E9,E10,-24.684000,391.662000,OK
1,7,adjacent,500,30,32,120,FWD,E7,E8,E10,E11,14.898000,385.877000,OK
1,7,adjacent,500,30,32,121,REV,E8,E7,E10,E11,31.824000,390.984000,OK
1,7,adjacent,500,30,32,122,FWD,E7,E8,E11,E12,22.805000,386.276000,OK
1,7,adjacent,500,30,32,123,REV,E8,E7,E11,E12,26.699000,391.583000,OK
1,7,adjacent,500,30,32,124,FWD,E7,E8,E12,E1,6.070000,385.837000,OK
1,7,adjacent,500,30,32,125,REV,E8,E7,E12,E1,8.563000,391.144000,OK
1,7,adjacent,500,30,32,126,FWD,E8,E9,E1,E2,-7.992000,318.046000,OK
1,7,adjacent,500,30,32,127,REV,E9,E8,E1,E2,-5.641000,318.325000,OK
1,7,adjacent,500,30,32,128,FWD,E8,E9,E2,E3,-7.164000,331.652000,OK
1,7,adjacent,500,30,32,129,REV,E9,E8,E2,E3,-4.750000,315.453000,OK
1,7,adjacent,500,30,32,130,FWD,E8,E9,E3,E4,7.039000,333.009000,OK
1,7,adjacent,500,30,32,131,REV,E9,E8,E3,E4,9.746000,314.814000,OK
1,7,adjacent,500,30,32,132,FWD,E8,E9,E4,E5,-2.578000,332.809000,OK
1,7,adjacent,500,30,32,133,REV,E9,E8,E4,E5,4.062000,315.133000,OK
1,7,adjacent,500,30,32,134,FWD,E8,E9,E5,E6,-3.773000,333.168000,OK
1,7,adjacent,500,30,32,135,REV,E9,E8,E5,E6,2.500000,314.854000,OK
1,7,adjacent,500,30,32,136,FWD,E8,E9,E6,E7,11.801000,332.889000,OK
1,7,adjacent,500,30,32,137,REV,E9,E8,E6,E7,26.695000,314.655000,OK
1,7,adjacent,500,30,32,138,FWD,E8,E9,E10,E11,0.535000,333.248000,OK
1,7,adjacent,500,30,32,139,REV,E9,E8,E10,E11,45.543000,315.293000,OK
1,7,adjacent,500,30,32,140,FWD,E8,E9,E11,E12,21.602000,333.408000,OK
1,7,adjacent,500,30,32,141,REV,E9,E8,E11,E12,27.727000,314.974000,OK
1,7,adjacent,500,30,32,142,FWD,E8,E9,E12,E1,5.879000,333.168000,OK
1,7,adjacent,500,30,32,143,REV,E9,E8,E12,E1,8.598000,315.173000,OK
1,7,adjacent,500,30,32,144,FWD,E9,E10,E1,E2,-8.875000,211.791000,OK
1,7,adjacent,500,30,32,145,REV,E10,E9,E1,E2,-4.934000,195.033000,OK
1,7,adjacent,500,30,32,146,FWD,E9,E10,E2,E3,-7.496000,218.016000,OK
1,7,adjacent,500,30,32,147,REV,E10,E9,E2,E3,-4.613000,193.637000,OK
1,7,adjacent,500,30,32,148,FWD,E9,E10,E3,E4,7.199000,218.016000,OK
1,7,adjacent,500,30,32,149,REV,E10,E9,E3,E4,9.531000,193.836000,OK
1,7,adjacent,500,30,32,150,FWD,E9,E10,E4,E5,-1.629000,218.096000,OK
1,7,adjacent,500,30,32,151,REV,E10,E9,E4,E5,2.809000,193.996000,OK
1,7,adjacent,500,30,32,152,FWD,E9,E10,E5,E6,-2.320000,217.776000,OK
1,7,adjacent,500,30,32,153,REV,E10,E9,E5,E6,0.578000,193.637000,OK
1,7,adjacent,500,30,32,154,FWD,E9,E10,E6,E7,16.336000,217.617000,OK
1,7,adjacent,500,30,32,155,REV,E10,E9,E6,E7,21.395000,193.677000,OK
1,7,adjacent,500,30,32,156,FWD,E9,E10,E7,E8,-7.309000,218.056000,OK
1,7,adjacent,500,30,32,157,REV,E10,E9,E7,E8,9.492000,193.836000,OK
1,7,adjacent,500,30,32,158,FWD,E9,E10,E11,E12,11.246000,217.617000,OK
1,7,adjacent,500,30,32,159,REV,E10,E9,E11,E12,36.516000,193.317000,OK
1,7,adjacent,500,30,32,160,FWD,E9,E10,E12,E1,3.898000,217.417000,OK
1,7,adjacent,500,30,32,161,REV,E10,E9,E12,E1,10.215000,194.155000,OK
1,7,adjacent,500,30,32,162,FWD,E10,E11,E1,E2,-11.855000,190.285000,OK
1,7,adjacent,500,30,32,163,REV,E11,E10,E1,E2,-1.273000,212.111000,OK
1,7,adjacent,500,30,32,164,FWD,E10,E11,E2,E3,-8.875000,196.589000,OK
1,7,adjacent,500,30,32,165,REV,E11,E10,E2,E3,-2.859000,210.355000,OK
1,7,adjacent,500,30,32,166,FWD,E10,E11,E3,E4,6.723000,196.789000,OK
1,7,adjacent,500,30,32,167,REV,E11,E10,E3,E4,10.313000,209.916000,OK
1,7,adjacent,500,30,32,168,FWD,E10,E11,E4,E5,-1.898000,197.068000,OK
1,7,adjacent,500,30,32,169,REV,E11,E10,E4,E5,3.520000,209.956000,OK
1,7,adjacent,500,30,32,170,FWD,E10,E11,E5,E6,-2.133000,197.068000,OK
1,7,adjacent,500,30,32,171,REV,E11,E10,E5,E6,0.469000,210.355000,OK
1,7,adjacent,500,30,32,172,FWD,E10,E11,E6,E7,17.309000,197.946000,OK
1,7,adjacent,500,30,32,173,REV,E11,E10,E6,E7,20.879000,209.677000,OK
1,7,adjacent,500,30,32,174,FWD,E10,E11,E7,E8,-3.223000,197.547000,OK
1,7,adjacent,500,30,32,175,REV,E11,E10,E7,E8,5.691000,209.996000,OK
1,7,adjacent,500,30,32,176,FWD,E10,E11,E8,E9,-43.203000,197.547000,OK
1,7,adjacent,500,30,32,177,REV,E11,E10,E8,E9,-13.781000,209.876000,OK
1,7,adjacent,500,30,32,178,FWD,E10,E11,E12,E1,-3.582000,197.347000,OK
1,7,adjacent,500,30,32,179,REV,E11,E10,E12,E1,18.730000,209.916000,OK
1,7,adjacent,500,30,32,180,FWD,E11,E12,E1,E2,-22.258000,249.058000,OK
1,7,adjacent,500,30,32,181,REV,E12,E11,E1,E2,10.113000,279.303000,OK
1,7,adjacent,500,30,32,182,FWD,E11,E12,E2,E3,-12.262000,256.041000,OK
1,7,adjacent,500,30,32,183,REV,E12,E11,E2,E3,0.793000,277.507000,OK
1,7,adjacent,500,30,32,184,FWD,E11,E12,E3,E4,5.879000,257.637000,OK
1,7,adjacent,500,30,32,185,REV,E12,E11,E3,E4,11.184000,277.188000,OK
1,7,adjacent,500,30,32,186,FWD,E11,E12,E4,E5,-2.008000,258.515000,OK
1,7,adjacent,500,30,32,187,REV,E12,E11,E4,E5,3.566000,276.590000,OK
1,7,adjacent,500,30,32,188,FWD,E11,E12,E5,E6,-1.828000,258.156000,OK
1,7,adjacent,500,30,32,189,REV,E12,E11,E5,E6,0.004000,276.230000,OK
1,7,adjacent,500,30,32,190,FWD,E11,E12,E6,E7,18.277000,258.036000,OK
1,7,adjacent,500,30,32,191,REV,E12,E11,E6,E7,19.980000,276.430000,OK
1,7,adjacent,500,30,32,192,FWD,E11,E12,E7,E8,-0.406000,258.435000,OK
1,7,adjacent,500,30,32,193,REV,E12,E11,E7,E8,2.313000,276.111000,OK
1,7,adjacent,500,30,32,194,FWD,E11,E12,E8,E9,-32.070000,258.714000,OK
1,7,adjacent,500,30,32,195,REV,E12,E11,E8,E9,-26.777000,275.752000,OK
1,7,adjacent,500,30,32,196,FWD,E11,E12,E9,E10,-55.359000,258.794000,OK
1,7,adjacent,500,30,32,197,REV,E12,E11,E9,E10,-23.316000,276.031000,OK
1,7,adjacent,500,30,32,198,FWD,E12,E1,E2,E3,-19.234000,265.816000,OK
1,7,adjacent,500,30,32,199,REV,E1,E12,E2,E3,7.996000,288.001000,OK
1,7,adjacent,500,30,32,200,FWD,E12,E1,E3,E4,4.059000,274.754000,OK
1,7,adjacent,500,30,32,201,REV,E1,E12,E3,E4,13.016000,284.969000,OK
1,7,adjacent,500,30,32,202,FWD,E12,E1,E4,E5,-2.988000,275.393000,OK
1,7,adjacent,500,30,32,203,REV,E1,E12,E4,E5,4.441000,284.570000,OK
1,7,adjacent,500,30,32,204,FWD,E12,E1,E5,E6,-1.965000,276.191000,OK
1,7,adjacent,500,30,32,205,REV,E1,E12,E5,E6,-0.004000,283.413000,OK
1,7,adjacent,500,30,32,206,FWD,E12,E1,E6,E7,18.430000,276.709000,OK
1,7,adjacent,500,30,32,207,REV,E1,E12,E6,E7,19.914000,283.413000,OK
1,7,adjacent,500,30,32,208,FWD,E12,E1,E7,E8,-0.086000,276.310000,OK
1,7,adjacent,500,30,32,209,REV,E1,E12,E7,E8,1.734000,283.014000,OK
1,7,adjacent,500,30,32,210,FWD,E12,E1,E8,E9,-30.766000,276.230000,OK
1,7,adjacent,500,30,32,211,REV,E1,E12,E8,E9,-28.383000,282.854000,OK
1,7,adjacent,500,30,32,212,FWD,E12,E1,E9,E10,-44.484000,276.909000,OK
1,7,adjacent,500,30,32,213,REV,E1,E12,E9,E10,-36.012000,283.133000,OK
1,7,adjacent,500,30,32,214,FWD,E12,E1,E10,E11,7.945000,276.510000,OK
1,7,adjacent,500,30,32,215,REV,E1,E12,E10,E11,39.211000,282.415000,OK
2,8,adjacent,500,30,32,0,FWD,E1,E2,E3,E4,-4.047000,296.101000,OK
2,8,adjacent,500,30,32,1,REV,E2,E1,E3,E4,21.031000,305.837000,OK
2,8,adjacent,500,30,32,2,FWD,E1,E2,E4,E5,-7.551000,304.161000,OK
2,8,adjacent,500,30,32,3,REV,E2,E1,E4,E5,8.754000,303.323000,OK
2,8,adjacent,500,30,32,4,FWD,E1,E2,E5,E6,-2.863000,305.517000,OK
2,8,adjacent,500,30,32,5,REV,E2,E1,E5,E6,0.820000,302.884000,OK
2,8,adjacent,500,30,32,6,FWD,E1,E2,E6,E7,17.996000,305.877000,OK
2,8,adjacent,500,30,32,7,REV,E2,E1,E6,E7,20.352000,302.166000,OK
2,8,adjacent,500,30,32,8,FWD,E1,E2,E7,E8,-0.387000,306.635000,OK
2,8,adjacent,500,30,32,9,REV,E2,E1,E7,E8,1.883000,302.166000,OK
2,8,adjacent,500,30,32,10,FWD,E1,E2,E8,E9,-30.793000,306.395000,OK
2,8,adjacent,500,30,32,11,REV,E2,E1,E8,E9,-28.508000,301.647000,OK
2,8,adjacent,500,30,32,12,FWD,E1,E2,E9,E10,-43.270000,307.074000,OK
2,8,adjacent,500,30,32,13,REV,E2,E1,E9,E10,-37.539000,302.046000,OK
2,8,adjacent,500,30,32,14,FWD,E1,E2,E10,E11,15.051000,306.874000,OK
2,8,adjacent,500,30,32,15,REV,E2,E1,E10,E11,31.180000,301.328000,OK
2,8,adjacent,500,30,32,16,FWD,E1,E2,E11,E12,6.395000,306.834000,OK
2,8,adjacent,500,30,32,17,REV,E2,E1,E11,E12,43.355000,301.727000,OK
2,8,adjacent,500,30,32,18,FWD,E2,E3,E4,E5,-19.270000,300.809000,OK
2,8,adjacent,500,30,32,19,REV,E3,E2,E4,E5,20.660000,307.433000,OK
2,8,adjacent,500,30,32,20,FWD,E2,E3,E5,E6,-4.711000,307.113000,OK
2,8,adjacent,500,30,32,21,REV,E3,E2,E5,E6,2.570000,305.278000,OK
2,8,adjacent,500,30,32,22,FWD,E2,E3,E6,E7,17.266000,308.350000,OK
2,8,adjacent,500,30,32,23,REV,E3,E2,E6,E7,21.133000,305.438000,OK
2,8,adjacent,500,30,32,24,FWD,E2,E3,E7,E8,-0.848000,308.430000,OK
2,8,adjacent,500,30,32,25,REV,E3,E2,E7,E8,2.223000,304.600000,OK
2,8,adjacent,500,30,32,26,FWD,E2,E3,E8,E9,-30.871000,308.789000,OK
2,8,adjacent,500,30,32,27,REV,E3,E2,E8,E9,-28.500000,305.278000,OK
2,8,adjacent,500,30,32,28,FWD,E2,E3,E9,E10,-42.559000,309.148000,OK
2,8,adjacent,500,30,32,29,REV,E3,E2,E9,E10,-38.301000,304.640000,OK
2,8,adjacent,500,30,32,30,FWD,E2,E3,E10,E11,18.559000,308.869000,OK
2,8,adjacent,500,30,32,31,REV,E3,E2,E10,E11,27.816000,304.959000,OK
2,8,adjacent,500,30,32,32,FWD,E2,E3,E11,E12,17.262000,309.507000,OK
2,8,adjacent,500,30,32,33,REV,E3,E2,E11,E12,32.316000,304.440000,OK
2,8,adjacent,500,30,32,34,FWD,E2,E3,E12,E1,-7.312000,308.630000,OK
2,8,adjacent,500,30,32,35,REV,E3,E2,E12,E1,22.871000,305.158000,OK
2,8,adjacent,500,30,32,36,FWD,E3,E4,E1,E2,-16.672000,325.109000,OK
2,8,adjacent,500,30,32,37,REV,E4,E3,E1,E2,9.551000,348.570000,OK
2,8,adjacent,500,30,32,38,FWD,E3,E4,E5,E6,-9.211000,333.248000,OK
2,8,adjacent,500,30,32,39,REV,E4,E3,E5,E6,7.355000,346.176000,OK
2,8,adjacent,500,30,32,40,FWD,E3,E4,E6,E7,15.598000,335.243000,OK
2,8,adjacent,500,30,32,41,REV,E4,E3,E6,E7,23.004000,345.378000,OK
2,8,adjacent,500,30,32,42,FWD,E3,E4,E7,E8,-1.707000,335.443000,OK
2,8,adjacent,500,30,32,43,REV,E4,E3,E7,E8,3.063000,344.979000,OK
2,8,adjacent,500,30,32,44,FWD,E3,E4,E8,E9,-31.133000,335.642000,OK
2,8,adjacent,500,30,32,45,REV,E4,E3,E8,E9,-28.215000,344.380000,OK
2,8,adjacent,500,30,32,46,FWD,E3,E4,E9,E10,-42.328000,335.842000,OK
2,8,adjacent,500,30,32,47,REV,E4,E3,E9,E10,-38.504000,344.420000,OK
2,8,adjacent,500,30,32,48,FWD,E3,E4,E10,E11,20.211000,335.762000,OK
2,8,adjacent,500,30,32,49,REV,E4,E3,E10,E11,26.320000,344.061000,OK
2,8,adjacent,500,30,32,50,FWD,E3,E4,E11,E12,21.445000,336.600000,OK
2,8,adjacent,500,30,32,51,REV,E4,E3,E11,E12,28.203000,343.941000,OK
2,8,adjacent,500,30,32,52,FWD,E3,E4,E12,E1,2.156000,335.922000,OK
2,8,adjacent,500,30,32,53,REV,E4,E3,E12,E1,12.977000,344.660000,OK
2,8,adjacent,500,30,32,54,FWD,E4,E5,E1,E2,-15.945000,339.951000,OK
2,8,adjacent,500,30,32,55,REV,E5,E4,E1,E2,2.734000,357.707000,OK
2,8,adjacent,500,30,32,56,FWD,E4,E5,E2,E3,-25.906000,348.730000,OK
2,8,adjacent,500,30,32,57,REV,E5,E4,E2,E3,19.070000,354.834000,OK
2,8,adjacent,500,30,32,58,FWD,E4,E5,E6,E7,3.676000,351.004000,OK
2,8,adjacent,500,30,32,59,REV,E5,E4,E6,E7,34.992000,354.076000,OK
2,8,adjacent,500,30,32,60,FWD,E4,E5,E7,E8,-6.820000,351.004000,OK
2,8,adjacent,500,30,32,61,REV,E5,E4,E7,E8,8.055000,353.039000,OK
2,8,adjacent,500,30,32,62,FWD,E4,E5,E8,E9,-33.375000,351.323000,OK
2,8,adjacent,500,30,32,63,REV,E5,E4,E8,E9,-26.031000,353.278000,OK
2,8,adjacent,500,30,32,64,FWD,E4,E5,E9,E10,-44.211000,351.203000,OK
2,8,adjacent,500,30,32,65,REV,E5,E4,E9,E10,-36.656000,352.760000,OK
2,8,adjacent,500,30,32,66,FWD,E4,E5,E10,E11,18.520000,351.722000,OK
2,8,adjacent,500,30,32,67,REV,E5,E4,E10,E11,28.000000,352.799000,OK
2,8,adjacent,500,30,32,68,FWD,E4,E5,E11,E12,21.121000,352.081000,OK
2,8,adjacent,500,30,32,69,REV,E5,E4,E11,E12,28.395000,352.879000,OK
2,8,adjacent,500,30,32,70,FWD,E4,E5,E12,E1,2.742000,352.001000,OK
2,8,adjacent,500,30,32,71,REV,E5,E4,E12,E1,12.098000,352.161000,OK
2,8,adjacent,500,30,32,72,FWD,E5,E6,E1,E2,-9.000000,355.353000,OK
2,8,adjacent,500,30,32,73,REV,E6,E5,E1,E2,-4.523000,377.737000,OK
2,8,adjacent,500,30,32,74,FWD,E5,E6,E2,E3,-9.934000,365.847000,OK
2,8,adjacent,500,30,32,75,REV,E6,E5,E2,E3,-1.199000,374.186000,OK
2,8,adjacent,500,30,32,76,FWD,E5,E6,E3,E4,0.340000,368.041000,OK
2,8,adjacent,500,30,32,77,REV,E6,E5,E3,E4,18.039000,372.949000,OK
2,8,adjacent,500,30,32,78,FWD,E5,E6,E7,E8,-11.059000,369.278000,OK
2,8,adjacent,500,30,32,79,REV,E6,E5,E7,E8,12.242000,372.111000,OK
2,8,adjacent,500,30,32,80,FWD,E5,E6,E8,E9,-33.340000,369.597000,OK
2,8,adjacent,500,30,32,81,REV,E6,E5,E8,E9,-26.051000,371.632000,OK
2,8,adjacent,500,30,32,82,FWD,E5,E6,E9,E10,-43.039000,369.358000,OK
2,8,adjacent,500,30,32,83,REV,E6,E5,E9,E10,-37.859000,371.792000,OK
2,8,adjacent,500,30,32,84,FWD,E5,E6,E10,E11,20.836000,369.917000,OK
2,8,adjacent,500,30,32,85,REV,E6,E5,E10,E11,25.656000,371.632000,OK
2,8,adjacent,500,30,32,86,FWD,E5,E6,E11,E12,23.492000,369.917000,OK
2,8,adjacent,500,30,32,87,REV,E6,E5,E11,E12,25.996000,371.114000,OK
2,8,adjacent,500,30,32,88,FWD,E5,E6,E12,E1,5.992000,370.515000,OK
2,8,adjacent,500,30,32,89,REV,E6,E5,E12,E1,8.633000,371.553000,OK
2,8,adjacent,500,30,32,90,FWD,E6,E7,E1,E2,-8.164000,351.961000,OK
2,8,adjacent,500,30,32,91,REV,E7,E6,E1,E2,-5.320000,395.333000,OK
2,8,adjacent,500,30,32,92,FWD,E6,E7,E2,E3,-8.086000,364.371000,OK
2,8,adjacent,500,30,32,93,REV,E7,E6,E2,E3,-3.359000,390.944000,OK
2,8,adjacent,500,30,32,94,FWD,E6,E7,E3,E4,4.516000,366.405000,OK
2,8,adjacent,500,30,32,95,REV,E7,E6,E3,E4,12.582000,390.186000,OK
2,8,adjacent,500,30,32,96,FWD,E6,E7,E4,E5,-14.313000,367.563000,OK
2,8,adjacent,500,30,32,97,REV,E7,E6,E4,E5,18.969000,388.829000,OK
2,8,adjacent,500,30,32,98,FWD,E6,E7,E8,E9,-38.387000,367.922000,OK
2,8,adjacent,500,30,32,99,REV,E7,E6,E8,E9,-20.570000,388.191000,OK
2,8,adjacent,500,30,32,100,FWD,E6,E7,E9,E10,-44.988000,368.720000,OK
2,8,adjacent,500,30,32,101,REV,E7,E6,E9,E10,-35.652000,388.071000,OK
2,8,adjacent,500,30,32,102,FWD,E6,E7,E10,E11,19.992000,368.919000,OK
2,8,adjacent,500,30,32,103,REV,E7,E6,E10,E11,26.668000,387.872000,OK
2,8,adjacent,500,30,32,104,FWD,E6,E7,E11,E12,23.594000,368.959000,OK
2,8,adjacent,500,30,32,105,REV,E7,E6,E11,E12,25.953000,387.872000,OK
2,8,adjacent,500,30,32,106,FWD,E6,E7,E12,E1,6.324000,369.119000,OK
2,8,adjacent,500,30,32,107,REV,E7,E6,E12,E1,8.352000,387.832000,OK
2,8,adjacent,500,30,32,108,FWD,E7,E8,E1,E2,-8.191000,366.366000,OK
2,8,adjacent,500,30,32,109,REV,E8,E7,E1,E2,-5.309000,399.722000,OK
2,8,adjacent,500,30,32,110,FWD,E7,E8,E2,E3,-7.762000,381.767000,OK
2,8,adjacent,500,30,32,111,REV,E8,E7,E2,E3,-3.961000,394.655000,OK
2,8,adjacent,500,30,32,112,FWD,E7,E8,E3,E4,5.746000,384.161000,OK
2,8,adjacent,500,30,32,113,REV,E8,E7,E3,E4,11.117000,392.899000,OK
2,8,adjacent,500,30,32,114,FWD,E7,E8,E4,E5,-7.059000,384.999000,OK
2,8,adjacent,500,30,32,115,REV,E8,E7,E4,E5,9.203000,392.141000,OK
2,8,adjacent,500,30,32,116,FWD,E7,E8,E5,E6,-11.594000,385.637000,OK
2,8,adjacent,500,30,32,117,REV,E8,E7,E5,E6,12.383000,392.141000,OK
2,8,adjacent,500,30,32,118,FWD,E7,E8,E9,E10,-56.152000,386.236000,OK
2,8,adjacent,500,30,32,119,REV,E8,E7,E9,E10,-24.664000,391.343000,OK
2,8,adjacent,500,30,32,120,FWD,E7,E8,E10,E11,14.820000,385.637000,OK
2,8,adjacent,500,30,32,121,REV,E8,E7,E10,E11,31.789000,391.583000,OK
2,8,adjacent,500,30,32,122,FWD,E7,E8,E11,E12,22.840000,386.635000,OK
2,8,adjacent,500,30,32,123,REV,E8,E7,E11,E12,26.684000,390.745000,OK
2,8,adjacent,500,30,32,124,FWD,E7,E8,E12,E1,6.039000,386.036000,OK
2,8,adjacent,500,30,32,125,REV,E8,E7,E12,E1,8.500000,391.144000,OK
2,8,adjacent,500,30,32,126,FWD,E8,E9,E1,E2,-7.977000,317.767000,OK
2,8,adjacent,500,30,32,127,REV,E9,E8,E1,E2,-5.637000,318.006000,OK
2,8,adjacent,500,30,32,128,FWD,E8,E9,E2,E3,-7.176000,331.293000,OK
2,8,adjacent,500,30,32,129,REV,E9,E8,E2,E3,-4.746000,315.293000,OK
2,8,adjacent,500,30,32,130,FWD,E8,E9,E3,E4,7.059000,332.690000,OK
2,8,adjacent,500,30,32,131,REV,E9,E8,E3,E4,9.730000,314.734000,OK
2,8,adjacent,500,30,32,132,FWD,E8,E9,E4,E5,-2.605000,332.969000,OK
2,8,adjacent,500,30,32,133,REV,E9,E8,E4,E5,4.016000,314.774000,OK
2,8,adjacent,500,30,32,134,FWD,E8,E9,E5,E6,-3.750000,333.408000,OK
2,8,adjacent,500,30,32,135,REV,E9,E8,E5,E6,2.492000,315.054000,OK
2,8,adjacent,500,30,32,136,FWD,E8,E9,E6,E7,11.969000,333.488000,OK
2,8,adjacent,500,30,32,137,REV,E9,E8,E6,E7,26.902000,315.612000,OK
2,8,adjacent,500,30,32,138,FWD,E8,E9,E10,E11,0.449000,333.089000,OK
2,8,adjacent,500,30,32,139,REV,E9,E8,E10,E11,45.535000,314.934000,OK
2,8,adjacent,500,30,32,140,FWD,E8,E9,E11,E12,21.570000,333.527000,OK
2,8,adjacent,500,30,32,141,REV,E9,E8,E11,E12,27.758000,315.213000,OK
2,8,adjacent,500,30,32,142,FWD,E8,E9,E12,E1,5.902000,332.889000,OK
2,8,adjacent,500,30,32,143,REV,E9,E8,E12,E1,8.566000,314.335000,OK
2,8,adjacent,500,30,32,144,FWD,E9,E10,E1,E2,-8.883000,211.512000,OK
2,8,adjacent,500,30,32,145,REV,E10,E9,E1,E2,-4.934000,194.554000,OK
2,8,adjacent,500,30,32,146,FWD,E9,E10,E2,E3,-7.500000,217.138000,OK
2,8,adjacent,500,30,32,147,REV,E10,E9,E2,E3,-4.609000,193.597000,OK
2,8,adjacent,500,30,32,148,FWD,E9,E10,E3,E4,7.230000,217.856000,OK
2,8,adjacent,500,30,32,149,REV,E10,E9,E3,E4,9.516000,194.115000,OK
2,8,adjacent,500,30,32,150,FWD,E9,E10,E4,E5,-1.586000,217.776000,OK
2,8,adjacent,500,30,32,151,REV,E10,E9,E4,E5,2.805000,193.677000,OK
2,8,adjacent,500,30,32,152,FWD,E9,E10,E5,E6,-2.320000,217.816000,OK
2,8,adjacent,500,30,32,153,REV,E10,E9,E5,E6,0.566000,193.836000,OK
2,8,adjacent,500,30,32,154,FWD,E9,E10,E6,E7,16.492000,217.936000,OK
2,8,adjacent,500,30,32,155,REV,E10,E9,E6,E7,21.570000,194.195000,OK
2,8,adjacent,500,30,32,156,FWD,E9,E10,E7,E8,-7.500000,218.215000,OK
2,8,adjacent,500,30,32,157,REV,E10,E9,E7,E8,9.320000,194.036000,OK
2,8,adjacent,500,30,32,158,FWD,E9,E10,E11,E12,11.262000,217.856000,OK
2,8,adjacent,500,30,32,159,REV,E10,E9,E11,E12,36.539000,194.195000,OK
2,8,adjacent,500,30,32,160,FWD,E9,E10,E12,E1,3.844000,217.776000,OK
2,8,adjacent,500,30,32,161,REV,E10,E9,E12,E1,10.254000,193.796000,OK
2,8,adjacent,500,30,32,162,FWD,E10,E11,E1,E2,-11.887000,190.046000,OK
2,8,adjacent,500,30,32,163,REV,E11,E10,E1,E2,-1.281000,211.512000,OK
2,8,adjacent,500,30,32,164,FWD,E10,E11,E2,E3,-8.871000,196.230000,OK
2,8,adjacent,500,30,32,165,REV,E11,E10,E2,E3,-2.863000,210.355000,OK
2,8,adjacent,500,30,32,166,FWD,E10,E11,E3,E4,6.680000,196.350000,OK
2,8,adjacent,500,30,32,167,REV,E11,E10,E3,E4,10.289000,209.956000,OK
2,8,adjacent,500,30,32,168,FWD,E10,E11,E4,E5,-1.883000,196.909000,OK
2,8,adjacent,500,30,32,169,REV,E11,E10,E4,E5,3.527000,210.195000,OK
2,8,adjacent,500,30,32,170,FWD,E10,E11,E5,E6,-2.129000,197.228000,OK
2,8,adjacent,500,30,32,171,REV,E11,E10,E5,E6,0.480000,210.195000,OK
2,8,adjacent,500,30,32,172,FWD,E10,E11,E6,E7,17.477000,197.188000,OK
2,8,adjacent,500,30,32,173,REV,E11,E10,E6,E7,21.047000,209.796000,OK
2,8,adjacent,500,30,32,174,FWD,E10,E11,E7,E8,-3.363000,197.906000,OK
2,8,adjacent,500,30,32,175,REV,E11,E10,E7,E8,5.535000,209.836000,OK
2,8,adjacent,500,30,32,176,FWD,E10,E11,E8,E9,-43.238000,197.308000,OK
2,8,adjacent,500,30,32,177,REV,E11,E10,E8,E9,-13.832000,209.876000,OK
2,8,adjacent,500,30,32,178,FWD,E10,E11,E12,E1,-3.531000,197.707000,OK
2,8,adjacent,500,30,32,179,REV,E11,E10,E12,E1,18.805000,210.315000,OK
2,8,adjacent,500,30,32,180,FWD,E11,E12,E1,E2,-22.242000,249.457000,OK
2,8,adjacent,500,30,32,181,REV,E12,E11,E1,E2,10.121000,279.861000,OK
2,8,adjacent,500,30,32,182,FWD,E11,E12,E2,E3,-12.250000,256.480000,OK
2,8,adjacent,500,30,32,183,REV,E12,E11,E2,E3,0.785000,277.946000,OK
2,8,adjacent,500,30,32,184,FWD,E11,E12,E3,E4,5.867000,257.836000,OK
2,8,adjacent,500,30,32,185,REV,E12,E11,E3,E4,11.215000,277.428000,OK
2,8,adjacent,500,30,32,186,FWD,E11,E12,E4,E5,-1.980000,258.275000,OK
2,8,adjacent,500,30,32,187,REV,E12,E11,E4,E5,3.578000,276.590000,OK
2,8,adjacent,500,30,32,188,FWD,E11,E12,E5,E6,-1.820000,258.196000,OK
2,8,adjacent,500,30,32,189,REV,E12,E11,E5,E6,-0.012000,277.068000,OK
2,8,adjacent,500,30,32,190,FWD,E11,E12,E6,E7,18.422000,258.395000,OK
2,8,adjacent,500,30,32,191,REV,E12,E11,E6,E7,20.102000,276.310000,OK
2,8,adjacent,500,30,32,192,FWD,E11,E12,E7,E8,-0.574000,258.754000,OK
2,8,adjacent,500,30,32,193,REV,E12,E11,E7,E8,2.160000,276.550000,OK
2,8,adjacent,500,30,32,194,FWD,E11,E12,E8,E9,-32.090000,258.914000,OK
2,8,adjacent,500,30,32,195,REV,E12,E11,E8,E9,-26.781000,275.951000,OK
2,8,adjacent,500,30,32,196,FWD,E11,E12,E9,E10,-55.379000,258.954000,OK
2,8,adjacent,500,30,32,197,REV,E12,E11,E9,E10,-23.297000,275.991000,OK
2,8,adjacent,500,30,32,198,FWD,E12,E1,E2,E3,-19.234000,265.976000,OK
2,8,adjacent,500,30,32,199,REV,E1,E12,E2,E3,8.008000,287.842000,OK
2,8,adjacent,500,30,32,200,FWD,E12,E1,E3,E4,4.035000,274.275000,OK
2,8,adjacent,500,30,32,201,REV,E1,E12,E3,E4,12.969000,285.288000,OK
2,8,adjacent,500,30,32,202,FWD,E12,E1,E4,E5,-2.992000,275.193000,OK
2,8,adjacent,500,30,32,203,REV,E1,E12,E4,E5,4.453000,283.732000,OK
2,8,adjacent,500,30,32,204,FWD,E12,E1,E5,E6,-1.957000,276.270000,OK
2,8,adjacent,500,30,32,205,REV,E1,E12,E5,E6,0.000000,283.852000,OK
2,8,adjacent,500,30,32,206,FWD,E12,E1,E6,E7,18.516000,276.390000,OK
2,8,adjacent,500,30,32,207,REV,E1,E12,E6,E7,20.020000,283.093000,OK
2,8,adjacent,500,30,32,208,FWD,E12,E1,E7,E8,-0.215000,276.270000,OK
2,8,adjacent,500,30,32,209,REV,E1,E12,E7,E8,1.602000,283.053000,OK
2,8,adjacent,500,30,32,210,FWD,E12,E1,E8,E9,-30.793000,276.550000,OK
2,8,adjacent,500,30,32,211,REV,E1,E12,E8,E9,-28.379000,283.213000,OK
2,8,adjacent,500,30,32,212,FWD,E12,E1,E9,E10,-44.438000,276.829000,OK
2,8,adjacent,500,30,32,213,REV,E1,E12,E9,E10,-35.996000,282.974000,OK
2,8,adjacent,500,30,32,214,FWD,E12,E1,E10,E11,7.926000,276.390000,OK
2,8,adjacent,500,30,32,215,REV,E1,E12,E10,E11,39.203000,283.014000,OK
3,9,adjacent,500,30,32,0,FWD,E1,E2,E3,E4,-4.027000,296.340000,OK
3,9,adjacent,500,30,32,1,REV,E2,E1,E3,E4,21.047000,305.398000,OK
3,9,adjacent,500,30,32,2,FWD,E1,E2,E4,E5,-7.492000,304.400000,OK
3,9,adjacent,500,30,32,3,REV,E2,E1,E4,E5,8.797000,303.323000,OK
3,9,adjacent,500,30,32,4,FWD,E1,E2,E5,E6,-2.867000,305.557000,OK
3,9,adjacent,500,30,32,5,REV,E2,E1,E5,E6,0.816000,302.605000,OK
3,9,adjacent,500,30,32,6,FWD,E1,E2,E6,E7,18.113000,305.677000,OK
3,9,adjacent,500,30,32,7,REV,E2,E1,E6,E7,20.469000,302.285000,OK
3,9,adjacent,500,30,32,8,FWD,E1,E2,E7,E8,-0.539000,306.515000,OK
3,9,adjacent,500,30,32,9,REV,E2,E1,E7,E8,1.754000,302.166000,OK
3,9,adjacent,500,30,32,10,FWD,E1,E2,E8,E9,-30.801000,306.834000,OK
3,9,adjacent,500,30,32,11,REV,E2,E1,E8,E9,-28.539000,301.487000,OK
3,9,adjacent,500,30,32,12,FWD,E1,E2,E9,E10,-43.234000,306.714000,OK
3,9,adjacent,500,30,32,13,REV,E2,E1,E9,E10,-37.500000,301.607000,OK
3,9,adjacent,500,30,32,14,FWD,E1,E2,E10,E11,15.086000,306.954000,OK
3,9,adjacent,500,30,32,15,REV,E2,E1,E10,E11,31.152000,302.046000,OK
3,9,adjacent,500,30,32,16,FWD,E1,E2,E11,E12,6.395000,306.794000,OK
3,9,adjacent,500,30,32,17,REV,E2,E1,E11,E12,43.371000,301.448000,OK
3,9,adjacent,500,30,32,18,FWD,E2,E3,E4,E5,-19.227000,300.809000,OK
3,9,adjacent,500,30,32,19,REV,E3,E2,E4,E5,20.660000,308.071000,OK
3,9,adjacent,500,30,32,20,FWD,E2,E3,E5,E6,-4.687000,307.832000,OK
3,9,adjacent,500,30,32,21,REV,E3,E2,E5,E6,2.586000,306.196000,OK
3,9,adjacent,500,30,32,22,FWD,E2,E3,E6,E7,17.395000,308.231000,OK
3,9,adjacent,500,30,32,23,REV,E3,E2,E6,E7,21.246000,305.118000,OK
3,9,adjacent,500,30,32,24,FWD,E2,E3,E7,E8,-0.988000,308.909000,OK
3,9,adjacent,500,30,32,25,REV,E3,E2,E7,E8,2.105000,305.478000,OK
3,9,adjacent,500,30,32,26,FWD,E2,E3,E8,E9,-30.875000,309.029000,OK
3,9,adjacent,500,30,32,27,REV,E3,E2,E8,E9,-28.516000,304.919000,OK
3,9,adjacent,500,30,32,28,FWD,E2,E3,E9,E10,-42.559000,308.789000,OK
3,9,adjacent,500,30,32,29,REV,E3,E2,E9,E10,-38.262000,305.078000,OK
3,9,adjacent,500,30,32,30,FWD,E2,E3,E10,E11,18.492000,309.308000,OK
3,9,adjacent,500,30,32,31,REV,E3,E2,E10,E11,27.781000,304.799000,OK
3,9,adjacent,500,30,32,32,FWD,E2,E3,E11,E12,17.273000,308.829000,OK
3,9,adjacent,500,30,32,33,REV,E3,E2,E11,E12,32.328000,304.839000,OK
3,9,adjacent,500,30,32,34,FWD,E2,E3,E12,E1,-7.320000,308.749000,OK
3,9,adjacent,500,30,32,35,REV,E3,E2,E12,E1,22.824000,304.719000,OK
3,9,adjacent,500,30,32,36,FWD,E3,E4,E1,E2,-16.707000,324.789000,OK
3,9,adjacent,500,30,32,37,REV,E4,E3,E1,E2,9.598000,348.730000,OK
3,9,adjacent,500,30,32,38,FWD,E3,E4,E5,E6,-9.246000,333.009000,OK
3,9,adjacent,500,30,32,39,REV,E4,E3,E5,E6,7.359000,345.617000,OK
3,9,adjacent,500,30,32,40,FWD,E3,E4,E6,E7,15.711000,335.124000,OK
3,9,adjacent,500,30,32,41,REV,E4,E3,E6,E7,23.090000,345.178000,OK
3,9,adjacent,500,30,32,42,FWD,E3,E4,E7,E8,-1.836000,334.884000,OK
3,9,adjacent,500,30,32,43,REV,E4,E3,E7,E8,2.961000,344.620000,OK
3,9,adjacent,500,30,32,44,FWD,E3,E4,E8,E9,-31.125000,336.081000,OK
3,9,adjacent,500,30,32,45,REV,E4,E3,E8,E9,-28.223000,344.660000,OK
3,9,adjacent,500,30,32,46,FWD,E3,E4,E9,E10,-42.270000,335.483000,OK
3,9,adjacent,500,30,32,47,REV,E4,E3,E9,E10,-38.461000,344.580000,OK
3,9,adjacent,500,30,32,48,FWD,E3,E4,E10,E11,20.168000,335.922000,OK
3,9,adjacent,500,30,32,49,REV,E4,E3,E10,E11,26.301000,344.540000,OK
3,9,adjacent,500,30,32,50,FWD,E3,E4,E11,E12,21.430000,336.281000,OK
3,9,adjacent,500,30,32,51,REV,E4,E3,E11,E12,28.242000,344.261000,OK
3,9,adjacent,500,30,32,52,FWD,E3,E4,E12,E1,2.094000,336.440000,OK
3,9,adjacent,500,30,32,53,REV,E4,E3,E12,E1,13.031000,344.301000,OK
3,9,adjacent,500,30,32,54,FWD,E4,E5,E1,E2,-15.922000,340.111000,OK
3,9,adjacent,500,30,32,55,REV,E5,E4,E1,E2,2.762000,357.468000,OK
3,9,adjacent,500,30,32,56,FWD,E4,E5,E2,E3,-25.906000,348.650000,OK
3,9,adjacent,500,30,32,57,REV,E5,E4,E2,E3,19.105000,354.435000,OK
3,9,adjacent,500,30,32,58,FWD,E4,E5,E6,E7,3.797000,350.685000,OK
3,9,adjacent,500,30,32,59,REV,E5,E4,E6,E7,35.082000,354.036000,OK
3,9,adjacent,500,30,32,60,FWD,E4,E5,E7,E8,-6.926000,351.243000,OK
3,9,adjacent,500,30,32,61,REV,E5,E4,E7,E8,7.977000,353.119000,OK
3,9,adjacent,500,30,32,62,FWD,E4,E5,E8,E9,-33.352000,351.882000,OK
3,9,adjacent,500,30,32,63,REV,E5,E4,E8,E9,-26.039000,353.518000,OK
3,9,adjacent,500,30,32,64,FWD,E4,E5,E9,E10,-44.180000,351.802000,OK
3,9,adjacent,500,30,32,65,REV,E5,E4,E9,E10,-36.652000,352.680000,OK
3,9,adjacent,500,30,32,66,FWD,E4,E5,E10,E11,18.480000,351.562000,OK
3,9,adjacent,500,30,32,67,REV,E5,E4,E10,E11,27.973000,353.039000,OK
3,9,adjacent,500,30,32,68,FWD,E4,E5,E11,E12,21.145000,351.842000,OK
3,9,adjacent,500,30,32,69,REV,E5,E4,E11,E12,28.402000,352.640000,OK
3,9,adjacent,500,30,32,70,FWD,E4,E5,E12,E1,2.707000,352.440000,OK
3,9,adjacent,500,30,32,71,REV,E5,E4,E12,E1,12.074000,352.879000,OK
3,9,adjacent,500,30,32,72,FWD,E5,E6,E1,E2,-8.984000,355.313000,OK
3,9,adjacent,500,30,32,73,REV,E6,E5,E1,E2,-4.504000,377.617000,OK
3,9,adjacent,500,30,32,74,FWD,E5,E6,E2,E3,-9.941000,366.006000,OK
3,9,adjacent,500,30,32,75,REV,E6,E5,E2,E3,-1.203000,374.066000,OK
3,9,adjacent,500,30,32,76,FWD,E5,E6,E3,E4,0.355000,367.682000,OK
3,9,adjacent,500,30,32,77,REV,E6,E5,E3,E4,18.090000,372.470000,OK
3,9,adjacent,500,30,32,78,FWD,E5,E6,E7,E8,-11.082000,369.039000,OK
3,9,adjacent,500,30,32,79,REV,E6,E5,E7,E8,12.160000,372.710000,OK
3,9,adjacent,500,30,32,80,FWD,E5,E6,E8,E9,-33.410000,369.278000,OK
3,9,adjacent,500,30,32,81,REV,E6,E5,E8,E9,-26.078000,371.273000,OK
3,9,adjacent,500,30,32,82,FWD,E5,E6,E9,E10,-43.027000,369.318000,OK
3,9,adjacent,500,30,32,83,REV,E6,E5,E9,E10,-37.781000,371.513000,OK
3,9,adjacent,500,30,32,84,FWD,E5,E6,E10,E11,20.797000,369.757000,OK
3,9,adjacent,500,30,32,85,REV,E6,E5,E10,E11,25.637000,371.553000,OK
3,9,adjacent,500,30,32,86,FWD,E5,E6,E11,E12,23.516000,370.276000,OK
3,9,adjacent,500,30,32,87,REV,E6,E5,E11,E12,25.996000,371.273000,OK
3,9,adjacent,500,30,32,88,FWD,E5,E6,E12,E1,6.012000,370.076000,OK
3,9,adjacent,500,30,32,89,REV,E6,E5,E12,E1,8.637000,371.074000,OK
3,9,adjacent,500,30,32,90,FWD,E6,E7,E1,E2,-8.156000,351.642000,OK
3,9,adjacent,500,30,32,91,REV,E7,E6,E1,E2,-5.312000,395.134000,OK
3,9,adjacent,500,30,32,92,FWD,E6,E7,E2,E3,-8.051000,363.573000,OK
3,9,adjacent,500,30,32,93,REV,E7,E6,E2,E3,-3.359000,391.104000,OK
3,9,adjacent,500,30,32,94,FWD,E6,E7,E3,E4,4.523000,365.887000,OK
3,9,adjacent,500,30,32,95,REV,E7,E6,E3,E4,12.613000,389.308000,OK
3,9,adjacent,500,30,32,96,FWD,E6,E7,E4,E5,-14.273000,367.802000,OK
3,9,adjacent,500,30,32,97,REV,E7,E6,E4,E5,18.984000,389.348000,OK
3,9,adjacent,500,30,32,98,FWD,E6,E7,E8,E9,-38.395000,367.762000,OK
3,9,adjacent,500,30,32,99,REV,E7,E6,E8,E9,-20.598000,387.792000,OK
3,9,adjacent,500,30,32,100,FWD,E6,E7,E9,E10,-44.973000,368.680000,OK
3,9,adjacent,500,30,32,101,REV,E7,E6,E9,E10,-35.637000,388.470000,OK
3,9,adjacent,500,30,32,102,FWD,E6,E7,E10,E11,19.977000,368.321000,OK
3,9,adjacent,500,30,32,103,REV,E7,E6,E10,E11,26.629000,387.832000,OK
3,9,adjacent,500,30,32,104,FWD,E6,E7,E11,E12,23.605000,369.278000,OK
3,9,adjacent,500,30,32,105,REV,E7,E6,E11,E12,25.957000,387.672000,OK
3,9,adjacent,500,30,32,106,FWD,E6,E7,E12,E1,6.312000,368.600000,OK
3,9,adjacent,500,30,32,107,REV,E7,E6,E12,E1,8.371000,387.752000,OK
3,9,adjacent,500,30,32,108,FWD,E7,E8,E1,E2,-8.203000,366.765000,OK
3,9,adjacent,500,30,32,109,REV,E8,E7,E1,E2,-5.305000,399.323000,OK
3,9,adjacent,500,30,32,110,FWD,E7,E8,E2,E3,-7.754000,381.448000,OK
3,9,adjacent,500,30,32,111,REV,E8,E7,E2,E3,-3.949000,394.455000,OK
3,9,adjacent,500,30,32,112,FWD,E7,E8,E3,E4,5.734000,384.361000,OK
3,9,adjacent,500,30,32,113,REV,E8,E7,E3,E4,11.148000,392.700000,OK
3,9,adjacent,500,30,32,114,FWD,E7,E8,E4,E5,-7.043000,384.800000,OK
3,9,adjacent,500,30,32,115,REV,E8,E7,E4,E5,9.160000,392.580000,OK
3,9,adjacent,500,30,32,116,FWD,E7,E8,E5,E6,-11.586000,385.558000,OK
3,9,adjacent,500,30,32,117,REV,E8,E7,E5,E6,12.422000,391.423000,OK
3,9,adjacent,500,30,32,118,FWD,E7,E8,E9,E10,-56.145000,385.518000,OK
3,9,adjacent,500,30,32,119,REV,E8,E7,E9,E10,-24.527000,391.543000,OK
3,9,adjacent,500,30,32,120,FWD,E7,E8,E10,E11,14.816000,386.076000,OK
3,9,adjacent,500,30,32,121,REV,E8,E7,E10,E11,31.750000,391.104000,OK
3,9,adjacent,500,30,32,122,FWD,E7,E8,E11,E12,22.793000,386.475000,OK
3,9,adjacent,500,30,32,123,REV,E8,E7,E11,E12,26.715000,390.984000,OK
3,9,adjacent,500,30,32,124,FWD,E7,E8,E12,E1,6.051000,386.156000,OK
3,9,adjacent,500,30,32,125,REV,E8,E7,E12,E1,8.516000,390.785000,OK
3,9,adjacent,500,30,32,126,FWD,E8,E9,E1,E2,-7.977000,318.206000,OK
3,9,adjacent,500,30,32,127,REV,E9,E8,E1,E2,-5.637000,318.365000,OK
3,9,adjacent,500,30,32,128,FWD,E8,E9,E2,E3,-7.176000,331.772000,OK
3,9,adjacent,500,30,32,129,REV,E9,E8,E2,E3,-4.746000,315.772000,OK
3,9,adjacent,500,30,32,130,FWD,E8,E9,E3,E4,7.055000,333.089000,OK
3,9,adjacent,500,30,32,131,REV,E9,E8,E3,E4,9.750000,315.293000,OK
3,9,adjacent,500,30,32,132,FWD,E8,E9,E4,E5,-2.535000,332.690000,OK
3,9,adjacent,500,30,32,133,REV,E9,E8,E4,E5,4.035000,314.415000,OK
3,9,adjacent,500,30,32,134,FWD,E8,E9,E5,E6,-3.770000,333.168000,OK
3,9,adjacent,500,30,32,135,REV,E9,E8,E5,E6,2.480000,314.974000,OK
3,9,adjacent,500,30,32,136,FWD,E8,E9,E6,E7,12.020000,333.368000,OK
3,9,adjacent,500,30,32,137,REV,E9,E8,E6,E7,26.988000,314.934000,OK
3,9,adjacent,500,30,32,138,FWD,E8,E9,E10,E11,0.395000,333.368000,OK
3,9,adjacent,500,30,32,139,REV,E9,E8,E10,E11,45.559000,315.094000,OK
3,9,adjacent,500,30,32,140,FWD,E8,E9,E11,E12,21.613000,333.168000,OK
3,9,adjacent,500,30,32,141,REV,E9,E8,E11,E12,27.738000,314.854000,OK
3,9,adjacent,500,30,32,142,FWD,E8,E9,E12,E1,5.883000,332.809000,OK
3,9,adjacent,500,30,32,143,REV,E9,E8,E12,E1,8.566000,314.854000,OK
3,9,adjacent,500,30,32,144,FWD,E9,E10,E1,E2,-8.895000,211.113000,OK
3,9,adjacent,500,30,32,145,REV,E10,E9,E1,E2,-4.945000,194.953000,OK
3,9,adjacent,500,30,32,146,FWD,E9,E10,E2,E3,-7.488000,217.298000,OK
3,9,adjacent,500,30,32,147,REV,E10,E9,E2,E3,-4.613000,193.956000,OK
3,9,adjacent,500,30,32,148,FWD,E9,E10,E3,E4,7.219000,218.016000,OK
3,9,adjacent,500,30,32,149,REV,E10,E9,E3,E4,9.527000,193.836000,OK
3,9,adjacent,500,30,32,150,FWD,E9,E10,E4,E5,-1.590000,217.896000,OK
3,9,adjacent,500,30,32,151,REV,E10,E9,E4,E5,2.813000,193.557000,OK
3,9,adjacent,500,30,32,152,FWD,E9,E10,E5,E6,-2.301000,217.896000,OK
3,9,adjacent,500,30,32,153,REV,E10,E9,E5,E6,0.566000,193.597000,OK
3,9,adjacent,500,30,32,154,FWD,E9,E10,E6,E7,16.574000,217.417000,OK
3,9,adjacent,500,30,32,155,REV,E10,E9,E6,E7,21.637000,193.716000,OK
3,9,adjacent,500,30,32,156,FWD,E9,E10,E7,E8,-7.539000,217.896000,OK
3,9,adjacent,500,30,32,157,REV,E10,E9,E7,E8,9.219000,193.597000,OK
3,9,adjacent,500,30,32,158,FWD,E9,E10,E11,E12,11.316000,217.737000,OK
3,9,adjacent,500,30,32,159,REV,E10,E9,E11,E12,36.555000,193.996000,OK
3,9,adjacent,500,30,32,160,FWD,E9,E10,E12,E1,3.875000,218.056000,OK
3,9,adjacent,500,30,32,161,REV,E10,E9,E12,E1,10.195000,194.435000,OK
3,9,adjacent,500,30,32,162,FWD,E10,E11,E1,E2,-11.844000,190.046000,OK
3,9,adjacent,500,30,32,163,REV,E11,E10,E1,E2,-1.273000,211.672000,OK
3,9,adjacent,500,30,32,164,FWD,E10,E11,E2,E3,-8.867000,196.111000,OK
3,9,adjacent,500,30,32,165,REV,E11,E10,E2,E3,-2.875000,210.594000,OK
3,9,adjacent,500,30,32,166,FWD,E10,E11,E3,E4,6.719000,196.829000,OK
3,9,adjacent,500,30,32,167,REV,E11,E10,E3,E4,10.301000,209.956000,OK
3,9,adjacent,500,30,32,168,FWD,E10,E11,E4,E5,-1.883000,196.709000,OK
3,9,adjacent,500,30,32,169,REV,E11,E10,E4,E5,3.531000,209.996000,OK
3,9,adjacent,500,30,32,170,FWD,E10,E11,E5,E6,-2.133000,197.427000,OK
3,9,adjacent,500,30,32,171,REV,E11,E10,E5,E6,0.469000,210.195000,OK
3,9,adjacent,500,30,32,172,FWD,E10,E11,E6,E7,17.543000,197.308000,OK
3,9,adjacent,500,30,32,173,REV,E11,E10,E6,E7,21.090000,209.876000,OK
3,9,adjacent,500,30,32,174,FWD,E10,E11,E7,E8,-3.434000,197.587000,OK
3,9,adjacent,500,30,32,175,REV,E11,E10,E7,E8,5.500000,210.235000,OK
3,9,adjacent,500,30,32,176,FWD,E10,E11,E8,E9,-43.242000,197.467000,OK
3,9,adjacent,500,30,32,177,REV,E11,E10,E8,E9,-13.793000,209.876000,OK
3,9,adjacent,500,30,32,178,FWD,E10,E11,E12,E1,-3.578000,197.707000,OK
3,9,adjacent,500,30,32,179,REV,E11,E10,E12,E1,18.789000,210.235000,OK
3,9,adjacent,500,30,32,180,FWD,E11,E12,E1,E2,-22.254000,249.497000,OK
3,9,adjacent,500,30,32,181,REV,E12,E11,E1,E2,10.152000,279.782000,OK
3,9,adjacent,500,30,32,182,FWD,E11,E12,E2,E3,-12.262000,256.161000,OK
3,9,adjacent,500,30,32,183,REV,E12,E11,E2,E3,0.758000,277.707000,OK
3,9,adjacent,500,30,32,184,FWD,E11,E12,E3,E4,5.863000,257.797000,OK
3,9,adjacent,500,30,32,185,REV,E12,E11,E3,E4,11.203000,276.869000,OK
3,9,adjacent,500,30,32,186,FWD,E11,E12,E4,E5,-1.973000,257.637000,OK
3,9,adjacent,500,30,32,187,REV,E12,E11,E4,E5,3.582000,276.310000,OK
3,9,adjacent,500,30,32,188,FWD,E11,E12,E5,E6,-1.844000,258.275000,OK
3,9,adjacent,500,30,32,189,REV,E12,E11,E5,E6,-0.012000,276.470000,OK
3,9,adjacent,500,30,32,190,FWD,E11,E12,E6,E7,18.480000,258.275000,OK
3,9,adjacent,500,30,32,191,REV,E12,E11,E6,E7,20.176000,276.031000,OK
3,9,adjacent,500,30,32,192,FWD,E11,E12,E7,E8,-0.613000,258.435000,OK
3,9,adjacent,500,30,32,193,REV,E12,E11,E7,E8,2.129000,276.669000,OK
3,9,adjacent,500,30,32,194,FWD,E11,E12,E8,E9,-32.125000,258.834000,OK
3,9,adjacent,500,30,32,195,REV,E12,E11,E8,E9,-26.797000,276.191000,OK
3,9,adjacent,500,30,32,196,FWD,E11,E12,E9,E10,-55.313000,258.634000,OK
3,9,adjacent,500,30,32,197,REV,E12,E11,E9,E10,-23.285000,276.071000,OK
3,9,adjacent,500,30,32,198,FWD,E12,E1,E2,E3,-19.242000,266.335000,OK
3,9,adjacent,500,30,32,199,REV,E1,E12,E2,E3,8.020000,287.403000,OK
3,9,adjacent,500,30,32,200,FWD,E12,E1,E3,E4,4.074000,273.717000,OK
3,9,adjacent,500,30,32,201,REV,E1,E12,E3,E4,13.012000,284.530000,OK
3,9,adjacent,500,30,32,202,FWD,E12,E1,E4,E5,-3.023000,275.592000,OK
3,9,adjacent,500,30,32,203,REV,E1,E12,E4,E5,4.457000,283.772000,OK
3,9,adjacent,500,30,32,204,FWD,E12,E1,E5,E6,-1.992000,275.552000,OK
3,9,adjacent,500,30,32,205,REV,E1,E12,E5,E6,0.004000,283.293000,OK
3,9,adjacent,500,30,32,206,FWD,E12,E1,E6,E7,18.598000,276.230000,OK
3,9,adjacent,500,30,32,207,REV,E1,E12,E6,E7,20.070000,283.453000,OK
3,9,adjacent,500,30,32,208,FWD,E12,E1,E7,E8,-0.270000,276.230000,OK
3,9,adjacent,500,30,32,209,REV,E1,E12,E7,E8,1.535000,283.453000,OK
3,9,adjacent,500,30,32,210,FWD,E12,E1,E8,E9,-30.805000,276.550000,OK
3,9,adjacent,500,30,32,211,REV,E1,E12,E8,E9,-28.406000,283.093000,OK
3,9,adjacent,500,30,32,212,FWD,E12,E1,E9,E10,-44.410000,277.068000,OK
3,9,adjacent,500,30,32,213,REV,E1,E12,E9,E10,-35.957000,283.213000,OK
3,9,adjacent,500,30,32,214,FWD,E12,E1,E10,E11,7.828000,276.989000,OK
3,9,adjacent,500,30,32,215,REV,E1,E12,E10,E11,39.160000,283.053000,OK
4,10,adjacent,500,30,32,0,FWD,E1,E2,E3,E4,-4.078000,296.500000,OK
4,10,adjacent,500,30,32,1,REV,E2,E1,E3,E4,21.055000,305.797000,OK
4,10,adjacent,500,30,32,2,FWD,E1,E2,E4,E5,-7.527000,304.001000,OK
4,10,adjacent,500,30,32,3,REV,E2,E1,E4,E5,8.781000,303.403000,OK
4,10,adjacent,500,30,32,4,FWD,E1,E2,E5,E6,-2.883000,304.999000,OK
4,10,adjacent,500,30,32,5,REV,E2,E1,E5,E6,0.816000,302.684000,OK
4,10,adjacent,500,30,32,6,FWD,E1,E2,E6,E7,18.168000,306.276000,OK
4,10,adjacent,500,30,32,7,REV,E2,E1,E6,E7,20.504000,302.166000,OK
4,10,adjacent,500,30,32,8,FWD,E1,E2,E7,E8,-0.598000,306.276000,OK
4,10,adjacent,500,30,32,9,REV,E2,E1,E7,E8,1.730000,302.046000,OK
4,10,adjacent,500,30,32,10,FWD,E1,E2,E8,E9,-30.820000,307.313000,OK
4,10,adjacent,500,30,32,11,REV,E2,E1,E8,E9,-28.531000,302.246000,OK
4,10,adjacent,500,30,32,12,FWD,E1,E2,E9,E10,-43.219000,306.874000,OK
4,10,adjacent,500,30,32,13,REV,E2,E1,E9,E10,-37.449000,301.807000,OK
4,10,adjacent,500,30,32,14,FWD,E1,E2,E10,E11,15.051000,306.994000,OK
4,10,adjacent,500,30,32,15,REV,E2,E1,E10,E11,31.164000,301.966000,OK
4,10,adjacent,500,30,32,16,FWD,E1,E2,E11,E12,6.406000,306.954000,OK
4,10,adjacent,500,30,32,17,REV,E2,E1,E11,E12,43.387000,301.487000,OK
4,10,adjacent,500,30,32,18,FWD,E2,E3,E4,E5,-19.289000,300.290000,OK
4,10,adjacent,500,30,32,19,REV,E3,E2,E4,E5,20.609000,307.353000,OK
4,10,adjacent,500,30,32,20,FWD,E2,E3,E5,E6,-4.684000,307.353000,OK
4,10,adjacent,500,30,32,21,REV,E3,E2,E5,E6,2.566000,305.797000,OK
4,10,adjacent,500,30,32,22,FWD,E2,E3,E6,E7,17.422000,308.271000,OK
4,10,adjacent,500,30,32,23,REV,E3,E2,E6,E7,21.289000,305.158000,OK
4,10,adjacent,500,30,32,24,FWD,E2,E3,E7,E8,-1.000000,308.709000,OK
4,10,adjacent,500,30,32,25,REV,E3,E2,E7,E8,2.055000,305.438000,OK
4,10,adjacent,500,30,32,26,FWD,E2,E3,E8,E9,-30.863000,309.188000,OK
4,10,adjacent,500,30,32,27,REV,E3,E2,E8,E9,-28.512000,305.198000,OK
4,10,adjacent,500,30,32,28,FWD,E2,E3,E9,E10,-42.516000,308.789000,OK
4,10,adjacent,500,30,32,29,REV,E3,E2,E9,E10,-38.238000,304.919000,OK
4,10,adjacent,500,30,32,30,FWD,E2,E3,E10,E11,18.488000,308.829000,OK
4,10,adjacent,500,30,32,31,REV,E3,E2,E10,E11,27.754000,303.762000,OK
4,10,adjacent,500,30,32,32,FWD,E2,E3,E11,E12,17.270000,308.590000,OK
4,10,adjacent,500,30,32,33,REV,E3,E2,E11,E12,32.344000,304.759000,OK
4,10,adjacent,500,30,32,34,FWD,E2,E3,E12,E1,-7.359000,309.348000,OK
4,10,adjacent,500,30,32,35,REV,E3,E2,E12,E1,22.816000,304.400000,OK
4,10,adjacent,500,30,32,36,FWD,E3,E4,E1,E2,-16.691000,325.109000,OK
4,10,adjacent,500,30,32,37,REV,E4,E3,E1,E2,9.566000,349.168000,OK
4,10,adjacent,500,30,32,38,FWD,E3,E4,E5,E6,-9.223000,333.527000,OK
4,10,adjacent,500,30,32,39,REV,E4,E3,E5,E6,7.355000,345.897000,OK
4,10,adjacent,500,30,32,40,FWD,E3,E4,E6,E7,15.762000,334.605000,OK
4,10,adjacent,500,30,32,41,REV,E4,E3,E6,E7,23.141000,345.458000,OK
4,10,adjacent,500,30,32,42,FWD,E3,E4,E7,E8,-1.863000,335.203000,OK
4,10,adjacent,500,30,32,43,REV,E4,E3,E7,E8,2.902000,344.580000,OK
4,10,adjacent,500,30,32,44,FWD,E3,E4,E8,E9,-31.148000,335.961000,OK
4,10,adjacent,500,30,32,45,REV,E4,E3,E8,E9,-28.215000,345.258000,OK
4,10,adjacent,500,30,32,46,FWD,E3,E4,E9,E10,-42.250000,335.602000,OK
4,10,adjacent,500,30,32,47,REV,E4,E3,E9,E10,-38.430000,343.822000,OK
4,10,adjacent,500,30,32,48,FWD,E3,E4,E10,E11,20.113000,335.682000,OK
4,10,adjacent,500,30,32,49,REV,E4,E3,E10,E11,26.250000,344.380000,OK
4,10,adjacent,500,30,32,50,FWD,E3,E4,E11,E12,21.441000,336.121000,OK
4,10,adjacent,500,30,32,51,REV,E4,E3,E11,E12,28.230000,344.101000,OK
4,10,adjacent,500,30,32,52,FWD,E3,E4,E12,E1,2.086000,336.001000,OK
4,10,adjacent,500,30,32,53,REV,E4,E3,E12,E1,12.969000,344.101000,OK
4,10,adjacent,500,30,32,54,FWD,E4,E5,E1,E2,-15.941000,339.951000,OK
4,10,adjacent,500,30,32,55,REV,E5,E4,E1,E2,2.754000,357.548000,OK
4,10,adjacent,500,30,32,56,FWD,E4,E5,E2,E3,-25.914000,349.248000,OK
4,10,adjacent,500,30,32,57,REV,E5,E4,E2,E3,19.066000,354.715000,OK
4,10,adjacent,500,30,32,58,FWD,E4,E5,E6,E7,3.836000,350.445000,OK
4,10,adjacent,500,30,32,59,REV,E5,E4,E6,E7,35.141000,353.877000,OK
4,10,adjacent,500,30,32,60,FWD,E4,E5,E7,E8,-6.922000,351.243000,OK
4,10,adjacent,500,30,32,61,REV,E5,E4,E7,E8,7.926000,353.558000,OK
4,10,adjacent,500,30,32,62,FWD,E4,E5,E8,E9,-33.367000,351.722000,OK
4,10,adjacent,500,30,32,63,REV,E5,E4,E8,E9,-26.047000,353.198000,OK
4,10,adjacent,500,30,32,64,FWD,E4,E5,E9,E10,-44.133000,351.323000,OK
4,10,adjacent,500,30,32,65,REV,E5,E4,E9,E10,-36.617000,353.079000,OK
4,10,adjacent,500,30,32,66,FWD,E4,E5,E10,E11,18.437000,352.281000,OK
4,10,adjacent,500,30,32,67,REV,E5,E4,E10,E11,27.910000,353.119000,OK
4,10,adjacent,500,30,32,68,FWD,E4,E5,E11,E12,21.148000,351.762000,OK
4,10,adjacent,500,30,32,69,REV,E5,E4,E11,E12,28.430000,352.680000,OK
4,10,adjacent,500,30,32,70,FWD,E4,E5,E12,E1,2.664000,352.321000,OK
4,10,adjacent,500,30,32,71,REV,E5,E4,E12,E1,12.051000,352.839000,OK
4,10,adjacent,500,30,32,72,FWD,E5,E6,E1,E2,-8.957000,354.874000,OK
4,10,adjacent,500,30,32,73,REV,E6,E5,E1,E2,-4.516000,377.458000,OK
4,10,adjacent,500,30,32,74,FWD,E5,E6,E2,E3,-9.957000,366.166000,OK
4,10,adjacent,500,30,32,75,REV,E6,E5,E2,E3,-1.191000,373.787000,OK
4,10,adjacent,500,30,32,76,FWD,E5,E6,E3,E4,0.383000,368.121000,OK
4,10,adjacent,500,30,32,77,REV,E6,E5,E3,E4,18.074000,372.550000,OK
4,10,adjacent,500,30,32,78,FWD,E5,E6,E7,E8,-11.164000,368.760000,OK
4,10,adjacent,500,30,32,79,REV,E6,E5,E7,E8,12.109000,372.191000,OK
4,10,adjacent,500,30,32,80,FWD,E5,E6,E8,E9,-33.371000,369.597000,OK
4,10,adjacent,500,30,32,81,REV,E6,E5,E8,E9,-26.055000,371.672000,OK
4,10,adjacent,500,30,32,82,FWD,E5,E6,E9,E10,-43.023000,369.238000,OK
4,10,adjacent,500,30,32,83,REV,E6,E5,E9,E10,-37.758000,371.752000,OK
4,10,adjacent,500,30,32,84,FWD,E5,E6,E10,E11,20.758000,369.518000,OK
4,10,adjacent,500,30,32,85,REV,E6,E5,E10,E11,25.590000,371.233000,OK
4,10,adjacent,500,30,32,86,FWD,E5,E6,E11,E12,23.520000,369.797000,OK
4,10,adjacent,500,30,32,87,REV,E6,E5,E11,E12,25.996000,371.313000,OK
4,10,adjacent,500,30,32,88,FWD,E5,E6,E12,E1,6.012000,369.717000,OK
4,10,adjacent,500,30,32,89,REV,E6,E5,E12,E1,8.613000,370.954000,OK
4,10,adjacent,500,30,32,90,FWD,E6,E7,E1,E2,-8.160000,351.961000,OK
4,10,adjacent,500,30,32,91,REV,E7,E6,E1,E2,-5.305000,395.613000,OK
4,10,adjacent,500,30,32,92,FWD,E6,E7,E2,E3,-8.070000,363.692000,OK
4,10,adjacent,500,30,32,93,REV,E7,E6,E2,E3,-3.379000,390.625000,OK
4,10,adjacent,500,30,32,94,FWD,E6,E7,E3,E4,4.551000,366.086000,OK
4,10,adjacent,500,30,32,95,REV,E7,E6,E3,E4,12.645000,389.787000,OK
4,10,adjacent,500,30,32,96,FWD,E6,E7,E4,E5,-14.328000,367.084000,OK
4,10,adjacent,500,30,32,97,REV,E7,E6,E4,E5,19.031000,388.550000,OK
4,10,adjacent,500,30,32,98,FWD,E6,E7,E8,E9,-38.398000,367.642000,OK
4,10,adjacent,500,30,32,99,REV,E7,E6,E8,E9,-20.594000,387.992000,OK
4,10,adjacent,500,30,32,100,FWD,E6,E7,E9,E10,-44.945000,368.201000,OK
4,10,adjacent,500,30,32,101,REV,E7,E6,E9,E10,-35.598000,388.111000,OK
4,10,adjacent,500,30,32,102,FWD,E6,E7,E10,E11,19.930000,368.760000,OK
4,10,adjacent,500,30,32,103,REV,E7,E6,E10,E11,26.629000,387.992000,OK
4,10,adjacent,500,30,32,104,FWD,E6,E7,E11,E12,23.598000,368.999000,OK
4,10,adjacent,500,30,32,105,REV,E7,E6,E11,E12,25.953000,387.353000,OK
4,10,adjacent,500,30,32,106,FWD,E6,E7,E12,E1,6.320000,368.600000,OK
4,10,adjacent,500,30,32,107,REV,E7,E6,E12,E1,8.320000,387.154000,OK
4,10,adjacent,500,30,32,108,FWD,E7,E8,E1,E2,-8.180000,367.004000,OK
4,10,adjacent,500,30,32,109,REV,E8,E7,E1,E2,-5.305000,399.722000,OK
4,10,adjacent,500,30,32,110,FWD,E7,E8,E2,E3,-7.773000,380.969000,OK
4,10,adjacent,500,30,32,111,REV,E8,E7,E2,E3,-3.953000,393.857000,OK
4,10,adjacent,500,30,32,112,FWD,E7,E8,E3,E4,5.789000,384.361000,OK
4,10,adjacent,500,30,32,113,REV,E8,E7,E3,E4,11.145000,393.019000,OK
4,10,adjacent,500,30,32,114,FWD,E7,E8,E4,E5,-7.062000,384.959000,OK
4,10,adjacent,500,30,32,115,REV,E8,E7,E4,E5,9.176000,391.782000,OK
4,10,adjacent,500,30,32,116,FWD,E7,E8,E5,E6,-11.582000,386.076000,OK
4,10,adjacent,500,30,32,117,REV,E8,E7,E5,E6,12.414000,391.822000,OK
4,10,adjacent,500,30,32,118,FWD,E7,E8,E9,E10,-56.027000,385.478000,OK
4,10,adjacent,500,30,32,119,REV,E8,E7,E9,E10,-24.570000,390.944000,OK
4,10,adjacent,500,30,32,120,FWD,E7,E8,E10,E11,14.777000,386.236000,OK
4,10,adjacent,500,30,32,121,REV,E8,E7,E10,E11,31.723000,391.503000,OK
4,10,adjacent,500,30,32,122,FWD,E7,E8,E11,E12,22.820000,386.156000,OK
4,10,adjacent,500,30,32,123,REV,E8,E7,E11,E12,26.719000,391.024000,OK
4,10,adjacent,500,30,32,124,FWD,E7,E8,E12,E1,6.055000,386.755000,OK
4,10,adjacent,500,30,32,125,REV,E8,E7,E12,E1,8.453000,390.585000,OK
4,10,adjacent,500,30,32,126,FWD,E8,E9,E1,E2,-7.977000,317.727000,OK
4,10,adjacent,500,30,32,127,REV,E9,E8,E1,E2,-5.637000,318.046000,OK
4,10,adjacent,500,30,32,128,FWD,E8,E9,E2,E3,-7.187000,331.493000,OK
4,10,adjacent,500,30,32,129,REV,E9,E8,E2,E3,-4.746000,315.532000,OK
4,10,adjacent,500,30,32,130,FWD,E8,E9,E3,E4,7.082000,332.370000,OK
4,10,adjacent,500,30,32,131,REV,E9,E8,E3,E4,9.746000,314.894000,OK
4,10,adjacent,500,30,32,132,FWD,E8,E9,E4,E5,-2.543000,333.009000,OK
4,10,adjacent,500,30,32,133,REV,E9,E8,E4,E5,4.027000,314.495000,OK
4,10,adjacent,500,30,32,134,FWD,E8,E9,E5,E6,-3.770000,332.769000,OK
4,10,adjacent,500,30,32,135,REV,E9,E8,E5,E6,2.477000,314.695000,OK
4,10,adjacent,500,30,32,136,FWD,E8,E9,E6,E7,12.066000,333.328000,OK
4,10,adjacent,500,30,32,137,REV,E9,E8,E6,E7,26.984000,314.934000,OK
4,10,adjacent,500,30,32,138,FWD,E8,E9,E10,E11,0.371000,332.809000,OK
4,10,adjacent,500,30,32,139,REV,E9,E8,E10,E11,45.531000,314.695000,OK
4,10,adjacent,500,30,32,140,FWD,E8,E9,E11,E12,21.586000,333.488000,OK
4,10,adjacent,500,30,32,141,REV,E9,E8,E11,E12,27.777000,315.532000,OK
4,10,adjacent,500,30,32,142,FWD,E8,E9,E12,E1,5.879000,332.969000,OK
4,10,adjacent,500,30,32,143,REV,E9,E8,E12,E1,8.590000,314.814000,OK
4,10,adjacent,500,30,32,144,FWD,E9,E10,E1,E2,-8.867000,211.712000,OK
4,10,adjacent,500,30,32,145,REV,E10,E9,E1,E2,-4.918000,194.953000,OK
4,10,adjacent,500,30,32,146,FWD,E9,E10,E2,E3,-7.504000,217.377000,OK
4,10,adjacent,500,30,32,147,REV,E10,E9,E2,E3,-4.602000,193.716000,OK
4,10,adjacent,500,30,32,148,FWD,E9,E10,E3,E4,7.250000,217.697000,OK
4,10,adjacent,500,30,32,149,REV,E10,E9,E3,E4,9.512000,193.876000,OK
4,10,adjacent,500,30,32,150,FWD,E9,E10,E4,E5,-1.602000,217.936000,OK
4,10,adjacent,500,30,32,151,REV,E10,E9,E4,E5,2.824000,193.716000,OK
4,10,adjacent,500,30,32,152,FWD,E9,E10,E5,E6,-2.340000,217.936000,OK
4,10,adjacent,500,30,32,153,REV,E10,E9,E5,E6,0.547000,193.517000,OK
4,10,adjacent,500,30,32,154,FWD,E9,E10,E6,E7,16.551000,217.537000,OK
4,10,adjacent,500,30,32,155,REV,E10,E9,E6,E7,21.656000,193.996000,OK
4,10,adjacent,500,30,32,156,FWD,E9,E10,E7,E8,-7.555000,218.056000,OK
4,10,adjacent,500,30,32,157,REV,E10,E9,E7,E8,9.227000,193.836000,OK
4,10,adjacent,500,30,32,158,FWD,E9,E10,E11,E12,11.273000,217.737000,OK
4,10,adjacent,500,30,32,159,REV,E10,E9,E11,E12,36.527000,194.076000,OK
4,10,adjacent,500,30,32,160,FWD,E9,E10,E12,E1,3.895000,217.856000,OK
4,10,adjacent,500,30,32,161,REV,E10,E9,E12,E1,10.246000,194.235000,OK
4,10,adjacent,500,30,32,162,FWD,E10,E11,E1,E2,-11.867000,190.325000,OK
4,10,adjacent,500,30,32,163,REV,E11,E10,E1,E2,-1.297000,211.712000,OK
4,10,adjacent,500,30,32,164,FWD,E10,E11,E2,E3,-8.887000,196.230000,OK
4,10,adjacent,500,30,32,165,REV,E11,E10,E2,E3,-2.859000,210.634000,OK
4,10,adjacent,500,30,32,166,FWD,E10,E11,E3,E4,6.730000,197.387000,OK
4,10,adjacent,500,30,32,167,REV,E11,E10,E3,E4,10.316000,210.475000,OK
4,10,adjacent,500,30,32,168,FWD,E10,E11,E4,E5,-1.895000,196.988000,OK
4,10,adjacent,500,30,32,169,REV,E11,E10,E4,E5,3.520000,210.116000,OK
4,10,adjacent,500,30,32,170,FWD,E10,E11,E5,E6,-2.137000,197.587000,OK
4,10,adjacent,500,30,32,171,REV,E11,E10,E5,E6,0.461000,210.076000,OK
4,10,adjacent,500,30,32,172,FWD,E10,E11,E6,E7,17.543000,197.547000,OK
4,10,adjacent,500,30,32,173,REV,E11,E10,E6,E7,21.137000,209.796000,OK
4,10,adjacent,500,30,32,174,FWD,E10,E11,E7,E8,-3.438000,197.308000,OK
4,10,adjacent,500,30,32,175,REV,E11,E10,E7,E8,5.496000,209.557000,OK
4,10,adjacent,500,30,32,176,FWD,E10,E11,E8,E9,-43.270000,197.587000,OK
4,10,adjacent,500,30,32,177,REV,E11,E10,E8,E9,-13.770000,210.235000,OK
4,10,adjacent,500,30,32,178,FWD,E10,E11,E12,E1,-3.527000,197.627000,OK
4,10,adjacent,500,30,32,179,REV,E11,E10,E12,E1,18.758000,210.036000,OK
4,10,adjacent,500,30,32,180,FWD,E11,E12,E1,E2,-22.285000,249.338000,OK
4,10,adjacent,500,30,32,181,REV,E12,E11,E1,E2,10.082000,279.662000,OK
4,10,adjacent,500,30,32,182,FWD,E11,E12,E2,E3,-12.270000,256.320000,OK
4,10,adjacent,500,30,32,183,REV,E12,E11,E2,E3,0.793000,277.627000,OK
4,10,adjacent,500,30,32,184,FWD,E11,E12,E3,E4,5.926000,257.477000,OK
4,10,adjacent,500,30,32,185,REV,E12,E11,E3,E4,11.227000,276.789000,OK
4,10,adjacent,500,30,32,186,FWD,E11,E12,E4,E5,-1.996000,257.637000,OK
4,10,adjacent,500,30,32,187,REV,E12,E11,E4,E5,3.586000,276.350000,OK
4,10,adjacent,500,30,32,188,FWD,E11,E12,E5,E6,-1.828000,258.435000,OK
4,10,adjacent,500,30,32,189,REV,E12,E11,E5,E6,-0.027000,276.630000,OK
4,10,adjacent,500,30,32,190,FWD,E11,E12,E6,E7,18.508000,258.076000,OK
4,10,adjacent,500,30,32,191,REV,E12,E11,E6,E7,20.180000,275.552000,OK
4,10,adjacent,500,30,32,192,FWD,E11,E12,E7,E8,-0.637000,258.036000,OK
4,10,adjacent,500,30,32,193,REV,E12,E11,E7,E8,2.125000,276.071000,OK
4,10,adjacent,500,30,32,194,FWD,E11,E12,E8,E9,-32.117000,258.355000,OK
4,10,adjacent,500,30,32,195,REV,E12,E11,E8,E9,-26.809000,276.071000,OK
4,10,adjacent,500,30,32,196,FWD,E11,E12,E9,E10,-55.363000,258.634000,OK
4,10,adjacent,500,30,32,197,REV,E12,E11,E9,E10,-23.309000,275.472000,OK
4,10,adjacent,500,30,32,198,FWD,E12,E1,E2,E3,-19.270000,265.537000,OK
4,10,adjacent,500,30,32,199,REV,E1,E12,E2,E3,7.980000,287.482000,OK
4,10,adjacent,500,30,32,200,FWD,E12,E1,E3,E4,4.039000,273.956000,OK
4,10,adjacent,500,30,32,201,REV,E1,E12,E3,E4,13.020000,284.769000,OK
4,10,adjacent,500,30,32,202,FWD,E12,E1,E4,E5,-3.004000,275.153000,OK
4,10,adjacent,500,30,32,203,REV,E1,E12,E4,E5,4.445000,283.852000,OK
4,10,adjacent,500,30,32,204,FWD,E12,E1,E5,E6,-1.984000,275.832000,OK
4,10,adjacent,500,30,32,205,REV,E1,E12,E5,E6,0.000000,283.253000,OK
4,10,adjacent,500,30,32,206,FWD,E12,E1,E6,E7,18.609000,276.111000,OK
4,10,adjacent,500,30,32,207,REV,E1,E12,E6,E7,20.098000,283.333000,OK
4,10,adjacent,500,30,32,208,FWD,E12,E1,E7,E8,-0.273000,276.230000,OK
4,10,adjacent,500,30,32,209,REV,E1,E12,E7,E8,1.535000,283.133000,OK
4,10,adjacent,500,30,32,210,FWD,E12,E1,E8,E9,-30.820000,276.510000,OK
4,10,adjacent,500,30,32,211,REV,E1,E12,E8,E9,-28.406000,282.974000,OK
4,10,adjacent,500,30,32,212,FWD,E12,E1,E9,E10,-44.387000,276.669000,OK
4,10,adjacent,500,30,32,213,REV,E1,E12,E9,E10,-35.953000,282.974000,OK
4,10,adjacent,500,30,32,214,FWD,E12,E1,E10,E11,7.891000,276.390000,OK
4,10,adjacent,500,30,32,215,REV,E1,E12,E10,E11,39.207000,282.654000,OK
5,11,adjacent,500,30,32,0,FWD,E1,E2,E3,E4,-4.012000,296.021000,OK
5,11,adjacent,500,30,32,1,REV,E2,E1,E3,E4,21.074000,305.717000,OK
5,11,adjacent,500,30,32,2,FWD,E1,E2,E4,E5,-7.527000,304.680000,OK
5,11,adjacent,500,30,32,3,REV,E2,E1,E4,E5,8.777000,303.762000,OK
5,11,adjacent,500,30,32,4,FWD,E1,E2,E5,E6,-2.887000,305.677000,OK
5,11,adjacent,500,30,32,5,REV,E2,E1,E5,E6,0.809000,302.884000,OK
5,11,adjacent,500,30,32,6,FWD,E1,E2,E6,E7,18.195000,306.156000,OK
5,11,adjacent,500,30,32,7,REV,E2,E1,E6,E7,20.535000,301.926000,OK
5,11,adjacent,500,30,32,8,FWD,E1,E2,E7,E8,-0.609000,306.635000,OK
5,11,adjacent,500,30,32,9,REV,E2,E1,E7,E8,1.719000,302.445000,OK
5,11,adjacent,500,30,32,10,FWD,E1,E2,E8,E9,-30.816000,307.074000,OK
5,11,adjacent,500,30,32,11,REV,E2,E1,E8,E9,-28.559000,301.647000,OK
5,11,adjacent,500,30,32,12,FWD,E1,E2,E9,E10,-43.211000,306.754000,OK
5,11,adjacent,500,30,32,13,REV,E2,E1,E9,E10,-37.441000,302.166000,OK
5,11,adjacent,500,30,32,14,FWD,E1,E2,E10,E11,15.020000,307.034000,OK
5,11,adjacent,500,30,32,15,REV,E2,E1,E10,E11,31.117000,301.687000,OK
5,11,adjacent,500,30,32,16,FWD,E1,E2,E11,E12,6.398000,306.635000,OK
5,11,adjacent,500,30,32,17,REV,E2,E1,E11,E12,43.387000,301.847000,OK
5,11,adjacent,500,30,32,18,FWD,E2,E3,E4,E5,-19.273000,300.650000,OK
5,11,adjacent,500,30,32,19,REV,E3,E2,E4,E5,20.660000,307.632000,OK
5,11,adjacent,500,30,32,20,FWD,E2,E3,E5,E6,-4.711000,307.712000,OK
5,11,adjacent,500,30,32,21,REV,E3,E2,E5,E6,2.555000,305.916000,OK
5,11,adjacent,500,30,32,22,FWD,E2,E3,E6,E7,17.430000,308.191000,OK
5,11,adjacent,500,30,32,23,REV,E3,E2,E6,E7,21.289000,305.318000,OK
5,11,adjacent,500,30,32,24,FWD,E2,E3,E7,E8,-1.008000,308.949000,OK
5,11,adjacent,500,30,32,25,REV,E3,E2,E7,E8,2.051000,305.158000,OK
5,11,adjacent,500,30,32,26,FWD,E2,E3,E8,E9,-30.883000,308.390000,OK
5,11,adjacent,500,30,32,27,REV,E3,E2,E8,E9,-28.531000,304.759000,OK
5,11,adjacent,500,30,32,28,FWD,E2,E3,E9,E10,-42.508000,309.029000,OK
5,11,adjacent,500,30,32,29,REV,E3,E2,E9,E10,-38.227000,304.680000,OK
5,11,adjacent,500,30,32,30,FWD,E2,E3,E10,E11,18.508000,309.108000,OK
5,11,adjacent,500,30,32,31,REV,E3,E2,E10,E11,27.738000,304.440000,OK
5,11,adjacent,500,30,32,32,FWD,E2,E3,E11,E12,17.270000,308.789000,OK
5,11,adjacent,500,30,32,33,REV,E3,E2,E11,E12,32.316000,304.680000,OK
5,11,adjacent,500,30,32,34,FWD,E2,E3,E12,E1,-7.312000,308.949000,OK
5,11,adjacent,500,30,32,35,REV,E3,E2,E12,E1,22.863000,304.281000,OK
5,11,adjacent,500,30,32,36,FWD,E3,E4,E1,E2,-16.656000,324.710000,OK
5,11,adjacent,500,30,32,37,REV,E4,E3,E1,E2,9.582000,348.370000,OK
5,11,adjacent,500,30,32,38,FWD,E3,E4,E5,E6,-9.230000,332.929000,OK
5,11,adjacent,500,30,32,39,REV,E4,E3,E5,E6,7.320000,346.176000,OK
5,11,adjacent,500,30,32,40,FWD,E3,E4,E6,E7,15.754000,334.685000,OK
5,11,adjacent,500,30,32,41,REV,E4,E3,E6,E7,23.156000,344.939000,OK
5,11,adjacent,500,30,32,42,FWD,E3,E4,E7,E8,-1.875000,335.203000,OK
5,11,adjacent,500,30,32,43,REV,E4,E3,E7,E8,2.891000,344.500000,OK
5,11,adjacent,500,30,32,44,FWD,E3,E4,E8,E9,-31.172000,335.363000,OK
5,11,adjacent,500,30,32,45,REV,E4,E3,E8,E9,-28.246000,344.420000,OK
5,11,adjacent,500,30,32,46,FWD,E3,E4,E9,E10,-42.258000,336.121000,OK
5,11,adjacent,500,30,32,47,REV,E4,E3,E9,E10,-38.430000,344.101000,OK
5,11,adjacent,500,30,32,48,FWD,E3,E4,E10,E11,20.152000,335.323000,OK
5,11,adjacent,500,30,32,49,REV,E4,E3,E10,E11,26.266000,344.261000,OK
5,11,adjacent,500,30,32,50,FWD,E3,E4,E11,E12,21.426000,336.041000,OK
5,11,adjacent,500,30,32,51,REV,E4,E3,E11,E12,28.246000,344.341000,OK
5,11,adjacent,500,30,32,52,FWD,E3,E4,E12,E1,2.109000,335.523000,OK
5,11,adjacent,500,30,32,53,REV,E4,E3,E12,E1,12.988000,343.902000,OK
5,11,adjacent,500,30,32,54,FWD,E4,E5,E1,E2,-15.895000,339.552000,OK
5,11,adjacent,500,30,32,55,REV,E5,E4,E1,E2,2.754000,357.348000,OK
5,11,adjacent,500,30,32,56,FWD,E4,E5,E2,E3,-25.937000,349.049000,OK
5,11,adjacent,500,30,32,57,REV,E5,E4,E2,E3,19.070000,354.515000,OK
5,11,adjacent,500,30,32,58,FWD,E4,E5,E6,E7,3.828000,350.485000,OK
5,11,adjacent,500,30,32,59,REV,E5,E4,E6,E7,35.145000,353.318000,OK
5,11,adjacent,500,30,32,60,FWD,E4,E5,E7,E8,-6.977000,350.605000,OK
5,11,adjacent,500,30,32,61,REV,E5,E4,E7,E8,7.937000,353.677000,OK
5,11,adjacent,500,30,32,62,FWD,E4,E5,E8,E9,-33.383000,351.682000,OK
5,11,adjacent,500,30,32,63,REV,E5,E4,E8,E9,-26.055000,353.039000,OK
5,11,adjacent,500,30,32,64,FWD,E4,E5,E9,E10,-44.160000,351.642000,OK
5,11,adjacent,500,30,32,65,REV,E5,E4,E9,E10,-36.625000,352.879000,OK
5,11,adjacent,500,30,32,66,FWD,E4,E5,E10,E11,18.457000,351.323000,OK
5,11,adjacent,500,30,32,67,REV,E5,E4,E10,E11,27.937000,352.760000,OK
5,11,adjacent,500,30,32,68,FWD,E4,E5,E11,E12,21.145000,352.241000,OK
5,11,adjacent,500,30,32,69,REV,E5,E4,E11,E12,28.410000,352.720000,OK
5,11,adjacent,500,30,32,70,FWD,E4,E5,E12,E1,2.672000,351.203000,OK
5,11,adjacent,500,30,32,71,REV,E5,E4,E12,E1,12.027000,352.400000,OK
5,11,adjacent,500,30,32,72,FWD,E5,E6,E1,E2,-8.969000,355.193000,OK
5,11,adjacent,500,30,32,73,REV,E6,E5,E1,E2,-4.492000,377.378000,OK
5,11,adjacent,500,30,32,74,FWD,E5,E6,E2,E3,-9.957000,365.767000,OK
5,11,adjacent,500,30,32,75,REV,E6,E5,E2,E3,-1.187000,373.588000,OK
5,11,adjacent,500,30,32,76,FWD,E5,E6,E3,E4,0.379000,367.922000,OK
5,11,adjacent,500,30,32,77,REV,E6,E5,E3,E4,18.160000,372.391000,OK
5,11,adjacent,500,30,32,78,FWD,E5,E6,E7,E8,-11.160000,368.680000,OK
5,11,adjacent,500,30,32,79,REV,E6,E5,E7,E8,12.129000,372.151000,OK
5,11,adjacent,500,30,32,80,FWD,E5,E6,E8,E9,-33.398000,369.079000,OK
5,11,adjacent,500,30,32,81,REV,E6,E5,E8,E9,-26.086000,370.994000,OK
5,11,adjacent,500,30,32,82,FWD,E5,E6,E9,E10,-43.031000,369.079000,OK
5,11,adjacent,500,30,32,83,REV,E6,E5,E9,E10,-37.816000,371.273000,OK
5,11,adjacent,500,30,32,84,FWD,E5,E6,E10,E11,20.793000,369.797000,OK
5,11,adjacent,500,30,32,85,REV,E6,E5,E10,E11,25.586000,371.433000,OK
5,11,adjacent,500,30,32,86,FWD,E5,E6,E11,E12,23.512000,369.558000,OK
5,11,adjacent,500,30,32,87,REV,E6,E5,E11,E12,26.004000,371.194000,OK
5,11,adjacent,500,30,32,88,FWD,E5,E6,E12,E1,6.004000,369.797000,OK
5,11,adjacent,500,30,32,89,REV,E6,E5,E12,E1,8.617000,370.874000,OK
5,11,adjacent,500,30,32,90,FWD,E6,E7,E1,E2,-8.145000,351.642000,OK
5,11,adjacent,500,30,32,91,REV,E7,E6,E1,E2,-5.297000,395.253000,OK
5,11,adjacent,500,30,32,92,FWD,E6,E7,E2,E3,-8.078000,363.453000,OK
5,11,adjacent,500,30,32,93,REV,E7,E6,E2,E3,-3.391000,391.104000,OK
5,11,adjacent,500,30,32,94,FWD,E6,E7,E3,E4,4.555000,366.445000,OK
5,11,adjacent,500,30,32,95,REV,E7,E6,E3,E4,12.656000,389.468000,OK
5,11,adjacent,500,30,32,96,FWD,E6,E7,E4,E5,-14.301000,366.804000,OK
5,11,adjacent,500,30,32,97,REV,E7,E6,E4,E5,19.012000,388.710000,OK
5,11,adjacent,500,30,32,98,FWD,E6,E7,E8,E9,-38.438000,368.121000,OK
5,11,adjacent,500,30,32,99,REV,E7,E6,E8,E9,-20.586000,388.550000,OK
5,11,adjacent,500,30,32,100,FWD,E6,E7,E9,E10,-44.938000,368.361000,OK
5,11,adjacent,500,30,32,101,REV,E7,E6,E9,E10,-35.570000,387.632000,OK
5,11,adjacent,500,30,32,102,FWD,E6,E7,E10,E11,19.949000,368.959000,OK
5,11,adjacent,500,30,32,103,REV,E7,E6,E10,E11,26.625000,387.672000,OK
5,11,adjacent,500,30,32,104,FWD,E6,E7,E11,E12,23.625000,368.919000,OK
5,11,adjacent,500,30,32,105,REV,E7,E6,E11,E12,25.980000,387.952000,OK
5,11,adjacent,500,30,32,106,FWD,E6,E7,E12,E1,6.316000,369.198000,OK
5,11,adjacent,500,30,32,107,REV,E7,E6,E12,E1,8.305000,387.473000,OK
5,11,adjacent,500,30,32,108,FWD,E7,E8,E1,E2,-8.188000,366.326000,OK
5,11,adjacent,500,30,32,109,REV,E8,E7,E1,E2,-5.301000,399.682000,OK
5,11,adjacent,500,30,32,110,FWD,E7,E8,E2,E3,-7.770000,381.448000,OK
5,11,adjacent,500,30,32,111,REV,E8,E7,E2,E3,-3.969000,394.535000,OK
5,11,adjacent,500,30,32,112,FWD,E7,E8,E3,E4,5.785000,384.361000,OK
5,11,adjacent,500,30,32,113,REV,E8,E7,E3,E4,11.152000,392.820000,OK
5,11,adjacent,500,30,32,114,FWD,E7,E8,E4,E5,-7.035000,384.720000,OK
5,11,adjacent,500,30,32,115,REV,E8,E7,E4,E5,9.172000,392.061000,OK
5,11,adjacent,500,30,32,116,FWD,E7,E8,E5,E6,-11.617000,386.116000,OK
5,11,adjacent,500,30,32,117,REV,E8,E7,E5,E6,12.375000,391.862000,OK
5,11,adjacent,500,30,32,118,FWD,E7,E8,E9,E10,-56.082000,385.677000,OK
5,11,adjacent,500,30,32,119,REV,E8,E7,E9,E10,-24.605000,391.184000,OK
5,11,adjacent,500,30,32,120,FWD,E7,E8,E10,E11,14.789000,386.196000,OK
5,11,adjacent,500,30,32,121,REV,E8,E7,E10,E11,31.727000,391.662000,OK
5,11,adjacent,500,30,32,122,FWD,E7,E8,E11,E12,22.859000,386.116000,OK
5,11,adjacent,500,30,32,123,REV,E8,E7,E11,E12,26.723000,390.904000,OK
5,11,adjacent,500,30,32,124,FWD,E7,E8,E12,E1,6.059000,386.396000,OK
5,11,adjacent,500,30,32,125,REV,E8,E7,E12,E1,8.508000,391.383000,OK
5,11,adjacent,500,30,32,126,FWD,E8,E9,E1,E2,-7.965000,317.926000,OK
5,11,adjacent,500,30,32,127,REV,E9,E8,E1,E2,-5.629000,318.286000,OK
5,11,adjacent,500,30,32,128,FWD,E8,E9,E2,E3,-7.191000,331.293000,OK
5,11,adjacent,500,30,32,129,REV,E9,E8,E2,E3,-4.754000,315.373000,OK
5,11,adjacent,500,30,32,130,FWD,E8,E9,E3,E4,7.059000,332.969000,OK
5,11,adjacent,500,30,32,131,REV,E9,E8,E3,E4,9.777000,314.974000,OK
5,11,adjacent,500,30,32,132,FWD,E8,E9,E4,E5,-2.555000,333.129000,OK
5,11,adjacent,500,30,32,133,REV,E9,E8,E4,E5,4.055000,314.615000,OK
5,11,adjacent,500,30,32,134,FWD,E8,E9,E5,E6,-3.777000,333.009000,OK
5,11,adjacent,500,30,32,135,REV,E9,E8,E5,E6,2.492000,314.615000,OK
5,11,adjacent,500,30,32,136,FWD,E8,E9,E6,E7,12.113000,333.168000,OK
5,11,adjacent,500,30,32,137,REV,E9,E8,E6,E7,27.035000,314.894000,OK
5,11,adjacent,500,30,32,138,FWD,E8,E9,E10,E11,0.355000,333.089000,OK
5,11,adjacent,500,30,32,139,REV,E9,E8,E10,E11,45.551000,314.655000,OK
5,11,adjacent,500,30,32,140,FWD,E8,E9,E11,E12,21.598000,333.129000,OK
5,11,adjacent,500,30,32,141,REV,E9,E8,E11,E12,27.758000,315.094000,OK
5,11,adjacent,500,30,32,142,FWD,E8,E9,E12,E1,5.855000,333.488000,OK
5,11,adjacent,500,30,32,143,REV,E9,E8,E12,E1,8.570000,314.814000,OK
5,11,adjacent,500,30,32,144,FWD,E9,E10,E1,E2,-8.883000,211.432000,OK
5,11,adjacent,500,30,32,145,REV,E10,E9,E1,E2,-4.934000,194.554000,OK
5,11,adjacent,500,30,32,146,FWD,E9,E10,E2,E3,-7.488000,217.577000,OK
5,11,adjacent,500,30,32,147,REV,E10,E9,E2,E3,-4.621000,193.996000,OK
5,11,adjacent,500,30,32,148,FWD,E9,E10,E3,E4,7.242000,217.896000,OK
5,11,adjacent,500,30,32,149,REV,E10,E9,E3,E4,9.559000,193.477000,OK
5,11,adjacent,500,30,32,150,FWD,E9,E10,E4,E5,-1.570000,218.016000,OK
5,11,adjacent,500,30,32,151,REV,E10,E9,E4,E5,2.848000,193.597000,OK
5,11,adjacent,500,30,32,152,FWD,E9,E10,E5,E6,-2.328000,217.737000,OK
5,11,adjacent,500,30,32,153,REV,E10,E9,E5,E6,0.566000,194.355000,OK
5,11,adjacent,500,30,32,154,FWD,E9,E10,E6,E7,16.598000,217.896000,OK
5,11,adjacent,500,30,32,155,REV,E10,E9,E6,E7,21.676000,193.557000,OK
5,11,adjacent,500,30,32,156,FWD,E9,E10,E7,E8,-7.543000,217.497000,OK
5,11,adjacent,500,30,32,157,REV,E10,E9,E7,E8,9.242000,193.956000,OK
5,11,adjacent,500,30,32,158,FWD,E9,E10,E11,E12,11.230000,217.737000,OK
5,11,adjacent,500,30,32,159,REV,E10,E9,E11,E12,36.539000,194.076000,OK
5,11,adjacent,500,30,32,160,FWD,E9,E10,E12,E1,3.891000,218.136000,OK
5,11,adjacent,500,30,32,161,REV,E10,E9,E12,E1,10.195000,193.956000,OK
5,11,adjacent,500,30,32,162,FWD,E10,E11,E1,E2,-11.875000,190.285000,OK
5,11,adjacent,500,30,32,163,REV,E11,E10,E1,E2,-1.281000,211.951000,OK
5,11,adjacent,500,30,32,164,FWD,E10,E11,E2,E3,-8.891000,196.430000,OK
5,11,adjacent,500,30,32,165,REV,E11,E10,E2,E3,-2.871000,210.594000,OK
5,11,adjacent,500,30,32,166,FWD,E10,E11,E3,E4,6.762000,196.749000,OK
5,11,adjacent,500,30,32,167,REV,E11,E10,E3,E4,10.324000,210.155000,OK
5,11,adjacent,500,30,32,168,FWD,E10,E11,E4,E5,-1.891000,197.387000,OK
5,11,adjacent,500,30,32,169,REV,E11,E10,E4,E5,3.523000,210.076000,OK
5,11,adjacent,500,30,32,170,FWD,E10,E11,E5,E6,-2.133000,197.188000,OK
5,11,adjacent,500,30,32,171,REV,E11,E10,E5,E6,0.449000,209.956000,OK
5,11,adjacent,500,30,32,172,FWD,E10,E11,E6,E7,17.562000,197.228000,OK
5,11,adjacent,500,30,32,173,REV,E11,E10,E6,E7,21.148000,209.956000,OK
5,11,adjacent,500,30,32,174,FWD,E10,E11,E7,E8,-3.449000,197.427000,OK
5,11,adjacent,500,30,32,175,REV,E11,E10,E7,E8,5.484000,210.395000,OK
5,11,adjacent,500,30,32,176,FWD,E10,E11,E8,E9,-43.270000,197.387000,OK
5,11,adjacent,500,30,32,177,REV,E11,E10,E8,E9,-13.785000,209.677000,OK
5,11,adjacent,500,30,32,178,FWD,E10,E11,E12,E1,-3.633000,197.308000,OK
5,11,adjacent,500,30,32,179,REV,E11,E10,E12,E1,18.715000,210.076000,OK
5,11,adjacent,500,30,32,180,FWD,E11,E12,E1,E2,-22.285000,249.816000,OK
5,11,adjacent,500,30,32,181,REV,E12,E11,E1,E2,10.121000,279.542000,OK
5,11,adjacent,500,30,32,182,FWD,E11,E12,E2,E3,-12.270000,256.201000,OK
5,11,adjacent,500,30,32,183,REV,E12,E11,E2,E3,0.750000,277.467000,OK
5,11,adjacent,500,30,32,184,FWD,E11,E12,E3,E4,5.930000,257.318000,OK
5,11,adjacent,500,30,32,185,REV,E12,E11,E3,E4,11.207000,277.068000,OK
5,11,adjacent,500,30,32,186,FWD,E11,E12,E4,E5,-1.988000,258.076000,OK
5,11,adjacent,500,30,32,187,REV,E12,E11,E4,E5,3.566000,276.470000,OK
5,11,adjacent,500,30,32,188,FWD,E11,E12,E5,E6,-1.844000,258.196000,OK
5,11,adjacent,500,30,32,189,REV,E12,E11,E5,E6,-0.039000,276.270000,OK
5,11,adjacent,500,30,32,190,FWD,E11,E12,E6,E7,18.527000,258.515000,OK
5,11,adjacent,500,30,32,191,REV,E12,E11,E6,E7,20.219000,276.390000,OK
5,11,adjacent,500,30,32,192,FWD,E11,E12,E7,E8,-0.625000,258.794000,OK
5,11,adjacent,500,30,32,193,REV,E12,E11,E7,E8,2.102000,276.550000,OK
5,11,adjacent,500,30,32,194,FWD,E11,E12,E8,E9,-32.129000,258.674000,OK
5,11,adjacent,500,30,32,195,REV,E12,E11,E8,E9,-26.789000,275.792000,OK
5,11,adjacent,500,30,32,196,FWD,E11,E12,E9,E10,-55.313000,258.914000,OK
5,11,adjacent,500,30,32,197,REV,E12,E11,E9,E10,-23.336000,276.430000,OK
5,11,adjacent,500,30,32,198,FWD,E12,E1,E2,E3,-19.277000,266.295000,OK
5,11,adjacent,500,30,32,199,REV,E1,E12,E2,E3,8.004000,287.522000,OK
5,11,adjacent,500,30,32,200,FWD,E12,E1,E3,E4,4.109000,274.395000,OK
5,11,adjacent,500,30,32,201,REV,E1,E12,E3,E4,13.039000,284.769000,OK
5,11,adjacent,500,30,32,202,FWD,E12,E1,E4,E5,-2.988000,275.313000,OK
5,11,adjacent,500,30,32,203,REV,E1,E12,E4,E5,4.469000,284.091000,OK
5,11,adjacent,500,30,32,204,FWD,E12,E1,E5,E6,-1.980000,276.310000,OK
5,11,adjacent,500,30,32,205,REV,E1,E12,E5,E6,0.000000,283.852000,OK
5,11,adjacent,500,30,32,206,FWD,E12,E1,E6,E7,18.613000,275.951000,OK
5,11,adjacent,500,30,32,207,REV,E1,E12,E6,E7,20.117000,283.014000,OK
5,11,adjacent,500,30,32,208,FWD,E12,E1,E7,E8,-0.277000,276.430000,OK
5,11,adjacent,500,30,32,209,REV,E1,E12,E7,E8,1.512000,283.253000,OK
5,11,adjacent,500,30,32,210,FWD,E12,E1,E8,E9,-30.832000,276.191000,OK
5,11,adjacent,500,30,32,211,REV,E1,E12,E8,E9,-28.422000,283.053000,OK
5,11,adjacent,500,30,32,212,FWD,E12,E1,E9,E10,-44.410000,276.630000,OK
5,11,adjacent,500,30,32,213,REV,E1,E12,E9,E10,-35.934000,282.575000,OK
5,11,adjacent,500,30,32,214,FWD,E12,E1,E10,E11,7.852000,276.470000,OK
5,11,adjacent,500,30,32,215,REV,E1,E12,E10,E11,39.191000,283.014000,OK
6,12,adjacent,500,30,32,0,FWD,E1,E2,E3,E4,-3.984000,296.300000,OK
6,12,adjacent,500,30,32,1,REV,E2,E1,E3,E4,21.070000,305.597000,OK
6,12,adjacent,500,30,32,2,FWD,E1,E2,E4,E5,-7.527000,304.041000,OK
6,12,adjacent,500,30,32,3,REV,E2,E1,E4,E5,8.770000,303.163000,OK
6,12,adjacent,500,30,32,4,FWD,E1,E2,E5,E6,-2.891000,305.278000,OK
6,12,adjacent,500,30,32,5,REV,E2,E1,E5,E6,0.805000,302.285000,OK
6,12,adjacent,500,30,32,6,FWD,E1,E2,E6,E7,18.191000,305.637000,OK
6,12,adjacent,500,30,32,7,REV,E2,E1,E6,E7,20.531000,302.086000,OK
6,12,adjacent,500,30,32,8,FWD,E1,E2,E7,E8,-0.629000,306.116000,OK
6,12,adjacent,500,30,32,9,REV,E2,E1,E7,E8,1.703000,301.847000,OK
6,12,adjacent,500,30,32,10,FWD,E1,E2,E8,E9,-30.828000,306.475000,OK
6,12,adjacent,500,30,32,11,REV,E2,E1,E8,E9,-28.539000,301.767000,OK
6,12,adjacent,500,30,32,12,FWD,E1,E2,E9,E10,-43.199000,306.116000,OK
6,12,adjacent,500,30,32,13,REV,E2,E1,E9,E10,-37.465000,301.527000,OK
6,12,adjacent,500,30,32,14,FWD,E1,E2,E10,E11,15.047000,306.914000,OK
6,12,adjacent,500,30,32,15,REV,E2,E1,E10,E11,31.168000,301.607000,OK
6,12,adjacent,500,30,32,16,FWD,E1,E2,E11,E12,6.496000,306.714000,OK
6,12,adjacent,500,30,32,17,REV,E2,E1,E11,E12,43.461000,301.567000,OK
6,12,adjacent,500,30,32,18,FWD,E2,E3,E4,E5,-19.285000,300.610000,OK
6,12,adjacent,500,30,32,19,REV,E3,E2,E4,E5,20.633000,307.592000,OK
6,12,adjacent,500,30,32,20,FWD,E2,E3,E5,E6,-4.703000,307.473000,OK
6,12,adjacent,500,30,32,21,REV,E3,E2,E5,E6,2.547000,306.395000,OK
6,12,adjacent,500,30,32,22,FWD,E2,E3,E6,E7,17.473000,308.670000,OK
6,12,adjacent,500,30,32,23,REV,E3,E2,E6,E7,21.328000,305.398000,OK
6,12,adjacent,500,30,32,24,FWD,E2,E3,E7,E8,-1.023000,308.749000,OK
6,12,adjacent,500,30,32,25,REV,E3,E2,E7,E8,2.020000,304.959000,OK
6,12,adjacent,500,30,32,26,FWD,E2,E3,E8,E9,-30.887000,308.390000,OK
6,12,adjacent,500,30,32,27,REV,E3,E2,E8,E9,-28.523000,304.719000,OK
6,12,adjacent,500,30,32,28,FWD,E2,E3,E9,E10,-42.488000,309.069000,OK
6,12,adjacent,500,30,32,29,REV,E3,E2,E9,E10,-38.223000,304.719000,OK
6,12,adjacent,500,30,32,30,FWD,E2,E3,E10,E11,18.469000,308.310000,OK
6,12,adjacent,500,30,32,31,REV,E3,E2,E10,E11,27.766000,304.520000,OK
6,12,adjacent,500,30,32,32,FWD,E2,E3,E11,E12,17.359000,308.989000,OK
6,12,adjacent,500,30,32,33,REV,E3,E2,E11,E12,32.434000,304.759000,OK
6,12,adjacent,500,30,32,34,FWD,E2,E3,E12,E1,-7.434000,308.909000,OK
6,12,adjacent,500,30,32,35,REV,E3,E2,E12,E1,22.746000,304.919000,OK
6,12,adjacent,500,30,32,36,FWD,E3,E4,E1,E2,-16.691000,324.670000,OK
6,12,adjacent,500,30,32,37,REV,E4,E3,E1,E2,9.547000,348.171000,OK
6,12,adjacent,500,30,32,38,FWD,E3,E4,E5,E6,-9.230000,333.288000,OK
6,12,adjacent,500,30,32,39,REV,E4,E3,E5,E6,7.348000,346.176000,OK
6,12,adjacent,500,30,32,40,FWD,E3,E4,E6,E7,15.773000,334.605000,OK
6,12,adjacent,500,30,32,41,REV,E4,E3,E6,E7,23.184000,345.338000,OK
6,12,adjacent,500,30,32,42,FWD,E3,E4,E7,E8,-1.891000,335.842000,OK
6,12,adjacent,500,30,32,43,REV,E4,E3,E7,E8,2.898000,344.939000,OK
6,12,adjacent,500,30,32,44,FWD,E3,E4,E8,E9,-31.168000,335.363000,OK
6,12,adjacent,500,30,32,45,REV,E4,E3,E8,E9,-28.246000,344.301000,OK
6,12,adjacent,500,30,32,46,FWD,E3,E4,E9,E10,-42.258000,336.121000,OK
6,12,adjacent,500,30,32,47,REV,E4,E3,E9,E10,-38.449000,344.819000,OK
6,12,adjacent,500,30,32,48,FWD,E3,E4,E10,E11,20.121000,335.961000,OK
6,12,adjacent,500,30,32,49,REV,E4,E3,E10,E11,26.230000,344.101000,OK
6,12,adjacent,500,30,32,50,FWD,E3,E4,E11,E12,21.539000,335.842000,OK
6,12,adjacent,500,30,32,51,REV,E4,E3,E11,E12,28.336000,343.902000,OK
6,12,adjacent,500,30,32,52,FWD,E3,E4,E12,E1,2.020000,335.602000,OK
6,12,adjacent,500,30,32,53,REV,E4,E3,E12,E1,12.922000,343.902000,OK
6,12,adjacent,500,30,32,54,FWD,E4,E5,E1,E2,-15.883000,339.912000,OK
6,12,adjacent,500,30,32,55,REV,E5,E4,E1,E2,2.754000,357.308000,OK
6,12,adjacent,500,30,32,56,FWD,E4,E5,E2,E3,-25.930000,348.730000,OK
6,12,adjacent,500,30,32,57,REV,E5,E4,E2,E3,19.078000,354.515000,OK
6,12,adjacent,500,30,32,58,FWD,E4,E5,E6,E7,3.840000,350.445000,OK
6,12,adjacent,500,30,32,59,REV,E5,E4,E6,E7,35.129000,354.236000,OK
6,12,adjacent,500,30,32,60,FWD,E4,E5,E7,E8,-6.992000,351.842000,OK
6,12,adjacent,500,30,32,61,REV,E5,E4,E7,E8,7.918000,353.637000,OK
6,12,adjacent,500,30,32,62,FWD,E4,E5,E8,E9,-33.375000,351.802000,OK
6,12,adjacent,500,30,32,63,REV,E5,E4,E8,E9,-26.066000,353.358000,OK
6,12,adjacent,500,30,32,64,FWD,E4,E5,E9,E10,-44.109000,351.722000,OK
6,12,adjacent,500,30,32,65,REV,E5,E4,E9,E10,-36.602000,353.039000,OK
6,12,adjacent,500,30,32,66,FWD,E4,E5,E10,E11,18.434000,351.961000,OK
6,12,adjacent,500,30,32,67,REV,E5,E4,E10,E11,27.918000,352.839000,OK
6,12,adjacent,500,30,32,68,FWD,E4,E5,E11,E12,21.250000,352.041000,OK
6,12,adjacent,500,30,32,69,REV,E5,E4,E11,E12,28.535000,352.480000,OK
6,12,adjacent,500,30,32,70,FWD,E4,E5,E12,E1,2.559000,352.121000,OK
6,12,adjacent,500,30,32,71,REV,E5,E4,E12,E1,11.965000,352.720000,OK
6,12,adjacent,500,30,32,72,FWD,E5,E6,E1,E2,-8.969000,354.954000,OK
6,12,adjacent,500,30,32,73,REV,E6,E5,E1,E2,-4.484000,377.418000,OK
6,12,adjacent,500,30,32,74,FWD,E5,E6,E2,E3,-9.938000,366.765000,OK
6,12,adjacent,500,30,32,75,REV,E6,E5,E2,E3,-1.203000,374.266000,OK
6,12,adjacent,500,30,32,76,FWD,E5,E6,E3,E4,0.363000,368.001000,OK
6,12,adjacent,500,30,32,77,REV,E6,E5,E3,E4,18.102000,372.869000,OK
6,12,adjacent,500,30,32,78,FWD,E5,E6,E7,E8,-11.184000,368.879000,OK
6,12,adjacent,500,30,32,79,REV,E6,E5,E7,E8,12.090000,372.111000,OK
6,12,adjacent,500,30,32,80,FWD,E5,E6,E8,E9,-33.402000,368.919000,OK
6,12,adjacent,500,30,32,81,REV,E6,E5,E8,E9,-26.090000,371.592000,OK
6,12,adjacent,500,30,32,82,FWD,E5,E6,E9,E10,-43.035000,369.478000,OK
6,12,adjacent,500,30,32,83,REV,E6,E5,E9,E10,-37.797000,371.313000,OK
6,12,adjacent,500,30,32,84,FWD,E5,E6,E10,E11,20.777000,369.677000,OK
6,12,adjacent,500,30,32,85,REV,E6,E5,E10,E11,25.609000,371.632000,OK
6,12,adjacent,500,30,32,86,FWD,E5,E6,E11,E12,23.625000,369.757000,OK
6,12,adjacent,500,30,32,87,REV,E6,E5,E11,E12,26.125000,371.672000,OK
6,12,adjacent,500,30,32,88,FWD,E5,E6,E12,E1,5.898000,370.316000,OK
6,12,adjacent,500,30,32,89,REV,E6,E5,E12,E1,8.527000,371.273000,OK
6,12,adjacent,500,30,32,90,FWD,E6,E7,E1,E2,-8.148000,351.802000,OK
6,12,adjacent,500,30,32,91,REV,E7,E6,E1,E2,-5.297000,395.253000,OK
6,12,adjacent,500,30,32,92,FWD,E6,E7,E2,E3,-8.102000,363.573000,OK
6,12,adjacent,500,30,32,93,REV,E7,E6,E2,E3,-3.391000,390.505000,OK
6,12,adjacent,500,30,32,94,FWD,E6,E7,E3,E4,4.625000,365.727000,OK
6,12,adjacent,500,30,32,95,REV,E7,E6,E3,E4,12.730000,389.667000,OK
6,12,adjacent,500,30,32,96,FWD,E6,E7,E4,E5,-14.289000,367.443000,OK
6,12,adjacent,500,30,32,97,REV,E7,E6,E4,E5,18.898000,389.428000,OK
6,12,adjacent,500,30,32,98,FWD,E6,E7,E8,E9,-38.391000,368.201000,OK
6,12,adjacent,500,30,32,99,REV,E7,E6,E8,E9,-20.594000,388.710000,OK
6,12,adjacent,500,30,32,100,FWD,E6,E7,E9,E10,-44.949000,368.081000,OK
6,12,adjacent,500,30,32,101,REV,E7,E6,E9,E10,-35.609000,387.672000,OK
6,12,adjacent,500,30,32,102,FWD,E6,E7,E10,E11,19.961000,368.361000,OK
6,12,adjacent,500,30,32,103,REV,E7,E6,E10,E11,26.637000,387.553000,OK
6,12,adjacent,500,30,32,104,FWD,E6,E7,E11,E12,23.730000,368.480000,OK
6,12,adjacent,500,30,32,105,REV,E7,E6,E11,E12,26.082000,387.593000,OK
6,12,adjacent,500,30,32,106,FWD,E6,E7,E12,E1,6.187000,369.039000,OK
6,12,adjacent,500,30,32,107,REV,E7,E6,E12,E1,8.211000,387.593000,OK
6,12,adjacent,500,30,32,108,FWD,E7,E8,E1,E2,-8.176000,366.605000,OK
6,12,adjacent,500,30,32,109,REV,E8,E7,E1,E2,-5.297000,399.523000,OK
6,12,adjacent,500,30,32,110,FWD,E7,E8,E2,E3,-7.801000,381.488000,OK
6,12,adjacent,500,30,32,111,REV,E8,E7,E2,E3,-3.996000,394.416000,OK
6,12,adjacent,500,30,32,112,FWD,E7,E8,E3,E4,5.863000,384.201000,OK
6,12,adjacent,500,30,32,113,REV,E8,E7,E3,E4,11.211000,392.700000,OK
6,12,adjacent,500,30,32,114,FWD,E7,E8,E4,E5,-7.090000,384.760000,OK
6,12,adjacent,500,30,32,115,REV,E8,E7,E4,E5,9.125000,391.742000,OK
6,12,adjacent,500,30,32,116,FWD,E7,E8,E5,E6,-11.602000,385.677000,OK
6,12,adjacent,500,30,32,117,REV,E8,E7,E5,E6,12.406000,391.383000,OK
6,12,adjacent,500,30,32,118,FWD,E7,E8,E9,E10,-56.090000,385.997000,OK
6,12,adjacent,500,30,32,119,REV,E8,E7,E9,E10,-24.559000,391.623000,OK
6,12,adjacent,500,30,32,120,FWD,E7,E8,E10,E11,14.785000,386.515000,OK
6,12,adjacent,500,30,32,121,REV,E8,E7,E10,E11,31.754000,391.263000,OK
6,12,adjacent,500,30,32,122,FWD,E7,E8,E11,E12,22.965000,386.316000,OK
6,12,adjacent,500,30,32,123,REV,E8,E7,E11,E12,26.805000,391.184000,OK
6,12,adjacent,500,30,32,124,FWD,E7,E8,E12,E1,5.937000,386.036000,OK
6,12,adjacent,500,30,32,125,REV,E8,E7,E12,E1,8.367000,390.665000,OK
6,12,adjacent,500,30,32,126,FWD,E8,E9,E1,E2,-7.973000,318.206000,OK
6,12,adjacent,500,30,32,127,REV,E9,E8,E1,E2,-5.609000,318.286000,OK
6,12,adjacent,500,30,32,128,FWD,E8,E9,E2,E3,-7.199000,331.652000,OK
6,12,adjacent,500,30,32,129,REV,E9,E8,E2,E3,-4.781000,315.852000,OK
6,12,adjacent,500,30,32,130,FWD,E8,E9,E3,E4,7.145000,333.049000,OK
6,12,adjacent,500,30,32,131,REV,E9,E8,E3,E4,9.840000,314.734000,OK
6,12,adjacent,500,30,32,132,FWD,E8,E9,E4,E5,-2.633000,333.049000,OK
6,12,adjacent,500,30,32,133,REV,E9,E8,E4,E5,3.992000,314.495000,OK
6,12,adjacent,500,30,32,134,FWD,E8,E9,E5,E6,-3.773000,332.849000,OK
6,12,adjacent,500,30,32,135,REV,E9,E8,E5,E6,2.500000,314.535000,OK
6,12,adjacent,500,30,32,136,FWD,E8,E9,E6,E7,12.141000,333.168000,OK
6,12,adjacent,500,30,32,137,REV,E9,E8,E6,E7,27.023000,314.655000,OK
6,12,adjacent,500,30,32,138,FWD,E8,E9,E10,E11,0.355000,333.288000,OK
6,12,adjacent,500,30,32,139,REV,E9,E8,E10,E11,45.582000,314.934000,OK
6,12,adjacent,500,30,32,140,FWD,E8,E9,E11,E12,21.746000,333.129000,OK
6,12,adjacent,500,30,32,141,REV,E9,E8,E11,E12,27.902000,314.934000,OK
6,12,adjacent,500,30,32,142,FWD,E8,E9,E12,E1,5.742000,333.288000,OK
6,12,adjacent,500,30,32,143,REV,E9,E8,E12,E1,8.445000,315.413000,OK
6,12,adjacent,500,30,32,144,FWD,E9,E10,E1,E2,-8.867000,211.911000,OK
6,12,adjacent,500,30,32,145,REV,E10,E9,E1,E2,-4.906000,194.714000,OK
6,12,adjacent,500,30,32,146,FWD,E9,E10,E2,E3,-7.512000,217.617000,OK
6,12,adjacent,500,30,32,147,REV,E10,E9,E2,E3,-4.633000,194.275000,OK
6,12,adjacent,500,30,32,148,FWD,E9,E10,E3,E4,7.277000,217.976000,OK
6,12,adjacent,500,30,32,149,REV,E10,E9,E3,E4,9.613000,194.355000,OK
6,12,adjacent,500,30,32,150,FWD,E9,E10,E4,E5,-1.672000,218.215000,OK
6,12,adjacent,500,30,32,151,REV,E10,E9,E4,E5,2.754000,194.594000,OK
6,12,adjacent,500,30,32,152,FWD,E9,E10,E5,E6,-2.332000,218.175000,OK
6,12,adjacent,500,30,32,153,REV,E10,E9,E5,E6,0.559000,194.115000,OK
6,12,adjacent,500,30,32,154,FWD,E9,E10,E6,E7,16.590000,217.776000,OK
6,12,adjacent,500,30,32,155,REV,E10,E9,E6,E7,21.719000,193.517000,OK
6,12,adjacent,500,30,32,156,FWD,E9,E10,E7,E8,-7.566000,217.816000,OK
6,12,adjacent,500,30,32,157,REV,E10,E9,E7,E8,9.215000,194.315000,OK
6,12,adjacent,500,30,32,158,FWD,E9,E10,E11,E12,11.359000,217.976000,OK
6,12,adjacent,500,30,32,159,REV,E10,E9,E11,E12,36.672000,193.916000,OK
6,12,adjacent,500,30,32,160,FWD,E9,E10,E12,E1,3.715000,218.056000,OK
6,12,adjacent,500,30,32,161,REV,E10,E9,E12,E1,10.051000,194.155000,OK
6,12,adjacent,500,30,32,162,FWD,E10,E11,E1,E2,-11.848000,190.285000,OK
6,12,adjacent,500,30,32,163,REV,E11,E10,E1,E2,-1.254000,212.071000,OK
6,12,adjacent,500,30,32,164,FWD,E10,E11,E2,E3,-8.898000,196.789000,OK
6,12,adjacent,500,30,32,165,REV,E11,E10,E2,E3,-2.879000,210.914000,OK
6,12,adjacent,500,30,32,166,FWD,E10,E11,E3,E4,6.809000,197.387000,OK
6,12,adjacent,500,30,32,167,REV,E11,E10,E3,E4,10.402000,210.634000,OK
6,12,adjacent,500,30,32,168,FWD,E10,E11,E4,E5,-1.953000,197.028000,OK
6,12,adjacent,500,30,32,169,REV,E11,E10,E4,E5,3.465000,209.637000,OK
6,12,adjacent,500,30,32,170,FWD,E10,E11,E5,E6,-2.145000,196.909000,OK
6,12,adjacent,500,30,32,171,REV,E11,E10,E5,E6,0.457000,210.116000,OK
6,12,adjacent,500,30,32,172,FWD,E10,E11,E6,E7,17.590000,197.387000,OK
6,12,adjacent,500,30,32,173,REV,E11,E10,E6,E7,21.176000,209.916000,OK
6,12,adjacent,500,30,32,174,FWD,E10,E11,E7,E8,-3.480000,197.627000,OK
6,12,adjacent,500,30,32,175,REV,E11,E10,E7,E8,5.465000,210.235000,OK
6,12,adjacent,500,30,32,176,FWD,E10,E11,E8,E9,-43.328000,197.627000,OK
6,12,adjacent,500,30,32,177,REV,E11,E10,E8,E9,-13.750000,210.116000,OK
6,12,adjacent,500,30,32,178,FWD,E10,E11,E12,E1,-3.742000,197.946000,OK
6,12,adjacent,500,30,32,179,REV,E11,E10,E12,E1,18.633000,210.235000,OK
6,12,adjacent,500,30,32,180,FWD,E11,E12,E1,E2,-22.191000,249.218000,OK
6,12,adjacent,500,30,32,181,REV,E12,E11,E1,E2,10.125000,279.702000,OK
6,12,adjacent,500,30,32,182,FWD,E11,E12,E2,E3,-12.301000,255.961000,OK
6,12,adjacent,500,30,32,183,REV,E12,E11,E2,E3,0.730000,277.388000,OK
6,12,adjacent,500,30,32,184,FWD,E11,E12,E3,E4,5.949000,257.318000,OK
6,12,adjacent,500,30,32,185,REV,E12,E11,E3,E4,11.281000,277.188000,OK
6,12,adjacent,500,30,32,186,FWD,E11,E12,E4,E5,-2.023000,258.515000,OK
6,12,adjacent,500,30,32,187,REV,E12,E11,E4,E5,3.504000,276.949000,OK
6,12,adjacent,500,30,32,188,FWD,E11,E12,E5,E6,-1.844000,258.475000,OK
6,12,adjacent,500,30,32,189,REV,E12,E11,E5,E6,-0.031000,276.749000,OK
6,12,adjacent,500,30,32,190,FWD,E11,E12,E6,E7,18.520000,258.515000,OK
6,12,adjacent,500,30,32,191,REV,E12,E11,E6,E7,20.215000,276.230000,OK
6,12,adjacent,500,30,32,192,FWD,E11,E12,E7,E8,-0.672000,258.595000,OK
6,12,adjacent,500,30,32,193,REV,E12,E11,E7,E8,2.094000,276.350000,OK
6,12,adjacent,500,30,32,194,FWD,E11,E12,E8,E9,-32.137000,258.475000,OK
6,12,adjacent,500,30,32,195,REV,E12,E11,E8,E9,-26.809000,276.270000,OK
6,12,adjacent,500,30,32,196,FWD,E11,E12,E9,E10,-55.293000,258.954000,OK
6,12,adjacent,500,30,32,197,REV,E12,E11,E9,E10,-23.277000,275.712000,OK
6,12,adjacent,500,30,32,198,FWD,E12,E1,E2,E3,-19.297000,265.976000,OK
6,12,adjacent,500,30,32,199,REV,E1,E12,E2,E3,7.977000,287.522000,OK
6,12,adjacent,500,30,32,200,FWD,E12,E1,E3,E4,4.141000,274.116000,OK
6,12,adjacent,500,30,32,201,REV,E1,E12,E3,E4,13.102000,284.849000,OK
6,12,adjacent,500,30,32,202,FWD,E12,E1,E4,E5,-3.047000,275.472000,OK
6,12,adjacent,500,30,32,203,REV,E1,E12,E4,E5,4.434000,283.852000,OK
6,12,adjacent,500,30,32,204,FWD,E12,E1,E5,E6,-1.980000,275.871000,OK
6,12,adjacent,500,30,32,205,REV,E1,E12,E5,E6,-0.012000,283.373000,OK
6,12,adjacent,500,30,32,206,FWD,E12,E1,E6,E7,18.637000,276.111000,OK
6,12,adjacent,500,30,32,207,REV,E1,E12,E6,E7,20.129000,282.814000,OK
6,12,adjacent,500,30,32,208,FWD,E12,E1,E7,E8,-0.320000,276.390000,OK
6,12,adjacent,500,30,32,209,REV,E1,E12,E7,E8,1.504000,283.453000,OK
6,12,adjacent,500,30,32,210,FWD,E12,E1,E8,E9,-30.840000,276.789000,OK
6,12,adjacent,500,30,32,211,REV,E1,E12,E8,E9,-28.441000,283.213000,OK
6,12,adjacent,500,30,32,212,FWD,E12,E1,E9,E10,-44.371000,277.068000,OK
6,12,adjacent,500,30,32,213,REV,E1,E12,E9,E10,-35.930000,283.053000,OK
6,12,adjacent,500,30,32,214,FWD,E12,E1,E10,E11,7.836000,276.510000,OK
6,12,adjacent,500,30,32,215,REV,E1,E12,E10,E11,39.191000,282.694000,OK
7,13,adjacent,500,30,32,0,FWD,E1,E2,E3,E4,-3.938000,295.901000,OK
7,13,adjacent,500,30,32,1,REV,E2,E1,E3,E4,21.117000,305.637000,OK
7,13,adjacent,500,30,32,2,FWD,E1,E2,E4,E5,-7.578000,304.161000,OK
7,13,adjacent,500,30,32,3,REV,E2,E1,E4,E5,8.715000,303.243000,OK
7,13,adjacent,500,30,32,4,FWD,E1,E2,E5,E6,-2.898000,305.238000,OK
7,13,adjacent,500,30,32,5,REV,E2,E1,E5,E6,0.785000,302.844000,OK
7,13,adjacent,500,30,32,6,FWD,E1,E2,E6,E7,18.223000,306.236000,OK
7,13,adjacent,500,30,32,7,REV,E2,E1,E6,E7,20.582000,301.966000,OK
7,13,adjacent,500,30,32,8,FWD,E1,E2,E7,E8,-0.625000,306.675000,OK
7,13,adjacent,500,30,32,9,REV,E2,E1,E7,E8,1.668000,302.126000,OK
7,13,adjacent,500,30,32,10,FWD,E1,E2,E8,E9,-30.844000,306.435000,OK
7,13,adjacent,500,30,32,11,REV,E2,E1,E8,E9,-28.566000,301.767000,OK
7,13,adjacent,500,30,32,12,FWD,E1,E2,E9,E10,-43.207000,306.595000,OK
7,13,adjacent,500,30,32,13,REV,E2,E1,E9,E10,-37.457000,302.006000,OK
7,13,adjacent,500,30,32,14,FWD,E1,E2,E10,E11,15.055000,306.475000,OK
7,13,adjacent,500,30,32,15,REV,E2,E1,E10,E11,31.121000,301.767000,OK
7,13,adjacent,500,30,32,16,FWD,E1,E2,E11,E12,6.535000,306.834000,OK
7,13,adjacent,500,30,32,17,REV,E2,E1,E11,E12,43.500000,301.727000,OK
7,13,adjacent,500,30,32,18,FWD,E2,E3,E4,E5,-19.250000,300.290000,OK
7,13,adjacent,500,30,32,19,REV,E3,E2,E4,E5,20.609000,307.832000,OK
7,13,adjacent,500,30,32,20,FWD,E2,E3,E5,E6,-4.730000,307.313000,OK
7,13,adjacent,500,30,32,21,REV,E3,E2,E5,E6,2.551000,305.597000,OK
7,13,adjacent,500,30,32,22,FWD,E2,E3,E6,E7,17.492000,308.390000,OK
7,13,adjacent,500,30,32,23,REV,E3,E2,E6,E7,21.348000,305.278000,OK
7,13,adjacent,500,30,32,24,FWD,E2,E3,E7,E8,-1.059000,308.470000,OK
7,13,adjacent,500,30,32,25,REV,E3,E2,E7,E8,2.008000,305.318000,OK
7,13,adjacent,500,30,32,26,FWD,E2,E3,E8,E9,-30.906000,308.789000,OK
7,13,adjacent,500,30,32,27,REV,E3,E2,E8,E9,-28.531000,304.959000,OK
7,13,adjacent,500,30,32,28,FWD,E2,E3,E9,E10,-42.488000,309.069000,OK
7,13,adjacent,500,30,32,29,REV,E3,E2,E9,E10,-38.234000,305.198000,OK
7,13,adjacent,500,30,32,30,FWD,E2,E3,E10,E11,18.508000,308.989000,OK
7,13,adjacent,500,30,32,31,REV,E3,E2,E10,E11,27.777000,304.680000,OK
7,13,adjacent,500,30,32,32,FWD,E2,E3,E11,E12,17.398000,308.829000,OK
7,13,adjacent,500,30,32,33,REV,E3,E2,E11,E12,32.453000,304.440000,OK
7,13,adjacent,500,30,32,34,FWD,E2,E3,E12,E1,-7.527000,308.869000,OK
7,13,adjacent,500,30,32,35,REV,E3,E2,E12,E1,22.652000,304.799000,OK
7,13,adjacent,500,30,32,36,FWD,E3,E4,E1,E2,-16.660000,325.268000,OK
7,13,adjacent,500,30,32,37,REV,E4,E3,E1,E2,9.574000,349.248000,OK
7,13,adjacent,500,30,32,38,FWD,E3,E4,E5,E6,-9.234000,333.368000,OK
7,13,adjacent,500,30,32,39,REV,E4,E3,E5,E6,7.359000,346.415000,OK
7,13,adjacent,500,30,32,40,FWD,E3,E4,E6,E7,15.797000,334.565000,OK
7,13,adjacent,500,30,32,41,REV,E4,E3,E6,E7,23.191000,344.620000,OK
7,13,adjacent,500,30,32,42,FWD,E3,E4,E7,E8,-1.914000,335.243000,OK
7,13,adjacent,500,30,32,43,REV,E4,E3,E7,E8,2.879000,344.899000,OK
7,13,adjacent,500,30,32,44,FWD,E3,E4,E8,E9,-31.184000,335.682000,OK
7,13,adjacent,500,30,32,45,REV,E4,E3,E8,E9,-28.258000,344.420000,OK
7,13,adjacent,500,30,32,46,FWD,E3,E4,E9,E10,-42.250000,336.001000,OK
7,13,adjacent,500,30,32,47,REV,E4,E3,E9,E10,-38.410000,344.580000,OK
7,13,adjacent,500,30,32,48,FWD,E3,E4,E10,E11,20.133000,335.642000,OK
7,13,adjacent,500,30,32,49,REV,E4,E3,E10,E11,26.273000,343.941000,OK
7,13,adjacent,500,30,32,50,FWD,E3,E4,E11,E12,21.582000,335.882000,OK
7,13,adjacent,500,30,32,51,REV,E4,E3,E11,E12,28.363000,344.141000,OK
7,13,adjacent,500,30,32,52,FWD,E3,E4,E12,E1,1.961000,336.241000,OK
7,13,adjacent,500,30,32,53,REV,E4,E3,E12,E1,12.832000,344.221000,OK
7,13,adjacent,500,30,32,54,FWD,E4,E5,E1,E2,-15.910000,340.231000,OK
7,13,adjacent,500,30,32,55,REV,E5,E4,E1,E2,2.742000,357.228000,OK
7,13,adjacent,500,30,32,56,FWD,E4,E5,E2,E3,-25.992000,349.129000,OK
7,13,adjacent,500,30,32,57,REV,E5,E4,E2,E3,19.055000,354.715000,OK
7,13,adjacent,500,30,32,58,FWD,E4,E5,E6,E7,3.902000,350.326000,OK
7,13,adjacent,500,30,32,59,REV,E5,E4,E6,E7,35.152000,353.438000,OK
7,13,adjacent,500,30,32,60,FWD,E4,E5,E7,E8,-6.996000,351.363000,OK
7,13,adjacent,500,30,32,61,REV,E5,E4,E7,E8,7.898000,353.278000,OK
7,13,adjacent,500,30,32,62,FWD,E4,E5,E8,E9,-33.379000,352.001000,OK
7,13,adjacent,500,30,32,63,REV,E5,E4,E8,E9,-26.090000,353.238000,OK
7,13,adjacent,500,30,32,64,FWD,E4,E5,E9,E10,-44.098000,351.922000,OK
7,13,adjacent,500,30,32,65,REV,E5,E4,E9,E10,-36.590000,352.720000,OK
7,13,adjacent,500,30,32,66,FWD,E4,E5,E10,E11,18.449000,351.602000,OK
7,13,adjacent,500,30,32,67,REV,E5,E4,E10,E11,27.934000,352.400000,OK
7,13,adjacent,500,30,32,68,FWD,E4,E5,E11,E12,21.293000,351.802000,OK
7,13,adjacent,500,30,32,69,REV,E5,E4,E11,E12,28.551000,352.799000,OK
7,13,adjacent,500,30,32,70,FWD,E4,E5,E12,E1,2.543000,352.440000,OK
7,13,adjacent,500,30,32,71,REV,E5,E4,E12,E1,11.918000,352.879000,OK
7,13,adjacent,500,30,32,72,FWD,E5,E6,E1,E2,-8.984000,355.233000,OK
7,13,adjacent,500,30,32,73,REV,E6,E5,E1,E2,-4.500000,377.418000,OK
7,13,adjacent,500,30,32,74,FWD,E5,E6,E2,E3,-9.941000,365.687000,OK
7,13,adjacent,500,30,32,75,REV,E6,E5,E2,E3,-1.195000,373.468000,OK
7,13,adjacent,500,30,32,76,FWD,E5,E6,E3,E4,0.414000,367.802000,OK
7,13,adjacent,500,30,32,77,REV,E6,E5,E3,E4,18.156000,372.869000,OK
7,13,adjacent,500,30,32,78,FWD,E5,E6,E7,E8,-11.223000,368.919000,OK
7,13,adjacent,500,30,32,79,REV,E6,E5,E7,E8,12.078000,371.992000,OK
7,13,adjacent,500,30,32,80,FWD,E5,E6,E8,E9,-33.426000,368.959000,OK
7,13,adjacent,500,30,32,81,REV,E6,E5,E8,E9,-26.086000,371.872000,OK
7,13,adjacent,500,30,32,82,FWD,E5,E6,E9,E10,-42.957000,369.837000,OK
7,13,adjacent,500,30,32,83,REV,E6,E5,E9,E10,-37.742000,371.792000,OK
7,13,adjacent,500,30,32,84,FWD,E5,E6,E10,E11,20.781000,370.395000,OK
7,13,adjacent,500,30,32,85,REV,E6,E5,E10,E11,25.590000,371.792000,OK
7,13,adjacent,500,30,32,86,FWD,E5,E6,E11,E12,23.676000,369.957000,OK
7,13,adjacent,500,30,32,87,REV,E6,E5,E11,E12,26.137000,371.194000,OK
7,13,adjacent,500,30,32,88,FWD,E5,E6,E12,E1,5.848000,369.597000,OK
7,13,adjacent,500,30,32,89,REV,E6,E5,E12,E1,8.504000,370.595000,OK
7,13,adjacent,500,30,32,90,FWD,E6,E7,E1,E2,-8.102000,350.884000,OK
7,13,adjacent,500,30,32,91,REV,E7,E6,E1,E2,-5.266000,395.533000,OK
7,13,adjacent,500,30,32,92,FWD,E6,E7,E2,E3,-8.078000,363.652000,OK
7,13,adjacent,500,30,32,93,REV,E7,E6,E2,E3,-3.398000,391.184000,OK
7,13,adjacent,500,30,32,94,FWD,E6,E7,E3,E4,4.609000,366.206000,OK
7,13,adjacent,500,30,32,95,REV,E7,E6,E3,E4,12.727000,389.707000,OK
7,13,adjacent,500,30,32,96,FWD,E6,E7,E4,E5,-14.293000,367.323000,OK
7,13,adjacent,500,30,32,97,REV,E7,E6,E4,E5,18.957000,388.989000,OK
7,13,adjacent,500,30,32,98,FWD,E6,E7,E8,E9,-38.430000,368.241000,OK
7,13,adjacent,500,30,32,99,REV,E7,E6,E8,E9,-20.621000,388.630000,OK
7,13,adjacent,500,30,32,100,FWD,E6,E7,E9,E10,-44.902000,368.440000,OK
7,13,adjacent,500,30,32,101,REV,E7,E6,E9,E10,-35.578000,388.191000,OK
7,13,adjacent,500,30,32,102,FWD,E6,E7,E10,E11,19.965000,368.680000,OK
7,13,adjacent,500,30,32,103,REV,E7,E6,E10,E11,26.637000,387.792000,OK
7,13,adjacent,500,30,32,104,FWD,E6,E7,E11,E12,23.742000,369.238000,OK
7,13,adjacent,500,30,32,105,REV,E7,E6,E11,E12,26.082000,387.792000,OK
7,13,adjacent,500,30,32,106,FWD,E6,E7,E12,E1,6.141000,368.720000,OK
7,13,adjacent,500,30,32,107,REV,E7,E6,E12,E1,8.117000,387.114000,OK
7,13,adjacent,500,30,32,108,FWD,E7,E8,E1,E2,-8.168000,366.445000,OK
7,13,adjacent,500,30,32,109,REV,E8,E7,E1,E2,-5.285000,399.483000,OK
7,13,adjacent,500,30,32,110,FWD,E7,E8,E2,E3,-7.785000,381.288000,OK
7,13,adjacent,500,30,32,111,REV,E8,E7,E2,E3,-3.992000,394.296000,OK
7,13,adjacent,500,30,32,112,FWD,E7,E8,E3,E4,5.832000,384.361000,OK
7,13,adjacent,500,30,32,113,REV,E8,E7,E3,E4,11.215000,393.179000,OK
7,13,adjacent,500,30,32,114,FWD,E7,E8,E4,E5,-7.078000,384.839000,OK
7,13,adjacent,500,30,32,115,REV,E8,E7,E4,E5,9.145000,392.341000,OK
7,13,adjacent,500,30,32,116,FWD,E7,E8,E5,E6,-11.617000,385.598000,OK
7,13,adjacent,500,30,32,117,REV,E8,E7,E5,E6,12.383000,391.543000,OK
7,13,adjacent,500,30,32,118,FWD,E7,E8,E9,E10,-56.004000,386.316000,OK
7,13,adjacent,500,30,32,119,REV,E8,E7,E9,E10,-24.508000,392.061000,OK
7,13,adjacent,500,30,32,120,FWD,E7,E8,E10,E11,14.773000,386.316000,OK
7,13,adjacent,500,30,32,121,REV,E8,E7,E10,E11,31.727000,391.024000,OK
7,13,adjacent,500,30,32,122,FWD,E7,E8,E11,E12,22.973000,386.236000,OK
7,13,adjacent,500,30,32,123,REV,E8,E7,E11,E12,26.852000,391.024000,OK
7,13,adjacent,500,30,32,124,FWD,E7,E8,E12,E1,5.906000,386.396000,OK
7,13,adjacent,500,30,32,125,REV,E8,E7,E12,E1,8.363000,390.864000,OK
7,13,adjacent,500,30,32,126,FWD,E8,E9,E1,E2,-7.953000,317.966000,OK
7,13,adjacent,500,30,32,127,REV,E9,E8,E1,E2,-5.598000,317.926000,OK
7,13,adjacent,500,30,32,128,FWD,E8,E9,E2,E3,-7.227000,331.293000,OK
7,13,adjacent,500,30,32,129,REV,E9,E8,E2,E3,-4.781000,314.934000,OK
7,13,adjacent,500,30,32,130,FWD,E8,E9,E3,E4,7.117000,333.009000,OK
7,13,adjacent,500,30,32,131,REV,E9,E8,E3,E4,9.797000,315.333000,OK
7,13,adjacent,500,30,32,132,FWD,E8,E9,E4,E5,-2.602000,333.208000,OK
7,13,adjacent,500,30,32,133,REV,E9,E8,E4,E5,4.012000,315.413000,OK
7,13,adjacent,500,30,32,134,FWD,E8,E9,E5,E6,-3.785000,333.408000,OK
7,13,adjacent,500,30,32,135,REV,E9,E8,E5,E6,2.469000,314.695000,OK
7,13,adjacent,500,30,32,136,FWD,E8,E9,E6,E7,12.105000,332.809000,OK
7,13,adjacent,500,30,32,137,REV,E9,E8,E6,E7,27.051000,314.894000,OK
7,13,adjacent,500,30,32,138,FWD,E8,E9,E10,E11,0.281000,333.208000,OK
7,13,adjacent,500,30,32,139,REV,E9,E8,E10,E11,45.633000,314.734000,OK
7,13,adjacent,500,30,32,140,FWD,E8,E9,E11,E12,21.754000,333.168000,OK
7,13,adjacent,500,30,32,141,REV,E9,E8,E11,E12,27.906000,314.615000,OK
7,13,adjacent,500,30,32,142,FWD,E8,E9,E12,E1,5.715000,332.929000,OK
7,13,adjacent,500,30,32,143,REV,E9,E8,E12,E1,8.426000,314.575000,OK
7,13,adjacent,500,30,32,144,FWD,E9,E10,E1,E2,-8.852000,211.592000,OK
7,13,adjacent,500,30,32,145,REV,E10,E9,E1,E2,-4.910000,195.153000,OK
7,13,adjacent,500,30,32,146,FWD,E9,E10,E2,E3,-7.504000,217.936000,OK
7,13,adjacent,500,30,32,147,REV,E10,E9,E2,E3,-4.637000,194.514000,OK
7,13,adjacent,500,30,32,148,FWD,E9,E10,E3,E4,7.285000,218.295000,OK
7,13,adjacent,500,30,32,149,REV,E10,E9,E3,E4,9.582000,193.916000,OK
7,13,adjacent,500,30,32,150,FWD,E9,E10,E4,E5,-1.621000,218.056000,OK
7,13,adjacent,500,30,32,151,REV,E10,E9,E4,E5,2.809000,194.355000,OK
7,13,adjacent,500,30,32,152,FWD,E9,E10,E5,E6,-2.344000,218.375000,OK
7,13,adjacent,500,30,32,153,REV,E10,E9,E5,E6,0.551000,193.876000,OK
7,13,adjacent,500,30,32,154,FWD,E9,E10,E6,E7,16.613000,218.175000,OK
7,13,adjacent,500,30,32,155,REV,E10,E9,E6,E7,21.727000,193.677000,OK
7,13,adjacent,500,30,32,156,FWD,E9,E10,E7,E8,-7.574000,217.298000,OK
7,13,adjacent,500,30,32,157,REV,E10,E9,E7,E8,9.234000,193.916000,OK
7,13,adjacent,500,30,32,158,FWD,E9,E10,E11,E12,11.391000,217.936000,OK
7,13,adjacent,500,30,32,159,REV,E10,E9,E11,E12,36.691000,194.275000,OK
7,13,adjacent,500,30,32,160,FWD,E9,E10,E12,E1,3.691000,217.816000,OK
7,13,adjacent,500,30,32,161,REV,E10,E9,E12,E1,10.063000,194.355000,OK
7,13,adjacent,500,30,32,162,FWD,E10,E11,E1,E2,-11.824000,190.724000,OK
7,13,adjacent,500,30,32,163,REV,E11,E10,E1,E2,-1.258000,211.791000,OK
7,13,adjacent,500,30,32,164,FWD,E10,E11,E2,E3,-8.898000,196.190000,OK
7,13,adjacent,500,30,32,165,REV,E11,E10,E2,E3,-2.871000,210.953000,OK
7,13,adjacent,500,30,32,166,FWD,E10,E11,E3,E4,6.770000,197.347000,OK
7,13,adjacent,500,30,32,167,REV,E11,E10,E3,E4,10.395000,210.355000,OK
7,13,adjacent,500,30,32,168,FWD,E10,E11,E4,E5,-1.906000,197.268000,OK
7,13,adjacent,500,30,32,169,REV,E11,E10,E4,E5,3.508000,210.475000,OK
7,13,adjacent,500,30,32,170,FWD,E10,E11,E5,E6,-2.137000,197.068000,OK
7,13,adjacent,500,30,32,171,REV,E11,E10,E5,E6,0.441000,210.036000,OK
7,13,adjacent,500,30,32,172,FWD,E10,E11,E6,E7,17.598000,197.587000,OK
7,13,adjacent,500,30,32,173,REV,E11,E10,E6,E7,21.164000,209.996000,OK
7,13,adjacent,500,30,32,174,FWD,E10,E11,E7,E8,-3.465000,197.627000,OK
7,13,adjacent,500,30,32,175,REV,E11,E10,E7,E8,5.465000,209.996000,OK
7,13,adjacent,500,30,32,176,FWD,E10,E11,E8,E9,-43.352000,198.066000,OK
7,13,adjacent,500,30,32,177,REV,E11,E10,E8,E9,-13.754000,210.195000,OK
7,13,adjacent,500,30,32,178,FWD,E10,E11,E12,E1,-3.664000,197.387000,OK
7,13,adjacent,500,30,32,179,REV,E11,E10,E12,E1,18.609000,209.876000,OK
7,13,adjacent,500,30,32,180,FWD,E11,E12,E1,E2,-22.277000,249.378000,OK
7,13,adjacent,500,30,32,181,REV,E12,E11,E1,E2,10.156000,279.622000,OK
7,13,adjacent,500,30,32,182,FWD,E11,E12,E2,E3,-12.301000,256.400000,OK
7,13,adjacent,500,30,32,183,REV,E12,E11,E2,E3,0.766000,277.787000,OK
7,13,adjacent,500,30,32,184,FWD,E11,E12,E3,E4,5.977000,257.358000,OK
7,13,adjacent,500,30,32,185,REV,E12,E11,E3,E4,11.273000,277.108000,OK
7,13,adjacent,500,30,32,186,FWD,E11,E12,E4,E5,-1.996000,257.836000,OK
7,13,adjacent,500,30,32,187,REV,E12,E11,E4,E5,3.566000,276.669000,OK
7,13,adjacent,500,30,32,188,FWD,E11,E12,E5,E6,-1.848000,258.475000,OK
7,13,adjacent,500,30,32,189,REV,E12,E11,E5,E6,-0.027000,276.350000,OK
7,13,adjacent,500,30,32,190,FWD,E11,E12,E6,E7,18.516000,257.996000,OK
7,13,adjacent,500,30,32,191,REV,E12,E11,E6,E7,20.254000,275.832000,OK
7,13,adjacent,500,30,32,192,FWD,E11,E12,E7,E8,-0.664000,258.435000,OK
7,13,adjacent,500,30,32,193,REV,E12,E11,E7,E8,2.082000,276.270000,OK
7,13,adjacent,500,30,32,194,FWD,E11,E12,E8,E9,-32.172000,258.595000,OK
7,13,adjacent,500,30,32,195,REV,E12,E11,E8,E9,-26.805000,276.151000,OK
7,13,adjacent,500,30,32,196,FWD,E11,E12,E9,E10,-55.270000,259.273000,OK
7,13,adjacent,500,30,32,197,REV,E12,E11,E9,E10,-23.289000,275.832000,OK
7,13,adjacent,500,30,32,198,FWD,E12,E1,E2,E3,-19.289000,265.657000,OK
7,13,adjacent,500,30,32,199,REV,E1,E12,E2,E3,7.949000,287.323000,OK
7,13,adjacent,500,30,32,200,FWD,E12,E1,E3,E4,4.102000,274.275000,OK
7,13,adjacent,500,30,32,201,REV,E1,E12,E3,E4,13.059000,285.049000,OK
7,13,adjacent,500,30,32,202,FWD,E12,E1,E4,E5,-3.012000,275.712000,OK
7,13,adjacent,500,30,32,203,REV,E1,E12,E4,E5,4.445000,283.852000,OK
7,13,adjacent,500,30,32,204,FWD,E12,E1,E5,E6,-1.988000,275.393000,OK
7,13,adjacent,500,30,32,205,REV,E1,E12,E5,E6,-0.016000,283.333000,OK
7,13,adjacent,500,30,32,206,FWD,E12,E1,E6,E7,18.641000,276.111000,OK
7,13,adjacent,500,30,32,207,REV,E1,E12,E6,E7,20.137000,283.572000,OK
7,13,adjacent,500,30,32,208,FWD,E12,E1,E7,E8,-0.320000,276.749000,OK
7,13,adjacent,500,30,32,209,REV,E1,E12,E7,E8,1.504000,283.572000,OK
7,13,adjacent,500,30,32,210,FWD,E12,E1,E8,E9,-30.840000,276.630000,OK
7,13,adjacent,500,30,32,211,REV,E1,E12,E8,E9,-28.449000,282.934000,OK
7,13,adjacent,500,30,32,212,FWD,E12,E1,E9,E10,-44.332000,276.470000,OK
7,13,adjacent,500,30,32,213,REV,E1,E12,E9,E10,-35.887000,283.253000,OK
7,13,adjacent,500,30,32,214,FWD,E12,E1,E10,E11,7.762000,276.949000,OK
7,13,adjacent,500,30,32,215,REV,E1,E12,E10,E11,39.121000,282.774000,OK
8,14,adjacent,500,30,32,0,FWD,E1,E2,E3,E4,-4.008000,296.261000,OK
8,14,adjacent,500,30,32,1,REV,E2,E1,E3,E4,21.113000,306.116000,OK
8,14,adjacent,500,30,32,2,FWD,E1,E2,E4,E5,-7.527000,304.480000,OK
8,14,adjacent,500,30,32,3,REV,E2,E1,E4,E5,8.730000,303.283000,OK
8,14,adjacent,500,30,32,4,FWD,E1,E2,E5,E6,-2.902000,305.238000,OK
8,14,adjacent,500,30,32,5,REV,E2,E1,E5,E6,0.785000,302.445000,OK
8,14,adjacent,500,30,32,6,FWD,E1,E2,E6,E7,18.223000,306.954000,OK
8,14,adjacent,500,30,32,7,REV,E2,E1,E6,E7,20.551000,302.246000,OK
8,14,adjacent,500,30,32,8,FWD,E1,E2,E7,E8,-0.617000,306.116000,OK
8,14,adjacent,500,30,32,9,REV,E2,E1,E7,E8,1.691000,302.006000,OK
8,14,adjacent,500,30,32,10,FWD,E1,E2,E8,E9,-30.844000,306.076000,OK
8,14,adjacent,500,30,32,11,REV,E2,E1,E8,E9,-28.566000,301.807000,OK
8,14,adjacent,500,30,32,12,FWD,E1,E2,E9,E10,-43.152000,306.675000,OK
8,14,adjacent,500,30,32,13,REV,E2,E1,E9,E10,-37.398000,302.046000,OK
8,14,adjacent,500,30,32,14,FWD,E1,E2,E10,E11,15.059000,307.034000,OK
8,14,adjacent,500,30,32,15,REV,E2,E1,E10,E11,31.125000,301.408000,OK
8,14,adjacent,500,30,32,16,FWD,E1,E2,E11,E12,6.562000,306.994000,OK
8,14,adjacent,500,30,32,17,REV,E2,E1,E11,E12,43.535000,301.966000,OK
8,14,adjacent,500,30,32,18,FWD,E2,E3,E4,E5,-19.234000,300.809000,OK
8,14,adjacent,500,30,32,19,REV,E3,E2,E4,E5,20.652000,307.712000,OK
8,14,adjacent,500,30,32,20,FWD,E2,E3,E5,E6,-4.727000,306.994000,OK
8,14,adjacent,500,30,32,21,REV,E3,E2,E5,E6,2.547000,305.837000,OK
8,14,adjacent,500,30,32,22,FWD,E2,E3,E6,E7,17.477000,308.550000,OK
8,14,adjacent,500,30,32,23,REV,E3,E2,E6,E7,21.359000,305.078000,OK
8,14,adjacent,500,30,32,24,FWD,E2,E3,E7,E8,-1.047000,308.789000,OK
8,14,adjacent,500,30,32,25,REV,E3,E2,E7,E8,2.000000,304.839000,OK
8,14,adjacent,500,30,32,26,FWD,E2,E3,E8,E9,-30.914000,308.630000,OK
8,14,adjacent,500,30,32,27,REV,E3,E2,E8,E9,-28.543000,304.919000,OK
8,14,adjacent,500,30,32,28,FWD,E2,E3,E9,E10,-42.434000,308.989000,OK
8,14,adjacent,500,30,32,29,REV,E3,E2,E9,E10,-38.176000,305.158000,OK
8,14,adjacent,500,30,32,30,FWD,E2,E3,E10,E11,18.430000,308.989000,OK
8,14,adjacent,500,30,32,31,REV,E3,E2,E10,E11,27.723000,304.680000,OK
8,14,adjacent,500,30,32,32,FWD,E2,E3,E11,E12,17.406000,309.069000,OK
8,14,adjacent,500,30,32,33,REV,E3,E2,E11,E12,32.484000,304.959000,OK
8,14,adjacent,500,30,32,34,FWD,E2,E3,E12,E1,-7.551000,308.949000,OK
8,14,adjacent,500,30,32,35,REV,E3,E2,E12,E1,22.660000,304.680000,OK
8,14,adjacent,500,30,32,36,FWD,E3,E4,E1,E2,-16.648000,324.909000,OK
8,14,adjacent,500,30,32,37,REV,E4,E3,E1,E2,9.637000,348.570000,OK
8,14,adjacent,500,30,32,38,FWD,E3,E4,E5,E6,-9.230000,333.527000,OK
8,14,adjacent,500,30,32,39,REV,E4,E3,E5,E6,7.336000,346.375000,OK
8,14,adjacent,500,30,32,40,FWD,E3,E4,E6,E7,15.824000,335.163000,OK
8,14,adjacent,500,30,32,41,REV,E4,E3,E6,E7,23.203000,345.099000,OK
8,14,adjacent,500,30,32,42,FWD,E3,E4,E7,E8,-1.906000,335.163000,OK
8,14,adjacent,500,30,32,43,REV,E4,E3,E7,E8,2.871000,344.700000,OK
8,14,adjacent,500,30,32,44,FWD,E3,E4,E8,E9,-31.195000,335.483000,OK
8,14,adjacent,500,30,32,45,REV,E4,E3,E8,E9,-28.250000,344.859000,OK
8,14,adjacent,500,30,32,46,FWD,E3,E4,E9,E10,-42.168000,335.762000,OK
8,14,adjacent,500,30,32,47,REV,E4,E3,E9,E10,-38.375000,344.380000,OK
8,14,adjacent,500,30,32,48,FWD,E3,E4,E10,E11,20.113000,335.483000,OK
8,14,adjacent,500,30,32,49,REV,E4,E3,E10,E11,26.223000,344.660000,OK
8,14,adjacent,500,30,32,50,FWD,E3,E4,E11,E12,21.586000,336.081000,OK
8,14,adjacent,500,30,32,51,REV,E4,E3,E11,E12,28.387000,344.620000,OK
8,14,adjacent,500,30,32,52,FWD,E3,E4,E12,E1,1.930000,336.241000,OK
8,14,adjacent,500,30,32,53,REV,E4,E3,E12,E1,12.824000,344.261000,OK
8,14,adjacent,500,30,32,54,FWD,E4,E5,E1,E2,-15.898000,339.712000,OK
8,14,adjacent,500,30,32,55,REV,E5,E4,E1,E2,2.770000,357.308000,OK
8,14,adjacent,500,30,32,56,FWD,E4,E5,E2,E3,-25.937000,349.049000,OK
8,14,adjacent,500,30,32,57,REV,E5,E4,E2,E3,19.008000,354.595000,OK
8,14,adjacent,500,30,32,58,FWD,E4,E5,E6,E7,3.855000,350.565000,OK
8,14,adjacent,500,30,32,59,REV,E5,E4,E6,E7,35.148000,354.076000,OK
8,14,adjacent,500,30,32,60,FWD,E4,E5,E7,E8,-7.020000,351.044000,OK
8,14,adjacent,500,30,32,61,REV,E5,E4,E7,E8,7.898000,353.318000,OK
8,14,adjacent,500,30,32,62,FWD,E4,E5,E8,E9,-33.406000,352.041000,OK
8,14,adjacent,500,30,32,63,REV,E5,E4,E8,E9,-26.090000,353.637000,OK
8,14,adjacent,500,30,32,64,FWD,E4,E5,E9,E10,-44.055000,352.241000,OK
8,14,adjacent,500,30,32,65,REV,E5,E4,E9,E10,-36.555000,353.278000,OK
8,14,adjacent,500,30,32,66,FWD,E4,E5,E10,E11,18.398000,351.802000,OK
8,14,adjacent,500,30,32,67,REV,E5,E4,E10,E11,27.863000,352.281000,OK
8,14,adjacent,500,30,32,68,FWD,E4,E5,E11,E12,21.297000,351.762000,OK
8,14,adjacent,500,30,32,69,REV,E5,E4,E11,E12,28.582000,353.119000,OK
8,14,adjacent,500,30,32,70,FWD,E4,E5,E12,E1,2.523000,352.121000,OK
8,14,adjacent,500,30,32,71,REV,E5,E4,E12,E1,11.961000,352.560000,OK
8,14,adjacent,500,30,32,72,FWD,E5,E6,E1,E2,-8.941000,354.834000,OK
8,14,adjacent,500,30,32,73,REV,E6,E5,E1,E2,-4.465000,377.378000,OK
8,14,adjacent,500,30,32,74,FWD,E5,E6,E2,E3,-9.984000,366.366000,OK
8,14,adjacent,500,30,32,75,REV,E6,E5,E2,E3,-1.234000,374.146000,OK
8,14,adjacent,500,30,32,76,FWD,E5,E6,E3,E4,0.402000,368.281000,OK
8,14,adjacent,500,30,32,77,REV,E6,E5,E3,E4,18.164000,372.351000,OK
8,14,adjacent,500,30,32,78,FWD,E5,E6,E7,E8,-11.195000,368.560000,OK
8,14,adjacent,500,30,32,79,REV,E6,E5,E7,E8,12.074000,372.311000,OK
8,14,adjacent,500,30,32,80,FWD,E5,E6,E8,E9,-33.418000,369.438000,OK
8,14,adjacent,500,30,32,81,REV,E6,E5,E8,E9,-26.113000,371.672000,OK
8,14,adjacent,500,30,32,82,FWD,E5,E6,E9,E10,-42.945000,369.438000,OK
8,14,adjacent,500,30,32,83,REV,E6,E5,E9,E10,-37.766000,371.194000,OK
8,14,adjacent,500,30,32,84,FWD,E5,E6,E10,E11,20.730000,369.518000,OK
8,14,adjacent,500,30,32,85,REV,E6,E5,E10,E11,25.559000,371.872000,OK
8,14,adjacent,500,30,32,86,FWD,E5,E6,E11,E12,23.660000,369.957000,OK
8,14,adjacent,500,30,32,87,REV,E6,E5,E11,E12,26.160000,371.154000,OK
8,14,adjacent,500,30,32,88,FWD,E5,E6,E12,E1,5.852000,369.957000,OK
8,14,adjacent,500,30,32,89,REV,E6,E5,E12,E1,8.453000,371.194000,OK
8,14,adjacent,500,30,32,90,FWD,E6,E7,E1,E2,-8.133000,351.842000,OK
8,14,adjacent,500,30,32,91,REV,E7,E6,E1,E2,-5.277000,395.852000,OK
8,14,adjacent,500,30,32,92,FWD,E6,E7,E2,E3,-8.109000,363.533000,OK
8,14,adjacent,500,30,32,93,REV,E7,E6,E2,E3,-3.418000,390.625000,OK
8,14,adjacent,500,30,32,94,FWD,E6,E7,E3,E4,4.602000,366.086000,OK
8,14,adjacent,500,30,32,95,REV,E7,E6,E3,E4,12.715000,389.787000,OK
8,14,adjacent,500,30,32,96,FWD,E6,E7,E4,E5,-14.313000,367.203000,OK
8,14,adjacent,500,30,32,97,REV,E7,E6,E4,E5,19.027000,388.630000,OK
8,14,adjacent,500,30,32,98,FWD,E6,E7,E8,E9,-38.484000,367.842000,OK
8,14,adjacent,500,30,32,99,REV,E7,E6,E8,E9,-20.645000,388.710000,OK
8,14,adjacent,500,30,32,100,FWD,E6,E7,E9,E10,-44.852000,368.560000,OK
8,14,adjacent,500,30,32,101,REV,E7,E6,E9,E10,-35.555000,387.992000,OK
8,14,adjacent,500,30,32,102,FWD,E6,E7,E10,E11,19.910000,368.600000,OK
8,14,adjacent,500,30,32,103,REV,E7,E6,E10,E11,26.570000,387.433000,OK
8,14,adjacent,500,30,32,104,FWD,E6,E7,E11,E12,23.770000,368.959000,OK
8,14,adjacent,500,30,32,105,REV,E7,E6,E11,E12,26.137000,388.111000,OK
8,14,adjacent,500,30,32,106,FWD,E6,E7,E12,E1,6.129000,368.720000,OK
8,14,adjacent,500,30,32,107,REV,E7,E6,E12,E1,8.180000,387.393000,OK
8,14,adjacent,500,30,32,108,FWD,E7,E8,E1,E2,-8.156000,365.807000,OK
8,14,adjacent,500,30,32,109,REV,E8,E7,E1,E2,-5.277000,399.323000,OK
8,14,adjacent,500,30,32,110,FWD,E7,E8,E2,E3,-7.789000,381.488000,OK
8,14,adjacent,500,30,32,111,REV,E8,E7,E2,E3,-4.008000,394.216000,OK
8,14,adjacent,500,30,32,112,FWD,E7,E8,E3,E4,5.848000,383.722000,OK
8,14,adjacent,500,30,32,113,REV,E8,E7,E3,E4,11.211000,392.859000,OK
8,14,adjacent,500,30,32,114,FWD,E7,E8,E4,E5,-7.086000,385.518000,OK
8,14,adjacent,500,30,32,115,REV,E8,E7,E4,E5,9.133000,392.301000,OK
8,14,adjacent,500,30,32,116,FWD,E7,E8,E5,E6,-11.594000,385.637000,OK
8,14,adjacent,500,30,32,117,REV,E8,E7,E5,E6,12.414000,391.662000,OK
8,14,adjacent,500,30,32,118,FWD,E7,E8,E9,E10,-55.953000,386.076000,OK
8,14,adjacent,500,30,32,119,REV,E8,E7,E9,E10,-24.437000,391.383000,OK
8,14,adjacent,500,30,32,120,FWD,E7,E8,E10,E11,14.750000,386.475000,OK
8,14,adjacent,500,30,32,121,REV,E8,E7,E10,E11,31.695000,390.785000,OK
8,14,adjacent,500,30,32,122,FWD,E7,E8,E11,E12,23.012000,385.757000,OK
8,14,adjacent,500,30,32,123,REV,E8,E7,E11,E12,26.902000,391.263000,OK
8,14,adjacent,500,30,32,124,FWD,E7,E8,E12,E1,5.871000,386.156000,OK
8,14,adjacent,500,30,32,125,REV,E8,E7,E12,E1,8.336000,390.106000,OK
8,14,adjacent,500,30,32,126,FWD,E8,E9,E1,E2,-7.937000,317.647000,OK
8,14,adjacent,500,30,32,127,REV,E9,E8,E1,E2,-5.609000,318.286000,OK
8,14,adjacent,500,30,32,128,FWD,E8,E9,E2,E3,-7.223000,331.532000,OK
8,14,adjacent,500,30,32,129,REV,E9,E8,E2,E3,-4.797000,315.054000,OK
8,14,adjacent,500,30,32,130,FWD,E8,E9,E3,E4,7.117000,332.929000,OK
8,14,adjacent,500,30,32,131,REV,E9,E8,E3,E4,9.820000,315.173000,OK
8,14,adjacent,500,30,32,132,FWD,E8,E9,E4,E5,-2.563000,333.248000,OK
8,14,adjacent,500,30,32,133,REV,E9,E8,E4,E5,4.039000,314.415000,OK
8,14,adjacent,500,30,32,134,FWD,E8,E9,E5,E6,-3.762000,333.129000,OK
8,14,adjacent,500,30,32,135,REV,E9,E8,E5,E6,2.469000,315.213000,OK
8,14,adjacent,500,30,32,136,FWD,E8,E9,E6,E7,12.113000,333.408000,OK
8,14,adjacent,500,30,32,137,REV,E9,E8,E6,E7,27.051000,314.655000,OK
8,14,adjacent,500,30,32,138,FWD,E8,E9,E10,E11,0.270000,333.009000,OK
8,14,adjacent,500,30,32,139,REV,E9,E8,E10,E11,45.480000,315.054000,OK
8,14,adjacent,500,30,32,140,FWD,E8,E9,E11,E12,21.770000,333.368000,OK
8,14,adjacent,500,30,32,141,REV,E9,E8,E11,E12,27.926000,314.256000,OK
8,14,adjacent,500,30,32,142,FWD,E8,E9,E12,E1,5.672000,333.248000,OK
8,14,adjacent,500,30,32,143,REV,E9,E8,E12,E1,8.422000,315.333000,OK
8,14,adjacent,500,30,32,144,FWD,E9,E10,E1,E2,-8.852000,211.632000,OK
8,14,adjacent,500,30,32,145,REV,E10,E9,E1,E2,-4.906000,194.874000,OK
8,14,adjacent,500,30,32,146,FWD,E9,E10,E2,E3,-7.543000,217.338000,OK
8,14,adjacent,500,30,32,147,REV,E10,E9,E2,E3,-4.668000,194.235000,OK
8,14,adjacent,500,30,32,148,FWD,E9,E10,E3,E4,7.262000,217.976000,OK
8,14,adjacent,500,30,32,149,REV,E10,E9,E3,E4,9.590000,193.796000,OK
8,14,adjacent,500,30,32,150,FWD,E9,E10,E4,E5,-1.605000,217.856000,OK
8,14,adjacent,500,30,32,151,REV,E10,E9,E4,E5,2.793000,194.036000,OK
8,14,adjacent,500,30,32,152,FWD,E9,E10,E5,E6,-2.336000,218.375000,OK
8,14,adjacent,500,30,32,153,REV,E10,E9,E5,E6,0.543000,194.554000,OK
8,14,adjacent,500,30,32,154,FWD,E9,E10,E6,E7,16.621000,218.056000,OK
8,14,adjacent,500,30,32,155,REV,E10,E9,E6,E7,21.707000,194.355000,OK
8,14,adjacent,500,30,32,156,FWD,E9,E10,E7,E8,-7.586000,218.215000,OK
8,14,adjacent,500,30,32,157,REV,E10,E9,E7,E8,9.188000,194.235000,OK
8,14,adjacent,500,30,32,158,FWD,E9,E10,E11,E12,11.422000,217.896000,OK
8,14,adjacent,500,30,32,159,REV,E10,E9,E11,E12,36.715000,194.634000,OK
8,14,adjacent,500,30,32,160,FWD,E9,E10,E12,E1,3.707000,218.335000,OK
8,14,adjacent,500,30,32,161,REV,E10,E9,E12,E1,10.090000,194.594000,OK
8,14,adjacent,500,30,32,162,FWD,E10,E11,E1,E2,-11.848000,190.245000,OK
8,14,adjacent,500,30,32,163,REV,E11,E10,E1,E2,-1.250000,211.592000,OK
8,14,adjacent,500,30,32,164,FWD,E10,E11,E2,E3,-8.910000,196.350000,OK
8,14,adjacent,500,30,32,165,REV,E11,E10,E2,E3,-2.895000,210.834000,OK
8,14,adjacent,500,30,32,166,FWD,E10,E11,E3,E4,6.746000,196.390000,OK
8,14,adjacent,500,30,32,167,REV,E11,E10,E3,E4,10.352000,210.355000,OK
8,14,adjacent,500,30,32,168,FWD,E10,E11,E4,E5,-1.910000,197.627000,OK
8,14,adjacent,500,30,32,169,REV,E11,E10,E4,E5,3.535000,210.195000,OK
8,14,adjacent,500,30,32,170,FWD,E10,E11,E5,E6,-2.145000,197.347000,OK
8,14,adjacent,500,30,32,171,REV,E11,E10,E5,E6,0.449000,210.235000,OK
8,14,adjacent,500,30,32,172,FWD,E10,E11,E6,E7,17.586000,197.826000,OK
8,14,adjacent,500,30,32,173,REV,E11,E10,E6,E7,21.156000,210.235000,OK
8,14,adjacent,500,30,32,174,FWD,E10,E11,E7,E8,-3.477000,197.746000,OK
8,14,adjacent,500,30,32,175,REV,E11,E10,E7,E8,5.496000,210.275000,OK
8,14,adjacent,500,30,32,176,FWD,E10,E11,E8,E9,-43.387000,197.826000,OK
8,14,adjacent,500,30,32,177,REV,E11,E10,E8,E9,-13.730000,210.235000,OK
8,14,adjacent,500,30,32,178,FWD,E10,E11,E12,E1,-3.813000,197.707000,OK
8,14,adjacent,500,30,32,179,REV,E11,E10,E12,E1,18.598000,210.076000,OK
8,14,adjacent,500,30,32,180,FWD,E11,E12,E1,E2,-22.187000,249.497000,OK
8,14,adjacent,500,30,32,181,REV,E12,E11,E1,E2,10.152000,279.901000,OK
8,14,adjacent,500,30,32,182,FWD,E11,E12,E2,E3,-12.293000,256.121000,OK
8,14,adjacent,500,30,32,183,REV,E12,E11,E2,E3,0.742000,277.268000,OK
8,14,adjacent,500,30,32,184,FWD,E11,E12,E3,E4,5.957000,257.078000,OK
8,14,adjacent,500,30,32,185,REV,E12,E11,E3,E4,11.270000,276.749000,OK
8,14,adjacent,500,30,32,186,FWD,E11,E12,E4,E5,-1.988000,258.196000,OK
8,14,adjacent,500,30,32,187,REV,E12,E11,E4,E5,3.543000,276.590000,OK
8,14,adjacent,500,30,32,188,FWD,E11,E12,E5,E6,-1.863000,257.717000,OK
8,14,adjacent,500,30,32,189,REV,E12,E11,E5,E6,-0.016000,276.590000,OK
8,14,adjacent,500,30,32,190,FWD,E11,E12,E6,E7,18.516000,258.794000,OK
8,14,adjacent,500,30,32,191,REV,E12,E11,E6,E7,20.215000,276.470000,OK
8,14,adjacent,500,30,32,192,FWD,E11,E12,E7,E8,-0.637000,258.196000,OK
8,14,adjacent,500,30,32,193,REV,E12,E11,E7,E8,2.090000,276.350000,OK
8,14,adjacent,500,30,32,194,FWD,E11,E12,E8,E9,-32.203000,258.555000,OK
8,14,adjacent,500,30,32,195,REV,E12,E11,E8,E9,-26.820000,276.510000,OK
8,14,adjacent,500,30,32,196,FWD,E11,E12,E9,E10,-55.227000,258.475000,OK
8,14,adjacent,500,30,32,197,REV,E12,E11,E9,E10,-23.215000,275.871000,OK
8,14,adjacent,500,30,32,198,FWD,E12,E1,E2,E3,-19.285000,265.856000,OK
8,14,adjacent,500,30,32,199,REV,E1,E12,E2,E3,7.984000,287.403000,OK
8,14,adjacent,500,30,32,200,FWD,E12,E1,E3,E4,4.113000,273.996000,OK
8,14,adjacent,500,30,32,201,REV,E1,E12,E3,E4,13.078000,283.891000,OK
8,14,adjacent,500,30,32,202,FWD,E12,E1,E4,E5,-3.004000,274.914000,OK
8,14,adjacent,500,30,32,203,REV,E1,E12,E4,E5,4.449000,284.091000,OK
8,14,adjacent,500,30,32,204,FWD,E12,E1,E5,E6,-1.984000,276.071000,OK
8,14,adjacent,500,30,32,205,REV,E1,E12,E5,E6,-0.004000,283.532000,OK
8,14,adjacent,500,30,32,206,FWD,E12,E1,E6,E7,18.633000,276.709000,OK
8,14,adjacent,500,30,32,207,REV,E1,E12,E6,E7,20.125000,283.373000,OK
8,14,adjacent,500,30,32,208,FWD,E12,E1,E7,E8,-0.285000,276.829000,OK
8,14,adjacent,500,30,32,209,REV,E1,E12,E7,E8,1.508000,283.173000,OK
8,14,adjacent,500,30,32,210,FWD,E12,E1,E8,E9,-30.824000,276.510000,OK
8,14,adjacent,500,30,32,211,REV,E1,E12,E8,E9,-28.453000,282.814000,OK
8,14,adjacent,500,30,32,212,FWD,E12,E1,E9,E10,-44.328000,276.869000,OK
8,14,adjacent,500,30,32,213,REV,E1,E12,E9,E10,-35.855000,283.014000,OK
8,14,adjacent,500,30,32,214,FWD,E12,E1,E10,E11,7.723000,276.590000,OK
8,14,adjacent,500,30,32,215,REV,E1,E12,E10,E11,39.051000,282.734000,OK
9,15,adjacent,500,30,32,0,FWD,E1,E2,E3,E4,-3.973000,295.981000,OK
9,15,adjacent,500,30,32,1,REV,E2,E1,E3,E4,21.137000,305.956000,OK
9,15,adjacent,500,30,32,2,FWD,E1,E2,E4,E5,-7.516000,304.241000,OK
9,15,adjacent,500,30,32,3,REV,E2,E1,E4,E5,8.754000,303.243000,OK
9,15,adjacent,500,30,32,4,FWD,E1,E2,E5,E6,-2.906000,305.118000,OK
9,15,adjacent,500,30,32,5,REV,E2,E1,E5,E6,0.781000,302.325000,OK
9,15,adjacent,500,30,32,6,FWD,E1,E2,E6,E7,18.203000,306.276000,OK
9,15,adjacent,500,30,32,7,REV,E2,E1,E6,E7,20.531000,302.405000,OK
9,15,adjacent,500,30,32,8,FWD,E1,E2,E7,E8,-0.625000,305.996000,OK
9,15,adjacent,500,30,32,9,REV,E2,E1,E7,E8,1.703000,302.166000,OK
9,15,adjacent,500,30,32,10,FWD,E1,E2,E8,E9,-30.852000,306.714000,OK
9,15,adjacent,500,30,32,11,REV,E2,E1,E8,E9,-28.570000,302.325000,OK
9,15,adjacent,500,30,32,12,FWD,E1,E2,E9,E10,-43.105000,306.834000,OK
9,15,adjacent,500,30,32,13,REV,E2,E1,E9,E10,-37.402000,301.687000,OK
9,15,adjacent,500,30,32,14,FWD,E1,E2,E10,E11,14.996000,306.555000,OK
9,15,adjacent,500,30,32,15,REV,E2,E1,E10,E11,31.043000,301.248000,OK
9,15,adjacent,500,30,32,16,FWD,E1,E2,E11,E12,6.566000,307.273000,OK
9,15,adjacent,500,30,32,17,REV,E2,E1,E11,E12,43.527000,301.727000,OK
9,15,adjacent,500,30,32,18,FWD,E2,E3,E4,E5,-19.230000,300.251000,OK
9,15,adjacent,500,30,32,19,REV,E3,E2,E4,E5,20.609000,307.433000,OK
9,15,adjacent,500,30,32,20,FWD,E2,E3,E5,E6,-4.699000,307.672000,OK
9,15,adjacent,500,30,32,21,REV,E3,E2,E5,E6,2.551000,305.837000,OK
9,15,adjacent,500,30,32,22,FWD,E2,E3,E6,E7,17.469000,308.271000,OK
9,15,adjacent,500,30,32,23,REV,E3,E2,E6,E7,21.336000,305.158000,OK
9,15,adjacent,500,30,32,24,FWD,E2,E3,E7,E8,-1.023000,308.829000,OK
9,15,adjacent,500,30,32,25,REV,E3,E2,E7,E8,2.020000,305.039000,OK
9,15,adjacent,500,30,32,26,FWD,E2,E3,E8,E9,-30.902000,309.268000,OK
9,15,adjacent,500,30,32,27,REV,E3,E2,E8,E9,-28.570000,304.879000,OK
9,15,adjacent,500,30,32,28,FWD,E2,E3,E9,E10,-42.418000,308.829000,OK
9,15,adjacent,500,30,32,29,REV,E3,E2,E9,E10,-38.152000,305.278000,OK
9,15,adjacent,500,30,32,30,FWD,E2,E3,E10,E11,18.418000,309.348000,OK
9,15,adjacent,500,30,32,31,REV,E3,E2,E10,E11,27.676000,304.520000,OK
9,15,adjacent,500,30,32,32,FWD,E2,E3,E11,E12,17.430000,308.709000,OK
9,15,adjacent,500,30,32,33,REV,E3,E2,E11,E12,32.508000,304.839000,OK
9,15,adjacent,500,30,32,34,FWD,E2,E3,E12,E1,-7.516000,309.228000,OK
9,15,adjacent,500,30,32,35,REV,E3,E2,E12,E1,22.668000,304.560000,OK
9,15,adjacent,500,30,32,36,FWD,E3,E4,E1,E2,-16.637000,324.749000,OK
9,15,adjacent,500,30,32,37,REV,E4,E3,E1,E2,9.652000,348.730000,OK
9,15,adjacent,500,30,32,38,FWD,E3,E4,E5,E6,-9.215000,333.488000,OK
9,15,adjacent,500,30,32,39,REV,E4,E3,E5,E6,7.352000,346.296000,OK
9,15,adjacent,500,30,32,40,FWD,E3,E4,E6,E7,15.773000,334.844000,OK
9,15,adjacent,500,30,32,41,REV,E4,E3,E6,E7,23.180000,344.859000,OK
9,15,adjacent,500,30,32,42,FWD,E3,E4,E7,E8,-1.883000,335.602000,OK
9,15,adjacent,500,30,32,43,REV,E4,E3,E7,E8,2.902000,345.019000,OK
9,15,adjacent,500,30,32,44,FWD,E3,E4,E8,E9,-31.195000,335.602000,OK
9,15,adjacent,500,30,32,45,REV,E4,E3,E8,E9,-28.281000,344.500000,OK
9,15,adjacent,500,30,32,46,FWD,E3,E4,E9,E10,-42.172000,335.562000,OK
9,15,adjacent,500,30,32,47,REV,E4,E3,E9,E10,-38.328000,344.580000,OK
9,15,adjacent,500,30,32,48,FWD,E3,E4,E10,E11,20.066000,336.041000,OK
9,15,adjacent,500,30,32,49,REV,E4,E3,E10,E11,26.203000,343.941000,OK
9,15,adjacent,500,30,32,50,FWD,E3,E4,E11,E12,21.625000,335.443000,OK
9,15,adjacent,500,30,32,51,REV,E4,E3,E11,E12,28.426000,344.540000,OK
9,15,adjacent,500,30,32,52,FWD,E3,E4,E12,E1,1.957000,336.201000,OK
9,15,adjacent,500,30,32,53,REV,E4,E3,E12,E1,12.824000,343.463000,OK
9,15,adjacent,500,30,32,54,FWD,E4,E5,E1,E2,-15.879000,339.672000,OK
9,15,adjacent,500,30,32,55,REV,E5,E4,E1,E2,2.754000,357.508000,OK
9,15,adjacent,500,30,32,56,FWD,E4,E5,E2,E3,-25.910000,349.089000,OK
9,15,adjacent,500,30,32,57,REV,E5,E4,E2,E3,19.047000,354.515000,OK
9,15,adjacent,500,30,32,58,FWD,E4,E5,E6,E7,3.836000,350.605000,OK
9,15,adjacent,500,30,32,59,REV,E5,E4,E6,E7,35.129000,354.236000,OK
9,15,adjacent,500,30,32,60,FWD,E4,E5,E7,E8,-6.973000,351.483000,OK
9,15,adjacent,500,30,32,61,REV,E5,E4,E7,E8,7.906000,353.318000,OK
9,15,adjacent,500,30,32,62,FWD,E4,E5,E8,E9,-33.410000,351.523000,OK
9,15,adjacent,500,30,32,63,REV,E5,E4,E8,E9,-26.086000,353.238000,OK
9,15,adjacent,500,30,32,64,FWD,E4,E5,E9,E10,-44.090000,352.480000,OK
9,15,adjacent,500,30,32,65,REV,E5,E4,E9,E10,-36.563000,353.278000,OK
9,15,adjacent,500,30,32,66,FWD,E4,E5,E10,E11,18.398000,351.283000,OK
9,15,adjacent,500,30,32,67,REV,E5,E4,E10,E11,27.859000,352.640000,OK
9,15,adjacent,500,30,32,68,FWD,E4,E5,E11,E12,21.336000,352.241000,OK
9,15,adjacent,500,30,32,69,REV,E5,E4,E11,E12,28.602000,352.959000,OK
9,15,adjacent,500,30,32,70,FWD,E4,E5,E12,E1,2.520000,351.882000,OK
9,15,adjacent,500,30,32,71,REV,E5,E4,E12,E1,11.883000,352.600000,OK
9,15,adjacent,500,30,32,72,FWD,E5,E6,E1,E2,-8.945000,354.994000,OK
9,15,adjacent,500,30,32,73,REV,E6,E5,E1,E2,-4.480000,377.697000,OK
9,15,adjacent,500,30,32,74,FWD,E5,E6,E2,E3,-9.988000,366.445000,OK
9,15,adjacent,500,30,32,75,REV,E6,E5,E2,E3,-1.195000,373.588000,OK
9,15,adjacent,500,30,32,76,FWD,E5,E6,E3,E4,0.387000,368.161000,OK
9,15,adjacent,500,30,32,77,REV,E6,E5,E3,E4,18.156000,373.109000,OK
9,15,adjacent,500,30,32,78,FWD,E5,E6,E7,E8,-11.156000,368.959000,OK
9,15,adjacent,500,30,32,79,REV,E6,E5,E7,E8,12.086000,372.071000,OK
9,15,adjacent,500,30,32,80,FWD,E5,E6,E8,E9,-33.445000,369.438000,OK
9,15,adjacent,500,30,32,81,REV,E6,E5,E8,E9,-26.109000,372.031000,OK
9,15,adjacent,500,30,32,82,FWD,E5,E6,E9,E10,-42.906000,369.558000,OK
9,15,adjacent,500,30,32,83,REV,E6,E5,E9,E10,-37.711000,371.672000,OK
9,15,adjacent,500,30,32,84,FWD,E5,E6,E10,E11,20.723000,369.278000,OK
9,15,adjacent,500,30,32,85,REV,E6,E5,E10,E11,25.527000,370.595000,OK
9,15,adjacent,500,30,32,86,FWD,E5,E6,E11,E12,23.703000,369.877000,OK
9,15,adjacent,500,30,32,87,REV,E6,E5,E11,E12,26.207000,371.473000,OK
9,15,adjacent,500,30,32,88,FWD,E5,E6,E12,E1,5.875000,369.717000,OK
9,15,adjacent,500,30,32,89,REV,E6,E5,E12,E1,8.414000,370.755000,OK
9,15,adjacent,500,30,32,90,FWD,E6,E7,E1,E2,-8.113000,351.762000,OK
9,15,adjacent,500,30,32,91,REV,E7,E6,E1,E2,-5.266000,395.373000,OK
9,15,adjacent,500,30,32,92,FWD,E6,E7,E2,E3,-8.129000,363.892000,OK
9,15,adjacent,500,30,32,93,REV,E7,E6,E2,E3,-3.410000,391.184000,OK
9,15,adjacent,500,30,32,94,FWD,E6,E7,E3,E4,4.590000,365.927000,OK
9,15,adjacent,500,30,32,95,REV,E7,E6,E3,E4,12.680000,389.827000,OK
9,15,adjacent,500,30,32,96,FWD,E6,E7,E4,E5,-14.297000,367.642000,OK
9,15,adjacent,500,30,32,97,REV,E7,E6,E4,E5,19.000000,389.189000,OK
9,15,adjacent,500,30,32,98,FWD,E6,E7,E8,E9,-38.453000,367.363000,OK
9,15,adjacent,500,30,32,99,REV,E7,E6,E8,E9,-20.621000,388.031000,OK
9,15,adjacent,500,30,32,100,FWD,E6,E7,E9,E10,-44.883000,368.361000,OK
9,15,adjacent,500,30,32,101,REV,E7,E6,E9,E10,-35.500000,387.952000,OK
9,15,adjacent,500,30,32,102,FWD,E6,E7,E10,E11,19.879000,368.440000,OK
9,15,adjacent,500,30,32,103,REV,E7,E6,E10,E11,26.570000,387.632000,OK
9,15,adjacent,500,30,32,104,FWD,E6,E7,E11,E12,23.777000,368.560000,OK
9,15,adjacent,500,30,32,105,REV,E7,E6,E11,E12,26.148000,387.233000,OK
9,15,adjacent,500,30,32,106,FWD,E6,E7,E12,E1,6.098000,369.358000,OK
9,15,adjacent,500,30,32,107,REV,E7,E6,E12,E1,8.129000,387.672000,OK
9,15,adjacent,500,30,32,108,FWD,E7,E8,E1,E2,-8.164000,365.967000,OK
9,15,adjacent,500,30,32,109,REV,E8,E7,E1,E2,-5.277000,399.204000,OK
9,15,adjacent,500,30,32,110,FWD,E7,E8,E2,E3,-7.801000,381.488000,OK
9,15,adjacent,500,30,32,111,REV,E8,E7,E2,E3,-4.012000,394.495000,OK
9,15,adjacent,500,30,32,112,FWD,E7,E8,E3,E4,5.812000,383.962000,OK
9,15,adjacent,500,30,32,113,REV,E8,E7,E3,E4,11.199000,392.500000,OK
9,15,adjacent,500,30,32,114,FWD,E7,E8,E4,E5,-7.062000,384.520000,OK
9,15,adjacent,500,30,32,115,REV,E8,E7,E4,E5,9.148000,391.902000,OK
9,15,adjacent,500,30,32,116,FWD,E7,E8,E5,E6,-11.621000,385.398000,OK
9,15,adjacent,500,30,32,117,REV,E8,E7,E5,E6,12.398000,391.144000,OK
9,15,adjacent,500,30,32,118,FWD,E7,E8,E9,E10,-56.027000,385.478000,OK
9,15,adjacent,500,30,32,119,REV,E8,E7,E9,E10,-24.520000,391.184000,OK
9,15,adjacent,500,30,32,120,FWD,E7,E8,E10,E11,14.734000,386.156000,OK
9,15,adjacent,500,30,32,121,REV,E8,E7,E10,E11,31.680000,391.184000,OK
9,15,adjacent,500,30,32,122,FWD,E7,E8,E11,E12,23.000000,386.755000,OK
9,15,adjacent,500,30,32,123,REV,E8,E7,E11,E12,26.879000,390.904000,OK
9,15,adjacent,500,30,32,124,FWD,E7,E8,E12,E1,5.859000,386.475000,OK
9,15,adjacent,500,30,32,125,REV,E8,E7,E12,E1,8.340000,391.423000,OK
9,15,adjacent,500,30,32,126,FWD,E8,E9,E1,E2,-7.945000,318.246000,OK
9,15,adjacent,500,30,32,127,REV,E9,E8,E1,E2,-5.590000,317.687000,OK
9,15,adjacent,500,30,32,128,FWD,E8,E9,E2,E3,-7.215000,331.612000,OK
9,15,adjacent,500,30,32,129,REV,E9,E8,E2,E3,-4.805000,315.493000,OK
9,15,adjacent,500,30,32,130,FWD,E8,E9,E3,E4,7.113000,332.570000,OK
9,15,adjacent,500,30,32,131,REV,E9,E8,E3,E4,9.809000,314.774000,OK
9,15,adjacent,500,30,32,132,FWD,E8,E9,E4,E5,-2.551000,333.089000,OK
9,15,adjacent,500,30,32,133,REV,E9,E8,E4,E5,4.039000,314.415000,OK
9,15,adjacent,500,30,32,134,FWD,E8,E9,E5,E6,-3.789000,333.248000,OK
9,15,adjacent,500,30,32,135,REV,E9,E8,E5,E6,2.477000,315.293000,OK
9,15,adjacent,500,30,32,136,FWD,E8,E9,E6,E7,12.098000,333.089000,OK
9,15,adjacent,500,30,32,137,REV,E9,E8,E6,E7,27.043000,314.734000,OK
9,15,adjacent,500,30,32,138,FWD,E8,E9,E10,E11,0.219000,333.567000,OK
9,15,adjacent,500,30,32,139,REV,E9,E8,E10,E11,45.598000,315.253000,OK
9,15,adjacent,500,30,32,140,FWD,E8,E9,E11,E12,21.785000,333.089000,OK
9,15,adjacent,500,30,32,141,REV,E9,E8,E11,E12,27.949000,314.894000,OK
9,15,adjacent,500,30,32,142,FWD,E8,E9,E12,E1,5.664000,333.288000,OK
9,15,adjacent,500,30,32,143,REV,E9,E8,E12,E1,8.461000,315.054000,OK
9,15,adjacent,500,30,32,144,FWD,E9,E10,E1,E2,-8.844000,211.871000,OK
9,15,adjacent,500,30,32,145,REV,E10,E9,E1,E2,-4.887000,194.993000,OK
9,15,adjacent,500,30,32,146,FWD,E9,E10,E2,E3,-7.543000,217.417000,OK
9,15,adjacent,500,30,32,147,REV,E10,E9,E2,E3,-4.648000,194.155000,OK
9,15,adjacent,500,30,32,148,FWD,E9,E10,E3,E4,7.285000,218.535000,OK
9,15,adjacent,500,30,32,149,REV,E10,E9,E3,E4,9.598000,193.956000,OK
9,15,adjacent,500,30,32,150,FWD,E9,E10,E4,E5,-1.617000,217.816000,OK
9,15,adjacent,500,30,32,151,REV,E10,E9,E4,E5,2.816000,194.235000,OK
9,15,adjacent,500,30,32,152,FWD,E9,E10,E5,E6,-2.344000,218.375000,OK
9,15,adjacent,500,30,32,153,REV,E10,E9,E5,E6,0.547000,194.115000,OK
9,15,adjacent,500,30,32,154,FWD,E9,E10,E6,E7,16.598000,217.856000,OK
9,15,adjacent,500,30,32,155,REV,E10,E9,E6,E7,21.695000,194.115000,OK
9,15,adjacent,500,30,32,156,FWD,E9,E10,E7,E8,-7.582000,218.455000,OK
9,15,adjacent,500,30,32,157,REV,E10,E9,E7,E8,9.211000,194.594000,OK
9,15,adjacent,500,30,32,158,FWD,E9,E10,E11,E12,11.453000,218.016000,OK
9,15,adjacent,500,30,32,159,REV,E10,E9,E11,E12,36.746000,194.315000,OK
9,15,adjacent,500,30,32,160,FWD,E9,E10,E12,E1,3.719000,218.295000,OK
9,15,adjacent,500,30,32,161,REV,E10,E9,E12,E1,10.074000,194.674000,OK
9,15,adjacent,500,30,32,162,FWD,E10,E11,E1,E2,-11.813000,189.926000,OK
9,15,adjacent,500,30,32,163,REV,E11,E10,E1,E2,-1.250000,211.951000,OK
9,15,adjacent,500,30,32,164,FWD,E10,E11,E2,E3,-8.941000,196.310000,OK
9,15,adjacent,500,30,32,165,REV,E11,E10,E2,E3,-2.887000,210.395000,OK
9,15,adjacent,500,30,32,166,FWD,E10,E11,E3,E4,6.770000,196.589000,OK
9,15,adjacent,500,30,32,167,REV,E11,E10,E3,E4,10.332000,210.395000,OK
9,15,adjacent,500,30,32,168,FWD,E10,E11,E4,E5,-1.902000,197.308000,OK
9,15,adjacent,500,30,32,169,REV,E11,E10,E4,E5,3.512000,210.395000,OK
9,15,adjacent,500,30,32,170,FWD,E10,E11,E5,E6,-2.152000,197.786000,OK
9,15,adjacent,500,30,32,171,REV,E11,E10,E5,E6,0.441000,209.996000,OK
9,15,adjacent,500,30,32,172,FWD,E10,E11,E6,E7,17.582000,197.707000,OK
9,15,adjacent,500,30,32,173,REV,E11,E10,E6,E7,21.145000,210.275000,OK
9,15,adjacent,500,30,32,174,FWD,E10,E11,E7,E8,-3.469000,197.986000,OK
9,15,adjacent,500,30,32,175,REV,E11,E10,E7,E8,5.492000,210.155000,OK
9,15,adjacent,500,30,32,176,FWD,E10,E11,E8,E9,-43.332000,198.026000,OK
9,15,adjacent,500,30,32,177,REV,E11,E10,E8,E9,-13.773000,210.275000,OK
9,15,adjacent,500,30,32,178,FWD,E10,E11,E12,E1,-3.738000,197.387000,OK
9,15,adjacent,500,30,32,179,REV,E11,E10,E12,E1,18.555000,210.076000,OK
9,15,adjacent,500,30,32,180,FWD,E11,E12,E1,E2,-22.230000,249.417000,OK
9,15,adjacent,500,30,32,181,REV,E12,E11,E1,E2,10.211000,280.061000,OK
9,15,adjacent,500,30,32,182,FWD,E11,E12,E2,E3,-12.309000,256.440000,OK
9,15,adjacent,500,30,32,183,REV,E12,E11,E2,E3,0.727000,277.707000,OK
9,15,adjacent,500,30,32,184,FWD,E11,E12,E3,E4,5.941000,257.038000,OK
9,15,adjacent,500,30,32,185,REV,E12,E11,E3,E4,11.246000,277.268000,OK
9,15,adjacent,500,30,32,186,FWD,E11,E12,E4,E5,-1.973000,257.836000,OK
9,15,adjacent,500,30,32,187,REV,E12,E11,E4,E5,3.566000,276.270000,OK
9,15,adjacent,500,30,32,188,FWD,E11,E12,E5,E6,-1.855000,257.637000,OK
9,15,adjacent,500,30,32,189,REV,E12,E11,E5,E6,-0.023000,276.550000,OK
9,15,adjacent,500,30,32,190,FWD,E11,E12,E6,E7,18.527000,258.235000,OK
9,15,adjacent,500,30,32,191,REV,E12,E11,E6,E7,20.203000,276.111000,OK
9,15,adjacent,500,30,32,192,FWD,E11,E12,E7,E8,-0.633000,258.275000,OK
9,15,adjacent,500,30,32,193,REV,E12,E11,E7,E8,2.098000,276.510000,OK
9,15,adjacent,500,30,32,194,FWD,E11,E12,E8,E9,-32.191000,258.794000,OK
9,15,adjacent,500,30,32,195,REV,E12,E11,E8,E9,-26.844000,276.230000,OK
9,15,adjacent,500,30,32,196,FWD,E11,E12,E9,E10,-55.160000,258.634000,OK
9,15,adjacent,500,30,32,197,REV,E12,E11,E9,E10,-23.160000,275.911000,OK
9,15,adjacent,500,30,32,198,FWD,E12,E1,E2,E3,-19.297000,266.136000,OK
9,15,adjacent,500,30,32,199,REV,E1,E12,E2,E3,7.969000,287.682000,OK
9,15,adjacent,500,30,32,200,FWD,E12,E1,E3,E4,4.117000,273.876000,OK
9,15,adjacent,500,30,32,201,REV,E1,E12,E3,E4,13.059000,284.610000,OK
9,15,adjacent,500,30,32,202,FWD,E12,E1,E4,E5,-3.004000,275.073000,OK
9,15,adjacent,500,30,32,203,REV,E1,E12,E4,E5,4.465000,283.492000,OK
9,15,adjacent,500,30,32,204,FWD,E12,E1,E5,E6,-1.988000,276.191000,OK
9,15,adjacent,500,30,32,205,REV,E1,E12,E5,E6,-0.004000,283.812000,OK
9,15,adjacent,500,30,32,206,FWD,E12,E1,E6,E7,18.637000,276.191000,OK
9,15,adjacent,500,30,32,207,REV,E1,E12,E6,E7,20.129000,283.173000,OK
9,15,adjacent,500,30,32,208,FWD,E12,E1,E7,E8,-0.281000,277.108000,OK
9,15,adjacent,500,30,32,209,REV,E1,E12,E7,E8,1.523000,283.413000,OK
9,15,adjacent,500,30,32,210,FWD,E12,E1,E8,E9,-30.844000,276.669000,OK
9,15,adjacent,500,30,32,211,REV,E1,E12,E8,E9,-28.453000,283.133000,OK
9,15,adjacent,500,30,32,212,FWD,E12,E1,E9,E10,-44.281000,276.709000,OK
9,15,adjacent,500,30,32,213,REV,E1,E12,E9,E10,-35.813000,282.654000,OK
9,15,adjacent,500,30,32,214,FWD,E12,E1,E10,E11,7.687000,276.949000,OK
9,15,adjacent,500,30,32,215,REV,E1,E12,E10,E11,38.980000,282.894000,OK
