frame_index,frame_id,pattern,dac_code,settle_ms,sample_count,record_index,polarity,i_plus,i_minus,v_plus,v_minus,voltage_mv,current_ua,quality
0,6,adjacent,400,30,16,0,FWD,E1,E2,E3,E4,18.492000,190.165000,OK
0,6,adjacent,400,30,16,1,REV,E2,E1,E3,E4,21.508000,516.790000,OK
0,6,adjacent,400,30,16,2,FWD,E1,E2,E4,E5,-205.852000,397.408000,OK
0,6,adjacent,400,30,16,3,REV,E2,E1,E4,E5,82.453000,456.939000,OK
0,6,adjacent,400,30,16,4,FWD,E1,E2,E5,E6,63.266000,424.939000,OK
0,6,adjacent,400,30,16,5,REV,E2,E1,E5,E6,-220.953000,445.528000,OK
0,6,adjacent,400,30,16,6,FWD,E1,E2,E6,E7,-45.719000,431.164000,OK
0,6,adjacent,400,30,16,7,REV,E2,E1,E6,E7,-45.258000,442.097000,OK
0,6,adjacent,400,30,16,8,FWD,E1,E2,E7,E8,-31.047000,436.191000,OK
0,6,adjacent,400,30,16,9,REV,E2,E1,E7,E8,-30.664000,441.698000,OK
0,6,adjacent,400,30,16,10,FWD,E1,E2,E8,E9,8.930000,437.947000,OK
0,6,adjacent,400,30,16,11,REV,E2,E1,E8,E9,9.617000,440.580000,OK
0,6,adjacent,400,30,16,12,FWD,E1,E2,E9,E10,17.719000,438.426000,OK
0,6,adjacent,400,30,16,13,REV,E2,E1,E9,E10,18.320000,440.341000,OK
0,6,adjacent,400,30,16,14,FWD,E1,E2,E10,E11,-71.055000,439.224000,OK
0,6,adjacent,400,30,16,15,REV,E2,E1,E10,E11,-83.531000,439.623000,OK
0,6,adjacent,400,30,16,16,FWD,E1,E2,E11,E12,-82.656000,440.500000,OK
0,6,adjacent,400,30,16,17,REV,E2,E1,E11,E12,-89.859000,439.862000,OK
0,6,adjacent,400,30,16,18,FWD,E2,E3,E4,E5,81.813000,275.472000,OK
0,6,adjacent,400,30,16,19,REV,E3,E2,E4,E5,80.328000,530.675000,OK
0,6,adjacent,400,30,16,20,FWD,E2,E3,E5,E6,-254.375000,426.615000,OK
0,6,adjacent,400,30,16,21,REV,E3,E2,E5,E6,53.586000,478.565000,OK
0,6,adjacent,400,30,16,22,FWD,E2,E3,E6,E7,-47.977000,449.757000,OK
0,6,adjacent,400,30,16,23,REV,E3,E2,E6,E7,-47.422000,467.872000,OK
0,6,adjacent,400,30,16,24,FWD,E2,E3,E7,E8,-34.000000,455.742000,OK
0,6,adjacent,400,30,16,25,REV,E3,E2,E7,E8,-33.695000,464.920000,OK
0,6,adjacent,400,30,16,26,FWD,E2,E3,E8,E9,10.500000,459.094000,OK
0,6,adjacent,400,30,16,27,REV,E3,E2,E8,E9,11.109000,464.521000,OK
0,6,adjacent,400,30,16,28,FWD,E2,E3,E9,E10,18.508000,459.493000,OK
0,6,adjacent,400,30,16,29,REV,E3,E2,E9,E10,19.023000,463.403000,OK
0,6,adjacent,400,30,16,30,FWD,E2,E3,E10,E11,-79.680000,459.413000,OK
0,6,adjacent,400,30,16,31,REV,E3,E2,E10,E11,-83.094000,462.526000,OK
0,6,adjacent,400,30,16,32,FWD,E2,E3,E11,E12,-92.016000,460.291000,OK
0,6,adjacent,400,30,16,33,REV,E3,E2,E11,E12,-90.453000,463.244000,OK
0,6,adjacent,400,30,16,34,FWD,E2,E3,E12,E1,65.891000,458.695000,OK
0,6,adjacent,400,30,16,35,REV,E3,E2,E12,E1,67.766000,463.723000,OK
0,6,adjacent,400,30,16,36,FWD,E3,E4,E1,E2,38.641000,276.430000,OK
0,6,adjacent,400,30,16,37,REV,E4,E3,E1,E2,27.328000,542.326000,OK
0,6,adjacent,400,30,16,38,FWD,E3,E4,E5,E6,22.461000,434.037000,OK
0,6,adjacent,400,30,16,39,REV,E4,E3,E5,E6,25.398000,488.620000,OK
0,6,adjacent,400,30,16,40,FWD,E3,E4,E6,E7,-50.234000,456.780000,OK
0,6,adjacent,400,30,16,41,REV,E4,E3,E6,E7,-49.289000,478.406000,OK
0,6,adjacent,400,30,16,42,FWD,E3,E4,E7,E8,-37.234000,463.962000,OK
0,6,adjacent,400,30,16,43,REV,E4,E3,E7,E8,-36.711000,475.373000,OK
0,6,adjacent,400,30,16,44,FWD,E3,E4,E8,E9,12.211000,465.718000,OK
0,6,adjacent,400,30,16,45,REV,E4,E3,E8,E9,12.867000,475.134000,OK
0,6,adjacent,400,30,16,46,FWD,E3,E4,E9,E10,19.336000,466.595000,OK
0,6,adjacent,400,30,16,47,REV,E4,E3,E9,E10,19.750000,474.496000,OK
0,6,adjacent,400,30,16,48,FWD,E3,E4,E10,E11,-76.000000,468.032000,OK
0,6,adjacent,400,30,16,49,REV,E4,E3,E10,E11,-90.281000,472.102000,OK
0,6,adjacent,400,30,16,50,FWD,E3,E4,E11,E12,-92.313000,468.112000,OK
0,6,adjacent,400,30,16,51,REV,E4,E3,E11,E12,-101.219000,474.176000,OK
0,6,adjacent,400,30,16,52,FWD,E3,E4,E12,E1,70.156000,467.074000,OK
0,6,adjacent,400,30,16,53,REV,E4,E3,E12,E1,71.203000,474.735000,OK
0,6,adjacent,400,30,16,54,FWD,E4,E5,E1,E2,2.086000,182.824000,OK
0,6,adjacent,400,30,16,55,REV,E5,E4,E1,E2,2.891000,495.802000,OK
0,6,adjacent,400,30,16,56,FWD,E4,E5,E2,E3,-4.453000,390.785000,OK
0,6,adjacent,400,30,16,57,REV,E5,E4,E2,E3,-8.266000,438.904000,OK
0,6,adjacent,400,30,16,58,FWD,E4,E5,E6,E7,-52.266000,414.565000,OK
0,6,adjacent,400,30,16,59,REV,E5,E4,E6,E7,-50.844000,431.403000,OK
0,6,adjacent,400,30,16,60,FWD,E4,E5,E7,E8,-40.094000,421.029000,OK
0,6,adjacent,400,30,16,61,REV,E5,E4,E7,E8,-39.445000,428.451000,OK
0,6,adjacent,400,30,16,62,FWD,E4,E5,E8,E9,13.898000,422.545000,OK
0,6,adjacent,400,30,16,63,REV,E5,E4,E8,E9,14.563000,425.658000,OK
0,6,adjacent,400,30,16,64,FWD,E4,E5,E9,E10,19.937000,424.620000,OK
0,6,adjacent,400,30,16,65,REV,E5,E4,E9,E10,20.375000,426.934000,OK
0,6,adjacent,400,30,16,66,FWD,E4,E5,E10,E11,-73.289000,425.099000,OK
0,6,adjacent,400,30,16,67,REV,E5,E4,E10,E11,-86.313000,426.535000,OK
0,6,adjacent,400,30,16,68,FWD,E4,E5,E11,E12,-87.625000,426.136000,OK
0,6,adjacent,400,30,16,69,REV,E5,E4,E11,E12,-97.688000,427.014000,OK
0,6,adjacent,400,30,16,70,FWD,E4,E5,E12,E1,75.242000,426.775000,OK
0,6,adjacent,400,30,16,71,REV,E5,E4,E12,E1,76.133000,425.658000,OK
0,6,adjacent,400,30,16,72,FWD,E5,E6,E1,E2,3.844000,162.634000,OK
0,6,adjacent,400,30,16,73,REV,E6,E5,E1,E2,4.437000,521.179000,OK
0,6,adjacent,400,30,16,74,FWD,E5,E6,E2,E3,-2.828000,387.194000,OK
0,6,adjacent,400,30,16,75,REV,E6,E5,E2,E3,-7.484000,456.141000,OK
0,6,adjacent,400,30,16,76,FWD,E5,E6,E3,E4,-10.031000,418.396000,OK
0,6,adjacent,400,30,16,77,REV,E6,E5,E3,E4,-13.523000,442.097000,OK
0,6,adjacent,400,30,16,78,FWD,E5,E6,E7,E8,-42.727000,427.972000,OK
0,6,adjacent,400,30,16,79,REV,E6,E5,E7,E8,-41.148000,437.229000,OK
0,6,adjacent,400,30,16,80,FWD,E5,E6,E8,E9,15.445000,431.882000,OK
0,6,adjacent,400,30,16,81,REV,E6,E5,E8,E9,16.281000,435.473000,OK
0,6,adjacent,400,30,16,82,FWD,E5,E6,E9,E10,20.437000,432.121000,OK
0,6,adjacent,400,30,16,83,REV,E6,E5,E9,E10,20.867000,436.191000,OK
0,6,adjacent,400,30,16,84,FWD,E5,E6,E10,E11,-70.227000,435.313000,OK
0,6,adjacent,400,30,16,85,REV,E6,E5,E10,E11,-74.836000,434.595000,OK
0,6,adjacent,400,30,16,86,FWD,E5,E6,E11,E12,-85.938000,435.872000,OK
0,6,adjacent,400,30,16,87,REV,E6,E5,E11,E12,-85.734000,434.436000,OK
0,6,adjacent,400,30,16,88,FWD,E5,E6,E12,E1,80.156000,436.989000,OK
0,6,adjacent,400,30,16,89,REV,E6,E5,E12,E1,80.891000,435.872000,OK
0,6,adjacent,400,30,16,90,FWD,E6,E7,E1,E2,6.703000,269.328000,OK
0,6,adjacent,400,30,16,91,REV,E7,E6,E1,E2,7.383000,516.471000,OK
0,6,adjacent,400,30,16,92,FWD,E6,E7,E2,E3,96.406000,421.508000,OK
0,6,adjacent,400,30,16,93,REV,E7,E6,E2,E3,-194.242000,466.117000,OK
0,6,adjacent,400,30,16,94,FWD,E6,E7,E3,E4,-7.594000,440.022000,OK
0,6,adjacent,400,30,16,95,REV,E7,E6,E3,E4,-13.039000,457.019000,OK
0,6,adjacent,400,30,16,96,FWD,E6,E7,E4,E5,10.414000,444.411000,OK
0,6,adjacent,400,30,16,97,REV,E7,E6,E4,E5,8.586000,452.790000,OK
0,6,adjacent,400,30,16,98,FWD,E6,E7,E8,E9,16.766000,446.725000,OK
0,6,adjacent,400,30,16,99,REV,E7,E6,E8,E9,18.672000,453.189000,OK
0,6,adjacent,400,30,16,100,FWD,E6,E7,E9,E10,20.711000,448.720000,OK
0,6,adjacent,400,30,16,101,REV,E7,E6,E9,E10,21.477000,453.109000,OK
0,6,adjacent,400,30,16,102,FWD,E6,E7,E10,E11,-43.313000,449.199000,OK
0,6,adjacent,400,30,16,103,REV,E7,E6,E10,E11,-106.219000,452.710000,OK
0,6,adjacent,400,30,16,104,FWD,E6,E7,E11,E12,-57.969000,449.358000,OK
0,6,adjacent,400,30,16,105,REV,E7,E6,E11,E12,-120.031000,453.668000,OK
0,6,adjacent,400,30,16,106,FWD,E6,E7,E12,E1,84.492000,449.757000,OK
0,6,adjacent,400,30,16,107,REV,E7,E6,E12,E1,85.281000,453.189000,OK
0,6,adjacent,400,30,16,108,FWD,E7,E8,E1,E2,9.586000,260.869000,OK
0,6,adjacent,400,30,16,109,REV,E8,E7,E1,E2,10.344000,501.628000,OK
0,6,adjacent,400,30,16,110,FWD,E7,E8,E2,E3,-249.578000,418.475000,OK
0,6,adjacent,400,30,16,111,REV,E8,E7,E2,E3,51.188000,455.423000,OK
0,6,adjacent,400,30,16,112,FWD,E7,E8,E3,E4,89.789000,438.585000,OK
0,6,adjacent,400,30,16,113,REV,E8,E7,E3,E4,-181.930000,446.166000,OK
0,6,adjacent,400,30,16,114,FWD,E7,E8,E4,E5,13.445000,441.378000,OK
0,6,adjacent,400,30,16,115,REV,E8,E7,E4,E5,12.000000,445.528000,OK
0,6,adjacent,400,30,16,116,FWD,E7,E8,E5,E6,-33.281000,443.373000,OK
0,6,adjacent,400,30,16,117,REV,E8,E7,E5,E6,-34.523000,443.533000,OK
0,6,adjacent,400,30,16,118,FWD,E7,E8,E9,E10,20.945000,444.251000,OK
0,6,adjacent,400,30,16,119,REV,E8,E7,E9,E10,22.227000,445.209000,OK
0,6,adjacent,400,30,16,120,FWD,E7,E8,E10,E11,-101.219000,444.969000,OK
0,6,adjacent,400,30,16,121,REV,E8,E7,E10,E11,-59.625000,443.852000,OK
0,6,adjacent,400,30,16,122,FWD,E7,E8,E11,E12,-120.563000,445.209000,OK
0,6,adjacent,400,30,16,123,REV,E8,E7,E11,E12,-69.047000,443.453000,OK
0,6,adjacent,400,30,16,124,FWD,E7,E8,E12,E1,88.305000,444.171000,OK
0,6,adjacent,400,30,16,125,REV,E8,E7,E12,E1,88.992000,445.209000,OK
0,6,adjacent,400,30,16,126,FWD,E8,E9,E1,E2,12.570000,249.777000,OK
0,6,adjacent,400,30,16,127,REV,E9,E8,E1,E2,13.305000,544.960000,OK
0,6,adjacent,400,30,16,128,FWD,E8,E9,E2,E3,28.914000,424.700000,OK
0,6,adjacent,400,30,16,129,REV,E9,E8,E2,E3,29.617000,484.870000,OK
0,6,adjacent,400,30,16,130,FWD,E8,E9,E3,E4,-200.344000,449.678000,OK
0,6,adjacent,400,30,16,131,REV,E9,E8,E3,E4,86.070000,474.735000,OK
0,6,adjacent,400,30,16,132,FWD,E8,E9,E4,E5,15.820000,454.386000,OK
0,6,adjacent,400,30,16,133,REV,E9,E8,E4,E5,14.406000,470.585000,OK
0,6,adjacent,400,30,16,134,FWD,E8,E9,E5,E6,-22.945000,458.137000,OK
0,6,adjacent,400,30,16,135,REV,E9,E8,E5,E6,-24.219000,469.468000,OK
0,6,adjacent,400,30,16,136,FWD,E8,E9,E6,E7,-18.922000,460.371000,OK
0,6,adjacent,400,30,16,137,REV,E9,E8,E6,E7,-18.117000,469.309000,OK
0,6,adjacent,400,30,16,138,FWD,E8,E9,E10,E11,-74.703000,460.451000,OK
0,6,adjacent,400,30,16,139,REV,E9,E8,E10,E11,-73.977000,469.229000,OK
0,6,adjacent,400,30,16,140,FWD,E8,E9,E11,E12,-96.688000,462.605000,OK
0,6,adjacent,400,30,16,141,REV,E9,E8,E11,E12,-89.641000,468.670000,OK
0,6,adjacent,400,30,16,142,FWD,E8,E9,E12,E1,91.555000,464.042000,OK
0,6,adjacent,400,30,16,143,REV,E9,E8,E12,E1,92.469000,469.388000,OK
0,6,adjacent,400,30,16,144,FWD,E9,E10,E1,E2,15.094000,248.659000,OK
0,6,adjacent,400,30,16,145,REV,E10,E9,E1,E2,15.750000,567.464000,OK
0,6,adjacent,400,30,16,146,FWD,E9,E10,E2,E3,6.180000,439.862000,OK
0,6,adjacent,400,30,16,147,REV,E10,E9,E2,E3,8.469000,504.980000,OK
0,6,adjacent,400,30,16,148,FWD,E9,E10,E3,E4,52.383000,469.468000,OK
0,6,adjacent,400,30,16,149,REV,E10,E9,E3,E4,53.789000,492.610000,OK
0,6,adjacent,400,30,16,150,FWD,E9,E10,E4,E5,17.789000,477.289000,OK
0,6,adjacent,400,30,16,151,REV,E10,E9,E4,E5,16.258000,487.503000,OK
0,6,adjacent,400,30,16,152,FWD,E9,E10,E5,E6,-16.016000,481.678000,OK
0,6,adjacent,400,30,16,153,REV,E10,E9,E5,E6,-17.094000,486.466000,OK
0,6,adjacent,400,30,16,154,FWD,E9,E10,E6,E7,-29.187000,482.077000,OK
0,6,adjacent,400,30,16,155,REV,E10,E9,E6,E7,-28.852000,487.264000,OK
0,6,adjacent,400,30,16,156,FWD,E9,E10,E7,E8,-10.586000,484.870000,OK
0,6,adjacent,400,30,16,157,REV,E10,E9,E7,E8,-9.852000,485.748000,OK
0,6,adjacent,400,30,16,158,FWD,E9,E10,E11,E12,-75.594000,484.311000,OK
0,6,adjacent,400,30,16,159,REV,E10,E9,E11,E12,-83.797000,485.109000,OK
0,6,adjacent,400,30,16,160,FWD,E9,E10,E12,E1,94.391000,487.264000,OK
0,6,adjacent,400,30,16,161,REV,E10,E9,E12,E1,95.492000,485.588000,OK
0,6,adjacent,400,30,16,162,FWD,E10,E11,E1,E2,17.156000,271.722000,OK
0,6,adjacent,400,30,16,163,REV,E11,E10,E1,E2,18.203000,554.935000,OK
0,6,adjacent,400,30,16,164,FWD,E10,E11,E2,E3,-0.039000,433.877000,OK
0,6,adjacent,400,30,16,165,REV,E11,E10,E2,E3,2.930000,498.276000,OK
0,6,adjacent,400,30,16,166,FWD,E10,E11,E3,E4,33.625000,461.807000,OK
0,6,adjacent,400,30,16,167,REV,E11,E10,E3,E4,36.672000,487.024000,OK
0,6,adjacent,400,30,16,168,FWD,E10,E11,E4,E5,19.578000,468.910000,OK
0,6,adjacent,400,30,16,169,REV,E11,E10,E4,E5,17.570000,483.194000,OK
0,6,adjacent,400,30,16,170,FWD,E10,E11,E5,E6,-10.234000,473.458000,OK
0,6,adjacent,400,30,16,171,REV,E11,E10,E5,E6,-11.914000,481.279000,OK
0,6,adjacent,400,30,16,172,FWD,E10,E11,E6,E7,-35.211000,475.613000,OK
0,6,adjacent,400,30,16,173,REV,E11,E10,E6,E7,-34.594000,480.082000,OK
0,6,adjacent,400,30,16,174,FWD,E10,E11,E7,E8,-18.984000,476.810000,OK
0,6,adjacent,400,30,16,175,REV,E11,E10,E7,E8,-18.227000,481.039000,OK
0,6,adjacent,400,30,16,176,FWD,E10,E11,E8,E9,-3.633000,476.650000,OK
0,6,adjacent,400,30,16,177,REV,E11,E10,E8,E9,0.008000,480.880000,OK
0,6,adjacent,400,30,16,178,FWD,E10,E11,E12,E1,97.336000,478.645000,OK
0,6,adjacent,400,30,16,179,REV,E11,E10,E12,E1,99.266000,480.082000,OK
0,6,adjacent,400,30,16,180,FWD,E11,E12,E1,E2,18.648000,344.580000,OK
0,6,adjacent,400,30,16,181,REV,E12,E11,E1,E2,20.578000,511.763000,OK
0,6,adjacent,400,30,16,182,FWD,E11,E12,E2,E3,-3.508000,457.977000,OK
0,6,adjacent,400,30,16,183,REV,E12,E11,E2,E3,-0.734000,477.129000,OK
0,6,adjacent,400,30,16,184,FWD,E11,E12,E3,E4,26.250000,469.867000,OK
0,6,adjacent,400,30,16,185,REV,E12,E11,E3,E4,28.516000,471.782000,OK
0,6,adjacent,400,30,16,186,FWD,E11,E12,E4,E5,21.500000,473.139000,OK
0,6,adjacent,400,30,16,187,REV,E12,E11,E4,E5,18.281000,471.383000,OK
0,6,adjacent,400,30,16,188,FWD,E11,E12,E5,E6,-5.797000,474.974000,OK
0,6,adjacent,400,30,16,189,REV,E12,E11,E5,E6,-7.633000,470.984000,OK
0,6,adjacent,400,30,16,190,FWD,E11,E12,E6,E7,-39.359000,475.852000,OK
0,6,adjacent,400,30,16,191,REV,E12,E11,E6,E7,-38.977000,470.585000,OK
0,6,adjacent,400,30,16,192,FWD,E11,E12,E7,E8,-24.023000,476.092000,OK
0,6,adjacent,400,30,16,193,REV,E12,E11,E7,E8,-23.695000,473.059000,OK
0,6,adjacent,400,30,16,194,FWD,E11,E12,E8,E9,5.125000,475.613000,OK
0,6,adjacent,400,30,16,195,REV,E12,E11,E8,E9,6.133000,471.782000,OK
0,6,adjacent,400,30,16,196,FWD,E11,E12,E9,E10,16.937000,476.570000,OK
0,6,adjacent,400,30,16,197,REV,E12,E11,E9,E10,18.164000,473.059000,OK
0,6,adjacent,400,30,16,198,FWD,E12,E1,E2,E3,-5.344000,238.604000,OK
0,6,adjacent,400,30,16,199,REV,E1,E12,E2,E3,-1.805000,549.109000,OK
0,6,adjacent,400,30,16,200,FWD,E12,E1,E3,E4,21.508000,416.480000,OK
0,6,adjacent,400,30,16,201,REV,E1,E12,E3,E4,24.187000,482.556000,OK
0,6,adjacent,400,30,16,202,FWD,E12,E1,E4,E5,85.352000,445.767000,OK
0,6,adjacent,400,30,16,203,REV,E1,E12,E4,E5,-198.648000,467.872000,OK
0,6,adjacent,400,30,16,204,FWD,E12,E1,E5,E6,-1.867000,453.269000,OK
0,6,adjacent,400,30,16,205,REV,E1,E12,E5,E6,-4.805000,465.718000,OK
0,6,adjacent,400,30,16,206,FWD,E12,E1,E6,E7,-42.375000,456.381000,OK
0,6,adjacent,400,30,16,207,REV,E1,E12,E6,E7,-41.883000,465.079000,OK
0,6,adjacent,400,30,16,208,FWD,E12,E1,E7,E8,-27.859000,458.296000,OK
0,6,adjacent,400,30,16,209,REV,E1,E12,E7,E8,-27.578000,464.441000,OK
0,6,adjacent,400,30,16,210,FWD,E12,E1,E8,E9,6.602000,459.972000,OK
0,6,adjacent,400,30,16,211,REV,E1,E12,E8,E9,7.391000,464.042000,OK
0,6,adjacent,400,30,16,212,FWD,E12,E1,E9,E10,16.680000,460.451000,OK
0,6,adjacent,400,30,16,213,REV,E1,E12,E9,E10,17.586000,463.084000,OK
0,6,adjacent,400,30,16,214,FWD,E12,E1,E10,E11,-81.266000,459.733000,OK
0,6,adjacent,400,30,16,215,REV,E1,E12,E10,E11,-83.609000,463.483000,OK
1,7,adjacent,400,30,16,0,FWD,E1,E2,E3,E4,18.078000,190.644000,OK
1,7,adjacent,400,30,16,1,REV,E2,E1,E3,E4,21.078000,515.832000,OK
1,7,adjacent,400,30,16,2,FWD,E1,E2,E4,E5,-206.469000,395.732000,OK
1,7,adjacent,400,30,16,3,REV,E2,E1,E4,E5,81.508000,457.498000,OK
1,7,adjacent,400,30,16,4,FWD,E1,E2,E5,E6,63.242000,423.583000,OK
1,7,adjacent,400,30,16,5,REV,E2,E1,E5,E6,-221.336000,446.007000,OK
1,7,adjacent,400,30,16,6,FWD,E1,E2,E6,E7,-44.742000,432.281000,OK
1,7,adjacent,400,30,16,7,REV,E2,E1,E6,E7,-44.406000,442.256000,OK
1,7,adjacent,400,30,16,8,FWD,E1,E2,E7,E8,-31.234000,436.670000,OK
1,7,adjacent,400,30,16,9,REV,E2,E1,E7,E8,-30.875000,441.458000,OK
1,7,adjacent,400,30,16,10,FWD,E1,E2,E8,E9,8.109000,438.186000,OK
1,7,adjacent,400,30,16,11,REV,E2,E1,E8,E9,8.773000,440.421000,OK
1,7,adjacent,400,30,16,12,FWD,E1,E2,E9,E10,17.453000,438.027000,OK
1,7,adjacent,400,30,16,13,REV,E2,E1,E9,E10,18.016000,440.261000,OK
1,7,adjacent,400,30,16,14,FWD,E1,E2,E10,E11,-65.672000,440.261000,OK
1,7,adjacent,400,30,16,15,REV,E2,E1,E10,E11,-79.281000,439.702000,OK
1,7,adjacent,400,30,16,16,FWD,E1,E2,E11,E12,-78.859000,440.181000,OK
1,7,adjacent,400,30,16,17,REV,E2,E1,E11,E12,-85.359000,441.299000,OK
1,7,adjacent,400,30,16,18,FWD,E2,E3,E4,E5,80.703000,275.393000,OK
1,7,adjacent,400,30,16,19,REV,E3,E2,E4,E5,79.195000,531.154000,OK
1,7,adjacent,400,30,16,20,FWD,E2,E3,E5,E6,-254.609000,427.812000,OK
1,7,adjacent,400,30,16,21,REV,E3,E2,E5,E6,53.789000,478.007000,OK
1,7,adjacent,400,30,16,22,FWD,E2,E3,E6,E7,-47.102000,449.199000,OK
1,7,adjacent,400,30,16,23,REV,E3,E2,E6,E7,-46.445000,468.910000,OK
1,7,adjacent,400,30,16,24,FWD,E2,E3,E7,E8,-34.133000,456.461000,OK
1,7,adjacent,400,30,16,25,REV,E3,E2,E7,E8,-33.836000,465.319000,OK
1,7,adjacent,400,30,16,26,FWD,E2,E3,E8,E9,9.586000,458.137000,OK
1,7,adjacent,400,30,16,27,REV,E3,E2,E8,E9,10.234000,464.122000,OK
1,7,adjacent,400,30,16,28,FWD,E2,E3,E9,E10,18.148000,460.132000,OK
1,7,adjacent,400,30,16,29,REV,E3,E2,E9,E10,18.766000,461.967000,OK
1,7,adjacent,400,30,16,30,FWD,E2,E3,E10,E11,-77.016000,460.371000,OK
1,7,adjacent,400,30,16,31,REV,E3,E2,E10,E11,-80.016000,462.526000,OK
1,7,adjacent,400,30,16,32,FWD,E2,E3,E11,E12,-89.609000,459.014000,OK
1,7,adjacent,400,30,16,33,REV,E3,E2,E11,E12,-86.703000,462.206000,OK
1,7,adjacent,400,30,16,34,FWD,E2,E3,E12,E1,65.477000,461.408000,OK
1,7,adjacent,400,30,16,35,REV,E3,E2,E12,E1,67.383000,462.605000,OK
1,7,adjacent,400,30,16,36,FWD,E3,E4,E1,E2,38.992000,277.547000,OK
1,7,adjacent,400,30,16,37,REV,E4,E3,E1,E2,27.719000,544.720000,OK
1,7,adjacent,400,30,16,38,FWD,E3,E4,E5,E6,22.609000,434.595000,OK
1,7,adjacent,400,30,16,39,REV,E4,E3,E5,E6,25.672000,488.860000,OK
1,7,adjacent,400,30,16,40,FWD,E3,E4,E6,E7,-49.422000,456.780000,OK
1,7,adjacent,400,30,16,41,REV,E4,E3,E6,E7,-48.398000,478.406000,OK
1,7,adjacent,400,30,16,42,FWD,E3,E4,E7,E8,-37.367000,464.521000,OK
1,7,adjacent,400,30,16,43,REV,E4,E3,E7,E8,-36.859000,477.049000,OK
1,7,adjacent,400,30,16,44,FWD,E3,E4,E8,E9,11.250000,465.638000,OK
1,7,adjacent,400,30,16,45,REV,E4,E3,E8,E9,11.906000,475.373000,OK
1,7,adjacent,400,30,16,46,FWD,E3,E4,E9,E10,18.992000,466.755000,OK
1,7,adjacent,400,30,16,47,REV,E4,E3,E9,E10,19.445000,474.575000,OK
1,7,adjacent,400,30,16,48,FWD,E3,E4,E10,E11,-72.422000,467.314000,OK
1,7,adjacent,400,30,16,49,REV,E4,E3,E10,E11,-85.297000,473.378000,OK
1,7,adjacent,400,30,16,50,FWD,E3,E4,E11,E12,-87.781000,468.271000,OK
1,7,adjacent,400,30,16,51,REV,E4,E3,E11,E12,-95.453000,474.895000,OK
1,7,adjacent,400,30,16,52,FWD,E3,E4,E12,E1,69.773000,468.989000,OK
1,7,adjacent,400,30,16,53,REV,E4,E3,E12,E1,70.914000,474.336000,OK
1,7,adjacent,400,30,16,54,FWD,E4,E5,E1,E2,2.211000,185.218000,OK
1,7,adjacent,400,30,16,55,REV,E5,E4,E1,E2,2.984000,496.361000,OK
1,7,adjacent,400,30,16,56,FWD,E4,E5,E2,E3,-3.797000,390.864000,OK
1,7,adjacent,400,30,16,57,REV,E5,E4,E2,E3,-7.594000,439.623000,OK
1,7,adjacent,400,30,16,58,FWD,E4,E5,E6,E7,-51.289000,414.485000,OK
1,7,adjacent,400,30,16,59,REV,E5,E4,E6,E7,-49.734000,430.765000,OK
1,7,adjacent,400,30,16,60,FWD,E4,E5,E7,E8,-40.227000,421.029000,OK
1,7,adjacent,400,30,16,61,REV,E5,E4,E7,E8,-39.555000,428.929000,OK
1,7,adjacent,400,30,16,62,FWD,E4,E5,E8,E9,12.906000,423.423000,OK
1,7,adjacent,400,30,16,63,REV,E5,E4,E8,E9,13.586000,427.094000,OK
1,7,adjacent,400,30,16,64,FWD,E4,E5,E9,E10,19.609000,425.817000,OK
1,7,adjacent,400,30,16,65,REV,E5,E4,E9,E10,20.008000,426.934000,OK
1,7,adjacent,400,30,16,66,FWD,E4,E5,E10,E11,-67.281000,425.977000,OK
1,7,adjacent,400,30,16,67,REV,E5,E4,E10,E11,-85.266000,427.254000,OK
1,7,adjacent,400,30,16,68,FWD,E4,E5,E11,E12,-83.297000,425.099000,OK
1,7,adjacent,400,30,16,69,REV,E5,E4,E11,E12,-93.516000,427.254000,OK
1,7,adjacent,400,30,16,70,FWD,E4,E5,E12,E1,74.891000,428.291000,OK
1,7,adjacent,400,30,16,71,REV,E5,E4,E12,E1,75.820000,427.254000,OK
1,7,adjacent,400,30,16,72,FWD,E5,E6,E1,E2,3.773000,163.512000,OK
1,7,adjacent,400,30,16,73,REV,E6,E5,E1,E2,4.383000,520.541000,OK
1,7,adjacent,400,30,16,74,FWD,E5,E6,E2,E3,-2.023000,388.231000,OK
1,7,adjacent,400,30,16,75,REV,E6,E5,E2,E3,-6.656000,455.822000,OK
1,7,adjacent,400,30,16,76,FWD,E5,E6,E3,E4,-9.898000,418.396000,OK
1,7,adjacent,400,30,16,77,REV,E6,E5,E3,E4,-13.445000,443.054000,OK
1,7,adjacent,400,30,16,78,FWD,E5,E6,E7,E8,-42.828000,428.451000,OK
1,7,adjacent,400,30,16,79,REV,E6,E5,E7,E8,-41.227000,439.144000,OK
1,7,adjacent,400,30,16,80,FWD,E5,E6,E8,E9,14.414000,432.680000,OK
1,7,adjacent,400,30,16,81,REV,E6,E5,E8,E9,15.266000,436.510000,OK
1,7,adjacent,400,30,16,82,FWD,E5,E6,E9,E10,20.094000,433.159000,OK
1,7,adjacent,400,30,16,83,REV,E6,E5,E9,E10,20.602000,436.351000,OK
1,7,adjacent,400,30,16,84,FWD,E5,E6,E10,E11,-65.352000,433.558000,OK
1,7,adjacent,400,30,16,85,REV,E6,E5,E10,E11,-71.125000,435.633000,OK
1,7,adjacent,400,30,16,86,FWD,E5,E6,E11,E12,-80.141000,436.670000,OK
1,7,adjacent,400,30,16,87,REV,E6,E5,E11,E12,-81.984000,434.436000,OK
1,7,adjacent,400,30,16,88,FWD,E5,E6,E12,E1,79.789000,437.867000,OK
1,7,adjacent,400,30,16,89,REV,E6,E5,E12,E1,80.617000,435.234000,OK
1,7,adjacent,400,30,16,90,FWD,E6,E7,E1,E2,6.555000,269.487000,OK
1,7,adjacent,400,30,16,91,REV,E7,E6,E1,E2,7.258000,518.147000,OK
1,7,adjacent,400,30,16,92,FWD,E6,E7,E2,E3,96.648000,418.795000,OK
1,7,adjacent,400,30,16,93,REV,E7,E6,E2,E3,-193.719000,465.239000,OK
1,7,adjacent,400,30,16,94,FWD,E6,E7,E3,E4,-7.602000,439.702000,OK
1,7,adjacent,400,30,16,95,REV,E7,E6,E3,E4,-13.094000,457.259000,OK
1,7,adjacent,400,30,16,96,FWD,E6,E7,E4,E5,10.023000,445.767000,OK
1,7,adjacent,400,30,16,97,REV,E7,E6,E4,E5,8.266000,454.067000,OK
1,7,adjacent,400,30,16,98,FWD,E6,E7,E8,E9,15.680000,449.358000,OK
1,7,adjacent,400,30,16,99,REV,E7,E6,E8,E9,17.617000,453.827000,OK
1,7,adjacent,400,30,16,100,FWD,E6,E7,E9,E10,20.430000,448.720000,OK
1,7,adjacent,400,30,16,101,REV,E7,E6,E9,E10,21.148000,454.386000,OK
1,7,adjacent,400,30,16,102,FWD,E6,E7,E10,E11,-36.930000,449.039000,OK
1,7,adjacent,400,30,16,103,REV,E7,E6,E10,E11,-102.000000,452.550000,OK
1,7,adjacent,400,30,16,104,FWD,E6,E7,E11,E12,-53.500000,450.316000,OK
1,7,adjacent,400,30,16,105,REV,E7,E6,E11,E12,-114.453000,453.588000,OK
1,7,adjacent,400,30,16,106,FWD,E6,E7,E12,E1,84.188000,450.077000,OK
1,7,adjacent,400,30,16,107,REV,E7,E6,E12,E1,85.000000,454.306000,OK
1,7,adjacent,400,30,16,108,FWD,E7,E8,E1,E2,9.414000,261.188000,OK
1,7,adjacent,400,30,16,109,REV,E8,E7,E1,E2,10.164000,501.708000,OK
1,7,adjacent,400,30,16,110,FWD,E7,E8,E2,E3,-248.875000,417.837000,OK
1,7,adjacent,400,30,16,111,REV,E8,E7,E2,E3,51.859000,455.024000,OK
1,7,adjacent,400,30,16,112,FWD,E7,E8,E3,E4,89.500000,437.548000,OK
1,7,adjacent,400,30,16,113,REV,E8,E7,E3,E4,-181.906000,446.406000,OK
1,7,adjacent,400,30,16,114,FWD,E7,E8,E4,E5,13.109000,442.017000,OK
1,7,adjacent,400,30,16,115,REV,E8,E7,E4,E5,11.703000,446.326000,OK
1,7,adjacent,400,30,16,116,FWD,E7,E8,E5,E6,-33.469000,444.331000,OK
1,7,adjacent,400,30,16,117,REV,E8,E7,E5,E6,-34.594000,444.650000,OK
1,7,adjacent,400,30,16,118,FWD,E7,E8,E9,E10,20.594000,444.012000,OK
1,7,adjacent,400,30,16,119,REV,E8,E7,E9,E10,21.969000,444.491000,OK
1,7,adjacent,400,30,16,120,FWD,E7,E8,E10,E11,-98.063000,444.810000,OK
1,7,adjacent,400,30,16,121,REV,E8,E7,E10,E11,-57.945000,444.491000,OK
1,7,adjacent,400,30,16,122,FWD,E7,E8,E11,E12,-118.406000,445.927000,OK
1,7,adjacent,400,30,16,123,REV,E8,E7,E11,E12,-65.117000,445.129000,OK
1,7,adjacent,400,30,16,124,FWD,E7,E8,E12,E1,88.039000,445.368000,OK
1,7,adjacent,400,30,16,125,REV,E8,E7,E12,E1,88.719000,445.368000,OK
1,7,adjacent,400,30,16,126,FWD,E8,E9,E1,E2,12.328000,249.697000,OK
1,7,adjacent,400,30,16,127,REV,E9,E8,E1,E2,13.055000,544.321000,OK
1,7,adjacent,400,30,16,128,FWD,E8,E9,E2,E3,29.617000,423.264000,OK
1,7,adjacent,400,30,16,129,REV,E9,E8,E2,E3,30.172000,483.992000,OK
1,7,adjacent,400,30,16,130,FWD,E8,E9,E3,E4,-200.828000,448.880000,OK
1,7,adjacent,400,30,16,131,REV,E9,E8,E3,E4,85.438000,473.937000,OK
1,7,adjacent,400,30,16,132,FWD,E8,E9,E4,E5,15.477000,455.902000,OK
1,7,adjacent,400,30,16,133,REV,E9,E8,E4,E5,13.938000,471.224000,OK
1,7,adjacent,400,30,16,134,FWD,E8,E9,E5,E6,-23.250000,456.860000,OK
1,7,adjacent,400,30,16,135,REV,E9,E8,E5,E6,-24.461000,469.787000,OK
1,7,adjacent,400,30,16,136,FWD,E8,E9,E6,E7,-18.453000,460.211000,OK
1,7,adjacent,400,30,16,137,REV,E9,E8,E6,E7,-17.617000,467.952000,OK
1,7,adjacent,400,30,16,138,FWD,E8,E9,E10,E11,-72.867000,462.526000,OK
1,7,adjacent,400,30,16,139,REV,E9,E8,E10,E11,-68.734000,467.633000,OK
1,7,adjacent,400,30,16,140,FWD,E8,E9,E11,E12,-92.469000,463.563000,OK
1,7,adjacent,400,30,16,141,REV,E9,E8,E11,E12,-85.422000,470.426000,OK
1,7,adjacent,400,30,16,142,FWD,E8,E9,E12,E1,91.227000,463.004000,OK
1,7,adjacent,400,30,16,143,REV,E9,E8,E12,E1,92.156000,469.708000,OK
1,7,adjacent,400,30,16,144,FWD,E9,E10,E1,E2,14.781000,248.819000,OK
1,7,adjacent,400,30,16,145,REV,E10,E9,E1,E2,15.445000,567.703000,OK
1,7,adjacent,400,30,16,146,FWD,E9,E10,E2,E3,7.070000,441.618000,OK
1,7,adjacent,400,30,16,147,REV,E10,E9,E2,E3,9.297000,504.980000,OK
1,7,adjacent,400,30,16,148,FWD,E9,E10,E3,E4,51.867000,469.708000,OK
1,7,adjacent,400,30,16,149,REV,E10,E9,E3,E4,53.367000,492.211000,OK
1,7,adjacent,400,30,16,150,FWD,E9,E10,E4,E5,17.242000,476.730000,OK
1,7,adjacent,400,30,16,151,REV,E10,E9,E4,E5,15.766000,488.142000,OK
1,7,adjacent,400,30,16,152,FWD,E9,E10,E5,E6,-16.219000,479.363000,OK
1,7,adjacent,400,30,16,153,REV,E10,E9,E5,E6,-17.555000,487.184000,OK
1,7,adjacent,400,30,16,154,FWD,E9,E10,E6,E7,-28.734000,482.077000,OK
1,7,adjacent,400,30,16,155,REV,E10,E9,E6,E7,-28.336000,484.391000,OK
1,7,adjacent,400,30,16,156,FWD,E9,E10,E7,E8,-11.047000,484.870000,OK
1,7,adjacent,400,30,16,157,REV,E10,E9,E7,E8,-10.320000,485.428000,OK
1,7,adjacent,400,30,16,158,FWD,E9,E10,E11,E12,-73.555000,484.231000,OK
1,7,adjacent,400,30,16,159,REV,E10,E9,E11,E12,-81.500000,486.306000,OK
1,7,adjacent,400,30,16,160,FWD,E9,E10,E12,E1,94.141000,486.067000,OK
1,7,adjacent,400,30,16,161,REV,E10,E9,E12,E1,95.203000,485.349000,OK
1,7,adjacent,400,30,16,162,FWD,E10,E11,E1,E2,16.828000,271.961000,OK
1,7,adjacent,400,30,16,163,REV,E11,E10,E1,E2,17.891000,555.733000,OK
1,7,adjacent,400,30,16,164,FWD,E10,E11,E2,E3,0.883000,434.116000,OK
1,7,adjacent,400,30,16,165,REV,E11,E10,E2,E3,3.844000,498.516000,OK
1,7,adjacent,400,30,16,166,FWD,E10,E11,E3,E4,33.211000,462.605000,OK
1,7,adjacent,400,30,16,167,REV,E11,E10,E3,E4,36.273000,486.705000,OK
1,7,adjacent,400,30,16,168,FWD,E10,E11,E4,E5,19.055000,469.468000,OK
1,7,adjacent,400,30,16,169,REV,E11,E10,E4,E5,16.937000,483.433000,OK
1,7,adjacent,400,30,16,170,FWD,E10,E11,E5,E6,-10.734000,473.777000,OK
1,7,adjacent,400,30,16,171,REV,E11,E10,E5,E6,-12.219000,480.162000,OK
1,7,adjacent,400,30,16,172,FWD,E10,E11,E6,E7,-34.445000,475.613000,OK
1,7,adjacent,400,30,16,173,REV,E11,E10,E6,E7,-33.953000,481.359000,OK
1,7,adjacent,400,30,16,174,FWD,E10,E11,E7,E8,-19.422000,476.570000,OK
1,7,adjacent,400,30,16,175,REV,E11,E10,E7,E8,-18.633000,479.762000,OK
1,7,adjacent,400,30,16,176,FWD,E10,E11,E8,E9,-3.891000,479.124000,OK
1,7,adjacent,400,30,16,177,REV,E11,E10,E8,E9,-0.289000,479.762000,OK
1,7,adjacent,400,30,16,178,FWD,E10,E11,E12,E1,97.063000,478.565000,OK
1,7,adjacent,400,30,16,179,REV,E11,E10,E12,E1,98.977000,480.401000,OK
1,7,adjacent,400,30,16,180,FWD,E11,E12,E1,E2,18.273000,344.500000,OK
1,7,adjacent,400,30,16,181,REV,E12,E11,E1,E2,20.203000,510.725000,OK
1,7,adjacent,400,30,16,182,FWD,E11,E12,E2,E3,-2.539000,455.982000,OK
1,7,adjacent,400,30,16,183,REV,E12,E11,E2,E3,0.273000,477.608000,OK
1,7,adjacent,400,30,16,184,FWD,E11,E12,E3,E4,25.922000,470.506000,OK
1,7,adjacent,400,30,16,185,REV,E12,E11,E3,E4,28.156000,471.543000,OK
1,7,adjacent,400,30,16,186,FWD,E11,E12,E4,E5,20.914000,474.895000,OK
1,7,adjacent,400,30,16,187,REV,E12,E11,E4,E5,17.734000,470.665000,OK
1,7,adjacent,400,30,16,188,FWD,E11,E12,E5,E6,-6.234000,474.655000,OK
1,7,adjacent,400,30,16,189,REV,E12,E11,E5,E6,-8.016000,471.224000,OK
1,7,adjacent,400,30,16,190,FWD,E11,E12,E6,E7,-38.609000,475.852000,OK
1,7,adjacent,400,30,16,191,REV,E12,E11,E6,E7,-38.258000,473.538000,OK
1,7,adjacent,400,30,16,192,FWD,E11,E12,E7,E8,-24.391000,476.012000,OK
1,7,adjacent,400,30,16,193,REV,E12,E11,E7,E8,-24.086000,472.181000,OK
1,7,adjacent,400,30,16,194,FWD,E11,E12,E8,E9,4.750000,476.650000,OK
1,7,adjacent,400,30,16,195,REV,E12,E11,E8,E9,5.758000,473.219000,OK
1,7,adjacent,400,30,16,196,FWD,E11,E12,E9,E10,17.164000,476.730000,OK
1,7,adjacent,400,30,16,197,REV,E12,E11,E9,E10,18.430000,474.256000,OK
1,7,adjacent,400,30,16,198,FWD,E12,E1,E2,E3,-4.414000,237.647000,OK
1,7,adjacent,400,30,16,199,REV,E1,E12,E2,E3,-0.773000,549.030000,OK
1,7,adjacent,400,30,16,200,FWD,E12,E1,E3,E4,21.141000,417.358000,OK
1,7,adjacent,400,30,16,201,REV,E1,E12,E3,E4,23.766000,482.795000,OK
1,7,adjacent,400,30,16,202,FWD,E12,E1,E4,E5,84.672000,445.448000,OK
1,7,adjacent,400,30,16,203,REV,E1,E12,E4,E5,-199.008000,469.787000,OK
1,7,adjacent,400,30,16,204,FWD,E12,E1,E5,E6,-2.297000,454.466000,OK
1,7,adjacent,400,30,16,205,REV,E1,E12,E5,E6,-5.227000,465.638000,OK
1,7,adjacent,400,30,16,206,FWD,E12,E1,E6,E7,-41.547000,457.259000,OK
1,7,adjacent,400,30,16,207,REV,E1,E12,E6,E7,-41.016000,464.920000,OK
1,7,adjacent,400,30,16,208,FWD,E12,E1,E7,E8,-28.211000,459.733000,OK
1,7,adjacent,400,30,16,209,REV,E1,E12,E7,E8,-27.937000,464.680000,OK
1,7,adjacent,400,30,16,210,FWD,E12,E1,E8,E9,6.258000,459.733000,OK
1,7,adjacent,400,30,16,211,REV,E1,E12,E8,E9,7.031000,463.483000,OK
1,7,adjacent,400,30,16,212,FWD,E12,E1,E9,E10,17.102000,459.653000,OK
1,7,adjacent,400,30,16,213,REV,E1,E12,E9,E10,17.945000,462.765000,OK
1,7,adjacent,400,30,16,214,FWD,E12,E1,E10,E11,-80.148000,459.653000,OK
1,7,adjacent,400,30,16,215,REV,E1,E12,E10,E11,-81.984000,461.887000,OK
2,8,adjacent,400,30,16,0,FWD,E1,E2,E3,E4,17.602000,192.958000,OK
2,8,adjacent,400,30,16,1,REV,E2,E1,E3,E4,20.602000,516.072000,OK
2,8,adjacent,400,30,16,2,FWD,E1,E2,E4,E5,-207.117000,397.328000,OK
2,8,adjacent,400,30,16,3,REV,E2,E1,E4,E5,80.781000,457.099000,OK
2,8,adjacent,400,30,16,4,FWD,E1,E2,E5,E6,62.773000,426.136000,OK
2,8,adjacent,400,30,16,5,REV,E2,E1,E5,E6,-221.836000,446.087000,OK
2,8,adjacent,400,30,16,6,FWD,E1,E2,E6,E7,-43.945000,433.478000,OK
2,8,adjacent,400,30,16,7,REV,E2,E1,E6,E7,-43.508000,442.336000,OK
2,8,adjacent,400,30,16,8,FWD,E1,E2,E7,E8,-31.547000,436.271000,OK
2,8,adjacent,400,30,16,9,REV,E2,E1,E7,E8,-31.187000,441.378000,OK
2,8,adjacent,400,30,16,10,FWD,E1,E2,E8,E9,7.742000,437.867000,OK
2,8,adjacent,400,30,16,11,REV,E2,E1,E8,E9,8.375000,441.618000,OK
2,8,adjacent,400,30,16,12,FWD,E1,E2,E9,E10,17.836000,438.186000,OK
2,8,adjacent,400,30,16,13,REV,E2,E1,E9,E10,18.437000,440.181000,OK
2,8,adjacent,400,30,16,14,FWD,E1,E2,E10,E11,-66.422000,441.219000,OK
2,8,adjacent,400,30,16,15,REV,E2,E1,E10,E11,-77.984000,439.942000,OK
2,8,adjacent,400,30,16,16,FWD,E1,E2,E11,E12,-78.906000,440.820000,OK
2,8,adjacent,400,30,16,17,REV,E2,E1,E11,E12,-84.844000,441.458000,OK
2,8,adjacent,400,30,16,18,FWD,E2,E3,E4,E5,79.961000,273.717000,OK
2,8,adjacent,400,30,16,19,REV,E3,E2,E4,E5,78.266000,532.271000,OK
2,8,adjacent,400,30,16,20,FWD,E2,E3,E5,E6,-254.672000,427.972000,OK
2,8,adjacent,400,30,16,21,REV,E3,E2,E5,E6,53.914000,478.406000,OK
2,8,adjacent,400,30,16,22,FWD,E2,E3,E6,E7,-46.125000,451.593000,OK
2,8,adjacent,400,30,16,23,REV,E3,E2,E6,E7,-45.617000,468.830000,OK
2,8,adjacent,400,30,16,24,FWD,E2,E3,E7,E8,-34.453000,455.982000,OK
2,8,adjacent,400,30,16,25,REV,E3,E2,E7,E8,-34.148000,464.680000,OK
2,8,adjacent,400,30,16,26,FWD,E2,E3,E8,E9,9.203000,457.658000,OK
2,8,adjacent,400,30,16,27,REV,E3,E2,E8,E9,9.859000,463.962000,OK
2,8,adjacent,400,30,16,28,FWD,E2,E3,E9,E10,18.547000,459.653000,OK
2,8,adjacent,400,30,16,29,REV,E3,E2,E9,E10,19.117000,463.164000,OK
2,8,adjacent,400,30,16,30,FWD,E2,E3,E10,E11,-74.305000,459.653000,OK
2,8,adjacent,400,30,16,31,REV,E3,E2,E10,E11,-78.102000,463.324000,OK
2,8,adjacent,400,30,16,32,FWD,E2,E3,E11,E12,-87.188000,460.930000,OK
2,8,adjacent,400,30,16,33,REV,E3,E2,E11,E12,-84.469000,463.084000,OK
2,8,adjacent,400,30,16,34,FWD,E2,E3,E12,E1,65.070000,460.531000,OK
2,8,adjacent,400,30,16,35,REV,E3,E2,E12,E1,67.031000,463.004000,OK
2,8,adjacent,400,30,16,36,FWD,E3,E4,E1,E2,39.500000,277.308000,OK
2,8,adjacent,400,30,16,37,REV,E4,E3,E1,E2,28.250000,544.481000,OK
2,8,adjacent,400,30,16,38,FWD,E3,E4,E5,E6,22.570000,435.154000,OK
2,8,adjacent,400,30,16,39,REV,E4,E3,E5,E6,25.797000,488.940000,OK
2,8,adjacent,400,30,16,40,FWD,E3,E4,E6,E7,-48.313000,459.094000,OK
2,8,adjacent,400,30,16,41,REV,E4,E3,E6,E7,-47.391000,478.965000,OK
2,8,adjacent,400,30,16,42,FWD,E3,E4,E7,E8,-37.625000,464.361000,OK
2,8,adjacent,400,30,16,43,REV,E4,E3,E7,E8,-37.125000,475.373000,OK
2,8,adjacent,400,30,16,44,FWD,E3,E4,E8,E9,10.875000,467.393000,OK
2,8,adjacent,400,30,16,45,REV,E4,E3,E8,E9,11.508000,474.416000,OK
2,8,adjacent,400,30,16,46,FWD,E3,E4,E9,E10,19.359000,467.872000,OK
2,8,adjacent,400,30,16,47,REV,E4,E3,E9,E10,19.812000,475.533000,OK
2,8,adjacent,400,30,16,48,FWD,E3,E4,E10,E11,-69.984000,468.989000,OK
2,8,adjacent,400,30,16,49,REV,E4,E3,E10,E11,-84.672000,474.735000,OK
2,8,adjacent,400,30,16,50,FWD,E3,E4,E11,E12,-85.375000,470.107000,OK
2,8,adjacent,400,30,16,51,REV,E4,E3,E11,E12,-93.828000,475.214000,OK
2,8,adjacent,400,30,16,52,FWD,E3,E4,E12,E1,69.445000,470.266000,OK
2,8,adjacent,400,30,16,53,REV,E4,E3,E12,E1,70.500000,476.171000,OK
2,8,adjacent,400,30,16,54,FWD,E4,E5,E1,E2,2.531000,185.138000,OK
2,8,adjacent,400,30,16,55,REV,E5,E4,E1,E2,3.305000,495.324000,OK
2,8,adjacent,400,30,16,56,FWD,E4,E5,E2,E3,-3.203000,391.662000,OK
2,8,adjacent,400,30,16,57,REV,E5,E4,E2,E3,-6.961000,439.862000,OK
2,8,adjacent,400,30,16,58,FWD,E4,E5,E6,E7,-50.383000,414.645000,OK
2,8,adjacent,400,30,16,59,REV,E5,E4,E6,E7,-48.898000,431.643000,OK
2,8,adjacent,400,30,16,60,FWD,E4,E5,E7,E8,-40.430000,421.189000,OK
2,8,adjacent,400,30,16,61,REV,E5,E4,E7,E8,-39.813000,429.727000,OK
2,8,adjacent,400,30,16,62,FWD,E4,E5,E8,E9,12.492000,422.306000,OK
2,8,adjacent,400,30,16,63,REV,E5,E4,E8,E9,13.172000,428.291000,OK
2,8,adjacent,400,30,16,64,FWD,E4,E5,E9,E10,19.828000,425.019000,OK
2,8,adjacent,400,30,16,65,REV,E5,E4,E9,E10,20.234000,427.254000,OK
2,8,adjacent,400,30,16,66,FWD,E4,E5,E10,E11,-65.664000,425.259000,OK
2,8,adjacent,400,30,16,67,REV,E5,E4,E10,E11,-82.859000,427.333000,OK
2,8,adjacent,400,30,16,68,FWD,E4,E5,E11,E12,-83.313000,427.413000,OK
2,8,adjacent,400,30,16,69,REV,E5,E4,E11,E12,-91.781000,427.653000,OK
2,8,adjacent,400,30,16,70,FWD,E4,E5,E12,E1,74.563000,427.493000,OK
2,8,adjacent,400,30,16,71,REV,E5,E4,E12,E1,75.477000,428.052000,OK
2,8,adjacent,400,30,16,72,FWD,E5,E6,E1,E2,3.938000,163.991000,OK
2,8,adjacent,400,30,16,73,REV,E6,E5,E1,E2,4.547000,520.940000,OK
2,8,adjacent,400,30,16,74,FWD,E5,E6,E2,E3,-1.312000,387.752000,OK
2,8,adjacent,400,30,16,75,REV,E6,E5,E2,E3,-5.883000,454.944000,OK
2,8,adjacent,400,30,16,76,FWD,E5,E6,E3,E4,-9.773000,419.513000,OK
2,8,adjacent,400,30,16,77,REV,E6,E5,E3,E4,-13.281000,442.974000,OK
2,8,adjacent,400,30,16,78,FWD,E5,E6,E7,E8,-43.047000,429.169000,OK
2,8,adjacent,400,30,16,79,REV,E6,E5,E7,E8,-41.477000,437.628000,OK
2,8,adjacent,400,30,16,80,FWD,E5,E6,E8,E9,13.914000,432.600000,OK
2,8,adjacent,400,30,16,81,REV,E6,E5,E8,E9,14.805000,437.149000,OK
2,8,adjacent,400,30,16,82,FWD,E5,E6,E9,E10,20.125000,435.074000,OK
2,8,adjacent,400,30,16,83,REV,E6,E5,E9,E10,20.539000,436.191000,OK
2,8,adjacent,400,30,16,84,FWD,E5,E6,E10,E11,-64.055000,436.351000,OK
2,8,adjacent,400,30,16,85,REV,E6,E5,E10,E11,-69.813000,435.234000,OK
2,8,adjacent,400,30,16,86,FWD,E5,E6,E11,E12,-79.766000,436.032000,OK
2,8,adjacent,400,30,16,87,REV,E6,E5,E11,E12,-79.109000,435.872000,OK
2,8,adjacent,400,30,16,88,FWD,E5,E6,E12,E1,79.516000,437.867000,OK
2,8,adjacent,400,30,16,89,REV,E6,E5,E12,E1,80.258000,435.074000,OK
2,8,adjacent,400,30,16,90,FWD,E6,E7,E1,E2,6.617000,268.610000,OK
2,8,adjacent,400,30,16,91,REV,E7,E6,E1,E2,7.281000,518.705000,OK
2,8,adjacent,400,30,16,92,FWD,E6,E7,E2,E3,96.891000,418.316000,OK
2,8,adjacent,400,30,16,93,REV,E7,E6,E2,E3,-193.055000,466.436000,OK
2,8,adjacent,400,30,16,94,FWD,E6,E7,E3,E4,-7.398000,439.224000,OK
2,8,adjacent,400,30,16,95,REV,E7,E6,E3,E4,-12.781000,456.301000,OK
2,8,adjacent,400,30,16,96,FWD,E6,E7,E4,E5,9.633000,445.448000,OK
2,8,adjacent,400,30,16,97,REV,E7,E6,E4,E5,7.734000,453.269000,OK
2,8,adjacent,400,30,16,98,FWD,E6,E7,E8,E9,15.172000,448.401000,OK
2,8,adjacent,400,30,16,99,REV,E7,E6,E8,E9,17.094000,453.428000,OK
2,8,adjacent,400,30,16,100,FWD,E6,E7,E9,E10,20.219000,449.119000,OK
2,8,adjacent,400,30,16,101,REV,E7,E6,E9,E10,21.047000,453.827000,OK
2,8,adjacent,400,30,16,102,FWD,E6,E7,E10,E11,-37.750000,449.598000,OK
2,8,adjacent,400,30,16,103,REV,E7,E6,E10,E11,-100.797000,452.550000,OK
2,8,adjacent,400,30,16,104,FWD,E6,E7,E11,E12,-53.609000,449.757000,OK
2,8,adjacent,400,30,16,105,REV,E7,E6,E11,E12,-113.891000,454.146000,OK
2,8,adjacent,400,30,16,106,FWD,E6,E7,E12,E1,83.945000,450.156000,OK
2,8,adjacent,400,30,16,107,REV,E7,E6,E12,E1,84.758000,455.184000,OK
2,8,adjacent,400,30,16,108,FWD,E7,E8,E1,E2,9.344000,259.273000,OK
2,8,adjacent,400,30,16,109,REV,E8,E7,E1,E2,10.070000,502.745000,OK
2,8,adjacent,400,30,16,110,FWD,E7,E8,E2,E3,-248.094000,418.795000,OK
2,8,adjacent,400,30,16,111,REV,E8,E7,E2,E3,52.219000,454.625000,OK
2,8,adjacent,400,30,16,112,FWD,E7,E8,E3,E4,89.555000,438.186000,OK
2,8,adjacent,400,30,16,113,REV,E8,E7,E3,E4,-181.617000,446.486000,OK
2,8,adjacent,400,30,16,114,FWD,E7,E8,E4,E5,12.719000,443.054000,OK
2,8,adjacent,400,30,16,115,REV,E8,E7,E4,E5,11.406000,445.688000,OK
2,8,adjacent,400,30,16,116,FWD,E7,E8,E5,E6,-33.883000,443.294000,OK
2,8,adjacent,400,30,16,117,REV,E8,E7,E5,E6,-34.992000,446.246000,OK
2,8,adjacent,400,30,16,118,FWD,E7,E8,E9,E10,20.352000,443.533000,OK
2,8,adjacent,400,30,16,119,REV,E8,E7,E9,E10,21.664000,443.932000,OK
2,8,adjacent,400,30,16,120,FWD,E7,E8,E10,E11,-98.172000,444.570000,OK
2,8,adjacent,400,30,16,121,REV,E8,E7,E10,E11,-55.594000,444.331000,OK
2,8,adjacent,400,30,16,122,FWD,E7,E8,E11,E12,-114.250000,445.767000,OK
2,8,adjacent,400,30,16,123,REV,E8,E7,E11,E12,-63.180000,445.847000,OK
2,8,adjacent,400,30,16,124,FWD,E7,E8,E12,E1,87.883000,444.890000,OK
2,8,adjacent,400,30,16,125,REV,E8,E7,E12,E1,88.594000,445.608000,OK
2,8,adjacent,400,30,16,126,FWD,E8,E9,E1,E2,12.156000,250.575000,OK
2,8,adjacent,400,30,16,127,REV,E9,E8,E1,E2,12.898000,544.960000,OK
2,8,adjacent,400,30,16,128,FWD,E8,E9,E2,E3,30.203000,424.780000,OK
2,8,adjacent,400,30,16,129,REV,E9,E8,E2,E3,30.820000,484.630000,OK
2,8,adjacent,400,30,16,130,FWD,E8,E9,E3,E4,-200.828000,448.401000,OK
2,8,adjacent,400,30,16,131,REV,E9,E8,E3,E4,85.063000,473.857000,OK
2,8,adjacent,400,30,16,132,FWD,E8,E9,E4,E5,15.086000,455.663000,OK
2,8,adjacent,400,30,16,133,REV,E9,E8,E4,E5,13.602000,471.942000,OK
2,8,adjacent,400,30,16,134,FWD,E8,E9,E5,E6,-23.687000,457.897000,OK
2,8,adjacent,400,30,16,135,REV,E9,E8,E5,E6,-24.820000,469.548000,OK
2,8,adjacent,400,30,16,136,FWD,E8,E9,E6,E7,-18.180000,460.531000,OK
2,8,adjacent,400,30,16,137,REV,E9,E8,E6,E7,-17.375000,469.787000,OK
2,8,adjacent,400,30,16,138,FWD,E8,E9,E10,E11,-70.672000,462.845000,OK
2,8,adjacent,400,30,16,139,REV,E9,E8,E10,E11,-65.563000,468.830000,OK
2,8,adjacent,400,30,16,140,FWD,E8,E9,E11,E12,-91.031000,463.084000,OK
2,8,adjacent,400,30,16,141,REV,E9,E8,E11,E12,-82.969000,470.186000,OK
2,8,adjacent,400,30,16,142,FWD,E8,E9,E12,E1,91.195000,463.882000,OK
2,8,adjacent,400,30,16,143,REV,E9,E8,E12,E1,92.117000,471.064000,OK
2,8,adjacent,400,30,16,144,FWD,E9,E10,E1,E2,14.547000,248.580000,OK
2,8,adjacent,400,30,16,145,REV,E10,E9,E1,E2,15.250000,566.666000,OK
2,8,adjacent,400,30,16,146,FWD,E9,E10,E2,E3,7.492000,440.102000,OK
2,8,adjacent,400,30,16,147,REV,E10,E9,E2,E3,9.789000,503.543000,OK
2,8,adjacent,400,30,16,148,FWD,E9,E10,E3,E4,51.672000,470.426000,OK
2,8,adjacent,400,30,16,149,REV,E10,E9,E3,E4,53.148000,491.094000,OK
2,8,adjacent,400,30,16,150,FWD,E9,E10,E4,E5,16.867000,476.171000,OK
2,8,adjacent,400,30,16,151,REV,E10,E9,E4,E5,15.602000,487.743000,OK
2,8,adjacent,400,30,16,152,FWD,E9,E10,E5,E6,-16.742000,479.922000,OK
2,8,adjacent,400,30,16,153,REV,E10,E9,E5,E6,-17.969000,487.104000,OK
2,8,adjacent,400,30,16,154,FWD,E9,E10,E6,E7,-28.500000,483.034000,OK
2,8,adjacent,400,30,16,155,REV,E10,E9,E6,E7,-28.055000,486.226000,OK
2,8,adjacent,400,30,16,156,FWD,E9,E10,E7,E8,-10.938000,483.194000,OK
2,8,adjacent,400,30,16,157,REV,E10,E9,E7,E8,-10.234000,485.428000,OK
2,8,adjacent,400,30,16,158,FWD,E9,E10,E11,E12,-70.328000,484.152000,OK
2,8,adjacent,400,30,16,159,REV,E10,E9,E11,E12,-79.203000,485.428000,OK
2,8,adjacent,400,30,16,160,FWD,E9,E10,E12,E1,94.109000,485.588000,OK
2,8,adjacent,400,30,16,161,REV,E10,E9,E12,E1,95.273000,485.668000,OK
2,8,adjacent,400,30,16,162,FWD,E10,E11,E1,E2,16.516000,271.961000,OK
2,8,adjacent,400,30,16,163,REV,E11,E10,E1,E2,17.562000,555.892000,OK
2,8,adjacent,400,30,16,164,FWD,E10,E11,E2,E3,1.266000,434.675000,OK
2,8,adjacent,400,30,16,165,REV,E11,E10,E2,E3,4.227000,499.314000,OK
2,8,adjacent,400,30,16,166,FWD,E10,E11,E3,E4,33.086000,461.408000,OK
2,8,adjacent,400,30,16,167,REV,E11,E10,E3,E4,36.203000,485.748000,OK
2,8,adjacent,400,30,16,168,FWD,E10,E11,E4,E5,18.883000,469.708000,OK
2,8,adjacent,400,30,16,169,REV,E11,E10,E4,E5,16.719000,482.077000,OK
2,8,adjacent,400,30,16,170,FWD,E10,E11,E5,E6,-11.172000,473.698000,OK
2,8,adjacent,400,30,16,171,REV,E11,E10,E5,E6,-12.750000,481.199000,OK
2,8,adjacent,400,30,16,172,FWD,E10,E11,E6,E7,-34.297000,477.289000,OK
2,8,adjacent,400,30,16,173,REV,E11,E10,E6,E7,-33.773000,479.443000,OK
2,8,adjacent,400,30,16,174,FWD,E10,E11,E7,E8,-19.227000,476.810000,OK
2,8,adjacent,400,30,16,175,REV,E11,E10,E7,E8,-18.453000,480.481000,OK
2,8,adjacent,400,30,16,176,FWD,E10,E11,E8,E9,-4.719000,477.688000,OK
2,8,adjacent,400,30,16,177,REV,E11,E10,E8,E9,-1.109000,480.082000,OK
2,8,adjacent,400,30,16,178,FWD,E10,E11,E12,E1,97.141000,477.847000,OK
2,8,adjacent,400,30,16,179,REV,E11,E10,E12,E1,99.078000,481.359000,OK
2,8,adjacent,400,30,16,180,FWD,E11,E12,E1,E2,17.906000,344.899000,OK
2,8,adjacent,400,30,16,181,REV,E12,E11,E1,E2,19.820000,512.082000,OK
2,8,adjacent,400,30,16,182,FWD,E11,E12,E2,E3,-2.203000,457.737000,OK
2,8,adjacent,400,30,16,183,REV,E12,E11,E2,E3,0.648000,476.491000,OK
2,8,adjacent,400,30,16,184,FWD,E11,E12,E3,E4,25.883000,471.144000,OK
2,8,adjacent,400,30,16,185,REV,E12,E11,E3,E4,28.250000,471.224000,OK
2,8,adjacent,400,30,16,186,FWD,E11,E12,E4,E5,20.977000,473.299000,OK
2,8,adjacent,400,30,16,187,REV,E12,E11,E4,E5,17.609000,470.825000,OK
2,8,adjacent,400,30,16,188,FWD,E11,E12,E5,E6,-6.781000,474.655000,OK
2,8,adjacent,400,30,16,189,REV,E12,E11,E5,E6,-8.516000,471.862000,OK
2,8,adjacent,400,30,16,190,FWD,E11,E12,E6,E7,-38.414000,476.331000,OK
2,8,adjacent,400,30,16,191,REV,E12,E11,E6,E7,-38.039000,471.862000,OK
2,8,adjacent,400,30,16,192,FWD,E11,E12,E7,E8,-24.094000,476.730000,OK
2,8,adjacent,400,30,16,193,REV,E12,E11,E7,E8,-23.734000,473.139000,OK
2,8,adjacent,400,30,16,194,FWD,E11,E12,E8,E9,3.961000,476.570000,OK
2,8,adjacent,400,30,16,195,REV,E12,E11,E8,E9,4.961000,474.336000,OK
2,8,adjacent,400,30,16,196,FWD,E11,E12,E9,E10,16.953000,477.528000,OK
2,8,adjacent,400,30,16,197,REV,E12,E11,E9,E10,18.273000,474.097000,OK
2,8,adjacent,400,30,16,198,FWD,E12,E1,E2,E3,-4.094000,238.844000,OK
2,8,adjacent,400,30,16,199,REV,E1,E12,E2,E3,-0.531000,549.588000,OK
2,8,adjacent,400,30,16,200,FWD,E12,E1,E3,E4,21.164000,417.677000,OK
2,8,adjacent,400,30,16,201,REV,E1,E12,E3,E4,23.828000,482.077000,OK
2,8,adjacent,400,30,16,202,FWD,E12,E1,E4,E5,84.313000,445.927000,OK
2,8,adjacent,400,30,16,203,REV,E1,E12,E4,E5,-199.320000,469.388000,OK
2,8,adjacent,400,30,16,204,FWD,E12,E1,E5,E6,-2.797000,454.466000,OK
2,8,adjacent,400,30,16,205,REV,E1,E12,E5,E6,-5.727000,464.999000,OK
2,8,adjacent,400,30,16,206,FWD,E12,E1,E6,E7,-41.414000,456.301000,OK
2,8,adjacent,400,30,16,207,REV,E1,E12,E6,E7,-41.055000,463.962000,OK
2,8,adjacent,400,30,16,208,FWD,E12,E1,E7,E8,-27.758000,458.137000,OK
2,8,adjacent,400,30,16,209,REV,E1,E12,E7,E8,-27.477000,465.159000,OK
2,8,adjacent,400,30,16,210,FWD,E12,E1,E8,E9,5.422000,458.535000,OK
2,8,adjacent,400,30,16,211,REV,E1,E12,E8,E9,6.203000,462.605000,OK
2,8,adjacent,400,30,16,212,FWD,E12,E1,E9,E10,16.734000,460.690000,OK
2,8,adjacent,400,30,16,213,REV,E1,E12,E9,E10,17.680000,463.802000,OK
2,8,adjacent,400,30,16,214,FWD,E12,E1,E10,E11,-78.102000,459.892000,OK
2,8,adjacent,400,30,16,215,REV,E1,E12,E10,E11,-79.344000,462.765000,OK
3,9,adjacent,400,30,16,0,FWD,E1,E2,E3,E4,17.711000,192.879000,OK
3,9,adjacent,400,30,16,1,REV,E2,E1,E3,E4,20.773000,517.029000,OK
3,9,adjacent,400,30,16,2,FWD,E1,E2,E4,E5,-207.445000,397.009000,OK
3,9,adjacent,400,30,16,3,REV,E2,E1,E4,E5,80.148000,458.535000,OK
3,9,adjacent,400,30,16,4,FWD,E1,E2,E5,E6,62.273000,425.179000,OK
3,9,adjacent,400,30,16,5,REV,E2,E1,E5,E6,-222.211000,447.124000,OK
3,9,adjacent,400,30,16,6,FWD,E1,E2,E6,E7,-43.984000,433.159000,OK
3,9,adjacent,400,30,16,7,REV,E2,E1,E6,E7,-43.648000,443.054000,OK
3,9,adjacent,400,30,16,8,FWD,E1,E2,E7,E8,-31.000000,436.271000,OK
3,9,adjacent,400,30,16,9,REV,E2,E1,E7,E8,-30.641000,441.538000,OK
3,9,adjacent,400,30,16,10,FWD,E1,E2,E8,E9,6.891000,437.787000,OK
3,9,adjacent,400,30,16,11,REV,E2,E1,E8,E9,7.539000,439.543000,OK
3,9,adjacent,400,30,16,12,FWD,E1,E2,E9,E10,17.523000,438.505000,OK
3,9,adjacent,400,30,16,13,REV,E2,E1,E9,E10,18.125000,439.942000,OK
3,9,adjacent,400,30,16,14,FWD,E1,E2,E10,E11,-62.891000,439.463000,OK
3,9,adjacent,400,30,16,15,REV,E2,E1,E10,E11,-75.336000,440.660000,OK
3,9,adjacent,400,30,16,16,FWD,E1,E2,E11,E12,-75.836000,439.862000,OK
3,9,adjacent,400,30,16,17,REV,E2,E1,E11,E12,-81.078000,439.144000,OK
3,9,adjacent,400,30,16,18,FWD,E2,E3,E4,E5,79.453000,274.595000,OK
3,9,adjacent,400,30,16,19,REV,E3,E2,E4,E5,77.898000,531.473000,OK
3,9,adjacent,400,30,16,20,FWD,E2,E3,E5,E6,-255.109000,428.770000,OK
3,9,adjacent,400,30,16,21,REV,E3,E2,E5,E6,53.617000,478.565000,OK
3,9,adjacent,400,30,16,22,FWD,E2,E3,E6,E7,-46.297000,450.954000,OK
3,9,adjacent,400,30,16,23,REV,E3,E2,E6,E7,-45.688000,468.351000,OK
3,9,adjacent,400,30,16,24,FWD,E2,E3,E7,E8,-33.750000,456.141000,OK
3,9,adjacent,400,30,16,25,REV,E3,E2,E7,E8,-33.445000,464.840000,OK
3,9,adjacent,400,30,16,26,FWD,E2,E3,E8,E9,8.352000,458.695000,OK
3,9,adjacent,400,30,16,27,REV,E3,E2,E8,E9,8.969000,462.925000,OK
3,9,adjacent,400,30,16,28,FWD,E2,E3,E9,E10,18.305000,460.531000,OK
3,9,adjacent,400,30,16,29,REV,E3,E2,E9,E10,18.812000,463.244000,OK
3,9,adjacent,400,30,16,30,FWD,E2,E3,E10,E11,-72.727000,459.972000,OK
3,9,adjacent,400,30,16,31,REV,E3,E2,E10,E11,-75.492000,462.685000,OK
3,9,adjacent,400,30,16,32,FWD,E2,E3,E11,E12,-85.063000,459.493000,OK
3,9,adjacent,400,30,16,33,REV,E3,E2,E11,E12,-82.047000,463.643000,OK
3,9,adjacent,400,30,16,34,FWD,E2,E3,E12,E1,65.031000,460.690000,OK
3,9,adjacent,400,30,16,35,REV,E3,E2,E12,E1,66.992000,464.361000,OK
3,9,adjacent,400,30,16,36,FWD,E3,E4,E1,E2,39.633000,275.712000,OK
3,9,adjacent,400,30,16,37,REV,E4,E3,E1,E2,28.437000,545.279000,OK
3,9,adjacent,400,30,16,38,FWD,E3,E4,E5,E6,22.555000,434.436000,OK
3,9,adjacent,400,30,16,39,REV,E4,E3,E5,E6,25.680000,488.860000,OK
3,9,adjacent,400,30,16,40,FWD,E3,E4,E6,E7,-48.813000,459.014000,OK
3,9,adjacent,400,30,16,41,REV,E4,E3,E6,E7,-47.773000,480.321000,OK
3,9,adjacent,400,30,16,42,FWD,E3,E4,E7,E8,-36.742000,466.196000,OK
3,9,adjacent,400,30,16,43,REV,E4,E3,E7,E8,-36.258000,476.890000,OK
3,9,adjacent,400,30,16,44,FWD,E3,E4,E8,E9,9.977000,467.314000,OK
3,9,adjacent,400,30,16,45,REV,E4,E3,E8,E9,10.602000,474.416000,OK
3,9,adjacent,400,30,16,46,FWD,E3,E4,E9,E10,19.125000,467.792000,OK
3,9,adjacent,400,30,16,47,REV,E4,E3,E9,E10,19.594000,475.772000,OK
3,9,adjacent,400,30,16,48,FWD,E3,E4,E10,E11,-66.977000,468.750000,OK
3,9,adjacent,400,30,16,49,REV,E4,E3,E10,E11,-83.047000,473.937000,OK
3,9,adjacent,400,30,16,50,FWD,E3,E4,E11,E12,-84.266000,469.548000,OK
3,9,adjacent,400,30,16,51,REV,E4,E3,E11,E12,-91.609000,474.735000,OK
3,9,adjacent,400,30,16,52,FWD,E3,E4,E12,E1,69.445000,469.708000,OK
3,9,adjacent,400,30,16,53,REV,E4,E3,E12,E1,70.523000,475.772000,OK
3,9,adjacent,400,30,16,54,FWD,E4,E5,E1,E2,2.602000,185.776000,OK
3,9,adjacent,400,30,16,55,REV,E5,E4,E1,E2,3.375000,495.483000,OK
3,9,adjacent,400,30,16,56,FWD,E4,E5,E2,E3,-3.805000,393.099000,OK
3,9,adjacent,400,30,16,57,REV,E5,E4,E2,E3,-7.555000,440.580000,OK
3,9,adjacent,400,30,16,58,FWD,E4,E5,E6,E7,-50.930000,415.044000,OK
3,9,adjacent,400,30,16,59,REV,E5,E4,E6,E7,-49.422000,432.201000,OK
3,9,adjacent,400,30,16,60,FWD,E4,E5,E7,E8,-39.430000,421.268000,OK
3,9,adjacent,400,30,16,61,REV,E5,E4,E7,E8,-38.758000,427.732000,OK
3,9,adjacent,400,30,16,62,FWD,E4,E5,E8,E9,11.586000,423.742000,OK
3,9,adjacent,400,30,16,63,REV,E5,E4,E8,E9,12.266000,429.249000,OK
3,9,adjacent,400,30,16,64,FWD,E4,E5,E9,E10,19.742000,427.094000,OK
3,9,adjacent,400,30,16,65,REV,E5,E4,E9,E10,20.156000,428.929000,OK
3,9,adjacent,400,30,16,66,FWD,E4,E5,E10,E11,-63.180000,428.530000,OK
3,9,adjacent,400,30,16,67,REV,E5,E4,E10,E11,-79.578000,428.451000,OK
3,9,adjacent,400,30,16,68,FWD,E4,E5,E11,E12,-80.656000,427.333000,OK
3,9,adjacent,400,30,16,69,REV,E5,E4,E11,E12,-89.219000,427.413000,OK
3,9,adjacent,400,30,16,70,FWD,E4,E5,E12,E1,74.641000,428.929000,OK
3,9,adjacent,400,30,16,71,REV,E5,E4,E12,E1,75.531000,429.249000,OK
3,9,adjacent,400,30,16,72,FWD,E5,E6,E1,E2,3.906000,163.671000,OK
3,9,adjacent,400,30,16,73,REV,E6,E5,E1,E2,4.484000,520.860000,OK
3,9,adjacent,400,30,16,74,FWD,E5,E6,E2,E3,-2.016000,387.752000,OK
3,9,adjacent,400,30,16,75,REV,E6,E5,E2,E3,-6.586000,455.503000,OK
3,9,adjacent,400,30,16,76,FWD,E5,E6,E3,E4,-9.570000,419.433000,OK
3,9,adjacent,400,30,16,77,REV,E6,E5,E3,E4,-13.078000,442.416000,OK
3,9,adjacent,400,30,16,78,FWD,E5,E6,E7,E8,-41.883000,429.648000,OK
3,9,adjacent,400,30,16,79,REV,E6,E5,E7,E8,-40.266000,438.266000,OK
3,9,adjacent,400,30,16,80,FWD,E5,E6,E8,E9,13.063000,432.121000,OK
3,9,adjacent,400,30,16,81,REV,E6,E5,E8,E9,13.922000,436.111000,OK
3,9,adjacent,400,30,16,82,FWD,E5,E6,E9,E10,20.242000,434.994000,OK
3,9,adjacent,400,30,16,83,REV,E6,E5,E9,E10,20.695000,435.074000,OK
3,9,adjacent,400,30,16,84,FWD,E5,E6,E10,E11,-64.211000,435.712000,OK
3,9,adjacent,400,30,16,85,REV,E6,E5,E10,E11,-68.078000,435.234000,OK
3,9,adjacent,400,30,16,86,FWD,E5,E6,E11,E12,-76.602000,436.510000,OK
3,9,adjacent,400,30,16,87,REV,E6,E5,E11,E12,-75.008000,435.553000,OK
3,9,adjacent,400,30,16,88,FWD,E5,E6,E12,E1,79.633000,436.830000,OK
3,9,adjacent,400,30,16,89,REV,E6,E5,E12,E1,80.414000,435.633000,OK
3,9,adjacent,400,30,16,90,FWD,E6,E7,E1,E2,6.453000,269.088000,OK
3,9,adjacent,400,30,16,91,REV,E7,E6,E1,E2,7.133000,517.987000,OK
3,9,adjacent,400,30,16,92,FWD,E6,E7,E2,E3,96.781000,418.715000,OK
3,9,adjacent,400,30,16,93,REV,E7,E6,E2,E3,-193.312000,466.436000,OK
3,9,adjacent,400,30,16,94,FWD,E6,E7,E3,E4,-7.086000,441.139000,OK
3,9,adjacent,400,30,16,95,REV,E7,E6,E3,E4,-12.563000,456.381000,OK
3,9,adjacent,400,30,16,96,FWD,E6,E7,E4,E5,9.555000,446.166000,OK
3,9,adjacent,400,30,16,97,REV,E7,E6,E4,E5,7.437000,452.790000,OK
3,9,adjacent,400,30,16,98,FWD,E6,E7,E8,E9,14.398000,446.565000,OK
3,9,adjacent,400,30,16,99,REV,E7,E6,E8,E9,16.281000,454.386000,OK
3,9,adjacent,400,30,16,100,FWD,E6,E7,E9,E10,20.555000,449.119000,OK
3,9,adjacent,400,30,16,101,REV,E7,E6,E9,E10,21.344000,453.109000,OK
3,9,adjacent,400,30,16,102,FWD,E6,E7,E10,E11,-31.625000,450.236000,OK
3,9,adjacent,400,30,16,103,REV,E7,E6,E10,E11,-96.672000,452.231000,OK
3,9,adjacent,400,30,16,104,FWD,E6,E7,E11,E12,-50.023000,449.678000,OK
3,9,adjacent,400,30,16,105,REV,E7,E6,E11,E12,-110.438000,453.907000,OK
3,9,adjacent,400,30,16,106,FWD,E6,E7,E12,E1,84.109000,450.795000,OK
3,9,adjacent,400,30,16,107,REV,E7,E6,E12,E1,84.906000,453.029000,OK
3,9,adjacent,400,30,16,108,FWD,E7,E8,E1,E2,9.117000,261.427000,OK
3,9,adjacent,400,30,16,109,REV,E8,E7,E1,E2,9.820000,502.665000,OK
3,9,adjacent,400,30,16,110,FWD,E7,E8,E2,E3,-247.984000,418.795000,OK
3,9,adjacent,400,30,16,111,REV,E8,E7,E2,E3,52.258000,454.067000,OK
3,9,adjacent,400,30,16,112,FWD,E7,E8,E3,E4,89.391000,438.426000,OK
3,9,adjacent,400,30,16,113,REV,E8,E7,E3,E4,-181.641000,447.363000,OK
3,9,adjacent,400,30,16,114,FWD,E7,E8,E4,E5,12.727000,441.299000,OK
3,9,adjacent,400,30,16,115,REV,E8,E7,E4,E5,11.180000,445.129000,OK
3,9,adjacent,400,30,16,116,FWD,E7,E8,E5,E6,-33.992000,444.491000,OK
3,9,adjacent,400,30,16,117,REV,E8,E7,E5,E6,-35.164000,444.411000,OK
3,9,adjacent,400,30,16,118,FWD,E7,E8,E9,E10,20.844000,444.411000,OK
3,9,adjacent,400,30,16,119,REV,E8,E7,E9,E10,22.148000,444.650000,OK
3,9,adjacent,400,30,16,120,FWD,E7,E8,E10,E11,-95.922000,445.368000,OK
3,9,adjacent,400,30,16,121,REV,E8,E7,E10,E11,-54.961000,445.209000,OK
3,9,adjacent,400,30,16,122,FWD,E7,E8,E11,E12,-111.281000,446.246000,OK
3,9,adjacent,400,30,16,123,REV,E8,E7,E11,E12,-60.219000,444.411000,OK
3,9,adjacent,400,30,16,124,FWD,E7,E8,E12,E1,88.055000,444.171000,OK
3,9,adjacent,400,30,16,125,REV,E8,E7,E12,E1,88.742000,445.129000,OK
3,9,adjacent,400,30,16,126,FWD,E8,E9,E1,E2,11.875000,251.851000,OK
3,9,adjacent,400,30,16,127,REV,E9,E8,E1,E2,12.617000,544.880000,OK
3,9,adjacent,400,30,16,128,FWD,E8,E9,E2,E3,30.102000,425.179000,OK
3,9,adjacent,400,30,16,129,REV,E9,E8,E2,E3,30.609000,485.189000,OK
3,9,adjacent,400,30,16,130,FWD,E8,E9,E3,E4,-200.875000,448.560000,OK
3,9,adjacent,400,30,16,131,REV,E9,E8,E3,E4,84.688000,473.698000,OK
3,9,adjacent,400,30,16,132,FWD,E8,E9,E4,E5,14.961000,456.381000,OK
3,9,adjacent,400,30,16,133,REV,E9,E8,E4,E5,13.516000,470.346000,OK
3,9,adjacent,400,30,16,134,FWD,E8,E9,E5,E6,-23.836000,458.695000,OK
3,9,adjacent,400,30,16,135,REV,E9,E8,E5,E6,-25.195000,469.628000,OK
3,9,adjacent,400,30,16,136,FWD,E8,E9,E6,E7,-18.359000,461.488000,OK
3,9,adjacent,400,30,16,137,REV,E9,E8,E6,E7,-17.508000,471.383000,OK
3,9,adjacent,400,30,16,138,FWD,E8,E9,E10,E11,-65.320000,461.009000,OK
3,9,adjacent,400,30,16,139,REV,E9,E8,E10,E11,-63.289000,469.069000,OK
3,9,adjacent,400,30,16,140,FWD,E8,E9,E11,E12,-86.266000,462.446000,OK
3,9,adjacent,400,30,16,141,REV,E9,E8,E11,E12,-78.234000,469.708000,OK
3,9,adjacent,400,30,16,142,FWD,E8,E9,E12,E1,91.375000,464.122000,OK
3,9,adjacent,400,30,16,143,REV,E9,E8,E12,E1,92.266000,470.266000,OK
3,9,adjacent,400,30,16,144,FWD,E9,E10,E1,E2,14.219000,248.580000,OK
3,9,adjacent,400,30,16,145,REV,E10,E9,E1,E2,14.906000,566.985000,OK
3,9,adjacent,400,30,16,146,FWD,E9,E10,E2,E3,7.289000,442.097000,OK
3,9,adjacent,400,30,16,147,REV,E10,E9,E2,E3,9.523000,503.862000,OK
3,9,adjacent,400,30,16,148,FWD,E9,E10,E3,E4,51.234000,468.351000,OK
3,9,adjacent,400,30,16,149,REV,E10,E9,E3,E4,52.750000,492.052000,OK
3,9,adjacent,400,30,16,150,FWD,E9,E10,E4,E5,16.805000,476.650000,OK
3,9,adjacent,400,30,16,151,REV,E10,E9,E4,E5,15.320000,489.339000,OK
3,9,adjacent,400,30,16,152,FWD,E9,E10,E5,E6,-17.094000,479.683000,OK
3,9,adjacent,400,30,16,153,REV,E10,E9,E5,E6,-18.281000,485.668000,OK
3,9,adjacent,400,30,16,154,FWD,E9,E10,E6,E7,-28.734000,483.832000,OK
3,9,adjacent,400,30,16,155,REV,E10,E9,E6,E7,-28.445000,485.827000,OK
3,9,adjacent,400,30,16,156,FWD,E9,E10,E7,E8,-10.633000,485.029000,OK
3,9,adjacent,400,30,16,157,REV,E10,E9,E7,E8,-9.898000,485.668000,OK
3,9,adjacent,400,30,16,158,FWD,E9,E10,E11,E12,-66.195000,485.109000,OK
3,9,adjacent,400,30,16,159,REV,E10,E9,E11,E12,-73.531000,483.832000,OK
3,9,adjacent,400,30,16,160,FWD,E9,E10,E12,E1,94.242000,485.827000,OK
3,9,adjacent,400,30,16,161,REV,E10,E9,E12,E1,95.414000,484.551000,OK
3,9,adjacent,400,30,16,162,FWD,E10,E11,E1,E2,16.250000,271.881000,OK
3,9,adjacent,400,30,16,163,REV,E11,E10,E1,E2,17.266000,555.733000,OK
3,9,adjacent,400,30,16,164,FWD,E10,E11,E2,E3,0.883000,435.234000,OK
3,9,adjacent,400,30,16,165,REV,E11,E10,E2,E3,3.875000,498.755000,OK
3,9,adjacent,400,30,16,166,FWD,E10,E11,E3,E4,32.680000,459.972000,OK
3,9,adjacent,400,30,16,167,REV,E11,E10,E3,E4,35.820000,486.865000,OK
3,9,adjacent,400,30,16,168,FWD,E10,E11,E4,E5,18.609000,470.426000,OK
3,9,adjacent,400,30,16,169,REV,E11,E10,E4,E5,16.430000,481.359000,OK
3,9,adjacent,400,30,16,170,FWD,E10,E11,E5,E6,-11.469000,473.698000,OK
3,9,adjacent,400,30,16,171,REV,E11,E10,E5,E6,-13.234000,480.800000,OK
3,9,adjacent,400,30,16,172,FWD,E10,E11,E6,E7,-34.805000,476.411000,OK
3,9,adjacent,400,30,16,173,REV,E11,E10,E6,E7,-34.266000,479.523000,OK
3,9,adjacent,400,30,16,174,FWD,E10,E11,E7,E8,-18.711000,477.129000,OK
3,9,adjacent,400,30,16,175,REV,E11,E10,E7,E8,-17.914000,480.720000,OK
3,9,adjacent,400,30,16,176,FWD,E10,E11,E8,E9,-4.422000,476.890000,OK
3,9,adjacent,400,30,16,177,REV,E11,E10,E8,E9,-0.828000,481.917000,OK
3,9,adjacent,400,30,16,178,FWD,E10,E11,E12,E1,97.156000,478.246000,OK
3,9,adjacent,400,30,16,179,REV,E11,E10,E12,E1,99.156000,481.758000,OK
3,9,adjacent,400,30,16,180,FWD,E11,E12,E1,E2,17.617000,343.463000,OK
3,9,adjacent,400,30,16,181,REV,E12,E11,E1,E2,19.531000,511.922000,OK
3,9,adjacent,400,30,16,182,FWD,E11,E12,E2,E3,-2.609000,457.817000,OK
3,9,adjacent,400,30,16,183,REV,E12,E11,E2,E3,0.187000,475.852000,OK
3,9,adjacent,400,30,16,184,FWD,E11,E12,E3,E4,25.445000,470.426000,OK
3,9,adjacent,400,30,16,185,REV,E12,E11,E3,E4,27.742000,470.745000,OK
3,9,adjacent,400,30,16,186,FWD,E11,E12,E4,E5,20.539000,474.655000,OK
3,9,adjacent,400,30,16,187,REV,E12,E11,E4,E5,17.187000,469.947000,OK
3,9,adjacent,400,30,16,188,FWD,E11,E12,E5,E6,-6.969000,474.895000,OK
3,9,adjacent,400,30,16,189,REV,E12,E11,E5,E6,-8.805000,471.383000,OK
3,9,adjacent,400,30,16,190,FWD,E11,E12,E6,E7,-39.000000,475.772000,OK
3,9,adjacent,400,30,16,191,REV,E12,E11,E6,E7,-38.633000,472.501000,OK
3,9,adjacent,400,30,16,192,FWD,E11,E12,E7,E8,-23.453000,476.730000,OK
3,9,adjacent,400,30,16,193,REV,E12,E11,E7,E8,-23.125000,472.740000,OK
3,9,adjacent,400,30,16,194,FWD,E11,E12,E8,E9,4.102000,476.092000,OK
3,9,adjacent,400,30,16,195,REV,E12,E11,E8,E9,5.133000,473.777000,OK
3,9,adjacent,400,30,16,196,FWD,E11,E12,E9,E10,17.234000,476.491000,OK
3,9,adjacent,400,30,16,197,REV,E12,E11,E9,E10,18.492000,473.937000,OK
3,9,adjacent,400,30,16,198,FWD,E12,E1,E2,E3,-4.602000,237.727000,OK
3,9,adjacent,400,30,16,199,REV,E1,E12,E2,E3,-1.023000,548.790000,OK
3,9,adjacent,400,30,16,200,FWD,E12,E1,E3,E4,20.797000,417.997000,OK
3,9,adjacent,400,30,16,201,REV,E1,E12,E3,E4,23.461000,482.715000,OK
3,9,adjacent,400,30,16,202,FWD,E12,E1,E4,E5,83.773000,445.767000,OK
3,9,adjacent,400,30,16,203,REV,E1,E12,E4,E5,-199.602000,471.064000,OK
3,9,adjacent,400,30,16,204,FWD,E12,E1,E5,E6,-3.336000,453.269000,OK
3,9,adjacent,400,30,16,205,REV,E1,E12,E5,E6,-6.117000,466.356000,OK
3,9,adjacent,400,30,16,206,FWD,E12,E1,E6,E7,-42.016000,456.700000,OK
3,9,adjacent,400,30,16,207,REV,E1,E12,E6,E7,-41.633000,464.840000,OK
3,9,adjacent,400,30,16,208,FWD,E12,E1,E7,E8,-27.055000,457.817000,OK
3,9,adjacent,400,30,16,209,REV,E1,E12,E7,E8,-26.758000,464.281000,OK
3,9,adjacent,400,30,16,210,FWD,E12,E1,E8,E9,5.555000,460.211000,OK
3,9,adjacent,400,30,16,211,REV,E1,E12,E8,E9,6.336000,463.483000,OK
3,9,adjacent,400,30,16,212,FWD,E12,E1,E9,E10,17.094000,461.169000,OK
3,9,adjacent,400,30,16,213,REV,E1,E12,E9,E10,17.977000,462.765000,OK
3,9,adjacent,400,30,16,214,FWD,E12,E1,E10,E11,-74.781000,459.653000,OK
3,9,adjacent,400,30,16,215,REV,E1,E12,E10,E11,-75.594000,462.765000,OK
4,10,adjacent,400,30,16,0,FWD,E1,E2,E3,E4,17.453000,193.118000,OK
4,10,adjacent,400,30,16,1,REV,E2,E1,E3,E4,20.437000,514.715000,OK
4,10,adjacent,400,30,16,2,FWD,E1,E2,E4,E5,-208.125000,397.248000,OK
4,10,adjacent,400,30,16,3,REV,E2,E1,E4,E5,79.469000,456.860000,OK
4,10,adjacent,400,30,16,4,FWD,E1,E2,E5,E6,61.945000,425.099000,OK
4,10,adjacent,400,30,16,5,REV,E2,E1,E5,E6,-222.805000,447.124000,OK
4,10,adjacent,400,30,16,6,FWD,E1,E2,E6,E7,-44.586000,431.563000,OK
4,10,adjacent,400,30,16,7,REV,E2,E1,E6,E7,-44.289000,443.772000,OK
4,10,adjacent,400,30,16,8,FWD,E1,E2,E7,E8,-30.203000,436.271000,OK
4,10,adjacent,400,30,16,9,REV,E2,E1,E7,E8,-29.852000,440.181000,OK
4,10,adjacent,400,30,16,10,FWD,E1,E2,E8,E9,7.023000,439.144000,OK
4,10,adjacent,400,30,16,11,REV,E2,E1,E8,E9,7.680000,440.660000,OK
4,10,adjacent,400,30,16,12,FWD,E1,E2,E9,E10,17.734000,440.102000,OK
4,10,adjacent,400,30,16,13,REV,E2,E1,E9,E10,18.281000,440.580000,OK
4,10,adjacent,400,30,16,14,FWD,E1,E2,E10,E11,-60.719000,440.500000,OK
4,10,adjacent,400,30,16,15,REV,E2,E1,E10,E11,-70.742000,440.421000,OK
4,10,adjacent,400,30,16,16,FWD,E1,E2,E11,E12,-70.797000,439.303000,OK
4,10,adjacent,400,30,16,17,REV,E2,E1,E11,E12,-77.211000,440.181000,OK
4,10,adjacent,400,30,16,18,FWD,E2,E3,E4,E5,78.570000,273.956000,OK
4,10,adjacent,400,30,16,19,REV,E3,E2,E4,E5,77.195000,531.314000,OK
4,10,adjacent,400,30,16,20,FWD,E2,E3,E5,E6,-255.594000,428.610000,OK
4,10,adjacent,400,30,16,21,REV,E3,E2,E5,E6,53.328000,478.326000,OK
4,10,adjacent,400,30,16,22,FWD,E2,E3,E6,E7,-47.039000,449.518000,OK
4,10,adjacent,400,30,16,23,REV,E3,E2,E6,E7,-46.430000,467.872000,OK
4,10,adjacent,400,30,16,24,FWD,E2,E3,E7,E8,-32.977000,456.461000,OK
4,10,adjacent,400,30,16,25,REV,E3,E2,E7,E8,-32.648000,466.117000,OK
4,10,adjacent,400,30,16,26,FWD,E2,E3,E8,E9,8.406000,458.057000,OK
4,10,adjacent,400,30,16,27,REV,E3,E2,E8,E9,9.055000,462.685000,OK
4,10,adjacent,400,30,16,28,FWD,E2,E3,E9,E10,18.266000,460.132000,OK
4,10,adjacent,400,30,16,29,REV,E3,E2,E9,E10,18.789000,464.042000,OK
4,10,adjacent,400,30,16,30,FWD,E2,E3,E10,E11,-65.492000,458.775000,OK
4,10,adjacent,400,30,16,31,REV,E3,E2,E10,E11,-67.867000,463.004000,OK
4,10,adjacent,400,30,16,32,FWD,E2,E3,E11,E12,-80.125000,460.291000,OK
4,10,adjacent,400,30,16,33,REV,E3,E2,E11,E12,-75.844000,463.643000,OK
4,10,adjacent,400,30,16,34,FWD,E2,E3,E12,E1,64.695000,461.967000,OK
4,10,adjacent,400,30,16,35,REV,E3,E2,E12,E1,66.609000,462.685000,OK
4,10,adjacent,400,30,16,36,FWD,E3,E4,E1,E2,40.070000,277.467000,OK
4,10,adjacent,400,30,16,37,REV,E4,E3,E1,E2,28.875000,546.556000,OK
4,10,adjacent,400,30,16,38,FWD,E3,E4,E5,E6,22.242000,435.872000,OK
4,10,adjacent,400,30,16,39,REV,E4,E3,E5,E6,25.484000,490.536000,OK
4,10,adjacent,400,30,16,40,FWD,E3,E4,E6,E7,-49.305000,459.812000,OK
4,10,adjacent,400,30,16,41,REV,E4,E3,E6,E7,-48.297000,480.002000,OK
4,10,adjacent,400,30,16,42,FWD,E3,E4,E7,E8,-35.992000,464.281000,OK
4,10,adjacent,400,30,16,43,REV,E4,E3,E7,E8,-35.461000,475.294000,OK
4,10,adjacent,400,30,16,44,FWD,E3,E4,E8,E9,9.984000,467.473000,OK
4,10,adjacent,400,30,16,45,REV,E4,E3,E8,E9,10.625000,475.453000,OK
4,10,adjacent,400,30,16,46,FWD,E3,E4,E9,E10,18.883000,467.952000,OK
4,10,adjacent,400,30,16,47,REV,E4,E3,E9,E10,19.320000,475.772000,OK
4,10,adjacent,400,30,16,48,FWD,E3,E4,E10,E11,-63.398000,468.511000,OK
4,10,adjacent,400,30,16,49,REV,E4,E3,E10,E11,-79.516000,473.937000,OK
4,10,adjacent,400,30,16,50,FWD,E3,E4,E11,E12,-80.156000,470.266000,OK
4,10,adjacent,400,30,16,51,REV,E4,E3,E11,E12,-86.219000,475.134000,OK
4,10,adjacent,400,30,16,52,FWD,E3,E4,E12,E1,69.031000,470.186000,OK
4,10,adjacent,400,30,16,53,REV,E4,E3,E12,E1,70.125000,475.932000,OK
4,10,adjacent,400,30,16,54,FWD,E4,E5,E1,E2,2.992000,186.096000,OK
4,10,adjacent,400,30,16,55,REV,E5,E4,E1,E2,3.750000,496.441000,OK
4,10,adjacent,400,30,16,56,FWD,E4,E5,E2,E3,-4.320000,391.263000,OK
4,10,adjacent,400,30,16,57,REV,E5,E4,E2,E3,-8.195000,440.102000,OK
4,10,adjacent,400,30,16,58,FWD,E4,E5,E6,E7,-51.375000,416.161000,OK
4,10,adjacent,400,30,16,59,REV,E5,E4,E6,E7,-49.828000,433.318000,OK
4,10,adjacent,400,30,16,60,FWD,E4,E5,E7,E8,-38.703000,422.545000,OK
4,10,adjacent,400,30,16,61,REV,E5,E4,E7,E8,-38.008000,430.845000,OK
4,10,adjacent,400,30,16,62,FWD,E4,E5,E8,E9,11.500000,424.062000,OK
4,10,adjacent,400,30,16,63,REV,E5,E4,E8,E9,12.164000,428.052000,OK
4,10,adjacent,400,30,16,64,FWD,E4,E5,E9,E10,19.375000,426.216000,OK
4,10,adjacent,400,30,16,65,REV,E5,E4,E9,E10,19.844000,428.451000,OK
4,10,adjacent,400,30,16,66,FWD,E4,E5,E10,E11,-61.727000,425.179000,OK
4,10,adjacent,400,30,16,67,REV,E5,E4,E10,E11,-76.883000,428.610000,OK
4,10,adjacent,400,30,16,68,FWD,E4,E5,E11,E12,-75.063000,428.211000,OK
4,10,adjacent,400,30,16,69,REV,E5,E4,E11,E12,-85.516000,429.249000,OK
4,10,adjacent,400,30,16,70,FWD,E4,E5,E12,E1,74.219000,428.371000,OK
4,10,adjacent,400,30,16,71,REV,E5,E4,E12,E1,75.125000,429.568000,OK
4,10,adjacent,400,30,16,72,FWD,E5,E6,E1,E2,4.250000,163.831000,OK
4,10,adjacent,400,30,16,73,REV,E6,E5,E1,E2,4.828000,522.775000,OK
4,10,adjacent,400,30,16,74,FWD,E5,E6,E2,E3,-2.430000,389.029000,OK
4,10,adjacent,400,30,16,75,REV,E6,E5,E2,E3,-7.062000,454.625000,OK
4,10,adjacent,400,30,16,76,FWD,E5,E6,E3,E4,-9.648000,420.071000,OK
4,10,adjacent,400,30,16,77,REV,E6,E5,E3,E4,-13.133000,442.017000,OK
4,10,adjacent,400,30,16,78,FWD,E5,E6,E7,E8,-41.172000,428.690000,OK
4,10,adjacent,400,30,16,79,REV,E6,E5,E7,E8,-39.602000,439.064000,OK
4,10,adjacent,400,30,16,80,FWD,E5,E6,E8,E9,12.914000,432.281000,OK
4,10,adjacent,400,30,16,81,REV,E6,E5,E8,E9,13.781000,438.027000,OK
4,10,adjacent,400,30,16,82,FWD,E5,E6,E9,E10,19.945000,434.356000,OK
4,10,adjacent,400,30,16,83,REV,E6,E5,E9,E10,20.352000,437.149000,OK
4,10,adjacent,400,30,16,84,FWD,E5,E6,E10,E11,-60.680000,434.994000,OK
4,10,adjacent,400,30,16,85,REV,E6,E5,E10,E11,-62.250000,435.712000,OK
4,10,adjacent,400,30,16,86,FWD,E5,E6,E11,E12,-71.086000,436.750000,OK
4,10,adjacent,400,30,16,87,REV,E6,E5,E11,E12,-68.555000,435.633000,OK
4,10,adjacent,400,30,16,88,FWD,E5,E6,E12,E1,79.195000,438.027000,OK
4,10,adjacent,400,30,16,89,REV,E6,E5,E12,E1,79.945000,436.670000,OK
4,10,adjacent,400,30,16,90,FWD,E6,E7,E1,E2,6.805000,268.849000,OK
4,10,adjacent,400,30,16,91,REV,E7,E6,E1,E2,7.477000,519.264000,OK
4,10,adjacent,400,30,16,92,FWD,E6,E7,E2,E3,96.359000,421.189000,OK
4,10,adjacent,400,30,16,93,REV,E7,E6,E2,E3,-193.352000,466.356000,OK
4,10,adjacent,400,30,16,94,FWD,E6,E7,E3,E4,-7.258000,441.219000,OK
4,10,adjacent,400,30,16,95,REV,E7,E6,E3,E4,-12.711000,457.817000,OK
4,10,adjacent,400,30,16,96,FWD,E6,E7,E4,E5,8.773000,445.528000,OK
4,10,adjacent,400,30,16,97,REV,E7,E6,E4,E5,6.937000,454.705000,OK
4,10,adjacent,400,30,16,98,FWD,E6,E7,E8,E9,14.109000,448.241000,OK
4,10,adjacent,400,30,16,99,REV,E7,E6,E8,E9,16.047000,453.269000,OK
4,10,adjacent,400,30,16,100,FWD,E6,E7,E9,E10,20.156000,450.316000,OK
4,10,adjacent,400,30,16,101,REV,E7,E6,E9,E10,20.945000,454.306000,OK
4,10,adjacent,400,30,16,102,FWD,E6,E7,E10,E11,-25.930000,448.560000,OK
4,10,adjacent,400,30,16,103,REV,E7,E6,E10,E11,-93.734000,452.471000,OK
4,10,adjacent,400,30,16,104,FWD,E6,E7,E11,E12,-46.367000,448.481000,OK
4,10,adjacent,400,30,16,105,REV,E7,E6,E11,E12,-103.422000,453.827000,OK
4,10,adjacent,400,30,16,106,FWD,E6,E7,E12,E1,83.680000,450.476000,OK
4,10,adjacent,400,30,16,107,REV,E7,E6,E12,E1,84.500000,454.226000,OK
4,10,adjacent,400,30,16,108,FWD,E7,E8,E1,E2,9.445000,261.108000,OK
4,10,adjacent,400,30,16,109,REV,E8,E7,E1,E2,10.148000,503.304000,OK
4,10,adjacent,400,30,16,110,FWD,E7,E8,E2,E3,-247.797000,417.518000,OK
4,10,adjacent,400,30,16,111,REV,E8,E7,E2,E3,52.289000,457.019000,OK
4,10,adjacent,400,30,16,112,FWD,E7,E8,E3,E4,89.063000,437.308000,OK
4,10,adjacent,400,30,16,113,REV,E8,E7,E3,E4,-181.844000,448.640000,OK
4,10,adjacent,400,30,16,114,FWD,E7,E8,E4,E5,12.086000,442.496000,OK
4,10,adjacent,400,30,16,115,REV,E8,E7,E4,E5,10.641000,445.528000,OK
4,10,adjacent,400,30,16,116,FWD,E7,E8,E5,E6,-34.156000,444.411000,OK
4,10,adjacent,400,30,16,117,REV,E8,E7,E5,E6,-35.414000,445.209000,OK
4,10,adjacent,400,30,16,118,FWD,E7,E8,E9,E10,20.406000,444.331000,OK
4,10,adjacent,400,30,16,119,REV,E8,E7,E9,E10,21.680000,446.166000,OK
4,10,adjacent,400,30,16,120,FWD,E7,E8,E10,E11,-90.734000,444.491000,OK
4,10,adjacent,400,30,16,121,REV,E8,E7,E10,E11,-51.125000,446.166000,OK
4,10,adjacent,400,30,16,122,FWD,E7,E8,E11,E12,-107.703000,446.007000,OK
4,10,adjacent,400,30,16,123,REV,E8,E7,E11,E12,-56.719000,445.688000,OK
4,10,adjacent,400,30,16,124,FWD,E7,E8,E12,E1,87.586000,446.246000,OK
4,10,adjacent,400,30,16,125,REV,E8,E7,E12,E1,88.258000,445.608000,OK
4,10,adjacent,400,30,16,126,FWD,E8,E9,E1,E2,12.133000,251.133000,OK
4,10,adjacent,400,30,16,127,REV,E9,E8,E1,E2,12.891000,545.997000,OK
4,10,adjacent,400,30,16,128,FWD,E8,E9,E2,E3,30.219000,425.019000,OK
4,10,adjacent,400,30,16,129,REV,E9,E8,E2,E3,30.828000,485.029000,OK
4,10,adjacent,400,30,16,130,FWD,E8,E9,E3,E4,-200.984000,449.039000,OK
4,10,adjacent,400,30,16,131,REV,E9,E8,E3,E4,84.516000,475.054000,OK
4,10,adjacent,400,30,16,132,FWD,E8,E9,E4,E5,14.297000,456.939000,OK
4,10,adjacent,400,30,16,133,REV,E9,E8,E4,E5,12.852000,471.304000,OK
4,10,adjacent,400,30,16,134,FWD,E8,E9,E5,E6,-24.156000,458.456000,OK
4,10,adjacent,400,30,16,135,REV,E9,E8,E5,E6,-25.391000,471.224000,OK
4,10,adjacent,400,30,16,136,FWD,E8,E9,E6,E7,-18.258000,460.690000,OK
4,10,adjacent,400,30,16,137,REV,E9,E8,E6,E7,-17.398000,469.947000,OK
4,10,adjacent,400,30,16,138,FWD,E8,E9,E10,E11,-62.984000,461.728000,OK
4,10,adjacent,400,30,16,139,REV,E9,E8,E10,E11,-59.172000,469.947000,OK
4,10,adjacent,400,30,16,140,FWD,E8,E9,E11,E12,-83.203000,462.446000,OK
4,10,adjacent,400,30,16,141,REV,E9,E8,E11,E12,-73.430000,470.027000,OK
4,10,adjacent,400,30,16,142,FWD,E8,E9,E12,E1,90.906000,462.845000,OK
4,10,adjacent,400,30,16,143,REV,E9,E8,E12,E1,91.883000,471.224000,OK
4,10,adjacent,400,30,16,144,FWD,E9,E10,E1,E2,14.445000,248.580000,OK
4,10,adjacent,400,30,16,145,REV,E10,E9,E1,E2,15.125000,566.426000,OK
4,10,adjacent,400,30,16,146,FWD,E9,E10,E2,E3,7.445000,442.735000,OK
4,10,adjacent,400,30,16,147,REV,E10,E9,E2,E3,9.766000,502.745000,OK
4,10,adjacent,400,30,16,148,FWD,E9,E10,E3,E4,51.266000,469.628000,OK
4,10,adjacent,400,30,16,149,REV,E10,E9,E3,E4,52.609000,491.812000,OK
4,10,adjacent,400,30,16,150,FWD,E9,E10,E4,E5,16.281000,477.847000,OK
4,10,adjacent,400,30,16,151,REV,E10,E9,E4,E5,14.617000,488.221000,OK
4,10,adjacent,400,30,16,152,FWD,E9,E10,E5,E6,-17.406000,481.917000,OK
4,10,adjacent,400,30,16,153,REV,E10,E9,E5,E6,-18.453000,485.907000,OK
4,10,adjacent,400,30,16,154,FWD,E9,E10,E6,E7,-28.664000,482.476000,OK
4,10,adjacent,400,30,16,155,REV,E10,E9,E6,E7,-28.320000,485.907000,OK
4,10,adjacent,400,30,16,156,FWD,E9,E10,E7,E8,-10.539000,483.274000,OK
4,10,adjacent,400,30,16,157,REV,E10,E9,E7,E8,-9.758000,485.428000,OK
4,10,adjacent,400,30,16,158,FWD,E9,E10,E11,E12,-62.938000,484.391000,OK
4,10,adjacent,400,30,16,159,REV,E10,E9,E11,E12,-70.719000,485.349000,OK
4,10,adjacent,400,30,16,160,FWD,E9,E10,E12,E1,93.875000,486.306000,OK
4,10,adjacent,400,30,16,161,REV,E10,E9,E12,E1,95.047000,485.109000,OK
4,10,adjacent,400,30,16,162,FWD,E10,E11,E1,E2,16.352000,270.844000,OK
4,10,adjacent,400,30,16,163,REV,E11,E10,E1,E2,17.414000,555.733000,OK
4,10,adjacent,400,30,16,164,FWD,E10,E11,E2,E3,1.133000,433.638000,OK
4,10,adjacent,400,30,16,165,REV,E11,E10,E2,E3,4.102000,500.191000,OK
4,10,adjacent,400,30,16,166,FWD,E10,E11,E3,E4,32.656000,462.206000,OK
4,10,adjacent,400,30,16,167,REV,E11,E10,E3,E4,35.789000,485.907000,OK
4,10,adjacent,400,30,16,168,FWD,E10,E11,E4,E5,18.055000,469.069000,OK
4,10,adjacent,400,30,16,169,REV,E11,E10,E4,E5,15.945000,482.476000,OK
4,10,adjacent,400,30,16,170,FWD,E10,E11,E5,E6,-11.820000,473.458000,OK
4,10,adjacent,400,30,16,171,REV,E11,E10,E5,E6,-13.383000,481.598000,OK
4,10,adjacent,400,30,16,172,FWD,E10,E11,E6,E7,-34.656000,477.608000,OK
4,10,adjacent,400,30,16,173,REV,E11,E10,E6,E7,-34.023000,481.678000,OK
4,10,adjacent,400,30,16,174,FWD,E10,E11,E7,E8,-18.602000,478.087000,OK
4,10,adjacent,400,30,16,175,REV,E11,E10,E7,E8,-17.828000,479.922000,OK
4,10,adjacent,400,30,16,176,FWD,E10,E11,E8,E9,-5.141000,476.730000,OK
4,10,adjacent,400,30,16,177,REV,E11,E10,E8,E9,-1.430000,480.880000,OK
4,10,adjacent,400,30,16,178,FWD,E10,E11,E12,E1,96.898000,477.448000,OK
4,10,adjacent,400,30,16,179,REV,E11,E10,E12,E1,98.859000,480.960000,OK
4,10,adjacent,400,30,16,180,FWD,E11,E12,E1,E2,17.727000,343.941000,OK
4,10,adjacent,400,30,16,181,REV,E12,E11,E1,E2,19.633000,511.523000,OK
4,10,adjacent,400,30,16,182,FWD,E11,E12,E2,E3,-2.406000,456.700000,OK
4,10,adjacent,400,30,16,183,REV,E12,E11,E2,E3,0.461000,478.246000,OK
4,10,adjacent,400,30,16,184,FWD,E11,E12,E3,E4,25.484000,469.548000,OK
4,10,adjacent,400,30,16,185,REV,E12,E11,E3,E4,27.836000,471.942000,OK
4,10,adjacent,400,30,16,186,FWD,E11,E12,E4,E5,20.125000,474.176000,OK
4,10,adjacent,400,30,16,187,REV,E12,E11,E4,E5,16.930000,470.745000,OK
4,10,adjacent,400,30,16,188,FWD,E11,E12,E5,E6,-7.344000,474.416000,OK
4,10,adjacent,400,30,16,189,REV,E12,E11,E5,E6,-9.172000,471.144000,OK
4,10,adjacent,400,30,16,190,FWD,E11,E12,E6,E7,-38.852000,475.453000,OK
4,10,adjacent,400,30,16,191,REV,E12,E11,E6,E7,-38.477000,471.383000,OK
4,10,adjacent,400,30,16,192,FWD,E11,E12,E7,E8,-23.383000,475.294000,OK
4,10,adjacent,400,30,16,193,REV,E12,E11,E7,E8,-23.016000,472.261000,OK
4,10,adjacent,400,30,16,194,FWD,E11,E12,E8,E9,3.641000,475.134000,OK
4,10,adjacent,400,30,16,195,REV,E12,E11,E8,E9,4.664000,474.336000,OK
4,10,adjacent,400,30,16,196,FWD,E11,E12,E9,E10,16.883000,476.012000,OK
4,10,adjacent,400,30,16,197,REV,E12,E11,E9,E10,18.164000,473.059000,OK
4,10,adjacent,400,30,16,198,FWD,E12,E1,E2,E3,-4.344000,239.243000,OK
4,10,adjacent,400,30,16,199,REV,E1,E12,E2,E3,-0.727000,548.152000,OK
4,10,adjacent,400,30,16,200,FWD,E12,E1,E3,E4,20.781000,417.199000,OK
4,10,adjacent,400,30,16,201,REV,E1,E12,E3,E4,23.445000,481.997000,OK
4,10,adjacent,400,30,16,202,FWD,E12,E1,E4,E5,83.547000,445.209000,OK
4,10,adjacent,400,30,16,203,REV,E1,E12,E4,E5,-199.922000,469.548000,OK
4,10,adjacent,400,30,16,204,FWD,E12,E1,E5,E6,-3.523000,453.907000,OK
4,10,adjacent,400,30,16,205,REV,E1,E12,E5,E6,-6.367000,465.718000,OK
4,10,adjacent,400,30,16,206,FWD,E12,E1,E6,E7,-41.789000,457.578000,OK
4,10,adjacent,400,30,16,207,REV,E1,E12,E6,E7,-41.484000,465.398000,OK
4,10,adjacent,400,30,16,208,FWD,E12,E1,E7,E8,-27.016000,460.052000,OK
4,10,adjacent,400,30,16,209,REV,E1,E12,E7,E8,-26.703000,464.281000,OK
4,10,adjacent,400,30,16,210,FWD,E12,E1,E8,E9,5.078000,460.451000,OK
4,10,adjacent,400,30,16,211,REV,E1,E12,E8,E9,5.883000,464.441000,OK
4,10,adjacent,400,30,16,212,FWD,E12,E1,E9,E10,16.695000,460.610000,OK
4,10,adjacent,400,30,16,213,REV,E1,E12,E9,E10,17.570000,463.962000,OK
4,10,adjacent,400,30,16,214,FWD,E12,E1,E10,E11,-69.758000,460.531000,OK
4,10,adjacent,400,30,16,215,REV,E1,E12,E10,E11,-72.859000,463.324000,OK
5,11,adjacent,400,30,16,0,FWD,E1,E2,E3,E4,17.445000,190.086000,OK
5,11,adjacent,400,30,16,1,REV,E2,E1,E3,E4,20.469000,516.471000,OK
5,11,adjacent,400,30,16,2,FWD,E1,E2,E4,E5,-208.508000,397.328000,OK
5,11,adjacent,400,30,16,3,REV,E2,E1,E4,E5,79.031000,456.620000,OK
5,11,adjacent,400,30,16,4,FWD,E1,E2,E5,E6,61.586000,424.860000,OK
5,11,adjacent,400,30,16,5,REV,E2,E1,E5,E6,-223.023000,446.964000,OK
5,11,adjacent,400,30,16,6,FWD,E1,E2,E6,E7,-44.297000,431.962000,OK
5,11,adjacent,400,30,16,7,REV,E2,E1,E6,E7,-43.867000,443.533000,OK
5,11,adjacent,400,30,16,8,FWD,E1,E2,E7,E8,-30.195000,436.989000,OK
5,11,adjacent,400,30,16,9,REV,E2,E1,E7,E8,-29.828000,441.458000,OK
5,11,adjacent,400,30,16,10,FWD,E1,E2,E8,E9,6.539000,436.830000,OK
5,11,adjacent,400,30,16,11,REV,E2,E1,E8,E9,7.219000,440.580000,OK
5,11,adjacent,400,30,16,12,FWD,E1,E2,E9,E10,17.406000,439.543000,OK
5,11,adjacent,400,30,16,13,REV,E2,E1,E9,E10,17.969000,440.660000,OK
5,11,adjacent,400,30,16,14,FWD,E1,E2,E10,E11,-59.305000,439.942000,OK
5,11,adjacent,400,30,16,15,REV,E2,E1,E10,E11,-66.383000,441.378000,OK
5,11,adjacent,400,30,16,16,FWD,E1,E2,E11,E12,-64.555000,440.341000,OK
5,11,adjacent,400,30,16,17,REV,E2,E1,E11,E12,-71.664000,439.463000,OK
5,11,adjacent,400,30,16,18,FWD,E2,E3,E4,E5,78.383000,273.078000,OK
5,11,adjacent,400,30,16,19,REV,E3,E2,E4,E5,76.844000,532.750000,OK
5,11,adjacent,400,30,16,20,FWD,E2,E3,E5,E6,-255.672000,428.610000,OK
5,11,adjacent,400,30,16,21,REV,E3,E2,E5,E6,53.359000,480.002000,OK
5,11,adjacent,400,30,16,22,FWD,E2,E3,E6,E7,-46.617000,450.954000,OK
5,11,adjacent,400,30,16,23,REV,E3,E2,E6,E7,-46.094000,467.234000,OK
5,11,adjacent,400,30,16,24,FWD,E2,E3,E7,E8,-32.977000,455.583000,OK
5,11,adjacent,400,30,16,25,REV,E3,E2,E7,E8,-32.656000,466.675000,OK
5,11,adjacent,400,30,16,26,FWD,E2,E3,E8,E9,8.000000,459.413000,OK
5,11,adjacent,400,30,16,27,REV,E3,E2,E8,E9,8.617000,463.643000,OK
5,11,adjacent,400,30,16,28,FWD,E2,E3,E9,E10,18.062000,460.132000,OK
5,11,adjacent,400,30,16,29,REV,E3,E2,E9,E10,18.727000,464.521000,OK
5,11,adjacent,400,30,16,30,FWD,E2,E3,E10,E11,-64.320000,460.850000,OK
5,11,adjacent,400,30,16,31,REV,E3,E2,E10,E11,-65.469000,462.047000,OK
5,11,adjacent,400,30,16,32,FWD,E2,E3,E11,E12,-77.031000,461.887000,OK
5,11,adjacent,400,30,16,33,REV,E3,E2,E11,E12,-72.914000,464.122000,OK
5,11,adjacent,400,30,16,34,FWD,E2,E3,E12,E1,64.766000,459.094000,OK
5,11,adjacent,400,30,16,35,REV,E3,E2,E12,E1,66.672000,464.441000,OK
5,11,adjacent,400,30,16,36,FWD,E3,E4,E1,E2,40.164000,276.111000,OK
5,11,adjacent,400,30,16,37,REV,E4,E3,E1,E2,29.016000,547.833000,OK
5,11,adjacent,400,30,16,38,FWD,E3,E4,E5,E6,22.555000,435.792000,OK
5,11,adjacent,400,30,16,39,REV,E4,E3,E5,E6,25.687000,491.094000,OK
5,11,adjacent,400,30,16,40,FWD,E3,E4,E6,E7,-48.945000,458.456000,OK
5,11,adjacent,400,30,16,41,REV,E4,E3,E6,E7,-47.883000,480.720000,OK
5,11,adjacent,400,30,16,42,FWD,E3,E4,E7,E8,-36.008000,465.957000,OK
5,11,adjacent,400,30,16,43,REV,E4,E3,E7,E8,-35.508000,477.688000,OK
5,11,adjacent,400,30,16,44,FWD,E3,E4,E8,E9,9.617000,468.032000,OK
5,11,adjacent,400,30,16,45,REV,E4,E3,E8,E9,10.242000,476.810000,OK
5,11,adjacent,400,30,16,46,FWD,E3,E4,E9,E10,18.852000,468.511000,OK
5,11,adjacent,400,30,16,47,REV,E4,E3,E9,E10,19.336000,476.012000,OK
5,11,adjacent,400,30,16,48,FWD,E3,E4,E10,E11,-60.797000,469.388000,OK
5,11,adjacent,400,30,16,49,REV,E4,E3,E10,E11,-74.844000,475.373000,OK
5,11,adjacent,400,30,16,50,FWD,E3,E4,E11,E12,-73.805000,469.229000,OK
5,11,adjacent,400,30,16,51,REV,E4,E3,E11,E12,-82.859000,475.214000,OK
5,11,adjacent,400,30,16,52,FWD,E3,E4,E12,E1,69.227000,469.867000,OK
5,11,adjacent,400,30,16,53,REV,E4,E3,E12,E1,70.305000,474.575000,OK
5,11,adjacent,400,30,16,54,FWD,E4,E5,E1,E2,2.992000,186.096000,OK
5,11,adjacent,400,30,16,55,REV,E5,E4,E1,E2,3.719000,497.957000,OK
5,11,adjacent,400,30,16,56,FWD,E4,E5,E2,E3,-4.070000,392.221000,OK
5,11,adjacent,400,30,16,57,REV,E5,E4,E2,E3,-7.891000,442.416000,OK
5,11,adjacent,400,30,16,58,FWD,E4,E5,E6,E7,-50.953000,414.086000,OK
5,11,adjacent,400,30,16,59,REV,E5,E4,E6,E7,-49.391000,431.643000,OK
5,11,adjacent,400,30,16,60,FWD,E4,E5,E7,E8,-38.758000,422.545000,OK
5,11,adjacent,400,30,16,61,REV,E5,E4,E7,E8,-38.070000,431.722000,OK
5,11,adjacent,400,30,16,62,FWD,E4,E5,E8,E9,11.203000,423.663000,OK
5,11,adjacent,400,30,16,63,REV,E5,E4,E8,E9,11.922000,429.169000,OK
5,11,adjacent,400,30,16,64,FWD,E4,E5,E9,E10,19.500000,426.456000,OK
5,11,adjacent,400,30,16,65,REV,E5,E4,E9,E10,19.914000,428.291000,OK
5,11,adjacent,400,30,16,66,FWD,E4,E5,E10,E11,-58.117000,426.615000,OK
5,11,adjacent,400,30,16,67,REV,E5,E4,E10,E11,-70.695000,428.610000,OK
5,11,adjacent,400,30,16,68,FWD,E4,E5,E11,E12,-67.250000,427.812000,OK
5,11,adjacent,400,30,16,69,REV,E5,E4,E11,E12,-78.047000,428.929000,OK
5,11,adjacent,400,30,16,70,FWD,E4,E5,E12,E1,74.391000,427.333000,OK
5,11,adjacent,400,30,16,71,REV,E5,E4,E12,E1,75.359000,429.249000,OK
5,11,adjacent,400,30,16,72,FWD,E5,E6,E1,E2,4.047000,164.549000,OK
5,11,adjacent,400,30,16,73,REV,E6,E5,E1,E2,4.641000,521.498000,OK
5,11,adjacent,400,30,16,74,FWD,E5,E6,E2,E3,-2.039000,388.949000,OK
5,11,adjacent,400,30,16,75,REV,E6,E5,E2,E3,-6.656000,455.822000,OK
5,11,adjacent,400,30,16,76,FWD,E5,E6,E3,E4,-9.461000,419.832000,OK
5,11,adjacent,400,30,16,77,REV,E6,E5,E3,E4,-13.016000,443.214000,OK
5,11,adjacent,400,30,16,78,FWD,E5,E6,E7,E8,-41.250000,429.328000,OK
5,11,adjacent,400,30,16,79,REV,E6,E5,E7,E8,-39.648000,439.702000,OK
5,11,adjacent,400,30,16,80,FWD,E5,E6,E8,E9,12.672000,433.717000,OK
5,11,adjacent,400,30,16,81,REV,E6,E5,E8,E9,13.547000,438.266000,OK
5,11,adjacent,400,30,16,82,FWD,E5,E6,E9,E10,19.977000,436.032000,OK
5,11,adjacent,400,30,16,83,REV,E6,E5,E9,E10,20.430000,436.431000,OK
5,11,adjacent,400,30,16,84,FWD,E5,E6,E10,E11,-58.234000,437.069000,OK
5,11,adjacent,400,30,16,85,REV,E6,E5,E10,E11,-59.570000,435.553000,OK
5,11,adjacent,400,30,16,86,FWD,E5,E6,E11,E12,-66.156000,438.266000,OK
5,11,adjacent,400,30,16,87,REV,E6,E5,E11,E12,-65.211000,433.957000,OK
5,11,adjacent,400,30,16,88,FWD,E5,E6,E12,E1,79.477000,437.308000,OK
5,11,adjacent,400,30,16,89,REV,E6,E5,E12,E1,80.219000,435.952000,OK
5,11,adjacent,400,30,16,90,FWD,E6,E7,E1,E2,6.500000,268.131000,OK
5,11,adjacent,400,30,16,91,REV,E7,E6,E1,E2,7.172000,518.785000,OK
5,11,adjacent,400,30,16,92,FWD,E6,E7,E2,E3,96.469000,419.273000,OK
5,11,adjacent,400,30,16,93,REV,E7,E6,E2,E3,-193.266000,466.356000,OK
5,11,adjacent,400,30,16,94,FWD,E6,E7,E3,E4,-7.016000,441.299000,OK
5,11,adjacent,400,30,16,95,REV,E7,E6,E3,E4,-12.438000,457.338000,OK
5,11,adjacent,400,30,16,96,FWD,E6,E7,E4,E5,8.938000,444.969000,OK
5,11,adjacent,400,30,16,97,REV,E7,E6,E4,E5,7.016000,455.184000,OK
5,11,adjacent,400,30,16,98,FWD,E6,E7,E8,E9,13.953000,447.762000,OK
5,11,adjacent,400,30,16,99,REV,E7,E6,E8,E9,15.836000,453.348000,OK
5,11,adjacent,400,30,16,100,FWD,E6,E7,E9,E10,20.250000,449.438000,OK
5,11,adjacent,400,30,16,101,REV,E7,E6,E9,E10,21.000000,454.386000,OK
5,11,adjacent,400,30,16,102,FWD,E6,E7,E10,E11,-24.633000,449.678000,OK
5,11,adjacent,400,30,16,103,REV,E7,E6,E10,E11,-90.016000,453.428000,OK
5,11,adjacent,400,30,16,104,FWD,E6,E7,E11,E12,-40.375000,450.795000,OK
5,11,adjacent,400,30,16,105,REV,E7,E6,E11,E12,-101.188000,453.668000,OK
5,11,adjacent,400,30,16,106,FWD,E6,E7,E12,E1,83.969000,449.598000,OK
5,11,adjacent,400,30,16,107,REV,E7,E6,E12,E1,84.813000,455.583000,OK
5,11,adjacent,400,30,16,108,FWD,E7,E8,E1,E2,9.039000,260.230000,OK
5,11,adjacent,400,30,16,109,REV,E8,E7,E1,E2,9.742000,503.783000,OK
5,11,adjacent,400,30,16,110,FWD,E7,E8,E2,E3,-247.391000,418.795000,OK
5,11,adjacent,400,30,16,111,REV,E8,E7,E2,E3,52.594000,454.306000,OK
5,11,adjacent,400,30,16,112,FWD,E7,E8,E3,E4,89.227000,437.548000,OK
5,11,adjacent,400,30,16,113,REV,E8,E7,E3,E4,-181.461000,447.523000,OK
5,11,adjacent,400,30,16,114,FWD,E7,E8,E4,E5,12.211000,442.895000,OK
5,11,adjacent,400,30,16,115,REV,E8,E7,E4,E5,10.727000,445.847000,OK
5,11,adjacent,400,30,16,116,FWD,E7,E8,E5,E6,-34.250000,444.810000,OK
5,11,adjacent,400,30,16,117,REV,E8,E7,E5,E6,-35.320000,445.049000,OK
5,11,adjacent,400,30,16,118,FWD,E7,E8,E9,E10,20.422000,444.411000,OK
5,11,adjacent,400,30,16,119,REV,E8,E7,E9,E10,21.758000,445.688000,OK
5,11,adjacent,400,30,16,120,FWD,E7,E8,E10,E11,-89.859000,444.411000,OK
5,11,adjacent,400,30,16,121,REV,E8,E7,E10,E11,-49.875000,444.491000,OK
5,11,adjacent,400,30,16,122,FWD,E7,E8,E11,E12,-105.391000,446.565000,OK
5,11,adjacent,400,30,16,123,REV,E8,E7,E11,E12,-54.867000,446.087000,OK
5,11,adjacent,400,30,16,124,FWD,E7,E8,E12,E1,87.953000,447.044000,OK
5,11,adjacent,400,30,16,125,REV,E8,E7,E12,E1,88.656000,446.087000,OK
5,11,adjacent,400,30,16,126,FWD,E8,E9,E1,E2,11.719000,252.250000,OK
5,11,adjacent,400,30,16,127,REV,E9,E8,E1,E2,12.430000,546.476000,OK
5,11,adjacent,400,30,16,128,FWD,E8,E9,E2,E3,30.648000,424.461000,OK
5,11,adjacent,400,30,16,129,REV,E9,E8,E2,E3,31.242000,485.907000,OK
5,11,adjacent,400,30,16,130,FWD,E8,E9,E3,E4,-200.937000,449.598000,OK
5,11,adjacent,400,30,16,131,REV,E9,E8,E3,E4,84.414000,474.416000,OK
5,11,adjacent,400,30,16,132,FWD,E8,E9,E4,E5,14.641000,456.381000,OK
5,11,adjacent,400,30,16,133,REV,E9,E8,E4,E5,13.125000,473.219000,OK
5,11,adjacent,400,30,16,134,FWD,E8,E9,E5,E6,-24.133000,458.376000,OK
5,11,adjacent,400,30,16,135,REV,E9,E8,E5,E6,-25.453000,470.665000,OK
5,11,adjacent,400,30,16,136,FWD,E8,E9,E6,E7,-17.844000,458.695000,OK
5,11,adjacent,400,30,16,137,REV,E9,E8,E6,E7,-16.992000,470.905000,OK
5,11,adjacent,400,30,16,138,FWD,E8,E9,E10,E11,-60.609000,462.127000,OK
5,11,adjacent,400,30,16,139,REV,E9,E8,E10,E11,-59.813000,470.027000,OK
5,11,adjacent,400,30,16,140,FWD,E8,E9,E11,E12,-79.984000,463.164000,OK
5,11,adjacent,400,30,16,141,REV,E9,E8,E11,E12,-71.359000,469.787000,OK
5,11,adjacent,400,30,16,142,FWD,E8,E9,E12,E1,91.375000,463.962000,OK
5,11,adjacent,400,30,16,143,REV,E9,E8,E12,E1,92.250000,469.947000,OK
5,11,adjacent,400,30,16,144,FWD,E9,E10,E1,E2,13.969000,249.457000,OK
5,11,adjacent,400,30,16,145,REV,E10,E9,E1,E2,14.648000,567.065000,OK
5,11,adjacent,400,30,16,146,FWD,E9,E10,E2,E3,7.953000,440.740000,OK
5,11,adjacent,400,30,16,147,REV,E10,E9,E2,E3,10.219000,503.224000,OK
5,11,adjacent,400,30,16,148,FWD,E9,E10,E3,E4,51.461000,467.952000,OK
5,11,adjacent,400,30,16,149,REV,E10,E9,E3,E4,52.883000,490.775000,OK
5,11,adjacent,400,30,16,150,FWD,E9,E10,E4,E5,16.383000,478.326000,OK
5,11,adjacent,400,30,16,151,REV,E10,E9,E4,E5,15.031000,487.663000,OK
5,11,adjacent,400,30,16,152,FWD,E9,E10,E5,E6,-17.383000,480.241000,OK
5,11,adjacent,400,30,16,153,REV,E10,E9,E5,E6,-18.492000,487.104000,OK
5,11,adjacent,400,30,16,154,FWD,E9,E10,E6,E7,-28.242000,483.354000,OK
5,11,adjacent,400,30,16,155,REV,E10,E9,E6,E7,-27.805000,485.508000,OK
5,11,adjacent,400,30,16,156,FWD,E9,E10,E7,E8,-10.414000,484.630000,OK
5,11,adjacent,400,30,16,157,REV,E10,E9,E7,E8,-9.664000,485.827000,OK
5,11,adjacent,400,30,16,158,FWD,E9,E10,E11,E12,-61.219000,485.827000,OK
5,11,adjacent,400,30,16,159,REV,E10,E9,E11,E12,-68.586000,484.630000,OK
5,11,adjacent,400,30,16,160,FWD,E9,E10,E12,E1,94.336000,485.987000,OK
5,11,adjacent,400,30,16,161,REV,E10,E9,E12,E1,95.461000,485.987000,OK
5,11,adjacent,400,30,16,162,FWD,E10,E11,E1,E2,15.844000,270.924000,OK
5,11,adjacent,400,30,16,163,REV,E11,E10,E1,E2,16.875000,554.775000,OK
5,11,adjacent,400,30,16,164,FWD,E10,E11,E2,E3,1.680000,433.558000,OK
5,11,adjacent,400,30,16,165,REV,E11,E10,E2,E3,4.656000,499.633000,OK
5,11,adjacent,400,30,16,166,FWD,E10,E11,E3,E4,32.828000,459.892000,OK
5,11,adjacent,400,30,16,167,REV,E11,E10,E3,E4,35.945000,487.423000,OK
5,11,adjacent,400,30,16,168,FWD,E10,E11,E4,E5,18.242000,470.027000,OK
5,11,adjacent,400,30,16,169,REV,E11,E10,E4,E5,16.211000,482.396000,OK
5,11,adjacent,400,30,16,170,FWD,E10,E11,E5,E6,-11.828000,474.496000,OK
5,11,adjacent,400,30,16,171,REV,E11,E10,E5,E6,-13.500000,481.039000,OK
5,11,adjacent,400,30,16,172,FWD,E10,E11,E6,E7,-34.125000,474.895000,OK
5,11,adjacent,400,30,16,173,REV,E11,E10,E6,E7,-33.539000,480.162000,OK
5,11,adjacent,400,30,16,174,FWD,E10,E11,E7,E8,-18.531000,477.129000,OK
5,11,adjacent,400,30,16,175,REV,E11,E10,E7,E8,-17.758000,480.241000,OK
5,11,adjacent,400,30,16,176,FWD,E10,E11,E8,E9,-5.562000,477.209000,OK
5,11,adjacent,400,30,16,177,REV,E11,E10,E8,E9,-1.961000,480.321000,OK
5,11,adjacent,400,30,16,178,FWD,E10,E11,E12,E1,97.344000,478.167000,OK
5,11,adjacent,400,30,16,179,REV,E11,E10,E12,E1,99.313000,480.561000,OK
5,11,adjacent,400,30,16,180,FWD,E11,E12,E1,E2,17.164000,341.946000,OK
5,11,adjacent,400,30,16,181,REV,E12,E11,E1,E2,19.078000,511.044000,OK
5,11,adjacent,400,30,16,182,FWD,E11,E12,E2,E3,-1.758000,457.099000,OK
5,11,adjacent,400,30,16,183,REV,E12,E11,E2,E3,1.062000,477.289000,OK
5,11,adjacent,400,30,16,184,FWD,E11,E12,E3,E4,25.750000,471.463000,OK
5,11,adjacent,400,30,16,185,REV,E12,E11,E3,E4,28.047000,471.623000,OK
5,11,adjacent,400,30,16,186,FWD,E11,E12,E4,E5,20.328000,472.820000,OK
5,11,adjacent,400,30,16,187,REV,E12,E11,E4,E5,17.102000,470.107000,OK
5,11,adjacent,400,30,16,188,FWD,E11,E12,E5,E6,-7.344000,473.937000,OK
5,11,adjacent,400,30,16,189,REV,E12,E11,E5,E6,-9.328000,470.506000,OK
5,11,adjacent,400,30,16,190,FWD,E11,E12,E6,E7,-38.180000,474.895000,OK
5,11,adjacent,400,30,16,191,REV,E12,E11,E6,E7,-37.883000,470.745000,OK
5,11,adjacent,400,30,16,192,FWD,E11,E12,E7,E8,-23.312000,476.012000,OK
5,11,adjacent,400,30,16,193,REV,E12,E11,E7,E8,-23.000000,472.740000,OK
5,11,adjacent,400,30,16,194,FWD,E11,E12,E8,E9,3.023000,476.331000,OK
5,11,adjacent,400,30,16,195,REV,E12,E11,E8,E9,4.016000,474.256000,OK
5,11,adjacent,400,30,16,196,FWD,E11,E12,E9,E10,16.898000,477.129000,OK
5,11,adjacent,400,30,16,197,REV,E12,E11,E9,E10,18.125000,474.256000,OK
5,11,adjacent,400,30,16,198,FWD,E12,E1,E2,E3,-3.742000,238.365000,OK
5,11,adjacent,400,30,16,199,REV,E1,E12,E2,E3,-0.102000,548.790000,OK
5,11,adjacent,400,30,16,200,FWD,E12,E1,E3,E4,21.070000,416.959000,OK
5,11,adjacent,400,30,16,201,REV,E1,E12,E3,E4,23.781000,483.912000,OK
5,11,adjacent,400,30,16,202,FWD,E12,E1,E4,E5,83.398000,445.847000,OK
5,11,adjacent,400,30,16,203,REV,E1,E12,E4,E5,-199.906000,469.388000,OK
5,11,adjacent,400,30,16,204,FWD,E12,E1,E5,E6,-3.508000,454.625000,OK
5,11,adjacent,400,30,16,205,REV,E1,E12,E5,E6,-6.461000,465.957000,OK
5,11,adjacent,400,30,16,206,FWD,E12,E1,E6,E7,-41.117000,456.062000,OK
5,11,adjacent,400,30,16,207,REV,E1,E12,E6,E7,-40.773000,465.558000,OK
5,11,adjacent,400,30,16,208,FWD,E12,E1,E7,E8,-26.961000,459.094000,OK
5,11,adjacent,400,30,16,209,REV,E1,E12,E7,E8,-26.703000,463.723000,OK
5,11,adjacent,400,30,16,210,FWD,E12,E1,E8,E9,4.406000,459.333000,OK
5,11,adjacent,400,30,16,211,REV,E1,E12,E8,E9,5.172000,463.962000,OK
5,11,adjacent,400,30,16,212,FWD,E12,E1,E9,E10,16.531000,460.610000,OK
5,11,adjacent,400,30,16,213,REV,E1,E12,E9,E10,17.391000,464.521000,OK
5,11,adjacent,400,30,16,214,FWD,E12,E1,E10,E11,-67.484000,460.850000,OK
5,11,adjacent,400,30,16,215,REV,E1,E12,E10,E11,-69.609000,463.324000,OK
6,12,adjacent,400,30,16,0,FWD,E1,E2,E3,E4,17.719000,193.198000,OK
6,12,adjacent,400,30,16,1,REV,E2,E1,E3,E4,20.734000,515.832000,OK
6,12,adjacent,400,30,16,2,FWD,E1,E2,E4,E5,-208.516000,397.887000,OK
6,12,adjacent,400,30,16,3,REV,E2,E1,E4,E5,78.938000,457.897000,OK
6,12,adjacent,400,30,16,4,FWD,E1,E2,E5,E6,61.609000,424.540000,OK
6,12,adjacent,400,30,16,5,REV,E2,E1,E5,E6,-223.242000,445.847000,OK
6,12,adjacent,400,30,16,6,FWD,E1,E2,E6,E7,-43.680000,432.919000,OK
6,12,adjacent,400,30,16,7,REV,E2,E1,E6,E7,-43.352000,442.017000,OK
6,12,adjacent,400,30,16,8,FWD,E1,E2,E7,E8,-30.180000,436.670000,OK
6,12,adjacent,400,30,16,9,REV,E2,E1,E7,E8,-29.812000,441.937000,OK
6,12,adjacent,400,30,16,10,FWD,E1,E2,E8,E9,5.773000,438.426000,OK
6,12,adjacent,400,30,16,11,REV,E2,E1,E8,E9,6.461000,441.458000,OK
6,12,adjacent,400,30,16,12,FWD,E1,E2,E9,E10,17.250000,439.702000,OK
6,12,adjacent,400,30,16,13,REV,E2,E1,E9,E10,17.828000,440.022000,OK
6,12,adjacent,400,30,16,14,FWD,E1,E2,E10,E11,-57.141000,440.660000,OK
6,12,adjacent,400,30,16,15,REV,E2,E1,E10,E11,-65.203000,440.820000,OK
6,12,adjacent,400,30,16,16,FWD,E1,E2,E11,E12,-64.375000,440.261000,OK
6,12,adjacent,400,30,16,17,REV,E2,E1,E11,E12,-71.203000,439.303000,OK
6,12,adjacent,400,30,16,18,FWD,E2,E3,E4,E5,78.172000,272.600000,OK
6,12,adjacent,400,30,16,19,REV,E3,E2,E4,E5,76.664000,533.069000,OK
6,12,adjacent,400,30,16,20,FWD,E2,E3,E5,E6,-255.844000,428.451000,OK
6,12,adjacent,400,30,16,21,REV,E3,E2,E5,E6,53.352000,480.241000,OK
6,12,adjacent,400,30,16,22,FWD,E2,E3,E6,E7,-45.938000,449.837000,OK
6,12,adjacent,400,30,16,23,REV,E3,E2,E6,E7,-45.398000,467.393000,OK
6,12,adjacent,400,30,16,24,FWD,E2,E3,E7,E8,-33.000000,456.381000,OK
6,12,adjacent,400,30,16,25,REV,E3,E2,E7,E8,-32.680000,466.117000,OK
6,12,adjacent,400,30,16,26,FWD,E2,E3,E8,E9,7.187000,459.972000,OK
6,12,adjacent,400,30,16,27,REV,E3,E2,E8,E9,7.805000,464.760000,OK
6,12,adjacent,400,30,16,28,FWD,E2,E3,E9,E10,17.992000,460.132000,OK
6,12,adjacent,400,30,16,29,REV,E3,E2,E9,E10,18.508000,464.680000,OK
6,12,adjacent,400,30,16,30,FWD,E2,E3,E10,E11,-64.102000,459.174000,OK
6,12,adjacent,400,30,16,31,REV,E3,E2,E10,E11,-64.125000,463.802000,OK
6,12,adjacent,400,30,16,32,FWD,E2,E3,E11,E12,-75.109000,459.733000,OK
6,12,adjacent,400,30,16,33,REV,E3,E2,E11,E12,-70.281000,463.324000,OK
6,12,adjacent,400,30,16,34,FWD,E2,E3,E12,E1,64.594000,459.972000,OK
6,12,adjacent,400,30,16,35,REV,E3,E2,E12,E1,66.563000,463.962000,OK
6,12,adjacent,400,30,16,36,FWD,E3,E4,E1,E2,40.258000,277.388000,OK
6,12,adjacent,400,30,16,37,REV,E4,E3,E1,E2,29.125000,545.917000,OK
6,12,adjacent,400,30,16,38,FWD,E3,E4,E5,E6,22.680000,437.149000,OK
6,12,adjacent,400,30,16,39,REV,E4,E3,E5,E6,25.789000,490.775000,OK
6,12,adjacent,400,30,16,40,FWD,E3,E4,E6,E7,-48.156000,459.094000,OK
6,12,adjacent,400,30,16,41,REV,E4,E3,E6,E7,-47.242000,480.082000,OK
6,12,adjacent,400,30,16,42,FWD,E3,E4,E7,E8,-36.055000,465.957000,OK
6,12,adjacent,400,30,16,43,REV,E4,E3,E7,E8,-35.578000,478.167000,OK
6,12,adjacent,400,30,16,44,FWD,E3,E4,E8,E9,8.742000,466.595000,OK
6,12,adjacent,400,30,16,45,REV,E4,E3,E8,E9,9.391000,475.693000,OK
6,12,adjacent,400,30,16,46,FWD,E3,E4,E9,E10,18.750000,469.069000,OK
6,12,adjacent,400,30,16,47,REV,E4,E3,E9,E10,19.203000,476.251000,OK
6,12,adjacent,400,30,16,48,FWD,E3,E4,E10,E11,-60.641000,470.506000,OK
6,12,adjacent,400,30,16,49,REV,E4,E3,E10,E11,-72.133000,475.693000,OK
6,12,adjacent,400,30,16,50,FWD,E3,E4,E11,E12,-71.453000,469.309000,OK
6,12,adjacent,400,30,16,51,REV,E4,E3,E11,E12,-81.828000,474.256000,OK
6,12,adjacent,400,30,16,52,FWD,E3,E4,E12,E1,69.086000,470.506000,OK
6,12,adjacent,400,30,16,53,REV,E4,E3,E12,E1,70.242000,476.890000,OK
6,12,adjacent,400,30,16,54,FWD,E4,E5,E1,E2,2.969000,187.293000,OK
6,12,adjacent,400,30,16,55,REV,E5,E4,E1,E2,3.703000,496.521000,OK
6,12,adjacent,400,30,16,56,FWD,E4,E5,E2,E3,-3.477000,392.939000,OK
6,12,adjacent,400,30,16,57,REV,E5,E4,E2,E3,-7.297000,442.017000,OK
6,12,adjacent,400,30,16,58,FWD,E4,E5,E6,E7,-50.109000,414.406000,OK
6,12,adjacent,400,30,16,59,REV,E5,E4,E6,E7,-48.727000,433.159000,OK
6,12,adjacent,400,30,16,60,FWD,E4,E5,E7,E8,-38.836000,423.024000,OK
6,12,adjacent,400,30,16,61,REV,E5,E4,E7,E8,-38.125000,431.563000,OK
6,12,adjacent,400,30,16,62,FWD,E4,E5,E8,E9,10.273000,424.062000,OK
6,12,adjacent,400,30,16,63,REV,E5,E4,E8,E9,10.969000,431.084000,OK
6,12,adjacent,400,30,16,64,FWD,E4,E5,E9,E10,19.391000,425.418000,OK
6,12,adjacent,400,30,16,65,REV,E5,E4,E9,E10,19.859000,429.727000,OK
6,12,adjacent,400,30,16,66,FWD,E4,E5,E10,E11,-58.273000,425.418000,OK
6,12,adjacent,400,30,16,67,REV,E5,E4,E10,E11,-70.883000,429.169000,OK
6,12,adjacent,400,30,16,68,FWD,E4,E5,E11,E12,-69.070000,427.892000,OK
6,12,adjacent,400,30,16,69,REV,E5,E4,E11,E12,-80.875000,429.488000,OK
6,12,adjacent,400,30,16,70,FWD,E4,E5,E12,E1,74.352000,430.206000,OK
6,12,adjacent,400,30,16,71,REV,E5,E4,E12,E1,75.219000,428.291000,OK
6,12,adjacent,400,30,16,72,FWD,E5,E6,E1,E2,4.008000,163.911000,OK
6,12,adjacent,400,30,16,73,REV,E6,E5,E1,E2,4.578000,521.977000,OK
6,12,adjacent,400,30,16,74,FWD,E5,E6,E2,E3,-1.430000,390.386000,OK
6,12,adjacent,400,30,16,75,REV,E6,E5,E2,E3,-5.984000,455.583000,OK
6,12,adjacent,400,30,16,76,FWD,E5,E6,E3,E4,-9.164000,419.034000,OK
6,12,adjacent,400,30,16,77,REV,E6,E5,E3,E4,-12.734000,443.214000,OK
6,12,adjacent,400,30,16,78,FWD,E5,E6,E7,E8,-41.328000,428.052000,OK
6,12,adjacent,400,30,16,79,REV,E6,E5,E7,E8,-39.695000,439.144000,OK
6,12,adjacent,400,30,16,80,FWD,E5,E6,E8,E9,11.680000,433.079000,OK
6,12,adjacent,400,30,16,81,REV,E6,E5,E8,E9,12.555000,438.505000,OK
6,12,adjacent,400,30,16,82,FWD,E5,E6,E9,E10,19.828000,435.074000,OK
6,12,adjacent,400,30,16,83,REV,E6,E5,E9,E10,20.297000,435.952000,OK
6,12,adjacent,400,30,16,84,FWD,E5,E6,E10,E11,-58.844000,435.952000,OK
6,12,adjacent,400,30,16,85,REV,E6,E5,E10,E11,-59.258000,436.351000,OK
6,12,adjacent,400,30,16,86,FWD,E5,E6,E11,E12,-64.852000,436.830000,OK
6,12,adjacent,400,30,16,87,REV,E6,E5,E11,E12,-64.320000,435.633000,OK
6,12,adjacent,400,30,16,88,FWD,E5,E6,E12,E1,79.375000,437.628000,OK
6,12,adjacent,400,30,16,89,REV,E6,E5,E12,E1,80.094000,436.830000,OK
6,12,adjacent,400,30,16,90,FWD,E6,E7,E1,E2,6.437000,267.413000,OK
6,12,adjacent,400,30,16,91,REV,E7,E6,E1,E2,7.070000,519.184000,OK
6,12,adjacent,400,30,16,92,FWD,E6,E7,E2,E3,96.578000,419.433000,OK
6,12,adjacent,400,30,16,93,REV,E7,E6,E2,E3,-192.750000,467.553000,OK
6,12,adjacent,400,30,16,94,FWD,E6,E7,E3,E4,-6.687000,439.543000,OK
6,12,adjacent,400,30,16,95,REV,E7,E6,E3,E4,-12.188000,458.456000,OK
6,12,adjacent,400,30,16,96,FWD,E6,E7,E4,E5,9.039000,446.246000,OK
6,12,adjacent,400,30,16,97,REV,E7,E6,E4,E5,7.094000,453.827000,OK
6,12,adjacent,400,30,16,98,FWD,E6,E7,E8,E9,12.930000,447.124000,OK
6,12,adjacent,400,30,16,99,REV,E7,E6,E8,E9,14.844000,453.668000,OK
6,12,adjacent,400,30,16,100,FWD,E6,E7,E9,E10,20.109000,450.156000,OK
6,12,adjacent,400,30,16,101,REV,E7,E6,E9,E10,20.937000,453.987000,OK
6,12,adjacent,400,30,16,102,FWD,E6,E7,E10,E11,-27.031000,450.476000,OK
6,12,adjacent,400,30,16,103,REV,E7,E6,E10,E11,-89.328000,453.747000,OK
6,12,adjacent,400,30,16,104,FWD,E6,E7,E11,E12,-38.422000,449.997000,OK
6,12,adjacent,400,30,16,105,REV,E7,E6,E11,E12,-98.563000,454.226000,OK
6,12,adjacent,400,30,16,106,FWD,E6,E7,E12,E1,83.828000,451.912000,OK
6,12,adjacent,400,30,16,107,REV,E7,E6,E12,E1,84.641000,455.264000,OK
6,12,adjacent,400,30,16,108,FWD,E7,E8,E1,E2,8.984000,258.794000,OK
6,12,adjacent,400,30,16,109,REV,E8,E7,E1,E2,9.727000,503.862000,OK
6,12,adjacent,400,30,16,110,FWD,E7,E8,E2,E3,-246.828000,419.832000,OK
6,12,adjacent,400,30,16,111,REV,E8,E7,E2,E3,53.047000,455.822000,OK
6,12,adjacent,400,30,16,112,FWD,E7,E8,E3,E4,89.281000,436.989000,OK
6,12,adjacent,400,30,16,113,REV,E8,E7,E3,E4,-181.305000,448.800000,OK
6,12,adjacent,400,30,16,114,FWD,E7,E8,E4,E5,12.016000,443.453000,OK
6,12,adjacent,400,30,16,115,REV,E8,E7,E4,E5,10.625000,445.608000,OK
6,12,adjacent,400,30,16,116,FWD,E7,E8,E5,E6,-34.289000,444.890000,OK
6,12,adjacent,400,30,16,117,REV,E8,E7,E5,E6,-35.336000,445.767000,OK
6,12,adjacent,400,30,16,118,FWD,E7,E8,E9,E10,20.398000,445.049000,OK
6,12,adjacent,400,30,16,119,REV,E8,E7,E9,E10,21.703000,446.486000,OK
6,12,adjacent,400,30,16,120,FWD,E7,E8,E10,E11,-89.078000,446.326000,OK
6,12,adjacent,400,30,16,121,REV,E8,E7,E10,E11,-48.148000,444.730000,OK
6,12,adjacent,400,30,16,122,FWD,E7,E8,E11,E12,-102.984000,444.890000,OK
6,12,adjacent,400,30,16,123,REV,E8,E7,E11,E12,-54.430000,445.129000,OK
6,12,adjacent,400,30,16,124,FWD,E7,E8,E12,E1,87.766000,447.044000,OK
6,12,adjacent,400,30,16,125,REV,E8,E7,E12,E1,88.445000,446.885000,OK
6,12,adjacent,400,30,16,126,FWD,E8,E9,E1,E2,11.742000,252.171000,OK
6,12,adjacent,400,30,16,127,REV,E9,E8,E1,E2,12.430000,544.880000,OK
6,12,adjacent,400,30,16,128,FWD,E8,E9,E2,E3,31.094000,425.658000,OK
6,12,adjacent,400,30,16,129,REV,E9,E8,E2,E3,31.773000,485.189000,OK
6,12,adjacent,400,30,16,130,FWD,E8,E9,E3,E4,-201.062000,447.922000,OK
6,12,adjacent,400,30,16,131,REV,E9,E8,E3,E4,84.070000,475.693000,OK
6,12,adjacent,400,30,16,132,FWD,E8,E9,E4,E5,14.297000,457.578000,OK
6,12,adjacent,400,30,16,133,REV,E9,E8,E4,E5,12.867000,472.341000,OK
6,12,adjacent,400,30,16,134,FWD,E8,E9,E5,E6,-24.133000,459.254000,OK
6,12,adjacent,400,30,16,135,REV,E9,E8,E5,E6,-25.406000,471.543000,OK
6,12,adjacent,400,30,16,136,FWD,E8,E9,E6,E7,-17.414000,459.493000,OK
6,12,adjacent,400,30,16,137,REV,E9,E8,E6,E7,-16.625000,470.984000,OK
6,12,adjacent,400,30,16,138,FWD,E8,E9,E10,E11,-61.883000,462.206000,OK
6,12,adjacent,400,30,16,139,REV,E9,E8,E10,E11,-59.195000,469.947000,OK
6,12,adjacent,400,30,16,140,FWD,E8,E9,E11,E12,-79.453000,462.127000,OK
6,12,adjacent,400,30,16,141,REV,E9,E8,E11,E12,-71.008000,470.585000,OK
6,12,adjacent,400,30,16,142,FWD,E8,E9,E12,E1,91.055000,464.042000,OK
6,12,adjacent,400,30,16,143,REV,E9,E8,E12,E1,92.023000,470.107000,OK
6,12,adjacent,400,30,16,144,FWD,E9,E10,E1,E2,14.016000,249.138000,OK
6,12,adjacent,400,30,16,145,REV,E10,E9,E1,E2,14.672000,568.501000,OK
6,12,adjacent,400,30,16,146,FWD,E9,E10,E2,E3,8.492000,442.974000,OK
6,12,adjacent,400,30,16,147,REV,E10,E9,E2,E3,10.820000,504.261000,OK
6,12,adjacent,400,30,16,148,FWD,E9,E10,E3,E4,51.211000,468.830000,OK
6,12,adjacent,400,30,16,149,REV,E10,E9,E3,E4,52.586000,491.014000,OK
6,12,adjacent,400,30,16,150,FWD,E9,E10,E4,E5,16.180000,477.847000,OK
6,12,adjacent,400,30,16,151,REV,E10,E9,E4,E5,14.641000,486.865000,OK
6,12,adjacent,400,30,16,152,FWD,E9,E10,E5,E6,-17.461000,482.955000,OK
6,12,adjacent,400,30,16,153,REV,E10,E9,E5,E6,-18.656000,487.104000,OK
6,12,adjacent,400,30,16,154,FWD,E9,E10,E6,E7,-27.695000,482.236000,OK
6,12,adjacent,400,30,16,155,REV,E10,E9,E6,E7,-27.273000,484.630000,OK
6,12,adjacent,400,30,16,156,FWD,E9,E10,E7,E8,-11.016000,485.189000,OK
6,12,adjacent,400,30,16,157,REV,E10,E9,E7,E8,-10.266000,484.231000,OK
6,12,adjacent,400,30,16,158,FWD,E9,E10,E11,E12,-61.406000,483.114000,OK
6,12,adjacent,400,30,16,159,REV,E10,E9,E11,E12,-64.359000,485.428000,OK
6,12,adjacent,400,30,16,160,FWD,E9,E10,E12,E1,94.039000,485.189000,OK
6,12,adjacent,400,30,16,161,REV,E10,E9,E12,E1,95.148000,485.827000,OK
6,12,adjacent,400,30,16,162,FWD,E10,E11,E1,E2,15.906000,270.844000,OK
6,12,adjacent,400,30,16,163,REV,E11,E10,E1,E2,16.945000,555.653000,OK
6,12,adjacent,400,30,16,164,FWD,E10,E11,E2,E3,2.406000,432.919000,OK
6,12,adjacent,400,30,16,165,REV,E11,E10,E2,E3,5.375000,498.516000,OK
6,12,adjacent,400,30,16,166,FWD,E10,E11,E3,E4,32.695000,461.648000,OK
6,12,adjacent,400,30,16,167,REV,E11,E10,E3,E4,35.789000,487.902000,OK
6,12,adjacent,400,30,16,168,FWD,E10,E11,E4,E5,17.992000,470.984000,OK
6,12,adjacent,400,30,16,169,REV,E11,E10,E4,E5,15.836000,481.758000,OK
6,12,adjacent,400,30,16,170,FWD,E10,E11,E5,E6,-12.039000,473.857000,OK
6,12,adjacent,400,30,16,171,REV,E11,E10,E5,E6,-13.648000,480.082000,OK
6,12,adjacent,400,30,16,172,FWD,E10,E11,E6,E7,-33.531000,475.613000,OK
6,12,adjacent,400,30,16,173,REV,E11,E10,E6,E7,-32.859000,481.119000,OK
6,12,adjacent,400,30,16,174,FWD,E10,E11,E7,E8,-19.109000,477.289000,OK
6,12,adjacent,400,30,16,175,REV,E11,E10,E7,E8,-18.344000,480.720000,OK
6,12,adjacent,400,30,16,176,FWD,E10,E11,E8,E9,-5.680000,477.448000,OK
6,12,adjacent,400,30,16,177,REV,E11,E10,E8,E9,-2.094000,480.162000,OK
6,12,adjacent,400,30,16,178,FWD,E10,E11,E12,E1,96.969000,477.847000,OK
6,12,adjacent,400,30,16,179,REV,E11,E10,E12,E1,98.977000,478.645000,OK
6,12,adjacent,400,30,16,180,FWD,E11,E12,E1,E2,17.234000,343.782000,OK
6,12,adjacent,400,30,16,181,REV,E12,E11,E1,E2,19.156000,511.603000,OK
6,12,adjacent,400,30,16,182,FWD,E11,E12,E2,E3,-0.969000,457.578000,OK
6,12,adjacent,400,30,16,183,REV,E12,E11,E2,E3,1.859000,476.890000,OK
6,12,adjacent,400,30,16,184,FWD,E11,E12,E3,E4,25.523000,470.107000,OK
6,12,adjacent,400,30,16,185,REV,E12,E11,E3,E4,27.883000,472.261000,OK
6,12,adjacent,400,30,16,186,FWD,E11,E12,E4,E5,20.086000,473.857000,OK
6,12,adjacent,400,30,16,187,REV,E12,E11,E4,E5,16.805000,471.304000,OK
6,12,adjacent,400,30,16,188,FWD,E11,E12,E5,E6,-7.586000,474.336000,OK
6,12,adjacent,400,30,16,189,REV,E12,E11,E5,E6,-9.438000,472.022000,OK
6,12,adjacent,400,30,16,190,FWD,E11,E12,E6,E7,-37.445000,476.171000,OK
6,12,adjacent,400,30,16,191,REV,E12,E11,E6,E7,-37.125000,470.665000,OK
6,12,adjacent,400,30,16,192,FWD,E11,E12,E7,E8,-23.953000,476.570000,OK
6,12,adjacent,400,30,16,193,REV,E12,E11,E7,E8,-23.586000,473.618000,OK
6,12,adjacent,400,30,16,194,FWD,E11,E12,E8,E9,2.828000,476.650000,OK
6,12,adjacent,400,30,16,195,REV,E12,E11,E8,E9,3.820000,473.777000,OK
6,12,adjacent,400,30,16,196,FWD,E11,E12,E9,E10,17.094000,475.533000,OK
6,12,adjacent,400,30,16,197,REV,E12,E11,E9,E10,18.375000,473.538000,OK
6,12,adjacent,400,30,16,198,FWD,E12,E1,E2,E3,-2.852000,237.168000,OK
6,12,adjacent,400,30,16,199,REV,E1,E12,E2,E3,0.781000,549.189000,OK
6,12,adjacent,400,30,16,200,FWD,E12,E1,E3,E4,20.836000,417.278000,OK
6,12,adjacent,400,30,16,201,REV,E1,E12,E3,E4,23.492000,483.034000,OK
6,12,adjacent,400,30,16,202,FWD,E12,E1,E4,E5,83.172000,446.246000,OK
6,12,adjacent,400,30,16,203,REV,E1,E12,E4,E5,-200.039000,469.628000,OK
6,12,adjacent,400,30,16,204,FWD,E12,E1,E5,E6,-3.711000,453.588000,OK
6,12,adjacent,400,30,16,205,REV,E1,E12,E5,E6,-6.602000,466.516000,OK
6,12,adjacent,400,30,16,206,FWD,E12,E1,E6,E7,-40.414000,457.897000,OK
6,12,adjacent,400,30,16,207,REV,E1,E12,E6,E7,-39.891000,464.920000,OK
6,12,adjacent,400,30,16,208,FWD,E12,E1,E7,E8,-27.570000,459.733000,OK
6,12,adjacent,400,30,16,209,REV,E1,E12,E7,E8,-27.312000,464.042000,OK
6,12,adjacent,400,30,16,210,FWD,E12,E1,E8,E9,4.227000,460.531000,OK
6,12,adjacent,400,30,16,211,REV,E1,E12,E8,E9,5.016000,463.643000,OK
6,12,adjacent,400,30,16,212,FWD,E12,E1,E9,E10,16.937000,459.493000,OK
6,12,adjacent,400,30,16,213,REV,E1,E12,E9,E10,17.758000,463.643000,OK
6,12,adjacent,400,30,16,214,FWD,E12,E1,E10,E11,-66.102000,460.690000,OK
6,12,adjacent,400,30,16,215,REV,E1,E12,E10,E11,-68.547000,462.765000,OK
7,13,adjacent,400,30,16,0,FWD,E1,E2,E3,E4,17.500000,192.480000,OK
7,13,adjacent,400,30,16,1,REV,E2,E1,E3,E4,20.445000,516.790000,OK
7,13,adjacent,400,30,16,2,FWD,E1,E2,E4,E5,-208.844000,398.286000,OK
7,13,adjacent,400,30,16,3,REV,E2,E1,E4,E5,78.617000,457.977000,OK
7,13,adjacent,400,30,16,4,FWD,E1,E2,E5,E6,61.391000,425.737000,OK
7,13,adjacent,400,30,16,5,REV,E2,E1,E5,E6,-223.523000,447.044000,OK
7,13,adjacent,400,30,16,6,FWD,E1,E2,E6,E7,-42.656000,433.239000,OK
7,13,adjacent,400,30,16,7,REV,E2,E1,E6,E7,-42.273000,443.294000,OK
7,13,adjacent,400,30,16,8,FWD,E1,E2,E7,E8,-30.828000,437.867000,OK
7,13,adjacent,400,30,16,9,REV,E2,E1,E7,E8,-30.453000,441.378000,OK
7,13,adjacent,400,30,16,10,FWD,E1,E2,E8,E9,5.664000,437.628000,OK
7,13,adjacent,400,30,16,11,REV,E2,E1,E8,E9,6.273000,440.900000,OK
7,13,adjacent,400,30,16,12,FWD,E1,E2,E9,E10,17.648000,439.303000,OK
7,13,adjacent,400,30,16,13,REV,E2,E1,E9,E10,18.211000,441.458000,OK
7,13,adjacent,400,30,16,14,FWD,E1,E2,E10,E11,-57.688000,438.825000,OK
7,13,adjacent,400,30,16,15,REV,E2,E1,E10,E11,-63.406000,439.064000,OK
7,13,adjacent,400,30,16,16,FWD,E1,E2,E11,E12,-62.258000,440.421000,OK
7,13,adjacent,400,30,16,17,REV,E2,E1,E11,E12,-68.117000,438.904000,OK
7,13,adjacent,400,30,16,18,FWD,E2,E3,E4,E5,77.813000,273.797000,OK
7,13,adjacent,400,30,16,19,REV,E3,E2,E4,E5,76.445000,532.990000,OK
7,13,adjacent,400,30,16,20,FWD,E2,E3,E5,E6,-255.891000,428.211000,OK
7,13,adjacent,400,30,16,21,REV,E3,E2,E5,E6,53.430000,478.805000,OK
7,13,adjacent,400,30,16,22,FWD,E2,E3,E6,E7,-44.930000,450.236000,OK
7,13,adjacent,400,30,16,23,REV,E3,E2,E6,E7,-44.375000,467.872000,OK
7,13,adjacent,400,30,16,24,FWD,E2,E3,E7,E8,-33.602000,456.301000,OK
7,13,adjacent,400,30,16,25,REV,E3,E2,E7,E8,-33.273000,465.079000,OK
7,13,adjacent,400,30,16,26,FWD,E2,E3,E8,E9,7.031000,459.254000,OK
7,13,adjacent,400,30,16,27,REV,E3,E2,E8,E9,7.648000,464.361000,OK
7,13,adjacent,400,30,16,28,FWD,E2,E3,E9,E10,18.328000,460.531000,OK
7,13,adjacent,400,30,16,29,REV,E3,E2,E9,E10,18.930000,464.840000,OK
7,13,adjacent,400,30,16,30,FWD,E2,E3,E10,E11,-64.094000,458.855000,OK
7,13,adjacent,400,30,16,31,REV,E3,E2,E10,E11,-63.930000,462.685000,OK
7,13,adjacent,400,30,16,32,FWD,E2,E3,E11,E12,-73.461000,460.850000,OK
7,13,adjacent,400,30,16,33,REV,E3,E2,E11,E12,-71.063000,463.882000,OK
7,13,adjacent,400,30,16,34,FWD,E2,E3,E12,E1,64.438000,460.132000,OK
7,13,adjacent,400,30,16,35,REV,E3,E2,E12,E1,66.328000,464.680000,OK
7,13,adjacent,400,30,16,36,FWD,E3,E4,E1,E2,40.516000,276.510000,OK
7,13,adjacent,400,30,16,37,REV,E4,E3,E1,E2,29.391000,548.391000,OK
7,13,adjacent,400,30,16,38,FWD,E3,E4,E5,E6,22.727000,435.633000,OK
7,13,adjacent,400,30,16,39,REV,E4,E3,E5,E6,25.883000,491.014000,OK
7,13,adjacent,400,30,16,40,FWD,E3,E4,E6,E7,-47.070000,459.653000,OK
7,13,adjacent,400,30,16,41,REV,E4,E3,E6,E7,-46.203000,480.561000,OK
7,13,adjacent,400,30,16,42,FWD,E3,E4,E7,E8,-36.680000,465.877000,OK
7,13,adjacent,400,30,16,43,REV,E4,E3,E7,E8,-36.188000,476.730000,OK
7,13,adjacent,400,30,16,44,FWD,E3,E4,E8,E9,8.625000,468.590000,OK
7,13,adjacent,400,30,16,45,REV,E4,E3,E8,E9,9.234000,475.852000,OK
7,13,adjacent,400,30,16,46,FWD,E3,E4,E9,E10,19.117000,470.186000,OK
7,13,adjacent,400,30,16,47,REV,E4,E3,E9,E10,19.578000,476.251000,OK
7,13,adjacent,400,30,16,48,FWD,E3,E4,E10,E11,-61.484000,468.750000,OK
7,13,adjacent,400,30,16,49,REV,E4,E3,E10,E11,-73.953000,476.730000,OK
7,13,adjacent,400,30,16,50,FWD,E3,E4,E11,E12,-73.078000,470.027000,OK
7,13,adjacent,400,30,16,51,REV,E4,E3,E11,E12,-82.547000,476.012000,OK
7,13,adjacent,400,30,16,52,FWD,E3,E4,E12,E1,68.961000,470.585000,OK
7,13,adjacent,400,30,16,53,REV,E4,E3,E12,E1,70.063000,475.373000,OK
7,13,adjacent,400,30,16,54,FWD,E4,E5,E1,E2,3.219000,186.734000,OK
7,13,adjacent,400,30,16,55,REV,E5,E4,E1,E2,3.977000,498.835000,OK
7,13,adjacent,400,30,16,56,FWD,E4,E5,E2,E3,-2.672000,393.977000,OK
7,13,adjacent,400,30,16,57,REV,E5,E4,E2,E3,-6.508000,441.219000,OK
7,13,adjacent,400,30,16,58,FWD,E4,E5,E6,E7,-49.086000,416.959000,OK
7,13,adjacent,400,30,16,59,REV,E5,E4,E6,E7,-47.648000,434.196000,OK
7,13,adjacent,400,30,16,60,FWD,E4,E5,E7,E8,-39.438000,421.907000,OK
7,13,adjacent,400,30,16,61,REV,E5,E4,E7,E8,-38.734000,430.446000,OK
7,13,adjacent,400,30,16,62,FWD,E4,E5,E8,E9,10.133000,425.019000,OK
7,13,adjacent,400,30,16,63,REV,E5,E4,E8,E9,10.836000,429.967000,OK
7,13,adjacent,400,30,16,64,FWD,E4,E5,E9,E10,19.695000,427.413000,OK
7,13,adjacent,400,30,16,65,REV,E5,E4,E9,E10,20.125000,429.009000,OK
7,13,adjacent,400,30,16,66,FWD,E4,E5,E10,E11,-58.938000,428.610000,OK
7,13,adjacent,400,30,16,67,REV,E5,E4,E10,E11,-69.594000,429.249000,OK
7,13,adjacent,400,30,16,68,FWD,E4,E5,E11,E12,-67.117000,428.371000,OK
7,13,adjacent,400,30,16,69,REV,E5,E4,E11,E12,-80.969000,430.845000,OK
7,13,adjacent,400,30,16,70,FWD,E4,E5,E12,E1,74.195000,429.089000,OK
7,13,adjacent,400,30,16,71,REV,E5,E4,E12,E1,75.070000,429.249000,OK
7,13,adjacent,400,30,16,72,FWD,E5,E6,E1,E2,4.195000,164.629000,OK
7,13,adjacent,400,30,16,73,REV,E6,E5,E1,E2,4.766000,521.419000,OK
7,13,adjacent,400,30,16,74,FWD,E5,E6,E2,E3,-0.500000,389.189000,OK
7,13,adjacent,400,30,16,75,REV,E6,E5,E2,E3,-5.125000,455.583000,OK
7,13,adjacent,400,30,16,76,FWD,E5,E6,E3,E4,-8.914000,420.870000,OK
7,13,adjacent,400,30,16,77,REV,E6,E5,E3,E4,-12.469000,444.012000,OK
7,13,adjacent,400,30,16,78,FWD,E5,E6,E7,E8,-41.938000,428.690000,OK
7,13,adjacent,400,30,16,79,REV,E6,E5,E7,E8,-40.328000,439.224000,OK
7,13,adjacent,400,30,16,80,FWD,E5,E6,E8,E9,11.508000,433.638000,OK
7,13,adjacent,400,30,16,81,REV,E6,E5,E8,E9,12.391000,438.346000,OK
7,13,adjacent,400,30,16,82,FWD,E5,E6,E9,E10,20.008000,435.712000,OK
7,13,adjacent,400,30,16,83,REV,E6,E5,E9,E10,20.430000,437.308000,OK
7,13,adjacent,400,30,16,84,FWD,E5,E6,E10,E11,-59.016000,435.712000,OK
7,13,adjacent,400,30,16,85,REV,E6,E5,E10,E11,-58.789000,437.149000,OK
7,13,adjacent,400,30,16,86,FWD,E5,E6,E11,E12,-64.273000,436.670000,OK
7,13,adjacent,400,30,16,87,REV,E6,E5,E11,E12,-64.094000,436.830000,OK
7,13,adjacent,400,30,16,88,FWD,E5,E6,E12,E1,79.195000,438.266000,OK
7,13,adjacent,400,30,16,89,REV,E6,E5,E12,E1,79.953000,435.633000,OK
7,13,adjacent,400,30,16,90,FWD,E6,E7,E1,E2,6.555000,267.413000,OK
7,13,adjacent,400,30,16,91,REV,E7,E6,E1,E2,7.195000,520.222000,OK
7,13,adjacent,400,30,16,92,FWD,E6,E7,E2,E3,97.086000,418.954000,OK
7,13,adjacent,400,30,16,93,REV,E7,E6,E2,E3,-192.148000,466.276000,OK
7,13,adjacent,400,30,16,94,FWD,E6,E7,E3,E4,-6.477000,440.660000,OK
7,13,adjacent,400,30,16,95,REV,E7,E6,E3,E4,-11.953000,457.259000,OK
7,13,adjacent,400,30,16,96,FWD,E6,E7,E4,E5,8.688000,446.805000,OK
7,13,adjacent,400,30,16,97,REV,E7,E6,E4,E5,6.742000,454.545000,OK
7,13,adjacent,400,30,16,98,FWD,E6,E7,E8,E9,12.711000,449.279000,OK
7,13,adjacent,400,30,16,99,REV,E7,E6,E8,E9,14.586000,453.907000,OK
7,13,adjacent,400,30,16,100,FWD,E6,E7,E9,E10,20.156000,448.880000,OK
7,13,adjacent,400,30,16,101,REV,E7,E6,E9,E10,20.937000,454.306000,OK
7,13,adjacent,400,30,16,102,FWD,E6,E7,E10,E11,-24.359000,451.034000,OK
7,13,adjacent,400,30,16,103,REV,E7,E6,E10,E11,-90.250000,452.710000,OK
7,13,adjacent,400,30,16,104,FWD,E6,E7,E11,E12,-38.234000,449.598000,OK
7,13,adjacent,400,30,16,105,REV,E7,E6,E11,E12,-99.656000,453.987000,OK
7,13,adjacent,400,30,16,106,FWD,E6,E7,E12,E1,83.688000,450.635000,OK
7,13,adjacent,400,30,16,107,REV,E7,E6,E12,E1,84.469000,455.583000,OK
7,13,adjacent,400,30,16,108,FWD,E7,E8,E1,E2,9.078000,260.550000,OK
7,13,adjacent,400,30,16,109,REV,E8,E7,E1,E2,9.805000,503.463000,OK
7,13,adjacent,400,30,16,110,FWD,E7,E8,E2,E3,-246.312000,419.752000,OK
7,13,adjacent,400,30,16,111,REV,E8,E7,E2,E3,53.289000,456.939000,OK
7,13,adjacent,400,30,16,112,FWD,E7,E8,E3,E4,89.320000,440.102000,OK
7,13,adjacent,400,30,16,113,REV,E8,E7,E3,E4,-180.852000,449.358000,OK
7,13,adjacent,400,30,16,114,FWD,E7,E8,E4,E5,11.766000,442.974000,OK
7,13,adjacent,400,30,16,115,REV,E8,E7,E4,E5,10.250000,446.326000,OK
7,13,adjacent,400,30,16,116,FWD,E7,E8,E5,E6,-34.484000,445.767000,OK
7,13,adjacent,400,30,16,117,REV,E8,E7,E5,E6,-35.555000,446.406000,OK
7,13,adjacent,400,30,16,118,FWD,E7,E8,E9,E10,20.164000,446.087000,OK
7,13,adjacent,400,30,16,119,REV,E8,E7,E9,E10,21.508000,446.486000,OK
7,13,adjacent,400,30,16,120,FWD,E7,E8,E10,E11,-89.344000,446.007000,OK
7,13,adjacent,400,30,16,121,REV,E8,E7,E10,E11,-48.344000,446.246000,OK
7,13,adjacent,400,30,16,122,FWD,E7,E8,E11,E12,-103.609000,446.725000,OK
7,13,adjacent,400,30,16,123,REV,E8,E7,E11,E12,-53.055000,445.528000,OK
7,13,adjacent,400,30,16,124,FWD,E7,E8,E12,E1,87.594000,447.523000,OK
7,13,adjacent,400,30,16,125,REV,E8,E7,E12,E1,88.289000,446.406000,OK
7,13,adjacent,400,30,16,126,FWD,E8,E9,E1,E2,11.820000,252.649000,OK
7,13,adjacent,400,30,16,127,REV,E9,E8,E1,E2,12.539000,545.598000,OK
7,13,adjacent,400,30,16,128,FWD,E8,E9,E2,E3,31.641000,427.493000,OK
7,13,adjacent,400,30,16,129,REV,E9,E8,E2,E3,32.320000,485.029000,OK
7,13,adjacent,400,30,16,130,FWD,E8,E9,E3,E4,-201.023000,450.396000,OK
7,13,adjacent,400,30,16,131,REV,E9,E8,E3,E4,83.766000,475.772000,OK
7,13,adjacent,400,30,16,132,FWD,E8,E9,E4,E5,14.070000,456.540000,OK
7,13,adjacent,400,30,16,133,REV,E9,E8,E4,E5,12.539000,472.181000,OK
7,13,adjacent,400,30,16,134,FWD,E8,E9,E5,E6,-24.383000,458.535000,OK
7,13,adjacent,400,30,16,135,REV,E9,E8,E5,E6,-25.578000,470.984000,OK
7,13,adjacent,400,30,16,136,FWD,E8,E9,E6,E7,-17.172000,459.653000,OK
7,13,adjacent,400,30,16,137,REV,E9,E8,E6,E7,-16.352000,471.144000,OK
7,13,adjacent,400,30,16,138,FWD,E8,E9,E10,E11,-60.781000,462.765000,OK
7,13,adjacent,400,30,16,139,REV,E9,E8,E10,E11,-57.094000,471.703000,OK
7,13,adjacent,400,30,16,140,FWD,E8,E9,E11,E12,-79.234000,462.925000,OK
7,13,adjacent,400,30,16,141,REV,E9,E8,E11,E12,-67.961000,470.984000,OK
7,13,adjacent,400,30,16,142,FWD,E8,E9,E12,E1,90.922000,464.361000,OK
7,13,adjacent,400,30,16,143,REV,E9,E8,E12,E1,91.852000,471.144000,OK
7,13,adjacent,400,30,16,144,FWD,E9,E10,E1,E2,14.063000,249.697000,OK
7,13,adjacent,400,30,16,145,REV,E10,E9,E1,E2,14.773000,567.863000,OK
7,13,adjacent,400,30,16,146,FWD,E9,E10,E2,E3,9.133000,441.378000,OK
7,13,adjacent,400,30,16,147,REV,E10,E9,E2,E3,11.438000,503.543000,OK
7,13,adjacent,400,30,16,148,FWD,E9,E10,E3,E4,51.102000,469.867000,OK
7,13,adjacent,400,30,16,149,REV,E10,E9,E3,E4,52.570000,491.573000,OK
7,13,adjacent,400,30,16,150,FWD,E9,E10,E4,E5,15.953000,476.331000,OK
7,13,adjacent,400,30,16,151,REV,E10,E9,E4,E5,14.406000,488.620000,OK
7,13,adjacent,400,30,16,152,FWD,E9,E10,E5,E6,-17.680000,480.321000,OK
7,13,adjacent,400,30,16,153,REV,E10,E9,E5,E6,-18.836000,485.668000,OK
7,13,adjacent,400,30,16,154,FWD,E9,E10,E6,E7,-27.344000,483.513000,OK
7,13,adjacent,400,30,16,155,REV,E10,E9,E6,E7,-26.797000,485.588000,OK
7,13,adjacent,400,30,16,156,FWD,E9,E10,E7,E8,-11.297000,484.152000,OK
7,13,adjacent,400,30,16,157,REV,E10,E9,E7,E8,-10.547000,486.067000,OK
7,13,adjacent,400,30,16,158,FWD,E9,E10,E11,E12,-61.234000,485.269000,OK
7,13,adjacent,400,30,16,159,REV,E10,E9,E11,E12,-66.539000,486.306000,OK
7,13,adjacent,400,30,16,160,FWD,E9,E10,E12,E1,93.844000,486.546000,OK
7,13,adjacent,400,30,16,161,REV,E10,E9,E12,E1,95.000000,485.508000,OK
7,13,adjacent,400,30,16,162,FWD,E10,E11,E1,E2,15.961000,271.243000,OK
7,13,adjacent,400,30,16,163,REV,E11,E10,E1,E2,16.977000,554.775000,OK
7,13,adjacent,400,30,16,164,FWD,E10,E11,E2,E3,3.047000,433.877000,OK
7,13,adjacent,400,30,16,165,REV,E11,E10,E2,E3,6.039000,498.117000,OK
7,13,adjacent,400,30,16,166,FWD,E10,E11,E3,E4,32.625000,461.249000,OK
7,13,adjacent,400,30,16,167,REV,E11,E10,E3,E4,35.820000,486.625000,OK
7,13,adjacent,400,30,16,168,FWD,E10,E11,E4,E5,17.617000,470.107000,OK
7,13,adjacent,400,30,16,169,REV,E11,E10,E4,E5,15.570000,483.034000,OK
7,13,adjacent,400,30,16,170,FWD,E10,E11,E5,E6,-12.125000,473.937000,OK
7,13,adjacent,400,30,16,171,REV,E11,E10,E5,E6,-13.766000,481.678000,OK
7,13,adjacent,400,30,16,172,FWD,E10,E11,E6,E7,-33.039000,475.932000,OK
7,13,adjacent,400,30,16,173,REV,E11,E10,E6,E7,-32.438000,480.401000,OK
7,13,adjacent,400,30,16,174,FWD,E10,E11,E7,E8,-19.359000,477.289000,OK
7,13,adjacent,400,30,16,175,REV,E11,E10,E7,E8,-18.586000,480.561000,OK
7,13,adjacent,400,30,16,176,FWD,E10,E11,E8,E9,-6.211000,477.368000,OK
7,13,adjacent,400,30,16,177,REV,E11,E10,E8,E9,-2.586000,481.039000,OK
7,13,adjacent,400,30,16,178,FWD,E10,E11,E12,E1,96.836000,477.927000,OK
7,13,adjacent,400,30,16,179,REV,E11,E10,E12,E1,98.805000,480.481000,OK
7,13,adjacent,400,30,16,180,FWD,E11,E12,E1,E2,17.312000,343.383000,OK
7,13,adjacent,400,30,16,181,REV,E12,E11,E1,E2,19.211000,511.763000,OK
7,13,adjacent,400,30,16,182,FWD,E11,E12,E2,E3,-0.422000,457.418000,OK
7,13,adjacent,400,30,16,183,REV,E12,E11,E2,E3,2.484000,476.570000,OK
7,13,adjacent,400,30,16,184,FWD,E11,E12,E3,E4,25.562000,470.984000,OK
7,13,adjacent,400,30,16,185,REV,E12,E11,E3,E4,27.930000,471.782000,OK
7,13,adjacent,400,30,16,186,FWD,E11,E12,E4,E5,19.719000,473.618000,OK
7,13,adjacent,400,30,16,187,REV,E12,E11,E4,E5,16.398000,469.867000,OK
7,13,adjacent,400,30,16,188,FWD,E11,E12,E5,E6,-7.750000,475.693000,OK
7,13,adjacent,400,30,16,189,REV,E12,E11,E5,E6,-9.563000,471.782000,OK
7,13,adjacent,400,30,16,190,FWD,E11,E12,E6,E7,-37.016000,476.411000,OK
7,13,adjacent,400,30,16,191,REV,E12,E11,E6,E7,-36.664000,473.219000,OK
7,13,adjacent,400,30,16,192,FWD,E11,E12,E7,E8,-24.102000,475.453000,OK
7,13,adjacent,400,30,16,193,REV,E12,E11,E7,E8,-23.781000,472.341000,OK
7,13,adjacent,400,30,16,194,FWD,E11,E12,E8,E9,2.289000,476.730000,OK
7,13,adjacent,400,30,16,195,REV,E12,E11,E8,E9,3.289000,472.660000,OK
7,13,adjacent,400,30,16,196,FWD,E11,E12,E9,E10,16.836000,475.932000,OK
7,13,adjacent,400,30,16,197,REV,E12,E11,E9,E10,18.125000,472.820000,OK
7,13,adjacent,400,30,16,198,FWD,E12,E1,E2,E3,-2.266000,238.046000,OK
7,13,adjacent,400,30,16,199,REV,E1,E12,E2,E3,1.312000,549.987000,OK
7,13,adjacent,400,30,16,200,FWD,E12,E1,E3,E4,20.898000,416.241000,OK
7,13,adjacent,400,30,16,201,REV,E1,E12,E3,E4,23.586000,483.912000,OK
7,13,adjacent,400,30,16,202,FWD,E12,E1,E4,E5,82.750000,445.528000,OK
7,13,adjacent,400,30,16,203,REV,E1,E12,E4,E5,-200.398000,470.665000,OK
7,13,adjacent,400,30,16,204,FWD,E12,E1,E5,E6,-3.883000,453.428000,OK
7,13,adjacent,400,30,16,205,REV,E1,E12,E5,E6,-6.797000,466.117000,OK
7,13,adjacent,400,30,16,206,FWD,E12,E1,E6,E7,-40.008000,457.897000,OK
7,13,adjacent,400,30,16,207,REV,E1,E12,E6,E7,-39.586000,464.999000,OK
7,13,adjacent,400,30,16,208,FWD,E12,E1,E7,E8,-27.687000,459.094000,OK
7,13,adjacent,400,30,16,209,REV,E1,E12,E7,E8,-27.406000,464.920000,OK
7,13,adjacent,400,30,16,210,FWD,E12,E1,E8,E9,3.648000,459.493000,OK
7,13,adjacent,400,30,16,211,REV,E1,E12,E8,E9,4.422000,465.797000,OK
7,13,adjacent,400,30,16,212,FWD,E12,E1,E9,E10,16.602000,458.296000,OK
7,13,adjacent,400,30,16,213,REV,E1,E12,E9,E10,17.500000,463.004000,OK
7,13,adjacent,400,30,16,214,FWD,E12,E1,E10,E11,-69.305000,459.972000,OK
7,13,adjacent,400,30,16,215,REV,E1,E12,E10,E11,-70.469000,462.845000,OK
8,14,adjacent,400,30,16,0,FWD,E1,E2,E3,E4,17.625000,192.480000,OK
8,14,adjacent,400,30,16,1,REV,E2,E1,E3,E4,20.609000,515.753000,OK
8,14,adjacent,400,30,16,2,FWD,E1,E2,E4,E5,-209.203000,397.967000,OK
8,14,adjacent,400,30,16,3,REV,E2,E1,E4,E5,78.258000,457.817000,OK
8,14,adjacent,400,30,16,4,FWD,E1,E2,E5,E6,61.094000,425.737000,OK
8,14,adjacent,400,30,16,5,REV,E2,E1,E5,E6,-223.977000,446.087000,OK
8,14,adjacent,400,30,16,6,FWD,E1,E2,E6,E7,-42.461000,433.159000,OK
8,14,adjacent,400,30,16,7,REV,E2,E1,E6,E7,-42.102000,443.294000,OK
8,14,adjacent,400,30,16,8,FWD,E1,E2,E7,E8,-30.820000,436.431000,OK
8,14,adjacent,400,30,16,9,REV,E2,E1,E7,E8,-30.437000,440.660000,OK
8,14,adjacent,400,30,16,10,FWD,E1,E2,E8,E9,5.039000,437.867000,OK
8,14,adjacent,400,30,16,11,REV,E2,E1,E8,E9,5.641000,441.777000,OK
8,14,adjacent,400,30,16,12,FWD,E1,E2,E9,E10,17.312000,440.580000,OK
8,14,adjacent,400,30,16,13,REV,E2,E1,E9,E10,17.906000,440.660000,OK
8,14,adjacent,400,30,16,14,FWD,E1,E2,E10,E11,-59.367000,440.979000,OK
8,14,adjacent,400,30,16,15,REV,E2,E1,E10,E11,-68.328000,439.383000,OK
8,14,adjacent,400,30,16,16,FWD,E1,E2,E11,E12,-66.383000,441.059000,OK
8,14,adjacent,400,30,16,17,REV,E2,E1,E11,E12,-73.359000,439.303000,OK
8,14,adjacent,400,30,16,18,FWD,E2,E3,E4,E5,77.414000,271.243000,OK
8,14,adjacent,400,30,16,19,REV,E3,E2,E4,E5,75.977000,532.670000,OK
8,14,adjacent,400,30,16,20,FWD,E2,E3,E5,E6,-255.875000,428.211000,OK
8,14,adjacent,400,30,16,21,REV,E3,E2,E5,E6,53.438000,479.762000,OK
8,14,adjacent,400,30,16,22,FWD,E2,E3,E6,E7,-44.688000,451.034000,OK
8,14,adjacent,400,30,16,23,REV,E3,E2,E6,E7,-44.211000,468.191000,OK
8,14,adjacent,400,30,16,24,FWD,E2,E3,E7,E8,-33.492000,456.620000,OK
8,14,adjacent,400,30,16,25,REV,E3,E2,E7,E8,-33.172000,465.239000,OK
8,14,adjacent,400,30,16,26,FWD,E2,E3,E8,E9,6.398000,458.376000,OK
8,14,adjacent,400,30,16,27,REV,E3,E2,E8,E9,7.000000,462.925000,OK
8,14,adjacent,400,30,16,28,FWD,E2,E3,E9,E10,18.062000,459.413000,OK
8,14,adjacent,400,30,16,29,REV,E3,E2,E9,E10,18.625000,464.441000,OK
8,14,adjacent,400,30,16,30,FWD,E2,E3,E10,E11,-64.125000,460.052000,OK
8,14,adjacent,400,30,16,31,REV,E3,E2,E10,E11,-63.961000,464.521000,OK
8,14,adjacent,400,30,16,32,FWD,E2,E3,E11,E12,-75.430000,460.850000,OK
8,14,adjacent,400,30,16,33,REV,E3,E2,E11,E12,-70.000000,463.563000,OK
8,14,adjacent,400,30,16,34,FWD,E2,E3,E12,E1,64.250000,462.845000,OK
8,14,adjacent,400,30,16,35,REV,E3,E2,E12,E1,66.148000,463.483000,OK
8,14,adjacent,400,30,16,36,FWD,E3,E4,E1,E2,40.859000,275.712000,OK
8,14,adjacent,400,30,16,37,REV,E4,E3,E1,E2,29.742000,547.753000,OK
8,14,adjacent,400,30,16,38,FWD,E3,E4,E5,E6,22.758000,435.393000,OK
8,14,adjacent,400,30,16,39,REV,E4,E3,E5,E6,25.984000,491.733000,OK
8,14,adjacent,400,30,16,40,FWD,E3,E4,E6,E7,-47.039000,459.972000,OK
8,14,adjacent,400,30,16,41,REV,E4,E3,E6,E7,-46.094000,480.162000,OK
8,14,adjacent,400,30,16,42,FWD,E3,E4,E7,E8,-36.383000,467.314000,OK
8,14,adjacent,400,30,16,43,REV,E4,E3,E7,E8,-35.883000,476.491000,OK
8,14,adjacent,400,30,16,44,FWD,E3,E4,E8,E9,7.969000,468.032000,OK
8,14,adjacent,400,30,16,45,REV,E4,E3,E8,E9,8.602000,477.049000,OK
8,14,adjacent,400,30,16,46,FWD,E3,E4,E9,E10,18.859000,469.309000,OK
8,14,adjacent,400,30,16,47,REV,E4,E3,E9,E10,19.352000,476.171000,OK
8,14,adjacent,400,30,16,48,FWD,E3,E4,E10,E11,-61.641000,470.107000,OK
8,14,adjacent,400,30,16,49,REV,E4,E3,E10,E11,-74.789000,475.772000,OK
8,14,adjacent,400,30,16,50,FWD,E3,E4,E11,E12,-70.453000,469.548000,OK
8,14,adjacent,400,30,16,51,REV,E4,E3,E11,E12,-81.375000,475.453000,OK
8,14,adjacent,400,30,16,52,FWD,E3,E4,E12,E1,68.688000,470.186000,OK
8,14,adjacent,400,30,16,53,REV,E4,E3,E12,E1,69.789000,475.214000,OK
8,14,adjacent,400,30,16,54,FWD,E4,E5,E1,E2,3.523000,186.096000,OK
8,14,adjacent,400,30,16,55,REV,E5,E4,E1,E2,4.250000,499.314000,OK
8,14,adjacent,400,30,16,56,FWD,E4,E5,E2,E3,-2.727000,391.742000,OK
8,14,adjacent,400,30,16,57,REV,E5,E4,E2,E3,-6.586000,441.538000,OK
8,14,adjacent,400,30,16,58,FWD,E4,E5,E6,E7,-49.172000,416.321000,OK
8,14,adjacent,400,30,16,59,REV,E5,E4,E6,E7,-47.766000,433.558000,OK
8,14,adjacent,400,30,16,60,FWD,E4,E5,E7,E8,-38.977000,422.466000,OK
8,14,adjacent,400,30,16,61,REV,E5,E4,E7,E8,-38.297000,431.004000,OK
8,14,adjacent,400,30,16,62,FWD,E4,E5,E8,E9,9.484000,425.817000,OK
8,14,adjacent,400,30,16,63,REV,E5,E4,E8,E9,10.141000,431.084000,OK
8,14,adjacent,400,30,16,64,FWD,E4,E5,E9,E10,19.539000,426.296000,OK
8,14,adjacent,400,30,16,65,REV,E5,E4,E9,E10,19.914000,430.605000,OK
8,14,adjacent,400,30,16,66,FWD,E4,E5,E10,E11,-58.117000,426.855000,OK
8,14,adjacent,400,30,16,67,REV,E5,E4,E10,E11,-70.086000,430.366000,OK
8,14,adjacent,400,30,16,68,FWD,E4,E5,E11,E12,-67.445000,428.690000,OK
8,14,adjacent,400,30,16,69,REV,E5,E4,E11,E12,-77.188000,430.206000,OK
8,14,adjacent,400,30,16,70,FWD,E4,E5,E12,E1,73.898000,429.408000,OK
8,14,adjacent,400,30,16,71,REV,E5,E4,E12,E1,74.773000,429.009000,OK
8,14,adjacent,400,30,16,72,FWD,E5,E6,E1,E2,4.344000,165.427000,OK
8,14,adjacent,400,30,16,73,REV,E6,E5,E1,E2,4.961000,520.860000,OK
8,14,adjacent,400,30,16,74,FWD,E5,E6,E2,E3,-0.609000,388.869000,OK
8,14,adjacent,400,30,16,75,REV,E6,E5,E2,E3,-5.273000,454.944000,OK
8,14,adjacent,400,30,16,76,FWD,E5,E6,E3,E4,-8.750000,421.189000,OK
8,14,adjacent,400,30,16,77,REV,E6,E5,E3,E4,-12.281000,444.012000,OK
8,14,adjacent,400,30,16,78,FWD,E5,E6,E7,E8,-41.281000,428.052000,OK
8,14,adjacent,400,30,16,79,REV,E6,E5,E7,E8,-39.688000,439.702000,OK
8,14,adjacent,400,30,16,80,FWD,E5,E6,E8,E9,10.859000,432.281000,OK
8,14,adjacent,400,30,16,81,REV,E6,E5,E8,E9,11.742000,435.952000,OK
8,14,adjacent,400,30,16,82,FWD,E5,E6,E9,E10,20.008000,433.638000,OK
8,14,adjacent,400,30,16,83,REV,E6,E5,E9,E10,20.469000,437.707000,OK
8,14,adjacent,400,30,16,84,FWD,E5,E6,E10,E11,-59.219000,436.590000,OK
8,14,adjacent,400,30,16,85,REV,E6,E5,E10,E11,-61.328000,436.191000,OK
8,14,adjacent,400,30,16,86,FWD,E5,E6,E11,E12,-66.617000,436.830000,OK
8,14,adjacent,400,30,16,87,REV,E6,E5,E11,E12,-66.859000,434.755000,OK
8,14,adjacent,400,30,16,88,FWD,E5,E6,E12,E1,78.961000,436.909000,OK
8,14,adjacent,400,30,16,89,REV,E6,E5,E12,E1,79.711000,436.431000,OK
8,14,adjacent,400,30,16,90,FWD,E6,E7,E1,E2,6.656000,268.689000,OK
8,14,adjacent,400,30,16,91,REV,E7,E6,E1,E2,7.305000,519.583000,OK
8,14,adjacent,400,30,16,92,FWD,E6,E7,E2,E3,96.992000,419.353000,OK
8,14,adjacent,400,30,16,93,REV,E7,E6,E2,E3,-192.109000,467.393000,OK
8,14,adjacent,400,30,16,94,FWD,E6,E7,E3,E4,-6.320000,440.102000,OK
8,14,adjacent,400,30,16,95,REV,E7,E6,E3,E4,-11.789000,456.461000,OK
8,14,adjacent,400,30,16,96,FWD,E6,E7,E4,E5,8.359000,446.087000,OK
8,14,adjacent,400,30,16,97,REV,E7,E6,E4,E5,6.266000,455.343000,OK
8,14,adjacent,400,30,16,98,FWD,E6,E7,E8,E9,12.094000,447.762000,OK
8,14,adjacent,400,30,16,99,REV,E7,E6,E8,E9,14.016000,453.747000,OK
8,14,adjacent,400,30,16,100,FWD,E6,E7,E9,E10,20.305000,449.279000,OK
8,14,adjacent,400,30,16,101,REV,E7,E6,E9,E10,21.133000,453.508000,OK
8,14,adjacent,400,30,16,102,FWD,E6,E7,E10,E11,-26.531000,449.598000,OK
8,14,adjacent,400,30,16,103,REV,E7,E6,E10,E11,-91.219000,453.747000,OK
8,14,adjacent,400,30,16,104,FWD,E6,E7,E11,E12,-42.070000,451.114000,OK
8,14,adjacent,400,30,16,105,REV,E7,E6,E11,E12,-100.266000,453.827000,OK
8,14,adjacent,400,30,16,106,FWD,E6,E7,E12,E1,83.406000,451.513000,OK
8,14,adjacent,400,30,16,107,REV,E7,E6,E12,E1,84.211000,454.545000,OK
8,14,adjacent,400,30,16,108,FWD,E7,E8,E1,E2,9.094000,259.512000,OK
8,14,adjacent,400,30,16,109,REV,E8,E7,E1,E2,9.828000,503.384000,OK
8,14,adjacent,400,30,16,110,FWD,E7,E8,E2,E3,-246.141000,420.311000,OK
8,14,adjacent,400,30,16,111,REV,E8,E7,E2,E3,53.531000,456.221000,OK
8,14,adjacent,400,30,16,112,FWD,E7,E8,E3,E4,89.320000,439.702000,OK
8,14,adjacent,400,30,16,113,REV,E8,E7,E3,E4,-180.781000,448.640000,OK
8,14,adjacent,400,30,16,114,FWD,E7,E8,E4,E5,11.648000,444.570000,OK
8,14,adjacent,400,30,16,115,REV,E8,E7,E4,E5,9.945000,446.406000,OK
8,14,adjacent,400,30,16,116,FWD,E7,E8,E5,E6,-34.531000,444.411000,OK
8,14,adjacent,400,30,16,117,REV,E8,E7,E5,E6,-35.773000,445.608000,OK
8,14,adjacent,400,30,16,118,FWD,E7,E8,E9,E10,20.562000,446.246000,OK
8,14,adjacent,400,30,16,119,REV,E8,E7,E9,E10,21.883000,446.964000,OK
8,14,adjacent,400,30,16,120,FWD,E7,E8,E10,E11,-91.250000,446.964000,OK
8,14,adjacent,400,30,16,121,REV,E8,E7,E10,E11,-50.047000,446.326000,OK
8,14,adjacent,400,30,16,122,FWD,E7,E8,E11,E12,-105.203000,446.406000,OK
8,14,adjacent,400,30,16,123,REV,E8,E7,E11,E12,-55.602000,446.565000,OK
8,14,adjacent,400,30,16,124,FWD,E7,E8,E12,E1,87.320000,445.209000,OK
8,14,adjacent,400,30,16,125,REV,E8,E7,E12,E1,88.070000,447.124000,OK
8,14,adjacent,400,30,16,126,FWD,E8,E9,E1,E2,11.719000,252.091000,OK
8,14,adjacent,400,30,16,127,REV,E9,E8,E1,E2,12.445000,545.439000,OK
8,14,adjacent,400,30,16,128,FWD,E8,E9,E2,E3,31.617000,427.254000,OK
8,14,adjacent,400,30,16,129,REV,E9,E8,E2,E3,32.258000,485.428000,OK
8,14,adjacent,400,30,16,130,FWD,E8,E9,E3,E4,-201.070000,450.396000,OK
8,14,adjacent,400,30,16,131,REV,E9,E8,E3,E4,83.859000,474.895000,OK
8,14,adjacent,400,30,16,132,FWD,E8,E9,E4,E5,13.789000,456.780000,OK
8,14,adjacent,400,30,16,133,REV,E9,E8,E4,E5,12.336000,472.261000,OK
8,14,adjacent,400,30,16,134,FWD,E8,E9,E5,E6,-24.562000,459.254000,OK
8,14,adjacent,400,30,16,135,REV,E9,E8,E5,E6,-25.945000,472.580000,OK
8,14,adjacent,400,30,16,136,FWD,E8,E9,E6,E7,-17.398000,459.892000,OK
8,14,adjacent,400,30,16,137,REV,E9,E8,E6,E7,-16.625000,471.224000,OK
8,14,adjacent,400,30,16,138,FWD,E8,E9,E10,E11,-62.578000,461.807000,OK
8,14,adjacent,400,30,16,139,REV,E9,E8,E10,E11,-60.594000,470.186000,OK
8,14,adjacent,400,30,16,140,FWD,E8,E9,E11,E12,-80.859000,464.999000,OK
8,14,adjacent,400,30,16,141,REV,E9,E8,E11,E12,-71.461000,470.745000,OK
8,14,adjacent,400,30,16,142,FWD,E8,E9,E12,E1,90.727000,463.802000,OK
8,14,adjacent,400,30,16,143,REV,E9,E8,E12,E1,91.664000,469.468000,OK
8,14,adjacent,400,30,16,144,FWD,E9,E10,E1,E2,13.906000,250.016000,OK
8,14,adjacent,400,30,16,145,REV,E10,E9,E1,E2,14.570000,567.144000,OK
8,14,adjacent,400,30,16,146,FWD,E9,E10,E2,E3,8.875000,441.299000,OK
8,14,adjacent,400,30,16,147,REV,E10,E9,E2,E3,11.180000,505.778000,OK
8,14,adjacent,400,30,16,148,FWD,E9,E10,E3,E4,50.969000,468.590000,OK
8,14,adjacent,400,30,16,149,REV,E10,E9,E3,E4,52.430000,492.451000,OK
8,14,adjacent,400,30,16,150,FWD,E9,E10,E4,E5,15.664000,476.092000,OK
8,14,adjacent,400,30,16,151,REV,E10,E9,E4,E5,14.227000,487.583000,OK
8,14,adjacent,400,30,16,152,FWD,E9,E10,E5,E6,-17.914000,480.880000,OK
8,14,adjacent,400,30,16,153,REV,E10,E9,E5,E6,-19.227000,486.466000,OK
8,14,adjacent,400,30,16,154,FWD,E9,E10,E6,E7,-27.891000,482.955000,OK
8,14,adjacent,400,30,16,155,REV,E10,E9,E6,E7,-27.492000,487.423000,OK
8,14,adjacent,400,30,16,156,FWD,E9,E10,E7,E8,-10.656000,486.067000,OK
8,14,adjacent,400,30,16,157,REV,E10,E9,E7,E8,-9.883000,485.588000,OK
8,14,adjacent,400,30,16,158,FWD,E9,E10,E11,E12,-62.328000,485.029000,OK
8,14,adjacent,400,30,16,159,REV,E10,E9,E11,E12,-67.156000,486.067000,OK
8,14,adjacent,400,30,16,160,FWD,E9,E10,E12,E1,93.680000,485.349000,OK
8,14,adjacent,400,30,16,161,REV,E10,E9,E12,E1,94.813000,484.471000,OK
8,14,adjacent,400,30,16,162,FWD,E10,E11,E1,E2,15.703000,271.323000,OK
8,14,adjacent,400,30,16,163,REV,E11,E10,E1,E2,16.766000,556.451000,OK
8,14,adjacent,400,30,16,164,FWD,E10,E11,E2,E3,2.555000,434.116000,OK
8,14,adjacent,400,30,16,165,REV,E11,E10,E2,E3,5.508000,498.675000,OK
8,14,adjacent,400,30,16,166,FWD,E10,E11,E3,E4,32.438000,461.488000,OK
8,14,adjacent,400,30,16,167,REV,E11,E10,E3,E4,35.563000,486.226000,OK
8,14,adjacent,400,30,16,168,FWD,E10,E11,E4,E5,17.609000,469.548000,OK
8,14,adjacent,400,30,16,169,REV,E11,E10,E4,E5,15.352000,482.396000,OK
8,14,adjacent,400,30,16,170,FWD,E10,E11,E5,E6,-12.641000,474.256000,OK
8,14,adjacent,400,30,16,171,REV,E11,E10,E5,E6,-14.055000,482.157000,OK
8,14,adjacent,400,30,16,172,FWD,E10,E11,E6,E7,-33.781000,475.054000,OK
8,14,adjacent,400,30,16,173,REV,E11,E10,E6,E7,-33.148000,480.321000,OK
8,14,adjacent,400,30,16,174,FWD,E10,E11,E7,E8,-18.492000,475.134000,OK
8,14,adjacent,400,30,16,175,REV,E11,E10,E7,E8,-17.687000,481.598000,OK
8,14,adjacent,400,30,16,176,FWD,E10,E11,E8,E9,-6.055000,477.448000,OK
8,14,adjacent,400,30,16,177,REV,E11,E10,E8,E9,-2.430000,479.523000,OK
8,14,adjacent,400,30,16,178,FWD,E10,E11,E12,E1,96.695000,479.922000,OK
8,14,adjacent,400,30,16,179,REV,E11,E10,E12,E1,98.656000,480.241000,OK
8,14,adjacent,400,30,16,180,FWD,E11,E12,E1,E2,17.039000,343.941000,OK
8,14,adjacent,400,30,16,181,REV,E12,E11,E1,E2,18.953000,512.640000,OK
8,14,adjacent,400,30,16,182,FWD,E11,E12,E2,E3,-1.078000,457.338000,OK
8,14,adjacent,400,30,16,183,REV,E12,E11,E2,E3,1.805000,476.890000,OK
8,14,adjacent,400,30,16,184,FWD,E11,E12,E3,E4,25.281000,472.341000,OK
8,14,adjacent,400,30,16,185,REV,E12,E11,E3,E4,27.570000,472.501000,OK
8,14,adjacent,400,30,16,186,FWD,E11,E12,E4,E5,19.547000,472.740000,OK
8,14,adjacent,400,30,16,187,REV,E12,E11,E4,E5,16.320000,470.825000,OK
8,14,adjacent,400,30,16,188,FWD,E11,E12,E5,E6,-8.141000,475.613000,OK
8,14,adjacent,400,30,16,189,REV,E12,E11,E5,E6,-9.852000,471.463000,OK
8,14,adjacent,400,30,16,190,FWD,E11,E12,E6,E7,-37.875000,476.251000,OK
8,14,adjacent,400,30,16,191,REV,E12,E11,E6,E7,-37.633000,471.383000,OK
8,14,adjacent,400,30,16,192,FWD,E11,E12,E7,E8,-23.062000,477.847000,OK
8,14,adjacent,400,30,16,193,REV,E12,E11,E7,E8,-22.703000,472.421000,OK
8,14,adjacent,400,30,16,194,FWD,E11,E12,E8,E9,2.445000,477.209000,OK
8,14,adjacent,400,30,16,195,REV,E12,E11,E8,E9,3.406000,473.139000,OK
8,14,adjacent,400,30,16,196,FWD,E11,E12,E9,E10,17.047000,475.533000,OK
8,14,adjacent,400,30,16,197,REV,E12,E11,E9,E10,18.344000,474.416000,OK
8,14,adjacent,400,30,16,198,FWD,E12,E1,E2,E3,-3.047000,237.886000,OK
8,14,adjacent,400,30,16,199,REV,E1,E12,E2,E3,0.562000,550.386000,OK
8,14,adjacent,400,30,16,200,FWD,E12,E1,E3,E4,20.672000,417.518000,OK
8,14,adjacent,400,30,16,201,REV,E1,E12,E3,E4,23.352000,483.034000,OK
8,14,adjacent,400,30,16,202,FWD,E12,E1,E4,E5,82.578000,445.049000,OK
8,14,adjacent,400,30,16,203,REV,E1,E12,E4,E5,-200.492000,470.266000,OK
8,14,adjacent,400,30,16,204,FWD,E12,E1,E5,E6,-4.258000,453.987000,OK
8,14,adjacent,400,30,16,205,REV,E1,E12,E5,E6,-7.062000,467.393000,OK
8,14,adjacent,400,30,16,206,FWD,E12,E1,E6,E7,-40.922000,457.418000,OK
8,14,adjacent,400,30,16,207,REV,E1,E12,E6,E7,-40.516000,465.957000,OK
8,14,adjacent,400,30,16,208,FWD,E12,E1,E7,E8,-26.492000,459.094000,OK
8,14,adjacent,400,30,16,209,REV,E1,E12,E7,E8,-26.195000,465.398000,OK
8,14,adjacent,400,30,16,210,FWD,E12,E1,E8,E9,3.781000,459.174000,OK
8,14,adjacent,400,30,16,211,REV,E1,E12,E8,E9,4.578000,464.760000,OK
8,14,adjacent,400,30,16,212,FWD,E12,E1,E9,E10,16.914000,460.930000,OK
8,14,adjacent,400,30,16,213,REV,E1,E12,E9,E10,17.789000,463.643000,OK
8,14,adjacent,400,30,16,214,FWD,E12,E1,E10,E11,-71.891000,461.089000,OK
8,14,adjacent,400,30,16,215,REV,E1,E12,E10,E11,-71.813000,463.164000,OK
9,15,adjacent,400,30,16,0,FWD,E1,E2,E3,E4,17.344000,192.320000,OK
9,15,adjacent,400,30,16,1,REV,E2,E1,E3,E4,20.398000,515.593000,OK
9,15,adjacent,400,30,16,2,FWD,E1,E2,E4,E5,-209.602000,397.807000,OK
9,15,adjacent,400,30,16,3,REV,E2,E1,E4,E5,77.867000,458.216000,OK
9,15,adjacent,400,30,16,4,FWD,E1,E2,E5,E6,60.844000,425.897000,OK
9,15,adjacent,400,30,16,5,REV,E2,E1,E5,E6,-224.195000,447.204000,OK
9,15,adjacent,400,30,16,6,FWD,E1,E2,E6,E7,-43.563000,431.643000,OK
9,15,adjacent,400,30,16,7,REV,E2,E1,E6,E7,-43.078000,443.373000,OK
9,15,adjacent,400,30,16,8,FWD,E1,E2,E7,E8,-29.508000,436.830000,OK
9,15,adjacent,400,30,16,9,REV,E2,E1,E7,E8,-29.148000,441.777000,OK
9,15,adjacent,400,30,16,10,FWD,E1,E2,E8,E9,5.156000,438.426000,OK
9,15,adjacent,400,30,16,11,REV,E2,E1,E8,E9,5.805000,441.299000,OK
9,15,adjacent,400,30,16,12,FWD,E1,E2,E9,E10,17.555000,439.942000,OK
9,15,adjacent,400,30,16,13,REV,E2,E1,E9,E10,18.156000,439.942000,OK
9,15,adjacent,400,30,16,14,FWD,E1,E2,E10,E11,-59.867000,439.303000,OK
9,15,adjacent,400,30,16,15,REV,E2,E1,E10,E11,-66.852000,439.543000,OK
9,15,adjacent,400,30,16,16,FWD,E1,E2,E11,E12,-64.414000,440.580000,OK
9,15,adjacent,400,30,16,17,REV,E2,E1,E11,E12,-70.711000,441.299000,OK
9,15,adjacent,400,30,16,18,FWD,E2,E3,E4,E5,77.102000,272.600000,OK
9,15,adjacent,400,30,16,19,REV,E3,E2,E4,E5,75.586000,532.910000,OK
9,15,adjacent,400,30,16,20,FWD,E2,E3,E5,E6,-256.031000,428.131000,OK
9,15,adjacent,400,30,16,21,REV,E3,E2,E5,E6,53.383000,478.885000,OK
9,15,adjacent,400,30,16,22,FWD,E2,E3,E6,E7,-45.875000,450.635000,OK
9,15,adjacent,400,30,16,23,REV,E3,E2,E6,E7,-45.313000,469.149000,OK
9,15,adjacent,400,30,16,24,FWD,E2,E3,E7,E8,-32.156000,457.817000,OK
9,15,adjacent,400,30,16,25,REV,E3,E2,E7,E8,-31.859000,465.638000,OK
9,15,adjacent,400,30,16,26,FWD,E2,E3,E8,E9,6.500000,459.733000,OK
9,15,adjacent,400,30,16,27,REV,E3,E2,E8,E9,7.125000,464.760000,OK
9,15,adjacent,400,30,16,28,FWD,E2,E3,E9,E10,18.109000,459.254000,OK
9,15,adjacent,400,30,16,29,REV,E3,E2,E9,E10,18.625000,463.882000,OK
9,15,adjacent,400,30,16,30,FWD,E2,E3,E10,E11,-63.234000,459.333000,OK
9,15,adjacent,400,30,16,31,REV,E3,E2,E10,E11,-64.125000,461.887000,OK
9,15,adjacent,400,30,16,32,FWD,E2,E3,E11,E12,-72.789000,461.488000,OK
9,15,adjacent,400,30,16,33,REV,E3,E2,E11,E12,-69.625000,463.004000,OK
9,15,adjacent,400,30,16,34,FWD,E2,E3,E12,E1,64.055000,462.047000,OK
9,15,adjacent,400,30,16,35,REV,E3,E2,E12,E1,65.969000,463.962000,OK
9,15,adjacent,400,30,16,36,FWD,E3,E4,E1,E2,41.070000,277.707000,OK
9,15,adjacent,400,30,16,37,REV,E4,E3,E1,E2,29.977000,548.950000,OK
9,15,adjacent,400,30,16,38,FWD,E3,E4,E5,E6,22.828000,435.633000,OK
9,15,adjacent,400,30,16,39,REV,E4,E3,E5,E6,26.133000,491.413000,OK
9,15,adjacent,400,30,16,40,FWD,E3,E4,E6,E7,-48.055000,459.972000,OK
9,15,adjacent,400,30,16,41,REV,E4,E3,E6,E7,-47.211000,481.997000,OK
9,15,adjacent,400,30,16,42,FWD,E3,E4,E7,E8,-35.070000,466.595000,OK
9,15,adjacent,400,30,16,43,REV,E4,E3,E7,E8,-34.531000,478.406000,OK
9,15,adjacent,400,30,16,44,FWD,E3,E4,E8,E9,8.000000,468.032000,OK
9,15,adjacent,400,30,16,45,REV,E4,E3,E8,E9,8.625000,475.373000,OK
9,15,adjacent,400,30,16,46,FWD,E3,E4,E9,E10,18.719000,470.426000,OK
9,15,adjacent,400,30,16,47,REV,E4,E3,E9,E10,19.148000,477.209000,OK
9,15,adjacent,400,30,16,48,FWD,E3,E4,E10,E11,-61.281000,469.628000,OK
9,15,adjacent,400,30,16,49,REV,E4,E3,E10,E11,-72.281000,474.974000,OK
9,15,adjacent,400,30,16,50,FWD,E3,E4,E11,E12,-71.469000,471.703000,OK
9,15,adjacent,400,30,16,51,REV,E4,E3,E11,E12,-81.359000,476.969000,OK
9,15,adjacent,400,30,16,52,FWD,E3,E4,E12,E1,68.523000,470.107000,OK
9,15,adjacent,400,30,16,53,REV,E4,E3,E12,E1,69.641000,476.331000,OK
9,15,adjacent,400,30,16,54,FWD,E4,E5,E1,E2,3.602000,187.293000,OK
9,15,adjacent,400,30,16,55,REV,E5,E4,E1,E2,4.320000,497.957000,OK
9,15,adjacent,400,30,16,56,FWD,E4,E5,E2,E3,-4.031000,392.540000,OK
9,15,adjacent,400,30,16,57,REV,E5,E4,E2,E3,-7.805000,442.496000,OK
9,15,adjacent,400,30,16,58,FWD,E4,E5,E6,E7,-50.414000,416.720000,OK
9,15,adjacent,400,30,16,59,REV,E5,E4,E6,E7,-48.719000,434.914000,OK
9,15,adjacent,400,30,16,60,FWD,E4,E5,E7,E8,-37.625000,423.104000,OK
9,15,adjacent,400,30,16,61,REV,E5,E4,E7,E8,-36.945000,430.286000,OK
9,15,adjacent,400,30,16,62,FWD,E4,E5,E8,E9,9.461000,423.822000,OK
9,15,adjacent,400,30,16,63,REV,E5,E4,E8,E9,10.109000,430.765000,OK
9,15,adjacent,400,30,16,64,FWD,E4,E5,E9,E10,19.203000,427.094000,OK
9,15,adjacent,400,30,16,65,REV,E5,E4,E9,E10,19.617000,429.488000,OK
9,15,adjacent,400,30,16,66,FWD,E4,E5,E10,E11,-58.906000,427.653000,OK
9,15,adjacent,400,30,16,67,REV,E5,E4,E10,E11,-68.984000,430.286000,OK
9,15,adjacent,400,30,16,68,FWD,E4,E5,E11,E12,-67.961000,428.291000,OK
9,15,adjacent,400,30,16,69,REV,E5,E4,E11,E12,-78.781000,429.249000,OK
9,15,adjacent,400,30,16,70,FWD,E4,E5,E12,E1,73.773000,429.009000,OK
9,15,adjacent,400,30,16,71,REV,E5,E4,E12,E1,74.672000,430.206000,OK
9,15,adjacent,400,30,16,72,FWD,E5,E6,E1,E2,4.320000,164.230000,OK
9,15,adjacent,400,30,16,73,REV,E6,E5,E1,E2,4.914000,522.456000,OK
9,15,adjacent,400,30,16,74,FWD,E5,E6,E2,E3,-1.852000,389.109000,OK
9,15,adjacent,400,30,16,75,REV,E6,E5,E2,E3,-6.477000,455.184000,OK
9,15,adjacent,400,30,16,76,FWD,E5,E6,E3,E4,-8.914000,420.471000,OK
9,15,adjacent,400,30,16,77,REV,E6,E5,E3,E4,-12.453000,444.251000,OK
9,15,adjacent,400,30,16,78,FWD,E5,E6,E7,E8,-39.984000,428.690000,OK
9,15,adjacent,400,30,16,79,REV,E6,E5,E7,E8,-38.398000,438.904000,OK
9,15,adjacent,400,30,16,80,FWD,E5,E6,E8,E9,10.781000,432.840000,OK
9,15,adjacent,400,30,16,81,REV,E6,E5,E8,E9,11.633000,437.229000,OK
9,15,adjacent,400,30,16,82,FWD,E5,E6,E9,E10,19.664000,435.313000,OK
9,15,adjacent,400,30,16,83,REV,E6,E5,E9,E10,20.117000,436.271000,OK
9,15,adjacent,400,30,16,84,FWD,E5,E6,E10,E11,-58.047000,435.952000,OK
9,15,adjacent,400,30,16,85,REV,E6,E5,E10,E11,-61.469000,435.234000,OK
9,15,adjacent,400,30,16,86,FWD,E5,E6,E11,E12,-64.789000,437.867000,OK
9,15,adjacent,400,30,16,87,REV,E6,E5,E11,E12,-62.430000,437.308000,OK
9,15,adjacent,400,30,16,88,FWD,E5,E6,E12,E1,78.789000,437.229000,OK
9,15,adjacent,400,30,16,89,REV,E6,E5,E12,E1,79.563000,435.393000,OK
9,15,adjacent,400,30,16,90,FWD,E6,E7,E1,E2,6.602000,269.966000,OK
9,15,adjacent,400,30,16,91,REV,E7,E6,E1,E2,7.250000,520.222000,OK
9,15,adjacent,400,30,16,92,FWD,E6,E7,E2,E3,96.305000,419.114000,OK
9,15,adjacent,400,30,16,93,REV,E7,E6,E2,E3,-192.977000,466.595000,OK
9,15,adjacent,400,30,16,94,FWD,E6,E7,E3,E4,-6.656000,440.660000,OK
9,15,adjacent,400,30,16,95,REV,E7,E6,E3,E4,-12.063000,457.658000,OK
9,15,adjacent,400,30,16,96,FWD,E6,E7,E4,E5,8.164000,446.406000,OK
9,15,adjacent,400,30,16,97,REV,E7,E6,E4,E5,6.305000,454.785000,OK
9,15,adjacent,400,30,16,98,FWD,E6,E7,E8,E9,11.977000,448.720000,OK
9,15,adjacent,400,30,16,99,REV,E7,E6,E8,E9,13.852000,454.466000,OK
9,15,adjacent,400,30,16,100,FWD,E6,E7,E9,E10,19.977000,448.481000,OK
9,15,adjacent,400,30,16,101,REV,E7,E6,E9,E10,20.766000,454.944000,OK
9,15,adjacent,400,30,16,102,FWD,E6,E7,E10,E11,-25.102000,449.119000,OK
9,15,adjacent,400,30,16,103,REV,E7,E6,E10,E11,-90.984000,452.710000,OK
9,15,adjacent,400,30,16,104,FWD,E6,E7,E11,E12,-40.945000,450.635000,OK
9,15,adjacent,400,30,16,105,REV,E7,E6,E11,E12,-97.844000,454.865000,OK
9,15,adjacent,400,30,16,106,FWD,E6,E7,E12,E1,83.281000,450.555000,OK
9,15,adjacent,400,30,16,107,REV,E7,E6,E12,E1,84.125000,456.062000,OK
9,15,adjacent,400,30,16,108,FWD,E7,E8,E1,E2,9.000000,258.076000,OK
9,15,adjacent,400,30,16,109,REV,E8,E7,E1,E2,9.703000,504.820000,OK
9,15,adjacent,400,30,16,110,FWD,E7,E8,E2,E3,-246.266000,419.433000,OK
9,15,adjacent,400,30,16,111,REV,E8,E7,E2,E3,53.203000,456.141000,OK
9,15,adjacent,400,30,16,112,FWD,E7,E8,E3,E4,88.734000,438.106000,OK
9,15,adjacent,400,30,16,113,REV,E8,E7,E3,E4,-181.547000,448.560000,OK
9,15,adjacent,400,30,16,114,FWD,E7,E8,E4,E5,11.250000,442.815000,OK
9,15,adjacent,400,30,16,115,REV,E8,E7,E4,E5,9.883000,445.767000,OK
9,15,adjacent,400,30,16,116,FWD,E7,E8,E5,E6,-34.469000,444.012000,OK
9,15,adjacent,400,30,16,117,REV,E8,E7,E5,E6,-35.875000,446.246000,OK
9,15,adjacent,400,30,16,118,FWD,E7,E8,E9,E10,20.211000,445.927000,OK
9,15,adjacent,400,30,16,119,REV,E8,E7,E9,E10,21.492000,447.124000,OK
9,15,adjacent,400,30,16,120,FWD,E7,E8,E10,E11,-89.031000,446.406000,OK
9,15,adjacent,400,30,16,121,REV,E8,E7,E10,E11,-47.133000,445.847000,OK
9,15,adjacent,400,30,16,122,FWD,E7,E8,E11,E12,-100.703000,445.927000,OK
9,15,adjacent,400,30,16,123,REV,E8,E7,E11,E12,-52.758000,445.847000,OK
9,15,adjacent,400,30,16,124,FWD,E7,E8,E12,E1,87.266000,446.486000,OK
9,15,adjacent,400,30,16,125,REV,E8,E7,E12,E1,87.938000,447.443000,OK
9,15,adjacent,400,30,16,126,FWD,E8,E9,E1,E2,11.570000,252.809000,OK
9,15,adjacent,400,30,16,127,REV,E9,E8,E1,E2,12.297000,547.194000,OK
9,15,adjacent,400,30,16,128,FWD,E8,E9,E2,E3,31.586000,426.456000,OK
9,15,adjacent,400,30,16,129,REV,E9,E8,E2,E3,32.203000,485.748000,OK
9,15,adjacent,400,30,16,130,FWD,E8,E9,E3,E4,-201.477000,450.476000,OK
9,15,adjacent,400,30,16,131,REV,E9,E8,E3,E4,83.156000,475.373000,OK
9,15,adjacent,400,30,16,132,FWD,E8,E9,E4,E5,13.688000,454.226000,OK
9,15,adjacent,400,30,16,133,REV,E9,E8,E4,E5,12.078000,472.660000,OK
9,15,adjacent,400,30,16,134,FWD,E8,E9,E5,E6,-24.664000,458.615000,OK
9,15,adjacent,400,30,16,135,REV,E9,E8,E5,E6,-26.094000,471.304000,OK
9,15,adjacent,400,30,16,136,FWD,E8,E9,E6,E7,-17.266000,460.850000,OK
9,15,adjacent,400,30,16,137,REV,E9,E8,E6,E7,-16.367000,471.304000,OK
9,15,adjacent,400,30,16,138,FWD,E8,E9,E10,E11,-60.266000,461.967000,OK
9,15,adjacent,400,30,16,139,REV,E9,E8,E10,E11,-57.516000,469.388000,OK
9,15,adjacent,400,30,16,140,FWD,E8,E9,E11,E12,-79.219000,464.201000,OK
9,15,adjacent,400,30,16,141,REV,E9,E8,E11,E12,-68.195000,469.548000,OK
9,15,adjacent,400,30,16,142,FWD,E8,E9,E12,E1,90.578000,463.962000,OK
9,15,adjacent,400,30,16,143,REV,E9,E8,E12,E1,91.539000,469.947000,OK
9,15,adjacent,400,30,16,144,FWD,E9,E10,E1,E2,13.727000,248.739000,OK
9,15,adjacent,400,30,16,145,REV,E10,E9,E1,E2,14.438000,567.863000,OK
9,15,adjacent,400,30,16,146,FWD,E9,E10,E2,E3,8.844000,440.500000,OK
9,15,adjacent,400,30,16,147,REV,E10,E9,E2,E3,11.133000,504.182000,OK
9,15,adjacent,400,30,16,148,FWD,E9,E10,E3,E4,50.313000,470.745000,OK
9,15,adjacent,400,30,16,149,REV,E10,E9,E3,E4,51.805000,491.254000,OK
9,15,adjacent,400,30,16,150,FWD,E9,E10,E4,E5,15.477000,477.049000,OK
9,15,adjacent,400,30,16,151,REV,E10,E9,E4,E5,14.102000,487.663000,OK
9,15,adjacent,400,30,16,152,FWD,E9,E10,E5,E6,-17.953000,479.044000,OK
9,15,adjacent,400,30,16,153,REV,E10,E9,E5,E6,-19.109000,486.226000,OK
9,15,adjacent,400,30,16,154,FWD,E9,E10,E6,E7,-27.695000,483.034000,OK
9,15,adjacent,400,30,16,155,REV,E10,E9,E6,E7,-27.289000,486.226000,OK
9,15,adjacent,400,30,16,156,FWD,E9,E10,E7,E8,-10.633000,484.072000,OK
9,15,adjacent,400,30,16,157,REV,E10,E9,E7,E8,-9.898000,486.625000,OK
9,15,adjacent,400,30,16,158,FWD,E9,E10,E11,E12,-61.719000,484.551000,OK
9,15,adjacent,400,30,16,159,REV,E10,E9,E11,E12,-65.016000,485.189000,OK
9,15,adjacent,400,30,16,160,FWD,E9,E10,E12,E1,93.430000,486.306000,OK
9,15,adjacent,400,30,16,161,REV,E10,E9,E12,E1,94.633000,484.790000,OK
9,15,adjacent,400,30,16,162,FWD,E10,E11,E1,E2,15.609000,271.722000,OK
9,15,adjacent,400,30,16,163,REV,E11,E10,E1,E2,16.695000,555.254000,OK
9,15,adjacent,400,30,16,164,FWD,E10,E11,E2,E3,2.492000,433.239000,OK
9,15,adjacent,400,30,16,165,REV,E11,E10,E2,E3,5.492000,498.596000,OK
9,15,adjacent,400,30,16,166,FWD,E10,E11,E3,E4,31.922000,461.169000,OK
9,15,adjacent,400,30,16,167,REV,E11,E10,E3,E4,34.961000,486.705000,OK
9,15,adjacent,400,30,16,168,FWD,E10,E11,E4,E5,17.320000,469.309000,OK
9,15,adjacent,400,30,16,169,REV,E11,E10,E4,E5,15.109000,481.359000,OK
9,15,adjacent,400,30,16,170,FWD,E10,E11,E5,E6,-12.594000,472.740000,OK
9,15,adjacent,400,30,16,171,REV,E11,E10,E5,E6,-14.133000,481.438000,OK
9,15,adjacent,400,30,16,172,FWD,E10,E11,E6,E7,-33.547000,476.251000,OK
9,15,adjacent,400,30,16,173,REV,E11,E10,E6,E7,-33.023000,481.598000,OK
9,15,adjacent,400,30,16,174,FWD,E10,E11,E7,E8,-18.523000,476.810000,OK
9,15,adjacent,400,30,16,175,REV,E11,E10,E7,E8,-17.711000,480.481000,OK
9,15,adjacent,400,30,16,176,FWD,E10,E11,E8,E9,-6.156000,477.847000,OK
9,15,adjacent,400,30,16,177,REV,E11,E10,E8,E9,-2.563000,481.438000,OK
9,15,adjacent,400,30,16,178,FWD,E10,E11,E12,E1,96.438000,478.965000,OK
9,15,adjacent,400,30,16,179,REV,E11,E10,E12,E1,98.398000,480.800000,OK
9,15,adjacent,400,30,16,180,FWD,E11,E12,E1,E2,16.961000,342.824000,OK
9,15,adjacent,400,30,16,181,REV,E12,E11,E1,E2,18.852000,512.481000,OK
9,15,adjacent,400,30,16,182,FWD,E11,E12,E2,E3,-1.023000,456.780000,OK
9,15,adjacent,400,30,16,183,REV,E12,E11,E2,E3,1.844000,476.969000,OK
9,15,adjacent,400,30,16,184,FWD,E11,E12,E3,E4,24.805000,470.745000,OK
9,15,adjacent,400,30,16,185,REV,E12,E11,E3,E4,27.141000,472.261000,OK
9,15,adjacent,400,30,16,186,FWD,E11,E12,E4,E5,19.250000,473.698000,OK
9,15,adjacent,400,30,16,187,REV,E12,E11,E4,E5,15.969000,471.543000,OK
9,15,adjacent,400,30,16,188,FWD,E11,E12,E5,E6,-8.164000,475.693000,OK
9,15,adjacent,400,30,16,189,REV,E12,E11,E5,E6,-10.070000,470.745000,OK
9,15,adjacent,400,30,16,190,FWD,E11,E12,E6,E7,-37.773000,475.453000,OK
9,15,adjacent,400,30,16,191,REV,E12,E11,E6,E7,-37.398000,472.261000,OK
9,15,adjacent,400,30,16,192,FWD,E11,E12,E7,E8,-23.086000,476.012000,OK
9,15,adjacent,400,30,16,193,REV,E12,E11,E7,E8,-22.727000,472.979000,OK
9,15,adjacent,400,30,16,194,FWD,E11,E12,E8,E9,2.211000,476.331000,OK
9,15,adjacent,400,30,16,195,REV,E12,E11,E8,E9,3.227000,473.219000,OK
9,15,adjacent,400,30,16,196,FWD,E11,E12,E9,E10,16.898000,477.049000,OK
9,15,adjacent,400,30,16,197,REV,E12,E11,E9,E10,18.156000,474.336000,OK
9,15,adjacent,400,30,16,198,FWD,E12,E1,E2,E3,-2.953000,238.285000,OK
9,15,adjacent,400,30,16,199,REV,E1,E12,E2,E3,0.664000,549.987000,OK
9,15,adjacent,400,30,16,200,FWD,E12,E1,E3,E4,20.172000,417.358000,OK
9,15,adjacent,400,30,16,201,REV,E1,E12,E3,E4,22.859000,483.274000,OK
9,15,adjacent,400,30,16,202,FWD,E12,E1,E4,E5,82.305000,446.326000,OK
9,15,adjacent,400,30,16,203,REV,E1,E12,E4,E5,-201.016000,470.585000,OK
9,15,adjacent,400,30,16,204,FWD,E12,E1,E5,E6,-4.352000,455.423000,OK
9,15,adjacent,400,30,16,205,REV,E1,E12,E5,E6,-7.336000,466.276000,OK
9,15,adjacent,400,30,16,206,FWD,E12,E1,E6,E7,-40.719000,457.977000,OK
9,15,adjacent,400,30,16,207,REV,E1,E12,E6,E7,-40.375000,465.957000,OK
9,15,adjacent,400,30,16,208,FWD,E12,E1,E7,E8,-26.523000,459.174000,OK
9,15,adjacent,400,30,16,209,REV,E1,E12,E7,E8,-26.242000,465.079000,OK
9,15,adjacent,400,30,16,210,FWD,E12,E1,E8,E9,3.555000,459.892000,OK
9,15,adjacent,400,30,16,211,REV,E1,E12,E8,E9,4.328000,464.521000,OK
9,15,adjacent,400,30,16,212,FWD,E12,E1,E9,E10,16.695000,460.850000,OK
9,15,adjacent,400,30,16,213,REV,E1,E12,E9,E10,17.586000,463.802000,OK
9,15,adjacent,400,30,16,214,FWD,E12,E1,E10,E11,-66.648000,461.648000,OK
9,15,adjacent,400,30,16,215,REV,E1,E12,E10,E11,-68.906000,463.802000,OK
