frame_index,frame_id,pattern,dac_code,settle_ms,sample_count,record_index,polarity,i_plus,i_minus,v_plus,v_minus,voltage_mv,current_ua,quality
0,6,adjacent,400,30,16,0,FWD,E1,E2,E3,E4,4.695000,94.245000,OK
0,6,adjacent,400,30,16,1,REV,E2,E1,E3,E4,11.625000,259.911000,OK
0,6,adjacent,400,30,16,2,FWD,E1,E2,E4,E5,-7.195000,224.240000,OK
0,6,adjacent,400,30,16,3,REV,E2,E1,E4,E5,-2.414000,234.934000,OK
0,6,adjacent,400,30,16,4,FWD,E1,E2,E5,E6,-45.344000,233.737000,OK
0,6,adjacent,400,30,16,5,REV,E2,E1,E5,E6,-41.719000,232.220000,OK
0,6,adjacent,400,30,16,6,FWD,E1,E2,E6,E7,7.922000,235.652000,OK
0,6,adjacent,400,30,16,7,REV,E2,E1,E6,E7,10.680000,231.263000,OK
0,6,adjacent,400,30,16,8,FWD,E1,E2,E7,E8,16.734000,236.769000,OK
0,6,adjacent,400,30,16,9,REV,E2,E1,E7,E8,19.406000,231.263000,OK
0,6,adjacent,400,30,16,10,FWD,E1,E2,E8,E9,51.281000,236.450000,OK
0,6,adjacent,400,30,16,11,REV,E2,E1,E8,E9,54.328000,231.263000,OK
0,6,adjacent,400,30,16,12,FWD,E1,E2,E9,E10,-44.727000,237.008000,OK
0,6,adjacent,400,30,16,13,REV,E2,E1,E9,E10,-41.539000,230.784000,OK
0,6,adjacent,400,30,16,14,FWD,E1,E2,E10,E11,25.062000,237.567000,OK
0,6,adjacent,400,30,16,15,REV,E2,E1,E10,E11,29.922000,230.704000,OK
0,6,adjacent,400,30,16,16,FWD,E1,E2,E11,E12,4.008000,237.407000,OK
0,6,adjacent,400,30,16,17,REV,E2,E1,E11,E12,13.141000,230.944000,OK
0,6,adjacent,400,30,16,18,FWD,E2,E3,E4,E5,-7.867000,101.108000,OK
0,6,adjacent,400,30,16,19,REV,E3,E2,E4,E5,0.680000,271.083000,OK
0,6,adjacent,400,30,16,20,FWD,E2,E3,E5,E6,-47.664000,207.881000,OK
0,6,adjacent,400,30,16,21,REV,E3,E2,E5,E6,-41.633000,236.769000,OK
0,6,adjacent,400,30,16,22,FWD,E2,E3,E6,E7,7.344000,218.175000,OK
0,6,adjacent,400,30,16,23,REV,E3,E2,E6,E7,11.242000,231.582000,OK
0,6,adjacent,400,30,16,24,FWD,E2,E3,E7,E8,15.281000,220.410000,OK
0,6,adjacent,400,30,16,25,REV,E3,E2,E7,E8,18.484000,230.944000,OK
0,6,adjacent,400,30,16,26,FWD,E2,E3,E8,E9,54.125000,221.926000,OK
0,6,adjacent,400,30,16,27,REV,E3,E2,E8,E9,57.203000,230.146000,OK
0,6,adjacent,400,30,16,28,FWD,E2,E3,E9,E10,-46.133000,222.564000,OK
0,6,adjacent,400,30,16,29,REV,E3,E2,E9,E10,-43.383000,229.906000,OK
0,6,adjacent,400,30,16,30,FWD,E2,E3,E10,E11,22.445000,222.245000,OK
0,6,adjacent,400,30,16,31,REV,E3,E2,E10,E11,26.086000,229.986000,OK
0,6,adjacent,400,30,16,32,FWD,E2,E3,E11,E12,3.250000,222.963000,OK
0,6,adjacent,400,30,16,33,REV,E3,E2,E11,E12,8.484000,229.826000,OK
0,6,adjacent,400,30,16,34,FWD,E2,E3,E12,E1,0.242000,222.963000,OK
0,6,adjacent,400,30,16,35,REV,E3,E2,E12,E1,11.070000,229.986000,OK
0,6,adjacent,400,30,16,36,FWD,E3,E4,E1,E2,7.953000,78.843000,OK
0,6,adjacent,400,30,16,37,REV,E4,E3,E1,E2,4.828000,246.425000,OK
0,6,adjacent,400,30,16,38,FWD,E3,E4,E5,E6,-50.305000,199.981000,OK
0,6,adjacent,400,30,16,39,REV,E4,E3,E5,E6,-37.492000,219.372000,OK
0,6,adjacent,400,30,16,40,FWD,E3,E4,E6,E7,6.719000,209.557000,OK
0,6,adjacent,400,30,16,41,REV,E4,E3,E6,E7,12.180000,215.622000,OK
0,6,adjacent,400,30,16,42,FWD,E3,E4,E7,E8,14.148000,212.111000,OK
0,6,adjacent,400,30,16,43,REV,E4,E3,E7,E8,17.633000,215.781000,OK
0,6,adjacent,400,30,16,44,FWD,E3,E4,E8,E9,57.500000,213.228000,OK
0,6,adjacent,400,30,16,45,REV,E4,E3,E8,E9,60.305000,215.303000,OK
0,6,adjacent,400,30,16,46,FWD,E3,E4,E9,E10,-47.539000,214.265000,OK
0,6,adjacent,400,30,16,47,REV,E4,E3,E9,E10,-45.445000,215.781000,OK
0,6,adjacent,400,30,16,48,FWD,E3,E4,E10,E11,21.164000,214.983000,OK
0,6,adjacent,400,30,16,49,REV,E4,E3,E10,E11,23.602000,216.101000,OK
0,6,adjacent,400,30,16,50,FWD,E3,E4,E11,E12,3.781000,215.063000,OK
0,6,adjacent,400,30,16,51,REV,E4,E3,E11,E12,6.672000,216.260000,OK
0,6,adjacent,400,30,16,52,FWD,E3,E4,E12,E1,-1.570000,214.904000,OK
0,6,adjacent,400,30,16,53,REV,E4,E3,E12,E1,2.789000,216.101000,OK
0,6,adjacent,400,30,16,54,FWD,E4,E5,E1,E2,-24.570000,92.649000,OK
0,6,adjacent,400,30,16,55,REV,E5,E4,E1,E2,-21.133000,255.283000,OK
0,6,adjacent,400,30,16,56,FWD,E4,E5,E2,E3,50.938000,210.435000,OK
0,6,adjacent,400,30,16,57,REV,E5,E4,E2,E3,56.063000,229.268000,OK
0,6,adjacent,400,30,16,58,FWD,E4,E5,E6,E7,3.539000,219.612000,OK
0,6,adjacent,400,30,16,59,REV,E5,E4,E6,E7,15.680000,225.677000,OK
0,6,adjacent,400,30,16,60,FWD,E4,E5,E7,E8,11.969000,222.086000,OK
0,6,adjacent,400,30,16,61,REV,E5,E4,E7,E8,18.055000,225.517000,OK
0,6,adjacent,400,30,16,62,FWD,E4,E5,E8,E9,59.891000,223.362000,OK
0,6,adjacent,400,30,16,63,REV,E5,E4,E8,E9,63.883000,225.278000,OK
0,6,adjacent,400,30,16,64,FWD,E4,E5,E9,E10,-49.586000,223.761000,OK
0,6,adjacent,400,30,16,65,REV,E5,E4,E9,E10,-46.961000,226.395000,OK
0,6,adjacent,400,30,16,66,FWD,E4,E5,E10,E11,19.859000,224.240000,OK
0,6,adjacent,400,30,16,67,REV,E5,E4,E10,E11,22.570000,225.836000,OK
0,6,adjacent,400,30,16,68,FWD,E4,E5,E11,E12,3.602000,224.879000,OK
0,6,adjacent,400,30,16,69,REV,E5,E4,E11,E12,6.344000,225.836000,OK
0,6,adjacent,400,30,16,70,FWD,E4,E5,E12,E1,-3.969000,224.559000,OK
0,6,adjacent,400,30,16,71,REV,E5,E4,E12,E1,-0.484000,226.395000,OK
0,6,adjacent,400,30,16,72,FWD,E5,E6,E1,E2,-27.719000,108.290000,OK
0,6,adjacent,400,30,16,73,REV,E6,E5,E1,E2,-24.297000,271.004000,OK
0,6,adjacent,400,30,16,74,FWD,E5,E6,E2,E3,32.719000,232.939000,OK
0,6,adjacent,400,30,16,75,REV,E6,E5,E2,E3,39.211000,244.829000,OK
0,6,adjacent,400,30,16,76,FWD,E5,E6,E3,E4,10.828000,243.791000,OK
0,6,adjacent,400,30,16,77,REV,E6,E5,E3,E4,23.250000,241.318000,OK
0,6,adjacent,400,30,16,78,FWD,E5,E6,E7,E8,8.836000,246.026000,OK
0,6,adjacent,400,30,16,79,REV,E6,E5,E7,E8,20.211000,241.318000,OK
0,6,adjacent,400,30,16,80,FWD,E5,E6,E8,E9,61.859000,246.664000,OK
0,6,adjacent,400,30,16,81,REV,E6,E5,E8,E9,67.727000,240.599000,OK
0,6,adjacent,400,30,16,82,FWD,E5,E6,E9,E10,-51.633000,247.542000,OK
0,6,adjacent,400,30,16,83,REV,E6,E5,E9,E10,-48.148000,240.919000,OK
0,6,adjacent,400,30,16,84,FWD,E5,E6,E10,E11,18.867000,247.702000,OK
0,6,adjacent,400,30,16,85,REV,E6,E5,E10,E11,22.125000,240.839000,OK
0,6,adjacent,400,30,16,86,FWD,E5,E6,E11,E12,3.367000,247.622000,OK
0,6,adjacent,400,30,16,87,REV,E6,E5,E11,E12,6.359000,241.158000,OK
0,6,adjacent,400,30,16,88,FWD,E5,E6,E12,E1,-6.016000,248.420000,OK
0,6,adjacent,400,30,16,89,REV,E6,E5,E12,E1,-2.656000,240.839000,OK
0,6,adjacent,400,30,16,90,FWD,E6,E7,E1,E2,-28.336000,130.873000,OK
0,6,adjacent,400,30,16,91,REV,E7,E6,E1,E2,-25.398000,306.515000,OK
0,6,adjacent,400,30,16,92,FWD,E6,E7,E2,E3,31.352000,245.388000,OK
0,6,adjacent,400,30,16,93,REV,E7,E6,E2,E3,36.063000,271.642000,OK
0,6,adjacent,400,30,16,94,FWD,E6,E7,E3,E4,1.789000,258.156000,OK
0,6,adjacent,400,30,16,95,REV,E7,E6,E3,E4,9.078000,265.497000,OK
0,6,adjacent,400,30,16,96,FWD,E6,E7,E4,E5,2.375000,261.587000,OK
0,6,adjacent,400,30,16,97,REV,E7,E6,E4,E5,16.773000,264.699000,OK
0,6,adjacent,400,30,16,98,FWD,E6,E7,E8,E9,61.586000,261.747000,OK
0,6,adjacent,400,30,16,99,REV,E7,E6,E8,E9,73.305000,264.061000,OK
0,6,adjacent,400,30,16,100,FWD,E6,E7,E9,E10,-54.133000,262.146000,OK
0,6,adjacent,400,30,16,101,REV,E7,E6,E9,E10,-48.859000,263.821000,OK
0,6,adjacent,400,30,16,102,FWD,E6,E7,E10,E11,17.859000,262.146000,OK
0,6,adjacent,400,30,16,103,REV,E7,E6,E10,E11,22.008000,263.662000,OK
0,6,adjacent,400,30,16,104,FWD,E6,E7,E11,E12,3.156000,262.385000,OK
0,6,adjacent,400,30,16,105,REV,E7,E6,E11,E12,6.422000,264.061000,OK
0,6,adjacent,400,30,16,106,FWD,E6,E7,E12,E1,-7.844000,262.704000,OK
0,6,adjacent,400,30,16,107,REV,E7,E6,E12,E1,-4.602000,264.380000,OK
0,6,adjacent,400,30,16,108,FWD,E7,E8,E1,E2,-28.273000,102.384000,OK
0,6,adjacent,400,30,16,109,REV,E8,E7,E1,E2,-25.672000,284.570000,OK
0,6,adjacent,400,30,16,110,FWD,E7,E8,E2,E3,31.359000,226.395000,OK
0,6,adjacent,400,30,16,111,REV,E8,E7,E2,E3,34.836000,250.415000,OK
0,6,adjacent,400,30,16,112,FWD,E7,E8,E3,E4,2.688000,237.806000,OK
0,6,adjacent,400,30,16,113,REV,E8,E7,E3,E4,6.930000,245.148000,OK
0,6,adjacent,400,30,16,114,FWD,E7,E8,E4,E5,-3.328000,239.881000,OK
0,6,adjacent,400,30,16,115,REV,E8,E7,E4,E5,3.508000,243.552000,OK
0,6,adjacent,400,30,16,116,FWD,E7,E8,E5,E6,-32.594000,240.360000,OK
0,6,adjacent,400,30,16,117,REV,E8,E7,E5,E6,-22.219000,242.914000,OK
0,6,adjacent,400,30,16,118,FWD,E7,E8,E9,E10,-57.820000,240.839000,OK
0,6,adjacent,400,30,16,119,REV,E8,E7,E9,E10,-46.633000,242.914000,OK
0,6,adjacent,400,30,16,120,FWD,E7,E8,E10,E11,16.406000,240.679000,OK
0,6,adjacent,400,30,16,121,REV,E8,E7,E10,E11,22.711000,243.233000,OK
0,6,adjacent,400,30,16,122,FWD,E7,E8,E11,E12,2.750000,241.477000,OK
0,6,adjacent,400,30,16,123,REV,E8,E7,E11,E12,6.766000,243.073000,OK
0,6,adjacent,400,30,16,124,FWD,E7,E8,E12,E1,-9.609000,241.717000,OK
0,6,adjacent,400,30,16,125,REV,E8,E7,E12,E1,-6.250000,243.073000,OK
0,6,adjacent,400,30,16,126,FWD,E8,E9,E1,E2,-27.812000,67.671000,OK
0,6,adjacent,400,30,16,127,REV,E9,E8,E1,E2,-25.687000,252.969000,OK
0,6,adjacent,400,30,16,128,FWD,E8,E9,E2,E3,31.664000,192.240000,OK
0,6,adjacent,400,30,16,129,REV,E9,E8,E2,E3,34.219000,220.170000,OK
0,6,adjacent,400,30,16,130,FWD,E8,E9,E3,E4,3.633000,203.253000,OK
0,6,adjacent,400,30,16,131,REV,E9,E8,E3,E4,6.234000,215.462000,OK
0,6,adjacent,400,30,16,132,FWD,E8,E9,E4,E5,-3.930000,206.126000,OK
0,6,adjacent,400,30,16,133,REV,E9,E8,E4,E5,-0.383000,215.063000,OK
0,6,adjacent,400,30,16,134,FWD,E8,E9,E5,E6,-36.461000,207.163000,OK
0,6,adjacent,400,30,16,135,REV,E9,E8,E5,E6,-32.055000,215.303000,OK
0,6,adjacent,400,30,16,136,FWD,E8,E9,E6,E7,11.234000,208.520000,OK
0,6,adjacent,400,30,16,137,REV,E9,E8,E6,E7,19.203000,214.664000,OK
0,6,adjacent,400,30,16,138,FWD,E8,E9,E10,E11,20.016000,209.078000,OK
0,6,adjacent,400,30,16,139,REV,E9,E8,E10,E11,32.930000,214.904000,OK
0,6,adjacent,400,30,16,140,FWD,E8,E9,E11,E12,3.398000,209.238000,OK
0,6,adjacent,400,30,16,141,REV,E9,E8,E11,E12,8.242000,214.185000,OK
0,6,adjacent,400,30,16,142,FWD,E8,E9,E12,E1,-11.047000,209.238000,OK
0,6,adjacent,400,30,16,143,REV,E9,E8,E12,E1,-7.734000,213.547000,OK
0,6,adjacent,400,30,16,144,FWD,E9,E10,E1,E2,-27.812000,91.851000,OK
0,6,adjacent,400,30,16,145,REV,E10,E9,E1,E2,-25.180000,250.734000,OK
0,6,adjacent,400,30,16,146,FWD,E9,E10,E2,E3,31.664000,211.552000,OK
0,6,adjacent,400,30,16,147,REV,E10,E9,E2,E3,34.320000,227.353000,OK
0,6,adjacent,400,30,16,148,FWD,E9,E10,E3,E4,4.125000,220.729000,OK
0,6,adjacent,400,30,16,149,REV,E10,E9,E3,E4,6.406000,224.879000,OK
0,6,adjacent,400,30,16,150,FWD,E9,E10,E4,E5,-4.531000,223.043000,OK
0,6,adjacent,400,30,16,151,REV,E10,E9,E4,E5,-1.844000,224.559000,OK
0,6,adjacent,400,30,16,152,FWD,E9,E10,E5,E6,-38.633000,225.118000,OK
0,6,adjacent,400,30,16,153,REV,E10,E9,E5,E6,-35.680000,225.118000,OK
0,6,adjacent,400,30,16,154,FWD,E9,E10,E6,E7,8.852000,225.437000,OK
0,6,adjacent,400,30,16,155,REV,E10,E9,E6,E7,13.000000,225.198000,OK
0,6,adjacent,400,30,16,156,FWD,E9,E10,E7,E8,27.859000,225.996000,OK
0,6,adjacent,400,30,16,157,REV,E10,E9,E7,E8,37.031000,224.958000,OK
0,6,adjacent,400,30,16,158,FWD,E9,E10,E11,E12,10.977000,226.555000,OK
0,6,adjacent,400,30,16,159,REV,E10,E9,E11,E12,24.102000,225.437000,OK
0,6,adjacent,400,30,16,160,FWD,E9,E10,E12,E1,-12.813000,226.794000,OK
0,6,adjacent,400,30,16,161,REV,E10,E9,E12,E1,-7.906000,225.517000,OK
0,6,adjacent,400,30,16,162,FWD,E10,E11,E1,E2,-28.023000,111.721000,OK
0,6,adjacent,400,30,16,163,REV,E11,E10,E1,E2,-23.586000,265.896000,OK
0,6,adjacent,400,30,16,164,FWD,E10,E11,E2,E3,31.273000,220.889000,OK
0,6,adjacent,400,30,16,165,REV,E11,E10,E2,E3,35.016000,240.280000,OK
0,6,adjacent,400,30,16,166,FWD,E10,E11,E3,E4,4.305000,230.305000,OK
0,6,adjacent,400,30,16,167,REV,E11,E10,E3,E4,7.086000,238.126000,OK
0,6,adjacent,400,30,16,168,FWD,E10,E11,E4,E5,-5.289000,231.582000,OK
0,6,adjacent,400,30,16,169,REV,E11,E10,E4,E5,-2.398000,237.727000,OK
0,6,adjacent,400,30,16,170,FWD,E10,E11,E5,E6,-40.719000,233.737000,OK
0,6,adjacent,400,30,16,171,REV,E11,E10,E5,E6,-37.836000,237.168000,OK
0,6,adjacent,400,30,16,172,FWD,E10,E11,E6,E7,8.188000,234.215000,OK
0,6,adjacent,400,30,16,173,REV,E11,E10,E6,E7,11.570000,237.966000,OK
0,6,adjacent,400,30,16,174,FWD,E10,E11,E7,E8,22.062000,234.535000,OK
0,6,adjacent,400,30,16,175,REV,E11,E10,E7,E8,27.742000,238.046000,OK
0,6,adjacent,400,30,16,176,FWD,E10,E11,E8,E9,40.445000,235.093000,OK
0,6,adjacent,400,30,16,177,REV,E11,E10,E8,E9,53.031000,238.525000,OK
0,6,adjacent,400,30,16,178,FWD,E10,E11,E12,E1,-10.477000,235.891000,OK
0,6,adjacent,400,30,16,179,REV,E11,E10,E12,E1,1.930000,238.205000,OK
0,6,adjacent,400,30,16,180,FWD,E11,E12,E1,E2,-28.141000,84.190000,OK
0,6,adjacent,400,30,16,181,REV,E12,E11,E1,E2,-21.078000,249.537000,OK
0,6,adjacent,400,30,16,182,FWD,E11,E12,E2,E3,30.930000,213.387000,OK
0,6,adjacent,400,30,16,183,REV,E12,E11,E2,E3,35.734000,226.475000,OK
0,6,adjacent,400,30,16,184,FWD,E11,E12,E3,E4,4.664000,222.245000,OK
0,6,adjacent,400,30,16,185,REV,E12,E11,E3,E4,7.672000,224.001000,OK
0,6,adjacent,400,30,16,186,FWD,E11,E12,E4,E5,-5.617000,224.400000,OK
0,6,adjacent,400,30,16,187,REV,E12,E11,E4,E5,-2.938000,223.841000,OK
0,6,adjacent,400,30,16,188,FWD,E11,E12,E5,E6,-42.281000,225.357000,OK
0,6,adjacent,400,30,16,189,REV,E12,E11,E5,E6,-39.836000,224.160000,OK
0,6,adjacent,400,30,16,190,FWD,E11,E12,E6,E7,8.336000,225.597000,OK
0,6,adjacent,400,30,16,191,REV,E12,E11,E6,E7,10.820000,224.001000,OK
0,6,adjacent,400,30,16,192,FWD,E11,E12,E7,E8,19.812000,226.315000,OK
0,6,adjacent,400,30,16,193,REV,E12,E11,E7,E8,23.164000,224.719000,OK
0,6,adjacent,400,30,16,194,FWD,E11,E12,E8,E9,44.758000,227.193000,OK
0,6,adjacent,400,30,16,195,REV,E12,E11,E8,E9,49.859000,225.198000,OK
0,6,adjacent,400,30,16,196,FWD,E11,E12,E9,E10,-54.453000,227.033000,OK
0,6,adjacent,400,30,16,197,REV,E12,E11,E9,E10,-42.250000,225.437000,OK
0,6,adjacent,400,30,16,198,FWD,E12,E1,E2,E3,30.711000,95.282000,OK
0,6,adjacent,400,30,16,199,REV,E1,E12,E2,E3,39.305000,253.447000,OK
0,6,adjacent,400,30,16,200,FWD,E12,E1,E3,E4,4.375000,212.589000,OK
0,6,adjacent,400,30,16,201,REV,E1,E12,E3,E4,8.898000,227.911000,OK
0,6,adjacent,400,30,16,202,FWD,E12,E1,E4,E5,-6.250000,220.170000,OK
0,6,adjacent,400,30,16,203,REV,E1,E12,E4,E5,-2.891000,225.437000,OK
0,6,adjacent,400,30,16,204,FWD,E12,E1,E5,E6,-43.891000,222.086000,OK
0,6,adjacent,400,30,16,205,REV,E1,E12,E5,E6,-41.023000,224.639000,OK
0,6,adjacent,400,30,16,206,FWD,E12,E1,E6,E7,8.234000,222.485000,OK
0,6,adjacent,400,30,16,207,REV,E1,E12,E6,E7,10.734000,224.480000,OK
0,6,adjacent,400,30,16,208,FWD,E12,E1,E7,E8,18.141000,223.283000,OK
0,6,adjacent,400,30,16,209,REV,E1,E12,E7,E8,20.977000,225.118000,OK
0,6,adjacent,400,30,16,210,FWD,E12,E1,E8,E9,47.984000,223.442000,OK
0,6,adjacent,400,30,16,211,REV,E1,E12,E8,E9,51.625000,225.357000,OK
0,6,adjacent,400,30,16,212,FWD,E12,E1,E9,E10,-44.344000,223.841000,OK
0,6,adjacent,400,30,16,213,REV,E1,E12,E9,E10,-39.625000,225.437000,OK
0,6,adjacent,400,30,16,214,FWD,E12,E1,E10,E11,26.359000,224.320000,OK
0,6,adjacent,400,30,16,215,REV,E1,E12,E10,E11,36.297000,226.076000,OK
1,7,adjacent,400,30,16,0,FWD,E1,E2,E3,E4,5.008000,94.803000,OK
1,7,adjacent,400,30,16,1,REV,E2,E1,E3,E4,11.914000,260.151000,OK
1,7,adjacent,400,30,16,2,FWD,E1,E2,E4,E5,-7.016000,224.160000,OK
1,7,adjacent,400,30,16,3,REV,E2,E1,E4,E5,-2.250000,234.295000,OK
1,7,adjacent,400,30,16,4,FWD,E1,E2,E5,E6,-45.492000,233.417000,OK
1,7,adjacent,400,30,16,5,REV,E2,E1,E5,E6,-41.820000,230.864000,OK
1,7,adjacent,400,30,16,6,FWD,E1,E2,E6,E7,8.227000,235.412000,OK
1,7,adjacent,400,30,16,7,REV,E2,E1,E6,E7,11.008000,230.624000,OK
1,7,adjacent,400,30,16,8,FWD,E1,E2,E7,E8,16.859000,235.971000,OK
1,7,adjacent,400,30,16,9,REV,E2,E1,E7,E8,19.555000,230.784000,OK
1,7,adjacent,400,30,16,10,FWD,E1,E2,E8,E9,51.313000,236.370000,OK
1,7,adjacent,400,30,16,11,REV,E2,E1,E8,E9,54.313000,231.023000,OK
1,7,adjacent,400,30,16,12,FWD,E1,E2,E9,E10,-44.594000,237.407000,OK
1,7,adjacent,400,30,16,13,REV,E2,E1,E9,E10,-41.438000,231.183000,OK
1,7,adjacent,400,30,16,14,FWD,E1,E2,E10,E11,24.852000,237.008000,OK
1,7,adjacent,400,30,16,15,REV,E2,E1,E10,E11,29.805000,231.263000,OK
1,7,adjacent,400,30,16,16,FWD,E1,E2,E11,E12,3.305000,237.567000,OK
1,7,adjacent,400,30,16,17,REV,E2,E1,E11,E12,12.414000,231.343000,OK
1,7,adjacent,400,30,16,18,FWD,E2,E3,E4,E5,-7.656000,100.868000,OK
1,7,adjacent,400,30,16,19,REV,E3,E2,E4,E5,0.859000,271.243000,OK
1,7,adjacent,400,30,16,20,FWD,E2,E3,E5,E6,-47.805000,207.881000,OK
1,7,adjacent,400,30,16,21,REV,E3,E2,E5,E6,-41.789000,237.248000,OK
1,7,adjacent,400,30,16,22,FWD,E2,E3,E6,E7,7.617000,218.255000,OK
1,7,adjacent,400,30,16,23,REV,E3,E2,E6,E7,11.563000,232.061000,OK
1,7,adjacent,400,30,16,24,FWD,E2,E3,E7,E8,15.383000,221.288000,OK
1,7,adjacent,400,30,16,25,REV,E3,E2,E7,E8,18.586000,230.465000,OK
1,7,adjacent,400,30,16,26,FWD,E2,E3,E8,E9,54.117000,222.245000,OK
1,7,adjacent,400,30,16,27,REV,E3,E2,E8,E9,57.219000,230.146000,OK
1,7,adjacent,400,30,16,28,FWD,E2,E3,E9,E10,-46.031000,222.325000,OK
1,7,adjacent,400,30,16,29,REV,E3,E2,E9,E10,-43.273000,229.906000,OK
1,7,adjacent,400,30,16,30,FWD,E2,E3,E10,E11,22.336000,222.245000,OK
1,7,adjacent,400,30,16,31,REV,E3,E2,E10,E11,25.984000,229.268000,OK
1,7,adjacent,400,30,16,32,FWD,E2,E3,E11,E12,2.555000,222.485000,OK
1,7,adjacent,400,30,16,33,REV,E3,E2,E11,E12,7.789000,228.869000,OK
1,7,adjacent,400,30,16,34,FWD,E2,E3,E12,E1,0.266000,222.564000,OK
1,7,adjacent,400,30,16,35,REV,E3,E2,E12,E1,10.961000,229.268000,OK
1,7,adjacent,400,30,16,36,FWD,E3,E4,E1,E2,7.891000,78.285000,OK
1,7,adjacent,400,30,16,37,REV,E4,E3,E1,E2,4.812000,245.866000,OK
1,7,adjacent,400,30,16,38,FWD,E3,E4,E5,E6,-50.461000,200.140000,OK
1,7,adjacent,400,30,16,39,REV,E4,E3,E5,E6,-37.594000,219.133000,OK
1,7,adjacent,400,30,16,40,FWD,E3,E4,E6,E7,7.023000,209.876000,OK
1,7,adjacent,400,30,16,41,REV,E4,E3,E6,E7,12.414000,215.861000,OK
1,7,adjacent,400,30,16,42,FWD,E3,E4,E7,E8,14.305000,211.791000,OK
1,7,adjacent,400,30,16,43,REV,E4,E3,E7,E8,17.773000,215.861000,OK
1,7,adjacent,400,30,16,44,FWD,E3,E4,E8,E9,57.516000,212.988000,OK
1,7,adjacent,400,30,16,45,REV,E4,E3,E8,E9,60.281000,215.462000,OK
1,7,adjacent,400,30,16,46,FWD,E3,E4,E9,E10,-47.453000,213.786000,OK
1,7,adjacent,400,30,16,47,REV,E4,E3,E9,E10,-45.344000,215.223000,OK
1,7,adjacent,400,30,16,48,FWD,E3,E4,E10,E11,21.094000,214.664000,OK
1,7,adjacent,400,30,16,49,REV,E4,E3,E10,E11,23.516000,215.941000,OK
1,7,adjacent,400,30,16,50,FWD,E3,E4,E11,E12,3.070000,214.983000,OK
1,7,adjacent,400,30,16,51,REV,E4,E3,E11,E12,5.977000,216.659000,OK
1,7,adjacent,400,30,16,52,FWD,E3,E4,E12,E1,-1.711000,215.462000,OK
1,7,adjacent,400,30,16,53,REV,E4,E3,E12,E1,2.672000,216.420000,OK
1,7,adjacent,400,30,16,54,FWD,E4,E5,E1,E2,-24.609000,92.808000,OK
1,7,adjacent,400,30,16,55,REV,E5,E4,E1,E2,-21.156000,256.480000,OK
1,7,adjacent,400,30,16,56,FWD,E4,E5,E2,E3,51.188000,210.834000,OK
1,7,adjacent,400,30,16,57,REV,E5,E4,E2,E3,56.328000,229.348000,OK
1,7,adjacent,400,30,16,58,FWD,E4,E5,E6,E7,3.703000,219.771000,OK
1,7,adjacent,400,30,16,59,REV,E5,E4,E6,E7,15.883000,225.836000,OK
1,7,adjacent,400,30,16,60,FWD,E4,E5,E7,E8,12.125000,221.926000,OK
1,7,adjacent,400,30,16,61,REV,E5,E4,E7,E8,18.172000,225.198000,OK
1,7,adjacent,400,30,16,62,FWD,E4,E5,E8,E9,59.852000,222.804000,OK
1,7,adjacent,400,30,16,63,REV,E5,E4,E8,E9,63.875000,224.879000,OK
1,7,adjacent,400,30,16,64,FWD,E4,E5,E9,E10,-49.445000,223.203000,OK
1,7,adjacent,400,30,16,65,REV,E5,E4,E9,E10,-46.828000,225.357000,OK
1,7,adjacent,400,30,16,66,FWD,E4,E5,E10,E11,19.773000,223.761000,OK
1,7,adjacent,400,30,16,67,REV,E5,E4,E10,E11,22.469000,225.198000,OK
1,7,adjacent,400,30,16,68,FWD,E4,E5,E11,E12,2.930000,224.799000,OK
1,7,adjacent,400,30,16,69,REV,E5,E4,E11,E12,5.664000,225.916000,OK
1,7,adjacent,400,30,16,70,FWD,E4,E5,E12,E1,-4.164000,224.320000,OK
1,7,adjacent,400,30,16,71,REV,E5,E4,E12,E1,-0.687000,225.757000,OK
1,7,adjacent,400,30,16,72,FWD,E5,E6,E1,E2,-27.656000,108.130000,OK
1,7,adjacent,400,30,16,73,REV,E6,E5,E1,E2,-24.281000,271.323000,OK
1,7,adjacent,400,30,16,74,FWD,E5,E6,E2,E3,32.969000,233.098000,OK
1,7,adjacent,400,30,16,75,REV,E6,E5,E2,E3,39.469000,244.909000,OK
1,7,adjacent,400,30,16,76,FWD,E5,E6,E3,E4,10.938000,244.031000,OK
1,7,adjacent,400,30,16,77,REV,E6,E5,E3,E4,23.328000,242.036000,OK
1,7,adjacent,400,30,16,78,FWD,E5,E6,E7,E8,9.063000,245.866000,OK
1,7,adjacent,400,30,16,79,REV,E6,E5,E7,E8,20.383000,241.477000,OK
1,7,adjacent,400,30,16,80,FWD,E5,E6,E8,E9,61.828000,247.303000,OK
1,7,adjacent,400,30,16,81,REV,E6,E5,E8,E9,67.703000,240.839000,OK
1,7,adjacent,400,30,16,82,FWD,E5,E6,E9,E10,-51.461000,248.181000,OK
1,7,adjacent,400,30,16,83,REV,E6,E5,E9,E10,-47.984000,241.318000,OK
1,7,adjacent,400,30,16,84,FWD,E5,E6,E10,E11,18.766000,247.702000,OK
1,7,adjacent,400,30,16,85,REV,E6,E5,E10,E11,22.039000,240.839000,OK
1,7,adjacent,400,30,16,86,FWD,E5,E6,E11,E12,2.734000,247.861000,OK
1,7,adjacent,400,30,16,87,REV,E6,E5,E11,E12,5.742000,240.839000,OK
1,7,adjacent,400,30,16,88,FWD,E5,E6,E12,E1,-6.281000,248.021000,OK
1,7,adjacent,400,30,16,89,REV,E6,E5,E12,E1,-2.922000,240.839000,OK
1,7,adjacent,400,30,16,90,FWD,E6,E7,E1,E2,-28.273000,131.113000,OK
1,7,adjacent,400,30,16,91,REV,E7,E6,E1,E2,-25.344000,306.754000,OK
1,7,adjacent,400,30,16,92,FWD,E6,E7,E2,E3,31.562000,245.388000,OK
1,7,adjacent,400,30,16,93,REV,E7,E6,E2,E3,36.313000,271.722000,OK
1,7,adjacent,400,30,16,94,FWD,E6,E7,E3,E4,1.883000,258.315000,OK
1,7,adjacent,400,30,16,95,REV,E7,E6,E3,E4,9.141000,265.497000,OK
1,7,adjacent,400,30,16,96,FWD,E6,E7,E4,E5,2.531000,261.268000,OK
1,7,adjacent,400,30,16,97,REV,E7,E6,E4,E5,16.906000,264.620000,OK
1,7,adjacent,400,30,16,98,FWD,E6,E7,E8,E9,61.500000,261.028000,OK
1,7,adjacent,400,30,16,99,REV,E7,E6,E8,E9,73.273000,263.901000,OK
1,7,adjacent,400,30,16,100,FWD,E6,E7,E9,E10,-53.930000,261.747000,OK
1,7,adjacent,400,30,16,101,REV,E7,E6,E9,E10,-48.617000,263.981000,OK
1,7,adjacent,400,30,16,102,FWD,E6,E7,E10,E11,17.734000,262.066000,OK
1,7,adjacent,400,30,16,103,REV,E7,E6,E10,E11,21.914000,263.422000,OK
1,7,adjacent,400,30,16,104,FWD,E6,E7,E11,E12,2.539000,262.545000,OK
1,7,adjacent,400,30,16,105,REV,E7,E6,E11,E12,5.781000,263.662000,OK
1,7,adjacent,400,30,16,106,FWD,E6,E7,E12,E1,-8.141000,262.704000,OK
1,7,adjacent,400,30,16,107,REV,E7,E6,E12,E1,-4.844000,264.221000,OK
1,7,adjacent,400,30,16,108,FWD,E7,E8,E1,E2,-28.273000,102.544000,OK
1,7,adjacent,400,30,16,109,REV,E8,E7,E1,E2,-25.641000,284.171000,OK
1,7,adjacent,400,30,16,110,FWD,E7,E8,E2,E3,31.578000,225.757000,OK
1,7,adjacent,400,30,16,111,REV,E8,E7,E2,E3,35.047000,249.777000,OK
1,7,adjacent,400,30,16,112,FWD,E7,E8,E3,E4,2.820000,237.248000,OK
1,7,adjacent,400,30,16,113,REV,E8,E7,E3,E4,7.039000,245.308000,OK
1,7,adjacent,400,30,16,114,FWD,E7,E8,E4,E5,-3.164000,239.642000,OK
1,7,adjacent,400,30,16,115,REV,E8,E7,E4,E5,3.633000,243.712000,OK
1,7,adjacent,400,30,16,116,FWD,E7,E8,E5,E6,-32.414000,241.078000,OK
1,7,adjacent,400,30,16,117,REV,E8,E7,E5,E6,-22.164000,243.392000,OK
1,7,adjacent,400,30,16,118,FWD,E7,E8,E9,E10,-57.648000,241.717000,OK
1,7,adjacent,400,30,16,119,REV,E8,E7,E9,E10,-46.391000,243.871000,OK
1,7,adjacent,400,30,16,120,FWD,E7,E8,E10,E11,16.312000,241.477000,OK
1,7,adjacent,400,30,16,121,REV,E8,E7,E10,E11,22.633000,243.871000,OK
1,7,adjacent,400,30,16,122,FWD,E7,E8,E11,E12,2.141000,242.195000,OK
1,7,adjacent,400,30,16,123,REV,E8,E7,E11,E12,6.180000,243.712000,OK
1,7,adjacent,400,30,16,124,FWD,E7,E8,E12,E1,-9.859000,241.557000,OK
1,7,adjacent,400,30,16,125,REV,E8,E7,E12,E1,-6.500000,243.392000,OK
1,7,adjacent,400,30,16,126,FWD,E8,E9,E1,E2,-27.797000,67.910000,OK
1,7,adjacent,400,30,16,127,REV,E9,E8,E1,E2,-25.687000,252.889000,OK
1,7,adjacent,400,30,16,128,FWD,E8,E9,E2,E3,31.875000,191.921000,OK
1,7,adjacent,400,30,16,129,REV,E9,E8,E2,E3,34.453000,220.410000,OK
1,7,adjacent,400,30,16,130,FWD,E8,E9,E3,E4,3.742000,203.173000,OK
1,7,adjacent,400,30,16,131,REV,E9,E8,E3,E4,6.320000,215.622000,OK
1,7,adjacent,400,30,16,132,FWD,E8,E9,E4,E5,-3.742000,206.365000,OK
1,7,adjacent,400,30,16,133,REV,E9,E8,E4,E5,-0.187000,214.983000,OK
1,7,adjacent,400,30,16,134,FWD,E8,E9,E5,E6,-36.313000,207.243000,OK
1,7,adjacent,400,30,16,135,REV,E9,E8,E5,E6,-31.891000,214.505000,OK
1,7,adjacent,400,30,16,136,FWD,E8,E9,E6,E7,11.375000,208.121000,OK
1,7,adjacent,400,30,16,137,REV,E9,E8,E6,E7,19.359000,214.026000,OK
1,7,adjacent,400,30,16,138,FWD,E8,E9,E10,E11,19.953000,208.360000,OK
1,7,adjacent,400,30,16,139,REV,E9,E8,E10,E11,32.852000,214.026000,OK
1,7,adjacent,400,30,16,140,FWD,E8,E9,E11,E12,2.758000,209.238000,OK
1,7,adjacent,400,30,16,141,REV,E9,E8,E11,E12,7.664000,214.505000,OK
1,7,adjacent,400,30,16,142,FWD,E8,E9,E12,E1,-11.297000,208.679000,OK
1,7,adjacent,400,30,16,143,REV,E9,E8,E12,E1,-8.008000,214.505000,OK
1,7,adjacent,400,30,16,144,FWD,E9,E10,E1,E2,-27.789000,92.170000,OK
1,7,adjacent,400,30,16,145,REV,E10,E9,E1,E2,-25.133000,251.213000,OK
1,7,adjacent,400,30,16,146,FWD,E9,E10,E2,E3,31.883000,212.350000,OK
1,7,adjacent,400,30,16,147,REV,E10,E9,E2,E3,34.547000,228.310000,OK
1,7,adjacent,400,30,16,148,FWD,E9,E10,E3,E4,4.219000,220.968000,OK
1,7,adjacent,400,30,16,149,REV,E10,E9,E3,E4,6.531000,225.437000,OK
1,7,adjacent,400,30,16,150,FWD,E9,E10,E4,E5,-4.352000,223.522000,OK
1,7,adjacent,400,30,16,151,REV,E10,E9,E4,E5,-1.648000,224.958000,OK
1,7,adjacent,400,30,16,152,FWD,E9,E10,E5,E6,-38.484000,224.559000,OK
1,7,adjacent,400,30,16,153,REV,E10,E9,E5,E6,-35.523000,224.799000,OK
1,7,adjacent,400,30,16,154,FWD,E9,E10,E6,E7,8.906000,225.437000,OK
1,7,adjacent,400,30,16,155,REV,E10,E9,E6,E7,13.023000,225.038000,OK
1,7,adjacent,400,30,16,156,FWD,E9,E10,E7,E8,27.758000,225.597000,OK
1,7,adjacent,400,30,16,157,REV,E10,E9,E7,E8,37.047000,225.597000,OK
1,7,adjacent,400,30,16,158,FWD,E9,E10,E11,E12,10.359000,227.033000,OK
1,7,adjacent,400,30,16,159,REV,E10,E9,E11,E12,23.555000,225.437000,OK
1,7,adjacent,400,30,16,160,FWD,E9,E10,E12,E1,-13.109000,227.193000,OK
1,7,adjacent,400,30,16,161,REV,E10,E9,E12,E1,-8.211000,226.076000,OK
1,7,adjacent,400,30,16,162,FWD,E10,E11,E1,E2,-28.016000,112.759000,OK
1,7,adjacent,400,30,16,163,REV,E11,E10,E1,E2,-23.570000,266.056000,OK
1,7,adjacent,400,30,16,164,FWD,E10,E11,E2,E3,31.453000,221.288000,OK
1,7,adjacent,400,30,16,165,REV,E11,E10,E2,E3,35.250000,241.158000,OK
1,7,adjacent,400,30,16,166,FWD,E10,E11,E3,E4,4.359000,230.465000,OK
1,7,adjacent,400,30,16,167,REV,E11,E10,E3,E4,7.180000,237.168000,OK
1,7,adjacent,400,30,16,168,FWD,E10,E11,E4,E5,-5.078000,232.141000,OK
1,7,adjacent,400,30,16,169,REV,E11,E10,E4,E5,-2.219000,237.088000,OK
1,7,adjacent,400,30,16,170,FWD,E10,E11,E5,E6,-40.586000,232.939000,OK
1,7,adjacent,400,30,16,171,REV,E11,E10,E5,E6,-37.734000,237.966000,OK
1,7,adjacent,400,30,16,172,FWD,E10,E11,E6,E7,8.211000,234.375000,OK
1,7,adjacent,400,30,16,173,REV,E11,E10,E6,E7,11.641000,237.407000,OK
1,7,adjacent,400,30,16,174,FWD,E10,E11,E7,E8,22.125000,234.455000,OK
1,7,adjacent,400,30,16,175,REV,E11,E10,E7,E8,27.820000,238.365000,OK
1,7,adjacent,400,30,16,176,FWD,E10,E11,E8,E9,40.445000,234.854000,OK
1,7,adjacent,400,30,16,177,REV,E11,E10,E8,E9,53.117000,238.365000,OK
1,7,adjacent,400,30,16,178,FWD,E10,E11,E12,E1,-10.836000,235.333000,OK
1,7,adjacent,400,30,16,179,REV,E11,E10,E12,E1,1.570000,238.924000,OK
1,7,adjacent,400,30,16,180,FWD,E11,E12,E1,E2,-28.187000,84.190000,OK
1,7,adjacent,400,30,16,181,REV,E12,E11,E1,E2,-21.148000,249.138000,OK
1,7,adjacent,400,30,16,182,FWD,E11,E12,E2,E3,31.148000,213.707000,OK
1,7,adjacent,400,30,16,183,REV,E12,E11,E2,E3,35.922000,226.555000,OK
1,7,adjacent,400,30,16,184,FWD,E11,E12,E3,E4,4.805000,222.325000,OK
1,7,adjacent,400,30,16,185,REV,E12,E11,E3,E4,7.789000,224.400000,OK
1,7,adjacent,400,30,16,186,FWD,E11,E12,E4,E5,-5.398000,224.719000,OK
1,7,adjacent,400,30,16,187,REV,E12,E11,E4,E5,-2.727000,223.761000,OK
1,7,adjacent,400,30,16,188,FWD,E11,E12,E5,E6,-42.156000,225.757000,OK
1,7,adjacent,400,30,16,189,REV,E12,E11,E5,E6,-39.695000,224.400000,OK
1,7,adjacent,400,30,16,190,FWD,E11,E12,E6,E7,8.359000,225.836000,OK
1,7,adjacent,400,30,16,191,REV,E12,E11,E6,E7,10.891000,224.480000,OK
1,7,adjacent,400,30,16,192,FWD,E11,E12,E7,E8,19.867000,226.634000,OK
1,7,adjacent,400,30,16,193,REV,E12,E11,E7,E8,23.211000,224.480000,OK
1,7,adjacent,400,30,16,194,FWD,E11,E12,E8,E9,44.789000,226.874000,OK
1,7,adjacent,400,30,16,195,REV,E12,E11,E8,E9,49.883000,224.799000,OK
1,7,adjacent,400,30,16,196,FWD,E11,E12,E9,E10,-54.438000,227.193000,OK
1,7,adjacent,400,30,16,197,REV,E12,E11,E9,E10,-42.258000,225.118000,OK
1,7,adjacent,400,30,16,198,FWD,E12,E1,E2,E3,30.914000,94.883000,OK
1,7,adjacent,400,30,16,199,REV,E1,E12,E2,E3,39.531000,253.607000,OK
1,7,adjacent,400,30,16,200,FWD,E12,E1,E3,E4,4.477000,212.111000,OK
1,7,adjacent,400,30,16,201,REV,E1,E12,E3,E4,9.070000,227.831000,OK
1,7,adjacent,400,30,16,202,FWD,E12,E1,E4,E5,-6.047000,220.410000,OK
1,7,adjacent,400,30,16,203,REV,E1,E12,E4,E5,-2.656000,225.836000,OK
1,7,adjacent,400,30,16,204,FWD,E12,E1,E5,E6,-43.703000,222.405000,OK
1,7,adjacent,400,30,16,205,REV,E1,E12,E5,E6,-40.906000,225.437000,OK
1,7,adjacent,400,30,16,206,FWD,E12,E1,E6,E7,8.273000,222.804000,OK
1,7,adjacent,400,30,16,207,REV,E1,E12,E6,E7,10.789000,224.958000,OK
1,7,adjacent,400,30,16,208,FWD,E12,E1,E7,E8,18.195000,223.442000,OK
1,7,adjacent,400,30,16,209,REV,E1,E12,E7,E8,21.039000,225.198000,OK
1,7,adjacent,400,30,16,210,FWD,E12,E1,E8,E9,47.938000,223.283000,OK
1,7,adjacent,400,30,16,211,REV,E1,E12,E8,E9,51.578000,225.278000,OK
1,7,adjacent,400,30,16,212,FWD,E12,E1,E9,E10,-44.242000,223.442000,OK
1,7,adjacent,400,30,16,213,REV,E1,E12,E9,E10,-39.492000,225.517000,OK
1,7,adjacent,400,30,16,214,FWD,E12,E1,E10,E11,26.219000,223.841000,OK
1,7,adjacent,400,30,16,215,REV,E1,E12,E10,E11,36.102000,225.357000,OK
2,8,adjacent,400,30,16,0,FWD,E1,E2,E3,E4,5.086000,94.883000,OK
2,8,adjacent,400,30,16,1,REV,E2,E1,E3,E4,11.984000,259.991000,OK
2,8,adjacent,400,30,16,2,FWD,E1,E2,E4,E5,-6.797000,224.001000,OK
2,8,adjacent,400,30,16,3,REV,E2,E1,E4,E5,-2.055000,234.694000,OK
2,8,adjacent,400,30,16,4,FWD,E1,E2,E5,E6,-45.320000,233.178000,OK
2,8,adjacent,400,30,16,5,REV,E2,E1,E5,E6,-41.734000,232.141000,OK
2,8,adjacent,400,30,16,6,FWD,E1,E2,E6,E7,8.266000,235.253000,OK
2,8,adjacent,400,30,16,7,REV,E2,E1,E6,E7,10.984000,231.343000,OK
2,8,adjacent,400,30,16,8,FWD,E1,E2,E7,E8,16.906000,236.370000,OK
2,8,adjacent,400,30,16,9,REV,E2,E1,E7,E8,19.570000,231.263000,OK
2,8,adjacent,400,30,16,10,FWD,E1,E2,E8,E9,51.180000,236.849000,OK
2,8,adjacent,400,30,16,11,REV,E2,E1,E8,E9,54.219000,231.821000,OK
2,8,adjacent,400,30,16,12,FWD,E1,E2,E9,E10,-44.477000,237.328000,OK
2,8,adjacent,400,30,16,13,REV,E2,E1,E9,E10,-41.273000,230.864000,OK
2,8,adjacent,400,30,16,14,FWD,E1,E2,E10,E11,24.586000,237.806000,OK
2,8,adjacent,400,30,16,15,REV,E2,E1,E10,E11,29.500000,231.582000,OK
2,8,adjacent,400,30,16,16,FWD,E1,E2,E11,E12,3.102000,237.487000,OK
2,8,adjacent,400,30,16,17,REV,E2,E1,E11,E12,12.258000,231.103000,OK
2,8,adjacent,400,30,16,18,FWD,E2,E3,E4,E5,-7.500000,100.310000,OK
2,8,adjacent,400,30,16,19,REV,E3,E2,E4,E5,1.078000,270.764000,OK
2,8,adjacent,400,30,16,20,FWD,E2,E3,E5,E6,-47.641000,207.562000,OK
2,8,adjacent,400,30,16,21,REV,E3,E2,E5,E6,-41.633000,236.051000,OK
2,8,adjacent,400,30,16,22,FWD,E2,E3,E6,E7,7.648000,218.255000,OK
2,8,adjacent,400,30,16,23,REV,E3,E2,E6,E7,11.523000,231.582000,OK
2,8,adjacent,400,30,16,24,FWD,E2,E3,E7,E8,15.461000,220.569000,OK
2,8,adjacent,400,30,16,25,REV,E3,E2,E7,E8,18.664000,230.624000,OK
2,8,adjacent,400,30,16,26,FWD,E2,E3,E8,E9,54.055000,222.165000,OK
2,8,adjacent,400,30,16,27,REV,E3,E2,E8,E9,57.102000,230.146000,OK
2,8,adjacent,400,30,16,28,FWD,E2,E3,E9,E10,-45.836000,222.724000,OK
2,8,adjacent,400,30,16,29,REV,E3,E2,E9,E10,-43.109000,230.146000,OK
2,8,adjacent,400,30,16,30,FWD,E2,E3,E10,E11,22.062000,222.963000,OK
2,8,adjacent,400,30,16,31,REV,E3,E2,E10,E11,25.664000,230.385000,OK
2,8,adjacent,400,30,16,32,FWD,E2,E3,E11,E12,2.336000,223.442000,OK
2,8,adjacent,400,30,16,33,REV,E3,E2,E11,E12,7.578000,230.385000,OK
2,8,adjacent,400,30,16,34,FWD,E2,E3,E12,E1,0.016000,223.362000,OK
2,8,adjacent,400,30,16,35,REV,E3,E2,E12,E1,10.695000,230.305000,OK
2,8,adjacent,400,30,16,36,FWD,E3,E4,E1,E2,8.000000,78.205000,OK
2,8,adjacent,400,30,16,37,REV,E4,E3,E1,E2,4.906000,245.946000,OK
2,8,adjacent,400,30,16,38,FWD,E3,E4,E5,E6,-50.328000,199.582000,OK
2,8,adjacent,400,30,16,39,REV,E4,E3,E5,E6,-37.445000,219.053000,OK
2,8,adjacent,400,30,16,40,FWD,E3,E4,E6,E7,7.023000,208.998000,OK
2,8,adjacent,400,30,16,41,REV,E4,E3,E6,E7,12.438000,215.462000,OK
2,8,adjacent,400,30,16,42,FWD,E3,E4,E7,E8,14.336000,212.111000,OK
2,8,adjacent,400,30,16,43,REV,E4,E3,E7,E8,17.844000,216.021000,OK
2,8,adjacent,400,30,16,44,FWD,E3,E4,E8,E9,57.359000,213.068000,OK
2,8,adjacent,400,30,16,45,REV,E4,E3,E8,E9,60.180000,215.861000,OK
2,8,adjacent,400,30,16,46,FWD,E3,E4,E9,E10,-47.250000,214.425000,OK
2,8,adjacent,400,30,16,47,REV,E4,E3,E9,E10,-45.148000,215.303000,OK
2,8,adjacent,400,30,16,48,FWD,E3,E4,E10,E11,20.805000,214.824000,OK
2,8,adjacent,400,30,16,49,REV,E4,E3,E10,E11,23.250000,215.861000,OK
2,8,adjacent,400,30,16,50,FWD,E3,E4,E11,E12,2.867000,214.983000,OK
2,8,adjacent,400,30,16,51,REV,E4,E3,E11,E12,5.781000,216.101000,OK
2,8,adjacent,400,30,16,52,FWD,E3,E4,E12,E1,-1.961000,215.063000,OK
2,8,adjacent,400,30,16,53,REV,E4,E3,E12,E1,2.391000,216.180000,OK
2,8,adjacent,400,30,16,54,FWD,E4,E5,E1,E2,-24.570000,92.170000,OK
2,8,adjacent,400,30,16,55,REV,E5,E4,E1,E2,-21.148000,255.841000,OK
2,8,adjacent,400,30,16,56,FWD,E4,E5,E2,E3,51.344000,210.834000,OK
2,8,adjacent,400,30,16,57,REV,E5,E4,E2,E3,56.352000,229.028000,OK
2,8,adjacent,400,30,16,58,FWD,E4,E5,E6,E7,3.828000,219.692000,OK
2,8,adjacent,400,30,16,59,REV,E5,E4,E6,E7,15.922000,226.634000,OK
2,8,adjacent,400,30,16,60,FWD,E4,E5,E7,E8,12.211000,222.086000,OK
2,8,adjacent,400,30,16,61,REV,E5,E4,E7,E8,18.234000,225.198000,OK
2,8,adjacent,400,30,16,62,FWD,E4,E5,E8,E9,59.734000,223.362000,OK
2,8,adjacent,400,30,16,63,REV,E5,E4,E8,E9,63.719000,225.198000,OK
2,8,adjacent,400,30,16,64,FWD,E4,E5,E9,E10,-49.242000,223.123000,OK
2,8,adjacent,400,30,16,65,REV,E5,E4,E9,E10,-46.641000,225.517000,OK
2,8,adjacent,400,30,16,66,FWD,E4,E5,E10,E11,19.539000,223.602000,OK
2,8,adjacent,400,30,16,67,REV,E5,E4,E10,E11,22.211000,225.437000,OK
2,8,adjacent,400,30,16,68,FWD,E4,E5,E11,E12,2.695000,224.160000,OK
2,8,adjacent,400,30,16,69,REV,E5,E4,E11,E12,5.453000,225.677000,OK
2,8,adjacent,400,30,16,70,FWD,E4,E5,E12,E1,-4.391000,224.320000,OK
2,8,adjacent,400,30,16,71,REV,E5,E4,E12,E1,-0.953000,225.757000,OK
2,8,adjacent,400,30,16,72,FWD,E5,E6,E1,E2,-27.648000,108.529000,OK
2,8,adjacent,400,30,16,73,REV,E6,E5,E1,E2,-24.273000,271.802000,OK
2,8,adjacent,400,30,16,74,FWD,E5,E6,E2,E3,33.023000,233.258000,OK
2,8,adjacent,400,30,16,75,REV,E6,E5,E2,E3,39.531000,244.909000,OK
2,8,adjacent,400,30,16,76,FWD,E5,E6,E3,E4,11.141000,244.270000,OK
2,8,adjacent,400,30,16,77,REV,E6,E5,E3,E4,23.523000,242.036000,OK
2,8,adjacent,400,30,16,78,FWD,E5,E6,E7,E8,9.164000,246.106000,OK
2,8,adjacent,400,30,16,79,REV,E6,E5,E7,E8,20.445000,240.998000,OK
2,8,adjacent,400,30,16,80,FWD,E5,E6,E8,E9,61.680000,247.063000,OK
2,8,adjacent,400,30,16,81,REV,E6,E5,E8,E9,67.563000,240.998000,OK
2,8,adjacent,400,30,16,82,FWD,E5,E6,E9,E10,-51.227000,247.702000,OK
2,8,adjacent,400,30,16,83,REV,E6,E5,E9,E10,-47.766000,240.679000,OK
2,8,adjacent,400,30,16,84,FWD,E5,E6,E10,E11,18.570000,248.101000,OK
2,8,adjacent,400,30,16,85,REV,E6,E5,E10,E11,21.805000,241.238000,OK
2,8,adjacent,400,30,16,86,FWD,E5,E6,E11,E12,2.492000,247.941000,OK
2,8,adjacent,400,30,16,87,REV,E6,E5,E11,E12,5.477000,241.796000,OK
2,8,adjacent,400,30,16,88,FWD,E5,E6,E12,E1,-6.516000,248.500000,OK
2,8,adjacent,400,30,16,89,REV,E6,E5,E12,E1,-3.148000,241.158000,OK
2,8,adjacent,400,30,16,90,FWD,E6,E7,E1,E2,-28.273000,130.554000,OK
2,8,adjacent,400,30,16,91,REV,E7,E6,E1,E2,-25.281000,306.754000,OK
2,8,adjacent,400,30,16,92,FWD,E6,E7,E2,E3,31.656000,244.510000,OK
2,8,adjacent,400,30,16,93,REV,E7,E6,E2,E3,36.367000,271.004000,OK
2,8,adjacent,400,30,16,94,FWD,E6,E7,E3,E4,2.000000,257.916000,OK
2,8,adjacent,400,30,16,95,REV,E7,E6,E3,E4,9.266000,265.657000,OK
2,8,adjacent,400,30,16,96,FWD,E6,E7,E4,E5,2.734000,260.390000,OK
2,8,adjacent,400,30,16,97,REV,E7,E6,E4,E5,17.109000,263.981000,OK
2,8,adjacent,400,30,16,98,FWD,E6,E7,E8,E9,61.375000,261.986000,OK
2,8,adjacent,400,30,16,99,REV,E7,E6,E8,E9,73.109000,263.742000,OK
2,8,adjacent,400,30,16,100,FWD,E6,E7,E9,E10,-53.703000,262.066000,OK
2,8,adjacent,400,30,16,101,REV,E7,E6,E9,E10,-48.453000,264.380000,OK
2,8,adjacent,400,30,16,102,FWD,E6,E7,E10,E11,17.570000,262.385000,OK
2,8,adjacent,400,30,16,103,REV,E7,E6,E10,E11,21.742000,263.901000,OK
2,8,adjacent,400,30,16,104,FWD,E6,E7,E11,E12,2.242000,262.704000,OK
2,8,adjacent,400,30,16,105,REV,E7,E6,E11,E12,5.516000,264.061000,OK
2,8,adjacent,400,30,16,106,FWD,E6,E7,E12,E1,-8.445000,262.545000,OK
2,8,adjacent,400,30,16,107,REV,E7,E6,E12,E1,-5.180000,264.061000,OK
2,8,adjacent,400,30,16,108,FWD,E7,E8,E1,E2,-28.156000,102.145000,OK
2,8,adjacent,400,30,16,109,REV,E8,E7,E1,E2,-25.539000,284.410000,OK
2,8,adjacent,400,30,16,110,FWD,E7,E8,E2,E3,31.594000,225.836000,OK
2,8,adjacent,400,30,16,111,REV,E8,E7,E2,E3,35.063000,249.856000,OK
2,8,adjacent,400,30,16,112,FWD,E7,E8,E3,E4,2.922000,237.886000,OK
2,8,adjacent,400,30,16,113,REV,E8,E7,E3,E4,7.156000,245.308000,OK
2,8,adjacent,400,30,16,114,FWD,E7,E8,E4,E5,-2.953000,240.121000,OK
2,8,adjacent,400,30,16,115,REV,E8,E7,E4,E5,3.891000,244.510000,OK
2,8,adjacent,400,30,16,116,FWD,E7,E8,E5,E6,-32.375000,240.839000,OK
2,8,adjacent,400,30,16,117,REV,E8,E7,E5,E6,-22.148000,243.871000,OK
2,8,adjacent,400,30,16,118,FWD,E7,E8,E9,E10,-57.492000,241.397000,OK
2,8,adjacent,400,30,16,119,REV,E8,E7,E9,E10,-46.266000,243.552000,OK
2,8,adjacent,400,30,16,120,FWD,E7,E8,E10,E11,16.133000,240.998000,OK
2,8,adjacent,400,30,16,121,REV,E8,E7,E10,E11,22.492000,243.472000,OK
2,8,adjacent,400,30,16,122,FWD,E7,E8,E11,E12,1.828000,241.318000,OK
2,8,adjacent,400,30,16,123,REV,E8,E7,E11,E12,5.852000,243.472000,OK
2,8,adjacent,400,30,16,124,FWD,E7,E8,E12,E1,-10.219000,241.477000,OK
2,8,adjacent,400,30,16,125,REV,E8,E7,E12,E1,-6.820000,242.914000,OK
2,8,adjacent,400,30,16,126,FWD,E8,E9,E1,E2,-27.586000,68.150000,OK
2,8,adjacent,400,30,16,127,REV,E9,E8,E1,E2,-25.508000,253.687000,OK
2,8,adjacent,400,30,16,128,FWD,E8,E9,E2,E3,31.914000,192.240000,OK
2,8,adjacent,400,30,16,129,REV,E9,E8,E2,E3,34.430000,220.569000,OK
2,8,adjacent,400,30,16,130,FWD,E8,E9,E3,E4,3.828000,204.051000,OK
2,8,adjacent,400,30,16,131,REV,E9,E8,E3,E4,6.437000,216.260000,OK
2,8,adjacent,400,30,16,132,FWD,E8,E9,E4,E5,-3.547000,206.764000,OK
2,8,adjacent,400,30,16,133,REV,E9,E8,E4,E5,0.047000,215.462000,OK
2,8,adjacent,400,30,16,134,FWD,E8,E9,E5,E6,-36.305000,208.121000,OK
2,8,adjacent,400,30,16,135,REV,E9,E8,E5,E6,-31.883000,214.425000,OK
2,8,adjacent,400,30,16,136,FWD,E8,E9,E6,E7,11.438000,207.801000,OK
2,8,adjacent,400,30,16,137,REV,E9,E8,E6,E7,19.391000,214.185000,OK
2,8,adjacent,400,30,16,138,FWD,E8,E9,E10,E11,19.836000,208.121000,OK
2,8,adjacent,400,30,16,139,REV,E9,E8,E10,E11,32.828000,214.106000,OK
2,8,adjacent,400,30,16,140,FWD,E8,E9,E11,E12,2.453000,209.078000,OK
2,8,adjacent,400,30,16,141,REV,E9,E8,E11,E12,7.344000,214.505000,OK
2,8,adjacent,400,30,16,142,FWD,E8,E9,E12,E1,-11.656000,208.998000,OK
2,8,adjacent,400,30,16,143,REV,E9,E8,E12,E1,-8.383000,214.584000,OK
2,8,adjacent,400,30,16,144,FWD,E9,E10,E1,E2,-27.609000,92.569000,OK
2,8,adjacent,400,30,16,145,REV,E10,E9,E1,E2,-24.945000,251.293000,OK
2,8,adjacent,400,30,16,146,FWD,E9,E10,E2,E3,31.891000,212.589000,OK
2,8,adjacent,400,30,16,147,REV,E10,E9,E2,E3,34.555000,228.071000,OK
2,8,adjacent,400,30,16,148,FWD,E9,E10,E3,E4,4.359000,221.447000,OK
2,8,adjacent,400,30,16,149,REV,E10,E9,E3,E4,6.656000,225.597000,OK
2,8,adjacent,400,30,16,150,FWD,E9,E10,E4,E5,-4.125000,223.442000,OK
2,8,adjacent,400,30,16,151,REV,E10,E9,E4,E5,-1.414000,225.357000,OK
2,8,adjacent,400,30,16,152,FWD,E9,E10,E5,E6,-38.453000,225.038000,OK
2,8,adjacent,400,30,16,153,REV,E10,E9,E5,E6,-35.516000,224.958000,OK
2,8,adjacent,400,30,16,154,FWD,E9,E10,E6,E7,9.016000,224.879000,OK
2,8,adjacent,400,30,16,155,REV,E10,E9,E6,E7,13.156000,225.118000,OK
2,8,adjacent,400,30,16,156,FWD,E9,E10,E7,E8,27.891000,224.639000,OK
2,8,adjacent,400,30,16,157,REV,E10,E9,E7,E8,37.117000,224.958000,OK
2,8,adjacent,400,30,16,158,FWD,E9,E10,E11,E12,10.023000,226.076000,OK
2,8,adjacent,400,30,16,159,REV,E10,E9,E11,E12,23.305000,224.799000,OK
2,8,adjacent,400,30,16,160,FWD,E9,E10,E12,E1,-13.531000,226.794000,OK
2,8,adjacent,400,30,16,161,REV,E10,E9,E12,E1,-8.617000,225.757000,OK
2,8,adjacent,400,30,16,162,FWD,E10,E11,E1,E2,-27.836000,112.519000,OK
2,8,adjacent,400,30,16,163,REV,E11,E10,E1,E2,-23.367000,266.774000,OK
2,8,adjacent,400,30,16,164,FWD,E10,E11,E2,E3,31.461000,222.006000,OK
2,8,adjacent,400,30,16,165,REV,E11,E10,E2,E3,35.258000,240.839000,OK
2,8,adjacent,400,30,16,166,FWD,E10,E11,E3,E4,4.516000,231.103000,OK
2,8,adjacent,400,30,16,167,REV,E11,E10,E3,E4,7.320000,238.684000,OK
2,8,adjacent,400,30,16,168,FWD,E10,E11,E4,E5,-4.852000,232.380000,OK
2,8,adjacent,400,30,16,169,REV,E11,E10,E4,E5,-1.977000,238.205000,OK
2,8,adjacent,400,30,16,170,FWD,E10,E11,E5,E6,-40.555000,233.577000,OK
2,8,adjacent,400,30,16,171,REV,E11,E10,E5,E6,-37.680000,237.088000,OK
2,8,adjacent,400,30,16,172,FWD,E10,E11,E6,E7,8.273000,234.295000,OK
2,8,adjacent,400,30,16,173,REV,E11,E10,E6,E7,11.688000,237.088000,OK
2,8,adjacent,400,30,16,174,FWD,E10,E11,E7,E8,22.125000,234.375000,OK
2,8,adjacent,400,30,16,175,REV,E11,E10,E7,E8,27.828000,237.487000,OK
2,8,adjacent,400,30,16,176,FWD,E10,E11,E8,E9,40.422000,234.694000,OK
2,8,adjacent,400,30,16,177,REV,E11,E10,E8,E9,53.094000,238.205000,OK
2,8,adjacent,400,30,16,178,FWD,E10,E11,E12,E1,-11.188000,235.492000,OK
2,8,adjacent,400,30,16,179,REV,E11,E10,E12,E1,1.211000,238.365000,OK
2,8,adjacent,400,30,16,180,FWD,E11,E12,E1,E2,-28.000000,84.988000,OK
2,8,adjacent,400,30,16,181,REV,E12,E11,E1,E2,-20.883000,249.537000,OK
2,8,adjacent,400,30,16,182,FWD,E11,E12,E2,E3,31.141000,213.467000,OK
2,8,adjacent,400,30,16,183,REV,E12,E11,E2,E3,35.953000,227.113000,OK
2,8,adjacent,400,30,16,184,FWD,E11,E12,E3,E4,4.867000,223.043000,OK
2,8,adjacent,400,30,16,185,REV,E12,E11,E3,E4,7.867000,224.320000,OK
2,8,adjacent,400,30,16,186,FWD,E11,E12,E4,E5,-5.164000,224.160000,OK
2,8,adjacent,400,30,16,187,REV,E12,E11,E4,E5,-2.508000,224.160000,OK
2,8,adjacent,400,30,16,188,FWD,E11,E12,E5,E6,-42.086000,224.879000,OK
2,8,adjacent,400,30,16,189,REV,E12,E11,E5,E6,-39.664000,224.320000,OK
2,8,adjacent,400,30,16,190,FWD,E11,E12,E6,E7,8.430000,225.437000,OK
2,8,adjacent,400,30,16,191,REV,E12,E11,E6,E7,11.000000,224.799000,OK
2,8,adjacent,400,30,16,192,FWD,E11,E12,E7,E8,19.898000,226.395000,OK
2,8,adjacent,400,30,16,193,REV,E12,E11,E7,E8,23.227000,223.921000,OK
2,8,adjacent,400,30,16,194,FWD,E11,E12,E8,E9,44.758000,227.113000,OK
2,8,adjacent,400,30,16,195,REV,E12,E11,E8,E9,49.859000,224.639000,OK
2,8,adjacent,400,30,16,196,FWD,E11,E12,E9,E10,-54.359000,227.193000,OK
2,8,adjacent,400,30,16,197,REV,E12,E11,E9,E10,-42.148000,225.916000,OK
2,8,adjacent,400,30,16,198,FWD,E12,E1,E2,E3,30.922000,95.841000,OK
2,8,adjacent,400,30,16,199,REV,E1,E12,E2,E3,39.539000,253.368000,OK
2,8,adjacent,400,30,16,200,FWD,E12,E1,E3,E4,4.562000,212.909000,OK
2,8,adjacent,400,30,16,201,REV,E1,E12,E3,E4,9.125000,228.629000,OK
2,8,adjacent,400,30,16,202,FWD,E12,E1,E4,E5,-5.820000,219.771000,OK
2,8,adjacent,400,30,16,203,REV,E1,E12,E4,E5,-2.414000,225.198000,OK
2,8,adjacent,400,30,16,204,FWD,E12,E1,E5,E6,-43.719000,221.846000,OK
2,8,adjacent,400,30,16,205,REV,E1,E12,E5,E6,-40.906000,225.278000,OK
2,8,adjacent,400,30,16,206,FWD,E12,E1,E6,E7,8.359000,222.724000,OK
2,8,adjacent,400,30,16,207,REV,E1,E12,E6,E7,10.891000,224.320000,OK
2,8,adjacent,400,30,16,208,FWD,E12,E1,E7,E8,18.211000,223.203000,OK
2,8,adjacent,400,30,16,209,REV,E1,E12,E7,E8,21.047000,224.160000,OK
2,8,adjacent,400,30,16,210,FWD,E12,E1,E8,E9,47.891000,222.644000,OK
2,8,adjacent,400,30,16,211,REV,E1,E12,E8,E9,51.555000,225.278000,OK
2,8,adjacent,400,30,16,212,FWD,E12,E1,E9,E10,-44.234000,223.442000,OK
2,8,adjacent,400,30,16,213,REV,E1,E12,E9,E10,-39.516000,225.677000,OK
2,8,adjacent,400,30,16,214,FWD,E12,E1,E10,E11,26.070000,224.639000,OK
2,8,adjacent,400,30,16,215,REV,E1,E12,E10,E11,36.000000,226.475000,OK
3,9,adjacent,400,30,16,0,FWD,E1,E2,E3,E4,5.211000,94.165000,OK
3,9,adjacent,400,30,16,1,REV,E2,E1,E3,E4,12.094000,259.831000,OK
3,9,adjacent,400,30,16,2,FWD,E1,E2,E4,E5,-6.555000,224.160000,OK
3,9,adjacent,400,30,16,3,REV,E2,E1,E4,E5,-1.781000,235.093000,OK
3,9,adjacent,400,30,16,4,FWD,E1,E2,E5,E6,-45.328000,234.056000,OK
3,9,adjacent,400,30,16,5,REV,E2,E1,E5,E6,-41.664000,232.141000,OK
3,9,adjacent,400,30,16,6,FWD,E1,E2,E6,E7,8.359000,236.290000,OK
3,9,adjacent,400,30,16,7,REV,E2,E1,E6,E7,11.109000,231.422000,OK
3,9,adjacent,400,30,16,8,FWD,E1,E2,E7,E8,16.953000,236.689000,OK
3,9,adjacent,400,30,16,9,REV,E2,E1,E7,E8,19.641000,231.742000,OK
3,9,adjacent,400,30,16,10,FWD,E1,E2,E8,E9,51.188000,236.769000,OK
3,9,adjacent,400,30,16,11,REV,E2,E1,E8,E9,54.188000,230.784000,OK
3,9,adjacent,400,30,16,12,FWD,E1,E2,E9,E10,-44.492000,236.929000,OK
3,9,adjacent,400,30,16,13,REV,E2,E1,E9,E10,-41.281000,231.103000,OK
3,9,adjacent,400,30,16,14,FWD,E1,E2,E10,E11,24.617000,237.248000,OK
3,9,adjacent,400,30,16,15,REV,E2,E1,E10,E11,29.539000,231.183000,OK
3,9,adjacent,400,30,16,16,FWD,E1,E2,E11,E12,2.695000,237.407000,OK
3,9,adjacent,400,30,16,17,REV,E2,E1,E11,E12,11.789000,230.944000,OK
3,9,adjacent,400,30,16,18,FWD,E2,E3,E4,E5,-7.164000,100.868000,OK
3,9,adjacent,400,30,16,19,REV,E3,E2,E4,E5,1.344000,270.924000,OK
3,9,adjacent,400,30,16,20,FWD,E2,E3,E5,E6,-47.625000,207.881000,OK
3,9,adjacent,400,30,16,21,REV,E3,E2,E5,E6,-41.625000,237.088000,OK
3,9,adjacent,400,30,16,22,FWD,E2,E3,E6,E7,7.758000,218.335000,OK
3,9,adjacent,400,30,16,23,REV,E3,E2,E6,E7,11.656000,231.662000,OK
3,9,adjacent,400,30,16,24,FWD,E2,E3,E7,E8,15.508000,220.569000,OK
3,9,adjacent,400,30,16,25,REV,E3,E2,E7,E8,18.687000,230.146000,OK
3,9,adjacent,400,30,16,26,FWD,E2,E3,E8,E9,53.984000,221.846000,OK
3,9,adjacent,400,30,16,27,REV,E3,E2,E8,E9,57.055000,230.465000,OK
3,9,adjacent,400,30,16,28,FWD,E2,E3,E9,E10,-45.836000,222.405000,OK
3,9,adjacent,400,30,16,29,REV,E3,E2,E9,E10,-43.109000,230.225000,OK
3,9,adjacent,400,30,16,30,FWD,E2,E3,E10,E11,22.125000,223.043000,OK
3,9,adjacent,400,30,16,31,REV,E3,E2,E10,E11,25.750000,229.906000,OK
3,9,adjacent,400,30,16,32,FWD,E2,E3,E11,E12,1.898000,223.841000,OK
3,9,adjacent,400,30,16,33,REV,E3,E2,E11,E12,7.141000,230.704000,OK
3,9,adjacent,400,30,16,34,FWD,E2,E3,E12,E1,-0.008000,223.043000,OK
3,9,adjacent,400,30,16,35,REV,E3,E2,E12,E1,10.703000,229.906000,OK
3,9,adjacent,400,30,16,36,FWD,E3,E4,E1,E2,7.898000,78.364000,OK
3,9,adjacent,400,30,16,37,REV,E4,E3,E1,E2,4.766000,245.866000,OK
3,9,adjacent,400,30,16,38,FWD,E3,E4,E5,E6,-50.375000,199.901000,OK
3,9,adjacent,400,30,16,39,REV,E4,E3,E5,E6,-37.438000,219.293000,OK
3,9,adjacent,400,30,16,40,FWD,E3,E4,E6,E7,7.227000,210.195000,OK
3,9,adjacent,400,30,16,41,REV,E4,E3,E6,E7,12.578000,216.340000,OK
3,9,adjacent,400,30,16,42,FWD,E3,E4,E7,E8,14.406000,211.712000,OK
3,9,adjacent,400,30,16,43,REV,E4,E3,E7,E8,17.898000,215.303000,OK
3,9,adjacent,400,30,16,44,FWD,E3,E4,E8,E9,57.305000,213.308000,OK
3,9,adjacent,400,30,16,45,REV,E4,E3,E8,E9,60.086000,214.983000,OK
3,9,adjacent,400,30,16,46,FWD,E3,E4,E9,E10,-47.250000,213.946000,OK
3,9,adjacent,400,30,16,47,REV,E4,E3,E9,E10,-45.164000,215.382000,OK
3,9,adjacent,400,30,16,48,FWD,E3,E4,E10,E11,20.937000,214.265000,OK
3,9,adjacent,400,30,16,49,REV,E4,E3,E10,E11,23.375000,215.781000,OK
3,9,adjacent,400,30,16,50,FWD,E3,E4,E11,E12,2.414000,215.143000,OK
3,9,adjacent,400,30,16,51,REV,E4,E3,E11,E12,5.305000,215.622000,OK
3,9,adjacent,400,30,16,52,FWD,E3,E4,E12,E1,-2.055000,214.983000,OK
3,9,adjacent,400,30,16,53,REV,E4,E3,E12,E1,2.344000,215.702000,OK
3,9,adjacent,400,30,16,54,FWD,E4,E5,E1,E2,-24.680000,91.771000,OK
3,9,adjacent,400,30,16,55,REV,E5,E4,E1,E2,-21.172000,255.682000,OK
3,9,adjacent,400,30,16,56,FWD,E4,E5,E2,E3,51.453000,210.515000,OK
3,9,adjacent,400,30,16,57,REV,E5,E4,E2,E3,56.523000,229.268000,OK
3,9,adjacent,400,30,16,58,FWD,E4,E5,E6,E7,3.984000,220.410000,OK
3,9,adjacent,400,30,16,59,REV,E5,E4,E6,E7,16.109000,226.235000,OK
3,9,adjacent,400,30,16,60,FWD,E4,E5,E7,E8,12.281000,222.325000,OK
3,9,adjacent,400,30,16,61,REV,E5,E4,E7,E8,18.312000,226.235000,OK
3,9,adjacent,400,30,16,62,FWD,E4,E5,E8,E9,59.625000,223.362000,OK
3,9,adjacent,400,30,16,63,REV,E5,E4,E8,E9,63.594000,224.879000,OK
3,9,adjacent,400,30,16,64,FWD,E4,E5,E9,E10,-49.211000,224.559000,OK
3,9,adjacent,400,30,16,65,REV,E5,E4,E9,E10,-46.586000,225.836000,OK
3,9,adjacent,400,30,16,66,FWD,E4,E5,E10,E11,19.672000,223.921000,OK
3,9,adjacent,400,30,16,67,REV,E5,E4,E10,E11,22.367000,226.634000,OK
3,9,adjacent,400,30,16,68,FWD,E4,E5,E11,E12,2.234000,225.198000,OK
3,9,adjacent,400,30,16,69,REV,E5,E4,E11,E12,4.977000,225.757000,OK
3,9,adjacent,400,30,16,70,FWD,E4,E5,E12,E1,-4.477000,224.799000,OK
3,9,adjacent,400,30,16,71,REV,E5,E4,E12,E1,-1.031000,225.916000,OK
3,9,adjacent,400,30,16,72,FWD,E5,E6,E1,E2,-27.680000,108.050000,OK
3,9,adjacent,400,30,16,73,REV,E6,E5,E1,E2,-24.312000,271.961000,OK
3,9,adjacent,400,30,16,74,FWD,E5,E6,E2,E3,33.164000,233.657000,OK
3,9,adjacent,400,30,16,75,REV,E6,E5,E2,E3,39.633000,245.547000,OK
3,9,adjacent,400,30,16,76,FWD,E5,E6,E3,E4,11.195000,243.871000,OK
3,9,adjacent,400,30,16,77,REV,E6,E5,E3,E4,23.664000,241.238000,OK
3,9,adjacent,400,30,16,78,FWD,E5,E6,E7,E8,9.172000,245.946000,OK
3,9,adjacent,400,30,16,79,REV,E6,E5,E7,E8,20.469000,241.318000,OK
3,9,adjacent,400,30,16,80,FWD,E5,E6,E8,E9,61.500000,246.265000,OK
3,9,adjacent,400,30,16,81,REV,E6,E5,E8,E9,67.344000,240.919000,OK
3,9,adjacent,400,30,16,82,FWD,E5,E6,E9,E10,-51.164000,247.702000,OK
3,9,adjacent,400,30,16,83,REV,E6,E5,E9,E10,-47.719000,240.599000,OK
3,9,adjacent,400,30,16,84,FWD,E5,E6,E10,E11,18.703000,247.462000,OK
3,9,adjacent,400,30,16,85,REV,E6,E5,E10,E11,21.937000,240.599000,OK
3,9,adjacent,400,30,16,86,FWD,E5,E6,E11,E12,2.078000,247.622000,OK
3,9,adjacent,400,30,16,87,REV,E6,E5,E11,E12,5.055000,241.158000,OK
3,9,adjacent,400,30,16,88,FWD,E5,E6,E12,E1,-6.609000,247.622000,OK
3,9,adjacent,400,30,16,89,REV,E6,E5,E12,E1,-3.234000,240.919000,OK
3,9,adjacent,400,30,16,90,FWD,E6,E7,E1,E2,-28.320000,130.714000,OK
3,9,adjacent,400,30,16,91,REV,E7,E6,E1,E2,-25.359000,306.834000,OK
3,9,adjacent,400,30,16,92,FWD,E6,E7,E2,E3,31.750000,245.148000,OK
3,9,adjacent,400,30,16,93,REV,E7,E6,E2,E3,36.461000,271.243000,OK
3,9,adjacent,400,30,16,94,FWD,E6,E7,E3,E4,2.063000,257.916000,OK
3,9,adjacent,400,30,16,95,REV,E7,E6,E3,E4,9.313000,265.418000,OK
3,9,adjacent,400,30,16,96,FWD,E6,E7,E4,E5,2.906000,261.188000,OK
3,9,adjacent,400,30,16,97,REV,E7,E6,E4,E5,17.258000,264.699000,OK
3,9,adjacent,400,30,16,98,FWD,E6,E7,E8,E9,61.203000,261.507000,OK
3,9,adjacent,400,30,16,99,REV,E7,E6,E8,E9,72.883000,264.380000,OK
3,9,adjacent,400,30,16,100,FWD,E6,E7,E9,E10,-53.633000,262.146000,OK
3,9,adjacent,400,30,16,101,REV,E7,E6,E9,E10,-48.250000,263.023000,OK
3,9,adjacent,400,30,16,102,FWD,E6,E7,E10,E11,17.703000,262.146000,OK
3,9,adjacent,400,30,16,103,REV,E7,E6,E10,E11,21.859000,264.300000,OK
3,9,adjacent,400,30,16,104,FWD,E6,E7,E11,E12,1.883000,263.103000,OK
3,9,adjacent,400,30,16,105,REV,E7,E6,E11,E12,5.156000,264.300000,OK
3,9,adjacent,400,30,16,106,FWD,E6,E7,E12,E1,-8.523000,262.624000,OK
3,9,adjacent,400,30,16,107,REV,E7,E6,E12,E1,-5.203000,263.343000,OK
3,9,adjacent,400,30,16,108,FWD,E7,E8,E1,E2,-28.266000,101.666000,OK
3,9,adjacent,400,30,16,109,REV,E8,E7,E1,E2,-25.641000,284.490000,OK
3,9,adjacent,400,30,16,110,FWD,E7,E8,E2,E3,31.648000,225.677000,OK
3,9,adjacent,400,30,16,111,REV,E8,E7,E2,E3,35.180000,250.495000,OK
3,9,adjacent,400,30,16,112,FWD,E7,E8,E3,E4,2.984000,237.487000,OK
3,9,adjacent,400,30,16,113,REV,E8,E7,E3,E4,7.250000,245.228000,OK
3,9,adjacent,400,30,16,114,FWD,E7,E8,E4,E5,-2.742000,240.360000,OK
3,9,adjacent,400,30,16,115,REV,E8,E7,E4,E5,4.062000,244.111000,OK
3,9,adjacent,400,30,16,116,FWD,E7,E8,E5,E6,-32.469000,240.599000,OK
3,9,adjacent,400,30,16,117,REV,E8,E7,E5,E6,-22.164000,244.270000,OK
3,9,adjacent,400,30,16,118,FWD,E7,E8,E9,E10,-57.273000,241.717000,OK
3,9,adjacent,400,30,16,119,REV,E8,E7,E9,E10,-46.008000,243.871000,OK
3,9,adjacent,400,30,16,120,FWD,E7,E8,E10,E11,16.250000,242.435000,OK
3,9,adjacent,400,30,16,121,REV,E8,E7,E10,E11,22.586000,243.552000,OK
3,9,adjacent,400,30,16,122,FWD,E7,E8,E11,E12,1.508000,241.477000,OK
3,9,adjacent,400,30,16,123,REV,E8,E7,E11,E12,5.500000,243.632000,OK
3,9,adjacent,400,30,16,124,FWD,E7,E8,E12,E1,-10.180000,241.717000,OK
3,9,adjacent,400,30,16,125,REV,E8,E7,E12,E1,-6.812000,243.472000,OK
3,9,adjacent,400,30,16,126,FWD,E8,E9,E1,E2,-27.867000,68.230000,OK
3,9,adjacent,400,30,16,127,REV,E9,E8,E1,E2,-25.805000,253.288000,OK
3,9,adjacent,400,30,16,128,FWD,E8,E9,E2,E3,31.992000,192.559000,OK
3,9,adjacent,400,30,16,129,REV,E9,E8,E2,E3,34.531000,220.490000,OK
3,9,adjacent,400,30,16,130,FWD,E8,E9,E3,E4,3.945000,203.652000,OK
3,9,adjacent,400,30,16,131,REV,E9,E8,E3,E4,6.555000,215.941000,OK
3,9,adjacent,400,30,16,132,FWD,E8,E9,E4,E5,-3.320000,205.966000,OK
3,9,adjacent,400,30,16,133,REV,E9,E8,E4,E5,0.187000,214.425000,OK
3,9,adjacent,400,30,16,134,FWD,E8,E9,E5,E6,-36.445000,207.482000,OK
3,9,adjacent,400,30,16,135,REV,E9,E8,E5,E6,-32.039000,214.904000,OK
3,9,adjacent,400,30,16,136,FWD,E8,E9,E6,E7,11.641000,208.041000,OK
3,9,adjacent,400,30,16,137,REV,E9,E8,E6,E7,19.586000,214.584000,OK
3,9,adjacent,400,30,16,138,FWD,E8,E9,E10,E11,19.953000,208.679000,OK
3,9,adjacent,400,30,16,139,REV,E9,E8,E10,E11,32.906000,213.866000,OK
3,9,adjacent,400,30,16,140,FWD,E8,E9,E11,E12,2.125000,208.998000,OK
3,9,adjacent,400,30,16,141,REV,E9,E8,E11,E12,7.023000,214.265000,OK
3,9,adjacent,400,30,16,142,FWD,E8,E9,E12,E1,-11.633000,209.158000,OK
3,9,adjacent,400,30,16,143,REV,E9,E8,E12,E1,-8.352000,214.744000,OK
3,9,adjacent,400,30,16,144,FWD,E9,E10,E1,E2,-27.820000,92.569000,OK
3,9,adjacent,400,30,16,145,REV,E10,E9,E1,E2,-25.172000,251.293000,OK
3,9,adjacent,400,30,16,146,FWD,E9,E10,E2,E3,31.977000,212.111000,OK
3,9,adjacent,400,30,16,147,REV,E10,E9,E2,E3,34.664000,228.071000,OK
3,9,adjacent,400,30,16,148,FWD,E9,E10,E3,E4,4.430000,221.048000,OK
3,9,adjacent,400,30,16,149,REV,E10,E9,E3,E4,6.734000,224.958000,OK
3,9,adjacent,400,30,16,150,FWD,E9,E10,E4,E5,-3.906000,223.522000,OK
3,9,adjacent,400,30,16,151,REV,E10,E9,E4,E5,-1.250000,224.879000,OK
3,9,adjacent,400,30,16,152,FWD,E9,E10,E5,E6,-38.453000,225.278000,OK
3,9,adjacent,400,30,16,153,REV,E10,E9,E5,E6,-35.500000,225.517000,OK
3,9,adjacent,400,30,16,154,FWD,E9,E10,E6,E7,9.031000,225.357000,OK
3,9,adjacent,400,30,16,155,REV,E10,E9,E6,E7,13.195000,225.597000,OK
3,9,adjacent,400,30,16,156,FWD,E9,E10,E7,E8,27.805000,226.235000,OK
3,9,adjacent,400,30,16,157,REV,E10,E9,E7,E8,37.031000,225.357000,OK
3,9,adjacent,400,30,16,158,FWD,E9,E10,E11,E12,9.727000,226.235000,OK
3,9,adjacent,400,30,16,159,REV,E10,E9,E11,E12,22.906000,225.836000,OK
3,9,adjacent,400,30,16,160,FWD,E9,E10,E12,E1,-13.711000,226.395000,OK
3,9,adjacent,400,30,16,161,REV,E10,E9,E12,E1,-8.852000,225.996000,OK
3,9,adjacent,400,30,16,162,FWD,E10,E11,E1,E2,-27.852000,112.918000,OK
3,9,adjacent,400,30,16,163,REV,E11,E10,E1,E2,-23.367000,266.216000,OK
3,9,adjacent,400,30,16,164,FWD,E10,E11,E2,E3,31.578000,221.846000,OK
3,9,adjacent,400,30,16,165,REV,E11,E10,E2,E3,35.344000,241.078000,OK
3,9,adjacent,400,30,16,166,FWD,E10,E11,E3,E4,4.586000,229.986000,OK
3,9,adjacent,400,30,16,167,REV,E11,E10,E3,E4,7.406000,238.205000,OK
3,9,adjacent,400,30,16,168,FWD,E10,E11,E4,E5,-4.664000,232.141000,OK
3,9,adjacent,400,30,16,169,REV,E11,E10,E4,E5,-1.773000,237.647000,OK
3,9,adjacent,400,30,16,170,FWD,E10,E11,E5,E6,-40.398000,233.657000,OK
3,9,adjacent,400,30,16,171,REV,E11,E10,E5,E6,-37.500000,237.407000,OK
3,9,adjacent,400,30,16,172,FWD,E10,E11,E6,E7,8.219000,234.375000,OK
3,9,adjacent,400,30,16,173,REV,E11,E10,E6,E7,11.633000,238.445000,OK
3,9,adjacent,400,30,16,174,FWD,E10,E11,E7,E8,22.062000,234.375000,OK
3,9,adjacent,400,30,16,175,REV,E11,E10,E7,E8,27.766000,238.604000,OK
3,9,adjacent,400,30,16,176,FWD,E10,E11,E8,E9,40.211000,234.854000,OK
3,9,adjacent,400,30,16,177,REV,E11,E10,E8,E9,52.883000,238.126000,OK
3,9,adjacent,400,30,16,178,FWD,E10,E11,E12,E1,-11.641000,235.732000,OK
3,9,adjacent,400,30,16,179,REV,E11,E10,E12,E1,0.805000,238.525000,OK
3,9,adjacent,400,30,16,180,FWD,E11,E12,E1,E2,-27.836000,84.589000,OK
3,9,adjacent,400,30,16,181,REV,E12,E11,E1,E2,-20.773000,250.255000,OK
3,9,adjacent,400,30,16,182,FWD,E11,E12,E2,E3,31.250000,214.106000,OK
3,9,adjacent,400,30,16,183,REV,E12,E11,E2,E3,36.094000,225.996000,OK
3,9,adjacent,400,30,16,184,FWD,E11,E12,E3,E4,4.969000,223.203000,OK
3,9,adjacent,400,30,16,185,REV,E12,E11,E3,E4,7.945000,224.958000,OK
3,9,adjacent,400,30,16,186,FWD,E11,E12,E4,E5,-4.969000,224.879000,OK
3,9,adjacent,400,30,16,187,REV,E12,E11,E4,E5,-2.305000,224.081000,OK
3,9,adjacent,400,30,16,188,FWD,E11,E12,E5,E6,-41.797000,225.357000,OK
3,9,adjacent,400,30,16,189,REV,E12,E11,E5,E6,-39.383000,224.320000,OK
3,9,adjacent,400,30,16,190,FWD,E11,E12,E6,E7,8.242000,226.156000,OK
3,9,adjacent,400,30,16,191,REV,E12,E11,E6,E7,10.734000,223.761000,OK
3,9,adjacent,400,30,16,192,FWD,E11,E12,E7,E8,19.875000,226.395000,OK
3,9,adjacent,400,30,16,193,REV,E12,E11,E7,E8,23.180000,224.958000,OK
3,9,adjacent,400,30,16,194,FWD,E11,E12,E8,E9,44.578000,226.874000,OK
3,9,adjacent,400,30,16,195,REV,E12,E11,E8,E9,49.688000,225.357000,OK
3,9,adjacent,400,30,16,196,FWD,E11,E12,E9,E10,-54.352000,227.353000,OK
3,9,adjacent,400,30,16,197,REV,E12,E11,E9,E10,-42.141000,224.719000,OK
3,9,adjacent,400,30,16,198,FWD,E12,E1,E2,E3,31.008000,95.442000,OK
3,9,adjacent,400,30,16,199,REV,E1,E12,E2,E3,39.586000,252.809000,OK
3,9,adjacent,400,30,16,200,FWD,E12,E1,E3,E4,4.648000,211.472000,OK
3,9,adjacent,400,30,16,201,REV,E1,E12,E3,E4,9.234000,227.991000,OK
3,9,adjacent,400,30,16,202,FWD,E12,E1,E4,E5,-5.594000,220.490000,OK
3,9,adjacent,400,30,16,203,REV,E1,E12,E4,E5,-2.188000,225.278000,OK
3,9,adjacent,400,30,16,204,FWD,E12,E1,E5,E6,-43.313000,222.245000,OK
3,9,adjacent,400,30,16,205,REV,E1,E12,E5,E6,-40.484000,225.517000,OK
3,9,adjacent,400,30,16,206,FWD,E12,E1,E6,E7,8.016000,222.884000,OK
3,9,adjacent,400,30,16,207,REV,E1,E12,E6,E7,10.594000,225.597000,OK
3,9,adjacent,400,30,16,208,FWD,E12,E1,E7,E8,18.203000,223.283000,OK
3,9,adjacent,400,30,16,209,REV,E1,E12,E7,E8,21.047000,224.958000,OK
3,9,adjacent,400,30,16,210,FWD,E12,E1,E8,E9,47.781000,223.921000,OK
3,9,adjacent,400,30,16,211,REV,E1,E12,E8,E9,51.406000,225.437000,OK
3,9,adjacent,400,30,16,212,FWD,E12,E1,E9,E10,-44.148000,223.602000,OK
3,9,adjacent,400,30,16,213,REV,E1,E12,E9,E10,-39.445000,225.836000,OK
3,9,adjacent,400,30,16,214,FWD,E12,E1,E10,E11,26.094000,224.400000,OK
3,9,adjacent,400,30,16,215,REV,E1,E12,E10,E11,36.023000,225.677000,OK
4,10,adjacent,400,30,16,0,FWD,E1,E2,E3,E4,5.352000,94.644000,OK
4,10,adjacent,400,30,16,1,REV,E2,E1,E3,E4,12.219000,260.709000,OK
4,10,adjacent,400,30,16,2,FWD,E1,E2,E4,E5,-6.328000,224.160000,OK
4,10,adjacent,400,30,16,3,REV,E2,E1,E4,E5,-1.609000,234.375000,OK
4,10,adjacent,400,30,16,4,FWD,E1,E2,E5,E6,-44.820000,233.577000,OK
4,10,adjacent,400,30,16,5,REV,E2,E1,E5,E6,-41.195000,232.300000,OK
4,10,adjacent,400,30,16,6,FWD,E1,E2,E6,E7,7.945000,235.253000,OK
4,10,adjacent,400,30,16,7,REV,E2,E1,E6,E7,10.688000,230.864000,OK
4,10,adjacent,400,30,16,8,FWD,E1,E2,E7,E8,16.922000,236.370000,OK
4,10,adjacent,400,30,16,9,REV,E2,E1,E7,E8,19.609000,230.624000,OK
4,10,adjacent,400,30,16,10,FWD,E1,E2,E8,E9,51.039000,236.769000,OK
4,10,adjacent,400,30,16,11,REV,E2,E1,E8,E9,54.047000,231.343000,OK
4,10,adjacent,400,30,16,12,FWD,E1,E2,E9,E10,-44.422000,236.689000,OK
4,10,adjacent,400,30,16,13,REV,E2,E1,E9,E10,-41.188000,231.023000,OK
4,10,adjacent,400,30,16,14,FWD,E1,E2,E10,E11,24.586000,236.609000,OK
4,10,adjacent,400,30,16,15,REV,E2,E1,E10,E11,29.500000,230.545000,OK
4,10,adjacent,400,30,16,16,FWD,E1,E2,E11,E12,2.359000,236.769000,OK
4,10,adjacent,400,30,16,17,REV,E2,E1,E11,E12,11.484000,230.944000,OK
4,10,adjacent,400,30,16,18,FWD,E2,E3,E4,E5,-6.945000,100.868000,OK
4,10,adjacent,400,30,16,19,REV,E3,E2,E4,E5,1.555000,271.722000,OK
4,10,adjacent,400,30,16,20,FWD,E2,E3,E5,E6,-47.008000,208.440000,OK
4,10,adjacent,400,30,16,21,REV,E3,E2,E5,E6,-41.039000,237.008000,OK
4,10,adjacent,400,30,16,22,FWD,E2,E3,E6,E7,7.242000,218.894000,OK
4,10,adjacent,400,30,16,23,REV,E3,E2,E6,E7,11.133000,232.061000,OK
4,10,adjacent,400,30,16,24,FWD,E2,E3,E7,E8,15.500000,220.729000,OK
4,10,adjacent,400,30,16,25,REV,E3,E2,E7,E8,18.672000,231.023000,OK
4,10,adjacent,400,30,16,26,FWD,E2,E3,E8,E9,53.852000,222.086000,OK
4,10,adjacent,400,30,16,27,REV,E3,E2,E8,E9,56.906000,229.826000,OK
4,10,adjacent,400,30,16,28,FWD,E2,E3,E9,E10,-45.742000,222.485000,OK
4,10,adjacent,400,30,16,29,REV,E3,E2,E9,E10,-43.023000,230.305000,OK
4,10,adjacent,400,30,16,30,FWD,E2,E3,E10,E11,22.047000,222.405000,OK
4,10,adjacent,400,30,16,31,REV,E3,E2,E10,E11,25.734000,229.986000,OK
4,10,adjacent,400,30,16,32,FWD,E2,E3,E11,E12,1.648000,222.644000,OK
4,10,adjacent,400,30,16,33,REV,E3,E2,E11,E12,6.883000,229.427000,OK
4,10,adjacent,400,30,16,34,FWD,E2,E3,E12,E1,-0.289000,222.804000,OK
4,10,adjacent,400,30,16,35,REV,E3,E2,E12,E1,10.367000,229.028000,OK
4,10,adjacent,400,30,16,36,FWD,E3,E4,E1,E2,8.125000,78.684000,OK
4,10,adjacent,400,30,16,37,REV,E4,E3,E1,E2,5.000000,246.106000,OK
4,10,adjacent,400,30,16,38,FWD,E3,E4,E5,E6,-49.563000,200.061000,OK
4,10,adjacent,400,30,16,39,REV,E4,E3,E5,E6,-36.711000,219.612000,OK
4,10,adjacent,400,30,16,40,FWD,E3,E4,E6,E7,6.570000,210.195000,OK
4,10,adjacent,400,30,16,41,REV,E4,E3,E6,E7,11.922000,216.021000,OK
4,10,adjacent,400,30,16,42,FWD,E3,E4,E7,E8,14.406000,212.031000,OK
4,10,adjacent,400,30,16,43,REV,E4,E3,E7,E8,17.859000,215.702000,OK
4,10,adjacent,400,30,16,44,FWD,E3,E4,E8,E9,57.164000,212.988000,OK
4,10,adjacent,400,30,16,45,REV,E4,E3,E8,E9,59.977000,215.143000,OK
4,10,adjacent,400,30,16,46,FWD,E3,E4,E9,E10,-47.156000,214.505000,OK
4,10,adjacent,400,30,16,47,REV,E4,E3,E9,E10,-45.031000,215.542000,OK
4,10,adjacent,400,30,16,48,FWD,E3,E4,E10,E11,20.891000,214.824000,OK
4,10,adjacent,400,30,16,49,REV,E4,E3,E10,E11,23.328000,215.861000,OK
4,10,adjacent,400,30,16,50,FWD,E3,E4,E11,E12,2.133000,215.223000,OK
4,10,adjacent,400,30,16,51,REV,E4,E3,E11,E12,5.086000,217.138000,OK
4,10,adjacent,400,30,16,52,FWD,E3,E4,E12,E1,-2.477000,215.462000,OK
4,10,adjacent,400,30,16,53,REV,E4,E3,E12,E1,1.883000,216.180000,OK
4,10,adjacent,400,30,16,54,FWD,E4,E5,E1,E2,-24.305000,91.691000,OK
4,10,adjacent,400,30,16,55,REV,E5,E4,E1,E2,-20.844000,255.841000,OK
4,10,adjacent,400,30,16,56,FWD,E4,E5,E2,E3,51.586000,210.515000,OK
4,10,adjacent,400,30,16,57,REV,E5,E4,E2,E3,56.711000,229.108000,OK
4,10,adjacent,400,30,16,58,FWD,E4,E5,E6,E7,3.305000,219.771000,OK
4,10,adjacent,400,30,16,59,REV,E5,E4,E6,E7,15.359000,226.555000,OK
4,10,adjacent,400,30,16,60,FWD,E4,E5,E7,E8,12.266000,222.086000,OK
4,10,adjacent,400,30,16,61,REV,E5,E4,E7,E8,18.281000,225.437000,OK
4,10,adjacent,400,30,16,62,FWD,E4,E5,E8,E9,59.508000,222.884000,OK
4,10,adjacent,400,30,16,63,REV,E5,E4,E8,E9,63.477000,225.437000,OK
4,10,adjacent,400,30,16,64,FWD,E4,E5,E9,E10,-49.148000,223.203000,OK
4,10,adjacent,400,30,16,65,REV,E5,E4,E9,E10,-46.484000,225.278000,OK
4,10,adjacent,400,30,16,66,FWD,E4,E5,E10,E11,19.672000,223.682000,OK
4,10,adjacent,400,30,16,67,REV,E5,E4,E10,E11,22.352000,225.597000,OK
4,10,adjacent,400,30,16,68,FWD,E4,E5,E11,E12,2.008000,224.320000,OK
4,10,adjacent,400,30,16,69,REV,E5,E4,E11,E12,4.758000,225.757000,OK
4,10,adjacent,400,30,16,70,FWD,E4,E5,E12,E1,-5.078000,224.958000,OK
4,10,adjacent,400,30,16,71,REV,E5,E4,E12,E1,-1.641000,226.475000,OK
4,10,adjacent,400,30,16,72,FWD,E5,E6,E1,E2,-27.328000,108.370000,OK
4,10,adjacent,400,30,16,73,REV,E6,E5,E1,E2,-23.937000,271.722000,OK
4,10,adjacent,400,30,16,74,FWD,E5,E6,E2,E3,33.297000,233.657000,OK
4,10,adjacent,400,30,16,75,REV,E6,E5,E2,E3,39.781000,245.547000,OK
4,10,adjacent,400,30,16,76,FWD,E5,E6,E3,E4,11.328000,243.791000,OK
4,10,adjacent,400,30,16,77,REV,E6,E5,E3,E4,23.734000,242.355000,OK
4,10,adjacent,400,30,16,78,FWD,E5,E6,E7,E8,9.172000,246.106000,OK
4,10,adjacent,400,30,16,79,REV,E6,E5,E7,E8,20.523000,240.998000,OK
4,10,adjacent,400,30,16,80,FWD,E5,E6,E8,E9,61.391000,247.622000,OK
4,10,adjacent,400,30,16,81,REV,E6,E5,E8,E9,67.242000,241.238000,OK
4,10,adjacent,400,30,16,82,FWD,E5,E6,E9,E10,-51.125000,247.861000,OK
4,10,adjacent,400,30,16,83,REV,E6,E5,E9,E10,-47.656000,241.158000,OK
4,10,adjacent,400,30,16,84,FWD,E5,E6,E10,E11,18.711000,247.782000,OK
4,10,adjacent,400,30,16,85,REV,E6,E5,E10,E11,21.953000,240.679000,OK
4,10,adjacent,400,30,16,86,FWD,E5,E6,E11,E12,1.859000,247.702000,OK
4,10,adjacent,400,30,16,87,REV,E6,E5,E11,E12,4.852000,240.440000,OK
4,10,adjacent,400,30,16,88,FWD,E5,E6,E12,E1,-7.352000,247.462000,OK
4,10,adjacent,400,30,16,89,REV,E6,E5,E12,E1,-3.922000,240.759000,OK
4,10,adjacent,400,30,16,90,FWD,E6,E7,E1,E2,-27.852000,130.714000,OK
4,10,adjacent,400,30,16,91,REV,E7,E6,E1,E2,-24.867000,307.313000,OK
4,10,adjacent,400,30,16,92,FWD,E6,E7,E2,E3,31.875000,245.627000,OK
4,10,adjacent,400,30,16,93,REV,E7,E6,E2,E3,36.547000,271.323000,OK
4,10,adjacent,400,30,16,94,FWD,E6,E7,E3,E4,2.180000,259.033000,OK
4,10,adjacent,400,30,16,95,REV,E7,E6,E3,E4,9.398000,266.216000,OK
4,10,adjacent,400,30,16,96,FWD,E6,E7,E4,E5,3.453000,261.268000,OK
4,10,adjacent,400,30,16,97,REV,E7,E6,E4,E5,17.844000,264.939000,OK
4,10,adjacent,400,30,16,98,FWD,E6,E7,E8,E9,61.070000,262.465000,OK
4,10,adjacent,400,30,16,99,REV,E7,E6,E8,E9,72.875000,263.582000,OK
4,10,adjacent,400,30,16,100,FWD,E6,E7,E9,E10,-53.617000,262.784000,OK
4,10,adjacent,400,30,16,101,REV,E7,E6,E9,E10,-48.328000,264.300000,OK
4,10,adjacent,400,30,16,102,FWD,E6,E7,E10,E11,17.695000,262.146000,OK
4,10,adjacent,400,30,16,103,REV,E7,E6,E10,E11,21.820000,264.141000,OK
4,10,adjacent,400,30,16,104,FWD,E6,E7,E11,E12,1.656000,262.784000,OK
4,10,adjacent,400,30,16,105,REV,E7,E6,E11,E12,4.914000,264.300000,OK
4,10,adjacent,400,30,16,106,FWD,E6,E7,E12,E1,-9.359000,262.545000,OK
4,10,adjacent,400,30,16,107,REV,E7,E6,E12,E1,-6.086000,263.821000,OK
4,10,adjacent,400,30,16,108,FWD,E7,E8,E1,E2,-27.695000,102.065000,OK
4,10,adjacent,400,30,16,109,REV,E8,E7,E1,E2,-25.086000,284.809000,OK
4,10,adjacent,400,30,16,110,FWD,E7,E8,E2,E3,31.789000,225.118000,OK
4,10,adjacent,400,30,16,111,REV,E8,E7,E2,E3,35.367000,249.777000,OK
4,10,adjacent,400,30,16,112,FWD,E7,E8,E3,E4,3.125000,237.168000,OK
4,10,adjacent,400,30,16,113,REV,E8,E7,E3,E4,7.336000,245.068000,OK
4,10,adjacent,400,30,16,114,FWD,E7,E8,E4,E5,-2.180000,239.961000,OK
4,10,adjacent,400,30,16,115,REV,E8,E7,E4,E5,4.617000,244.191000,OK
4,10,adjacent,400,30,16,116,FWD,E7,E8,E5,E6,-32.234000,240.759000,OK
4,10,adjacent,400,30,16,117,REV,E8,E7,E5,E6,-21.914000,243.951000,OK
4,10,adjacent,400,30,16,118,FWD,E7,E8,E9,E10,-57.289000,241.397000,OK
4,10,adjacent,400,30,16,119,REV,E8,E7,E9,E10,-46.055000,243.871000,OK
4,10,adjacent,400,30,16,120,FWD,E7,E8,E10,E11,16.258000,242.435000,OK
4,10,adjacent,400,30,16,121,REV,E8,E7,E10,E11,22.594000,243.951000,OK
4,10,adjacent,400,30,16,122,FWD,E7,E8,E11,E12,1.312000,241.796000,OK
4,10,adjacent,400,30,16,123,REV,E8,E7,E11,E12,5.352000,243.871000,OK
4,10,adjacent,400,30,16,124,FWD,E7,E8,E12,E1,-11.250000,241.717000,OK
4,10,adjacent,400,30,16,125,REV,E8,E7,E12,E1,-7.930000,243.552000,OK
4,10,adjacent,400,30,16,126,FWD,E8,E9,E1,E2,-27.070000,67.352000,OK
4,10,adjacent,400,30,16,127,REV,E9,E8,E1,E2,-24.969000,252.649000,OK
4,10,adjacent,400,30,16,128,FWD,E8,E9,E2,E3,32.164000,192.400000,OK
4,10,adjacent,400,30,16,129,REV,E9,E8,E2,E3,34.703000,220.091000,OK
4,10,adjacent,400,30,16,130,FWD,E8,E9,E3,E4,4.039000,203.572000,OK
4,10,adjacent,400,30,16,131,REV,E9,E8,E3,E4,6.641000,216.260000,OK
4,10,adjacent,400,30,16,132,FWD,E8,E9,E4,E5,-2.781000,206.445000,OK
4,10,adjacent,400,30,16,133,REV,E9,E8,E4,E5,0.750000,215.143000,OK
4,10,adjacent,400,30,16,134,FWD,E8,E9,E5,E6,-36.000000,207.881000,OK
4,10,adjacent,400,30,16,135,REV,E9,E8,E5,E6,-31.555000,215.063000,OK
4,10,adjacent,400,30,16,136,FWD,E8,E9,E6,E7,11.016000,207.881000,OK
4,10,adjacent,400,30,16,137,REV,E9,E8,E6,E7,19.055000,215.143000,OK
4,10,adjacent,400,30,16,138,FWD,E8,E9,E10,E11,19.937000,208.839000,OK
4,10,adjacent,400,30,16,139,REV,E9,E8,E10,E11,32.961000,214.584000,OK
4,10,adjacent,400,30,16,140,FWD,E8,E9,E11,E12,1.961000,209.318000,OK
4,10,adjacent,400,30,16,141,REV,E9,E8,E11,E12,6.867000,214.425000,OK
4,10,adjacent,400,30,16,142,FWD,E8,E9,E12,E1,-12.883000,209.238000,OK
4,10,adjacent,400,30,16,143,REV,E9,E8,E12,E1,-9.570000,214.744000,OK
4,10,adjacent,400,30,16,144,FWD,E9,E10,E1,E2,-26.953000,92.489000,OK
4,10,adjacent,400,30,16,145,REV,E10,E9,E1,E2,-24.266000,251.772000,OK
4,10,adjacent,400,30,16,146,FWD,E9,E10,E2,E3,32.109000,212.190000,OK
4,10,adjacent,400,30,16,147,REV,E10,E9,E2,E3,34.789000,227.831000,OK
4,10,adjacent,400,30,16,148,FWD,E9,E10,E3,E4,4.539000,221.527000,OK
4,10,adjacent,400,30,16,149,REV,E10,E9,E3,E4,6.867000,225.118000,OK
4,10,adjacent,400,30,16,150,FWD,E9,E10,E4,E5,-3.336000,223.123000,OK
4,10,adjacent,400,30,16,151,REV,E10,E9,E4,E5,-0.641000,225.118000,OK
4,10,adjacent,400,30,16,152,FWD,E9,E10,E5,E6,-38.094000,224.719000,OK
4,10,adjacent,400,30,16,153,REV,E10,E9,E5,E6,-35.141000,224.240000,OK
4,10,adjacent,400,30,16,154,FWD,E9,E10,E6,E7,8.516000,225.517000,OK
4,10,adjacent,400,30,16,155,REV,E10,E9,E6,E7,12.625000,225.357000,OK
4,10,adjacent,400,30,16,156,FWD,E9,E10,E7,E8,27.711000,225.677000,OK
4,10,adjacent,400,30,16,157,REV,E10,E9,E7,E8,36.938000,225.677000,OK
4,10,adjacent,400,30,16,158,FWD,E9,E10,E11,E12,9.625000,226.714000,OK
4,10,adjacent,400,30,16,159,REV,E10,E9,E11,E12,22.828000,225.677000,OK
4,10,adjacent,400,30,16,160,FWD,E9,E10,E12,E1,-14.813000,227.512000,OK
4,10,adjacent,400,30,16,161,REV,E10,E9,E12,E1,-9.898000,225.996000,OK
4,10,adjacent,400,30,16,162,FWD,E10,E11,E1,E2,-27.070000,112.679000,OK
4,10,adjacent,400,30,16,163,REV,E11,E10,E1,E2,-22.609000,266.455000,OK
4,10,adjacent,400,30,16,164,FWD,E10,E11,E2,E3,31.672000,221.367000,OK
4,10,adjacent,400,30,16,165,REV,E11,E10,E2,E3,35.484000,240.998000,OK
4,10,adjacent,400,30,16,166,FWD,E10,E11,E3,E4,4.711000,230.624000,OK
4,10,adjacent,400,30,16,167,REV,E11,E10,E3,E4,7.492000,238.126000,OK
4,10,adjacent,400,30,16,168,FWD,E10,E11,E4,E5,-4.031000,232.699000,OK
4,10,adjacent,400,30,16,169,REV,E11,E10,E4,E5,-1.125000,237.168000,OK
4,10,adjacent,400,30,16,170,FWD,E10,E11,E5,E6,-40.148000,232.939000,OK
4,10,adjacent,400,30,16,171,REV,E11,E10,E5,E6,-37.289000,237.886000,OK
4,10,adjacent,400,30,16,172,FWD,E10,E11,E6,E7,7.711000,234.136000,OK
4,10,adjacent,400,30,16,173,REV,E11,E10,E6,E7,11.156000,238.604000,OK
4,10,adjacent,400,30,16,174,FWD,E10,E11,E7,E8,21.984000,235.093000,OK
4,10,adjacent,400,30,16,175,REV,E11,E10,E7,E8,27.672000,238.525000,OK
4,10,adjacent,400,30,16,176,FWD,E10,E11,E8,E9,40.172000,235.412000,OK
4,10,adjacent,400,30,16,177,REV,E11,E10,E8,E9,52.891000,239.003000,OK
4,10,adjacent,400,30,16,178,FWD,E10,E11,E12,E1,-12.602000,236.530000,OK
4,10,adjacent,400,30,16,179,REV,E11,E10,E12,E1,-0.164000,239.003000,OK
4,10,adjacent,400,30,16,180,FWD,E11,E12,E1,E2,-27.109000,85.227000,OK
4,10,adjacent,400,30,16,181,REV,E12,E11,E1,E2,-20.094000,249.138000,OK
4,10,adjacent,400,30,16,182,FWD,E11,E12,E2,E3,31.352000,213.467000,OK
4,10,adjacent,400,30,16,183,REV,E12,E11,E2,E3,36.195000,226.475000,OK
4,10,adjacent,400,30,16,184,FWD,E11,E12,E3,E4,5.086000,221.846000,OK
4,10,adjacent,400,30,16,185,REV,E12,E11,E3,E4,8.055000,224.001000,OK
4,10,adjacent,400,30,16,186,FWD,E11,E12,E4,E5,-4.250000,223.761000,OK
4,10,adjacent,400,30,16,187,REV,E12,E11,E4,E5,-1.586000,223.522000,OK
4,10,adjacent,400,30,16,188,FWD,E11,E12,E5,E6,-41.680000,225.437000,OK
4,10,adjacent,400,30,16,189,REV,E12,E11,E5,E6,-39.219000,224.559000,OK
4,10,adjacent,400,30,16,190,FWD,E11,E12,E6,E7,7.773000,226.475000,OK
4,10,adjacent,400,30,16,191,REV,E12,E11,E6,E7,10.266000,225.198000,OK
4,10,adjacent,400,30,16,192,FWD,E11,E12,E7,E8,19.727000,227.432000,OK
4,10,adjacent,400,30,16,193,REV,E12,E11,E7,E8,23.062000,224.958000,OK
4,10,adjacent,400,30,16,194,FWD,E11,E12,E8,E9,44.586000,227.831000,OK
4,10,adjacent,400,30,16,195,REV,E12,E11,E8,E9,49.703000,225.597000,OK
4,10,adjacent,400,30,16,196,FWD,E11,E12,E9,E10,-54.383000,227.353000,OK
4,10,adjacent,400,30,16,197,REV,E12,E11,E9,E10,-42.133000,224.958000,OK
4,10,adjacent,400,30,16,198,FWD,E12,E1,E2,E3,31.094000,95.921000,OK
4,10,adjacent,400,30,16,199,REV,E1,E12,E2,E3,39.703000,252.410000,OK
4,10,adjacent,400,30,16,200,FWD,E12,E1,E3,E4,4.758000,211.951000,OK
4,10,adjacent,400,30,16,201,REV,E1,E12,E3,E4,9.328000,227.752000,OK
4,10,adjacent,400,30,16,202,FWD,E12,E1,E4,E5,-4.859000,220.170000,OK
4,10,adjacent,400,30,16,203,REV,E1,E12,E4,E5,-1.461000,225.437000,OK
4,10,adjacent,400,30,16,204,FWD,E12,E1,E5,E6,-43.219000,221.367000,OK
4,10,adjacent,400,30,16,205,REV,E1,E12,E5,E6,-40.398000,224.639000,OK
4,10,adjacent,400,30,16,206,FWD,E12,E1,E6,E7,7.648000,223.043000,OK
4,10,adjacent,400,30,16,207,REV,E1,E12,E6,E7,10.125000,224.559000,OK
4,10,adjacent,400,30,16,208,FWD,E12,E1,E7,E8,18.055000,223.283000,OK
4,10,adjacent,400,30,16,209,REV,E1,E12,E7,E8,20.898000,225.357000,OK
4,10,adjacent,400,30,16,210,FWD,E12,E1,E8,E9,47.750000,223.203000,OK
4,10,adjacent,400,30,16,211,REV,E1,E12,E8,E9,51.398000,225.118000,OK
4,10,adjacent,400,30,16,212,FWD,E12,E1,E9,E10,-44.227000,223.602000,OK
4,10,adjacent,400,30,16,213,REV,E1,E12,E9,E10,-39.516000,225.597000,OK
4,10,adjacent,400,30,16,214,FWD,E12,E1,E10,E11,25.898000,223.841000,OK
4,10,adjacent,400,30,16,215,REV,E1,E12,E10,E11,35.859000,226.076000,OK
5,11,adjacent,400,30,16,0,FWD,E1,E2,E3,E4,5.492000,94.963000,OK
5,11,adjacent,400,30,16,1,REV,E2,E1,E3,E4,12.422000,260.071000,OK
5,11,adjacent,400,30,16,2,FWD,E1,E2,E4,E5,-5.594000,223.682000,OK
5,11,adjacent,400,30,16,3,REV,E2,E1,E4,E5,-0.820000,234.694000,OK
5,11,adjacent,400,30,16,4,FWD,E1,E2,E5,E6,-44.844000,233.816000,OK
5,11,adjacent,400,30,16,5,REV,E2,E1,E5,E6,-41.203000,231.263000,OK
5,11,adjacent,400,30,16,6,FWD,E1,E2,E6,E7,7.531000,235.492000,OK
5,11,adjacent,400,30,16,7,REV,E2,E1,E6,E7,10.273000,231.183000,OK
5,11,adjacent,400,30,16,8,FWD,E1,E2,E7,E8,16.797000,236.051000,OK
5,11,adjacent,400,30,16,9,REV,E2,E1,E7,E8,19.500000,231.183000,OK
5,11,adjacent,400,30,16,10,FWD,E1,E2,E8,E9,51.023000,237.248000,OK
5,11,adjacent,400,30,16,11,REV,E2,E1,E8,E9,54.063000,230.864000,OK
5,11,adjacent,400,30,16,12,FWD,E1,E2,E9,E10,-44.523000,237.647000,OK
5,11,adjacent,400,30,16,13,REV,E2,E1,E9,E10,-41.297000,231.582000,OK
5,11,adjacent,400,30,16,14,FWD,E1,E2,E10,E11,24.367000,237.727000,OK
5,11,adjacent,400,30,16,15,REV,E2,E1,E10,E11,29.250000,231.662000,OK
5,11,adjacent,400,30,16,16,FWD,E1,E2,E11,E12,2.141000,237.328000,OK
5,11,adjacent,400,30,16,17,REV,E2,E1,E11,E12,11.242000,231.103000,OK
5,11,adjacent,400,30,16,18,FWD,E2,E3,E4,E5,-6.219000,101.427000,OK
5,11,adjacent,400,30,16,19,REV,E3,E2,E4,E5,2.328000,270.844000,OK
5,11,adjacent,400,30,16,20,FWD,E2,E3,E5,E6,-47.117000,207.562000,OK
5,11,adjacent,400,30,16,21,REV,E3,E2,E5,E6,-41.188000,237.567000,OK
5,11,adjacent,400,30,16,22,FWD,E2,E3,E6,E7,6.914000,218.894000,OK
5,11,adjacent,400,30,16,23,REV,E3,E2,E6,E7,10.789000,231.821000,OK
5,11,adjacent,400,30,16,24,FWD,E2,E3,E7,E8,15.352000,221.288000,OK
5,11,adjacent,400,30,16,25,REV,E3,E2,E7,E8,18.562000,230.704000,OK
5,11,adjacent,400,30,16,26,FWD,E2,E3,E8,E9,53.867000,221.527000,OK
5,11,adjacent,400,30,16,27,REV,E3,E2,E8,E9,56.938000,229.507000,OK
5,11,adjacent,400,30,16,28,FWD,E2,E3,E9,E10,-45.859000,221.766000,OK
5,11,adjacent,400,30,16,29,REV,E3,E2,E9,E10,-43.102000,229.747000,OK
5,11,adjacent,400,30,16,30,FWD,E2,E3,E10,E11,21.812000,222.644000,OK
5,11,adjacent,400,30,16,31,REV,E3,E2,E10,E11,25.437000,229.667000,OK
5,11,adjacent,400,30,16,32,FWD,E2,E3,E11,E12,1.406000,223.203000,OK
5,11,adjacent,400,30,16,33,REV,E3,E2,E11,E12,6.648000,229.667000,OK
5,11,adjacent,400,30,16,34,FWD,E2,E3,E12,E1,-0.102000,222.963000,OK
5,11,adjacent,400,30,16,35,REV,E3,E2,E12,E1,10.508000,230.066000,OK
5,11,adjacent,400,30,16,36,FWD,E3,E4,E1,E2,7.898000,78.364000,OK
5,11,adjacent,400,30,16,37,REV,E4,E3,E1,E2,4.758000,245.787000,OK
5,11,adjacent,400,30,16,38,FWD,E3,E4,E5,E6,-49.766000,200.140000,OK
5,11,adjacent,400,30,16,39,REV,E4,E3,E5,E6,-36.828000,219.851000,OK
5,11,adjacent,400,30,16,40,FWD,E3,E4,E6,E7,6.227000,209.477000,OK
5,11,adjacent,400,30,16,41,REV,E4,E3,E6,E7,11.625000,216.420000,OK
5,11,adjacent,400,30,16,42,FWD,E3,E4,E7,E8,14.273000,212.589000,OK
5,11,adjacent,400,30,16,43,REV,E4,E3,E7,E8,17.773000,215.622000,OK
5,11,adjacent,400,30,16,44,FWD,E3,E4,E8,E9,57.180000,214.026000,OK
5,11,adjacent,400,30,16,45,REV,E4,E3,E8,E9,60.000000,215.941000,OK
5,11,adjacent,400,30,16,46,FWD,E3,E4,E9,E10,-47.273000,213.866000,OK
5,11,adjacent,400,30,16,47,REV,E4,E3,E9,E10,-45.172000,215.223000,OK
5,11,adjacent,400,30,16,48,FWD,E3,E4,E10,E11,20.633000,214.744000,OK
5,11,adjacent,400,30,16,49,REV,E4,E3,E10,E11,23.031000,215.542000,OK
5,11,adjacent,400,30,16,50,FWD,E3,E4,E11,E12,1.984000,214.983000,OK
5,11,adjacent,400,30,16,51,REV,E4,E3,E11,E12,4.898000,215.702000,OK
5,11,adjacent,400,30,16,52,FWD,E3,E4,E12,E1,-2.258000,215.223000,OK
5,11,adjacent,400,30,16,53,REV,E4,E3,E12,E1,2.133000,216.500000,OK
5,11,adjacent,400,30,16,54,FWD,E4,E5,E1,E2,-24.531000,91.212000,OK
5,11,adjacent,400,30,16,55,REV,E5,E4,E1,E2,-21.086000,256.161000,OK
5,11,adjacent,400,30,16,56,FWD,E4,E5,E2,E3,51.711000,210.674000,OK
5,11,adjacent,400,30,16,57,REV,E5,E4,E2,E3,56.773000,229.028000,OK
5,11,adjacent,400,30,16,58,FWD,E4,E5,E6,E7,2.969000,219.851000,OK
5,11,adjacent,400,30,16,59,REV,E5,E4,E6,E7,14.977000,225.757000,OK
5,11,adjacent,400,30,16,60,FWD,E4,E5,E7,E8,12.125000,222.485000,OK
5,11,adjacent,400,30,16,61,REV,E5,E4,E7,E8,18.156000,225.118000,OK
5,11,adjacent,400,30,16,62,FWD,E4,E5,E8,E9,59.555000,223.761000,OK
5,11,adjacent,400,30,16,63,REV,E5,E4,E8,E9,63.500000,225.996000,OK
5,11,adjacent,400,30,16,64,FWD,E4,E5,E9,E10,-49.250000,224.480000,OK
5,11,adjacent,400,30,16,65,REV,E5,E4,E9,E10,-46.641000,225.836000,OK
5,11,adjacent,400,30,16,66,FWD,E4,E5,E10,E11,19.344000,223.682000,OK
5,11,adjacent,400,30,16,67,REV,E5,E4,E10,E11,22.047000,226.076000,OK
5,11,adjacent,400,30,16,68,FWD,E4,E5,E11,E12,1.859000,224.719000,OK
5,11,adjacent,400,30,16,69,REV,E5,E4,E11,E12,4.578000,225.836000,OK
5,11,adjacent,400,30,16,70,FWD,E4,E5,E12,E1,-4.797000,225.517000,OK
5,11,adjacent,400,30,16,71,REV,E5,E4,E12,E1,-1.367000,226.634000,OK
5,11,adjacent,400,30,16,72,FWD,E5,E6,E1,E2,-27.484000,108.290000,OK
5,11,adjacent,400,30,16,73,REV,E6,E5,E1,E2,-24.078000,272.121000,OK
5,11,adjacent,400,30,16,74,FWD,E5,E6,E2,E3,33.406000,233.737000,OK
5,11,adjacent,400,30,16,75,REV,E6,E5,E2,E3,39.859000,245.787000,OK
5,11,adjacent,400,30,16,76,FWD,E5,E6,E3,E4,11.797000,244.270000,OK
5,11,adjacent,400,30,16,77,REV,E6,E5,E3,E4,24.273000,242.116000,OK
5,11,adjacent,400,30,16,78,FWD,E5,E6,E7,E8,9.000000,246.505000,OK
5,11,adjacent,400,30,16,79,REV,E6,E5,E7,E8,20.312000,241.397000,OK
5,11,adjacent,400,30,16,80,FWD,E5,E6,E8,E9,61.430000,246.505000,OK
5,11,adjacent,400,30,16,81,REV,E6,E5,E8,E9,67.266000,240.919000,OK
5,11,adjacent,400,30,16,82,FWD,E5,E6,E9,E10,-51.219000,247.702000,OK
5,11,adjacent,400,30,16,83,REV,E6,E5,E9,E10,-47.766000,240.998000,OK
5,11,adjacent,400,30,16,84,FWD,E5,E6,E10,E11,18.414000,248.021000,OK
5,11,adjacent,400,30,16,85,REV,E6,E5,E10,E11,21.656000,241.637000,OK
5,11,adjacent,400,30,16,86,FWD,E5,E6,E11,E12,1.672000,247.383000,OK
5,11,adjacent,400,30,16,87,REV,E6,E5,E11,E12,4.641000,240.919000,OK
5,11,adjacent,400,30,16,88,FWD,E5,E6,E12,E1,-7.102000,247.622000,OK
5,11,adjacent,400,30,16,89,REV,E6,E5,E12,E1,-3.727000,241.078000,OK
5,11,adjacent,400,30,16,90,FWD,E6,E7,E1,E2,-27.969000,130.873000,OK
5,11,adjacent,400,30,16,91,REV,E7,E6,E1,E2,-24.992000,306.994000,OK
5,11,adjacent,400,30,16,92,FWD,E6,E7,E2,E3,31.945000,245.627000,OK
5,11,adjacent,400,30,16,93,REV,E7,E6,E2,E3,36.641000,271.562000,OK
5,11,adjacent,400,30,16,94,FWD,E6,E7,E3,E4,2.641000,259.113000,OK
5,11,adjacent,400,30,16,95,REV,E7,E6,E3,E4,9.930000,265.657000,OK
5,11,adjacent,400,30,16,96,FWD,E6,E7,E4,E5,3.719000,261.667000,OK
5,11,adjacent,400,30,16,97,REV,E7,E6,E4,E5,18.016000,264.939000,OK
5,11,adjacent,400,30,16,98,FWD,E6,E7,E8,E9,61.055000,261.826000,OK
5,11,adjacent,400,30,16,99,REV,E7,E6,E8,E9,72.875000,264.699000,OK
5,11,adjacent,400,30,16,100,FWD,E6,E7,E9,E10,-53.664000,262.465000,OK
5,11,adjacent,400,30,16,101,REV,E7,E6,E9,E10,-48.367000,264.540000,OK
5,11,adjacent,400,30,16,102,FWD,E6,E7,E10,E11,17.437000,263.343000,OK
5,11,adjacent,400,30,16,103,REV,E7,E6,E10,E11,21.602000,264.141000,OK
5,11,adjacent,400,30,16,104,FWD,E6,E7,E11,E12,1.469000,262.944000,OK
5,11,adjacent,400,30,16,105,REV,E7,E6,E11,E12,4.750000,264.300000,OK
5,11,adjacent,400,30,16,106,FWD,E6,E7,E12,E1,-9.102000,262.704000,OK
5,11,adjacent,400,30,16,107,REV,E7,E6,E12,E1,-5.891000,263.502000,OK
5,11,adjacent,400,30,16,108,FWD,E7,E8,E1,E2,-27.797000,102.704000,OK
5,11,adjacent,400,30,16,109,REV,E8,E7,E1,E2,-25.164000,284.011000,OK
5,11,adjacent,400,30,16,110,FWD,E7,E8,E2,E3,31.859000,225.517000,OK
5,11,adjacent,400,30,16,111,REV,E8,E7,E2,E3,35.383000,249.936000,OK
5,11,adjacent,400,30,16,112,FWD,E7,E8,E3,E4,3.648000,237.407000,OK
5,11,adjacent,400,30,16,113,REV,E8,E7,E3,E4,7.859000,245.707000,OK
5,11,adjacent,400,30,16,114,FWD,E7,E8,E4,E5,-1.992000,240.121000,OK
5,11,adjacent,400,30,16,115,REV,E8,E7,E4,E5,4.773000,243.632000,OK
5,11,adjacent,400,30,16,116,FWD,E7,E8,E5,E6,-32.469000,240.759000,OK
5,11,adjacent,400,30,16,117,REV,E8,E7,E5,E6,-22.141000,243.632000,OK
5,11,adjacent,400,30,16,118,FWD,E7,E8,E9,E10,-57.359000,240.440000,OK
5,11,adjacent,400,30,16,119,REV,E8,E7,E9,E10,-46.141000,243.552000,OK
5,11,adjacent,400,30,16,120,FWD,E7,E8,E10,E11,16.008000,241.956000,OK
5,11,adjacent,400,30,16,121,REV,E8,E7,E10,E11,22.406000,243.472000,OK
5,11,adjacent,400,30,16,122,FWD,E7,E8,E11,E12,1.117000,241.956000,OK
5,11,adjacent,400,30,16,123,REV,E8,E7,E11,E12,5.156000,244.191000,OK
5,11,adjacent,400,30,16,124,FWD,E7,E8,E12,E1,-11.047000,241.876000,OK
5,11,adjacent,400,30,16,125,REV,E8,E7,E12,E1,-7.766000,243.871000,OK
5,11,adjacent,400,30,16,126,FWD,E8,E9,E1,E2,-27.141000,68.310000,OK
5,11,adjacent,400,30,16,127,REV,E9,E8,E1,E2,-25.023000,253.288000,OK
5,11,adjacent,400,30,16,128,FWD,E8,E9,E2,E3,32.188000,193.278000,OK
5,11,adjacent,400,30,16,129,REV,E9,E8,E2,E3,34.750000,220.410000,OK
5,11,adjacent,400,30,16,130,FWD,E8,E9,E3,E4,4.586000,203.492000,OK
5,11,adjacent,400,30,16,131,REV,E9,E8,E3,E4,7.180000,216.819000,OK
5,11,adjacent,400,30,16,132,FWD,E8,E9,E4,E5,-2.586000,206.684000,OK
5,11,adjacent,400,30,16,133,REV,E9,E8,E4,E5,0.945000,215.303000,OK
5,11,adjacent,400,30,16,134,FWD,E8,E9,E5,E6,-36.273000,207.562000,OK
5,11,adjacent,400,30,16,135,REV,E9,E8,E5,E6,-31.789000,214.584000,OK
5,11,adjacent,400,30,16,136,FWD,E8,E9,E6,E7,10.961000,207.562000,OK
5,11,adjacent,400,30,16,137,REV,E9,E8,E6,E7,18.953000,214.664000,OK
5,11,adjacent,400,30,16,138,FWD,E8,E9,E10,E11,19.734000,208.280000,OK
5,11,adjacent,400,30,16,139,REV,E9,E8,E10,E11,32.773000,214.744000,OK
5,11,adjacent,400,30,16,140,FWD,E8,E9,E11,E12,1.812000,208.919000,OK
5,11,adjacent,400,30,16,141,REV,E9,E8,E11,E12,6.703000,214.345000,OK
5,11,adjacent,400,30,16,142,FWD,E8,E9,E12,E1,-12.672000,210.036000,OK
5,11,adjacent,400,30,16,143,REV,E9,E8,E12,E1,-9.328000,214.744000,OK
5,11,adjacent,400,30,16,144,FWD,E9,E10,E1,E2,-27.000000,91.691000,OK
5,11,adjacent,400,30,16,145,REV,E10,E9,E1,E2,-24.352000,251.532000,OK
5,11,adjacent,400,30,16,146,FWD,E9,E10,E2,E3,32.125000,211.472000,OK
5,11,adjacent,400,30,16,147,REV,E10,E9,E2,E3,34.781000,227.432000,OK
5,11,adjacent,400,30,16,148,FWD,E9,E10,E3,E4,5.078000,221.048000,OK
5,11,adjacent,400,30,16,149,REV,E10,E9,E3,E4,7.367000,225.278000,OK
5,11,adjacent,400,30,16,150,FWD,E9,E10,E4,E5,-3.195000,223.602000,OK
5,11,adjacent,400,30,16,151,REV,E10,E9,E4,E5,-0.555000,225.278000,OK
5,11,adjacent,400,30,16,152,FWD,E9,E10,E5,E6,-38.320000,225.517000,OK
5,11,adjacent,400,30,16,153,REV,E10,E9,E5,E6,-35.375000,224.799000,OK
5,11,adjacent,400,30,16,154,FWD,E9,E10,E6,E7,8.500000,226.156000,OK
5,11,adjacent,400,30,16,155,REV,E10,E9,E6,E7,12.609000,225.038000,OK
5,11,adjacent,400,30,16,156,FWD,E9,E10,E7,E8,27.766000,225.597000,OK
5,11,adjacent,400,30,16,157,REV,E10,E9,E7,E8,37.023000,225.357000,OK
5,11,adjacent,400,30,16,158,FWD,E9,E10,E11,E12,9.469000,226.714000,OK
5,11,adjacent,400,30,16,159,REV,E10,E9,E11,E12,22.648000,225.597000,OK
5,11,adjacent,400,30,16,160,FWD,E9,E10,E12,E1,-14.609000,227.672000,OK
5,11,adjacent,400,30,16,161,REV,E10,E9,E12,E1,-9.688000,226.156000,OK
5,11,adjacent,400,30,16,162,FWD,E10,E11,E1,E2,-27.094000,113.078000,OK
5,11,adjacent,400,30,16,163,REV,E11,E10,E1,E2,-22.656000,266.056000,OK
5,11,adjacent,400,30,16,164,FWD,E10,E11,E2,E3,31.664000,221.527000,OK
5,11,adjacent,400,30,16,165,REV,E11,E10,E2,E3,35.430000,240.759000,OK
5,11,adjacent,400,30,16,166,FWD,E10,E11,E3,E4,5.250000,230.385000,OK
5,11,adjacent,400,30,16,167,REV,E11,E10,E3,E4,8.031000,238.525000,OK
5,11,adjacent,400,30,16,168,FWD,E10,E11,E4,E5,-3.961000,232.699000,OK
5,11,adjacent,400,30,16,169,REV,E11,E10,E4,E5,-1.070000,238.046000,OK
5,11,adjacent,400,30,16,170,FWD,E10,E11,E5,E6,-40.289000,233.577000,OK
5,11,adjacent,400,30,16,171,REV,E11,E10,E5,E6,-37.430000,238.046000,OK
5,11,adjacent,400,30,16,172,FWD,E10,E11,E6,E7,7.664000,233.976000,OK
5,11,adjacent,400,30,16,173,REV,E11,E10,E6,E7,11.094000,237.407000,OK
5,11,adjacent,400,30,16,174,FWD,E10,E11,E7,E8,22.023000,234.934000,OK
5,11,adjacent,400,30,16,175,REV,E11,E10,E7,E8,27.672000,237.886000,OK
5,11,adjacent,400,30,16,176,FWD,E10,E11,E8,E9,40.047000,234.694000,OK
5,11,adjacent,400,30,16,177,REV,E11,E10,E8,E9,52.703000,238.684000,OK
5,11,adjacent,400,30,16,178,FWD,E10,E11,E12,E1,-12.375000,235.891000,OK
5,11,adjacent,400,30,16,179,REV,E11,E10,E12,E1,0.086000,238.764000,OK
5,11,adjacent,400,30,16,180,FWD,E11,E12,E1,E2,-27.211000,84.190000,OK
5,11,adjacent,400,30,16,181,REV,E12,E11,E1,E2,-20.133000,249.936000,OK
5,11,adjacent,400,30,16,182,FWD,E11,E12,E2,E3,31.328000,212.988000,OK
5,11,adjacent,400,30,16,183,REV,E12,E11,E2,E3,36.148000,226.076000,OK
5,11,adjacent,400,30,16,184,FWD,E11,E12,E3,E4,5.641000,222.724000,OK
5,11,adjacent,400,30,16,185,REV,E12,E11,E3,E4,8.609000,224.160000,OK
5,11,adjacent,400,30,16,186,FWD,E11,E12,E4,E5,-4.273000,224.958000,OK
5,11,adjacent,400,30,16,187,REV,E12,E11,E4,E5,-1.641000,224.480000,OK
5,11,adjacent,400,30,16,188,FWD,E11,E12,E5,E6,-41.734000,225.677000,OK
5,11,adjacent,400,30,16,189,REV,E12,E11,E5,E6,-39.328000,224.400000,OK
5,11,adjacent,400,30,16,190,FWD,E11,E12,E6,E7,7.773000,226.235000,OK
5,11,adjacent,400,30,16,191,REV,E12,E11,E6,E7,10.242000,224.320000,OK
5,11,adjacent,400,30,16,192,FWD,E11,E12,E7,E8,19.758000,227.512000,OK
5,11,adjacent,400,30,16,193,REV,E12,E11,E7,E8,23.086000,225.118000,OK
5,11,adjacent,400,30,16,194,FWD,E11,E12,E8,E9,44.430000,227.432000,OK
5,11,adjacent,400,30,16,195,REV,E12,E11,E8,E9,49.578000,226.235000,OK
5,11,adjacent,400,30,16,196,FWD,E11,E12,E9,E10,-54.492000,227.672000,OK
5,11,adjacent,400,30,16,197,REV,E12,E11,E9,E10,-42.320000,225.597000,OK
5,11,adjacent,400,30,16,198,FWD,E12,E1,E2,E3,31.023000,96.000000,OK
5,11,adjacent,400,30,16,199,REV,E1,E12,E2,E3,39.633000,253.208000,OK
5,11,adjacent,400,30,16,200,FWD,E12,E1,E3,E4,5.281000,212.031000,OK
5,11,adjacent,400,30,16,201,REV,E1,E12,E3,E4,9.844000,228.550000,OK
5,11,adjacent,400,30,16,202,FWD,E12,E1,E4,E5,-4.930000,220.490000,OK
5,11,adjacent,400,30,16,203,REV,E1,E12,E4,E5,-1.586000,225.118000,OK
5,11,adjacent,400,30,16,204,FWD,E12,E1,E5,E6,-43.273000,221.447000,OK
5,11,adjacent,400,30,16,205,REV,E1,E12,E5,E6,-40.477000,224.799000,OK
5,11,adjacent,400,30,16,206,FWD,E12,E1,E6,E7,7.625000,222.245000,OK
5,11,adjacent,400,30,16,207,REV,E1,E12,E6,E7,10.102000,224.958000,OK
5,11,adjacent,400,30,16,208,FWD,E12,E1,E7,E8,18.062000,222.804000,OK
5,11,adjacent,400,30,16,209,REV,E1,E12,E7,E8,20.883000,224.879000,OK
5,11,adjacent,400,30,16,210,FWD,E12,E1,E8,E9,47.633000,223.362000,OK
5,11,adjacent,400,30,16,211,REV,E1,E12,E8,E9,51.258000,225.118000,OK
5,11,adjacent,400,30,16,212,FWD,E12,E1,E9,E10,-44.367000,223.442000,OK
5,11,adjacent,400,30,16,213,REV,E1,E12,E9,E10,-39.672000,225.278000,OK
5,11,adjacent,400,30,16,214,FWD,E12,E1,E10,E11,25.930000,223.362000,OK
5,11,adjacent,400,30,16,215,REV,E1,E12,E10,E11,35.852000,225.597000,OK
6,12,adjacent,400,30,16,0,FWD,E1,E2,E3,E4,6.055000,94.005000,OK
6,12,adjacent,400,30,16,1,REV,E2,E1,E3,E4,12.891000,260.709000,OK
6,12,adjacent,400,30,16,2,FWD,E1,E2,E4,E5,-5.711000,225.198000,OK
6,12,adjacent,400,30,16,3,REV,E2,E1,E4,E5,-0.961000,234.535000,OK
6,12,adjacent,400,30,16,4,FWD,E1,E2,E5,E6,-44.875000,233.976000,OK
6,12,adjacent,400,30,16,5,REV,E2,E1,E5,E6,-41.227000,231.981000,OK
6,12,adjacent,400,30,16,6,FWD,E1,E2,E6,E7,7.570000,235.652000,OK
6,12,adjacent,400,30,16,7,REV,E2,E1,E6,E7,10.336000,232.061000,OK
6,12,adjacent,400,30,16,8,FWD,E1,E2,E7,E8,16.773000,236.849000,OK
6,12,adjacent,400,30,16,9,REV,E2,E1,E7,E8,19.508000,231.502000,OK
6,12,adjacent,400,30,16,10,FWD,E1,E2,E8,E9,50.914000,237.088000,OK
6,12,adjacent,400,30,16,11,REV,E2,E1,E8,E9,53.969000,231.582000,OK
6,12,adjacent,400,30,16,12,FWD,E1,E2,E9,E10,-44.594000,236.769000,OK
6,12,adjacent,400,30,16,13,REV,E2,E1,E9,E10,-41.406000,231.502000,OK
6,12,adjacent,400,30,16,14,FWD,E1,E2,E10,E11,24.375000,237.248000,OK
6,12,adjacent,400,30,16,15,REV,E2,E1,E10,E11,29.258000,230.784000,OK
6,12,adjacent,400,30,16,16,FWD,E1,E2,E11,E12,2.055000,237.248000,OK
6,12,adjacent,400,30,16,17,REV,E2,E1,E11,E12,11.148000,231.023000,OK
6,12,adjacent,400,30,16,18,FWD,E2,E3,E4,E5,-6.367000,100.709000,OK
6,12,adjacent,400,30,16,19,REV,E3,E2,E4,E5,2.133000,271.163000,OK
6,12,adjacent,400,30,16,20,FWD,E2,E3,E5,E6,-47.086000,207.642000,OK
6,12,adjacent,400,30,16,21,REV,E3,E2,E5,E6,-41.117000,236.609000,OK
6,12,adjacent,400,30,16,22,FWD,E2,E3,E6,E7,6.906000,218.654000,OK
6,12,adjacent,400,30,16,23,REV,E3,E2,E6,E7,10.781000,231.263000,OK
6,12,adjacent,400,30,16,24,FWD,E2,E3,E7,E8,15.328000,220.490000,OK
6,12,adjacent,400,30,16,25,REV,E3,E2,E7,E8,18.508000,230.545000,OK
6,12,adjacent,400,30,16,26,FWD,E2,E3,E8,E9,53.727000,221.527000,OK
6,12,adjacent,400,30,16,27,REV,E3,E2,E8,E9,56.797000,230.225000,OK
6,12,adjacent,400,30,16,28,FWD,E2,E3,E9,E10,-45.930000,222.405000,OK
6,12,adjacent,400,30,16,29,REV,E3,E2,E9,E10,-43.203000,229.667000,OK
6,12,adjacent,400,30,16,30,FWD,E2,E3,E10,E11,21.805000,222.963000,OK
6,12,adjacent,400,30,16,31,REV,E3,E2,E10,E11,25.430000,229.587000,OK
6,12,adjacent,400,30,16,32,FWD,E2,E3,E11,E12,1.312000,222.564000,OK
6,12,adjacent,400,30,16,33,REV,E3,E2,E11,E12,6.562000,229.587000,OK
6,12,adjacent,400,30,16,34,FWD,E2,E3,E12,E1,-0.102000,223.442000,OK
6,12,adjacent,400,30,16,35,REV,E3,E2,E12,E1,10.555000,230.066000,OK
6,12,adjacent,400,30,16,36,FWD,E3,E4,E1,E2,7.984000,78.843000,OK
6,12,adjacent,400,30,16,37,REV,E4,E3,E1,E2,4.859000,246.904000,OK
6,12,adjacent,400,30,16,38,FWD,E3,E4,E5,E6,-49.602000,200.140000,OK
6,12,adjacent,400,30,16,39,REV,E4,E3,E5,E6,-36.797000,220.091000,OK
6,12,adjacent,400,30,16,40,FWD,E3,E4,E6,E7,6.297000,210.195000,OK
6,12,adjacent,400,30,16,41,REV,E4,E3,E6,E7,11.711000,216.260000,OK
6,12,adjacent,400,30,16,42,FWD,E3,E4,E7,E8,14.234000,212.430000,OK
6,12,adjacent,400,30,16,43,REV,E4,E3,E7,E8,17.703000,215.781000,OK
6,12,adjacent,400,30,16,44,FWD,E3,E4,E8,E9,57.078000,212.829000,OK
6,12,adjacent,400,30,16,45,REV,E4,E3,E8,E9,59.891000,215.143000,OK
6,12,adjacent,400,30,16,46,FWD,E3,E4,E9,E10,-47.328000,214.026000,OK
6,12,adjacent,400,30,16,47,REV,E4,E3,E9,E10,-45.250000,215.781000,OK
6,12,adjacent,400,30,16,48,FWD,E3,E4,E10,E11,20.562000,214.425000,OK
6,12,adjacent,400,30,16,49,REV,E4,E3,E10,E11,23.016000,215.542000,OK
6,12,adjacent,400,30,16,50,FWD,E3,E4,E11,E12,1.844000,214.664000,OK
6,12,adjacent,400,30,16,51,REV,E4,E3,E11,E12,4.797000,215.861000,OK
6,12,adjacent,400,30,16,52,FWD,E3,E4,E12,E1,-2.195000,214.425000,OK
6,12,adjacent,400,30,16,53,REV,E4,E3,E12,E1,2.203000,216.101000,OK
6,12,adjacent,400,30,16,54,FWD,E4,E5,E1,E2,-24.437000,91.691000,OK
6,12,adjacent,400,30,16,55,REV,E5,E4,E1,E2,-21.039000,255.921000,OK
6,12,adjacent,400,30,16,56,FWD,E4,E5,E2,E3,51.766000,210.355000,OK
6,12,adjacent,400,30,16,57,REV,E5,E4,E2,E3,56.875000,229.667000,OK
6,12,adjacent,400,30,16,58,FWD,E4,E5,E6,E7,3.023000,219.851000,OK
6,12,adjacent,400,30,16,59,REV,E5,E4,E6,E7,15.070000,226.555000,OK
6,12,adjacent,400,30,16,60,FWD,E4,E5,E7,E8,12.086000,222.006000,OK
6,12,adjacent,400,30,16,61,REV,E5,E4,E7,E8,18.133000,225.757000,OK
6,12,adjacent,400,30,16,62,FWD,E4,E5,E8,E9,59.461000,222.884000,OK
6,12,adjacent,400,30,16,63,REV,E5,E4,E8,E9,63.445000,225.517000,OK
6,12,adjacent,400,30,16,64,FWD,E4,E5,E9,E10,-49.281000,224.001000,OK
6,12,adjacent,400,30,16,65,REV,E5,E4,E9,E10,-46.656000,226.076000,OK
6,12,adjacent,400,30,16,66,FWD,E4,E5,E10,E11,19.289000,224.480000,OK
6,12,adjacent,400,30,16,67,REV,E5,E4,E10,E11,21.992000,226.156000,OK
6,12,adjacent,400,30,16,68,FWD,E4,E5,E11,E12,1.703000,225.357000,OK
6,12,adjacent,400,30,16,69,REV,E5,E4,E11,E12,4.414000,226.475000,OK
6,12,adjacent,400,30,16,70,FWD,E4,E5,E12,E1,-4.734000,224.879000,OK
6,12,adjacent,400,30,16,71,REV,E5,E4,E12,E1,-1.258000,226.235000,OK
6,12,adjacent,400,30,16,72,FWD,E5,E6,E1,E2,-27.414000,108.370000,OK
6,12,adjacent,400,30,16,73,REV,E6,E5,E1,E2,-24.094000,271.642000,OK
6,12,adjacent,400,30,16,74,FWD,E5,E6,E2,E3,33.539000,233.178000,OK
6,12,adjacent,400,30,16,75,REV,E6,E5,E2,E3,40.000000,244.909000,OK
6,12,adjacent,400,30,16,76,FWD,E5,E6,E3,E4,11.688000,244.031000,OK
6,12,adjacent,400,30,16,77,REV,E6,E5,E3,E4,24.055000,241.637000,OK
6,12,adjacent,400,30,16,78,FWD,E5,E6,E7,E8,9.039000,246.265000,OK
6,12,adjacent,400,30,16,79,REV,E6,E5,E7,E8,20.352000,240.998000,OK
6,12,adjacent,400,30,16,80,FWD,E5,E6,E8,E9,61.391000,247.462000,OK
6,12,adjacent,400,30,16,81,REV,E6,E5,E8,E9,67.227000,240.280000,OK
6,12,adjacent,400,30,16,82,FWD,E5,E6,E9,E10,-51.297000,247.303000,OK
6,12,adjacent,400,30,16,83,REV,E6,E5,E9,E10,-47.836000,240.599000,OK
6,12,adjacent,400,30,16,84,FWD,E5,E6,E10,E11,18.344000,247.303000,OK
6,12,adjacent,400,30,16,85,REV,E6,E5,E10,E11,21.586000,241.238000,OK
6,12,adjacent,400,30,16,86,FWD,E5,E6,E11,E12,1.492000,248.819000,OK
6,12,adjacent,400,30,16,87,REV,E6,E5,E11,E12,4.484000,241.238000,OK
6,12,adjacent,400,30,16,88,FWD,E5,E6,E12,E1,-6.945000,248.500000,OK
6,12,adjacent,400,30,16,89,REV,E6,E5,E12,E1,-3.578000,241.876000,OK
6,12,adjacent,400,30,16,90,FWD,E6,E7,E1,E2,-27.969000,131.113000,OK
6,12,adjacent,400,30,16,91,REV,E7,E6,E1,E2,-25.031000,307.473000,OK
6,12,adjacent,400,30,16,92,FWD,E6,E7,E2,E3,32.078000,246.026000,OK
6,12,adjacent,400,30,16,93,REV,E7,E6,E2,E3,36.766000,271.083000,OK
6,12,adjacent,400,30,16,94,FWD,E6,E7,E3,E4,2.625000,259.273000,OK
6,12,adjacent,400,30,16,95,REV,E7,E6,E3,E4,9.875000,265.657000,OK
6,12,adjacent,400,30,16,96,FWD,E6,E7,E4,E5,3.820000,261.108000,OK
6,12,adjacent,400,30,16,97,REV,E7,E6,E4,E5,18.187000,264.859000,OK
6,12,adjacent,400,30,16,98,FWD,E6,E7,E8,E9,61.023000,262.385000,OK
6,12,adjacent,400,30,16,99,REV,E7,E6,E8,E9,72.852000,264.699000,OK
6,12,adjacent,400,30,16,100,FWD,E6,E7,E9,E10,-53.703000,262.146000,OK
6,12,adjacent,400,30,16,101,REV,E7,E6,E9,E10,-48.430000,264.300000,OK
6,12,adjacent,400,30,16,102,FWD,E6,E7,E10,E11,17.398000,261.507000,OK
6,12,adjacent,400,30,16,103,REV,E7,E6,E10,E11,21.531000,263.821000,OK
6,12,adjacent,400,30,16,104,FWD,E6,E7,E11,E12,1.242000,262.225000,OK
6,12,adjacent,400,30,16,105,REV,E7,E6,E11,E12,4.500000,264.300000,OK
6,12,adjacent,400,30,16,106,FWD,E6,E7,E12,E1,-8.898000,262.545000,OK
6,12,adjacent,400,30,16,107,REV,E7,E6,E12,E1,-5.625000,264.221000,OK
6,12,adjacent,400,30,16,108,FWD,E7,E8,E1,E2,-27.820000,102.704000,OK
6,12,adjacent,400,30,16,109,REV,E8,E7,E1,E2,-25.211000,284.809000,OK
6,12,adjacent,400,30,16,110,FWD,E7,E8,E2,E3,31.937000,224.879000,OK
6,12,adjacent,400,30,16,111,REV,E8,E7,E2,E3,35.469000,250.335000,OK
6,12,adjacent,400,30,16,112,FWD,E7,E8,E3,E4,3.555000,237.727000,OK
6,12,adjacent,400,30,16,113,REV,E8,E7,E3,E4,7.789000,244.829000,OK
6,12,adjacent,400,30,16,114,FWD,E7,E8,E4,E5,-1.906000,240.280000,OK
6,12,adjacent,400,30,16,115,REV,E8,E7,E4,E5,4.859000,244.111000,OK
6,12,adjacent,400,30,16,116,FWD,E7,E8,E5,E6,-32.461000,240.998000,OK
6,12,adjacent,400,30,16,117,REV,E8,E7,E5,E6,-22.094000,243.712000,OK
6,12,adjacent,400,30,16,118,FWD,E7,E8,E9,E10,-57.430000,241.397000,OK
6,12,adjacent,400,30,16,119,REV,E8,E7,E9,E10,-46.180000,243.472000,OK
6,12,adjacent,400,30,16,120,FWD,E7,E8,E10,E11,15.953000,241.238000,OK
6,12,adjacent,400,30,16,121,REV,E8,E7,E10,E11,22.312000,243.791000,OK
6,12,adjacent,400,30,16,122,FWD,E7,E8,E11,E12,0.859000,241.876000,OK
6,12,adjacent,400,30,16,123,REV,E8,E7,E11,E12,4.906000,244.031000,OK
6,12,adjacent,400,30,16,124,FWD,E7,E8,E12,E1,-10.664000,242.275000,OK
6,12,adjacent,400,30,16,125,REV,E8,E7,E12,E1,-7.312000,243.313000,OK
6,12,adjacent,400,30,16,126,FWD,E8,E9,E1,E2,-27.328000,68.549000,OK
6,12,adjacent,400,30,16,127,REV,E9,E8,E1,E2,-25.227000,253.208000,OK
6,12,adjacent,400,30,16,128,FWD,E8,E9,E2,E3,32.242000,192.799000,OK
6,12,adjacent,400,30,16,129,REV,E9,E8,E2,E3,34.805000,220.729000,OK
6,12,adjacent,400,30,16,130,FWD,E8,E9,E3,E4,4.492000,204.370000,OK
6,12,adjacent,400,30,16,131,REV,E9,E8,E3,E4,7.109000,216.260000,OK
6,12,adjacent,400,30,16,132,FWD,E8,E9,E4,E5,-2.508000,206.684000,OK
6,12,adjacent,400,30,16,133,REV,E9,E8,E4,E5,0.992000,215.382000,OK
6,12,adjacent,400,30,16,134,FWD,E8,E9,E5,E6,-36.188000,207.083000,OK
6,12,adjacent,400,30,16,135,REV,E9,E8,E5,E6,-31.781000,215.223000,OK
6,12,adjacent,400,30,16,136,FWD,E8,E9,E6,E7,10.852000,208.679000,OK
6,12,adjacent,400,30,16,137,REV,E9,E8,E6,E7,18.852000,214.904000,OK
6,12,adjacent,400,30,16,138,FWD,E8,E9,E10,E11,19.773000,208.679000,OK
6,12,adjacent,400,30,16,139,REV,E9,E8,E10,E11,32.797000,214.664000,OK
6,12,adjacent,400,30,16,140,FWD,E8,E9,E11,E12,1.531000,209.397000,OK
6,12,adjacent,400,30,16,141,REV,E9,E8,E11,E12,6.406000,215.063000,OK
6,12,adjacent,400,30,16,142,FWD,E8,E9,E12,E1,-12.188000,209.876000,OK
6,12,adjacent,400,30,16,143,REV,E9,E8,E12,E1,-8.852000,214.664000,OK
6,12,adjacent,400,30,16,144,FWD,E9,E10,E1,E2,-27.227000,92.489000,OK
6,12,adjacent,400,30,16,145,REV,E10,E9,E1,E2,-24.570000,251.133000,OK
6,12,adjacent,400,30,16,146,FWD,E9,E10,E2,E3,32.227000,212.270000,OK
6,12,adjacent,400,30,16,147,REV,E10,E9,E2,E3,34.883000,228.789000,OK
6,12,adjacent,400,30,16,148,FWD,E9,E10,E3,E4,5.016000,221.288000,OK
6,12,adjacent,400,30,16,149,REV,E10,E9,E3,E4,7.328000,224.799000,OK
6,12,adjacent,400,30,16,150,FWD,E9,E10,E4,E5,-3.141000,223.522000,OK
6,12,adjacent,400,30,16,151,REV,E10,E9,E4,E5,-0.461000,225.038000,OK
6,12,adjacent,400,30,16,152,FWD,E9,E10,E5,E6,-38.328000,224.559000,OK
6,12,adjacent,400,30,16,153,REV,E10,E9,E5,E6,-35.367000,225.278000,OK
6,12,adjacent,400,30,16,154,FWD,E9,E10,E6,E7,8.500000,225.517000,OK
6,12,adjacent,400,30,16,155,REV,E10,E9,E6,E7,12.617000,224.559000,OK
6,12,adjacent,400,30,16,156,FWD,E9,E10,E7,E8,27.781000,226.156000,OK
6,12,adjacent,400,30,16,157,REV,E10,E9,E7,E8,37.023000,225.517000,OK
6,12,adjacent,400,30,16,158,FWD,E9,E10,E11,E12,9.125000,226.076000,OK
6,12,adjacent,400,30,16,159,REV,E10,E9,E11,E12,22.258000,224.958000,OK
6,12,adjacent,400,30,16,160,FWD,E9,E10,E12,E1,-14.141000,226.555000,OK
6,12,adjacent,400,30,16,161,REV,E10,E9,E12,E1,-9.156000,225.996000,OK
6,12,adjacent,400,30,16,162,FWD,E10,E11,E1,E2,-27.320000,112.759000,OK
6,12,adjacent,400,30,16,163,REV,E11,E10,E1,E2,-22.906000,265.896000,OK
6,12,adjacent,400,30,16,164,FWD,E10,E11,E2,E3,31.711000,221.208000,OK
6,12,adjacent,400,30,16,165,REV,E11,E10,E2,E3,35.492000,241.158000,OK
6,12,adjacent,400,30,16,166,FWD,E10,E11,E3,E4,5.195000,230.225000,OK
6,12,adjacent,400,30,16,167,REV,E11,E10,E3,E4,7.992000,238.525000,OK
6,12,adjacent,400,30,16,168,FWD,E10,E11,E4,E5,-3.891000,232.380000,OK
6,12,adjacent,400,30,16,169,REV,E11,E10,E4,E5,-1.016000,237.966000,OK
6,12,adjacent,400,30,16,170,FWD,E10,E11,E5,E6,-40.352000,233.896000,OK
6,12,adjacent,400,30,16,171,REV,E11,E10,E5,E6,-37.500000,238.604000,OK
6,12,adjacent,400,30,16,172,FWD,E10,E11,E6,E7,7.742000,234.614000,OK
6,12,adjacent,400,30,16,173,REV,E11,E10,E6,E7,11.195000,238.205000,OK
6,12,adjacent,400,30,16,174,FWD,E10,E11,E7,E8,22.062000,234.694000,OK
6,12,adjacent,400,30,16,175,REV,E11,E10,E7,E8,27.805000,239.163000,OK
6,12,adjacent,400,30,16,176,FWD,E10,E11,E8,E9,39.820000,235.971000,OK
6,12,adjacent,400,30,16,177,REV,E11,E10,E8,E9,52.586000,238.525000,OK
6,12,adjacent,400,30,16,178,FWD,E10,E11,E12,E1,-11.602000,236.051000,OK
6,12,adjacent,400,30,16,179,REV,E11,E10,E12,E1,0.937000,239.801000,OK
6,12,adjacent,400,30,16,180,FWD,E11,E12,E1,E2,-27.500000,85.307000,OK
6,12,adjacent,400,30,16,181,REV,E12,E11,E1,E2,-20.453000,250.415000,OK
6,12,adjacent,400,30,16,182,FWD,E11,E12,E2,E3,31.367000,213.946000,OK
6,12,adjacent,400,30,16,183,REV,E12,E11,E2,E3,36.219000,225.996000,OK
6,12,adjacent,400,30,16,184,FWD,E11,E12,E3,E4,5.594000,223.362000,OK
6,12,adjacent,400,30,16,185,REV,E12,E11,E3,E4,8.578000,224.719000,OK
6,12,adjacent,400,30,16,186,FWD,E11,E12,E4,E5,-4.203000,224.639000,OK
6,12,adjacent,400,30,16,187,REV,E12,E11,E4,E5,-1.562000,224.081000,OK
6,12,adjacent,400,30,16,188,FWD,E11,E12,E5,E6,-41.820000,225.836000,OK
6,12,adjacent,400,30,16,189,REV,E12,E11,E5,E6,-39.406000,224.240000,OK
6,12,adjacent,400,30,16,190,FWD,E11,E12,E6,E7,7.867000,226.076000,OK
6,12,adjacent,400,30,16,191,REV,E12,E11,E6,E7,10.344000,223.761000,OK
6,12,adjacent,400,30,16,192,FWD,E11,E12,E7,E8,19.859000,226.794000,OK
6,12,adjacent,400,30,16,193,REV,E12,E11,E7,E8,23.203000,225.118000,OK
6,12,adjacent,400,30,16,194,FWD,E11,E12,E8,E9,44.258000,226.954000,OK
6,12,adjacent,400,30,16,195,REV,E12,E11,E8,E9,49.352000,224.400000,OK
6,12,adjacent,400,30,16,196,FWD,E11,E12,E9,E10,-54.516000,227.273000,OK
6,12,adjacent,400,30,16,197,REV,E12,E11,E9,E10,-42.406000,225.278000,OK
6,12,adjacent,400,30,16,198,FWD,E12,E1,E2,E3,31.156000,95.761000,OK
6,12,adjacent,400,30,16,199,REV,E1,E12,E2,E3,39.734000,252.889000,OK
6,12,adjacent,400,30,16,200,FWD,E12,E1,E3,E4,5.250000,212.111000,OK
6,12,adjacent,400,30,16,201,REV,E1,E12,E3,E4,9.844000,227.512000,OK
6,12,adjacent,400,30,16,202,FWD,E12,E1,E4,E5,-4.883000,220.410000,OK
6,12,adjacent,400,30,16,203,REV,E1,E12,E4,E5,-1.492000,225.677000,OK
6,12,adjacent,400,30,16,204,FWD,E12,E1,E5,E6,-43.398000,221.607000,OK
6,12,adjacent,400,30,16,205,REV,E1,E12,E5,E6,-40.555000,225.038000,OK
6,12,adjacent,400,30,16,206,FWD,E12,E1,E6,E7,7.742000,223.283000,OK
6,12,adjacent,400,30,16,207,REV,E1,E12,E6,E7,10.227000,225.836000,OK
6,12,adjacent,400,30,16,208,FWD,E12,E1,E7,E8,18.164000,223.123000,OK
6,12,adjacent,400,30,16,209,REV,E1,E12,E7,E8,21.016000,225.517000,OK
6,12,adjacent,400,30,16,210,FWD,E12,E1,E8,E9,47.477000,223.682000,OK
6,12,adjacent,400,30,16,211,REV,E1,E12,E8,E9,51.102000,225.357000,OK
6,12,adjacent,400,30,16,212,FWD,E12,E1,E9,E10,-44.398000,224.559000,OK
6,12,adjacent,400,30,16,213,REV,E1,E12,E9,E10,-39.688000,225.357000,OK
6,12,adjacent,400,30,16,214,FWD,E12,E1,E10,E11,25.500000,223.761000,OK
6,12,adjacent,400,30,16,215,REV,E1,E12,E10,E11,35.422000,226.555000,OK
7,13,adjacent,400,30,16,0,FWD,E1,E2,E3,E4,5.945000,94.245000,OK
7,13,adjacent,400,30,16,1,REV,E2,E1,E3,E4,12.852000,260.869000,OK
7,13,adjacent,400,30,16,2,FWD,E1,E2,E4,E5,-5.617000,224.719000,OK
7,13,adjacent,400,30,16,3,REV,E2,E1,E4,E5,-0.930000,235.093000,OK
7,13,adjacent,400,30,16,4,FWD,E1,E2,E5,E6,-44.977000,233.417000,OK
7,13,adjacent,400,30,16,5,REV,E2,E1,E5,E6,-41.336000,231.981000,OK
7,13,adjacent,400,30,16,6,FWD,E1,E2,E6,E7,7.648000,235.971000,OK
7,13,adjacent,400,30,16,7,REV,E2,E1,E6,E7,10.414000,231.901000,OK
7,13,adjacent,400,30,16,8,FWD,E1,E2,E7,E8,16.898000,236.689000,OK
7,13,adjacent,400,30,16,9,REV,E2,E1,E7,E8,19.602000,230.944000,OK
7,13,adjacent,400,30,16,10,FWD,E1,E2,E8,E9,50.828000,237.008000,OK
7,13,adjacent,400,30,16,11,REV,E2,E1,E8,E9,53.891000,231.582000,OK
7,13,adjacent,400,30,16,12,FWD,E1,E2,E9,E10,-44.695000,237.008000,OK
7,13,adjacent,400,30,16,13,REV,E2,E1,E9,E10,-41.508000,231.023000,OK
7,13,adjacent,400,30,16,14,FWD,E1,E2,E10,E11,24.031000,238.205000,OK
7,13,adjacent,400,30,16,15,REV,E2,E1,E10,E11,28.906000,231.742000,OK
7,13,adjacent,400,30,16,16,FWD,E1,E2,E11,E12,2.391000,237.168000,OK
7,13,adjacent,400,30,16,17,REV,E2,E1,E11,E12,11.563000,231.343000,OK
7,13,adjacent,400,30,16,18,FWD,E2,E3,E4,E5,-6.289000,100.788000,OK
7,13,adjacent,400,30,16,19,REV,E3,E2,E4,E5,2.305000,270.525000,OK
7,13,adjacent,400,30,16,20,FWD,E2,E3,E5,E6,-47.234000,207.961000,OK
7,13,adjacent,400,30,16,21,REV,E3,E2,E5,E6,-41.250000,236.450000,OK
7,13,adjacent,400,30,16,22,FWD,E2,E3,E6,E7,7.062000,217.697000,OK
7,13,adjacent,400,30,16,23,REV,E3,E2,E6,E7,10.969000,231.502000,OK
7,13,adjacent,400,30,16,24,FWD,E2,E3,E7,E8,15.492000,221.048000,OK
7,13,adjacent,400,30,16,25,REV,E3,E2,E7,E8,18.672000,230.385000,OK
7,13,adjacent,400,30,16,26,FWD,E2,E3,E8,E9,53.727000,221.447000,OK
7,13,adjacent,400,30,16,27,REV,E3,E2,E8,E9,56.805000,229.747000,OK
7,13,adjacent,400,30,16,28,FWD,E2,E3,E9,E10,-46.117000,222.006000,OK
7,13,adjacent,400,30,16,29,REV,E3,E2,E9,E10,-43.375000,230.305000,OK
7,13,adjacent,400,30,16,30,FWD,E2,E3,E10,E11,21.562000,222.405000,OK
7,13,adjacent,400,30,16,31,REV,E3,E2,E10,E11,25.242000,229.268000,OK
7,13,adjacent,400,30,16,32,FWD,E2,E3,E11,E12,1.602000,222.724000,OK
7,13,adjacent,400,30,16,33,REV,E3,E2,E11,E12,6.820000,230.225000,OK
7,13,adjacent,400,30,16,34,FWD,E2,E3,E12,E1,0.031000,222.884000,OK
7,13,adjacent,400,30,16,35,REV,E3,E2,E12,E1,10.664000,229.268000,OK
7,13,adjacent,400,30,16,36,FWD,E3,E4,E1,E2,7.844000,78.444000,OK
7,13,adjacent,400,30,16,37,REV,E4,E3,E1,E2,4.687000,246.345000,OK
7,13,adjacent,400,30,16,38,FWD,E3,E4,E5,E6,-49.813000,200.460000,OK
7,13,adjacent,400,30,16,39,REV,E4,E3,E5,E6,-36.961000,219.771000,OK
7,13,adjacent,400,30,16,40,FWD,E3,E4,E6,E7,6.414000,209.796000,OK
7,13,adjacent,400,30,16,41,REV,E4,E3,E6,E7,11.828000,215.941000,OK
7,13,adjacent,400,30,16,42,FWD,E3,E4,E7,E8,14.391000,212.909000,OK
7,13,adjacent,400,30,16,43,REV,E4,E3,E7,E8,17.859000,216.180000,OK
7,13,adjacent,400,30,16,44,FWD,E3,E4,E8,E9,57.078000,213.228000,OK
7,13,adjacent,400,30,16,45,REV,E4,E3,E8,E9,59.922000,215.702000,OK
7,13,adjacent,400,30,16,46,FWD,E3,E4,E9,E10,-47.492000,214.584000,OK
7,13,adjacent,400,30,16,47,REV,E4,E3,E9,E10,-45.398000,215.702000,OK
7,13,adjacent,400,30,16,48,FWD,E3,E4,E10,E11,20.391000,215.063000,OK
7,13,adjacent,400,30,16,49,REV,E4,E3,E10,E11,22.820000,215.542000,OK
7,13,adjacent,400,30,16,50,FWD,E3,E4,E11,E12,2.086000,214.983000,OK
7,13,adjacent,400,30,16,51,REV,E4,E3,E11,E12,5.008000,216.659000,OK
7,13,adjacent,400,30,16,52,FWD,E3,E4,E12,E1,-2.047000,214.904000,OK
7,13,adjacent,400,30,16,53,REV,E4,E3,E12,E1,2.352000,215.462000,OK
7,13,adjacent,400,30,16,54,FWD,E4,E5,E1,E2,-24.695000,91.771000,OK
7,13,adjacent,400,30,16,55,REV,E5,E4,E1,E2,-21.250000,256.719000,OK
7,13,adjacent,400,30,16,56,FWD,E4,E5,E2,E3,51.852000,209.796000,OK
7,13,adjacent,400,30,16,57,REV,E5,E4,E2,E3,56.984000,228.629000,OK
7,13,adjacent,400,30,16,58,FWD,E4,E5,E6,E7,3.172000,219.612000,OK
7,13,adjacent,400,30,16,59,REV,E5,E4,E6,E7,15.250000,226.076000,OK
7,13,adjacent,400,30,16,60,FWD,E4,E5,E7,E8,12.273000,222.405000,OK
7,13,adjacent,400,30,16,61,REV,E5,E4,E7,E8,18.211000,225.517000,OK
7,13,adjacent,400,30,16,62,FWD,E4,E5,E8,E9,59.516000,222.724000,OK
7,13,adjacent,400,30,16,63,REV,E5,E4,E8,E9,63.461000,225.278000,OK
7,13,adjacent,400,30,16,64,FWD,E4,E5,E9,E10,-49.500000,224.160000,OK
7,13,adjacent,400,30,16,65,REV,E5,E4,E9,E10,-46.883000,225.757000,OK
7,13,adjacent,400,30,16,66,FWD,E4,E5,E10,E11,19.125000,223.841000,OK
7,13,adjacent,400,30,16,67,REV,E5,E4,E10,E11,21.828000,225.677000,OK
7,13,adjacent,400,30,16,68,FWD,E4,E5,E11,E12,1.914000,225.038000,OK
7,13,adjacent,400,30,16,69,REV,E5,E4,E11,E12,4.648000,226.395000,OK
7,13,adjacent,400,30,16,70,FWD,E4,E5,E12,E1,-4.570000,224.480000,OK
7,13,adjacent,400,30,16,71,REV,E5,E4,E12,E1,-1.117000,226.156000,OK
7,13,adjacent,400,30,16,72,FWD,E5,E6,E1,E2,-27.664000,108.210000,OK
7,13,adjacent,400,30,16,73,REV,E6,E5,E1,E2,-24.312000,272.041000,OK
7,13,adjacent,400,30,16,74,FWD,E5,E6,E2,E3,33.508000,233.737000,OK
7,13,adjacent,400,30,16,75,REV,E6,E5,E2,E3,39.961000,245.228000,OK
7,13,adjacent,400,30,16,76,FWD,E5,E6,E3,E4,11.844000,244.590000,OK
7,13,adjacent,400,30,16,77,REV,E6,E5,E3,E4,24.148000,242.355000,OK
7,13,adjacent,400,30,16,78,FWD,E5,E6,E7,E8,9.156000,246.345000,OK
7,13,adjacent,400,30,16,79,REV,E6,E5,E7,E8,20.461000,241.637000,OK
7,13,adjacent,400,30,16,80,FWD,E5,E6,E8,E9,61.445000,247.383000,OK
7,13,adjacent,400,30,16,81,REV,E6,E5,E8,E9,67.305000,241.397000,OK
7,13,adjacent,400,30,16,82,FWD,E5,E6,E9,E10,-51.500000,248.101000,OK
7,13,adjacent,400,30,16,83,REV,E6,E5,E9,E10,-48.000000,241.238000,OK
7,13,adjacent,400,30,16,84,FWD,E5,E6,E10,E11,18.211000,247.303000,OK
7,13,adjacent,400,30,16,85,REV,E6,E5,E10,E11,21.430000,241.397000,OK
7,13,adjacent,400,30,16,86,FWD,E5,E6,E11,E12,1.703000,248.101000,OK
7,13,adjacent,400,30,16,87,REV,E6,E5,E11,E12,4.672000,240.998000,OK
7,13,adjacent,400,30,16,88,FWD,E5,E6,E12,E1,-6.773000,248.101000,OK
7,13,adjacent,400,30,16,89,REV,E6,E5,E12,E1,-3.414000,240.839000,OK
7,13,adjacent,400,30,16,90,FWD,E6,E7,E1,E2,-28.258000,130.634000,OK
7,13,adjacent,400,30,16,91,REV,E7,E6,E1,E2,-25.242000,306.994000,OK
7,13,adjacent,400,30,16,92,FWD,E6,E7,E2,E3,32.063000,246.106000,OK
7,13,adjacent,400,30,16,93,REV,E7,E6,E2,E3,36.750000,271.163000,OK
7,13,adjacent,400,30,16,94,FWD,E6,E7,E3,E4,2.695000,258.156000,OK
7,13,adjacent,400,30,16,95,REV,E7,E6,E3,E4,9.930000,265.976000,OK
7,13,adjacent,400,30,16,96,FWD,E6,E7,E4,E5,3.711000,260.949000,OK
7,13,adjacent,400,30,16,97,REV,E7,E6,E4,E5,18.000000,264.939000,OK
7,13,adjacent,400,30,16,98,FWD,E6,E7,E8,E9,61.117000,261.747000,OK
7,13,adjacent,400,30,16,99,REV,E7,E6,E8,E9,72.875000,263.821000,OK
7,13,adjacent,400,30,16,100,FWD,E6,E7,E9,E10,-53.945000,262.864000,OK
7,13,adjacent,400,30,16,101,REV,E7,E6,E9,E10,-48.609000,264.221000,OK
7,13,adjacent,400,30,16,102,FWD,E6,E7,E10,E11,17.227000,262.944000,OK
7,13,adjacent,400,30,16,103,REV,E7,E6,E10,E11,21.398000,264.221000,OK
7,13,adjacent,400,30,16,104,FWD,E6,E7,E11,E12,1.477000,262.704000,OK
7,13,adjacent,400,30,16,105,REV,E7,E6,E11,E12,4.766000,263.582000,OK
7,13,adjacent,400,30,16,106,FWD,E6,E7,E12,E1,-8.758000,262.784000,OK
7,13,adjacent,400,30,16,107,REV,E7,E6,E12,E1,-5.422000,264.221000,OK
7,13,adjacent,400,30,16,108,FWD,E7,E8,E1,E2,-28.195000,102.065000,OK
7,13,adjacent,400,30,16,109,REV,E8,E7,E1,E2,-25.531000,284.171000,OK
7,13,adjacent,400,30,16,110,FWD,E7,E8,E2,E3,31.969000,225.517000,OK
7,13,adjacent,400,30,16,111,REV,E8,E7,E2,E3,35.484000,250.176000,OK
7,13,adjacent,400,30,16,112,FWD,E7,E8,E3,E4,3.602000,237.886000,OK
7,13,adjacent,400,30,16,113,REV,E8,E7,E3,E4,7.875000,245.467000,OK
7,13,adjacent,400,30,16,114,FWD,E7,E8,E4,E5,-1.969000,240.200000,OK
7,13,adjacent,400,30,16,115,REV,E8,E7,E4,E5,4.781000,243.871000,OK
7,13,adjacent,400,30,16,116,FWD,E7,E8,E5,E6,-32.383000,240.599000,OK
7,13,adjacent,400,30,16,117,REV,E8,E7,E5,E6,-22.133000,244.191000,OK
7,13,adjacent,400,30,16,118,FWD,E7,E8,E9,E10,-57.609000,242.195000,OK
7,13,adjacent,400,30,16,119,REV,E8,E7,E9,E10,-46.406000,243.951000,OK
7,13,adjacent,400,30,16,120,FWD,E7,E8,E10,E11,15.766000,241.397000,OK
7,13,adjacent,400,30,16,121,REV,E8,E7,E10,E11,22.148000,243.392000,OK
7,13,adjacent,400,30,16,122,FWD,E7,E8,E11,E12,1.133000,242.594000,OK
7,13,adjacent,400,30,16,123,REV,E8,E7,E11,E12,5.195000,243.712000,OK
7,13,adjacent,400,30,16,124,FWD,E7,E8,E12,E1,-10.617000,242.195000,OK
7,13,adjacent,400,30,16,125,REV,E8,E7,E12,E1,-7.281000,243.951000,OK
7,13,adjacent,400,30,16,126,FWD,E8,E9,E1,E2,-27.562000,67.990000,OK
7,13,adjacent,400,30,16,127,REV,E9,E8,E1,E2,-25.430000,253.447000,OK
7,13,adjacent,400,30,16,128,FWD,E8,E9,E2,E3,32.273000,193.357000,OK
7,13,adjacent,400,30,16,129,REV,E9,E8,E2,E3,34.797000,220.968000,OK
7,13,adjacent,400,30,16,130,FWD,E8,E9,E3,E4,4.586000,203.971000,OK
7,13,adjacent,400,30,16,131,REV,E9,E8,E3,E4,7.172000,216.659000,OK
7,13,adjacent,400,30,16,132,FWD,E8,E9,E4,E5,-2.633000,207.083000,OK
7,13,adjacent,400,30,16,133,REV,E9,E8,E4,E5,0.898000,215.542000,OK
7,13,adjacent,400,30,16,134,FWD,E8,E9,E5,E6,-36.242000,208.440000,OK
7,13,adjacent,400,30,16,135,REV,E9,E8,E5,E6,-31.805000,215.063000,OK
7,13,adjacent,400,30,16,136,FWD,E8,E9,E6,E7,11.109000,208.360000,OK
7,13,adjacent,400,30,16,137,REV,E9,E8,E6,E7,19.148000,215.462000,OK
7,13,adjacent,400,30,16,138,FWD,E8,E9,E10,E11,19.680000,209.078000,OK
7,13,adjacent,400,30,16,139,REV,E9,E8,E10,E11,32.750000,214.824000,OK
7,13,adjacent,400,30,16,140,FWD,E8,E9,E11,E12,1.797000,209.397000,OK
7,13,adjacent,400,30,16,141,REV,E9,E8,E11,E12,6.703000,214.904000,OK
7,13,adjacent,400,30,16,142,FWD,E8,E9,E12,E1,-12.188000,209.318000,OK
7,13,adjacent,400,30,16,143,REV,E9,E8,E12,E1,-8.852000,215.462000,OK
7,13,adjacent,400,30,16,144,FWD,E9,E10,E1,E2,-27.516000,92.569000,OK
7,13,adjacent,400,30,16,145,REV,E10,E9,E1,E2,-24.859000,251.053000,OK
7,13,adjacent,400,30,16,146,FWD,E9,E10,E2,E3,32.195000,212.510000,OK
7,13,adjacent,400,30,16,147,REV,E10,E9,E2,E3,34.883000,228.151000,OK
7,13,adjacent,400,30,16,148,FWD,E9,E10,E3,E4,5.070000,221.447000,OK
7,13,adjacent,400,30,16,149,REV,E10,E9,E3,E4,7.383000,225.757000,OK
7,13,adjacent,400,30,16,150,FWD,E9,E10,E4,E5,-3.234000,223.442000,OK
7,13,adjacent,400,30,16,151,REV,E10,E9,E4,E5,-0.547000,225.038000,OK
7,13,adjacent,400,30,16,152,FWD,E9,E10,E5,E6,-38.375000,224.559000,OK
7,13,adjacent,400,30,16,153,REV,E10,E9,E5,E6,-35.414000,225.278000,OK
7,13,adjacent,400,30,16,154,FWD,E9,E10,E6,E7,8.680000,225.118000,OK
7,13,adjacent,400,30,16,155,REV,E10,E9,E6,E7,12.859000,224.958000,OK
7,13,adjacent,400,30,16,156,FWD,E9,E10,E7,E8,27.953000,226.475000,OK
7,13,adjacent,400,30,16,157,REV,E10,E9,E7,E8,37.148000,225.437000,OK
7,13,adjacent,400,30,16,158,FWD,E9,E10,E11,E12,9.453000,226.714000,OK
7,13,adjacent,400,30,16,159,REV,E10,E9,E11,E12,22.625000,225.437000,OK
7,13,adjacent,400,30,16,160,FWD,E9,E10,E12,E1,-14.109000,226.475000,OK
7,13,adjacent,400,30,16,161,REV,E10,E9,E12,E1,-9.172000,225.597000,OK
7,13,adjacent,400,30,16,162,FWD,E10,E11,E1,E2,-27.648000,112.599000,OK
7,13,adjacent,400,30,16,163,REV,E11,E10,E1,E2,-23.219000,266.375000,OK
7,13,adjacent,400,30,16,164,FWD,E10,E11,E2,E3,31.734000,221.527000,OK
7,13,adjacent,400,30,16,165,REV,E11,E10,E2,E3,35.555000,240.919000,OK
7,13,adjacent,400,30,16,166,FWD,E10,E11,E3,E4,5.266000,230.465000,OK
7,13,adjacent,400,30,16,167,REV,E11,E10,E3,E4,8.063000,239.083000,OK
7,13,adjacent,400,30,16,168,FWD,E10,E11,E4,E5,-3.992000,233.018000,OK
7,13,adjacent,400,30,16,169,REV,E11,E10,E4,E5,-1.094000,238.046000,OK
7,13,adjacent,400,30,16,170,FWD,E10,E11,E5,E6,-40.414000,233.338000,OK
7,13,adjacent,400,30,16,171,REV,E11,E10,E5,E6,-37.539000,238.205000,OK
7,13,adjacent,400,30,16,172,FWD,E10,E11,E6,E7,7.961000,234.694000,OK
7,13,adjacent,400,30,16,173,REV,E11,E10,E6,E7,11.398000,238.684000,OK
7,13,adjacent,400,30,16,174,FWD,E10,E11,E7,E8,22.195000,234.854000,OK
7,13,adjacent,400,30,16,175,REV,E11,E10,E7,E8,27.914000,238.844000,OK
7,13,adjacent,400,30,16,176,FWD,E10,E11,E8,E9,39.875000,235.253000,OK
7,13,adjacent,400,30,16,177,REV,E11,E10,E8,E9,52.602000,239.243000,OK
7,13,adjacent,400,30,16,178,FWD,E10,E11,E12,E1,-11.586000,236.530000,OK
7,13,adjacent,400,30,16,179,REV,E11,E10,E12,E1,0.930000,239.243000,OK
7,13,adjacent,400,30,16,180,FWD,E11,E12,E1,E2,-27.844000,84.509000,OK
7,13,adjacent,400,30,16,181,REV,E12,E11,E1,E2,-20.711000,249.856000,OK
7,13,adjacent,400,30,16,182,FWD,E11,E12,E2,E3,31.406000,214.185000,OK
7,13,adjacent,400,30,16,183,REV,E12,E11,E2,E3,36.234000,227.273000,OK
7,13,adjacent,400,30,16,184,FWD,E11,E12,E3,E4,5.617000,223.283000,OK
7,13,adjacent,400,30,16,185,REV,E12,E11,E3,E4,8.609000,224.320000,OK
7,13,adjacent,400,30,16,186,FWD,E11,E12,E4,E5,-4.289000,225.357000,OK
7,13,adjacent,400,30,16,187,REV,E12,E11,E4,E5,-1.672000,224.400000,OK
7,13,adjacent,400,30,16,188,FWD,E11,E12,E5,E6,-41.906000,226.156000,OK
7,13,adjacent,400,30,16,189,REV,E12,E11,E5,E6,-39.500000,225.357000,OK
7,13,adjacent,400,30,16,190,FWD,E11,E12,E6,E7,8.094000,226.395000,OK
7,13,adjacent,400,30,16,191,REV,E12,E11,E6,E7,10.594000,224.559000,OK
7,13,adjacent,400,30,16,192,FWD,E11,E12,E7,E8,19.945000,227.432000,OK
7,13,adjacent,400,30,16,193,REV,E12,E11,E7,E8,23.289000,225.437000,OK
7,13,adjacent,400,30,16,194,FWD,E11,E12,E8,E9,44.352000,227.432000,OK
7,13,adjacent,400,30,16,195,REV,E12,E11,E8,E9,49.484000,225.996000,OK
7,13,adjacent,400,30,16,196,FWD,E11,E12,E9,E10,-54.648000,227.353000,OK
7,13,adjacent,400,30,16,197,REV,E12,E11,E9,E10,-42.445000,225.757000,OK
7,13,adjacent,400,30,16,198,FWD,E12,E1,E2,E3,31.133000,96.080000,OK
7,13,adjacent,400,30,16,199,REV,E1,E12,E2,E3,39.813000,253.687000,OK
7,13,adjacent,400,30,16,200,FWD,E12,E1,E3,E4,5.352000,212.430000,OK
7,13,adjacent,400,30,16,201,REV,E1,E12,E3,E4,9.867000,228.470000,OK
7,13,adjacent,400,30,16,202,FWD,E12,E1,E4,E5,-4.969000,220.170000,OK
7,13,adjacent,400,30,16,203,REV,E1,E12,E4,E5,-1.609000,225.118000,OK
7,13,adjacent,400,30,16,204,FWD,E12,E1,E5,E6,-43.469000,222.245000,OK
7,13,adjacent,400,30,16,205,REV,E1,E12,E5,E6,-40.641000,225.677000,OK
7,13,adjacent,400,30,16,206,FWD,E12,E1,E6,E7,7.945000,223.203000,OK
7,13,adjacent,400,30,16,207,REV,E1,E12,E6,E7,10.492000,225.597000,OK
7,13,adjacent,400,30,16,208,FWD,E12,E1,E7,E8,18.281000,223.362000,OK
7,13,adjacent,400,30,16,209,REV,E1,E12,E7,E8,21.109000,225.198000,OK
7,13,adjacent,400,30,16,210,FWD,E12,E1,E8,E9,47.633000,223.921000,OK
7,13,adjacent,400,30,16,211,REV,E1,E12,E8,E9,51.219000,225.677000,OK
7,13,adjacent,400,30,16,212,FWD,E12,E1,E9,E10,-44.539000,224.160000,OK
7,13,adjacent,400,30,16,213,REV,E1,E12,E9,E10,-39.820000,226.475000,OK
7,13,adjacent,400,30,16,214,FWD,E12,E1,E10,E11,25.484000,224.320000,OK
7,13,adjacent,400,30,16,215,REV,E1,E12,E10,E11,35.469000,225.437000,OK
8,14,adjacent,400,30,16,0,FWD,E1,E2,E3,E4,5.953000,94.404000,OK
8,14,adjacent,400,30,16,1,REV,E2,E1,E3,E4,12.883000,259.432000,OK
8,14,adjacent,400,30,16,2,FWD,E1,E2,E4,E5,-5.742000,223.921000,OK
8,14,adjacent,400,30,16,3,REV,E2,E1,E4,E5,-0.977000,235.173000,OK
8,14,adjacent,400,30,16,4,FWD,E1,E2,E5,E6,-45.016000,233.737000,OK
8,14,adjacent,400,30,16,5,REV,E2,E1,E5,E6,-41.398000,232.061000,OK
8,14,adjacent,400,30,16,6,FWD,E1,E2,E6,E7,7.891000,235.652000,OK
8,14,adjacent,400,30,16,7,REV,E2,E1,E6,E7,10.633000,230.944000,OK
8,14,adjacent,400,30,16,8,FWD,E1,E2,E7,E8,16.969000,236.290000,OK
8,14,adjacent,400,30,16,9,REV,E2,E1,E7,E8,19.680000,230.545000,OK
8,14,adjacent,400,30,16,10,FWD,E1,E2,E8,E9,50.945000,236.131000,OK
8,14,adjacent,400,30,16,11,REV,E2,E1,E8,E9,54.016000,230.944000,OK
8,14,adjacent,400,30,16,12,FWD,E1,E2,E9,E10,-44.805000,237.088000,OK
8,14,adjacent,400,30,16,13,REV,E2,E1,E9,E10,-41.602000,230.545000,OK
8,14,adjacent,400,30,16,14,FWD,E1,E2,E10,E11,23.992000,237.008000,OK
8,14,adjacent,400,30,16,15,REV,E2,E1,E10,E11,28.883000,231.023000,OK
8,14,adjacent,400,30,16,16,FWD,E1,E2,E11,E12,2.523000,237.008000,OK
8,14,adjacent,400,30,16,17,REV,E2,E1,E11,E12,11.586000,231.263000,OK
8,14,adjacent,400,30,16,18,FWD,E2,E3,E4,E5,-6.328000,101.028000,OK
8,14,adjacent,400,30,16,19,REV,E3,E2,E4,E5,2.156000,270.525000,OK
8,14,adjacent,400,30,16,20,FWD,E2,E3,E5,E6,-47.305000,207.562000,OK
8,14,adjacent,400,30,16,21,REV,E3,E2,E5,E6,-41.352000,236.609000,OK
8,14,adjacent,400,30,16,22,FWD,E2,E3,E6,E7,7.250000,217.856000,OK
8,14,adjacent,400,30,16,23,REV,E3,E2,E6,E7,11.180000,231.742000,OK
8,14,adjacent,400,30,16,24,FWD,E2,E3,E7,E8,15.539000,221.447000,OK
8,14,adjacent,400,30,16,25,REV,E3,E2,E7,E8,18.727000,230.385000,OK
8,14,adjacent,400,30,16,26,FWD,E2,E3,E8,E9,53.844000,221.926000,OK
8,14,adjacent,400,30,16,27,REV,E3,E2,E8,E9,56.914000,229.667000,OK
8,14,adjacent,400,30,16,28,FWD,E2,E3,E9,E10,-46.188000,222.006000,OK
8,14,adjacent,400,30,16,29,REV,E3,E2,E9,E10,-43.445000,230.146000,OK
8,14,adjacent,400,30,16,30,FWD,E2,E3,E10,E11,21.539000,222.724000,OK
8,14,adjacent,400,30,16,31,REV,E3,E2,E10,E11,25.164000,229.667000,OK
8,14,adjacent,400,30,16,32,FWD,E2,E3,E11,E12,1.734000,222.485000,OK
8,14,adjacent,400,30,16,33,REV,E3,E2,E11,E12,6.953000,229.268000,OK
8,14,adjacent,400,30,16,34,FWD,E2,E3,E12,E1,-0.172000,222.804000,OK
8,14,adjacent,400,30,16,35,REV,E3,E2,E12,E1,10.352000,230.066000,OK
8,14,adjacent,400,30,16,36,FWD,E3,E4,E1,E2,7.750000,78.843000,OK
8,14,adjacent,400,30,16,37,REV,E4,E3,E1,E2,4.586000,245.787000,OK
8,14,adjacent,400,30,16,38,FWD,E3,E4,E5,E6,-49.922000,200.140000,OK
8,14,adjacent,400,30,16,39,REV,E4,E3,E5,E6,-37.008000,219.293000,OK
8,14,adjacent,400,30,16,40,FWD,E3,E4,E6,E7,6.641000,209.557000,OK
8,14,adjacent,400,30,16,41,REV,E4,E3,E6,E7,12.016000,216.340000,OK
8,14,adjacent,400,30,16,42,FWD,E3,E4,E7,E8,14.430000,212.350000,OK
8,14,adjacent,400,30,16,43,REV,E4,E3,E7,E8,17.906000,215.143000,OK
8,14,adjacent,400,30,16,44,FWD,E3,E4,E8,E9,57.219000,212.589000,OK
8,14,adjacent,400,30,16,45,REV,E4,E3,E8,E9,60.039000,215.382000,OK
8,14,adjacent,400,30,16,46,FWD,E3,E4,E9,E10,-47.578000,213.866000,OK
8,14,adjacent,400,30,16,47,REV,E4,E3,E9,E10,-45.508000,215.781000,OK
8,14,adjacent,400,30,16,48,FWD,E3,E4,E10,E11,20.328000,214.664000,OK
8,14,adjacent,400,30,16,49,REV,E4,E3,E10,E11,22.750000,215.462000,OK
8,14,adjacent,400,30,16,50,FWD,E3,E4,E11,E12,2.227000,214.744000,OK
8,14,adjacent,400,30,16,51,REV,E4,E3,E11,E12,5.133000,215.462000,OK
8,14,adjacent,400,30,16,52,FWD,E3,E4,E12,E1,-2.227000,214.824000,OK
8,14,adjacent,400,30,16,53,REV,E4,E3,E12,E1,2.094000,216.180000,OK
8,14,adjacent,400,30,16,54,FWD,E4,E5,E1,E2,-24.734000,91.771000,OK
8,14,adjacent,400,30,16,55,REV,E5,E4,E1,E2,-21.273000,255.203000,OK
8,14,adjacent,400,30,16,56,FWD,E4,E5,E2,E3,51.883000,210.515000,OK
8,14,adjacent,400,30,16,57,REV,E5,E4,E2,E3,56.922000,229.108000,OK
8,14,adjacent,400,30,16,58,FWD,E4,E5,E6,E7,3.391000,219.771000,OK
8,14,adjacent,400,30,16,59,REV,E5,E4,E6,E7,15.406000,226.475000,OK
8,14,adjacent,400,30,16,60,FWD,E4,E5,E7,E8,12.305000,222.006000,OK
8,14,adjacent,400,30,16,61,REV,E5,E4,E7,E8,18.289000,224.639000,OK
8,14,adjacent,400,30,16,62,FWD,E4,E5,E8,E9,59.609000,223.123000,OK
8,14,adjacent,400,30,16,63,REV,E5,E4,E8,E9,63.594000,225.597000,OK
8,14,adjacent,400,30,16,64,FWD,E4,E5,E9,E10,-49.563000,223.841000,OK
8,14,adjacent,400,30,16,65,REV,E5,E4,E9,E10,-46.930000,225.757000,OK
8,14,adjacent,400,30,16,66,FWD,E4,E5,E10,E11,19.055000,224.240000,OK
8,14,adjacent,400,30,16,67,REV,E5,E4,E10,E11,21.719000,224.719000,OK
8,14,adjacent,400,30,16,68,FWD,E4,E5,E11,E12,2.063000,224.559000,OK
8,14,adjacent,400,30,16,69,REV,E5,E4,E11,E12,4.766000,225.916000,OK
8,14,adjacent,400,30,16,70,FWD,E4,E5,E12,E1,-4.719000,224.958000,OK
8,14,adjacent,400,30,16,71,REV,E5,E4,E12,E1,-1.297000,225.916000,OK
8,14,adjacent,400,30,16,72,FWD,E5,E6,E1,E2,-27.695000,107.651000,OK
8,14,adjacent,400,30,16,73,REV,E6,E5,E1,E2,-24.312000,271.403000,OK
8,14,adjacent,400,30,16,74,FWD,E5,E6,E2,E3,33.484000,233.417000,OK
8,14,adjacent,400,30,16,75,REV,E6,E5,E2,E3,39.938000,245.547000,OK
8,14,adjacent,400,30,16,76,FWD,E5,E6,E3,E4,11.766000,244.270000,OK
8,14,adjacent,400,30,16,77,REV,E6,E5,E3,E4,24.117000,241.397000,OK
8,14,adjacent,400,30,16,78,FWD,E5,E6,E7,E8,9.195000,246.345000,OK
8,14,adjacent,400,30,16,79,REV,E6,E5,E7,E8,20.484000,240.919000,OK
8,14,adjacent,400,30,16,80,FWD,E5,E6,E8,E9,61.539000,247.223000,OK
8,14,adjacent,400,30,16,81,REV,E6,E5,E8,E9,67.438000,241.158000,OK
8,14,adjacent,400,30,16,82,FWD,E5,E6,E9,E10,-51.563000,247.223000,OK
8,14,adjacent,400,30,16,83,REV,E6,E5,E9,E10,-48.117000,240.759000,OK
8,14,adjacent,400,30,16,84,FWD,E5,E6,E10,E11,18.086000,248.021000,OK
8,14,adjacent,400,30,16,85,REV,E6,E5,E10,E11,21.320000,241.637000,OK
8,14,adjacent,400,30,16,86,FWD,E5,E6,E11,E12,1.828000,248.021000,OK
8,14,adjacent,400,30,16,87,REV,E6,E5,E11,E12,4.820000,241.477000,OK
8,14,adjacent,400,30,16,88,FWD,E5,E6,E12,E1,-6.883000,248.181000,OK
8,14,adjacent,400,30,16,89,REV,E6,E5,E12,E1,-3.555000,241.078000,OK
8,14,adjacent,400,30,16,90,FWD,E6,E7,E1,E2,-28.266000,130.953000,OK
8,14,adjacent,400,30,16,91,REV,E7,E6,E1,E2,-25.328000,307.473000,OK
8,14,adjacent,400,30,16,92,FWD,E6,E7,E2,E3,32.047000,246.265000,OK
8,14,adjacent,400,30,16,93,REV,E7,E6,E2,E3,36.750000,271.562000,OK
8,14,adjacent,400,30,16,94,FWD,E6,E7,E3,E4,2.641000,258.794000,OK
8,14,adjacent,400,30,16,95,REV,E7,E6,E3,E4,9.852000,266.136000,OK
8,14,adjacent,400,30,16,96,FWD,E6,E7,E4,E5,3.797000,261.826000,OK
8,14,adjacent,400,30,16,97,REV,E7,E6,E4,E5,18.086000,265.258000,OK
8,14,adjacent,400,30,16,98,FWD,E6,E7,E8,E9,61.250000,262.465000,OK
8,14,adjacent,400,30,16,99,REV,E7,E6,E8,E9,73.023000,264.859000,OK
8,14,adjacent,400,30,16,100,FWD,E6,E7,E9,E10,-54.031000,263.183000,OK
8,14,adjacent,400,30,16,101,REV,E7,E6,E9,E10,-48.703000,264.540000,OK
8,14,adjacent,400,30,16,102,FWD,E6,E7,E10,E11,17.094000,263.263000,OK
8,14,adjacent,400,30,16,103,REV,E7,E6,E10,E11,21.250000,264.460000,OK
8,14,adjacent,400,30,16,104,FWD,E6,E7,E11,E12,1.570000,262.624000,OK
8,14,adjacent,400,30,16,105,REV,E7,E6,E11,E12,4.852000,264.620000,OK
8,14,adjacent,400,30,16,106,FWD,E6,E7,E12,E1,-8.797000,263.343000,OK
8,14,adjacent,400,30,16,107,REV,E7,E6,E12,E1,-5.531000,264.699000,OK
8,14,adjacent,400,30,16,108,FWD,E7,E8,E1,E2,-28.156000,103.023000,OK
8,14,adjacent,400,30,16,109,REV,E8,E7,E1,E2,-25.531000,284.809000,OK
8,14,adjacent,400,30,16,110,FWD,E7,E8,E2,E3,31.937000,225.677000,OK
8,14,adjacent,400,30,16,111,REV,E8,E7,E2,E3,35.492000,250.974000,OK
8,14,adjacent,400,30,16,112,FWD,E7,E8,E3,E4,3.523000,238.365000,OK
8,14,adjacent,400,30,16,113,REV,E8,E7,E3,E4,7.781000,245.467000,OK
8,14,adjacent,400,30,16,114,FWD,E7,E8,E4,E5,-1.914000,240.360000,OK
8,14,adjacent,400,30,16,115,REV,E8,E7,E4,E5,4.875000,244.430000,OK
8,14,adjacent,400,30,16,116,FWD,E7,E8,E5,E6,-32.484000,241.397000,OK
8,14,adjacent,400,30,16,117,REV,E8,E7,E5,E6,-22.227000,244.430000,OK
8,14,adjacent,400,30,16,118,FWD,E7,E8,E9,E10,-57.758000,241.717000,OK
8,14,adjacent,400,30,16,119,REV,E8,E7,E9,E10,-46.492000,243.951000,OK
8,14,adjacent,400,30,16,120,FWD,E7,E8,E10,E11,15.609000,241.717000,OK
8,14,adjacent,400,30,16,121,REV,E8,E7,E10,E11,22.000000,243.392000,OK
8,14,adjacent,400,30,16,122,FWD,E7,E8,E11,E12,1.219000,241.956000,OK
8,14,adjacent,400,30,16,123,REV,E8,E7,E11,E12,5.234000,243.951000,OK
8,14,adjacent,400,30,16,124,FWD,E7,E8,E12,E1,-10.633000,241.956000,OK
8,14,adjacent,400,30,16,125,REV,E8,E7,E12,E1,-7.250000,242.914000,OK
8,14,adjacent,400,30,16,126,FWD,E8,E9,E1,E2,-27.562000,67.671000,OK
8,14,adjacent,400,30,16,127,REV,E9,E8,E1,E2,-25.437000,253.368000,OK
8,14,adjacent,400,30,16,128,FWD,E8,E9,E2,E3,32.234000,192.400000,OK
8,14,adjacent,400,30,16,129,REV,E9,E8,E2,E3,34.813000,220.490000,OK
8,14,adjacent,400,30,16,130,FWD,E8,E9,E3,E4,4.477000,203.412000,OK
8,14,adjacent,400,30,16,131,REV,E9,E8,E3,E4,7.086000,216.101000,OK
8,14,adjacent,400,30,16,132,FWD,E8,E9,E4,E5,-2.531000,206.205000,OK
8,14,adjacent,400,30,16,133,REV,E9,E8,E4,E5,0.977000,215.462000,OK
8,14,adjacent,400,30,16,134,FWD,E8,E9,E5,E6,-36.266000,207.402000,OK
8,14,adjacent,400,30,16,135,REV,E9,E8,E5,E6,-31.828000,214.584000,OK
8,14,adjacent,400,30,16,136,FWD,E8,E9,E6,E7,11.117000,208.041000,OK
8,14,adjacent,400,30,16,137,REV,E9,E8,E6,E7,19.117000,214.664000,OK
8,14,adjacent,400,30,16,138,FWD,E8,E9,E10,E11,19.484000,209.158000,OK
8,14,adjacent,400,30,16,139,REV,E9,E8,E10,E11,32.523000,214.824000,OK
8,14,adjacent,400,30,16,140,FWD,E8,E9,E11,E12,1.852000,208.839000,OK
8,14,adjacent,400,30,16,141,REV,E9,E8,E11,E12,6.758000,214.824000,OK
8,14,adjacent,400,30,16,142,FWD,E8,E9,E12,E1,-12.156000,209.557000,OK
8,14,adjacent,400,30,16,143,REV,E9,E8,E12,E1,-8.828000,214.824000,OK
8,14,adjacent,400,30,16,144,FWD,E9,E10,E1,E2,-27.445000,92.489000,OK
8,14,adjacent,400,30,16,145,REV,E10,E9,E1,E2,-24.828000,251.293000,OK
8,14,adjacent,400,30,16,146,FWD,E9,E10,E2,E3,32.188000,211.712000,OK
8,14,adjacent,400,30,16,147,REV,E10,E9,E2,E3,34.859000,228.151000,OK
8,14,adjacent,400,30,16,148,FWD,E9,E10,E3,E4,4.992000,221.367000,OK
8,14,adjacent,400,30,16,149,REV,E10,E9,E3,E4,7.281000,225.437000,OK
8,14,adjacent,400,30,16,150,FWD,E9,E10,E4,E5,-3.117000,223.203000,OK
8,14,adjacent,400,30,16,151,REV,E10,E9,E4,E5,-0.437000,224.559000,OK
8,14,adjacent,400,30,16,152,FWD,E9,E10,E5,E6,-38.352000,224.160000,OK
8,14,adjacent,400,30,16,153,REV,E10,E9,E5,E6,-35.406000,225.278000,OK
8,14,adjacent,400,30,16,154,FWD,E9,E10,E6,E7,8.641000,225.517000,OK
8,14,adjacent,400,30,16,155,REV,E10,E9,E6,E7,12.813000,225.198000,OK
8,14,adjacent,400,30,16,156,FWD,E9,E10,E7,E8,27.961000,225.677000,OK
8,14,adjacent,400,30,16,157,REV,E10,E9,E7,E8,37.266000,225.597000,OK
8,14,adjacent,400,30,16,158,FWD,E9,E10,E11,E12,9.422000,226.315000,OK
8,14,adjacent,400,30,16,159,REV,E10,E9,E11,E12,22.641000,225.517000,OK
8,14,adjacent,400,30,16,160,FWD,E9,E10,E12,E1,-14.000000,227.273000,OK
8,14,adjacent,400,30,16,161,REV,E10,E9,E12,E1,-9.109000,226.076000,OK
8,14,adjacent,400,30,16,162,FWD,E10,E11,E1,E2,-27.602000,112.280000,OK
8,14,adjacent,400,30,16,163,REV,E11,E10,E1,E2,-23.117000,265.896000,OK
8,14,adjacent,400,30,16,164,FWD,E10,E11,E2,E3,31.719000,222.006000,OK
8,14,adjacent,400,30,16,165,REV,E11,E10,E2,E3,35.500000,241.078000,OK
8,14,adjacent,400,30,16,166,FWD,E10,E11,E3,E4,5.117000,230.624000,OK
8,14,adjacent,400,30,16,167,REV,E11,E10,E3,E4,7.945000,238.205000,OK
8,14,adjacent,400,30,16,168,FWD,E10,E11,E4,E5,-3.867000,232.380000,OK
8,14,adjacent,400,30,16,169,REV,E11,E10,E4,E5,-0.984000,237.886000,OK
8,14,adjacent,400,30,16,170,FWD,E10,E11,E5,E6,-40.383000,233.737000,OK
8,14,adjacent,400,30,16,171,REV,E11,E10,E5,E6,-37.516000,238.285000,OK
8,14,adjacent,400,30,16,172,FWD,E10,E11,E6,E7,7.891000,234.375000,OK
8,14,adjacent,400,30,16,173,REV,E11,E10,E6,E7,11.367000,237.966000,OK
8,14,adjacent,400,30,16,174,FWD,E10,E11,E7,E8,22.266000,234.694000,OK
8,14,adjacent,400,30,16,175,REV,E11,E10,E7,E8,27.977000,238.604000,OK
8,14,adjacent,400,30,16,176,FWD,E10,E11,E8,E9,39.766000,235.492000,OK
8,14,adjacent,400,30,16,177,REV,E11,E10,E8,E9,52.469000,238.604000,OK
8,14,adjacent,400,30,16,178,FWD,E10,E11,E12,E1,-11.422000,235.891000,OK
8,14,adjacent,400,30,16,179,REV,E11,E10,E12,E1,1.039000,238.365000,OK
8,14,adjacent,400,30,16,180,FWD,E11,E12,E1,E2,-27.680000,84.589000,OK
8,14,adjacent,400,30,16,181,REV,E12,E11,E1,E2,-20.578000,249.777000,OK
8,14,adjacent,400,30,16,182,FWD,E11,E12,E2,E3,31.305000,214.185000,OK
8,14,adjacent,400,30,16,183,REV,E12,E11,E2,E3,36.172000,226.235000,OK
8,14,adjacent,400,30,16,184,FWD,E11,E12,E3,E4,5.484000,222.644000,OK
8,14,adjacent,400,30,16,185,REV,E12,E11,E3,E4,8.477000,224.480000,OK
8,14,adjacent,400,30,16,186,FWD,E11,E12,E4,E5,-4.172000,224.480000,OK
8,14,adjacent,400,30,16,187,REV,E12,E11,E4,E5,-1.523000,224.240000,OK
8,14,adjacent,400,30,16,188,FWD,E11,E12,E5,E6,-41.875000,225.916000,OK
8,14,adjacent,400,30,16,189,REV,E12,E11,E5,E6,-39.484000,224.400000,OK
8,14,adjacent,400,30,16,190,FWD,E11,E12,E6,E7,8.023000,226.634000,OK
8,14,adjacent,400,30,16,191,REV,E12,E11,E6,E7,10.523000,224.799000,OK
8,14,adjacent,400,30,16,192,FWD,E11,E12,E7,E8,20.008000,226.395000,OK
8,14,adjacent,400,30,16,193,REV,E12,E11,E7,E8,23.352000,224.799000,OK
8,14,adjacent,400,30,16,194,FWD,E11,E12,E8,E9,44.227000,226.954000,OK
8,14,adjacent,400,30,16,195,REV,E12,E11,E8,E9,49.336000,225.357000,OK
8,14,adjacent,400,30,16,196,FWD,E11,E12,E9,E10,-54.594000,228.151000,OK
8,14,adjacent,400,30,16,197,REV,E12,E11,E9,E10,-42.359000,225.517000,OK
8,14,adjacent,400,30,16,198,FWD,E12,E1,E2,E3,31.078000,95.921000,OK
8,14,adjacent,400,30,16,199,REV,E1,E12,E2,E3,39.656000,252.889000,OK
8,14,adjacent,400,30,16,200,FWD,E12,E1,E3,E4,5.156000,211.871000,OK
8,14,adjacent,400,30,16,201,REV,E1,E12,E3,E4,9.719000,227.831000,OK
8,14,adjacent,400,30,16,202,FWD,E12,E1,E4,E5,-4.781000,220.250000,OK
8,14,adjacent,400,30,16,203,REV,E1,E12,E4,E5,-1.437000,225.278000,OK
8,14,adjacent,400,30,16,204,FWD,E12,E1,E5,E6,-43.430000,221.846000,OK
8,14,adjacent,400,30,16,205,REV,E1,E12,E5,E6,-40.648000,225.038000,OK
8,14,adjacent,400,30,16,206,FWD,E12,E1,E6,E7,7.898000,221.926000,OK
8,14,adjacent,400,30,16,207,REV,E1,E12,E6,E7,10.438000,225.038000,OK
8,14,adjacent,400,30,16,208,FWD,E12,E1,E7,E8,18.320000,223.283000,OK
8,14,adjacent,400,30,16,209,REV,E1,E12,E7,E8,21.148000,224.799000,OK
8,14,adjacent,400,30,16,210,FWD,E12,E1,E8,E9,47.398000,223.841000,OK
8,14,adjacent,400,30,16,211,REV,E1,E12,E8,E9,51.070000,225.757000,OK
8,14,adjacent,400,30,16,212,FWD,E12,E1,E9,E10,-44.469000,223.682000,OK
8,14,adjacent,400,30,16,213,REV,E1,E12,E9,E10,-39.734000,225.278000,OK
8,14,adjacent,400,30,16,214,FWD,E12,E1,E10,E11,25.461000,223.442000,OK
8,14,adjacent,400,30,16,215,REV,E1,E12,E10,E11,35.398000,225.437000,OK
9,15,adjacent,400,30,16,0,FWD,E1,E2,E3,E4,5.852000,94.644000,OK
9,15,adjacent,400,30,16,1,REV,E2,E1,E3,E4,12.719000,259.911000,OK
9,15,adjacent,400,30,16,2,FWD,E1,E2,E4,E5,-5.562000,224.320000,OK
9,15,adjacent,400,30,16,3,REV,E2,E1,E4,E5,-0.797000,234.934000,OK
9,15,adjacent,400,30,16,4,FWD,E1,E2,E5,E6,-45.023000,233.497000,OK
9,15,adjacent,400,30,16,5,REV,E2,E1,E5,E6,-41.398000,232.540000,OK
9,15,adjacent,400,30,16,6,FWD,E1,E2,E6,E7,7.828000,236.689000,OK
9,15,adjacent,400,30,16,7,REV,E2,E1,E6,E7,10.617000,231.662000,OK
9,15,adjacent,400,30,16,8,FWD,E1,E2,E7,E8,17.047000,236.849000,OK
9,15,adjacent,400,30,16,9,REV,E2,E1,E7,E8,19.750000,231.343000,OK
9,15,adjacent,400,30,16,10,FWD,E1,E2,E8,E9,50.742000,236.929000,OK
9,15,adjacent,400,30,16,11,REV,E2,E1,E8,E9,53.773000,231.343000,OK
9,15,adjacent,400,30,16,12,FWD,E1,E2,E9,E10,-44.703000,237.647000,OK
9,15,adjacent,400,30,16,13,REV,E2,E1,E9,E10,-41.523000,231.343000,OK
9,15,adjacent,400,30,16,14,FWD,E1,E2,E10,E11,23.969000,238.126000,OK
9,15,adjacent,400,30,16,15,REV,E2,E1,E10,E11,28.930000,231.263000,OK
9,15,adjacent,400,30,16,16,FWD,E1,E2,E11,E12,2.508000,237.487000,OK
9,15,adjacent,400,30,16,17,REV,E2,E1,E11,E12,11.664000,231.343000,OK
9,15,adjacent,400,30,16,18,FWD,E2,E3,E4,E5,-6.211000,100.230000,OK
9,15,adjacent,400,30,16,19,REV,E3,E2,E4,E5,2.352000,270.924000,OK
9,15,adjacent,400,30,16,20,FWD,E2,E3,E5,E6,-47.289000,208.280000,OK
9,15,adjacent,400,30,16,21,REV,E3,E2,E5,E6,-41.359000,236.929000,OK
9,15,adjacent,400,30,16,22,FWD,E2,E3,E6,E7,7.227000,218.574000,OK
9,15,adjacent,400,30,16,23,REV,E3,E2,E6,E7,11.117000,231.901000,OK
9,15,adjacent,400,30,16,24,FWD,E2,E3,E7,E8,15.594000,220.809000,OK
9,15,adjacent,400,30,16,25,REV,E3,E2,E7,E8,18.797000,230.624000,OK
9,15,adjacent,400,30,16,26,FWD,E2,E3,E8,E9,53.586000,222.325000,OK
9,15,adjacent,400,30,16,27,REV,E3,E2,E8,E9,56.680000,230.545000,OK
9,15,adjacent,400,30,16,28,FWD,E2,E3,E9,E10,-46.078000,222.884000,OK
9,15,adjacent,400,30,16,29,REV,E3,E2,E9,E10,-43.320000,230.066000,OK
9,15,adjacent,400,30,16,30,FWD,E2,E3,E10,E11,21.508000,222.165000,OK
9,15,adjacent,400,30,16,31,REV,E3,E2,E10,E11,25.133000,229.986000,OK
9,15,adjacent,400,30,16,32,FWD,E2,E3,E11,E12,1.742000,223.043000,OK
9,15,adjacent,400,30,16,33,REV,E3,E2,E11,E12,6.945000,229.667000,OK
9,15,adjacent,400,30,16,34,FWD,E2,E3,E12,E1,-0.187000,223.283000,OK
9,15,adjacent,400,30,16,35,REV,E3,E2,E12,E1,10.477000,230.624000,OK
9,15,adjacent,400,30,16,36,FWD,E3,E4,E1,E2,7.844000,78.205000,OK
9,15,adjacent,400,30,16,37,REV,E4,E3,E1,E2,4.648000,245.946000,OK
9,15,adjacent,400,30,16,38,FWD,E3,E4,E5,E6,-49.930000,199.981000,OK
9,15,adjacent,400,30,16,39,REV,E4,E3,E5,E6,-37.031000,218.734000,OK
9,15,adjacent,400,30,16,40,FWD,E3,E4,E6,E7,6.648000,209.956000,OK
9,15,adjacent,400,30,16,41,REV,E4,E3,E6,E7,12.008000,216.260000,OK
9,15,adjacent,400,30,16,42,FWD,E3,E4,E7,E8,14.477000,212.669000,OK
9,15,adjacent,400,30,16,43,REV,E4,E3,E7,E8,17.937000,215.941000,OK
9,15,adjacent,400,30,16,44,FWD,E3,E4,E8,E9,56.961000,213.547000,OK
9,15,adjacent,400,30,16,45,REV,E4,E3,E8,E9,59.742000,214.983000,OK
9,15,adjacent,400,30,16,46,FWD,E3,E4,E9,E10,-47.445000,214.185000,OK
9,15,adjacent,400,30,16,47,REV,E4,E3,E9,E10,-45.398000,215.781000,OK
9,15,adjacent,400,30,16,48,FWD,E3,E4,E10,E11,20.297000,214.185000,OK
9,15,adjacent,400,30,16,49,REV,E4,E3,E10,E11,22.734000,215.702000,OK
9,15,adjacent,400,30,16,50,FWD,E3,E4,E11,E12,2.203000,215.223000,OK
9,15,adjacent,400,30,16,51,REV,E4,E3,E11,E12,5.141000,215.542000,OK
9,15,adjacent,400,30,16,52,FWD,E3,E4,E12,E1,-2.164000,215.303000,OK
9,15,adjacent,400,30,16,53,REV,E4,E3,E12,E1,2.203000,215.542000,OK
9,15,adjacent,400,30,16,54,FWD,E4,E5,E1,E2,-24.680000,91.212000,OK
9,15,adjacent,400,30,16,55,REV,E5,E4,E1,E2,-21.289000,256.081000,OK
9,15,adjacent,400,30,16,56,FWD,E4,E5,E2,E3,51.727000,210.834000,OK
9,15,adjacent,400,30,16,57,REV,E5,E4,E2,E3,56.773000,228.949000,OK
9,15,adjacent,400,30,16,58,FWD,E4,E5,E6,E7,3.406000,219.931000,OK
9,15,adjacent,400,30,16,59,REV,E5,E4,E6,E7,15.398000,225.757000,OK
9,15,adjacent,400,30,16,60,FWD,E4,E5,E7,E8,12.328000,221.846000,OK
9,15,adjacent,400,30,16,61,REV,E5,E4,E7,E8,18.344000,225.597000,OK
9,15,adjacent,400,30,16,62,FWD,E4,E5,E8,E9,59.320000,223.283000,OK
9,15,adjacent,400,30,16,63,REV,E5,E4,E8,E9,63.320000,225.118000,OK
9,15,adjacent,400,30,16,64,FWD,E4,E5,E9,E10,-49.414000,223.761000,OK
9,15,adjacent,400,30,16,65,REV,E5,E4,E9,E10,-46.813000,225.757000,OK
9,15,adjacent,400,30,16,66,FWD,E4,E5,E10,E11,19.008000,223.522000,OK
9,15,adjacent,400,30,16,67,REV,E5,E4,E10,E11,21.695000,225.757000,OK
9,15,adjacent,400,30,16,68,FWD,E4,E5,E11,E12,2.031000,224.879000,OK
9,15,adjacent,400,30,16,69,REV,E5,E4,E11,E12,4.758000,225.677000,OK
9,15,adjacent,400,30,16,70,FWD,E4,E5,E12,E1,-4.695000,225.038000,OK
9,15,adjacent,400,30,16,71,REV,E5,E4,E12,E1,-1.258000,226.156000,OK
9,15,adjacent,400,30,16,72,FWD,E5,E6,E1,E2,-27.648000,107.492000,OK
9,15,adjacent,400,30,16,73,REV,E6,E5,E1,E2,-24.281000,271.802000,OK
9,15,adjacent,400,30,16,74,FWD,E5,E6,E2,E3,33.422000,233.178000,OK
9,15,adjacent,400,30,16,75,REV,E6,E5,E2,E3,39.820000,245.707000,OK
9,15,adjacent,400,30,16,76,FWD,E5,E6,E3,E4,11.820000,244.350000,OK
9,15,adjacent,400,30,16,77,REV,E6,E5,E3,E4,24.156000,242.435000,OK
9,15,adjacent,400,30,16,78,FWD,E5,E6,E7,E8,9.242000,246.186000,OK
9,15,adjacent,400,30,16,79,REV,E6,E5,E7,E8,20.562000,241.876000,OK
9,15,adjacent,400,30,16,80,FWD,E5,E6,E8,E9,61.250000,247.383000,OK
9,15,adjacent,400,30,16,81,REV,E6,E5,E8,E9,67.094000,241.238000,OK
9,15,adjacent,400,30,16,82,FWD,E5,E6,E9,E10,-51.398000,247.782000,OK
9,15,adjacent,400,30,16,83,REV,E6,E5,E9,E10,-47.922000,241.557000,OK
9,15,adjacent,400,30,16,84,FWD,E5,E6,E10,E11,18.055000,247.702000,OK
9,15,adjacent,400,30,16,85,REV,E6,E5,E10,E11,21.273000,241.158000,OK
9,15,adjacent,400,30,16,86,FWD,E5,E6,E11,E12,1.836000,248.659000,OK
9,15,adjacent,400,30,16,87,REV,E6,E5,E11,E12,4.789000,240.759000,OK
9,15,adjacent,400,30,16,88,FWD,E5,E6,E12,E1,-6.859000,248.979000,OK
9,15,adjacent,400,30,16,89,REV,E6,E5,E12,E1,-3.531000,241.796000,OK
9,15,adjacent,400,30,16,90,FWD,E6,E7,E1,E2,-28.219000,130.714000,OK
9,15,adjacent,400,30,16,91,REV,E7,E6,E1,E2,-25.234000,307.632000,OK
9,15,adjacent,400,30,16,92,FWD,E6,E7,E2,E3,31.961000,245.547000,OK
9,15,adjacent,400,30,16,93,REV,E7,E6,E2,E3,36.656000,271.323000,OK
9,15,adjacent,400,30,16,94,FWD,E6,E7,E3,E4,2.727000,259.113000,OK
9,15,adjacent,400,30,16,95,REV,E7,E6,E3,E4,9.914000,266.136000,OK
9,15,adjacent,400,30,16,96,FWD,E6,E7,E4,E5,3.797000,261.667000,OK
9,15,adjacent,400,30,16,97,REV,E7,E6,E4,E5,18.062000,265.657000,OK
9,15,adjacent,400,30,16,98,FWD,E6,E7,E8,E9,60.914000,262.864000,OK
9,15,adjacent,400,30,16,99,REV,E7,E6,E8,E9,72.734000,264.779000,OK
9,15,adjacent,400,30,16,100,FWD,E6,E7,E9,E10,-53.945000,262.944000,OK
9,15,adjacent,400,30,16,101,REV,E7,E6,E9,E10,-48.555000,264.300000,OK
9,15,adjacent,400,30,16,102,FWD,E6,E7,E10,E11,17.047000,262.864000,OK
9,15,adjacent,400,30,16,103,REV,E7,E6,E10,E11,21.195000,264.699000,OK
9,15,adjacent,400,30,16,104,FWD,E6,E7,E11,E12,1.617000,263.422000,OK
9,15,adjacent,400,30,16,105,REV,E7,E6,E11,E12,4.875000,264.460000,OK
9,15,adjacent,400,30,16,106,FWD,E6,E7,E12,E1,-8.820000,263.263000,OK
9,15,adjacent,400,30,16,107,REV,E7,E6,E12,E1,-5.555000,264.061000,OK
9,15,adjacent,400,30,16,108,FWD,E7,E8,E1,E2,-28.070000,102.225000,OK
9,15,adjacent,400,30,16,109,REV,E8,E7,E1,E2,-25.430000,285.448000,OK
9,15,adjacent,400,30,16,110,FWD,E7,E8,E2,E3,31.820000,226.475000,OK
9,15,adjacent,400,30,16,111,REV,E8,E7,E2,E3,35.344000,250.335000,OK
9,15,adjacent,400,30,16,112,FWD,E7,E8,E3,E4,3.695000,237.647000,OK
9,15,adjacent,400,30,16,113,REV,E8,E7,E3,E4,7.922000,245.866000,OK
9,15,adjacent,400,30,16,114,FWD,E7,E8,E4,E5,-1.906000,239.801000,OK
9,15,adjacent,400,30,16,115,REV,E8,E7,E4,E5,4.844000,244.749000,OK
9,15,adjacent,400,30,16,116,FWD,E7,E8,E5,E6,-32.422000,241.637000,OK
9,15,adjacent,400,30,16,117,REV,E8,E7,E5,E6,-22.141000,244.510000,OK
9,15,adjacent,400,30,16,118,FWD,E7,E8,E9,E10,-57.594000,241.557000,OK
9,15,adjacent,400,30,16,119,REV,E8,E7,E9,E10,-46.328000,243.712000,OK
9,15,adjacent,400,30,16,120,FWD,E7,E8,E10,E11,15.586000,241.637000,OK
9,15,adjacent,400,30,16,121,REV,E8,E7,E10,E11,21.937000,243.712000,OK
9,15,adjacent,400,30,16,122,FWD,E7,E8,E11,E12,1.203000,241.717000,OK
9,15,adjacent,400,30,16,123,REV,E8,E7,E11,E12,5.266000,244.270000,OK
9,15,adjacent,400,30,16,124,FWD,E7,E8,E12,E1,-10.609000,241.796000,OK
9,15,adjacent,400,30,16,125,REV,E8,E7,E12,E1,-7.258000,243.791000,OK
9,15,adjacent,400,30,16,126,FWD,E8,E9,E1,E2,-27.523000,67.751000,OK
9,15,adjacent,400,30,16,127,REV,E9,E8,E1,E2,-25.422000,253.767000,OK
9,15,adjacent,400,30,16,128,FWD,E8,E9,E2,E3,32.125000,193.278000,OK
9,15,adjacent,400,30,16,129,REV,E9,E8,E2,E3,34.695000,220.569000,OK
9,15,adjacent,400,30,16,130,FWD,E8,E9,E3,E4,4.602000,204.051000,OK
9,15,adjacent,400,30,16,131,REV,E9,E8,E3,E4,7.250000,216.260000,OK
9,15,adjacent,400,30,16,132,FWD,E8,E9,E4,E5,-2.555000,206.046000,OK
9,15,adjacent,400,30,16,133,REV,E9,E8,E4,E5,0.977000,214.904000,OK
9,15,adjacent,400,30,16,134,FWD,E8,E9,E5,E6,-36.219000,207.402000,OK
9,15,adjacent,400,30,16,135,REV,E9,E8,E5,E6,-31.805000,214.983000,OK
9,15,adjacent,400,30,16,136,FWD,E8,E9,E6,E7,11.141000,208.599000,OK
9,15,adjacent,400,30,16,137,REV,E9,E8,E6,E7,19.250000,214.904000,OK
9,15,adjacent,400,30,16,138,FWD,E8,E9,E10,E11,19.430000,208.440000,OK
9,15,adjacent,400,30,16,139,REV,E9,E8,E10,E11,32.484000,214.425000,OK
9,15,adjacent,400,30,16,140,FWD,E8,E9,E11,E12,1.875000,209.238000,OK
9,15,adjacent,400,30,16,141,REV,E9,E8,E11,E12,6.773000,215.143000,OK
9,15,adjacent,400,30,16,142,FWD,E8,E9,E12,E1,-12.125000,209.956000,OK
9,15,adjacent,400,30,16,143,REV,E9,E8,E12,E1,-8.797000,214.584000,OK
9,15,adjacent,400,30,16,144,FWD,E9,E10,E1,E2,-27.469000,91.532000,OK
9,15,adjacent,400,30,16,145,REV,E10,E9,E1,E2,-24.836000,251.772000,OK
9,15,adjacent,400,30,16,146,FWD,E9,E10,E2,E3,32.094000,211.712000,OK
9,15,adjacent,400,30,16,147,REV,E10,E9,E2,E3,34.758000,228.470000,OK
9,15,adjacent,400,30,16,148,FWD,E9,E10,E3,E4,5.133000,222.006000,OK
9,15,adjacent,400,30,16,149,REV,E10,E9,E3,E4,7.469000,225.118000,OK
9,15,adjacent,400,30,16,150,FWD,E9,E10,E4,E5,-3.188000,223.442000,OK
9,15,adjacent,400,30,16,151,REV,E10,E9,E4,E5,-0.508000,224.879000,OK
9,15,adjacent,400,30,16,152,FWD,E9,E10,E5,E6,-38.344000,225.357000,OK
9,15,adjacent,400,30,16,153,REV,E10,E9,E5,E6,-35.414000,225.278000,OK
9,15,adjacent,400,30,16,154,FWD,E9,E10,E6,E7,8.789000,225.517000,OK
9,15,adjacent,400,30,16,155,REV,E10,E9,E6,E7,12.922000,225.278000,OK
9,15,adjacent,400,30,16,156,FWD,E9,E10,E7,E8,27.820000,225.996000,OK
9,15,adjacent,400,30,16,157,REV,E10,E9,E7,E8,37.102000,226.475000,OK
9,15,adjacent,400,30,16,158,FWD,E9,E10,E11,E12,9.547000,227.113000,OK
9,15,adjacent,400,30,16,159,REV,E10,E9,E11,E12,22.711000,226.076000,OK
9,15,adjacent,400,30,16,160,FWD,E9,E10,E12,E1,-14.039000,227.512000,OK
9,15,adjacent,400,30,16,161,REV,E10,E9,E12,E1,-9.102000,225.836000,OK
9,15,adjacent,400,30,16,162,FWD,E10,E11,E1,E2,-27.602000,113.237000,OK
9,15,adjacent,400,30,16,163,REV,E11,E10,E1,E2,-23.156000,266.854000,OK
9,15,adjacent,400,30,16,164,FWD,E10,E11,E2,E3,31.625000,222.325000,OK
9,15,adjacent,400,30,16,165,REV,E11,E10,E2,E3,35.414000,240.998000,OK
9,15,adjacent,400,30,16,166,FWD,E10,E11,E3,E4,5.352000,230.864000,OK
9,15,adjacent,400,30,16,167,REV,E11,E10,E3,E4,8.172000,239.323000,OK
9,15,adjacent,400,30,16,168,FWD,E10,E11,E4,E5,-3.984000,233.178000,OK
9,15,adjacent,400,30,16,169,REV,E11,E10,E4,E5,-1.109000,238.525000,OK
9,15,adjacent,400,30,16,170,FWD,E10,E11,E5,E6,-40.422000,233.657000,OK
9,15,adjacent,400,30,16,171,REV,E11,E10,E5,E6,-37.531000,238.525000,OK
9,15,adjacent,400,30,16,172,FWD,E10,E11,E6,E7,8.070000,234.614000,OK
9,15,adjacent,400,30,16,173,REV,E11,E10,E6,E7,11.484000,238.205000,OK
9,15,adjacent,400,30,16,174,FWD,E10,E11,E7,E8,22.039000,234.854000,OK
9,15,adjacent,400,30,16,175,REV,E11,E10,E7,E8,27.852000,238.525000,OK
9,15,adjacent,400,30,16,176,FWD,E10,E11,E8,E9,39.734000,235.811000,OK
9,15,adjacent,400,30,16,177,REV,E11,E10,E8,E9,52.406000,238.684000,OK
9,15,adjacent,400,30,16,178,FWD,E10,E11,E12,E1,-11.398000,235.811000,OK
9,15,adjacent,400,30,16,179,REV,E11,E10,E12,E1,1.070000,238.844000,OK
9,15,adjacent,400,30,16,180,FWD,E11,E12,E1,E2,-27.789000,84.748000,OK
9,15,adjacent,400,30,16,181,REV,E12,E11,E1,E2,-20.609000,249.617000,OK
9,15,adjacent,400,30,16,182,FWD,E11,E12,E2,E3,31.234000,214.505000,OK
9,15,adjacent,400,30,16,183,REV,E12,E11,E2,E3,36.109000,226.475000,OK
9,15,adjacent,400,30,16,184,FWD,E11,E12,E3,E4,5.711000,222.325000,OK
9,15,adjacent,400,30,16,185,REV,E12,E11,E3,E4,8.750000,224.160000,OK
9,15,adjacent,400,30,16,186,FWD,E11,E12,E4,E5,-4.281000,224.639000,OK
9,15,adjacent,400,30,16,187,REV,E12,E11,E4,E5,-1.641000,224.320000,OK
9,15,adjacent,400,30,16,188,FWD,E11,E12,E5,E6,-41.891000,225.198000,OK
9,15,adjacent,400,30,16,189,REV,E12,E11,E5,E6,-39.469000,224.001000,OK
9,15,adjacent,400,30,16,190,FWD,E11,E12,E6,E7,8.242000,226.395000,OK
9,15,adjacent,400,30,16,191,REV,E12,E11,E6,E7,10.703000,224.559000,OK
9,15,adjacent,400,30,16,192,FWD,E11,E12,E7,E8,19.859000,226.555000,OK
9,15,adjacent,400,30,16,193,REV,E12,E11,E7,E8,23.219000,224.719000,OK
9,15,adjacent,400,30,16,194,FWD,E11,E12,E8,E9,44.281000,227.193000,OK
9,15,adjacent,400,30,16,195,REV,E12,E11,E8,E9,49.359000,225.437000,OK
9,15,adjacent,400,30,16,196,FWD,E11,E12,E9,E10,-54.641000,227.752000,OK
9,15,adjacent,400,30,16,197,REV,E12,E11,E9,E10,-42.414000,225.836000,OK
9,15,adjacent,400,30,16,198,FWD,E12,E1,E2,E3,30.953000,95.601000,OK
9,15,adjacent,400,30,16,199,REV,E1,E12,E2,E3,39.594000,252.969000,OK
9,15,adjacent,400,30,16,200,FWD,E12,E1,E3,E4,5.422000,212.749000,OK
9,15,adjacent,400,30,16,201,REV,E1,E12,E3,E4,10.016000,228.390000,OK
9,15,adjacent,400,30,16,202,FWD,E12,E1,E4,E5,-4.969000,219.931000,OK
9,15,adjacent,400,30,16,203,REV,E1,E12,E4,E5,-1.633000,225.757000,OK
9,15,adjacent,400,30,16,204,FWD,E12,E1,E5,E6,-43.500000,222.086000,OK
9,15,adjacent,400,30,16,205,REV,E1,E12,E5,E6,-40.641000,225.198000,OK
9,15,adjacent,400,30,16,206,FWD,E12,E1,E6,E7,8.133000,223.522000,OK
9,15,adjacent,400,30,16,207,REV,E1,E12,E6,E7,10.602000,225.198000,OK
9,15,adjacent,400,30,16,208,FWD,E12,E1,E7,E8,18.187000,223.203000,OK
9,15,adjacent,400,30,16,209,REV,E1,E12,E7,E8,21.008000,225.278000,OK
9,15,adjacent,400,30,16,210,FWD,E12,E1,E8,E9,47.469000,224.240000,OK
9,15,adjacent,400,30,16,211,REV,E1,E12,E8,E9,51.125000,225.437000,OK
9,15,adjacent,400,30,16,212,FWD,E12,E1,E9,E10,-44.531000,224.799000,OK
9,15,adjacent,400,30,16,213,REV,E1,E12,E9,E10,-39.813000,225.437000,OK
9,15,adjacent,400,30,16,214,FWD,E12,E1,E10,E11,25.320000,224.559000,OK
9,15,adjacent,400,30,16,215,REV,E1,E12,E10,E11,35.336000,226.634000,OK
