frame_index,frame_id,pattern,dac_code,settle_ms,sample_count,record_index,polarity,i_plus,i_minus,v_plus,v_minus,voltage_mv,current_ua,quality
0,6,adjacent,400,30,16,0,FWD,E1,E2,E3,E4,6.094000,95.442000,OK
0,6,adjacent,400,30,16,1,REV,E2,E1,E3,E4,13.453000,262.066000,OK
0,6,adjacent,400,30,16,2,FWD,E1,E2,E4,E5,-5.461000,226.235000,OK
0,6,adjacent,400,30,16,3,REV,E2,E1,E4,E5,-0.742000,236.131000,OK
0,6,adjacent,400,30,16,4,FWD,E1,E2,E5,E6,-45.922000,235.492000,OK
0,6,adjacent,400,30,16,5,REV,E2,E1,E5,E6,-42.672000,233.657000,OK
0,6,adjacent,400,30,16,6,FWD,E1,E2,E6,E7,7.891000,238.126000,OK
0,6,adjacent,400,30,16,7,REV,E2,E1,E6,E7,10.734000,232.699000,OK
0,6,adjacent,400,30,16,8,FWD,E1,E2,E7,E8,16.266000,237.886000,OK
0,6,adjacent,400,30,16,9,REV,E2,E1,E7,E8,19.102000,233.018000,OK
0,6,adjacent,400,30,16,10,FWD,E1,E2,E8,E9,48.109000,239.003000,OK
0,6,adjacent,400,30,16,11,REV,E2,E1,E8,E9,51.234000,232.220000,OK
0,6,adjacent,400,30,16,12,FWD,E1,E2,E9,E10,-43.195000,238.844000,OK
0,6,adjacent,400,30,16,13,REV,E2,E1,E9,E10,-39.953000,232.540000,OK
0,6,adjacent,400,30,16,14,FWD,E1,E2,E10,E11,24.164000,238.764000,OK
0,6,adjacent,400,30,16,15,REV,E2,E1,E10,E11,29.211000,232.300000,OK
0,6,adjacent,400,30,16,16,FWD,E1,E2,E11,E12,4.500000,238.764000,OK
0,6,adjacent,400,30,16,17,REV,E2,E1,E11,E12,13.734000,232.220000,OK
0,6,adjacent,400,30,16,18,FWD,E2,E3,E4,E5,-6.187000,101.427000,OK
0,6,adjacent,400,30,16,19,REV,E3,E2,E4,E5,2.469000,272.679000,OK
0,6,adjacent,400,30,16,20,FWD,E2,E3,E5,E6,-48.000000,207.961000,OK
0,6,adjacent,400,30,16,21,REV,E3,E2,E5,E6,-42.742000,237.886000,OK
0,6,adjacent,400,30,16,22,FWD,E2,E3,E6,E7,7.336000,219.452000,OK
0,6,adjacent,400,30,16,23,REV,E3,E2,E6,E7,11.203000,232.859000,OK
0,6,adjacent,400,30,16,24,FWD,E2,E3,E7,E8,14.797000,221.447000,OK
0,6,adjacent,400,30,16,25,REV,E3,E2,E7,E8,18.125000,231.742000,OK
0,6,adjacent,400,30,16,26,FWD,E2,E3,E8,E9,50.984000,222.963000,OK
0,6,adjacent,400,30,16,27,REV,E3,E2,E8,E9,54.180000,231.422000,OK
0,6,adjacent,400,30,16,28,FWD,E2,E3,E9,E10,-44.656000,223.442000,OK
0,6,adjacent,400,30,16,29,REV,E3,E2,E9,E10,-41.797000,231.263000,OK
0,6,adjacent,400,30,16,30,FWD,E2,E3,E10,E11,21.594000,223.761000,OK
0,6,adjacent,400,30,16,31,REV,E3,E2,E10,E11,25.375000,231.343000,OK
0,6,adjacent,400,30,16,32,FWD,E2,E3,E11,E12,3.273000,223.841000,OK
0,6,adjacent,400,30,16,33,REV,E3,E2,E11,E12,8.641000,230.784000,OK
0,6,adjacent,400,30,16,34,FWD,E2,E3,E12,E1,0.578000,224.400000,OK
0,6,adjacent,400,30,16,35,REV,E3,E2,E12,E1,11.609000,231.343000,OK
0,6,adjacent,400,30,16,36,FWD,E3,E4,E1,E2,7.586000,78.045000,OK
0,6,adjacent,400,30,16,37,REV,E4,E3,E1,E2,4.797000,247.462000,OK
0,6,adjacent,400,30,16,38,FWD,E3,E4,E5,E6,-50.039000,201.657000,OK
0,6,adjacent,400,30,16,39,REV,E4,E3,E5,E6,-38.484000,220.889000,OK
0,6,adjacent,400,30,16,40,FWD,E3,E4,E6,E7,6.883000,210.834000,OK
0,6,adjacent,400,30,16,41,REV,E4,E3,E6,E7,12.008000,217.298000,OK
0,6,adjacent,400,30,16,42,FWD,E3,E4,E7,E8,13.766000,213.228000,OK
0,6,adjacent,400,30,16,43,REV,E4,E3,E7,E8,17.273000,217.058000,OK
0,6,adjacent,400,30,16,44,FWD,E3,E4,E8,E9,54.398000,214.664000,OK
0,6,adjacent,400,30,16,45,REV,E4,E3,E8,E9,57.281000,216.180000,OK
0,6,adjacent,400,30,16,46,FWD,E3,E4,E9,E10,-46.102000,214.904000,OK
0,6,adjacent,400,30,16,47,REV,E4,E3,E9,E10,-43.906000,217.138000,OK
0,6,adjacent,400,30,16,48,FWD,E3,E4,E10,E11,20.305000,215.941000,OK
0,6,adjacent,400,30,16,49,REV,E4,E3,E10,E11,22.859000,216.739000,OK
0,6,adjacent,400,30,16,50,FWD,E3,E4,E11,E12,3.461000,216.180000,OK
0,6,adjacent,400,30,16,51,REV,E4,E3,E11,E12,6.516000,217.457000,OK
0,6,adjacent,400,30,16,52,FWD,E3,E4,E12,E1,-0.750000,216.899000,OK
0,6,adjacent,400,30,16,53,REV,E4,E3,E12,E1,3.930000,217.776000,OK
0,6,adjacent,400,30,16,54,FWD,E4,E5,E1,E2,-25.109000,92.250000,OK
0,6,adjacent,400,30,16,55,REV,E5,E4,E1,E2,-21.687000,259.033000,OK
0,6,adjacent,400,30,16,56,FWD,E4,E5,E2,E3,51.547000,214.824000,OK
0,6,adjacent,400,30,16,57,REV,E5,E4,E2,E3,56.852000,232.141000,OK
0,6,adjacent,400,30,16,58,FWD,E4,E5,E6,E7,4.422000,222.804000,OK
0,6,adjacent,400,30,16,59,REV,E5,E4,E6,E7,14.711000,229.986000,OK
0,6,adjacent,400,30,16,60,FWD,E4,E5,E7,E8,12.031000,225.757000,OK
0,6,adjacent,400,30,16,61,REV,E5,E4,E7,E8,17.273000,228.470000,OK
0,6,adjacent,400,30,16,62,FWD,E4,E5,E8,E9,57.047000,226.156000,OK
0,6,adjacent,400,30,16,63,REV,E5,E4,E8,E9,60.602000,228.629000,OK
0,6,adjacent,400,30,16,64,FWD,E4,E5,E9,E10,-47.914000,226.954000,OK
0,6,adjacent,400,30,16,65,REV,E5,E4,E9,E10,-45.531000,228.789000,OK
0,6,adjacent,400,30,16,66,FWD,E4,E5,E10,E11,19.117000,226.714000,OK
0,6,adjacent,400,30,16,67,REV,E5,E4,E10,E11,21.602000,228.629000,OK
0,6,adjacent,400,30,16,68,FWD,E4,E5,E11,E12,3.234000,227.672000,OK
0,6,adjacent,400,30,16,69,REV,E5,E4,E11,E12,5.797000,229.108000,OK
0,6,adjacent,400,30,16,70,FWD,E4,E5,E12,E1,-2.594000,227.432000,OK
0,6,adjacent,400,30,16,71,REV,E5,E4,E12,E1,0.758000,228.949000,OK
0,6,adjacent,400,30,16,72,FWD,E5,E6,E1,E2,-28.219000,108.449000,OK
0,6,adjacent,400,30,16,73,REV,E6,E5,E1,E2,-25.203000,275.073000,OK
0,6,adjacent,400,30,16,74,FWD,E5,E6,E2,E3,33.813000,236.530000,OK
0,6,adjacent,400,30,16,75,REV,E6,E5,E2,E3,39.516000,248.181000,OK
0,6,adjacent,400,30,16,76,FWD,E5,E6,E3,E4,13.047000,247.383000,OK
0,6,adjacent,400,30,16,77,REV,E6,E5,E3,E4,23.641000,245.228000,OK
0,6,adjacent,400,30,16,78,FWD,E5,E6,E7,E8,8.391000,250.096000,OK
0,6,adjacent,400,30,16,79,REV,E6,E5,E7,E8,20.000000,244.430000,OK
0,6,adjacent,400,30,16,80,FWD,E5,E6,E8,E9,58.781000,250.415000,OK
0,6,adjacent,400,30,16,81,REV,E6,E5,E8,E9,64.594000,244.988000,OK
0,6,adjacent,400,30,16,82,FWD,E5,E6,E9,E10,-49.977000,251.532000,OK
0,6,adjacent,400,30,16,83,REV,E6,E5,E9,E10,-46.672000,244.191000,OK
0,6,adjacent,400,30,16,84,FWD,E5,E6,E10,E11,18.031000,251.452000,OK
0,6,adjacent,400,30,16,85,REV,E6,E5,E10,E11,21.125000,244.909000,OK
0,6,adjacent,400,30,16,86,FWD,E5,E6,E11,E12,2.898000,251.692000,OK
0,6,adjacent,400,30,16,87,REV,E6,E5,E11,E12,5.656000,244.829000,OK
0,6,adjacent,400,30,16,88,FWD,E5,E6,E12,E1,-4.344000,251.851000,OK
0,6,adjacent,400,30,16,89,REV,E6,E5,E12,E1,-1.187000,244.749000,OK
0,6,adjacent,400,30,16,90,FWD,E6,E7,E1,E2,-29.109000,131.033000,OK
0,6,adjacent,400,30,16,91,REV,E7,E6,E1,E2,-26.109000,308.191000,OK
0,6,adjacent,400,30,16,92,FWD,E6,E7,E2,E3,32.016000,246.345000,OK
0,6,adjacent,400,30,16,93,REV,E7,E6,E2,E3,36.727000,271.802000,OK
0,6,adjacent,400,30,16,94,FWD,E6,E7,E3,E4,3.102000,260.151000,OK
0,6,adjacent,400,30,16,95,REV,E7,E6,E3,E4,9.992000,266.615000,OK
0,6,adjacent,400,30,16,96,FWD,E6,E7,E4,E5,5.133000,261.986000,OK
0,6,adjacent,400,30,16,97,REV,E7,E6,E4,E5,17.187000,265.098000,OK
0,6,adjacent,400,30,16,98,FWD,E6,E7,E8,E9,58.203000,262.465000,OK
0,6,adjacent,400,30,16,99,REV,E7,E6,E8,E9,70.570000,265.258000,OK
0,6,adjacent,400,30,16,100,FWD,E6,E7,E9,E10,-52.625000,263.582000,OK
0,6,adjacent,400,30,16,101,REV,E7,E6,E9,E10,-47.148000,264.380000,OK
0,6,adjacent,400,30,16,102,FWD,E6,E7,E10,E11,16.805000,262.784000,OK
0,6,adjacent,400,30,16,103,REV,E7,E6,E10,E11,21.187000,264.779000,OK
0,6,adjacent,400,30,16,104,FWD,E6,E7,E11,E12,2.344000,263.901000,OK
0,6,adjacent,400,30,16,105,REV,E7,E6,E11,E12,5.742000,264.460000,OK
0,6,adjacent,400,30,16,106,FWD,E6,E7,E12,E1,-6.102000,263.263000,OK
0,6,adjacent,400,30,16,107,REV,E7,E6,E12,E1,-2.672000,264.779000,OK
0,6,adjacent,400,30,16,108,FWD,E7,E8,E1,E2,-29.258000,102.384000,OK
0,6,adjacent,400,30,16,109,REV,E8,E7,E1,E2,-26.555000,285.527000,OK
0,6,adjacent,400,30,16,110,FWD,E7,E8,E2,E3,31.906000,226.076000,OK
0,6,adjacent,400,30,16,111,REV,E8,E7,E2,E3,35.516000,250.096000,OK
0,6,adjacent,400,30,16,112,FWD,E7,E8,E3,E4,3.953000,237.966000,OK
0,6,adjacent,400,30,16,113,REV,E8,E7,E3,E4,8.180000,246.425000,OK
0,6,adjacent,400,30,16,114,FWD,E7,E8,E4,E5,-1.305000,240.998000,OK
0,6,adjacent,400,30,16,115,REV,E8,E7,E4,E5,4.602000,244.590000,OK
0,6,adjacent,400,30,16,116,FWD,E7,E8,E5,E6,-33.828000,241.637000,OK
0,6,adjacent,400,30,16,117,REV,E8,E7,E5,E6,-23.352000,244.430000,OK
0,6,adjacent,400,30,16,118,FWD,E7,E8,E9,E10,-56.352000,242.834000,OK
0,6,adjacent,400,30,16,119,REV,E8,E7,E9,E10,-44.695000,244.350000,OK
0,6,adjacent,400,30,16,120,FWD,E7,E8,E10,E11,15.297000,241.876000,OK
0,6,adjacent,400,30,16,121,REV,E8,E7,E10,E11,21.898000,244.350000,OK
0,6,adjacent,400,30,16,122,FWD,E7,E8,E11,E12,1.867000,242.754000,OK
0,6,adjacent,400,30,16,123,REV,E8,E7,E11,E12,6.000000,244.191000,OK
0,6,adjacent,400,30,16,124,FWD,E7,E8,E12,E1,-7.695000,242.355000,OK
0,6,adjacent,400,30,16,125,REV,E8,E7,E12,E1,-4.164000,244.031000,OK
0,6,adjacent,400,30,16,126,FWD,E8,E9,E1,E2,-28.906000,69.187000,OK
0,6,adjacent,400,30,16,127,REV,E9,E8,E1,E2,-26.719000,253.926000,OK
0,6,adjacent,400,30,16,128,FWD,E8,E9,E2,E3,32.250000,192.879000,OK
0,6,adjacent,400,30,16,129,REV,E9,E8,E2,E3,34.898000,220.729000,OK
0,6,adjacent,400,30,16,130,FWD,E8,E9,E3,E4,4.852000,203.811000,OK
0,6,adjacent,400,30,16,131,REV,E9,E8,E3,E4,7.523000,217.298000,OK
0,6,adjacent,400,30,16,132,FWD,E8,E9,E4,E5,-2.180000,206.126000,OK
0,6,adjacent,400,30,16,133,REV,E9,E8,E4,E5,0.945000,215.781000,OK
0,6,adjacent,400,30,16,134,FWD,E8,E9,E5,E6,-37.461000,207.722000,OK
0,6,adjacent,400,30,16,135,REV,E9,E8,E5,E6,-33.055000,215.063000,OK
0,6,adjacent,400,30,16,136,FWD,E8,E9,E6,E7,10.914000,208.759000,OK
0,6,adjacent,400,30,16,137,REV,E9,E8,E6,E7,19.406000,214.904000,OK
0,6,adjacent,400,30,16,138,FWD,E8,E9,E10,E11,19.930000,208.919000,OK
0,6,adjacent,400,30,16,139,REV,E9,E8,E10,E11,34.016000,215.223000,OK
0,6,adjacent,400,30,16,140,FWD,E8,E9,E11,E12,2.617000,209.796000,OK
0,6,adjacent,400,30,16,141,REV,E9,E8,E11,E12,7.648000,216.021000,OK
0,6,adjacent,400,30,16,142,FWD,E8,E9,E12,E1,-8.906000,210.036000,OK
0,6,adjacent,400,30,16,143,REV,E9,E8,E12,E1,-5.437000,215.542000,OK
0,6,adjacent,400,30,16,144,FWD,E9,E10,E1,E2,-29.133000,94.404000,OK
0,6,adjacent,400,30,16,145,REV,E10,E9,E1,E2,-26.406000,252.011000,OK
0,6,adjacent,400,30,16,146,FWD,E9,E10,E2,E3,32.234000,212.829000,OK
0,6,adjacent,400,30,16,147,REV,E10,E9,E2,E3,34.984000,228.629000,OK
0,6,adjacent,400,30,16,148,FWD,E9,E10,E3,E4,5.352000,222.564000,OK
0,6,adjacent,400,30,16,149,REV,E10,E9,E3,E4,7.742000,226.634000,OK
0,6,adjacent,400,30,16,150,FWD,E9,E10,E4,E5,-2.867000,224.240000,OK
0,6,adjacent,400,30,16,151,REV,E10,E9,E4,E5,-0.430000,225.357000,OK
0,6,adjacent,400,30,16,152,FWD,E9,E10,E5,E6,-39.516000,225.996000,OK
0,6,adjacent,400,30,16,153,REV,E10,E9,E5,E6,-36.680000,226.235000,OK
0,6,adjacent,400,30,16,154,FWD,E9,E10,E6,E7,8.719000,225.597000,OK
0,6,adjacent,400,30,16,155,REV,E10,E9,E6,E7,13.070000,226.076000,OK
0,6,adjacent,400,30,16,156,FWD,E9,E10,E7,E8,27.273000,226.555000,OK
0,6,adjacent,400,30,16,157,REV,E10,E9,E7,E8,36.844000,225.757000,OK
0,6,adjacent,400,30,16,158,FWD,E9,E10,E11,E12,10.492000,227.033000,OK
0,6,adjacent,400,30,16,159,REV,E10,E9,E11,E12,23.992000,226.315000,OK
0,6,adjacent,400,30,16,160,FWD,E9,E10,E12,E1,-10.445000,227.353000,OK
0,6,adjacent,400,30,16,161,REV,E10,E9,E12,E1,-5.422000,226.634000,OK
0,6,adjacent,400,30,16,162,FWD,E10,E11,E1,E2,-29.492000,113.237000,OK
0,6,adjacent,400,30,16,163,REV,E11,E10,E1,E2,-24.961000,266.295000,OK
0,6,adjacent,400,30,16,164,FWD,E10,E11,E2,E3,31.766000,222.165000,OK
0,6,adjacent,400,30,16,165,REV,E11,E10,E2,E3,35.672000,241.796000,OK
0,6,adjacent,400,30,16,166,FWD,E10,E11,E3,E4,5.500000,230.545000,OK
0,6,adjacent,400,30,16,167,REV,E11,E10,E3,E4,8.406000,238.604000,OK
0,6,adjacent,400,30,16,168,FWD,E10,E11,E4,E5,-3.617000,233.497000,OK
0,6,adjacent,400,30,16,169,REV,E11,E10,E4,E5,-0.977000,238.764000,OK
0,6,adjacent,400,30,16,170,FWD,E10,E11,E5,E6,-41.492000,234.215000,OK
0,6,adjacent,400,30,16,171,REV,E11,E10,E5,E6,-38.789000,238.604000,OK
0,6,adjacent,400,30,16,172,FWD,E10,E11,E6,E7,8.070000,235.173000,OK
0,6,adjacent,400,30,16,173,REV,E11,E10,E6,E7,11.656000,238.924000,OK
0,6,adjacent,400,30,16,174,FWD,E10,E11,E7,E8,21.711000,235.652000,OK
0,6,adjacent,400,30,16,175,REV,E11,E10,E7,E8,27.586000,238.924000,OK
0,6,adjacent,400,30,16,176,FWD,E10,E11,E8,E9,36.273000,235.173000,OK
0,6,adjacent,400,30,16,177,REV,E11,E10,E8,E9,49.789000,239.642000,OK
0,6,adjacent,400,30,16,178,FWD,E10,E11,E12,E1,-7.719000,235.732000,OK
0,6,adjacent,400,30,16,179,REV,E11,E10,E12,E1,5.117000,238.365000,OK
0,6,adjacent,400,30,16,180,FWD,E11,E12,E1,E2,-29.805000,84.988000,OK
0,6,adjacent,400,30,16,181,REV,E12,E11,E1,E2,-22.633000,250.654000,OK
0,6,adjacent,400,30,16,182,FWD,E11,E12,E2,E3,31.453000,214.026000,OK
0,6,adjacent,400,30,16,183,REV,E12,E11,E2,E3,36.383000,226.315000,OK
0,6,adjacent,400,30,16,184,FWD,E11,E12,E3,E4,5.867000,222.644000,OK
0,6,adjacent,400,30,16,185,REV,E12,E11,E3,E4,9.000000,224.160000,OK
0,6,adjacent,400,30,16,186,FWD,E11,E12,E4,E5,-3.961000,225.118000,OK
0,6,adjacent,400,30,16,187,REV,E12,E11,E4,E5,-1.484000,224.320000,OK
0,6,adjacent,400,30,16,188,FWD,E11,E12,E5,E6,-42.914000,225.916000,OK
0,6,adjacent,400,30,16,189,REV,E12,E11,E5,E6,-40.695000,224.879000,OK
0,6,adjacent,400,30,16,190,FWD,E11,E12,E6,E7,8.305000,226.954000,OK
0,6,adjacent,400,30,16,191,REV,E12,E11,E6,E7,10.914000,225.038000,OK
0,6,adjacent,400,30,16,192,FWD,E11,E12,E7,E8,19.461000,227.831000,OK
0,6,adjacent,400,30,16,193,REV,E12,E11,E7,E8,22.922000,226.395000,OK
0,6,adjacent,400,30,16,194,FWD,E11,E12,E8,E9,41.523000,227.672000,OK
0,6,adjacent,400,30,16,195,REV,E12,E11,E8,E9,46.773000,225.517000,OK
0,6,adjacent,400,30,16,196,FWD,E11,E12,E9,E10,-52.906000,228.310000,OK
0,6,adjacent,400,30,16,197,REV,E12,E11,E9,E10,-40.602000,226.395000,OK
0,6,adjacent,400,30,16,198,FWD,E12,E1,E2,E3,31.234000,95.681000,OK
0,6,adjacent,400,30,16,199,REV,E1,E12,E2,E3,40.117000,255.363000,OK
0,6,adjacent,400,30,16,200,FWD,E12,E1,E3,E4,5.500000,212.988000,OK
0,6,adjacent,400,30,16,201,REV,E1,E12,E3,E4,10.359000,229.427000,OK
0,6,adjacent,400,30,16,202,FWD,E12,E1,E4,E5,-4.633000,222.086000,OK
0,6,adjacent,400,30,16,203,REV,E1,E12,E4,E5,-1.352000,226.156000,OK
0,6,adjacent,400,30,16,204,FWD,E12,E1,E5,E6,-44.422000,222.963000,OK
0,6,adjacent,400,30,16,205,REV,E1,E12,E5,E6,-41.875000,225.996000,OK
0,6,adjacent,400,30,16,206,FWD,E12,E1,E6,E7,8.250000,224.480000,OK
0,6,adjacent,400,30,16,207,REV,E1,E12,E6,E7,10.867000,226.395000,OK
0,6,adjacent,400,30,16,208,FWD,E12,E1,E7,E8,17.766000,224.639000,OK
0,6,adjacent,400,30,16,209,REV,E1,E12,E7,E8,20.734000,226.555000,OK
0,6,adjacent,400,30,16,210,FWD,E12,E1,E8,E9,44.805000,225.118000,OK
0,6,adjacent,400,30,16,211,REV,E1,E12,E8,E9,48.609000,226.634000,OK
0,6,adjacent,400,30,16,212,FWD,E12,E1,E9,E10,-42.898000,224.480000,OK
0,6,adjacent,400,30,16,213,REV,E1,E12,E9,E10,-38.047000,226.714000,OK
0,6,adjacent,400,30,16,214,FWD,E12,E1,E10,E11,25.500000,224.958000,OK
0,6,adjacent,400,30,16,215,REV,E1,E12,E10,E11,35.781000,227.273000,OK
1,7,adjacent,400,30,16,0,FWD,E1,E2,E3,E4,6.266000,95.282000,OK
1,7,adjacent,400,30,16,1,REV,E2,E1,E3,E4,13.469000,262.066000,OK
1,7,adjacent,400,30,16,2,FWD,E1,E2,E4,E5,-5.437000,225.517000,OK
1,7,adjacent,400,30,16,3,REV,E2,E1,E4,E5,-0.719000,236.131000,OK
1,7,adjacent,400,30,16,4,FWD,E1,E2,E5,E6,-45.930000,235.013000,OK
1,7,adjacent,400,30,16,5,REV,E2,E1,E5,E6,-42.703000,233.816000,OK
1,7,adjacent,400,30,16,6,FWD,E1,E2,E6,E7,8.227000,236.450000,OK
1,7,adjacent,400,30,16,7,REV,E2,E1,E6,E7,11.125000,232.779000,OK
1,7,adjacent,400,30,16,8,FWD,E1,E2,E7,E8,16.461000,237.966000,OK
1,7,adjacent,400,30,16,9,REV,E2,E1,E7,E8,19.297000,232.460000,OK
1,7,adjacent,400,30,16,10,FWD,E1,E2,E8,E9,48.203000,237.966000,OK
1,7,adjacent,400,30,16,11,REV,E2,E1,E8,E9,51.383000,232.300000,OK
1,7,adjacent,400,30,16,12,FWD,E1,E2,E9,E10,-43.219000,238.525000,OK
1,7,adjacent,400,30,16,13,REV,E2,E1,E9,E10,-39.945000,232.779000,OK
1,7,adjacent,400,30,16,14,FWD,E1,E2,E10,E11,24.219000,239.163000,OK
1,7,adjacent,400,30,16,15,REV,E2,E1,E10,E11,29.281000,232.141000,OK
1,7,adjacent,400,30,16,16,FWD,E1,E2,E11,E12,3.922000,239.003000,OK
1,7,adjacent,400,30,16,17,REV,E2,E1,E11,E12,13.211000,233.497000,OK
1,7,adjacent,400,30,16,18,FWD,E2,E3,E4,E5,-6.133000,102.225000,OK
1,7,adjacent,400,30,16,19,REV,E3,E2,E4,E5,2.547000,272.600000,OK
1,7,adjacent,400,30,16,20,FWD,E2,E3,E5,E6,-48.039000,208.998000,OK
1,7,adjacent,400,30,16,21,REV,E3,E2,E5,E6,-42.773000,238.445000,OK
1,7,adjacent,400,30,16,22,FWD,E2,E3,E6,E7,7.711000,219.053000,OK
1,7,adjacent,400,30,16,23,REV,E3,E2,E6,E7,11.633000,233.497000,OK
1,7,adjacent,400,30,16,24,FWD,E2,E3,E7,E8,15.031000,221.687000,OK
1,7,adjacent,400,30,16,25,REV,E3,E2,E7,E8,18.352000,232.061000,OK
1,7,adjacent,400,30,16,26,FWD,E2,E3,E8,E9,51.086000,222.963000,OK
1,7,adjacent,400,30,16,27,REV,E3,E2,E8,E9,54.297000,230.944000,OK
1,7,adjacent,400,30,16,28,FWD,E2,E3,E9,E10,-44.617000,222.963000,OK
1,7,adjacent,400,30,16,29,REV,E3,E2,E9,E10,-41.828000,231.343000,OK
1,7,adjacent,400,30,16,30,FWD,E2,E3,E10,E11,21.625000,223.841000,OK
1,7,adjacent,400,30,16,31,REV,E3,E2,E10,E11,25.391000,230.465000,OK
1,7,adjacent,400,30,16,32,FWD,E2,E3,E11,E12,2.734000,223.682000,OK
1,7,adjacent,400,30,16,33,REV,E3,E2,E11,E12,8.117000,230.864000,OK
1,7,adjacent,400,30,16,34,FWD,E2,E3,E12,E1,0.352000,224.081000,OK
1,7,adjacent,400,30,16,35,REV,E3,E2,E12,E1,11.313000,231.343000,OK
1,7,adjacent,400,30,16,36,FWD,E3,E4,E1,E2,7.562000,78.524000,OK
1,7,adjacent,400,30,16,37,REV,E4,E3,E1,E2,4.789000,247.063000,OK
1,7,adjacent,400,30,16,38,FWD,E3,E4,E5,E6,-50.086000,200.779000,OK
1,7,adjacent,400,30,16,39,REV,E4,E3,E5,E6,-38.570000,220.809000,OK
1,7,adjacent,400,30,16,40,FWD,E3,E4,E6,E7,7.258000,211.153000,OK
1,7,adjacent,400,30,16,41,REV,E4,E3,E6,E7,12.375000,217.058000,OK
1,7,adjacent,400,30,16,42,FWD,E3,E4,E7,E8,13.914000,213.228000,OK
1,7,adjacent,400,30,16,43,REV,E4,E3,E7,E8,17.453000,217.537000,OK
1,7,adjacent,400,30,16,44,FWD,E3,E4,E8,E9,54.461000,214.345000,OK
1,7,adjacent,400,30,16,45,REV,E4,E3,E8,E9,57.336000,216.819000,OK
1,7,adjacent,400,30,16,46,FWD,E3,E4,E9,E10,-46.094000,215.382000,OK
1,7,adjacent,400,30,16,47,REV,E4,E3,E9,E10,-43.875000,216.819000,OK
1,7,adjacent,400,30,16,48,FWD,E3,E4,E10,E11,20.367000,216.819000,OK
1,7,adjacent,400,30,16,49,REV,E4,E3,E10,E11,22.914000,217.298000,OK
1,7,adjacent,400,30,16,50,FWD,E3,E4,E11,E12,2.922000,215.622000,OK
1,7,adjacent,400,30,16,51,REV,E4,E3,E11,E12,5.961000,217.537000,OK
1,7,adjacent,400,30,16,52,FWD,E3,E4,E12,E1,-1.062000,216.978000,OK
1,7,adjacent,400,30,16,53,REV,E4,E3,E12,E1,3.648000,217.298000,OK
1,7,adjacent,400,30,16,54,FWD,E4,E5,E1,E2,-25.109000,93.048000,OK
1,7,adjacent,400,30,16,55,REV,E5,E4,E1,E2,-21.711000,258.874000,OK
1,7,adjacent,400,30,16,56,FWD,E4,E5,E2,E3,51.586000,213.627000,OK
1,7,adjacent,400,30,16,57,REV,E5,E4,E2,E3,57.000000,233.018000,OK
1,7,adjacent,400,30,16,58,FWD,E4,E5,E6,E7,4.828000,222.804000,OK
1,7,adjacent,400,30,16,59,REV,E5,E4,E6,E7,15.078000,228.550000,OK
1,7,adjacent,400,30,16,60,FWD,E4,E5,E7,E8,12.234000,225.517000,OK
1,7,adjacent,400,30,16,61,REV,E5,E4,E7,E8,17.484000,229.108000,OK
1,7,adjacent,400,30,16,62,FWD,E4,E5,E8,E9,57.102000,225.517000,OK
1,7,adjacent,400,30,16,63,REV,E5,E4,E8,E9,60.656000,228.151000,OK
1,7,adjacent,400,30,16,64,FWD,E4,E5,E9,E10,-47.898000,226.794000,OK
1,7,adjacent,400,30,16,65,REV,E5,E4,E9,E10,-45.531000,228.709000,OK
1,7,adjacent,400,30,16,66,FWD,E4,E5,E10,E11,19.195000,227.752000,OK
1,7,adjacent,400,30,16,67,REV,E5,E4,E10,E11,21.672000,228.709000,OK
1,7,adjacent,400,30,16,68,FWD,E4,E5,E11,E12,2.656000,227.033000,OK
1,7,adjacent,400,30,16,69,REV,E5,E4,E11,E12,5.227000,229.348000,OK
1,7,adjacent,400,30,16,70,FWD,E4,E5,E12,E1,-2.820000,227.991000,OK
1,7,adjacent,400,30,16,71,REV,E5,E4,E12,E1,0.562000,229.188000,OK
1,7,adjacent,400,30,16,72,FWD,E5,E6,E1,E2,-28.289000,108.050000,OK
1,7,adjacent,400,30,16,73,REV,E6,E5,E1,E2,-25.320000,274.355000,OK
1,7,adjacent,400,30,16,74,FWD,E5,E6,E2,E3,33.938000,236.929000,OK
1,7,adjacent,400,30,16,75,REV,E6,E5,E2,E3,39.578000,248.819000,OK
1,7,adjacent,400,30,16,76,FWD,E5,E6,E3,E4,13.094000,247.462000,OK
1,7,adjacent,400,30,16,77,REV,E6,E5,E3,E4,23.758000,244.829000,OK
1,7,adjacent,400,30,16,78,FWD,E5,E6,E7,E8,8.602000,249.298000,OK
1,7,adjacent,400,30,16,79,REV,E6,E5,E7,E8,20.266000,244.909000,OK
1,7,adjacent,400,30,16,80,FWD,E5,E6,E8,E9,58.820000,251.053000,OK
1,7,adjacent,400,30,16,81,REV,E6,E5,E8,E9,64.656000,244.510000,OK
1,7,adjacent,400,30,16,82,FWD,E5,E6,E9,E10,-49.984000,251.373000,OK
1,7,adjacent,400,30,16,83,REV,E6,E5,E9,E10,-46.648000,244.749000,OK
1,7,adjacent,400,30,16,84,FWD,E5,E6,E10,E11,18.133000,251.373000,OK
1,7,adjacent,400,30,16,85,REV,E6,E5,E10,E11,21.187000,245.148000,OK
1,7,adjacent,400,30,16,86,FWD,E5,E6,E11,E12,2.328000,251.931000,OK
1,7,adjacent,400,30,16,87,REV,E6,E5,E11,E12,5.109000,244.430000,OK
1,7,adjacent,400,30,16,88,FWD,E5,E6,E12,E1,-4.555000,251.772000,OK
1,7,adjacent,400,30,16,89,REV,E6,E5,E12,E1,-1.469000,245.228000,OK
1,7,adjacent,400,30,16,90,FWD,E6,E7,E1,E2,-29.187000,130.634000,OK
1,7,adjacent,400,30,16,91,REV,E7,E6,E1,E2,-26.203000,308.271000,OK
1,7,adjacent,400,30,16,92,FWD,E6,E7,E2,E3,32.164000,246.106000,OK
1,7,adjacent,400,30,16,93,REV,E7,E6,E2,E3,36.789000,272.360000,OK
1,7,adjacent,400,30,16,94,FWD,E6,E7,E3,E4,3.250000,260.071000,OK
1,7,adjacent,400,30,16,95,REV,E7,E6,E3,E4,10.109000,266.694000,OK
1,7,adjacent,400,30,16,96,FWD,E6,E7,E4,E5,4.914000,261.268000,OK
1,7,adjacent,400,30,16,97,REV,E7,E6,E4,E5,16.945000,265.657000,OK
1,7,adjacent,400,30,16,98,FWD,E6,E7,E8,E9,58.250000,263.263000,OK
1,7,adjacent,400,30,16,99,REV,E7,E6,E8,E9,70.609000,264.779000,OK
1,7,adjacent,400,30,16,100,FWD,E6,E7,E9,E10,-52.586000,263.023000,OK
1,7,adjacent,400,30,16,101,REV,E7,E6,E9,E10,-47.102000,264.620000,OK
1,7,adjacent,400,30,16,102,FWD,E6,E7,E10,E11,16.906000,263.023000,OK
1,7,adjacent,400,30,16,103,REV,E7,E6,E10,E11,21.266000,265.019000,OK
1,7,adjacent,400,30,16,104,FWD,E6,E7,E11,E12,1.805000,263.981000,OK
1,7,adjacent,400,30,16,105,REV,E7,E6,E11,E12,5.203000,264.380000,OK
1,7,adjacent,400,30,16,106,FWD,E6,E7,E12,E1,-6.336000,263.263000,OK
1,7,adjacent,400,30,16,107,REV,E7,E6,E12,E1,-2.875000,265.258000,OK
1,7,adjacent,400,30,16,108,FWD,E7,E8,E1,E2,-29.406000,102.384000,OK
1,7,adjacent,400,30,16,109,REV,E8,E7,E1,E2,-26.664000,285.288000,OK
1,7,adjacent,400,30,16,110,FWD,E7,E8,E2,E3,32.031000,226.235000,OK
1,7,adjacent,400,30,16,111,REV,E8,E7,E2,E3,35.648000,250.335000,OK
1,7,adjacent,400,30,16,112,FWD,E7,E8,E3,E4,4.031000,238.525000,OK
1,7,adjacent,400,30,16,113,REV,E8,E7,E3,E4,8.273000,246.425000,OK
1,7,adjacent,400,30,16,114,FWD,E7,E8,E4,E5,-1.492000,240.520000,OK
1,7,adjacent,400,30,16,115,REV,E8,E7,E4,E5,4.391000,244.749000,OK
1,7,adjacent,400,30,16,116,FWD,E7,E8,E5,E6,-33.680000,242.036000,OK
1,7,adjacent,400,30,16,117,REV,E8,E7,E5,E6,-23.203000,244.988000,OK
1,7,adjacent,400,30,16,118,FWD,E7,E8,E9,E10,-56.305000,242.515000,OK
1,7,adjacent,400,30,16,119,REV,E8,E7,E9,E10,-44.672000,244.510000,OK
1,7,adjacent,400,30,16,120,FWD,E7,E8,E10,E11,15.352000,242.116000,OK
1,7,adjacent,400,30,16,121,REV,E8,E7,E10,E11,21.961000,243.871000,OK
1,7,adjacent,400,30,16,122,FWD,E7,E8,E11,E12,1.328000,243.153000,OK
1,7,adjacent,400,30,16,123,REV,E8,E7,E11,E12,5.492000,244.749000,OK
1,7,adjacent,400,30,16,124,FWD,E7,E8,E12,E1,-7.875000,242.674000,OK
1,7,adjacent,400,30,16,125,REV,E8,E7,E12,E1,-4.383000,244.350000,OK
1,7,adjacent,400,30,16,126,FWD,E8,E9,E1,E2,-28.984000,69.427000,OK
1,7,adjacent,400,30,16,127,REV,E9,E8,E1,E2,-26.805000,254.405000,OK
1,7,adjacent,400,30,16,128,FWD,E8,E9,E2,E3,32.344000,193.517000,OK
1,7,adjacent,400,30,16,129,REV,E9,E8,E2,E3,35.031000,221.128000,OK
1,7,adjacent,400,30,16,130,FWD,E8,E9,E3,E4,4.937000,203.891000,OK
1,7,adjacent,400,30,16,131,REV,E9,E8,E3,E4,7.602000,216.978000,OK
1,7,adjacent,400,30,16,132,FWD,E8,E9,E4,E5,-2.352000,206.684000,OK
1,7,adjacent,400,30,16,133,REV,E9,E8,E4,E5,0.789000,215.542000,OK
1,7,adjacent,400,30,16,134,FWD,E8,E9,E5,E6,-37.313000,208.041000,OK
1,7,adjacent,400,30,16,135,REV,E9,E8,E5,E6,-32.945000,215.462000,OK
1,7,adjacent,400,30,16,136,FWD,E8,E9,E6,E7,11.070000,208.759000,OK
1,7,adjacent,400,30,16,137,REV,E9,E8,E6,E7,19.578000,215.303000,OK
1,7,adjacent,400,30,16,138,FWD,E8,E9,E10,E11,20.016000,209.158000,OK
1,7,adjacent,400,30,16,139,REV,E9,E8,E10,E11,34.055000,214.983000,OK
1,7,adjacent,400,30,16,140,FWD,E8,E9,E11,E12,2.070000,209.717000,OK
1,7,adjacent,400,30,16,141,REV,E9,E8,E11,E12,7.125000,215.702000,OK
1,7,adjacent,400,30,16,142,FWD,E8,E9,E12,E1,-9.195000,209.956000,OK
1,7,adjacent,400,30,16,143,REV,E9,E8,E12,E1,-5.719000,214.904000,OK
1,7,adjacent,400,30,16,144,FWD,E9,E10,E1,E2,-29.070000,93.367000,OK
1,7,adjacent,400,30,16,145,REV,E10,E9,E1,E2,-26.398000,251.772000,OK
1,7,adjacent,400,30,16,146,FWD,E9,E10,E2,E3,32.336000,212.350000,OK
1,7,adjacent,400,30,16,147,REV,E10,E9,E2,E3,35.094000,227.911000,OK
1,7,adjacent,400,30,16,148,FWD,E9,E10,E3,E4,5.445000,221.766000,OK
1,7,adjacent,400,30,16,149,REV,E10,E9,E3,E4,7.820000,226.076000,OK
1,7,adjacent,400,30,16,150,FWD,E9,E10,E4,E5,-3.016000,224.480000,OK
1,7,adjacent,400,30,16,151,REV,E10,E9,E4,E5,-0.586000,225.517000,OK
1,7,adjacent,400,30,16,152,FWD,E9,E10,E5,E6,-39.219000,225.517000,OK
1,7,adjacent,400,30,16,153,REV,E10,E9,E5,E6,-36.430000,225.836000,OK
1,7,adjacent,400,30,16,154,FWD,E9,E10,E6,E7,8.813000,226.235000,OK
1,7,adjacent,400,30,16,155,REV,E10,E9,E6,E7,13.156000,225.836000,OK
1,7,adjacent,400,30,16,156,FWD,E9,E10,E7,E8,27.508000,226.634000,OK
1,7,adjacent,400,30,16,157,REV,E10,E9,E7,E8,37.055000,226.076000,OK
1,7,adjacent,400,30,16,158,FWD,E9,E10,E11,E12,9.844000,227.592000,OK
1,7,adjacent,400,30,16,159,REV,E10,E9,E11,E12,23.117000,227.273000,OK
1,7,adjacent,400,30,16,160,FWD,E9,E10,E12,E1,-10.852000,227.991000,OK
1,7,adjacent,400,30,16,161,REV,E10,E9,E12,E1,-5.789000,226.156000,OK
1,7,adjacent,400,30,16,162,FWD,E10,E11,E1,E2,-29.391000,113.397000,OK
1,7,adjacent,400,30,16,163,REV,E11,E10,E1,E2,-24.852000,267.093000,OK
1,7,adjacent,400,30,16,164,FWD,E10,E11,E2,E3,31.898000,222.325000,OK
1,7,adjacent,400,30,16,165,REV,E11,E10,E2,E3,35.805000,241.318000,OK
1,7,adjacent,400,30,16,166,FWD,E10,E11,E3,E4,5.586000,231.023000,OK
1,7,adjacent,400,30,16,167,REV,E11,E10,E3,E4,8.516000,239.163000,OK
1,7,adjacent,400,30,16,168,FWD,E10,E11,E4,E5,-3.766000,233.178000,OK
1,7,adjacent,400,30,16,169,REV,E11,E10,E4,E5,-1.102000,237.966000,OK
1,7,adjacent,400,30,16,170,FWD,E10,E11,E5,E6,-41.133000,233.737000,OK
1,7,adjacent,400,30,16,171,REV,E11,E10,E5,E6,-38.438000,238.604000,OK
1,7,adjacent,400,30,16,172,FWD,E10,E11,E6,E7,8.094000,235.013000,OK
1,7,adjacent,400,30,16,173,REV,E11,E10,E6,E7,11.688000,238.205000,OK
1,7,adjacent,400,30,16,174,FWD,E10,E11,E7,E8,21.867000,235.492000,OK
1,7,adjacent,400,30,16,175,REV,E11,E10,E7,E8,27.727000,239.163000,OK
1,7,adjacent,400,30,16,176,FWD,E10,E11,E8,E9,36.391000,235.971000,OK
1,7,adjacent,400,30,16,177,REV,E11,E10,E8,E9,49.891000,238.445000,OK
1,7,adjacent,400,30,16,178,FWD,E10,E11,E12,E1,-8.227000,236.051000,OK
1,7,adjacent,400,30,16,179,REV,E11,E10,E12,E1,4.664000,239.003000,OK
1,7,adjacent,400,30,16,180,FWD,E11,E12,E1,E2,-29.703000,85.626000,OK
1,7,adjacent,400,30,16,181,REV,E12,E11,E1,E2,-22.586000,249.856000,OK
1,7,adjacent,400,30,16,182,FWD,E11,E12,E2,E3,31.562000,214.425000,OK
1,7,adjacent,400,30,16,183,REV,E12,E11,E2,E3,36.563000,226.634000,OK
1,7,adjacent,400,30,16,184,FWD,E11,E12,E3,E4,5.969000,224.160000,OK
1,7,adjacent,400,30,16,185,REV,E12,E11,E3,E4,9.094000,225.118000,OK
1,7,adjacent,400,30,16,186,FWD,E11,E12,E4,E5,-4.102000,225.038000,OK
1,7,adjacent,400,30,16,187,REV,E12,E11,E4,E5,-1.609000,225.517000,OK
1,7,adjacent,400,30,16,188,FWD,E11,E12,E5,E6,-42.500000,226.395000,OK
1,7,adjacent,400,30,16,189,REV,E12,E11,E5,E6,-40.281000,224.719000,OK
1,7,adjacent,400,30,16,190,FWD,E11,E12,E6,E7,8.289000,226.555000,OK
1,7,adjacent,400,30,16,191,REV,E12,E11,E6,E7,10.859000,225.198000,OK
1,7,adjacent,400,30,16,192,FWD,E11,E12,E7,E8,19.609000,227.113000,OK
1,7,adjacent,400,30,16,193,REV,E12,E11,E7,E8,23.094000,225.517000,OK
1,7,adjacent,400,30,16,194,FWD,E11,E12,E8,E9,41.609000,227.193000,OK
1,7,adjacent,400,30,16,195,REV,E12,E11,E8,E9,46.828000,225.278000,OK
1,7,adjacent,400,30,16,196,FWD,E11,E12,E9,E10,-53.242000,228.470000,OK
1,7,adjacent,400,30,16,197,REV,E12,E11,E9,E10,-40.766000,226.315000,OK
1,7,adjacent,400,30,16,198,FWD,E12,E1,E2,E3,31.305000,94.724000,OK
1,7,adjacent,400,30,16,199,REV,E1,E12,E2,E3,40.258000,254.804000,OK
1,7,adjacent,400,30,16,200,FWD,E12,E1,E3,E4,5.578000,213.387000,OK
1,7,adjacent,400,30,16,201,REV,E1,E12,E3,E4,10.375000,229.108000,OK
1,7,adjacent,400,30,16,202,FWD,E12,E1,E4,E5,-4.773000,220.968000,OK
1,7,adjacent,400,30,16,203,REV,E1,E12,E4,E5,-1.508000,226.714000,OK
1,7,adjacent,400,30,16,204,FWD,E12,E1,E5,E6,-43.992000,224.001000,OK
1,7,adjacent,400,30,16,205,REV,E1,E12,E5,E6,-41.422000,226.475000,OK
1,7,adjacent,400,30,16,206,FWD,E12,E1,E6,E7,8.164000,224.320000,OK
1,7,adjacent,400,30,16,207,REV,E1,E12,E6,E7,10.805000,226.954000,OK
1,7,adjacent,400,30,16,208,FWD,E12,E1,E7,E8,17.914000,224.958000,OK
1,7,adjacent,400,30,16,209,REV,E1,E12,E7,E8,20.898000,226.235000,OK
1,7,adjacent,400,30,16,210,FWD,E12,E1,E8,E9,45.023000,224.719000,OK
1,7,adjacent,400,30,16,211,REV,E1,E12,E8,E9,48.758000,226.954000,OK
1,7,adjacent,400,30,16,212,FWD,E12,E1,E9,E10,-43.016000,225.677000,OK
1,7,adjacent,400,30,16,213,REV,E1,E12,E9,E10,-38.195000,226.634000,OK
1,7,adjacent,400,30,16,214,FWD,E12,E1,E10,E11,25.328000,225.198000,OK
1,7,adjacent,400,30,16,215,REV,E1,E12,E10,E11,35.578000,227.113000,OK
2,8,adjacent,400,30,16,0,FWD,E1,E2,E3,E4,6.273000,95.123000,OK
2,8,adjacent,400,30,16,1,REV,E2,E1,E3,E4,13.516000,261.587000,OK
2,8,adjacent,400,30,16,2,FWD,E1,E2,E4,E5,-5.578000,226.076000,OK
2,8,adjacent,400,30,16,3,REV,E2,E1,E4,E5,-0.836000,236.530000,OK
2,8,adjacent,400,30,16,4,FWD,E1,E2,E5,E6,-45.500000,235.652000,OK
2,8,adjacent,400,30,16,5,REV,E2,E1,E5,E6,-42.281000,233.417000,OK
2,8,adjacent,400,30,16,6,FWD,E1,E2,E6,E7,8.156000,237.088000,OK
2,8,adjacent,400,30,16,7,REV,E2,E1,E6,E7,11.039000,232.699000,OK
2,8,adjacent,400,30,16,8,FWD,E1,E2,E7,E8,16.617000,238.844000,OK
2,8,adjacent,400,30,16,9,REV,E2,E1,E7,E8,19.437000,232.540000,OK
2,8,adjacent,400,30,16,10,FWD,E1,E2,E8,E9,48.445000,238.365000,OK
2,8,adjacent,400,30,16,11,REV,E2,E1,E8,E9,51.594000,232.460000,OK
2,8,adjacent,400,30,16,12,FWD,E1,E2,E9,E10,-43.383000,238.764000,OK
2,8,adjacent,400,30,16,13,REV,E2,E1,E9,E10,-40.086000,232.300000,OK
2,8,adjacent,400,30,16,14,FWD,E1,E2,E10,E11,23.945000,238.844000,OK
2,8,adjacent,400,30,16,15,REV,E2,E1,E10,E11,28.984000,232.460000,OK
2,8,adjacent,400,30,16,16,FWD,E1,E2,E11,E12,3.695000,238.764000,OK
2,8,adjacent,400,30,16,17,REV,E2,E1,E11,E12,13.039000,232.061000,OK
2,8,adjacent,400,30,16,18,FWD,E2,E3,E4,E5,-6.281000,100.788000,OK
2,8,adjacent,400,30,16,19,REV,E3,E2,E4,E5,2.438000,272.360000,OK
2,8,adjacent,400,30,16,20,FWD,E2,E3,E5,E6,-47.539000,208.440000,OK
2,8,adjacent,400,30,16,21,REV,E3,E2,E5,E6,-42.352000,237.407000,OK
2,8,adjacent,400,30,16,22,FWD,E2,E3,E6,E7,7.570000,218.814000,OK
2,8,adjacent,400,30,16,23,REV,E3,E2,E6,E7,11.484000,233.338000,OK
2,8,adjacent,400,30,16,24,FWD,E2,E3,E7,E8,15.164000,222.245000,OK
2,8,adjacent,400,30,16,25,REV,E3,E2,E7,E8,18.477000,231.263000,OK
2,8,adjacent,400,30,16,26,FWD,E2,E3,E8,E9,51.367000,222.724000,OK
2,8,adjacent,400,30,16,27,REV,E3,E2,E8,E9,54.563000,231.422000,OK
2,8,adjacent,400,30,16,28,FWD,E2,E3,E9,E10,-44.805000,224.001000,OK
2,8,adjacent,400,30,16,29,REV,E3,E2,E9,E10,-41.969000,231.263000,OK
2,8,adjacent,400,30,16,30,FWD,E2,E3,E10,E11,21.422000,223.522000,OK
2,8,adjacent,400,30,16,31,REV,E3,E2,E10,E11,25.187000,231.263000,OK
2,8,adjacent,400,30,16,32,FWD,E2,E3,E11,E12,2.469000,223.522000,OK
2,8,adjacent,400,30,16,33,REV,E3,E2,E11,E12,7.875000,231.103000,OK
2,8,adjacent,400,30,16,34,FWD,E2,E3,E12,E1,0.078000,223.761000,OK
2,8,adjacent,400,30,16,35,REV,E3,E2,E12,E1,11.117000,231.343000,OK
2,8,adjacent,400,30,16,36,FWD,E3,E4,E1,E2,7.555000,79.003000,OK
2,8,adjacent,400,30,16,37,REV,E4,E3,E1,E2,4.664000,247.622000,OK
2,8,adjacent,400,30,16,38,FWD,E3,E4,E5,E6,-49.594000,200.380000,OK
2,8,adjacent,400,30,16,39,REV,E4,E3,E5,E6,-38.086000,220.889000,OK
2,8,adjacent,400,30,16,40,FWD,E3,E4,E6,E7,7.109000,211.313000,OK
2,8,adjacent,400,30,16,41,REV,E4,E3,E6,E7,12.188000,216.978000,OK
2,8,adjacent,400,30,16,42,FWD,E3,E4,E7,E8,14.125000,213.308000,OK
2,8,adjacent,400,30,16,43,REV,E4,E3,E7,E8,17.578000,217.138000,OK
2,8,adjacent,400,30,16,44,FWD,E3,E4,E8,E9,54.805000,213.946000,OK
2,8,adjacent,400,30,16,45,REV,E4,E3,E8,E9,57.672000,216.739000,OK
2,8,adjacent,400,30,16,46,FWD,E3,E4,E9,E10,-46.250000,215.223000,OK
2,8,adjacent,400,30,16,47,REV,E4,E3,E9,E10,-44.109000,216.340000,OK
2,8,adjacent,400,30,16,48,FWD,E3,E4,E10,E11,20.187000,215.382000,OK
2,8,adjacent,400,30,16,49,REV,E4,E3,E10,E11,22.703000,217.138000,OK
2,8,adjacent,400,30,16,50,FWD,E3,E4,E11,E12,2.648000,216.340000,OK
2,8,adjacent,400,30,16,51,REV,E4,E3,E11,E12,5.742000,216.899000,OK
2,8,adjacent,400,30,16,52,FWD,E3,E4,E12,E1,-1.289000,216.101000,OK
2,8,adjacent,400,30,16,53,REV,E4,E3,E12,E1,3.406000,217.936000,OK
2,8,adjacent,400,30,16,54,FWD,E4,E5,E1,E2,-25.156000,92.808000,OK
2,8,adjacent,400,30,16,55,REV,E5,E4,E1,E2,-21.742000,258.794000,OK
2,8,adjacent,400,30,16,56,FWD,E4,E5,E2,E3,51.750000,213.547000,OK
2,8,adjacent,400,30,16,57,REV,E5,E4,E2,E3,57.016000,231.981000,OK
2,8,adjacent,400,30,16,58,FWD,E4,E5,E6,E7,4.672000,224.160000,OK
2,8,adjacent,400,30,16,59,REV,E5,E4,E6,E7,14.906000,229.507000,OK
2,8,adjacent,400,30,16,60,FWD,E4,E5,E7,E8,12.352000,225.118000,OK
2,8,adjacent,400,30,16,61,REV,E5,E4,E7,E8,17.578000,228.789000,OK
2,8,adjacent,400,30,16,62,FWD,E4,E5,E8,E9,57.477000,226.634000,OK
2,8,adjacent,400,30,16,63,REV,E5,E4,E8,E9,61.031000,229.028000,OK
2,8,adjacent,400,30,16,64,FWD,E4,E5,E9,E10,-48.141000,227.672000,OK
2,8,adjacent,400,30,16,65,REV,E5,E4,E9,E10,-45.758000,228.390000,OK
2,8,adjacent,400,30,16,66,FWD,E4,E5,E10,E11,19.047000,227.193000,OK
2,8,adjacent,400,30,16,67,REV,E5,E4,E10,E11,21.531000,229.188000,OK
2,8,adjacent,400,30,16,68,FWD,E4,E5,E11,E12,2.406000,227.991000,OK
2,8,adjacent,400,30,16,69,REV,E5,E4,E11,E12,4.961000,228.390000,OK
2,8,adjacent,400,30,16,70,FWD,E4,E5,E12,E1,-3.203000,227.752000,OK
2,8,adjacent,400,30,16,71,REV,E5,E4,E12,E1,0.234000,229.108000,OK
2,8,adjacent,400,30,16,72,FWD,E5,E6,E1,E2,-28.305000,108.689000,OK
2,8,adjacent,400,30,16,73,REV,E6,E5,E1,E2,-25.281000,274.834000,OK
2,8,adjacent,400,30,16,74,FWD,E5,E6,E2,E3,33.969000,235.891000,OK
2,8,adjacent,400,30,16,75,REV,E6,E5,E2,E3,39.602000,248.101000,OK
2,8,adjacent,400,30,16,76,FWD,E5,E6,E3,E4,13.078000,247.542000,OK
2,8,adjacent,400,30,16,77,REV,E6,E5,E3,E4,23.680000,245.148000,OK
2,8,adjacent,400,30,16,78,FWD,E5,E6,E7,E8,8.758000,249.378000,OK
2,8,adjacent,400,30,16,79,REV,E6,E5,E7,E8,20.352000,243.712000,OK
2,8,adjacent,400,30,16,80,FWD,E5,E6,E8,E9,59.219000,250.335000,OK
2,8,adjacent,400,30,16,81,REV,E6,E5,E8,E9,65.023000,243.632000,OK
2,8,adjacent,400,30,16,82,FWD,E5,E6,E9,E10,-50.195000,251.532000,OK
2,8,adjacent,400,30,16,83,REV,E6,E5,E9,E10,-46.898000,243.951000,OK
2,8,adjacent,400,30,16,84,FWD,E5,E6,E10,E11,18.031000,250.335000,OK
2,8,adjacent,400,30,16,85,REV,E6,E5,E10,E11,21.094000,244.111000,OK
2,8,adjacent,400,30,16,86,FWD,E5,E6,E11,E12,2.039000,251.452000,OK
2,8,adjacent,400,30,16,87,REV,E6,E5,E11,E12,4.797000,244.430000,OK
2,8,adjacent,400,30,16,88,FWD,E5,E6,E12,E1,-4.859000,251.133000,OK
2,8,adjacent,400,30,16,89,REV,E6,E5,E12,E1,-1.727000,244.510000,OK
2,8,adjacent,400,30,16,90,FWD,E6,E7,E1,E2,-29.187000,130.235000,OK
2,8,adjacent,400,30,16,91,REV,E7,E6,E1,E2,-26.195000,308.191000,OK
2,8,adjacent,400,30,16,92,FWD,E6,E7,E2,E3,32.156000,246.505000,OK
2,8,adjacent,400,30,16,93,REV,E7,E6,E2,E3,36.867000,272.360000,OK
2,8,adjacent,400,30,16,94,FWD,E6,E7,E3,E4,3.320000,259.273000,OK
2,8,adjacent,400,30,16,95,REV,E7,E6,E3,E4,10.180000,267.014000,OK
2,8,adjacent,400,30,16,96,FWD,E6,E7,E4,E5,5.164000,262.864000,OK
2,8,adjacent,400,30,16,97,REV,E7,E6,E4,E5,17.211000,265.896000,OK
2,8,adjacent,400,30,16,98,FWD,E6,E7,E8,E9,58.570000,262.864000,OK
2,8,adjacent,400,30,16,99,REV,E7,E6,E8,E9,70.961000,265.258000,OK
2,8,adjacent,400,30,16,100,FWD,E6,E7,E9,E10,-52.852000,263.343000,OK
2,8,adjacent,400,30,16,101,REV,E7,E6,E9,E10,-47.313000,265.737000,OK
2,8,adjacent,400,30,16,102,FWD,E6,E7,E10,E11,16.805000,263.821000,OK
2,8,adjacent,400,30,16,103,REV,E7,E6,E10,E11,21.156000,265.019000,OK
2,8,adjacent,400,30,16,104,FWD,E6,E7,E11,E12,1.461000,264.061000,OK
2,8,adjacent,400,30,16,105,REV,E7,E6,E11,E12,4.859000,265.497000,OK
2,8,adjacent,400,30,16,106,FWD,E6,E7,E12,E1,-6.672000,263.662000,OK
2,8,adjacent,400,30,16,107,REV,E7,E6,E12,E1,-3.227000,265.258000,OK
2,8,adjacent,400,30,16,108,FWD,E7,E8,E1,E2,-29.352000,102.065000,OK
2,8,adjacent,400,30,16,109,REV,E8,E7,E1,E2,-26.625000,285.448000,OK
2,8,adjacent,400,30,16,110,FWD,E7,E8,E2,E3,32.023000,226.315000,OK
2,8,adjacent,400,30,16,111,REV,E8,E7,E2,E3,35.656000,251.213000,OK
2,8,adjacent,400,30,16,112,FWD,E7,E8,E3,E4,4.086000,238.046000,OK
2,8,adjacent,400,30,16,113,REV,E8,E7,E3,E4,8.367000,245.946000,OK
2,8,adjacent,400,30,16,114,FWD,E7,E8,E4,E5,-1.297000,240.998000,OK
2,8,adjacent,400,30,16,115,REV,E8,E7,E4,E5,4.547000,244.749000,OK
2,8,adjacent,400,30,16,116,FWD,E7,E8,E5,E6,-33.586000,241.717000,OK
2,8,adjacent,400,30,16,117,REV,E8,E7,E5,E6,-23.062000,243.871000,OK
2,8,adjacent,400,30,16,118,FWD,E7,E8,E9,E10,-56.602000,241.078000,OK
2,8,adjacent,400,30,16,119,REV,E8,E7,E9,E10,-44.867000,244.031000,OK
2,8,adjacent,400,30,16,120,FWD,E7,E8,E10,E11,15.297000,242.116000,OK
2,8,adjacent,400,30,16,121,REV,E8,E7,E10,E11,21.891000,243.791000,OK
2,8,adjacent,400,30,16,122,FWD,E7,E8,E11,E12,0.953000,242.195000,OK
2,8,adjacent,400,30,16,123,REV,E8,E7,E11,E12,5.148000,243.951000,OK
2,8,adjacent,400,30,16,124,FWD,E7,E8,E12,E1,-8.266000,242.116000,OK
2,8,adjacent,400,30,16,125,REV,E8,E7,E12,E1,-4.766000,243.632000,OK
2,8,adjacent,400,30,16,126,FWD,E8,E9,E1,E2,-28.930000,68.709000,OK
2,8,adjacent,400,30,16,127,REV,E9,E8,E1,E2,-26.742000,253.527000,OK
2,8,adjacent,400,30,16,128,FWD,E8,E9,E2,E3,32.359000,192.639000,OK
2,8,adjacent,400,30,16,129,REV,E9,E8,E2,E3,35.031000,221.048000,OK
2,8,adjacent,400,30,16,130,FWD,E8,E9,E3,E4,4.977000,204.529000,OK
2,8,adjacent,400,30,16,131,REV,E9,E8,E3,E4,7.687000,216.579000,OK
2,8,adjacent,400,30,16,132,FWD,E8,E9,E4,E5,-2.125000,206.525000,OK
2,8,adjacent,400,30,16,133,REV,E9,E8,E4,E5,0.992000,215.702000,OK
2,8,adjacent,400,30,16,134,FWD,E8,E9,E5,E6,-37.211000,208.041000,OK
2,8,adjacent,400,30,16,135,REV,E9,E8,E5,E6,-32.820000,215.941000,OK
2,8,adjacent,400,30,16,136,FWD,E8,E9,E6,E7,11.289000,208.440000,OK
2,8,adjacent,400,30,16,137,REV,E9,E8,E6,E7,19.711000,215.063000,OK
2,8,adjacent,400,30,16,138,FWD,E8,E9,E10,E11,19.930000,210.036000,OK
2,8,adjacent,400,30,16,139,REV,E9,E8,E10,E11,34.047000,215.941000,OK
2,8,adjacent,400,30,16,140,FWD,E8,E9,E11,E12,1.672000,209.796000,OK
2,8,adjacent,400,30,16,141,REV,E9,E8,E11,E12,6.711000,215.702000,OK
2,8,adjacent,400,30,16,142,FWD,E8,E9,E12,E1,-9.586000,210.515000,OK
2,8,adjacent,400,30,16,143,REV,E9,E8,E12,E1,-6.039000,215.542000,OK
2,8,adjacent,400,30,16,144,FWD,E9,E10,E1,E2,-28.992000,94.325000,OK
2,8,adjacent,400,30,16,145,REV,E10,E9,E1,E2,-26.305000,251.851000,OK
2,8,adjacent,400,30,16,146,FWD,E9,E10,E2,E3,32.359000,212.829000,OK
2,8,adjacent,400,30,16,147,REV,E10,E9,E2,E3,35.109000,229.028000,OK
2,8,adjacent,400,30,16,148,FWD,E9,E10,E3,E4,5.484000,222.963000,OK
2,8,adjacent,400,30,16,149,REV,E10,E9,E3,E4,7.859000,226.156000,OK
2,8,adjacent,400,30,16,150,FWD,E9,E10,E4,E5,-2.828000,224.320000,OK
2,8,adjacent,400,30,16,151,REV,E10,E9,E4,E5,-0.406000,225.757000,OK
2,8,adjacent,400,30,16,152,FWD,E9,E10,E5,E6,-39.180000,225.677000,OK
2,8,adjacent,400,30,16,153,REV,E10,E9,E5,E6,-36.352000,226.315000,OK
2,8,adjacent,400,30,16,154,FWD,E9,E10,E6,E7,8.961000,225.677000,OK
2,8,adjacent,400,30,16,155,REV,E10,E9,E6,E7,13.250000,225.357000,OK
2,8,adjacent,400,30,16,156,FWD,E9,E10,E7,E8,27.664000,227.113000,OK
2,8,adjacent,400,30,16,157,REV,E10,E9,E7,E8,37.289000,226.634000,OK
2,8,adjacent,400,30,16,158,FWD,E9,E10,E11,E12,9.516000,226.954000,OK
2,8,adjacent,400,30,16,159,REV,E10,E9,E11,E12,22.891000,226.076000,OK
2,8,adjacent,400,30,16,160,FWD,E9,E10,E12,E1,-11.180000,227.273000,OK
2,8,adjacent,400,30,16,161,REV,E10,E9,E12,E1,-6.117000,226.954000,OK
2,8,adjacent,400,30,16,162,FWD,E10,E11,E1,E2,-29.406000,113.078000,OK
2,8,adjacent,400,30,16,163,REV,E11,E10,E1,E2,-24.867000,266.535000,OK
2,8,adjacent,400,30,16,164,FWD,E10,E11,E2,E3,31.930000,222.165000,OK
2,8,adjacent,400,30,16,165,REV,E11,E10,E2,E3,35.813000,241.796000,OK
2,8,adjacent,400,30,16,166,FWD,E10,E11,E3,E4,5.609000,231.343000,OK
2,8,adjacent,400,30,16,167,REV,E11,E10,E3,E4,8.547000,239.402000,OK
2,8,adjacent,400,30,16,168,FWD,E10,E11,E4,E5,-3.563000,232.779000,OK
2,8,adjacent,400,30,16,169,REV,E11,E10,E4,E5,-0.930000,238.764000,OK
2,8,adjacent,400,30,16,170,FWD,E10,E11,E5,E6,-41.148000,234.774000,OK
2,8,adjacent,400,30,16,171,REV,E11,E10,E5,E6,-38.430000,238.924000,OK
2,8,adjacent,400,30,16,172,FWD,E10,E11,E6,E7,8.250000,235.173000,OK
2,8,adjacent,400,30,16,173,REV,E11,E10,E6,E7,11.898000,238.844000,OK
2,8,adjacent,400,30,16,174,FWD,E10,E11,E7,E8,22.047000,235.652000,OK
2,8,adjacent,400,30,16,175,REV,E11,E10,E7,E8,27.977000,239.961000,OK
2,8,adjacent,400,30,16,176,FWD,E10,E11,E8,E9,36.414000,235.971000,OK
2,8,adjacent,400,30,16,177,REV,E11,E10,E8,E9,49.930000,239.163000,OK
2,8,adjacent,400,30,16,178,FWD,E10,E11,E12,E1,-8.477000,236.689000,OK
2,8,adjacent,400,30,16,179,REV,E11,E10,E12,E1,4.367000,239.961000,OK
2,8,adjacent,400,30,16,180,FWD,E11,E12,E1,E2,-29.727000,85.147000,OK
2,8,adjacent,400,30,16,181,REV,E12,E11,E1,E2,-22.539000,249.936000,OK
2,8,adjacent,400,30,16,182,FWD,E11,E12,E2,E3,31.602000,214.744000,OK
2,8,adjacent,400,30,16,183,REV,E12,E11,E2,E3,36.617000,227.193000,OK
2,8,adjacent,400,30,16,184,FWD,E11,E12,E3,E4,5.969000,223.841000,OK
2,8,adjacent,400,30,16,185,REV,E12,E11,E3,E4,9.125000,224.639000,OK
2,8,adjacent,400,30,16,186,FWD,E11,E12,E4,E5,-3.898000,224.559000,OK
2,8,adjacent,400,30,16,187,REV,E12,E11,E4,E5,-1.437000,224.559000,OK
2,8,adjacent,400,30,16,188,FWD,E11,E12,E5,E6,-42.516000,226.475000,OK
2,8,adjacent,400,30,16,189,REV,E12,E11,E5,E6,-40.258000,224.480000,OK
2,8,adjacent,400,30,16,190,FWD,E11,E12,E6,E7,8.414000,226.794000,OK
2,8,adjacent,400,30,16,191,REV,E12,E11,E6,E7,11.031000,225.198000,OK
2,8,adjacent,400,30,16,192,FWD,E11,E12,E7,E8,19.859000,226.954000,OK
2,8,adjacent,400,30,16,193,REV,E12,E11,E7,E8,23.297000,225.677000,OK
2,8,adjacent,400,30,16,194,FWD,E11,E12,E8,E9,41.680000,227.353000,OK
2,8,adjacent,400,30,16,195,REV,E12,E11,E8,E9,46.930000,225.278000,OK
2,8,adjacent,400,30,16,196,FWD,E11,E12,E9,E10,-53.250000,228.151000,OK
2,8,adjacent,400,30,16,197,REV,E12,E11,E9,E10,-40.914000,226.315000,OK
2,8,adjacent,400,30,16,198,FWD,E12,E1,E2,E3,31.305000,95.362000,OK
2,8,adjacent,400,30,16,199,REV,E1,E12,E2,E3,40.234000,254.644000,OK
2,8,adjacent,400,30,16,200,FWD,E12,E1,E3,E4,5.609000,213.467000,OK
2,8,adjacent,400,30,16,201,REV,E1,E12,E3,E4,10.477000,229.507000,OK
2,8,adjacent,400,30,16,202,FWD,E12,E1,E4,E5,-4.602000,221.926000,OK
2,8,adjacent,400,30,16,203,REV,E1,E12,E4,E5,-1.312000,226.555000,OK
2,8,adjacent,400,30,16,204,FWD,E12,E1,E5,E6,-44.031000,223.362000,OK
2,8,adjacent,400,30,16,205,REV,E1,E12,E5,E6,-41.430000,226.235000,OK
2,8,adjacent,400,30,16,206,FWD,E12,E1,E6,E7,8.336000,225.198000,OK
2,8,adjacent,400,30,16,207,REV,E1,E12,E6,E7,10.969000,226.235000,OK
2,8,adjacent,400,30,16,208,FWD,E12,E1,E7,E8,18.141000,224.879000,OK
2,8,adjacent,400,30,16,209,REV,E1,E12,E7,E8,21.117000,226.954000,OK
2,8,adjacent,400,30,16,210,FWD,E12,E1,E8,E9,45.000000,225.517000,OK
2,8,adjacent,400,30,16,211,REV,E1,E12,E8,E9,48.781000,226.475000,OK
2,8,adjacent,400,30,16,212,FWD,E12,E1,E9,E10,-43.102000,225.597000,OK
2,8,adjacent,400,30,16,213,REV,E1,E12,E9,E10,-38.250000,226.874000,OK
2,8,adjacent,400,30,16,214,FWD,E12,E1,E10,E11,25.320000,225.278000,OK
2,8,adjacent,400,30,16,215,REV,E1,E12,E10,E11,35.680000,227.432000,OK
3,9,adjacent,400,30,16,0,FWD,E1,E2,E3,E4,6.297000,95.442000,OK
3,9,adjacent,400,30,16,1,REV,E2,E1,E3,E4,13.547000,261.587000,OK
3,9,adjacent,400,30,16,2,FWD,E1,E2,E4,E5,-5.352000,225.677000,OK
3,9,adjacent,400,30,16,3,REV,E2,E1,E4,E5,-0.641000,236.530000,OK
3,9,adjacent,400,30,16,4,FWD,E1,E2,E5,E6,-45.484000,235.333000,OK
3,9,adjacent,400,30,16,5,REV,E2,E1,E5,E6,-42.273000,233.178000,OK
3,9,adjacent,400,30,16,6,FWD,E1,E2,E6,E7,8.297000,237.008000,OK
3,9,adjacent,400,30,16,7,REV,E2,E1,E6,E7,11.172000,233.098000,OK
3,9,adjacent,400,30,16,8,FWD,E1,E2,E7,E8,16.820000,238.126000,OK
3,9,adjacent,400,30,16,9,REV,E2,E1,E7,E8,19.687000,232.300000,OK
3,9,adjacent,400,30,16,10,FWD,E1,E2,E8,E9,48.438000,238.525000,OK
3,9,adjacent,400,30,16,11,REV,E2,E1,E8,E9,51.578000,232.779000,OK
3,9,adjacent,400,30,16,12,FWD,E1,E2,E9,E10,-43.359000,239.402000,OK
3,9,adjacent,400,30,16,13,REV,E2,E1,E9,E10,-40.070000,232.540000,OK
3,9,adjacent,400,30,16,14,FWD,E1,E2,E10,E11,23.969000,238.684000,OK
3,9,adjacent,400,30,16,15,REV,E2,E1,E10,E11,28.953000,232.619000,OK
3,9,adjacent,400,30,16,16,FWD,E1,E2,E11,E12,3.148000,239.003000,OK
3,9,adjacent,400,30,16,17,REV,E2,E1,E11,E12,12.539000,233.338000,OK
3,9,adjacent,400,30,16,18,FWD,E2,E3,E4,E5,-6.117000,101.267000,OK
3,9,adjacent,400,30,16,19,REV,E3,E2,E4,E5,2.641000,272.280000,OK
3,9,adjacent,400,30,16,20,FWD,E2,E3,E5,E6,-47.523000,209.158000,OK
3,9,adjacent,400,30,16,21,REV,E3,E2,E5,E6,-42.289000,238.445000,OK
3,9,adjacent,400,30,16,22,FWD,E2,E3,E6,E7,7.711000,219.532000,OK
3,9,adjacent,400,30,16,23,REV,E3,E2,E6,E7,11.656000,232.460000,OK
3,9,adjacent,400,30,16,24,FWD,E2,E3,E7,E8,15.375000,222.245000,OK
3,9,adjacent,400,30,16,25,REV,E3,E2,E7,E8,18.680000,231.901000,OK
3,9,adjacent,400,30,16,26,FWD,E2,E3,E8,E9,51.320000,222.564000,OK
3,9,adjacent,400,30,16,27,REV,E3,E2,E8,E9,54.523000,230.465000,OK
3,9,adjacent,400,30,16,28,FWD,E2,E3,E9,E10,-44.734000,222.724000,OK
3,9,adjacent,400,30,16,29,REV,E3,E2,E9,E10,-41.914000,231.183000,OK
3,9,adjacent,400,30,16,30,FWD,E2,E3,E10,E11,21.352000,223.761000,OK
3,9,adjacent,400,30,16,31,REV,E3,E2,E10,E11,25.141000,229.986000,OK
3,9,adjacent,400,30,16,32,FWD,E2,E3,E11,E12,2.031000,224.081000,OK
3,9,adjacent,400,30,16,33,REV,E3,E2,E11,E12,7.414000,231.183000,OK
3,9,adjacent,400,30,16,34,FWD,E2,E3,E12,E1,0.047000,224.081000,OK
3,9,adjacent,400,30,16,35,REV,E3,E2,E12,E1,11.102000,230.146000,OK
3,9,adjacent,400,30,16,36,FWD,E3,E4,E1,E2,7.523000,78.604000,OK
3,9,adjacent,400,30,16,37,REV,E4,E3,E1,E2,4.664000,247.542000,OK
3,9,adjacent,400,30,16,38,FWD,E3,E4,E5,E6,-49.641000,201.657000,OK
3,9,adjacent,400,30,16,39,REV,E4,E3,E5,E6,-38.141000,220.889000,OK
3,9,adjacent,400,30,16,40,FWD,E3,E4,E6,E7,7.242000,210.914000,OK
3,9,adjacent,400,30,16,41,REV,E4,E3,E6,E7,12.414000,217.298000,OK
3,9,adjacent,400,30,16,42,FWD,E3,E4,E7,E8,14.313000,214.185000,OK
3,9,adjacent,400,30,16,43,REV,E4,E3,E7,E8,17.797000,217.058000,OK
3,9,adjacent,400,30,16,44,FWD,E3,E4,E8,E9,54.734000,214.265000,OK
3,9,adjacent,400,30,16,45,REV,E4,E3,E8,E9,57.586000,216.978000,OK
3,9,adjacent,400,30,16,46,FWD,E3,E4,E9,E10,-46.148000,215.542000,OK
3,9,adjacent,400,30,16,47,REV,E4,E3,E9,E10,-43.992000,217.218000,OK
3,9,adjacent,400,30,16,48,FWD,E3,E4,E10,E11,20.117000,215.303000,OK
3,9,adjacent,400,30,16,49,REV,E4,E3,E10,E11,22.625000,216.978000,OK
3,9,adjacent,400,30,16,50,FWD,E3,E4,E11,E12,2.266000,216.500000,OK
3,9,adjacent,400,30,16,51,REV,E4,E3,E11,E12,5.312000,217.377000,OK
3,9,adjacent,400,30,16,52,FWD,E3,E4,E12,E1,-1.336000,216.101000,OK
3,9,adjacent,400,30,16,53,REV,E4,E3,E12,E1,3.344000,216.819000,OK
3,9,adjacent,400,30,16,54,FWD,E4,E5,E1,E2,-25.234000,92.888000,OK
3,9,adjacent,400,30,16,55,REV,E5,E4,E1,E2,-21.844000,258.874000,OK
3,9,adjacent,400,30,16,56,FWD,E4,E5,E2,E3,51.820000,213.228000,OK
3,9,adjacent,400,30,16,57,REV,E5,E4,E2,E3,57.188000,231.821000,OK
3,9,adjacent,400,30,16,58,FWD,E4,E5,E6,E7,4.750000,223.043000,OK
3,9,adjacent,400,30,16,59,REV,E5,E4,E6,E7,15.047000,229.587000,OK
3,9,adjacent,400,30,16,60,FWD,E4,E5,E7,E8,12.531000,224.719000,OK
3,9,adjacent,400,30,16,61,REV,E5,E4,E7,E8,17.758000,228.709000,OK
3,9,adjacent,400,30,16,62,FWD,E4,E5,E8,E9,57.398000,226.555000,OK
3,9,adjacent,400,30,16,63,REV,E5,E4,E8,E9,60.945000,228.949000,OK
3,9,adjacent,400,30,16,64,FWD,E4,E5,E9,E10,-48.008000,226.714000,OK
3,9,adjacent,400,30,16,65,REV,E5,E4,E9,E10,-45.625000,228.869000,OK
3,9,adjacent,400,30,16,66,FWD,E4,E5,E10,E11,18.906000,227.193000,OK
3,9,adjacent,400,30,16,67,REV,E5,E4,E10,E11,21.398000,229.268000,OK
3,9,adjacent,400,30,16,68,FWD,E4,E5,E11,E12,2.070000,227.991000,OK
3,9,adjacent,400,30,16,69,REV,E5,E4,E11,E12,4.633000,228.629000,OK
3,9,adjacent,400,30,16,70,FWD,E4,E5,E12,E1,-3.258000,228.230000,OK
3,9,adjacent,400,30,16,71,REV,E5,E4,E12,E1,0.117000,229.348000,OK
3,9,adjacent,400,30,16,72,FWD,E5,E6,E1,E2,-28.383000,108.529000,OK
3,9,adjacent,400,30,16,73,REV,E6,E5,E1,E2,-25.305000,274.994000,OK
3,9,adjacent,400,30,16,74,FWD,E5,E6,E2,E3,34.039000,236.769000,OK
3,9,adjacent,400,30,16,75,REV,E6,E5,E2,E3,39.648000,248.101000,OK
3,9,adjacent,400,30,16,76,FWD,E5,E6,E3,E4,13.273000,247.941000,OK
3,9,adjacent,400,30,16,77,REV,E6,E5,E3,E4,23.883000,244.749000,OK
3,9,adjacent,400,30,16,78,FWD,E5,E6,E7,E8,8.945000,249.457000,OK
3,9,adjacent,400,30,16,79,REV,E6,E5,E7,E8,20.664000,244.669000,OK
3,9,adjacent,400,30,16,80,FWD,E5,E6,E8,E9,59.164000,251.213000,OK
3,9,adjacent,400,30,16,81,REV,E6,E5,E8,E9,64.984000,243.153000,OK
3,9,adjacent,400,30,16,82,FWD,E5,E6,E9,E10,-50.086000,250.894000,OK
3,9,adjacent,400,30,16,83,REV,E6,E5,E9,E10,-46.750000,244.510000,OK
3,9,adjacent,400,30,16,84,FWD,E5,E6,E10,E11,17.867000,251.293000,OK
3,9,adjacent,400,30,16,85,REV,E6,E5,E10,E11,20.945000,244.111000,OK
3,9,adjacent,400,30,16,86,FWD,E5,E6,E11,E12,1.719000,251.452000,OK
3,9,adjacent,400,30,16,87,REV,E6,E5,E11,E12,4.492000,244.350000,OK
3,9,adjacent,400,30,16,88,FWD,E5,E6,E12,E1,-4.992000,252.091000,OK
3,9,adjacent,400,30,16,89,REV,E6,E5,E12,E1,-1.891000,244.909000,OK
3,9,adjacent,400,30,16,90,FWD,E6,E7,E1,E2,-29.273000,130.395000,OK
3,9,adjacent,400,30,16,91,REV,E7,E6,E1,E2,-26.266000,308.191000,OK
3,9,adjacent,400,30,16,92,FWD,E6,E7,E2,E3,32.281000,246.664000,OK
3,9,adjacent,400,30,16,93,REV,E7,E6,E2,E3,36.969000,272.520000,OK
3,9,adjacent,400,30,16,94,FWD,E6,E7,E3,E4,3.391000,259.113000,OK
3,9,adjacent,400,30,16,95,REV,E7,E6,E3,E4,10.242000,267.253000,OK
3,9,adjacent,400,30,16,96,FWD,E6,E7,E4,E5,5.062000,262.305000,OK
3,9,adjacent,400,30,16,97,REV,E7,E6,E4,E5,17.156000,265.737000,OK
3,9,adjacent,400,30,16,98,FWD,E6,E7,E8,E9,58.570000,263.343000,OK
3,9,adjacent,400,30,16,99,REV,E7,E6,E8,E9,70.945000,265.019000,OK
3,9,adjacent,400,30,16,100,FWD,E6,E7,E9,E10,-52.703000,263.023000,OK
3,9,adjacent,400,30,16,101,REV,E7,E6,E9,E10,-47.195000,265.577000,OK
3,9,adjacent,400,30,16,102,FWD,E6,E7,E10,E11,16.633000,263.582000,OK
3,9,adjacent,400,30,16,103,REV,E7,E6,E10,E11,21.016000,264.620000,OK
3,9,adjacent,400,30,16,104,FWD,E6,E7,E11,E12,1.219000,263.662000,OK
3,9,adjacent,400,30,16,105,REV,E7,E6,E11,E12,4.609000,265.338000,OK
3,9,adjacent,400,30,16,106,FWD,E6,E7,E12,E1,-6.742000,263.023000,OK
3,9,adjacent,400,30,16,107,REV,E7,E6,E12,E1,-3.344000,264.460000,OK
3,9,adjacent,400,30,16,108,FWD,E7,E8,E1,E2,-29.492000,101.906000,OK
3,9,adjacent,400,30,16,109,REV,E8,E7,E1,E2,-26.797000,285.527000,OK
3,9,adjacent,400,30,16,110,FWD,E7,E8,E2,E3,32.125000,225.677000,OK
3,9,adjacent,400,30,16,111,REV,E8,E7,E2,E3,35.758000,250.575000,OK
3,9,adjacent,400,30,16,112,FWD,E7,E8,E3,E4,4.211000,237.647000,OK
3,9,adjacent,400,30,16,113,REV,E8,E7,E3,E4,8.430000,245.627000,OK
3,9,adjacent,400,30,16,114,FWD,E7,E8,E4,E5,-1.352000,240.919000,OK
3,9,adjacent,400,30,16,115,REV,E8,E7,E4,E5,4.562000,244.350000,OK
3,9,adjacent,400,30,16,116,FWD,E7,E8,E5,E6,-33.484000,241.238000,OK
3,9,adjacent,400,30,16,117,REV,E8,E7,E5,E6,-22.969000,244.909000,OK
3,9,adjacent,400,30,16,118,FWD,E7,E8,E9,E10,-56.469000,242.515000,OK
3,9,adjacent,400,30,16,119,REV,E8,E7,E9,E10,-44.820000,244.191000,OK
3,9,adjacent,400,30,16,120,FWD,E7,E8,E10,E11,15.109000,242.674000,OK
3,9,adjacent,400,30,16,121,REV,E8,E7,E10,E11,21.758000,244.270000,OK
3,9,adjacent,400,30,16,122,FWD,E7,E8,E11,E12,0.766000,242.515000,OK
3,9,adjacent,400,30,16,123,REV,E8,E7,E11,E12,4.898000,244.988000,OK
3,9,adjacent,400,30,16,124,FWD,E7,E8,E12,E1,-8.391000,242.594000,OK
3,9,adjacent,400,30,16,125,REV,E8,E7,E12,E1,-4.867000,244.031000,OK
3,9,adjacent,400,30,16,126,FWD,E8,E9,E1,E2,-29.109000,69.187000,OK
3,9,adjacent,400,30,16,127,REV,E9,E8,E1,E2,-26.922000,254.245000,OK
3,9,adjacent,400,30,16,128,FWD,E8,E9,E2,E3,32.445000,192.879000,OK
3,9,adjacent,400,30,16,129,REV,E9,E8,E2,E3,35.148000,221.208000,OK
3,9,adjacent,400,30,16,130,FWD,E8,E9,E3,E4,5.125000,203.811000,OK
3,9,adjacent,400,30,16,131,REV,E9,E8,E3,E4,7.797000,217.058000,OK
3,9,adjacent,400,30,16,132,FWD,E8,E9,E4,E5,-2.172000,207.163000,OK
3,9,adjacent,400,30,16,133,REV,E9,E8,E4,E5,0.969000,215.462000,OK
3,9,adjacent,400,30,16,134,FWD,E8,E9,E5,E6,-37.102000,207.801000,OK
3,9,adjacent,400,30,16,135,REV,E9,E8,E5,E6,-32.773000,215.781000,OK
3,9,adjacent,400,30,16,136,FWD,E8,E9,E6,E7,11.445000,208.280000,OK
3,9,adjacent,400,30,16,137,REV,E9,E8,E6,E7,19.953000,214.505000,OK
3,9,adjacent,400,30,16,138,FWD,E8,E9,E10,E11,19.812000,209.158000,OK
3,9,adjacent,400,30,16,139,REV,E9,E8,E10,E11,33.953000,215.861000,OK
3,9,adjacent,400,30,16,140,FWD,E8,E9,E11,E12,1.484000,209.796000,OK
3,9,adjacent,400,30,16,141,REV,E9,E8,E11,E12,6.547000,214.744000,OK
3,9,adjacent,400,30,16,142,FWD,E8,E9,E12,E1,-9.648000,209.876000,OK
3,9,adjacent,400,30,16,143,REV,E9,E8,E12,E1,-6.125000,215.303000,OK
3,9,adjacent,400,30,16,144,FWD,E9,E10,E1,E2,-29.258000,94.005000,OK
3,9,adjacent,400,30,16,145,REV,E10,E9,E1,E2,-26.609000,251.772000,OK
3,9,adjacent,400,30,16,146,FWD,E9,E10,E2,E3,32.422000,213.467000,OK
3,9,adjacent,400,30,16,147,REV,E10,E9,E2,E3,35.188000,228.390000,OK
3,9,adjacent,400,30,16,148,FWD,E9,E10,E3,E4,5.641000,222.644000,OK
3,9,adjacent,400,30,16,149,REV,E10,E9,E3,E4,8.023000,226.555000,OK
3,9,adjacent,400,30,16,150,FWD,E9,E10,E4,E5,-2.820000,224.160000,OK
3,9,adjacent,400,30,16,151,REV,E10,E9,E4,E5,-0.437000,225.836000,OK
3,9,adjacent,400,30,16,152,FWD,E9,E10,E5,E6,-39.148000,226.315000,OK
3,9,adjacent,400,30,16,153,REV,E10,E9,E5,E6,-36.305000,225.836000,OK
3,9,adjacent,400,30,16,154,FWD,E9,E10,E6,E7,9.367000,227.033000,OK
3,9,adjacent,400,30,16,155,REV,E10,E9,E6,E7,13.617000,225.916000,OK
3,9,adjacent,400,30,16,156,FWD,E9,E10,E7,E8,27.539000,227.353000,OK
3,9,adjacent,400,30,16,157,REV,E10,E9,E7,E8,37.234000,226.634000,OK
3,9,adjacent,400,30,16,158,FWD,E9,E10,E11,E12,9.516000,227.033000,OK
3,9,adjacent,400,30,16,159,REV,E10,E9,E11,E12,22.875000,225.677000,OK
3,9,adjacent,400,30,16,160,FWD,E9,E10,E12,E1,-11.219000,228.071000,OK
3,9,adjacent,400,30,16,161,REV,E10,E9,E12,E1,-6.187000,226.874000,OK
3,9,adjacent,400,30,16,162,FWD,E10,E11,E1,E2,-29.719000,112.918000,OK
3,9,adjacent,400,30,16,163,REV,E11,E10,E1,E2,-25.141000,266.455000,OK
3,9,adjacent,400,30,16,164,FWD,E10,E11,E2,E3,32.008000,222.405000,OK
3,9,adjacent,400,30,16,165,REV,E11,E10,E2,E3,35.906000,241.876000,OK
3,9,adjacent,400,30,16,166,FWD,E10,E11,E3,E4,5.766000,230.944000,OK
3,9,adjacent,400,30,16,167,REV,E11,E10,E3,E4,8.711000,238.285000,OK
3,9,adjacent,400,30,16,168,FWD,E10,E11,E4,E5,-3.594000,232.779000,OK
3,9,adjacent,400,30,16,169,REV,E11,E10,E4,E5,-0.953000,238.764000,OK
3,9,adjacent,400,30,16,170,FWD,E10,E11,E5,E6,-41.086000,234.375000,OK
3,9,adjacent,400,30,16,171,REV,E11,E10,E5,E6,-38.375000,238.365000,OK
3,9,adjacent,400,30,16,172,FWD,E10,E11,E6,E7,8.648000,234.934000,OK
3,9,adjacent,400,30,16,173,REV,E11,E10,E6,E7,12.258000,239.163000,OK
3,9,adjacent,400,30,16,174,FWD,E10,E11,E7,E8,21.953000,235.971000,OK
3,9,adjacent,400,30,16,175,REV,E11,E10,E7,E8,27.852000,239.243000,OK
3,9,adjacent,400,30,16,176,FWD,E10,E11,E8,E9,36.422000,236.051000,OK
3,9,adjacent,400,30,16,177,REV,E11,E10,E8,E9,49.859000,240.041000,OK
3,9,adjacent,400,30,16,178,FWD,E10,E11,E12,E1,-8.727000,236.370000,OK
3,9,adjacent,400,30,16,179,REV,E11,E10,E12,E1,3.961000,240.121000,OK
3,9,adjacent,400,30,16,180,FWD,E11,E12,E1,E2,-30.070000,85.387000,OK
3,9,adjacent,400,30,16,181,REV,E12,E11,E1,E2,-22.812000,249.777000,OK
3,9,adjacent,400,30,16,182,FWD,E11,E12,E2,E3,31.648000,214.824000,OK
3,9,adjacent,400,30,16,183,REV,E12,E11,E2,E3,36.664000,226.874000,OK
3,9,adjacent,400,30,16,184,FWD,E11,E12,E3,E4,6.164000,222.325000,OK
3,9,adjacent,400,30,16,185,REV,E12,E11,E3,E4,9.313000,224.879000,OK
3,9,adjacent,400,30,16,186,FWD,E11,E12,E4,E5,-3.922000,225.517000,OK
3,9,adjacent,400,30,16,187,REV,E12,E11,E4,E5,-1.430000,224.400000,OK
3,9,adjacent,400,30,16,188,FWD,E11,E12,E5,E6,-42.500000,226.156000,OK
3,9,adjacent,400,30,16,189,REV,E12,E11,E5,E6,-40.250000,224.240000,OK
3,9,adjacent,400,30,16,190,FWD,E11,E12,E6,E7,8.844000,226.395000,OK
3,9,adjacent,400,30,16,191,REV,E12,E11,E6,E7,11.445000,225.278000,OK
3,9,adjacent,400,30,16,192,FWD,E11,E12,E7,E8,19.695000,227.193000,OK
3,9,adjacent,400,30,16,193,REV,E12,E11,E7,E8,23.203000,225.038000,OK
3,9,adjacent,400,30,16,194,FWD,E11,E12,E8,E9,41.648000,227.831000,OK
3,9,adjacent,400,30,16,195,REV,E12,E11,E8,E9,46.859000,226.076000,OK
3,9,adjacent,400,30,16,196,FWD,E11,E12,E9,E10,-53.250000,228.230000,OK
3,9,adjacent,400,30,16,197,REV,E12,E11,E9,E10,-40.836000,226.315000,OK
3,9,adjacent,400,30,16,198,FWD,E12,E1,E2,E3,31.406000,96.000000,OK
3,9,adjacent,400,30,16,199,REV,E1,E12,E2,E3,40.297000,255.203000,OK
3,9,adjacent,400,30,16,200,FWD,E12,E1,E3,E4,5.789000,213.068000,OK
3,9,adjacent,400,30,16,201,REV,E1,E12,E3,E4,10.602000,229.348000,OK
3,9,adjacent,400,30,16,202,FWD,E12,E1,E4,E5,-4.609000,221.766000,OK
3,9,adjacent,400,30,16,203,REV,E1,E12,E4,E5,-1.297000,226.475000,OK
3,9,adjacent,400,30,16,204,FWD,E12,E1,E5,E6,-44.016000,224.001000,OK
3,9,adjacent,400,30,16,205,REV,E1,E12,E5,E6,-41.422000,226.315000,OK
3,9,adjacent,400,30,16,206,FWD,E12,E1,E6,E7,8.781000,224.081000,OK
3,9,adjacent,400,30,16,207,REV,E1,E12,E6,E7,11.430000,226.794000,OK
3,9,adjacent,400,30,16,208,FWD,E12,E1,E7,E8,17.961000,225.198000,OK
3,9,adjacent,400,30,16,209,REV,E1,E12,E7,E8,20.945000,225.996000,OK
3,9,adjacent,400,30,16,210,FWD,E12,E1,E8,E9,45.016000,224.559000,OK
3,9,adjacent,400,30,16,211,REV,E1,E12,E8,E9,48.766000,226.954000,OK
3,9,adjacent,400,30,16,212,FWD,E12,E1,E9,E10,-43.102000,224.958000,OK
3,9,adjacent,400,30,16,213,REV,E1,E12,E9,E10,-38.250000,226.714000,OK
3,9,adjacent,400,30,16,214,FWD,E12,E1,E10,E11,25.320000,224.958000,OK
3,9,adjacent,400,30,16,215,REV,E1,E12,E10,E11,35.586000,225.916000,OK
4,10,adjacent,400,30,16,0,FWD,E1,E2,E3,E4,6.484000,95.841000,OK
4,10,adjacent,400,30,16,1,REV,E2,E1,E3,E4,13.773000,261.667000,OK
4,10,adjacent,400,30,16,2,FWD,E1,E2,E4,E5,-5.383000,225.278000,OK
4,10,adjacent,400,30,16,3,REV,E2,E1,E4,E5,-0.672000,236.450000,OK
4,10,adjacent,400,30,16,4,FWD,E1,E2,E5,E6,-45.492000,235.253000,OK
4,10,adjacent,400,30,16,5,REV,E2,E1,E5,E6,-42.266000,232.460000,OK
4,10,adjacent,400,30,16,6,FWD,E1,E2,E6,E7,8.773000,237.567000,OK
4,10,adjacent,400,30,16,7,REV,E2,E1,E6,E7,11.609000,232.779000,OK
4,10,adjacent,400,30,16,8,FWD,E1,E2,E7,E8,16.687000,237.647000,OK
4,10,adjacent,400,30,16,9,REV,E2,E1,E7,E8,19.500000,232.540000,OK
4,10,adjacent,400,30,16,10,FWD,E1,E2,E8,E9,48.422000,238.365000,OK
4,10,adjacent,400,30,16,11,REV,E2,E1,E8,E9,51.570000,233.098000,OK
4,10,adjacent,400,30,16,12,FWD,E1,E2,E9,E10,-43.383000,238.924000,OK
4,10,adjacent,400,30,16,13,REV,E2,E1,E9,E10,-40.094000,232.619000,OK
4,10,adjacent,400,30,16,14,FWD,E1,E2,E10,E11,24.008000,238.844000,OK
4,10,adjacent,400,30,16,15,REV,E2,E1,E10,E11,29.000000,232.779000,OK
4,10,adjacent,400,30,16,16,FWD,E1,E2,E11,E12,3.219000,239.482000,OK
4,10,adjacent,400,30,16,17,REV,E2,E1,E11,E12,12.531000,232.061000,OK
4,10,adjacent,400,30,16,18,FWD,E2,E3,E4,E5,-6.094000,101.427000,OK
4,10,adjacent,400,30,16,19,REV,E3,E2,E4,E5,2.617000,272.839000,OK
4,10,adjacent,400,30,16,20,FWD,E2,E3,E5,E6,-47.500000,208.839000,OK
4,10,adjacent,400,30,16,21,REV,E3,E2,E5,E6,-42.305000,237.407000,OK
4,10,adjacent,400,30,16,22,FWD,E2,E3,E6,E7,8.234000,219.532000,OK
4,10,adjacent,400,30,16,23,REV,E3,E2,E6,E7,12.109000,233.098000,OK
4,10,adjacent,400,30,16,24,FWD,E2,E3,E7,E8,15.234000,222.086000,OK
4,10,adjacent,400,30,16,25,REV,E3,E2,E7,E8,18.531000,231.422000,OK
4,10,adjacent,400,30,16,26,FWD,E2,E3,E8,E9,51.289000,222.405000,OK
4,10,adjacent,400,30,16,27,REV,E3,E2,E8,E9,54.477000,230.864000,OK
4,10,adjacent,400,30,16,28,FWD,E2,E3,E9,E10,-44.789000,222.884000,OK
4,10,adjacent,400,30,16,29,REV,E3,E2,E9,E10,-41.969000,230.624000,OK
4,10,adjacent,400,30,16,30,FWD,E2,E3,E10,E11,21.453000,223.362000,OK
4,10,adjacent,400,30,16,31,REV,E3,E2,E10,E11,25.219000,230.784000,OK
4,10,adjacent,400,30,16,32,FWD,E2,E3,E11,E12,2.000000,224.320000,OK
4,10,adjacent,400,30,16,33,REV,E3,E2,E11,E12,7.414000,231.023000,OK
4,10,adjacent,400,30,16,34,FWD,E2,E3,E12,E1,-0.227000,223.442000,OK
4,10,adjacent,400,30,16,35,REV,E3,E2,E12,E1,10.805000,231.422000,OK
4,10,adjacent,400,30,16,36,FWD,E3,E4,E1,E2,7.312000,79.083000,OK
4,10,adjacent,400,30,16,37,REV,E4,E3,E1,E2,4.453000,247.861000,OK
4,10,adjacent,400,30,16,38,FWD,E3,E4,E5,E6,-49.617000,201.337000,OK
4,10,adjacent,400,30,16,39,REV,E4,E3,E5,E6,-38.078000,221.288000,OK
4,10,adjacent,400,30,16,40,FWD,E3,E4,E6,E7,7.750000,211.392000,OK
4,10,adjacent,400,30,16,41,REV,E4,E3,E6,E7,12.836000,217.697000,OK
4,10,adjacent,400,30,16,42,FWD,E3,E4,E7,E8,14.148000,213.387000,OK
4,10,adjacent,400,30,16,43,REV,E4,E3,E7,E8,17.680000,216.659000,OK
4,10,adjacent,400,30,16,44,FWD,E3,E4,E8,E9,54.680000,215.303000,OK
4,10,adjacent,400,30,16,45,REV,E4,E3,E8,E9,57.555000,216.819000,OK
4,10,adjacent,400,30,16,46,FWD,E3,E4,E9,E10,-46.188000,214.584000,OK
4,10,adjacent,400,30,16,47,REV,E4,E3,E9,E10,-44.008000,216.819000,OK
4,10,adjacent,400,30,16,48,FWD,E3,E4,E10,E11,20.172000,216.420000,OK
4,10,adjacent,400,30,16,49,REV,E4,E3,E10,E11,22.734000,216.579000,OK
4,10,adjacent,400,30,16,50,FWD,E3,E4,E11,E12,2.242000,215.861000,OK
4,10,adjacent,400,30,16,51,REV,E4,E3,E11,E12,5.312000,216.978000,OK
4,10,adjacent,400,30,16,52,FWD,E3,E4,E12,E1,-1.516000,216.500000,OK
4,10,adjacent,400,30,16,53,REV,E4,E3,E12,E1,3.063000,217.377000,OK
4,10,adjacent,400,30,16,54,FWD,E4,E5,E1,E2,-25.422000,92.409000,OK
4,10,adjacent,400,30,16,55,REV,E5,E4,E1,E2,-22.047000,258.634000,OK
4,10,adjacent,400,30,16,56,FWD,E4,E5,E2,E3,51.852000,213.786000,OK
4,10,adjacent,400,30,16,57,REV,E5,E4,E2,E3,57.164000,232.460000,OK
4,10,adjacent,400,30,16,58,FWD,E4,E5,E6,E7,5.180000,223.123000,OK
4,10,adjacent,400,30,16,59,REV,E5,E4,E6,E7,15.602000,229.188000,OK
4,10,adjacent,400,30,16,60,FWD,E4,E5,E7,E8,12.438000,225.996000,OK
4,10,adjacent,400,30,16,61,REV,E5,E4,E7,E8,17.633000,229.188000,OK
4,10,adjacent,400,30,16,62,FWD,E4,E5,E8,E9,57.320000,226.395000,OK
4,10,adjacent,400,30,16,63,REV,E5,E4,E8,E9,60.883000,228.789000,OK
4,10,adjacent,400,30,16,64,FWD,E4,E5,E9,E10,-47.977000,227.512000,OK
4,10,adjacent,400,30,16,65,REV,E5,E4,E9,E10,-45.633000,228.949000,OK
4,10,adjacent,400,30,16,66,FWD,E4,E5,E10,E11,18.992000,227.991000,OK
4,10,adjacent,400,30,16,67,REV,E5,E4,E10,E11,21.484000,229.028000,OK
4,10,adjacent,400,30,16,68,FWD,E4,E5,E11,E12,2.000000,227.512000,OK
4,10,adjacent,400,30,16,69,REV,E5,E4,E11,E12,4.602000,229.507000,OK
4,10,adjacent,400,30,16,70,FWD,E4,E5,E12,E1,-3.344000,228.071000,OK
4,10,adjacent,400,30,16,71,REV,E5,E4,E12,E1,0.055000,228.869000,OK
4,10,adjacent,400,30,16,72,FWD,E5,E6,E1,E2,-28.664000,108.449000,OK
4,10,adjacent,400,30,16,73,REV,E6,E5,E1,E2,-25.711000,275.073000,OK
4,10,adjacent,400,30,16,74,FWD,E5,E6,E2,E3,34.102000,236.609000,OK
4,10,adjacent,400,30,16,75,REV,E6,E5,E2,E3,39.758000,248.101000,OK
4,10,adjacent,400,30,16,76,FWD,E5,E6,E3,E4,13.273000,247.223000,OK
4,10,adjacent,400,30,16,77,REV,E6,E5,E3,E4,23.914000,245.068000,OK
4,10,adjacent,400,30,16,78,FWD,E5,E6,E7,E8,8.844000,249.537000,OK
4,10,adjacent,400,30,16,79,REV,E6,E5,E7,E8,20.477000,243.951000,OK
4,10,adjacent,400,30,16,80,FWD,E5,E6,E8,E9,59.023000,250.255000,OK
4,10,adjacent,400,30,16,81,REV,E6,E5,E8,E9,64.859000,244.430000,OK
4,10,adjacent,400,30,16,82,FWD,E5,E6,E9,E10,-50.023000,251.053000,OK
4,10,adjacent,400,30,16,83,REV,E6,E5,E9,E10,-46.680000,244.191000,OK
4,10,adjacent,400,30,16,84,FWD,E5,E6,E10,E11,17.945000,251.133000,OK
4,10,adjacent,400,30,16,85,REV,E6,E5,E10,E11,21.023000,245.148000,OK
4,10,adjacent,400,30,16,86,FWD,E5,E6,E11,E12,1.680000,252.011000,OK
4,10,adjacent,400,30,16,87,REV,E6,E5,E11,E12,4.430000,244.669000,OK
4,10,adjacent,400,30,16,88,FWD,E5,E6,E12,E1,-5.039000,252.091000,OK
4,10,adjacent,400,30,16,89,REV,E6,E5,E12,E1,-1.937000,245.467000,OK
4,10,adjacent,400,30,16,90,FWD,E6,E7,E1,E2,-29.648000,130.474000,OK
4,10,adjacent,400,30,16,91,REV,E7,E6,E1,E2,-26.617000,308.430000,OK
4,10,adjacent,400,30,16,92,FWD,E6,E7,E2,E3,32.313000,246.505000,OK
4,10,adjacent,400,30,16,93,REV,E7,E6,E2,E3,36.938000,272.520000,OK
4,10,adjacent,400,30,16,94,FWD,E6,E7,E3,E4,3.414000,260.470000,OK
4,10,adjacent,400,30,16,95,REV,E7,E6,E3,E4,10.297000,267.014000,OK
4,10,adjacent,400,30,16,96,FWD,E6,E7,E4,E5,5.219000,261.268000,OK
4,10,adjacent,400,30,16,97,REV,E7,E6,E4,E5,17.266000,265.657000,OK
4,10,adjacent,400,30,16,98,FWD,E6,E7,E8,E9,58.430000,263.023000,OK
4,10,adjacent,400,30,16,99,REV,E7,E6,E8,E9,70.758000,264.939000,OK
4,10,adjacent,400,30,16,100,FWD,E6,E7,E9,E10,-52.617000,263.183000,OK
4,10,adjacent,400,30,16,101,REV,E7,E6,E9,E10,-47.078000,264.859000,OK
4,10,adjacent,400,30,16,102,FWD,E6,E7,E10,E11,16.680000,263.582000,OK
4,10,adjacent,400,30,16,103,REV,E7,E6,E10,E11,21.078000,264.859000,OK
4,10,adjacent,400,30,16,104,FWD,E6,E7,E11,E12,1.141000,263.343000,OK
4,10,adjacent,400,30,16,105,REV,E7,E6,E11,E12,4.562000,264.460000,OK
4,10,adjacent,400,30,16,106,FWD,E6,E7,E12,E1,-6.836000,264.061000,OK
4,10,adjacent,400,30,16,107,REV,E7,E6,E12,E1,-3.383000,265.497000,OK
4,10,adjacent,400,30,16,108,FWD,E7,E8,E1,E2,-29.812000,101.507000,OK
4,10,adjacent,400,30,16,109,REV,E8,E7,E1,E2,-27.078000,285.368000,OK
4,10,adjacent,400,30,16,110,FWD,E7,E8,E2,E3,32.148000,226.634000,OK
4,10,adjacent,400,30,16,111,REV,E8,E7,E2,E3,35.734000,250.894000,OK
4,10,adjacent,400,30,16,112,FWD,E7,E8,E3,E4,4.250000,238.365000,OK
4,10,adjacent,400,30,16,113,REV,E8,E7,E3,E4,8.500000,246.106000,OK
4,10,adjacent,400,30,16,114,FWD,E7,E8,E4,E5,-1.234000,241.158000,OK
4,10,adjacent,400,30,16,115,REV,E8,E7,E4,E5,4.625000,245.388000,OK
4,10,adjacent,400,30,16,116,FWD,E7,E8,E5,E6,-33.430000,241.876000,OK
4,10,adjacent,400,30,16,117,REV,E8,E7,E5,E6,-22.844000,244.430000,OK
4,10,adjacent,400,30,16,118,FWD,E7,E8,E9,E10,-56.328000,242.435000,OK
4,10,adjacent,400,30,16,119,REV,E8,E7,E9,E10,-44.648000,245.068000,OK
4,10,adjacent,400,30,16,120,FWD,E7,E8,E10,E11,15.195000,242.036000,OK
4,10,adjacent,400,30,16,121,REV,E8,E7,E10,E11,21.789000,243.791000,OK
4,10,adjacent,400,30,16,122,FWD,E7,E8,E11,E12,0.687000,242.036000,OK
4,10,adjacent,400,30,16,123,REV,E8,E7,E11,E12,4.867000,244.430000,OK
4,10,adjacent,400,30,16,124,FWD,E7,E8,E12,E1,-8.344000,242.195000,OK
4,10,adjacent,400,30,16,125,REV,E8,E7,E12,E1,-4.883000,244.111000,OK
4,10,adjacent,400,30,16,126,FWD,E8,E9,E1,E2,-29.477000,68.629000,OK
4,10,adjacent,400,30,16,127,REV,E9,E8,E1,E2,-27.320000,253.687000,OK
4,10,adjacent,400,30,16,128,FWD,E8,E9,E2,E3,32.477000,193.198000,OK
4,10,adjacent,400,30,16,129,REV,E9,E8,E2,E3,35.148000,221.128000,OK
4,10,adjacent,400,30,16,130,FWD,E8,E9,E3,E4,5.164000,203.731000,OK
4,10,adjacent,400,30,16,131,REV,E9,E8,E3,E4,7.844000,216.579000,OK
4,10,adjacent,400,30,16,132,FWD,E8,E9,E4,E5,-2.078000,207.003000,OK
4,10,adjacent,400,30,16,133,REV,E9,E8,E4,E5,1.070000,215.941000,OK
4,10,adjacent,400,30,16,134,FWD,E8,E9,E5,E6,-37.063000,207.562000,OK
4,10,adjacent,400,30,16,135,REV,E9,E8,E5,E6,-32.688000,215.861000,OK
4,10,adjacent,400,30,16,136,FWD,E8,E9,E6,E7,11.555000,209.078000,OK
4,10,adjacent,400,30,16,137,REV,E9,E8,E6,E7,19.984000,215.382000,OK
4,10,adjacent,400,30,16,138,FWD,E8,E9,E10,E11,19.828000,209.318000,OK
4,10,adjacent,400,30,16,139,REV,E9,E8,E10,E11,33.898000,215.143000,OK
4,10,adjacent,400,30,16,140,FWD,E8,E9,E11,E12,1.469000,210.116000,OK
4,10,adjacent,400,30,16,141,REV,E9,E8,E11,E12,6.500000,216.659000,OK
4,10,adjacent,400,30,16,142,FWD,E8,E9,E12,E1,-9.641000,210.195000,OK
4,10,adjacent,400,30,16,143,REV,E9,E8,E12,E1,-6.094000,215.223000,OK
4,10,adjacent,400,30,16,144,FWD,E9,E10,E1,E2,-29.641000,94.085000,OK
4,10,adjacent,400,30,16,145,REV,E10,E9,E1,E2,-26.961000,252.250000,OK
4,10,adjacent,400,30,16,146,FWD,E9,E10,E2,E3,32.453000,212.988000,OK
4,10,adjacent,400,30,16,147,REV,E10,E9,E2,E3,35.227000,228.709000,OK
4,10,adjacent,400,30,16,148,FWD,E9,E10,E3,E4,5.648000,222.165000,OK
4,10,adjacent,400,30,16,149,REV,E10,E9,E3,E4,8.070000,226.076000,OK
4,10,adjacent,400,30,16,150,FWD,E9,E10,E4,E5,-2.734000,224.879000,OK
4,10,adjacent,400,30,16,151,REV,E10,E9,E4,E5,-0.328000,225.916000,OK
4,10,adjacent,400,30,16,152,FWD,E9,E10,E5,E6,-39.070000,225.517000,OK
4,10,adjacent,400,30,16,153,REV,E10,E9,E5,E6,-36.297000,225.357000,OK
4,10,adjacent,400,30,16,154,FWD,E9,E10,E6,E7,9.281000,226.874000,OK
4,10,adjacent,400,30,16,155,REV,E10,E9,E6,E7,13.586000,225.996000,OK
4,10,adjacent,400,30,16,156,FWD,E9,E10,E7,E8,27.773000,226.634000,OK
4,10,adjacent,400,30,16,157,REV,E10,E9,E7,E8,37.352000,226.235000,OK
4,10,adjacent,400,30,16,158,FWD,E9,E10,E11,E12,9.273000,227.432000,OK
4,10,adjacent,400,30,16,159,REV,E10,E9,E11,E12,22.680000,226.555000,OK
4,10,adjacent,400,30,16,160,FWD,E9,E10,E12,E1,-11.148000,227.911000,OK
4,10,adjacent,400,30,16,161,REV,E10,E9,E12,E1,-6.117000,226.315000,OK
4,10,adjacent,400,30,16,162,FWD,E10,E11,E1,E2,-30.117000,113.158000,OK
4,10,adjacent,400,30,16,163,REV,E11,E10,E1,E2,-25.523000,267.253000,OK
4,10,adjacent,400,30,16,164,FWD,E10,E11,E2,E3,32.008000,222.006000,OK
4,10,adjacent,400,30,16,165,REV,E11,E10,E2,E3,35.922000,241.078000,OK
4,10,adjacent,400,30,16,166,FWD,E10,E11,E3,E4,5.820000,231.103000,OK
4,10,adjacent,400,30,16,167,REV,E11,E10,E3,E4,8.766000,239.482000,OK
4,10,adjacent,400,30,16,168,FWD,E10,E11,E4,E5,-3.523000,233.657000,OK
4,10,adjacent,400,30,16,169,REV,E11,E10,E4,E5,-0.867000,238.445000,OK
4,10,adjacent,400,30,16,170,FWD,E10,E11,E5,E6,-41.070000,234.215000,OK
4,10,adjacent,400,30,16,171,REV,E11,E10,E5,E6,-38.375000,238.445000,OK
4,10,adjacent,400,30,16,172,FWD,E10,E11,E6,E7,8.617000,235.652000,OK
4,10,adjacent,400,30,16,173,REV,E11,E10,E6,E7,12.203000,239.482000,OK
4,10,adjacent,400,30,16,174,FWD,E10,E11,E7,E8,22.141000,235.572000,OK
4,10,adjacent,400,30,16,175,REV,E11,E10,E7,E8,28.062000,239.562000,OK
4,10,adjacent,400,30,16,176,FWD,E10,E11,E8,E9,36.258000,236.370000,OK
4,10,adjacent,400,30,16,177,REV,E11,E10,E8,E9,49.773000,239.722000,OK
4,10,adjacent,400,30,16,178,FWD,E10,E11,E12,E1,-8.680000,236.849000,OK
4,10,adjacent,400,30,16,179,REV,E11,E10,E12,E1,4.062000,239.163000,OK
4,10,adjacent,400,30,16,180,FWD,E11,E12,E1,E2,-30.430000,85.387000,OK
4,10,adjacent,400,30,16,181,REV,E12,E11,E1,E2,-23.250000,250.814000,OK
4,10,adjacent,400,30,16,182,FWD,E11,E12,E2,E3,31.656000,214.185000,OK
4,10,adjacent,400,30,16,183,REV,E12,E11,E2,E3,36.633000,226.475000,OK
4,10,adjacent,400,30,16,184,FWD,E11,E12,E3,E4,6.219000,223.043000,OK
4,10,adjacent,400,30,16,185,REV,E12,E11,E3,E4,9.375000,225.038000,OK
4,10,adjacent,400,30,16,186,FWD,E11,E12,E4,E5,-3.867000,225.118000,OK
4,10,adjacent,400,30,16,187,REV,E12,E11,E4,E5,-1.391000,224.559000,OK
4,10,adjacent,400,30,16,188,FWD,E11,E12,E5,E6,-42.523000,225.757000,OK
4,10,adjacent,400,30,16,189,REV,E12,E11,E5,E6,-40.266000,225.198000,OK
4,10,adjacent,400,30,16,190,FWD,E11,E12,E6,E7,8.805000,226.714000,OK
4,10,adjacent,400,30,16,191,REV,E12,E11,E6,E7,11.383000,225.437000,OK
4,10,adjacent,400,30,16,192,FWD,E11,E12,E7,E8,19.992000,226.794000,OK
4,10,adjacent,400,30,16,193,REV,E12,E11,E7,E8,23.453000,225.198000,OK
4,10,adjacent,400,30,16,194,FWD,E11,E12,E8,E9,41.500000,227.911000,OK
4,10,adjacent,400,30,16,195,REV,E12,E11,E8,E9,46.742000,226.156000,OK
4,10,adjacent,400,30,16,196,FWD,E11,E12,E9,E10,-53.008000,227.672000,OK
4,10,adjacent,400,30,16,197,REV,E12,E11,E9,E10,-40.563000,226.235000,OK
4,10,adjacent,400,30,16,198,FWD,E12,E1,E2,E3,31.414000,95.282000,OK
4,10,adjacent,400,30,16,199,REV,E1,E12,E2,E3,40.328000,254.964000,OK
4,10,adjacent,400,30,16,200,FWD,E12,E1,E3,E4,5.852000,213.308000,OK
4,10,adjacent,400,30,16,201,REV,E1,E12,E3,E4,10.711000,229.188000,OK
4,10,adjacent,400,30,16,202,FWD,E12,E1,E4,E5,-4.578000,221.128000,OK
4,10,adjacent,400,30,16,203,REV,E1,E12,E4,E5,-1.281000,227.672000,OK
4,10,adjacent,400,30,16,204,FWD,E12,E1,E5,E6,-44.023000,223.841000,OK
4,10,adjacent,400,30,16,205,REV,E1,E12,E5,E6,-41.477000,226.475000,OK
4,10,adjacent,400,30,16,206,FWD,E12,E1,E6,E7,8.711000,224.480000,OK
4,10,adjacent,400,30,16,207,REV,E1,E12,E6,E7,11.359000,226.634000,OK
4,10,adjacent,400,30,16,208,FWD,E12,E1,E7,E8,18.242000,225.038000,OK
4,10,adjacent,400,30,16,209,REV,E1,E12,E7,E8,21.234000,226.874000,OK
4,10,adjacent,400,30,16,210,FWD,E12,E1,E8,E9,44.844000,224.719000,OK
4,10,adjacent,400,30,16,211,REV,E1,E12,E8,E9,48.594000,226.714000,OK
4,10,adjacent,400,30,16,212,FWD,E12,E1,E9,E10,-42.844000,225.278000,OK
4,10,adjacent,400,30,16,213,REV,E1,E12,E9,E10,-38.031000,227.033000,OK
4,10,adjacent,400,30,16,214,FWD,E12,E1,E10,E11,25.242000,225.437000,OK
4,10,adjacent,400,30,16,215,REV,E1,E12,E10,E11,35.492000,227.512000,OK
5,11,adjacent,400,30,16,0,FWD,E1,E2,E3,E4,6.586000,96.320000,OK
5,11,adjacent,400,30,16,1,REV,E2,E1,E3,E4,13.844000,261.188000,OK
5,11,adjacent,400,30,16,2,FWD,E1,E2,E4,E5,-5.359000,225.836000,OK
5,11,adjacent,400,30,16,3,REV,E2,E1,E4,E5,-0.617000,236.450000,OK
5,11,adjacent,400,30,16,4,FWD,E1,E2,E5,E6,-45.477000,235.093000,OK
5,11,adjacent,400,30,16,5,REV,E2,E1,E5,E6,-42.281000,233.258000,OK
5,11,adjacent,400,30,16,6,FWD,E1,E2,E6,E7,8.672000,237.168000,OK
5,11,adjacent,400,30,16,7,REV,E2,E1,E6,E7,11.539000,232.300000,OK
5,11,adjacent,400,30,16,8,FWD,E1,E2,E7,E8,16.984000,238.126000,OK
5,11,adjacent,400,30,16,9,REV,E2,E1,E7,E8,19.797000,232.220000,OK
5,11,adjacent,400,30,16,10,FWD,E1,E2,E8,E9,48.258000,238.046000,OK
5,11,adjacent,400,30,16,11,REV,E2,E1,E8,E9,51.367000,232.220000,OK
5,11,adjacent,400,30,16,12,FWD,E1,E2,E9,E10,-43.102000,238.764000,OK
5,11,adjacent,400,30,16,13,REV,E2,E1,E9,E10,-39.805000,232.380000,OK
5,11,adjacent,400,30,16,14,FWD,E1,E2,E10,E11,23.867000,238.365000,OK
5,11,adjacent,400,30,16,15,REV,E2,E1,E10,E11,28.891000,232.220000,OK
5,11,adjacent,400,30,16,16,FWD,E1,E2,E11,E12,3.227000,239.323000,OK
5,11,adjacent,400,30,16,17,REV,E2,E1,E11,E12,12.492000,232.939000,OK
5,11,adjacent,400,30,16,18,FWD,E2,E3,E4,E5,-6.133000,101.586000,OK
5,11,adjacent,400,30,16,19,REV,E3,E2,E4,E5,2.633000,272.280000,OK
5,11,adjacent,400,30,16,20,FWD,E2,E3,E5,E6,-47.570000,208.919000,OK
5,11,adjacent,400,30,16,21,REV,E3,E2,E5,E6,-42.383000,238.764000,OK
5,11,adjacent,400,30,16,22,FWD,E2,E3,E6,E7,8.164000,219.452000,OK
5,11,adjacent,400,30,16,23,REV,E3,E2,E6,E7,12.070000,232.779000,OK
5,11,adjacent,400,30,16,24,FWD,E2,E3,E7,E8,15.563000,222.644000,OK
5,11,adjacent,400,30,16,25,REV,E3,E2,E7,E8,18.859000,231.981000,OK
5,11,adjacent,400,30,16,26,FWD,E2,E3,E8,E9,51.094000,222.165000,OK
5,11,adjacent,400,30,16,27,REV,E3,E2,E8,E9,54.289000,231.023000,OK
5,11,adjacent,400,30,16,28,FWD,E2,E3,E9,E10,-44.461000,223.602000,OK
5,11,adjacent,400,30,16,29,REV,E3,E2,E9,E10,-41.648000,230.944000,OK
5,11,adjacent,400,30,16,30,FWD,E2,E3,E10,E11,21.250000,222.963000,OK
5,11,adjacent,400,30,16,31,REV,E3,E2,E10,E11,25.047000,230.545000,OK
5,11,adjacent,400,30,16,32,FWD,E2,E3,E11,E12,2.047000,223.761000,OK
5,11,adjacent,400,30,16,33,REV,E3,E2,E11,E12,7.422000,231.183000,OK
5,11,adjacent,400,30,16,34,FWD,E2,E3,E12,E1,-0.187000,223.442000,OK
5,11,adjacent,400,30,16,35,REV,E3,E2,E12,E1,10.859000,230.465000,OK
5,11,adjacent,400,30,16,36,FWD,E3,E4,E1,E2,7.234000,78.684000,OK
5,11,adjacent,400,30,16,37,REV,E4,E3,E1,E2,4.297000,247.782000,OK
5,11,adjacent,400,30,16,38,FWD,E3,E4,E5,E6,-49.797000,201.337000,OK
5,11,adjacent,400,30,16,39,REV,E4,E3,E5,E6,-38.164000,220.410000,OK
5,11,adjacent,400,30,16,40,FWD,E3,E4,E6,E7,7.742000,211.951000,OK
5,11,adjacent,400,30,16,41,REV,E4,E3,E6,E7,12.813000,217.936000,OK
5,11,adjacent,400,30,16,42,FWD,E3,E4,E7,E8,14.477000,213.627000,OK
5,11,adjacent,400,30,16,43,REV,E4,E3,E7,E8,17.984000,217.457000,OK
5,11,adjacent,400,30,16,44,FWD,E3,E4,E8,E9,54.477000,215.063000,OK
5,11,adjacent,400,30,16,45,REV,E4,E3,E8,E9,57.336000,217.058000,OK
5,11,adjacent,400,30,16,46,FWD,E3,E4,E9,E10,-45.852000,215.542000,OK
5,11,adjacent,400,30,16,47,REV,E4,E3,E9,E10,-43.680000,216.819000,OK
5,11,adjacent,400,30,16,48,FWD,E3,E4,E10,E11,20.023000,215.622000,OK
5,11,adjacent,400,30,16,49,REV,E4,E3,E10,E11,22.578000,217.377000,OK
5,11,adjacent,400,30,16,50,FWD,E3,E4,E11,E12,2.250000,215.861000,OK
5,11,adjacent,400,30,16,51,REV,E4,E3,E11,E12,5.320000,217.138000,OK
5,11,adjacent,400,30,16,52,FWD,E3,E4,E12,E1,-1.594000,216.500000,OK
5,11,adjacent,400,30,16,53,REV,E4,E3,E12,E1,3.125000,217.537000,OK
5,11,adjacent,400,30,16,54,FWD,E4,E5,E1,E2,-25.539000,91.931000,OK
5,11,adjacent,400,30,16,55,REV,E5,E4,E1,E2,-22.141000,258.794000,OK
5,11,adjacent,400,30,16,56,FWD,E4,E5,E2,E3,51.648000,213.866000,OK
5,11,adjacent,400,30,16,57,REV,E5,E4,E2,E3,57.125000,231.981000,OK
5,11,adjacent,400,30,16,58,FWD,E4,E5,E6,E7,5.203000,222.325000,OK
5,11,adjacent,400,30,16,59,REV,E5,E4,E6,E7,15.563000,229.348000,OK
5,11,adjacent,400,30,16,60,FWD,E4,E5,E7,E8,12.750000,225.836000,OK
5,11,adjacent,400,30,16,61,REV,E5,E4,E7,E8,17.992000,229.108000,OK
5,11,adjacent,400,30,16,62,FWD,E4,E5,E8,E9,57.070000,226.794000,OK
5,11,adjacent,400,30,16,63,REV,E5,E4,E8,E9,60.617000,228.310000,OK
5,11,adjacent,400,30,16,64,FWD,E4,E5,E9,E10,-47.641000,227.432000,OK
5,11,adjacent,400,30,16,65,REV,E5,E4,E9,E10,-45.273000,229.427000,OK
5,11,adjacent,400,30,16,66,FWD,E4,E5,E10,E11,18.883000,227.592000,OK
5,11,adjacent,400,30,16,67,REV,E5,E4,E10,E11,21.336000,228.629000,OK
5,11,adjacent,400,30,16,68,FWD,E4,E5,E11,E12,2.000000,228.390000,OK
5,11,adjacent,400,30,16,69,REV,E5,E4,E11,E12,4.586000,228.789000,OK
5,11,adjacent,400,30,16,70,FWD,E4,E5,E12,E1,-3.336000,227.672000,OK
5,11,adjacent,400,30,16,71,REV,E5,E4,E12,E1,0.000000,229.268000,OK
5,11,adjacent,400,30,16,72,FWD,E5,E6,E1,E2,-28.773000,108.689000,OK
5,11,adjacent,400,30,16,73,REV,E6,E5,E1,E2,-25.773000,274.435000,OK
5,11,adjacent,400,30,16,74,FWD,E5,E6,E2,E3,33.922000,236.769000,OK
5,11,adjacent,400,30,16,75,REV,E6,E5,E2,E3,39.578000,248.420000,OK
5,11,adjacent,400,30,16,76,FWD,E5,E6,E3,E4,13.266000,248.021000,OK
5,11,adjacent,400,30,16,77,REV,E6,E5,E3,E4,23.914000,244.749000,OK
5,11,adjacent,400,30,16,78,FWD,E5,E6,E7,E8,9.109000,249.936000,OK
5,11,adjacent,400,30,16,79,REV,E6,E5,E7,E8,20.781000,244.909000,OK
5,11,adjacent,400,30,16,80,FWD,E5,E6,E8,E9,58.781000,250.734000,OK
5,11,adjacent,400,30,16,81,REV,E6,E5,E8,E9,64.555000,244.510000,OK
5,11,adjacent,400,30,16,82,FWD,E5,E6,E9,E10,-49.656000,251.133000,OK
5,11,adjacent,400,30,16,83,REV,E6,E5,E9,E10,-46.328000,244.430000,OK
5,11,adjacent,400,30,16,84,FWD,E5,E6,E10,E11,17.875000,252.410000,OK
5,11,adjacent,400,30,16,85,REV,E6,E5,E10,E11,20.945000,244.270000,OK
5,11,adjacent,400,30,16,86,FWD,E5,E6,E11,E12,1.641000,251.293000,OK
5,11,adjacent,400,30,16,87,REV,E6,E5,E11,E12,4.406000,244.829000,OK
5,11,adjacent,400,30,16,88,FWD,E5,E6,E12,E1,-5.078000,251.931000,OK
5,11,adjacent,400,30,16,89,REV,E6,E5,E12,E1,-1.961000,244.350000,OK
5,11,adjacent,400,30,16,90,FWD,E6,E7,E1,E2,-29.695000,130.474000,OK
5,11,adjacent,400,30,16,91,REV,E7,E6,E1,E2,-26.734000,308.191000,OK
5,11,adjacent,400,30,16,92,FWD,E6,E7,E2,E3,32.102000,246.425000,OK
5,11,adjacent,400,30,16,93,REV,E7,E6,E2,E3,36.844000,272.041000,OK
5,11,adjacent,400,30,16,94,FWD,E6,E7,E3,E4,3.422000,259.512000,OK
5,11,adjacent,400,30,16,95,REV,E7,E6,E3,E4,10.266000,266.615000,OK
5,11,adjacent,400,30,16,96,FWD,E6,E7,E4,E5,5.180000,262.146000,OK
5,11,adjacent,400,30,16,97,REV,E7,E6,E4,E5,17.336000,265.896000,OK
5,11,adjacent,400,30,16,98,FWD,E6,E7,E8,E9,58.078000,262.784000,OK
5,11,adjacent,400,30,16,99,REV,E7,E6,E8,E9,70.508000,265.098000,OK
5,11,adjacent,400,30,16,100,FWD,E6,E7,E9,E10,-52.258000,263.502000,OK
5,11,adjacent,400,30,16,101,REV,E7,E6,E9,E10,-46.750000,265.019000,OK
5,11,adjacent,400,30,16,102,FWD,E6,E7,E10,E11,16.648000,263.023000,OK
5,11,adjacent,400,30,16,103,REV,E7,E6,E10,E11,21.016000,264.939000,OK
5,11,adjacent,400,30,16,104,FWD,E6,E7,E11,E12,1.109000,263.742000,OK
5,11,adjacent,400,30,16,105,REV,E7,E6,E11,E12,4.500000,265.418000,OK
5,11,adjacent,400,30,16,106,FWD,E6,E7,E12,E1,-6.906000,263.662000,OK
5,11,adjacent,400,30,16,107,REV,E7,E6,E12,E1,-3.500000,264.859000,OK
5,11,adjacent,400,30,16,108,FWD,E7,E8,E1,E2,-29.852000,101.985000,OK
5,11,adjacent,400,30,16,109,REV,E8,E7,E1,E2,-27.109000,286.405000,OK
5,11,adjacent,400,30,16,110,FWD,E7,E8,E2,E3,32.000000,226.076000,OK
5,11,adjacent,400,30,16,111,REV,E8,E7,E2,E3,35.617000,250.734000,OK
5,11,adjacent,400,30,16,112,FWD,E7,E8,E3,E4,4.219000,238.604000,OK
5,11,adjacent,400,30,16,113,REV,E8,E7,E3,E4,8.461000,246.744000,OK
5,11,adjacent,400,30,16,114,FWD,E7,E8,E4,E5,-1.234000,240.520000,OK
5,11,adjacent,400,30,16,115,REV,E8,E7,E4,E5,4.656000,244.430000,OK
5,11,adjacent,400,30,16,116,FWD,E7,E8,E5,E6,-33.273000,241.637000,OK
5,11,adjacent,400,30,16,117,REV,E8,E7,E5,E6,-22.758000,244.191000,OK
5,11,adjacent,400,30,16,118,FWD,E7,E8,E9,E10,-55.938000,241.637000,OK
5,11,adjacent,400,30,16,119,REV,E8,E7,E9,E10,-44.328000,243.871000,OK
5,11,adjacent,400,30,16,120,FWD,E7,E8,E10,E11,15.156000,241.876000,OK
5,11,adjacent,400,30,16,121,REV,E8,E7,E10,E11,21.773000,244.510000,OK
5,11,adjacent,400,30,16,122,FWD,E7,E8,E11,E12,0.648000,242.754000,OK
5,11,adjacent,400,30,16,123,REV,E8,E7,E11,E12,4.766000,243.472000,OK
5,11,adjacent,400,30,16,124,FWD,E7,E8,E12,E1,-8.508000,242.674000,OK
5,11,adjacent,400,30,16,125,REV,E8,E7,E12,E1,-4.961000,244.270000,OK
5,11,adjacent,400,30,16,126,FWD,E8,E9,E1,E2,-29.523000,68.788000,OK
5,11,adjacent,400,30,16,127,REV,E9,E8,E1,E2,-27.320000,253.846000,OK
5,11,adjacent,400,30,16,128,FWD,E8,E9,E2,E3,32.359000,193.357000,OK
5,11,adjacent,400,30,16,129,REV,E9,E8,E2,E3,35.023000,222.006000,OK
5,11,adjacent,400,30,16,130,FWD,E8,E9,E3,E4,5.133000,204.529000,OK
5,11,adjacent,400,30,16,131,REV,E9,E8,E3,E4,7.859000,217.138000,OK
5,11,adjacent,400,30,16,132,FWD,E8,E9,E4,E5,-2.070000,206.844000,OK
5,11,adjacent,400,30,16,133,REV,E9,E8,E4,E5,1.008000,216.260000,OK
5,11,adjacent,400,30,16,134,FWD,E8,E9,E5,E6,-36.836000,208.998000,OK
5,11,adjacent,400,30,16,135,REV,E9,E8,E5,E6,-32.445000,216.340000,OK
5,11,adjacent,400,30,16,136,FWD,E8,E9,E6,E7,11.367000,208.440000,OK
5,11,adjacent,400,30,16,137,REV,E9,E8,E6,E7,19.781000,215.861000,OK
5,11,adjacent,400,30,16,138,FWD,E8,E9,E10,E11,19.867000,210.116000,OK
5,11,adjacent,400,30,16,139,REV,E9,E8,E10,E11,33.930000,215.462000,OK
5,11,adjacent,400,30,16,140,FWD,E8,E9,E11,E12,1.367000,209.637000,OK
5,11,adjacent,400,30,16,141,REV,E9,E8,E11,E12,6.461000,215.542000,OK
5,11,adjacent,400,30,16,142,FWD,E8,E9,E12,E1,-9.750000,210.116000,OK
5,11,adjacent,400,30,16,143,REV,E9,E8,E12,E1,-6.297000,215.941000,OK
5,11,adjacent,400,30,16,144,FWD,E9,E10,E1,E2,-29.578000,92.888000,OK
5,11,adjacent,400,30,16,145,REV,E10,E9,E1,E2,-26.875000,251.931000,OK
5,11,adjacent,400,30,16,146,FWD,E9,E10,E2,E3,32.352000,213.547000,OK
5,11,adjacent,400,30,16,147,REV,E10,E9,E2,E3,35.086000,229.188000,OK
5,11,adjacent,400,30,16,148,FWD,E9,E10,E3,E4,5.664000,221.687000,OK
5,11,adjacent,400,30,16,149,REV,E10,E9,E3,E4,8.063000,226.235000,OK
5,11,adjacent,400,30,16,150,FWD,E9,E10,E4,E5,-2.773000,224.480000,OK
5,11,adjacent,400,30,16,151,REV,E10,E9,E4,E5,-0.344000,225.996000,OK
5,11,adjacent,400,30,16,152,FWD,E9,E10,E5,E6,-38.789000,224.958000,OK
5,11,adjacent,400,30,16,153,REV,E10,E9,E5,E6,-35.945000,225.677000,OK
5,11,adjacent,400,30,16,154,FWD,E9,E10,E6,E7,9.078000,226.156000,OK
5,11,adjacent,400,30,16,155,REV,E10,E9,E6,E7,13.398000,226.315000,OK
5,11,adjacent,400,30,16,156,FWD,E9,E10,E7,E8,27.641000,227.193000,OK
5,11,adjacent,400,30,16,157,REV,E10,E9,E7,E8,37.305000,226.634000,OK
5,11,adjacent,400,30,16,158,FWD,E9,E10,E11,E12,9.281000,227.592000,OK
5,11,adjacent,400,30,16,159,REV,E10,E9,E11,E12,22.672000,227.273000,OK
5,11,adjacent,400,30,16,160,FWD,E9,E10,E12,E1,-11.484000,228.310000,OK
5,11,adjacent,400,30,16,161,REV,E10,E9,E12,E1,-6.469000,226.634000,OK
5,11,adjacent,400,30,16,162,FWD,E10,E11,E1,E2,-29.812000,114.035000,OK
5,11,adjacent,400,30,16,163,REV,E11,E10,E1,E2,-25.266000,267.014000,OK
5,11,adjacent,400,30,16,164,FWD,E10,E11,E2,E3,31.875000,222.325000,OK
5,11,adjacent,400,30,16,165,REV,E11,E10,E2,E3,35.781000,241.318000,OK
5,11,adjacent,400,30,16,166,FWD,E10,E11,E3,E4,5.812000,231.343000,OK
5,11,adjacent,400,30,16,167,REV,E11,E10,E3,E4,8.781000,239.402000,OK
5,11,adjacent,400,30,16,168,FWD,E10,E11,E4,E5,-3.531000,233.098000,OK
5,11,adjacent,400,30,16,169,REV,E11,E10,E4,E5,-0.898000,238.205000,OK
5,11,adjacent,400,30,16,170,FWD,E10,E11,E5,E6,-40.711000,233.896000,OK
5,11,adjacent,400,30,16,171,REV,E11,E10,E5,E6,-38.008000,238.844000,OK
5,11,adjacent,400,30,16,172,FWD,E10,E11,E6,E7,8.328000,235.492000,OK
5,11,adjacent,400,30,16,173,REV,E11,E10,E6,E7,11.922000,237.966000,OK
5,11,adjacent,400,30,16,174,FWD,E10,E11,E7,E8,22.047000,235.173000,OK
5,11,adjacent,400,30,16,175,REV,E11,E10,E7,E8,27.992000,239.482000,OK
5,11,adjacent,400,30,16,176,FWD,E10,E11,E8,E9,36.461000,235.971000,OK
5,11,adjacent,400,30,16,177,REV,E11,E10,E8,E9,49.969000,238.764000,OK
5,11,adjacent,400,30,16,178,FWD,E10,E11,E12,E1,-9.219000,236.609000,OK
5,11,adjacent,400,30,16,179,REV,E11,E10,E12,E1,3.672000,240.121000,OK
5,11,adjacent,400,30,16,180,FWD,E11,E12,E1,E2,-30.109000,85.467000,OK
5,11,adjacent,400,30,16,181,REV,E12,E11,E1,E2,-22.953000,250.335000,OK
5,11,adjacent,400,30,16,182,FWD,E11,E12,E2,E3,31.508000,214.904000,OK
5,11,adjacent,400,30,16,183,REV,E12,E11,E2,E3,36.523000,227.592000,OK
5,11,adjacent,400,30,16,184,FWD,E11,E12,E3,E4,6.195000,224.160000,OK
5,11,adjacent,400,30,16,185,REV,E12,E11,E3,E4,9.313000,224.879000,OK
5,11,adjacent,400,30,16,186,FWD,E11,E12,E4,E5,-3.883000,224.958000,OK
5,11,adjacent,400,30,16,187,REV,E12,E11,E4,E5,-1.367000,225.198000,OK
5,11,adjacent,400,30,16,188,FWD,E11,E12,E5,E6,-42.094000,226.235000,OK
5,11,adjacent,400,30,16,189,REV,E12,E11,E5,E6,-39.859000,224.799000,OK
5,11,adjacent,400,30,16,190,FWD,E11,E12,E6,E7,8.516000,226.794000,OK
5,11,adjacent,400,30,16,191,REV,E12,E11,E6,E7,11.094000,225.357000,OK
5,11,adjacent,400,30,16,192,FWD,E11,E12,E7,E8,19.852000,227.273000,OK
5,11,adjacent,400,30,16,193,REV,E12,E11,E7,E8,23.367000,225.357000,OK
5,11,adjacent,400,30,16,194,FWD,E11,E12,E8,E9,41.625000,227.273000,OK
5,11,adjacent,400,30,16,195,REV,E12,E11,E8,E9,46.859000,225.757000,OK
5,11,adjacent,400,30,16,196,FWD,E11,E12,E9,E10,-53.086000,228.470000,OK
5,11,adjacent,400,30,16,197,REV,E12,E11,E9,E10,-40.609000,226.156000,OK
5,11,adjacent,400,30,16,198,FWD,E12,E1,E2,E3,31.234000,95.202000,OK
5,11,adjacent,400,30,16,199,REV,E1,E12,E2,E3,40.172000,255.123000,OK
5,11,adjacent,400,30,16,200,FWD,E12,E1,E3,E4,5.867000,213.148000,OK
5,11,adjacent,400,30,16,201,REV,E1,E12,E3,E4,10.648000,229.268000,OK
5,11,adjacent,400,30,16,202,FWD,E12,E1,E4,E5,-4.578000,221.527000,OK
5,11,adjacent,400,30,16,203,REV,E1,E12,E4,E5,-1.258000,226.634000,OK
5,11,adjacent,400,30,16,204,FWD,E12,E1,E5,E6,-43.594000,223.761000,OK
5,11,adjacent,400,30,16,205,REV,E1,E12,E5,E6,-41.000000,226.714000,OK
5,11,adjacent,400,30,16,206,FWD,E12,E1,E6,E7,8.406000,224.400000,OK
5,11,adjacent,400,30,16,207,REV,E1,E12,E6,E7,11.063000,226.555000,OK
5,11,adjacent,400,30,16,208,FWD,E12,E1,E7,E8,18.164000,224.799000,OK
5,11,adjacent,400,30,16,209,REV,E1,E12,E7,E8,21.156000,227.113000,OK
5,11,adjacent,400,30,16,210,FWD,E12,E1,E8,E9,44.930000,225.278000,OK
5,11,adjacent,400,30,16,211,REV,E1,E12,E8,E9,48.688000,226.954000,OK
5,11,adjacent,400,30,16,212,FWD,E12,E1,E9,E10,-42.836000,225.836000,OK
5,11,adjacent,400,30,16,213,REV,E1,E12,E9,E10,-37.961000,226.395000,OK
5,11,adjacent,400,30,16,214,FWD,E12,E1,E10,E11,25.305000,224.799000,OK
5,11,adjacent,400,30,16,215,REV,E1,E12,E10,E11,35.531000,227.193000,OK
6,12,adjacent,400,30,16,0,FWD,E1,E2,E3,E4,6.531000,96.080000,OK
6,12,adjacent,400,30,16,1,REV,E2,E1,E3,E4,13.797000,261.108000,OK
6,12,adjacent,400,30,16,2,FWD,E1,E2,E4,E5,-5.383000,224.958000,OK
6,12,adjacent,400,30,16,3,REV,E2,E1,E4,E5,-0.625000,236.689000,OK
6,12,adjacent,400,30,16,4,FWD,E1,E2,E5,E6,-45.070000,235.891000,OK
6,12,adjacent,400,30,16,5,REV,E2,E1,E5,E6,-41.836000,233.258000,OK
6,12,adjacent,400,30,16,6,FWD,E1,E2,E6,E7,8.422000,237.088000,OK
6,12,adjacent,400,30,16,7,REV,E2,E1,E6,E7,11.273000,233.816000,OK
6,12,adjacent,400,30,16,8,FWD,E1,E2,E7,E8,16.914000,238.445000,OK
6,12,adjacent,400,30,16,9,REV,E2,E1,E7,E8,19.711000,232.300000,OK
6,12,adjacent,400,30,16,10,FWD,E1,E2,E8,E9,48.281000,238.525000,OK
6,12,adjacent,400,30,16,11,REV,E2,E1,E8,E9,51.414000,232.779000,OK
6,12,adjacent,400,30,16,12,FWD,E1,E2,E9,E10,-43.094000,238.525000,OK
6,12,adjacent,400,30,16,13,REV,E2,E1,E9,E10,-39.797000,232.779000,OK
6,12,adjacent,400,30,16,14,FWD,E1,E2,E10,E11,23.891000,238.604000,OK
6,12,adjacent,400,30,16,15,REV,E2,E1,E10,E11,28.891000,232.460000,OK
6,12,adjacent,400,30,16,16,FWD,E1,E2,E11,E12,2.922000,239.482000,OK
6,12,adjacent,400,30,16,17,REV,E2,E1,E11,E12,12.227000,232.300000,OK
6,12,adjacent,400,30,16,18,FWD,E2,E3,E4,E5,-6.062000,100.469000,OK
6,12,adjacent,400,30,16,19,REV,E3,E2,E4,E5,2.703000,272.041000,OK
6,12,adjacent,400,30,16,20,FWD,E2,E3,E5,E6,-47.117000,208.599000,OK
6,12,adjacent,400,30,16,21,REV,E3,E2,E5,E6,-41.930000,237.168000,OK
6,12,adjacent,400,30,16,22,FWD,E2,E3,E6,E7,7.820000,219.692000,OK
6,12,adjacent,400,30,16,23,REV,E3,E2,E6,E7,11.758000,232.300000,OK
6,12,adjacent,400,30,16,24,FWD,E2,E3,E7,E8,15.430000,221.926000,OK
6,12,adjacent,400,30,16,25,REV,E3,E2,E7,E8,18.758000,231.103000,OK
6,12,adjacent,400,30,16,26,FWD,E2,E3,E8,E9,51.117000,222.485000,OK
6,12,adjacent,400,30,16,27,REV,E3,E2,E8,E9,54.320000,231.582000,OK
6,12,adjacent,400,30,16,28,FWD,E2,E3,E9,E10,-44.430000,223.522000,OK
6,12,adjacent,400,30,16,29,REV,E3,E2,E9,E10,-41.609000,231.183000,OK
6,12,adjacent,400,30,16,30,FWD,E2,E3,E10,E11,21.344000,223.522000,OK
6,12,adjacent,400,30,16,31,REV,E3,E2,E10,E11,25.117000,231.343000,OK
6,12,adjacent,400,30,16,32,FWD,E2,E3,E11,E12,1.727000,224.480000,OK
6,12,adjacent,400,30,16,33,REV,E3,E2,E11,E12,7.125000,230.944000,OK
6,12,adjacent,400,30,16,34,FWD,E2,E3,E12,E1,-0.250000,223.602000,OK
6,12,adjacent,400,30,16,35,REV,E3,E2,E12,E1,10.781000,231.502000,OK
6,12,adjacent,400,30,16,36,FWD,E3,E4,E1,E2,7.203000,78.684000,OK
6,12,adjacent,400,30,16,37,REV,E4,E3,E1,E2,4.398000,247.063000,OK
6,12,adjacent,400,30,16,38,FWD,E3,E4,E5,E6,-49.250000,201.018000,OK
6,12,adjacent,400,30,16,39,REV,E4,E3,E5,E6,-37.672000,220.809000,OK
6,12,adjacent,400,30,16,40,FWD,E3,E4,E6,E7,7.375000,210.834000,OK
6,12,adjacent,400,30,16,41,REV,E4,E3,E6,E7,12.500000,217.218000,OK
6,12,adjacent,400,30,16,42,FWD,E3,E4,E7,E8,14.391000,213.228000,OK
6,12,adjacent,400,30,16,43,REV,E4,E3,E7,E8,17.883000,216.899000,OK
6,12,adjacent,400,30,16,44,FWD,E3,E4,E8,E9,54.500000,214.106000,OK
6,12,adjacent,400,30,16,45,REV,E4,E3,E8,E9,57.352000,216.340000,OK
6,12,adjacent,400,30,16,46,FWD,E3,E4,E9,E10,-45.852000,214.664000,OK
6,12,adjacent,400,30,16,47,REV,E4,E3,E9,E10,-43.672000,217.058000,OK
6,12,adjacent,400,30,16,48,FWD,E3,E4,E10,E11,20.148000,215.702000,OK
6,12,adjacent,400,30,16,49,REV,E4,E3,E10,E11,22.727000,216.500000,OK
6,12,adjacent,400,30,16,50,FWD,E3,E4,E11,E12,1.945000,215.941000,OK
6,12,adjacent,400,30,16,51,REV,E4,E3,E11,E12,4.977000,217.936000,OK
6,12,adjacent,400,30,16,52,FWD,E3,E4,E12,E1,-1.641000,216.899000,OK
6,12,adjacent,400,30,16,53,REV,E4,E3,E12,E1,3.031000,216.819000,OK
6,12,adjacent,400,30,16,54,FWD,E4,E5,E1,E2,-25.445000,93.048000,OK
6,12,adjacent,400,30,16,55,REV,E5,E4,E1,E2,-22.039000,259.592000,OK
6,12,adjacent,400,30,16,56,FWD,E4,E5,E2,E3,51.719000,213.387000,OK
6,12,adjacent,400,30,16,57,REV,E5,E4,E2,E3,57.133000,231.981000,OK
6,12,adjacent,400,30,16,58,FWD,E4,E5,E6,E7,4.906000,223.203000,OK
6,12,adjacent,400,30,16,59,REV,E5,E4,E6,E7,15.250000,229.268000,OK
6,12,adjacent,400,30,16,60,FWD,E4,E5,E7,E8,12.656000,225.198000,OK
6,12,adjacent,400,30,16,61,REV,E5,E4,E7,E8,17.898000,227.831000,OK
6,12,adjacent,400,30,16,62,FWD,E4,E5,E8,E9,57.125000,226.156000,OK
6,12,adjacent,400,30,16,63,REV,E5,E4,E8,E9,60.656000,228.550000,OK
6,12,adjacent,400,30,16,64,FWD,E4,E5,E9,E10,-47.656000,226.874000,OK
6,12,adjacent,400,30,16,65,REV,E5,E4,E9,E10,-45.313000,228.310000,OK
6,12,adjacent,400,30,16,66,FWD,E4,E5,E10,E11,19.023000,227.193000,OK
6,12,adjacent,400,30,16,67,REV,E5,E4,E10,E11,21.508000,228.789000,OK
6,12,adjacent,400,30,16,68,FWD,E4,E5,E11,E12,1.695000,227.831000,OK
6,12,adjacent,400,30,16,69,REV,E5,E4,E11,E12,4.273000,228.629000,OK
6,12,adjacent,400,30,16,70,FWD,E4,E5,E12,E1,-3.547000,228.470000,OK
6,12,adjacent,400,30,16,71,REV,E5,E4,E12,E1,-0.125000,229.348000,OK
6,12,adjacent,400,30,16,72,FWD,E5,E6,E1,E2,-28.578000,108.449000,OK
6,12,adjacent,400,30,16,73,REV,E6,E5,E1,E2,-25.562000,274.914000,OK
6,12,adjacent,400,30,16,74,FWD,E5,E6,E2,E3,33.961000,237.008000,OK
6,12,adjacent,400,30,16,75,REV,E6,E5,E2,E3,39.633000,249.058000,OK
6,12,adjacent,400,30,16,76,FWD,E5,E6,E3,E4,13.180000,248.021000,OK
6,12,adjacent,400,30,16,77,REV,E6,E5,E3,E4,23.820000,244.909000,OK
6,12,adjacent,400,30,16,78,FWD,E5,E6,E7,E8,9.102000,249.777000,OK
6,12,adjacent,400,30,16,79,REV,E6,E5,E7,E8,20.680000,245.228000,OK
6,12,adjacent,400,30,16,80,FWD,E5,E6,E8,E9,58.836000,250.974000,OK
6,12,adjacent,400,30,16,81,REV,E6,E5,E8,E9,64.641000,244.191000,OK
6,12,adjacent,400,30,16,82,FWD,E5,E6,E9,E10,-49.695000,251.213000,OK
6,12,adjacent,400,30,16,83,REV,E6,E5,E9,E10,-46.375000,244.749000,OK
6,12,adjacent,400,30,16,84,FWD,E5,E6,E10,E11,18.047000,250.415000,OK
6,12,adjacent,400,30,16,85,REV,E6,E5,E10,E11,21.102000,244.350000,OK
6,12,adjacent,400,30,16,86,FWD,E5,E6,E11,E12,1.344000,251.612000,OK
6,12,adjacent,400,30,16,87,REV,E6,E5,E11,E12,4.109000,244.669000,OK
6,12,adjacent,400,30,16,88,FWD,E5,E6,E12,E1,-5.289000,251.213000,OK
6,12,adjacent,400,30,16,89,REV,E6,E5,E12,E1,-2.203000,244.590000,OK
6,12,adjacent,400,30,16,90,FWD,E6,E7,E1,E2,-29.469000,130.155000,OK
6,12,adjacent,400,30,16,91,REV,E7,E6,E1,E2,-26.453000,308.350000,OK
6,12,adjacent,400,30,16,92,FWD,E6,E7,E2,E3,32.211000,246.345000,OK
6,12,adjacent,400,30,16,93,REV,E7,E6,E2,E3,36.930000,271.881000,OK
6,12,adjacent,400,30,16,94,FWD,E6,E7,E3,E4,3.305000,259.831000,OK
6,12,adjacent,400,30,16,95,REV,E7,E6,E3,E4,10.203000,267.253000,OK
6,12,adjacent,400,30,16,96,FWD,E6,E7,E4,E5,5.344000,262.545000,OK
6,12,adjacent,400,30,16,97,REV,E7,E6,E4,E5,17.453000,265.418000,OK
6,12,adjacent,400,30,16,98,FWD,E6,E7,E8,E9,58.250000,263.742000,OK
6,12,adjacent,400,30,16,99,REV,E7,E6,E8,E9,70.570000,265.816000,OK
6,12,adjacent,400,30,16,100,FWD,E6,E7,E9,E10,-52.320000,262.944000,OK
6,12,adjacent,400,30,16,101,REV,E7,E6,E9,E10,-46.852000,265.019000,OK
6,12,adjacent,400,30,16,102,FWD,E6,E7,E10,E11,16.828000,263.981000,OK
6,12,adjacent,400,30,16,103,REV,E7,E6,E10,E11,21.203000,265.178000,OK
6,12,adjacent,400,30,16,104,FWD,E6,E7,E11,E12,0.820000,263.582000,OK
6,12,adjacent,400,30,16,105,REV,E7,E6,E11,E12,4.211000,264.939000,OK
6,12,adjacent,400,30,16,106,FWD,E6,E7,E12,E1,-7.109000,263.422000,OK
6,12,adjacent,400,30,16,107,REV,E7,E6,E12,E1,-3.711000,265.258000,OK
6,12,adjacent,400,30,16,108,FWD,E7,E8,E1,E2,-29.578000,101.826000,OK
6,12,adjacent,400,30,16,109,REV,E8,E7,E1,E2,-26.859000,285.687000,OK
6,12,adjacent,400,30,16,110,FWD,E7,E8,E2,E3,32.063000,226.555000,OK
6,12,adjacent,400,30,16,111,REV,E8,E7,E2,E3,35.680000,250.734000,OK
6,12,adjacent,400,30,16,112,FWD,E7,E8,E3,E4,4.187000,238.684000,OK
6,12,adjacent,400,30,16,113,REV,E8,E7,E3,E4,8.414000,245.467000,OK
6,12,adjacent,400,30,16,114,FWD,E7,E8,E4,E5,-1.070000,241.318000,OK
6,12,adjacent,400,30,16,115,REV,E8,E7,E4,E5,4.820000,245.787000,OK
6,12,adjacent,400,30,16,116,FWD,E7,E8,E5,E6,-33.328000,241.637000,OK
6,12,adjacent,400,30,16,117,REV,E8,E7,E5,E6,-22.734000,244.749000,OK
6,12,adjacent,400,30,16,118,FWD,E7,E8,E9,E10,-55.977000,242.275000,OK
6,12,adjacent,400,30,16,119,REV,E8,E7,E9,E10,-44.336000,244.430000,OK
6,12,adjacent,400,30,16,120,FWD,E7,E8,E10,E11,15.313000,242.195000,OK
6,12,adjacent,400,30,16,121,REV,E8,E7,E10,E11,21.953000,244.350000,OK
6,12,adjacent,400,30,16,122,FWD,E7,E8,E11,E12,0.352000,242.834000,OK
6,12,adjacent,400,30,16,123,REV,E8,E7,E11,E12,4.508000,244.590000,OK
6,12,adjacent,400,30,16,124,FWD,E7,E8,E12,E1,-8.773000,242.275000,OK
6,12,adjacent,400,30,16,125,REV,E8,E7,E12,E1,-5.266000,243.712000,OK
6,12,adjacent,400,30,16,126,FWD,E8,E9,E1,E2,-29.164000,69.028000,OK
6,12,adjacent,400,30,16,127,REV,E9,E8,E1,E2,-26.977000,254.325000,OK
6,12,adjacent,400,30,16,128,FWD,E8,E9,E2,E3,32.422000,192.719000,OK
6,12,adjacent,400,30,16,129,REV,E9,E8,E2,E3,35.078000,221.128000,OK
6,12,adjacent,400,30,16,130,FWD,E8,E9,E3,E4,5.062000,204.450000,OK
6,12,adjacent,400,30,16,131,REV,E9,E8,E3,E4,7.766000,217.218000,OK
6,12,adjacent,400,30,16,132,FWD,E8,E9,E4,E5,-1.945000,206.844000,OK
6,12,adjacent,400,30,16,133,REV,E9,E8,E4,E5,1.187000,215.941000,OK
6,12,adjacent,400,30,16,134,FWD,E8,E9,E5,E6,-36.891000,208.599000,OK
6,12,adjacent,400,30,16,135,REV,E9,E8,E5,E6,-32.477000,215.781000,OK
6,12,adjacent,400,30,16,136,FWD,E8,E9,E6,E7,11.586000,209.078000,OK
6,12,adjacent,400,30,16,137,REV,E9,E8,E6,E7,20.023000,215.781000,OK
6,12,adjacent,400,30,16,138,FWD,E8,E9,E10,E11,20.117000,209.876000,OK
6,12,adjacent,400,30,16,139,REV,E9,E8,E10,E11,34.164000,215.861000,OK
6,12,adjacent,400,30,16,140,FWD,E8,E9,E11,E12,1.070000,210.116000,OK
6,12,adjacent,400,30,16,141,REV,E9,E8,E11,E12,6.148000,215.303000,OK
6,12,adjacent,400,30,16,142,FWD,E8,E9,E12,E1,-10.063000,210.594000,OK
6,12,adjacent,400,30,16,143,REV,E9,E8,E12,E1,-6.539000,215.702000,OK
6,12,adjacent,400,30,16,144,FWD,E9,E10,E1,E2,-29.320000,92.968000,OK
6,12,adjacent,400,30,16,145,REV,E10,E9,E1,E2,-26.594000,252.171000,OK
6,12,adjacent,400,30,16,146,FWD,E9,E10,E2,E3,32.398000,213.786000,OK
6,12,adjacent,400,30,16,147,REV,E10,E9,E2,E3,35.141000,228.230000,OK
6,12,adjacent,400,30,16,148,FWD,E9,E10,E3,E4,5.586000,222.245000,OK
6,12,adjacent,400,30,16,149,REV,E10,E9,E3,E4,7.969000,226.235000,OK
6,12,adjacent,400,30,16,150,FWD,E9,E10,E4,E5,-2.609000,224.879000,OK
6,12,adjacent,400,30,16,151,REV,E10,E9,E4,E5,-0.195000,225.916000,OK
6,12,adjacent,400,30,16,152,FWD,E9,E10,E5,E6,-38.820000,225.916000,OK
6,12,adjacent,400,30,16,153,REV,E10,E9,E5,E6,-36.000000,226.235000,OK
6,12,adjacent,400,30,16,154,FWD,E9,E10,E6,E7,9.305000,226.874000,OK
6,12,adjacent,400,30,16,155,REV,E10,E9,E6,E7,13.625000,226.714000,OK
6,12,adjacent,400,30,16,156,FWD,E9,E10,E7,E8,27.508000,227.672000,OK
6,12,adjacent,400,30,16,157,REV,E10,E9,E7,E8,37.164000,226.555000,OK
6,12,adjacent,400,30,16,158,FWD,E9,E10,E11,E12,8.930000,228.151000,OK
6,12,adjacent,400,30,16,159,REV,E10,E9,E11,E12,22.312000,226.395000,OK
6,12,adjacent,400,30,16,160,FWD,E9,E10,E12,E1,-11.594000,227.911000,OK
6,12,adjacent,400,30,16,161,REV,E10,E9,E12,E1,-6.633000,227.273000,OK
6,12,adjacent,400,30,16,162,FWD,E10,E11,E1,E2,-29.695000,112.360000,OK
6,12,adjacent,400,30,16,163,REV,E11,E10,E1,E2,-25.133000,266.854000,OK
6,12,adjacent,400,30,16,164,FWD,E10,E11,E2,E3,31.953000,222.644000,OK
6,12,adjacent,400,30,16,165,REV,E11,E10,E2,E3,35.836000,242.275000,OK
6,12,adjacent,400,30,16,166,FWD,E10,E11,E3,E4,5.719000,230.784000,OK
6,12,adjacent,400,30,16,167,REV,E11,E10,E3,E4,8.680000,239.243000,OK
6,12,adjacent,400,30,16,168,FWD,E10,E11,E4,E5,-3.391000,233.657000,OK
6,12,adjacent,400,30,16,169,REV,E11,E10,E4,E5,-0.727000,238.604000,OK
6,12,adjacent,400,30,16,170,FWD,E10,E11,E5,E6,-40.797000,233.976000,OK
6,12,adjacent,400,30,16,171,REV,E11,E10,E5,E6,-38.086000,239.562000,OK
6,12,adjacent,400,30,16,172,FWD,E10,E11,E6,E7,8.609000,235.971000,OK
6,12,adjacent,400,30,16,173,REV,E11,E10,E6,E7,12.242000,239.083000,OK
6,12,adjacent,400,30,16,174,FWD,E10,E11,E7,E8,21.977000,236.210000,OK
6,12,adjacent,400,30,16,175,REV,E11,E10,E7,E8,27.930000,239.881000,OK
6,12,adjacent,400,30,16,176,FWD,E10,E11,E8,E9,36.188000,235.811000,OK
6,12,adjacent,400,30,16,177,REV,E11,E10,E8,E9,49.688000,239.323000,OK
6,12,adjacent,400,30,16,178,FWD,E10,E11,E12,E1,-9.266000,236.689000,OK
6,12,adjacent,400,30,16,179,REV,E11,E10,E12,E1,3.508000,239.402000,OK
6,12,adjacent,400,30,16,180,FWD,E11,E12,E1,E2,-29.984000,85.147000,OK
6,12,adjacent,400,30,16,181,REV,E12,E11,E1,E2,-22.789000,249.457000,OK
6,12,adjacent,400,30,16,182,FWD,E11,E12,E2,E3,31.555000,214.744000,OK
6,12,adjacent,400,30,16,183,REV,E12,E11,E2,E3,36.570000,226.714000,OK
6,12,adjacent,400,30,16,184,FWD,E11,E12,E3,E4,6.086000,223.043000,OK
6,12,adjacent,400,30,16,185,REV,E12,E11,E3,E4,9.266000,225.517000,OK
6,12,adjacent,400,30,16,186,FWD,E11,E12,E4,E5,-3.734000,225.677000,OK
6,12,adjacent,400,30,16,187,REV,E12,E11,E4,E5,-1.250000,225.517000,OK
6,12,adjacent,400,30,16,188,FWD,E11,E12,E5,E6,-42.195000,227.033000,OK
6,12,adjacent,400,30,16,189,REV,E12,E11,E5,E6,-39.945000,225.357000,OK
6,12,adjacent,400,30,16,190,FWD,E11,E12,E6,E7,8.797000,227.353000,OK
6,12,adjacent,400,30,16,191,REV,E12,E11,E6,E7,11.406000,225.278000,OK
6,12,adjacent,400,30,16,192,FWD,E11,E12,E7,E8,19.789000,227.193000,OK
6,12,adjacent,400,30,16,193,REV,E12,E11,E7,E8,23.266000,226.315000,OK
6,12,adjacent,400,30,16,194,FWD,E11,E12,E8,E9,41.430000,227.831000,OK
6,12,adjacent,400,30,16,195,REV,E12,E11,E8,E9,46.641000,225.357000,OK
6,12,adjacent,400,30,16,196,FWD,E11,E12,E9,E10,-52.891000,228.230000,OK
6,12,adjacent,400,30,16,197,REV,E12,E11,E9,E10,-40.422000,226.315000,OK
6,12,adjacent,400,30,16,198,FWD,E12,E1,E2,E3,31.328000,95.841000,OK
6,12,adjacent,400,30,16,199,REV,E1,E12,E2,E3,40.273000,254.804000,OK
6,12,adjacent,400,30,16,200,FWD,E12,E1,E3,E4,5.766000,213.707000,OK
6,12,adjacent,400,30,16,201,REV,E1,E12,E3,E4,10.570000,229.507000,OK
6,12,adjacent,400,30,16,202,FWD,E12,E1,E4,E5,-4.430000,221.447000,OK
6,12,adjacent,400,30,16,203,REV,E1,E12,E4,E5,-1.141000,227.752000,OK
6,12,adjacent,400,30,16,204,FWD,E12,E1,E5,E6,-43.727000,223.761000,OK
6,12,adjacent,400,30,16,205,REV,E1,E12,E5,E6,-41.125000,226.395000,OK
6,12,adjacent,400,30,16,206,FWD,E12,E1,E6,E7,8.711000,225.038000,OK
6,12,adjacent,400,30,16,207,REV,E1,E12,E6,E7,11.320000,226.475000,OK
6,12,adjacent,400,30,16,208,FWD,E12,E1,E7,E8,18.070000,224.559000,OK
6,12,adjacent,400,30,16,209,REV,E1,E12,E7,E8,21.062000,226.874000,OK
6,12,adjacent,400,30,16,210,FWD,E12,E1,E8,E9,44.727000,225.278000,OK
6,12,adjacent,400,30,16,211,REV,E1,E12,E8,E9,48.523000,225.916000,OK
6,12,adjacent,400,30,16,212,FWD,E12,E1,E9,E10,-42.664000,225.517000,OK
6,12,adjacent,400,30,16,213,REV,E1,E12,E9,E10,-37.828000,227.193000,OK
6,12,adjacent,400,30,16,214,FWD,E12,E1,E10,E11,25.266000,225.517000,OK
6,12,adjacent,400,30,16,215,REV,E1,E12,E10,E11,35.539000,227.033000,OK
7,13,adjacent,400,30,16,0,FWD,E1,E2,E3,E4,6.422000,95.522000,OK
7,13,adjacent,400,30,16,1,REV,E2,E1,E3,E4,13.727000,261.108000,OK
7,13,adjacent,400,30,16,2,FWD,E1,E2,E4,E5,-5.219000,225.836000,OK
7,13,adjacent,400,30,16,3,REV,E2,E1,E4,E5,-0.500000,235.971000,OK
7,13,adjacent,400,30,16,4,FWD,E1,E2,E5,E6,-45.172000,234.774000,OK
7,13,adjacent,400,30,16,5,REV,E2,E1,E5,E6,-41.945000,233.737000,OK
7,13,adjacent,400,30,16,6,FWD,E1,E2,E6,E7,8.656000,237.407000,OK
7,13,adjacent,400,30,16,7,REV,E2,E1,E6,E7,11.563000,232.540000,OK
7,13,adjacent,400,30,16,8,FWD,E1,E2,E7,E8,16.789000,237.727000,OK
7,13,adjacent,400,30,16,9,REV,E2,E1,E7,E8,19.609000,233.737000,OK
7,13,adjacent,400,30,16,10,FWD,E1,E2,E8,E9,48.109000,238.684000,OK
7,13,adjacent,400,30,16,11,REV,E2,E1,E8,E9,51.227000,232.220000,OK
7,13,adjacent,400,30,16,12,FWD,E1,E2,E9,E10,-42.898000,238.844000,OK
7,13,adjacent,400,30,16,13,REV,E2,E1,E9,E10,-39.625000,232.619000,OK
7,13,adjacent,400,30,16,14,FWD,E1,E2,E10,E11,23.906000,238.285000,OK
7,13,adjacent,400,30,16,15,REV,E2,E1,E10,E11,28.852000,232.300000,OK
7,13,adjacent,400,30,16,16,FWD,E1,E2,E11,E12,2.945000,239.003000,OK
7,13,adjacent,400,30,16,17,REV,E2,E1,E11,E12,12.273000,231.981000,OK
7,13,adjacent,400,30,16,18,FWD,E2,E3,E4,E5,-5.945000,101.028000,OK
7,13,adjacent,400,30,16,19,REV,E3,E2,E4,E5,2.805000,272.360000,OK
7,13,adjacent,400,30,16,20,FWD,E2,E3,E5,E6,-47.281000,208.599000,OK
7,13,adjacent,400,30,16,21,REV,E3,E2,E5,E6,-42.031000,237.886000,OK
7,13,adjacent,400,30,16,22,FWD,E2,E3,E6,E7,8.148000,220.170000,OK
7,13,adjacent,400,30,16,23,REV,E3,E2,E6,E7,12.031000,232.699000,OK
7,13,adjacent,400,30,16,24,FWD,E2,E3,E7,E8,15.344000,221.766000,OK
7,13,adjacent,400,30,16,25,REV,E3,E2,E7,E8,18.656000,232.380000,OK
7,13,adjacent,400,30,16,26,FWD,E2,E3,E8,E9,50.906000,223.203000,OK
7,13,adjacent,400,30,16,27,REV,E3,E2,E8,E9,54.078000,230.864000,OK
7,13,adjacent,400,30,16,28,FWD,E2,E3,E9,E10,-44.234000,223.203000,OK
7,13,adjacent,400,30,16,29,REV,E3,E2,E9,E10,-41.406000,231.263000,OK
7,13,adjacent,400,30,16,30,FWD,E2,E3,E10,E11,21.344000,222.724000,OK
7,13,adjacent,400,30,16,31,REV,E3,E2,E10,E11,25.141000,230.784000,OK
7,13,adjacent,400,30,16,32,FWD,E2,E3,E11,E12,1.742000,223.522000,OK
7,13,adjacent,400,30,16,33,REV,E3,E2,E11,E12,7.141000,230.944000,OK
7,13,adjacent,400,30,16,34,FWD,E2,E3,E12,E1,-0.336000,223.682000,OK
7,13,adjacent,400,30,16,35,REV,E3,E2,E12,E1,10.734000,231.103000,OK
7,13,adjacent,400,30,16,36,FWD,E3,E4,E1,E2,7.125000,78.763000,OK
7,13,adjacent,400,30,16,37,REV,E4,E3,E1,E2,4.312000,247.622000,OK
7,13,adjacent,400,30,16,38,FWD,E3,E4,E5,E6,-49.367000,201.577000,OK
7,13,adjacent,400,30,16,39,REV,E4,E3,E5,E6,-37.750000,221.128000,OK
7,13,adjacent,400,30,16,40,FWD,E3,E4,E6,E7,7.680000,211.313000,OK
7,13,adjacent,400,30,16,41,REV,E4,E3,E6,E7,12.773000,217.377000,OK
7,13,adjacent,400,30,16,42,FWD,E3,E4,E7,E8,14.297000,213.547000,OK
7,13,adjacent,400,30,16,43,REV,E4,E3,E7,E8,17.789000,216.978000,OK
7,13,adjacent,400,30,16,44,FWD,E3,E4,E8,E9,54.234000,213.946000,OK
7,13,adjacent,400,30,16,45,REV,E4,E3,E8,E9,57.109000,216.420000,OK
7,13,adjacent,400,30,16,46,FWD,E3,E4,E9,E10,-45.602000,214.904000,OK
7,13,adjacent,400,30,16,47,REV,E4,E3,E9,E10,-43.414000,216.819000,OK
7,13,adjacent,400,30,16,48,FWD,E3,E4,E10,E11,20.125000,215.542000,OK
7,13,adjacent,400,30,16,49,REV,E4,E3,E10,E11,22.695000,216.500000,OK
7,13,adjacent,400,30,16,50,FWD,E3,E4,E11,E12,1.937000,216.659000,OK
7,13,adjacent,400,30,16,51,REV,E4,E3,E11,E12,4.992000,216.739000,OK
7,13,adjacent,400,30,16,52,FWD,E3,E4,E12,E1,-1.719000,216.420000,OK
7,13,adjacent,400,30,16,53,REV,E4,E3,E12,E1,2.945000,217.377000,OK
7,13,adjacent,400,30,16,54,FWD,E4,E5,E1,E2,-25.586000,93.287000,OK
7,13,adjacent,400,30,16,55,REV,E5,E4,E1,E2,-22.180000,258.555000,OK
7,13,adjacent,400,30,16,56,FWD,E4,E5,E2,E3,51.820000,213.627000,OK
7,13,adjacent,400,30,16,57,REV,E5,E4,E2,E3,57.164000,232.699000,OK
7,13,adjacent,400,30,16,58,FWD,E4,E5,E6,E7,5.133000,223.203000,OK
7,13,adjacent,400,30,16,59,REV,E5,E4,E6,E7,15.422000,228.709000,OK
7,13,adjacent,400,30,16,60,FWD,E4,E5,E7,E8,12.555000,225.437000,OK
7,13,adjacent,400,30,16,61,REV,E5,E4,E7,E8,17.797000,228.789000,OK
7,13,adjacent,400,30,16,62,FWD,E4,E5,E8,E9,56.781000,225.677000,OK
7,13,adjacent,400,30,16,63,REV,E5,E4,E8,E9,60.320000,228.310000,OK
7,13,adjacent,400,30,16,64,FWD,E4,E5,E9,E10,-47.328000,226.954000,OK
7,13,adjacent,400,30,16,65,REV,E5,E4,E9,E10,-44.984000,228.390000,OK
7,13,adjacent,400,30,16,66,FWD,E4,E5,E10,E11,19.031000,227.353000,OK
7,13,adjacent,400,30,16,67,REV,E5,E4,E10,E11,21.516000,228.869000,OK
7,13,adjacent,400,30,16,68,FWD,E4,E5,E11,E12,1.672000,228.151000,OK
7,13,adjacent,400,30,16,69,REV,E5,E4,E11,E12,4.242000,229.188000,OK
7,13,adjacent,400,30,16,70,FWD,E4,E5,E12,E1,-3.594000,228.230000,OK
7,13,adjacent,400,30,16,71,REV,E5,E4,E12,E1,-0.219000,229.667000,OK
7,13,adjacent,400,30,16,72,FWD,E5,E6,E1,E2,-28.758000,108.130000,OK
7,13,adjacent,400,30,16,73,REV,E6,E5,E1,E2,-25.727000,274.515000,OK
7,13,adjacent,400,30,16,74,FWD,E5,E6,E2,E3,34.063000,236.929000,OK
7,13,adjacent,400,30,16,75,REV,E6,E5,E2,E3,39.727000,248.420000,OK
7,13,adjacent,400,30,16,76,FWD,E5,E6,E3,E4,13.180000,247.383000,OK
7,13,adjacent,400,30,16,77,REV,E6,E5,E3,E4,23.883000,244.350000,OK
7,13,adjacent,400,30,16,78,FWD,E5,E6,E7,E8,8.906000,250.016000,OK
7,13,adjacent,400,30,16,79,REV,E6,E5,E7,E8,20.609000,244.350000,OK
7,13,adjacent,400,30,16,80,FWD,E5,E6,E8,E9,58.539000,250.176000,OK
7,13,adjacent,400,30,16,81,REV,E6,E5,E8,E9,64.359000,243.871000,OK
7,13,adjacent,400,30,16,82,FWD,E5,E6,E9,E10,-49.398000,251.213000,OK
7,13,adjacent,400,30,16,83,REV,E6,E5,E9,E10,-46.086000,244.909000,OK
7,13,adjacent,400,30,16,84,FWD,E5,E6,E10,E11,18.047000,251.053000,OK
7,13,adjacent,400,30,16,85,REV,E6,E5,E10,E11,21.109000,244.510000,OK
7,13,adjacent,400,30,16,86,FWD,E5,E6,E11,E12,1.281000,252.330000,OK
7,13,adjacent,400,30,16,87,REV,E6,E5,E11,E12,4.047000,244.909000,OK
7,13,adjacent,400,30,16,88,FWD,E5,E6,E12,E1,-5.273000,251.293000,OK
7,13,adjacent,400,30,16,89,REV,E6,E5,E12,E1,-2.211000,245.068000,OK
7,13,adjacent,400,30,16,90,FWD,E6,E7,E1,E2,-29.695000,130.634000,OK
7,13,adjacent,400,30,16,91,REV,E7,E6,E1,E2,-26.680000,307.872000,OK
7,13,adjacent,400,30,16,92,FWD,E6,E7,E2,E3,32.313000,246.106000,OK
7,13,adjacent,400,30,16,93,REV,E7,E6,E2,E3,37.000000,272.440000,OK
7,13,adjacent,400,30,16,94,FWD,E6,E7,E3,E4,3.336000,259.592000,OK
7,13,adjacent,400,30,16,95,REV,E7,E6,E3,E4,10.250000,266.694000,OK
7,13,adjacent,400,30,16,96,FWD,E6,E7,E4,E5,5.437000,261.986000,OK
7,13,adjacent,400,30,16,97,REV,E7,E6,E4,E5,17.492000,265.816000,OK
7,13,adjacent,400,30,16,98,FWD,E6,E7,E8,E9,57.969000,262.784000,OK
7,13,adjacent,400,30,16,99,REV,E7,E6,E8,E9,70.281000,265.019000,OK
7,13,adjacent,400,30,16,100,FWD,E6,E7,E9,E10,-52.094000,262.784000,OK
7,13,adjacent,400,30,16,101,REV,E7,E6,E9,E10,-46.508000,265.338000,OK
7,13,adjacent,400,30,16,102,FWD,E6,E7,E10,E11,16.844000,263.183000,OK
7,13,adjacent,400,30,16,103,REV,E7,E6,E10,E11,21.211000,265.098000,OK
7,13,adjacent,400,30,16,104,FWD,E6,E7,E11,E12,0.742000,263.263000,OK
7,13,adjacent,400,30,16,105,REV,E7,E6,E11,E12,4.141000,265.896000,OK
7,13,adjacent,400,30,16,106,FWD,E6,E7,E12,E1,-7.078000,263.662000,OK
7,13,adjacent,400,30,16,107,REV,E7,E6,E12,E1,-3.664000,264.620000,OK
7,13,adjacent,400,30,16,108,FWD,E7,E8,E1,E2,-29.852000,102.704000,OK
7,13,adjacent,400,30,16,109,REV,E8,E7,E1,E2,-27.133000,286.246000,OK
7,13,adjacent,400,30,16,110,FWD,E7,E8,E2,E3,32.141000,226.156000,OK
7,13,adjacent,400,30,16,111,REV,E8,E7,E2,E3,35.805000,250.814000,OK
7,13,adjacent,400,30,16,112,FWD,E7,E8,E3,E4,4.156000,238.285000,OK
7,13,adjacent,400,30,16,113,REV,E8,E7,E3,E4,8.414000,245.946000,OK
7,13,adjacent,400,30,16,114,FWD,E7,E8,E4,E5,-1.039000,240.759000,OK
7,13,adjacent,400,30,16,115,REV,E8,E7,E4,E5,4.859000,244.909000,OK
7,13,adjacent,400,30,16,116,FWD,E7,E8,E5,E6,-33.148000,241.717000,OK
7,13,adjacent,400,30,16,117,REV,E8,E7,E5,E6,-22.648000,244.590000,OK
7,13,adjacent,400,30,16,118,FWD,E7,E8,E9,E10,-55.836000,241.717000,OK
7,13,adjacent,400,30,16,119,REV,E8,E7,E9,E10,-44.125000,244.111000,OK
7,13,adjacent,400,30,16,120,FWD,E7,E8,E10,E11,15.406000,242.036000,OK
7,13,adjacent,400,30,16,121,REV,E8,E7,E10,E11,21.992000,244.749000,OK
7,13,adjacent,400,30,16,122,FWD,E7,E8,E11,E12,0.219000,242.355000,OK
7,13,adjacent,400,30,16,123,REV,E8,E7,E11,E12,4.414000,244.111000,OK
7,13,adjacent,400,30,16,124,FWD,E7,E8,E12,E1,-8.734000,242.834000,OK
7,13,adjacent,400,30,16,125,REV,E8,E7,E12,E1,-5.203000,244.829000,OK
7,13,adjacent,400,30,16,126,FWD,E8,E9,E1,E2,-29.430000,68.868000,OK
7,13,adjacent,400,30,16,127,REV,E9,E8,E1,E2,-27.234000,254.565000,OK
7,13,adjacent,400,30,16,128,FWD,E8,E9,E2,E3,32.461000,193.357000,OK
7,13,adjacent,400,30,16,129,REV,E9,E8,E2,E3,35.102000,221.447000,OK
7,13,adjacent,400,30,16,130,FWD,E8,E9,E3,E4,5.125000,204.210000,OK
7,13,adjacent,400,30,16,131,REV,E9,E8,E3,E4,7.797000,217.298000,OK
7,13,adjacent,400,30,16,132,FWD,E8,E9,E4,E5,-1.937000,206.924000,OK
7,13,adjacent,400,30,16,133,REV,E9,E8,E4,E5,1.211000,216.260000,OK
7,13,adjacent,400,30,16,134,FWD,E8,E9,E5,E6,-36.758000,207.961000,OK
7,13,adjacent,400,30,16,135,REV,E9,E8,E5,E6,-32.391000,215.063000,OK
7,13,adjacent,400,30,16,136,FWD,E8,E9,E6,E7,11.500000,208.839000,OK
7,13,adjacent,400,30,16,137,REV,E9,E8,E6,E7,19.992000,215.702000,OK
7,13,adjacent,400,30,16,138,FWD,E8,E9,E10,E11,20.133000,208.679000,OK
7,13,adjacent,400,30,16,139,REV,E9,E8,E10,E11,34.188000,215.303000,OK
7,13,adjacent,400,30,16,140,FWD,E8,E9,E11,E12,0.961000,209.717000,OK
7,13,adjacent,400,30,16,141,REV,E9,E8,E11,E12,6.031000,215.622000,OK
7,13,adjacent,400,30,16,142,FWD,E8,E9,E12,E1,-10.031000,209.637000,OK
7,13,adjacent,400,30,16,143,REV,E9,E8,E12,E1,-6.539000,215.702000,OK
7,13,adjacent,400,30,16,144,FWD,E9,E10,E1,E2,-29.539000,94.085000,OK
7,13,adjacent,400,30,16,145,REV,E10,E9,E1,E2,-26.820000,252.410000,OK
7,13,adjacent,400,30,16,146,FWD,E9,E10,E2,E3,32.422000,212.988000,OK
7,13,adjacent,400,30,16,147,REV,E10,E9,E2,E3,35.195000,229.108000,OK
7,13,adjacent,400,30,16,148,FWD,E9,E10,E3,E4,5.617000,222.165000,OK
7,13,adjacent,400,30,16,149,REV,E10,E9,E3,E4,8.016000,227.193000,OK
7,13,adjacent,400,30,16,150,FWD,E9,E10,E4,E5,-2.602000,224.879000,OK
7,13,adjacent,400,30,16,151,REV,E10,E9,E4,E5,-0.164000,225.916000,OK
7,13,adjacent,400,30,16,152,FWD,E9,E10,E5,E6,-38.797000,226.235000,OK
7,13,adjacent,400,30,16,153,REV,E10,E9,E5,E6,-35.945000,226.634000,OK
7,13,adjacent,400,30,16,154,FWD,E9,E10,E6,E7,9.313000,226.235000,OK
7,13,adjacent,400,30,16,155,REV,E10,E9,E6,E7,13.656000,226.076000,OK
7,13,adjacent,400,30,16,156,FWD,E9,E10,E7,E8,27.383000,227.512000,OK
7,13,adjacent,400,30,16,157,REV,E10,E9,E7,E8,37.016000,225.836000,OK
7,13,adjacent,400,30,16,158,FWD,E9,E10,E11,E12,8.836000,227.512000,OK
7,13,adjacent,400,30,16,159,REV,E10,E9,E11,E12,22.242000,226.315000,OK
7,13,adjacent,400,30,16,160,FWD,E9,E10,E12,E1,-11.594000,227.592000,OK
7,13,adjacent,400,30,16,161,REV,E10,E9,E12,E1,-6.555000,226.954000,OK
7,13,adjacent,400,30,16,162,FWD,E10,E11,E1,E2,-29.977000,113.237000,OK
7,13,adjacent,400,30,16,163,REV,E11,E10,E1,E2,-25.383000,266.615000,OK
7,13,adjacent,400,30,16,164,FWD,E10,E11,E2,E3,31.992000,222.325000,OK
7,13,adjacent,400,30,16,165,REV,E11,E10,E2,E3,35.883000,242.036000,OK
7,13,adjacent,400,30,16,166,FWD,E10,E11,E3,E4,5.758000,231.263000,OK
7,13,adjacent,400,30,16,167,REV,E11,E10,E3,E4,8.711000,239.003000,OK
7,13,adjacent,400,30,16,168,FWD,E10,E11,E4,E5,-3.352000,233.976000,OK
7,13,adjacent,400,30,16,169,REV,E11,E10,E4,E5,-0.734000,238.924000,OK
7,13,adjacent,400,30,16,170,FWD,E10,E11,E5,E6,-40.750000,234.535000,OK
7,13,adjacent,400,30,16,171,REV,E11,E10,E5,E6,-38.031000,239.881000,OK
7,13,adjacent,400,30,16,172,FWD,E10,E11,E6,E7,8.609000,235.811000,OK
7,13,adjacent,400,30,16,173,REV,E11,E10,E6,E7,12.234000,239.323000,OK
7,13,adjacent,400,30,16,174,FWD,E10,E11,E7,E8,21.867000,235.572000,OK
7,13,adjacent,400,30,16,175,REV,E11,E10,E7,E8,27.750000,239.642000,OK
7,13,adjacent,400,30,16,176,FWD,E10,E11,E8,E9,36.102000,235.891000,OK
7,13,adjacent,400,30,16,177,REV,E11,E10,E8,E9,49.641000,239.402000,OK
7,13,adjacent,400,30,16,178,FWD,E10,E11,E12,E1,-9.188000,236.450000,OK
7,13,adjacent,400,30,16,179,REV,E11,E10,E12,E1,3.648000,239.323000,OK
7,13,adjacent,400,30,16,180,FWD,E11,E12,E1,E2,-30.211000,85.546000,OK
7,13,adjacent,400,30,16,181,REV,E12,E11,E1,E2,-23.094000,249.856000,OK
7,13,adjacent,400,30,16,182,FWD,E11,E12,E2,E3,31.617000,213.946000,OK
7,13,adjacent,400,30,16,183,REV,E12,E11,E2,E3,36.617000,226.874000,OK
7,13,adjacent,400,30,16,184,FWD,E11,E12,E3,E4,6.117000,223.682000,OK
7,13,adjacent,400,30,16,185,REV,E12,E11,E3,E4,9.273000,225.118000,OK
7,13,adjacent,400,30,16,186,FWD,E11,E12,E4,E5,-3.703000,224.879000,OK
7,13,adjacent,400,30,16,187,REV,E12,E11,E4,E5,-1.219000,224.879000,OK
7,13,adjacent,400,30,16,188,FWD,E11,E12,E5,E6,-42.133000,226.874000,OK
7,13,adjacent,400,30,16,189,REV,E12,E11,E5,E6,-39.906000,225.038000,OK
7,13,adjacent,400,30,16,190,FWD,E11,E12,E6,E7,8.844000,226.954000,OK
7,13,adjacent,400,30,16,191,REV,E12,E11,E6,E7,11.438000,225.677000,OK
7,13,adjacent,400,30,16,192,FWD,E11,E12,E7,E8,19.641000,228.310000,OK
7,13,adjacent,400,30,16,193,REV,E12,E11,E7,E8,23.141000,225.996000,OK
7,13,adjacent,400,30,16,194,FWD,E11,E12,E8,E9,41.305000,227.991000,OK
7,13,adjacent,400,30,16,195,REV,E12,E11,E8,E9,46.531000,226.315000,OK
7,13,adjacent,400,30,16,196,FWD,E11,E12,E9,E10,-52.656000,228.470000,OK
7,13,adjacent,400,30,16,197,REV,E12,E11,E9,E10,-40.203000,225.517000,OK
7,13,adjacent,400,30,16,198,FWD,E12,E1,E2,E3,31.422000,95.681000,OK
7,13,adjacent,400,30,16,199,REV,E1,E12,E2,E3,40.297000,255.123000,OK
7,13,adjacent,400,30,16,200,FWD,E12,E1,E3,E4,5.805000,213.068000,OK
7,13,adjacent,400,30,16,201,REV,E1,E12,E3,E4,10.602000,228.709000,OK
7,13,adjacent,400,30,16,202,FWD,E12,E1,E4,E5,-4.406000,221.288000,OK
7,13,adjacent,400,30,16,203,REV,E1,E12,E4,E5,-1.109000,226.954000,OK
7,13,adjacent,400,30,16,204,FWD,E12,E1,E5,E6,-43.672000,223.043000,OK
7,13,adjacent,400,30,16,205,REV,E1,E12,E5,E6,-41.086000,226.475000,OK
7,13,adjacent,400,30,16,206,FWD,E12,E1,E6,E7,8.750000,224.719000,OK
7,13,adjacent,400,30,16,207,REV,E1,E12,E6,E7,11.375000,226.874000,OK
7,13,adjacent,400,30,16,208,FWD,E12,E1,E7,E8,17.961000,224.879000,OK
7,13,adjacent,400,30,16,209,REV,E1,E12,E7,E8,20.937000,226.475000,OK
7,13,adjacent,400,30,16,210,FWD,E12,E1,E8,E9,44.570000,225.437000,OK
7,13,adjacent,400,30,16,211,REV,E1,E12,E8,E9,48.367000,226.714000,OK
7,13,adjacent,400,30,16,212,FWD,E12,E1,E9,E10,-42.414000,225.357000,OK
7,13,adjacent,400,30,16,213,REV,E1,E12,E9,E10,-37.570000,226.714000,OK
7,13,adjacent,400,30,16,214,FWD,E12,E1,E10,E11,25.289000,225.278000,OK
7,13,adjacent,400,30,16,215,REV,E1,E12,E10,E11,35.602000,227.273000,OK
8,14,adjacent,400,30,16,0,FWD,E1,E2,E3,E4,6.523000,95.921000,OK
8,14,adjacent,400,30,16,1,REV,E2,E1,E3,E4,13.773000,261.268000,OK
8,14,adjacent,400,30,16,2,FWD,E1,E2,E4,E5,-5.180000,225.597000,OK
8,14,adjacent,400,30,16,3,REV,E2,E1,E4,E5,-0.461000,236.051000,OK
8,14,adjacent,400,30,16,4,FWD,E1,E2,E5,E6,-45.156000,235.013000,OK
8,14,adjacent,400,30,16,5,REV,E2,E1,E5,E6,-41.930000,233.497000,OK
8,14,adjacent,400,30,16,6,FWD,E1,E2,E6,E7,8.711000,236.609000,OK
8,14,adjacent,400,30,16,7,REV,E2,E1,E6,E7,11.617000,232.141000,OK
8,14,adjacent,400,30,16,8,FWD,E1,E2,E7,E8,16.680000,238.046000,OK
8,14,adjacent,400,30,16,9,REV,E2,E1,E7,E8,19.508000,232.699000,OK
8,14,adjacent,400,30,16,10,FWD,E1,E2,E8,E9,47.914000,238.126000,OK
8,14,adjacent,400,30,16,11,REV,E2,E1,E8,E9,51.055000,231.901000,OK
8,14,adjacent,400,30,16,12,FWD,E1,E2,E9,E10,-42.609000,239.243000,OK
8,14,adjacent,400,30,16,13,REV,E2,E1,E9,E10,-39.328000,233.018000,OK
8,14,adjacent,400,30,16,14,FWD,E1,E2,E10,E11,24.000000,238.764000,OK
8,14,adjacent,400,30,16,15,REV,E2,E1,E10,E11,29.023000,232.619000,OK
8,14,adjacent,400,30,16,16,FWD,E1,E2,E11,E12,2.797000,239.562000,OK
8,14,adjacent,400,30,16,17,REV,E2,E1,E11,E12,12.055000,232.619000,OK
8,14,adjacent,400,30,16,18,FWD,E2,E3,E4,E5,-5.937000,101.108000,OK
8,14,adjacent,400,30,16,19,REV,E3,E2,E4,E5,2.828000,272.360000,OK
8,14,adjacent,400,30,16,20,FWD,E2,E3,E5,E6,-47.227000,208.679000,OK
8,14,adjacent,400,30,16,21,REV,E3,E2,E5,E6,-42.039000,237.647000,OK
8,14,adjacent,400,30,16,22,FWD,E2,E3,E6,E7,8.172000,218.814000,OK
8,14,adjacent,400,30,16,23,REV,E3,E2,E6,E7,12.063000,232.699000,OK
8,14,adjacent,400,30,16,24,FWD,E2,E3,E7,E8,15.242000,221.926000,OK
8,14,adjacent,400,30,16,25,REV,E3,E2,E7,E8,18.555000,231.343000,OK
8,14,adjacent,400,30,16,26,FWD,E2,E3,E8,E9,50.695000,222.405000,OK
8,14,adjacent,400,30,16,27,REV,E3,E2,E8,E9,53.883000,231.343000,OK
8,14,adjacent,400,30,16,28,FWD,E2,E3,E9,E10,-43.945000,223.602000,OK
8,14,adjacent,400,30,16,29,REV,E3,E2,E9,E10,-41.109000,230.784000,OK
8,14,adjacent,400,30,16,30,FWD,E2,E3,E10,E11,21.437000,223.283000,OK
8,14,adjacent,400,30,16,31,REV,E3,E2,E10,E11,25.234000,231.422000,OK
8,14,adjacent,400,30,16,32,FWD,E2,E3,E11,E12,1.641000,224.081000,OK
8,14,adjacent,400,30,16,33,REV,E3,E2,E11,E12,7.008000,230.545000,OK
8,14,adjacent,400,30,16,34,FWD,E2,E3,E12,E1,-0.328000,224.240000,OK
8,14,adjacent,400,30,16,35,REV,E3,E2,E12,E1,10.672000,231.183000,OK
8,14,adjacent,400,30,16,36,FWD,E3,E4,E1,E2,7.078000,78.205000,OK
8,14,adjacent,400,30,16,37,REV,E4,E3,E1,E2,4.281000,247.542000,OK
8,14,adjacent,400,30,16,38,FWD,E3,E4,E5,E6,-49.289000,201.098000,OK
8,14,adjacent,400,30,16,39,REV,E4,E3,E5,E6,-37.680000,220.490000,OK
8,14,adjacent,400,30,16,40,FWD,E3,E4,E6,E7,7.719000,210.435000,OK
8,14,adjacent,400,30,16,41,REV,E4,E3,E6,E7,12.797000,217.218000,OK
8,14,adjacent,400,30,16,42,FWD,E3,E4,E7,E8,14.133000,213.467000,OK
8,14,adjacent,400,30,16,43,REV,E4,E3,E7,E8,17.664000,216.819000,OK
8,14,adjacent,400,30,16,44,FWD,E3,E4,E8,E9,54.008000,213.786000,OK
8,14,adjacent,400,30,16,45,REV,E4,E3,E8,E9,56.852000,216.340000,OK
8,14,adjacent,400,30,16,46,FWD,E3,E4,E9,E10,-45.250000,215.223000,OK
8,14,adjacent,400,30,16,47,REV,E4,E3,E9,E10,-43.102000,216.899000,OK
8,14,adjacent,400,30,16,48,FWD,E3,E4,E10,E11,20.258000,215.223000,OK
8,14,adjacent,400,30,16,49,REV,E4,E3,E10,E11,22.805000,216.978000,OK
8,14,adjacent,400,30,16,50,FWD,E3,E4,E11,E12,1.812000,216.739000,OK
8,14,adjacent,400,30,16,51,REV,E4,E3,E11,E12,4.883000,217.298000,OK
8,14,adjacent,400,30,16,52,FWD,E3,E4,E12,E1,-1.648000,216.021000,OK
8,14,adjacent,400,30,16,53,REV,E4,E3,E12,E1,3.016000,217.776000,OK
8,14,adjacent,400,30,16,54,FWD,E4,E5,E1,E2,-25.695000,92.888000,OK
8,14,adjacent,400,30,16,55,REV,E5,E4,E1,E2,-22.281000,258.634000,OK
8,14,adjacent,400,30,16,56,FWD,E4,E5,E2,E3,51.742000,213.627000,OK
8,14,adjacent,400,30,16,57,REV,E5,E4,E2,E3,57.000000,232.220000,OK
8,14,adjacent,400,30,16,58,FWD,E4,E5,E6,E7,5.258000,222.644000,OK
8,14,adjacent,400,30,16,59,REV,E5,E4,E6,E7,15.508000,228.869000,OK
8,14,adjacent,400,30,16,60,FWD,E4,E5,E7,E8,12.398000,225.198000,OK
8,14,adjacent,400,30,16,61,REV,E5,E4,E7,E8,17.672000,228.869000,OK
8,14,adjacent,400,30,16,62,FWD,E4,E5,E8,E9,56.563000,226.076000,OK
8,14,adjacent,400,30,16,63,REV,E5,E4,E8,E9,60.070000,227.831000,OK
8,14,adjacent,400,30,16,64,FWD,E4,E5,E9,E10,-47.023000,226.315000,OK
8,14,adjacent,400,30,16,65,REV,E5,E4,E9,E10,-44.633000,228.709000,OK
8,14,adjacent,400,30,16,66,FWD,E4,E5,E10,E11,19.148000,227.273000,OK
8,14,adjacent,400,30,16,67,REV,E5,E4,E10,E11,21.633000,228.709000,OK
8,14,adjacent,400,30,16,68,FWD,E4,E5,E11,E12,1.586000,227.911000,OK
8,14,adjacent,400,30,16,69,REV,E5,E4,E11,E12,4.148000,229.667000,OK
8,14,adjacent,400,30,16,70,FWD,E4,E5,E12,E1,-3.484000,227.831000,OK
8,14,adjacent,400,30,16,71,REV,E5,E4,E12,E1,-0.109000,229.268000,OK
8,14,adjacent,400,30,16,72,FWD,E5,E6,E1,E2,-28.875000,109.088000,OK
8,14,adjacent,400,30,16,73,REV,E6,E5,E1,E2,-25.859000,275.552000,OK
8,14,adjacent,400,30,16,74,FWD,E5,E6,E2,E3,33.945000,236.210000,OK
8,14,adjacent,400,30,16,75,REV,E6,E5,E2,E3,39.648000,248.340000,OK
8,14,adjacent,400,30,16,76,FWD,E5,E6,E3,E4,13.281000,247.542000,OK
8,14,adjacent,400,30,16,77,REV,E6,E5,E3,E4,23.906000,244.909000,OK
8,14,adjacent,400,30,16,78,FWD,E5,E6,E7,E8,8.789000,249.777000,OK
8,14,adjacent,400,30,16,79,REV,E6,E5,E7,E8,20.461000,244.270000,OK
8,14,adjacent,400,30,16,80,FWD,E5,E6,E8,E9,58.188000,250.575000,OK
8,14,adjacent,400,30,16,81,REV,E6,E5,E8,E9,63.961000,244.191000,OK
8,14,adjacent,400,30,16,82,FWD,E5,E6,E9,E10,-49.000000,250.814000,OK
8,14,adjacent,400,30,16,83,REV,E6,E5,E9,E10,-45.664000,243.712000,OK
8,14,adjacent,400,30,16,84,FWD,E5,E6,E10,E11,18.148000,251.452000,OK
8,14,adjacent,400,30,16,85,REV,E6,E5,E10,E11,21.195000,244.430000,OK
8,14,adjacent,400,30,16,86,FWD,E5,E6,E11,E12,1.242000,251.692000,OK
8,14,adjacent,400,30,16,87,REV,E6,E5,E11,E12,4.031000,244.430000,OK
8,14,adjacent,400,30,16,88,FWD,E5,E6,E12,E1,-5.211000,252.330000,OK
8,14,adjacent,400,30,16,89,REV,E6,E5,E12,E1,-2.086000,244.270000,OK
8,14,adjacent,400,30,16,90,FWD,E6,E7,E1,E2,-29.812000,129.676000,OK
8,14,adjacent,400,30,16,91,REV,E7,E6,E1,E2,-26.820000,308.829000,OK
8,14,adjacent,400,30,16,92,FWD,E6,E7,E2,E3,32.195000,246.505000,OK
8,14,adjacent,400,30,16,93,REV,E7,E6,E2,E3,36.859000,272.041000,OK
8,14,adjacent,400,30,16,94,FWD,E6,E7,E3,E4,3.484000,259.113000,OK
8,14,adjacent,400,30,16,95,REV,E7,E6,E3,E4,10.320000,267.333000,OK
8,14,adjacent,400,30,16,96,FWD,E6,E7,E4,E5,5.375000,261.826000,OK
8,14,adjacent,400,30,16,97,REV,E7,E6,E4,E5,17.437000,264.939000,OK
8,14,adjacent,400,30,16,98,FWD,E6,E7,E8,E9,57.484000,262.624000,OK
8,14,adjacent,400,30,16,99,REV,E7,E6,E8,E9,69.836000,265.258000,OK
8,14,adjacent,400,30,16,100,FWD,E6,E7,E9,E10,-51.570000,263.103000,OK
8,14,adjacent,400,30,16,101,REV,E7,E6,E9,E10,-46.070000,264.779000,OK
8,14,adjacent,400,30,16,102,FWD,E6,E7,E10,E11,16.945000,263.263000,OK
8,14,adjacent,400,30,16,103,REV,E7,E6,E10,E11,21.305000,265.019000,OK
8,14,adjacent,400,30,16,104,FWD,E6,E7,E11,E12,0.711000,263.422000,OK
8,14,adjacent,400,30,16,105,REV,E7,E6,E11,E12,4.109000,264.939000,OK
8,14,adjacent,400,30,16,106,FWD,E6,E7,E12,E1,-7.023000,263.582000,OK
8,14,adjacent,400,30,16,107,REV,E7,E6,E12,E1,-3.586000,265.577000,OK
8,14,adjacent,400,30,16,108,FWD,E7,E8,E1,E2,-30.008000,102.384000,OK
8,14,adjacent,400,30,16,109,REV,E8,E7,E1,E2,-27.305000,285.607000,OK
8,14,adjacent,400,30,16,110,FWD,E7,E8,E2,E3,32.047000,226.475000,OK
8,14,adjacent,400,30,16,111,REV,E8,E7,E2,E3,35.680000,250.894000,OK
8,14,adjacent,400,30,16,112,FWD,E7,E8,E3,E4,4.289000,237.727000,OK
8,14,adjacent,400,30,16,113,REV,E8,E7,E3,E4,8.547000,245.946000,OK
8,14,adjacent,400,30,16,114,FWD,E7,E8,E4,E5,-1.109000,241.078000,OK
8,14,adjacent,400,30,16,115,REV,E8,E7,E4,E5,4.797000,244.510000,OK
8,14,adjacent,400,30,16,116,FWD,E7,E8,E5,E6,-33.227000,241.078000,OK
8,14,adjacent,400,30,16,117,REV,E8,E7,E5,E6,-22.719000,243.791000,OK
8,14,adjacent,400,30,16,118,FWD,E7,E8,E9,E10,-55.352000,242.036000,OK
8,14,adjacent,400,30,16,119,REV,E8,E7,E9,E10,-43.719000,244.191000,OK
8,14,adjacent,400,30,16,120,FWD,E7,E8,E10,E11,15.453000,241.956000,OK
8,14,adjacent,400,30,16,121,REV,E8,E7,E10,E11,22.070000,244.191000,OK
8,14,adjacent,400,30,16,122,FWD,E7,E8,E11,E12,0.258000,242.674000,OK
8,14,adjacent,400,30,16,123,REV,E8,E7,E11,E12,4.383000,244.191000,OK
8,14,adjacent,400,30,16,124,FWD,E7,E8,E12,E1,-8.625000,242.195000,OK
8,14,adjacent,400,30,16,125,REV,E8,E7,E12,E1,-5.078000,244.191000,OK
8,14,adjacent,400,30,16,126,FWD,E8,E9,E1,E2,-29.617000,69.906000,OK
8,14,adjacent,400,30,16,127,REV,E9,E8,E1,E2,-27.422000,254.006000,OK
8,14,adjacent,400,30,16,128,FWD,E8,E9,E2,E3,32.406000,193.198000,OK
8,14,adjacent,400,30,16,129,REV,E9,E8,E2,E3,35.063000,222.006000,OK
8,14,adjacent,400,30,16,130,FWD,E8,E9,E3,E4,5.242000,204.290000,OK
8,14,adjacent,400,30,16,131,REV,E9,E8,E3,E4,7.898000,216.260000,OK
8,14,adjacent,400,30,16,132,FWD,E8,E9,E4,E5,-1.992000,206.844000,OK
8,14,adjacent,400,30,16,133,REV,E9,E8,E4,E5,1.172000,216.340000,OK
8,14,adjacent,400,30,16,134,FWD,E8,E9,E5,E6,-36.844000,207.801000,OK
8,14,adjacent,400,30,16,135,REV,E9,E8,E5,E6,-32.461000,215.462000,OK
8,14,adjacent,400,30,16,136,FWD,E8,E9,E6,E7,11.641000,208.759000,OK
8,14,adjacent,400,30,16,137,REV,E9,E8,E6,E7,20.148000,215.542000,OK
8,14,adjacent,400,30,16,138,FWD,E8,E9,E10,E11,20.289000,208.759000,OK
8,14,adjacent,400,30,16,139,REV,E9,E8,E10,E11,34.273000,215.143000,OK
8,14,adjacent,400,30,16,140,FWD,E8,E9,E11,E12,0.945000,210.195000,OK
8,14,adjacent,400,30,16,141,REV,E9,E8,E11,E12,6.008000,216.180000,OK
8,14,adjacent,400,30,16,142,FWD,E8,E9,E12,E1,-9.883000,210.674000,OK
8,14,adjacent,400,30,16,143,REV,E9,E8,E12,E1,-6.391000,215.861000,OK
8,14,adjacent,400,30,16,144,FWD,E9,E10,E1,E2,-29.758000,93.527000,OK
8,14,adjacent,400,30,16,145,REV,E10,E9,E1,E2,-27.062000,252.729000,OK
8,14,adjacent,400,30,16,146,FWD,E9,E10,E2,E3,32.391000,213.467000,OK
8,14,adjacent,400,30,16,147,REV,E10,E9,E2,E3,35.109000,228.789000,OK
8,14,adjacent,400,30,16,148,FWD,E9,E10,E3,E4,5.750000,222.804000,OK
8,14,adjacent,400,30,16,149,REV,E10,E9,E3,E4,8.148000,226.475000,OK
8,14,adjacent,400,30,16,150,FWD,E9,E10,E4,E5,-2.656000,223.761000,OK
8,14,adjacent,400,30,16,151,REV,E10,E9,E4,E5,-0.266000,225.916000,OK
8,14,adjacent,400,30,16,152,FWD,E9,E10,E5,E6,-38.859000,226.555000,OK
8,14,adjacent,400,30,16,153,REV,E10,E9,E5,E6,-36.039000,224.879000,OK
8,14,adjacent,400,30,16,154,FWD,E9,E10,E6,E7,9.477000,226.395000,OK
8,14,adjacent,400,30,16,155,REV,E10,E9,E6,E7,13.781000,225.996000,OK
8,14,adjacent,400,30,16,156,FWD,E9,E10,E7,E8,27.312000,226.874000,OK
8,14,adjacent,400,30,16,157,REV,E10,E9,E7,E8,36.961000,225.597000,OK
8,14,adjacent,400,30,16,158,FWD,E9,E10,E11,E12,8.844000,227.592000,OK
8,14,adjacent,400,30,16,159,REV,E10,E9,E11,E12,22.297000,227.033000,OK
8,14,adjacent,400,30,16,160,FWD,E9,E10,E12,E1,-11.445000,228.151000,OK
8,14,adjacent,400,30,16,161,REV,E10,E9,E12,E1,-6.414000,227.353000,OK
8,14,adjacent,400,30,16,162,FWD,E10,E11,E1,E2,-30.164000,113.317000,OK
8,14,adjacent,400,30,16,163,REV,E11,E10,E1,E2,-25.617000,267.492000,OK
8,14,adjacent,400,30,16,164,FWD,E10,E11,E2,E3,31.937000,223.043000,OK
8,14,adjacent,400,30,16,165,REV,E11,E10,E2,E3,35.844000,241.397000,OK
8,14,adjacent,400,30,16,166,FWD,E10,E11,E3,E4,5.898000,231.103000,OK
8,14,adjacent,400,30,16,167,REV,E11,E10,E3,E4,8.852000,239.482000,OK
8,14,adjacent,400,30,16,168,FWD,E10,E11,E4,E5,-3.438000,232.619000,OK
8,14,adjacent,400,30,16,169,REV,E11,E10,E4,E5,-0.797000,237.966000,OK
8,14,adjacent,400,30,16,170,FWD,E10,E11,E5,E6,-40.852000,234.774000,OK
8,14,adjacent,400,30,16,171,REV,E11,E10,E5,E6,-38.141000,239.083000,OK
8,14,adjacent,400,30,16,172,FWD,E10,E11,E6,E7,8.758000,234.056000,OK
8,14,adjacent,400,30,16,173,REV,E11,E10,E6,E7,12.414000,239.323000,OK
8,14,adjacent,400,30,16,174,FWD,E10,E11,E7,E8,21.750000,235.811000,OK
8,14,adjacent,400,30,16,175,REV,E11,E10,E7,E8,27.711000,239.243000,OK
8,14,adjacent,400,30,16,176,FWD,E10,E11,E8,E9,36.141000,235.811000,OK
8,14,adjacent,400,30,16,177,REV,E11,E10,E8,E9,49.680000,239.801000,OK
8,14,adjacent,400,30,16,178,FWD,E10,E11,E12,E1,-8.969000,236.849000,OK
8,14,adjacent,400,30,16,179,REV,E11,E10,E12,E1,3.828000,239.881000,OK
8,14,adjacent,400,30,16,180,FWD,E11,E12,E1,E2,-30.641000,85.866000,OK
8,14,adjacent,400,30,16,181,REV,E12,E11,E1,E2,-23.320000,250.255000,OK
8,14,adjacent,400,30,16,182,FWD,E11,E12,E2,E3,31.625000,215.063000,OK
8,14,adjacent,400,30,16,183,REV,E12,E11,E2,E3,36.578000,227.193000,OK
8,14,adjacent,400,30,16,184,FWD,E11,E12,E3,E4,6.297000,223.522000,OK
8,14,adjacent,400,30,16,185,REV,E12,E11,E3,E4,9.430000,225.118000,OK
8,14,adjacent,400,30,16,186,FWD,E11,E12,E4,E5,-3.828000,225.437000,OK
8,14,adjacent,400,30,16,187,REV,E12,E11,E4,E5,-1.344000,224.639000,OK
8,14,adjacent,400,30,16,188,FWD,E11,E12,E5,E6,-42.227000,226.156000,OK
8,14,adjacent,400,30,16,189,REV,E12,E11,E5,E6,-40.000000,225.198000,OK
8,14,adjacent,400,30,16,190,FWD,E11,E12,E6,E7,8.953000,226.555000,OK
8,14,adjacent,400,30,16,191,REV,E12,E11,E6,E7,11.578000,224.958000,OK
8,14,adjacent,400,30,16,192,FWD,E11,E12,E7,E8,19.602000,227.592000,OK
8,14,adjacent,400,30,16,193,REV,E12,E11,E7,E8,23.039000,225.996000,OK
8,14,adjacent,400,30,16,194,FWD,E11,E12,E8,E9,41.352000,228.071000,OK
8,14,adjacent,400,30,16,195,REV,E12,E11,E8,E9,46.570000,225.996000,OK
8,14,adjacent,400,30,16,196,FWD,E11,E12,E9,E10,-52.539000,228.310000,OK
8,14,adjacent,400,30,16,197,REV,E12,E11,E9,E10,-40.188000,226.634000,OK
8,14,adjacent,400,30,16,198,FWD,E12,E1,E2,E3,31.375000,95.841000,OK
8,14,adjacent,400,30,16,199,REV,E1,E12,E2,E3,40.242000,255.442000,OK
8,14,adjacent,400,30,16,200,FWD,E12,E1,E3,E4,5.969000,213.547000,OK
8,14,adjacent,400,30,16,201,REV,E1,E12,E3,E4,10.805000,229.427000,OK
8,14,adjacent,400,30,16,202,FWD,E12,E1,E4,E5,-4.539000,222.086000,OK
8,14,adjacent,400,30,16,203,REV,E1,E12,E4,E5,-1.250000,226.794000,OK
8,14,adjacent,400,30,16,204,FWD,E12,E1,E5,E6,-43.734000,223.362000,OK
8,14,adjacent,400,30,16,205,REV,E1,E12,E5,E6,-41.195000,226.954000,OK
8,14,adjacent,400,30,16,206,FWD,E12,E1,E6,E7,8.875000,224.480000,OK
8,14,adjacent,400,30,16,207,REV,E1,E12,E6,E7,11.516000,225.677000,OK
8,14,adjacent,400,30,16,208,FWD,E12,E1,E7,E8,17.891000,224.639000,OK
8,14,adjacent,400,30,16,209,REV,E1,E12,E7,E8,20.836000,227.113000,OK
8,14,adjacent,400,30,16,210,FWD,E12,E1,E8,E9,44.602000,224.400000,OK
8,14,adjacent,400,30,16,211,REV,E1,E12,E8,E9,48.414000,226.235000,OK
8,14,adjacent,400,30,16,212,FWD,E12,E1,E9,E10,-42.344000,225.597000,OK
8,14,adjacent,400,30,16,213,REV,E1,E12,E9,E10,-37.461000,226.874000,OK
8,14,adjacent,400,30,16,214,FWD,E12,E1,E10,E11,25.352000,224.719000,OK
8,14,adjacent,400,30,16,215,REV,E1,E12,E10,E11,35.672000,227.033000,OK
9,15,adjacent,400,30,16,0,FWD,E1,E2,E3,E4,6.625000,95.921000,OK
9,15,adjacent,400,30,16,1,REV,E2,E1,E3,E4,13.914000,261.108000,OK
9,15,adjacent,400,30,16,2,FWD,E1,E2,E4,E5,-5.359000,225.198000,OK
9,15,adjacent,400,30,16,3,REV,E2,E1,E4,E5,-0.625000,236.689000,OK
9,15,adjacent,400,30,16,4,FWD,E1,E2,E5,E6,-45.258000,235.492000,OK
9,15,adjacent,400,30,16,5,REV,E2,E1,E5,E6,-42.047000,233.657000,OK
9,15,adjacent,400,30,16,6,FWD,E1,E2,E6,E7,8.914000,237.328000,OK
9,15,adjacent,400,30,16,7,REV,E2,E1,E6,E7,11.727000,232.939000,OK
9,15,adjacent,400,30,16,8,FWD,E1,E2,E7,E8,16.617000,238.525000,OK
9,15,adjacent,400,30,16,9,REV,E2,E1,E7,E8,19.437000,232.699000,OK
9,15,adjacent,400,30,16,10,FWD,E1,E2,E8,E9,47.930000,238.604000,OK
9,15,adjacent,400,30,16,11,REV,E2,E1,E8,E9,51.055000,233.178000,OK
9,15,adjacent,400,30,16,12,FWD,E1,E2,E9,E10,-42.563000,238.764000,OK
9,15,adjacent,400,30,16,13,REV,E2,E1,E9,E10,-39.273000,232.220000,OK
9,15,adjacent,400,30,16,14,FWD,E1,E2,E10,E11,24.023000,238.684000,OK
9,15,adjacent,400,30,16,15,REV,E2,E1,E10,E11,29.047000,232.619000,OK
9,15,adjacent,400,30,16,16,FWD,E1,E2,E11,E12,2.945000,238.046000,OK
9,15,adjacent,400,30,16,17,REV,E2,E1,E11,E12,12.227000,232.141000,OK
9,15,adjacent,400,30,16,18,FWD,E2,E3,E4,E5,-6.070000,100.948000,OK
9,15,adjacent,400,30,16,19,REV,E3,E2,E4,E5,2.617000,272.280000,OK
9,15,adjacent,400,30,16,20,FWD,E2,E3,E5,E6,-47.328000,208.440000,OK
9,15,adjacent,400,30,16,21,REV,E3,E2,E5,E6,-42.109000,237.806000,OK
9,15,adjacent,400,30,16,22,FWD,E2,E3,E6,E7,8.344000,219.692000,OK
9,15,adjacent,400,30,16,23,REV,E3,E2,E6,E7,12.250000,233.577000,OK
9,15,adjacent,400,30,16,24,FWD,E2,E3,E7,E8,15.164000,222.006000,OK
9,15,adjacent,400,30,16,25,REV,E3,E2,E7,E8,18.492000,231.502000,OK
9,15,adjacent,400,30,16,26,FWD,E2,E3,E8,E9,50.711000,223.362000,OK
9,15,adjacent,400,30,16,27,REV,E3,E2,E8,E9,53.922000,231.742000,OK
9,15,adjacent,400,30,16,28,FWD,E2,E3,E9,E10,-43.898000,223.442000,OK
9,15,adjacent,400,30,16,29,REV,E3,E2,E9,E10,-41.063000,230.704000,OK
9,15,adjacent,400,30,16,30,FWD,E2,E3,E10,E11,21.422000,223.841000,OK
9,15,adjacent,400,30,16,31,REV,E3,E2,E10,E11,25.242000,230.864000,OK
9,15,adjacent,400,30,16,32,FWD,E2,E3,E11,E12,1.734000,223.442000,OK
9,15,adjacent,400,30,16,33,REV,E3,E2,E11,E12,7.102000,231.103000,OK
9,15,adjacent,400,30,16,34,FWD,E2,E3,E12,E1,-0.406000,224.320000,OK
9,15,adjacent,400,30,16,35,REV,E3,E2,E12,E1,10.602000,230.944000,OK
9,15,adjacent,400,30,16,36,FWD,E3,E4,E1,E2,7.047000,77.726000,OK
9,15,adjacent,400,30,16,37,REV,E4,E3,E1,E2,4.172000,247.702000,OK
9,15,adjacent,400,30,16,38,FWD,E3,E4,E5,E6,-49.430000,201.337000,OK
9,15,adjacent,400,30,16,39,REV,E4,E3,E5,E6,-37.813000,220.729000,OK
9,15,adjacent,400,30,16,40,FWD,E3,E4,E6,E7,7.875000,210.594000,OK
9,15,adjacent,400,30,16,41,REV,E4,E3,E6,E7,12.984000,217.138000,OK
9,15,adjacent,400,30,16,42,FWD,E3,E4,E7,E8,14.141000,213.547000,OK
9,15,adjacent,400,30,16,43,REV,E4,E3,E7,E8,17.633000,217.218000,OK
9,15,adjacent,400,30,16,44,FWD,E3,E4,E8,E9,54.031000,214.185000,OK
9,15,adjacent,400,30,16,45,REV,E4,E3,E8,E9,56.930000,216.180000,OK
9,15,adjacent,400,30,16,46,FWD,E3,E4,E9,E10,-45.219000,215.622000,OK
9,15,adjacent,400,30,16,47,REV,E4,E3,E9,E10,-43.086000,217.218000,OK
9,15,adjacent,400,30,16,48,FWD,E3,E4,E10,E11,20.234000,215.622000,OK
9,15,adjacent,400,30,16,49,REV,E4,E3,E10,E11,22.820000,217.138000,OK
9,15,adjacent,400,30,16,50,FWD,E3,E4,E11,E12,1.922000,216.340000,OK
9,15,adjacent,400,30,16,51,REV,E4,E3,E11,E12,4.984000,217.537000,OK
9,15,adjacent,400,30,16,52,FWD,E3,E4,E12,E1,-1.641000,216.899000,OK
9,15,adjacent,400,30,16,53,REV,E4,E3,E12,E1,2.969000,217.697000,OK
9,15,adjacent,400,30,16,54,FWD,E4,E5,E1,E2,-25.781000,92.250000,OK
9,15,adjacent,400,30,16,55,REV,E5,E4,E1,E2,-22.383000,259.113000,OK
9,15,adjacent,400,30,16,56,FWD,E4,E5,E2,E3,51.820000,213.148000,OK
9,15,adjacent,400,30,16,57,REV,E5,E4,E2,E3,57.109000,231.901000,OK
9,15,adjacent,400,30,16,58,FWD,E4,E5,E6,E7,5.391000,223.362000,OK
9,15,adjacent,400,30,16,59,REV,E5,E4,E6,E7,15.641000,229.427000,OK
9,15,adjacent,400,30,16,60,FWD,E4,E5,E7,E8,12.359000,224.400000,OK
9,15,adjacent,400,30,16,61,REV,E5,E4,E7,E8,17.633000,228.869000,OK
9,15,adjacent,400,30,16,62,FWD,E4,E5,E8,E9,56.555000,226.395000,OK
9,15,adjacent,400,30,16,63,REV,E5,E4,E8,E9,60.109000,228.550000,OK
9,15,adjacent,400,30,16,64,FWD,E4,E5,E9,E10,-46.977000,226.874000,OK
9,15,adjacent,400,30,16,65,REV,E5,E4,E9,E10,-44.609000,228.869000,OK
9,15,adjacent,400,30,16,66,FWD,E4,E5,E10,E11,19.125000,227.672000,OK
9,15,adjacent,400,30,16,67,REV,E5,E4,E10,E11,21.625000,229.028000,OK
9,15,adjacent,400,30,16,68,FWD,E4,E5,E11,E12,1.672000,227.911000,OK
9,15,adjacent,400,30,16,69,REV,E5,E4,E11,E12,4.258000,228.629000,OK
9,15,adjacent,400,30,16,70,FWD,E4,E5,E12,E1,-3.461000,228.470000,OK
9,15,adjacent,400,30,16,71,REV,E5,E4,E12,E1,-0.117000,229.906000,OK
9,15,adjacent,400,30,16,72,FWD,E5,E6,E1,E2,-28.977000,108.529000,OK
9,15,adjacent,400,30,16,73,REV,E6,E5,E1,E2,-25.961000,274.994000,OK
9,15,adjacent,400,30,16,74,FWD,E5,E6,E2,E3,33.984000,237.328000,OK
9,15,adjacent,400,30,16,75,REV,E6,E5,E2,E3,39.680000,248.659000,OK
9,15,adjacent,400,30,16,76,FWD,E5,E6,E3,E4,13.211000,247.383000,OK
9,15,adjacent,400,30,16,77,REV,E6,E5,E3,E4,23.859000,244.988000,OK
9,15,adjacent,400,30,16,78,FWD,E5,E6,E7,E8,8.852000,249.378000,OK
9,15,adjacent,400,30,16,79,REV,E6,E5,E7,E8,20.500000,244.510000,OK
9,15,adjacent,400,30,16,80,FWD,E5,E6,E8,E9,58.195000,250.255000,OK
9,15,adjacent,400,30,16,81,REV,E6,E5,E8,E9,64.008000,243.712000,OK
9,15,adjacent,400,30,16,82,FWD,E5,E6,E9,E10,-48.977000,250.734000,OK
9,15,adjacent,400,30,16,83,REV,E6,E5,E9,E10,-45.602000,244.669000,OK
9,15,adjacent,400,30,16,84,FWD,E5,E6,E10,E11,18.125000,251.213000,OK
9,15,adjacent,400,30,16,85,REV,E6,E5,E10,E11,21.180000,243.871000,OK
9,15,adjacent,400,30,16,86,FWD,E5,E6,E11,E12,1.352000,251.293000,OK
9,15,adjacent,400,30,16,87,REV,E6,E5,E11,E12,4.062000,244.590000,OK
9,15,adjacent,400,30,16,88,FWD,E5,E6,E12,E1,-5.164000,251.293000,OK
9,15,adjacent,400,30,16,89,REV,E6,E5,E12,E1,-2.109000,243.871000,OK
9,15,adjacent,400,30,16,90,FWD,E6,E7,E1,E2,-29.922000,130.554000,OK
9,15,adjacent,400,30,16,91,REV,E7,E6,E1,E2,-26.922000,308.350000,OK
9,15,adjacent,400,30,16,92,FWD,E6,E7,E2,E3,32.203000,246.186000,OK
9,15,adjacent,400,30,16,93,REV,E7,E6,E2,E3,36.945000,272.600000,OK
9,15,adjacent,400,30,16,94,FWD,E6,E7,E3,E4,3.391000,259.432000,OK
9,15,adjacent,400,30,16,95,REV,E7,E6,E3,E4,10.258000,266.934000,OK
9,15,adjacent,400,30,16,96,FWD,E6,E7,E4,E5,5.367000,262.704000,OK
9,15,adjacent,400,30,16,97,REV,E7,E6,E4,E5,17.445000,265.497000,OK
9,15,adjacent,400,30,16,98,FWD,E6,E7,E8,E9,57.539000,262.624000,OK
9,15,adjacent,400,30,16,99,REV,E7,E6,E8,E9,69.867000,265.657000,OK
9,15,adjacent,400,30,16,100,FWD,E6,E7,E9,E10,-51.508000,263.422000,OK
9,15,adjacent,400,30,16,101,REV,E7,E6,E9,E10,-45.984000,264.380000,OK
9,15,adjacent,400,30,16,102,FWD,E6,E7,E10,E11,16.922000,263.263000,OK
9,15,adjacent,400,30,16,103,REV,E7,E6,E10,E11,21.281000,265.338000,OK
9,15,adjacent,400,30,16,104,FWD,E6,E7,E11,E12,0.797000,262.545000,OK
9,15,adjacent,400,30,16,105,REV,E7,E6,E11,E12,4.156000,264.620000,OK
9,15,adjacent,400,30,16,106,FWD,E6,E7,E12,E1,-6.977000,263.422000,OK
9,15,adjacent,400,30,16,107,REV,E7,E6,E12,E1,-3.516000,264.620000,OK
9,15,adjacent,400,30,16,108,FWD,E7,E8,E1,E2,-30.086000,101.586000,OK
9,15,adjacent,400,30,16,109,REV,E8,E7,E1,E2,-27.391000,285.368000,OK
9,15,adjacent,400,30,16,110,FWD,E7,E8,E2,E3,32.078000,225.836000,OK
9,15,adjacent,400,30,16,111,REV,E8,E7,E2,E3,35.703000,251.053000,OK
9,15,adjacent,400,30,16,112,FWD,E7,E8,E3,E4,4.227000,238.924000,OK
9,15,adjacent,400,30,16,113,REV,E8,E7,E3,E4,8.508000,245.547000,OK
9,15,adjacent,400,30,16,114,FWD,E7,E8,E4,E5,-1.133000,241.238000,OK
9,15,adjacent,400,30,16,115,REV,E8,E7,E4,E5,4.766000,245.707000,OK
9,15,adjacent,400,30,16,116,FWD,E7,E8,E5,E6,-33.203000,241.956000,OK
9,15,adjacent,400,30,16,117,REV,E8,E7,E5,E6,-22.602000,244.111000,OK
9,15,adjacent,400,30,16,118,FWD,E7,E8,E9,E10,-55.133000,242.275000,OK
9,15,adjacent,400,30,16,119,REV,E8,E7,E9,E10,-43.516000,245.228000,OK
9,15,adjacent,400,30,16,120,FWD,E7,E8,E10,E11,15.469000,241.796000,OK
9,15,adjacent,400,30,16,121,REV,E8,E7,E10,E11,22.047000,243.712000,OK
9,15,adjacent,400,30,16,122,FWD,E7,E8,E11,E12,0.320000,242.674000,OK
9,15,adjacent,400,30,16,123,REV,E8,E7,E11,E12,4.500000,243.951000,OK
9,15,adjacent,400,30,16,124,FWD,E7,E8,E12,E1,-8.586000,242.195000,OK
9,15,adjacent,400,30,16,125,REV,E8,E7,E12,E1,-5.039000,243.951000,OK
9,15,adjacent,400,30,16,126,FWD,E8,E9,E1,E2,-29.727000,69.028000,OK
9,15,adjacent,400,30,16,127,REV,E9,E8,E1,E2,-27.523000,254.565000,OK
9,15,adjacent,400,30,16,128,FWD,E8,E9,E2,E3,32.430000,193.198000,OK
9,15,adjacent,400,30,16,129,REV,E9,E8,E2,E3,35.070000,220.968000,OK
9,15,adjacent,400,30,16,130,FWD,E8,E9,E3,E4,5.187000,204.609000,OK
9,15,adjacent,400,30,16,131,REV,E9,E8,E3,E4,7.867000,217.537000,OK
9,15,adjacent,400,30,16,132,FWD,E8,E9,E4,E5,-1.977000,207.163000,OK
9,15,adjacent,400,30,16,133,REV,E9,E8,E4,E5,1.141000,215.542000,OK
9,15,adjacent,400,30,16,134,FWD,E8,E9,E5,E6,-36.828000,208.919000,OK
9,15,adjacent,400,30,16,135,REV,E9,E8,E5,E6,-32.422000,216.021000,OK
9,15,adjacent,400,30,16,136,FWD,E8,E9,E6,E7,11.602000,208.759000,OK
9,15,adjacent,400,30,16,137,REV,E9,E8,E6,E7,20.102000,216.021000,OK
9,15,adjacent,400,30,16,138,FWD,E8,E9,E10,E11,20.336000,209.956000,OK
9,15,adjacent,400,30,16,139,REV,E9,E8,E10,E11,34.383000,215.462000,OK
9,15,adjacent,400,30,16,140,FWD,E8,E9,E11,E12,1.016000,209.796000,OK
9,15,adjacent,400,30,16,141,REV,E9,E8,E11,E12,6.125000,215.622000,OK
9,15,adjacent,400,30,16,142,FWD,E8,E9,E12,E1,-9.727000,209.796000,OK
9,15,adjacent,400,30,16,143,REV,E9,E8,E12,E1,-6.273000,215.382000,OK
9,15,adjacent,400,30,16,144,FWD,E9,E10,E1,E2,-29.922000,93.048000,OK
9,15,adjacent,400,30,16,145,REV,E10,E9,E1,E2,-27.211000,251.851000,OK
9,15,adjacent,400,30,16,146,FWD,E9,E10,E2,E3,32.391000,213.148000,OK
9,15,adjacent,400,30,16,147,REV,E10,E9,E2,E3,35.148000,228.310000,OK
9,15,adjacent,400,30,16,148,FWD,E9,E10,E3,E4,5.687000,222.245000,OK
9,15,adjacent,400,30,16,149,REV,E10,E9,E3,E4,8.086000,226.395000,OK
9,15,adjacent,400,30,16,150,FWD,E9,E10,E4,E5,-2.688000,225.038000,OK
9,15,adjacent,400,30,16,151,REV,E10,E9,E4,E5,-0.227000,225.677000,OK
9,15,adjacent,400,30,16,152,FWD,E9,E10,E5,E6,-38.820000,225.757000,OK
9,15,adjacent,400,30,16,153,REV,E10,E9,E5,E6,-36.000000,226.475000,OK
9,15,adjacent,400,30,16,154,FWD,E9,E10,E6,E7,9.391000,226.555000,OK
9,15,adjacent,400,30,16,155,REV,E10,E9,E6,E7,13.719000,226.076000,OK
9,15,adjacent,400,30,16,156,FWD,E9,E10,E7,E8,27.180000,227.672000,OK
9,15,adjacent,400,30,16,157,REV,E10,E9,E7,E8,36.836000,226.475000,OK
9,15,adjacent,400,30,16,158,FWD,E9,E10,E11,E12,8.641000,227.033000,OK
9,15,adjacent,400,30,16,159,REV,E10,E9,E11,E12,21.953000,226.315000,OK
9,15,adjacent,400,30,16,160,FWD,E9,E10,E12,E1,-11.328000,228.390000,OK
9,15,adjacent,400,30,16,161,REV,E10,E9,E12,E1,-6.273000,226.395000,OK
9,15,adjacent,400,30,16,162,FWD,E10,E11,E1,E2,-30.312000,112.838000,OK
9,15,adjacent,400,30,16,163,REV,E11,E10,E1,E2,-25.734000,267.253000,OK
9,15,adjacent,400,30,16,164,FWD,E10,E11,E2,E3,31.891000,222.245000,OK
9,15,adjacent,400,30,16,165,REV,E11,E10,E2,E3,35.828000,241.158000,OK
9,15,adjacent,400,30,16,166,FWD,E10,E11,E3,E4,5.812000,231.422000,OK
9,15,adjacent,400,30,16,167,REV,E11,E10,E3,E4,8.773000,239.642000,OK
9,15,adjacent,400,30,16,168,FWD,E10,E11,E4,E5,-3.453000,233.258000,OK
9,15,adjacent,400,30,16,169,REV,E11,E10,E4,E5,-0.773000,239.243000,OK
9,15,adjacent,400,30,16,170,FWD,E10,E11,E5,E6,-40.805000,234.694000,OK
9,15,adjacent,400,30,16,171,REV,E11,E10,E5,E6,-38.070000,239.642000,OK
9,15,adjacent,400,30,16,172,FWD,E10,E11,E6,E7,8.750000,235.652000,OK
9,15,adjacent,400,30,16,173,REV,E11,E10,E6,E7,12.320000,239.003000,OK
9,15,adjacent,400,30,16,174,FWD,E10,E11,E7,E8,21.625000,235.492000,OK
9,15,adjacent,400,30,16,175,REV,E11,E10,E7,E8,27.594000,239.243000,OK
9,15,adjacent,400,30,16,176,FWD,E10,E11,E8,E9,35.969000,235.492000,OK
9,15,adjacent,400,30,16,177,REV,E11,E10,E8,E9,49.492000,239.083000,OK
9,15,adjacent,400,30,16,178,FWD,E10,E11,E12,E1,-8.758000,237.088000,OK
9,15,adjacent,400,30,16,179,REV,E11,E10,E12,E1,3.945000,239.562000,OK
9,15,adjacent,400,30,16,180,FWD,E11,E12,E1,E2,-30.734000,84.748000,OK
9,15,adjacent,400,30,16,181,REV,E12,E11,E1,E2,-23.484000,250.654000,OK
9,15,adjacent,400,30,16,182,FWD,E11,E12,E2,E3,31.562000,215.223000,OK
9,15,adjacent,400,30,16,183,REV,E12,E11,E2,E3,36.555000,227.113000,OK
9,15,adjacent,400,30,16,184,FWD,E11,E12,E3,E4,6.219000,223.761000,OK
9,15,adjacent,400,30,16,185,REV,E12,E11,E3,E4,9.352000,226.076000,OK
9,15,adjacent,400,30,16,186,FWD,E11,E12,E4,E5,-3.797000,225.517000,OK
9,15,adjacent,400,30,16,187,REV,E12,E11,E4,E5,-1.273000,224.719000,OK
9,15,adjacent,400,30,16,188,FWD,E11,E12,E5,E6,-42.227000,226.954000,OK
9,15,adjacent,400,30,16,189,REV,E12,E11,E5,E6,-39.984000,225.677000,OK
9,15,adjacent,400,30,16,190,FWD,E11,E12,E6,E7,8.906000,226.315000,OK
9,15,adjacent,400,30,16,191,REV,E12,E11,E6,E7,11.531000,225.437000,OK
9,15,adjacent,400,30,16,192,FWD,E11,E12,E7,E8,19.523000,228.390000,OK
9,15,adjacent,400,30,16,193,REV,E12,E11,E7,E8,23.000000,225.118000,OK
9,15,adjacent,400,30,16,194,FWD,E11,E12,E8,E9,41.195000,227.831000,OK
9,15,adjacent,400,30,16,195,REV,E12,E11,E8,E9,46.422000,226.156000,OK
9,15,adjacent,400,30,16,196,FWD,E11,E12,E9,E10,-52.188000,228.390000,OK
9,15,adjacent,400,30,16,197,REV,E12,E11,E9,E10,-39.914000,226.315000,OK
9,15,adjacent,400,30,16,198,FWD,E12,E1,E2,E3,31.344000,96.798000,OK
9,15,adjacent,400,30,16,199,REV,E1,E12,E2,E3,40.219000,255.283000,OK
9,15,adjacent,400,30,16,200,FWD,E12,E1,E3,E4,5.844000,213.547000,OK
9,15,adjacent,400,30,16,201,REV,E1,E12,E3,E4,10.680000,229.826000,OK
9,15,adjacent,400,30,16,202,FWD,E12,E1,E4,E5,-4.492000,222.086000,OK
9,15,adjacent,400,30,16,203,REV,E1,E12,E4,E5,-1.187000,226.555000,OK
9,15,adjacent,400,30,16,204,FWD,E12,E1,E5,E6,-43.766000,223.442000,OK
9,15,adjacent,400,30,16,205,REV,E1,E12,E5,E6,-41.164000,226.555000,OK
9,15,adjacent,400,30,16,206,FWD,E12,E1,E6,E7,8.859000,224.001000,OK
9,15,adjacent,400,30,16,207,REV,E1,E12,E6,E7,11.555000,226.156000,OK
9,15,adjacent,400,30,16,208,FWD,E12,E1,E7,E8,17.828000,224.559000,OK
9,15,adjacent,400,30,16,209,REV,E1,E12,E7,E8,20.812000,226.714000,OK
9,15,adjacent,400,30,16,210,FWD,E12,E1,E8,E9,44.484000,224.879000,OK
9,15,adjacent,400,30,16,211,REV,E1,E12,E8,E9,48.266000,227.033000,OK
9,15,adjacent,400,30,16,212,FWD,E12,E1,E9,E10,-42.188000,226.315000,OK
9,15,adjacent,400,30,16,213,REV,E1,E12,E9,E10,-37.328000,227.193000,OK
9,15,adjacent,400,30,16,214,FWD,E12,E1,E10,E11,25.484000,226.156000,OK
9,15,adjacent,400,30,16,215,REV,E1,E12,E10,E11,35.734000,228.071000,OK
