frame_index,frame_id,pattern,dac_code,settle_ms,sample_count,record_index,polarity,i_plus,i_minus,v_plus,v_minus,voltage_mv,current_ua,quality
0,36,adjacent,620,30,16,0,FWD,E1,E2,E3,E4,108.758000,401.079000,OK
0,36,adjacent,620,30,16,1,REV,E2,E1,E3,E4,117.016000,388.790000,OK
0,36,adjacent,620,30,16,2,FWD,E1,E2,E4,E5,8.641000,414.645000,OK
0,36,adjacent,620,30,16,3,REV,E2,E1,E4,E5,11.297000,384.241000,OK
0,36,adjacent,620,30,16,4,FWD,E1,E2,E5,E6,3.617000,416.800000,OK
0,36,adjacent,620,30,16,5,REV,E2,E1,E5,E6,5.477000,384.081000,OK
0,36,adjacent,620,30,16,6,FWD,E1,E2,E6,E7,-31.531000,417.039000,OK
0,36,adjacent,620,30,16,7,REV,E2,E1,E6,E7,-30.328000,382.805000,OK
0,36,adjacent,620,30,16,8,FWD,E1,E2,E7,E8,-22.672000,416.959000,OK
0,36,adjacent,620,30,16,9,REV,E2,E1,E7,E8,-21.398000,382.725000,OK
0,36,adjacent,620,30,16,10,FWD,E1,E2,E8,E9,27.781000,416.800000,OK
0,36,adjacent,620,30,16,11,REV,E2,E1,E8,E9,29.320000,383.203000,OK
0,36,adjacent,620,30,16,12,FWD,E1,E2,E9,E10,-8.359000,415.922000,OK
0,36,adjacent,620,30,16,13,REV,E2,E1,E9,E10,-6.500000,383.523000,OK
0,36,adjacent,620,30,16,14,FWD,E1,E2,E10,E11,32.203000,418.236000,OK
0,36,adjacent,620,30,16,15,REV,E2,E1,E10,E11,35.945000,382.964000,OK
0,36,adjacent,620,30,16,16,FWD,E1,E2,E11,E12,4.539000,417.199000,OK
0,36,adjacent,620,30,16,17,REV,E2,E1,E11,E12,15.656000,383.044000,OK
0,36,adjacent,620,30,16,18,FWD,E2,E3,E4,E5,5.539000,419.832000,OK
0,36,adjacent,620,30,16,19,REV,E3,E2,E4,E5,13.719000,368.999000,OK
0,36,adjacent,620,30,16,20,FWD,E2,E3,E5,E6,2.328000,434.675000,OK
0,36,adjacent,620,30,16,21,REV,E3,E2,E5,E6,6.484000,365.169000,OK
0,36,adjacent,620,30,16,22,FWD,E2,E3,E6,E7,-32.016000,435.553000,OK
0,36,adjacent,620,30,16,23,REV,E3,E2,E6,E7,-30.023000,365.169000,OK
0,36,adjacent,620,30,16,24,FWD,E2,E3,E7,E8,-22.906000,436.351000,OK
0,36,adjacent,620,30,16,25,REV,E3,E2,E7,E8,-21.258000,365.488000,OK
0,36,adjacent,620,30,16,26,FWD,E2,E3,E8,E9,27.773000,436.909000,OK
0,36,adjacent,620,30,16,27,REV,E3,E2,E8,E9,29.281000,366.126000,OK
0,36,adjacent,620,30,16,28,FWD,E2,E3,E9,E10,-8.281000,435.553000,OK
0,36,adjacent,620,30,16,29,REV,E3,E2,E9,E10,-6.812000,366.685000,OK
0,36,adjacent,620,30,16,30,FWD,E2,E3,E10,E11,32.977000,436.111000,OK
0,36,adjacent,620,30,16,31,REV,E3,E2,E10,E11,35.266000,365.647000,OK
0,36,adjacent,620,30,16,32,FWD,E2,E3,E11,E12,7.156000,436.191000,OK
0,36,adjacent,620,30,16,33,REV,E3,E2,E11,E12,12.820000,366.126000,OK
0,36,adjacent,620,30,16,34,FWD,E2,E3,E12,E1,-39.000000,437.548000,OK
0,36,adjacent,620,30,16,35,REV,E3,E2,E12,E1,-20.719000,366.286000,OK
0,36,adjacent,620,30,16,36,FWD,E3,E4,E1,E2,-35.594000,278.744000,OK
0,36,adjacent,620,30,16,37,REV,E4,E3,E1,E2,-31.391000,437.787000,OK
0,36,adjacent,620,30,16,38,FWD,E3,E4,E5,E6,1.406000,308.350000,OK
0,36,adjacent,620,30,16,39,REV,E4,E3,E5,E6,9.211000,429.568000,OK
0,36,adjacent,620,30,16,40,FWD,E3,E4,E6,E7,-32.031000,312.261000,OK
0,36,adjacent,620,30,16,41,REV,E4,E3,E6,E7,-29.375000,426.615000,OK
0,36,adjacent,620,30,16,42,FWD,E3,E4,E7,E8,-22.734000,314.335000,OK
0,36,adjacent,620,30,16,43,REV,E4,E3,E7,E8,-21.055000,425.418000,OK
0,36,adjacent,620,30,16,44,FWD,E3,E4,E8,E9,28.195000,315.054000,OK
0,36,adjacent,620,30,16,45,REV,E4,E3,E8,E9,29.367000,424.939000,OK
0,36,adjacent,620,30,16,46,FWD,E3,E4,E9,E10,-7.906000,315.133000,OK
0,36,adjacent,620,30,16,47,REV,E4,E3,E9,E10,-7.008000,424.540000,OK
0,36,adjacent,620,30,16,48,FWD,E3,E4,E10,E11,33.891000,316.011000,OK
0,36,adjacent,620,30,16,49,REV,E4,E3,E10,E11,34.953000,423.982000,OK
0,36,adjacent,620,30,16,50,FWD,E3,E4,E11,E12,9.422000,316.650000,OK
0,36,adjacent,620,30,16,51,REV,E4,E3,E11,E12,11.266000,422.705000,OK
0,36,adjacent,620,30,16,52,FWD,E3,E4,E12,E1,-31.156000,316.570000,OK
0,36,adjacent,620,30,16,53,REV,E4,E3,E12,E1,-26.227000,423.184000,OK
0,36,adjacent,620,30,16,54,FWD,E4,E5,E1,E2,-38.781000,383.443000,OK
0,36,adjacent,620,30,16,55,REV,E5,E4,E1,E2,-36.102000,422.146000,OK
0,36,adjacent,620,30,16,56,FWD,E4,E5,E2,E3,-65.477000,403.633000,OK
0,36,adjacent,620,30,16,57,REV,E5,E4,E2,E3,-59.516000,416.879000,OK
0,36,adjacent,620,30,16,58,FWD,E4,E5,E6,E7,-34.250000,407.543000,OK
0,36,adjacent,620,30,16,59,REV,E5,E4,E6,E7,-27.609000,414.485000,OK
0,36,adjacent,620,30,16,60,FWD,E4,E5,E7,E8,-23.633000,407.543000,OK
0,36,adjacent,620,30,16,61,REV,E5,E4,E7,E8,-20.445000,415.283000,OK
0,36,adjacent,620,30,16,62,FWD,E4,E5,E8,E9,27.781000,407.942000,OK
0,36,adjacent,620,30,16,63,REV,E5,E4,E8,E9,29.562000,414.485000,OK
0,36,adjacent,620,30,16,64,FWD,E4,E5,E9,E10,-8.141000,408.261000,OK
0,36,adjacent,620,30,16,65,REV,E5,E4,E9,E10,-7.078000,413.767000,OK
0,36,adjacent,620,30,16,66,FWD,E4,E5,E10,E11,34.016000,409.697000,OK
0,36,adjacent,620,30,16,67,REV,E5,E4,E10,E11,34.867000,413.608000,OK
0,36,adjacent,620,30,16,68,FWD,E4,E5,E11,E12,9.656000,409.059000,OK
0,36,adjacent,620,30,16,69,REV,E5,E4,E11,E12,10.781000,413.767000,OK
0,36,adjacent,620,30,16,70,FWD,E4,E5,E12,E1,-30.289000,409.139000,OK
0,36,adjacent,620,30,16,71,REV,E5,E4,E12,E1,-28.023000,413.209000,OK
0,36,adjacent,620,30,16,72,FWD,E5,E6,E1,E2,-38.438000,418.954000,OK
0,36,adjacent,620,30,16,73,REV,E6,E5,E1,E2,-36.352000,457.019000,OK
0,36,adjacent,620,30,16,74,FWD,E5,E6,E2,E3,-73.750000,434.356000,OK
0,36,adjacent,620,30,16,75,REV,E6,E5,E2,E3,-69.211000,452.072000,OK
0,36,adjacent,620,30,16,76,FWD,E5,E6,E3,E4,108.328000,436.510000,OK
0,36,adjacent,620,30,16,77,REV,E6,E5,E3,E4,117.336000,450.875000,OK
0,36,adjacent,620,30,16,78,FWD,E5,E6,E7,E8,-27.172000,437.787000,OK
0,36,adjacent,620,30,16,79,REV,E6,E5,E7,E8,-16.687000,452.151000,OK
0,36,adjacent,620,30,16,80,FWD,E5,E6,E8,E9,26.305000,436.032000,OK
0,36,adjacent,620,30,16,81,REV,E6,E5,E8,E9,31.180000,452.311000,OK
0,36,adjacent,620,30,16,82,FWD,E5,E6,E9,E10,-8.906000,438.186000,OK
0,36,adjacent,620,30,16,83,REV,E6,E5,E9,E10,-6.414000,451.433000,OK
0,36,adjacent,620,30,16,84,FWD,E5,E6,E10,E11,33.797000,438.585000,OK
0,36,adjacent,620,30,16,85,REV,E6,E5,E10,E11,35.258000,450.795000,OK
0,36,adjacent,620,30,16,86,FWD,E5,E6,E11,E12,9.563000,438.745000,OK
0,36,adjacent,620,30,16,87,REV,E6,E5,E11,E12,10.891000,451.274000,OK
0,36,adjacent,620,30,16,88,FWD,E5,E6,E12,E1,-30.250000,438.904000,OK
0,36,adjacent,620,30,16,89,REV,E6,E5,E12,E1,-28.148000,451.433000,OK
0,36,adjacent,620,30,16,90,FWD,E6,E7,E1,E2,-38.023000,434.675000,OK
0,36,adjacent,620,30,16,91,REV,E7,E6,E1,E2,-36.742000,426.695000,OK
0,36,adjacent,620,30,16,92,FWD,E6,E7,E2,E3,-73.773000,451.513000,OK
0,36,adjacent,620,30,16,93,REV,E7,E6,E2,E3,-71.617000,420.870000,OK
0,36,adjacent,620,30,16,94,FWD,E6,E7,E3,E4,109.945000,455.104000,OK
0,36,adjacent,620,30,16,95,REV,E7,E6,E3,E4,113.148000,418.156000,OK
0,36,adjacent,620,30,16,96,FWD,E6,E7,E4,E5,7.469000,456.461000,OK
0,36,adjacent,620,30,16,97,REV,E7,E6,E4,E5,14.422000,418.396000,OK
0,36,adjacent,620,30,16,98,FWD,E6,E7,E8,E9,24.227000,455.024000,OK
0,36,adjacent,620,30,16,99,REV,E7,E6,E8,E9,32.922000,419.273000,OK
0,36,adjacent,620,30,16,100,FWD,E6,E7,E9,E10,-9.820000,454.466000,OK
0,36,adjacent,620,30,16,101,REV,E7,E6,E9,E10,-5.867000,418.954000,OK
0,36,adjacent,620,30,16,102,FWD,E6,E7,E10,E11,33.688000,455.742000,OK
0,36,adjacent,620,30,16,103,REV,E7,E6,E10,E11,35.469000,417.677000,OK
0,36,adjacent,620,30,16,104,FWD,E6,E7,E11,E12,9.539000,457.099000,OK
0,36,adjacent,620,30,16,105,REV,E7,E6,E11,E12,10.820000,417.997000,OK
0,36,adjacent,620,30,16,106,FWD,E6,E7,E12,E1,-30.141000,456.700000,OK
0,36,adjacent,620,30,16,107,REV,E7,E6,E12,E1,-28.523000,418.316000,OK
0,36,adjacent,620,30,16,108,FWD,E7,E8,E1,E2,-38.023000,401.877000,OK
0,36,adjacent,620,30,16,109,REV,E8,E7,E1,E2,-36.711000,407.862000,OK
0,36,adjacent,620,30,16,110,FWD,E7,E8,E2,E3,-74.000000,421.907000,OK
0,36,adjacent,620,30,16,111,REV,E8,E7,E2,E3,-72.344000,402.196000,OK
0,36,adjacent,620,30,16,112,FWD,E7,E8,E3,E4,111.148000,422.944000,OK
0,36,adjacent,620,30,16,113,REV,E8,E7,E3,E4,113.039000,401.318000,OK
0,36,adjacent,620,30,16,114,FWD,E7,E8,E4,E5,8.766000,424.062000,OK
0,36,adjacent,620,30,16,115,REV,E8,E7,E4,E5,11.977000,401.478000,OK
0,36,adjacent,620,30,16,116,FWD,E7,E8,E5,E6,0.078000,424.620000,OK
0,36,adjacent,620,30,16,117,REV,E8,E7,E5,E6,9.500000,401.238000,OK
0,36,adjacent,620,30,16,118,FWD,E7,E8,E9,E10,-12.781000,424.780000,OK
0,36,adjacent,620,30,16,119,REV,E8,E7,E9,E10,-3.094000,401.637000,OK
0,36,adjacent,620,30,16,120,FWD,E7,E8,E10,E11,32.859000,423.742000,OK
0,36,adjacent,620,30,16,121,REV,E8,E7,E10,E11,36.438000,401.398000,OK
0,36,adjacent,620,30,16,122,FWD,E7,E8,E11,E12,9.227000,424.540000,OK
0,36,adjacent,620,30,16,123,REV,E8,E7,E11,E12,11.156000,399.882000,OK
0,36,adjacent,620,30,16,124,FWD,E7,E8,E12,E1,-30.406000,424.780000,OK
0,36,adjacent,620,30,16,125,REV,E8,E7,E12,E1,-28.406000,400.760000,OK
0,36,adjacent,620,30,16,126,FWD,E8,E9,E1,E2,-37.984000,358.705000,OK
0,36,adjacent,620,30,16,127,REV,E9,E8,E1,E2,-36.531000,432.840000,OK
0,36,adjacent,620,30,16,128,FWD,E8,E9,E2,E3,-74.125000,382.565000,OK
0,36,adjacent,620,30,16,129,REV,E9,E8,E2,E3,-72.609000,425.418000,OK
0,36,adjacent,620,30,16,130,FWD,E8,E9,E3,E4,111.797000,386.795000,OK
0,36,adjacent,620,30,16,131,REV,E9,E8,E3,E4,113.078000,423.583000,OK
0,36,adjacent,620,30,16,132,FWD,E8,E9,E4,E5,9.492000,387.832000,OK
0,36,adjacent,620,30,16,133,REV,E9,E8,E4,E5,11.234000,422.705000,OK
0,36,adjacent,620,30,16,134,FWD,E8,E9,E5,E6,2.375000,388.311000,OK
0,36,adjacent,620,30,16,135,REV,E9,E8,E5,E6,6.734000,423.184000,OK
0,36,adjacent,620,30,16,136,FWD,E8,E9,E6,E7,-34.242000,388.391000,OK
0,36,adjacent,620,30,16,137,REV,E9,E8,E6,E7,-26.297000,422.146000,OK
0,36,adjacent,620,30,16,138,FWD,E8,E9,E10,E11,30.836000,389.109000,OK
0,36,adjacent,620,30,16,139,REV,E9,E8,E10,E11,38.984000,421.747000,OK
0,36,adjacent,620,30,16,140,FWD,E8,E9,E11,E12,8.711000,389.508000,OK
0,36,adjacent,620,30,16,141,REV,E9,E8,E11,E12,11.945000,422.625000,OK
0,36,adjacent,620,30,16,142,FWD,E8,E9,E12,E1,-30.812000,389.189000,OK
0,36,adjacent,620,30,16,143,REV,E9,E8,E12,E1,-28.008000,421.747000,OK
0,36,adjacent,620,30,16,144,FWD,E9,E10,E1,E2,-38.289000,429.249000,OK
0,36,adjacent,620,30,16,145,REV,E10,E9,E1,E2,-36.258000,438.904000,OK
0,36,adjacent,620,30,16,146,FWD,E9,E10,E2,E3,-74.414000,444.650000,OK
0,36,adjacent,620,30,16,147,REV,E10,E9,E2,E3,-72.742000,435.553000,OK
0,36,adjacent,620,30,16,148,FWD,E9,E10,E3,E4,112.109000,446.486000,OK
0,36,adjacent,620,30,16,149,REV,E10,E9,E3,E4,113.234000,434.595000,OK
0,36,adjacent,620,30,16,150,FWD,E9,E10,E4,E5,9.492000,447.523000,OK
0,36,adjacent,620,30,16,151,REV,E10,E9,E4,E5,10.695000,433.159000,OK
0,36,adjacent,620,30,16,152,FWD,E9,E10,E5,E6,3.250000,447.762000,OK
0,36,adjacent,620,30,16,153,REV,E10,E9,E5,E6,5.750000,433.877000,OK
0,36,adjacent,620,30,16,154,FWD,E9,E10,E6,E7,-32.773000,447.284000,OK
0,36,adjacent,620,30,16,155,REV,E10,E9,E6,E7,-28.812000,434.515000,OK
0,36,adjacent,620,30,16,156,FWD,E9,E10,E7,E8,-26.203000,446.964000,OK
0,36,adjacent,620,30,16,157,REV,E10,E9,E7,E8,-15.773000,435.154000,OK
0,36,adjacent,620,30,16,158,FWD,E9,E10,E11,E12,6.031000,447.762000,OK
0,36,adjacent,620,30,16,159,REV,E10,E9,E11,E12,14.273000,433.877000,OK
0,36,adjacent,620,30,16,160,FWD,E9,E10,E12,E1,-31.812000,447.523000,OK
0,36,adjacent,620,30,16,161,REV,E10,E9,E12,E1,-27.344000,433.239000,OK
0,36,adjacent,620,30,16,162,FWD,E10,E11,E1,E2,-38.883000,353.358000,OK
0,36,adjacent,620,30,16,163,REV,E11,E10,E1,E2,-35.289000,429.328000,OK
0,36,adjacent,620,30,16,164,FWD,E10,E11,E2,E3,-74.750000,377.378000,OK
0,36,adjacent,620,30,16,165,REV,E11,E10,E2,E3,-72.445000,423.184000,OK
0,36,adjacent,620,30,16,166,FWD,E10,E11,E3,E4,112.391000,380.889000,OK
0,36,adjacent,620,30,16,167,REV,E11,E10,E3,E4,113.484000,421.907000,OK
0,36,adjacent,620,30,16,168,FWD,E10,E11,E4,E5,9.555000,381.927000,OK
0,36,adjacent,620,30,16,169,REV,E11,E10,E4,E5,10.367000,420.550000,OK
0,36,adjacent,620,30,16,170,FWD,E10,E11,E5,E6,3.938000,383.842000,OK
0,36,adjacent,620,30,16,171,REV,E11,E10,E5,E6,5.195000,419.752000,OK
0,36,adjacent,620,30,16,172,FWD,E10,E11,E6,E7,-31.625000,383.922000,OK
0,36,adjacent,620,30,16,173,REV,E11,E10,E6,E7,-30.008000,419.034000,OK
0,36,adjacent,620,30,16,174,FWD,E10,E11,E7,E8,-23.344000,383.842000,OK
0,36,adjacent,620,30,16,175,REV,E11,E10,E7,E8,-19.883000,419.513000,OK
0,36,adjacent,620,30,16,176,FWD,E10,E11,E8,E9,24.727000,384.081000,OK
0,36,adjacent,620,30,16,177,REV,E11,E10,E8,E9,32.750000,420.071000,OK
0,36,adjacent,620,30,16,178,FWD,E10,E11,E12,E1,-34.797000,385.598000,OK
0,36,adjacent,620,30,16,179,REV,E11,E10,E12,E1,-23.906000,420.391000,OK
0,36,adjacent,620,30,16,180,FWD,E11,E12,E1,E2,-41.797000,323.273000,OK
0,36,adjacent,620,30,16,181,REV,E12,E11,E1,E2,-32.031000,383.922000,OK
0,36,adjacent,620,30,16,182,FWD,E11,E12,E2,E3,-76.203000,349.847000,OK
0,36,adjacent,620,30,16,183,REV,E12,E11,E2,E3,-71.141000,375.702000,OK
0,36,adjacent,620,30,16,184,FWD,E11,E12,E3,E4,112.180000,352.161000,OK
0,36,adjacent,620,30,16,185,REV,E12,E11,E3,E4,114.000000,374.186000,OK
0,36,adjacent,620,30,16,186,FWD,E11,E12,E4,E5,9.492000,354.236000,OK
0,36,adjacent,620,30,16,187,REV,E12,E11,E4,E5,10.453000,371.712000,OK
0,36,adjacent,620,30,16,188,FWD,E11,E12,E5,E6,4.023000,355.273000,OK
0,36,adjacent,620,30,16,189,REV,E12,E11,E5,E6,5.117000,372.111000,OK
0,36,adjacent,620,30,16,190,FWD,E11,E12,E6,E7,-31.391000,355.672000,OK
0,36,adjacent,620,30,16,191,REV,E12,E11,E6,E7,-30.367000,372.271000,OK
0,36,adjacent,620,30,16,192,FWD,E11,E12,E7,E8,-22.680000,355.193000,OK
0,36,adjacent,620,30,16,193,REV,E12,E11,E7,E8,-21.008000,372.351000,OK
0,36,adjacent,620,30,16,194,FWD,E11,E12,E8,E9,27.250000,355.193000,OK
0,36,adjacent,620,30,16,195,REV,E12,E11,E8,E9,30.125000,371.872000,OK
0,36,adjacent,620,30,16,196,FWD,E11,E12,E9,E10,-10.391000,355.752000,OK
0,36,adjacent,620,30,16,197,REV,E12,E11,E9,E10,-3.813000,371.393000,OK
0,36,adjacent,620,30,16,198,FWD,E12,E1,E2,E3,-82.344000,363.253000,OK
0,36,adjacent,620,30,16,199,REV,E1,E12,E2,E3,-65.875000,352.400000,OK
0,36,adjacent,620,30,16,200,FWD,E12,E1,E3,E4,110.711000,379.772000,OK
0,36,adjacent,620,30,16,201,REV,E1,E12,E3,E4,115.664000,348.410000,OK
0,36,adjacent,620,30,16,202,FWD,E12,E1,E4,E5,8.625000,380.331000,OK
0,36,adjacent,620,30,16,203,REV,E1,E12,E4,E5,10.617000,347.533000,OK
0,36,adjacent,620,30,16,204,FWD,E12,E1,E5,E6,3.711000,381.208000,OK
0,36,adjacent,620,30,16,205,REV,E1,E12,E5,E6,5.453000,347.612000,OK
0,36,adjacent,620,30,16,206,FWD,E12,E1,E6,E7,-31.625000,380.410000,OK
0,36,adjacent,620,30,16,207,REV,E1,E12,E6,E7,-30.281000,346.256000,OK
0,36,adjacent,620,30,16,208,FWD,E12,E1,E7,E8,-22.867000,381.847000,OK
0,36,adjacent,620,30,16,209,REV,E1,E12,E7,E8,-21.062000,346.336000,OK
0,36,adjacent,620,30,16,210,FWD,E12,E1,E8,E9,27.391000,382.326000,OK
0,36,adjacent,620,30,16,211,REV,E1,E12,E8,E9,29.891000,347.692000,OK
0,36,adjacent,620,30,16,212,FWD,E12,E1,E9,E10,-9.500000,381.129000,OK
0,36,adjacent,620,30,16,213,REV,E1,E12,E9,E10,-5.828000,347.612000,OK
0,36,adjacent,620,30,16,214,FWD,E12,E1,E10,E11,29.016000,381.687000,OK
0,36,adjacent,620,30,16,215,REV,E1,E12,E10,E11,39.109000,347.772000,OK
1,37,adjacent,620,30,16,0,FWD,E1,E2,E3,E4,108.961000,400.600000,OK
1,37,adjacent,620,30,16,1,REV,E2,E1,E3,E4,117.125000,389.029000,OK
1,37,adjacent,620,30,16,2,FWD,E1,E2,E4,E5,8.477000,414.884000,OK
1,37,adjacent,620,30,16,3,REV,E2,E1,E4,E5,11.125000,384.241000,OK
1,37,adjacent,620,30,16,4,FWD,E1,E2,E5,E6,3.633000,416.959000,OK
1,37,adjacent,620,30,16,5,REV,E2,E1,E5,E6,5.500000,383.124000,OK
1,37,adjacent,620,30,16,6,FWD,E1,E2,E6,E7,-31.570000,416.480000,OK
1,37,adjacent,620,30,16,7,REV,E2,E1,E6,E7,-30.383000,382.884000,OK
1,37,adjacent,620,30,16,8,FWD,E1,E2,E7,E8,-22.578000,416.560000,OK
1,37,adjacent,620,30,16,9,REV,E2,E1,E7,E8,-21.320000,384.081000,OK
1,37,adjacent,620,30,16,10,FWD,E1,E2,E8,E9,27.984000,416.879000,OK
1,37,adjacent,620,30,16,11,REV,E2,E1,E8,E9,29.484000,382.565000,OK
1,37,adjacent,620,30,16,12,FWD,E1,E2,E9,E10,-8.750000,417.199000,OK
1,37,adjacent,620,30,16,13,REV,E2,E1,E9,E10,-6.867000,382.406000,OK
1,37,adjacent,620,30,16,14,FWD,E1,E2,E10,E11,32.227000,416.959000,OK
1,37,adjacent,620,30,16,15,REV,E2,E1,E10,E11,35.922000,383.682000,OK
1,37,adjacent,620,30,16,16,FWD,E1,E2,E11,E12,5.203000,416.401000,OK
1,37,adjacent,620,30,16,17,REV,E2,E1,E11,E12,16.336000,383.124000,OK
1,37,adjacent,620,30,16,18,FWD,E2,E3,E4,E5,5.406000,419.273000,OK
1,37,adjacent,620,30,16,19,REV,E3,E2,E4,E5,13.563000,369.079000,OK
1,37,adjacent,620,30,16,20,FWD,E2,E3,E5,E6,2.344000,434.595000,OK
1,37,adjacent,620,30,16,21,REV,E3,E2,E5,E6,6.477000,365.967000,OK
1,37,adjacent,620,30,16,22,FWD,E2,E3,E6,E7,-32.023000,436.590000,OK
1,37,adjacent,620,30,16,23,REV,E3,E2,E6,E7,-30.055000,365.248000,OK
1,37,adjacent,620,30,16,24,FWD,E2,E3,E7,E8,-22.805000,436.431000,OK
1,37,adjacent,620,30,16,25,REV,E3,E2,E7,E8,-21.195000,365.887000,OK
1,37,adjacent,620,30,16,26,FWD,E2,E3,E8,E9,27.977000,436.510000,OK
1,37,adjacent,620,30,16,27,REV,E3,E2,E8,E9,29.492000,366.126000,OK
1,37,adjacent,620,30,16,28,FWD,E2,E3,E9,E10,-8.734000,436.351000,OK
1,37,adjacent,620,30,16,29,REV,E3,E2,E9,E10,-7.211000,365.807000,OK
1,37,adjacent,620,30,16,30,FWD,E2,E3,E10,E11,32.977000,436.351000,OK
1,37,adjacent,620,30,16,31,REV,E3,E2,E10,E11,35.281000,366.525000,OK
1,37,adjacent,620,30,16,32,FWD,E2,E3,E11,E12,7.781000,436.032000,OK
1,37,adjacent,620,30,16,33,REV,E3,E2,E11,E12,13.469000,366.685000,OK
1,37,adjacent,620,30,16,34,FWD,E2,E3,E12,E1,-39.578000,436.111000,OK
1,37,adjacent,620,30,16,35,REV,E3,E2,E12,E1,-21.375000,366.525000,OK
1,37,adjacent,620,30,16,36,FWD,E3,E4,E1,E2,-35.500000,279.383000,OK
1,37,adjacent,620,30,16,37,REV,E4,E3,E1,E2,-31.328000,438.106000,OK
1,37,adjacent,620,30,16,38,FWD,E3,E4,E5,E6,1.477000,308.350000,OK
1,37,adjacent,620,30,16,39,REV,E4,E3,E5,E6,9.219000,428.131000,OK
1,37,adjacent,620,30,16,40,FWD,E3,E4,E6,E7,-32.063000,312.580000,OK
1,37,adjacent,620,30,16,41,REV,E4,E3,E6,E7,-29.430000,427.254000,OK
1,37,adjacent,620,30,16,42,FWD,E3,E4,E7,E8,-22.586000,314.096000,OK
1,37,adjacent,620,30,16,43,REV,E4,E3,E7,E8,-20.906000,425.259000,OK
1,37,adjacent,620,30,16,44,FWD,E3,E4,E8,E9,28.328000,313.697000,OK
1,37,adjacent,620,30,16,45,REV,E4,E3,E8,E9,29.453000,425.179000,OK
1,37,adjacent,620,30,16,46,FWD,E3,E4,E9,E10,-8.297000,316.011000,OK
1,37,adjacent,620,30,16,47,REV,E4,E3,E9,E10,-7.398000,424.221000,OK
1,37,adjacent,620,30,16,48,FWD,E3,E4,E10,E11,33.867000,316.091000,OK
1,37,adjacent,620,30,16,49,REV,E4,E3,E10,E11,34.906000,423.343000,OK
1,37,adjacent,620,30,16,50,FWD,E3,E4,E11,E12,10.109000,317.128000,OK
1,37,adjacent,620,30,16,51,REV,E4,E3,E11,E12,11.984000,424.062000,OK
1,37,adjacent,620,30,16,52,FWD,E3,E4,E12,E1,-31.781000,315.852000,OK
1,37,adjacent,620,30,16,53,REV,E4,E3,E12,E1,-26.820000,423.982000,OK
1,37,adjacent,620,30,16,54,FWD,E4,E5,E1,E2,-38.688000,383.203000,OK
1,37,adjacent,620,30,16,55,REV,E5,E4,E1,E2,-36.016000,423.663000,OK
1,37,adjacent,620,30,16,56,FWD,E4,E5,E2,E3,-65.492000,403.872000,OK
1,37,adjacent,620,30,16,57,REV,E5,E4,E2,E3,-59.477000,416.241000,OK
1,37,adjacent,620,30,16,58,FWD,E4,E5,E6,E7,-34.359000,406.585000,OK
1,37,adjacent,620,30,16,59,REV,E5,E4,E6,E7,-27.680000,414.246000,OK
1,37,adjacent,620,30,16,60,FWD,E4,E5,E7,E8,-23.437000,408.421000,OK
1,37,adjacent,620,30,16,61,REV,E5,E4,E7,E8,-20.250000,414.326000,OK
1,37,adjacent,620,30,16,62,FWD,E4,E5,E8,E9,27.930000,407.782000,OK
1,37,adjacent,620,30,16,63,REV,E5,E4,E8,E9,29.727000,414.406000,OK
1,37,adjacent,620,30,16,64,FWD,E4,E5,E9,E10,-8.523000,407.942000,OK
1,37,adjacent,620,30,16,65,REV,E5,E4,E9,E10,-7.430000,414.406000,OK
1,37,adjacent,620,30,16,66,FWD,E4,E5,E10,E11,34.016000,408.261000,OK
1,37,adjacent,620,30,16,67,REV,E5,E4,E10,E11,34.852000,413.288000,OK
1,37,adjacent,620,30,16,68,FWD,E4,E5,E11,E12,10.320000,410.176000,OK
1,37,adjacent,620,30,16,69,REV,E5,E4,E11,E12,11.391000,413.129000,OK
1,37,adjacent,620,30,16,70,FWD,E4,E5,E12,E1,-30.922000,409.458000,OK
1,37,adjacent,620,30,16,71,REV,E5,E4,E12,E1,-28.664000,413.448000,OK
1,37,adjacent,620,30,16,72,FWD,E5,E6,E1,E2,-38.320000,417.598000,OK
1,37,adjacent,620,30,16,73,REV,E6,E5,E1,E2,-36.258000,457.338000,OK
1,37,adjacent,620,30,16,74,FWD,E5,E6,E2,E3,-73.719000,434.356000,OK
1,37,adjacent,620,30,16,75,REV,E6,E5,E2,E3,-69.148000,452.311000,OK
1,37,adjacent,620,30,16,76,FWD,E5,E6,E3,E4,108.438000,436.191000,OK
1,37,adjacent,620,30,16,77,REV,E6,E5,E3,E4,117.477000,451.513000,OK
1,37,adjacent,620,30,16,78,FWD,E5,E6,E7,E8,-27.008000,438.027000,OK
1,37,adjacent,620,30,16,79,REV,E6,E5,E7,E8,-16.516000,451.114000,OK
1,37,adjacent,620,30,16,80,FWD,E5,E6,E8,E9,26.391000,437.229000,OK
1,37,adjacent,620,30,16,81,REV,E6,E5,E8,E9,31.266000,451.034000,OK
1,37,adjacent,620,30,16,82,FWD,E5,E6,E9,E10,-9.266000,437.867000,OK
1,37,adjacent,620,30,16,83,REV,E6,E5,E9,E10,-6.750000,451.752000,OK
1,37,adjacent,620,30,16,84,FWD,E5,E6,E10,E11,33.750000,437.947000,OK
1,37,adjacent,620,30,16,85,REV,E6,E5,E10,E11,35.227000,451.513000,OK
1,37,adjacent,620,30,16,86,FWD,E5,E6,E11,E12,10.219000,437.548000,OK
1,37,adjacent,620,30,16,87,REV,E6,E5,E11,E12,11.578000,450.635000,OK
1,37,adjacent,620,30,16,88,FWD,E5,E6,E12,E1,-30.891000,438.585000,OK
1,37,adjacent,620,30,16,89,REV,E6,E5,E12,E1,-28.797000,449.997000,OK
1,37,adjacent,620,30,16,90,FWD,E6,E7,E1,E2,-37.938000,434.276000,OK
1,37,adjacent,620,30,16,91,REV,E7,E6,E1,E2,-36.688000,426.216000,OK
1,37,adjacent,620,30,16,92,FWD,E6,E7,E2,E3,-73.766000,451.832000,OK
1,37,adjacent,620,30,16,93,REV,E7,E6,E2,E3,-71.594000,421.348000,OK
1,37,adjacent,620,30,16,94,FWD,E6,E7,E3,E4,110.070000,455.024000,OK
1,37,adjacent,620,30,16,95,REV,E7,E6,E3,E4,113.266000,418.795000,OK
1,37,adjacent,620,30,16,96,FWD,E6,E7,E4,E5,7.352000,456.620000,OK
1,37,adjacent,620,30,16,97,REV,E7,E6,E4,E5,14.320000,418.874000,OK
1,37,adjacent,620,30,16,98,FWD,E6,E7,E8,E9,24.289000,455.982000,OK
1,37,adjacent,620,30,16,99,REV,E7,E6,E8,E9,32.984000,418.555000,OK
1,37,adjacent,620,30,16,100,FWD,E6,E7,E9,E10,-10.102000,455.663000,OK
1,37,adjacent,620,30,16,101,REV,E7,E6,E9,E10,-6.180000,418.795000,OK
1,37,adjacent,620,30,16,102,FWD,E6,E7,E10,E11,33.594000,455.982000,OK
1,37,adjacent,620,30,16,103,REV,E7,E6,E10,E11,35.383000,418.396000,OK
1,37,adjacent,620,30,16,104,FWD,E6,E7,E11,E12,10.234000,456.221000,OK
1,37,adjacent,620,30,16,105,REV,E7,E6,E11,E12,11.484000,418.555000,OK
1,37,adjacent,620,30,16,106,FWD,E6,E7,E12,E1,-30.719000,456.221000,OK
1,37,adjacent,620,30,16,107,REV,E7,E6,E12,E1,-29.117000,418.316000,OK
1,37,adjacent,620,30,16,108,FWD,E7,E8,E1,E2,-37.930000,401.797000,OK
1,37,adjacent,620,30,16,109,REV,E8,E7,E1,E2,-36.664000,406.825000,OK
1,37,adjacent,620,30,16,110,FWD,E7,E8,E2,E3,-73.898000,421.348000,OK
1,37,adjacent,620,30,16,111,REV,E8,E7,E2,E3,-72.250000,402.116000,OK
1,37,adjacent,620,30,16,112,FWD,E7,E8,E3,E4,111.117000,423.104000,OK
1,37,adjacent,620,30,16,113,REV,E8,E7,E3,E4,113.008000,402.196000,OK
1,37,adjacent,620,30,16,114,FWD,E7,E8,E4,E5,8.742000,424.221000,OK
1,37,adjacent,620,30,16,115,REV,E8,E7,E4,E5,11.891000,400.840000,OK
1,37,adjacent,620,30,16,116,FWD,E7,E8,E5,E6,0.031000,424.461000,OK
1,37,adjacent,620,30,16,117,REV,E8,E7,E5,E6,9.484000,400.999000,OK
1,37,adjacent,620,30,16,118,FWD,E7,E8,E9,E10,-13.156000,424.780000,OK
1,37,adjacent,620,30,16,119,REV,E8,E7,E9,E10,-3.430000,401.398000,OK
1,37,adjacent,620,30,16,120,FWD,E7,E8,E10,E11,32.711000,423.663000,OK
1,37,adjacent,620,30,16,121,REV,E8,E7,E10,E11,36.320000,401.717000,OK
1,37,adjacent,620,30,16,122,FWD,E7,E8,E11,E12,9.914000,424.780000,OK
1,37,adjacent,620,30,16,123,REV,E8,E7,E11,E12,11.836000,401.558000,OK
1,37,adjacent,620,30,16,124,FWD,E7,E8,E12,E1,-30.922000,424.939000,OK
1,37,adjacent,620,30,16,125,REV,E8,E7,E12,E1,-28.937000,401.159000,OK
1,37,adjacent,620,30,16,126,FWD,E8,E9,E1,E2,-37.969000,359.662000,OK
1,37,adjacent,620,30,16,127,REV,E9,E8,E1,E2,-36.508000,433.079000,OK
1,37,adjacent,620,30,16,128,FWD,E8,E9,E2,E3,-74.008000,383.603000,OK
1,37,adjacent,620,30,16,129,REV,E9,E8,E2,E3,-72.508000,425.977000,OK
1,37,adjacent,620,30,16,130,FWD,E8,E9,E3,E4,111.883000,386.555000,OK
1,37,adjacent,620,30,16,131,REV,E9,E8,E3,E4,113.172000,425.019000,OK
1,37,adjacent,620,30,16,132,FWD,E8,E9,E4,E5,9.320000,388.311000,OK
1,37,adjacent,620,30,16,133,REV,E9,E8,E4,E5,11.063000,423.822000,OK
1,37,adjacent,620,30,16,134,FWD,E8,E9,E5,E6,2.352000,389.109000,OK
1,37,adjacent,620,30,16,135,REV,E9,E8,E5,E6,6.711000,422.705000,OK
1,37,adjacent,620,30,16,136,FWD,E8,E9,E6,E7,-34.281000,389.109000,OK
1,37,adjacent,620,30,16,137,REV,E9,E8,E6,E7,-26.289000,422.545000,OK
1,37,adjacent,620,30,16,138,FWD,E8,E9,E10,E11,30.742000,388.710000,OK
1,37,adjacent,620,30,16,139,REV,E9,E8,E10,E11,38.891000,422.625000,OK
1,37,adjacent,620,30,16,140,FWD,E8,E9,E11,E12,9.398000,389.109000,OK
1,37,adjacent,620,30,16,141,REV,E9,E8,E11,E12,12.641000,421.987000,OK
1,37,adjacent,620,30,16,142,FWD,E8,E9,E12,E1,-31.305000,388.391000,OK
1,37,adjacent,620,30,16,143,REV,E9,E8,E12,E1,-28.477000,421.668000,OK
1,37,adjacent,620,30,16,144,FWD,E9,E10,E1,E2,-38.344000,429.488000,OK
1,37,adjacent,620,30,16,145,REV,E10,E9,E1,E2,-36.328000,439.224000,OK
1,37,adjacent,620,30,16,146,FWD,E9,E10,E2,E3,-74.227000,444.969000,OK
1,37,adjacent,620,30,16,147,REV,E10,E9,E2,E3,-72.570000,434.994000,OK
1,37,adjacent,620,30,16,148,FWD,E9,E10,E3,E4,112.125000,446.486000,OK
1,37,adjacent,620,30,16,149,REV,E10,E9,E3,E4,113.273000,434.515000,OK
1,37,adjacent,620,30,16,150,FWD,E9,E10,E4,E5,9.367000,447.363000,OK
1,37,adjacent,620,30,16,151,REV,E10,E9,E4,E5,10.609000,434.356000,OK
1,37,adjacent,620,30,16,152,FWD,E9,E10,E5,E6,3.188000,448.481000,OK
1,37,adjacent,620,30,16,153,REV,E10,E9,E5,E6,5.695000,434.196000,OK
1,37,adjacent,620,30,16,154,FWD,E9,E10,E6,E7,-32.805000,448.082000,OK
1,37,adjacent,620,30,16,155,REV,E10,E9,E6,E7,-28.867000,433.638000,OK
1,37,adjacent,620,30,16,156,FWD,E9,E10,E7,E8,-25.852000,447.762000,OK
1,37,adjacent,620,30,16,157,REV,E10,E9,E7,E8,-15.422000,434.356000,OK
1,37,adjacent,620,30,16,158,FWD,E9,E10,E11,E12,6.703000,447.603000,OK
1,37,adjacent,620,30,16,159,REV,E10,E9,E11,E12,14.961000,433.717000,OK
1,37,adjacent,620,30,16,160,FWD,E9,E10,E12,E1,-32.297000,448.002000,OK
1,37,adjacent,620,30,16,161,REV,E10,E9,E12,E1,-27.797000,433.239000,OK
1,37,adjacent,620,30,16,162,FWD,E10,E11,E1,E2,-38.977000,353.039000,OK
1,37,adjacent,620,30,16,163,REV,E11,E10,E1,E2,-35.375000,428.690000,OK
1,37,adjacent,620,30,16,164,FWD,E10,E11,E2,E3,-74.578000,377.458000,OK
1,37,adjacent,620,30,16,165,REV,E11,E10,E2,E3,-72.250000,422.306000,OK
1,37,adjacent,620,30,16,166,FWD,E10,E11,E3,E4,112.469000,380.012000,OK
1,37,adjacent,620,30,16,167,REV,E11,E10,E3,E4,113.586000,422.066000,OK
1,37,adjacent,620,30,16,168,FWD,E10,E11,E4,E5,9.375000,381.368000,OK
1,37,adjacent,620,30,16,169,REV,E11,E10,E4,E5,10.227000,421.508000,OK
1,37,adjacent,620,30,16,170,FWD,E10,E11,E5,E6,3.875000,383.682000,OK
1,37,adjacent,620,30,16,171,REV,E11,E10,E5,E6,5.172000,419.353000,OK
1,37,adjacent,620,30,16,172,FWD,E10,E11,E6,E7,-31.641000,383.603000,OK
1,37,adjacent,620,30,16,173,REV,E11,E10,E6,E7,-30.031000,419.752000,OK
1,37,adjacent,620,30,16,174,FWD,E10,E11,E7,E8,-23.023000,385.039000,OK
1,37,adjacent,620,30,16,175,REV,E11,E10,E7,E8,-19.609000,419.752000,OK
1,37,adjacent,620,30,16,176,FWD,E10,E11,E8,E9,24.648000,383.443000,OK
1,37,adjacent,620,30,16,177,REV,E11,E10,E8,E9,32.680000,419.912000,OK
1,37,adjacent,620,30,16,178,FWD,E10,E11,E12,E1,-35.250000,384.161000,OK
1,37,adjacent,620,30,16,179,REV,E11,E10,E12,E1,-24.359000,419.992000,OK
1,37,adjacent,620,30,16,180,FWD,E11,E12,E1,E2,-41.859000,323.273000,OK
1,37,adjacent,620,30,16,181,REV,E12,E11,E1,E2,-32.094000,383.523000,OK
1,37,adjacent,620,30,16,182,FWD,E11,E12,E2,E3,-75.992000,349.607000,OK
1,37,adjacent,620,30,16,183,REV,E12,E11,E2,E3,-70.922000,375.942000,OK
1,37,adjacent,620,30,16,184,FWD,E11,E12,E3,E4,112.203000,352.560000,OK
1,37,adjacent,620,30,16,185,REV,E12,E11,E3,E4,114.086000,374.266000,OK
1,37,adjacent,620,30,16,186,FWD,E11,E12,E4,E5,9.234000,353.597000,OK
1,37,adjacent,620,30,16,187,REV,E12,E11,E4,E5,10.156000,373.308000,OK
1,37,adjacent,620,30,16,188,FWD,E11,E12,E5,E6,4.078000,354.794000,OK
1,37,adjacent,620,30,16,189,REV,E12,E11,E5,E6,5.141000,372.510000,OK
1,37,adjacent,620,30,16,190,FWD,E11,E12,E6,E7,-31.406000,355.353000,OK
1,37,adjacent,620,30,16,191,REV,E12,E11,E6,E7,-30.398000,372.031000,OK
1,37,adjacent,620,30,16,192,FWD,E11,E12,E7,E8,-22.383000,356.311000,OK
1,37,adjacent,620,30,16,193,REV,E12,E11,E7,E8,-20.695000,372.351000,OK
1,37,adjacent,620,30,16,194,FWD,E11,E12,E8,E9,27.133000,354.954000,OK
1,37,adjacent,620,30,16,195,REV,E12,E11,E8,E9,30.023000,372.510000,OK
1,37,adjacent,620,30,16,196,FWD,E11,E12,E9,E10,-10.688000,355.991000,OK
1,37,adjacent,620,30,16,197,REV,E12,E11,E9,E10,-4.117000,371.553000,OK
1,37,adjacent,620,30,16,198,FWD,E12,E1,E2,E3,-82.086000,363.652000,OK
1,37,adjacent,620,30,16,199,REV,E1,E12,E2,E3,-65.617000,352.720000,OK
1,37,adjacent,620,30,16,200,FWD,E12,E1,E3,E4,110.648000,380.251000,OK
1,37,adjacent,620,30,16,201,REV,E1,E12,E3,E4,115.625000,348.171000,OK
1,37,adjacent,620,30,16,202,FWD,E12,E1,E4,E5,8.469000,382.007000,OK
1,37,adjacent,620,30,16,203,REV,E1,E12,E4,E5,10.484000,347.533000,OK
1,37,adjacent,620,30,16,204,FWD,E12,E1,E5,E6,3.734000,381.208000,OK
1,37,adjacent,620,30,16,205,REV,E1,E12,E5,E6,5.492000,347.453000,OK
1,37,adjacent,620,30,16,206,FWD,E12,E1,E6,E7,-31.625000,381.687000,OK
1,37,adjacent,620,30,16,207,REV,E1,E12,E6,E7,-30.328000,346.655000,OK
1,37,adjacent,620,30,16,208,FWD,E12,E1,E7,E8,-22.523000,381.927000,OK
1,37,adjacent,620,30,16,209,REV,E1,E12,E7,E8,-20.742000,347.054000,OK
1,37,adjacent,620,30,16,210,FWD,E12,E1,E8,E9,27.258000,381.129000,OK
1,37,adjacent,620,30,16,211,REV,E1,E12,E8,E9,29.805000,347.772000,OK
1,37,adjacent,620,30,16,212,FWD,E12,E1,E9,E10,-9.789000,381.288000,OK
1,37,adjacent,620,30,16,213,REV,E1,E12,E9,E10,-6.109000,347.453000,OK
1,37,adjacent,620,30,16,214,FWD,E12,E1,E10,E11,28.906000,382.246000,OK
1,37,adjacent,620,30,16,215,REV,E1,E12,E10,E11,38.992000,346.415000,OK
2,38,adjacent,620,30,16,0,FWD,E1,E2,E3,E4,109.070000,401.238000,OK
2,38,adjacent,620,30,16,1,REV,E2,E1,E3,E4,117.227000,388.231000,OK
2,38,adjacent,620,30,16,2,FWD,E1,E2,E4,E5,8.148000,415.922000,OK
2,38,adjacent,620,30,16,3,REV,E2,E1,E4,E5,10.797000,384.720000,OK
2,38,adjacent,620,30,16,4,FWD,E1,E2,E5,E6,3.688000,416.161000,OK
2,38,adjacent,620,30,16,5,REV,E2,E1,E5,E6,5.578000,384.081000,OK
2,38,adjacent,620,30,16,6,FWD,E1,E2,E6,E7,-31.602000,416.480000,OK
2,38,adjacent,620,30,16,7,REV,E2,E1,E6,E7,-30.406000,383.443000,OK
2,38,adjacent,620,30,16,8,FWD,E1,E2,E7,E8,-22.281000,416.959000,OK
2,38,adjacent,620,30,16,9,REV,E2,E1,E7,E8,-21.031000,382.725000,OK
2,38,adjacent,620,30,16,10,FWD,E1,E2,E8,E9,27.914000,418.396000,OK
2,38,adjacent,620,30,16,11,REV,E2,E1,E8,E9,29.414000,383.044000,OK
2,38,adjacent,620,30,16,12,FWD,E1,E2,E9,E10,-9.055000,417.518000,OK
2,38,adjacent,620,30,16,13,REV,E2,E1,E9,E10,-7.187000,383.682000,OK
2,38,adjacent,620,30,16,14,FWD,E1,E2,E10,E11,32.086000,416.959000,OK
2,38,adjacent,620,30,16,15,REV,E2,E1,E10,E11,35.797000,383.603000,OK
2,38,adjacent,620,30,16,16,FWD,E1,E2,E11,E12,5.836000,417.278000,OK
2,38,adjacent,620,30,16,17,REV,E2,E1,E11,E12,17.016000,383.523000,OK
2,38,adjacent,620,30,16,18,FWD,E2,E3,E4,E5,5.070000,419.992000,OK
2,38,adjacent,620,30,16,19,REV,E3,E2,E4,E5,13.227000,368.680000,OK
2,38,adjacent,620,30,16,20,FWD,E2,E3,E5,E6,2.414000,435.074000,OK
2,38,adjacent,620,30,16,21,REV,E3,E2,E5,E6,6.570000,365.568000,OK
2,38,adjacent,620,30,16,22,FWD,E2,E3,E6,E7,-32.063000,435.872000,OK
2,38,adjacent,620,30,16,23,REV,E3,E2,E6,E7,-30.055000,365.169000,OK
2,38,adjacent,620,30,16,24,FWD,E2,E3,E7,E8,-22.523000,435.154000,OK
2,38,adjacent,620,30,16,25,REV,E3,E2,E7,E8,-20.930000,366.126000,OK
2,38,adjacent,620,30,16,26,FWD,E2,E3,E8,E9,27.937000,435.712000,OK
2,38,adjacent,620,30,16,27,REV,E3,E2,E8,E9,29.398000,365.408000,OK
2,38,adjacent,620,30,16,28,FWD,E2,E3,E9,E10,-8.984000,436.111000,OK
2,38,adjacent,620,30,16,29,REV,E3,E2,E9,E10,-7.469000,365.408000,OK
2,38,adjacent,620,30,16,30,FWD,E2,E3,E10,E11,32.828000,436.191000,OK
2,38,adjacent,620,30,16,31,REV,E3,E2,E10,E11,35.180000,367.243000,OK
2,38,adjacent,620,30,16,32,FWD,E2,E3,E11,E12,8.445000,436.032000,OK
2,38,adjacent,620,30,16,33,REV,E3,E2,E11,E12,14.133000,366.525000,OK
2,38,adjacent,620,30,16,34,FWD,E2,E3,E12,E1,-40.047000,436.909000,OK
2,38,adjacent,620,30,16,35,REV,E3,E2,E12,E1,-21.875000,366.525000,OK
2,38,adjacent,620,30,16,36,FWD,E3,E4,E1,E2,-35.508000,280.101000,OK
2,38,adjacent,620,30,16,37,REV,E4,E3,E1,E2,-31.352000,437.707000,OK
2,38,adjacent,620,30,16,38,FWD,E3,E4,E5,E6,1.492000,308.271000,OK
2,38,adjacent,620,30,16,39,REV,E4,E3,E5,E6,9.266000,429.408000,OK
2,38,adjacent,620,30,16,40,FWD,E3,E4,E6,E7,-32.102000,312.899000,OK
2,38,adjacent,620,30,16,41,REV,E4,E3,E6,E7,-29.461000,426.136000,OK
2,38,adjacent,620,30,16,42,FWD,E3,E4,E7,E8,-22.336000,314.415000,OK
2,38,adjacent,620,30,16,43,REV,E4,E3,E7,E8,-20.711000,424.780000,OK
2,38,adjacent,620,30,16,44,FWD,E3,E4,E8,E9,28.250000,315.293000,OK
2,38,adjacent,620,30,16,45,REV,E4,E3,E8,E9,29.445000,424.461000,OK
2,38,adjacent,620,30,16,46,FWD,E3,E4,E9,E10,-8.594000,315.772000,OK
2,38,adjacent,620,30,16,47,REV,E4,E3,E9,E10,-7.656000,423.503000,OK
2,38,adjacent,620,30,16,48,FWD,E3,E4,E10,E11,33.781000,315.852000,OK
2,38,adjacent,620,30,16,49,REV,E4,E3,E10,E11,34.844000,424.461000,OK
2,38,adjacent,620,30,16,50,FWD,E3,E4,E11,E12,10.742000,315.852000,OK
2,38,adjacent,620,30,16,51,REV,E4,E3,E11,E12,12.609000,424.062000,OK
2,38,adjacent,620,30,16,52,FWD,E3,E4,E12,E1,-32.328000,316.969000,OK
2,38,adjacent,620,30,16,53,REV,E4,E3,E12,E1,-27.375000,423.104000,OK
2,38,adjacent,620,30,16,54,FWD,E4,E5,E1,E2,-38.711000,383.363000,OK
2,38,adjacent,620,30,16,55,REV,E5,E4,E1,E2,-36.078000,423.264000,OK
2,38,adjacent,620,30,16,56,FWD,E4,E5,E2,E3,-65.250000,404.431000,OK
2,38,adjacent,620,30,16,57,REV,E5,E4,E2,E3,-59.266000,416.720000,OK
2,38,adjacent,620,30,16,58,FWD,E4,E5,E6,E7,-34.273000,406.745000,OK
2,38,adjacent,620,30,16,59,REV,E5,E4,E6,E7,-27.672000,415.523000,OK
2,38,adjacent,620,30,16,60,FWD,E4,E5,E7,E8,-23.242000,407.782000,OK
2,38,adjacent,620,30,16,61,REV,E5,E4,E7,E8,-20.031000,414.565000,OK
2,38,adjacent,620,30,16,62,FWD,E4,E5,E8,E9,27.883000,408.181000,OK
2,38,adjacent,620,30,16,63,REV,E5,E4,E8,E9,29.680000,413.927000,OK
2,38,adjacent,620,30,16,64,FWD,E4,E5,E9,E10,-8.820000,409.777000,OK
2,38,adjacent,620,30,16,65,REV,E5,E4,E9,E10,-7.711000,413.049000,OK
2,38,adjacent,620,30,16,66,FWD,E4,E5,E10,E11,33.875000,408.660000,OK
2,38,adjacent,620,30,16,67,REV,E5,E4,E10,E11,34.766000,413.528000,OK
2,38,adjacent,620,30,16,68,FWD,E4,E5,E11,E12,11.000000,408.899000,OK
2,38,adjacent,620,30,16,69,REV,E5,E4,E11,E12,12.078000,414.485000,OK
2,38,adjacent,620,30,16,70,FWD,E4,E5,E12,E1,-31.422000,409.618000,OK
2,38,adjacent,620,30,16,71,REV,E5,E4,E12,E1,-29.148000,413.049000,OK
2,38,adjacent,620,30,16,72,FWD,E5,E6,E1,E2,-38.375000,418.954000,OK
2,38,adjacent,620,30,16,73,REV,E6,E5,E1,E2,-36.352000,456.062000,OK
2,38,adjacent,620,30,16,74,FWD,E5,E6,E2,E3,-73.563000,435.154000,OK
2,38,adjacent,620,30,16,75,REV,E6,E5,E2,E3,-69.016000,451.752000,OK
2,38,adjacent,620,30,16,76,FWD,E5,E6,E3,E4,108.789000,435.872000,OK
2,38,adjacent,620,30,16,77,REV,E6,E5,E3,E4,117.766000,452.231000,OK
2,38,adjacent,620,30,16,78,FWD,E5,E6,E7,E8,-26.727000,437.069000,OK
2,38,adjacent,620,30,16,79,REV,E6,E5,E7,E8,-16.312000,450.555000,OK
2,38,adjacent,620,30,16,80,FWD,E5,E6,E8,E9,26.383000,437.947000,OK
2,38,adjacent,620,30,16,81,REV,E6,E5,E8,E9,31.242000,450.476000,OK
2,38,adjacent,620,30,16,82,FWD,E5,E6,E9,E10,-9.586000,438.027000,OK
2,38,adjacent,620,30,16,83,REV,E6,E5,E9,E10,-7.031000,451.194000,OK
2,38,adjacent,620,30,16,84,FWD,E5,E6,E10,E11,33.641000,437.867000,OK
2,38,adjacent,620,30,16,85,REV,E6,E5,E10,E11,35.086000,450.875000,OK
2,38,adjacent,620,30,16,86,FWD,E5,E6,E11,E12,10.953000,437.548000,OK
2,38,adjacent,620,30,16,87,REV,E6,E5,E11,E12,12.297000,451.274000,OK
2,38,adjacent,620,30,16,88,FWD,E5,E6,E12,E1,-31.461000,438.027000,OK
2,38,adjacent,620,30,16,89,REV,E6,E5,E12,E1,-29.312000,449.837000,OK
2,38,adjacent,620,30,16,90,FWD,E6,E7,E1,E2,-37.992000,434.436000,OK
2,38,adjacent,620,30,16,91,REV,E7,E6,E1,E2,-36.727000,425.179000,OK
2,38,adjacent,620,30,16,92,FWD,E6,E7,E2,E3,-73.648000,453.029000,OK
2,38,adjacent,620,30,16,93,REV,E7,E6,E2,E3,-71.500000,420.710000,OK
2,38,adjacent,620,30,16,94,FWD,E6,E7,E3,E4,110.234000,454.306000,OK
2,38,adjacent,620,30,16,95,REV,E7,E6,E3,E4,113.422000,419.194000,OK
2,38,adjacent,620,30,16,96,FWD,E6,E7,E4,E5,6.937000,455.503000,OK
2,38,adjacent,620,30,16,97,REV,E7,E6,E4,E5,13.859000,418.795000,OK
2,38,adjacent,620,30,16,98,FWD,E6,E7,E8,E9,24.273000,455.503000,OK
2,38,adjacent,620,30,16,99,REV,E7,E6,E8,E9,32.938000,418.316000,OK
2,38,adjacent,620,30,16,100,FWD,E6,E7,E9,E10,-10.422000,456.062000,OK
2,38,adjacent,620,30,16,101,REV,E7,E6,E9,E10,-6.500000,418.156000,OK
2,38,adjacent,620,30,16,102,FWD,E6,E7,E10,E11,33.477000,455.982000,OK
2,38,adjacent,620,30,16,103,REV,E7,E6,E10,E11,35.258000,418.874000,OK
2,38,adjacent,620,30,16,104,FWD,E6,E7,E11,E12,11.000000,456.141000,OK
2,38,adjacent,620,30,16,105,REV,E7,E6,E11,E12,12.258000,418.236000,OK
2,38,adjacent,620,30,16,106,FWD,E6,E7,E12,E1,-31.266000,454.785000,OK
2,38,adjacent,620,30,16,107,REV,E7,E6,E12,E1,-29.656000,417.677000,OK
2,38,adjacent,620,30,16,108,FWD,E7,E8,E1,E2,-37.977000,402.196000,OK
2,38,adjacent,620,30,16,109,REV,E8,E7,E1,E2,-36.672000,407.862000,OK
2,38,adjacent,620,30,16,110,FWD,E7,E8,E2,E3,-73.836000,421.109000,OK
2,38,adjacent,620,30,16,111,REV,E8,E7,E2,E3,-72.172000,403.234000,OK
2,38,adjacent,620,30,16,112,FWD,E7,E8,E3,E4,111.398000,422.466000,OK
2,38,adjacent,620,30,16,113,REV,E8,E7,E3,E4,113.250000,402.196000,OK
2,38,adjacent,620,30,16,114,FWD,E7,E8,E4,E5,8.430000,423.343000,OK
2,38,adjacent,620,30,16,115,REV,E8,E7,E4,E5,11.609000,402.116000,OK
2,38,adjacent,620,30,16,116,FWD,E7,E8,E5,E6,0.031000,424.301000,OK
2,38,adjacent,620,30,16,117,REV,E8,E7,E5,E6,9.492000,400.999000,OK
2,38,adjacent,620,30,16,118,FWD,E7,E8,E9,E10,-13.430000,424.461000,OK
2,38,adjacent,620,30,16,119,REV,E8,E7,E9,E10,-3.672000,401.717000,OK
2,38,adjacent,620,30,16,120,FWD,E7,E8,E10,E11,32.563000,424.461000,OK
2,38,adjacent,620,30,16,121,REV,E8,E7,E10,E11,36.133000,401.558000,OK
2,38,adjacent,620,30,16,122,FWD,E7,E8,E11,E12,10.656000,423.663000,OK
2,38,adjacent,620,30,16,123,REV,E8,E7,E11,E12,12.633000,402.196000,OK
2,38,adjacent,620,30,16,124,FWD,E7,E8,E12,E1,-31.516000,424.301000,OK
2,38,adjacent,620,30,16,125,REV,E8,E7,E12,E1,-29.492000,400.919000,OK
2,38,adjacent,620,30,16,126,FWD,E8,E9,E1,E2,-38.023000,358.864000,OK
2,38,adjacent,620,30,16,127,REV,E9,E8,E1,E2,-36.531000,432.201000,OK
2,38,adjacent,620,30,16,128,FWD,E8,E9,E2,E3,-73.891000,384.321000,OK
2,38,adjacent,620,30,16,129,REV,E9,E8,E2,E3,-72.406000,425.498000,OK
2,38,adjacent,620,30,16,130,FWD,E8,E9,E3,E4,112.055000,385.917000,OK
2,38,adjacent,620,30,16,131,REV,E9,E8,E3,E4,113.336000,424.461000,OK
2,38,adjacent,620,30,16,132,FWD,E8,E9,E4,E5,9.086000,387.672000,OK
2,38,adjacent,620,30,16,133,REV,E9,E8,E4,E5,10.766000,423.264000,OK
2,38,adjacent,620,30,16,134,FWD,E8,E9,E5,E6,2.375000,388.949000,OK
2,38,adjacent,620,30,16,135,REV,E9,E8,E5,E6,6.727000,422.625000,OK
2,38,adjacent,620,30,16,136,FWD,E8,E9,E6,E7,-34.242000,388.869000,OK
2,38,adjacent,620,30,16,137,REV,E9,E8,E6,E7,-26.344000,422.785000,OK
2,38,adjacent,620,30,16,138,FWD,E8,E9,E10,E11,30.508000,389.189000,OK
2,38,adjacent,620,30,16,139,REV,E9,E8,E10,E11,38.750000,422.785000,OK
2,38,adjacent,620,30,16,140,FWD,E8,E9,E11,E12,10.148000,388.869000,OK
2,38,adjacent,620,30,16,141,REV,E9,E8,E11,E12,13.367000,423.024000,OK
2,38,adjacent,620,30,16,142,FWD,E8,E9,E12,E1,-31.859000,389.428000,OK
2,38,adjacent,620,30,16,143,REV,E9,E8,E12,E1,-29.008000,422.226000,OK
2,38,adjacent,620,30,16,144,FWD,E9,E10,E1,E2,-38.391000,429.967000,OK
2,38,adjacent,620,30,16,145,REV,E10,E9,E1,E2,-36.367000,439.463000,OK
2,38,adjacent,620,30,16,146,FWD,E9,E10,E2,E3,-74.188000,446.246000,OK
2,38,adjacent,620,30,16,147,REV,E10,E9,E2,E3,-72.516000,434.515000,OK
2,38,adjacent,620,30,16,148,FWD,E9,E10,E3,E4,112.367000,446.246000,OK
2,38,adjacent,620,30,16,149,REV,E10,E9,E3,E4,113.508000,434.914000,OK
2,38,adjacent,620,30,16,150,FWD,E9,E10,E4,E5,9.148000,447.124000,OK
2,38,adjacent,620,30,16,151,REV,E10,E9,E4,E5,10.344000,433.957000,OK
2,38,adjacent,620,30,16,152,FWD,E9,E10,E5,E6,3.203000,447.842000,OK
2,38,adjacent,620,30,16,153,REV,E10,E9,E5,E6,5.727000,432.919000,OK
2,38,adjacent,620,30,16,154,FWD,E9,E10,E6,E7,-32.828000,448.401000,OK
2,38,adjacent,620,30,16,155,REV,E10,E9,E6,E7,-28.867000,434.276000,OK
2,38,adjacent,620,30,16,156,FWD,E9,E10,E7,E8,-25.617000,447.922000,OK
2,38,adjacent,620,30,16,157,REV,E10,E9,E7,E8,-15.180000,433.957000,OK
2,38,adjacent,620,30,16,158,FWD,E9,E10,E11,E12,7.453000,448.082000,OK
2,38,adjacent,620,30,16,159,REV,E10,E9,E11,E12,15.727000,433.318000,OK
2,38,adjacent,620,30,16,160,FWD,E9,E10,E12,E1,-32.844000,448.161000,OK
2,38,adjacent,620,30,16,161,REV,E10,E9,E12,E1,-28.391000,434.116000,OK
2,38,adjacent,620,30,16,162,FWD,E10,E11,E1,E2,-39.008000,353.198000,OK
2,38,adjacent,620,30,16,163,REV,E11,E10,E1,E2,-35.414000,429.328000,OK
2,38,adjacent,620,30,16,164,FWD,E10,E11,E2,E3,-74.492000,376.979000,OK
2,38,adjacent,620,30,16,165,REV,E11,E10,E2,E3,-72.180000,422.386000,OK
2,38,adjacent,620,30,16,166,FWD,E10,E11,E3,E4,112.711000,380.969000,OK
2,38,adjacent,620,30,16,167,REV,E11,E10,E3,E4,113.797000,421.189000,OK
2,38,adjacent,620,30,16,168,FWD,E10,E11,E4,E5,9.117000,381.927000,OK
2,38,adjacent,620,30,16,169,REV,E11,E10,E4,E5,9.938000,420.231000,OK
2,38,adjacent,620,30,16,170,FWD,E10,E11,E5,E6,3.891000,383.283000,OK
2,38,adjacent,620,30,16,171,REV,E11,E10,E5,E6,5.187000,419.353000,OK
2,38,adjacent,620,30,16,172,FWD,E10,E11,E6,E7,-31.641000,383.523000,OK
2,38,adjacent,620,30,16,173,REV,E11,E10,E6,E7,-30.023000,419.992000,OK
2,38,adjacent,620,30,16,174,FWD,E10,E11,E7,E8,-22.781000,383.603000,OK
2,38,adjacent,620,30,16,175,REV,E11,E10,E7,E8,-19.336000,420.231000,OK
2,38,adjacent,620,30,16,176,FWD,E10,E11,E8,E9,24.609000,384.640000,OK
2,38,adjacent,620,30,16,177,REV,E11,E10,E8,E9,32.625000,419.114000,OK
2,38,adjacent,620,30,16,178,FWD,E10,E11,E12,E1,-35.797000,384.800000,OK
2,38,adjacent,620,30,16,179,REV,E11,E10,E12,E1,-24.867000,418.715000,OK
2,38,adjacent,620,30,16,180,FWD,E11,E12,E1,E2,-41.906000,322.315000,OK
2,38,adjacent,620,30,16,181,REV,E12,E11,E1,E2,-32.094000,384.321000,OK
2,38,adjacent,620,30,16,182,FWD,E11,E12,E2,E3,-75.930000,349.288000,OK
2,38,adjacent,620,30,16,183,REV,E12,E11,E2,E3,-70.898000,376.740000,OK
2,38,adjacent,620,30,16,184,FWD,E11,E12,E3,E4,112.305000,352.321000,OK
2,38,adjacent,620,30,16,185,REV,E12,E11,E3,E4,114.102000,374.425000,OK
2,38,adjacent,620,30,16,186,FWD,E11,E12,E4,E5,9.133000,354.395000,OK
2,38,adjacent,620,30,16,187,REV,E12,E11,E4,E5,10.109000,372.750000,OK
2,38,adjacent,620,30,16,188,FWD,E11,E12,E5,E6,4.023000,355.592000,OK
2,38,adjacent,620,30,16,189,REV,E12,E11,E5,E6,5.125000,373.149000,OK
2,38,adjacent,620,30,16,190,FWD,E11,E12,E6,E7,-31.391000,355.193000,OK
2,38,adjacent,620,30,16,191,REV,E12,E11,E6,E7,-30.398000,372.750000,OK
2,38,adjacent,620,30,16,192,FWD,E11,E12,E7,E8,-22.133000,355.592000,OK
2,38,adjacent,620,30,16,193,REV,E12,E11,E7,E8,-20.422000,373.149000,OK
2,38,adjacent,620,30,16,194,FWD,E11,E12,E8,E9,27.070000,355.193000,OK
2,38,adjacent,620,30,16,195,REV,E12,E11,E8,E9,30.000000,372.989000,OK
2,38,adjacent,620,30,16,196,FWD,E11,E12,E9,E10,-10.977000,355.273000,OK
2,38,adjacent,620,30,16,197,REV,E12,E11,E9,E10,-4.391000,371.233000,OK
2,38,adjacent,620,30,16,198,FWD,E12,E1,E2,E3,-82.172000,363.573000,OK
2,38,adjacent,620,30,16,199,REV,E1,E12,E2,E3,-65.703000,352.400000,OK
2,38,adjacent,620,30,16,200,FWD,E12,E1,E3,E4,110.625000,379.293000,OK
2,38,adjacent,620,30,16,201,REV,E1,E12,E3,E4,115.594000,348.969000,OK
2,38,adjacent,620,30,16,202,FWD,E12,E1,E4,E5,8.492000,381.528000,OK
2,38,adjacent,620,30,16,203,REV,E1,E12,E4,E5,10.477000,346.735000,OK
2,38,adjacent,620,30,16,204,FWD,E12,E1,E5,E6,3.680000,382.406000,OK
2,38,adjacent,620,30,16,205,REV,E1,E12,E5,E6,5.406000,347.692000,OK
2,38,adjacent,620,30,16,206,FWD,E12,E1,E6,E7,-31.625000,382.007000,OK
2,38,adjacent,620,30,16,207,REV,E1,E12,E6,E7,-30.305000,347.453000,OK
2,38,adjacent,620,30,16,208,FWD,E12,E1,E7,E8,-22.352000,382.166000,OK
2,38,adjacent,620,30,16,209,REV,E1,E12,E7,E8,-20.586000,348.251000,OK
2,38,adjacent,620,30,16,210,FWD,E12,E1,E8,E9,27.250000,382.166000,OK
2,38,adjacent,620,30,16,211,REV,E1,E12,E8,E9,29.812000,347.054000,OK
2,38,adjacent,620,30,16,212,FWD,E12,E1,E9,E10,-10.070000,383.044000,OK
2,38,adjacent,620,30,16,213,REV,E1,E12,E9,E10,-6.391000,346.256000,OK
2,38,adjacent,620,30,16,214,FWD,E12,E1,E10,E11,28.836000,382.166000,OK
2,38,adjacent,620,30,16,215,REV,E1,E12,E10,E11,38.906000,347.533000,OK
3,39,adjacent,620,30,16,0,FWD,E1,E2,E3,E4,109.063000,399.962000,OK
3,39,adjacent,620,30,16,1,REV,E2,E1,E3,E4,117.250000,389.428000,OK
3,39,adjacent,620,30,16,2,FWD,E1,E2,E4,E5,8.086000,415.124000,OK
3,39,adjacent,620,30,16,3,REV,E2,E1,E4,E5,10.742000,385.278000,OK
3,39,adjacent,620,30,16,4,FWD,E1,E2,E5,E6,3.695000,416.720000,OK
3,39,adjacent,620,30,16,5,REV,E2,E1,E5,E6,5.555000,382.645000,OK
3,39,adjacent,620,30,16,6,FWD,E1,E2,E6,E7,-31.555000,417.119000,OK
3,39,adjacent,620,30,16,7,REV,E2,E1,E6,E7,-30.383000,383.523000,OK
3,39,adjacent,620,30,16,8,FWD,E1,E2,E7,E8,-22.102000,416.640000,OK
3,39,adjacent,620,30,16,9,REV,E2,E1,E7,E8,-20.828000,383.443000,OK
3,39,adjacent,620,30,16,10,FWD,E1,E2,E8,E9,27.922000,417.199000,OK
3,39,adjacent,620,30,16,11,REV,E2,E1,E8,E9,29.406000,383.603000,OK
3,39,adjacent,620,30,16,12,FWD,E1,E2,E9,E10,-9.320000,417.039000,OK
3,39,adjacent,620,30,16,13,REV,E2,E1,E9,E10,-7.461000,383.124000,OK
3,39,adjacent,620,30,16,14,FWD,E1,E2,E10,E11,31.977000,417.438000,OK
3,39,adjacent,620,30,16,15,REV,E2,E1,E10,E11,35.719000,383.203000,OK
3,39,adjacent,620,30,16,16,FWD,E1,E2,E11,E12,6.539000,417.119000,OK
3,39,adjacent,620,30,16,17,REV,E2,E1,E11,E12,17.687000,384.241000,OK
3,39,adjacent,620,30,16,18,FWD,E2,E3,E4,E5,4.945000,418.954000,OK
3,39,adjacent,620,30,16,19,REV,E3,E2,E4,E5,13.125000,368.201000,OK
3,39,adjacent,620,30,16,20,FWD,E2,E3,E5,E6,2.398000,434.515000,OK
3,39,adjacent,620,30,16,21,REV,E3,E2,E5,E6,6.531000,365.887000,OK
3,39,adjacent,620,30,16,22,FWD,E2,E3,E6,E7,-32.047000,436.670000,OK
3,39,adjacent,620,30,16,23,REV,E3,E2,E6,E7,-30.055000,366.445000,OK
3,39,adjacent,620,30,16,24,FWD,E2,E3,E7,E8,-22.344000,436.032000,OK
3,39,adjacent,620,30,16,25,REV,E3,E2,E7,E8,-20.734000,365.807000,OK
3,39,adjacent,620,30,16,26,FWD,E2,E3,E8,E9,27.922000,435.154000,OK
3,39,adjacent,620,30,16,27,REV,E3,E2,E8,E9,29.430000,365.887000,OK
3,39,adjacent,620,30,16,28,FWD,E2,E3,E9,E10,-9.258000,436.670000,OK
3,39,adjacent,620,30,16,29,REV,E3,E2,E9,E10,-7.758000,365.408000,OK
3,39,adjacent,620,30,16,30,FWD,E2,E3,E10,E11,32.742000,435.952000,OK
3,39,adjacent,620,30,16,31,REV,E3,E2,E10,E11,35.086000,366.605000,OK
3,39,adjacent,620,30,16,32,FWD,E2,E3,E11,E12,9.133000,436.032000,OK
3,39,adjacent,620,30,16,33,REV,E3,E2,E11,E12,14.820000,365.807000,OK
3,39,adjacent,620,30,16,34,FWD,E2,E3,E12,E1,-40.555000,436.032000,OK
3,39,adjacent,620,30,16,35,REV,E3,E2,E12,E1,-22.367000,365.009000,OK
3,39,adjacent,620,30,16,36,FWD,E3,E4,E1,E2,-35.414000,279.223000,OK
3,39,adjacent,620,30,16,37,REV,E4,E3,E1,E2,-31.258000,437.628000,OK
3,39,adjacent,620,30,16,38,FWD,E3,E4,E5,E6,1.500000,307.792000,OK
3,39,adjacent,620,30,16,39,REV,E4,E3,E5,E6,9.289000,429.009000,OK
3,39,adjacent,620,30,16,40,FWD,E3,E4,E6,E7,-32.063000,312.580000,OK
3,39,adjacent,620,30,16,41,REV,E4,E3,E6,E7,-29.453000,425.977000,OK
3,39,adjacent,620,30,16,42,FWD,E3,E4,E7,E8,-22.141000,314.814000,OK
3,39,adjacent,620,30,16,43,REV,E4,E3,E7,E8,-20.516000,425.737000,OK
3,39,adjacent,620,30,16,44,FWD,E3,E4,E8,E9,28.320000,314.814000,OK
3,39,adjacent,620,30,16,45,REV,E4,E3,E8,E9,29.484000,424.620000,OK
3,39,adjacent,620,30,16,46,FWD,E3,E4,E9,E10,-8.898000,315.692000,OK
3,39,adjacent,620,30,16,47,REV,E4,E3,E9,E10,-8.000000,423.822000,OK
3,39,adjacent,620,30,16,48,FWD,E3,E4,E10,E11,33.734000,316.969000,OK
3,39,adjacent,620,30,16,49,REV,E4,E3,E10,E11,34.734000,422.865000,OK
3,39,adjacent,620,30,16,50,FWD,E3,E4,E11,E12,11.453000,316.650000,OK
3,39,adjacent,620,30,16,51,REV,E4,E3,E11,E12,13.320000,423.264000,OK
3,39,adjacent,620,30,16,52,FWD,E3,E4,E12,E1,-32.844000,317.527000,OK
3,39,adjacent,620,30,16,53,REV,E4,E3,E12,E1,-27.867000,422.625000,OK
3,39,adjacent,620,30,16,54,FWD,E4,E5,E1,E2,-38.656000,383.283000,OK
3,39,adjacent,620,30,16,55,REV,E5,E4,E1,E2,-36.016000,422.066000,OK
3,39,adjacent,620,30,16,56,FWD,E4,E5,E2,E3,-65.195000,405.308000,OK
3,39,adjacent,620,30,16,57,REV,E5,E4,E2,E3,-59.227000,416.161000,OK
3,39,adjacent,620,30,16,58,FWD,E4,E5,E6,E7,-34.305000,406.825000,OK
3,39,adjacent,620,30,16,59,REV,E5,E4,E6,E7,-27.656000,415.762000,OK
3,39,adjacent,620,30,16,60,FWD,E4,E5,E7,E8,-23.031000,407.862000,OK
3,39,adjacent,620,30,16,61,REV,E5,E4,E7,E8,-19.906000,414.166000,OK
3,39,adjacent,620,30,16,62,FWD,E4,E5,E8,E9,27.984000,409.458000,OK
3,39,adjacent,620,30,16,63,REV,E5,E4,E8,E9,29.742000,414.086000,OK
3,39,adjacent,620,30,16,64,FWD,E4,E5,E9,E10,-9.070000,410.017000,OK
3,39,adjacent,620,30,16,65,REV,E5,E4,E9,E10,-7.969000,414.086000,OK
3,39,adjacent,620,30,16,66,FWD,E4,E5,E10,E11,33.727000,409.219000,OK
3,39,adjacent,620,30,16,67,REV,E5,E4,E10,E11,34.555000,414.007000,OK
3,39,adjacent,620,30,16,68,FWD,E4,E5,E11,E12,11.711000,408.979000,OK
3,39,adjacent,620,30,16,69,REV,E5,E4,E11,E12,12.789000,413.129000,OK
3,39,adjacent,620,30,16,70,FWD,E4,E5,E12,E1,-31.898000,409.937000,OK
3,39,adjacent,620,30,16,71,REV,E5,E4,E12,E1,-29.586000,412.889000,OK
3,39,adjacent,620,30,16,72,FWD,E5,E6,E1,E2,-38.383000,418.715000,OK
3,39,adjacent,620,30,16,73,REV,E6,E5,E1,E2,-36.305000,456.780000,OK
3,39,adjacent,620,30,16,74,FWD,E5,E6,E2,E3,-73.500000,435.074000,OK
3,39,adjacent,620,30,16,75,REV,E6,E5,E2,E3,-68.898000,453.109000,OK
3,39,adjacent,620,30,16,76,FWD,E5,E6,E3,E4,108.523000,436.271000,OK
3,39,adjacent,620,30,16,77,REV,E6,E5,E3,E4,117.547000,451.194000,OK
3,39,adjacent,620,30,16,78,FWD,E5,E6,E7,E8,-26.602000,436.271000,OK
3,39,adjacent,620,30,16,79,REV,E6,E5,E7,E8,-16.148000,452.072000,OK
3,39,adjacent,620,30,16,80,FWD,E5,E6,E8,E9,26.492000,436.909000,OK
3,39,adjacent,620,30,16,81,REV,E6,E5,E8,E9,31.359000,452.231000,OK
3,39,adjacent,620,30,16,82,FWD,E5,E6,E9,E10,-9.852000,437.229000,OK
3,39,adjacent,620,30,16,83,REV,E6,E5,E9,E10,-7.312000,451.593000,OK
3,39,adjacent,620,30,16,84,FWD,E5,E6,E10,E11,33.500000,437.628000,OK
3,39,adjacent,620,30,16,85,REV,E6,E5,E10,E11,34.969000,450.476000,OK
3,39,adjacent,620,30,16,86,FWD,E5,E6,E11,E12,11.586000,437.628000,OK
3,39,adjacent,620,30,16,87,REV,E6,E5,E11,E12,12.914000,450.635000,OK
3,39,adjacent,620,30,16,88,FWD,E5,E6,E12,E1,-31.820000,438.426000,OK
3,39,adjacent,620,30,16,89,REV,E6,E5,E12,E1,-29.687000,450.875000,OK
3,39,adjacent,620,30,16,90,FWD,E6,E7,E1,E2,-38.000000,434.037000,OK
3,39,adjacent,620,30,16,91,REV,E7,E6,E1,E2,-36.734000,425.338000,OK
3,39,adjacent,620,30,16,92,FWD,E6,E7,E2,E3,-73.516000,452.231000,OK
3,39,adjacent,620,30,16,93,REV,E7,E6,E2,E3,-71.375000,421.268000,OK
3,39,adjacent,620,30,16,94,FWD,E6,E7,E3,E4,110.094000,455.184000,OK
3,39,adjacent,620,30,16,95,REV,E7,E6,E3,E4,113.289000,418.795000,OK
3,39,adjacent,620,30,16,96,FWD,E6,E7,E4,E5,6.953000,455.583000,OK
3,39,adjacent,620,30,16,97,REV,E7,E6,E4,E5,13.898000,418.874000,OK
3,39,adjacent,620,30,16,98,FWD,E6,E7,E8,E9,24.281000,456.062000,OK
3,39,adjacent,620,30,16,99,REV,E7,E6,E8,E9,32.977000,418.555000,OK
3,39,adjacent,620,30,16,100,FWD,E6,E7,E9,E10,-10.727000,454.865000,OK
3,39,adjacent,620,30,16,101,REV,E7,E6,E9,E10,-6.812000,418.076000,OK
3,39,adjacent,620,30,16,102,FWD,E6,E7,E10,E11,33.383000,456.860000,OK
3,39,adjacent,620,30,16,103,REV,E7,E6,E10,E11,35.211000,418.316000,OK
3,39,adjacent,620,30,16,104,FWD,E6,E7,E11,E12,11.609000,455.982000,OK
3,39,adjacent,620,30,16,105,REV,E7,E6,E11,E12,12.867000,418.954000,OK
3,39,adjacent,620,30,16,106,FWD,E6,E7,E12,E1,-31.617000,454.944000,OK
3,39,adjacent,620,30,16,107,REV,E7,E6,E12,E1,-30.008000,418.236000,OK
3,39,adjacent,620,30,16,108,FWD,E7,E8,E1,E2,-37.992000,401.637000,OK
3,39,adjacent,620,30,16,109,REV,E8,E7,E1,E2,-36.695000,407.144000,OK
3,39,adjacent,620,30,16,110,FWD,E7,E8,E2,E3,-73.734000,420.949000,OK
3,39,adjacent,620,30,16,111,REV,E8,E7,E2,E3,-72.055000,402.595000,OK
3,39,adjacent,620,30,16,112,FWD,E7,E8,E3,E4,111.281000,422.785000,OK
3,39,adjacent,620,30,16,113,REV,E8,E7,E3,E4,113.141000,402.595000,OK
3,39,adjacent,620,30,16,114,FWD,E7,E8,E4,E5,8.289000,423.822000,OK
3,39,adjacent,620,30,16,115,REV,E8,E7,E4,E5,11.438000,400.361000,OK
3,39,adjacent,620,30,16,116,FWD,E7,E8,E5,E6,0.148000,424.540000,OK
3,39,adjacent,620,30,16,117,REV,E8,E7,E5,E6,9.594000,401.957000,OK
3,39,adjacent,620,30,16,118,FWD,E7,E8,E9,E10,-13.734000,424.461000,OK
3,39,adjacent,620,30,16,119,REV,E8,E7,E9,E10,-4.070000,401.797000,OK
3,39,adjacent,620,30,16,120,FWD,E7,E8,E10,E11,32.563000,424.301000,OK
3,39,adjacent,620,30,16,121,REV,E8,E7,E10,E11,36.141000,400.680000,OK
3,39,adjacent,620,30,16,122,FWD,E7,E8,E11,E12,11.266000,425.259000,OK
3,39,adjacent,620,30,16,123,REV,E8,E7,E11,E12,13.219000,401.637000,OK
3,39,adjacent,620,30,16,124,FWD,E7,E8,E12,E1,-31.891000,423.663000,OK
3,39,adjacent,620,30,16,125,REV,E8,E7,E12,E1,-29.891000,402.116000,OK
3,39,adjacent,620,30,16,126,FWD,E8,E9,E1,E2,-37.969000,358.784000,OK
3,39,adjacent,620,30,16,127,REV,E9,E8,E1,E2,-36.508000,432.840000,OK
3,39,adjacent,620,30,16,128,FWD,E8,E9,E2,E3,-73.758000,384.321000,OK
3,39,adjacent,620,30,16,129,REV,E9,E8,E2,E3,-72.266000,425.498000,OK
3,39,adjacent,620,30,16,130,FWD,E8,E9,E3,E4,111.914000,385.757000,OK
3,39,adjacent,620,30,16,131,REV,E9,E8,E3,E4,113.211000,424.540000,OK
3,39,adjacent,620,30,16,132,FWD,E8,E9,E4,E5,8.898000,387.593000,OK
3,39,adjacent,620,30,16,133,REV,E9,E8,E4,E5,10.633000,423.264000,OK
3,39,adjacent,620,30,16,134,FWD,E8,E9,E5,E6,2.461000,389.268000,OK
3,39,adjacent,620,30,16,135,REV,E9,E8,E5,E6,6.828000,422.545000,OK
3,39,adjacent,620,30,16,136,FWD,E8,E9,E6,E7,-34.242000,389.029000,OK
3,39,adjacent,620,30,16,137,REV,E9,E8,E6,E7,-26.328000,423.503000,OK
3,39,adjacent,620,30,16,138,FWD,E8,E9,E10,E11,30.555000,388.470000,OK
3,39,adjacent,620,30,16,139,REV,E9,E8,E10,E11,38.703000,422.306000,OK
3,39,adjacent,620,30,16,140,FWD,E8,E9,E11,E12,10.734000,388.949000,OK
3,39,adjacent,620,30,16,141,REV,E9,E8,E11,E12,13.984000,421.747000,OK
3,39,adjacent,620,30,16,142,FWD,E8,E9,E12,E1,-32.258000,390.705000,OK
3,39,adjacent,620,30,16,143,REV,E9,E8,E12,E1,-29.414000,421.827000,OK
3,39,adjacent,620,30,16,144,FWD,E9,E10,E1,E2,-38.320000,429.807000,OK
3,39,adjacent,620,30,16,145,REV,E10,E9,E1,E2,-36.289000,439.623000,OK
3,39,adjacent,620,30,16,146,FWD,E9,E10,E2,E3,-74.109000,446.964000,OK
3,39,adjacent,620,30,16,147,REV,E10,E9,E2,E3,-72.445000,434.914000,OK
3,39,adjacent,620,30,16,148,FWD,E9,E10,E3,E4,112.242000,447.363000,OK
3,39,adjacent,620,30,16,149,REV,E10,E9,E3,E4,113.359000,434.037000,OK
3,39,adjacent,620,30,16,150,FWD,E9,E10,E4,E5,9.000000,446.326000,OK
3,39,adjacent,620,30,16,151,REV,E10,E9,E4,E5,10.188000,434.356000,OK
3,39,adjacent,620,30,16,152,FWD,E9,E10,E5,E6,3.258000,447.842000,OK
3,39,adjacent,620,30,16,153,REV,E10,E9,E5,E6,5.766000,433.478000,OK
3,39,adjacent,620,30,16,154,FWD,E9,E10,E6,E7,-32.820000,448.720000,OK
3,39,adjacent,620,30,16,155,REV,E10,E9,E6,E7,-28.852000,434.276000,OK
3,39,adjacent,620,30,16,156,FWD,E9,E10,E7,E8,-25.406000,448.082000,OK
3,39,adjacent,620,30,16,157,REV,E10,E9,E7,E8,-14.969000,433.478000,OK
3,39,adjacent,620,30,16,158,FWD,E9,E10,E11,E12,8.039000,448.002000,OK
3,39,adjacent,620,30,16,159,REV,E10,E9,E11,E12,16.328000,433.398000,OK
3,39,adjacent,620,30,16,160,FWD,E9,E10,E12,E1,-33.211000,448.800000,OK
3,39,adjacent,620,30,16,161,REV,E10,E9,E12,E1,-28.742000,433.159000,OK
3,39,adjacent,620,30,16,162,FWD,E10,E11,E1,E2,-38.977000,352.799000,OK
3,39,adjacent,620,30,16,163,REV,E11,E10,E1,E2,-35.367000,429.249000,OK
3,39,adjacent,620,30,16,164,FWD,E10,E11,E2,E3,-74.477000,377.697000,OK
3,39,adjacent,620,30,16,165,REV,E11,E10,E2,E3,-72.180000,423.583000,OK
3,39,adjacent,620,30,16,166,FWD,E10,E11,E3,E4,112.469000,380.650000,OK
3,39,adjacent,620,30,16,167,REV,E11,E10,E3,E4,113.539000,420.471000,OK
3,39,adjacent,620,30,16,168,FWD,E10,E11,E4,E5,9.125000,381.767000,OK
3,39,adjacent,620,30,16,169,REV,E11,E10,E4,E5,9.922000,420.630000,OK
3,39,adjacent,620,30,16,170,FWD,E10,E11,E5,E6,4.000000,383.363000,OK
3,39,adjacent,620,30,16,171,REV,E11,E10,E5,E6,5.305000,420.071000,OK
3,39,adjacent,620,30,16,172,FWD,E10,E11,E6,E7,-31.656000,382.725000,OK
3,39,adjacent,620,30,16,173,REV,E11,E10,E6,E7,-30.031000,419.672000,OK
3,39,adjacent,620,30,16,174,FWD,E10,E11,E7,E8,-22.562000,384.560000,OK
3,39,adjacent,620,30,16,175,REV,E11,E10,E7,E8,-19.102000,419.194000,OK
3,39,adjacent,620,30,16,176,FWD,E10,E11,E8,E9,24.609000,384.560000,OK
3,39,adjacent,620,30,16,177,REV,E11,E10,E8,E9,32.609000,419.832000,OK
3,39,adjacent,620,30,16,178,FWD,E10,E11,E12,E1,-36.188000,385.518000,OK
3,39,adjacent,620,30,16,179,REV,E11,E10,E12,E1,-25.305000,418.316000,OK
3,39,adjacent,620,30,16,180,FWD,E11,E12,E1,E2,-41.867000,321.597000,OK
3,39,adjacent,620,30,16,181,REV,E12,E11,E1,E2,-32.008000,384.800000,OK
3,39,adjacent,620,30,16,182,FWD,E11,E12,E2,E3,-75.836000,349.368000,OK
3,39,adjacent,620,30,16,183,REV,E12,E11,E2,E3,-70.789000,376.899000,OK
3,39,adjacent,620,30,16,184,FWD,E11,E12,E3,E4,112.234000,351.443000,OK
3,39,adjacent,620,30,16,185,REV,E12,E11,E3,E4,114.063000,375.223000,OK
3,39,adjacent,620,30,16,186,FWD,E11,E12,E4,E5,8.953000,354.156000,OK
3,39,adjacent,620,30,16,187,REV,E12,E11,E4,E5,9.891000,373.707000,OK
3,39,adjacent,620,30,16,188,FWD,E11,E12,E5,E6,4.117000,354.715000,OK
3,39,adjacent,620,30,16,189,REV,E12,E11,E5,E6,5.133000,373.069000,OK
3,39,adjacent,620,30,16,190,FWD,E11,E12,E6,E7,-31.414000,355.273000,OK
3,39,adjacent,620,30,16,191,REV,E12,E11,E6,E7,-30.383000,373.308000,OK
3,39,adjacent,620,30,16,192,FWD,E11,E12,E7,E8,-21.875000,354.954000,OK
3,39,adjacent,620,30,16,193,REV,E12,E11,E7,E8,-20.203000,373.149000,OK
3,39,adjacent,620,30,16,194,FWD,E11,E12,E8,E9,27.086000,355.513000,OK
3,39,adjacent,620,30,16,195,REV,E12,E11,E8,E9,29.969000,372.191000,OK
3,39,adjacent,620,30,16,196,FWD,E11,E12,E9,E10,-11.227000,355.912000,OK
3,39,adjacent,620,30,16,197,REV,E12,E11,E9,E10,-4.664000,371.952000,OK
3,39,adjacent,620,30,16,198,FWD,E12,E1,E2,E3,-81.984000,363.892000,OK
3,39,adjacent,620,30,16,199,REV,E1,E12,E2,E3,-65.492000,352.879000,OK
3,39,adjacent,620,30,16,200,FWD,E12,E1,E3,E4,110.750000,380.331000,OK
3,39,adjacent,620,30,16,201,REV,E1,E12,E3,E4,115.703000,347.932000,OK
3,39,adjacent,620,30,16,202,FWD,E12,E1,E4,E5,8.203000,382.086000,OK
3,39,adjacent,620,30,16,203,REV,E1,E12,E4,E5,10.172000,347.533000,OK
3,39,adjacent,620,30,16,204,FWD,E12,E1,E5,E6,3.734000,383.124000,OK
3,39,adjacent,620,30,16,205,REV,E1,E12,E5,E6,5.492000,346.575000,OK
3,39,adjacent,620,30,16,206,FWD,E12,E1,E6,E7,-31.625000,381.847000,OK
3,39,adjacent,620,30,16,207,REV,E1,E12,E6,E7,-30.336000,346.735000,OK
3,39,adjacent,620,30,16,208,FWD,E12,E1,E7,E8,-21.992000,383.363000,OK
3,39,adjacent,620,30,16,209,REV,E1,E12,E7,E8,-20.172000,347.213000,OK
3,39,adjacent,620,30,16,210,FWD,E12,E1,E8,E9,27.234000,382.964000,OK
3,39,adjacent,620,30,16,211,REV,E1,E12,E8,E9,29.773000,347.692000,OK
3,39,adjacent,620,30,16,212,FWD,E12,E1,E9,E10,-10.359000,382.406000,OK
3,39,adjacent,620,30,16,213,REV,E1,E12,E9,E10,-6.687000,347.692000,OK
3,39,adjacent,620,30,16,214,FWD,E12,E1,E10,E11,28.719000,381.847000,OK
3,39,adjacent,620,30,16,215,REV,E1,E12,E10,E11,38.805000,346.495000,OK
4,40,adjacent,620,30,16,0,FWD,E1,E2,E3,E4,108.984000,400.600000,OK
4,40,adjacent,620,30,16,1,REV,E2,E1,E3,E4,117.258000,389.508000,OK
4,40,adjacent,620,30,16,2,FWD,E1,E2,E4,E5,7.891000,414.645000,OK
4,40,adjacent,620,30,16,3,REV,E2,E1,E4,E5,10.539000,385.039000,OK
4,40,adjacent,620,30,16,4,FWD,E1,E2,E5,E6,3.695000,416.959000,OK
4,40,adjacent,620,30,16,5,REV,E2,E1,E5,E6,5.547000,383.603000,OK
4,40,adjacent,620,30,16,6,FWD,E1,E2,E6,E7,-31.664000,417.199000,OK
4,40,adjacent,620,30,16,7,REV,E2,E1,E6,E7,-30.516000,382.805000,OK
4,40,adjacent,620,30,16,8,FWD,E1,E2,E7,E8,-21.680000,416.959000,OK
4,40,adjacent,620,30,16,9,REV,E2,E1,E7,E8,-20.406000,383.283000,OK
4,40,adjacent,620,30,16,10,FWD,E1,E2,E8,E9,27.836000,417.119000,OK
4,40,adjacent,620,30,16,11,REV,E2,E1,E8,E9,29.352000,383.203000,OK
4,40,adjacent,620,30,16,12,FWD,E1,E2,E9,E10,-9.523000,418.076000,OK
4,40,adjacent,620,30,16,13,REV,E2,E1,E9,E10,-7.687000,383.124000,OK
4,40,adjacent,620,30,16,14,FWD,E1,E2,E10,E11,31.875000,417.518000,OK
4,40,adjacent,620,30,16,15,REV,E2,E1,E10,E11,35.578000,384.081000,OK
4,40,adjacent,620,30,16,16,FWD,E1,E2,E11,E12,7.133000,417.039000,OK
4,40,adjacent,620,30,16,17,REV,E2,E1,E11,E12,18.273000,384.081000,OK
4,40,adjacent,620,30,16,18,FWD,E2,E3,E4,E5,4.789000,419.672000,OK
4,40,adjacent,620,30,16,19,REV,E3,E2,E4,E5,12.984000,368.121000,OK
4,40,adjacent,620,30,16,20,FWD,E2,E3,E5,E6,2.383000,434.515000,OK
4,40,adjacent,620,30,16,21,REV,E3,E2,E5,E6,6.547000,366.366000,OK
4,40,adjacent,620,30,16,22,FWD,E2,E3,E6,E7,-32.164000,434.914000,OK
4,40,adjacent,620,30,16,23,REV,E3,E2,E6,E7,-30.133000,366.445000,OK
4,40,adjacent,620,30,16,24,FWD,E2,E3,E7,E8,-21.875000,436.431000,OK
4,40,adjacent,620,30,16,25,REV,E3,E2,E7,E8,-20.266000,365.009000,OK
4,40,adjacent,620,30,16,26,FWD,E2,E3,E8,E9,27.781000,436.431000,OK
4,40,adjacent,620,30,16,27,REV,E3,E2,E8,E9,29.328000,365.248000,OK
4,40,adjacent,620,30,16,28,FWD,E2,E3,E9,E10,-9.484000,436.032000,OK
4,40,adjacent,620,30,16,29,REV,E3,E2,E9,E10,-7.992000,366.844000,OK
4,40,adjacent,620,30,16,30,FWD,E2,E3,E10,E11,32.602000,435.473000,OK
4,40,adjacent,620,30,16,31,REV,E3,E2,E10,E11,34.930000,366.206000,OK
4,40,adjacent,620,30,16,32,FWD,E2,E3,E11,E12,9.742000,436.271000,OK
4,40,adjacent,620,30,16,33,REV,E3,E2,E11,E12,15.453000,366.366000,OK
4,40,adjacent,620,30,16,34,FWD,E2,E3,E12,E1,-40.813000,436.271000,OK
4,40,adjacent,620,30,16,35,REV,E3,E2,E12,E1,-22.641000,366.605000,OK
4,40,adjacent,620,30,16,36,FWD,E3,E4,E1,E2,-35.578000,279.622000,OK
4,40,adjacent,620,30,16,37,REV,E4,E3,E1,E2,-31.422000,437.468000,OK
4,40,adjacent,620,30,16,38,FWD,E3,E4,E5,E6,1.484000,308.350000,OK
4,40,adjacent,620,30,16,39,REV,E4,E3,E5,E6,9.258000,429.089000,OK
4,40,adjacent,620,30,16,40,FWD,E3,E4,E6,E7,-32.195000,313.298000,OK
4,40,adjacent,620,30,16,41,REV,E4,E3,E6,E7,-29.570000,426.136000,OK
4,40,adjacent,620,30,16,42,FWD,E3,E4,E7,E8,-21.687000,314.894000,OK
4,40,adjacent,620,30,16,43,REV,E4,E3,E7,E8,-20.008000,426.136000,OK
4,40,adjacent,620,30,16,44,FWD,E3,E4,E8,E9,28.172000,315.213000,OK
4,40,adjacent,620,30,16,45,REV,E4,E3,E8,E9,29.367000,425.179000,OK
4,40,adjacent,620,30,16,46,FWD,E3,E4,E9,E10,-9.125000,315.692000,OK
4,40,adjacent,620,30,16,47,REV,E4,E3,E9,E10,-8.172000,424.062000,OK
4,40,adjacent,620,30,16,48,FWD,E3,E4,E10,E11,33.555000,316.251000,OK
4,40,adjacent,620,30,16,49,REV,E4,E3,E10,E11,34.555000,423.503000,OK
4,40,adjacent,620,30,16,50,FWD,E3,E4,E11,E12,12.047000,316.969000,OK
4,40,adjacent,620,30,16,51,REV,E4,E3,E11,E12,13.945000,423.104000,OK
4,40,adjacent,620,30,16,52,FWD,E3,E4,E12,E1,-33.148000,316.251000,OK
4,40,adjacent,620,30,16,53,REV,E4,E3,E12,E1,-28.187000,423.982000,OK
4,40,adjacent,620,30,16,54,FWD,E4,E5,E1,E2,-38.875000,382.645000,OK
4,40,adjacent,620,30,16,55,REV,E5,E4,E1,E2,-36.211000,423.104000,OK
4,40,adjacent,620,30,16,56,FWD,E4,E5,E2,E3,-64.977000,404.111000,OK
4,40,adjacent,620,30,16,57,REV,E5,E4,E2,E3,-58.992000,416.081000,OK
4,40,adjacent,620,30,16,58,FWD,E4,E5,E6,E7,-34.445000,406.266000,OK
4,40,adjacent,620,30,16,59,REV,E5,E4,E6,E7,-27.750000,414.565000,OK
4,40,adjacent,620,30,16,60,FWD,E4,E5,E7,E8,-22.484000,407.623000,OK
4,40,adjacent,620,30,16,61,REV,E5,E4,E7,E8,-19.312000,415.124000,OK
4,40,adjacent,620,30,16,62,FWD,E4,E5,E8,E9,27.758000,408.500000,OK
4,40,adjacent,620,30,16,63,REV,E5,E4,E8,E9,29.523000,413.767000,OK
4,40,adjacent,620,30,16,64,FWD,E4,E5,E9,E10,-9.320000,409.139000,OK
4,40,adjacent,620,30,16,65,REV,E5,E4,E9,E10,-8.227000,413.927000,OK
4,40,adjacent,620,30,16,66,FWD,E4,E5,E10,E11,33.633000,409.139000,OK
4,40,adjacent,620,30,16,67,REV,E5,E4,E10,E11,34.484000,414.086000,OK
4,40,adjacent,620,30,16,68,FWD,E4,E5,E11,E12,12.289000,409.697000,OK
4,40,adjacent,620,30,16,69,REV,E5,E4,E11,E12,13.367000,414.007000,OK
4,40,adjacent,620,30,16,70,FWD,E4,E5,E12,E1,-32.234000,409.618000,OK
4,40,adjacent,620,30,16,71,REV,E5,E4,E12,E1,-29.961000,414.007000,OK
4,40,adjacent,620,30,16,72,FWD,E5,E6,E1,E2,-38.516000,419.034000,OK
4,40,adjacent,620,30,16,73,REV,E6,E5,E1,E2,-36.430000,455.423000,OK
4,40,adjacent,620,30,16,74,FWD,E5,E6,E2,E3,-73.219000,435.074000,OK
4,40,adjacent,620,30,16,75,REV,E6,E5,E2,E3,-68.688000,452.550000,OK
4,40,adjacent,620,30,16,76,FWD,E5,E6,E3,E4,108.508000,436.510000,OK
4,40,adjacent,620,30,16,77,REV,E6,E5,E3,E4,117.547000,451.194000,OK
4,40,adjacent,620,30,16,78,FWD,E5,E6,E7,E8,-26.055000,436.830000,OK
4,40,adjacent,620,30,16,79,REV,E6,E5,E7,E8,-15.602000,451.673000,OK
4,40,adjacent,620,30,16,80,FWD,E5,E6,E8,E9,26.234000,436.750000,OK
4,40,adjacent,620,30,16,81,REV,E6,E5,E8,E9,31.133000,450.954000,OK
4,40,adjacent,620,30,16,82,FWD,E5,E6,E9,E10,-10.047000,436.989000,OK
4,40,adjacent,620,30,16,83,REV,E6,E5,E9,E10,-7.539000,451.513000,OK
4,40,adjacent,620,30,16,84,FWD,E5,E6,E10,E11,33.414000,437.548000,OK
4,40,adjacent,620,30,16,85,REV,E6,E5,E10,E11,34.883000,450.954000,OK
4,40,adjacent,620,30,16,86,FWD,E5,E6,E11,E12,12.203000,438.505000,OK
4,40,adjacent,620,30,16,87,REV,E6,E5,E11,E12,13.492000,450.316000,OK
4,40,adjacent,620,30,16,88,FWD,E5,E6,E12,E1,-32.188000,438.904000,OK
4,40,adjacent,620,30,16,89,REV,E6,E5,E12,E1,-30.039000,450.476000,OK
4,40,adjacent,620,30,16,90,FWD,E6,E7,E1,E2,-38.125000,434.276000,OK
4,40,adjacent,620,30,16,91,REV,E7,E6,E1,E2,-36.852000,426.057000,OK
4,40,adjacent,620,30,16,92,FWD,E6,E7,E2,E3,-73.273000,451.912000,OK
4,40,adjacent,620,30,16,93,REV,E7,E6,E2,E3,-71.125000,420.550000,OK
4,40,adjacent,620,30,16,94,FWD,E6,E7,E3,E4,110.023000,454.865000,OK
4,40,adjacent,620,30,16,95,REV,E7,E6,E3,E4,113.227000,418.635000,OK
4,40,adjacent,620,30,16,96,FWD,E6,E7,E4,E5,6.914000,455.902000,OK
4,40,adjacent,620,30,16,97,REV,E7,E6,E4,E5,13.844000,418.076000,OK
4,40,adjacent,620,30,16,98,FWD,E6,E7,E8,E9,24.078000,456.062000,OK
4,40,adjacent,620,30,16,99,REV,E7,E6,E8,E9,32.789000,419.273000,OK
4,40,adjacent,620,30,16,100,FWD,E6,E7,E9,E10,-10.906000,456.062000,OK
4,40,adjacent,620,30,16,101,REV,E7,E6,E9,E10,-7.008000,419.273000,OK
4,40,adjacent,620,30,16,102,FWD,E6,E7,E10,E11,33.266000,456.062000,OK
4,40,adjacent,620,30,16,103,REV,E7,E6,E10,E11,35.063000,418.316000,OK
4,40,adjacent,620,30,16,104,FWD,E6,E7,E11,E12,12.188000,456.700000,OK
4,40,adjacent,620,30,16,105,REV,E7,E6,E11,E12,13.438000,418.715000,OK
4,40,adjacent,620,30,16,106,FWD,E6,E7,E12,E1,-32.031000,456.700000,OK
4,40,adjacent,620,30,16,107,REV,E7,E6,E12,E1,-30.461000,418.475000,OK
4,40,adjacent,620,30,16,108,FWD,E7,E8,E1,E2,-38.094000,401.398000,OK
4,40,adjacent,620,30,16,109,REV,E8,E7,E1,E2,-36.781000,408.022000,OK
4,40,adjacent,620,30,16,110,FWD,E7,E8,E2,E3,-73.500000,421.348000,OK
4,40,adjacent,620,30,16,111,REV,E8,E7,E2,E3,-71.836000,402.436000,OK
4,40,adjacent,620,30,16,112,FWD,E7,E8,E3,E4,111.250000,423.663000,OK
4,40,adjacent,620,30,16,113,REV,E8,E7,E3,E4,113.102000,403.313000,OK
4,40,adjacent,620,30,16,114,FWD,E7,E8,E4,E5,8.273000,423.742000,OK
4,40,adjacent,620,30,16,115,REV,E8,E7,E4,E5,11.414000,402.356000,OK
4,40,adjacent,620,30,16,116,FWD,E7,E8,E5,E6,0.023000,423.822000,OK
4,40,adjacent,620,30,16,117,REV,E8,E7,E5,E6,9.500000,401.957000,OK
4,40,adjacent,620,30,16,118,FWD,E7,E8,E9,E10,-13.938000,423.583000,OK
4,40,adjacent,620,30,16,119,REV,E8,E7,E9,E10,-4.281000,401.717000,OK
4,40,adjacent,620,30,16,120,FWD,E7,E8,E10,E11,32.422000,424.221000,OK
4,40,adjacent,620,30,16,121,REV,E8,E7,E10,E11,36.023000,401.079000,OK
4,40,adjacent,620,30,16,122,FWD,E7,E8,E11,E12,11.867000,423.423000,OK
4,40,adjacent,620,30,16,123,REV,E8,E7,E11,E12,13.758000,402.755000,OK
4,40,adjacent,620,30,16,124,FWD,E7,E8,E12,E1,-32.289000,423.583000,OK
4,40,adjacent,620,30,16,125,REV,E8,E7,E12,E1,-30.320000,402.196000,OK
4,40,adjacent,620,30,16,126,FWD,E8,E9,E1,E2,-38.086000,359.582000,OK
4,40,adjacent,620,30,16,127,REV,E9,E8,E1,E2,-36.602000,431.643000,OK
4,40,adjacent,620,30,16,128,FWD,E8,E9,E2,E3,-73.594000,383.842000,OK
4,40,adjacent,620,30,16,129,REV,E9,E8,E2,E3,-72.117000,425.897000,OK
4,40,adjacent,620,30,16,130,FWD,E8,E9,E3,E4,111.898000,387.353000,OK
4,40,adjacent,620,30,16,131,REV,E9,E8,E3,E4,113.195000,424.062000,OK
4,40,adjacent,620,30,16,132,FWD,E8,E9,E4,E5,8.852000,387.513000,OK
4,40,adjacent,620,30,16,133,REV,E9,E8,E4,E5,10.602000,423.104000,OK
4,40,adjacent,620,30,16,134,FWD,E8,E9,E5,E6,2.336000,388.869000,OK
4,40,adjacent,620,30,16,135,REV,E9,E8,E5,E6,6.719000,422.785000,OK
4,40,adjacent,620,30,16,136,FWD,E8,E9,E6,E7,-34.359000,389.268000,OK
4,40,adjacent,620,30,16,137,REV,E9,E8,E6,E7,-26.469000,423.343000,OK
4,40,adjacent,620,30,16,138,FWD,E8,E9,E10,E11,30.406000,389.348000,OK
4,40,adjacent,620,30,16,139,REV,E9,E8,E10,E11,38.570000,422.705000,OK
4,40,adjacent,620,30,16,140,FWD,E8,E9,E11,E12,11.313000,389.588000,OK
4,40,adjacent,620,30,16,141,REV,E9,E8,E11,E12,14.563000,422.066000,OK
4,40,adjacent,620,30,16,142,FWD,E8,E9,E12,E1,-32.641000,389.907000,OK
4,40,adjacent,620,30,16,143,REV,E9,E8,E12,E1,-29.812000,422.146000,OK
4,40,adjacent,620,30,16,144,FWD,E9,E10,E1,E2,-38.445000,430.605000,OK
4,40,adjacent,620,30,16,145,REV,E10,E9,E1,E2,-36.375000,440.660000,OK
4,40,adjacent,620,30,16,146,FWD,E9,E10,E2,E3,-73.898000,445.129000,OK
4,40,adjacent,620,30,16,147,REV,E10,E9,E2,E3,-72.258000,435.792000,OK
4,40,adjacent,620,30,16,148,FWD,E9,E10,E3,E4,112.203000,447.284000,OK
4,40,adjacent,620,30,16,149,REV,E10,E9,E3,E4,113.297000,434.835000,OK
4,40,adjacent,620,30,16,150,FWD,E9,E10,E4,E5,8.992000,448.002000,OK
4,40,adjacent,620,30,16,151,REV,E10,E9,E4,E5,10.141000,434.276000,OK
4,40,adjacent,620,30,16,152,FWD,E9,E10,E5,E6,3.180000,448.560000,OK
4,40,adjacent,620,30,16,153,REV,E10,E9,E5,E6,5.672000,433.797000,OK
4,40,adjacent,620,30,16,154,FWD,E9,E10,E6,E7,-32.930000,448.720000,OK
4,40,adjacent,620,30,16,155,REV,E10,E9,E6,E7,-28.977000,433.877000,OK
4,40,adjacent,620,30,16,156,FWD,E9,E10,E7,E8,-24.891000,447.762000,OK
4,40,adjacent,620,30,16,157,REV,E10,E9,E7,E8,-14.453000,432.600000,OK
4,40,adjacent,620,30,16,158,FWD,E9,E10,E11,E12,8.617000,448.401000,OK
4,40,adjacent,620,30,16,159,REV,E10,E9,E11,E12,16.922000,432.281000,OK
4,40,adjacent,620,30,16,160,FWD,E9,E10,E12,E1,-33.586000,448.800000,OK
4,40,adjacent,620,30,16,161,REV,E10,E9,E12,E1,-29.102000,433.478000,OK
4,40,adjacent,620,30,16,162,FWD,E10,E11,E1,E2,-39.023000,352.001000,OK
4,40,adjacent,620,30,16,163,REV,E11,E10,E1,E2,-35.422000,429.967000,OK
4,40,adjacent,620,30,16,164,FWD,E10,E11,E2,E3,-74.289000,377.378000,OK
4,40,adjacent,620,30,16,165,REV,E11,E10,E2,E3,-71.977000,422.066000,OK
4,40,adjacent,620,30,16,166,FWD,E10,E11,E3,E4,112.344000,381.528000,OK
4,40,adjacent,620,30,16,167,REV,E11,E10,E3,E4,113.484000,420.471000,OK
4,40,adjacent,620,30,16,168,FWD,E10,E11,E4,E5,9.125000,381.448000,OK
4,40,adjacent,620,30,16,169,REV,E11,E10,E4,E5,9.930000,421.109000,OK
4,40,adjacent,620,30,16,170,FWD,E10,E11,E5,E6,3.875000,382.485000,OK
4,40,adjacent,620,30,16,171,REV,E11,E10,E5,E6,5.148000,419.672000,OK
4,40,adjacent,620,30,16,172,FWD,E10,E11,E6,E7,-31.781000,383.922000,OK
4,40,adjacent,620,30,16,173,REV,E11,E10,E6,E7,-30.156000,419.433000,OK
4,40,adjacent,620,30,16,174,FWD,E10,E11,E7,E8,-22.055000,384.640000,OK
4,40,adjacent,620,30,16,175,REV,E11,E10,E7,E8,-18.617000,418.635000,OK
4,40,adjacent,620,30,16,176,FWD,E10,E11,E8,E9,24.430000,383.603000,OK
4,40,adjacent,620,30,16,177,REV,E11,E10,E8,E9,32.461000,419.034000,OK
4,40,adjacent,620,30,16,178,FWD,E10,E11,E12,E1,-36.547000,384.480000,OK
4,40,adjacent,620,30,16,179,REV,E11,E10,E12,E1,-25.641000,418.475000,OK
4,40,adjacent,620,30,16,180,FWD,E11,E12,E1,E2,-41.930000,321.517000,OK
4,40,adjacent,620,30,16,181,REV,E12,E11,E1,E2,-32.086000,385.358000,OK
4,40,adjacent,620,30,16,182,FWD,E11,E12,E2,E3,-75.719000,348.650000,OK
4,40,adjacent,620,30,16,183,REV,E12,E11,E2,E3,-70.641000,377.458000,OK
4,40,adjacent,620,30,16,184,FWD,E11,E12,E3,E4,112.156000,352.720000,OK
4,40,adjacent,620,30,16,185,REV,E12,E11,E3,E4,113.977000,375.543000,OK
4,40,adjacent,620,30,16,186,FWD,E11,E12,E4,E5,8.977000,353.917000,OK
4,40,adjacent,620,30,16,187,REV,E12,E11,E4,E5,9.898000,373.867000,OK
4,40,adjacent,620,30,16,188,FWD,E11,E12,E5,E6,4.000000,354.316000,OK
4,40,adjacent,620,30,16,189,REV,E12,E11,E5,E6,5.109000,373.548000,OK
4,40,adjacent,620,30,16,190,FWD,E11,E12,E6,E7,-31.578000,355.193000,OK
4,40,adjacent,620,30,16,191,REV,E12,E11,E6,E7,-30.547000,372.351000,OK
4,40,adjacent,620,30,16,192,FWD,E11,E12,E7,E8,-21.398000,354.475000,OK
4,40,adjacent,620,30,16,193,REV,E12,E11,E7,E8,-19.734000,372.909000,OK
4,40,adjacent,620,30,16,194,FWD,E11,E12,E8,E9,26.937000,355.353000,OK
4,40,adjacent,620,30,16,195,REV,E12,E11,E8,E9,29.836000,373.308000,OK
4,40,adjacent,620,30,16,196,FWD,E11,E12,E9,E10,-11.383000,355.353000,OK
4,40,adjacent,620,30,16,197,REV,E12,E11,E9,E10,-4.828000,372.590000,OK
4,40,adjacent,620,30,16,198,FWD,E12,E1,E2,E3,-81.891000,364.770000,OK
4,40,adjacent,620,30,16,199,REV,E1,E12,E2,E3,-65.359000,352.001000,OK
4,40,adjacent,620,30,16,200,FWD,E12,E1,E3,E4,110.477000,379.932000,OK
4,40,adjacent,620,30,16,201,REV,E1,E12,E3,E4,115.469000,349.208000,OK
4,40,adjacent,620,30,16,202,FWD,E12,E1,E4,E5,8.344000,381.448000,OK
4,40,adjacent,620,30,16,203,REV,E1,E12,E4,E5,10.336000,346.974000,OK
4,40,adjacent,620,30,16,204,FWD,E12,E1,E5,E6,3.641000,382.964000,OK
4,40,adjacent,620,30,16,205,REV,E1,E12,E5,E6,5.398000,347.134000,OK
4,40,adjacent,620,30,16,206,FWD,E12,E1,E6,E7,-31.797000,383.044000,OK
4,40,adjacent,620,30,16,207,REV,E1,E12,E6,E7,-30.492000,347.612000,OK
4,40,adjacent,620,30,16,208,FWD,E12,E1,E7,E8,-21.523000,382.406000,OK
4,40,adjacent,620,30,16,209,REV,E1,E12,E7,E8,-19.758000,347.134000,OK
4,40,adjacent,620,30,16,210,FWD,E12,E1,E8,E9,27.070000,382.166000,OK
4,40,adjacent,620,30,16,211,REV,E1,E12,E8,E9,29.609000,347.293000,OK
4,40,adjacent,620,30,16,212,FWD,E12,E1,E9,E10,-10.500000,382.884000,OK
4,40,adjacent,620,30,16,213,REV,E1,E12,E9,E10,-6.828000,347.772000,OK
4,40,adjacent,620,30,16,214,FWD,E12,E1,E10,E11,28.500000,382.884000,OK
4,40,adjacent,620,30,16,215,REV,E1,E12,E10,E11,38.609000,347.612000,OK
5,41,adjacent,620,30,16,0,FWD,E1,E2,E3,E4,109.023000,400.201000,OK
5,41,adjacent,620,30,16,1,REV,E2,E1,E3,E4,117.219000,388.869000,OK
5,41,adjacent,620,30,16,2,FWD,E1,E2,E4,E5,7.836000,414.645000,OK
5,41,adjacent,620,30,16,3,REV,E2,E1,E4,E5,10.453000,385.358000,OK
5,41,adjacent,620,30,16,4,FWD,E1,E2,E5,E6,3.633000,416.879000,OK
5,41,adjacent,620,30,16,5,REV,E2,E1,E5,E6,5.484000,384.161000,OK
5,41,adjacent,620,30,16,6,FWD,E1,E2,E6,E7,-31.734000,417.358000,OK
5,41,adjacent,620,30,16,7,REV,E2,E1,E6,E7,-30.562000,383.603000,OK
5,41,adjacent,620,30,16,8,FWD,E1,E2,E7,E8,-21.281000,417.119000,OK
5,41,adjacent,620,30,16,9,REV,E2,E1,E7,E8,-20.000000,383.363000,OK
5,41,adjacent,620,30,16,10,FWD,E1,E2,E8,E9,27.672000,417.598000,OK
5,41,adjacent,620,30,16,11,REV,E2,E1,E8,E9,29.195000,383.044000,OK
5,41,adjacent,620,30,16,12,FWD,E1,E2,E9,E10,-9.742000,418.236000,OK
5,41,adjacent,620,30,16,13,REV,E2,E1,E9,E10,-7.859000,382.964000,OK
5,41,adjacent,620,30,16,14,FWD,E1,E2,E10,E11,31.680000,417.917000,OK
5,41,adjacent,620,30,16,15,REV,E2,E1,E10,E11,35.398000,384.401000,OK
5,41,adjacent,620,30,16,16,FWD,E1,E2,E11,E12,7.687000,417.438000,OK
5,41,adjacent,620,30,16,17,REV,E2,E1,E11,E12,18.844000,383.762000,OK
5,41,adjacent,620,30,16,18,FWD,E2,E3,E4,E5,4.867000,418.795000,OK
5,41,adjacent,620,30,16,19,REV,E3,E2,E4,E5,13.016000,369.318000,OK
5,41,adjacent,620,30,16,20,FWD,E2,E3,E5,E6,2.352000,434.196000,OK
5,41,adjacent,620,30,16,21,REV,E3,E2,E5,E6,6.492000,365.887000,OK
5,41,adjacent,620,30,16,22,FWD,E2,E3,E6,E7,-32.250000,436.032000,OK
5,41,adjacent,620,30,16,23,REV,E3,E2,E6,E7,-30.234000,365.009000,OK
5,41,adjacent,620,30,16,24,FWD,E2,E3,E7,E8,-21.516000,436.271000,OK
5,41,adjacent,620,30,16,25,REV,E3,E2,E7,E8,-19.898000,366.046000,OK
5,41,adjacent,620,30,16,26,FWD,E2,E3,E8,E9,27.672000,435.872000,OK
5,41,adjacent,620,30,16,27,REV,E3,E2,E8,E9,29.180000,365.887000,OK
5,41,adjacent,620,30,16,28,FWD,E2,E3,E9,E10,-9.641000,436.032000,OK
5,41,adjacent,620,30,16,29,REV,E3,E2,E9,E10,-8.148000,365.807000,OK
5,41,adjacent,620,30,16,30,FWD,E2,E3,E10,E11,32.438000,436.510000,OK
5,41,adjacent,620,30,16,31,REV,E3,E2,E10,E11,34.813000,366.286000,OK
5,41,adjacent,620,30,16,32,FWD,E2,E3,E11,E12,10.289000,435.712000,OK
5,41,adjacent,620,30,16,33,REV,E3,E2,E11,E12,15.992000,365.887000,OK
5,41,adjacent,620,30,16,34,FWD,E2,E3,E12,E1,-41.289000,436.032000,OK
5,41,adjacent,620,30,16,35,REV,E3,E2,E12,E1,-23.141000,366.685000,OK
5,41,adjacent,620,30,16,36,FWD,E3,E4,E1,E2,-35.500000,279.622000,OK
5,41,adjacent,620,30,16,37,REV,E4,E3,E1,E2,-31.352000,436.510000,OK
5,41,adjacent,620,30,16,38,FWD,E3,E4,E5,E6,1.445000,308.430000,OK
5,41,adjacent,620,30,16,39,REV,E4,E3,E5,E6,9.258000,429.009000,OK
5,41,adjacent,620,30,16,40,FWD,E3,E4,E6,E7,-32.273000,312.261000,OK
5,41,adjacent,620,30,16,41,REV,E4,E3,E6,E7,-29.641000,427.333000,OK
5,41,adjacent,620,30,16,42,FWD,E3,E4,E7,E8,-21.312000,313.777000,OK
5,41,adjacent,620,30,16,43,REV,E4,E3,E7,E8,-19.656000,425.817000,OK
5,41,adjacent,620,30,16,44,FWD,E3,E4,E8,E9,28.008000,315.612000,OK
5,41,adjacent,620,30,16,45,REV,E4,E3,E8,E9,29.219000,424.620000,OK
5,41,adjacent,620,30,16,46,FWD,E3,E4,E9,E10,-9.313000,316.011000,OK
5,41,adjacent,620,30,16,47,REV,E4,E3,E9,E10,-8.383000,423.503000,OK
5,41,adjacent,620,30,16,48,FWD,E3,E4,E10,E11,33.445000,316.490000,OK
5,41,adjacent,620,30,16,49,REV,E4,E3,E10,E11,34.484000,423.024000,OK
5,41,adjacent,620,30,16,50,FWD,E3,E4,E11,E12,12.578000,316.410000,OK
5,41,adjacent,620,30,16,51,REV,E4,E3,E11,E12,14.453000,423.663000,OK
5,41,adjacent,620,30,16,52,FWD,E3,E4,E12,E1,-33.531000,316.969000,OK
5,41,adjacent,620,30,16,53,REV,E4,E3,E12,E1,-28.586000,422.785000,OK
5,41,adjacent,620,30,16,54,FWD,E4,E5,E1,E2,-38.805000,383.762000,OK
5,41,adjacent,620,30,16,55,REV,E5,E4,E1,E2,-36.148000,422.705000,OK
5,41,adjacent,620,30,16,56,FWD,E4,E5,E2,E3,-64.914000,404.590000,OK
5,41,adjacent,620,30,16,57,REV,E5,E4,E2,E3,-58.922000,416.879000,OK
5,41,adjacent,620,30,16,58,FWD,E4,E5,E6,E7,-34.508000,406.665000,OK
5,41,adjacent,620,30,16,59,REV,E5,E4,E6,E7,-27.836000,415.204000,OK
5,41,adjacent,620,30,16,60,FWD,E4,E5,E7,E8,-22.141000,407.702000,OK
5,41,adjacent,620,30,16,61,REV,E5,E4,E7,E8,-18.961000,414.884000,OK
5,41,adjacent,620,30,16,62,FWD,E4,E5,E8,E9,27.617000,408.899000,OK
5,41,adjacent,620,30,16,63,REV,E5,E4,E8,E9,29.375000,413.767000,OK
5,41,adjacent,620,30,16,64,FWD,E4,E5,E9,E10,-9.539000,408.820000,OK
5,41,adjacent,620,30,16,65,REV,E5,E4,E9,E10,-8.453000,413.368000,OK
5,41,adjacent,620,30,16,66,FWD,E4,E5,E10,E11,33.555000,408.820000,OK
5,41,adjacent,620,30,16,67,REV,E5,E4,E10,E11,34.406000,413.847000,OK
5,41,adjacent,620,30,16,68,FWD,E4,E5,E11,E12,12.852000,409.139000,OK
5,41,adjacent,620,30,16,69,REV,E5,E4,E11,E12,13.906000,413.448000,OK
5,41,adjacent,620,30,16,70,FWD,E4,E5,E12,E1,-32.633000,410.017000,OK
5,41,adjacent,620,30,16,71,REV,E5,E4,E12,E1,-30.375000,413.528000,OK
5,41,adjacent,620,30,16,72,FWD,E5,E6,E1,E2,-38.453000,418.156000,OK
5,41,adjacent,620,30,16,73,REV,E6,E5,E1,E2,-36.383000,456.461000,OK
5,41,adjacent,620,30,16,74,FWD,E5,E6,E2,E3,-73.141000,434.595000,OK
5,41,adjacent,620,30,16,75,REV,E6,E5,E2,E3,-68.578000,452.311000,OK
5,41,adjacent,620,30,16,76,FWD,E5,E6,E3,E4,108.352000,436.670000,OK
5,41,adjacent,620,30,16,77,REV,E6,E5,E3,E4,117.461000,452.630000,OK
5,41,adjacent,620,30,16,78,FWD,E5,E6,E7,E8,-25.648000,437.229000,OK
5,41,adjacent,620,30,16,79,REV,E6,E5,E7,E8,-15.242000,450.396000,OK
5,41,adjacent,620,30,16,80,FWD,E5,E6,E8,E9,26.109000,438.665000,OK
5,41,adjacent,620,30,16,81,REV,E6,E5,E8,E9,30.930000,451.433000,OK
5,41,adjacent,620,30,16,82,FWD,E5,E6,E9,E10,-10.266000,437.388000,OK
5,41,adjacent,620,30,16,83,REV,E6,E5,E9,E10,-7.742000,451.433000,OK
5,41,adjacent,620,30,16,84,FWD,E5,E6,E10,E11,33.367000,437.308000,OK
5,41,adjacent,620,30,16,85,REV,E6,E5,E10,E11,34.797000,451.673000,OK
5,41,adjacent,620,30,16,86,FWD,E5,E6,E11,E12,12.719000,438.186000,OK
5,41,adjacent,620,30,16,87,REV,E6,E5,E11,E12,14.039000,449.837000,OK
5,41,adjacent,620,30,16,88,FWD,E5,E6,E12,E1,-32.602000,438.904000,OK
5,41,adjacent,620,30,16,89,REV,E6,E5,E12,E1,-30.469000,450.635000,OK
5,41,adjacent,620,30,16,90,FWD,E6,E7,E1,E2,-38.047000,434.276000,OK
5,41,adjacent,620,30,16,91,REV,E7,E6,E1,E2,-36.805000,426.376000,OK
5,41,adjacent,620,30,16,92,FWD,E6,E7,E2,E3,-73.195000,451.992000,OK
5,41,adjacent,620,30,16,93,REV,E7,E6,E2,E3,-71.023000,420.870000,OK
5,41,adjacent,620,30,16,94,FWD,E6,E7,E3,E4,109.945000,454.705000,OK
5,41,adjacent,620,30,16,95,REV,E7,E6,E3,E4,113.133000,418.236000,OK
5,41,adjacent,620,30,16,96,FWD,E6,E7,E4,E5,6.812000,456.381000,OK
5,41,adjacent,620,30,16,97,REV,E7,E6,E4,E5,13.758000,419.194000,OK
5,41,adjacent,620,30,16,98,FWD,E6,E7,E8,E9,23.898000,456.221000,OK
5,41,adjacent,620,30,16,99,REV,E7,E6,E8,E9,32.609000,417.917000,OK
5,41,adjacent,620,30,16,100,FWD,E6,E7,E9,E10,-11.102000,455.982000,OK
5,41,adjacent,620,30,16,101,REV,E7,E6,E9,E10,-7.187000,418.156000,OK
5,41,adjacent,620,30,16,102,FWD,E6,E7,E10,E11,33.164000,455.982000,OK
5,41,adjacent,620,30,16,103,REV,E7,E6,E10,E11,34.953000,418.874000,OK
5,41,adjacent,620,30,16,104,FWD,E6,E7,E11,E12,12.727000,456.221000,OK
5,41,adjacent,620,30,16,105,REV,E7,E6,E11,E12,13.984000,418.396000,OK
5,41,adjacent,620,30,16,106,FWD,E6,E7,E12,E1,-32.414000,455.583000,OK
5,41,adjacent,620,30,16,107,REV,E7,E6,E12,E1,-30.859000,418.555000,OK
5,41,adjacent,620,30,16,108,FWD,E7,E8,E1,E2,-38.008000,400.361000,OK
5,41,adjacent,620,30,16,109,REV,E8,E7,E1,E2,-36.703000,408.421000,OK
5,41,adjacent,620,30,16,110,FWD,E7,E8,E2,E3,-73.453000,420.790000,OK
5,41,adjacent,620,30,16,111,REV,E8,E7,E2,E3,-71.805000,402.436000,OK
5,41,adjacent,620,30,16,112,FWD,E7,E8,E3,E4,111.211000,423.343000,OK
5,41,adjacent,620,30,16,113,REV,E8,E7,E3,E4,113.063000,402.515000,OK
5,41,adjacent,620,30,16,114,FWD,E7,E8,E4,E5,8.172000,423.663000,OK
5,41,adjacent,620,30,16,115,REV,E8,E7,E4,E5,11.320000,402.356000,OK
5,41,adjacent,620,30,16,116,FWD,E7,E8,E5,E6,0.078000,423.024000,OK
5,41,adjacent,620,30,16,117,REV,E8,E7,E5,E6,9.578000,402.675000,OK
5,41,adjacent,620,30,16,118,FWD,E7,E8,E9,E10,-14.063000,423.663000,OK
5,41,adjacent,620,30,16,119,REV,E8,E7,E9,E10,-4.352000,401.478000,OK
5,41,adjacent,620,30,16,120,FWD,E7,E8,E10,E11,32.297000,424.461000,OK
5,41,adjacent,620,30,16,121,REV,E8,E7,E10,E11,35.891000,401.957000,OK
5,41,adjacent,620,30,16,122,FWD,E7,E8,E11,E12,12.391000,423.902000,OK
5,41,adjacent,620,30,16,123,REV,E8,E7,E11,E12,14.297000,402.276000,OK
5,41,adjacent,620,30,16,124,FWD,E7,E8,E12,E1,-32.625000,424.221000,OK
5,41,adjacent,620,30,16,125,REV,E8,E7,E12,E1,-30.617000,402.835000,OK
5,41,adjacent,620,30,16,126,FWD,E8,E9,E1,E2,-38.063000,359.503000,OK
5,41,adjacent,620,30,16,127,REV,E9,E8,E1,E2,-36.586000,433.159000,OK
5,41,adjacent,620,30,16,128,FWD,E8,E9,E2,E3,-73.633000,384.241000,OK
5,41,adjacent,620,30,16,129,REV,E9,E8,E2,E3,-72.125000,426.136000,OK
5,41,adjacent,620,30,16,130,FWD,E8,E9,E3,E4,111.914000,387.273000,OK
5,41,adjacent,620,30,16,131,REV,E9,E8,E3,E4,113.203000,424.062000,OK
5,41,adjacent,620,30,16,132,FWD,E8,E9,E4,E5,8.773000,388.231000,OK
5,41,adjacent,620,30,16,133,REV,E9,E8,E4,E5,10.508000,423.024000,OK
5,41,adjacent,620,30,16,134,FWD,E8,E9,E5,E6,2.406000,389.987000,OK
5,41,adjacent,620,30,16,135,REV,E9,E8,E5,E6,6.789000,422.625000,OK
5,41,adjacent,620,30,16,136,FWD,E8,E9,E6,E7,-34.492000,390.306000,OK
5,41,adjacent,620,30,16,137,REV,E9,E8,E6,E7,-26.508000,423.024000,OK
5,41,adjacent,620,30,16,138,FWD,E8,E9,E10,E11,30.250000,390.146000,OK
5,41,adjacent,620,30,16,139,REV,E9,E8,E10,E11,38.477000,422.146000,OK
5,41,adjacent,620,30,16,140,FWD,E8,E9,E11,E12,11.820000,389.348000,OK
5,41,adjacent,620,30,16,141,REV,E9,E8,E11,E12,15.086000,423.184000,OK
5,41,adjacent,620,30,16,142,FWD,E8,E9,E12,E1,-32.992000,389.827000,OK
5,41,adjacent,620,30,16,143,REV,E9,E8,E12,E1,-30.125000,422.066000,OK
5,41,adjacent,620,30,16,144,FWD,E9,E10,E1,E2,-38.375000,430.924000,OK
5,41,adjacent,620,30,16,145,REV,E10,E9,E1,E2,-36.344000,439.463000,OK
5,41,adjacent,620,30,16,146,FWD,E9,E10,E2,E3,-73.969000,445.368000,OK
5,41,adjacent,620,30,16,147,REV,E10,E9,E2,E3,-72.258000,435.633000,OK
5,41,adjacent,620,30,16,148,FWD,E9,E10,E3,E4,112.227000,447.523000,OK
5,41,adjacent,620,30,16,149,REV,E10,E9,E3,E4,113.328000,434.276000,OK
5,41,adjacent,620,30,16,150,FWD,E9,E10,E4,E5,8.867000,447.922000,OK
5,41,adjacent,620,30,16,151,REV,E10,E9,E4,E5,10.055000,433.717000,OK
5,41,adjacent,620,30,16,152,FWD,E9,E10,E5,E6,3.242000,449.358000,OK
5,41,adjacent,620,30,16,153,REV,E10,E9,E5,E6,5.750000,434.116000,OK
5,41,adjacent,620,30,16,154,FWD,E9,E10,E6,E7,-33.039000,448.481000,OK
5,41,adjacent,620,30,16,155,REV,E10,E9,E6,E7,-29.070000,433.398000,OK
5,41,adjacent,620,30,16,156,FWD,E9,E10,E7,E8,-24.500000,447.762000,OK
5,41,adjacent,620,30,16,157,REV,E10,E9,E7,E8,-14.023000,433.159000,OK
5,41,adjacent,620,30,16,158,FWD,E9,E10,E11,E12,9.156000,450.236000,OK
5,41,adjacent,620,30,16,159,REV,E10,E9,E11,E12,17.406000,432.919000,OK
5,41,adjacent,620,30,16,160,FWD,E9,E10,E12,E1,-33.961000,448.161000,OK
5,41,adjacent,620,30,16,161,REV,E10,E9,E12,E1,-29.484000,433.478000,OK
5,41,adjacent,620,30,16,162,FWD,E10,E11,E1,E2,-38.977000,352.640000,OK
5,41,adjacent,620,30,16,163,REV,E11,E10,E1,E2,-35.391000,429.169000,OK
5,41,adjacent,620,30,16,164,FWD,E10,E11,E2,E3,-74.336000,376.979000,OK
5,41,adjacent,620,30,16,165,REV,E11,E10,E2,E3,-72.008000,421.907000,OK
5,41,adjacent,620,30,16,166,FWD,E10,E11,E3,E4,112.469000,380.889000,OK
5,41,adjacent,620,30,16,167,REV,E11,E10,E3,E4,113.570000,420.870000,OK
5,41,adjacent,620,30,16,168,FWD,E10,E11,E4,E5,8.961000,382.007000,OK
5,41,adjacent,620,30,16,169,REV,E11,E10,E4,E5,9.758000,420.630000,OK
5,41,adjacent,620,30,16,170,FWD,E10,E11,E5,E6,3.953000,382.645000,OK
5,41,adjacent,620,30,16,171,REV,E11,E10,E5,E6,5.242000,419.593000,OK
5,41,adjacent,620,30,16,172,FWD,E10,E11,E6,E7,-31.883000,383.603000,OK
5,41,adjacent,620,30,16,173,REV,E11,E10,E6,E7,-30.250000,419.672000,OK
5,41,adjacent,620,30,16,174,FWD,E10,E11,E7,E8,-21.594000,384.002000,OK
5,41,adjacent,620,30,16,175,REV,E11,E10,E7,E8,-18.125000,418.396000,OK
5,41,adjacent,620,30,16,176,FWD,E10,E11,E8,E9,24.180000,384.081000,OK
5,41,adjacent,620,30,16,177,REV,E11,E10,E8,E9,32.195000,419.672000,OK
5,41,adjacent,620,30,16,178,FWD,E10,E11,E12,E1,-36.914000,383.443000,OK
5,41,adjacent,620,30,16,179,REV,E11,E10,E12,E1,-26.023000,419.114000,OK
5,41,adjacent,620,30,16,180,FWD,E11,E12,E1,E2,-41.859000,320.959000,OK
5,41,adjacent,620,30,16,181,REV,E12,E11,E1,E2,-32.078000,385.039000,OK
5,41,adjacent,620,30,16,182,FWD,E11,E12,E2,E3,-75.727000,349.129000,OK
5,41,adjacent,620,30,16,183,REV,E12,E11,E2,E3,-70.648000,376.580000,OK
5,41,adjacent,620,30,16,184,FWD,E11,E12,E3,E4,112.281000,352.400000,OK
5,41,adjacent,620,30,16,185,REV,E12,E11,E3,E4,114.109000,375.622000,OK
5,41,adjacent,620,30,16,186,FWD,E11,E12,E4,E5,8.828000,353.119000,OK
5,41,adjacent,620,30,16,187,REV,E12,E11,E4,E5,9.750000,373.787000,OK
5,41,adjacent,620,30,16,188,FWD,E11,E12,E5,E6,4.078000,354.874000,OK
5,41,adjacent,620,30,16,189,REV,E12,E11,E5,E6,5.125000,373.149000,OK
5,41,adjacent,620,30,16,190,FWD,E11,E12,E6,E7,-31.609000,354.794000,OK
5,41,adjacent,620,30,16,191,REV,E12,E11,E6,E7,-30.602000,373.627000,OK
5,41,adjacent,620,30,16,192,FWD,E11,E12,E7,E8,-20.891000,354.954000,OK
5,41,adjacent,620,30,16,193,REV,E12,E11,E7,E8,-19.242000,374.425000,OK
5,41,adjacent,620,30,16,194,FWD,E11,E12,E8,E9,26.648000,354.794000,OK
5,41,adjacent,620,30,16,195,REV,E12,E11,E8,E9,29.539000,372.510000,OK
5,41,adjacent,620,30,16,196,FWD,E11,E12,E9,E10,-11.602000,355.991000,OK
5,41,adjacent,620,30,16,197,REV,E12,E11,E9,E10,-5.070000,372.191000,OK
5,41,adjacent,620,30,16,198,FWD,E12,E1,E2,E3,-81.859000,365.328000,OK
5,41,adjacent,620,30,16,199,REV,E1,E12,E2,E3,-65.344000,353.358000,OK
5,41,adjacent,620,30,16,200,FWD,E12,E1,E3,E4,110.672000,380.730000,OK
5,41,adjacent,620,30,16,201,REV,E1,E12,E3,E4,115.656000,348.490000,OK
5,41,adjacent,620,30,16,202,FWD,E12,E1,E4,E5,8.125000,382.645000,OK
5,41,adjacent,620,30,16,203,REV,E1,E12,E4,E5,10.133000,347.772000,OK
5,41,adjacent,620,30,16,204,FWD,E12,E1,E5,E6,3.680000,382.964000,OK
5,41,adjacent,620,30,16,205,REV,E1,E12,E5,E6,5.453000,347.054000,OK
5,41,adjacent,620,30,16,206,FWD,E12,E1,E6,E7,-31.859000,382.964000,OK
5,41,adjacent,620,30,16,207,REV,E1,E12,E6,E7,-30.508000,348.011000,OK
5,41,adjacent,620,30,16,208,FWD,E12,E1,E7,E8,-21.070000,383.044000,OK
5,41,adjacent,620,30,16,209,REV,E1,E12,E7,E8,-19.266000,347.373000,OK
5,41,adjacent,620,30,16,210,FWD,E12,E1,E8,E9,26.758000,384.321000,OK
5,41,adjacent,620,30,16,211,REV,E1,E12,E8,E9,29.320000,346.735000,OK
5,41,adjacent,620,30,16,212,FWD,E12,E1,E9,E10,-10.727000,383.203000,OK
5,41,adjacent,620,30,16,213,REV,E1,E12,E9,E10,-7.055000,347.612000,OK
5,41,adjacent,620,30,16,214,FWD,E12,E1,E10,E11,28.422000,383.203000,OK
5,41,adjacent,620,30,16,215,REV,E1,E12,E10,E11,38.547000,348.331000,OK
6,42,adjacent,620,30,16,0,FWD,E1,E2,E3,E4,109.172000,399.882000,OK
6,42,adjacent,620,30,16,1,REV,E2,E1,E3,E4,117.383000,389.189000,OK
6,42,adjacent,620,30,16,2,FWD,E1,E2,E4,E5,7.664000,415.363000,OK
6,42,adjacent,620,30,16,3,REV,E2,E1,E4,E5,10.367000,384.241000,OK
6,42,adjacent,620,30,16,4,FWD,E1,E2,E5,E6,3.711000,416.800000,OK
6,42,adjacent,620,30,16,5,REV,E2,E1,E5,E6,5.594000,383.922000,OK
6,42,adjacent,620,30,16,6,FWD,E1,E2,E6,E7,-31.773000,417.199000,OK
6,42,adjacent,620,30,16,7,REV,E2,E1,E6,E7,-30.562000,383.603000,OK
6,42,adjacent,620,30,16,8,FWD,E1,E2,E7,E8,-20.836000,417.199000,OK
6,42,adjacent,620,30,16,9,REV,E2,E1,E7,E8,-19.562000,383.603000,OK
6,42,adjacent,620,30,16,10,FWD,E1,E2,E8,E9,27.391000,417.358000,OK
6,42,adjacent,620,30,16,11,REV,E2,E1,E8,E9,28.891000,383.363000,OK
6,42,adjacent,620,30,16,12,FWD,E1,E2,E9,E10,-9.891000,417.677000,OK
6,42,adjacent,620,30,16,13,REV,E2,E1,E9,E10,-8.047000,384.321000,OK
6,42,adjacent,620,30,16,14,FWD,E1,E2,E10,E11,31.625000,416.720000,OK
6,42,adjacent,620,30,16,15,REV,E2,E1,E10,E11,35.336000,384.081000,OK
6,42,adjacent,620,30,16,16,FWD,E1,E2,E11,E12,8.156000,417.518000,OK
6,42,adjacent,620,30,16,17,REV,E2,E1,E11,E12,19.328000,383.603000,OK
6,42,adjacent,620,30,16,18,FWD,E2,E3,E4,E5,4.609000,419.433000,OK
6,42,adjacent,620,30,16,19,REV,E3,E2,E4,E5,12.789000,368.600000,OK
6,42,adjacent,620,30,16,20,FWD,E2,E3,E5,E6,2.422000,434.116000,OK
6,42,adjacent,620,30,16,21,REV,E3,E2,E5,E6,6.586000,366.445000,OK
6,42,adjacent,620,30,16,22,FWD,E2,E3,E6,E7,-32.242000,435.234000,OK
6,42,adjacent,620,30,16,23,REV,E3,E2,E6,E7,-30.266000,365.647000,OK
6,42,adjacent,620,30,16,24,FWD,E2,E3,E7,E8,-21.031000,435.952000,OK
6,42,adjacent,620,30,16,25,REV,E3,E2,E7,E8,-19.414000,365.568000,OK
6,42,adjacent,620,30,16,26,FWD,E2,E3,E8,E9,27.375000,436.271000,OK
6,42,adjacent,620,30,16,27,REV,E3,E2,E8,E9,28.891000,365.807000,OK
6,42,adjacent,620,30,16,28,FWD,E2,E3,E9,E10,-9.867000,436.271000,OK
6,42,adjacent,620,30,16,29,REV,E3,E2,E9,E10,-8.375000,365.727000,OK
6,42,adjacent,620,30,16,30,FWD,E2,E3,E10,E11,32.398000,435.633000,OK
6,42,adjacent,620,30,16,31,REV,E3,E2,E10,E11,34.742000,366.525000,OK
6,42,adjacent,620,30,16,32,FWD,E2,E3,E11,E12,10.773000,436.111000,OK
6,42,adjacent,620,30,16,33,REV,E3,E2,E11,E12,16.453000,365.887000,OK
6,42,adjacent,620,30,16,34,FWD,E2,E3,E12,E1,-41.578000,436.111000,OK
6,42,adjacent,620,30,16,35,REV,E3,E2,E12,E1,-23.375000,365.727000,OK
6,42,adjacent,620,30,16,36,FWD,E3,E4,E1,E2,-35.555000,278.744000,OK
6,42,adjacent,620,30,16,37,REV,E4,E3,E1,E2,-31.398000,438.266000,OK
6,42,adjacent,620,30,16,38,FWD,E3,E4,E5,E6,1.539000,308.909000,OK
6,42,adjacent,620,30,16,39,REV,E4,E3,E5,E6,9.336000,428.690000,OK
6,42,adjacent,620,30,16,40,FWD,E3,E4,E6,E7,-32.289000,312.899000,OK
6,42,adjacent,620,30,16,41,REV,E4,E3,E6,E7,-29.648000,426.535000,OK
6,42,adjacent,620,30,16,42,FWD,E3,E4,E7,E8,-20.836000,314.176000,OK
6,42,adjacent,620,30,16,43,REV,E4,E3,E7,E8,-19.211000,424.780000,OK
6,42,adjacent,620,30,16,44,FWD,E3,E4,E8,E9,27.773000,314.894000,OK
6,42,adjacent,620,30,16,45,REV,E4,E3,E8,E9,28.969000,425.099000,OK
6,42,adjacent,620,30,16,46,FWD,E3,E4,E9,E10,-9.539000,315.453000,OK
6,42,adjacent,620,30,16,47,REV,E4,E3,E9,E10,-8.656000,424.461000,OK
6,42,adjacent,620,30,16,48,FWD,E3,E4,E10,E11,33.375000,317.208000,OK
6,42,adjacent,620,30,16,49,REV,E4,E3,E10,E11,34.391000,423.024000,OK
6,42,adjacent,620,30,16,50,FWD,E3,E4,E11,E12,13.102000,317.208000,OK
6,42,adjacent,620,30,16,51,REV,E4,E3,E11,E12,14.953000,423.742000,OK
6,42,adjacent,620,30,16,52,FWD,E3,E4,E12,E1,-33.836000,317.049000,OK
6,42,adjacent,620,30,16,53,REV,E4,E3,E12,E1,-28.953000,423.024000,OK
6,42,adjacent,620,30,16,54,FWD,E4,E5,E1,E2,-38.867000,382.406000,OK
6,42,adjacent,620,30,16,55,REV,E5,E4,E1,E2,-36.195000,423.583000,OK
6,42,adjacent,620,30,16,56,FWD,E4,E5,E2,E3,-64.898000,404.111000,OK
6,42,adjacent,620,30,16,57,REV,E5,E4,E2,E3,-58.930000,416.800000,OK
6,42,adjacent,620,30,16,58,FWD,E4,E5,E6,E7,-34.500000,407.064000,OK
6,42,adjacent,620,30,16,59,REV,E5,E4,E6,E7,-27.820000,414.805000,OK
6,42,adjacent,620,30,16,60,FWD,E4,E5,E7,E8,-21.703000,408.022000,OK
6,42,adjacent,620,30,16,61,REV,E5,E4,E7,E8,-18.516000,414.565000,OK
6,42,adjacent,620,30,16,62,FWD,E4,E5,E8,E9,27.367000,408.500000,OK
6,42,adjacent,620,30,16,63,REV,E5,E4,E8,E9,29.133000,414.246000,OK
6,42,adjacent,620,30,16,64,FWD,E4,E5,E9,E10,-9.781000,408.899000,OK
6,42,adjacent,620,30,16,65,REV,E5,E4,E9,E10,-8.695000,412.969000,OK
6,42,adjacent,620,30,16,66,FWD,E4,E5,E10,E11,33.492000,409.618000,OK
6,42,adjacent,620,30,16,67,REV,E5,E4,E10,E11,34.352000,413.927000,OK
6,42,adjacent,620,30,16,68,FWD,E4,E5,E11,E12,13.352000,410.017000,OK
6,42,adjacent,620,30,16,69,REV,E5,E4,E11,E12,14.414000,413.528000,OK
6,42,adjacent,620,30,16,70,FWD,E4,E5,E12,E1,-32.938000,409.139000,OK
6,42,adjacent,620,30,16,71,REV,E5,E4,E12,E1,-30.680000,413.767000,OK
6,42,adjacent,620,30,16,72,FWD,E5,E6,E1,E2,-38.492000,418.076000,OK
6,42,adjacent,620,30,16,73,REV,E6,E5,E1,E2,-36.398000,456.301000,OK
6,42,adjacent,620,30,16,74,FWD,E5,E6,E2,E3,-73.211000,434.914000,OK
6,42,adjacent,620,30,16,75,REV,E6,E5,E2,E3,-68.633000,451.832000,OK
6,42,adjacent,620,30,16,76,FWD,E5,E6,E3,E4,108.633000,436.191000,OK
6,42,adjacent,620,30,16,77,REV,E6,E5,E3,E4,117.727000,451.992000,OK
6,42,adjacent,620,30,16,78,FWD,E5,E6,E7,E8,-25.180000,437.149000,OK
6,42,adjacent,620,30,16,79,REV,E6,E5,E7,E8,-14.781000,452.151000,OK
6,42,adjacent,620,30,16,80,FWD,E5,E6,E8,E9,25.852000,437.867000,OK
6,42,adjacent,620,30,16,81,REV,E6,E5,E8,E9,30.734000,451.513000,OK
6,42,adjacent,620,30,16,82,FWD,E5,E6,E9,E10,-10.563000,438.585000,OK
6,42,adjacent,620,30,16,83,REV,E6,E5,E9,E10,-8.008000,451.513000,OK
6,42,adjacent,620,30,16,84,FWD,E5,E6,E10,E11,33.266000,438.745000,OK
6,42,adjacent,620,30,16,85,REV,E6,E5,E10,E11,34.758000,451.034000,OK
6,42,adjacent,620,30,16,86,FWD,E5,E6,E11,E12,13.234000,438.665000,OK
6,42,adjacent,620,30,16,87,REV,E6,E5,E11,E12,14.539000,451.433000,OK
6,42,adjacent,620,30,16,88,FWD,E5,E6,E12,E1,-32.922000,436.909000,OK
6,42,adjacent,620,30,16,89,REV,E6,E5,E12,E1,-30.805000,451.114000,OK
6,42,adjacent,620,30,16,90,FWD,E6,E7,E1,E2,-38.102000,434.196000,OK
6,42,adjacent,620,30,16,91,REV,E7,E6,E1,E2,-36.836000,424.939000,OK
6,42,adjacent,620,30,16,92,FWD,E6,E7,E2,E3,-73.250000,453.588000,OK
6,42,adjacent,620,30,16,93,REV,E7,E6,E2,E3,-71.117000,419.832000,OK
6,42,adjacent,620,30,16,94,FWD,E6,E7,E3,E4,110.273000,453.827000,OK
6,42,adjacent,620,30,16,95,REV,E7,E6,E3,E4,113.414000,419.832000,OK
6,42,adjacent,620,30,16,96,FWD,E6,E7,E4,E5,6.539000,453.907000,OK
6,42,adjacent,620,30,16,97,REV,E7,E6,E4,E5,13.492000,418.715000,OK
6,42,adjacent,620,30,16,98,FWD,E6,E7,E8,E9,23.711000,455.583000,OK
6,42,adjacent,620,30,16,99,REV,E7,E6,E8,E9,32.367000,418.715000,OK
6,42,adjacent,620,30,16,100,FWD,E6,E7,E9,E10,-11.398000,456.461000,OK
6,42,adjacent,620,30,16,101,REV,E7,E6,E9,E10,-7.477000,418.954000,OK
6,42,adjacent,620,30,16,102,FWD,E6,E7,E10,E11,33.109000,456.062000,OK
6,42,adjacent,620,30,16,103,REV,E7,E6,E10,E11,34.945000,418.635000,OK
6,42,adjacent,620,30,16,104,FWD,E6,E7,E11,E12,13.227000,455.902000,OK
6,42,adjacent,620,30,16,105,REV,E7,E6,E11,E12,14.477000,418.156000,OK
6,42,adjacent,620,30,16,106,FWD,E6,E7,E12,E1,-32.781000,455.503000,OK
6,42,adjacent,620,30,16,107,REV,E7,E6,E12,E1,-31.187000,417.837000,OK
6,42,adjacent,620,30,16,108,FWD,E7,E8,E1,E2,-38.109000,401.238000,OK
6,42,adjacent,620,30,16,109,REV,E8,E7,E1,E2,-36.789000,408.580000,OK
6,42,adjacent,620,30,16,110,FWD,E7,E8,E2,E3,-73.453000,421.189000,OK
6,42,adjacent,620,30,16,111,REV,E8,E7,E2,E3,-71.797000,404.191000,OK
6,42,adjacent,620,30,16,112,FWD,E7,E8,E3,E4,111.492000,421.827000,OK
6,42,adjacent,620,30,16,113,REV,E8,E7,E3,E4,113.297000,403.553000,OK
6,42,adjacent,620,30,16,114,FWD,E7,E8,E4,E5,7.836000,423.024000,OK
6,42,adjacent,620,30,16,115,REV,E8,E7,E4,E5,11.016000,402.675000,OK
6,42,adjacent,620,30,16,116,FWD,E7,E8,E5,E6,0.148000,424.620000,OK
6,42,adjacent,620,30,16,117,REV,E8,E7,E5,E6,9.586000,401.717000,OK
6,42,adjacent,620,30,16,118,FWD,E7,E8,E9,E10,-14.844000,424.141000,OK
6,42,adjacent,620,30,16,119,REV,E8,E7,E9,E10,-5.109000,401.957000,OK
6,42,adjacent,620,30,16,120,FWD,E7,E8,E10,E11,32.727000,423.024000,OK
6,42,adjacent,620,30,16,121,REV,E8,E7,E10,E11,36.320000,402.755000,OK
6,42,adjacent,620,30,16,122,FWD,E7,E8,E11,E12,12.914000,423.503000,OK
6,42,adjacent,620,30,16,123,REV,E8,E7,E11,E12,14.852000,402.356000,OK
6,42,adjacent,620,30,16,124,FWD,E7,E8,E12,E1,-33.023000,424.062000,OK
6,42,adjacent,620,30,16,125,REV,E8,E7,E12,E1,-31.016000,402.675000,OK
6,42,adjacent,620,30,16,126,FWD,E8,E9,E1,E2,-38.109000,359.742000,OK
6,42,adjacent,620,30,16,127,REV,E9,E8,E1,E2,-36.617000,432.919000,OK
6,42,adjacent,620,30,16,128,FWD,E8,E9,E2,E3,-73.586000,384.401000,OK
6,42,adjacent,620,30,16,129,REV,E9,E8,E2,E3,-72.086000,426.535000,OK
6,42,adjacent,620,30,16,130,FWD,E8,E9,E3,E4,112.109000,387.672000,OK
6,42,adjacent,620,30,16,131,REV,E9,E8,E3,E4,113.430000,423.822000,OK
6,42,adjacent,620,30,16,132,FWD,E8,E9,E4,E5,8.477000,388.949000,OK
6,42,adjacent,620,30,16,133,REV,E9,E8,E4,E5,10.195000,423.024000,OK
6,42,adjacent,620,30,16,134,FWD,E8,E9,E5,E6,2.445000,389.109000,OK
6,42,adjacent,620,30,16,135,REV,E9,E8,E5,E6,6.820000,423.742000,OK
6,42,adjacent,620,30,16,136,FWD,E8,E9,E6,E7,-34.430000,388.949000,OK
6,42,adjacent,620,30,16,137,REV,E9,E8,E6,E7,-26.500000,422.705000,OK
6,42,adjacent,620,30,16,138,FWD,E8,E9,E10,E11,30.773000,389.987000,OK
6,42,adjacent,620,30,16,139,REV,E9,E8,E10,E11,38.977000,423.024000,OK
6,42,adjacent,620,30,16,140,FWD,E8,E9,E11,E12,12.352000,389.907000,OK
6,42,adjacent,620,30,16,141,REV,E9,E8,E11,E12,15.609000,422.545000,OK
6,42,adjacent,620,30,16,142,FWD,E8,E9,E12,E1,-33.375000,390.625000,OK
6,42,adjacent,620,30,16,143,REV,E9,E8,E12,E1,-30.539000,421.747000,OK
6,42,adjacent,620,30,16,144,FWD,E9,E10,E1,E2,-38.422000,431.802000,OK
6,42,adjacent,620,30,16,145,REV,E10,E9,E1,E2,-36.367000,439.064000,OK
6,42,adjacent,620,30,16,146,FWD,E9,E10,E2,E3,-73.891000,445.847000,OK
6,42,adjacent,620,30,16,147,REV,E10,E9,E2,E3,-72.234000,435.154000,OK
6,42,adjacent,620,30,16,148,FWD,E9,E10,E3,E4,112.461000,448.800000,OK
6,42,adjacent,620,30,16,149,REV,E10,E9,E3,E4,113.523000,432.999000,OK
6,42,adjacent,620,30,16,150,FWD,E9,E10,E4,E5,8.531000,449.438000,OK
6,42,adjacent,620,30,16,151,REV,E10,E9,E4,E5,9.727000,433.638000,OK
6,42,adjacent,620,30,16,152,FWD,E9,E10,E5,E6,3.250000,448.002000,OK
6,42,adjacent,620,30,16,153,REV,E10,E9,E5,E6,5.766000,433.478000,OK
6,42,adjacent,620,30,16,154,FWD,E9,E10,E6,E7,-33.000000,448.321000,OK
6,42,adjacent,620,30,16,155,REV,E10,E9,E6,E7,-29.023000,433.239000,OK
6,42,adjacent,620,30,16,156,FWD,E9,E10,E7,E8,-24.133000,449.039000,OK
6,42,adjacent,620,30,16,157,REV,E10,E9,E7,E8,-13.688000,432.999000,OK
6,42,adjacent,620,30,16,158,FWD,E9,E10,E11,E12,9.633000,449.757000,OK
6,42,adjacent,620,30,16,159,REV,E10,E9,E11,E12,17.930000,432.919000,OK
6,42,adjacent,620,30,16,160,FWD,E9,E10,E12,E1,-34.375000,449.438000,OK
6,42,adjacent,620,30,16,161,REV,E10,E9,E12,E1,-29.898000,433.717000,OK
6,42,adjacent,620,30,16,162,FWD,E10,E11,E1,E2,-39.000000,352.081000,OK
6,42,adjacent,620,30,16,163,REV,E11,E10,E1,E2,-35.398000,429.408000,OK
6,42,adjacent,620,30,16,164,FWD,E10,E11,E2,E3,-74.258000,377.617000,OK
6,42,adjacent,620,30,16,165,REV,E11,E10,E2,E3,-71.977000,422.466000,OK
6,42,adjacent,620,30,16,166,FWD,E10,E11,E3,E4,112.688000,381.528000,OK
6,42,adjacent,620,30,16,167,REV,E11,E10,E3,E4,113.789000,421.189000,OK
6,42,adjacent,620,30,16,168,FWD,E10,E11,E4,E5,8.641000,382.884000,OK
6,42,adjacent,620,30,16,169,REV,E11,E10,E4,E5,9.492000,420.311000,OK
6,42,adjacent,620,30,16,170,FWD,E10,E11,E5,E6,3.984000,382.884000,OK
6,42,adjacent,620,30,16,171,REV,E11,E10,E5,E6,5.266000,419.433000,OK
6,42,adjacent,620,30,16,172,FWD,E10,E11,E6,E7,-31.805000,383.762000,OK
6,42,adjacent,620,30,16,173,REV,E11,E10,E6,E7,-30.180000,418.954000,OK
6,42,adjacent,620,30,16,174,FWD,E10,E11,E7,E8,-21.250000,384.081000,OK
6,42,adjacent,620,30,16,175,REV,E11,E10,E7,E8,-17.781000,419.353000,OK
6,42,adjacent,620,30,16,176,FWD,E10,E11,E8,E9,23.969000,383.283000,OK
6,42,adjacent,620,30,16,177,REV,E11,E10,E8,E9,32.023000,419.114000,OK
6,42,adjacent,620,30,16,178,FWD,E10,E11,E12,E1,-37.273000,384.720000,OK
6,42,adjacent,620,30,16,179,REV,E11,E10,E12,E1,-26.406000,419.114000,OK
6,42,adjacent,620,30,16,180,FWD,E11,E12,E1,E2,-41.938000,321.278000,OK
6,42,adjacent,620,30,16,181,REV,E12,E11,E1,E2,-32.078000,385.039000,OK
6,42,adjacent,620,30,16,182,FWD,E11,E12,E2,E3,-75.758000,348.809000,OK
6,42,adjacent,620,30,16,183,REV,E12,E11,E2,E3,-70.672000,378.176000,OK
6,42,adjacent,620,30,16,184,FWD,E11,E12,E3,E4,112.508000,351.523000,OK
6,42,adjacent,620,30,16,185,REV,E12,E11,E3,E4,114.352000,376.341000,OK
6,42,adjacent,620,30,16,186,FWD,E11,E12,E4,E5,8.531000,353.597000,OK
6,42,adjacent,620,30,16,187,REV,E12,E11,E4,E5,9.484000,374.266000,OK
6,42,adjacent,620,30,16,188,FWD,E11,E12,E5,E6,4.039000,354.156000,OK
6,42,adjacent,620,30,16,189,REV,E12,E11,E5,E6,5.133000,374.425000,OK
6,42,adjacent,620,30,16,190,FWD,E11,E12,E6,E7,-31.594000,355.193000,OK
6,42,adjacent,620,30,16,191,REV,E12,E11,E6,E7,-30.547000,374.346000,OK
6,42,adjacent,620,30,16,192,FWD,E11,E12,E7,E8,-20.508000,355.034000,OK
6,42,adjacent,620,30,16,193,REV,E12,E11,E7,E8,-18.859000,373.867000,OK
6,42,adjacent,620,30,16,194,FWD,E11,E12,E8,E9,26.461000,355.752000,OK
6,42,adjacent,620,30,16,195,REV,E12,E11,E8,E9,29.336000,373.228000,OK
6,42,adjacent,620,30,16,196,FWD,E11,E12,E9,E10,-12.391000,355.592000,OK
6,42,adjacent,620,30,16,197,REV,E12,E11,E9,E10,-5.812000,373.308000,OK
6,42,adjacent,620,30,16,198,FWD,E12,E1,E2,E3,-81.914000,364.849000,OK
6,42,adjacent,620,30,16,199,REV,E1,E12,E2,E3,-65.422000,353.438000,OK
6,42,adjacent,620,30,16,200,FWD,E12,E1,E3,E4,110.852000,381.208000,OK
6,42,adjacent,620,30,16,201,REV,E1,E12,E3,E4,115.797000,348.730000,OK
6,42,adjacent,620,30,16,202,FWD,E12,E1,E4,E5,7.898000,383.124000,OK
6,42,adjacent,620,30,16,203,REV,E1,E12,E4,E5,9.875000,347.373000,OK
6,42,adjacent,620,30,16,204,FWD,E12,E1,E5,E6,3.672000,383.922000,OK
6,42,adjacent,620,30,16,205,REV,E1,E12,E5,E6,5.461000,346.974000,OK
6,42,adjacent,620,30,16,206,FWD,E12,E1,E6,E7,-31.805000,382.884000,OK
6,42,adjacent,620,30,16,207,REV,E1,E12,E6,E7,-30.492000,348.331000,OK
6,42,adjacent,620,30,16,208,FWD,E12,E1,E7,E8,-20.695000,384.241000,OK
6,42,adjacent,620,30,16,209,REV,E1,E12,E7,E8,-18.883000,347.932000,OK
6,42,adjacent,620,30,16,210,FWD,E12,E1,E8,E9,26.602000,383.523000,OK
6,42,adjacent,620,30,16,211,REV,E1,E12,E8,E9,29.164000,347.612000,OK
6,42,adjacent,620,30,16,212,FWD,E12,E1,E9,E10,-11.594000,383.523000,OK
6,42,adjacent,620,30,16,213,REV,E1,E12,E9,E10,-7.914000,347.134000,OK
6,42,adjacent,620,30,16,214,FWD,E12,E1,E10,E11,29.000000,383.523000,OK
6,42,adjacent,620,30,16,215,REV,E1,E12,E10,E11,39.133000,348.331000,OK
7,43,adjacent,620,30,16,0,FWD,E1,E2,E3,E4,109.258000,400.440000,OK
7,43,adjacent,620,30,16,1,REV,E2,E1,E3,E4,117.508000,389.268000,OK
7,43,adjacent,620,30,16,2,FWD,E1,E2,E4,E5,7.508000,415.363000,OK
7,43,adjacent,620,30,16,3,REV,E2,E1,E4,E5,10.125000,384.002000,OK
7,43,adjacent,620,30,16,4,FWD,E1,E2,E5,E6,3.656000,417.518000,OK
7,43,adjacent,620,30,16,5,REV,E2,E1,E5,E6,5.516000,384.640000,OK
7,43,adjacent,620,30,16,6,FWD,E1,E2,E6,E7,-31.742000,416.959000,OK
7,43,adjacent,620,30,16,7,REV,E2,E1,E6,E7,-30.594000,383.682000,OK
7,43,adjacent,620,30,16,8,FWD,E1,E2,E7,E8,-20.430000,417.119000,OK
7,43,adjacent,620,30,16,9,REV,E2,E1,E7,E8,-19.172000,383.443000,OK
7,43,adjacent,620,30,16,10,FWD,E1,E2,E8,E9,27.219000,417.598000,OK
7,43,adjacent,620,30,16,11,REV,E2,E1,E8,E9,28.703000,382.884000,OK
7,43,adjacent,620,30,16,12,FWD,E1,E2,E9,E10,-10.766000,418.076000,OK
7,43,adjacent,620,30,16,13,REV,E2,E1,E9,E10,-8.922000,383.762000,OK
7,43,adjacent,620,30,16,14,FWD,E1,E2,E10,E11,32.148000,417.278000,OK
7,43,adjacent,620,30,16,15,REV,E2,E1,E10,E11,35.898000,383.842000,OK
7,43,adjacent,620,30,16,16,FWD,E1,E2,E11,E12,8.719000,417.997000,OK
7,43,adjacent,620,30,16,17,REV,E2,E1,E11,E12,19.922000,384.002000,OK
7,43,adjacent,620,30,16,18,FWD,E2,E3,E4,E5,4.430000,419.353000,OK
7,43,adjacent,620,30,16,19,REV,E3,E2,E4,E5,12.617000,368.361000,OK
7,43,adjacent,620,30,16,20,FWD,E2,E3,E5,E6,2.391000,434.515000,OK
7,43,adjacent,620,30,16,21,REV,E3,E2,E5,E6,6.555000,365.807000,OK
7,43,adjacent,620,30,16,22,FWD,E2,E3,E6,E7,-32.242000,434.675000,OK
7,43,adjacent,620,30,16,23,REV,E3,E2,E6,E7,-30.289000,365.727000,OK
7,43,adjacent,620,30,16,24,FWD,E2,E3,E7,E8,-20.625000,436.271000,OK
7,43,adjacent,620,30,16,25,REV,E3,E2,E7,E8,-19.008000,365.727000,OK
7,43,adjacent,620,30,16,26,FWD,E2,E3,E8,E9,27.180000,437.069000,OK
7,43,adjacent,620,30,16,27,REV,E3,E2,E8,E9,28.641000,365.807000,OK
7,43,adjacent,620,30,16,28,FWD,E2,E3,E9,E10,-10.781000,435.952000,OK
7,43,adjacent,620,30,16,29,REV,E3,E2,E9,E10,-9.266000,365.967000,OK
7,43,adjacent,620,30,16,30,FWD,E2,E3,E10,E11,32.938000,436.111000,OK
7,43,adjacent,620,30,16,31,REV,E3,E2,E10,E11,35.258000,366.605000,OK
7,43,adjacent,620,30,16,32,FWD,E2,E3,E11,E12,11.375000,435.553000,OK
7,43,adjacent,620,30,16,33,REV,E3,E2,E11,E12,17.102000,365.807000,OK
7,43,adjacent,620,30,16,34,FWD,E2,E3,E12,E1,-42.023000,435.792000,OK
7,43,adjacent,620,30,16,35,REV,E3,E2,E12,E1,-23.727000,366.046000,OK
7,43,adjacent,620,30,16,36,FWD,E3,E4,E1,E2,-35.523000,279.383000,OK
7,43,adjacent,620,30,16,37,REV,E4,E3,E1,E2,-31.367000,437.707000,OK
7,43,adjacent,620,30,16,38,FWD,E3,E4,E5,E6,1.398000,307.872000,OK
7,43,adjacent,620,30,16,39,REV,E4,E3,E5,E6,9.172000,429.169000,OK
7,43,adjacent,620,30,16,40,FWD,E3,E4,E6,E7,-32.320000,312.739000,OK
7,43,adjacent,620,30,16,41,REV,E4,E3,E6,E7,-29.633000,426.216000,OK
7,43,adjacent,620,30,16,42,FWD,E3,E4,E7,E8,-20.391000,314.415000,OK
7,43,adjacent,620,30,16,43,REV,E4,E3,E7,E8,-18.758000,424.939000,OK
7,43,adjacent,620,30,16,44,FWD,E3,E4,E8,E9,27.523000,315.532000,OK
7,43,adjacent,620,30,16,45,REV,E4,E3,E8,E9,28.727000,424.939000,OK
7,43,adjacent,620,30,16,46,FWD,E3,E4,E9,E10,-10.430000,315.213000,OK
7,43,adjacent,620,30,16,47,REV,E4,E3,E9,E10,-9.531000,424.461000,OK
7,43,adjacent,620,30,16,48,FWD,E3,E4,E10,E11,33.883000,316.251000,OK
7,43,adjacent,620,30,16,49,REV,E4,E3,E10,E11,34.922000,423.583000,OK
7,43,adjacent,620,30,16,50,FWD,E3,E4,E11,E12,13.672000,317.288000,OK
7,43,adjacent,620,30,16,51,REV,E4,E3,E11,E12,15.539000,422.944000,OK
7,43,adjacent,620,30,16,52,FWD,E3,E4,E12,E1,-34.242000,317.527000,OK
7,43,adjacent,620,30,16,53,REV,E4,E3,E12,E1,-29.273000,423.264000,OK
7,43,adjacent,620,30,16,54,FWD,E4,E5,E1,E2,-38.797000,381.608000,OK
7,43,adjacent,620,30,16,55,REV,E5,E4,E1,E2,-36.086000,422.944000,OK
7,43,adjacent,620,30,16,56,FWD,E4,E5,E2,E3,-64.984000,404.590000,OK
7,43,adjacent,620,30,16,57,REV,E5,E4,E2,E3,-59.023000,415.842000,OK
7,43,adjacent,620,30,16,58,FWD,E4,E5,E6,E7,-34.492000,406.825000,OK
7,43,adjacent,620,30,16,59,REV,E5,E4,E6,E7,-27.836000,415.124000,OK
7,43,adjacent,620,30,16,60,FWD,E4,E5,E7,E8,-21.297000,407.702000,OK
7,43,adjacent,620,30,16,61,REV,E5,E4,E7,E8,-18.094000,414.725000,OK
7,43,adjacent,620,30,16,62,FWD,E4,E5,E8,E9,27.148000,409.139000,OK
7,43,adjacent,620,30,16,63,REV,E5,E4,E8,E9,28.945000,414.326000,OK
7,43,adjacent,620,30,16,64,FWD,E4,E5,E9,E10,-10.711000,409.777000,OK
7,43,adjacent,620,30,16,65,REV,E5,E4,E9,E10,-9.609000,413.528000,OK
7,43,adjacent,620,30,16,66,FWD,E4,E5,E10,E11,34.000000,409.777000,OK
7,43,adjacent,620,30,16,67,REV,E5,E4,E10,E11,34.859000,413.847000,OK
7,43,adjacent,620,30,16,68,FWD,E4,E5,E11,E12,13.898000,409.458000,OK
7,43,adjacent,620,30,16,69,REV,E5,E4,E11,E12,15.031000,413.927000,OK
7,43,adjacent,620,30,16,70,FWD,E4,E5,E12,E1,-33.336000,410.017000,OK
7,43,adjacent,620,30,16,71,REV,E5,E4,E12,E1,-31.070000,413.608000,OK
7,43,adjacent,620,30,16,72,FWD,E5,E6,E1,E2,-38.414000,419.273000,OK
7,43,adjacent,620,30,16,73,REV,E6,E5,E1,E2,-36.359000,456.780000,OK
7,43,adjacent,620,30,16,74,FWD,E5,E6,E2,E3,-73.344000,435.154000,OK
7,43,adjacent,620,30,16,75,REV,E6,E5,E2,E3,-68.766000,451.832000,OK
7,43,adjacent,620,30,16,76,FWD,E5,E6,E3,E4,108.742000,436.750000,OK
7,43,adjacent,620,30,16,77,REV,E6,E5,E3,E4,117.789000,451.752000,OK
7,43,adjacent,620,30,16,78,FWD,E5,E6,E7,E8,-24.828000,437.707000,OK
7,43,adjacent,620,30,16,79,REV,E6,E5,E7,E8,-14.406000,450.875000,OK
7,43,adjacent,620,30,16,80,FWD,E5,E6,E8,E9,25.695000,437.229000,OK
7,43,adjacent,620,30,16,81,REV,E6,E5,E8,E9,30.523000,450.715000,OK
7,43,adjacent,620,30,16,82,FWD,E5,E6,E9,E10,-11.430000,437.787000,OK
7,43,adjacent,620,30,16,83,REV,E6,E5,E9,E10,-8.891000,450.875000,OK
7,43,adjacent,620,30,16,84,FWD,E5,E6,E10,E11,33.781000,437.947000,OK
7,43,adjacent,620,30,16,85,REV,E6,E5,E10,E11,35.250000,451.593000,OK
7,43,adjacent,620,30,16,86,FWD,E5,E6,E11,E12,13.828000,438.027000,OK
7,43,adjacent,620,30,16,87,REV,E6,E5,E11,E12,15.203000,450.715000,OK
7,43,adjacent,620,30,16,88,FWD,E5,E6,E12,E1,-33.305000,438.505000,OK
7,43,adjacent,620,30,16,89,REV,E6,E5,E12,E1,-31.172000,449.598000,OK
7,43,adjacent,620,30,16,90,FWD,E6,E7,E1,E2,-37.992000,433.957000,OK
7,43,adjacent,620,30,16,91,REV,E7,E6,E1,E2,-36.758000,426.057000,OK
7,43,adjacent,620,30,16,92,FWD,E6,E7,E2,E3,-73.375000,451.752000,OK
7,43,adjacent,620,30,16,93,REV,E7,E6,E2,E3,-71.219000,421.348000,OK
7,43,adjacent,620,30,16,94,FWD,E6,E7,E3,E4,110.328000,455.343000,OK
7,43,adjacent,620,30,16,95,REV,E7,E6,E3,E4,113.500000,418.396000,OK
7,43,adjacent,620,30,16,96,FWD,E6,E7,E4,E5,6.539000,455.663000,OK
7,43,adjacent,620,30,16,97,REV,E7,E6,E4,E5,13.461000,419.034000,OK
7,43,adjacent,620,30,16,98,FWD,E6,E7,E8,E9,23.461000,455.822000,OK
7,43,adjacent,620,30,16,99,REV,E7,E6,E8,E9,32.180000,418.475000,OK
7,43,adjacent,620,30,16,100,FWD,E6,E7,E9,E10,-12.328000,456.141000,OK
7,43,adjacent,620,30,16,101,REV,E7,E6,E9,E10,-8.391000,418.954000,OK
7,43,adjacent,620,30,16,102,FWD,E6,E7,E10,E11,33.641000,455.742000,OK
7,43,adjacent,620,30,16,103,REV,E7,E6,E10,E11,35.438000,418.156000,OK
7,43,adjacent,620,30,16,104,FWD,E6,E7,E11,E12,13.844000,455.982000,OK
7,43,adjacent,620,30,16,105,REV,E7,E6,E11,E12,15.117000,418.475000,OK
7,43,adjacent,620,30,16,106,FWD,E6,E7,E12,E1,-33.148000,455.503000,OK
7,43,adjacent,620,30,16,107,REV,E7,E6,E12,E1,-31.531000,418.475000,OK
7,43,adjacent,620,30,16,108,FWD,E7,E8,E1,E2,-38.000000,400.121000,OK
7,43,adjacent,620,30,16,109,REV,E8,E7,E1,E2,-36.688000,408.899000,OK
7,43,adjacent,620,30,16,110,FWD,E7,E8,E2,E3,-73.594000,420.550000,OK
7,43,adjacent,620,30,16,111,REV,E8,E7,E2,E3,-71.938000,403.234000,OK
7,43,adjacent,620,30,16,112,FWD,E7,E8,E3,E4,111.500000,422.466000,OK
7,43,adjacent,620,30,16,113,REV,E8,E7,E3,E4,113.352000,403.234000,OK
7,43,adjacent,620,30,16,114,FWD,E7,E8,E4,E5,7.883000,422.466000,OK
7,43,adjacent,620,30,16,115,REV,E8,E7,E4,E5,11.039000,403.154000,OK
7,43,adjacent,620,30,16,116,FWD,E7,E8,E5,E6,0.023000,423.343000,OK
7,43,adjacent,620,30,16,117,REV,E8,E7,E5,E6,9.477000,402.994000,OK
7,43,adjacent,620,30,16,118,FWD,E7,E8,E9,E10,-15.289000,423.583000,OK
7,43,adjacent,620,30,16,119,REV,E8,E7,E9,E10,-5.625000,402.356000,OK
7,43,adjacent,620,30,16,120,FWD,E7,E8,E10,E11,32.742000,423.902000,OK
7,43,adjacent,620,30,16,121,REV,E8,E7,E10,E11,36.352000,402.675000,OK
7,43,adjacent,620,30,16,122,FWD,E7,E8,E11,E12,13.508000,423.184000,OK
7,43,adjacent,620,30,16,123,REV,E8,E7,E11,E12,15.453000,402.914000,OK
7,43,adjacent,620,30,16,124,FWD,E7,E8,E12,E1,-33.375000,423.024000,OK
7,43,adjacent,620,30,16,125,REV,E8,E7,E12,E1,-31.383000,402.994000,OK
7,43,adjacent,620,30,16,126,FWD,E8,E9,E1,E2,-37.992000,360.380000,OK
7,43,adjacent,620,30,16,127,REV,E9,E8,E1,E2,-36.508000,432.600000,OK
7,43,adjacent,620,30,16,128,FWD,E8,E9,E2,E3,-73.742000,384.480000,OK
7,43,adjacent,620,30,16,129,REV,E9,E8,E2,E3,-72.250000,425.977000,OK
7,43,adjacent,620,30,16,130,FWD,E8,E9,E3,E4,112.242000,387.593000,OK
7,43,adjacent,620,30,16,131,REV,E9,E8,E3,E4,113.531000,424.221000,OK
7,43,adjacent,620,30,16,132,FWD,E8,E9,E4,E5,8.453000,388.151000,OK
7,43,adjacent,620,30,16,133,REV,E9,E8,E4,E5,10.203000,423.982000,OK
7,43,adjacent,620,30,16,134,FWD,E8,E9,E5,E6,2.344000,389.268000,OK
7,43,adjacent,620,30,16,135,REV,E9,E8,E5,E6,6.695000,423.184000,OK
7,43,adjacent,620,30,16,136,FWD,E8,E9,E6,E7,-34.422000,390.625000,OK
7,43,adjacent,620,30,16,137,REV,E9,E8,E6,E7,-26.484000,423.264000,OK
7,43,adjacent,620,30,16,138,FWD,E8,E9,E10,E11,30.734000,389.508000,OK
7,43,adjacent,620,30,16,139,REV,E9,E8,E10,E11,38.898000,423.024000,OK
7,43,adjacent,620,30,16,140,FWD,E8,E9,E11,E12,12.992000,390.146000,OK
7,43,adjacent,620,30,16,141,REV,E9,E8,E11,E12,16.227000,422.306000,OK
7,43,adjacent,620,30,16,142,FWD,E8,E9,E12,E1,-33.758000,391.263000,OK
7,43,adjacent,620,30,16,143,REV,E9,E8,E12,E1,-30.914000,422.625000,OK
7,43,adjacent,620,30,16,144,FWD,E9,E10,E1,E2,-38.367000,430.605000,OK
7,43,adjacent,620,30,16,145,REV,E10,E9,E1,E2,-36.305000,439.702000,OK
7,43,adjacent,620,30,16,146,FWD,E9,E10,E2,E3,-74.039000,446.805000,OK
7,43,adjacent,620,30,16,147,REV,E10,E9,E2,E3,-72.367000,435.074000,OK
7,43,adjacent,620,30,16,148,FWD,E9,E10,E3,E4,112.539000,448.002000,OK
7,43,adjacent,620,30,16,149,REV,E10,E9,E3,E4,113.648000,433.398000,OK
7,43,adjacent,620,30,16,150,FWD,E9,E10,E4,E5,8.531000,448.959000,OK
7,43,adjacent,620,30,16,151,REV,E10,E9,E4,E5,9.750000,433.159000,OK
7,43,adjacent,620,30,16,152,FWD,E9,E10,E5,E6,3.156000,449.518000,OK
7,43,adjacent,620,30,16,153,REV,E10,E9,E5,E6,5.641000,433.558000,OK
7,43,adjacent,620,30,16,154,FWD,E9,E10,E6,E7,-33.039000,449.358000,OK
7,43,adjacent,620,30,16,155,REV,E10,E9,E6,E7,-29.055000,433.239000,OK
7,43,adjacent,620,30,16,156,FWD,E9,E10,E7,E8,-23.734000,449.119000,OK
7,43,adjacent,620,30,16,157,REV,E10,E9,E7,E8,-13.242000,433.717000,OK
7,43,adjacent,620,30,16,158,FWD,E9,E10,E11,E12,10.297000,449.358000,OK
7,43,adjacent,620,30,16,159,REV,E10,E9,E11,E12,18.562000,433.318000,OK
7,43,adjacent,620,30,16,160,FWD,E9,E10,E12,E1,-34.703000,449.837000,OK
7,43,adjacent,620,30,16,161,REV,E10,E9,E12,E1,-30.195000,433.398000,OK
7,43,adjacent,620,30,16,162,FWD,E10,E11,E1,E2,-38.992000,351.602000,OK
7,43,adjacent,620,30,16,163,REV,E11,E10,E1,E2,-35.398000,429.488000,OK
7,43,adjacent,620,30,16,164,FWD,E10,E11,E2,E3,-74.375000,377.458000,OK
7,43,adjacent,620,30,16,165,REV,E11,E10,E2,E3,-72.086000,421.588000,OK
7,43,adjacent,620,30,16,166,FWD,E10,E11,E3,E4,112.789000,381.528000,OK
7,43,adjacent,620,30,16,167,REV,E11,E10,E3,E4,113.906000,421.109000,OK
7,43,adjacent,620,30,16,168,FWD,E10,E11,E4,E5,8.672000,382.326000,OK
7,43,adjacent,620,30,16,169,REV,E11,E10,E4,E5,9.492000,420.311000,OK
7,43,adjacent,620,30,16,170,FWD,E10,E11,E5,E6,3.891000,382.565000,OK
7,43,adjacent,620,30,16,171,REV,E11,E10,E5,E6,5.156000,419.992000,OK
7,43,adjacent,620,30,16,172,FWD,E10,E11,E6,E7,-31.859000,383.443000,OK
7,43,adjacent,620,30,16,173,REV,E11,E10,E6,E7,-30.250000,418.475000,OK
7,43,adjacent,620,30,16,174,FWD,E10,E11,E7,E8,-20.820000,384.241000,OK
7,43,adjacent,620,30,16,175,REV,E11,E10,E7,E8,-17.367000,419.593000,OK
7,43,adjacent,620,30,16,176,FWD,E10,E11,E8,E9,23.844000,383.842000,OK
7,43,adjacent,620,30,16,177,REV,E11,E10,E8,E9,31.859000,419.672000,OK
7,43,adjacent,620,30,16,178,FWD,E10,E11,E12,E1,-37.641000,384.401000,OK
7,43,adjacent,620,30,16,179,REV,E11,E10,E12,E1,-26.711000,418.555000,OK
7,43,adjacent,620,30,16,180,FWD,E11,E12,E1,E2,-41.906000,320.719000,OK
7,43,adjacent,620,30,16,181,REV,E12,E11,E1,E2,-32.094000,386.316000,OK
7,43,adjacent,620,30,16,182,FWD,E11,E12,E2,E3,-75.836000,348.570000,OK
7,43,adjacent,620,30,16,183,REV,E12,E11,E2,E3,-70.734000,378.655000,OK
7,43,adjacent,620,30,16,184,FWD,E11,E12,E3,E4,112.625000,352.001000,OK
7,43,adjacent,620,30,16,185,REV,E12,E11,E3,E4,114.453000,375.622000,OK
7,43,adjacent,620,30,16,186,FWD,E11,E12,E4,E5,8.508000,352.959000,OK
7,43,adjacent,620,30,16,187,REV,E12,E11,E4,E5,9.484000,375.782000,OK
7,43,adjacent,620,30,16,188,FWD,E11,E12,E5,E6,4.000000,353.757000,OK
7,43,adjacent,620,30,16,189,REV,E12,E11,E5,E6,5.102000,374.425000,OK
7,43,adjacent,620,30,16,190,FWD,E11,E12,E6,E7,-31.617000,354.715000,OK
7,43,adjacent,620,30,16,191,REV,E12,E11,E6,E7,-30.617000,374.425000,OK
7,43,adjacent,620,30,16,192,FWD,E11,E12,E7,E8,-20.148000,354.794000,OK
7,43,adjacent,620,30,16,193,REV,E12,E11,E7,E8,-18.500000,374.505000,OK
7,43,adjacent,620,30,16,194,FWD,E11,E12,E8,E9,26.273000,354.076000,OK
7,43,adjacent,620,30,16,195,REV,E12,E11,E8,E9,29.211000,374.186000,OK
7,43,adjacent,620,30,16,196,FWD,E11,E12,E9,E10,-12.734000,355.193000,OK
7,43,adjacent,620,30,16,197,REV,E12,E11,E9,E10,-6.133000,373.149000,OK
7,43,adjacent,620,30,16,198,FWD,E12,E1,E2,E3,-81.992000,366.525000,OK
7,43,adjacent,620,30,16,199,REV,E1,E12,E2,E3,-65.469000,352.321000,OK
7,43,adjacent,620,30,16,200,FWD,E12,E1,E3,E4,110.969000,381.288000,OK
7,43,adjacent,620,30,16,201,REV,E1,E12,E3,E4,115.938000,349.288000,OK
7,43,adjacent,620,30,16,202,FWD,E12,E1,E4,E5,7.828000,382.485000,OK
7,43,adjacent,620,30,16,203,REV,E1,E12,E4,E5,9.813000,348.091000,OK
7,43,adjacent,620,30,16,204,FWD,E12,E1,E5,E6,3.617000,383.523000,OK
7,43,adjacent,620,30,16,205,REV,E1,E12,E5,E6,5.375000,347.373000,OK
7,43,adjacent,620,30,16,206,FWD,E12,E1,E6,E7,-31.883000,383.922000,OK
7,43,adjacent,620,30,16,207,REV,E1,E12,E6,E7,-30.531000,347.852000,OK
7,43,adjacent,620,30,16,208,FWD,E12,E1,E7,E8,-20.375000,384.321000,OK
7,43,adjacent,620,30,16,209,REV,E1,E12,E7,E8,-18.516000,347.054000,OK
7,43,adjacent,620,30,16,210,FWD,E12,E1,E8,E9,26.492000,383.443000,OK
7,43,adjacent,620,30,16,211,REV,E1,E12,E8,E9,29.008000,348.011000,OK
7,43,adjacent,620,30,16,212,FWD,E12,E1,E9,E10,-11.828000,383.682000,OK
7,43,adjacent,620,30,16,213,REV,E1,E12,E9,E10,-8.141000,347.134000,OK
7,43,adjacent,620,30,16,214,FWD,E12,E1,E10,E11,28.836000,384.640000,OK
7,43,adjacent,620,30,16,215,REV,E1,E12,E10,E11,38.961000,346.814000,OK
8,44,adjacent,620,30,16,0,FWD,E1,E2,E3,E4,109.383000,401.159000,OK
8,44,adjacent,620,30,16,1,REV,E2,E1,E3,E4,117.641000,389.508000,OK
8,44,adjacent,620,30,16,2,FWD,E1,E2,E4,E5,7.437000,415.044000,OK
8,44,adjacent,620,30,16,3,REV,E2,E1,E4,E5,10.102000,385.278000,OK
8,44,adjacent,620,30,16,4,FWD,E1,E2,E5,E6,3.602000,416.241000,OK
8,44,adjacent,620,30,16,5,REV,E2,E1,E5,E6,5.484000,383.922000,OK
8,44,adjacent,620,30,16,6,FWD,E1,E2,E6,E7,-31.789000,417.598000,OK
8,44,adjacent,620,30,16,7,REV,E2,E1,E6,E7,-30.625000,384.401000,OK
8,44,adjacent,620,30,16,8,FWD,E1,E2,E7,E8,-20.102000,418.156000,OK
8,44,adjacent,620,30,16,9,REV,E2,E1,E7,E8,-18.828000,383.363000,OK
8,44,adjacent,620,30,16,10,FWD,E1,E2,E8,E9,27.078000,417.598000,OK
8,44,adjacent,620,30,16,11,REV,E2,E1,E8,E9,28.609000,383.682000,OK
8,44,adjacent,620,30,16,12,FWD,E1,E2,E9,E10,-11.000000,417.438000,OK
8,44,adjacent,620,30,16,13,REV,E2,E1,E9,E10,-9.141000,384.161000,OK
8,44,adjacent,620,30,16,14,FWD,E1,E2,E10,E11,32.000000,417.438000,OK
8,44,adjacent,620,30,16,15,REV,E2,E1,E10,E11,35.742000,383.124000,OK
8,44,adjacent,620,30,16,16,FWD,E1,E2,E11,E12,9.359000,418.156000,OK
8,44,adjacent,620,30,16,17,REV,E2,E1,E11,E12,20.492000,383.443000,OK
8,44,adjacent,620,30,16,18,FWD,E2,E3,E4,E5,4.359000,418.954000,OK
8,44,adjacent,620,30,16,19,REV,E3,E2,E4,E5,12.484000,369.318000,OK
8,44,adjacent,620,30,16,20,FWD,E2,E3,E5,E6,2.359000,433.398000,OK
8,44,adjacent,620,30,16,21,REV,E3,E2,E5,E6,6.508000,365.967000,OK
8,44,adjacent,620,30,16,22,FWD,E2,E3,E6,E7,-32.320000,435.473000,OK
8,44,adjacent,620,30,16,23,REV,E3,E2,E6,E7,-30.305000,364.770000,OK
8,44,adjacent,620,30,16,24,FWD,E2,E3,E7,E8,-20.320000,436.909000,OK
8,44,adjacent,620,30,16,25,REV,E3,E2,E7,E8,-18.680000,366.445000,OK
8,44,adjacent,620,30,16,26,FWD,E2,E3,E8,E9,27.086000,436.351000,OK
8,44,adjacent,620,30,16,27,REV,E3,E2,E8,E9,28.586000,365.727000,OK
8,44,adjacent,620,30,16,28,FWD,E2,E3,E9,E10,-10.992000,434.994000,OK
8,44,adjacent,620,30,16,29,REV,E3,E2,E9,E10,-9.477000,366.765000,OK
8,44,adjacent,620,30,16,30,FWD,E2,E3,E10,E11,32.750000,435.313000,OK
8,44,adjacent,620,30,16,31,REV,E3,E2,E10,E11,35.133000,366.366000,OK
8,44,adjacent,620,30,16,32,FWD,E2,E3,E11,E12,12.016000,436.351000,OK
8,44,adjacent,620,30,16,33,REV,E3,E2,E11,E12,17.703000,366.126000,OK
8,44,adjacent,620,30,16,34,FWD,E2,E3,E12,E1,-42.219000,436.111000,OK
8,44,adjacent,620,30,16,35,REV,E3,E2,E12,E1,-24.047000,366.765000,OK
8,44,adjacent,620,30,16,36,FWD,E3,E4,E1,E2,-35.625000,279.941000,OK
8,44,adjacent,620,30,16,37,REV,E4,E3,E1,E2,-31.477000,437.069000,OK
8,44,adjacent,620,30,16,38,FWD,E3,E4,E5,E6,1.500000,307.632000,OK
8,44,adjacent,620,30,16,39,REV,E4,E3,E5,E6,9.336000,428.690000,OK
8,44,adjacent,620,30,16,40,FWD,E3,E4,E6,E7,-32.383000,312.420000,OK
8,44,adjacent,620,30,16,41,REV,E4,E3,E6,E7,-29.672000,426.057000,OK
8,44,adjacent,620,30,16,42,FWD,E3,E4,E7,E8,-20.133000,314.655000,OK
8,44,adjacent,620,30,16,43,REV,E4,E3,E7,E8,-18.484000,425.498000,OK
8,44,adjacent,620,30,16,44,FWD,E3,E4,E8,E9,27.461000,314.575000,OK
8,44,adjacent,620,30,16,45,REV,E4,E3,E8,E9,28.625000,425.498000,OK
8,44,adjacent,620,30,16,46,FWD,E3,E4,E9,E10,-10.531000,315.054000,OK
8,44,adjacent,620,30,16,47,REV,E4,E3,E9,E10,-9.633000,423.503000,OK
8,44,adjacent,620,30,16,48,FWD,E3,E4,E10,E11,33.688000,316.650000,OK
8,44,adjacent,620,30,16,49,REV,E4,E3,E10,E11,34.703000,423.343000,OK
8,44,adjacent,620,30,16,50,FWD,E3,E4,E11,E12,14.281000,317.607000,OK
8,44,adjacent,620,30,16,51,REV,E4,E3,E11,E12,16.187000,423.104000,OK
8,44,adjacent,620,30,16,52,FWD,E3,E4,E12,E1,-34.484000,317.527000,OK
8,44,adjacent,620,30,16,53,REV,E4,E3,E12,E1,-29.617000,423.503000,OK
8,44,adjacent,620,30,16,54,FWD,E4,E5,E1,E2,-38.930000,381.767000,OK
8,44,adjacent,620,30,16,55,REV,E5,E4,E1,E2,-36.227000,422.865000,OK
8,44,adjacent,620,30,16,56,FWD,E4,E5,E2,E3,-64.984000,404.830000,OK
8,44,adjacent,620,30,16,57,REV,E5,E4,E2,E3,-59.023000,416.720000,OK
8,44,adjacent,620,30,16,58,FWD,E4,E5,E6,E7,-34.547000,407.782000,OK
8,44,adjacent,620,30,16,59,REV,E5,E4,E6,E7,-27.914000,415.124000,OK
8,44,adjacent,620,30,16,60,FWD,E4,E5,E7,E8,-21.039000,408.261000,OK
8,44,adjacent,620,30,16,61,REV,E5,E4,E7,E8,-17.859000,415.523000,OK
8,44,adjacent,620,30,16,62,FWD,E4,E5,E8,E9,27.109000,408.500000,OK
8,44,adjacent,620,30,16,63,REV,E5,E4,E8,E9,28.883000,414.725000,OK
8,44,adjacent,620,30,16,64,FWD,E4,E5,E9,E10,-10.773000,409.059000,OK
8,44,adjacent,620,30,16,65,REV,E5,E4,E9,E10,-9.672000,414.485000,OK
8,44,adjacent,620,30,16,66,FWD,E4,E5,E10,E11,33.766000,409.857000,OK
8,44,adjacent,620,30,16,67,REV,E5,E4,E10,E11,34.633000,413.927000,OK
8,44,adjacent,620,30,16,68,FWD,E4,E5,E11,E12,14.555000,409.937000,OK
8,44,adjacent,620,30,16,69,REV,E5,E4,E11,E12,15.641000,413.528000,OK
8,44,adjacent,620,30,16,70,FWD,E4,E5,E12,E1,-33.633000,409.618000,OK
8,44,adjacent,620,30,16,71,REV,E5,E4,E12,E1,-31.391000,414.246000,OK
8,44,adjacent,620,30,16,72,FWD,E5,E6,E1,E2,-38.531000,417.997000,OK
8,44,adjacent,620,30,16,73,REV,E6,E5,E1,E2,-36.477000,455.583000,OK
8,44,adjacent,620,30,16,74,FWD,E5,E6,E2,E3,-73.336000,435.473000,OK
8,44,adjacent,620,30,16,75,REV,E6,E5,E2,E3,-68.789000,452.151000,OK
8,44,adjacent,620,30,16,76,FWD,E5,E6,E3,E4,108.930000,437.229000,OK
8,44,adjacent,620,30,16,77,REV,E6,E5,E3,E4,117.953000,451.752000,OK
8,44,adjacent,620,30,16,78,FWD,E5,E6,E7,E8,-24.523000,437.069000,OK
8,44,adjacent,620,30,16,79,REV,E6,E5,E7,E8,-14.109000,451.992000,OK
8,44,adjacent,620,30,16,80,FWD,E5,E6,E8,E9,25.609000,438.027000,OK
8,44,adjacent,620,30,16,81,REV,E6,E5,E8,E9,30.492000,451.353000,OK
8,44,adjacent,620,30,16,82,FWD,E5,E6,E9,E10,-11.555000,438.266000,OK
8,44,adjacent,620,30,16,83,REV,E6,E5,E9,E10,-9.031000,450.795000,OK
8,44,adjacent,620,30,16,84,FWD,E5,E6,E10,E11,33.578000,438.027000,OK
8,44,adjacent,620,30,16,85,REV,E6,E5,E10,E11,35.023000,450.156000,OK
8,44,adjacent,620,30,16,86,FWD,E5,E6,E11,E12,14.438000,438.346000,OK
8,44,adjacent,620,30,16,87,REV,E6,E5,E11,E12,15.758000,451.752000,OK
8,44,adjacent,620,30,16,88,FWD,E5,E6,E12,E1,-33.609000,438.027000,OK
8,44,adjacent,620,30,16,89,REV,E6,E5,E12,E1,-31.508000,450.077000,OK
8,44,adjacent,620,30,16,90,FWD,E6,E7,E1,E2,-38.148000,433.797000,OK
8,44,adjacent,620,30,16,91,REV,E7,E6,E1,E2,-36.867000,425.179000,OK
8,44,adjacent,620,30,16,92,FWD,E6,E7,E2,E3,-73.383000,453.269000,OK
8,44,adjacent,620,30,16,93,REV,E7,E6,E2,E3,-71.219000,421.029000,OK
8,44,adjacent,620,30,16,94,FWD,E6,E7,E3,E4,110.547000,455.024000,OK
8,44,adjacent,620,30,16,95,REV,E7,E6,E3,E4,113.695000,418.795000,OK
8,44,adjacent,620,30,16,96,FWD,E6,E7,E4,E5,6.227000,455.423000,OK
8,44,adjacent,620,30,16,97,REV,E7,E6,E4,E5,13.227000,419.353000,OK
8,44,adjacent,620,30,16,98,FWD,E6,E7,E8,E9,23.484000,455.663000,OK
8,44,adjacent,620,30,16,99,REV,E7,E6,E8,E9,32.148000,418.555000,OK
8,44,adjacent,620,30,16,100,FWD,E6,E7,E9,E10,-12.445000,456.221000,OK
8,44,adjacent,620,30,16,101,REV,E7,E6,E9,E10,-8.500000,417.837000,OK
8,44,adjacent,620,30,16,102,FWD,E6,E7,E10,E11,33.438000,456.062000,OK
8,44,adjacent,620,30,16,103,REV,E7,E6,E10,E11,35.234000,418.076000,OK
8,44,adjacent,620,30,16,104,FWD,E6,E7,E11,E12,14.461000,454.944000,OK
8,44,adjacent,620,30,16,105,REV,E7,E6,E11,E12,15.695000,419.034000,OK
8,44,adjacent,620,30,16,106,FWD,E6,E7,E12,E1,-33.453000,454.785000,OK
8,44,adjacent,620,30,16,107,REV,E7,E6,E12,E1,-31.859000,417.677000,OK
8,44,adjacent,620,30,16,108,FWD,E7,E8,E1,E2,-38.109000,400.281000,OK
8,44,adjacent,620,30,16,109,REV,E8,E7,E1,E2,-36.789000,408.421000,OK
8,44,adjacent,620,30,16,110,FWD,E7,E8,E2,E3,-73.594000,420.471000,OK
8,44,adjacent,620,30,16,111,REV,E8,E7,E2,E3,-71.961000,404.431000,OK
8,44,adjacent,620,30,16,112,FWD,E7,E8,E3,E4,111.734000,422.146000,OK
8,44,adjacent,620,30,16,113,REV,E8,E7,E3,E4,113.609000,403.712000,OK
8,44,adjacent,620,30,16,114,FWD,E7,E8,E4,E5,7.602000,423.024000,OK
8,44,adjacent,620,30,16,115,REV,E8,E7,E4,E5,10.773000,403.473000,OK
8,44,adjacent,620,30,16,116,FWD,E7,E8,E5,E6,0.133000,423.343000,OK
8,44,adjacent,620,30,16,117,REV,E8,E7,E5,E6,9.578000,403.074000,OK
8,44,adjacent,620,30,16,118,FWD,E7,E8,E9,E10,-15.414000,423.902000,OK
8,44,adjacent,620,30,16,119,REV,E8,E7,E9,E10,-5.680000,403.074000,OK
8,44,adjacent,620,30,16,120,FWD,E7,E8,E10,E11,32.570000,423.264000,OK
8,44,adjacent,620,30,16,121,REV,E8,E7,E10,E11,36.203000,401.877000,OK
8,44,adjacent,620,30,16,122,FWD,E7,E8,E11,E12,14.125000,423.024000,OK
8,44,adjacent,620,30,16,123,REV,E8,E7,E11,E12,16.047000,402.675000,OK
8,44,adjacent,620,30,16,124,FWD,E7,E8,E12,E1,-33.672000,423.024000,OK
8,44,adjacent,620,30,16,125,REV,E8,E7,E12,E1,-31.664000,402.515000,OK
8,44,adjacent,620,30,16,126,FWD,E8,E9,E1,E2,-38.109000,359.902000,OK
8,44,adjacent,620,30,16,127,REV,E9,E8,E1,E2,-36.617000,433.478000,OK
8,44,adjacent,620,30,16,128,FWD,E8,E9,E2,E3,-73.750000,384.720000,OK
8,44,adjacent,620,30,16,129,REV,E9,E8,E2,E3,-72.250000,426.855000,OK
8,44,adjacent,620,30,16,130,FWD,E8,E9,E3,E4,112.492000,387.992000,OK
8,44,adjacent,620,30,16,131,REV,E9,E8,E3,E4,113.805000,424.780000,OK
8,44,adjacent,620,30,16,132,FWD,E8,E9,E4,E5,8.125000,388.790000,OK
8,44,adjacent,620,30,16,133,REV,E9,E8,E4,E5,9.867000,423.503000,OK
8,44,adjacent,620,30,16,134,FWD,E8,E9,E5,E6,2.430000,389.667000,OK
8,44,adjacent,620,30,16,135,REV,E9,E8,E5,E6,6.820000,423.024000,OK
8,44,adjacent,620,30,16,136,FWD,E8,E9,E6,E7,-34.484000,390.625000,OK
8,44,adjacent,620,30,16,137,REV,E9,E8,E6,E7,-26.586000,423.343000,OK
8,44,adjacent,620,30,16,138,FWD,E8,E9,E10,E11,30.555000,390.465000,OK
8,44,adjacent,620,30,16,139,REV,E9,E8,E10,E11,38.758000,422.386000,OK
8,44,adjacent,620,30,16,140,FWD,E8,E9,E11,E12,13.516000,390.146000,OK
8,44,adjacent,620,30,16,141,REV,E9,E8,E11,E12,16.789000,422.944000,OK
8,44,adjacent,620,30,16,142,FWD,E8,E9,E12,E1,-34.039000,390.386000,OK
8,44,adjacent,620,30,16,143,REV,E9,E8,E12,E1,-31.211000,421.428000,OK
8,44,adjacent,620,30,16,144,FWD,E9,E10,E1,E2,-38.484000,432.042000,OK
8,44,adjacent,620,30,16,145,REV,E10,E9,E1,E2,-36.414000,439.064000,OK
8,44,adjacent,620,30,16,146,FWD,E9,E10,E2,E3,-74.102000,447.762000,OK
8,44,adjacent,620,30,16,147,REV,E10,E9,E2,E3,-72.406000,434.994000,OK
8,44,adjacent,620,30,16,148,FWD,E9,E10,E3,E4,112.813000,448.481000,OK
8,44,adjacent,620,30,16,149,REV,E10,E9,E3,E4,113.945000,433.877000,OK
8,44,adjacent,620,30,16,150,FWD,E9,E10,E4,E5,8.219000,449.518000,OK
8,44,adjacent,620,30,16,151,REV,E10,E9,E4,E5,9.445000,434.116000,OK
8,44,adjacent,620,30,16,152,FWD,E9,E10,E5,E6,3.250000,449.598000,OK
8,44,adjacent,620,30,16,153,REV,E10,E9,E5,E6,5.766000,432.840000,OK
8,44,adjacent,620,30,16,154,FWD,E9,E10,E6,E7,-33.070000,450.156000,OK
8,44,adjacent,620,30,16,155,REV,E10,E9,E6,E7,-29.133000,433.318000,OK
8,44,adjacent,620,30,16,156,FWD,E9,E10,E7,E8,-23.516000,449.358000,OK
8,44,adjacent,620,30,16,157,REV,E10,E9,E7,E8,-13.047000,434.037000,OK
8,44,adjacent,620,30,16,158,FWD,E9,E10,E11,E12,10.859000,449.119000,OK
8,44,adjacent,620,30,16,159,REV,E10,E9,E11,E12,19.133000,433.398000,OK
8,44,adjacent,620,30,16,160,FWD,E9,E10,E12,E1,-35.023000,449.199000,OK
8,44,adjacent,620,30,16,161,REV,E10,E9,E12,E1,-30.523000,433.079000,OK
8,44,adjacent,620,30,16,162,FWD,E10,E11,E1,E2,-39.109000,352.799000,OK
8,44,adjacent,620,30,16,163,REV,E11,E10,E1,E2,-35.484000,428.929000,OK
8,44,adjacent,620,30,16,164,FWD,E10,E11,E2,E3,-74.430000,376.819000,OK
8,44,adjacent,620,30,16,165,REV,E11,E10,E2,E3,-72.133000,422.625000,OK
8,44,adjacent,620,30,16,166,FWD,E10,E11,E3,E4,113.109000,379.932000,OK
8,44,adjacent,620,30,16,167,REV,E11,E10,E3,E4,114.234000,421.348000,OK
8,44,adjacent,620,30,16,168,FWD,E10,E11,E4,E5,8.328000,382.326000,OK
8,44,adjacent,620,30,16,169,REV,E11,E10,E4,E5,9.133000,420.391000,OK
8,44,adjacent,620,30,16,170,FWD,E10,E11,E5,E6,3.992000,382.964000,OK
8,44,adjacent,620,30,16,171,REV,E11,E10,E5,E6,5.250000,419.672000,OK
8,44,adjacent,620,30,16,172,FWD,E10,E11,E6,E7,-31.906000,383.922000,OK
8,44,adjacent,620,30,16,173,REV,E11,E10,E6,E7,-30.273000,418.555000,OK
8,44,adjacent,620,30,16,174,FWD,E10,E11,E7,E8,-20.609000,384.401000,OK
8,44,adjacent,620,30,16,175,REV,E11,E10,E7,E8,-17.187000,419.194000,OK
8,44,adjacent,620,30,16,176,FWD,E10,E11,E8,E9,23.773000,383.762000,OK
8,44,adjacent,620,30,16,177,REV,E11,E10,E8,E9,31.828000,419.353000,OK
8,44,adjacent,620,30,16,178,FWD,E10,E11,E12,E1,-37.969000,384.081000,OK
8,44,adjacent,620,30,16,179,REV,E11,E10,E12,E1,-27.055000,417.677000,OK
8,44,adjacent,620,30,16,180,FWD,E11,E12,E1,E2,-41.977000,320.161000,OK
8,44,adjacent,620,30,16,181,REV,E12,E11,E1,E2,-32.148000,386.475000,OK
8,44,adjacent,620,30,16,182,FWD,E11,E12,E2,E3,-75.844000,348.410000,OK
8,44,adjacent,620,30,16,183,REV,E12,E11,E2,E3,-70.742000,378.814000,OK
8,44,adjacent,620,30,16,184,FWD,E11,E12,E3,E4,112.828000,350.725000,OK
8,44,adjacent,620,30,16,185,REV,E12,E11,E3,E4,114.703000,376.819000,OK
8,44,adjacent,620,30,16,186,FWD,E11,E12,E4,E5,8.211000,353.039000,OK
8,44,adjacent,620,30,16,187,REV,E12,E11,E4,E5,9.148000,375.782000,OK
8,44,adjacent,620,30,16,188,FWD,E11,E12,E5,E6,4.109000,354.635000,OK
8,44,adjacent,620,30,16,189,REV,E12,E11,E5,E6,5.148000,374.505000,OK
8,44,adjacent,620,30,16,190,FWD,E11,E12,E6,E7,-31.680000,354.156000,OK
8,44,adjacent,620,30,16,191,REV,E12,E11,E6,E7,-30.656000,375.144000,OK
8,44,adjacent,620,30,16,192,FWD,E11,E12,E7,E8,-19.945000,354.954000,OK
8,44,adjacent,620,30,16,193,REV,E12,E11,E7,E8,-18.250000,374.026000,OK
8,44,adjacent,620,30,16,194,FWD,E11,E12,E8,E9,26.328000,355.912000,OK
8,44,adjacent,620,30,16,195,REV,E12,E11,E8,E9,29.266000,374.425000,OK
8,44,adjacent,620,30,16,196,FWD,E11,E12,E9,E10,-12.906000,354.874000,OK
8,44,adjacent,620,30,16,197,REV,E12,E11,E9,E10,-6.312000,374.266000,OK
8,44,adjacent,620,30,16,198,FWD,E12,E1,E2,E3,-82.008000,366.765000,OK
8,44,adjacent,620,30,16,199,REV,E1,E12,E2,E3,-65.508000,352.001000,OK
8,44,adjacent,620,30,16,200,FWD,E12,E1,E3,E4,111.102000,381.927000,OK
8,44,adjacent,620,30,16,201,REV,E1,E12,E3,E4,116.117000,349.368000,OK
8,44,adjacent,620,30,16,202,FWD,E12,E1,E4,E5,7.625000,383.283000,OK
8,44,adjacent,620,30,16,203,REV,E1,E12,E4,E5,9.625000,349.129000,OK
8,44,adjacent,620,30,16,204,FWD,E12,E1,E5,E6,3.750000,383.842000,OK
8,44,adjacent,620,30,16,205,REV,E1,E12,E5,E6,5.492000,347.213000,OK
8,44,adjacent,620,30,16,206,FWD,E12,E1,E6,E7,-31.953000,385.119000,OK
8,44,adjacent,620,30,16,207,REV,E1,E12,E6,E7,-30.602000,347.134000,OK
8,44,adjacent,620,30,16,208,FWD,E12,E1,E7,E8,-20.094000,384.480000,OK
8,44,adjacent,620,30,16,209,REV,E1,E12,E7,E8,-18.258000,348.171000,OK
8,44,adjacent,620,30,16,210,FWD,E12,E1,E8,E9,26.422000,384.800000,OK
8,44,adjacent,620,30,16,211,REV,E1,E12,E8,E9,29.000000,348.570000,OK
8,44,adjacent,620,30,16,212,FWD,E12,E1,E9,E10,-12.086000,384.480000,OK
8,44,adjacent,620,30,16,213,REV,E1,E12,E9,E10,-8.406000,348.410000,OK
8,44,adjacent,620,30,16,214,FWD,E12,E1,E10,E11,28.781000,384.640000,OK
8,44,adjacent,620,30,16,215,REV,E1,E12,E10,E11,38.906000,348.171000,OK
9,45,adjacent,620,30,16,0,FWD,E1,E2,E3,E4,109.469000,400.121000,OK
9,45,adjacent,620,30,16,1,REV,E2,E1,E3,E4,117.703000,388.790000,OK
9,45,adjacent,620,30,16,2,FWD,E1,E2,E4,E5,7.328000,415.283000,OK
9,45,adjacent,620,30,16,3,REV,E2,E1,E4,E5,9.969000,385.677000,OK
9,45,adjacent,620,30,16,4,FWD,E1,E2,E5,E6,3.719000,416.241000,OK
9,45,adjacent,620,30,16,5,REV,E2,E1,E5,E6,5.602000,384.321000,OK
9,45,adjacent,620,30,16,6,FWD,E1,E2,E6,E7,-31.891000,417.598000,OK
9,45,adjacent,620,30,16,7,REV,E2,E1,E6,E7,-30.711000,383.523000,OK
9,45,adjacent,620,30,16,8,FWD,E1,E2,E7,E8,-19.859000,418.396000,OK
9,45,adjacent,620,30,16,9,REV,E2,E1,E7,E8,-18.531000,384.161000,OK
9,45,adjacent,620,30,16,10,FWD,E1,E2,E8,E9,27.055000,417.757000,OK
9,45,adjacent,620,30,16,11,REV,E2,E1,E8,E9,28.562000,383.762000,OK
9,45,adjacent,620,30,16,12,FWD,E1,E2,E9,E10,-11.258000,417.358000,OK
9,45,adjacent,620,30,16,13,REV,E2,E1,E9,E10,-9.422000,383.922000,OK
9,45,adjacent,620,30,16,14,FWD,E1,E2,E10,E11,31.945000,417.119000,OK
9,45,adjacent,620,30,16,15,REV,E2,E1,E10,E11,35.695000,383.682000,OK
9,45,adjacent,620,30,16,16,FWD,E1,E2,E11,E12,9.813000,416.879000,OK
9,45,adjacent,620,30,16,17,REV,E2,E1,E11,E12,21.023000,384.321000,OK
9,45,adjacent,620,30,16,18,FWD,E2,E3,E4,E5,4.242000,419.353000,OK
9,45,adjacent,620,30,16,19,REV,E3,E2,E4,E5,12.414000,368.281000,OK
9,45,adjacent,620,30,16,20,FWD,E2,E3,E5,E6,2.445000,434.914000,OK
9,45,adjacent,620,30,16,21,REV,E3,E2,E5,E6,6.609000,365.647000,OK
9,45,adjacent,620,30,16,22,FWD,E2,E3,E6,E7,-32.391000,434.595000,OK
9,45,adjacent,620,30,16,23,REV,E3,E2,E6,E7,-30.375000,365.887000,OK
9,45,adjacent,620,30,16,24,FWD,E2,E3,E7,E8,-20.008000,436.111000,OK
9,45,adjacent,620,30,16,25,REV,E3,E2,E7,E8,-18.406000,365.807000,OK
9,45,adjacent,620,30,16,26,FWD,E2,E3,E8,E9,27.078000,436.989000,OK
9,45,adjacent,620,30,16,27,REV,E3,E2,E8,E9,28.594000,365.408000,OK
9,45,adjacent,620,30,16,28,FWD,E2,E3,E9,E10,-11.266000,435.952000,OK
9,45,adjacent,620,30,16,29,REV,E3,E2,E9,E10,-9.758000,366.046000,OK
9,45,adjacent,620,30,16,30,FWD,E2,E3,E10,E11,32.734000,436.191000,OK
9,45,adjacent,620,30,16,31,REV,E3,E2,E10,E11,35.070000,367.483000,OK
9,45,adjacent,620,30,16,32,FWD,E2,E3,E11,E12,12.469000,436.351000,OK
9,45,adjacent,620,30,16,33,REV,E3,E2,E11,E12,18.172000,366.445000,OK
9,45,adjacent,620,30,16,34,FWD,E2,E3,E12,E1,-42.570000,436.351000,OK
9,45,adjacent,620,30,16,35,REV,E3,E2,E12,E1,-24.406000,366.525000,OK
9,45,adjacent,620,30,16,36,FWD,E3,E4,E1,E2,-35.617000,280.420000,OK
9,45,adjacent,620,30,16,37,REV,E4,E3,E1,E2,-31.461000,437.867000,OK
9,45,adjacent,620,30,16,38,FWD,E3,E4,E5,E6,1.555000,308.111000,OK
9,45,adjacent,620,30,16,39,REV,E4,E3,E5,E6,9.336000,429.727000,OK
9,45,adjacent,620,30,16,40,FWD,E3,E4,E6,E7,-32.391000,313.298000,OK
9,45,adjacent,620,30,16,41,REV,E4,E3,E6,E7,-29.766000,426.934000,OK
9,45,adjacent,620,30,16,42,FWD,E3,E4,E7,E8,-19.852000,314.335000,OK
9,45,adjacent,620,30,16,43,REV,E4,E3,E7,E8,-18.195000,425.259000,OK
9,45,adjacent,620,30,16,44,FWD,E3,E4,E8,E9,27.484000,315.852000,OK
9,45,adjacent,620,30,16,45,REV,E4,E3,E8,E9,28.625000,424.221000,OK
9,45,adjacent,620,30,16,46,FWD,E3,E4,E9,E10,-10.875000,316.570000,OK
9,45,adjacent,620,30,16,47,REV,E4,E3,E9,E10,-9.914000,423.982000,OK
9,45,adjacent,620,30,16,48,FWD,E3,E4,E10,E11,33.617000,315.852000,OK
9,45,adjacent,620,30,16,49,REV,E4,E3,E10,E11,34.625000,423.423000,OK
9,45,adjacent,620,30,16,50,FWD,E3,E4,E11,E12,14.797000,316.889000,OK
9,45,adjacent,620,30,16,51,REV,E4,E3,E11,E12,16.648000,423.104000,OK
9,45,adjacent,620,30,16,52,FWD,E3,E4,E12,E1,-34.852000,318.166000,OK
9,45,adjacent,620,30,16,53,REV,E4,E3,E12,E1,-29.898000,422.625000,OK
9,45,adjacent,620,30,16,54,FWD,E4,E5,E1,E2,-38.930000,382.725000,OK
9,45,adjacent,620,30,16,55,REV,E5,E4,E1,E2,-36.313000,423.184000,OK
9,45,adjacent,620,30,16,56,FWD,E4,E5,E2,E3,-64.883000,404.510000,OK
9,45,adjacent,620,30,16,57,REV,E5,E4,E2,E3,-58.891000,417.199000,OK
9,45,adjacent,620,30,16,58,FWD,E4,E5,E6,E7,-34.633000,407.463000,OK
9,45,adjacent,620,30,16,59,REV,E5,E4,E6,E7,-27.945000,415.124000,OK
9,45,adjacent,620,30,16,60,FWD,E4,E5,E7,E8,-20.734000,409.298000,OK
9,45,adjacent,620,30,16,61,REV,E5,E4,E7,E8,-17.531000,414.645000,OK
9,45,adjacent,620,30,16,62,FWD,E4,E5,E8,E9,27.094000,409.378000,OK
9,45,adjacent,620,30,16,63,REV,E5,E4,E8,E9,28.852000,414.326000,OK
9,45,adjacent,620,30,16,64,FWD,E4,E5,E9,E10,-11.039000,408.979000,OK
9,45,adjacent,620,30,16,65,REV,E5,E4,E9,E10,-9.930000,414.565000,OK
9,45,adjacent,620,30,16,66,FWD,E4,E5,E10,E11,33.695000,409.937000,OK
9,45,adjacent,620,30,16,67,REV,E5,E4,E10,E11,34.531000,412.969000,OK
9,45,adjacent,620,30,16,68,FWD,E4,E5,E11,E12,15.008000,411.134000,OK
9,45,adjacent,620,30,16,69,REV,E5,E4,E11,E12,16.125000,414.166000,OK
9,45,adjacent,620,30,16,70,FWD,E4,E5,E12,E1,-33.938000,409.697000,OK
9,45,adjacent,620,30,16,71,REV,E5,E4,E12,E1,-31.711000,414.805000,OK
9,45,adjacent,620,30,16,72,FWD,E5,E6,E1,E2,-38.570000,418.396000,OK
9,45,adjacent,620,30,16,73,REV,E6,E5,E1,E2,-36.492000,456.221000,OK
9,45,adjacent,620,30,16,74,FWD,E5,E6,E2,E3,-73.289000,434.675000,OK
9,45,adjacent,620,30,16,75,REV,E6,E5,E2,E3,-68.719000,452.870000,OK
9,45,adjacent,620,30,16,76,FWD,E5,E6,E3,E4,108.828000,437.468000,OK
9,45,adjacent,620,30,16,77,REV,E6,E5,E3,E4,117.883000,450.875000,OK
9,45,adjacent,620,30,16,78,FWD,E5,E6,E7,E8,-24.289000,437.308000,OK
9,45,adjacent,620,30,16,79,REV,E6,E5,E7,E8,-13.828000,451.752000,OK
9,45,adjacent,620,30,16,80,FWD,E5,E6,E8,E9,25.625000,437.947000,OK
9,45,adjacent,620,30,16,81,REV,E6,E5,E8,E9,30.477000,451.673000,OK
9,45,adjacent,620,30,16,82,FWD,E5,E6,E9,E10,-11.844000,437.947000,OK
9,45,adjacent,620,30,16,83,REV,E6,E5,E9,E10,-9.313000,451.353000,OK
9,45,adjacent,620,30,16,84,FWD,E5,E6,E10,E11,33.500000,438.505000,OK
9,45,adjacent,620,30,16,85,REV,E6,E5,E10,E11,34.977000,451.433000,OK
9,45,adjacent,620,30,16,86,FWD,E5,E6,E11,E12,14.922000,437.787000,OK
9,45,adjacent,620,30,16,87,REV,E6,E5,E11,E12,16.266000,450.954000,OK
9,45,adjacent,620,30,16,88,FWD,E5,E6,E12,E1,-33.969000,438.106000,OK
9,45,adjacent,620,30,16,89,REV,E6,E5,E12,E1,-31.820000,451.034000,OK
9,45,adjacent,620,30,16,90,FWD,E6,E7,E1,E2,-38.125000,434.037000,OK
9,45,adjacent,620,30,16,91,REV,E7,E6,E1,E2,-36.867000,425.578000,OK
9,45,adjacent,620,30,16,92,FWD,E6,E7,E2,E3,-73.383000,451.992000,OK
9,45,adjacent,620,30,16,93,REV,E7,E6,E2,E3,-71.250000,420.471000,OK
9,45,adjacent,620,30,16,94,FWD,E6,E7,E3,E4,110.430000,454.545000,OK
9,45,adjacent,620,30,16,95,REV,E7,E6,E3,E4,113.648000,419.672000,OK
9,45,adjacent,620,30,16,96,FWD,E6,E7,E4,E5,6.227000,455.104000,OK
9,45,adjacent,620,30,16,97,REV,E7,E6,E4,E5,13.203000,418.156000,OK
9,45,adjacent,620,30,16,98,FWD,E6,E7,E8,E9,23.461000,455.902000,OK
9,45,adjacent,620,30,16,99,REV,E7,E6,E8,E9,32.203000,418.635000,OK
9,45,adjacent,620,30,16,100,FWD,E6,E7,E9,E10,-12.695000,455.902000,OK
9,45,adjacent,620,30,16,101,REV,E7,E6,E9,E10,-8.758000,418.076000,OK
9,45,adjacent,620,30,16,102,FWD,E6,E7,E10,E11,33.336000,455.423000,OK
9,45,adjacent,620,30,16,103,REV,E7,E6,E10,E11,35.148000,418.635000,OK
9,45,adjacent,620,30,16,104,FWD,E6,E7,E11,E12,14.953000,455.184000,OK
9,45,adjacent,620,30,16,105,REV,E7,E6,E11,E12,16.172000,419.034000,OK
9,45,adjacent,620,30,16,106,FWD,E6,E7,E12,E1,-33.797000,456.062000,OK
9,45,adjacent,620,30,16,107,REV,E7,E6,E12,E1,-32.172000,418.316000,OK
9,45,adjacent,620,30,16,108,FWD,E7,E8,E1,E2,-38.117000,400.440000,OK
9,45,adjacent,620,30,16,109,REV,E8,E7,E1,E2,-36.789000,408.740000,OK
9,45,adjacent,620,30,16,110,FWD,E7,E8,E2,E3,-73.859000,420.071000,OK
9,45,adjacent,620,30,16,111,REV,E8,E7,E2,E3,-72.211000,404.271000,OK
9,45,adjacent,620,30,16,112,FWD,E7,E8,E3,E4,111.766000,422.466000,OK
9,45,adjacent,620,30,16,113,REV,E8,E7,E3,E4,113.633000,403.154000,OK
9,45,adjacent,620,30,16,114,FWD,E7,E8,E4,E5,7.687000,422.066000,OK
9,45,adjacent,620,30,16,115,REV,E8,E7,E4,E5,10.844000,403.074000,OK
9,45,adjacent,620,30,16,116,FWD,E7,E8,E5,E6,0.180000,423.024000,OK
9,45,adjacent,620,30,16,117,REV,E8,E7,E5,E6,9.625000,402.436000,OK
9,45,adjacent,620,30,16,118,FWD,E7,E8,E9,E10,-15.719000,422.944000,OK
9,45,adjacent,620,30,16,119,REV,E8,E7,E9,E10,-5.977000,403.393000,OK
9,45,adjacent,620,30,16,120,FWD,E7,E8,E10,E11,32.539000,423.264000,OK
9,45,adjacent,620,30,16,121,REV,E8,E7,E10,E11,36.141000,402.675000,OK
9,45,adjacent,620,30,16,122,FWD,E7,E8,E11,E12,14.570000,424.141000,OK
9,45,adjacent,620,30,16,123,REV,E8,E7,E11,E12,16.500000,402.595000,OK
9,45,adjacent,620,30,16,124,FWD,E7,E8,E12,E1,-34.023000,423.663000,OK
9,45,adjacent,620,30,16,125,REV,E8,E7,E12,E1,-32.008000,403.473000,OK
9,45,adjacent,620,30,16,126,FWD,E8,E9,E1,E2,-38.102000,359.503000,OK
9,45,adjacent,620,30,16,127,REV,E9,E8,E1,E2,-36.625000,434.037000,OK
9,45,adjacent,620,30,16,128,FWD,E8,E9,E2,E3,-73.914000,384.640000,OK
9,45,adjacent,620,30,16,129,REV,E9,E8,E2,E3,-72.383000,426.615000,OK
9,45,adjacent,620,30,16,130,FWD,E8,E9,E3,E4,112.352000,388.470000,OK
9,45,adjacent,620,30,16,131,REV,E9,E8,E3,E4,113.664000,424.301000,OK
9,45,adjacent,620,30,16,132,FWD,E8,E9,E4,E5,8.359000,389.667000,OK
9,45,adjacent,620,30,16,133,REV,E9,E8,E4,E5,10.078000,424.141000,OK
9,45,adjacent,620,30,16,134,FWD,E8,E9,E5,E6,2.500000,390.625000,OK
9,45,adjacent,620,30,16,135,REV,E9,E8,E5,E6,6.859000,423.822000,OK
9,45,adjacent,620,30,16,136,FWD,E8,E9,E6,E7,-34.578000,390.226000,OK
9,45,adjacent,620,30,16,137,REV,E9,E8,E6,E7,-26.648000,423.583000,OK
9,45,adjacent,620,30,16,138,FWD,E8,E9,E10,E11,30.531000,389.428000,OK
9,45,adjacent,620,30,16,139,REV,E9,E8,E10,E11,38.711000,423.264000,OK
9,45,adjacent,620,30,16,140,FWD,E8,E9,E11,E12,14.008000,391.104000,OK
9,45,adjacent,620,30,16,141,REV,E9,E8,E11,E12,17.289000,421.907000,OK
9,45,adjacent,620,30,16,142,FWD,E8,E9,E12,E1,-34.398000,391.024000,OK
9,45,adjacent,620,30,16,143,REV,E9,E8,E12,E1,-31.578000,423.343000,OK
9,45,adjacent,620,30,16,144,FWD,E9,E10,E1,E2,-38.492000,430.765000,OK
9,45,adjacent,620,30,16,145,REV,E10,E9,E1,E2,-36.398000,438.745000,OK
9,45,adjacent,620,30,16,146,FWD,E9,E10,E2,E3,-74.172000,447.284000,OK
9,45,adjacent,620,30,16,147,REV,E10,E9,E2,E3,-72.500000,434.835000,OK
9,45,adjacent,620,30,16,148,FWD,E9,E10,E3,E4,112.625000,449.518000,OK
9,45,adjacent,620,30,16,149,REV,E10,E9,E3,E4,113.766000,433.957000,OK
9,45,adjacent,620,30,16,150,FWD,E9,E10,E4,E5,8.398000,449.279000,OK
9,45,adjacent,620,30,16,151,REV,E10,E9,E4,E5,9.625000,433.877000,OK
9,45,adjacent,620,30,16,152,FWD,E9,E10,E5,E6,3.313000,449.518000,OK
9,45,adjacent,620,30,16,153,REV,E10,E9,E5,E6,5.844000,434.196000,OK
9,45,adjacent,620,30,16,154,FWD,E9,E10,E6,E7,-33.148000,449.119000,OK
9,45,adjacent,620,30,16,155,REV,E10,E9,E6,E7,-29.180000,433.478000,OK
9,45,adjacent,620,30,16,156,FWD,E9,E10,E7,E8,-23.289000,450.316000,OK
9,45,adjacent,620,30,16,157,REV,E10,E9,E7,E8,-12.813000,433.478000,OK
9,45,adjacent,620,30,16,158,FWD,E9,E10,E11,E12,11.352000,448.959000,OK
9,45,adjacent,620,30,16,159,REV,E10,E9,E11,E12,19.625000,433.797000,OK
9,45,adjacent,620,30,16,160,FWD,E9,E10,E12,E1,-35.344000,449.678000,OK
9,45,adjacent,620,30,16,161,REV,E10,E9,E12,E1,-30.859000,433.398000,OK
9,45,adjacent,620,30,16,162,FWD,E10,E11,E1,E2,-39.047000,353.039000,OK
9,45,adjacent,620,30,16,163,REV,E11,E10,E1,E2,-35.461000,429.807000,OK
9,45,adjacent,620,30,16,164,FWD,E10,E11,E2,E3,-74.539000,378.096000,OK
9,45,adjacent,620,30,16,165,REV,E11,E10,E2,E3,-72.266000,422.625000,OK
9,45,adjacent,620,30,16,166,FWD,E10,E11,E3,E4,112.820000,380.410000,OK
9,45,adjacent,620,30,16,167,REV,E11,E10,E3,E4,113.930000,420.471000,OK
9,45,adjacent,620,30,16,168,FWD,E10,E11,E4,E5,8.594000,381.687000,OK
9,45,adjacent,620,30,16,169,REV,E11,E10,E4,E5,9.414000,419.672000,OK
9,45,adjacent,620,30,16,170,FWD,E10,E11,E5,E6,4.008000,382.007000,OK
9,45,adjacent,620,30,16,171,REV,E11,E10,E5,E6,5.336000,419.433000,OK
9,45,adjacent,620,30,16,172,FWD,E10,E11,E6,E7,-32.000000,383.682000,OK
9,45,adjacent,620,30,16,173,REV,E11,E10,E6,E7,-30.375000,417.438000,OK
9,45,adjacent,620,30,16,174,FWD,E10,E11,E7,E8,-20.383000,384.002000,OK
9,45,adjacent,620,30,16,175,REV,E11,E10,E7,E8,-16.937000,419.832000,OK
9,45,adjacent,620,30,16,176,FWD,E10,E11,E8,E9,23.836000,383.922000,OK
9,45,adjacent,620,30,16,177,REV,E11,E10,E8,E9,31.859000,419.194000,OK
9,45,adjacent,620,30,16,178,FWD,E10,E11,E12,E1,-38.281000,384.161000,OK
9,45,adjacent,620,30,16,179,REV,E11,E10,E12,E1,-27.367000,418.236000,OK
9,45,adjacent,620,30,16,180,FWD,E11,E12,E1,E2,-41.969000,320.320000,OK
9,45,adjacent,620,30,16,181,REV,E12,E11,E1,E2,-32.117000,387.353000,OK
9,45,adjacent,620,30,16,182,FWD,E11,E12,E2,E3,-75.953000,347.932000,OK
9,45,adjacent,620,30,16,183,REV,E12,E11,E2,E3,-70.820000,378.735000,OK
9,45,adjacent,620,30,16,184,FWD,E11,E12,E3,E4,112.547000,351.762000,OK
9,45,adjacent,620,30,16,185,REV,E12,E11,E3,E4,114.406000,376.979000,OK
9,45,adjacent,620,30,16,186,FWD,E11,E12,E4,E5,8.422000,352.879000,OK
9,45,adjacent,620,30,16,187,REV,E12,E11,E4,E5,9.398000,376.819000,OK
9,45,adjacent,620,30,16,188,FWD,E11,E12,E5,E6,4.148000,353.917000,OK
9,45,adjacent,620,30,16,189,REV,E12,E11,E5,E6,5.234000,374.824000,OK
9,45,adjacent,620,30,16,190,FWD,E11,E12,E6,E7,-31.758000,354.794000,OK
9,45,adjacent,620,30,16,191,REV,E12,E11,E6,E7,-30.750000,374.505000,OK
9,45,adjacent,620,30,16,192,FWD,E11,E12,E7,E8,-19.711000,354.794000,OK
9,45,adjacent,620,30,16,193,REV,E12,E11,E7,E8,-18.016000,375.303000,OK
9,45,adjacent,620,30,16,194,FWD,E11,E12,E8,E9,26.336000,355.193000,OK
9,45,adjacent,620,30,16,195,REV,E12,E11,E8,E9,29.211000,374.904000,OK
9,45,adjacent,620,30,16,196,FWD,E11,E12,E9,E10,-13.219000,354.475000,OK
9,45,adjacent,620,30,16,197,REV,E12,E11,E9,E10,-6.578000,374.425000,OK
9,45,adjacent,620,30,16,198,FWD,E12,E1,E2,E3,-82.125000,366.126000,OK
9,45,adjacent,620,30,16,199,REV,E1,E12,E2,E3,-65.563000,352.879000,OK
9,45,adjacent,620,30,16,200,FWD,E12,E1,E3,E4,110.820000,382.565000,OK
9,45,adjacent,620,30,16,201,REV,E1,E12,E3,E4,115.852000,348.889000,OK
9,45,adjacent,620,30,16,202,FWD,E12,E1,E4,E5,7.828000,383.283000,OK
9,45,adjacent,620,30,16,203,REV,E1,E12,E4,E5,9.805000,348.091000,OK
9,45,adjacent,620,30,16,204,FWD,E12,E1,E5,E6,3.789000,384.241000,OK
9,45,adjacent,620,30,16,205,REV,E1,E12,E5,E6,5.523000,348.251000,OK
9,45,adjacent,620,30,16,206,FWD,E12,E1,E6,E7,-31.984000,384.720000,OK
9,45,adjacent,620,30,16,207,REV,E1,E12,E6,E7,-30.641000,347.134000,OK
9,45,adjacent,620,30,16,208,FWD,E12,E1,E7,E8,-19.891000,384.560000,OK
9,45,adjacent,620,30,16,209,REV,E1,E12,E7,E8,-18.094000,348.011000,OK
9,45,adjacent,620,30,16,210,FWD,E12,E1,E8,E9,26.437000,384.321000,OK
9,45,adjacent,620,30,16,211,REV,E1,E12,E8,E9,28.977000,348.570000,OK
9,45,adjacent,620,30,16,212,FWD,E12,E1,E9,E10,-12.313000,384.321000,OK
9,45,adjacent,620,30,16,213,REV,E1,E12,E9,E10,-8.609000,348.011000,OK
9,45,adjacent,620,30,16,214,FWD,E12,E1,E10,E11,28.750000,384.959000,OK
9,45,adjacent,620,30,16,215,REV,E1,E12,E10,E11,38.914000,348.251000,OK
