
------------------------------------------------------------------------
2026-09-16 14:51:05  Session started (demo)
2026-09-16 14:51:05  Scans folder: C:\Users\Vidad\Documents\THESIS-PALAYAIN\scans
2026-09-16 14:51:05  0 scan(s) already recorded here.
2026-09-16 14:51:05  Ready. Settings are saved on exit.

------------------------------------------------------------------------
2026-09-16 16:07:46  Session ended

------------------------------------------------------------------------
2026-09-16 16:08:17  Session started (demo)
2026-09-16 16:08:17  Scans folder: C:\Users\Vidad\Documents\THESIS-PALAYAIN\scans
2026-09-16 16:08:17  0 scan(s) already recorded here.
2026-09-16 16:08:17  Ready. Settings are saved on exit.
2026-09-16 16:08:55  Connecting to COM12...
2026-09-16 16:08:55  Configuring instrument...

------------------------------------------------------------------------
2026-09-16 16:08:55  Run 20260916-160855-coconut1
2026-09-16 16:08:55  Conditions: medium=saline tank saline=None g/L grounding=unknown fill=None mm temp=None C
2026-09-16 16:08:55  Recording to scans\runs\20260916-160855-coconut1
2026-09-16 16:09:31  [warmup 1/20] 4/216 OK | I med 2.7 uA (0.0-10.2) | R med n/a | flags I_LOWx212
2026-09-16 16:10:07  [warmup 2/20] 3/216 OK | I med 2.4 uA (0.0-10.5) | R med n/a | flags I_LOWx213
2026-09-16 16:10:43  [warmup 3/20] 2/216 OK | I med 2.6 uA (0.1-10.2) | R med n/a | flags I_LOWx214
2026-09-16 16:11:19  [warmup 4/20] 2/216 OK | I med 2.6 uA (0.0-10.2) | R med n/a | flags I_LOWx214
2026-09-16 16:11:55  [warmup 5/20] 3/216 OK | I med 2.8 uA (0.0-10.3) | R med n/a | flags I_LOWx213
2026-09-16 16:12:31  [warmup 6/20] 1/216 OK | I med 2.5 uA (0.0-10.4) | R med n/a | flags I_LOWx215
2026-09-16 16:13:08  [warmup 7/20] 2/216 OK | I med 2.5 uA (0.0-10.1) | R med n/a | flags I_LOWx214
2026-09-16 16:13:44  [warmup 8/20] 1/216 OK | I med 2.8 uA (0.1-10.3) | R med n/a | flags I_LOWx215
2026-09-16 16:14:20  [warmup 9/20] 2/216 OK | I med 2.6 uA (0.0-10.2) | R med n/a | flags I_LOWx214
2026-09-16 16:14:53  Stopping after the frame in flight...
2026-09-16 16:14:56  [warmup 10/20] 2/216 OK | I med 2.7 uA (0.1-10.1) | R med n/a | flags I_LOWx214
2026-09-16 16:14:56  Cancelled after 0 frame(s); the run is kept.
2026-09-16 16:14:56  Finished. Run saved to scans\runs\20260916-160855-coconut1
2026-09-16 16:14:56    Frames captured: 0
2026-09-16 16:14:56    Reciprocity: no reciprocal pairs captured
2026-09-16 16:14:56    Noise floor: needs at least 2 frames
2026-09-16 16:14:56  Indexed in scans\index.csv
2026-09-16 16:15:02  Connecting to COM12...
2026-09-16 16:15:02  Configuring instrument...

------------------------------------------------------------------------
2026-09-16 16:15:02  Run 20260916-161502-coconut
2026-09-16 16:15:02  Conditions: medium=Coconut Tree Cutout saline=None g/L grounding=unknown fill=None mm temp=None C
2026-09-16 16:15:02  Recording to scans\runs\20260916-161502-coconut
2026-09-16 16:15:07  Stopping after the frame in flight...

------------------------------------------------------------------------
2026-09-16 16:15:33  Session ended

------------------------------------------------------------------------
2026-09-16 16:15:50  Session started (demo)
2026-09-16 16:15:50  Scans folder: C:\Users\Vidad\Documents\THESIS-PALAYAIN\scans
2026-09-16 16:15:50  2 scan(s) already recorded here.
2026-09-16 16:15:50  Ready. Settings are saved on exit.
2026-09-16 16:16:18  Connecting to COM12...
2026-09-16 16:16:18  Configuring instrument...

------------------------------------------------------------------------
2026-09-16 16:16:18  Run 20260916-161618-coconut
2026-09-16 16:16:18  Conditions: medium=Coconut saline=None g/L grounding=unknown fill=None mm temp=None C
2026-09-16 16:16:18  Recording to scans\runs\20260916-161618-coconut
2026-09-16 16:16:18  [warmup 1/20] 216/216 OK | I med 250.0 uA (250.0-250.0) | R med 0.058 kohm (OUT OF WINDOW)
2026-09-16 16:16:18  [warmup 2/20] 216/216 OK | I med 250.0 uA (250.0-250.0) | R med 0.058 kohm (OUT OF WINDOW)
2026-09-16 16:16:18  [warmup 3/20] 216/216 OK | I med 250.0 uA (250.0-250.0) | R med 0.058 kohm (OUT OF WINDOW)
2026-09-16 16:16:18  [warmup 4/20] 216/216 OK | I med 250.0 uA (250.0-250.0) | R med 0.058 kohm (OUT OF WINDOW)
2026-09-16 16:16:18  [warmup 5/20] 216/216 OK | I med 250.0 uA (250.0-250.0) | R med 0.058 kohm (OUT OF WINDOW)
2026-09-16 16:16:18  [warmup 6/20] 216/216 OK | I med 250.0 uA (250.0-250.0) | R med 0.058 kohm (OUT OF WINDOW)
2026-09-16 16:16:18  [warmup 7/20] 216/216 OK | I med 250.0 uA (250.0-250.0) | R med 0.058 kohm (OUT OF WINDOW)
2026-09-16 16:16:18  [warmup 8/20] 216/216 OK | I med 250.0 uA (250.0-250.0) | R med 0.058 kohm (OUT OF WINDOW)
2026-09-16 16:16:18  [warmup 9/20] 216/216 OK | I med 250.0 uA (250.0-250.0) | R med 0.058 kohm (OUT OF WINDOW)
2026-09-16 16:16:18  [warmup 10/20] 216/216 OK | I med 250.0 uA (250.0-250.0) | R med 0.058 kohm (OUT OF WINDOW)
2026-09-16 16:16:18  [warmup 11/20] 216/216 OK | I med 250.0 uA (250.0-250.0) | R med 0.058 kohm (OUT OF WINDOW)
2026-09-16 16:16:18  [warmup 12/20] 216/216 OK | I med 250.0 uA (250.0-250.0) | R med 0.058 kohm (OUT OF WINDOW)
2026-09-16 16:16:18  [warmup 13/20] 216/216 OK | I med 250.0 uA (250.0-250.0) | R med 0.058 kohm (OUT OF WINDOW)
2026-09-16 16:16:18  [warmup 14/20] 216/216 OK | I med 250.0 uA (250.0-250.0) | R med 0.058 kohm (OUT OF WINDOW)
2026-09-16 16:16:18  [warmup 15/20] 216/216 OK | I med 250.0 uA (250.0-250.0) | R med 0.058 kohm (OUT OF WINDOW)
2026-09-16 16:16:18  [warmup 16/20] 216/216 OK | I med 250.0 uA (250.0-250.0) | R med 0.058 kohm (OUT OF WINDOW)
2026-09-16 16:16:18  [warmup 17/20] 216/216 OK | I med 250.0 uA (250.0-250.0) | R med 0.058 kohm (OUT OF WINDOW)
2026-09-16 16:16:18  [warmup 18/20] 216/216 OK | I med 250.0 uA (250.0-250.0) | R med 0.058 kohm (OUT OF WINDOW)
2026-09-16 16:16:18  [warmup 19/20] 216/216 OK | I med 250.0 uA (250.0-250.0) | R med 0.058 kohm (OUT OF WINDOW)
2026-09-16 16:16:18  [warmup 20/20] 216/216 OK | I med 250.0 uA (250.0-250.0) | R med 0.058 kohm (OUT OF WINDOW)
2026-09-16 16:16:18  [frame 1] 216/216 OK | I med 250.0 uA (250.0-250.0) | R med 0.058 kohm (OUT OF WINDOW)
2026-09-16 16:16:18  [frame 2] 216/216 OK | I med 250.0 uA (250.0-250.0) | R med 0.058 kohm (OUT OF WINDOW)
2026-09-16 16:16:18  [frame 3] 216/216 OK | I med 250.0 uA (250.0-250.0) | R med 0.058 kohm (OUT OF WINDOW)
2026-09-16 16:16:18  [frame 4] 216/216 OK | I med 250.0 uA (250.0-250.0) | R med 0.058 kohm (OUT OF WINDOW)
2026-09-16 16:16:18  [frame 5] 216/216 OK | I med 250.0 uA (250.0-250.0) | R med 0.058 kohm (OUT OF WINDOW)
2026-09-16 16:16:18  [frame 6] 216/216 OK | I med 250.0 uA (250.0-250.0) | R med 0.058 kohm (OUT OF WINDOW)
2026-09-16 16:16:18  [frame 7] 216/216 OK | I med 250.0 uA (250.0-250.0) | R med 0.058 kohm (OUT OF WINDOW)
2026-09-16 16:16:35  [frame 8] 216/216 OK | I med 250.0 uA (250.0-250.0) | R med 0.058 kohm (OUT OF WINDOW)
2026-09-16 16:16:54  [frame 9] 216/216 OK | I med 250.0 uA (250.0-250.0) | R med 0.058 kohm (OUT OF WINDOW)
2026-09-16 16:17:13  [frame 10] 216/216 OK | I med 250.0 uA (250.0-250.0) | R med 0.058 kohm (OUT OF WINDOW)

------------------------------------------------------------------------
2026-09-16 16:17:37  Session started (demo)
2026-09-16 16:17:37  Scans folder: C:\Users\Vidad\Documents\THESIS-PALAYAIN\scans
2026-09-16 16:17:37  3 scan(s) already recorded here.
2026-09-16 16:17:37  Ready. Settings are saved on exit.
2026-09-16 16:19:20  Connecting to COM12...
2026-09-16 16:19:20  Configuring instrument...

------------------------------------------------------------------------
2026-09-16 16:19:20  Run 20260916-161920-coconut
2026-09-16 16:19:20  Conditions: medium=saline tank saline=None g/L grounding=unknown fill=None mm temp=None C
2026-09-16 16:19:20  Recording to scans\runs\20260916-161920-coconut
2026-09-16 16:20:04  [warmup 1/20] 0/216 OK | I med 364.6 uA (361.0-369.9) | R med n/a | flags I_HIGHx216
2026-09-16 16:20:47  [warmup 2/20] 0/216 OK | I med 364.2 uA (359.6-370.0) | R med n/a | flags I_HIGHx216
2026-09-16 16:21:31  [warmup 3/20] 0/216 OK | I med 364.1 uA (360.1-370.1) | R med n/a | flags I_HIGHx216
2026-09-16 16:21:39  Stopping after the frame in flight...
2026-09-16 16:22:14  [warmup 4/20] 0/216 OK | I med 364.0 uA (359.2-369.8) | R med n/a | flags I_HIGHx216
2026-09-16 16:22:14  Cancelled after 0 frame(s); the run is kept.
2026-09-16 16:22:14  Finished. Run saved to scans\runs\20260916-161920-coconut
2026-09-16 16:22:14    Frames captured: 0
2026-09-16 16:22:14    Reciprocity: no reciprocal pairs captured
2026-09-16 16:22:14    Noise floor: needs at least 2 frames
2026-09-16 16:22:14  Indexed in scans\index.csv
2026-09-16 16:22:33  Connecting to COM12...
2026-09-16 16:22:33  Configuring instrument...

------------------------------------------------------------------------
2026-09-16 16:22:33  Run 20260916-162233-coconut
2026-09-16 16:22:33  Conditions: medium=saline tank saline=None g/L grounding=unknown fill=None mm temp=None C
2026-09-16 16:22:33  Recording to scans\runs\20260916-162233-coconut
2026-09-16 16:23:17  [warmup 1/20] 216/216 OK | I med 363.5 uA (358.8-369.8) | R med 0.016 kohm (OUT OF WINDOW)
2026-09-16 16:24:00  [warmup 2/20] 216/216 OK | I med 363.7 uA (359.3-370.1) | R med 0.017 kohm (OUT OF WINDOW)
2026-09-16 16:24:44  [warmup 3/20] 216/216 OK | I med 363.8 uA (359.0-369.6) | R med 0.017 kohm (OUT OF WINDOW)
2026-09-16 16:25:27  [warmup 4/20] 216/216 OK | I med 363.8 uA (359.7-369.8) | R med 0.017 kohm (OUT OF WINDOW)
2026-09-16 16:26:10  [warmup 5/20] 216/216 OK | I med 363.8 uA (359.4-369.2) | R med 0.018 kohm (OUT OF WINDOW)
2026-09-16 16:26:54  [warmup 6/20] 216/216 OK | I med 363.3 uA (359.1-369.3) | R med 0.018 kohm (OUT OF WINDOW)
2026-09-16 16:27:37  [warmup 7/20] 216/216 OK | I med 363.1 uA (358.8-369.6) | R med 0.017 kohm (OUT OF WINDOW)
2026-09-16 16:28:21  [warmup 8/20] 216/216 OK | I med 362.8 uA (359.0-369.6) | R med 0.017 kohm (OUT OF WINDOW)
2026-09-16 16:29:04  [warmup 9/20] 216/216 OK | I med 362.6 uA (358.2-368.5) | R med 0.018 kohm (OUT OF WINDOW)
2026-09-16 16:29:47  [warmup 10/20] 216/216 OK | I med 361.9 uA (358.2-368.4) | R med 0.018 kohm (OUT OF WINDOW)
2026-09-16 16:30:31  [warmup 11/20] 216/216 OK | I med 362.5 uA (358.0-368.4) | R med 0.018 kohm (OUT OF WINDOW)
2026-09-16 16:31:14  [warmup 12/20] 216/216 OK | I med 362.7 uA (358.7-369.0) | R med 0.017 kohm (OUT OF WINDOW)
2026-09-16 16:31:58  [warmup 13/20] 216/216 OK | I med 362.7 uA (358.6-368.8) | R med 0.017 kohm (OUT OF WINDOW)
2026-09-16 16:32:41  [warmup 14/20] 216/216 OK | I med 362.5 uA (358.9-368.3) | R med 0.016 kohm (OUT OF WINDOW)
2026-09-16 16:33:25  [warmup 15/20] 216/216 OK | I med 362.7 uA (358.5-369.1) | R med 0.016 kohm (OUT OF WINDOW)
2026-09-16 16:34:08  [warmup 16/20] 216/216 OK | I med 362.6 uA (359.1-369.6) | R med 0.017 kohm (OUT OF WINDOW)
2026-09-16 16:34:51  [warmup 17/20] 216/216 OK | I med 362.8 uA (358.7-368.6) | R med 0.017 kohm (OUT OF WINDOW)
2026-09-16 16:35:35  [warmup 18/20] 216/216 OK | I med 362.7 uA (358.9-368.4) | R med 0.016 kohm (OUT OF WINDOW)
2026-09-16 16:36:18  [warmup 19/20] 216/216 OK | I med 362.6 uA (358.1-368.8) | R med 0.017 kohm (OUT OF WINDOW)
2026-09-16 16:37:02  [warmup 20/20] 216/216 OK | I med 362.5 uA (358.6-368.5) | R med 0.017 kohm (OUT OF WINDOW)
2026-09-16 16:37:45  [frame 1] 216/216 OK | I med 362.4 uA (358.2-368.9) | R med 0.017 kohm (OUT OF WINDOW)
2026-09-16 16:38:29  [frame 2] 216/216 OK | I med 362.5 uA (358.3-368.8) | R med 0.017 kohm (OUT OF WINDOW)
2026-09-16 16:39:12  [frame 3] 216/216 OK | I med 362.5 uA (358.8-368.7) | R med 0.017 kohm (OUT OF WINDOW)
2026-09-16 16:39:55  [frame 4] 216/216 OK | I med 362.4 uA (358.5-368.8) | R med 0.018 kohm (OUT OF WINDOW)
2026-09-16 16:40:39  [frame 5] 216/216 OK | I med 362.5 uA (358.4-368.5) | R med 0.018 kohm (OUT OF WINDOW)
2026-09-16 16:41:22  [frame 6] 216/216 OK | I med 362.4 uA (358.1-368.4) | R med 0.016 kohm (OUT OF WINDOW)
2026-09-16 16:42:06  [frame 7] 216/216 OK | I med 362.3 uA (358.1-368.4) | R med 0.018 kohm (OUT OF WINDOW)
2026-09-16 16:42:49  [frame 8] 216/216 OK | I med 362.2 uA (358.1-368.6) | R med 0.017 kohm (OUT OF WINDOW)
2026-09-16 16:43:32  [frame 9] 216/216 OK | I med 362.2 uA (357.4-368.4) | R med 0.017 kohm (OUT OF WINDOW)
2026-09-16 16:44:16  [frame 10] 216/216 OK | I med 361.8 uA (357.1-367.8) | R med 0.016 kohm (OUT OF WINDOW)
2026-09-16 16:44:32  Finished. Run saved to scans\runs\20260916-162233-coconut
2026-09-16 16:44:32    Frames captured: 10
2026-09-16 16:44:32    Reciprocity: median 74.2%  max 100.0%  sign flips 21/54
2026-09-16 16:44:32    Noise floor: median pair sd 0.00010 kohm (0.78%)  max 0.00299 kohm over 108 pairs
2026-09-16 16:44:32  Indexed in scans\index.csv

------------------------------------------------------------------------
2026-09-16 17:48:26  Session started (hardware)
2026-09-16 17:48:26  Scans folder: C:\Users\Vidad\Documents\THESIS-PALAYAIN\scans
2026-09-16 17:48:26  5 scan(s) already recorded here.
2026-09-16 17:48:26  Ready. Settings are saved on exit.
2026-09-16 17:48:56  Connecting to COM12...
2026-09-16 17:48:56  Configuring instrument...

------------------------------------------------------------------------
2026-09-16 17:48:56  Run 20260916-174856-coconut-1-2nd-run
2026-09-16 17:48:56  Conditions: medium=Coconut saline=None g/L grounding=unknown fill=None mm temp=None C
2026-09-16 17:48:56  Recording to scans\runs\20260916-174856-coconut-1-2nd-run
2026-09-16 17:49:39  [warmup 1/20] 0/216 OK | I med 180.5 uA (127.5-301.7) | R med n/a | flags I_HIGHx216
2026-09-16 17:50:23  [warmup 2/20] 0/216 OK | I med 179.9 uA (128.8-300.8) | R med n/a | flags I_HIGHx216
2026-09-16 17:51:06  [warmup 3/20] 0/216 OK | I med 230.6 uA (170.5-361.5) | R med n/a | flags I_HIGHx216
2026-09-16 17:51:50  [warmup 4/20] 0/216 OK | I med 360.3 uA (356.0-366.1) | R med n/a | flags I_HIGHx216
2026-09-16 17:52:33  [warmup 5/20] 0/216 OK | I med 360.2 uA (126.6-366.2) | R med n/a | flags I_HIGHx216
2026-09-16 17:53:16  [warmup 6/20] 72/216 OK | I med 143.0 uA (79.8-264.2) | R med 0.0272 kohm | dV med 925 LSB QUANTISATION LIMITED (3/27 pairs under 4) | flags I_HIGHx144
2026-09-16 17:53:32  Stopping after the frame in flight...
2026-09-16 17:54:00  [warmup 7/20] 89/216 OK | I med 132.0 uA (81.6-266.2) | R med 0.0272 kohm | dV med 940 LSB QUANTISATION LIMITED (3/27 pairs under 4) | flags I_HIGHx127
2026-09-16 17:54:00  Cancelled after 0 frame(s); the run is kept.
2026-09-16 17:54:00  No reconstruction: This run is the session baseline; it has nothing to differ from.
2026-09-16 17:54:00  Finished. Run saved to scans\runs\20260916-174856-coconut-1-2nd-run
2026-09-16 17:54:00    Frames captured: 0
2026-09-16 17:54:00    Reciprocity: no reciprocal pairs captured
2026-09-16 17:54:00    Noise floor: needs at least 2 frames
2026-09-16 17:54:00  Indexed in scans\index.csv
2026-09-16 17:54:53  Connecting to COM12...
2026-09-16 17:54:53  Configuring instrument...

------------------------------------------------------------------------
2026-09-16 17:54:53  Run 20260916-175453-coconut-1-2nd-run
2026-09-16 17:54:53  Conditions: medium=Coconut saline=None g/L grounding=unknown fill=None mm temp=None C
2026-09-16 17:54:53  Recording to scans\runs\20260916-175453-coconut-1-2nd-run
2026-09-16 17:55:37  [warmup 1/20] 216/216 OK | I med 131.8 uA (79.6-264.5) | R med 0.0250 kohm | dV med 662 LSB QUANTISATION LIMITED (12/108 pairs under 4)
2026-09-16 17:56:20  [warmup 2/20] 216/216 OK | I med 131.6 uA (80.4-264.3) | R med 0.0270 kohm | dV med 660 LSB QUANTISATION LIMITED (12/108 pairs under 4)
2026-09-16 17:57:03  [warmup 3/20] 216/216 OK | I med 131.3 uA (80.0-264.4) | R med 0.0260 kohm | dV med 672 LSB QUANTISATION LIMITED (11/108 pairs under 4)
2026-09-16 17:57:47  [warmup 4/20] 216/216 OK | I med 131.4 uA (79.7-264.1) | R med 0.0277 kohm | dV med 670 LSB QUANTISATION LIMITED (11/108 pairs under 4)
2026-09-16 17:58:30  [warmup 5/20] 216/216 OK | I med 131.9 uA (80.0-264.7) | R med 0.0273 kohm | dV med 661 LSB QUANTISATION LIMITED (13/108 pairs under 4)
2026-09-16 17:59:14  [warmup 6/20] 216/216 OK | I med 131.9 uA (81.0-264.5) | R med 0.0273 kohm | dV med 655 LSB QUANTISATION LIMITED (11/108 pairs under 4)
2026-09-16 17:59:57  [warmup 7/20] 216/216 OK | I med 131.6 uA (79.7-264.5) | R med 0.0273 kohm | dV med 662 LSB QUANTISATION LIMITED (11/108 pairs under 4)
2026-09-16 18:00:41  [warmup 8/20] 216/216 OK | I med 132.0 uA (79.2-264.8) | R med 0.0280 kohm | dV med 665 LSB QUANTISATION LIMITED (12/108 pairs under 4)
2026-09-16 18:01:24  [warmup 9/20] 216/216 OK | I med 131.9 uA (80.4-264.8) | R med 0.0258 kohm | dV med 629 LSB QUANTISATION LIMITED (11/108 pairs under 4)
2026-09-16 18:02:07  [warmup 10/20] 216/216 OK | I med 132.4 uA (81.2-265.5) | R med 0.0262 kohm | dV med 656 LSB QUANTISATION LIMITED (11/108 pairs under 4)
2026-09-16 18:02:51  [warmup 11/20] 216/216 OK | I med 133.1 uA (80.9-265.5) | R med 0.0253 kohm | dV med 654 LSB QUANTISATION LIMITED (11/108 pairs under 4)
2026-09-16 18:03:34  [warmup 12/20] 216/216 OK | I med 134.1 uA (83.5-267.6) | R med 0.0248 kohm | dV med 667 LSB QUANTISATION LIMITED (11/108 pairs under 4)
2026-09-16 18:04:18  [warmup 13/20] 216/216 OK | I med 135.9 uA (84.6-268.5) | R med 0.0257 kohm | dV med 679 LSB
2026-09-16 18:05:01  [warmup 14/20] 216/216 OK | I med 138.4 uA (88.1-270.8) | R med 0.0248 kohm | dV med 653 LSB QUANTISATION LIMITED (12/108 pairs under 4)
2026-09-16 18:05:44  [warmup 15/20] 216/216 OK | I med 144.2 uA (95.7-277.4) | R med 0.0233 kohm | dV med 733 LSB QUANTISATION LIMITED (11/108 pairs under 4)
2026-09-16 18:06:28  [warmup 16/20] 216/216 OK | I med 151.7 uA (103.5-282.6) | R med 0.0222 kohm | dV med 746 LSB
2026-09-16 18:07:11  [warmup 17/20] 216/216 OK | I med 160.4 uA (114.4-290.9) | R med 0.0201 kohm | dV med 825 LSB QUANTISATION LIMITED (13/108 pairs under 4)
2026-09-16 18:07:55  [warmup 18/20] 216/216 OK | I med 168.8 uA (118.1-295.0) | R med 0.0174 kohm | dV med 839 LSB
2026-09-16 18:08:38  [warmup 19/20] 216/216 OK | I med 169.7 uA (116.2-293.9) | R med 0.0182 kohm | dV med 830 LSB QUANTISATION LIMITED (11/108 pairs under 4)
2026-09-16 18:09:22  [warmup 20/20] 216/216 OK | I med 168.3 uA (116.3-294.2) | R med 0.0179 kohm | dV med 715 LSB QUANTISATION LIMITED (11/108 pairs under 4)
2026-09-16 18:10:05  [frame 1] 216/216 OK | I med 169.9 uA (117.7-295.6) | R med 0.0182 kohm | dV med 763 LSB QUANTISATION LIMITED (12/108 pairs under 4)
2026-09-16 18:10:48  [frame 2] 216/216 OK | I med 171.9 uA (120.1-297.1) | R med 0.0175 kohm | dV med 771 LSB
2026-09-16 18:11:32  [frame 3] 216/216 OK | I med 174.0 uA (121.5-297.8) | R med 0.0187 kohm | dV med 814 LSB
2026-09-16 18:12:15  [frame 4] 216/216 OK | I med 177.0 uA (126.2-299.9) | R med 0.0171 kohm | dV med 812 LSB QUANTISATION LIMITED (11/108 pairs under 4)
2026-09-16 18:12:59  [frame 5] 216/216 OK | I med 179.7 uA (125.6-300.8) | R med 0.0176 kohm | dV med 835 LSB QUANTISATION LIMITED (11/108 pairs under 4)
2026-09-16 18:13:42  [frame 6] 216/216 OK | I med 178.7 uA (127.7-301.1) | R med 0.0183 kohm | dV med 768 LSB QUANTISATION LIMITED (12/108 pairs under 4)
2026-09-16 18:14:26  [frame 7] 216/216 OK | I med 182.0 uA (130.9-301.9) | R med 0.0175 kohm | dV med 798 LSB
2026-09-16 18:15:09  [frame 8] 216/216 OK | I med 186.1 uA (135.3-306.3) | R med 0.0154 kohm | dV med 837 LSB
2026-09-16 18:15:52  [frame 9] 216/216 OK | I med 189.0 uA (137.1-307.4) | R med 0.0157 kohm | dV med 879 LSB QUANTISATION LIMITED (12/108 pairs under 4)
2026-09-16 18:16:36  [frame 10] 216/216 OK | I med 189.0 uA (138.9-308.1) | R med 0.0163 kohm | dV med 862 LSB QUANTISATION LIMITED (12/108 pairs under 4)
2026-09-16 18:16:51  No reconstruction: This run is the session baseline; it has nothing to differ from.
2026-09-16 18:16:51  This run is now the session baseline (20260916-175453-coconut-1-2nd-run).
2026-09-16 18:16:51  Finished. Run saved to scans\runs\20260916-175453-coconut-1-2nd-run
2026-09-16 18:16:51    Frames captured: 10
2026-09-16 18:16:51    Reciprocity: median 74.8%  max 100.0%  sign flips 29/54
2026-09-16 18:16:51    Noise floor: median pair sd 0.00038 kohm (4.43%)  max 0.01059 kohm over 108 pairs
2026-09-16 18:16:51  Indexed in scans\index.csv
2026-09-16 18:18:21  Connecting to COM12...
2026-09-16 18:18:21  Configuring instrument...

------------------------------------------------------------------------
2026-09-16 18:18:21  Run 20260916-181821-coconut-1-2nd-run
2026-09-16 18:18:21  Conditions: medium=Coconut saline=None g/L grounding=unknown fill=None mm temp=None C
2026-09-16 18:18:21  Recording to scans\runs\20260916-181821-coconut-1-2nd-run
2026-09-16 18:19:04  [warmup 1/20] 216/216 OK | I med 186.3 uA (134.9-306.0) | R med 0.0161 kohm | dV med 838 LSB
2026-09-16 18:19:48  [warmup 2/20] 216/216 OK | I med 191.4 uA (139.5-309.1) | R med 0.0160 kohm | dV med 889 LSB QUANTISATION LIMITED (11/108 pairs under 4)
2026-09-16 18:20:31  [warmup 3/20] 216/216 OK | I med 194.4 uA (145.8-312.8) | R med 0.0167 kohm | dV med 872 LSB QUANTISATION LIMITED (12/108 pairs under 4)
2026-09-16 18:21:15  [warmup 4/20] 216/216 OK | I med 199.2 uA (153.4-316.7) | R med 0.0168 kohm | dV med 887 LSB
2026-09-16 18:21:58  [warmup 5/20] 216/216 OK | I med 200.3 uA (146.7-312.9) | R med 0.0157 kohm | dV med 865 LSB QUANTISATION LIMITED (12/108 pairs under 4)
2026-09-16 18:22:42  [warmup 6/20] 216/216 OK | I med 194.6 uA (140.4-311.1) | R med 0.0169 kohm | dV med 903 LSB QUANTISATION LIMITED (12/108 pairs under 4)
2026-09-16 18:23:25  [warmup 7/20] 216/216 OK | I med 189.3 uA (137.9-308.7) | R med 0.0163 kohm | dV med 906 LSB QUANTISATION LIMITED (11/108 pairs under 4)
2026-09-16 18:24:08  [warmup 8/20] 216/216 OK | I med 189.0 uA (136.9-307.1) | R med 0.0165 kohm | dV med 826 LSB QUANTISATION LIMITED (12/108 pairs under 4)
2026-09-16 18:24:52  [warmup 9/20] 216/216 OK | I med 192.8 uA (146.5-314.3) | R med 0.0179 kohm | dV med 934 LSB QUANTISATION LIMITED (12/108 pairs under 4)
2026-09-16 18:25:35  [warmup 10/20] 216/216 OK | I med 196.5 uA (141.3-309.4) | R med 0.0154 kohm | dV med 856 LSB
2026-09-16 18:26:19  [warmup 11/20] 216/216 OK | I med 190.9 uA (133.1-306.8) | R med 0.0156 kohm | dV med 852 LSB QUANTISATION LIMITED (13/108 pairs under 4)
2026-09-16 18:27:02  [warmup 12/20] 216/216 OK | I med 183.9 uA (132.5-306.5) | R med 0.0158 kohm | dV med 816 LSB
2026-09-16 18:27:45  [warmup 13/20] 216/216 OK | I med 183.7 uA (132.9-305.4) | R med 0.0163 kohm | dV med 824 LSB QUANTISATION LIMITED (11/108 pairs under 4)
2026-09-16 18:28:29  [warmup 14/20] 216/216 OK | I med 185.4 uA (133.6-306.2) | R med 0.0170 kohm | dV med 785 LSB
2026-09-16 18:29:12  [warmup 15/20] 216/216 OK | I med 185.3 uA (133.3-306.2) | R med 0.0164 kohm | dV med 803 LSB QUANTISATION LIMITED (11/108 pairs under 4)
2026-09-16 18:29:56  [warmup 16/20] 216/216 OK | I med 184.8 uA (135.3-306.1) | R med 0.0168 kohm | dV med 918 LSB QUANTISATION LIMITED (11/108 pairs under 4)
2026-09-16 18:30:39  [warmup 17/20] 216/216 OK | I med 188.3 uA (138.1-308.4) | R med 0.0157 kohm | dV med 902 LSB QUANTISATION LIMITED (11/108 pairs under 4)
2026-09-16 18:31:23  [warmup 18/20] 216/216 OK | I med 189.8 uA (137.9-308.4) | R med 0.0168 kohm | dV med 830 LSB
2026-09-16 18:32:06  [warmup 19/20] 216/216 OK | I med 189.1 uA (138.5-309.1) | R med 0.0155 kohm | dV med 847 LSB QUANTISATION LIMITED (12/108 pairs under 4)
2026-09-16 18:32:49  [warmup 20/20] 216/216 OK | I med 190.8 uA (137.1-309.1) | R med 0.0170 kohm | dV med 860 LSB QUANTISATION LIMITED (11/108 pairs under 4)
2026-09-16 18:33:33  [frame 1] 216/216 OK | I med 190.6 uA (139.6-309.6) | R med 0.0167 kohm | dV med 893 LSB QUANTISATION LIMITED (13/108 pairs under 4)
2026-09-16 18:34:16  [frame 2] 216/216 OK | I med 189.8 uA (137.9-309.6) | R med 0.0156 kohm | dV med 905 LSB QUANTISATION LIMITED (11/108 pairs under 4)
2026-09-16 18:35:00  [frame 3] 216/216 OK | I med 191.0 uA (140.1-311.1) | R med 0.0166 kohm | dV med 849 LSB QUANTISATION LIMITED (11/108 pairs under 4)
2026-09-16 18:35:43  [frame 4] 216/216 OK | I med 192.0 uA (140.1-310.5) | R med 0.0155 kohm | dV med 820 LSB QUANTISATION LIMITED (11/108 pairs under 4)
2026-09-16 18:36:27  [frame 5] 216/216 OK | I med 192.1 uA (142.0-312.6) | R med 0.0159 kohm | dV med 866 LSB QUANTISATION LIMITED (12/108 pairs under 4)
2026-09-16 18:37:10  [frame 6] 216/216 OK | I med 194.0 uA (141.3-311.9) | R med 0.0165 kohm | dV med 838 LSB QUANTISATION LIMITED (12/108 pairs under 4)
2026-09-16 18:37:53  [frame 7] 216/216 OK | I med 189.4 uA (138.1-310.2) | R med 0.0156 kohm | dV med 916 LSB QUANTISATION LIMITED (12/108 pairs under 4)
2026-09-16 18:38:37  [frame 8] 216/216 OK | I med 190.7 uA (140.6-310.3) | R med 0.0156 kohm | dV med 893 LSB QUANTISATION LIMITED (12/108 pairs under 4)
2026-09-16 18:39:20  [frame 9] 216/216 OK | I med 192.1 uA (144.5-311.6) | R med 0.0160 kohm | dV med 944 LSB QUANTISATION LIMITED (11/108 pairs under 4)
2026-09-16 18:40:04  [frame 10] 216/216 OK | I med 198.6 uA (153.9-319.2) | R med 0.0157 kohm | dV med 920 LSB QUANTISATION LIMITED (13/108 pairs under 4)
2026-09-16 18:40:23  Reconstruction: Peak -1.461e-01 at 294 deg  |  pairs 108/108 [ok]  |  measurement noise 0.00027 kohm
2026-09-16 18:40:23  Finished. Run saved to scans\runs\20260916-181821-coconut-1-2nd-run
2026-09-16 18:40:23    Frames captured: 10
2026-09-16 18:40:23    Reciprocity: median 77.3%  max 100.0%  sign flips 28/54
2026-09-16 18:40:23    Noise floor: median pair sd 0.00027 kohm (1.98%)  max 0.00826 kohm over 108 pairs
2026-09-16 18:40:23  Indexed in scans\index.csv
2026-09-16 18:54:20  Baseline cleared; the next run will become the new baseline.

------------------------------------------------------------------------
2026-09-16 19:06:52  Session started (hardware)
2026-09-16 19:06:52  Scans folder: C:\Users\Vidad\Documents\THESIS-PALAYAIN\scans
2026-09-16 19:06:52  8 scan(s) already recorded here.
2026-09-16 19:06:52  Ready. Settings are saved on exit.
2026-09-16 19:37:07  Connecting to COM12...
2026-09-16 19:37:07  Configuring instrument...

------------------------------------------------------------------------
2026-09-16 19:37:07  Run 20260916-193707-coconut-3rd-config
2026-09-16 19:37:07  Conditions: medium=Coconut 3rd config saline=None g/L grounding=floating fill=None mm temp=None C
2026-09-16 19:37:07  Recording to scans\runs\20260916-193707-coconut-3rd-config
2026-09-16 19:37:35  [warmup 1/5] 216/216 OK | I med 152.7 uA (96.7-280.8) | R med 0.0230 kohm | dV med 686 LSB QUANTISATION LIMITED (13/108 pairs under 4)
2026-09-16 19:38:03  [warmup 2/5] 216/216 OK | I med 152.7 uA (97.0-280.3) | R med 0.0235 kohm | dV med 785 LSB QUANTISATION LIMITED (11/108 pairs under 4)
2026-09-16 19:38:32  [warmup 3/5] 216/216 OK | I med 152.7 uA (97.8-281.1) | R med 0.0239 kohm | dV med 830 LSB
2026-09-16 19:39:00  [warmup 4/5] 216/216 OK | I med 152.9 uA (96.7-281.4) | R med 0.0223 kohm | dV med 787 LSB QUANTISATION LIMITED (13/108 pairs under 4)
2026-09-16 19:39:28  [warmup 5/5] 216/216 OK | I med 152.8 uA (97.3-281.2) | R med 0.0218 kohm | dV med 772 LSB QUANTISATION LIMITED (11/108 pairs under 4)
2026-09-16 19:39:57  [frame 1] 216/216 OK | I med 152.8 uA (97.2-281.0) | R med 0.0218 kohm | dV med 749 LSB QUANTISATION LIMITED (13/108 pairs under 4)
2026-09-16 19:40:25  [frame 2] 216/216 OK | I med 152.7 uA (97.5-281.3) | R med 0.0223 kohm | dV med 786 LSB
2026-09-16 19:40:53  [frame 3] 216/216 OK | I med 152.8 uA (97.2-281.5) | R med 0.0220 kohm | dV med 768 LSB QUANTISATION LIMITED (11/108 pairs under 4)
2026-09-16 19:41:22  [frame 4] 216/216 OK | I med 152.8 uA (97.5-280.9) | R med 0.0220 kohm | dV med 756 LSB QUANTISATION LIMITED (12/108 pairs under 4)
2026-09-16 19:41:50  [frame 5] 216/216 OK | I med 152.6 uA (96.9-281.1) | R med 0.0212 kohm | dV med 755 LSB QUANTISATION LIMITED (12/108 pairs under 4)
2026-09-16 19:42:18  [frame 6] 216/216 OK | I med 152.8 uA (97.0-280.9) | R med 0.0215 kohm | dV med 771 LSB
2026-09-16 19:42:46  [frame 7] 216/216 OK | I med 152.4 uA (97.4-280.3) | R med 0.0216 kohm | dV med 757 LSB
2026-09-16 19:43:15  [frame 8] 216/216 OK | I med 152.5 uA (97.0-281.3) | R med 0.0214 kohm | dV med 754 LSB QUANTISATION LIMITED (11/108 pairs under 4)
2026-09-16 19:43:43  [frame 9] 216/216 OK | I med 152.7 uA (97.1-280.7) | R med 0.0213 kohm | dV med 749 LSB
2026-09-16 19:44:11  [frame 10] 216/216 OK | I med 152.7 uA (96.4-280.9) | R med 0.0212 kohm | dV med 690 LSB QUANTISATION LIMITED (11/108 pairs under 4)
2026-09-16 19:44:27  No reconstruction: This run is the session baseline; it has nothing to differ from.
2026-09-16 19:44:27  This run is now the session baseline (20260916-193707-coconut-3rd-config).
2026-09-16 19:44:27  Finished. Run saved to scans\runs\20260916-193707-coconut-3rd-config
2026-09-16 19:44:27    Frames captured: 10
2026-09-16 19:44:27    Reciprocity: median 71.7%  max 100.0%  sign flips 29/54
2026-09-16 19:44:27    Noise floor: median pair sd 0.00035 kohm (1.84%)  max 0.14579 kohm over 108 pairs
2026-09-16 19:44:27  Indexed in scans\index.csv
2026-09-16 19:47:31  Connecting to COM12...
2026-09-16 19:47:31  Configuring instrument...

------------------------------------------------------------------------
2026-09-16 19:47:31  Run 20260916-194731-coconut-3rd-config
2026-09-16 19:47:31  Conditions: medium=Coconut 3rd config saline=None g/L grounding=floating fill=None mm temp=None C
2026-09-16 19:47:31  Recording to scans\runs\20260916-194731-coconut-3rd-config
2026-09-16 19:47:59  [warmup 1/5] 216/216 OK | I med 152.8 uA (96.5-281.0) | R med 0.0229 kohm | dV med 785 LSB QUANTISATION LIMITED (12/108 pairs under 4)
2026-09-16 19:48:27  [warmup 2/5] 216/216 OK | I med 152.7 uA (97.2-280.8) | R med 0.0213 kohm | dV med 771 LSB QUANTISATION LIMITED (11/108 pairs under 4)
2026-09-16 19:48:56  [warmup 3/5] 216/216 OK | I med 152.6 uA (97.3-281.0) | R med 0.0218 kohm | dV med 777 LSB QUANTISATION LIMITED (13/108 pairs under 4)
2026-09-16 19:49:24  [warmup 4/5] 216/216 OK | I med 152.5 uA (96.7-280.7) | R med 0.0219 kohm | dV med 785 LSB QUANTISATION LIMITED (12/108 pairs under 4)
2026-09-16 19:49:52  [warmup 5/5] 216/216 OK | I med 152.6 uA (96.6-280.8) | R med 0.0214 kohm | dV med 692 LSB
2026-09-16 19:50:21  [frame 1] 216/216 OK | I med 152.5 uA (96.7-280.2) | R med 0.0210 kohm | dV med 669 LSB
2026-09-16 19:50:49  [frame 2] 216/216 OK | I med 152.6 uA (96.4-280.8) | R med 0.0212 kohm | dV med 741 LSB QUANTISATION LIMITED (11/108 pairs under 4)
2026-09-16 19:51:17  [frame 3] 216/216 OK | I med 152.6 uA (96.5-281.2) | R med 0.0209 kohm | dV med 649 LSB QUANTISATION LIMITED (12/108 pairs under 4)
2026-09-16 19:51:45  [frame 4] 216/216 OK | I med 152.3 uA (96.7-281.2) | R med 0.0213 kohm | dV med 679 LSB QUANTISATION LIMITED (11/108 pairs under 4)
2026-09-16 19:52:14  [frame 5] 216/216 OK | I med 152.3 uA (96.7-280.4) | R med 0.0205 kohm | dV med 745 LSB QUANTISATION LIMITED (11/108 pairs under 4)
2026-09-16 19:52:42  [frame 6] 216/216 OK | I med 152.3 uA (96.6-280.3) | R med 0.0208 kohm | dV med 754 LSB QUANTISATION LIMITED (11/108 pairs under 4)
2026-09-16 19:53:10  [frame 7] 216/216 OK | I med 152.4 uA (96.8-280.6) | R med 0.0210 kohm | dV med 704 LSB QUANTISATION LIMITED (12/108 pairs under 4)
2026-09-16 19:53:39  [frame 8] 216/216 OK | I med 152.5 uA (96.9-280.7) | R med 0.0203 kohm | dV med 785 LSB QUANTISATION LIMITED (11/108 pairs under 4)
2026-09-16 19:54:07  [frame 9] 216/216 OK | I med 152.4 uA (95.9-280.6) | R med 0.0209 kohm | dV med 742 LSB QUANTISATION LIMITED (11/108 pairs under 4)
2026-09-16 19:54:35  [frame 10] 216/216 OK | I med 152.5 uA (96.5-280.6) | R med 0.0205 kohm | dV med 643 LSB QUANTISATION LIMITED (11/108 pairs under 4)
2026-09-16 19:54:37  Reconstruction: Peak -4.372e-01 at 235 deg  |  pairs 108/108 [ok]  |  0.6x noise - INDISTINGUISHABLE FROM NOISE
2026-09-16 19:54:37  Finished. Run saved to scans\runs\20260916-194731-coconut-3rd-config
2026-09-16 19:54:37    Frames captured: 10
2026-09-16 19:54:37    Reciprocity: median 69.4%  max 100.0%  sign flips 28/54
2026-09-16 19:54:37    Noise floor: median pair sd 0.00031 kohm (2.08%)  max 0.01299 kohm over 108 pairs
2026-09-16 19:54:37  Indexed in scans\index.csv
2026-09-16 20:08:44  Connecting to COM12...
2026-09-16 20:08:44  Configuring instrument...

------------------------------------------------------------------------
2026-09-16 20:08:44  Run 20260916-200844-coconut-3rd-config
2026-09-16 20:08:44  Conditions: medium=Coconut 3rd config saline=None g/L grounding=floating fill=None mm temp=None C
2026-09-16 20:08:44  Recording to scans\runs\20260916-200844-coconut-3rd-config
2026-09-16 20:09:12  [warmup 1/5] 216/216 OK | I med 152.9 uA (96.7-281.5) | R med 0.0241 kohm | dV med 782 LSB QUANTISATION LIMITED (14/108 pairs under 4)
2026-09-16 20:09:40  [warmup 2/5] 216/216 OK | I med 152.6 uA (96.9-281.1) | R med 0.0212 kohm | dV med 766 LSB QUANTISATION LIMITED (13/108 pairs under 4)
2026-09-16 20:10:09  [warmup 3/5] 216/216 OK | I med 152.7 uA (97.1-280.9) | R med 0.0213 kohm | dV med 772 LSB QUANTISATION LIMITED (11/108 pairs under 4)
2026-09-16 20:10:37  [warmup 4/5] 216/216 OK | I med 152.7 uA (96.4-281.1) | R med 0.0210 kohm | dV med 753 LSB
2026-09-16 20:11:05  [warmup 5/5] 216/216 OK | I med 152.7 uA (96.2-280.7) | R med 0.0206 kohm | dV med 772 LSB QUANTISATION LIMITED (12/108 pairs under 4)
2026-09-16 20:11:34  [frame 1] 216/216 OK | I med 152.9 uA (97.0-281.1) | R med 0.0200 kohm | dV med 785 LSB QUANTISATION LIMITED (11/108 pairs under 4)
2026-09-16 20:12:02  [frame 2] 216/216 OK | I med 152.7 uA (26.8-281.5) | R med 0.0201 kohm | dV med 826 LSB
2026-09-16 20:12:30  [frame 3] 216/216 OK | I med 152.9 uA (97.1-281.3) | R med 0.0203 kohm | dV med 734 LSB
2026-09-16 20:12:59  [frame 4] 216/216 OK | I med 152.7 uA (94.8-278.9) | R med 0.0209 kohm | dV med 849 LSB
2026-09-16 20:13:27  [frame 5] 216/216 OK | I med 150.4 uA (94.2-278.8) | R med 0.0213 kohm | dV med 738 LSB QUANTISATION LIMITED (11/108 pairs under 4)
2026-09-16 20:13:55  [frame 6] 216/216 OK | I med 150.0 uA (93.8-278.9) | R med 0.0213 kohm | dV med 731 LSB
2026-09-16 20:14:23  [frame 7] 216/216 OK | I med 149.8 uA (93.4-278.7) | R med 0.0210 kohm | dV med 767 LSB
2026-09-16 20:14:52  [frame 8] 216/216 OK | I med 149.6 uA (94.3-278.0) | R med 0.0214 kohm | dV med 765 LSB QUANTISATION LIMITED (14/108 pairs under 4)
2026-09-16 20:15:20  [frame 9] 216/216 OK | I med 149.1 uA (93.8-278.6) | R med 0.0219 kohm | dV med 677 LSB
2026-09-16 20:15:48  [frame 10] 216/216 OK | I med 149.7 uA (93.2-278.5) | R med 0.0199 kohm | dV med 710 LSB
2026-09-16 20:15:50  Reconstruction: Peak -4.174e-01 at 223 deg  |  pairs 108/108 [ok]  |  0.6x noise - INDISTINGUISHABLE FROM NOISE
2026-09-16 20:15:50  Finished. Run saved to scans\runs\20260916-200844-coconut-3rd-config
2026-09-16 20:15:50    Frames captured: 10
2026-09-16 20:15:50    Reciprocity: median 72.0%  max 100.0%  sign flips 29/54
2026-09-16 20:15:50    Noise floor: median pair sd 0.00064 kohm (4.52%)  max 0.14002 kohm over 108 pairs
2026-09-16 20:15:50  Indexed in scans\index.csv
2026-09-16 20:17:28  Connecting to COM12...
2026-09-16 20:17:28  Configuring instrument...

------------------------------------------------------------------------
2026-09-16 20:17:28  Run 20260916-201728-coconut-3rd-config
2026-09-16 20:17:28  Conditions: medium=Coconut 3rd config saline=None g/L grounding=floating fill=None mm temp=None C
2026-09-16 20:17:28  Recording to scans\runs\20260916-201728-coconut-3rd-config
2026-09-16 20:17:56  [warmup 1/5] 216/216 OK | I med 150.0 uA (93.5-278.7) | R med 0.0226 kohm | dV med 823 LSB QUANTISATION LIMITED (11/108 pairs under 4)
2026-09-16 20:18:25  [warmup 2/5] 216/216 OK | I med 149.9 uA (94.4-279.0) | R med 0.0223 kohm | dV med 771 LSB
2026-09-16 20:18:53  [warmup 3/5] 216/216 OK | I med 149.9 uA (93.4-279.4) | R med 0.0211 kohm | dV med 726 LSB QUANTISATION LIMITED (11/108 pairs under 4)
2026-09-16 20:19:21  [warmup 4/5] 216/216 OK | I med 149.9 uA (95.1-278.8) | R med 0.0207 kohm | dV med 749 LSB QUANTISATION LIMITED (11/108 pairs under 4)
2026-09-16 20:19:50  [warmup 5/5] 216/216 OK | I med 150.0 uA (93.4-278.9) | R med 0.0211 kohm | dV med 726 LSB QUANTISATION LIMITED (11/108 pairs under 4)
2026-09-16 20:20:18  [frame 1] 216/216 OK | I med 149.9 uA (93.9-279.4) | R med 0.0208 kohm | dV med 785 LSB QUANTISATION LIMITED (13/108 pairs under 4)
2026-09-16 20:20:46  [frame 2] 216/216 OK | I med 149.9 uA (93.8-279.1) | R med 0.0207 kohm | dV med 786 LSB
2026-09-16 20:21:14  [frame 3] 216/216 OK | I med 149.8 uA (93.8-278.5) | R med 0.0205 kohm | dV med 715 LSB QUANTISATION LIMITED (11/108 pairs under 4)
2026-09-16 20:21:43  [frame 4] 216/216 OK | I med 149.9 uA (94.2-279.0) | R med 0.0198 kohm | dV med 674 LSB QUANTISATION LIMITED (13/108 pairs under 4)
2026-09-16 20:22:11  [frame 5] 216/216 OK | I med 149.8 uA (93.3-279.5) | R med 0.0200 kohm | dV med 639 LSB QUANTISATION LIMITED (12/108 pairs under 4)
2026-09-16 20:22:39  [frame 6] 216/216 OK | I med 150.2 uA (94.2-279.1) | R med 0.0200 kohm | dV med 616 LSB QUANTISATION LIMITED (11/108 pairs under 4)
2026-09-16 20:23:08  [frame 7] 216/216 OK | I med 150.0 uA (93.8-279.6) | R med 0.0198 kohm | dV med 640 LSB QUANTISATION LIMITED (11/108 pairs under 4)
2026-09-16 20:23:36  [frame 8] 216/216 OK | I med 149.9 uA (93.8-279.1) | R med 0.0200 kohm | dV med 615 LSB QUANTISATION LIMITED (12/108 pairs under 4)
2026-09-16 20:24:04  [frame 9] 216/216 OK | I med 149.9 uA (94.5-278.7) | R med 0.0205 kohm | dV med 621 LSB QUANTISATION LIMITED (11/108 pairs under 4)
2026-09-16 20:24:33  [frame 10] 216/216 OK | I med 150.0 uA (93.3-278.7) | R med 0.0200 kohm | dV med 586 LSB QUANTISATION LIMITED (12/108 pairs under 4)
2026-09-16 20:24:38  Reconstruction: Peak -5.541e-01 at 231 deg  |  pairs 108/108 [ok]  |  0.7x noise - INDISTINGUISHABLE FROM NOISE
2026-09-16 20:24:38  Finished. Run saved to scans\runs\20260916-201728-coconut-3rd-config
2026-09-16 20:24:38    Frames captured: 10
2026-09-16 20:24:38    Reciprocity: median 75.8%  max 100.0%  sign flips 29/54
2026-09-16 20:24:38    Noise floor: median pair sd 0.00032 kohm (1.94%)  max 0.02273 kohm over 108 pairs
2026-09-16 20:24:38  Indexed in scans\index.csv
2026-09-16 20:27:51  Baseline cleared; the next run will become the new baseline.
2026-09-16 20:27:57  Connecting to COM12...
2026-09-16 20:27:57  Configuring instrument...

------------------------------------------------------------------------
2026-09-16 20:27:57  Run 20260916-202757-coconut-3rd-config-2nd-run
2026-09-16 20:27:57  Conditions: medium=Coconut 3rd config saline=None g/L grounding=floating fill=None mm temp=None C
2026-09-16 20:27:57  Recording to scans\runs\20260916-202757-coconut-3rd-config-2nd-run
2026-09-16 20:28:26  [warmup 1/5] 216/216 OK | I med 149.8 uA (93.3-279.2) | R med 0.0233 kohm | dV med 765 LSB QUANTISATION LIMITED (13/108 pairs under 4)
2026-09-16 20:28:54  [warmup 2/5] 216/216 OK | I med 149.9 uA (93.7-278.9) | R med 0.0219 kohm | dV med 748 LSB QUANTISATION LIMITED (11/108 pairs under 4)
2026-09-16 20:29:22  [warmup 3/5] 216/216 OK | I med 149.5 uA (94.1-278.9) | R med 0.0211 kohm | dV med 755 LSB QUANTISATION LIMITED (12/108 pairs under 4)
2026-09-16 20:29:50  [warmup 4/5] 216/216 OK | I med 149.9 uA (94.0-278.5) | R med 0.0212 kohm | dV med 748 LSB QUANTISATION LIMITED (11/108 pairs under 4)
2026-09-16 20:30:19  [warmup 5/5] 216/216 OK | I med 149.8 uA (93.8-279.2) | R med 0.0202 kohm | dV med 639 LSB QUANTISATION LIMITED (12/108 pairs under 4)
2026-09-16 20:30:47  [frame 1] 216/216 OK | I med 150.0 uA (93.9-278.9) | R med 0.0197 kohm | dV med 623 LSB
2026-09-16 20:31:15  [frame 2] 216/216 OK | I med 150.0 uA (94.9-278.7) | R med 0.0201 kohm | dV med 602 LSB QUANTISATION LIMITED (13/108 pairs under 4)
2026-09-16 20:31:44  [frame 3] 216/216 OK | I med 149.7 uA (94.2-278.7) | R med 0.0198 kohm | dV med 628 LSB QUANTISATION LIMITED (11/108 pairs under 4)
2026-09-16 20:32:12  [frame 4] 216/216 OK | I med 149.6 uA (93.4-279.1) | R med 0.0194 kohm | dV med 602 LSB
2026-09-16 20:32:40  [frame 5] 216/216 OK | I med 149.8 uA (93.6-278.7) | R med 0.0198 kohm | dV med 617 LSB QUANTISATION LIMITED (13/108 pairs under 4)
2026-09-16 20:33:09  [frame 6] 216/216 OK | I med 149.7 uA (94.0-279.9) | R med 0.0199 kohm | dV med 622 LSB QUANTISATION LIMITED (14/108 pairs under 4)
2026-09-16 20:33:37  [frame 7] 216/216 OK | I med 149.7 uA (93.4-278.9) | R med 0.0196 kohm | dV med 614 LSB QUANTISATION LIMITED (11/108 pairs under 4)
2026-09-16 20:34:05  [frame 8] 216/216 OK | I med 149.5 uA (93.4-278.8) | R med 0.0193 kohm | dV med 639 LSB
2026-09-16 20:34:33  [frame 9] 216/216 OK | I med 149.5 uA (93.4-279.4) | R med 0.0198 kohm | dV med 611 LSB QUANTISATION LIMITED (11/108 pairs under 4)
2026-09-16 20:35:02  [frame 10] 216/216 OK | I med 149.4 uA (93.1-278.9) | R med 0.0194 kohm | dV med 691 LSB QUANTISATION LIMITED (12/108 pairs under 4)
2026-09-16 20:35:02  No reconstruction: This run is the session baseline; it has nothing to differ from.
2026-09-16 20:35:02  This run is now the session baseline (20260916-202757-coconut-3rd-config-2nd-run).
2026-09-16 20:35:02  Finished. Run saved to scans\runs\20260916-202757-coconut-3rd-config-2nd-run
2026-09-16 20:35:02    Frames captured: 10
2026-09-16 20:35:02    Reciprocity: median 73.0%  max 100.0%  sign flips 30/54
2026-09-16 20:35:02    Noise floor: median pair sd 0.00030 kohm (2.08%)  max 0.01414 kohm over 108 pairs
2026-09-16 20:35:02  Indexed in scans\index.csv
2026-09-16 20:36:51  Connecting to COM12...
2026-09-16 20:36:51  Configuring instrument...

------------------------------------------------------------------------
2026-09-16 20:36:51  Run 20260916-203651-coconut-3rd-config-2nd-run
2026-09-16 20:36:51  Conditions: medium=Coconut 3rd config saline=None g/L grounding=floating fill=None mm temp=None C
2026-09-16 20:36:51  Recording to scans\runs\20260916-203651-coconut-3rd-config-2nd-run
2026-09-16 20:37:19  [warmup 1/5] 216/216 OK | I med 149.5 uA (94.2-279.4) | R med 0.0227 kohm | dV med 769 LSB QUANTISATION LIMITED (12/108 pairs under 4)
2026-09-16 20:37:47  [warmup 2/5] 216/216 OK | I med 149.4 uA (93.8-278.9) | R med 0.0206 kohm | dV med 751 LSB QUANTISATION LIMITED (12/108 pairs under 4)
2026-09-16 20:38:16  [warmup 3/5] 216/216 OK | I med 149.9 uA (94.2-279.2) | R med 0.0201 kohm | dV med 646 LSB QUANTISATION LIMITED (11/108 pairs under 4)
2026-09-16 20:38:44  [warmup 4/5] 216/216 OK | I med 149.6 uA (93.2-278.4) | R med 0.0200 kohm | dV med 677 LSB QUANTISATION LIMITED (13/108 pairs under 4)
2026-09-16 20:39:12  [warmup 5/5] 216/216 OK | I med 149.3 uA (94.6-278.8) | R med 0.0197 kohm | dV med 625 LSB QUANTISATION LIMITED (12/108 pairs under 4)
2026-09-16 20:39:41  [frame 1] 216/216 OK | I med 149.6 uA (93.3-279.0) | R med 0.0198 kohm | dV med 586 LSB QUANTISATION LIMITED (11/108 pairs under 4)
2026-09-16 20:40:09  [frame 2] 216/216 OK | I med 149.5 uA (93.7-278.9) | R med 0.0198 kohm | dV med 618 LSB QUANTISATION LIMITED (12/108 pairs under 4)
2026-09-16 20:40:37  [frame 3] 216/216 OK | I med 149.7 uA (93.4-278.6) | R med 0.0197 kohm | dV med 650 LSB QUANTISATION LIMITED (12/108 pairs under 4)
2026-09-16 20:41:05  [frame 4] 216/216 OK | I med 149.5 uA (93.5-278.7) | R med 0.0199 kohm | dV med 672 LSB QUANTISATION LIMITED (13/108 pairs under 4)
2026-09-16 20:41:34  [frame 5] 216/216 OK | I med 149.5 uA (93.4-278.9) | R med 0.0197 kohm | dV med 617 LSB QUANTISATION LIMITED (13/108 pairs under 4)
2026-09-16 20:42:02  [frame 6] 216/216 OK | I med 149.3 uA (93.6-279.5) | R med 0.0200 kohm | dV med 671 LSB QUANTISATION LIMITED (12/108 pairs under 4)
2026-09-16 20:42:30  [frame 7] 216/216 OK | I med 149.1 uA (93.4-278.5) | R med 0.0198 kohm | dV med 616 LSB QUANTISATION LIMITED (11/108 pairs under 4)
2026-09-16 20:42:59  [frame 8] 216/216 OK | I med 149.3 uA (93.7-279.5) | R med 0.0197 kohm | dV med 631 LSB
2026-09-16 20:43:27  [frame 9] 216/216 OK | I med 149.3 uA (93.9-278.1) | R med 0.0195 kohm | dV med 604 LSB QUANTISATION LIMITED (12/108 pairs under 4)
2026-09-16 20:43:55  [frame 10] 216/216 OK | I med 149.1 uA (93.0-279.0) | R med 0.0197 kohm | dV med 585 LSB QUANTISATION LIMITED (13/108 pairs under 4)
2026-09-16 20:44:01  Reconstruction: Peak -8.476e-02 at 233 deg  |  pairs 108/108 [ok]  |  0.6x noise - INDISTINGUISHABLE FROM NOISE
2026-09-16 20:44:01  Finished. Run saved to scans\runs\20260916-203651-coconut-3rd-config-2nd-run
2026-09-16 20:44:01    Frames captured: 10
2026-09-16 20:44:01    Reciprocity: median 72.6%  max 100.0%  sign flips 27/54
2026-09-16 20:44:01    Noise floor: median pair sd 0.00037 kohm (2.50%)  max 0.01010 kohm over 108 pairs
2026-09-16 20:44:01  Indexed in scans\index.csv
2026-09-16 20:55:16  Baseline cleared; the next run will become the new baseline.
2026-09-16 20:57:07  Connecting to COM12...
2026-09-16 20:57:07  Configuring instrument...

------------------------------------------------------------------------
2026-09-16 20:57:07  Run 20260916-205707-coconut-3rd-config-3nd-run-fixed-7e-8e
2026-09-16 20:57:07  Conditions: medium=Coconut 3rd config saline=None g/L grounding=floating fill=None mm temp=None C
2026-09-16 20:57:07  Recording to scans\runs\20260916-205707-coconut-3rd-config-3nd-run-fixed-7e-8e
2026-09-16 20:57:28  [warmup 1/5] 212/216 OK | I med 174.1 uA (1.0-364.9) | R med 0.0254 kohm | dV med 702 LSB | flags I_LOWx4
2026-09-16 20:57:49  [warmup 2/5] 216/216 OK | I med 158.1 uA (22.1-186.7) | R med 0.0225 kohm | dV med 857 LSB
2026-09-16 20:58:10  [warmup 3/5] 216/216 OK | I med 154.9 uA (97.0-184.2) | R med 0.0220 kohm | dV med 750 LSB
2026-09-16 20:58:31  [warmup 4/5] 216/216 OK | I med 155.5 uA (99.3-185.2) | R med 0.0231 kohm | dV med 790 LSB
2026-09-16 20:58:52  [warmup 5/5] 216/216 OK | I med 155.9 uA (99.9-186.2) | R med 0.0213 kohm | dV med 815 LSB
2026-09-16 20:59:13  [frame 1] 216/216 OK | I med 157.0 uA (99.8-186.5) | R med 0.0230 kohm | dV med 860 LSB
2026-09-16 20:59:34  [frame 2] 216/216 OK | I med 159.8 uA (102.9-190.0) | R med 0.0209 kohm | dV med 856 LSB
2026-09-16 20:59:55  [frame 3] 216/216 OK | I med 160.6 uA (103.9-190.6) | R med 0.0215 kohm | dV med 865 LSB
2026-09-16 21:00:16  [frame 4] 216/216 OK | I med 161.2 uA (104.9-192.5) | R med 0.0210 kohm | dV med 870 LSB
2026-09-16 21:00:37  [frame 5] 216/216 OK | I med 162.0 uA (106.3-190.9) | R med 0.0221 kohm | dV med 852 LSB
2026-09-16 21:00:58  [frame 6] 216/216 OK | I med 164.0 uA (108.4-193.8) | R med 0.0210 kohm | dV med 861 LSB
2026-09-16 21:01:19  [frame 7] 216/216 OK | I med 165.9 uA (108.4-195.7) | R med 0.0212 kohm | dV med 870 LSB
2026-09-16 21:01:40  [frame 8] 216/216 OK | I med 165.3 uA (109.1-196.1) | R med 0.0210 kohm | dV med 902 LSB
2026-09-16 21:02:01  [frame 9] 216/216 OK | I med 165.6 uA (109.0-196.7) | R med 0.0212 kohm | dV med 874 LSB
2026-09-16 21:02:21  [frame 10] 216/216 OK | I med 166.0 uA (109.8-196.8) | R med 0.0217 kohm | dV med 941 LSB
2026-09-16 21:02:22  No reconstruction: This run is the session baseline; it has nothing to differ from.
2026-09-16 21:02:22  This run is now the session baseline (20260916-205707-coconut-3rd-config-3nd-run-fixed-7e-8e).
2026-09-16 21:02:22  Finished. Run saved to scans\runs\20260916-205707-coconut-3rd-config-3nd-run-fixed-7e-8e
2026-09-16 21:02:22    Frames captured: 10
2026-09-16 21:02:22    Reciprocity: median 69.3%  max 100.0%  sign flips 26/54
2026-09-16 21:02:22    Noise floor: median pair sd 0.00048 kohm (2.32%)  max 0.00914 kohm over 108 pairs
2026-09-16 21:02:22  Indexed in scans\index.csv
2026-09-16 21:03:35  Connecting to COM12...
2026-09-16 21:03:35  Configuring instrument...

------------------------------------------------------------------------
2026-09-16 21:03:35  Run 20260916-210335-coconut-3rd-config-3nd-run-fixed-7e-8e
2026-09-16 21:03:35  Conditions: medium=Coconut 3rd config saline=None g/L grounding=floating fill=None mm temp=None C
2026-09-16 21:03:35  Recording to scans\runs\20260916-210335-coconut-3rd-config-3nd-run-fixed-7e-8e
2026-09-16 21:04:03  [warmup 1/5] 216/216 OK | I med 169.3 uA (112.7-200.0) | R med 0.0222 kohm | dV med 990 LSB
2026-09-16 21:04:31  [warmup 2/5] 216/216 OK | I med 170.0 uA (113.4-201.2) | R med 0.0236 kohm | dV med 977 LSB
2026-09-16 21:05:00  [warmup 3/5] 216/216 OK | I med 171.3 uA (113.6-202.1) | R med 0.0210 kohm | dV med 902 LSB
2026-09-16 21:05:28  [warmup 4/5] 216/216 OK | I med 171.5 uA (113.1-201.8) | R med 0.0202 kohm | dV med 894 LSB
2026-09-16 21:05:56  [warmup 5/5] 216/216 OK | I med 171.5 uA (113.6-202.4) | R med 0.0198 kohm | dV med 871 LSB
2026-09-16 21:06:25  [frame 1] 216/216 OK | I med 173.9 uA (118.9-203.9) | R med 0.0215 kohm | dV med 911 LSB
2026-09-16 21:06:53  [frame 2] 216/216 OK | I med 173.4 uA (117.9-205.8) | R med 0.0221 kohm | dV med 915 LSB
2026-09-16 21:07:21  [frame 3] 216/216 OK | I med 174.5 uA (118.5-205.5) | R med 0.0218 kohm | dV med 919 LSB
2026-09-16 21:07:49  [frame 4] 216/216 OK | I med 174.8 uA (118.9-205.4) | R med 0.0206 kohm | dV med 914 LSB
2026-09-16 21:08:18  [frame 5] 216/216 OK | I med 175.9 uA (117.9-205.9) | R med 0.0203 kohm | dV med 905 LSB
2026-09-16 21:08:46  [frame 6] 216/216 OK | I med 175.4 uA (119.9-205.8) | R med 0.0199 kohm | dV med 923 LSB
2026-09-16 21:09:14  [frame 7] 216/216 OK | I med 175.9 uA (120.6-207.3) | R med 0.0192 kohm | dV med 932 LSB
2026-09-16 21:09:43  [frame 8] 216/216 OK | I med 179.4 uA (125.4-211.7) | R med 0.0190 kohm | dV med 957 LSB
2026-09-16 21:10:11  [frame 9] 216/216 OK | I med 182.2 uA (126.2-212.0) | R med 0.0188 kohm | dV med 958 LSB
2026-09-16 21:10:39  [frame 10] 216/216 OK | I med 182.5 uA (126.9-213.1) | R med 0.0193 kohm | dV med 964 LSB
2026-09-16 21:10:41  Reconstruction: Peak -1.685e-01 at 251 deg  |  pairs 108/108 [ok]  |  1.9x noise - INDISTINGUISHABLE FROM NOISE
2026-09-16 21:10:41  Finished. Run saved to scans\runs\20260916-210335-coconut-3rd-config-3nd-run-fixed-7e-8e
2026-09-16 21:10:41    Frames captured: 10
2026-09-16 21:10:41    Reciprocity: median 68.6%  max 99.7%  sign flips 26/54
2026-09-16 21:10:41    Noise floor: median pair sd 0.00042 kohm (1.75%)  max 0.00979 kohm over 108 pairs
2026-09-16 21:10:41  Indexed in scans\index.csv
2026-09-16 21:21:24  Connecting to COM12...
2026-09-16 21:21:24  Configuring instrument...

------------------------------------------------------------------------
2026-09-16 21:21:24  Run 20260916-212124-coconut-4th-config-3nd-run-fixed-7e-8e
2026-09-16 21:21:24  Conditions: medium=Coconut 3rd config saline=None g/L grounding=floating fill=None mm temp=None C
2026-09-16 21:21:24  Recording to scans\runs\20260916-212124-coconut-4th-config-3nd-run-fixed-7e-8e
2026-09-16 21:21:26  Stopping after the frame in flight...
2026-09-16 21:21:27  Baseline cleared; the next run will become the new baseline.
2026-09-16 21:21:53  [warmup 1/5] 216/216 OK | I med 288.7 uA (186.4-344.3) | R med 0.0217 kohm | dV med 1583 LSB
2026-09-16 21:21:53  Cancelled after 0 frame(s); the run is kept.
2026-09-16 21:21:53  No reconstruction: No frames were captured.
2026-09-16 21:21:53  Finished. Run saved to scans\runs\20260916-212124-coconut-4th-config-3nd-run-fixed-7e-8e
2026-09-16 21:21:53    Frames captured: 0
2026-09-16 21:21:53    Reciprocity: no reciprocal pairs captured
2026-09-16 21:21:53    Noise floor: needs at least 2 frames
2026-09-16 21:21:53  Indexed in scans\index.csv
2026-09-16 21:27:05  Connecting to COM12...
2026-09-16 21:27:05  Configuring instrument...

------------------------------------------------------------------------
2026-09-16 21:27:05  Run 20260916-212705-coconut-4th-config-3nd-run-fixed-7e-8e
2026-09-16 21:27:05  Conditions: medium=Coconut 3rd config saline=None g/L grounding=floating fill=None mm temp=None C
2026-09-16 21:27:05  Recording to scans\runs\20260916-212705-coconut-4th-config-3nd-run-fixed-7e-8e
2026-09-16 21:27:33  [warmup 1/5] 216/216 OK | I med 288.5 uA (186.6-344.4) | R med 0.0220 kohm | dV med 1515 LSB
2026-09-16 21:28:01  [warmup 2/5] 216/216 OK | I med 287.8 uA (186.7-344.3) | R med 0.0189 kohm | dV med 1500 LSB
2026-09-16 21:28:30  [warmup 3/5] 216/216 OK | I med 287.9 uA (186.6-343.8) | R med 0.0201 kohm | dV med 1501 LSB
2026-09-16 21:28:58  [warmup 4/5] 216/216 OK | I med 287.9 uA (186.5-344.0) | R med 0.0190 kohm | dV med 1514 LSB
2026-09-16 21:29:26  [warmup 5/5] 216/216 OK | I med 287.9 uA (186.8-344.3) | R med 0.0189 kohm | dV med 1425 LSB
2026-09-16 21:29:55  [frame 1] 216/216 OK | I med 288.0 uA (186.2-343.9) | R med 0.0181 kohm | dV med 1345 LSB
2026-09-16 21:30:23  [frame 2] 216/216 OK | I med 287.7 uA (186.2-343.9) | R med 0.0176 kohm | dV med 1317 LSB
2026-09-16 21:30:51  [frame 3] 216/216 OK | I med 288.1 uA (186.7-344.0) | R med 0.0176 kohm | dV med 1345 LSB
2026-09-16 21:31:20  [frame 4] 216/216 OK | I med 287.8 uA (186.7-343.9) | R med 0.0190 kohm | dV med 1345 LSB
2026-09-16 21:31:48  [frame 5] 216/216 OK | I med 287.8 uA (186.6-344.1) | R med 0.0191 kohm | dV med 1344 LSB
2026-09-16 21:32:16  [frame 6] 216/216 OK | I med 288.2 uA (187.5-343.7) | R med 0.0198 kohm | dV med 1350 LSB
2026-09-16 21:32:45  [frame 7] 216/216 OK | I med 287.8 uA (186.7-344.0) | R med 0.0194 kohm | dV med 1362 LSB
2026-09-16 21:33:13  [frame 8] 216/216 OK | I med 287.9 uA (187.1-344.1) | R med 0.0204 kohm | dV med 1344 LSB
2026-09-16 21:33:41  [frame 9] 216/216 OK | I med 288.0 uA (187.1-344.5) | R med 0.0203 kohm | dV med 1348 LSB
2026-09-16 21:34:09  [frame 10] 216/216 OK | I med 287.8 uA (186.7-343.4) | R med 0.0197 kohm | dV med 1351 LSB
2026-09-16 21:34:09  No reconstruction: This run is the session baseline; it has nothing to differ from.
2026-09-16 21:34:09  This run is now the session baseline (20260916-212705-coconut-4th-config-3nd-run-fixed-7e-8e).
2026-09-16 21:34:09  Finished. Run saved to scans\runs\20260916-212705-coconut-4th-config-3nd-run-fixed-7e-8e
2026-09-16 21:34:09    Frames captured: 10
2026-09-16 21:34:09    Reciprocity: median 67.7%  max 99.3%  sign flips 26/54
2026-09-16 21:34:09    Noise floor: median pair sd 0.00012 kohm (0.70%)  max 0.01407 kohm over 108 pairs
2026-09-16 21:34:09  Indexed in scans\index.csv
2026-09-16 21:35:19  Connecting to COM12...
2026-09-16 21:35:19  Configuring instrument...

------------------------------------------------------------------------
2026-09-16 21:35:19  Run 20260916-213519-coconut-4th-config-2nd-run-fixed-7e-8e
2026-09-16 21:35:19  Conditions: medium=Coconut 3rd config saline=None g/L grounding=floating fill=None mm temp=None C
2026-09-16 21:35:19  Recording to scans\runs\20260916-213519-coconut-4th-config-2nd-run-fixed-7e-8e
2026-09-16 21:35:21  Baseline cleared; the next run will become the new baseline.
2026-09-16 21:35:22  Stopping after the frame in flight...
2026-09-16 21:35:48  [warmup 1/5] 216/216 OK | I med 287.8 uA (185.9-345.5) | R med 0.0198 kohm | dV med 1545 LSB
2026-09-16 21:35:48  Cancelled after 0 frame(s); the run is kept.
2026-09-16 21:35:48  No reconstruction: No frames were captured.
2026-09-16 21:35:48  Finished. Run saved to scans\runs\20260916-213519-coconut-4th-config-2nd-run-fixed-7e-8e
2026-09-16 21:35:48    Frames captured: 0
2026-09-16 21:35:48    Reciprocity: no reciprocal pairs captured
2026-09-16 21:35:48    Noise floor: needs at least 2 frames
2026-09-16 21:35:48  Indexed in scans\index.csv
2026-09-16 21:35:59  Connecting to COM12...
2026-09-16 21:35:59  Configuring instrument...

------------------------------------------------------------------------
2026-09-16 21:35:59  Run 20260916-213559-coconut-4th-config-2nd-run-fixed-7e-8e
2026-09-16 21:35:59  Conditions: medium=Coconut 3rd config saline=None g/L grounding=floating fill=None mm temp=None C
2026-09-16 21:35:59  Recording to scans\runs\20260916-213559-coconut-4th-config-2nd-run-fixed-7e-8e
2026-09-16 21:36:28  [warmup 1/5] 216/216 OK | I med 287.7 uA (186.7-345.1) | R med 0.0188 kohm | dV med 1408 LSB
2026-09-16 21:36:56  [warmup 2/5] 216/216 OK | I med 287.7 uA (186.6-344.0) | R med 0.0187 kohm | dV med 1332 LSB
2026-09-16 21:37:24  [warmup 3/5] 216/216 OK | I med 287.8 uA (186.8-344.3) | R med 0.0183 kohm | dV med 1406 LSB
2026-09-16 21:37:53  [warmup 4/5] 216/216 OK | I med 287.8 uA (186.6-343.9) | R med 0.0187 kohm | dV med 1456 LSB
2026-09-16 21:38:21  [warmup 5/5] 216/216 OK | I med 287.6 uA (186.7-343.5) | R med 0.0190 kohm | dV med 1398 LSB
2026-09-16 21:38:49  [frame 1] 216/216 OK | I med 287.8 uA (186.3-344.2) | R med 0.0196 kohm | dV med 1404 LSB
2026-09-16 21:39:18  [frame 2] 216/216 OK | I med 287.7 uA (186.5-343.5) | R med 0.0196 kohm | dV med 1348 LSB
2026-09-16 21:39:46  [frame 3] 216/216 OK | I med 287.9 uA (186.6-344.1) | R med 0.0197 kohm | dV med 1353 LSB
2026-09-16 21:40:14  [frame 4] 216/216 OK | I med 288.0 uA (186.5-343.9) | R med 0.0197 kohm | dV med 1353 LSB
2026-09-16 21:40:43  [frame 5] 216/216 OK | I med 287.9 uA (186.6-344.3) | R med 0.0205 kohm | dV med 1479 LSB
2026-09-16 21:41:11  [frame 6] 216/216 OK | I med 287.7 uA (187.0-344.4) | R med 0.0197 kohm | dV med 1477 LSB
2026-09-16 21:41:39  [frame 7] 216/216 OK | I med 287.9 uA (186.6-344.3) | R med 0.0197 kohm | dV med 1475 LSB
2026-09-16 21:42:07  [frame 8] 216/216 OK | I med 287.8 uA (186.9-344.7) | R med 0.0198 kohm | dV med 1477 LSB
2026-09-16 21:42:36  [frame 9] 216/216 OK | I med 288.1 uA (187.1-345.1) | R med 0.0194 kohm | dV med 1437 LSB
2026-09-16 21:43:04  [frame 10] 216/216 OK | I med 287.9 uA (187.1-344.6) | R med 0.0197 kohm | dV med 1477 LSB
2026-09-16 21:43:04  No reconstruction: This run is the session baseline; it has nothing to differ from.
2026-09-16 21:43:04  This run is now the session baseline (20260916-213559-coconut-4th-config-2nd-run-fixed-7e-8e).
2026-09-16 21:43:04  Finished. Run saved to scans\runs\20260916-213559-coconut-4th-config-2nd-run-fixed-7e-8e
2026-09-16 21:43:04    Frames captured: 10
2026-09-16 21:43:04    Reciprocity: median 64.6%  max 99.8%  sign flips 26/54
2026-09-16 21:43:04    Noise floor: median pair sd 0.00011 kohm (0.49%)  max 0.00545 kohm over 108 pairs
2026-09-16 21:43:04  Indexed in scans\index.csv
2026-09-16 21:53:04  Connecting to COM12...
2026-09-16 21:53:04  Configuring instrument...

------------------------------------------------------------------------
2026-09-16 21:53:04  Run 20260916-215304-coconut-4th-config-2nd-run-fixed-7e-8e
2026-09-16 21:53:04  Conditions: medium=Coconut 3rd config saline=None g/L grounding=floating fill=None mm temp=None C
2026-09-16 21:53:04  Recording to scans\runs\20260916-215304-coconut-4th-config-2nd-run-fixed-7e-8e
2026-09-16 21:53:32  [warmup 1/5] 216/216 OK | I med 287.6 uA (185.5-343.4) | R med 0.0227 kohm | dV med 1619 LSB
2026-09-16 21:54:01  [warmup 2/5] 216/216 OK | I med 287.5 uA (185.6-343.2) | R med 0.0201 kohm | dV med 1489 LSB
2026-09-16 21:54:29  [warmup 3/5] 216/216 OK | I med 287.2 uA (186.4-343.5) | R med 0.0192 kohm | dV med 1433 LSB
2026-09-16 21:54:57  [warmup 4/5] 216/216 OK | I med 287.0 uA (185.9-343.9) | R med 0.0186 kohm | dV med 1390 LSB
2026-09-16 21:55:26  [warmup 5/5] 216/216 OK | I med 287.4 uA (186.0-344.1) | R med 0.0188 kohm | dV med 1351 LSB
2026-09-16 21:55:54  [frame 1] 216/216 OK | I med 287.2 uA (186.3-343.5) | R med 0.0180 kohm | dV med 1346 LSB
2026-09-16 21:56:22  [frame 2] 216/216 OK | I med 287.2 uA (185.5-344.1) | R med 0.0175 kohm | dV med 1344 LSB
2026-09-16 21:56:51  [frame 3] 216/216 OK | I med 287.3 uA (186.3-343.6) | R med 0.0189 kohm | dV med 1346 LSB
2026-09-16 21:57:19  [frame 4] 216/216 OK | I med 287.2 uA (186.1-344.3) | R med 0.0198 kohm | dV med 1423 LSB
2026-09-16 21:57:47  [frame 5] 216/216 OK | I med 287.3 uA (185.3-343.9) | R med 0.0188 kohm | dV med 1344 LSB
2026-09-16 21:58:16  [frame 6] 216/216 OK | I med 287.2 uA (186.4-343.5) | R med 0.0184 kohm | dV med 1346 LSB
2026-09-16 21:58:44  [frame 7] 216/216 OK | I med 287.0 uA (185.2-343.5) | R med 0.0193 kohm | dV med 1343 LSB
2026-09-16 21:59:12  [frame 8] 216/216 OK | I med 287.3 uA (185.6-344.0) | R med 0.0188 kohm | dV med 1343 LSB
2026-09-16 21:59:41  [frame 9] 216/216 OK | I med 286.9 uA (185.6-343.9) | R med 0.0193 kohm | dV med 1344 LSB
2026-09-16 22:00:09  [frame 10] 216/216 OK | I med 284.9 uA (185.5-344.0) | R med 0.0198 kohm | dV med 1391 LSB
2026-09-16 22:00:11  Reconstruction: Peak +1.055e-01 at 223 deg  |  pairs 108/108 [ok]  |  1.3x noise - INDISTINGUISHABLE FROM NOISE
2026-09-16 22:00:11  Finished. Run saved to scans\runs\20260916-215304-coconut-4th-config-2nd-run-fixed-7e-8e
2026-09-16 22:00:11    Frames captured: 10
2026-09-16 22:00:11    Reciprocity: median 66.0%  max 99.3%  sign flips 26/54
2026-09-16 22:00:11    Noise floor: median pair sd 0.00012 kohm (0.66%)  max 0.01049 kohm over 108 pairs
2026-09-16 22:00:11  Indexed in scans\index.csv
2026-09-16 22:42:44  Connecting to COM12...
2026-09-16 22:42:44  Configuring instrument...

------------------------------------------------------------------------
2026-09-16 22:42:45  Run 20260916-224244-coconut-4th-config-2nd-run-fixed-7e-8e
2026-09-16 22:42:45  Conditions: medium=Coconut 3rd config saline=None g/L grounding=floating fill=None mm temp=None C
2026-09-16 22:42:45  Recording to scans\runs\20260916-224244-coconut-4th-config-2nd-run-fixed-7e-8e
2026-09-16 22:43:13  [warmup 1/5] 216/216 OK | I med 456.6 uA (135.7-568.9) | R med 0.0020 kohm | dV med 169 LSB
2026-09-16 22:43:41  [warmup 2/5] 216/216 OK | I med 457.9 uA (148.7-566.4) | R med 0.0023 kohm | dV med 177 LSB
2026-09-16 22:44:07  Stopping after the frame in flight...
2026-09-16 22:44:08  Baseline cleared; the next run will become the new baseline.
2026-09-16 22:44:09  [warmup 3/5] 216/216 OK | I med 458.2 uA (154.9-565.5) | R med 0.0019 kohm | dV med 172 LSB
2026-09-16 22:44:09  Cancelled after 0 frame(s); the run is kept.
2026-09-16 22:44:09  No reconstruction: No frames were captured.
2026-09-16 22:44:09  Finished. Run saved to scans\runs\20260916-224244-coconut-4th-config-2nd-run-fixed-7e-8e
2026-09-16 22:44:09    Frames captured: 0
2026-09-16 22:44:09    Reciprocity: no reciprocal pairs captured
2026-09-16 22:44:09    Noise floor: needs at least 2 frames
2026-09-16 22:44:09  Indexed in scans\index.csv
2026-09-16 22:44:11  Connecting to COM12...
2026-09-16 22:44:11  Configuring instrument...

------------------------------------------------------------------------
2026-09-16 22:44:11  Run 20260916-224411-coconut-4th-config-2nd-run-fixed-7e-8e
2026-09-16 22:44:11  Conditions: medium=Coconut 3rd config saline=None g/L grounding=floating fill=None mm temp=None C
2026-09-16 22:44:11  Recording to scans\runs\20260916-224411-coconut-4th-config-2nd-run-fixed-7e-8e
2026-09-16 22:44:12  Stopping after the frame in flight...
2026-09-16 22:44:39  [warmup 1/5] 216/216 OK | I med 458.1 uA (157.2-567.5) | R med 0.0022 kohm | dV med 188 LSB
2026-09-16 22:44:39  Cancelled after 0 frame(s); the run is kept.
2026-09-16 22:44:39  No reconstruction: This run is the session baseline; it has nothing to differ from.
2026-09-16 22:44:39  Finished. Run saved to scans\runs\20260916-224411-coconut-4th-config-2nd-run-fixed-7e-8e
2026-09-16 22:44:39    Frames captured: 0
2026-09-16 22:44:39    Reciprocity: no reciprocal pairs captured
2026-09-16 22:44:39    Noise floor: needs at least 2 frames
2026-09-16 22:44:39  Indexed in scans\index.csv
2026-09-16 22:45:46  Connecting to COM12...
2026-09-16 22:45:46  Configuring instrument...

------------------------------------------------------------------------
2026-09-16 22:45:46  Run 20260916-224546-saline-tank-400-dac-30-ms-16-5-10
2026-09-16 22:45:46  Conditions: medium=Coconut 3rd config saline=None g/L grounding=floating fill=None mm temp=None C
2026-09-16 22:45:46  Recording to scans\runs\20260916-224546-saline-tank-400-dac-30-ms-16-5-10
2026-09-16 22:46:14  [warmup 1/5] 216/216 OK | I med 458.5 uA (147.2-568.1) | R med 0.0020 kohm | dV med 179 LSB
2026-09-16 22:46:42  [warmup 2/5] 216/216 OK | I med 457.9 uA (155.6-568.1) | R med 0.0020 kohm | dV med 178 LSB
2026-09-16 22:47:11  [warmup 3/5] 216/216 OK | I med 457.4 uA (160.1-566.7) | R med 0.0020 kohm | dV med 180 LSB
2026-09-16 22:47:39  [warmup 4/5] 216/216 OK | I med 458.3 uA (160.9-566.5) | R med 0.0020 kohm | dV med 188 LSB
2026-09-16 22:48:07  [warmup 5/5] 216/216 OK | I med 458.6 uA (162.0-567.2) | R med 0.0020 kohm | dV med 177 LSB
2026-09-16 22:48:36  [frame 1] 216/216 OK | I med 458.5 uA (162.6-567.5) | R med 0.0021 kohm | dV med 182 LSB
2026-09-16 22:49:04  [frame 2] 216/216 OK | I med 458.6 uA (163.5-567.7) | R med 0.0022 kohm | dV med 193 LSB
2026-09-16 22:49:32  [frame 3] 216/216 OK | I med 458.3 uA (164.0-566.7) | R med 0.0020 kohm | dV med 179 LSB
2026-09-16 22:50:01  [frame 4] 216/216 OK | I med 458.9 uA (163.7-567.0) | R med 0.0020 kohm | dV med 194 LSB
2026-09-16 22:50:29  [frame 5] 216/216 OK | I med 459.3 uA (163.8-566.4) | R med 0.0020 kohm | dV med 191 LSB
2026-09-16 22:50:57  [frame 6] 216/216 OK | I med 458.9 uA (164.5-567.1) | R med 0.0019 kohm | dV med 172 LSB
2026-09-16 22:51:25  [frame 7] 216/216 OK | I med 459.4 uA (163.9-568.5) | R med 0.0020 kohm | dV med 176 LSB
2026-09-16 22:51:54  [frame 8] 216/216 OK | I med 459.0 uA (164.6-567.9) | R med 0.0020 kohm | dV med 174 LSB
2026-09-16 22:52:22  [frame 9] 216/216 OK | I med 459.2 uA (165.4-567.1) | R med 0.0020 kohm | dV med 180 LSB
2026-09-16 22:52:50  [frame 10] 216/216 OK | I med 459.3 uA (164.2-567.9) | R med 0.0022 kohm | dV med 193 LSB
2026-09-16 22:52:50  No reconstruction: This run is the session baseline; it has nothing to differ from.
2026-09-16 22:52:50  This run is now the session baseline (20260916-224546-saline-tank-400-dac-30-ms-16-5-10).
2026-09-16 22:52:50  Finished. Run saved to scans\runs\20260916-224546-saline-tank-400-dac-30-ms-16-5-10
2026-09-16 22:52:50    Frames captured: 10
2026-09-16 22:52:50    Reciprocity: median 72.8%  max 100.0%  sign flips 31/54
2026-09-16 22:52:50    Noise floor: median pair sd 0.00013 kohm (5.96%)  max 0.00330 kohm over 108 pairs
2026-09-16 22:52:50  Indexed in scans\index.csv
2026-09-16 22:58:27  Connecting to COM12...
2026-09-16 22:58:27  Configuring instrument...

------------------------------------------------------------------------
2026-09-16 22:58:27  Run 20260916-225827-saline-tank-400-dac-30-ms-16-5-10
2026-09-16 22:58:27  Conditions: medium=Coconut 3rd config saline=None g/L grounding=floating fill=None mm temp=None C
2026-09-16 22:58:27  Recording to scans\runs\20260916-225827-saline-tank-400-dac-30-ms-16-5-10
2026-09-16 22:58:31  Stopping after the frame in flight...
2026-09-16 22:58:55  [warmup 1/5] 216/216 OK | I med 458.1 uA (143.0-573.3) | R med 0.0023 kohm | dV med 167 LSB
2026-09-16 22:58:55  Cancelled after 0 frame(s); the run is kept.
2026-09-16 22:58:55  No reconstruction: No frames were captured.
2026-09-16 22:58:55  Finished. Run saved to scans\runs\20260916-225827-saline-tank-400-dac-30-ms-16-5-10
2026-09-16 22:58:55    Frames captured: 0
2026-09-16 22:58:55    Reciprocity: no reciprocal pairs captured
2026-09-16 22:58:55    Noise floor: needs at least 2 frames
2026-09-16 22:58:55  Indexed in scans\index.csv
2026-09-16 22:59:03  Connecting to COM12...
2026-09-16 22:59:03  Configuring instrument...

------------------------------------------------------------------------
2026-09-16 22:59:03  Run 20260916-225903-saline-tank-400-dac-30-ms-16-5-10
2026-09-16 22:59:03  Conditions: medium=Coconut 3rd config saline=None g/L grounding=floating fill=None mm temp=None C
2026-09-16 22:59:03  Recording to scans\runs\20260916-225903-saline-tank-400-dac-30-ms-16-5-10
2026-09-16 22:59:32  [warmup 1/5] 216/216 OK | I med 459.3 uA (153.5-571.6) | R med 0.0023 kohm | dV med 185 LSB
2026-09-16 23:00:00  [warmup 2/5] 216/216 OK | I med 459.2 uA (158.1-569.1) | R med 0.0027 kohm | dV med 203 LSB
2026-09-16 23:00:28  [warmup 3/5] 216/216 OK | I med 459.4 uA (161.6-568.6) | R med 0.0025 kohm | dV med 198 LSB
2026-09-16 23:00:57  [warmup 4/5] 216/216 OK | I med 459.6 uA (162.6-569.6) | R med 0.0023 kohm | dV med 187 LSB
2026-09-16 23:01:25  [warmup 5/5] 216/216 OK | I med 459.3 uA (162.9-569.6) | R med 0.0022 kohm | dV med 184 LSB
2026-09-16 23:01:53  [frame 1] 216/216 OK | I med 459.9 uA (163.1-569.1) | R med 0.0025 kohm | dV med 204 LSB
2026-09-16 23:02:21  [frame 2] 216/216 OK | I med 459.8 uA (165.1-568.9) | R med 0.0025 kohm | dV med 202 LSB
2026-09-16 23:02:50  [frame 3] 216/216 OK | I med 460.0 uA (164.1-569.2) | R med 0.0023 kohm | dV med 191 LSB
2026-09-16 23:03:18  [frame 4] 216/216 OK | I med 460.1 uA (163.8-568.9) | R med 0.0023 kohm | dV med 188 LSB
2026-09-16 23:03:46  [frame 5] 216/216 OK | I med 460.5 uA (165.0-568.4) | R med 0.0023 kohm | dV med 187 LSB
2026-09-16 23:04:15  [frame 6] 216/216 OK | I med 460.7 uA (165.6-567.1) | R med 0.0024 kohm | dV med 194 LSB
2026-09-16 23:04:43  [frame 7] 216/216 OK | I med 460.6 uA (165.7-568.3) | R med 0.0023 kohm | dV med 200 LSB
2026-09-16 23:05:11  [frame 8] 216/216 OK | I med 460.5 uA (166.2-567.4) | R med 0.0021 kohm | dV med 193 LSB
2026-09-16 23:05:40  [frame 9] 216/216 OK | I med 460.5 uA (166.7-567.5) | R med 0.0021 kohm | dV med 187 LSB
2026-09-16 23:06:08  [frame 10] 216/216 OK | I med 460.1 uA (165.6-569.1) | R med 0.0021 kohm | dV med 184 LSB
2026-09-16 23:06:10  Reconstruction: Peak -4.637e-02 at 120 deg  |  pairs 108/108 [ok]  |  0.8x noise - INDISTINGUISHABLE FROM NOISE
2026-09-16 23:06:10  Finished. Run saved to scans\runs\20260916-225903-saline-tank-400-dac-30-ms-16-5-10
2026-09-16 23:06:10    Frames captured: 10
2026-09-16 23:06:10    Reciprocity: median 70.2%  max 99.9%  sign flips 29/54
2026-09-16 23:06:10    Noise floor: median pair sd 0.00008 kohm (4.26%)  max 0.00321 kohm over 108 pairs
2026-09-16 23:06:10  Indexed in scans\index.csv
2026-09-16 23:07:14  Baseline cleared; the next run will become the new baseline.
2026-09-16 23:07:25  Connecting to COM12...
2026-09-16 23:07:25  Configuring instrument...

------------------------------------------------------------------------
2026-09-16 23:07:25  Run 20260916-230725-saline-tank-100-dac-30-ms-16-5-10
2026-09-16 23:07:25  Conditions: medium=Coconut 3rd config saline=None g/L grounding=floating fill=None mm temp=None C
2026-09-16 23:07:25  Recording to scans\runs\20260916-230725-saline-tank-100-dac-30-ms-16-5-10
2026-09-16 23:07:54  [warmup 1/5] 216/216 OK | I med 201.1 uA (39.3-255.4) | R med 0.0035 kohm | dV med 88 LSB
2026-09-16 23:08:22  [warmup 2/5] 216/216 OK | I med 201.9 uA (44.8-257.1) | R med 0.0031 kohm | dV med 94 LSB
2026-09-16 23:08:50  [warmup 3/5] 216/216 OK | I med 201.8 uA (46.9-257.2) | R med 0.0028 kohm | dV med 92 LSB
2026-09-16 23:09:18  [warmup 4/5] 216/216 OK | I med 201.7 uA (47.4-256.6) | R med 0.0030 kohm | dV med 91 LSB
2026-09-16 23:09:47  [warmup 5/5] 216/216 OK | I med 201.5 uA (48.8-255.7) | R med 0.0033 kohm | dV med 96 LSB
2026-09-16 23:10:15  [frame 1] 216/216 OK | I med 201.8 uA (48.8-257.0) | R med 0.0028 kohm | dV med 86 LSB
2026-09-16 23:10:43  [frame 2] 216/216 OK | I med 201.6 uA (49.0-256.2) | R med 0.0027 kohm | dV med 92 LSB
2026-09-16 23:11:12  [frame 3] 216/216 OK | I med 201.4 uA (48.9-256.2) | R med 0.0029 kohm | dV med 96 LSB
2026-09-16 23:11:40  [frame 4] 216/216 OK | I med 201.7 uA (48.8-257.1) | R med 0.0027 kohm | dV med 81 LSB
2026-09-16 23:12:08  [frame 5] 216/216 OK | I med 201.7 uA (49.1-256.5) | R med 0.0027 kohm | dV med 94 LSB
2026-09-16 23:12:37  [frame 6] 216/216 OK | I med 201.5 uA (49.5-256.2) | R med 0.0030 kohm | dV med 88 LSB
2026-09-16 23:13:05  [frame 7] 216/216 OK | I med 201.5 uA (49.5-255.8) | R med 0.0029 kohm | dV med 84 LSB
2026-09-16 23:13:33  [frame 8] 216/216 OK | I med 201.2 uA (49.7-256.4) | R med 0.0027 kohm | dV med 85 LSB
2026-09-16 23:14:01  [frame 9] 216/216 OK | I med 201.6 uA (50.2-255.9) | R med 0.0028 kohm | dV med 87 LSB
2026-09-16 23:14:30  [frame 10] 216/216 OK | I med 201.6 uA (49.6-255.7) | R med 0.0029 kohm | dV med 92 LSB
2026-09-16 23:14:30  No reconstruction: This run is the session baseline; it has nothing to differ from.
2026-09-16 23:14:30  This run is now the session baseline (20260916-230725-saline-tank-100-dac-30-ms-16-5-10).
2026-09-16 23:14:30  Finished. Run saved to scans\runs\20260916-230725-saline-tank-100-dac-30-ms-16-5-10
2026-09-16 23:14:30    Frames captured: 10
2026-09-16 23:14:30    Reciprocity: median 81.3%  max 99.8%  sign flips 30/54
2026-09-16 23:14:30    Noise floor: median pair sd 0.00033 kohm (10.18%)  max 0.00521 kohm over 108 pairs
2026-09-16 23:14:30  Indexed in scans\index.csv
2026-09-16 23:15:27  Connecting to COM12...
2026-09-16 23:15:27  Configuring instrument...

------------------------------------------------------------------------
2026-09-16 23:15:27  Run 20260916-231527-saline-tank-100-dac-30-ms-16-5-10
2026-09-16 23:15:27  Conditions: medium=Coconut 3rd config saline=None g/L grounding=floating fill=None mm temp=None C
2026-09-16 23:15:27  Recording to scans\runs\20260916-231527-saline-tank-100-dac-30-ms-16-5-10
2026-09-16 23:15:55  [warmup 1/5] 216/216 OK | I med 201.5 uA (40.6-258.2) | R med 0.0032 kohm | dV med 81 LSB
2026-09-16 23:16:23  [warmup 2/5] 216/216 OK | I med 201.7 uA (46.4-257.6) | R med 0.0029 kohm | dV med 85 LSB
2026-09-16 23:16:52  [warmup 3/5] 216/216 OK | I med 201.5 uA (47.8-257.4) | R med 0.0027 kohm | dV med 78 LSB
2026-09-16 23:17:20  [warmup 4/5] 216/216 OK | I med 201.7 uA (48.0-256.3) | R med 0.0028 kohm | dV med 80 LSB
2026-09-16 23:17:48  [warmup 5/5] 216/216 OK | I med 201.8 uA (48.4-255.9) | R med 0.0026 kohm | dV med 80 LSB
2026-09-16 23:18:17  [frame 1] 216/216 OK | I med 201.7 uA (48.1-255.8) | R med 0.0026 kohm | dV med 80 LSB
2026-09-16 23:18:45  [frame 2] 216/216 OK | I med 201.9 uA (48.8-256.2) | R med 0.0027 kohm | dV med 80 LSB
2026-09-16 23:19:13  [frame 3] 216/216 OK | I med 202.1 uA (49.8-256.6) | R med 0.0028 kohm | dV med 79 LSB
2026-09-16 23:19:41  [frame 4] 216/216 OK | I med 202.0 uA (49.9-257.4) | R med 0.0026 kohm | dV med 78 LSB
2026-09-16 23:20:10  [frame 5] 216/216 OK | I med 201.8 uA (49.2-257.2) | R med 0.0028 kohm | dV med 83 LSB
2026-09-16 23:20:38  [frame 6] 216/216 OK | I med 202.0 uA (49.0-255.0) | R med 0.0025 kohm | dV med 79 LSB
2026-09-16 23:21:06  [frame 7] 216/216 OK | I med 201.9 uA (49.1-255.3) | R med 0.0025 kohm | dV med 79 LSB
2026-09-16 23:21:35  [frame 8] 216/216 OK | I med 202.0 uA (48.4-255.6) | R med 0.0025 kohm | dV med 79 LSB
2026-09-16 23:22:03  [frame 9] 216/216 OK | I med 202.0 uA (49.2-256.6) | R med 0.0026 kohm | dV med 76 LSB
2026-09-16 23:22:31  [frame 10] 216/216 OK | I med 201.8 uA (50.0-255.4) | R med 0.0028 kohm | dV med 79 LSB
2026-09-16 23:22:33  Reconstruction: Peak -4.433e-02 at 236 deg  |  pairs 108/108 [ok]  |  0.8x noise - INDISTINGUISHABLE FROM NOISE
2026-09-16 23:22:33  Finished. Run saved to scans\runs\20260916-231527-saline-tank-100-dac-30-ms-16-5-10
2026-09-16 23:22:33    Frames captured: 10
2026-09-16 23:22:33    Reciprocity: median 81.2%  max 99.9%  sign flips 29/54
2026-09-16 23:22:33    Noise floor: median pair sd 0.00038 kohm (12.26%)  max 0.00421 kohm over 108 pairs
2026-09-16 23:22:33  Indexed in scans\index.csv
2026-09-16 23:25:55  Connecting to COM12...
2026-09-16 23:25:55  Configuring instrument...

------------------------------------------------------------------------
2026-09-16 23:25:55  Run 20260916-232555-saline-tank-200-dac-30-ms-16-5-10
2026-09-16 23:25:55  Conditions: medium=Coconut 3rd config saline=None g/L grounding=grounded fill=None mm temp=None C
2026-09-16 23:25:55  Recording to scans\runs\20260916-232555-saline-tank-200-dac-30-ms-16-5-10
2026-09-16 23:26:17  Stopping after the frame in flight...
2026-09-16 23:26:23  [warmup 1/5] 216/216 OK | I med 288.0 uA (72.8-365.1) | R med 0.0021 kohm | dV med 116 LSB
2026-09-16 23:26:23  Cancelled after 0 frame(s); the run is kept.
2026-09-16 23:26:23  No reconstruction: No frames were captured.
2026-09-16 23:26:23  Finished. Run saved to scans\runs\20260916-232555-saline-tank-200-dac-30-ms-16-5-10
2026-09-16 23:26:23    Frames captured: 0
2026-09-16 23:26:23    Reciprocity: no reciprocal pairs captured
2026-09-16 23:26:23    Noise floor: needs at least 2 frames
2026-09-16 23:26:23  Indexed in scans\index.csv
2026-09-16 23:26:31  Baseline cleared; the next run will become the new baseline.
2026-09-16 23:26:33  Connecting to COM12...
2026-09-16 23:26:33  Configuring instrument...

------------------------------------------------------------------------
2026-09-16 23:26:33  Run 20260916-232633-saline-tank-200-dac-30-ms-16-5-10
2026-09-16 23:26:33  Conditions: medium=Coconut 3rd config saline=None g/L grounding=grounded fill=None mm temp=None C
2026-09-16 23:26:33  Recording to scans\runs\20260916-232633-saline-tank-200-dac-30-ms-16-5-10
2026-09-16 23:27:01  [warmup 1/5] 216/216 OK | I med 288.3 uA (80.0-362.2) | R med 0.0026 kohm | dV med 114 LSB
2026-09-16 23:27:29  [warmup 2/5] 216/216 OK | I med 288.2 uA (84.7-362.2) | R med 0.0023 kohm | dV med 111 LSB
2026-09-16 23:27:58  [warmup 3/5] 216/216 OK | I med 288.2 uA (86.7-360.9) | R med 0.0021 kohm | dV med 108 LSB
2026-09-16 23:28:26  [warmup 4/5] 216/216 OK | I med 288.3 uA (87.1-360.8) | R med 0.0021 kohm | dV med 113 LSB
2026-09-16 23:28:54  [warmup 5/5] 216/216 OK | I med 288.2 uA (87.5-360.6) | R med 0.0022 kohm | dV med 117 LSB
2026-09-16 23:29:23  [frame 1] 216/216 OK | I med 288.2 uA (87.8-360.8) | R med 0.0022 kohm | dV med 111 LSB
2026-09-16 23:29:51  [frame 2] 216/216 OK | I med 288.5 uA (87.1-360.9) | R med 0.0021 kohm | dV med 112 LSB
2026-09-16 23:30:19  [frame 3] 216/216 OK | I med 288.1 uA (88.3-361.4) | R med 0.0021 kohm | dV med 111 LSB
2026-09-16 23:30:48  [frame 4] 216/216 OK | I med 288.8 uA (88.2-360.8) | R med 0.0022 kohm | dV med 114 LSB
2026-09-16 23:31:16  [frame 5] 216/216 OK | I med 288.5 uA (89.6-359.2) | R med 0.0022 kohm | dV med 109 LSB
2026-09-16 23:31:44  [frame 6] 216/216 OK | I med 288.2 uA (88.3-359.7) | R med 0.0020 kohm | dV med 116 LSB
2026-09-16 23:32:13  [frame 7] 216/216 OK | I med 288.6 uA (89.0-359.3) | R med 0.0021 kohm | dV med 112 LSB
2026-09-16 23:32:41  [frame 8] 216/216 OK | I med 288.5 uA (89.0-359.8) | R med 0.0020 kohm | dV med 108 LSB
2026-09-16 23:33:09  [frame 9] 216/216 OK | I med 288.7 uA (88.7-360.1) | R med 0.0021 kohm | dV med 109 LSB
2026-09-16 23:33:37  [frame 10] 216/216 OK | I med 288.7 uA (89.8-360.2) | R med 0.0023 kohm | dV med 116 LSB
2026-09-16 23:33:37  No reconstruction: This run is the session baseline; it has nothing to differ from.
2026-09-16 23:33:37  This run is now the session baseline (20260916-232633-saline-tank-200-dac-30-ms-16-5-10).
2026-09-16 23:33:37  Finished. Run saved to scans\runs\20260916-232633-saline-tank-200-dac-30-ms-16-5-10
2026-09-16 23:33:37    Frames captured: 10
2026-09-16 23:33:37    Reciprocity: median 79.1%  max 99.8%  sign flips 29/54
2026-09-16 23:33:37    Noise floor: median pair sd 0.00018 kohm (8.86%)  max 0.00407 kohm over 108 pairs
2026-09-16 23:33:37  Indexed in scans\index.csv
2026-09-16 23:34:52  Connecting to COM12...
2026-09-16 23:34:52  Configuring instrument...

------------------------------------------------------------------------
2026-09-16 23:34:52  Run 20260916-233452-saline-tank-200-dac-30-ms-16-5-10
2026-09-16 23:34:52  Conditions: medium=Coconut 3rd config saline=None g/L grounding=grounded fill=None mm temp=None C
2026-09-16 23:34:52  Recording to scans\runs\20260916-233452-saline-tank-200-dac-30-ms-16-5-10
2026-09-16 23:35:20  [warmup 1/5] 216/216 OK | I med 289.3 uA (80.8-362.8) | R med 0.0023 kohm | dV med 127 LSB
2026-09-16 23:35:48  [warmup 2/5] 216/216 OK | I med 288.9 uA (85.1-361.3) | R med 0.0027 kohm | dV med 129 LSB
2026-09-16 23:36:17  [warmup 3/5] 216/216 OK | I med 288.8 uA (88.0-361.2) | R med 0.0024 kohm | dV med 127 LSB
2026-09-16 23:36:45  [warmup 4/5] 216/216 OK | I med 289.0 uA (88.0-360.9) | R med 0.0026 kohm | dV med 129 LSB
2026-09-16 23:37:13  [warmup 5/5] 216/216 OK | I med 288.9 uA (87.9-360.3) | R med 0.0022 kohm | dV med 123 LSB
2026-09-16 23:37:41  [frame 1] 216/216 OK | I med 288.7 uA (89.0-361.2) | R med 0.0025 kohm | dV med 135 LSB
2026-09-16 23:38:10  [frame 2] 216/216 OK | I med 288.9 uA (89.2-360.3) | R med 0.0025 kohm | dV med 121 LSB
2026-09-16 23:38:38  [frame 3] 216/216 OK | I med 288.7 uA (88.4-360.9) | R med 0.0024 kohm | dV med 133 LSB
2026-09-16 23:39:06  [frame 4] 216/216 OK | I med 288.8 uA (90.3-360.5) | R med 0.0025 kohm | dV med 132 LSB
2026-09-16 23:39:35  [frame 5] 216/216 OK | I med 289.0 uA (90.5-360.8) | R med 0.0026 kohm | dV med 134 LSB
2026-09-16 23:40:03  [frame 6] 216/216 OK | I med 289.0 uA (89.9-361.1) | R med 0.0024 kohm | dV med 129 LSB
2026-09-16 23:40:31  [frame 7] 216/216 OK | I med 289.0 uA (90.2-360.9) | R med 0.0024 kohm | dV med 131 LSB
2026-09-16 23:41:00  [frame 8] 216/216 OK | I med 289.0 uA (91.3-360.5) | R med 0.0023 kohm | dV med 130 LSB
2026-09-16 23:41:28  [frame 9] 216/216 OK | I med 289.2 uA (90.4-360.9) | R med 0.0024 kohm | dV med 131 LSB
2026-09-16 23:41:56  [frame 10] 216/216 OK | I med 289.0 uA (90.2-359.1) | R med 0.0025 kohm | dV med 134 LSB
2026-09-16 23:41:58  Reconstruction: Peak -5.345e-02 at 177 deg  |  pairs 108/108 [ok]  |  0.8x noise - INDISTINGUISHABLE FROM NOISE
2026-09-16 23:41:58  Finished. Run saved to scans\runs\20260916-233452-saline-tank-200-dac-30-ms-16-5-10
2026-09-16 23:41:58    Frames captured: 10
2026-09-16 23:41:58    Reciprocity: median 73.7%  max 99.8%  sign flips 29/54
2026-09-16 23:41:58    Noise floor: median pair sd 0.00018 kohm (6.21%)  max 0.00344 kohm over 108 pairs
2026-09-16 23:41:58  Indexed in scans\index.csv
2026-09-16 23:52:22  Baseline cleared; the next run will become the new baseline.
2026-09-16 23:52:30  Connecting to COM12...
2026-09-16 23:52:30  Configuring instrument...

------------------------------------------------------------------------
2026-09-16 23:52:31  Run 20260916-235230-saline-tank-100-dac-30-ms-16-5-10-2nd
2026-09-16 23:52:31  Conditions: medium=Coconut 3rd config saline=None g/L grounding=unknown fill=None mm temp=None C
2026-09-16 23:52:31  Recording to scans\runs\20260916-235230-saline-tank-100-dac-30-ms-16-5-10-2nd
2026-09-16 23:52:59  [warmup 1/5] 216/216 OK | I med 202.5 uA (38.5-259.1) | R med 0.0028 kohm | dV med 79 LSB
2026-09-16 23:53:27  [warmup 2/5] 216/216 OK | I med 202.8 uA (44.1-256.7) | R med 0.0029 kohm | dV med 81 LSB
2026-09-16 23:53:55  [warmup 3/5] 216/216 OK | I med 202.8 uA (46.8-257.2) | R med 0.0027 kohm | dV med 81 LSB
2026-09-16 23:54:24  [warmup 4/5] 216/216 OK | I med 202.7 uA (47.6-256.2) | R med 0.0023 kohm | dV med 80 LSB
2026-09-16 23:54:52  [warmup 5/5] 216/216 OK | I med 202.9 uA (48.5-256.2) | R med 0.0026 kohm | dV med 75 LSB
2026-09-16 23:55:20  [frame 1] 216/216 OK | I med 202.9 uA (49.4-254.4) | R med 0.0026 kohm | dV med 79 LSB
2026-09-16 23:55:49  [frame 2] 216/216 OK | I med 202.6 uA (50.0-256.6) | R med 0.0025 kohm | dV med 82 LSB
2026-09-16 23:56:17  [frame 3] 216/216 OK | I med 202.8 uA (48.7-256.6) | R med 0.0026 kohm | dV med 82 LSB
2026-09-16 23:56:45  [frame 4] 216/216 OK | I med 202.4 uA (50.8-254.9) | R med 0.0025 kohm | dV med 83 LSB
2026-09-16 23:57:14  [frame 5] 216/216 OK | I med 199.0 uA (20.7-253.5) | R med 0.0028 kohm | dV med 76 LSB
2026-09-16 23:57:42  [frame 6] 216/216 OK | I med 199.7 uA (50.4-245.1) | R med 0.0027 kohm | dV med 80 LSB
2026-09-16 23:58:10  [frame 7] 216/216 OK | I med 201.8 uA (50.8-254.0) | R med 0.0028 kohm | dV med 85 LSB
2026-09-16 23:58:38  [frame 8] 216/216 OK | I med 202.6 uA (51.0-256.2) | R med 0.0027 kohm | dV med 82 LSB
2026-09-16 23:59:07  [frame 9] 216/216 OK | I med 203.1 uA (51.8-256.3) | R med 0.0025 kohm | dV med 78 LSB
2026-09-16 23:59:35  [frame 10] 216/216 OK | I med 203.0 uA (52.5-256.8) | R med 0.0024 kohm | dV med 79 LSB
2026-09-16 23:59:35  No reconstruction: This run is the session baseline; it has nothing to differ from.
2026-09-16 23:59:35  This run is now the session baseline (20260916-235230-saline-tank-100-dac-30-ms-16-5-10-2nd).
2026-09-16 23:59:35  Finished. Run saved to scans\runs\20260916-235230-saline-tank-100-dac-30-ms-16-5-10-2nd
2026-09-16 23:59:35    Frames captured: 10
2026-09-16 23:59:35    Reciprocity: median 85.4%  max 99.9%  sign flips 28/54
2026-09-16 23:59:35    Noise floor: median pair sd 0.00065 kohm (22.62%)  max 0.07310 kohm over 108 pairs
2026-09-16 23:59:35  Indexed in scans\index.csv
2026-09-17 00:03:02  Connecting to COM12...
2026-09-17 00:03:02  Configuring instrument...

------------------------------------------------------------------------
2026-09-17 00:03:02  Run 20260917-000302-saline-tank-100-dac-30-ms-16-5-10-2nd
2026-09-17 00:03:02  Conditions: medium=Coconut 3rd config saline=None g/L grounding=unknown fill=None mm temp=None C
2026-09-17 00:03:02  Recording to scans\runs\20260917-000302-saline-tank-100-dac-30-ms-16-5-10-2nd
2026-09-17 00:03:31  [warmup 1/5] 216/216 OK | I med 203.5 uA (45.6-260.6) | R med 0.0035 kohm | dV med 92 LSB
2026-09-17 00:03:59  [warmup 2/5] 216/216 OK | I med 204.2 uA (53.9-258.2) | R med 0.0027 kohm | dV med 95 LSB
2026-09-17 00:04:27  [warmup 3/5] 216/216 OK | I med 204.4 uA (58.2-258.3) | R med 0.0028 kohm | dV med 99 LSB
2026-09-17 00:04:56  [warmup 4/5] 216/216 OK | I med 204.4 uA (59.5-256.6) | R med 0.0027 kohm | dV med 87 LSB
2026-09-17 00:05:24  [warmup 5/5] 216/216 OK | I med 204.1 uA (60.6-256.8) | R med 0.0028 kohm | dV med 94 LSB
2026-09-17 00:05:52  [frame 1] 216/216 OK | I med 203.8 uA (60.6-256.2) | R med 0.0026 kohm | dV med 101 LSB
2026-09-17 00:06:21  [frame 2] 216/216 OK | I med 204.1 uA (62.2-255.4) | R med 0.0027 kohm | dV med 95 LSB
2026-09-17 00:06:49  [frame 3] 216/216 OK | I med 204.0 uA (63.3-256.8) | R med 0.0027 kohm | dV med 86 LSB
2026-09-17 00:07:17  [frame 4] 216/216 OK | I med 203.8 uA (63.4-257.0) | R med 0.0026 kohm | dV med 88 LSB
2026-09-17 00:07:45  [frame 5] 216/216 OK | I med 204.0 uA (63.8-256.2) | R med 0.0025 kohm | dV med 85 LSB
2026-09-17 00:08:14  [frame 6] 216/216 OK | I med 204.3 uA (63.3-256.7) | R med 0.0025 kohm | dV med 93 LSB
2026-09-17 00:08:42  [frame 7] 216/216 OK | I med 204.3 uA (64.4-256.6) | R med 0.0027 kohm | dV med 102 LSB
2026-09-17 00:09:10  [frame 8] 216/216 OK | I med 204.2 uA (65.1-256.7) | R med 0.0028 kohm | dV med 98 LSB
2026-09-17 00:09:39  [frame 9] 216/216 OK | I med 204.1 uA (64.2-257.3) | R med 0.0025 kohm | dV med 82 LSB
2026-09-17 00:10:07  [frame 10] 216/216 OK | I med 204.1 uA (64.7-258.2) | R med 0.0023 kohm | dV med 89 LSB
2026-09-17 00:10:09  Reconstruction: Peak -5.669e-01 at 119 deg  |  pairs 108/108 [ok]  |  1.9x noise - INDISTINGUISHABLE FROM NOISE
2026-09-17 00:10:09  Finished. Run saved to scans\runs\20260917-000302-saline-tank-100-dac-30-ms-16-5-10-2nd
2026-09-17 00:10:09    Frames captured: 10
2026-09-17 00:10:09    Reciprocity: median 74.3%  max 100.0%  sign flips 31/54
2026-09-17 00:10:09    Noise floor: median pair sd 0.00039 kohm (16.40%)  max 0.00608 kohm over 108 pairs
2026-09-17 00:10:09  Indexed in scans\index.csv

------------------------------------------------------------------------
2026-09-17 10:47:00  Session ended

------------------------------------------------------------------------
2026-09-17 10:47:34  Session started (hardware)
2026-09-17 10:47:34  Scans folder: C:\Users\Vidad\Documents\THESIS-PALAYAIN\scans
2026-09-17 10:47:34  33 scan(s) already recorded here.
2026-09-17 10:47:34  Ready. Settings are saved on exit.
2026-09-17 10:58:27  Connecting to COM12...
2026-09-17 10:58:27  Configuring instrument...

------------------------------------------------------------------------
2026-09-17 10:58:27  Run 20260917-105827-saline-v2-dac-100-30-ms-16-5-10
2026-09-17 10:58:27  Conditions: medium=Saline Tank saline=None g/L grounding=unknown fill=None mm temp=None C
2026-09-17 10:58:27  Recording to scans\runs\20260917-105827-saline-v2-dac-100-30-ms-16-5-10
2026-09-17 10:58:48  [warmup 1/5] 214/216 OK | I med 35.9 uA (6.1-75.1) | R med 0.0271 kohm | dV med 73 LSB | flags I_LOWx2
2026-09-17 10:59:09  [warmup 2/5] 213/216 OK | I med 36.0 uA (3.4-74.3) | R med 0.0257 kohm | dV med 70 LSB | flags I_LOWx3
2026-09-17 10:59:30  [warmup 3/5] 213/216 OK | I med 35.9 uA (3.4-73.4) | R med 0.0279 kohm | dV med 76 LSB | flags I_LOWx3
2026-09-17 10:59:51  [warmup 4/5] 213/216 OK | I med 35.7 uA (3.2-73.1) | R med 0.0309 kohm | dV med 69 LSB QUANTISATION LIMITED (11/105 pairs under 4) | flags I_LOWx3
2026-09-17 11:00:12  [warmup 5/5] 213/216 OK | I med 35.6 uA (3.0-72.3) | R med 0.0298 kohm | dV med 77 LSB | flags I_LOWx3
2026-09-17 11:00:33  [frame 1] 213/216 OK | I med 35.3 uA (2.9-72.1) | R med 0.0362 kohm | dV med 77 LSB QUANTISATION LIMITED (11/105 pairs under 4) | flags I_LOWx3
2026-09-17 11:00:54  [frame 2] 213/216 OK | I med 35.0 uA (2.6-71.6) | R med 0.0279 kohm | dV med 83 LSB QUANTISATION LIMITED (13/105 pairs under 4) | flags I_LOWx3
2026-09-17 11:01:15  [frame 3] 213/216 OK | I med 35.2 uA (2.7-71.4) | R med 0.0276 kohm | dV med 65 LSB | flags I_LOWx3
2026-09-17 11:01:36  [frame 4] 213/216 OK | I med 35.0 uA (2.4-71.5) | R med 0.0272 kohm | dV med 63 LSB | flags I_LOWx3
2026-09-17 11:01:57  [frame 5] 212/216 OK | I med 34.6 uA (2.8-69.0) | R med 0.0306 kohm | dV med 73 LSB | flags I_LOWx4
2026-09-17 11:02:20  [frame 6] 212/216 OK | I med 33.6 uA (2.8-71.7) | R med 0.0461 kohm | dV med 67 LSB | flags I_LOWx4
2026-09-17 11:02:43  [frame 7] 212/216 OK | I med 33.2 uA (3.0-69.2) | R med 0.0605 kohm | dV med 79 LSB | flags I_LOWx4
2026-09-17 11:03:07  [frame 8] 212/216 OK | I med 33.0 uA (2.6-68.6) | R med 0.0457 kohm | dV med 72 LSB | flags I_LOWx4
2026-09-17 11:03:30  [frame 9] 212/216 OK | I med 32.8 uA (3.0-68.3) | R med 0.0345 kohm | dV med 72 LSB QUANTISATION LIMITED (13/104 pairs under 4) | flags I_LOWx4
2026-09-17 11:03:54  [frame 10] 212/216 OK | I med 33.3 uA (3.4-69.0) | R med 0.0438 kohm | dV med 70 LSB | flags I_LOWx4
2026-09-17 11:04:09  No reconstruction: This run is the session baseline; it has nothing to differ from.
2026-09-17 11:04:09  This run is now the session baseline (20260917-105827-saline-v2-dac-100-30-ms-16-5-10).
2026-09-17 11:04:09  Finished. Run saved to scans\runs\20260917-105827-saline-v2-dac-100-30-ms-16-5-10
2026-09-17 11:04:09    Frames captured: 10
2026-09-17 11:04:09    Reciprocity: median 92.0%  max 100.0%  sign flips 25/52
2026-09-17 11:04:09    Noise floor: median pair sd 0.03242 kohm (77.90%)  max 0.24934 kohm over 105 pairs
2026-09-17 11:04:09  Indexed in scans\index.csv
2026-09-17 11:07:30  Connecting to COM12...
2026-09-17 11:07:30  Configuring instrument...

------------------------------------------------------------------------
2026-09-17 11:07:30  Run 20260917-110730-saline-v2-dac-100-30-ms-16-5-10
2026-09-17 11:07:30  Conditions: medium=Saline Tank saline=None g/L grounding=unknown fill=None mm temp=None C
2026-09-17 11:07:30  Recording to scans\runs\20260917-110730-saline-v2-dac-100-30-ms-16-5-10
2026-09-17 11:07:54  [warmup 1/5] 213/216 OK | I med 31.1 uA (6.6-70.0) | R med 0.0414 kohm | dV med 63 LSB QUANTISATION LIMITED (11/105 pairs under 4) | flags I_LOWx3
2026-09-17 11:08:17  [warmup 2/5] 212/216 OK | I med 30.9 uA (2.4-69.5) | R med 0.0456 kohm | dV med 70 LSB | flags I_LOWx4
2026-09-17 11:08:40  [warmup 3/5] 212/216 OK | I med 31.0 uA (3.4-70.1) | R med 0.0383 kohm | dV med 74 LSB | flags I_LOWx4
2026-09-17 11:09:04  [warmup 4/5] 211/216 OK | I med 31.4 uA (3.0-69.7) | R med 0.0421 kohm | dV med 69 LSB QUANTISATION LIMITED (11/103 pairs under 4) | flags I_LOWx5
2026-09-17 11:09:27  [warmup 5/5] 212/216 OK | I med 31.4 uA (3.4-69.1) | R med 0.0417 kohm | dV med 68 LSB | flags I_LOWx4
2026-09-17 11:09:51  [frame 1] 212/216 OK | I med 31.0 uA (3.5-70.8) | R med 0.0397 kohm | dV med 77 LSB QUANTISATION LIMITED (11/104 pairs under 4) | flags I_LOWx4
2026-09-17 11:10:14  [frame 2] 212/216 OK | I med 31.8 uA (3.6-69.9) | R med 0.0397 kohm | dV med 70 LSB QUANTISATION LIMITED (13/104 pairs under 4) | flags I_LOWx4
2026-09-17 11:10:37  [frame 3] 212/216 OK | I med 31.0 uA (3.4-70.4) | R med 0.0435 kohm | dV med 75 LSB QUANTISATION LIMITED (14/104 pairs under 4) | flags I_LOWx4
2026-09-17 11:11:01  [frame 4] 212/216 OK | I med 31.3 uA (3.2-69.5) | R med 0.0449 kohm | dV med 76 LSB QUANTISATION LIMITED (15/104 pairs under 4) | flags I_LOWx4
2026-09-17 11:11:24  [frame 5] 212/216 OK | I med 31.5 uA (3.4-69.3) | R med 0.0379 kohm | dV med 72 LSB QUANTISATION LIMITED (14/104 pairs under 4) | flags I_LOWx4
2026-09-17 11:11:48  [frame 6] 212/216 OK | I med 30.8 uA (3.7-69.3) | R med 0.0405 kohm | dV med 66 LSB QUANTISATION LIMITED (11/104 pairs under 4) | flags I_LOWx4
2026-09-17 11:12:11  [frame 7] 212/216 OK | I med 31.3 uA (4.0-69.1) | R med 0.0420 kohm | dV med 74 LSB | flags I_LOWx4
2026-09-17 11:12:34  [frame 8] 211/216 OK | I med 30.7 uA (3.9-70.1) | R med 0.0454 kohm | dV med 67 LSB | flags I_LOWx5
2026-09-17 11:12:58  [frame 9] 212/216 OK | I med 30.9 uA (3.6-68.9) | R med 0.0375 kohm | dV med 68 LSB QUANTISATION LIMITED (14/104 pairs under 4) | flags I_LOWx4
2026-09-17 11:13:21  [frame 10] 212/216 OK | I med 30.8 uA (3.7-69.7) | R med 0.0423 kohm | dV med 69 LSB | flags I_LOWx4
2026-09-17 11:13:24  Reconstruction: Peak -4.300e+00 at 266 deg  |  pairs 104/108 [best-effort]  |  1.4x noise - INDISTINGUISHABLE FROM NOISE
2026-09-17 11:13:24  Finished. Run saved to scans\runs\20260917-110730-saline-v2-dac-100-30-ms-16-5-10
2026-09-17 11:13:24    Frames captured: 10
2026-09-17 11:13:24    Reciprocity: median 90.6%  max 99.9%  sign flips 17/51
2026-09-17 11:13:24    Noise floor: median pair sd 0.00975 kohm (20.88%)  max 0.14648 kohm over 104 pairs
2026-09-17 11:13:24  Indexed in scans\index.csv
2026-09-17 11:14:41  Baseline cleared; the next run will become the new baseline.
2026-09-17 11:14:53  Connecting to COM12...
2026-09-17 11:14:53  Configuring instrument...

------------------------------------------------------------------------
2026-09-17 11:14:53  Run 20260917-111453-saline-v2-dac-200-30-ms-16-5-10
2026-09-17 11:14:53  Conditions: medium=Saline Tank saline=None g/L grounding=unknown fill=None mm temp=None C
2026-09-17 11:14:53  Recording to scans\runs\20260917-111453-saline-v2-dac-200-30-ms-16-5-10
2026-09-17 11:15:18  [warmup 1/5] 215/216 OK | I med 45.8 uA (8.0-97.9) | R med 0.0250 kohm | dV med 105 LSB | flags I_LOWx1
2026-09-17 11:15:46  [warmup 2/5] 213/216 OK | I med 45.1 uA (6.1-99.0) | R med 0.0211 kohm | dV med 97 LSB | flags I_LOWx3
2026-09-17 11:16:13  [warmup 3/5] 213/216 OK | I med 45.2 uA (5.7-98.7) | R med 0.0258 kohm | dV med 99 LSB | flags I_LOWx3
2026-09-17 11:16:41  [warmup 4/5] 213/216 OK | I med 45.3 uA (5.0-105.0) | R med 0.0215 kohm | dV med 87 LSB | flags I_LOWx3
2026-09-17 11:17:07  [warmup 5/5] 213/216 OK | I med 45.8 uA (5.8-105.8) | R med 0.0287 kohm | dV med 93 LSB | flags I_LOWx3
2026-09-17 11:17:35  [frame 1] 213/216 OK | I med 45.6 uA (5.7-93.7) | R med 0.0319 kohm | dV med 92 LSB | flags I_LOWx3
2026-09-17 11:18:03  [frame 2] 213/216 OK | I med 45.7 uA (5.4-94.7) | R med 0.0247 kohm | dV med 95 LSB | flags I_LOWx3
2026-09-17 11:18:32  [frame 3] 213/216 OK | I med 45.5 uA (4.8-95.0) | R med 0.0231 kohm | dV med 95 LSB | flags I_LOWx3
2026-09-17 11:19:00  [frame 4] 213/216 OK | I med 45.5 uA (5.4-95.2) | R med 0.0274 kohm | dV med 93 LSB | flags I_LOWx3
2026-09-17 11:19:28  [frame 5] 213/216 OK | I med 45.4 uA (4.9-94.3) | R med 0.0262 kohm | dV med 91 LSB | flags I_LOWx3
2026-09-17 11:19:56  [frame 6] 213/216 OK | I med 45.3 uA (5.5-94.7) | R med 0.0265 kohm | dV med 89 LSB | flags I_LOWx3
2026-09-17 11:20:25  [frame 7] 213/216 OK | I med 45.2 uA (5.3-94.2) | R med 0.0239 kohm | dV med 94 LSB | flags I_LOWx3
2026-09-17 11:20:53  [frame 8] 212/216 OK | I med 45.3 uA (4.9-95.3) | R med 0.0249 kohm | dV med 92 LSB | flags I_LOWx4
2026-09-17 11:21:21  [frame 9] 213/216 OK | I med 45.1 uA (5.2-94.5) | R med 0.0287 kohm | dV med 89 LSB QUANTISATION LIMITED (12/105 pairs under 4) | flags I_LOWx3
2026-09-17 11:21:50  [frame 10] 213/216 OK | I med 45.2 uA (5.2-94.4) | R med 0.0209 kohm | dV med 88 LSB | flags I_LOWx3
2026-09-17 11:21:50  No reconstruction: This run is the session baseline; it has nothing to differ from.
2026-09-17 11:21:50  This run is now the session baseline (20260917-111453-saline-v2-dac-200-30-ms-16-5-10).
2026-09-17 11:21:50  Finished. Run saved to scans\runs\20260917-111453-saline-v2-dac-200-30-ms-16-5-10
2026-09-17 11:21:50    Frames captured: 10
2026-09-17 11:21:50    Reciprocity: median 89.3%  max 99.9%  sign flips 20/52
2026-09-17 11:21:50    Noise floor: median pair sd 0.00840 kohm (23.53%)  max 0.16518 kohm over 105 pairs
2026-09-17 11:21:50  Indexed in scans\index.csv
2026-09-17 11:22:23  Connecting to COM12...
2026-09-17 11:22:23  Configuring instrument...

------------------------------------------------------------------------
2026-09-17 11:22:23  Run 20260917-112223-saline-v2-dac-200-30-ms-16-5-10
2026-09-17 11:22:23  Conditions: medium=Saline Tank saline=None g/L grounding=unknown fill=None mm temp=None C
2026-09-17 11:22:23  Recording to scans\runs\20260917-112223-saline-v2-dac-200-30-ms-16-5-10
2026-09-17 11:22:51  [warmup 1/5] 215/216 OK | I med 44.5 uA (8.1-93.4) | R med 0.0202 kohm | dV med 93 LSB | flags I_LOWx1
2026-09-17 11:23:19  [warmup 2/5] 213/216 OK | I med 44.7 uA (5.7-94.9) | R med 0.0247 kohm | dV med 86 LSB | flags I_LOWx3
2026-09-17 11:23:48  [warmup 3/5] 212/216 OK | I med 44.7 uA (5.5-94.6) | R med 0.0279 kohm | dV med 82 LSB QUANTISATION LIMITED (11/104 pairs under 4) | flags I_LOWx4
2026-09-17 11:24:16  [warmup 4/5] 212/216 OK | I med 44.6 uA (4.9-94.6) | R med 0.0269 kohm | dV med 85 LSB QUANTISATION LIMITED (11/104 pairs under 4) | flags I_LOWx4
2026-09-17 11:24:44  [warmup 5/5] 212/216 OK | I med 44.8 uA (4.8-94.5) | R med 0.0275 kohm | dV med 84 LSB | flags I_LOWx4
2026-09-17 11:25:12  [frame 1] 213/216 OK | I med 45.2 uA (4.4-94.8) | R med 0.0275 kohm | dV med 89 LSB | flags I_LOWx3
2026-09-17 11:25:41  [frame 2] 212/216 OK | I med 44.9 uA (5.1-94.2) | R med 0.0253 kohm | dV med 85 LSB | flags I_LOWx4
2026-09-17 11:26:09  [frame 3] 212/216 OK | I med 44.7 uA (5.5-93.3) | R med 0.0280 kohm | dV med 86 LSB | flags I_LOWx4
2026-09-17 11:26:37  [frame 4] 212/216 OK | I med 44.5 uA (4.9-94.7) | R med 0.0214 kohm | dV med 84 LSB QUANTISATION LIMITED (12/104 pairs under 4) | flags I_LOWx4
2026-09-17 11:27:06  [frame 5] 212/216 OK | I med 44.8 uA (5.3-94.6) | R med 0.0239 kohm | dV med 82 LSB | flags I_LOWx4
2026-09-17 11:27:34  [frame 6] 212/216 OK | I med 44.6 uA (5.3-95.2) | R med 0.0279 kohm | dV med 84 LSB | flags I_LOWx4
2026-09-17 11:28:02  [frame 7] 212/216 OK | I med 44.4 uA (5.6-94.6) | R med 0.0253 kohm | dV med 87 LSB QUANTISATION LIMITED (11/104 pairs under 4) | flags I_LOWx4
2026-09-17 11:28:31  [frame 8] 213/216 OK | I med 44.5 uA (6.1-94.7) | R med 0.0244 kohm | dV med 87 LSB | flags I_LOWx3
2026-09-17 11:28:59  [frame 9] 212/216 OK | I med 44.8 uA (5.6-94.6) | R med 0.0256 kohm | dV med 76 LSB | flags I_LOWx4
2026-09-17 11:29:27  [frame 10] 212/216 OK | I med 44.6 uA (6.0-93.7) | R med 0.0217 kohm | dV med 78 LSB | flags I_LOWx4
2026-09-17 11:29:29  Reconstruction: Peak -1.153e+00 at 179 deg  |  pairs 105/108 [best-effort]  |  1.3x noise - INDISTINGUISHABLE FROM NOISE
2026-09-17 11:29:29  Finished. Run saved to scans\runs\20260917-112223-saline-v2-dac-200-30-ms-16-5-10
2026-09-17 11:29:29    Frames captured: 10
2026-09-17 11:29:29    Reciprocity: median 89.2%  max 99.9%  sign flips 21/52
2026-09-17 11:29:29    Noise floor: median pair sd 0.00538 kohm (16.19%)  max 0.13863 kohm over 105 pairs
2026-09-17 11:29:29  Indexed in scans\index.csv
2026-09-17 11:34:32  Baseline cleared; the next run will become the new baseline.
2026-09-17 11:34:45  Connecting to COM12...
2026-09-17 11:34:45  Configuring instrument...

------------------------------------------------------------------------
2026-09-17 11:34:45  Run 20260917-113445-saline-v2-dac-400-30-ms-16-5-10
2026-09-17 11:34:45  Conditions: medium=Saline Tank saline=None g/L grounding=grounded fill=None mm temp=None C
2026-09-17 11:34:45  Recording to scans\runs\20260917-113445-saline-v2-dac-400-30-ms-16-5-10
2026-09-17 11:35:14  [warmup 1/5] 216/216 OK | I med 75.2 uA (12.1-163.1) | R med 0.0194 kohm | dV med 114 LSB
2026-09-17 11:35:42  [warmup 2/5] 216/216 OK | I med 76.1 uA (10.5-165.4) | R med 0.0156 kohm | dV med 117 LSB
2026-09-17 11:36:10  [warmup 3/5] 215/216 OK | I med 76.2 uA (9.5-166.1) | R med 0.0161 kohm | dV med 112 LSB | flags I_LOWx1
2026-09-17 11:36:38  [warmup 4/5] 215/216 OK | I med 76.5 uA (9.5-166.7) | R med 0.0167 kohm | dV med 116 LSB | flags I_LOWx1
2026-09-17 11:37:07  [warmup 5/5] 215/216 OK | I med 77.0 uA (9.1-166.1) | R med 0.0189 kohm | dV med 112 LSB | flags I_LOWx1
2026-09-17 11:37:35  [frame 1] 215/216 OK | I med 76.6 uA (9.5-166.8) | R med 0.0150 kohm | dV med 117 LSB | flags I_LOWx1
2026-09-17 11:38:03  [frame 2] 215/216 OK | I med 77.1 uA (9.8-166.1) | R med 0.0183 kohm | dV med 116 LSB | flags I_LOWx1
2026-09-17 11:38:32  [frame 3] 215/216 OK | I med 77.0 uA (9.3-166.2) | R med 0.0157 kohm | dV med 115 LSB | flags I_LOWx1
2026-09-17 11:39:00  [frame 4] 215/216 OK | I med 77.0 uA (9.0-166.2) | R med 0.0200 kohm | dV med 110 LSB | flags I_LOWx1
2026-09-17 11:39:28  [frame 5] 215/216 OK | I med 77.6 uA (9.9-167.1) | R med 0.0168 kohm | dV med 110 LSB | flags I_LOWx1
2026-09-17 11:39:57  [frame 6] 215/216 OK | I med 77.0 uA (9.2-167.4) | R med 0.0160 kohm | dV med 111 LSB | flags I_LOWx1
2026-09-17 11:40:25  [frame 7] 215/216 OK | I med 77.0 uA (9.0-166.5) | R med 0.0154 kohm | dV med 110 LSB | flags I_LOWx1
2026-09-17 11:40:53  [frame 8] 215/216 OK | I med 77.0 uA (9.1-167.0) | R med 0.0193 kohm | dV med 114 LSB | flags I_LOWx1
2026-09-17 11:41:21  [frame 9] 215/216 OK | I med 76.8 uA (9.5-167.1) | R med 0.0157 kohm | dV med 112 LSB | flags I_LOWx1
2026-09-17 11:41:50  [frame 10] 215/216 OK | I med 77.7 uA (9.5-167.4) | R med 0.0174 kohm | dV med 113 LSB | flags I_LOWx1
2026-09-17 11:41:50  No reconstruction: This run is the session baseline; it has nothing to differ from.
2026-09-17 11:41:50  This run is now the session baseline (20260917-113445-saline-v2-dac-400-30-ms-16-5-10).
2026-09-17 11:41:50  Finished. Run saved to scans\runs\20260917-113445-saline-v2-dac-400-30-ms-16-5-10
2026-09-17 11:41:50    Frames captured: 10
2026-09-17 11:41:50    Reciprocity: median 93.0%  max 100.0%  sign flips 22/53
2026-09-17 11:41:50    Noise floor: median pair sd 0.00189 kohm (12.24%)  max 0.18293 kohm over 107 pairs
2026-09-17 11:41:50  Indexed in scans\index.csv
2026-09-17 11:42:55  Connecting to COM12...
2026-09-17 11:42:55  Configuring instrument...

------------------------------------------------------------------------
2026-09-17 11:42:55  Run 20260917-114255-saline-v2-dac-400-30-ms-16-5-10
2026-09-17 11:42:55  Conditions: medium=Saline Tank saline=None g/L grounding=grounded fill=None mm temp=None C
2026-09-17 11:42:55  Recording to scans\runs\20260917-114255-saline-v2-dac-400-30-ms-16-5-10
2026-09-17 11:43:23  [warmup 1/5] 216/216 OK | I med 76.4 uA (13.2-164.5) | R med 0.0167 kohm | dV med 111 LSB
2026-09-17 11:43:51  [warmup 2/5] 216/216 OK | I med 76.9 uA (10.3-165.9) | R med 0.0161 kohm | dV med 107 LSB
2026-09-17 11:44:20  [warmup 3/5] 216/216 OK | I med 76.4 uA (10.3-166.1) | R med 0.0178 kohm | dV med 116 LSB
2026-09-17 11:44:48  [warmup 4/5] 216/216 OK | I med 76.7 uA (10.1-165.9) | R med 0.0167 kohm | dV med 112 LSB
2026-09-17 11:45:16  [warmup 5/5] 216/216 OK | I med 76.7 uA (10.4-166.1) | R med 0.0187 kohm | dV med 113 LSB
2026-09-17 11:45:44  [frame 1] 216/216 OK | I med 76.8 uA (10.9-165.3) | R med 0.0163 kohm | dV med 107 LSB
2026-09-17 11:46:13  [frame 2] 216/216 OK | I med 76.5 uA (10.5-166.1) | R med 0.0170 kohm | dV med 111 LSB
2026-09-17 11:46:41  [frame 3] 215/216 OK | I med 77.0 uA (9.9-165.3) | R med 0.0149 kohm | dV med 109 LSB | flags I_LOWx1
2026-09-17 11:47:09  [frame 4] 216/216 OK | I med 76.6 uA (10.5-166.1) | R med 0.0155 kohm | dV med 113 LSB QUANTISATION LIMITED (11/108 pairs under 4)
2026-09-17 11:47:38  [frame 5] 216/216 OK | I med 76.6 uA (10.4-166.3) | R med 0.0183 kohm | dV med 113 LSB
2026-09-17 11:48:06  [frame 6] 216/216 OK | I med 75.8 uA (10.6-166.1) | R med 0.0173 kohm | dV med 112 LSB
2026-09-17 11:48:34  [frame 7] 216/216 OK | I med 76.0 uA (10.3-166.0) | R med 0.0182 kohm | dV med 112 LSB QUANTISATION LIMITED (11/108 pairs under 4)
2026-09-17 11:49:03  [frame 8] 216/216 OK | I med 75.9 uA (11.5-166.2) | R med 0.0165 kohm | dV med 111 LSB
2026-09-17 11:49:31  [frame 9] 216/216 OK | I med 76.2 uA (10.9-165.8) | R med 0.0164 kohm | dV med 112 LSB
2026-09-17 11:49:59  [frame 10] 216/216 OK | I med 75.7 uA (11.4-166.2) | R med 0.0167 kohm | dV med 113 LSB
2026-09-17 11:50:01  Reconstruction: Peak -3.636e+00 at 150 deg  |  pairs 107/108 [best-effort]  |  2.7x the noise image
2026-09-17 11:50:01  Finished. Run saved to scans\runs\20260917-114255-saline-v2-dac-400-30-ms-16-5-10
2026-09-17 11:50:01    Frames captured: 10
2026-09-17 11:50:01    Reciprocity: median 92.9%  max 100.0%  sign flips 23/54
2026-09-17 11:50:01    Noise floor: median pair sd 0.00180 kohm (10.68%)  max 0.18835 kohm over 108 pairs
2026-09-17 11:50:01  Indexed in scans\index.csv
2026-09-17 11:56:12  Baseline cleared; the next run will become the new baseline.
2026-09-17 11:56:26  Connecting to COM12...
2026-09-17 11:56:26  Configuring instrument...

------------------------------------------------------------------------
2026-09-17 11:56:26  Run 20260917-115626-saline-v2-dac-400-30-ms-16-5-10-2nd-run
2026-09-17 11:56:26  Conditions: medium=Saline Tank saline=None g/L grounding=grounded fill=None mm temp=None C
2026-09-17 11:56:26  Recording to scans\runs\20260917-115626-saline-v2-dac-400-30-ms-16-5-10-2nd-run
2026-09-17 11:56:54  [warmup 1/5] 216/216 OK | I med 75.3 uA (13.9-162.9) | R med 0.0162 kohm | dV med 108 LSB
2026-09-17 11:57:23  [warmup 2/5] 216/216 OK | I med 75.9 uA (12.1-164.1) | R med 0.0145 kohm | dV med 108 LSB
2026-09-17 11:57:51  [warmup 3/5] 216/216 OK | I med 76.2 uA (11.7-164.9) | R med 0.0148 kohm | dV med 108 LSB
2026-09-17 11:58:19  [warmup 4/5] 216/216 OK | I med 76.1 uA (12.1-164.7) | R med 0.0138 kohm | dV med 108 LSB
2026-09-17 11:58:48  [warmup 5/5] 216/216 OK | I med 76.0 uA (11.8-164.9) | R med 0.0166 kohm | dV med 109 LSB
2026-09-17 11:59:16  [frame 1] 216/216 OK | I med 76.0 uA (12.0-164.2) | R med 0.0164 kohm | dV med 108 LSB
2026-09-17 11:59:44  [frame 2] 216/216 OK | I med 76.0 uA (12.0-164.9) | R med 0.0172 kohm | dV med 108 LSB
2026-09-17 12:00:12  [frame 3] 216/216 OK | I med 75.9 uA (12.1-165.5) | R med 0.0168 kohm | dV med 107 LSB
2026-09-17 12:00:41  [frame 4] 216/216 OK | I med 76.1 uA (12.5-165.3) | R med 0.0159 kohm | dV med 104 LSB
2026-09-17 12:01:09  [frame 5] 216/216 OK | I med 75.9 uA (11.5-165.3) | R med 0.0152 kohm | dV med 106 LSB
2026-09-17 12:01:37  [frame 6] 216/216 OK | I med 75.9 uA (11.9-164.5) | R med 0.0156 kohm | dV med 108 LSB
2026-09-17 12:02:06  [frame 7] 216/216 OK | I med 76.0 uA (12.8-164.3) | R med 0.0174 kohm | dV med 106 LSB
2026-09-17 12:02:34  [frame 8] 216/216 OK | I med 75.5 uA (11.7-164.8) | R med 0.0171 kohm | dV med 106 LSB
2026-09-17 12:03:02  [frame 9] 216/216 OK | I med 75.8 uA (12.1-164.9) | R med 0.0165 kohm | dV med 106 LSB
2026-09-17 12:03:31  [frame 10] 216/216 OK | I med 75.4 uA (11.7-165.3) | R med 0.0150 kohm | dV med 105 LSB
2026-09-17 12:03:31  No reconstruction: This run is the session baseline; it has nothing to differ from.
2026-09-17 12:03:31  This run is now the session baseline (20260917-115626-saline-v2-dac-400-30-ms-16-5-10-2nd-run).
2026-09-17 12:03:31  Finished. Run saved to scans\runs\20260917-115626-saline-v2-dac-400-30-ms-16-5-10-2nd-run
2026-09-17 12:03:31    Frames captured: 10
2026-09-17 12:03:31    Reciprocity: median 93.2%  max 100.0%  sign flips 25/54
2026-09-17 12:03:31    Noise floor: median pair sd 0.00190 kohm (11.41%)  max 0.06782 kohm over 108 pairs
2026-09-17 12:03:31  Indexed in scans\index.csv
2026-09-17 12:04:04  Connecting to COM12...
2026-09-17 12:04:04  Configuring instrument...

------------------------------------------------------------------------
2026-09-17 12:04:04  Run 20260917-120404-saline-v2-dac-400-30-ms-16-5-10-2nd-run
2026-09-17 12:04:04  Conditions: medium=Saline Tank saline=None g/L grounding=grounded fill=None mm temp=None C
2026-09-17 12:04:04  Recording to scans\runs\20260917-120404-saline-v2-dac-400-30-ms-16-5-10-2nd-run
2026-09-17 12:04:33  [warmup 1/5] 216/216 OK | I med 75.1 uA (14.0-163.4) | R med 0.0161 kohm | dV med 102 LSB
2026-09-17 12:05:01  [warmup 2/5] 216/216 OK | I med 75.1 uA (12.7-163.9) | R med 0.0179 kohm | dV med 97 LSB
2026-09-17 12:05:29  [warmup 3/5] 216/216 OK | I med 75.1 uA (12.4-164.7) | R med 0.0167 kohm | dV med 97 LSB
2026-09-17 12:05:57  [warmup 4/5] 216/216 OK | I med 74.7 uA (12.5-164.9) | R med 0.0170 kohm | dV med 100 LSB
2026-09-17 12:06:26  [warmup 5/5] 216/216 OK | I med 74.7 uA (11.7-164.9) | R med 0.0168 kohm | dV med 101 LSB
2026-09-17 12:06:54  [frame 1] 216/216 OK | I med 74.5 uA (11.9-164.2) | R med 0.0180 kohm | dV med 101 LSB
2026-09-17 12:07:22  [frame 2] 216/216 OK | I med 74.5 uA (12.8-164.2) | R med 0.0175 kohm | dV med 98 LSB
2026-09-17 12:07:51  [frame 3] 216/216 OK | I med 74.4 uA (12.1-164.5) | R med 0.0169 kohm | dV med 98 LSB
2026-09-17 12:08:19  [frame 4] 216/216 OK | I med 74.5 uA (12.1-164.2) | R med 0.0183 kohm | dV med 98 LSB
2026-09-17 12:08:47  [frame 5] 216/216 OK | I med 74.2 uA (12.0-164.3) | R med 0.0192 kohm | dV med 92 LSB
2026-09-17 12:09:16  [frame 6] 216/216 OK | I med 74.2 uA (12.4-163.8) | R med 0.0177 kohm | dV med 95 LSB
2026-09-17 12:09:44  [frame 7] 216/216 OK | I med 73.8 uA (11.8-163.5) | R med 0.0160 kohm | dV med 96 LSB
2026-09-17 12:10:12  [frame 8] 216/216 OK | I med 73.5 uA (12.7-164.5) | R med 0.0179 kohm | dV med 101 LSB
2026-09-17 12:10:41  [frame 9] 216/216 OK | I med 73.8 uA (12.0-164.4) | R med 0.0165 kohm | dV med 100 LSB
2026-09-17 12:11:09  [frame 10] 216/216 OK | I med 73.3 uA (12.4-163.3) | R med 0.0175 kohm | dV med 97 LSB
2026-09-17 12:11:11  Reconstruction: Peak -1.711e+00 at 120 deg  |  pairs 108/108 [ok]  |  3.7x the noise image
2026-09-17 12:11:11  Finished. Run saved to scans\runs\20260917-120404-saline-v2-dac-400-30-ms-16-5-10-2nd-run
2026-09-17 12:11:11    Frames captured: 10
2026-09-17 12:11:11    Reciprocity: median 93.6%  max 100.0%  sign flips 26/54
2026-09-17 12:11:11    Noise floor: median pair sd 0.00221 kohm (12.00%)  max 0.08113 kohm over 108 pairs
2026-09-17 12:11:11  Indexed in scans\index.csv
2026-09-17 12:12:56  Baseline cleared; the next run will become the new baseline.
2026-09-17 12:13:02  Connecting to COM12...
2026-09-17 12:13:02  Configuring instrument...

------------------------------------------------------------------------
2026-09-17 12:13:02  Run 20260917-121302-saline-v2-dac-400-30-ms-16-5-10-3rd-run
2026-09-17 12:13:02  Conditions: medium=Saline Tank saline=None g/L grounding=unknown fill=None mm temp=None C
2026-09-17 12:13:02  Recording to scans\runs\20260917-121302-saline-v2-dac-400-30-ms-16-5-10-3rd-run
2026-09-17 12:13:30  [warmup 1/5] 216/216 OK | I med 74.8 uA (13.7-161.0) | R med 0.0164 kohm | dV med 108 LSB
2026-09-17 12:13:59  [warmup 2/5] 216/216 OK | I med 74.4 uA (13.0-162.6) | R med 0.0179 kohm | dV med 102 LSB
2026-09-17 12:14:27  [warmup 3/5] 216/216 OK | I med 73.7 uA (12.8-163.0) | R med 0.0179 kohm | dV med 105 LSB
2026-09-17 12:14:55  [warmup 4/5] 216/216 OK | I med 73.9 uA (12.0-163.4) | R med 0.0173 kohm | dV med 106 LSB
2026-09-17 12:15:23  [warmup 5/5] 216/216 OK | I med 73.8 uA (12.2-163.5) | R med 0.0189 kohm | dV med 106 LSB
2026-09-17 12:15:52  [frame 1] 216/216 OK | I med 74.9 uA (12.8-164.2) | R med 0.0322 kohm | dV med 231 LSB
2026-09-17 12:16:20  [frame 2] 193/216 OK | I med 86.3 uA (3.1-163.3) | R med 0.0179 kohm | dV med 107 LSB | flags I_LOWx23
2026-09-17 12:16:48  [frame 3] 216/216 OK | I med 62.7 uA (10.8-161.8) | R med 0.0469 kohm | dV med 164 LSB
2026-09-17 12:17:17  [frame 4] 216/216 OK | I med 75.1 uA (13.5-163.0) | R med 0.0188 kohm | dV med 102 LSB QUANTISATION LIMITED (12/108 pairs under 4)
2026-09-17 12:17:45  [frame 5] 216/216 OK | I med 74.3 uA (12.9-163.1) | R med 0.0186 kohm | dV med 103 LSB
2026-09-17 12:18:13  [frame 6] 216/216 OK | I med 74.1 uA (12.8-162.4) | R med 0.0180 kohm | dV med 103 LSB QUANTISATION LIMITED (12/108 pairs under 4)
2026-09-17 12:18:42  [frame 7] 216/216 OK | I med 74.1 uA (12.8-163.3) | R med 0.0183 kohm | dV med 102 LSB
2026-09-17 12:19:10  [frame 8] 216/216 OK | I med 73.7 uA (12.8-162.9) | R med 0.0178 kohm | dV med 100 LSB QUANTISATION LIMITED (11/108 pairs under 4)
2026-09-17 12:19:38  [frame 9] 216/216 OK | I med 73.6 uA (12.9-163.0) | R med 0.0191 kohm | dV med 102 LSB QUANTISATION LIMITED (11/108 pairs under 4)
2026-09-17 12:20:07  [frame 10] 216/216 OK | I med 73.8 uA (12.8-163.4) | R med 0.0192 kohm | dV med 101 LSB
2026-09-17 12:20:07  No reconstruction: This run is the session baseline; it has nothing to differ from.
2026-09-17 12:20:07  This run is now the session baseline (20260917-121302-saline-v2-dac-400-30-ms-16-5-10-3rd-run).
2026-09-17 12:20:07  Finished. Run saved to scans\runs\20260917-121302-saline-v2-dac-400-30-ms-16-5-10-3rd-run
2026-09-17 12:20:07    Frames captured: 10
2026-09-17 12:20:07    Reciprocity: median 95.4%  max 100.0%  sign flips 23/54
2026-09-17 12:20:07    Noise floor: median pair sd 0.01703 kohm (45.54%)  max 12.23985 kohm over 108 pairs
2026-09-17 12:20:07  Indexed in scans\index.csv
2026-09-17 12:20:39  Baseline cleared; the next run will become the new baseline.
2026-09-17 12:20:49  Connecting to COM12...
2026-09-17 12:20:49  Configuring instrument...

------------------------------------------------------------------------
2026-09-17 12:20:49  Run 20260917-122049-saline-v2-dac-400-30-ms-16-5-10-4th-run
2026-09-17 12:20:49  Conditions: medium=Saline Tank saline=None g/L grounding=unknown fill=None mm temp=None C
2026-09-17 12:20:49  Recording to scans\runs\20260917-122049-saline-v2-dac-400-30-ms-16-5-10-4th-run
2026-09-17 12:21:18  [warmup 1/5] 216/216 OK | I med 74.2 uA (13.6-160.4) | R med 0.0160 kohm | dV med 102 LSB
2026-09-17 12:21:46  [warmup 2/5] 216/216 OK | I med 73.8 uA (13.1-162.3) | R med 0.0186 kohm | dV med 100 LSB QUANTISATION LIMITED (11/108 pairs under 4)
2026-09-17 12:22:14  [warmup 3/5] 216/216 OK | I med 73.2 uA (12.9-161.4) | R med 0.0187 kohm | dV med 100 LSB QUANTISATION LIMITED (12/108 pairs under 4)
2026-09-17 12:22:42  [warmup 4/5] 216/216 OK | I med 73.1 uA (12.3-162.1) | R med 0.0191 kohm | dV med 95 LSB QUANTISATION LIMITED (11/108 pairs under 4)
2026-09-17 12:23:11  [warmup 5/5] 216/216 OK | I med 72.8 uA (13.2-163.0) | R med 0.0192 kohm | dV med 99 LSB
2026-09-17 12:23:39  [frame 1] 216/216 OK | I med 72.3 uA (12.7-162.4) | R med 0.0169 kohm | dV med 93 LSB
2026-09-17 12:24:07  [frame 2] 216/216 OK | I med 72.7 uA (12.8-161.6) | R med 0.0189 kohm | dV med 98 LSB
2026-09-17 12:24:36  [frame 3] 216/216 OK | I med 72.3 uA (13.1-161.7) | R med 0.0172 kohm | dV med 98 LSB
2026-09-17 12:25:04  [frame 4] 216/216 OK | I med 72.6 uA (12.7-163.3) | R med 0.0201 kohm | dV med 98 LSB
2026-09-17 12:25:32  [frame 5] 216/216 OK | I med 72.9 uA (12.9-162.1) | R med 0.0167 kohm | dV med 95 LSB
2026-09-17 12:26:01  [frame 6] 216/216 OK | I med 72.4 uA (12.3-162.3) | R med 0.0191 kohm | dV med 99 LSB
2026-09-17 12:26:29  [frame 7] 216/216 OK | I med 72.7 uA (12.1-162.5) | R med 0.0174 kohm | dV med 92 LSB
2026-09-17 12:26:57  [frame 8] 216/216 OK | I med 72.4 uA (13.1-161.9) | R med 0.0170 kohm | dV med 99 LSB QUANTISATION LIMITED (12/108 pairs under 4)
2026-09-17 12:27:26  [frame 9] 216/216 OK | I med 71.9 uA (12.0-162.6) | R med 0.0172 kohm | dV med 96 LSB
2026-09-17 12:27:54  [frame 10] 216/216 OK | I med 72.3 uA (12.9-162.1) | R med 0.0188 kohm | dV med 102 LSB
2026-09-17 12:27:54  No reconstruction: This run is the session baseline; it has nothing to differ from.
2026-09-17 12:27:54  This run is now the session baseline (20260917-122049-saline-v2-dac-400-30-ms-16-5-10-4th-run).
2026-09-17 12:27:54  Finished. Run saved to scans\runs\20260917-122049-saline-v2-dac-400-30-ms-16-5-10-4th-run
2026-09-17 12:27:54    Frames captured: 10
2026-09-17 12:27:54    Reciprocity: median 93.7%  max 100.0%  sign flips 30/54
2026-09-17 12:27:54    Noise floor: median pair sd 0.00229 kohm (11.83%)  max 0.07661 kohm over 108 pairs
2026-09-17 12:27:54  Indexed in scans\index.csv
2026-09-17 12:28:46  Connecting to COM12...
2026-09-17 12:28:46  Configuring instrument...

------------------------------------------------------------------------
2026-09-17 12:28:46  Run 20260917-122846-saline-v2-dac-400-30-ms-16-5-10-4th-run
2026-09-17 12:28:46  Conditions: medium=Saline Tank saline=None g/L grounding=unknown fill=None mm temp=None C
2026-09-17 12:28:46  Recording to scans\runs\20260917-122846-saline-v2-dac-400-30-ms-16-5-10-4th-run
2026-09-17 12:29:14  [warmup 1/5] 216/216 OK | I med 73.8 uA (13.9-160.6) | R med 0.0155 kohm | dV med 109 LSB
2026-09-17 12:29:43  [warmup 2/5] 216/216 OK | I med 73.3 uA (12.9-161.3) | R med 0.0178 kohm | dV med 101 LSB
2026-09-17 12:30:11  [warmup 3/5] 216/216 OK | I med 72.6 uA (13.0-161.9) | R med 0.0181 kohm | dV med 100 LSB QUANTISATION LIMITED (12/108 pairs under 4)
2026-09-17 12:30:39  [warmup 4/5] 216/216 OK | I med 72.7 uA (12.3-161.9) | R med 0.0178 kohm | dV med 98 LSB
2026-09-17 12:31:08  [warmup 5/5] 216/216 OK | I med 72.6 uA (13.1-162.8) | R med 0.0174 kohm | dV med 97 LSB
2026-09-17 12:31:36  [frame 1] 216/216 OK | I med 72.8 uA (12.4-162.4) | R med 0.0183 kohm | dV med 98 LSB
2026-09-17 12:32:04  [frame 2] 216/216 OK | I med 72.5 uA (12.4-161.7) | R med 0.0161 kohm | dV med 95 LSB
2026-09-17 12:32:32  [frame 3] 216/216 OK | I med 73.1 uA (12.6-162.9) | R med 0.0152 kohm | dV med 96 LSB
2026-09-17 12:33:01  [frame 4] 216/216 OK | I med 72.9 uA (12.9-161.8) | R med 0.0170 kohm | dV med 102 LSB
2026-09-17 12:33:29  [frame 5] 216/216 OK | I med 72.8 uA (12.9-162.6) | R med 0.0167 kohm | dV med 97 LSB
2026-09-17 12:33:57  [frame 6] 216/216 OK | I med 72.7 uA (12.2-162.6) | R med 0.0174 kohm | dV med 92 LSB
2026-09-17 12:34:26  [frame 7] 216/216 OK | I med 72.6 uA (12.5-162.5) | R med 0.0152 kohm | dV med 98 LSB
2026-09-17 12:34:54  [frame 8] 216/216 OK | I med 72.7 uA (13.7-162.5) | R med 0.0179 kohm | dV med 99 LSB
2026-09-17 12:35:22  [frame 9] 216/216 OK | I med 72.5 uA (13.2-162.2) | R med 0.0168 kohm | dV med 95 LSB
2026-09-17 12:35:51  [frame 10] 216/216 OK | I med 72.7 uA (13.2-162.6) | R med 0.0157 kohm | dV med 98 LSB
2026-09-17 12:35:53  Reconstruction: Peak +1.050e+00 at 136 deg  |  pairs 108/108 [ok]  |  3.7x the noise image
2026-09-17 12:35:53  Finished. Run saved to scans\runs\20260917-122846-saline-v2-dac-400-30-ms-16-5-10-4th-run
2026-09-17 12:35:53    Frames captured: 10
2026-09-17 12:35:53    Reciprocity: median 95.4%  max 100.0%  sign flips 29/54
2026-09-17 12:35:53    Noise floor: median pair sd 0.00244 kohm (11.73%)  max 0.07393 kohm over 108 pairs
2026-09-17 12:35:53  Indexed in scans\index.csv
2026-09-17 12:36:09  Baseline cleared; the next run will become the new baseline.

------------------------------------------------------------------------
2026-09-17 12:46:15  Session ended

------------------------------------------------------------------------
2026-09-17 12:46:31  Session started (hardware)
2026-09-17 12:46:31  Scans folder: C:\Users\Vidad\Documents\THESIS-PALAYAIN\scans
2026-09-17 12:46:31  44 scan(s) already recorded here.
2026-09-17 12:46:31  Ready. Settings are saved on exit.
2026-09-17 12:50:11  Connecting to COM12...
2026-09-17 12:50:11  Configuring instrument...

------------------------------------------------------------------------
2026-09-17 12:50:11  Run 20260917-125011-5th-2nd-saline
2026-09-17 12:50:11  Conditions: medium=saline tank saline=None g/L grounding=unknown fill=None mm temp=None C
2026-09-17 12:50:11  Recording to scans\runs\20260917-125011-5th-2nd-saline
2026-09-17 12:50:39  [warmup 1/5] 216/216 OK | I med 77.4 uA (14.4-157.9) | R med 0.0137 kohm | dV med 84 LSB
2026-09-17 12:51:08  [warmup 2/5] 216/216 OK | I med 76.6 uA (13.2-160.2) | R med 0.0135 kohm | dV med 79 LSB
2026-09-17 12:51:36  [warmup 3/5] 216/216 OK | I med 76.4 uA (12.7-160.1) | R med 0.0145 kohm | dV med 81 LSB
2026-09-17 12:52:04  [warmup 4/5] 216/216 OK | I med 76.3 uA (13.7-160.7) | R med 0.0146 kohm | dV med 78 LSB
2026-09-17 12:52:33  [warmup 5/5] 216/216 OK | I med 76.8 uA (13.2-161.3) | R med 0.0161 kohm | dV med 84 LSB
2026-09-17 12:53:01  [frame 1] 216/216 OK | I med 76.4 uA (12.7-161.0) | R med 0.0155 kohm | dV med 85 LSB
2026-09-17 12:53:29  [frame 2] 216/216 OK | I med 76.7 uA (13.2-161.4) | R med 0.0169 kohm | dV med 82 LSB
2026-09-17 12:54:25  [frame 3] 216/216 OK | I med 76.7 uA (13.2-162.6) | R med 0.0183 kohm | dV med 82 LSB
2026-09-17 12:55:21  [frame 4] 216/216 OK | I med 76.8 uA (12.8-160.8) | R med 0.0148 kohm | dV med 87 LSB
2026-09-17 12:56:17  [frame 5] 216/216 OK | I med 76.6 uA (13.0-161.4) | R med 0.0176 kohm | dV med 84 LSB
2026-09-17 12:57:05  [frame 6] 216/216 OK | I med 76.6 uA (13.2-162.6) | R med 0.0143 kohm | dV med 78 LSB
2026-09-17 12:57:24  [frame 7] 216/216 OK | I med 76.3 uA (12.8-161.8) | R med 0.0162 kohm | dV med 81 LSB
2026-09-17 12:57:42  [frame 8] 216/216 OK | I med 76.0 uA (12.9-160.6) | R med 0.0156 kohm | dV med 78 LSB
2026-09-17 12:57:59  [frame 9] 216/216 OK | I med 76.7 uA (12.5-161.6) | R med 0.0194 kohm | dV med 78 LSB
2026-09-17 12:58:16  [frame 10] 216/216 OK | I med 76.0 uA (12.7-161.8) | R med 0.0177 kohm | dV med 79 LSB
2026-09-17 12:58:32  No reconstruction: This run is the session baseline; it has nothing to differ from.
2026-09-17 12:58:32  This run is now the session baseline (20260917-125011-5th-2nd-saline).
2026-09-17 12:58:32  Finished. Run saved to scans\runs\20260917-125011-5th-2nd-saline
2026-09-17 12:58:32    Frames captured: 10
2026-09-17 12:58:32    Reciprocity: median 94.8%  max 100.0%  sign flips 29/54
2026-09-17 12:58:32    Noise floor: median pair sd 0.00217 kohm (13.46%)  max 0.06272 kohm over 108 pairs
2026-09-17 12:58:32  Indexed in scans\index.csv
2026-09-17 12:59:01  Connecting to COM12...
2026-09-17 12:59:01  Configuring instrument...

------------------------------------------------------------------------
2026-09-17 12:59:02  Run 20260917-125901-5th-2nd-saline
2026-09-17 12:59:02  Conditions: medium=saline tank saline=None g/L grounding=unknown fill=None mm temp=None C
2026-09-17 12:59:02  Recording to scans\runs\20260917-125901-5th-2nd-saline
2026-09-17 12:59:30  [warmup 1/5] 216/216 OK | I med 76.9 uA (13.8-159.0) | R med 0.0158 kohm | dV med 87 LSB
2026-09-17 12:59:58  [warmup 2/5] 216/216 OK | I med 76.5 uA (13.7-161.2) | R med 0.0155 kohm | dV med 82 LSB
2026-09-17 13:00:26  [warmup 3/5] 216/216 OK | I med 76.6 uA (13.2-161.5) | R med 0.0126 kohm | dV med 76 LSB
2026-09-17 13:00:55  [warmup 4/5] 216/216 OK | I med 76.6 uA (13.4-161.4) | R med 0.0151 kohm | dV med 80 LSB
2026-09-17 13:01:23  [warmup 5/5] 216/216 OK | I med 76.3 uA (13.3-161.4) | R med 0.0160 kohm | dV med 80 LSB
2026-09-17 13:01:51  [frame 1] 216/216 OK | I med 76.0 uA (13.3-161.8) | R med 0.0168 kohm | dV med 81 LSB
2026-09-17 13:02:20  [frame 2] 216/216 OK | I med 76.1 uA (13.0-161.0) | R med 0.0161 kohm | dV med 79 LSB
2026-09-17 13:02:48  [frame 3] 216/216 OK | I med 76.3 uA (13.6-161.2) | R med 0.0158 kohm | dV med 81 LSB
2026-09-17 13:03:16  [frame 4] 216/216 OK | I med 75.9 uA (12.9-161.7) | R med 0.0150 kohm | dV med 83 LSB
2026-09-17 13:03:37  Stopping after the frame in flight...
2026-09-17 13:03:45  [frame 5] 216/216 OK | I med 75.8 uA (13.3-161.4) | R med 0.0157 kohm | dV med 81 LSB
2026-09-17 13:04:03  Cancelled after 5 frame(s); the run is kept.
2026-09-17 13:04:05  Reconstruction: Peak -5.359e-01 at 117 deg  |  pairs 108/108 [ok]  |  1.2x noise - INDISTINGUISHABLE FROM NOISE
2026-09-17 13:04:05  Finished. Run saved to scans\runs\20260917-125901-5th-2nd-saline
2026-09-17 13:04:05    Frames captured: 5
2026-09-17 13:04:05    Reciprocity: median 94.6%  max 100.0%  sign flips 27/54
2026-09-17 13:04:05    Noise floor: median pair sd 0.00161 kohm (11.03%)  max 0.05548 kohm over 108 pairs
2026-09-17 13:04:05  Indexed in scans\index.csv
2026-09-17 13:04:13  Connecting to COM12...
2026-09-17 13:04:13  Configuring instrument...

------------------------------------------------------------------------
2026-09-17 13:04:13  Run 20260917-130413-5th-2nd-saline
2026-09-17 13:04:13  Conditions: medium=saline tank saline=None g/L grounding=unknown fill=None mm temp=None C
2026-09-17 13:04:13  Recording to scans\runs\20260917-130413-5th-2nd-saline
2026-09-17 13:04:41  [warmup 1/5] 216/216 OK | I med 76.6 uA (13.8-158.7) | R med 0.0149 kohm | dV med 75 LSB
2026-09-17 13:05:09  [warmup 2/5] 216/216 OK | I med 76.0 uA (13.6-161.2) | R med 0.0160 kohm | dV med 76 LSB
2026-09-17 13:05:38  [warmup 3/5] 216/216 OK | I med 76.0 uA (14.0-161.1) | R med 0.0155 kohm | dV med 88 LSB
2026-09-17 13:06:06  [warmup 4/5] 216/216 OK | I med 75.9 uA (13.3-161.4) | R med 0.0169 kohm | dV med 84 LSB
2026-09-17 13:06:34  [warmup 5/5] 216/216 OK | I med 76.2 uA (13.0-161.3) | R med 0.0156 kohm | dV med 82 LSB
2026-09-17 13:07:03  [frame 1] 216/216 OK | I med 75.9 uA (13.2-160.7) | R med 0.0161 kohm | dV med 78 LSB
2026-09-17 13:07:31  [frame 2] 216/216 OK | I med 76.1 uA (13.4-161.3) | R med 0.0164 kohm | dV med 86 LSB
2026-09-17 13:07:59  [frame 3] 216/216 OK | I med 75.7 uA (13.4-161.4) | R med 0.0147 kohm | dV med 74 LSB
2026-09-17 13:08:28  [frame 4] 216/216 OK | I med 76.2 uA (13.6-160.9) | R med 0.0163 kohm | dV med 82 LSB
2026-09-17 13:08:56  [frame 5] 216/216 OK | I med 75.9 uA (13.8-160.9) | R med 0.0154 kohm | dV med 82 LSB
2026-09-17 13:09:24  [frame 6] 216/216 OK | I med 76.2 uA (12.9-160.2) | R med 0.0162 kohm | dV med 87 LSB
2026-09-17 13:09:52  [frame 7] 216/216 OK | I med 75.9 uA (13.1-160.6) | R med 0.0143 kohm | dV med 84 LSB
2026-09-17 13:10:21  [frame 8] 216/216 OK | I med 75.9 uA (12.8-160.8) | R med 0.0147 kohm | dV med 81 LSB
2026-09-17 13:10:49  [frame 9] 216/216 OK | I med 75.9 uA (13.2-161.0) | R med 0.0148 kohm | dV med 79 LSB
2026-09-17 13:11:17  [frame 10] 216/216 OK | I med 75.5 uA (13.2-161.4) | R med 0.0151 kohm | dV med 78 LSB
2026-09-17 13:11:19  Reconstruction: Peak -7.916e-01 at 119 deg  |  pairs 108/108 [ok]  |  1.8x noise - INDISTINGUISHABLE FROM NOISE
2026-09-17 13:11:19  Finished. Run saved to scans\runs\20260917-130413-5th-2nd-saline
2026-09-17 13:11:19    Frames captured: 10
2026-09-17 13:11:19    Reciprocity: median 94.0%  max 100.0%  sign flips 28/54
2026-09-17 13:11:19    Noise floor: median pair sd 0.00205 kohm (12.37%)  max 0.05448 kohm over 108 pairs
2026-09-17 13:11:19  Indexed in scans\index.csv

------------------------------------------------------------------------
2026-09-17 13:42:29  Session ended

------------------------------------------------------------------------
2026-09-17 13:54:17  Session started (hardware)
2026-09-17 13:54:17  Scans folder: C:\Users\Vidad\Documents\THESIS-PALAYAIN\scans
2026-09-17 13:54:17  47 scan(s) already recorded here.
2026-09-17 13:54:17  Ready. Settings are saved on exit.
2026-09-17 13:57:58  Connecting to COM12...
2026-09-17 13:57:58  Configuring instrument...

------------------------------------------------------------------------
2026-09-17 13:57:58  Run 20260917-135758-saline-6th-400
2026-09-17 13:57:58  Conditions: medium=saline tank saline=None g/L grounding=unknown fill=None mm temp=None C
2026-09-17 13:57:58  Recording to scans\runs\20260917-135758-saline-6th-400
2026-09-17 13:58:27  [warmup 1/5] 216/216 OK | I med 75.5 uA (11.9-163.8) | R med 0.0260 kohm | dV med 101 LSB
2026-09-17 13:58:55  [warmup 2/5] 216/216 OK | I med 75.3 uA (10.1-167.5) | R med 0.0283 kohm | dV med 83 LSB
2026-09-17 13:59:23  [warmup 3/5] 215/216 OK | I med 75.0 uA (9.2-167.3) | R med 0.0251 kohm | dV med 86 LSB | flags I_LOWx1
2026-09-17 13:59:52  [warmup 4/5] 215/216 OK | I med 75.5 uA (9.6-168.8) | R med 0.0265 kohm | dV med 90 LSB | flags I_LOWx1
2026-09-17 14:00:20  [warmup 5/5] 215/216 OK | I med 75.9 uA (9.2-169.5) | R med 0.0350 kohm | dV med 89 LSB | flags I_LOWx1
2026-09-17 14:00:48  [frame 1] 215/216 OK | I med 75.5 uA (8.5-169.4) | R med 0.0338 kohm | dV med 93 LSB | flags I_LOWx1
2026-09-17 14:01:17  [frame 2] 215/216 OK | I med 75.4 uA (8.7-169.7) | R med 0.0282 kohm | dV med 90 LSB | flags I_LOWx1
2026-09-17 14:01:45  [frame 3] 215/216 OK | I med 75.8 uA (8.4-170.1) | R med 0.0305 kohm | dV med 99 LSB | flags I_LOWx1
2026-09-17 14:02:13  [frame 4] 215/216 OK | I med 75.5 uA (8.0-170.3) | R med 0.0297 kohm | dV med 96 LSB | flags I_LOWx1
2026-09-17 14:02:41  [frame 5] 215/216 OK | I med 75.5 uA (8.4-170.1) | R med 0.0310 kohm | dV med 96 LSB | flags I_LOWx1
2026-09-17 14:03:10  [frame 6] 215/216 OK | I med 75.5 uA (7.7-170.1) | R med 0.0267 kohm | dV med 96 LSB | flags I_LOWx1
2026-09-17 14:03:38  [frame 7] 215/216 OK | I med 75.7 uA (7.3-170.6) | R med 0.0281 kohm | dV med 95 LSB | flags I_LOWx1
2026-09-17 14:04:06  [frame 8] 215/216 OK | I med 74.9 uA (7.7-170.5) | R med 0.0315 kohm | dV med 101 LSB | flags I_LOWx1
2026-09-17 14:04:35  [frame 9] 215/216 OK | I med 75.3 uA (7.6-170.1) | R med 0.0320 kohm | dV med 95 LSB | flags I_LOWx1
2026-09-17 14:05:03  [frame 10] 215/216 OK | I med 75.3 uA (8.0-170.1) | R med 0.0315 kohm | dV med 104 LSB | flags I_LOWx1
2026-09-17 14:05:22  No reconstruction: This run is the session baseline; it has nothing to differ from.
2026-09-17 14:05:23  Baseline control image saved to scans\runs\20260917-135758-saline-6th-400\control.png
2026-09-17 14:05:23  This run is now the session baseline (20260917-135758-saline-6th-400).
2026-09-17 14:05:23  Finished. Run saved to scans\runs\20260917-135758-saline-6th-400
2026-09-17 14:05:23    Frames captured: 10
2026-09-17 14:05:23    Reciprocity: median 91.4%  max 100.0%  sign flips 26/53
2026-09-17 14:05:23    Noise floor: median pair sd 0.00583 kohm (20.27%)  max 1.27741 kohm over 107 pairs
2026-09-17 14:05:23  Indexed in scans\index.csv
2026-09-17 14:05:47  Connecting to COM12...
2026-09-17 14:05:47  Configuring instrument...

------------------------------------------------------------------------
2026-09-17 14:05:47  Run 20260917-140547-saline-6th-400
2026-09-17 14:05:47  Conditions: medium=saline tank saline=None g/L grounding=unknown fill=None mm temp=None C
2026-09-17 14:05:47  Recording to scans\runs\20260917-140547-saline-6th-400
2026-09-17 14:06:15  [warmup 1/5] 215/216 OK | I med 76.3 uA (9.3-166.1) | R med 0.0249 kohm | dV med 110 LSB | flags I_LOWx1
2026-09-17 14:06:44  [warmup 2/5] 215/216 OK | I med 75.1 uA (8.9-168.5) | R med 0.0280 kohm | dV med 100 LSB | flags I_LOWx1
2026-09-17 14:07:12  [warmup 3/5] 215/216 OK | I med 75.4 uA (7.9-169.5) | R med 0.0302 kohm | dV med 101 LSB | flags I_LOWx1
2026-09-17 14:07:40  [warmup 4/5] 215/216 OK | I med 75.2 uA (7.7-169.5) | R med 0.0283 kohm | dV med 106 LSB | flags I_LOWx1
2026-09-17 14:08:09  [warmup 5/5] 215/216 OK | I med 75.4 uA (7.6-169.3) | R med 0.0292 kohm | dV med 96 LSB | flags I_LOWx1
2026-09-17 14:08:37  [frame 1] 215/216 OK | I med 75.2 uA (7.3-169.8) | R med 0.0352 kohm | dV med 97 LSB | flags I_LOWx1
2026-09-17 14:09:05  [frame 2] 215/216 OK | I med 75.1 uA (6.9-169.7) | R med 0.0323 kohm | dV med 102 LSB | flags I_LOWx1
2026-09-17 14:09:33  [frame 3] 215/216 OK | I med 75.2 uA (6.4-170.4) | R med 0.0370 kohm | dV med 97 LSB | flags I_LOWx1
2026-09-17 14:10:02  [frame 4] 215/216 OK | I med 75.4 uA (6.9-170.5) | R med 0.0310 kohm | dV med 104 LSB | flags I_LOWx1
2026-09-17 14:10:30  [frame 5] 215/216 OK | I med 74.7 uA (6.5-170.0) | R med 0.0364 kohm | dV med 104 LSB | flags I_LOWx1
2026-09-17 14:10:58  [frame 6] 215/216 OK | I med 75.3 uA (6.5-169.3) | R med 0.0320 kohm | dV med 106 LSB | flags I_LOWx1
2026-09-17 14:11:27  [frame 7] 215/216 OK | I med 75.0 uA (6.5-170.0) | R med 0.0353 kohm | dV med 104 LSB | flags I_LOWx1
2026-09-17 14:11:55  [frame 8] 215/216 OK | I med 75.1 uA (6.9-169.0) | R med 0.0319 kohm | dV med 100 LSB | flags I_LOWx1
2026-09-17 14:12:23  [frame 9] 215/216 OK | I med 75.1 uA (6.5-170.5) | R med 0.0327 kohm | dV med 106 LSB | flags I_LOWx1
2026-09-17 14:12:52  [frame 10] 215/216 OK | I med 75.2 uA (6.4-169.7) | R med 0.0279 kohm | dV med 99 LSB | flags I_LOWx1
2026-09-17 14:13:12  Reconstruction: Peak -5.705e+00 at 352 deg  |  pairs 107/108 [best-effort]  |  0.7x noise - INDISTINGUISHABLE FROM NOISE
2026-09-17 14:13:12  Finished. Run saved to scans\runs\20260917-140547-saline-6th-400
2026-09-17 14:13:12    Frames captured: 10
2026-09-17 14:13:12    Reciprocity: median 91.1%  max 100.0%  sign flips 27/53
2026-09-17 14:13:12    Noise floor: median pair sd 0.00583 kohm (15.43%)  max 1.17138 kohm over 107 pairs
2026-09-17 14:13:12  Indexed in scans\index.csv

------------------------------------------------------------------------
2026-09-17 16:02:56  Session ended

------------------------------------------------------------------------
2026-09-17 16:03:23  Session started (hardware)
2026-09-17 16:03:23  Scans folder: C:\Users\Vidad\Documents\THESIS-PALAYAIN\scans
2026-09-17 16:03:23  49 scan(s) already recorded here.
2026-09-17 16:03:23  Ready. Settings are saved on exit.

------------------------------------------------------------------------
2026-09-17 16:06:06  Session ended

------------------------------------------------------------------------
2026-09-17 16:06:26  Session started (hardware)
2026-09-17 16:06:26  Scans folder: C:\Users\Vidad\Documents\THESIS-PALAYAIN\scans
2026-09-17 16:06:26  49 scan(s) already recorded here.
2026-09-17 16:06:26  Ready. Settings are saved on exit.
2026-09-17 16:07:02  Connecting to COM12...
2026-09-17 16:07:02  Configuring instrument...

------------------------------------------------------------------------
2026-09-17 16:07:02  Run 20260917-160702-recep-check
2026-09-17 16:07:02  Conditions: medium=saline tank saline=None g/L grounding=unknown fill=None mm temp=None C
2026-09-17 16:07:02  Recording to scans\runs\20260917-160702-recep-check
2026-09-17 16:07:28  [warmup 1/5] 216/216 OK | I med 82.4 uA (17.2-175.7) | R med 0.0163 kohm | dV med 90 LSB
2026-09-17 16:07:56  [warmup 2/5] 216/216 OK | I med 80.3 uA (15.2-165.0) | R med 0.0142 kohm | dV med 78 LSB
2026-09-17 16:08:24  [warmup 3/5] 216/216 OK | I med 80.0 uA (14.9-164.8) | R med 0.0148 kohm | dV med 59 LSB
2026-09-17 16:08:53  [warmup 4/5] 216/216 OK | I med 79.8 uA (14.4-165.5) | R med 0.0198 kohm | dV med 72 LSB
2026-09-17 16:09:21  [warmup 5/5] 216/216 OK | I med 80.2 uA (13.7-166.0) | R med 0.0196 kohm | dV med 70 LSB
2026-09-17 16:09:49  [frame 1] 216/216 OK | I med 80.0 uA (13.4-165.1) | R med 0.0189 kohm | dV med 86 LSB
2026-09-17 16:10:16  [frame 2] 216/216 OK | I med 83.8 uA (13.6-187.5) | R med 0.0204 kohm | dV med 92 LSB
2026-09-17 16:11:15  [frame 3] 216/216 OK | I med 79.8 uA (13.2-166.1) | R med 0.0163 kohm | dV med 73 LSB
2026-09-17 16:12:04  [frame 4] 216/216 OK | I med 79.9 uA (13.7-165.1) | R med 0.0182 kohm | dV med 74 LSB
2026-09-17 16:12:37  [frame 5] 216/216 OK | I med 80.3 uA (13.4-165.7) | R med 0.0146 kohm | dV med 87 LSB
2026-09-17 16:13:33  [frame 6] 216/216 OK | I med 80.8 uA (13.1-166.2) | R med 0.0169 kohm | dV med 85 LSB

------------------------------------------------------------------------
2026-09-17 16:14:20  Session ended

------------------------------------------------------------------------
2026-09-17 16:14:35  Session started (hardware)
2026-09-17 16:14:35  Scans folder: C:\Users\Vidad\Documents\THESIS-PALAYAIN\scans
2026-09-17 16:14:35  50 scan(s) already recorded here.
2026-09-17 16:14:35  Ready. Settings are saved on exit.
2026-09-17 16:15:31  Connecting to COM12...
2026-09-17 16:15:31  Configuring instrument...

------------------------------------------------------------------------
2026-09-17 16:15:31  Run 20260917-161531-recept
2026-09-17 16:15:31  Conditions: medium=saline tank saline=None g/L grounding=unknown fill=None mm temp=None C
2026-09-17 16:15:31  Recording to scans\runs\20260917-161531-recept
2026-09-17 16:16:00  [warmup 1/5] 216/216 OK | I med 79.4 uA (14.5-162.3) | R med 0.0128 kohm | dV med 92 LSB
2026-09-17 16:16:28  [warmup 2/5] 216/216 OK | I med 78.9 uA (14.6-165.1) | R med 0.0147 kohm | dV med 81 LSB
2026-09-17 16:16:56  [warmup 3/5] 216/216 OK | I med 78.8 uA (13.6-165.3) | R med 0.0181 kohm | dV med 76 LSB
2026-09-17 16:17:24  [warmup 4/5] 216/216 OK | I med 79.1 uA (13.2-165.3) | R med 0.0162 kohm | dV med 81 LSB
2026-09-17 16:17:53  [warmup 5/5] 216/216 OK | I med 79.4 uA (12.3-165.0) | R med 0.0147 kohm | dV med 71 LSB
2026-09-17 16:18:21  [frame 1] 216/216 OK | I med 78.7 uA (12.8-164.7) | R med 0.0158 kohm | dV med 69 LSB
2026-09-17 16:18:49  [frame 2] 216/216 OK | I med 79.4 uA (13.1-164.7) | R med 0.0181 kohm | dV med 85 LSB
2026-09-17 16:19:18  [frame 3] 216/216 OK | I med 79.0 uA (12.9-165.4) | R med 0.0160 kohm | dV med 54 LSB
2026-09-17 16:19:46  [frame 4] 216/216 OK | I med 79.1 uA (12.6-164.2) | R med 0.0198 kohm | dV med 86 LSB
2026-09-17 16:20:14  [frame 5] 216/216 OK | I med 78.3 uA (13.0-164.2) | R med 0.0189 kohm | dV med 79 LSB
2026-09-17 16:20:43  [frame 6] 216/216 OK | I med 78.7 uA (12.3-163.8) | R med 0.0216 kohm | dV med 70 LSB
2026-09-17 16:21:11  [frame 7] 216/216 OK | I med 78.8 uA (12.4-163.9) | R med 0.0213 kohm | dV med 68 LSB
2026-09-17 16:21:39  [frame 8] 216/216 OK | I med 78.8 uA (12.4-163.9) | R med 0.0220 kohm | dV med 77 LSB
2026-09-17 16:22:07  [frame 9] 216/216 OK | I med 78.6 uA (12.8-163.9) | R med 0.0198 kohm | dV med 81 LSB
2026-09-17 16:22:36  [frame 10] 216/216 OK | I med 78.6 uA (12.8-164.2) | R med 0.0215 kohm | dV med 83 LSB
2026-09-17 16:22:56  No reconstruction: This run is the session baseline; it has nothing to differ from.
2026-09-17 16:22:57  Baseline control image saved to scans\runs\20260917-161531-recept\control.png
2026-09-17 16:22:57  This run is now the session baseline (20260917-161531-recept).
2026-09-17 16:22:57  Finished. Run saved to scans\runs\20260917-161531-recept
2026-09-17 16:22:57    Frames captured: 10
2026-09-17 16:22:57    Reciprocity: median 94.9%  max 100.0%  sign flips 33/54
2026-09-17 16:22:57    Noise floor: median pair sd 0.00232 kohm (15.35%)  max 0.09249 kohm over 108 pairs
2026-09-17 16:22:57  Indexed in scans\index.csv
2026-09-17 16:24:17  Connecting to COM12...
2026-09-17 16:24:17  Configuring instrument...

------------------------------------------------------------------------
2026-09-17 16:24:17  Run 20260917-162417-recept
2026-09-17 16:24:17  Conditions: medium=saline tank saline=None g/L grounding=unknown fill=None mm temp=None C
2026-09-17 16:24:17  Recording to scans\runs\20260917-162417-recept
2026-09-17 16:24:45  [warmup 1/5] 216/216 OK | I med 77.9 uA (13.9-160.6) | R med 0.0135 kohm | dV med 83 LSB
2026-09-17 16:25:13  [warmup 2/5] 216/216 OK | I med 77.3 uA (13.6-163.6) | R med 0.0172 kohm | dV med 65 LSB
2026-09-17 16:25:41  [warmup 3/5] 216/216 OK | I med 77.2 uA (12.4-164.1) | R med 0.0185 kohm | dV med 65 LSB
2026-09-17 16:26:10  [warmup 4/5] 216/216 OK | I med 77.2 uA (12.8-163.8) | R med 0.0169 kohm | dV med 66 LSB
2026-09-17 16:26:38  [warmup 5/5] 216/216 OK | I med 78.2 uA (12.3-163.8) | R med 0.0212 kohm | dV med 60 LSB
2026-09-17 16:27:06  [frame 1] 216/216 OK | I med 77.8 uA (12.0-163.3) | R med 0.0168 kohm | dV med 71 LSB
2026-09-17 16:27:35  [frame 2] 216/216 OK | I med 77.5 uA (12.6-162.5) | R med 0.0206 kohm | dV med 50 LSB
2026-09-17 16:28:03  [frame 3] 216/216 OK | I med 77.2 uA (12.0-162.6) | R med 0.0216 kohm | dV med 68 LSB
2026-09-17 16:28:31  [frame 4] 216/216 OK | I med 77.2 uA (12.2-162.9) | R med 0.0199 kohm | dV med 67 LSB
2026-09-17 16:29:00  [frame 5] 216/216 OK | I med 77.5 uA (11.9-163.3) | R med 0.0195 kohm | dV med 70 LSB
2026-09-17 16:29:28  [frame 6] 216/216 OK | I med 77.4 uA (12.2-163.4) | R med 0.0211 kohm | dV med 73 LSB
2026-09-17 16:29:56  [frame 7] 216/216 OK | I med 76.7 uA (11.5-163.0) | R med 0.0181 kohm | dV med 68 LSB
2026-09-17 16:30:25  [frame 8] 216/216 OK | I med 77.4 uA (11.8-162.3) | R med 0.0226 kohm | dV med 70 LSB
2026-09-17 16:30:53  [frame 9] 216/216 OK | I med 77.0 uA (11.8-157.5) | R med 0.0194 kohm | dV med 69 LSB
2026-09-17 16:31:21  [frame 10] 216/216 OK | I med 72.9 uA (11.5-152.7) | R med 0.0213 kohm | dV med 71 LSB
2026-09-17 16:31:37  No reconstruction: Reciprocity check failed, so no image was made (baseline: median reciprocity error 94.9% exceeds 10%; this run: median reciprocity error 95.8% exceeds 10%). Frames are saved. Fix reciprocity first, or tick the override to image anyway.
2026-09-17 16:31:37  Finished. Run saved to scans\runs\20260917-162417-recept
2026-09-17 16:31:37    Frames captured: 10
2026-09-17 16:31:37    Reciprocity: median 95.8%  max 100.0%  sign flips 31/54
2026-09-17 16:31:37    Noise floor: median pair sd 0.00245 kohm (14.08%)  max 0.09411 kohm over 108 pairs
2026-09-17 16:31:37  Indexed in scans\index.csv
2026-09-17 16:47:43  Baseline cleared; the next run will become the new baseline.
2026-09-17 16:47:49  Connecting to COM12...
2026-09-17 16:47:49  Configuring instrument...

------------------------------------------------------------------------
2026-09-17 16:47:49  Run 20260917-164749-recept-pt2
2026-09-17 16:47:49  Conditions: medium=saline tank saline=None g/L grounding=unknown fill=None mm temp=None C
2026-09-17 16:47:49  Recording to scans\runs\20260917-164749-recept-pt2
2026-09-17 16:48:18  [warmup 1/5] 216/216 OK | I med 70.3 uA (14.1-145.6) | R med 0.0120 kohm | dV med 67 LSB
2026-09-17 16:48:46  [warmup 2/5] 216/216 OK | I med 70.3 uA (12.8-147.6) | R med 0.0127 kohm | dV med 66 LSB
2026-09-17 16:49:14  [warmup 3/5] 216/216 OK | I med 70.2 uA (12.3-147.7) | R med 0.0162 kohm | dV med 48 LSB
2026-09-17 16:49:43  [warmup 4/5] 216/216 OK | I med 70.9 uA (11.7-147.3) | R med 0.0196 kohm | dV med 65 LSB
2026-09-17 16:50:11  [warmup 5/5] 216/216 OK | I med 70.9 uA (11.0-147.7) | R med 0.0174 kohm | dV med 64 LSB
2026-09-17 16:50:39  [frame 1] 216/216 OK | I med 70.7 uA (11.3-147.8) | R med 0.0157 kohm | dV med 56 LSB
2026-09-17 16:51:08  [frame 2] 216/216 OK | I med 70.9 uA (11.9-147.2) | R med 0.0194 kohm | dV med 60 LSB
2026-09-17 16:51:36  [frame 3] 216/216 OK | I med 70.7 uA (11.3-148.1) | R med 0.0191 kohm | dV med 50 LSB
2026-09-17 16:52:04  [frame 4] 216/216 OK | I med 70.7 uA (11.1-147.6) | R med 0.0194 kohm | dV med 54 LSB
2026-09-17 16:52:32  [frame 5] 216/216 OK | I med 70.9 uA (10.5-147.6) | R med 0.0221 kohm | dV med 60 LSB
2026-09-17 16:53:01  [frame 6] 216/216 OK | I med 70.7 uA (11.0-147.2) | R med 0.0212 kohm | dV med 60 LSB
2026-09-17 16:53:29  [frame 7] 216/216 OK | I med 71.0 uA (10.7-147.2) | R med 0.0211 kohm | dV med 64 LSB
2026-09-17 16:53:57  [frame 8] 216/216 OK | I med 70.8 uA (11.3-147.5) | R med 0.0202 kohm | dV med 64 LSB
2026-09-17 16:54:26  [frame 9] 216/216 OK | I med 70.8 uA (10.1-147.7) | R med 0.0206 kohm | dV med 58 LSB
2026-09-17 16:54:54  [frame 10] 216/216 OK | I med 71.1 uA (10.1-147.1) | R med 0.0187 kohm | dV med 60 LSB
2026-09-17 16:55:12  No reconstruction: This run is the session baseline; it has nothing to differ from.
2026-09-17 16:55:13  Baseline control image saved to scans\runs\20260917-164749-recept-pt2\control.png
2026-09-17 16:55:13  This run is now the session baseline (20260917-164749-recept-pt2).
2026-09-17 16:55:13  Finished. Run saved to scans\runs\20260917-164749-recept-pt2
2026-09-17 16:55:13    Frames captured: 10
2026-09-17 16:55:13    Reciprocity: median 96.3%  max 100.0%  sign flips 31/54
2026-09-17 16:55:13    Noise floor: median pair sd 0.00298 kohm (15.37%)  max 0.20308 kohm over 108 pairs
2026-09-17 16:55:13  Indexed in scans\index.csv
2026-09-17 16:57:37  Connecting to COM12...
2026-09-17 16:57:37  Configuring instrument...

------------------------------------------------------------------------
2026-09-17 16:57:37  Run 20260917-165737-recept-pt2
2026-09-17 16:57:37  Conditions: medium=saline tank saline=None g/L grounding=unknown fill=None mm temp=None C
2026-09-17 16:57:37  Recording to scans\runs\20260917-165737-recept-pt2
2026-09-17 16:58:05  [warmup 1/5] 216/216 OK | I med 69.9 uA (13.1-143.7) | R med 0.0126 kohm | dV med 62 LSB
2026-09-17 16:58:34  [warmup 2/5] 216/216 OK | I med 69.7 uA (12.2-147.1) | R med 0.0163 kohm | dV med 50 LSB
2026-09-17 16:59:02  [warmup 3/5] 216/216 OK | I med 70.0 uA (11.2-146.8) | R med 0.0194 kohm | dV med 58 LSB
2026-09-17 16:59:30  [warmup 4/5] 216/216 OK | I med 69.7 uA (11.2-147.3) | R med 0.0175 kohm | dV med 62 LSB
2026-09-17 16:59:58  [warmup 5/5] 216/216 OK | I med 70.1 uA (10.9-146.5) | R med 0.0195 kohm | dV med 54 LSB
2026-09-17 17:00:27  [frame 1] 216/216 OK | I med 70.2 uA (10.8-147.2) | R med 0.0204 kohm | dV med 48 LSB
2026-09-17 17:00:55  [frame 2] 216/216 OK | I med 70.1 uA (10.9-146.4) | R med 0.0189 kohm | dV med 60 LSB
2026-09-17 17:01:23  [frame 3] 216/216 OK | I med 70.1 uA (10.9-146.4) | R med 0.0198 kohm | dV med 58 LSB
2026-09-17 17:01:52  [frame 4] 216/216 OK | I med 70.4 uA (10.4-146.6) | R med 0.0219 kohm | dV med 52 LSB
2026-09-17 17:02:20  [frame 5] 216/216 OK | I med 70.1 uA (10.9-146.4) | R med 0.0192 kohm | dV med 67 LSB
2026-09-17 17:02:48  [frame 6] 216/216 OK | I med 69.9 uA (11.2-146.6) | R med 0.0212 kohm | dV med 66 LSB
2026-09-17 17:03:17  [frame 7] 216/216 OK | I med 70.0 uA (10.7-146.4) | R med 0.0211 kohm | dV med 50 LSB
2026-09-17 17:03:45  [frame 8] 216/216 OK | I med 69.8 uA (10.5-146.1) | R med 0.0196 kohm | dV med 59 LSB
2026-09-17 17:04:13  [frame 9] 216/216 OK | I med 69.6 uA (10.5-146.6) | R med 0.0210 kohm | dV med 66 LSB
2026-09-17 17:04:41  [frame 10] 216/216 OK | I med 69.8 uA (10.3-145.7) | R med 0.0203 kohm | dV med 68 LSB
2026-09-17 17:04:42  No reconstruction: Reciprocity check failed, so no image was made (baseline: median reciprocity error 96.3% exceeds 10%; this run: median reciprocity error 96.6% exceeds 10%). Frames are saved. Fix reciprocity first, or tick the override to image anyway.
2026-09-17 17:04:42  Finished. Run saved to scans\runs\20260917-165737-recept-pt2
2026-09-17 17:04:42    Frames captured: 10
2026-09-17 17:04:42    Reciprocity: median 96.6%  max 100.0%  sign flips 33/54
2026-09-17 17:04:42    Noise floor: median pair sd 0.00299 kohm (15.91%)  max 0.12691 kohm over 108 pairs
2026-09-17 17:04:42  Indexed in scans\index.csv
2026-09-17 17:05:37  Connecting to COM12...
2026-09-17 17:05:37  Configuring instrument...

------------------------------------------------------------------------
2026-09-17 17:05:37  Run 20260917-170537-recept-pt2
2026-09-17 17:05:37  Conditions: medium=saline tank saline=None g/L grounding=unknown fill=None mm temp=None C
2026-09-17 17:05:37  Recording to scans\runs\20260917-170537-recept-pt2
2026-09-17 17:06:05  [warmup 1/5] 216/216 OK | I med 69.1 uA (13.5-144.0) | R med 0.0122 kohm | dV med 78 LSB
2026-09-17 17:06:33  [warmup 2/5] 216/216 OK | I med 68.9 uA (11.8-146.4) | R med 0.0183 kohm | dV med 52 LSB
2026-09-17 17:07:02  [warmup 3/5] 216/216 OK | I med 69.1 uA (11.3-147.0) | R med 0.0177 kohm | dV med 55 LSB
2026-09-17 17:07:30  [warmup 4/5] 216/216 OK | I med 69.2 uA (10.7-146.1) | R med 0.0186 kohm | dV med 63 LSB
2026-09-17 17:07:58  [warmup 5/5] 216/216 OK | I med 69.3 uA (10.9-146.4) | R med 0.0224 kohm | dV med 64 LSB
2026-09-17 17:08:27  [frame 1] 216/216 OK | I med 69.3 uA (10.1-145.8) | R med 0.0193 kohm | dV med 62 LSB
2026-09-17 17:08:55  [frame 2] 216/216 OK | I med 69.3 uA (11.0-145.7) | R med 0.0179 kohm | dV med 55 LSB
2026-09-17 17:09:23  [frame 3] 216/216 OK | I med 69.3 uA (10.7-144.8) | R med 0.0233 kohm | dV med 56 LSB
2026-09-17 17:09:51  [frame 4] 215/216 OK | I med 69.2 uA (9.9-145.7) | R med 0.0226 kohm | dV med 54 LSB | flags I_LOWx1
2026-09-17 17:10:20  [frame 5] 216/216 OK | I med 69.4 uA (10.3-145.2) | R med 0.0217 kohm | dV med 65 LSB
2026-09-17 17:10:48  [frame 6] 216/216 OK | I med 69.4 uA (10.5-145.5) | R med 0.0210 kohm | dV med 62 LSB
2026-09-17 17:11:16  [frame 7] 216/216 OK | I med 69.3 uA (10.8-145.2) | R med 0.0200 kohm | dV med 60 LSB
2026-09-17 17:11:45  [frame 8] 216/216 OK | I med 69.5 uA (10.5-145.6) | R med 0.0257 kohm | dV med 71 LSB
2026-09-17 17:12:13  [frame 9] 216/216 OK | I med 69.6 uA (10.1-145.4) | R med 0.0205 kohm | dV med 64 LSB
2026-09-17 17:12:41  [frame 10] 216/216 OK | I med 69.1 uA (10.5-145.8) | R med 0.0231 kohm | dV med 67 LSB
2026-09-17 17:12:41  RECIPROCITY OVERRIDDEN - NOT VALID DATA (baseline: median reciprocity error 96.3% exceeds 10%; this run: median reciprocity error 96.5% exceeds 10%)
2026-09-17 17:12:43  Reconstruction: Peak -1.106e+00 at 99 deg  |  pairs 108/108 [ok]  |  0.9x noise - INDISTINGUISHABLE FROM NOISE
2026-09-17 17:12:43  Finished. Run saved to scans\runs\20260917-170537-recept-pt2
2026-09-17 17:12:43    Frames captured: 10
2026-09-17 17:12:43    Reciprocity: median 96.5%  max 100.0%  sign flips 32/54
2026-09-17 17:12:43    Noise floor: median pair sd 0.00309 kohm (13.58%)  max 0.10548 kohm over 108 pairs
2026-09-17 17:12:43  Indexed in scans\index.csv
2026-09-17 17:14:58  Baseline cleared; the next run will become the new baseline.
2026-09-17 17:15:16  Connecting to COM12...
2026-09-17 17:15:16  Configuring instrument...

------------------------------------------------------------------------
2026-09-17 17:15:16  Run 20260917-171516-recept-baseline
2026-09-17 17:15:16  Conditions: medium=saline tank saline=None g/L grounding=unknown fill=None mm temp=None C
2026-09-17 17:15:16  Recording to scans\runs\20260917-171516-recept-baseline
2026-09-17 17:15:44  [warmup 1/5] 216/216 OK | I med 68.2 uA (13.2-142.9) | R med 0.0138 kohm | dV med 70 LSB
2026-09-17 17:16:12  [warmup 2/5] 216/216 OK | I med 66.4 uA (12.7-144.8) | R med 0.0180 kohm | dV med 60 LSB
2026-09-17 17:16:41  [warmup 3/5] 216/216 OK | I med 65.6 uA (11.5-145.7) | R med 0.0254 kohm | dV med 55 LSB
2026-09-17 17:17:09  [warmup 4/5] 216/216 OK | I med 65.2 uA (11.3-145.4) | R med 0.0240 kohm | dV med 57 LSB QUANTISATION LIMITED (11/108 pairs under 4)
2026-09-17 17:17:37  [warmup 5/5] 216/216 OK | I med 65.5 uA (10.5-145.7) | R med 0.0255 kohm | dV med 55 LSB
2026-09-17 17:18:05  [frame 1] 216/216 OK | I med 65.5 uA (10.9-144.4) | R med 0.0270 kohm | dV med 54 LSB
2026-09-17 17:18:34  [frame 2] 216/216 OK | I med 65.2 uA (10.5-144.9) | R med 0.0311 kohm | dV med 58 LSB QUANTISATION LIMITED (11/108 pairs under 4)
2026-09-17 17:19:02  [frame 3] 216/216 OK | I med 65.0 uA (10.2-144.4) | R med 0.0285 kohm | dV med 58 LSB QUANTISATION LIMITED (12/108 pairs under 4)
2026-09-17 17:19:30  [frame 4] 216/216 OK | I med 65.1 uA (10.6-143.9) | R med 0.0276 kohm | dV med 57 LSB
2026-09-17 17:19:59  [frame 5] 216/216 OK | I med 64.9 uA (11.2-144.4) | R med 0.0272 kohm | dV med 50 LSB
2026-09-17 17:20:27  [frame 6] 216/216 OK | I med 64.9 uA (11.1-144.2) | R med 0.0255 kohm | dV med 47 LSB QUANTISATION LIMITED (12/108 pairs under 4)
2026-09-17 17:20:55  [frame 7] 216/216 OK | I med 64.2 uA (10.9-144.8) | R med 0.0294 kohm | dV med 55 LSB
2026-09-17 17:21:24  [frame 8] 216/216 OK | I med 64.5 uA (10.9-144.8) | R med 0.0301 kohm | dV med 51 LSB
2026-09-17 17:21:52  [frame 9] 216/216 OK | I med 64.4 uA (11.5-143.7) | R med 0.0267 kohm | dV med 57 LSB
2026-09-17 17:22:20  [frame 10] 216/216 OK | I med 63.9 uA (10.9-143.6) | R med 0.0265 kohm | dV med 51 LSB
2026-09-17 17:22:20  No reconstruction: This run is the session baseline; it has nothing to differ from.
2026-09-17 17:22:22  Baseline control image saved to scans\runs\20260917-171516-recept-baseline\control.png
2026-09-17 17:22:22  This run is now the session baseline (20260917-171516-recept-baseline).
2026-09-17 17:22:22  Finished. Run saved to scans\runs\20260917-171516-recept-baseline
2026-09-17 17:22:22    Frames captured: 10
2026-09-17 17:22:22    Reciprocity: median 93.3%  max 100.0%  sign flips 32/54
2026-09-17 17:22:22    Noise floor: median pair sd 0.00325 kohm (13.67%)  max 0.12039 kohm over 108 pairs
2026-09-17 17:22:22  Indexed in scans\index.csv
2026-09-17 17:25:31  Connecting to COM12...
2026-09-17 17:25:31  Configuring instrument...

------------------------------------------------------------------------
2026-09-17 17:25:31  Run 20260917-172531-recept-baseline
2026-09-17 17:25:31  Conditions: medium=saline tank saline=None g/L grounding=unknown fill=None mm temp=None C
2026-09-17 17:25:31  Recording to scans\runs\20260917-172531-recept-baseline
2026-09-17 17:25:59  [warmup 1/5] 216/216 OK | I med 64.6 uA (12.7-139.7) | R med 0.0156 kohm | dV med 64 LSB
2026-09-17 17:26:28  [warmup 2/5] 216/216 OK | I med 63.7 uA (12.4-142.4) | R med 0.0207 kohm | dV med 54 LSB
2026-09-17 17:26:56  [warmup 3/5] 216/216 OK | I med 63.7 uA (10.6-142.5) | R med 0.0266 kohm | dV med 55 LSB
2026-09-17 17:27:24  [warmup 4/5] 216/216 OK | I med 63.8 uA (11.1-142.7) | R med 0.0282 kohm | dV med 51 LSB QUANTISATION LIMITED (11/108 pairs under 4)
2026-09-17 17:27:53  [warmup 5/5] 216/216 OK | I med 63.5 uA (10.6-142.4) | R med 0.0254 kohm | dV med 57 LSB
2026-09-17 17:28:21  [frame 1] 216/216 OK | I med 63.7 uA (10.9-142.2) | R med 0.0270 kohm | dV med 52 LSB
2026-09-17 17:28:49  [frame 2] 216/216 OK | I med 63.8 uA (10.5-142.9) | R med 0.0242 kohm | dV med 56 LSB
2026-09-17 17:29:18  [frame 3] 216/216 OK | I med 63.8 uA (10.6-142.4) | R med 0.0265 kohm | dV med 51 LSB
2026-09-17 17:29:46  [frame 4] 216/216 OK | I med 63.6 uA (10.9-142.8) | R med 0.0248 kohm | dV med 57 LSB
2026-09-17 17:30:14  [frame 5] 216/216 OK | I med 63.6 uA (11.2-142.6) | R med 0.0267 kohm | dV med 53 LSB QUANTISATION LIMITED (11/108 pairs under 4)
2026-09-17 17:30:42  [frame 6] 216/216 OK | I med 63.4 uA (10.4-142.3) | R med 0.0270 kohm | dV med 55 LSB
2026-09-17 17:31:11  [frame 7] 215/216 OK | I med 63.5 uA (9.8-142.3) | R med 0.0263 kohm | dV med 47 LSB | flags I_LOWx1
2026-09-17 17:31:39  [frame 8] 216/216 OK | I med 63.2 uA (10.1-142.8) | R med 0.0261 kohm | dV med 57 LSB
2026-09-17 17:32:07  [frame 9] 216/216 OK | I med 63.0 uA (10.2-142.1) | R med 0.0241 kohm | dV med 53 LSB
2026-09-17 17:32:36  [frame 10] 216/216 OK | I med 63.1 uA (10.5-142.2) | R med 0.0268 kohm | dV med 50 LSB
2026-09-17 17:32:36  RECIPROCITY OVERRIDDEN - NOT VALID DATA (baseline: median reciprocity error 93.3% exceeds 10%; this run: median reciprocity error 93.6% exceeds 10%)
2026-09-17 17:32:38  Reconstruction: Peak +9.901e-01 at 136 deg  |  pairs 108/108 [ok]  |  2.3x the noise image
2026-09-17 17:32:38  Finished. Run saved to scans\runs\20260917-172531-recept-baseline
2026-09-17 17:32:38    Frames captured: 10
2026-09-17 17:32:38    Reciprocity: median 93.6%  max 100.0%  sign flips 33/54
2026-09-17 17:32:38    Noise floor: median pair sd 0.00308 kohm (14.65%)  max 0.11579 kohm over 108 pairs
2026-09-17 17:32:38  Indexed in scans\index.csv
2026-09-17 17:38:32  Connecting to COM12...
2026-09-17 17:38:32  Configuring instrument...

------------------------------------------------------------------------
2026-09-17 17:38:32  Run 20260917-173832-recept-baseline
2026-09-17 17:38:32  Conditions: medium=saline tank saline=None g/L grounding=unknown fill=None mm temp=None C
2026-09-17 17:38:32  Recording to scans\runs\20260917-173832-recept-baseline
2026-09-17 17:39:00  [warmup 1/5] 216/216 OK | I med 63.5 uA (13.0-137.7) | R med 0.0134 kohm | dV med 79 LSB
2026-09-17 17:39:28  [warmup 2/5] 216/216 OK | I med 63.7 uA (12.1-140.4) | R med 0.0192 kohm | dV med 58 LSB
2026-09-17 17:39:57  [warmup 3/5] 216/216 OK | I med 63.3 uA (11.5-142.0) | R med 0.0270 kohm | dV med 60 LSB
2026-09-17 17:40:25  [warmup 4/5] 216/216 OK | I med 63.2 uA (11.5-142.1) | R med 0.0266 kohm | dV med 54 LSB
2026-09-17 17:40:53  [warmup 5/5] 216/216 OK | I med 63.2 uA (10.9-141.4) | R med 0.0257 kohm | dV med 58 LSB
2026-09-17 17:41:22  [frame 1] 216/216 OK | I med 63.3 uA (11.2-140.5) | R med 0.0225 kohm | dV med 60 LSB QUANTISATION LIMITED (11/108 pairs under 4)
2026-09-17 17:41:50  [frame 2] 216/216 OK | I med 63.4 uA (10.5-141.5) | R med 0.0262 kohm | dV med 48 LSB QUANTISATION LIMITED (11/108 pairs under 4)
2026-09-17 17:42:18  [frame 3] 216/216 OK | I med 63.6 uA (11.0-140.8) | R med 0.0280 kohm | dV med 51 LSB
2026-09-17 17:42:47  [frame 4] 216/216 OK | I med 63.4 uA (10.9-141.5) | R med 0.0239 kohm | dV med 56 LSB
2026-09-17 17:43:15  [frame 5] 216/216 OK | I med 63.1 uA (10.3-142.4) | R med 0.0265 kohm | dV med 61 LSB QUANTISATION LIMITED (11/108 pairs under 4)
2026-09-17 17:43:43  [frame 6] 216/216 OK | I med 63.2 uA (10.9-140.9) | R med 0.0274 kohm | dV med 52 LSB
2026-09-17 17:44:11  [frame 7] 216/216 OK | I med 63.5 uA (10.9-141.5) | R med 0.0259 kohm | dV med 60 LSB QUANTISATION LIMITED (11/108 pairs under 4)
2026-09-17 17:44:40  [frame 8] 216/216 OK | I med 63.2 uA (10.9-141.5) | R med 0.0251 kohm | dV med 58 LSB
2026-09-17 17:45:08  [frame 9] 216/216 OK | I med 63.6 uA (10.5-140.7) | R med 0.0260 kohm | dV med 56 LSB QUANTISATION LIMITED (11/108 pairs under 4)
2026-09-17 17:45:36  [frame 10] 216/216 OK | I med 62.8 uA (10.4-141.2) | R med 0.0237 kohm | dV med 50 LSB QUANTISATION LIMITED (11/108 pairs under 4)
2026-09-17 17:45:36  RECIPROCITY OVERRIDDEN - NOT VALID DATA (baseline: median reciprocity error 93.3% exceeds 10%; this run: median reciprocity error 94.2% exceeds 10%)
2026-09-17 17:45:38  Reconstruction: Peak +1.324e+00 at 150 deg  |  pairs 108/108 [ok]  |  3.0x the noise image
2026-09-17 17:45:38  Finished. Run saved to scans\runs\20260917-173832-recept-baseline
2026-09-17 17:45:38    Frames captured: 10
2026-09-17 17:45:38    Reciprocity: median 94.2%  max 100.0%  sign flips 31/54
2026-09-17 17:45:38    Noise floor: median pair sd 0.00341 kohm (16.26%)  max 0.11506 kohm over 108 pairs
2026-09-17 17:45:38  Indexed in scans\index.csv

------------------------------------------------------------------------
2026-09-17 17:55:59  Session ended

------------------------------------------------------------------------
2026-09-22 10:38:00  Session started (hardware)
2026-09-22 10:38:00  Scans folder: C:\Users\Vidad\Documents\THESIS-PALAYAIN\scans
2026-09-22 10:38:00  58 scan(s) already recorded here.
2026-09-22 10:38:00  Ready. Settings are saved on exit.

------------------------------------------------------------------------
2026-09-22 11:37:36  Session ended

------------------------------------------------------------------------
2026-09-22 11:38:14  Session started (hardware)
2026-09-22 11:38:14  Scans folder: C:\Users\Vidad\Documents\THESIS-PALAYAIN\scans
2026-09-22 11:38:14  58 scan(s) already recorded here.
2026-09-22 11:38:14  Ready. Settings are saved on exit.
2026-09-22 11:38:32  Connecting to COM12...
2026-09-22 11:38:32  FAILED: SerialException: could not open port 'COM12': FileNotFoundError(2, 'The system cannot find the file specified.', None, 2)

------------------------------------------------------------------------
2026-09-22 11:39:09  Session ended

------------------------------------------------------------------------
2026-09-22 11:39:39  Session started (hardware)
2026-09-22 11:39:39  Scans folder: C:\Users\Vidad\Documents\THESIS-PALAYAIN\scans
2026-09-22 11:39:39  58 scan(s) already recorded here.
2026-09-22 11:39:39  Ready. Settings are saved on exit.
2026-09-22 11:42:54  Connecting to COM12...
2026-09-22 11:42:54  Configuring instrument...

------------------------------------------------------------------------
2026-09-22 11:42:54  Run 20260922-114254-tank-baseline
2026-09-22 11:42:54  Conditions: medium=saline tank saline=None g/L grounding=unknown fill=None mm temp=None C
2026-09-22 11:42:54  Recording to scans\runs\20260922-114254-tank-baseline
2026-09-22 11:42:56  Stopping after the frame in flight...
2026-09-22 11:43:15  [warmup 1/5] 14/216 OK | I med 0.7 uA (0.0-10.9) | R med 2.3411 kohm | dV med 2433 LSB | flags I_LOWx202
2026-09-22 11:43:15  Cancelled after 0 frame(s); the run is kept.
2026-09-22 11:43:15  No reconstruction: This run is the session baseline; it has nothing to differ from.
2026-09-22 11:43:15  Baseline has fewer than 4 frames, so no control image was saved.
2026-09-22 11:43:15  Finished. Run saved to scans\runs\20260922-114254-tank-baseline
2026-09-22 11:43:15    Frames captured: 0
2026-09-22 11:43:15    Reciprocity: no reciprocal pairs captured
2026-09-22 11:43:15    Noise floor: needs at least 2 frames
2026-09-22 11:43:15  Indexed in scans\index.csv
2026-09-22 11:43:27  Connecting to COM12...
2026-09-22 11:43:27  Configuring instrument...

------------------------------------------------------------------------
2026-09-22 11:43:27  Run 20260922-114327-nothing
2026-09-22 11:43:27  Conditions: medium=saline tank saline=None g/L grounding=unknown fill=12.0 mm temp=None C
2026-09-22 11:43:27  Recording to scans\runs\20260922-114327-nothing
2026-09-22 11:43:48  [warmup 1/5] 16/216 OK | I med 0.8 uA (0.0-11.0) | R med 1.5766 kohm | dV med 3739 LSB | flags I_LOWx200
2026-09-22 11:44:09  [warmup 2/5] 17/216 OK | I med 0.8 uA (0.0-11.3) | R med 4.0148 kohm | dV med 10737 LSB | flags I_LOWx199
2026-09-22 11:44:30  [warmup 3/5] 17/216 OK | I med 0.8 uA (0.0-11.5) | R med 5.6601 kohm | dV med 7312 LSB | flags I_LOWx199
2026-09-22 11:44:51  [warmup 4/5] 17/216 OK | I med 0.8 uA (0.0-11.6) | R med 4.8378 kohm | dV med 7556 LSB | flags I_LOWx199
2026-09-22 11:45:12  [warmup 5/5] 18/216 OK | I med 0.8 uA (0.0-11.7) | R med 1.9484 kohm | dV med 4556 LSB | flags I_LOWx198
2026-09-22 11:45:33  [frame 1] 17/216 OK | I med 0.8 uA (0.0-11.6) | R med 3.9987 kohm | dV med 4061 LSB | flags I_LOWx199
2026-09-22 11:45:54  [frame 2] 17/216 OK | I med 0.8 uA (0.0-11.7) | R med 3.9522 kohm | dV med 3696 LSB | flags I_LOWx199
2026-09-22 11:46:15  [frame 3] 17/216 OK | I med 0.8 uA (0.0-11.7) | R med 4.9287 kohm | dV med 8634 LSB | flags I_LOWx199
2026-09-22 11:46:36  [frame 4] 17/216 OK | I med 0.8 uA (0.0-11.8) | R med 6.0187 kohm | dV med 10177 LSB | flags I_LOWx199
2026-09-22 11:47:13  [frame 5] 18/216 OK | I med 0.8 uA (0.0-12.0) | R med 3.9887 kohm | dV med 6972 LSB | flags I_LOWx198
2026-09-22 11:47:33  [frame 6] 17/216 OK | I med 0.7 uA (0.0-11.9) | R med 4.0789 kohm | dV med 6950 LSB | flags I_LOWx199
2026-09-22 11:48:01  [frame 7] 17/216 OK | I med 0.7 uA (0.0-11.7) | R med 7.5954 kohm | dV med 7870 LSB | flags I_LOWx199
2026-09-22 11:49:11  [frame 8] 17/216 OK | I med 0.8 uA (0.0-11.8) | R med 2.5907 kohm | dV med 4323 LSB | flags I_LOWx199
2026-09-22 11:50:00  [frame 9] 18/216 OK | I med 0.8 uA (0.0-11.8) | R med 4.0997 kohm | dV med 4797 LSB | flags I_LOWx198
2026-09-22 11:50:21  [frame 10] 17/216 OK | I med 0.7 uA (0.0-11.7) | R med 5.6767 kohm | dV med 7493 LSB | flags I_LOWx199
2026-09-22 11:50:42  No reconstruction: This run is the session baseline; it has nothing to differ from.
2026-09-22 11:50:44  Baseline control image saved to scans\runs\20260922-114327-nothing\control.png
2026-09-22 11:50:44  This run is now the session baseline (20260922-114327-nothing).
2026-09-22 11:50:44  Finished. Run saved to scans\runs\20260922-114327-nothing
2026-09-22 11:50:44    Frames captured: 10
2026-09-22 11:50:44    Reciprocity: no reciprocal pairs captured
2026-09-22 11:50:44    Noise floor: median pair sd 3.67975 kohm (166.44%)  max 26.25682 kohm over 8 pairs
2026-09-22 11:50:44  Indexed in scans\index.csv
2026-09-22 11:52:08  Baseline cleared; the next run will become the new baseline.
2026-09-22 11:52:54  Connecting to COM12...
2026-09-22 11:52:54  Configuring instrument...

------------------------------------------------------------------------
2026-09-22 11:52:54  Run 20260922-115254-purified-saline
2026-09-22 11:52:54  Conditions: medium=saline tank saline=None g/L grounding=unknown fill=12.0 mm temp=None C
2026-09-22 11:52:54  Recording to scans\runs\20260922-115254-purified-saline
2026-09-22 11:53:15  [warmup 1/5] 216/216 OK | I med 212.2 uA (81.0-259.6) | R med 0.0330 kohm | dV med 1409 LSB
2026-09-22 11:53:36  [warmup 2/5] 216/216 OK | I med 211.5 uA (83.4-259.0) | R med 0.0308 kohm | dV med 1394 LSB
2026-09-22 11:53:57  [warmup 3/5] 216/216 OK | I med 212.3 uA (83.2-261.1) | R med 0.0304 kohm | dV med 1398 LSB
2026-09-22 11:54:18  [warmup 4/5] 216/216 OK | I med 212.5 uA (84.0-261.9) | R med 0.0301 kohm | dV med 1405 LSB
2026-09-22 11:54:39  [warmup 5/5] 216/216 OK | I med 212.7 uA (84.3-262.9) | R med 0.0312 kohm | dV med 1412 LSB
2026-09-22 11:55:00  [frame 1] 216/216 OK | I med 213.2 uA (85.3-264.1) | R med 0.0311 kohm | dV med 1405 LSB
2026-09-22 11:55:21  [frame 2] 216/216 OK | I med 213.5 uA (85.5-265.0) | R med 0.0319 kohm | dV med 1406 LSB
2026-09-22 11:55:42  [frame 3] 216/216 OK | I med 213.9 uA (85.5-266.0) | R med 0.0319 kohm | dV med 1404 LSB
2026-09-22 11:56:03  [frame 4] 216/216 OK | I med 214.1 uA (85.5-267.8) | R med 0.0327 kohm | dV med 1401 LSB
2026-09-22 11:56:24  [frame 5] 216/216 OK | I med 214.5 uA (84.8-268.0) | R med 0.0331 kohm | dV med 1406 LSB
2026-09-22 11:56:45  [frame 6] 216/216 OK | I med 214.6 uA (83.9-267.8) | R med 0.0326 kohm | dV med 1409 LSB
2026-09-22 11:57:06  [frame 7] 216/216 OK | I med 214.8 uA (83.8-267.7) | R med 0.0328 kohm | dV med 1419 LSB
2026-09-22 11:57:26  [frame 8] 216/216 OK | I med 215.1 uA (84.1-268.5) | R med 0.0328 kohm | dV med 1415 LSB
2026-09-22 11:57:47  [frame 9] 216/216 OK | I med 215.2 uA (83.7-269.2) | R med 0.0327 kohm | dV med 1416 LSB
2026-09-22 11:58:08  [frame 10] 216/216 OK | I med 215.6 uA (83.6-270.2) | R med 0.0327 kohm | dV med 1412 LSB
2026-09-22 11:58:09  No reconstruction: This run is the session baseline; it has nothing to differ from.
2026-09-22 11:58:10  Baseline control image saved to scans\runs\20260922-115254-purified-saline\control.png
2026-09-22 11:58:10  This run is now the session baseline (20260922-115254-purified-saline).
2026-09-22 11:58:10  Finished. Run saved to scans\runs\20260922-115254-purified-saline
2026-09-22 11:58:10    Frames captured: 10
2026-09-22 11:58:10    Reciprocity: median 74.6%  max 99.1%  sign flips 24/54
2026-09-22 11:58:10    Noise floor: median pair sd 0.00044 kohm (1.40%)  max 0.01353 kohm over 108 pairs
2026-09-22 11:58:10  Indexed in scans\index.csv
2026-09-22 12:00:25  Connecting to COM12...
2026-09-22 12:00:25  Configuring instrument...

------------------------------------------------------------------------
2026-09-22 12:00:25  Run 20260922-120025-purified-saline
2026-09-22 12:00:25  Conditions: medium=saline tank saline=None g/L grounding=unknown fill=12.0 mm temp=None C
2026-09-22 12:00:25  Recording to scans\runs\20260922-120025-purified-saline
2026-09-22 12:00:46  [warmup 1/5] 216/216 OK | I med 217.0 uA (83.6-272.5) | R med 0.0325 kohm | dV med 1395 LSB
2026-09-22 12:01:07  [warmup 2/5] 216/216 OK | I med 217.3 uA (85.4-271.9) | R med 0.0281 kohm | dV med 1370 LSB
2026-09-22 12:01:28  [warmup 3/5] 216/216 OK | I med 217.3 uA (85.1-272.4) | R med 0.0276 kohm | dV med 1299 LSB
2026-09-22 12:01:49  [warmup 4/5] 216/216 OK | I med 217.6 uA (85.9-272.5) | R med 0.0295 kohm | dV med 1346 LSB
2026-09-22 12:02:10  [warmup 5/5] 216/216 OK | I med 217.9 uA (86.0-273.2) | R med 0.0296 kohm | dV med 1362 LSB
2026-09-22 12:02:31  [frame 1] 216/216 OK | I med 217.9 uA (86.7-273.2) | R med 0.0307 kohm | dV med 1361 LSB
2026-09-22 12:02:52  [frame 2] 216/216 OK | I med 218.0 uA (86.6-274.0) | R med 0.0305 kohm | dV med 1362 LSB
2026-09-22 12:03:13  [frame 3] 216/216 OK | I med 218.2 uA (86.5-274.8) | R med 0.0303 kohm | dV med 1360 LSB
2026-09-22 12:03:34  [frame 4] 216/216 OK | I med 218.5 uA (86.0-274.8) | R med 0.0306 kohm | dV med 1386 LSB
2026-09-22 12:03:55  [frame 5] 216/216 OK | I med 218.4 uA (86.0-275.2) | R med 0.0312 kohm | dV med 1386 LSB
2026-09-22 12:04:16  [frame 6] 216/216 OK | I med 218.7 uA (85.9-276.1) | R med 0.0314 kohm | dV med 1380 LSB
2026-09-22 12:04:37  [frame 7] 216/216 OK | I med 218.9 uA (85.7-276.4) | R med 0.0311 kohm | dV med 1380 LSB
2026-09-22 12:04:57  [frame 8] 216/216 OK | I med 219.0 uA (85.6-276.6) | R med 0.0310 kohm | dV med 1354 LSB
2026-09-22 12:05:18  [frame 9] 216/216 OK | I med 219.0 uA (85.4-276.3) | R med 0.0310 kohm | dV med 1377 LSB
2026-09-22 12:05:39  [frame 10] 216/216 OK | I med 219.3 uA (85.5-276.7) | R med 0.0310 kohm | dV med 1375 LSB
2026-09-22 12:05:40  No reconstruction: Reciprocity check failed, so no image was made (baseline: median reciprocity error 74.6% exceeds 10%; this run: median reciprocity error 74.8% exceeds 10%). Frames are saved. Fix reciprocity first, or tick the override to image anyway.
2026-09-22 12:05:40  Finished. Run saved to scans\runs\20260922-120025-purified-saline
2026-09-22 12:05:40    Frames captured: 10
2026-09-22 12:05:40    Reciprocity: median 74.8%  max 99.2%  sign flips 24/54
2026-09-22 12:05:40    Noise floor: median pair sd 0.00030 kohm (0.94%)  max 0.00671 kohm over 108 pairs
2026-09-22 12:05:40  Indexed in scans\index.csv
2026-09-22 12:10:22  Connecting to COM12...
2026-09-22 12:10:22  Configuring instrument...

------------------------------------------------------------------------
2026-09-22 12:10:22  Run 20260922-121022-purified-saline
2026-09-22 12:10:22  Conditions: medium=saline tank saline=None g/L grounding=unknown fill=12.0 mm temp=None C
2026-09-22 12:10:22  Recording to scans\runs\20260922-121022-purified-saline
2026-09-22 12:10:43  [warmup 1/5] 216/216 OK | I med 221.1 uA (84.7-279.0) | R med 0.0308 kohm | dV med 1361 LSB
2026-09-22 12:11:04  [warmup 2/5] 216/216 OK | I med 221.4 uA (85.7-278.3) | R med 0.0285 kohm | dV med 1357 LSB
2026-09-22 12:11:25  [warmup 3/5] 216/216 OK | I med 221.6 uA (85.9-278.9) | R med 0.0273 kohm | dV med 1305 LSB
2026-09-22 12:11:46  [warmup 4/5] 216/216 OK | I med 221.3 uA (85.6-278.7) | R med 0.0269 kohm | dV med 1293 LSB
2026-09-22 12:12:07  [warmup 5/5] 216/216 OK | I med 221.6 uA (86.1-278.7) | R med 0.0272 kohm | dV med 1300 LSB
2026-09-22 12:12:28  [frame 1] 216/216 OK | I med 221.6 uA (86.2-279.0) | R med 0.0273 kohm | dV med 1305 LSB
2026-09-22 12:12:48  [frame 2] 216/216 OK | I med 221.6 uA (85.9-279.0) | R med 0.0289 kohm | dV med 1326 LSB
2026-09-22 12:13:09  [frame 3] 216/216 OK | I med 221.8 uA (86.3-277.1) | R med 0.0286 kohm | dV med 1355 LSB
2026-09-22 12:13:30  [frame 4] 216/216 OK | I med 221.0 uA (87.4-280.9) | R med 0.0309 kohm | dV med 1361 LSB
2026-09-22 12:13:51  [frame 5] 216/216 OK | I med 221.6 uA (85.9-285.0) | R med 0.0295 kohm | dV med 1333 LSB
2026-09-22 12:14:12  [frame 6] 216/216 OK | I med 221.8 uA (86.3-285.0) | R med 0.0287 kohm | dV med 1338 LSB
2026-09-22 12:14:33  [frame 7] 216/216 OK | I med 222.2 uA (85.8-285.0) | R med 0.0288 kohm | dV med 1355 LSB
2026-09-22 12:14:54  [frame 8] 216/216 OK | I med 222.3 uA (85.5-284.5) | R med 0.0294 kohm | dV med 1339 LSB
2026-09-22 12:15:15  [frame 9] 216/216 OK | I med 222.2 uA (85.5-285.0) | R med 0.0301 kohm | dV med 1334 LSB
2026-09-22 12:15:36  [frame 10] 216/216 OK | I med 222.6 uA (86.4-284.2) | R med 0.0312 kohm | dV med 1329 LSB
2026-09-22 12:15:36  RECIPROCITY OVERRIDDEN - NOT VALID DATA (baseline: median reciprocity error 74.6% exceeds 10%; this run: median reciprocity error 74.8% exceeds 10%)
2026-09-22 12:15:41  Reconstruction: Peak +2.134e-01 at 120 deg  |  pairs 108/108 [ok]  |  1.5x noise - INDISTINGUISHABLE FROM NOISE
2026-09-22 12:15:41  Finished. Run saved to scans\runs\20260922-121022-purified-saline
2026-09-22 12:15:41    Frames captured: 10
2026-09-22 12:15:41    Reciprocity: median 74.8%  max 99.2%  sign flips 24/54
2026-09-22 12:15:41    Noise floor: median pair sd 0.00032 kohm (1.14%)  max 0.06296 kohm over 108 pairs
2026-09-22 12:15:41  Indexed in scans\index.csv
2026-09-22 12:44:26  Baseline cleared; the next run will become the new baseline.
2026-09-22 12:44:43  Connecting to COM12...
2026-09-22 12:44:43  Configuring instrument...

------------------------------------------------------------------------
2026-09-22 12:44:43  Run 20260922-124443-resistor-belt
2026-09-22 12:44:43  Conditions: medium=saline tank saline=None g/L grounding=unknown fill=12.0 mm temp=None C
2026-09-22 12:44:43  Recording to scans\runs\20260922-124443-resistor-belt
2026-09-22 12:45:04  [warmup 1/5] 212/216 OK | I med 483.0 uA (1.1-485.5) | R med 0.0182 kohm | dV med 2239 LSB | flags I_LOWx4
2026-09-22 12:45:25  [warmup 2/5] 210/216 OK | I med 483.0 uA (0.9-485.5) | R med 0.0182 kohm | dV med 2233 LSB | flags I_LOWx6
2026-09-22 12:45:46  [warmup 3/5] 213/216 OK | I med 483.1 uA (1.3-485.6) | R med 0.0182 kohm | dV med 2237 LSB | flags I_LOWx3
2026-09-22 12:46:07  [warmup 4/5] 216/216 OK | I med 483.0 uA (475.5-485.7) | R med 0.0182 kohm | dV med 2236 LSB
2026-09-22 12:46:27  [warmup 5/5] 216/216 OK | I med 483.0 uA (473.9-485.6) | R med 0.0182 kohm | dV med 2241 LSB
2026-09-22 12:46:48  [frame 1] 210/216 OK | I med 483.0 uA (1.1-485.6) | R med 0.0182 kohm | dV med 2236 LSB | flags I_LOWx6
2026-09-22 12:47:09  [frame 2] 216/216 OK | I med 483.0 uA (424.0-485.6) | R med 0.0182 kohm | dV med 2235 LSB
2026-09-22 12:47:30  [frame 3] 216/216 OK | I med 483.0 uA (16.9-485.5) | R med 0.0182 kohm | dV med 2232 LSB
2026-09-22 12:47:51  [frame 4] 208/216 OK | I med 482.8 uA (0.9-485.5) | R med 0.0182 kohm | dV med 2234 LSB | flags I_LOWx8
2026-09-22 12:48:12  [frame 5] 216/216 OK | I med 482.9 uA (475.1-485.5) | R med 0.0181 kohm | dV med 2231 LSB
2026-09-22 12:48:33  [frame 6] 216/216 OK | I med 482.9 uA (474.7-485.3) | R med 0.0182 kohm | dV med 2230 LSB
2026-09-22 12:48:54  [frame 7] 216/216 OK | I med 482.9 uA (472.1-485.3) | R med 0.0182 kohm | dV med 2230 LSB
2026-09-22 12:49:15  [frame 8] 216/216 OK | I med 483.0 uA (439.5-485.4) | R med 0.0181 kohm | dV med 2231 LSB
2026-09-22 12:49:36  [frame 9] 208/216 OK | I med 482.9 uA (0.9-485.3) | R med 0.0181 kohm | dV med 2228 LSB | flags I_LOWx8
2026-09-22 12:49:57  [frame 10] 216/216 OK | I med 483.0 uA (475.5-485.4) | R med 0.0182 kohm | dV med 2233 LSB
2026-09-22 12:49:57  No reconstruction: This run is the session baseline; it has nothing to differ from.
2026-09-22 12:49:59  Baseline control image saved to scans\runs\20260922-124443-resistor-belt\control.png
2026-09-22 12:49:59  This run is now the session baseline (20260922-124443-resistor-belt).
2026-09-22 12:49:59  Finished. Run saved to scans\runs\20260922-124443-resistor-belt
2026-09-22 12:49:59    Frames captured: 10
2026-09-22 12:49:59    Reciprocity: median 66.8%  max 99.0%  sign flips 24/54
2026-09-22 12:49:59    Noise floor: median pair sd 0.00006 kohm (0.17%)  max 0.05703 kohm over 108 pairs
2026-09-22 12:49:59  Indexed in scans\index.csv
2026-09-22 12:51:11  Connecting to COM12...
2026-09-22 12:51:11  Configuring instrument...

------------------------------------------------------------------------
2026-09-22 12:51:11  Run 20260922-125111-resistor-belt
2026-09-22 12:51:11  Conditions: medium=saline tank saline=None g/L grounding=unknown fill=12.0 mm temp=None C
2026-09-22 12:51:11  Recording to scans\runs\20260922-125111-resistor-belt
2026-09-22 12:51:40  [warmup 1/5] 216/216 OK | I med 484.3 uA (467.2-486.9) | R med 0.0182 kohm | dV med 2239 LSB
2026-09-22 12:52:08  [warmup 2/5] 216/216 OK | I med 484.2 uA (467.0-487.2) | R med 0.0182 kohm | dV med 2237 LSB
2026-09-22 12:52:36  [warmup 3/5] 216/216 OK | I med 484.2 uA (414.8-486.8) | R med 0.0182 kohm | dV med 2236 LSB
2026-09-22 12:53:04  [warmup 4/5] 216/216 OK | I med 484.3 uA (455.6-486.9) | R med 0.0182 kohm | dV med 2236 LSB
2026-09-22 12:53:33  [warmup 5/5] 216/216 OK | I med 484.2 uA (459.4-487.1) | R med 0.0182 kohm | dV med 2234 LSB
2026-09-22 12:54:01  [frame 1] 216/216 OK | I med 484.1 uA (456.2-486.8) | R med 0.0182 kohm | dV med 2236 LSB
2026-09-22 12:54:29  [frame 2] 216/216 OK | I med 484.1 uA (454.5-486.9) | R med 0.0182 kohm | dV med 2236 LSB
2026-09-22 12:54:58  [frame 3] 216/216 OK | I med 484.2 uA (447.0-486.9) | R med 0.0181 kohm | dV med 2235 LSB
2026-09-22 12:55:26  [frame 4] 216/216 OK | I med 484.3 uA (477.0-486.5) | R med 0.0182 kohm | dV med 2240 LSB
2026-09-22 12:55:54  [frame 5] 216/216 OK | I med 484.4 uA (467.6-487.0) | R med 0.0182 kohm | dV med 2238 LSB
2026-09-22 12:56:23  [frame 6] 216/216 OK | I med 484.4 uA (396.2-486.9) | R med 0.0181 kohm | dV med 2235 LSB
2026-09-22 12:56:51  [frame 7] 216/216 OK | I med 484.2 uA (449.7-486.8) | R med 0.0182 kohm | dV med 2238 LSB
2026-09-22 12:57:19  [frame 8] 216/216 OK | I med 484.3 uA (448.2-486.9) | R med 0.0182 kohm | dV med 2238 LSB
2026-09-22 12:57:47  [frame 9] 216/216 OK | I med 484.2 uA (393.0-487.0) | R med 0.0182 kohm | dV med 2236 LSB
2026-09-22 12:58:16  [frame 10] 216/216 OK | I med 484.2 uA (355.1-486.9) | R med 0.0182 kohm | dV med 2238 LSB
2026-09-22 12:58:16  No reconstruction: Reciprocity check failed, so no image was made (baseline: median reciprocity error 66.8% exceeds 10%; this run: median reciprocity error 66.8% exceeds 10%). Frames are saved. Fix reciprocity first, or tick the override to image anyway.
2026-09-22 12:58:16  Finished. Run saved to scans\runs\20260922-125111-resistor-belt
2026-09-22 12:58:16    Frames captured: 10
2026-09-22 12:58:16    Reciprocity: median 66.8%  max 91.6%  sign flips 24/54
2026-09-22 12:58:16    Noise floor: median pair sd 0.00004 kohm (0.16%)  max 0.08240 kohm over 108 pairs
2026-09-22 12:58:16  Indexed in scans\index.csv
2026-09-22 12:59:23  Connecting to COM12...
2026-09-22 12:59:23  Configuring instrument...

------------------------------------------------------------------------
2026-09-22 12:59:23  Run 20260922-125923-resistor-belt
2026-09-22 12:59:23  Conditions: medium=saline tank saline=None g/L grounding=unknown fill=12.0 mm temp=None C
2026-09-22 12:59:23  Recording to scans\runs\20260922-125923-resistor-belt
2026-09-22 12:59:51  [warmup 1/5] 185/216 OK | I med 484.2 uA (0.6-486.6) | R med 0.0180 kohm | dV med 2237 LSB | flags I_LOWx31
2026-09-22 13:00:20  [warmup 2/5] 216/216 OK | I med 484.2 uA (475.7-486.8) | R med 0.0181 kohm | dV med 2236 LSB
2026-09-22 13:00:48  [warmup 3/5] 216/216 OK | I med 484.2 uA (475.2-486.7) | R med 0.0182 kohm | dV med 2239 LSB
2026-09-22 13:01:16  [warmup 4/5] 216/216 OK | I med 484.1 uA (474.5-486.8) | R med 0.0182 kohm | dV med 2237 LSB
2026-09-22 13:01:45  [warmup 5/5] 216/216 OK | I med 482.0 uA (472.7-489.7) | R med 0.0182 kohm | dV med 2242 LSB
2026-09-22 13:02:13  [frame 1] 214/216 OK | I med 479.6 uA (1.1-482.1) | R med 0.0182 kohm | dV med 2238 LSB | flags I_LOWx2
2026-09-22 13:02:41  [frame 2] 216/216 OK | I med 479.5 uA (462.3-482.2) | R med 0.0183 kohm | dV med 2238 LSB
2026-09-22 13:03:10  [frame 3] 216/216 OK | I med 479.7 uA (463.4-482.2) | R med 0.0184 kohm | dV med 2238 LSB
2026-09-22 13:03:38  [frame 4] 216/216 OK | I med 480.0 uA (463.4-482.0) | R med 0.0184 kohm | dV med 2248 LSB
2026-09-22 13:04:06  [frame 5] 216/216 OK | I med 479.8 uA (463.2-482.2) | R med 0.0184 kohm | dV med 2252 LSB
2026-09-22 13:04:34  [frame 6] 216/216 OK | I med 480.0 uA (463.3-482.2) | R med 0.0184 kohm | dV med 2254 LSB
2026-09-22 13:05:03  [frame 7] 216/216 OK | I med 480.1 uA (463.6-482.7) | R med 0.0184 kohm | dV med 2253 LSB
2026-09-22 13:05:31  [frame 8] 216/216 OK | I med 480.2 uA (463.9-484.4) | R med 0.0184 kohm | dV med 2252 LSB
2026-09-22 13:05:59  [frame 9] 216/216 OK | I med 479.8 uA (463.2-482.4) | R med 0.0184 kohm | dV med 2252 LSB
2026-09-22 13:06:28  [frame 10] 216/216 OK | I med 479.9 uA (463.4-482.6) | R med 0.0184 kohm | dV med 2253 LSB
2026-09-22 13:06:28  RECIPROCITY OVERRIDDEN - NOT VALID DATA (baseline: median reciprocity error 66.8% exceeds 10%; this run: median reciprocity error 66.4% exceeds 10%)
2026-09-22 13:06:33  Reconstruction: Peak -1.361e-01 at 343 deg  |  pairs 108/108 [ok]  |  0.9x noise - INDISTINGUISHABLE FROM NOISE
2026-09-22 13:06:33  Finished. Run saved to scans\runs\20260922-125923-resistor-belt
2026-09-22 13:06:33    Frames captured: 10
2026-09-22 13:06:33    Reciprocity: median 66.4%  max 89.0%  sign flips 24/54
2026-09-22 13:06:33    Noise floor: median pair sd 0.00006 kohm (0.16%)  max 0.01255 kohm over 108 pairs
2026-09-22 13:06:33  Indexed in scans\index.csv

------------------------------------------------------------------------
2026-09-22 13:16:58  Session ended

------------------------------------------------------------------------
2026-09-22 13:17:14  Session started (hardware)
2026-09-22 13:17:14  Scans folder: C:\Users\Vidad\Documents\THESIS-PALAYAIN\scans
2026-09-22 13:17:14  66 scan(s) already recorded here.
2026-09-22 13:17:14  Ready. Settings are saved on exit.
2026-09-22 13:19:12  Connecting to COM12...
2026-09-22 13:19:12  Configuring instrument...

------------------------------------------------------------------------
2026-09-22 13:19:12  Run 20260922-131912-resistor-circle
2026-09-22 13:19:12  Conditions: medium=saline tank saline=None g/L grounding=unknown fill=None mm temp=None C
2026-09-22 13:19:12  Recording to scans\runs\20260922-131912-resistor-circle
2026-09-22 13:19:40  [warmup 1/5] 216/216 OK | I med 479.6 uA (464.6-481.9) | R med 0.0184 kohm | dV med 2248 LSB
2026-09-22 13:20:09  [warmup 2/5] 216/216 OK | I med 479.5 uA (464.6-482.0) | R med 0.0183 kohm | dV med 2244 LSB
2026-09-22 13:20:37  [warmup 3/5] 216/216 OK | I med 479.4 uA (464.3-481.9) | R med 0.0183 kohm | dV med 2246 LSB
2026-09-22 13:21:05  [warmup 4/5] 216/216 OK | I med 479.2 uA (464.5-481.7) | R med 0.0183 kohm | dV med 2243 LSB
2026-09-22 13:21:34  [warmup 5/5] 216/216 OK | I med 479.3 uA (464.7-481.8) | R med 0.0183 kohm | dV med 2246 LSB
2026-09-22 13:22:02  [frame 1] 216/216 OK | I med 479.3 uA (465.1-481.7) | R med 0.0184 kohm | dV med 2247 LSB
2026-09-22 13:22:30  [frame 2] 216/216 OK | I med 479.4 uA (464.9-481.8) | R med 0.0184 kohm | dV med 2247 LSB
2026-09-22 13:22:59  [frame 3] 216/216 OK | I med 479.4 uA (464.7-482.2) | R med 0.0184 kohm | dV med 2249 LSB
2026-09-22 13:23:27  [frame 4] 216/216 OK | I med 479.4 uA (465.0-481.8) | R med 0.0184 kohm | dV med 2251 LSB
2026-09-22 13:23:55  [frame 5] 216/216 OK | I med 479.3 uA (465.1-481.9) | R med 0.0184 kohm | dV med 2247 LSB
2026-09-22 13:24:23  [frame 6] 216/216 OK | I med 479.2 uA (465.2-481.8) | R med 0.0184 kohm | dV med 2249 LSB
2026-09-22 13:24:52  [frame 7] 216/216 OK | I med 479.4 uA (465.6-482.0) | R med 0.0184 kohm | dV med 2249 LSB
2026-09-22 13:25:20  [frame 8] 216/216 OK | I med 479.5 uA (465.6-481.8) | R med 0.0184 kohm | dV med 2245 LSB
2026-09-22 13:25:48  [frame 9] 216/216 OK | I med 479.4 uA (465.6-482.1) | R med 0.0184 kohm | dV med 2249 LSB
2026-09-22 13:26:17  [frame 10] 216/216 OK | I med 479.4 uA (465.2-481.8) | R med 0.0184 kohm | dV med 2250 LSB
2026-09-22 13:26:36  No reconstruction: This run is the session baseline; it has nothing to differ from.
2026-09-22 13:26:37  Baseline control image saved to scans\runs\20260922-131912-resistor-circle\control.png
2026-09-22 13:26:37  This run is now the session baseline (20260922-131912-resistor-circle).
2026-09-22 13:26:37  Finished. Run saved to scans\runs\20260922-131912-resistor-circle
2026-09-22 13:26:37    Frames captured: 10
2026-09-22 13:26:37    Reciprocity: median 66.5%  max 90.8%  sign flips 25/54
2026-09-22 13:26:37    Noise floor: median pair sd 0.00004 kohm (0.13%)  max 0.00274 kohm over 108 pairs
2026-09-22 13:26:37  Indexed in scans\index.csv
2026-09-22 13:32:21  Connecting to COM12...
2026-09-22 13:32:21  Configuring instrument...

------------------------------------------------------------------------
2026-09-22 13:32:21  Run 20260922-133221-resistor-circle
2026-09-22 13:32:21  Conditions: medium=saline tank saline=None g/L grounding=unknown fill=None mm temp=None C
2026-09-22 13:32:21  Recording to scans\runs\20260922-133221-resistor-circle
2026-09-22 13:32:49  [warmup 1/5] 216/216 OK | I med 479.3 uA (466.7-481.7) | R med 0.0183 kohm | dV med 2243 LSB
2026-09-22 13:33:17  [warmup 2/5] 216/216 OK | I med 479.4 uA (467.0-481.6) | R med 0.0183 kohm | dV med 2240 LSB
2026-09-22 13:33:46  [warmup 3/5] 216/216 OK | I med 479.4 uA (467.0-481.8) | R med 0.0183 kohm | dV med 2245 LSB
2026-09-22 13:34:14  [warmup 4/5] 216/216 OK | I med 479.4 uA (467.2-481.9) | R med 0.0184 kohm | dV med 2250 LSB
2026-09-22 13:34:42  [warmup 5/5] 216/216 OK | I med 479.5 uA (467.3-482.2) | R med 0.0183 kohm | dV med 2246 LSB
2026-09-22 13:35:11  [frame 1] 216/216 OK | I med 479.2 uA (467.3-481.9) | R med 0.0184 kohm | dV med 2246 LSB
2026-09-22 13:35:39  [frame 2] 216/216 OK | I med 479.3 uA (467.5-481.6) | R med 0.0184 kohm | dV med 2247 LSB
2026-09-22 13:36:33  [frame 3] 216/216 OK | I med 479.2 uA (467.6-481.6) | R med 0.0184 kohm | dV med 2246 LSB
2026-09-22 13:37:23  [frame 4] 216/216 OK | I med 479.3 uA (467.7-481.7) | R med 0.0184 kohm | dV med 2247 LSB
2026-09-22 13:38:14  [frame 5] 216/216 OK | I med 478.6 uA (461.2-481.8) | R med 0.0184 kohm | dV med 2244 LSB
2026-09-22 13:38:34  [frame 6] 216/216 OK | I med 478.6 uA (466.4-481.7) | R med 0.0184 kohm | dV med 2249 LSB
2026-09-22 13:38:53  [frame 7] 216/216 OK | I med 478.8 uA (467.3-481.8) | R med 0.0184 kohm | dV med 2244 LSB
2026-09-22 13:39:13  [frame 8] 216/216 OK | I med 478.8 uA (467.3-481.4) | R med 0.0184 kohm | dV med 2249 LSB
2026-09-22 13:39:31  [frame 9] 216/216 OK | I med 479.1 uA (468.4-481.6) | R med 0.0184 kohm | dV med 2252 LSB
2026-09-22 13:39:47  [frame 10] 216/216 OK | I med 479.1 uA (468.9-481.4) | R med 0.0184 kohm | dV med 2249 LSB
2026-09-22 13:40:03  No reconstruction: Reciprocity check failed, so no image was made (baseline: median reciprocity error 66.5% exceeds 10%; this run: median reciprocity error 66.5% exceeds 10%). Frames are saved. Fix reciprocity first, or tick the override to image anyway.
2026-09-22 13:40:03  Finished. Run saved to scans\runs\20260922-133221-resistor-circle
2026-09-22 13:40:03    Frames captured: 10
2026-09-22 13:40:03    Reciprocity: median 66.5%  max 89.0%  sign flips 25/54
2026-09-22 13:40:03    Noise floor: median pair sd 0.00004 kohm (0.14%)  max 0.00289 kohm over 108 pairs
2026-09-22 13:40:03  Indexed in scans\index.csv
2026-09-22 14:30:14  Baseline cleared; the next run will become the new baseline.
2026-09-22 14:30:18  Connecting to COM12...
2026-09-22 14:30:18  Configuring instrument...

------------------------------------------------------------------------
2026-09-22 14:30:18  Run 20260922-143018-resistor-circle
2026-09-22 14:30:18  Conditions: medium=saline tank saline=None g/L grounding=unknown fill=None mm temp=None C
2026-09-22 14:30:18  Recording to scans\runs\20260922-143018-resistor-circle
2026-09-22 14:30:40  [warmup 1/5] 216/216 OK | I med 495.9 uA (474.9-498.9) | R med 0.0182 kohm | dV med 2306 LSB
2026-09-22 14:31:01  [warmup 2/5] 216/216 OK | I med 499.2 uA (479.2-505.3) | R med 0.0182 kohm | dV med 2324 LSB
2026-09-22 14:31:22  [warmup 3/5] 216/216 OK | I med 507.1 uA (489.6-517.0) | R med 0.0182 kohm | dV med 2365 LSB
2026-09-22 14:31:43  [warmup 4/5] 216/216 OK | I med 523.5 uA (512.0-695.9) | R med 0.0182 kohm | dV med 2444 LSB
2026-09-22 14:32:04  [warmup 5/5] 216/216 OK | I med 498.1 uA (466.8-696.9) | R med 0.0181 kohm | dV med 2321 LSB
2026-09-22 14:32:25  [frame 1] 216/216 OK | I med 488.2 uA (466.0-490.4) | R med 0.0182 kohm | dV med 2267 LSB
2026-09-22 14:32:46  [frame 2] 216/216 OK | I med 487.7 uA (464.9-490.1) | R med 0.0182 kohm | dV med 2265 LSB
2026-09-22 14:33:08  [frame 3] 216/216 OK | I med 487.7 uA (460.7-490.1) | R med 0.0181 kohm | dV med 2265 LSB
2026-09-22 14:33:29  [frame 4] 216/216 OK | I med 487.5 uA (459.3-489.7) | R med 0.0182 kohm | dV med 2263 LSB
2026-09-22 14:33:50  [frame 5] 216/216 OK | I med 487.2 uA (458.0-489.3) | R med 0.0182 kohm | dV med 2263 LSB
2026-09-22 14:34:10  [frame 6] 216/216 OK | I med 487.1 uA (456.1-489.3) | R med 0.0181 kohm | dV med 2261 LSB
2026-09-22 14:34:31  [frame 7] 216/216 OK | I med 486.8 uA (452.4-489.4) | R med 0.0181 kohm | dV med 2260 LSB
2026-09-22 14:34:52  [frame 8] 216/216 OK | I med 486.7 uA (449.4-488.9) | R med 0.0181 kohm | dV med 2260 LSB
2026-09-22 14:35:13  [frame 9] 216/216 OK | I med 486.5 uA (444.9-488.7) | R med 0.0182 kohm | dV med 2260 LSB
2026-09-22 14:35:34  [frame 10] 216/216 OK | I med 486.4 uA (462.0-488.9) | R med 0.0181 kohm | dV med 2258 LSB
2026-09-22 14:35:34  No reconstruction: This run is the session baseline; it has nothing to differ from.
2026-09-22 14:35:36  Baseline control image saved to scans\runs\20260922-143018-resistor-circle\control.png
2026-09-22 14:35:36  This run is now the session baseline (20260922-143018-resistor-circle).
2026-09-22 14:35:36  Finished. Run saved to scans\runs\20260922-143018-resistor-circle
2026-09-22 14:35:36    Frames captured: 10
2026-09-22 14:35:36    Reciprocity: median 0.1%  max 0.3%  sign flips 0/54
2026-09-22 14:35:36    Noise floor: median pair sd 0.00003 kohm (0.14%)  max 0.00006 kohm over 108 pairs
2026-09-22 14:35:36  Indexed in scans\index.csv
2026-09-22 14:36:52  Connecting to COM12...
2026-09-22 14:36:52  Configuring instrument...

------------------------------------------------------------------------
2026-09-22 14:36:52  Run 20260922-143652-resistor-circle
2026-09-22 14:36:52  Conditions: medium=saline tank saline=None g/L grounding=unknown fill=None mm temp=None C
2026-09-22 14:36:52  Recording to scans\runs\20260922-143652-resistor-circle
2026-09-22 14:37:13  [warmup 1/5] 216/216 OK | I med 492.4 uA (470.3-495.0) | R med 0.0181 kohm | dV med 2287 LSB
2026-09-22 14:37:34  [warmup 2/5] 216/216 OK | I med 492.5 uA (469.5-495.0) | R med 0.0182 kohm | dV med 2287 LSB
2026-09-22 14:37:55  [warmup 3/5] 216/216 OK | I med 492.4 uA (469.3-494.8) | R med 0.0182 kohm | dV med 2288 LSB
2026-09-22 14:38:16  [warmup 4/5] 216/216 OK | I med 492.1 uA (469.9-494.6) | R med 0.0181 kohm | dV med 2286 LSB
2026-09-22 14:38:37  [warmup 5/5] 216/216 OK | I med 491.8 uA (469.4-494.3) | R med 0.0181 kohm | dV med 2285 LSB
2026-09-22 14:38:58  [frame 1] 216/216 OK | I med 492.0 uA (469.7-494.6) | R med 0.0181 kohm | dV med 2284 LSB
2026-09-22 14:39:19  [frame 2] 216/216 OK | I med 492.0 uA (469.6-494.8) | R med 0.0181 kohm | dV med 2284 LSB
2026-09-22 14:39:40  [frame 3] 216/216 OK | I med 492.1 uA (469.8-494.5) | R med 0.0182 kohm | dV med 2286 LSB
2026-09-22 14:40:01  [frame 4] 216/216 OK | I med 492.1 uA (469.3-494.7) | R med 0.0182 kohm | dV med 2287 LSB
2026-09-22 14:40:22  [frame 5] 216/216 OK | I med 492.4 uA (472.2-494.9) | R med 0.0181 kohm | dV med 2288 LSB
2026-09-22 14:40:43  [frame 6] 216/216 OK | I med 492.9 uA (472.8-495.5) | R med 0.0181 kohm | dV med 2289 LSB
2026-09-22 14:41:04  [frame 7] 216/216 OK | I med 493.3 uA (473.5-496.3) | R med 0.0182 kohm | dV med 2293 LSB
2026-09-22 14:41:25  [frame 8] 216/216 OK | I med 494.0 uA (474.3-496.6) | R med 0.0182 kohm | dV med 2295 LSB
2026-09-22 14:41:46  [frame 9] 216/216 OK | I med 494.2 uA (475.0-496.9) | R med 0.0181 kohm | dV med 2296 LSB
2026-09-22 14:42:07  [frame 10] 216/216 OK | I med 494.7 uA (475.8-497.4) | R med 0.0182 kohm | dV med 2299 LSB
2026-09-22 14:42:09  Reconstruction: Peak -1.500e-03 at 315 deg  |  pairs 108/108 [ok]  |  2.6x the noise image
2026-09-22 14:42:09  Finished. Run saved to scans\runs\20260922-143652-resistor-circle
2026-09-22 14:42:09    Frames captured: 10
2026-09-22 14:42:09    Reciprocity: median 0.1%  max 0.3%  sign flips 0/54
2026-09-22 14:42:09    Noise floor: median pair sd 0.00003 kohm (0.15%)  max 0.00006 kohm over 108 pairs
2026-09-22 14:42:09  Indexed in scans\index.csv
2026-09-22 14:50:44  Baseline cleared; the next run will become the new baseline.
2026-09-22 14:51:15  Connecting to COM12...
2026-09-22 14:51:15  Configuring instrument...

------------------------------------------------------------------------
2026-09-22 14:51:15  Run 20260922-145115-purified-saline
2026-09-22 14:51:15  Conditions: medium=purified saline tank saline=None g/L grounding=grounded fill=None mm temp=None C
2026-09-22 14:51:15  Recording to scans\runs\20260922-145115-purified-saline
2026-09-22 14:51:36  [warmup 1/5] 216/216 OK | I med 245.4 uA (83.0-317.4) | R med 0.0099 kohm | dV med 612 LSB
2026-09-22 14:51:57  [warmup 2/5] 216/216 OK | I med 245.8 uA (87.1-317.0) | R med 0.0096 kohm | dV med 609 LSB
2026-09-22 14:52:18  [warmup 3/5] 216/216 OK | I med 246.2 uA (88.1-319.3) | R med 0.0099 kohm | dV med 613 LSB
2026-09-22 14:52:39  [warmup 4/5] 216/216 OK | I med 246.0 uA (88.1-320.2) | R med 0.0099 kohm | dV med 621 LSB
2026-09-22 14:53:00  [warmup 5/5] 216/216 OK | I med 246.7 uA (88.2-321.8) | R med 0.0098 kohm | dV med 612 LSB
2026-09-22 14:53:21  [frame 1] 216/216 OK | I med 247.1 uA (90.6-322.8) | R med 0.0099 kohm | dV med 616 LSB
2026-09-22 14:53:42  [frame 2] 216/216 OK | I med 247.8 uA (91.1-324.4) | R med 0.0099 kohm | dV med 613 LSB
2026-09-22 14:54:03  [frame 3] 216/216 OK | I med 248.1 uA (90.9-325.1) | R med 0.0100 kohm | dV med 619 LSB
2026-09-22 14:54:23  [frame 4] 216/216 OK | I med 247.5 uA (91.5-323.5) | R med 0.0099 kohm | dV med 615 LSB
2026-09-22 14:54:44  [frame 5] 216/216 OK | I med 247.7 uA (92.1-325.1) | R med 0.0098 kohm | dV med 615 LSB
2026-09-22 14:55:05  [frame 6] 216/216 OK | I med 248.3 uA (92.4-325.5) | R med 0.0100 kohm | dV med 620 LSB
2026-09-22 14:55:26  [frame 7] 216/216 OK | I med 248.0 uA (92.4-326.6) | R med 0.0100 kohm | dV med 616 LSB
2026-09-22 14:55:47  [frame 8] 216/216 OK | I med 247.6 uA (92.4-325.7) | R med 0.0099 kohm | dV med 618 LSB
2026-09-22 14:56:08  [frame 9] 216/216 OK | I med 247.6 uA (93.1-325.1) | R med 0.0098 kohm | dV med 618 LSB
2026-09-22 14:56:29  [frame 10] 216/216 OK | I med 246.5 uA (92.1-324.8) | R med 0.0098 kohm | dV med 615 LSB
2026-09-22 14:56:29  No reconstruction: This run is the session baseline; it has nothing to differ from.
2026-09-22 14:56:31  Baseline control image saved to scans\runs\20260922-145115-purified-saline\control.png
2026-09-22 14:56:31  This run is now the session baseline (20260922-145115-purified-saline).
2026-09-22 14:56:31  Finished. Run saved to scans\runs\20260922-145115-purified-saline
2026-09-22 14:56:31    Frames captured: 10
2026-09-22 14:56:31    Reciprocity: median 12.1%  max 91.9%  sign flips 3/54
2026-09-22 14:56:31    Noise floor: median pair sd 0.00015 kohm (1.06%)  max 0.00175 kohm over 108 pairs
2026-09-22 14:56:31  Indexed in scans\index.csv
2026-09-22 14:58:25  Connecting to COM12...
2026-09-22 14:58:25  Configuring instrument...

------------------------------------------------------------------------
2026-09-22 14:58:25  Run 20260922-145825-purified-saline
2026-09-22 14:58:25  Conditions: medium=purified saline tank saline=None g/L grounding=grounded fill=None mm temp=None C
2026-09-22 14:58:25  Recording to scans\runs\20260922-145825-purified-saline
2026-09-22 14:58:46  [warmup 1/5] 216/216 OK | I med 246.3 uA (95.2-329.7) | R med 0.0119 kohm | dV med 698 LSB
2026-09-22 14:59:07  [warmup 2/5] 216/216 OK | I med 246.8 uA (95.4-329.5) | R med 0.0118 kohm | dV med 700 LSB
2026-09-22 14:59:28  [warmup 3/5] 216/216 OK | I med 246.9 uA (95.2-328.9) | R med 0.0119 kohm | dV med 695 LSB
2026-09-22 14:59:49  [warmup 4/5] 216/216 OK | I med 247.3 uA (94.7-329.3) | R med 0.0119 kohm | dV med 695 LSB
2026-09-22 15:00:10  [warmup 5/5] 216/216 OK | I med 248.4 uA (95.5-330.0) | R med 0.0119 kohm | dV med 700 LSB
2026-09-22 15:00:31  [frame 1] 216/216 OK | I med 249.3 uA (95.8-331.8) | R med 0.0118 kohm | dV med 702 LSB
2026-09-22 15:00:52  [frame 2] 216/216 OK | I med 250.8 uA (96.7-333.7) | R med 0.0119 kohm | dV med 707 LSB
2026-09-22 15:01:13  [frame 3] 216/216 OK | I med 252.7 uA (97.0-335.1) | R med 0.0120 kohm | dV med 716 LSB
2026-09-22 15:01:34  [frame 4] 216/216 OK | I med 253.4 uA (97.8-336.4) | R med 0.0120 kohm | dV med 716 LSB
2026-09-22 15:01:55  [frame 5] 216/216 OK | I med 254.1 uA (98.5-337.5) | R med 0.0119 kohm | dV med 721 LSB
2026-09-22 15:02:16  [frame 6] 216/216 OK | I med 256.6 uA (99.4-339.9) | R med 0.0119 kohm | dV med 724 LSB
2026-09-22 15:02:37  [frame 7] 216/216 OK | I med 257.0 uA (99.8-341.7) | R med 0.0119 kohm | dV med 728 LSB
2026-09-22 15:02:58  [frame 8] 216/216 OK | I med 256.6 uA (99.1-339.2) | R med 0.0121 kohm | dV med 723 LSB
2026-09-22 15:03:19  [frame 9] 216/216 OK | I med 256.0 uA (99.5-339.1) | R med 0.0120 kohm | dV med 721 LSB
2026-09-22 15:03:40  [frame 10] 216/216 OK | I med 256.0 uA (99.0-338.8) | R med 0.0119 kohm | dV med 720 LSB
2026-09-22 15:03:40  No reconstruction: Reciprocity check failed, so no image was made (baseline: median reciprocity error 12.1% exceeds 10%; this run: median reciprocity error 11.5% exceeds 10%). Frames are saved. Fix reciprocity first, or tick the override to image anyway.
2026-09-22 15:03:40  Finished. Run saved to scans\runs\20260922-145825-purified-saline
2026-09-22 15:03:40    Frames captured: 10
2026-09-22 15:03:40    Reciprocity: median 11.5%  max 96.1%  sign flips 2/54
2026-09-22 15:03:40    Noise floor: median pair sd 0.00012 kohm (0.99%)  max 0.01065 kohm over 108 pairs
2026-09-22 15:03:40  Indexed in scans\index.csv
2026-09-22 15:04:39  Connecting to COM12...
2026-09-22 15:04:39  Configuring instrument...

------------------------------------------------------------------------
2026-09-22 15:04:39  Run 20260922-150439-purified-saline
2026-09-22 15:04:39  Conditions: medium=purified saline tank saline=None g/L grounding=unknown fill=None mm temp=None C
2026-09-22 15:04:39  Recording to scans\runs\20260922-150439-purified-saline
2026-09-22 15:05:00  [warmup 1/5] 216/216 OK | I med 261.6 uA (102.9-346.4) | R med 0.0120 kohm | dV med 728 LSB
2026-09-22 15:05:21  [warmup 2/5] 216/216 OK | I med 262.5 uA (104.1-346.7) | R med 0.0122 kohm | dV med 742 LSB
2026-09-22 15:05:42  [warmup 3/5] 216/216 OK | I med 261.7 uA (103.0-346.3) | R med 0.0120 kohm | dV med 740 LSB
2026-09-22 15:06:03  [warmup 4/5] 216/216 OK | I med 263.1 uA (104.0-347.1) | R med 0.0121 kohm | dV med 742 LSB
2026-09-22 15:06:24  [warmup 5/5] 216/216 OK | I med 262.9 uA (103.7-348.0) | R med 0.0121 kohm | dV med 744 LSB
2026-09-22 15:06:45  [frame 1] 216/216 OK | I med 263.5 uA (103.3-347.5) | R med 0.0120 kohm | dV med 740 LSB
2026-09-22 15:07:06  [frame 2] 216/216 OK | I med 264.2 uA (104.7-349.0) | R med 0.0121 kohm | dV med 749 LSB
2026-09-22 15:07:27  [frame 3] 216/216 OK | I med 263.3 uA (104.9-349.0) | R med 0.0120 kohm | dV med 744 LSB
2026-09-22 15:07:48  [frame 4] 216/216 OK | I med 262.4 uA (103.4-347.6) | R med 0.0121 kohm | dV med 737 LSB
2026-09-22 15:08:09  [frame 5] 216/216 OK | I med 261.6 uA (103.6-347.0) | R med 0.0121 kohm | dV med 737 LSB
2026-09-22 15:08:30  [frame 6] 216/216 OK | I med 261.2 uA (103.3-345.6) | R med 0.0120 kohm | dV med 737 LSB
2026-09-22 15:08:51  [frame 7] 216/216 OK | I med 260.6 uA (103.0-345.5) | R med 0.0120 kohm | dV med 736 LSB
2026-09-22 15:09:12  [frame 8] 216/216 OK | I med 260.5 uA (103.4-345.2) | R med 0.0121 kohm | dV med 736 LSB
2026-09-22 15:09:33  [frame 9] 216/216 OK | I med 259.3 uA (101.2-342.1) | R med 0.0122 kohm | dV med 729 LSB
2026-09-22 15:09:54  [frame 10] 216/216 OK | I med 259.9 uA (102.3-343.5) | R med 0.0118 kohm | dV med 734 LSB
2026-09-22 15:09:54  No reconstruction: Reciprocity check failed, so no image was made (baseline: median reciprocity error 12.1% exceeds 10%). Frames are saved. Fix reciprocity first, or tick the override to image anyway.
2026-09-22 15:09:54  Finished. Run saved to scans\runs\20260922-150439-purified-saline
2026-09-22 15:09:54    Frames captured: 10
2026-09-22 15:09:54    Reciprocity: median 9.9%  max 99.3%  sign flips 4/54
2026-09-22 15:09:54    Noise floor: median pair sd 0.00012 kohm (0.80%)  max 0.00292 kohm over 108 pairs
2026-09-22 15:09:54  Indexed in scans\index.csv
2026-09-22 15:17:54  Baseline cleared; the next run will become the new baseline.
2026-09-22 15:18:00  Connecting to COM12...
2026-09-22 15:18:00  Configuring instrument...

------------------------------------------------------------------------
2026-09-22 15:18:00  Run 20260922-151800-purified-saline-2
2026-09-22 15:18:00  Conditions: medium=purified saline tank saline=None g/L grounding=unknown fill=None mm temp=None C
2026-09-22 15:18:00  Recording to scans\runs\20260922-151800-purified-saline-2
2026-09-22 15:18:21  [warmup 1/5] 216/216 OK | I med 230.2 uA (89.0-309.8) | R med 0.0099 kohm | dV med 558 LSB
2026-09-22 15:18:42  [warmup 2/5] 216/216 OK | I med 230.5 uA (88.7-309.5) | R med 0.0095 kohm | dV med 557 LSB
2026-09-22 15:19:03  [warmup 3/5] 216/216 OK | I med 230.7 uA (88.9-308.6) | R med 0.0095 kohm | dV med 561 LSB
2026-09-22 15:19:24  [warmup 4/5] 216/216 OK | I med 230.9 uA (88.3-308.4) | R med 0.0095 kohm | dV med 558 LSB
2026-09-22 15:19:45  [warmup 5/5] 216/216 OK | I med 230.9 uA (87.9-308.9) | R med 0.0096 kohm | dV med 561 LSB
2026-09-22 15:20:06  [frame 1] 216/216 OK | I med 230.7 uA (87.2-308.9) | R med 0.0096 kohm | dV med 557 LSB
2026-09-22 15:20:27  [frame 2] 216/216 OK | I med 230.6 uA (87.5-309.0) | R med 0.0095 kohm | dV med 553 LSB
2026-09-22 15:20:48  [frame 3] 216/216 OK | I med 230.7 uA (87.8-309.1) | R med 0.0096 kohm | dV med 558 LSB
2026-09-22 15:21:09  [frame 4] 216/216 OK | I med 230.6 uA (87.1-308.7) | R med 0.0096 kohm | dV med 563 LSB
2026-09-22 15:21:30  [frame 5] 216/216 OK | I med 230.7 uA (87.7-308.4) | R med 0.0096 kohm | dV med 558 LSB
2026-09-22 15:21:51  [frame 6] 216/216 OK | I med 230.8 uA (87.8-308.6) | R med 0.0096 kohm | dV med 559 LSB
2026-09-22 15:22:12  [frame 7] 216/216 OK | I med 231.0 uA (88.0-309.1) | R med 0.0096 kohm | dV med 556 LSB
2026-09-22 15:22:33  [frame 8] 216/216 OK | I med 231.2 uA (88.0-309.8) | R med 0.0095 kohm | dV med 561 LSB
2026-09-22 15:22:54  [frame 9] 216/216 OK | I med 231.6 uA (87.8-309.7) | R med 0.0095 kohm | dV med 558 LSB
2026-09-22 15:23:15  [frame 10] 216/216 OK | I med 231.5 uA (87.1-310.1) | R med 0.0095 kohm | dV med 556 LSB
2026-09-22 15:23:15  No reconstruction: This run is the session baseline; it has nothing to differ from.
2026-09-22 15:23:16  Baseline control image saved to scans\runs\20260922-151800-purified-saline-2\control.png
2026-09-22 15:23:16  This run is now the session baseline (20260922-151800-purified-saline-2).
2026-09-22 15:23:16  Finished. Run saved to scans\runs\20260922-151800-purified-saline-2
2026-09-22 15:23:16    Frames captured: 10
2026-09-22 15:23:16    Reciprocity: median 11.2%  max 99.4%  sign flips 3/54
2026-09-22 15:23:16    Noise floor: median pair sd 0.00012 kohm (0.97%)  max 0.00256 kohm over 108 pairs
2026-09-22 15:23:16  Indexed in scans\index.csv
2026-09-22 15:24:22  Connecting to COM12...
2026-09-22 15:24:22  Configuring instrument...

------------------------------------------------------------------------
2026-09-22 15:24:22  Run 20260922-152422-purified-saline-2
2026-09-22 15:24:22  Conditions: medium=purified saline tank saline=None g/L grounding=unknown fill=None mm temp=None C
2026-09-22 15:24:22  Recording to scans\runs\20260922-152422-purified-saline-2
2026-09-22 15:24:43  [warmup 1/5] 216/216 OK | I med 231.5 uA (89.7-311.5) | R med 0.0119 kohm | dV med 658 LSB
2026-09-22 15:25:04  [warmup 2/5] 216/216 OK | I med 232.2 uA (88.8-311.1) | R med 0.0118 kohm | dV med 662 LSB
2026-09-22 15:25:25  [warmup 3/5] 216/216 OK | I med 232.4 uA (89.0-311.1) | R med 0.0118 kohm | dV med 662 LSB
2026-09-22 15:25:46  [warmup 4/5] 216/216 OK | I med 232.7 uA (89.2-310.9) | R med 0.0118 kohm | dV med 658 LSB
2026-09-22 15:26:07  [warmup 5/5] 216/216 OK | I med 232.8 uA (89.7-310.9) | R med 0.0118 kohm | dV med 656 LSB
2026-09-22 15:26:28  [frame 1] 216/216 OK | I med 232.9 uA (88.8-312.1) | R med 0.0117 kohm | dV med 658 LSB
2026-09-22 15:26:49  [frame 2] 216/216 OK | I med 233.0 uA (88.7-311.5) | R med 0.0118 kohm | dV med 663 LSB
2026-09-22 15:27:10  [frame 3] 216/216 OK | I med 233.0 uA (88.5-311.7) | R med 0.0117 kohm | dV med 661 LSB
2026-09-22 15:27:31  [frame 4] 216/216 OK | I med 233.2 uA (88.9-311.9) | R med 0.0117 kohm | dV med 662 LSB
2026-09-22 15:27:52  [frame 5] 216/216 OK | I med 233.9 uA (88.6-312.2) | R med 0.0117 kohm | dV med 662 LSB
2026-09-22 15:28:13  [frame 6] 216/216 OK | I med 235.0 uA (89.9-313.9) | R med 0.0117 kohm | dV med 671 LSB
2026-09-22 15:28:34  [frame 7] 216/216 OK | I med 235.1 uA (89.9-314.1) | R med 0.0116 kohm | dV med 665 LSB
2026-09-22 15:28:55  [frame 8] 216/216 OK | I med 235.4 uA (90.0-315.1) | R med 0.0117 kohm | dV med 666 LSB
2026-09-22 15:29:16  [frame 9] 216/216 OK | I med 235.7 uA (89.9-315.2) | R med 0.0116 kohm | dV med 665 LSB
2026-09-22 15:29:37  [frame 10] 216/216 OK | I med 236.1 uA (90.7-315.5) | R med 0.0118 kohm | dV med 672 LSB
2026-09-22 15:29:37  No reconstruction: Reciprocity check failed, so no image was made (baseline: median reciprocity error 11.2% exceeds 10%). Frames are saved. Fix reciprocity first, or tick the override to image anyway.
2026-09-22 15:29:37  Finished. Run saved to scans\runs\20260922-152422-purified-saline-2
2026-09-22 15:29:37    Frames captured: 10
2026-09-22 15:29:37    Reciprocity: median 8.8%  max 98.8%  sign flips 4/54
2026-09-22 15:29:37    Noise floor: median pair sd 0.00012 kohm (0.90%)  max 0.00103 kohm over 108 pairs
2026-09-22 15:29:37  Indexed in scans\index.csv
2026-09-22 15:31:16  Connecting to COM12...
2026-09-22 15:31:16  Configuring instrument...

------------------------------------------------------------------------
2026-09-22 15:31:16  Run 20260922-153116-purified-saline-2
2026-09-22 15:31:16  Conditions: medium=purified saline tank saline=None g/L grounding=unknown fill=None mm temp=None C
2026-09-22 15:31:16  Recording to scans\runs\20260922-153116-purified-saline-2
2026-09-22 15:31:37  [warmup 1/5] 216/216 OK | I med 237.7 uA (92.2-319.2) | R med 0.0118 kohm | dV med 665 LSB
2026-09-22 15:31:58  [warmup 2/5] 216/216 OK | I med 238.5 uA (92.3-319.0) | R med 0.0118 kohm | dV med 684 LSB
2026-09-22 15:32:19  [warmup 3/5] 216/216 OK | I med 239.0 uA (92.3-319.0) | R med 0.0118 kohm | dV med 679 LSB
2026-09-22 15:32:40  [warmup 4/5] 216/216 OK | I med 239.2 uA (92.7-320.2) | R med 0.0117 kohm | dV med 676 LSB
2026-09-22 15:33:01  [warmup 5/5] 216/216 OK | I med 239.7 uA (92.2-320.2) | R med 0.0117 kohm | dV med 679 LSB
2026-09-22 15:33:22  [frame 1] 216/216 OK | I med 240.2 uA (92.6-319.9) | R med 0.0117 kohm | dV med 678 LSB
2026-09-22 15:33:43  [frame 2] 216/216 OK | I med 240.2 uA (93.0-320.9) | R med 0.0117 kohm | dV med 682 LSB
2026-09-22 15:34:04  [frame 3] 216/216 OK | I med 240.1 uA (92.8-321.4) | R med 0.0117 kohm | dV med 679 LSB
2026-09-22 15:34:25  [frame 4] 216/216 OK | I med 240.5 uA (92.6-321.2) | R med 0.0116 kohm | dV med 687 LSB
2026-09-22 15:34:46  [frame 5] 216/216 OK | I med 240.2 uA (92.5-321.2) | R med 0.0115 kohm | dV med 679 LSB
2026-09-22 15:35:06  [frame 6] 216/216 OK | I med 240.4 uA (92.3-320.8) | R med 0.0118 kohm | dV med 692 LSB
2026-09-22 15:35:27  [frame 7] 216/216 OK | I med 239.6 uA (92.4-321.2) | R med 0.0117 kohm | dV med 679 LSB
2026-09-22 15:35:48  [frame 8] 216/216 OK | I med 239.2 uA (91.8-320.6) | R med 0.0116 kohm | dV med 681 LSB
2026-09-22 15:36:09  [frame 9] 216/216 OK | I med 239.1 uA (91.7-320.6) | R med 0.0116 kohm | dV med 676 LSB
2026-09-22 15:36:30  [frame 10] 216/216 OK | I med 238.4 uA (91.1-319.5) | R med 0.0117 kohm | dV med 674 LSB
2026-09-22 15:36:30  No reconstruction: Reciprocity check failed, so no image was made (baseline: median reciprocity error 11.2% exceeds 10%). Frames are saved. Fix reciprocity first, or tick the override to image anyway.
2026-09-22 15:36:30  Finished. Run saved to scans\runs\20260922-153116-purified-saline-2
2026-09-22 15:36:30    Frames captured: 10
2026-09-22 15:36:30    Reciprocity: median 9.1%  max 98.8%  sign flips 3/54
2026-09-22 15:36:30    Noise floor: median pair sd 0.00012 kohm (0.88%)  max 0.00087 kohm over 108 pairs
2026-09-22 15:36:30  Indexed in scans\index.csv

------------------------------------------------------------------------
2026-09-22 15:43:59  Session ended

------------------------------------------------------------------------
2026-09-22 15:44:30  Session started (hardware)
2026-09-22 15:44:30  Scans folder: C:\Users\Vidad\Documents\THESIS-PALAYAIN\scans
2026-09-22 15:44:30  76 scan(s) already recorded here.
2026-09-22 15:44:30  Ready. Settings are saved on exit.
2026-09-22 15:45:23  Connecting to COM12...
2026-09-22 15:45:23  Configuring instrument...

------------------------------------------------------------------------
2026-09-22 15:45:23  Run 20260922-154523-tank-baseline-purified-saline
2026-09-22 15:45:23  Conditions: medium=purified saline tank saline=None g/L grounding=unknown fill=None mm temp=None C
2026-09-22 15:45:23  Recording to scans\runs\20260922-154523-tank-baseline-purified-saline
2026-09-22 15:45:44  [warmup 1/5] 216/216 OK | I med 234.6 uA (88.5-316.5) | R med 0.0097 kohm | dV med 573 LSB
2026-09-22 15:46:05  [warmup 2/5] 216/216 OK | I med 234.8 uA (88.1-316.0) | R med 0.0096 kohm | dV med 572 LSB
2026-09-22 15:46:26  [warmup 3/5] 216/216 OK | I med 235.2 uA (88.7-316.5) | R med 0.0096 kohm | dV med 574 LSB
2026-09-22 15:46:47  [warmup 4/5] 216/216 OK | I med 235.3 uA (88.5-317.2) | R med 0.0095 kohm | dV med 570 LSB
2026-09-22 15:47:08  [warmup 5/5] 216/216 OK | I med 235.3 uA (88.0-316.4) | R med 0.0094 kohm | dV med 571 LSB
2026-09-22 15:47:29  [frame 1] 216/216 OK | I med 235.3 uA (88.2-316.9) | R med 0.0094 kohm | dV med 572 LSB
2026-09-22 15:47:50  [frame 2] 216/216 OK | I med 235.7 uA (88.6-316.6) | R med 0.0096 kohm | dV med 571 LSB
2026-09-22 15:48:11  [frame 3] 216/216 OK | I med 235.5 uA (88.6-317.2) | R med 0.0097 kohm | dV med 575 LSB
2026-09-22 15:48:32  [frame 4] 216/216 OK | I med 235.5 uA (88.4-316.6) | R med 0.0095 kohm | dV med 570 LSB
2026-09-22 15:48:53  [frame 5] 216/216 OK | I med 236.4 uA (88.3-367.1) | R med 0.0095 kohm | dV med 576 LSB
2026-09-22 15:49:16  [frame 6] 216/216 OK | I med 237.6 uA (88.0-319.8) | R med 0.0093 kohm | dV med 576 LSB
2026-09-22 15:49:44  [frame 7] 216/216 OK | I med 234.2 uA (73.3-316.2) | R med 0.0084 kohm | dV med 494 LSB
2026-09-22 15:50:13  [frame 8] 216/216 OK | I med 235.0 uA (73.4-316.5) | R med 0.0084 kohm | dV med 496 LSB
2026-09-22 15:50:41  [frame 9] 216/216 OK | I med 235.8 uA (73.3-317.7) | R med 0.0085 kohm | dV med 494 LSB
2026-09-22 15:51:09  [frame 10] 216/216 OK | I med 236.3 uA (74.2-317.4) | R med 0.0085 kohm | dV med 494 LSB
2026-09-22 15:51:29  No reconstruction: This run is the session baseline; it has nothing to differ from.
2026-09-22 15:51:30  Baseline control image saved to scans\runs\20260922-154523-tank-baseline-purified-saline\control.png
2026-09-22 15:51:30  This run is now the session baseline (20260922-154523-tank-baseline-purified-saline).
2026-09-22 15:51:30  Finished. Run saved to scans\runs\20260922-154523-tank-baseline-purified-saline
2026-09-22 15:51:30    Frames captured: 10
2026-09-22 15:51:30    Reciprocity: median 11.3%  max 95.4%  sign flips 4/54
2026-09-22 15:51:30    Check electrode contact: E2 86%, E1 69%, E3 43% (all pairs median 11%)
2026-09-22 15:51:30    Noise floor: median pair sd 0.00079 kohm (7.97%)  max 0.04098 kohm over 108 pairs
2026-09-22 15:51:30  Indexed in scans\index.csv
2026-09-22 15:52:22  Connecting to COM12...
2026-09-22 15:52:22  Configuring instrument...

------------------------------------------------------------------------
2026-09-22 15:52:22  Run 20260922-155222-tank-baseline-purified-saline
2026-09-22 15:52:22  Conditions: medium=purified saline tank saline=None g/L grounding=unknown fill=None mm temp=None C
2026-09-22 15:52:22  Recording to scans\runs\20260922-155222-tank-baseline-purified-saline
2026-09-22 15:52:51  [warmup 1/5] 216/216 OK | I med 237.6 uA (75.0-321.4) | R med 0.0101 kohm | dV med 590 LSB
2026-09-22 15:53:19  [warmup 2/5] 216/216 OK | I med 243.3 uA (78.4-328.2) | R med 0.0103 kohm | dV med 600 LSB
2026-09-22 15:53:47  [warmup 3/5] 216/216 OK | I med 247.1 uA (79.6-332.2) | R med 0.0103 kohm | dV med 627 LSB
2026-09-22 15:54:16  [warmup 4/5] 216/216 OK | I med 246.3 uA (78.4-330.1) | R med 0.0103 kohm | dV med 616 LSB
2026-09-22 15:54:44  [warmup 5/5] 216/216 OK | I med 247.5 uA (79.6-331.7) | R med 0.0102 kohm | dV med 624 LSB
2026-09-22 15:55:12  [frame 1] 216/216 OK | I med 252.1 uA (81.4-336.4) | R med 0.0104 kohm | dV med 630 LSB
2026-09-22 15:55:36  [frame 2] 216/216 OK | I med 259.8 uA (94.6-348.1) | R med 0.0111 kohm | dV med 711 LSB
2026-09-22 15:55:57  [frame 3] 216/216 OK | I med 263.5 uA (104.4-351.0) | R med 0.0120 kohm | dV med 772 LSB
2026-09-22 15:56:18  [frame 4] 216/216 OK | I med 266.5 uA (106.3-354.2) | R med 0.0121 kohm | dV med 785 LSB
2026-09-22 15:56:40  [frame 5] 216/216 OK | I med 269.5 uA (108.3-357.7) | R med 0.0120 kohm | dV med 798 LSB
2026-09-22 15:57:06  [frame 6] 216/216 OK | I med 271.2 uA (91.2-358.9) | R med 0.0107 kohm | dV med 719 LSB
2026-09-22 15:57:27  [frame 7] 216/216 OK | I med 281.1 uA (114.3-363.8) | R med 0.0120 kohm | dV med 822 LSB
2026-09-22 15:57:48  [frame 8] 216/216 OK | I med 338.4 uA (95.7-661.9) | R med 0.0126 kohm | dV med 1322 LSB
2026-09-22 15:58:09  [frame 9] 216/216 OK | I med 237.2 uA (83.6-309.2) | R med 0.0115 kohm | dV med 687 LSB
2026-09-22 15:58:29  [frame 10] 216/216 OK | I med 235.9 uA (84.6-310.1) | R med 0.0119 kohm | dV med 680 LSB
2026-09-22 15:58:51  Reconstruction: Peak -3.401e-01 at 227 deg  |  pairs 108/108 [ok]  |  1.1x noise - INDISTINGUISHABLE FROM NOISE
2026-09-22 15:58:51  Finished. Run saved to scans\runs\20260922-155222-tank-baseline-purified-saline
2026-09-22 15:58:51    Frames captured: 10
2026-09-22 15:58:51    Reciprocity: median 11.2%  max 95.2%  sign flips 4/54
2026-09-22 15:58:51    Check electrode contact: E2 81%, E1 65%, E3 40% (all pairs median 11%)
2026-09-22 15:58:51    Noise floor: median pair sd 0.00108 kohm (9.75%)  max 0.04800 kohm over 108 pairs
2026-09-22 15:58:51  Indexed in scans\index.csv
2026-09-22 16:02:41  Baseline cleared; the next run will become the new baseline.
2026-09-22 16:03:29  Connecting to COM12...
2026-09-22 16:03:29  Configuring instrument...

------------------------------------------------------------------------
2026-09-22 16:03:29  Run 20260922-160329-tank-baseline-purified-saline-2
2026-09-22 16:03:29  Conditions: medium=purified saline tank saline=None g/L grounding=unknown fill=None mm temp=None C
2026-09-22 16:03:29  Recording to scans\runs\20260922-160329-tank-baseline-purified-saline-2
2026-09-22 16:03:58  [warmup 1/5] 216/216 OK | I med 233.3 uA (71.9-314.2) | R med 0.0089 kohm | dV med 490 LSB
2026-09-22 16:04:26  [warmup 2/5] 216/216 OK | I med 233.6 uA (71.4-313.8) | R med 0.0083 kohm | dV med 487 LSB
2026-09-22 16:04:54  [warmup 3/5] 216/216 OK | I med 234.1 uA (71.3-313.5) | R med 0.0083 kohm | dV med 487 LSB
2026-09-22 16:05:22  [warmup 4/5] 216/216 OK | I med 234.1 uA (70.8-313.5) | R med 0.0083 kohm | dV med 488 LSB
2026-09-22 16:05:51  [warmup 5/5] 216/216 OK | I med 234.0 uA (71.6-313.8) | R med 0.0086 kohm | dV med 489 LSB
2026-09-22 16:06:19  [frame 1] 216/216 OK | I med 234.4 uA (70.5-313.9) | R med 0.0084 kohm | dV med 488 LSB
2026-09-22 16:06:47  [frame 2] 216/216 OK | I med 234.5 uA (70.5-314.7) | R med 0.0085 kohm | dV med 492 LSB
2026-09-22 16:07:16  [frame 3] 216/216 OK | I med 234.9 uA (70.5-314.4) | R med 0.0086 kohm | dV med 485 LSB
2026-09-22 16:07:44  [frame 4] 216/216 OK | I med 234.3 uA (70.8-314.4) | R med 0.0084 kohm | dV med 490 LSB
2026-09-22 16:08:12  [frame 5] 216/216 OK | I med 234.6 uA (69.9-314.4) | R med 0.0085 kohm | dV med 487 LSB
2026-09-22 16:08:41  [frame 6] 216/216 OK | I med 234.6 uA (70.9-315.1) | R med 0.0085 kohm | dV med 490 LSB
2026-09-22 16:09:09  [frame 7] 216/216 OK | I med 234.6 uA (70.5-314.6) | R med 0.0085 kohm | dV med 487 LSB
2026-09-22 16:09:37  [frame 8] 216/216 OK | I med 234.6 uA (70.9-314.7) | R med 0.0085 kohm | dV med 488 LSB
2026-09-22 16:10:06  [frame 9] 216/216 OK | I med 234.5 uA (70.4-315.0) | R med 0.0084 kohm | dV med 492 LSB
2026-09-22 16:10:34  [frame 10] 216/216 OK | I med 234.7 uA (70.7-314.8) | R med 0.0085 kohm | dV med 490 LSB
2026-09-22 16:10:34  No reconstruction: This run is the session baseline; it has nothing to differ from.
2026-09-22 16:10:35  Baseline control image saved to scans\runs\20260922-160329-tank-baseline-purified-saline-2\control.png
2026-09-22 16:10:35  This run is now the session baseline (20260922-160329-tank-baseline-purified-saline-2).
2026-09-22 16:10:35  Finished. Run saved to scans\runs\20260922-160329-tank-baseline-purified-saline-2
2026-09-22 16:10:35    Frames captured: 10
2026-09-22 16:10:35    Reciprocity: median 13.8%  max 99.5%  sign flips 2/54
2026-09-22 16:10:35    Check electrode contact: E2 84%, E1 75%, E3 42% (all pairs median 14%)
2026-09-22 16:10:35    Noise floor: median pair sd 0.00011 kohm (0.94%)  max 0.00146 kohm over 108 pairs
2026-09-22 16:10:35  Indexed in scans\index.csv
2026-09-22 16:11:30  Connecting to COM12...
2026-09-22 16:11:30  Configuring instrument...

------------------------------------------------------------------------
2026-09-22 16:11:30  Run 20260922-161130-tank-baseline-purified-saline-2
2026-09-22 16:11:30  Conditions: medium=purified saline tank saline=None g/L grounding=unknown fill=None mm temp=None C
2026-09-22 16:11:30  Recording to scans\runs\20260922-161130-tank-baseline-purified-saline-2
2026-09-22 16:11:58  [warmup 1/5] 216/216 OK | I med 225.3 uA (68.1-298.1) | R med 0.0097 kohm | dV med 561 LSB
2026-09-22 16:12:26  [warmup 2/5] 216/216 OK | I med 225.1 uA (67.5-297.2) | R med 0.0095 kohm | dV med 554 LSB
2026-09-22 16:12:55  [warmup 3/5] 216/216 OK | I med 225.4 uA (67.4-297.2) | R med 0.0096 kohm | dV med 554 LSB
2026-09-22 16:13:23  [warmup 4/5] 216/216 OK | I med 225.8 uA (67.0-297.4) | R med 0.0097 kohm | dV med 556 LSB
2026-09-22 16:13:51  [warmup 5/5] 216/216 OK | I med 225.8 uA (67.0-297.6) | R med 0.0097 kohm | dV med 552 LSB
2026-09-22 16:14:19  [frame 1] 216/216 OK | I med 225.9 uA (66.9-298.1) | R med 0.0097 kohm | dV med 555 LSB
2026-09-22 16:14:48  [frame 2] 216/216 OK | I med 225.8 uA (66.9-298.4) | R med 0.0097 kohm | dV med 555 LSB
2026-09-22 16:15:16  [frame 3] 216/216 OK | I med 225.9 uA (67.5-298.1) | R med 0.0097 kohm | dV med 553 LSB
2026-09-22 16:15:44  [frame 4] 216/216 OK | I med 225.8 uA (66.7-297.9) | R med 0.0097 kohm | dV med 551 LSB
2026-09-22 16:16:13  [frame 5] 216/216 OK | I med 226.0 uA (67.6-298.0) | R med 0.0097 kohm | dV med 556 LSB
2026-09-22 16:16:41  [frame 6] 216/216 OK | I med 226.0 uA (67.0-298.4) | R med 0.0097 kohm | dV med 554 LSB
2026-09-22 16:17:09  [frame 7] 216/216 OK | I med 226.2 uA (67.4-298.6) | R med 0.0097 kohm | dV med 553 LSB
2026-09-22 16:17:38  [frame 8] 216/216 OK | I med 226.0 uA (66.6-298.5) | R med 0.0097 kohm | dV med 553 LSB
2026-09-22 16:18:06  [frame 9] 216/216 OK | I med 226.2 uA (67.4-298.1) | R med 0.0098 kohm | dV med 554 LSB
2026-09-22 16:18:34  [frame 10] 216/216 OK | I med 225.9 uA (66.9-298.3) | R med 0.0097 kohm | dV med 554 LSB
2026-09-22 16:18:34  No reconstruction: Reciprocity check failed, so no image was made (this run: median reciprocity error 15.3% exceeds 15%). Frames are saved. Fix reciprocity first, or tick the override to image anyway.
2026-09-22 16:18:34  Finished. Run saved to scans\runs\20260922-161130-tank-baseline-purified-saline-2
2026-09-22 16:18:34    Frames captured: 10
2026-09-22 16:18:34    Reciprocity: median 15.3%  max 98.5%  sign flips 3/54
2026-09-22 16:18:34    Check electrode contact: E2 82%, E1 77%, E3 44% (all pairs median 15%)
2026-09-22 16:18:34    Noise floor: median pair sd 0.00012 kohm (0.92%)  max 0.00153 kohm over 108 pairs
2026-09-22 16:18:34  Indexed in scans\index.csv
2026-09-22 16:19:30  Connecting to COM12...
2026-09-22 16:19:30  Configuring instrument...

------------------------------------------------------------------------
2026-09-22 16:19:30  Run 20260922-161930-tank-baseline-purified-saline-2
2026-09-22 16:19:30  Conditions: medium=purified saline tank saline=None g/L grounding=unknown fill=None mm temp=None C
2026-09-22 16:19:30  Recording to scans\runs\20260922-161930-tank-baseline-purified-saline-2
2026-09-22 16:19:58  [warmup 1/5] 216/216 OK | I med 225.8 uA (67.9-299.1) | R med 0.0097 kohm | dV med 561 LSB
2026-09-22 16:20:26  [warmup 2/5] 216/216 OK | I med 225.8 uA (67.7-298.5) | R med 0.0096 kohm | dV med 554 LSB
2026-09-22 16:20:55  [warmup 3/5] 216/216 OK | I med 225.9 uA (67.5-298.1) | R med 0.0096 kohm | dV med 554 LSB
2026-09-22 16:21:23  [warmup 4/5] 216/216 OK | I med 225.7 uA (67.7-298.5) | R med 0.0097 kohm | dV med 554 LSB
2026-09-22 16:21:51  [warmup 5/5] 216/216 OK | I med 226.0 uA (67.4-298.9) | R med 0.0096 kohm | dV med 555 LSB
2026-09-22 16:22:20  [frame 1] 216/216 OK | I med 226.3 uA (66.8-298.9) | R med 0.0096 kohm | dV med 554 LSB
2026-09-22 16:22:48  [frame 2] 216/216 OK | I med 226.3 uA (67.4-299.3) | R med 0.0097 kohm | dV med 554 LSB
2026-09-22 16:23:16  [frame 3] 216/216 OK | I med 226.4 uA (67.1-299.2) | R med 0.0097 kohm | dV med 554 LSB
2026-09-22 16:23:45  [frame 4] 216/216 OK | I med 226.3 uA (67.5-298.9) | R med 0.0097 kohm | dV med 553 LSB
2026-09-22 16:24:13  [frame 5] 216/216 OK | I med 226.2 uA (67.0-298.5) | R med 0.0096 kohm | dV med 551 LSB
2026-09-22 16:24:41  [frame 6] 216/216 OK | I med 226.1 uA (67.1-298.8) | R med 0.0097 kohm | dV med 552 LSB
2026-09-22 16:25:10  [frame 7] 216/216 OK | I med 226.0 uA (67.4-298.6) | R med 0.0097 kohm | dV med 554 LSB
2026-09-22 16:25:38  [frame 8] 216/216 OK | I med 226.4 uA (67.9-299.7) | R med 0.0097 kohm | dV med 553 LSB
2026-09-22 16:26:06  [frame 9] 216/216 OK | I med 226.2 uA (67.6-299.2) | R med 0.0097 kohm | dV med 551 LSB
2026-09-22 16:26:34  [frame 10] 216/216 OK | I med 226.1 uA (67.8-299.5) | R med 0.0096 kohm | dV med 551 LSB
2026-09-22 16:26:34  No reconstruction: Reciprocity check failed, so no image was made (this run: median reciprocity error 15.3% exceeds 15%). Frames are saved. Fix reciprocity first, or tick the override to image anyway.
2026-09-22 16:26:34  Finished. Run saved to scans\runs\20260922-161930-tank-baseline-purified-saline-2
2026-09-22 16:26:34    Frames captured: 10
2026-09-22 16:26:34    Reciprocity: median 15.3%  max 99.3%  sign flips 3/54
2026-09-22 16:26:34    Check electrode contact: E2 81%, E1 76%, E3 43% (all pairs median 15%)
2026-09-22 16:26:34    Noise floor: median pair sd 0.00013 kohm (1.01%)  max 0.00266 kohm over 108 pairs
2026-09-22 16:26:34  Indexed in scans\index.csv
2026-09-22 16:36:08  Baseline cleared; the next run will become the new baseline.
2026-09-22 16:38:44  Connecting to COM12...
2026-09-22 16:38:44  Configuring instrument...

------------------------------------------------------------------------
2026-09-22 16:38:44  Run 20260922-163844-tank-baseline-purified-saline-3
2026-09-22 16:38:44  Conditions: medium=purified saline tank saline=None g/L grounding=unknown fill=None mm temp=None C
2026-09-22 16:38:44  Recording to scans\runs\20260922-163844-tank-baseline-purified-saline-3
2026-09-22 16:39:06  [warmup 1/5] 216/216 OK | I med 230.0 uA (84.0-310.4) | R med 0.0097 kohm | dV med 564 LSB
2026-09-22 16:39:27  [warmup 2/5] 216/216 OK | I med 229.7 uA (83.6-309.7) | R med 0.0094 kohm | dV med 561 LSB
2026-09-22 16:39:48  [warmup 3/5] 216/216 OK | I med 229.7 uA (84.7-310.0) | R med 0.0092 kohm | dV med 558 LSB
2026-09-22 16:40:09  [warmup 4/5] 216/216 OK | I med 229.8 uA (84.7-309.9) | R med 0.0093 kohm | dV med 554 LSB
2026-09-22 16:40:30  [warmup 5/5] 216/216 OK | I med 229.5 uA (84.1-309.9) | R med 0.0094 kohm | dV med 553 LSB
2026-09-22 16:40:51  [frame 1] 216/216 OK | I med 229.7 uA (83.8-309.7) | R med 0.0093 kohm | dV med 559 LSB
2026-09-22 16:41:12  [frame 2] 216/216 OK | I med 229.7 uA (83.9-310.3) | R med 0.0093 kohm | dV med 560 LSB
2026-09-22 16:41:32  [frame 3] 216/216 OK | I med 229.8 uA (84.2-310.5) | R med 0.0095 kohm | dV med 553 LSB
2026-09-22 16:41:53  [frame 4] 216/216 OK | I med 229.8 uA (83.6-309.8) | R med 0.0094 kohm | dV med 558 LSB
2026-09-22 16:42:14  [frame 5] 216/216 OK | I med 229.5 uA (83.3-309.9) | R med 0.0092 kohm | dV med 554 LSB
2026-09-22 16:42:35  [frame 6] 216/216 OK | I med 229.5 uA (84.0-310.2) | R med 0.0093 kohm | dV med 558 LSB
2026-09-22 16:42:56  [frame 7] 216/216 OK | I med 229.7 uA (83.9-309.8) | R med 0.0093 kohm | dV med 558 LSB
2026-09-22 16:43:17  [frame 8] 216/216 OK | I med 229.9 uA (83.1-310.6) | R med 0.0094 kohm | dV med 559 LSB
2026-09-22 16:43:38  [frame 9] 216/216 OK | I med 229.6 uA (83.3-309.6) | R med 0.0093 kohm | dV med 559 LSB
2026-09-22 16:43:59  [frame 10] 216/216 OK | I med 229.5 uA (83.2-310.2) | R med 0.0093 kohm | dV med 554 LSB
2026-09-22 16:43:59  No reconstruction: This run is the session baseline; it has nothing to differ from.
2026-09-22 16:44:01  Baseline control image saved to scans\runs\20260922-163844-tank-baseline-purified-saline-3\control.png
2026-09-22 16:44:01  This run is now the session baseline (20260922-163844-tank-baseline-purified-saline-3).
2026-09-22 16:44:01  Finished. Run saved to scans\runs\20260922-163844-tank-baseline-purified-saline-3
2026-09-22 16:44:01    Frames captured: 10
2026-09-22 16:44:01    Reciprocity: median 10.6%  max 94.3%  sign flips 3/54
2026-09-22 16:44:01    Check electrode contact: E2 80%, E1 58%, E3 40% (all pairs median 11%)
2026-09-22 16:44:01    Noise floor: median pair sd 0.00013 kohm (1.13%)  max 0.00259 kohm over 108 pairs
2026-09-22 16:44:01  Indexed in scans\index.csv
2026-09-22 16:45:03  Connecting to COM12...
2026-09-22 16:45:03  Configuring instrument...

------------------------------------------------------------------------
2026-09-22 16:45:03  Run 20260922-164503-tank-baseline-purified-saline-3
2026-09-22 16:45:03  Conditions: medium=purified saline tank saline=None g/L grounding=unknown fill=None mm temp=None C
2026-09-22 16:45:03  Recording to scans\runs\20260922-164503-tank-baseline-purified-saline-3
2026-09-22 16:45:24  [warmup 1/5] 216/216 OK | I med 230.5 uA (81.6-311.1) | R med 0.0113 kohm | dV med 643 LSB
2026-09-22 16:45:45  [warmup 2/5] 216/216 OK | I med 230.1 uA (82.3-309.7) | R med 0.0116 kohm | dV med 649 LSB
2026-09-22 16:46:06  [warmup 3/5] 216/216 OK | I med 230.3 uA (82.1-310.5) | R med 0.0114 kohm | dV med 651 LSB
2026-09-22 16:46:27  [warmup 4/5] 216/216 OK | I med 230.4 uA (81.7-310.1) | R med 0.0113 kohm | dV med 649 LSB
2026-09-22 16:46:48  [warmup 5/5] 216/216 OK | I med 230.2 uA (81.9-310.3) | R med 0.0115 kohm | dV med 649 LSB
2026-09-22 16:47:09  [frame 1] 216/216 OK | I med 230.1 uA (81.4-310.7) | R med 0.0113 kohm | dV med 646 LSB
2026-09-22 16:47:30  [frame 2] 216/216 OK | I med 230.1 uA (81.9-310.3) | R med 0.0114 kohm | dV med 651 LSB
2026-09-22 16:47:51  [frame 3] 216/216 OK | I med 230.1 uA (82.0-309.9) | R med 0.0114 kohm | dV med 651 LSB
2026-09-22 16:48:12  [frame 4] 216/216 OK | I med 230.1 uA (81.1-310.4) | R med 0.0113 kohm | dV med 649 LSB
2026-09-22 16:48:32  [frame 5] 216/216 OK | I med 230.1 uA (81.7-310.3) | R med 0.0113 kohm | dV med 650 LSB
2026-09-22 16:48:53  [frame 6] 216/216 OK | I med 230.1 uA (81.5-310.2) | R med 0.0114 kohm | dV med 651 LSB
2026-09-22 16:49:14  [frame 7] 216/216 OK | I med 230.1 uA (82.0-310.6) | R med 0.0113 kohm | dV med 654 LSB
2026-09-22 16:49:35  [frame 8] 216/216 OK | I med 230.2 uA (81.5-309.8) | R med 0.0112 kohm | dV med 647 LSB
2026-09-22 16:49:56  [frame 9] 216/216 OK | I med 230.4 uA (81.6-310.5) | R med 0.0114 kohm | dV med 652 LSB
2026-09-22 16:50:17  [frame 10] 216/216 OK | I med 230.4 uA (81.2-310.2) | R med 0.0114 kohm | dV med 649 LSB
2026-09-22 16:50:19  Reconstruction: Peak -2.629e-01 at 307 deg  |  pairs 108/108 [ok]  |  20.8x the noise image
2026-09-22 16:50:19  Finished. Run saved to scans\runs\20260922-164503-tank-baseline-purified-saline-3
2026-09-22 16:50:19    Frames captured: 10
2026-09-22 16:50:19    Reciprocity: median 10.0%  max 97.3%  sign flips 3/54
2026-09-22 16:50:19    Check electrode contact: E2 80%, E1 61%, E3 47% (all pairs median 10%)
2026-09-22 16:50:19    Noise floor: median pair sd 0.00012 kohm (0.92%)  max 0.00103 kohm over 108 pairs
2026-09-22 16:50:19  Indexed in scans\index.csv
2026-09-22 16:52:39  Baseline cleared; the next run will become the new baseline.
2026-09-22 16:52:50  Connecting to COM12...
2026-09-22 16:52:50  Configuring instrument...

------------------------------------------------------------------------
2026-09-22 16:52:50  Run 20260922-165250-tank-baseline-purified-saline-4
2026-09-22 16:52:50  Conditions: medium=purified saline tank saline=None g/L grounding=unknown fill=None mm temp=None C
2026-09-22 16:52:50  Recording to scans\runs\20260922-165250-tank-baseline-purified-saline-4
2026-09-22 16:53:12  [warmup 1/5] 216/216 OK | I med 230.1 uA (83.4-311.2) | R med 0.0098 kohm | dV med 564 LSB
2026-09-22 16:53:32  [warmup 2/5] 216/216 OK | I med 229.8 uA (83.9-310.2) | R med 0.0094 kohm | dV med 561 LSB
2026-09-22 16:53:53  [warmup 3/5] 216/216 OK | I med 230.2 uA (84.2-309.7) | R med 0.0095 kohm | dV med 554 LSB
2026-09-22 16:54:14  [warmup 4/5] 216/216 OK | I med 229.9 uA (83.6-310.3) | R med 0.0093 kohm | dV med 553 LSB
2026-09-22 16:54:35  [warmup 5/5] 216/216 OK | I med 230.0 uA (83.6-309.9) | R med 0.0092 kohm | dV med 556 LSB
2026-09-22 16:54:56  [frame 1] 216/216 OK | I med 230.1 uA (83.6-310.7) | R med 0.0093 kohm | dV med 554 LSB
2026-09-22 16:55:17  [frame 2] 216/216 OK | I med 230.0 uA (84.0-309.8) | R med 0.0093 kohm | dV med 557 LSB
2026-09-22 16:55:38  [frame 3] 216/216 OK | I med 229.7 uA (83.7-309.8) | R med 0.0093 kohm | dV med 555 LSB
2026-09-22 16:55:59  [frame 4] 216/216 OK | I med 229.9 uA (83.5-310.2) | R med 0.0093 kohm | dV med 554 LSB
2026-09-22 16:56:20  [frame 5] 216/216 OK | I med 229.8 uA (83.1-310.5) | R med 0.0094 kohm | dV med 556 LSB
2026-09-22 16:56:41  [frame 6] 216/216 OK | I med 229.8 uA (83.9-310.3) | R med 0.0093 kohm | dV med 553 LSB
2026-09-22 16:57:02  [frame 7] 216/216 OK | I med 229.9 uA (83.8-310.5) | R med 0.0092 kohm | dV med 556 LSB
2026-09-22 16:57:23  [frame 8] 216/216 OK | I med 230.1 uA (83.7-309.9) | R med 0.0092 kohm | dV med 555 LSB
2026-09-22 16:57:44  [frame 9] 216/216 OK | I med 230.0 uA (83.8-309.4) | R med 0.0092 kohm | dV med 551 LSB
2026-09-22 16:58:05  [frame 10] 216/216 OK | I med 230.0 uA (83.9-310.3) | R med 0.0091 kohm | dV med 558 LSB
2026-09-22 16:58:05  No reconstruction: This run is the session baseline; it has nothing to differ from.
2026-09-22 16:58:06  Baseline control image saved to scans\runs\20260922-165250-tank-baseline-purified-saline-4\control.png
2026-09-22 16:58:06  This run is now the session baseline (20260922-165250-tank-baseline-purified-saline-4).
2026-09-22 16:58:06  Finished. Run saved to scans\runs\20260922-165250-tank-baseline-purified-saline-4
2026-09-22 16:58:06    Frames captured: 10
2026-09-22 16:58:06    Reciprocity: median 11.4%  max 90.8%  sign flips 3/54
2026-09-22 16:58:06    Check electrode contact: E2 78%, E1 55%, E3 38% (all pairs median 11%)
2026-09-22 16:58:06    Noise floor: median pair sd 0.00012 kohm (0.99%)  max 0.00122 kohm over 108 pairs
2026-09-22 16:58:06  Indexed in scans\index.csv
2026-09-22 16:59:29  Connecting to COM12...
2026-09-22 16:59:29  Configuring instrument...

------------------------------------------------------------------------
2026-09-22 16:59:29  Run 20260922-165929-tank-baseline-purified-saline-4
2026-09-22 16:59:29  Conditions: medium=purified saline tank saline=None g/L grounding=unknown fill=None mm temp=None C
2026-09-22 16:59:29  Recording to scans\runs\20260922-165929-tank-baseline-purified-saline-4
2026-09-22 16:59:57  [warmup 1/5] 216/216 OK | I med 226.0 uA (68.5-307.2) | R med 0.0088 kohm | dV med 482 LSB
2026-09-22 17:00:26  [warmup 2/5] 216/216 OK | I med 225.6 uA (68.3-306.3) | R med 0.0087 kohm | dV med 475 LSB
2026-09-22 17:00:54  [warmup 3/5] 216/216 OK | I med 226.0 uA (67.0-307.0) | R med 0.0085 kohm | dV med 471 LSB
2026-09-22 17:01:22  [warmup 4/5] 216/216 OK | I med 226.0 uA (68.5-306.8) | R med 0.0084 kohm | dV med 471 LSB
2026-09-22 17:01:51  [warmup 5/5] 216/216 OK | I med 226.0 uA (68.1-306.9) | R med 0.0085 kohm | dV med 467 LSB
2026-09-22 17:02:19  [frame 1] 216/216 OK | I med 226.4 uA (67.7-306.5) | R med 0.0084 kohm | dV med 466 LSB
2026-09-22 17:02:47  [frame 2] 216/216 OK | I med 225.9 uA (67.9-306.8) | R med 0.0084 kohm | dV med 468 LSB
2026-09-22 17:03:15  [frame 3] 216/216 OK | I med 226.0 uA (68.2-306.8) | R med 0.0084 kohm | dV med 465 LSB
2026-09-22 17:03:44  [frame 4] 216/216 OK | I med 226.2 uA (68.2-306.8) | R med 0.0084 kohm | dV med 466 LSB
2026-09-22 17:04:12  [frame 5] 216/216 OK | I med 226.5 uA (67.4-307.3) | R med 0.0084 kohm | dV med 469 LSB
2026-09-22 17:04:40  [frame 6] 216/216 OK | I med 226.2 uA (68.3-307.0) | R med 0.0084 kohm | dV med 465 LSB
2026-09-22 17:05:09  [frame 7] 216/216 OK | I med 226.2 uA (68.5-307.5) | R med 0.0084 kohm | dV med 465 LSB
2026-09-22 17:05:37  [frame 8] 216/216 OK | I med 226.4 uA (68.0-307.0) | R med 0.0085 kohm | dV med 469 LSB
2026-09-22 17:06:05  [frame 9] 216/216 OK | I med 226.2 uA (67.7-307.5) | R med 0.0084 kohm | dV med 467 LSB
2026-09-22 17:06:34  [frame 10] 216/216 OK | I med 226.5 uA (67.8-307.6) | R med 0.0084 kohm | dV med 466 LSB
2026-09-22 17:06:36  Reconstruction: Peak +2.443e-01 at 120 deg  |  pairs 108/108 [ok]  |  23.0x the noise image
2026-09-22 17:06:36  Finished. Run saved to scans\runs\20260922-165929-tank-baseline-purified-saline-4
2026-09-22 17:06:36    Frames captured: 10
2026-09-22 17:06:36    Reciprocity: median 14.1%  max 97.5%  sign flips 2/54
2026-09-22 17:06:36    Check electrode contact: E2 88%, E1 78%, E3 46% (all pairs median 14%)
2026-09-22 17:06:36    Noise floor: median pair sd 0.00012 kohm (1.05%)  max 0.00204 kohm over 108 pairs
2026-09-22 17:06:36  Indexed in scans\index.csv
2026-09-22 17:13:03  Baseline cleared; the next run will become the new baseline.
2026-09-22 17:13:15  Connecting to COM12...
2026-09-22 17:13:15  Configuring instrument...

------------------------------------------------------------------------
2026-09-22 17:13:15  Run 20260922-171315-tank-baseline-purified-saline-5
2026-09-22 17:13:15  Conditions: medium=purified saline tank saline=None g/L grounding=unknown fill=None mm temp=None C
2026-09-22 17:13:15  Recording to scans\runs\20260922-171315-tank-baseline-purified-saline-5
2026-09-22 17:13:43  [warmup 1/5] 216/216 OK | I med 226.4 uA (69.3-308.6) | R med 0.0088 kohm | dV med 483 LSB
2026-09-22 17:14:12  [warmup 2/5] 216/216 OK | I med 226.8 uA (69.5-308.2) | R med 0.0082 kohm | dV med 474 LSB
2026-09-22 17:14:40  [warmup 3/5] 216/216 OK | I med 227.0 uA (68.3-307.1) | R med 0.0083 kohm | dV med 469 LSB
2026-09-22 17:15:08  [warmup 4/5] 216/216 OK | I med 226.9 uA (68.6-307.3) | R med 0.0083 kohm | dV med 471 LSB
2026-09-22 17:15:36  [warmup 5/5] 216/216 OK | I med 227.3 uA (68.2-307.2) | R med 0.0082 kohm | dV med 471 LSB
2026-09-22 17:16:05  [frame 1] 216/216 OK | I med 227.0 uA (68.4-308.0) | R med 0.0082 kohm | dV med 470 LSB
2026-09-22 17:16:33  [frame 2] 216/216 OK | I med 227.2 uA (68.3-306.6) | R med 0.0082 kohm | dV med 474 LSB
2026-09-22 17:17:01  [frame 3] 216/216 OK | I med 227.0 uA (68.4-307.3) | R med 0.0084 kohm | dV med 474 LSB
2026-09-22 17:17:30  [frame 4] 216/216 OK | I med 227.0 uA (69.2-306.9) | R med 0.0083 kohm | dV med 470 LSB
2026-09-22 17:17:58  [frame 5] 216/216 OK | I med 227.2 uA (69.1-306.6) | R med 0.0083 kohm | dV med 468 LSB
2026-09-22 17:18:26  [frame 6] 216/216 OK | I med 226.6 uA (68.4-307.6) | R med 0.0083 kohm | dV med 472 LSB
2026-09-22 17:18:55  [frame 7] 216/216 OK | I med 226.8 uA (68.8-307.2) | R med 0.0082 kohm | dV med 471 LSB
2026-09-22 17:19:23  [frame 8] 216/216 OK | I med 226.9 uA (68.7-307.5) | R med 0.0085 kohm | dV med 470 LSB
2026-09-22 17:19:51  [frame 9] 216/216 OK | I med 226.9 uA (68.3-306.1) | R med 0.0084 kohm | dV med 467 LSB
2026-09-22 17:20:19  [frame 10] 216/216 OK | I med 226.8 uA (68.1-306.7) | R med 0.0084 kohm | dV med 464 LSB
2026-09-22 17:20:20  No reconstruction: This run is the session baseline; it has nothing to differ from.
2026-09-22 17:20:23  Baseline control image saved to scans\runs\20260922-171315-tank-baseline-purified-saline-5\control.png
2026-09-22 17:20:23  This run is now the session baseline (20260922-171315-tank-baseline-purified-saline-5).
2026-09-22 17:20:23  Finished. Run saved to scans\runs\20260922-171315-tank-baseline-purified-saline-5
2026-09-22 17:20:23    Frames captured: 10
2026-09-22 17:20:23    Reciprocity: median 13.8%  max 95.5%  sign flips 2/54
2026-09-22 17:20:23    Check electrode contact: E2 86%, E1 77%, E3 42% (all pairs median 14%)
2026-09-22 17:20:23    Noise floor: median pair sd 0.00014 kohm (1.18%)  max 0.00219 kohm over 108 pairs
2026-09-22 17:20:23  Indexed in scans\index.csv
2026-09-22 17:21:26  Connecting to COM12...
2026-09-22 17:21:26  Configuring instrument...

------------------------------------------------------------------------
2026-09-22 17:21:26  Run 20260922-172126-tank-baseline-purified-saline-5
2026-09-22 17:21:26  Conditions: medium=purified saline tank saline=None g/L grounding=unknown fill=None mm temp=None C
2026-09-22 17:21:26  Recording to scans\runs\20260922-172126-tank-baseline-purified-saline-5
2026-09-22 17:21:55  [warmup 1/5] 216/216 OK | I med 225.5 uA (68.3-306.4) | R med 0.0098 kohm | dV med 535 LSB
2026-09-22 17:22:23  [warmup 2/5] 216/216 OK | I med 225.5 uA (68.0-305.9) | R med 0.0095 kohm | dV med 535 LSB
2026-09-22 17:22:51  [warmup 3/5] 216/216 OK | I med 225.6 uA (67.8-306.1) | R med 0.0094 kohm | dV med 538 LSB
2026-09-22 17:23:20  [warmup 4/5] 216/216 OK | I med 225.4 uA (68.9-307.2) | R med 0.0094 kohm | dV med 540 LSB
2026-09-22 17:23:48  [warmup 5/5] 216/216 OK | I med 226.2 uA (68.7-307.7) | R med 0.0095 kohm | dV med 538 LSB
2026-09-22 17:24:16  [frame 1] 216/216 OK | I med 226.4 uA (68.9-307.5) | R med 0.0094 kohm | dV med 540 LSB
2026-09-22 17:24:45  [frame 2] 216/216 OK | I med 226.3 uA (69.2-307.6) | R med 0.0093 kohm | dV med 542 LSB
2026-09-22 17:25:13  [frame 3] 216/216 OK | I med 226.3 uA (69.1-307.6) | R med 0.0094 kohm | dV med 541 LSB
2026-09-22 17:25:41  [frame 4] 216/216 OK | I med 226.8 uA (68.7-308.4) | R med 0.0094 kohm | dV med 541 LSB
2026-09-22 17:26:09  [frame 5] 216/216 OK | I med 226.6 uA (69.1-307.9) | R med 0.0093 kohm | dV med 539 LSB
2026-09-22 17:26:38  [frame 6] 216/216 OK | I med 226.6 uA (68.8-308.0) | R med 0.0094 kohm | dV med 538 LSB
2026-09-22 17:27:06  [frame 7] 216/216 OK | I med 226.4 uA (68.8-308.2) | R med 0.0094 kohm | dV med 539 LSB
2026-09-22 17:27:34  [frame 8] 216/216 OK | I med 226.9 uA (68.9-307.5) | R med 0.0095 kohm | dV med 537 LSB
2026-09-22 17:28:03  [frame 9] 216/216 OK | I med 226.7 uA (69.3-307.7) | R med 0.0095 kohm | dV med 538 LSB
2026-09-22 17:28:31  [frame 10] 216/216 OK | I med 226.5 uA (69.0-307.2) | R med 0.0095 kohm | dV med 543 LSB
2026-09-22 17:28:33  Reconstruction: Peak -2.193e-01 at 56 deg  |  pairs 108/108 [ok]  |  14.6x the noise image
2026-09-22 17:28:33  Finished. Run saved to scans\runs\20260922-172126-tank-baseline-purified-saline-5
2026-09-22 17:28:33    Frames captured: 10
2026-09-22 17:28:33    Reciprocity: median 13.2%  max 97.6%  sign flips 2/54
2026-09-22 17:28:33    Check electrode contact: E2 87%, E1 79%, E3 50% (all pairs median 13%)
2026-09-22 17:28:33    Noise floor: median pair sd 0.00012 kohm (1.11%)  max 0.00324 kohm over 108 pairs
2026-09-22 17:28:33  Indexed in scans\index.csv
2026-09-22 17:31:03  Baseline cleared; the next run will become the new baseline.
2026-09-22 17:31:15  Connecting to COM12...
2026-09-22 17:31:15  Configuring instrument...

------------------------------------------------------------------------
2026-09-22 17:31:15  Run 20260922-173115-tank-baseline-purified-saline-6
2026-09-22 17:31:15  Conditions: medium=purified saline tank saline=None g/L grounding=unknown fill=None mm temp=None C
2026-09-22 17:31:15  Recording to scans\runs\20260922-173115-tank-baseline-purified-saline-6
2026-09-22 17:31:43  [warmup 1/5] 216/216 OK | I med 228.0 uA (69.7-308.7) | R med 0.0089 kohm | dV med 480 LSB
2026-09-22 17:32:12  [warmup 2/5] 216/216 OK | I med 228.0 uA (69.7-307.8) | R med 0.0084 kohm | dV med 476 LSB
2026-09-22 17:32:40  [warmup 3/5] 216/216 OK | I med 227.7 uA (69.2-308.5) | R med 0.0084 kohm | dV med 470 LSB
2026-09-22 17:33:08  [warmup 4/5] 216/216 OK | I med 228.0 uA (68.8-308.3) | R med 0.0083 kohm | dV med 474 LSB
2026-09-22 17:33:36  [warmup 5/5] 216/216 OK | I med 228.2 uA (69.9-308.3) | R med 0.0082 kohm | dV med 473 LSB
2026-09-22 17:34:05  [frame 1] 216/216 OK | I med 228.1 uA (69.2-308.2) | R med 0.0082 kohm | dV med 473 LSB
2026-09-22 17:34:33  [frame 2] 216/216 OK | I med 228.0 uA (69.4-308.3) | R med 0.0082 kohm | dV med 471 LSB
2026-09-22 17:35:01  [frame 3] 216/216 OK | I med 228.1 uA (68.7-308.2) | R med 0.0082 kohm | dV med 474 LSB
2026-09-22 17:35:30  [frame 4] 216/216 OK | I med 228.2 uA (69.2-308.2) | R med 0.0083 kohm | dV med 473 LSB
2026-09-22 17:35:58  [frame 5] 216/216 OK | I med 228.0 uA (68.6-308.4) | R med 0.0083 kohm | dV med 470 LSB
2026-09-22 17:36:26  [frame 6] 216/216 OK | I med 228.3 uA (68.8-308.2) | R med 0.0082 kohm | dV med 472 LSB
2026-09-22 17:36:55  [frame 7] 216/216 OK | I med 228.2 uA (69.0-308.4) | R med 0.0082 kohm | dV med 474 LSB
2026-09-22 17:37:23  [frame 8] 216/216 OK | I med 228.3 uA (68.9-307.9) | R med 0.0083 kohm | dV med 478 LSB
2026-09-22 17:37:51  [frame 9] 216/216 OK | I med 228.1 uA (69.9-308.8) | R med 0.0082 kohm | dV med 477 LSB
2026-09-22 17:38:19  [frame 10] 216/216 OK | I med 228.4 uA (69.0-308.4) | R med 0.0084 kohm | dV med 474 LSB
2026-09-22 17:38:20  No reconstruction: This run is the session baseline; it has nothing to differ from.
2026-09-22 17:38:21  Baseline control image saved to scans\runs\20260922-173115-tank-baseline-purified-saline-6\control.png
2026-09-22 17:38:21  This run is now the session baseline (20260922-173115-tank-baseline-purified-saline-6).
2026-09-22 17:38:21  Finished. Run saved to scans\runs\20260922-173115-tank-baseline-purified-saline-6
2026-09-22 17:38:21    Frames captured: 10
2026-09-22 17:38:21    Reciprocity: median 13.5%  max 95.6%  sign flips 2/54
2026-09-22 17:38:21    Check electrode contact: E2 87%, E1 76%, E3 41% (all pairs median 13%)
2026-09-22 17:38:21    Noise floor: median pair sd 0.00012 kohm (1.04%)  max 0.00195 kohm over 108 pairs
2026-09-22 17:38:21  Indexed in scans\index.csv
2026-09-22 17:39:39  Connecting to COM12...
2026-09-22 17:39:39  Configuring instrument...

------------------------------------------------------------------------
2026-09-22 17:39:39  Run 20260922-173939-tank-baseline-purified-saline-6
2026-09-22 17:39:39  Conditions: medium=purified saline tank saline=None g/L grounding=unknown fill=None mm temp=None C
2026-09-22 17:39:39  Recording to scans\runs\20260922-173939-tank-baseline-purified-saline-6
2026-09-22 17:40:08  [warmup 1/5] 216/216 OK | I med 228.0 uA (69.9-303.5) | R med 0.0108 kohm | dV med 599 LSB
2026-09-22 17:40:36  [warmup 2/5] 216/216 OK | I med 228.3 uA (70.0-302.1) | R med 0.0107 kohm | dV med 604 LSB
2026-09-22 17:41:04  [warmup 3/5] 216/216 OK | I med 228.5 uA (70.5-302.9) | R med 0.0106 kohm | dV med 606 LSB
2026-09-22 17:41:32  [warmup 4/5] 216/216 OK | I med 228.8 uA (70.9-303.3) | R med 0.0106 kohm | dV med 605 LSB
2026-09-22 17:42:01  [warmup 5/5] 216/216 OK | I med 228.9 uA (70.8-303.4) | R med 0.0107 kohm | dV med 599 LSB
2026-09-22 17:42:29  [frame 1] 216/216 OK | I med 229.1 uA (70.5-303.7) | R med 0.0108 kohm | dV med 601 LSB
2026-09-22 17:42:57  [frame 2] 216/216 OK | I med 228.7 uA (70.9-303.9) | R med 0.0107 kohm | dV med 606 LSB
2026-09-22 17:43:26  [frame 3] 216/216 OK | I med 229.1 uA (70.1-303.5) | R med 0.0108 kohm | dV med 600 LSB
2026-09-22 17:43:54  [frame 4] 216/216 OK | I med 228.7 uA (70.7-304.4) | R med 0.0108 kohm | dV med 601 LSB
2026-09-22 17:44:22  [frame 5] 216/216 OK | I med 228.7 uA (70.5-303.5) | R med 0.0107 kohm | dV med 601 LSB
2026-09-22 17:44:51  [frame 6] 216/216 OK | I med 228.6 uA (70.9-304.0) | R med 0.0107 kohm | dV med 603 LSB
2026-09-22 17:45:19  [frame 7] 216/216 OK | I med 228.7 uA (69.9-304.1) | R med 0.0107 kohm | dV med 597 LSB
2026-09-22 17:45:47  [frame 8] 216/216 OK | I med 228.7 uA (70.9-303.5) | R med 0.0107 kohm | dV med 598 LSB
2026-09-22 17:46:15  [frame 9] 216/216 OK | I med 228.3 uA (70.7-304.0) | R med 0.0106 kohm | dV med 604 LSB
2026-09-22 17:46:44  [frame 10] 216/216 OK | I med 228.9 uA (70.3-303.8) | R med 0.0107 kohm | dV med 599 LSB
2026-09-22 17:46:46  Reconstruction: Peak -2.569e-01 at 28 deg  |  pairs 108/108 [ok]  |  18.4x the noise image
2026-09-22 17:46:46  Finished. Run saved to scans\runs\20260922-173939-tank-baseline-purified-saline-6
2026-09-22 17:46:46    Frames captured: 10
2026-09-22 17:46:46    Reciprocity: median 13.8%  max 98.6%  sign flips 4/54
2026-09-22 17:46:46    Check electrode contact: E2 80%, E1 71%, E3 49% (all pairs median 14%)
2026-09-22 17:46:46    Noise floor: median pair sd 0.00014 kohm (0.98%)  max 0.00223 kohm over 108 pairs
2026-09-22 17:46:46  Indexed in scans\index.csv
2026-09-22 17:48:13  Connecting to COM12...
2026-09-22 17:48:13  Configuring instrument...

------------------------------------------------------------------------
2026-09-22 17:48:13  Run 20260922-174813-tank-baseline-purified-saline-6
2026-09-22 17:48:13  Conditions: medium=purified saline tank saline=None g/L grounding=unknown fill=None mm temp=None C
2026-09-22 17:48:13  Recording to scans\runs\20260922-174813-tank-baseline-purified-saline-6
2026-09-22 17:48:41  [warmup 1/5] 215/216 OK | I med 227.8 uA (1.4-302.8) | R med 0.0082 kohm | dV med 451 LSB | flags I_LOWx1
2026-09-22 17:49:09  [warmup 2/5] 216/216 OK | I med 228.9 uA (71.1-301.8) | R med 0.0084 kohm | dV med 470 LSB
2026-09-22 17:49:38  [warmup 3/5] 216/216 OK | I med 229.0 uA (70.9-303.9) | R med 0.0083 kohm | dV med 470 LSB
2026-09-22 17:50:06  [warmup 4/5] 216/216 OK | I med 228.7 uA (70.9-303.8) | R med 0.0084 kohm | dV med 465 LSB
2026-09-22 17:50:34  [warmup 5/5] 216/216 OK | I med 228.9 uA (71.1-304.2) | R med 0.0084 kohm | dV med 468 LSB
2026-09-22 17:51:02  [frame 1] 216/216 OK | I med 228.9 uA (71.2-304.4) | R med 0.0083 kohm | dV med 465 LSB
2026-09-22 17:51:31  [frame 2] 216/216 OK | I med 228.8 uA (70.5-304.1) | R med 0.0084 kohm | dV med 467 LSB
2026-09-22 17:51:59  [frame 3] 216/216 OK | I med 228.9 uA (71.5-304.8) | R med 0.0084 kohm | dV med 467 LSB
2026-09-22 17:52:27  [frame 4] 216/216 OK | I med 228.9 uA (71.3-304.5) | R med 0.0084 kohm | dV med 465 LSB
2026-09-22 17:52:56  [frame 5] 216/216 OK | I med 229.0 uA (71.1-304.0) | R med 0.0084 kohm | dV med 466 LSB
2026-09-22 17:53:24  [frame 6] 216/216 OK | I med 228.8 uA (71.3-304.4) | R med 0.0084 kohm | dV med 465 LSB
2026-09-22 17:53:52  [frame 7] 216/216 OK | I med 228.8 uA (71.7-304.4) | R med 0.0084 kohm | dV med 466 LSB
2026-09-22 17:54:21  [frame 8] 216/216 OK | I med 228.4 uA (71.5-304.8) | R med 0.0084 kohm | dV med 464 LSB
2026-09-22 17:54:49  [frame 9] 216/216 OK | I med 228.5 uA (70.5-304.0) | R med 0.0083 kohm | dV med 468 LSB
2026-09-22 17:55:17  [frame 10] 216/216 OK | I med 228.7 uA (71.2-303.6) | R med 0.0084 kohm | dV med 465 LSB
2026-09-22 17:55:19  Reconstruction: Peak +4.657e-01 at 150 deg  |  pairs 108/108 [ok]  |  33.4x the noise image
2026-09-22 17:55:19  Finished. Run saved to scans\runs\20260922-174813-tank-baseline-purified-saline-6
2026-09-22 17:55:19    Frames captured: 10
2026-09-22 17:55:19    Reciprocity: median 13.9%  max 99.9%  sign flips 4/54
2026-09-22 17:55:19    Check electrode contact: E2 77%, E3 49% (all pairs median 14%)
2026-09-22 17:55:19    Noise floor: median pair sd 0.00011 kohm (1.08%)  max 0.00229 kohm over 108 pairs
2026-09-22 17:55:19  Indexed in scans\index.csv

------------------------------------------------------------------------
2026-09-22 18:00:14  Session ended

------------------------------------------------------------------------
2026-09-23 11:54:52  Session started (hardware)
2026-09-23 11:54:52  Scans folder: C:\Users\Vidad\Documents\THESIS-PALAYAIN\scans
2026-09-23 11:54:52  90 scan(s) already recorded here.
2026-09-23 11:54:52  Ready. Settings are saved on exit.

------------------------------------------------------------------------
2026-09-23 12:06:21  Session ended

------------------------------------------------------------------------
2026-09-23 12:06:37  Session started (hardware)
2026-09-23 12:06:37  Scans folder: C:\Users\Vidad\Documents\THESIS-PALAYAIN\scans
2026-09-23 12:06:37  90 scan(s) already recorded here.
2026-09-23 12:06:37  Ready. Settings are saved on exit.
2026-09-23 12:08:24  Connecting to COM12...
2026-09-23 12:08:24  Configuring instrument...

------------------------------------------------------------------------
2026-09-23 12:08:24  Run 20260923-120824-reistor-belt-sanity-test
2026-09-23 12:08:24  Conditions: medium=saline tank saline=None g/L grounding=unknown fill=None mm temp=None C
2026-09-23 12:08:24  Recording to scans\runs\20260923-120824-reistor-belt-sanity-test
2026-09-23 12:08:45  [warmup 1/5] 213/216 OK | I med 514.2 uA (5.8-516.0) | R med 0.0182 kohm | dV med 2393 LSB | flags I_LOWx3
2026-09-23 12:09:06  [warmup 2/5] 214/216 OK | I med 516.1 uA (6.7-518.6) | R med 0.0182 kohm | dV med 2398 LSB | flags I_LOWx2
2026-09-23 12:09:27  [warmup 3/5] 214/216 OK | I med 517.8 uA (7.3-520.1) | R med 0.0182 kohm | dV med 2404 LSB | flags I_LOWx2
2026-09-23 12:09:48  [warmup 4/5] 214/216 OK | I med 519.4 uA (7.4-522.0) | R med 0.0182 kohm | dV med 2417 LSB | flags I_LOWx2
2026-09-23 12:10:09  [warmup 5/5] 214/216 OK | I med 522.2 uA (7.4-524.9) | R med 0.0182 kohm | dV med 2430 LSB | flags I_LOWx2
2026-09-23 12:10:30  [frame 1] 214/216 OK | I med 524.9 uA (7.9-526.7) | R med 0.0182 kohm | dV med 2436 LSB | flags I_LOWx2
2026-09-23 12:10:50  [frame 2] 214/216 OK | I med 526.0 uA (8.1-529.1) | R med 0.0182 kohm | dV med 2442 LSB | flags I_LOWx2
2026-09-23 12:11:14  [frame 3] 214/216 OK | I med 525.9 uA (8.0-528.8) | R med 0.0182 kohm | dV med 2440 LSB | flags I_LOWx2
2026-09-23 12:11:38  [frame 4] 215/216 OK | I med 524.1 uA (8.1-528.0) | R med 0.0182 kohm | dV med 2434 LSB | flags I_LOWx1
2026-09-23 12:12:09  [frame 5] 215/216 OK | I med 522.7 uA (7.6-526.3) | R med 0.0182 kohm | dV med 2431 LSB | flags I_LOWx1
2026-09-23 12:12:30  [frame 6] 214/216 OK | I med 523.5 uA (8.1-526.0) | R med 0.0182 kohm | dV med 2432 LSB | flags I_LOWx2
2026-09-23 12:12:53  [frame 7] 216/216 OK | I med 818.7 uA (520.2-819.9) | R med 0.0181 kohm | dV med 3799 LSB
2026-09-23 12:13:15  [frame 8] 216/216 OK | I med 490.2 uA (450.5-502.8) | R med 0.0181 kohm | dV med 2274 LSB
2026-09-23 12:13:38  [frame 9] 198/216 OK | I med 488.8 uA (6.8-492.1) | R med 0.0182 kohm | dV med 2274 LSB | flags I_LOWx18
2026-09-23 12:14:00  [frame 10] 201/216 OK | I med 487.4 uA (7.4-491.4) | R med 0.0182 kohm | dV med 2254 LSB | flags I_LOWx15
2026-09-23 12:14:22  No reconstruction: This run is the session baseline; it has nothing to differ from.
2026-09-23 12:14:25  Baseline control image saved to scans\runs\20260923-120824-reistor-belt-sanity-test\control.png
2026-09-23 12:14:25  This run is now the session baseline (20260923-120824-reistor-belt-sanity-test).
2026-09-23 12:14:25  Finished. Run saved to scans\runs\20260923-120824-reistor-belt-sanity-test
2026-09-23 12:14:25    Frames captured: 10
2026-09-23 12:14:25    Reciprocity: median 0.6%  max 80.4%  sign flips 0/54
2026-09-23 12:14:25    Noise floor: median pair sd 0.00055 kohm (2.95%)  max 0.04196 kohm over 108 pairs
2026-09-23 12:14:25  Indexed in scans\index.csv
2026-09-23 12:14:30  Connecting to COM12...
2026-09-23 12:14:30  Configuring instrument...

------------------------------------------------------------------------
2026-09-23 12:14:30  Run 20260923-121430-reistor-belt-sanity-test
2026-09-23 12:14:30  Conditions: medium=saline tank saline=None g/L grounding=unknown fill=None mm temp=None C
2026-09-23 12:14:30  Recording to scans\runs\20260923-121430-reistor-belt-sanity-test
2026-09-23 12:14:51  [warmup 1/5] 212/216 OK | I med 487.0 uA (7.3-490.5) | R med 0.0182 kohm | dV med 2252 LSB | flags I_LOWx4
2026-09-23 12:15:12  [warmup 2/5] 212/216 OK | I med 486.7 uA (7.7-490.2) | R med 0.0182 kohm | dV med 2254 LSB | flags I_LOWx4
2026-09-23 12:15:33  [warmup 3/5] 215/216 OK | I med 486.5 uA (8.0-490.0) | R med 0.0182 kohm | dV med 2250 LSB | flags I_LOWx1
2026-09-23 12:15:54  [warmup 4/5] 214/216 OK | I med 486.5 uA (8.0-489.7) | R med 0.0181 kohm | dV med 2234 LSB | flags I_LOWx2
2026-09-23 12:16:15  [warmup 5/5] 214/216 OK | I med 486.4 uA (8.1-489.7) | R med 0.0182 kohm | dV med 2247 LSB | flags I_LOWx2
2026-09-23 12:16:36  [frame 1] 214/216 OK | I med 486.3 uA (8.2-489.7) | R med 0.0182 kohm | dV med 2245 LSB | flags I_LOWx2
2026-09-23 12:16:57  [frame 2] 214/216 OK | I med 486.3 uA (8.2-489.4) | R med 0.0182 kohm | dV med 2250 LSB | flags I_LOWx2
2026-09-23 12:17:19  [frame 3] 214/216 OK | I med 486.2 uA (8.5-489.4) | R med 0.0182 kohm | dV med 2250 LSB | flags I_LOWx2
2026-09-23 12:17:43  [frame 4] 215/216 OK | I med 486.3 uA (8.6-489.4) | R med 0.0182 kohm | dV med 2249 LSB | flags I_LOWx1
2026-09-23 12:18:19  [frame 5] 214/216 OK | I med 486.0 uA (9.1-489.5) | R med 0.0182 kohm | dV med 2249 LSB | flags I_LOWx2
2026-09-23 12:18:55  [frame 6] 215/216 OK | I med 486.1 uA (8.9-489.4) | R med 0.0182 kohm | dV med 2248 LSB | flags I_LOWx1
2026-09-23 12:19:26  [frame 7] 215/216 OK | I med 485.9 uA (9.1-489.4) | R med 0.0182 kohm | dV med 2250 LSB | flags I_LOWx1
2026-09-23 12:19:52  [frame 8] 215/216 OK | I med 485.9 uA (8.9-489.3) | R med 0.0182 kohm | dV med 2240 LSB | flags I_LOWx1
2026-09-23 12:20:14  [frame 9] 215/216 OK | I med 485.7 uA (9.3-489.1) | R med 0.0182 kohm | dV med 2246 LSB | flags I_LOWx1
2026-09-23 12:20:37  [frame 10] 214/216 OK | I med 485.7 uA (9.4-489.2) | R med 0.0182 kohm | dV med 2246 LSB | flags I_LOWx2
2026-09-23 12:21:03  Reconstruction: Peak +9.510e-02 at 282 deg  |  pairs 107/108 [best-effort]  |  0.2x noise - INDISTINGUISHABLE FROM NOISE
2026-09-23 12:21:03  Finished. Run saved to scans\runs\20260923-121430-reistor-belt-sanity-test
2026-09-23 12:21:03    Frames captured: 10
2026-09-23 12:21:03    Reciprocity: median 1.1%  max 87.1%  sign flips 1/53
2026-09-23 12:21:03    Check electrode contact: E9 29%, E10 16% (all pairs median 1%)
2026-09-23 12:21:03    Noise floor: median pair sd 0.00008 kohm (0.45%)  max 0.06815 kohm over 107 pairs
2026-09-23 12:21:03  Indexed in scans\index.csv
2026-09-23 12:29:41  Connecting to COM12...
2026-09-23 12:29:41  Configuring instrument...

------------------------------------------------------------------------
2026-09-23 12:29:41  Run 20260923-122941-reistor-belt-sanity-test
2026-09-23 12:29:41  Conditions: medium=saline tank saline=None g/L grounding=unknown fill=None mm temp=None C
2026-09-23 12:29:41  Recording to scans\runs\20260923-122941-reistor-belt-sanity-test
2026-09-23 12:30:02  [warmup 1/5] 216/216 OK | I med 467.3 uA (461.2-470.0) | R med 0.0181 kohm | dV med 2170 LSB
2026-09-23 12:30:23  [warmup 2/5] 216/216 OK | I med 468.4 uA (11.4-471.7) | R med 0.0182 kohm | dV med 2167 LSB
2026-09-23 12:30:44  [warmup 3/5] 216/216 OK | I med 468.4 uA (241.0-471.9) | R med 0.0182 kohm | dV med 2166 LSB
2026-09-23 12:31:05  [warmup 4/5] 216/216 OK | I med 468.8 uA (427.4-471.9) | R med 0.0181 kohm | dV med 2171 LSB
2026-09-23 12:31:26  [warmup 5/5] 216/216 OK | I med 468.8 uA (416.1-472.3) | R med 0.0181 kohm | dV med 2169 LSB
2026-09-23 12:31:47  [frame 1] 216/216 OK | I med 468.9 uA (417.3-472.3) | R med 0.0181 kohm | dV med 2172 LSB
2026-09-23 12:32:08  [frame 2] 216/216 OK | I med 468.8 uA (417.3-472.0) | R med 0.0181 kohm | dV med 2169 LSB
2026-09-23 12:32:29  [frame 3] 216/216 OK | I med 468.7 uA (411.8-472.2) | R med 0.0181 kohm | dV med 2173 LSB
2026-09-23 12:32:50  [frame 4] 216/216 OK | I med 469.6 uA (467.4-472.1) | R med 0.0181 kohm | dV med 2176 LSB
2026-09-23 12:33:04  Baseline cleared; the next run will become the new baseline.
2026-09-23 12:33:05  Stopping after the frame in flight...
2026-09-23 12:33:11  [frame 5] 216/216 OK | I med 469.5 uA (467.3-471.5) | R med 0.0181 kohm | dV med 2177 LSB
2026-09-23 12:33:11  Cancelled after 5 frame(s); the run is kept.
2026-09-23 12:33:15  Reconstruction: Peak -4.747e-01 at 284 deg  |  pairs 108/108 [ok]  |  1.0x noise - INDISTINGUISHABLE FROM NOISE
2026-09-23 12:33:15  This run is now the session baseline (20260923-122941-reistor-belt-sanity-test).
2026-09-23 12:33:15  Finished. Run saved to scans\runs\20260923-122941-reistor-belt-sanity-test
2026-09-23 12:33:15    Frames captured: 5
2026-09-23 12:33:15    Reciprocity: median 0.1%  max 1.0%  sign flips 0/54
2026-09-23 12:33:15    Noise floor: median pair sd 0.00003 kohm (0.15%)  max 0.00050 kohm over 108 pairs
2026-09-23 12:33:15  Indexed in scans\index.csv
2026-09-23 12:33:25  Connecting to COM12...
2026-09-23 12:33:25  Configuring instrument...

------------------------------------------------------------------------
2026-09-23 12:33:25  Run 20260923-123325-reistor-belt-sanity-test
2026-09-23 12:33:25  Conditions: medium=saline tank saline=None g/L grounding=unknown fill=None mm temp=None C
2026-09-23 12:33:25  Recording to scans\runs\20260923-123325-reistor-belt-sanity-test
2026-09-23 12:33:46  [warmup 1/5] 216/216 OK | I med 469.3 uA (467.2-471.4) | R med 0.0181 kohm | dV med 2176 LSB
2026-09-23 12:34:07  [warmup 2/5] 216/216 OK | I med 469.1 uA (466.8-471.4) | R med 0.0181 kohm | dV med 2176 LSB
2026-09-23 12:34:28  [warmup 3/5] 216/216 OK | I med 469.1 uA (466.7-471.2) | R med 0.0181 kohm | dV med 2175 LSB
2026-09-23 12:34:49  [warmup 4/5] 216/216 OK | I med 469.1 uA (466.8-471.3) | R med 0.0181 kohm | dV med 2176 LSB
2026-09-23 12:35:10  [warmup 5/5] 216/216 OK | I med 469.0 uA (466.8-471.5) | R med 0.0181 kohm | dV med 2176 LSB
2026-09-23 12:35:31  [frame 1] 216/216 OK | I med 469.0 uA (466.9-471.3) | R med 0.0181 kohm | dV med 2175 LSB
2026-09-23 12:35:52  [frame 2] 216/216 OK | I med 469.1 uA (466.7-471.1) | R med 0.0181 kohm | dV med 2176 LSB
2026-09-23 12:36:13  [frame 3] 216/216 OK | I med 468.9 uA (466.8-471.2) | R med 0.0181 kohm | dV med 2175 LSB
2026-09-23 12:36:34  [frame 4] 216/216 OK | I med 468.8 uA (466.6-471.1) | R med 0.0181 kohm | dV med 2175 LSB
2026-09-23 12:36:55  [frame 5] 216/216 OK | I med 468.7 uA (466.5-471.1) | R med 0.0181 kohm | dV med 2173 LSB
2026-09-23 12:37:16  [frame 6] 216/216 OK | I med 468.6 uA (466.1-470.9) | R med 0.0181 kohm | dV med 2174 LSB
2026-09-23 12:37:37  [frame 7] 216/216 OK | I med 468.7 uA (466.4-471.1) | R med 0.0181 kohm | dV med 2175 LSB
2026-09-23 12:37:58  [frame 8] 216/216 OK | I med 468.7 uA (466.3-470.9) | R med 0.0181 kohm | dV med 2174 LSB
2026-09-23 12:38:19  [frame 9] 216/216 OK | I med 468.6 uA (466.4-470.9) | R med 0.0181 kohm | dV med 2175 LSB
2026-09-23 12:38:40  [frame 10] 216/216 OK | I med 468.6 uA (466.2-470.7) | R med 0.0181 kohm | dV med 2173 LSB
2026-09-23 12:38:45  Reconstruction: Peak +1.011e-03 at 204 deg  |  pairs 108/108 [ok]  |  0.5x noise - INDISTINGUISHABLE FROM NOISE
2026-09-23 12:38:45  Finished. Run saved to scans\runs\20260923-123325-reistor-belt-sanity-test
2026-09-23 12:38:45    Frames captured: 10
2026-09-23 12:38:45    Reciprocity: median 0.1%  max 0.3%  sign flips 0/54
2026-09-23 12:38:45    Noise floor: median pair sd 0.00003 kohm (0.14%)  max 0.00006 kohm over 108 pairs
2026-09-23 12:38:45  Indexed in scans\index.csv
2026-09-23 12:44:12  Baseline cleared; the next run will become the new baseline.
2026-09-23 12:48:08  Connecting to COM12...
2026-09-23 12:48:08  Configuring instrument...

------------------------------------------------------------------------
2026-09-23 12:48:08  Run 20260923-124808-coconut-tree-1
2026-09-23 12:48:08  Conditions: medium=saline tank saline=None g/L grounding=unknown fill=None mm temp=None C
2026-09-23 12:48:08  Recording to scans\runs\20260923-124808-coconut-tree-1
2026-09-23 12:48:29  [warmup 1/5] 216/216 OK | I med 255.5 uA (163.9-322.1) | R med 0.0107 kohm | dV med 692 LSB
2026-09-23 12:48:50  [warmup 2/5] 216/216 OK | I med 255.5 uA (164.2-322.1) | R med 0.0106 kohm | dV med 689 LSB
2026-09-23 12:49:11  [warmup 3/5] 216/216 OK | I med 255.3 uA (164.1-322.1) | R med 0.0105 kohm | dV med 691 LSB
2026-09-23 12:49:32  [warmup 4/5] 216/216 OK | I med 255.3 uA (164.2-322.0) | R med 0.0106 kohm | dV med 686 LSB
2026-09-23 12:49:53  [warmup 5/5] 216/216 OK | I med 255.2 uA (164.4-322.1) | R med 0.0107 kohm | dV med 689 LSB
2026-09-23 12:50:14  [frame 1] 216/216 OK | I med 255.2 uA (163.6-322.2) | R med 0.0107 kohm | dV med 683 LSB
2026-09-23 12:50:35  [frame 2] 216/216 OK | I med 255.2 uA (164.3-322.2) | R med 0.0107 kohm | dV med 683 LSB
2026-09-23 12:50:56  [frame 3] 216/216 OK | I med 255.1 uA (163.9-321.8) | R med 0.0106 kohm | dV med 677 LSB
2026-09-23 12:51:17  [frame 4] 216/216 OK | I med 255.1 uA (164.1-322.2) | R med 0.0107 kohm | dV med 682 LSB
2026-09-23 12:51:38  [frame 5] 216/216 OK | I med 255.2 uA (163.9-322.0) | R med 0.0107 kohm | dV med 679 LSB
2026-09-23 12:51:59  [frame 6] 216/216 OK | I med 255.2 uA (164.0-322.1) | R med 0.0107 kohm | dV med 680 LSB
2026-09-23 12:52:19  [frame 7] 216/216 OK | I med 255.1 uA (163.8-321.8) | R med 0.0106 kohm | dV med 681 LSB
2026-09-23 12:52:40  [frame 8] 216/216 OK | I med 255.1 uA (164.0-322.2) | R med 0.0107 kohm | dV med 681 LSB
2026-09-23 12:53:01  [frame 9] 216/216 OK | I med 255.1 uA (164.1-322.1) | R med 0.0106 kohm | dV med 681 LSB
2026-09-23 12:53:22  [frame 10] 216/216 OK | I med 255.0 uA (163.9-321.8) | R med 0.0106 kohm | dV med 686 LSB
2026-09-23 12:53:23  No reconstruction: This run is the session baseline; it has nothing to differ from.
2026-09-23 12:53:26  Baseline control image saved to scans\runs\20260923-124808-coconut-tree-1\control.png
2026-09-23 12:53:26  This run is now the session baseline (20260923-124808-coconut-tree-1).
2026-09-23 12:53:26  Finished. Run saved to scans\runs\20260923-124808-coconut-tree-1
2026-09-23 12:53:26    Frames captured: 10
2026-09-23 12:53:26    Reciprocity: median 3.4%  max 78.4%  sign flips 0/54
2026-09-23 12:53:26    Noise floor: median pair sd 0.00009 kohm (0.72%)  max 0.00037 kohm over 108 pairs
2026-09-23 12:53:26  Indexed in scans\index.csv
2026-09-23 12:54:11  Connecting to COM12...
2026-09-23 12:54:11  Configuring instrument...

------------------------------------------------------------------------
2026-09-23 12:54:11  Run 20260923-125411-coconut-tree-1
2026-09-23 12:54:11  Conditions: medium=saline tank saline=None g/L grounding=unknown fill=None mm temp=None C
2026-09-23 12:54:11  Recording to scans\runs\20260923-125411-coconut-tree-1
2026-09-23 12:54:32  [warmup 1/5] 216/216 OK | I med 255.0 uA (163.3-321.8) | R med 0.0107 kohm | dV med 693 LSB
2026-09-23 12:54:53  [warmup 2/5] 216/216 OK | I med 255.2 uA (163.3-322.2) | R med 0.0105 kohm | dV med 690 LSB
2026-09-23 12:55:14  [warmup 3/5] 216/216 OK | I med 255.4 uA (163.7-323.4) | R med 0.0107 kohm | dV med 686 LSB
2026-09-23 12:55:35  [warmup 4/5] 216/216 OK | I med 255.8 uA (164.2-323.1) | R med 0.0106 kohm | dV med 691 LSB
2026-09-23 12:55:56  [warmup 5/5] 216/216 OK | I med 255.7 uA (164.5-322.6) | R med 0.0106 kohm | dV med 694 LSB
2026-09-23 12:56:17  [frame 1] 216/216 OK | I med 255.8 uA (164.5-322.8) | R med 0.0107 kohm | dV med 690 LSB
2026-09-23 12:56:38  [frame 2] 216/216 OK | I med 255.5 uA (163.8-322.8) | R med 0.0106 kohm | dV med 693 LSB
2026-09-23 12:56:59  [frame 3] 216/216 OK | I med 255.6 uA (163.5-322.8) | R med 0.0107 kohm | dV med 693 LSB
2026-09-23 12:57:20  [frame 4] 216/216 OK | I med 255.6 uA (164.4-322.9) | R med 0.0107 kohm | dV med 695 LSB
2026-09-23 12:57:41  [frame 5] 216/216 OK | I med 255.5 uA (164.5-322.6) | R med 0.0106 kohm | dV med 690 LSB
2026-09-23 12:58:02  [frame 6] 216/216 OK | I med 255.6 uA (164.5-322.5) | R med 0.0107 kohm | dV med 688 LSB
2026-09-23 12:58:23  [frame 7] 216/216 OK | I med 255.4 uA (163.6-322.4) | R med 0.0106 kohm | dV med 695 LSB
2026-09-23 12:58:44  [frame 8] 216/216 OK | I med 255.5 uA (164.2-322.6) | R med 0.0107 kohm | dV med 684 LSB
2026-09-23 12:59:05  [frame 9] 216/216 OK | I med 255.7 uA (164.0-322.8) | R med 0.0107 kohm | dV med 689 LSB
2026-09-23 12:59:26  [frame 10] 216/216 OK | I med 255.6 uA (164.3-322.6) | R med 0.0106 kohm | dV med 684 LSB
2026-09-23 12:59:29  Reconstruction: Peak +3.788e-03 at 291 deg  |  pairs 108/108 [ok]  |  1.4x noise - INDISTINGUISHABLE FROM NOISE
2026-09-23 12:59:29  Finished. Run saved to scans\runs\20260923-125411-coconut-tree-1
2026-09-23 12:59:29    Frames captured: 10
2026-09-23 12:59:29    Reciprocity: median 3.7%  max 82.4%  sign flips 0/54
2026-09-23 12:59:29    Noise floor: median pair sd 0.00009 kohm (0.79%)  max 0.00029 kohm over 108 pairs
2026-09-23 12:59:29  Indexed in scans\index.csv

------------------------------------------------------------------------
2026-09-23 15:37:11  Session started (hardware)
2026-09-23 15:37:11  Scans folder: C:\Users\Vidad\Documents\THESIS-PALAYAIN\scans
2026-09-23 15:37:11  96 scan(s) already recorded here.
2026-09-23 15:37:11  Ready. Settings are saved on exit.
2026-09-23 15:39:58  Connecting to COM12...
2026-09-23 15:39:58  Configuring instrument...

------------------------------------------------------------------------
2026-09-23 15:39:58  Run 20260923-153958-coconuttree-1
2026-09-23 15:39:58  Conditions: medium=saline tank saline=None g/L grounding=unknown fill=None mm temp=None C
2026-09-23 15:39:58  Recording to scans\runs\20260923-153958-coconuttree-1
2026-09-23 15:40:19  [warmup 1/5] 216/216 OK | I med 260.3 uA (158.8-334.0) | R med 0.0105 kohm | dV med 685 LSB
2026-09-23 15:40:40  [warmup 2/5] 216/216 OK | I med 260.3 uA (159.3-333.6) | R med 0.0104 kohm | dV med 684 LSB
2026-09-23 15:41:01  [warmup 3/5] 216/216 OK | I med 260.4 uA (159.6-334.0) | R med 0.0105 kohm | dV med 680 LSB
2026-09-23 15:41:22  [warmup 4/5] 216/216 OK | I med 260.4 uA (159.8-332.4) | R med 0.0104 kohm | dV med 687 LSB
2026-09-23 15:41:43  [warmup 5/5] 216/216 OK | I med 260.4 uA (160.1-333.2) | R med 0.0104 kohm | dV med 697 LSB
2026-09-23 15:42:04  [frame 1] 216/216 OK | I med 260.2 uA (159.1-333.9) | R med 0.0105 kohm | dV med 680 LSB
2026-09-23 15:42:25  [frame 2] 216/216 OK | I med 260.5 uA (159.6-333.7) | R med 0.0104 kohm | dV med 686 LSB
2026-09-23 15:42:49  [frame 3] 216/216 OK | I med 260.3 uA (160.1-333.7) | R med 0.0105 kohm | dV med 686 LSB
2026-09-23 15:43:15  [frame 4] 216/216 OK | I med 260.5 uA (159.8-334.4) | R med 0.0104 kohm | dV med 701 LSB
2026-09-23 15:43:39  [frame 5] 216/216 OK | I med 259.9 uA (159.9-334.0) | R med 0.0105 kohm | dV med 704 LSB
2026-09-23 15:44:05  [frame 6] 216/216 OK | I med 260.4 uA (159.9-333.8) | R med 0.0105 kohm | dV med 677 LSB
2026-09-23 15:44:32  [frame 7] 216/216 OK | I med 260.8 uA (159.7-334.7) | R med 0.0105 kohm | dV med 693 LSB
2026-09-23 15:44:58  [frame 8] 216/216 OK | I med 260.4 uA (160.2-334.4) | R med 0.0104 kohm | dV med 705 LSB
2026-09-23 15:45:24  [frame 9] 216/216 OK | I med 260.4 uA (159.9-334.3) | R med 0.0105 kohm | dV med 689 LSB
2026-09-23 15:45:50  [frame 10] 216/216 OK | I med 260.4 uA (160.1-334.7) | R med 0.0104 kohm | dV med 697 LSB
2026-09-23 15:46:15  No reconstruction: This run is the session baseline; it has nothing to differ from.
2026-09-23 15:46:16  Baseline control image saved to scans\runs\20260923-153958-coconuttree-1\control.png
2026-09-23 15:46:16  This run is now the session baseline (20260923-153958-coconuttree-1).
2026-09-23 15:46:16  Finished. Run saved to scans\runs\20260923-153958-coconuttree-1
2026-09-23 15:46:16    Frames captured: 10
2026-09-23 15:46:16    Reciprocity: median 3.0%  max 42.4%  sign flips 1/54
2026-09-23 15:46:16    Noise floor: median pair sd 0.00010 kohm (0.84%)  max 0.00062 kohm over 108 pairs
2026-09-23 15:46:16  Indexed in scans\index.csv
2026-09-23 15:48:38  Connecting to COM12...
2026-09-23 15:48:38  Configuring instrument...

------------------------------------------------------------------------
2026-09-23 15:48:39  Run 20260923-154838-coconuttree-1
2026-09-23 15:48:39  Conditions: medium=saline tank saline=None g/L grounding=unknown fill=None mm temp=None C
2026-09-23 15:48:39  Recording to scans\runs\20260923-154838-coconuttree-1
2026-09-23 15:49:00  [warmup 1/5] 216/216 OK | I med 260.7 uA (159.9-334.7) | R med 0.0105 kohm | dV med 687 LSB
2026-09-23 15:49:21  [warmup 2/5] 216/216 OK | I med 260.4 uA (159.4-334.4) | R med 0.0104 kohm | dV med 687 LSB
2026-09-23 15:49:41  [warmup 3/5] 216/216 OK | I med 260.4 uA (159.1-334.8) | R med 0.0104 kohm | dV med 697 LSB
2026-09-23 15:50:02  [warmup 4/5] 216/216 OK | I med 260.7 uA (159.4-334.6) | R med 0.0105 kohm | dV med 694 LSB
2026-09-23 15:50:23  [warmup 5/5] 216/216 OK | I med 260.5 uA (160.1-335.1) | R med 0.0105 kohm | dV med 693 LSB
2026-09-23 15:50:44  [frame 1] 216/216 OK | I med 260.5 uA (159.0-334.6) | R med 0.0106 kohm | dV med 705 LSB
2026-09-23 15:51:05  [frame 2] 216/216 OK | I med 260.3 uA (160.1-334.0) | R med 0.0105 kohm | dV med 703 LSB
2026-09-23 15:51:26  [frame 3] 216/216 OK | I med 260.5 uA (159.7-333.7) | R med 0.0105 kohm | dV med 697 LSB
2026-09-23 15:51:47  [frame 4] 216/216 OK | I med 260.3 uA (159.9-333.6) | R med 0.0105 kohm | dV med 684 LSB
2026-09-23 15:52:08  [frame 5] 216/216 OK | I med 260.4 uA (160.2-334.0) | R med 0.0105 kohm | dV med 689 LSB
2026-09-23 15:52:29  [frame 6] 216/216 OK | I med 260.5 uA (159.9-334.0) | R med 0.0104 kohm | dV med 704 LSB
2026-09-23 15:52:50  [frame 7] 216/216 OK | I med 260.8 uA (160.4-334.6) | R med 0.0105 kohm | dV med 684 LSB
2026-09-23 15:53:11  [frame 8] 216/216 OK | I med 260.7 uA (159.7-334.0) | R med 0.0105 kohm | dV med 694 LSB
2026-09-23 15:53:32  [frame 9] 216/216 OK | I med 260.6 uA (160.2-334.5) | R med 0.0105 kohm | dV med 689 LSB
2026-09-23 15:53:53  [frame 10] 216/216 OK | I med 260.5 uA (159.8-334.1) | R med 0.0105 kohm | dV med 688 LSB
2026-09-23 15:53:55  Reconstruction: Peak -4.506e-03 at 271 deg  |  pairs 108/108 [ok]  |  1.3x noise - INDISTINGUISHABLE FROM NOISE
2026-09-23 15:53:55  Finished. Run saved to scans\runs\20260923-154838-coconuttree-1
2026-09-23 15:53:55    Frames captured: 10
2026-09-23 15:53:55    Reciprocity: median 3.5%  max 41.2%  sign flips 1/54
2026-09-23 15:53:55    Noise floor: median pair sd 0.00011 kohm (0.90%)  max 0.00054 kohm over 108 pairs
2026-09-23 15:53:55  Indexed in scans\index.csv
2026-09-23 15:58:27  Baseline cleared; the next run will become the new baseline.
2026-09-23 15:58:30  Connecting to COM12...
2026-09-23 15:58:30  Configuring instrument...

------------------------------------------------------------------------
2026-09-23 15:58:30  Run 20260923-155830-coconuttree-1
2026-09-23 15:58:30  Conditions: medium=saline tank saline=None g/L grounding=unknown fill=None mm temp=None C
2026-09-23 15:58:30  Recording to scans\runs\20260923-155830-coconuttree-1
2026-09-23 15:58:51  [warmup 1/5] 216/216 OK | I med 310.9 uA (191.3-395.1) | R med 0.0105 kohm | dV med 815 LSB
2026-09-23 15:59:12  [warmup 2/5] 216/216 OK | I med 310.5 uA (191.5-394.9) | R med 0.0104 kohm | dV med 828 LSB
2026-09-23 15:59:33  [warmup 3/5] 216/216 OK | I med 310.6 uA (191.3-395.1) | R med 0.0105 kohm | dV med 815 LSB
2026-09-23 15:59:54  [warmup 4/5] 216/216 OK | I med 310.5 uA (191.4-394.9) | R med 0.0104 kohm | dV med 831 LSB
2026-09-23 16:00:15  [warmup 5/5] 216/216 OK | I med 310.4 uA (191.6-395.1) | R med 0.0104 kohm | dV med 818 LSB
2026-09-23 16:00:36  [frame 1] 216/216 OK | I med 310.3 uA (191.1-394.5) | R med 0.0104 kohm | dV med 832 LSB
2026-09-23 16:00:57  [frame 2] 216/216 OK | I med 310.2 uA (191.5-395.0) | R med 0.0104 kohm | dV med 813 LSB
2026-09-23 16:01:18  [frame 3] 216/216 OK | I med 310.4 uA (191.6-394.5) | R med 0.0105 kohm | dV med 818 LSB
2026-09-23 16:01:39  [frame 4] 216/216 OK | I med 310.5 uA (191.2-394.7) | R med 0.0104 kohm | dV med 811 LSB
2026-09-23 16:02:00  [frame 5] 216/216 OK | I med 310.3 uA (191.5-394.5) | R med 0.0104 kohm | dV med 814 LSB
2026-09-23 16:02:21  [frame 6] 216/216 OK | I med 310.6 uA (191.8-394.5) | R med 0.0104 kohm | dV med 816 LSB
2026-09-23 16:02:42  [frame 7] 216/216 OK | I med 310.5 uA (191.5-394.6) | R med 0.0104 kohm | dV med 822 LSB
2026-09-23 16:03:03  [frame 8] 216/216 OK | I med 310.3 uA (191.5-394.6) | R med 0.0105 kohm | dV med 826 LSB
2026-09-23 16:03:24  [frame 9] 216/216 OK | I med 310.5 uA (191.9-394.7) | R med 0.0104 kohm | dV med 820 LSB
2026-09-23 16:03:45  [frame 10] 216/216 OK | I med 310.3 uA (191.7-394.5) | R med 0.0104 kohm | dV med 820 LSB
2026-09-23 16:03:45  No reconstruction: This run is the session baseline; it has nothing to differ from.
2026-09-23 16:03:46  Baseline control image saved to scans\runs\20260923-155830-coconuttree-1\control.png
2026-09-23 16:03:46  This run is now the session baseline (20260923-155830-coconuttree-1).
2026-09-23 16:03:46  Finished. Run saved to scans\runs\20260923-155830-coconuttree-1
2026-09-23 16:03:46    Frames captured: 10
2026-09-23 16:03:46    Reciprocity: median 2.8%  max 70.3%  sign flips 0/54
2026-09-23 16:03:46    Noise floor: median pair sd 0.00007 kohm (0.59%)  max 0.00033 kohm over 108 pairs
2026-09-23 16:03:46  Indexed in scans\index.csv
2026-09-23 16:04:02  Connecting to COM12...
2026-09-23 16:04:02  Configuring instrument...

------------------------------------------------------------------------
2026-09-23 16:04:02  Run 20260923-160402-coconuttree-1
2026-09-23 16:04:02  Conditions: medium=saline tank saline=None g/L grounding=unknown fill=None mm temp=None C
2026-09-23 16:04:02  Recording to scans\runs\20260923-160402-coconuttree-1
2026-09-23 16:04:23  [warmup 1/5] 216/216 OK | I med 310.2 uA (191.4-394.5) | R med 0.0104 kohm | dV med 818 LSB
2026-09-23 16:04:44  [warmup 2/5] 216/216 OK | I med 310.6 uA (192.1-394.5) | R med 0.0104 kohm | dV med 818 LSB
2026-09-23 16:05:05  [warmup 3/5] 216/216 OK | I med 310.3 uA (191.6-394.6) | R med 0.0104 kohm | dV med 825 LSB
2026-09-23 16:05:26  [warmup 4/5] 216/216 OK | I med 310.2 uA (191.9-394.8) | R med 0.0104 kohm | dV med 815 LSB
2026-09-23 16:05:47  [warmup 5/5] 216/216 OK | I med 310.3 uA (191.3-394.9) | R med 0.0104 kohm | dV med 838 LSB
2026-09-23 16:06:08  [frame 1] 216/216 OK | I med 309.9 uA (192.1-394.4) | R med 0.0105 kohm | dV med 820 LSB
2026-09-23 16:06:29  [frame 2] 216/216 OK | I med 310.5 uA (190.9-394.7) | R med 0.0104 kohm | dV med 824 LSB
2026-09-23 16:06:50  [frame 3] 216/216 OK | I med 310.3 uA (191.7-394.1) | R med 0.0104 kohm | dV med 812 LSB
2026-09-23 16:07:11  [frame 4] 216/216 OK | I med 310.3 uA (190.8-394.7) | R med 0.0105 kohm | dV med 817 LSB
2026-09-23 16:07:32  [frame 5] 216/216 OK | I med 310.3 uA (191.4-393.7) | R med 0.0104 kohm | dV med 818 LSB
2026-09-23 16:07:53  [frame 6] 216/216 OK | I med 310.5 uA (191.8-394.4) | R med 0.0104 kohm | dV med 822 LSB
2026-09-23 16:08:14  [frame 7] 216/216 OK | I med 310.4 uA (191.6-394.8) | R med 0.0104 kohm | dV med 827 LSB
2026-09-23 16:08:35  [frame 8] 216/216 OK | I med 310.0 uA (191.5-394.3) | R med 0.0105 kohm | dV med 812 LSB
2026-09-23 16:08:56  [frame 9] 216/216 OK | I med 310.6 uA (191.4-393.7) | R med 0.0105 kohm | dV med 825 LSB
2026-09-23 16:09:16  [frame 10] 216/216 OK | I med 310.1 uA (191.0-394.4) | R med 0.0104 kohm | dV med 827 LSB
2026-09-23 16:09:21  Reconstruction: Peak -2.607e-03 at 300 deg  |  pairs 108/108 [ok]  |  0.8x noise - INDISTINGUISHABLE FROM NOISE
2026-09-23 16:09:21  Finished. Run saved to scans\runs\20260923-160402-coconuttree-1
2026-09-23 16:09:21    Frames captured: 10
2026-09-23 16:09:21    Reciprocity: median 2.7%  max 65.7%  sign flips 0/54
2026-09-23 16:09:21    Noise floor: median pair sd 0.00007 kohm (0.61%)  max 0.00030 kohm over 108 pairs
2026-09-23 16:09:21  Indexed in scans\index.csv
2026-09-23 16:14:35  Baseline cleared; the next run will become the new baseline.
2026-09-23 16:14:37  Connecting to COM12...
2026-09-23 16:14:37  Configuring instrument...

------------------------------------------------------------------------
2026-09-23 16:14:37  Run 20260923-161437-coconuttree-1-500-dac-32-samp
2026-09-23 16:14:37  Conditions: medium=saline tank saline=None g/L grounding=unknown fill=None mm temp=None C
2026-09-23 16:14:37  Recording to scans\runs\20260923-161437-coconuttree-1-500-dac-32-samp
2026-09-23 16:15:12  [warmup 1/5] 216/216 OK | I med 310.8 uA (190.5-396.3) | R med 0.0103 kohm | dV med 814 LSB
2026-09-23 16:15:46  [warmup 2/5] 216/216 OK | I med 310.7 uA (190.5-396.1) | R med 0.0103 kohm | dV med 812 LSB
2026-09-23 16:16:21  [warmup 3/5] 216/216 OK | I med 310.8 uA (190.3-396.4) | R med 0.0103 kohm | dV med 813 LSB
2026-09-23 16:16:56  [warmup 4/5] 216/216 OK | I med 310.6 uA (190.4-396.3) | R med 0.0103 kohm | dV med 808 LSB
2026-09-23 16:17:31  [warmup 5/5] 216/216 OK | I med 310.5 uA (190.9-396.5) | R med 0.0103 kohm | dV med 816 LSB
2026-09-23 16:18:06  [frame 1] 216/216 OK | I med 310.8 uA (190.8-396.5) | R med 0.0103 kohm | dV med 814 LSB
2026-09-23 16:18:40  [frame 2] 216/216 OK | I med 310.6 uA (190.8-396.3) | R med 0.0103 kohm | dV med 816 LSB
2026-09-23 16:19:15  [frame 3] 216/216 OK | I med 310.4 uA (190.6-395.9) | R med 0.0103 kohm | dV med 812 LSB
2026-09-23 16:19:50  [frame 4] 216/216 OK | I med 310.9 uA (191.0-396.8) | R med 0.0103 kohm | dV med 809 LSB
2026-09-23 16:20:25  [frame 5] 216/216 OK | I med 310.8 uA (191.1-396.3) | R med 0.0103 kohm | dV med 803 LSB
2026-09-23 16:20:59  [frame 6] 216/216 OK | I med 310.9 uA (191.2-396.4) | R med 0.0103 kohm | dV med 809 LSB
2026-09-23 16:21:34  [frame 7] 216/216 OK | I med 310.7 uA (190.5-396.3) | R med 0.0103 kohm | dV med 811 LSB
2026-09-23 16:22:09  [frame 8] 216/216 OK | I med 311.0 uA (190.8-396.6) | R med 0.0103 kohm | dV med 802 LSB
2026-09-23 16:22:44  [frame 9] 216/216 OK | I med 310.9 uA (190.4-396.4) | R med 0.0103 kohm | dV med 810 LSB
2026-09-23 16:23:19  [frame 10] 216/216 OK | I med 310.8 uA (191.1-396.3) | R med 0.0103 kohm | dV med 817 LSB
2026-09-23 16:23:19  No reconstruction: This run is the session baseline; it has nothing to differ from.
2026-09-23 16:23:20  Baseline control image saved to scans\runs\20260923-161437-coconuttree-1-500-dac-32-samp\control.png
2026-09-23 16:23:20  This run is now the session baseline (20260923-161437-coconuttree-1-500-dac-32-samp).
2026-09-23 16:23:20  Finished. Run saved to scans\runs\20260923-161437-coconuttree-1-500-dac-32-samp
2026-09-23 16:23:20    Frames captured: 10
2026-09-23 16:23:20    Reciprocity: median 3.0%  max 55.7%  sign flips 0/54
2026-09-23 16:23:20    Noise floor: median pair sd 0.00005 kohm (0.47%)  max 0.00024 kohm over 108 pairs
2026-09-23 16:23:20  Indexed in scans\index.csv
2026-09-23 16:32:44  Baseline cleared; the next run will become the new baseline.
2026-09-23 16:32:46  Connecting to COM12...
2026-09-23 16:32:46  Configuring instrument...

------------------------------------------------------------------------
2026-09-23 16:32:47  Run 20260923-163246-coconuttree-1-500-dac-32-samp-60-ms
2026-09-23 16:32:47  Conditions: medium=saline tank saline=None g/L grounding=unknown fill=None mm temp=None C
2026-09-23 16:32:47  Recording to scans\runs\20260923-163246-coconuttree-1-500-dac-32-samp-60-ms
2026-09-23 16:33:42  [warmup 1/5] 216/216 OK | I med 307.8 uA (189.6-392.9) | R med 0.0103 kohm | dV med 802 LSB
2026-09-23 16:34:38  [warmup 2/5] 216/216 OK | I med 307.8 uA (189.5-393.0) | R med 0.0103 kohm | dV med 804 LSB
2026-09-23 16:35:33  [warmup 3/5] 216/216 OK | I med 307.8 uA (189.2-392.8) | R med 0.0103 kohm | dV med 806 LSB
2026-09-23 16:36:29  [warmup 4/5] 216/216 OK | I med 307.6 uA (189.4-393.4) | R med 0.0103 kohm | dV med 804 LSB
2026-09-23 16:37:24  [warmup 5/5] 216/216 OK | I med 307.6 uA (189.6-393.2) | R med 0.0103 kohm | dV med 808 LSB
2026-09-23 16:38:20  [frame 1] 216/216 OK | I med 307.7 uA (189.9-392.9) | R med 0.0103 kohm | dV med 808 LSB
2026-09-23 16:39:15  [frame 2] 216/216 OK | I med 307.7 uA (189.6-393.1) | R med 0.0104 kohm | dV med 809 LSB
2026-09-23 16:40:11  [frame 3] 216/216 OK | I med 307.9 uA (189.2-393.1) | R med 0.0103 kohm | dV med 806 LSB
2026-09-23 16:41:06  [frame 4] 216/216 OK | I med 307.9 uA (189.4-393.1) | R med 0.0103 kohm | dV med 800 LSB
2026-09-23 16:42:02  [frame 5] 216/216 OK | I med 307.8 uA (189.7-393.5) | R med 0.0103 kohm | dV med 796 LSB
2026-09-23 16:42:57  [frame 6] 216/216 OK | I med 307.9 uA (190.1-393.2) | R med 0.0103 kohm | dV med 805 LSB
2026-09-23 16:43:53  [frame 7] 216/216 OK | I med 307.9 uA (189.2-393.8) | R med 0.0104 kohm | dV med 801 LSB
2026-09-23 16:44:48  [frame 8] 216/216 OK | I med 307.9 uA (189.2-393.2) | R med 0.0104 kohm | dV med 804 LSB
2026-09-23 16:45:44  [frame 9] 216/216 OK | I med 308.0 uA (189.0-393.4) | R med 0.0104 kohm | dV med 809 LSB
2026-09-23 16:46:39  [frame 10] 216/216 OK | I med 307.8 uA (189.7-393.7) | R med 0.0104 kohm | dV med 806 LSB
2026-09-23 16:46:40  No reconstruction: This run is the session baseline; it has nothing to differ from.
2026-09-23 16:46:43  Baseline control image saved to scans\runs\20260923-163246-coconuttree-1-500-dac-32-samp-60-ms\control.png
2026-09-23 16:46:43  This run is now the session baseline (20260923-163246-coconuttree-1-500-dac-32-samp-60-ms).
2026-09-23 16:46:43  Finished. Run saved to scans\runs\20260923-163246-coconuttree-1-500-dac-32-samp-60-ms
2026-09-23 16:46:43    Frames captured: 10
2026-09-23 16:46:43    Reciprocity: median 3.1%  max 53.6%  sign flips 0/54
2026-09-23 16:46:43    Noise floor: median pair sd 0.00005 kohm (0.38%)  max 0.00033 kohm over 108 pairs
2026-09-23 16:46:43  Indexed in scans\index.csv
2026-09-23 16:56:16  Connecting to COM12...
2026-09-23 16:56:16  Configuring instrument...

------------------------------------------------------------------------
2026-09-23 16:56:16  Run 20260923-165616-coconuttree-1-500-dac-32-samp-30-ms
2026-09-23 16:56:16  Conditions: medium=saline tank saline=None g/L grounding=unknown fill=None mm temp=None C
2026-09-23 16:56:16  Recording to scans\runs\20260923-165616-coconuttree-1-500-dac-32-samp-30-ms
2026-09-23 16:57:05  [warmup 1/5] 216/216 OK | I med 312.1 uA (189.2-399.0) | R med 0.0103 kohm | dV med 808 LSB
2026-09-23 16:57:54  [warmup 2/5] 216/216 OK | I med 311.8 uA (190.1-399.6) | R med 0.0103 kohm | dV med 809 LSB
2026-09-23 16:58:43  [warmup 3/5] 216/216 OK | I med 311.9 uA (190.1-398.8) | R med 0.0103 kohm | dV med 807 LSB
2026-09-23 16:59:32  [warmup 4/5] 216/216 OK | I med 311.9 uA (190.0-399.5) | R med 0.0103 kohm | dV med 801 LSB
2026-09-23 17:00:21  [warmup 5/5] 216/216 OK | I med 311.7 uA (190.4-399.4) | R med 0.0102 kohm | dV med 808 LSB
2026-09-23 17:01:10  [frame 1] 216/216 OK | I med 312.0 uA (190.0-399.4) | R med 0.0103 kohm | dV med 804 LSB
2026-09-23 17:01:59  [frame 2] 216/216 OK | I med 311.9 uA (190.3-399.3) | R med 0.0104 kohm | dV med 806 LSB
2026-09-23 17:02:48  [frame 3] 216/216 OK | I med 311.9 uA (190.0-399.7) | R med 0.0103 kohm | dV med 810 LSB
2026-09-23 17:03:37  [frame 4] 216/216 OK | I med 311.9 uA (190.0-399.3) | R med 0.0103 kohm | dV med 804 LSB
2026-09-23 17:04:26  [frame 5] 216/216 OK | I med 311.9 uA (190.3-399.7) | R med 0.0103 kohm | dV med 806 LSB
2026-09-23 17:05:15  [frame 6] 216/216 OK | I med 311.9 uA (190.3-399.7) | R med 0.0103 kohm | dV med 805 LSB
2026-09-23 17:06:04  [frame 7] 216/216 OK | I med 311.8 uA (190.3-399.5) | R med 0.0103 kohm | dV med 807 LSB
2026-09-23 17:06:53  [frame 8] 216/216 OK | I med 311.8 uA (190.7-399.5) | R med 0.0103 kohm | dV med 808 LSB
2026-09-23 17:07:42  [frame 9] 216/216 OK | I med 311.7 uA (190.2-399.3) | R med 0.0103 kohm | dV med 807 LSB
2026-09-23 17:08:32  [frame 10] 216/216 OK | I med 311.9 uA (189.9-399.2) | R med 0.0103 kohm | dV med 808 LSB
2026-09-23 17:08:32  No reconstruction: baseline and target were captured with different settings: settle_ms: 60 vs 30
2026-09-23 17:08:32  Finished. Run saved to scans\runs\20260923-165616-coconuttree-1-500-dac-32-samp-30-ms
2026-09-23 17:08:32    Frames captured: 10
2026-09-23 17:08:32    Reciprocity: median 3.4%  max 48.4%  sign flips 0/54
2026-09-23 17:08:32    Noise floor: median pair sd 0.00004 kohm (0.36%)  max 0.00024 kohm over 108 pairs
2026-09-23 17:08:32  Indexed in scans\index.csv
2026-09-23 17:20:10  Baseline cleared; the next run will become the new baseline.
2026-09-23 17:20:36  Connecting to COM12...
2026-09-23 17:20:36  Configuring instrument...

------------------------------------------------------------------------
2026-09-23 17:20:36  Run 20260923-172036-coconuttree-1-500-dac-32-samp-30-ms-skip2
2026-09-23 17:20:36  Conditions: medium=saline tank saline=None g/L grounding=unknown fill=None mm temp=None C
2026-09-23 17:20:36  Recording to scans\runs\20260923-172036-coconuttree-1-500-dac-32-samp-30-ms-skip2
2026-09-23 17:21:19  [warmup 1/5] 192/192 OK | I med 283.8 uA (172.7-361.1) | R med 0.0337 kohm | dV med 2480 LSB
2026-09-23 17:22:03  [warmup 2/5] 192/192 OK | I med 283.9 uA (172.9-361.1) | R med 0.0344 kohm | dV med 2481 LSB
2026-09-23 17:22:47  [warmup 3/5] 192/192 OK | I med 284.0 uA (173.6-360.7) | R med 0.0337 kohm | dV med 2482 LSB
2026-09-23 17:23:30  [warmup 4/5] 192/192 OK | I med 283.8 uA (173.2-360.7) | R med 0.0338 kohm | dV med 2482 LSB
2026-09-23 17:24:14  [warmup 5/5] 192/192 OK | I med 283.6 uA (172.9-360.9) | R med 0.0337 kohm | dV med 2484 LSB
2026-09-23 17:24:22  Stopping after the frame in flight...
2026-09-23 17:24:57  [frame 1] 192/192 OK | I med 283.7 uA (173.2-360.8) | R med 0.0338 kohm | dV med 2481 LSB
2026-09-23 17:24:57  Cancelled after 1 frame(s); the run is kept.
2026-09-23 17:24:57  No reconstruction: This run is the session baseline; it has nothing to differ from.
2026-09-23 17:24:57  Baseline has fewer than 4 frames, so no control image was saved.
2026-09-23 17:24:57  This run is now the session baseline (20260923-172036-coconuttree-1-500-dac-32-samp-30-ms-skip2).
2026-09-23 17:24:57  Finished. Run saved to scans\runs\20260923-172036-coconuttree-1-500-dac-32-samp-30-ms-skip2
2026-09-23 17:24:57    Frames captured: 1
2026-09-23 17:24:57    Reciprocity: no reciprocal pairs captured
2026-09-23 17:24:57    Noise floor: needs at least 2 frames
2026-09-23 17:24:57  Indexed in scans\index.csv
2026-09-23 17:26:38  Connecting to COM12...
2026-09-23 17:26:38  Configuring instrument...

------------------------------------------------------------------------
2026-09-23 17:26:39  Run 20260923-172638-coconuttree-1-500-dac-32-samp-30-ms
2026-09-23 17:26:39  Conditions: medium=saline tank saline=None g/L grounding=unknown fill=None mm temp=None C
2026-09-23 17:26:39  Recording to scans\runs\20260923-172638-coconuttree-1-500-dac-32-samp-30-ms
2026-09-23 17:27:28  [warmup 1/5] 216/216 OK | I med 311.8 uA (190.4-399.3) | R med 0.0103 kohm | dV med 803 LSB
2026-09-23 17:28:17  [warmup 2/5] 216/216 OK | I med 311.5 uA (190.0-399.6) | R med 0.0103 kohm | dV med 802 LSB
2026-09-23 17:29:06  [warmup 3/5] 216/216 OK | I med 311.6 uA (190.6-399.2) | R med 0.0102 kohm | dV med 800 LSB
2026-09-23 17:29:55  [warmup 4/5] 216/216 OK | I med 311.3 uA (190.8-399.6) | R med 0.0103 kohm | dV med 805 LSB
2026-09-23 17:30:44  [warmup 5/5] 216/216 OK | I med 311.6 uA (190.1-399.4) | R med 0.0103 kohm | dV med 807 LSB
2026-09-23 17:31:33  [frame 1] 216/216 OK | I med 311.5 uA (190.6-399.0) | R med 0.0103 kohm | dV med 805 LSB
2026-09-23 17:32:22  [frame 2] 216/216 OK | I med 311.3 uA (190.9-399.3) | R med 0.0102 kohm | dV med 805 LSB
2026-09-23 17:33:11  [frame 3] 216/216 OK | I med 311.5 uA (190.5-399.4) | R med 0.0102 kohm | dV med 806 LSB
2026-09-23 17:34:00  [frame 4] 216/216 OK | I med 311.3 uA (190.4-399.3) | R med 0.0102 kohm | dV med 800 LSB
2026-09-23 17:34:49  [frame 5] 216/216 OK | I med 311.2 uA (191.1-399.8) | R med 0.0102 kohm | dV med 809 LSB
2026-09-23 17:35:38  [frame 6] 216/216 OK | I med 310.8 uA (190.7-399.7) | R med 0.0102 kohm | dV med 804 LSB
2026-09-23 17:36:27  [frame 7] 216/216 OK | I med 310.9 uA (190.5-400.1) | R med 0.0103 kohm | dV med 810 LSB
2026-09-23 17:37:16  [frame 8] 216/216 OK | I med 310.8 uA (190.7-399.8) | R med 0.0103 kohm | dV med 810 LSB
2026-09-23 17:37:29  Stopping after the frame in flight...
2026-09-23 17:37:31  Baseline cleared; the next run will become the new baseline.
2026-09-23 17:38:05  [frame 9] 216/216 OK | I med 311.1 uA (190.5-400.6) | R med 0.0103 kohm | dV med 804 LSB
2026-09-23 17:38:05  Cancelled after 9 frame(s); the run is kept.
2026-09-23 17:38:05  No reconstruction: Reciprocity check failed, so no image was made (baseline: reciprocity could not be measured (no reciprocal pairs)). Frames are saved. Fix reciprocity first, or tick the override to image anyway.
2026-09-23 17:38:05  This run is now the session baseline (20260923-172638-coconuttree-1-500-dac-32-samp-30-ms).
2026-09-23 17:38:05  Finished. Run saved to scans\runs\20260923-172638-coconuttree-1-500-dac-32-samp-30-ms
2026-09-23 17:38:05    Frames captured: 9
2026-09-23 17:38:05    Reciprocity: median 3.3%  max 55.8%  sign flips 0/54
2026-09-23 17:38:05    Noise floor: median pair sd 0.00006 kohm (0.47%)  max 0.00025 kohm over 108 pairs
2026-09-23 17:38:05  Indexed in scans\index.csv
2026-09-23 17:38:13  Baseline cleared; the next run will become the new baseline.
2026-09-23 17:38:19  Connecting to COM12...
2026-09-23 17:38:19  Configuring instrument...

------------------------------------------------------------------------
2026-09-23 17:38:19  Run 20260923-173819-coconuttree-1-500-dac-32-samp-30-ms
2026-09-23 17:38:19  Conditions: medium=saline tank saline=None g/L grounding=unknown fill=None mm temp=None C
2026-09-23 17:38:19  Recording to scans\runs\20260923-173819-coconuttree-1-500-dac-32-samp-30-ms
2026-09-23 17:39:09  [warmup 1/5] 216/216 OK | I med 311.0 uA (190.6-400.3) | R med 0.0103 kohm | dV med 811 LSB
2026-09-23 17:39:58  [warmup 2/5] 216/216 OK | I med 310.8 uA (190.7-400.0) | R med 0.0103 kohm | dV med 798 LSB
2026-09-23 17:40:47  [warmup 3/5] 216/216 OK | I med 310.8 uA (190.4-400.8) | R med 0.0103 kohm | dV med 803 LSB
2026-09-23 17:41:36  [warmup 4/5] 216/216 OK | I med 310.5 uA (190.6-400.6) | R med 0.0102 kohm | dV med 797 LSB
2026-09-23 17:42:25  [warmup 5/5] 216/216 OK | I med 310.9 uA (190.2-400.2) | R med 0.0103 kohm | dV med 806 LSB
2026-09-23 17:43:12  [frame 1] 216/216 OK | I med 310.0 uA (190.5-400.0) | R med 0.0103 kohm | dV med 800 LSB
2026-09-23 17:44:01  [frame 2] 216/216 OK | I med 310.3 uA (189.8-400.0) | R med 0.0103 kohm | dV med 797 LSB
2026-09-23 17:44:50  [frame 3] 216/216 OK | I med 310.3 uA (190.6-399.9) | R med 0.0103 kohm | dV med 808 LSB
2026-09-23 17:45:39  [frame 4] 216/216 OK | I med 309.9 uA (190.2-400.0) | R med 0.0103 kohm | dV med 809 LSB
2026-09-23 17:46:28  [frame 5] 216/216 OK | I med 309.7 uA (190.0-400.3) | R med 0.0103 kohm | dV med 805 LSB
2026-09-23 17:47:17  [frame 6] 216/216 OK | I med 309.7 uA (190.7-400.0) | R med 0.0103 kohm | dV med 794 LSB
2026-09-23 17:48:06  [frame 7] 216/216 OK | I med 309.9 uA (190.3-399.0) | R med 0.0103 kohm | dV med 804 LSB
2026-09-23 17:48:55  [frame 8] 216/216 OK | I med 309.6 uA (190.8-399.8) | R med 0.0102 kohm | dV med 794 LSB
2026-09-23 17:49:44  [frame 9] 216/216 OK | I med 310.0 uA (189.9-400.4) | R med 0.0103 kohm | dV med 800 LSB
2026-09-23 17:50:33  [frame 10] 216/216 OK | I med 309.7 uA (190.2-399.9) | R med 0.0103 kohm | dV med 800 LSB
2026-09-23 17:50:34  No reconstruction: This run is the session baseline; it has nothing to differ from.
2026-09-23 17:50:35  Baseline control image saved to scans\runs\20260923-173819-coconuttree-1-500-dac-32-samp-30-ms\control.png
2026-09-23 17:50:35  This run is now the session baseline (20260923-173819-coconuttree-1-500-dac-32-samp-30-ms).
2026-09-23 17:50:35  Finished. Run saved to scans\runs\20260923-173819-coconuttree-1-500-dac-32-samp-30-ms
2026-09-23 17:50:35    Frames captured: 10
2026-09-23 17:50:35    Reciprocity: median 3.1%  max 53.4%  sign flips 0/54
2026-09-23 17:50:35    Noise floor: median pair sd 0.00008 kohm (0.57%)  max 0.00023 kohm over 108 pairs
2026-09-23 17:50:35  Indexed in scans\index.csv
2026-09-23 17:50:52  Connecting to COM12...
2026-09-23 17:50:52  Configuring instrument...

------------------------------------------------------------------------
2026-09-23 17:50:53  Run 20260923-175052-coconuttree-1-500-dac-32-samp-30-ms-skip2
2026-09-23 17:50:53  Conditions: medium=saline tank saline=None g/L grounding=unknown fill=None mm temp=None C
2026-09-23 17:50:53  Recording to scans\runs\20260923-175052-coconuttree-1-500-dac-32-samp-30-ms-skip2
2026-09-23 17:51:36  [warmup 1/5] 192/192 OK | I med 282.0 uA (172.1-361.1) | R med 0.0337 kohm | dV med 2478 LSB
2026-09-23 17:52:20  [warmup 2/5] 192/192 OK | I med 281.9 uA (172.5-359.9) | R med 0.0337 kohm | dV med 2476 LSB
2026-09-23 17:53:03  [warmup 3/5] 192/192 OK | I med 282.2 uA (173.0-359.9) | R med 0.0337 kohm | dV med 2480 LSB
2026-09-23 17:53:47  [warmup 4/5] 192/192 OK | I med 282.4 uA (173.6-361.1) | R med 0.0337 kohm | dV med 2481 LSB
2026-09-23 17:54:30  [warmup 5/5] 192/192 OK | I med 281.9 uA (173.2-360.8) | R med 0.0338 kohm | dV med 2485 LSB
2026-09-23 17:55:14  [frame 1] 192/192 OK | I med 282.1 uA (173.1-360.4) | R med 0.0338 kohm | dV med 2478 LSB
2026-09-23 17:55:58  [frame 2] 192/192 OK | I med 281.9 uA (173.3-361.3) | R med 0.0337 kohm | dV med 2475 LSB
2026-09-23 17:56:41  [frame 3] 192/192 OK | I med 281.9 uA (172.6-360.9) | R med 0.0339 kohm | dV med 2482 LSB
2026-09-23 17:57:25  [frame 4] 192/192 OK | I med 281.9 uA (173.5-360.1) | R med 0.0338 kohm | dV med 2477 LSB
2026-09-23 17:58:08  [frame 5] 192/192 OK | I med 281.8 uA (173.2-360.5) | R med 0.0337 kohm | dV med 2482 LSB
2026-09-23 17:58:52  [frame 6] 192/192 OK | I med 282.1 uA (173.3-359.5) | R med 0.0338 kohm | dV med 2478 LSB
2026-09-23 17:59:36  [frame 7] 192/192 OK | I med 282.2 uA (173.5-360.1) | R med 0.0337 kohm | dV med 2480 LSB
2026-09-23 18:00:19  [frame 8] 192/192 OK | I med 282.0 uA (173.8-359.7) | R med 0.0337 kohm | dV med 2481 LSB
2026-09-23 18:01:03  [frame 9] 192/192 OK | I med 281.9 uA (173.4-360.3) | R med 0.0337 kohm | dV med 2477 LSB
2026-09-23 18:01:46  [frame 10] 192/192 OK | I med 282.0 uA (172.8-359.9) | R med 0.0338 kohm | dV med 2480 LSB
2026-09-23 18:01:46  No reconstruction: Reciprocity check failed, so no image was made (this run: reciprocity could not be measured (no reciprocal pairs)). Frames are saved. Fix reciprocity first, or tick the override to image anyway.
2026-09-23 18:01:46  Finished. Run saved to scans\runs\20260923-175052-coconuttree-1-500-dac-32-samp-30-ms-skip2
2026-09-23 18:01:46    Frames captured: 10
2026-09-23 18:01:46    Reciprocity: no reciprocal pairs captured
2026-09-23 18:01:46    Noise floor: median pair sd 0.00011 kohm (0.27%)  max 0.00056 kohm over 96 pairs
2026-09-23 18:01:46  Indexed in scans\index.csv
2026-09-23 18:02:03  Connecting to COM12...
2026-09-23 18:02:03  Configuring instrument...

------------------------------------------------------------------------
2026-09-23 18:02:03  Run 20260923-180203-coconuttree-1-500-dac-32-samp-30-ms
2026-09-23 18:02:03  Conditions: medium=saline tank saline=None g/L grounding=unknown fill=None mm temp=None C
2026-09-23 18:02:03  Recording to scans\runs\20260923-180203-coconuttree-1-500-dac-32-samp-30-ms
2026-09-23 18:02:52  [warmup 1/5] 216/216 OK | I med 308.9 uA (191.0-399.6) | R med 0.0103 kohm | dV med 802 LSB
2026-09-23 18:03:41  [warmup 2/5] 216/216 OK | I med 308.6 uA (190.3-399.9) | R med 0.0103 kohm | dV med 806 LSB
2026-09-23 18:04:30  [warmup 3/5] 216/216 OK | I med 309.0 uA (191.0-399.8) | R med 0.0103 kohm | dV med 797 LSB
2026-09-23 18:05:19  [warmup 4/5] 216/216 OK | I med 309.5 uA (190.2-398.3) | R med 0.0102 kohm | dV med 795 LSB
2026-09-23 18:06:08  [warmup 5/5] 216/216 OK | I med 309.4 uA (191.0-398.7) | R med 0.0102 kohm | dV med 796 LSB
2026-09-23 18:06:57  [frame 1] 216/216 OK | I med 309.6 uA (191.1-397.7) | R med 0.0103 kohm | dV med 809 LSB
2026-09-23 18:07:46  [frame 2] 216/216 OK | I med 309.7 uA (191.2-397.6) | R med 0.0103 kohm | dV med 798 LSB
2026-09-23 18:08:35  [frame 3] 216/216 OK | I med 309.6 uA (191.5-398.2) | R med 0.0103 kohm | dV med 809 LSB
2026-09-23 18:09:24  [frame 4] 216/216 OK | I med 309.9 uA (192.0-397.7) | R med 0.0103 kohm | dV med 806 LSB
2026-09-23 18:10:13  [frame 5] 216/216 OK | I med 310.0 uA (190.1-397.9) | R med 0.0103 kohm | dV med 798 LSB
2026-09-23 18:11:03  [frame 6] 216/216 OK | I med 309.9 uA (190.9-398.0) | R med 0.0103 kohm | dV med 795 LSB
2026-09-23 18:11:52  [frame 7] 216/216 OK | I med 309.8 uA (191.2-397.9) | R med 0.0103 kohm | dV med 802 LSB
2026-09-23 18:12:41  [frame 8] 216/216 OK | I med 309.7 uA (191.2-398.4) | R med 0.0103 kohm | dV med 803 LSB
2026-09-23 18:13:30  [frame 9] 216/216 OK | I med 309.7 uA (190.4-397.4) | R med 0.0103 kohm | dV med 793 LSB
2026-09-23 18:14:19  [frame 10] 216/216 OK | I med 309.5 uA (191.2-398.1) | R med 0.0103 kohm | dV med 802 LSB
2026-09-23 18:14:22  Reconstruction: Peak +1.435e-02 at 300 deg  |  pairs 108/108 [ok]  |  2.6x the noise image
2026-09-23 18:14:22  Finished. Run saved to scans\runs\20260923-180203-coconuttree-1-500-dac-32-samp-30-ms
2026-09-23 18:14:22    Frames captured: 10
2026-09-23 18:14:22    Reciprocity: median 2.9%  max 60.2%  sign flips 0/54
2026-09-23 18:14:22    Noise floor: median pair sd 0.00006 kohm (0.46%)  max 0.00036 kohm over 108 pairs
2026-09-23 18:14:22  Indexed in scans\index.csv
2026-09-23 18:27:51  Baseline cleared; the next run will become the new baseline.
2026-09-23 18:28:16  Connecting to COM12...
2026-09-23 18:28:16  Configuring instrument...

------------------------------------------------------------------------
2026-09-23 18:28:17  Run 20260923-182816-coconuttree-1-620-dac-32-samp-30-ms
2026-09-23 18:28:17  Conditions: medium=saline tank saline=None g/L grounding=unknown fill=None mm temp=None C
2026-09-23 18:28:17  Recording to scans\runs\20260923-182816-coconuttree-1-620-dac-32-samp-30-ms
2026-09-23 18:29:06  [warmup 1/5] 216/216 OK | I med 368.3 uA (228.2-472.6) | R med 0.0103 kohm | dV med 952 LSB
2026-09-23 18:29:55  [warmup 2/5] 216/216 OK | I med 367.6 uA (228.3-473.1) | R med 0.0103 kohm | dV med 966 LSB
2026-09-23 18:30:44  [warmup 3/5] 216/216 OK | I med 367.6 uA (229.1-473.6) | R med 0.0103 kohm | dV med 958 LSB
2026-09-23 18:31:33  [warmup 4/5] 216/216 OK | I med 367.6 uA (229.0-472.8) | R med 0.0103 kohm | dV med 960 LSB
2026-09-23 18:32:22  [warmup 5/5] 216/216 OK | I med 367.7 uA (228.6-472.7) | R med 0.0103 kohm | dV med 959 LSB
2026-09-23 18:33:11  [frame 1] 216/216 OK | I med 367.7 uA (228.0-473.4) | R med 0.0103 kohm | dV med 950 LSB
2026-09-23 18:34:00  [frame 2] 216/216 OK | I med 367.4 uA (228.5-472.2) | R med 0.0103 kohm | dV med 956 LSB
2026-09-23 18:34:49  [frame 3] 216/216 OK | I med 367.3 uA (228.9-473.7) | R med 0.0104 kohm | dV med 951 LSB
2026-09-23 18:35:38  [frame 4] 216/216 OK | I med 367.8 uA (228.6-472.8) | R med 0.0104 kohm | dV med 952 LSB
2026-09-23 18:36:27  [frame 5] 216/216 OK | I med 367.4 uA (228.6-472.8) | R med 0.0104 kohm | dV med 959 LSB
2026-09-23 18:37:16  [frame 6] 216/216 OK | I med 367.6 uA (228.7-472.1) | R med 0.0104 kohm | dV med 950 LSB
2026-09-23 18:38:05  [frame 7] 216/216 OK | I med 367.5 uA (228.7-472.7) | R med 0.0104 kohm | dV med 962 LSB
2026-09-23 18:38:54  [frame 8] 216/216 OK | I med 367.6 uA (228.9-472.9) | R med 0.0104 kohm | dV med 960 LSB
2026-09-23 18:39:43  [frame 9] 216/216 OK | I med 367.5 uA (228.8-471.7) | R med 0.0104 kohm | dV med 955 LSB
2026-09-23 18:40:32  [frame 10] 216/216 OK | I med 367.4 uA (229.3-473.0) | R med 0.0105 kohm | dV med 962 LSB
2026-09-23 18:40:32  No reconstruction: This run is the session baseline; it has nothing to differ from.
2026-09-23 18:40:34  Baseline control image saved to scans\runs\20260923-182816-coconuttree-1-620-dac-32-samp-30-ms\control.png
2026-09-23 18:40:34  This run is now the session baseline (20260923-182816-coconuttree-1-620-dac-32-samp-30-ms).
2026-09-23 18:40:34  Finished. Run saved to scans\runs\20260923-182816-coconuttree-1-620-dac-32-samp-30-ms
2026-09-23 18:40:34    Frames captured: 10
2026-09-23 18:40:34    Reciprocity: median 2.5%  max 32.0%  sign flips 0/54
2026-09-23 18:40:34    Noise floor: median pair sd 0.00006 kohm (0.55%)  max 0.00049 kohm over 108 pairs
2026-09-23 18:40:34  Indexed in scans\index.csv

------------------------------------------------------------------------
2026-09-23 18:48:36  Session ended

------------------------------------------------------------------------
2026-09-23 18:48:36  Session ended

------------------------------------------------------------------------
2026-09-29 12:09:15  Session started (hardware)
2026-09-29 12:09:15  Scans folder: C:\Users\Vidad\Documents\THESIS-PALAYAIN\scans
2026-09-29 12:09:15  109 scan(s) already recorded here.
2026-09-29 12:09:15  Ready. Settings are saved on exit.
2026-09-29 12:09:28  Connecting to COM13...
2026-09-29 12:09:28  Configuring instrument...

------------------------------------------------------------------------
2026-09-29 12:09:28  Run 20260929-120928-sanity-check
2026-09-29 12:09:28  Conditions: medium=saline tank saline=None g/L grounding=unknown fill=None mm temp=None C
2026-09-29 12:09:28  Recording to scans\runs\20260929-120928-sanity-check
2026-09-29 12:20:42  Stopping after the frame in flight...

------------------------------------------------------------------------
2026-09-29 12:25:00  Session ended

------------------------------------------------------------------------
2026-09-29 12:25:32  Session started (hardware)
2026-09-29 12:25:32  Scans folder: C:\Users\Vidad\Documents\THESIS-PALAYAIN\scans
2026-09-29 12:25:32  110 scan(s) already recorded here.
2026-09-29 12:25:32  Ready. Settings are saved on exit.
2026-09-29 12:28:58  Connecting to COM13...
2026-09-29 12:28:58  Configuring instrument...

------------------------------------------------------------------------
2026-09-29 12:28:58  Run 20260929-122858-sanity
2026-09-29 12:28:58  Conditions: medium=saline tank saline=None g/L grounding=unknown fill=None mm temp=None C
2026-09-29 12:28:58  Recording to scans\runs\20260929-122858-sanity
2026-09-29 12:31:30  Stopping after the frame in flight...

------------------------------------------------------------------------
2026-09-29 13:10:04  Session started (hardware)
2026-09-29 13:10:04  Scans folder: C:\Users\Vidad\Documents\THESIS-PALAYAIN\scans
2026-09-29 13:10:04  111 scan(s) already recorded here.
2026-09-29 13:10:04  Ready. Settings are saved on exit.
2026-09-29 13:10:25  Connecting to COM12...
2026-09-29 13:10:25  Configuring instrument...

------------------------------------------------------------------------
2026-09-29 13:10:25  Run 20260929-131025-sanity-check
2026-09-29 13:10:25  Conditions: medium=saline tank saline=None g/L grounding=unknown fill=None mm temp=None C
2026-09-29 13:10:25  Recording to scans\runs\20260929-131025-sanity-check
2026-09-29 13:10:53  [warmup 1/5] 216/216 OK | I med 481.9 uA (479.1-582.7) | R med 0.0197 kohm | dV med 2432 LSB QUANTISATION LIMITED (17/108 pairs under 4)
2026-09-29 13:11:22  [warmup 2/5] 216/216 OK | I med 482.0 uA (479.0-582.6) | R med 0.0197 kohm | dV med 2434 LSB QUANTISATION LIMITED (16/108 pairs under 4)
2026-09-29 13:11:50  [warmup 3/5] 216/216 OK | I med 481.8 uA (479.0-582.3) | R med 0.0197 kohm | dV med 2432 LSB QUANTISATION LIMITED (15/108 pairs under 4)
2026-09-29 13:12:18  [warmup 4/5] 216/216 OK | I med 481.8 uA (479.0-582.5) | R med 0.0197 kohm | dV med 2432 LSB QUANTISATION LIMITED (15/108 pairs under 4)
2026-09-29 13:12:47  [warmup 5/5] 216/216 OK | I med 481.8 uA (479.0-582.5) | R med 0.0197 kohm | dV med 2433 LSB QUANTISATION LIMITED (17/108 pairs under 4)
2026-09-29 13:13:15  [frame 1] 216/216 OK | I med 481.8 uA (479.0-582.4) | R med 0.0197 kohm | dV med 2432 LSB QUANTISATION LIMITED (17/108 pairs under 4)
2026-09-29 13:13:43  [frame 2] 216/216 OK | I med 481.7 uA (478.8-582.4) | R med 0.0197 kohm | dV med 2432 LSB QUANTISATION LIMITED (16/108 pairs under 4)
2026-09-29 13:14:11  [frame 3] 216/216 OK | I med 481.6 uA (478.9-582.1) | R med 0.0197 kohm | dV med 2431 LSB QUANTISATION LIMITED (17/108 pairs under 4)
2026-09-29 13:14:40  [frame 4] 216/216 OK | I med 481.7 uA (478.9-582.1) | R med 0.0198 kohm | dV med 2432 LSB QUANTISATION LIMITED (16/108 pairs under 4)
2026-09-29 13:15:08  [frame 5] 216/216 OK | I med 481.6 uA (478.6-582.4) | R med 0.0197 kohm | dV med 2430 LSB QUANTISATION LIMITED (16/108 pairs under 4)
2026-09-29 13:15:36  [frame 6] 216/216 OK | I med 481.6 uA (478.9-582.3) | R med 0.0197 kohm | dV med 2431 LSB QUANTISATION LIMITED (18/108 pairs under 4)
2026-09-29 13:16:05  [frame 7] 216/216 OK | I med 481.6 uA (478.9-582.3) | R med 0.0198 kohm | dV med 2432 LSB QUANTISATION LIMITED (17/108 pairs under 4)
2026-09-29 13:16:33  [frame 8] 216/216 OK | I med 481.7 uA (479.0-582.1) | R med 0.0197 kohm | dV med 2432 LSB QUANTISATION LIMITED (16/108 pairs under 4)
2026-09-29 13:17:01  [frame 9] 216/216 OK | I med 481.7 uA (478.8-582.1) | R med 0.0197 kohm | dV med 2430 LSB QUANTISATION LIMITED (17/108 pairs under 4)
2026-09-29 13:17:30  [frame 10] 216/216 OK | I med 481.7 uA (479.0-582.4) | R med 0.0197 kohm | dV med 2432 LSB QUANTISATION LIMITED (17/108 pairs under 4)
2026-09-29 13:17:51  No reconstruction: This run is the session baseline; it has nothing to differ from.
2026-09-29 13:17:53  Baseline control image saved to scans\runs\20260929-131025-sanity-check\control.png
2026-09-29 13:17:53  This run is now the session baseline (20260929-131025-sanity-check).
2026-09-29 13:17:53  Finished. Run saved to scans\runs\20260929-131025-sanity-check
2026-09-29 13:17:53    Frames captured: 10
2026-09-29 13:17:53    Reciprocity: median 0.1%  max 100.0%  sign flips 0/54
2026-09-29 13:17:53    Noise floor: median pair sd 0.00002 kohm (0.13%)  max 0.00004 kohm over 108 pairs
2026-09-29 13:17:53  Indexed in scans\index.csv
2026-09-29 13:22:38  Connecting to COM12...
2026-09-29 13:22:38  Configuring instrument...

------------------------------------------------------------------------
2026-09-29 13:22:38  Run 20260929-132238-sanity-check
2026-09-29 13:22:38  Conditions: medium=saline tank saline=None g/L grounding=unknown fill=None mm temp=None C
2026-09-29 13:22:38  Recording to scans\runs\20260929-132238-sanity-check
2026-09-29 13:23:06  [warmup 1/5] 216/216 OK | I med 481.0 uA (477.8-482.9) | R med 0.0181 kohm | dV med 2235 LSB
2026-09-29 13:23:35  [warmup 2/5] 216/216 OK | I med 481.4 uA (478.7-578.6) | R med 0.0197 kohm | dV med 2427 LSB
2026-09-29 13:24:03  [warmup 3/5] 216/216 OK | I med 481.3 uA (478.8-545.9) | R med 0.0194 kohm | dV med 2384 LSB
2026-09-29 13:24:31  [warmup 4/5] 216/216 OK | I med 481.3 uA (478.4-529.5) | R med 0.0189 kohm | dV med 2325 LSB
2026-09-29 13:25:00  [warmup 5/5] 216/216 OK | I med 481.4 uA (478.6-581.5) | R med 0.0189 kohm | dV med 2334 LSB
2026-09-29 13:25:28  [frame 1] 216/216 OK | I med 481.5 uA (478.6-582.3) | R med 0.0197 kohm | dV med 2430 LSB
2026-09-29 13:25:56  [frame 2] 216/216 OK | I med 481.4 uA (478.3-581.3) | R med 0.0197 kohm | dV med 2430 LSB
2026-09-29 13:26:24  [frame 3] 216/216 OK | I med 481.5 uA (478.6-581.9) | R med 0.0197 kohm | dV med 2429 LSB
2026-09-29 13:26:53  [frame 4] 216/216 OK | I med 481.5 uA (478.6-581.9) | R med 0.0197 kohm | dV med 2430 LSB
2026-09-29 13:27:21  [frame 5] 216/216 OK | I med 481.3 uA (478.5-581.7) | R med 0.0197 kohm | dV med 2430 LSB
2026-09-29 13:27:49  [frame 6] 216/216 OK | I med 481.4 uA (478.6-581.6) | R med 0.0197 kohm | dV med 2430 LSB
2026-09-29 13:28:18  [frame 7] 216/216 OK | I med 481.2 uA (478.6-581.4) | R med 0.0197 kohm | dV med 2430 LSB
2026-09-29 13:28:46  [frame 8] 216/216 OK | I med 481.4 uA (478.4-581.7) | R med 0.0197 kohm | dV med 2429 LSB
2026-09-29 13:29:14  [frame 9] 216/216 OK | I med 481.2 uA (478.4-581.7) | R med 0.0197 kohm | dV med 2429 LSB
2026-09-29 13:29:43  [frame 10] 216/216 OK | I med 481.1 uA (478.4-581.5) | R med 0.0197 kohm | dV med 2428 LSB
2026-09-29 13:30:05  Reconstruction: Peak -1.613e-03 at 249 deg  |  pairs 108/108 [ok]  |  2.5x the noise image
2026-09-29 13:30:05  Finished. Run saved to scans\runs\20260929-132238-sanity-check
2026-09-29 13:30:05    Frames captured: 10
2026-09-29 13:30:05    Reciprocity: median 0.1%  max 53.0%  sign flips 0/54
2026-09-29 13:30:05    Noise floor: median pair sd 0.00002 kohm (0.12%)  max 0.00038 kohm over 108 pairs
2026-09-29 13:30:05  Indexed in scans\index.csv
2026-09-29 13:37:29  Baseline cleared; the next run will become the new baseline.
2026-09-29 13:37:33  Connecting to COM12...
2026-09-29 13:37:33  Configuring instrument...

------------------------------------------------------------------------
2026-09-29 13:37:33  Run 20260929-133733-sanity-check
2026-09-29 13:37:33  Conditions: medium=saline tank saline=None g/L grounding=unknown fill=None mm temp=None C
2026-09-29 13:37:33  Recording to scans\runs\20260929-133733-sanity-check
2026-09-29 13:38:01  [warmup 1/5] 216/216 OK | I med 480.6 uA (477.6-482.6) | R med 0.0182 kohm | dV med 2232 LSB
2026-09-29 13:38:29  [warmup 2/5] 216/216 OK | I med 480.3 uA (475.2-482.6) | R med 0.0181 kohm | dV med 2230 LSB
2026-09-29 13:38:58  [warmup 3/5] 216/216 OK | I med 480.4 uA (477.7-482.7) | R med 0.0182 kohm | dV med 2231 LSB
2026-09-29 13:39:26  [warmup 4/5] 216/216 OK | I med 480.4 uA (477.5-482.6) | R med 0.0181 kohm | dV med 2232 LSB
2026-09-29 13:39:54  [warmup 5/5] 216/216 OK | I med 480.3 uA (477.5-482.5) | R med 0.0181 kohm | dV med 2229 LSB
2026-09-29 13:40:22  [frame 1] 216/216 OK | I med 480.4 uA (477.8-482.6) | R med 0.0181 kohm | dV med 2231 LSB
2026-09-29 13:40:51  [frame 2] 216/216 OK | I med 480.4 uA (477.7-482.5) | R med 0.0181 kohm | dV med 2231 LSB
2026-09-29 13:41:19  [frame 3] 216/216 OK | I med 480.3 uA (477.7-482.6) | R med 0.0181 kohm | dV med 2230 LSB
2026-09-29 13:41:47  [frame 4] 216/216 OK | I med 480.3 uA (477.8-482.5) | R med 0.0182 kohm | dV med 2231 LSB
2026-09-29 13:42:16  [frame 5] 216/216 OK | I med 480.4 uA (477.7-482.4) | R med 0.0182 kohm | dV med 2230 LSB
2026-09-29 13:42:44  [frame 6] 216/216 OK | I med 480.3 uA (477.8-482.6) | R med 0.0182 kohm | dV med 2232 LSB
2026-09-29 13:43:12  [frame 7] 216/216 OK | I med 480.4 uA (477.9-482.5) | R med 0.0181 kohm | dV med 2230 LSB
2026-09-29 13:43:41  [frame 8] 216/216 OK | I med 480.3 uA (477.8-482.6) | R med 0.0181 kohm | dV med 2232 LSB
2026-09-29 13:44:09  [frame 9] 216/216 OK | I med 480.4 uA (477.8-482.6) | R med 0.0181 kohm | dV med 2233 LSB
2026-09-29 13:44:37  [frame 10] 216/216 OK | I med 480.3 uA (477.8-482.7) | R med 0.0182 kohm | dV med 2231 LSB
2026-09-29 13:44:37  No reconstruction: This run is the session baseline; it has nothing to differ from.
2026-09-29 13:44:38  Baseline control image saved to scans\runs\20260929-133733-sanity-check\control.png
2026-09-29 13:44:39  This run is now the session baseline (20260929-133733-sanity-check).
2026-09-29 13:44:39  Finished. Run saved to scans\runs\20260929-133733-sanity-check
2026-09-29 13:44:39    Frames captured: 10
2026-09-29 13:44:39    Reciprocity: median 0.1%  max 0.3%  sign flips 0/54
2026-09-29 13:44:39    Noise floor: median pair sd 0.00002 kohm (0.11%)  max 0.00005 kohm over 108 pairs
2026-09-29 13:44:39  Indexed in scans\index.csv
2026-09-29 13:46:19  Baseline cleared; the next run will become the new baseline.
2026-09-29 13:52:21  Connecting to COM12...
2026-09-29 13:52:21  Configuring instrument...

------------------------------------------------------------------------
2026-09-29 13:52:21  Run 20260929-135221-coconut-620-moisted
2026-09-29 13:52:21  Conditions: medium=saline tank saline=None g/L grounding=unknown fill=None mm temp=None C
2026-09-29 13:52:21  Recording to scans\runs\20260929-135221-coconut-620-moisted
2026-09-29 13:52:49  [warmup 1/5] 216/216 OK | I med 262.0 uA (16.7-343.9) | R med 0.0102 kohm | dV med 201 LSB
2026-09-29 13:53:18  [warmup 2/5] 203/216 OK | I med 266.7 uA (6.5-335.6) | R med 0.0111 kohm | dV med 204 LSB | flags I_LOWx13
2026-09-29 13:53:46  [warmup 3/5] 212/216 OK | I med 254.6 uA (5.6-331.3) | R med 0.0111 kohm | dV med 191 LSB | flags I_LOWx4
2026-09-29 13:54:14  [warmup 4/5] 207/216 OK | I med 248.7 uA (4.9-332.7) | R med 0.0107 kohm | dV med 189 LSB | flags I_LOWx9
2026-09-29 13:54:43  [warmup 5/5] 193/216 OK | I med 248.5 uA (1.4-331.2) | R med 0.0092 kohm | dV med 229 LSB | flags I_LOWx23
2026-09-29 13:55:11  [frame 1] 180/216 OK | I med 247.6 uA (1.3-330.9) | R med 0.0085 kohm | dV med 238 LSB | flags I_LOWx36
2026-09-29 13:55:39  [frame 2] 180/216 OK | I med 246.6 uA (0.3-331.0) | R med 0.0082 kohm | dV med 257 LSB | flags I_LOWx36
2026-09-29 13:56:08  [frame 3] 180/216 OK | I med 246.3 uA (0.3-330.5) | R med 0.0088 kohm | dV med 247 LSB | flags I_LOWx36
2026-09-29 13:56:36  [frame 4] 180/216 OK | I med 245.9 uA (0.3-329.1) | R med 0.0083 kohm | dV med 238 LSB | flags I_LOWx36
2026-09-29 13:57:04  [frame 5] 180/216 OK | I med 245.1 uA (0.4-329.0) | R med 0.0087 kohm | dV med 242 LSB | flags I_LOWx36
2026-09-29 13:57:32  [frame 6] 180/216 OK | I med 244.0 uA (0.1-328.9) | R med 0.0083 kohm | dV med 244 LSB | flags I_LOWx36
2026-09-29 13:58:01  [frame 7] 180/216 OK | I med 244.0 uA (0.2-328.1) | R med 0.0084 kohm | dV med 292 LSB | flags I_LOWx36
2026-09-29 13:58:29  [frame 8] 180/216 OK | I med 242.6 uA (0.2-327.7) | R med 0.0084 kohm | dV med 273 LSB | flags I_LOWx36
2026-09-29 13:58:57  [frame 9] 180/216 OK | I med 242.8 uA (0.2-327.8) | R med 0.0084 kohm | dV med 240 LSB | flags I_LOWx36
2026-09-29 13:59:26  [frame 10] 180/216 OK | I med 242.0 uA (0.0-328.5) | R med 0.0087 kohm | dV med 254 LSB | flags I_LOWx36
2026-09-29 13:59:26  No reconstruction: This run is the session baseline; it has nothing to differ from.
2026-09-29 13:59:29  Baseline control image saved to scans\runs\20260929-135221-coconut-620-moisted\control.png
2026-09-29 13:59:29  This run is now the session baseline (20260929-135221-coconut-620-moisted).
2026-09-29 13:59:29  Finished. Run saved to scans\runs\20260929-135221-coconut-620-moisted
2026-09-29 13:59:29    Frames captured: 10
2026-09-29 13:59:29    Reciprocity: median 35.9%  max 97.7%  sign flips 8/36
2026-09-29 13:59:29    Check electrode contact: E2 83% (all pairs median 36%)
2026-09-29 13:59:29    Noise floor: median pair sd 0.00050 kohm (7.80%)  max 0.10500 kohm over 90 pairs
2026-09-29 13:59:29  Indexed in scans\index.csv
2026-09-29 14:01:09  Connecting to COM12...
2026-09-29 14:01:09  Configuring instrument...

------------------------------------------------------------------------
2026-09-29 14:01:09  Run 20260929-140109-coconut-620-moisted
2026-09-29 14:01:09  Conditions: medium=saline tank saline=None g/L grounding=unknown fill=None mm temp=None C
2026-09-29 14:01:09  Recording to scans\runs\20260929-140109-coconut-620-moisted
2026-09-29 14:01:38  [warmup 1/5] 180/216 OK | I med 237.0 uA (0.2-324.1) | R med 0.0084 kohm | dV med 272 LSB | flags I_LOWx36
2026-09-29 14:02:06  [warmup 2/5] 180/216 OK | I med 240.7 uA (0.3-326.9) | R med 0.0086 kohm | dV med 254 LSB | flags I_LOWx36
2026-09-29 14:02:34  [warmup 3/5] 180/216 OK | I med 240.8 uA (0.1-327.2) | R med 0.0085 kohm | dV med 277 LSB | flags I_LOWx36
2026-09-29 14:03:02  [warmup 4/5] 180/216 OK | I med 240.8 uA (0.2-328.5) | R med 0.0082 kohm | dV med 256 LSB | flags I_LOWx36
2026-09-29 14:03:31  [warmup 5/5] 180/216 OK | I med 238.8 uA (0.2-326.9) | R med 0.0077 kohm | dV med 246 LSB | flags I_LOWx36
2026-09-29 14:03:59  [frame 1] 180/216 OK | I med 238.1 uA (0.3-327.3) | R med 0.0086 kohm | dV med 258 LSB | flags I_LOWx36
2026-09-29 14:03:59  No reconstruction: Reciprocity check failed, so no image was made (baseline: median reciprocity error 35.9% exceeds 15%; this run: median reciprocity error 35.3% exceeds 15%). Frames are saved. Fix reciprocity first, or tick the override to image anyway.
2026-09-29 14:03:59  Finished. Run saved to scans\runs\20260929-140109-coconut-620-moisted
2026-09-29 14:03:59    Frames captured: 1
2026-09-29 14:03:59    Reciprocity: median 35.3%  max 97.1%  sign flips 11/36
2026-09-29 14:03:59    Check electrode contact: E2 81% (all pairs median 35%)
2026-09-29 14:03:59    Noise floor: needs at least 2 frames
2026-09-29 14:03:59  Indexed in scans\index.csv
2026-09-29 14:12:50  Baseline cleared; the next run will become the new baseline.
2026-09-29 14:12:52  Connecting to COM12...
2026-09-29 14:12:52  Configuring instrument...

------------------------------------------------------------------------
2026-09-29 14:12:52  Run 20260929-141252-coconut-620-moisted
2026-09-29 14:12:52  Conditions: medium=saline tank saline=None g/L grounding=unknown fill=None mm temp=None C
2026-09-29 14:12:52  Recording to scans\runs\20260929-141252-coconut-620-moisted
2026-09-29 14:13:13  [warmup 1/5] 216/216 OK | I med 33.5 uA (19.2-51.5) | R med 0.0118 kohm | dV med 30 LSB
2026-09-29 14:13:34  [warmup 2/5] 216/216 OK | I med 33.5 uA (19.2-52.0) | R med 0.0109 kohm | dV med 30 LSB
2026-09-29 14:13:55  [warmup 3/5] 216/216 OK | I med 33.7 uA (18.0-51.1) | R med 0.0101 kohm | dV med 30 LSB
2026-09-29 14:14:16  [warmup 4/5] 216/216 OK | I med 33.4 uA (18.9-51.3) | R med 0.0100 kohm | dV med 29 LSB
2026-09-29 14:14:37  [warmup 5/5] 216/216 OK | I med 33.5 uA (18.7-52.2) | R med 0.0107 kohm | dV med 30 LSB
2026-09-29 14:14:58  [frame 1] 216/216 OK | I med 33.6 uA (18.8-51.9) | R med 0.0103 kohm | dV med 28 LSB
2026-09-29 14:14:58  No reconstruction: This run is the session baseline; it has nothing to differ from.
2026-09-29 14:14:58  Baseline has fewer than 4 frames, so no control image was saved.
2026-09-29 14:14:58  This run is now the session baseline (20260929-141252-coconut-620-moisted).
2026-09-29 14:14:58  Finished. Run saved to scans\runs\20260929-141252-coconut-620-moisted
2026-09-29 14:14:58    Frames captured: 1
2026-09-29 14:14:58    Reciprocity: median 46.6%  max 99.6%  sign flips 15/54
2026-09-29 14:14:58    Noise floor: needs at least 2 frames
2026-09-29 14:14:58  Indexed in scans\index.csv
2026-09-29 14:15:36  Connecting to COM12...
2026-09-29 14:15:36  Configuring instrument...

------------------------------------------------------------------------
2026-09-29 14:15:37  Run 20260929-141536-coconut-620-moisted
2026-09-29 14:15:37  Conditions: medium=saline tank saline=None g/L grounding=unknown fill=None mm temp=None C
2026-09-29 14:15:37  Recording to scans\runs\20260929-141536-coconut-620-moisted
2026-09-29 14:15:43  Stopping after the frame in flight...
2026-09-29 14:15:58  [warmup 1/5] 216/216 OK | I med 261.1 uA (165.4-317.7) | R med 0.0045 kohm | dV med 233 LSB
2026-09-29 14:15:58  Cancelled after 0 frame(s); the run is kept.
2026-09-29 14:15:58  No reconstruction: No frames were captured.
2026-09-29 14:15:58  Finished. Run saved to scans\runs\20260929-141536-coconut-620-moisted
2026-09-29 14:15:58    Frames captured: 0
2026-09-29 14:15:58    Reciprocity: no reciprocal pairs captured
2026-09-29 14:15:58    Noise floor: needs at least 2 frames
2026-09-29 14:15:58  Indexed in scans\index.csv
2026-09-29 14:16:09  Baseline cleared; the next run will become the new baseline.
2026-09-29 14:16:11  Connecting to COM12...
2026-09-29 14:16:11  Configuring instrument...

------------------------------------------------------------------------
2026-09-29 14:16:11  Run 20260929-141611-coconut-620-moisted
2026-09-29 14:16:11  Conditions: medium=saline tank saline=None g/L grounding=unknown fill=None mm temp=None C
2026-09-29 14:16:11  Recording to scans\runs\20260929-141611-coconut-620-moisted
2026-09-29 14:16:32  [warmup 1/5] 216/216 OK | I med 256.4 uA (167.1-320.2) | R med 0.0041 kohm | dV med 230 LSB
2026-09-29 14:16:53  [warmup 2/5] 216/216 OK | I med 252.1 uA (164.9-321.3) | R med 0.0040 kohm | dV med 224 LSB
2026-09-29 14:17:15  [warmup 3/5] 216/216 OK | I med 248.0 uA (159.0-328.8) | R med 0.0041 kohm | dV med 220 LSB
2026-09-29 14:17:36  [warmup 4/5] 216/216 OK | I med 245.3 uA (159.1-322.4) | R med 0.0042 kohm | dV med 217 LSB
2026-09-29 14:17:58  [warmup 5/5] 216/216 OK | I med 244.8 uA (158.2-322.6) | R med 0.0043 kohm | dV med 221 LSB
2026-09-29 14:18:20  [frame 1] 216/216 OK | I med 243.6 uA (158.2-322.8) | R med 0.0042 kohm | dV med 217 LSB
2026-09-29 14:18:43  [frame 2] 216/216 OK | I med 244.2 uA (157.2-322.4) | R med 0.0041 kohm | dV med 215 LSB
2026-09-29 14:19:05  [frame 3] 216/216 OK | I med 243.2 uA (159.3-323.2) | R med 0.0041 kohm | dV med 218 LSB
2026-09-29 14:19:28  [frame 4] 216/216 OK | I med 245.5 uA (153.9-317.8) | R med 0.0039 kohm | dV med 217 LSB
2026-09-29 14:19:51  [frame 5] 216/216 OK | I med 245.6 uA (151.8-317.0) | R med 0.0039 kohm | dV med 222 LSB
2026-09-29 14:20:14  [frame 6] 216/216 OK | I med 245.4 uA (153.5-318.1) | R med 0.0041 kohm | dV med 215 LSB
2026-09-29 14:20:36  [frame 7] 216/216 OK | I med 245.0 uA (149.3-317.2) | R med 0.0041 kohm | dV med 218 LSB
2026-09-29 14:20:59  [frame 8] 216/216 OK | I med 244.7 uA (154.4-317.2) | R med 0.0041 kohm | dV med 216 LSB
2026-09-29 14:21:22  [frame 9] 216/216 OK | I med 243.8 uA (153.7-324.6) | R med 0.0044 kohm | dV med 217 LSB
2026-09-29 14:21:45  [frame 10] 216/216 OK | I med 242.9 uA (155.5-323.5) | R med 0.0042 kohm | dV med 217 LSB
2026-09-29 14:21:45  No reconstruction: This run is the session baseline; it has nothing to differ from.
2026-09-29 14:21:49  Baseline control image saved to scans\runs\20260929-141611-coconut-620-moisted\control.png
2026-09-29 14:21:49  This run is now the session baseline (20260929-141611-coconut-620-moisted).
2026-09-29 14:21:49  Finished. Run saved to scans\runs\20260929-141611-coconut-620-moisted
2026-09-29 14:21:49    Frames captured: 10
2026-09-29 14:21:49    Reciprocity: median 22.6%  max 99.2%  sign flips 11/54
2026-09-29 14:21:49    Check electrode contact: E2 61%, E1 57% (all pairs median 23%)
2026-09-29 14:21:49    Noise floor: median pair sd 0.00079 kohm (14.19%)  max 0.00917 kohm over 108 pairs
2026-09-29 14:21:49  Indexed in scans\index.csv
2026-09-29 14:28:32  Connecting to COM12...
2026-09-29 14:28:32  Configuring instrument...

------------------------------------------------------------------------
2026-09-29 14:28:32  Run 20260929-142832-coconut-620-moisted
2026-09-29 14:28:32  Conditions: medium=saline tank saline=None g/L grounding=unknown fill=None mm temp=None C
2026-09-29 14:28:32  Recording to scans\runs\20260929-142832-coconut-620-moisted
2026-09-29 14:28:53  [warmup 1/5] 216/216 OK | I med 240.9 uA (161.3-316.6) | R med 0.0042 kohm | dV med 223 LSB
2026-09-29 14:29:14  [warmup 2/5] 216/216 OK | I med 238.4 uA (159.0-319.1) | R med 0.0040 kohm | dV med 218 LSB
2026-09-29 14:29:35  [warmup 3/5] 216/216 OK | I med 238.4 uA (156.8-321.2) | R med 0.0041 kohm | dV med 212 LSB
2026-09-29 14:29:57  [warmup 4/5] 216/216 OK | I med 239.0 uA (155.1-320.8) | R med 0.0040 kohm | dV med 209 LSB
2026-09-29 14:30:19  [warmup 5/5] 216/216 OK | I med 238.7 uA (152.8-328.5) | R med 0.0043 kohm | dV med 211 LSB
2026-09-29 14:30:42  [frame 1] 216/216 OK | I med 239.0 uA (149.1-323.2) | R med 0.0044 kohm | dV med 212 LSB
2026-09-29 14:31:05  [frame 2] 216/216 OK | I med 238.3 uA (150.1-323.1) | R med 0.0042 kohm | dV med 212 LSB
2026-09-29 14:31:27  [frame 3] 216/216 OK | I med 238.5 uA (151.1-323.9) | R med 0.0046 kohm | dV med 217 LSB
2026-09-29 14:31:50  [frame 4] 216/216 OK | I med 237.3 uA (150.3-323.9) | R med 0.0048 kohm | dV med 213 LSB
2026-09-29 14:32:13  [frame 5] 216/216 OK | I med 237.4 uA (151.6-323.4) | R med 0.0047 kohm | dV med 207 LSB
2026-09-29 14:32:36  [frame 6] 216/216 OK | I med 237.0 uA (152.8-322.9) | R med 0.0048 kohm | dV med 214 LSB
2026-09-29 14:32:59  [frame 7] 216/216 OK | I med 238.0 uA (152.5-323.0) | R med 0.0048 kohm | dV med 211 LSB
2026-09-29 14:33:21  [frame 8] 216/216 OK | I med 241.2 uA (152.7-327.3) | R med 0.0043 kohm | dV med 212 LSB
2026-09-29 14:33:44  [frame 9] 216/216 OK | I med 240.3 uA (151.4-323.1) | R med 0.0040 kohm | dV med 208 LSB
2026-09-29 14:34:07  [frame 10] 216/216 OK | I med 238.6 uA (149.6-329.2) | R med 0.0036 kohm | dV med 210 LSB
2026-09-29 14:34:08  No reconstruction: Reciprocity check failed, so no image was made (baseline: median reciprocity error 22.6% exceeds 15%; this run: median reciprocity error 35.3% exceeds 15%). Frames are saved. Fix reciprocity first, or tick the override to image anyway.
2026-09-29 14:34:08  Finished. Run saved to scans\runs\20260929-142832-coconut-620-moisted
2026-09-29 14:34:08    Frames captured: 10
2026-09-29 14:34:08    Reciprocity: median 35.3%  max 94.9%  sign flips 9/54
2026-09-29 14:34:08    Noise floor: median pair sd 0.00071 kohm (13.61%)  max 0.01396 kohm over 108 pairs
2026-09-29 14:34:08  Indexed in scans\index.csv
2026-09-29 14:37:55  Baseline cleared; the next run will become the new baseline.
2026-09-29 14:38:05  Connecting to COM12...
2026-09-29 14:38:05  Configuring instrument...

------------------------------------------------------------------------
2026-09-29 14:38:05  Run 20260929-143805-coconut-620-moisted-32-samples
2026-09-29 14:38:05  Conditions: medium=saline tank saline=None g/L grounding=unknown fill=None mm temp=None C
2026-09-29 14:38:05  Recording to scans\runs\20260929-143805-coconut-620-moisted-32-samples
2026-09-29 14:38:40  [warmup 1/5] 216/216 OK | I med 261.5 uA (174.4-326.9) | R med 0.0049 kohm | dV med 225 LSB
2026-09-29 14:39:15  [warmup 2/5] 216/216 OK | I med 264.4 uA (167.6-324.2) | R med 0.0048 kohm | dV med 231 LSB
2026-09-29 14:39:52  [warmup 3/5] 216/216 OK | I med 266.8 uA (164.5-320.3) | R med 0.0046 kohm | dV med 232 LSB
2026-09-29 14:40:29  [warmup 4/5] 216/216 OK | I med 265.6 uA (165.5-321.6) | R med 0.0045 kohm | dV med 228 LSB
2026-09-29 14:41:07  [warmup 5/5] 216/216 OK | I med 261.3 uA (171.2-322.5) | R med 0.0046 kohm | dV med 226 LSB
2026-09-29 14:41:46  [frame 1] 216/216 OK | I med 259.7 uA (163.1-320.0) | R med 0.0042 kohm | dV med 218 LSB
2026-09-29 14:42:24  [frame 2] 216/216 OK | I med 257.3 uA (168.1-324.9) | R med 0.0041 kohm | dV med 215 LSB
2026-09-29 14:43:03  [frame 3] 216/216 OK | I med 255.9 uA (168.9-324.9) | R med 0.0047 kohm | dV med 218 LSB
2026-09-29 14:43:41  [frame 4] 216/216 OK | I med 254.4 uA (160.3-320.9) | R med 0.0040 kohm | dV med 217 LSB
2026-09-29 14:44:19  [frame 5] 216/216 OK | I med 253.0 uA (160.0-320.1) | R med 0.0040 kohm | dV med 210 LSB
2026-09-29 14:44:58  [frame 6] 216/216 OK | I med 251.7 uA (158.8-320.6) | R med 0.0039 kohm | dV med 212 LSB
2026-09-29 14:45:36  [frame 7] 216/216 OK | I med 254.3 uA (161.4-323.8) | R med 0.0043 kohm | dV med 214 LSB
2026-09-29 14:46:14  [frame 8] 216/216 OK | I med 251.5 uA (159.2-317.6) | R med 0.0039 kohm | dV med 209 LSB
2026-09-29 14:46:53  [frame 9] 216/216 OK | I med 250.3 uA (157.9-317.4) | R med 0.0039 kohm | dV med 211 LSB
2026-09-29 14:47:31  [frame 10] 216/216 OK | I med 249.1 uA (157.4-316.9) | R med 0.0040 kohm | dV med 208 LSB
2026-09-29 14:47:31  No reconstruction: This run is the session baseline; it has nothing to differ from.
2026-09-29 14:47:32  Baseline control image saved to scans\runs\20260929-143805-coconut-620-moisted-32-samples\control.png
2026-09-29 14:47:32  This run is now the session baseline (20260929-143805-coconut-620-moisted-32-samples).
2026-09-29 14:47:32  Finished. Run saved to scans\runs\20260929-143805-coconut-620-moisted-32-samples
2026-09-29 14:47:32    Frames captured: 10
2026-09-29 14:47:32    Reciprocity: median 18.7%  max 95.9%  sign flips 11/54
2026-09-29 14:47:32    Check electrode contact: E1 72%, E2 72% (all pairs median 19%)
2026-09-29 14:47:32    Noise floor: median pair sd 0.00107 kohm (22.33%)  max 0.01008 kohm over 108 pairs
2026-09-29 14:47:32  Indexed in scans\index.csv
2026-09-29 14:50:46  Connecting to COM12...
2026-09-29 14:50:46  Configuring instrument...

------------------------------------------------------------------------
2026-09-29 14:50:46  Run 20260929-145046-coconut-620-moisted-32-samples
2026-09-29 14:50:46  Conditions: medium=saline tank saline=None g/L grounding=unknown fill=None mm temp=None C
2026-09-29 14:50:46  Recording to scans\runs\20260929-145046-coconut-620-moisted-32-samples
2026-09-29 14:51:21  [warmup 1/5] 216/216 OK | I med 248.1 uA (169.1-313.7) | R med 0.0042 kohm | dV med 211 LSB
2026-09-29 14:51:56  [warmup 2/5] 216/216 OK | I med 243.2 uA (161.9-315.3) | R med 0.0038 kohm | dV med 207 LSB
2026-09-29 14:52:31  [warmup 3/5] 216/216 OK | I med 242.5 uA (155.4-315.9) | R med 0.0040 kohm | dV med 209 LSB
2026-09-29 14:53:05  [warmup 4/5] 216/216 OK | I med 240.7 uA (154.4-316.4) | R med 0.0041 kohm | dV med 207 LSB
2026-09-29 14:53:40  [warmup 5/5] 216/216 OK | I med 241.2 uA (149.8-315.9) | R med 0.0040 kohm | dV med 204 LSB
2026-09-29 14:54:15  [frame 1] 216/216 OK | I med 240.5 uA (149.3-316.4) | R med 0.0039 kohm | dV med 206 LSB
2026-09-29 14:54:51  [frame 2] 216/216 OK | I med 240.3 uA (152.0-316.3) | R med 0.0039 kohm | dV med 209 LSB
2026-09-29 14:55:25  [frame 3] 216/216 OK | I med 240.4 uA (147.2-316.4) | R med 0.0038 kohm | dV med 206 LSB
2026-09-29 14:56:02  [frame 4] 216/216 OK | I med 240.7 uA (147.0-320.2) | R med 0.0040 kohm | dV med 209 LSB
2026-09-29 14:56:38  [frame 5] 216/216 OK | I med 241.4 uA (153.3-318.2) | R med 0.0041 kohm | dV med 208 LSB
2026-09-29 14:57:15  [frame 6] 216/216 OK | I med 241.0 uA (150.2-318.8) | R med 0.0039 kohm | dV med 208 LSB
2026-09-29 14:57:52  [frame 7] 216/216 OK | I med 241.6 uA (151.5-319.8) | R med 0.0038 kohm | dV med 207 LSB
2026-09-29 14:58:29  [frame 8] 216/216 OK | I med 241.0 uA (151.8-321.1) | R med 0.0042 kohm | dV med 207 LSB
2026-09-29 14:59:05  [frame 9] 216/216 OK | I med 240.6 uA (150.3-319.3) | R med 0.0045 kohm | dV med 201 LSB
2026-09-29 14:59:41  [frame 10] 216/216 OK | I med 240.8 uA (148.7-318.5) | R med 0.0039 kohm | dV med 207 LSB
2026-09-29 14:59:41  No reconstruction: Reciprocity check failed, so no image was made (baseline: median reciprocity error 18.7% exceeds 15%; this run: median reciprocity error 25.3% exceeds 15%). Frames are saved. Fix reciprocity first, or tick the override to image anyway.
2026-09-29 14:59:41  Finished. Run saved to scans\runs\20260929-145046-coconut-620-moisted-32-samples
2026-09-29 14:59:41    Frames captured: 10
2026-09-29 14:59:41    Reciprocity: median 25.3%  max 94.5%  sign flips 9/54
2026-09-29 14:59:41    Check electrode contact: E2 63%, E1 59% (all pairs median 25%)
2026-09-29 14:59:41    Noise floor: median pair sd 0.00063 kohm (11.51%)  max 0.00696 kohm over 108 pairs
2026-09-29 14:59:41  Indexed in scans\index.csv
2026-09-29 15:12:07  Connecting to COM12...
2026-09-29 15:12:07  Configuring instrument...

------------------------------------------------------------------------
2026-09-29 15:12:07  Run 20260929-151207-coconut-620-moisted-32-samples
2026-09-29 15:12:07  Conditions: medium=saline tank saline=None g/L grounding=unknown fill=None mm temp=None C
2026-09-29 15:12:07  Recording to scans\runs\20260929-151207-coconut-620-moisted-32-samples
2026-09-29 15:12:41  [warmup 1/5] 216/216 OK | I med 242.5 uA (169.4-308.4) | R med 0.0038 kohm | dV med 212 LSB
2026-09-29 15:13:16  [warmup 2/5] 216/216 OK | I med 239.5 uA (165.4-312.4) | R med 0.0039 kohm | dV med 211 LSB
2026-09-29 15:13:51  [warmup 3/5] 216/216 OK | I med 238.3 uA (162.8-313.1) | R med 0.0037 kohm | dV med 208 LSB
2026-09-29 15:14:26  [warmup 4/5] 216/216 OK | I med 236.3 uA (154.9-313.6) | R med 0.0038 kohm | dV med 205 LSB
2026-09-29 15:15:01  [warmup 5/5] 216/216 OK | I med 236.0 uA (150.4-313.3) | R med 0.0040 kohm | dV med 203 LSB
2026-09-29 15:15:35  [frame 1] 216/216 OK | I med 237.2 uA (149.7-312.3) | R med 0.0039 kohm | dV med 202 LSB
2026-09-29 15:16:10  [frame 2] 216/216 OK | I med 236.7 uA (145.6-312.8) | R med 0.0039 kohm | dV med 203 LSB
2026-09-29 15:16:45  [frame 3] 216/216 OK | I med 236.6 uA (143.9-312.6) | R med 0.0039 kohm | dV med 202 LSB
2026-09-29 15:17:20  [frame 4] 216/216 OK | I med 236.0 uA (145.5-313.3) | R med 0.0039 kohm | dV med 201 LSB
2026-09-29 15:17:55  [frame 5] 216/216 OK | I med 236.2 uA (147.2-313.0) | R med 0.0039 kohm | dV med 200 LSB
2026-09-29 15:18:29  [frame 6] 216/216 OK | I med 235.9 uA (144.2-313.0) | R med 0.0039 kohm | dV med 201 LSB
2026-09-29 15:19:04  [frame 7] 216/216 OK | I med 235.6 uA (143.1-313.4) | R med 0.0039 kohm | dV med 201 LSB
2026-09-29 15:19:39  [frame 8] 216/216 OK | I med 234.2 uA (143.4-313.0) | R med 0.0039 kohm | dV med 201 LSB
2026-09-29 15:20:14  [frame 9] 216/216 OK | I med 233.6 uA (143.9-312.5) | R med 0.0039 kohm | dV med 202 LSB
2026-09-29 15:20:49  [frame 10] 216/216 OK | I med 233.6 uA (144.0-313.3) | R med 0.0039 kohm | dV med 199 LSB
2026-09-29 15:20:49  RECIPROCITY OVERRIDDEN - NOT VALID DATA (baseline: median reciprocity error 18.7% exceeds 15%; this run: median reciprocity error 20.7% exceeds 15%)
2026-09-29 15:20:54  Reconstruction: Peak -1.165e-01 at 238 deg  |  pairs 108/108 [ok]  |  0.8x noise - INDISTINGUISHABLE FROM NOISE
2026-09-29 15:20:54  Finished. Run saved to scans\runs\20260929-151207-coconut-620-moisted-32-samples
2026-09-29 15:20:54    Frames captured: 10
2026-09-29 15:20:54    Reciprocity: median 20.7%  max 94.3%  sign flips 9/54
2026-09-29 15:20:54    Check electrode contact: E2 48%, E1 48% (all pairs median 21%)
2026-09-29 15:20:54    Noise floor: median pair sd 0.00013 kohm (3.05%)  max 0.00155 kohm over 108 pairs
2026-09-29 15:20:54  Indexed in scans\index.csv
2026-09-29 15:29:55  Baseline cleared; the next run will become the new baseline.
2026-09-29 15:34:40  Connecting to COM12...
2026-09-29 15:34:40  Configuring instrument...

------------------------------------------------------------------------
2026-09-29 15:34:40  Run 20260929-153440-coconut-620-dry-32-samples
2026-09-29 15:34:40  Conditions: medium=saline tank saline=None g/L grounding=unknown fill=None mm temp=None C
2026-09-29 15:34:40  Recording to scans\runs\20260929-153440-coconut-620-dry-32-samples
2026-09-29 15:35:15  [warmup 1/5] 216/216 OK | I med 351.2 uA (215.4-478.4) | R med 0.0111 kohm | dV med 924 LSB
2026-09-29 15:35:50  [warmup 2/5] 216/216 OK | I med 351.3 uA (215.5-478.0) | R med 0.0111 kohm | dV med 930 LSB
2026-09-29 15:36:25  [warmup 3/5] 216/216 OK | I med 351.4 uA (215.2-478.4) | R med 0.0112 kohm | dV med 930 LSB
2026-09-29 15:37:00  [warmup 4/5] 216/216 OK | I med 351.4 uA (215.1-478.3) | R med 0.0111 kohm | dV med 932 LSB
2026-09-29 15:37:34  [warmup 5/5] 216/216 OK | I med 351.5 uA (215.4-478.3) | R med 0.0111 kohm | dV med 929 LSB
2026-09-29 15:38:09  [frame 1] 216/216 OK | I med 351.3 uA (215.2-478.8) | R med 0.0111 kohm | dV med 927 LSB
2026-09-29 15:38:44  [frame 2] 216/216 OK | I med 351.4 uA (215.5-478.4) | R med 0.0111 kohm | dV med 934 LSB
2026-09-29 15:39:19  [frame 3] 216/216 OK | I med 351.4 uA (215.3-478.7) | R med 0.0111 kohm | dV med 931 LSB
2026-09-29 15:39:54  [frame 4] 216/216 OK | I med 351.3 uA (215.8-479.0) | R med 0.0111 kohm | dV med 929 LSB
2026-09-29 15:40:28  [frame 5] 216/216 OK | I med 351.4 uA (215.3-478.8) | R med 0.0111 kohm | dV med 934 LSB
2026-09-29 15:41:03  [frame 6] 216/216 OK | I med 351.4 uA (215.6-478.4) | R med 0.0111 kohm | dV med 933 LSB
2026-09-29 15:41:38  [frame 7] 216/216 OK | I med 351.4 uA (215.6-477.9) | R med 0.0111 kohm | dV med 931 LSB
2026-09-29 15:42:13  [frame 8] 216/216 OK | I med 351.5 uA (215.4-478.1) | R med 0.0111 kohm | dV med 934 LSB
2026-09-29 15:42:47  [frame 9] 216/216 OK | I med 351.3 uA (215.8-478.2) | R med 0.0111 kohm | dV med 930 LSB
2026-09-29 15:43:22  [frame 10] 216/216 OK | I med 351.4 uA (215.7-477.3) | R med 0.0110 kohm | dV med 930 LSB
2026-09-29 15:43:22  No reconstruction: This run is the session baseline; it has nothing to differ from.
2026-09-29 15:43:24  Baseline control image saved to scans\runs\20260929-153440-coconut-620-dry-32-samples\control.png
2026-09-29 15:43:24  This run is now the session baseline (20260929-153440-coconut-620-dry-32-samples).
2026-09-29 15:43:24  Finished. Run saved to scans\runs\20260929-153440-coconut-620-dry-32-samples
2026-09-29 15:43:24    Frames captured: 10
2026-09-29 15:43:24    Reciprocity: median 4.1%  max 39.1%  sign flips 0/54
2026-09-29 15:43:24    Noise floor: median pair sd 0.00005 kohm (0.45%)  max 0.00023 kohm over 108 pairs
2026-09-29 15:43:24  Indexed in scans\index.csv
2026-09-29 15:46:07  Connecting to COM12...
2026-09-29 15:46:07  Configuring instrument...

------------------------------------------------------------------------
2026-09-29 15:46:07  Run 20260929-154607-coconut-620-dry-32-samples
2026-09-29 15:46:07  Conditions: medium=saline tank saline=None g/L grounding=unknown fill=None mm temp=None C
2026-09-29 15:46:07  Recording to scans\runs\20260929-154607-coconut-620-dry-32-samples
2026-09-29 15:46:56  [warmup 1/5] 216/216 OK | I med 351.5 uA (215.2-481.2) | R med 0.0110 kohm | dV med 931 LSB
2026-09-29 15:47:45  [warmup 2/5] 216/216 OK | I med 351.4 uA (215.1-481.0) | R med 0.0110 kohm | dV med 928 LSB
2026-09-29 15:48:34  [warmup 3/5] 216/216 OK | I med 351.5 uA (215.5-480.9) | R med 0.0110 kohm | dV med 931 LSB
2026-09-29 15:49:23  [warmup 4/5] 216/216 OK | I med 351.5 uA (215.3-480.8) | R med 0.0110 kohm | dV med 927 LSB
2026-09-29 15:50:12  [warmup 5/5] 216/216 OK | I med 351.4 uA (215.5-480.3) | R med 0.0110 kohm | dV med 927 LSB
2026-09-29 15:51:01  [frame 1] 216/216 OK | I med 351.4 uA (214.8-480.8) | R med 0.0110 kohm | dV med 931 LSB
2026-09-29 15:51:50  [frame 2] 216/216 OK | I med 351.3 uA (214.9-479.9) | R med 0.0110 kohm | dV med 934 LSB
2026-09-29 15:52:39  [frame 3] 216/216 OK | I med 351.5 uA (214.9-479.4) | R med 0.0110 kohm | dV med 926 LSB
2026-09-29 15:53:28  [frame 4] 216/216 OK | I med 351.9 uA (214.8-480.4) | R med 0.0110 kohm | dV med 929 LSB
2026-09-29 15:54:17  [frame 5] 216/216 OK | I med 351.8 uA (215.4-479.6) | R med 0.0110 kohm | dV med 931 LSB
2026-09-29 15:55:06  [frame 6] 216/216 OK | I med 351.4 uA (215.2-479.5) | R med 0.0110 kohm | dV med 934 LSB
2026-09-29 15:55:55  [frame 7] 216/216 OK | I med 351.2 uA (214.9-478.9) | R med 0.0110 kohm | dV med 925 LSB
2026-09-29 15:56:44  [frame 8] 216/216 OK | I med 351.5 uA (215.7-479.7) | R med 0.0110 kohm | dV med 927 LSB
2026-09-29 15:57:33  [frame 9] 216/216 OK | I med 351.9 uA (215.6-479.8) | R med 0.0110 kohm | dV med 932 LSB
2026-09-29 15:58:23  [frame 10] 216/216 OK | I med 351.7 uA (215.2-479.5) | R med 0.0110 kohm | dV med 928 LSB
2026-09-29 15:58:25  Reconstruction: Peak +8.180e-03 at 239 deg  |  pairs 108/108 [ok]  |  2.0x noise - INDISTINGUISHABLE FROM NOISE
2026-09-29 15:58:25  Finished. Run saved to scans\runs\20260929-154607-coconut-620-dry-32-samples
2026-09-29 15:58:25    Frames captured: 10
2026-09-29 15:58:25    Reciprocity: median 4.4%  max 40.6%  sign flips 0/54
2026-09-29 15:58:25    Noise floor: median pair sd 0.00006 kohm (0.50%)  max 0.00019 kohm over 108 pairs
2026-09-29 15:58:25  Indexed in scans\index.csv
2026-09-29 16:07:23  Baseline cleared; the next run will become the new baseline.
2026-09-29 16:07:43  Connecting to COM12...
2026-09-29 16:07:43  Configuring instrument...

------------------------------------------------------------------------
2026-09-29 16:07:43  Run 20260929-160743-coconut-620-dry-32-samples
2026-09-29 16:07:43  Conditions: medium=saline tank saline=None g/L grounding=unknown fill=None mm temp=None C
2026-09-29 16:07:43  Recording to scans\runs\20260929-160743-coconut-620-dry-32-samples
2026-09-29 16:08:32  [warmup 1/5] 216/216 OK | I med 352.1 uA (216.0-481.0) | R med 0.0110 kohm | dV med 929 LSB
2026-09-29 16:09:21  [warmup 2/5] 216/216 OK | I med 352.0 uA (215.3-480.8) | R med 0.0110 kohm | dV med 929 LSB
2026-09-29 16:10:10  [warmup 3/5] 216/216 OK | I med 351.8 uA (216.2-481.1) | R med 0.0110 kohm | dV med 929 LSB
2026-09-29 16:10:59  [warmup 4/5] 216/216 OK | I med 352.0 uA (215.8-480.5) | R med 0.0110 kohm | dV med 932 LSB
2026-09-29 16:11:48  [warmup 5/5] 216/216 OK | I med 352.2 uA (215.5-481.4) | R med 0.0110 kohm | dV med 927 LSB
2026-09-29 16:12:37  [frame 1] 216/216 OK | I med 352.0 uA (214.9-481.8) | R med 0.0110 kohm | dV med 932 LSB
2026-09-29 16:13:26  [frame 2] 216/216 OK | I med 352.1 uA (215.7-481.2) | R med 0.0110 kohm | dV med 933 LSB
2026-09-29 16:14:15  [frame 3] 216/216 OK | I med 352.0 uA (216.1-482.1) | R med 0.0110 kohm | dV med 934 LSB
2026-09-29 16:15:04  [frame 4] 216/216 OK | I med 351.8 uA (215.6-481.9) | R med 0.0110 kohm | dV med 937 LSB
2026-09-29 16:15:53  [frame 5] 216/216 OK | I med 352.1 uA (216.0-481.9) | R med 0.0109 kohm | dV med 933 LSB
2026-09-29 16:16:42  [frame 6] 216/216 OK | I med 352.0 uA (215.7-482.3) | R med 0.0110 kohm | dV med 932 LSB
2026-09-29 16:17:31  [frame 7] 216/216 OK | I med 351.7 uA (215.7-481.8) | R med 0.0109 kohm | dV med 933 LSB
2026-09-29 16:18:20  [frame 8] 216/216 OK | I med 351.6 uA (215.2-483.2) | R med 0.0110 kohm | dV med 934 LSB
2026-09-29 16:19:09  [frame 9] 216/216 OK | I med 351.4 uA (215.7-483.2) | R med 0.0110 kohm | dV med 930 LSB
2026-09-29 16:19:58  [frame 10] 216/216 OK | I med 351.6 uA (215.7-483.6) | R med 0.0110 kohm | dV med 926 LSB
2026-09-29 16:19:59  No reconstruction: This run is the session baseline; it has nothing to differ from.
2026-09-29 16:20:00  Baseline control image saved to scans\runs\20260929-160743-coconut-620-dry-32-samples\control.png
2026-09-29 16:20:00  This run is now the session baseline (20260929-160743-coconut-620-dry-32-samples).
2026-09-29 16:20:00  Finished. Run saved to scans\runs\20260929-160743-coconut-620-dry-32-samples
2026-09-29 16:20:00    Frames captured: 10
2026-09-29 16:20:00    Reciprocity: median 4.5%  max 42.5%  sign flips 0/54
2026-09-29 16:20:00    Noise floor: median pair sd 0.00005 kohm (0.41%)  max 0.00023 kohm over 108 pairs
2026-09-29 16:20:00  Indexed in scans\index.csv
2026-09-29 16:27:56  Connecting to COM12...
2026-09-29 16:27:56  Configuring instrument...

------------------------------------------------------------------------
2026-09-29 16:27:56  Run 20260929-162756-coconut-620-dry-32-samples
2026-09-29 16:27:56  Conditions: medium=saline tank saline=None g/L grounding=unknown fill=None mm temp=None C
2026-09-29 16:27:56  Recording to scans\runs\20260929-162756-coconut-620-dry-32-samples
2026-09-29 16:28:45  [warmup 1/5] 216/216 OK | I med 351.1 uA (218.0-483.1) | R med 0.0111 kohm | dV med 930 LSB
2026-09-29 16:29:34  [warmup 2/5] 216/216 OK | I med 350.6 uA (217.5-483.4) | R med 0.0111 kohm | dV med 929 LSB
2026-09-29 16:30:23  [warmup 3/5] 216/216 OK | I med 351.2 uA (217.5-483.1) | R med 0.0111 kohm | dV med 935 LSB
2026-09-29 16:31:12  [warmup 4/5] 216/216 OK | I med 351.7 uA (216.9-483.4) | R med 0.0111 kohm | dV med 932 LSB
2026-09-29 16:32:01  [warmup 5/5] 216/216 OK | I med 350.9 uA (216.0-482.8) | R med 0.0111 kohm | dV med 930 LSB
2026-09-29 16:32:50  [frame 1] 216/216 OK | I med 351.0 uA (216.6-483.6) | R med 0.0110 kohm | dV med 931 LSB
2026-09-29 16:33:39  [frame 2] 216/216 OK | I med 351.0 uA (216.3-484.6) | R med 0.0110 kohm | dV med 931 LSB
2026-09-29 16:34:28  [frame 3] 216/216 OK | I med 351.0 uA (215.6-485.2) | R med 0.0110 kohm | dV med 932 LSB
2026-09-29 16:35:17  [frame 4] 216/216 OK | I med 350.9 uA (215.9-485.2) | R med 0.0110 kohm | dV med 930 LSB
2026-09-29 16:36:06  [frame 5] 216/216 OK | I med 350.7 uA (215.9-484.4) | R med 0.0110 kohm | dV med 932 LSB
2026-09-29 16:36:55  [frame 6] 216/216 OK | I med 350.5 uA (215.4-485.3) | R med 0.0110 kohm | dV med 929 LSB
2026-09-29 16:37:44  [frame 7] 216/216 OK | I med 350.7 uA (215.1-485.7) | R med 0.0110 kohm | dV med 930 LSB
2026-09-29 16:38:33  [frame 8] 216/216 OK | I med 350.8 uA (215.4-485.7) | R med 0.0110 kohm | dV med 931 LSB
2026-09-29 16:39:22  [frame 9] 216/216 OK | I med 350.8 uA (215.4-485.6) | R med 0.0110 kohm | dV med 931 LSB
2026-09-29 16:40:12  [frame 10] 216/216 OK | I med 350.5 uA (214.7-485.7) | R med 0.0110 kohm | dV med 929 LSB
2026-09-29 16:40:13  Reconstruction: Peak +1.592e-02 at 357 deg  |  pairs 108/108 [ok]  |  3.6x the noise image
2026-09-29 16:40:13  Finished. Run saved to scans\runs\20260929-162756-coconut-620-dry-32-samples
2026-09-29 16:40:13    Frames captured: 10
2026-09-29 16:40:14    Reciprocity: median 4.7%  max 49.5%  sign flips 0/54
2026-09-29 16:40:14    Noise floor: median pair sd 0.00007 kohm (0.49%)  max 0.00038 kohm over 108 pairs
2026-09-29 16:40:14  Indexed in scans\index.csv
2026-09-29 16:58:33  Connecting to COM12...
2026-09-29 16:58:33  Configuring instrument...

------------------------------------------------------------------------
2026-09-29 16:58:33  Run 20260929-165833-coconut-620-dry-32-samples
2026-09-29 16:58:33  Conditions: medium=saline tank saline=None g/L grounding=unknown fill=None mm temp=None C
2026-09-29 16:58:33  Recording to scans\runs\20260929-165833-coconut-620-dry-32-samples
2026-09-29 16:59:23  [warmup 1/5] 180/216 OK | I med 308.4 uA (1.3-481.2) | R med 0.0142 kohm | dV med 1103 LSB | flags I_LOWx36
2026-09-29 17:00:12  [warmup 2/5] 180/216 OK | I med 308.4 uA (1.4-481.1) | R med 0.0143 kohm | dV med 1102 LSB | flags I_LOWx36
2026-09-29 17:01:01  [warmup 3/5] 180/216 OK | I med 308.6 uA (1.2-480.5) | R med 0.0140 kohm | dV med 1075 LSB | flags I_LOWx36
2026-09-29 17:01:50  [warmup 4/5] 180/216 OK | I med 308.4 uA (1.4-481.2) | R med 0.0143 kohm | dV med 1133 LSB | flags I_LOWx36
2026-09-29 17:02:39  [warmup 5/5] 180/216 OK | I med 308.1 uA (1.4-480.7) | R med 0.0133 kohm | dV med 1017 LSB | flags I_LOWx36
2026-09-29 17:03:28  [frame 1] 180/216 OK | I med 308.4 uA (1.2-480.4) | R med 0.0140 kohm | dV med 1101 LSB | flags I_LOWx36
2026-09-29 17:04:17  [frame 2] 180/216 OK | I med 308.3 uA (0.8-480.6) | R med 0.0139 kohm | dV med 1081 LSB | flags I_LOWx36
2026-09-29 17:05:06  [frame 3] 180/216 OK | I med 308.2 uA (1.4-480.4) | R med 0.0143 kohm | dV med 1113 LSB | flags I_LOWx36
2026-09-29 17:05:55  [frame 4] 180/216 OK | I med 308.1 uA (1.4-480.2) | R med 0.0142 kohm | dV med 1105 LSB | flags I_LOWx36
2026-09-29 17:06:44  [frame 5] 180/216 OK | I med 308.3 uA (1.2-480.8) | R med 0.0142 kohm | dV med 1133 LSB | flags I_LOWx36
2026-09-29 17:07:33  [frame 6] 180/216 OK | I med 308.3 uA (1.2-480.3) | R med 0.0142 kohm | dV med 1114 LSB | flags I_LOWx36
2026-09-29 17:08:22  [frame 7] 180/216 OK | I med 308.2 uA (1.1-480.8) | R med 0.0142 kohm | dV med 1080 LSB | flags I_LOWx36
2026-09-29 17:09:11  [frame 8] 180/216 OK | I med 308.3 uA (1.2-480.9) | R med 0.0141 kohm | dV med 1079 LSB | flags I_LOWx36
2026-09-29 17:10:00  [frame 9] 180/216 OK | I med 308.3 uA (1.4-481.1) | R med 0.0143 kohm | dV med 1106 LSB | flags I_LOWx36
2026-09-29 17:10:49  [frame 10] 180/216 OK | I med 308.4 uA (1.5-481.0) | R med 0.0142 kohm | dV med 1111 LSB | flags I_LOWx36
2026-09-29 17:10:51  Reconstruction: Peak +6.160e-01 at 300 deg  |  pairs 90/108 [best-effort]  |  137.6x the noise image
2026-09-29 17:10:51  Finished. Run saved to scans\runs\20260929-165833-coconut-620-dry-32-samples
2026-09-29 17:10:51    Frames captured: 10
2026-09-29 17:10:51    Reciprocity: median 4.8%  max 50.8%  sign flips 0/36
2026-09-29 17:10:51    Noise floor: median pair sd 0.00010 kohm (0.71%)  max 0.01079 kohm over 90 pairs
2026-09-29 17:10:51  Indexed in scans\index.csv
2026-09-29 17:25:28  Connecting to COM12...
2026-09-29 17:25:28  Configuring instrument...

------------------------------------------------------------------------
2026-09-29 17:25:28  Run 20260929-172528-coconut-620-dry-32-samples
2026-09-29 17:25:28  Conditions: medium=saline tank saline=None g/L grounding=unknown fill=None mm temp=None C
2026-09-29 17:25:28  Recording to scans\runs\20260929-172528-coconut-620-dry-32-samples
2026-09-29 17:26:17  [warmup 1/5] 216/216 OK | I med 350.5 uA (213.6-483.8) | R med 0.0112 kohm | dV med 945 LSB
2026-09-29 17:27:06  [warmup 2/5] 216/216 OK | I med 350.4 uA (213.3-483.8) | R med 0.0112 kohm | dV med 942 LSB
2026-09-29 17:27:55  [warmup 3/5] 216/216 OK | I med 350.3 uA (213.1-484.2) | R med 0.0112 kohm | dV med 945 LSB
2026-09-29 17:28:44  [warmup 4/5] 216/216 OK | I med 350.5 uA (213.5-484.2) | R med 0.0112 kohm | dV med 943 LSB
2026-09-29 17:29:33  [warmup 5/5] 216/216 OK | I med 350.0 uA (213.6-483.7) | R med 0.0113 kohm | dV med 947 LSB
2026-09-29 17:30:22  [frame 1] 216/216 OK | I med 349.9 uA (213.2-483.4) | R med 0.0112 kohm | dV med 946 LSB
2026-09-29 17:31:11  [frame 2] 216/216 OK | I med 349.9 uA (213.1-484.2) | R med 0.0113 kohm | dV med 944 LSB
2026-09-29 17:32:00  [frame 3] 216/216 OK | I med 350.1 uA (212.6-483.8) | R med 0.0112 kohm | dV med 947 LSB
2026-09-29 17:32:49  [frame 4] 216/216 OK | I med 350.4 uA (213.1-483.6) | R med 0.0113 kohm | dV med 948 LSB
2026-09-29 17:33:38  [frame 5] 216/216 OK | I med 349.7 uA (212.6-482.5) | R med 0.0112 kohm | dV med 947 LSB
2026-09-29 17:34:27  [frame 6] 216/216 OK | I med 350.2 uA (213.2-482.0) | R med 0.0112 kohm | dV med 943 LSB
2026-09-29 17:35:16  [frame 7] 216/216 OK | I med 350.2 uA (212.7-482.1) | R med 0.0112 kohm | dV med 946 LSB
2026-09-29 17:36:05  [frame 8] 216/216 OK | I med 350.2 uA (213.0-482.1) | R med 0.0112 kohm | dV med 948 LSB
2026-09-29 17:36:54  [frame 9] 216/216 OK | I med 349.7 uA (213.1-482.1) | R med 0.0112 kohm | dV med 948 LSB
2026-09-29 17:37:44  [frame 10] 216/216 OK | I med 350.2 uA (212.9-482.0) | R med 0.0112 kohm | dV med 948 LSB
2026-09-29 17:37:46  Reconstruction: Peak -2.643e-02 at 320 deg  |  pairs 108/108 [ok]  |  5.9x the noise image
2026-09-29 17:37:46  Finished. Run saved to scans\runs\20260929-172528-coconut-620-dry-32-samples
2026-09-29 17:37:46    Frames captured: 10
2026-09-29 17:37:46    Reciprocity: median 4.9%  max 55.0%  sign flips 0/54
2026-09-29 17:37:46    Noise floor: median pair sd 0.00007 kohm (0.54%)  max 0.00032 kohm over 108 pairs
2026-09-29 17:37:46  Indexed in scans\index.csv

------------------------------------------------------------------------
2026-09-29 18:28:02  Session started (hardware)
2026-09-29 18:28:02  Scans folder: C:\Users\Vidad\Documents\THESIS-PALAYAIN\scans
2026-09-29 18:28:02  129 scan(s) already recorded here.
2026-09-29 18:28:02  Ready. Settings are saved on exit.

------------------------------------------------------------------------
2026-09-29 18:37:56  Session ended

------------------------------------------------------------------------
2026-09-29 18:38:13  Session started (hardware)
2026-09-29 18:38:13  Scans folder: C:\Users\Vidad\Documents\THESIS-PALAYAIN\scans
2026-09-29 18:38:13  129 scan(s) already recorded here.
2026-09-29 18:38:13  Ready. Settings are saved on exit.
2026-09-29 18:42:43  Start refused: medium must be one of: cut disc, standing tree, resistor belt, saline tank, dummy load (got 'unknown'); specimen ID is empty (e.g. disc-03, coconut-tree-1)
2026-09-29 18:42:53  Start refused: medium must be one of: cut disc, standing tree, resistor belt, saline tank, dummy load (got 'unknown'); specimen ID is empty (e.g. disc-03, coconut-tree-1)
2026-09-29 18:43:02  Start refused: specimen ID is empty (e.g. disc-03, coconut-tree-1)
2026-09-29 18:43:14  Start refused: specimen ID 'disc 1' must be lowercase words joined by hyphens and end in a number (e.g. disc-03, coconut-tree-1)
2026-09-29 18:43:19  Start refused: specimen ID 'disc 1' must be lowercase words joined by hyphens and end in a number (e.g. disc-03, coconut-tree-1)
2026-09-29 18:43:27  Start refused: label must start with the specimen ID and say what the run is, e.g. 'disc-1-intact' or 'disc-1-hole-e7' (got 'unhealthy, coco preset')
2026-09-29 18:43:42  Start refused: label must start with the specimen ID and say what the run is, e.g. 'disc-1-intact' or 'disc-1-hole-e7' (got 'unhealthy, coco preset')
2026-09-29 18:43:53  Start refused: label must start with the specimen ID and say what the run is, e.g. 'disc-1-intact' or 'disc-1-hole-e7' (got 'unhealthy, coco preset')
2026-09-29 18:44:21  Start refused: label must start with the specimen ID and say what the run is, e.g. 'disc-01-intact' or 'disc-01-hole-e7' (got 'unhealthy, coco preset')
2026-09-29 18:44:26  Start refused: label must start with the specimen ID and say what the run is, e.g. 'disc-01-intact' or 'disc-01-hole-e7' (got '')

------------------------------------------------------------------------
2026-09-29 18:57:05  Session ended

------------------------------------------------------------------------
2026-09-29 18:57:11  Session started (hardware)
2026-09-29 18:57:11  Scans folder: C:\Users\Vidad\Documents\THESIS-PALAYAIN\scans
2026-09-29 18:57:11  129 scan(s) already recorded here.
2026-09-29 18:57:11  Ready. Settings are saved on exit.

------------------------------------------------------------------------
2026-09-29 19:01:58  Session ended

------------------------------------------------------------------------
2026-10-01 14:43:57  Session started (hardware)
2026-10-01 14:43:57  Scans folder: C:\Users\Vidad\Documents\THESIS-PALAYAIN\scans
2026-10-01 14:43:57  129 scan(s) already recorded here.
2026-10-01 14:43:57  Ready. Settings are saved on exit.
2026-10-01 14:44:21  Start refused: medium must be one of: cut disc, standing tree, resistor belt, saline tank, dummy load (got 'unknown'); specimen ID 'resistor belt' must be lowercase words joined by hyphens and end in a number (e.g. disc-03, coconut-tree-1)
2026-10-01 14:44:31  Start refused: specimen ID 'resistor belt' must be lowercase words joined by hyphens and end in a number (e.g. disc-03, coconut-tree-1)
2026-10-01 14:44:48  Start refused: specimen ID 'resistor-belt-sanity' must be lowercase words joined by hyphens and end in a number (e.g. disc-03, coconut-tree-1)

------------------------------------------------------------------------
2026-10-01 14:55:17  Session ended

------------------------------------------------------------------------
2026-10-01 14:55:26  Session started (hardware)
2026-10-01 14:55:26  Scans folder: C:\Users\Vidad\Documents\THESIS-PALAYAIN\scans
2026-10-01 14:55:26  129 scan(s) already recorded here.
2026-10-01 14:55:26  Ready. Settings are saved on exit.
2026-10-01 14:56:37  Naming warnings: specimen ID is empty (e.g. disc-03, coconut-tree-1)
2026-10-01 14:56:38  Connecting to COM12...
2026-10-01 14:56:38  Configuring instrument...

------------------------------------------------------------------------
2026-10-01 14:56:38  Run 20261001-145638-resistor-belt-baseline
2026-10-01 14:56:38  Conditions: medium=resistor belt saline=None g/L grounding=unknown fill=None mm temp=None C
2026-10-01 14:56:38  Recording to scans\runs\20261001-145638-resistor-belt-baseline
2026-10-01 14:57:03  [warmup 1/5] 216/216 OK | I med 481.3 uA (477.4-484.2) | R med 0.0181 kohm | dV med 2234 LSB
2026-10-01 14:57:29  [warmup 2/5] 216/216 OK | I med 481.4 uA (477.1-484.0) | R med 0.0182 kohm | dV med 2236 LSB
2026-10-01 14:57:55  [warmup 3/5] 216/216 OK | I med 481.3 uA (476.5-483.8) | R med 0.0181 kohm | dV med 2234 LSB
2026-10-01 14:58:21  [warmup 4/5] 216/216 OK | I med 481.2 uA (476.6-484.0) | R med 0.0181 kohm | dV med 2236 LSB
2026-10-01 14:58:48  [warmup 5/5] 216/216 OK | I med 481.4 uA (477.0-483.8) | R med 0.0181 kohm | dV med 2234 LSB
2026-10-01 14:59:14  [frame 1] 216/216 OK | I med 481.4 uA (476.9-483.4) | R med 0.0181 kohm | dV med 2236 LSB
2026-10-01 14:59:41  [frame 2] 216/216 OK | I med 481.4 uA (477.0-483.7) | R med 0.0181 kohm | dV med 2236 LSB
2026-10-01 15:00:08  [frame 3] 216/216 OK | I med 481.4 uA (477.0-483.6) | R med 0.0181 kohm | dV med 2236 LSB
2026-10-01 15:00:35  [frame 4] 216/216 OK | I med 481.4 uA (477.4-483.8) | R med 0.0181 kohm | dV med 2236 LSB
2026-10-01 15:01:03  [frame 5] 216/216 OK | I med 481.4 uA (477.0-483.4) | R med 0.0181 kohm | dV med 2233 LSB
2026-10-01 15:01:30  [frame 6] 216/216 OK | I med 481.4 uA (477.0-483.6) | R med 0.0181 kohm | dV med 2235 LSB
2026-10-01 15:01:57  [frame 7] 216/216 OK | I med 481.3 uA (476.6-483.4) | R med 0.0181 kohm | dV med 2236 LSB
2026-10-01 15:02:31  [frame 8] 216/216 OK | I med 481.5 uA (476.7-483.8) | R med 0.0181 kohm | dV med 2237 LSB
2026-10-01 15:03:24  [frame 9] 216/216 OK | I med 481.7 uA (478.2-483.8) | R med 0.0181 kohm | dV med 2238 LSB
2026-10-01 15:04:21  [frame 10] 216/216 OK | I med 481.8 uA (477.4-484.0) | R med 0.0181 kohm | dV med 2235 LSB
2026-10-01 15:05:15  No reconstruction: This run is the session baseline; it has nothing to differ from.
2026-10-01 15:05:15  Baseline control image saved to scans\runs\20261001-145638-resistor-belt-baseline\control.png
2026-10-01 15:05:15  This run is now the session baseline (20261001-145638-resistor-belt-baseline).
2026-10-01 15:05:15  Finished. Run saved to scans\runs\20261001-145638-resistor-belt-baseline
2026-10-01 15:05:15    Frames captured: 10
2026-10-01 15:05:15    Reciprocity: median 0.1%  max 0.3%  sign flips 0/54
2026-10-01 15:05:15    Noise floor: median pair sd 0.00003 kohm (0.16%)  max 0.00006 kohm over 108 pairs
2026-10-01 15:05:15  Indexed in scans\index.csv
2026-10-01 15:09:37  Baseline cleared; the next run will become the new baseline.
2026-10-01 15:11:58  Naming warnings: specimen ID is empty (e.g. disc-03, coconut-tree-1)
2026-10-01 15:12:00  Connecting to COM12...
2026-10-01 15:12:00  Configuring instrument...

------------------------------------------------------------------------
2026-10-01 15:12:00  Run 20261001-151200-cut-disc-intact
2026-10-01 15:12:00  Conditions: medium=cut disc saline=None g/L grounding=unknown fill=None mm temp=None C
2026-10-01 15:12:00  Recording to scans\runs\20261001-151200-cut-disc-intact
2026-10-01 15:12:48  [warmup 1/5] 144/216 OK | I med 163.6 uA (0.1-308.0) | R med 0.0094 kohm | dV med 314 LSB | flags I_LOWx72
2026-10-01 15:13:37  [warmup 2/5] 144/216 OK | I med 159.4 uA (0.0-297.5) | R med 0.0077 kohm | dV med 258 LSB | flags I_LOWx72
2026-10-01 15:14:26  [warmup 3/5] 144/216 OK | I med 158.9 uA (0.0-293.1) | R med 0.0069 kohm | dV med 303 LSB | flags I_LOWx72
2026-10-01 15:15:15  [warmup 4/5] 144/216 OK | I med 154.8 uA (0.0-291.0) | R med 0.0058 kohm | dV med 295 LSB | flags I_LOWx72
2026-10-01 15:16:05  [warmup 5/5] 144/216 OK | I med 153.1 uA (0.1-290.0) | R med 0.0068 kohm | dV med 331 LSB | flags I_LOWx72
2026-10-01 15:16:54  [frame 1] 144/216 OK | I med 152.3 uA (0.1-288.9) | R med 0.0055 kohm | dV med 285 LSB | flags I_LOWx72
2026-10-01 15:17:43  [frame 2] 144/216 OK | I med 151.6 uA (0.0-288.5) | R med 0.0064 kohm | dV med 284 LSB | flags I_LOWx72
2026-10-01 15:18:32  [frame 3] 144/216 OK | I med 151.1 uA (0.1-288.7) | R med 0.0055 kohm | dV med 280 LSB | flags I_LOWx72
2026-10-01 15:19:21  [frame 4] 144/216 OK | I med 150.6 uA (0.0-289.0) | R med 0.0062 kohm | dV med 279 LSB | flags I_LOWx72
2026-10-01 15:20:22  [frame 5] 144/216 OK | I med 150.6 uA (0.0-289.2) | R med 0.0052 kohm | dV med 238 LSB | flags I_LOWx72
2026-10-01 15:21:17  [frame 6] 180/216 OK | I med 158.3 uA (4.2-289.7) | R med 0.0044 kohm | dV med 162 LSB | flags I_LOWx36
2026-10-01 15:22:12  [frame 7] 180/216 OK | I med 154.7 uA (4.0-288.6) | R med 0.0047 kohm | dV med 142 LSB | flags I_LOWx36
2026-10-01 15:22:57  [frame 8] 180/216 OK | I med 153.1 uA (4.3-288.8) | R med 0.0046 kohm | dV med 164 LSB | flags I_LOWx36
2026-10-01 15:23:29  [frame 9] 180/216 OK | I med 152.8 uA (4.0-288.0) | R med 0.0042 kohm | dV med 161 LSB | flags I_LOWx36
2026-10-01 15:24:18  [frame 10] 180/216 OK | I med 152.2 uA (4.0-288.0) | R med 0.0046 kohm | dV med 162 LSB | flags I_LOWx36
2026-10-01 15:24:37  No reconstruction: This run is the session baseline; it has nothing to differ from.
2026-10-01 15:24:38  Baseline control image saved to scans\runs\20261001-151200-cut-disc-intact\control.png
2026-10-01 15:24:38  This run is now the session baseline (20261001-151200-cut-disc-intact).
2026-10-01 15:24:38  Finished. Run saved to scans\runs\20261001-151200-cut-disc-intact
2026-10-01 15:24:38    Frames captured: 10
2026-10-01 15:24:38    Reciprocity: median 64.0%  max 99.9%  sign flips 8/36
2026-10-01 15:24:38    Noise floor: median pair sd 0.00151 kohm (38.55%)  max 0.81688 kohm over 90 pairs
2026-10-01 15:24:38  Indexed in scans\index.csv
2026-10-01 15:44:53  Baseline cleared; the next run will become the new baseline.
2026-10-01 15:44:55  Naming warnings: specimen ID is empty (e.g. disc-03, coconut-tree-1)
2026-10-01 15:50:15  Naming warnings: specimen ID is empty (e.g. disc-03, coconut-tree-1)
2026-10-01 15:50:16  Connecting to COM12...
2026-10-01 15:50:16  Configuring instrument...

------------------------------------------------------------------------
2026-10-01 15:50:16  Run 20261001-155016-cut-disc-intact
2026-10-01 15:50:16  Conditions: medium=cut disc saline=None g/L grounding=unknown fill=None mm temp=None C
2026-10-01 15:50:16  Recording to scans\runs\20261001-155016-cut-disc-intact
2026-10-01 15:50:23  Stopping after the frame in flight...

------------------------------------------------------------------------
2026-10-01 15:50:55  Session ended

------------------------------------------------------------------------
2026-10-01 15:51:04  Session started (hardware)
2026-10-01 15:51:04  Scans folder: C:\Users\Vidad\Documents\THESIS-PALAYAIN\scans
2026-10-01 15:51:04  132 scan(s) already recorded here.
2026-10-01 15:51:04  Ready. Settings are saved on exit.

------------------------------------------------------------------------
2026-10-01 15:52:44  Session ended

------------------------------------------------------------------------
2026-10-01 15:52:51  Session started (hardware)
2026-10-01 15:52:51  Scans folder: C:\Users\Vidad\Documents\THESIS-PALAYAIN\scans
2026-10-01 15:52:51  132 scan(s) already recorded here.
2026-10-01 15:52:51  Ready. Settings are saved on exit.
2026-10-01 15:53:14  Naming warnings: medium must be one of: cut disc, standing tree, resistor belt, saline tank, dummy load (got 'unknown'); specimen ID is empty (e.g. disc-03, coconut-tree-1)
2026-10-01 15:53:16  Connecting to COM12...
2026-10-01 15:53:16  Configuring instrument...

------------------------------------------------------------------------
2026-10-01 15:53:16  Run 20261001-155316-coco-disk-3
2026-10-01 15:53:16  Conditions: medium=unknown saline=None g/L grounding=unknown fill=None mm temp=None C
2026-10-01 15:53:16  Recording to scans\runs\20261001-155316-coco-disk-3
2026-10-01 15:53:59  [warmup 1/5] 216/216 OK | I med 298.8 uA (204.6-424.9) | R med 0.0032 kohm | dV med 229 LSB
2026-10-01 15:54:43  [warmup 2/5] 216/216 OK | I med 298.8 uA (213.7-434.8) | R med 0.0030 kohm | dV med 225 LSB
2026-10-01 15:55:27  [warmup 3/5] 216/216 OK | I med 295.8 uA (207.0-434.6) | R med 0.0031 kohm | dV med 228 LSB
2026-10-01 15:56:12  [warmup 4/5] 216/216 OK | I med 296.5 uA (213.1-436.3) | R med 0.0030 kohm | dV med 229 LSB
2026-10-01 15:56:57  [warmup 5/5] 216/216 OK | I med 296.7 uA (208.3-426.9) | R med 0.0030 kohm | dV med 228 LSB
2026-10-01 15:57:43  [frame 1] 216/216 OK | I med 296.4 uA (213.5-435.3) | R med 0.0031 kohm | dV med 230 LSB
2026-10-01 15:58:28  [frame 2] 216/216 OK | I med 297.6 uA (210.3-434.6) | R med 0.0031 kohm | dV med 231 LSB
2026-10-01 15:59:12  [frame 3] 216/216 OK | I med 297.9 uA (211.1-436.4) | R med 0.0030 kohm | dV med 229 LSB
2026-10-01 15:59:57  [frame 4] 216/216 OK | I med 298.0 uA (210.6-425.9) | R med 0.0030 kohm | dV med 226 LSB
2026-10-01 16:00:42  [frame 5] 216/216 OK | I med 299.1 uA (213.4-435.8) | R med 0.0032 kohm | dV med 229 LSB
2026-10-01 16:01:26  [frame 6] 216/216 OK | I med 299.4 uA (210.5-427.5) | R med 0.0032 kohm | dV med 230 LSB
2026-10-01 16:02:10  [frame 7] 216/216 OK | I med 300.9 uA (211.2-427.4) | R med 0.0029 kohm | dV med 230 LSB
2026-10-01 16:02:54  [frame 8] 216/216 OK | I med 302.7 uA (213.6-427.8) | R med 0.0028 kohm | dV med 227 LSB
2026-10-01 16:03:52  [frame 9] 216/216 OK | I med 300.1 uA (211.2-437.3) | R med 0.0028 kohm | dV med 240 LSB
2026-10-01 16:04:51  [frame 10] 216/216 OK | I med 302.8 uA (217.3-437.1) | R med 0.0031 kohm | dV med 231 LSB
2026-10-01 16:05:48  No reconstruction: This run is the session baseline; it has nothing to differ from.
2026-10-01 16:05:48  Baseline control image saved to scans\runs\20261001-155316-coco-disk-3\control.png
2026-10-01 16:05:48  This run is now the session baseline (20261001-155316-coco-disk-3).
2026-10-01 16:05:48  Finished. Run saved to scans\runs\20261001-155316-coco-disk-3
2026-10-01 16:05:48    Frames captured: 10
2026-10-01 16:05:48    Reciprocity: median 15.3%  max 84.7%  sign flips 5/54
2026-10-01 16:05:48    Noise floor: median pair sd 0.00051 kohm (16.04%)  max 0.00681 kohm over 108 pairs
2026-10-01 16:05:48  Indexed in scans\index.csv
2026-10-01 16:15:08  Naming warnings: the session baseline is from an unrecorded specimen, this run is disc-03. Clear the baseline before scanning a different specimen.
2026-10-01 16:15:11  Connecting to COM12...
2026-10-01 16:15:11  Configuring instrument...

------------------------------------------------------------------------
2026-10-01 16:15:11  Run 20261001-161511-coco-disk-3
2026-10-01 16:15:11  Conditions: medium=cut disc saline=None g/L grounding=unknown fill=None mm temp=None C
2026-10-01 16:15:11  Recording to scans\runs\20261001-161511-coco-disk-3
2026-10-01 16:15:50  [warmup 1/5] 216/216 OK | I med 304.4 uA (209.6-441.5) | R med 0.0032 kohm | dV med 233 LSB
2026-10-01 16:16:29  [warmup 2/5] 216/216 OK | I med 305.5 uA (217.3-440.0) | R med 0.0031 kohm | dV med 238 LSB
2026-10-01 16:17:09  [warmup 3/5] 216/216 OK | I med 307.8 uA (217.7-441.4) | R med 0.0032 kohm | dV med 238 LSB
2026-10-01 16:17:48  [warmup 4/5] 216/216 OK | I med 308.9 uA (218.3-441.9) | R med 0.0031 kohm | dV med 236 LSB
2026-10-01 16:18:28  [warmup 5/5] 216/216 OK | I med 309.9 uA (218.4-443.1) | R med 0.0032 kohm | dV med 240 LSB
2026-10-01 16:19:07  [frame 1] 216/216 OK | I med 310.3 uA (218.8-443.5) | R med 0.0032 kohm | dV med 245 LSB
2026-10-01 16:19:47  [frame 2] 216/216 OK | I med 310.6 uA (219.3-443.8) | R med 0.0031 kohm | dV med 241 LSB
2026-10-01 16:20:26  [frame 3] 216/216 OK | I med 311.1 uA (219.1-444.7) | R med 0.0031 kohm | dV med 241 LSB
2026-10-01 16:21:06  [frame 4] 216/216 OK | I med 311.6 uA (219.5-445.0) | R med 0.0031 kohm | dV med 242 LSB
2026-10-01 16:21:45  [frame 5] 216/216 OK | I med 311.4 uA (219.8-444.8) | R med 0.0031 kohm | dV med 238 LSB
2026-10-01 16:22:25  [frame 6] 216/216 OK | I med 310.6 uA (218.8-445.6) | R med 0.0032 kohm | dV med 237 LSB
2026-10-01 16:23:04  [frame 7] 216/216 OK | I med 311.8 uA (221.0-445.5) | R med 0.0033 kohm | dV med 241 LSB
2026-10-01 16:23:44  [frame 8] 216/216 OK | I med 311.0 uA (218.7-444.8) | R med 0.0032 kohm | dV med 237 LSB
2026-10-01 16:24:23  [frame 9] 216/216 OK | I med 311.4 uA (217.7-446.4) | R med 0.0030 kohm | dV med 236 LSB
2026-10-01 16:25:03  [frame 10] 216/216 OK | I med 311.3 uA (221.4-446.4) | R med 0.0033 kohm | dV med 239 LSB
2026-10-01 16:25:20  No reconstruction: Reciprocity check failed, so no image was made (baseline: median reciprocity error 15.3% exceeds 15%; this run: median reciprocity error 16.6% exceeds 15%). Frames are saved. Fix reciprocity first, or tick the override to image anyway.
2026-10-01 16:25:20  Finished. Run saved to scans\runs\20261001-161511-coco-disk-3
2026-10-01 16:25:20    Frames captured: 10
2026-10-01 16:25:20    Reciprocity: median 16.6%  max 93.0%  sign flips 6/54
2026-10-01 16:25:20    Check electrode contact: E2 35% (all pairs median 17%)
2026-10-01 16:25:20    Noise floor: median pair sd 0.00053 kohm (15.42%)  max 0.00586 kohm over 108 pairs
2026-10-01 16:25:20  Indexed in scans\index.csv
2026-10-01 16:29:21  Baseline cleared; the next run will become the new baseline.
2026-10-01 16:30:35  Connecting to COM12...
2026-10-01 16:30:35  Configuring instrument...

------------------------------------------------------------------------
2026-10-01 16:30:35  Run 20261001-163035-coco-disk-2
2026-10-01 16:30:35  Conditions: medium=cut disc saline=None g/L grounding=unknown fill=None mm temp=None C
2026-10-01 16:30:35  Recording to scans\runs\20261001-163035-coco-disk-2
2026-10-01 16:31:10  [warmup 1/5] 216/216 OK | I med 235.3 uA (74.4-364.4) | R med 0.0051 kohm | dV med 214 LSB
2026-10-01 16:31:45  [warmup 2/5] 216/216 OK | I med 236.7 uA (91.5-367.1) | R med 0.0046 kohm | dV med 219 LSB
2026-10-01 16:32:23  [warmup 3/5] 216/216 OK | I med 236.2 uA (94.2-374.3) | R med 0.0042 kohm | dV med 230 LSB
2026-10-01 16:33:00  [warmup 4/5] 216/216 OK | I med 238.9 uA (92.5-383.0) | R med 0.0044 kohm | dV med 233 LSB
2026-10-01 16:33:39  [warmup 5/5] 216/216 OK | I med 241.7 uA (96.8-381.6) | R med 0.0048 kohm | dV med 233 LSB
2026-10-01 16:34:17  [frame 1] 216/216 OK | I med 243.7 uA (98.2-385.4) | R med 0.0048 kohm | dV med 232 LSB
2026-10-01 16:34:55  [frame 2] 216/216 OK | I med 249.1 uA (98.1-393.3) | R med 0.0042 kohm | dV med 240 LSB
2026-10-01 16:35:33  [frame 3] 216/216 OK | I med 250.3 uA (99.8-401.4) | R med 0.0040 kohm | dV med 240 LSB
2026-10-01 16:36:12  [frame 4] 216/216 OK | I med 251.1 uA (102.3-395.9) | R med 0.0044 kohm | dV med 243 LSB
2026-10-01 16:36:50  [frame 5] 216/216 OK | I med 254.6 uA (103.9-410.8) | R med 0.0046 kohm | dV med 254 LSB
2026-10-01 16:37:28  [frame 6] 216/216 OK | I med 254.2 uA (105.5-413.8) | R med 0.0047 kohm | dV med 251 LSB
2026-10-01 16:38:07  [frame 7] 216/216 OK | I med 255.6 uA (105.4-415.1) | R med 0.0048 kohm | dV med 254 LSB
2026-10-01 16:38:45  [frame 8] 216/216 OK | I med 256.2 uA (105.9-417.5) | R med 0.0048 kohm | dV med 258 LSB
2026-10-01 16:39:23  [frame 9] 216/216 OK | I med 257.5 uA (105.3-421.1) | R med 0.0049 kohm | dV med 254 LSB
2026-10-01 16:40:02  [frame 10] 216/216 OK | I med 258.1 uA (106.0-421.5) | R med 0.0051 kohm | dV med 258 LSB
2026-10-01 16:40:23  No reconstruction: This run is the session baseline; it has nothing to differ from.
2026-10-01 16:40:24  Baseline control image saved to scans\runs\20261001-163035-coco-disk-2\control.png
2026-10-01 16:40:24  This run is now the session baseline (20261001-163035-coco-disk-2).
2026-10-01 16:40:24  Finished. Run saved to scans\runs\20261001-163035-coco-disk-2
2026-10-01 16:40:24    Frames captured: 10
2026-10-01 16:40:24    Reciprocity: median 32.3%  max 95.0%  sign flips 10/54
2026-10-01 16:40:24    Noise floor: median pair sd 0.00087 kohm (20.31%)  max 0.01521 kohm over 108 pairs
2026-10-01 16:40:24  Indexed in scans\index.csv
2026-10-01 16:41:49  Connecting to COM12...
2026-10-01 16:41:49  Configuring instrument...

------------------------------------------------------------------------
2026-10-01 16:41:49  Run 20261001-164149-coco-disk-2
2026-10-01 16:41:49  Conditions: medium=cut disc saline=None g/L grounding=unknown fill=None mm temp=None C
2026-10-01 16:41:49  Recording to scans\runs\20261001-164149-coco-disk-2
2026-10-01 16:42:25  [warmup 1/5] 216/216 OK | I med 220.1 uA (153.5-1023.0) | R med 0.0051 kohm | dV med 254 LSB
2026-10-01 16:43:02  [warmup 2/5] 216/216 OK | I med 210.1 uA (92.5-348.7) | R med 0.0052 kohm | dV med 198 LSB
2026-10-01 16:43:39  [warmup 3/5] 216/216 OK | I med 208.9 uA (89.5-349.5) | R med 0.0052 kohm | dV med 205 LSB
2026-10-01 16:44:17  [warmup 4/5] 216/216 OK | I med 208.8 uA (87.4-348.5) | R med 0.0052 kohm | dV med 205 LSB
2026-10-01 16:44:54  [warmup 5/5] 216/216 OK | I med 209.7 uA (86.5-348.2) | R med 0.0048 kohm | dV med 211 LSB
2026-10-01 16:45:32  [frame 1] 216/216 OK | I med 209.7 uA (84.8-349.9) | R med 0.0045 kohm | dV med 206 LSB
2026-10-01 16:46:10  [frame 2] 216/216 OK | I med 212.6 uA (83.8-348.2) | R med 0.0044 kohm | dV med 214 LSB
2026-10-01 16:46:49  [frame 3] 216/216 OK | I med 211.6 uA (86.8-353.5) | R med 0.0053 kohm | dV med 208 LSB
2026-10-01 16:47:27  [frame 4] 216/216 OK | I med 212.3 uA (85.9-353.8) | R med 0.0053 kohm | dV med 205 LSB
2026-10-01 16:48:05  [frame 5] 216/216 OK | I med 213.6 uA (85.5-349.5) | R med 0.0049 kohm | dV med 220 LSB
2026-10-01 16:48:43  [frame 6] 216/216 OK | I med 212.4 uA (84.3-351.8) | R med 0.0052 kohm | dV med 212 LSB
2026-10-01 16:49:21  [frame 7] 216/216 OK | I med 212.6 uA (81.6-350.8) | R med 0.0042 kohm | dV med 211 LSB
2026-10-01 16:49:58  [frame 8] 216/216 OK | I med 211.8 uA (84.4-349.6) | R med 0.0049 kohm | dV med 200 LSB
2026-10-01 16:50:36  [frame 9] 216/216 OK | I med 210.5 uA (84.5-346.5) | R med 0.0048 kohm | dV med 206 LSB
2026-10-01 16:51:13  [frame 10] 216/216 OK | I med 209.8 uA (83.1-349.2) | R med 0.0047 kohm | dV med 206 LSB
2026-10-01 16:51:30  No reconstruction: Reciprocity check failed, so no image was made (baseline: median reciprocity error 32.3% exceeds 15%; this run: median reciprocity error 31.1% exceeds 15%). Frames are saved. Fix reciprocity first, or tick the override to image anyway.
2026-10-01 16:51:30  Finished. Run saved to scans\runs\20261001-164149-coco-disk-2
2026-10-01 16:51:30    Frames captured: 10
2026-10-01 16:51:30    Reciprocity: median 31.1%  max 97.0%  sign flips 11/54
2026-10-01 16:51:30    Noise floor: median pair sd 0.00123 kohm (23.72%)  max 0.01815 kohm over 108 pairs
2026-10-01 16:51:30  Indexed in scans\index.csv
2026-10-01 16:55:13  Baseline cleared; the next run will become the new baseline.
2026-10-01 16:59:37  Connecting to COM12...
2026-10-01 16:59:37  Configuring instrument...

------------------------------------------------------------------------
2026-10-01 16:59:37  Run 20261001-165937-coco-disk-5
2026-10-01 16:59:37  Conditions: medium=cut disc saline=None g/L grounding=unknown fill=None mm temp=None C
2026-10-01 16:59:37  Recording to scans\runs\20261001-165937-coco-disk-5
2026-10-01 17:00:12  [warmup 1/5] 180/216 OK | I med 419.9 uA (0.0-546.4) | R med 0.0044 kohm | dV med 326 LSB | flags I_LOWx36
2026-10-01 17:00:47  [warmup 2/5] 180/216 OK | I med 409.2 uA (0.0-539.5) | R med 0.0043 kohm | dV med 299 LSB | flags I_LOWx36
2026-10-01 17:01:21  [warmup 3/5] 180/216 OK | I med 426.9 uA (0.0-554.3) | R med 0.0042 kohm | dV med 301 LSB | flags I_LOWx36
2026-10-01 17:01:56  [warmup 4/5] 180/216 OK | I med 297.2 uA (0.0-1163.6) | R med 0.0045 kohm | dV med 326 LSB | flags I_LOWx36
2026-10-01 17:02:31  [warmup 5/5] 180/216 OK | I med 289.1 uA (0.0-420.2) | R med 0.0048 kohm | dV med 218 LSB | flags I_LOWx36
2026-10-01 17:03:06  [frame 1] 180/216 OK | I med 288.2 uA (0.0-410.1) | R med 0.0045 kohm | dV med 229 LSB | flags I_LOWx36
2026-10-01 17:03:41  [frame 2] 180/216 OK | I med 287.3 uA (0.0-406.8) | R med 0.0047 kohm | dV med 213 LSB | flags I_LOWx36
2026-10-01 17:04:15  [frame 3] 180/216 OK | I med 284.7 uA (0.0-404.0) | R med 0.0050 kohm | dV med 197 LSB | flags I_LOWx36
2026-10-01 17:04:50  [frame 4] 180/216 OK | I med 285.0 uA (0.0-402.9) | R med 0.0050 kohm | dV med 202 LSB | flags I_LOWx36
2026-10-01 17:05:25  [frame 5] 180/216 OK | I med 285.3 uA (0.0-402.5) | R med 0.0048 kohm | dV med 219 LSB | flags I_LOWx36
2026-10-01 17:06:01  [frame 6] 180/216 OK | I med 284.8 uA (0.0-410.7) | R med 0.0050 kohm | dV med 223 LSB | flags I_LOWx36
2026-10-01 17:06:23  Stopping after the frame in flight...
2026-10-01 17:06:37  [frame 7] 162/216 OK | I med 222.5 uA (0.0-412.0) | R med 0.0080 kohm | dV med 340 LSB | flags I_LOWx54
2026-10-01 17:06:57  Cancelled after 7 frame(s); the run is kept.
2026-10-01 17:06:57  No reconstruction: This run is the session baseline; it has nothing to differ from.
2026-10-01 17:06:58  Baseline control image saved to scans\runs\20261001-165937-coco-disk-5\control.png
2026-10-01 17:06:58  This run is now the session baseline (20261001-165937-coco-disk-5).
2026-10-01 17:06:58  Finished. Run saved to scans\runs\20261001-165937-coco-disk-5
2026-10-01 17:06:58    Frames captured: 7
2026-10-01 17:06:58    Reciprocity: median 55.3%  max 99.5%  sign flips 11/36
2026-10-01 17:06:58    Noise floor: median pair sd 0.00074 kohm (17.51%)  max 4.83960 kohm over 90 pairs
2026-10-01 17:06:58  Indexed in scans\index.csv
2026-10-01 17:09:59  Baseline cleared; the next run will become the new baseline.
2026-10-01 17:10:06  Connecting to COM12...
2026-10-01 17:10:06  Configuring instrument...

------------------------------------------------------------------------
2026-10-01 17:10:06  Run 20261001-171006-coco-disk-5
2026-10-01 17:10:06  Conditions: medium=cut disc saline=None g/L grounding=unknown fill=None mm temp=None C
2026-10-01 17:10:06  Recording to scans\runs\20261001-171006-coco-disk-5
2026-10-01 17:10:41  [warmup 1/5] 216/216 OK | I med 241.4 uA (138.0-336.3) | R med 0.0029 kohm | dV med 131 LSB
2026-10-01 17:11:16  [warmup 2/5] 216/216 OK | I med 239.7 uA (122.2-338.6) | R med 0.0025 kohm | dV med 127 LSB
2026-10-01 17:11:51  [warmup 3/5] 216/216 OK | I med 238.3 uA (120.7-338.4) | R med 0.0026 kohm | dV med 127 LSB
2026-10-01 17:12:26  [warmup 4/5] 216/216 OK | I med 237.8 uA (116.5-337.9) | R med 0.0024 kohm | dV med 121 LSB
2026-10-01 17:13:00  [warmup 5/5] 216/216 OK | I med 235.7 uA (116.2-337.6) | R med 0.0025 kohm | dV med 125 LSB
2026-10-01 17:13:35  [frame 1] 216/216 OK | I med 235.9 uA (114.4-337.9) | R med 0.0026 kohm | dV med 124 LSB
2026-10-01 17:14:10  [frame 2] 216/216 OK | I med 237.2 uA (114.1-337.0) | R med 0.0024 kohm | dV med 123 LSB
2026-10-01 17:15:12  [frame 3] 216/216 OK | I med 235.8 uA (114.1-337.2) | R med 0.0026 kohm | dV med 121 LSB
2026-10-01 17:16:13  [frame 4] 216/216 OK | I med 235.1 uA (113.5-336.7) | R med 0.0027 kohm | dV med 122 LSB
2026-10-01 17:16:47  [frame 5] 216/216 OK | I med 233.9 uA (113.6-336.0) | R med 0.0027 kohm | dV med 125 LSB
2026-10-01 17:17:05  [frame 6] 216/216 OK | I med 234.2 uA (112.2-336.1) | R med 0.0026 kohm | dV med 122 LSB
2026-10-01 17:17:25  [frame 7] 216/216 OK | I med 234.0 uA (112.3-335.5) | R med 0.0026 kohm | dV med 119 LSB
2026-10-01 17:17:56  [frame 8] 216/216 OK | I med 234.4 uA (112.3-335.5) | R med 0.0027 kohm | dV med 121 LSB
2026-10-01 17:18:31  [frame 9] 216/216 OK | I med 234.6 uA (112.4-336.3) | R med 0.0028 kohm | dV med 123 LSB
2026-10-01 17:19:06  [frame 10] 216/216 OK | I med 234.8 uA (111.7-335.3) | R med 0.0028 kohm | dV med 124 LSB
2026-10-01 17:19:25  No reconstruction: This run is the session baseline; it has nothing to differ from.
2026-10-01 17:19:26  Baseline control image saved to scans\runs\20261001-171006-coco-disk-5\control.png
2026-10-01 17:19:26  This run is now the session baseline (20261001-171006-coco-disk-5).
2026-10-01 17:19:26  Finished. Run saved to scans\runs\20261001-171006-coco-disk-5
2026-10-01 17:19:26    Frames captured: 10
2026-10-01 17:19:26    Reciprocity: median 24.9%  max 95.7%  sign flips 9/54
2026-10-01 17:19:26    Check electrode contact: E2 66% (all pairs median 25%)
2026-10-01 17:19:26    Noise floor: median pair sd 0.00018 kohm (6.67%)  max 0.00423 kohm over 108 pairs
2026-10-01 17:19:26  Indexed in scans\index.csv
2026-10-01 17:19:31  Connecting to COM12...
2026-10-01 17:19:31  Configuring instrument...

------------------------------------------------------------------------
2026-10-01 17:19:31  Run 20261001-171931-coco-disk-5
2026-10-01 17:19:31  Conditions: medium=cut disc saline=None g/L grounding=unknown fill=None mm temp=None C
2026-10-01 17:19:31  Recording to scans\runs\20261001-171931-coco-disk-5
2026-10-01 17:20:06  [warmup 1/5] 216/216 OK | I med 233.4 uA (111.9-334.0) | R med 0.0030 kohm | dV med 125 LSB
2026-10-01 17:20:41  [warmup 2/5] 216/216 OK | I med 234.4 uA (111.3-335.3) | R med 0.0027 kohm | dV med 121 LSB
2026-10-01 17:21:15  [warmup 3/5] 216/216 OK | I med 234.4 uA (111.4-335.1) | R med 0.0027 kohm | dV med 121 LSB
2026-10-01 17:21:50  [warmup 4/5] 216/216 OK | I med 233.9 uA (111.1-335.0) | R med 0.0029 kohm | dV med 119 LSB
2026-10-01 17:22:25  [warmup 5/5] 216/216 OK | I med 235.1 uA (111.6-334.7) | R med 0.0027 kohm | dV med 122 LSB
2026-10-01 17:23:00  [frame 1] 216/216 OK | I med 234.8 uA (111.8-335.3) | R med 0.0027 kohm | dV med 122 LSB
2026-10-01 17:23:35  [frame 2] 216/216 OK | I med 234.4 uA (112.5-335.4) | R med 0.0027 kohm | dV med 122 LSB
2026-10-01 17:24:31  [frame 3] 216/216 OK | I med 234.3 uA (113.0-335.2) | R med 0.0026 kohm | dV med 118 LSB
2026-10-01 17:25:28  [frame 4] 216/216 OK | I med 234.7 uA (112.7-334.9) | R med 0.0029 kohm | dV med 121 LSB
2026-10-01 17:26:23  [frame 5] 216/216 OK | I med 234.8 uA (113.1-334.5) | R med 0.0029 kohm | dV med 122 LSB
2026-10-01 17:27:22  [frame 6] 216/216 OK | I med 234.7 uA (111.8-334.7) | R med 0.0029 kohm | dV med 122 LSB
2026-10-01 17:27:45  [frame 7] 216/216 OK | I med 235.0 uA (112.2-335.3) | R med 0.0030 kohm | dV med 120 LSB
2026-10-01 17:28:04  [frame 8] 216/216 OK | I med 234.6 uA (112.3-333.5) | R med 0.0029 kohm | dV med 124 LSB
2026-10-01 17:28:23  [frame 9] 216/216 OK | I med 234.0 uA (112.1-332.9) | R med 0.0029 kohm | dV med 120 LSB
2026-10-01 17:28:42  [frame 10] 216/216 OK | I med 233.9 uA (112.2-332.6) | R med 0.0030 kohm | dV med 122 LSB
2026-10-01 17:28:58  No reconstruction: Reciprocity check failed, so no image was made (baseline: median reciprocity error 24.9% exceeds 15%; this run: median reciprocity error 34.2% exceeds 15%). Frames are saved. Fix reciprocity first, or tick the override to image anyway.
2026-10-01 17:28:58  Finished. Run saved to scans\runs\20261001-171931-coco-disk-5
2026-10-01 17:28:58    Frames captured: 10
2026-10-01 17:28:58    Reciprocity: median 34.2%  max 95.9%  sign flips 12/54
2026-10-01 17:28:58    Noise floor: median pair sd 0.00015 kohm (4.76%)  max 0.00187 kohm over 108 pairs
2026-10-01 17:28:58  Indexed in scans\index.csv
2026-10-01 17:36:56  Baseline cleared; the next run will become the new baseline.
2026-10-01 17:36:58  Connecting to COM12...
2026-10-01 17:36:58  Configuring instrument...

------------------------------------------------------------------------
2026-10-01 17:36:58  Run 20261001-173658-coco-disk-06
2026-10-01 17:36:58  Conditions: medium=cut disc saline=None g/L grounding=unknown fill=None mm temp=None C
2026-10-01 17:36:58  Recording to scans\runs\20261001-173658-coco-disk-06
2026-10-01 17:37:33  [warmup 1/5] 216/216 OK | I med 390.9 uA (282.9-430.2) | R med 0.0036 kohm | dV med 320 LSB
2026-10-01 17:38:08  [warmup 2/5] 216/216 OK | I med 390.9 uA (283.8-429.7) | R med 0.0037 kohm | dV med 318 LSB
2026-10-01 17:38:43  [warmup 3/5] 216/216 OK | I med 390.3 uA (283.5-429.4) | R med 0.0037 kohm | dV med 316 LSB
2026-10-01 17:39:17  [warmup 4/5] 216/216 OK | I med 381.1 uA (25.7-420.8) | R med 0.0039 kohm | dV med 314 LSB
2026-10-01 17:39:52  [warmup 5/5] 216/216 OK | I med 385.6 uA (275.7-419.5) | R med 0.0034 kohm | dV med 318 LSB
2026-10-01 17:40:27  [frame 1] 216/216 OK | I med 387.0 uA (274.1-419.0) | R med 0.0035 kohm | dV med 314 LSB
2026-10-01 17:41:02  [frame 2] 216/216 OK | I med 385.8 uA (273.5-417.6) | R med 0.0034 kohm | dV med 314 LSB
2026-10-01 17:41:37  [frame 3] 216/216 OK | I med 385.1 uA (273.2-416.2) | R med 0.0034 kohm | dV med 313 LSB
2026-10-01 17:42:11  [frame 4] 216/216 OK | I med 383.9 uA (271.8-415.2) | R med 0.0034 kohm | dV med 313 LSB
2026-10-01 17:42:46  [frame 5] 216/216 OK | I med 382.9 uA (271.8-414.1) | R med 0.0034 kohm | dV med 313 LSB
2026-10-01 17:43:21  [frame 6] 216/216 OK | I med 382.7 uA (272.7-414.2) | R med 0.0034 kohm | dV med 313 LSB
2026-10-01 17:43:56  [frame 7] 216/216 OK | I med 382.6 uA (274.7-414.0) | R med 0.0034 kohm | dV med 313 LSB
2026-10-01 17:44:30  [frame 8] 216/216 OK | I med 382.6 uA (273.8-413.7) | R med 0.0034 kohm | dV med 313 LSB
2026-10-01 17:45:05  [frame 9] 216/216 OK | I med 382.4 uA (273.6-412.9) | R med 0.0034 kohm | dV med 313 LSB
2026-10-01 17:45:40  [frame 10] 216/216 OK | I med 381.3 uA (274.0-417.0) | R med 0.0034 kohm | dV med 312 LSB
2026-10-01 17:45:40  No reconstruction: This run is the session baseline; it has nothing to differ from.
2026-10-01 17:45:42  Baseline control image saved to scans\runs\20261001-173658-coco-disk-06\control.png
2026-10-01 17:45:42  This run is now the session baseline (20261001-173658-coco-disk-06).
2026-10-01 17:45:42  Finished. Run saved to scans\runs\20261001-173658-coco-disk-06
2026-10-01 17:45:42    Frames captured: 10
2026-10-01 17:45:42    Reciprocity: median 12.7%  max 90.7%  sign flips 4/54
2026-10-01 17:45:42    Check electrode contact: E4 31%, E3 27% (all pairs median 13%)
2026-10-01 17:45:42    Noise floor: median pair sd 0.00007 kohm (1.92%)  max 0.00068 kohm over 108 pairs
2026-10-01 17:45:42  Indexed in scans\index.csv
2026-10-01 17:48:48  Connecting to COM12...
2026-10-01 17:48:48  Configuring instrument...

------------------------------------------------------------------------
2026-10-01 17:48:49  Run 20261001-174848-coco-disk-06
2026-10-01 17:48:49  Conditions: medium=cut disc saline=None g/L grounding=unknown fill=None mm temp=None C
2026-10-01 17:48:49  Recording to scans\runs\20261001-174848-coco-disk-06
2026-10-01 17:49:23  [warmup 1/5] 216/216 OK | I med 374.6 uA (275.3-412.8) | R med 0.0033 kohm | dV med 311 LSB
2026-10-01 17:49:58  [warmup 2/5] 216/216 OK | I med 377.4 uA (276.5-414.5) | R med 0.0034 kohm | dV med 315 LSB
2026-10-01 17:50:33  [warmup 3/5] 216/216 OK | I med 378.0 uA (274.8-415.1) | R med 0.0034 kohm | dV med 311 LSB
2026-10-01 17:51:08  [warmup 4/5] 216/216 OK | I med 377.5 uA (274.7-413.8) | R med 0.0033 kohm | dV med 316 LSB
2026-10-01 17:51:42  [warmup 5/5] 216/216 OK | I med 377.6 uA (274.4-413.7) | R med 0.0034 kohm | dV med 312 LSB
2026-10-01 17:52:17  [frame 1] 216/216 OK | I med 377.9 uA (274.8-413.9) | R med 0.0034 kohm | dV med 310 LSB
2026-10-01 17:52:52  [frame 2] 216/216 OK | I med 378.2 uA (274.4-414.2) | R med 0.0034 kohm | dV med 310 LSB
2026-10-01 17:53:27  [frame 3] 216/216 OK | I med 378.3 uA (274.4-413.7) | R med 0.0034 kohm | dV med 313 LSB
2026-10-01 17:54:02  [frame 4] 216/216 OK | I med 378.4 uA (274.6-413.9) | R med 0.0034 kohm | dV med 315 LSB
2026-10-01 17:54:36  [frame 5] 216/216 OK | I med 378.5 uA (275.1-413.8) | R med 0.0034 kohm | dV med 313 LSB
2026-10-01 17:55:11  [frame 6] 216/216 OK | I med 378.3 uA (274.9-413.8) | R med 0.0035 kohm | dV med 313 LSB
2026-10-01 17:55:46  [frame 7] 216/216 OK | I med 378.7 uA (275.9-413.0) | R med 0.0034 kohm | dV med 313 LSB
2026-10-01 17:56:21  [frame 8] 216/216 OK | I med 378.5 uA (275.6-413.3) | R med 0.0034 kohm | dV med 318 LSB
2026-10-01 17:56:56  [frame 9] 216/216 OK | I med 378.4 uA (275.8-413.7) | R med 0.0034 kohm | dV med 314 LSB
2026-10-01 17:57:30  [frame 10] 216/216 OK | I med 378.2 uA (275.8-412.9) | R med 0.0034 kohm | dV med 311 LSB
2026-10-01 17:57:33  Reconstruction: Peak -1.824e-02 at 293 deg  |  pairs 108/108 [ok]  |  1.7x noise - INDISTINGUISHABLE FROM NOISE
2026-10-01 17:57:33  Finished. Run saved to scans\runs\20261001-174848-coco-disk-06
2026-10-01 17:57:33    Frames captured: 10
2026-10-01 17:57:33    Reciprocity: median 10.5%  max 99.2%  sign flips 3/54
2026-10-01 17:57:33    Check electrode contact: E3 21% (all pairs median 11%)
2026-10-01 17:57:33    Noise floor: median pair sd 0.00004 kohm (1.13%)  max 0.00043 kohm over 108 pairs
2026-10-01 17:57:33  Indexed in scans\index.csv
2026-10-01 18:04:26  Baseline cleared; the next run will become the new baseline.
2026-10-01 18:04:29  Connecting to COM12...
2026-10-01 18:04:29  Configuring instrument...

------------------------------------------------------------------------
2026-10-01 18:04:29  Run 20261001-180429-coco-disk-07
2026-10-01 18:04:29  Conditions: medium=cut disc saline=None g/L grounding=unknown fill=None mm temp=None C
2026-10-01 18:04:29  Recording to scans\runs\20261001-180429-coco-disk-07
2026-10-01 18:05:04  [warmup 1/5] 216/216 OK | I med 332.6 uA (194.2-413.5) | R med 0.0026 kohm | dV med 165 LSB
2026-10-01 18:05:39  [warmup 2/5] 216/216 OK | I med 338.9 uA (184.6-413.3) | R med 0.0026 kohm | dV med 161 LSB
2026-10-01 18:06:13  [warmup 3/5] 216/216 OK | I med 340.8 uA (181.7-414.1) | R med 0.0030 kohm | dV med 162 LSB
2026-10-01 18:06:48  [warmup 4/5] 216/216 OK | I med 341.7 uA (183.2-414.8) | R med 0.0030 kohm | dV med 161 LSB
2026-10-01 18:07:23  [warmup 5/5] 216/216 OK | I med 342.5 uA (189.0-415.2) | R med 0.0030 kohm | dV med 157 LSB
2026-10-01 18:07:58  [frame 1] 216/216 OK | I med 343.4 uA (196.7-414.6) | R med 0.0032 kohm | dV med 162 LSB
2026-10-01 18:08:33  [frame 2] 216/216 OK | I med 343.0 uA (197.7-414.2) | R med 0.0031 kohm | dV med 161 LSB
2026-10-01 18:09:07  [frame 3] 216/216 OK | I med 342.9 uA (194.5-413.7) | R med 0.0030 kohm | dV med 161 LSB
2026-10-01 18:09:42  [frame 4] 216/216 OK | I med 343.4 uA (190.9-413.2) | R med 0.0029 kohm | dV med 160 LSB
2026-10-01 18:10:17  [frame 5] 216/216 OK | I med 342.9 uA (191.8-413.0) | R med 0.0029 kohm | dV med 162 LSB
2026-10-01 18:10:52  [frame 6] 216/216 OK | I med 343.1 uA (190.7-412.7) | R med 0.0028 kohm | dV med 159 LSB
2026-10-01 18:11:26  [frame 7] 216/216 OK | I med 340.2 uA (188.8-411.7) | R med 0.0028 kohm | dV med 161 LSB
2026-10-01 18:12:01  [frame 8] 216/216 OK | I med 341.9 uA (184.7-411.4) | R med 0.0027 kohm | dV med 159 LSB
2026-10-01 18:12:36  [frame 9] 216/216 OK | I med 342.0 uA (180.6-410.6) | R med 0.0029 kohm | dV med 157 LSB
2026-10-01 18:13:11  [frame 10] 216/216 OK | I med 341.6 uA (171.7-410.0) | R med 0.0026 kohm | dV med 157 LSB
2026-10-01 18:13:11  No reconstruction: This run is the session baseline; it has nothing to differ from.
2026-10-01 18:13:14  Baseline control image saved to scans\runs\20261001-180429-coco-disk-07\control.png
2026-10-01 18:13:14  This run is now the session baseline (20261001-180429-coco-disk-07).
2026-10-01 18:13:14  Finished. Run saved to scans\runs\20261001-180429-coco-disk-07
2026-10-01 18:13:14    Frames captured: 10
2026-10-01 18:13:14    Reciprocity: median 39.2%  max 97.3%  sign flips 13/54
2026-10-01 18:13:14    Noise floor: median pair sd 0.00024 kohm (7.20%)  max 0.00481 kohm over 108 pairs
2026-10-01 18:13:14  Indexed in scans\index.csv
2026-10-01 18:31:34  Connecting to COM12...
2026-10-01 18:31:34  Configuring instrument...

------------------------------------------------------------------------
2026-10-01 18:31:34  Run 20261001-183134-coco-disk-07
2026-10-01 18:31:34  Conditions: medium=cut disc saline=None g/L grounding=unknown fill=None mm temp=None C
2026-10-01 18:31:34  Recording to scans\runs\20261001-183134-coco-disk-07
2026-10-01 18:32:09  [warmup 1/5] 216/216 OK | I med 321.9 uA (178.9-386.3) | R med 0.0029 kohm | dV med 152 LSB
2026-10-01 18:32:43  [warmup 2/5] 216/216 OK | I med 329.4 uA (172.1-391.1) | R med 0.0026 kohm | dV med 154 LSB
2026-10-01 18:33:18  [warmup 3/5] 216/216 OK | I med 330.6 uA (171.8-393.4) | R med 0.0026 kohm | dV med 153 LSB
2026-10-01 18:33:53  [warmup 4/5] 216/216 OK | I med 329.1 uA (168.5-395.2) | R med 0.0026 kohm | dV med 154 LSB
2026-10-01 18:34:28  [warmup 5/5] 216/216 OK | I med 329.1 uA (167.1-395.3) | R med 0.0026 kohm | dV med 151 LSB
2026-10-01 18:35:03  [frame 1] 216/216 OK | I med 329.6 uA (166.2-396.5) | R med 0.0026 kohm | dV med 154 LSB
2026-10-01 18:35:37  [frame 2] 216/216 OK | I med 330.2 uA (163.3-396.5) | R med 0.0025 kohm | dV med 155 LSB
2026-10-01 18:36:12  [frame 3] 216/216 OK | I med 330.6 uA (158.7-396.8) | R med 0.0025 kohm | dV med 154 LSB
2026-10-01 18:36:47  [frame 4] 216/216 OK | I med 330.6 uA (160.0-397.0) | R med 0.0025 kohm | dV med 154 LSB
2026-10-01 18:37:22  [frame 5] 216/216 OK | I med 330.6 uA (160.6-397.2) | R med 0.0026 kohm | dV med 152 LSB
2026-10-01 18:37:57  [frame 6] 216/216 OK | I med 330.8 uA (156.5-396.5) | R med 0.0026 kohm | dV med 155 LSB
2026-10-01 18:38:31  [frame 7] 216/216 OK | I med 331.0 uA (155.7-396.6) | R med 0.0025 kohm | dV med 155 LSB
2026-10-01 18:39:06  [frame 8] 216/216 OK | I med 331.1 uA (153.3-396.5) | R med 0.0025 kohm | dV med 153 LSB
2026-10-01 18:39:41  [frame 9] 216/216 OK | I med 331.0 uA (154.4-396.6) | R med 0.0025 kohm | dV med 154 LSB
2026-10-01 18:40:16  [frame 10] 216/216 OK | I med 331.1 uA (152.9-396.7) | R med 0.0026 kohm | dV med 154 LSB
2026-10-01 18:40:16  No reconstruction: Reciprocity check failed, so no image was made (baseline: median reciprocity error 39.2% exceeds 15%; this run: median reciprocity error 44.6% exceeds 15%). Frames are saved. Fix reciprocity first, or tick the override to image anyway.
2026-10-01 18:40:16  Finished. Run saved to scans\runs\20261001-183134-coco-disk-07
2026-10-01 18:40:16    Frames captured: 10
2026-10-01 18:40:16    Reciprocity: median 44.6%  max 97.6%  sign flips 12/54
2026-10-01 18:40:16    Noise floor: median pair sd 0.00015 kohm (5.49%)  max 0.00273 kohm over 108 pairs
2026-10-01 18:40:16  Indexed in scans\index.csv
2026-10-01 18:50:11  Baseline cleared; the next run will become the new baseline.
2026-10-01 18:50:58  Connecting to COM12...
2026-10-01 18:50:58  Configuring instrument...

------------------------------------------------------------------------
2026-10-01 18:50:58  Run 20261001-185058-coco-disk-07
2026-10-01 18:50:58  Conditions: medium=cut disc saline=None g/L grounding=unknown fill=None mm temp=None C
2026-10-01 18:50:58  Recording to scans\runs\20261001-185058-coco-disk-07
2026-10-01 18:51:33  [warmup 1/5] 216/216 OK | I med 323.1 uA (163.6-413.1) | R med 0.0032 kohm | dV med 156 LSB
2026-10-01 18:52:08  [warmup 2/5] 216/216 OK | I med 327.6 uA (154.8-395.9) | R med 0.0030 kohm | dV med 151 LSB
2026-10-01 18:52:43  [warmup 3/5] 216/216 OK | I med 327.8 uA (151.5-388.3) | R med 0.0029 kohm | dV med 149 LSB
2026-10-01 18:53:17  [warmup 4/5] 216/216 OK | I med 328.6 uA (149.5-388.9) | R med 0.0028 kohm | dV med 150 LSB
2026-10-01 18:53:52  [warmup 5/5] 216/216 OK | I med 328.9 uA (148.9-389.1) | R med 0.0028 kohm | dV med 150 LSB
2026-10-01 18:54:27  [frame 1] 216/216 OK | I med 329.5 uA (147.7-389.6) | R med 0.0026 kohm | dV med 150 LSB
2026-10-01 18:55:02  [frame 2] 216/216 OK | I med 328.7 uA (148.5-389.6) | R med 0.0029 kohm | dV med 153 LSB
2026-10-01 18:55:37  [frame 3] 216/216 OK | I med 328.2 uA (145.7-389.6) | R med 0.0030 kohm | dV med 151 LSB
2026-10-01 18:56:11  [frame 4] 216/216 OK | I med 328.8 uA (144.2-389.9) | R med 0.0028 kohm | dV med 151 LSB
2026-10-01 18:56:46  [frame 5] 216/216 OK | I med 327.7 uA (145.2-389.8) | R med 0.0029 kohm | dV med 148 LSB
2026-10-01 18:57:21  [frame 6] 216/216 OK | I med 327.5 uA (142.7-389.9) | R med 0.0030 kohm | dV med 153 LSB
2026-10-01 18:57:56  [frame 7] 216/216 OK | I med 326.7 uA (143.0-389.6) | R med 0.0030 kohm | dV med 151 LSB
2026-10-01 18:58:31  [frame 8] 216/216 OK | I med 327.7 uA (143.3-389.4) | R med 0.0032 kohm | dV med 152 LSB
2026-10-01 18:59:05  [frame 9] 216/216 OK | I med 327.8 uA (141.9-389.5) | R med 0.0033 kohm | dV med 151 LSB
2026-10-01 18:59:40  [frame 10] 216/216 OK | I med 327.6 uA (144.3-389.2) | R med 0.0032 kohm | dV med 149 LSB
2026-10-01 18:59:40  No reconstruction: This run is the session baseline; it has nothing to differ from.
2026-10-01 18:59:44  Baseline control image saved to scans\runs\20261001-185058-coco-disk-07\control.png
2026-10-01 18:59:44  This run is now the session baseline (20261001-185058-coco-disk-07).
2026-10-01 18:59:44  Finished. Run saved to scans\runs\20261001-185058-coco-disk-07
2026-10-01 18:59:44    Frames captured: 10
2026-10-01 18:59:44    Reciprocity: median 48.4%  max 99.6%  sign flips 14/54
2026-10-01 18:59:44    Noise floor: median pair sd 0.00021 kohm (6.07%)  max 0.00835 kohm over 108 pairs
2026-10-01 18:59:44  Indexed in scans\index.csv
2026-10-01 19:02:26  Connecting to COM12...
2026-10-01 19:02:26  Configuring instrument...

------------------------------------------------------------------------
2026-10-01 19:02:26  Run 20261001-190226-coco-disk-07
2026-10-01 19:02:26  Conditions: medium=cut disc saline=None g/L grounding=unknown fill=None mm temp=None C
2026-10-01 19:02:26  Recording to scans\runs\20261001-190226-coco-disk-07
2026-10-01 19:03:01  [warmup 1/5] 216/216 OK | I med 322.3 uA (151.6-383.8) | R med 0.0031 kohm | dV med 152 LSB
2026-10-01 19:03:35  [warmup 2/5] 216/216 OK | I med 325.1 uA (142.7-385.8) | R med 0.0031 kohm | dV med 149 LSB
2026-10-01 19:04:10  [warmup 3/5] 216/216 OK | I med 326.2 uA (139.8-386.2) | R med 0.0030 kohm | dV med 148 LSB
2026-10-01 19:04:45  [warmup 4/5] 216/216 OK | I med 326.4 uA (140.0-386.8) | R med 0.0029 kohm | dV med 152 LSB
2026-10-01 19:05:20  [warmup 5/5] 216/216 OK | I med 326.6 uA (140.2-387.1) | R med 0.0031 kohm | dV med 150 LSB
2026-10-01 19:05:55  [frame 1] 216/216 OK | I med 326.9 uA (141.0-386.8) | R med 0.0029 kohm | dV med 152 LSB
2026-10-01 19:06:29  [frame 2] 216/216 OK | I med 327.0 uA (139.0-387.1) | R med 0.0029 kohm | dV med 152 LSB
2026-10-01 19:07:04  [frame 3] 216/216 OK | I med 327.3 uA (140.2-387.8) | R med 0.0028 kohm | dV med 150 LSB
2026-10-01 19:07:39  [frame 4] 216/216 OK | I med 327.3 uA (136.8-387.5) | R med 0.0030 kohm | dV med 151 LSB
2026-10-01 19:08:14  [frame 5] 216/216 OK | I med 327.5 uA (136.9-387.2) | R med 0.0029 kohm | dV med 147 LSB
2026-10-01 19:08:48  [frame 6] 216/216 OK | I med 327.2 uA (138.3-387.3) | R med 0.0028 kohm | dV med 152 LSB
2026-10-01 19:09:23  [frame 7] 216/216 OK | I med 327.4 uA (136.7-386.7) | R med 0.0029 kohm | dV med 152 LSB
2026-10-01 19:09:58  [frame 8] 216/216 OK | I med 327.4 uA (138.0-387.4) | R med 0.0029 kohm | dV med 151 LSB
2026-10-01 19:10:33  [frame 9] 216/216 OK | I med 327.1 uA (138.1-387.3) | R med 0.0028 kohm | dV med 154 LSB
2026-10-01 19:11:08  [frame 10] 216/216 OK | I med 327.3 uA (136.5-387.7) | R med 0.0030 kohm | dV med 151 LSB
2026-10-01 19:11:08  No reconstruction: Reciprocity check failed, so no image was made (baseline: median reciprocity error 48.4% exceeds 15%; this run: median reciprocity error 46.0% exceeds 15%). Frames are saved. Fix reciprocity first, or tick the override to image anyway.
2026-10-01 19:11:08  Finished. Run saved to scans\runs\20261001-190226-coco-disk-07
2026-10-01 19:11:08    Frames captured: 10
2026-10-01 19:11:08    Reciprocity: median 46.0%  max 98.6%  sign flips 13/54
2026-10-01 19:11:08    Noise floor: median pair sd 0.00013 kohm (3.50%)  max 0.00344 kohm over 108 pairs
2026-10-01 19:11:08  Indexed in scans\index.csv
2026-10-01 19:21:31  Baseline cleared; the next run will become the new baseline.
2026-10-01 19:21:37  Connecting to COM12...
2026-10-01 19:21:37  Configuring instrument...

------------------------------------------------------------------------
2026-10-01 19:21:37  Run 20261001-192137-coco-disk-08
2026-10-01 19:21:37  Conditions: medium=cut disc saline=None g/L grounding=unknown fill=None mm temp=None C
2026-10-01 19:21:37  Recording to scans\runs\20261001-192137-coco-disk-08
2026-10-01 19:22:11  [warmup 1/5] 198/216 OK | I med 58.3 uA (22.0-247.9) | R med 0.0275 kohm | dV med 100 LSB | flags I_REVERSEDx18
2026-10-01 19:22:46  [warmup 2/5] 198/216 OK | I med 58.3 uA (22.2-248.5) | R med 0.0269 kohm | dV med 100 LSB | flags I_REVERSEDx18
2026-10-01 19:23:21  [warmup 3/5] 198/216 OK | I med 58.5 uA (21.9-248.3) | R med 0.0297 kohm | dV med 101 LSB | flags I_REVERSEDx18
2026-10-01 19:23:56  [warmup 4/5] 198/216 OK | I med 58.4 uA (22.2-248.0) | R med 0.0269 kohm | dV med 99 LSB | flags I_REVERSEDx18
2026-10-01 19:24:31  [warmup 5/5] 198/216 OK | I med 58.4 uA (21.9-247.3) | R med 0.0275 kohm | dV med 99 LSB | flags I_REVERSEDx18
2026-10-01 19:25:05  [frame 1] 198/216 OK | I med 58.8 uA (21.6-247.6) | R med 0.0295 kohm | dV med 102 LSB | flags I_REVERSEDx18
2026-10-01 19:25:40  [frame 2] 198/216 OK | I med 57.9 uA (21.9-247.5) | R med 0.0291 kohm | dV med 99 LSB | flags I_REVERSEDx18
2026-10-01 19:26:15  [frame 3] 198/216 OK | I med 58.6 uA (21.7-246.8) | R med 0.0280 kohm | dV med 102 LSB | flags I_REVERSEDx18
2026-10-01 19:26:50  [frame 4] 198/216 OK | I med 58.7 uA (22.4-246.9) | R med 0.0297 kohm | dV med 102 LSB | flags I_REVERSEDx18
2026-10-01 19:27:24  Stopping after the frame in flight...
2026-10-01 19:27:25  [frame 5] 198/216 OK | I med 58.7 uA (21.9-247.0) | R med 0.0291 kohm | dV med 97 LSB | flags I_REVERSEDx18
2026-10-01 19:28:20  Cancelled after 5 frame(s); the run is kept.
2026-10-01 19:28:20  No reconstruction: This run is the session baseline; it has nothing to differ from.
2026-10-01 19:28:21  Baseline control image saved to scans\runs\20261001-192137-coco-disk-08\control.png
2026-10-01 19:28:21  This run is now the session baseline (20261001-192137-coco-disk-08).
2026-10-01 19:28:21  Finished. Run saved to scans\runs\20261001-192137-coco-disk-08
2026-10-01 19:28:21    Frames captured: 5
2026-10-01 19:28:21    Reciprocity: median 51.0%  max 95.7%  sign flips 11/36
2026-10-01 19:28:21    Noise floor: median pair sd 0.00168 kohm (6.78%)  max 0.21093 kohm over 90 pairs
2026-10-01 19:28:21  Indexed in scans\index.csv
2026-10-01 19:37:03  Baseline cleared; the next run will become the new baseline.
2026-10-01 19:37:06  Connecting to COM12...
2026-10-01 19:37:06  Configuring instrument...

------------------------------------------------------------------------
2026-10-01 19:37:06  Run 20261001-193706-coco-disk-04
2026-10-01 19:37:06  Conditions: medium=cut disc saline=None g/L grounding=unknown fill=None mm temp=None C
2026-10-01 19:37:06  Recording to scans\runs\20261001-193706-coco-disk-04
2026-10-01 19:37:55  [warmup 1/5] 216/216 OK | I med 254.6 uA (135.4-315.3) | R med 0.0045 kohm | dV med 147 LSB
2026-10-01 19:38:44  [warmup 2/5] 216/216 OK | I med 252.6 uA (153.3-316.3) | R med 0.0035 kohm | dV med 148 LSB
2026-10-01 19:39:33  [warmup 3/5] 216/216 OK | I med 247.1 uA (155.6-316.9) | R med 0.0031 kohm | dV med 144 LSB
2026-10-01 19:40:22  [warmup 4/5] 216/216 OK | I med 248.1 uA (153.3-316.1) | R med 0.0029 kohm | dV med 141 LSB
2026-10-01 19:41:11  [warmup 5/5] 216/216 OK | I med 249.3 uA (145.3-316.3) | R med 0.0028 kohm | dV med 149 LSB
2026-10-01 19:42:00  [frame 1] 216/216 OK | I med 250.2 uA (139.7-315.5) | R med 0.0027 kohm | dV med 143 LSB
2026-10-01 19:42:50  [frame 2] 216/216 OK | I med 250.6 uA (134.9-316.5) | R med 0.0027 kohm | dV med 143 LSB
2026-10-01 19:43:39  [frame 3] 216/216 OK | I med 250.5 uA (129.9-315.7) | R med 0.0026 kohm | dV med 147 LSB
2026-10-01 19:44:28  [frame 4] 216/216 OK | I med 251.2 uA (125.4-315.0) | R med 0.0027 kohm | dV med 143 LSB
2026-10-01 19:45:17  [frame 5] 216/216 OK | I med 251.9 uA (123.4-314.6) | R med 0.0028 kohm | dV med 144 LSB
2026-10-01 19:46:06  [frame 6] 216/216 OK | I med 252.7 uA (119.8-314.8) | R med 0.0027 kohm | dV med 145 LSB
2026-10-01 19:46:55  [frame 7] 216/216 OK | I med 253.1 uA (116.7-314.7) | R med 0.0026 kohm | dV med 142 LSB
2026-10-01 19:47:44  [frame 8] 216/216 OK | I med 253.7 uA (116.4-313.6) | R med 0.0026 kohm | dV med 142 LSB
2026-10-01 19:48:33  [frame 9] 216/216 OK | I med 253.6 uA (113.6-313.5) | R med 0.0027 kohm | dV med 142 LSB
2026-10-01 19:49:22  [frame 10] 216/216 OK | I med 253.8 uA (112.0-313.6) | R med 0.0028 kohm | dV med 145 LSB
2026-10-01 19:49:43  No reconstruction: This run is the session baseline; it has nothing to differ from.
2026-10-01 19:49:44  Baseline control image saved to scans\runs\20261001-193706-coco-disk-04\control.png
2026-10-01 19:49:44  This run is now the session baseline (20261001-193706-coco-disk-04).
2026-10-01 19:49:44  Finished. Run saved to scans\runs\20261001-193706-coco-disk-04
2026-10-01 19:49:44    Frames captured: 10
2026-10-01 19:49:44    Reciprocity: median 34.9%  max 99.7%  sign flips 16/54
2026-10-01 19:49:44    Noise floor: median pair sd 0.00029 kohm (8.28%)  max 0.00505 kohm over 108 pairs
2026-10-01 19:49:44  Indexed in scans\index.csv
2026-10-01 19:50:34  Connecting to COM12...
2026-10-01 19:50:34  Configuring instrument...

------------------------------------------------------------------------
2026-10-01 19:50:34  Run 20261001-195034-coco-disk-04
2026-10-01 19:50:34  Conditions: medium=cut disc saline=None g/L grounding=unknown fill=None mm temp=None C
2026-10-01 19:50:34  Recording to scans\runs\20261001-195034-coco-disk-04
2026-10-01 19:51:23  [warmup 1/5] 216/216 OK | I med 252.7 uA (108.5-312.7) | R med 0.0027 kohm | dV med 139 LSB
2026-10-01 19:52:12  [warmup 2/5] 216/216 OK | I med 253.6 uA (108.3-312.6) | R med 0.0028 kohm | dV med 145 LSB
2026-10-01 19:53:01  [warmup 3/5] 216/216 OK | I med 254.1 uA (106.3-312.3) | R med 0.0027 kohm | dV med 144 LSB
2026-10-01 19:53:50  [warmup 4/5] 216/216 OK | I med 254.5 uA (107.5-312.1) | R med 0.0027 kohm | dV med 143 LSB
2026-10-01 19:54:39  [warmup 5/5] 216/216 OK | I med 255.1 uA (107.1-312.0) | R med 0.0027 kohm | dV med 143 LSB
2026-10-01 19:55:28  [frame 1] 216/216 OK | I med 254.8 uA (103.4-311.5) | R med 0.0026 kohm | dV med 143 LSB
2026-10-01 19:56:17  [frame 2] 216/216 OK | I med 254.9 uA (102.9-311.8) | R med 0.0027 kohm | dV med 140 LSB
2026-10-01 19:57:06  [frame 3] 216/216 OK | I med 255.6 uA (102.3-311.3) | R med 0.0028 kohm | dV med 144 LSB
2026-10-01 19:57:55  [frame 4] 216/216 OK | I med 255.1 uA (102.7-311.0) | R med 0.0028 kohm | dV med 144 LSB
2026-10-01 19:58:44  [frame 5] 216/216 OK | I med 255.1 uA (102.6-311.0) | R med 0.0028 kohm | dV med 143 LSB
2026-10-01 19:59:33  [frame 6] 216/216 OK | I med 255.6 uA (100.9-310.6) | R med 0.0027 kohm | dV med 144 LSB
2026-10-01 20:00:22  [frame 7] 216/216 OK | I med 256.1 uA (101.5-310.9) | R med 0.0027 kohm | dV med 142 LSB
2026-10-01 20:01:11  [frame 8] 216/216 OK | I med 255.9 uA (100.8-311.3) | R med 0.0028 kohm | dV med 141 LSB
2026-10-01 20:02:04  [frame 9] 216/216 OK | I med 256.2 uA (100.1-311.0) | R med 0.0027 kohm | dV med 141 LSB
2026-10-01 20:02:55  [frame 10] 216/216 OK | I med 256.5 uA (100.2-311.1) | R med 0.0027 kohm | dV med 142 LSB
2026-10-01 20:03:51  No reconstruction: Reciprocity check failed, so no image was made (baseline: median reciprocity error 34.9% exceeds 15%; this run: median reciprocity error 40.7% exceeds 15%). Frames are saved. Fix reciprocity first, or tick the override to image anyway.
2026-10-01 20:03:51  Finished. Run saved to scans\runs\20261001-195034-coco-disk-04
2026-10-01 20:03:51    Frames captured: 10
2026-10-01 20:03:51    Reciprocity: median 40.7%  max 99.7%  sign flips 17/54
2026-10-01 20:03:51    Noise floor: median pair sd 0.00019 kohm (7.72%)  max 0.00258 kohm over 108 pairs
2026-10-01 20:03:51  Indexed in scans\index.csv
2026-10-01 20:25:22  Connecting to COM12...
2026-10-01 20:25:22  Configuring instrument...

------------------------------------------------------------------------
2026-10-01 20:25:22  Run 20261001-202522-coco-disk-04-opp
2026-10-01 20:25:22  Conditions: medium=cut disc saline=None g/L grounding=unknown fill=None mm temp=None C
2026-10-01 20:25:22  Recording to scans\runs\20261001-202522-coco-disk-04-opp
2026-10-01 20:26:06  [warmup 1/5] 192/192 OK | I med 222.5 uA (134.3-312.2) | R med 0.0143 kohm | dV med 827 LSB
2026-10-01 20:26:49  [warmup 2/5] 192/192 OK | I med 213.1 uA (134.6-313.9) | R med 0.0144 kohm | dV med 815 LSB
2026-10-01 20:27:33  [warmup 3/5] 192/192 OK | I med 213.5 uA (133.6-314.1) | R med 0.0143 kohm | dV med 819 LSB
2026-10-01 20:28:12  Stopping after the frame in flight...
2026-10-01 20:28:13  Baseline cleared; the next run will become the new baseline.
2026-10-01 20:28:17  [warmup 4/5] 192/192 OK | I med 213.4 uA (134.8-314.1) | R med 0.0144 kohm | dV med 820 LSB
2026-10-01 20:28:17  Cancelled after 0 frame(s); the run is kept.
2026-10-01 20:28:17  No reconstruction: No frames were captured.
2026-10-01 20:28:17  Finished. Run saved to scans\runs\20261001-202522-coco-disk-04-opp
2026-10-01 20:28:17    Frames captured: 0
2026-10-01 20:28:17    Reciprocity: no reciprocal pairs captured
2026-10-01 20:28:17    Noise floor: needs at least 2 frames
2026-10-01 20:28:17  Indexed in scans\index.csv
2026-10-01 20:43:39  Connecting to COM12...
2026-10-01 20:43:39  Configuring instrument...

------------------------------------------------------------------------
2026-10-01 20:43:39  Run 20261001-204339-coco-disk-04-opp
2026-10-01 20:43:39  Conditions: medium=cut disc saline=None g/L grounding=unknown fill=None mm temp=None C
2026-10-01 20:43:39  Recording to scans\runs\20261001-204339-coco-disk-04-opp
2026-10-01 20:44:23  [warmup 1/5] 192/192 OK | I med 212.8 uA (128.5-311.2) | R med 0.0148 kohm | dV med 810 LSB
2026-10-01 20:45:07  [warmup 2/5] 192/192 OK | I med 213.4 uA (129.5-312.3) | R med 0.0148 kohm | dV med 813 LSB
2026-10-01 20:45:50  [warmup 3/5] 192/192 OK | I med 213.5 uA (128.7-312.1) | R med 0.0148 kohm | dV med 809 LSB
2026-10-01 20:46:34  [warmup 4/5] 192/192 OK | I med 213.8 uA (129.5-312.0) | R med 0.0149 kohm | dV med 812 LSB
2026-10-01 20:47:17  [warmup 5/5] 192/192 OK | I med 213.5 uA (128.8-313.1) | R med 0.0149 kohm | dV med 812 LSB
2026-10-01 20:48:01  [frame 1] 192/192 OK | I med 213.3 uA (128.8-312.8) | R med 0.0149 kohm | dV med 814 LSB
2026-10-01 20:48:44  [frame 2] 192/192 OK | I med 213.3 uA (129.9-313.1) | R med 0.0149 kohm | dV med 814 LSB
2026-10-01 20:49:28  [frame 3] 192/192 OK | I med 213.2 uA (129.1-313.1) | R med 0.0148 kohm | dV med 813 LSB
2026-10-01 20:50:12  [frame 4] 192/192 OK | I med 213.1 uA (129.2-312.7) | R med 0.0148 kohm | dV med 814 LSB
2026-10-01 20:50:55  [frame 5] 192/192 OK | I med 213.5 uA (129.0-313.0) | R med 0.0148 kohm | dV med 811 LSB
2026-10-01 20:51:39  [frame 6] 192/192 OK | I med 213.8 uA (128.9-313.4) | R med 0.0147 kohm | dV med 807 LSB
2026-10-01 20:52:22  [frame 7] 192/192 OK | I med 213.7 uA (128.4-313.1) | R med 0.0149 kohm | dV med 812 LSB
2026-10-01 20:53:06  [frame 8] 192/192 OK | I med 213.8 uA (129.3-313.2) | R med 0.0148 kohm | dV med 811 LSB
2026-10-01 20:53:50  [frame 9] 192/192 OK | I med 213.2 uA (130.6-313.2) | R med 0.0150 kohm | dV med 808 LSB
2026-10-01 20:54:33  [frame 10] 192/192 OK | I med 213.4 uA (129.4-313.5) | R med 0.0148 kohm | dV med 810 LSB
2026-10-01 20:54:50  No reconstruction: This run is the session baseline; it has nothing to differ from.
2026-10-01 20:54:51  Baseline control image saved to scans\runs\20261001-204339-coco-disk-04-opp\control.png
2026-10-01 20:54:51  This run is now the session baseline (20261001-204339-coco-disk-04-opp).
2026-10-01 20:54:51  Finished. Run saved to scans\runs\20261001-204339-coco-disk-04-opp
2026-10-01 20:54:51    Frames captured: 10
2026-10-01 20:54:51    Reciprocity: no reciprocal pairs captured
2026-10-01 20:54:51    Noise floor: median pair sd 0.00019 kohm (1.24%)  max 0.00157 kohm over 96 pairs
2026-10-01 20:54:51  Indexed in scans\index.csv
2026-10-01 20:55:06  Connecting to COM12...
2026-10-01 20:55:06  Configuring instrument...

------------------------------------------------------------------------
2026-10-01 20:55:06  Run 20261001-205506-coco-disk-04-opp
2026-10-01 20:55:06  Conditions: medium=cut disc saline=None g/L grounding=unknown fill=None mm temp=None C
2026-10-01 20:55:06  Recording to scans\runs\20261001-205506-coco-disk-04-opp
2026-10-01 20:55:50  [warmup 1/5] 192/192 OK | I med 212.5 uA (127.8-313.6) | R med 0.0147 kohm | dV med 811 LSB
2026-10-01 20:56:34  [warmup 2/5] 192/192 OK | I med 213.4 uA (128.8-313.7) | R med 0.0147 kohm | dV med 812 LSB
2026-10-01 20:57:17  [warmup 3/5] 192/192 OK | I med 213.1 uA (128.6-313.7) | R med 0.0148 kohm | dV med 812 LSB
2026-10-01 20:58:01  [warmup 4/5] 192/192 OK | I med 213.2 uA (127.6-313.6) | R med 0.0149 kohm | dV med 813 LSB
2026-10-01 20:58:44  [warmup 5/5] 192/192 OK | I med 213.2 uA (127.0-314.0) | R med 0.0150 kohm | dV med 798 LSB
2026-10-01 20:59:28  [frame 1] 192/192 OK | I med 212.9 uA (126.7-312.9) | R med 0.0150 kohm | dV med 812 LSB
2026-10-01 21:00:11  [frame 2] 192/192 OK | I med 212.5 uA (124.8-313.5) | R med 0.0151 kohm | dV med 815 LSB
2026-10-01 21:00:55  [frame 3] 192/192 OK | I med 212.8 uA (124.1-312.7) | R med 0.0153 kohm | dV med 812 LSB
2026-10-01 21:01:39  [frame 4] 192/192 OK | I med 213.1 uA (123.0-313.1) | R med 0.0151 kohm | dV med 814 LSB
2026-10-01 21:02:22  [frame 5] 192/192 OK | I med 213.0 uA (123.0-312.9) | R med 0.0150 kohm | dV med 830 LSB
2026-10-01 21:03:07  [frame 6] 192/192 OK | I med 212.8 uA (123.1-313.4) | R med 0.0147 kohm | dV med 812 LSB
2026-10-01 21:03:51  [frame 7] 192/192 OK | I med 212.8 uA (122.2-313.7) | R med 0.0148 kohm | dV med 811 LSB
2026-10-01 21:04:34  [frame 8] 192/192 OK | I med 212.9 uA (122.6-313.9) | R med 0.0149 kohm | dV med 810 LSB
2026-10-01 21:05:17  [frame 9] 192/192 OK | I med 212.9 uA (122.3-313.3) | R med 0.0147 kohm | dV med 810 LSB
2026-10-01 21:06:01  [frame 10] 192/192 OK | I med 213.4 uA (122.9-313.9) | R med 0.0149 kohm | dV med 811 LSB
2026-10-01 21:06:43  No reconstruction: Reciprocity check failed, so no image was made (baseline: reciprocity could not be measured (no reciprocal pairs); this run: reciprocity could not be measured (no reciprocal pairs)). Frames are saved. Fix reciprocity first, or tick the override to image anyway.
2026-10-01 21:06:43  Finished. Run saved to scans\runs\20261001-205506-coco-disk-04-opp
2026-10-01 21:06:43    Frames captured: 10
2026-10-01 21:06:43    Reciprocity: no reciprocal pairs captured
2026-10-01 21:06:43    Noise floor: median pair sd 0.00024 kohm (1.52%)  max 0.00147 kohm over 96 pairs
2026-10-01 21:06:43  Indexed in scans\index.csv
2026-10-01 21:17:35  Connecting to COM12...
2026-10-01 21:17:35  Configuring instrument...

------------------------------------------------------------------------
2026-10-01 21:17:35  Run 20261001-211735-coco-disk-04-opp
2026-10-01 21:17:35  Conditions: medium=cut disc saline=None g/L grounding=unknown fill=None mm temp=None C
2026-10-01 21:17:35  Recording to scans\runs\20261001-211735-coco-disk-04-opp
2026-10-01 21:18:19  [warmup 1/5] 192/192 OK | I med 212.3 uA (121.7-310.5) | R med 0.0146 kohm | dV med 808 LSB
2026-10-01 21:19:02  [warmup 2/5] 192/192 OK | I med 213.0 uA (121.4-311.3) | R med 0.0145 kohm | dV med 809 LSB
2026-10-01 21:19:46  [warmup 3/5] 192/192 OK | I med 213.7 uA (122.7-311.3) | R med 0.0145 kohm | dV med 809 LSB
2026-10-01 21:20:30  [warmup 4/5] 192/192 OK | I med 213.7 uA (122.3-311.9) | R med 0.0146 kohm | dV med 810 LSB
2026-10-01 21:21:13  [warmup 5/5] 192/192 OK | I med 213.7 uA (121.3-311.5) | R med 0.0148 kohm | dV med 811 LSB
2026-10-01 21:21:57  [frame 1] 192/192 OK | I med 213.6 uA (120.3-312.8) | R med 0.0148 kohm | dV med 811 LSB
2026-10-01 21:22:40  [frame 2] 192/192 OK | I med 213.9 uA (120.7-312.1) | R med 0.0145 kohm | dV med 809 LSB
2026-10-01 21:23:24  [frame 3] 192/192 OK | I med 213.8 uA (120.8-312.5) | R med 0.0148 kohm | dV med 811 LSB
2026-10-01 21:24:08  [frame 4] 192/192 OK | I med 214.6 uA (120.9-311.9) | R med 0.0146 kohm | dV med 809 LSB
2026-10-01 21:24:51  [frame 5] 192/192 OK | I med 214.6 uA (122.0-311.6) | R med 0.0147 kohm | dV med 810 LSB
2026-10-01 21:25:35  [frame 6] 192/192 OK | I med 214.6 uA (121.7-312.7) | R med 0.0147 kohm | dV med 810 LSB
2026-10-01 21:26:18  [frame 7] 192/192 OK | I med 214.9 uA (121.7-312.0) | R med 0.0146 kohm | dV med 810 LSB
2026-10-01 21:27:02  [frame 8] 192/192 OK | I med 215.0 uA (121.5-312.3) | R med 0.0149 kohm | dV med 815 LSB
2026-10-01 21:27:45  [frame 9] 192/192 OK | I med 215.3 uA (121.5-311.7) | R med 0.0148 kohm | dV med 812 LSB
2026-10-01 21:28:29  [frame 10] 192/192 OK | I med 215.2 uA (121.2-312.0) | R med 0.0147 kohm | dV med 812 LSB
2026-10-01 21:28:29  RECIPROCITY OVERRIDDEN - NOT VALID DATA (baseline: reciprocity could not be measured (no reciprocal pairs); this run: reciprocity could not be measured (no reciprocal pairs))
2026-10-01 21:28:31  Reconstruction: Peak -5.203e-02 at 329 deg  |  pairs 96/96 [ok]  |  3.6x the noise image
2026-10-01 21:28:31  Finished. Run saved to scans\runs\20261001-211735-coco-disk-04-opp
2026-10-01 21:28:31    Frames captured: 10
2026-10-01 21:28:31    Reciprocity: no reciprocal pairs captured
2026-10-01 21:28:31    Noise floor: median pair sd 0.00023 kohm (1.50%)  max 0.00141 kohm over 96 pairs
2026-10-01 21:28:31  Indexed in scans\index.csv

------------------------------------------------------------------------
2026-10-01 22:43:50  Session ended

------------------------------------------------------------------------
2026-10-01 22:44:11  Session started (hardware)
2026-10-01 22:44:11  Scans folder: C:\Users\Vidad\Documents\THESIS-PALAYAIN\scans
2026-10-01 22:44:11  152 scan(s) already recorded here.
2026-10-01 22:44:11  Ready. Settings are saved on exit.
2026-10-01 22:48:16  Baseline loaded from 20261001-204339-coco-disk-04-opp (10 frames, specimen disc-07); remembered as the default.
2026-10-01 22:48:26  Naming warnings: medium must be one of: cut disc, standing tree, resistor belt, saline tank, dummy load (got 'unknown'); specimen ID is empty (e.g. disc-03, coconut-tree-1); the session baseline is from disc-07, this run is . Clear the baseline before scanning a different specimen.
2026-10-01 22:48:38  Naming warnings: medium must be one of: cut disc, standing tree, resistor belt, saline tank, dummy load (got 'unknown'); specimen ID is empty (e.g. disc-03, coconut-tree-1); the session baseline is from disc-07, this run is . Clear the baseline before scanning a different specimen.
2026-10-01 22:48:40  Connecting to COM12...
2026-10-01 22:48:40  Configuring instrument...

------------------------------------------------------------------------
2026-10-01 22:48:40  Run 20261001-224840-coco-disk-08
2026-10-01 22:48:40  Conditions: medium=unknown saline=None g/L grounding=unknown fill=None mm temp=None C
2026-10-01 22:48:40  Recording to scans\runs\20261001-224840-coco-disk-08
2026-10-01 22:49:23  [warmup 1/5] 192/192 OK | I med 307.1 uA (69.7-360.1) | R med 0.0585 kohm | dV med 4027 LSB
2026-10-01 22:50:07  [warmup 2/5] 192/192 OK | I med 310.3 uA (72.3-360.7) | R med 0.0584 kohm | dV med 4050 LSB
2026-10-01 22:50:50  [warmup 3/5] 192/192 OK | I med 310.5 uA (74.1-360.7) | R med 0.0587 kohm | dV med 4054 LSB
2026-10-01 22:51:34  [warmup 4/5] 192/192 OK | I med 309.6 uA (74.7-361.1) | R med 0.0586 kohm | dV med 4053 LSB
2026-10-01 22:52:18  [warmup 5/5] 192/192 OK | I med 309.5 uA (75.1-361.0) | R med 0.0583 kohm | dV med 4056 LSB
2026-10-01 22:53:01  [frame 1] 192/192 OK | I med 309.0 uA (76.0-361.0) | R med 0.0586 kohm | dV med 4055 LSB
2026-10-01 22:53:45  [frame 2] 192/192 OK | I med 308.8 uA (76.8-360.9) | R med 0.0585 kohm | dV med 4051 LSB
2026-10-01 22:54:30  [frame 3] 192/192 OK | I med 308.8 uA (77.0-361.7) | R med 0.0586 kohm | dV med 4056 LSB
2026-10-01 22:55:15  [frame 4] 192/192 OK | I med 308.7 uA (77.3-361.4) | R med 0.0586 kohm | dV med 4057 LSB
2026-10-01 22:55:58  [frame 5] 192/192 OK | I med 308.5 uA (77.5-361.5) | R med 0.0583 kohm | dV med 4052 LSB
2026-10-01 22:56:40  [frame 6] 192/192 OK | I med 308.3 uA (77.3-361.2) | R med 0.0588 kohm | dV med 4052 LSB
2026-10-01 22:57:31  [frame 7] 192/192 OK | I med 308.0 uA (77.6-361.3) | R med 0.0586 kohm | dV med 4054 LSB
2026-10-01 22:58:15  [frame 8] 192/192 OK | I med 308.2 uA (77.6-360.7) | R med 0.0583 kohm | dV med 4050 LSB
2026-10-01 22:59:01  [frame 9] 192/192 OK | I med 308.2 uA (78.2-361.1) | R med 0.0586 kohm | dV med 4049 LSB
2026-10-01 22:59:46  [frame 10] 192/192 OK | I med 308.4 uA (78.2-360.9) | R med 0.0586 kohm | dV med 4050 LSB
2026-10-01 23:00:29  No reconstruction: Reciprocity check failed, so no image was made (baseline: reciprocity could not be measured (no reciprocal pairs); this run: reciprocity could not be measured (no reciprocal pairs)). Frames are saved. Fix reciprocity first, or tick the override to image anyway.
2026-10-01 23:00:29  Finished. Run saved to scans\runs\20261001-224840-coco-disk-08
2026-10-01 23:00:29    Frames captured: 10
2026-10-01 23:00:29    Reciprocity: no reciprocal pairs captured
2026-10-01 23:00:29    Noise floor: median pair sd 0.00009 kohm (0.15%)  max 0.00455 kohm over 96 pairs
2026-10-01 23:00:29  Indexed in scans\index.csv
2026-10-01 23:06:07  Naming warnings: medium must be one of: cut disc, standing tree, resistor belt, saline tank, dummy load (got 'unknown'); specimen ID is empty (e.g. disc-03, coconut-tree-1); the session baseline is from disc-07, this run is . Clear the baseline before scanning a different specimen.
2026-10-01 23:06:09  Connecting to COM12...
2026-10-01 23:06:09  Configuring instrument...

------------------------------------------------------------------------
2026-10-01 23:06:09  Run 20261001-230609-coco-disk-08
2026-10-01 23:06:09  Conditions: medium=unknown saline=None g/L grounding=unknown fill=None mm temp=None C
2026-10-01 23:06:09  Recording to scans\runs\20261001-230609-coco-disk-08
2026-10-01 23:06:52  [warmup 1/5] 192/192 OK | I med 298.6 uA (73.6-359.3) | R med 0.0591 kohm | dV med 4028 LSB
2026-10-01 23:07:36  [warmup 2/5] 192/192 OK | I med 300.6 uA (75.3-359.2) | R med 0.0586 kohm | dV med 4036 LSB
2026-10-01 23:08:19  [warmup 3/5] 192/192 OK | I med 301.6 uA (76.2-359.1) | R med 0.0590 kohm | dV med 4034 LSB
2026-10-01 23:09:03  [warmup 4/5] 192/192 OK | I med 301.9 uA (76.5-359.5) | R med 0.0587 kohm | dV med 4035 LSB
2026-10-01 23:09:47  [warmup 5/5] 192/192 OK | I med 302.8 uA (76.9-359.4) | R med 0.0588 kohm | dV med 4039 LSB
2026-10-01 23:10:30  [frame 1] 192/192 OK | I med 303.2 uA (77.4-359.5) | R med 0.0587 kohm | dV med 4040 LSB
2026-10-01 23:11:14  [frame 2] 192/192 OK | I med 303.3 uA (77.5-359.2) | R med 0.0587 kohm | dV med 4038 LSB
2026-10-01 23:11:57  [frame 3] 192/192 OK | I med 303.5 uA (78.2-359.3) | R med 0.0587 kohm | dV med 4037 LSB
2026-10-01 23:12:41  [frame 4] 192/192 OK | I med 303.7 uA (77.9-359.6) | R med 0.0587 kohm | dV med 4036 LSB
2026-10-01 23:13:25  [frame 5] 192/192 OK | I med 303.8 uA (78.5-359.5) | R med 0.0587 kohm | dV med 4032 LSB
2026-10-01 23:14:08  [frame 6] 192/192 OK | I med 304.3 uA (78.5-359.0) | R med 0.0587 kohm | dV med 4035 LSB
2026-10-01 23:14:52  [frame 7] 192/192 OK | I med 304.2 uA (78.4-359.0) | R med 0.0587 kohm | dV med 4037 LSB
2026-10-01 23:15:35  [frame 8] 192/192 OK | I med 304.3 uA (78.9-359.7) | R med 0.0590 kohm | dV med 4027 LSB
2026-10-01 23:16:19  [frame 9] 192/192 OK | I med 304.7 uA (78.8-359.3) | R med 0.0589 kohm | dV med 4036 LSB
2026-10-01 23:17:03  [frame 10] 192/192 OK | I med 304.7 uA (78.6-358.8) | R med 0.0589 kohm | dV med 4030 LSB
2026-10-01 23:17:03  RECIPROCITY OVERRIDDEN - NOT VALID DATA (baseline: reciprocity could not be measured (no reciprocal pairs); this run: reciprocity could not be measured (no reciprocal pairs))
2026-10-01 23:17:03  CROSS-SPECIMEN BASELINE (disc-07 -> unrecorded) - shows specimen difference, not only defects
2026-10-01 23:17:05  Reconstruction: Peak -1.151e+00 at 151 deg  |  pairs 96/96 [ok]  |  78.7x the noise image
2026-10-01 23:17:05  Finished. Run saved to scans\runs\20261001-230609-coco-disk-08
2026-10-01 23:17:05    Frames captured: 10
2026-10-01 23:17:05    Reciprocity: no reciprocal pairs captured
2026-10-01 23:17:05    Noise floor: median pair sd 0.00010 kohm (0.14%)  max 0.00231 kohm over 96 pairs
2026-10-01 23:17:05  Indexed in scans\index.csv
2026-10-01 23:32:20  Baseline cleared; the next run will become the new baseline.
2026-10-01 23:32:42  Baseline loaded from 20261001-173658-coco-disk-06 (10 frames, specimen disc-06); remembered as the default.
2026-10-01 23:32:56  Naming warnings: medium must be one of: cut disc, standing tree, resistor belt, saline tank, dummy load (got 'unknown'); specimen ID is empty (e.g. disc-03, coconut-tree-1); the session baseline is from disc-06, this run is . Clear the baseline before scanning a different specimen.
2026-10-01 23:32:57  Connecting to COM12...
2026-10-01 23:32:57  Configuring instrument...

------------------------------------------------------------------------
2026-10-01 23:32:57  Run 20261001-233257-coco-disk-08-adjacent
2026-10-01 23:32:57  Conditions: medium=unknown saline=None g/L grounding=unknown fill=None mm temp=None C
2026-10-01 23:32:57  Recording to scans\runs\20261001-233257-coco-disk-08-adjacent
2026-10-01 23:33:46  [warmup 1/5] 216/216 OK | I med 327.3 uA (137.4-470.1) | R med 0.0132 kohm | dV med 694 LSB
2026-10-01 23:34:35  [warmup 2/5] 216/216 OK | I med 328.7 uA (138.9-469.8) | R med 0.0135 kohm | dV med 698 LSB
2026-10-01 23:35:24  [warmup 3/5] 216/216 OK | I med 329.5 uA (139.9-469.8) | R med 0.0144 kohm | dV med 695 LSB
2026-10-01 23:36:13  [warmup 4/5] 216/216 OK | I med 329.9 uA (139.1-469.7) | R med 0.0142 kohm | dV med 694 LSB
2026-10-01 23:37:02  [warmup 5/5] 216/216 OK | I med 329.8 uA (138.8-469.6) | R med 0.0141 kohm | dV med 695 LSB
2026-10-01 23:37:51  [frame 1] 216/216 OK | I med 329.7 uA (139.2-469.6) | R med 0.0140 kohm | dV med 693 LSB
2026-10-01 23:38:40  [frame 2] 216/216 OK | I med 329.7 uA (139.5-469.2) | R med 0.0143 kohm | dV med 694 LSB
2026-10-01 23:39:29  [frame 3] 216/216 OK | I med 329.6 uA (139.1-469.0) | R med 0.0140 kohm | dV med 694 LSB
2026-10-01 23:40:18  [frame 4] 216/216 OK | I med 329.7 uA (139.1-468.6) | R med 0.0139 kohm | dV med 694 LSB
2026-10-01 23:41:07  [frame 5] 216/216 OK | I med 329.4 uA (138.9-468.5) | R med 0.0133 kohm | dV med 694 LSB
2026-10-01 23:41:56  [frame 6] 216/216 OK | I med 329.2 uA (138.8-468.2) | R med 0.0132 kohm | dV med 693 LSB
2026-10-01 23:42:45  [frame 7] 216/216 OK | I med 329.3 uA (138.5-467.9) | R med 0.0130 kohm | dV med 695 LSB
2026-10-01 23:43:34  [frame 8] 216/216 OK | I med 329.3 uA (139.1-467.8) | R med 0.0130 kohm | dV med 694 LSB
2026-10-01 23:44:24  [frame 9] 216/216 OK | I med 329.2 uA (138.4-467.8) | R med 0.0136 kohm | dV med 694 LSB
2026-10-01 23:45:13  [frame 10] 216/216 OK | I med 329.2 uA (139.0-467.3) | R med 0.0137 kohm | dV med 696 LSB
2026-10-01 23:45:13  CROSS-SPECIMEN BASELINE (disc-06 -> unrecorded) - shows specimen difference, not only defects
2026-10-01 23:45:18  Reconstruction: Peak -6.293e-01 at 274 deg  |  pairs 108/108 [ok]  |  58.2x the noise image
2026-10-01 23:45:18  Finished. Run saved to scans\runs\20261001-233257-coco-disk-08-adjacent
2026-10-01 23:45:18    Frames captured: 10
2026-10-01 23:45:18    Reciprocity: median 11.5%  max 90.0%  sign flips 1/54
2026-10-01 23:45:18    Check electrode contact: E9 39%, E8 23% (all pairs median 11%)
2026-10-01 23:45:18    Noise floor: median pair sd 0.00008 kohm (0.80%)  max 0.00694 kohm over 108 pairs
2026-10-01 23:45:18  Indexed in scans\index.csv
2026-10-02 00:00:26  Naming warnings: medium must be one of: cut disc, standing tree, resistor belt, saline tank, dummy load (got 'unknown'); specimen ID is empty (e.g. disc-03, coconut-tree-1); the session baseline is from disc-06, this run is . Clear the baseline before scanning a different specimen.
2026-10-02 00:00:28  Connecting to COM12...
2026-10-02 00:00:28  Configuring instrument...

------------------------------------------------------------------------
2026-10-02 00:00:28  Run 20261002-000028-coco-disk-08-adjacent
2026-10-02 00:00:28  Conditions: medium=unknown saline=None g/L grounding=unknown fill=None mm temp=None C
2026-10-02 00:00:28  Recording to scans\runs\20261002-000028-coco-disk-08-adjacent
2026-10-02 00:01:17  [warmup 1/5] 216/216 OK | I med 325.9 uA (135.3-463.7) | R med 0.0128 kohm | dV med 687 LSB
2026-10-02 00:02:06  [warmup 2/5] 216/216 OK | I med 327.1 uA (136.8-463.2) | R med 0.0131 kohm | dV med 691 LSB
2026-10-02 00:02:55  [warmup 3/5] 216/216 OK | I med 327.2 uA (138.0-463.8) | R med 0.0137 kohm | dV med 692 LSB
2026-10-02 00:03:44  [warmup 4/5] 216/216 OK | I med 327.7 uA (137.7-462.8) | R med 0.0139 kohm | dV med 690 LSB
2026-10-02 00:04:33  [warmup 5/5] 216/216 OK | I med 327.5 uA (138.0-463.1) | R med 0.0135 kohm | dV med 690 LSB
2026-10-02 00:05:22  [frame 1] 216/216 OK | I med 327.5 uA (138.2-462.4) | R med 0.0135 kohm | dV med 691 LSB
2026-10-02 00:06:11  [frame 2] 216/216 OK | I med 327.5 uA (138.1-462.4) | R med 0.0138 kohm | dV med 689 LSB
2026-10-02 00:07:00  [frame 3] 216/216 OK | I med 327.4 uA (137.6-462.3) | R med 0.0135 kohm | dV med 690 LSB
2026-10-02 00:07:49  [frame 4] 216/216 OK | I med 327.2 uA (137.6-462.6) | R med 0.0128 kohm | dV med 689 LSB
2026-10-02 00:08:38  [frame 5] 216/216 OK | I med 327.1 uA (137.2-462.4) | R med 0.0130 kohm | dV med 691 LSB
2026-10-02 00:09:27  [frame 6] 216/216 OK | I med 327.2 uA (137.1-463.0) | R med 0.0130 kohm | dV med 689 LSB
2026-10-02 00:10:16  [frame 7] 216/216 OK | I med 327.0 uA (137.1-462.5) | R med 0.0130 kohm | dV med 690 LSB
2026-10-02 00:11:06  [frame 8] 216/216 OK | I med 327.3 uA (137.1-462.2) | R med 0.0130 kohm | dV med 690 LSB
2026-10-02 00:11:55  [frame 9] 216/216 OK | I med 327.2 uA (137.0-462.1) | R med 0.0133 kohm | dV med 692 LSB
2026-10-02 00:12:44  [frame 10] 216/216 OK | I med 327.0 uA (137.1-461.4) | R med 0.0136 kohm | dV med 691 LSB
2026-10-02 00:12:44  CROSS-SPECIMEN BASELINE (disc-06 -> unrecorded) - shows specimen difference, not only defects
2026-10-02 00:12:45  Reconstruction: Peak -5.932e-01 at 274 deg  |  pairs 108/108 [ok]  |  54.9x the noise image
2026-10-02 00:12:45  Finished. Run saved to scans\runs\20261002-000028-coco-disk-08-adjacent
2026-10-02 00:12:45    Frames captured: 10
2026-10-02 00:12:45    Reciprocity: median 9.0%  max 93.4%  sign flips 0/54
2026-10-02 00:12:45    Check electrode contact: E9 38%, E8 21%, E2 19% (all pairs median 9%)
2026-10-02 00:12:45    Noise floor: median pair sd 0.00009 kohm (0.85%)  max 0.00353 kohm over 108 pairs
2026-10-02 00:12:45  Indexed in scans\index.csv
2026-10-02 00:18:55  Baseline loaded from 20261001-171006-coco-disk-5 (10 frames, specimen disc-05); remembered as the default.
2026-10-02 00:18:57  Naming warnings: medium must be one of: cut disc, standing tree, resistor belt, saline tank, dummy load (got 'unknown'); specimen ID is empty (e.g. disc-03, coconut-tree-1); the session baseline is from disc-05, this run is . Clear the baseline before scanning a different specimen.
2026-10-02 00:18:58  Connecting to COM12...
2026-10-02 00:18:58  Configuring instrument...

------------------------------------------------------------------------
2026-10-02 00:18:58  Run 20261002-001858-coco-disk-08-adjacent
2026-10-02 00:18:58  Conditions: medium=unknown saline=None g/L grounding=unknown fill=None mm temp=None C
2026-10-02 00:18:58  Recording to scans\runs\20261002-001858-coco-disk-08-adjacent
2026-10-02 00:19:47  [warmup 1/5] 216/216 OK | I med 325.1 uA (135.0-460.8) | R med 0.0125 kohm | dV med 687 LSB
2026-10-02 00:20:36  [warmup 2/5] 216/216 OK | I med 325.9 uA (135.8-460.5) | R med 0.0125 kohm | dV med 687 LSB
2026-10-02 00:21:25  [warmup 3/5] 216/216 OK | I med 326.0 uA (136.5-460.5) | R med 0.0124 kohm | dV med 686 LSB
2026-10-02 00:22:14  [warmup 4/5] 216/216 OK | I med 326.1 uA (137.1-460.2) | R med 0.0128 kohm | dV med 687 LSB
2026-10-02 00:23:03  [warmup 5/5] 216/216 OK | I med 326.2 uA (136.6-459.9) | R med 0.0124 kohm | dV med 687 LSB
2026-10-02 00:23:52  [frame 1] 216/216 OK | I med 326.0 uA (136.2-459.9) | R med 0.0122 kohm | dV med 689 LSB
2026-10-02 00:24:41  [frame 2] 216/216 OK | I med 325.7 uA (136.8-458.9) | R med 0.0124 kohm | dV med 685 LSB
2026-10-02 00:25:30  [frame 3] 216/216 OK | I med 325.6 uA (137.3-458.7) | R med 0.0123 kohm | dV med 688 LSB
2026-10-02 00:26:20  [frame 4] 216/216 OK | I med 325.5 uA (137.1-459.5) | R med 0.0122 kohm | dV med 685 LSB
2026-10-02 00:27:09  [frame 5] 216/216 OK | I med 325.8 uA (137.1-458.8) | R med 0.0123 kohm | dV med 689 LSB
2026-10-02 00:27:58  [frame 6] 216/216 OK | I med 325.7 uA (136.9-458.6) | R med 0.0124 kohm | dV med 689 LSB
2026-10-02 00:28:47  [frame 7] 216/216 OK | I med 325.9 uA (136.6-457.9) | R med 0.0124 kohm | dV med 688 LSB
2026-10-02 00:29:36  [frame 8] 216/216 OK | I med 325.8 uA (136.4-458.0) | R med 0.0122 kohm | dV med 685 LSB
2026-10-02 00:30:25  [frame 9] 216/216 OK | I med 325.8 uA (136.7-457.4) | R med 0.0122 kohm | dV med 684 LSB
2026-10-02 00:31:14  [frame 10] 216/216 OK | I med 325.5 uA (136.5-457.5) | R med 0.0124 kohm | dV med 684 LSB
2026-10-02 00:31:14  RECIPROCITY OVERRIDDEN - NOT VALID DATA (baseline: median reciprocity error 24.9% exceeds 15%)
2026-10-02 00:31:14  CROSS-SPECIMEN BASELINE (disc-05 -> unrecorded) - shows specimen difference, not only defects
2026-10-02 00:31:16  Reconstruction: Peak -7.359e-01 at 274 deg  |  pairs 108/108 [ok]  |  24.2x the noise image
2026-10-02 00:31:16  Finished. Run saved to scans\runs\20261002-001858-coco-disk-08-adjacent
2026-10-02 00:31:16    Frames captured: 10
2026-10-02 00:31:16    Reciprocity: median 7.3%  max 93.7%  sign flips 2/54
2026-10-02 00:31:16    Check electrode contact: E9 38%, E8 19%, E2 18% (all pairs median 7%)
2026-10-02 00:31:16    Noise floor: median pair sd 0.00008 kohm (0.82%)  max 0.00276 kohm over 108 pairs
2026-10-02 00:31:16  Indexed in scans\index.csv
2026-10-02 00:33:27  Baseline loaded from 20261001-173658-coco-disk-06 (10 frames, specimen disc-06); remembered as the default.
2026-10-02 00:33:28  Naming warnings: medium must be one of: cut disc, standing tree, resistor belt, saline tank, dummy load (got 'unknown'); specimen ID is empty (e.g. disc-03, coconut-tree-1); the session baseline is from disc-06, this run is . Clear the baseline before scanning a different specimen.
2026-10-02 00:33:30  Connecting to COM12...
2026-10-02 00:33:30  Configuring instrument...

------------------------------------------------------------------------
2026-10-02 00:33:30  Run 20261002-003330-coco-disk-08-adjacent
2026-10-02 00:33:30  Conditions: medium=unknown saline=None g/L grounding=unknown fill=None mm temp=None C
2026-10-02 00:33:30  Recording to scans\runs\20261002-003330-coco-disk-08-adjacent
2026-10-02 00:34:19  [warmup 1/5] 216/216 OK | I med 324.7 uA (135.8-457.2) | R med 0.0123 kohm | dV med 685 LSB
2026-10-02 00:35:08  [warmup 2/5] 216/216 OK | I med 325.2 uA (136.2-457.0) | R med 0.0124 kohm | dV med 686 LSB
2026-10-02 00:35:57  [warmup 3/5] 216/216 OK | I med 325.3 uA (136.0-456.4) | R med 0.0124 kohm | dV med 685 LSB
2026-10-02 00:36:46  [warmup 4/5] 216/216 OK | I med 325.1 uA (136.9-456.0) | R med 0.0124 kohm | dV med 684 LSB
2026-10-02 00:37:35  [warmup 5/5] 216/216 OK | I med 325.0 uA (135.9-456.1) | R med 0.0127 kohm | dV med 683 LSB
2026-10-02 00:38:24  [frame 1] 216/216 OK | I med 325.1 uA (136.7-455.8) | R med 0.0127 kohm | dV med 682 LSB
2026-10-02 00:39:13  [frame 2] 216/216 OK | I med 325.1 uA (136.5-456.1) | R med 0.0127 kohm | dV med 679 LSB
2026-10-02 00:40:02  [frame 3] 216/216 OK | I med 325.0 uA (136.6-456.0) | R med 0.0126 kohm | dV med 682 LSB
2026-10-02 00:40:51  [frame 4] 216/216 OK | I med 324.7 uA (136.9-455.7) | R med 0.0125 kohm | dV med 684 LSB
2026-10-02 00:41:40  [frame 5] 216/216 OK | I med 324.6 uA (136.3-456.2) | R med 0.0125 kohm | dV med 684 LSB
2026-10-02 00:42:29  [frame 6] 216/216 OK | I med 324.7 uA (136.3-455.5) | R med 0.0124 kohm | dV med 684 LSB
2026-10-02 00:43:18  [frame 7] 216/216 OK | I med 324.6 uA (136.3-455.7) | R med 0.0125 kohm | dV med 683 LSB
2026-10-02 00:44:07  [frame 8] 216/216 OK | I med 324.3 uA (136.1-456.5) | R med 0.0125 kohm | dV med 685 LSB
2026-10-02 00:44:56  [frame 9] 216/216 OK | I med 324.3 uA (136.2-456.6) | R med 0.0125 kohm | dV med 683 LSB
2026-10-02 00:45:45  [frame 10] 216/216 OK | I med 325.0 uA (135.2-456.6) | R med 0.0125 kohm | dV med 684 LSB
2026-10-02 00:45:45  CROSS-SPECIMEN BASELINE (disc-06 -> unrecorded) - shows specimen difference, not only defects
2026-10-02 00:45:47  Reconstruction: Peak -5.601e-01 at 268 deg  |  pairs 108/108 [ok]  |  51.8x the noise image
2026-10-02 00:45:47  Finished. Run saved to scans\runs\20261002-003330-coco-disk-08-adjacent
2026-10-02 00:45:47    Frames captured: 10
2026-10-02 00:45:47    Reciprocity: median 6.4%  max 94.0%  sign flips 2/54
2026-10-02 00:45:47    Check electrode contact: E9 36%, E2 19%, E8 18% (all pairs median 6%)
2026-10-02 00:45:47    Noise floor: median pair sd 0.00008 kohm (0.86%)  max 0.00198 kohm over 108 pairs
2026-10-02 00:45:47  Indexed in scans\index.csv
2026-10-02 00:52:20  Baseline cleared; the next run will become the new baseline.
2026-10-02 00:52:22  Naming warnings: medium must be one of: cut disc, standing tree, resistor belt, saline tank, dummy load (got 'unknown'); specimen ID is empty (e.g. disc-03, coconut-tree-1)
2026-10-02 00:52:38  Naming warnings: specimen ID is empty (e.g. disc-03, coconut-tree-1)
2026-10-02 00:52:55  Naming warnings: specimen ID is empty (e.g. disc-03, coconut-tree-1)
2026-10-02 00:53:03  Connecting to COM12...
2026-10-02 00:53:03  Configuring instrument...

------------------------------------------------------------------------
2026-10-02 00:53:03  Run 20261002-005303-coco-disk-01-adjacent
2026-10-02 00:53:03  Conditions: medium=cut disc saline=None g/L grounding=unknown fill=None mm temp=None C
2026-10-02 00:53:03  Recording to scans\runs\20261002-005303-coco-disk-01-adjacent
2026-10-02 00:53:52  [warmup 1/5] 216/216 OK | I med 330.5 uA (205.5-487.7) | R med 0.0123 kohm | dV med 952 LSB
2026-10-02 00:54:41  [warmup 2/5] 216/216 OK | I med 330.7 uA (205.2-487.8) | R med 0.0121 kohm | dV med 955 LSB
2026-10-02 00:55:30  [warmup 3/5] 216/216 OK | I med 329.2 uA (205.1-487.4) | R med 0.0124 kohm | dV med 952 LSB
2026-10-02 00:56:19  [warmup 4/5] 216/216 OK | I med 330.4 uA (205.3-487.6) | R med 0.0124 kohm | dV med 956 LSB
2026-10-02 00:57:09  [warmup 5/5] 216/216 OK | I med 330.2 uA (205.0-487.3) | R med 0.0125 kohm | dV med 955 LSB
2026-10-02 00:57:58  [frame 1] 216/216 OK | I med 330.1 uA (204.8-487.3) | R med 0.0124 kohm | dV med 955 LSB
2026-10-02 00:58:47  [frame 2] 216/216 OK | I med 329.6 uA (205.1-487.4) | R med 0.0123 kohm | dV med 953 LSB
2026-10-02 00:59:36  [frame 3] 216/216 OK | I med 330.0 uA (204.8-487.2) | R med 0.0124 kohm | dV med 953 LSB
2026-10-02 01:00:25  [frame 4] 216/216 OK | I med 330.0 uA (204.8-487.0) | R med 0.0125 kohm | dV med 954 LSB
2026-10-02 01:01:14  [frame 5] 216/216 OK | I med 330.0 uA (204.2-486.7) | R med 0.0124 kohm | dV med 951 LSB
2026-10-02 01:02:03  [frame 6] 216/216 OK | I med 330.0 uA (204.1-487.4) | R med 0.0124 kohm | dV med 948 LSB
2026-10-02 01:02:52  [frame 7] 216/216 OK | I med 330.0 uA (204.6-487.0) | R med 0.0125 kohm | dV med 951 LSB
2026-10-02 01:03:41  [frame 8] 216/216 OK | I med 329.9 uA (204.1-486.5) | R med 0.0124 kohm | dV med 950 LSB
2026-10-02 01:04:30  [frame 9] 216/216 OK | I med 329.9 uA (204.1-486.6) | R med 0.0125 kohm | dV med 950 LSB
2026-10-02 01:05:19  [frame 10] 216/216 OK | I med 329.9 uA (204.1-486.6) | R med 0.0124 kohm | dV med 951 LSB
2026-10-02 01:05:19  No reconstruction: This run is the session baseline; it has nothing to differ from.
2026-10-02 01:05:20  Baseline control image saved to scans\runs\20261002-005303-coco-disk-01-adjacent\control.png
2026-10-02 01:05:20  This run is now the session baseline (20261002-005303-coco-disk-01-adjacent).
2026-10-02 01:05:20  Finished. Run saved to scans\runs\20261002-005303-coco-disk-01-adjacent
2026-10-02 01:05:20    Frames captured: 10
2026-10-02 01:05:20    Reciprocity: median 5.4%  max 85.4%  sign flips 2/54
2026-10-02 01:05:20    Noise floor: median pair sd 0.00005 kohm (0.36%)  max 0.00023 kohm over 108 pairs
2026-10-02 01:05:20  Indexed in scans\index.csv
2026-10-02 01:06:40  Baseline loaded from 20261001-173658-coco-disk-06 (10 frames, specimen disc-06); remembered as the default.
2026-10-02 01:06:41  Naming warnings: the session baseline is from disc-06, this run is disc-01. Clear the baseline before scanning a different specimen.
2026-10-02 01:06:42  Connecting to COM12...
2026-10-02 01:06:42  Configuring instrument...

------------------------------------------------------------------------
2026-10-02 01:06:42  Run 20261002-010642-coco-disk-01-adjacent
2026-10-02 01:06:42  Conditions: medium=cut disc saline=None g/L grounding=unknown fill=None mm temp=None C
2026-10-02 01:06:42  Recording to scans\runs\20261002-010642-coco-disk-01-adjacent
2026-10-02 01:07:31  [warmup 1/5] 216/216 OK | I med 329.7 uA (204.2-486.6) | R med 0.0124 kohm | dV med 949 LSB
2026-10-02 01:08:20  [warmup 2/5] 216/216 OK | I med 329.3 uA (203.5-486.3) | R med 0.0124 kohm | dV med 953 LSB
2026-10-02 01:09:09  [warmup 3/5] 216/216 OK | I med 329.8 uA (203.3-486.4) | R med 0.0125 kohm | dV med 948 LSB
2026-10-02 01:09:58  [warmup 4/5] 216/216 OK | I med 323.8 uA (203.9-486.6) | R med 0.0125 kohm | dV med 943 LSB
2026-10-02 01:10:47  [warmup 5/5] 216/216 OK | I med 329.4 uA (203.7-486.5) | R med 0.0125 kohm | dV med 948 LSB
2026-10-02 01:11:36  [frame 1] 216/216 OK | I med 329.7 uA (203.5-485.7) | R med 0.0124 kohm | dV med 952 LSB
2026-10-02 01:12:25  [frame 2] 216/216 OK | I med 329.4 uA (203.5-485.8) | R med 0.0125 kohm | dV med 952 LSB
2026-10-02 01:13:14  [frame 3] 216/216 OK | I med 329.4 uA (203.1-486.1) | R med 0.0125 kohm | dV med 953 LSB
2026-10-02 01:14:03  [frame 4] 216/216 OK | I med 329.2 uA (203.3-486.3) | R med 0.0125 kohm | dV med 950 LSB
2026-10-02 01:14:52  [frame 5] 216/216 OK | I med 329.3 uA (203.4-486.0) | R med 0.0124 kohm | dV med 951 LSB
2026-10-02 01:15:41  [frame 6] 216/216 OK | I med 329.1 uA (203.4-486.1) | R med 0.0125 kohm | dV med 951 LSB
2026-10-02 01:16:30  [frame 7] 216/216 OK | I med 329.2 uA (203.1-485.6) | R med 0.0125 kohm | dV med 952 LSB
2026-10-02 01:17:20  [frame 8] 216/216 OK | I med 329.1 uA (203.3-486.0) | R med 0.0125 kohm | dV med 953 LSB
2026-10-02 01:18:09  [frame 9] 216/216 OK | I med 329.2 uA (202.8-485.6) | R med 0.0125 kohm | dV med 950 LSB
2026-10-02 01:18:58  [frame 10] 216/216 OK | I med 329.3 uA (203.2-485.5) | R med 0.0125 kohm | dV med 953 LSB
2026-10-02 01:18:58  CROSS-SPECIMEN BASELINE (disc-06 -> disc-01) - shows specimen difference, not only defects
2026-10-02 01:19:00  Reconstruction: Peak -7.412e-01 at 150 deg  |  pairs 108/108 [ok]  |  68.6x the noise image
2026-10-02 01:19:00  Finished. Run saved to scans\runs\20261002-010642-coco-disk-01-adjacent
2026-10-02 01:19:00    Frames captured: 10
2026-10-02 01:19:00    Reciprocity: median 5.4%  max 85.7%  sign flips 2/54
2026-10-02 01:19:00    Noise floor: median pair sd 0.00005 kohm (0.42%)  max 0.00034 kohm over 108 pairs
2026-10-02 01:19:00  Indexed in scans\index.csv
2026-10-02 01:45:21  Baseline loaded from 20261001-204339-coco-disk-04-opp (10 frames, specimen disc-07); remembered as the default.
2026-10-02 01:45:31  Naming warnings: the session baseline is from disc-07, this run is disc-01. Clear the baseline before scanning a different specimen.
2026-10-02 01:45:32  Connecting to COM12...
2026-10-02 01:45:32  Configuring instrument...

------------------------------------------------------------------------
2026-10-02 01:45:32  Run 20261002-014532-coco-disk-01-oppposite
2026-10-02 01:45:32  Conditions: medium=cut disc saline=None g/L grounding=unknown fill=None mm temp=None C
2026-10-02 01:45:32  Recording to scans\runs\20261002-014532-coco-disk-01-oppposite
2026-10-02 01:46:16  [warmup 1/5] 192/192 OK | I med 283.4 uA (207.9-347.5) | R med 0.0682 kohm | dV med 5545 LSB
2026-10-02 01:46:59  [warmup 2/5] 192/192 OK | I med 283.6 uA (207.9-347.3) | R med 0.0681 kohm | dV med 5546 LSB
2026-10-02 01:47:43  [warmup 3/5] 192/192 OK | I med 283.5 uA (207.7-347.6) | R med 0.0680 kohm | dV med 5543 LSB
2026-10-02 01:48:26  [warmup 4/5] 192/192 OK | I med 283.3 uA (208.0-347.4) | R med 0.0681 kohm | dV med 5545 LSB
2026-10-02 01:49:10  [warmup 5/5] 192/192 OK | I med 283.4 uA (207.5-347.5) | R med 0.0681 kohm | dV med 5548 LSB
2026-10-02 01:49:54  [frame 1] 192/192 OK | I med 283.3 uA (208.1-347.3) | R med 0.0681 kohm | dV med 5549 LSB
2026-10-02 01:50:37  [frame 2] 192/192 OK | I med 283.5 uA (207.6-347.2) | R med 0.0681 kohm | dV med 5547 LSB
2026-10-02 01:51:21  [frame 3] 192/192 OK | I med 283.4 uA (208.1-347.1) | R med 0.0681 kohm | dV med 5547 LSB
2026-10-02 01:52:04  [frame 4] 192/192 OK | I med 282.9 uA (207.5-347.2) | R med 0.0682 kohm | dV med 5548 LSB
2026-10-02 01:52:48  [frame 5] 192/192 OK | I med 283.5 uA (207.8-346.8) | R med 0.0682 kohm | dV med 5547 LSB
2026-10-02 01:53:32  [frame 6] 192/192 OK | I med 283.3 uA (207.4-346.9) | R med 0.0682 kohm | dV med 5545 LSB
2026-10-02 01:54:15  [frame 7] 192/192 OK | I med 283.2 uA (207.9-347.1) | R med 0.0682 kohm | dV med 5546 LSB
2026-10-02 01:54:59  [frame 8] 192/192 OK | I med 283.1 uA (208.3-346.8) | R med 0.0682 kohm | dV med 5545 LSB
2026-10-02 01:55:42  [frame 9] 189/192 OK | I med 282.9 uA (7.7-346.8) | R med 0.0665 kohm | dV med 5134 LSB | flags I_LOWx3
2026-10-02 01:56:26  [frame 10] 192/192 OK | I med 283.3 uA (203.6-346.4) | R med 0.0684 kohm | dV med 5566 LSB
2026-10-02 01:56:26  RECIPROCITY OVERRIDDEN - NOT VALID DATA (baseline: reciprocity could not be measured (no reciprocal pairs); this run: reciprocity could not be measured (no reciprocal pairs))
2026-10-02 01:56:26  CROSS-SPECIMEN BASELINE (disc-07 -> disc-01) - shows specimen difference, not only defects
2026-10-02 01:56:31  Reconstruction: Peak -1.535e+00 at 150 deg  |  pairs 96/96 [ok]  |  105.0x the noise image
2026-10-02 01:56:31  Finished. Run saved to scans\runs\20261002-014532-coco-disk-01-oppposite
2026-10-02 01:56:31    Frames captured: 10
2026-10-02 01:56:31    Reciprocity: no reciprocal pairs captured
2026-10-02 01:56:31    Noise floor: median pair sd 0.00015 kohm (0.22%)  max 0.03303 kohm over 96 pairs
2026-10-02 01:56:31  Indexed in scans\index.csv
