frame_index,frame_id,pattern,dac_code,settle_ms,sample_count,record_index,polarity,i_plus,i_minus,v_plus,v_minus,voltage_mv,current_ua,quality
0,6,adjacent,620,30,32,0,FWD,E1,E2,E3,E4,0.066000,304.081000,OK
0,6,adjacent,620,30,32,1,REV,E2,E1,E3,E4,30.160000,307.393000,OK
0,6,adjacent,620,30,32,2,FWD,E1,E2,E4,E5,0.949000,311.901000,OK
0,6,adjacent,620,30,32,3,REV,E2,E1,E4,E5,18.918000,304.879000,OK
0,6,adjacent,620,30,32,4,FWD,E1,E2,E5,E6,-22.656000,313.138000,OK
0,6,adjacent,620,30,32,5,REV,E2,E1,E5,E6,-18.773000,304.360000,OK
0,6,adjacent,620,30,32,6,FWD,E1,E2,E6,E7,-6.348000,313.338000,OK
0,6,adjacent,620,30,32,7,REV,E2,E1,E6,E7,-3.418000,303.722000,OK
0,6,adjacent,620,30,32,8,FWD,E1,E2,E7,E8,46.996000,313.976000,OK
0,6,adjacent,620,30,32,9,REV,E2,E1,E7,E8,49.543000,303.882000,OK
0,6,adjacent,620,30,32,10,FWD,E1,E2,E8,E9,-46.969000,314.335000,OK
0,6,adjacent,620,30,32,11,REV,E2,E1,E8,E9,-44.508000,303.323000,OK
0,6,adjacent,620,30,32,12,FWD,E1,E2,E9,E10,-24.051000,313.897000,OK
0,6,adjacent,620,30,32,13,REV,E2,E1,E9,E10,-17.344000,303.562000,OK
0,6,adjacent,620,30,32,14,FWD,E1,E2,E10,E11,61.449000,314.296000,OK
0,6,adjacent,620,30,32,15,REV,E2,E1,E10,E11,77.801000,303.562000,OK
0,6,adjacent,620,30,32,16,FWD,E1,E2,E11,E12,-83.613000,313.976000,OK
0,6,adjacent,620,30,32,17,REV,E2,E1,E11,E12,-38.496000,303.203000,OK
0,6,adjacent,620,30,32,18,FWD,E2,E3,E4,E5,-11.957000,315.333000,OK
0,6,adjacent,620,30,32,19,REV,E3,E2,E4,E5,32.172000,322.675000,OK
0,6,adjacent,620,30,32,20,FWD,E2,E3,E5,E6,-24.453000,321.877000,OK
0,6,adjacent,620,30,32,21,REV,E3,E2,E5,E6,-16.996000,321.079000,OK
0,6,adjacent,620,30,32,22,FWD,E2,E3,E6,E7,-7.277000,322.715000,OK
0,6,adjacent,620,30,32,23,REV,E3,E2,E6,E7,-2.488000,320.560000,OK
0,6,adjacent,620,30,32,24,FWD,E2,E3,E7,E8,46.645000,323.233000,OK
0,6,adjacent,620,30,32,25,REV,E3,E2,E7,E8,49.984000,320.281000,OK
0,6,adjacent,620,30,32,26,FWD,E2,E3,E8,E9,-47.027000,323.273000,OK
0,6,adjacent,620,30,32,27,REV,E3,E2,E8,E9,-44.543000,320.201000,OK
0,6,adjacent,620,30,32,28,FWD,E2,E3,E9,E10,-23.121000,323.273000,OK
0,6,adjacent,620,30,32,29,REV,E3,E2,E9,E10,-18.344000,320.241000,OK
0,6,adjacent,620,30,32,30,FWD,E2,E3,E10,E11,65.219000,323.393000,OK
0,6,adjacent,620,30,32,31,REV,E3,E2,E10,E11,74.434000,319.762000,OK
0,6,adjacent,620,30,32,32,FWD,E2,E3,E11,E12,-69.434000,323.153000,OK
0,6,adjacent,620,30,32,33,REV,E3,E2,E11,E12,-53.055000,320.001000,OK
0,6,adjacent,620,30,32,34,FWD,E2,E3,E12,E1,15.543000,323.792000,OK
0,6,adjacent,620,30,32,35,REV,E3,E2,E12,E1,50.918000,320.121000,OK
0,6,adjacent,620,30,32,36,FWD,E3,E4,E1,E2,-28.859000,343.223000,OK
0,6,adjacent,620,30,32,37,REV,E4,E3,E1,E2,4.434000,371.992000,OK
0,6,adjacent,620,30,32,38,FWD,E3,E4,E5,E6,-29.957000,351.922000,OK
0,6,adjacent,620,30,32,39,REV,E4,E3,E5,E6,-11.113000,369.438000,OK
0,6,adjacent,620,30,32,40,FWD,E3,E4,E6,E7,-9.762000,353.677000,OK
0,6,adjacent,620,30,32,41,REV,E4,E3,E6,E7,0.215000,368.520000,OK
0,6,adjacent,620,30,32,42,FWD,E3,E4,E7,E8,45.488000,354.116000,OK
0,6,adjacent,620,30,32,43,REV,E4,E3,E7,E8,51.297000,367.922000,OK
0,6,adjacent,620,30,32,44,FWD,E3,E4,E8,E9,-47.465000,354.914000,OK
0,6,adjacent,620,30,32,45,REV,E4,E3,E8,E9,-44.098000,367.842000,OK
0,6,adjacent,620,30,32,46,FWD,E3,E4,E9,E10,-23.004000,355.114000,OK
0,6,adjacent,620,30,32,47,REV,E4,E3,E9,E10,-18.434000,367.802000,OK
0,6,adjacent,620,30,32,48,FWD,E3,E4,E10,E11,66.648000,355.114000,OK
0,6,adjacent,620,30,32,49,REV,E4,E3,E10,E11,73.289000,367.802000,OK
0,6,adjacent,620,30,32,50,FWD,E3,E4,E11,E12,-65.207000,355.114000,OK
0,6,adjacent,620,30,32,51,REV,E4,E3,E11,E12,-57.555000,367.642000,OK
0,6,adjacent,620,30,32,52,FWD,E3,E4,E12,E1,26.777000,355.353000,OK
0,6,adjacent,620,30,32,53,REV,E4,E3,E12,E1,39.520000,367.523000,OK
0,6,adjacent,620,30,32,54,FWD,E4,E5,E1,E2,-26.660000,367.722000,OK
0,6,adjacent,620,30,32,55,REV,E5,E4,E1,E2,-4.535000,393.857000,OK
0,6,adjacent,620,30,32,56,FWD,E4,E5,E2,E3,-28.328000,377.298000,OK
0,6,adjacent,620,30,32,57,REV,E5,E4,E2,E3,23.410000,390.864000,OK
0,6,adjacent,620,30,32,58,FWD,E4,E5,E6,E7,-25.586000,378.894000,OK
0,6,adjacent,620,30,32,59,REV,E5,E4,E6,E7,16.434000,390.306000,OK
0,6,adjacent,620,30,32,60,FWD,E4,E5,E7,E8,38.996000,379.573000,OK
0,6,adjacent,620,30,32,61,REV,E5,E4,E7,E8,57.973000,390.026000,OK
0,6,adjacent,620,30,32,62,FWD,E4,E5,E8,E9,-50.090000,379.493000,OK
0,6,adjacent,620,30,32,63,REV,E5,E4,E8,E9,-41.484000,389.667000,OK
0,6,adjacent,620,30,32,64,FWD,E4,E5,E9,E10,-25.320000,380.371000,OK
0,6,adjacent,620,30,32,65,REV,E5,E4,E9,E10,-16.164000,389.268000,OK
0,6,adjacent,620,30,32,66,FWD,E4,E5,E10,E11,64.652000,380.849000,OK
0,6,adjacent,620,30,32,67,REV,E5,E4,E10,E11,75.340000,388.989000,OK
0,6,adjacent,620,30,32,68,FWD,E4,E5,E11,E12,-65.637000,381.049000,OK
0,6,adjacent,620,30,32,69,REV,E5,E4,E11,E12,-57.426000,389.149000,OK
0,6,adjacent,620,30,32,70,FWD,E4,E5,E12,E1,27.684000,381.049000,OK
0,6,adjacent,620,30,32,71,REV,E5,E4,E12,E1,38.465000,389.468000,OK
0,6,adjacent,620,30,32,72,FWD,E5,E6,E1,E2,-18.641000,416.959000,OK
0,6,adjacent,620,30,32,73,REV,E6,E5,E1,E2,-13.305000,422.865000,OK
0,6,adjacent,620,30,32,74,FWD,E5,E6,E2,E3,-10.551000,428.610000,OK
0,6,adjacent,620,30,32,75,REV,E6,E5,E2,E3,-0.746000,419.593000,OK
0,6,adjacent,620,30,32,76,FWD,E5,E6,E3,E4,5.008000,430.645000,OK
0,6,adjacent,620,30,32,77,REV,E6,E5,E3,E4,26.863000,418.316000,OK
0,6,adjacent,620,30,32,78,FWD,E5,E6,E7,E8,32.211000,431.084000,OK
0,6,adjacent,620,30,32,79,REV,E6,E5,E7,E8,63.863000,417.757000,OK
0,6,adjacent,620,30,32,80,FWD,E5,E6,E8,E9,-50.688000,431.603000,OK
0,6,adjacent,620,30,32,81,REV,E6,E5,E8,E9,-41.230000,417.677000,OK
0,6,adjacent,620,30,32,82,FWD,E5,E6,E9,E10,-24.375000,431.683000,OK
0,6,adjacent,620,30,32,83,REV,E6,E5,E9,E10,-17.461000,417.199000,OK
0,6,adjacent,620,30,32,84,FWD,E5,E6,E10,E11,66.930000,431.842000,OK
0,6,adjacent,620,30,32,85,REV,E6,E5,E10,E11,72.887000,417.558000,OK
0,6,adjacent,620,30,32,86,FWD,E5,E6,E11,E12,-63.191000,431.962000,OK
0,6,adjacent,620,30,32,87,REV,E6,E5,E11,E12,-60.199000,417.518000,OK
0,6,adjacent,620,30,32,88,FWD,E5,E6,E12,E1,31.441000,431.842000,OK
0,6,adjacent,620,30,32,89,REV,E6,E5,E12,E1,34.539000,417.119000,OK
0,6,adjacent,620,30,32,90,FWD,E6,E7,E1,E2,-18.070000,430.126000,OK
0,6,adjacent,620,30,32,91,REV,E7,E6,E1,E2,-13.883000,442.615000,OK
0,6,adjacent,620,30,32,92,FWD,E6,E7,E2,E3,-9.199000,442.815000,OK
0,6,adjacent,620,30,32,93,REV,E7,E6,E2,E3,-2.684000,439.543000,OK
0,6,adjacent,620,30,32,94,FWD,E6,E7,E3,E4,9.066000,444.451000,OK
0,6,adjacent,620,30,32,95,REV,E7,E6,E3,E4,21.152000,438.426000,OK
0,6,adjacent,620,30,32,96,FWD,E6,E7,E4,E5,-13.387000,445.169000,OK
0,6,adjacent,620,30,32,97,REV,E7,E6,E4,E5,34.727000,438.186000,OK
0,6,adjacent,620,30,32,98,FWD,E6,E7,E8,E9,-57.371000,445.129000,OK
0,6,adjacent,620,30,32,99,REV,E7,E6,E8,E9,-34.637000,437.867000,OK
0,6,adjacent,620,30,32,100,FWD,E6,E7,E9,E10,-27.273000,444.929000,OK
0,6,adjacent,620,30,32,101,REV,E7,E6,E9,E10,-14.582000,437.947000,OK
0,6,adjacent,620,30,32,102,FWD,E6,E7,E10,E11,65.410000,445.528000,OK
0,6,adjacent,620,30,32,103,REV,E7,E6,E10,E11,74.508000,437.707000,OK
0,6,adjacent,620,30,32,104,FWD,E6,E7,E11,E12,-63.406000,445.528000,OK
0,6,adjacent,620,30,32,105,REV,E7,E6,E11,E12,-60.055000,437.428000,OK
0,6,adjacent,620,30,32,106,FWD,E6,E7,E12,E1,31.562000,445.847000,OK
0,6,adjacent,620,30,32,107,REV,E7,E6,E12,E1,34.496000,437.428000,OK
0,6,adjacent,620,30,32,108,FWD,E7,E8,E1,E2,-17.676000,404.231000,OK
0,6,adjacent,620,30,32,109,REV,E8,E7,E1,E2,-14.035000,485.668000,OK
0,6,adjacent,620,30,32,110,FWD,E7,E8,E2,E3,-8.211000,420.032000,OK
0,6,adjacent,620,30,32,111,REV,E8,E7,E2,E3,-3.605000,479.842000,OK
0,6,adjacent,620,30,32,112,FWD,E7,E8,E3,E4,11.832000,423.742000,OK
0,6,adjacent,620,30,32,113,REV,E8,E7,E3,E4,18.910000,478.167000,OK
0,6,adjacent,620,30,32,114,FWD,E7,E8,E4,E5,-0.277000,424.500000,OK
0,6,adjacent,620,30,32,115,REV,E8,E7,E4,E5,21.770000,476.850000,OK
0,6,adjacent,620,30,32,116,FWD,E7,E8,E5,E6,-34.973000,425.458000,OK
0,6,adjacent,620,30,32,117,REV,E8,E7,E5,E6,-1.746000,476.411000,OK
0,6,adjacent,620,30,32,118,FWD,E7,E8,E9,E10,-39.133000,425.857000,OK
0,6,adjacent,620,30,32,119,REV,E8,E7,E9,E10,-0.406000,475.334000,OK
0,6,adjacent,620,30,32,120,FWD,E7,E8,E10,E11,60.297000,426.176000,OK
0,6,adjacent,620,30,32,121,REV,E8,E7,E10,E11,80.840000,475.014000,OK
0,6,adjacent,620,30,32,122,FWD,E7,E8,E11,E12,-64.051000,427.014000,OK
0,6,adjacent,620,30,32,123,REV,E8,E7,E11,E12,-59.242000,475.214000,OK
0,6,adjacent,620,30,32,124,FWD,E7,E8,E12,E1,31.602000,426.416000,OK
0,6,adjacent,620,30,32,125,REV,E8,E7,E12,E1,34.691000,474.815000,OK
0,6,adjacent,620,30,32,126,FWD,E8,E9,E1,E2,-17.398000,348.849000,OK
0,6,adjacent,620,30,32,127,REV,E9,E8,E1,E2,-14.668000,341.188000,OK
0,6,adjacent,620,30,32,128,FWD,E8,E9,E2,E3,-7.516000,362.415000,OK
0,6,adjacent,620,30,32,129,REV,E9,E8,E2,E3,-4.852000,337.278000,OK
0,6,adjacent,620,30,32,130,FWD,E8,E9,E3,E4,13.477000,364.490000,OK
0,6,adjacent,620,30,32,131,REV,E9,E8,E3,E4,16.719000,335.842000,OK
0,6,adjacent,620,30,32,132,FWD,E8,E9,E4,E5,6.012000,365.049000,OK
0,6,adjacent,620,30,32,133,REV,E9,E8,E4,E5,13.766000,336.041000,OK
0,6,adjacent,620,30,32,134,FWD,E8,E9,E5,E6,-24.211000,365.009000,OK
0,6,adjacent,620,30,32,135,REV,E9,E8,E5,E6,-16.496000,335.562000,OK
0,6,adjacent,620,30,32,136,FWD,E8,E9,E6,E7,-12.777000,365.129000,OK
0,6,adjacent,620,30,32,137,REV,E9,E8,E6,E7,4.891000,335.922000,OK
0,6,adjacent,620,30,32,138,FWD,E8,E9,E10,E11,40.832000,365.089000,OK
0,6,adjacent,620,30,32,139,REV,E9,E8,E10,E11,96.539000,335.961000,OK
0,6,adjacent,620,30,32,140,FWD,E8,E9,E11,E12,-65.676000,364.889000,OK
0,6,adjacent,620,30,32,141,REV,E9,E8,E11,E12,-58.258000,335.882000,OK
0,6,adjacent,620,30,32,142,FWD,E8,E9,E12,E1,31.375000,365.248000,OK
0,6,adjacent,620,30,32,143,REV,E9,E8,E12,E1,34.629000,335.562000,OK
0,6,adjacent,620,30,32,144,FWD,E9,E10,E1,E2,-18.465000,218.056000,OK
0,6,adjacent,620,30,32,145,REV,E10,E9,E1,E2,-13.691000,214.505000,OK
0,6,adjacent,620,30,32,146,FWD,E9,E10,E2,E3,-7.852000,223.562000,OK
0,6,adjacent,620,30,32,147,REV,E10,E9,E2,E3,-4.613000,213.148000,OK
0,6,adjacent,620,30,32,148,FWD,E9,E10,E3,E4,13.770000,223.961000,OK
0,6,adjacent,620,30,32,149,REV,E10,E9,E3,E4,16.523000,213.068000,OK
0,6,adjacent,620,30,32,150,FWD,E9,E10,E4,E5,7.348000,224.280000,OK
0,6,adjacent,620,30,32,151,REV,E10,E9,E4,E5,12.566000,213.188000,OK
0,6,adjacent,620,30,32,152,FWD,E9,E10,E5,E6,-22.238000,224.200000,OK
0,6,adjacent,620,30,32,153,REV,E10,E9,E5,E6,-18.703000,213.188000,OK
0,6,adjacent,620,30,32,154,FWD,E9,E10,E6,E7,-7.668000,224.400000,OK
0,6,adjacent,620,30,32,155,REV,E10,E9,E6,E7,-1.426000,212.829000,OK
0,6,adjacent,620,30,32,156,FWD,E9,E10,E7,E8,38.422000,224.200000,OK
0,6,adjacent,620,30,32,157,REV,E10,E9,E7,E8,57.387000,212.869000,OK
0,6,adjacent,620,30,32,158,FWD,E9,E10,E11,E12,-78.723000,224.719000,OK
0,6,adjacent,620,30,32,159,REV,E10,E9,E11,E12,-46.359000,213.308000,OK
0,6,adjacent,620,30,32,160,FWD,E9,E10,E12,E1,28.812000,224.240000,OK
0,6,adjacent,620,30,32,161,REV,E10,E9,E12,E1,37.098000,212.909000,OK
0,6,adjacent,620,30,32,162,FWD,E10,E11,E1,E2,-21.539000,203.452000,OK
0,6,adjacent,620,30,32,163,REV,E11,E10,E1,E2,-9.371000,252.330000,OK
0,6,adjacent,620,30,32,164,FWD,E10,E11,E2,E3,-9.191000,210.355000,OK
0,6,adjacent,620,30,32,165,REV,E11,E10,E2,E3,-2.672000,250.255000,OK
0,6,adjacent,620,30,32,166,FWD,E10,E11,E3,E4,13.266000,210.953000,OK
0,6,adjacent,620,30,32,167,REV,E11,E10,E3,E4,17.492000,249.777000,OK
0,6,adjacent,620,30,32,168,FWD,E10,E11,E4,E5,7.105000,212.071000,OK
0,6,adjacent,620,30,32,169,REV,E11,E10,E4,E5,13.504000,249.417000,OK
0,6,adjacent,620,30,32,170,FWD,E10,E11,E5,E6,-22.008000,212.510000,OK
0,6,adjacent,620,30,32,171,REV,E11,E10,E5,E6,-18.754000,249.258000,OK
0,6,adjacent,620,30,32,172,FWD,E10,E11,E6,E7,-6.879000,212.310000,OK
0,6,adjacent,620,30,32,173,REV,E11,E10,E6,E7,-2.109000,249.378000,OK
0,6,adjacent,620,30,32,174,FWD,E10,E11,E7,E8,43.195000,212.390000,OK
0,6,adjacent,620,30,32,175,REV,E11,E10,E7,E8,53.902000,249.178000,OK
0,6,adjacent,620,30,32,176,FWD,E10,E11,E8,E9,-62.395000,211.751000,OK
0,6,adjacent,620,30,32,177,REV,E11,E10,E8,E9,-24.926000,249.218000,OK
0,6,adjacent,620,30,32,178,FWD,E10,E11,E12,E1,19.945000,212.230000,OK
0,6,adjacent,620,30,32,179,REV,E11,E10,E12,E1,48.520000,249.537000,OK
0,6,adjacent,620,30,32,180,FWD,E11,E12,E1,E2,-36.574000,275.991000,OK
0,6,adjacent,620,30,32,181,REV,E12,E11,E1,E2,2.031000,249.098000,OK
0,6,adjacent,620,30,32,182,FWD,E11,E12,E2,E3,-13.414000,282.495000,OK
0,6,adjacent,620,30,32,183,REV,E12,E11,E2,E3,-0.008000,247.422000,OK
0,6,adjacent,620,30,32,184,FWD,E11,E12,E3,E4,12.223000,283.532000,OK
0,6,adjacent,620,30,32,185,REV,E12,E11,E3,E4,17.805000,247.303000,OK
0,6,adjacent,620,30,32,186,FWD,E11,E12,E4,E5,6.965000,283.572000,OK
0,6,adjacent,620,30,32,187,REV,E12,E11,E4,E5,12.680000,246.824000,OK
0,6,adjacent,620,30,32,188,FWD,E11,E12,E5,E6,-21.586000,283.692000,OK
0,6,adjacent,620,30,32,189,REV,E12,E11,E5,E6,-19.719000,247.103000,OK
0,6,adjacent,620,30,32,190,FWD,E11,E12,E6,E7,-5.863000,283.532000,OK
0,6,adjacent,620,30,32,191,REV,E12,E11,E6,E7,-3.836000,247.343000,OK
0,6,adjacent,620,30,32,192,FWD,E11,E12,E7,E8,46.652000,283.413000,OK
0,6,adjacent,620,30,32,193,REV,E12,E11,E7,E8,49.500000,247.023000,OK
0,6,adjacent,620,30,32,194,FWD,E11,E12,E8,E9,-48.605000,283.772000,OK
0,6,adjacent,620,30,32,195,REV,E12,E11,E8,E9,-42.945000,247.143000,OK
0,6,adjacent,620,30,32,196,FWD,E11,E12,E9,E10,-40.852000,283.891000,OK
0,6,adjacent,620,30,32,197,REV,E12,E11,E9,E10,-1.770000,246.744000,OK
0,6,adjacent,620,30,32,198,FWD,E12,E1,E2,E3,-19.516000,238.086000,OK
0,6,adjacent,620,30,32,199,REV,E1,E12,E2,E3,8.379000,267.732000,OK
0,6,adjacent,620,30,32,200,FWD,E12,E1,E3,E4,10.914000,243.512000,OK
0,6,adjacent,620,30,32,201,REV,E1,E12,E3,E4,19.895000,265.816000,OK
0,6,adjacent,620,30,32,202,FWD,E12,E1,E4,E5,6.547000,244.510000,OK
0,6,adjacent,620,30,32,203,REV,E1,E12,E4,E5,13.797000,265.258000,OK
0,6,adjacent,620,30,32,204,FWD,E12,E1,E5,E6,-21.516000,244.709000,OK
0,6,adjacent,620,30,32,205,REV,E1,E12,E5,E6,-19.633000,265.058000,OK
0,6,adjacent,620,30,32,206,FWD,E12,E1,E6,E7,-5.652000,245.148000,OK
0,6,adjacent,620,30,32,207,REV,E1,E12,E6,E7,-3.930000,264.380000,OK
0,6,adjacent,620,30,32,208,FWD,E12,E1,E7,E8,47.367000,244.949000,OK
0,6,adjacent,620,30,32,209,REV,E1,E12,E7,E8,49.172000,264.540000,OK
0,6,adjacent,620,30,32,210,FWD,E12,E1,E8,E9,-46.848000,245.467000,OK
0,6,adjacent,620,30,32,211,REV,E1,E12,E8,E9,-44.445000,264.460000,OK
0,6,adjacent,620,30,32,212,FWD,E12,E1,E9,E10,-25.180000,245.507000,OK
0,6,adjacent,620,30,32,213,REV,E1,E12,E9,E10,-15.367000,264.620000,OK
0,6,adjacent,620,30,32,214,FWD,E12,E1,E10,E11,54.406000,245.348000,OK
0,6,adjacent,620,30,32,215,REV,E1,E12,E10,E11,86.535000,264.340000,OK
1,7,adjacent,620,30,32,0,FWD,E1,E2,E3,E4,0.016000,304.121000,OK
1,7,adjacent,620,30,32,1,REV,E2,E1,E3,E4,30.180000,307.273000,OK
1,7,adjacent,620,30,32,2,FWD,E1,E2,E4,E5,0.941000,311.981000,OK
1,7,adjacent,620,30,32,3,REV,E2,E1,E4,E5,18.859000,304.719000,OK
1,7,adjacent,620,30,32,4,FWD,E1,E2,E5,E6,-22.637000,313.298000,OK
1,7,adjacent,620,30,32,5,REV,E2,E1,E5,E6,-18.762000,304.241000,OK
1,7,adjacent,620,30,32,6,FWD,E1,E2,E6,E7,-6.344000,313.298000,OK
1,7,adjacent,620,30,32,7,REV,E2,E1,E6,E7,-3.383000,303.722000,OK
1,7,adjacent,620,30,32,8,FWD,E1,E2,E7,E8,46.996000,313.418000,OK
1,7,adjacent,620,30,32,9,REV,E2,E1,E7,E8,49.512000,303.882000,OK
1,7,adjacent,620,30,32,10,FWD,E1,E2,E8,E9,-46.992000,314.096000,OK
1,7,adjacent,620,30,32,11,REV,E2,E1,E8,E9,-44.535000,303.483000,OK
1,7,adjacent,620,30,32,12,FWD,E1,E2,E9,E10,-24.027000,314.256000,OK
1,7,adjacent,620,30,32,13,REV,E2,E1,E9,E10,-17.336000,303.283000,OK
1,7,adjacent,620,30,32,14,FWD,E1,E2,E10,E11,61.438000,314.575000,OK
1,7,adjacent,620,30,32,15,REV,E2,E1,E10,E11,77.848000,303.203000,OK
1,7,adjacent,620,30,32,16,FWD,E1,E2,E11,E12,-83.633000,314.256000,OK
1,7,adjacent,620,30,32,17,REV,E2,E1,E11,E12,-38.484000,303.363000,OK
1,7,adjacent,620,30,32,18,FWD,E2,E3,E4,E5,-11.961000,315.133000,OK
1,7,adjacent,620,30,32,19,REV,E3,E2,E4,E5,32.188000,322.874000,OK
1,7,adjacent,620,30,32,20,FWD,E2,E3,E5,E6,-24.437000,321.717000,OK
1,7,adjacent,620,30,32,21,REV,E3,E2,E5,E6,-16.984000,321.118000,OK
1,7,adjacent,620,30,32,22,FWD,E2,E3,E6,E7,-7.262000,322.595000,OK
1,7,adjacent,620,30,32,23,REV,E3,E2,E6,E7,-2.465000,320.440000,OK
1,7,adjacent,620,30,32,24,FWD,E2,E3,E7,E8,46.613000,323.074000,OK
1,7,adjacent,620,30,32,25,REV,E3,E2,E7,E8,49.961000,319.802000,OK
1,7,adjacent,620,30,32,26,FWD,E2,E3,E8,E9,-47.035000,323.313000,OK
1,7,adjacent,620,30,32,27,REV,E3,E2,E8,E9,-44.551000,319.802000,OK
1,7,adjacent,620,30,32,28,FWD,E2,E3,E9,E10,-23.105000,323.113000,OK
1,7,adjacent,620,30,32,29,REV,E3,E2,E9,E10,-18.305000,320.281000,OK
1,7,adjacent,620,30,32,30,FWD,E2,E3,E10,E11,65.270000,323.313000,OK
1,7,adjacent,620,30,32,31,REV,E3,E2,E10,E11,74.457000,319.921000,OK
1,7,adjacent,620,30,32,32,FWD,E2,E3,E11,E12,-69.453000,323.074000,OK
1,7,adjacent,620,30,32,33,REV,E3,E2,E11,E12,-53.082000,319.921000,OK
1,7,adjacent,620,30,32,34,FWD,E2,E3,E12,E1,15.484000,323.433000,OK
1,7,adjacent,620,30,32,35,REV,E3,E2,E12,E1,50.895000,320.041000,OK
1,7,adjacent,620,30,32,36,FWD,E3,E4,E1,E2,-28.867000,344.500000,OK
1,7,adjacent,620,30,32,37,REV,E4,E3,E1,E2,4.504000,373.029000,OK
1,7,adjacent,620,30,32,38,FWD,E3,E4,E5,E6,-29.961000,353.159000,OK
1,7,adjacent,620,30,32,39,REV,E4,E3,E5,E6,-11.039000,370.036000,OK
1,7,adjacent,620,30,32,40,FWD,E3,E4,E6,E7,-9.758000,354.755000,OK
1,7,adjacent,620,30,32,41,REV,E4,E3,E6,E7,0.223000,369.358000,OK
1,7,adjacent,620,30,32,42,FWD,E3,E4,E7,E8,45.465000,354.954000,OK
1,7,adjacent,620,30,32,43,REV,E4,E3,E7,E8,51.297000,368.919000,OK
1,7,adjacent,620,30,32,44,FWD,E3,E4,E8,E9,-47.480000,355.393000,OK
1,7,adjacent,620,30,32,45,REV,E4,E3,E8,E9,-44.121000,368.720000,OK
1,7,adjacent,620,30,32,46,FWD,E3,E4,E9,E10,-23.000000,355.832000,OK
1,7,adjacent,620,30,32,47,REV,E4,E3,E9,E10,-18.414000,368.440000,OK
1,7,adjacent,620,30,32,48,FWD,E3,E4,E10,E11,66.656000,355.712000,OK
1,7,adjacent,620,30,32,49,REV,E4,E3,E10,E11,73.309000,368.321000,OK
1,7,adjacent,620,30,32,50,FWD,E3,E4,E11,E12,-65.250000,356.031000,OK
1,7,adjacent,620,30,32,51,REV,E4,E3,E11,E12,-57.574000,368.799000,OK
1,7,adjacent,620,30,32,52,FWD,E3,E4,E12,E1,26.754000,355.991000,OK
1,7,adjacent,620,30,32,53,REV,E4,E3,E12,E1,39.531000,368.121000,OK
1,7,adjacent,620,30,32,54,FWD,E4,E5,E1,E2,-26.672000,368.400000,OK
1,7,adjacent,620,30,32,55,REV,E5,E4,E1,E2,-4.492000,394.934000,OK
1,7,adjacent,620,30,32,56,FWD,E4,E5,E2,E3,-28.391000,378.176000,OK
1,7,adjacent,620,30,32,57,REV,E5,E4,E2,E3,23.473000,391.862000,OK
1,7,adjacent,620,30,32,58,FWD,E4,E5,E6,E7,-25.617000,379.812000,OK
1,7,adjacent,620,30,32,59,REV,E5,E4,E6,E7,16.504000,391.144000,OK
1,7,adjacent,620,30,32,60,FWD,E4,E5,E7,E8,38.941000,380.570000,OK
1,7,adjacent,620,30,32,61,REV,E5,E4,E7,E8,57.984000,390.465000,OK
1,7,adjacent,620,30,32,62,FWD,E4,E5,E8,E9,-50.117000,380.331000,OK
1,7,adjacent,620,30,32,63,REV,E5,E4,E8,E9,-41.469000,390.026000,OK
1,7,adjacent,620,30,32,64,FWD,E4,E5,E9,E10,-25.312000,380.730000,OK
1,7,adjacent,620,30,32,65,REV,E5,E4,E9,E10,-16.137000,390.426000,OK
1,7,adjacent,620,30,32,66,FWD,E4,E5,E10,E11,64.695000,381.288000,OK
1,7,adjacent,620,30,32,67,REV,E5,E4,E10,E11,75.391000,389.787000,OK
1,7,adjacent,620,30,32,68,FWD,E4,E5,E11,E12,-65.680000,381.328000,OK
1,7,adjacent,620,30,32,69,REV,E5,E4,E11,E12,-57.441000,389.747000,OK
1,7,adjacent,620,30,32,70,FWD,E4,E5,E12,E1,27.664000,381.767000,OK
1,7,adjacent,620,30,32,71,REV,E5,E4,E12,E1,38.496000,389.867000,OK
1,7,adjacent,620,30,32,72,FWD,E5,E6,E1,E2,-18.629000,416.600000,OK
1,7,adjacent,620,30,32,73,REV,E6,E5,E1,E2,-13.289000,422.466000,OK
1,7,adjacent,620,30,32,74,FWD,E5,E6,E2,E3,-10.570000,428.411000,OK
1,7,adjacent,620,30,32,75,REV,E6,E5,E2,E3,-0.770000,419.194000,OK
1,7,adjacent,620,30,32,76,FWD,E5,E6,E3,E4,5.012000,430.246000,OK
1,7,adjacent,620,30,32,77,REV,E6,E5,E3,E4,26.855000,418.236000,OK
1,7,adjacent,620,30,32,78,FWD,E5,E6,E7,E8,32.215000,430.885000,OK
1,7,adjacent,620,30,32,79,REV,E6,E5,E7,E8,63.855000,417.677000,OK
1,7,adjacent,620,30,32,80,FWD,E5,E6,E8,E9,-50.684000,431.363000,OK
1,7,adjacent,620,30,32,81,REV,E6,E5,E8,E9,-41.230000,417.478000,OK
1,7,adjacent,620,30,32,82,FWD,E5,E6,E9,E10,-24.340000,431.762000,OK
1,7,adjacent,620,30,32,83,REV,E6,E5,E9,E10,-17.422000,417.278000,OK
1,7,adjacent,620,30,32,84,FWD,E5,E6,E10,E11,66.945000,431.722000,OK
1,7,adjacent,620,30,32,85,REV,E6,E5,E10,E11,72.965000,417.358000,OK
1,7,adjacent,620,30,32,86,FWD,E5,E6,E11,E12,-63.238000,431.842000,OK
1,7,adjacent,620,30,32,87,REV,E6,E5,E11,E12,-60.246000,417.398000,OK
1,7,adjacent,620,30,32,88,FWD,E5,E6,E12,E1,31.441000,431.483000,OK
1,7,adjacent,620,30,32,89,REV,E6,E5,E12,E1,34.555000,417.159000,OK
1,7,adjacent,620,30,32,90,FWD,E6,E7,E1,E2,-18.062000,430.047000,OK
1,7,adjacent,620,30,32,91,REV,E7,E6,E1,E2,-13.871000,442.535000,OK
1,7,adjacent,620,30,32,92,FWD,E6,E7,E2,E3,-9.215000,442.256000,OK
1,7,adjacent,620,30,32,93,REV,E7,E6,E2,E3,-2.684000,438.904000,OK
1,7,adjacent,620,30,32,94,FWD,E6,E7,E3,E4,9.082000,443.972000,OK
1,7,adjacent,620,30,32,95,REV,E7,E6,E3,E4,21.152000,438.266000,OK
1,7,adjacent,620,30,32,96,FWD,E6,E7,E4,E5,-13.398000,444.929000,OK
1,7,adjacent,620,30,32,97,REV,E7,E6,E4,E5,34.723000,437.747000,OK
1,7,adjacent,620,30,32,98,FWD,E6,E7,E8,E9,-57.387000,444.890000,OK
1,7,adjacent,620,30,32,99,REV,E7,E6,E8,E9,-34.668000,437.707000,OK
1,7,adjacent,620,30,32,100,FWD,E6,E7,E9,E10,-27.242000,444.890000,OK
1,7,adjacent,620,30,32,101,REV,E7,E6,E9,E10,-14.566000,437.907000,OK
1,7,adjacent,620,30,32,102,FWD,E6,E7,E10,E11,65.434000,445.289000,OK
1,7,adjacent,620,30,32,103,REV,E7,E6,E10,E11,74.523000,437.468000,OK
1,7,adjacent,620,30,32,104,FWD,E6,E7,E11,E12,-63.477000,445.249000,OK
1,7,adjacent,620,30,32,105,REV,E7,E6,E11,E12,-60.109000,437.229000,OK
1,7,adjacent,620,30,32,106,FWD,E6,E7,E12,E1,31.566000,445.408000,OK
1,7,adjacent,620,30,32,107,REV,E7,E6,E12,E1,34.512000,437.468000,OK
1,7,adjacent,620,30,32,108,FWD,E7,E8,E1,E2,-17.664000,403.912000,OK
1,7,adjacent,620,30,32,109,REV,E8,E7,E1,E2,-14.016000,485.827000,OK
1,7,adjacent,620,30,32,110,FWD,E7,E8,E2,E3,-8.223000,419.952000,OK
1,7,adjacent,620,30,32,111,REV,E8,E7,E2,E3,-3.617000,480.082000,OK
1,7,adjacent,620,30,32,112,FWD,E7,E8,E3,E4,11.805000,423.463000,OK
1,7,adjacent,620,30,32,113,REV,E8,E7,E3,E4,18.902000,477.847000,OK
1,7,adjacent,620,30,32,114,FWD,E7,E8,E4,E5,-0.281000,424.580000,OK
1,7,adjacent,620,30,32,115,REV,E8,E7,E4,E5,21.801000,476.690000,OK
1,7,adjacent,620,30,32,116,FWD,E7,E8,E5,E6,-34.977000,425.338000,OK
1,7,adjacent,620,30,32,117,REV,E8,E7,E5,E6,-1.727000,475.812000,OK
1,7,adjacent,620,30,32,118,FWD,E7,E8,E9,E10,-39.137000,426.136000,OK
1,7,adjacent,620,30,32,119,REV,E8,E7,E9,E10,-0.426000,475.453000,OK
1,7,adjacent,620,30,32,120,FWD,E7,E8,E10,E11,60.348000,426.256000,OK
1,7,adjacent,620,30,32,121,REV,E8,E7,E10,E11,80.848000,475.134000,OK
1,7,adjacent,620,30,32,122,FWD,E7,E8,E11,E12,-64.102000,426.655000,OK
1,7,adjacent,620,30,32,123,REV,E8,E7,E11,E12,-59.289000,475.373000,OK
1,7,adjacent,620,30,32,124,FWD,E7,E8,E12,E1,31.609000,426.456000,OK
1,7,adjacent,620,30,32,125,REV,E8,E7,E12,E1,34.715000,475.014000,OK
1,7,adjacent,620,30,32,126,FWD,E8,E9,E1,E2,-17.379000,348.969000,OK
1,7,adjacent,620,30,32,127,REV,E9,E8,E1,E2,-14.676000,341.029000,OK
1,7,adjacent,620,30,32,128,FWD,E8,E9,E2,E3,-7.516000,362.256000,OK
1,7,adjacent,620,30,32,129,REV,E9,E8,E2,E3,-4.855000,336.680000,OK
1,7,adjacent,620,30,32,130,FWD,E8,E9,E3,E4,13.492000,364.131000,OK
1,7,adjacent,620,30,32,131,REV,E9,E8,E3,E4,16.687000,335.882000,OK
1,7,adjacent,620,30,32,132,FWD,E8,E9,E4,E5,5.996000,364.929000,OK
1,7,adjacent,620,30,32,133,REV,E9,E8,E4,E5,13.770000,335.642000,OK
1,7,adjacent,620,30,32,134,FWD,E8,E9,E5,E6,-24.184000,364.969000,OK
1,7,adjacent,620,30,32,135,REV,E9,E8,E5,E6,-16.469000,335.483000,OK
1,7,adjacent,620,30,32,136,FWD,E8,E9,E6,E7,-12.766000,364.770000,OK
1,7,adjacent,620,30,32,137,REV,E9,E8,E6,E7,4.922000,335.722000,OK
1,7,adjacent,620,30,32,138,FWD,E8,E9,E10,E11,40.910000,364.929000,OK
1,7,adjacent,620,30,32,139,REV,E9,E8,E10,E11,96.473000,335.882000,OK
1,7,adjacent,620,30,32,140,FWD,E8,E9,E11,E12,-65.742000,364.650000,OK
1,7,adjacent,620,30,32,141,REV,E9,E8,E11,E12,-58.320000,335.363000,OK
1,7,adjacent,620,30,32,142,FWD,E8,E9,E12,E1,31.398000,364.929000,OK
1,7,adjacent,620,30,32,143,REV,E9,E8,E12,E1,34.668000,335.762000,OK
1,7,adjacent,620,30,32,144,FWD,E9,E10,E1,E2,-18.449000,217.776000,OK
1,7,adjacent,620,30,32,145,REV,E10,E9,E1,E2,-13.672000,214.106000,OK
1,7,adjacent,620,30,32,146,FWD,E9,E10,E2,E3,-7.867000,223.522000,OK
1,7,adjacent,620,30,32,147,REV,E10,E9,E2,E3,-4.621000,212.948000,OK
1,7,adjacent,620,30,32,148,FWD,E9,E10,E3,E4,13.762000,223.921000,OK
1,7,adjacent,620,30,32,149,REV,E10,E9,E3,E4,16.516000,212.749000,OK
1,7,adjacent,620,30,32,150,FWD,E9,E10,E4,E5,7.336000,223.801000,OK
1,7,adjacent,620,30,32,151,REV,E10,E9,E4,E5,12.547000,212.789000,OK
1,7,adjacent,620,30,32,152,FWD,E9,E10,E5,E6,-22.207000,224.001000,OK
1,7,adjacent,620,30,32,153,REV,E10,E9,E5,E6,-18.691000,213.028000,OK
1,7,adjacent,620,30,32,154,FWD,E9,E10,E6,E7,-7.699000,224.240000,OK
1,7,adjacent,620,30,32,155,REV,E10,E9,E6,E7,-1.410000,212.869000,OK
1,7,adjacent,620,30,32,156,FWD,E9,E10,E7,E8,38.426000,224.160000,OK
1,7,adjacent,620,30,32,157,REV,E10,E9,E7,E8,57.316000,212.709000,OK
1,7,adjacent,620,30,32,158,FWD,E9,E10,E11,E12,-78.789000,224.041000,OK
1,7,adjacent,620,30,32,159,REV,E10,E9,E11,E12,-46.406000,212.789000,OK
1,7,adjacent,620,30,32,160,FWD,E9,E10,E12,E1,28.824000,224.160000,OK
1,7,adjacent,620,30,32,161,REV,E10,E9,E12,E1,37.125000,212.749000,OK
1,7,adjacent,620,30,32,162,FWD,E10,E11,E1,E2,-21.504000,203.532000,OK
1,7,adjacent,620,30,32,163,REV,E11,E10,E1,E2,-9.363000,251.851000,OK
1,7,adjacent,620,30,32,164,FWD,E10,E11,E2,E3,-9.191000,210.275000,OK
1,7,adjacent,620,30,32,165,REV,E11,E10,E2,E3,-2.656000,250.295000,OK
1,7,adjacent,620,30,32,166,FWD,E10,E11,E3,E4,13.254000,210.834000,OK
1,7,adjacent,620,30,32,167,REV,E11,E10,E3,E4,17.484000,249.737000,OK
1,7,adjacent,620,30,32,168,FWD,E10,E11,E4,E5,7.086000,211.791000,OK
1,7,adjacent,620,30,32,169,REV,E11,E10,E4,E5,13.508000,249.378000,OK
1,7,adjacent,620,30,32,170,FWD,E10,E11,E5,E6,-22.000000,211.991000,OK
1,7,adjacent,620,30,32,171,REV,E11,E10,E5,E6,-18.754000,249.058000,OK
1,7,adjacent,620,30,32,172,FWD,E10,E11,E6,E7,-6.867000,211.991000,OK
1,7,adjacent,620,30,32,173,REV,E11,E10,E6,E7,-2.090000,249.178000,OK
1,7,adjacent,620,30,32,174,FWD,E10,E11,E7,E8,43.184000,212.510000,OK
1,7,adjacent,620,30,32,175,REV,E11,E10,E7,E8,53.898000,248.859000,OK
1,7,adjacent,620,30,32,176,FWD,E10,E11,E8,E9,-62.434000,212.350000,OK
1,7,adjacent,620,30,32,177,REV,E11,E10,E8,E9,-24.930000,248.859000,OK
1,7,adjacent,620,30,32,178,FWD,E10,E11,E12,E1,20.027000,212.111000,OK
1,7,adjacent,620,30,32,179,REV,E11,E10,E12,E1,48.570000,249.218000,OK
1,7,adjacent,620,30,32,180,FWD,E11,E12,E1,E2,-36.590000,276.191000,OK
1,7,adjacent,620,30,32,181,REV,E12,E11,E1,E2,2.047000,249.617000,OK
1,7,adjacent,620,30,32,182,FWD,E11,E12,E2,E3,-13.426000,282.176000,OK
1,7,adjacent,620,30,32,183,REV,E12,E11,E2,E3,-0.004000,247.422000,OK
1,7,adjacent,620,30,32,184,FWD,E11,E12,E3,E4,12.227000,283.333000,OK
1,7,adjacent,620,30,32,185,REV,E12,E11,E3,E4,17.793000,247.303000,OK
1,7,adjacent,620,30,32,186,FWD,E11,E12,E4,E5,6.965000,283.812000,OK
1,7,adjacent,620,30,32,187,REV,E12,E11,E4,E5,12.664000,246.624000,OK
1,7,adjacent,620,30,32,188,FWD,E11,E12,E5,E6,-21.578000,283.413000,OK
1,7,adjacent,620,30,32,189,REV,E12,E11,E5,E6,-19.707000,246.984000,OK
1,7,adjacent,620,30,32,190,FWD,E11,E12,E6,E7,-5.852000,283.612000,OK
1,7,adjacent,620,30,32,191,REV,E12,E11,E6,E7,-3.832000,247.023000,OK
1,7,adjacent,620,30,32,192,FWD,E11,E12,E7,E8,46.668000,283.492000,OK
1,7,adjacent,620,30,32,193,REV,E12,E11,E7,E8,49.531000,247.223000,OK
1,7,adjacent,620,30,32,194,FWD,E11,E12,E8,E9,-48.617000,283.453000,OK
1,7,adjacent,620,30,32,195,REV,E12,E11,E8,E9,-42.969000,247.263000,OK
1,7,adjacent,620,30,32,196,FWD,E11,E12,E9,E10,-40.867000,283.572000,OK
1,7,adjacent,620,30,32,197,REV,E12,E11,E9,E10,-1.762000,246.465000,OK
1,7,adjacent,620,30,32,198,FWD,E12,E1,E2,E3,-19.512000,238.006000,OK
1,7,adjacent,620,30,32,199,REV,E1,E12,E2,E3,8.359000,267.213000,OK
1,7,adjacent,620,30,32,200,FWD,E12,E1,E3,E4,10.891000,244.031000,OK
1,7,adjacent,620,30,32,201,REV,E1,E12,E3,E4,19.898000,265.657000,OK
1,7,adjacent,620,30,32,202,FWD,E12,E1,E4,E5,6.555000,244.310000,OK
1,7,adjacent,620,30,32,203,REV,E1,E12,E4,E5,13.781000,265.138000,OK
1,7,adjacent,620,30,32,204,FWD,E12,E1,E5,E6,-21.520000,244.949000,OK
1,7,adjacent,620,30,32,205,REV,E1,E12,E5,E6,-19.629000,264.939000,OK
1,7,adjacent,620,30,32,206,FWD,E12,E1,E6,E7,-5.672000,245.228000,OK
1,7,adjacent,620,30,32,207,REV,E1,E12,E6,E7,-3.984000,264.540000,OK
1,7,adjacent,620,30,32,208,FWD,E12,E1,E7,E8,47.406000,245.188000,OK
1,7,adjacent,620,30,32,209,REV,E1,E12,E7,E8,49.207000,264.460000,OK
1,7,adjacent,620,30,32,210,FWD,E12,E1,E8,E9,-46.836000,245.587000,OK
1,7,adjacent,620,30,32,211,REV,E1,E12,E8,E9,-44.434000,264.540000,OK
1,7,adjacent,620,30,32,212,FWD,E12,E1,E9,E10,-25.148000,245.308000,OK
1,7,adjacent,620,30,32,213,REV,E1,E12,E9,E10,-15.332000,264.340000,OK
1,7,adjacent,620,30,32,214,FWD,E12,E1,E10,E11,54.426000,245.268000,OK
1,7,adjacent,620,30,32,215,REV,E1,E12,E10,E11,86.578000,264.500000,OK
2,8,adjacent,620,30,32,0,FWD,E1,E2,E3,E4,0.027000,304.081000,OK
2,8,adjacent,620,30,32,1,REV,E2,E1,E3,E4,30.180000,306.994000,OK
2,8,adjacent,620,30,32,2,FWD,E1,E2,E4,E5,0.922000,311.542000,OK
2,8,adjacent,620,30,32,3,REV,E2,E1,E4,E5,18.895000,305.039000,OK
2,8,adjacent,620,30,32,4,FWD,E1,E2,E5,E6,-22.617000,312.819000,OK
2,8,adjacent,620,30,32,5,REV,E2,E1,E5,E6,-18.723000,304.081000,OK
2,8,adjacent,620,30,32,6,FWD,E1,E2,E6,E7,-6.367000,313.059000,OK
2,8,adjacent,620,30,32,7,REV,E2,E1,E6,E7,-3.418000,303.921000,OK
2,8,adjacent,620,30,32,8,FWD,E1,E2,E7,E8,47.004000,313.936000,OK
2,8,adjacent,620,30,32,9,REV,E2,E1,E7,E8,49.543000,303.363000,OK
2,8,adjacent,620,30,32,10,FWD,E1,E2,E8,E9,-46.996000,313.936000,OK
2,8,adjacent,620,30,32,11,REV,E2,E1,E8,E9,-44.539000,303.283000,OK
2,8,adjacent,620,30,32,12,FWD,E1,E2,E9,E10,-24.016000,314.176000,OK
2,8,adjacent,620,30,32,13,REV,E2,E1,E9,E10,-17.293000,303.642000,OK
2,8,adjacent,620,30,32,14,FWD,E1,E2,E10,E11,61.473000,314.096000,OK
2,8,adjacent,620,30,32,15,REV,E2,E1,E10,E11,77.883000,303.283000,OK
2,8,adjacent,620,30,32,16,FWD,E1,E2,E11,E12,-83.711000,314.256000,OK
2,8,adjacent,620,30,32,17,REV,E2,E1,E11,E12,-38.559000,303.243000,OK
2,8,adjacent,620,30,32,18,FWD,E2,E3,E4,E5,-11.949000,315.293000,OK
2,8,adjacent,620,30,32,19,REV,E3,E2,E4,E5,32.160000,322.794000,OK
2,8,adjacent,620,30,32,20,FWD,E2,E3,E5,E6,-24.430000,321.637000,OK
2,8,adjacent,620,30,32,21,REV,E3,E2,E5,E6,-16.945000,320.719000,OK
2,8,adjacent,620,30,32,22,FWD,E2,E3,E6,E7,-7.309000,322.475000,OK
2,8,adjacent,620,30,32,23,REV,E3,E2,E6,E7,-2.508000,320.520000,OK
2,8,adjacent,620,30,32,24,FWD,E2,E3,E7,E8,46.633000,322.834000,OK
2,8,adjacent,620,30,32,25,REV,E3,E2,E7,E8,49.953000,320.320000,OK
2,8,adjacent,620,30,32,26,FWD,E2,E3,E8,E9,-47.055000,322.874000,OK
2,8,adjacent,620,30,32,27,REV,E3,E2,E8,E9,-44.559000,319.921000,OK
2,8,adjacent,620,30,32,28,FWD,E2,E3,E9,E10,-23.059000,323.512000,OK
2,8,adjacent,620,30,32,29,REV,E3,E2,E9,E10,-18.293000,320.001000,OK
2,8,adjacent,620,30,32,30,FWD,E2,E3,E10,E11,65.254000,323.273000,OK
2,8,adjacent,620,30,32,31,REV,E3,E2,E10,E11,74.488000,319.802000,OK
2,8,adjacent,620,30,32,32,FWD,E2,E3,E11,E12,-69.539000,323.353000,OK
2,8,adjacent,620,30,32,33,REV,E3,E2,E11,E12,-53.156000,319.882000,OK
2,8,adjacent,620,30,32,34,FWD,E2,E3,E12,E1,15.547000,323.393000,OK
2,8,adjacent,620,30,32,35,REV,E3,E2,E12,E1,50.910000,320.161000,OK
2,8,adjacent,620,30,32,36,FWD,E3,E4,E1,E2,-28.875000,344.620000,OK
2,8,adjacent,620,30,32,37,REV,E4,E3,E1,E2,4.527000,373.069000,OK
2,8,adjacent,620,30,32,38,FWD,E3,E4,E5,E6,-29.949000,353.079000,OK
2,8,adjacent,620,30,32,39,REV,E4,E3,E5,E6,-11.020000,370.515000,OK
2,8,adjacent,620,30,32,40,FWD,E3,E4,E6,E7,-9.793000,354.755000,OK
2,8,adjacent,620,30,32,41,REV,E4,E3,E6,E7,0.223000,369.478000,OK
2,8,adjacent,620,30,32,42,FWD,E3,E4,E7,E8,45.477000,355.193000,OK
2,8,adjacent,620,30,32,43,REV,E4,E3,E7,E8,51.301000,368.959000,OK
2,8,adjacent,620,30,32,44,FWD,E3,E4,E8,E9,-47.492000,355.872000,OK
2,8,adjacent,620,30,32,45,REV,E4,E3,E8,E9,-44.109000,368.839000,OK
2,8,adjacent,620,30,32,46,FWD,E3,E4,E9,E10,-22.988000,355.752000,OK
2,8,adjacent,620,30,32,47,REV,E4,E3,E9,E10,-18.367000,368.879000,OK
2,8,adjacent,620,30,32,48,FWD,E3,E4,E10,E11,66.699000,355.632000,OK
2,8,adjacent,620,30,32,49,REV,E4,E3,E10,E11,73.363000,368.440000,OK
2,8,adjacent,620,30,32,50,FWD,E3,E4,E11,E12,-65.297000,355.832000,OK
2,8,adjacent,620,30,32,51,REV,E4,E3,E11,E12,-57.633000,368.680000,OK
2,8,adjacent,620,30,32,52,FWD,E3,E4,E12,E1,26.773000,355.832000,OK
2,8,adjacent,620,30,32,53,REV,E4,E3,E12,E1,39.555000,368.361000,OK
2,8,adjacent,620,30,32,54,FWD,E4,E5,E1,E2,-26.656000,368.640000,OK
2,8,adjacent,620,30,32,55,REV,E5,E4,E1,E2,-4.492000,394.974000,OK
2,8,adjacent,620,30,32,56,FWD,E4,E5,E2,E3,-28.410000,378.376000,OK
2,8,adjacent,620,30,32,57,REV,E5,E4,E2,E3,23.465000,391.942000,OK
2,8,adjacent,620,30,32,58,FWD,E4,E5,E6,E7,-25.676000,379.732000,OK
2,8,adjacent,620,30,32,59,REV,E5,E4,E6,E7,16.465000,391.184000,OK
2,8,adjacent,620,30,32,60,FWD,E4,E5,E7,E8,38.938000,380.530000,OK
2,8,adjacent,620,30,32,61,REV,E5,E4,E7,E8,57.992000,390.785000,OK
2,8,adjacent,620,30,32,62,FWD,E4,E5,E8,E9,-50.125000,380.530000,OK
2,8,adjacent,620,30,32,63,REV,E5,E4,E8,E9,-41.504000,390.346000,OK
2,8,adjacent,620,30,32,64,FWD,E4,E5,E9,E10,-25.285000,380.809000,OK
2,8,adjacent,620,30,32,65,REV,E5,E4,E9,E10,-16.113000,390.066000,OK
2,8,adjacent,620,30,32,66,FWD,E4,E5,E10,E11,64.711000,381.288000,OK
2,8,adjacent,620,30,32,67,REV,E5,E4,E10,E11,75.410000,389.588000,OK
2,8,adjacent,620,30,32,68,FWD,E4,E5,E11,E12,-65.738000,381.568000,OK
2,8,adjacent,620,30,32,69,REV,E5,E4,E11,E12,-57.496000,389.707000,OK
2,8,adjacent,620,30,32,70,FWD,E4,E5,E12,E1,27.680000,381.767000,OK
2,8,adjacent,620,30,32,71,REV,E5,E4,E12,E1,38.500000,389.667000,OK
2,8,adjacent,620,30,32,72,FWD,E5,E6,E1,E2,-18.609000,416.680000,OK
2,8,adjacent,620,30,32,73,REV,E6,E5,E1,E2,-13.270000,422.226000,OK
2,8,adjacent,620,30,32,74,FWD,E5,E6,E2,E3,-10.570000,428.411000,OK
2,8,adjacent,620,30,32,75,REV,E6,E5,E2,E3,-0.746000,419.393000,OK
2,8,adjacent,620,30,32,76,FWD,E5,E6,E3,E4,4.973000,430.406000,OK
2,8,adjacent,620,30,32,77,REV,E6,E5,E3,E4,26.867000,418.037000,OK
2,8,adjacent,620,30,32,78,FWD,E5,E6,E7,E8,32.215000,430.805000,OK
2,8,adjacent,620,30,32,79,REV,E6,E5,E7,E8,63.844000,417.318000,OK
2,8,adjacent,620,30,32,80,FWD,E5,E6,E8,E9,-50.699000,431.363000,OK
2,8,adjacent,620,30,32,81,REV,E6,E5,E8,E9,-41.246000,417.239000,OK
2,8,adjacent,620,30,32,82,FWD,E5,E6,E9,E10,-24.332000,431.603000,OK
2,8,adjacent,620,30,32,83,REV,E6,E5,E9,E10,-17.391000,417.199000,OK
2,8,adjacent,620,30,32,84,FWD,E5,E6,E10,E11,66.980000,431.643000,OK
2,8,adjacent,620,30,32,85,REV,E6,E5,E10,E11,72.953000,417.079000,OK
2,8,adjacent,620,30,32,86,FWD,E5,E6,E11,E12,-63.309000,431.802000,OK
2,8,adjacent,620,30,32,87,REV,E6,E5,E11,E12,-60.281000,417.358000,OK
2,8,adjacent,620,30,32,88,FWD,E5,E6,E12,E1,31.441000,431.403000,OK
2,8,adjacent,620,30,32,89,REV,E6,E5,E12,E1,34.551000,417.199000,OK
2,8,adjacent,620,30,32,90,FWD,E6,E7,E1,E2,-18.047000,429.927000,OK
2,8,adjacent,620,30,32,91,REV,E7,E6,E1,E2,-13.836000,442.615000,OK
2,8,adjacent,620,30,32,92,FWD,E6,E7,E2,E3,-9.223000,442.575000,OK
2,8,adjacent,620,30,32,93,REV,E7,E6,E2,E3,-2.695000,439.024000,OK
2,8,adjacent,620,30,32,94,FWD,E6,E7,E3,E4,9.086000,444.131000,OK
2,8,adjacent,620,30,32,95,REV,E7,E6,E3,E4,21.156000,438.226000,OK
2,8,adjacent,620,30,32,96,FWD,E6,E7,E4,E5,-13.391000,444.890000,OK
2,8,adjacent,620,30,32,97,REV,E7,E6,E4,E5,34.676000,437.827000,OK
2,8,adjacent,620,30,32,98,FWD,E6,E7,E8,E9,-57.379000,444.850000,OK
2,8,adjacent,620,30,32,99,REV,E7,E6,E8,E9,-34.660000,437.787000,OK
2,8,adjacent,620,30,32,100,FWD,E6,E7,E9,E10,-27.211000,445.009000,OK
2,8,adjacent,620,30,32,101,REV,E7,E6,E9,E10,-14.566000,437.548000,OK
2,8,adjacent,620,30,32,102,FWD,E6,E7,E10,E11,65.438000,445.249000,OK
2,8,adjacent,620,30,32,103,REV,E7,E6,E10,E11,74.563000,437.468000,OK
2,8,adjacent,620,30,32,104,FWD,E6,E7,E11,E12,-63.500000,445.328000,OK
2,8,adjacent,620,30,32,105,REV,E7,E6,E11,E12,-60.129000,437.308000,OK
2,8,adjacent,620,30,32,106,FWD,E6,E7,E12,E1,31.570000,445.608000,OK
2,8,adjacent,620,30,32,107,REV,E7,E6,E12,E1,34.512000,437.468000,OK
2,8,adjacent,620,30,32,108,FWD,E7,E8,E1,E2,-17.637000,403.672000,OK
2,8,adjacent,620,30,32,109,REV,E8,E7,E1,E2,-13.992000,486.107000,OK
2,8,adjacent,620,30,32,110,FWD,E7,E8,E2,E3,-8.230000,420.151000,OK
2,8,adjacent,620,30,32,111,REV,E8,E7,E2,E3,-3.621000,479.882000,OK
2,8,adjacent,620,30,32,112,FWD,E7,E8,E3,E4,11.816000,423.224000,OK
2,8,adjacent,620,30,32,113,REV,E8,E7,E3,E4,18.914000,477.448000,OK
2,8,adjacent,620,30,32,114,FWD,E7,E8,E4,E5,-0.281000,424.540000,OK
2,8,adjacent,620,30,32,115,REV,E8,E7,E4,E5,21.801000,476.291000,OK
2,8,adjacent,620,30,32,116,FWD,E7,E8,E5,E6,-34.938000,425.538000,OK
2,8,adjacent,620,30,32,117,REV,E8,E7,E5,E6,-1.723000,476.211000,OK
2,8,adjacent,620,30,32,118,FWD,E7,E8,E9,E10,-39.109000,425.578000,OK
2,8,adjacent,620,30,32,119,REV,E8,E7,E9,E10,-0.355000,475.493000,OK
2,8,adjacent,620,30,32,120,FWD,E7,E8,E10,E11,60.359000,426.296000,OK
2,8,adjacent,620,30,32,121,REV,E8,E7,E10,E11,80.879000,475.174000,OK
2,8,adjacent,620,30,32,122,FWD,E7,E8,E11,E12,-64.133000,426.575000,OK
2,8,adjacent,620,30,32,123,REV,E8,E7,E11,E12,-59.328000,474.935000,OK
2,8,adjacent,620,30,32,124,FWD,E7,E8,E12,E1,31.609000,426.655000,OK
2,8,adjacent,620,30,32,125,REV,E8,E7,E12,E1,34.699000,474.815000,OK
2,8,adjacent,620,30,32,126,FWD,E8,E9,E1,E2,-17.375000,348.610000,OK
2,8,adjacent,620,30,32,127,REV,E9,E8,E1,E2,-14.652000,340.749000,OK
2,8,adjacent,620,30,32,128,FWD,E8,E9,E2,E3,-7.543000,362.176000,OK
2,8,adjacent,620,30,32,129,REV,E9,E8,E2,E3,-4.863000,336.680000,OK
2,8,adjacent,620,30,32,130,FWD,E8,E9,E3,E4,13.500000,364.410000,OK
2,8,adjacent,620,30,32,131,REV,E9,E8,E3,E4,16.715000,335.961000,OK
2,8,adjacent,620,30,32,132,FWD,E8,E9,E4,E5,5.969000,364.770000,OK
2,8,adjacent,620,30,32,133,REV,E9,E8,E4,E5,13.777000,335.602000,OK
2,8,adjacent,620,30,32,134,FWD,E8,E9,E5,E6,-24.180000,364.490000,OK
2,8,adjacent,620,30,32,135,REV,E9,E8,E5,E6,-16.457000,336.121000,OK
2,8,adjacent,620,30,32,136,FWD,E8,E9,E6,E7,-12.727000,364.889000,OK
2,8,adjacent,620,30,32,137,REV,E9,E8,E6,E7,4.977000,335.203000,OK
2,8,adjacent,620,30,32,138,FWD,E8,E9,E10,E11,40.973000,365.169000,OK
2,8,adjacent,620,30,32,139,REV,E9,E8,E10,E11,96.539000,335.323000,OK
2,8,adjacent,620,30,32,140,FWD,E8,E9,E11,E12,-65.758000,365.208000,OK
2,8,adjacent,620,30,32,141,REV,E9,E8,E11,E12,-58.359000,335.802000,OK
2,8,adjacent,620,30,32,142,FWD,E8,E9,E12,E1,31.375000,364.610000,OK
2,8,adjacent,620,30,32,143,REV,E9,E8,E12,E1,34.645000,335.722000,OK
2,8,adjacent,620,30,32,144,FWD,E9,E10,E1,E2,-18.398000,217.577000,OK
2,8,adjacent,620,30,32,145,REV,E10,E9,E1,E2,-13.660000,214.425000,OK
2,8,adjacent,620,30,32,146,FWD,E9,E10,E2,E3,-7.867000,223.442000,OK
2,8,adjacent,620,30,32,147,REV,E10,E9,E2,E3,-4.633000,212.829000,OK
2,8,adjacent,620,30,32,148,FWD,E9,E10,E3,E4,13.781000,223.841000,OK
2,8,adjacent,620,30,32,149,REV,E10,E9,E3,E4,16.523000,212.549000,OK
2,8,adjacent,620,30,32,150,FWD,E9,E10,E4,E5,7.332000,224.041000,OK
2,8,adjacent,620,30,32,151,REV,E10,E9,E4,E5,12.563000,212.909000,OK
2,8,adjacent,620,30,32,152,FWD,E9,E10,E5,E6,-22.203000,223.841000,OK
2,8,adjacent,620,30,32,153,REV,E10,E9,E5,E6,-18.687000,212.789000,OK
2,8,adjacent,620,30,32,154,FWD,E9,E10,E6,E7,-7.645000,224.041000,OK
2,8,adjacent,620,30,32,155,REV,E10,E9,E6,E7,-1.391000,213.108000,OK
2,8,adjacent,620,30,32,156,FWD,E9,E10,E7,E8,38.379000,224.240000,OK
2,8,adjacent,620,30,32,157,REV,E10,E9,E7,E8,57.320000,212.390000,OK
2,8,adjacent,620,30,32,158,FWD,E9,E10,E11,E12,-78.832000,224.081000,OK
2,8,adjacent,620,30,32,159,REV,E10,E9,E11,E12,-46.441000,212.909000,OK
2,8,adjacent,620,30,32,160,FWD,E9,E10,E12,E1,28.789000,223.881000,OK
2,8,adjacent,620,30,32,161,REV,E10,E9,E12,E1,37.102000,212.909000,OK
2,8,adjacent,620,30,32,162,FWD,E10,E11,E1,E2,-21.512000,203.093000,OK
2,8,adjacent,620,30,32,163,REV,E11,E10,E1,E2,-9.352000,251.732000,OK
2,8,adjacent,620,30,32,164,FWD,E10,E11,E2,E3,-9.195000,210.036000,OK
2,8,adjacent,620,30,32,165,REV,E11,E10,E2,E3,-2.672000,250.096000,OK
2,8,adjacent,620,30,32,166,FWD,E10,E11,E3,E4,13.266000,211.472000,OK
2,8,adjacent,620,30,32,167,REV,E11,E10,E3,E4,17.488000,249.417000,OK
2,8,adjacent,620,30,32,168,FWD,E10,E11,E4,E5,7.094000,211.592000,OK
2,8,adjacent,620,30,32,169,REV,E11,E10,E4,E5,13.496000,249.378000,OK
2,8,adjacent,620,30,32,170,FWD,E10,E11,E5,E6,-22.000000,211.911000,OK
2,8,adjacent,620,30,32,171,REV,E11,E10,E5,E6,-18.742000,249.697000,OK
2,8,adjacent,620,30,32,172,FWD,E10,E11,E6,E7,-6.820000,211.352000,OK
2,8,adjacent,620,30,32,173,REV,E11,E10,E6,E7,-2.063000,249.098000,OK
2,8,adjacent,620,30,32,174,FWD,E10,E11,E7,E8,43.133000,212.310000,OK
2,8,adjacent,620,30,32,175,REV,E11,E10,E7,E8,53.859000,249.178000,OK
2,8,adjacent,620,30,32,176,FWD,E10,E11,E8,E9,-62.457000,212.390000,OK
2,8,adjacent,620,30,32,177,REV,E11,E10,E8,E9,-24.910000,248.859000,OK
2,8,adjacent,620,30,32,178,FWD,E10,E11,E12,E1,19.984000,212.270000,OK
2,8,adjacent,620,30,32,179,REV,E11,E10,E12,E1,48.578000,249.258000,OK
2,8,adjacent,620,30,32,180,FWD,E11,E12,E1,E2,-36.559000,275.991000,OK
2,8,adjacent,620,30,32,181,REV,E12,E11,E1,E2,2.055000,249.457000,OK
2,8,adjacent,620,30,32,182,FWD,E11,E12,E2,E3,-13.426000,282.415000,OK
2,8,adjacent,620,30,32,183,REV,E12,E11,E2,E3,-0.008000,247.383000,OK
2,8,adjacent,620,30,32,184,FWD,E11,E12,E3,E4,12.230000,283.492000,OK
2,8,adjacent,620,30,32,185,REV,E12,E11,E3,E4,17.793000,247.023000,OK
2,8,adjacent,620,30,32,186,FWD,E11,E12,E4,E5,6.961000,283.492000,OK
2,8,adjacent,620,30,32,187,REV,E12,E11,E4,E5,12.664000,247.223000,OK
2,8,adjacent,620,30,32,188,FWD,E11,E12,E5,E6,-21.562000,283.133000,OK
2,8,adjacent,620,30,32,189,REV,E12,E11,E5,E6,-19.707000,247.343000,OK
2,8,adjacent,620,30,32,190,FWD,E11,E12,E6,E7,-5.816000,283.413000,OK
2,8,adjacent,620,30,32,191,REV,E12,E11,E6,E7,-3.793000,246.824000,OK
2,8,adjacent,620,30,32,192,FWD,E11,E12,E7,E8,46.578000,283.692000,OK
2,8,adjacent,620,30,32,193,REV,E12,E11,E7,E8,49.473000,247.023000,OK
2,8,adjacent,620,30,32,194,FWD,E11,E12,E8,E9,-48.648000,283.652000,OK
2,8,adjacent,620,30,32,195,REV,E12,E11,E8,E9,-42.977000,247.303000,OK
2,8,adjacent,620,30,32,196,FWD,E11,E12,E9,E10,-40.906000,283.532000,OK
2,8,adjacent,620,30,32,197,REV,E12,E11,E9,E10,-1.922000,246.984000,OK
2,8,adjacent,620,30,32,198,FWD,E12,E1,E2,E3,-19.531000,238.086000,OK
2,8,adjacent,620,30,32,199,REV,E1,E12,E2,E3,8.301000,267.333000,OK
2,8,adjacent,620,30,32,200,FWD,E12,E1,E3,E4,10.891000,243.472000,OK
2,8,adjacent,620,30,32,201,REV,E1,E12,E3,E4,19.922000,265.497000,OK
2,8,adjacent,620,30,32,202,FWD,E12,E1,E4,E5,6.562000,244.550000,OK
2,8,adjacent,620,30,32,203,REV,E1,E12,E4,E5,13.766000,265.058000,OK
2,8,adjacent,620,30,32,204,FWD,E12,E1,E5,E6,-21.500000,245.108000,OK
2,8,adjacent,620,30,32,205,REV,E1,E12,E5,E6,-19.621000,265.058000,OK
2,8,adjacent,620,30,32,206,FWD,E12,E1,E6,E7,-5.598000,244.709000,OK
2,8,adjacent,620,30,32,207,REV,E1,E12,E6,E7,-3.891000,264.380000,OK
2,8,adjacent,620,30,32,208,FWD,E12,E1,E7,E8,47.328000,245.587000,OK
2,8,adjacent,620,30,32,209,REV,E1,E12,E7,E8,49.129000,264.141000,OK
2,8,adjacent,620,30,32,210,FWD,E12,E1,E8,E9,-46.867000,245.427000,OK
2,8,adjacent,620,30,32,211,REV,E1,E12,E8,E9,-44.461000,264.340000,OK
2,8,adjacent,620,30,32,212,FWD,E12,E1,E9,E10,-25.215000,244.869000,OK
2,8,adjacent,620,30,32,213,REV,E1,E12,E9,E10,-15.398000,264.420000,OK
2,8,adjacent,620,30,32,214,FWD,E12,E1,E10,E11,54.563000,245.188000,OK
2,8,adjacent,620,30,32,215,REV,E1,E12,E10,E11,86.664000,264.141000,OK
3,9,adjacent,620,30,32,0,FWD,E1,E2,E3,E4,0.070000,303.483000,OK
3,9,adjacent,620,30,32,1,REV,E2,E1,E3,E4,30.184000,307.393000,OK
3,9,adjacent,620,30,32,2,FWD,E1,E2,E4,E5,0.906000,311.702000,OK
3,9,adjacent,620,30,32,3,REV,E2,E1,E4,E5,18.844000,304.879000,OK
3,9,adjacent,620,30,32,4,FWD,E1,E2,E5,E6,-22.598000,313.098000,OK
3,9,adjacent,620,30,32,5,REV,E2,E1,E5,E6,-18.711000,304.241000,OK
3,9,adjacent,620,30,32,6,FWD,E1,E2,E6,E7,-6.336000,313.378000,OK
3,9,adjacent,620,30,32,7,REV,E2,E1,E6,E7,-3.363000,303.921000,OK
3,9,adjacent,620,30,32,8,FWD,E1,E2,E7,E8,46.941000,313.697000,OK
3,9,adjacent,620,30,32,9,REV,E2,E1,E7,E8,49.461000,303.682000,OK
3,9,adjacent,620,30,32,10,FWD,E1,E2,E8,E9,-47.043000,313.857000,OK
3,9,adjacent,620,30,32,11,REV,E2,E1,E8,E9,-44.563000,303.403000,OK
3,9,adjacent,620,30,32,12,FWD,E1,E2,E9,E10,-24.043000,314.176000,OK
3,9,adjacent,620,30,32,13,REV,E2,E1,E9,E10,-17.336000,303.562000,OK
3,9,adjacent,620,30,32,14,FWD,E1,E2,E10,E11,61.551000,314.136000,OK
3,9,adjacent,620,30,32,15,REV,E2,E1,E10,E11,77.918000,303.443000,OK
3,9,adjacent,620,30,32,16,FWD,E1,E2,E11,E12,-83.695000,314.136000,OK
3,9,adjacent,620,30,32,17,REV,E2,E1,E11,E12,-38.563000,303.323000,OK
3,9,adjacent,620,30,32,18,FWD,E2,E3,E4,E5,-12.012000,315.173000,OK
3,9,adjacent,620,30,32,19,REV,E3,E2,E4,E5,32.094000,322.555000,OK
3,9,adjacent,620,30,32,20,FWD,E2,E3,E5,E6,-24.387000,321.717000,OK
3,9,adjacent,620,30,32,21,REV,E3,E2,E5,E6,-16.953000,320.719000,OK
3,9,adjacent,620,30,32,22,FWD,E2,E3,E6,E7,-7.238000,322.874000,OK
3,9,adjacent,620,30,32,23,REV,E3,E2,E6,E7,-2.430000,320.719000,OK
3,9,adjacent,620,30,32,24,FWD,E2,E3,E7,E8,46.566000,322.834000,OK
3,9,adjacent,620,30,32,25,REV,E3,E2,E7,E8,49.902000,320.041000,OK
3,9,adjacent,620,30,32,26,FWD,E2,E3,E8,E9,-47.063000,323.153000,OK
3,9,adjacent,620,30,32,27,REV,E3,E2,E8,E9,-44.582000,319.842000,OK
3,9,adjacent,620,30,32,28,FWD,E2,E3,E9,E10,-23.078000,323.153000,OK
3,9,adjacent,620,30,32,29,REV,E3,E2,E9,E10,-18.289000,319.802000,OK
3,9,adjacent,620,30,32,30,FWD,E2,E3,E10,E11,65.324000,322.834000,OK
3,9,adjacent,620,30,32,31,REV,E3,E2,E10,E11,74.523000,319.842000,OK
3,9,adjacent,620,30,32,32,FWD,E2,E3,E11,E12,-69.520000,323.193000,OK
3,9,adjacent,620,30,32,33,REV,E3,E2,E11,E12,-53.141000,319.882000,OK
3,9,adjacent,620,30,32,34,FWD,E2,E3,E12,E1,15.492000,323.393000,OK
3,9,adjacent,620,30,32,35,REV,E3,E2,E12,E1,50.895000,319.602000,OK
3,9,adjacent,620,30,32,36,FWD,E3,E4,E1,E2,-28.895000,344.341000,OK
3,9,adjacent,620,30,32,37,REV,E4,E3,E1,E2,4.539000,372.829000,OK
3,9,adjacent,620,30,32,38,FWD,E3,E4,E5,E6,-29.937000,353.079000,OK
3,9,adjacent,620,30,32,39,REV,E4,E3,E5,E6,-11.012000,369.917000,OK
3,9,adjacent,620,30,32,40,FWD,E3,E4,E6,E7,-9.770000,354.555000,OK
3,9,adjacent,620,30,32,41,REV,E4,E3,E6,E7,0.258000,369.438000,OK
3,9,adjacent,620,30,32,42,FWD,E3,E4,E7,E8,45.410000,355.114000,OK
3,9,adjacent,620,30,32,43,REV,E4,E3,E7,E8,51.250000,369.159000,OK
3,9,adjacent,620,30,32,44,FWD,E3,E4,E8,E9,-47.496000,355.193000,OK
3,9,adjacent,620,30,32,45,REV,E4,E3,E8,E9,-44.141000,368.720000,OK
3,9,adjacent,620,30,32,46,FWD,E3,E4,E9,E10,-22.984000,356.031000,OK
3,9,adjacent,620,30,32,47,REV,E4,E3,E9,E10,-18.375000,368.640000,OK
3,9,adjacent,620,30,32,48,FWD,E3,E4,E10,E11,66.734000,355.832000,OK
3,9,adjacent,620,30,32,49,REV,E4,E3,E10,E11,73.406000,368.440000,OK
3,9,adjacent,620,30,32,50,FWD,E3,E4,E11,E12,-65.309000,355.832000,OK
3,9,adjacent,620,30,32,51,REV,E4,E3,E11,E12,-57.633000,368.799000,OK
3,9,adjacent,620,30,32,52,FWD,E3,E4,E12,E1,26.734000,355.632000,OK
3,9,adjacent,620,30,32,53,REV,E4,E3,E12,E1,39.531000,368.161000,OK
3,9,adjacent,620,30,32,54,FWD,E4,E5,E1,E2,-26.633000,368.281000,OK
3,9,adjacent,620,30,32,55,REV,E5,E4,E1,E2,-4.480000,394.615000,OK
3,9,adjacent,620,30,32,56,FWD,E4,E5,E2,E3,-28.398000,378.016000,OK
3,9,adjacent,620,30,32,57,REV,E5,E4,E2,E3,23.445000,391.902000,OK
3,9,adjacent,620,30,32,58,FWD,E4,E5,E6,E7,-25.629000,379.014000,OK
3,9,adjacent,620,30,32,59,REV,E5,E4,E6,E7,16.543000,390.824000,OK
3,9,adjacent,620,30,32,60,FWD,E4,E5,E7,E8,38.891000,380.131000,OK
3,9,adjacent,620,30,32,61,REV,E5,E4,E7,E8,57.922000,390.226000,OK
3,9,adjacent,620,30,32,62,FWD,E4,E5,E8,E9,-50.145000,381.009000,OK
3,9,adjacent,620,30,32,63,REV,E5,E4,E8,E9,-41.512000,390.026000,OK
3,9,adjacent,620,30,32,64,FWD,E4,E5,E9,E10,-25.254000,380.849000,OK
3,9,adjacent,620,30,32,65,REV,E5,E4,E9,E10,-16.102000,390.266000,OK
3,9,adjacent,620,30,32,66,FWD,E4,E5,E10,E11,64.750000,381.049000,OK
3,9,adjacent,620,30,32,67,REV,E5,E4,E10,E11,75.438000,389.827000,OK
3,9,adjacent,620,30,32,68,FWD,E4,E5,E11,E12,-65.738000,381.208000,OK
3,9,adjacent,620,30,32,69,REV,E5,E4,E11,E12,-57.504000,389.508000,OK
3,9,adjacent,620,30,32,70,FWD,E4,E5,E12,E1,27.641000,381.368000,OK
3,9,adjacent,620,30,32,71,REV,E5,E4,E12,E1,38.457000,389.627000,OK
3,9,adjacent,620,30,32,72,FWD,E5,E6,E1,E2,-18.594000,416.680000,OK
3,9,adjacent,620,30,32,73,REV,E6,E5,E1,E2,-13.258000,422.665000,OK
3,9,adjacent,620,30,32,74,FWD,E5,E6,E2,E3,-10.582000,428.490000,OK
3,9,adjacent,620,30,32,75,REV,E6,E5,E2,E3,-0.766000,419.273000,OK
3,9,adjacent,620,30,32,76,FWD,E5,E6,E3,E4,4.988000,430.565000,OK
3,9,adjacent,620,30,32,77,REV,E6,E5,E3,E4,26.891000,417.717000,OK
3,9,adjacent,620,30,32,78,FWD,E5,E6,E7,E8,32.176000,431.124000,OK
3,9,adjacent,620,30,32,79,REV,E6,E5,E7,E8,63.828000,417.717000,OK
3,9,adjacent,620,30,32,80,FWD,E5,E6,E8,E9,-50.738000,431.363000,OK
3,9,adjacent,620,30,32,81,REV,E6,E5,E8,E9,-41.246000,417.438000,OK
3,9,adjacent,620,30,32,82,FWD,E5,E6,E9,E10,-24.297000,431.244000,OK
3,9,adjacent,620,30,32,83,REV,E6,E5,E9,E10,-17.367000,417.358000,OK
3,9,adjacent,620,30,32,84,FWD,E5,E6,E10,E11,66.984000,431.643000,OK
3,9,adjacent,620,30,32,85,REV,E6,E5,E10,E11,72.996000,417.199000,OK
3,9,adjacent,620,30,32,86,FWD,E5,E6,E11,E12,-63.293000,431.842000,OK
3,9,adjacent,620,30,32,87,REV,E6,E5,E11,E12,-60.277000,416.760000,OK
3,9,adjacent,620,30,32,88,FWD,E5,E6,E12,E1,31.398000,431.762000,OK
3,9,adjacent,620,30,32,89,REV,E6,E5,E12,E1,34.512000,417.079000,OK
3,9,adjacent,620,30,32,90,FWD,E6,E7,E1,E2,-17.996000,429.608000,OK
3,9,adjacent,620,30,32,91,REV,E7,E6,E1,E2,-13.824000,442.416000,OK
3,9,adjacent,620,30,32,92,FWD,E6,E7,E2,E3,-9.230000,442.296000,OK
3,9,adjacent,620,30,32,93,REV,E7,E6,E2,E3,-2.695000,439.224000,OK
3,9,adjacent,620,30,32,94,FWD,E6,E7,E3,E4,9.086000,444.251000,OK
3,9,adjacent,620,30,32,95,REV,E7,E6,E3,E4,21.152000,438.266000,OK
3,9,adjacent,620,30,32,96,FWD,E6,E7,E4,E5,-13.453000,444.810000,OK
3,9,adjacent,620,30,32,97,REV,E7,E6,E4,E5,34.730000,437.947000,OK
3,9,adjacent,620,30,32,98,FWD,E6,E7,E8,E9,-57.398000,444.929000,OK
3,9,adjacent,620,30,32,99,REV,E7,E6,E8,E9,-34.691000,438.067000,OK
3,9,adjacent,620,30,32,100,FWD,E6,E7,E9,E10,-27.191000,445.129000,OK
3,9,adjacent,620,30,32,101,REV,E7,E6,E9,E10,-14.504000,437.747000,OK
3,9,adjacent,620,30,32,102,FWD,E6,E7,E10,E11,65.488000,445.009000,OK
3,9,adjacent,620,30,32,103,REV,E7,E6,E10,E11,74.582000,437.229000,OK
3,9,adjacent,620,30,32,104,FWD,E6,E7,E11,E12,-63.488000,445.608000,OK
3,9,adjacent,620,30,32,105,REV,E7,E6,E11,E12,-60.137000,437.468000,OK
3,9,adjacent,620,30,32,106,FWD,E6,E7,E12,E1,31.559000,444.730000,OK
3,9,adjacent,620,30,32,107,REV,E7,E6,E12,E1,34.473000,437.628000,OK
3,9,adjacent,620,30,32,108,FWD,E7,E8,E1,E2,-17.613000,403.473000,OK
3,9,adjacent,620,30,32,109,REV,E8,E7,E1,E2,-13.965000,486.346000,OK
3,9,adjacent,620,30,32,110,FWD,E7,E8,E2,E3,-8.250000,419.792000,OK
3,9,adjacent,620,30,32,111,REV,E8,E7,E2,E3,-3.637000,479.443000,OK
3,9,adjacent,620,30,32,112,FWD,E7,E8,E3,E4,11.801000,423.224000,OK
3,9,adjacent,620,30,32,113,REV,E8,E7,E3,E4,18.910000,477.488000,OK
3,9,adjacent,620,30,32,114,FWD,E7,E8,E4,E5,-0.297000,424.740000,OK
3,9,adjacent,620,30,32,115,REV,E8,E7,E4,E5,21.758000,476.171000,OK
3,9,adjacent,620,30,32,116,FWD,E7,E8,E5,E6,-34.930000,425.298000,OK
3,9,adjacent,620,30,32,117,REV,E8,E7,E5,E6,-1.680000,475.932000,OK
3,9,adjacent,620,30,32,118,FWD,E7,E8,E9,E10,-39.066000,425.618000,OK
3,9,adjacent,620,30,32,119,REV,E8,E7,E9,E10,-0.312000,475.972000,OK
3,9,adjacent,620,30,32,120,FWD,E7,E8,E10,E11,60.398000,425.897000,OK
3,9,adjacent,620,30,32,121,REV,E8,E7,E10,E11,80.883000,474.974000,OK
3,9,adjacent,620,30,32,122,FWD,E7,E8,E11,E12,-64.141000,426.495000,OK
3,9,adjacent,620,30,32,123,REV,E8,E7,E11,E12,-59.332000,474.735000,OK
3,9,adjacent,620,30,32,124,FWD,E7,E8,E12,E1,31.566000,426.615000,OK
3,9,adjacent,620,30,32,125,REV,E8,E7,E12,E1,34.668000,474.735000,OK
3,9,adjacent,620,30,32,126,FWD,E8,E9,E1,E2,-17.352000,348.769000,OK
3,9,adjacent,620,30,32,127,REV,E9,E8,E1,E2,-14.625000,340.590000,OK
3,9,adjacent,620,30,32,128,FWD,E8,E9,E2,E3,-7.543000,362.056000,OK
3,9,adjacent,620,30,32,129,REV,E9,E8,E2,E3,-4.887000,337.238000,OK
3,9,adjacent,620,30,32,130,FWD,E8,E9,E3,E4,13.516000,364.051000,OK
3,9,adjacent,620,30,32,131,REV,E9,E8,E3,E4,16.703000,335.443000,OK
3,9,adjacent,620,30,32,132,FWD,E8,E9,E4,E5,5.953000,364.490000,OK
3,9,adjacent,620,30,32,133,REV,E9,E8,E4,E5,13.766000,335.203000,OK
3,9,adjacent,620,30,32,134,FWD,E8,E9,E5,E6,-24.148000,364.770000,OK
3,9,adjacent,620,30,32,135,REV,E9,E8,E5,E6,-16.437000,335.842000,OK
3,9,adjacent,620,30,32,136,FWD,E8,E9,E6,E7,-12.703000,364.450000,OK
3,9,adjacent,620,30,32,137,REV,E9,E8,E6,E7,4.961000,335.443000,OK
3,9,adjacent,620,30,32,138,FWD,E8,E9,E10,E11,41.004000,364.690000,OK
3,9,adjacent,620,30,32,139,REV,E9,E8,E10,E11,96.563000,335.403000,OK
3,9,adjacent,620,30,32,140,FWD,E8,E9,E11,E12,-65.754000,364.889000,OK
3,9,adjacent,620,30,32,141,REV,E9,E8,E11,E12,-58.348000,335.004000,OK
3,9,adjacent,620,30,32,142,FWD,E8,E9,E12,E1,31.324000,364.690000,OK
3,9,adjacent,620,30,32,143,REV,E9,E8,E12,E1,34.605000,335.363000,OK
3,9,adjacent,620,30,32,144,FWD,E9,E10,E1,E2,-18.387000,217.617000,OK
3,9,adjacent,620,30,32,145,REV,E10,E9,E1,E2,-13.633000,214.624000,OK
3,9,adjacent,620,30,32,146,FWD,E9,E10,E2,E3,-7.879000,222.844000,OK
3,9,adjacent,620,30,32,147,REV,E10,E9,E2,E3,-4.641000,212.948000,OK
3,9,adjacent,620,30,32,148,FWD,E9,E10,E3,E4,13.777000,223.682000,OK
3,9,adjacent,620,30,32,149,REV,E10,E9,E3,E4,16.535000,212.749000,OK
3,9,adjacent,620,30,32,150,FWD,E9,E10,E4,E5,7.324000,223.961000,OK
3,9,adjacent,620,30,32,151,REV,E10,E9,E4,E5,12.527000,212.270000,OK
3,9,adjacent,620,30,32,152,FWD,E9,E10,E5,E6,-22.184000,223.921000,OK
3,9,adjacent,620,30,32,153,REV,E10,E9,E5,E6,-18.645000,212.909000,OK
3,9,adjacent,620,30,32,154,FWD,E9,E10,E6,E7,-7.625000,223.961000,OK
3,9,adjacent,620,30,32,155,REV,E10,E9,E6,E7,-1.422000,213.068000,OK
3,9,adjacent,620,30,32,156,FWD,E9,E10,E7,E8,38.367000,223.482000,OK
3,9,adjacent,620,30,32,157,REV,E10,E9,E7,E8,57.246000,212.829000,OK
3,9,adjacent,620,30,32,158,FWD,E9,E10,E11,E12,-78.805000,224.280000,OK
3,9,adjacent,620,30,32,159,REV,E10,E9,E11,E12,-46.453000,212.789000,OK
3,9,adjacent,620,30,32,160,FWD,E9,E10,E12,E1,28.754000,223.801000,OK
3,9,adjacent,620,30,32,161,REV,E10,E9,E12,E1,37.031000,212.510000,OK
3,9,adjacent,620,30,32,162,FWD,E10,E11,E1,E2,-21.492000,203.332000,OK
3,9,adjacent,620,30,32,163,REV,E11,E10,E1,E2,-9.340000,251.891000,OK
3,9,adjacent,620,30,32,164,FWD,E10,E11,E2,E3,-9.230000,210.116000,OK
3,9,adjacent,620,30,32,165,REV,E11,E10,E2,E3,-2.691000,249.976000,OK
3,9,adjacent,620,30,32,166,FWD,E10,E11,E3,E4,13.285000,211.073000,OK
3,9,adjacent,620,30,32,167,REV,E11,E10,E3,E4,17.500000,249.577000,OK
3,9,adjacent,620,30,32,168,FWD,E10,E11,E4,E5,7.059000,211.791000,OK
3,9,adjacent,620,30,32,169,REV,E11,E10,E4,E5,13.465000,249.058000,OK
3,9,adjacent,620,30,32,170,FWD,E10,E11,E5,E6,-21.992000,212.310000,OK
3,9,adjacent,620,30,32,171,REV,E11,E10,E5,E6,-18.687000,249.178000,OK
3,9,adjacent,620,30,32,172,FWD,E10,E11,E6,E7,-6.816000,211.751000,OK
3,9,adjacent,620,30,32,173,REV,E11,E10,E6,E7,-2.074000,249.258000,OK
3,9,adjacent,620,30,32,174,FWD,E10,E11,E7,E8,43.133000,212.230000,OK
3,9,adjacent,620,30,32,175,REV,E11,E10,E7,E8,53.789000,249.258000,OK
3,9,adjacent,620,30,32,176,FWD,E10,E11,E8,E9,-62.477000,212.071000,OK
3,9,adjacent,620,30,32,177,REV,E11,E10,E8,E9,-24.957000,248.979000,OK
3,9,adjacent,620,30,32,178,FWD,E10,E11,E12,E1,19.980000,212.390000,OK
3,9,adjacent,620,30,32,179,REV,E11,E10,E12,E1,48.457000,248.979000,OK
3,9,adjacent,620,30,32,180,FWD,E11,E12,E1,E2,-36.527000,275.752000,OK
3,9,adjacent,620,30,32,181,REV,E12,E11,E1,E2,2.109000,249.298000,OK
3,9,adjacent,620,30,32,182,FWD,E11,E12,E2,E3,-13.453000,282.056000,OK
3,9,adjacent,620,30,32,183,REV,E12,E11,E2,E3,-0.031000,247.702000,OK
3,9,adjacent,620,30,32,184,FWD,E11,E12,E3,E4,12.223000,283.453000,OK
3,9,adjacent,620,30,32,185,REV,E12,E11,E3,E4,17.805000,247.023000,OK
3,9,adjacent,620,30,32,186,FWD,E11,E12,E4,E5,6.949000,283.612000,OK
3,9,adjacent,620,30,32,187,REV,E12,E11,E4,E5,12.633000,246.904000,OK
3,9,adjacent,620,30,32,188,FWD,E11,E12,E5,E6,-21.535000,283.812000,OK
3,9,adjacent,620,30,32,189,REV,E12,E11,E5,E6,-19.668000,247.023000,OK
3,9,adjacent,620,30,32,190,FWD,E11,E12,E6,E7,-5.785000,283.732000,OK
3,9,adjacent,620,30,32,191,REV,E12,E11,E6,E7,-3.777000,247.103000,OK
3,9,adjacent,620,30,32,192,FWD,E11,E12,E7,E8,46.570000,283.572000,OK
3,9,adjacent,620,30,32,193,REV,E12,E11,E7,E8,49.453000,247.063000,OK
3,9,adjacent,620,30,32,194,FWD,E11,E12,E8,E9,-48.664000,283.692000,OK
3,9,adjacent,620,30,32,195,REV,E12,E11,E8,E9,-43.008000,246.944000,OK
3,9,adjacent,620,30,32,196,FWD,E11,E12,E9,E10,-40.820000,283.373000,OK
3,9,adjacent,620,30,32,197,REV,E12,E11,E9,E10,-1.695000,247.223000,OK
3,9,adjacent,620,30,32,198,FWD,E12,E1,E2,E3,-19.551000,238.126000,OK
3,9,adjacent,620,30,32,199,REV,E1,E12,E2,E3,8.305000,267.532000,OK
3,9,adjacent,620,30,32,200,FWD,E12,E1,E3,E4,10.883000,243.552000,OK
3,9,adjacent,620,30,32,201,REV,E1,E12,E3,E4,19.930000,265.418000,OK
3,9,adjacent,620,30,32,202,FWD,E12,E1,E4,E5,6.531000,244.350000,OK
3,9,adjacent,620,30,32,203,REV,E1,E12,E4,E5,13.754000,265.298000,OK
3,9,adjacent,620,30,32,204,FWD,E12,E1,E5,E6,-21.477000,245.188000,OK
3,9,adjacent,620,30,32,205,REV,E1,E12,E5,E6,-19.605000,264.739000,OK
3,9,adjacent,620,30,32,206,FWD,E12,E1,E6,E7,-5.594000,244.988000,OK
3,9,adjacent,620,30,32,207,REV,E1,E12,E6,E7,-3.898000,264.500000,OK
3,9,adjacent,620,30,32,208,FWD,E12,E1,E7,E8,47.281000,245.388000,OK
3,9,adjacent,620,30,32,209,REV,E1,E12,E7,E8,49.105000,264.420000,OK
3,9,adjacent,620,30,32,210,FWD,E12,E1,E8,E9,-46.883000,245.268000,OK
3,9,adjacent,620,30,32,211,REV,E1,E12,E8,E9,-44.477000,264.500000,OK
3,9,adjacent,620,30,32,212,FWD,E12,E1,E9,E10,-25.074000,245.268000,OK
3,9,adjacent,620,30,32,213,REV,E1,E12,E9,E10,-15.281000,264.460000,OK
3,9,adjacent,620,30,32,214,FWD,E12,E1,E10,E11,54.383000,245.427000,OK
3,9,adjacent,620,30,32,215,REV,E1,E12,E10,E11,86.621000,263.981000,OK
4,10,adjacent,620,30,32,0,FWD,E1,E2,E3,E4,0.098000,303.842000,OK
4,10,adjacent,620,30,32,1,REV,E2,E1,E3,E4,30.203000,307.632000,OK
4,10,adjacent,620,30,32,2,FWD,E1,E2,E4,E5,0.859000,311.742000,OK
4,10,adjacent,620,30,32,3,REV,E2,E1,E4,E5,18.852000,305.198000,OK
4,10,adjacent,620,30,32,4,FWD,E1,E2,E5,E6,-22.578000,312.979000,OK
4,10,adjacent,620,30,32,5,REV,E2,E1,E5,E6,-18.699000,304.121000,OK
4,10,adjacent,620,30,32,6,FWD,E1,E2,E6,E7,-6.305000,313.777000,OK
4,10,adjacent,620,30,32,7,REV,E2,E1,E6,E7,-3.336000,303.842000,OK
4,10,adjacent,620,30,32,8,FWD,E1,E2,E7,E8,46.895000,313.777000,OK
4,10,adjacent,620,30,32,9,REV,E2,E1,E7,E8,49.438000,303.722000,OK
4,10,adjacent,620,30,32,10,FWD,E1,E2,E8,E9,-47.051000,313.697000,OK
4,10,adjacent,620,30,32,11,REV,E2,E1,E8,E9,-44.570000,303.443000,OK
4,10,adjacent,620,30,32,12,FWD,E1,E2,E9,E10,-23.945000,314.016000,OK
4,10,adjacent,620,30,32,13,REV,E2,E1,E9,E10,-17.238000,303.283000,OK
4,10,adjacent,620,30,32,14,FWD,E1,E2,E10,E11,61.453000,314.216000,OK
4,10,adjacent,620,30,32,15,REV,E2,E1,E10,E11,77.914000,303.123000,OK
4,10,adjacent,620,30,32,16,FWD,E1,E2,E11,E12,-83.680000,314.375000,OK
4,10,adjacent,620,30,32,17,REV,E2,E1,E11,E12,-38.520000,303.522000,OK
4,10,adjacent,620,30,32,18,FWD,E2,E3,E4,E5,-12.102000,314.974000,OK
4,10,adjacent,620,30,32,19,REV,E3,E2,E4,E5,32.199000,322.874000,OK
4,10,adjacent,620,30,32,20,FWD,E2,E3,E5,E6,-24.402000,321.717000,OK
4,10,adjacent,620,30,32,21,REV,E3,E2,E5,E6,-16.934000,320.879000,OK
4,10,adjacent,620,30,32,22,FWD,E2,E3,E6,E7,-7.203000,322.794000,OK
4,10,adjacent,620,30,32,23,REV,E3,E2,E6,E7,-2.438000,320.281000,OK
4,10,adjacent,620,30,32,24,FWD,E2,E3,E7,E8,46.543000,322.914000,OK
4,10,adjacent,620,30,32,25,REV,E3,E2,E7,E8,49.867000,320.081000,OK
4,10,adjacent,620,30,32,26,FWD,E2,E3,E8,E9,-47.098000,323.193000,OK
4,10,adjacent,620,30,32,27,REV,E3,E2,E8,E9,-44.598000,320.281000,OK
4,10,adjacent,620,30,32,28,FWD,E2,E3,E9,E10,-23.008000,322.874000,OK
4,10,adjacent,620,30,32,29,REV,E3,E2,E9,E10,-18.211000,319.842000,OK
4,10,adjacent,620,30,32,30,FWD,E2,E3,E10,E11,65.293000,323.433000,OK
4,10,adjacent,620,30,32,31,REV,E3,E2,E10,E11,74.496000,319.522000,OK
4,10,adjacent,620,30,32,32,FWD,E2,E3,E11,E12,-69.508000,323.353000,OK
4,10,adjacent,620,30,32,33,REV,E3,E2,E11,E12,-53.137000,319.722000,OK
4,10,adjacent,620,30,32,34,FWD,E2,E3,E12,E1,15.469000,322.954000,OK
4,10,adjacent,620,30,32,35,REV,E3,E2,E12,E1,50.844000,320.360000,OK
4,10,adjacent,620,30,32,36,FWD,E3,E4,E1,E2,-28.914000,345.498000,OK
4,10,adjacent,620,30,32,37,REV,E4,E3,E1,E2,4.672000,374.465000,OK
4,10,adjacent,620,30,32,38,FWD,E3,E4,E5,E6,-29.918000,354.316000,OK
4,10,adjacent,620,30,32,39,REV,E4,E3,E5,E6,-10.984000,371.473000,OK
4,10,adjacent,620,30,32,40,FWD,E3,E4,E6,E7,-9.781000,355.712000,OK
4,10,adjacent,620,30,32,41,REV,E4,E3,E6,E7,0.277000,370.794000,OK
4,10,adjacent,620,30,32,42,FWD,E3,E4,E7,E8,45.375000,355.792000,OK
4,10,adjacent,620,30,32,43,REV,E4,E3,E7,E8,51.230000,370.276000,OK
4,10,adjacent,620,30,32,44,FWD,E3,E4,E8,E9,-47.516000,356.670000,OK
4,10,adjacent,620,30,32,45,REV,E4,E3,E8,E9,-44.145000,369.717000,OK
4,10,adjacent,620,30,32,46,FWD,E3,E4,E9,E10,-22.926000,357.109000,OK
4,10,adjacent,620,30,32,47,REV,E4,E3,E9,E10,-18.301000,369.558000,OK
4,10,adjacent,620,30,32,48,FWD,E3,E4,E10,E11,66.703000,356.829000,OK
4,10,adjacent,620,30,32,49,REV,E4,E3,E10,E11,73.395000,369.957000,OK
4,10,adjacent,620,30,32,50,FWD,E3,E4,E11,E12,-65.309000,357.428000,OK
4,10,adjacent,620,30,32,51,REV,E4,E3,E11,E12,-57.609000,369.398000,OK
4,10,adjacent,620,30,32,52,FWD,E3,E4,E12,E1,26.680000,356.869000,OK
4,10,adjacent,620,30,32,53,REV,E4,E3,E12,E1,39.539000,369.238000,OK
4,10,adjacent,620,30,32,54,FWD,E4,E5,E1,E2,-26.645000,369.797000,OK
4,10,adjacent,620,30,32,55,REV,E5,E4,E1,E2,-4.430000,396.331000,OK
4,10,adjacent,620,30,32,56,FWD,E4,E5,E2,E3,-28.488000,379.213000,OK
4,10,adjacent,620,30,32,57,REV,E5,E4,E2,E3,23.531000,393.258000,OK
4,10,adjacent,620,30,32,58,FWD,E4,E5,E6,E7,-25.680000,380.889000,OK
4,10,adjacent,620,30,32,59,REV,E5,E4,E6,E7,16.594000,392.341000,OK
4,10,adjacent,620,30,32,60,FWD,E4,E5,E7,E8,38.840000,381.687000,OK
4,10,adjacent,620,30,32,61,REV,E5,E4,E7,E8,57.953000,391.902000,OK
4,10,adjacent,620,30,32,62,FWD,E4,E5,E8,E9,-50.168000,382.246000,OK
4,10,adjacent,620,30,32,63,REV,E5,E4,E8,E9,-41.516000,391.623000,OK
4,10,adjacent,620,30,32,64,FWD,E4,E5,E9,E10,-25.234000,382.366000,OK
4,10,adjacent,620,30,32,65,REV,E5,E4,E9,E10,-16.016000,391.782000,OK
4,10,adjacent,620,30,32,66,FWD,E4,E5,E10,E11,64.715000,382.525000,OK
4,10,adjacent,620,30,32,67,REV,E5,E4,E10,E11,75.465000,390.984000,OK
4,10,adjacent,620,30,32,68,FWD,E4,E5,E11,E12,-65.738000,383.203000,OK
4,10,adjacent,620,30,32,69,REV,E5,E4,E11,E12,-57.484000,391.303000,OK
4,10,adjacent,620,30,32,70,FWD,E4,E5,E12,E1,27.590000,382.445000,OK
4,10,adjacent,620,30,32,71,REV,E5,E4,E12,E1,38.449000,391.223000,OK
4,10,adjacent,620,30,32,72,FWD,E5,E6,E1,E2,-18.578000,416.680000,OK
4,10,adjacent,620,30,32,73,REV,E6,E5,E1,E2,-13.250000,422.705000,OK
4,10,adjacent,620,30,32,74,FWD,E5,E6,E2,E3,-10.598000,428.810000,OK
4,10,adjacent,620,30,32,75,REV,E6,E5,E2,E3,-0.762000,418.595000,OK
4,10,adjacent,620,30,32,76,FWD,E5,E6,E3,E4,5.008000,430.086000,OK
4,10,adjacent,620,30,32,77,REV,E6,E5,E3,E4,26.859000,418.196000,OK
4,10,adjacent,620,30,32,78,FWD,E5,E6,E7,E8,32.129000,430.964000,OK
4,10,adjacent,620,30,32,79,REV,E6,E5,E7,E8,63.793000,417.239000,OK
4,10,adjacent,620,30,32,80,FWD,E5,E6,E8,E9,-50.750000,431.044000,OK
4,10,adjacent,620,30,32,81,REV,E6,E5,E8,E9,-41.281000,417.239000,OK
4,10,adjacent,620,30,32,82,FWD,E5,E6,E9,E10,-24.246000,431.483000,OK
4,10,adjacent,620,30,32,83,REV,E6,E5,E9,E10,-17.348000,417.398000,OK
4,10,adjacent,620,30,32,84,FWD,E5,E6,E10,E11,66.996000,431.244000,OK
4,10,adjacent,620,30,32,85,REV,E6,E5,E10,E11,73.012000,417.119000,OK
4,10,adjacent,620,30,32,86,FWD,E5,E6,E11,E12,-63.273000,431.842000,OK
4,10,adjacent,620,30,32,87,REV,E6,E5,E11,E12,-60.258000,416.919000,OK
4,10,adjacent,620,30,32,88,FWD,E5,E6,E12,E1,31.395000,431.603000,OK
4,10,adjacent,620,30,32,89,REV,E6,E5,E12,E1,34.480000,416.760000,OK
4,10,adjacent,620,30,32,90,FWD,E6,E7,E1,E2,-17.980000,429.727000,OK
4,10,adjacent,620,30,32,91,REV,E7,E6,E1,E2,-13.813000,442.575000,OK
4,10,adjacent,620,30,32,92,FWD,E6,E7,E2,E3,-9.227000,442.575000,OK
4,10,adjacent,620,30,32,93,REV,E7,E6,E2,E3,-2.699000,438.984000,OK
4,10,adjacent,620,30,32,94,FWD,E6,E7,E3,E4,9.094000,443.573000,OK
4,10,adjacent,620,30,32,95,REV,E7,E6,E3,E4,21.141000,438.665000,OK
4,10,adjacent,620,30,32,96,FWD,E6,E7,E4,E5,-13.445000,444.690000,OK
4,10,adjacent,620,30,32,97,REV,E7,E6,E4,E5,34.727000,437.787000,OK
4,10,adjacent,620,30,32,98,FWD,E6,E7,E8,E9,-57.410000,444.690000,OK
4,10,adjacent,620,30,32,99,REV,E7,E6,E8,E9,-34.715000,437.588000,OK
4,10,adjacent,620,30,32,100,FWD,E6,E7,E9,E10,-27.164000,445.169000,OK
4,10,adjacent,620,30,32,101,REV,E7,E6,E9,E10,-14.465000,437.588000,OK
4,10,adjacent,620,30,32,102,FWD,E6,E7,E10,E11,65.488000,445.089000,OK
4,10,adjacent,620,30,32,103,REV,E7,E6,E10,E11,74.590000,437.388000,OK
4,10,adjacent,620,30,32,104,FWD,E6,E7,E11,E12,-63.496000,445.688000,OK
4,10,adjacent,620,30,32,105,REV,E7,E6,E11,E12,-60.129000,437.308000,OK
4,10,adjacent,620,30,32,106,FWD,E6,E7,E12,E1,31.504000,444.929000,OK
4,10,adjacent,620,30,32,107,REV,E7,E6,E12,E1,34.414000,437.428000,OK
4,10,adjacent,620,30,32,108,FWD,E7,E8,E1,E2,-17.594000,403.433000,OK
4,10,adjacent,620,30,32,109,REV,E8,E7,E1,E2,-13.957000,486.027000,OK
4,10,adjacent,620,30,32,110,FWD,E7,E8,E2,E3,-8.254000,420.111000,OK
4,10,adjacent,620,30,32,111,REV,E8,E7,E2,E3,-3.637000,479.284000,OK
4,10,adjacent,620,30,32,112,FWD,E7,E8,E3,E4,11.816000,423.064000,OK
4,10,adjacent,620,30,32,113,REV,E8,E7,E3,E4,18.910000,477.648000,OK
4,10,adjacent,620,30,32,114,FWD,E7,E8,E4,E5,-0.336000,424.700000,OK
4,10,adjacent,620,30,32,115,REV,E8,E7,E4,E5,21.758000,476.371000,OK
4,10,adjacent,620,30,32,116,FWD,E7,E8,E5,E6,-34.922000,425.219000,OK
4,10,adjacent,620,30,32,117,REV,E8,E7,E5,E6,-1.684000,475.852000,OK
4,10,adjacent,620,30,32,118,FWD,E7,E8,E9,E10,-39.059000,425.418000,OK
4,10,adjacent,620,30,32,119,REV,E8,E7,E9,E10,-0.277000,475.214000,OK
4,10,adjacent,620,30,32,120,FWD,E7,E8,E10,E11,60.414000,425.737000,OK
4,10,adjacent,620,30,32,121,REV,E8,E7,E10,E11,80.926000,475.054000,OK
4,10,adjacent,620,30,32,122,FWD,E7,E8,E11,E12,-64.148000,426.456000,OK
4,10,adjacent,620,30,32,123,REV,E8,E7,E11,E12,-59.328000,475.254000,OK
4,10,adjacent,620,30,32,124,FWD,E7,E8,E12,E1,31.547000,426.096000,OK
4,10,adjacent,620,30,32,125,REV,E8,E7,E12,E1,34.633000,474.536000,OK
4,10,adjacent,620,30,32,126,FWD,E8,E9,E1,E2,-17.344000,348.929000,OK
4,10,adjacent,620,30,32,127,REV,E9,E8,E1,E2,-14.613000,340.390000,OK
4,10,adjacent,620,30,32,128,FWD,E8,E9,E2,E3,-7.566000,362.016000,OK
4,10,adjacent,620,30,32,129,REV,E9,E8,E2,E3,-4.883000,336.919000,OK
4,10,adjacent,620,30,32,130,FWD,E8,E9,E3,E4,13.496000,363.812000,OK
4,10,adjacent,620,30,32,131,REV,E9,E8,E3,E4,16.711000,335.842000,OK
4,10,adjacent,620,30,32,132,FWD,E8,E9,E4,E5,5.930000,364.490000,OK
4,10,adjacent,620,30,32,133,REV,E9,E8,E4,E5,13.730000,335.084000,OK
4,10,adjacent,620,30,32,134,FWD,E8,E9,E5,E6,-24.109000,364.490000,OK
4,10,adjacent,620,30,32,135,REV,E9,E8,E5,E6,-16.406000,336.081000,OK
4,10,adjacent,620,30,32,136,FWD,E8,E9,E6,E7,-12.715000,364.770000,OK
4,10,adjacent,620,30,32,137,REV,E9,E8,E6,E7,4.984000,335.323000,OK
4,10,adjacent,620,30,32,138,FWD,E8,E9,E10,E11,41.016000,364.849000,OK
4,10,adjacent,620,30,32,139,REV,E9,E8,E10,E11,96.594000,335.283000,OK
4,10,adjacent,620,30,32,140,FWD,E8,E9,E11,E12,-65.766000,364.690000,OK
4,10,adjacent,620,30,32,141,REV,E9,E8,E11,E12,-58.371000,335.403000,OK
4,10,adjacent,620,30,32,142,FWD,E8,E9,E12,E1,31.297000,364.770000,OK
4,10,adjacent,620,30,32,143,REV,E9,E8,E12,E1,34.570000,335.243000,OK
4,10,adjacent,620,30,32,144,FWD,E9,E10,E1,E2,-18.375000,217.497000,OK
4,10,adjacent,620,30,32,145,REV,E10,E9,E1,E2,-13.621000,214.385000,OK
4,10,adjacent,620,30,32,146,FWD,E9,E10,E2,E3,-7.883000,223.123000,OK
4,10,adjacent,620,30,32,147,REV,E10,E9,E2,E3,-4.633000,213.148000,OK
4,10,adjacent,620,30,32,148,FWD,E9,E10,E3,E4,13.773000,223.761000,OK
4,10,adjacent,620,30,32,149,REV,E10,E9,E3,E4,16.535000,212.629000,OK
4,10,adjacent,620,30,32,150,FWD,E9,E10,E4,E5,7.289000,224.001000,OK
4,10,adjacent,620,30,32,151,REV,E10,E9,E4,E5,12.512000,212.669000,OK
4,10,adjacent,620,30,32,152,FWD,E9,E10,E5,E6,-22.152000,223.801000,OK
4,10,adjacent,620,30,32,153,REV,E10,E9,E5,E6,-18.633000,212.829000,OK
4,10,adjacent,620,30,32,154,FWD,E9,E10,E6,E7,-7.625000,224.360000,OK
4,10,adjacent,620,30,32,155,REV,E10,E9,E6,E7,-1.398000,212.230000,OK
4,10,adjacent,620,30,32,156,FWD,E9,E10,E7,E8,38.313000,223.881000,OK
4,10,adjacent,620,30,32,157,REV,E10,E9,E7,E8,57.199000,212.988000,OK
4,10,adjacent,620,30,32,158,FWD,E9,E10,E11,E12,-78.855000,223.921000,OK
4,10,adjacent,620,30,32,159,REV,E10,E9,E11,E12,-46.449000,212.749000,OK
4,10,adjacent,620,30,32,160,FWD,E9,E10,E12,E1,28.727000,223.961000,OK
4,10,adjacent,620,30,32,161,REV,E10,E9,E12,E1,37.043000,212.629000,OK
4,10,adjacent,620,30,32,162,FWD,E10,E11,E1,E2,-21.461000,203.372000,OK
4,10,adjacent,620,30,32,163,REV,E11,E10,E1,E2,-9.320000,251.811000,OK
4,10,adjacent,620,30,32,164,FWD,E10,E11,E2,E3,-9.227000,209.796000,OK
4,10,adjacent,620,30,32,165,REV,E11,E10,E2,E3,-2.691000,249.936000,OK
4,10,adjacent,620,30,32,166,FWD,E10,E11,E3,E4,13.289000,211.233000,OK
4,10,adjacent,620,30,32,167,REV,E11,E10,E3,E4,17.477000,249.497000,OK
4,10,adjacent,620,30,32,168,FWD,E10,E11,E4,E5,7.039000,211.632000,OK
4,10,adjacent,620,30,32,169,REV,E11,E10,E4,E5,13.484000,248.939000,OK
4,10,adjacent,620,30,32,170,FWD,E10,E11,E5,E6,-21.945000,211.672000,OK
4,10,adjacent,620,30,32,171,REV,E11,E10,E5,E6,-18.691000,249.497000,OK
4,10,adjacent,620,30,32,172,FWD,E10,E11,E6,E7,-6.812000,211.871000,OK
4,10,adjacent,620,30,32,173,REV,E11,E10,E6,E7,-2.039000,248.979000,OK
4,10,adjacent,620,30,32,174,FWD,E10,E11,E7,E8,43.086000,212.230000,OK
4,10,adjacent,620,30,32,175,REV,E11,E10,E7,E8,53.762000,248.899000,OK
4,10,adjacent,620,30,32,176,FWD,E10,E11,E8,E9,-62.465000,212.071000,OK
4,10,adjacent,620,30,32,177,REV,E11,E10,E8,E9,-24.926000,249.218000,OK
4,10,adjacent,620,30,32,178,FWD,E10,E11,E12,E1,19.914000,211.791000,OK
4,10,adjacent,620,30,32,179,REV,E11,E10,E12,E1,48.453000,248.699000,OK
4,10,adjacent,620,30,32,180,FWD,E11,E12,E1,E2,-36.500000,276.111000,OK
4,10,adjacent,620,30,32,181,REV,E12,E11,E1,E2,2.086000,249.417000,OK
4,10,adjacent,620,30,32,182,FWD,E11,E12,E2,E3,-13.449000,282.455000,OK
4,10,adjacent,620,30,32,183,REV,E12,E11,E2,E3,-0.027000,247.422000,OK
4,10,adjacent,620,30,32,184,FWD,E11,E12,E3,E4,12.215000,283.333000,OK
4,10,adjacent,620,30,32,185,REV,E12,E11,E3,E4,17.809000,246.984000,OK
4,10,adjacent,620,30,32,186,FWD,E11,E12,E4,E5,6.941000,283.692000,OK
4,10,adjacent,620,30,32,187,REV,E12,E11,E4,E5,12.617000,246.624000,OK
4,10,adjacent,620,30,32,188,FWD,E11,E12,E5,E6,-21.516000,283.453000,OK
4,10,adjacent,620,30,32,189,REV,E12,E11,E5,E6,-19.645000,247.103000,OK
4,10,adjacent,620,30,32,190,FWD,E11,E12,E6,E7,-5.789000,283.532000,OK
4,10,adjacent,620,30,32,191,REV,E12,E11,E6,E7,-3.762000,247.063000,OK
4,10,adjacent,620,30,32,192,FWD,E11,E12,E7,E8,46.527000,283.532000,OK
4,10,adjacent,620,30,32,193,REV,E12,E11,E7,E8,49.402000,246.904000,OK
4,10,adjacent,620,30,32,194,FWD,E11,E12,E8,E9,-48.641000,283.852000,OK
4,10,adjacent,620,30,32,195,REV,E12,E11,E8,E9,-42.996000,246.904000,OK
4,10,adjacent,620,30,32,196,FWD,E11,E12,E9,E10,-40.813000,283.692000,OK
4,10,adjacent,620,30,32,197,REV,E12,E11,E9,E10,-1.695000,246.904000,OK
4,10,adjacent,620,30,32,198,FWD,E12,E1,E2,E3,-19.570000,237.687000,OK
4,10,adjacent,620,30,32,199,REV,E1,E12,E2,E3,8.328000,267.692000,OK
4,10,adjacent,620,30,32,200,FWD,E12,E1,E3,E4,10.902000,243.632000,OK
4,10,adjacent,620,30,32,201,REV,E1,E12,E3,E4,19.895000,265.218000,OK
4,10,adjacent,620,30,32,202,FWD,E12,E1,E4,E5,6.539000,244.510000,OK
4,10,adjacent,620,30,32,203,REV,E1,E12,E4,E5,13.711000,264.739000,OK
4,10,adjacent,620,30,32,204,FWD,E12,E1,E5,E6,-21.465000,244.869000,OK
4,10,adjacent,620,30,32,205,REV,E1,E12,E5,E6,-19.582000,264.859000,OK
4,10,adjacent,620,30,32,206,FWD,E12,E1,E6,E7,-5.562000,244.829000,OK
4,10,adjacent,620,30,32,207,REV,E1,E12,E6,E7,-3.879000,264.420000,OK
4,10,adjacent,620,30,32,208,FWD,E12,E1,E7,E8,47.266000,245.388000,OK
4,10,adjacent,620,30,32,209,REV,E1,E12,E7,E8,49.051000,264.420000,OK
4,10,adjacent,620,30,32,210,FWD,E12,E1,E8,E9,-46.863000,245.188000,OK
4,10,adjacent,620,30,32,211,REV,E1,E12,E8,E9,-44.449000,264.141000,OK
4,10,adjacent,620,30,32,212,FWD,E12,E1,E9,E10,-25.062000,245.108000,OK
4,10,adjacent,620,30,32,213,REV,E1,E12,E9,E10,-15.258000,264.500000,OK
4,10,adjacent,620,30,32,214,FWD,E12,E1,E10,E11,54.496000,245.348000,OK
4,10,adjacent,620,30,32,215,REV,E1,E12,E10,E11,86.641000,264.260000,OK
5,11,adjacent,620,30,32,0,FWD,E1,E2,E3,E4,0.082000,303.562000,OK
5,11,adjacent,620,30,32,1,REV,E2,E1,E3,E4,30.234000,307.353000,OK
5,11,adjacent,620,30,32,2,FWD,E1,E2,E4,E5,0.848000,311.582000,OK
5,11,adjacent,620,30,32,3,REV,E2,E1,E4,E5,18.805000,304.680000,OK
5,11,adjacent,620,30,32,4,FWD,E1,E2,E5,E6,-22.543000,312.859000,OK
5,11,adjacent,620,30,32,5,REV,E2,E1,E5,E6,-18.680000,304.281000,OK
5,11,adjacent,620,30,32,6,FWD,E1,E2,E6,E7,-6.297000,313.657000,OK
5,11,adjacent,620,30,32,7,REV,E2,E1,E6,E7,-3.332000,301.767000,OK
5,11,adjacent,620,30,32,8,FWD,E1,E2,E7,E8,46.887000,313.817000,OK
5,11,adjacent,620,30,32,9,REV,E2,E1,E7,E8,49.387000,303.642000,OK
5,11,adjacent,620,30,32,10,FWD,E1,E2,E8,E9,-47.031000,314.016000,OK
5,11,adjacent,620,30,32,11,REV,E2,E1,E8,E9,-44.566000,303.483000,OK
5,11,adjacent,620,30,32,12,FWD,E1,E2,E9,E10,-23.918000,314.056000,OK
5,11,adjacent,620,30,32,13,REV,E2,E1,E9,E10,-17.219000,303.004000,OK
5,11,adjacent,620,30,32,14,FWD,E1,E2,E10,E11,61.523000,314.056000,OK
5,11,adjacent,620,30,32,15,REV,E2,E1,E10,E11,77.898000,303.163000,OK
5,11,adjacent,620,30,32,16,FWD,E1,E2,E11,E12,-83.727000,314.335000,OK
5,11,adjacent,620,30,32,17,REV,E2,E1,E11,E12,-38.555000,303.403000,OK
5,11,adjacent,620,30,32,18,FWD,E2,E3,E4,E5,-12.016000,315.054000,OK
5,11,adjacent,620,30,32,19,REV,E3,E2,E4,E5,32.137000,322.794000,OK
5,11,adjacent,620,30,32,20,FWD,E2,E3,E5,E6,-24.355000,321.877000,OK
5,11,adjacent,620,30,32,21,REV,E3,E2,E5,E6,-16.895000,320.919000,OK
5,11,adjacent,620,30,32,22,FWD,E2,E3,E6,E7,-7.234000,322.475000,OK
5,11,adjacent,620,30,32,23,REV,E3,E2,E6,E7,-2.402000,320.121000,OK
5,11,adjacent,620,30,32,24,FWD,E2,E3,E7,E8,46.500000,322.794000,OK
5,11,adjacent,620,30,32,25,REV,E3,E2,E7,E8,49.836000,320.560000,OK
5,11,adjacent,620,30,32,26,FWD,E2,E3,E8,E9,-47.063000,323.034000,OK
5,11,adjacent,620,30,32,27,REV,E3,E2,E8,E9,-44.559000,319.602000,OK
5,11,adjacent,620,30,32,28,FWD,E2,E3,E9,E10,-22.988000,323.273000,OK
5,11,adjacent,620,30,32,29,REV,E3,E2,E9,E10,-18.199000,319.642000,OK
5,11,adjacent,620,30,32,30,FWD,E2,E3,E10,E11,65.355000,323.113000,OK
5,11,adjacent,620,30,32,31,REV,E3,E2,E10,E11,74.535000,320.041000,OK
5,11,adjacent,620,30,32,32,FWD,E2,E3,E11,E12,-69.520000,322.954000,OK
5,11,adjacent,620,30,32,33,REV,E3,E2,E11,E12,-53.176000,319.802000,OK
5,11,adjacent,620,30,32,34,FWD,E2,E3,E12,E1,15.434000,323.153000,OK
5,11,adjacent,620,30,32,35,REV,E3,E2,E12,E1,50.832000,319.882000,OK
5,11,adjacent,620,30,32,36,FWD,E3,E4,E1,E2,-28.898000,345.897000,OK
5,11,adjacent,620,30,32,37,REV,E4,E3,E1,E2,4.668000,374.505000,OK
5,11,adjacent,620,30,32,38,FWD,E3,E4,E5,E6,-29.934000,354.515000,OK
5,11,adjacent,620,30,32,39,REV,E4,E3,E5,E6,-10.930000,371.832000,OK
5,11,adjacent,620,30,32,40,FWD,E3,E4,E6,E7,-9.762000,356.191000,OK
5,11,adjacent,620,30,32,41,REV,E4,E3,E6,E7,0.324000,370.794000,OK
5,11,adjacent,620,30,32,42,FWD,E3,E4,E7,E8,45.332000,356.670000,OK
5,11,adjacent,620,30,32,43,REV,E4,E3,E7,E8,51.176000,370.356000,OK
5,11,adjacent,620,30,32,44,FWD,E3,E4,E8,E9,-47.516000,356.949000,OK
5,11,adjacent,620,30,32,45,REV,E4,E3,E8,E9,-44.121000,370.356000,OK
5,11,adjacent,620,30,32,46,FWD,E3,E4,E9,E10,-22.934000,356.909000,OK
5,11,adjacent,620,30,32,47,REV,E4,E3,E9,E10,-18.289000,370.036000,OK
5,11,adjacent,620,30,32,48,FWD,E3,E4,E10,E11,66.711000,357.348000,OK
5,11,adjacent,620,30,32,49,REV,E4,E3,E10,E11,73.457000,369.637000,OK
5,11,adjacent,620,30,32,50,FWD,E3,E4,E11,E12,-65.328000,357.548000,OK
5,11,adjacent,620,30,32,51,REV,E4,E3,E11,E12,-57.629000,369.757000,OK
5,11,adjacent,620,30,32,52,FWD,E3,E4,E12,E1,26.656000,357.627000,OK
5,11,adjacent,620,30,32,53,REV,E4,E3,E12,E1,39.512000,369.917000,OK
5,11,adjacent,620,30,32,54,FWD,E4,E5,E1,E2,-26.656000,369.917000,OK
5,11,adjacent,620,30,32,55,REV,E5,E4,E1,E2,-4.379000,396.530000,OK
5,11,adjacent,620,30,32,56,FWD,E4,E5,E2,E3,-28.516000,379.533000,OK
5,11,adjacent,620,30,32,57,REV,E5,E4,E2,E3,23.578000,393.298000,OK
5,11,adjacent,620,30,32,58,FWD,E4,E5,E6,E7,-25.730000,381.767000,OK
5,11,adjacent,620,30,32,59,REV,E5,E4,E6,E7,16.633000,392.939000,OK
5,11,adjacent,620,30,32,60,FWD,E4,E5,E7,E8,38.801000,381.807000,OK
5,11,adjacent,620,30,32,61,REV,E5,E4,E7,E8,57.902000,392.221000,OK
5,11,adjacent,620,30,32,62,FWD,E4,E5,E8,E9,-50.152000,382.126000,OK
5,11,adjacent,620,30,32,63,REV,E5,E4,E8,E9,-41.477000,391.822000,OK
5,11,adjacent,620,30,32,64,FWD,E4,E5,E9,E10,-25.234000,383.004000,OK
5,11,adjacent,620,30,32,65,REV,E5,E4,E9,E10,-16.012000,391.662000,OK
5,11,adjacent,620,30,32,66,FWD,E4,E5,E10,E11,64.711000,382.485000,OK
5,11,adjacent,620,30,32,67,REV,E5,E4,E10,E11,75.477000,391.623000,OK
5,11,adjacent,620,30,32,68,FWD,E4,E5,E11,E12,-65.777000,382.844000,OK
5,11,adjacent,620,30,32,69,REV,E5,E4,E11,E12,-57.480000,391.543000,OK
5,11,adjacent,620,30,32,70,FWD,E4,E5,E12,E1,27.551000,383.124000,OK
5,11,adjacent,620,30,32,71,REV,E5,E4,E12,E1,38.430000,391.463000,OK
5,11,adjacent,620,30,32,72,FWD,E5,E6,E1,E2,-18.570000,416.680000,OK
5,11,adjacent,620,30,32,73,REV,E6,E5,E1,E2,-13.242000,422.705000,OK
5,11,adjacent,620,30,32,74,FWD,E5,E6,E2,E3,-10.582000,428.052000,OK
5,11,adjacent,620,30,32,75,REV,E6,E5,E2,E3,-0.770000,418.954000,OK
5,11,adjacent,620,30,32,76,FWD,E5,E6,E3,E4,4.980000,430.366000,OK
5,11,adjacent,620,30,32,77,REV,E6,E5,E3,E4,26.867000,417.997000,OK
5,11,adjacent,620,30,32,78,FWD,E5,E6,E7,E8,32.063000,431.004000,OK
5,11,adjacent,620,30,32,79,REV,E6,E5,E7,E8,63.785000,417.518000,OK
5,11,adjacent,620,30,32,80,FWD,E5,E6,E8,E9,-50.723000,431.164000,OK
5,11,adjacent,620,30,32,81,REV,E6,E5,E8,E9,-41.262000,417.438000,OK
5,11,adjacent,620,30,32,82,FWD,E5,E6,E9,E10,-24.238000,431.323000,OK
5,11,adjacent,620,30,32,83,REV,E6,E5,E9,E10,-17.324000,417.119000,OK
5,11,adjacent,620,30,32,84,FWD,E5,E6,E10,E11,67.016000,431.563000,OK
5,11,adjacent,620,30,32,85,REV,E6,E5,E10,E11,73.031000,416.959000,OK
5,11,adjacent,620,30,32,86,FWD,E5,E6,E11,E12,-63.324000,431.563000,OK
5,11,adjacent,620,30,32,87,REV,E6,E5,E11,E12,-60.281000,417.318000,OK
5,11,adjacent,620,30,32,88,FWD,E5,E6,E12,E1,31.340000,431.164000,OK
5,11,adjacent,620,30,32,89,REV,E6,E5,E12,E1,34.473000,416.720000,OK
5,11,adjacent,620,30,32,90,FWD,E6,E7,E1,E2,-17.977000,430.206000,OK
5,11,adjacent,620,30,32,91,REV,E7,E6,E1,E2,-13.816000,442.336000,OK
5,11,adjacent,620,30,32,92,FWD,E6,E7,E2,E3,-9.238000,442.336000,OK
5,11,adjacent,620,30,32,93,REV,E7,E6,E2,E3,-2.734000,439.104000,OK
5,11,adjacent,620,30,32,94,FWD,E6,E7,E3,E4,9.078000,443.932000,OK
5,11,adjacent,620,30,32,95,REV,E7,E6,E3,E4,21.176000,438.426000,OK
5,11,adjacent,620,30,32,96,FWD,E6,E7,E4,E5,-13.430000,444.690000,OK
5,11,adjacent,620,30,32,97,REV,E7,E6,E4,E5,34.703000,438.266000,OK
5,11,adjacent,620,30,32,98,FWD,E6,E7,E8,E9,-57.391000,444.850000,OK
5,11,adjacent,620,30,32,99,REV,E7,E6,E8,E9,-34.676000,437.428000,OK
5,11,adjacent,620,30,32,100,FWD,E6,E7,E9,E10,-27.145000,445.328000,OK
5,11,adjacent,620,30,32,101,REV,E7,E6,E9,E10,-14.496000,437.747000,OK
5,11,adjacent,620,30,32,102,FWD,E6,E7,E10,E11,65.516000,444.850000,OK
5,11,adjacent,620,30,32,103,REV,E7,E6,E10,E11,74.605000,437.468000,OK
5,11,adjacent,620,30,32,104,FWD,E6,E7,E11,E12,-63.527000,445.368000,OK
5,11,adjacent,620,30,32,105,REV,E7,E6,E11,E12,-60.148000,437.348000,OK
5,11,adjacent,620,30,32,106,FWD,E6,E7,E12,E1,31.492000,445.528000,OK
5,11,adjacent,620,30,32,107,REV,E7,E6,E12,E1,34.410000,436.949000,OK
5,11,adjacent,620,30,32,108,FWD,E7,E8,E1,E2,-17.598000,403.234000,OK
5,11,adjacent,620,30,32,109,REV,E8,E7,E1,E2,-13.945000,486.147000,OK
5,11,adjacent,620,30,32,110,FWD,E7,E8,E2,E3,-8.246000,420.111000,OK
5,11,adjacent,620,30,32,111,REV,E8,E7,E2,E3,-3.648000,479.164000,OK
5,11,adjacent,620,30,32,112,FWD,E7,E8,E3,E4,11.793000,423.543000,OK
5,11,adjacent,620,30,32,113,REV,E8,E7,E3,E4,18.895000,477.249000,OK
5,11,adjacent,620,30,32,114,FWD,E7,E8,E4,E5,-0.344000,424.540000,OK
5,11,adjacent,620,30,32,115,REV,E8,E7,E4,E5,21.746000,476.650000,OK
5,11,adjacent,620,30,32,116,FWD,E7,E8,E5,E6,-34.910000,424.780000,OK
5,11,adjacent,620,30,32,117,REV,E8,E7,E5,E6,-1.684000,475.812000,OK
5,11,adjacent,620,30,32,118,FWD,E7,E8,E9,E10,-39.027000,425.977000,OK
5,11,adjacent,620,30,32,119,REV,E8,E7,E9,E10,-0.273000,475.254000,OK
5,11,adjacent,620,30,32,120,FWD,E7,E8,E10,E11,60.430000,425.857000,OK
5,11,adjacent,620,30,32,121,REV,E8,E7,E10,E11,80.930000,475.094000,OK
5,11,adjacent,620,30,32,122,FWD,E7,E8,E11,E12,-64.152000,426.057000,OK
5,11,adjacent,620,30,32,123,REV,E8,E7,E11,E12,-59.340000,474.895000,OK
5,11,adjacent,620,30,32,124,FWD,E7,E8,E12,E1,31.527000,426.376000,OK
5,11,adjacent,620,30,32,125,REV,E8,E7,E12,E1,34.629000,474.496000,OK
5,11,adjacent,620,30,32,126,FWD,E8,E9,E1,E2,-17.336000,348.690000,OK
5,11,adjacent,620,30,32,127,REV,E9,E8,E1,E2,-14.590000,340.071000,OK
5,11,adjacent,620,30,32,128,FWD,E8,E9,E2,E3,-7.574000,362.415000,OK
5,11,adjacent,620,30,32,129,REV,E9,E8,E2,E3,-4.883000,336.999000,OK
5,11,adjacent,620,30,32,130,FWD,E8,E9,E3,E4,13.496000,363.612000,OK
5,11,adjacent,620,30,32,131,REV,E9,E8,E3,E4,16.687000,336.001000,OK
5,11,adjacent,620,30,32,132,FWD,E8,E9,E4,E5,5.937000,364.410000,OK
5,11,adjacent,620,30,32,133,REV,E9,E8,E4,E5,13.719000,335.602000,OK
5,11,adjacent,620,30,32,134,FWD,E8,E9,E5,E6,-24.137000,364.650000,OK
5,11,adjacent,620,30,32,135,REV,E9,E8,E5,E6,-16.418000,335.004000,OK
5,11,adjacent,620,30,32,136,FWD,E8,E9,E6,E7,-12.699000,364.650000,OK
5,11,adjacent,620,30,32,137,REV,E9,E8,E6,E7,5.016000,335.403000,OK
5,11,adjacent,620,30,32,138,FWD,E8,E9,E10,E11,40.988000,364.969000,OK
5,11,adjacent,620,30,32,139,REV,E9,E8,E10,E11,96.648000,335.163000,OK
5,11,adjacent,620,30,32,140,FWD,E8,E9,E11,E12,-65.777000,364.610000,OK
5,11,adjacent,620,30,32,141,REV,E9,E8,E11,E12,-58.379000,335.084000,OK
5,11,adjacent,620,30,32,142,FWD,E8,E9,E12,E1,31.277000,364.929000,OK
5,11,adjacent,620,30,32,143,REV,E9,E8,E12,E1,34.551000,335.243000,OK
5,11,adjacent,620,30,32,144,FWD,E9,E10,E1,E2,-18.371000,217.737000,OK
5,11,adjacent,620,30,32,145,REV,E10,E9,E1,E2,-13.621000,213.786000,OK
5,11,adjacent,620,30,32,146,FWD,E9,E10,E2,E3,-7.883000,222.804000,OK
5,11,adjacent,620,30,32,147,REV,E10,E9,E2,E3,-4.652000,213.148000,OK
5,11,adjacent,620,30,32,148,FWD,E9,E10,E3,E4,13.750000,223.562000,OK
5,11,adjacent,620,30,32,149,REV,E10,E9,E3,E4,16.535000,212.829000,OK
5,11,adjacent,620,30,32,150,FWD,E9,E10,E4,E5,7.297000,223.761000,OK
5,11,adjacent,620,30,32,151,REV,E10,E9,E4,E5,12.523000,212.430000,OK
5,11,adjacent,620,30,32,152,FWD,E9,E10,E5,E6,-22.141000,224.160000,OK
5,11,adjacent,620,30,32,153,REV,E10,E9,E5,E6,-18.586000,212.589000,OK
5,11,adjacent,620,30,32,154,FWD,E9,E10,E6,E7,-7.617000,224.041000,OK
5,11,adjacent,620,30,32,155,REV,E10,E9,E6,E7,-1.371000,212.470000,OK
5,11,adjacent,620,30,32,156,FWD,E9,E10,E7,E8,38.328000,223.801000,OK
5,11,adjacent,620,30,32,157,REV,E10,E9,E7,E8,57.195000,212.948000,OK
5,11,adjacent,620,30,32,158,FWD,E9,E10,E11,E12,-78.820000,223.881000,OK
5,11,adjacent,620,30,32,159,REV,E10,E9,E11,E12,-46.508000,212.629000,OK
5,11,adjacent,620,30,32,160,FWD,E9,E10,E12,E1,28.695000,223.801000,OK
5,11,adjacent,620,30,32,161,REV,E10,E9,E12,E1,37.000000,212.470000,OK
5,11,adjacent,620,30,32,162,FWD,E10,E11,E1,E2,-21.437000,203.412000,OK
5,11,adjacent,620,30,32,163,REV,E11,E10,E1,E2,-9.309000,251.692000,OK
5,11,adjacent,620,30,32,164,FWD,E10,E11,E2,E3,-9.238000,209.557000,OK
5,11,adjacent,620,30,32,165,REV,E11,E10,E2,E3,-2.680000,249.976000,OK
5,11,adjacent,620,30,32,166,FWD,E10,E11,E3,E4,13.270000,210.993000,OK
5,11,adjacent,620,30,32,167,REV,E11,E10,E3,E4,17.496000,249.577000,OK
5,11,adjacent,620,30,32,168,FWD,E10,E11,E4,E5,7.043000,211.193000,OK
5,11,adjacent,620,30,32,169,REV,E11,E10,E4,E5,13.453000,249.218000,OK
5,11,adjacent,620,30,32,170,FWD,E10,E11,E5,E6,-21.937000,211.991000,OK
5,11,adjacent,620,30,32,171,REV,E11,E10,E5,E6,-18.664000,249.138000,OK
5,11,adjacent,620,30,32,172,FWD,E10,E11,E6,E7,-6.820000,212.031000,OK
5,11,adjacent,620,30,32,173,REV,E11,E10,E6,E7,-2.031000,249.138000,OK
5,11,adjacent,620,30,32,174,FWD,E10,E11,E7,E8,43.082000,211.672000,OK
5,11,adjacent,620,30,32,175,REV,E11,E10,E7,E8,53.758000,249.178000,OK
5,11,adjacent,620,30,32,176,FWD,E10,E11,E8,E9,-62.465000,211.871000,OK
5,11,adjacent,620,30,32,177,REV,E11,E10,E8,E9,-24.871000,249.058000,OK
5,11,adjacent,620,30,32,178,FWD,E10,E11,E12,E1,19.914000,212.470000,OK
5,11,adjacent,620,30,32,179,REV,E11,E10,E12,E1,48.430000,248.659000,OK
5,11,adjacent,620,30,32,180,FWD,E11,E12,E1,E2,-36.492000,275.991000,OK
5,11,adjacent,620,30,32,181,REV,E12,E11,E1,E2,2.105000,249.338000,OK
5,11,adjacent,620,30,32,182,FWD,E11,E12,E2,E3,-13.449000,282.216000,OK
5,11,adjacent,620,30,32,183,REV,E12,E11,E2,E3,-0.047000,247.901000,OK
5,11,adjacent,620,30,32,184,FWD,E11,E12,E3,E4,12.219000,283.014000,OK
5,11,adjacent,620,30,32,185,REV,E12,E11,E3,E4,17.801000,246.864000,OK
5,11,adjacent,620,30,32,186,FWD,E11,E12,E4,E5,6.937000,283.453000,OK
5,11,adjacent,620,30,32,187,REV,E12,E11,E4,E5,12.613000,246.744000,OK
5,11,adjacent,620,30,32,188,FWD,E11,E12,E5,E6,-21.496000,283.692000,OK
5,11,adjacent,620,30,32,189,REV,E12,E11,E5,E6,-19.625000,246.944000,OK
5,11,adjacent,620,30,32,190,FWD,E11,E12,E6,E7,-5.785000,283.373000,OK
5,11,adjacent,620,30,32,191,REV,E12,E11,E6,E7,-3.777000,247.422000,OK
5,11,adjacent,620,30,32,192,FWD,E11,E12,E7,E8,46.535000,283.652000,OK
5,11,adjacent,620,30,32,193,REV,E12,E11,E7,E8,49.402000,246.505000,OK
5,11,adjacent,620,30,32,194,FWD,E11,E12,E8,E9,-48.625000,283.532000,OK
5,11,adjacent,620,30,32,195,REV,E12,E11,E8,E9,-42.977000,246.944000,OK
5,11,adjacent,620,30,32,196,FWD,E11,E12,E9,E10,-40.793000,283.532000,OK
5,11,adjacent,620,30,32,197,REV,E12,E11,E9,E10,-1.652000,247.263000,OK
5,11,adjacent,620,30,32,198,FWD,E12,E1,E2,E3,-19.586000,237.687000,OK
5,11,adjacent,620,30,32,199,REV,E1,E12,E2,E3,8.320000,267.173000,OK
5,11,adjacent,620,30,32,200,FWD,E12,E1,E3,E4,10.906000,243.791000,OK
5,11,adjacent,620,30,32,201,REV,E1,E12,E3,E4,19.922000,265.378000,OK
5,11,adjacent,620,30,32,202,FWD,E12,E1,E4,E5,6.500000,244.350000,OK
5,11,adjacent,620,30,32,203,REV,E1,E12,E4,E5,13.711000,264.979000,OK
5,11,adjacent,620,30,32,204,FWD,E12,E1,E5,E6,-21.434000,244.590000,OK
5,11,adjacent,620,30,32,205,REV,E1,E12,E5,E6,-19.570000,264.939000,OK
5,11,adjacent,620,30,32,206,FWD,E12,E1,E6,E7,-5.586000,245.108000,OK
5,11,adjacent,620,30,32,207,REV,E1,E12,E6,E7,-3.871000,264.580000,OK
5,11,adjacent,620,30,32,208,FWD,E12,E1,E7,E8,47.242000,245.148000,OK
5,11,adjacent,620,30,32,209,REV,E1,E12,E7,E8,49.043000,264.380000,OK
5,11,adjacent,620,30,32,210,FWD,E12,E1,E8,E9,-46.848000,245.667000,OK
5,11,adjacent,620,30,32,211,REV,E1,E12,E8,E9,-44.434000,264.221000,OK
5,11,adjacent,620,30,32,212,FWD,E12,E1,E9,E10,-25.070000,245.228000,OK
5,11,adjacent,620,30,32,213,REV,E1,E12,E9,E10,-15.262000,264.181000,OK
5,11,adjacent,620,30,32,214,FWD,E12,E1,E10,E11,54.430000,245.467000,OK
5,11,adjacent,620,30,32,215,REV,E1,E12,E10,E11,86.676000,264.300000,OK
6,12,adjacent,620,30,32,0,FWD,E1,E2,E3,E4,0.035000,303.562000,OK
6,12,adjacent,620,30,32,1,REV,E2,E1,E3,E4,30.203000,307.473000,OK
6,12,adjacent,620,30,32,2,FWD,E1,E2,E4,E5,0.844000,311.303000,OK
6,12,adjacent,620,30,32,3,REV,E2,E1,E4,E5,18.844000,304.999000,OK
6,12,adjacent,620,30,32,4,FWD,E1,E2,E5,E6,-22.543000,312.859000,OK
6,12,adjacent,620,30,32,5,REV,E2,E1,E5,E6,-18.664000,304.041000,OK
6,12,adjacent,620,30,32,6,FWD,E1,E2,E6,E7,-6.301000,313.737000,OK
6,12,adjacent,620,30,32,7,REV,E2,E1,E6,E7,-3.328000,303.522000,OK
6,12,adjacent,620,30,32,8,FWD,E1,E2,E7,E8,46.840000,314.016000,OK
6,12,adjacent,620,30,32,9,REV,E2,E1,E7,E8,49.398000,303.802000,OK
6,12,adjacent,620,30,32,10,FWD,E1,E2,E8,E9,-46.977000,313.617000,OK
6,12,adjacent,620,30,32,11,REV,E2,E1,E8,E9,-44.555000,303.522000,OK
6,12,adjacent,620,30,32,12,FWD,E1,E2,E9,E10,-23.934000,314.056000,OK
6,12,adjacent,620,30,32,13,REV,E2,E1,E9,E10,-17.203000,303.203000,OK
6,12,adjacent,620,30,32,14,FWD,E1,E2,E10,E11,61.535000,314.375000,OK
6,12,adjacent,620,30,32,15,REV,E2,E1,E10,E11,77.930000,302.844000,OK
6,12,adjacent,620,30,32,16,FWD,E1,E2,E11,E12,-83.715000,314.455000,OK
6,12,adjacent,620,30,32,17,REV,E2,E1,E11,E12,-38.578000,303.243000,OK
6,12,adjacent,620,30,32,18,FWD,E2,E3,E4,E5,-12.070000,314.974000,OK
6,12,adjacent,620,30,32,19,REV,E3,E2,E4,E5,32.121000,323.074000,OK
6,12,adjacent,620,30,32,20,FWD,E2,E3,E5,E6,-24.352000,321.278000,OK
6,12,adjacent,620,30,32,21,REV,E3,E2,E5,E6,-16.883000,320.879000,OK
6,12,adjacent,620,30,32,22,FWD,E2,E3,E6,E7,-7.211000,322.874000,OK
6,12,adjacent,620,30,32,23,REV,E3,E2,E6,E7,-2.434000,320.041000,OK
6,12,adjacent,620,30,32,24,FWD,E2,E3,E7,E8,46.477000,323.113000,OK
6,12,adjacent,620,30,32,25,REV,E3,E2,E7,E8,49.848000,319.802000,OK
6,12,adjacent,620,30,32,26,FWD,E2,E3,E8,E9,-47.047000,323.153000,OK
6,12,adjacent,620,30,32,27,REV,E3,E2,E8,E9,-44.570000,319.882000,OK
6,12,adjacent,620,30,32,28,FWD,E2,E3,E9,E10,-23.008000,323.273000,OK
6,12,adjacent,620,30,32,29,REV,E3,E2,E9,E10,-18.172000,320.320000,OK
6,12,adjacent,620,30,32,30,FWD,E2,E3,E10,E11,65.367000,322.994000,OK
6,12,adjacent,620,30,32,31,REV,E3,E2,E10,E11,74.520000,319.762000,OK
6,12,adjacent,620,30,32,32,FWD,E2,E3,E11,E12,-69.543000,323.393000,OK
6,12,adjacent,620,30,32,33,REV,E3,E2,E11,E12,-53.168000,319.762000,OK
6,12,adjacent,620,30,32,34,FWD,E2,E3,E12,E1,15.426000,323.433000,OK
6,12,adjacent,620,30,32,35,REV,E3,E2,E12,E1,50.793000,319.363000,OK
6,12,adjacent,620,30,32,36,FWD,E3,E4,E1,E2,-28.898000,345.617000,OK
6,12,adjacent,620,30,32,37,REV,E4,E3,E1,E2,4.676000,374.545000,OK
6,12,adjacent,620,30,32,38,FWD,E3,E4,E5,E6,-29.910000,354.635000,OK
6,12,adjacent,620,30,32,39,REV,E4,E3,E5,E6,-10.918000,371.872000,OK
6,12,adjacent,620,30,32,40,FWD,E3,E4,E6,E7,-9.754000,355.752000,OK
6,12,adjacent,620,30,32,41,REV,E4,E3,E6,E7,0.320000,370.834000,OK
6,12,adjacent,620,30,32,42,FWD,E3,E4,E7,E8,45.305000,356.750000,OK
6,12,adjacent,620,30,32,43,REV,E4,E3,E7,E8,51.176000,370.236000,OK
6,12,adjacent,620,30,32,44,FWD,E3,E4,E8,E9,-47.488000,357.228000,OK
6,12,adjacent,620,30,32,45,REV,E4,E3,E8,E9,-44.094000,370.036000,OK
6,12,adjacent,620,30,32,46,FWD,E3,E4,E9,E10,-22.918000,357.029000,OK
6,12,adjacent,620,30,32,47,REV,E4,E3,E9,E10,-18.277000,370.116000,OK
6,12,adjacent,620,30,32,48,FWD,E3,E4,E10,E11,66.730000,357.109000,OK
6,12,adjacent,620,30,32,49,REV,E4,E3,E10,E11,73.441000,370.156000,OK
6,12,adjacent,620,30,32,50,FWD,E3,E4,E11,E12,-65.320000,357.069000,OK
6,12,adjacent,620,30,32,51,REV,E4,E3,E11,E12,-57.633000,369.957000,OK
6,12,adjacent,620,30,32,52,FWD,E3,E4,E12,E1,26.594000,357.388000,OK
6,12,adjacent,620,30,32,53,REV,E4,E3,E12,E1,39.488000,369.717000,OK
6,12,adjacent,620,30,32,54,FWD,E4,E5,E1,E2,-26.645000,369.996000,OK
6,12,adjacent,620,30,32,55,REV,E5,E4,E1,E2,-4.367000,396.291000,OK
6,12,adjacent,620,30,32,56,FWD,E4,E5,E2,E3,-28.531000,379.533000,OK
6,12,adjacent,620,30,32,57,REV,E5,E4,E2,E3,23.547000,393.697000,OK
6,12,adjacent,620,30,32,58,FWD,E4,E5,E6,E7,-25.703000,381.288000,OK
6,12,adjacent,620,30,32,59,REV,E5,E4,E6,E7,16.613000,392.939000,OK
6,12,adjacent,620,30,32,60,FWD,E4,E5,E7,E8,38.762000,381.647000,OK
6,12,adjacent,620,30,32,61,REV,E5,E4,E7,E8,57.875000,392.500000,OK
6,12,adjacent,620,30,32,62,FWD,E4,E5,E8,E9,-50.148000,382.286000,OK
6,12,adjacent,620,30,32,63,REV,E5,E4,E8,E9,-41.469000,391.942000,OK
6,12,adjacent,620,30,32,64,FWD,E4,E5,E9,E10,-25.242000,382.884000,OK
6,12,adjacent,620,30,32,65,REV,E5,E4,E9,E10,-16.023000,391.623000,OK
6,12,adjacent,620,30,32,66,FWD,E4,E5,E10,E11,64.758000,382.844000,OK
6,12,adjacent,620,30,32,67,REV,E5,E4,E10,E11,75.500000,391.463000,OK
6,12,adjacent,620,30,32,68,FWD,E4,E5,E11,E12,-65.758000,383.243000,OK
6,12,adjacent,620,30,32,69,REV,E5,E4,E11,E12,-57.488000,391.623000,OK
6,12,adjacent,620,30,32,70,FWD,E4,E5,E12,E1,27.531000,382.924000,OK
6,12,adjacent,620,30,32,71,REV,E5,E4,E12,E1,38.402000,391.543000,OK
6,12,adjacent,620,30,32,72,FWD,E5,E6,E1,E2,-18.547000,416.520000,OK
6,12,adjacent,620,30,32,73,REV,E6,E5,E1,E2,-13.195000,422.665000,OK
6,12,adjacent,620,30,32,74,FWD,E5,E6,E2,E3,-10.602000,428.650000,OK
6,12,adjacent,620,30,32,75,REV,E6,E5,E2,E3,-0.773000,418.595000,OK
6,12,adjacent,620,30,32,76,FWD,E5,E6,E3,E4,4.977000,430.047000,OK
6,12,adjacent,620,30,32,77,REV,E6,E5,E3,E4,26.883000,417.677000,OK
6,12,adjacent,620,30,32,78,FWD,E5,E6,E7,E8,32.063000,431.124000,OK
6,12,adjacent,620,30,32,79,REV,E6,E5,E7,E8,63.711000,417.677000,OK
6,12,adjacent,620,30,32,80,FWD,E5,E6,E8,E9,-50.707000,430.485000,OK
6,12,adjacent,620,30,32,81,REV,E6,E5,E8,E9,-41.238000,417.358000,OK
6,12,adjacent,620,30,32,82,FWD,E5,E6,E9,E10,-24.266000,431.244000,OK
6,12,adjacent,620,30,32,83,REV,E6,E5,E9,E10,-17.328000,417.039000,OK
6,12,adjacent,620,30,32,84,FWD,E5,E6,E10,E11,67.078000,431.563000,OK
6,12,adjacent,620,30,32,85,REV,E6,E5,E10,E11,73.051000,416.760000,OK
6,12,adjacent,620,30,32,86,FWD,E5,E6,E11,E12,-63.266000,431.323000,OK
6,12,adjacent,620,30,32,87,REV,E6,E5,E11,E12,-60.297000,416.760000,OK
6,12,adjacent,620,30,32,88,FWD,E5,E6,E12,E1,31.324000,432.042000,OK
6,12,adjacent,620,30,32,89,REV,E6,E5,E12,E1,34.414000,417.079000,OK
6,12,adjacent,620,30,32,90,FWD,E6,E7,E1,E2,-17.969000,429.368000,OK
6,12,adjacent,620,30,32,91,REV,E7,E6,E1,E2,-13.801000,442.575000,OK
6,12,adjacent,620,30,32,92,FWD,E6,E7,E2,E3,-9.238000,441.897000,OK
6,12,adjacent,620,30,32,93,REV,E7,E6,E2,E3,-2.723000,439.224000,OK
6,12,adjacent,620,30,32,94,FWD,E6,E7,E3,E4,9.070000,443.932000,OK
6,12,adjacent,620,30,32,95,REV,E7,E6,E3,E4,21.156000,438.106000,OK
6,12,adjacent,620,30,32,96,FWD,E6,E7,E4,E5,-13.477000,444.730000,OK
6,12,adjacent,620,30,32,97,REV,E7,E6,E4,E5,34.664000,437.787000,OK
6,12,adjacent,620,30,32,98,FWD,E6,E7,E8,E9,-57.414000,444.969000,OK
6,12,adjacent,620,30,32,99,REV,E7,E6,E8,E9,-34.648000,437.707000,OK
6,12,adjacent,620,30,32,100,FWD,E6,E7,E9,E10,-27.180000,444.491000,OK
6,12,adjacent,620,30,32,101,REV,E7,E6,E9,E10,-14.449000,437.628000,OK
6,12,adjacent,620,30,32,102,FWD,E6,E7,E10,E11,65.527000,444.890000,OK
6,12,adjacent,620,30,32,103,REV,E7,E6,E10,E11,74.645000,437.907000,OK
6,12,adjacent,620,30,32,104,FWD,E6,E7,E11,E12,-63.496000,445.089000,OK
6,12,adjacent,620,30,32,105,REV,E7,E6,E11,E12,-60.168000,437.308000,OK
6,12,adjacent,620,30,32,106,FWD,E6,E7,E12,E1,31.437000,445.129000,OK
6,12,adjacent,620,30,32,107,REV,E7,E6,E12,E1,34.375000,437.069000,OK
6,12,adjacent,620,30,32,108,FWD,E7,E8,E1,E2,-17.582000,403.672000,OK
6,12,adjacent,620,30,32,109,REV,E8,E7,E1,E2,-13.945000,485.588000,OK
6,12,adjacent,620,30,32,110,FWD,E7,E8,E2,E3,-8.266000,420.111000,OK
6,12,adjacent,620,30,32,111,REV,E8,E7,E2,E3,-3.668000,479.324000,OK
6,12,adjacent,620,30,32,112,FWD,E7,E8,E3,E4,11.816000,423.104000,OK
6,12,adjacent,620,30,32,113,REV,E8,E7,E3,E4,18.906000,477.648000,OK
6,12,adjacent,620,30,32,114,FWD,E7,E8,E4,E5,-0.359000,424.580000,OK
6,12,adjacent,620,30,32,115,REV,E8,E7,E4,E5,21.746000,476.411000,OK
6,12,adjacent,620,30,32,116,FWD,E7,E8,E5,E6,-34.883000,424.740000,OK
6,12,adjacent,620,30,32,117,REV,E8,E7,E5,E6,-1.637000,475.733000,OK
6,12,adjacent,620,30,32,118,FWD,E7,E8,E9,E10,-38.996000,425.777000,OK
6,12,adjacent,620,30,32,119,REV,E8,E7,E9,E10,-0.250000,475.214000,OK
6,12,adjacent,620,30,32,120,FWD,E7,E8,E10,E11,60.449000,426.057000,OK
6,12,adjacent,620,30,32,121,REV,E8,E7,E10,E11,80.953000,474.855000,OK
6,12,adjacent,620,30,32,122,FWD,E7,E8,E11,E12,-64.117000,426.256000,OK
6,12,adjacent,620,30,32,123,REV,E8,E7,E11,E12,-59.328000,474.815000,OK
6,12,adjacent,620,30,32,124,FWD,E7,E8,E12,E1,31.504000,426.416000,OK
6,12,adjacent,620,30,32,125,REV,E8,E7,E12,E1,34.578000,474.735000,OK
6,12,adjacent,620,30,32,126,FWD,E8,E9,E1,E2,-17.297000,348.570000,OK
6,12,adjacent,620,30,32,127,REV,E9,E8,E1,E2,-14.582000,340.670000,OK
6,12,adjacent,620,30,32,128,FWD,E8,E9,E2,E3,-7.559000,361.937000,OK
6,12,adjacent,620,30,32,129,REV,E9,E8,E2,E3,-4.895000,336.560000,OK
6,12,adjacent,620,30,32,130,FWD,E8,E9,E3,E4,13.480000,363.772000,OK
6,12,adjacent,620,30,32,131,REV,E9,E8,E3,E4,16.691000,335.523000,OK
6,12,adjacent,620,30,32,132,FWD,E8,E9,E4,E5,5.922000,364.570000,OK
6,12,adjacent,620,30,32,133,REV,E9,E8,E4,E5,13.711000,335.283000,OK
6,12,adjacent,620,30,32,134,FWD,E8,E9,E5,E6,-24.090000,364.690000,OK
6,12,adjacent,620,30,32,135,REV,E9,E8,E5,E6,-16.371000,335.842000,OK
6,12,adjacent,620,30,32,136,FWD,E8,E9,E6,E7,-12.688000,364.730000,OK
6,12,adjacent,620,30,32,137,REV,E9,E8,E6,E7,4.996000,335.004000,OK
6,12,adjacent,620,30,32,138,FWD,E8,E9,E10,E11,41.051000,364.530000,OK
6,12,adjacent,620,30,32,139,REV,E9,E8,E10,E11,96.660000,335.602000,OK
6,12,adjacent,620,30,32,140,FWD,E8,E9,E11,E12,-65.770000,364.770000,OK
6,12,adjacent,620,30,32,141,REV,E9,E8,E11,E12,-58.363000,335.642000,OK
6,12,adjacent,620,30,32,142,FWD,E8,E9,E12,E1,31.242000,364.371000,OK
6,12,adjacent,620,30,32,143,REV,E9,E8,E12,E1,34.504000,335.084000,OK
6,12,adjacent,620,30,32,144,FWD,E9,E10,E1,E2,-18.352000,217.697000,OK
6,12,adjacent,620,30,32,145,REV,E10,E9,E1,E2,-13.602000,214.345000,OK
6,12,adjacent,620,30,32,146,FWD,E9,E10,E2,E3,-7.898000,223.362000,OK
6,12,adjacent,620,30,32,147,REV,E10,E9,E2,E3,-4.652000,212.669000,OK
6,12,adjacent,620,30,32,148,FWD,E9,E10,E3,E4,13.766000,223.881000,OK
6,12,adjacent,620,30,32,149,REV,E10,E9,E3,E4,16.527000,212.549000,OK
6,12,adjacent,620,30,32,150,FWD,E9,E10,E4,E5,7.285000,223.801000,OK
6,12,adjacent,620,30,32,151,REV,E10,E9,E4,E5,12.512000,212.948000,OK
6,12,adjacent,620,30,32,152,FWD,E9,E10,E5,E6,-22.105000,223.801000,OK
6,12,adjacent,620,30,32,153,REV,E10,E9,E5,E6,-18.570000,212.869000,OK
6,12,adjacent,620,30,32,154,FWD,E9,E10,E6,E7,-7.625000,223.801000,OK
6,12,adjacent,620,30,32,155,REV,E10,E9,E6,E7,-1.395000,212.948000,OK
6,12,adjacent,620,30,32,156,FWD,E9,E10,E7,E8,38.270000,223.562000,OK
6,12,adjacent,620,30,32,157,REV,E10,E9,E7,E8,57.211000,212.869000,OK
6,12,adjacent,620,30,32,158,FWD,E9,E10,E11,E12,-78.848000,223.801000,OK
6,12,adjacent,620,30,32,159,REV,E10,E9,E11,E12,-46.465000,212.749000,OK
6,12,adjacent,620,30,32,160,FWD,E9,E10,E12,E1,28.672000,223.841000,OK
6,12,adjacent,620,30,32,161,REV,E10,E9,E12,E1,36.984000,212.390000,OK
6,12,adjacent,620,30,32,162,FWD,E10,E11,E1,E2,-21.437000,203.133000,OK
6,12,adjacent,620,30,32,163,REV,E11,E10,E1,E2,-9.277000,251.772000,OK
6,12,adjacent,620,30,32,164,FWD,E10,E11,E2,E3,-9.223000,209.756000,OK
6,12,adjacent,620,30,32,165,REV,E11,E10,E2,E3,-2.695000,249.896000,OK
6,12,adjacent,620,30,32,166,FWD,E10,E11,E3,E4,13.273000,211.113000,OK
6,12,adjacent,620,30,32,167,REV,E11,E10,E3,E4,17.477000,249.417000,OK
6,12,adjacent,620,30,32,168,FWD,E10,E11,E4,E5,7.016000,211.472000,OK
6,12,adjacent,620,30,32,169,REV,E11,E10,E4,E5,13.461000,249.378000,OK
6,12,adjacent,620,30,32,170,FWD,E10,E11,E5,E6,-21.891000,211.791000,OK
6,12,adjacent,620,30,32,171,REV,E11,E10,E5,E6,-18.625000,249.178000,OK
6,12,adjacent,620,30,32,172,FWD,E10,E11,E6,E7,-6.789000,211.751000,OK
6,12,adjacent,620,30,32,173,REV,E11,E10,E6,E7,-2.016000,248.819000,OK
6,12,adjacent,620,30,32,174,FWD,E10,E11,E7,E8,43.016000,211.951000,OK
6,12,adjacent,620,30,32,175,REV,E11,E10,E7,E8,53.730000,248.899000,OK
6,12,adjacent,620,30,32,176,FWD,E10,E11,E8,E9,-62.457000,212.150000,OK
6,12,adjacent,620,30,32,177,REV,E11,E10,E8,E9,-24.852000,249.018000,OK
6,12,adjacent,620,30,32,178,FWD,E10,E11,E12,E1,19.855000,212.150000,OK
6,12,adjacent,620,30,32,179,REV,E11,E10,E12,E1,48.414000,248.899000,OK
6,12,adjacent,620,30,32,180,FWD,E11,E12,E1,E2,-36.488000,275.712000,OK
6,12,adjacent,620,30,32,181,REV,E12,E11,E1,E2,2.129000,249.138000,OK
6,12,adjacent,620,30,32,182,FWD,E11,E12,E2,E3,-13.449000,282.495000,OK
6,12,adjacent,620,30,32,183,REV,E12,E11,E2,E3,-0.059000,247.941000,OK
6,12,adjacent,620,30,32,184,FWD,E11,E12,E3,E4,12.230000,282.774000,OK
6,12,adjacent,620,30,32,185,REV,E12,E11,E3,E4,17.805000,247.422000,OK
6,12,adjacent,620,30,32,186,FWD,E11,E12,E4,E5,6.902000,283.093000,OK
6,12,adjacent,620,30,32,187,REV,E12,E11,E4,E5,12.625000,247.183000,OK
6,12,adjacent,620,30,32,188,FWD,E11,E12,E5,E6,-21.492000,283.453000,OK
6,12,adjacent,620,30,32,189,REV,E12,E11,E5,E6,-19.621000,246.744000,OK
6,12,adjacent,620,30,32,190,FWD,E11,E12,E6,E7,-5.773000,283.373000,OK
6,12,adjacent,620,30,32,191,REV,E12,E11,E6,E7,-3.758000,246.784000,OK
6,12,adjacent,620,30,32,192,FWD,E11,E12,E7,E8,46.469000,283.971000,OK
6,12,adjacent,620,30,32,193,REV,E12,E11,E7,E8,49.359000,247.143000,OK
6,12,adjacent,620,30,32,194,FWD,E11,E12,E8,E9,-48.633000,283.492000,OK
6,12,adjacent,620,30,32,195,REV,E12,E11,E8,E9,-42.957000,246.944000,OK
6,12,adjacent,620,30,32,196,FWD,E11,E12,E9,E10,-40.836000,283.333000,OK
6,12,adjacent,620,30,32,197,REV,E12,E11,E9,E10,-1.715000,246.904000,OK
6,12,adjacent,620,30,32,198,FWD,E12,E1,E2,E3,-19.582000,237.806000,OK
6,12,adjacent,620,30,32,199,REV,E1,E12,E2,E3,8.293000,267.253000,OK
6,12,adjacent,620,30,32,200,FWD,E12,E1,E3,E4,10.883000,243.353000,OK
6,12,adjacent,620,30,32,201,REV,E1,E12,E3,E4,19.918000,265.577000,OK
6,12,adjacent,620,30,32,202,FWD,E12,E1,E4,E5,6.512000,243.871000,OK
6,12,adjacent,620,30,32,203,REV,E1,E12,E4,E5,13.730000,265.058000,OK
6,12,adjacent,620,30,32,204,FWD,E12,E1,E5,E6,-21.422000,244.749000,OK
6,12,adjacent,620,30,32,205,REV,E1,E12,E5,E6,-19.523000,264.739000,OK
6,12,adjacent,620,30,32,206,FWD,E12,E1,E6,E7,-5.543000,244.629000,OK
6,12,adjacent,620,30,32,207,REV,E1,E12,E6,E7,-3.863000,264.221000,OK
6,12,adjacent,620,30,32,208,FWD,E12,E1,E7,E8,47.211000,245.148000,OK
6,12,adjacent,620,30,32,209,REV,E1,E12,E7,E8,49.008000,264.420000,OK
6,12,adjacent,620,30,32,210,FWD,E12,E1,E8,E9,-46.852000,245.188000,OK
6,12,adjacent,620,30,32,211,REV,E1,E12,E8,E9,-44.422000,264.141000,OK
6,12,adjacent,620,30,32,212,FWD,E12,E1,E9,E10,-25.094000,245.427000,OK
6,12,adjacent,620,30,32,213,REV,E1,E12,E9,E10,-15.281000,264.181000,OK
6,12,adjacent,620,30,32,214,FWD,E12,E1,E10,E11,54.523000,245.627000,OK
6,12,adjacent,620,30,32,215,REV,E1,E12,E10,E11,86.770000,264.300000,OK
7,13,adjacent,620,30,32,0,FWD,E1,E2,E3,E4,0.047000,304.161000,OK
7,13,adjacent,620,30,32,1,REV,E2,E1,E3,E4,30.168000,307.153000,OK
7,13,adjacent,620,30,32,2,FWD,E1,E2,E4,E5,0.867000,311.502000,OK
7,13,adjacent,620,30,32,3,REV,E2,E1,E4,E5,18.820000,304.719000,OK
7,13,adjacent,620,30,32,4,FWD,E1,E2,E5,E6,-22.531000,313.059000,OK
7,13,adjacent,620,30,32,5,REV,E2,E1,E5,E6,-18.625000,304.241000,OK
7,13,adjacent,620,30,32,6,FWD,E1,E2,E6,E7,-6.273000,313.577000,OK
7,13,adjacent,620,30,32,7,REV,E2,E1,E6,E7,-3.293000,303.483000,OK
7,13,adjacent,620,30,32,8,FWD,E1,E2,E7,E8,46.797000,314.016000,OK
7,13,adjacent,620,30,32,9,REV,E2,E1,E7,E8,49.344000,303.762000,OK
7,13,adjacent,620,30,32,10,FWD,E1,E2,E8,E9,-47.008000,314.016000,OK
7,13,adjacent,620,30,32,11,REV,E2,E1,E8,E9,-44.531000,303.562000,OK
7,13,adjacent,620,30,32,12,FWD,E1,E2,E9,E10,-23.961000,314.056000,OK
7,13,adjacent,620,30,32,13,REV,E2,E1,E9,E10,-17.219000,303.602000,OK
7,13,adjacent,620,30,32,14,FWD,E1,E2,E10,E11,61.625000,314.056000,OK
7,13,adjacent,620,30,32,15,REV,E2,E1,E10,E11,77.988000,303.283000,OK
7,13,adjacent,620,30,32,16,FWD,E1,E2,E11,E12,-83.738000,314.256000,OK
7,13,adjacent,620,30,32,17,REV,E2,E1,E11,E12,-38.559000,303.522000,OK
7,13,adjacent,620,30,32,18,FWD,E2,E3,E4,E5,-12.129000,314.814000,OK
7,13,adjacent,620,30,32,19,REV,E3,E2,E4,E5,32.129000,322.834000,OK
7,13,adjacent,620,30,32,20,FWD,E2,E3,E5,E6,-24.328000,321.517000,OK
7,13,adjacent,620,30,32,21,REV,E3,E2,E5,E6,-16.836000,321.198000,OK
7,13,adjacent,620,30,32,22,FWD,E2,E3,E6,E7,-7.203000,322.754000,OK
7,13,adjacent,620,30,32,23,REV,E3,E2,E6,E7,-2.410000,320.640000,OK
7,13,adjacent,620,30,32,24,FWD,E2,E3,E7,E8,46.457000,323.074000,OK
7,13,adjacent,620,30,32,25,REV,E3,E2,E7,E8,49.797000,320.161000,OK
7,13,adjacent,620,30,32,26,FWD,E2,E3,E8,E9,-47.047000,323.113000,OK
7,13,adjacent,620,30,32,27,REV,E3,E2,E8,E9,-44.563000,320.161000,OK
7,13,adjacent,620,30,32,28,FWD,E2,E3,E9,E10,-23.016000,322.834000,OK
7,13,adjacent,620,30,32,29,REV,E3,E2,E9,E10,-18.195000,320.320000,OK
7,13,adjacent,620,30,32,30,FWD,E2,E3,E10,E11,65.402000,322.794000,OK
7,13,adjacent,620,30,32,31,REV,E3,E2,E10,E11,74.578000,320.001000,OK
7,13,adjacent,620,30,32,32,FWD,E2,E3,E11,E12,-69.559000,323.273000,OK
7,13,adjacent,620,30,32,33,REV,E3,E2,E11,E12,-53.191000,319.921000,OK
7,13,adjacent,620,30,32,34,FWD,E2,E3,E12,E1,15.391000,323.353000,OK
7,13,adjacent,620,30,32,35,REV,E3,E2,E12,E1,50.754000,320.001000,OK
7,13,adjacent,620,30,32,36,FWD,E3,E4,E1,E2,-28.898000,345.657000,OK
7,13,adjacent,620,30,32,37,REV,E4,E3,E1,E2,4.691000,374.465000,OK
7,13,adjacent,620,30,32,38,FWD,E3,E4,E5,E6,-29.867000,354.435000,OK
7,13,adjacent,620,30,32,39,REV,E4,E3,E5,E6,-10.906000,371.952000,OK
7,13,adjacent,620,30,32,40,FWD,E3,E4,E6,E7,-9.742000,355.792000,OK
7,13,adjacent,620,30,32,41,REV,E4,E3,E6,E7,0.340000,370.874000,OK
7,13,adjacent,620,30,32,42,FWD,E3,E4,E7,E8,45.289000,356.789000,OK
7,13,adjacent,620,30,32,43,REV,E4,E3,E7,E8,51.137000,370.276000,OK
7,13,adjacent,620,30,32,44,FWD,E3,E4,E8,E9,-47.488000,356.949000,OK
7,13,adjacent,620,30,32,45,REV,E4,E3,E8,E9,-44.098000,369.996000,OK
7,13,adjacent,620,30,32,46,FWD,E3,E4,E9,E10,-22.914000,357.188000,OK
7,13,adjacent,620,30,32,47,REV,E4,E3,E9,E10,-18.293000,369.877000,OK
7,13,adjacent,620,30,32,48,FWD,E3,E4,E10,E11,66.805000,357.348000,OK
7,13,adjacent,620,30,32,49,REV,E4,E3,E10,E11,73.512000,369.837000,OK
7,13,adjacent,620,30,32,50,FWD,E3,E4,E11,E12,-65.332000,357.747000,OK
7,13,adjacent,620,30,32,51,REV,E4,E3,E11,E12,-57.648000,369.558000,OK
7,13,adjacent,620,30,32,52,FWD,E3,E4,E12,E1,26.594000,357.308000,OK
7,13,adjacent,620,30,32,53,REV,E4,E3,E12,E1,39.457000,369.478000,OK
7,13,adjacent,620,30,32,54,FWD,E4,E5,E1,E2,-26.621000,369.917000,OK
7,13,adjacent,620,30,32,55,REV,E5,E4,E1,E2,-4.379000,396.570000,OK
7,13,adjacent,620,30,32,56,FWD,E4,E5,E2,E3,-28.520000,379.333000,OK
7,13,adjacent,620,30,32,57,REV,E5,E4,E2,E3,23.539000,393.498000,OK
7,13,adjacent,620,30,32,58,FWD,E4,E5,E6,E7,-25.703000,381.009000,OK
7,13,adjacent,620,30,32,59,REV,E5,E4,E6,E7,16.641000,392.500000,OK
7,13,adjacent,620,30,32,60,FWD,E4,E5,E7,E8,38.742000,381.807000,OK
7,13,adjacent,620,30,32,61,REV,E5,E4,E7,E8,57.840000,392.141000,OK
7,13,adjacent,620,30,32,62,FWD,E4,E5,E8,E9,-50.148000,382.326000,OK
7,13,adjacent,620,30,32,63,REV,E5,E4,E8,E9,-41.461000,392.022000,OK
7,13,adjacent,620,30,32,64,FWD,E4,E5,E9,E10,-25.246000,382.645000,OK
7,13,adjacent,620,30,32,65,REV,E5,E4,E9,E10,-16.027000,391.543000,OK
7,13,adjacent,620,30,32,66,FWD,E4,E5,E10,E11,64.793000,382.685000,OK
7,13,adjacent,620,30,32,67,REV,E5,E4,E10,E11,75.566000,391.223000,OK
7,13,adjacent,620,30,32,68,FWD,E4,E5,E11,E12,-65.797000,382.565000,OK
7,13,adjacent,620,30,32,69,REV,E5,E4,E11,E12,-57.484000,391.064000,OK
7,13,adjacent,620,30,32,70,FWD,E4,E5,E12,E1,27.500000,382.685000,OK
7,13,adjacent,620,30,32,71,REV,E5,E4,E12,E1,38.367000,391.184000,OK
7,13,adjacent,620,30,32,72,FWD,E5,E6,E1,E2,-18.523000,416.002000,OK
7,13,adjacent,620,30,32,73,REV,E6,E5,E1,E2,-13.195000,422.625000,OK
7,13,adjacent,620,30,32,74,FWD,E5,E6,E2,E3,-10.625000,427.812000,OK
7,13,adjacent,620,30,32,75,REV,E6,E5,E2,E3,-0.801000,418.954000,OK
7,13,adjacent,620,30,32,76,FWD,E5,E6,E3,E4,5.000000,430.086000,OK
7,13,adjacent,620,30,32,77,REV,E6,E5,E3,E4,26.824000,417.997000,OK
7,13,adjacent,620,30,32,78,FWD,E5,E6,E7,E8,32.051000,431.164000,OK
7,13,adjacent,620,30,32,79,REV,E6,E5,E7,E8,63.723000,417.278000,OK
7,13,adjacent,620,30,32,80,FWD,E5,E6,E8,E9,-50.715000,431.004000,OK
7,13,adjacent,620,30,32,81,REV,E6,E5,E8,E9,-41.242000,416.959000,OK
7,13,adjacent,620,30,32,82,FWD,E5,E6,E9,E10,-24.250000,431.683000,OK
7,13,adjacent,620,30,32,83,REV,E6,E5,E9,E10,-17.344000,416.959000,OK
7,13,adjacent,620,30,32,84,FWD,E5,E6,E10,E11,67.109000,431.363000,OK
7,13,adjacent,620,30,32,85,REV,E6,E5,E10,E11,73.109000,416.720000,OK
7,13,adjacent,620,30,32,86,FWD,E5,E6,E11,E12,-63.316000,431.084000,OK
7,13,adjacent,620,30,32,87,REV,E6,E5,E11,E12,-60.301000,417.039000,OK
7,13,adjacent,620,30,32,88,FWD,E5,E6,E12,E1,31.305000,431.284000,OK
7,13,adjacent,620,30,32,89,REV,E6,E5,E12,E1,34.410000,416.760000,OK
7,13,adjacent,620,30,32,90,FWD,E6,E7,E1,E2,-17.945000,429.288000,OK
7,13,adjacent,620,30,32,91,REV,E7,E6,E1,E2,-13.781000,442.216000,OK
7,13,adjacent,620,30,32,92,FWD,E6,E7,E2,E3,-9.254000,442.057000,OK
7,13,adjacent,620,30,32,93,REV,E7,E6,E2,E3,-2.734000,439.104000,OK
7,13,adjacent,620,30,32,94,FWD,E6,E7,E3,E4,9.098000,444.052000,OK
7,13,adjacent,620,30,32,95,REV,E7,E6,E3,E4,21.164000,437.827000,OK
7,13,adjacent,620,30,32,96,FWD,E6,E7,E4,E5,-13.512000,444.092000,OK
7,13,adjacent,620,30,32,97,REV,E7,E6,E4,E5,34.691000,437.628000,OK
7,13,adjacent,620,30,32,98,FWD,E6,E7,E8,E9,-57.363000,444.690000,OK
7,13,adjacent,620,30,32,99,REV,E7,E6,E8,E9,-34.684000,437.548000,OK
7,13,adjacent,620,30,32,100,FWD,E6,E7,E9,E10,-27.164000,444.770000,OK
7,13,adjacent,620,30,32,101,REV,E7,E6,E9,E10,-14.477000,437.548000,OK
7,13,adjacent,620,30,32,102,FWD,E6,E7,E10,E11,65.609000,444.810000,OK
7,13,adjacent,620,30,32,103,REV,E7,E6,E10,E11,74.680000,437.388000,OK
7,13,adjacent,620,30,32,104,FWD,E6,E7,E11,E12,-63.555000,444.929000,OK
7,13,adjacent,620,30,32,105,REV,E7,E6,E11,E12,-60.180000,437.668000,OK
7,13,adjacent,620,30,32,106,FWD,E6,E7,E12,E1,31.414000,444.690000,OK
7,13,adjacent,620,30,32,107,REV,E7,E6,E12,E1,34.367000,437.229000,OK
7,13,adjacent,620,30,32,108,FWD,E7,E8,E1,E2,-17.562000,403.114000,OK
7,13,adjacent,620,30,32,109,REV,E8,E7,E1,E2,-13.914000,486.027000,OK
7,13,adjacent,620,30,32,110,FWD,E7,E8,E2,E3,-8.277000,419.633000,OK
7,13,adjacent,620,30,32,111,REV,E8,E7,E2,E3,-3.676000,479.443000,OK
7,13,adjacent,620,30,32,112,FWD,E7,E8,E3,E4,11.793000,423.144000,OK
7,13,adjacent,620,30,32,113,REV,E8,E7,E3,E4,18.906000,477.289000,OK
7,13,adjacent,620,30,32,114,FWD,E7,E8,E4,E5,-0.340000,424.540000,OK
7,13,adjacent,620,30,32,115,REV,E8,E7,E4,E5,21.738000,476.491000,OK
7,13,adjacent,620,30,32,116,FWD,E7,E8,E5,E6,-34.875000,425.458000,OK
7,13,adjacent,620,30,32,117,REV,E8,E7,E5,E6,-1.605000,475.413000,OK
7,13,adjacent,620,30,32,118,FWD,E7,E8,E9,E10,-39.055000,425.777000,OK
7,13,adjacent,620,30,32,119,REV,E8,E7,E9,E10,-0.234000,475.334000,OK
7,13,adjacent,620,30,32,120,FWD,E7,E8,E10,E11,60.527000,425.977000,OK
7,13,adjacent,620,30,32,121,REV,E8,E7,E10,E11,81.016000,474.935000,OK
7,13,adjacent,620,30,32,122,FWD,E7,E8,E11,E12,-64.188000,426.216000,OK
7,13,adjacent,620,30,32,123,REV,E8,E7,E11,E12,-59.328000,474.815000,OK
7,13,adjacent,620,30,32,124,FWD,E7,E8,E12,E1,31.445000,426.376000,OK
7,13,adjacent,620,30,32,125,REV,E8,E7,E12,E1,34.535000,474.735000,OK
7,13,adjacent,620,30,32,126,FWD,E8,E9,E1,E2,-17.305000,348.610000,OK
7,13,adjacent,620,30,32,127,REV,E9,E8,E1,E2,-14.559000,340.390000,OK
7,13,adjacent,620,30,32,128,FWD,E8,E9,E2,E3,-7.582000,361.857000,OK
7,13,adjacent,620,30,32,129,REV,E9,E8,E2,E3,-4.898000,336.600000,OK
7,13,adjacent,620,30,32,130,FWD,E8,E9,E3,E4,13.492000,363.852000,OK
7,13,adjacent,620,30,32,131,REV,E9,E8,E3,E4,16.695000,335.562000,OK
7,13,adjacent,620,30,32,132,FWD,E8,E9,E4,E5,5.914000,364.410000,OK
7,13,adjacent,620,30,32,133,REV,E9,E8,E4,E5,13.695000,335.124000,OK
7,13,adjacent,620,30,32,134,FWD,E8,E9,E5,E6,-24.070000,364.450000,OK
7,13,adjacent,620,30,32,135,REV,E9,E8,E5,E6,-16.363000,335.523000,OK
7,13,adjacent,620,30,32,136,FWD,E8,E9,E6,E7,-12.684000,364.530000,OK
7,13,adjacent,620,30,32,137,REV,E9,E8,E6,E7,5.004000,335.961000,OK
7,13,adjacent,620,30,32,138,FWD,E8,E9,E10,E11,41.094000,364.570000,OK
7,13,adjacent,620,30,32,139,REV,E9,E8,E10,E11,96.723000,335.203000,OK
7,13,adjacent,620,30,32,140,FWD,E8,E9,E11,E12,-65.793000,364.770000,OK
7,13,adjacent,620,30,32,141,REV,E9,E8,E11,E12,-58.402000,335.403000,OK
7,13,adjacent,620,30,32,142,FWD,E8,E9,E12,E1,31.223000,364.849000,OK
7,13,adjacent,620,30,32,143,REV,E9,E8,E12,E1,34.488000,334.844000,OK
7,13,adjacent,620,30,32,144,FWD,E9,E10,E1,E2,-18.352000,217.657000,OK
7,13,adjacent,620,30,32,145,REV,E10,E9,E1,E2,-13.582000,214.026000,OK
7,13,adjacent,620,30,32,146,FWD,E9,E10,E2,E3,-7.906000,223.043000,OK
7,13,adjacent,620,30,32,147,REV,E10,E9,E2,E3,-4.664000,213.387000,OK
7,13,adjacent,620,30,32,148,FWD,E9,E10,E3,E4,13.762000,223.402000,OK
7,13,adjacent,620,30,32,149,REV,E10,E9,E3,E4,16.520000,212.829000,OK
7,13,adjacent,620,30,32,150,FWD,E9,E10,E4,E5,7.277000,223.722000,OK
7,13,adjacent,620,30,32,151,REV,E10,E9,E4,E5,12.492000,212.909000,OK
7,13,adjacent,620,30,32,152,FWD,E9,E10,E5,E6,-22.113000,224.001000,OK
7,13,adjacent,620,30,32,153,REV,E10,E9,E5,E6,-18.555000,212.190000,OK
7,13,adjacent,620,30,32,154,FWD,E9,E10,E6,E7,-7.617000,224.081000,OK
7,13,adjacent,620,30,32,155,REV,E10,E9,E6,E7,-1.371000,212.669000,OK
7,13,adjacent,620,30,32,156,FWD,E9,E10,E7,E8,38.270000,223.881000,OK
7,13,adjacent,620,30,32,157,REV,E10,E9,E7,E8,57.160000,212.669000,OK
7,13,adjacent,620,30,32,158,FWD,E9,E10,E11,E12,-78.867000,223.682000,OK
7,13,adjacent,620,30,32,159,REV,E10,E9,E11,E12,-46.461000,212.988000,OK
7,13,adjacent,620,30,32,160,FWD,E9,E10,E12,E1,28.641000,223.642000,OK
7,13,adjacent,620,30,32,161,REV,E10,E9,E12,E1,36.941000,212.869000,OK
7,13,adjacent,620,30,32,162,FWD,E10,E11,E1,E2,-21.422000,203.253000,OK
7,13,adjacent,620,30,32,163,REV,E11,E10,E1,E2,-9.277000,251.452000,OK
7,13,adjacent,620,30,32,164,FWD,E10,E11,E2,E3,-9.254000,209.916000,OK
7,13,adjacent,620,30,32,165,REV,E11,E10,E2,E3,-2.723000,249.816000,OK
7,13,adjacent,620,30,32,166,FWD,E10,E11,E3,E4,13.273000,211.432000,OK
7,13,adjacent,620,30,32,167,REV,E11,E10,E3,E4,17.480000,249.298000,OK
7,13,adjacent,620,30,32,168,FWD,E10,E11,E4,E5,7.020000,211.273000,OK
7,13,adjacent,620,30,32,169,REV,E11,E10,E4,E5,13.438000,249.018000,OK
7,13,adjacent,620,30,32,170,FWD,E10,E11,E5,E6,-21.895000,211.432000,OK
7,13,adjacent,620,30,32,171,REV,E11,E10,E5,E6,-18.625000,249.378000,OK
7,13,adjacent,620,30,32,172,FWD,E10,E11,E6,E7,-6.793000,211.871000,OK
7,13,adjacent,620,30,32,173,REV,E11,E10,E6,E7,-2.008000,249.178000,OK
7,13,adjacent,620,30,32,174,FWD,E10,E11,E7,E8,43.023000,211.991000,OK
7,13,adjacent,620,30,32,175,REV,E11,E10,E7,E8,53.719000,248.899000,OK
7,13,adjacent,620,30,32,176,FWD,E10,E11,E8,E9,-62.496000,212.150000,OK
7,13,adjacent,620,30,32,177,REV,E11,E10,E8,E9,-24.844000,248.819000,OK
7,13,adjacent,620,30,32,178,FWD,E10,E11,E12,E1,19.809000,212.071000,OK
7,13,adjacent,620,30,32,179,REV,E11,E10,E12,E1,48.410000,248.619000,OK
7,13,adjacent,620,30,32,180,FWD,E11,E12,E1,E2,-36.457000,276.230000,OK
7,13,adjacent,620,30,32,181,REV,E12,E11,E1,E2,2.152000,249.298000,OK
7,13,adjacent,620,30,32,182,FWD,E11,E12,E2,E3,-13.473000,282.455000,OK
7,13,adjacent,620,30,32,183,REV,E12,E11,E2,E3,-0.066000,247.542000,OK
7,13,adjacent,620,30,32,184,FWD,E11,E12,E3,E4,12.199000,282.894000,OK
7,13,adjacent,620,30,32,185,REV,E12,E11,E3,E4,17.812000,247.502000,OK
7,13,adjacent,620,30,32,186,FWD,E11,E12,E4,E5,6.906000,283.333000,OK
7,13,adjacent,620,30,32,187,REV,E12,E11,E4,E5,12.609000,247.223000,OK
7,13,adjacent,620,30,32,188,FWD,E11,E12,E5,E6,-21.484000,283.532000,OK
7,13,adjacent,620,30,32,189,REV,E12,E11,E5,E6,-19.617000,246.744000,OK
7,13,adjacent,620,30,32,190,FWD,E11,E12,E6,E7,-5.793000,283.413000,OK
7,13,adjacent,620,30,32,191,REV,E12,E11,E6,E7,-3.754000,246.864000,OK
7,13,adjacent,620,30,32,192,FWD,E11,E12,E7,E8,46.461000,283.652000,OK
7,13,adjacent,620,30,32,193,REV,E12,E11,E7,E8,49.355000,246.784000,OK
7,13,adjacent,620,30,32,194,FWD,E11,E12,E8,E9,-48.617000,283.532000,OK
7,13,adjacent,620,30,32,195,REV,E12,E11,E8,E9,-42.961000,247.023000,OK
7,13,adjacent,620,30,32,196,FWD,E11,E12,E9,E10,-40.832000,283.532000,OK
7,13,adjacent,620,30,32,197,REV,E12,E11,E9,E10,-1.723000,247.263000,OK
7,13,adjacent,620,30,32,198,FWD,E12,E1,E2,E3,-19.609000,237.846000,OK
7,13,adjacent,620,30,32,199,REV,E1,E12,E2,E3,8.289000,267.253000,OK
7,13,adjacent,620,30,32,200,FWD,E12,E1,E3,E4,10.887000,243.073000,OK
7,13,adjacent,620,30,32,201,REV,E1,E12,E3,E4,19.918000,265.338000,OK
7,13,adjacent,620,30,32,202,FWD,E12,E1,E4,E5,6.516000,244.590000,OK
7,13,adjacent,620,30,32,203,REV,E1,E12,E4,E5,13.695000,264.819000,OK
7,13,adjacent,620,30,32,204,FWD,E12,E1,E5,E6,-21.391000,245.068000,OK
7,13,adjacent,620,30,32,205,REV,E1,E12,E5,E6,-19.531000,264.540000,OK
7,13,adjacent,620,30,32,206,FWD,E12,E1,E6,E7,-5.562000,245.427000,OK
7,13,adjacent,620,30,32,207,REV,E1,E12,E6,E7,-3.867000,264.300000,OK
7,13,adjacent,620,30,32,208,FWD,E12,E1,E7,E8,47.191000,245.787000,OK
7,13,adjacent,620,30,32,209,REV,E1,E12,E7,E8,49.012000,264.500000,OK
7,13,adjacent,620,30,32,210,FWD,E12,E1,E8,E9,-46.840000,245.188000,OK
7,13,adjacent,620,30,32,211,REV,E1,E12,E8,E9,-44.434000,264.221000,OK
7,13,adjacent,620,30,32,212,FWD,E12,E1,E9,E10,-25.082000,245.228000,OK
7,13,adjacent,620,30,32,213,REV,E1,E12,E9,E10,-15.270000,264.260000,OK
7,13,adjacent,620,30,32,214,FWD,E12,E1,E10,E11,54.563000,245.308000,OK
7,13,adjacent,620,30,32,215,REV,E1,E12,E10,E11,86.758000,264.141000,OK
8,14,adjacent,620,30,32,0,FWD,E1,E2,E3,E4,0.031000,304.121000,OK
8,14,adjacent,620,30,32,1,REV,E2,E1,E3,E4,30.187000,307.273000,OK
8,14,adjacent,620,30,32,2,FWD,E1,E2,E4,E5,0.836000,311.502000,OK
8,14,adjacent,620,30,32,3,REV,E2,E1,E4,E5,18.832000,304.839000,OK
8,14,adjacent,620,30,32,4,FWD,E1,E2,E5,E6,-22.512000,312.779000,OK
8,14,adjacent,620,30,32,5,REV,E2,E1,E5,E6,-18.613000,304.320000,OK
8,14,adjacent,620,30,32,6,FWD,E1,E2,E6,E7,-6.273000,313.418000,OK
8,14,adjacent,620,30,32,7,REV,E2,E1,E6,E7,-3.328000,303.842000,OK
8,14,adjacent,620,30,32,8,FWD,E1,E2,E7,E8,46.797000,313.737000,OK
8,14,adjacent,620,30,32,9,REV,E2,E1,E7,E8,49.352000,303.842000,OK
8,14,adjacent,620,30,32,10,FWD,E1,E2,E8,E9,-47.008000,314.136000,OK
8,14,adjacent,620,30,32,11,REV,E2,E1,E8,E9,-44.539000,303.083000,OK
8,14,adjacent,620,30,32,12,FWD,E1,E2,E9,E10,-23.937000,314.375000,OK
8,14,adjacent,620,30,32,13,REV,E2,E1,E9,E10,-17.230000,303.203000,OK
8,14,adjacent,620,30,32,14,FWD,E1,E2,E10,E11,61.590000,314.575000,OK
8,14,adjacent,620,30,32,15,REV,E2,E1,E10,E11,78.070000,303.323000,OK
8,14,adjacent,620,30,32,16,FWD,E1,E2,E11,E12,-83.758000,314.056000,OK
8,14,adjacent,620,30,32,17,REV,E2,E1,E11,E12,-38.598000,303.323000,OK
8,14,adjacent,620,30,32,18,FWD,E2,E3,E4,E5,-12.063000,314.974000,OK
8,14,adjacent,620,30,32,19,REV,E3,E2,E4,E5,32.109000,322.954000,OK
8,14,adjacent,620,30,32,20,FWD,E2,E3,E5,E6,-24.301000,321.637000,OK
8,14,adjacent,620,30,32,21,REV,E3,E2,E5,E6,-16.848000,321.158000,OK
8,14,adjacent,620,30,32,22,FWD,E2,E3,E6,E7,-7.195000,322.076000,OK
8,14,adjacent,620,30,32,23,REV,E3,E2,E6,E7,-2.418000,320.241000,OK
8,14,adjacent,620,30,32,24,FWD,E2,E3,E7,E8,46.445000,322.954000,OK
8,14,adjacent,620,30,32,25,REV,E3,E2,E7,E8,49.789000,320.201000,OK
8,14,adjacent,620,30,32,26,FWD,E2,E3,E8,E9,-47.047000,323.193000,OK
8,14,adjacent,620,30,32,27,REV,E3,E2,E8,E9,-44.563000,319.642000,OK
8,14,adjacent,620,30,32,28,FWD,E2,E3,E9,E10,-23.012000,323.153000,OK
8,14,adjacent,620,30,32,29,REV,E3,E2,E9,E10,-18.199000,319.483000,OK
8,14,adjacent,620,30,32,30,FWD,E2,E3,E10,E11,65.445000,323.473000,OK
8,14,adjacent,620,30,32,31,REV,E3,E2,E10,E11,74.617000,319.802000,OK
8,14,adjacent,620,30,32,32,FWD,E2,E3,E11,E12,-69.586000,323.193000,OK
8,14,adjacent,620,30,32,33,REV,E3,E2,E11,E12,-53.188000,319.762000,OK
8,14,adjacent,620,30,32,34,FWD,E2,E3,E12,E1,15.379000,323.233000,OK
8,14,adjacent,620,30,32,35,REV,E3,E2,E12,E1,50.719000,319.842000,OK
8,14,adjacent,620,30,32,36,FWD,E3,E4,E1,E2,-28.832000,345.577000,OK
8,14,adjacent,620,30,32,37,REV,E4,E3,E1,E2,4.707000,374.266000,OK
8,14,adjacent,620,30,32,38,FWD,E3,E4,E5,E6,-29.852000,353.957000,OK
8,14,adjacent,620,30,32,39,REV,E4,E3,E5,E6,-10.859000,371.473000,OK
8,14,adjacent,620,30,32,40,FWD,E3,E4,E6,E7,-9.734000,355.632000,OK
8,14,adjacent,620,30,32,41,REV,E4,E3,E6,E7,0.312000,370.395000,OK
8,14,adjacent,620,30,32,42,FWD,E3,E4,E7,E8,45.273000,356.351000,OK
8,14,adjacent,620,30,32,43,REV,E4,E3,E7,E8,51.152000,370.036000,OK
8,14,adjacent,620,30,32,44,FWD,E3,E4,E8,E9,-47.488000,356.390000,OK
8,14,adjacent,620,30,32,45,REV,E4,E3,E8,E9,-44.109000,369.757000,OK
8,14,adjacent,620,30,32,46,FWD,E3,E4,E9,E10,-22.922000,356.909000,OK
8,14,adjacent,620,30,32,47,REV,E4,E3,E9,E10,-18.309000,369.558000,OK
8,14,adjacent,620,30,32,48,FWD,E3,E4,E10,E11,66.836000,356.630000,OK
8,14,adjacent,620,30,32,49,REV,E4,E3,E10,E11,73.520000,369.518000,OK
8,14,adjacent,620,30,32,50,FWD,E3,E4,E11,E12,-65.363000,356.869000,OK
8,14,adjacent,620,30,32,51,REV,E4,E3,E11,E12,-57.680000,369.597000,OK
8,14,adjacent,620,30,32,52,FWD,E3,E4,E12,E1,26.582000,356.789000,OK
8,14,adjacent,620,30,32,53,REV,E4,E3,E12,E1,39.398000,369.478000,OK
8,14,adjacent,620,30,32,54,FWD,E4,E5,E1,E2,-26.590000,369.318000,OK
8,14,adjacent,620,30,32,55,REV,E5,E4,E1,E2,-4.363000,396.291000,OK
8,14,adjacent,620,30,32,56,FWD,E4,E5,E2,E3,-28.508000,379.014000,OK
8,14,adjacent,620,30,32,57,REV,E5,E4,E2,E3,23.492000,393.298000,OK
8,14,adjacent,620,30,32,58,FWD,E4,E5,E6,E7,-25.680000,381.368000,OK
8,14,adjacent,620,30,32,59,REV,E5,E4,E6,E7,16.617000,392.061000,OK
8,14,adjacent,620,30,32,60,FWD,E4,E5,E7,E8,38.727000,381.687000,OK
8,14,adjacent,620,30,32,61,REV,E5,E4,E7,E8,57.840000,391.782000,OK
8,14,adjacent,620,30,32,62,FWD,E4,E5,E8,E9,-50.137000,382.286000,OK
8,14,adjacent,620,30,32,63,REV,E5,E4,E8,E9,-41.441000,391.423000,OK
8,14,adjacent,620,30,32,64,FWD,E4,E5,E9,E10,-25.242000,382.445000,OK
8,14,adjacent,620,30,32,65,REV,E5,E4,E9,E10,-16.039000,391.104000,OK
8,14,adjacent,620,30,32,66,FWD,E4,E5,E10,E11,64.859000,382.206000,OK
8,14,adjacent,620,30,32,67,REV,E5,E4,E10,E11,75.582000,391.383000,OK
8,14,adjacent,620,30,32,68,FWD,E4,E5,E11,E12,-65.801000,382.485000,OK
8,14,adjacent,620,30,32,69,REV,E5,E4,E11,E12,-57.527000,391.263000,OK
8,14,adjacent,620,30,32,70,FWD,E4,E5,E12,E1,27.484000,382.406000,OK
8,14,adjacent,620,30,32,71,REV,E5,E4,E12,E1,38.336000,390.785000,OK
8,14,adjacent,620,30,32,72,FWD,E5,E6,E1,E2,-18.539000,416.520000,OK
8,14,adjacent,620,30,32,73,REV,E6,E5,E1,E2,-13.172000,422.665000,OK
8,14,adjacent,620,30,32,74,FWD,E5,E6,E2,E3,-10.629000,428.969000,OK
8,14,adjacent,620,30,32,75,REV,E6,E5,E2,E3,-0.805000,418.835000,OK
8,14,adjacent,620,30,32,76,FWD,E5,E6,E3,E4,4.969000,429.967000,OK
8,14,adjacent,620,30,32,77,REV,E6,E5,E3,E4,26.859000,418.236000,OK
8,14,adjacent,620,30,32,78,FWD,E5,E6,E7,E8,32.016000,430.885000,OK
8,14,adjacent,620,30,32,79,REV,E6,E5,E7,E8,63.688000,417.797000,OK
8,14,adjacent,620,30,32,80,FWD,E5,E6,E8,E9,-50.703000,430.924000,OK
8,14,adjacent,620,30,32,81,REV,E6,E5,E8,E9,-41.195000,417.278000,OK
8,14,adjacent,620,30,32,82,FWD,E5,E6,E9,E10,-24.258000,431.164000,OK
8,14,adjacent,620,30,32,83,REV,E6,E5,E9,E10,-17.312000,417.358000,OK
8,14,adjacent,620,30,32,84,FWD,E5,E6,E10,E11,67.141000,431.284000,OK
8,14,adjacent,620,30,32,85,REV,E6,E5,E10,E11,73.133000,417.239000,OK
8,14,adjacent,620,30,32,86,FWD,E5,E6,E11,E12,-63.336000,431.244000,OK
8,14,adjacent,620,30,32,87,REV,E6,E5,E11,E12,-60.309000,416.760000,OK
8,14,adjacent,620,30,32,88,FWD,E5,E6,E12,E1,31.289000,431.563000,OK
8,14,adjacent,620,30,32,89,REV,E6,E5,E12,E1,34.391000,417.079000,OK
8,14,adjacent,620,30,32,90,FWD,E6,E7,E1,E2,-17.941000,429.767000,OK
8,14,adjacent,620,30,32,91,REV,E7,E6,E1,E2,-13.766000,441.857000,OK
8,14,adjacent,620,30,32,92,FWD,E6,E7,E2,E3,-9.270000,442.296000,OK
8,14,adjacent,620,30,32,93,REV,E7,E6,E2,E3,-2.758000,438.825000,OK
8,14,adjacent,620,30,32,94,FWD,E6,E7,E3,E4,9.055000,444.251000,OK
8,14,adjacent,620,30,32,95,REV,E7,E6,E3,E4,21.125000,438.067000,OK
8,14,adjacent,620,30,32,96,FWD,E6,E7,E4,E5,-13.480000,444.291000,OK
8,14,adjacent,620,30,32,97,REV,E7,E6,E4,E5,34.699000,437.548000,OK
8,14,adjacent,620,30,32,98,FWD,E6,E7,E8,E9,-57.387000,444.690000,OK
8,14,adjacent,620,30,32,99,REV,E7,E6,E8,E9,-34.641000,437.907000,OK
8,14,adjacent,620,30,32,100,FWD,E6,E7,E9,E10,-27.145000,444.570000,OK
8,14,adjacent,620,30,32,101,REV,E7,E6,E9,E10,-14.473000,437.428000,OK
8,14,adjacent,620,30,32,102,FWD,E6,E7,E10,E11,65.609000,444.929000,OK
8,14,adjacent,620,30,32,103,REV,E7,E6,E10,E11,74.695000,437.269000,OK
8,14,adjacent,620,30,32,104,FWD,E6,E7,E11,E12,-63.535000,445.209000,OK
8,14,adjacent,620,30,32,105,REV,E7,E6,E11,E12,-60.199000,437.388000,OK
8,14,adjacent,620,30,32,106,FWD,E6,E7,E12,E1,31.406000,445.368000,OK
8,14,adjacent,620,30,32,107,REV,E7,E6,E12,E1,34.352000,437.388000,OK
8,14,adjacent,620,30,32,108,FWD,E7,E8,E1,E2,-17.547000,403.792000,OK
8,14,adjacent,620,30,32,109,REV,E8,E7,E1,E2,-13.895000,485.588000,OK
8,14,adjacent,620,30,32,110,FWD,E7,E8,E2,E3,-8.281000,419.872000,OK
8,14,adjacent,620,30,32,111,REV,E8,E7,E2,E3,-3.672000,479.523000,OK
8,14,adjacent,620,30,32,112,FWD,E7,E8,E3,E4,11.805000,423.064000,OK
8,14,adjacent,620,30,32,113,REV,E8,E7,E3,E4,18.883000,477.169000,OK
8,14,adjacent,620,30,32,114,FWD,E7,E8,E4,E5,-0.355000,424.221000,OK
8,14,adjacent,620,30,32,115,REV,E8,E7,E4,E5,21.719000,476.371000,OK
8,14,adjacent,620,30,32,116,FWD,E7,E8,E5,E6,-34.820000,425.259000,OK
8,14,adjacent,620,30,32,117,REV,E8,E7,E5,E6,-1.590000,475.413000,OK
8,14,adjacent,620,30,32,118,FWD,E7,E8,E9,E10,-39.055000,425.578000,OK
8,14,adjacent,620,30,32,119,REV,E8,E7,E9,E10,-0.262000,474.935000,OK
8,14,adjacent,620,30,32,120,FWD,E7,E8,E10,E11,60.520000,426.296000,OK
8,14,adjacent,620,30,32,121,REV,E8,E7,E10,E11,81.016000,474.336000,OK
8,14,adjacent,620,30,32,122,FWD,E7,E8,E11,E12,-64.172000,426.416000,OK
8,14,adjacent,620,30,32,123,REV,E8,E7,E11,E12,-59.375000,474.376000,OK
8,14,adjacent,620,30,32,124,FWD,E7,E8,E12,E1,31.434000,426.416000,OK
8,14,adjacent,620,30,32,125,REV,E8,E7,E12,E1,34.527000,474.615000,OK
8,14,adjacent,620,30,32,126,FWD,E8,E9,E1,E2,-17.270000,348.610000,OK
8,14,adjacent,620,30,32,127,REV,E9,E8,E1,E2,-14.539000,340.590000,OK
8,14,adjacent,620,30,32,128,FWD,E8,E9,E2,E3,-7.602000,361.657000,OK
8,14,adjacent,620,30,32,129,REV,E9,E8,E2,E3,-4.918000,336.720000,OK
8,14,adjacent,620,30,32,130,FWD,E8,E9,E3,E4,13.496000,363.652000,OK
8,14,adjacent,620,30,32,131,REV,E9,E8,E3,E4,16.684000,336.001000,OK
8,14,adjacent,620,30,32,132,FWD,E8,E9,E4,E5,5.934000,364.211000,OK
8,14,adjacent,620,30,32,133,REV,E9,E8,E4,E5,13.715000,335.363000,OK
8,14,adjacent,620,30,32,134,FWD,E8,E9,E5,E6,-24.051000,364.650000,OK
8,14,adjacent,620,30,32,135,REV,E9,E8,E5,E6,-16.324000,335.243000,OK
8,14,adjacent,620,30,32,136,FWD,E8,E9,E6,E7,-12.711000,364.650000,OK
8,14,adjacent,620,30,32,137,REV,E9,E8,E6,E7,5.004000,335.163000,OK
8,14,adjacent,620,30,32,138,FWD,E8,E9,E10,E11,41.082000,364.570000,OK
8,14,adjacent,620,30,32,139,REV,E9,E8,E10,E11,96.734000,334.884000,OK
8,14,adjacent,620,30,32,140,FWD,E8,E9,E11,E12,-65.809000,364.410000,OK
8,14,adjacent,620,30,32,141,REV,E9,E8,E11,E12,-58.422000,335.562000,OK
8,14,adjacent,620,30,32,142,FWD,E8,E9,E12,E1,31.207000,364.570000,OK
8,14,adjacent,620,30,32,143,REV,E9,E8,E12,E1,34.465000,335.283000,OK
8,14,adjacent,620,30,32,144,FWD,E9,E10,E1,E2,-18.312000,217.258000,OK
8,14,adjacent,620,30,32,145,REV,E10,E9,E1,E2,-13.570000,214.026000,OK
8,14,adjacent,620,30,32,146,FWD,E9,E10,E2,E3,-7.906000,222.924000,OK
8,14,adjacent,620,30,32,147,REV,E10,E9,E2,E3,-4.687000,213.028000,OK
8,14,adjacent,620,30,32,148,FWD,E9,E10,E3,E4,13.742000,223.402000,OK
8,14,adjacent,620,30,32,149,REV,E10,E9,E3,E4,16.523000,212.390000,OK
8,14,adjacent,620,30,32,150,FWD,E9,E10,E4,E5,7.258000,223.722000,OK
8,14,adjacent,620,30,32,151,REV,E10,E9,E4,E5,12.508000,212.669000,OK
8,14,adjacent,620,30,32,152,FWD,E9,E10,E5,E6,-22.090000,223.761000,OK
8,14,adjacent,620,30,32,153,REV,E10,E9,E5,E6,-18.543000,212.669000,OK
8,14,adjacent,620,30,32,154,FWD,E9,E10,E6,E7,-7.609000,223.642000,OK
8,14,adjacent,620,30,32,155,REV,E10,E9,E6,E7,-1.375000,212.430000,OK
8,14,adjacent,620,30,32,156,FWD,E9,E10,E7,E8,38.234000,223.841000,OK
8,14,adjacent,620,30,32,157,REV,E10,E9,E7,E8,57.113000,212.270000,OK
8,14,adjacent,620,30,32,158,FWD,E9,E10,E11,E12,-78.871000,224.081000,OK
8,14,adjacent,620,30,32,159,REV,E10,E9,E11,E12,-46.527000,212.510000,OK
8,14,adjacent,620,30,32,160,FWD,E9,E10,E12,E1,28.645000,223.642000,OK
8,14,adjacent,620,30,32,161,REV,E10,E9,E12,E1,36.930000,212.829000,OK
8,14,adjacent,620,30,32,162,FWD,E10,E11,E1,E2,-21.402000,202.774000,OK
8,14,adjacent,620,30,32,163,REV,E11,E10,E1,E2,-9.266000,251.652000,OK
8,14,adjacent,620,30,32,164,FWD,E10,E11,E2,E3,-9.258000,209.637000,OK
8,14,adjacent,620,30,32,165,REV,E11,E10,E2,E3,-2.742000,249.737000,OK
8,14,adjacent,620,30,32,166,FWD,E10,E11,E3,E4,13.281000,211.472000,OK
8,14,adjacent,620,30,32,167,REV,E11,E10,E3,E4,17.484000,249.457000,OK
8,14,adjacent,620,30,32,168,FWD,E10,E11,E4,E5,7.004000,211.392000,OK
8,14,adjacent,620,30,32,169,REV,E11,E10,E4,E5,13.422000,249.018000,OK
8,14,adjacent,620,30,32,170,FWD,E10,E11,E5,E6,-21.867000,211.352000,OK
8,14,adjacent,620,30,32,171,REV,E11,E10,E5,E6,-18.613000,249.338000,OK
8,14,adjacent,620,30,32,172,FWD,E10,E11,E6,E7,-6.797000,211.951000,OK
8,14,adjacent,620,30,32,173,REV,E11,E10,E6,E7,-2.020000,248.899000,OK
8,14,adjacent,620,30,32,174,FWD,E10,E11,E7,E8,43.012000,212.150000,OK
8,14,adjacent,620,30,32,175,REV,E11,E10,E7,E8,53.699000,248.819000,OK
8,14,adjacent,620,30,32,176,FWD,E10,E11,E8,E9,-62.477000,212.390000,OK
8,14,adjacent,620,30,32,177,REV,E11,E10,E8,E9,-24.852000,248.779000,OK
8,14,adjacent,620,30,32,178,FWD,E10,E11,E12,E1,19.812000,212.111000,OK
8,14,adjacent,620,30,32,179,REV,E11,E10,E12,E1,48.348000,248.659000,OK
8,14,adjacent,620,30,32,180,FWD,E11,E12,E1,E2,-36.449000,275.632000,OK
8,14,adjacent,620,30,32,181,REV,E12,E11,E1,E2,2.148000,249.657000,OK
8,14,adjacent,620,30,32,182,FWD,E11,E12,E2,E3,-13.465000,282.136000,OK
8,14,adjacent,620,30,32,183,REV,E12,E11,E2,E3,-0.086000,247.622000,OK
8,14,adjacent,620,30,32,184,FWD,E11,E12,E3,E4,12.215000,283.093000,OK
8,14,adjacent,620,30,32,185,REV,E12,E11,E3,E4,17.793000,247.103000,OK
8,14,adjacent,620,30,32,186,FWD,E11,E12,E4,E5,6.918000,283.732000,OK
8,14,adjacent,620,30,32,187,REV,E12,E11,E4,E5,12.594000,246.824000,OK
8,14,adjacent,620,30,32,188,FWD,E11,E12,E5,E6,-21.434000,283.612000,OK
8,14,adjacent,620,30,32,189,REV,E12,E11,E5,E6,-19.543000,246.824000,OK
8,14,adjacent,620,30,32,190,FWD,E11,E12,E6,E7,-5.773000,283.612000,OK
8,14,adjacent,620,30,32,191,REV,E12,E11,E6,E7,-3.758000,247.143000,OK
8,14,adjacent,620,30,32,192,FWD,E11,E12,E7,E8,46.426000,283.492000,OK
8,14,adjacent,620,30,32,193,REV,E12,E11,E7,E8,49.320000,247.103000,OK
8,14,adjacent,620,30,32,194,FWD,E11,E12,E8,E9,-48.621000,283.253000,OK
8,14,adjacent,620,30,32,195,REV,E12,E11,E8,E9,-42.941000,246.585000,OK
8,14,adjacent,620,30,32,196,FWD,E11,E12,E9,E10,-40.816000,283.413000,OK
8,14,adjacent,620,30,32,197,REV,E12,E11,E9,E10,-1.687000,247.343000,OK
8,14,adjacent,620,30,32,198,FWD,E12,E1,E2,E3,-19.609000,238.086000,OK
8,14,adjacent,620,30,32,199,REV,E1,E12,E2,E3,8.250000,266.934000,OK
8,14,adjacent,620,30,32,200,FWD,E12,E1,E3,E4,10.887000,243.392000,OK
8,14,adjacent,620,30,32,201,REV,E1,E12,E3,E4,19.891000,265.537000,OK
8,14,adjacent,620,30,32,202,FWD,E12,E1,E4,E5,6.488000,244.350000,OK
8,14,adjacent,620,30,32,203,REV,E1,E12,E4,E5,13.684000,265.218000,OK
8,14,adjacent,620,30,32,204,FWD,E12,E1,E5,E6,-21.387000,244.869000,OK
8,14,adjacent,620,30,32,205,REV,E1,E12,E5,E6,-19.508000,264.540000,OK
8,14,adjacent,620,30,32,206,FWD,E12,E1,E6,E7,-5.547000,245.068000,OK
8,14,adjacent,620,30,32,207,REV,E1,E12,E6,E7,-3.852000,264.739000,OK
8,14,adjacent,620,30,32,208,FWD,E12,E1,E7,E8,47.168000,245.108000,OK
8,14,adjacent,620,30,32,209,REV,E1,E12,E7,E8,48.953000,264.221000,OK
8,14,adjacent,620,30,32,210,FWD,E12,E1,E8,E9,-46.828000,245.188000,OK
8,14,adjacent,620,30,32,211,REV,E1,E12,E8,E9,-44.422000,264.101000,OK
8,14,adjacent,620,30,32,212,FWD,E12,E1,E9,E10,-25.027000,245.467000,OK
8,14,adjacent,620,30,32,213,REV,E1,E12,E9,E10,-15.258000,264.340000,OK
8,14,adjacent,620,30,32,214,FWD,E12,E1,E10,E11,54.559000,245.787000,OK
8,14,adjacent,620,30,32,215,REV,E1,E12,E10,E11,86.773000,263.861000,OK
9,15,adjacent,620,30,32,0,FWD,E1,E2,E3,E4,0.023000,303.921000,OK
9,15,adjacent,620,30,32,1,REV,E2,E1,E3,E4,30.168000,307.672000,OK
9,15,adjacent,620,30,32,2,FWD,E1,E2,E4,E5,0.816000,311.463000,OK
9,15,adjacent,620,30,32,3,REV,E2,E1,E4,E5,18.820000,304.799000,OK
9,15,adjacent,620,30,32,4,FWD,E1,E2,E5,E6,-22.477000,312.899000,OK
9,15,adjacent,620,30,32,5,REV,E2,E1,E5,E6,-18.598000,304.081000,OK
9,15,adjacent,620,30,32,6,FWD,E1,E2,E6,E7,-6.258000,313.577000,OK
9,15,adjacent,620,30,32,7,REV,E2,E1,E6,E7,-3.277000,303.762000,OK
9,15,adjacent,620,30,32,8,FWD,E1,E2,E7,E8,46.758000,313.777000,OK
9,15,adjacent,620,30,32,9,REV,E2,E1,E7,E8,49.297000,303.522000,OK
9,15,adjacent,620,30,32,10,FWD,E1,E2,E8,E9,-46.992000,314.096000,OK
9,15,adjacent,620,30,32,11,REV,E2,E1,E8,E9,-44.539000,303.483000,OK
9,15,adjacent,620,30,32,12,FWD,E1,E2,E9,E10,-23.941000,314.136000,OK
9,15,adjacent,620,30,32,13,REV,E2,E1,E9,E10,-17.195000,303.403000,OK
9,15,adjacent,620,30,32,14,FWD,E1,E2,E10,E11,61.629000,313.857000,OK
9,15,adjacent,620,30,32,15,REV,E2,E1,E10,E11,78.020000,303.403000,OK
9,15,adjacent,620,30,32,16,FWD,E1,E2,E11,E12,-83.762000,314.056000,OK
9,15,adjacent,620,30,32,17,REV,E2,E1,E11,E12,-38.602000,303.283000,OK
9,15,adjacent,620,30,32,18,FWD,E2,E3,E4,E5,-12.098000,314.934000,OK
9,15,adjacent,620,30,32,19,REV,E3,E2,E4,E5,32.129000,322.595000,OK
9,15,adjacent,620,30,32,20,FWD,E2,E3,E5,E6,-24.277000,321.398000,OK
9,15,adjacent,620,30,32,21,REV,E3,E2,E5,E6,-16.816000,320.959000,OK
9,15,adjacent,620,30,32,22,FWD,E2,E3,E6,E7,-7.184000,322.715000,OK
9,15,adjacent,620,30,32,23,REV,E3,E2,E6,E7,-2.398000,320.081000,OK
9,15,adjacent,620,30,32,24,FWD,E2,E3,E7,E8,46.402000,323.034000,OK
9,15,adjacent,620,30,32,25,REV,E3,E2,E7,E8,49.746000,319.642000,OK
9,15,adjacent,620,30,32,26,FWD,E2,E3,E8,E9,-47.039000,323.273000,OK
9,15,adjacent,620,30,32,27,REV,E3,E2,E8,E9,-44.551000,319.842000,OK
9,15,adjacent,620,30,32,28,FWD,E2,E3,E9,E10,-23.004000,323.233000,OK
9,15,adjacent,620,30,32,29,REV,E3,E2,E9,E10,-18.187000,319.682000,OK
9,15,adjacent,620,30,32,30,FWD,E2,E3,E10,E11,65.465000,323.153000,OK
9,15,adjacent,620,30,32,31,REV,E3,E2,E10,E11,74.609000,319.921000,OK
9,15,adjacent,620,30,32,32,FWD,E2,E3,E11,E12,-69.574000,323.512000,OK
9,15,adjacent,620,30,32,33,REV,E3,E2,E11,E12,-53.215000,319.802000,OK
9,15,adjacent,620,30,32,34,FWD,E2,E3,E12,E1,15.387000,323.193000,OK
9,15,adjacent,620,30,32,35,REV,E3,E2,E12,E1,50.699000,319.802000,OK
9,15,adjacent,620,30,32,36,FWD,E3,E4,E1,E2,-28.859000,345.378000,OK
9,15,adjacent,620,30,32,37,REV,E4,E3,E1,E2,4.687000,374.266000,OK
9,15,adjacent,620,30,32,38,FWD,E3,E4,E5,E6,-29.859000,354.236000,OK
9,15,adjacent,620,30,32,39,REV,E4,E3,E5,E6,-10.875000,371.114000,OK
9,15,adjacent,620,30,32,40,FWD,E3,E4,E6,E7,-9.727000,355.114000,OK
9,15,adjacent,620,30,32,41,REV,E4,E3,E6,E7,0.332000,370.435000,OK
9,15,adjacent,620,30,32,42,FWD,E3,E4,E7,E8,45.254000,356.630000,OK
9,15,adjacent,620,30,32,43,REV,E4,E3,E7,E8,51.098000,370.036000,OK
9,15,adjacent,620,30,32,44,FWD,E3,E4,E8,E9,-47.488000,356.550000,OK
9,15,adjacent,620,30,32,45,REV,E4,E3,E8,E9,-44.102000,369.358000,OK
9,15,adjacent,620,30,32,46,FWD,E3,E4,E9,E10,-22.898000,356.630000,OK
9,15,adjacent,620,30,32,47,REV,E4,E3,E9,E10,-18.277000,369.478000,OK
9,15,adjacent,620,30,32,48,FWD,E3,E4,E10,E11,66.875000,356.909000,OK
9,15,adjacent,620,30,32,49,REV,E4,E3,E10,E11,73.535000,369.478000,OK
9,15,adjacent,620,30,32,50,FWD,E3,E4,E11,E12,-65.375000,357.109000,OK
9,15,adjacent,620,30,32,51,REV,E4,E3,E11,E12,-57.691000,369.478000,OK
9,15,adjacent,620,30,32,52,FWD,E3,E4,E12,E1,26.555000,356.989000,OK
9,15,adjacent,620,30,32,53,REV,E4,E3,E12,E1,39.398000,369.318000,OK
9,15,adjacent,620,30,32,54,FWD,E4,E5,E1,E2,-26.574000,369.159000,OK
9,15,adjacent,620,30,32,55,REV,E5,E4,E1,E2,-4.324000,396.091000,OK
9,15,adjacent,620,30,32,56,FWD,E4,E5,E2,E3,-28.547000,378.814000,OK
9,15,adjacent,620,30,32,57,REV,E5,E4,E2,E3,23.508000,393.059000,OK
9,15,adjacent,620,30,32,58,FWD,E4,E5,E6,E7,-25.672000,381.089000,OK
9,15,adjacent,620,30,32,59,REV,E5,E4,E6,E7,16.617000,392.221000,OK
9,15,adjacent,620,30,32,60,FWD,E4,E5,E7,E8,38.699000,381.528000,OK
9,15,adjacent,620,30,32,61,REV,E5,E4,E7,E8,57.828000,391.782000,OK
9,15,adjacent,620,30,32,62,FWD,E4,E5,E8,E9,-50.105000,381.967000,OK
9,15,adjacent,620,30,32,63,REV,E5,E4,E8,E9,-41.453000,391.263000,OK
9,15,adjacent,620,30,32,64,FWD,E4,E5,E9,E10,-25.234000,382.445000,OK
9,15,adjacent,620,30,32,65,REV,E5,E4,E9,E10,-16.020000,391.223000,OK
9,15,adjacent,620,30,32,66,FWD,E4,E5,E10,E11,64.871000,382.326000,OK
9,15,adjacent,620,30,32,67,REV,E5,E4,E10,E11,75.574000,390.984000,OK
9,15,adjacent,620,30,32,68,FWD,E4,E5,E11,E12,-65.813000,382.206000,OK
9,15,adjacent,620,30,32,69,REV,E5,E4,E11,E12,-57.547000,391.184000,OK
9,15,adjacent,620,30,32,70,FWD,E4,E5,E12,E1,27.488000,382.525000,OK
9,15,adjacent,620,30,32,71,REV,E5,E4,E12,E1,38.344000,390.904000,OK
9,15,adjacent,620,30,32,72,FWD,E5,E6,E1,E2,-18.520000,416.121000,OK
9,15,adjacent,620,30,32,73,REV,E6,E5,E1,E2,-13.168000,422.585000,OK
9,15,adjacent,620,30,32,74,FWD,E5,E6,E2,E3,-10.629000,428.411000,OK
9,15,adjacent,620,30,32,75,REV,E6,E5,E2,E3,-0.828000,419.114000,OK
9,15,adjacent,620,30,32,76,FWD,E5,E6,E3,E4,4.996000,430.047000,OK
9,15,adjacent,620,30,32,77,REV,E6,E5,E3,E4,26.844000,417.917000,OK
9,15,adjacent,620,30,32,78,FWD,E5,E6,E7,E8,31.988000,430.406000,OK
9,15,adjacent,620,30,32,79,REV,E6,E5,E7,E8,63.652000,417.239000,OK
9,15,adjacent,620,30,32,80,FWD,E5,E6,E8,E9,-50.695000,431.164000,OK
9,15,adjacent,620,30,32,81,REV,E6,E5,E8,E9,-41.211000,417.119000,OK
9,15,adjacent,620,30,32,82,FWD,E5,E6,E9,E10,-24.227000,431.284000,OK
9,15,adjacent,620,30,32,83,REV,E6,E5,E9,E10,-17.320000,416.840000,OK
9,15,adjacent,620,30,32,84,FWD,E5,E6,E10,E11,67.148000,431.284000,OK
9,15,adjacent,620,30,32,85,REV,E6,E5,E10,E11,73.121000,416.879000,OK
9,15,adjacent,620,30,32,86,FWD,E5,E6,E11,E12,-63.359000,431.523000,OK
9,15,adjacent,620,30,32,87,REV,E6,E5,E11,E12,-60.355000,416.999000,OK
9,15,adjacent,620,30,32,88,FWD,E5,E6,E12,E1,31.270000,431.403000,OK
9,15,adjacent,620,30,32,89,REV,E6,E5,E12,E1,34.379000,416.800000,OK
9,15,adjacent,620,30,32,90,FWD,E6,E7,E1,E2,-17.922000,429.169000,OK
9,15,adjacent,620,30,32,91,REV,E7,E6,E1,E2,-13.758000,442.575000,OK
9,15,adjacent,620,30,32,92,FWD,E6,E7,E2,E3,-9.281000,442.097000,OK
9,15,adjacent,620,30,32,93,REV,E7,E6,E2,E3,-2.781000,439.224000,OK
9,15,adjacent,620,30,32,94,FWD,E6,E7,E3,E4,9.086000,443.533000,OK
9,15,adjacent,620,30,32,95,REV,E7,E6,E3,E4,21.137000,438.146000,OK
9,15,adjacent,620,30,32,96,FWD,E6,E7,E4,E5,-13.449000,444.251000,OK
9,15,adjacent,620,30,32,97,REV,E7,E6,E4,E5,34.648000,437.668000,OK
9,15,adjacent,620,30,32,98,FWD,E6,E7,E8,E9,-57.383000,444.610000,OK
9,15,adjacent,620,30,32,99,REV,E7,E6,E8,E9,-34.637000,437.269000,OK
9,15,adjacent,620,30,32,100,FWD,E6,E7,E9,E10,-27.152000,444.730000,OK
9,15,adjacent,620,30,32,101,REV,E7,E6,E9,E10,-14.465000,436.989000,OK
9,15,adjacent,620,30,32,102,FWD,E6,E7,E10,E11,65.648000,445.049000,OK
9,15,adjacent,620,30,32,103,REV,E7,E6,E10,E11,74.723000,437.468000,OK
9,15,adjacent,620,30,32,104,FWD,E6,E7,E11,E12,-63.594000,445.169000,OK
9,15,adjacent,620,30,32,105,REV,E7,E6,E11,E12,-60.199000,437.069000,OK
9,15,adjacent,620,30,32,106,FWD,E6,E7,E12,E1,31.387000,445.009000,OK
9,15,adjacent,620,30,32,107,REV,E7,E6,E12,E1,34.316000,437.069000,OK
9,15,adjacent,620,30,32,108,FWD,E7,E8,E1,E2,-17.539000,403.513000,OK
9,15,adjacent,620,30,32,109,REV,E8,E7,E1,E2,-13.887000,485.468000,OK
9,15,adjacent,620,30,32,110,FWD,E7,E8,E2,E3,-8.309000,419.553000,OK
9,15,adjacent,620,30,32,111,REV,E8,E7,E2,E3,-3.695000,479.124000,OK
9,15,adjacent,620,30,32,112,FWD,E7,E8,E3,E4,11.781000,423.184000,OK
9,15,adjacent,620,30,32,113,REV,E8,E7,E3,E4,18.906000,477.169000,OK
9,15,adjacent,620,30,32,114,FWD,E7,E8,E4,E5,-0.391000,424.540000,OK
9,15,adjacent,620,30,32,115,REV,E8,E7,E4,E5,21.730000,475.972000,OK
9,15,adjacent,620,30,32,116,FWD,E7,E8,E5,E6,-34.840000,425.019000,OK
9,15,adjacent,620,30,32,117,REV,E8,E7,E5,E6,-1.578000,475.214000,OK
9,15,adjacent,620,30,32,118,FWD,E7,E8,E9,E10,-39.031000,425.697000,OK
9,15,adjacent,620,30,32,119,REV,E8,E7,E9,E10,-0.258000,475.014000,OK
9,15,adjacent,620,30,32,120,FWD,E7,E8,E10,E11,60.539000,426.017000,OK
9,15,adjacent,620,30,32,121,REV,E8,E7,E10,E11,81.047000,474.416000,OK
9,15,adjacent,620,30,32,122,FWD,E7,E8,E11,E12,-64.172000,426.216000,OK
9,15,adjacent,620,30,32,123,REV,E8,E7,E11,E12,-59.383000,474.536000,OK
9,15,adjacent,620,30,32,124,FWD,E7,E8,E12,E1,31.434000,426.017000,OK
9,15,adjacent,620,30,32,125,REV,E8,E7,E12,E1,34.516000,474.336000,OK
9,15,adjacent,620,30,32,126,FWD,E8,E9,E1,E2,-17.246000,347.892000,OK
9,15,adjacent,620,30,32,127,REV,E9,E8,E1,E2,-14.531000,340.271000,OK
9,15,adjacent,620,30,32,128,FWD,E8,E9,E2,E3,-7.613000,361.657000,OK
9,15,adjacent,620,30,32,129,REV,E9,E8,E2,E3,-4.945000,336.839000,OK
9,15,adjacent,620,30,32,130,FWD,E8,E9,E3,E4,13.496000,363.493000,OK
9,15,adjacent,620,30,32,131,REV,E9,E8,E3,E4,16.676000,335.562000,OK
9,15,adjacent,620,30,32,132,FWD,E8,E9,E4,E5,5.898000,364.091000,OK
9,15,adjacent,620,30,32,133,REV,E9,E8,E4,E5,13.707000,335.163000,OK
9,15,adjacent,620,30,32,134,FWD,E8,E9,E5,E6,-24.027000,364.570000,OK
9,15,adjacent,620,30,32,135,REV,E9,E8,E5,E6,-16.301000,335.243000,OK
9,15,adjacent,620,30,32,136,FWD,E8,E9,E6,E7,-12.668000,364.371000,OK
9,15,adjacent,620,30,32,137,REV,E9,E8,E6,E7,5.027000,335.004000,OK
9,15,adjacent,620,30,32,138,FWD,E8,E9,E10,E11,41.141000,364.251000,OK
9,15,adjacent,620,30,32,139,REV,E9,E8,E10,E11,96.789000,335.203000,OK
9,15,adjacent,620,30,32,140,FWD,E8,E9,E11,E12,-65.859000,364.570000,OK
9,15,adjacent,620,30,32,141,REV,E9,E8,E11,E12,-58.434000,335.323000,OK
9,15,adjacent,620,30,32,142,FWD,E8,E9,E12,E1,31.199000,364.371000,OK
9,15,adjacent,620,30,32,143,REV,E9,E8,E12,E1,34.477000,335.084000,OK
9,15,adjacent,620,30,32,144,FWD,E9,E10,E1,E2,-18.297000,217.218000,OK
9,15,adjacent,620,30,32,145,REV,E10,E9,E1,E2,-13.551000,214.185000,OK
9,15,adjacent,620,30,32,146,FWD,E9,E10,E2,E3,-7.969000,222.884000,OK
9,15,adjacent,620,30,32,147,REV,E10,E9,E2,E3,-4.699000,212.749000,OK
9,15,adjacent,620,30,32,148,FWD,E9,E10,E3,E4,13.746000,223.323000,OK
9,15,adjacent,620,30,32,149,REV,E10,E9,E3,E4,16.504000,212.390000,OK
9,15,adjacent,620,30,32,150,FWD,E9,E10,E4,E5,7.293000,223.761000,OK
9,15,adjacent,620,30,32,151,REV,E10,E9,E4,E5,12.477000,212.350000,OK
9,15,adjacent,620,30,32,152,FWD,E9,E10,E5,E6,-22.062000,223.522000,OK
9,15,adjacent,620,30,32,153,REV,E10,E9,E5,E6,-18.512000,212.270000,OK
9,15,adjacent,620,30,32,154,FWD,E9,E10,E6,E7,-7.633000,223.402000,OK
9,15,adjacent,620,30,32,155,REV,E10,E9,E6,E7,-1.367000,212.629000,OK
9,15,adjacent,620,30,32,156,FWD,E9,E10,E7,E8,38.223000,223.642000,OK
9,15,adjacent,620,30,32,157,REV,E10,E9,E7,E8,57.102000,212.629000,OK
9,15,adjacent,620,30,32,158,FWD,E9,E10,E11,E12,-78.918000,223.123000,OK
9,15,adjacent,620,30,32,159,REV,E10,E9,E11,E12,-46.504000,212.749000,OK
9,15,adjacent,620,30,32,160,FWD,E9,E10,E12,E1,28.617000,223.602000,OK
9,15,adjacent,620,30,32,161,REV,E10,E9,E12,E1,36.922000,212.869000,OK
9,15,adjacent,620,30,32,162,FWD,E10,E11,E1,E2,-21.387000,203.173000,OK
9,15,adjacent,620,30,32,163,REV,E11,E10,E1,E2,-9.238000,251.293000,OK
9,15,adjacent,620,30,32,164,FWD,E10,E11,E2,E3,-9.293000,209.916000,OK
9,15,adjacent,620,30,32,165,REV,E11,E10,E2,E3,-2.766000,249.697000,OK
9,15,adjacent,620,30,32,166,FWD,E10,E11,E3,E4,13.273000,211.352000,OK
9,15,adjacent,620,30,32,167,REV,E11,E10,E3,E4,17.488000,249.338000,OK
9,15,adjacent,620,30,32,168,FWD,E10,E11,E4,E5,6.996000,211.033000,OK
9,15,adjacent,620,30,32,169,REV,E11,E10,E4,E5,13.426000,249.058000,OK
9,15,adjacent,620,30,32,170,FWD,E10,E11,E5,E6,-21.863000,211.193000,OK
9,15,adjacent,620,30,32,171,REV,E11,E10,E5,E6,-18.602000,249.298000,OK
9,15,adjacent,620,30,32,172,FWD,E10,E11,E6,E7,-6.750000,211.392000,OK
9,15,adjacent,620,30,32,173,REV,E11,E10,E6,E7,-2.004000,249.058000,OK
9,15,adjacent,620,30,32,174,FWD,E10,E11,E7,E8,42.973000,211.632000,OK
9,15,adjacent,620,30,32,175,REV,E11,E10,E7,E8,53.637000,248.779000,OK
9,15,adjacent,620,30,32,176,FWD,E10,E11,E8,E9,-62.469000,211.751000,OK
9,15,adjacent,620,30,32,177,REV,E11,E10,E8,E9,-24.789000,248.819000,OK
9,15,adjacent,620,30,32,178,FWD,E10,E11,E12,E1,19.828000,211.951000,OK
9,15,adjacent,620,30,32,179,REV,E11,E10,E12,E1,48.320000,248.619000,OK
9,15,adjacent,620,30,32,180,FWD,E11,E12,E1,E2,-36.410000,275.792000,OK
9,15,adjacent,620,30,32,181,REV,E12,E11,E1,E2,2.160000,249.298000,OK
9,15,adjacent,620,30,32,182,FWD,E11,E12,E2,E3,-13.492000,282.255000,OK
9,15,adjacent,620,30,32,183,REV,E12,E11,E2,E3,-0.109000,247.582000,OK
9,15,adjacent,620,30,32,184,FWD,E11,E12,E3,E4,12.211000,283.133000,OK
9,15,adjacent,620,30,32,185,REV,E12,E11,E3,E4,17.801000,246.984000,OK
9,15,adjacent,620,30,32,186,FWD,E11,E12,E4,E5,6.895000,283.173000,OK
9,15,adjacent,620,30,32,187,REV,E12,E11,E4,E5,12.602000,247.143000,OK
9,15,adjacent,620,30,32,188,FWD,E11,E12,E5,E6,-21.414000,283.492000,OK
9,15,adjacent,620,30,32,189,REV,E12,E11,E5,E6,-19.547000,247.103000,OK
9,15,adjacent,620,30,32,190,FWD,E11,E12,E6,E7,-5.750000,283.173000,OK
9,15,adjacent,620,30,32,191,REV,E12,E11,E6,E7,-3.723000,246.624000,OK
9,15,adjacent,620,30,32,192,FWD,E11,E12,E7,E8,46.406000,283.492000,OK
9,15,adjacent,620,30,32,193,REV,E12,E11,E7,E8,49.289000,246.864000,OK
9,15,adjacent,620,30,32,194,FWD,E11,E12,E8,E9,-48.621000,283.612000,OK
9,15,adjacent,620,30,32,195,REV,E12,E11,E8,E9,-42.953000,246.225000,OK
9,15,adjacent,620,30,32,196,FWD,E11,E12,E9,E10,-40.797000,283.453000,OK
9,15,adjacent,620,30,32,197,REV,E12,E11,E9,E10,-1.656000,246.784000,OK
9,15,adjacent,620,30,32,198,FWD,E12,E1,E2,E3,-19.648000,238.126000,OK
9,15,adjacent,620,30,32,199,REV,E1,E12,E2,E3,8.270000,267.492000,OK
9,15,adjacent,620,30,32,200,FWD,E12,E1,E3,E4,10.887000,243.153000,OK
9,15,adjacent,620,30,32,201,REV,E1,E12,E3,E4,19.922000,265.657000,OK
9,15,adjacent,620,30,32,202,FWD,E12,E1,E4,E5,6.492000,244.350000,OK
9,15,adjacent,620,30,32,203,REV,E1,E12,E4,E5,13.684000,265.058000,OK
9,15,adjacent,620,30,32,204,FWD,E12,E1,E5,E6,-21.367000,244.949000,OK
9,15,adjacent,620,30,32,205,REV,E1,E12,E5,E6,-19.496000,264.380000,OK
9,15,adjacent,620,30,32,206,FWD,E12,E1,E6,E7,-5.559000,245.228000,OK
9,15,adjacent,620,30,32,207,REV,E1,E12,E6,E7,-3.840000,264.181000,OK
9,15,adjacent,620,30,32,208,FWD,E12,E1,E7,E8,47.117000,245.547000,OK
9,15,adjacent,620,30,32,209,REV,E1,E12,E7,E8,48.949000,264.300000,OK
9,15,adjacent,620,30,32,210,FWD,E12,E1,E8,E9,-46.820000,244.749000,OK
9,15,adjacent,620,30,32,211,REV,E1,E12,E8,E9,-44.426000,264.061000,OK
9,15,adjacent,620,30,32,212,FWD,E12,E1,E9,E10,-25.059000,245.507000,OK
9,15,adjacent,620,30,32,213,REV,E1,E12,E9,E10,-15.219000,264.181000,OK
9,15,adjacent,620,30,32,214,FWD,E12,E1,E10,E11,54.617000,245.308000,OK
9,15,adjacent,620,30,32,215,REV,E1,E12,E10,E11,86.773000,264.260000,OK
