frame_index,frame_id,pattern,dac_code,settle_ms,sample_count,record_index,polarity,i_plus,i_minus,v_plus,v_minus,voltage_mv,current_ua,quality
0,6,adjacent,620,30,32,0,FWD,E1,E2,E3,E4,1.348000,333.488000,OK
0,6,adjacent,620,30,32,1,REV,E2,E1,E3,E4,7.937000,306.714000,OK
0,6,adjacent,620,30,32,2,FWD,E1,E2,E4,E5,21.043000,350.844000,OK
0,6,adjacent,620,30,32,3,REV,E2,E1,E4,E5,23.586000,303.921000,OK
0,6,adjacent,620,30,32,4,FWD,E1,E2,E5,E6,-2.758000,352.081000,OK
0,6,adjacent,620,30,32,5,REV,E2,E1,E5,E6,-0.820000,302.605000,OK
0,6,adjacent,620,30,32,6,FWD,E1,E2,E6,E7,-49.262000,352.560000,OK
0,6,adjacent,620,30,32,7,REV,E2,E1,E6,E7,-48.113000,303.283000,OK
0,6,adjacent,620,30,32,8,FWD,E1,E2,E7,E8,25.375000,352.680000,OK
0,6,adjacent,620,30,32,9,REV,E2,E1,E7,E8,26.633000,303.562000,OK
0,6,adjacent,620,30,32,10,FWD,E1,E2,E8,E9,19.367000,352.440000,OK
0,6,adjacent,620,30,32,11,REV,E2,E1,E8,E9,20.680000,303.443000,OK
0,6,adjacent,620,30,32,12,FWD,E1,E2,E9,E10,-214.656000,352.001000,OK
0,6,adjacent,620,30,32,13,REV,E2,E1,E9,E10,-213.219000,303.842000,OK
0,6,adjacent,620,30,32,14,FWD,E1,E2,E10,E11,195.488000,352.241000,OK
0,6,adjacent,620,30,32,15,REV,E2,E1,E10,E11,198.613000,303.842000,OK
0,6,adjacent,620,30,32,16,FWD,E1,E2,E11,E12,11.938000,352.321000,OK
0,6,adjacent,620,30,32,17,REV,E2,E1,E11,E12,19.266000,303.483000,OK
0,6,adjacent,620,30,32,18,FWD,E2,E3,E4,E5,19.871000,304.959000,OK
0,6,adjacent,620,30,32,19,REV,E3,E2,E4,E5,25.605000,362.216000,OK
0,6,adjacent,620,30,32,20,FWD,E2,E3,E5,E6,-3.480000,330.296000,OK
0,6,adjacent,620,30,32,21,REV,E3,E2,E5,E6,-0.035000,356.949000,OK
0,6,adjacent,620,30,32,22,FWD,E2,E3,E6,E7,-49.512000,332.690000,OK
0,6,adjacent,620,30,32,23,REV,E3,E2,E6,E7,-47.824000,355.672000,OK
0,6,adjacent,620,30,32,24,FWD,E2,E3,E7,E8,25.352000,333.328000,OK
0,6,adjacent,620,30,32,25,REV,E3,E2,E7,E8,26.883000,355.513000,OK
0,6,adjacent,620,30,32,26,FWD,E2,E3,E8,E9,19.547000,334.046000,OK
0,6,adjacent,620,30,32,27,REV,E3,E2,E8,E9,21.000000,355.313000,OK
0,6,adjacent,620,30,32,28,FWD,E2,E3,E9,E10,-216.367000,333.966000,OK
0,6,adjacent,620,30,32,29,REV,E3,E2,E9,E10,-214.891000,355.592000,OK
0,6,adjacent,620,30,32,30,FWD,E2,E3,E10,E11,197.590000,334.206000,OK
0,6,adjacent,620,30,32,31,REV,E3,E2,E10,E11,200.223000,355.233000,OK
0,6,adjacent,620,30,32,32,FWD,E2,E3,E11,E12,12.781000,334.046000,OK
0,6,adjacent,620,30,32,33,REV,E3,E2,E11,E12,18.562000,355.513000,OK
0,6,adjacent,620,30,32,34,FWD,E2,E3,E12,E1,9.430000,334.286000,OK
0,6,adjacent,620,30,32,35,REV,E3,E2,E12,E1,27.922000,355.712000,OK
0,6,adjacent,620,30,32,36,FWD,E3,E4,E1,E2,-53.613000,327.981000,OK
0,6,adjacent,620,30,32,37,REV,E4,E3,E1,E2,-53.688000,367.802000,OK
0,6,adjacent,620,30,32,38,FWD,E3,E4,E5,E6,-5.238000,349.767000,OK
0,6,adjacent,620,30,32,39,REV,E4,E3,E5,E6,1.719000,363.373000,OK
0,6,adjacent,620,30,32,40,FWD,E3,E4,E6,E7,-49.891000,350.206000,OK
0,6,adjacent,620,30,32,41,REV,E4,E3,E6,E7,-47.527000,362.415000,OK
0,6,adjacent,620,30,32,42,FWD,E3,E4,E7,E8,25.297000,350.445000,OK
0,6,adjacent,620,30,32,43,REV,E4,E3,E7,E8,26.855000,361.258000,OK
0,6,adjacent,620,30,32,44,FWD,E3,E4,E8,E9,19.855000,350.405000,OK
0,6,adjacent,620,30,32,45,REV,E4,E3,E8,E9,20.840000,361.059000,OK
0,6,adjacent,620,30,32,46,FWD,E3,E4,E9,E10,-217.727000,351.403000,OK
0,6,adjacent,620,30,32,47,REV,E4,E3,E9,E10,-216.875000,361.019000,OK
0,6,adjacent,620,30,32,48,FWD,E3,E4,E10,E11,200.027000,351.323000,OK
0,6,adjacent,620,30,32,49,REV,E4,E3,E10,E11,201.211000,360.979000,OK
0,6,adjacent,620,30,32,50,FWD,E3,E4,E11,E12,14.238000,353.119000,OK
0,6,adjacent,620,30,32,51,REV,E4,E3,E11,E12,16.398000,363.134000,OK
0,6,adjacent,620,30,32,52,FWD,E3,E4,E12,E1,15.461000,353.518000,OK
0,6,adjacent,620,30,32,53,REV,E4,E3,E12,E1,21.789000,363.253000,OK
0,6,adjacent,620,30,32,54,FWD,E4,E5,E1,E2,-65.770000,371.154000,OK
0,6,adjacent,620,30,32,55,REV,E5,E4,E1,E2,-62.715000,414.047000,OK
0,6,adjacent,620,30,32,56,FWD,E4,E5,E2,E3,21.883000,387.832000,OK
0,6,adjacent,620,30,32,57,REV,E5,E4,E2,E3,28.102000,411.413000,OK
0,6,adjacent,620,30,32,58,FWD,E4,E5,E6,E7,-51.918000,389.827000,OK
0,6,adjacent,620,30,32,59,REV,E5,E4,E6,E7,-45.297000,410.854000,OK
0,6,adjacent,620,30,32,60,FWD,E4,E5,E7,E8,24.355000,389.907000,OK
0,6,adjacent,620,30,32,61,REV,E5,E4,E7,E8,27.699000,410.615000,OK
0,6,adjacent,620,30,32,62,FWD,E4,E5,E8,E9,19.500000,390.266000,OK
0,6,adjacent,620,30,32,63,REV,E5,E4,E8,E9,21.199000,410.535000,OK
0,6,adjacent,620,30,32,64,FWD,E4,E5,E9,E10,-219.000000,390.545000,OK
0,6,adjacent,620,30,32,65,REV,E5,E4,E9,E10,-217.867000,410.615000,OK
0,6,adjacent,620,30,32,66,FWD,E4,E5,E10,E11,201.430000,390.824000,OK
0,6,adjacent,620,30,32,67,REV,E5,E4,E10,E11,202.379000,410.336000,OK
0,6,adjacent,620,30,32,68,FWD,E4,E5,E11,E12,14.617000,390.824000,OK
0,6,adjacent,620,30,32,69,REV,E5,E4,E11,E12,15.855000,410.535000,OK
0,6,adjacent,620,30,32,70,FWD,E4,E5,E12,E1,17.090000,391.423000,OK
0,6,adjacent,620,30,32,71,REV,E5,E4,E12,E1,20.152000,410.376000,OK
0,6,adjacent,620,30,32,72,FWD,E5,E6,E1,E2,-65.875000,374.106000,OK
0,6,adjacent,620,30,32,73,REV,E6,E5,E1,E2,-63.508000,403.872000,OK
0,6,adjacent,620,30,32,74,FWD,E5,E6,E2,E3,21.629000,395.613000,OK
0,6,adjacent,620,30,32,75,REV,E6,E5,E2,E3,25.738000,400.281000,OK
0,6,adjacent,620,30,32,76,FWD,E5,E6,E3,E4,2.406000,397.408000,OK
0,6,adjacent,620,30,32,77,REV,E6,E5,E3,E4,10.043000,399.523000,OK
0,6,adjacent,620,30,32,78,FWD,E5,E6,E7,E8,21.125000,397.647000,OK
0,6,adjacent,620,30,32,79,REV,E6,E5,E7,E8,31.078000,399.403000,OK
0,6,adjacent,620,30,32,80,FWD,E5,E6,E8,E9,18.332000,397.767000,OK
0,6,adjacent,620,30,32,81,REV,E6,E5,E8,E9,22.496000,399.762000,OK
0,6,adjacent,620,30,32,82,FWD,E5,E6,E9,E10,-220.508000,398.445000,OK
0,6,adjacent,620,30,32,83,REV,E6,E5,E9,E10,-218.102000,399.044000,OK
0,6,adjacent,620,30,32,84,FWD,E5,E6,E10,E11,202.047000,398.844000,OK
0,6,adjacent,620,30,32,85,REV,E6,E5,E10,E11,203.461000,398.605000,OK
0,6,adjacent,620,30,32,86,FWD,E5,E6,E11,E12,14.410000,399.243000,OK
0,6,adjacent,620,30,32,87,REV,E6,E5,E11,E12,15.719000,398.685000,OK
0,6,adjacent,620,30,32,88,FWD,E5,E6,E12,E1,17.348000,399.443000,OK
0,6,adjacent,620,30,32,89,REV,E6,E5,E12,E1,19.941000,398.605000,OK
0,6,adjacent,620,30,32,90,FWD,E6,E7,E1,E2,-65.402000,375.423000,OK
0,6,adjacent,620,30,32,91,REV,E7,E6,E1,E2,-64.070000,353.917000,OK
0,6,adjacent,620,30,32,92,FWD,E6,E7,E2,E3,22.648000,394.376000,OK
0,6,adjacent,620,30,32,93,REV,E7,E6,E2,E3,24.543000,350.884000,OK
0,6,adjacent,620,30,32,94,FWD,E6,E7,E3,E4,4.250000,396.291000,OK
0,6,adjacent,620,30,32,95,REV,E7,E6,E3,E4,6.766000,350.286000,OK
0,6,adjacent,620,30,32,96,FWD,E6,E7,E4,E5,19.363000,396.929000,OK
0,6,adjacent,620,30,32,97,REV,E7,E6,E4,E5,25.449000,350.405000,OK
0,6,adjacent,620,30,32,98,FWD,E6,E7,E8,E9,16.906000,396.929000,OK
0,6,adjacent,620,30,32,99,REV,E7,E6,E8,E9,23.422000,349.488000,OK
0,6,adjacent,620,30,32,100,FWD,E6,E7,E9,E10,-221.687000,396.849000,OK
0,6,adjacent,620,30,32,101,REV,E7,E6,E9,E10,-218.359000,349.767000,OK
0,6,adjacent,620,30,32,102,FWD,E6,E7,E10,E11,202.672000,397.248000,OK
0,6,adjacent,620,30,32,103,REV,E7,E6,E10,E11,204.223000,350.246000,OK
0,6,adjacent,620,30,32,104,FWD,E6,E7,E11,E12,14.375000,401.877000,OK
0,6,adjacent,620,30,32,105,REV,E7,E6,E11,E12,15.461000,349.647000,OK
0,6,adjacent,620,30,32,106,FWD,E6,E7,E12,E1,17.738000,399.363000,OK
0,6,adjacent,620,30,32,107,REV,E7,E6,E12,E1,19.445000,351.124000,OK
0,6,adjacent,620,30,32,108,FWD,E7,E8,E1,E2,-65.250000,300.051000,OK
0,6,adjacent,620,30,32,109,REV,E8,E7,E1,E2,-63.969000,346.176000,OK
0,6,adjacent,620,30,32,110,FWD,E7,E8,E2,E3,22.836000,317.687000,OK
0,6,adjacent,620,30,32,111,REV,E8,E7,E2,E3,24.395000,344.740000,OK
0,6,adjacent,620,30,32,112,FWD,E7,E8,E3,E4,4.793000,318.166000,OK
0,6,adjacent,620,30,32,113,REV,E8,E7,E3,E4,6.281000,344.380000,OK
0,6,adjacent,620,30,32,114,FWD,E7,E8,E4,E5,21.160000,318.804000,OK
0,6,adjacent,620,30,32,115,REV,E8,E7,E4,E5,23.918000,343.822000,OK
0,6,adjacent,620,30,32,116,FWD,E7,E8,E5,E6,-6.066000,319.243000,OK
0,6,adjacent,620,30,32,117,REV,E8,E7,E5,E6,2.180000,343.622000,OK
0,6,adjacent,620,30,32,118,FWD,E7,E8,E9,E10,-224.344000,319.084000,OK
0,6,adjacent,620,30,32,119,REV,E8,E7,E9,E10,-216.172000,343.742000,OK
0,6,adjacent,620,30,32,120,FWD,E7,E8,E10,E11,202.562000,319.842000,OK
0,6,adjacent,620,30,32,121,REV,E8,E7,E10,E11,205.500000,343.981000,OK
0,6,adjacent,620,30,32,122,FWD,E7,E8,E11,E12,14.168000,320.640000,OK
0,6,adjacent,620,30,32,123,REV,E8,E7,E11,E12,15.742000,344.061000,OK
0,6,adjacent,620,30,32,124,FWD,E7,E8,E12,E1,17.746000,320.161000,OK
0,6,adjacent,620,30,32,125,REV,E8,E7,E12,E1,19.656000,344.101000,OK
0,6,adjacent,620,30,32,126,FWD,E8,E9,E1,E2,-65.383000,285.847000,OK
0,6,adjacent,620,30,32,127,REV,E9,E8,E1,E2,-64.129000,332.091000,OK
0,6,adjacent,620,30,32,128,FWD,E8,E9,E2,E3,23.070000,305.797000,OK
0,6,adjacent,620,30,32,129,REV,E9,E8,E2,E3,24.379000,328.301000,OK
0,6,adjacent,620,30,32,130,FWD,E8,E9,E3,E4,4.852000,307.832000,OK
0,6,adjacent,620,30,32,131,REV,E9,E8,E3,E4,5.770000,326.864000,OK
0,6,adjacent,620,30,32,132,FWD,E8,E9,E4,E5,22.000000,308.470000,OK
0,6,adjacent,620,30,32,133,REV,E9,E8,E4,E5,23.289000,326.505000,OK
0,6,adjacent,620,30,32,134,FWD,E8,E9,E5,E6,-3.535000,309.108000,OK
0,6,adjacent,620,30,32,135,REV,E9,E8,E5,E6,-0.238000,326.505000,OK
0,6,adjacent,620,30,32,136,FWD,E8,E9,E6,E7,-50.973000,309.228000,OK
0,6,adjacent,620,30,32,137,REV,E9,E8,E6,E7,-45.469000,325.827000,OK
0,6,adjacent,620,30,32,138,FWD,E8,E9,E10,E11,201.434000,309.428000,OK
0,6,adjacent,620,30,32,139,REV,E9,E8,E10,E11,206.945000,325.907000,OK
0,6,adjacent,620,30,32,140,FWD,E8,E9,E11,E12,13.789000,310.186000,OK
0,6,adjacent,620,30,32,141,REV,E9,E8,E11,E12,16.047000,326.266000,OK
0,6,adjacent,620,30,32,142,FWD,E8,E9,E12,E1,17.562000,313.936000,OK
0,6,adjacent,620,30,32,143,REV,E9,E8,E12,E1,19.848000,326.385000,OK
0,6,adjacent,620,30,32,144,FWD,E9,E10,E1,E2,-66.004000,463.922000,OK
0,6,adjacent,620,30,32,145,REV,E10,E9,E1,E2,-64.195000,281.737000,OK
0,6,adjacent,620,30,32,146,FWD,E9,E10,E2,E3,22.641000,476.251000,OK
0,6,adjacent,620,30,32,147,REV,E10,E9,E2,E3,24.328000,289.916000,OK
0,6,adjacent,620,30,32,148,FWD,E9,E10,E3,E4,4.723000,472.381000,OK
0,6,adjacent,620,30,32,149,REV,E10,E9,E3,E4,5.645000,293.986000,OK
0,6,adjacent,620,30,32,150,FWD,E9,E10,E4,E5,21.984000,469.508000,OK
0,6,adjacent,620,30,32,151,REV,E10,E9,E4,E5,23.047000,296.340000,OK
0,6,adjacent,620,30,32,152,FWD,E9,E10,E5,E6,-3.293000,467.952000,OK
0,6,adjacent,620,30,32,153,REV,E10,E9,E5,E6,-1.062000,298.096000,OK
0,6,adjacent,620,30,32,154,FWD,E9,E10,E6,E7,-50.609000,466.316000,OK
0,6,adjacent,620,30,32,155,REV,E10,E9,E6,E7,-47.328000,299.293000,OK
0,6,adjacent,620,30,32,156,FWD,E9,E10,E7,E8,20.379000,465.438000,OK
0,6,adjacent,620,30,32,157,REV,E10,E9,E7,E8,29.383000,300.450000,OK
0,6,adjacent,620,30,32,158,FWD,E9,E10,E11,E12,10.020000,464.920000,OK
0,6,adjacent,620,30,32,159,REV,E10,E9,E11,E12,17.242000,301.248000,OK
0,6,adjacent,620,30,32,160,FWD,E9,E10,E12,E1,16.332000,464.481000,OK
0,6,adjacent,620,30,32,161,REV,E10,E9,E12,E1,20.098000,302.246000,OK
0,6,adjacent,620,30,32,162,FWD,E10,E11,E1,E2,-65.879000,232.220000,OK
0,6,adjacent,620,30,32,163,REV,E11,E10,E1,E2,-62.922000,446.605000,OK
0,6,adjacent,620,30,32,164,FWD,E10,E11,E2,E3,22.840000,286.724000,OK
0,6,adjacent,620,30,32,165,REV,E11,E10,E2,E3,25.363000,434.675000,OK
0,6,adjacent,620,30,32,166,FWD,E10,E11,E3,E4,4.758000,292.630000,OK
0,6,adjacent,620,30,32,167,REV,E11,E10,E3,E4,5.801000,431.204000,OK
0,6,adjacent,620,30,32,168,FWD,E10,E11,E4,E5,22.359000,294.904000,OK
0,6,adjacent,620,30,32,169,REV,E11,E10,E4,E5,23.113000,429.727000,OK
0,6,adjacent,620,30,32,170,FWD,E10,E11,E5,E6,-2.223000,295.901000,OK
0,6,adjacent,620,30,32,171,REV,E11,E10,E5,E6,-1.121000,429.528000,OK
0,6,adjacent,620,30,32,172,FWD,E10,E11,E6,E7,-49.156000,296.859000,OK
0,6,adjacent,620,30,32,173,REV,E11,E10,E6,E7,-47.844000,428.451000,OK
0,6,adjacent,620,30,32,174,FWD,E10,E11,E7,E8,24.828000,297.059000,OK
0,6,adjacent,620,30,32,175,REV,E11,E10,E7,E8,27.687000,427.373000,OK
0,6,adjacent,620,30,32,176,FWD,E10,E11,E8,E9,15.578000,298.256000,OK
0,6,adjacent,620,30,32,177,REV,E11,E10,E8,E9,21.461000,427.653000,OK
0,6,adjacent,620,30,32,178,FWD,E10,E11,E12,E1,14.676000,298.934000,OK
0,6,adjacent,620,30,32,179,REV,E11,E10,E12,E1,25.066000,426.336000,OK
0,6,adjacent,620,30,32,180,FWD,E11,E12,E1,E2,-67.934000,254.565000,OK
0,6,adjacent,620,30,32,181,REV,E12,E11,E1,E2,-61.293000,328.739000,OK
0,6,adjacent,620,30,32,182,FWD,E11,E12,E2,E3,21.773000,291.832000,OK
0,6,adjacent,620,30,32,183,REV,E12,E11,E2,E3,26.984000,320.560000,OK
0,6,adjacent,620,30,32,184,FWD,E11,E12,E3,E4,4.254000,296.101000,OK
0,6,adjacent,620,30,32,185,REV,E12,E11,E3,E4,6.031000,318.286000,OK
0,6,adjacent,620,30,32,186,FWD,E11,E12,E4,E5,22.266000,297.378000,OK
0,6,adjacent,620,30,32,187,REV,E12,E11,E4,E5,23.211000,317.607000,OK
0,6,adjacent,620,30,32,188,FWD,E11,E12,E5,E6,-2.258000,297.896000,OK
0,6,adjacent,620,30,32,189,REV,E12,E11,E5,E6,-1.254000,316.969000,OK
0,6,adjacent,620,30,32,190,FWD,E11,E12,E6,E7,-49.145000,298.734000,OK
0,6,adjacent,620,30,32,191,REV,E12,E11,E6,E7,-48.270000,316.330000,OK
0,6,adjacent,620,30,32,192,FWD,E11,E12,E7,E8,25.273000,299.133000,OK
0,6,adjacent,620,30,32,193,REV,E12,E11,E7,E8,26.676000,316.091000,OK
0,6,adjacent,620,30,32,194,FWD,E11,E12,E8,E9,17.953000,298.974000,OK
0,6,adjacent,620,30,32,195,REV,E12,E11,E8,E9,20.164000,315.971000,OK
0,6,adjacent,620,30,32,196,FWD,E11,E12,E9,E10,-205.547000,299.253000,OK
0,6,adjacent,620,30,32,197,REV,E12,E11,E9,E10,-200.297000,316.091000,OK
0,6,adjacent,620,30,32,198,FWD,E12,E1,E2,E3,16.477000,274.595000,OK
0,6,adjacent,620,30,32,199,REV,E1,E12,E2,E3,32.742000,314.894000,OK
0,6,adjacent,620,30,32,200,FWD,E12,E1,E3,E4,2.477000,293.867000,OK
0,6,adjacent,620,30,32,201,REV,E1,E12,E3,E4,7.730000,310.625000,OK
0,6,adjacent,620,30,32,202,FWD,E12,E1,E4,E5,21.262000,296.101000,OK
0,6,adjacent,620,30,32,203,REV,E1,E12,E4,E5,23.527000,309.428000,OK
0,6,adjacent,620,30,32,204,FWD,E12,E1,E5,E6,-2.340000,297.458000,OK
0,6,adjacent,620,30,32,205,REV,E1,E12,E5,E6,-0.379000,308.949000,OK
0,6,adjacent,620,30,32,206,FWD,E12,E1,E6,E7,-49.477000,297.896000,OK
0,6,adjacent,620,30,32,207,REV,E1,E12,E6,E7,-48.109000,308.191000,OK
0,6,adjacent,620,30,32,208,FWD,E12,E1,E7,E8,25.117000,298.176000,OK
0,6,adjacent,620,30,32,209,REV,E1,E12,E7,E8,26.879000,308.310000,OK
0,6,adjacent,620,30,32,210,FWD,E12,E1,E8,E9,18.465000,298.694000,OK
0,6,adjacent,620,30,32,211,REV,E1,E12,E8,E9,20.641000,307.951000,OK
0,6,adjacent,620,30,32,212,FWD,E12,E1,E9,E10,-211.203000,298.655000,OK
0,6,adjacent,620,30,32,213,REV,E1,E12,E9,E10,-208.414000,308.191000,OK
0,6,adjacent,620,30,32,214,FWD,E12,E1,E10,E11,188.734000,298.216000,OK
0,6,adjacent,620,30,32,215,REV,E1,E12,E10,E11,198.395000,308.071000,OK
1,7,adjacent,620,30,32,0,FWD,E1,E2,E3,E4,1.574000,333.009000,OK
1,7,adjacent,620,30,32,1,REV,E2,E1,E3,E4,8.117000,307.193000,OK
1,7,adjacent,620,30,32,2,FWD,E1,E2,E4,E5,20.996000,350.166000,OK
1,7,adjacent,620,30,32,3,REV,E2,E1,E4,E5,23.527000,304.081000,OK
1,7,adjacent,620,30,32,4,FWD,E1,E2,E5,E6,-2.414000,351.642000,OK
1,7,adjacent,620,30,32,5,REV,E2,E1,E5,E6,-0.480000,303.203000,OK
1,7,adjacent,620,30,32,6,FWD,E1,E2,E6,E7,-49.492000,351.802000,OK
1,7,adjacent,620,30,32,7,REV,E2,E1,E6,E7,-48.320000,303.283000,OK
1,7,adjacent,620,30,32,8,FWD,E1,E2,E7,E8,25.324000,352.121000,OK
1,7,adjacent,620,30,32,9,REV,E2,E1,E7,E8,26.594000,303.842000,OK
1,7,adjacent,620,30,32,10,FWD,E1,E2,E8,E9,18.930000,352.161000,OK
1,7,adjacent,620,30,32,11,REV,E2,E1,E8,E9,20.254000,303.921000,OK
1,7,adjacent,620,30,32,12,FWD,E1,E2,E9,E10,-213.945000,351.802000,OK
1,7,adjacent,620,30,32,13,REV,E2,E1,E9,E10,-212.484000,303.443000,OK
1,7,adjacent,620,30,32,14,FWD,E1,E2,E10,E11,194.977000,351.722000,OK
1,7,adjacent,620,30,32,15,REV,E2,E1,E10,E11,198.066000,303.562000,OK
1,7,adjacent,620,30,32,16,FWD,E1,E2,E11,E12,12.426000,352.400000,OK
1,7,adjacent,620,30,32,17,REV,E2,E1,E11,E12,19.785000,304.041000,OK
1,7,adjacent,620,30,32,18,FWD,E2,E3,E4,E5,19.562000,304.680000,OK
1,7,adjacent,620,30,32,19,REV,E3,E2,E4,E5,25.266000,360.939000,OK
1,7,adjacent,620,30,32,20,FWD,E2,E3,E5,E6,-2.887000,329.936000,OK
1,7,adjacent,620,30,32,21,REV,E3,E2,E5,E6,0.586000,356.311000,OK
1,7,adjacent,620,30,32,22,FWD,E2,E3,E6,E7,-49.734000,332.809000,OK
1,7,adjacent,620,30,32,23,REV,E3,E2,E6,E7,-48.008000,355.313000,OK
1,7,adjacent,620,30,32,24,FWD,E2,E3,E7,E8,25.258000,333.328000,OK
1,7,adjacent,620,30,32,25,REV,E3,E2,E7,E8,26.852000,354.635000,OK
1,7,adjacent,620,30,32,26,FWD,E2,E3,E8,E9,19.117000,333.488000,OK
1,7,adjacent,620,30,32,27,REV,E3,E2,E8,E9,20.434000,354.355000,OK
1,7,adjacent,620,30,32,28,FWD,E2,E3,E9,E10,-215.914000,333.488000,OK
1,7,adjacent,620,30,32,29,REV,E3,E2,E9,E10,-214.375000,354.954000,OK
1,7,adjacent,620,30,32,30,FWD,E2,E3,E10,E11,197.461000,334.006000,OK
1,7,adjacent,620,30,32,31,REV,E3,E2,E10,E11,200.105000,354.794000,OK
1,7,adjacent,620,30,32,32,FWD,E2,E3,E11,E12,13.145000,334.086000,OK
1,7,adjacent,620,30,32,33,REV,E3,E2,E11,E12,18.914000,354.635000,OK
1,7,adjacent,620,30,32,34,FWD,E2,E3,E12,E1,9.352000,334.286000,OK
1,7,adjacent,620,30,32,35,REV,E3,E2,E12,E1,27.789000,355.034000,OK
1,7,adjacent,620,30,32,36,FWD,E3,E4,E1,E2,-52.922000,304.919000,OK
1,7,adjacent,620,30,32,37,REV,E4,E3,E1,E2,-53.469000,341.388000,OK
1,7,adjacent,620,30,32,38,FWD,E3,E4,E5,E6,-4.645000,323.632000,OK
1,7,adjacent,620,30,32,39,REV,E4,E3,E5,E6,2.047000,336.440000,OK
1,7,adjacent,620,30,32,40,FWD,E3,E4,E6,E7,-50.105000,352.161000,OK
1,7,adjacent,620,30,32,41,REV,E4,E3,E6,E7,-47.684000,365.248000,OK
1,7,adjacent,620,30,32,42,FWD,E3,E4,E7,E8,25.363000,353.797000,OK
1,7,adjacent,620,30,32,43,REV,E4,E3,E7,E8,26.957000,364.809000,OK
1,7,adjacent,620,30,32,44,FWD,E3,E4,E8,E9,19.195000,354.116000,OK
1,7,adjacent,620,30,32,45,REV,E4,E3,E8,E9,20.320000,364.251000,OK
1,7,adjacent,620,30,32,46,FWD,E3,E4,E9,E10,-217.000000,354.395000,OK
1,7,adjacent,620,30,32,47,REV,E4,E3,E9,E10,-216.070000,364.929000,OK
1,7,adjacent,620,30,32,48,FWD,E3,E4,E10,E11,199.617000,355.114000,OK
1,7,adjacent,620,30,32,49,REV,E4,E3,E10,E11,200.828000,364.809000,OK
1,7,adjacent,620,30,32,50,FWD,E3,E4,E11,E12,14.629000,354.715000,OK
1,7,adjacent,620,30,32,51,REV,E4,E3,E11,E12,16.785000,364.809000,OK
1,7,adjacent,620,30,32,52,FWD,E3,E4,E12,E1,15.355000,354.515000,OK
1,7,adjacent,620,30,32,53,REV,E4,E3,E12,E1,21.711000,364.371000,OK
1,7,adjacent,620,30,32,54,FWD,E4,E5,E1,E2,-65.270000,372.550000,OK
1,7,adjacent,620,30,32,55,REV,E5,E4,E1,E2,-62.211000,415.563000,OK
1,7,adjacent,620,30,32,56,FWD,E4,E5,E2,E3,21.109000,390.106000,OK
1,7,adjacent,620,30,32,57,REV,E5,E4,E2,E3,27.395000,412.251000,OK
1,7,adjacent,620,30,32,58,FWD,E4,E5,E6,E7,-52.184000,390.984000,OK
1,7,adjacent,620,30,32,59,REV,E5,E4,E6,E7,-45.516000,411.293000,OK
1,7,adjacent,620,30,32,60,FWD,E4,E5,E7,E8,24.531000,391.423000,OK
1,7,adjacent,620,30,32,61,REV,E5,E4,E7,E8,27.867000,411.333000,OK
1,7,adjacent,620,30,32,62,FWD,E4,E5,E8,E9,19.008000,391.583000,OK
1,7,adjacent,620,30,32,63,REV,E5,E4,E8,E9,20.676000,411.134000,OK
1,7,adjacent,620,30,32,64,FWD,E4,E5,E9,E10,-218.180000,391.902000,OK
1,7,adjacent,620,30,32,65,REV,E5,E4,E9,E10,-217.000000,410.575000,OK
1,7,adjacent,620,30,32,66,FWD,E4,E5,E10,E11,200.961000,391.383000,OK
1,7,adjacent,620,30,32,67,REV,E5,E4,E10,E11,201.937000,411.174000,OK
1,7,adjacent,620,30,32,68,FWD,E4,E5,E11,E12,14.820000,391.782000,OK
1,7,adjacent,620,30,32,69,REV,E5,E4,E11,E12,16.035000,410.894000,OK
1,7,adjacent,620,30,32,70,FWD,E4,E5,E12,E1,17.129000,391.902000,OK
1,7,adjacent,620,30,32,71,REV,E5,E4,E12,E1,20.223000,410.735000,OK
1,7,adjacent,620,30,32,72,FWD,E5,E6,E1,E2,-65.484000,374.106000,OK
1,7,adjacent,620,30,32,73,REV,E6,E5,E1,E2,-63.121000,404.032000,OK
1,7,adjacent,620,30,32,74,FWD,E5,E6,E2,E3,21.203000,394.615000,OK
1,7,adjacent,620,30,32,75,REV,E6,E5,E2,E3,25.328000,400.241000,OK
1,7,adjacent,620,30,32,76,FWD,E5,E6,E3,E4,2.117000,396.570000,OK
1,7,adjacent,620,30,32,77,REV,E6,E5,E3,E4,9.734000,399.084000,OK
1,7,adjacent,620,30,32,78,FWD,E5,E6,E7,E8,21.160000,397.328000,OK
1,7,adjacent,620,30,32,79,REV,E6,E5,E7,E8,31.105000,399.603000,OK
1,7,adjacent,620,30,32,80,FWD,E5,E6,E8,E9,17.773000,397.927000,OK
1,7,adjacent,620,30,32,81,REV,E6,E5,E8,E9,21.961000,398.685000,OK
1,7,adjacent,620,30,32,82,FWD,E5,E6,E9,E10,-219.703000,397.887000,OK
1,7,adjacent,620,30,32,83,REV,E6,E5,E9,E10,-217.211000,398.046000,OK
1,7,adjacent,620,30,32,84,FWD,E5,E6,E10,E11,201.586000,398.206000,OK
1,7,adjacent,620,30,32,85,REV,E6,E5,E10,E11,203.012000,398.166000,OK
1,7,adjacent,620,30,32,86,FWD,E5,E6,E11,E12,14.641000,398.805000,OK
1,7,adjacent,620,30,32,87,REV,E6,E5,E11,E12,15.969000,398.605000,OK
1,7,adjacent,620,30,32,88,FWD,E5,E6,E12,E1,17.445000,397.927000,OK
1,7,adjacent,620,30,32,89,REV,E6,E5,E12,E1,20.078000,398.605000,OK
1,7,adjacent,620,30,32,90,FWD,E6,E7,E1,E2,-65.273000,375.104000,OK
1,7,adjacent,620,30,32,91,REV,E7,E6,E1,E2,-63.887000,353.757000,OK
1,7,adjacent,620,30,32,92,FWD,E6,E7,E2,E3,22.332000,394.575000,OK
1,7,adjacent,620,30,32,93,REV,E7,E6,E2,E3,24.293000,349.966000,OK
1,7,adjacent,620,30,32,94,FWD,E6,E7,E3,E4,3.969000,395.852000,OK
1,7,adjacent,620,30,32,95,REV,E7,E6,E3,E4,6.449000,349.727000,OK
1,7,adjacent,620,30,32,96,FWD,E6,E7,E4,E5,19.406000,396.770000,OK
1,7,adjacent,620,30,32,97,REV,E7,E6,E4,E5,25.516000,349.567000,OK
1,7,adjacent,620,30,32,98,FWD,E6,E7,E8,E9,16.293000,396.610000,OK
1,7,adjacent,620,30,32,99,REV,E7,E6,E8,E9,22.832000,349.767000,OK
1,7,adjacent,620,30,32,100,FWD,E6,E7,E9,E10,-220.766000,401.717000,OK
1,7,adjacent,620,30,32,101,REV,E7,E6,E9,E10,-217.414000,349.607000,OK
1,7,adjacent,620,30,32,102,FWD,E6,E7,E10,E11,202.102000,398.884000,OK
1,7,adjacent,620,30,32,103,REV,E7,E6,E10,E11,203.617000,350.884000,OK
1,7,adjacent,620,30,32,104,FWD,E6,E7,E11,E12,14.668000,393.897000,OK
1,7,adjacent,620,30,32,105,REV,E7,E6,E11,E12,15.723000,350.046000,OK
1,7,adjacent,620,30,32,106,FWD,E6,E7,E12,E1,18.191000,396.131000,OK
1,7,adjacent,620,30,32,107,REV,E7,E6,E12,E1,20.000000,349.208000,OK
1,7,adjacent,620,30,32,108,FWD,E7,E8,E1,E2,-65.758000,298.894000,OK
1,7,adjacent,620,30,32,109,REV,E8,E7,E1,E2,-64.543000,346.615000,OK
1,7,adjacent,620,30,32,110,FWD,E7,E8,E2,E3,22.746000,316.410000,OK
1,7,adjacent,620,30,32,111,REV,E8,E7,E2,E3,24.293000,344.540000,OK
1,7,adjacent,620,30,32,112,FWD,E7,E8,E3,E4,4.500000,317.527000,OK
1,7,adjacent,620,30,32,113,REV,E8,E7,E3,E4,5.945000,343.702000,OK
1,7,adjacent,620,30,32,114,FWD,E7,E8,E4,E5,21.309000,318.046000,OK
1,7,adjacent,620,30,32,115,REV,E8,E7,E4,E5,24.016000,344.500000,OK
1,7,adjacent,620,30,32,116,FWD,E7,E8,E5,E6,-5.828000,319.163000,OK
1,7,adjacent,620,30,32,117,REV,E8,E7,E5,E6,2.402000,343.862000,OK
1,7,adjacent,620,30,32,118,FWD,E7,E8,E9,E10,-223.320000,319.243000,OK
1,7,adjacent,620,30,32,119,REV,E8,E7,E9,E10,-215.187000,344.181000,OK
1,7,adjacent,620,30,32,120,FWD,E7,E8,E10,E11,201.977000,319.483000,OK
1,7,adjacent,620,30,32,121,REV,E8,E7,E10,E11,204.875000,343.981000,OK
1,7,adjacent,620,30,32,122,FWD,E7,E8,E11,E12,14.445000,319.842000,OK
1,7,adjacent,620,30,32,123,REV,E8,E7,E11,E12,16.039000,344.221000,OK
1,7,adjacent,620,30,32,124,FWD,E7,E8,E12,E1,19.008000,319.762000,OK
1,7,adjacent,620,30,32,125,REV,E8,E7,E12,E1,20.965000,344.261000,OK
1,7,adjacent,620,30,32,126,FWD,E8,E9,E1,E2,-66.457000,285.727000,OK
1,7,adjacent,620,30,32,127,REV,E9,E8,E1,E2,-65.211000,331.253000,OK
1,7,adjacent,620,30,32,128,FWD,E8,E9,E2,E3,22.895000,306.794000,OK
1,7,adjacent,620,30,32,129,REV,E9,E8,E2,E3,24.242000,327.503000,OK
1,7,adjacent,620,30,32,130,FWD,E8,E9,E3,E4,4.730000,307.712000,OK
1,7,adjacent,620,30,32,131,REV,E9,E8,E3,E4,5.672000,326.146000,OK
1,7,adjacent,620,30,32,132,FWD,E8,E9,E4,E5,21.906000,307.911000,OK
1,7,adjacent,620,30,32,133,REV,E9,E8,E4,E5,23.219000,325.787000,OK
1,7,adjacent,620,30,32,134,FWD,E8,E9,E5,E6,-3.336000,308.470000,OK
1,7,adjacent,620,30,32,135,REV,E9,E8,E5,E6,-0.062000,325.907000,OK
1,7,adjacent,620,30,32,136,FWD,E8,E9,E6,E7,-51.055000,308.989000,OK
1,7,adjacent,620,30,32,137,REV,E9,E8,E6,E7,-45.539000,325.547000,OK
1,7,adjacent,620,30,32,138,FWD,E8,E9,E10,E11,201.184000,309.069000,OK
1,7,adjacent,620,30,32,139,REV,E9,E8,E10,E11,206.680000,325.348000,OK
1,7,adjacent,620,30,32,140,FWD,E8,E9,E11,E12,13.953000,309.029000,OK
1,7,adjacent,620,30,32,141,REV,E9,E8,E11,E12,16.199000,325.508000,OK
1,7,adjacent,620,30,32,142,FWD,E8,E9,E12,E1,19.145000,309.228000,OK
1,7,adjacent,620,30,32,143,REV,E9,E8,E12,E1,21.391000,325.029000,OK
1,7,adjacent,620,30,32,144,FWD,E9,E10,E1,E2,-67.285000,456.740000,OK
1,7,adjacent,620,30,32,145,REV,E10,E9,E1,E2,-65.484000,291.712000,OK
1,7,adjacent,620,30,32,146,FWD,E9,E10,E2,E3,22.512000,470.825000,OK
1,7,adjacent,620,30,32,147,REV,E10,E9,E2,E3,24.191000,293.547000,OK
1,7,adjacent,620,30,32,148,FWD,E9,E10,E3,E4,4.590000,468.511000,OK
1,7,adjacent,620,30,32,149,REV,E10,E9,E3,E4,5.547000,295.582000,OK
1,7,adjacent,620,30,32,150,FWD,E9,E10,E4,E5,21.914000,466.276000,OK
1,7,adjacent,620,30,32,151,REV,E10,E9,E4,E5,22.961000,297.537000,OK
1,7,adjacent,620,30,32,152,FWD,E9,E10,E5,E6,-3.113000,465.837000,OK
1,7,adjacent,620,30,32,153,REV,E10,E9,E5,E6,-0.855000,299.133000,OK
1,7,adjacent,620,30,32,154,FWD,E9,E10,E6,E7,-50.676000,464.800000,OK
1,7,adjacent,620,30,32,155,REV,E10,E9,E6,E7,-47.355000,300.370000,OK
1,7,adjacent,620,30,32,156,FWD,E9,E10,E7,E8,20.320000,463.603000,OK
1,7,adjacent,620,30,32,157,REV,E10,E9,E7,E8,29.297000,301.448000,OK
1,7,adjacent,620,30,32,158,FWD,E9,E10,E11,E12,10.133000,463.124000,OK
1,7,adjacent,620,30,32,159,REV,E10,E9,E11,E12,17.367000,302.126000,OK
1,7,adjacent,620,30,32,160,FWD,E9,E10,E12,E1,18.008000,462.805000,OK
1,7,adjacent,620,30,32,161,REV,E10,E9,E12,E1,21.734000,303.044000,OK
1,7,adjacent,620,30,32,162,FWD,E10,E11,E1,E2,-67.375000,231.702000,OK
1,7,adjacent,620,30,32,163,REV,E11,E10,E1,E2,-64.391000,446.286000,OK
1,7,adjacent,620,30,32,164,FWD,E10,E11,E2,E3,22.602000,286.126000,OK
1,7,adjacent,620,30,32,165,REV,E11,E10,E2,E3,25.105000,434.037000,OK
1,7,adjacent,620,30,32,166,FWD,E10,E11,E3,E4,4.746000,292.590000,OK
1,7,adjacent,620,30,32,167,REV,E11,E10,E3,E4,5.844000,441.458000,OK
1,7,adjacent,620,30,32,168,FWD,E10,E11,E4,E5,22.270000,294.146000,OK
1,7,adjacent,620,30,32,169,REV,E11,E10,E4,E5,23.012000,433.438000,OK
1,7,adjacent,620,30,32,170,FWD,E10,E11,E5,E6,-2.012000,287.044000,OK
1,7,adjacent,620,30,32,171,REV,E11,E10,E5,E6,-0.875000,431.922000,OK
1,7,adjacent,620,30,32,172,FWD,E10,E11,E6,E7,-49.227000,295.024000,OK
1,7,adjacent,620,30,32,173,REV,E11,E10,E6,E7,-47.883000,429.009000,OK
1,7,adjacent,620,30,32,174,FWD,E10,E11,E7,E8,24.703000,295.782000,OK
1,7,adjacent,620,30,32,175,REV,E11,E10,E7,E8,27.621000,427.493000,OK
1,7,adjacent,620,30,32,176,FWD,E10,E11,E8,E9,14.840000,297.378000,OK
1,7,adjacent,620,30,32,177,REV,E11,E10,E8,E9,20.754000,426.815000,OK
1,7,adjacent,620,30,32,178,FWD,E10,E11,E12,E1,16.387000,297.458000,OK
1,7,adjacent,620,30,32,179,REV,E11,E10,E12,E1,26.805000,426.775000,OK
1,7,adjacent,620,30,32,180,FWD,E11,E12,E1,E2,-69.387000,254.086000,OK
1,7,adjacent,620,30,32,181,REV,E12,E11,E1,E2,-62.762000,328.620000,OK
1,7,adjacent,620,30,32,182,FWD,E11,E12,E2,E3,20.777000,291.792000,OK
1,7,adjacent,620,30,32,183,REV,E12,E11,E2,E3,25.824000,320.440000,OK
1,7,adjacent,620,30,32,184,FWD,E11,E12,E3,E4,4.672000,296.261000,OK
1,7,adjacent,620,30,32,185,REV,E12,E11,E3,E4,6.473000,318.325000,OK
1,7,adjacent,620,30,32,186,FWD,E11,E12,E4,E5,22.176000,296.699000,OK
1,7,adjacent,620,30,32,187,REV,E12,E11,E4,E5,23.121000,317.168000,OK
1,7,adjacent,620,30,32,188,FWD,E11,E12,E5,E6,-2.254000,298.056000,OK
1,7,adjacent,620,30,32,189,REV,E12,E11,E5,E6,-1.285000,316.849000,OK
1,7,adjacent,620,30,32,190,FWD,E11,E12,E6,E7,-48.941000,298.575000,OK
1,7,adjacent,620,30,32,191,REV,E12,E11,E6,E7,-48.059000,316.370000,OK
1,7,adjacent,620,30,32,192,FWD,E11,E12,E7,E8,25.199000,298.734000,OK
1,7,adjacent,620,30,32,193,REV,E12,E11,E7,E8,26.613000,315.971000,OK
1,7,adjacent,620,30,32,194,FWD,E11,E12,E8,E9,17.371000,299.014000,OK
1,7,adjacent,620,30,32,195,REV,E12,E11,E8,E9,19.605000,316.011000,OK
1,7,adjacent,620,30,32,196,FWD,E11,E12,E9,E10,-205.187000,299.492000,OK
1,7,adjacent,620,30,32,197,REV,E12,E11,E9,E10,-199.906000,315.572000,OK
1,7,adjacent,620,30,32,198,FWD,E12,E1,E2,E3,15.395000,273.996000,OK
1,7,adjacent,620,30,32,199,REV,E1,E12,E2,E3,31.668000,315.572000,OK
1,7,adjacent,620,30,32,200,FWD,E12,E1,E3,E4,2.852000,293.388000,OK
1,7,adjacent,620,30,32,201,REV,E1,E12,E3,E4,8.156000,310.784000,OK
1,7,adjacent,620,30,32,202,FWD,E12,E1,E4,E5,21.469000,295.901000,OK
1,7,adjacent,620,30,32,203,REV,E1,E12,E4,E5,23.695000,314.655000,OK
1,7,adjacent,620,30,32,204,FWD,E12,E1,E5,E6,-2.727000,295.622000,OK
1,7,adjacent,620,30,32,205,REV,E1,E12,E5,E6,-0.734000,312.021000,OK
1,7,adjacent,620,30,32,206,FWD,E12,E1,E6,E7,-49.043000,297.059000,OK
1,7,adjacent,620,30,32,207,REV,E1,E12,E6,E7,-47.676000,306.994000,OK
1,7,adjacent,620,30,32,208,FWD,E12,E1,E7,E8,25.004000,297.218000,OK
1,7,adjacent,620,30,32,209,REV,E1,E12,E7,E8,26.758000,308.390000,OK
1,7,adjacent,620,30,32,210,FWD,E12,E1,E8,E9,17.828000,296.979000,OK
1,7,adjacent,620,30,32,211,REV,E1,E12,E8,E9,19.926000,308.470000,OK
1,7,adjacent,620,30,32,212,FWD,E12,E1,E9,E10,-210.375000,297.777000,OK
1,7,adjacent,620,30,32,213,REV,E1,E12,E9,E10,-207.602000,308.191000,OK
1,7,adjacent,620,30,32,214,FWD,E12,E1,E10,E11,188.645000,297.657000,OK
1,7,adjacent,620,30,32,215,REV,E1,E12,E10,E11,198.402000,308.191000,OK
2,8,adjacent,620,30,32,0,FWD,E1,E2,E3,E4,1.848000,336.680000,OK
2,8,adjacent,620,30,32,1,REV,E2,E1,E3,E4,8.488000,305.877000,OK
2,8,adjacent,620,30,32,2,FWD,E1,E2,E4,E5,20.914000,350.525000,OK
2,8,adjacent,620,30,32,3,REV,E2,E1,E4,E5,23.441000,302.964000,OK
2,8,adjacent,620,30,32,4,FWD,E1,E2,E5,E6,-2.664000,352.241000,OK
2,8,adjacent,620,30,32,5,REV,E2,E1,E5,E6,-0.773000,302.764000,OK
2,8,adjacent,620,30,32,6,FWD,E1,E2,E6,E7,-48.953000,351.961000,OK
2,8,adjacent,620,30,32,7,REV,E2,E1,E6,E7,-47.762000,302.924000,OK
2,8,adjacent,620,30,32,8,FWD,E1,E2,E7,E8,25.152000,352.999000,OK
2,8,adjacent,620,30,32,9,REV,E2,E1,E7,E8,26.465000,302.565000,OK
2,8,adjacent,620,30,32,10,FWD,E1,E2,E8,E9,18.422000,352.760000,OK
2,8,adjacent,620,30,32,11,REV,E2,E1,E8,E9,19.754000,302.285000,OK
2,8,adjacent,620,30,32,12,FWD,E1,E2,E9,E10,-213.453000,352.720000,OK
2,8,adjacent,620,30,32,13,REV,E2,E1,E9,E10,-211.992000,303.443000,OK
2,8,adjacent,620,30,32,14,FWD,E1,E2,E10,E11,195.090000,352.201000,OK
2,8,adjacent,620,30,32,15,REV,E2,E1,E10,E11,198.160000,302.964000,OK
2,8,adjacent,620,30,32,16,FWD,E1,E2,E11,E12,12.324000,352.520000,OK
2,8,adjacent,620,30,32,17,REV,E2,E1,E11,E12,19.660000,303.483000,OK
2,8,adjacent,620,30,32,18,FWD,E2,E3,E4,E5,19.465000,304.480000,OK
2,8,adjacent,620,30,32,19,REV,E3,E2,E4,E5,25.207000,360.660000,OK
2,8,adjacent,620,30,32,20,FWD,E2,E3,E5,E6,-3.238000,329.737000,OK
2,8,adjacent,620,30,32,21,REV,E3,E2,E5,E6,0.223000,355.912000,OK
2,8,adjacent,620,30,32,22,FWD,E2,E3,E6,E7,-49.109000,332.211000,OK
2,8,adjacent,620,30,32,23,REV,E3,E2,E6,E7,-47.375000,354.555000,OK
2,8,adjacent,620,30,32,24,FWD,E2,E3,E7,E8,25.164000,333.168000,OK
2,8,adjacent,620,30,32,25,REV,E3,E2,E7,E8,26.738000,354.515000,OK
2,8,adjacent,620,30,32,26,FWD,E2,E3,E8,E9,18.633000,334.006000,OK
2,8,adjacent,620,30,32,27,REV,E3,E2,E8,E9,20.035000,353.677000,OK
2,8,adjacent,620,30,32,28,FWD,E2,E3,E9,E10,-215.352000,334.645000,OK
2,8,adjacent,620,30,32,29,REV,E3,E2,E9,E10,-213.930000,353.478000,OK
2,8,adjacent,620,30,32,30,FWD,E2,E3,E10,E11,197.449000,334.405000,OK
2,8,adjacent,620,30,32,31,REV,E3,E2,E10,E11,200.098000,353.797000,OK
2,8,adjacent,620,30,32,32,FWD,E2,E3,E11,E12,13.117000,334.804000,OK
2,8,adjacent,620,30,32,33,REV,E3,E2,E11,E12,18.887000,354.276000,OK
2,8,adjacent,620,30,32,34,FWD,E2,E3,E12,E1,11.230000,334.804000,OK
2,8,adjacent,620,30,32,35,REV,E3,E2,E12,E1,29.730000,353.837000,OK
2,8,adjacent,620,30,32,36,FWD,E3,E4,E1,E2,-54.730000,321.278000,OK
2,8,adjacent,620,30,32,37,REV,E4,E3,E1,E2,-54.984000,360.979000,OK
2,8,adjacent,620,30,32,38,FWD,E3,E4,E5,E6,-5.105000,349.208000,OK
2,8,adjacent,620,30,32,39,REV,E4,E3,E5,E6,1.883000,365.288000,OK
2,8,adjacent,620,30,32,40,FWD,E3,E4,E6,E7,-49.363000,351.483000,OK
2,8,adjacent,620,30,32,41,REV,E4,E3,E6,E7,-47.004000,364.251000,OK
2,8,adjacent,620,30,32,42,FWD,E3,E4,E7,E8,25.062000,351.922000,OK
2,8,adjacent,620,30,32,43,REV,E4,E3,E7,E8,26.625000,364.331000,OK
2,8,adjacent,620,30,32,44,FWD,E3,E4,E8,E9,18.906000,352.839000,OK
2,8,adjacent,620,30,32,45,REV,E4,E3,E8,E9,20.000000,364.011000,OK
2,8,adjacent,620,30,32,46,FWD,E3,E4,E9,E10,-216.492000,352.999000,OK
2,8,adjacent,620,30,32,47,REV,E4,E3,E9,E10,-215.703000,364.450000,OK
2,8,adjacent,620,30,32,48,FWD,E3,E4,E10,E11,199.621000,353.119000,OK
2,8,adjacent,620,30,32,49,REV,E4,E3,E10,E11,200.801000,363.174000,OK
2,8,adjacent,620,30,32,50,FWD,E3,E4,E11,E12,14.625000,353.398000,OK
2,8,adjacent,620,30,32,51,REV,E4,E3,E11,E12,16.832000,364.051000,OK
2,8,adjacent,620,30,32,52,FWD,E3,E4,E12,E1,17.262000,353.677000,OK
2,8,adjacent,620,30,32,53,REV,E4,E3,E12,E1,23.605000,364.251000,OK
2,8,adjacent,620,30,32,54,FWD,E4,E5,E1,E2,-67.031000,371.553000,OK
2,8,adjacent,620,30,32,55,REV,E5,E4,E1,E2,-63.988000,414.805000,OK
2,8,adjacent,620,30,32,56,FWD,E4,E5,E2,E3,20.539000,388.111000,OK
2,8,adjacent,620,30,32,57,REV,E5,E4,E2,E3,26.793000,411.413000,OK
2,8,adjacent,620,30,32,58,FWD,E4,E5,E6,E7,-51.422000,390.306000,OK
2,8,adjacent,620,30,32,59,REV,E5,E4,E6,E7,-44.777000,411.333000,OK
2,8,adjacent,620,30,32,60,FWD,E4,E5,E7,E8,24.203000,390.824000,OK
2,8,adjacent,620,30,32,61,REV,E5,E4,E7,E8,27.547000,410.854000,OK
2,8,adjacent,620,30,32,62,FWD,E4,E5,E8,E9,18.617000,390.705000,OK
2,8,adjacent,620,30,32,63,REV,E5,E4,E8,E9,20.348000,410.775000,OK
2,8,adjacent,620,30,32,64,FWD,E4,E5,E9,E10,-217.477000,390.824000,OK
2,8,adjacent,620,30,32,65,REV,E5,E4,E9,E10,-216.359000,410.017000,OK
2,8,adjacent,620,30,32,66,FWD,E4,E5,E10,E11,200.617000,392.141000,OK
2,8,adjacent,620,30,32,67,REV,E5,E4,E10,E11,201.586000,410.775000,OK
2,8,adjacent,620,30,32,68,FWD,E4,E5,E11,E12,14.941000,391.503000,OK
2,8,adjacent,620,30,32,69,REV,E5,E4,E11,E12,16.172000,409.977000,OK
2,8,adjacent,620,30,32,70,FWD,E4,E5,E12,E1,18.996000,392.101000,OK
2,8,adjacent,620,30,32,71,REV,E5,E4,E12,E1,22.098000,410.456000,OK
2,8,adjacent,620,30,32,72,FWD,E5,E6,E1,E2,-67.430000,374.066000,OK
2,8,adjacent,620,30,32,73,REV,E6,E5,E1,E2,-65.063000,403.074000,OK
2,8,adjacent,620,30,32,74,FWD,E5,E6,E2,E3,20.934000,395.413000,OK
2,8,adjacent,620,30,32,75,REV,E6,E5,E2,E3,25.051000,399.523000,OK
2,8,adjacent,620,30,32,76,FWD,E5,E6,E3,E4,2.398000,396.411000,OK
2,8,adjacent,620,30,32,77,REV,E6,E5,E3,E4,10.074000,398.605000,OK
2,8,adjacent,620,30,32,78,FWD,E5,E6,E7,E8,20.961000,397.288000,OK
2,8,adjacent,620,30,32,79,REV,E6,E5,E7,E8,30.906000,398.525000,OK
2,8,adjacent,620,30,32,80,FWD,E5,E6,E8,E9,17.477000,397.807000,OK
2,8,adjacent,620,30,32,81,REV,E6,E5,E8,E9,21.629000,398.725000,OK
2,8,adjacent,620,30,32,82,FWD,E5,E6,E9,E10,-219.016000,397.528000,OK
2,8,adjacent,620,30,32,83,REV,E6,E5,E9,E10,-216.703000,398.964000,OK
2,8,adjacent,620,30,32,84,FWD,E5,E6,E10,E11,201.359000,403.353000,OK
2,8,adjacent,620,30,32,85,REV,E6,E5,E10,E11,202.777000,398.246000,OK
2,8,adjacent,620,30,32,86,FWD,E5,E6,E11,E12,14.742000,400.081000,OK
2,8,adjacent,620,30,32,87,REV,E6,E5,E11,E12,16.055000,399.204000,OK
2,8,adjacent,620,30,32,88,FWD,E5,E6,E12,E1,19.270000,395.174000,OK
2,8,adjacent,620,30,32,89,REV,E6,E5,E12,E1,21.871000,399.363000,OK
2,8,adjacent,620,30,32,90,FWD,E6,E7,E1,E2,-67.266000,374.306000,OK
2,8,adjacent,620,30,32,91,REV,E7,E6,E1,E2,-65.926000,353.159000,OK
2,8,adjacent,620,30,32,92,FWD,E6,E7,E2,E3,22.203000,393.498000,OK
2,8,adjacent,620,30,32,93,REV,E7,E6,E2,E3,24.145000,350.445000,OK
2,8,adjacent,620,30,32,94,FWD,E6,E7,E3,E4,4.266000,394.854000,OK
2,8,adjacent,620,30,32,95,REV,E7,E6,E3,E4,6.758000,350.605000,OK
2,8,adjacent,620,30,32,96,FWD,E6,E7,E4,E5,19.070000,395.652000,OK
2,8,adjacent,620,30,32,97,REV,E7,E6,E4,E5,25.129000,350.126000,OK
2,8,adjacent,620,30,32,98,FWD,E6,E7,E8,E9,16.117000,395.613000,OK
2,8,adjacent,620,30,32,99,REV,E7,E6,E8,E9,22.648000,349.408000,OK
2,8,adjacent,620,30,32,100,FWD,E6,E7,E9,E10,-220.258000,395.812000,OK
2,8,adjacent,620,30,32,101,REV,E7,E6,E9,E10,-216.953000,349.567000,OK
2,8,adjacent,620,30,32,102,FWD,E6,E7,E10,E11,201.937000,396.411000,OK
2,8,adjacent,620,30,32,103,REV,E7,E6,E10,E11,203.492000,349.966000,OK
2,8,adjacent,620,30,32,104,FWD,E6,E7,E11,E12,14.766000,396.211000,OK
2,8,adjacent,620,30,32,105,REV,E7,E6,E11,E12,15.859000,349.288000,OK
2,8,adjacent,620,30,32,106,FWD,E6,E7,E12,E1,19.707000,396.331000,OK
2,8,adjacent,620,30,32,107,REV,E7,E6,E12,E1,21.387000,349.488000,OK
2,8,adjacent,620,30,32,108,FWD,E7,E8,E1,E2,-67.359000,299.133000,OK
2,8,adjacent,620,30,32,109,REV,E8,E7,E1,E2,-66.063000,346.176000,OK
2,8,adjacent,620,30,32,110,FWD,E7,E8,E2,E3,22.668000,316.291000,OK
2,8,adjacent,620,30,32,111,REV,E8,E7,E2,E3,24.234000,343.622000,OK
2,8,adjacent,620,30,32,112,FWD,E7,E8,E3,E4,4.855000,317.687000,OK
2,8,adjacent,620,30,32,113,REV,E8,E7,E3,E4,6.281000,342.186000,OK
2,8,adjacent,620,30,32,114,FWD,E7,E8,E4,E5,20.816000,318.086000,OK
2,8,adjacent,620,30,32,115,REV,E8,E7,E4,E5,23.527000,342.944000,OK
2,8,adjacent,620,30,32,116,FWD,E7,E8,E5,E6,-6.051000,318.804000,OK
2,8,adjacent,620,30,32,117,REV,E8,E7,E5,E6,2.219000,343.144000,OK
2,8,adjacent,620,30,32,118,FWD,E7,E8,E9,E10,-222.914000,318.286000,OK
2,8,adjacent,620,30,32,119,REV,E8,E7,E9,E10,-214.781000,342.904000,OK
2,8,adjacent,620,30,32,120,FWD,E7,E8,E10,E11,201.871000,318.924000,OK
2,8,adjacent,620,30,32,121,REV,E8,E7,E10,E11,204.828000,343.463000,OK
2,8,adjacent,620,30,32,122,FWD,E7,E8,E11,E12,14.496000,319.443000,OK
2,8,adjacent,620,30,32,123,REV,E8,E7,E11,E12,16.078000,343.503000,OK
2,8,adjacent,620,30,32,124,FWD,E7,E8,E12,E1,19.750000,318.924000,OK
2,8,adjacent,620,30,32,125,REV,E8,E7,E12,E1,21.648000,342.745000,OK
2,8,adjacent,620,30,32,126,FWD,E8,E9,E1,E2,-67.500000,284.290000,OK
2,8,adjacent,620,30,32,127,REV,E9,E8,E1,E2,-66.246000,330.854000,OK
2,8,adjacent,620,30,32,128,FWD,E8,E9,E2,E3,22.973000,306.036000,OK
2,8,adjacent,620,30,32,129,REV,E9,E8,E2,E3,24.266000,326.784000,OK
2,8,adjacent,620,30,32,130,FWD,E8,E9,E3,E4,5.047000,306.914000,OK
2,8,adjacent,620,30,32,131,REV,E9,E8,E3,E4,5.922000,325.907000,OK
2,8,adjacent,620,30,32,132,FWD,E8,E9,E4,E5,21.602000,307.313000,OK
2,8,adjacent,620,30,32,133,REV,E9,E8,E4,E5,22.918000,325.348000,OK
2,8,adjacent,620,30,32,134,FWD,E8,E9,E5,E6,-3.762000,308.191000,OK
2,8,adjacent,620,30,32,135,REV,E9,E8,E5,E6,-0.461000,325.268000,OK
2,8,adjacent,620,30,32,136,FWD,E8,E9,E6,E7,-50.320000,308.670000,OK
2,8,adjacent,620,30,32,137,REV,E9,E8,E6,E7,-44.813000,324.909000,OK
2,8,adjacent,620,30,32,138,FWD,E8,E9,E10,E11,201.066000,309.069000,OK
2,8,adjacent,620,30,32,139,REV,E9,E8,E10,E11,206.594000,324.510000,OK
2,8,adjacent,620,30,32,140,FWD,E8,E9,E11,E12,14.113000,309.547000,OK
2,8,adjacent,620,30,32,141,REV,E9,E8,E11,E12,16.352000,324.390000,OK
2,8,adjacent,620,30,32,142,FWD,E8,E9,E12,E1,19.566000,309.228000,OK
2,8,adjacent,620,30,32,143,REV,E9,E8,E12,E1,21.809000,324.271000,OK
2,8,adjacent,620,30,32,144,FWD,E9,E10,E1,E2,-68.195000,455.583000,OK
2,8,adjacent,620,30,32,145,REV,E10,E9,E1,E2,-66.414000,291.193000,OK
2,8,adjacent,620,30,32,146,FWD,E9,E10,E2,E3,22.734000,469.588000,OK
2,8,adjacent,620,30,32,147,REV,E10,E9,E2,E3,24.410000,293.348000,OK
2,8,adjacent,620,30,32,148,FWD,E9,E10,E3,E4,4.781000,467.633000,OK
2,8,adjacent,620,30,32,149,REV,E10,E9,E3,E4,5.727000,295.662000,OK
2,8,adjacent,620,30,32,150,FWD,E9,E10,E4,E5,21.582000,465.678000,OK
2,8,adjacent,620,30,32,151,REV,E10,E9,E4,E5,22.645000,298.096000,OK
2,8,adjacent,620,30,32,152,FWD,E9,E10,E5,E6,-3.457000,464.680000,OK
2,8,adjacent,620,30,32,153,REV,E10,E9,E5,E6,-1.215000,299.532000,OK
2,8,adjacent,620,30,32,154,FWD,E9,E10,E6,E7,-49.906000,463.483000,OK
2,8,adjacent,620,30,32,155,REV,E10,E9,E6,E7,-46.582000,300.490000,OK
2,8,adjacent,620,30,32,156,FWD,E9,E10,E7,E8,20.102000,462.925000,OK
2,8,adjacent,620,30,32,157,REV,E10,E9,E7,E8,28.996000,301.168000,OK
2,8,adjacent,620,30,32,158,FWD,E9,E10,E11,E12,10.363000,462.286000,OK
2,8,adjacent,620,30,32,159,REV,E10,E9,E11,E12,17.594000,301.926000,OK
2,8,adjacent,620,30,32,160,FWD,E9,E10,E12,E1,18.332000,461.129000,OK
2,8,adjacent,620,30,32,161,REV,E10,E9,E12,E1,22.035000,302.485000,OK
2,8,adjacent,620,30,32,162,FWD,E10,E11,E1,E2,-68.148000,231.662000,OK
2,8,adjacent,620,30,32,163,REV,E11,E10,E1,E2,-65.180000,445.807000,OK
2,8,adjacent,620,30,32,164,FWD,E10,E11,E2,E3,22.836000,285.847000,OK
2,8,adjacent,620,30,32,165,REV,E11,E10,E2,E3,25.336000,433.558000,OK
2,8,adjacent,620,30,32,166,FWD,E10,E11,E3,E4,5.000000,292.709000,OK
2,8,adjacent,620,30,32,167,REV,E11,E10,E3,E4,6.078000,430.685000,OK
2,8,adjacent,620,30,32,168,FWD,E10,E11,E4,E5,21.996000,295.143000,OK
2,8,adjacent,620,30,32,169,REV,E11,E10,E4,E5,22.742000,428.251000,OK
2,8,adjacent,620,30,32,170,FWD,E10,E11,E5,E6,-2.750000,296.500000,OK
2,8,adjacent,620,30,32,171,REV,E11,E10,E5,E6,-1.621000,427.293000,OK
2,8,adjacent,620,30,32,172,FWD,E10,E11,E6,E7,-48.230000,296.899000,OK
2,8,adjacent,620,30,32,173,REV,E11,E10,E6,E7,-46.883000,427.214000,OK
2,8,adjacent,620,30,32,174,FWD,E10,E11,E7,E8,24.363000,298.016000,OK
2,8,adjacent,620,30,32,175,REV,E11,E10,E7,E8,27.230000,426.176000,OK
2,8,adjacent,620,30,32,176,FWD,E10,E11,E8,E9,14.859000,298.056000,OK
2,8,adjacent,620,30,32,177,REV,E11,E10,E8,E9,20.770000,425.697000,OK
2,8,adjacent,620,30,32,178,FWD,E10,E11,E12,E1,16.648000,299.093000,OK
2,8,adjacent,620,30,32,179,REV,E11,E10,E12,E1,27.031000,425.897000,OK
2,8,adjacent,620,30,32,180,FWD,E11,E12,E1,E2,-70.160000,253.647000,OK
2,8,adjacent,620,30,32,181,REV,E12,E11,E1,E2,-63.539000,329.258000,OK
2,8,adjacent,620,30,32,182,FWD,E11,E12,E2,E3,21.402000,291.393000,OK
2,8,adjacent,620,30,32,183,REV,E12,E11,E2,E3,26.484000,320.839000,OK
2,8,adjacent,620,30,32,184,FWD,E11,E12,E3,E4,4.527000,295.183000,OK
2,8,adjacent,620,30,32,185,REV,E12,E11,E3,E4,6.352000,318.325000,OK
2,8,adjacent,620,30,32,186,FWD,E11,E12,E4,E5,21.863000,296.819000,OK
2,8,adjacent,620,30,32,187,REV,E12,E11,E4,E5,22.770000,317.607000,OK
2,8,adjacent,620,30,32,188,FWD,E11,E12,E5,E6,-2.688000,297.857000,OK
2,8,adjacent,620,30,32,189,REV,E12,E11,E5,E6,-1.727000,316.769000,OK
2,8,adjacent,620,30,32,190,FWD,E11,E12,E6,E7,-48.105000,298.256000,OK
2,8,adjacent,620,30,32,191,REV,E12,E11,E6,E7,-47.242000,316.291000,OK
2,8,adjacent,620,30,32,192,FWD,E11,E12,E7,E8,24.750000,298.934000,OK
2,8,adjacent,620,30,32,193,REV,E12,E11,E7,E8,26.164000,316.011000,OK
2,8,adjacent,620,30,32,194,FWD,E11,E12,E8,E9,17.211000,298.934000,OK
2,8,adjacent,620,30,32,195,REV,E12,E11,E8,E9,19.418000,315.812000,OK
2,8,adjacent,620,30,32,196,FWD,E11,E12,E9,E10,-203.676000,306.635000,OK
2,8,adjacent,620,30,32,197,REV,E12,E11,E9,E10,-198.387000,315.532000,OK
2,8,adjacent,620,30,32,198,FWD,E12,E1,E2,E3,15.980000,275.951000,OK
2,8,adjacent,620,30,32,199,REV,E1,E12,E2,E3,32.473000,316.610000,OK
2,8,adjacent,620,30,32,200,FWD,E12,E1,E3,E4,2.797000,289.757000,OK
2,8,adjacent,620,30,32,201,REV,E1,E12,E3,E4,8.066000,311.662000,OK
2,8,adjacent,620,30,32,202,FWD,E12,E1,E4,E5,21.219000,294.784000,OK
2,8,adjacent,620,30,32,203,REV,E1,E12,E4,E5,23.504000,310.385000,OK
2,8,adjacent,620,30,32,204,FWD,E12,E1,E5,E6,-3.227000,296.620000,OK
2,8,adjacent,620,30,32,205,REV,E1,E12,E5,E6,-1.266000,309.468000,OK
2,8,adjacent,620,30,32,206,FWD,E12,E1,E6,E7,-48.348000,295.901000,OK
2,8,adjacent,620,30,32,207,REV,E1,E12,E6,E7,-47.000000,309.428000,OK
2,8,adjacent,620,30,32,208,FWD,E12,E1,E7,E8,24.629000,296.540000,OK
2,8,adjacent,620,30,32,209,REV,E1,E12,E7,E8,26.379000,309.707000,OK
2,8,adjacent,620,30,32,210,FWD,E12,E1,E8,E9,17.687000,297.019000,OK
2,8,adjacent,620,30,32,211,REV,E1,E12,E8,E9,19.844000,309.069000,OK
2,8,adjacent,620,30,32,212,FWD,E12,E1,E9,E10,-209.484000,296.899000,OK
2,8,adjacent,620,30,32,213,REV,E1,E12,E9,E10,-206.680000,308.550000,OK
2,8,adjacent,620,30,32,214,FWD,E12,E1,E10,E11,187.723000,297.298000,OK
2,8,adjacent,620,30,32,215,REV,E1,E12,E10,E11,197.465000,308.470000,OK
3,9,adjacent,620,30,32,0,FWD,E1,E2,E3,E4,1.758000,333.368000,OK
3,9,adjacent,620,30,32,1,REV,E2,E1,E3,E4,8.336000,306.515000,OK
3,9,adjacent,620,30,32,2,FWD,E1,E2,E4,E5,20.977000,349.767000,OK
3,9,adjacent,620,30,32,3,REV,E2,E1,E4,E5,23.516000,303.443000,OK
3,9,adjacent,620,30,32,4,FWD,E1,E2,E5,E6,-3.430000,351.762000,OK
3,9,adjacent,620,30,32,5,REV,E2,E1,E5,E6,-1.473000,302.525000,OK
3,9,adjacent,620,30,32,6,FWD,E1,E2,E6,E7,-48.262000,352.520000,OK
3,9,adjacent,620,30,32,7,REV,E2,E1,E6,E7,-47.105000,301.926000,OK
3,9,adjacent,620,30,32,8,FWD,E1,E2,E7,E8,24.871000,352.520000,OK
3,9,adjacent,620,30,32,9,REV,E2,E1,E7,E8,26.133000,301.926000,OK
3,9,adjacent,620,30,32,10,FWD,E1,E2,E8,E9,18.195000,352.241000,OK
3,9,adjacent,620,30,32,11,REV,E2,E1,E8,E9,19.551000,302.365000,OK
3,9,adjacent,620,30,32,12,FWD,E1,E2,E9,E10,-212.445000,352.201000,OK
3,9,adjacent,620,30,32,13,REV,E2,E1,E9,E10,-210.953000,302.645000,OK
3,9,adjacent,620,30,32,14,FWD,E1,E2,E10,E11,194.246000,352.361000,OK
3,9,adjacent,620,30,32,15,REV,E2,E1,E10,E11,197.375000,302.645000,OK
3,9,adjacent,620,30,32,16,FWD,E1,E2,E11,E12,12.766000,352.281000,OK
3,9,adjacent,620,30,32,17,REV,E2,E1,E11,E12,20.051000,303.044000,OK
3,9,adjacent,620,30,32,18,FWD,E2,E3,E4,E5,19.930000,304.121000,OK
3,9,adjacent,620,30,32,19,REV,E3,E2,E4,E5,25.566000,361.578000,OK
3,9,adjacent,620,30,32,20,FWD,E2,E3,E5,E6,-3.844000,329.458000,OK
3,9,adjacent,620,30,32,21,REV,E3,E2,E5,E6,-0.375000,355.912000,OK
3,9,adjacent,620,30,32,22,FWD,E2,E3,E6,E7,-48.543000,331.652000,OK
3,9,adjacent,620,30,32,23,REV,E3,E2,E6,E7,-46.762000,354.914000,OK
3,9,adjacent,620,30,32,24,FWD,E2,E3,E7,E8,24.836000,332.889000,OK
3,9,adjacent,620,30,32,25,REV,E3,E2,E7,E8,26.406000,354.794000,OK
3,9,adjacent,620,30,32,26,FWD,E2,E3,E8,E9,18.375000,333.567000,OK
3,9,adjacent,620,30,32,27,REV,E3,E2,E8,E9,19.773000,353.996000,OK
3,9,adjacent,620,30,32,28,FWD,E2,E3,E9,E10,-214.461000,333.727000,OK
3,9,adjacent,620,30,32,29,REV,E3,E2,E9,E10,-212.992000,354.156000,OK
3,9,adjacent,620,30,32,30,FWD,E2,E3,E10,E11,196.773000,333.607000,OK
3,9,adjacent,620,30,32,31,REV,E3,E2,E10,E11,199.441000,353.797000,OK
3,9,adjacent,620,30,32,32,FWD,E2,E3,E11,E12,13.492000,333.966000,OK
3,9,adjacent,620,30,32,33,REV,E3,E2,E11,E12,19.246000,353.957000,OK
3,9,adjacent,620,30,32,34,FWD,E2,E3,E12,E1,11.215000,334.006000,OK
3,9,adjacent,620,30,32,35,REV,E3,E2,E12,E1,29.633000,353.917000,OK
3,9,adjacent,620,30,32,36,FWD,E3,E4,E1,E2,-55.512000,325.348000,OK
3,9,adjacent,620,30,32,37,REV,E4,E3,E1,E2,-55.688000,366.645000,OK
3,9,adjacent,620,30,32,38,FWD,E3,E4,E5,E6,-5.684000,348.171000,OK
3,9,adjacent,620,30,32,39,REV,E4,E3,E5,E6,1.328000,363.333000,OK
3,9,adjacent,620,30,32,40,FWD,E3,E4,E6,E7,-48.664000,349.847000,OK
3,9,adjacent,620,30,32,41,REV,E4,E3,E6,E7,-46.281000,361.617000,OK
3,9,adjacent,620,30,32,42,FWD,E3,E4,E7,E8,24.793000,350.725000,OK
3,9,adjacent,620,30,32,43,REV,E4,E3,E7,E8,26.359000,361.059000,OK
3,9,adjacent,620,30,32,44,FWD,E3,E4,E8,E9,18.730000,351.403000,OK
3,9,adjacent,620,30,32,45,REV,E4,E3,E8,E9,19.750000,361.578000,OK
3,9,adjacent,620,30,32,46,FWD,E3,E4,E9,E10,-215.758000,351.523000,OK
3,9,adjacent,620,30,32,47,REV,E4,E3,E9,E10,-214.914000,361.139000,OK
3,9,adjacent,620,30,32,48,FWD,E3,E4,E10,E11,199.223000,351.443000,OK
3,9,adjacent,620,30,32,49,REV,E4,E3,E10,E11,200.430000,361.139000,OK
3,9,adjacent,620,30,32,50,FWD,E3,E4,E11,E12,14.848000,351.084000,OK
3,9,adjacent,620,30,32,51,REV,E4,E3,E11,E12,17.008000,361.538000,OK
3,9,adjacent,620,30,32,52,FWD,E3,E4,E12,E1,17.242000,351.203000,OK
3,9,adjacent,620,30,32,53,REV,E4,E3,E12,E1,23.516000,361.218000,OK
3,9,adjacent,620,30,32,54,FWD,E4,E5,E1,E2,-67.508000,368.480000,OK
3,9,adjacent,620,30,32,55,REV,E5,E4,E1,E2,-64.449000,411.493000,OK
3,9,adjacent,620,30,32,56,FWD,E4,E5,E2,E3,20.973000,385.518000,OK
3,9,adjacent,620,30,32,57,REV,E5,E4,E2,E3,27.141000,408.660000,OK
3,9,adjacent,620,30,32,58,FWD,E4,E5,E6,E7,-50.766000,387.233000,OK
3,9,adjacent,620,30,32,59,REV,E5,E4,E6,E7,-44.172000,407.543000,OK
3,9,adjacent,620,30,32,60,FWD,E4,E5,E7,E8,23.902000,387.593000,OK
3,9,adjacent,620,30,32,61,REV,E5,E4,E7,E8,27.219000,407.343000,OK
3,9,adjacent,620,30,32,62,FWD,E4,E5,E8,E9,18.559000,387.832000,OK
3,9,adjacent,620,30,32,63,REV,E5,E4,E8,E9,20.246000,406.944000,OK
3,9,adjacent,620,30,32,64,FWD,E4,E5,E9,E10,-216.992000,388.351000,OK
3,9,adjacent,620,30,32,65,REV,E5,E4,E9,E10,-215.844000,407.902000,OK
3,9,adjacent,620,30,32,66,FWD,E4,E5,E10,E11,200.395000,388.470000,OK
3,9,adjacent,620,30,32,67,REV,E5,E4,E10,E11,201.371000,407.862000,OK
3,9,adjacent,620,30,32,68,FWD,E4,E5,E11,E12,15.184000,387.672000,OK
3,9,adjacent,620,30,32,69,REV,E5,E4,E11,E12,16.387000,407.623000,OK
3,9,adjacent,620,30,32,70,FWD,E4,E5,E12,E1,18.914000,388.510000,OK
3,9,adjacent,620,30,32,71,REV,E5,E4,E12,E1,21.961000,407.583000,OK
3,9,adjacent,620,30,32,72,FWD,E5,E6,E1,E2,-67.527000,374.106000,OK
3,9,adjacent,620,30,32,73,REV,E6,E5,E1,E2,-65.152000,403.393000,OK
3,9,adjacent,620,30,32,74,FWD,E5,E6,E2,E3,20.883000,394.894000,OK
3,9,adjacent,620,30,32,75,REV,E6,E5,E2,E3,24.926000,399.204000,OK
3,9,adjacent,620,30,32,76,FWD,E5,E6,E3,E4,2.164000,396.849000,OK
3,9,adjacent,620,30,32,77,REV,E6,E5,E3,E4,9.840000,398.805000,OK
3,9,adjacent,620,30,32,78,FWD,E5,E6,E7,E8,20.504000,397.408000,OK
3,9,adjacent,620,30,32,79,REV,E6,E5,E7,E8,30.398000,398.445000,OK
3,9,adjacent,620,30,32,80,FWD,E5,E6,E8,E9,17.410000,397.408000,OK
3,9,adjacent,620,30,32,81,REV,E6,E5,E8,E9,21.527000,397.847000,OK
3,9,adjacent,620,30,32,82,FWD,E5,E6,E9,E10,-218.469000,397.927000,OK
3,9,adjacent,620,30,32,83,REV,E6,E5,E9,E10,-216.008000,398.166000,OK
3,9,adjacent,620,30,32,84,FWD,E5,E6,E10,E11,201.094000,398.485000,OK
3,9,adjacent,620,30,32,85,REV,E6,E5,E10,E11,202.473000,398.086000,OK
3,9,adjacent,620,30,32,86,FWD,E5,E6,E11,E12,14.926000,398.246000,OK
3,9,adjacent,620,30,32,87,REV,E6,E5,E11,E12,16.207000,397.967000,OK
3,9,adjacent,620,30,32,88,FWD,E5,E6,E12,E1,19.219000,398.046000,OK
3,9,adjacent,620,30,32,89,REV,E6,E5,E12,E1,21.793000,398.046000,OK
3,9,adjacent,620,30,32,90,FWD,E6,E7,E1,E2,-67.488000,373.189000,OK
3,9,adjacent,620,30,32,91,REV,E7,E6,E1,E2,-66.164000,354.316000,OK
3,9,adjacent,620,30,32,92,FWD,E6,E7,E2,E3,22.152000,393.578000,OK
3,9,adjacent,620,30,32,93,REV,E7,E6,E2,E3,24.023000,350.924000,OK
3,9,adjacent,620,30,32,94,FWD,E6,E7,E3,E4,4.133000,394.695000,OK
3,9,adjacent,620,30,32,95,REV,E7,E6,E3,E4,6.551000,350.286000,OK
3,9,adjacent,620,30,32,96,FWD,E6,E7,E4,E5,19.379000,395.174000,OK
3,9,adjacent,620,30,32,97,REV,E7,E6,E4,E5,25.430000,349.847000,OK
3,9,adjacent,620,30,32,98,FWD,E6,E7,E8,E9,16.078000,396.051000,OK
3,9,adjacent,620,30,32,99,REV,E7,E6,E8,E9,22.594000,350.206000,OK
3,9,adjacent,620,30,32,100,FWD,E6,E7,E9,E10,-219.664000,395.453000,OK
3,9,adjacent,620,30,32,101,REV,E7,E6,E9,E10,-216.266000,349.767000,OK
3,9,adjacent,620,30,32,102,FWD,E6,E7,E10,E11,201.582000,395.413000,OK
3,9,adjacent,620,30,32,103,REV,E7,E6,E10,E11,203.148000,350.126000,OK
3,9,adjacent,620,30,32,104,FWD,E6,E7,E11,E12,14.859000,395.732000,OK
3,9,adjacent,620,30,32,105,REV,E7,E6,E11,E12,15.949000,350.725000,OK
3,9,adjacent,620,30,32,106,FWD,E6,E7,E12,E1,19.629000,395.573000,OK
3,9,adjacent,620,30,32,107,REV,E7,E6,E12,E1,21.340000,350.126000,OK
3,9,adjacent,620,30,32,108,FWD,E7,E8,E1,E2,-67.566000,298.136000,OK
3,9,adjacent,620,30,32,109,REV,E8,E7,E1,E2,-66.297000,345.777000,OK
3,9,adjacent,620,30,32,110,FWD,E7,E8,E2,E3,22.516000,315.772000,OK
3,9,adjacent,620,30,32,111,REV,E8,E7,E2,E3,24.047000,343.782000,OK
3,9,adjacent,620,30,32,112,FWD,E7,E8,E3,E4,4.645000,322.196000,OK
3,9,adjacent,620,30,32,113,REV,E8,E7,E3,E4,6.109000,343.383000,OK
3,9,adjacent,620,30,32,114,FWD,E7,E8,E4,E5,21.266000,320.081000,OK
3,9,adjacent,620,30,32,115,REV,E8,E7,E4,E5,24.008000,344.061000,OK
3,9,adjacent,620,30,32,116,FWD,E7,E8,E5,E6,-6.410000,316.570000,OK
3,9,adjacent,620,30,32,117,REV,E8,E7,E5,E6,1.824000,343.862000,OK
3,9,adjacent,620,30,32,118,FWD,E7,E8,E9,E10,-222.227000,318.605000,OK
3,9,adjacent,620,30,32,119,REV,E8,E7,E9,E10,-214.047000,343.343000,OK
3,9,adjacent,620,30,32,120,FWD,E7,E8,E10,E11,201.621000,319.004000,OK
3,9,adjacent,620,30,32,121,REV,E8,E7,E10,E11,204.555000,343.263000,OK
3,9,adjacent,620,30,32,122,FWD,E7,E8,E11,E12,14.578000,319.363000,OK
3,9,adjacent,620,30,32,123,REV,E8,E7,E11,E12,16.141000,343.862000,OK
3,9,adjacent,620,30,32,124,FWD,E7,E8,E12,E1,19.648000,319.642000,OK
3,9,adjacent,620,30,32,125,REV,E8,E7,E12,E1,21.582000,343.822000,OK
3,9,adjacent,620,30,32,126,FWD,E8,E9,E1,E2,-67.629000,285.128000,OK
3,9,adjacent,620,30,32,127,REV,E9,E8,E1,E2,-66.410000,330.216000,OK
3,9,adjacent,620,30,32,128,FWD,E8,E9,E2,E3,22.691000,305.358000,OK
3,9,adjacent,620,30,32,129,REV,E9,E8,E2,E3,23.992000,326.385000,OK
3,9,adjacent,620,30,32,130,FWD,E8,E9,E3,E4,4.898000,307.034000,OK
3,9,adjacent,620,30,32,131,REV,E9,E8,E3,E4,5.789000,325.069000,OK
3,9,adjacent,620,30,32,132,FWD,E8,E9,E4,E5,21.980000,307.313000,OK
3,9,adjacent,620,30,32,133,REV,E9,E8,E4,E5,23.289000,325.228000,OK
3,9,adjacent,620,30,32,134,FWD,E8,E9,E5,E6,-4.086000,307.911000,OK
3,9,adjacent,620,30,32,135,REV,E9,E8,E5,E6,-0.801000,324.909000,OK
3,9,adjacent,620,30,32,136,FWD,E8,E9,E6,E7,-49.652000,308.989000,OK
3,9,adjacent,620,30,32,137,REV,E9,E8,E6,E7,-44.160000,324.510000,OK
3,9,adjacent,620,30,32,138,FWD,E8,E9,E10,E11,200.852000,308.869000,OK
3,9,adjacent,620,30,32,139,REV,E9,E8,E10,E11,206.391000,324.350000,OK
3,9,adjacent,620,30,32,140,FWD,E8,E9,E11,E12,14.023000,308.789000,OK
3,9,adjacent,620,30,32,141,REV,E9,E8,E11,E12,16.285000,323.991000,OK
3,9,adjacent,620,30,32,142,FWD,E8,E9,E12,E1,19.477000,309.388000,OK
3,9,adjacent,620,30,32,143,REV,E9,E8,E12,E1,21.719000,324.031000,OK
3,9,adjacent,620,30,32,144,FWD,E9,E10,E1,E2,-68.285000,454.905000,OK
3,9,adjacent,620,30,32,145,REV,E10,E9,E1,E2,-66.547000,290.914000,OK
3,9,adjacent,620,30,32,146,FWD,E9,E10,E2,E3,22.352000,468.511000,OK
3,9,adjacent,620,30,32,147,REV,E10,E9,E2,E3,24.008000,293.507000,OK
3,9,adjacent,620,30,32,148,FWD,E9,E10,E3,E4,4.750000,467.074000,OK
3,9,adjacent,620,30,32,149,REV,E10,E9,E3,E4,5.680000,296.540000,OK
3,9,adjacent,620,30,32,150,FWD,E9,E10,E4,E5,22.082000,465.478000,OK
3,9,adjacent,620,30,32,151,REV,E10,E9,E4,E5,23.113000,297.857000,OK
3,9,adjacent,620,30,32,152,FWD,E9,E10,E5,E6,-3.910000,463.403000,OK
3,9,adjacent,620,30,32,153,REV,E10,E9,E5,E6,-1.633000,299.492000,OK
3,9,adjacent,620,30,32,154,FWD,E9,E10,E6,E7,-49.289000,462.605000,OK
3,9,adjacent,620,30,32,155,REV,E10,E9,E6,E7,-45.992000,299.891000,OK
3,9,adjacent,620,30,32,156,FWD,E9,E10,E7,E8,20.008000,462.007000,OK
3,9,adjacent,620,30,32,157,REV,E10,E9,E7,E8,28.945000,301.208000,OK
3,9,adjacent,620,30,32,158,FWD,E9,E10,E11,E12,10.316000,461.049000,OK
3,9,adjacent,620,30,32,159,REV,E10,E9,E11,E12,17.500000,301.448000,OK
3,9,adjacent,620,30,32,160,FWD,E9,E10,E12,E1,18.219000,460.411000,OK
3,9,adjacent,620,30,32,161,REV,E10,E9,E12,E1,21.930000,302.684000,OK
3,9,adjacent,620,30,32,162,FWD,E10,E11,E1,E2,-68.305000,232.659000,OK
3,9,adjacent,620,30,32,163,REV,E11,E10,E1,E2,-65.367000,446.685000,OK
3,9,adjacent,620,30,32,164,FWD,E10,E11,E2,E3,22.480000,286.405000,OK
3,9,adjacent,620,30,32,165,REV,E11,E10,E2,E3,24.941000,433.558000,OK
3,9,adjacent,620,30,32,166,FWD,E10,E11,E3,E4,4.895000,292.510000,OK
3,9,adjacent,620,30,32,167,REV,E11,E10,E3,E4,5.957000,429.887000,OK
3,9,adjacent,620,30,32,168,FWD,E10,E11,E4,E5,22.457000,294.704000,OK
3,9,adjacent,620,30,32,169,REV,E11,E10,E4,E5,23.223000,428.690000,OK
3,9,adjacent,620,30,32,170,FWD,E10,E11,E5,E6,-2.918000,296.300000,OK
3,9,adjacent,620,30,32,171,REV,E11,E10,E5,E6,-1.781000,426.974000,OK
3,9,adjacent,620,30,32,172,FWD,E10,E11,E6,E7,-47.852000,297.338000,OK
3,9,adjacent,620,30,32,173,REV,E11,E10,E6,E7,-46.492000,426.934000,OK
3,9,adjacent,620,30,32,174,FWD,E10,E11,E7,E8,24.301000,297.697000,OK
3,9,adjacent,620,30,32,175,REV,E11,E10,E7,E8,27.164000,427.373000,OK
3,9,adjacent,620,30,32,176,FWD,E10,E11,E8,E9,14.477000,298.495000,OK
3,9,adjacent,620,30,32,177,REV,E11,E10,E8,E9,20.359000,426.136000,OK
3,9,adjacent,620,30,32,178,FWD,E10,E11,E12,E1,15.559000,298.774000,OK
3,9,adjacent,620,30,32,179,REV,E11,E10,E12,E1,25.906000,425.378000,OK
3,9,adjacent,620,30,32,180,FWD,E11,E12,E1,E2,-69.297000,253.607000,OK
3,9,adjacent,620,30,32,181,REV,E12,E11,E1,E2,-62.633000,329.138000,OK
3,9,adjacent,620,30,32,182,FWD,E11,E12,E2,E3,21.211000,292.310000,OK
3,9,adjacent,620,30,32,183,REV,E12,E11,E2,E3,26.301000,319.921000,OK
3,9,adjacent,620,30,32,184,FWD,E11,E12,E3,E4,4.344000,295.822000,OK
3,9,adjacent,620,30,32,185,REV,E12,E11,E3,E4,6.121000,318.365000,OK
3,9,adjacent,620,30,32,186,FWD,E11,E12,E4,E5,22.391000,297.138000,OK
3,9,adjacent,620,30,32,187,REV,E12,E11,E4,E5,23.309000,317.168000,OK
3,9,adjacent,620,30,32,188,FWD,E11,E12,E5,E6,-2.957000,298.176000,OK
3,9,adjacent,620,30,32,189,REV,E12,E11,E5,E6,-1.918000,316.650000,OK
3,9,adjacent,620,30,32,190,FWD,E11,E12,E6,E7,-47.738000,298.375000,OK
3,9,adjacent,620,30,32,191,REV,E12,E11,E6,E7,-46.875000,316.370000,OK
3,9,adjacent,620,30,32,192,FWD,E11,E12,E7,E8,24.664000,298.335000,OK
3,9,adjacent,620,30,32,193,REV,E12,E11,E7,E8,26.086000,315.812000,OK
3,9,adjacent,620,30,32,194,FWD,E11,E12,E8,E9,16.945000,299.014000,OK
3,9,adjacent,620,30,32,195,REV,E12,E11,E8,E9,19.121000,315.413000,OK
3,9,adjacent,620,30,32,196,FWD,E11,E12,E9,E10,-203.051000,299.213000,OK
3,9,adjacent,620,30,32,197,REV,E12,E11,E9,E10,-197.617000,315.532000,OK
3,9,adjacent,620,30,32,198,FWD,E12,E1,E2,E3,15.930000,274.196000,OK
3,9,adjacent,620,30,32,199,REV,E1,E12,E2,E3,32.422000,318.844000,OK
3,9,adjacent,620,30,32,200,FWD,E12,E1,E3,E4,2.473000,292.310000,OK
3,9,adjacent,620,30,32,201,REV,E1,E12,E3,E4,7.801000,312.979000,OK
3,9,adjacent,620,30,32,202,FWD,E12,E1,E4,E5,21.656000,295.183000,OK
3,9,adjacent,620,30,32,203,REV,E1,E12,E4,E5,23.969000,306.714000,OK
3,9,adjacent,620,30,32,204,FWD,E12,E1,E5,E6,-3.391000,296.580000,OK
3,9,adjacent,620,30,32,205,REV,E1,E12,E5,E6,-1.422000,308.749000,OK
3,9,adjacent,620,30,32,206,FWD,E12,E1,E6,E7,-48.004000,297.338000,OK
3,9,adjacent,620,30,32,207,REV,E1,E12,E6,E7,-46.637000,308.470000,OK
3,9,adjacent,620,30,32,208,FWD,E12,E1,E7,E8,24.516000,297.657000,OK
3,9,adjacent,620,30,32,209,REV,E1,E12,E7,E8,26.246000,308.271000,OK
3,9,adjacent,620,30,32,210,FWD,E12,E1,E8,E9,17.352000,297.378000,OK
3,9,adjacent,620,30,32,211,REV,E1,E12,E8,E9,19.508000,308.031000,OK
3,9,adjacent,620,30,32,212,FWD,E12,E1,E9,E10,-208.125000,297.737000,OK
3,9,adjacent,620,30,32,213,REV,E1,E12,E9,E10,-205.336000,308.271000,OK
3,9,adjacent,620,30,32,214,FWD,E12,E1,E10,E11,186.977000,298.216000,OK
3,9,adjacent,620,30,32,215,REV,E1,E12,E10,E11,196.691000,308.151000,OK
4,10,adjacent,620,30,32,0,FWD,E1,E2,E3,E4,1.559000,334.525000,OK
4,10,adjacent,620,30,32,1,REV,E2,E1,E3,E4,8.082000,306.555000,OK
4,10,adjacent,620,30,32,2,FWD,E1,E2,E4,E5,21.488000,349.248000,OK
4,10,adjacent,620,30,32,3,REV,E2,E1,E4,E5,23.996000,302.724000,OK
4,10,adjacent,620,30,32,4,FWD,E1,E2,E5,E6,-3.535000,350.645000,OK
4,10,adjacent,620,30,32,5,REV,E2,E1,E5,E6,-1.621000,303.522000,OK
4,10,adjacent,620,30,32,6,FWD,E1,E2,E6,E7,-48.004000,351.323000,OK
4,10,adjacent,620,30,32,7,REV,E2,E1,E6,E7,-46.863000,303.163000,OK
4,10,adjacent,620,30,32,8,FWD,E1,E2,E7,E8,24.652000,351.682000,OK
4,10,adjacent,620,30,32,9,REV,E2,E1,E7,E8,25.914000,302.724000,OK
4,10,adjacent,620,30,32,10,FWD,E1,E2,E8,E9,17.984000,351.722000,OK
4,10,adjacent,620,30,32,11,REV,E2,E1,E8,E9,19.285000,303.004000,OK
4,10,adjacent,620,30,32,12,FWD,E1,E2,E9,E10,-211.227000,352.121000,OK
4,10,adjacent,620,30,32,13,REV,E2,E1,E9,E10,-209.789000,302.964000,OK
4,10,adjacent,620,30,32,14,FWD,E1,E2,E10,E11,193.523000,352.161000,OK
4,10,adjacent,620,30,32,15,REV,E2,E1,E10,E11,196.641000,302.485000,OK
4,10,adjacent,620,30,32,16,FWD,E1,E2,E11,E12,12.668000,352.001000,OK
4,10,adjacent,620,30,32,17,REV,E2,E1,E11,E12,20.090000,307.672000,OK
4,10,adjacent,620,30,32,18,FWD,E2,E3,E4,E5,20.102000,308.630000,OK
4,10,adjacent,620,30,32,19,REV,E3,E2,E4,E5,25.887000,360.859000,OK
4,10,adjacent,620,30,32,20,FWD,E2,E3,E5,E6,-3.965000,325.308000,OK
4,10,adjacent,620,30,32,21,REV,E3,E2,E5,E6,-0.535000,355.952000,OK
4,10,adjacent,620,30,32,22,FWD,E2,E3,E6,E7,-48.281000,331.054000,OK
4,10,adjacent,620,30,32,23,REV,E3,E2,E6,E7,-46.590000,354.236000,OK
4,10,adjacent,620,30,32,24,FWD,E2,E3,E7,E8,24.633000,333.009000,OK
4,10,adjacent,620,30,32,25,REV,E3,E2,E7,E8,26.180000,353.637000,OK
4,10,adjacent,620,30,32,26,FWD,E2,E3,E8,E9,18.141000,332.809000,OK
4,10,adjacent,620,30,32,27,REV,E3,E2,E8,E9,19.551000,353.637000,OK
4,10,adjacent,620,30,32,28,FWD,E2,E3,E9,E10,-213.625000,333.448000,OK
4,10,adjacent,620,30,32,29,REV,E3,E2,E9,E10,-212.141000,352.999000,OK
4,10,adjacent,620,30,32,30,FWD,E2,E3,E10,E11,196.324000,333.927000,OK
4,10,adjacent,620,30,32,31,REV,E3,E2,E10,E11,199.004000,353.957000,OK
4,10,adjacent,620,30,32,32,FWD,E2,E3,E11,E12,13.496000,333.049000,OK
4,10,adjacent,620,30,32,33,REV,E3,E2,E11,E12,19.254000,353.597000,OK
4,10,adjacent,620,30,32,34,FWD,E2,E3,E12,E1,9.465000,333.807000,OK
4,10,adjacent,620,30,32,35,REV,E3,E2,E12,E1,27.844000,353.518000,OK
4,10,adjacent,620,30,32,36,FWD,E3,E4,E1,E2,-53.457000,321.877000,OK
4,10,adjacent,620,30,32,37,REV,E4,E3,E1,E2,-53.691000,361.817000,OK
4,10,adjacent,620,30,32,38,FWD,E3,E4,E5,E6,-5.668000,343.902000,OK
4,10,adjacent,620,30,32,39,REV,E4,E3,E5,E6,1.250000,357.587000,OK
4,10,adjacent,620,30,32,40,FWD,E3,E4,E6,E7,-48.707000,350.126000,OK
4,10,adjacent,620,30,32,41,REV,E4,E3,E6,E7,-46.379000,356.949000,OK
4,10,adjacent,620,30,32,42,FWD,E3,E4,E7,E8,24.676000,348.131000,OK
4,10,adjacent,620,30,32,43,REV,E4,E3,E7,E8,26.230000,353.957000,OK
4,10,adjacent,620,30,32,44,FWD,E3,E4,E8,E9,18.375000,347.134000,OK
4,10,adjacent,620,30,32,45,REV,E4,E3,E8,E9,19.395000,355.832000,OK
4,10,adjacent,620,30,32,46,FWD,E3,E4,E9,E10,-214.984000,346.655000,OK
4,10,adjacent,620,30,32,47,REV,E4,E3,E9,E10,-214.125000,356.231000,OK
4,10,adjacent,620,30,32,48,FWD,E3,E4,E10,E11,198.707000,346.934000,OK
4,10,adjacent,620,30,32,49,REV,E4,E3,E10,E11,199.883000,355.991000,OK
4,10,adjacent,620,30,32,50,FWD,E3,E4,E11,E12,14.949000,346.894000,OK
4,10,adjacent,620,30,32,51,REV,E4,E3,E11,E12,17.105000,355.832000,OK
4,10,adjacent,620,30,32,52,FWD,E3,E4,E12,E1,15.512000,347.014000,OK
4,10,adjacent,620,30,32,53,REV,E4,E3,E12,E1,21.711000,355.712000,OK
4,10,adjacent,620,30,32,54,FWD,E4,E5,E1,E2,-65.730000,362.655000,OK
4,10,adjacent,620,30,32,55,REV,E5,E4,E1,E2,-62.727000,406.864000,OK
4,10,adjacent,620,30,32,56,FWD,E4,E5,E2,E3,20.840000,380.770000,OK
4,10,adjacent,620,30,32,57,REV,E5,E4,E2,E3,26.926000,404.191000,OK
4,10,adjacent,620,30,32,58,FWD,E4,E5,E6,E7,-50.746000,382.126000,OK
4,10,adjacent,620,30,32,59,REV,E5,E4,E6,E7,-44.254000,403.194000,OK
4,10,adjacent,620,30,32,60,FWD,E4,E5,E7,E8,23.852000,383.124000,OK
4,10,adjacent,620,30,32,61,REV,E5,E4,E7,E8,27.121000,402.515000,OK
4,10,adjacent,620,30,32,62,FWD,E4,E5,E8,E9,18.156000,383.164000,OK
4,10,adjacent,620,30,32,63,REV,E5,E4,E8,E9,19.824000,401.278000,OK
4,10,adjacent,620,30,32,64,FWD,E4,E5,E9,E10,-216.242000,381.488000,OK
4,10,adjacent,620,30,32,65,REV,E5,E4,E9,E10,-215.102000,399.243000,OK
4,10,adjacent,620,30,32,66,FWD,E4,E5,E10,E11,200.047000,379.732000,OK
4,10,adjacent,620,30,32,67,REV,E5,E4,E10,E11,201.000000,399.523000,OK
4,10,adjacent,620,30,32,68,FWD,E4,E5,E11,E12,15.234000,383.443000,OK
4,10,adjacent,620,30,32,69,REV,E5,E4,E11,E12,16.418000,402.954000,OK
4,10,adjacent,620,30,32,70,FWD,E4,E5,E12,E1,17.109000,385.438000,OK
4,10,adjacent,620,30,32,71,REV,E5,E4,E12,E1,20.141000,399.682000,OK
4,10,adjacent,620,30,32,72,FWD,E5,E6,E1,E2,-65.820000,373.627000,OK
4,10,adjacent,620,30,32,73,REV,E6,E5,E1,E2,-63.492000,403.194000,OK
4,10,adjacent,620,30,32,74,FWD,E5,E6,E2,E3,20.703000,394.296000,OK
4,10,adjacent,620,30,32,75,REV,E6,E5,E2,E3,24.789000,398.924000,OK
4,10,adjacent,620,30,32,76,FWD,E5,E6,E3,E4,2.281000,402.156000,OK
4,10,adjacent,620,30,32,77,REV,E6,E5,E3,E4,10.043000,398.525000,OK
4,10,adjacent,620,30,32,78,FWD,E5,E6,E7,E8,20.430000,399.283000,OK
4,10,adjacent,620,30,32,79,REV,E6,E5,E7,E8,30.395000,394.336000,OK
4,10,adjacent,620,30,32,80,FWD,E5,E6,E8,E9,17.008000,398.685000,OK
4,10,adjacent,620,30,32,81,REV,E6,E5,E8,E9,21.129000,397.248000,OK
4,10,adjacent,620,30,32,82,FWD,E5,E6,E9,E10,-217.727000,398.206000,OK
4,10,adjacent,620,30,32,83,REV,E6,E5,E9,E10,-215.258000,397.248000,OK
4,10,adjacent,620,30,32,84,FWD,E5,E6,E10,E11,200.672000,398.246000,OK
4,10,adjacent,620,30,32,85,REV,E6,E5,E10,E11,202.086000,397.608000,OK
4,10,adjacent,620,30,32,86,FWD,E5,E6,E11,E12,15.047000,397.608000,OK
4,10,adjacent,620,30,32,87,REV,E6,E5,E11,E12,16.367000,397.767000,OK
4,10,adjacent,620,30,32,88,FWD,E5,E6,E12,E1,17.191000,403.633000,OK
4,10,adjacent,620,30,32,89,REV,E6,E5,E12,E1,19.824000,397.927000,OK
4,10,adjacent,620,30,32,90,FWD,E6,E7,E1,E2,-65.379000,374.625000,OK
4,10,adjacent,620,30,32,91,REV,E7,E6,E1,E2,-64.059000,350.286000,OK
4,10,adjacent,620,30,32,92,FWD,E6,E7,E2,E3,21.875000,393.737000,OK
4,10,adjacent,620,30,32,93,REV,E7,E6,E2,E3,23.801000,349.009000,OK
4,10,adjacent,620,30,32,94,FWD,E6,E7,E3,E4,4.082000,395.174000,OK
4,10,adjacent,620,30,32,95,REV,E7,E6,E3,E4,6.566000,348.929000,OK
4,10,adjacent,620,30,32,96,FWD,E6,E7,E4,E5,19.156000,394.775000,OK
4,10,adjacent,620,30,32,97,REV,E7,E6,E4,E5,25.227000,349.448000,OK
4,10,adjacent,620,30,32,98,FWD,E6,E7,E8,E9,15.598000,394.934000,OK
4,10,adjacent,620,30,32,99,REV,E7,E6,E8,E9,22.152000,349.567000,OK
4,10,adjacent,620,30,32,100,FWD,E6,E7,E9,E10,-218.969000,395.134000,OK
4,10,adjacent,620,30,32,101,REV,E7,E6,E9,E10,-215.594000,350.046000,OK
4,10,adjacent,620,30,32,102,FWD,E6,E7,E10,E11,201.266000,395.533000,OK
4,10,adjacent,620,30,32,103,REV,E7,E6,E10,E11,202.824000,349.887000,OK
4,10,adjacent,620,30,32,104,FWD,E6,E7,E11,E12,14.961000,394.974000,OK
4,10,adjacent,620,30,32,105,REV,E7,E6,E11,E12,16.020000,349.567000,OK
4,10,adjacent,620,30,32,106,FWD,E6,E7,E12,E1,17.402000,400.401000,OK
4,10,adjacent,620,30,32,107,REV,E7,E6,E12,E1,19.168000,349.647000,OK
4,10,adjacent,620,30,32,108,FWD,E7,E8,E1,E2,-65.320000,299.652000,OK
4,10,adjacent,620,30,32,109,REV,E8,E7,E1,E2,-64.004000,342.665000,OK
4,10,adjacent,620,30,32,110,FWD,E7,E8,E2,E3,22.312000,316.330000,OK
4,10,adjacent,620,30,32,111,REV,E8,E7,E2,E3,23.852000,342.465000,OK
4,10,adjacent,620,30,32,112,FWD,E7,E8,E3,E4,4.605000,317.767000,OK
4,10,adjacent,620,30,32,113,REV,E8,E7,E3,E4,5.973000,342.625000,OK
4,10,adjacent,620,30,32,114,FWD,E7,E8,E4,E5,21.078000,319.203000,OK
4,10,adjacent,620,30,32,115,REV,E8,E7,E4,E5,23.777000,343.463000,OK
4,10,adjacent,620,30,32,116,FWD,E7,E8,E5,E6,-6.070000,318.685000,OK
4,10,adjacent,620,30,32,117,REV,E8,E7,E5,E6,2.195000,343.144000,OK
4,10,adjacent,620,30,32,118,FWD,E7,E8,E9,E10,-221.586000,318.645000,OK
4,10,adjacent,620,30,32,119,REV,E8,E7,E9,E10,-213.555000,343.263000,OK
4,10,adjacent,620,30,32,120,FWD,E7,E8,E10,E11,201.262000,318.685000,OK
4,10,adjacent,620,30,32,121,REV,E8,E7,E10,E11,204.203000,347.652000,OK
4,10,adjacent,620,30,32,122,FWD,E7,E8,E11,E12,14.668000,319.802000,OK
4,10,adjacent,620,30,32,123,REV,E8,E7,E11,E12,16.281000,344.700000,OK
4,10,adjacent,620,30,32,124,FWD,E7,E8,E12,E1,17.410000,316.251000,OK
4,10,adjacent,620,30,32,125,REV,E8,E7,E12,E1,19.316000,343.782000,OK
4,10,adjacent,620,30,32,126,FWD,E8,E9,E1,E2,-65.234000,285.926000,OK
4,10,adjacent,620,30,32,127,REV,E9,E8,E1,E2,-63.957000,329.657000,OK
4,10,adjacent,620,30,32,128,FWD,E8,E9,E2,E3,22.461000,305.797000,OK
4,10,adjacent,620,30,32,129,REV,E9,E8,E2,E3,23.738000,325.428000,OK
4,10,adjacent,620,30,32,130,FWD,E8,E9,E3,E4,4.723000,306.874000,OK
4,10,adjacent,620,30,32,131,REV,E9,E8,E3,E4,5.613000,324.390000,OK
4,10,adjacent,620,30,32,132,FWD,E8,E9,E4,E5,21.875000,307.473000,OK
4,10,adjacent,620,30,32,133,REV,E9,E8,E4,E5,23.215000,324.510000,OK
4,10,adjacent,620,30,32,134,FWD,E8,E9,E5,E6,-3.797000,308.430000,OK
4,10,adjacent,620,30,32,135,REV,E9,E8,E5,E6,-0.508000,323.632000,OK
4,10,adjacent,620,30,32,136,FWD,E8,E9,E6,E7,-49.809000,308.510000,OK
4,10,adjacent,620,30,32,137,REV,E9,E8,E6,E7,-44.328000,323.632000,OK
4,10,adjacent,620,30,32,138,FWD,E8,E9,E10,E11,200.492000,308.550000,OK
4,10,adjacent,620,30,32,139,REV,E9,E8,E10,E11,205.984000,323.552000,OK
4,10,adjacent,620,30,32,140,FWD,E8,E9,E11,E12,14.227000,314.335000,OK
4,10,adjacent,620,30,32,141,REV,E9,E8,E11,E12,16.539000,324.430000,OK
4,10,adjacent,620,30,32,142,FWD,E8,E9,E12,E1,17.133000,311.423000,OK
4,10,adjacent,620,30,32,143,REV,E9,E8,E12,E1,19.371000,320.041000,OK
4,10,adjacent,620,30,32,144,FWD,E9,E10,E1,E2,-65.703000,452.151000,OK
4,10,adjacent,620,30,32,145,REV,E10,E9,E1,E2,-63.934000,291.473000,OK
4,10,adjacent,620,30,32,146,FWD,E9,E10,E2,E3,22.102000,467.593000,OK
4,10,adjacent,620,30,32,147,REV,E10,E9,E2,E3,23.770000,293.667000,OK
4,10,adjacent,620,30,32,148,FWD,E9,E10,E3,E4,4.566000,466.236000,OK
4,10,adjacent,620,30,32,149,REV,E10,E9,E3,E4,5.488000,295.183000,OK
4,10,adjacent,620,30,32,150,FWD,E9,E10,E4,E5,22.016000,463.244000,OK
4,10,adjacent,620,30,32,151,REV,E10,E9,E4,E5,23.051000,297.657000,OK
4,10,adjacent,620,30,32,152,FWD,E9,E10,E5,E6,-3.629000,461.967000,OK
4,10,adjacent,620,30,32,153,REV,E10,E9,E5,E6,-1.371000,299.054000,OK
4,10,adjacent,620,30,32,154,FWD,E9,E10,E6,E7,-49.355000,461.209000,OK
4,10,adjacent,620,30,32,155,REV,E10,E9,E6,E7,-46.063000,300.490000,OK
4,10,adjacent,620,30,32,156,FWD,E9,E10,E7,E8,20.352000,460.570000,OK
4,10,adjacent,620,30,32,157,REV,E10,E9,E7,E8,29.238000,301.049000,OK
4,10,adjacent,620,30,32,158,FWD,E9,E10,E11,E12,10.461000,460.012000,OK
4,10,adjacent,620,30,32,159,REV,E10,E9,E11,E12,17.656000,312.101000,OK
4,10,adjacent,620,30,32,160,FWD,E9,E10,E12,E1,15.902000,457.897000,OK
4,10,adjacent,620,30,32,161,REV,E10,E9,E12,E1,19.645000,306.714000,OK
4,10,adjacent,620,30,32,162,FWD,E10,E11,E1,E2,-65.707000,236.131000,OK
4,10,adjacent,620,30,32,163,REV,E11,E10,E1,E2,-62.754000,443.254000,OK
4,10,adjacent,620,30,32,164,FWD,E10,E11,E2,E3,22.207000,287.762000,OK
4,10,adjacent,620,30,32,165,REV,E11,E10,E2,E3,24.750000,432.321000,OK
4,10,adjacent,620,30,32,166,FWD,E10,E11,E3,E4,4.687000,293.388000,OK
4,10,adjacent,620,30,32,167,REV,E11,E10,E3,E4,5.781000,429.089000,OK
4,10,adjacent,620,30,32,168,FWD,E10,E11,E4,E5,22.484000,294.784000,OK
4,10,adjacent,620,30,32,169,REV,E11,E10,E4,E5,23.250000,427.732000,OK
4,10,adjacent,620,30,32,170,FWD,E10,E11,E5,E6,-2.645000,296.540000,OK
4,10,adjacent,620,30,32,171,REV,E11,E10,E5,E6,-1.531000,426.855000,OK
4,10,adjacent,620,30,32,172,FWD,E10,E11,E6,E7,-47.949000,297.896000,OK
4,10,adjacent,620,30,32,173,REV,E11,E10,E6,E7,-46.598000,425.857000,OK
4,10,adjacent,620,30,32,174,FWD,E10,E11,E7,E8,24.430000,298.016000,OK
4,10,adjacent,620,30,32,175,REV,E11,E10,E7,E8,27.340000,436.510000,OK
4,10,adjacent,620,30,32,176,FWD,E10,E11,E8,E9,13.543000,297.976000,OK
4,10,adjacent,620,30,32,177,REV,E11,E10,E8,E9,19.555000,430.007000,OK
4,10,adjacent,620,30,32,178,FWD,E10,E11,E12,E1,14.188000,290.156000,OK
4,10,adjacent,620,30,32,179,REV,E11,E10,E12,E1,24.562000,427.892000,OK
4,10,adjacent,620,30,32,180,FWD,E11,E12,E1,E2,-67.684000,253.727000,OK
4,10,adjacent,620,30,32,181,REV,E12,E11,E1,E2,-61.059000,328.700000,OK
4,10,adjacent,620,30,32,182,FWD,E11,E12,E2,E3,20.918000,291.113000,OK
4,10,adjacent,620,30,32,183,REV,E12,E11,E2,E3,25.984000,320.360000,OK
4,10,adjacent,620,30,32,184,FWD,E11,E12,E3,E4,4.207000,295.343000,OK
4,10,adjacent,620,30,32,185,REV,E12,E11,E3,E4,6.023000,324.271000,OK
4,10,adjacent,620,30,32,186,FWD,E11,E12,E4,E5,22.336000,296.261000,OK
4,10,adjacent,620,30,32,187,REV,E12,E11,E4,E5,23.254000,320.041000,OK
4,10,adjacent,620,30,32,188,FWD,E11,E12,E5,E6,-2.625000,292.071000,OK
4,10,adjacent,620,30,32,189,REV,E12,E11,E5,E6,-1.648000,318.325000,OK
4,10,adjacent,620,30,32,190,FWD,E11,E12,E6,E7,-47.902000,297.378000,OK
4,10,adjacent,620,30,32,191,REV,E12,E11,E6,E7,-47.063000,317.128000,OK
4,10,adjacent,620,30,32,192,FWD,E11,E12,E7,E8,24.836000,297.338000,OK
4,10,adjacent,620,30,32,193,REV,E12,E11,E7,E8,26.270000,316.450000,OK
4,10,adjacent,620,30,32,194,FWD,E11,E12,E8,E9,16.277000,298.096000,OK
4,10,adjacent,620,30,32,195,REV,E12,E11,E8,E9,18.457000,316.610000,OK
4,10,adjacent,620,30,32,196,FWD,E11,E12,E9,E10,-202.836000,298.694000,OK
4,10,adjacent,620,30,32,197,REV,E12,E11,E9,E10,-197.516000,315.692000,OK
4,10,adjacent,620,30,32,198,FWD,E12,E1,E2,E3,15.504000,274.435000,OK
4,10,adjacent,620,30,32,199,REV,E1,E12,E2,E3,31.715000,313.298000,OK
4,10,adjacent,620,30,32,200,FWD,E12,E1,E3,E4,2.527000,294.425000,OK
4,10,adjacent,620,30,32,201,REV,E1,E12,E3,E4,7.840000,309.827000,OK
4,10,adjacent,620,30,32,202,FWD,E12,E1,E4,E5,21.738000,296.420000,OK
4,10,adjacent,620,30,32,203,REV,E1,E12,E4,E5,24.000000,309.308000,OK
4,10,adjacent,620,30,32,204,FWD,E12,E1,E5,E6,-3.203000,301.847000,OK
4,10,adjacent,620,30,32,205,REV,E1,E12,E5,E6,-1.207000,308.231000,OK
4,10,adjacent,620,30,32,206,FWD,E12,E1,E6,E7,-48.148000,299.133000,OK
4,10,adjacent,620,30,32,207,REV,E1,E12,E6,E7,-46.742000,304.600000,OK
4,10,adjacent,620,30,32,208,FWD,E12,E1,E7,E8,24.543000,299.213000,OK
4,10,adjacent,620,30,32,209,REV,E1,E12,E7,E8,26.305000,306.994000,OK
4,10,adjacent,620,30,32,210,FWD,E12,E1,E8,E9,16.684000,298.734000,OK
4,10,adjacent,620,30,32,211,REV,E1,E12,E8,E9,18.848000,306.914000,OK
4,10,adjacent,620,30,32,212,FWD,E12,E1,E9,E10,-208.484000,298.216000,OK
4,10,adjacent,620,30,32,213,REV,E1,E12,E9,E10,-205.609000,307.473000,OK
4,10,adjacent,620,30,32,214,FWD,E12,E1,E10,E11,187.473000,298.934000,OK
4,10,adjacent,620,30,32,215,REV,E1,E12,E10,E11,197.242000,307.473000,OK
5,11,adjacent,620,30,32,0,FWD,E1,E2,E3,E4,1.828000,331.971000,OK
5,11,adjacent,620,30,32,1,REV,E2,E1,E3,E4,8.539000,312.660000,OK
5,11,adjacent,620,30,32,2,FWD,E1,E2,E4,E5,21.461000,347.413000,OK
5,11,adjacent,620,30,32,3,REV,E2,E1,E4,E5,24.000000,305.956000,OK
5,11,adjacent,620,30,32,4,FWD,E1,E2,E5,E6,-3.246000,345.617000,OK
5,11,adjacent,620,30,32,5,REV,E2,E1,E5,E6,-1.281000,304.839000,OK
5,11,adjacent,620,30,32,6,FWD,E1,E2,E6,E7,-48.023000,349.368000,OK
5,11,adjacent,620,30,32,7,REV,E2,E1,E6,E7,-46.871000,303.762000,OK
5,11,adjacent,620,30,32,8,FWD,E1,E2,E7,E8,24.625000,351.044000,OK
5,11,adjacent,620,30,32,9,REV,E2,E1,E7,E8,25.863000,303.483000,OK
5,11,adjacent,620,30,32,10,FWD,E1,E2,E8,E9,17.531000,351.163000,OK
5,11,adjacent,620,30,32,11,REV,E2,E1,E8,E9,18.840000,302.964000,OK
5,11,adjacent,620,30,32,12,FWD,E1,E2,E9,E10,-211.242000,350.525000,OK
5,11,adjacent,620,30,32,13,REV,E2,E1,E9,E10,-209.867000,303.363000,OK
5,11,adjacent,620,30,32,14,FWD,E1,E2,E10,E11,193.785000,350.685000,OK
5,11,adjacent,620,30,32,15,REV,E2,E1,E10,E11,196.926000,303.682000,OK
5,11,adjacent,620,30,32,16,FWD,E1,E2,E11,E12,13.168000,351.124000,OK
5,11,adjacent,620,30,32,17,REV,E2,E1,E11,E12,20.613000,308.390000,OK
5,11,adjacent,620,30,32,18,FWD,E2,E3,E4,E5,20.141000,308.630000,OK
5,11,adjacent,620,30,32,19,REV,E3,E2,E4,E5,25.953000,360.660000,OK
5,11,adjacent,620,30,32,20,FWD,E2,E3,E5,E6,-3.898000,325.707000,OK
5,11,adjacent,620,30,32,21,REV,E3,E2,E5,E6,-0.457000,355.672000,OK
5,11,adjacent,620,30,32,22,FWD,E2,E3,E6,E7,-48.246000,331.732000,OK
5,11,adjacent,620,30,32,23,REV,E3,E2,E6,E7,-46.535000,353.837000,OK
5,11,adjacent,620,30,32,24,FWD,E2,E3,E7,E8,24.496000,332.291000,OK
5,11,adjacent,620,30,32,25,REV,E3,E2,E7,E8,26.062000,353.119000,OK
5,11,adjacent,620,30,32,26,FWD,E2,E3,E8,E9,17.766000,332.929000,OK
5,11,adjacent,620,30,32,27,REV,E3,E2,E8,E9,19.172000,352.879000,OK
5,11,adjacent,620,30,32,28,FWD,E2,E3,E9,E10,-213.281000,333.767000,OK
5,11,adjacent,620,30,32,29,REV,E3,E2,E9,E10,-211.805000,352.281000,OK
5,11,adjacent,620,30,32,30,FWD,E2,E3,E10,E11,196.242000,339.513000,OK
5,11,adjacent,620,30,32,31,REV,E3,E2,E10,E11,198.898000,352.321000,OK
5,11,adjacent,620,30,32,32,FWD,E2,E3,E11,E12,13.676000,336.799000,OK
5,11,adjacent,620,30,32,33,REV,E3,E2,E11,E12,19.434000,348.530000,OK
5,11,adjacent,620,30,32,34,FWD,E2,E3,E12,E1,8.434000,336.281000,OK
5,11,adjacent,620,30,32,35,REV,E3,E2,E12,E1,26.855000,352.081000,OK
5,11,adjacent,620,30,32,36,FWD,E3,E4,E1,E2,-51.543000,317.248000,OK
5,11,adjacent,620,30,32,37,REV,E4,E3,E1,E2,-52.063000,357.468000,OK
5,11,adjacent,620,30,32,38,FWD,E3,E4,E5,E6,-5.512000,332.291000,OK
5,11,adjacent,620,30,32,39,REV,E4,E3,E5,E6,1.266000,344.899000,OK
5,11,adjacent,620,30,32,40,FWD,E3,E4,E6,E7,-48.488000,322.196000,OK
5,11,adjacent,620,30,32,41,REV,E4,E3,E6,E7,-46.457000,287.802000,OK
5,11,adjacent,620,30,32,42,FWD,E3,E4,E7,E8,24.527000,314.216000,OK
5,11,adjacent,620,30,32,43,REV,E4,E3,E7,E8,25.863000,284.610000,OK
5,11,adjacent,620,30,32,44,FWD,E3,E4,E8,E9,18.117000,316.570000,OK
5,11,adjacent,620,30,32,45,REV,E4,E3,E8,E9,18.988000,295.423000,OK
5,11,adjacent,620,30,32,46,FWD,E3,E4,E9,E10,-214.219000,111.961000,OK
5,11,adjacent,620,30,32,47,REV,E4,E3,E9,E10,-213.906000,147.153000,OK
5,11,adjacent,620,30,32,48,FWD,E3,E4,E10,E11,198.809000,225.357000,OK
5,11,adjacent,620,30,32,49,REV,E4,E3,E10,E11,199.719000,151.143000,OK
5,11,adjacent,620,30,32,50,FWD,E3,E4,E11,E12,15.352000,238.086000,OK
5,11,adjacent,620,30,32,51,REV,E4,E3,E11,E12,16.844000,249.258000,OK
5,11,adjacent,620,30,32,52,FWD,E3,E4,E12,E1,17.562000,12.329000,OK
5,11,adjacent,620,30,32,53,REV,E4,E3,E12,E1,17.805000,13.287000,OK
5,11,adjacent,620,30,32,54,FWD,E4,E5,E1,E2,-63.379000,12.928000,OK
5,11,adjacent,620,30,32,55,REV,E5,E4,E1,E2,-63.363000,23.900000,OK
5,11,adjacent,620,30,32,56,FWD,E4,E5,E2,E3,20.137000,41.935000,OK
5,11,adjacent,620,30,32,57,REV,E5,E4,E2,E3,24.086000,307.632000,OK
5,11,adjacent,620,30,32,58,FWD,E4,E5,E6,E7,-49.820000,242.993000,OK
5,11,adjacent,620,30,32,59,REV,E5,E4,E6,E7,-44.668000,325.029000,OK
5,11,adjacent,620,30,32,60,FWD,E4,E5,E7,E8,24.004000,294.266000,OK
5,11,adjacent,620,30,32,61,REV,E5,E4,E7,E8,26.730000,347.892000,OK
5,11,adjacent,620,30,32,62,FWD,E4,E5,E8,E9,17.992000,313.817000,OK
5,11,adjacent,620,30,32,63,REV,E5,E4,E8,E9,19.375000,345.498000,OK
5,11,adjacent,620,30,32,64,FWD,E4,E5,E9,E10,-215.734000,332.251000,OK
5,11,adjacent,620,30,32,65,REV,E5,E4,E9,E10,-214.781000,353.837000,OK
5,11,adjacent,620,30,32,66,FWD,E4,E5,E10,E11,200.094000,333.049000,OK
5,11,adjacent,620,30,32,67,REV,E5,E4,E10,E11,200.941000,362.775000,OK
5,11,adjacent,620,30,32,68,FWD,E4,E5,E11,E12,15.344000,342.146000,OK
5,11,adjacent,620,30,32,69,REV,E5,E4,E11,E12,16.434000,364.171000,OK
5,11,adjacent,620,30,32,70,FWD,E4,E5,E12,E1,16.535000,347.892000,OK
5,11,adjacent,620,30,32,71,REV,E5,E4,E12,E1,19.250000,355.313000,OK
5,11,adjacent,620,30,32,72,FWD,E5,E6,E1,E2,-65.121000,376.101000,OK
5,11,adjacent,620,30,32,73,REV,E6,E5,E1,E2,-62.754000,398.805000,OK
5,11,adjacent,620,30,32,74,FWD,E5,E6,E2,E3,19.676000,395.652000,OK
5,11,adjacent,620,30,32,75,REV,E6,E5,E2,E3,23.758000,397.887000,OK
5,11,adjacent,620,30,32,76,FWD,E5,E6,E3,E4,3.105000,397.049000,OK
5,11,adjacent,620,30,32,77,REV,E6,E5,E3,E4,10.949000,398.246000,OK
5,11,adjacent,620,30,32,78,FWD,E5,E6,E7,E8,20.254000,397.448000,OK
5,11,adjacent,620,30,32,79,REV,E6,E5,E7,E8,30.156000,398.086000,OK
5,11,adjacent,620,30,32,80,FWD,E5,E6,E8,E9,16.723000,397.488000,OK
5,11,adjacent,620,30,32,81,REV,E6,E5,E8,E9,20.871000,397.647000,OK
5,11,adjacent,620,30,32,82,FWD,E5,E6,E9,E10,-217.437000,398.007000,OK
5,11,adjacent,620,30,32,83,REV,E6,E5,E9,E10,-214.992000,397.368000,OK
5,11,adjacent,620,30,32,84,FWD,E5,E6,E10,E11,200.754000,398.565000,OK
5,11,adjacent,620,30,32,85,REV,E6,E5,E10,E11,202.187000,397.608000,OK
5,11,adjacent,620,30,32,86,FWD,E5,E6,E11,E12,14.449000,402.954000,OK
5,11,adjacent,620,30,32,87,REV,E6,E5,E11,E12,15.734000,396.969000,OK
5,11,adjacent,620,30,32,88,FWD,E5,E6,E12,E1,17.293000,400.042000,OK
5,11,adjacent,620,30,32,89,REV,E6,E5,E12,E1,19.949000,393.897000,OK
5,11,adjacent,620,30,32,90,FWD,E6,E7,E1,E2,-64.875000,371.832000,OK
5,11,adjacent,620,30,32,91,REV,E7,E6,E1,E2,-63.512000,354.794000,OK
5,11,adjacent,620,30,32,92,FWD,E6,E7,E2,E3,20.992000,392.221000,OK
5,11,adjacent,620,30,32,93,REV,E7,E6,E2,E3,22.902000,350.485000,OK
5,11,adjacent,620,30,32,94,FWD,E6,E7,E3,E4,4.984000,393.737000,OK
5,11,adjacent,620,30,32,95,REV,E7,E6,E3,E4,7.426000,349.607000,OK
5,11,adjacent,620,30,32,96,FWD,E6,E7,E4,E5,19.480000,394.735000,OK
5,11,adjacent,620,30,32,97,REV,E7,E6,E4,E5,25.508000,349.488000,OK
5,11,adjacent,620,30,32,98,FWD,E6,E7,E8,E9,15.348000,399.443000,OK
5,11,adjacent,620,30,32,99,REV,E7,E6,E8,E9,21.937000,349.687000,OK
5,11,adjacent,620,30,32,100,FWD,E6,E7,E9,E10,-218.687000,396.371000,OK
5,11,adjacent,620,30,32,101,REV,E7,E6,E9,E10,-215.258000,346.256000,OK
5,11,adjacent,620,30,32,102,FWD,E6,E7,E10,E11,201.297000,395.772000,OK
5,11,adjacent,620,30,32,103,REV,E7,E6,E10,E11,202.828000,348.849000,OK
5,11,adjacent,620,30,32,104,FWD,E6,E7,E11,E12,14.148000,395.174000,OK
5,11,adjacent,620,30,32,105,REV,E7,E6,E11,E12,15.203000,348.969000,OK
5,11,adjacent,620,30,32,106,FWD,E6,E7,E12,E1,18.020000,394.934000,OK
5,11,adjacent,620,30,32,107,REV,E7,E6,E12,E1,19.715000,349.009000,OK
5,11,adjacent,620,30,32,108,FWD,E7,E8,E1,E2,-64.957000,298.096000,OK
5,11,adjacent,620,30,32,109,REV,E8,E7,E1,E2,-63.641000,344.380000,OK
5,11,adjacent,620,30,32,110,FWD,E7,E8,E2,E3,21.664000,315.931000,OK
5,11,adjacent,620,30,32,111,REV,E8,E7,E2,E3,23.160000,342.465000,OK
5,11,adjacent,620,30,32,112,FWD,E7,E8,E3,E4,5.293000,316.650000,OK
5,11,adjacent,620,30,32,113,REV,E8,E7,E3,E4,6.762000,341.188000,OK
5,11,adjacent,620,30,32,114,FWD,E7,E8,E4,E5,21.055000,318.046000,OK
5,11,adjacent,620,30,32,115,REV,E8,E7,E4,E5,23.773000,346.535000,OK
5,11,adjacent,620,30,32,116,FWD,E7,E8,E5,E6,-6.062000,318.884000,OK
5,11,adjacent,620,30,32,117,REV,E8,E7,E5,E6,2.211000,343.183000,OK
5,11,adjacent,620,30,32,118,FWD,E7,E8,E9,E10,-221.266000,315.532000,OK
5,11,adjacent,620,30,32,119,REV,E8,E7,E9,E10,-213.109000,342.146000,OK
5,11,adjacent,620,30,32,120,FWD,E7,E8,E10,E11,201.172000,318.405000,OK
5,11,adjacent,620,30,32,121,REV,E8,E7,E10,E11,204.098000,341.627000,OK
5,11,adjacent,620,30,32,122,FWD,E7,E8,E11,E12,13.816000,318.525000,OK
5,11,adjacent,620,30,32,123,REV,E8,E7,E11,E12,15.410000,341.787000,OK
5,11,adjacent,620,30,32,124,FWD,E7,E8,E12,E1,18.148000,318.565000,OK
5,11,adjacent,620,30,32,125,REV,E8,E7,E12,E1,20.066000,341.707000,OK
5,11,adjacent,620,30,32,126,FWD,E8,E9,E1,E2,-65.047000,283.492000,OK
5,11,adjacent,620,30,32,127,REV,E9,E8,E1,E2,-63.805000,329.458000,OK
5,11,adjacent,620,30,32,128,FWD,E8,E9,E2,E3,21.988000,304.201000,OK
5,11,adjacent,620,30,32,129,REV,E9,E8,E2,E3,23.258000,330.495000,OK
5,11,adjacent,620,30,32,130,FWD,E8,E9,E3,E4,5.387000,305.517000,OK
5,11,adjacent,620,30,32,131,REV,E9,E8,E3,E4,6.297000,326.146000,OK
5,11,adjacent,620,30,32,132,FWD,E8,E9,E4,E5,21.766000,302.764000,OK
5,11,adjacent,620,30,32,133,REV,E9,E8,E4,E5,23.059000,325.148000,OK
5,11,adjacent,620,30,32,134,FWD,E8,E9,E5,E6,-3.637000,305.597000,OK
5,11,adjacent,620,30,32,135,REV,E9,E8,E5,E6,-0.387000,324.111000,OK
5,11,adjacent,620,30,32,136,FWD,E8,E9,E6,E7,-49.699000,305.916000,OK
5,11,adjacent,620,30,32,137,REV,E9,E8,E6,E7,-44.242000,323.193000,OK
5,11,adjacent,620,30,32,138,FWD,E8,E9,E10,E11,200.305000,307.034000,OK
5,11,adjacent,620,30,32,139,REV,E9,E8,E10,E11,205.836000,323.512000,OK
5,11,adjacent,620,30,32,140,FWD,E8,E9,E11,E12,13.211000,307.273000,OK
5,11,adjacent,620,30,32,141,REV,E9,E8,E11,E12,15.473000,323.233000,OK
5,11,adjacent,620,30,32,142,FWD,E8,E9,E12,E1,18.211000,307.752000,OK
5,11,adjacent,620,30,32,143,REV,E9,E8,E12,E1,20.516000,327.542000,OK
5,11,adjacent,620,30,32,144,FWD,E9,E10,E1,E2,-66.000000,459.094000,OK
5,11,adjacent,620,30,32,145,REV,E10,E9,E1,E2,-64.250000,290.555000,OK
5,11,adjacent,620,30,32,146,FWD,E9,E10,E2,E3,21.672000,462.765000,OK
5,11,adjacent,620,30,32,147,REV,E10,E9,E2,E3,23.355000,293.029000,OK
5,11,adjacent,620,30,32,148,FWD,E9,E10,E3,E4,5.168000,465.079000,OK
5,11,adjacent,620,30,32,149,REV,E10,E9,E3,E4,6.113000,294.704000,OK
5,11,adjacent,620,30,32,150,FWD,E9,E10,E4,E5,21.871000,463.802000,OK
5,11,adjacent,620,30,32,151,REV,E10,E9,E4,E5,22.941000,297.497000,OK
5,11,adjacent,620,30,32,152,FWD,E9,E10,E5,E6,-3.500000,462.765000,OK
5,11,adjacent,620,30,32,153,REV,E10,E9,E5,E6,-1.293000,298.455000,OK
5,11,adjacent,620,30,32,154,FWD,E9,E10,E6,E7,-49.340000,461.408000,OK
5,11,adjacent,620,30,32,155,REV,E10,E9,E6,E7,-46.047000,299.293000,OK
5,11,adjacent,620,30,32,156,FWD,E9,E10,E7,E8,19.215000,460.491000,OK
5,11,adjacent,620,30,32,157,REV,E10,E9,E7,E8,28.156000,300.330000,OK
5,11,adjacent,620,30,32,158,FWD,E9,E10,E11,E12,9.660000,469.029000,OK
5,11,adjacent,620,30,32,159,REV,E10,E9,E11,E12,16.746000,300.889000,OK
5,11,adjacent,620,30,32,160,FWD,E9,E10,E12,E1,17.586000,463.204000,OK
5,11,adjacent,620,30,32,161,REV,E10,E9,E12,E1,21.312000,293.707000,OK
5,11,adjacent,620,30,32,162,FWD,E10,E11,E1,E2,-66.664000,228.310000,OK
5,11,adjacent,620,30,32,163,REV,E11,E10,E1,E2,-63.711000,447.882000,OK
5,11,adjacent,620,30,32,164,FWD,E10,E11,E2,E3,21.887000,284.849000,OK
5,11,adjacent,620,30,32,165,REV,E11,E10,E2,E3,24.402000,433.917000,OK
5,11,adjacent,620,30,32,166,FWD,E10,E11,E3,E4,5.277000,291.353000,OK
5,11,adjacent,620,30,32,167,REV,E11,E10,E3,E4,6.301000,429.288000,OK
5,11,adjacent,620,30,32,168,FWD,E10,E11,E4,E5,22.371000,305.837000,OK
5,11,adjacent,620,30,32,169,REV,E11,E10,E4,E5,23.172000,426.934000,OK
5,11,adjacent,620,30,32,170,FWD,E10,E11,E5,E6,-2.617000,300.011000,OK
5,11,adjacent,620,30,32,171,REV,E11,E10,E5,E6,-1.488000,418.675000,OK
5,11,adjacent,620,30,32,172,FWD,E10,E11,E6,E7,-47.898000,299.413000,OK
5,11,adjacent,620,30,32,173,REV,E11,E10,E6,E7,-46.574000,423.942000,OK
5,11,adjacent,620,30,32,174,FWD,E10,E11,E7,E8,23.781000,298.176000,OK
5,11,adjacent,620,30,32,175,REV,E11,E10,E7,E8,26.645000,425.618000,OK
5,11,adjacent,620,30,32,176,FWD,E10,E11,E8,E9,14.445000,298.894000,OK
5,11,adjacent,620,30,32,177,REV,E11,E10,E8,E9,20.336000,425.498000,OK
5,11,adjacent,620,30,32,178,FWD,E10,E11,E12,E1,15.898000,298.495000,OK
5,11,adjacent,620,30,32,179,REV,E11,E10,E12,E1,26.340000,424.381000,OK
5,11,adjacent,620,30,32,180,FWD,E11,E12,E1,E2,-68.855000,253.567000,OK
5,11,adjacent,620,30,32,181,REV,E12,E11,E1,E2,-62.254000,328.739000,OK
5,11,adjacent,620,30,32,182,FWD,E11,E12,E2,E3,20.684000,291.911000,OK
5,11,adjacent,620,30,32,183,REV,E12,E11,E2,E3,25.719000,319.961000,OK
5,11,adjacent,620,30,32,184,FWD,E11,E12,E3,E4,4.687000,295.582000,OK
5,11,adjacent,620,30,32,185,REV,E12,E11,E3,E4,6.461000,317.607000,OK
5,11,adjacent,620,30,32,186,FWD,E11,E12,E4,E5,22.219000,303.483000,OK
5,11,adjacent,620,30,32,187,REV,E12,E11,E4,E5,23.176000,316.969000,OK
5,11,adjacent,620,30,32,188,FWD,E11,E12,E5,E6,-2.613000,300.450000,OK
5,11,adjacent,620,30,32,189,REV,E12,E11,E5,E6,-1.648000,311.463000,OK
5,11,adjacent,620,30,32,190,FWD,E11,E12,E6,E7,-47.801000,300.211000,OK
5,11,adjacent,620,30,32,191,REV,E12,E11,E6,E7,-46.938000,314.375000,OK
5,11,adjacent,620,30,32,192,FWD,E11,E12,E7,E8,24.301000,299.093000,OK
5,11,adjacent,620,30,32,193,REV,E12,E11,E7,E8,25.738000,314.655000,OK
5,11,adjacent,620,30,32,194,FWD,E11,E12,E8,E9,16.785000,299.293000,OK
5,11,adjacent,620,30,32,195,REV,E12,E11,E8,E9,18.992000,315.014000,OK
5,11,adjacent,620,30,32,196,FWD,E11,E12,E9,E10,-202.570000,299.772000,OK
5,11,adjacent,620,30,32,197,REV,E12,E11,E9,E10,-197.246000,314.495000,OK
5,11,adjacent,620,30,32,198,FWD,E12,E1,E2,E3,15.211000,273.517000,OK
5,11,adjacent,620,30,32,199,REV,E1,E12,E2,E3,31.484000,315.014000,OK
5,11,adjacent,620,30,32,200,FWD,E12,E1,E3,E4,2.902000,293.108000,OK
5,11,adjacent,620,30,32,201,REV,E1,E12,E3,E4,8.266000,314.854000,OK
5,11,adjacent,620,30,32,202,FWD,E12,E1,E4,E5,21.645000,294.146000,OK
5,11,adjacent,620,30,32,203,REV,E1,E12,E4,E5,23.961000,311.582000,OK
5,11,adjacent,620,30,32,204,FWD,E12,E1,E5,E6,-3.203000,292.111000,OK
5,11,adjacent,620,30,32,205,REV,E1,E12,E5,E6,-1.211000,310.465000,OK
5,11,adjacent,620,30,32,206,FWD,E12,E1,E6,E7,-48.020000,295.981000,OK
5,11,adjacent,620,30,32,207,REV,E1,E12,E6,E7,-46.668000,309.308000,OK
5,11,adjacent,620,30,32,208,FWD,E12,E1,E7,E8,24.133000,296.261000,OK
5,11,adjacent,620,30,32,209,REV,E1,E12,E7,E8,25.895000,309.148000,OK
5,11,adjacent,620,30,32,210,FWD,E12,E1,E8,E9,17.195000,296.300000,OK
5,11,adjacent,620,30,32,211,REV,E1,E12,E8,E9,19.355000,308.989000,OK
5,11,adjacent,620,30,32,212,FWD,E12,E1,E9,E10,-208.523000,296.500000,OK
5,11,adjacent,620,30,32,213,REV,E1,E12,E9,E10,-205.742000,309.308000,OK
5,11,adjacent,620,30,32,214,FWD,E12,E1,E10,E11,187.746000,296.819000,OK
5,11,adjacent,620,30,32,215,REV,E1,E12,E10,E11,197.473000,308.550000,OK
6,12,adjacent,620,30,32,0,FWD,E1,E2,E3,E4,1.977000,332.450000,OK
6,12,adjacent,620,30,32,1,REV,E2,E1,E3,E4,8.625000,306.754000,OK
6,12,adjacent,620,30,32,2,FWD,E1,E2,E4,E5,21.375000,354.555000,OK
6,12,adjacent,620,30,32,3,REV,E2,E1,E4,E5,23.922000,302.804000,OK
6,12,adjacent,620,30,32,4,FWD,E1,E2,E5,E6,-3.234000,353.079000,OK
6,12,adjacent,620,30,32,5,REV,E2,E1,E5,E6,-1.270000,298.216000,OK
6,12,adjacent,620,30,32,6,FWD,E1,E2,E6,E7,-48.059000,353.119000,OK
6,12,adjacent,620,30,32,7,REV,E2,E1,E6,E7,-46.836000,300.969000,OK
6,12,adjacent,620,30,32,8,FWD,E1,E2,E7,E8,24.371000,351.961000,OK
6,12,adjacent,620,30,32,9,REV,E2,E1,E7,E8,25.629000,301.248000,OK
6,12,adjacent,620,30,32,10,FWD,E1,E2,E8,E9,17.801000,351.283000,OK
6,12,adjacent,620,30,32,11,REV,E2,E1,E8,E9,19.113000,302.046000,OK
6,12,adjacent,620,30,32,12,FWD,E1,E2,E9,E10,-211.453000,356.750000,OK
6,12,adjacent,620,30,32,13,REV,E2,E1,E9,E10,-209.937000,301.567000,OK
6,12,adjacent,620,30,32,14,FWD,E1,E2,E10,E11,193.895000,353.198000,OK
6,12,adjacent,620,30,32,15,REV,E2,E1,E10,E11,197.023000,297.896000,OK
6,12,adjacent,620,30,32,16,FWD,E1,E2,E11,E12,12.043000,353.478000,OK
6,12,adjacent,620,30,32,17,REV,E2,E1,E11,E12,19.367000,301.208000,OK
6,12,adjacent,620,30,32,18,FWD,E2,E3,E4,E5,20.160000,303.483000,OK
6,12,adjacent,620,30,32,19,REV,E3,E2,E4,E5,25.863000,359.782000,OK
6,12,adjacent,620,30,32,20,FWD,E2,E3,E5,E6,-4.066000,329.178000,OK
6,12,adjacent,620,30,32,21,REV,E3,E2,E5,E6,-0.645000,354.635000,OK
6,12,adjacent,620,30,32,22,FWD,E2,E3,E6,E7,-47.957000,331.373000,OK
6,12,adjacent,620,30,32,23,REV,E3,E2,E6,E7,-46.211000,353.837000,OK
6,12,adjacent,620,30,32,24,FWD,E2,E3,E7,E8,24.266000,332.450000,OK
6,12,adjacent,620,30,32,25,REV,E3,E2,E7,E8,25.840000,353.877000,OK
6,12,adjacent,620,30,32,26,FWD,E2,E3,E8,E9,17.969000,332.729000,OK
6,12,adjacent,620,30,32,27,REV,E3,E2,E8,E9,19.371000,359.223000,OK
6,12,adjacent,620,30,32,28,FWD,E2,E3,E9,E10,-213.469000,332.091000,OK
6,12,adjacent,620,30,32,29,REV,E3,E2,E9,E10,-211.953000,355.752000,OK
6,12,adjacent,620,30,32,30,FWD,E2,E3,E10,E11,196.441000,328.540000,OK
6,12,adjacent,620,30,32,31,REV,E3,E2,E10,E11,199.094000,354.755000,OK
6,12,adjacent,620,30,32,32,FWD,E2,E3,E11,E12,12.984000,332.370000,OK
6,12,adjacent,620,30,32,33,REV,E3,E2,E11,E12,18.695000,353.996000,OK
6,12,adjacent,620,30,32,34,FWD,E2,E3,E12,E1,11.004000,332.370000,OK
6,12,adjacent,620,30,32,35,REV,E3,E2,E12,E1,29.363000,353.278000,OK
6,12,adjacent,620,30,32,36,FWD,E3,E4,E1,E2,-54.699000,278.585000,OK
6,12,adjacent,620,30,32,37,REV,E4,E3,E1,E2,-55.727000,316.849000,OK
6,12,adjacent,620,30,32,38,FWD,E3,E4,E5,E6,-5.652000,304.799000,OK
6,12,adjacent,620,30,32,39,REV,E4,E3,E5,E6,0.746000,297.976000,OK
6,12,adjacent,620,30,32,40,FWD,E3,E4,E6,E7,-48.164000,314.894000,OK
6,12,adjacent,620,30,32,41,REV,E4,E3,E6,E7,-46.086000,303.044000,OK
6,12,adjacent,620,30,32,42,FWD,E3,E4,E7,E8,24.371000,316.131000,OK
6,12,adjacent,620,30,32,43,REV,E4,E3,E7,E8,25.758000,315.213000,OK
6,12,adjacent,620,30,32,44,FWD,E3,E4,E8,E9,18.359000,307.353000,OK
6,12,adjacent,620,30,32,45,REV,E4,E3,E8,E9,19.309000,307.712000,OK
6,12,adjacent,620,30,32,46,FWD,E3,E4,E9,E10,-214.781000,314.256000,OK
6,12,adjacent,620,30,32,47,REV,E4,E3,E9,E10,-214.016000,317.049000,OK
6,12,adjacent,620,30,32,48,FWD,E3,E4,E10,E11,198.844000,308.071000,OK
6,12,adjacent,620,30,32,49,REV,E4,E3,E10,E11,199.945000,315.173000,OK
6,12,adjacent,620,30,32,50,FWD,E3,E4,E11,E12,14.516000,310.704000,OK
6,12,adjacent,620,30,32,51,REV,E4,E3,E11,E12,16.430000,311.103000,OK
6,12,adjacent,620,30,32,52,FWD,E3,E4,E12,E1,17.141000,317.488000,OK
6,12,adjacent,620,30,32,53,REV,E4,E3,E12,E1,22.801000,322.635000,OK
6,12,adjacent,620,30,32,54,FWD,E4,E5,E1,E2,-66.828000,327.423000,OK
6,12,adjacent,620,30,32,55,REV,E5,E4,E1,E2,-64.082000,367.124000,OK
6,12,adjacent,620,30,32,56,FWD,E4,E5,E2,E3,20.461000,342.106000,OK
6,12,adjacent,620,30,32,57,REV,E5,E4,E2,E3,26.012000,365.288000,OK
6,12,adjacent,620,30,32,58,FWD,E4,E5,E6,E7,-49.828000,343.702000,OK
6,12,adjacent,620,30,32,59,REV,E5,E4,E6,E7,-43.930000,370.755000,OK
6,12,adjacent,620,30,32,60,FWD,E4,E5,E7,E8,23.602000,350.565000,OK
6,12,adjacent,620,30,32,61,REV,E5,E4,E7,E8,26.621000,371.872000,OK
6,12,adjacent,620,30,32,62,FWD,E4,E5,E8,E9,18.187000,355.792000,OK
6,12,adjacent,620,30,32,63,REV,E5,E4,E8,E9,19.707000,364.011000,OK
6,12,adjacent,620,30,32,64,FWD,E4,E5,E9,E10,-216.031000,347.533000,OK
6,12,adjacent,620,30,32,65,REV,E5,E4,E9,E10,-215.023000,364.730000,OK
6,12,adjacent,620,30,32,66,FWD,E4,E5,E10,E11,200.109000,349.607000,OK
6,12,adjacent,620,30,32,67,REV,E5,E4,E10,E11,200.988000,366.206000,OK
6,12,adjacent,620,30,32,68,FWD,E4,E5,E11,E12,14.844000,347.293000,OK
6,12,adjacent,620,30,32,69,REV,E5,E4,E11,E12,15.930000,365.967000,OK
6,12,adjacent,620,30,32,70,FWD,E4,E5,E12,E1,18.617000,349.488000,OK
6,12,adjacent,620,30,32,71,REV,E5,E4,E12,E1,21.410000,371.792000,OK
6,12,adjacent,620,30,32,72,FWD,E5,E6,E1,E2,-67.004000,374.146000,OK
6,12,adjacent,620,30,32,73,REV,E6,E5,E1,E2,-64.617000,401.797000,OK
6,12,adjacent,620,30,32,74,FWD,E5,E6,E2,E3,20.367000,394.735000,OK
6,12,adjacent,620,30,32,75,REV,E6,E5,E2,E3,24.531000,398.924000,OK
6,12,adjacent,620,30,32,76,FWD,E5,E6,E3,E4,2.828000,402.076000,OK
6,12,adjacent,620,30,32,77,REV,E6,E5,E3,E4,10.699000,398.007000,OK
6,12,adjacent,620,30,32,78,FWD,E5,E6,E7,E8,20.137000,399.044000,OK
6,12,adjacent,620,30,32,79,REV,E6,E5,E7,E8,30.070000,393.338000,OK
6,12,adjacent,620,30,32,80,FWD,E5,E6,E8,E9,16.891000,398.924000,OK
6,12,adjacent,620,30,32,81,REV,E6,E5,E8,E9,21.023000,396.810000,OK
6,12,adjacent,620,30,32,82,FWD,E5,E6,E9,E10,-217.594000,398.166000,OK
6,12,adjacent,620,30,32,83,REV,E6,E5,E9,E10,-215.227000,396.929000,OK
6,12,adjacent,620,30,32,84,FWD,E5,E6,E10,E11,200.730000,398.206000,OK
6,12,adjacent,620,30,32,85,REV,E6,E5,E10,E11,202.180000,397.248000,OK
6,12,adjacent,620,30,32,86,FWD,E5,E6,E11,E12,14.598000,397.647000,OK
6,12,adjacent,620,30,32,87,REV,E6,E5,E11,E12,15.930000,397.528000,OK
6,12,adjacent,620,30,32,88,FWD,E5,E6,E12,E1,18.687000,397.767000,OK
6,12,adjacent,620,30,32,89,REV,E6,E5,E12,E1,21.277000,397.408000,OK
6,12,adjacent,620,30,32,90,FWD,E6,E7,E1,E2,-66.672000,372.909000,OK
6,12,adjacent,620,30,32,91,REV,E7,E6,E1,E2,-65.367000,354.276000,OK
6,12,adjacent,620,30,32,92,FWD,E6,E7,E2,E3,21.617000,392.341000,OK
6,12,adjacent,620,30,32,93,REV,E7,E6,E2,E3,23.480000,349.966000,OK
6,12,adjacent,620,30,32,94,FWD,E6,E7,E3,E4,4.754000,393.937000,OK
6,12,adjacent,620,30,32,95,REV,E7,E6,E3,E4,7.223000,355.353000,OK
6,12,adjacent,620,30,32,96,FWD,E6,E7,E4,E5,19.598000,394.495000,OK
6,12,adjacent,620,30,32,97,REV,E7,E6,E4,E5,25.703000,352.081000,OK
6,12,adjacent,620,30,32,98,FWD,E6,E7,E8,E9,15.551000,390.545000,OK
6,12,adjacent,620,30,32,99,REV,E7,E6,E8,E9,22.059000,351.044000,OK
6,12,adjacent,620,30,32,100,FWD,E6,E7,E9,E10,-218.687000,394.256000,OK
6,12,adjacent,620,30,32,101,REV,E7,E6,E9,E10,-215.281000,350.246000,OK
6,12,adjacent,620,30,32,102,FWD,E6,E7,E10,E11,201.133000,393.697000,OK
6,12,adjacent,620,30,32,103,REV,E7,E6,E10,E11,202.793000,350.286000,OK
6,12,adjacent,620,30,32,104,FWD,E6,E7,E11,E12,14.652000,394.256000,OK
6,12,adjacent,620,30,32,105,REV,E7,E6,E11,E12,15.691000,349.767000,OK
6,12,adjacent,620,30,32,106,FWD,E6,E7,E12,E1,19.129000,394.216000,OK
6,12,adjacent,620,30,32,107,REV,E7,E6,E12,E1,20.770000,350.405000,OK
6,12,adjacent,620,30,32,108,FWD,E7,E8,E1,E2,-66.691000,298.056000,OK
6,12,adjacent,620,30,32,109,REV,E8,E7,E1,E2,-65.379000,344.500000,OK
6,12,adjacent,620,30,32,110,FWD,E7,E8,E2,E3,21.906000,316.490000,OK
6,12,adjacent,620,30,32,111,REV,E8,E7,E2,E3,23.453000,341.787000,OK
6,12,adjacent,620,30,32,112,FWD,E7,E8,E3,E4,5.242000,317.527000,OK
6,12,adjacent,620,30,32,113,REV,E8,E7,E3,E4,6.711000,345.857000,OK
6,12,adjacent,620,30,32,114,FWD,E7,E8,E4,E5,21.270000,318.645000,OK
6,12,adjacent,620,30,32,115,REV,E8,E7,E4,E5,23.992000,343.223000,OK
6,12,adjacent,620,30,32,116,FWD,E7,E8,E5,E6,-6.875000,315.213000,OK
6,12,adjacent,620,30,32,117,REV,E8,E7,E5,E6,1.258000,341.707000,OK
6,12,adjacent,620,30,32,118,FWD,E7,E8,E9,E10,-221.625000,318.086000,OK
6,12,adjacent,620,30,32,119,REV,E8,E7,E9,E10,-213.555000,341.946000,OK
6,12,adjacent,620,30,32,120,FWD,E7,E8,E10,E11,201.508000,318.405000,OK
6,12,adjacent,620,30,32,121,REV,E8,E7,E10,E11,204.434000,341.388000,OK
6,12,adjacent,620,30,32,122,FWD,E7,E8,E11,E12,14.367000,318.166000,OK
6,12,adjacent,620,30,32,123,REV,E8,E7,E11,E12,15.949000,341.667000,OK
6,12,adjacent,620,30,32,124,FWD,E7,E8,E12,E1,19.133000,318.605000,OK
6,12,adjacent,620,30,32,125,REV,E8,E7,E12,E1,21.031000,341.148000,OK
6,12,adjacent,620,30,32,126,FWD,E8,E9,E1,E2,-66.816000,283.213000,OK
6,12,adjacent,620,30,32,127,REV,E9,E8,E1,E2,-65.566000,328.580000,OK
6,12,adjacent,620,30,32,128,FWD,E8,E9,E2,E3,22.129000,303.921000,OK
6,12,adjacent,620,30,32,129,REV,E9,E8,E2,E3,23.437000,324.869000,OK
6,12,adjacent,620,30,32,130,FWD,E8,E9,E3,E4,5.469000,305.318000,OK
6,12,adjacent,620,30,32,131,REV,E9,E8,E3,E4,6.367000,324.311000,OK
6,12,adjacent,620,30,32,132,FWD,E8,E9,E4,E5,21.621000,311.103000,OK
6,12,adjacent,620,30,32,133,REV,E9,E8,E4,E5,22.906000,324.031000,OK
6,12,adjacent,620,30,32,134,FWD,E8,E9,E5,E6,-4.105000,309.029000,OK
6,12,adjacent,620,30,32,135,REV,E9,E8,E5,E6,-0.848000,319.403000,OK
6,12,adjacent,620,30,32,136,FWD,E8,E9,E6,E7,-49.023000,307.712000,OK
6,12,adjacent,620,30,32,137,REV,E9,E8,E6,E7,-43.578000,321.917000,OK
6,12,adjacent,620,30,32,138,FWD,E8,E9,E10,E11,200.742000,307.273000,OK
6,12,adjacent,620,30,32,139,REV,E9,E8,E10,E11,206.250000,322.435000,OK
6,12,adjacent,620,30,32,140,FWD,E8,E9,E11,E12,14.031000,307.353000,OK
6,12,adjacent,620,30,32,141,REV,E9,E8,E11,E12,16.301000,322.515000,OK
6,12,adjacent,620,30,32,142,FWD,E8,E9,E12,E1,18.941000,312.660000,OK
6,12,adjacent,620,30,32,143,REV,E9,E8,E12,E1,21.199000,323.034000,OK
6,12,adjacent,620,30,32,144,FWD,E9,E10,E1,E2,-67.410000,457.338000,OK
6,12,adjacent,620,30,32,145,REV,E10,E9,E1,E2,-65.613000,281.058000,OK
6,12,adjacent,620,30,32,146,FWD,E9,E10,E2,E3,21.582000,470.067000,OK
6,12,adjacent,620,30,32,147,REV,E10,E9,E2,E3,23.129000,289.757000,OK
6,12,adjacent,620,30,32,148,FWD,E9,E10,E3,E4,5.539000,465.837000,OK
6,12,adjacent,620,30,32,149,REV,E10,E9,E3,E4,6.504000,293.946000,OK
6,12,adjacent,620,30,32,150,FWD,E9,E10,E4,E5,21.648000,463.962000,OK
6,12,adjacent,620,30,32,151,REV,E10,E9,E4,E5,22.695000,296.300000,OK
6,12,adjacent,620,30,32,152,FWD,E9,E10,E5,E6,-3.875000,461.608000,OK
6,12,adjacent,620,30,32,153,REV,E10,E9,E5,E6,-1.602000,297.258000,OK
6,12,adjacent,620,30,32,154,FWD,E9,E10,E6,E7,-48.664000,460.969000,OK
6,12,adjacent,620,30,32,155,REV,E10,E9,E6,E7,-45.387000,298.854000,OK
6,12,adjacent,620,30,32,156,FWD,E9,E10,E7,E8,19.270000,460.171000,OK
6,12,adjacent,620,30,32,157,REV,E10,E9,E7,E8,28.191000,300.251000,OK
6,12,adjacent,620,30,32,158,FWD,E9,E10,E11,E12,10.215000,468.112000,OK
6,12,adjacent,620,30,32,159,REV,E10,E9,E11,E12,17.273000,300.011000,OK
6,12,adjacent,620,30,32,160,FWD,E9,E10,E12,E1,17.809000,462.047000,OK
6,12,adjacent,620,30,32,161,REV,E10,E9,E12,E1,21.520000,293.108000,OK
6,12,adjacent,620,30,32,162,FWD,E10,E11,E1,E2,-67.320000,228.230000,OK
6,12,adjacent,620,30,32,163,REV,E11,E10,E1,E2,-64.359000,447.403000,OK
6,12,adjacent,620,30,32,164,FWD,E10,E11,E2,E3,21.375000,284.769000,OK
6,12,adjacent,620,30,32,165,REV,E11,E10,E2,E3,23.906000,433.678000,OK
6,12,adjacent,620,30,32,166,FWD,E10,E11,E3,E4,5.773000,290.595000,OK
6,12,adjacent,620,30,32,167,REV,E11,E10,E3,E4,6.852000,430.286000,OK
6,12,adjacent,620,30,32,168,FWD,E10,E11,E4,E5,21.922000,304.879000,OK
6,12,adjacent,620,30,32,169,REV,E11,E10,E4,E5,22.703000,427.413000,OK
6,12,adjacent,620,30,32,170,FWD,E10,E11,E5,E6,-2.824000,300.091000,OK
6,12,adjacent,620,30,32,171,REV,E11,E10,E5,E6,-1.672000,418.276000,OK
6,12,adjacent,620,30,32,172,FWD,E10,E11,E6,E7,-47.242000,299.373000,OK
6,12,adjacent,620,30,32,173,REV,E11,E10,E6,E7,-45.887000,424.820000,OK
6,12,adjacent,620,30,32,174,FWD,E10,E11,E7,E8,23.684000,298.056000,OK
6,12,adjacent,620,30,32,175,REV,E11,E10,E7,E8,26.551000,425.338000,OK
6,12,adjacent,620,30,32,176,FWD,E10,E11,E8,E9,14.152000,298.096000,OK
6,12,adjacent,620,30,32,177,REV,E11,E10,E8,E9,20.055000,425.099000,OK
6,12,adjacent,620,30,32,178,FWD,E10,E11,E12,E1,15.730000,298.495000,OK
6,12,adjacent,620,30,32,179,REV,E11,E10,E12,E1,25.984000,424.700000,OK
6,12,adjacent,620,30,32,180,FWD,E11,E12,E1,E2,-68.613000,253.767000,OK
6,12,adjacent,620,30,32,181,REV,E12,E11,E1,E2,-61.949000,328.141000,OK
6,12,adjacent,620,30,32,182,FWD,E11,E12,E2,E3,19.875000,291.433000,OK
6,12,adjacent,620,30,32,183,REV,E12,E11,E2,E3,24.926000,320.440000,OK
6,12,adjacent,620,30,32,184,FWD,E11,E12,E3,E4,5.324000,294.984000,OK
6,12,adjacent,620,30,32,185,REV,E12,E11,E3,E4,7.156000,317.647000,OK
6,12,adjacent,620,30,32,186,FWD,E11,E12,E4,E5,21.895000,303.682000,OK
6,12,adjacent,620,30,32,187,REV,E12,E11,E4,E5,22.855000,316.809000,OK
6,12,adjacent,620,30,32,188,FWD,E11,E12,E5,E6,-2.879000,300.689000,OK
6,12,adjacent,620,30,32,189,REV,E12,E11,E5,E6,-1.898000,311.303000,OK
6,12,adjacent,620,30,32,190,FWD,E11,E12,E6,E7,-47.215000,299.453000,OK
6,12,adjacent,620,30,32,191,REV,E12,E11,E6,E7,-46.344000,314.495000,OK
6,12,adjacent,620,30,32,192,FWD,E11,E12,E7,E8,24.207000,298.974000,OK
6,12,adjacent,620,30,32,193,REV,E12,E11,E7,E8,25.625000,315.373000,OK
6,12,adjacent,620,30,32,194,FWD,E11,E12,E8,E9,16.484000,298.974000,OK
6,12,adjacent,620,30,32,195,REV,E12,E11,E8,E9,18.711000,314.695000,OK
6,12,adjacent,620,30,32,196,FWD,E11,E12,E9,E10,-202.133000,299.213000,OK
6,12,adjacent,620,30,32,197,REV,E12,E11,E9,E10,-196.812000,315.094000,OK
6,12,adjacent,620,30,32,198,FWD,E12,E1,E2,E3,14.488000,274.116000,OK
6,12,adjacent,620,30,32,199,REV,E1,E12,E2,E3,30.805000,314.575000,OK
6,12,adjacent,620,30,32,200,FWD,E12,E1,E3,E4,3.625000,293.069000,OK
6,12,adjacent,620,30,32,201,REV,E1,E12,E3,E4,8.945000,314.096000,OK
6,12,adjacent,620,30,32,202,FWD,E12,E1,E4,E5,21.344000,294.664000,OK
6,12,adjacent,620,30,32,203,REV,E1,E12,E4,E5,23.633000,311.423000,OK
6,12,adjacent,620,30,32,204,FWD,E12,E1,E5,E6,-3.449000,291.792000,OK
6,12,adjacent,620,30,32,205,REV,E1,E12,E5,E6,-1.500000,310.545000,OK
6,12,adjacent,620,30,32,206,FWD,E12,E1,E6,E7,-47.457000,295.303000,OK
6,12,adjacent,620,30,32,207,REV,E1,E12,E6,E7,-46.129000,309.268000,OK
6,12,adjacent,620,30,32,208,FWD,E12,E1,E7,E8,24.000000,296.181000,OK
6,12,adjacent,620,30,32,209,REV,E1,E12,E7,E8,25.750000,308.271000,OK
6,12,adjacent,620,30,32,210,FWD,E12,E1,E8,E9,16.984000,297.178000,OK
6,12,adjacent,620,30,32,211,REV,E1,E12,E8,E9,19.129000,307.991000,OK
6,12,adjacent,620,30,32,212,FWD,E12,E1,E9,E10,-208.195000,296.540000,OK
6,12,adjacent,620,30,32,213,REV,E1,E12,E9,E10,-205.414000,308.430000,OK
6,12,adjacent,620,30,32,214,FWD,E12,E1,E10,E11,187.816000,296.500000,OK
6,12,adjacent,620,30,32,215,REV,E1,E12,E10,E11,197.562000,307.792000,OK
7,13,adjacent,620,30,32,0,FWD,E1,E2,E3,E4,2.715000,332.211000,OK
7,13,adjacent,620,30,32,1,REV,E2,E1,E3,E4,9.285000,306.794000,OK
7,13,adjacent,620,30,32,2,FWD,E1,E2,E4,E5,21.148000,348.690000,OK
7,13,adjacent,620,30,32,3,REV,E2,E1,E4,E5,23.676000,308.031000,OK
7,13,adjacent,620,30,32,4,FWD,E1,E2,E5,E6,-3.500000,349.607000,OK
7,13,adjacent,620,30,32,5,REV,E2,E1,E5,E6,-1.535000,304.879000,OK
7,13,adjacent,620,30,32,6,FWD,E1,E2,E6,E7,-47.586000,346.655000,OK
7,13,adjacent,620,30,32,7,REV,E2,E1,E6,E7,-46.406000,304.799000,OK
7,13,adjacent,620,30,32,8,FWD,E1,E2,E7,E8,24.230000,349.966000,OK
7,13,adjacent,620,30,32,9,REV,E2,E1,E7,E8,25.500000,303.443000,OK
7,13,adjacent,620,30,32,10,FWD,E1,E2,E8,E9,17.531000,350.605000,OK
7,13,adjacent,620,30,32,11,REV,E2,E1,E8,E9,18.871000,303.163000,OK
7,13,adjacent,620,30,32,12,FWD,E1,E2,E9,E10,-211.336000,351.124000,OK
7,13,adjacent,620,30,32,13,REV,E2,E1,E9,E10,-209.875000,308.310000,OK
7,13,adjacent,620,30,32,14,FWD,E1,E2,E10,E11,194.309000,350.605000,OK
7,13,adjacent,620,30,32,15,REV,E2,E1,E10,E11,197.445000,305.358000,OK
7,13,adjacent,620,30,32,16,FWD,E1,E2,E11,E12,12.188000,346.535000,OK
7,13,adjacent,620,30,32,17,REV,E2,E1,E11,E12,19.469000,305.198000,OK
7,13,adjacent,620,30,32,18,FWD,E2,E3,E4,E5,19.914000,304.719000,OK
7,13,adjacent,620,30,32,19,REV,E3,E2,E4,E5,25.594000,358.306000,OK
7,13,adjacent,620,30,32,20,FWD,E2,E3,E5,E6,-4.004000,329.617000,OK
7,13,adjacent,620,30,32,21,REV,E3,E2,E5,E6,-0.562000,353.637000,OK
7,13,adjacent,620,30,32,22,FWD,E2,E3,E6,E7,-47.930000,331.652000,OK
7,13,adjacent,620,30,32,23,REV,E3,E2,E6,E7,-46.230000,353.238000,OK
7,13,adjacent,620,30,32,24,FWD,E2,E3,E7,E8,24.145000,332.690000,OK
7,13,adjacent,620,30,32,25,REV,E3,E2,E7,E8,25.746000,352.600000,OK
7,13,adjacent,620,30,32,26,FWD,E2,E3,E8,E9,17.746000,333.567000,OK
7,13,adjacent,620,30,32,27,REV,E3,E2,E8,E9,19.133000,358.545000,OK
7,13,adjacent,620,30,32,28,FWD,E2,E3,E9,E10,-213.336000,332.769000,OK
7,13,adjacent,620,30,32,29,REV,E3,E2,E9,E10,-211.875000,354.874000,OK
7,13,adjacent,620,30,32,30,FWD,E2,E3,E10,E11,196.879000,328.620000,OK
7,13,adjacent,620,30,32,31,REV,E3,E2,E10,E11,199.594000,354.675000,OK
7,13,adjacent,620,30,32,32,FWD,E2,E3,E11,E12,12.926000,332.091000,OK
7,13,adjacent,620,30,32,33,REV,E3,E2,E11,E12,18.676000,353.079000,OK
7,13,adjacent,620,30,32,34,FWD,E2,E3,E12,E1,9.613000,333.288000,OK
7,13,adjacent,620,30,32,35,REV,E3,E2,E12,E1,28.070000,352.799000,OK
7,13,adjacent,620,30,32,36,FWD,E3,E4,E1,E2,-53.672000,322.236000,OK
7,13,adjacent,620,30,32,37,REV,E4,E3,E1,E2,-53.902000,364.131000,OK
7,13,adjacent,620,30,32,38,FWD,E3,E4,E5,E6,-5.676000,338.874000,OK
7,13,adjacent,620,30,32,39,REV,E4,E3,E5,E6,1.242000,353.996000,OK
7,13,adjacent,620,30,32,40,FWD,E3,E4,E6,E7,-48.320000,342.385000,OK
7,13,adjacent,620,30,32,41,REV,E4,E3,E6,E7,-45.996000,354.794000,OK
7,13,adjacent,620,30,32,42,FWD,E3,E4,E7,E8,24.133000,342.665000,OK
7,13,adjacent,620,30,32,43,REV,E4,E3,E7,E8,25.695000,358.465000,OK
7,13,adjacent,620,30,32,44,FWD,E3,E4,E8,E9,18.008000,344.740000,OK
7,13,adjacent,620,30,32,45,REV,E4,E3,E8,E9,19.043000,357.228000,OK
7,13,adjacent,620,30,32,46,FWD,E3,E4,E9,E10,-214.586000,340.590000,OK
7,13,adjacent,620,30,32,47,REV,E4,E3,E9,E10,-213.773000,355.991000,OK
7,13,adjacent,620,30,32,48,FWD,E3,E4,E10,E11,199.320000,343.622000,OK
7,13,adjacent,620,30,32,49,REV,E4,E3,E10,E11,200.437000,355.233000,OK
7,13,adjacent,620,30,32,50,FWD,E3,E4,E11,E12,14.379000,343.702000,OK
7,13,adjacent,620,30,32,51,REV,E4,E3,E11,E12,16.469000,354.475000,OK
7,13,adjacent,620,30,32,52,FWD,E3,E4,E12,E1,15.691000,345.897000,OK
7,13,adjacent,620,30,32,53,REV,E4,E3,E12,E1,21.824000,357.428000,OK
7,13,adjacent,620,30,32,54,FWD,E4,E5,E1,E2,-66.102000,364.131000,OK
7,13,adjacent,620,30,32,55,REV,E5,E4,E1,E2,-63.063000,406.226000,OK
7,13,adjacent,620,30,32,56,FWD,E4,E5,E2,E3,20.316000,379.812000,OK
7,13,adjacent,620,30,32,57,REV,E5,E4,E2,E3,26.387000,402.835000,OK
7,13,adjacent,620,30,32,58,FWD,E4,E5,E6,E7,-50.359000,381.049000,OK
7,13,adjacent,620,30,32,59,REV,E5,E4,E6,E7,-43.824000,403.154000,OK
7,13,adjacent,620,30,32,60,FWD,E4,E5,E7,E8,23.238000,383.124000,OK
7,13,adjacent,620,30,32,61,REV,E5,E4,E7,E8,26.484000,404.351000,OK
7,13,adjacent,620,30,32,62,FWD,E4,E5,E8,E9,17.879000,384.600000,OK
7,13,adjacent,620,30,32,63,REV,E5,E4,E8,E9,19.520000,403.473000,OK
7,13,adjacent,620,30,32,64,FWD,E4,E5,E9,E10,-215.977000,384.401000,OK
7,13,adjacent,620,30,32,65,REV,E5,E4,E9,E10,-214.891000,404.071000,OK
7,13,adjacent,620,30,32,66,FWD,E4,E5,E10,E11,200.707000,387.872000,OK
7,13,adjacent,620,30,32,67,REV,E5,E4,E10,E11,201.633000,404.909000,OK
7,13,adjacent,620,30,32,68,FWD,E4,E5,E11,E12,14.832000,387.114000,OK
7,13,adjacent,620,30,32,69,REV,E5,E4,E11,E12,16.016000,401.677000,OK
7,13,adjacent,620,30,32,70,FWD,E4,E5,E12,E1,17.211000,386.196000,OK
7,13,adjacent,620,30,32,71,REV,E5,E4,E12,E1,20.258000,403.114000,OK
7,13,adjacent,620,30,32,72,FWD,E5,E6,E1,E2,-66.266000,372.710000,OK
7,13,adjacent,620,30,32,73,REV,E6,E5,E1,E2,-63.898000,402.954000,OK
7,13,adjacent,620,30,32,74,FWD,E5,E6,E2,E3,20.340000,393.777000,OK
7,13,adjacent,620,30,32,75,REV,E6,E5,E2,E3,24.453000,398.725000,OK
7,13,adjacent,620,30,32,76,FWD,E5,E6,E3,E4,3.270000,396.490000,OK
7,13,adjacent,620,30,32,77,REV,E6,E5,E3,E4,10.914000,397.368000,OK
7,13,adjacent,620,30,32,78,FWD,E5,E6,E7,E8,19.969000,397.408000,OK
7,13,adjacent,620,30,32,79,REV,E6,E5,E7,E8,29.887000,397.568000,OK
7,13,adjacent,620,30,32,80,FWD,E5,E6,E8,E9,16.582000,396.730000,OK
7,13,adjacent,620,30,32,81,REV,E6,E5,E8,E9,20.750000,403.074000,OK
7,13,adjacent,620,30,32,82,FWD,E5,E6,E9,E10,-217.492000,397.528000,OK
7,13,adjacent,620,30,32,83,REV,E6,E5,E9,E10,-215.023000,399.403000,OK
7,13,adjacent,620,30,32,84,FWD,E5,E6,E10,E11,201.449000,393.737000,OK
7,13,adjacent,620,30,32,85,REV,E6,E5,E10,E11,202.875000,398.406000,OK
7,13,adjacent,620,30,32,86,FWD,E5,E6,E11,E12,14.629000,396.849000,OK
7,13,adjacent,620,30,32,87,REV,E6,E5,E11,E12,15.934000,397.967000,OK
7,13,adjacent,620,30,32,88,FWD,E5,E6,E12,E1,17.398000,396.810000,OK
7,13,adjacent,620,30,32,89,REV,E6,E5,E12,E1,20.000000,398.166000,OK
7,13,adjacent,620,30,32,90,FWD,E6,E7,E1,E2,-65.938000,372.391000,OK
7,13,adjacent,620,30,32,91,REV,E7,E6,E1,E2,-64.629000,353.358000,OK
7,13,adjacent,620,30,32,92,FWD,E6,E7,E2,E3,21.547000,392.740000,OK
7,13,adjacent,620,30,32,93,REV,E7,E6,E2,E3,23.461000,349.807000,OK
7,13,adjacent,620,30,32,94,FWD,E6,E7,E3,E4,5.051000,393.777000,OK
7,13,adjacent,620,30,32,95,REV,E7,E6,E3,E4,7.512000,354.794000,OK
7,13,adjacent,620,30,32,96,FWD,E6,E7,E4,E5,19.266000,394.336000,OK
7,13,adjacent,620,30,32,97,REV,E7,E6,E4,E5,25.379000,351.004000,OK
7,13,adjacent,620,30,32,98,FWD,E6,E7,E8,E9,15.227000,390.465000,OK
7,13,adjacent,620,30,32,99,REV,E7,E6,E8,E9,21.727000,350.605000,OK
7,13,adjacent,620,30,32,100,FWD,E6,E7,E9,E10,-218.750000,393.019000,OK
7,13,adjacent,620,30,32,101,REV,E7,E6,E9,E10,-215.477000,349.767000,OK
7,13,adjacent,620,30,32,102,FWD,E6,E7,E10,E11,202.098000,394.056000,OK
7,13,adjacent,620,30,32,103,REV,E7,E6,E10,E11,203.645000,350.286000,OK
7,13,adjacent,620,30,32,104,FWD,E6,E7,E11,E12,14.586000,394.615000,OK
7,13,adjacent,620,30,32,105,REV,E7,E6,E11,E12,15.605000,349.767000,OK
7,13,adjacent,620,30,32,106,FWD,E6,E7,E12,E1,17.809000,394.894000,OK
7,13,adjacent,620,30,32,107,REV,E7,E6,E12,E1,19.520000,349.727000,OK
7,13,adjacent,620,30,32,108,FWD,E7,E8,E1,E2,-66.020000,297.497000,OK
7,13,adjacent,620,30,32,109,REV,E8,E7,E1,E2,-64.715000,344.021000,OK
7,13,adjacent,620,30,32,110,FWD,E7,E8,E2,E3,22.027000,315.094000,OK
7,13,adjacent,620,30,32,111,REV,E8,E7,E2,E3,23.547000,341.986000,OK
7,13,adjacent,620,30,32,112,FWD,E7,E8,E3,E4,5.492000,317.408000,OK
7,13,adjacent,620,30,32,113,REV,E8,E7,E3,E4,6.930000,342.266000,OK
7,13,adjacent,620,30,32,114,FWD,E7,E8,E4,E5,21.027000,317.687000,OK
7,13,adjacent,620,30,32,115,REV,E8,E7,E4,E5,23.734000,341.587000,OK
7,13,adjacent,620,30,32,116,FWD,E7,E8,E5,E6,-6.109000,317.767000,OK
7,13,adjacent,620,30,32,117,REV,E8,E7,E5,E6,2.113000,341.747000,OK
7,13,adjacent,620,30,32,118,FWD,E7,E8,E9,E10,-221.305000,318.246000,OK
7,13,adjacent,620,30,32,119,REV,E8,E7,E9,E10,-213.195000,342.106000,OK
7,13,adjacent,620,30,32,120,FWD,E7,E8,E10,E11,201.910000,318.046000,OK
7,13,adjacent,620,30,32,121,REV,E8,E7,E10,E11,204.828000,342.824000,OK
7,13,adjacent,620,30,32,122,FWD,E7,E8,E11,E12,14.402000,318.286000,OK
7,13,adjacent,620,30,32,123,REV,E8,E7,E11,E12,15.984000,342.106000,OK
7,13,adjacent,620,30,32,124,FWD,E7,E8,E12,E1,17.715000,323.113000,OK
7,13,adjacent,620,30,32,125,REV,E8,E7,E12,E1,19.637000,342.745000,OK
7,13,adjacent,620,30,32,126,FWD,E8,E9,E1,E2,-66.090000,285.088000,OK
7,13,adjacent,620,30,32,127,REV,E9,E8,E1,E2,-64.855000,325.587000,OK
7,13,adjacent,620,30,32,128,FWD,E8,E9,E2,E3,22.270000,305.078000,OK
7,13,adjacent,620,30,32,129,REV,E9,E8,E2,E3,23.578000,323.592000,OK
7,13,adjacent,620,30,32,130,FWD,E8,E9,E3,E4,5.656000,306.355000,OK
7,13,adjacent,620,30,32,131,REV,E9,E8,E3,E4,6.547000,322.914000,OK
7,13,adjacent,620,30,32,132,FWD,E8,E9,E4,E5,21.750000,306.675000,OK
7,13,adjacent,620,30,32,133,REV,E9,E8,E4,E5,23.062000,322.236000,OK
7,13,adjacent,620,30,32,134,FWD,E8,E9,E5,E6,-3.520000,306.874000,OK
7,13,adjacent,620,30,32,135,REV,E9,E8,E5,E6,-0.277000,322.874000,OK
7,13,adjacent,620,30,32,136,FWD,E8,E9,E6,E7,-49.723000,307.872000,OK
7,13,adjacent,620,30,32,137,REV,E9,E8,E6,E7,-44.246000,321.917000,OK
7,13,adjacent,620,30,32,138,FWD,E8,E9,E10,E11,201.230000,307.951000,OK
7,13,adjacent,620,30,32,139,REV,E9,E8,E10,E11,206.687000,321.877000,OK
7,13,adjacent,620,30,32,140,FWD,E8,E9,E11,E12,13.992000,307.034000,OK
7,13,adjacent,620,30,32,141,REV,E9,E8,E11,E12,16.277000,321.877000,OK
7,13,adjacent,620,30,32,142,FWD,E8,E9,E12,E1,17.465000,307.592000,OK
7,13,adjacent,620,30,32,143,REV,E9,E8,E12,E1,19.715000,327.622000,OK
7,13,adjacent,620,30,32,144,FWD,E9,E10,E1,E2,-66.902000,457.418000,OK
7,13,adjacent,620,30,32,145,REV,E10,E9,E1,E2,-65.102000,289.956000,OK
7,13,adjacent,620,30,32,146,FWD,E9,E10,E2,E3,22.195000,460.451000,OK
7,13,adjacent,620,30,32,147,REV,E10,E9,E2,E3,23.875000,292.829000,OK
7,13,adjacent,620,30,32,148,FWD,E9,E10,E3,E4,5.480000,463.483000,OK
7,13,adjacent,620,30,32,149,REV,E10,E9,E3,E4,6.379000,294.505000,OK
7,13,adjacent,620,30,32,150,FWD,E9,E10,E4,E5,21.480000,462.605000,OK
7,13,adjacent,620,30,32,151,REV,E10,E9,E4,E5,22.500000,297.019000,OK
7,13,adjacent,620,30,32,152,FWD,E9,E10,E5,E6,-2.816000,460.650000,OK
7,13,adjacent,620,30,32,153,REV,E10,E9,E5,E6,-0.574000,298.056000,OK
7,13,adjacent,620,30,32,154,FWD,E9,E10,E6,E7,-49.488000,459.812000,OK
7,13,adjacent,620,30,32,155,REV,E10,E9,E6,E7,-46.203000,298.974000,OK
7,13,adjacent,620,30,32,156,FWD,E9,E10,E7,E8,19.246000,458.695000,OK
7,13,adjacent,620,30,32,157,REV,E10,E9,E7,E8,28.160000,299.572000,OK
7,13,adjacent,620,30,32,158,FWD,E9,E10,E11,E12,10.199000,457.857000,OK
7,13,adjacent,620,30,32,159,REV,E10,E9,E11,E12,17.363000,301.168000,OK
7,13,adjacent,620,30,32,160,FWD,E9,E10,E12,E1,16.301000,457.538000,OK
7,13,adjacent,620,30,32,161,REV,E10,E9,E12,E1,19.984000,301.926000,OK
7,13,adjacent,620,30,32,162,FWD,E10,E11,E1,E2,-66.934000,231.063000,OK
7,13,adjacent,620,30,32,163,REV,E11,E10,E1,E2,-63.984000,445.408000,OK
7,13,adjacent,620,30,32,164,FWD,E10,E11,E2,E3,22.445000,284.929000,OK
7,13,adjacent,620,30,32,165,REV,E11,E10,E2,E3,24.980000,432.640000,OK
7,13,adjacent,620,30,32,166,FWD,E10,E11,E3,E4,5.574000,302.724000,OK
7,13,adjacent,620,30,32,167,REV,E11,E10,E3,E4,6.637000,428.969000,OK
7,13,adjacent,620,30,32,168,FWD,E10,E11,E4,E5,21.801000,298.575000,OK
7,13,adjacent,620,30,32,169,REV,E11,E10,E4,E5,22.566000,418.715000,OK
7,13,adjacent,620,30,32,170,FWD,E10,E11,E5,E6,-1.758000,298.136000,OK
7,13,adjacent,620,30,32,171,REV,E11,E10,E5,E6,-0.605000,424.820000,OK
7,13,adjacent,620,30,32,172,FWD,E10,E11,E6,E7,-48.102000,297.338000,OK
7,13,adjacent,620,30,32,173,REV,E11,E10,E6,E7,-46.816000,425.578000,OK
7,13,adjacent,620,30,32,174,FWD,E10,E11,E7,E8,23.648000,297.777000,OK
7,13,adjacent,620,30,32,175,REV,E11,E10,E7,E8,26.566000,425.219000,OK
7,13,adjacent,620,30,32,176,FWD,E10,E11,E8,E9,13.418000,298.176000,OK
7,13,adjacent,620,30,32,177,REV,E11,E10,E8,E9,19.340000,424.820000,OK
7,13,adjacent,620,30,32,178,FWD,E10,E11,E12,E1,14.570000,298.016000,OK
7,13,adjacent,620,30,32,179,REV,E11,E10,E12,E1,24.973000,424.301000,OK
7,13,adjacent,620,30,32,180,FWD,E11,E12,E1,E2,-68.914000,253.168000,OK
7,13,adjacent,620,30,32,181,REV,E12,E11,E1,E2,-62.289000,328.700000,OK
7,13,adjacent,620,30,32,182,FWD,E11,E12,E2,E3,20.973000,290.475000,OK
7,13,adjacent,620,30,32,183,REV,E12,E11,E2,E3,26.039000,320.400000,OK
7,13,adjacent,620,30,32,184,FWD,E11,E12,E3,E4,5.156000,294.585000,OK
7,13,adjacent,620,30,32,185,REV,E12,E11,E3,E4,6.992000,317.567000,OK
7,13,adjacent,620,30,32,186,FWD,E11,E12,E4,E5,21.676000,296.899000,OK
7,13,adjacent,620,30,32,187,REV,E12,E11,E4,E5,22.570000,316.291000,OK
7,13,adjacent,620,30,32,188,FWD,E11,E12,E5,E6,-1.648000,297.458000,OK
7,13,adjacent,620,30,32,189,REV,E12,E11,E5,E6,-0.684000,316.330000,OK
7,13,adjacent,620,30,32,190,FWD,E11,E12,E6,E7,-48.141000,297.657000,OK
7,13,adjacent,620,30,32,191,REV,E12,E11,E6,E7,-47.313000,315.293000,OK
7,13,adjacent,620,30,32,192,FWD,E11,E12,E7,E8,24.281000,298.495000,OK
7,13,adjacent,620,30,32,193,REV,E12,E11,E7,E8,25.719000,315.692000,OK
7,13,adjacent,620,30,32,194,FWD,E11,E12,E8,E9,15.930000,298.615000,OK
7,13,adjacent,620,30,32,195,REV,E12,E11,E8,E9,18.137000,315.413000,OK
7,13,adjacent,620,30,32,196,FWD,E11,E12,E9,E10,-202.602000,299.253000,OK
7,13,adjacent,620,30,32,197,REV,E12,E11,E9,E10,-197.336000,314.455000,OK
7,13,adjacent,620,30,32,198,FWD,E12,E1,E2,E3,15.629000,273.437000,OK
7,13,adjacent,620,30,32,199,REV,E1,E12,E2,E3,31.953000,314.615000,OK
7,13,adjacent,620,30,32,200,FWD,E12,E1,E3,E4,3.402000,293.308000,OK
7,13,adjacent,620,30,32,201,REV,E1,E12,E3,E4,8.742000,314.974000,OK
7,13,adjacent,620,30,32,202,FWD,E12,E1,E4,E5,20.992000,294.345000,OK
7,13,adjacent,620,30,32,203,REV,E1,E12,E4,E5,23.293000,311.542000,OK
7,13,adjacent,620,30,32,204,FWD,E12,E1,E5,E6,-2.090000,291.871000,OK
7,13,adjacent,620,30,32,205,REV,E1,E12,E5,E6,-0.168000,310.425000,OK
7,13,adjacent,620,30,32,206,FWD,E12,E1,E6,E7,-48.414000,294.944000,OK
7,13,adjacent,620,30,32,207,REV,E1,E12,E6,E7,-47.047000,309.268000,OK
7,13,adjacent,620,30,32,208,FWD,E12,E1,E7,E8,24.125000,296.300000,OK
7,13,adjacent,620,30,32,209,REV,E1,E12,E7,E8,25.953000,307.872000,OK
7,13,adjacent,620,30,32,210,FWD,E12,E1,E8,E9,16.383000,296.620000,OK
7,13,adjacent,620,30,32,211,REV,E1,E12,E8,E9,18.516000,308.590000,OK
7,13,adjacent,620,30,32,212,FWD,E12,E1,E9,E10,-208.336000,296.620000,OK
7,13,adjacent,620,30,32,213,REV,E1,E12,E9,E10,-205.492000,308.271000,OK
7,13,adjacent,620,30,32,214,FWD,E12,E1,E10,E11,188.219000,297.059000,OK
7,13,adjacent,620,30,32,215,REV,E1,E12,E10,E11,197.957000,307.792000,OK
8,14,adjacent,620,30,32,0,FWD,E1,E2,E3,E4,2.461000,332.490000,OK
8,14,adjacent,620,30,32,1,REV,E2,E1,E3,E4,9.063000,305.597000,OK
8,14,adjacent,620,30,32,2,FWD,E1,E2,E4,E5,20.941000,349.528000,OK
8,14,adjacent,620,30,32,3,REV,E2,E1,E4,E5,23.465000,302.724000,OK
8,14,adjacent,620,30,32,4,FWD,E1,E2,E5,E6,-2.270000,351.203000,OK
8,14,adjacent,620,30,32,5,REV,E2,E1,E5,E6,-0.316000,301.567000,OK
8,14,adjacent,620,30,32,6,FWD,E1,E2,E6,E7,-48.516000,352.041000,OK
8,14,adjacent,620,30,32,7,REV,E2,E1,E6,E7,-47.344000,301.926000,OK
8,14,adjacent,620,30,32,8,FWD,E1,E2,E7,E8,24.375000,351.443000,OK
8,14,adjacent,620,30,32,9,REV,E2,E1,E7,E8,25.637000,301.887000,OK
8,14,adjacent,620,30,32,10,FWD,E1,E2,E8,E9,16.977000,351.642000,OK
8,14,adjacent,620,30,32,11,REV,E2,E1,E8,E9,18.277000,301.607000,OK
8,14,adjacent,620,30,32,12,FWD,E1,E2,E9,E10,-210.836000,351.762000,OK
8,14,adjacent,620,30,32,13,REV,E2,E1,E9,E10,-209.414000,301.847000,OK
8,14,adjacent,620,30,32,14,FWD,E1,E2,E10,E11,194.191000,352.161000,OK
8,14,adjacent,620,30,32,15,REV,E2,E1,E10,E11,197.293000,302.126000,OK
8,14,adjacent,620,30,32,16,FWD,E1,E2,E11,E12,12.438000,351.842000,OK
8,14,adjacent,620,30,32,17,REV,E2,E1,E11,E12,19.777000,301.567000,OK
8,14,adjacent,620,30,32,18,FWD,E2,E3,E4,E5,19.707000,303.163000,OK
8,14,adjacent,620,30,32,19,REV,E3,E2,E4,E5,25.387000,359.702000,OK
8,14,adjacent,620,30,32,20,FWD,E2,E3,E5,E6,-2.910000,328.540000,OK
8,14,adjacent,620,30,32,21,REV,E3,E2,E5,E6,0.531000,354.555000,OK
8,14,adjacent,620,30,32,22,FWD,E2,E3,E6,E7,-48.727000,331.413000,OK
8,14,adjacent,620,30,32,23,REV,E3,E2,E6,E7,-47.008000,353.398000,OK
8,14,adjacent,620,30,32,24,FWD,E2,E3,E7,E8,24.363000,332.131000,OK
8,14,adjacent,620,30,32,25,REV,E3,E2,E7,E8,25.887000,353.238000,OK
8,14,adjacent,620,30,32,26,FWD,E2,E3,E8,E9,17.184000,332.131000,OK
8,14,adjacent,620,30,32,27,REV,E3,E2,E8,E9,18.582000,358.505000,OK
8,14,adjacent,620,30,32,28,FWD,E2,E3,E9,E10,-212.930000,331.971000,OK
8,14,adjacent,620,30,32,29,REV,E3,E2,E9,E10,-211.305000,354.994000,OK
8,14,adjacent,620,30,32,30,FWD,E2,E3,E10,E11,196.652000,334.166000,OK
8,14,adjacent,620,30,32,31,REV,E3,E2,E10,E11,199.270000,348.809000,OK
8,14,adjacent,620,30,32,32,FWD,E2,E3,E11,E12,13.188000,333.727000,OK
8,14,adjacent,620,30,32,33,REV,E3,E2,E11,E12,18.961000,351.762000,OK
8,14,adjacent,620,30,32,34,FWD,E2,E3,E12,E1,10.680000,332.849000,OK
8,14,adjacent,620,30,32,35,REV,E3,E2,E12,E1,29.051000,352.041000,OK
8,14,adjacent,620,30,32,36,FWD,E3,E4,E1,E2,-54.961000,327.981000,OK
8,14,adjacent,620,30,32,37,REV,E4,E3,E1,E2,-55.137000,370.316000,OK
8,14,adjacent,620,30,32,38,FWD,E3,E4,E5,E6,-4.660000,351.642000,OK
8,14,adjacent,620,30,32,39,REV,E4,E3,E5,E6,2.344000,367.323000,OK
8,14,adjacent,620,30,32,40,FWD,E3,E4,E6,E7,-49.148000,353.358000,OK
8,14,adjacent,620,30,32,41,REV,E4,E3,E6,E7,-46.734000,366.126000,OK
8,14,adjacent,620,30,32,42,FWD,E3,E4,E7,E8,24.309000,353.677000,OK
8,14,adjacent,620,30,32,43,REV,E4,E3,E7,E8,25.879000,365.607000,OK
8,14,adjacent,620,30,32,44,FWD,E3,E4,E8,E9,17.473000,354.316000,OK
8,14,adjacent,620,30,32,45,REV,E4,E3,E8,E9,18.504000,365.607000,OK
8,14,adjacent,620,30,32,46,FWD,E3,E4,E9,E10,-213.836000,353.917000,OK
8,14,adjacent,620,30,32,47,REV,E4,E3,E9,E10,-212.961000,365.807000,OK
8,14,adjacent,620,30,32,48,FWD,E3,E4,E10,E11,198.781000,355.313000,OK
8,14,adjacent,620,30,32,49,REV,E4,E3,E10,E11,200.000000,365.408000,OK
8,14,adjacent,620,30,32,50,FWD,E3,E4,E11,E12,14.676000,354.675000,OK
8,14,adjacent,620,30,32,51,REV,E4,E3,E11,E12,16.855000,365.767000,OK
8,14,adjacent,620,30,32,52,FWD,E3,E4,E12,E1,16.734000,354.555000,OK
8,14,adjacent,620,30,32,53,REV,E4,E3,E12,E1,23.082000,365.009000,OK
8,14,adjacent,620,30,32,54,FWD,E4,E5,E1,E2,-67.656000,372.670000,OK
8,14,adjacent,620,30,32,55,REV,E5,E4,E1,E2,-64.586000,417.797000,OK
8,14,adjacent,620,30,32,56,FWD,E4,E5,E2,E3,20.687000,390.665000,OK
8,14,adjacent,620,30,32,57,REV,E5,E4,E2,E3,27.051000,418.675000,OK
8,14,adjacent,620,30,32,58,FWD,E4,E5,E6,E7,-51.293000,392.620000,OK
8,14,adjacent,620,30,32,59,REV,E5,E4,E6,E7,-44.520000,415.643000,OK
8,14,adjacent,620,30,32,60,FWD,E4,E5,E7,E8,23.434000,389.747000,OK
8,14,adjacent,620,30,32,61,REV,E5,E4,E7,E8,26.777000,414.685000,OK
8,14,adjacent,620,30,32,62,FWD,E4,E5,E8,E9,17.207000,391.902000,OK
8,14,adjacent,620,30,32,63,REV,E5,E4,E8,E9,18.875000,413.408000,OK
8,14,adjacent,620,30,32,64,FWD,E4,E5,E9,E10,-215.000000,393.139000,OK
8,14,adjacent,620,30,32,65,REV,E5,E4,E9,E10,-213.867000,413.488000,OK
8,14,adjacent,620,30,32,66,FWD,E4,E5,E10,E11,200.035000,393.059000,OK
8,14,adjacent,620,30,32,67,REV,E5,E4,E10,E11,200.984000,413.488000,OK
8,14,adjacent,620,30,32,68,FWD,E4,E5,E11,E12,14.980000,393.338000,OK
8,14,adjacent,620,30,32,69,REV,E5,E4,E11,E12,16.238000,413.169000,OK
8,14,adjacent,620,30,32,70,FWD,E4,E5,E12,E1,18.480000,393.657000,OK
8,14,adjacent,620,30,32,71,REV,E5,E4,E12,E1,21.598000,417.957000,OK
8,14,adjacent,620,30,32,72,FWD,E5,E6,E1,E2,-67.875000,375.782000,OK
8,14,adjacent,620,30,32,73,REV,E6,E5,E1,E2,-65.488000,404.670000,OK
8,14,adjacent,620,30,32,74,FWD,E5,E6,E2,E3,20.363000,390.465000,OK
8,14,adjacent,620,30,32,75,REV,E6,E5,E2,E3,24.426000,399.523000,OK
8,14,adjacent,620,30,32,76,FWD,E5,E6,E3,E4,3.027000,395.652000,OK
8,14,adjacent,620,30,32,77,REV,E6,E5,E3,E4,10.668000,397.967000,OK
8,14,adjacent,620,30,32,78,FWD,E5,E6,E7,E8,20.035000,396.929000,OK
8,14,adjacent,620,30,32,79,REV,E6,E5,E7,E8,29.930000,398.046000,OK
8,14,adjacent,620,30,32,80,FWD,E5,E6,E8,E9,16.059000,396.969000,OK
8,14,adjacent,620,30,32,81,REV,E6,E5,E8,E9,20.207000,403.832000,OK
8,14,adjacent,620,30,32,82,FWD,E5,E6,E9,E10,-216.492000,396.730000,OK
8,14,adjacent,620,30,32,83,REV,E6,E5,E9,E10,-214.016000,399.962000,OK
8,14,adjacent,620,30,32,84,FWD,E5,E6,E10,E11,200.602000,392.660000,OK
8,14,adjacent,620,30,32,85,REV,E6,E5,E10,E11,202.016000,399.603000,OK
8,14,adjacent,620,30,32,86,FWD,E5,E6,E11,E12,14.852000,396.530000,OK
8,14,adjacent,620,30,32,87,REV,E6,E5,E11,E12,16.137000,398.485000,OK
8,14,adjacent,620,30,32,88,FWD,E5,E6,E12,E1,18.832000,396.690000,OK
8,14,adjacent,620,30,32,89,REV,E6,E5,E12,E1,21.402000,397.647000,OK
8,14,adjacent,620,30,32,90,FWD,E6,E7,E1,E2,-67.641000,371.992000,OK
8,14,adjacent,620,30,32,91,REV,E7,E6,E1,E2,-66.344000,353.278000,OK
8,14,adjacent,620,30,32,92,FWD,E6,E7,E2,E3,21.469000,392.381000,OK
8,14,adjacent,620,30,32,93,REV,E7,E6,E2,E3,23.355000,349.049000,OK
8,14,adjacent,620,30,32,94,FWD,E6,E7,E3,E4,5.109000,393.538000,OK
8,14,adjacent,620,30,32,95,REV,E7,E6,E3,E4,7.551000,349.528000,OK
8,14,adjacent,620,30,32,96,FWD,E6,E7,E4,E5,19.453000,393.618000,OK
8,14,adjacent,620,30,32,97,REV,E7,E6,E4,E5,25.457000,348.769000,OK
8,14,adjacent,620,30,32,98,FWD,E6,E7,E8,E9,14.605000,394.256000,OK
8,14,adjacent,620,30,32,99,REV,E7,E6,E8,E9,21.129000,349.009000,OK
8,14,adjacent,620,30,32,100,FWD,E6,E7,E9,E10,-217.555000,394.216000,OK
8,14,adjacent,620,30,32,101,REV,E7,E6,E9,E10,-214.234000,354.635000,OK
8,14,adjacent,620,30,32,102,FWD,E6,E7,E10,E11,201.133000,394.655000,OK
8,14,adjacent,620,30,32,103,REV,E7,E6,E10,E11,202.664000,351.802000,OK
8,14,adjacent,620,30,32,104,FWD,E6,E7,E11,E12,14.813000,391.303000,OK
8,14,adjacent,620,30,32,105,REV,E7,E6,E11,E12,15.902000,350.445000,OK
8,14,adjacent,620,30,32,106,FWD,E6,E7,E12,E1,19.281000,394.056000,OK
8,14,adjacent,620,30,32,107,REV,E7,E6,E12,E1,20.992000,349.607000,OK
8,14,adjacent,620,30,32,108,FWD,E7,E8,E1,E2,-67.605000,297.178000,OK
8,14,adjacent,620,30,32,109,REV,E8,E7,E1,E2,-66.316000,344.181000,OK
8,14,adjacent,620,30,32,110,FWD,E7,E8,E2,E3,21.727000,315.852000,OK
8,14,adjacent,620,30,32,111,REV,E8,E7,E2,E3,23.270000,341.388000,OK
8,14,adjacent,620,30,32,112,FWD,E7,E8,E3,E4,5.684000,317.049000,OK
8,14,adjacent,620,30,32,113,REV,E8,E7,E3,E4,7.125000,341.468000,OK
8,14,adjacent,620,30,32,114,FWD,E7,E8,E4,E5,21.148000,317.647000,OK
8,14,adjacent,620,30,32,115,REV,E8,E7,E4,E5,23.875000,340.271000,OK
8,14,adjacent,620,30,32,116,FWD,E7,E8,E5,E6,-5.453000,318.126000,OK
8,14,adjacent,620,30,32,117,REV,E8,E7,E5,E6,2.754000,340.789000,OK
8,14,adjacent,620,30,32,118,FWD,E7,E8,E9,E10,-220.164000,318.206000,OK
8,14,adjacent,620,30,32,119,REV,E8,E7,E9,E10,-212.086000,341.069000,OK
8,14,adjacent,620,30,32,120,FWD,E7,E8,E10,E11,201.113000,318.006000,OK
8,14,adjacent,620,30,32,121,REV,E8,E7,E10,E11,204.008000,345.897000,OK
8,14,adjacent,620,30,32,122,FWD,E7,E8,E11,E12,14.516000,318.645000,OK
8,14,adjacent,620,30,32,123,REV,E8,E7,E11,E12,16.129000,343.024000,OK
8,14,adjacent,620,30,32,124,FWD,E7,E8,E12,E1,19.285000,314.814000,OK
8,14,adjacent,620,30,32,125,REV,E8,E7,E12,E1,21.207000,342.425000,OK
8,14,adjacent,620,30,32,126,FWD,E8,E9,E1,E2,-67.625000,283.572000,OK
8,14,adjacent,620,30,32,127,REV,E9,E8,E1,E2,-66.422000,327.702000,OK
8,14,adjacent,620,30,32,128,FWD,E8,E9,E2,E3,21.859000,303.682000,OK
8,14,adjacent,620,30,32,129,REV,E9,E8,E2,E3,23.156000,323.632000,OK
8,14,adjacent,620,30,32,130,FWD,E8,E9,E3,E4,5.969000,304.520000,OK
8,14,adjacent,620,30,32,131,REV,E9,E8,E3,E4,6.863000,322.754000,OK
8,14,adjacent,620,30,32,132,FWD,E8,E9,E4,E5,21.793000,305.916000,OK
8,14,adjacent,620,30,32,133,REV,E9,E8,E4,E5,23.113000,322.036000,OK
8,14,adjacent,620,30,32,134,FWD,E8,E9,E5,E6,-2.918000,306.236000,OK
8,14,adjacent,620,30,32,135,REV,E9,E8,E5,E6,0.332000,322.635000,OK
8,14,adjacent,620,30,32,136,FWD,E8,E9,E6,E7,-50.141000,305.877000,OK
8,14,adjacent,620,30,32,137,REV,E9,E8,E6,E7,-44.672000,321.717000,OK
8,14,adjacent,620,30,32,138,FWD,E8,E9,E10,E11,200.453000,307.074000,OK
8,14,adjacent,620,30,32,139,REV,E9,E8,E10,E11,205.930000,321.079000,OK
8,14,adjacent,620,30,32,140,FWD,E8,E9,E11,E12,14.141000,306.595000,OK
8,14,adjacent,620,30,32,141,REV,E9,E8,E11,E12,16.387000,321.877000,OK
8,14,adjacent,620,30,32,142,FWD,E8,E9,E12,E1,19.137000,312.101000,OK
8,14,adjacent,620,30,32,143,REV,E9,E8,E12,E1,21.359000,321.757000,OK
8,14,adjacent,620,30,32,144,FWD,E9,E10,E1,E2,-68.289000,455.304000,OK
8,14,adjacent,620,30,32,145,REV,E10,E9,E1,E2,-66.539000,280.819000,OK
8,14,adjacent,620,30,32,146,FWD,E9,E10,E2,E3,21.465000,467.433000,OK
8,14,adjacent,620,30,32,147,REV,E10,E9,E2,E3,23.125000,289.876000,OK
8,14,adjacent,620,30,32,148,FWD,E9,E10,E3,E4,5.816000,464.042000,OK
8,14,adjacent,620,30,32,149,REV,E10,E9,E3,E4,6.785000,293.467000,OK
8,14,adjacent,620,30,32,150,FWD,E9,E10,E4,E5,21.801000,462.127000,OK
8,14,adjacent,620,30,32,151,REV,E10,E9,E4,E5,22.855000,296.460000,OK
8,14,adjacent,620,30,32,152,FWD,E9,E10,E5,E6,-2.602000,460.012000,OK
8,14,adjacent,620,30,32,153,REV,E10,E9,E5,E6,-0.383000,298.216000,OK
8,14,adjacent,620,30,32,154,FWD,E9,E10,E6,E7,-49.746000,459.413000,OK
8,14,adjacent,620,30,32,155,REV,E10,E9,E6,E7,-46.453000,298.734000,OK
8,14,adjacent,620,30,32,156,FWD,E9,E10,E7,E8,19.473000,458.416000,OK
8,14,adjacent,620,30,32,157,REV,E10,E9,E7,E8,28.320000,300.610000,OK
8,14,adjacent,620,30,32,158,FWD,E9,E10,E11,E12,10.496000,465.957000,OK
8,14,adjacent,620,30,32,159,REV,E10,E9,E11,E12,17.504000,299.772000,OK
8,14,adjacent,620,30,32,160,FWD,E9,E10,E12,E1,17.914000,460.132000,OK
8,14,adjacent,620,30,32,161,REV,E10,E9,E12,E1,21.633000,291.871000,OK
8,14,adjacent,620,30,32,162,FWD,E10,E11,E1,E2,-68.359000,227.353000,OK
8,14,adjacent,620,30,32,163,REV,E11,E10,E1,E2,-65.422000,447.483000,OK
8,14,adjacent,620,30,32,164,FWD,E10,E11,E2,E3,21.703000,283.971000,OK
8,14,adjacent,620,30,32,165,REV,E11,E10,E2,E3,24.293000,433.558000,OK
8,14,adjacent,620,30,32,166,FWD,E10,E11,E3,E4,6.051000,291.353000,OK
8,14,adjacent,620,30,32,167,REV,E11,E10,E3,E4,7.113000,430.286000,OK
8,14,adjacent,620,30,32,168,FWD,E10,E11,E4,E5,22.121000,293.946000,OK
8,14,adjacent,620,30,32,169,REV,E11,E10,E4,E5,22.812000,428.251000,OK
8,14,adjacent,620,30,32,170,FWD,E10,E11,E5,E6,-1.512000,295.782000,OK
8,14,adjacent,620,30,32,171,REV,E11,E10,E5,E6,-0.375000,426.456000,OK
8,14,adjacent,620,30,32,172,FWD,E10,E11,E6,E7,-48.262000,296.061000,OK
8,14,adjacent,620,30,32,173,REV,E11,E10,E6,E7,-46.910000,426.136000,OK
8,14,adjacent,620,30,32,174,FWD,E10,E11,E7,E8,23.715000,308.829000,OK
8,14,adjacent,620,30,32,175,REV,E11,E10,E7,E8,26.648000,424.381000,OK
8,14,adjacent,620,30,32,176,FWD,E10,E11,E8,E9,12.852000,302.485000,OK
8,14,adjacent,620,30,32,177,REV,E11,E10,E8,E9,18.832000,415.563000,OK
8,14,adjacent,620,30,32,178,FWD,E10,E11,E12,E1,16.141000,301.088000,OK
8,14,adjacent,620,30,32,179,REV,E11,E10,E12,E1,26.574000,422.785000,OK
8,14,adjacent,620,30,32,180,FWD,E11,E12,E1,E2,-70.406000,252.809000,OK
8,14,adjacent,620,30,32,181,REV,E12,E11,E1,E2,-63.777000,329.099000,OK
8,14,adjacent,620,30,32,182,FWD,E11,E12,E2,E3,20.434000,290.874000,OK
8,14,adjacent,620,30,32,183,REV,E12,E11,E2,E3,25.492000,320.041000,OK
8,14,adjacent,620,30,32,184,FWD,E11,E12,E3,E4,5.488000,294.824000,OK
8,14,adjacent,620,30,32,185,REV,E12,E11,E3,E4,7.297000,317.687000,OK
8,14,adjacent,620,30,32,186,FWD,E11,E12,E4,E5,21.758000,296.699000,OK
8,14,adjacent,620,30,32,187,REV,E12,E11,E4,E5,22.680000,316.450000,OK
8,14,adjacent,620,30,32,188,FWD,E11,E12,E5,E6,-1.375000,297.258000,OK
8,14,adjacent,620,30,32,189,REV,E12,E11,E5,E6,-0.383000,316.091000,OK
8,14,adjacent,620,30,32,190,FWD,E11,E12,E6,E7,-48.230000,297.657000,OK
8,14,adjacent,620,30,32,191,REV,E12,E11,E6,E7,-47.371000,316.051000,OK
8,14,adjacent,620,30,32,192,FWD,E11,E12,E7,E8,24.176000,298.295000,OK
8,14,adjacent,620,30,32,193,REV,E12,E11,E7,E8,25.586000,315.532000,OK
8,14,adjacent,620,30,32,194,FWD,E11,E12,E8,E9,15.465000,298.894000,OK
8,14,adjacent,620,30,32,195,REV,E12,E11,E8,E9,17.648000,315.094000,OK
8,14,adjacent,620,30,32,196,FWD,E11,E12,E9,E10,-201.379000,305.318000,OK
8,14,adjacent,620,30,32,197,REV,E12,E11,E9,E10,-196.070000,314.535000,OK
8,14,adjacent,620,30,32,198,FWD,E12,E1,E2,E3,14.895000,274.674000,OK
8,14,adjacent,620,30,32,199,REV,E1,E12,E2,E3,31.215000,311.782000,OK
8,14,adjacent,620,30,32,200,FWD,E12,E1,E3,E4,3.688000,294.625000,OK
8,14,adjacent,620,30,32,201,REV,E1,E12,E3,E4,8.969000,309.547000,OK
8,14,adjacent,620,30,32,202,FWD,E12,E1,E4,E5,21.074000,294.984000,OK
8,14,adjacent,620,30,32,203,REV,E1,E12,E4,E5,23.363000,309.029000,OK
8,14,adjacent,620,30,32,204,FWD,E12,E1,E5,E6,-1.801000,295.782000,OK
8,14,adjacent,620,30,32,205,REV,E1,E12,E5,E6,0.184000,308.071000,OK
8,14,adjacent,620,30,32,206,FWD,E12,E1,E6,E7,-48.512000,296.779000,OK
8,14,adjacent,620,30,32,207,REV,E1,E12,E6,E7,-47.211000,308.550000,OK
8,14,adjacent,620,30,32,208,FWD,E12,E1,E7,E8,24.000000,296.540000,OK
8,14,adjacent,620,30,32,209,REV,E1,E12,E7,E8,25.754000,312.460000,OK
8,14,adjacent,620,30,32,210,FWD,E12,E1,E8,E9,15.859000,295.862000,OK
8,14,adjacent,620,30,32,211,REV,E1,E12,E8,E9,17.953000,310.425000,OK
8,14,adjacent,620,30,32,212,FWD,E12,E1,E9,E10,-207.656000,292.829000,OK
8,14,adjacent,620,30,32,213,REV,E1,E12,E9,E10,-204.867000,309.388000,OK
8,14,adjacent,620,30,32,214,FWD,E12,E1,E10,E11,187.961000,295.702000,OK
8,14,adjacent,620,30,32,215,REV,E1,E12,E10,E11,197.766000,308.630000,OK
9,15,adjacent,620,30,32,0,FWD,E1,E2,E3,E4,2.738000,332.849000,OK
9,15,adjacent,620,30,32,1,REV,E2,E1,E3,E4,9.301000,306.196000,OK
9,15,adjacent,620,30,32,2,FWD,E1,E2,E4,E5,20.820000,349.767000,OK
9,15,adjacent,620,30,32,3,REV,E2,E1,E4,E5,23.324000,302.086000,OK
9,15,adjacent,620,30,32,4,FWD,E1,E2,E5,E6,-1.840000,351.722000,OK
9,15,adjacent,620,30,32,5,REV,E2,E1,E5,E6,0.113000,302.086000,OK
9,15,adjacent,620,30,32,6,FWD,E1,E2,E6,E7,-48.570000,356.151000,OK
9,15,adjacent,620,30,32,7,REV,E2,E1,E6,E7,-47.383000,300.769000,OK
9,15,adjacent,620,30,32,8,FWD,E1,E2,E7,E8,24.141000,353.278000,OK
9,15,adjacent,620,30,32,9,REV,E2,E1,E7,E8,25.430000,297.059000,OK
9,15,adjacent,620,30,32,10,FWD,E1,E2,E8,E9,16.367000,353.198000,OK
9,15,adjacent,620,30,32,11,REV,E2,E1,E8,E9,17.703000,300.330000,OK
9,15,adjacent,620,30,32,12,FWD,E1,E2,E9,E10,-210.742000,352.161000,OK
9,15,adjacent,620,30,32,13,REV,E2,E1,E9,E10,-209.344000,301.128000,OK
9,15,adjacent,620,30,32,14,FWD,E1,E2,E10,E11,194.391000,352.400000,OK
9,15,adjacent,620,30,32,15,REV,E2,E1,E10,E11,197.461000,301.328000,OK
9,15,adjacent,620,30,32,16,FWD,E1,E2,E11,E12,12.582000,352.041000,OK
9,15,adjacent,620,30,32,17,REV,E2,E1,E11,E12,19.906000,301.767000,OK
9,15,adjacent,620,30,32,18,FWD,E2,E3,E4,E5,19.473000,303.083000,OK
9,15,adjacent,620,30,32,19,REV,E3,E2,E4,E5,25.148000,359.582000,OK
9,15,adjacent,620,30,32,20,FWD,E2,E3,E5,E6,-2.465000,334.605000,OK
9,15,adjacent,620,30,32,21,REV,E3,E2,E5,E6,1.023000,354.196000,OK
9,15,adjacent,620,30,32,22,FWD,E2,E3,E6,E7,-48.773000,333.208000,OK
9,15,adjacent,620,30,32,23,REV,E3,E2,E6,E7,-47.063000,348.131000,OK
9,15,adjacent,620,30,32,24,FWD,E2,E3,E7,E8,24.125000,333.288000,OK
9,15,adjacent,620,30,32,25,REV,E3,E2,E7,E8,25.711000,351.642000,OK
9,15,adjacent,620,30,32,26,FWD,E2,E3,E8,E9,16.512000,333.248000,OK
9,15,adjacent,620,30,32,27,REV,E3,E2,E8,E9,17.887000,351.562000,OK
9,15,adjacent,620,30,32,28,FWD,E2,E3,E9,E10,-212.227000,333.129000,OK
9,15,adjacent,620,30,32,29,REV,E3,E2,E9,E10,-210.773000,352.041000,OK
9,15,adjacent,620,30,32,30,FWD,E2,E3,E10,E11,196.680000,332.929000,OK
9,15,adjacent,620,30,32,31,REV,E3,E2,E10,E11,199.328000,352.161000,OK
9,15,adjacent,620,30,32,32,FWD,E2,E3,E11,E12,13.367000,333.687000,OK
9,15,adjacent,620,30,32,33,REV,E3,E2,E11,E12,19.113000,352.281000,OK
9,15,adjacent,620,30,32,34,FWD,E2,E3,E12,E1,10.809000,339.433000,OK
9,15,adjacent,620,30,32,35,REV,E3,E2,E12,E1,29.547000,351.004000,OK
9,15,adjacent,620,30,32,36,FWD,E3,E4,E1,E2,-54.031000,329.418000,OK
9,15,adjacent,620,30,32,37,REV,E4,E3,E1,E2,-55.277000,368.361000,OK
9,15,adjacent,620,30,32,38,FWD,E3,E4,E5,E6,-4.289000,351.443000,OK
9,15,adjacent,620,30,32,39,REV,E4,E3,E5,E6,2.672000,365.767000,OK
9,15,adjacent,620,30,32,40,FWD,E3,E4,E6,E7,-49.152000,353.238000,OK
9,15,adjacent,620,30,32,41,REV,E4,E3,E6,E7,-46.813000,365.568000,OK
9,15,adjacent,620,30,32,42,FWD,E3,E4,E7,E8,24.305000,353.358000,OK
9,15,adjacent,620,30,32,43,REV,E4,E3,E7,E8,25.871000,364.969000,OK
9,15,adjacent,620,30,32,44,FWD,E3,E4,E8,E9,16.617000,353.797000,OK
9,15,adjacent,620,30,32,45,REV,E4,E3,E8,E9,17.641000,365.129000,OK
9,15,adjacent,620,30,32,46,FWD,E3,E4,E9,E10,-213.773000,353.917000,OK
9,15,adjacent,620,30,32,47,REV,E4,E3,E9,E10,-212.953000,365.169000,OK
9,15,adjacent,620,30,32,48,FWD,E3,E4,E10,E11,199.445000,353.996000,OK
9,15,adjacent,620,30,32,49,REV,E4,E3,E10,E11,200.699000,365.169000,OK
9,15,adjacent,620,30,32,50,FWD,E3,E4,E11,E12,14.828000,354.834000,OK
9,15,adjacent,620,30,32,51,REV,E4,E3,E11,E12,16.988000,364.929000,OK
9,15,adjacent,620,30,32,52,FWD,E3,E4,E12,E1,16.906000,359.702000,OK
9,15,adjacent,620,30,32,53,REV,E4,E3,E12,E1,23.277000,365.448000,OK
9,15,adjacent,620,30,32,54,FWD,E4,E5,E1,E2,-67.758000,373.707000,OK
9,15,adjacent,620,30,32,55,REV,E5,E4,E1,E2,-64.672000,414.845000,OK
9,15,adjacent,620,30,32,56,FWD,E4,E5,E2,E3,20.297000,392.341000,OK
9,15,adjacent,620,30,32,57,REV,E5,E4,E2,E3,26.535000,412.889000,OK
9,15,adjacent,620,30,32,58,FWD,E4,E5,E6,E7,-51.266000,392.301000,OK
9,15,adjacent,620,30,32,59,REV,E5,E4,E6,E7,-44.586000,413.727000,OK
9,15,adjacent,620,30,32,60,FWD,E4,E5,E7,E8,23.477000,393.099000,OK
9,15,adjacent,620,30,32,61,REV,E5,E4,E7,E8,26.840000,413.169000,OK
9,15,adjacent,620,30,32,62,FWD,E4,E5,E8,E9,16.250000,393.418000,OK
9,15,adjacent,620,30,32,63,REV,E5,E4,E8,E9,17.914000,413.368000,OK
9,15,adjacent,620,30,32,64,FWD,E4,E5,E9,E10,-215.055000,393.418000,OK
9,15,adjacent,620,30,32,65,REV,E5,E4,E9,E10,-214.008000,413.129000,OK
9,15,adjacent,620,30,32,66,FWD,E4,E5,E10,E11,200.801000,393.258000,OK
9,15,adjacent,620,30,32,67,REV,E5,E4,E10,E11,201.797000,412.730000,OK
9,15,adjacent,620,30,32,68,FWD,E4,E5,E11,E12,15.086000,393.897000,OK
9,15,adjacent,620,30,32,69,REV,E5,E4,E11,E12,16.312000,417.119000,OK
9,15,adjacent,620,30,32,70,FWD,E4,E5,E12,E1,18.586000,394.056000,OK
9,15,adjacent,620,30,32,71,REV,E5,E4,E12,E1,21.730000,414.805000,OK
9,15,adjacent,620,30,32,72,FWD,E5,E6,E1,E2,-67.898000,373.149000,OK
9,15,adjacent,620,30,32,73,REV,E6,E5,E1,E2,-65.570000,402.116000,OK
9,15,adjacent,620,30,32,74,FWD,E5,E6,E2,E3,20.258000,394.136000,OK
9,15,adjacent,620,30,32,75,REV,E6,E5,E2,E3,24.309000,398.805000,OK
9,15,adjacent,620,30,32,76,FWD,E5,E6,E3,E4,3.051000,395.972000,OK
9,15,adjacent,620,30,32,77,REV,E6,E5,E3,E4,10.699000,398.525000,OK
9,15,adjacent,620,30,32,78,FWD,E5,E6,E7,E8,20.129000,396.770000,OK
9,15,adjacent,620,30,32,79,REV,E6,E5,E7,E8,30.027000,397.767000,OK
9,15,adjacent,620,30,32,80,FWD,E5,E6,E8,E9,15.027000,396.371000,OK
9,15,adjacent,620,30,32,81,REV,E6,E5,E8,E9,19.227000,398.246000,OK
9,15,adjacent,620,30,32,82,FWD,E5,E6,E9,E10,-216.742000,396.251000,OK
9,15,adjacent,620,30,32,83,REV,E6,E5,E9,E10,-214.328000,397.847000,OK
9,15,adjacent,620,30,32,84,FWD,E5,E6,E10,E11,201.617000,396.530000,OK
9,15,adjacent,620,30,32,85,REV,E6,E5,E10,E11,203.027000,397.488000,OK
9,15,adjacent,620,30,32,86,FWD,E5,E6,E11,E12,14.867000,396.730000,OK
9,15,adjacent,620,30,32,87,REV,E6,E5,E11,E12,16.168000,398.046000,OK
9,15,adjacent,620,30,32,88,FWD,E5,E6,E12,E1,18.879000,397.089000,OK
9,15,adjacent,620,30,32,89,REV,E6,E5,E12,E1,21.477000,402.954000,OK
9,15,adjacent,620,30,32,90,FWD,E6,E7,E1,E2,-67.633000,375.343000,OK
9,15,adjacent,620,30,32,91,REV,E7,E6,E1,E2,-66.297000,354.116000,OK
9,15,adjacent,620,30,32,92,FWD,E6,E7,E2,E3,21.437000,389.428000,OK
9,15,adjacent,620,30,32,93,REV,E7,E6,E2,E3,23.336000,349.847000,OK
9,15,adjacent,620,30,32,94,FWD,E6,E7,E3,E4,5.145000,393.498000,OK
9,15,adjacent,620,30,32,95,REV,E7,E6,E3,E4,7.586000,348.650000,OK
9,15,adjacent,620,30,32,96,FWD,E6,E7,E4,E5,19.039000,394.495000,OK
9,15,adjacent,620,30,32,97,REV,E7,E6,E4,E5,25.121000,348.570000,OK
9,15,adjacent,620,30,32,98,FWD,E6,E7,E8,E9,13.574000,394.176000,OK
9,15,adjacent,620,30,32,99,REV,E7,E6,E8,E9,20.094000,348.969000,OK
9,15,adjacent,620,30,32,100,FWD,E6,E7,E9,E10,-217.758000,394.376000,OK
9,15,adjacent,620,30,32,101,REV,E7,E6,E9,E10,-214.328000,354.036000,OK
9,15,adjacent,620,30,32,102,FWD,E6,E7,E10,E11,202.129000,394.894000,OK
9,15,adjacent,620,30,32,103,REV,E7,E6,E10,E11,203.652000,350.804000,OK
9,15,adjacent,620,30,32,104,FWD,E6,E7,E11,E12,14.801000,390.386000,OK
9,15,adjacent,620,30,32,105,REV,E7,E6,E11,E12,15.867000,350.286000,OK
9,15,adjacent,620,30,32,106,FWD,E6,E7,E12,E1,19.309000,393.458000,OK
9,15,adjacent,620,30,32,107,REV,E7,E6,E12,E1,20.996000,349.168000,OK
9,15,adjacent,620,30,32,108,FWD,E7,E8,E1,E2,-67.641000,297.577000,OK
9,15,adjacent,620,30,32,109,REV,E8,E7,E1,E2,-66.375000,343.782000,OK
9,15,adjacent,620,30,32,110,FWD,E7,E8,E2,E3,21.836000,315.253000,OK
9,15,adjacent,620,30,32,111,REV,E8,E7,E2,E3,23.355000,341.747000,OK
9,15,adjacent,620,30,32,112,FWD,E7,E8,E3,E4,5.715000,316.969000,OK
9,15,adjacent,620,30,32,113,REV,E8,E7,E3,E4,7.129000,340.789000,OK
9,15,adjacent,620,30,32,114,FWD,E7,E8,E4,E5,20.977000,316.889000,OK
9,15,adjacent,620,30,32,115,REV,E8,E7,E4,E5,23.668000,341.109000,OK
9,15,adjacent,620,30,32,116,FWD,E7,E8,E5,E6,-5.227000,317.368000,OK
9,15,adjacent,620,30,32,117,REV,E8,E7,E5,E6,2.988000,340.550000,OK
9,15,adjacent,620,30,32,118,FWD,E7,E8,E9,E10,-220.266000,317.966000,OK
9,15,adjacent,620,30,32,119,REV,E8,E7,E9,E10,-212.187000,340.590000,OK
9,15,adjacent,620,30,32,120,FWD,E7,E8,E10,E11,202.047000,318.286000,OK
9,15,adjacent,620,30,32,121,REV,E8,E7,E10,E11,204.953000,340.390000,OK
9,15,adjacent,620,30,32,122,FWD,E7,E8,E11,E12,14.559000,318.445000,OK
9,15,adjacent,620,30,32,123,REV,E8,E7,E11,E12,16.109000,340.350000,OK
9,15,adjacent,620,30,32,124,FWD,E7,E8,E12,E1,19.262000,323.074000,OK
9,15,adjacent,620,30,32,125,REV,E8,E7,E12,E1,21.203000,341.029000,OK
9,15,adjacent,620,30,32,126,FWD,E8,E9,E1,E2,-67.672000,284.410000,OK
9,15,adjacent,620,30,32,127,REV,E9,E8,E1,E2,-66.457000,324.231000,OK
9,15,adjacent,620,30,32,128,FWD,E8,E9,E2,E3,21.949000,303.762000,OK
9,15,adjacent,620,30,32,129,REV,E9,E8,E2,E3,23.242000,322.036000,OK
9,15,adjacent,620,30,32,130,FWD,E8,E9,E3,E4,6.000000,305.438000,OK
9,15,adjacent,620,30,32,131,REV,E9,E8,E3,E4,6.926000,321.557000,OK
9,15,adjacent,620,30,32,132,FWD,E8,E9,E4,E5,21.520000,305.438000,OK
9,15,adjacent,620,30,32,133,REV,E9,E8,E4,E5,22.828000,321.478000,OK
9,15,adjacent,620,30,32,134,FWD,E8,E9,E5,E6,-2.609000,306.196000,OK
9,15,adjacent,620,30,32,135,REV,E9,E8,E5,E6,0.629000,321.039000,OK
9,15,adjacent,620,30,32,136,FWD,E8,E9,E6,E7,-50.094000,306.116000,OK
9,15,adjacent,620,30,32,137,REV,E9,E8,E6,E7,-44.637000,320.360000,OK
9,15,adjacent,620,30,32,138,FWD,E8,E9,E10,E11,201.262000,306.076000,OK
9,15,adjacent,620,30,32,139,REV,E9,E8,E10,E11,206.687000,320.799000,OK
9,15,adjacent,620,30,32,140,FWD,E8,E9,E11,E12,14.047000,306.236000,OK
9,15,adjacent,620,30,32,141,REV,E9,E8,E11,E12,16.297000,320.440000,OK
9,15,adjacent,620,30,32,142,FWD,E8,E9,E12,E1,19.187000,306.794000,OK
9,15,adjacent,620,30,32,143,REV,E9,E8,E12,E1,21.391000,320.719000,OK
9,15,adjacent,620,30,32,144,FWD,E9,E10,E1,E2,-68.262000,448.880000,OK
9,15,adjacent,620,30,32,145,REV,E10,E9,E1,E2,-66.488000,291.712000,OK
9,15,adjacent,620,30,32,146,FWD,E9,E10,E2,E3,21.617000,463.723000,OK
9,15,adjacent,620,30,32,147,REV,E10,E9,E2,E3,23.297000,292.789000,OK
9,15,adjacent,620,30,32,148,FWD,E9,E10,E3,E4,5.777000,461.847000,OK
9,15,adjacent,620,30,32,149,REV,E10,E9,E3,E4,6.730000,304.919000,OK
9,15,adjacent,620,30,32,150,FWD,E9,E10,E4,E5,21.543000,459.174000,OK
9,15,adjacent,620,30,32,151,REV,E10,E9,E4,E5,22.598000,301.767000,OK
9,15,adjacent,620,30,32,152,FWD,E9,E10,E5,E6,-2.375000,451.473000,OK
9,15,adjacent,620,30,32,153,REV,E10,E9,E5,E6,-0.148000,301.009000,OK
9,15,adjacent,620,30,32,154,FWD,E9,E10,E6,E7,-49.719000,456.580000,OK
9,15,adjacent,620,30,32,155,REV,E10,E9,E6,E7,-46.449000,300.969000,OK
9,15,adjacent,620,30,32,156,FWD,E9,E10,E7,E8,19.234000,455.782000,OK
9,15,adjacent,620,30,32,157,REV,E10,E9,E7,E8,28.098000,301.887000,OK
9,15,adjacent,620,30,32,158,FWD,E9,E10,E11,E12,10.199000,456.102000,OK
9,15,adjacent,620,30,32,159,REV,E10,E9,E11,E12,17.402000,301.487000,OK
9,15,adjacent,620,30,32,160,FWD,E9,E10,E12,E1,17.898000,455.942000,OK
9,15,adjacent,620,30,32,161,REV,E10,E9,E12,E1,21.578000,302.006000,OK
9,15,adjacent,620,30,32,162,FWD,E10,E11,E1,E2,-68.133000,230.265000,OK
9,15,adjacent,620,30,32,163,REV,E11,E10,E1,E2,-65.195000,445.328000,OK
9,15,adjacent,620,30,32,164,FWD,E10,E11,E2,E3,21.742000,286.006000,OK
9,15,adjacent,620,30,32,165,REV,E11,E10,E2,E3,24.250000,432.121000,OK
9,15,adjacent,620,30,32,166,FWD,E10,E11,E3,E4,5.941000,292.191000,OK
9,15,adjacent,620,30,32,167,REV,E11,E10,E3,E4,7.000000,428.570000,OK
9,15,adjacent,620,30,32,168,FWD,E10,E11,E4,E5,21.965000,294.625000,OK
9,15,adjacent,620,30,32,169,REV,E11,E10,E4,E5,22.758000,427.014000,OK
9,15,adjacent,620,30,32,170,FWD,E10,E11,E5,E6,-1.504000,295.782000,OK
9,15,adjacent,620,30,32,171,REV,E11,E10,E5,E6,-0.371000,426.456000,OK
9,15,adjacent,620,30,32,172,FWD,E10,E11,E6,E7,-48.289000,297.258000,OK
9,15,adjacent,620,30,32,173,REV,E11,E10,E6,E7,-46.977000,425.219000,OK
9,15,adjacent,620,30,32,174,FWD,E10,E11,E7,E8,23.652000,297.378000,OK
9,15,adjacent,620,30,32,175,REV,E11,E10,E7,E8,26.523000,425.179000,OK
9,15,adjacent,620,30,32,176,FWD,E10,E11,E8,E9,11.941000,297.737000,OK
9,15,adjacent,620,30,32,177,REV,E11,E10,E8,E9,17.883000,424.580000,OK
9,15,adjacent,620,30,32,178,FWD,E10,E11,E12,E1,15.914000,298.176000,OK
9,15,adjacent,620,30,32,179,REV,E11,E10,E12,E1,26.293000,423.663000,OK
9,15,adjacent,620,30,32,180,FWD,E11,E12,E1,E2,-69.863000,253.088000,OK
9,15,adjacent,620,30,32,181,REV,E12,E11,E1,E2,-63.238000,328.261000,OK
9,15,adjacent,620,30,32,182,FWD,E11,E12,E2,E3,20.379000,291.473000,OK
9,15,adjacent,620,30,32,183,REV,E12,E11,E2,E3,25.449000,320.480000,OK
9,15,adjacent,620,30,32,184,FWD,E11,E12,E3,E4,5.484000,295.742000,OK
9,15,adjacent,620,30,32,185,REV,E12,E11,E3,E4,7.293000,323.632000,OK
9,15,adjacent,620,30,32,186,FWD,E11,E12,E4,E5,21.887000,296.340000,OK
9,15,adjacent,620,30,32,187,REV,E12,E11,E4,E5,22.824000,319.243000,OK
9,15,adjacent,620,30,32,188,FWD,E11,E12,E5,E6,-1.504000,291.473000,OK
9,15,adjacent,620,30,32,189,REV,E12,E11,E5,E6,-0.508000,318.405000,OK
9,15,adjacent,620,30,32,190,FWD,E11,E12,E6,E7,-48.324000,296.420000,OK
9,15,adjacent,620,30,32,191,REV,E12,E11,E6,E7,-47.453000,316.729000,OK
9,15,adjacent,620,30,32,192,FWD,E11,E12,E7,E8,24.117000,297.378000,OK
9,15,adjacent,620,30,32,193,REV,E12,E11,E7,E8,25.551000,315.772000,OK
9,15,adjacent,620,30,32,194,FWD,E11,E12,E8,E9,14.406000,297.537000,OK
9,15,adjacent,620,30,32,195,REV,E12,E11,E8,E9,16.645000,314.734000,OK
9,15,adjacent,620,30,32,196,FWD,E11,E12,E9,E10,-200.859000,298.096000,OK
9,15,adjacent,620,30,32,197,REV,E12,E11,E9,E10,-195.660000,314.934000,OK
9,15,adjacent,620,30,32,198,FWD,E12,E1,E2,E3,15.012000,272.719000,OK
9,15,adjacent,620,30,32,199,REV,E1,E12,E2,E3,31.262000,314.216000,OK
9,15,adjacent,620,30,32,200,FWD,E12,E1,E3,E4,3.766000,293.228000,OK
9,15,adjacent,620,30,32,201,REV,E1,E12,E3,E4,9.027000,310.106000,OK
9,15,adjacent,620,30,32,202,FWD,E12,E1,E4,E5,21.258000,294.425000,OK
9,15,adjacent,620,30,32,203,REV,E1,E12,E4,E5,23.523000,308.949000,OK
9,15,adjacent,620,30,32,204,FWD,E12,E1,E5,E6,-1.949000,295.542000,OK
9,15,adjacent,620,30,32,205,REV,E1,E12,E5,E6,0.008000,307.951000,OK
9,15,adjacent,620,30,32,206,FWD,E12,E1,E6,E7,-48.625000,296.739000,OK
9,15,adjacent,620,30,32,207,REV,E1,E12,E6,E7,-47.258000,308.630000,OK
9,15,adjacent,620,30,32,208,FWD,E12,E1,E7,E8,24.008000,296.221000,OK
9,15,adjacent,620,30,32,209,REV,E1,E12,E7,E8,25.758000,308.430000,OK
9,15,adjacent,620,30,32,210,FWD,E12,E1,E8,E9,14.977000,296.779000,OK
9,15,adjacent,620,30,32,211,REV,E1,E12,E8,E9,17.137000,307.393000,OK
9,15,adjacent,620,30,32,212,FWD,E12,E1,E9,E10,-207.523000,296.859000,OK
9,15,adjacent,620,30,32,213,REV,E1,E12,E9,E10,-204.734000,307.752000,OK
9,15,adjacent,620,30,32,214,FWD,E12,E1,E10,E11,188.738000,296.540000,OK
9,15,adjacent,620,30,32,215,REV,E1,E12,E10,E11,198.469000,307.911000,OK
