frame_index,frame_id,pattern,dac_code,settle_ms,sample_count,record_index,polarity,i_plus,i_minus,v_plus,v_minus,voltage_mv,current_ua,quality
0,6,adjacent,400,30,16,0,FWD,E1,E2,E3,E4,-46.492000,478.167000,OK
0,6,adjacent,400,30,16,1,REV,E2,E1,E3,E4,34.320000,479.842000,OK
0,6,adjacent,400,30,16,2,FWD,E1,E2,E4,E5,-78.820000,478.167000,OK
0,6,adjacent,400,30,16,3,REV,E2,E1,E4,E5,79.172000,479.842000,OK
0,6,adjacent,400,30,16,4,FWD,E1,E2,E5,E6,26.320000,478.326000,OK
0,6,adjacent,400,30,16,5,REV,E2,E1,E5,E6,-26.445000,479.922000,OK
0,6,adjacent,400,30,16,6,FWD,E1,E2,E6,E7,-8.766000,477.767000,OK
0,6,adjacent,400,30,16,7,REV,E2,E1,E6,E7,8.797000,479.284000,OK
0,6,adjacent,400,30,16,8,FWD,E1,E2,E7,E8,-26.719000,477.608000,OK
0,6,adjacent,400,30,16,9,REV,E2,E1,E7,E8,-4.234000,479.284000,OK
0,6,adjacent,400,30,16,10,FWD,E1,E2,E8,E9,20.266000,477.847000,OK
0,6,adjacent,400,30,16,11,REV,E2,E1,E8,E9,23.328000,479.523000,OK
0,6,adjacent,400,30,16,12,FWD,E1,E2,E9,E10,-8.586000,477.767000,OK
0,6,adjacent,400,30,16,13,REV,E2,E1,E9,E10,8.617000,479.683000,OK
0,6,adjacent,400,30,16,14,FWD,E1,E2,E10,E11,-18.508000,477.688000,OK
0,6,adjacent,400,30,16,15,REV,E2,E1,E10,E11,-34.367000,479.284000,OK
0,6,adjacent,400,30,16,16,FWD,E1,E2,E11,E12,-15.977000,478.326000,OK
0,6,adjacent,400,30,16,17,REV,E2,E1,E11,E12,-40.852000,479.683000,OK
0,6,adjacent,400,30,16,18,FWD,E2,E3,E4,E5,-79.055000,479.044000,OK
0,6,adjacent,400,30,16,19,REV,E3,E2,E4,E5,79.063000,479.204000,OK
0,6,adjacent,400,30,16,20,FWD,E2,E3,E5,E6,-79.336000,479.842000,OK
0,6,adjacent,400,30,16,21,REV,E3,E2,E5,E6,79.344000,479.443000,OK
0,6,adjacent,400,30,16,22,FWD,E2,E3,E6,E7,-8.852000,479.842000,OK
0,6,adjacent,400,30,16,23,REV,E3,E2,E6,E7,8.836000,479.363000,OK
0,6,adjacent,400,30,16,24,FWD,E2,E3,E7,E8,-15.852000,479.683000,OK
0,6,adjacent,400,30,16,25,REV,E3,E2,E7,E8,0.680000,479.284000,OK
0,6,adjacent,400,30,16,26,FWD,E2,E3,E8,E9,18.602000,480.002000,OK
0,6,adjacent,400,30,16,27,REV,E3,E2,E8,E9,17.953000,479.124000,OK
0,6,adjacent,400,30,16,28,FWD,E2,E3,E9,E10,-8.625000,479.603000,OK
0,6,adjacent,400,30,16,29,REV,E3,E2,E9,E10,8.656000,479.284000,OK
0,6,adjacent,400,30,16,30,FWD,E2,E3,E10,E11,-19.789000,479.204000,OK
0,6,adjacent,400,30,16,31,REV,E3,E2,E10,E11,-31.437000,479.124000,OK
0,6,adjacent,400,30,16,32,FWD,E2,E3,E11,E12,-20.086000,479.443000,OK
0,6,adjacent,400,30,16,33,REV,E3,E2,E11,E12,-38.156000,479.124000,OK
0,6,adjacent,400,30,16,34,FWD,E2,E3,E12,E1,-8.719000,479.443000,OK
0,6,adjacent,400,30,16,35,REV,E3,E2,E12,E1,8.719000,478.885000,OK
0,6,adjacent,400,30,16,36,FWD,E3,E4,E1,E2,-8.734000,481.119000,OK
0,6,adjacent,400,30,16,37,REV,E4,E3,E1,E2,8.758000,481.199000,OK
0,6,adjacent,400,30,16,38,FWD,E3,E4,E5,E6,-77.813000,480.481000,OK
0,6,adjacent,400,30,16,39,REV,E4,E3,E5,E6,77.969000,481.438000,OK
0,6,adjacent,400,30,16,40,FWD,E3,E4,E6,E7,-8.703000,480.401000,OK
0,6,adjacent,400,30,16,41,REV,E4,E3,E6,E7,8.680000,481.199000,OK
0,6,adjacent,400,30,16,42,FWD,E3,E4,E7,E8,-26.297000,480.960000,OK
0,6,adjacent,400,30,16,43,REV,E4,E3,E7,E8,-0.453000,481.279000,OK
0,6,adjacent,400,30,16,44,FWD,E3,E4,E8,E9,18.969000,480.241000,OK
0,6,adjacent,400,30,16,45,REV,E4,E3,E8,E9,24.641000,482.077000,OK
0,6,adjacent,400,30,16,46,FWD,E3,E4,E9,E10,-8.484000,480.960000,OK
0,6,adjacent,400,30,16,47,REV,E4,E3,E9,E10,8.492000,481.119000,OK
0,6,adjacent,400,30,16,48,FWD,E3,E4,E10,E11,-21.766000,481.678000,OK
0,6,adjacent,400,30,16,49,REV,E4,E3,E10,E11,-30.977000,481.598000,OK
0,6,adjacent,400,30,16,50,FWD,E3,E4,E11,E12,-20.516000,480.720000,OK
0,6,adjacent,400,30,16,51,REV,E4,E3,E11,E12,-36.234000,481.678000,OK
0,6,adjacent,400,30,16,52,FWD,E3,E4,E12,E1,-8.570000,480.960000,OK
0,6,adjacent,400,30,16,53,REV,E4,E3,E12,E1,8.641000,481.119000,OK
0,6,adjacent,400,30,16,54,FWD,E4,E5,E1,E2,-8.734000,481.359000,OK
0,6,adjacent,400,30,16,55,REV,E5,E4,E1,E2,8.750000,480.241000,OK
0,6,adjacent,400,30,16,56,FWD,E4,E5,E2,E3,60.578000,480.880000,OK
0,6,adjacent,400,30,16,57,REV,E5,E4,E2,E3,-60.469000,480.720000,OK
0,6,adjacent,400,30,16,58,FWD,E4,E5,E6,E7,-8.773000,481.199000,OK
0,6,adjacent,400,30,16,59,REV,E5,E4,E6,E7,8.734000,481.359000,OK
0,6,adjacent,400,30,16,60,FWD,E4,E5,E7,E8,-22.289000,481.438000,OK
0,6,adjacent,400,30,16,61,REV,E5,E4,E7,E8,10.164000,480.640000,OK
0,6,adjacent,400,30,16,62,FWD,E4,E5,E8,E9,9.406000,481.518000,OK
0,6,adjacent,400,30,16,63,REV,E5,E4,E8,E9,11.531000,480.401000,OK
0,6,adjacent,400,30,16,64,FWD,E4,E5,E9,E10,-8.539000,481.758000,OK
0,6,adjacent,400,30,16,65,REV,E5,E4,E9,E10,8.492000,480.880000,OK
0,6,adjacent,400,30,16,66,FWD,E4,E5,E10,E11,-21.133000,481.279000,OK
0,6,adjacent,400,30,16,67,REV,E5,E4,E10,E11,-29.734000,480.002000,OK
0,6,adjacent,400,30,16,68,FWD,E4,E5,E11,E12,-17.477000,481.997000,OK
0,6,adjacent,400,30,16,69,REV,E5,E4,E11,E12,-31.641000,481.039000,OK
0,6,adjacent,400,30,16,70,FWD,E4,E5,E12,E1,-8.594000,481.279000,OK
0,6,adjacent,400,30,16,71,REV,E5,E4,E12,E1,8.625000,480.880000,OK
0,6,adjacent,400,30,16,72,FWD,E5,E6,E1,E2,-8.633000,475.533000,OK
0,6,adjacent,400,30,16,73,REV,E6,E5,E1,E2,8.789000,475.852000,OK
0,6,adjacent,400,30,16,74,FWD,E5,E6,E2,E3,60.555000,475.134000,OK
0,6,adjacent,400,30,16,75,REV,E6,E5,E2,E3,-60.688000,475.613000,OK
0,6,adjacent,400,30,16,76,FWD,E5,E6,E3,E4,37.859000,474.974000,OK
0,6,adjacent,400,30,16,77,REV,E6,E5,E3,E4,-48.359000,475.693000,OK
0,6,adjacent,400,30,16,78,FWD,E5,E6,E7,E8,-21.602000,475.214000,OK
0,6,adjacent,400,30,16,79,REV,E6,E5,E7,E8,1.203000,475.533000,OK
0,6,adjacent,400,30,16,80,FWD,E5,E6,E8,E9,19.398000,474.895000,OK
0,6,adjacent,400,30,16,81,REV,E6,E5,E8,E9,16.406000,475.214000,OK
0,6,adjacent,400,30,16,82,FWD,E5,E6,E9,E10,-8.531000,474.815000,OK
0,6,adjacent,400,30,16,83,REV,E6,E5,E9,E10,8.508000,475.772000,OK
0,6,adjacent,400,30,16,84,FWD,E5,E6,E10,E11,-23.617000,475.294000,OK
0,6,adjacent,400,30,16,85,REV,E6,E5,E10,E11,-27.156000,475.772000,OK
0,6,adjacent,400,30,16,86,FWD,E5,E6,E11,E12,-22.320000,476.411000,OK
0,6,adjacent,400,30,16,87,REV,E6,E5,E11,E12,-32.070000,476.251000,OK
0,6,adjacent,400,30,16,88,FWD,E5,E6,E12,E1,-8.586000,475.613000,OK
0,6,adjacent,400,30,16,89,REV,E6,E5,E12,E1,8.727000,476.171000,OK
0,6,adjacent,400,30,16,90,FWD,E6,E7,E1,E2,-8.734000,476.890000,OK
0,6,adjacent,400,30,16,91,REV,E7,E6,E1,E2,8.773000,475.373000,OK
0,6,adjacent,400,30,16,92,FWD,E6,E7,E2,E3,61.086000,476.491000,OK
0,6,adjacent,400,30,16,93,REV,E7,E6,E2,E3,-60.688000,474.735000,OK
0,6,adjacent,400,30,16,94,FWD,E6,E7,E3,E4,25.164000,476.650000,OK
0,6,adjacent,400,30,16,95,REV,E7,E6,E3,E4,-58.320000,474.575000,OK
0,6,adjacent,400,30,16,96,FWD,E6,E7,E4,E5,26.156000,476.411000,OK
0,6,adjacent,400,30,16,97,REV,E7,E6,E4,E5,-26.109000,474.735000,OK
0,6,adjacent,400,30,16,98,FWD,E6,E7,E8,E9,18.961000,476.331000,OK
0,6,adjacent,400,30,16,99,REV,E7,E6,E8,E9,13.344000,475.134000,OK
0,6,adjacent,400,30,16,100,FWD,E6,E7,E9,E10,-8.547000,476.810000,OK
0,6,adjacent,400,30,16,101,REV,E7,E6,E9,E10,8.531000,475.533000,OK
0,6,adjacent,400,30,16,102,FWD,E6,E7,E10,E11,-26.906000,476.331000,OK
0,6,adjacent,400,30,16,103,REV,E7,E6,E10,E11,-24.156000,475.134000,OK
0,6,adjacent,400,30,16,104,FWD,E6,E7,E11,E12,-23.961000,476.810000,OK
0,6,adjacent,400,30,16,105,REV,E7,E6,E11,E12,-24.828000,475.373000,OK
0,6,adjacent,400,30,16,106,FWD,E6,E7,E12,E1,-8.617000,476.251000,OK
0,6,adjacent,400,30,16,107,REV,E7,E6,E12,E1,8.672000,475.852000,OK
0,6,adjacent,400,30,16,108,FWD,E7,E8,E1,E2,0.016000,181.786000,OK
0,6,adjacent,400,30,16,109,REV,E8,E7,E1,E2,1.523000,454.625000,OK
0,6,adjacent,400,30,16,110,FWD,E7,E8,E2,E3,0.039000,1.117000,I_LOW
0,6,adjacent,400,30,16,111,REV,E8,E7,E2,E3,13.609000,31.841000,OK
0,6,adjacent,400,30,16,112,FWD,E7,E8,E3,E4,559.812000,1.117000,I_LOW
0,6,adjacent,400,30,16,113,REV,E8,E7,E3,E4,-106.547000,364.131000,OK
0,6,adjacent,400,30,16,114,FWD,E7,E8,E4,E5,26.086000,461.488000,OK
0,6,adjacent,400,30,16,115,REV,E8,E7,E4,E5,-25.555000,476.570000,OK
0,6,adjacent,400,30,16,116,FWD,E7,E8,E5,E6,23.898000,462.605000,OK
0,6,adjacent,400,30,16,117,REV,E8,E7,E5,E6,-22.578000,378.176000,OK
0,6,adjacent,400,30,16,118,FWD,E7,E8,E9,E10,-8.313000,462.206000,OK
0,6,adjacent,400,30,16,119,REV,E8,E7,E9,E10,8.234000,464.441000,OK
0,6,adjacent,400,30,16,120,FWD,E7,E8,E10,E11,-38.391000,452.151000,OK
0,6,adjacent,400,30,16,121,REV,E8,E7,E10,E11,-16.125000,439.543000,OK
0,6,adjacent,400,30,16,122,FWD,E7,E8,E11,E12,-33.953000,445.767000,OK
0,6,adjacent,400,30,16,123,REV,E8,E7,E11,E12,-15.344000,451.114000,OK
0,6,adjacent,400,30,16,124,FWD,E7,E8,E12,E1,-8.203000,454.386000,OK
0,6,adjacent,400,30,16,125,REV,E8,E7,E12,E1,8.320000,457.338000,OK
0,6,adjacent,400,30,16,126,FWD,E8,E9,E1,E2,-8.430000,458.855000,OK
0,6,adjacent,400,30,16,127,REV,E9,E8,E1,E2,8.477000,459.014000,OK
0,6,adjacent,400,30,16,128,FWD,E8,E9,E2,E3,-42.039000,460.132000,OK
0,6,adjacent,400,30,16,129,REV,E9,E8,E2,E3,42.242000,460.610000,OK
0,6,adjacent,400,30,16,130,FWD,E8,E9,E3,E4,-64.375000,460.850000,OK
0,6,adjacent,400,30,16,131,REV,E9,E8,E3,E4,64.023000,461.009000,OK
0,6,adjacent,400,30,16,132,FWD,E8,E9,E4,E5,25.367000,461.568000,OK
0,6,adjacent,400,30,16,133,REV,E9,E8,E4,E5,-25.367000,461.328000,OK
0,6,adjacent,400,30,16,134,FWD,E8,E9,E5,E6,25.266000,461.568000,OK
0,6,adjacent,400,30,16,135,REV,E9,E8,E5,E6,-25.289000,461.249000,OK
0,6,adjacent,400,30,16,136,FWD,E8,E9,E6,E7,-8.461000,461.648000,OK
0,6,adjacent,400,30,16,137,REV,E9,E8,E6,E7,8.516000,461.169000,OK
0,6,adjacent,400,30,16,138,FWD,E8,E9,E10,E11,-49.484000,462.206000,OK
0,6,adjacent,400,30,16,139,REV,E9,E8,E10,E11,-9.703000,462.127000,OK
0,6,adjacent,400,30,16,140,FWD,E8,E9,E11,E12,-47.344000,462.286000,OK
0,6,adjacent,400,30,16,141,REV,E9,E8,E11,E12,-12.188000,462.446000,OK
0,6,adjacent,400,30,16,142,FWD,E8,E9,E12,E1,-8.406000,462.685000,OK
0,6,adjacent,400,30,16,143,REV,E9,E8,E12,E1,8.422000,462.925000,OK
0,6,adjacent,400,30,16,144,FWD,E9,E10,E1,E2,-8.641000,481.518000,OK
0,6,adjacent,400,30,16,145,REV,E10,E9,E1,E2,8.633000,481.837000,OK
0,6,adjacent,400,30,16,146,FWD,E9,E10,E2,E3,-42.930000,481.758000,OK
0,6,adjacent,400,30,16,147,REV,E10,E9,E2,E3,42.969000,481.359000,OK
0,6,adjacent,400,30,16,148,FWD,E9,E10,E3,E4,-42.797000,481.837000,OK
0,6,adjacent,400,30,16,149,REV,E10,E9,E3,E4,43.023000,481.518000,OK
0,6,adjacent,400,30,16,150,FWD,E9,E10,E4,E5,25.836000,481.359000,OK
0,6,adjacent,400,30,16,151,REV,E10,E9,E4,E5,-25.773000,481.438000,OK
0,6,adjacent,400,30,16,152,FWD,E9,E10,E5,E6,25.734000,481.438000,OK
0,6,adjacent,400,30,16,153,REV,E10,E9,E5,E6,-25.687000,481.438000,OK
0,6,adjacent,400,30,16,154,FWD,E9,E10,E6,E7,-8.625000,481.758000,OK
0,6,adjacent,400,30,16,155,REV,E10,E9,E6,E7,8.617000,481.279000,OK
0,6,adjacent,400,30,16,156,FWD,E9,E10,E7,E8,-8.617000,481.518000,OK
0,6,adjacent,400,30,16,157,REV,E10,E9,E7,E8,8.648000,481.518000,OK
0,6,adjacent,400,30,16,158,FWD,E9,E10,E11,E12,-45.742000,481.438000,OK
0,6,adjacent,400,30,16,159,REV,E10,E9,E11,E12,-10.711000,481.279000,OK
0,6,adjacent,400,30,16,160,FWD,E9,E10,E12,E1,-8.484000,481.359000,OK
0,6,adjacent,400,30,16,161,REV,E10,E9,E12,E1,8.500000,481.438000,OK
0,6,adjacent,400,30,16,162,FWD,E10,E11,E1,E2,-8.727000,479.762000,OK
0,6,adjacent,400,30,16,163,REV,E11,E10,E1,E2,8.758000,481.119000,OK
0,6,adjacent,400,30,16,164,FWD,E10,E11,E2,E3,-43.477000,480.082000,OK
0,6,adjacent,400,30,16,165,REV,E11,E10,E2,E3,43.594000,481.359000,OK
0,6,adjacent,400,30,16,166,FWD,E10,E11,E3,E4,-43.414000,480.321000,OK
0,6,adjacent,400,30,16,167,REV,E11,E10,E3,E4,43.547000,481.598000,OK
0,6,adjacent,400,30,16,168,FWD,E10,E11,E4,E5,26.195000,480.481000,OK
0,6,adjacent,400,30,16,169,REV,E11,E10,E4,E5,-26.203000,481.279000,OK
0,6,adjacent,400,30,16,170,FWD,E10,E11,E5,E6,26.008000,480.162000,OK
0,6,adjacent,400,30,16,171,REV,E11,E10,E5,E6,-26.086000,480.880000,OK
0,6,adjacent,400,30,16,172,FWD,E10,E11,E6,E7,-8.727000,479.842000,OK
0,6,adjacent,400,30,16,173,REV,E11,E10,E6,E7,8.742000,480.880000,OK
0,6,adjacent,400,30,16,174,FWD,E10,E11,E7,E8,-8.664000,480.162000,OK
0,6,adjacent,400,30,16,175,REV,E11,E10,E7,E8,8.750000,480.720000,OK
0,6,adjacent,400,30,16,176,FWD,E10,E11,E8,E9,-8.711000,480.002000,OK
0,6,adjacent,400,30,16,177,REV,E11,E10,E8,E9,8.828000,480.960000,OK
0,6,adjacent,400,30,16,178,FWD,E10,E11,E12,E1,-8.578000,479.842000,OK
0,6,adjacent,400,30,16,179,REV,E11,E10,E12,E1,8.680000,480.640000,OK
0,6,adjacent,400,30,16,180,FWD,E11,E12,E1,E2,-8.742000,481.678000,OK
0,6,adjacent,400,30,16,181,REV,E12,E11,E1,E2,8.727000,481.119000,OK
0,6,adjacent,400,30,16,182,FWD,E11,E12,E2,E3,-43.359000,481.279000,OK
0,6,adjacent,400,30,16,183,REV,E12,E11,E2,E3,43.406000,481.119000,OK
0,6,adjacent,400,30,16,184,FWD,E11,E12,E3,E4,-43.336000,481.518000,OK
0,6,adjacent,400,30,16,185,REV,E12,E11,E3,E4,43.313000,481.119000,OK
0,6,adjacent,400,30,16,186,FWD,E11,E12,E4,E5,26.086000,481.758000,OK
0,6,adjacent,400,30,16,187,REV,E12,E11,E4,E5,-26.016000,480.321000,OK
0,6,adjacent,400,30,16,188,FWD,E11,E12,E5,E6,26.062000,481.438000,OK
0,6,adjacent,400,30,16,189,REV,E12,E11,E5,E6,-25.914000,480.800000,OK
0,6,adjacent,400,30,16,190,FWD,E11,E12,E6,E7,-8.734000,480.960000,OK
0,6,adjacent,400,30,16,191,REV,E12,E11,E6,E7,8.734000,480.960000,OK
0,6,adjacent,400,30,16,192,FWD,E11,E12,E7,E8,-8.695000,480.800000,OK
0,6,adjacent,400,30,16,193,REV,E12,E11,E7,E8,8.719000,480.880000,OK
0,6,adjacent,400,30,16,194,FWD,E11,E12,E8,E9,-8.734000,481.279000,OK
0,6,adjacent,400,30,16,195,REV,E12,E11,E8,E9,8.703000,480.720000,OK
0,6,adjacent,400,30,16,196,FWD,E11,E12,E9,E10,-8.508000,481.438000,OK
0,6,adjacent,400,30,16,197,REV,E12,E11,E9,E10,8.461000,481.199000,OK
0,6,adjacent,400,30,16,198,FWD,E12,E1,E2,E3,-43.266000,479.842000,OK
0,6,adjacent,400,30,16,199,REV,E1,E12,E2,E3,43.352000,479.284000,OK
0,6,adjacent,400,30,16,200,FWD,E12,E1,E3,E4,-43.242000,480.321000,OK
0,6,adjacent,400,30,16,201,REV,E1,E12,E3,E4,43.227000,479.044000,OK
0,6,adjacent,400,30,16,202,FWD,E12,E1,E4,E5,26.461000,480.082000,OK
0,6,adjacent,400,30,16,203,REV,E1,E12,E4,E5,-26.375000,478.965000,OK
0,6,adjacent,400,30,16,204,FWD,E12,E1,E5,E6,25.953000,479.683000,OK
0,6,adjacent,400,30,16,205,REV,E1,E12,E5,E6,-25.797000,479.443000,OK
0,6,adjacent,400,30,16,206,FWD,E12,E1,E6,E7,-8.703000,480.002000,OK
0,6,adjacent,400,30,16,207,REV,E1,E12,E6,E7,8.688000,478.885000,OK
0,6,adjacent,400,30,16,208,FWD,E12,E1,E7,E8,-8.664000,479.683000,OK
0,6,adjacent,400,30,16,209,REV,E1,E12,E7,E8,8.680000,478.965000,OK
0,6,adjacent,400,30,16,210,FWD,E12,E1,E8,E9,-8.727000,479.603000,OK
0,6,adjacent,400,30,16,211,REV,E1,E12,E8,E9,8.695000,478.965000,OK
0,6,adjacent,400,30,16,212,FWD,E12,E1,E9,E10,-8.484000,480.162000,OK
0,6,adjacent,400,30,16,213,REV,E1,E12,E9,E10,8.492000,479.044000,OK
0,6,adjacent,400,30,16,214,FWD,E12,E1,E10,E11,-15.344000,479.922000,OK
0,6,adjacent,400,30,16,215,REV,E1,E12,E10,E11,-34.547000,478.725000,OK
1,7,adjacent,400,30,16,0,FWD,E1,E2,E3,E4,-43.609000,478.246000,OK
1,7,adjacent,400,30,16,1,REV,E2,E1,E3,E4,43.844000,479.523000,OK
1,7,adjacent,400,30,16,2,FWD,E1,E2,E4,E5,-78.820000,478.326000,OK
1,7,adjacent,400,30,16,3,REV,E2,E1,E4,E5,79.148000,479.603000,OK
1,7,adjacent,400,30,16,4,FWD,E1,E2,E5,E6,26.305000,477.608000,OK
1,7,adjacent,400,30,16,5,REV,E2,E1,E5,E6,-26.328000,479.842000,OK
1,7,adjacent,400,30,16,6,FWD,E1,E2,E6,E7,-8.773000,477.927000,OK
1,7,adjacent,400,30,16,7,REV,E2,E1,E6,E7,8.805000,479.603000,OK
1,7,adjacent,400,30,16,8,FWD,E1,E2,E7,E8,-8.758000,478.087000,OK
1,7,adjacent,400,30,16,9,REV,E2,E1,E7,E8,8.797000,479.603000,OK
1,7,adjacent,400,30,16,10,FWD,E1,E2,E8,E9,-8.758000,477.927000,OK
1,7,adjacent,400,30,16,11,REV,E2,E1,E8,E9,8.789000,479.523000,OK
1,7,adjacent,400,30,16,12,FWD,E1,E2,E9,E10,-8.586000,478.087000,OK
1,7,adjacent,400,30,16,13,REV,E2,E1,E9,E10,8.633000,479.284000,OK
1,7,adjacent,400,30,16,14,FWD,E1,E2,E10,E11,-18.398000,478.007000,OK
1,7,adjacent,400,30,16,15,REV,E2,E1,E10,E11,-33.313000,479.124000,OK
1,7,adjacent,400,30,16,16,FWD,E1,E2,E11,E12,-16.453000,478.007000,OK
1,7,adjacent,400,30,16,17,REV,E2,E1,E11,E12,-39.727000,479.523000,OK
1,7,adjacent,400,30,16,18,FWD,E2,E3,E4,E5,-79.086000,479.284000,OK
1,7,adjacent,400,30,16,19,REV,E3,E2,E4,E5,79.023000,478.885000,OK
1,7,adjacent,400,30,16,20,FWD,E2,E3,E5,E6,-79.297000,479.683000,OK
1,7,adjacent,400,30,16,21,REV,E3,E2,E5,E6,79.242000,478.725000,OK
1,7,adjacent,400,30,16,22,FWD,E2,E3,E6,E7,-8.836000,479.284000,OK
1,7,adjacent,400,30,16,23,REV,E3,E2,E6,E7,8.820000,479.124000,OK
1,7,adjacent,400,30,16,24,FWD,E2,E3,E7,E8,-8.844000,479.443000,OK
1,7,adjacent,400,30,16,25,REV,E3,E2,E7,E8,8.852000,479.443000,OK
1,7,adjacent,400,30,16,26,FWD,E2,E3,E8,E9,-8.836000,479.842000,OK
1,7,adjacent,400,30,16,27,REV,E3,E2,E8,E9,8.875000,479.124000,OK
1,7,adjacent,400,30,16,28,FWD,E2,E3,E9,E10,-8.633000,479.443000,OK
1,7,adjacent,400,30,16,29,REV,E3,E2,E9,E10,8.633000,479.124000,OK
1,7,adjacent,400,30,16,30,FWD,E2,E3,E10,E11,-20.055000,479.284000,OK
1,7,adjacent,400,30,16,31,REV,E3,E2,E10,E11,-31.359000,479.124000,OK
1,7,adjacent,400,30,16,32,FWD,E2,E3,E11,E12,-16.070000,480.082000,OK
1,7,adjacent,400,30,16,33,REV,E3,E2,E11,E12,-38.313000,479.284000,OK
1,7,adjacent,400,30,16,34,FWD,E2,E3,E12,E1,-8.727000,480.162000,OK
1,7,adjacent,400,30,16,35,REV,E3,E2,E12,E1,8.711000,479.284000,OK
1,7,adjacent,400,30,16,36,FWD,E3,E4,E1,E2,-8.711000,480.800000,OK
1,7,adjacent,400,30,16,37,REV,E4,E3,E1,E2,8.758000,481.359000,OK
1,7,adjacent,400,30,16,38,FWD,E3,E4,E5,E6,-77.813000,480.481000,OK
1,7,adjacent,400,30,16,39,REV,E4,E3,E5,E6,77.961000,481.279000,OK
1,7,adjacent,400,30,16,40,FWD,E3,E4,E6,E7,-8.695000,480.561000,OK
1,7,adjacent,400,30,16,41,REV,E4,E3,E6,E7,8.688000,481.359000,OK
1,7,adjacent,400,30,16,42,FWD,E3,E4,E7,E8,-8.695000,480.960000,OK
1,7,adjacent,400,30,16,43,REV,E4,E3,E7,E8,8.711000,481.837000,OK
1,7,adjacent,400,30,16,44,FWD,E3,E4,E8,E9,-8.688000,480.401000,OK
1,7,adjacent,400,30,16,45,REV,E4,E3,E8,E9,8.750000,481.359000,OK
1,7,adjacent,400,30,16,46,FWD,E3,E4,E9,E10,-8.508000,480.880000,OK
1,7,adjacent,400,30,16,47,REV,E4,E3,E9,E10,8.500000,481.199000,OK
1,7,adjacent,400,30,16,48,FWD,E3,E4,E10,E11,-22.711000,480.561000,OK
1,7,adjacent,400,30,16,49,REV,E4,E3,E10,E11,-28.609000,481.199000,OK
1,7,adjacent,400,30,16,50,FWD,E3,E4,E11,E12,-20.273000,481.119000,OK
1,7,adjacent,400,30,16,51,REV,E4,E3,E11,E12,-36.766000,481.438000,OK
1,7,adjacent,400,30,16,52,FWD,E3,E4,E12,E1,-8.555000,480.481000,OK
1,7,adjacent,400,30,16,53,REV,E4,E3,E12,E1,8.656000,480.720000,OK
1,7,adjacent,400,30,16,54,FWD,E4,E5,E1,E2,-8.680000,481.199000,OK
1,7,adjacent,400,30,16,55,REV,E5,E4,E1,E2,8.742000,480.720000,OK
1,7,adjacent,400,30,16,56,FWD,E4,E5,E2,E3,60.578000,480.880000,OK
1,7,adjacent,400,30,16,57,REV,E5,E4,E2,E3,-60.461000,480.241000,OK
1,7,adjacent,400,30,16,58,FWD,E4,E5,E6,E7,-8.727000,481.279000,OK
1,7,adjacent,400,30,16,59,REV,E5,E4,E6,E7,8.672000,480.561000,OK
1,7,adjacent,400,30,16,60,FWD,E4,E5,E7,E8,-8.711000,480.800000,OK
1,7,adjacent,400,30,16,61,REV,E5,E4,E7,E8,8.680000,480.481000,OK
1,7,adjacent,400,30,16,62,FWD,E4,E5,E8,E9,-8.727000,480.800000,OK
1,7,adjacent,400,30,16,63,REV,E5,E4,E8,E9,8.719000,480.401000,OK
1,7,adjacent,400,30,16,64,FWD,E4,E5,E9,E10,-8.484000,480.960000,OK
1,7,adjacent,400,30,16,65,REV,E5,E4,E9,E10,8.484000,480.561000,OK
1,7,adjacent,400,30,16,66,FWD,E4,E5,E10,E11,-25.852000,480.880000,OK
1,7,adjacent,400,30,16,67,REV,E5,E4,E10,E11,-29.937000,480.561000,OK
1,7,adjacent,400,30,16,68,FWD,E4,E5,E11,E12,-20.227000,480.960000,OK
1,7,adjacent,400,30,16,69,REV,E5,E4,E11,E12,-36.133000,480.720000,OK
1,7,adjacent,400,30,16,70,FWD,E4,E5,E12,E1,-8.602000,480.800000,OK
1,7,adjacent,400,30,16,71,REV,E5,E4,E12,E1,8.641000,480.561000,OK
1,7,adjacent,400,30,16,72,FWD,E5,E6,E1,E2,-8.719000,475.294000,OK
1,7,adjacent,400,30,16,73,REV,E6,E5,E1,E2,8.766000,476.092000,OK
1,7,adjacent,400,30,16,74,FWD,E5,E6,E2,E3,60.602000,474.655000,OK
1,7,adjacent,400,30,16,75,REV,E6,E5,E2,E3,-60.609000,475.453000,OK
1,7,adjacent,400,30,16,76,FWD,E5,E6,E3,E4,60.680000,475.054000,OK
1,7,adjacent,400,30,16,77,REV,E6,E5,E3,E4,-60.688000,475.373000,OK
1,7,adjacent,400,30,16,78,FWD,E5,E6,E7,E8,-8.727000,475.373000,OK
1,7,adjacent,400,30,16,79,REV,E6,E5,E7,E8,8.750000,476.251000,OK
1,7,adjacent,400,30,16,80,FWD,E5,E6,E8,E9,-8.703000,474.895000,OK
1,7,adjacent,400,30,16,81,REV,E6,E5,E8,E9,8.742000,475.533000,OK
1,7,adjacent,400,30,16,82,FWD,E5,E6,E9,E10,-8.563000,474.974000,OK
1,7,adjacent,400,30,16,83,REV,E6,E5,E9,E10,8.531000,475.134000,OK
1,7,adjacent,400,30,16,84,FWD,E5,E6,E10,E11,-24.672000,474.974000,OK
1,7,adjacent,400,30,16,85,REV,E6,E5,E10,E11,-24.820000,475.613000,OK
1,7,adjacent,400,30,16,86,FWD,E5,E6,E11,E12,-21.977000,475.214000,OK
1,7,adjacent,400,30,16,87,REV,E6,E5,E11,E12,-34.477000,476.092000,OK
1,7,adjacent,400,30,16,88,FWD,E5,E6,E12,E1,-8.625000,475.134000,OK
1,7,adjacent,400,30,16,89,REV,E6,E5,E12,E1,8.609000,475.533000,OK
1,7,adjacent,400,30,16,90,FWD,E6,E7,E1,E2,-8.711000,476.570000,OK
1,7,adjacent,400,30,16,91,REV,E7,E6,E1,E2,8.758000,475.294000,OK
1,7,adjacent,400,30,16,92,FWD,E6,E7,E2,E3,60.930000,476.411000,OK
1,7,adjacent,400,30,16,93,REV,E7,E6,E2,E3,-60.805000,475.453000,OK
1,7,adjacent,400,30,16,94,FWD,E6,E7,E3,E4,60.844000,477.368000,OK
1,7,adjacent,400,30,16,95,REV,E7,E6,E3,E4,-60.492000,475.693000,OK
1,7,adjacent,400,30,16,96,FWD,E6,E7,E4,E5,26.172000,476.890000,OK
1,7,adjacent,400,30,16,97,REV,E7,E6,E4,E5,-26.109000,475.613000,OK
1,7,adjacent,400,30,16,98,FWD,E6,E7,E8,E9,-8.750000,476.650000,OK
1,7,adjacent,400,30,16,99,REV,E7,E6,E8,E9,8.734000,475.772000,OK
1,7,adjacent,400,30,16,100,FWD,E6,E7,E9,E10,-8.547000,476.890000,OK
1,7,adjacent,400,30,16,101,REV,E7,E6,E9,E10,8.547000,475.693000,OK
1,7,adjacent,400,30,16,102,FWD,E6,E7,E10,E11,-28.281000,477.049000,OK
1,7,adjacent,400,30,16,103,REV,E7,E6,E10,E11,-24.180000,475.054000,OK
1,7,adjacent,400,30,16,104,FWD,E6,E7,E11,E12,-28.562000,476.411000,OK
1,7,adjacent,400,30,16,105,REV,E7,E6,E11,E12,-27.664000,475.453000,OK
1,7,adjacent,400,30,16,106,FWD,E6,E7,E12,E1,-8.617000,477.049000,OK
1,7,adjacent,400,30,16,107,REV,E7,E6,E12,E1,8.617000,475.134000,OK
1,7,adjacent,400,30,16,108,FWD,E7,E8,E1,E2,-8.492000,463.802000,OK
1,7,adjacent,400,30,16,109,REV,E8,E7,E1,E2,8.523000,464.201000,OK
1,7,adjacent,400,30,16,110,FWD,E7,E8,E2,E3,-42.383000,463.004000,OK
1,7,adjacent,400,30,16,111,REV,E8,E7,E2,E3,42.570000,463.882000,OK
1,7,adjacent,400,30,16,112,FWD,E7,E8,E3,E4,78.438000,463.563000,OK
1,7,adjacent,400,30,16,113,REV,E8,E7,E3,E4,-78.484000,463.483000,OK
1,7,adjacent,400,30,16,114,FWD,E7,E8,E4,E5,25.469000,463.882000,OK
1,7,adjacent,400,30,16,115,REV,E8,E7,E4,E5,-25.398000,464.201000,OK
1,7,adjacent,400,30,16,116,FWD,E7,E8,E5,E6,25.305000,463.643000,OK
1,7,adjacent,400,30,16,117,REV,E8,E7,E5,E6,-25.422000,463.802000,OK
1,7,adjacent,400,30,16,118,FWD,E7,E8,E9,E10,-8.336000,463.563000,OK
1,7,adjacent,400,30,16,119,REV,E8,E7,E9,E10,8.250000,463.563000,OK
1,7,adjacent,400,30,16,120,FWD,E7,E8,E10,E11,-48.750000,464.042000,OK
1,7,adjacent,400,30,16,121,REV,E8,E7,E10,E11,-15.813000,464.042000,OK
1,7,adjacent,400,30,16,122,FWD,E7,E8,E11,E12,-44.320000,463.802000,OK
1,7,adjacent,400,30,16,123,REV,E8,E7,E11,E12,-17.258000,464.042000,OK
1,7,adjacent,400,30,16,124,FWD,E7,E8,E12,E1,-8.383000,463.563000,OK
1,7,adjacent,400,30,16,125,REV,E8,E7,E12,E1,8.398000,462.286000,OK
1,7,adjacent,400,30,16,126,FWD,E8,E9,E1,E2,-8.516000,463.882000,OK
1,7,adjacent,400,30,16,127,REV,E9,E8,E1,E2,8.531000,463.403000,OK
1,7,adjacent,400,30,16,128,FWD,E8,E9,E2,E3,-42.406000,463.962000,OK
1,7,adjacent,400,30,16,129,REV,E9,E8,E2,E3,42.633000,463.483000,OK
1,7,adjacent,400,30,16,130,FWD,E8,E9,E3,E4,-61.523000,463.643000,OK
1,7,adjacent,400,30,16,131,REV,E9,E8,E3,E4,61.789000,463.723000,OK
1,7,adjacent,400,30,16,132,FWD,E8,E9,E4,E5,25.508000,463.643000,OK
1,7,adjacent,400,30,16,133,REV,E9,E8,E4,E5,-25.469000,463.962000,OK
1,7,adjacent,400,30,16,134,FWD,E8,E9,E5,E6,25.375000,463.324000,OK
1,7,adjacent,400,30,16,135,REV,E9,E8,E5,E6,-25.375000,463.802000,OK
1,7,adjacent,400,30,16,136,FWD,E8,E9,E6,E7,-8.461000,463.483000,OK
1,7,adjacent,400,30,16,137,REV,E9,E8,E6,E7,8.508000,462.925000,OK
1,7,adjacent,400,30,16,138,FWD,E8,E9,E10,E11,-51.875000,463.164000,OK
1,7,adjacent,400,30,16,139,REV,E9,E8,E10,E11,-12.469000,462.605000,OK
1,7,adjacent,400,30,16,140,FWD,E8,E9,E11,E12,-50.469000,463.324000,OK
1,7,adjacent,400,30,16,141,REV,E9,E8,E11,E12,-11.742000,463.403000,OK
1,7,adjacent,400,30,16,142,FWD,E8,E9,E12,E1,-8.375000,462.845000,OK
1,7,adjacent,400,30,16,143,REV,E9,E8,E12,E1,8.391000,462.526000,OK
1,7,adjacent,400,30,16,144,FWD,E9,E10,E1,E2,-8.625000,480.162000,OK
1,7,adjacent,400,30,16,145,REV,E10,E9,E1,E2,8.641000,480.880000,OK
1,7,adjacent,400,30,16,146,FWD,E9,E10,E2,E3,-42.750000,479.044000,OK
1,7,adjacent,400,30,16,147,REV,E10,E9,E2,E3,42.789000,479.523000,OK
1,7,adjacent,400,30,16,148,FWD,E9,E10,E3,E4,-42.602000,479.922000,OK
1,7,adjacent,400,30,16,149,REV,E10,E9,E3,E4,42.797000,480.241000,OK
1,7,adjacent,400,30,16,150,FWD,E9,E10,E4,E5,25.687000,480.162000,OK
1,7,adjacent,400,30,16,151,REV,E10,E9,E4,E5,-25.727000,478.725000,OK
1,7,adjacent,400,30,16,152,FWD,E9,E10,E5,E6,25.516000,479.523000,OK
1,7,adjacent,400,30,16,153,REV,E10,E9,E5,E6,-25.711000,480.401000,OK
1,7,adjacent,400,30,16,154,FWD,E9,E10,E6,E7,-8.633000,482.157000,OK
1,7,adjacent,400,30,16,155,REV,E10,E9,E6,E7,8.633000,481.518000,OK
1,7,adjacent,400,30,16,156,FWD,E9,E10,E7,E8,-8.555000,481.359000,OK
1,7,adjacent,400,30,16,157,REV,E10,E9,E7,E8,8.648000,481.359000,OK
1,7,adjacent,400,30,16,158,FWD,E9,E10,E11,E12,-48.078000,481.758000,OK
1,7,adjacent,400,30,16,159,REV,E10,E9,E11,E12,-13.055000,481.837000,OK
1,7,adjacent,400,30,16,160,FWD,E9,E10,E12,E1,-8.523000,482.077000,OK
1,7,adjacent,400,30,16,161,REV,E10,E9,E12,E1,8.555000,481.598000,OK
1,7,adjacent,400,30,16,162,FWD,E10,E11,E1,E2,-8.750000,480.002000,OK
1,7,adjacent,400,30,16,163,REV,E11,E10,E1,E2,8.758000,481.119000,OK
1,7,adjacent,400,30,16,164,FWD,E10,E11,E2,E3,-43.484000,480.082000,OK
1,7,adjacent,400,30,16,165,REV,E11,E10,E2,E3,43.633000,481.279000,OK
1,7,adjacent,400,30,16,166,FWD,E10,E11,E3,E4,-43.383000,479.842000,OK
1,7,adjacent,400,30,16,167,REV,E11,E10,E3,E4,43.570000,481.359000,OK
1,7,adjacent,400,30,16,168,FWD,E10,E11,E4,E5,26.211000,480.082000,OK
1,7,adjacent,400,30,16,169,REV,E11,E10,E4,E5,-26.211000,481.279000,OK
1,7,adjacent,400,30,16,170,FWD,E10,E11,E5,E6,26.023000,480.082000,OK
1,7,adjacent,400,30,16,171,REV,E11,E10,E5,E6,-26.078000,481.438000,OK
1,7,adjacent,400,30,16,172,FWD,E10,E11,E6,E7,-8.719000,480.321000,OK
1,7,adjacent,400,30,16,173,REV,E11,E10,E6,E7,8.766000,480.720000,OK
1,7,adjacent,400,30,16,174,FWD,E10,E11,E7,E8,-8.656000,479.842000,OK
1,7,adjacent,400,30,16,175,REV,E11,E10,E7,E8,8.789000,480.720000,OK
1,7,adjacent,400,30,16,176,FWD,E10,E11,E8,E9,-8.742000,480.321000,OK
1,7,adjacent,400,30,16,177,REV,E11,E10,E8,E9,8.734000,481.438000,OK
1,7,adjacent,400,30,16,178,FWD,E10,E11,E12,E1,-8.648000,480.481000,OK
1,7,adjacent,400,30,16,179,REV,E11,E10,E12,E1,8.633000,480.960000,OK
1,7,adjacent,400,30,16,180,FWD,E11,E12,E1,E2,-8.797000,481.359000,OK
1,7,adjacent,400,30,16,181,REV,E12,E11,E1,E2,8.703000,480.880000,OK
1,7,adjacent,400,30,16,182,FWD,E11,E12,E2,E3,-43.438000,481.598000,OK
1,7,adjacent,400,30,16,183,REV,E12,E11,E2,E3,43.422000,480.960000,OK
1,7,adjacent,400,30,16,184,FWD,E11,E12,E3,E4,-43.344000,481.598000,OK
1,7,adjacent,400,30,16,185,REV,E12,E11,E3,E4,43.367000,480.960000,OK
1,7,adjacent,400,30,16,186,FWD,E11,E12,E4,E5,26.164000,481.438000,OK
1,7,adjacent,400,30,16,187,REV,E12,E11,E4,E5,-26.070000,481.039000,OK
1,7,adjacent,400,30,16,188,FWD,E11,E12,E5,E6,25.984000,481.518000,OK
1,7,adjacent,400,30,16,189,REV,E12,E11,E5,E6,-25.930000,481.598000,OK
1,7,adjacent,400,30,16,190,FWD,E11,E12,E6,E7,-8.727000,481.438000,OK
1,7,adjacent,400,30,16,191,REV,E12,E11,E6,E7,8.711000,480.640000,OK
1,7,adjacent,400,30,16,192,FWD,E11,E12,E7,E8,-8.703000,481.518000,OK
1,7,adjacent,400,30,16,193,REV,E12,E11,E7,E8,8.695000,480.960000,OK
1,7,adjacent,400,30,16,194,FWD,E11,E12,E8,E9,-8.750000,481.758000,OK
1,7,adjacent,400,30,16,195,REV,E12,E11,E8,E9,8.742000,481.039000,OK
1,7,adjacent,400,30,16,196,FWD,E11,E12,E9,E10,-8.523000,481.598000,OK
1,7,adjacent,400,30,16,197,REV,E12,E11,E9,E10,8.508000,480.880000,OK
1,7,adjacent,400,30,16,198,FWD,E12,E1,E2,E3,-43.422000,480.162000,OK
1,7,adjacent,400,30,16,199,REV,E1,E12,E2,E3,43.266000,479.603000,OK
1,7,adjacent,400,30,16,200,FWD,E12,E1,E3,E4,-43.258000,480.481000,OK
1,7,adjacent,400,30,16,201,REV,E1,E12,E3,E4,43.219000,479.204000,OK
1,7,adjacent,400,30,16,202,FWD,E12,E1,E4,E5,26.531000,479.922000,OK
1,7,adjacent,400,30,16,203,REV,E1,E12,E4,E5,-26.398000,479.443000,OK
1,7,adjacent,400,30,16,204,FWD,E12,E1,E5,E6,25.922000,480.401000,OK
1,7,adjacent,400,30,16,205,REV,E1,E12,E5,E6,-25.883000,479.842000,OK
1,7,adjacent,400,30,16,206,FWD,E12,E1,E6,E7,-8.727000,480.481000,OK
1,7,adjacent,400,30,16,207,REV,E1,E12,E6,E7,8.695000,479.284000,OK
1,7,adjacent,400,30,16,208,FWD,E12,E1,E7,E8,-8.695000,480.241000,OK
1,7,adjacent,400,30,16,209,REV,E1,E12,E7,E8,8.703000,479.044000,OK
1,7,adjacent,400,30,16,210,FWD,E12,E1,E8,E9,-8.719000,480.241000,OK
1,7,adjacent,400,30,16,211,REV,E1,E12,E8,E9,8.703000,479.762000,OK
1,7,adjacent,400,30,16,212,FWD,E12,E1,E9,E10,-8.508000,480.241000,OK
1,7,adjacent,400,30,16,213,REV,E1,E12,E9,E10,8.523000,479.603000,OK
1,7,adjacent,400,30,16,214,FWD,E12,E1,E10,E11,-21.000000,480.401000,OK
1,7,adjacent,400,30,16,215,REV,E1,E12,E10,E11,-40.789000,479.443000,OK
2,8,adjacent,400,30,16,0,FWD,E1,E2,E3,E4,-43.680000,478.167000,OK
2,8,adjacent,400,30,16,1,REV,E2,E1,E3,E4,43.883000,480.082000,OK
2,8,adjacent,400,30,16,2,FWD,E1,E2,E4,E5,-78.813000,478.246000,OK
2,8,adjacent,400,30,16,3,REV,E2,E1,E4,E5,79.094000,479.603000,OK
2,8,adjacent,400,30,16,4,FWD,E1,E2,E5,E6,26.328000,478.486000,OK
2,8,adjacent,400,30,16,5,REV,E2,E1,E5,E6,-26.469000,480.002000,OK
2,8,adjacent,400,30,16,6,FWD,E1,E2,E6,E7,-8.805000,478.167000,OK
2,8,adjacent,400,30,16,7,REV,E2,E1,E6,E7,8.813000,479.683000,OK
2,8,adjacent,400,30,16,8,FWD,E1,E2,E7,E8,-8.758000,478.486000,OK
2,8,adjacent,400,30,16,9,REV,E2,E1,E7,E8,8.813000,479.603000,OK
2,8,adjacent,400,30,16,10,FWD,E1,E2,E8,E9,-8.773000,478.645000,OK
2,8,adjacent,400,30,16,11,REV,E2,E1,E8,E9,8.813000,479.762000,OK
2,8,adjacent,400,30,16,12,FWD,E1,E2,E9,E10,-8.594000,478.007000,OK
2,8,adjacent,400,30,16,13,REV,E2,E1,E9,E10,8.633000,479.603000,OK
2,8,adjacent,400,30,16,14,FWD,E1,E2,E10,E11,-20.195000,478.246000,OK
2,8,adjacent,400,30,16,15,REV,E2,E1,E10,E11,-36.867000,479.284000,OK
2,8,adjacent,400,30,16,16,FWD,E1,E2,E11,E12,-19.086000,478.565000,OK
2,8,adjacent,400,30,16,17,REV,E2,E1,E11,E12,-44.477000,479.922000,OK
2,8,adjacent,400,30,16,18,FWD,E2,E3,E4,E5,-79.102000,479.284000,OK
2,8,adjacent,400,30,16,19,REV,E3,E2,E4,E5,79.094000,479.284000,OK
2,8,adjacent,400,30,16,20,FWD,E2,E3,E5,E6,-79.383000,479.762000,OK
2,8,adjacent,400,30,16,21,REV,E3,E2,E5,E6,79.289000,479.603000,OK
2,8,adjacent,400,30,16,22,FWD,E2,E3,E6,E7,-8.852000,479.922000,OK
2,8,adjacent,400,30,16,23,REV,E3,E2,E6,E7,8.836000,479.443000,OK
2,8,adjacent,400,30,16,24,FWD,E2,E3,E7,E8,-8.836000,479.683000,OK
2,8,adjacent,400,30,16,25,REV,E3,E2,E7,E8,8.859000,479.363000,OK
2,8,adjacent,400,30,16,26,FWD,E2,E3,E8,E9,-8.867000,480.002000,OK
2,8,adjacent,400,30,16,27,REV,E3,E2,E8,E9,8.883000,478.965000,OK
2,8,adjacent,400,30,16,28,FWD,E2,E3,E9,E10,-8.672000,479.603000,OK
2,8,adjacent,400,30,16,29,REV,E3,E2,E9,E10,8.641000,479.363000,OK
2,8,adjacent,400,30,16,30,FWD,E2,E3,E10,E11,-20.289000,479.523000,OK
2,8,adjacent,400,30,16,31,REV,E3,E2,E10,E11,-36.703000,479.443000,OK
2,8,adjacent,400,30,16,32,FWD,E2,E3,E11,E12,-20.023000,480.002000,OK
2,8,adjacent,400,30,16,33,REV,E3,E2,E11,E12,-43.109000,479.284000,OK
2,8,adjacent,400,30,16,34,FWD,E2,E3,E12,E1,-8.719000,479.762000,OK
2,8,adjacent,400,30,16,35,REV,E3,E2,E12,E1,8.766000,479.523000,OK
2,8,adjacent,400,30,16,36,FWD,E3,E4,E1,E2,-8.680000,480.720000,OK
2,8,adjacent,400,30,16,37,REV,E4,E3,E1,E2,8.734000,481.598000,OK
2,8,adjacent,400,30,16,38,FWD,E3,E4,E5,E6,-77.859000,480.880000,OK
2,8,adjacent,400,30,16,39,REV,E4,E3,E5,E6,77.992000,481.438000,OK
2,8,adjacent,400,30,16,40,FWD,E3,E4,E6,E7,-8.703000,480.481000,OK
2,8,adjacent,400,30,16,41,REV,E4,E3,E6,E7,8.734000,481.438000,OK
2,8,adjacent,400,30,16,42,FWD,E3,E4,E7,E8,-8.680000,480.401000,OK
2,8,adjacent,400,30,16,43,REV,E4,E3,E7,E8,8.727000,481.119000,OK
2,8,adjacent,400,30,16,44,FWD,E3,E4,E8,E9,-8.719000,480.561000,OK
2,8,adjacent,400,30,16,45,REV,E4,E3,E8,E9,8.750000,480.960000,OK
2,8,adjacent,400,30,16,46,FWD,E3,E4,E9,E10,-8.500000,480.960000,OK
2,8,adjacent,400,30,16,47,REV,E4,E3,E9,E10,8.500000,481.518000,OK
2,8,adjacent,400,30,16,48,FWD,E3,E4,E10,E11,-23.898000,480.640000,OK
2,8,adjacent,400,30,16,49,REV,E4,E3,E10,E11,-31.617000,481.119000,OK
2,8,adjacent,400,30,16,50,FWD,E3,E4,E11,E12,-20.148000,480.561000,OK
2,8,adjacent,400,30,16,51,REV,E4,E3,E11,E12,-40.148000,481.279000,OK
2,8,adjacent,400,30,16,52,FWD,E3,E4,E12,E1,-8.570000,480.880000,OK
2,8,adjacent,400,30,16,53,REV,E4,E3,E12,E1,8.633000,480.960000,OK
2,8,adjacent,400,30,16,54,FWD,E4,E5,E1,E2,-8.703000,481.279000,OK
2,8,adjacent,400,30,16,55,REV,E5,E4,E1,E2,8.719000,480.481000,OK
2,8,adjacent,400,30,16,56,FWD,E4,E5,E2,E3,60.609000,481.279000,OK
2,8,adjacent,400,30,16,57,REV,E5,E4,E2,E3,-60.500000,480.321000,OK
2,8,adjacent,400,30,16,58,FWD,E4,E5,E6,E7,-8.742000,481.199000,OK
2,8,adjacent,400,30,16,59,REV,E5,E4,E6,E7,8.672000,480.481000,OK
2,8,adjacent,400,30,16,60,FWD,E4,E5,E7,E8,-8.695000,481.039000,OK
2,8,adjacent,400,30,16,61,REV,E5,E4,E7,E8,8.703000,480.241000,OK
2,8,adjacent,400,30,16,62,FWD,E4,E5,E8,E9,-8.719000,480.880000,OK
2,8,adjacent,400,30,16,63,REV,E5,E4,E8,E9,8.742000,480.162000,OK
2,8,adjacent,400,30,16,64,FWD,E4,E5,E9,E10,-8.516000,481.199000,OK
2,8,adjacent,400,30,16,65,REV,E5,E4,E9,E10,8.500000,481.119000,OK
2,8,adjacent,400,30,16,66,FWD,E4,E5,E10,E11,-23.719000,481.199000,OK
2,8,adjacent,400,30,16,67,REV,E5,E4,E10,E11,-32.336000,480.321000,OK
2,8,adjacent,400,30,16,68,FWD,E4,E5,E11,E12,-21.477000,481.039000,OK
2,8,adjacent,400,30,16,69,REV,E5,E4,E11,E12,-38.516000,479.842000,OK
2,8,adjacent,400,30,16,70,FWD,E4,E5,E12,E1,-8.594000,481.039000,OK
2,8,adjacent,400,30,16,71,REV,E5,E4,E12,E1,8.641000,480.720000,OK
2,8,adjacent,400,30,16,72,FWD,E5,E6,E1,E2,-8.719000,475.693000,OK
2,8,adjacent,400,30,16,73,REV,E6,E5,E1,E2,8.766000,476.171000,OK
2,8,adjacent,400,30,16,74,FWD,E5,E6,E2,E3,60.695000,475.852000,OK
2,8,adjacent,400,30,16,75,REV,E6,E5,E2,E3,-60.742000,476.092000,OK
2,8,adjacent,400,30,16,76,FWD,E5,E6,E3,E4,60.789000,475.932000,OK
2,8,adjacent,400,30,16,77,REV,E6,E5,E3,E4,-60.766000,476.491000,OK
2,8,adjacent,400,30,16,78,FWD,E5,E6,E7,E8,-8.742000,475.772000,OK
2,8,adjacent,400,30,16,79,REV,E6,E5,E7,E8,8.734000,475.932000,OK
2,8,adjacent,400,30,16,80,FWD,E5,E6,E8,E9,-8.750000,475.453000,OK
2,8,adjacent,400,30,16,81,REV,E6,E5,E8,E9,8.734000,476.092000,OK
2,8,adjacent,400,30,16,82,FWD,E5,E6,E9,E10,-8.539000,475.852000,OK
2,8,adjacent,400,30,16,83,REV,E6,E5,E9,E10,8.555000,476.092000,OK
2,8,adjacent,400,30,16,84,FWD,E5,E6,E10,E11,-25.742000,475.533000,OK
2,8,adjacent,400,30,16,85,REV,E6,E5,E10,E11,-28.953000,476.171000,OK
2,8,adjacent,400,30,16,86,FWD,E5,E6,E11,E12,-23.195000,475.772000,OK
2,8,adjacent,400,30,16,87,REV,E6,E5,E11,E12,-36.484000,476.012000,OK
2,8,adjacent,400,30,16,88,FWD,E5,E6,E12,E1,-8.609000,475.852000,OK
2,8,adjacent,400,30,16,89,REV,E6,E5,E12,E1,8.641000,476.570000,OK
2,8,adjacent,400,30,16,90,FWD,E6,E7,E1,E2,-8.727000,476.969000,OK
2,8,adjacent,400,30,16,91,REV,E7,E6,E1,E2,8.750000,475.932000,OK
2,8,adjacent,400,30,16,92,FWD,E6,E7,E2,E3,61.055000,477.129000,OK
2,8,adjacent,400,30,16,93,REV,E7,E6,E2,E3,-60.734000,475.613000,OK
2,8,adjacent,400,30,16,94,FWD,E6,E7,E3,E4,60.969000,477.209000,OK
2,8,adjacent,400,30,16,95,REV,E7,E6,E3,E4,-60.719000,476.251000,OK
2,8,adjacent,400,30,16,96,FWD,E6,E7,E4,E5,26.242000,477.049000,OK
2,8,adjacent,400,30,16,97,REV,E7,E6,E4,E5,-26.125000,475.852000,OK
2,8,adjacent,400,30,16,98,FWD,E6,E7,E8,E9,-8.797000,477.368000,OK
2,8,adjacent,400,30,16,99,REV,E7,E6,E8,E9,8.758000,476.012000,OK
2,8,adjacent,400,30,16,100,FWD,E6,E7,E9,E10,-8.578000,477.289000,OK
2,8,adjacent,400,30,16,101,REV,E7,E6,E9,E10,8.531000,476.171000,OK
2,8,adjacent,400,30,16,102,FWD,E6,E7,E10,E11,-34.680000,477.049000,OK
2,8,adjacent,400,30,16,103,REV,E7,E6,E10,E11,-25.945000,475.533000,OK
2,8,adjacent,400,30,16,104,FWD,E6,E7,E11,E12,-33.086000,477.368000,OK
2,8,adjacent,400,30,16,105,REV,E7,E6,E11,E12,-37.570000,476.251000,OK
2,8,adjacent,400,30,16,106,FWD,E6,E7,E12,E1,-8.641000,477.448000,OK
2,8,adjacent,400,30,16,107,REV,E7,E6,E12,E1,8.641000,476.251000,OK
2,8,adjacent,400,30,16,108,FWD,E7,E8,E1,E2,-8.500000,463.962000,OK
2,8,adjacent,400,30,16,109,REV,E8,E7,E1,E2,8.508000,463.882000,OK
2,8,adjacent,400,30,16,110,FWD,E7,E8,E2,E3,-42.406000,463.723000,OK
2,8,adjacent,400,30,16,111,REV,E8,E7,E2,E3,42.813000,464.122000,OK
2,8,adjacent,400,30,16,112,FWD,E7,E8,E3,E4,78.180000,464.042000,OK
2,8,adjacent,400,30,16,113,REV,E8,E7,E3,E4,-78.320000,464.201000,OK
2,8,adjacent,400,30,16,114,FWD,E7,E8,E4,E5,25.437000,464.201000,OK
2,8,adjacent,400,30,16,115,REV,E8,E7,E4,E5,-25.430000,464.042000,OK
2,8,adjacent,400,30,16,116,FWD,E7,E8,E5,E6,25.281000,463.882000,OK
2,8,adjacent,400,30,16,117,REV,E8,E7,E5,E6,-25.414000,463.882000,OK
2,8,adjacent,400,30,16,118,FWD,E7,E8,E9,E10,-8.313000,464.201000,OK
2,8,adjacent,400,30,16,119,REV,E8,E7,E9,E10,8.367000,463.962000,OK
2,8,adjacent,400,30,16,120,FWD,E7,E8,E10,E11,-53.484000,464.122000,OK
2,8,adjacent,400,30,16,121,REV,E8,E7,E10,E11,-22.219000,463.882000,OK
2,8,adjacent,400,30,16,122,FWD,E7,E8,E11,E12,-51.164000,463.563000,OK
2,8,adjacent,400,30,16,123,REV,E8,E7,E11,E12,-24.367000,463.643000,OK
2,8,adjacent,400,30,16,124,FWD,E7,E8,E12,E1,-8.398000,464.122000,OK
2,8,adjacent,400,30,16,125,REV,E8,E7,E12,E1,8.422000,464.281000,OK
2,8,adjacent,400,30,16,126,FWD,E8,E9,E1,E2,-8.516000,463.723000,OK
2,8,adjacent,400,30,16,127,REV,E9,E8,E1,E2,8.531000,463.723000,OK
2,8,adjacent,400,30,16,128,FWD,E8,E9,E2,E3,-42.430000,463.483000,OK
2,8,adjacent,400,30,16,129,REV,E9,E8,E2,E3,42.469000,463.483000,OK
2,8,adjacent,400,30,16,130,FWD,E8,E9,E3,E4,-61.469000,463.643000,OK
2,8,adjacent,400,30,16,131,REV,E9,E8,E3,E4,61.414000,463.723000,OK
2,8,adjacent,400,30,16,132,FWD,E8,E9,E4,E5,25.508000,463.563000,OK
2,8,adjacent,400,30,16,133,REV,E9,E8,E4,E5,-25.469000,463.483000,OK
2,8,adjacent,400,30,16,134,FWD,E8,E9,E5,E6,25.344000,463.882000,OK
2,8,adjacent,400,30,16,135,REV,E9,E8,E5,E6,-25.398000,463.483000,OK
2,8,adjacent,400,30,16,136,FWD,E8,E9,E6,E7,-8.516000,463.563000,OK
2,8,adjacent,400,30,16,137,REV,E9,E8,E6,E7,8.531000,463.962000,OK
2,8,adjacent,400,30,16,138,FWD,E8,E9,E10,E11,-55.266000,463.563000,OK
2,8,adjacent,400,30,16,139,REV,E9,E8,E10,E11,-15.031000,463.563000,OK
2,8,adjacent,400,30,16,140,FWD,E8,E9,E11,E12,-55.938000,463.403000,OK
2,8,adjacent,400,30,16,141,REV,E9,E8,E11,E12,-18.797000,463.643000,OK
2,8,adjacent,400,30,16,142,FWD,E8,E9,E12,E1,-8.398000,463.563000,OK
2,8,adjacent,400,30,16,143,REV,E9,E8,E12,E1,8.438000,463.483000,OK
2,8,adjacent,400,30,16,144,FWD,E9,E10,E1,E2,-8.648000,481.678000,OK
2,8,adjacent,400,30,16,145,REV,E10,E9,E1,E2,8.656000,481.997000,OK
2,8,adjacent,400,30,16,146,FWD,E9,E10,E2,E3,-42.953000,481.678000,OK
2,8,adjacent,400,30,16,147,REV,E10,E9,E2,E3,42.977000,481.518000,OK
2,8,adjacent,400,30,16,148,FWD,E9,E10,E3,E4,-42.984000,482.077000,OK
2,8,adjacent,400,30,16,149,REV,E10,E9,E3,E4,42.969000,481.518000,OK
2,8,adjacent,400,30,16,150,FWD,E9,E10,E4,E5,25.867000,481.758000,OK
2,8,adjacent,400,30,16,151,REV,E10,E9,E4,E5,-25.797000,481.359000,OK
2,8,adjacent,400,30,16,152,FWD,E9,E10,E5,E6,25.734000,481.598000,OK
2,8,adjacent,400,30,16,153,REV,E10,E9,E5,E6,-25.711000,481.598000,OK
2,8,adjacent,400,30,16,154,FWD,E9,E10,E6,E7,-8.648000,481.518000,OK
2,8,adjacent,400,30,16,155,REV,E10,E9,E6,E7,8.586000,481.678000,OK
2,8,adjacent,400,30,16,156,FWD,E9,E10,E7,E8,-8.570000,481.758000,OK
2,8,adjacent,400,30,16,157,REV,E10,E9,E7,E8,8.633000,481.279000,OK
2,8,adjacent,400,30,16,158,FWD,E9,E10,E11,E12,-52.813000,482.236000,OK
2,8,adjacent,400,30,16,159,REV,E10,E9,E11,E12,-16.023000,481.997000,OK
2,8,adjacent,400,30,16,160,FWD,E9,E10,E12,E1,-8.477000,481.917000,OK
2,8,adjacent,400,30,16,161,REV,E10,E9,E12,E1,8.586000,481.678000,OK
2,8,adjacent,400,30,16,162,FWD,E10,E11,E1,E2,-8.766000,480.082000,OK
2,8,adjacent,400,30,16,163,REV,E11,E10,E1,E2,8.758000,481.359000,OK
2,8,adjacent,400,30,16,164,FWD,E10,E11,E2,E3,-43.484000,480.241000,OK
2,8,adjacent,400,30,16,165,REV,E11,E10,E2,E3,43.617000,481.039000,OK
2,8,adjacent,400,30,16,166,FWD,E10,E11,E3,E4,-43.398000,480.321000,OK
2,8,adjacent,400,30,16,167,REV,E11,E10,E3,E4,43.617000,481.119000,OK
2,8,adjacent,400,30,16,168,FWD,E10,E11,E4,E5,26.219000,480.162000,OK
2,8,adjacent,400,30,16,169,REV,E11,E10,E4,E5,-26.164000,481.039000,OK
2,8,adjacent,400,30,16,170,FWD,E10,E11,E5,E6,26.086000,480.241000,OK
2,8,adjacent,400,30,16,171,REV,E11,E10,E5,E6,-26.086000,481.359000,OK
2,8,adjacent,400,30,16,172,FWD,E10,E11,E6,E7,-8.727000,480.720000,OK
2,8,adjacent,400,30,16,173,REV,E11,E10,E6,E7,8.727000,481.598000,OK
2,8,adjacent,400,30,16,174,FWD,E10,E11,E7,E8,-8.688000,480.481000,OK
2,8,adjacent,400,30,16,175,REV,E11,E10,E7,E8,8.727000,481.199000,OK
2,8,adjacent,400,30,16,176,FWD,E10,E11,E8,E9,-8.719000,480.082000,OK
2,8,adjacent,400,30,16,177,REV,E11,E10,E8,E9,8.734000,481.438000,OK
2,8,adjacent,400,30,16,178,FWD,E10,E11,E12,E1,-8.656000,480.481000,OK
2,8,adjacent,400,30,16,179,REV,E11,E10,E12,E1,8.664000,481.279000,OK
2,8,adjacent,400,30,16,180,FWD,E11,E12,E1,E2,-8.742000,481.359000,OK
2,8,adjacent,400,30,16,181,REV,E12,E11,E1,E2,8.703000,480.880000,OK
2,8,adjacent,400,30,16,182,FWD,E11,E12,E2,E3,-43.492000,481.279000,OK
2,8,adjacent,400,30,16,183,REV,E12,E11,E2,E3,43.367000,480.561000,OK
2,8,adjacent,400,30,16,184,FWD,E11,E12,E3,E4,-43.352000,481.279000,OK
2,8,adjacent,400,30,16,185,REV,E12,E11,E3,E4,43.336000,481.199000,OK
2,8,adjacent,400,30,16,186,FWD,E11,E12,E4,E5,26.148000,482.077000,OK
2,8,adjacent,400,30,16,187,REV,E12,E11,E4,E5,-25.977000,480.800000,OK
2,8,adjacent,400,30,16,188,FWD,E11,E12,E5,E6,26.023000,481.598000,OK
2,8,adjacent,400,30,16,189,REV,E12,E11,E5,E6,-25.984000,481.119000,OK
2,8,adjacent,400,30,16,190,FWD,E11,E12,E6,E7,-8.734000,481.917000,OK
2,8,adjacent,400,30,16,191,REV,E12,E11,E6,E7,8.727000,481.199000,OK
2,8,adjacent,400,30,16,192,FWD,E11,E12,E7,E8,-8.680000,481.518000,OK
2,8,adjacent,400,30,16,193,REV,E12,E11,E7,E8,8.727000,480.720000,OK
2,8,adjacent,400,30,16,194,FWD,E11,E12,E8,E9,-8.680000,481.359000,OK
2,8,adjacent,400,30,16,195,REV,E12,E11,E8,E9,8.742000,481.039000,OK
2,8,adjacent,400,30,16,196,FWD,E11,E12,E9,E10,-8.508000,481.438000,OK
2,8,adjacent,400,30,16,197,REV,E12,E11,E9,E10,8.500000,481.199000,OK
2,8,adjacent,400,30,16,198,FWD,E12,E1,E2,E3,-43.438000,479.842000,OK
2,8,adjacent,400,30,16,199,REV,E1,E12,E2,E3,43.258000,479.204000,OK
2,8,adjacent,400,30,16,200,FWD,E12,E1,E3,E4,-43.320000,480.481000,OK
2,8,adjacent,400,30,16,201,REV,E1,E12,E3,E4,43.258000,479.443000,OK
2,8,adjacent,400,30,16,202,FWD,E12,E1,E4,E5,26.320000,480.561000,OK
2,8,adjacent,400,30,16,203,REV,E1,E12,E4,E5,-26.328000,479.443000,OK
2,8,adjacent,400,30,16,204,FWD,E12,E1,E5,E6,25.969000,480.002000,OK
2,8,adjacent,400,30,16,205,REV,E1,E12,E5,E6,-25.844000,479.284000,OK
2,8,adjacent,400,30,16,206,FWD,E12,E1,E6,E7,-8.711000,480.481000,OK
2,8,adjacent,400,30,16,207,REV,E1,E12,E6,E7,8.711000,479.603000,OK
2,8,adjacent,400,30,16,208,FWD,E12,E1,E7,E8,-8.688000,480.241000,OK
2,8,adjacent,400,30,16,209,REV,E1,E12,E7,E8,8.680000,478.965000,OK
2,8,adjacent,400,30,16,210,FWD,E12,E1,E8,E9,-8.695000,480.002000,OK
2,8,adjacent,400,30,16,211,REV,E1,E12,E8,E9,8.703000,479.124000,OK
2,8,adjacent,400,30,16,212,FWD,E12,E1,E9,E10,-8.500000,480.561000,OK
2,8,adjacent,400,30,16,213,REV,E1,E12,E9,E10,8.492000,479.443000,OK
2,8,adjacent,400,30,16,214,FWD,E12,E1,E10,E11,-26.023000,480.720000,OK
2,8,adjacent,400,30,16,215,REV,E1,E12,E10,E11,-50.039000,479.603000,OK
3,9,adjacent,400,30,16,0,FWD,E1,E2,E3,E4,-43.734000,478.406000,OK
3,9,adjacent,400,30,16,1,REV,E2,E1,E3,E4,43.906000,479.603000,OK
3,9,adjacent,400,30,16,2,FWD,E1,E2,E4,E5,-78.859000,478.007000,OK
3,9,adjacent,400,30,16,3,REV,E2,E1,E4,E5,79.172000,479.762000,OK
3,9,adjacent,400,30,16,4,FWD,E1,E2,E5,E6,26.352000,478.565000,OK
3,9,adjacent,400,30,16,5,REV,E2,E1,E5,E6,-26.430000,479.842000,OK
3,9,adjacent,400,30,16,6,FWD,E1,E2,E6,E7,-8.781000,478.326000,OK
3,9,adjacent,400,30,16,7,REV,E2,E1,E6,E7,8.820000,479.922000,OK
3,9,adjacent,400,30,16,8,FWD,E1,E2,E7,E8,-8.781000,477.767000,OK
3,9,adjacent,400,30,16,9,REV,E2,E1,E7,E8,8.813000,479.842000,OK
3,9,adjacent,400,30,16,10,FWD,E1,E2,E8,E9,-8.773000,478.565000,OK
3,9,adjacent,400,30,16,11,REV,E2,E1,E8,E9,8.820000,480.162000,OK
3,9,adjacent,400,30,16,12,FWD,E1,E2,E9,E10,-8.578000,478.645000,OK
3,9,adjacent,400,30,16,13,REV,E2,E1,E9,E10,8.641000,479.762000,OK
3,9,adjacent,400,30,16,14,FWD,E1,E2,E10,E11,-25.195000,477.927000,OK
3,9,adjacent,400,30,16,15,REV,E2,E1,E10,E11,-46.906000,479.443000,OK
3,9,adjacent,400,30,16,16,FWD,E1,E2,E11,E12,-23.133000,478.565000,OK
3,9,adjacent,400,30,16,17,REV,E2,E1,E11,E12,-52.500000,480.002000,OK
3,9,adjacent,400,30,16,18,FWD,E2,E3,E4,E5,-79.125000,480.241000,OK
3,9,adjacent,400,30,16,19,REV,E3,E2,E4,E5,79.125000,479.683000,OK
3,9,adjacent,400,30,16,20,FWD,E2,E3,E5,E6,-79.375000,479.523000,OK
3,9,adjacent,400,30,16,21,REV,E3,E2,E5,E6,79.398000,479.523000,OK
3,9,adjacent,400,30,16,22,FWD,E2,E3,E6,E7,-8.867000,480.002000,OK
3,9,adjacent,400,30,16,23,REV,E3,E2,E6,E7,8.828000,479.443000,OK
3,9,adjacent,400,30,16,24,FWD,E2,E3,E7,E8,-8.844000,480.082000,OK
3,9,adjacent,400,30,16,25,REV,E3,E2,E7,E8,8.836000,479.762000,OK
3,9,adjacent,400,30,16,26,FWD,E2,E3,E8,E9,-8.859000,480.082000,OK
3,9,adjacent,400,30,16,27,REV,E3,E2,E8,E9,8.875000,479.683000,OK
3,9,adjacent,400,30,16,28,FWD,E2,E3,E9,E10,-8.656000,480.082000,OK
3,9,adjacent,400,30,16,29,REV,E3,E2,E9,E10,8.664000,479.284000,OK
3,9,adjacent,400,30,16,30,FWD,E2,E3,E10,E11,-26.883000,480.321000,OK
3,9,adjacent,400,30,16,31,REV,E3,E2,E10,E11,-46.266000,479.762000,OK
3,9,adjacent,400,30,16,32,FWD,E2,E3,E11,E12,-26.805000,480.082000,OK
3,9,adjacent,400,30,16,33,REV,E3,E2,E11,E12,-51.852000,479.683000,OK
3,9,adjacent,400,30,16,34,FWD,E2,E3,E12,E1,-8.711000,480.002000,OK
3,9,adjacent,400,30,16,35,REV,E3,E2,E12,E1,8.797000,479.044000,OK
3,9,adjacent,400,30,16,36,FWD,E3,E4,E1,E2,-8.719000,481.199000,OK
3,9,adjacent,400,30,16,37,REV,E4,E3,E1,E2,8.742000,481.917000,OK
3,9,adjacent,400,30,16,38,FWD,E3,E4,E5,E6,-77.820000,480.720000,OK
3,9,adjacent,400,30,16,39,REV,E4,E3,E5,E6,77.992000,481.997000,OK
3,9,adjacent,400,30,16,40,FWD,E3,E4,E6,E7,-8.703000,480.880000,OK
3,9,adjacent,400,30,16,41,REV,E4,E3,E6,E7,8.688000,481.359000,OK
3,9,adjacent,400,30,16,42,FWD,E3,E4,E7,E8,-8.719000,480.880000,OK
3,9,adjacent,400,30,16,43,REV,E4,E3,E7,E8,8.688000,481.359000,OK
3,9,adjacent,400,30,16,44,FWD,E3,E4,E8,E9,-8.719000,480.880000,OK
3,9,adjacent,400,30,16,45,REV,E4,E3,E8,E9,8.742000,481.917000,OK
3,9,adjacent,400,30,16,46,FWD,E3,E4,E9,E10,-8.477000,481.279000,OK
3,9,adjacent,400,30,16,47,REV,E4,E3,E9,E10,8.508000,481.837000,OK
3,9,adjacent,400,30,16,48,FWD,E3,E4,E10,E11,-30.203000,480.720000,OK
3,9,adjacent,400,30,16,49,REV,E4,E3,E10,E11,-45.133000,481.518000,OK
3,9,adjacent,400,30,16,50,FWD,E3,E4,E11,E12,-29.687000,480.720000,OK
3,9,adjacent,400,30,16,51,REV,E4,E3,E11,E12,-51.258000,481.997000,OK
3,9,adjacent,400,30,16,52,FWD,E3,E4,E12,E1,-8.570000,480.800000,OK
3,9,adjacent,400,30,16,53,REV,E4,E3,E12,E1,8.633000,481.359000,OK
3,9,adjacent,400,30,16,54,FWD,E4,E5,E1,E2,-8.727000,481.518000,OK
3,9,adjacent,400,30,16,55,REV,E5,E4,E1,E2,8.742000,480.561000,OK
3,9,adjacent,400,30,16,56,FWD,E4,E5,E2,E3,60.602000,480.960000,OK
3,9,adjacent,400,30,16,57,REV,E5,E4,E2,E3,-60.500000,480.880000,OK
3,9,adjacent,400,30,16,58,FWD,E4,E5,E6,E7,-8.727000,480.960000,OK
3,9,adjacent,400,30,16,59,REV,E5,E4,E6,E7,8.727000,480.800000,OK
3,9,adjacent,400,30,16,60,FWD,E4,E5,E7,E8,-8.719000,481.598000,OK
3,9,adjacent,400,30,16,61,REV,E5,E4,E7,E8,8.703000,480.960000,OK
3,9,adjacent,400,30,16,62,FWD,E4,E5,E8,E9,-8.727000,481.199000,OK
3,9,adjacent,400,30,16,63,REV,E5,E4,E8,E9,8.727000,480.401000,OK
3,9,adjacent,400,30,16,64,FWD,E4,E5,E9,E10,-8.539000,481.279000,OK
3,9,adjacent,400,30,16,65,REV,E5,E4,E9,E10,8.484000,481.039000,OK
3,9,adjacent,400,30,16,66,FWD,E4,E5,E10,E11,-29.031000,481.359000,OK
3,9,adjacent,400,30,16,67,REV,E5,E4,E10,E11,-44.281000,480.800000,OK
3,9,adjacent,400,30,16,68,FWD,E4,E5,E11,E12,-29.242000,481.199000,OK
3,9,adjacent,400,30,16,69,REV,E5,E4,E11,E12,-50.805000,480.720000,OK
3,9,adjacent,400,30,16,70,FWD,E4,E5,E12,E1,-8.586000,480.880000,OK
3,9,adjacent,400,30,16,71,REV,E5,E4,E12,E1,8.625000,480.002000,OK
3,9,adjacent,400,30,16,72,FWD,E5,E6,E1,E2,-8.719000,476.411000,OK
3,9,adjacent,400,30,16,73,REV,E6,E5,E1,E2,8.789000,476.650000,OK
3,9,adjacent,400,30,16,74,FWD,E5,E6,E2,E3,60.711000,476.331000,OK
3,9,adjacent,400,30,16,75,REV,E6,E5,E2,E3,-60.781000,477.209000,OK
3,9,adjacent,400,30,16,76,FWD,E5,E6,E3,E4,60.805000,476.331000,OK
3,9,adjacent,400,30,16,77,REV,E6,E5,E3,E4,-60.852000,477.049000,OK
3,9,adjacent,400,30,16,78,FWD,E5,E6,E7,E8,-8.758000,476.092000,OK
3,9,adjacent,400,30,16,79,REV,E6,E5,E7,E8,8.742000,476.411000,OK
3,9,adjacent,400,30,16,80,FWD,E5,E6,E8,E9,-8.711000,476.251000,OK
3,9,adjacent,400,30,16,81,REV,E6,E5,E8,E9,8.773000,476.890000,OK
3,9,adjacent,400,30,16,82,FWD,E5,E6,E9,E10,-8.531000,476.491000,OK
3,9,adjacent,400,30,16,83,REV,E6,E5,E9,E10,8.523000,476.650000,OK
3,9,adjacent,400,30,16,84,FWD,E5,E6,E10,E11,-29.664000,476.331000,OK
3,9,adjacent,400,30,16,85,REV,E6,E5,E10,E11,-39.336000,476.570000,OK
3,9,adjacent,400,30,16,86,FWD,E5,E6,E11,E12,-30.656000,476.171000,OK
3,9,adjacent,400,30,16,87,REV,E6,E5,E11,E12,-47.953000,476.092000,OK
3,9,adjacent,400,30,16,88,FWD,E5,E6,E12,E1,-8.625000,476.171000,OK
3,9,adjacent,400,30,16,89,REV,E6,E5,E12,E1,8.648000,477.049000,OK
3,9,adjacent,400,30,16,90,FWD,E6,E7,E1,E2,-8.781000,478.326000,OK
3,9,adjacent,400,30,16,91,REV,E7,E6,E1,E2,8.758000,476.650000,OK
3,9,adjacent,400,30,16,92,FWD,E6,E7,E2,E3,61.211000,478.007000,OK
3,9,adjacent,400,30,16,93,REV,E7,E6,E2,E3,-60.906000,476.810000,OK
3,9,adjacent,400,30,16,94,FWD,E6,E7,E3,E4,61.039000,477.767000,OK
3,9,adjacent,400,30,16,95,REV,E7,E6,E3,E4,-60.758000,476.810000,OK
3,9,adjacent,400,30,16,96,FWD,E6,E7,E4,E5,26.281000,478.007000,OK
3,9,adjacent,400,30,16,97,REV,E7,E6,E4,E5,-26.133000,476.730000,OK
3,9,adjacent,400,30,16,98,FWD,E6,E7,E8,E9,-8.781000,478.246000,OK
3,9,adjacent,400,30,16,99,REV,E7,E6,E8,E9,8.750000,476.570000,OK
3,9,adjacent,400,30,16,100,FWD,E6,E7,E9,E10,-8.586000,477.528000,OK
3,9,adjacent,400,30,16,101,REV,E7,E6,E9,E10,8.516000,476.570000,OK
3,9,adjacent,400,30,16,102,FWD,E6,E7,E10,E11,-39.508000,477.608000,OK
3,9,adjacent,400,30,16,103,REV,E7,E6,E10,E11,-34.750000,476.491000,OK
3,9,adjacent,400,30,16,104,FWD,E6,E7,E11,E12,-39.063000,478.246000,OK
3,9,adjacent,400,30,16,105,REV,E7,E6,E11,E12,-43.844000,477.209000,OK
3,9,adjacent,400,30,16,106,FWD,E6,E7,E12,E1,-8.633000,477.688000,OK
3,9,adjacent,400,30,16,107,REV,E7,E6,E12,E1,8.656000,476.491000,OK
3,9,adjacent,400,30,16,108,FWD,E7,E8,E1,E2,-8.500000,464.281000,OK
3,9,adjacent,400,30,16,109,REV,E8,E7,E1,E2,8.516000,464.122000,OK
3,9,adjacent,400,30,16,110,FWD,E7,E8,E2,E3,-42.445000,464.361000,OK
3,9,adjacent,400,30,16,111,REV,E8,E7,E2,E3,42.617000,464.600000,OK
3,9,adjacent,400,30,16,112,FWD,E7,E8,E3,E4,78.344000,464.361000,OK
3,9,adjacent,400,30,16,113,REV,E8,E7,E3,E4,-78.234000,464.281000,OK
3,9,adjacent,400,30,16,114,FWD,E7,E8,E4,E5,25.453000,464.201000,OK
3,9,adjacent,400,30,16,115,REV,E8,E7,E4,E5,-25.414000,464.042000,OK
3,9,adjacent,400,30,16,116,FWD,E7,E8,E5,E6,25.320000,464.281000,OK
3,9,adjacent,400,30,16,117,REV,E8,E7,E5,E6,-25.336000,464.361000,OK
3,9,adjacent,400,30,16,118,FWD,E7,E8,E9,E10,-8.297000,464.201000,OK
3,9,adjacent,400,30,16,119,REV,E8,E7,E9,E10,8.305000,464.441000,OK
3,9,adjacent,400,30,16,120,FWD,E7,E8,E10,E11,-54.867000,463.563000,OK
3,9,adjacent,400,30,16,121,REV,E8,E7,E10,E11,-20.617000,464.281000,OK
3,9,adjacent,400,30,16,122,FWD,E7,E8,E11,E12,-53.961000,464.122000,OK
3,9,adjacent,400,30,16,123,REV,E8,E7,E11,E12,-24.281000,464.441000,OK
3,9,adjacent,400,30,16,124,FWD,E7,E8,E12,E1,-8.383000,463.962000,OK
3,9,adjacent,400,30,16,125,REV,E8,E7,E12,E1,8.391000,464.122000,OK
3,9,adjacent,400,30,16,126,FWD,E8,E9,E1,E2,-8.516000,463.882000,OK
3,9,adjacent,400,30,16,127,REV,E9,E8,E1,E2,8.523000,463.483000,OK
3,9,adjacent,400,30,16,128,FWD,E8,E9,E2,E3,-42.328000,463.563000,OK
3,9,adjacent,400,30,16,129,REV,E9,E8,E2,E3,42.516000,463.563000,OK
3,9,adjacent,400,30,16,130,FWD,E8,E9,E3,E4,-61.508000,463.802000,OK
3,9,adjacent,400,30,16,131,REV,E9,E8,E3,E4,61.531000,464.201000,OK
3,9,adjacent,400,30,16,132,FWD,E8,E9,E4,E5,25.508000,463.882000,OK
3,9,adjacent,400,30,16,133,REV,E9,E8,E4,E5,-25.500000,463.403000,OK
3,9,adjacent,400,30,16,134,FWD,E8,E9,E5,E6,25.336000,463.643000,OK
3,9,adjacent,400,30,16,135,REV,E9,E8,E5,E6,-25.414000,463.962000,OK
3,9,adjacent,400,30,16,136,FWD,E8,E9,E6,E7,-8.508000,463.882000,OK
3,9,adjacent,400,30,16,137,REV,E9,E8,E6,E7,8.523000,463.882000,OK
3,9,adjacent,400,30,16,138,FWD,E8,E9,E10,E11,-55.758000,463.962000,OK
3,9,adjacent,400,30,16,139,REV,E9,E8,E10,E11,-15.414000,463.483000,OK
3,9,adjacent,400,30,16,140,FWD,E8,E9,E11,E12,-58.078000,463.802000,OK
3,9,adjacent,400,30,16,141,REV,E9,E8,E11,E12,-20.523000,463.962000,OK
3,9,adjacent,400,30,16,142,FWD,E8,E9,E12,E1,-8.398000,463.723000,OK
3,9,adjacent,400,30,16,143,REV,E9,E8,E12,E1,8.445000,463.483000,OK
3,9,adjacent,400,30,16,144,FWD,E9,E10,E1,E2,-8.648000,481.837000,OK
3,9,adjacent,400,30,16,145,REV,E10,E9,E1,E2,8.664000,481.678000,OK
3,9,adjacent,400,30,16,146,FWD,E9,E10,E2,E3,-42.938000,481.758000,OK
3,9,adjacent,400,30,16,147,REV,E10,E9,E2,E3,43.039000,481.598000,OK
3,9,adjacent,400,30,16,148,FWD,E9,E10,E3,E4,-42.914000,481.997000,OK
3,9,adjacent,400,30,16,149,REV,E10,E9,E3,E4,42.898000,481.917000,OK
3,9,adjacent,400,30,16,150,FWD,E9,E10,E4,E5,25.852000,481.917000,OK
3,9,adjacent,400,30,16,151,REV,E10,E9,E4,E5,-25.797000,481.359000,OK
3,9,adjacent,400,30,16,152,FWD,E9,E10,E5,E6,25.734000,481.758000,OK
3,9,adjacent,400,30,16,153,REV,E10,E9,E5,E6,-25.727000,481.438000,OK
3,9,adjacent,400,30,16,154,FWD,E9,E10,E6,E7,-8.648000,481.837000,OK
3,9,adjacent,400,30,16,155,REV,E10,E9,E6,E7,8.602000,481.438000,OK
3,9,adjacent,400,30,16,156,FWD,E9,E10,E7,E8,-8.586000,481.518000,OK
3,9,adjacent,400,30,16,157,REV,E10,E9,E7,E8,8.648000,481.518000,OK
3,9,adjacent,400,30,16,158,FWD,E9,E10,E11,E12,-54.055000,481.598000,OK
3,9,adjacent,400,30,16,159,REV,E10,E9,E11,E12,-21.406000,481.917000,OK
3,9,adjacent,400,30,16,160,FWD,E9,E10,E12,E1,-8.516000,481.997000,OK
3,9,adjacent,400,30,16,161,REV,E10,E9,E12,E1,8.570000,481.438000,OK
3,9,adjacent,400,30,16,162,FWD,E10,E11,E1,E2,-8.734000,480.321000,OK
3,9,adjacent,400,30,16,163,REV,E11,E10,E1,E2,8.758000,481.279000,OK
3,9,adjacent,400,30,16,164,FWD,E10,E11,E2,E3,-43.508000,480.401000,OK
3,9,adjacent,400,30,16,165,REV,E11,E10,E2,E3,43.633000,481.199000,OK
3,9,adjacent,400,30,16,166,FWD,E10,E11,E3,E4,-43.430000,480.241000,OK
3,9,adjacent,400,30,16,167,REV,E11,E10,E3,E4,43.578000,481.279000,OK
3,9,adjacent,400,30,16,168,FWD,E10,E11,E4,E5,26.180000,480.321000,OK
3,9,adjacent,400,30,16,169,REV,E11,E10,E4,E5,-26.164000,480.960000,OK
3,9,adjacent,400,30,16,170,FWD,E10,E11,E5,E6,26.070000,480.401000,OK
3,9,adjacent,400,30,16,171,REV,E11,E10,E5,E6,-26.086000,480.880000,OK
3,9,adjacent,400,30,16,172,FWD,E10,E11,E6,E7,-8.742000,480.002000,OK
3,9,adjacent,400,30,16,173,REV,E11,E10,E6,E7,8.750000,481.518000,OK
3,9,adjacent,400,30,16,174,FWD,E10,E11,E7,E8,-8.711000,480.002000,OK
3,9,adjacent,400,30,16,175,REV,E11,E10,E7,E8,8.750000,481.119000,OK
3,9,adjacent,400,30,16,176,FWD,E10,E11,E8,E9,-8.711000,480.241000,OK
3,9,adjacent,400,30,16,177,REV,E11,E10,E8,E9,8.813000,481.598000,OK
3,9,adjacent,400,30,16,178,FWD,E10,E11,E12,E1,-8.594000,480.481000,OK
3,9,adjacent,400,30,16,179,REV,E11,E10,E12,E1,8.672000,481.279000,OK
3,9,adjacent,400,30,16,180,FWD,E11,E12,E1,E2,-8.766000,481.837000,OK
3,9,adjacent,400,30,16,181,REV,E12,E11,E1,E2,8.719000,480.561000,OK
3,9,adjacent,400,30,16,182,FWD,E11,E12,E2,E3,-43.469000,481.917000,OK
3,9,adjacent,400,30,16,183,REV,E12,E11,E2,E3,43.406000,481.518000,OK
3,9,adjacent,400,30,16,184,FWD,E11,E12,E3,E4,-43.320000,481.758000,OK
3,9,adjacent,400,30,16,185,REV,E12,E11,E3,E4,43.328000,481.359000,OK
3,9,adjacent,400,30,16,186,FWD,E11,E12,E4,E5,26.195000,481.039000,OK
3,9,adjacent,400,30,16,187,REV,E12,E11,E4,E5,-26.039000,480.720000,OK
3,9,adjacent,400,30,16,188,FWD,E11,E12,E5,E6,26.000000,481.598000,OK
3,9,adjacent,400,30,16,189,REV,E12,E11,E5,E6,-25.961000,481.279000,OK
3,9,adjacent,400,30,16,190,FWD,E11,E12,E6,E7,-8.734000,481.678000,OK
3,9,adjacent,400,30,16,191,REV,E12,E11,E6,E7,8.734000,480.960000,OK
3,9,adjacent,400,30,16,192,FWD,E11,E12,E7,E8,-8.688000,481.279000,OK
3,9,adjacent,400,30,16,193,REV,E12,E11,E7,E8,8.711000,480.800000,OK
3,9,adjacent,400,30,16,194,FWD,E11,E12,E8,E9,-8.719000,481.598000,OK
3,9,adjacent,400,30,16,195,REV,E12,E11,E8,E9,8.734000,481.199000,OK
3,9,adjacent,400,30,16,196,FWD,E11,E12,E9,E10,-8.523000,481.837000,OK
3,9,adjacent,400,30,16,197,REV,E12,E11,E9,E10,8.555000,481.039000,OK
3,9,adjacent,400,30,16,198,FWD,E12,E1,E2,E3,-43.422000,480.162000,OK
3,9,adjacent,400,30,16,199,REV,E1,E12,E2,E3,43.297000,479.044000,OK
3,9,adjacent,400,30,16,200,FWD,E12,E1,E3,E4,-43.297000,480.561000,OK
3,9,adjacent,400,30,16,201,REV,E1,E12,E3,E4,43.250000,479.443000,OK
3,9,adjacent,400,30,16,202,FWD,E12,E1,E4,E5,26.469000,480.082000,OK
3,9,adjacent,400,30,16,203,REV,E1,E12,E4,E5,-26.195000,479.363000,OK
3,9,adjacent,400,30,16,204,FWD,E12,E1,E5,E6,26.031000,480.082000,OK
3,9,adjacent,400,30,16,205,REV,E1,E12,E5,E6,-25.922000,479.124000,OK
3,9,adjacent,400,30,16,206,FWD,E12,E1,E6,E7,-8.727000,480.321000,OK
3,9,adjacent,400,30,16,207,REV,E1,E12,E6,E7,8.711000,479.603000,OK
3,9,adjacent,400,30,16,208,FWD,E12,E1,E7,E8,-8.711000,480.241000,OK
3,9,adjacent,400,30,16,209,REV,E1,E12,E7,E8,8.711000,479.284000,OK
3,9,adjacent,400,30,16,210,FWD,E12,E1,E8,E9,-8.719000,480.321000,OK
3,9,adjacent,400,30,16,211,REV,E1,E12,E8,E9,8.719000,479.363000,OK
3,9,adjacent,400,30,16,212,FWD,E12,E1,E9,E10,-8.484000,480.401000,OK
3,9,adjacent,400,30,16,213,REV,E1,E12,E9,E10,8.508000,479.762000,OK
3,9,adjacent,400,30,16,214,FWD,E12,E1,E10,E11,-24.273000,480.082000,OK
3,9,adjacent,400,30,16,215,REV,E1,E12,E10,E11,-49.711000,479.443000,OK
4,10,adjacent,400,30,16,0,FWD,E1,E2,E3,E4,-43.750000,478.565000,OK
4,10,adjacent,400,30,16,1,REV,E2,E1,E3,E4,43.883000,480.241000,OK
4,10,adjacent,400,30,16,2,FWD,E1,E2,E4,E5,-78.953000,478.246000,OK
4,10,adjacent,400,30,16,3,REV,E2,E1,E4,E5,79.195000,479.683000,OK
4,10,adjacent,400,30,16,4,FWD,E1,E2,E5,E6,26.359000,478.087000,OK
4,10,adjacent,400,30,16,5,REV,E2,E1,E5,E6,-26.500000,479.603000,OK
4,10,adjacent,400,30,16,6,FWD,E1,E2,E6,E7,-8.766000,478.326000,OK
4,10,adjacent,400,30,16,7,REV,E2,E1,E6,E7,8.836000,480.082000,OK
4,10,adjacent,400,30,16,8,FWD,E1,E2,E7,E8,-8.758000,478.007000,OK
4,10,adjacent,400,30,16,9,REV,E2,E1,E7,E8,8.781000,479.762000,OK
4,10,adjacent,400,30,16,10,FWD,E1,E2,E8,E9,-8.773000,477.847000,OK
4,10,adjacent,400,30,16,11,REV,E2,E1,E8,E9,8.820000,479.683000,OK
4,10,adjacent,400,30,16,12,FWD,E1,E2,E9,E10,-8.594000,478.565000,OK
4,10,adjacent,400,30,16,13,REV,E2,E1,E9,E10,8.625000,479.842000,OK
4,10,adjacent,400,30,16,14,FWD,E1,E2,E10,E11,-24.977000,478.565000,OK
4,10,adjacent,400,30,16,15,REV,E2,E1,E10,E11,-48.469000,479.523000,OK
4,10,adjacent,400,30,16,16,FWD,E1,E2,E11,E12,-22.742000,478.326000,OK
4,10,adjacent,400,30,16,17,REV,E2,E1,E11,E12,-53.148000,479.603000,OK
4,10,adjacent,400,30,16,18,FWD,E2,E3,E4,E5,-79.117000,479.842000,OK
4,10,adjacent,400,30,16,19,REV,E3,E2,E4,E5,79.094000,479.523000,OK
4,10,adjacent,400,30,16,20,FWD,E2,E3,E5,E6,-79.336000,479.683000,OK
4,10,adjacent,400,30,16,21,REV,E3,E2,E5,E6,79.320000,479.363000,OK
4,10,adjacent,400,30,16,22,FWD,E2,E3,E6,E7,-8.836000,480.082000,OK
4,10,adjacent,400,30,16,23,REV,E3,E2,E6,E7,8.859000,479.443000,OK
4,10,adjacent,400,30,16,24,FWD,E2,E3,E7,E8,-8.820000,480.720000,OK
4,10,adjacent,400,30,16,25,REV,E3,E2,E7,E8,8.828000,479.683000,OK
4,10,adjacent,400,30,16,26,FWD,E2,E3,E8,E9,-8.852000,479.762000,OK
4,10,adjacent,400,30,16,27,REV,E3,E2,E8,E9,8.883000,479.603000,OK
4,10,adjacent,400,30,16,28,FWD,E2,E3,E9,E10,-8.664000,479.762000,OK
4,10,adjacent,400,30,16,29,REV,E3,E2,E9,E10,8.633000,479.603000,OK
4,10,adjacent,400,30,16,30,FWD,E2,E3,E10,E11,-28.805000,480.082000,OK
4,10,adjacent,400,30,16,31,REV,E3,E2,E10,E11,-46.391000,479.922000,OK
4,10,adjacent,400,30,16,32,FWD,E2,E3,E11,E12,-27.062000,479.683000,OK
4,10,adjacent,400,30,16,33,REV,E3,E2,E11,E12,-52.375000,479.603000,OK
4,10,adjacent,400,30,16,34,FWD,E2,E3,E12,E1,-8.750000,479.762000,OK
4,10,adjacent,400,30,16,35,REV,E3,E2,E12,E1,8.742000,479.603000,OK
4,10,adjacent,400,30,16,36,FWD,E3,E4,E1,E2,-8.695000,480.800000,OK
4,10,adjacent,400,30,16,37,REV,E4,E3,E1,E2,8.750000,481.678000,OK
4,10,adjacent,400,30,16,38,FWD,E3,E4,E5,E6,-77.859000,480.481000,OK
4,10,adjacent,400,30,16,39,REV,E4,E3,E5,E6,78.016000,481.279000,OK
4,10,adjacent,400,30,16,40,FWD,E3,E4,E6,E7,-8.703000,481.039000,OK
4,10,adjacent,400,30,16,41,REV,E4,E3,E6,E7,8.734000,481.518000,OK
4,10,adjacent,400,30,16,42,FWD,E3,E4,E7,E8,-8.672000,480.561000,OK
4,10,adjacent,400,30,16,43,REV,E4,E3,E7,E8,8.680000,481.199000,OK
4,10,adjacent,400,30,16,44,FWD,E3,E4,E8,E9,-8.719000,480.561000,OK
4,10,adjacent,400,30,16,45,REV,E4,E3,E8,E9,8.734000,481.359000,OK
4,10,adjacent,400,30,16,46,FWD,E3,E4,E9,E10,-8.508000,480.880000,OK
4,10,adjacent,400,30,16,47,REV,E4,E3,E9,E10,8.531000,481.279000,OK
4,10,adjacent,400,30,16,48,FWD,E3,E4,E10,E11,-28.789000,480.880000,OK
4,10,adjacent,400,30,16,49,REV,E4,E3,E10,E11,-46.484000,481.119000,OK
4,10,adjacent,400,30,16,50,FWD,E3,E4,E11,E12,-27.430000,480.640000,OK
4,10,adjacent,400,30,16,51,REV,E4,E3,E11,E12,-50.406000,481.598000,OK
4,10,adjacent,400,30,16,52,FWD,E3,E4,E12,E1,-8.578000,480.640000,OK
4,10,adjacent,400,30,16,53,REV,E4,E3,E12,E1,8.617000,480.960000,OK
4,10,adjacent,400,30,16,54,FWD,E4,E5,E1,E2,-8.688000,481.438000,OK
4,10,adjacent,400,30,16,55,REV,E5,E4,E1,E2,8.711000,480.481000,OK
4,10,adjacent,400,30,16,56,FWD,E4,E5,E2,E3,60.586000,480.960000,OK
4,10,adjacent,400,30,16,57,REV,E5,E4,E2,E3,-60.477000,480.401000,OK
4,10,adjacent,400,30,16,58,FWD,E4,E5,E6,E7,-8.711000,480.960000,OK
4,10,adjacent,400,30,16,59,REV,E5,E4,E6,E7,8.664000,480.640000,OK
4,10,adjacent,400,30,16,60,FWD,E4,E5,E7,E8,-8.688000,481.678000,OK
4,10,adjacent,400,30,16,61,REV,E5,E4,E7,E8,8.742000,480.481000,OK
4,10,adjacent,400,30,16,62,FWD,E4,E5,E8,E9,-8.734000,481.119000,OK
4,10,adjacent,400,30,16,63,REV,E5,E4,E8,E9,8.727000,480.321000,OK
4,10,adjacent,400,30,16,64,FWD,E4,E5,E9,E10,-8.516000,481.438000,OK
4,10,adjacent,400,30,16,65,REV,E5,E4,E9,E10,8.516000,480.960000,OK
4,10,adjacent,400,30,16,66,FWD,E4,E5,E10,E11,-29.875000,481.199000,OK
4,10,adjacent,400,30,16,67,REV,E5,E4,E10,E11,-45.234000,480.561000,OK
4,10,adjacent,400,30,16,68,FWD,E4,E5,E11,E12,-31.453000,481.119000,OK
4,10,adjacent,400,30,16,69,REV,E5,E4,E11,E12,-50.258000,480.401000,OK
4,10,adjacent,400,30,16,70,FWD,E4,E5,E12,E1,-8.578000,481.598000,OK
4,10,adjacent,400,30,16,71,REV,E5,E4,E12,E1,8.648000,480.481000,OK
4,10,adjacent,400,30,16,72,FWD,E5,E6,E1,E2,-8.727000,476.570000,OK
4,10,adjacent,400,30,16,73,REV,E6,E5,E1,E2,8.797000,477.448000,OK
4,10,adjacent,400,30,16,74,FWD,E5,E6,E2,E3,60.719000,476.890000,OK
4,10,adjacent,400,30,16,75,REV,E6,E5,E2,E3,-60.859000,477.368000,OK
4,10,adjacent,400,30,16,76,FWD,E5,E6,E3,E4,60.898000,476.890000,OK
4,10,adjacent,400,30,16,77,REV,E6,E5,E3,E4,-60.859000,477.368000,OK
4,10,adjacent,400,30,16,78,FWD,E5,E6,E7,E8,-8.695000,476.969000,OK
4,10,adjacent,400,30,16,79,REV,E6,E5,E7,E8,8.727000,477.209000,OK
4,10,adjacent,400,30,16,80,FWD,E5,E6,E8,E9,-8.766000,476.650000,OK
4,10,adjacent,400,30,16,81,REV,E6,E5,E8,E9,8.758000,476.650000,OK
4,10,adjacent,400,30,16,82,FWD,E5,E6,E9,E10,-8.555000,476.810000,OK
4,10,adjacent,400,30,16,83,REV,E6,E5,E9,E10,8.563000,477.209000,OK
4,10,adjacent,400,30,16,84,FWD,E5,E6,E10,E11,-32.461000,476.251000,OK
4,10,adjacent,400,30,16,85,REV,E6,E5,E10,E11,-42.523000,477.448000,OK
4,10,adjacent,400,30,16,86,FWD,E5,E6,E11,E12,-29.664000,476.810000,OK
4,10,adjacent,400,30,16,87,REV,E6,E5,E11,E12,-48.805000,477.448000,OK
4,10,adjacent,400,30,16,88,FWD,E5,E6,E12,E1,-8.625000,476.411000,OK
4,10,adjacent,400,30,16,89,REV,E6,E5,E12,E1,8.680000,477.129000,OK
4,10,adjacent,400,30,16,90,FWD,E6,E7,E1,E2,-8.781000,478.486000,OK
4,10,adjacent,400,30,16,91,REV,E7,E6,E1,E2,8.766000,476.969000,OK
4,10,adjacent,400,30,16,92,FWD,E6,E7,E2,E3,61.258000,478.246000,OK
4,10,adjacent,400,30,16,93,REV,E7,E6,E2,E3,-60.836000,476.810000,OK
4,10,adjacent,400,30,16,94,FWD,E6,E7,E3,E4,61.039000,478.326000,OK
4,10,adjacent,400,30,16,95,REV,E7,E6,E3,E4,-60.836000,477.209000,OK
4,10,adjacent,400,30,16,96,FWD,E6,E7,E4,E5,26.289000,478.246000,OK
4,10,adjacent,400,30,16,97,REV,E7,E6,E4,E5,-26.195000,476.810000,OK
4,10,adjacent,400,30,16,98,FWD,E6,E7,E8,E9,-8.797000,478.486000,OK
4,10,adjacent,400,30,16,99,REV,E7,E6,E8,E9,8.805000,477.209000,OK
4,10,adjacent,400,30,16,100,FWD,E6,E7,E9,E10,-8.586000,478.246000,OK
4,10,adjacent,400,30,16,101,REV,E7,E6,E9,E10,8.531000,476.890000,OK
4,10,adjacent,400,30,16,102,FWD,E6,E7,E10,E11,-39.000000,478.326000,OK
4,10,adjacent,400,30,16,103,REV,E7,E6,E10,E11,-36.703000,477.049000,OK
4,10,adjacent,400,30,16,104,FWD,E6,E7,E11,E12,-38.039000,478.246000,OK
4,10,adjacent,400,30,16,105,REV,E7,E6,E11,E12,-44.445000,476.570000,OK
4,10,adjacent,400,30,16,106,FWD,E6,E7,E12,E1,-8.648000,478.087000,OK
4,10,adjacent,400,30,16,107,REV,E7,E6,E12,E1,8.664000,477.209000,OK
4,10,adjacent,400,30,16,108,FWD,E7,E8,E1,E2,-8.492000,464.281000,OK
4,10,adjacent,400,30,16,109,REV,E8,E7,E1,E2,8.539000,463.882000,OK
4,10,adjacent,400,30,16,110,FWD,E7,E8,E2,E3,-42.523000,464.281000,OK
4,10,adjacent,400,30,16,111,REV,E8,E7,E2,E3,42.703000,464.122000,OK
4,10,adjacent,400,30,16,112,FWD,E7,E8,E3,E4,78.320000,463.882000,OK
4,10,adjacent,400,30,16,113,REV,E8,E7,E3,E4,-78.109000,464.201000,OK
4,10,adjacent,400,30,16,114,FWD,E7,E8,E4,E5,25.453000,463.882000,OK
4,10,adjacent,400,30,16,115,REV,E8,E7,E4,E5,-25.437000,464.441000,OK
4,10,adjacent,400,30,16,116,FWD,E7,E8,E5,E6,25.336000,464.281000,OK
4,10,adjacent,400,30,16,117,REV,E8,E7,E5,E6,-25.398000,464.361000,OK
4,10,adjacent,400,30,16,118,FWD,E7,E8,E9,E10,-8.281000,464.201000,OK
4,10,adjacent,400,30,16,119,REV,E8,E7,E9,E10,8.336000,464.361000,OK
4,10,adjacent,400,30,16,120,FWD,E7,E8,E10,E11,-55.016000,464.441000,OK
4,10,adjacent,400,30,16,121,REV,E8,E7,E10,E11,-23.641000,464.441000,OK
4,10,adjacent,400,30,16,122,FWD,E7,E8,E11,E12,-53.258000,463.962000,OK
4,10,adjacent,400,30,16,123,REV,E8,E7,E11,E12,-28.406000,464.760000,OK
4,10,adjacent,400,30,16,124,FWD,E7,E8,E12,E1,-8.375000,464.042000,OK
4,10,adjacent,400,30,16,125,REV,E8,E7,E12,E1,8.430000,463.643000,OK
4,10,adjacent,400,30,16,126,FWD,E8,E9,E1,E2,-8.531000,463.962000,OK
4,10,adjacent,400,30,16,127,REV,E9,E8,E1,E2,8.523000,464.281000,OK
4,10,adjacent,400,30,16,128,FWD,E8,E9,E2,E3,-42.461000,463.563000,OK
4,10,adjacent,400,30,16,129,REV,E9,E8,E2,E3,42.539000,463.483000,OK
4,10,adjacent,400,30,16,130,FWD,E8,E9,E3,E4,-61.445000,463.962000,OK
4,10,adjacent,400,30,16,131,REV,E9,E8,E3,E4,61.563000,463.723000,OK
4,10,adjacent,400,30,16,132,FWD,E8,E9,E4,E5,25.523000,463.802000,OK
4,10,adjacent,400,30,16,133,REV,E9,E8,E4,E5,-25.469000,463.244000,OK
4,10,adjacent,400,30,16,134,FWD,E8,E9,E5,E6,25.391000,463.643000,OK
4,10,adjacent,400,30,16,135,REV,E9,E8,E5,E6,-25.391000,464.122000,OK
4,10,adjacent,400,30,16,136,FWD,E8,E9,E6,E7,-8.500000,464.042000,OK
4,10,adjacent,400,30,16,137,REV,E9,E8,E6,E7,8.547000,464.042000,OK
4,10,adjacent,400,30,16,138,FWD,E8,E9,E10,E11,-56.938000,463.403000,OK
4,10,adjacent,400,30,16,139,REV,E9,E8,E10,E11,-17.539000,464.201000,OK
4,10,adjacent,400,30,16,140,FWD,E8,E9,E11,E12,-58.398000,463.882000,OK
4,10,adjacent,400,30,16,141,REV,E9,E8,E11,E12,-19.687000,463.643000,OK
4,10,adjacent,400,30,16,142,FWD,E8,E9,E12,E1,-8.391000,463.962000,OK
4,10,adjacent,400,30,16,143,REV,E9,E8,E12,E1,8.430000,464.122000,OK
4,10,adjacent,400,30,16,144,FWD,E9,E10,E1,E2,-8.625000,481.678000,OK
4,10,adjacent,400,30,16,145,REV,E10,E9,E1,E2,8.641000,481.598000,OK
4,10,adjacent,400,30,16,146,FWD,E9,E10,E2,E3,-42.984000,481.917000,OK
4,10,adjacent,400,30,16,147,REV,E10,E9,E2,E3,42.961000,481.837000,OK
4,10,adjacent,400,30,16,148,FWD,E9,E10,E3,E4,-42.906000,482.236000,OK
4,10,adjacent,400,30,16,149,REV,E10,E9,E3,E4,42.906000,481.359000,OK
4,10,adjacent,400,30,16,150,FWD,E9,E10,E4,E5,25.867000,481.678000,OK
4,10,adjacent,400,30,16,151,REV,E10,E9,E4,E5,-25.797000,481.359000,OK
4,10,adjacent,400,30,16,152,FWD,E9,E10,E5,E6,25.734000,482.157000,OK
4,10,adjacent,400,30,16,153,REV,E10,E9,E5,E6,-25.727000,481.438000,OK
4,10,adjacent,400,30,16,154,FWD,E9,E10,E6,E7,-8.602000,481.758000,OK
4,10,adjacent,400,30,16,155,REV,E10,E9,E6,E7,8.617000,481.678000,OK
4,10,adjacent,400,30,16,156,FWD,E9,E10,E7,E8,-8.570000,482.236000,OK
4,10,adjacent,400,30,16,157,REV,E10,E9,E7,E8,8.641000,481.678000,OK
4,10,adjacent,400,30,16,158,FWD,E9,E10,E11,E12,-54.031000,481.997000,OK
4,10,adjacent,400,30,16,159,REV,E10,E9,E11,E12,-18.781000,481.678000,OK
4,10,adjacent,400,30,16,160,FWD,E9,E10,E12,E1,-8.469000,482.157000,OK
4,10,adjacent,400,30,16,161,REV,E10,E9,E12,E1,8.531000,481.758000,OK
4,10,adjacent,400,30,16,162,FWD,E10,E11,E1,E2,-8.773000,480.241000,OK
4,10,adjacent,400,30,16,163,REV,E11,E10,E1,E2,8.766000,481.199000,OK
4,10,adjacent,400,30,16,164,FWD,E10,E11,E2,E3,-43.492000,480.401000,OK
4,10,adjacent,400,30,16,165,REV,E11,E10,E2,E3,43.625000,481.279000,OK
4,10,adjacent,400,30,16,166,FWD,E10,E11,E3,E4,-43.391000,480.162000,OK
4,10,adjacent,400,30,16,167,REV,E11,E10,E3,E4,43.578000,481.598000,OK
4,10,adjacent,400,30,16,168,FWD,E10,E11,E4,E5,26.125000,480.481000,OK
4,10,adjacent,400,30,16,169,REV,E11,E10,E4,E5,-26.164000,481.518000,OK
4,10,adjacent,400,30,16,170,FWD,E10,E11,E5,E6,26.031000,480.401000,OK
4,10,adjacent,400,30,16,171,REV,E11,E10,E5,E6,-26.109000,481.279000,OK
4,10,adjacent,400,30,16,172,FWD,E10,E11,E6,E7,-8.734000,480.082000,OK
4,10,adjacent,400,30,16,173,REV,E11,E10,E6,E7,8.766000,481.518000,OK
4,10,adjacent,400,30,16,174,FWD,E10,E11,E7,E8,-8.742000,480.481000,OK
4,10,adjacent,400,30,16,175,REV,E11,E10,E7,E8,8.766000,481.279000,OK
4,10,adjacent,400,30,16,176,FWD,E10,E11,E8,E9,-8.734000,480.321000,OK
4,10,adjacent,400,30,16,177,REV,E11,E10,E8,E9,8.758000,481.598000,OK
4,10,adjacent,400,30,16,178,FWD,E10,E11,E12,E1,-8.602000,480.082000,OK
4,10,adjacent,400,30,16,179,REV,E11,E10,E12,E1,8.680000,481.359000,OK
4,10,adjacent,400,30,16,180,FWD,E11,E12,E1,E2,-8.734000,481.438000,OK
4,10,adjacent,400,30,16,181,REV,E12,E11,E1,E2,8.758000,481.279000,OK
4,10,adjacent,400,30,16,182,FWD,E11,E12,E2,E3,-43.398000,481.837000,OK
4,10,adjacent,400,30,16,183,REV,E12,E11,E2,E3,43.438000,481.199000,OK
4,10,adjacent,400,30,16,184,FWD,E11,E12,E3,E4,-43.359000,481.359000,OK
4,10,adjacent,400,30,16,185,REV,E12,E11,E3,E4,43.375000,481.039000,OK
4,10,adjacent,400,30,16,186,FWD,E11,E12,E4,E5,26.109000,481.598000,OK
4,10,adjacent,400,30,16,187,REV,E12,E11,E4,E5,-26.023000,481.119000,OK
4,10,adjacent,400,30,16,188,FWD,E11,E12,E5,E6,25.961000,481.438000,OK
4,10,adjacent,400,30,16,189,REV,E12,E11,E5,E6,-25.922000,480.561000,OK
4,10,adjacent,400,30,16,190,FWD,E11,E12,E6,E7,-8.734000,481.279000,OK
4,10,adjacent,400,30,16,191,REV,E12,E11,E6,E7,8.742000,480.960000,OK
4,10,adjacent,400,30,16,192,FWD,E11,E12,E7,E8,-8.711000,481.598000,OK
4,10,adjacent,400,30,16,193,REV,E12,E11,E7,E8,8.750000,481.438000,OK
4,10,adjacent,400,30,16,194,FWD,E11,E12,E8,E9,-8.711000,481.359000,OK
4,10,adjacent,400,30,16,195,REV,E12,E11,E8,E9,8.742000,481.119000,OK
4,10,adjacent,400,30,16,196,FWD,E11,E12,E9,E10,-8.523000,481.917000,OK
4,10,adjacent,400,30,16,197,REV,E12,E11,E9,E10,8.531000,481.678000,OK
4,10,adjacent,400,30,16,198,FWD,E12,E1,E2,E3,-43.398000,480.481000,OK
4,10,adjacent,400,30,16,199,REV,E1,E12,E2,E3,43.250000,479.124000,OK
4,10,adjacent,400,30,16,200,FWD,E12,E1,E3,E4,-43.266000,480.321000,OK
4,10,adjacent,400,30,16,201,REV,E1,E12,E3,E4,43.219000,479.762000,OK
4,10,adjacent,400,30,16,202,FWD,E12,E1,E4,E5,26.437000,480.561000,OK
4,10,adjacent,400,30,16,203,REV,E1,E12,E4,E5,-26.250000,479.443000,OK
4,10,adjacent,400,30,16,204,FWD,E12,E1,E5,E6,26.047000,480.640000,OK
4,10,adjacent,400,30,16,205,REV,E1,E12,E5,E6,-25.969000,479.363000,OK
4,10,adjacent,400,30,16,206,FWD,E12,E1,E6,E7,-8.719000,480.401000,OK
4,10,adjacent,400,30,16,207,REV,E1,E12,E6,E7,8.711000,479.603000,OK
4,10,adjacent,400,30,16,208,FWD,E12,E1,E7,E8,-8.680000,480.481000,OK
4,10,adjacent,400,30,16,209,REV,E1,E12,E7,E8,8.664000,479.124000,OK
4,10,adjacent,400,30,16,210,FWD,E12,E1,E8,E9,-8.711000,480.561000,OK
4,10,adjacent,400,30,16,211,REV,E1,E12,E8,E9,8.680000,479.842000,OK
4,10,adjacent,400,30,16,212,FWD,E12,E1,E9,E10,-8.500000,480.401000,OK
4,10,adjacent,400,30,16,213,REV,E1,E12,E9,E10,8.516000,479.523000,OK
4,10,adjacent,400,30,16,214,FWD,E12,E1,E10,E11,-23.383000,480.082000,OK
4,10,adjacent,400,30,16,215,REV,E1,E12,E10,E11,-49.602000,479.204000,OK
5,11,adjacent,400,30,16,0,FWD,E1,E2,E3,E4,-43.672000,478.406000,OK
5,11,adjacent,400,30,16,1,REV,E2,E1,E3,E4,43.875000,479.842000,OK
5,11,adjacent,400,30,16,2,FWD,E1,E2,E4,E5,-78.828000,477.688000,OK
5,11,adjacent,400,30,16,3,REV,E2,E1,E4,E5,79.258000,479.683000,OK
5,11,adjacent,400,30,16,4,FWD,E1,E2,E5,E6,26.445000,478.326000,OK
5,11,adjacent,400,30,16,5,REV,E2,E1,E5,E6,-26.422000,479.922000,OK
5,11,adjacent,400,30,16,6,FWD,E1,E2,E6,E7,-8.773000,478.007000,OK
5,11,adjacent,400,30,16,7,REV,E2,E1,E6,E7,8.813000,479.603000,OK
5,11,adjacent,400,30,16,8,FWD,E1,E2,E7,E8,-8.773000,478.326000,OK
5,11,adjacent,400,30,16,9,REV,E2,E1,E7,E8,8.805000,479.762000,OK
5,11,adjacent,400,30,16,10,FWD,E1,E2,E8,E9,-8.773000,478.167000,OK
5,11,adjacent,400,30,16,11,REV,E2,E1,E8,E9,8.852000,480.002000,OK
5,11,adjacent,400,30,16,12,FWD,E1,E2,E9,E10,-8.570000,477.927000,OK
5,11,adjacent,400,30,16,13,REV,E2,E1,E9,E10,8.633000,479.922000,OK
5,11,adjacent,400,30,16,14,FWD,E1,E2,E10,E11,-26.742000,478.565000,OK
5,11,adjacent,400,30,16,15,REV,E2,E1,E10,E11,-48.297000,480.002000,OK
5,11,adjacent,400,30,16,16,FWD,E1,E2,E11,E12,-24.844000,478.326000,OK
5,11,adjacent,400,30,16,17,REV,E2,E1,E11,E12,-52.508000,479.842000,OK
5,11,adjacent,400,30,16,18,FWD,E2,E3,E4,E5,-79.125000,479.683000,OK
5,11,adjacent,400,30,16,19,REV,E3,E2,E4,E5,79.094000,480.002000,OK
5,11,adjacent,400,30,16,20,FWD,E2,E3,E5,E6,-79.305000,480.321000,OK
5,11,adjacent,400,30,16,21,REV,E3,E2,E5,E6,79.445000,479.603000,OK
5,11,adjacent,400,30,16,22,FWD,E2,E3,E6,E7,-8.844000,480.082000,OK
5,11,adjacent,400,30,16,23,REV,E3,E2,E6,E7,8.844000,479.523000,OK
5,11,adjacent,400,30,16,24,FWD,E2,E3,E7,E8,-8.820000,480.082000,OK
5,11,adjacent,400,30,16,25,REV,E3,E2,E7,E8,8.859000,480.002000,OK
5,11,adjacent,400,30,16,26,FWD,E2,E3,E8,E9,-8.875000,479.762000,OK
5,11,adjacent,400,30,16,27,REV,E3,E2,E8,E9,8.875000,479.284000,OK
5,11,adjacent,400,30,16,28,FWD,E2,E3,E9,E10,-8.648000,480.162000,OK
5,11,adjacent,400,30,16,29,REV,E3,E2,E9,E10,8.648000,479.683000,OK
5,11,adjacent,400,30,16,30,FWD,E2,E3,E10,E11,-27.937000,479.922000,OK
5,11,adjacent,400,30,16,31,REV,E3,E2,E10,E11,-47.969000,479.603000,OK
5,11,adjacent,400,30,16,32,FWD,E2,E3,E11,E12,-27.656000,480.082000,OK
5,11,adjacent,400,30,16,33,REV,E3,E2,E11,E12,-51.391000,479.523000,OK
5,11,adjacent,400,30,16,34,FWD,E2,E3,E12,E1,-8.758000,480.720000,OK
5,11,adjacent,400,30,16,35,REV,E3,E2,E12,E1,8.742000,479.204000,OK
5,11,adjacent,400,30,16,36,FWD,E3,E4,E1,E2,-8.727000,480.481000,OK
5,11,adjacent,400,30,16,37,REV,E4,E3,E1,E2,8.766000,481.518000,OK
5,11,adjacent,400,30,16,38,FWD,E3,E4,E5,E6,-77.859000,480.720000,OK
5,11,adjacent,400,30,16,39,REV,E4,E3,E5,E6,78.016000,481.199000,OK
5,11,adjacent,400,30,16,40,FWD,E3,E4,E6,E7,-8.695000,480.720000,OK
5,11,adjacent,400,30,16,41,REV,E4,E3,E6,E7,8.688000,481.119000,OK
5,11,adjacent,400,30,16,42,FWD,E3,E4,E7,E8,-8.703000,481.119000,OK
5,11,adjacent,400,30,16,43,REV,E4,E3,E7,E8,8.711000,481.598000,OK
5,11,adjacent,400,30,16,44,FWD,E3,E4,E8,E9,-8.711000,480.880000,OK
5,11,adjacent,400,30,16,45,REV,E4,E3,E8,E9,8.727000,480.960000,OK
5,11,adjacent,400,30,16,46,FWD,E3,E4,E9,E10,-8.484000,480.960000,OK
5,11,adjacent,400,30,16,47,REV,E4,E3,E9,E10,8.500000,481.518000,OK
5,11,adjacent,400,30,16,48,FWD,E3,E4,E10,E11,-28.945000,480.800000,OK
5,11,adjacent,400,30,16,49,REV,E4,E3,E10,E11,-46.617000,481.199000,OK
5,11,adjacent,400,30,16,50,FWD,E3,E4,E11,E12,-27.227000,480.720000,OK
5,11,adjacent,400,30,16,51,REV,E4,E3,E11,E12,-51.414000,481.279000,OK
5,11,adjacent,400,30,16,52,FWD,E3,E4,E12,E1,-8.609000,480.481000,OK
5,11,adjacent,400,30,16,53,REV,E4,E3,E12,E1,8.617000,481.598000,OK
5,11,adjacent,400,30,16,54,FWD,E4,E5,E1,E2,-8.680000,481.438000,OK
5,11,adjacent,400,30,16,55,REV,E5,E4,E1,E2,8.750000,480.241000,OK
5,11,adjacent,400,30,16,56,FWD,E4,E5,E2,E3,60.625000,481.359000,OK
5,11,adjacent,400,30,16,57,REV,E5,E4,E2,E3,-60.508000,480.640000,OK
5,11,adjacent,400,30,16,58,FWD,E4,E5,E6,E7,-8.719000,481.438000,OK
5,11,adjacent,400,30,16,59,REV,E5,E4,E6,E7,8.680000,480.561000,OK
5,11,adjacent,400,30,16,60,FWD,E4,E5,E7,E8,-8.703000,481.438000,OK
5,11,adjacent,400,30,16,61,REV,E5,E4,E7,E8,8.727000,480.880000,OK
5,11,adjacent,400,30,16,62,FWD,E4,E5,E8,E9,-8.703000,481.438000,OK
5,11,adjacent,400,30,16,63,REV,E5,E4,E8,E9,8.719000,480.960000,OK
5,11,adjacent,400,30,16,64,FWD,E4,E5,E9,E10,-8.531000,481.279000,OK
5,11,adjacent,400,30,16,65,REV,E5,E4,E9,E10,8.484000,481.119000,OK
5,11,adjacent,400,30,16,66,FWD,E4,E5,E10,E11,-28.812000,481.359000,OK
5,11,adjacent,400,30,16,67,REV,E5,E4,E10,E11,-44.492000,480.880000,OK
5,11,adjacent,400,30,16,68,FWD,E4,E5,E11,E12,-29.687000,481.758000,OK
5,11,adjacent,400,30,16,69,REV,E5,E4,E11,E12,-50.953000,480.561000,OK
5,11,adjacent,400,30,16,70,FWD,E4,E5,E12,E1,-8.609000,481.039000,OK
5,11,adjacent,400,30,16,71,REV,E5,E4,E12,E1,8.594000,480.720000,OK
5,11,adjacent,400,30,16,72,FWD,E5,E6,E1,E2,-8.758000,477.129000,OK
5,11,adjacent,400,30,16,73,REV,E6,E5,E1,E2,8.805000,477.368000,OK
5,11,adjacent,400,30,16,74,FWD,E5,E6,E2,E3,60.867000,477.049000,OK
5,11,adjacent,400,30,16,75,REV,E6,E5,E2,E3,-60.883000,477.927000,OK
5,11,adjacent,400,30,16,76,FWD,E5,E6,E3,E4,60.930000,477.049000,OK
5,11,adjacent,400,30,16,77,REV,E6,E5,E3,E4,-60.922000,477.688000,OK
5,11,adjacent,400,30,16,78,FWD,E5,E6,E7,E8,-8.711000,476.969000,OK
5,11,adjacent,400,30,16,79,REV,E6,E5,E7,E8,8.727000,477.289000,OK
5,11,adjacent,400,30,16,80,FWD,E5,E6,E8,E9,-8.742000,477.129000,OK
5,11,adjacent,400,30,16,81,REV,E6,E5,E8,E9,8.781000,477.927000,OK
5,11,adjacent,400,30,16,82,FWD,E5,E6,E9,E10,-8.570000,476.650000,OK
5,11,adjacent,400,30,16,83,REV,E6,E5,E9,E10,8.563000,477.209000,OK
5,11,adjacent,400,30,16,84,FWD,E5,E6,E10,E11,-29.742000,476.969000,OK
5,11,adjacent,400,30,16,85,REV,E6,E5,E10,E11,-41.500000,477.767000,OK
5,11,adjacent,400,30,16,86,FWD,E5,E6,E11,E12,-27.437000,477.129000,OK
5,11,adjacent,400,30,16,87,REV,E6,E5,E11,E12,-48.352000,477.767000,OK
5,11,adjacent,400,30,16,88,FWD,E5,E6,E12,E1,-8.633000,476.890000,OK
5,11,adjacent,400,30,16,89,REV,E6,E5,E12,E1,8.680000,477.448000,OK
5,11,adjacent,400,30,16,90,FWD,E6,E7,E1,E2,-8.773000,478.565000,OK
5,11,adjacent,400,30,16,91,REV,E7,E6,E1,E2,8.773000,477.368000,OK
5,11,adjacent,400,30,16,92,FWD,E6,E7,E2,E3,61.313000,478.645000,OK
5,11,adjacent,400,30,16,93,REV,E7,E6,E2,E3,-60.914000,476.969000,OK
5,11,adjacent,400,30,16,94,FWD,E6,E7,E3,E4,61.164000,478.406000,OK
5,11,adjacent,400,30,16,95,REV,E7,E6,E3,E4,-60.836000,477.368000,OK
5,11,adjacent,400,30,16,96,FWD,E6,E7,E4,E5,26.297000,478.246000,OK
5,11,adjacent,400,30,16,97,REV,E7,E6,E4,E5,-26.258000,477.448000,OK
5,11,adjacent,400,30,16,98,FWD,E6,E7,E8,E9,-8.797000,478.087000,OK
5,11,adjacent,400,30,16,99,REV,E7,E6,E8,E9,8.727000,477.448000,OK
5,11,adjacent,400,30,16,100,FWD,E6,E7,E9,E10,-8.563000,478.805000,OK
5,11,adjacent,400,30,16,101,REV,E7,E6,E9,E10,8.578000,477.129000,OK
5,11,adjacent,400,30,16,102,FWD,E6,E7,E10,E11,-39.711000,479.124000,OK
5,11,adjacent,400,30,16,103,REV,E7,E6,E10,E11,-38.102000,477.209000,OK
5,11,adjacent,400,30,16,104,FWD,E6,E7,E11,E12,-39.906000,478.326000,OK
5,11,adjacent,400,30,16,105,REV,E7,E6,E11,E12,-46.430000,477.289000,OK
5,11,adjacent,400,30,16,106,FWD,E6,E7,E12,E1,-8.664000,478.805000,OK
5,11,adjacent,400,30,16,107,REV,E7,E6,E12,E1,8.664000,477.209000,OK
5,11,adjacent,400,30,16,108,FWD,E7,E8,E1,E2,-8.516000,464.521000,OK
5,11,adjacent,400,30,16,109,REV,E8,E7,E1,E2,8.539000,464.680000,OK
5,11,adjacent,400,30,16,110,FWD,E7,E8,E2,E3,-42.508000,464.122000,OK
5,11,adjacent,400,30,16,111,REV,E8,E7,E2,E3,42.625000,464.760000,OK
5,11,adjacent,400,30,16,112,FWD,E7,E8,E3,E4,78.289000,464.521000,OK
5,11,adjacent,400,30,16,113,REV,E8,E7,E3,E4,-78.289000,464.680000,OK
5,11,adjacent,400,30,16,114,FWD,E7,E8,E4,E5,25.453000,464.361000,OK
5,11,adjacent,400,30,16,115,REV,E8,E7,E4,E5,-25.461000,464.361000,OK
5,11,adjacent,400,30,16,116,FWD,E7,E8,E5,E6,25.398000,464.361000,OK
5,11,adjacent,400,30,16,117,REV,E8,E7,E5,E6,-25.359000,464.920000,OK
5,11,adjacent,400,30,16,118,FWD,E7,E8,E9,E10,-8.313000,464.760000,OK
5,11,adjacent,400,30,16,119,REV,E8,E7,E9,E10,8.305000,464.521000,OK
5,11,adjacent,400,30,16,120,FWD,E7,E8,E10,E11,-54.773000,464.281000,OK
5,11,adjacent,400,30,16,121,REV,E8,E7,E10,E11,-21.750000,464.600000,OK
5,11,adjacent,400,30,16,122,FWD,E7,E8,E11,E12,-53.656000,464.441000,OK
5,11,adjacent,400,30,16,123,REV,E8,E7,E11,E12,-23.812000,464.840000,OK
5,11,adjacent,400,30,16,124,FWD,E7,E8,E12,E1,-8.398000,464.281000,OK
5,11,adjacent,400,30,16,125,REV,E8,E7,E12,E1,8.430000,464.122000,OK
5,11,adjacent,400,30,16,126,FWD,E8,E9,E1,E2,-8.508000,464.122000,OK
5,11,adjacent,400,30,16,127,REV,E9,E8,E1,E2,8.555000,464.361000,OK
5,11,adjacent,400,30,16,128,FWD,E8,E9,E2,E3,-42.398000,464.281000,OK
5,11,adjacent,400,30,16,129,REV,E9,E8,E2,E3,42.484000,464.042000,OK
5,11,adjacent,400,30,16,130,FWD,E8,E9,E3,E4,-61.414000,464.042000,OK
5,11,adjacent,400,30,16,131,REV,E9,E8,E3,E4,61.445000,463.962000,OK
5,11,adjacent,400,30,16,132,FWD,E8,E9,E4,E5,25.516000,464.042000,OK
5,11,adjacent,400,30,16,133,REV,E9,E8,E4,E5,-25.484000,463.882000,OK
5,11,adjacent,400,30,16,134,FWD,E8,E9,E5,E6,25.391000,463.962000,OK
5,11,adjacent,400,30,16,135,REV,E9,E8,E5,E6,-25.430000,464.201000,OK
5,11,adjacent,400,30,16,136,FWD,E8,E9,E6,E7,-8.531000,464.201000,OK
5,11,adjacent,400,30,16,137,REV,E9,E8,E6,E7,8.492000,463.962000,OK
5,11,adjacent,400,30,16,138,FWD,E8,E9,E10,E11,-56.711000,464.201000,OK
5,11,adjacent,400,30,16,139,REV,E9,E8,E10,E11,-16.852000,463.723000,OK
5,11,adjacent,400,30,16,140,FWD,E8,E9,E11,E12,-57.477000,463.324000,OK
5,11,adjacent,400,30,16,141,REV,E9,E8,E11,E12,-21.828000,463.802000,OK
5,11,adjacent,400,30,16,142,FWD,E8,E9,E12,E1,-8.398000,463.882000,OK
5,11,adjacent,400,30,16,143,REV,E9,E8,E12,E1,8.438000,463.723000,OK
5,11,adjacent,400,30,16,144,FWD,E9,E10,E1,E2,-8.625000,481.917000,OK
5,11,adjacent,400,30,16,145,REV,E10,E9,E1,E2,8.664000,481.438000,OK
5,11,adjacent,400,30,16,146,FWD,E9,E10,E2,E3,-42.961000,481.758000,OK
5,11,adjacent,400,30,16,147,REV,E10,E9,E2,E3,42.922000,481.997000,OK
5,11,adjacent,400,30,16,148,FWD,E9,E10,E3,E4,-42.914000,482.077000,OK
5,11,adjacent,400,30,16,149,REV,E10,E9,E3,E4,42.914000,481.518000,OK
5,11,adjacent,400,30,16,150,FWD,E9,E10,E4,E5,25.852000,481.678000,OK
5,11,adjacent,400,30,16,151,REV,E10,E9,E4,E5,-25.797000,481.678000,OK
5,11,adjacent,400,30,16,152,FWD,E9,E10,E5,E6,25.742000,481.359000,OK
5,11,adjacent,400,30,16,153,REV,E10,E9,E5,E6,-25.727000,481.837000,OK
5,11,adjacent,400,30,16,154,FWD,E9,E10,E6,E7,-8.625000,481.997000,OK
5,11,adjacent,400,30,16,155,REV,E10,E9,E6,E7,8.625000,481.917000,OK
5,11,adjacent,400,30,16,156,FWD,E9,E10,E7,E8,-8.586000,481.678000,OK
5,11,adjacent,400,30,16,157,REV,E10,E9,E7,E8,8.648000,481.678000,OK
5,11,adjacent,400,30,16,158,FWD,E9,E10,E11,E12,-53.867000,481.758000,OK
5,11,adjacent,400,30,16,159,REV,E10,E9,E11,E12,-18.773000,482.077000,OK
5,11,adjacent,400,30,16,160,FWD,E9,E10,E12,E1,-8.508000,482.157000,OK
5,11,adjacent,400,30,16,161,REV,E10,E9,E12,E1,8.516000,481.678000,OK
5,11,adjacent,400,30,16,162,FWD,E10,E11,E1,E2,-8.766000,480.162000,OK
5,11,adjacent,400,30,16,163,REV,E11,E10,E1,E2,8.797000,481.199000,OK
5,11,adjacent,400,30,16,164,FWD,E10,E11,E2,E3,-43.508000,480.162000,OK
5,11,adjacent,400,30,16,165,REV,E11,E10,E2,E3,43.625000,481.518000,OK
5,11,adjacent,400,30,16,166,FWD,E10,E11,E3,E4,-43.477000,480.720000,OK
5,11,adjacent,400,30,16,167,REV,E11,E10,E3,E4,43.641000,481.039000,OK
5,11,adjacent,400,30,16,168,FWD,E10,E11,E4,E5,26.234000,480.481000,OK
5,11,adjacent,400,30,16,169,REV,E11,E10,E4,E5,-26.203000,481.359000,OK
5,11,adjacent,400,30,16,170,FWD,E10,E11,E5,E6,26.039000,480.241000,OK
5,11,adjacent,400,30,16,171,REV,E11,E10,E5,E6,-26.078000,481.598000,OK
5,11,adjacent,400,30,16,172,FWD,E10,E11,E6,E7,-8.727000,480.241000,OK
5,11,adjacent,400,30,16,173,REV,E11,E10,E6,E7,8.742000,480.880000,OK
5,11,adjacent,400,30,16,174,FWD,E10,E11,E7,E8,-8.688000,480.640000,OK
5,11,adjacent,400,30,16,175,REV,E11,E10,E7,E8,8.781000,481.438000,OK
5,11,adjacent,400,30,16,176,FWD,E10,E11,E8,E9,-8.750000,480.640000,OK
5,11,adjacent,400,30,16,177,REV,E11,E10,E8,E9,8.758000,481.039000,OK
5,11,adjacent,400,30,16,178,FWD,E10,E11,E12,E1,-8.633000,480.561000,OK
5,11,adjacent,400,30,16,179,REV,E11,E10,E12,E1,8.648000,481.119000,OK
5,11,adjacent,400,30,16,180,FWD,E11,E12,E1,E2,-8.750000,481.598000,OK
5,11,adjacent,400,30,16,181,REV,E12,E11,E1,E2,8.703000,481.039000,OK
5,11,adjacent,400,30,16,182,FWD,E11,E12,E2,E3,-43.438000,481.758000,OK
5,11,adjacent,400,30,16,183,REV,E12,E11,E2,E3,43.469000,481.039000,OK
5,11,adjacent,400,30,16,184,FWD,E11,E12,E3,E4,-43.391000,481.359000,OK
5,11,adjacent,400,30,16,185,REV,E12,E11,E3,E4,43.398000,480.800000,OK
5,11,adjacent,400,30,16,186,FWD,E11,E12,E4,E5,26.172000,481.758000,OK
5,11,adjacent,400,30,16,187,REV,E12,E11,E4,E5,-26.086000,481.039000,OK
5,11,adjacent,400,30,16,188,FWD,E11,E12,E5,E6,26.039000,481.359000,OK
5,11,adjacent,400,30,16,189,REV,E12,E11,E5,E6,-25.992000,481.598000,OK
5,11,adjacent,400,30,16,190,FWD,E11,E12,E6,E7,-8.742000,481.917000,OK
5,11,adjacent,400,30,16,191,REV,E12,E11,E6,E7,8.734000,480.720000,OK
5,11,adjacent,400,30,16,192,FWD,E11,E12,E7,E8,-8.703000,481.997000,OK
5,11,adjacent,400,30,16,193,REV,E12,E11,E7,E8,8.742000,480.720000,OK
5,11,adjacent,400,30,16,194,FWD,E11,E12,E8,E9,-8.719000,481.598000,OK
5,11,adjacent,400,30,16,195,REV,E12,E11,E8,E9,8.758000,481.279000,OK
5,11,adjacent,400,30,16,196,FWD,E11,E12,E9,E10,-8.492000,481.758000,OK
5,11,adjacent,400,30,16,197,REV,E12,E11,E9,E10,8.531000,480.960000,OK
5,11,adjacent,400,30,16,198,FWD,E12,E1,E2,E3,-43.484000,480.162000,OK
5,11,adjacent,400,30,16,199,REV,E1,E12,E2,E3,43.367000,479.204000,OK
5,11,adjacent,400,30,16,200,FWD,E12,E1,E3,E4,-43.305000,480.162000,OK
5,11,adjacent,400,30,16,201,REV,E1,E12,E3,E4,43.250000,479.443000,OK
5,11,adjacent,400,30,16,202,FWD,E12,E1,E4,E5,26.516000,480.401000,OK
5,11,adjacent,400,30,16,203,REV,E1,E12,E4,E5,-26.352000,479.204000,OK
5,11,adjacent,400,30,16,204,FWD,E12,E1,E5,E6,26.000000,480.481000,OK
5,11,adjacent,400,30,16,205,REV,E1,E12,E5,E6,-25.906000,479.523000,OK
5,11,adjacent,400,30,16,206,FWD,E12,E1,E6,E7,-8.711000,480.561000,OK
5,11,adjacent,400,30,16,207,REV,E1,E12,E6,E7,8.711000,479.284000,OK
5,11,adjacent,400,30,16,208,FWD,E12,E1,E7,E8,-8.688000,480.082000,OK
5,11,adjacent,400,30,16,209,REV,E1,E12,E7,E8,8.703000,478.965000,OK
5,11,adjacent,400,30,16,210,FWD,E12,E1,E8,E9,-8.703000,480.162000,OK
5,11,adjacent,400,30,16,211,REV,E1,E12,E8,E9,8.727000,479.204000,OK
5,11,adjacent,400,30,16,212,FWD,E12,E1,E9,E10,-8.492000,480.321000,OK
5,11,adjacent,400,30,16,213,REV,E1,E12,E9,E10,8.430000,479.044000,OK
5,11,adjacent,400,30,16,214,FWD,E12,E1,E10,E11,-21.148000,480.241000,OK
5,11,adjacent,400,30,16,215,REV,E1,E12,E10,E11,-49.398000,478.965000,OK
6,12,adjacent,400,30,16,0,FWD,E1,E2,E3,E4,-43.734000,478.406000,OK
6,12,adjacent,400,30,16,1,REV,E2,E1,E3,E4,43.953000,480.082000,OK
6,12,adjacent,400,30,16,2,FWD,E1,E2,E4,E5,-78.797000,478.645000,OK
6,12,adjacent,400,30,16,3,REV,E2,E1,E4,E5,79.234000,479.922000,OK
6,12,adjacent,400,30,16,4,FWD,E1,E2,E5,E6,26.437000,477.927000,OK
6,12,adjacent,400,30,16,5,REV,E2,E1,E5,E6,-26.344000,480.082000,OK
6,12,adjacent,400,30,16,6,FWD,E1,E2,E6,E7,-8.789000,478.645000,OK
6,12,adjacent,400,30,16,7,REV,E2,E1,E6,E7,8.836000,479.762000,OK
6,12,adjacent,400,30,16,8,FWD,E1,E2,E7,E8,-8.758000,478.326000,OK
6,12,adjacent,400,30,16,9,REV,E2,E1,E7,E8,8.820000,479.842000,OK
6,12,adjacent,400,30,16,10,FWD,E1,E2,E8,E9,-8.773000,478.246000,OK
6,12,adjacent,400,30,16,11,REV,E2,E1,E8,E9,8.813000,479.922000,OK
6,12,adjacent,400,30,16,12,FWD,E1,E2,E9,E10,-8.594000,478.725000,OK
6,12,adjacent,400,30,16,13,REV,E2,E1,E9,E10,8.617000,480.241000,OK
6,12,adjacent,400,30,16,14,FWD,E1,E2,E10,E11,-23.680000,478.167000,OK
6,12,adjacent,400,30,16,15,REV,E2,E1,E10,E11,-47.688000,479.762000,OK
6,12,adjacent,400,30,16,16,FWD,E1,E2,E11,E12,-25.820000,478.645000,OK
6,12,adjacent,400,30,16,17,REV,E2,E1,E11,E12,-52.914000,480.481000,OK
6,12,adjacent,400,30,16,18,FWD,E2,E3,E4,E5,-79.109000,480.241000,OK
6,12,adjacent,400,30,16,19,REV,E3,E2,E4,E5,79.133000,479.603000,OK
6,12,adjacent,400,30,16,20,FWD,E2,E3,E5,E6,-79.367000,480.481000,OK
6,12,adjacent,400,30,16,21,REV,E3,E2,E5,E6,79.383000,479.363000,OK
6,12,adjacent,400,30,16,22,FWD,E2,E3,E6,E7,-8.836000,479.842000,OK
6,12,adjacent,400,30,16,23,REV,E3,E2,E6,E7,8.852000,480.002000,OK
6,12,adjacent,400,30,16,24,FWD,E2,E3,E7,E8,-8.820000,480.241000,OK
6,12,adjacent,400,30,16,25,REV,E3,E2,E7,E8,8.852000,479.443000,OK
6,12,adjacent,400,30,16,26,FWD,E2,E3,E8,E9,-8.875000,480.082000,OK
6,12,adjacent,400,30,16,27,REV,E3,E2,E8,E9,8.867000,479.523000,OK
6,12,adjacent,400,30,16,28,FWD,E2,E3,E9,E10,-8.648000,480.321000,OK
6,12,adjacent,400,30,16,29,REV,E3,E2,E9,E10,8.656000,480.082000,OK
6,12,adjacent,400,30,16,30,FWD,E2,E3,E10,E11,-25.383000,480.002000,OK
6,12,adjacent,400,30,16,31,REV,E3,E2,E10,E11,-47.234000,479.443000,OK
6,12,adjacent,400,30,16,32,FWD,E2,E3,E11,E12,-27.039000,479.922000,OK
6,12,adjacent,400,30,16,33,REV,E3,E2,E11,E12,-51.695000,479.842000,OK
6,12,adjacent,400,30,16,34,FWD,E2,E3,E12,E1,-8.766000,480.162000,OK
6,12,adjacent,400,30,16,35,REV,E3,E2,E12,E1,8.742000,479.683000,OK
6,12,adjacent,400,30,16,36,FWD,E3,E4,E1,E2,-8.680000,480.880000,OK
6,12,adjacent,400,30,16,37,REV,E4,E3,E1,E2,8.703000,481.438000,OK
6,12,adjacent,400,30,16,38,FWD,E3,E4,E5,E6,-77.883000,481.199000,OK
6,12,adjacent,400,30,16,39,REV,E4,E3,E5,E6,78.039000,481.518000,OK
6,12,adjacent,400,30,16,40,FWD,E3,E4,E6,E7,-8.672000,480.800000,OK
6,12,adjacent,400,30,16,41,REV,E4,E3,E6,E7,8.719000,481.359000,OK
6,12,adjacent,400,30,16,42,FWD,E3,E4,E7,E8,-8.672000,480.640000,OK
6,12,adjacent,400,30,16,43,REV,E4,E3,E7,E8,8.727000,481.598000,OK
6,12,adjacent,400,30,16,44,FWD,E3,E4,E8,E9,-8.711000,481.119000,OK
6,12,adjacent,400,30,16,45,REV,E4,E3,E8,E9,8.719000,481.279000,OK
6,12,adjacent,400,30,16,46,FWD,E3,E4,E9,E10,-8.516000,480.561000,OK
6,12,adjacent,400,30,16,47,REV,E4,E3,E9,E10,8.500000,481.518000,OK
6,12,adjacent,400,30,16,48,FWD,E3,E4,E10,E11,-29.367000,481.039000,OK
6,12,adjacent,400,30,16,49,REV,E4,E3,E10,E11,-45.375000,481.199000,OK
6,12,adjacent,400,30,16,50,FWD,E3,E4,E11,E12,-28.016000,480.640000,OK
6,12,adjacent,400,30,16,51,REV,E4,E3,E11,E12,-50.414000,481.119000,OK
6,12,adjacent,400,30,16,52,FWD,E3,E4,E12,E1,-8.586000,480.880000,OK
6,12,adjacent,400,30,16,53,REV,E4,E3,E12,E1,8.625000,481.438000,OK
6,12,adjacent,400,30,16,54,FWD,E4,E5,E1,E2,-8.711000,481.279000,OK
6,12,adjacent,400,30,16,55,REV,E5,E4,E1,E2,8.773000,480.321000,OK
6,12,adjacent,400,30,16,56,FWD,E4,E5,E2,E3,60.609000,481.279000,OK
6,12,adjacent,400,30,16,57,REV,E5,E4,E2,E3,-60.477000,480.880000,OK
6,12,adjacent,400,30,16,58,FWD,E4,E5,E6,E7,-8.742000,481.359000,OK
6,12,adjacent,400,30,16,59,REV,E5,E4,E6,E7,8.695000,480.401000,OK
6,12,adjacent,400,30,16,60,FWD,E4,E5,E7,E8,-8.773000,481.518000,OK
6,12,adjacent,400,30,16,61,REV,E5,E4,E7,E8,8.742000,480.640000,OK
6,12,adjacent,400,30,16,62,FWD,E4,E5,E8,E9,-8.703000,481.438000,OK
6,12,adjacent,400,30,16,63,REV,E5,E4,E8,E9,8.727000,480.880000,OK
6,12,adjacent,400,30,16,64,FWD,E4,E5,E9,E10,-8.539000,481.438000,OK
6,12,adjacent,400,30,16,65,REV,E5,E4,E9,E10,8.500000,480.401000,OK
6,12,adjacent,400,30,16,66,FWD,E4,E5,E10,E11,-30.273000,481.359000,OK
6,12,adjacent,400,30,16,67,REV,E5,E4,E10,E11,-45.055000,481.039000,OK
6,12,adjacent,400,30,16,68,FWD,E4,E5,E11,E12,-30.172000,481.438000,OK
6,12,adjacent,400,30,16,69,REV,E5,E4,E11,E12,-50.016000,480.880000,OK
6,12,adjacent,400,30,16,70,FWD,E4,E5,E12,E1,-8.594000,481.039000,OK
6,12,adjacent,400,30,16,71,REV,E5,E4,E12,E1,8.617000,480.640000,OK
6,12,adjacent,400,30,16,72,FWD,E5,E6,E1,E2,-8.773000,477.767000,OK
6,12,adjacent,400,30,16,73,REV,E6,E5,E1,E2,8.797000,477.608000,OK
6,12,adjacent,400,30,16,74,FWD,E5,E6,E2,E3,60.906000,477.448000,OK
6,12,adjacent,400,30,16,75,REV,E6,E5,E2,E3,-60.961000,478.087000,OK
6,12,adjacent,400,30,16,76,FWD,E5,E6,E3,E4,60.977000,477.608000,OK
6,12,adjacent,400,30,16,77,REV,E6,E5,E3,E4,-60.953000,477.847000,OK
6,12,adjacent,400,30,16,78,FWD,E5,E6,E7,E8,-8.766000,477.289000,OK
6,12,adjacent,400,30,16,79,REV,E6,E5,E7,E8,8.773000,478.007000,OK
6,12,adjacent,400,30,16,80,FWD,E5,E6,E8,E9,-8.758000,477.368000,OK
6,12,adjacent,400,30,16,81,REV,E6,E5,E8,E9,8.805000,477.927000,OK
6,12,adjacent,400,30,16,82,FWD,E5,E6,E9,E10,-8.570000,477.368000,OK
6,12,adjacent,400,30,16,83,REV,E6,E5,E9,E10,8.586000,477.608000,OK
6,12,adjacent,400,30,16,84,FWD,E5,E6,E10,E11,-29.977000,477.528000,OK
6,12,adjacent,400,30,16,85,REV,E6,E5,E10,E11,-40.438000,477.847000,OK
6,12,adjacent,400,30,16,86,FWD,E5,E6,E11,E12,-29.070000,476.969000,OK
6,12,adjacent,400,30,16,87,REV,E6,E5,E11,E12,-49.047000,477.767000,OK
6,12,adjacent,400,30,16,88,FWD,E5,E6,E12,E1,-8.641000,477.368000,OK
6,12,adjacent,400,30,16,89,REV,E6,E5,E12,E1,8.672000,478.007000,OK
6,12,adjacent,400,30,16,90,FWD,E6,E7,E1,E2,-8.773000,478.805000,OK
6,12,adjacent,400,30,16,91,REV,E7,E6,E1,E2,8.758000,477.608000,OK
6,12,adjacent,400,30,16,92,FWD,E6,E7,E2,E3,61.391000,478.965000,OK
6,12,adjacent,400,30,16,93,REV,E7,E6,E2,E3,-60.984000,477.688000,OK
6,12,adjacent,400,30,16,94,FWD,E6,E7,E3,E4,61.141000,479.044000,OK
6,12,adjacent,400,30,16,95,REV,E7,E6,E3,E4,-60.914000,477.448000,OK
6,12,adjacent,400,30,16,96,FWD,E6,E7,E4,E5,26.320000,478.645000,OK
6,12,adjacent,400,30,16,97,REV,E7,E6,E4,E5,-26.312000,477.528000,OK
6,12,adjacent,400,30,16,98,FWD,E6,E7,E8,E9,-8.813000,478.725000,OK
6,12,adjacent,400,30,16,99,REV,E7,E6,E8,E9,8.797000,477.448000,OK
6,12,adjacent,400,30,16,100,FWD,E6,E7,E9,E10,-8.578000,478.885000,OK
6,12,adjacent,400,30,16,101,REV,E7,E6,E9,E10,8.555000,477.608000,OK
6,12,adjacent,400,30,16,102,FWD,E6,E7,E10,E11,-39.172000,478.565000,OK
6,12,adjacent,400,30,16,103,REV,E7,E6,E10,E11,-36.977000,477.608000,OK
6,12,adjacent,400,30,16,104,FWD,E6,E7,E11,E12,-40.609000,479.124000,OK
6,12,adjacent,400,30,16,105,REV,E7,E6,E11,E12,-44.469000,477.448000,OK
6,12,adjacent,400,30,16,106,FWD,E6,E7,E12,E1,-8.648000,478.645000,OK
6,12,adjacent,400,30,16,107,REV,E7,E6,E12,E1,8.688000,477.448000,OK
6,12,adjacent,400,30,16,108,FWD,E7,E8,E1,E2,-8.492000,464.361000,OK
6,12,adjacent,400,30,16,109,REV,E8,E7,E1,E2,8.531000,464.920000,OK
6,12,adjacent,400,30,16,110,FWD,E7,E8,E2,E3,-42.523000,464.281000,OK
6,12,adjacent,400,30,16,111,REV,E8,E7,E2,E3,42.594000,464.521000,OK
6,12,adjacent,400,30,16,112,FWD,E7,E8,E3,E4,78.234000,464.680000,OK
6,12,adjacent,400,30,16,113,REV,E8,E7,E3,E4,-78.203000,464.760000,OK
6,12,adjacent,400,30,16,114,FWD,E7,E8,E4,E5,25.469000,464.361000,OK
6,12,adjacent,400,30,16,115,REV,E8,E7,E4,E5,-25.453000,464.201000,OK
6,12,adjacent,400,30,16,116,FWD,E7,E8,E5,E6,25.367000,464.122000,OK
6,12,adjacent,400,30,16,117,REV,E8,E7,E5,E6,-25.336000,464.680000,OK
6,12,adjacent,400,30,16,118,FWD,E7,E8,E9,E10,-8.297000,464.680000,OK
6,12,adjacent,400,30,16,119,REV,E8,E7,E9,E10,8.305000,464.920000,OK
6,12,adjacent,400,30,16,120,FWD,E7,E8,E10,E11,-54.461000,464.042000,OK
6,12,adjacent,400,30,16,121,REV,E8,E7,E10,E11,-23.797000,464.521000,OK
6,12,adjacent,400,30,16,122,FWD,E7,E8,E11,E12,-52.477000,464.361000,OK
6,12,adjacent,400,30,16,123,REV,E8,E7,E11,E12,-24.820000,464.361000,OK
6,12,adjacent,400,30,16,124,FWD,E7,E8,E12,E1,-8.375000,464.281000,OK
6,12,adjacent,400,30,16,125,REV,E8,E7,E12,E1,8.445000,464.042000,OK
6,12,adjacent,400,30,16,126,FWD,E8,E9,E1,E2,-8.531000,464.122000,OK
6,12,adjacent,400,30,16,127,REV,E9,E8,E1,E2,8.555000,464.281000,OK
6,12,adjacent,400,30,16,128,FWD,E8,E9,E2,E3,-42.500000,463.962000,OK
6,12,adjacent,400,30,16,129,REV,E9,E8,E2,E3,42.523000,463.563000,OK
6,12,adjacent,400,30,16,130,FWD,E8,E9,E3,E4,-61.195000,464.122000,OK
6,12,adjacent,400,30,16,131,REV,E9,E8,E3,E4,61.328000,464.441000,OK
6,12,adjacent,400,30,16,132,FWD,E8,E9,E4,E5,25.547000,464.122000,OK
6,12,adjacent,400,30,16,133,REV,E9,E8,E4,E5,-25.508000,463.962000,OK
6,12,adjacent,400,30,16,134,FWD,E8,E9,E5,E6,25.391000,464.042000,OK
6,12,adjacent,400,30,16,135,REV,E9,E8,E5,E6,-25.414000,463.962000,OK
6,12,adjacent,400,30,16,136,FWD,E8,E9,E6,E7,-8.539000,464.042000,OK
6,12,adjacent,400,30,16,137,REV,E9,E8,E6,E7,8.516000,464.122000,OK
6,12,adjacent,400,30,16,138,FWD,E8,E9,E10,E11,-56.969000,464.042000,OK
6,12,adjacent,400,30,16,139,REV,E9,E8,E10,E11,-16.398000,463.882000,OK
6,12,adjacent,400,30,16,140,FWD,E8,E9,E11,E12,-57.930000,464.600000,OK
6,12,adjacent,400,30,16,141,REV,E9,E8,E11,E12,-20.398000,464.441000,OK
6,12,adjacent,400,30,16,142,FWD,E8,E9,E12,E1,-8.453000,464.042000,OK
6,12,adjacent,400,30,16,143,REV,E9,E8,E12,E1,8.422000,464.042000,OK
6,12,adjacent,400,30,16,144,FWD,E9,E10,E1,E2,-8.633000,482.316000,OK
6,12,adjacent,400,30,16,145,REV,E10,E9,E1,E2,8.656000,482.157000,OK
6,12,adjacent,400,30,16,146,FWD,E9,E10,E2,E3,-43.023000,482.715000,OK
6,12,adjacent,400,30,16,147,REV,E10,E9,E2,E3,43.055000,481.678000,OK
6,12,adjacent,400,30,16,148,FWD,E9,E10,E3,E4,-42.953000,481.997000,OK
6,12,adjacent,400,30,16,149,REV,E10,E9,E3,E4,42.961000,481.837000,OK
6,12,adjacent,400,30,16,150,FWD,E9,E10,E4,E5,25.867000,482.236000,OK
6,12,adjacent,400,30,16,151,REV,E10,E9,E4,E5,-25.828000,481.438000,OK
6,12,adjacent,400,30,16,152,FWD,E9,E10,E5,E6,25.750000,481.837000,OK
6,12,adjacent,400,30,16,153,REV,E10,E9,E5,E6,-25.727000,482.157000,OK
6,12,adjacent,400,30,16,154,FWD,E9,E10,E6,E7,-8.641000,481.997000,OK
6,12,adjacent,400,30,16,155,REV,E10,E9,E6,E7,8.664000,481.917000,OK
6,12,adjacent,400,30,16,156,FWD,E9,E10,E7,E8,-8.594000,481.997000,OK
6,12,adjacent,400,30,16,157,REV,E10,E9,E7,E8,8.641000,481.917000,OK
6,12,adjacent,400,30,16,158,FWD,E9,E10,E11,E12,-54.727000,482.316000,OK
6,12,adjacent,400,30,16,159,REV,E10,E9,E11,E12,-16.773000,482.316000,OK
6,12,adjacent,400,30,16,160,FWD,E9,E10,E12,E1,-8.516000,481.359000,OK
6,12,adjacent,400,30,16,161,REV,E10,E9,E12,E1,8.531000,481.917000,OK
6,12,adjacent,400,30,16,162,FWD,E10,E11,E1,E2,-8.766000,480.561000,OK
6,12,adjacent,400,30,16,163,REV,E11,E10,E1,E2,8.789000,481.758000,OK
6,12,adjacent,400,30,16,164,FWD,E10,E11,E2,E3,-43.531000,480.481000,OK
6,12,adjacent,400,30,16,165,REV,E11,E10,E2,E3,43.641000,481.758000,OK
6,12,adjacent,400,30,16,166,FWD,E10,E11,E3,E4,-43.438000,480.082000,OK
6,12,adjacent,400,30,16,167,REV,E11,E10,E3,E4,43.602000,481.438000,OK
6,12,adjacent,400,30,16,168,FWD,E10,E11,E4,E5,26.172000,480.720000,OK
6,12,adjacent,400,30,16,169,REV,E11,E10,E4,E5,-26.164000,481.518000,OK
6,12,adjacent,400,30,16,170,FWD,E10,E11,E5,E6,26.047000,480.401000,OK
6,12,adjacent,400,30,16,171,REV,E11,E10,E5,E6,-26.117000,481.518000,OK
6,12,adjacent,400,30,16,172,FWD,E10,E11,E6,E7,-8.719000,480.162000,OK
6,12,adjacent,400,30,16,173,REV,E11,E10,E6,E7,8.742000,481.758000,OK
6,12,adjacent,400,30,16,174,FWD,E10,E11,E7,E8,-8.703000,480.640000,OK
6,12,adjacent,400,30,16,175,REV,E11,E10,E7,E8,8.781000,481.359000,OK
6,12,adjacent,400,30,16,176,FWD,E10,E11,E8,E9,-8.719000,480.241000,OK
6,12,adjacent,400,30,16,177,REV,E11,E10,E8,E9,8.805000,481.758000,OK
6,12,adjacent,400,30,16,178,FWD,E10,E11,E12,E1,-8.648000,480.401000,OK
6,12,adjacent,400,30,16,179,REV,E11,E10,E12,E1,8.680000,481.518000,OK
6,12,adjacent,400,30,16,180,FWD,E11,E12,E1,E2,-8.766000,481.758000,OK
6,12,adjacent,400,30,16,181,REV,E12,E11,E1,E2,8.781000,481.518000,OK
6,12,adjacent,400,30,16,182,FWD,E11,E12,E2,E3,-43.430000,481.917000,OK
6,12,adjacent,400,30,16,183,REV,E12,E11,E2,E3,43.461000,481.997000,OK
6,12,adjacent,400,30,16,184,FWD,E11,E12,E3,E4,-43.375000,481.997000,OK
6,12,adjacent,400,30,16,185,REV,E12,E11,E3,E4,43.398000,481.039000,OK
6,12,adjacent,400,30,16,186,FWD,E11,E12,E4,E5,26.219000,481.837000,OK
6,12,adjacent,400,30,16,187,REV,E12,E11,E4,E5,-26.070000,481.279000,OK
6,12,adjacent,400,30,16,188,FWD,E11,E12,E5,E6,25.984000,481.997000,OK
6,12,adjacent,400,30,16,189,REV,E12,E11,E5,E6,-25.930000,481.518000,OK
6,12,adjacent,400,30,16,190,FWD,E11,E12,E6,E7,-8.734000,481.758000,OK
6,12,adjacent,400,30,16,191,REV,E12,E11,E6,E7,8.719000,480.960000,OK
6,12,adjacent,400,30,16,192,FWD,E11,E12,E7,E8,-8.719000,482.157000,OK
6,12,adjacent,400,30,16,193,REV,E12,E11,E7,E8,8.695000,481.438000,OK
6,12,adjacent,400,30,16,194,FWD,E11,E12,E8,E9,-8.766000,481.837000,OK
6,12,adjacent,400,30,16,195,REV,E12,E11,E8,E9,8.742000,481.279000,OK
6,12,adjacent,400,30,16,196,FWD,E11,E12,E9,E10,-8.516000,481.997000,OK
6,12,adjacent,400,30,16,197,REV,E12,E11,E9,E10,8.523000,481.119000,OK
6,12,adjacent,400,30,16,198,FWD,E12,E1,E2,E3,-43.352000,480.880000,OK
6,12,adjacent,400,30,16,199,REV,E1,E12,E2,E3,43.336000,479.683000,OK
6,12,adjacent,400,30,16,200,FWD,E12,E1,E3,E4,-43.320000,480.162000,OK
6,12,adjacent,400,30,16,201,REV,E1,E12,E3,E4,43.266000,479.523000,OK
6,12,adjacent,400,30,16,202,FWD,E12,E1,E4,E5,26.484000,480.720000,OK
6,12,adjacent,400,30,16,203,REV,E1,E12,E4,E5,-26.422000,479.683000,OK
6,12,adjacent,400,30,16,204,FWD,E12,E1,E5,E6,25.969000,480.720000,OK
6,12,adjacent,400,30,16,205,REV,E1,E12,E5,E6,-25.914000,479.284000,OK
6,12,adjacent,400,30,16,206,FWD,E12,E1,E6,E7,-8.711000,480.162000,OK
6,12,adjacent,400,30,16,207,REV,E1,E12,E6,E7,8.727000,479.363000,OK
6,12,adjacent,400,30,16,208,FWD,E12,E1,E7,E8,-8.742000,480.401000,OK
6,12,adjacent,400,30,16,209,REV,E1,E12,E7,E8,8.688000,480.002000,OK
6,12,adjacent,400,30,16,210,FWD,E12,E1,E8,E9,-8.711000,480.241000,OK
6,12,adjacent,400,30,16,211,REV,E1,E12,E8,E9,8.711000,479.603000,OK
6,12,adjacent,400,30,16,212,FWD,E12,E1,E9,E10,-8.508000,480.082000,OK
6,12,adjacent,400,30,16,213,REV,E1,E12,E9,E10,8.516000,479.523000,OK
6,12,adjacent,400,30,16,214,FWD,E12,E1,E10,E11,-24.391000,480.561000,OK
6,12,adjacent,400,30,16,215,REV,E1,E12,E10,E11,-49.859000,479.044000,OK
7,13,adjacent,400,30,16,0,FWD,E1,E2,E3,E4,-43.805000,478.486000,OK
7,13,adjacent,400,30,16,1,REV,E2,E1,E3,E4,43.852000,480.082000,OK
7,13,adjacent,400,30,16,2,FWD,E1,E2,E4,E5,-78.781000,478.167000,OK
7,13,adjacent,400,30,16,3,REV,E2,E1,E4,E5,79.148000,480.082000,OK
7,13,adjacent,400,30,16,4,FWD,E1,E2,E5,E6,26.406000,478.406000,OK
7,13,adjacent,400,30,16,5,REV,E2,E1,E5,E6,-26.422000,480.321000,OK
7,13,adjacent,400,30,16,6,FWD,E1,E2,E6,E7,-8.773000,478.167000,OK
7,13,adjacent,400,30,16,7,REV,E2,E1,E6,E7,8.820000,479.922000,OK
7,13,adjacent,400,30,16,8,FWD,E1,E2,E7,E8,-8.773000,478.246000,OK
7,13,adjacent,400,30,16,9,REV,E2,E1,E7,E8,8.820000,479.922000,OK
7,13,adjacent,400,30,16,10,FWD,E1,E2,E8,E9,-8.781000,478.246000,OK
7,13,adjacent,400,30,16,11,REV,E2,E1,E8,E9,8.844000,480.401000,OK
7,13,adjacent,400,30,16,12,FWD,E1,E2,E9,E10,-8.586000,478.406000,OK
7,13,adjacent,400,30,16,13,REV,E2,E1,E9,E10,8.633000,479.842000,OK
7,13,adjacent,400,30,16,14,FWD,E1,E2,E10,E11,-26.039000,478.486000,OK
7,13,adjacent,400,30,16,15,REV,E2,E1,E10,E11,-48.547000,479.762000,OK
7,13,adjacent,400,30,16,16,FWD,E1,E2,E11,E12,-26.531000,478.725000,OK
7,13,adjacent,400,30,16,17,REV,E2,E1,E11,E12,-52.430000,479.922000,OK
7,13,adjacent,400,30,16,18,FWD,E2,E3,E4,E5,-79.164000,480.162000,OK
7,13,adjacent,400,30,16,19,REV,E3,E2,E4,E5,79.141000,479.204000,OK
7,13,adjacent,400,30,16,20,FWD,E2,E3,E5,E6,-79.414000,480.162000,OK
7,13,adjacent,400,30,16,21,REV,E3,E2,E5,E6,79.328000,480.241000,OK
7,13,adjacent,400,30,16,22,FWD,E2,E3,E6,E7,-8.836000,479.922000,OK
7,13,adjacent,400,30,16,23,REV,E3,E2,E6,E7,8.836000,479.363000,OK
7,13,adjacent,400,30,16,24,FWD,E2,E3,E7,E8,-8.859000,480.241000,OK
7,13,adjacent,400,30,16,25,REV,E3,E2,E7,E8,8.836000,479.363000,OK
7,13,adjacent,400,30,16,26,FWD,E2,E3,E8,E9,-8.867000,480.241000,OK
7,13,adjacent,400,30,16,27,REV,E3,E2,E8,E9,8.875000,480.002000,OK
7,13,adjacent,400,30,16,28,FWD,E2,E3,E9,E10,-8.664000,479.922000,OK
7,13,adjacent,400,30,16,29,REV,E3,E2,E9,E10,8.656000,479.922000,OK
7,13,adjacent,400,30,16,30,FWD,E2,E3,E10,E11,-25.977000,480.241000,OK
7,13,adjacent,400,30,16,31,REV,E3,E2,E10,E11,-48.125000,479.603000,OK
7,13,adjacent,400,30,16,32,FWD,E2,E3,E11,E12,-28.789000,480.321000,OK
7,13,adjacent,400,30,16,33,REV,E3,E2,E11,E12,-51.938000,480.082000,OK
7,13,adjacent,400,30,16,34,FWD,E2,E3,E12,E1,-8.734000,480.002000,OK
7,13,adjacent,400,30,16,35,REV,E3,E2,E12,E1,8.766000,479.683000,OK
7,13,adjacent,400,30,16,36,FWD,E3,E4,E1,E2,-8.695000,480.960000,OK
7,13,adjacent,400,30,16,37,REV,E4,E3,E1,E2,8.734000,481.598000,OK
7,13,adjacent,400,30,16,38,FWD,E3,E4,E5,E6,-77.859000,481.199000,OK
7,13,adjacent,400,30,16,39,REV,E4,E3,E5,E6,78.047000,482.077000,OK
7,13,adjacent,400,30,16,40,FWD,E3,E4,E6,E7,-8.695000,480.880000,OK
7,13,adjacent,400,30,16,41,REV,E4,E3,E6,E7,8.711000,481.518000,OK
7,13,adjacent,400,30,16,42,FWD,E3,E4,E7,E8,-8.664000,481.279000,OK
7,13,adjacent,400,30,16,43,REV,E4,E3,E7,E8,8.719000,481.438000,OK
7,13,adjacent,400,30,16,44,FWD,E3,E4,E8,E9,-8.711000,481.359000,OK
7,13,adjacent,400,30,16,45,REV,E4,E3,E8,E9,8.719000,481.758000,OK
7,13,adjacent,400,30,16,46,FWD,E3,E4,E9,E10,-8.508000,480.880000,OK
7,13,adjacent,400,30,16,47,REV,E4,E3,E9,E10,8.500000,481.438000,OK
7,13,adjacent,400,30,16,48,FWD,E3,E4,E10,E11,-29.187000,481.199000,OK
7,13,adjacent,400,30,16,49,REV,E4,E3,E10,E11,-46.516000,481.758000,OK
7,13,adjacent,400,30,16,50,FWD,E3,E4,E11,E12,-26.289000,481.119000,OK
7,13,adjacent,400,30,16,51,REV,E4,E3,E11,E12,-50.398000,481.598000,OK
7,13,adjacent,400,30,16,52,FWD,E3,E4,E12,E1,-8.609000,480.561000,OK
7,13,adjacent,400,30,16,53,REV,E4,E3,E12,E1,8.656000,481.518000,OK
7,13,adjacent,400,30,16,54,FWD,E4,E5,E1,E2,-8.719000,481.438000,OK
7,13,adjacent,400,30,16,55,REV,E5,E4,E1,E2,8.727000,480.960000,OK
7,13,adjacent,400,30,16,56,FWD,E4,E5,E2,E3,60.617000,481.598000,OK
7,13,adjacent,400,30,16,57,REV,E5,E4,E2,E3,-60.508000,480.800000,OK
7,13,adjacent,400,30,16,58,FWD,E4,E5,E6,E7,-8.742000,481.598000,OK
7,13,adjacent,400,30,16,59,REV,E5,E4,E6,E7,8.719000,480.880000,OK
7,13,adjacent,400,30,16,60,FWD,E4,E5,E7,E8,-8.672000,481.678000,OK
7,13,adjacent,400,30,16,61,REV,E5,E4,E7,E8,8.703000,481.119000,OK
7,13,adjacent,400,30,16,62,FWD,E4,E5,E8,E9,-8.742000,481.438000,OK
7,13,adjacent,400,30,16,63,REV,E5,E4,E8,E9,8.719000,480.800000,OK
7,13,adjacent,400,30,16,64,FWD,E4,E5,E9,E10,-8.508000,481.438000,OK
7,13,adjacent,400,30,16,65,REV,E5,E4,E9,E10,8.492000,481.119000,OK
7,13,adjacent,400,30,16,66,FWD,E4,E5,E10,E11,-29.391000,481.678000,OK
7,13,adjacent,400,30,16,67,REV,E5,E4,E10,E11,-44.070000,480.640000,OK
7,13,adjacent,400,30,16,68,FWD,E4,E5,E11,E12,-27.141000,481.518000,OK
7,13,adjacent,400,30,16,69,REV,E5,E4,E11,E12,-49.711000,480.640000,OK
7,13,adjacent,400,30,16,70,FWD,E4,E5,E12,E1,-8.625000,480.800000,OK
7,13,adjacent,400,30,16,71,REV,E5,E4,E12,E1,8.602000,480.960000,OK
7,13,adjacent,400,30,16,72,FWD,E5,E6,E1,E2,-8.766000,478.087000,OK
7,13,adjacent,400,30,16,73,REV,E6,E5,E1,E2,8.789000,478.406000,OK
7,13,adjacent,400,30,16,74,FWD,E5,E6,E2,E3,60.914000,477.688000,OK
7,13,adjacent,400,30,16,75,REV,E6,E5,E2,E3,-60.922000,478.246000,OK
7,13,adjacent,400,30,16,76,FWD,E5,E6,E3,E4,61.008000,477.927000,OK
7,13,adjacent,400,30,16,77,REV,E6,E5,E3,E4,-60.984000,478.406000,OK
7,13,adjacent,400,30,16,78,FWD,E5,E6,E7,E8,-8.711000,477.847000,OK
7,13,adjacent,400,30,16,79,REV,E6,E5,E7,E8,8.758000,477.847000,OK
7,13,adjacent,400,30,16,80,FWD,E5,E6,E8,E9,-8.781000,477.608000,OK
7,13,adjacent,400,30,16,81,REV,E6,E5,E8,E9,8.820000,478.167000,OK
7,13,adjacent,400,30,16,82,FWD,E5,E6,E9,E10,-8.539000,477.767000,OK
7,13,adjacent,400,30,16,83,REV,E6,E5,E9,E10,8.578000,478.486000,OK
7,13,adjacent,400,30,16,84,FWD,E5,E6,E10,E11,-30.437000,477.608000,OK
7,13,adjacent,400,30,16,85,REV,E6,E5,E10,E11,-41.719000,477.847000,OK
7,13,adjacent,400,30,16,86,FWD,E5,E6,E11,E12,-27.305000,477.688000,OK
7,13,adjacent,400,30,16,87,REV,E6,E5,E11,E12,-48.242000,478.246000,OK
7,13,adjacent,400,30,16,88,FWD,E5,E6,E12,E1,-8.664000,477.767000,OK
7,13,adjacent,400,30,16,89,REV,E6,E5,E12,E1,8.688000,478.007000,OK
7,13,adjacent,400,30,16,90,FWD,E6,E7,E1,E2,-8.781000,478.725000,OK
7,13,adjacent,400,30,16,91,REV,E7,E6,E1,E2,8.789000,477.528000,OK
7,13,adjacent,400,30,16,92,FWD,E6,E7,E2,E3,61.227000,479.523000,OK
7,13,adjacent,400,30,16,93,REV,E7,E6,E2,E3,-61.102000,477.767000,OK
7,13,adjacent,400,30,16,94,FWD,E6,E7,E3,E4,61.102000,478.965000,OK
7,13,adjacent,400,30,16,95,REV,E7,E6,E3,E4,-60.859000,477.688000,OK
7,13,adjacent,400,30,16,96,FWD,E6,E7,E4,E5,26.328000,478.885000,OK
7,13,adjacent,400,30,16,97,REV,E7,E6,E4,E5,-26.156000,477.528000,OK
7,13,adjacent,400,30,16,98,FWD,E6,E7,E8,E9,-8.773000,478.885000,OK
7,13,adjacent,400,30,16,99,REV,E7,E6,E8,E9,8.797000,478.246000,OK
7,13,adjacent,400,30,16,100,FWD,E6,E7,E9,E10,-8.602000,478.805000,OK
7,13,adjacent,400,30,16,101,REV,E7,E6,E9,E10,8.539000,477.528000,OK
7,13,adjacent,400,30,16,102,FWD,E6,E7,E10,E11,-39.305000,478.965000,OK
7,13,adjacent,400,30,16,103,REV,E7,E6,E10,E11,-35.820000,477.767000,OK
7,13,adjacent,400,30,16,104,FWD,E6,E7,E11,E12,-38.570000,478.965000,OK
7,13,adjacent,400,30,16,105,REV,E7,E6,E11,E12,-43.922000,478.087000,OK
7,13,adjacent,400,30,16,106,FWD,E6,E7,E12,E1,-8.672000,478.645000,OK
7,13,adjacent,400,30,16,107,REV,E7,E6,E12,E1,8.648000,477.767000,OK
7,13,adjacent,400,30,16,108,FWD,E7,E8,E1,E2,-8.500000,464.201000,OK
7,13,adjacent,400,30,16,109,REV,E8,E7,E1,E2,8.547000,464.600000,OK
7,13,adjacent,400,30,16,110,FWD,E7,E8,E2,E3,-42.508000,464.122000,OK
7,13,adjacent,400,30,16,111,REV,E8,E7,E2,E3,42.656000,464.760000,OK
7,13,adjacent,400,30,16,112,FWD,E7,E8,E3,E4,78.297000,464.042000,OK
7,13,adjacent,400,30,16,113,REV,E8,E7,E3,E4,-78.070000,464.840000,OK
7,13,adjacent,400,30,16,114,FWD,E7,E8,E4,E5,25.516000,464.281000,OK
7,13,adjacent,400,30,16,115,REV,E8,E7,E4,E5,-25.430000,464.680000,OK
7,13,adjacent,400,30,16,116,FWD,E7,E8,E5,E6,25.352000,464.201000,OK
7,13,adjacent,400,30,16,117,REV,E8,E7,E5,E6,-25.352000,464.760000,OK
7,13,adjacent,400,30,16,118,FWD,E7,E8,E9,E10,-8.375000,464.122000,OK
7,13,adjacent,400,30,16,119,REV,E8,E7,E9,E10,8.328000,464.600000,OK
7,13,adjacent,400,30,16,120,FWD,E7,E8,E10,E11,-54.500000,464.441000,OK
7,13,adjacent,400,30,16,121,REV,E8,E7,E10,E11,-22.656000,464.600000,OK
7,13,adjacent,400,30,16,122,FWD,E7,E8,E11,E12,-54.203000,464.122000,OK
7,13,adjacent,400,30,16,123,REV,E8,E7,E11,E12,-25.250000,464.441000,OK
7,13,adjacent,400,30,16,124,FWD,E7,E8,E12,E1,-8.398000,464.042000,OK
7,13,adjacent,400,30,16,125,REV,E8,E7,E12,E1,8.383000,464.680000,OK
7,13,adjacent,400,30,16,126,FWD,E8,E9,E1,E2,-8.547000,464.201000,OK
7,13,adjacent,400,30,16,127,REV,E9,E8,E1,E2,8.539000,464.281000,OK
7,13,adjacent,400,30,16,128,FWD,E8,E9,E2,E3,-42.422000,464.042000,OK
7,13,adjacent,400,30,16,129,REV,E9,E8,E2,E3,42.570000,463.962000,OK
7,13,adjacent,400,30,16,130,FWD,E8,E9,E3,E4,-61.273000,464.281000,OK
7,13,adjacent,400,30,16,131,REV,E9,E8,E3,E4,61.352000,464.042000,OK
7,13,adjacent,400,30,16,132,FWD,E8,E9,E4,E5,25.547000,463.882000,OK
7,13,adjacent,400,30,16,133,REV,E9,E8,E4,E5,-25.500000,463.962000,OK
7,13,adjacent,400,30,16,134,FWD,E8,E9,E5,E6,25.391000,464.122000,OK
7,13,adjacent,400,30,16,135,REV,E9,E8,E5,E6,-25.437000,464.122000,OK
7,13,adjacent,400,30,16,136,FWD,E8,E9,E6,E7,-8.500000,464.201000,OK
7,13,adjacent,400,30,16,137,REV,E9,E8,E6,E7,8.500000,464.281000,OK
7,13,adjacent,400,30,16,138,FWD,E8,E9,E10,E11,-56.125000,464.441000,OK
7,13,adjacent,400,30,16,139,REV,E9,E8,E10,E11,-16.461000,464.042000,OK
7,13,adjacent,400,30,16,140,FWD,E8,E9,E11,E12,-58.414000,464.042000,OK
7,13,adjacent,400,30,16,141,REV,E9,E8,E11,E12,-20.078000,464.122000,OK
7,13,adjacent,400,30,16,142,FWD,E8,E9,E12,E1,-8.406000,464.201000,OK
7,13,adjacent,400,30,16,143,REV,E9,E8,E12,E1,8.430000,464.122000,OK
7,13,adjacent,400,30,16,144,FWD,E9,E10,E1,E2,-8.648000,481.837000,OK
7,13,adjacent,400,30,16,145,REV,E10,E9,E1,E2,8.641000,481.598000,OK
7,13,adjacent,400,30,16,146,FWD,E9,E10,E2,E3,-43.008000,481.678000,OK
7,13,adjacent,400,30,16,147,REV,E10,E9,E2,E3,42.977000,482.236000,OK
7,13,adjacent,400,30,16,148,FWD,E9,E10,E3,E4,-42.898000,482.236000,OK
7,13,adjacent,400,30,16,149,REV,E10,E9,E3,E4,43.023000,481.917000,OK
7,13,adjacent,400,30,16,150,FWD,E9,E10,E4,E5,25.906000,481.917000,OK
7,13,adjacent,400,30,16,151,REV,E10,E9,E4,E5,-25.812000,481.438000,OK
7,13,adjacent,400,30,16,152,FWD,E9,E10,E5,E6,25.734000,481.997000,OK
7,13,adjacent,400,30,16,153,REV,E10,E9,E5,E6,-25.703000,482.236000,OK
7,13,adjacent,400,30,16,154,FWD,E9,E10,E6,E7,-8.648000,482.476000,OK
7,13,adjacent,400,30,16,155,REV,E10,E9,E6,E7,8.625000,482.077000,OK
7,13,adjacent,400,30,16,156,FWD,E9,E10,E7,E8,-8.578000,482.157000,OK
7,13,adjacent,400,30,16,157,REV,E10,E9,E7,E8,8.609000,482.316000,OK
7,13,adjacent,400,30,16,158,FWD,E9,E10,E11,E12,-53.852000,482.157000,OK
7,13,adjacent,400,30,16,159,REV,E10,E9,E11,E12,-17.195000,481.997000,OK
7,13,adjacent,400,30,16,160,FWD,E9,E10,E12,E1,-8.539000,482.236000,OK
7,13,adjacent,400,30,16,161,REV,E10,E9,E12,E1,8.492000,481.678000,OK
7,13,adjacent,400,30,16,162,FWD,E10,E11,E1,E2,-8.742000,480.561000,OK
7,13,adjacent,400,30,16,163,REV,E11,E10,E1,E2,8.805000,481.758000,OK
7,13,adjacent,400,30,16,164,FWD,E10,E11,E2,E3,-43.539000,480.800000,OK
7,13,adjacent,400,30,16,165,REV,E11,E10,E2,E3,43.672000,482.077000,OK
7,13,adjacent,400,30,16,166,FWD,E10,E11,E3,E4,-43.414000,480.960000,OK
7,13,adjacent,400,30,16,167,REV,E11,E10,E3,E4,43.641000,481.438000,OK
7,13,adjacent,400,30,16,168,FWD,E10,E11,E4,E5,26.187000,480.481000,OK
7,13,adjacent,400,30,16,169,REV,E11,E10,E4,E5,-26.203000,481.837000,OK
7,13,adjacent,400,30,16,170,FWD,E10,E11,E5,E6,26.055000,480.640000,OK
7,13,adjacent,400,30,16,171,REV,E11,E10,E5,E6,-26.078000,482.396000,OK
7,13,adjacent,400,30,16,172,FWD,E10,E11,E6,E7,-8.750000,481.279000,OK
7,13,adjacent,400,30,16,173,REV,E11,E10,E6,E7,8.750000,482.316000,OK
7,13,adjacent,400,30,16,174,FWD,E10,E11,E7,E8,-8.734000,482.157000,OK
7,13,adjacent,400,30,16,175,REV,E11,E10,E7,E8,8.727000,483.912000,OK
7,13,adjacent,400,30,16,176,FWD,E10,E11,E8,E9,-8.727000,482.396000,OK
7,13,adjacent,400,30,16,177,REV,E11,E10,E8,E9,8.773000,483.753000,OK
7,13,adjacent,400,30,16,178,FWD,E10,E11,E12,E1,-8.656000,482.316000,OK
7,13,adjacent,400,30,16,179,REV,E11,E10,E12,E1,8.648000,483.513000,OK
7,13,adjacent,400,30,16,180,FWD,E11,E12,E1,E2,-8.711000,483.992000,OK
7,13,adjacent,400,30,16,181,REV,E12,E11,E1,E2,8.750000,484.391000,OK
7,13,adjacent,400,30,16,182,FWD,E11,E12,E2,E3,-43.414000,483.753000,OK
7,13,adjacent,400,30,16,183,REV,E12,E11,E2,E3,43.406000,482.715000,OK
7,13,adjacent,400,30,16,184,FWD,E11,E12,E3,E4,-43.344000,483.513000,OK
7,13,adjacent,400,30,16,185,REV,E12,E11,E3,E4,43.375000,483.433000,OK
7,13,adjacent,400,30,16,186,FWD,E11,E12,E4,E5,26.117000,483.593000,OK
7,13,adjacent,400,30,16,187,REV,E12,E11,E4,E5,-26.055000,483.274000,OK
7,13,adjacent,400,30,16,188,FWD,E11,E12,E5,E6,26.023000,483.274000,OK
7,13,adjacent,400,30,16,189,REV,E12,E11,E5,E6,-25.984000,481.279000,OK
7,13,adjacent,400,30,16,190,FWD,E11,E12,E6,E7,-8.734000,481.917000,OK
7,13,adjacent,400,30,16,191,REV,E12,E11,E6,E7,8.703000,481.359000,OK
7,13,adjacent,400,30,16,192,FWD,E11,E12,E7,E8,-8.695000,481.837000,OK
7,13,adjacent,400,30,16,193,REV,E12,E11,E7,E8,8.711000,481.039000,OK
7,13,adjacent,400,30,16,194,FWD,E11,E12,E8,E9,-8.719000,481.359000,OK
7,13,adjacent,400,30,16,195,REV,E12,E11,E8,E9,8.758000,481.279000,OK
7,13,adjacent,400,30,16,196,FWD,E11,E12,E9,E10,-8.555000,481.917000,OK
7,13,adjacent,400,30,16,197,REV,E12,E11,E9,E10,8.531000,481.359000,OK
7,13,adjacent,400,30,16,198,FWD,E12,E1,E2,E3,-43.359000,479.762000,OK
7,13,adjacent,400,30,16,199,REV,E1,E12,E2,E3,43.344000,479.523000,OK
7,13,adjacent,400,30,16,200,FWD,E12,E1,E3,E4,-43.273000,480.321000,OK
7,13,adjacent,400,30,16,201,REV,E1,E12,E3,E4,43.297000,479.523000,OK
7,13,adjacent,400,30,16,202,FWD,E12,E1,E4,E5,26.453000,480.640000,OK
7,13,adjacent,400,30,16,203,REV,E1,E12,E4,E5,-26.305000,479.443000,OK
7,13,adjacent,400,30,16,204,FWD,E12,E1,E5,E6,25.977000,480.561000,OK
7,13,adjacent,400,30,16,205,REV,E1,E12,E5,E6,-25.828000,480.002000,OK
7,13,adjacent,400,30,16,206,FWD,E12,E1,E6,E7,-8.695000,480.401000,OK
7,13,adjacent,400,30,16,207,REV,E1,E12,E6,E7,8.711000,479.603000,OK
7,13,adjacent,400,30,16,208,FWD,E12,E1,E7,E8,-8.688000,480.561000,OK
7,13,adjacent,400,30,16,209,REV,E1,E12,E7,E8,8.703000,479.603000,OK
7,13,adjacent,400,30,16,210,FWD,E12,E1,E8,E9,-8.703000,480.800000,OK
7,13,adjacent,400,30,16,211,REV,E1,E12,E8,E9,8.711000,480.241000,OK
7,13,adjacent,400,30,16,212,FWD,E12,E1,E9,E10,-8.469000,480.800000,OK
7,13,adjacent,400,30,16,213,REV,E1,E12,E9,E10,8.516000,480.401000,OK
7,13,adjacent,400,30,16,214,FWD,E12,E1,E10,E11,-24.109000,481.917000,OK
7,13,adjacent,400,30,16,215,REV,E1,E12,E10,E11,-49.281000,481.199000,OK
8,14,adjacent,400,30,16,0,FWD,E1,E2,E3,E4,-43.656000,478.645000,OK
8,14,adjacent,400,30,16,1,REV,E2,E1,E3,E4,43.883000,480.082000,OK
8,14,adjacent,400,30,16,2,FWD,E1,E2,E4,E5,-78.859000,478.246000,OK
8,14,adjacent,400,30,16,3,REV,E2,E1,E4,E5,79.258000,479.762000,OK
8,14,adjacent,400,30,16,4,FWD,E1,E2,E5,E6,26.422000,478.326000,OK
8,14,adjacent,400,30,16,5,REV,E2,E1,E5,E6,-26.383000,479.922000,OK
8,14,adjacent,400,30,16,6,FWD,E1,E2,E6,E7,-8.766000,478.805000,OK
8,14,adjacent,400,30,16,7,REV,E2,E1,E6,E7,8.844000,480.082000,OK
8,14,adjacent,400,30,16,8,FWD,E1,E2,E7,E8,-8.750000,478.406000,OK
8,14,adjacent,400,30,16,9,REV,E2,E1,E7,E8,8.781000,480.401000,OK
8,14,adjacent,400,30,16,10,FWD,E1,E2,E8,E9,-8.797000,478.406000,OK
8,14,adjacent,400,30,16,11,REV,E2,E1,E8,E9,8.828000,479.922000,OK
8,14,adjacent,400,30,16,12,FWD,E1,E2,E9,E10,-8.563000,478.486000,OK
8,14,adjacent,400,30,16,13,REV,E2,E1,E9,E10,8.609000,480.162000,OK
8,14,adjacent,400,30,16,14,FWD,E1,E2,E10,E11,-25.422000,478.326000,OK
8,14,adjacent,400,30,16,15,REV,E2,E1,E10,E11,-48.883000,480.002000,OK
8,14,adjacent,400,30,16,16,FWD,E1,E2,E11,E12,-22.531000,478.326000,OK
8,14,adjacent,400,30,16,17,REV,E2,E1,E11,E12,-52.656000,479.922000,OK
8,14,adjacent,400,30,16,18,FWD,E2,E3,E4,E5,-79.094000,479.842000,OK
8,14,adjacent,400,30,16,19,REV,E3,E2,E4,E5,79.094000,479.523000,OK
8,14,adjacent,400,30,16,20,FWD,E2,E3,E5,E6,-79.406000,479.842000,OK
8,14,adjacent,400,30,16,21,REV,E3,E2,E5,E6,79.367000,479.603000,OK
8,14,adjacent,400,30,16,22,FWD,E2,E3,E6,E7,-8.859000,479.762000,OK
8,14,adjacent,400,30,16,23,REV,E3,E2,E6,E7,8.852000,479.523000,OK
8,14,adjacent,400,30,16,24,FWD,E2,E3,E7,E8,-8.813000,479.842000,OK
8,14,adjacent,400,30,16,25,REV,E3,E2,E7,E8,8.828000,479.363000,OK
8,14,adjacent,400,30,16,26,FWD,E2,E3,E8,E9,-8.859000,479.762000,OK
8,14,adjacent,400,30,16,27,REV,E3,E2,E8,E9,8.867000,479.204000,OK
8,14,adjacent,400,30,16,28,FWD,E2,E3,E9,E10,-8.688000,480.002000,OK
8,14,adjacent,400,30,16,29,REV,E3,E2,E9,E10,8.656000,479.603000,OK
8,14,adjacent,400,30,16,30,FWD,E2,E3,E10,E11,-26.578000,479.922000,OK
8,14,adjacent,400,30,16,31,REV,E3,E2,E10,E11,-47.922000,479.762000,OK
8,14,adjacent,400,30,16,32,FWD,E2,E3,E11,E12,-24.984000,479.842000,OK
8,14,adjacent,400,30,16,33,REV,E3,E2,E11,E12,-51.352000,479.842000,OK
8,14,adjacent,400,30,16,34,FWD,E2,E3,E12,E1,-8.703000,480.321000,OK
8,14,adjacent,400,30,16,35,REV,E3,E2,E12,E1,8.773000,479.603000,OK
8,14,adjacent,400,30,16,36,FWD,E3,E4,E1,E2,-8.695000,481.119000,OK
8,14,adjacent,400,30,16,37,REV,E4,E3,E1,E2,8.758000,482.077000,OK
8,14,adjacent,400,30,16,38,FWD,E3,E4,E5,E6,-77.852000,480.800000,OK
8,14,adjacent,400,30,16,39,REV,E4,E3,E5,E6,77.969000,481.598000,OK
8,14,adjacent,400,30,16,40,FWD,E3,E4,E6,E7,-8.672000,481.199000,OK
8,14,adjacent,400,30,16,41,REV,E4,E3,E6,E7,8.727000,481.598000,OK
8,14,adjacent,400,30,16,42,FWD,E3,E4,E7,E8,-8.688000,480.880000,OK
8,14,adjacent,400,30,16,43,REV,E4,E3,E7,E8,8.680000,481.279000,OK
8,14,adjacent,400,30,16,44,FWD,E3,E4,E8,E9,-8.688000,480.401000,OK
8,14,adjacent,400,30,16,45,REV,E4,E3,E8,E9,8.734000,481.119000,OK
8,14,adjacent,400,30,16,46,FWD,E3,E4,E9,E10,-8.484000,480.800000,OK
8,14,adjacent,400,30,16,47,REV,E4,E3,E9,E10,8.500000,481.039000,OK
8,14,adjacent,400,30,16,48,FWD,E3,E4,E10,E11,-28.117000,480.401000,OK
8,14,adjacent,400,30,16,49,REV,E4,E3,E10,E11,-45.156000,481.039000,OK
8,14,adjacent,400,30,16,50,FWD,E3,E4,E11,E12,-26.617000,480.401000,OK
8,14,adjacent,400,30,16,51,REV,E4,E3,E11,E12,-50.461000,480.800000,OK
8,14,adjacent,400,30,16,52,FWD,E3,E4,E12,E1,-8.555000,480.720000,OK
8,14,adjacent,400,30,16,53,REV,E4,E3,E12,E1,8.641000,481.438000,OK
8,14,adjacent,400,30,16,54,FWD,E4,E5,E1,E2,-8.703000,480.960000,OK
8,14,adjacent,400,30,16,55,REV,E5,E4,E1,E2,8.719000,480.481000,OK
8,14,adjacent,400,30,16,56,FWD,E4,E5,E2,E3,60.594000,481.199000,OK
8,14,adjacent,400,30,16,57,REV,E5,E4,E2,E3,-60.469000,480.561000,OK
8,14,adjacent,400,30,16,58,FWD,E4,E5,E6,E7,-8.680000,481.119000,OK
8,14,adjacent,400,30,16,59,REV,E5,E4,E6,E7,8.664000,480.960000,OK
8,14,adjacent,400,30,16,60,FWD,E4,E5,E7,E8,-8.719000,481.119000,OK
8,14,adjacent,400,30,16,61,REV,E5,E4,E7,E8,8.680000,480.561000,OK
8,14,adjacent,400,30,16,62,FWD,E4,E5,E8,E9,-8.719000,481.438000,OK
8,14,adjacent,400,30,16,63,REV,E5,E4,E8,E9,8.742000,480.960000,OK
8,14,adjacent,400,30,16,64,FWD,E4,E5,E9,E10,-8.523000,481.199000,OK
8,14,adjacent,400,30,16,65,REV,E5,E4,E9,E10,8.508000,480.880000,OK
8,14,adjacent,400,30,16,66,FWD,E4,E5,E10,E11,-29.406000,481.359000,OK
8,14,adjacent,400,30,16,67,REV,E5,E4,E10,E11,-43.438000,480.960000,OK
8,14,adjacent,400,30,16,68,FWD,E4,E5,E11,E12,-28.180000,481.279000,OK
8,14,adjacent,400,30,16,69,REV,E5,E4,E11,E12,-50.367000,480.880000,OK
8,14,adjacent,400,30,16,70,FWD,E4,E5,E12,E1,-8.586000,481.279000,OK
8,14,adjacent,400,30,16,71,REV,E5,E4,E12,E1,8.609000,480.640000,OK
8,14,adjacent,400,30,16,72,FWD,E5,E6,E1,E2,-8.766000,478.246000,OK
8,14,adjacent,400,30,16,73,REV,E6,E5,E1,E2,8.805000,478.167000,OK
8,14,adjacent,400,30,16,74,FWD,E5,E6,E2,E3,60.891000,477.448000,OK
8,14,adjacent,400,30,16,75,REV,E6,E5,E2,E3,-60.992000,478.406000,OK
8,14,adjacent,400,30,16,76,FWD,E5,E6,E3,E4,61.008000,478.007000,OK
8,14,adjacent,400,30,16,77,REV,E6,E5,E3,E4,-61.023000,478.486000,OK
8,14,adjacent,400,30,16,78,FWD,E5,E6,E7,E8,-8.766000,477.608000,OK
8,14,adjacent,400,30,16,79,REV,E6,E5,E7,E8,8.742000,478.326000,OK
8,14,adjacent,400,30,16,80,FWD,E5,E6,E8,E9,-8.781000,478.167000,OK
8,14,adjacent,400,30,16,81,REV,E6,E5,E8,E9,8.789000,478.486000,OK
8,14,adjacent,400,30,16,82,FWD,E5,E6,E9,E10,-8.570000,477.688000,OK
8,14,adjacent,400,30,16,83,REV,E6,E5,E9,E10,8.586000,478.486000,OK
8,14,adjacent,400,30,16,84,FWD,E5,E6,E10,E11,-30.336000,477.767000,OK
8,14,adjacent,400,30,16,85,REV,E6,E5,E10,E11,-42.406000,478.326000,OK
8,14,adjacent,400,30,16,86,FWD,E5,E6,E11,E12,-28.000000,477.927000,OK
8,14,adjacent,400,30,16,87,REV,E6,E5,E11,E12,-48.320000,478.087000,OK
8,14,adjacent,400,30,16,88,FWD,E5,E6,E12,E1,-8.656000,477.847000,OK
8,14,adjacent,400,30,16,89,REV,E6,E5,E12,E1,8.711000,478.246000,OK
8,14,adjacent,400,30,16,90,FWD,E6,E7,E1,E2,-8.773000,479.284000,OK
8,14,adjacent,400,30,16,91,REV,E7,E6,E1,E2,8.797000,477.847000,OK
8,14,adjacent,400,30,16,92,FWD,E6,E7,E2,E3,61.281000,479.044000,OK
8,14,adjacent,400,30,16,93,REV,E7,E6,E2,E3,-61.039000,478.167000,OK
8,14,adjacent,400,30,16,94,FWD,E6,E7,E3,E4,61.203000,479.204000,OK
8,14,adjacent,400,30,16,95,REV,E7,E6,E3,E4,-60.906000,478.167000,OK
8,14,adjacent,400,30,16,96,FWD,E6,E7,E4,E5,26.305000,479.683000,OK
8,14,adjacent,400,30,16,97,REV,E7,E6,E4,E5,-26.195000,478.167000,OK
8,14,adjacent,400,30,16,98,FWD,E6,E7,E8,E9,-8.766000,479.603000,OK
8,14,adjacent,400,30,16,99,REV,E7,E6,E8,E9,8.805000,478.406000,OK
8,14,adjacent,400,30,16,100,FWD,E6,E7,E9,E10,-8.609000,479.284000,OK
8,14,adjacent,400,30,16,101,REV,E7,E6,E9,E10,8.563000,478.167000,OK
8,14,adjacent,400,30,16,102,FWD,E6,E7,E10,E11,-37.977000,479.363000,OK
8,14,adjacent,400,30,16,103,REV,E7,E6,E10,E11,-35.688000,478.406000,OK
8,14,adjacent,400,30,16,104,FWD,E6,E7,E11,E12,-38.180000,479.363000,OK
8,14,adjacent,400,30,16,105,REV,E7,E6,E11,E12,-44.961000,478.007000,OK
8,14,adjacent,400,30,16,106,FWD,E6,E7,E12,E1,-8.664000,479.284000,OK
8,14,adjacent,400,30,16,107,REV,E7,E6,E12,E1,8.672000,478.087000,OK
8,14,adjacent,400,30,16,108,FWD,E7,E8,E1,E2,-8.500000,464.361000,OK
8,14,adjacent,400,30,16,109,REV,E8,E7,E1,E2,8.516000,464.122000,OK
8,14,adjacent,400,30,16,110,FWD,E7,E8,E2,E3,-42.492000,463.882000,OK
8,14,adjacent,400,30,16,111,REV,E8,E7,E2,E3,42.438000,464.441000,OK
8,14,adjacent,400,30,16,112,FWD,E7,E8,E3,E4,78.141000,464.441000,OK
8,14,adjacent,400,30,16,113,REV,E8,E7,E3,E4,-78.078000,464.201000,OK
8,14,adjacent,400,30,16,114,FWD,E7,E8,E4,E5,25.484000,463.882000,OK
8,14,adjacent,400,30,16,115,REV,E8,E7,E4,E5,-25.430000,464.281000,OK
8,14,adjacent,400,30,16,116,FWD,E7,E8,E5,E6,25.344000,464.122000,OK
8,14,adjacent,400,30,16,117,REV,E8,E7,E5,E6,-25.359000,463.403000,OK
8,14,adjacent,400,30,16,118,FWD,E7,E8,E9,E10,-8.336000,464.042000,OK
8,14,adjacent,400,30,16,119,REV,E8,E7,E9,E10,8.328000,464.680000,OK
8,14,adjacent,400,30,16,120,FWD,E7,E8,E10,E11,-52.625000,463.962000,OK
8,14,adjacent,400,30,16,121,REV,E8,E7,E10,E11,-20.555000,464.361000,OK
8,14,adjacent,400,30,16,122,FWD,E7,E8,E11,E12,-53.438000,463.802000,OK
8,14,adjacent,400,30,16,123,REV,E8,E7,E11,E12,-24.133000,464.201000,OK
8,14,adjacent,400,30,16,124,FWD,E7,E8,E12,E1,-8.406000,464.441000,OK
8,14,adjacent,400,30,16,125,REV,E8,E7,E12,E1,8.414000,464.840000,OK
8,14,adjacent,400,30,16,126,FWD,E8,E9,E1,E2,-8.531000,463.723000,OK
8,14,adjacent,400,30,16,127,REV,E9,E8,E1,E2,8.547000,464.201000,OK
8,14,adjacent,400,30,16,128,FWD,E8,E9,E2,E3,-42.492000,463.882000,OK
8,14,adjacent,400,30,16,129,REV,E9,E8,E2,E3,42.477000,463.723000,OK
8,14,adjacent,400,30,16,130,FWD,E8,E9,E3,E4,-61.195000,463.723000,OK
8,14,adjacent,400,30,16,131,REV,E9,E8,E3,E4,61.258000,463.802000,OK
8,14,adjacent,400,30,16,132,FWD,E8,E9,E4,E5,25.492000,463.403000,OK
8,14,adjacent,400,30,16,133,REV,E9,E8,E4,E5,-25.437000,463.563000,OK
8,14,adjacent,400,30,16,134,FWD,E8,E9,E5,E6,25.359000,463.324000,OK
8,14,adjacent,400,30,16,135,REV,E9,E8,E5,E6,-25.367000,463.164000,OK
8,14,adjacent,400,30,16,136,FWD,E8,E9,E6,E7,-8.531000,463.962000,OK
8,14,adjacent,400,30,16,137,REV,E9,E8,E6,E7,8.523000,463.962000,OK
8,14,adjacent,400,30,16,138,FWD,E8,E9,E10,E11,-55.477000,463.324000,OK
8,14,adjacent,400,30,16,139,REV,E9,E8,E10,E11,-16.164000,463.483000,OK
8,14,adjacent,400,30,16,140,FWD,E8,E9,E11,E12,-57.141000,463.483000,OK
8,14,adjacent,400,30,16,141,REV,E9,E8,E11,E12,-18.336000,463.962000,OK
8,14,adjacent,400,30,16,142,FWD,E8,E9,E12,E1,-8.414000,463.643000,OK
8,14,adjacent,400,30,16,143,REV,E9,E8,E12,E1,8.438000,464.122000,OK
8,14,adjacent,400,30,16,144,FWD,E9,E10,E1,E2,-8.633000,481.837000,OK
8,14,adjacent,400,30,16,145,REV,E10,E9,E1,E2,8.664000,482.157000,OK
8,14,adjacent,400,30,16,146,FWD,E9,E10,E2,E3,-42.930000,481.997000,OK
8,14,adjacent,400,30,16,147,REV,E10,E9,E2,E3,42.969000,481.438000,OK
8,14,adjacent,400,30,16,148,FWD,E9,E10,E3,E4,-42.906000,481.758000,OK
8,14,adjacent,400,30,16,149,REV,E10,E9,E3,E4,42.922000,481.837000,OK
8,14,adjacent,400,30,16,150,FWD,E9,E10,E4,E5,25.820000,481.119000,OK
8,14,adjacent,400,30,16,151,REV,E10,E9,E4,E5,-25.781000,481.359000,OK
8,14,adjacent,400,30,16,152,FWD,E9,E10,E5,E6,25.703000,481.917000,OK
8,14,adjacent,400,30,16,153,REV,E10,E9,E5,E6,-25.687000,481.359000,OK
8,14,adjacent,400,30,16,154,FWD,E9,E10,E6,E7,-8.641000,481.758000,OK
8,14,adjacent,400,30,16,155,REV,E10,E9,E6,E7,8.633000,481.997000,OK
8,14,adjacent,400,30,16,156,FWD,E9,E10,E7,E8,-8.617000,482.396000,OK
8,14,adjacent,400,30,16,157,REV,E10,E9,E7,E8,8.617000,481.598000,OK
8,14,adjacent,400,30,16,158,FWD,E9,E10,E11,E12,-53.672000,481.518000,OK
8,14,adjacent,400,30,16,159,REV,E10,E9,E11,E12,-20.555000,481.678000,OK
8,14,adjacent,400,30,16,160,FWD,E9,E10,E12,E1,-8.508000,481.917000,OK
8,14,adjacent,400,30,16,161,REV,E10,E9,E12,E1,8.531000,481.837000,OK
8,14,adjacent,400,30,16,162,FWD,E10,E11,E1,E2,-8.758000,480.002000,OK
8,14,adjacent,400,30,16,163,REV,E11,E10,E1,E2,8.750000,481.199000,OK
8,14,adjacent,400,30,16,164,FWD,E10,E11,E2,E3,-43.461000,480.241000,OK
8,14,adjacent,400,30,16,165,REV,E11,E10,E2,E3,43.617000,481.119000,OK
8,14,adjacent,400,30,16,166,FWD,E10,E11,E3,E4,-43.383000,480.162000,OK
8,14,adjacent,400,30,16,167,REV,E11,E10,E3,E4,43.539000,480.960000,OK
8,14,adjacent,400,30,16,168,FWD,E10,E11,E4,E5,26.125000,480.481000,OK
8,14,adjacent,400,30,16,169,REV,E11,E10,E4,E5,-26.187000,481.199000,OK
8,14,adjacent,400,30,16,170,FWD,E10,E11,E5,E6,26.023000,479.683000,OK
8,14,adjacent,400,30,16,171,REV,E11,E10,E5,E6,-26.047000,481.279000,OK
8,14,adjacent,400,30,16,172,FWD,E10,E11,E6,E7,-8.734000,480.561000,OK
8,14,adjacent,400,30,16,173,REV,E11,E10,E6,E7,8.742000,480.800000,OK
8,14,adjacent,400,30,16,174,FWD,E10,E11,E7,E8,-8.703000,480.241000,OK
8,14,adjacent,400,30,16,175,REV,E11,E10,E7,E8,8.742000,481.518000,OK
8,14,adjacent,400,30,16,176,FWD,E10,E11,E8,E9,-8.758000,480.002000,OK
8,14,adjacent,400,30,16,177,REV,E11,E10,E8,E9,8.813000,481.359000,OK
8,14,adjacent,400,30,16,178,FWD,E10,E11,E12,E1,-8.625000,480.162000,OK
8,14,adjacent,400,30,16,179,REV,E11,E10,E12,E1,8.703000,481.119000,OK
8,14,adjacent,400,30,16,180,FWD,E11,E12,E1,E2,-8.727000,481.997000,OK
8,14,adjacent,400,30,16,181,REV,E12,E11,E1,E2,8.734000,480.960000,OK
8,14,adjacent,400,30,16,182,FWD,E11,E12,E2,E3,-43.383000,481.119000,OK
8,14,adjacent,400,30,16,183,REV,E12,E11,E2,E3,43.367000,480.960000,OK
8,14,adjacent,400,30,16,184,FWD,E11,E12,E3,E4,-43.328000,481.518000,OK
8,14,adjacent,400,30,16,185,REV,E12,E11,E3,E4,43.336000,480.880000,OK
8,14,adjacent,400,30,16,186,FWD,E11,E12,E4,E5,26.047000,481.039000,OK
8,14,adjacent,400,30,16,187,REV,E12,E11,E4,E5,-25.977000,480.880000,OK
8,14,adjacent,400,30,16,188,FWD,E11,E12,E5,E6,25.945000,481.598000,OK
8,14,adjacent,400,30,16,189,REV,E12,E11,E5,E6,-25.930000,480.640000,OK
8,14,adjacent,400,30,16,190,FWD,E11,E12,E6,E7,-8.727000,482.077000,OK
8,14,adjacent,400,30,16,191,REV,E12,E11,E6,E7,8.711000,481.678000,OK
8,14,adjacent,400,30,16,192,FWD,E11,E12,E7,E8,-8.711000,481.598000,OK
8,14,adjacent,400,30,16,193,REV,E12,E11,E7,E8,8.719000,481.039000,OK
8,14,adjacent,400,30,16,194,FWD,E11,E12,E8,E9,-8.734000,481.598000,OK
8,14,adjacent,400,30,16,195,REV,E12,E11,E8,E9,8.688000,481.279000,OK
8,14,adjacent,400,30,16,196,FWD,E11,E12,E9,E10,-8.508000,481.678000,OK
8,14,adjacent,400,30,16,197,REV,E12,E11,E9,E10,8.523000,480.960000,OK
8,14,adjacent,400,30,16,198,FWD,E12,E1,E2,E3,-43.273000,479.922000,OK
8,14,adjacent,400,30,16,199,REV,E1,E12,E2,E3,43.305000,479.044000,OK
8,14,adjacent,400,30,16,200,FWD,E12,E1,E3,E4,-43.289000,479.842000,OK
8,14,adjacent,400,30,16,201,REV,E1,E12,E3,E4,43.195000,479.363000,OK
8,14,adjacent,400,30,16,202,FWD,E12,E1,E4,E5,26.383000,479.842000,OK
8,14,adjacent,400,30,16,203,REV,E1,E12,E4,E5,-26.250000,479.124000,OK
8,14,adjacent,400,30,16,204,FWD,E12,E1,E5,E6,25.953000,480.082000,OK
8,14,adjacent,400,30,16,205,REV,E1,E12,E5,E6,-25.898000,478.965000,OK
8,14,adjacent,400,30,16,206,FWD,E12,E1,E6,E7,-8.734000,480.800000,OK
8,14,adjacent,400,30,16,207,REV,E1,E12,E6,E7,8.711000,479.443000,OK
8,14,adjacent,400,30,16,208,FWD,E12,E1,E7,E8,-8.734000,480.241000,OK
8,14,adjacent,400,30,16,209,REV,E1,E12,E7,E8,8.703000,479.842000,OK
8,14,adjacent,400,30,16,210,FWD,E12,E1,E8,E9,-8.727000,480.241000,OK
8,14,adjacent,400,30,16,211,REV,E1,E12,E8,E9,8.703000,479.603000,OK
8,14,adjacent,400,30,16,212,FWD,E12,E1,E9,E10,-8.492000,479.922000,OK
8,14,adjacent,400,30,16,213,REV,E1,E12,E9,E10,8.500000,479.523000,OK
8,14,adjacent,400,30,16,214,FWD,E12,E1,E10,E11,-23.102000,479.762000,OK
8,14,adjacent,400,30,16,215,REV,E1,E12,E10,E11,-48.523000,478.965000,OK
9,15,adjacent,400,30,16,0,FWD,E1,E2,E3,E4,-43.633000,477.847000,OK
9,15,adjacent,400,30,16,1,REV,E2,E1,E3,E4,43.898000,479.683000,OK
9,15,adjacent,400,30,16,2,FWD,E1,E2,E4,E5,-78.695000,477.927000,OK
9,15,adjacent,400,30,16,3,REV,E2,E1,E4,E5,79.156000,479.523000,OK
9,15,adjacent,400,30,16,4,FWD,E1,E2,E5,E6,26.250000,478.406000,OK
9,15,adjacent,400,30,16,5,REV,E2,E1,E5,E6,-26.367000,480.082000,OK
9,15,adjacent,400,30,16,6,FWD,E1,E2,E6,E7,-8.797000,478.645000,OK
9,15,adjacent,400,30,16,7,REV,E2,E1,E6,E7,8.820000,480.162000,OK
9,15,adjacent,400,30,16,8,FWD,E1,E2,E7,E8,-8.766000,478.565000,OK
9,15,adjacent,400,30,16,9,REV,E2,E1,E7,E8,8.797000,479.922000,OK
9,15,adjacent,400,30,16,10,FWD,E1,E2,E8,E9,-8.797000,478.007000,OK
9,15,adjacent,400,30,16,11,REV,E2,E1,E8,E9,8.813000,480.002000,OK
9,15,adjacent,400,30,16,12,FWD,E1,E2,E9,E10,-8.586000,478.645000,OK
9,15,adjacent,400,30,16,13,REV,E2,E1,E9,E10,8.625000,479.683000,OK
9,15,adjacent,400,30,16,14,FWD,E1,E2,E10,E11,-26.859000,477.608000,OK
9,15,adjacent,400,30,16,15,REV,E2,E1,E10,E11,-47.578000,479.842000,OK
9,15,adjacent,400,30,16,16,FWD,E1,E2,E11,E12,-27.023000,478.087000,OK
9,15,adjacent,400,30,16,17,REV,E2,E1,E11,E12,-52.445000,479.523000,OK
9,15,adjacent,400,30,16,18,FWD,E2,E3,E4,E5,-79.039000,479.443000,OK
9,15,adjacent,400,30,16,19,REV,E3,E2,E4,E5,79.023000,479.443000,OK
9,15,adjacent,400,30,16,20,FWD,E2,E3,E5,E6,-79.367000,479.762000,OK
9,15,adjacent,400,30,16,21,REV,E3,E2,E5,E6,79.313000,479.603000,OK
9,15,adjacent,400,30,16,22,FWD,E2,E3,E6,E7,-8.859000,480.162000,OK
9,15,adjacent,400,30,16,23,REV,E3,E2,E6,E7,8.852000,479.603000,OK
9,15,adjacent,400,30,16,24,FWD,E2,E3,E7,E8,-8.836000,480.082000,OK
9,15,adjacent,400,30,16,25,REV,E3,E2,E7,E8,8.844000,479.603000,OK
9,15,adjacent,400,30,16,26,FWD,E2,E3,E8,E9,-8.867000,479.603000,OK
9,15,adjacent,400,30,16,27,REV,E3,E2,E8,E9,8.875000,479.443000,OK
9,15,adjacent,400,30,16,28,FWD,E2,E3,E9,E10,-8.641000,479.762000,OK
9,15,adjacent,400,30,16,29,REV,E3,E2,E9,E10,8.672000,479.683000,OK
9,15,adjacent,400,30,16,30,FWD,E2,E3,E10,E11,-25.648000,479.523000,OK
9,15,adjacent,400,30,16,31,REV,E3,E2,E10,E11,-46.891000,479.124000,OK
9,15,adjacent,400,30,16,32,FWD,E2,E3,E11,E12,-23.766000,479.603000,OK
9,15,adjacent,400,30,16,33,REV,E3,E2,E11,E12,-51.789000,479.443000,OK
9,15,adjacent,400,30,16,34,FWD,E2,E3,E12,E1,-8.695000,480.401000,OK
9,15,adjacent,400,30,16,35,REV,E3,E2,E12,E1,8.766000,479.523000,OK
9,15,adjacent,400,30,16,36,FWD,E3,E4,E1,E2,-8.758000,481.039000,OK
9,15,adjacent,400,30,16,37,REV,E4,E3,E1,E2,8.750000,481.837000,OK
9,15,adjacent,400,30,16,38,FWD,E3,E4,E5,E6,-77.813000,480.640000,OK
9,15,adjacent,400,30,16,39,REV,E4,E3,E5,E6,77.914000,481.119000,OK
9,15,adjacent,400,30,16,40,FWD,E3,E4,E6,E7,-8.688000,480.880000,OK
9,15,adjacent,400,30,16,41,REV,E4,E3,E6,E7,8.703000,481.758000,OK
9,15,adjacent,400,30,16,42,FWD,E3,E4,E7,E8,-8.680000,480.720000,OK
9,15,adjacent,400,30,16,43,REV,E4,E3,E7,E8,8.727000,481.518000,OK
9,15,adjacent,400,30,16,44,FWD,E3,E4,E8,E9,-8.711000,481.119000,OK
9,15,adjacent,400,30,16,45,REV,E4,E3,E8,E9,8.742000,481.279000,OK
9,15,adjacent,400,30,16,46,FWD,E3,E4,E9,E10,-8.492000,480.561000,OK
9,15,adjacent,400,30,16,47,REV,E4,E3,E9,E10,8.500000,481.438000,OK
9,15,adjacent,400,30,16,48,FWD,E3,E4,E10,E11,-26.766000,480.401000,OK
9,15,adjacent,400,30,16,49,REV,E4,E3,E10,E11,-43.953000,481.119000,OK
9,15,adjacent,400,30,16,50,FWD,E3,E4,E11,E12,-28.281000,481.039000,OK
9,15,adjacent,400,30,16,51,REV,E4,E3,E11,E12,-50.320000,481.438000,OK
9,15,adjacent,400,30,16,52,FWD,E3,E4,E12,E1,-8.570000,480.481000,OK
9,15,adjacent,400,30,16,53,REV,E4,E3,E12,E1,8.625000,481.598000,OK
9,15,adjacent,400,30,16,54,FWD,E4,E5,E1,E2,-8.711000,481.438000,OK
9,15,adjacent,400,30,16,55,REV,E5,E4,E1,E2,8.727000,480.241000,OK
9,15,adjacent,400,30,16,56,FWD,E4,E5,E2,E3,60.531000,480.481000,OK
9,15,adjacent,400,30,16,57,REV,E5,E4,E2,E3,-60.469000,480.561000,OK
9,15,adjacent,400,30,16,58,FWD,E4,E5,E6,E7,-8.734000,481.199000,OK
9,15,adjacent,400,30,16,59,REV,E5,E4,E6,E7,8.688000,480.561000,OK
9,15,adjacent,400,30,16,60,FWD,E4,E5,E7,E8,-8.695000,481.438000,OK
9,15,adjacent,400,30,16,61,REV,E5,E4,E7,E8,8.664000,480.720000,OK
9,15,adjacent,400,30,16,62,FWD,E4,E5,E8,E9,-8.727000,480.880000,OK
9,15,adjacent,400,30,16,63,REV,E5,E4,E8,E9,8.703000,481.119000,OK
9,15,adjacent,400,30,16,64,FWD,E4,E5,E9,E10,-8.508000,481.119000,OK
9,15,adjacent,400,30,16,65,REV,E5,E4,E9,E10,8.500000,480.321000,OK
9,15,adjacent,400,30,16,66,FWD,E4,E5,E10,E11,-29.203000,481.039000,OK
9,15,adjacent,400,30,16,67,REV,E5,E4,E10,E11,-41.313000,480.481000,OK
9,15,adjacent,400,30,16,68,FWD,E4,E5,E11,E12,-27.391000,480.640000,OK
9,15,adjacent,400,30,16,69,REV,E5,E4,E11,E12,-48.906000,480.481000,OK
9,15,adjacent,400,30,16,70,FWD,E4,E5,E12,E1,-8.602000,481.359000,OK
9,15,adjacent,400,30,16,71,REV,E5,E4,E12,E1,8.609000,480.880000,OK
9,15,adjacent,400,30,16,72,FWD,E5,E6,E1,E2,-8.766000,478.167000,OK
9,15,adjacent,400,30,16,73,REV,E6,E5,E1,E2,8.805000,478.645000,OK
9,15,adjacent,400,30,16,74,FWD,E5,E6,E2,E3,60.977000,477.528000,OK
9,15,adjacent,400,30,16,75,REV,E6,E5,E2,E3,-60.953000,477.767000,OK
9,15,adjacent,400,30,16,76,FWD,E5,E6,E3,E4,61.023000,477.927000,OK
9,15,adjacent,400,30,16,77,REV,E6,E5,E3,E4,-61.023000,478.486000,OK
9,15,adjacent,400,30,16,78,FWD,E5,E6,E7,E8,-8.750000,478.565000,OK
9,15,adjacent,400,30,16,79,REV,E6,E5,E7,E8,8.695000,479.044000,OK
9,15,adjacent,400,30,16,80,FWD,E5,E6,E8,E9,-8.766000,478.167000,OK
9,15,adjacent,400,30,16,81,REV,E6,E5,E8,E9,8.828000,478.885000,OK
9,15,adjacent,400,30,16,82,FWD,E5,E6,E9,E10,-8.586000,478.406000,OK
9,15,adjacent,400,30,16,83,REV,E6,E5,E9,E10,8.609000,478.805000,OK
9,15,adjacent,400,30,16,84,FWD,E5,E6,E10,E11,-29.469000,477.688000,OK
9,15,adjacent,400,30,16,85,REV,E6,E5,E10,E11,-39.945000,478.087000,OK
9,15,adjacent,400,30,16,86,FWD,E5,E6,E11,E12,-27.836000,477.767000,OK
9,15,adjacent,400,30,16,87,REV,E6,E5,E11,E12,-47.398000,478.486000,OK
9,15,adjacent,400,30,16,88,FWD,E5,E6,E12,E1,-8.664000,478.246000,OK
9,15,adjacent,400,30,16,89,REV,E6,E5,E12,E1,8.688000,478.725000,OK
9,15,adjacent,400,30,16,90,FWD,E6,E7,E1,E2,-8.789000,479.204000,OK
9,15,adjacent,400,30,16,91,REV,E7,E6,E1,E2,8.797000,478.087000,OK
9,15,adjacent,400,30,16,92,FWD,E6,E7,E2,E3,61.320000,479.683000,OK
9,15,adjacent,400,30,16,93,REV,E7,E6,E2,E3,-60.867000,477.847000,OK
9,15,adjacent,400,30,16,94,FWD,E6,E7,E3,E4,61.102000,479.284000,OK
9,15,adjacent,400,30,16,95,REV,E7,E6,E3,E4,-60.992000,478.725000,OK
9,15,adjacent,400,30,16,96,FWD,E6,E7,E4,E5,26.273000,479.204000,OK
9,15,adjacent,400,30,16,97,REV,E7,E6,E4,E5,-26.148000,477.448000,OK
9,15,adjacent,400,30,16,98,FWD,E6,E7,E8,E9,-8.766000,480.082000,OK
9,15,adjacent,400,30,16,99,REV,E7,E6,E8,E9,8.805000,478.486000,OK
9,15,adjacent,400,30,16,100,FWD,E6,E7,E9,E10,-8.594000,479.523000,OK
9,15,adjacent,400,30,16,101,REV,E7,E6,E9,E10,8.586000,478.087000,OK
9,15,adjacent,400,30,16,102,FWD,E6,E7,E10,E11,-36.977000,479.523000,OK
9,15,adjacent,400,30,16,103,REV,E7,E6,E10,E11,-32.820000,477.767000,OK
9,15,adjacent,400,30,16,104,FWD,E6,E7,E11,E12,-35.766000,479.124000,OK
9,15,adjacent,400,30,16,105,REV,E7,E6,E11,E12,-42.219000,478.007000,OK
9,15,adjacent,400,30,16,106,FWD,E6,E7,E12,E1,-8.680000,479.603000,OK
9,15,adjacent,400,30,16,107,REV,E7,E6,E12,E1,8.711000,477.767000,OK
9,15,adjacent,400,30,16,108,FWD,E7,E8,E1,E2,-8.500000,464.680000,OK
9,15,adjacent,400,30,16,109,REV,E8,E7,E1,E2,8.531000,465.079000,OK
9,15,adjacent,400,30,16,110,FWD,E7,E8,E2,E3,-42.477000,464.122000,OK
9,15,adjacent,400,30,16,111,REV,E8,E7,E2,E3,42.531000,464.600000,OK
9,15,adjacent,400,30,16,112,FWD,E7,E8,E3,E4,78.023000,464.441000,OK
9,15,adjacent,400,30,16,113,REV,E8,E7,E3,E4,-78.141000,464.122000,OK
9,15,adjacent,400,30,16,114,FWD,E7,E8,E4,E5,25.492000,463.723000,OK
9,15,adjacent,400,30,16,115,REV,E8,E7,E4,E5,-25.422000,464.201000,OK
9,15,adjacent,400,30,16,116,FWD,E7,E8,E5,E6,25.297000,463.802000,OK
9,15,adjacent,400,30,16,117,REV,E8,E7,E5,E6,-25.414000,464.281000,OK
9,15,adjacent,400,30,16,118,FWD,E7,E8,E9,E10,-8.281000,464.441000,OK
9,15,adjacent,400,30,16,119,REV,E8,E7,E9,E10,8.273000,464.920000,OK
9,15,adjacent,400,30,16,120,FWD,E7,E8,E10,E11,-53.109000,463.802000,OK
9,15,adjacent,400,30,16,121,REV,E8,E7,E10,E11,-22.664000,464.760000,OK
9,15,adjacent,400,30,16,122,FWD,E7,E8,E11,E12,-53.109000,464.760000,OK
9,15,adjacent,400,30,16,123,REV,E8,E7,E11,E12,-24.586000,464.361000,OK
9,15,adjacent,400,30,16,124,FWD,E7,E8,E12,E1,-8.391000,464.600000,OK
9,15,adjacent,400,30,16,125,REV,E8,E7,E12,E1,8.398000,464.760000,OK
9,15,adjacent,400,30,16,126,FWD,E8,E9,E1,E2,-8.523000,463.723000,OK
9,15,adjacent,400,30,16,127,REV,E9,E8,E1,E2,8.547000,464.042000,OK
9,15,adjacent,400,30,16,128,FWD,E8,E9,E2,E3,-42.445000,464.122000,OK
9,15,adjacent,400,30,16,129,REV,E9,E8,E2,E3,42.414000,463.723000,OK
9,15,adjacent,400,30,16,130,FWD,E8,E9,E3,E4,-61.422000,463.643000,OK
9,15,adjacent,400,30,16,131,REV,E9,E8,E3,E4,61.164000,463.882000,OK
9,15,adjacent,400,30,16,132,FWD,E8,E9,E4,E5,25.500000,463.643000,OK
9,15,adjacent,400,30,16,133,REV,E9,E8,E4,E5,-25.477000,463.403000,OK
9,15,adjacent,400,30,16,134,FWD,E8,E9,E5,E6,25.367000,464.122000,OK
9,15,adjacent,400,30,16,135,REV,E9,E8,E5,E6,-25.383000,464.122000,OK
9,15,adjacent,400,30,16,136,FWD,E8,E9,E6,E7,-8.539000,463.802000,OK
9,15,adjacent,400,30,16,137,REV,E9,E8,E6,E7,8.523000,464.521000,OK
9,15,adjacent,400,30,16,138,FWD,E8,E9,E10,E11,-54.508000,464.201000,OK
9,15,adjacent,400,30,16,139,REV,E9,E8,E10,E11,-15.977000,463.483000,OK
9,15,adjacent,400,30,16,140,FWD,E8,E9,E11,E12,-56.922000,463.723000,OK
9,15,adjacent,400,30,16,141,REV,E9,E8,E11,E12,-18.828000,463.882000,OK
9,15,adjacent,400,30,16,142,FWD,E8,E9,E12,E1,-8.445000,463.882000,OK
9,15,adjacent,400,30,16,143,REV,E9,E8,E12,E1,8.414000,464.042000,OK
9,15,adjacent,400,30,16,144,FWD,E9,E10,E1,E2,-8.625000,482.316000,OK
9,15,adjacent,400,30,16,145,REV,E10,E9,E1,E2,8.641000,482.316000,OK
9,15,adjacent,400,30,16,146,FWD,E9,E10,E2,E3,-42.984000,481.837000,OK
9,15,adjacent,400,30,16,147,REV,E10,E9,E2,E3,42.969000,482.157000,OK
9,15,adjacent,400,30,16,148,FWD,E9,E10,E3,E4,-42.813000,481.758000,OK
9,15,adjacent,400,30,16,149,REV,E10,E9,E3,E4,42.875000,481.518000,OK
9,15,adjacent,400,30,16,150,FWD,E9,E10,E4,E5,25.859000,481.997000,OK
9,15,adjacent,400,30,16,151,REV,E10,E9,E4,E5,-25.789000,481.758000,OK
9,15,adjacent,400,30,16,152,FWD,E9,E10,E5,E6,25.719000,481.598000,OK
9,15,adjacent,400,30,16,153,REV,E10,E9,E5,E6,-25.719000,481.598000,OK
9,15,adjacent,400,30,16,154,FWD,E9,E10,E6,E7,-8.633000,482.157000,OK
9,15,adjacent,400,30,16,155,REV,E10,E9,E6,E7,8.641000,481.837000,OK
9,15,adjacent,400,30,16,156,FWD,E9,E10,E7,E8,-8.609000,482.396000,OK
9,15,adjacent,400,30,16,157,REV,E10,E9,E7,E8,8.633000,482.236000,OK
9,15,adjacent,400,30,16,158,FWD,E9,E10,E11,E12,-55.414000,481.917000,OK
9,15,adjacent,400,30,16,159,REV,E10,E9,E11,E12,-18.484000,481.917000,OK
9,15,adjacent,400,30,16,160,FWD,E9,E10,E12,E1,-8.523000,482.556000,OK
9,15,adjacent,400,30,16,161,REV,E10,E9,E12,E1,8.531000,482.077000,OK
9,15,adjacent,400,30,16,162,FWD,E10,E11,E1,E2,-8.711000,480.640000,OK
9,15,adjacent,400,30,16,163,REV,E11,E10,E1,E2,8.805000,481.917000,OK
9,15,adjacent,400,30,16,164,FWD,E10,E11,E2,E3,-43.500000,480.002000,OK
9,15,adjacent,400,30,16,165,REV,E11,E10,E2,E3,43.625000,481.359000,OK
9,15,adjacent,400,30,16,166,FWD,E10,E11,E3,E4,-43.422000,480.162000,OK
9,15,adjacent,400,30,16,167,REV,E11,E10,E3,E4,43.625000,481.279000,OK
9,15,adjacent,400,30,16,168,FWD,E10,E11,E4,E5,26.125000,480.401000,OK
9,15,adjacent,400,30,16,169,REV,E11,E10,E4,E5,-26.203000,480.880000,OK
9,15,adjacent,400,30,16,170,FWD,E10,E11,E5,E6,26.047000,480.321000,OK
9,15,adjacent,400,30,16,171,REV,E11,E10,E5,E6,-26.070000,481.279000,OK
9,15,adjacent,400,30,16,172,FWD,E10,E11,E6,E7,-8.742000,480.321000,OK
9,15,adjacent,400,30,16,173,REV,E11,E10,E6,E7,8.766000,481.518000,OK
9,15,adjacent,400,30,16,174,FWD,E10,E11,E7,E8,-8.719000,481.119000,OK
9,15,adjacent,400,30,16,175,REV,E11,E10,E7,E8,8.766000,481.758000,OK
9,15,adjacent,400,30,16,176,FWD,E10,E11,E8,E9,-8.703000,480.561000,OK
9,15,adjacent,400,30,16,177,REV,E11,E10,E8,E9,8.773000,481.518000,OK
9,15,adjacent,400,30,16,178,FWD,E10,E11,E12,E1,-8.617000,480.561000,OK
9,15,adjacent,400,30,16,179,REV,E11,E10,E12,E1,8.664000,481.518000,OK
9,15,adjacent,400,30,16,180,FWD,E11,E12,E1,E2,-8.742000,481.917000,OK
9,15,adjacent,400,30,16,181,REV,E12,E11,E1,E2,8.727000,481.837000,OK
9,15,adjacent,400,30,16,182,FWD,E11,E12,E2,E3,-43.422000,481.598000,OK
9,15,adjacent,400,30,16,183,REV,E12,E11,E2,E3,43.398000,481.119000,OK
9,15,adjacent,400,30,16,184,FWD,E11,E12,E3,E4,-43.328000,481.758000,OK
9,15,adjacent,400,30,16,185,REV,E12,E11,E3,E4,43.328000,480.800000,OK
9,15,adjacent,400,30,16,186,FWD,E11,E12,E4,E5,26.062000,481.119000,OK
9,15,adjacent,400,30,16,187,REV,E12,E11,E4,E5,-26.008000,481.119000,OK
9,15,adjacent,400,30,16,188,FWD,E11,E12,E5,E6,26.008000,480.960000,OK
9,15,adjacent,400,30,16,189,REV,E12,E11,E5,E6,-25.914000,480.960000,OK
9,15,adjacent,400,30,16,190,FWD,E11,E12,E6,E7,-8.727000,481.678000,OK
9,15,adjacent,400,30,16,191,REV,E12,E11,E6,E7,8.703000,481.039000,OK
9,15,adjacent,400,30,16,192,FWD,E11,E12,E7,E8,-8.734000,481.837000,OK
9,15,adjacent,400,30,16,193,REV,E12,E11,E7,E8,8.734000,481.997000,OK
9,15,adjacent,400,30,16,194,FWD,E11,E12,E8,E9,-8.727000,481.758000,OK
9,15,adjacent,400,30,16,195,REV,E12,E11,E8,E9,8.719000,481.199000,OK
9,15,adjacent,400,30,16,196,FWD,E11,E12,E9,E10,-8.500000,482.476000,OK
9,15,adjacent,400,30,16,197,REV,E12,E11,E9,E10,8.508000,481.199000,OK
9,15,adjacent,400,30,16,198,FWD,E12,E1,E2,E3,-43.328000,480.162000,OK
9,15,adjacent,400,30,16,199,REV,E1,E12,E2,E3,43.344000,479.443000,OK
9,15,adjacent,400,30,16,200,FWD,E12,E1,E3,E4,-43.305000,480.082000,OK
9,15,adjacent,400,30,16,201,REV,E1,E12,E3,E4,43.250000,478.965000,OK
9,15,adjacent,400,30,16,202,FWD,E12,E1,E4,E5,26.352000,480.241000,OK
9,15,adjacent,400,30,16,203,REV,E1,E12,E4,E5,-26.211000,479.044000,OK
9,15,adjacent,400,30,16,204,FWD,E12,E1,E5,E6,25.930000,480.401000,OK
9,15,adjacent,400,30,16,205,REV,E1,E12,E5,E6,-25.898000,479.204000,OK
9,15,adjacent,400,30,16,206,FWD,E12,E1,E6,E7,-8.711000,480.481000,OK
9,15,adjacent,400,30,16,207,REV,E1,E12,E6,E7,8.711000,480.002000,OK
9,15,adjacent,400,30,16,208,FWD,E12,E1,E7,E8,-8.711000,480.481000,OK
9,15,adjacent,400,30,16,209,REV,E1,E12,E7,E8,8.688000,479.523000,OK
9,15,adjacent,400,30,16,210,FWD,E12,E1,E8,E9,-8.719000,480.481000,OK
9,15,adjacent,400,30,16,211,REV,E1,E12,E8,E9,8.727000,479.443000,OK
9,15,adjacent,400,30,16,212,FWD,E12,E1,E9,E10,-8.492000,480.401000,OK
9,15,adjacent,400,30,16,213,REV,E1,E12,E9,E10,8.523000,479.683000,OK
9,15,adjacent,400,30,16,214,FWD,E12,E1,E10,E11,-23.945000,480.800000,OK
9,15,adjacent,400,30,16,215,REV,E1,E12,E10,E11,-48.117000,479.204000,OK
