frame_index,frame_id,pattern,dac_code,settle_ms,sample_count,record_index,polarity,i_plus,i_minus,v_plus,v_minus,voltage_mv,current_ua,quality
0,6,adjacent,620,30,32,0,FWD,E1,E2,E3,E4,1.711000,134.464000,OK
0,6,adjacent,620,30,32,1,REV,E2,E1,E3,E4,4.488000,196.031000,OK
0,6,adjacent,620,30,32,2,FWD,E1,E2,E4,E5,1.699000,195.951000,OK
0,6,adjacent,620,30,32,3,REV,E2,E1,E4,E5,2.648000,197.108000,OK
0,6,adjacent,620,30,32,4,FWD,E1,E2,E5,E6,-11.738000,192.320000,OK
0,6,adjacent,620,30,32,5,REV,E2,E1,E5,E6,-10.957000,197.786000,OK
0,6,adjacent,620,30,32,6,FWD,E1,E2,E6,E7,-10.914000,192.559000,OK
0,6,adjacent,620,30,32,7,REV,E2,E1,E6,E7,-10.496000,197.866000,OK
0,6,adjacent,620,30,32,8,FWD,E1,E2,E7,E8,3.301000,192.879000,OK
0,6,adjacent,620,30,32,9,REV,E2,E1,E7,E8,3.918000,198.425000,OK
0,6,adjacent,620,30,32,10,FWD,E1,E2,E8,E9,-0.746000,192.839000,OK
0,6,adjacent,620,30,32,11,REV,E2,E1,E8,E9,-0.176000,198.305000,OK
0,6,adjacent,620,30,32,12,FWD,E1,E2,E9,E10,26.152000,193.357000,OK
0,6,adjacent,620,30,32,13,REV,E2,E1,E9,E10,26.902000,198.345000,OK
0,6,adjacent,620,30,32,14,FWD,E1,E2,E10,E11,-11.480000,193.517000,OK
0,6,adjacent,620,30,32,15,REV,E2,E1,E10,E11,-10.523000,198.345000,OK
0,6,adjacent,620,30,32,16,FWD,E1,E2,E11,E12,7.492000,194.036000,OK
0,6,adjacent,620,30,32,17,REV,E2,E1,E11,E12,10.113000,198.624000,OK
0,6,adjacent,620,30,32,18,FWD,E2,E3,E4,E5,1.105000,187.213000,OK
0,6,adjacent,620,30,32,19,REV,E3,E2,E4,E5,4.293000,255.841000,OK
0,6,adjacent,620,30,32,20,FWD,E2,E3,E5,E6,-12.180000,238.924000,OK
0,6,adjacent,620,30,32,21,REV,E3,E2,E5,E6,-10.117000,250.614000,OK
0,6,adjacent,620,30,32,22,FWD,E2,E3,E6,E7,-11.238000,244.350000,OK
0,6,adjacent,620,30,32,23,REV,E3,E2,E6,E7,-10.195000,250.814000,OK
0,6,adjacent,620,30,32,24,FWD,E2,E3,E7,E8,3.387000,246.225000,OK
0,6,adjacent,620,30,32,25,REV,E3,E2,E7,E8,4.320000,250.654000,OK
0,6,adjacent,620,30,32,26,FWD,E2,E3,E8,E9,-1.137000,247.821000,OK
0,6,adjacent,620,30,32,27,REV,E3,E2,E8,E9,-0.430000,250.934000,OK
0,6,adjacent,620,30,32,28,FWD,E2,E3,E9,E10,26.355000,248.061000,OK
0,6,adjacent,620,30,32,29,REV,E3,E2,E9,E10,27.211000,251.373000,OK
0,6,adjacent,620,30,32,30,FWD,E2,E3,E10,E11,-11.813000,248.819000,OK
0,6,adjacent,620,30,32,31,REV,E3,E2,E10,E11,-10.734000,251.053000,OK
0,6,adjacent,620,30,32,32,FWD,E2,E3,E11,E12,7.297000,249.457000,OK
0,6,adjacent,620,30,32,33,REV,E3,E2,E11,E12,9.742000,251.133000,OK
0,6,adjacent,620,30,32,34,FWD,E2,E3,E12,E1,6.773000,250.176000,OK
0,6,adjacent,620,30,32,35,REV,E3,E2,E12,E1,14.852000,251.253000,OK
0,6,adjacent,620,30,32,36,FWD,E3,E4,E1,E2,43.746000,188.968000,OK
0,6,adjacent,620,30,32,37,REV,E4,E3,E1,E2,25.949000,244.510000,OK
0,6,adjacent,620,30,32,38,FWD,E3,E4,E5,E6,-15.160000,231.462000,OK
0,6,adjacent,620,30,32,39,REV,E4,E3,E5,E6,-6.250000,235.412000,OK
0,6,adjacent,620,30,32,40,FWD,E3,E4,E6,E7,-11.215000,234.854000,OK
0,6,adjacent,620,30,32,41,REV,E4,E3,E6,E7,-10.133000,233.417000,OK
0,6,adjacent,620,30,32,42,FWD,E3,E4,E7,E8,3.547000,236.210000,OK
0,6,adjacent,620,30,32,43,REV,E4,E3,E7,E8,4.312000,233.816000,OK
0,6,adjacent,620,30,32,44,FWD,E3,E4,E8,E9,-1.137000,236.410000,OK
0,6,adjacent,620,30,32,45,REV,E4,E3,E8,E9,-0.617000,233.976000,OK
0,6,adjacent,620,30,32,46,FWD,E3,E4,E9,E10,26.594000,237.487000,OK
0,6,adjacent,620,30,32,47,REV,E4,E3,E9,E10,27.160000,233.577000,OK
0,6,adjacent,620,30,32,48,FWD,E3,E4,E10,E11,-11.246000,237.368000,OK
0,6,adjacent,620,30,32,49,REV,E4,E3,E10,E11,-10.754000,233.896000,OK
0,6,adjacent,620,30,32,50,FWD,E3,E4,E11,E12,7.934000,237.407000,OK
0,6,adjacent,620,30,32,51,REV,E4,E3,E11,E12,8.730000,234.814000,OK
0,6,adjacent,620,30,32,52,FWD,E3,E4,E12,E1,9.445000,237.487000,OK
0,6,adjacent,620,30,32,53,REV,E4,E3,E12,E1,11.445000,234.535000,OK
0,6,adjacent,620,30,32,54,FWD,E4,E5,E1,E2,1.535000,183.183000,OK
0,6,adjacent,620,30,32,55,REV,E5,E4,E1,E2,2.523000,266.575000,OK
0,6,adjacent,620,30,32,56,FWD,E4,E5,E2,E3,-18.855000,242.834000,OK
0,6,adjacent,620,30,32,57,REV,E5,E4,E2,E3,-18.602000,261.866000,OK
0,6,adjacent,620,30,32,58,FWD,E4,E5,E6,E7,-11.953000,250.295000,OK
0,6,adjacent,620,30,32,59,REV,E5,E4,E6,E7,-9.156000,262.305000,OK
0,6,adjacent,620,30,32,60,FWD,E4,E5,E7,E8,3.238000,254.964000,OK
0,6,adjacent,620,30,32,61,REV,E5,E4,E7,E8,4.961000,262.425000,OK
0,6,adjacent,620,30,32,62,FWD,E4,E5,E8,E9,-1.520000,256.679000,OK
0,6,adjacent,620,30,32,63,REV,E5,E4,E8,E9,-0.797000,262.465000,OK
0,6,adjacent,620,30,32,64,FWD,E4,E5,E9,E10,26.621000,258.634000,OK
0,6,adjacent,620,30,32,65,REV,E5,E4,E9,E10,27.262000,263.303000,OK
0,6,adjacent,620,30,32,66,FWD,E4,E5,E10,E11,-10.887000,259.991000,OK
0,6,adjacent,620,30,32,67,REV,E5,E4,E10,E11,-10.563000,263.343000,OK
0,6,adjacent,620,30,32,68,FWD,E4,E5,E11,E12,7.937000,261.747000,OK
0,6,adjacent,620,30,32,69,REV,E5,E4,E11,E12,8.453000,263.303000,OK
0,6,adjacent,620,30,32,70,FWD,E4,E5,E12,E1,9.879000,262.864000,OK
0,6,adjacent,620,30,32,71,REV,E5,E4,E12,E1,11.148000,264.540000,OK
0,6,adjacent,620,30,32,72,FWD,E5,E6,E1,E2,1.711000,260.629000,OK
0,6,adjacent,620,30,32,73,REV,E6,E5,E1,E2,3.164000,337.877000,OK
0,6,adjacent,620,30,32,74,FWD,E5,E6,E2,E3,-26.762000,321.996000,OK
0,6,adjacent,620,30,32,75,REV,E6,E5,E2,E3,-24.109000,329.138000,OK
0,6,adjacent,620,30,32,76,FWD,E5,E6,E3,E4,29.113000,328.380000,OK
0,6,adjacent,620,30,32,77,REV,E6,E5,E3,E4,35.617000,327.822000,OK
0,6,adjacent,620,30,32,78,FWD,E5,E6,E7,E8,1.066000,330.814000,OK
0,6,adjacent,620,30,32,79,REV,E6,E5,E7,E8,7.148000,328.181000,OK
0,6,adjacent,620,30,32,80,FWD,E5,E6,E8,E9,-2.363000,331.652000,OK
0,6,adjacent,620,30,32,81,REV,E6,E5,E8,E9,-0.020000,327.981000,OK
0,6,adjacent,620,30,32,82,FWD,E5,E6,E9,E10,26.113000,333.089000,OK
0,6,adjacent,620,30,32,83,REV,E6,E5,E9,E10,27.637000,327.263000,OK
0,6,adjacent,620,30,32,84,FWD,E5,E6,E10,E11,-10.852000,333.647000,OK
0,6,adjacent,620,30,32,85,REV,E6,E5,E10,E11,-10.094000,327.622000,OK
0,6,adjacent,620,30,32,86,FWD,E5,E6,E11,E12,7.699000,334.126000,OK
0,6,adjacent,620,30,32,87,REV,E6,E5,E11,E12,8.441000,328.221000,OK
0,6,adjacent,620,30,32,88,FWD,E5,E6,E12,E1,9.813000,334.246000,OK
0,6,adjacent,620,30,32,89,REV,E6,E5,E12,E1,10.953000,328.021000,OK
0,6,adjacent,620,30,32,90,FWD,E6,E7,E1,E2,2.727000,200.739000,OK
0,6,adjacent,620,30,32,91,REV,E7,E6,E1,E2,3.191000,297.378000,OK
0,6,adjacent,620,30,32,92,FWD,E6,E7,E2,E3,-26.105000,277.148000,OK
0,6,adjacent,620,30,32,93,REV,E7,E6,E2,E3,-25.121000,287.203000,OK
0,6,adjacent,620,30,32,94,FWD,E6,E7,E3,E4,9.535000,284.091000,OK
0,6,adjacent,620,30,32,95,REV,E7,E6,E3,E4,10.473000,286.325000,OK
0,6,adjacent,620,30,32,96,FWD,E6,E7,E4,E5,-7.227000,287.044000,OK
0,6,adjacent,620,30,32,97,REV,E7,E6,E4,E5,-4.398000,285.727000,OK
0,6,adjacent,620,30,32,98,FWD,E6,E7,E8,E9,-3.063000,288.480000,OK
0,6,adjacent,620,30,32,99,REV,E7,E6,E8,E9,0.469000,285.368000,OK
0,6,adjacent,620,30,32,100,FWD,E6,E7,E9,E10,26.191000,288.799000,OK
0,6,adjacent,620,30,32,101,REV,E7,E6,E9,E10,27.906000,285.966000,OK
0,6,adjacent,620,30,32,102,FWD,E6,E7,E10,E11,-10.648000,289.398000,OK
0,6,adjacent,620,30,32,103,REV,E7,E6,E10,E11,-9.906000,285.847000,OK
0,6,adjacent,620,30,32,104,FWD,E6,E7,E11,E12,7.633000,290.315000,OK
0,6,adjacent,620,30,32,105,REV,E7,E6,E11,E12,8.180000,285.847000,OK
0,6,adjacent,620,30,32,106,FWD,E6,E7,E12,E1,9.809000,290.116000,OK
0,6,adjacent,620,30,32,107,REV,E7,E6,E12,E1,10.707000,286.246000,OK
0,6,adjacent,620,30,32,108,FWD,E7,E8,E1,E2,2.945000,153.058000,OK
0,6,adjacent,620,30,32,109,REV,E8,E7,E1,E2,3.680000,244.669000,OK
0,6,adjacent,620,30,32,110,FWD,E7,E8,E2,E3,-26.137000,222.764000,OK
0,6,adjacent,620,30,32,111,REV,E8,E7,E2,E3,-25.328000,234.295000,OK
0,6,adjacent,620,30,32,112,FWD,E7,E8,E3,E4,6.371000,230.146000,OK
0,6,adjacent,620,30,32,113,REV,E8,E7,E3,E4,6.988000,232.500000,OK
0,6,adjacent,620,30,32,114,FWD,E7,E8,E4,E5,-3.723000,231.821000,OK
0,6,adjacent,620,30,32,115,REV,E8,E7,E4,E5,-2.227000,232.619000,OK
0,6,adjacent,620,30,32,116,FWD,E7,E8,E5,E6,-14.512000,232.021000,OK
0,6,adjacent,620,30,32,117,REV,E8,E7,E5,E6,-10.879000,232.141000,OK
0,6,adjacent,620,30,32,118,FWD,E7,E8,E9,E10,25.379000,233.457000,OK
0,6,adjacent,620,30,32,119,REV,E8,E7,E9,E10,28.547000,231.143000,OK
0,6,adjacent,620,30,32,120,FWD,E7,E8,E10,E11,-10.828000,234.056000,OK
0,6,adjacent,620,30,32,121,REV,E8,E7,E10,E11,-9.195000,232.141000,OK
0,6,adjacent,620,30,32,122,FWD,E7,E8,E11,E12,7.203000,233.737000,OK
0,6,adjacent,620,30,32,123,REV,E8,E7,E11,E12,8.031000,232.180000,OK
0,6,adjacent,620,30,32,124,FWD,E7,E8,E12,E1,9.957000,233.457000,OK
0,6,adjacent,620,30,32,125,REV,E8,E7,E12,E1,10.676000,231.702000,OK
0,6,adjacent,620,30,32,126,FWD,E8,E9,E1,E2,3.328000,158.764000,OK
0,6,adjacent,620,30,32,127,REV,E9,E8,E1,E2,3.746000,253.727000,OK
0,6,adjacent,620,30,32,128,FWD,E8,E9,E2,E3,-26.090000,224.919000,OK
0,6,adjacent,620,30,32,129,REV,E9,E8,E2,E3,-25.477000,245.986000,OK
0,6,adjacent,620,30,32,130,FWD,E8,E9,E3,E4,4.895000,232.739000,OK
0,6,adjacent,620,30,32,131,REV,E9,E8,E3,E4,5.336000,244.470000,OK
0,6,adjacent,620,30,32,132,FWD,E8,E9,E4,E5,-1.453000,235.572000,OK
0,6,adjacent,620,30,32,133,REV,E9,E8,E4,E5,-0.707000,244.191000,OK
0,6,adjacent,620,30,32,134,FWD,E8,E9,E5,E6,-13.828000,236.969000,OK
0,6,adjacent,620,30,32,135,REV,E9,E8,E5,E6,-12.234000,243.871000,OK
0,6,adjacent,620,30,32,136,FWD,E8,E9,E6,E7,-9.625000,237.527000,OK
0,6,adjacent,620,30,32,137,REV,E9,E8,E6,E7,-7.113000,243.871000,OK
0,6,adjacent,620,30,32,138,FWD,E8,E9,E10,E11,-15.316000,237.886000,OK
0,6,adjacent,620,30,32,139,REV,E9,E8,E10,E11,-3.461000,243.991000,OK
0,6,adjacent,620,30,32,140,FWD,E8,E9,E11,E12,6.555000,238.565000,OK
0,6,adjacent,620,30,32,141,REV,E9,E8,E11,E12,8.430000,243.791000,OK
0,6,adjacent,620,30,32,142,FWD,E8,E9,E12,E1,9.676000,238.804000,OK
0,6,adjacent,620,30,32,143,REV,E9,E8,E12,E1,11.078000,244.310000,OK
0,6,adjacent,620,30,32,144,FWD,E9,E10,E1,E2,3.055000,180.031000,OK
0,6,adjacent,620,30,32,145,REV,E10,E9,E1,E2,4.066000,267.093000,OK
0,6,adjacent,620,30,32,146,FWD,E9,E10,E2,E3,-26.305000,239.402000,OK
0,6,adjacent,620,30,32,147,REV,E10,E9,E2,E3,-25.430000,257.717000,OK
0,6,adjacent,620,30,32,148,FWD,E9,E10,E3,E4,3.750000,245.986000,OK
0,6,adjacent,620,30,32,149,REV,E10,E9,E3,E4,4.207000,256.600000,OK
0,6,adjacent,620,30,32,150,FWD,E9,E10,E4,E5,-0.117000,247.941000,OK
0,6,adjacent,620,30,32,151,REV,E10,E9,E4,E5,0.535000,256.679000,OK
0,6,adjacent,620,30,32,152,FWD,E9,E10,E5,E6,-12.844000,249.378000,OK
0,6,adjacent,620,30,32,153,REV,E10,E9,E5,E6,-11.727000,256.679000,OK
0,6,adjacent,620,30,32,154,FWD,E9,E10,E6,E7,-10.719000,250.136000,OK
0,6,adjacent,620,30,32,155,REV,E10,E9,E6,E7,-9.148000,256.280000,OK
0,6,adjacent,620,30,32,156,FWD,E9,E10,E7,E8,3.246000,250.774000,OK
0,6,adjacent,620,30,32,157,REV,E10,E9,E7,E8,6.805000,256.121000,OK
0,6,adjacent,620,30,32,158,FWD,E9,E10,E11,E12,-13.539000,251.373000,OK
0,6,adjacent,620,30,32,159,REV,E10,E9,E11,E12,41.191000,256.600000,OK
0,6,adjacent,620,30,32,160,FWD,E9,E10,E12,E1,9.270000,251.452000,OK
0,6,adjacent,620,30,32,161,REV,E10,E9,E12,E1,11.945000,256.839000,OK
0,6,adjacent,620,30,32,162,FWD,E10,E11,E1,E2,3.195000,145.477000,OK
0,6,adjacent,620,30,32,163,REV,E11,E10,E1,E2,4.020000,208.998000,OK
0,6,adjacent,620,30,32,164,FWD,E10,E11,E2,E3,-26.227000,201.537000,OK
0,6,adjacent,620,30,32,165,REV,E11,E10,E2,E3,-25.449000,199.542000,OK
0,6,adjacent,620,30,32,166,FWD,E10,E11,E3,E4,2.973000,206.245000,OK
0,6,adjacent,620,30,32,167,REV,E11,E10,E3,E4,3.313000,198.385000,OK
0,6,adjacent,620,30,32,168,FWD,E10,E11,E4,E5,1.043000,207.522000,OK
0,6,adjacent,620,30,32,169,REV,E11,E10,E4,E5,1.406000,197.347000,OK
0,6,adjacent,620,30,32,170,FWD,E10,E11,E5,E6,-12.023000,208.919000,OK
0,6,adjacent,620,30,32,171,REV,E11,E10,E5,E6,-11.559000,197.228000,OK
0,6,adjacent,620,30,32,172,FWD,E10,E11,E6,E7,-10.762000,208.879000,OK
0,6,adjacent,620,30,32,173,REV,E11,E10,E6,E7,-10.215000,197.507000,OK
0,6,adjacent,620,30,32,174,FWD,E10,E11,E7,E8,2.621000,209.278000,OK
0,6,adjacent,620,30,32,175,REV,E11,E10,E7,E8,4.148000,197.347000,OK
0,6,adjacent,620,30,32,176,FWD,E10,E11,E8,E9,-5.102000,209.437000,OK
0,6,adjacent,620,30,32,177,REV,E11,E10,E8,E9,4.270000,196.988000,OK
0,6,adjacent,620,30,32,178,FWD,E10,E11,E12,E1,2.215000,209.916000,OK
0,6,adjacent,620,30,32,179,REV,E11,E10,E12,E1,20.898000,196.869000,OK
0,6,adjacent,620,30,32,180,FWD,E11,E12,E1,E2,2.805000,114.434000,OK
0,6,adjacent,620,30,32,181,REV,E12,E11,E1,E2,5.160000,203.093000,OK
0,6,adjacent,620,30,32,182,FWD,E11,E12,E2,E3,-26.523000,168.499000,OK
0,6,adjacent,620,30,32,183,REV,E12,E11,E2,E3,-24.887000,195.871000,OK
0,6,adjacent,620,30,32,184,FWD,E11,E12,E3,E4,2.254000,175.163000,OK
0,6,adjacent,620,30,32,185,REV,E12,E11,E3,E4,2.859000,194.275000,OK
0,6,adjacent,620,30,32,186,FWD,E11,E12,E4,E5,1.746000,177.118000,OK
0,6,adjacent,620,30,32,187,REV,E12,E11,E4,E5,2.094000,194.634000,OK
0,6,adjacent,620,30,32,188,FWD,E11,E12,E5,E6,-11.750000,177.637000,OK
0,6,adjacent,620,30,32,189,REV,E12,E11,E5,E6,-11.352000,194.315000,OK
0,6,adjacent,620,30,32,190,FWD,E11,E12,E6,E7,-10.570000,178.834000,OK
0,6,adjacent,620,30,32,191,REV,E12,E11,E6,E7,-10.242000,193.876000,OK
0,6,adjacent,620,30,32,192,FWD,E11,E12,E7,E8,3.102000,179.153000,OK
0,6,adjacent,620,30,32,193,REV,E12,E11,E7,E8,3.844000,193.916000,OK
0,6,adjacent,620,30,32,194,FWD,E11,E12,E8,E9,-1.090000,179.632000,OK
0,6,adjacent,620,30,32,195,REV,E12,E11,E8,E9,0.145000,194.235000,OK
0,6,adjacent,620,30,32,196,FWD,E11,E12,E9,E10,5.937000,179.592000,OK
0,6,adjacent,620,30,32,197,REV,E12,E11,E9,E10,38.938000,193.397000,OK
0,6,adjacent,620,30,32,198,FWD,E12,E1,E2,E3,-28.367000,138.814000,OK
0,6,adjacent,620,30,32,199,REV,E1,E12,E2,E3,-22.715000,187.572000,OK
0,6,adjacent,620,30,32,200,FWD,E12,E1,E3,E4,1.301000,181.706000,OK
0,6,adjacent,620,30,32,201,REV,E1,E12,E3,E4,2.945000,182.145000,OK
0,6,adjacent,620,30,32,202,FWD,E12,E1,E4,E5,1.750000,185.218000,OK
0,6,adjacent,620,30,32,203,REV,E1,E12,E4,E5,2.500000,182.026000,OK
0,6,adjacent,620,30,32,204,FWD,E12,E1,E5,E6,-11.379000,185.896000,OK
0,6,adjacent,620,30,32,205,REV,E1,E12,E5,E6,-10.637000,181.667000,OK
0,6,adjacent,620,30,32,206,FWD,E12,E1,E6,E7,-11.004000,186.854000,OK
0,6,adjacent,620,30,32,207,REV,E1,E12,E6,E7,-10.504000,180.988000,OK
0,6,adjacent,620,30,32,208,FWD,E12,E1,E7,E8,3.375000,187.372000,OK
0,6,adjacent,620,30,32,209,REV,E1,E12,E7,E8,4.152000,181.228000,OK
0,6,adjacent,620,30,32,210,FWD,E12,E1,E8,E9,-1.285000,187.372000,OK
0,6,adjacent,620,30,32,211,REV,E1,E12,E8,E9,-0.277000,181.786000,OK
0,6,adjacent,620,30,32,212,FWD,E12,E1,E9,E10,23.758000,187.771000,OK
0,6,adjacent,620,30,32,213,REV,E1,E12,E9,E10,25.902000,181.627000,OK
0,6,adjacent,620,30,32,214,FWD,E12,E1,E10,E11,-18.965000,188.130000,OK
0,6,adjacent,620,30,32,215,REV,E1,E12,E10,E11,0.336000,181.587000,OK
1,7,adjacent,620,30,32,0,FWD,E1,E2,E3,E4,0.574000,133.746000,OK
1,7,adjacent,620,30,32,1,REV,E2,E1,E3,E4,3.313000,195.632000,OK
1,7,adjacent,620,30,32,2,FWD,E1,E2,E4,E5,2.016000,194.874000,OK
1,7,adjacent,620,30,32,3,REV,E2,E1,E4,E5,2.980000,196.909000,OK
1,7,adjacent,620,30,32,4,FWD,E1,E2,E5,E6,-11.191000,191.203000,OK
1,7,adjacent,620,30,32,5,REV,E2,E1,E5,E6,-10.461000,198.066000,OK
1,7,adjacent,620,30,32,6,FWD,E1,E2,E6,E7,-10.941000,191.442000,OK
1,7,adjacent,620,30,32,7,REV,E2,E1,E6,E7,-10.383000,197.906000,OK
1,7,adjacent,620,30,32,8,FWD,E1,E2,E7,E8,3.375000,192.160000,OK
1,7,adjacent,620,30,32,9,REV,E2,E1,E7,E8,3.887000,197.746000,OK
1,7,adjacent,620,30,32,10,FWD,E1,E2,E8,E9,-0.922000,192.440000,OK
1,7,adjacent,620,30,32,11,REV,E2,E1,E8,E9,-0.422000,197.946000,OK
1,7,adjacent,620,30,32,12,FWD,E1,E2,E9,E10,24.855000,192.519000,OK
1,7,adjacent,620,30,32,13,REV,E2,E1,E9,E10,25.566000,198.106000,OK
1,7,adjacent,620,30,32,14,FWD,E1,E2,E10,E11,-10.883000,193.078000,OK
1,7,adjacent,620,30,32,15,REV,E2,E1,E10,E11,-9.926000,198.185000,OK
1,7,adjacent,620,30,32,16,FWD,E1,E2,E11,E12,8.074000,193.317000,OK
1,7,adjacent,620,30,32,17,REV,E2,E1,E11,E12,10.590000,198.624000,OK
1,7,adjacent,620,30,32,18,FWD,E2,E3,E4,E5,1.418000,186.734000,OK
1,7,adjacent,620,30,32,19,REV,E3,E2,E4,E5,4.660000,256.400000,OK
1,7,adjacent,620,30,32,20,FWD,E2,E3,E5,E6,-11.637000,238.126000,OK
1,7,adjacent,620,30,32,21,REV,E3,E2,E5,E6,-9.563000,250.495000,OK
1,7,adjacent,620,30,32,22,FWD,E2,E3,E6,E7,-11.207000,243.951000,OK
1,7,adjacent,620,30,32,23,REV,E3,E2,E6,E7,-10.348000,250.136000,OK
1,7,adjacent,620,30,32,24,FWD,E2,E3,E7,E8,3.422000,245.906000,OK
1,7,adjacent,620,30,32,25,REV,E3,E2,E7,E8,4.324000,250.455000,OK
1,7,adjacent,620,30,32,26,FWD,E2,E3,E8,E9,-1.340000,246.784000,OK
1,7,adjacent,620,30,32,27,REV,E3,E2,E8,E9,-0.637000,250.734000,OK
1,7,adjacent,620,30,32,28,FWD,E2,E3,E9,E10,25.180000,247.582000,OK
1,7,adjacent,620,30,32,29,REV,E3,E2,E9,E10,26.047000,250.734000,OK
1,7,adjacent,620,30,32,30,FWD,E2,E3,E10,E11,-11.117000,248.619000,OK
1,7,adjacent,620,30,32,31,REV,E3,E2,E10,E11,-10.137000,250.495000,OK
1,7,adjacent,620,30,32,32,FWD,E2,E3,E11,E12,7.730000,249.138000,OK
1,7,adjacent,620,30,32,33,REV,E3,E2,E11,E12,10.191000,251.173000,OK
1,7,adjacent,620,30,32,34,FWD,E2,E3,E12,E1,5.961000,249.258000,OK
1,7,adjacent,620,30,32,35,REV,E3,E2,E12,E1,13.992000,251.053000,OK
1,7,adjacent,620,30,32,36,FWD,E3,E4,E1,E2,44.641000,188.968000,OK
1,7,adjacent,620,30,32,37,REV,E4,E3,E1,E2,26.609000,244.191000,OK
1,7,adjacent,620,30,32,38,FWD,E3,E4,E5,E6,-14.297000,232.101000,OK
1,7,adjacent,620,30,32,39,REV,E4,E3,E5,E6,-5.508000,234.934000,OK
1,7,adjacent,620,30,32,40,FWD,E3,E4,E6,E7,-11.660000,234.774000,OK
1,7,adjacent,620,30,32,41,REV,E4,E3,E6,E7,-10.535000,234.335000,OK
1,7,adjacent,620,30,32,42,FWD,E3,E4,E7,E8,3.590000,235.692000,OK
1,7,adjacent,620,30,32,43,REV,E4,E3,E7,E8,4.391000,235.293000,OK
1,7,adjacent,620,30,32,44,FWD,E3,E4,E8,E9,-1.340000,236.649000,OK
1,7,adjacent,620,30,32,45,REV,E4,E3,E8,E9,-0.758000,235.652000,OK
1,7,adjacent,620,30,32,46,FWD,E3,E4,E9,E10,25.453000,237.208000,OK
1,7,adjacent,620,30,32,47,REV,E4,E3,E9,E10,25.906000,237.208000,OK
1,7,adjacent,620,30,32,48,FWD,E3,E4,E10,E11,-10.613000,237.128000,OK
1,7,adjacent,620,30,32,49,REV,E4,E3,E10,E11,-10.172000,238.445000,OK
1,7,adjacent,620,30,32,50,FWD,E3,E4,E11,E12,8.301000,237.767000,OK
1,7,adjacent,620,30,32,51,REV,E4,E3,E11,E12,9.105000,239.442000,OK
1,7,adjacent,620,30,32,52,FWD,E3,E4,E12,E1,8.609000,238.205000,OK
1,7,adjacent,620,30,32,53,REV,E4,E3,E12,E1,10.703000,239.801000,OK
1,7,adjacent,620,30,32,54,FWD,E4,E5,E1,E2,2.051000,191.043000,OK
1,7,adjacent,620,30,32,55,REV,E5,E4,E1,E2,3.117000,267.452000,OK
1,7,adjacent,620,30,32,56,FWD,E4,E5,E2,E3,-17.660000,247.383000,OK
1,7,adjacent,620,30,32,57,REV,E5,E4,E2,E3,-17.578000,262.425000,OK
1,7,adjacent,620,30,32,58,FWD,E4,E5,E6,E7,-12.609000,254.844000,OK
1,7,adjacent,620,30,32,59,REV,E5,E4,E6,E7,-9.727000,262.225000,OK
1,7,adjacent,620,30,32,60,FWD,E4,E5,E7,E8,3.176000,257.637000,OK
1,7,adjacent,620,30,32,61,REV,E5,E4,E7,E8,4.977000,262.744000,OK
1,7,adjacent,620,30,32,62,FWD,E4,E5,E8,E9,-1.437000,258.595000,OK
1,7,adjacent,620,30,32,63,REV,E5,E4,E8,E9,-0.723000,262.904000,OK
1,7,adjacent,620,30,32,64,FWD,E4,E5,E9,E10,25.539000,260.430000,OK
1,7,adjacent,620,30,32,65,REV,E5,E4,E9,E10,26.152000,262.904000,OK
1,7,adjacent,620,30,32,66,FWD,E4,E5,E10,E11,-10.348000,261.627000,OK
1,7,adjacent,620,30,32,67,REV,E5,E4,E10,E11,-9.887000,263.143000,OK
1,7,adjacent,620,30,32,68,FWD,E4,E5,E11,E12,8.230000,262.505000,OK
1,7,adjacent,620,30,32,69,REV,E5,E4,E11,E12,8.809000,263.941000,OK
1,7,adjacent,620,30,32,70,FWD,E4,E5,E12,E1,9.008000,262.944000,OK
1,7,adjacent,620,30,32,71,REV,E5,E4,E12,E1,10.277000,263.901000,OK
1,7,adjacent,620,30,32,72,FWD,E5,E6,E1,E2,2.215000,260.191000,OK
1,7,adjacent,620,30,32,73,REV,E6,E5,E1,E2,3.695000,336.959000,OK
1,7,adjacent,620,30,32,74,FWD,E5,E6,E2,E3,-26.387000,321.557000,OK
1,7,adjacent,620,30,32,75,REV,E6,E5,E2,E3,-23.727000,328.021000,OK
1,7,adjacent,620,30,32,76,FWD,E5,E6,E3,E4,29.449000,327.702000,OK
1,7,adjacent,620,30,32,77,REV,E6,E5,E3,E4,36.074000,327.383000,OK
1,7,adjacent,620,30,32,78,FWD,E5,E6,E7,E8,1.328000,329.657000,OK
1,7,adjacent,620,30,32,79,REV,E6,E5,E7,E8,7.375000,327.183000,OK
1,7,adjacent,620,30,32,80,FWD,E5,E6,E8,E9,-2.395000,331.493000,OK
1,7,adjacent,620,30,32,81,REV,E6,E5,E8,E9,-0.070000,326.784000,OK
1,7,adjacent,620,30,32,82,FWD,E5,E6,E9,E10,25.035000,332.610000,OK
1,7,adjacent,620,30,32,83,REV,E6,E5,E9,E10,26.504000,327.503000,OK
1,7,adjacent,620,30,32,84,FWD,E5,E6,E10,E11,-10.121000,332.769000,OK
1,7,adjacent,620,30,32,85,REV,E6,E5,E10,E11,-9.270000,327.782000,OK
1,7,adjacent,620,30,32,86,FWD,E5,E6,E11,E12,8.078000,333.168000,OK
1,7,adjacent,620,30,32,87,REV,E6,E5,E11,E12,8.863000,327.941000,OK
1,7,adjacent,620,30,32,88,FWD,E5,E6,E12,E1,8.797000,333.727000,OK
1,7,adjacent,620,30,32,89,REV,E6,E5,E12,E1,9.949000,328.021000,OK
1,7,adjacent,620,30,32,90,FWD,E6,E7,E1,E2,3.422000,200.500000,OK
1,7,adjacent,620,30,32,91,REV,E7,E6,E1,E2,3.902000,297.378000,OK
1,7,adjacent,620,30,32,92,FWD,E6,E7,E2,E3,-25.988000,276.669000,OK
1,7,adjacent,620,30,32,93,REV,E7,E6,E2,E3,-24.969000,286.365000,OK
1,7,adjacent,620,30,32,94,FWD,E6,E7,E3,E4,9.773000,284.410000,OK
1,7,adjacent,620,30,32,95,REV,E7,E6,E3,E4,10.730000,284.530000,OK
1,7,adjacent,620,30,32,96,FWD,E6,E7,E4,E5,-7.648000,286.405000,OK
1,7,adjacent,620,30,32,97,REV,E7,E6,E4,E5,-4.789000,285.248000,OK
1,7,adjacent,620,30,32,98,FWD,E6,E7,E8,E9,-3.109000,287.522000,OK
1,7,adjacent,620,30,32,99,REV,E7,E6,E8,E9,0.426000,285.168000,OK
1,7,adjacent,620,30,32,100,FWD,E6,E7,E9,E10,24.996000,288.400000,OK
1,7,adjacent,620,30,32,101,REV,E7,E6,E9,E10,26.648000,285.567000,OK
1,7,adjacent,620,30,32,102,FWD,E6,E7,E10,E11,-9.875000,289.078000,OK
1,7,adjacent,620,30,32,103,REV,E7,E6,E10,E11,-9.121000,285.248000,OK
1,7,adjacent,620,30,32,104,FWD,E6,E7,E11,E12,7.969000,289.198000,OK
1,7,adjacent,620,30,32,105,REV,E7,E6,E11,E12,8.566000,285.807000,OK
1,7,adjacent,620,30,32,106,FWD,E6,E7,E12,E1,8.902000,289.238000,OK
1,7,adjacent,620,30,32,107,REV,E7,E6,E12,E1,9.805000,285.966000,OK
1,7,adjacent,620,30,32,108,FWD,E7,E8,E1,E2,3.559000,152.420000,OK
1,7,adjacent,620,30,32,109,REV,E8,E7,E1,E2,4.242000,244.310000,OK
1,7,adjacent,620,30,32,110,FWD,E7,E8,E2,E3,-25.859000,223.003000,OK
1,7,adjacent,620,30,32,111,REV,E8,E7,E2,E3,-25.094000,234.016000,OK
1,7,adjacent,620,30,32,112,FWD,E7,E8,E3,E4,6.383000,229.228000,OK
1,7,adjacent,620,30,32,113,REV,E8,E7,E3,E4,7.031000,233.138000,OK
1,7,adjacent,620,30,32,114,FWD,E7,E8,E4,E5,-4.094000,231.263000,OK
1,7,adjacent,620,30,32,115,REV,E8,E7,E4,E5,-2.578000,232.180000,OK
1,7,adjacent,620,30,32,116,FWD,E7,E8,E5,E6,-14.109000,232.220000,OK
1,7,adjacent,620,30,32,117,REV,E8,E7,E5,E6,-10.453000,231.781000,OK
1,7,adjacent,620,30,32,118,FWD,E7,E8,E9,E10,24.148000,233.058000,OK
1,7,adjacent,620,30,32,119,REV,E8,E7,E9,E10,27.312000,231.781000,OK
1,7,adjacent,620,30,32,120,FWD,E7,E8,E10,E11,-9.957000,232.699000,OK
1,7,adjacent,620,30,32,121,REV,E8,E7,E10,E11,-8.172000,231.821000,OK
1,7,adjacent,620,30,32,122,FWD,E7,E8,E11,E12,7.539000,232.978000,OK
1,7,adjacent,620,30,32,123,REV,E8,E7,E11,E12,8.441000,231.742000,OK
1,7,adjacent,620,30,32,124,FWD,E7,E8,E12,E1,9.035000,233.417000,OK
1,7,adjacent,620,30,32,125,REV,E8,E7,E12,E1,9.773000,231.103000,OK
1,7,adjacent,620,30,32,126,FWD,E8,E9,E1,E2,3.828000,158.245000,OK
1,7,adjacent,620,30,32,127,REV,E9,E8,E1,E2,4.168000,253.767000,OK
1,7,adjacent,620,30,32,128,FWD,E8,E9,E2,E3,-25.910000,224.879000,OK
1,7,adjacent,620,30,32,129,REV,E9,E8,E2,E3,-25.285000,245.308000,OK
1,7,adjacent,620,30,32,130,FWD,E8,E9,E3,E4,4.523000,232.819000,OK
1,7,adjacent,620,30,32,131,REV,E9,E8,E3,E4,4.996000,244.031000,OK
1,7,adjacent,620,30,32,132,FWD,E8,E9,E4,E5,-1.437000,236.051000,OK
1,7,adjacent,620,30,32,133,REV,E9,E8,E4,E5,-0.707000,243.911000,OK
1,7,adjacent,620,30,32,134,FWD,E8,E9,E5,E6,-13.309000,236.889000,OK
1,7,adjacent,620,30,32,135,REV,E9,E8,E5,E6,-11.723000,243.991000,OK
1,7,adjacent,620,30,32,136,FWD,E8,E9,E6,E7,-9.949000,237.687000,OK
1,7,adjacent,620,30,32,137,REV,E9,E8,E6,E7,-7.461000,243.831000,OK
1,7,adjacent,620,30,32,138,FWD,E8,E9,E10,E11,-14.520000,238.006000,OK
1,7,adjacent,620,30,32,139,REV,E9,E8,E10,E11,-2.465000,243.752000,OK
1,7,adjacent,620,30,32,140,FWD,E8,E9,E11,E12,7.090000,237.966000,OK
1,7,adjacent,620,30,32,141,REV,E9,E8,E11,E12,8.922000,244.111000,OK
1,7,adjacent,620,30,32,142,FWD,E8,E9,E12,E1,8.758000,237.846000,OK
1,7,adjacent,620,30,32,143,REV,E9,E8,E12,E1,10.145000,244.270000,OK
1,7,adjacent,620,30,32,144,FWD,E9,E10,E1,E2,3.465000,180.350000,OK
1,7,adjacent,620,30,32,145,REV,E10,E9,E1,E2,4.551000,265.298000,OK
1,7,adjacent,620,30,32,146,FWD,E9,E10,E2,E3,-26.023000,240.081000,OK
1,7,adjacent,620,30,32,147,REV,E10,E9,E2,E3,-25.137000,256.400000,OK
1,7,adjacent,620,30,32,148,FWD,E9,E10,E3,E4,3.426000,245.667000,OK
1,7,adjacent,620,30,32,149,REV,E10,E9,E3,E4,3.898000,255.163000,OK
1,7,adjacent,620,30,32,150,FWD,E9,E10,E4,E5,-0.176000,247.941000,OK
1,7,adjacent,620,30,32,151,REV,E10,E9,E4,E5,0.453000,254.405000,OK
1,7,adjacent,620,30,32,152,FWD,E9,E10,E5,E6,-12.293000,249.657000,OK
1,7,adjacent,620,30,32,153,REV,E10,E9,E5,E6,-11.133000,254.245000,OK
1,7,adjacent,620,30,32,154,FWD,E9,E10,E6,E7,-11.262000,250.614000,OK
1,7,adjacent,620,30,32,155,REV,E10,E9,E6,E7,-9.676000,255.283000,OK
1,7,adjacent,620,30,32,156,FWD,E9,E10,E7,E8,3.504000,250.854000,OK
1,7,adjacent,620,30,32,157,REV,E10,E9,E7,E8,7.012000,255.403000,OK
1,7,adjacent,620,30,32,158,FWD,E9,E10,E11,E12,-13.129000,250.934000,OK
1,7,adjacent,620,30,32,159,REV,E10,E9,E11,E12,41.859000,255.083000,OK
1,7,adjacent,620,30,32,160,FWD,E9,E10,E12,E1,8.254000,251.412000,OK
1,7,adjacent,620,30,32,161,REV,E10,E9,E12,E1,10.875000,255.243000,OK
1,7,adjacent,620,30,32,162,FWD,E10,E11,E1,E2,3.789000,143.562000,OK
1,7,adjacent,620,30,32,163,REV,E11,E10,E1,E2,4.648000,209.278000,OK
1,7,adjacent,620,30,32,164,FWD,E10,E11,E2,E3,-26.105000,200.300000,OK
1,7,adjacent,620,30,32,165,REV,E11,E10,E2,E3,-25.301000,199.303000,OK
1,7,adjacent,620,30,32,166,FWD,E10,E11,E3,E4,2.719000,205.447000,OK
1,7,adjacent,620,30,32,167,REV,E11,E10,E3,E4,3.051000,197.228000,OK
1,7,adjacent,620,30,32,168,FWD,E10,E11,E4,E5,0.867000,206.764000,OK
1,7,adjacent,620,30,32,169,REV,E11,E10,E4,E5,1.191000,197.108000,OK
1,7,adjacent,620,30,32,170,FWD,E10,E11,E5,E6,-11.520000,207.522000,OK
1,7,adjacent,620,30,32,171,REV,E11,E10,E5,E6,-11.039000,196.909000,OK
1,7,adjacent,620,30,32,172,FWD,E10,E11,E6,E7,-11.215000,207.602000,OK
1,7,adjacent,620,30,32,173,REV,E11,E10,E6,E7,-10.660000,196.749000,OK
1,7,adjacent,620,30,32,174,FWD,E10,E11,E7,E8,2.918000,208.480000,OK
1,7,adjacent,620,30,32,175,REV,E11,E10,E7,E8,4.445000,196.709000,OK
1,7,adjacent,620,30,32,176,FWD,E10,E11,E8,E9,-4.734000,208.121000,OK
1,7,adjacent,620,30,32,177,REV,E11,E10,E8,E9,4.715000,197.108000,OK
1,7,adjacent,620,30,32,178,FWD,E10,E11,E12,E1,1.332000,207.722000,OK
1,7,adjacent,620,30,32,179,REV,E11,E10,E12,E1,19.941000,197.228000,OK
1,7,adjacent,620,30,32,180,FWD,E11,E12,E1,E2,3.254000,114.115000,OK
1,7,adjacent,620,30,32,181,REV,E12,E11,E1,E2,5.602000,203.253000,OK
1,7,adjacent,620,30,32,182,FWD,E11,E12,E2,E3,-26.445000,168.739000,OK
1,7,adjacent,620,30,32,183,REV,E12,E11,E2,E3,-24.746000,195.632000,OK
1,7,adjacent,620,30,32,184,FWD,E11,E12,E3,E4,2.086000,174.883000,OK
1,7,adjacent,620,30,32,185,REV,E12,E11,E3,E4,2.637000,194.475000,OK
1,7,adjacent,620,30,32,186,FWD,E11,E12,E4,E5,1.500000,176.759000,OK
1,7,adjacent,620,30,32,187,REV,E12,E11,E4,E5,1.863000,193.756000,OK
1,7,adjacent,620,30,32,188,FWD,E11,E12,E5,E6,-11.094000,178.674000,OK
1,7,adjacent,620,30,32,189,REV,E12,E11,E5,E6,-10.629000,194.475000,OK
1,7,adjacent,620,30,32,190,FWD,E11,E12,E6,E7,-11.344000,179.432000,OK
1,7,adjacent,620,30,32,191,REV,E12,E11,E6,E7,-10.922000,194.275000,OK
1,7,adjacent,620,30,32,192,FWD,E11,E12,E7,E8,3.539000,179.033000,OK
1,7,adjacent,620,30,32,193,REV,E12,E11,E7,E8,4.289000,194.594000,OK
1,7,adjacent,620,30,32,194,FWD,E11,E12,E8,E9,-0.535000,179.552000,OK
1,7,adjacent,620,30,32,195,REV,E12,E11,E8,E9,0.660000,194.235000,OK
1,7,adjacent,620,30,32,196,FWD,E11,E12,E9,E10,3.555000,179.711000,OK
1,7,adjacent,620,30,32,197,REV,E12,E11,E9,E10,36.984000,193.956000,OK
1,7,adjacent,620,30,32,198,FWD,E12,E1,E2,E3,-28.258000,139.013000,OK
1,7,adjacent,620,30,32,199,REV,E1,E12,E2,E3,-22.723000,188.410000,OK
1,7,adjacent,620,30,32,200,FWD,E12,E1,E3,E4,0.992000,181.826000,OK
1,7,adjacent,620,30,32,201,REV,E1,E12,E3,E4,2.629000,182.385000,OK
1,7,adjacent,620,30,32,202,FWD,E12,E1,E4,E5,1.746000,185.657000,OK
1,7,adjacent,620,30,32,203,REV,E1,E12,E4,E5,2.508000,180.908000,OK
1,7,adjacent,620,30,32,204,FWD,E12,E1,E5,E6,-10.934000,186.894000,OK
1,7,adjacent,620,30,32,205,REV,E1,E12,E5,E6,-10.230000,181.108000,OK
1,7,adjacent,620,30,32,206,FWD,E12,E1,E6,E7,-11.566000,187.213000,OK
1,7,adjacent,620,30,32,207,REV,E1,E12,E6,E7,-11.063000,180.789000,OK
1,7,adjacent,620,30,32,208,FWD,E12,E1,E7,E8,3.629000,187.492000,OK
1,7,adjacent,620,30,32,209,REV,E1,E12,E7,E8,4.383000,180.789000,OK
1,7,adjacent,620,30,32,210,FWD,E12,E1,E8,E9,-0.449000,187.931000,OK
1,7,adjacent,620,30,32,211,REV,E1,E12,E8,E9,0.531000,180.549000,OK
1,7,adjacent,620,30,32,212,FWD,E12,E1,E9,E10,21.680000,187.771000,OK
1,7,adjacent,620,30,32,213,REV,E1,E12,E9,E10,23.852000,180.948000,OK
1,7,adjacent,620,30,32,214,FWD,E12,E1,E10,E11,-17.820000,187.652000,OK
1,7,adjacent,620,30,32,215,REV,E1,E12,E10,E11,1.629000,181.148000,OK
2,8,adjacent,620,30,32,0,FWD,E1,E2,E3,E4,0.242000,131.512000,OK
2,8,adjacent,620,30,32,1,REV,E2,E1,E3,E4,2.992000,195.911000,OK
2,8,adjacent,620,30,32,2,FWD,E1,E2,E4,E5,2.129000,193.956000,OK
2,8,adjacent,620,30,32,3,REV,E2,E1,E4,E5,3.113000,196.470000,OK
2,8,adjacent,620,30,32,4,FWD,E1,E2,E5,E6,-10.863000,190.086000,OK
2,8,adjacent,620,30,32,5,REV,E2,E1,E5,E6,-10.125000,197.587000,OK
2,8,adjacent,620,30,32,6,FWD,E1,E2,E6,E7,-11.547000,190.006000,OK
2,8,adjacent,620,30,32,7,REV,E2,E1,E6,E7,-11.066000,197.467000,OK
2,8,adjacent,620,30,32,8,FWD,E1,E2,E7,E8,3.785000,190.724000,OK
2,8,adjacent,620,30,32,9,REV,E2,E1,E7,E8,4.336000,197.108000,OK
2,8,adjacent,620,30,32,10,FWD,E1,E2,E8,E9,-0.137000,190.764000,OK
2,8,adjacent,620,30,32,11,REV,E2,E1,E8,E9,0.250000,197.467000,OK
2,8,adjacent,620,30,32,12,FWD,E1,E2,E9,E10,22.715000,191.362000,OK
2,8,adjacent,620,30,32,13,REV,E2,E1,E9,E10,23.418000,198.026000,OK
2,8,adjacent,620,30,32,14,FWD,E1,E2,E10,E11,-9.715000,190.923000,OK
2,8,adjacent,620,30,32,15,REV,E2,E1,E10,E11,-8.770000,197.667000,OK
2,8,adjacent,620,30,32,16,FWD,E1,E2,E11,E12,8.570000,191.043000,OK
2,8,adjacent,620,30,32,17,REV,E2,E1,E11,E12,11.098000,197.986000,OK
2,8,adjacent,620,30,32,18,FWD,E2,E3,E4,E5,1.586000,185.976000,OK
2,8,adjacent,620,30,32,19,REV,E3,E2,E4,E5,4.812000,256.360000,OK
2,8,adjacent,620,30,32,20,FWD,E2,E3,E5,E6,-11.402000,237.088000,OK
2,8,adjacent,620,30,32,21,REV,E3,E2,E5,E6,-9.438000,250.575000,OK
2,8,adjacent,620,30,32,22,FWD,E2,E3,E6,E7,-11.840000,242.515000,OK
2,8,adjacent,620,30,32,23,REV,E3,E2,E6,E7,-10.906000,249.976000,OK
2,8,adjacent,620,30,32,24,FWD,E2,E3,E7,E8,3.793000,244.988000,OK
2,8,adjacent,620,30,32,25,REV,E3,E2,E7,E8,4.738000,249.697000,OK
2,8,adjacent,620,30,32,26,FWD,E2,E3,E8,E9,-0.320000,246.186000,OK
2,8,adjacent,620,30,32,27,REV,E3,E2,E8,E9,0.414000,250.495000,OK
2,8,adjacent,620,30,32,28,FWD,E2,E3,E9,E10,22.875000,246.904000,OK
2,8,adjacent,620,30,32,29,REV,E3,E2,E9,E10,23.805000,250.495000,OK
2,8,adjacent,620,30,32,30,FWD,E2,E3,E10,E11,-9.902000,247.462000,OK
2,8,adjacent,620,30,32,31,REV,E3,E2,E10,E11,-8.734000,249.737000,OK
2,8,adjacent,620,30,32,32,FWD,E2,E3,E11,E12,8.195000,248.021000,OK
2,8,adjacent,620,30,32,33,REV,E3,E2,E11,E12,10.625000,250.495000,OK
2,8,adjacent,620,30,32,34,FWD,E2,E3,E12,E1,4.687000,248.061000,OK
2,8,adjacent,620,30,32,35,REV,E3,E2,E12,E1,12.688000,250.774000,OK
2,8,adjacent,620,30,32,36,FWD,E3,E4,E1,E2,44.977000,188.330000,OK
2,8,adjacent,620,30,32,37,REV,E4,E3,E1,E2,26.816000,244.071000,OK
2,8,adjacent,620,30,32,38,FWD,E3,E4,E5,E6,-14.441000,231.023000,OK
2,8,adjacent,620,30,32,39,REV,E4,E3,E5,E6,-5.633000,235.572000,OK
2,8,adjacent,620,30,32,40,FWD,E3,E4,E6,E7,-11.629000,234.694000,OK
2,8,adjacent,620,30,32,41,REV,E4,E3,E6,E7,-10.551000,234.734000,OK
2,8,adjacent,620,30,32,42,FWD,E3,E4,E7,E8,3.527000,235.811000,OK
2,8,adjacent,620,30,32,43,REV,E4,E3,E7,E8,4.273000,234.175000,OK
2,8,adjacent,620,30,32,44,FWD,E3,E4,E8,E9,-0.277000,235.692000,OK
2,8,adjacent,620,30,32,45,REV,E4,E3,E8,E9,0.324000,234.175000,OK
2,8,adjacent,620,30,32,46,FWD,E3,E4,E9,E10,23.258000,236.609000,OK
2,8,adjacent,620,30,32,47,REV,E4,E3,E9,E10,23.691000,234.455000,OK
2,8,adjacent,620,30,32,48,FWD,E3,E4,E10,E11,-9.164000,236.809000,OK
2,8,adjacent,620,30,32,49,REV,E4,E3,E10,E11,-8.742000,235.293000,OK
2,8,adjacent,620,30,32,50,FWD,E3,E4,E11,E12,8.684000,237.328000,OK
2,8,adjacent,620,30,32,51,REV,E4,E3,E11,E12,9.508000,236.171000,OK
2,8,adjacent,620,30,32,52,FWD,E3,E4,E12,E1,7.555000,237.806000,OK
2,8,adjacent,620,30,32,53,REV,E4,E3,E12,E1,9.598000,235.652000,OK
2,8,adjacent,620,30,32,54,FWD,E4,E5,E1,E2,2.402000,186.933000,OK
2,8,adjacent,620,30,32,55,REV,E5,E4,E1,E2,3.426000,266.096000,OK
2,8,adjacent,620,30,32,56,FWD,E4,E5,E2,E3,-17.578000,244.550000,OK
2,8,adjacent,620,30,32,57,REV,E5,E4,E2,E3,-17.395000,261.388000,OK
2,8,adjacent,620,30,32,58,FWD,E4,E5,E6,E7,-12.672000,251.452000,OK
2,8,adjacent,620,30,32,59,REV,E5,E4,E6,E7,-9.883000,261.348000,OK
2,8,adjacent,620,30,32,60,FWD,E4,E5,E7,E8,3.504000,255.722000,OK
2,8,adjacent,620,30,32,61,REV,E5,E4,E7,E8,5.195000,261.986000,OK
2,8,adjacent,620,30,32,62,FWD,E4,E5,E8,E9,-0.562000,257.557000,OK
2,8,adjacent,620,30,32,63,REV,E5,E4,E8,E9,0.195000,262.585000,OK
2,8,adjacent,620,30,32,64,FWD,E4,E5,E9,E10,23.520000,259.472000,OK
2,8,adjacent,620,30,32,65,REV,E5,E4,E9,E10,24.055000,263.183000,OK
2,8,adjacent,620,30,32,66,FWD,E4,E5,E10,E11,-9.160000,261.268000,OK
2,8,adjacent,620,30,32,67,REV,E5,E4,E10,E11,-8.777000,263.183000,OK
2,8,adjacent,620,30,32,68,FWD,E4,E5,E11,E12,8.645000,262.704000,OK
2,8,adjacent,620,30,32,69,REV,E5,E4,E11,E12,9.109000,263.702000,OK
2,8,adjacent,620,30,32,70,FWD,E4,E5,E12,E1,8.137000,264.061000,OK
2,8,adjacent,620,30,32,71,REV,E5,E4,E12,E1,9.418000,264.021000,OK
2,8,adjacent,620,30,32,72,FWD,E5,E6,E1,E2,2.535000,259.951000,OK
2,8,adjacent,620,30,32,73,REV,E6,E5,E1,E2,3.988000,337.158000,OK
2,8,adjacent,620,30,32,74,FWD,E5,E6,E2,E3,-25.836000,321.557000,OK
2,8,adjacent,620,30,32,75,REV,E6,E5,E2,E3,-23.273000,328.061000,OK
2,8,adjacent,620,30,32,76,FWD,E5,E6,E3,E4,28.895000,327.503000,OK
2,8,adjacent,620,30,32,77,REV,E6,E5,E3,E4,35.453000,327.343000,OK
2,8,adjacent,620,30,32,78,FWD,E5,E6,E7,E8,1.418000,329.258000,OK
2,8,adjacent,620,30,32,79,REV,E6,E5,E7,E8,7.496000,327.143000,OK
2,8,adjacent,620,30,32,80,FWD,E5,E6,E8,E9,-1.289000,330.774000,OK
2,8,adjacent,620,30,32,81,REV,E6,E5,E8,E9,1.035000,326.904000,OK
2,8,adjacent,620,30,32,82,FWD,E5,E6,E9,E10,22.789000,332.011000,OK
2,8,adjacent,620,30,32,83,REV,E6,E5,E9,E10,24.262000,326.944000,OK
2,8,adjacent,620,30,32,84,FWD,E5,E6,E10,E11,-9.172000,332.530000,OK
2,8,adjacent,620,30,32,85,REV,E6,E5,E10,E11,-8.230000,327.303000,OK
2,8,adjacent,620,30,32,86,FWD,E5,E6,E11,E12,8.254000,332.849000,OK
2,8,adjacent,620,30,32,87,REV,E6,E5,E11,E12,9.047000,327.503000,OK
2,8,adjacent,620,30,32,88,FWD,E5,E6,E12,E1,8.270000,333.448000,OK
2,8,adjacent,620,30,32,89,REV,E6,E5,E12,E1,9.434000,327.383000,OK
2,8,adjacent,620,30,32,90,FWD,E6,E7,E1,E2,3.527000,200.140000,OK
2,8,adjacent,620,30,32,91,REV,E7,E6,E1,E2,3.992000,296.739000,OK
2,8,adjacent,620,30,32,92,FWD,E6,E7,E2,E3,-25.559000,275.632000,OK
2,8,adjacent,620,30,32,93,REV,E7,E6,E2,E3,-24.535000,285.807000,OK
2,8,adjacent,620,30,32,94,FWD,E6,E7,E3,E4,8.762000,283.453000,OK
2,8,adjacent,620,30,32,95,REV,E7,E6,E3,E4,9.660000,284.809000,OK
2,8,adjacent,620,30,32,96,FWD,E6,E7,E4,E5,-6.762000,285.926000,OK
2,8,adjacent,620,30,32,97,REV,E7,E6,E4,E5,-3.891000,284.171000,OK
2,8,adjacent,620,30,32,98,FWD,E6,E7,E8,E9,-1.937000,287.123000,OK
2,8,adjacent,620,30,32,99,REV,E7,E6,E8,E9,1.496000,284.729000,OK
2,8,adjacent,620,30,32,100,FWD,E6,E7,E9,E10,22.570000,288.121000,OK
2,8,adjacent,620,30,32,101,REV,E7,E6,E9,E10,24.297000,284.530000,OK
2,8,adjacent,620,30,32,102,FWD,E6,E7,E10,E11,-8.727000,288.919000,OK
2,8,adjacent,620,30,32,103,REV,E7,E6,E10,E11,-7.902000,284.610000,OK
2,8,adjacent,620,30,32,104,FWD,E6,E7,E11,E12,7.996000,289.358000,OK
2,8,adjacent,620,30,32,105,REV,E7,E6,E11,E12,8.551000,285.368000,OK
2,8,adjacent,620,30,32,106,FWD,E6,E7,E12,E1,8.469000,289.198000,OK
2,8,adjacent,620,30,32,107,REV,E7,E6,E12,E1,9.371000,285.448000,OK
2,8,adjacent,620,30,32,108,FWD,E7,E8,E1,E2,3.730000,151.981000,OK
2,8,adjacent,620,30,32,109,REV,E8,E7,E1,E2,4.398000,244.191000,OK
2,8,adjacent,620,30,32,110,FWD,E7,E8,E2,E3,-25.617000,223.243000,OK
2,8,adjacent,620,30,32,111,REV,E8,E7,E2,E3,-24.902000,233.776000,OK
2,8,adjacent,620,30,32,112,FWD,E7,E8,E3,E4,5.434000,229.427000,OK
2,8,adjacent,620,30,32,113,REV,E8,E7,E3,E4,6.078000,232.180000,OK
2,8,adjacent,620,30,32,114,FWD,E7,E8,E4,E5,-3.152000,230.744000,OK
2,8,adjacent,620,30,32,115,REV,E8,E7,E4,E5,-1.695000,231.502000,OK
2,8,adjacent,620,30,32,116,FWD,E7,E8,E5,E6,-14.113000,232.101000,OK
2,8,adjacent,620,30,32,117,REV,E8,E7,E5,E6,-10.406000,230.983000,OK
2,8,adjacent,620,30,32,118,FWD,E7,E8,E9,E10,21.844000,232.460000,OK
2,8,adjacent,620,30,32,119,REV,E8,E7,E9,E10,25.031000,231.183000,OK
2,8,adjacent,620,30,32,120,FWD,E7,E8,E10,E11,-8.777000,232.420000,OK
2,8,adjacent,620,30,32,121,REV,E8,E7,E10,E11,-7.145000,231.422000,OK
2,8,adjacent,620,30,32,122,FWD,E7,E8,E11,E12,7.680000,233.018000,OK
2,8,adjacent,620,30,32,123,REV,E8,E7,E11,E12,8.551000,230.904000,OK
2,8,adjacent,620,30,32,124,FWD,E7,E8,E12,E1,8.652000,233.098000,OK
2,8,adjacent,620,30,32,125,REV,E8,E7,E12,E1,9.379000,230.904000,OK
2,8,adjacent,620,30,32,126,FWD,E8,E9,E1,E2,3.973000,157.726000,OK
2,8,adjacent,620,30,32,127,REV,E9,E8,E1,E2,4.395000,254.006000,OK
2,8,adjacent,620,30,32,128,FWD,E8,E9,E2,E3,-25.742000,223.961000,OK
2,8,adjacent,620,30,32,129,REV,E9,E8,E2,E3,-25.074000,245.747000,OK
2,8,adjacent,620,30,32,130,FWD,E8,E9,E3,E4,3.992000,232.220000,OK
2,8,adjacent,620,30,32,131,REV,E9,E8,E3,E4,4.410000,244.151000,OK
2,8,adjacent,620,30,32,132,FWD,E8,E9,E4,E5,-1.020000,235.093000,OK
2,8,adjacent,620,30,32,133,REV,E9,E8,E4,E5,-0.297000,244.151000,OK
2,8,adjacent,620,30,32,134,FWD,E8,E9,E5,E6,-13.172000,236.051000,OK
2,8,adjacent,620,30,32,135,REV,E9,E8,E5,E6,-11.582000,244.310000,OK
2,8,adjacent,620,30,32,136,FWD,E8,E9,E6,E7,-10.082000,236.729000,OK
2,8,adjacent,620,30,32,137,REV,E9,E8,E6,E7,-7.672000,244.151000,OK
2,8,adjacent,620,30,32,138,FWD,E8,E9,E10,E11,-13.410000,237.208000,OK
2,8,adjacent,620,30,32,139,REV,E9,E8,E10,E11,-1.168000,244.270000,OK
2,8,adjacent,620,30,32,140,FWD,E8,E9,E11,E12,7.344000,238.046000,OK
2,8,adjacent,620,30,32,141,REV,E9,E8,E11,E12,9.215000,244.430000,OK
2,8,adjacent,620,30,32,142,FWD,E8,E9,E12,E1,8.340000,237.886000,OK
2,8,adjacent,620,30,32,143,REV,E9,E8,E12,E1,9.711000,244.590000,OK
2,8,adjacent,620,30,32,144,FWD,E9,E10,E1,E2,3.949000,181.307000,OK
2,8,adjacent,620,30,32,145,REV,E10,E9,E1,E2,4.949000,263.263000,OK
2,8,adjacent,620,30,32,146,FWD,E9,E10,E2,E3,-26.031000,240.599000,OK
2,8,adjacent,620,30,32,147,REV,E10,E9,E2,E3,-25.168000,254.964000,OK
2,8,adjacent,620,30,32,148,FWD,E9,E10,E3,E4,2.938000,246.106000,OK
2,8,adjacent,620,30,32,149,REV,E10,E9,E3,E4,3.371000,253.767000,OK
2,8,adjacent,620,30,32,150,FWD,E9,E10,E4,E5,0.008000,247.742000,OK
2,8,adjacent,620,30,32,151,REV,E10,E9,E4,E5,0.621000,253.527000,OK
2,8,adjacent,620,30,32,152,FWD,E9,E10,E5,E6,-12.031000,249.338000,OK
2,8,adjacent,620,30,32,153,REV,E10,E9,E5,E6,-10.938000,253.527000,OK
2,8,adjacent,620,30,32,154,FWD,E9,E10,E6,E7,-11.332000,249.378000,OK
2,8,adjacent,620,30,32,155,REV,E10,E9,E6,E7,-9.871000,254.126000,OK
2,8,adjacent,620,30,32,156,FWD,E9,E10,E7,E8,3.617000,250.255000,OK
2,8,adjacent,620,30,32,157,REV,E10,E9,E7,E8,7.055000,253.926000,OK
2,8,adjacent,620,30,32,158,FWD,E9,E10,E11,E12,-12.816000,250.734000,OK
2,8,adjacent,620,30,32,159,REV,E10,E9,E11,E12,42.285000,253.368000,OK
2,8,adjacent,620,30,32,160,FWD,E9,E10,E12,E1,7.832000,251.053000,OK
2,8,adjacent,620,30,32,161,REV,E10,E9,E12,E1,10.441000,253.407000,OK
2,8,adjacent,620,30,32,162,FWD,E10,E11,E1,E2,4.020000,142.006000,OK
2,8,adjacent,620,30,32,163,REV,E11,E10,E1,E2,4.781000,208.799000,OK
2,8,adjacent,620,30,32,164,FWD,E10,E11,E2,E3,-25.914000,199.342000,OK
2,8,adjacent,620,30,32,165,REV,E11,E10,E2,E3,-25.125000,198.983000,OK
2,8,adjacent,620,30,32,166,FWD,E10,E11,E3,E4,2.273000,204.290000,OK
2,8,adjacent,620,30,32,167,REV,E11,E10,E3,E4,2.605000,197.268000,OK
2,8,adjacent,620,30,32,168,FWD,E10,E11,E4,E5,0.937000,206.046000,OK
2,8,adjacent,620,30,32,169,REV,E11,E10,E4,E5,1.305000,197.268000,OK
2,8,adjacent,620,30,32,170,FWD,E10,E11,E5,E6,-11.176000,206.165000,OK
2,8,adjacent,620,30,32,171,REV,E11,E10,E5,E6,-10.699000,197.268000,OK
2,8,adjacent,620,30,32,172,FWD,E10,E11,E6,E7,-11.266000,206.924000,OK
2,8,adjacent,620,30,32,173,REV,E11,E10,E6,E7,-10.719000,196.909000,OK
2,8,adjacent,620,30,32,174,FWD,E10,E11,E7,E8,2.703000,207.362000,OK
2,8,adjacent,620,30,32,175,REV,E11,E10,E7,E8,4.164000,196.111000,OK
2,8,adjacent,620,30,32,176,FWD,E10,E11,E8,E9,-3.852000,207.203000,OK
2,8,adjacent,620,30,32,177,REV,E11,E10,E8,E9,5.656000,197.148000,OK
2,8,adjacent,620,30,32,178,FWD,E10,E11,E12,E1,1.289000,207.642000,OK
2,8,adjacent,620,30,32,179,REV,E11,E10,E12,E1,19.887000,197.068000,OK
2,8,adjacent,620,30,32,180,FWD,E11,E12,E1,E2,3.465000,114.115000,OK
2,8,adjacent,620,30,32,181,REV,E12,E11,E1,E2,5.773000,202.574000,OK
2,8,adjacent,620,30,32,182,FWD,E11,E12,E2,E3,-26.262000,168.659000,OK
2,8,adjacent,620,30,32,183,REV,E12,E11,E2,E3,-24.547000,195.472000,OK
2,8,adjacent,620,30,32,184,FWD,E11,E12,E3,E4,1.656000,175.123000,OK
2,8,adjacent,620,30,32,185,REV,E12,E11,E3,E4,2.168000,194.874000,OK
2,8,adjacent,620,30,32,186,FWD,E11,E12,E4,E5,1.586000,177.118000,OK
2,8,adjacent,620,30,32,187,REV,E12,E11,E4,E5,1.930000,194.036000,OK
2,8,adjacent,620,30,32,188,FWD,E11,E12,E5,E6,-10.625000,178.275000,OK
2,8,adjacent,620,30,32,189,REV,E12,E11,E5,E6,-10.246000,194.155000,OK
2,8,adjacent,620,30,32,190,FWD,E11,E12,E6,E7,-11.391000,178.634000,OK
2,8,adjacent,620,30,32,191,REV,E12,E11,E6,E7,-10.984000,193.956000,OK
2,8,adjacent,620,30,32,192,FWD,E11,E12,E7,E8,3.125000,178.834000,OK
2,8,adjacent,620,30,32,193,REV,E12,E11,E7,E8,3.805000,193.517000,OK
2,8,adjacent,620,30,32,194,FWD,E11,E12,E8,E9,0.430000,179.791000,OK
2,8,adjacent,620,30,32,195,REV,E12,E11,E8,E9,1.652000,193.597000,OK
2,8,adjacent,620,30,32,196,FWD,E11,E12,E9,E10,1.758000,180.190000,OK
2,8,adjacent,620,30,32,197,REV,E12,E11,E9,E10,35.473000,194.115000,OK
2,8,adjacent,620,30,32,198,FWD,E12,E1,E2,E3,-28.164000,138.494000,OK
2,8,adjacent,620,30,32,199,REV,E1,E12,E2,E3,-22.598000,188.250000,OK
2,8,adjacent,620,30,32,200,FWD,E12,E1,E3,E4,0.719000,180.908000,OK
2,8,adjacent,620,30,32,201,REV,E1,E12,E3,E4,2.383000,181.268000,OK
2,8,adjacent,620,30,32,202,FWD,E12,E1,E4,E5,1.879000,184.819000,OK
2,8,adjacent,620,30,32,203,REV,E1,E12,E4,E5,2.621000,180.110000,OK
2,8,adjacent,620,30,32,204,FWD,E12,E1,E5,E6,-10.551000,185.497000,OK
2,8,adjacent,620,30,32,205,REV,E1,E12,E5,E6,-9.754000,180.230000,OK
2,8,adjacent,620,30,32,206,FWD,E12,E1,E6,E7,-11.551000,186.415000,OK
2,8,adjacent,620,30,32,207,REV,E1,E12,E6,E7,-11.090000,180.669000,OK
2,8,adjacent,620,30,32,208,FWD,E12,E1,E7,E8,3.320000,186.973000,OK
2,8,adjacent,620,30,32,209,REV,E1,E12,E7,E8,4.148000,180.031000,OK
2,8,adjacent,620,30,32,210,FWD,E12,E1,E8,E9,0.324000,187.173000,OK
2,8,adjacent,620,30,32,211,REV,E1,E12,E8,E9,1.227000,180.310000,OK
2,8,adjacent,620,30,32,212,FWD,E12,E1,E9,E10,20.051000,186.894000,OK
2,8,adjacent,620,30,32,213,REV,E1,E12,E9,E10,22.246000,180.669000,OK
2,8,adjacent,620,30,32,214,FWD,E12,E1,E10,E11,-17.027000,187.053000,OK
2,8,adjacent,620,30,32,215,REV,E1,E12,E10,E11,2.320000,180.430000,OK
3,9,adjacent,620,30,32,0,FWD,E1,E2,E3,E4,0.082000,133.587000,OK
3,9,adjacent,620,30,32,1,REV,E2,E1,E3,E4,2.910000,211.273000,OK
3,9,adjacent,620,30,32,2,FWD,E1,E2,E4,E5,1.855000,180.390000,OK
3,9,adjacent,620,30,32,3,REV,E2,E1,E4,E5,2.785000,200.739000,OK
3,9,adjacent,620,30,32,4,FWD,E1,E2,E5,E6,-10.059000,186.894000,OK
3,9,adjacent,620,30,32,5,REV,E2,E1,E5,E6,-9.383000,198.904000,OK
3,9,adjacent,620,30,32,6,FWD,E1,E2,E6,E7,-11.484000,188.769000,OK
3,9,adjacent,620,30,32,7,REV,E2,E1,E6,E7,-11.090000,197.627000,OK
3,9,adjacent,620,30,32,8,FWD,E1,E2,E7,E8,3.613000,189.327000,OK
3,9,adjacent,620,30,32,9,REV,E2,E1,E7,E8,4.180000,198.145000,OK
3,9,adjacent,620,30,32,10,FWD,E1,E2,E8,E9,0.559000,189.647000,OK
3,9,adjacent,620,30,32,11,REV,E2,E1,E8,E9,1.059000,197.507000,OK
3,9,adjacent,620,30,32,12,FWD,E1,E2,E9,E10,21.234000,190.086000,OK
3,9,adjacent,620,30,32,13,REV,E2,E1,E9,E10,21.941000,197.268000,OK
3,9,adjacent,620,30,32,14,FWD,E1,E2,E10,E11,-8.938000,190.485000,OK
3,9,adjacent,620,30,32,15,REV,E2,E1,E10,E11,-7.996000,197.347000,OK
3,9,adjacent,620,30,32,16,FWD,E1,E2,E11,E12,8.383000,190.604000,OK
3,9,adjacent,620,30,32,17,REV,E2,E1,E11,E12,10.938000,197.746000,OK
3,9,adjacent,620,30,32,18,FWD,E2,E3,E4,E5,1.449000,184.779000,OK
3,9,adjacent,620,30,32,19,REV,E3,E2,E4,E5,4.699000,255.323000,OK
3,9,adjacent,620,30,32,20,FWD,E2,E3,E5,E6,-10.598000,236.330000,OK
3,9,adjacent,620,30,32,21,REV,E3,E2,E5,E6,-8.559000,249.617000,OK
3,9,adjacent,620,30,32,22,FWD,E2,E3,E6,E7,-11.762000,242.116000,OK
3,9,adjacent,620,30,32,23,REV,E3,E2,E6,E7,-10.824000,249.457000,OK
3,9,adjacent,620,30,32,24,FWD,E2,E3,E7,E8,3.434000,244.031000,OK
3,9,adjacent,620,30,32,25,REV,E3,E2,E7,E8,4.422000,249.577000,OK
3,9,adjacent,620,30,32,26,FWD,E2,E3,E8,E9,0.461000,245.547000,OK
3,9,adjacent,620,30,32,27,REV,E3,E2,E8,E9,1.125000,249.617000,OK
3,9,adjacent,620,30,32,28,FWD,E2,E3,E9,E10,21.367000,246.465000,OK
3,9,adjacent,620,30,32,29,REV,E3,E2,E9,E10,22.227000,250.215000,OK
3,9,adjacent,620,30,32,30,FWD,E2,E3,E10,E11,-9.137000,246.465000,OK
3,9,adjacent,620,30,32,31,REV,E3,E2,E10,E11,-8.074000,250.215000,OK
3,9,adjacent,620,30,32,32,FWD,E2,E3,E11,E12,7.957000,247.383000,OK
3,9,adjacent,620,30,32,33,REV,E3,E2,E11,E12,10.375000,250.295000,OK
3,9,adjacent,620,30,32,34,FWD,E2,E3,E12,E1,3.984000,247.782000,OK
3,9,adjacent,620,30,32,35,REV,E3,E2,E12,E1,12.043000,250.455000,OK
3,9,adjacent,620,30,32,36,FWD,E3,E4,E1,E2,46.551000,188.410000,OK
3,9,adjacent,620,30,32,37,REV,E4,E3,E1,E2,28.203000,242.834000,OK
3,9,adjacent,620,30,32,38,FWD,E3,E4,E5,E6,-13.832000,230.784000,OK
3,9,adjacent,620,30,32,39,REV,E4,E3,E5,E6,-4.996000,233.816000,OK
3,9,adjacent,620,30,32,40,FWD,E3,E4,E6,E7,-12.117000,233.457000,OK
3,9,adjacent,620,30,32,41,REV,E4,E3,E6,E7,-11.043000,232.021000,OK
3,9,adjacent,620,30,32,42,FWD,E3,E4,E7,E8,3.625000,234.934000,OK
3,9,adjacent,620,30,32,43,REV,E4,E3,E7,E8,4.359000,232.141000,OK
3,9,adjacent,620,30,32,44,FWD,E3,E4,E8,E9,0.355000,235.213000,OK
3,9,adjacent,620,30,32,45,REV,E4,E3,E8,E9,0.945000,232.380000,OK
3,9,adjacent,620,30,32,46,FWD,E3,E4,E9,E10,21.844000,236.210000,OK
3,9,adjacent,620,30,32,47,REV,E4,E3,E9,E10,22.309000,232.260000,OK
3,9,adjacent,620,30,32,48,FWD,E3,E4,E10,E11,-8.816000,236.250000,OK
3,9,adjacent,620,30,32,49,REV,E4,E3,E10,E11,-8.273000,232.899000,OK
3,9,adjacent,620,30,32,50,FWD,E3,E4,E11,E12,8.578000,236.530000,OK
3,9,adjacent,620,30,32,51,REV,E4,E3,E11,E12,9.453000,234.335000,OK
3,9,adjacent,620,30,32,52,FWD,E3,E4,E12,E1,7.098000,236.290000,OK
3,9,adjacent,620,30,32,53,REV,E4,E3,E12,E1,9.152000,234.415000,OK
3,9,adjacent,620,30,32,54,FWD,E4,E5,E1,E2,3.148000,182.584000,OK
3,9,adjacent,620,30,32,55,REV,E5,E4,E1,E2,4.152000,265.777000,OK
3,9,adjacent,620,30,32,56,FWD,E4,E5,E2,E3,-17.883000,240.799000,OK
3,9,adjacent,620,30,32,57,REV,E5,E4,E2,E3,-17.742000,260.829000,OK
3,9,adjacent,620,30,32,58,FWD,E4,E5,E6,E7,-12.887000,247.542000,OK
3,9,adjacent,620,30,32,59,REV,E5,E4,E6,E7,-10.148000,260.909000,OK
3,9,adjacent,620,30,32,60,FWD,E4,E5,E7,E8,3.195000,251.851000,OK
3,9,adjacent,620,30,32,61,REV,E5,E4,E7,E8,4.863000,260.470000,OK
3,9,adjacent,620,30,32,62,FWD,E4,E5,E8,E9,0.176000,253.447000,OK
3,9,adjacent,620,30,32,63,REV,E5,E4,E8,E9,0.961000,261.028000,OK
3,9,adjacent,620,30,32,64,FWD,E4,E5,E9,E10,21.937000,254.844000,OK
3,9,adjacent,620,30,32,65,REV,E5,E4,E9,E10,22.516000,262.026000,OK
3,9,adjacent,620,30,32,66,FWD,E4,E5,E10,E11,-8.590000,256.280000,OK
3,9,adjacent,620,30,32,67,REV,E5,E4,E10,E11,-8.207000,262.106000,OK
3,9,adjacent,620,30,32,68,FWD,E4,E5,E11,E12,8.695000,257.677000,OK
3,9,adjacent,620,30,32,69,REV,E5,E4,E11,E12,9.191000,261.826000,OK
3,9,adjacent,620,30,32,70,FWD,E4,E5,E12,E1,7.746000,258.475000,OK
3,9,adjacent,620,30,32,71,REV,E5,E4,E12,E1,8.926000,262.146000,OK
3,9,adjacent,620,30,32,72,FWD,E5,E6,E1,E2,3.180000,258.555000,OK
3,9,adjacent,620,30,32,73,REV,E6,E5,E1,E2,4.605000,336.720000,OK
3,9,adjacent,620,30,32,74,FWD,E5,E6,E2,E3,-26.121000,320.680000,OK
3,9,adjacent,620,30,32,75,REV,E6,E5,E2,E3,-23.488000,327.463000,OK
3,9,adjacent,620,30,32,76,FWD,E5,E6,E3,E4,26.137000,326.744000,OK
3,9,adjacent,620,30,32,77,REV,E6,E5,E3,E4,33.246000,326.585000,OK
3,9,adjacent,620,30,32,78,FWD,E5,E6,E7,E8,0.953000,329.298000,OK
3,9,adjacent,620,30,32,79,REV,E6,E5,E7,E8,7.082000,326.944000,OK
3,9,adjacent,620,30,32,80,FWD,E5,E6,E8,E9,-0.598000,329.857000,OK
3,9,adjacent,620,30,32,81,REV,E6,E5,E8,E9,1.691000,326.824000,OK
3,9,adjacent,620,30,32,82,FWD,E5,E6,E9,E10,21.355000,331.931000,OK
3,9,adjacent,620,30,32,83,REV,E6,E5,E9,E10,22.852000,326.944000,OK
3,9,adjacent,620,30,32,84,FWD,E5,E6,E10,E11,-8.484000,331.852000,OK
3,9,adjacent,620,30,32,85,REV,E6,E5,E10,E11,-7.691000,327.104000,OK
3,9,adjacent,620,30,32,86,FWD,E5,E6,E11,E12,8.332000,332.370000,OK
3,9,adjacent,620,30,32,87,REV,E6,E5,E11,E12,9.152000,327.782000,OK
3,9,adjacent,620,30,32,88,FWD,E5,E6,E12,E1,8.063000,333.288000,OK
3,9,adjacent,620,30,32,89,REV,E6,E5,E12,E1,9.250000,327.263000,OK
3,9,adjacent,620,30,32,90,FWD,E6,E7,E1,E2,3.945000,199.901000,OK
3,9,adjacent,620,30,32,91,REV,E7,E6,E1,E2,4.437000,296.340000,OK
3,9,adjacent,620,30,32,92,FWD,E6,E7,E2,E3,-25.672000,275.752000,OK
3,9,adjacent,620,30,32,93,REV,E7,E6,E2,E3,-24.703000,285.966000,OK
3,9,adjacent,620,30,32,94,FWD,E6,E7,E3,E4,7.871000,283.453000,OK
3,9,adjacent,620,30,32,95,REV,E7,E6,E3,E4,8.813000,284.849000,OK
3,9,adjacent,620,30,32,96,FWD,E6,E7,E4,E5,-5.797000,286.046000,OK
3,9,adjacent,620,30,32,97,REV,E7,E6,E4,E5,-3.082000,284.171000,OK
3,9,adjacent,620,30,32,98,FWD,E6,E7,E8,E9,-1.410000,287.044000,OK
3,9,adjacent,620,30,32,99,REV,E7,E6,E8,E9,2.074000,284.330000,OK
3,9,adjacent,620,30,32,100,FWD,E6,E7,E9,E10,21.617000,287.881000,OK
3,9,adjacent,620,30,32,101,REV,E7,E6,E9,E10,23.363000,284.809000,OK
3,9,adjacent,620,30,32,102,FWD,E6,E7,E10,E11,-8.449000,288.360000,OK
3,9,adjacent,620,30,32,103,REV,E7,E6,E10,E11,-7.582000,283.692000,OK
3,9,adjacent,620,30,32,104,FWD,E6,E7,E11,E12,8.301000,289.438000,OK
3,9,adjacent,620,30,32,105,REV,E7,E6,E11,E12,8.828000,283.971000,OK
3,9,adjacent,620,30,32,106,FWD,E6,E7,E12,E1,8.379000,288.919000,OK
3,9,adjacent,620,30,32,107,REV,E7,E6,E12,E1,9.281000,285.448000,OK
3,9,adjacent,620,30,32,108,FWD,E7,E8,E1,E2,3.859000,152.021000,OK
3,9,adjacent,620,30,32,109,REV,E8,E7,E1,E2,4.547000,244.071000,OK
3,9,adjacent,620,30,32,110,FWD,E7,E8,E2,E3,-25.395000,222.604000,OK
3,9,adjacent,620,30,32,111,REV,E8,E7,E2,E3,-24.656000,233.617000,OK
3,9,adjacent,620,30,32,112,FWD,E7,E8,E3,E4,3.473000,228.988000,OK
3,9,adjacent,620,30,32,113,REV,E8,E7,E3,E4,4.012000,232.819000,OK
3,9,adjacent,620,30,32,114,FWD,E7,E8,E4,E5,-1.371000,230.545000,OK
3,9,adjacent,620,30,32,115,REV,E8,E7,E4,E5,0.215000,231.702000,OK
3,9,adjacent,620,30,32,116,FWD,E7,E8,E5,E6,-13.422000,232.101000,OK
3,9,adjacent,620,30,32,117,REV,E8,E7,E5,E6,-9.738000,230.864000,OK
3,9,adjacent,620,30,32,118,FWD,E7,E8,E9,E10,20.527000,232.500000,OK
3,9,adjacent,620,30,32,119,REV,E8,E7,E9,E10,23.656000,230.584000,OK
3,9,adjacent,620,30,32,120,FWD,E7,E8,E10,E11,-8.281000,232.659000,OK
3,9,adjacent,620,30,32,121,REV,E8,E7,E10,E11,-6.664000,231.382000,OK
3,9,adjacent,620,30,32,122,FWD,E7,E8,E11,E12,8.020000,232.699000,OK
3,9,adjacent,620,30,32,123,REV,E8,E7,E11,E12,8.875000,231.303000,OK
3,9,adjacent,620,30,32,124,FWD,E7,E8,E12,E1,8.453000,232.859000,OK
3,9,adjacent,620,30,32,125,REV,E8,E7,E12,E1,9.223000,230.744000,OK
3,9,adjacent,620,30,32,126,FWD,E8,E9,E1,E2,4.027000,157.487000,OK
3,9,adjacent,620,30,32,127,REV,E9,E8,E1,E2,4.453000,254.525000,OK
3,9,adjacent,620,30,32,128,FWD,E8,E9,E2,E3,-25.379000,223.881000,OK
3,9,adjacent,620,30,32,129,REV,E9,E8,E2,E3,-24.711000,246.066000,OK
3,9,adjacent,620,30,32,130,FWD,E8,E9,E3,E4,1.164000,232.141000,OK
3,9,adjacent,620,30,32,131,REV,E9,E8,E3,E4,1.598000,244.350000,OK
3,9,adjacent,620,30,32,132,FWD,E8,E9,E4,E5,1.566000,235.253000,OK
3,9,adjacent,620,30,32,133,REV,E9,E8,E4,E5,2.348000,243.991000,OK
3,9,adjacent,620,30,32,134,FWD,E8,E9,E5,E6,-12.598000,236.091000,OK
3,9,adjacent,620,30,32,135,REV,E9,E8,E5,E6,-11.016000,244.430000,OK
3,9,adjacent,620,30,32,136,FWD,E8,E9,E6,E7,-10.551000,236.530000,OK
3,9,adjacent,620,30,32,137,REV,E9,E8,E6,E7,-8.086000,244.270000,OK
3,9,adjacent,620,30,32,138,FWD,E8,E9,E10,E11,-13.063000,237.447000,OK
3,9,adjacent,620,30,32,139,REV,E9,E8,E10,E11,-0.723000,244.071000,OK
3,9,adjacent,620,30,32,140,FWD,E8,E9,E11,E12,7.527000,237.647000,OK
3,9,adjacent,620,30,32,141,REV,E9,E8,E11,E12,9.430000,244.590000,OK
3,9,adjacent,620,30,32,142,FWD,E8,E9,E12,E1,8.160000,237.926000,OK
3,9,adjacent,620,30,32,143,REV,E9,E8,E12,E1,9.570000,244.430000,OK
3,9,adjacent,620,30,32,144,FWD,E9,E10,E1,E2,3.898000,181.307000,OK
3,9,adjacent,620,30,32,145,REV,E10,E9,E1,E2,4.875000,262.425000,OK
3,9,adjacent,620,30,32,146,FWD,E9,E10,E2,E3,-25.605000,240.480000,OK
3,9,adjacent,620,30,32,147,REV,E10,E9,E2,E3,-24.777000,253.328000,OK
3,9,adjacent,620,30,32,148,FWD,E9,E10,E3,E4,-0.039000,245.787000,OK
3,9,adjacent,620,30,32,149,REV,E10,E9,E3,E4,0.395000,252.849000,OK
3,9,adjacent,620,30,32,150,FWD,E9,E10,E4,E5,3.008000,247.662000,OK
3,9,adjacent,620,30,32,151,REV,E10,E9,E4,E5,3.602000,252.091000,OK
3,9,adjacent,620,30,32,152,FWD,E9,E10,E5,E6,-11.500000,248.619000,OK
3,9,adjacent,620,30,32,153,REV,E10,E9,E5,E6,-10.363000,251.931000,OK
3,9,adjacent,620,30,32,154,FWD,E9,E10,E6,E7,-12.004000,249.098000,OK
3,9,adjacent,620,30,32,155,REV,E10,E9,E6,E7,-10.469000,252.011000,OK
3,9,adjacent,620,30,32,156,FWD,E9,E10,E7,E8,3.719000,250.215000,OK
3,9,adjacent,620,30,32,157,REV,E10,E9,E7,E8,7.238000,252.250000,OK
3,9,adjacent,620,30,32,158,FWD,E9,E10,E11,E12,-12.563000,250.375000,OK
3,9,adjacent,620,30,32,159,REV,E10,E9,E11,E12,43.027000,251.891000,OK
3,9,adjacent,620,30,32,160,FWD,E9,E10,E12,E1,7.754000,251.013000,OK
3,9,adjacent,620,30,32,161,REV,E10,E9,E12,E1,10.340000,252.011000,OK
3,9,adjacent,620,30,32,162,FWD,E10,E11,E1,E2,3.988000,139.851000,OK
3,9,adjacent,620,30,32,163,REV,E11,E10,E1,E2,4.770000,208.440000,OK
3,9,adjacent,620,30,32,164,FWD,E10,E11,E2,E3,-25.695000,197.507000,OK
3,9,adjacent,620,30,32,165,REV,E11,E10,E2,E3,-24.914000,198.465000,OK
3,9,adjacent,620,30,32,166,FWD,E10,E11,E3,E4,-0.801000,203.053000,OK
3,9,adjacent,620,30,32,167,REV,E11,E10,E3,E4,-0.512000,196.470000,OK
3,9,adjacent,620,30,32,168,FWD,E10,E11,E4,E5,4.145000,204.490000,OK
3,9,adjacent,620,30,32,169,REV,E11,E10,E4,E5,4.520000,196.749000,OK
3,9,adjacent,620,30,32,170,FWD,E10,E11,E5,E6,-10.816000,204.968000,OK
3,9,adjacent,620,30,32,171,REV,E11,E10,E5,E6,-10.359000,196.150000,OK
3,9,adjacent,620,30,32,172,FWD,E10,E11,E6,E7,-11.680000,205.447000,OK
3,9,adjacent,620,30,32,173,REV,E11,E10,E6,E7,-11.105000,195.672000,OK
3,9,adjacent,620,30,32,174,FWD,E10,E11,E7,E8,2.746000,205.727000,OK
3,9,adjacent,620,30,32,175,REV,E11,E10,E7,E8,4.254000,196.510000,OK
3,9,adjacent,620,30,32,176,FWD,E10,E11,E8,E9,-3.824000,205.367000,OK
3,9,adjacent,620,30,32,177,REV,E11,E10,E8,E9,5.730000,196.190000,OK
3,9,adjacent,620,30,32,178,FWD,E10,E11,E12,E1,0.785000,205.447000,OK
3,9,adjacent,620,30,32,179,REV,E11,E10,E12,E1,19.379000,196.111000,OK
3,9,adjacent,620,30,32,180,FWD,E11,E12,E1,E2,3.492000,113.517000,OK
3,9,adjacent,620,30,32,181,REV,E12,E11,E1,E2,5.848000,203.173000,OK
3,9,adjacent,620,30,32,182,FWD,E11,E12,E2,E3,-26.055000,168.420000,OK
3,9,adjacent,620,30,32,183,REV,E12,E11,E2,E3,-24.336000,195.951000,OK
3,9,adjacent,620,30,32,184,FWD,E11,E12,E3,E4,-1.465000,174.764000,OK
3,9,adjacent,620,30,32,185,REV,E12,E11,E3,E4,-0.879000,194.195000,OK
3,9,adjacent,620,30,32,186,FWD,E11,E12,E4,E5,4.785000,177.038000,OK
3,9,adjacent,620,30,32,187,REV,E12,E11,E4,E5,5.137000,193.118000,OK
3,9,adjacent,620,30,32,188,FWD,E11,E12,E5,E6,-10.449000,178.315000,OK
3,9,adjacent,620,30,32,189,REV,E12,E11,E5,E6,-9.988000,193.716000,OK
3,9,adjacent,620,30,32,190,FWD,E11,E12,E6,E7,-11.758000,178.435000,OK
3,9,adjacent,620,30,32,191,REV,E12,E11,E6,E7,-11.406000,193.916000,OK
3,9,adjacent,620,30,32,192,FWD,E11,E12,E7,E8,3.172000,178.714000,OK
3,9,adjacent,620,30,32,193,REV,E12,E11,E7,E8,3.926000,193.637000,OK
3,9,adjacent,620,30,32,194,FWD,E11,E12,E8,E9,0.430000,179.273000,OK
3,9,adjacent,620,30,32,195,REV,E12,E11,E8,E9,1.687000,193.038000,OK
3,9,adjacent,620,30,32,196,FWD,E11,E12,E9,E10,0.160000,179.632000,OK
3,9,adjacent,620,30,32,197,REV,E12,E11,E9,E10,34.129000,193.597000,OK
3,9,adjacent,620,30,32,198,FWD,E12,E1,E2,E3,-27.918000,138.016000,OK
3,9,adjacent,620,30,32,199,REV,E1,E12,E2,E3,-22.379000,187.612000,OK
3,9,adjacent,620,30,32,200,FWD,E12,E1,E3,E4,-2.418000,181.268000,OK
3,9,adjacent,620,30,32,201,REV,E1,E12,E3,E4,-0.801000,181.387000,OK
3,9,adjacent,620,30,32,202,FWD,E12,E1,E4,E5,5.129000,184.699000,OK
3,9,adjacent,620,30,32,203,REV,E1,E12,E4,E5,5.766000,180.789000,OK
3,9,adjacent,620,30,32,204,FWD,E12,E1,E5,E6,-10.254000,185.457000,OK
3,9,adjacent,620,30,32,205,REV,E1,E12,E5,E6,-9.508000,180.869000,OK
3,9,adjacent,620,30,32,206,FWD,E12,E1,E6,E7,-12.051000,186.654000,OK
3,9,adjacent,620,30,32,207,REV,E1,E12,E6,E7,-11.457000,180.470000,OK
3,9,adjacent,620,30,32,208,FWD,E12,E1,E7,E8,3.309000,186.933000,OK
3,9,adjacent,620,30,32,209,REV,E1,E12,E7,E8,4.117000,180.270000,OK
3,9,adjacent,620,30,32,210,FWD,E12,E1,E8,E9,0.426000,187.133000,OK
3,9,adjacent,620,30,32,211,REV,E1,E12,E8,E9,1.395000,180.190000,OK
3,9,adjacent,620,30,32,212,FWD,E12,E1,E9,E10,18.570000,187.013000,OK
3,9,adjacent,620,30,32,213,REV,E1,E12,E9,E10,20.758000,180.470000,OK
3,9,adjacent,620,30,32,214,FWD,E12,E1,E10,E11,-16.320000,187.253000,OK
3,9,adjacent,620,30,32,215,REV,E1,E12,E10,E11,3.133000,180.310000,OK
4,10,adjacent,620,30,32,0,FWD,E1,E2,E3,E4,-4.445000,144.878000,OK
4,10,adjacent,620,30,32,1,REV,E2,E1,E3,E4,-1.621000,206.006000,OK
4,10,adjacent,620,30,32,2,FWD,E1,E2,E4,E5,6.836000,180.669000,OK
4,10,adjacent,620,30,32,3,REV,E2,E1,E4,E5,7.758000,198.305000,OK
4,10,adjacent,620,30,32,4,FWD,E1,E2,E5,E6,-9.016000,185.337000,OK
4,10,adjacent,620,30,32,5,REV,E2,E1,E5,E6,-8.230000,197.028000,OK
4,10,adjacent,620,30,32,6,FWD,E1,E2,E6,E7,-11.949000,186.774000,OK
4,10,adjacent,620,30,32,7,REV,E2,E1,E6,E7,-11.449000,196.789000,OK
4,10,adjacent,620,30,32,8,FWD,E1,E2,E7,E8,3.699000,187.891000,OK
4,10,adjacent,620,30,32,9,REV,E2,E1,E7,E8,4.258000,196.709000,OK
4,10,adjacent,620,30,32,10,FWD,E1,E2,E8,E9,0.219000,188.290000,OK
4,10,adjacent,620,30,32,11,REV,E2,E1,E8,E9,0.687000,196.350000,OK
4,10,adjacent,620,30,32,12,FWD,E1,E2,E9,E10,20.340000,188.729000,OK
4,10,adjacent,620,30,32,13,REV,E2,E1,E9,E10,21.016000,196.669000,OK
4,10,adjacent,620,30,32,14,FWD,E1,E2,E10,E11,-7.238000,189.367000,OK
4,10,adjacent,620,30,32,15,REV,E2,E1,E10,E11,-6.289000,196.230000,OK
4,10,adjacent,620,30,32,16,FWD,E1,E2,E11,E12,7.617000,189.766000,OK
4,10,adjacent,620,30,32,17,REV,E2,E1,E11,E12,10.160000,196.510000,OK
4,10,adjacent,620,30,32,18,FWD,E2,E3,E4,E5,6.098000,183.382000,OK
4,10,adjacent,620,30,32,19,REV,E3,E2,E4,E5,9.336000,254.764000,OK
4,10,adjacent,620,30,32,20,FWD,E2,E3,E5,E6,-9.578000,234.774000,OK
4,10,adjacent,620,30,32,21,REV,E3,E2,E5,E6,-7.539000,249.298000,OK
4,10,adjacent,620,30,32,22,FWD,E2,E3,E6,E7,-12.371000,240.998000,OK
4,10,adjacent,620,30,32,23,REV,E3,E2,E6,E7,-11.375000,248.181000,OK
4,10,adjacent,620,30,32,24,FWD,E2,E3,E7,E8,3.695000,242.515000,OK
4,10,adjacent,620,30,32,25,REV,E3,E2,E7,E8,4.586000,248.739000,OK
4,10,adjacent,620,30,32,26,FWD,E2,E3,E8,E9,0.012000,243.592000,OK
4,10,adjacent,620,30,32,27,REV,E3,E2,E8,E9,0.668000,249.018000,OK
4,10,adjacent,620,30,32,28,FWD,E2,E3,E9,E10,20.520000,244.270000,OK
4,10,adjacent,620,30,32,29,REV,E3,E2,E9,E10,21.301000,249.098000,OK
4,10,adjacent,620,30,32,30,FWD,E2,E3,E10,E11,-7.312000,245.028000,OK
4,10,adjacent,620,30,32,31,REV,E3,E2,E10,E11,-6.207000,249.178000,OK
4,10,adjacent,620,30,32,32,FWD,E2,E3,E11,E12,7.582000,245.946000,OK
4,10,adjacent,620,30,32,33,REV,E3,E2,E11,E12,10.031000,249.777000,OK
4,10,adjacent,620,30,32,34,FWD,E2,E3,E12,E1,1.719000,245.667000,OK
4,10,adjacent,620,30,32,35,REV,E3,E2,E12,E1,9.691000,250.255000,OK
4,10,adjacent,620,30,32,36,FWD,E3,E4,E1,E2,47.383000,188.011000,OK
4,10,adjacent,620,30,32,37,REV,E4,E3,E1,E2,28.824000,239.961000,OK
4,10,adjacent,620,30,32,38,FWD,E3,E4,E5,E6,-12.727000,229.906000,OK
4,10,adjacent,620,30,32,39,REV,E4,E3,E5,E6,-3.715000,230.824000,OK
4,10,adjacent,620,30,32,40,FWD,E3,E4,E6,E7,-12.469000,232.899000,OK
4,10,adjacent,620,30,32,41,REV,E4,E3,E6,E7,-11.402000,230.305000,OK
4,10,adjacent,620,30,32,42,FWD,E3,E4,E7,E8,3.848000,234.175000,OK
4,10,adjacent,620,30,32,43,REV,E4,E3,E7,E8,4.652000,230.624000,OK
4,10,adjacent,620,30,32,44,FWD,E3,E4,E8,E9,-0.137000,235.093000,OK
4,10,adjacent,620,30,32,45,REV,E4,E3,E8,E9,0.484000,229.747000,OK
4,10,adjacent,620,30,32,46,FWD,E3,E4,E9,E10,20.641000,235.612000,OK
4,10,adjacent,620,30,32,47,REV,E4,E3,E9,E10,21.109000,230.584000,OK
4,10,adjacent,620,30,32,48,FWD,E3,E4,E10,E11,-6.887000,235.452000,OK
4,10,adjacent,620,30,32,49,REV,E4,E3,E10,E11,-6.437000,231.223000,OK
4,10,adjacent,620,30,32,50,FWD,E3,E4,E11,E12,8.324000,235.652000,OK
4,10,adjacent,620,30,32,51,REV,E4,E3,E11,E12,9.035000,231.063000,OK
4,10,adjacent,620,30,32,52,FWD,E3,E4,E12,E1,4.848000,235.692000,OK
4,10,adjacent,620,30,32,53,REV,E4,E3,E12,E1,6.836000,230.545000,OK
4,10,adjacent,620,30,32,54,FWD,E4,E5,E1,E2,3.922000,179.113000,OK
4,10,adjacent,620,30,32,55,REV,E5,E4,E1,E2,4.883000,264.659000,OK
4,10,adjacent,620,30,32,56,FWD,E4,E5,E2,E3,-17.703000,236.769000,OK
4,10,adjacent,620,30,32,57,REV,E5,E4,E2,E3,-17.531000,260.071000,OK
4,10,adjacent,620,30,32,58,FWD,E4,E5,E6,E7,-13.129000,243.432000,OK
4,10,adjacent,620,30,32,59,REV,E5,E4,E6,E7,-10.422000,259.273000,OK
4,10,adjacent,620,30,32,60,FWD,E4,E5,E7,E8,3.305000,246.984000,OK
4,10,adjacent,620,30,32,61,REV,E5,E4,E7,E8,5.000000,259.592000,OK
4,10,adjacent,620,30,32,62,FWD,E4,E5,E8,E9,-0.020000,249.417000,OK
4,10,adjacent,620,30,32,63,REV,E5,E4,E8,E9,0.723000,260.151000,OK
4,10,adjacent,620,30,32,64,FWD,E4,E5,E9,E10,20.461000,250.614000,OK
4,10,adjacent,620,30,32,65,REV,E5,E4,E9,E10,21.137000,260.470000,OK
4,10,adjacent,620,30,32,66,FWD,E4,E5,E10,E11,-6.711000,251.971000,OK
4,10,adjacent,620,30,32,67,REV,E5,E4,E10,E11,-6.273000,260.629000,OK
4,10,adjacent,620,30,32,68,FWD,E4,E5,E11,E12,8.355000,253.447000,OK
4,10,adjacent,620,30,32,69,REV,E5,E4,E11,E12,8.855000,260.510000,OK
4,10,adjacent,620,30,32,70,FWD,E4,E5,E12,E1,5.852000,253.647000,OK
4,10,adjacent,620,30,32,71,REV,E5,E4,E12,E1,7.113000,261.188000,OK
4,10,adjacent,620,30,32,72,FWD,E5,E6,E1,E2,3.660000,257.198000,OK
4,10,adjacent,620,30,32,73,REV,E6,E5,E1,E2,5.031000,336.001000,OK
4,10,adjacent,620,30,32,74,FWD,E5,E6,E2,E3,-25.359000,318.764000,OK
4,10,adjacent,620,30,32,75,REV,E6,E5,E2,E3,-22.738000,327.143000,OK
4,10,adjacent,620,30,32,76,FWD,E5,E6,E3,E4,21.668000,325.508000,OK
4,10,adjacent,620,30,32,77,REV,E6,E5,E3,E4,28.879000,326.385000,OK
4,10,adjacent,620,30,32,78,FWD,E5,E6,E7,E8,0.906000,328.101000,OK
4,10,adjacent,620,30,32,79,REV,E6,E5,E7,E8,6.984000,326.345000,OK
4,10,adjacent,620,30,32,80,FWD,E5,E6,E8,E9,-0.793000,329.577000,OK
4,10,adjacent,620,30,32,81,REV,E6,E5,E8,E9,1.488000,326.744000,OK
4,10,adjacent,620,30,32,82,FWD,E5,E6,E9,E10,20.160000,330.615000,OK
4,10,adjacent,620,30,32,83,REV,E6,E5,E9,E10,21.648000,325.867000,OK
4,10,adjacent,620,30,32,84,FWD,E5,E6,E10,E11,-6.945000,331.014000,OK
4,10,adjacent,620,30,32,85,REV,E6,E5,E10,E11,-6.129000,326.266000,OK
4,10,adjacent,620,30,32,86,FWD,E5,E6,E11,E12,8.246000,331.213000,OK
4,10,adjacent,620,30,32,87,REV,E6,E5,E11,E12,9.055000,326.625000,OK
4,10,adjacent,620,30,32,88,FWD,E5,E6,E12,E1,6.066000,332.091000,OK
4,10,adjacent,620,30,32,89,REV,E6,E5,E12,E1,7.223000,326.944000,OK
4,10,adjacent,620,30,32,90,FWD,E6,E7,E1,E2,4.187000,199.143000,OK
4,10,adjacent,620,30,32,91,REV,E7,E6,E1,E2,4.687000,294.744000,OK
4,10,adjacent,620,30,32,92,FWD,E6,E7,E2,E3,-24.676000,275.073000,OK
4,10,adjacent,620,30,32,93,REV,E7,E6,E2,E3,-23.664000,285.288000,OK
4,10,adjacent,620,30,32,94,FWD,E6,E7,E3,E4,3.289000,282.535000,OK
4,10,adjacent,620,30,32,95,REV,E7,E6,E3,E4,4.277000,283.891000,OK
4,10,adjacent,620,30,32,96,FWD,E6,E7,E4,E5,-1.375000,285.009000,OK
4,10,adjacent,620,30,32,97,REV,E7,E6,E4,E5,1.383000,283.692000,OK
4,10,adjacent,620,30,32,98,FWD,E6,E7,E8,E9,-1.512000,286.924000,OK
4,10,adjacent,620,30,32,99,REV,E7,E6,E8,E9,2.047000,283.093000,OK
4,10,adjacent,620,30,32,100,FWD,E6,E7,E9,E10,19.910000,287.044000,OK
4,10,adjacent,620,30,32,101,REV,E7,E6,E9,E10,21.570000,283.652000,OK
4,10,adjacent,620,30,32,102,FWD,E6,E7,E10,E11,-6.828000,287.443000,OK
4,10,adjacent,620,30,32,103,REV,E7,E6,E10,E11,-6.141000,283.732000,OK
4,10,adjacent,620,30,32,104,FWD,E6,E7,E11,E12,8.336000,288.001000,OK
4,10,adjacent,620,30,32,105,REV,E7,E6,E11,E12,8.953000,283.333000,OK
4,10,adjacent,620,30,32,106,FWD,E6,E7,E12,E1,6.352000,288.320000,OK
4,10,adjacent,620,30,32,107,REV,E7,E6,E12,E1,7.293000,283.692000,OK
4,10,adjacent,620,30,32,108,FWD,E7,E8,E1,E2,4.250000,151.741000,OK
4,10,adjacent,620,30,32,109,REV,E8,E7,E1,E2,4.910000,242.515000,OK
4,10,adjacent,620,30,32,110,FWD,E7,E8,E2,E3,-24.594000,221.886000,OK
4,10,adjacent,620,30,32,111,REV,E8,E7,E2,E3,-23.848000,232.819000,OK
4,10,adjacent,620,30,32,112,FWD,E7,E8,E3,E4,0.555000,228.510000,OK
4,10,adjacent,620,30,32,113,REV,E8,E7,E3,E4,1.234000,231.582000,OK
4,10,adjacent,620,30,32,114,FWD,E7,E8,E4,E5,1.437000,230.305000,OK
4,10,adjacent,620,30,32,115,REV,E8,E7,E4,E5,2.875000,231.023000,OK
4,10,adjacent,620,30,32,116,FWD,E7,E8,E5,E6,-12.895000,231.023000,OK
4,10,adjacent,620,30,32,117,REV,E8,E7,E5,E6,-9.215000,231.223000,OK
4,10,adjacent,620,30,32,118,FWD,E7,E8,E9,E10,19.113000,231.821000,OK
4,10,adjacent,620,30,32,119,REV,E8,E7,E9,E10,22.301000,230.944000,OK
4,10,adjacent,620,30,32,120,FWD,E7,E8,E10,E11,-7.020000,232.180000,OK
4,10,adjacent,620,30,32,121,REV,E8,E7,E10,E11,-5.395000,230.545000,OK
4,10,adjacent,620,30,32,122,FWD,E7,E8,E11,E12,8.152000,232.141000,OK
4,10,adjacent,620,30,32,123,REV,E8,E7,E11,E12,9.051000,230.624000,OK
4,10,adjacent,620,30,32,124,FWD,E7,E8,E12,E1,6.617000,232.540000,OK
4,10,adjacent,620,30,32,125,REV,E8,E7,E12,E1,7.391000,230.624000,OK
4,10,adjacent,620,30,32,126,FWD,E8,E9,E1,E2,4.437000,157.128000,OK
4,10,adjacent,620,30,32,127,REV,E9,E8,E1,E2,4.801000,253.128000,OK
4,10,adjacent,620,30,32,128,FWD,E8,E9,E2,E3,-24.469000,223.123000,OK
4,10,adjacent,620,30,32,129,REV,E9,E8,E2,E3,-23.848000,244.949000,OK
4,10,adjacent,620,30,32,130,FWD,E8,E9,E3,E4,-0.625000,231.382000,OK
4,10,adjacent,620,30,32,131,REV,E9,E8,E3,E4,-0.164000,244.191000,OK
4,10,adjacent,620,30,32,132,FWD,E8,E9,E4,E5,3.281000,233.537000,OK
4,10,adjacent,620,30,32,133,REV,E9,E8,E4,E5,4.043000,243.831000,OK
4,10,adjacent,620,30,32,134,FWD,E8,E9,E5,E6,-12.023000,235.572000,OK
4,10,adjacent,620,30,32,135,REV,E9,E8,E5,E6,-10.434000,243.712000,OK
4,10,adjacent,620,30,32,136,FWD,E8,E9,E6,E7,-10.871000,236.530000,OK
4,10,adjacent,620,30,32,137,REV,E9,E8,E6,E7,-8.414000,244.111000,OK
4,10,adjacent,620,30,32,138,FWD,E8,E9,E10,E11,-12.105000,236.969000,OK
4,10,adjacent,620,30,32,139,REV,E9,E8,E10,E11,0.617000,244.111000,OK
4,10,adjacent,620,30,32,140,FWD,E8,E9,E11,E12,7.555000,236.889000,OK
4,10,adjacent,620,30,32,141,REV,E9,E8,E11,E12,9.473000,244.111000,OK
4,10,adjacent,620,30,32,142,FWD,E8,E9,E12,E1,6.609000,237.727000,OK
4,10,adjacent,620,30,32,143,REV,E9,E8,E12,E1,7.973000,244.350000,OK
4,10,adjacent,620,30,32,144,FWD,E9,E10,E1,E2,3.930000,180.948000,OK
4,10,adjacent,620,30,32,145,REV,E10,E9,E1,E2,4.930000,260.949000,OK
4,10,adjacent,620,30,32,146,FWD,E9,E10,E2,E3,-24.719000,238.764000,OK
4,10,adjacent,620,30,32,147,REV,E10,E9,E2,E3,-23.934000,251.532000,OK
4,10,adjacent,620,30,32,148,FWD,E9,E10,E3,E4,-1.375000,245.228000,OK
4,10,adjacent,620,30,32,149,REV,E10,E9,E3,E4,-0.898000,250.614000,OK
4,10,adjacent,620,30,32,150,FWD,E9,E10,E4,E5,4.449000,247.462000,OK
4,10,adjacent,620,30,32,151,REV,E10,E9,E4,E5,5.066000,250.016000,OK
4,10,adjacent,620,30,32,152,FWD,E9,E10,E5,E6,-11.133000,248.061000,OK
4,10,adjacent,620,30,32,153,REV,E10,E9,E5,E6,-10.031000,250.614000,OK
4,10,adjacent,620,30,32,154,FWD,E9,E10,E6,E7,-12.266000,249.178000,OK
4,10,adjacent,620,30,32,155,REV,E10,E9,E6,E7,-10.742000,250.734000,OK
4,10,adjacent,620,30,32,156,FWD,E9,E10,E7,E8,3.621000,250.375000,OK
4,10,adjacent,620,30,32,157,REV,E10,E9,E7,E8,7.039000,250.255000,OK
4,10,adjacent,620,30,32,158,FWD,E9,E10,E11,E12,-12.625000,250.654000,OK
4,10,adjacent,620,30,32,159,REV,E10,E9,E11,E12,43.625000,250.415000,OK
4,10,adjacent,620,30,32,160,FWD,E9,E10,E12,E1,6.160000,250.255000,OK
4,10,adjacent,620,30,32,161,REV,E10,E9,E12,E1,8.758000,251.053000,OK
4,10,adjacent,620,30,32,162,FWD,E10,E11,E1,E2,4.125000,137.976000,OK
4,10,adjacent,620,30,32,163,REV,E11,E10,E1,E2,4.840000,207.283000,OK
4,10,adjacent,620,30,32,164,FWD,E10,E11,E2,E3,-24.707000,196.589000,OK
4,10,adjacent,620,30,32,165,REV,E11,E10,E2,E3,-23.973000,197.268000,OK
4,10,adjacent,620,30,32,166,FWD,E10,E11,E3,E4,-1.957000,201.497000,OK
4,10,adjacent,620,30,32,167,REV,E11,E10,E3,E4,-1.625000,196.111000,OK
4,10,adjacent,620,30,32,168,FWD,E10,E11,E4,E5,5.340000,203.013000,OK
4,10,adjacent,620,30,32,169,REV,E11,E10,E4,E5,5.637000,195.512000,OK
4,10,adjacent,620,30,32,170,FWD,E10,E11,E5,E6,-10.242000,203.213000,OK
4,10,adjacent,620,30,32,171,REV,E11,E10,E5,E6,-9.750000,195.552000,OK
4,10,adjacent,620,30,32,172,FWD,E10,E11,E6,E7,-12.078000,203.891000,OK
4,10,adjacent,620,30,32,173,REV,E11,E10,E6,E7,-11.512000,194.913000,OK
4,10,adjacent,620,30,32,174,FWD,E10,E11,E7,E8,2.414000,203.851000,OK
4,10,adjacent,620,30,32,175,REV,E11,E10,E7,E8,3.996000,195.193000,OK
4,10,adjacent,620,30,32,176,FWD,E10,E11,E8,E9,-3.773000,203.652000,OK
4,10,adjacent,620,30,32,177,REV,E11,E10,E8,E9,5.816000,195.273000,OK
4,10,adjacent,620,30,32,178,FWD,E10,E11,E12,E1,-0.191000,204.609000,OK
4,10,adjacent,620,30,32,179,REV,E11,E10,E12,E1,17.969000,194.594000,OK
4,10,adjacent,620,30,32,180,FWD,E11,E12,E1,E2,3.484000,113.557000,OK
4,10,adjacent,620,30,32,181,REV,E12,E11,E1,E2,5.848000,202.375000,OK
4,10,adjacent,620,30,32,182,FWD,E11,E12,E2,E3,-25.180000,167.422000,OK
4,10,adjacent,620,30,32,183,REV,E12,E11,E2,E3,-23.496000,195.193000,OK
4,10,adjacent,620,30,32,184,FWD,E11,E12,E3,E4,-2.488000,173.766000,OK
4,10,adjacent,620,30,32,185,REV,E12,E11,E3,E4,-1.887000,194.195000,OK
4,10,adjacent,620,30,32,186,FWD,E11,E12,E4,E5,5.867000,176.320000,OK
4,10,adjacent,620,30,32,187,REV,E12,E11,E4,E5,6.230000,192.519000,OK
4,10,adjacent,620,30,32,188,FWD,E11,E12,E5,E6,-9.887000,177.437000,OK
4,10,adjacent,620,30,32,189,REV,E12,E11,E5,E6,-9.492000,192.639000,OK
4,10,adjacent,620,30,32,190,FWD,E11,E12,E6,E7,-12.059000,177.677000,OK
4,10,adjacent,620,30,32,191,REV,E12,E11,E6,E7,-11.750000,193.198000,OK
4,10,adjacent,620,30,32,192,FWD,E11,E12,E7,E8,3.039000,178.076000,OK
4,10,adjacent,620,30,32,193,REV,E12,E11,E7,E8,3.707000,193.078000,OK
4,10,adjacent,620,30,32,194,FWD,E11,E12,E8,E9,0.781000,178.714000,OK
4,10,adjacent,620,30,32,195,REV,E12,E11,E8,E9,2.020000,193.158000,OK
4,10,adjacent,620,30,32,196,FWD,E11,E12,E9,E10,-2.258000,179.113000,OK
4,10,adjacent,620,30,32,197,REV,E12,E11,E9,E10,32.398000,193.437000,OK
4,10,adjacent,620,30,32,198,FWD,E12,E1,E2,E3,-27.090000,137.617000,OK
4,10,adjacent,620,30,32,199,REV,E1,E12,E2,E3,-21.520000,187.293000,OK
4,10,adjacent,620,30,32,200,FWD,E12,E1,E3,E4,-3.348000,180.390000,OK
4,10,adjacent,620,30,32,201,REV,E1,E12,E3,E4,-1.711000,181.068000,OK
4,10,adjacent,620,30,32,202,FWD,E12,E1,E4,E5,6.074000,184.061000,OK
4,10,adjacent,620,30,32,203,REV,E1,E12,E4,E5,6.789000,179.791000,OK
4,10,adjacent,620,30,32,204,FWD,E12,E1,E5,E6,-9.734000,185.617000,OK
4,10,adjacent,620,30,32,205,REV,E1,E12,E5,E6,-9.012000,180.031000,OK
4,10,adjacent,620,30,32,206,FWD,E12,E1,E6,E7,-12.242000,185.856000,OK
4,10,adjacent,620,30,32,207,REV,E1,E12,E6,E7,-11.742000,180.150000,OK
4,10,adjacent,620,30,32,208,FWD,E12,E1,E7,E8,2.957000,186.455000,OK
4,10,adjacent,620,30,32,209,REV,E1,E12,E7,E8,3.711000,179.791000,OK
4,10,adjacent,620,30,32,210,FWD,E12,E1,E8,E9,0.789000,186.854000,OK
4,10,adjacent,620,30,32,211,REV,E1,E12,E8,E9,1.781000,179.113000,OK
4,10,adjacent,620,30,32,212,FWD,E12,E1,E9,E10,16.648000,186.973000,OK
4,10,adjacent,620,30,32,213,REV,E1,E12,E9,E10,18.809000,180.071000,OK
4,10,adjacent,620,30,32,214,FWD,E12,E1,E10,E11,-15.641000,186.774000,OK
4,10,adjacent,620,30,32,215,REV,E1,E12,E10,E11,3.926000,180.071000,OK
5,11,adjacent,620,30,32,0,FWD,E1,E2,E3,E4,-4.164000,138.454000,OK
5,11,adjacent,620,30,32,1,REV,E2,E1,E3,E4,-1.359000,208.320000,OK
5,11,adjacent,620,30,32,2,FWD,E1,E2,E4,E5,6.434000,180.350000,OK
5,11,adjacent,620,30,32,3,REV,E2,E1,E4,E5,7.383000,198.704000,OK
5,11,adjacent,620,30,32,4,FWD,E1,E2,E5,E6,-11.117000,185.577000,OK
5,11,adjacent,620,30,32,5,REV,E2,E1,E5,E6,-10.422000,197.347000,OK
5,11,adjacent,620,30,32,6,FWD,E1,E2,E6,E7,-10.602000,186.894000,OK
5,11,adjacent,620,30,32,7,REV,E2,E1,E6,E7,-10.156000,196.350000,OK
5,11,adjacent,620,30,32,8,FWD,E1,E2,E7,E8,3.203000,188.290000,OK
5,11,adjacent,620,30,32,9,REV,E2,E1,E7,E8,3.594000,196.310000,OK
5,11,adjacent,620,30,32,10,FWD,E1,E2,E8,E9,1.863000,188.689000,OK
5,11,adjacent,620,30,32,11,REV,E2,E1,E8,E9,2.520000,196.270000,OK
5,11,adjacent,620,30,32,12,FWD,E1,E2,E9,E10,17.117000,188.370000,OK
5,11,adjacent,620,30,32,13,REV,E2,E1,E9,E10,17.711000,196.350000,OK
5,11,adjacent,620,30,32,14,FWD,E1,E2,E10,E11,-7.508000,188.490000,OK
5,11,adjacent,620,30,32,15,REV,E2,E1,E10,E11,-6.598000,196.031000,OK
5,11,adjacent,620,30,32,16,FWD,E1,E2,E11,E12,9.805000,189.048000,OK
5,11,adjacent,620,30,32,17,REV,E2,E1,E11,E12,12.344000,195.871000,OK
5,11,adjacent,620,30,32,18,FWD,E2,E3,E4,E5,5.816000,182.305000,OK
5,11,adjacent,620,30,32,19,REV,E3,E2,E4,E5,9.004000,254.964000,OK
5,11,adjacent,620,30,32,20,FWD,E2,E3,E5,E6,-11.988000,234.495000,OK
5,11,adjacent,620,30,32,21,REV,E3,E2,E5,E6,-9.852000,249.058000,OK
5,11,adjacent,620,30,32,22,FWD,E2,E3,E6,E7,-10.816000,240.320000,OK
5,11,adjacent,620,30,32,23,REV,E3,E2,E6,E7,-9.766000,248.540000,OK
5,11,adjacent,620,30,32,24,FWD,E2,E3,E7,E8,3.234000,242.435000,OK
5,11,adjacent,620,30,32,25,REV,E3,E2,E7,E8,4.117000,248.101000,OK
5,11,adjacent,620,30,32,26,FWD,E2,E3,E8,E9,1.426000,243.392000,OK
5,11,adjacent,620,30,32,27,REV,E3,E2,E8,E9,2.004000,248.939000,OK
5,11,adjacent,620,30,32,28,FWD,E2,E3,E9,E10,17.531000,244.430000,OK
5,11,adjacent,620,30,32,29,REV,E3,E2,E9,E10,18.453000,248.659000,OK
5,11,adjacent,620,30,32,30,FWD,E2,E3,E10,E11,-7.660000,245.388000,OK
5,11,adjacent,620,30,32,31,REV,E3,E2,E10,E11,-6.664000,248.540000,OK
5,11,adjacent,620,30,32,32,FWD,E2,E3,E11,E12,9.574000,245.707000,OK
5,11,adjacent,620,30,32,33,REV,E3,E2,E11,E12,11.973000,249.018000,OK
5,11,adjacent,620,30,32,34,FWD,E2,E3,E12,E1,2.066000,245.787000,OK
5,11,adjacent,620,30,32,35,REV,E3,E2,E12,E1,10.039000,249.378000,OK
5,11,adjacent,620,30,32,36,FWD,E3,E4,E1,E2,48.160000,187.412000,OK
5,11,adjacent,620,30,32,37,REV,E4,E3,E1,E2,29.398000,240.520000,OK
5,11,adjacent,620,30,32,38,FWD,E3,E4,E5,E6,-15.191000,230.146000,OK
5,11,adjacent,620,30,32,39,REV,E4,E3,E5,E6,-6.215000,231.343000,OK
5,11,adjacent,620,30,32,40,FWD,E3,E4,E6,E7,-10.512000,232.819000,OK
5,11,adjacent,620,30,32,41,REV,E4,E3,E6,E7,-9.516000,230.146000,OK
5,11,adjacent,620,30,32,42,FWD,E3,E4,E7,E8,3.250000,234.096000,OK
5,11,adjacent,620,30,32,43,REV,E4,E3,E7,E8,3.945000,230.225000,OK
5,11,adjacent,620,30,32,44,FWD,E3,E4,E8,E9,1.285000,234.415000,OK
5,11,adjacent,620,30,32,45,REV,E4,E3,E8,E9,1.805000,229.866000,OK
5,11,adjacent,620,30,32,46,FWD,E3,E4,E9,E10,18.031000,234.974000,OK
5,11,adjacent,620,30,32,47,REV,E4,E3,E9,E10,18.500000,230.026000,OK
5,11,adjacent,620,30,32,48,FWD,E3,E4,E10,E11,-6.887000,234.974000,OK
5,11,adjacent,620,30,32,49,REV,E4,E3,E10,E11,-6.359000,230.545000,OK
5,11,adjacent,620,30,32,50,FWD,E3,E4,E11,E12,9.996000,235.612000,OK
5,11,adjacent,620,30,32,51,REV,E4,E3,E11,E12,10.816000,231.382000,OK
5,11,adjacent,620,30,32,52,FWD,E3,E4,E12,E1,5.203000,235.612000,OK
5,11,adjacent,620,30,32,53,REV,E4,E3,E12,E1,7.266000,232.340000,OK
5,11,adjacent,620,30,32,54,FWD,E4,E5,E1,E2,4.000000,181.986000,OK
5,11,adjacent,620,30,32,55,REV,E5,E4,E1,E2,5.020000,264.899000,OK
5,11,adjacent,620,30,32,56,FWD,E4,E5,E2,E3,-17.320000,240.240000,OK
5,11,adjacent,620,30,32,57,REV,E5,E4,E2,E3,-17.078000,260.071000,OK
5,11,adjacent,620,30,32,58,FWD,E4,E5,E6,E7,-12.184000,247.223000,OK
5,11,adjacent,620,30,32,59,REV,E5,E4,E6,E7,-9.473000,259.792000,OK
5,11,adjacent,620,30,32,60,FWD,E4,E5,E7,E8,3.242000,251.213000,OK
5,11,adjacent,620,30,32,61,REV,E5,E4,E7,E8,4.906000,260.151000,OK
5,11,adjacent,620,30,32,62,FWD,E4,E5,E8,E9,0.965000,254.365000,OK
5,11,adjacent,620,30,32,63,REV,E5,E4,E8,E9,1.703000,260.949000,OK
5,11,adjacent,620,30,32,64,FWD,E4,E5,E9,E10,18.059000,256.041000,OK
5,11,adjacent,620,30,32,65,REV,E5,E4,E9,E10,18.598000,261.587000,OK
5,11,adjacent,620,30,32,66,FWD,E4,E5,E10,E11,-6.746000,257.118000,OK
5,11,adjacent,620,30,32,67,REV,E5,E4,E10,E11,-6.305000,261.388000,OK
5,11,adjacent,620,30,32,68,FWD,E4,E5,E11,E12,10.039000,259.153000,OK
5,11,adjacent,620,30,32,69,REV,E5,E4,E11,E12,10.527000,261.667000,OK
5,11,adjacent,620,30,32,70,FWD,E4,E5,E12,E1,5.945000,259.831000,OK
5,11,adjacent,620,30,32,71,REV,E5,E4,E12,E1,7.266000,262.465000,OK
5,11,adjacent,620,30,32,72,FWD,E5,E6,E1,E2,3.895000,258.914000,OK
5,11,adjacent,620,30,32,73,REV,E6,E5,E1,E2,5.328000,336.121000,OK
5,11,adjacent,620,30,32,74,FWD,E5,E6,E2,E3,-25.105000,319.682000,OK
5,11,adjacent,620,30,32,75,REV,E6,E5,E2,E3,-22.445000,327.183000,OK
5,11,adjacent,620,30,32,76,FWD,E5,E6,E3,E4,23.207000,326.545000,OK
5,11,adjacent,620,30,32,77,REV,E6,E5,E3,E4,30.285000,326.226000,OK
5,11,adjacent,620,30,32,78,FWD,E5,E6,E7,E8,1.062000,328.460000,OK
5,11,adjacent,620,30,32,79,REV,E6,E5,E7,E8,7.070000,325.827000,OK
5,11,adjacent,620,30,32,80,FWD,E5,E6,E8,E9,0.129000,329.697000,OK
5,11,adjacent,620,30,32,81,REV,E6,E5,E8,E9,2.410000,326.186000,OK
5,11,adjacent,620,30,32,82,FWD,E5,E6,E9,E10,17.637000,330.734000,OK
5,11,adjacent,620,30,32,83,REV,E6,E5,E9,E10,19.125000,326.106000,OK
5,11,adjacent,620,30,32,84,FWD,E5,E6,E10,E11,-6.738000,331.572000,OK
5,11,adjacent,620,30,32,85,REV,E6,E5,E10,E11,-5.879000,326.226000,OK
5,11,adjacent,620,30,32,86,FWD,E5,E6,E11,E12,9.418000,331.612000,OK
5,11,adjacent,620,30,32,87,REV,E6,E5,E11,E12,10.203000,326.385000,OK
5,11,adjacent,620,30,32,88,FWD,E5,E6,E12,E1,6.633000,332.051000,OK
5,11,adjacent,620,30,32,89,REV,E6,E5,E12,E1,7.820000,326.385000,OK
5,11,adjacent,620,30,32,90,FWD,E6,E7,E1,E2,4.199000,199.622000,OK
5,11,adjacent,620,30,32,91,REV,E7,E6,E1,E2,4.664000,295.064000,OK
5,11,adjacent,620,30,32,92,FWD,E6,E7,E2,E3,-24.340000,275.712000,OK
5,11,adjacent,620,30,32,93,REV,E7,E6,E2,E3,-23.332000,285.009000,OK
5,11,adjacent,620,30,32,94,FWD,E6,E7,E3,E4,4.055000,283.213000,OK
5,11,adjacent,620,30,32,95,REV,E7,E6,E3,E4,4.996000,283.891000,OK
5,11,adjacent,620,30,32,96,FWD,E6,E7,E4,E5,-2.039000,285.448000,OK
5,11,adjacent,620,30,32,97,REV,E7,E6,E4,E5,0.727000,283.732000,OK
5,11,adjacent,620,30,32,98,FWD,E6,E7,E8,E9,-0.652000,287.363000,OK
5,11,adjacent,620,30,32,99,REV,E7,E6,E8,E9,2.840000,283.612000,OK
5,11,adjacent,620,30,32,100,FWD,E6,E7,E9,E10,17.555000,287.881000,OK
5,11,adjacent,620,30,32,101,REV,E7,E6,E9,E10,19.219000,284.051000,OK
5,11,adjacent,620,30,32,102,FWD,E6,E7,E10,E11,-6.633000,287.762000,OK
5,11,adjacent,620,30,32,103,REV,E7,E6,E10,E11,-5.781000,284.610000,OK
5,11,adjacent,620,30,32,104,FWD,E6,E7,E11,E12,9.410000,288.161000,OK
5,11,adjacent,620,30,32,105,REV,E7,E6,E11,E12,10.008000,284.330000,OK
5,11,adjacent,620,30,32,106,FWD,E6,E7,E12,E1,6.758000,288.759000,OK
5,11,adjacent,620,30,32,107,REV,E7,E6,E12,E1,7.695000,284.091000,OK
5,11,adjacent,620,30,32,108,FWD,E7,E8,E1,E2,4.270000,151.861000,OK
5,11,adjacent,620,30,32,109,REV,E8,E7,E1,E2,5.008000,244.470000,OK
5,11,adjacent,620,30,32,110,FWD,E7,E8,E2,E3,-24.293000,222.485000,OK
5,11,adjacent,620,30,32,111,REV,E8,E7,E2,E3,-23.520000,234.016000,OK
5,11,adjacent,620,30,32,112,FWD,E7,E8,E3,E4,0.785000,229.148000,OK
5,11,adjacent,620,30,32,113,REV,E8,E7,E3,E4,1.434000,231.742000,OK
5,11,adjacent,620,30,32,114,FWD,E7,E8,E4,E5,1.336000,231.063000,OK
5,11,adjacent,620,30,32,115,REV,E8,E7,E4,E5,2.820000,231.183000,OK
5,11,adjacent,620,30,32,116,FWD,E7,E8,E5,E6,-13.848000,231.861000,OK
5,11,adjacent,620,30,32,117,REV,E8,E7,E5,E6,-10.145000,231.462000,OK
5,11,adjacent,620,30,32,118,FWD,E7,E8,E9,E10,16.898000,232.220000,OK
5,11,adjacent,620,30,32,119,REV,E8,E7,E9,E10,20.129000,231.223000,OK
5,11,adjacent,620,30,32,120,FWD,E7,E8,E10,E11,-6.891000,232.739000,OK
5,11,adjacent,620,30,32,121,REV,E8,E7,E10,E11,-5.383000,230.904000,OK
5,11,adjacent,620,30,32,122,FWD,E7,E8,E11,E12,9.176000,232.899000,OK
5,11,adjacent,620,30,32,123,REV,E8,E7,E11,E12,10.027000,230.944000,OK
5,11,adjacent,620,30,32,124,FWD,E7,E8,E12,E1,7.043000,232.619000,OK
5,11,adjacent,620,30,32,125,REV,E8,E7,E12,E1,7.781000,231.662000,OK
5,11,adjacent,620,30,32,126,FWD,E8,E9,E1,E2,4.484000,157.607000,OK
5,11,adjacent,620,30,32,127,REV,E9,E8,E1,E2,4.922000,254.684000,OK
5,11,adjacent,620,30,32,128,FWD,E8,E9,E2,E3,-24.328000,224.160000,OK
5,11,adjacent,620,30,32,129,REV,E9,E8,E2,E3,-23.691000,245.906000,OK
5,11,adjacent,620,30,32,130,FWD,E8,E9,E3,E4,-0.762000,231.901000,OK
5,11,adjacent,620,30,32,131,REV,E9,E8,E3,E4,-0.434000,245.228000,OK
5,11,adjacent,620,30,32,132,FWD,E8,E9,E4,E5,3.789000,234.215000,OK
5,11,adjacent,620,30,32,133,REV,E9,E8,E4,E5,4.547000,244.669000,OK
5,11,adjacent,620,30,32,134,FWD,E8,E9,E5,E6,-12.906000,236.131000,OK
5,11,adjacent,620,30,32,135,REV,E9,E8,E5,E6,-11.301000,244.230000,OK
5,11,adjacent,620,30,32,136,FWD,E8,E9,E6,E7,-10.359000,236.609000,OK
5,11,adjacent,620,30,32,137,REV,E9,E8,E6,E7,-7.871000,244.191000,OK
5,11,adjacent,620,30,32,138,FWD,E8,E9,E10,E11,-11.648000,237.447000,OK
5,11,adjacent,620,30,32,139,REV,E9,E8,E10,E11,1.191000,244.669000,OK
5,11,adjacent,620,30,32,140,FWD,E8,E9,E11,E12,8.246000,237.447000,OK
5,11,adjacent,620,30,32,141,REV,E9,E8,E11,E12,10.191000,244.550000,OK
5,11,adjacent,620,30,32,142,FWD,E8,E9,E12,E1,6.937000,238.166000,OK
5,11,adjacent,620,30,32,143,REV,E9,E8,E12,E1,8.348000,244.071000,OK
5,11,adjacent,620,30,32,144,FWD,E9,E10,E1,E2,4.105000,181.467000,OK
5,11,adjacent,620,30,32,145,REV,E10,E9,E1,E2,5.086000,260.470000,OK
5,11,adjacent,620,30,32,146,FWD,E9,E10,E2,E3,-24.379000,239.482000,OK
5,11,adjacent,620,30,32,147,REV,E10,E9,E2,E3,-23.543000,251.612000,OK
5,11,adjacent,620,30,32,148,FWD,E9,E10,E3,E4,-1.855000,245.467000,OK
5,11,adjacent,620,30,32,149,REV,E10,E9,E3,E4,-1.367000,249.777000,OK
5,11,adjacent,620,30,32,150,FWD,E9,E10,E4,E5,4.758000,247.702000,OK
5,11,adjacent,620,30,32,151,REV,E10,E9,E4,E5,5.363000,249.378000,OK
5,11,adjacent,620,30,32,152,FWD,E9,E10,E5,E6,-11.680000,248.659000,OK
5,11,adjacent,620,30,32,153,REV,E10,E9,E5,E6,-10.555000,249.936000,OK
5,11,adjacent,620,30,32,154,FWD,E9,E10,E6,E7,-11.969000,249.178000,OK
5,11,adjacent,620,30,32,155,REV,E10,E9,E6,E7,-10.492000,249.777000,OK
5,11,adjacent,620,30,32,156,FWD,E9,E10,E7,E8,4.289000,249.417000,OK
5,11,adjacent,620,30,32,157,REV,E10,E9,E7,E8,7.727000,249.777000,OK
5,11,adjacent,620,30,32,158,FWD,E9,E10,E11,E12,-12.027000,250.295000,OK
5,11,adjacent,620,30,32,159,REV,E10,E9,E11,E12,43.770000,249.777000,OK
5,11,adjacent,620,30,32,160,FWD,E9,E10,E12,E1,6.508000,250.854000,OK
5,11,adjacent,620,30,32,161,REV,E10,E9,E12,E1,9.121000,249.856000,OK
5,11,adjacent,620,30,32,162,FWD,E10,E11,E1,E2,4.289000,136.699000,OK
5,11,adjacent,620,30,32,163,REV,E11,E10,E1,E2,5.016000,207.323000,OK
5,11,adjacent,620,30,32,164,FWD,E10,E11,E2,E3,-24.430000,195.871000,OK
5,11,adjacent,620,30,32,165,REV,E11,E10,E2,E3,-23.703000,196.909000,OK
5,11,adjacent,620,30,32,166,FWD,E10,E11,E3,E4,-2.230000,200.380000,OK
5,11,adjacent,620,30,32,167,REV,E11,E10,E3,E4,-1.914000,195.911000,OK
5,11,adjacent,620,30,32,168,FWD,E10,E11,E4,E5,5.645000,201.936000,OK
5,11,adjacent,620,30,32,169,REV,E11,E10,E4,E5,5.961000,195.512000,OK
5,11,adjacent,620,30,32,170,FWD,E10,E11,E5,E6,-10.859000,203.253000,OK
5,11,adjacent,620,30,32,171,REV,E11,E10,E5,E6,-10.387000,194.993000,OK
5,11,adjacent,620,30,32,172,FWD,E10,E11,E6,E7,-11.672000,203.173000,OK
5,11,adjacent,620,30,32,173,REV,E11,E10,E6,E7,-11.117000,194.714000,OK
5,11,adjacent,620,30,32,174,FWD,E10,E11,E7,E8,3.176000,203.731000,OK
5,11,adjacent,620,30,32,175,REV,E11,E10,E7,E8,4.656000,194.834000,OK
5,11,adjacent,620,30,32,176,FWD,E10,E11,E8,E9,-3.180000,203.412000,OK
5,11,adjacent,620,30,32,177,REV,E11,E10,E8,E9,6.355000,194.634000,OK
5,11,adjacent,620,30,32,178,FWD,E10,E11,E12,E1,-0.168000,204.130000,OK
5,11,adjacent,620,30,32,179,REV,E11,E10,E12,E1,18.410000,194.594000,OK
5,11,adjacent,620,30,32,180,FWD,E11,E12,E1,E2,3.668000,112.160000,OK
5,11,adjacent,620,30,32,181,REV,E12,E11,E1,E2,6.020000,202.495000,OK
5,11,adjacent,620,30,32,182,FWD,E11,E12,E2,E3,-24.816000,167.342000,OK
5,11,adjacent,620,30,32,183,REV,E12,E11,E2,E3,-23.082000,195.073000,OK
5,11,adjacent,620,30,32,184,FWD,E11,E12,E3,E4,-2.871000,173.208000,OK
5,11,adjacent,620,30,32,185,REV,E12,E11,E3,E4,-2.328000,193.796000,OK
5,11,adjacent,620,30,32,186,FWD,E11,E12,E4,E5,6.180000,176.080000,OK
5,11,adjacent,620,30,32,187,REV,E12,E11,E4,E5,6.512000,192.998000,OK
5,11,adjacent,620,30,32,188,FWD,E11,E12,E5,E6,-10.613000,176.639000,OK
5,11,adjacent,620,30,32,189,REV,E12,E11,E5,E6,-10.184000,193.637000,OK
5,11,adjacent,620,30,32,190,FWD,E11,E12,E6,E7,-11.422000,177.278000,OK
5,11,adjacent,620,30,32,191,REV,E12,E11,E6,E7,-10.957000,193.357000,OK
5,11,adjacent,620,30,32,192,FWD,E11,E12,E7,E8,3.629000,178.155000,OK
5,11,adjacent,620,30,32,193,REV,E12,E11,E7,E8,4.328000,193.078000,OK
5,11,adjacent,620,30,32,194,FWD,E11,E12,E8,E9,0.973000,178.475000,OK
5,11,adjacent,620,30,32,195,REV,E12,E11,E8,E9,2.223000,192.998000,OK
5,11,adjacent,620,30,32,196,FWD,E11,E12,E9,E10,-3.930000,178.554000,OK
5,11,adjacent,620,30,32,197,REV,E12,E11,E9,E10,30.793000,193.278000,OK
5,11,adjacent,620,30,32,198,FWD,E12,E1,E2,E3,-26.535000,137.936000,OK
5,11,adjacent,620,30,32,199,REV,E1,E12,E2,E3,-21.020000,187.133000,OK
5,11,adjacent,620,30,32,200,FWD,E12,E1,E3,E4,-3.855000,181.028000,OK
5,11,adjacent,620,30,32,201,REV,E1,E12,E3,E4,-2.195000,180.549000,OK
5,11,adjacent,620,30,32,202,FWD,E12,E1,E4,E5,6.383000,184.460000,OK
5,11,adjacent,620,30,32,203,REV,E1,E12,E4,E5,7.145000,179.831000,OK
5,11,adjacent,620,30,32,204,FWD,E12,E1,E5,E6,-10.867000,185.417000,OK
5,11,adjacent,620,30,32,205,REV,E1,E12,E5,E6,-10.133000,180.270000,OK
5,11,adjacent,620,30,32,206,FWD,E12,E1,E6,E7,-11.086000,185.617000,OK
5,11,adjacent,620,30,32,207,REV,E1,E12,E6,E7,-10.613000,179.512000,OK
5,11,adjacent,620,30,32,208,FWD,E12,E1,E7,E8,3.605000,186.654000,OK
5,11,adjacent,620,30,32,209,REV,E1,E12,E7,E8,4.320000,179.273000,OK
5,11,adjacent,620,30,32,210,FWD,E12,E1,E8,E9,1.375000,186.455000,OK
5,11,adjacent,620,30,32,211,REV,E1,E12,E8,E9,2.340000,180.071000,OK
5,11,adjacent,620,30,32,212,FWD,E12,E1,E9,E10,14.855000,186.175000,OK
5,11,adjacent,620,30,32,213,REV,E1,E12,E9,E10,17.035000,179.751000,OK
5,11,adjacent,620,30,32,214,FWD,E12,E1,E10,E11,-15.500000,186.495000,OK
5,11,adjacent,620,30,32,215,REV,E1,E12,E10,E11,4.129000,179.951000,OK
6,12,adjacent,620,30,32,0,FWD,E1,E2,E3,E4,-4.598000,142.444000,OK
6,12,adjacent,620,30,32,1,REV,E2,E1,E3,E4,-1.789000,206.445000,OK
6,12,adjacent,620,30,32,2,FWD,E1,E2,E4,E5,7.070000,181.148000,OK
6,12,adjacent,620,30,32,3,REV,E2,E1,E4,E5,7.988000,197.786000,OK
6,12,adjacent,620,30,32,4,FWD,E1,E2,E5,E6,-10.719000,185.297000,OK
6,12,adjacent,620,30,32,5,REV,E2,E1,E5,E6,-10.004000,196.749000,OK
6,12,adjacent,620,30,32,6,FWD,E1,E2,E6,E7,-9.684000,187.133000,OK
6,12,adjacent,620,30,32,7,REV,E2,E1,E6,E7,-9.301000,196.230000,OK
6,12,adjacent,620,30,32,8,FWD,E1,E2,E7,E8,3.102000,187.931000,OK
6,12,adjacent,620,30,32,9,REV,E2,E1,E7,E8,3.727000,195.672000,OK
6,12,adjacent,620,30,32,10,FWD,E1,E2,E8,E9,0.707000,188.370000,OK
6,12,adjacent,620,30,32,11,REV,E2,E1,E8,E9,1.129000,195.871000,OK
6,12,adjacent,620,30,32,12,FWD,E1,E2,E9,E10,16.465000,188.210000,OK
6,12,adjacent,620,30,32,13,REV,E2,E1,E9,E10,17.164000,195.751000,OK
6,12,adjacent,620,30,32,14,FWD,E1,E2,E10,E11,-7.082000,188.889000,OK
6,12,adjacent,620,30,32,15,REV,E2,E1,E10,E11,-6.199000,195.432000,OK
6,12,adjacent,620,30,32,16,FWD,E1,E2,E11,E12,9.402000,189.447000,OK
6,12,adjacent,620,30,32,17,REV,E2,E1,E11,E12,11.918000,194.993000,OK
6,12,adjacent,620,30,32,18,FWD,E2,E3,E4,E5,6.395000,180.709000,OK
6,12,adjacent,620,30,32,19,REV,E3,E2,E4,E5,9.520000,254.644000,OK
6,12,adjacent,620,30,32,20,FWD,E2,E3,E5,E6,-11.117000,233.098000,OK
6,12,adjacent,620,30,32,21,REV,E3,E2,E5,E6,-9.121000,248.699000,OK
6,12,adjacent,620,30,32,22,FWD,E2,E3,E6,E7,-9.754000,239.123000,OK
6,12,adjacent,620,30,32,23,REV,E3,E2,E6,E7,-8.715000,247.742000,OK
6,12,adjacent,620,30,32,24,FWD,E2,E3,E7,E8,2.570000,241.437000,OK
6,12,adjacent,620,30,32,25,REV,E3,E2,E7,E8,3.465000,248.340000,OK
6,12,adjacent,620,30,32,26,FWD,E2,E3,E8,E9,0.379000,242.555000,OK
6,12,adjacent,620,30,32,27,REV,E3,E2,E8,E9,1.094000,248.460000,OK
6,12,adjacent,620,30,32,28,FWD,E2,E3,E9,E10,16.551000,243.033000,OK
6,12,adjacent,620,30,32,29,REV,E3,E2,E9,E10,17.445000,248.580000,OK
6,12,adjacent,620,30,32,30,FWD,E2,E3,E10,E11,-6.941000,243.592000,OK
6,12,adjacent,620,30,32,31,REV,E3,E2,E10,E11,-6.109000,248.699000,OK
6,12,adjacent,620,30,32,32,FWD,E2,E3,E11,E12,9.203000,244.310000,OK
6,12,adjacent,620,30,32,33,REV,E3,E2,E11,E12,11.691000,249.138000,OK
6,12,adjacent,620,30,32,34,FWD,E2,E3,E12,E1,1.742000,244.270000,OK
6,12,adjacent,620,30,32,35,REV,E3,E2,E12,E1,9.711000,249.417000,OK
6,12,adjacent,620,30,32,36,FWD,E3,E4,E1,E2,48.125000,187.771000,OK
6,12,adjacent,620,30,32,37,REV,E4,E3,E1,E2,29.129000,241.158000,OK
6,12,adjacent,620,30,32,38,FWD,E3,E4,E5,E6,-14.512000,230.385000,OK
6,12,adjacent,620,30,32,39,REV,E4,E3,E5,E6,-5.473000,231.742000,OK
6,12,adjacent,620,30,32,40,FWD,E3,E4,E6,E7,-9.332000,233.537000,OK
6,12,adjacent,620,30,32,41,REV,E4,E3,E6,E7,-8.234000,230.944000,OK
6,12,adjacent,620,30,32,42,FWD,E3,E4,E7,E8,2.367000,234.455000,OK
6,12,adjacent,620,30,32,43,REV,E4,E3,E7,E8,3.211000,230.305000,OK
6,12,adjacent,620,30,32,44,FWD,E3,E4,E8,E9,0.348000,235.013000,OK
6,12,adjacent,620,30,32,45,REV,E4,E3,E8,E9,1.066000,230.026000,OK
6,12,adjacent,620,30,32,46,FWD,E3,E4,E9,E10,16.777000,235.333000,OK
6,12,adjacent,620,30,32,47,REV,E4,E3,E9,E10,17.246000,230.465000,OK
6,12,adjacent,620,30,32,48,FWD,E3,E4,E10,E11,-6.402000,235.851000,OK
6,12,adjacent,620,30,32,49,REV,E4,E3,E10,E11,-5.969000,230.983000,OK
6,12,adjacent,620,30,32,50,FWD,E3,E4,E11,E12,9.824000,236.171000,OK
6,12,adjacent,620,30,32,51,REV,E4,E3,E11,E12,10.648000,231.861000,OK
6,12,adjacent,620,30,32,52,FWD,E3,E4,E12,E1,5.070000,236.370000,OK
6,12,adjacent,620,30,32,53,REV,E4,E3,E12,E1,7.129000,231.821000,OK
6,12,adjacent,620,30,32,54,FWD,E4,E5,E1,E2,3.668000,179.472000,OK
6,12,adjacent,620,30,32,55,REV,E5,E4,E1,E2,4.648000,266.056000,OK
6,12,adjacent,620,30,32,56,FWD,E4,E5,E2,E3,-16.582000,237.846000,OK
6,12,adjacent,620,30,32,57,REV,E5,E4,E2,E3,-16.418000,260.709000,OK
6,12,adjacent,620,30,32,58,FWD,E4,E5,E6,E7,-10.406000,245.108000,OK
6,12,adjacent,620,30,32,59,REV,E5,E4,E6,E7,-7.730000,260.470000,OK
6,12,adjacent,620,30,32,60,FWD,E4,E5,E7,E8,2.555000,248.699000,OK
6,12,adjacent,620,30,32,61,REV,E5,E4,E7,E8,4.246000,260.390000,OK
6,12,adjacent,620,30,32,62,FWD,E4,E5,E8,E9,0.320000,250.375000,OK
6,12,adjacent,620,30,32,63,REV,E5,E4,E8,E9,1.012000,261.028000,OK
6,12,adjacent,620,30,32,64,FWD,E4,E5,E9,E10,16.832000,251.772000,OK
6,12,adjacent,620,30,32,65,REV,E5,E4,E9,E10,17.449000,261.068000,OK
6,12,adjacent,620,30,32,66,FWD,E4,E5,E10,E11,-5.574000,253.288000,OK
6,12,adjacent,620,30,32,67,REV,E5,E4,E10,E11,-5.152000,260.909000,OK
6,12,adjacent,620,30,32,68,FWD,E4,E5,E11,E12,9.227000,255.123000,OK
6,12,adjacent,620,30,32,69,REV,E5,E4,E11,E12,9.734000,261.228000,OK
6,12,adjacent,620,30,32,70,FWD,E4,E5,E12,E1,6.051000,255.722000,OK
6,12,adjacent,620,30,32,71,REV,E5,E4,E12,E1,7.328000,261.427000,OK
6,12,adjacent,620,30,32,72,FWD,E5,E6,E1,E2,3.508000,258.275000,OK
6,12,adjacent,620,30,32,73,REV,E6,E5,E1,E2,4.902000,335.483000,OK
6,12,adjacent,620,30,32,74,FWD,E5,E6,E2,E3,-24.539000,319.522000,OK
6,12,adjacent,620,30,32,75,REV,E6,E5,E2,E3,-21.914000,326.545000,OK
6,12,adjacent,620,30,32,76,FWD,E5,E6,E3,E4,20.977000,325.867000,OK
6,12,adjacent,620,30,32,77,REV,E6,E5,E3,E4,28.305000,326.385000,OK
6,12,adjacent,620,30,32,78,FWD,E5,E6,E7,E8,1.570000,328.420000,OK
6,12,adjacent,620,30,32,79,REV,E6,E5,E7,E8,7.711000,326.146000,OK
6,12,adjacent,620,30,32,80,FWD,E5,E6,E8,E9,-0.715000,329.697000,OK
6,12,adjacent,620,30,32,81,REV,E6,E5,E8,E9,1.590000,326.026000,OK
6,12,adjacent,620,30,32,82,FWD,E5,E6,E9,E10,16.504000,330.695000,OK
6,12,adjacent,620,30,32,83,REV,E6,E5,E9,E10,17.941000,325.946000,OK
6,12,adjacent,620,30,32,84,FWD,E5,E6,E10,E11,-5.855000,331.213000,OK
6,12,adjacent,620,30,32,85,REV,E6,E5,E10,E11,-5.086000,326.186000,OK
6,12,adjacent,620,30,32,86,FWD,E5,E6,E11,E12,9.090000,331.014000,OK
6,12,adjacent,620,30,32,87,REV,E6,E5,E11,E12,9.852000,326.266000,OK
6,12,adjacent,620,30,32,88,FWD,E5,E6,E12,E1,6.395000,332.091000,OK
6,12,adjacent,620,30,32,89,REV,E6,E5,E12,E1,7.570000,326.625000,OK
6,12,adjacent,620,30,32,90,FWD,E6,E7,E1,E2,4.090000,198.864000,OK
6,12,adjacent,620,30,32,91,REV,E7,E6,E1,E2,4.562000,295.542000,OK
6,12,adjacent,620,30,32,92,FWD,E6,E7,E2,E3,-23.707000,274.874000,OK
6,12,adjacent,620,30,32,93,REV,E7,E6,E2,E3,-22.695000,285.168000,OK
6,12,adjacent,620,30,32,94,FWD,E6,E7,E3,E4,2.789000,282.216000,OK
6,12,adjacent,620,30,32,95,REV,E7,E6,E3,E4,3.680000,283.732000,OK
6,12,adjacent,620,30,32,96,FWD,E6,E7,E4,E5,-0.922000,285.288000,OK
6,12,adjacent,620,30,32,97,REV,E7,E6,E4,E5,1.918000,283.333000,OK
6,12,adjacent,620,30,32,98,FWD,E6,E7,E8,E9,-1.520000,286.445000,OK
6,12,adjacent,620,30,32,99,REV,E7,E6,E8,E9,1.973000,283.453000,OK
6,12,adjacent,620,30,32,100,FWD,E6,E7,E9,E10,16.574000,287.363000,OK
6,12,adjacent,620,30,32,101,REV,E7,E6,E9,E10,18.316000,283.732000,OK
6,12,adjacent,620,30,32,102,FWD,E6,E7,E10,E11,-5.703000,287.842000,OK
6,12,adjacent,620,30,32,103,REV,E7,E6,E10,E11,-5.023000,283.173000,OK
6,12,adjacent,620,30,32,104,FWD,E6,E7,E11,E12,9.023000,288.560000,OK
6,12,adjacent,620,30,32,105,REV,E7,E6,E11,E12,9.617000,283.572000,OK
6,12,adjacent,620,30,32,106,FWD,E6,E7,E12,E1,6.602000,288.560000,OK
6,12,adjacent,620,30,32,107,REV,E7,E6,E12,E1,7.555000,283.572000,OK
6,12,adjacent,620,30,32,108,FWD,E7,E8,E1,E2,4.074000,151.462000,OK
6,12,adjacent,620,30,32,109,REV,E8,E7,E1,E2,4.805000,244.111000,OK
6,12,adjacent,620,30,32,110,FWD,E7,E8,E2,E3,-23.777000,221.886000,OK
6,12,adjacent,620,30,32,111,REV,E8,E7,E2,E3,-23.023000,233.776000,OK
6,12,adjacent,620,30,32,112,FWD,E7,E8,E3,E4,-0.141000,228.669000,OK
6,12,adjacent,620,30,32,113,REV,E8,E7,E3,E4,0.512000,232.141000,OK
6,12,adjacent,620,30,32,114,FWD,E7,E8,E4,E5,2.152000,230.425000,OK
6,12,adjacent,620,30,32,115,REV,E8,E7,E4,E5,3.652000,232.061000,OK
6,12,adjacent,620,30,32,116,FWD,E7,E8,E5,E6,-13.914000,231.702000,OK
6,12,adjacent,620,30,32,117,REV,E8,E7,E5,E6,-10.195000,232.061000,OK
6,12,adjacent,620,30,32,118,FWD,E7,E8,E9,E10,16.039000,231.662000,OK
6,12,adjacent,620,30,32,119,REV,E8,E7,E9,E10,19.195000,230.824000,OK
6,12,adjacent,620,30,32,120,FWD,E7,E8,E10,E11,-6.145000,232.420000,OK
6,12,adjacent,620,30,32,121,REV,E8,E7,E10,E11,-4.437000,230.584000,OK
6,12,adjacent,620,30,32,122,FWD,E7,E8,E11,E12,8.844000,232.540000,OK
6,12,adjacent,620,30,32,123,REV,E8,E7,E11,E12,9.648000,231.183000,OK
6,12,adjacent,620,30,32,124,FWD,E7,E8,E12,E1,6.883000,232.420000,OK
6,12,adjacent,620,30,32,125,REV,E8,E7,E12,E1,7.625000,231.502000,OK
6,12,adjacent,620,30,32,126,FWD,E8,E9,E1,E2,4.340000,157.966000,OK
6,12,adjacent,620,30,32,127,REV,E9,E8,E1,E2,4.691000,254.604000,OK
6,12,adjacent,620,30,32,128,FWD,E8,E9,E2,E3,-23.801000,223.881000,OK
6,12,adjacent,620,30,32,129,REV,E9,E8,E2,E3,-23.184000,245.787000,OK
6,12,adjacent,620,30,32,130,FWD,E8,E9,E3,E4,-1.250000,231.941000,OK
6,12,adjacent,620,30,32,131,REV,E9,E8,E3,E4,-0.793000,245.348000,OK
6,12,adjacent,620,30,32,132,FWD,E8,E9,E4,E5,4.043000,234.175000,OK
6,12,adjacent,620,30,32,133,REV,E9,E8,E4,E5,4.797000,245.228000,OK
6,12,adjacent,620,30,32,134,FWD,E8,E9,E5,E6,-13.145000,236.370000,OK
6,12,adjacent,620,30,32,135,REV,E9,E8,E5,E6,-11.547000,244.629000,OK
6,12,adjacent,620,30,32,136,FWD,E8,E9,E6,E7,-9.719000,237.008000,OK
6,12,adjacent,620,30,32,137,REV,E9,E8,E6,E7,-7.168000,244.430000,OK
6,12,adjacent,620,30,32,138,FWD,E8,E9,E10,E11,-10.832000,237.407000,OK
6,12,adjacent,620,30,32,139,REV,E9,E8,E10,E11,2.074000,244.669000,OK
6,12,adjacent,620,30,32,140,FWD,E8,E9,E11,E12,8.098000,237.806000,OK
6,12,adjacent,620,30,32,141,REV,E9,E8,E11,E12,10.047000,244.669000,OK
6,12,adjacent,620,30,32,142,FWD,E8,E9,E12,E1,6.812000,238.166000,OK
6,12,adjacent,620,30,32,143,REV,E9,E8,E12,E1,8.211000,244.071000,OK
6,12,adjacent,620,30,32,144,FWD,E9,E10,E1,E2,3.965000,182.225000,OK
6,12,adjacent,620,30,32,145,REV,E10,E9,E1,E2,4.930000,258.834000,OK
6,12,adjacent,620,30,32,146,FWD,E9,E10,E2,E3,-23.895000,240.121000,OK
6,12,adjacent,620,30,32,147,REV,E10,E9,E2,E3,-23.070000,250.255000,OK
6,12,adjacent,620,30,32,148,FWD,E9,E10,E3,E4,-2.109000,245.467000,OK
6,12,adjacent,620,30,32,149,REV,E10,E9,E3,E4,-1.664000,249.338000,OK
6,12,adjacent,620,30,32,150,FWD,E9,E10,E4,E5,5.164000,247.981000,OK
6,12,adjacent,620,30,32,151,REV,E10,E9,E4,E5,5.762000,248.380000,OK
6,12,adjacent,620,30,32,152,FWD,E9,E10,E5,E6,-12.324000,249.138000,OK
6,12,adjacent,620,30,32,153,REV,E10,E9,E5,E6,-11.176000,248.859000,OK
6,12,adjacent,620,30,32,154,FWD,E9,E10,E6,E7,-11.176000,249.378000,OK
6,12,adjacent,620,30,32,155,REV,E10,E9,E6,E7,-9.688000,249.218000,OK
6,12,adjacent,620,30,32,156,FWD,E9,E10,E7,E8,4.773000,249.657000,OK
6,12,adjacent,620,30,32,157,REV,E10,E9,E7,E8,8.203000,249.058000,OK
6,12,adjacent,620,30,32,158,FWD,E9,E10,E11,E12,-12.230000,250.495000,OK
6,12,adjacent,620,30,32,159,REV,E10,E9,E11,E12,43.758000,248.739000,OK
6,12,adjacent,620,30,32,160,FWD,E9,E10,E12,E1,6.363000,250.255000,OK
6,12,adjacent,620,30,32,161,REV,E10,E9,E12,E1,8.973000,249.218000,OK
6,12,adjacent,620,30,32,162,FWD,E10,E11,E1,E2,4.344000,136.020000,OK
6,12,adjacent,620,30,32,163,REV,E11,E10,E1,E2,5.066000,207.522000,OK
6,12,adjacent,620,30,32,164,FWD,E10,E11,E2,E3,-24.109000,195.392000,OK
6,12,adjacent,620,30,32,165,REV,E11,E10,E2,E3,-23.422000,197.108000,OK
6,12,adjacent,620,30,32,166,FWD,E10,E11,E3,E4,-2.672000,200.978000,OK
6,12,adjacent,620,30,32,167,REV,E11,E10,E3,E4,-2.367000,195.791000,OK
6,12,adjacent,620,30,32,168,FWD,E10,E11,E4,E5,5.891000,202.295000,OK
6,12,adjacent,620,30,32,169,REV,E11,E10,E4,E5,6.234000,195.392000,OK
6,12,adjacent,620,30,32,170,FWD,E10,E11,E5,E6,-11.332000,202.335000,OK
6,12,adjacent,620,30,32,171,REV,E11,E10,E5,E6,-10.871000,195.712000,OK
6,12,adjacent,620,30,32,172,FWD,E10,E11,E6,E7,-11.188000,203.253000,OK
6,12,adjacent,620,30,32,173,REV,E11,E10,E6,E7,-10.707000,194.834000,OK
6,12,adjacent,620,30,32,174,FWD,E10,E11,E7,E8,3.980000,203.692000,OK
6,12,adjacent,620,30,32,175,REV,E11,E10,E7,E8,5.375000,194.714000,OK
6,12,adjacent,620,30,32,176,FWD,E10,E11,E8,E9,-3.715000,203.492000,OK
6,12,adjacent,620,30,32,177,REV,E11,E10,E8,E9,5.848000,195.273000,OK
6,12,adjacent,620,30,32,178,FWD,E10,E11,E12,E1,-0.270000,203.652000,OK
6,12,adjacent,620,30,32,179,REV,E11,E10,E12,E1,18.301000,195.233000,OK
6,12,adjacent,620,30,32,180,FWD,E11,E12,E1,E2,3.609000,112.320000,OK
6,12,adjacent,620,30,32,181,REV,E12,E11,E1,E2,5.957000,202.694000,OK
6,12,adjacent,620,30,32,182,FWD,E11,E12,E2,E3,-24.414000,167.861000,OK
6,12,adjacent,620,30,32,183,REV,E12,E11,E2,E3,-22.691000,194.913000,OK
6,12,adjacent,620,30,32,184,FWD,E11,E12,E3,E4,-3.242000,174.006000,OK
6,12,adjacent,620,30,32,185,REV,E12,E11,E3,E4,-2.660000,194.155000,OK
6,12,adjacent,620,30,32,186,FWD,E11,E12,E4,E5,6.500000,175.761000,OK
6,12,adjacent,620,30,32,187,REV,E12,E11,E4,E5,6.863000,193.317000,OK
6,12,adjacent,620,30,32,188,FWD,E11,E12,E5,E6,-10.996000,177.557000,OK
6,12,adjacent,620,30,32,189,REV,E12,E11,E5,E6,-10.543000,193.078000,OK
6,12,adjacent,620,30,32,190,FWD,E11,E12,E6,E7,-11.332000,178.435000,OK
6,12,adjacent,620,30,32,191,REV,E12,E11,E6,E7,-10.973000,193.118000,OK
6,12,adjacent,620,30,32,192,FWD,E11,E12,E7,E8,4.492000,178.594000,OK
6,12,adjacent,620,30,32,193,REV,E12,E11,E7,E8,5.262000,193.477000,OK
6,12,adjacent,620,30,32,194,FWD,E11,E12,E8,E9,0.645000,178.514000,OK
6,12,adjacent,620,30,32,195,REV,E12,E11,E8,E9,1.934000,193.317000,OK
6,12,adjacent,620,30,32,196,FWD,E11,E12,E9,E10,-4.445000,179.113000,OK
6,12,adjacent,620,30,32,197,REV,E12,E11,E9,E10,30.312000,193.317000,OK
6,12,adjacent,620,30,32,198,FWD,E12,E1,E2,E3,-26.383000,138.574000,OK
6,12,adjacent,620,30,32,199,REV,E1,E12,E2,E3,-20.844000,187.173000,OK
6,12,adjacent,620,30,32,200,FWD,E12,E1,E3,E4,-5.082000,181.228000,OK
6,12,adjacent,620,30,32,201,REV,E1,E12,E3,E4,-3.469000,180.988000,OK
6,12,adjacent,620,30,32,202,FWD,E12,E1,E4,E5,7.656000,184.300000,OK
6,12,adjacent,620,30,32,203,REV,E1,E12,E4,E5,8.457000,179.871000,OK
6,12,adjacent,620,30,32,204,FWD,E12,E1,E5,E6,-10.898000,186.375000,OK
6,12,adjacent,620,30,32,205,REV,E1,E12,E5,E6,-10.152000,179.512000,OK
6,12,adjacent,620,30,32,206,FWD,E12,E1,E6,E7,-11.617000,186.335000,OK
6,12,adjacent,620,30,32,207,REV,E1,E12,E6,E7,-11.102000,179.791000,OK
6,12,adjacent,620,30,32,208,FWD,E12,E1,E7,E8,4.723000,186.375000,OK
6,12,adjacent,620,30,32,209,REV,E1,E12,E7,E8,5.367000,180.110000,OK
6,12,adjacent,620,30,32,210,FWD,E12,E1,E8,E9,0.883000,186.614000,OK
6,12,adjacent,620,30,32,211,REV,E1,E12,E8,E9,1.828000,179.672000,OK
6,12,adjacent,620,30,32,212,FWD,E12,E1,E9,E10,14.281000,186.814000,OK
6,12,adjacent,620,30,32,213,REV,E1,E12,E9,E10,16.461000,179.472000,OK
6,12,adjacent,620,30,32,214,FWD,E12,E1,E10,E11,-14.656000,186.854000,OK
6,12,adjacent,620,30,32,215,REV,E1,E12,E10,E11,4.918000,180.031000,OK
7,13,adjacent,620,30,32,0,FWD,E1,E2,E3,E4,-6.168000,137.018000,OK
7,13,adjacent,620,30,32,1,REV,E2,E1,E3,E4,-3.383000,208.559000,OK
7,13,adjacent,620,30,32,2,FWD,E1,E2,E4,E5,8.453000,181.148000,OK
7,13,adjacent,620,30,32,3,REV,E2,E1,E4,E5,9.379000,198.584000,OK
7,13,adjacent,620,30,32,4,FWD,E1,E2,E5,E6,-10.629000,185.657000,OK
7,13,adjacent,620,30,32,5,REV,E2,E1,E5,E6,-9.891000,196.909000,OK
7,13,adjacent,620,30,32,6,FWD,E1,E2,E6,E7,-11.492000,187.652000,OK
7,13,adjacent,620,30,32,7,REV,E2,E1,E6,E7,-10.988000,196.031000,OK
7,13,adjacent,620,30,32,8,FWD,E1,E2,E7,E8,4.926000,189.208000,OK
7,13,adjacent,620,30,32,9,REV,E2,E1,E7,E8,5.437000,196.031000,OK
7,13,adjacent,620,30,32,10,FWD,E1,E2,E8,E9,0.977000,189.487000,OK
7,13,adjacent,620,30,32,11,REV,E2,E1,E8,E9,1.434000,195.831000,OK
7,13,adjacent,620,30,32,12,FWD,E1,E2,E9,E10,15.746000,189.687000,OK
7,13,adjacent,620,30,32,13,REV,E2,E1,E9,E10,16.363000,195.751000,OK
7,13,adjacent,620,30,32,14,FWD,E1,E2,E10,E11,-6.586000,189.806000,OK
7,13,adjacent,620,30,32,15,REV,E2,E1,E10,E11,-5.492000,195.432000,OK
7,13,adjacent,620,30,32,16,FWD,E1,E2,E11,E12,9.215000,190.764000,OK
7,13,adjacent,620,30,32,17,REV,E2,E1,E11,E12,11.809000,195.552000,OK
7,13,adjacent,620,30,32,18,FWD,E2,E3,E4,E5,8.090000,180.789000,OK
7,13,adjacent,620,30,32,19,REV,E3,E2,E4,E5,11.246000,254.884000,OK
7,13,adjacent,620,30,32,20,FWD,E2,E3,E5,E6,-11.137000,232.739000,OK
7,13,adjacent,620,30,32,21,REV,E3,E2,E5,E6,-9.129000,248.819000,OK
7,13,adjacent,620,30,32,22,FWD,E2,E3,E6,E7,-12.047000,238.684000,OK
7,13,adjacent,620,30,32,23,REV,E3,E2,E6,E7,-11.109000,248.220000,OK
7,13,adjacent,620,30,32,24,FWD,E2,E3,E7,E8,5.094000,241.078000,OK
7,13,adjacent,620,30,32,25,REV,E3,E2,E7,E8,5.953000,248.181000,OK
7,13,adjacent,620,30,32,26,FWD,E2,E3,E8,E9,0.816000,241.996000,OK
7,13,adjacent,620,30,32,27,REV,E3,E2,E8,E9,1.508000,248.779000,OK
7,13,adjacent,620,30,32,28,FWD,E2,E3,E9,E10,15.477000,242.315000,OK
7,13,adjacent,620,30,32,29,REV,E3,E2,E9,E10,16.383000,248.979000,OK
7,13,adjacent,620,30,32,30,FWD,E2,E3,E10,E11,-6.469000,243.353000,OK
7,13,adjacent,620,30,32,31,REV,E3,E2,E10,E11,-5.477000,248.899000,OK
7,13,adjacent,620,30,32,32,FWD,E2,E3,E11,E12,9.426000,243.592000,OK
7,13,adjacent,620,30,32,33,REV,E3,E2,E11,E12,11.855000,248.460000,OK
7,13,adjacent,620,30,32,34,FWD,E2,E3,E12,E1,2.219000,243.871000,OK
7,13,adjacent,620,30,32,35,REV,E3,E2,E12,E1,10.191000,249.218000,OK
7,13,adjacent,620,30,32,36,FWD,E3,E4,E1,E2,47.672000,187.692000,OK
7,13,adjacent,620,30,32,37,REV,E4,E3,E1,E2,28.668000,240.719000,OK
7,13,adjacent,620,30,32,38,FWD,E3,E4,E5,E6,-14.230000,230.505000,OK
7,13,adjacent,620,30,32,39,REV,E4,E3,E5,E6,-5.219000,232.460000,OK
7,13,adjacent,620,30,32,40,FWD,E3,E4,E6,E7,-12.363000,233.737000,OK
7,13,adjacent,620,30,32,41,REV,E4,E3,E6,E7,-11.176000,231.103000,OK
7,13,adjacent,620,30,32,42,FWD,E3,E4,E7,E8,5.066000,234.934000,OK
7,13,adjacent,620,30,32,43,REV,E4,E3,E7,E8,5.773000,231.103000,OK
7,13,adjacent,620,30,32,44,FWD,E3,E4,E8,E9,0.988000,235.013000,OK
7,13,adjacent,620,30,32,45,REV,E4,E3,E8,E9,1.559000,231.382000,OK
7,13,adjacent,620,30,32,46,FWD,E3,E4,E9,E10,16.016000,236.011000,OK
7,13,adjacent,620,30,32,47,REV,E4,E3,E9,E10,16.504000,231.183000,OK
7,13,adjacent,620,30,32,48,FWD,E3,E4,E10,E11,-6.184000,235.891000,OK
7,13,adjacent,620,30,32,49,REV,E4,E3,E10,E11,-5.793000,230.944000,OK
7,13,adjacent,620,30,32,50,FWD,E3,E4,E11,E12,9.891000,236.250000,OK
7,13,adjacent,620,30,32,51,REV,E4,E3,E11,E12,10.734000,231.502000,OK
7,13,adjacent,620,30,32,52,FWD,E3,E4,E12,E1,5.199000,236.290000,OK
7,13,adjacent,620,30,32,53,REV,E4,E3,E12,E1,7.207000,231.343000,OK
7,13,adjacent,620,30,32,54,FWD,E4,E5,E1,E2,3.551000,178.036000,OK
7,13,adjacent,620,30,32,55,REV,E5,E4,E1,E2,4.516000,266.016000,OK
7,13,adjacent,620,30,32,56,FWD,E4,E5,E2,E3,-16.387000,236.609000,OK
7,13,adjacent,620,30,32,57,REV,E5,E4,E2,E3,-16.223000,260.550000,OK
7,13,adjacent,620,30,32,58,FWD,E4,E5,E6,E7,-13.027000,243.552000,OK
7,13,adjacent,620,30,32,59,REV,E5,E4,E6,E7,-10.340000,260.270000,OK
7,13,adjacent,620,30,32,60,FWD,E4,E5,E7,E8,5.008000,246.225000,OK
7,13,adjacent,620,30,32,61,REV,E5,E4,E7,E8,6.531000,260.151000,OK
7,13,adjacent,620,30,32,62,FWD,E4,E5,E8,E9,0.816000,248.260000,OK
7,13,adjacent,620,30,32,63,REV,E5,E4,E8,E9,1.574000,260.031000,OK
7,13,adjacent,620,30,32,64,FWD,E4,E5,E9,E10,15.941000,249.537000,OK
7,13,adjacent,620,30,32,65,REV,E5,E4,E9,E10,16.523000,260.869000,OK
7,13,adjacent,620,30,32,66,FWD,E4,E5,E10,E11,-5.660000,249.936000,OK
7,13,adjacent,620,30,32,67,REV,E5,E4,E10,E11,-5.258000,260.629000,OK
7,13,adjacent,620,30,32,68,FWD,E4,E5,E11,E12,9.926000,251.572000,OK
7,13,adjacent,620,30,32,69,REV,E5,E4,E11,E12,10.430000,260.989000,OK
7,13,adjacent,620,30,32,70,FWD,E4,E5,E12,E1,5.832000,253.048000,OK
7,13,adjacent,620,30,32,71,REV,E5,E4,E12,E1,7.090000,261.068000,OK
7,13,adjacent,620,30,32,72,FWD,E5,E6,E1,E2,3.496000,258.235000,OK
7,13,adjacent,620,30,32,73,REV,E6,E5,E1,E2,4.914000,335.523000,OK
7,13,adjacent,620,30,32,74,FWD,E5,E6,E2,E3,-24.141000,319.084000,OK
7,13,adjacent,620,30,32,75,REV,E6,E5,E2,E3,-21.445000,326.984000,OK
7,13,adjacent,620,30,32,76,FWD,E5,E6,E3,E4,16.879000,325.547000,OK
7,13,adjacent,620,30,32,77,REV,E6,E5,E3,E4,24.238000,325.986000,OK
7,13,adjacent,620,30,32,78,FWD,E5,E6,E7,E8,2.688000,328.261000,OK
7,13,adjacent,620,30,32,79,REV,E6,E5,E7,E8,8.758000,325.468000,OK
7,13,adjacent,620,30,32,80,FWD,E5,E6,E8,E9,-0.098000,329.817000,OK
7,13,adjacent,620,30,32,81,REV,E6,E5,E8,E9,2.133000,325.827000,OK
7,13,adjacent,620,30,32,82,FWD,E5,E6,E9,E10,15.328000,330.535000,OK
7,13,adjacent,620,30,32,83,REV,E6,E5,E9,E10,16.949000,325.986000,OK
7,13,adjacent,620,30,32,84,FWD,E5,E6,E10,E11,-5.953000,331.293000,OK
7,13,adjacent,620,30,32,85,REV,E6,E5,E10,E11,-5.094000,325.827000,OK
7,13,adjacent,620,30,32,86,FWD,E5,E6,E11,E12,9.570000,331.772000,OK
7,13,adjacent,620,30,32,87,REV,E6,E5,E11,E12,10.320000,325.986000,OK
7,13,adjacent,620,30,32,88,FWD,E5,E6,E12,E1,6.270000,332.211000,OK
7,13,adjacent,620,30,32,89,REV,E6,E5,E12,E1,7.441000,326.186000,OK
7,13,adjacent,620,30,32,90,FWD,E6,E7,E1,E2,4.035000,198.505000,OK
7,13,adjacent,620,30,32,91,REV,E7,E6,E1,E2,4.512000,295.622000,OK
7,13,adjacent,620,30,32,92,FWD,E6,E7,E2,E3,-23.504000,274.874000,OK
7,13,adjacent,620,30,32,93,REV,E7,E6,E2,E3,-22.469000,285.088000,OK
7,13,adjacent,620,30,32,94,FWD,E6,E7,E3,E4,-0.477000,282.774000,OK
7,13,adjacent,620,30,32,95,REV,E7,E6,E3,E4,0.469000,283.692000,OK
7,13,adjacent,620,30,32,96,FWD,E6,E7,E4,E5,2.293000,285.128000,OK
7,13,adjacent,620,30,32,97,REV,E7,E6,E4,E5,5.105000,283.692000,OK
7,13,adjacent,620,30,32,98,FWD,E6,E7,E8,E9,-0.719000,286.325000,OK
7,13,adjacent,620,30,32,99,REV,E7,E6,E8,E9,2.805000,284.091000,OK
7,13,adjacent,620,30,32,100,FWD,E6,E7,E9,E10,15.449000,287.243000,OK
7,13,adjacent,620,30,32,101,REV,E7,E6,E9,E10,17.207000,283.652000,OK
7,13,adjacent,620,30,32,102,FWD,E6,E7,E10,E11,-4.953000,287.722000,OK
7,13,adjacent,620,30,32,103,REV,E7,E6,E10,E11,-4.199000,283.732000,OK
7,13,adjacent,620,30,32,104,FWD,E6,E7,E11,E12,8.758000,288.280000,OK
7,13,adjacent,620,30,32,105,REV,E7,E6,E11,E12,9.344000,284.091000,OK
7,13,adjacent,620,30,32,106,FWD,E6,E7,E12,E1,6.430000,288.161000,OK
7,13,adjacent,620,30,32,107,REV,E7,E6,E12,E1,7.352000,284.211000,OK
7,13,adjacent,620,30,32,108,FWD,E7,E8,E1,E2,4.168000,151.422000,OK
7,13,adjacent,620,30,32,109,REV,E8,E7,E1,E2,4.848000,244.669000,OK
7,13,adjacent,620,30,32,110,FWD,E7,E8,E2,E3,-23.437000,222.604000,OK
7,13,adjacent,620,30,32,111,REV,E8,E7,E2,E3,-22.711000,234.136000,OK
7,13,adjacent,620,30,32,112,FWD,E7,E8,E3,E4,-3.230000,228.829000,OK
7,13,adjacent,620,30,32,113,REV,E8,E7,E3,E4,-2.574000,232.619000,OK
7,13,adjacent,620,30,32,114,FWD,E7,E8,E4,E5,5.027000,230.664000,OK
7,13,adjacent,620,30,32,115,REV,E8,E7,E4,E5,6.477000,231.861000,OK
7,13,adjacent,620,30,32,116,FWD,E7,E8,E5,E6,-13.680000,231.821000,OK
7,13,adjacent,620,30,32,117,REV,E8,E7,E5,E6,-9.984000,231.422000,OK
7,13,adjacent,620,30,32,118,FWD,E7,E8,E9,E10,14.578000,232.061000,OK
7,13,adjacent,620,30,32,119,REV,E8,E7,E9,E10,17.730000,231.023000,OK
7,13,adjacent,620,30,32,120,FWD,E7,E8,E10,E11,-5.027000,232.300000,OK
7,13,adjacent,620,30,32,121,REV,E8,E7,E10,E11,-3.438000,231.303000,OK
7,13,adjacent,620,30,32,122,FWD,E7,E8,E11,E12,8.488000,232.540000,OK
7,13,adjacent,620,30,32,123,REV,E8,E7,E11,E12,9.332000,231.422000,OK
7,13,adjacent,620,30,32,124,FWD,E7,E8,E12,E1,6.617000,232.779000,OK
7,13,adjacent,620,30,32,125,REV,E8,E7,E12,E1,7.352000,230.944000,OK
7,13,adjacent,620,30,32,126,FWD,E8,E9,E1,E2,4.535000,158.085000,OK
7,13,adjacent,620,30,32,127,REV,E9,E8,E1,E2,4.934000,254.724000,OK
7,13,adjacent,620,30,32,128,FWD,E8,E9,E2,E3,-23.430000,223.841000,OK
7,13,adjacent,620,30,32,129,REV,E9,E8,E2,E3,-22.781000,246.624000,OK
7,13,adjacent,620,30,32,130,FWD,E8,E9,E3,E4,-4.473000,232.101000,OK
7,13,adjacent,620,30,32,131,REV,E9,E8,E3,E4,-4.008000,245.268000,OK
7,13,adjacent,620,30,32,132,FWD,E8,E9,E4,E5,6.898000,234.574000,OK
7,13,adjacent,620,30,32,133,REV,E9,E8,E4,E5,7.613000,244.590000,OK
7,13,adjacent,620,30,32,134,FWD,E8,E9,E5,E6,-12.949000,236.250000,OK
7,13,adjacent,620,30,32,135,REV,E9,E8,E5,E6,-11.344000,244.749000,OK
7,13,adjacent,620,30,32,136,FWD,E8,E9,E6,E7,-10.047000,236.729000,OK
7,13,adjacent,620,30,32,137,REV,E9,E8,E6,E7,-7.555000,244.669000,OK
7,13,adjacent,620,30,32,138,FWD,E8,E9,E10,E11,-10.070000,237.128000,OK
7,13,adjacent,620,30,32,139,REV,E9,E8,E10,E11,2.914000,244.949000,OK
7,13,adjacent,620,30,32,140,FWD,E8,E9,E11,E12,7.934000,238.205000,OK
7,13,adjacent,620,30,32,141,REV,E9,E8,E11,E12,9.855000,244.988000,OK
7,13,adjacent,620,30,32,142,FWD,E8,E9,E12,E1,6.367000,238.205000,OK
7,13,adjacent,620,30,32,143,REV,E9,E8,E12,E1,7.789000,244.749000,OK
7,13,adjacent,620,30,32,144,FWD,E9,E10,E1,E2,4.312000,182.624000,OK
7,13,adjacent,620,30,32,145,REV,E10,E9,E1,E2,5.262000,258.994000,OK
7,13,adjacent,620,30,32,146,FWD,E9,E10,E2,E3,-23.883000,240.280000,OK
7,13,adjacent,620,30,32,147,REV,E10,E9,E2,E3,-23.020000,249.777000,OK
7,13,adjacent,620,30,32,148,FWD,E9,E10,E3,E4,-5.055000,246.026000,OK
7,13,adjacent,620,30,32,149,REV,E10,E9,E3,E4,-4.621000,248.260000,OK
7,13,adjacent,620,30,32,150,FWD,E9,E10,E4,E5,8.020000,247.981000,OK
7,13,adjacent,620,30,32,151,REV,E10,E9,E4,E5,8.633000,248.300000,OK
7,13,adjacent,620,30,32,152,FWD,E9,E10,E5,E6,-11.934000,248.899000,OK
7,13,adjacent,620,30,32,153,REV,E10,E9,E5,E6,-10.859000,248.460000,OK
7,13,adjacent,620,30,32,154,FWD,E9,E10,E6,E7,-11.445000,249.417000,OK
7,13,adjacent,620,30,32,155,REV,E10,E9,E6,E7,-10.012000,248.420000,OK
7,13,adjacent,620,30,32,156,FWD,E9,E10,E7,E8,4.465000,250.335000,OK
7,13,adjacent,620,30,32,157,REV,E10,E9,E7,E8,7.891000,248.619000,OK
7,13,adjacent,620,30,32,158,FWD,E9,E10,E11,E12,-12.031000,250.455000,OK
7,13,adjacent,620,30,32,159,REV,E10,E9,E11,E12,43.758000,248.899000,OK
7,13,adjacent,620,30,32,160,FWD,E9,E10,E12,E1,5.871000,251.013000,OK
7,13,adjacent,620,30,32,161,REV,E10,E9,E12,E1,8.418000,249.018000,OK
7,13,adjacent,620,30,32,162,FWD,E10,E11,E1,E2,4.512000,135.821000,OK
7,13,adjacent,620,30,32,163,REV,E11,E10,E1,E2,5.230000,207.442000,OK
7,13,adjacent,620,30,32,164,FWD,E10,E11,E2,E3,-23.922000,195.672000,OK
7,13,adjacent,620,30,32,165,REV,E11,E10,E2,E3,-23.141000,196.629000,OK
7,13,adjacent,620,30,32,166,FWD,E10,E11,E3,E4,-5.746000,200.460000,OK
7,13,adjacent,620,30,32,167,REV,E11,E10,E3,E4,-5.391000,195.512000,OK
7,13,adjacent,620,30,32,168,FWD,E10,E11,E4,E5,8.848000,201.657000,OK
7,13,adjacent,620,30,32,169,REV,E11,E10,E4,E5,9.203000,195.193000,OK
7,13,adjacent,620,30,32,170,FWD,E10,E11,E5,E6,-11.035000,202.534000,OK
7,13,adjacent,620,30,32,171,REV,E11,E10,E5,E6,-10.586000,194.874000,OK
7,13,adjacent,620,30,32,172,FWD,E10,E11,E6,E7,-11.523000,202.933000,OK
7,13,adjacent,620,30,32,173,REV,E11,E10,E6,E7,-11.008000,194.315000,OK
7,13,adjacent,620,30,32,174,FWD,E10,E11,E7,E8,3.871000,202.854000,OK
7,13,adjacent,620,30,32,175,REV,E11,E10,E7,E8,5.355000,194.435000,OK
7,13,adjacent,620,30,32,176,FWD,E10,E11,E8,E9,-2.973000,203.332000,OK
7,13,adjacent,620,30,32,177,REV,E11,E10,E8,E9,6.559000,194.834000,OK
7,13,adjacent,620,30,32,178,FWD,E10,E11,E12,E1,-0.727000,203.173000,OK
7,13,adjacent,620,30,32,179,REV,E11,E10,E12,E1,17.691000,194.235000,OK
7,13,adjacent,620,30,32,180,FWD,E11,E12,E1,E2,3.941000,112.280000,OK
7,13,adjacent,620,30,32,181,REV,E12,E11,E1,E2,6.262000,202.814000,OK
7,13,adjacent,620,30,32,182,FWD,E11,E12,E2,E3,-24.398000,167.781000,OK
7,13,adjacent,620,30,32,183,REV,E12,E11,E2,E3,-22.723000,195.233000,OK
7,13,adjacent,620,30,32,184,FWD,E11,E12,E3,E4,-6.266000,173.806000,OK
7,13,adjacent,620,30,32,185,REV,E12,E11,E3,E4,-5.707000,193.956000,OK
7,13,adjacent,620,30,32,186,FWD,E11,E12,E4,E5,9.512000,175.921000,OK
7,13,adjacent,620,30,32,187,REV,E12,E11,E4,E5,9.867000,193.716000,OK
7,13,adjacent,620,30,32,188,FWD,E11,E12,E5,E6,-10.578000,177.118000,OK
7,13,adjacent,620,30,32,189,REV,E12,E11,E5,E6,-10.129000,193.198000,OK
7,13,adjacent,620,30,32,190,FWD,E11,E12,E6,E7,-11.859000,177.836000,OK
7,13,adjacent,620,30,32,191,REV,E12,E11,E6,E7,-11.441000,193.238000,OK
7,13,adjacent,620,30,32,192,FWD,E11,E12,E7,E8,4.551000,178.435000,OK
7,13,adjacent,620,30,32,193,REV,E12,E11,E7,E8,5.273000,193.597000,OK
7,13,adjacent,620,30,32,194,FWD,E11,E12,E8,E9,1.492000,178.195000,OK
7,13,adjacent,620,30,32,195,REV,E12,E11,E8,E9,2.680000,193.836000,OK
7,13,adjacent,620,30,32,196,FWD,E11,E12,E9,E10,-6.543000,178.993000,OK
7,13,adjacent,620,30,32,197,REV,E12,E11,E9,E10,28.605000,193.357000,OK
7,13,adjacent,620,30,32,198,FWD,E12,E1,E2,E3,-26.453000,139.013000,OK
7,13,adjacent,620,30,32,199,REV,E1,E12,E2,E3,-20.922000,187.093000,OK
7,13,adjacent,620,30,32,200,FWD,E12,E1,E3,E4,-6.992000,181.427000,OK
7,13,adjacent,620,30,32,201,REV,E1,E12,E3,E4,-5.363000,181.667000,OK
7,13,adjacent,620,30,32,202,FWD,E12,E1,E4,E5,9.531000,184.739000,OK
7,13,adjacent,620,30,32,203,REV,E1,E12,E4,E5,10.266000,180.270000,OK
7,13,adjacent,620,30,32,204,FWD,E12,E1,E5,E6,-10.566000,186.495000,OK
7,13,adjacent,620,30,32,205,REV,E1,E12,E5,E6,-9.805000,179.552000,OK
7,13,adjacent,620,30,32,206,FWD,E12,E1,E6,E7,-12.078000,186.973000,OK
7,13,adjacent,620,30,32,207,REV,E1,E12,E6,E7,-11.551000,179.552000,OK
7,13,adjacent,620,30,32,208,FWD,E12,E1,E7,E8,4.770000,186.973000,OK
7,13,adjacent,620,30,32,209,REV,E1,E12,E7,E8,5.523000,179.831000,OK
7,13,adjacent,620,30,32,210,FWD,E12,E1,E8,E9,1.504000,186.894000,OK
7,13,adjacent,620,30,32,211,REV,E1,E12,E8,E9,2.504000,180.071000,OK
7,13,adjacent,620,30,32,212,FWD,E12,E1,E9,E10,12.453000,187.692000,OK
7,13,adjacent,620,30,32,213,REV,E1,E12,E9,E10,14.633000,179.632000,OK
7,13,adjacent,620,30,32,214,FWD,E12,E1,E10,E11,-13.867000,187.731000,OK
7,13,adjacent,620,30,32,215,REV,E1,E12,E10,E11,5.820000,179.552000,OK
8,14,adjacent,620,30,32,0,FWD,E1,E2,E3,E4,-7.598000,129.836000,OK
8,14,adjacent,620,30,32,1,REV,E2,E1,E3,E4,-4.883000,193.716000,OK
8,14,adjacent,620,30,32,2,FWD,E1,E2,E4,E5,9.938000,192.958000,OK
8,14,adjacent,620,30,32,3,REV,E2,E1,E4,E5,10.891000,194.235000,OK
8,14,adjacent,620,30,32,4,FWD,E1,E2,E5,E6,-10.332000,188.889000,OK
8,14,adjacent,620,30,32,5,REV,E2,E1,E5,E6,-9.547000,194.754000,OK
8,14,adjacent,620,30,32,6,FWD,E1,E2,E6,E7,-12.188000,188.849000,OK
8,14,adjacent,620,30,32,7,REV,E2,E1,E6,E7,-11.742000,195.352000,OK
8,14,adjacent,620,30,32,8,FWD,E1,E2,E7,E8,4.922000,188.649000,OK
8,14,adjacent,620,30,32,9,REV,E2,E1,E7,E8,5.402000,195.073000,OK
8,14,adjacent,620,30,32,10,FWD,E1,E2,E8,E9,1.648000,189.288000,OK
8,14,adjacent,620,30,32,11,REV,E2,E1,E8,E9,2.035000,194.913000,OK
8,14,adjacent,620,30,32,12,FWD,E1,E2,E9,E10,13.801000,189.607000,OK
8,14,adjacent,620,30,32,13,REV,E2,E1,E9,E10,14.504000,194.754000,OK
8,14,adjacent,620,30,32,14,FWD,E1,E2,E10,E11,-5.820000,189.527000,OK
8,14,adjacent,620,30,32,15,REV,E2,E1,E10,E11,-4.832000,194.953000,OK
8,14,adjacent,620,30,32,16,FWD,E1,E2,E11,E12,10.484000,189.647000,OK
8,14,adjacent,620,30,32,17,REV,E2,E1,E11,E12,13.020000,195.472000,OK
8,14,adjacent,620,30,32,18,FWD,E2,E3,E4,E5,9.355000,180.270000,OK
8,14,adjacent,620,30,32,19,REV,E3,E2,E4,E5,12.527000,254.644000,OK
8,14,adjacent,620,30,32,20,FWD,E2,E3,E5,E6,-10.797000,232.859000,OK
8,14,adjacent,620,30,32,21,REV,E3,E2,E5,E6,-8.781000,248.460000,OK
8,14,adjacent,620,30,32,22,FWD,E2,E3,E6,E7,-12.320000,238.445000,OK
8,14,adjacent,620,30,32,23,REV,E3,E2,E6,E7,-11.309000,248.340000,OK
8,14,adjacent,620,30,32,24,FWD,E2,E3,E7,E8,4.789000,240.240000,OK
8,14,adjacent,620,30,32,25,REV,E3,E2,E7,E8,5.746000,248.540000,OK
8,14,adjacent,620,30,32,26,FWD,E2,E3,E8,E9,1.449000,241.717000,OK
8,14,adjacent,620,30,32,27,REV,E3,E2,E8,E9,2.125000,248.101000,OK
8,14,adjacent,620,30,32,28,FWD,E2,E3,E9,E10,14.336000,242.634000,OK
8,14,adjacent,620,30,32,29,REV,E3,E2,E9,E10,14.938000,248.300000,OK
8,14,adjacent,620,30,32,30,FWD,E2,E3,E10,E11,-6.051000,243.073000,OK
8,14,adjacent,620,30,32,31,REV,E3,E2,E10,E11,-4.992000,248.699000,OK
8,14,adjacent,620,30,32,32,FWD,E2,E3,E11,E12,10.391000,243.512000,OK
8,14,adjacent,620,30,32,33,REV,E3,E2,E11,E12,12.777000,249.218000,OK
8,14,adjacent,620,30,32,34,FWD,E2,E3,E12,E1,1.961000,243.871000,OK
8,14,adjacent,620,30,32,35,REV,E3,E2,E12,E1,9.859000,248.899000,OK
8,14,adjacent,620,30,32,36,FWD,E3,E4,E1,E2,47.594000,188.689000,OK
8,14,adjacent,620,30,32,37,REV,E4,E3,E1,E2,28.547000,240.440000,OK
8,14,adjacent,620,30,32,38,FWD,E3,E4,E5,E6,-14.008000,230.784000,OK
8,14,adjacent,620,30,32,39,REV,E4,E3,E5,E6,-5.055000,232.340000,OK
8,14,adjacent,620,30,32,40,FWD,E3,E4,E6,E7,-12.168000,233.776000,OK
8,14,adjacent,620,30,32,41,REV,E4,E3,E6,E7,-11.105000,231.063000,OK
8,14,adjacent,620,30,32,42,FWD,E3,E4,E7,E8,4.777000,235.293000,OK
8,14,adjacent,620,30,32,43,REV,E4,E3,E7,E8,5.562000,231.901000,OK
8,14,adjacent,620,30,32,44,FWD,E3,E4,E8,E9,1.430000,235.732000,OK
8,14,adjacent,620,30,32,45,REV,E4,E3,E8,E9,2.023000,232.101000,OK
8,14,adjacent,620,30,32,46,FWD,E3,E4,E9,E10,14.199000,236.091000,OK
8,14,adjacent,620,30,32,47,REV,E4,E3,E9,E10,14.660000,232.220000,OK
8,14,adjacent,620,30,32,48,FWD,E3,E4,E10,E11,-5.574000,236.091000,OK
8,14,adjacent,620,30,32,49,REV,E4,E3,E10,E11,-5.172000,232.978000,OK
8,14,adjacent,620,30,32,50,FWD,E3,E4,E11,E12,11.230000,236.609000,OK
8,14,adjacent,620,30,32,51,REV,E4,E3,E11,E12,12.051000,233.298000,OK
8,14,adjacent,620,30,32,52,FWD,E3,E4,E12,E1,4.645000,237.088000,OK
8,14,adjacent,620,30,32,53,REV,E4,E3,E12,E1,6.727000,233.497000,OK
8,14,adjacent,620,30,32,54,FWD,E4,E5,E1,E2,3.625000,183.183000,OK
8,14,adjacent,620,30,32,55,REV,E5,E4,E1,E2,4.676000,266.934000,OK
8,14,adjacent,620,30,32,56,FWD,E4,E5,E2,E3,-16.590000,240.560000,OK
8,14,adjacent,620,30,32,57,REV,E5,E4,E2,E3,-16.477000,261.388000,OK
8,14,adjacent,620,30,32,58,FWD,E4,E5,E6,E7,-13.313000,248.260000,OK
8,14,adjacent,620,30,32,59,REV,E5,E4,E6,E7,-10.508000,261.228000,OK
8,14,adjacent,620,30,32,60,FWD,E4,E5,E7,E8,4.848000,251.173000,OK
8,14,adjacent,620,30,32,61,REV,E5,E4,E7,E8,6.543000,261.388000,OK
8,14,adjacent,620,30,32,62,FWD,E4,E5,E8,E9,1.246000,252.929000,OK
8,14,adjacent,620,30,32,63,REV,E5,E4,E8,E9,1.949000,261.906000,OK
8,14,adjacent,620,30,32,64,FWD,E4,E5,E9,E10,14.309000,254.325000,OK
8,14,adjacent,620,30,32,65,REV,E5,E4,E9,E10,14.840000,261.946000,OK
8,14,adjacent,620,30,32,66,FWD,E4,E5,E10,E11,-5.215000,254.764000,OK
8,14,adjacent,620,30,32,67,REV,E5,E4,E10,E11,-4.871000,261.866000,OK
8,14,adjacent,620,30,32,68,FWD,E4,E5,E11,E12,11.145000,255.841000,OK
8,14,adjacent,620,30,32,69,REV,E5,E4,E11,E12,11.660000,262.305000,OK
8,14,adjacent,620,30,32,70,FWD,E4,E5,E12,E1,5.309000,256.240000,OK
8,14,adjacent,620,30,32,71,REV,E5,E4,E12,E1,6.578000,262.624000,OK
8,14,adjacent,620,30,32,72,FWD,E5,E6,E1,E2,3.629000,257.717000,OK
8,14,adjacent,620,30,32,73,REV,E6,E5,E1,E2,5.070000,336.321000,OK
8,14,adjacent,620,30,32,74,FWD,E5,E6,E2,E3,-24.520000,319.642000,OK
8,14,adjacent,620,30,32,75,REV,E6,E5,E2,E3,-21.863000,327.223000,OK
8,14,adjacent,620,30,32,76,FWD,E5,E6,E3,E4,18.750000,326.066000,OK
8,14,adjacent,620,30,32,77,REV,E6,E5,E3,E4,25.895000,325.827000,OK
8,14,adjacent,620,30,32,78,FWD,E5,E6,E7,E8,1.680000,327.862000,OK
8,14,adjacent,620,30,32,79,REV,E6,E5,E7,E8,7.586000,326.186000,OK
8,14,adjacent,620,30,32,80,FWD,E5,E6,E8,E9,0.492000,328.939000,OK
8,14,adjacent,620,30,32,81,REV,E6,E5,E8,E9,2.785000,326.266000,OK
8,14,adjacent,620,30,32,82,FWD,E5,E6,E9,E10,14.328000,329.857000,OK
8,14,adjacent,620,30,32,83,REV,E6,E5,E9,E10,15.824000,326.226000,OK
8,14,adjacent,620,30,32,84,FWD,E5,E6,E10,E11,-5.648000,330.934000,OK
8,14,adjacent,620,30,32,85,REV,E6,E5,E10,E11,-4.820000,325.627000,OK
8,14,adjacent,620,30,32,86,FWD,E5,E6,E11,E12,10.684000,331.373000,OK
8,14,adjacent,620,30,32,87,REV,E6,E5,E11,E12,11.430000,326.186000,OK
8,14,adjacent,620,30,32,88,FWD,E5,E6,E12,E1,5.523000,331.652000,OK
8,14,adjacent,620,30,32,89,REV,E6,E5,E12,E1,6.734000,326.784000,OK
8,14,adjacent,620,30,32,90,FWD,E6,E7,E1,E2,4.535000,199.342000,OK
8,14,adjacent,620,30,32,91,REV,E7,E6,E1,E2,5.055000,295.423000,OK
8,14,adjacent,620,30,32,92,FWD,E6,E7,E2,E3,-24.121000,275.871000,OK
8,14,adjacent,620,30,32,93,REV,E7,E6,E2,E3,-23.152000,284.929000,OK
8,14,adjacent,620,30,32,94,FWD,E6,E7,E3,E4,1.309000,283.293000,OK
8,14,adjacent,620,30,32,95,REV,E7,E6,E3,E4,2.281000,284.131000,OK
8,14,adjacent,620,30,32,96,FWD,E6,E7,E4,E5,0.715000,285.408000,OK
8,14,adjacent,620,30,32,97,REV,E7,E6,E4,E5,3.488000,283.931000,OK
8,14,adjacent,620,30,32,98,FWD,E6,E7,E8,E9,-0.277000,286.525000,OK
8,14,adjacent,620,30,32,99,REV,E7,E6,E8,E9,3.277000,283.772000,OK
8,14,adjacent,620,30,32,100,FWD,E6,E7,E9,E10,14.016000,287.243000,OK
8,14,adjacent,620,30,32,101,REV,E7,E6,E9,E10,15.676000,283.253000,OK
8,14,adjacent,620,30,32,102,FWD,E6,E7,E10,E11,-4.980000,288.041000,OK
8,14,adjacent,620,30,32,103,REV,E7,E6,E10,E11,-4.094000,284.211000,OK
8,14,adjacent,620,30,32,104,FWD,E6,E7,E11,E12,10.383000,288.041000,OK
8,14,adjacent,620,30,32,105,REV,E7,E6,E11,E12,10.988000,284.131000,OK
8,14,adjacent,620,30,32,106,FWD,E6,E7,E12,E1,5.656000,288.201000,OK
8,14,adjacent,620,30,32,107,REV,E7,E6,E12,E1,6.539000,284.011000,OK
8,14,adjacent,620,30,32,108,FWD,E7,E8,E1,E2,4.715000,152.100000,OK
8,14,adjacent,620,30,32,109,REV,E8,E7,E1,E2,5.410000,243.871000,OK
8,14,adjacent,620,30,32,110,FWD,E7,E8,E2,E3,-24.254000,222.485000,OK
8,14,adjacent,620,30,32,111,REV,E8,E7,E2,E3,-23.484000,234.255000,OK
8,14,adjacent,620,30,32,112,FWD,E7,E8,E3,E4,-1.434000,229.188000,OK
8,14,adjacent,620,30,32,113,REV,E8,E7,E3,E4,-0.766000,232.779000,OK
8,14,adjacent,620,30,32,114,FWD,E7,E8,E4,E5,3.703000,230.824000,OK
8,14,adjacent,620,30,32,115,REV,E8,E7,E4,E5,5.172000,232.061000,OK
8,14,adjacent,620,30,32,116,FWD,E7,E8,E5,E6,-13.438000,232.141000,OK
8,14,adjacent,620,30,32,117,REV,E8,E7,E5,E6,-9.699000,231.103000,OK
8,14,adjacent,620,30,32,118,FWD,E7,E8,E9,E10,13.555000,232.540000,OK
8,14,adjacent,620,30,32,119,REV,E8,E7,E9,E10,16.680000,231.263000,OK
8,14,adjacent,620,30,32,120,FWD,E7,E8,E10,E11,-5.285000,232.460000,OK
8,14,adjacent,620,30,32,121,REV,E8,E7,E10,E11,-3.652000,231.263000,OK
8,14,adjacent,620,30,32,122,FWD,E7,E8,E11,E12,10.387000,232.739000,OK
8,14,adjacent,620,30,32,123,REV,E8,E7,E11,E12,11.273000,231.582000,OK
8,14,adjacent,620,30,32,124,FWD,E7,E8,E12,E1,5.629000,232.739000,OK
8,14,adjacent,620,30,32,125,REV,E8,E7,E12,E1,6.375000,230.944000,OK
8,14,adjacent,620,30,32,126,FWD,E8,E9,E1,E2,5.043000,158.006000,OK
8,14,adjacent,620,30,32,127,REV,E9,E8,E1,E2,5.430000,255.363000,OK
8,14,adjacent,620,30,32,128,FWD,E8,E9,E2,E3,-24.125000,224.001000,OK
8,14,adjacent,620,30,32,129,REV,E9,E8,E2,E3,-23.461000,246.984000,OK
8,14,adjacent,620,30,32,130,FWD,E8,E9,E3,E4,-2.859000,231.781000,OK
8,14,adjacent,620,30,32,131,REV,E9,E8,E3,E4,-2.391000,245.467000,OK
8,14,adjacent,620,30,32,132,FWD,E8,E9,E4,E5,5.695000,234.934000,OK
8,14,adjacent,620,30,32,133,REV,E9,E8,E4,E5,6.445000,245.547000,OK
8,14,adjacent,620,30,32,134,FWD,E8,E9,E5,E6,-12.559000,236.849000,OK
8,14,adjacent,620,30,32,135,REV,E9,E8,E5,E6,-10.941000,245.268000,OK
8,14,adjacent,620,30,32,136,FWD,E8,E9,E6,E7,-10.008000,236.969000,OK
8,14,adjacent,620,30,32,137,REV,E9,E8,E6,E7,-7.496000,245.427000,OK
8,14,adjacent,620,30,32,138,FWD,E8,E9,E10,E11,-10.156000,237.168000,OK
8,14,adjacent,620,30,32,139,REV,E9,E8,E10,E11,3.004000,245.268000,OK
8,14,adjacent,620,30,32,140,FWD,E8,E9,E11,E12,9.793000,237.846000,OK
8,14,adjacent,620,30,32,141,REV,E9,E8,E11,E12,11.707000,245.308000,OK
8,14,adjacent,620,30,32,142,FWD,E8,E9,E12,E1,5.340000,238.365000,OK
8,14,adjacent,620,30,32,143,REV,E9,E8,E12,E1,6.734000,245.148000,OK
8,14,adjacent,620,30,32,144,FWD,E9,E10,E1,E2,4.937000,182.504000,OK
8,14,adjacent,620,30,32,145,REV,E10,E9,E1,E2,5.895000,258.595000,OK
8,14,adjacent,620,30,32,146,FWD,E9,E10,E2,E3,-24.492000,240.360000,OK
8,14,adjacent,620,30,32,147,REV,E10,E9,E2,E3,-23.645000,250.016000,OK
8,14,adjacent,620,30,32,148,FWD,E9,E10,E3,E4,-3.762000,246.305000,OK
8,14,adjacent,620,30,32,149,REV,E10,E9,E3,E4,-3.305000,248.340000,OK
8,14,adjacent,620,30,32,150,FWD,E9,E10,E4,E5,7.055000,247.861000,OK
8,14,adjacent,620,30,32,151,REV,E10,E9,E4,E5,7.656000,247.981000,OK
8,14,adjacent,620,30,32,152,FWD,E9,E10,E5,E6,-11.613000,248.899000,OK
8,14,adjacent,620,30,32,153,REV,E10,E9,E5,E6,-10.523000,248.659000,OK
8,14,adjacent,620,30,32,154,FWD,E9,E10,E6,E7,-11.273000,249.417000,OK
8,14,adjacent,620,30,32,155,REV,E10,E9,E6,E7,-9.852000,248.460000,OK
8,14,adjacent,620,30,32,156,FWD,E9,E10,E7,E8,4.336000,249.896000,OK
8,14,adjacent,620,30,32,157,REV,E10,E9,E7,E8,7.809000,248.540000,OK
8,14,adjacent,620,30,32,158,FWD,E9,E10,E11,E12,-10.914000,250.535000,OK
8,14,adjacent,620,30,32,159,REV,E10,E9,E11,E12,45.027000,248.460000,OK
8,14,adjacent,620,30,32,160,FWD,E9,E10,E12,E1,4.945000,250.575000,OK
8,14,adjacent,620,30,32,161,REV,E10,E9,E12,E1,7.504000,248.899000,OK
8,14,adjacent,620,30,32,162,FWD,E10,E11,E1,E2,5.129000,135.502000,OK
8,14,adjacent,620,30,32,163,REV,E11,E10,E1,E2,5.906000,207.801000,OK
8,14,adjacent,620,30,32,164,FWD,E10,E11,E2,E3,-24.527000,195.312000,OK
8,14,adjacent,620,30,32,165,REV,E11,E10,E2,E3,-23.805000,196.988000,OK
8,14,adjacent,620,30,32,166,FWD,E10,E11,E3,E4,-4.379000,200.220000,OK
8,14,adjacent,620,30,32,167,REV,E11,E10,E3,E4,-4.059000,195.432000,OK
8,14,adjacent,620,30,32,168,FWD,E10,E11,E4,E5,8.000000,201.776000,OK
8,14,adjacent,620,30,32,169,REV,E11,E10,E4,E5,8.324000,195.312000,OK
8,14,adjacent,620,30,32,170,FWD,E10,E11,E5,E6,-10.863000,202.455000,OK
8,14,adjacent,620,30,32,171,REV,E11,E10,E5,E6,-10.391000,195.273000,OK
8,14,adjacent,620,30,32,172,FWD,E10,E11,E6,E7,-11.348000,202.375000,OK
8,14,adjacent,620,30,32,173,REV,E11,E10,E6,E7,-10.855000,194.794000,OK
8,14,adjacent,620,30,32,174,FWD,E10,E11,E7,E8,3.762000,203.053000,OK
8,14,adjacent,620,30,32,175,REV,E11,E10,E7,E8,5.203000,194.874000,OK
8,14,adjacent,620,30,32,176,FWD,E10,E11,E8,E9,-2.938000,202.894000,OK
8,14,adjacent,620,30,32,177,REV,E11,E10,E8,E9,6.703000,194.754000,OK
8,14,adjacent,620,30,32,178,FWD,E10,E11,E12,E1,-1.562000,203.013000,OK
8,14,adjacent,620,30,32,179,REV,E11,E10,E12,E1,16.945000,194.874000,OK
8,14,adjacent,620,30,32,180,FWD,E11,E12,E1,E2,4.672000,112.439000,OK
8,14,adjacent,620,30,32,181,REV,E12,E11,E1,E2,7.031000,203.612000,OK
8,14,adjacent,620,30,32,182,FWD,E11,E12,E2,E3,-24.957000,167.263000,OK
8,14,adjacent,620,30,32,183,REV,E12,E11,E2,E3,-23.262000,195.592000,OK
8,14,adjacent,620,30,32,184,FWD,E11,E12,E3,E4,-5.152000,173.686000,OK
8,14,adjacent,620,30,32,185,REV,E12,E11,E3,E4,-4.633000,194.794000,OK
8,14,adjacent,620,30,32,186,FWD,E11,E12,E4,E5,8.742000,176.001000,OK
8,14,adjacent,620,30,32,187,REV,E12,E11,E4,E5,9.102000,194.155000,OK
8,14,adjacent,620,30,32,188,FWD,E11,E12,E5,E6,-10.520000,177.038000,OK
8,14,adjacent,620,30,32,189,REV,E12,E11,E5,E6,-10.133000,193.756000,OK
8,14,adjacent,620,30,32,190,FWD,E11,E12,E6,E7,-11.543000,177.637000,OK
8,14,adjacent,620,30,32,191,REV,E12,E11,E6,E7,-11.207000,193.517000,OK
8,14,adjacent,620,30,32,192,FWD,E11,E12,E7,E8,4.574000,178.195000,OK
8,14,adjacent,620,30,32,193,REV,E12,E11,E7,E8,5.316000,194.195000,OK
8,14,adjacent,620,30,32,194,FWD,E11,E12,E8,E9,1.586000,178.155000,OK
8,14,adjacent,620,30,32,195,REV,E12,E11,E8,E9,2.789000,193.477000,OK
8,14,adjacent,620,30,32,196,FWD,E11,E12,E9,E10,-7.086000,178.953000,OK
8,14,adjacent,620,30,32,197,REV,E12,E11,E9,E10,27.906000,193.677000,OK
8,14,adjacent,620,30,32,198,FWD,E12,E1,E2,E3,-26.852000,138.614000,OK
8,14,adjacent,620,30,32,199,REV,E1,E12,E2,E3,-21.312000,187.293000,OK
8,14,adjacent,620,30,32,200,FWD,E12,E1,E3,E4,-6.203000,180.948000,OK
8,14,adjacent,620,30,32,201,REV,E1,E12,E3,E4,-4.586000,180.789000,OK
8,14,adjacent,620,30,32,202,FWD,E12,E1,E4,E5,9.078000,184.300000,OK
8,14,adjacent,620,30,32,203,REV,E1,E12,E4,E5,9.836000,180.110000,OK
8,14,adjacent,620,30,32,204,FWD,E12,E1,E5,E6,-10.625000,186.375000,OK
8,14,adjacent,620,30,32,205,REV,E1,E12,E5,E6,-9.891000,179.672000,OK
8,14,adjacent,620,30,32,206,FWD,E12,E1,E6,E7,-11.914000,186.574000,OK
8,14,adjacent,620,30,32,207,REV,E1,E12,E6,E7,-11.480000,179.073000,OK
8,14,adjacent,620,30,32,208,FWD,E12,E1,E7,E8,4.969000,186.654000,OK
8,14,adjacent,620,30,32,209,REV,E1,E12,E7,E8,5.742000,179.751000,OK
8,14,adjacent,620,30,32,210,FWD,E12,E1,E8,E9,1.676000,186.814000,OK
8,14,adjacent,620,30,32,211,REV,E1,E12,E8,E9,2.625000,179.352000,OK
8,14,adjacent,620,30,32,212,FWD,E12,E1,E9,E10,12.012000,187.412000,OK
8,14,adjacent,620,30,32,213,REV,E1,E12,E9,E10,14.297000,179.153000,OK
8,14,adjacent,620,30,32,214,FWD,E12,E1,E10,E11,-14.590000,187.213000,OK
8,14,adjacent,620,30,32,215,REV,E1,E12,E10,E11,5.195000,179.632000,OK
9,15,adjacent,620,30,32,0,FWD,E1,E2,E3,E4,-6.867000,129.237000,OK
9,15,adjacent,620,30,32,1,REV,E2,E1,E3,E4,-4.184000,193.517000,OK
9,15,adjacent,620,30,32,2,FWD,E1,E2,E4,E5,9.465000,192.679000,OK
9,15,adjacent,620,30,32,3,REV,E2,E1,E4,E5,10.410000,194.115000,OK
9,15,adjacent,620,30,32,4,FWD,E1,E2,E5,E6,-10.355000,188.370000,OK
9,15,adjacent,620,30,32,5,REV,E2,E1,E5,E6,-9.660000,195.073000,OK
9,15,adjacent,620,30,32,6,FWD,E1,E2,E6,E7,-12.148000,188.290000,OK
9,15,adjacent,620,30,32,7,REV,E2,E1,E6,E7,-11.777000,194.794000,OK
9,15,adjacent,620,30,32,8,FWD,E1,E2,E7,E8,5.238000,189.008000,OK
9,15,adjacent,620,30,32,9,REV,E2,E1,E7,E8,5.734000,194.634000,OK
9,15,adjacent,620,30,32,10,FWD,E1,E2,E8,E9,1.902000,189.048000,OK
9,15,adjacent,620,30,32,11,REV,E2,E1,E8,E9,2.387000,194.674000,OK
9,15,adjacent,620,30,32,12,FWD,E1,E2,E9,E10,13.371000,188.928000,OK
9,15,adjacent,620,30,32,13,REV,E2,E1,E9,E10,14.035000,195.113000,OK
9,15,adjacent,620,30,32,14,FWD,E1,E2,E10,E11,-6.152000,188.889000,OK
9,15,adjacent,620,30,32,15,REV,E2,E1,E10,E11,-5.223000,194.794000,OK
9,15,adjacent,620,30,32,16,FWD,E1,E2,E11,E12,11.137000,189.327000,OK
9,15,adjacent,620,30,32,17,REV,E2,E1,E11,E12,13.641000,194.714000,OK
9,15,adjacent,620,30,32,18,FWD,E2,E3,E4,E5,9.004000,180.350000,OK
9,15,adjacent,620,30,32,19,REV,E3,E2,E4,E5,12.137000,254.804000,OK
9,15,adjacent,620,30,32,20,FWD,E2,E3,E5,E6,-10.965000,232.619000,OK
9,15,adjacent,620,30,32,21,REV,E3,E2,E5,E6,-8.980000,248.859000,OK
9,15,adjacent,620,30,32,22,FWD,E2,E3,E6,E7,-12.508000,238.804000,OK
9,15,adjacent,620,30,32,23,REV,E3,E2,E6,E7,-11.613000,248.021000,OK
9,15,adjacent,620,30,32,24,FWD,E2,E3,E7,E8,5.332000,240.360000,OK
9,15,adjacent,620,30,32,25,REV,E3,E2,E7,E8,6.203000,247.941000,OK
9,15,adjacent,620,30,32,26,FWD,E2,E3,E8,E9,1.871000,241.836000,OK
9,15,adjacent,620,30,32,27,REV,E3,E2,E8,E9,2.520000,248.141000,OK
9,15,adjacent,620,30,32,28,FWD,E2,E3,E9,E10,13.289000,242.355000,OK
9,15,adjacent,620,30,32,29,REV,E3,E2,E9,E10,14.156000,248.380000,OK
9,15,adjacent,620,30,32,30,FWD,E2,E3,E10,E11,-6.258000,242.235000,OK
9,15,adjacent,620,30,32,31,REV,E3,E2,E10,E11,-5.164000,248.380000,OK
9,15,adjacent,620,30,32,32,FWD,E2,E3,E11,E12,10.754000,243.313000,OK
9,15,adjacent,620,30,32,33,REV,E3,E2,E11,E12,13.113000,248.619000,OK
9,15,adjacent,620,30,32,34,FWD,E2,E3,E12,E1,1.219000,243.752000,OK
9,15,adjacent,620,30,32,35,REV,E3,E2,E12,E1,9.105000,248.859000,OK
9,15,adjacent,620,30,32,36,FWD,E3,E4,E1,E2,48.121000,188.450000,OK
9,15,adjacent,620,30,32,37,REV,E4,E3,E1,E2,29.012000,241.358000,OK
9,15,adjacent,620,30,32,38,FWD,E3,E4,E5,E6,-14.082000,231.462000,OK
9,15,adjacent,620,30,32,39,REV,E4,E3,E5,E6,-5.051000,233.018000,OK
9,15,adjacent,620,30,32,40,FWD,E3,E4,E6,E7,-12.945000,234.774000,OK
9,15,adjacent,620,30,32,41,REV,E4,E3,E6,E7,-11.914000,231.542000,OK
9,15,adjacent,620,30,32,42,FWD,E3,E4,E7,E8,5.625000,235.532000,OK
9,15,adjacent,620,30,32,43,REV,E4,E3,E7,E8,6.480000,231.981000,OK
9,15,adjacent,620,30,32,44,FWD,E3,E4,E8,E9,1.777000,235.732000,OK
9,15,adjacent,620,30,32,45,REV,E4,E3,E8,E9,2.355000,231.981000,OK
9,15,adjacent,620,30,32,46,FWD,E3,E4,E9,E10,13.703000,235.931000,OK
9,15,adjacent,620,30,32,47,REV,E4,E3,E9,E10,14.203000,232.220000,OK
9,15,adjacent,620,30,32,48,FWD,E3,E4,E10,E11,-5.801000,236.849000,OK
9,15,adjacent,620,30,32,49,REV,E4,E3,E10,E11,-5.332000,232.021000,OK
9,15,adjacent,620,30,32,50,FWD,E3,E4,E11,E12,11.535000,236.849000,OK
9,15,adjacent,620,30,32,51,REV,E4,E3,E11,E12,12.363000,232.978000,OK
9,15,adjacent,620,30,32,52,FWD,E3,E4,E12,E1,4.059000,236.649000,OK
9,15,adjacent,620,30,32,53,REV,E4,E3,E12,E1,6.113000,233.298000,OK
9,15,adjacent,620,30,32,54,FWD,E4,E5,E1,E2,3.945000,180.669000,OK
9,15,adjacent,620,30,32,55,REV,E5,E4,E1,E2,4.965000,267.173000,OK
9,15,adjacent,620,30,32,56,FWD,E4,E5,E2,E3,-16.473000,239.482000,OK
9,15,adjacent,620,30,32,57,REV,E5,E4,E2,E3,-16.332000,261.188000,OK
9,15,adjacent,620,30,32,58,FWD,E4,E5,E6,E7,-13.961000,245.826000,OK
9,15,adjacent,620,30,32,59,REV,E5,E4,E6,E7,-11.266000,261.188000,OK
9,15,adjacent,620,30,32,60,FWD,E4,E5,E7,E8,5.539000,248.659000,OK
9,15,adjacent,620,30,32,61,REV,E5,E4,E7,E8,7.125000,261.707000,OK
9,15,adjacent,620,30,32,62,FWD,E4,E5,E8,E9,1.770000,250.415000,OK
9,15,adjacent,620,30,32,63,REV,E5,E4,E8,E9,2.500000,261.507000,OK
9,15,adjacent,620,30,32,64,FWD,E4,E5,E9,E10,13.559000,251.572000,OK
9,15,adjacent,620,30,32,65,REV,E5,E4,E9,E10,14.164000,261.627000,OK
9,15,adjacent,620,30,32,66,FWD,E4,E5,E10,E11,-5.492000,252.450000,OK
9,15,adjacent,620,30,32,67,REV,E5,E4,E10,E11,-5.176000,262.465000,OK
9,15,adjacent,620,30,32,68,FWD,E4,E5,E11,E12,11.328000,253.368000,OK
9,15,adjacent,620,30,32,69,REV,E5,E4,E11,E12,11.773000,262.186000,OK
9,15,adjacent,620,30,32,70,FWD,E4,E5,E12,E1,4.977000,253.727000,OK
9,15,adjacent,620,30,32,71,REV,E5,E4,E12,E1,6.184000,262.505000,OK
9,15,adjacent,620,30,32,72,FWD,E5,E6,E1,E2,4.020000,258.515000,OK
9,15,adjacent,620,30,32,73,REV,E6,E5,E1,E2,5.426000,335.283000,OK
9,15,adjacent,620,30,32,74,FWD,E5,E6,E2,E3,-24.566000,319.243000,OK
9,15,adjacent,620,30,32,75,REV,E6,E5,E2,E3,-21.930000,327.104000,OK
9,15,adjacent,620,30,32,76,FWD,E5,E6,E3,E4,17.457000,325.308000,OK
9,15,adjacent,620,30,32,77,REV,E6,E5,E3,E4,24.957000,326.226000,OK
9,15,adjacent,620,30,32,78,FWD,E5,E6,E7,E8,3.039000,327.782000,OK
9,15,adjacent,620,30,32,79,REV,E6,E5,E7,E8,9.176000,325.787000,OK
9,15,adjacent,620,30,32,80,FWD,E5,E6,E8,E9,1.062000,329.817000,OK
9,15,adjacent,620,30,32,81,REV,E6,E5,E8,E9,3.301000,325.707000,OK
9,15,adjacent,620,30,32,82,FWD,E5,E6,E9,E10,13.254000,330.056000,OK
9,15,adjacent,620,30,32,83,REV,E6,E5,E9,E10,14.793000,326.146000,OK
9,15,adjacent,620,30,32,84,FWD,E5,E6,E10,E11,-5.367000,331.094000,OK
9,15,adjacent,620,30,32,85,REV,E6,E5,E10,E11,-4.539000,326.226000,OK
9,15,adjacent,620,30,32,86,FWD,E5,E6,E11,E12,10.836000,331.213000,OK
9,15,adjacent,620,30,32,87,REV,E6,E5,E11,E12,11.609000,326.146000,OK
9,15,adjacent,620,30,32,88,FWD,E5,E6,E12,E1,5.164000,331.892000,OK
9,15,adjacent,620,30,32,89,REV,E6,E5,E12,E1,6.355000,325.827000,OK
9,15,adjacent,620,30,32,90,FWD,E6,E7,E1,E2,4.836000,199.502000,OK
9,15,adjacent,620,30,32,91,REV,E7,E6,E1,E2,5.316000,294.824000,OK
9,15,adjacent,620,30,32,92,FWD,E6,E7,E2,E3,-24.016000,275.592000,OK
9,15,adjacent,620,30,32,93,REV,E7,E6,E2,E3,-23.027000,284.370000,OK
9,15,adjacent,620,30,32,94,FWD,E6,E7,E3,E4,0.547000,283.133000,OK
9,15,adjacent,620,30,32,95,REV,E7,E6,E3,E4,1.547000,283.014000,OK
9,15,adjacent,620,30,32,96,FWD,E6,E7,E4,E5,1.613000,285.647000,OK
9,15,adjacent,620,30,32,97,REV,E7,E6,E4,E5,4.363000,282.615000,OK
9,15,adjacent,620,30,32,98,FWD,E6,E7,E8,E9,0.605000,287.443000,OK
9,15,adjacent,620,30,32,99,REV,E7,E6,E8,E9,4.008000,282.854000,OK
9,15,adjacent,620,30,32,100,FWD,E6,E7,E9,E10,13.125000,287.522000,OK
9,15,adjacent,620,30,32,101,REV,E7,E6,E9,E10,14.801000,283.014000,OK
9,15,adjacent,620,30,32,102,FWD,E6,E7,E10,E11,-5.105000,287.722000,OK
9,15,adjacent,620,30,32,103,REV,E7,E6,E10,E11,-4.363000,283.173000,OK
9,15,adjacent,620,30,32,104,FWD,E6,E7,E11,E12,10.793000,288.440000,OK
9,15,adjacent,620,30,32,105,REV,E7,E6,E11,E12,11.375000,282.654000,OK
9,15,adjacent,620,30,32,106,FWD,E6,E7,E12,E1,5.426000,288.241000,OK
9,15,adjacent,620,30,32,107,REV,E7,E6,E12,E1,6.355000,283.053000,OK
9,15,adjacent,620,30,32,108,FWD,E7,E8,E1,E2,4.750000,150.784000,OK
9,15,adjacent,620,30,32,109,REV,E8,E7,E1,E2,5.437000,244.949000,OK
9,15,adjacent,620,30,32,110,FWD,E7,E8,E2,E3,-23.996000,222.006000,OK
9,15,adjacent,620,30,32,111,REV,E8,E7,E2,E3,-23.215000,234.335000,OK
9,15,adjacent,620,30,32,112,FWD,E7,E8,E3,E4,-2.129000,228.749000,OK
9,15,adjacent,620,30,32,113,REV,E8,E7,E3,E4,-1.457000,232.500000,OK
9,15,adjacent,620,30,32,114,FWD,E7,E8,E4,E5,4.461000,230.545000,OK
9,15,adjacent,620,30,32,115,REV,E8,E7,E4,E5,5.941000,232.260000,OK
9,15,adjacent,620,30,32,116,FWD,E7,E8,E5,E6,-13.414000,231.462000,OK
9,15,adjacent,620,30,32,117,REV,E8,E7,E5,E6,-9.715000,231.941000,OK
9,15,adjacent,620,30,32,118,FWD,E7,E8,E9,E10,12.391000,231.502000,OK
9,15,adjacent,620,30,32,119,REV,E8,E7,E9,E10,15.543000,231.702000,OK
9,15,adjacent,620,30,32,120,FWD,E7,E8,E10,E11,-5.141000,231.901000,OK
9,15,adjacent,620,30,32,121,REV,E8,E7,E10,E11,-3.527000,231.422000,OK
9,15,adjacent,620,30,32,122,FWD,E7,E8,E11,E12,10.480000,232.061000,OK
9,15,adjacent,620,30,32,123,REV,E8,E7,E11,E12,11.309000,231.023000,OK
9,15,adjacent,620,30,32,124,FWD,E7,E8,E12,E1,5.508000,232.659000,OK
9,15,adjacent,620,30,32,125,REV,E8,E7,E12,E1,6.242000,231.702000,OK
9,15,adjacent,620,30,32,126,FWD,E8,E9,E1,E2,5.195000,157.407000,OK
9,15,adjacent,620,30,32,127,REV,E9,E8,E1,E2,5.512000,256.041000,OK
9,15,adjacent,620,30,32,128,FWD,E8,E9,E2,E3,-24.152000,223.921000,OK
9,15,adjacent,620,30,32,129,REV,E9,E8,E2,E3,-23.508000,247.343000,OK
9,15,adjacent,620,30,32,130,FWD,E8,E9,E3,E4,-3.348000,232.220000,OK
9,15,adjacent,620,30,32,131,REV,E9,E8,E3,E4,-2.922000,245.826000,OK
9,15,adjacent,620,30,32,132,FWD,E8,E9,E4,E5,6.461000,234.854000,OK
9,15,adjacent,620,30,32,133,REV,E9,E8,E4,E5,7.230000,245.667000,OK
9,15,adjacent,620,30,32,134,FWD,E8,E9,E5,E6,-12.648000,235.891000,OK
9,15,adjacent,620,30,32,135,REV,E9,E8,E5,E6,-11.023000,245.747000,OK
9,15,adjacent,620,30,32,136,FWD,E8,E9,E6,E7,-11.352000,236.849000,OK
9,15,adjacent,620,30,32,137,REV,E9,E8,E6,E7,-8.895000,245.467000,OK
9,15,adjacent,620,30,32,138,FWD,E8,E9,E10,E11,-10.324000,237.727000,OK
9,15,adjacent,620,30,32,139,REV,E9,E8,E10,E11,2.965000,245.108000,OK
9,15,adjacent,620,30,32,140,FWD,E8,E9,E11,E12,9.852000,238.325000,OK
9,15,adjacent,620,30,32,141,REV,E9,E8,E11,E12,11.828000,245.627000,OK
9,15,adjacent,620,30,32,142,FWD,E8,E9,E12,E1,5.293000,238.445000,OK
9,15,adjacent,620,30,32,143,REV,E9,E8,E12,E1,6.723000,245.547000,OK
9,15,adjacent,620,30,32,144,FWD,E9,E10,E1,E2,5.012000,182.983000,OK
9,15,adjacent,620,30,32,145,REV,E10,E9,E1,E2,6.082000,258.475000,OK
9,15,adjacent,620,30,32,146,FWD,E9,E10,E2,E3,-24.551000,240.959000,OK
9,15,adjacent,620,30,32,147,REV,E10,E9,E2,E3,-23.707000,248.939000,OK
9,15,adjacent,620,30,32,148,FWD,E9,E10,E3,E4,-4.250000,246.624000,OK
9,15,adjacent,620,30,32,149,REV,E10,E9,E3,E4,-3.848000,248.220000,OK
9,15,adjacent,620,30,32,150,FWD,E9,E10,E4,E5,7.645000,247.981000,OK
9,15,adjacent,620,30,32,151,REV,E10,E9,E4,E5,8.250000,247.861000,OK
9,15,adjacent,620,30,32,152,FWD,E9,E10,E5,E6,-11.629000,248.779000,OK
9,15,adjacent,620,30,32,153,REV,E10,E9,E5,E6,-10.551000,247.662000,OK
9,15,adjacent,620,30,32,154,FWD,E9,E10,E6,E7,-12.699000,250.335000,OK
9,15,adjacent,620,30,32,155,REV,E10,E9,E6,E7,-11.172000,247.662000,OK
9,15,adjacent,620,30,32,156,FWD,E9,E10,E7,E8,5.750000,250.614000,OK
9,15,adjacent,620,30,32,157,REV,E10,E9,E7,E8,9.109000,247.622000,OK
9,15,adjacent,620,30,32,158,FWD,E9,E10,E11,E12,-10.805000,250.694000,OK
9,15,adjacent,620,30,32,159,REV,E10,E9,E11,E12,45.160000,248.101000,OK
9,15,adjacent,620,30,32,160,FWD,E9,E10,E12,E1,4.957000,250.694000,OK
9,15,adjacent,620,30,32,161,REV,E10,E9,E12,E1,7.523000,248.380000,OK
9,15,adjacent,620,30,32,162,FWD,E10,E11,E1,E2,5.187000,135.422000,OK
9,15,adjacent,620,30,32,163,REV,E11,E10,E1,E2,5.988000,206.285000,OK
9,15,adjacent,620,30,32,164,FWD,E10,E11,E2,E3,-24.516000,194.834000,OK
9,15,adjacent,620,30,32,165,REV,E11,E10,E2,E3,-23.730000,197.108000,OK
9,15,adjacent,620,30,32,166,FWD,E10,E11,E3,E4,-4.879000,199.861000,OK
9,15,adjacent,620,30,32,167,REV,E11,E10,E3,E4,-4.570000,195.632000,OK
9,15,adjacent,620,30,32,168,FWD,E10,E11,E4,E5,8.484000,201.337000,OK
9,15,adjacent,620,30,32,169,REV,E11,E10,E4,E5,8.789000,194.953000,OK
9,15,adjacent,620,30,32,170,FWD,E10,E11,E5,E6,-10.754000,202.455000,OK
9,15,adjacent,620,30,32,171,REV,E11,E10,E5,E6,-10.180000,194.794000,OK
9,15,adjacent,620,30,32,172,FWD,E10,E11,E6,E7,-12.621000,202.973000,OK
9,15,adjacent,620,30,32,173,REV,E11,E10,E6,E7,-12.035000,194.674000,OK
9,15,adjacent,620,30,32,174,FWD,E10,E11,E7,E8,4.629000,203.013000,OK
9,15,adjacent,620,30,32,175,REV,E11,E10,E7,E8,6.121000,194.953000,OK
9,15,adjacent,620,30,32,176,FWD,E10,E11,E8,E9,-2.125000,202.255000,OK
9,15,adjacent,620,30,32,177,REV,E11,E10,E8,E9,7.520000,194.634000,OK
9,15,adjacent,620,30,32,178,FWD,E10,E11,E12,E1,-1.566000,203.173000,OK
9,15,adjacent,620,30,32,179,REV,E11,E10,E12,E1,16.754000,194.036000,OK
9,15,adjacent,620,30,32,180,FWD,E11,E12,E1,E2,4.543000,111.721000,OK
9,15,adjacent,620,30,32,181,REV,E12,E11,E1,E2,6.918000,202.734000,OK
9,15,adjacent,620,30,32,182,FWD,E11,E12,E2,E3,-24.902000,167.462000,OK
9,15,adjacent,620,30,32,183,REV,E12,E11,E2,E3,-23.168000,195.153000,OK
9,15,adjacent,620,30,32,184,FWD,E11,E12,E3,E4,-5.496000,173.726000,OK
9,15,adjacent,620,30,32,185,REV,E12,E11,E3,E4,-4.891000,194.115000,OK
9,15,adjacent,620,30,32,186,FWD,E11,E12,E4,E5,9.094000,176.120000,OK
9,15,adjacent,620,30,32,187,REV,E12,E11,E4,E5,9.406000,193.278000,OK
9,15,adjacent,620,30,32,188,FWD,E11,E12,E5,E6,-10.324000,177.198000,OK
9,15,adjacent,620,30,32,189,REV,E12,E11,E5,E6,-9.891000,193.357000,OK
9,15,adjacent,620,30,32,190,FWD,E11,E12,E6,E7,-12.438000,178.076000,OK
9,15,adjacent,620,30,32,191,REV,E12,E11,E6,E7,-12.059000,193.597000,OK
9,15,adjacent,620,30,32,192,FWD,E11,E12,E7,E8,5.098000,178.115000,OK
9,15,adjacent,620,30,32,193,REV,E12,E11,E7,E8,5.750000,192.998000,OK
9,15,adjacent,620,30,32,194,FWD,E11,E12,E8,E9,2.266000,178.754000,OK
9,15,adjacent,620,30,32,195,REV,E12,E11,E8,E9,3.551000,192.679000,OK
9,15,adjacent,620,30,32,196,FWD,E11,E12,E9,E10,-8.289000,178.874000,OK
9,15,adjacent,620,30,32,197,REV,E12,E11,E9,E10,26.793000,193.557000,OK
9,15,adjacent,620,30,32,198,FWD,E12,E1,E2,E3,-26.941000,138.175000,OK
9,15,adjacent,620,30,32,199,REV,E1,E12,E2,E3,-21.398000,187.093000,OK
9,15,adjacent,620,30,32,200,FWD,E12,E1,E3,E4,-6.426000,180.669000,OK
9,15,adjacent,620,30,32,201,REV,E1,E12,E3,E4,-4.793000,181.068000,OK
9,15,adjacent,620,30,32,202,FWD,E12,E1,E4,E5,9.246000,184.898000,OK
9,15,adjacent,620,30,32,203,REV,E1,E12,E4,E5,10.008000,179.233000,OK
9,15,adjacent,620,30,32,204,FWD,E12,E1,E5,E6,-10.230000,185.736000,OK
9,15,adjacent,620,30,32,205,REV,E1,E12,E5,E6,-9.504000,179.432000,OK
9,15,adjacent,620,30,32,206,FWD,E12,E1,E6,E7,-12.492000,186.215000,OK
9,15,adjacent,620,30,32,207,REV,E1,E12,E6,E7,-12.000000,179.512000,OK
9,15,adjacent,620,30,32,208,FWD,E12,E1,E7,E8,5.242000,186.455000,OK
9,15,adjacent,620,30,32,209,REV,E1,E12,E7,E8,5.949000,179.392000,OK
9,15,adjacent,620,30,32,210,FWD,E12,E1,E8,E9,2.320000,186.734000,OK
9,15,adjacent,620,30,32,211,REV,E1,E12,E8,E9,3.305000,178.993000,OK
9,15,adjacent,620,30,32,212,FWD,E12,E1,E9,E10,10.465000,187.053000,OK
9,15,adjacent,620,30,32,213,REV,E1,E12,E9,E10,12.734000,179.113000,OK
9,15,adjacent,620,30,32,214,FWD,E12,E1,E10,E11,-13.535000,186.973000,OK
9,15,adjacent,620,30,32,215,REV,E1,E12,E10,E11,6.234000,179.472000,OK
