run_id,capture,frame_id,pattern,polarity,i_plus,i_minus,v_plus,v_minus,voltage_mv,current_ua,quality,dac_code,settle_ms,sample_count
20260901-181802,baseline,2,adjacent,FWD,E1,E2,E3,E4,218.812000,654.047000,OK,100,30,4
20260901-181802,baseline,2,adjacent,REV,E2,E1,E3,E4,-210.187000,689.479000,OK,100,30,4
20260901-181802,baseline,2,adjacent,FWD,E1,E2,E4,E5,-29.531000,667.454000,OK,100,30,4
20260901-181802,baseline,2,adjacent,REV,E2,E1,E4,E5,3.000000,681.180000,OK,100,30,4
20260901-181802,baseline,2,adjacent,FWD,E1,E2,E5,E6,-13.531000,669.369000,OK,100,30,4
20260901-181802,baseline,2,adjacent,REV,E2,E1,E5,E6,1.437000,679.584000,OK,100,30,4
20260901-181802,baseline,2,adjacent,FWD,E1,E2,E6,E7,-4.000000,672.880000,OK,100,30,4
20260901-181802,baseline,2,adjacent,REV,E2,E1,E6,E7,0.375000,679.584000,OK,100,30,4
20260901-181802,baseline,2,adjacent,FWD,E1,E2,E7,E8,-2.750000,670.965000,OK,100,30,4
20260901-181802,baseline,2,adjacent,REV,E2,E1,E7,E8,1.875000,680.222000,OK,100,30,4
20260901-181802,baseline,2,adjacent,FWD,E1,E2,E8,E9,-5.250000,674.157000,OK,100,30,4
20260901-181802,baseline,2,adjacent,REV,E2,E1,E8,E9,0.094000,680.541000,OK,100,30,4
20260901-181802,baseline,2,adjacent,FWD,E1,E2,E9,E10,19.094000,674.796000,OK,100,30,4
20260901-181802,baseline,2,adjacent,REV,E2,E1,E9,E10,28.687000,680.861000,OK,100,30,4
20260901-181802,baseline,2,adjacent,FWD,E1,E2,E10,E11,-18.687000,673.200000,OK,100,30,4
20260901-181802,baseline,2,adjacent,REV,E2,E1,E10,E11,-28.344000,677.030000,OK,100,30,4
20260901-181802,baseline,2,adjacent,FWD,E1,E2,E11,E12,21.469000,672.242000,OK,100,30,4
20260901-181802,baseline,2,adjacent,REV,E2,E1,E11,E12,-4.281000,679.265000,OK,100,30,4
20260901-181802,baseline,2,adjacent,FWD,E2,E3,E4,E5,-44.094000,609.040000,OK,100,30,4
20260901-181802,baseline,2,adjacent,REV,E3,E2,E4,E5,18.750000,647.344000,OK,100,30,4
20260901-181802,baseline,2,adjacent,FWD,E2,E3,E5,E6,-16.625000,626.277000,OK,100,30,4
20260901-181802,baseline,2,adjacent,REV,E3,E2,E5,E6,4.687000,641.918000,OK,100,30,4
20260901-181802,baseline,2,adjacent,FWD,E2,E3,E6,E7,-4.906000,631.065000,OK,100,30,4
20260901-181802,baseline,2,adjacent,REV,E3,E2,E6,E7,1.219000,639.364000,OK,100,30,4
20260901-181802,baseline,2,adjacent,FWD,E2,E3,E7,E8,-3.156000,632.661000,OK,100,30,4
20260901-181802,baseline,2,adjacent,REV,E3,E2,E7,E8,2.156000,636.172000,OK,100,30,4
20260901-181802,baseline,2,adjacent,FWD,E2,E3,E8,E9,-5.125000,630.746000,OK,100,30,4
20260901-181802,baseline,2,adjacent,REV,E3,E2,E8,E9,-0.500000,635.534000,OK,100,30,4
20260901-181802,baseline,2,adjacent,FWD,E2,E3,E9,E10,20.781000,631.384000,OK,100,30,4
20260901-181802,baseline,2,adjacent,REV,E3,E2,E9,E10,27.375000,634.895000,OK,100,30,4
20260901-181802,baseline,2,adjacent,FWD,E2,E3,E10,E11,-20.469000,632.980000,OK,100,30,4
20260901-181802,baseline,2,adjacent,REV,E3,E2,E10,E11,-27.094000,635.214000,OK,100,30,4
20260901-181802,baseline,2,adjacent,FWD,E2,E3,E11,E12,15.781000,634.257000,OK,100,30,4
20260901-181802,baseline,2,adjacent,REV,E3,E2,E11,E12,1.906000,635.853000,OK,100,30,4
20260901-181802,baseline,2,adjacent,FWD,E2,E3,E12,E1,-54.094000,633.299000,OK,100,30,4
20260901-181802,baseline,2,adjacent,REV,E3,E2,E12,E1,-12.906000,635.534000,OK,100,30,4
20260901-181802,baseline,2,adjacent,FWD,E3,E4,E1,E2,-12.156000,669.369000,OK,100,30,4
20260901-181802,baseline,2,adjacent,REV,E4,E3,E1,E2,26.750000,769.918000,OK,100,30,4
20260901-181802,baseline,2,adjacent,FWD,E3,E4,E5,E6,-24.937000,686.287000,OK,100,30,4
20260901-181802,baseline,2,adjacent,REV,E4,E3,E5,E6,14.406000,759.704000,OK,100,30,4
20260901-181802,baseline,2,adjacent,FWD,E3,E4,E6,E7,-6.875000,695.544000,OK,100,30,4
20260901-181802,baseline,2,adjacent,REV,E4,E3,E6,E7,3.563000,756.512000,OK,100,30,4
20260901-181802,baseline,2,adjacent,FWD,E3,E4,E7,E8,-4.000000,697.140000,OK,100,30,4
20260901-181802,baseline,2,adjacent,REV,E4,E3,E7,E8,3.406000,755.554000,OK,100,30,4
20260901-181802,baseline,2,adjacent,FWD,E3,E4,E8,E9,-5.594000,701.609000,OK,100,30,4
20260901-181802,baseline,2,adjacent,REV,E4,E3,E8,E9,-0.312000,752.681000,OK,100,30,4
20260901-181802,baseline,2,adjacent,FWD,E3,E4,E9,E10,21.594000,701.928000,OK,100,30,4
20260901-181802,baseline,2,adjacent,REV,E4,E3,E9,E10,27.219000,753.639000,OK,100,30,4
20260901-181802,baseline,2,adjacent,FWD,E3,E4,E10,E11,-21.219000,702.566000,OK,100,30,4
20260901-181802,baseline,2,adjacent,REV,E4,E3,E10,E11,-26.875000,750.447000,OK,100,30,4
20260901-181802,baseline,2,adjacent,FWD,E3,E4,E11,E12,13.250000,702.566000,OK,100,30,4
20260901-181802,baseline,2,adjacent,REV,E4,E3,E11,E12,4.500000,751.085000,OK,100,30,4
20260901-181802,baseline,2,adjacent,FWD,E3,E4,E12,E1,-42.750000,704.162000,OK,100,30,4
20260901-181802,baseline,2,adjacent,REV,E4,E3,E12,E1,-25.406000,749.170000,OK,100,30,4
20260901-181802,baseline,2,adjacent,FWD,E4,E5,E1,E2,-12.906000,804.711000,OK,100,30,4
20260901-181802,baseline,2,adjacent,REV,E5,E4,E1,E2,13.063000,849.081000,OK,100,30,4
20260901-181802,baseline,2,adjacent,FWD,E4,E5,E2,E3,13.469000,829.290000,OK,100,30,4
20260901-181802,baseline,2,adjacent,REV,E5,E4,E2,E3,-12.594000,841.420000,OK,100,30,4
20260901-181802,baseline,2,adjacent,FWD,E4,E5,E6,E7,-21.187000,833.121000,OK,100,30,4
20260901-181802,baseline,2,adjacent,REV,E5,E4,E6,E7,17.219000,839.185000,OK,100,30,4
20260901-181802,baseline,2,adjacent,FWD,E4,E5,E7,E8,-11.125000,834.397000,OK,100,30,4
20260901-181802,baseline,2,adjacent,REV,E5,E4,E7,E8,10.063000,837.270000,OK,100,30,4
20260901-181802,baseline,2,adjacent,FWD,E4,E5,E8,E9,-9.344000,836.951000,OK,100,30,4
20260901-181802,baseline,2,adjacent,REV,E5,E4,E8,E9,3.125000,835.355000,OK,100,30,4
20260901-181802,baseline,2,adjacent,FWD,E4,E5,E9,E10,19.156000,837.270000,OK,100,30,4
20260901-181802,baseline,2,adjacent,REV,E5,E4,E9,E10,29.594000,834.397000,OK,100,30,4
20260901-181802,baseline,2,adjacent,FWD,E4,E5,E10,E11,-18.844000,838.228000,OK,100,30,4
20260901-181802,baseline,2,adjacent,REV,E5,E4,E10,E11,-29.281000,835.355000,OK,100,30,4
20260901-181802,baseline,2,adjacent,FWD,E4,E5,E11,E12,15.063000,839.185000,OK,100,30,4
20260901-181802,baseline,2,adjacent,REV,E5,E4,E11,E12,3.344000,834.397000,OK,100,30,4
20260901-181802,baseline,2,adjacent,FWD,E4,E5,E12,E1,-41.406000,839.505000,OK,100,30,4
20260901-181802,baseline,2,adjacent,REV,E5,E4,E12,E1,-28.156000,833.121000,OK,100,30,4
20260901-181802,baseline,2,adjacent,FWD,E5,E6,E1,E2,-3.750000,818.118000,OK,100,30,4
20260901-181802,baseline,2,adjacent,REV,E6,E5,E1,E2,3.906000,872.063000,OK,100,30,4
20260901-181802,baseline,2,adjacent,FWD,E5,E6,E2,E3,4.437000,841.101000,OK,100,30,4
20260901-181802,baseline,2,adjacent,REV,E6,E5,E2,E3,-3.188000,860.572000,OK,100,30,4
20260901-181802,baseline,2,adjacent,FWD,E5,E6,E3,E4,6.000000,845.569000,OK,100,30,4
20260901-181802,baseline,2,adjacent,REV,E6,E5,E3,E4,-7.656000,859.614000,OK,100,30,4
20260901-181802,baseline,2,adjacent,FWD,E5,E6,E7,E8,-15.844000,851.315000,OK,100,30,4
20260901-181802,baseline,2,adjacent,REV,E6,E5,E7,E8,15.063000,857.380000,OK,100,30,4
20260901-181802,baseline,2,adjacent,FWD,E5,E6,E8,E9,-10.000000,849.719000,OK,100,30,4
20260901-181802,baseline,2,adjacent,REV,E6,E5,E8,E9,3.656000,855.784000,OK,100,30,4
20260901-181802,baseline,2,adjacent,FWD,E5,E6,E9,E10,20.031000,849.719000,OK,100,30,4
20260901-181802,baseline,2,adjacent,REV,E6,E5,E9,E10,28.937000,854.188000,OK,100,30,4
20260901-181802,baseline,2,adjacent,FWD,E5,E6,E10,E11,-19.687000,850.357000,OK,100,30,4
20260901-181802,baseline,2,adjacent,REV,E6,E5,E10,E11,-28.656000,853.230000,OK,100,30,4
20260901-181802,baseline,2,adjacent,FWD,E5,E6,E11,E12,12.875000,851.953000,OK,100,30,4
20260901-181802,baseline,2,adjacent,REV,E6,E5,E11,E12,5.562000,850.357000,OK,100,30,4
20260901-181802,baseline,2,adjacent,FWD,E5,E6,E12,E1,-37.188000,850.677000,OK,100,30,4
20260901-181802,baseline,2,adjacent,REV,E6,E5,E12,E1,-32.906000,853.550000,OK,100,30,4
20260901-181802,baseline,2,adjacent,FWD,E6,E7,E1,E2,-2.625000,785.240000,OK,100,30,4
20260901-181802,baseline,2,adjacent,REV,E7,E6,E1,E2,2.438000,832.801000,OK,100,30,4
20260901-181802,baseline,2,adjacent,FWD,E6,E7,E2,E3,3.156000,806.307000,OK,100,30,4
20260901-181802,baseline,2,adjacent,REV,E7,E6,E2,E3,-2.031000,823.544000,OK,100,30,4
20260901-181802,baseline,2,adjacent,FWD,E6,E7,E3,E4,3.969000,811.095000,OK,100,30,4
20260901-181802,baseline,2,adjacent,REV,E7,E6,E3,E4,-4.031000,819.076000,OK,100,30,4
20260901-181802,baseline,2,adjacent,FWD,E6,E7,E4,E5,214.000000,811.095000,OK,100,30,4
20260901-181802,baseline,2,adjacent,REV,E7,E6,E4,E5,-236.937000,817.799000,OK,100,30,4
20260901-181802,baseline,2,adjacent,FWD,E6,E7,E8,E9,-17.625000,813.011000,OK,100,30,4
20260901-181802,baseline,2,adjacent,REV,E7,E6,E8,E9,11.250000,816.522000,OK,100,30,4
20260901-181802,baseline,2,adjacent,FWD,E6,E7,E9,E10,16.875000,815.884000,OK,100,30,4
20260901-181802,baseline,2,adjacent,REV,E7,E6,E9,E10,32.344000,816.841000,OK,100,30,4
20260901-181802,baseline,2,adjacent,FWD,E6,E7,E10,E11,-16.531000,817.160000,OK,100,30,4
20260901-181802,baseline,2,adjacent,REV,E7,E6,E10,E11,-31.906000,816.203000,OK,100,30,4
20260901-181802,baseline,2,adjacent,FWD,E6,E7,E11,E12,14.719000,816.841000,OK,100,30,4
20260901-181802,baseline,2,adjacent,REV,E7,E6,E11,E12,4.156000,816.841000,OK,100,30,4
20260901-181802,baseline,2,adjacent,FWD,E6,E7,E12,E1,-37.156000,814.926000,OK,100,30,4
20260901-181802,baseline,2,adjacent,REV,E7,E6,E12,E1,-33.281000,813.649000,OK,100,30,4
20260901-181802,baseline,2,adjacent,FWD,E7,E8,E1,E2,-2.750000,732.891000,OK,100,30,4
20260901-181802,baseline,2,adjacent,REV,E8,E7,E1,E2,2.594000,791.624000,OK,100,30,4
20260901-181802,baseline,2,adjacent,FWD,E7,E8,E2,E3,3.375000,755.235000,OK,100,30,4
20260901-181802,baseline,2,adjacent,REV,E8,E7,E2,E3,-2.156000,779.175000,OK,100,30,4
20260901-181802,baseline,2,adjacent,FWD,E7,E8,E3,E4,3.469000,762.577000,OK,100,30,4
20260901-181802,baseline,2,adjacent,REV,E8,E7,E3,E4,-2.938000,778.856000,OK,100,30,4
20260901-181802,baseline,2,adjacent,FWD,E7,E8,E4,E5,-210.000000,761.619000,OK,100,30,4
20260901-181802,baseline,2,adjacent,REV,E8,E7,E4,E5,179.687000,774.068000,OK,100,30,4
20260901-181802,baseline,2,adjacent,FWD,E7,E8,E5,E6,263.375000,764.811000,OK,100,30,4
20260901-181802,baseline,2,adjacent,REV,E8,E7,E5,E6,-275.812000,775.983000,OK,100,30,4
20260901-181802,baseline,2,adjacent,FWD,E7,E8,E9,E10,4.344000,767.045000,OK,100,30,4
20260901-181802,baseline,2,adjacent,REV,E8,E7,E9,E10,45.219000,774.068000,OK,100,30,4
20260901-181802,baseline,2,adjacent,FWD,E7,E8,E10,E11,-4.000000,766.088000,OK,100,30,4
20260901-181802,baseline,2,adjacent,REV,E8,E7,E10,E11,-45.000000,774.068000,OK,100,30,4
20260901-181802,baseline,2,adjacent,FWD,E7,E8,E11,E12,20.625000,765.769000,OK,100,30,4
20260901-181802,baseline,2,adjacent,REV,E8,E7,E11,E12,-1.719000,772.791000,OK,100,30,4
20260901-181802,baseline,2,adjacent,FWD,E7,E8,E12,E1,-37.656000,768.641000,OK,100,30,4
20260901-181802,baseline,2,adjacent,REV,E8,E7,E12,E1,-33.156000,774.387000,OK,100,30,4
20260901-181802,baseline,2,adjacent,FWD,E8,E9,E1,E2,-2.563000,620.850000,OK,100,30,4
20260901-181802,baseline,2,adjacent,REV,E9,E8,E1,E2,2.406000,665.539000,OK,100,30,4
20260901-181802,baseline,2,adjacent,FWD,E8,E9,E2,E3,3.000000,640.003000,OK,100,30,4
20260901-181802,baseline,2,adjacent,REV,E9,E8,E2,E3,-1.969000,658.836000,OK,100,30,4
20260901-181802,baseline,2,adjacent,FWD,E8,E9,E3,E4,2.875000,643.195000,OK,100,30,4
20260901-181802,baseline,2,adjacent,REV,E9,E8,E3,E4,-1.906000,655.963000,OK,100,30,4
20260901-181802,baseline,2,adjacent,FWD,E8,E9,E4,E5,-32.781000,644.791000,OK,100,30,4
20260901-181802,baseline,2,adjacent,REV,E9,E8,E4,E5,10.219000,655.005000,OK,100,30,4
20260901-181802,baseline,2,adjacent,FWD,E8,E9,E5,E6,-204.906000,646.067000,OK,100,30,4
20260901-181802,baseline,2,adjacent,REV,E9,E8,E5,E6,186.187000,652.771000,OK,100,30,4
20260901-181802,baseline,2,adjacent,FWD,E8,E9,E6,E7,-12.438000,648.940000,OK,100,30,4
20260901-181802,baseline,2,adjacent,REV,E9,E8,E6,E7,10.281000,655.963000,OK,100,30,4
20260901-181802,baseline,2,adjacent,FWD,E8,E9,E10,E11,227.000000,647.983000,OK,100,30,4
20260901-181802,baseline,2,adjacent,REV,E9,E8,E10,E11,-272.687000,652.771000,OK,100,30,4
20260901-181802,baseline,2,adjacent,FWD,E8,E9,E11,E12,35.281000,649.898000,OK,100,30,4
20260901-181802,baseline,2,adjacent,REV,E9,E8,E11,E12,-14.625000,653.728000,OK,100,30,4
20260901-181802,baseline,2,adjacent,FWD,E8,E9,E12,E1,-38.438000,650.536000,OK,100,30,4
20260901-181802,baseline,2,adjacent,REV,E9,E8,E12,E1,-32.656000,651.494000,OK,100,30,4
20260901-181802,baseline,2,adjacent,FWD,E9,E10,E1,E2,-4.250000,558.286000,OK,100,30,4
20260901-181802,baseline,2,adjacent,REV,E10,E9,E1,E2,4.500000,668.092000,OK,100,30,4
20260901-181802,baseline,2,adjacent,FWD,E9,E10,E2,E3,4.875000,587.972000,OK,100,30,4
20260901-181802,baseline,2,adjacent,REV,E10,E9,E2,E3,-4.125000,656.920000,OK,100,30,4
20260901-181802,baseline,2,adjacent,FWD,E9,E10,E3,E4,3.844000,596.272000,OK,100,30,4
20260901-181802,baseline,2,adjacent,REV,E10,E9,E3,E4,-2.719000,656.282000,OK,100,30,4
20260901-181802,baseline,2,adjacent,FWD,E9,E10,E4,E5,-25.375000,599.464000,OK,100,30,4
20260901-181802,baseline,2,adjacent,REV,E10,E9,E4,E5,0.812000,654.047000,OK,100,30,4
20260901-181802,baseline,2,adjacent,FWD,E9,E10,E5,E6,-29.781000,596.272000,OK,100,30,4
20260901-181802,baseline,2,adjacent,REV,E10,E9,E5,E6,21.250000,654.047000,OK,100,30,4
20260901-181802,baseline,2,adjacent,FWD,E9,E10,E6,E7,-7.375000,598.506000,OK,100,30,4
20260901-181802,baseline,2,adjacent,REV,E10,E9,E6,E7,4.406000,651.813000,OK,100,30,4
20260901-181802,baseline,2,adjacent,FWD,E9,E10,E7,E8,-16.187000,599.464000,OK,100,30,4
20260901-181802,baseline,2,adjacent,REV,E10,E9,E7,E8,16.969000,651.494000,OK,100,30,4
20260901-181802,baseline,2,adjacent,FWD,E9,E10,E11,E12,204.156000,599.464000,OK,100,30,4
20260901-181802,baseline,2,adjacent,REV,E10,E9,E11,E12,-194.875000,649.898000,OK,100,30,4
20260901-181802,baseline,2,adjacent,FWD,E9,E10,E12,E1,-41.688000,601.060000,OK,100,30,4
20260901-181802,baseline,2,adjacent,REV,E10,E9,E12,E1,-29.187000,651.494000,OK,100,30,4
20260901-181802,baseline,2,adjacent,FWD,E10,E11,E1,E2,-10.875000,588.611000,OK,100,30,4
20260901-181802,baseline,2,adjacent,REV,E11,E10,E1,E2,11.031000,626.596000,OK,100,30,4
20260901-181802,baseline,2,adjacent,FWD,E10,E11,E2,E3,11.563000,609.040000,OK,100,30,4
20260901-181802,baseline,2,adjacent,REV,E11,E10,E2,E3,-10.438000,614.147000,OK,100,30,4
20260901-181802,baseline,2,adjacent,FWD,E10,E11,E3,E4,7.187000,613.828000,OK,100,30,4
20260901-181802,baseline,2,adjacent,REV,E11,E10,E3,E4,-5.687000,609.997000,OK,100,30,4
20260901-181802,baseline,2,adjacent,FWD,E10,E11,E4,E5,-23.719000,612.870000,OK,100,30,4
20260901-181802,baseline,2,adjacent,REV,E11,E10,E4,E5,-2.344000,610.317000,OK,100,30,4
20260901-181802,baseline,2,adjacent,FWD,E10,E11,E5,E6,-21.062000,614.786000,OK,100,30,4
20260901-181802,baseline,2,adjacent,REV,E11,E10,E5,E6,9.000000,608.082000,OK,100,30,4
20260901-181802,baseline,2,adjacent,FWD,E10,E11,E6,E7,-5.656000,615.743000,OK,100,30,4
20260901-181802,baseline,2,adjacent,REV,E11,E10,E6,E7,1.969000,609.359000,OK,100,30,4
20260901-181802,baseline,2,adjacent,FWD,E10,E11,E7,E8,-9.188000,618.297000,OK,100,30,4
20260901-181802,baseline,2,adjacent,REV,E11,E10,E7,E8,8.219000,609.678000,OK,100,30,4
20260901-181802,baseline,2,adjacent,FWD,E10,E11,E8,E9,-23.187000,617.658000,OK,100,30,4
20260901-181802,baseline,2,adjacent,REV,E11,E10,E8,E9,23.031000,611.913000,OK,100,30,4
20260901-181802,baseline,2,adjacent,FWD,E10,E11,E12,E1,-58.406000,617.658000,OK,100,30,4
20260901-181802,baseline,2,adjacent,REV,E11,E10,E12,E1,-13.688000,608.721000,OK,100,30,4
20260901-181802,baseline,2,adjacent,FWD,E11,E12,E1,E2,-23.094000,599.145000,OK,100,30,4
20260901-181802,baseline,2,adjacent,REV,E12,E11,E1,E2,24.406000,665.539000,OK,100,30,4
20260901-181802,baseline,2,adjacent,FWD,E11,E12,E2,E3,23.687000,631.065000,OK,100,30,4
20260901-181802,baseline,2,adjacent,REV,E12,E11,E2,E3,-23.812000,660.432000,OK,100,30,4
20260901-181802,baseline,2,adjacent,FWD,E11,E12,E3,E4,11.750000,636.491000,OK,100,30,4
20260901-181802,baseline,2,adjacent,REV,E12,E11,E3,E4,-10.563000,658.516000,OK,100,30,4
20260901-181802,baseline,2,adjacent,FWD,E11,E12,E4,E5,-20.625000,641.279000,OK,100,30,4
20260901-181802,baseline,2,adjacent,REV,E12,E11,E4,E5,-5.281000,656.282000,OK,100,30,4
20260901-181802,baseline,2,adjacent,FWD,E11,E12,E5,E6,-12.813000,640.641000,OK,100,30,4
20260901-181802,baseline,2,adjacent,REV,E12,E11,E5,E6,0.906000,655.005000,OK,100,30,4
20260901-181802,baseline,2,adjacent,FWD,E11,E12,E6,E7,-3.688000,642.237000,OK,100,30,4
20260901-181802,baseline,2,adjacent,REV,E12,E11,E6,E7,0.125000,655.643000,OK,100,30,4
20260901-181802,baseline,2,adjacent,FWD,E11,E12,E7,E8,-3.688000,641.918000,OK,100,30,4
20260901-181802,baseline,2,adjacent,REV,E12,E11,E7,E8,2.844000,654.686000,OK,100,30,4
20260901-181802,baseline,2,adjacent,FWD,E11,E12,E8,E9,-7.875000,643.514000,OK,100,30,4
20260901-181802,baseline,2,adjacent,REV,E12,E11,E8,E9,4.375000,654.367000,OK,100,30,4
20260901-181802,baseline,2,adjacent,FWD,E11,E12,E9,E10,5.437000,642.875000,OK,100,30,4
20260901-181802,baseline,2,adjacent,REV,E12,E11,E9,E10,42.469000,655.324000,OK,100,30,4
20260901-181802,baseline,2,adjacent,FWD,E12,E1,E2,E3,194.312000,686.606000,OK,100,30,4
20260901-181802,baseline,2,adjacent,REV,E1,E12,E2,E3,-179.031000,677.988000,OK,100,30,4
20260901-181802,baseline,2,adjacent,FWD,E12,E1,E3,E4,23.875000,701.928000,OK,100,30,4
20260901-181802,baseline,2,adjacent,REV,E1,E12,E3,E4,-20.875000,665.539000,OK,100,30,4
20260901-181802,baseline,2,adjacent,FWD,E12,E1,E4,E5,-22.656000,707.993000,OK,100,30,4
20260901-181802,baseline,2,adjacent,REV,E1,E12,E4,E5,-4.469000,662.347000,OK,100,30,4
20260901-181802,baseline,2,adjacent,FWD,E12,E1,E5,E6,-11.844000,705.758000,OK,100,30,4
20260901-181802,baseline,2,adjacent,REV,E1,E12,E5,E6,-0.844000,659.793000,OK,100,30,4
20260901-181802,baseline,2,adjacent,FWD,E12,E1,E6,E7,-3.531000,706.078000,OK,100,30,4
20260901-181802,baseline,2,adjacent,REV,E1,E12,E6,E7,-0.281000,660.751000,OK,100,30,4
20260901-181802,baseline,2,adjacent,FWD,E12,E1,E7,E8,-2.656000,707.035000,OK,100,30,4
20260901-181802,baseline,2,adjacent,REV,E1,E12,E7,E8,1.562000,659.474000,OK,100,30,4
20260901-181802,baseline,2,adjacent,FWD,E12,E1,E8,E9,-5.687000,707.354000,OK,100,30,4
20260901-181802,baseline,2,adjacent,REV,E1,E12,E8,E9,0.406000,660.432000,OK,100,30,4
20260901-181802,baseline,2,adjacent,FWD,E12,E1,E9,E10,16.906000,706.397000,OK,100,30,4
20260901-181802,baseline,2,adjacent,REV,E1,E12,E9,E10,30.781000,659.474000,OK,100,30,4
20260901-181802,baseline,2,adjacent,FWD,E12,E1,E10,E11,-16.594000,706.397000,OK,100,30,4
20260901-181802,baseline,2,adjacent,REV,E1,E12,E10,E11,-30.500000,658.836000,OK,100,30,4
20260901-181802,baseline,3,adjacent,FWD,E1,E2,E3,E4,218.625000,654.367000,OK,100,30,4
20260901-181802,baseline,3,adjacent,REV,E2,E1,E3,E4,-211.562000,688.841000,OK,100,30,4
20260901-181802,baseline,3,adjacent,FWD,E1,E2,E4,E5,-29.250000,669.369000,OK,100,30,4
20260901-181802,baseline,3,adjacent,REV,E2,E1,E4,E5,3.031000,682.137000,OK,100,30,4
20260901-181802,baseline,3,adjacent,FWD,E1,E2,E5,E6,-13.594000,670.327000,OK,100,30,4
20260901-181802,baseline,3,adjacent,REV,E2,E1,E5,E6,1.312000,682.137000,OK,100,30,4
20260901-181802,baseline,3,adjacent,FWD,E1,E2,E6,E7,-4.094000,672.880000,OK,100,30,4
20260901-181802,baseline,3,adjacent,REV,E2,E1,E6,E7,0.281000,678.945000,OK,100,30,4
20260901-181802,baseline,3,adjacent,FWD,E1,E2,E7,E8,-2.813000,671.284000,OK,100,30,4
20260901-181802,baseline,3,adjacent,REV,E2,E1,E7,E8,1.875000,679.903000,OK,100,30,4
20260901-181802,baseline,3,adjacent,FWD,E1,E2,E8,E9,-5.594000,673.200000,OK,100,30,4
20260901-181802,baseline,3,adjacent,REV,E2,E1,E8,E9,-0.219000,677.669000,OK,100,30,4
20260901-181802,baseline,3,adjacent,FWD,E1,E2,E9,E10,19.594000,673.519000,OK,100,30,4
20260901-181802,baseline,3,adjacent,REV,E2,E1,E9,E10,29.187000,677.669000,OK,100,30,4
20260901-181802,baseline,3,adjacent,FWD,E1,E2,E10,E11,-19.187000,673.838000,OK,100,30,4
20260901-181802,baseline,3,adjacent,REV,E2,E1,E10,E11,-28.844000,681.818000,OK,100,30,4
20260901-181802,baseline,3,adjacent,FWD,E1,E2,E11,E12,21.687000,674.796000,OK,100,30,4
20260901-181802,baseline,3,adjacent,REV,E2,E1,E11,E12,-3.844000,679.903000,OK,100,30,4
20260901-181802,baseline,3,adjacent,FWD,E2,E3,E4,E5,-44.313000,611.274000,OK,100,30,4
20260901-181802,baseline,3,adjacent,REV,E3,E2,E4,E5,18.625000,646.706000,OK,100,30,4
20260901-181802,baseline,3,adjacent,FWD,E2,E3,E5,E6,-16.875000,626.596000,OK,100,30,4
20260901-181802,baseline,3,adjacent,REV,E3,E2,E5,E6,4.469000,639.364000,OK,100,30,4
20260901-181802,baseline,3,adjacent,FWD,E2,E3,E6,E7,-5.031000,630.426000,OK,100,30,4
20260901-181802,baseline,3,adjacent,REV,E3,E2,E6,E7,1.312000,639.045000,OK,100,30,4
20260901-181802,baseline,3,adjacent,FWD,E2,E3,E7,E8,-3.156000,632.342000,OK,100,30,4
20260901-181802,baseline,3,adjacent,REV,E3,E2,E7,E8,2.156000,638.087000,OK,100,30,4
20260901-181802,baseline,3,adjacent,FWD,E2,E3,E8,E9,-5.531000,633.938000,OK,100,30,4
20260901-181802,baseline,3,adjacent,REV,E3,E2,E8,E9,-0.687000,638.726000,OK,100,30,4
20260901-181802,baseline,3,adjacent,FWD,E2,E3,E9,E10,21.187000,634.257000,OK,100,30,4
20260901-181802,baseline,3,adjacent,REV,E3,E2,E9,E10,27.906000,637.130000,OK,100,30,4
20260901-181802,baseline,3,adjacent,FWD,E2,E3,E10,E11,-20.906000,631.703000,OK,100,30,4
20260901-181802,baseline,3,adjacent,REV,E3,E2,E10,E11,-27.562000,637.768000,OK,100,30,4
20260901-181802,baseline,3,adjacent,FWD,E2,E3,E11,E12,16.000000,632.022000,OK,100,30,4
20260901-181802,baseline,3,adjacent,REV,E3,E2,E11,E12,2.125000,634.895000,OK,100,30,4
20260901-181802,baseline,3,adjacent,FWD,E2,E3,E12,E1,-53.969000,632.022000,OK,100,30,4
20260901-181802,baseline,3,adjacent,REV,E3,E2,E12,E1,-12.594000,636.172000,OK,100,30,4
20260901-181802,baseline,3,adjacent,FWD,E3,E4,E1,E2,-12.719000,669.688000,OK,100,30,4
20260901-181802,baseline,3,adjacent,REV,E4,E3,E1,E2,26.375000,769.280000,OK,100,30,4
20260901-181802,baseline,3,adjacent,FWD,E3,E4,E5,E6,-25.031000,688.841000,OK,100,30,4
20260901-181802,baseline,3,adjacent,REV,E4,E3,E5,E6,14.438000,758.746000,OK,100,30,4
20260901-181802,baseline,3,adjacent,FWD,E3,E4,E6,E7,-6.844000,697.778000,OK,100,30,4
20260901-181802,baseline,3,adjacent,REV,E4,E3,E6,E7,3.563000,757.469000,OK,100,30,4
20260901-181802,baseline,3,adjacent,FWD,E3,E4,E7,E8,-4.094000,699.374000,OK,100,30,4
20260901-181802,baseline,3,adjacent,REV,E4,E3,E7,E8,3.313000,754.277000,OK,100,30,4
20260901-181802,baseline,3,adjacent,FWD,E3,E4,E8,E9,-5.812000,702.566000,OK,100,30,4
20260901-181802,baseline,3,adjacent,REV,E4,E3,E8,E9,-0.531000,751.724000,OK,100,30,4
20260901-181802,baseline,3,adjacent,FWD,E3,E4,E9,E10,21.969000,700.651000,OK,100,30,4
20260901-181802,baseline,3,adjacent,REV,E4,E3,E9,E10,27.656000,751.085000,OK,100,30,4
20260901-181802,baseline,3,adjacent,FWD,E3,E4,E10,E11,-21.625000,701.290000,OK,100,30,4
20260901-181802,baseline,3,adjacent,REV,E4,E3,E10,E11,-27.312000,750.447000,OK,100,30,4
20260901-181802,baseline,3,adjacent,FWD,E3,E4,E11,E12,13.531000,702.566000,OK,100,30,4
20260901-181802,baseline,3,adjacent,REV,E4,E3,E11,E12,4.750000,749.170000,OK,100,30,4
20260901-181802,baseline,3,adjacent,FWD,E3,E4,E12,E1,-42.438000,705.120000,OK,100,30,4
20260901-181802,baseline,3,adjacent,REV,E4,E3,E12,E1,-25.281000,750.447000,OK,100,30,4
20260901-181802,baseline,3,adjacent,FWD,E4,E5,E1,E2,-13.000000,804.392000,OK,100,30,4
20260901-181802,baseline,3,adjacent,REV,E5,E4,E1,E2,13.094000,849.081000,OK,100,30,4
20260901-181802,baseline,3,adjacent,FWD,E4,E5,E2,E3,13.688000,827.375000,OK,100,30,4
20260901-181802,baseline,3,adjacent,REV,E5,E4,E2,E3,-12.438000,842.058000,OK,100,30,4
20260901-181802,baseline,3,adjacent,FWD,E4,E5,E6,E7,-21.094000,831.844000,OK,100,30,4
20260901-181802,baseline,3,adjacent,REV,E5,E4,E6,E7,17.062000,838.228000,OK,100,30,4
20260901-181802,baseline,3,adjacent,FWD,E4,E5,E7,E8,-11.094000,834.717000,OK,100,30,4
20260901-181802,baseline,3,adjacent,REV,E5,E4,E7,E8,10.000000,837.270000,OK,100,30,4
20260901-181802,baseline,3,adjacent,FWD,E4,E5,E8,E9,-9.656000,835.993000,OK,100,30,4
20260901-181802,baseline,3,adjacent,REV,E5,E4,E8,E9,2.781000,836.632000,OK,100,30,4
20260901-181802,baseline,3,adjacent,FWD,E4,E5,E9,E10,19.625000,838.866000,OK,100,30,4
20260901-181802,baseline,3,adjacent,REV,E5,E4,E9,E10,30.031000,837.270000,OK,100,30,4
20260901-181802,baseline,3,adjacent,FWD,E4,E5,E10,E11,-19.219000,839.185000,OK,100,30,4
20260901-181802,baseline,3,adjacent,REV,E5,E4,E10,E11,-29.656000,834.397000,OK,100,30,4
20260901-181802,baseline,3,adjacent,FWD,E4,E5,E11,E12,15.219000,840.143000,OK,100,30,4
20260901-181802,baseline,3,adjacent,REV,E5,E4,E11,E12,3.594000,835.674000,OK,100,30,4
20260901-181802,baseline,3,adjacent,FWD,E4,E5,E12,E1,-41.219000,840.462000,OK,100,30,4
20260901-181802,baseline,3,adjacent,REV,E5,E4,E12,E1,-27.969000,833.121000,OK,100,30,4
20260901-181802,baseline,3,adjacent,FWD,E5,E6,E1,E2,-3.875000,817.160000,OK,100,30,4
20260901-181802,baseline,3,adjacent,REV,E6,E5,E1,E2,3.844000,873.659000,OK,100,30,4
20260901-181802,baseline,3,adjacent,FWD,E5,E6,E2,E3,4.562000,841.101000,OK,100,30,4
20260901-181802,baseline,3,adjacent,REV,E6,E5,E2,E3,-3.094000,859.614000,OK,100,30,4
20260901-181802,baseline,3,adjacent,FWD,E5,E6,E3,E4,5.875000,846.208000,OK,100,30,4
20260901-181802,baseline,3,adjacent,REV,E6,E5,E3,E4,-7.812000,858.657000,OK,100,30,4
20260901-181802,baseline,3,adjacent,FWD,E5,E6,E7,E8,-15.875000,849.719000,OK,100,30,4
20260901-181802,baseline,3,adjacent,REV,E6,E5,E7,E8,15.125000,857.699000,OK,100,30,4
20260901-181802,baseline,3,adjacent,FWD,E5,E6,E8,E9,-10.375000,849.719000,OK,100,30,4
20260901-181802,baseline,3,adjacent,REV,E6,E5,E8,E9,3.281000,854.507000,OK,100,30,4
20260901-181802,baseline,3,adjacent,FWD,E5,E6,E9,E10,20.500000,852.273000,OK,100,30,4
20260901-181802,baseline,3,adjacent,REV,E6,E5,E9,E10,29.469000,855.146000,OK,100,30,4
20260901-181802,baseline,3,adjacent,FWD,E5,E6,E10,E11,-20.125000,848.761000,OK,100,30,4
20260901-181802,baseline,3,adjacent,REV,E6,E5,E10,E11,-29.094000,853.230000,OK,100,30,4
20260901-181802,baseline,3,adjacent,FWD,E5,E6,E11,E12,13.063000,850.038000,OK,100,30,4
20260901-181802,baseline,3,adjacent,REV,E6,E5,E11,E12,5.687000,852.273000,OK,100,30,4
20260901-181802,baseline,3,adjacent,FWD,E5,E6,E12,E1,-36.969000,850.357000,OK,100,30,4
20260901-181802,baseline,3,adjacent,REV,E6,E5,E12,E1,-32.625000,852.592000,OK,100,30,4
20260901-181802,baseline,3,adjacent,FWD,E6,E7,E1,E2,-2.813000,783.963000,OK,100,30,4
20260901-181802,baseline,3,adjacent,REV,E7,E6,E1,E2,2.281000,832.801000,OK,100,30,4
20260901-181802,baseline,3,adjacent,FWD,E6,E7,E2,E3,3.313000,807.265000,OK,100,30,4
20260901-181802,baseline,3,adjacent,REV,E7,E6,E2,E3,-1.875000,822.268000,OK,100,30,4
20260901-181802,baseline,3,adjacent,FWD,E6,E7,E3,E4,3.781000,812.053000,OK,100,30,4
20260901-181802,baseline,3,adjacent,REV,E7,E6,E3,E4,-4.156000,821.629000,OK,100,30,4
20260901-181802,baseline,3,adjacent,FWD,E6,E7,E4,E5,213.500000,814.607000,OK,100,30,4
20260901-181802,baseline,3,adjacent,REV,E7,E6,E4,E5,-236.687000,816.522000,OK,100,30,4
20260901-181802,baseline,3,adjacent,FWD,E6,E7,E8,E9,-18.031000,813.330000,OK,100,30,4
20260901-181802,baseline,3,adjacent,REV,E7,E6,E8,E9,10.844000,816.203000,OK,100,30,4
20260901-181802,baseline,3,adjacent,FWD,E6,E7,E9,E10,17.312000,817.160000,OK,100,30,4
20260901-181802,baseline,3,adjacent,REV,E7,E6,E9,E10,32.750000,816.203000,OK,100,30,4
20260901-181802,baseline,3,adjacent,FWD,E6,E7,E10,E11,-16.906000,814.926000,OK,100,30,4
20260901-181802,baseline,3,adjacent,REV,E7,E6,E10,E11,-32.438000,815.884000,OK,100,30,4
20260901-181802,baseline,3,adjacent,FWD,E6,E7,E11,E12,14.625000,819.714000,OK,100,30,4
20260901-181802,baseline,3,adjacent,REV,E7,E6,E11,E12,4.125000,816.522000,OK,100,30,4
20260901-181802,baseline,3,adjacent,FWD,E6,E7,E12,E1,-36.813000,819.076000,OK,100,30,4
20260901-181802,baseline,3,adjacent,REV,E7,E6,E12,E1,-32.938000,815.245000,OK,100,30,4
20260901-181802,baseline,3,adjacent,FWD,E7,E8,E1,E2,-2.906000,734.806000,OK,100,30,4
20260901-181802,baseline,3,adjacent,REV,E8,E7,E1,E2,2.500000,791.305000,OK,100,30,4
20260901-181802,baseline,3,adjacent,FWD,E7,E8,E2,E3,3.500000,756.193000,OK,100,30,4
20260901-181802,baseline,3,adjacent,REV,E8,E7,E2,E3,-2.094000,782.048000,OK,100,30,4
20260901-181802,baseline,3,adjacent,FWD,E7,E8,E3,E4,3.375000,760.981000,OK,100,30,4
20260901-181802,baseline,3,adjacent,REV,E8,E7,E3,E4,-3.094000,779.494000,OK,100,30,4
20260901-181802,baseline,3,adjacent,FWD,E7,E8,E4,E5,-210.562000,763.215000,OK,100,30,4
20260901-181802,baseline,3,adjacent,REV,E8,E7,E4,E5,179.844000,775.345000,OK,100,30,4
20260901-181802,baseline,3,adjacent,FWD,E7,E8,E5,E6,263.562000,764.173000,OK,100,30,4
20260901-181802,baseline,3,adjacent,REV,E8,E7,E5,E6,-276.312000,777.260000,OK,100,30,4
20260901-181802,baseline,3,adjacent,FWD,E7,E8,E9,E10,4.781000,768.322000,OK,100,30,4
20260901-181802,baseline,3,adjacent,REV,E8,E7,E9,E10,45.813000,776.302000,OK,100,30,4
20260901-181802,baseline,3,adjacent,FWD,E7,E8,E10,E11,-4.500000,768.003000,OK,100,30,4
20260901-181802,baseline,3,adjacent,REV,E8,E7,E10,E11,-45.375000,775.026000,OK,100,30,4
20260901-181802,baseline,3,adjacent,FWD,E7,E8,E11,E12,20.687000,769.599000,OK,100,30,4
20260901-181802,baseline,3,adjacent,REV,E8,E7,E11,E12,-1.781000,773.110000,OK,100,30,4
20260901-181802,baseline,3,adjacent,FWD,E7,E8,E12,E1,-37.344000,766.726000,OK,100,30,4
20260901-181802,baseline,3,adjacent,REV,E8,E7,E12,E1,-32.719000,771.514000,OK,100,30,4
20260901-181802,baseline,3,adjacent,FWD,E8,E9,E1,E2,-2.594000,621.170000,OK,100,30,4
20260901-181802,baseline,3,adjacent,REV,E9,E8,E1,E2,2.188000,665.858000,OK,100,30,4
20260901-181802,baseline,3,adjacent,FWD,E8,E9,E2,E3,3.188000,640.641000,OK,100,30,4
20260901-181802,baseline,3,adjacent,REV,E9,E8,E2,E3,-1.781000,659.155000,OK,100,30,4
20260901-181802,baseline,3,adjacent,FWD,E8,E9,E3,E4,2.750000,647.663000,OK,100,30,4
20260901-181802,baseline,3,adjacent,REV,E9,E8,E3,E4,-2.063000,657.559000,OK,100,30,4
20260901-181802,baseline,3,adjacent,FWD,E8,E9,E4,E5,-32.656000,647.983000,OK,100,30,4
20260901-181802,baseline,3,adjacent,REV,E9,E8,E4,E5,10.250000,654.686000,OK,100,30,4
20260901-181802,baseline,3,adjacent,FWD,E8,E9,E5,E6,-203.562000,648.940000,OK,100,30,4
20260901-181802,baseline,3,adjacent,REV,E9,E8,E5,E6,186.250000,655.324000,OK,100,30,4
20260901-181802,baseline,3,adjacent,FWD,E8,E9,E6,E7,-12.438000,648.940000,OK,100,30,4
20260901-181802,baseline,3,adjacent,REV,E9,E8,E6,E7,10.438000,653.090000,OK,100,30,4
20260901-181802,baseline,3,adjacent,FWD,E8,E9,E10,E11,226.500000,649.579000,OK,100,30,4
20260901-181802,baseline,3,adjacent,REV,E9,E8,E10,E11,-273.062000,653.728000,OK,100,30,4
20260901-181802,baseline,3,adjacent,FWD,E8,E9,E11,E12,35.125000,649.579000,OK,100,30,4
20260901-181802,baseline,3,adjacent,REV,E9,E8,E11,E12,-14.813000,653.090000,OK,100,30,4
20260901-181802,baseline,3,adjacent,FWD,E8,E9,E12,E1,-38.031000,649.259000,OK,100,30,4
20260901-181802,baseline,3,adjacent,REV,E9,E8,E12,E1,-32.219000,654.686000,OK,100,30,4
20260901-181802,baseline,3,adjacent,FWD,E9,E10,E1,E2,-4.437000,559.563000,OK,100,30,4
20260901-181802,baseline,3,adjacent,REV,E10,E9,E1,E2,4.437000,668.731000,OK,100,30,4
20260901-181802,baseline,3,adjacent,FWD,E9,E10,E2,E3,5.031000,589.249000,OK,100,30,4
20260901-181802,baseline,3,adjacent,REV,E10,E9,E2,E3,-3.969000,660.751000,OK,100,30,4
20260901-181802,baseline,3,adjacent,FWD,E9,E10,E3,E4,3.625000,595.953000,OK,100,30,4
20260901-181802,baseline,3,adjacent,REV,E10,E9,E3,E4,-2.875000,656.282000,OK,100,30,4
20260901-181802,baseline,3,adjacent,FWD,E9,E10,E4,E5,-25.312000,596.591000,OK,100,30,4
20260901-181802,baseline,3,adjacent,REV,E10,E9,E4,E5,0.812000,654.686000,OK,100,30,4
20260901-181802,baseline,3,adjacent,FWD,E9,E10,E5,E6,-29.969000,600.421000,OK,100,30,4
20260901-181802,baseline,3,adjacent,REV,E10,E9,E5,E6,21.094000,653.090000,OK,100,30,4
20260901-181802,baseline,3,adjacent,FWD,E9,E10,E6,E7,-7.406000,598.825000,OK,100,30,4
20260901-181802,baseline,3,adjacent,REV,E10,E9,E6,E7,4.344000,653.409000,OK,100,30,4
20260901-181802,baseline,3,adjacent,FWD,E9,E10,E7,E8,-16.219000,602.975000,OK,100,30,4
20260901-181802,baseline,3,adjacent,REV,E10,E9,E7,E8,16.906000,653.409000,OK,100,30,4
20260901-181802,baseline,3,adjacent,FWD,E9,E10,E11,E12,204.594000,601.698000,OK,100,30,4
20260901-181802,baseline,3,adjacent,REV,E10,E9,E11,E12,-194.687000,651.494000,OK,100,30,4
20260901-181802,baseline,3,adjacent,FWD,E9,E10,E12,E1,-41.313000,602.017000,OK,100,30,4
20260901-181802,baseline,3,adjacent,REV,E10,E9,E12,E1,-28.844000,652.132000,OK,100,30,4
20260901-181802,baseline,3,adjacent,FWD,E10,E11,E1,E2,-10.969000,585.419000,OK,100,30,4
20260901-181802,baseline,3,adjacent,REV,E11,E10,E1,E2,10.969000,625.319000,OK,100,30,4
20260901-181802,baseline,3,adjacent,FWD,E10,E11,E2,E3,11.719000,607.763000,OK,100,30,4
20260901-181802,baseline,3,adjacent,REV,E11,E10,E2,E3,-10.250000,614.147000,OK,100,30,4
20260901-181802,baseline,3,adjacent,FWD,E10,E11,E3,E4,7.062000,611.913000,OK,100,30,4
20260901-181802,baseline,3,adjacent,REV,E11,E10,E3,E4,-5.781000,609.997000,OK,100,30,4
20260901-181802,baseline,3,adjacent,FWD,E10,E11,E4,E5,-23.687000,614.466000,OK,100,30,4
20260901-181802,baseline,3,adjacent,REV,E11,E10,E4,E5,-2.344000,611.593000,OK,100,30,4
20260901-181802,baseline,3,adjacent,FWD,E10,E11,E5,E6,-21.094000,615.424000,OK,100,30,4
20260901-181802,baseline,3,adjacent,REV,E11,E10,E5,E6,8.969000,610.636000,OK,100,30,4
20260901-181802,baseline,3,adjacent,FWD,E10,E11,E6,E7,-5.625000,616.701000,OK,100,30,4
20260901-181802,baseline,3,adjacent,REV,E11,E10,E6,E7,2.031000,609.997000,OK,100,30,4
20260901-181802,baseline,3,adjacent,FWD,E10,E11,E7,E8,-9.156000,617.020000,OK,100,30,4
20260901-181802,baseline,3,adjacent,REV,E11,E10,E7,E8,8.125000,607.763000,OK,100,30,4
20260901-181802,baseline,3,adjacent,FWD,E10,E11,E8,E9,-23.344000,616.701000,OK,100,30,4
20260901-181802,baseline,3,adjacent,REV,E11,E10,E8,E9,22.500000,608.401000,OK,100,30,4
20260901-181802,baseline,3,adjacent,FWD,E10,E11,E12,E1,-57.938000,616.062000,OK,100,30,4
20260901-181802,baseline,3,adjacent,REV,E11,E10,E12,E1,-13.094000,608.401000,OK,100,30,4
20260901-181802,baseline,3,adjacent,FWD,E11,E12,E1,E2,-23.000000,601.698000,OK,100,30,4
20260901-181802,baseline,3,adjacent,REV,E12,E11,E1,E2,24.375000,666.816000,OK,100,30,4
20260901-181802,baseline,3,adjacent,FWD,E11,E12,E2,E3,23.750000,635.214000,OK,100,30,4
20260901-181802,baseline,3,adjacent,REV,E12,E11,E2,E3,-23.750000,661.070000,OK,100,30,4
20260901-181802,baseline,3,adjacent,FWD,E11,E12,E3,E4,11.688000,638.406000,OK,100,30,4
20260901-181802,baseline,3,adjacent,REV,E12,E11,E3,E4,-10.656000,658.516000,OK,100,30,4
20260901-181802,baseline,3,adjacent,FWD,E11,E12,E4,E5,-20.687000,640.960000,OK,100,30,4
20260901-181802,baseline,3,adjacent,REV,E12,E11,E4,E5,-5.312000,657.240000,OK,100,30,4
20260901-181802,baseline,3,adjacent,FWD,E11,E12,E5,E6,-12.844000,640.641000,OK,100,30,4
20260901-181802,baseline,3,adjacent,REV,E12,E11,E5,E6,0.875000,655.324000,OK,100,30,4
20260901-181802,baseline,3,adjacent,FWD,E11,E12,E6,E7,-3.688000,641.279000,OK,100,30,4
20260901-181802,baseline,3,adjacent,REV,E12,E11,E6,E7,0.094000,655.324000,OK,100,30,4
20260901-181802,baseline,3,adjacent,FWD,E11,E12,E7,E8,-3.781000,641.599000,OK,100,30,4
20260901-181802,baseline,3,adjacent,REV,E12,E11,E7,E8,2.875000,656.601000,OK,100,30,4
20260901-181802,baseline,3,adjacent,FWD,E11,E12,E8,E9,-7.812000,642.875000,OK,100,30,4
20260901-181802,baseline,3,adjacent,REV,E12,E11,E8,E9,4.500000,656.601000,OK,100,30,4
20260901-181802,baseline,3,adjacent,FWD,E11,E12,E9,E10,5.281000,645.429000,OK,100,30,4
20260901-181802,baseline,3,adjacent,REV,E12,E11,E9,E10,42.406000,657.559000,OK,100,30,4
20260901-181802,baseline,3,adjacent,FWD,E12,E1,E2,E3,194.687000,685.329000,OK,100,30,4
20260901-181802,baseline,3,adjacent,REV,E1,E12,E2,E3,-178.062000,676.711000,OK,100,30,4
20260901-181802,baseline,3,adjacent,FWD,E12,E1,E3,E4,23.750000,703.524000,OK,100,30,4
20260901-181802,baseline,3,adjacent,REV,E1,E12,E3,E4,-20.875000,664.262000,OK,100,30,4
20260901-181802,baseline,3,adjacent,FWD,E12,E1,E4,E5,-22.531000,705.758000,OK,100,30,4
20260901-181802,baseline,3,adjacent,REV,E1,E12,E4,E5,-4.469000,660.751000,OK,100,30,4
20260901-181802,baseline,3,adjacent,FWD,E12,E1,E5,E6,-11.813000,704.801000,OK,100,30,4
20260901-181802,baseline,3,adjacent,REV,E1,E12,E5,E6,-0.812000,658.197000,OK,100,30,4
20260901-181802,baseline,3,adjacent,FWD,E12,E1,E6,E7,-3.594000,707.354000,OK,100,30,4
20260901-181802,baseline,3,adjacent,REV,E1,E12,E6,E7,-0.312000,658.836000,OK,100,30,4
20260901-181802,baseline,3,adjacent,FWD,E12,E1,E7,E8,-2.719000,709.270000,OK,100,30,4
20260901-181802,baseline,3,adjacent,REV,E1,E12,E7,E8,1.500000,657.878000,OK,100,30,4
20260901-181802,baseline,3,adjacent,FWD,E12,E1,E8,E9,-5.500000,707.674000,OK,100,30,4
20260901-181802,baseline,3,adjacent,REV,E1,E12,E8,E9,0.656000,658.836000,OK,100,30,4
20260901-181802,baseline,3,adjacent,FWD,E12,E1,E9,E10,16.812000,707.354000,OK,100,30,4
20260901-181802,baseline,3,adjacent,REV,E1,E12,E9,E10,30.594000,660.112000,OK,100,30,4
20260901-181802,baseline,3,adjacent,FWD,E12,E1,E10,E11,-16.437000,704.482000,OK,100,30,4
20260901-181802,baseline,3,adjacent,REV,E1,E12,E10,E11,-30.281000,656.920000,OK,100,30,4
20260901-181802,baseline,4,adjacent,FWD,E1,E2,E3,E4,218.250000,655.643000,OK,100,30,4
20260901-181802,baseline,4,adjacent,REV,E2,E1,E3,E4,-210.687000,688.521000,OK,100,30,4
20260901-181802,baseline,4,adjacent,FWD,E1,E2,E4,E5,-29.344000,666.816000,OK,100,30,4
20260901-181802,baseline,4,adjacent,REV,E2,E1,E4,E5,3.000000,682.776000,OK,100,30,4
20260901-181802,baseline,4,adjacent,FWD,E1,E2,E5,E6,-13.563000,668.731000,OK,100,30,4
20260901-181802,baseline,4,adjacent,REV,E2,E1,E5,E6,1.312000,679.903000,OK,100,30,4
20260901-181802,baseline,4,adjacent,FWD,E1,E2,E6,E7,-4.094000,671.284000,OK,100,30,4
20260901-181802,baseline,4,adjacent,REV,E2,E1,E6,E7,0.344000,678.945000,OK,100,30,4
20260901-181802,baseline,4,adjacent,FWD,E1,E2,E7,E8,-2.781000,671.604000,OK,100,30,4
20260901-181802,baseline,4,adjacent,REV,E2,E1,E7,E8,1.875000,678.307000,OK,100,30,4
20260901-181802,baseline,4,adjacent,FWD,E1,E2,E8,E9,-5.375000,672.242000,OK,100,30,4
20260901-181802,baseline,4,adjacent,REV,E2,E1,E8,E9,-0.031000,680.222000,OK,100,30,4
20260901-181802,baseline,4,adjacent,FWD,E1,E2,E9,E10,19.375000,675.115000,OK,100,30,4
20260901-181802,baseline,4,adjacent,REV,E2,E1,E9,E10,29.031000,679.265000,OK,100,30,4
20260901-181802,baseline,4,adjacent,FWD,E1,E2,E10,E11,-19.125000,674.157000,OK,100,30,4
20260901-181802,baseline,4,adjacent,REV,E2,E1,E10,E11,-28.719000,679.584000,OK,100,30,4
20260901-181802,baseline,4,adjacent,FWD,E1,E2,E11,E12,21.625000,673.200000,OK,100,30,4
20260901-181802,baseline,4,adjacent,REV,E2,E1,E11,E12,-3.875000,680.861000,OK,100,30,4
20260901-181802,baseline,4,adjacent,FWD,E2,E3,E4,E5,-44.156000,608.401000,OK,100,30,4
20260901-181802,baseline,4,adjacent,REV,E3,E2,E4,E5,18.687000,644.791000,OK,100,30,4
20260901-181802,baseline,4,adjacent,FWD,E2,E3,E5,E6,-16.750000,624.681000,OK,100,30,4
20260901-181802,baseline,4,adjacent,REV,E3,E2,E5,E6,4.562000,640.322000,OK,100,30,4
20260901-181802,baseline,4,adjacent,FWD,E2,E3,E6,E7,-4.906000,627.873000,OK,100,30,4
20260901-181802,baseline,4,adjacent,REV,E3,E2,E6,E7,1.250000,638.406000,OK,100,30,4
20260901-181802,baseline,4,adjacent,FWD,E2,E3,E7,E8,-3.156000,631.384000,OK,100,30,4
20260901-181802,baseline,4,adjacent,REV,E3,E2,E7,E8,2.156000,639.683000,OK,100,30,4
20260901-181802,baseline,4,adjacent,FWD,E2,E3,E8,E9,-5.375000,634.576000,OK,100,30,4
20260901-181802,baseline,4,adjacent,REV,E3,E2,E8,E9,-0.625000,637.768000,OK,100,30,4
20260901-181802,baseline,4,adjacent,FWD,E2,E3,E9,E10,21.187000,632.661000,OK,100,30,4
20260901-181802,baseline,4,adjacent,REV,E3,E2,E9,E10,27.875000,636.810000,OK,100,30,4
20260901-181802,baseline,4,adjacent,FWD,E2,E3,E10,E11,-20.844000,633.618000,OK,100,30,4
20260901-181802,baseline,4,adjacent,REV,E3,E2,E10,E11,-27.562000,635.853000,OK,100,30,4
20260901-181802,baseline,4,adjacent,FWD,E2,E3,E11,E12,16.000000,632.022000,OK,100,30,4
20260901-181802,baseline,4,adjacent,REV,E3,E2,E11,E12,2.250000,635.853000,OK,100,30,4
20260901-181802,baseline,4,adjacent,FWD,E2,E3,E12,E1,-53.531000,634.895000,OK,100,30,4
20260901-181802,baseline,4,adjacent,REV,E3,E2,E12,E1,-12.406000,633.618000,OK,100,30,4
20260901-181802,baseline,4,adjacent,FWD,E3,E4,E1,E2,-12.719000,670.327000,OK,100,30,4
20260901-181802,baseline,4,adjacent,REV,E4,E3,E1,E2,26.625000,768.641000,OK,100,30,4
20260901-181802,baseline,4,adjacent,FWD,E3,E4,E5,E6,-24.656000,691.394000,OK,100,30,4
20260901-181802,baseline,4,adjacent,REV,E4,E3,E5,E6,14.375000,760.342000,OK,100,30,4
20260901-181802,baseline,4,adjacent,FWD,E3,E4,E6,E7,-6.937000,695.863000,OK,100,30,4
20260901-181802,baseline,4,adjacent,REV,E4,E3,E6,E7,3.563000,755.554000,OK,100,30,4
20260901-181802,baseline,4,adjacent,FWD,E3,E4,E7,E8,-4.156000,699.055000,OK,100,30,4
20260901-181802,baseline,4,adjacent,REV,E4,E3,E7,E8,3.313000,755.554000,OK,100,30,4
20260901-181802,baseline,4,adjacent,FWD,E3,E4,E8,E9,-5.750000,700.332000,OK,100,30,4
20260901-181802,baseline,4,adjacent,REV,E4,E3,E8,E9,-0.375000,753.320000,OK,100,30,4
20260901-181802,baseline,4,adjacent,FWD,E3,E4,E9,E10,21.906000,700.013000,OK,100,30,4
20260901-181802,baseline,4,adjacent,REV,E4,E3,E9,E10,27.656000,753.320000,OK,100,30,4
20260901-181802,baseline,4,adjacent,FWD,E3,E4,E10,E11,-21.594000,702.886000,OK,100,30,4
20260901-181802,baseline,4,adjacent,REV,E4,E3,E10,E11,-27.250000,751.085000,OK,100,30,4
20260901-181802,baseline,4,adjacent,FWD,E3,E4,E11,E12,13.500000,702.566000,OK,100,30,4
20260901-181802,baseline,4,adjacent,REV,E4,E3,E11,E12,4.719000,752.681000,OK,100,30,4
20260901-181802,baseline,4,adjacent,FWD,E3,E4,E12,E1,-42.188000,706.078000,OK,100,30,4
20260901-181802,baseline,4,adjacent,REV,E4,E3,E12,E1,-24.875000,750.766000,OK,100,30,4
20260901-181802,baseline,4,adjacent,FWD,E4,E5,E1,E2,-13.000000,804.711000,OK,100,30,4
20260901-181802,baseline,4,adjacent,REV,E5,E4,E1,E2,13.063000,850.357000,OK,100,30,4
20260901-181802,baseline,4,adjacent,FWD,E4,E5,E2,E3,13.656000,828.971000,OK,100,30,4
20260901-181802,baseline,4,adjacent,REV,E5,E4,E2,E3,-12.344000,841.101000,OK,100,30,4
20260901-181802,baseline,4,adjacent,FWD,E4,E5,E6,E7,-21.219000,834.717000,OK,100,30,4
20260901-181802,baseline,4,adjacent,REV,E5,E4,E6,E7,17.281000,838.866000,OK,100,30,4
20260901-181802,baseline,4,adjacent,FWD,E4,E5,E7,E8,-11.156000,837.589000,OK,100,30,4
20260901-181802,baseline,4,adjacent,REV,E5,E4,E7,E8,10.063000,837.589000,OK,100,30,4
20260901-181802,baseline,4,adjacent,FWD,E4,E5,E8,E9,-9.531000,837.589000,OK,100,30,4
20260901-181802,baseline,4,adjacent,REV,E5,E4,E8,E9,2.906000,838.228000,OK,100,30,4
20260901-181802,baseline,4,adjacent,FWD,E4,E5,E9,E10,19.562000,840.781000,OK,100,30,4
20260901-181802,baseline,4,adjacent,REV,E5,E4,E9,E10,30.000000,838.547000,OK,100,30,4
20260901-181802,baseline,4,adjacent,FWD,E4,E5,E10,E11,-19.156000,840.462000,OK,100,30,4
20260901-181802,baseline,4,adjacent,REV,E5,E4,E10,E11,-29.594000,836.313000,OK,100,30,4
20260901-181802,baseline,4,adjacent,FWD,E4,E5,E11,E12,15.250000,839.505000,OK,100,30,4
20260901-181802,baseline,4,adjacent,REV,E5,E4,E11,E12,3.531000,835.674000,OK,100,30,4
20260901-181802,baseline,4,adjacent,FWD,E4,E5,E12,E1,-40.781000,838.547000,OK,100,30,4
20260901-181802,baseline,4,adjacent,REV,E5,E4,E12,E1,-27.594000,834.078000,OK,100,30,4
20260901-181802,baseline,4,adjacent,FWD,E5,E6,E1,E2,-4.062000,818.756000,OK,100,30,4
20260901-181802,baseline,4,adjacent,REV,E6,E5,E1,E2,3.750000,873.021000,OK,100,30,4
20260901-181802,baseline,4,adjacent,FWD,E5,E6,E2,E3,4.687000,840.143000,OK,100,30,4
20260901-181802,baseline,4,adjacent,REV,E6,E5,E2,E3,-3.000000,862.487000,OK,100,30,4
20260901-181802,baseline,4,adjacent,FWD,E5,E6,E3,E4,5.750000,845.250000,OK,100,30,4
20260901-181802,baseline,4,adjacent,REV,E6,E5,E3,E4,-7.875000,861.210000,OK,100,30,4
20260901-181802,baseline,4,adjacent,FWD,E5,E6,E7,E8,-15.844000,850.038000,OK,100,30,4
20260901-181802,baseline,4,adjacent,REV,E6,E5,E7,E8,15.031000,857.061000,OK,100,30,4
20260901-181802,baseline,4,adjacent,FWD,E5,E6,E8,E9,-10.156000,849.400000,OK,100,30,4
20260901-181802,baseline,4,adjacent,REV,E6,E5,E8,E9,3.438000,856.422000,OK,100,30,4
20260901-181802,baseline,4,adjacent,FWD,E5,E6,E9,E10,20.406000,851.953000,OK,100,30,4
20260901-181802,baseline,4,adjacent,REV,E6,E5,E9,E10,29.312000,853.869000,OK,100,30,4
20260901-181802,baseline,4,adjacent,FWD,E5,E6,E10,E11,-20.062000,851.315000,OK,100,30,4
20260901-181802,baseline,4,adjacent,REV,E6,E5,E10,E11,-29.062000,853.550000,OK,100,30,4
20260901-181802,baseline,4,adjacent,FWD,E5,E6,E11,E12,13.188000,853.230000,OK,100,30,4
20260901-181802,baseline,4,adjacent,REV,E6,E5,E11,E12,5.812000,852.911000,OK,100,30,4
20260901-181802,baseline,4,adjacent,FWD,E5,E6,E12,E1,-36.563000,852.911000,OK,100,30,4
20260901-181802,baseline,4,adjacent,REV,E6,E5,E12,E1,-32.281000,855.146000,OK,100,30,4
20260901-181802,baseline,4,adjacent,FWD,E6,E7,E1,E2,-2.875000,788.113000,OK,100,30,4
20260901-181802,baseline,4,adjacent,REV,E7,E6,E1,E2,2.281000,833.440000,OK,100,30,4
20260901-181802,baseline,4,adjacent,FWD,E6,E7,E2,E3,3.375000,809.180000,OK,100,30,4
20260901-181802,baseline,4,adjacent,REV,E7,E6,E2,E3,-1.781000,824.183000,OK,100,30,4
20260901-181802,baseline,4,adjacent,FWD,E6,E7,E3,E4,3.656000,812.372000,OK,100,30,4
20260901-181802,baseline,4,adjacent,REV,E7,E6,E3,E4,-4.219000,820.352000,OK,100,30,4
20260901-181802,baseline,4,adjacent,FWD,E6,E7,E4,E5,214.125000,812.692000,OK,100,30,4
20260901-181802,baseline,4,adjacent,REV,E7,E6,E4,E5,-236.500000,817.160000,OK,100,30,4
20260901-181802,baseline,4,adjacent,FWD,E6,E7,E8,E9,-17.875000,814.288000,OK,100,30,4
20260901-181802,baseline,4,adjacent,REV,E7,E6,E8,E9,11.000000,817.480000,OK,100,30,4
20260901-181802,baseline,4,adjacent,FWD,E6,E7,E9,E10,17.219000,816.203000,OK,100,30,4
20260901-181802,baseline,4,adjacent,REV,E7,E6,E9,E10,32.688000,817.160000,OK,100,30,4
20260901-181802,baseline,4,adjacent,FWD,E6,E7,E10,E11,-16.781000,816.841000,OK,100,30,4
20260901-181802,baseline,4,adjacent,REV,E7,E6,E10,E11,-32.250000,818.118000,OK,100,30,4
20260901-181802,baseline,4,adjacent,FWD,E6,E7,E11,E12,14.875000,816.841000,OK,100,30,4
20260901-181802,baseline,4,adjacent,REV,E7,E6,E11,E12,4.469000,815.884000,OK,100,30,4
20260901-181802,baseline,4,adjacent,FWD,E6,E7,E12,E1,-36.531000,817.799000,OK,100,30,4
20260901-181802,baseline,4,adjacent,REV,E7,E6,E12,E1,-32.625000,815.245000,OK,100,30,4
20260901-181802,baseline,4,adjacent,FWD,E7,E8,E1,E2,-2.969000,735.764000,OK,100,30,4
20260901-181802,baseline,4,adjacent,REV,E8,E7,E1,E2,2.406000,789.709000,OK,100,30,4
20260901-181802,baseline,4,adjacent,FWD,E7,E8,E2,E3,3.406000,755.554000,OK,100,30,4
20260901-181802,baseline,4,adjacent,REV,E8,E7,E2,E3,-1.906000,780.452000,OK,100,30,4
20260901-181802,baseline,4,adjacent,FWD,E7,E8,E3,E4,3.250000,761.938000,OK,100,30,4
20260901-181802,baseline,4,adjacent,REV,E8,E7,E3,E4,-3.156000,776.941000,OK,100,30,4
20260901-181802,baseline,4,adjacent,FWD,E7,E8,E4,E5,-210.062000,764.173000,OK,100,30,4
20260901-181802,baseline,4,adjacent,REV,E8,E7,E4,E5,179.656000,775.026000,OK,100,30,4
20260901-181802,baseline,4,adjacent,FWD,E7,E8,E5,E6,263.125000,766.726000,OK,100,30,4
20260901-181802,baseline,4,adjacent,REV,E8,E7,E5,E6,-276.750000,776.622000,OK,100,30,4
20260901-181802,baseline,4,adjacent,FWD,E7,E8,E9,E10,4.562000,768.003000,OK,100,30,4
20260901-181802,baseline,4,adjacent,REV,E8,E7,E9,E10,45.781000,777.260000,OK,100,30,4
20260901-181802,baseline,4,adjacent,FWD,E7,E8,E10,E11,-4.312000,769.280000,OK,100,30,4
20260901-181802,baseline,4,adjacent,REV,E8,E7,E10,E11,-45.313000,774.068000,OK,100,30,4
20260901-181802,baseline,4,adjacent,FWD,E7,E8,E11,E12,20.937000,767.045000,OK,100,30,4
20260901-181802,baseline,4,adjacent,REV,E8,E7,E11,E12,-1.406000,773.110000,OK,100,30,4
20260901-181802,baseline,4,adjacent,FWD,E7,E8,E12,E1,-37.063000,767.365000,OK,100,30,4
20260901-181802,baseline,4,adjacent,REV,E8,E7,E12,E1,-32.500000,773.749000,OK,100,30,4
20260901-181802,baseline,4,adjacent,FWD,E8,E9,E1,E2,-2.781000,619.574000,OK,100,30,4
20260901-181802,baseline,4,adjacent,REV,E9,E8,E1,E2,2.250000,665.539000,OK,100,30,4
20260901-181802,baseline,4,adjacent,FWD,E8,E9,E2,E3,3.188000,641.918000,OK,100,30,4
20260901-181802,baseline,4,adjacent,REV,E9,E8,E2,E3,-1.719000,660.112000,OK,100,30,4
20260901-181802,baseline,4,adjacent,FWD,E8,E9,E3,E4,3.031000,647.025000,OK,100,30,4
20260901-181802,baseline,4,adjacent,REV,E9,E8,E3,E4,-1.781000,656.282000,OK,100,30,4
20260901-181802,baseline,4,adjacent,FWD,E8,E9,E4,E5,-32.656000,648.302000,OK,100,30,4
20260901-181802,baseline,4,adjacent,REV,E9,E8,E4,E5,10.375000,656.282000,OK,100,30,4
20260901-181802,baseline,4,adjacent,FWD,E8,E9,E5,E6,-204.344000,648.621000,OK,100,30,4
20260901-181802,baseline,4,adjacent,REV,E9,E8,E5,E6,186.875000,652.771000,OK,100,30,4
20260901-181802,baseline,4,adjacent,FWD,E8,E9,E6,E7,-12.406000,650.855000,OK,100,30,4
20260901-181802,baseline,4,adjacent,REV,E9,E8,E6,E7,10.344000,653.409000,OK,100,30,4
20260901-181802,baseline,4,adjacent,FWD,E8,E9,E10,E11,226.812000,648.302000,OK,100,30,4
20260901-181802,baseline,4,adjacent,REV,E9,E8,E10,E11,-273.375000,652.451000,OK,100,30,4
20260901-181802,baseline,4,adjacent,FWD,E8,E9,E11,E12,35.438000,650.536000,OK,100,30,4
20260901-181802,baseline,4,adjacent,REV,E9,E8,E11,E12,-14.656000,653.409000,OK,100,30,4
20260901-181802,baseline,4,adjacent,FWD,E8,E9,E12,E1,-37.844000,650.536000,OK,100,30,4
20260901-181802,baseline,4,adjacent,REV,E9,E8,E12,E1,-32.094000,653.409000,OK,100,30,4
20260901-181802,baseline,4,adjacent,FWD,E9,E10,E1,E2,-4.437000,558.286000,OK,100,30,4
20260901-181802,baseline,4,adjacent,REV,E10,E9,E1,E2,4.469000,670.008000,OK,100,30,4
20260901-181802,baseline,4,adjacent,FWD,E9,E10,E2,E3,5.062000,589.249000,OK,100,30,4
20260901-181802,baseline,4,adjacent,REV,E10,E9,E2,E3,-3.875000,660.112000,OK,100,30,4
20260901-181802,baseline,4,adjacent,FWD,E9,E10,E3,E4,3.969000,594.676000,OK,100,30,4
20260901-181802,baseline,4,adjacent,REV,E10,E9,E3,E4,-2.625000,656.601000,OK,100,30,4
20260901-181802,baseline,4,adjacent,FWD,E9,E10,E4,E5,-25.344000,598.506000,OK,100,30,4
20260901-181802,baseline,4,adjacent,REV,E10,E9,E4,E5,0.812000,655.963000,OK,100,30,4
20260901-181802,baseline,4,adjacent,FWD,E9,E10,E5,E6,-30.031000,596.591000,OK,100,30,4
20260901-181802,baseline,4,adjacent,REV,E10,E9,E5,E6,21.250000,655.324000,OK,100,30,4
20260901-181802,baseline,4,adjacent,FWD,E9,E10,E6,E7,-7.375000,602.017000,OK,100,30,4
20260901-181802,baseline,4,adjacent,REV,E10,E9,E6,E7,4.375000,655.963000,OK,100,30,4
20260901-181802,baseline,4,adjacent,FWD,E9,E10,E7,E8,-16.156000,602.656000,OK,100,30,4
20260901-181802,baseline,4,adjacent,REV,E10,E9,E7,E8,16.937000,654.367000,OK,100,30,4
20260901-181802,baseline,4,adjacent,FWD,E9,E10,E11,E12,205.062000,602.656000,OK,100,30,4
20260901-181802,baseline,4,adjacent,REV,E10,E9,E11,E12,-194.531000,653.090000,OK,100,30,4
20260901-181802,baseline,4,adjacent,FWD,E9,E10,E12,E1,-41.125000,601.379000,OK,100,30,4
20260901-181802,baseline,4,adjacent,REV,E10,E9,E12,E1,-28.750000,651.494000,OK,100,30,4
20260901-181802,baseline,4,adjacent,FWD,E10,E11,E1,E2,-11.000000,587.653000,OK,100,30,4
20260901-181802,baseline,4,adjacent,REV,E11,E10,E1,E2,10.938000,627.234000,OK,100,30,4
20260901-181802,baseline,4,adjacent,FWD,E10,E11,E2,E3,11.656000,608.082000,OK,100,30,4
20260901-181802,baseline,4,adjacent,REV,E11,E10,E2,E3,-10.313000,611.593000,OK,100,30,4
20260901-181802,baseline,4,adjacent,FWD,E10,E11,E3,E4,7.312000,613.509000,OK,100,30,4
20260901-181802,baseline,4,adjacent,REV,E11,E10,E3,E4,-5.562000,613.509000,OK,100,30,4
20260901-181802,baseline,4,adjacent,FWD,E10,E11,E4,E5,-23.656000,617.020000,OK,100,30,4
20260901-181802,baseline,4,adjacent,REV,E11,E10,E4,E5,-2.375000,610.317000,OK,100,30,4
20260901-181802,baseline,4,adjacent,FWD,E10,E11,E5,E6,-21.062000,615.743000,OK,100,30,4
20260901-181802,baseline,4,adjacent,REV,E11,E10,E5,E6,8.969000,610.636000,OK,100,30,4
20260901-181802,baseline,4,adjacent,FWD,E10,E11,E6,E7,-5.625000,617.339000,OK,100,30,4
20260901-181802,baseline,4,adjacent,REV,E11,E10,E6,E7,1.969000,608.401000,OK,100,30,4
20260901-181802,baseline,4,adjacent,FWD,E10,E11,E7,E8,-9.219000,616.062000,OK,100,30,4
20260901-181802,baseline,4,adjacent,REV,E11,E10,E7,E8,8.188000,610.317000,OK,100,30,4
20260901-181802,baseline,4,adjacent,FWD,E10,E11,E8,E9,-23.625000,617.658000,OK,100,30,4
20260901-181802,baseline,4,adjacent,REV,E11,E10,E8,E9,22.844000,608.401000,OK,100,30,4
20260901-181802,baseline,4,adjacent,FWD,E10,E11,E12,E1,-57.719000,618.616000,OK,100,30,4
20260901-181802,baseline,4,adjacent,REV,E11,E10,E12,E1,-13.063000,610.955000,OK,100,30,4
20260901-181802,baseline,4,adjacent,FWD,E11,E12,E1,E2,-22.969000,605.209000,OK,100,30,4
20260901-181802,baseline,4,adjacent,REV,E12,E11,E1,E2,24.281000,666.177000,OK,100,30,4
20260901-181802,baseline,4,adjacent,FWD,E11,E12,E2,E3,23.875000,634.257000,OK,100,30,4
20260901-181802,baseline,4,adjacent,REV,E12,E11,E2,E3,-23.531000,660.751000,OK,100,30,4
20260901-181802,baseline,4,adjacent,FWD,E11,E12,E3,E4,11.875000,640.003000,OK,100,30,4
20260901-181802,baseline,4,adjacent,REV,E12,E11,E3,E4,-10.469000,657.559000,OK,100,30,4
20260901-181802,baseline,4,adjacent,FWD,E11,E12,E4,E5,-20.719000,638.087000,OK,100,30,4
20260901-181802,baseline,4,adjacent,REV,E12,E11,E4,E5,-5.250000,657.559000,OK,100,30,4
20260901-181802,baseline,4,adjacent,FWD,E11,E12,E5,E6,-12.844000,642.237000,OK,100,30,4
20260901-181802,baseline,4,adjacent,REV,E12,E11,E5,E6,0.906000,654.686000,OK,100,30,4
20260901-181802,baseline,4,adjacent,FWD,E11,E12,E6,E7,-3.625000,642.237000,OK,100,30,4
20260901-181802,baseline,4,adjacent,REV,E12,E11,E6,E7,0.094000,657.559000,OK,100,30,4
20260901-181802,baseline,4,adjacent,FWD,E11,E12,E7,E8,-3.750000,645.429000,OK,100,30,4
20260901-181802,baseline,4,adjacent,REV,E12,E11,E7,E8,2.844000,656.920000,OK,100,30,4
20260901-181802,baseline,4,adjacent,FWD,E11,E12,E8,E9,-7.594000,643.195000,OK,100,30,4
20260901-181802,baseline,4,adjacent,REV,E12,E11,E8,E9,4.687000,655.963000,OK,100,30,4
20260901-181802,baseline,4,adjacent,FWD,E11,E12,E9,E10,5.219000,647.025000,OK,100,30,4
20260901-181802,baseline,4,adjacent,REV,E12,E11,E9,E10,42.250000,657.559000,OK,100,30,4
20260901-181802,baseline,4,adjacent,FWD,E12,E1,E2,E3,195.187000,685.649000,OK,100,30,4
20260901-181802,baseline,4,adjacent,REV,E1,E12,E2,E3,-178.000000,676.073000,OK,100,30,4
20260901-181802,baseline,4,adjacent,FWD,E12,E1,E3,E4,23.812000,700.970000,OK,100,30,4
20260901-181802,baseline,4,adjacent,REV,E1,E12,E3,E4,-20.750000,667.135000,OK,100,30,4
20260901-181802,baseline,4,adjacent,FWD,E12,E1,E4,E5,-22.312000,704.482000,OK,100,30,4
20260901-181802,baseline,4,adjacent,REV,E1,E12,E4,E5,-4.469000,661.389000,OK,100,30,4
20260901-181802,baseline,4,adjacent,FWD,E12,E1,E5,E6,-11.781000,707.993000,OK,100,30,4
20260901-181802,baseline,4,adjacent,REV,E1,E12,E5,E6,-0.781000,661.070000,OK,100,30,4
20260901-181802,baseline,4,adjacent,FWD,E12,E1,E6,E7,-3.563000,707.035000,OK,100,30,4
20260901-181802,baseline,4,adjacent,REV,E1,E12,E6,E7,-0.344000,659.793000,OK,100,30,4
20260901-181802,baseline,4,adjacent,FWD,E12,E1,E7,E8,-2.750000,706.716000,OK,100,30,4
20260901-181802,baseline,4,adjacent,REV,E1,E12,E7,E8,1.531000,659.474000,OK,100,30,4
20260901-181802,baseline,4,adjacent,FWD,E12,E1,E8,E9,-5.281000,706.078000,OK,100,30,4
20260901-181802,baseline,4,adjacent,REV,E1,E12,E8,E9,0.812000,658.197000,OK,100,30,4
20260901-181802,baseline,4,adjacent,FWD,E12,E1,E9,E10,16.719000,704.801000,OK,100,30,4
20260901-181802,baseline,4,adjacent,REV,E1,E12,E9,E10,30.500000,659.793000,OK,100,30,4
20260901-181802,baseline,4,adjacent,FWD,E12,E1,E10,E11,-16.344000,705.439000,OK,100,30,4
20260901-181802,baseline,4,adjacent,REV,E1,E12,E10,E11,-30.062000,657.559000,OK,100,30,4
20260901-181802,baseline,5,adjacent,FWD,E1,E2,E3,E4,219.437000,655.643000,OK,100,30,4
20260901-181802,baseline,5,adjacent,REV,E2,E1,E3,E4,-210.625000,686.925000,OK,100,30,4
20260901-181802,baseline,5,adjacent,FWD,E1,E2,E4,E5,-29.406000,667.454000,OK,100,30,4
20260901-181802,baseline,5,adjacent,REV,E2,E1,E4,E5,2.906000,683.095000,OK,100,30,4
20260901-181802,baseline,5,adjacent,FWD,E1,E2,E5,E6,-13.531000,670.327000,OK,100,30,4
20260901-181802,baseline,5,adjacent,REV,E2,E1,E5,E6,1.281000,680.861000,OK,100,30,4
20260901-181802,baseline,5,adjacent,FWD,E1,E2,E6,E7,-4.031000,671.604000,OK,100,30,4
20260901-181802,baseline,5,adjacent,REV,E2,E1,E6,E7,0.375000,679.265000,OK,100,30,4
20260901-181802,baseline,5,adjacent,FWD,E1,E2,E7,E8,-2.844000,674.477000,OK,100,30,4
20260901-181802,baseline,5,adjacent,REV,E2,E1,E7,E8,1.875000,681.499000,OK,100,30,4
20260901-181802,baseline,5,adjacent,FWD,E1,E2,E8,E9,-5.219000,674.477000,OK,100,30,4
20260901-181802,baseline,5,adjacent,REV,E2,E1,E8,E9,0.187000,679.903000,OK,100,30,4
20260901-181802,baseline,5,adjacent,FWD,E1,E2,E9,E10,19.406000,675.753000,OK,100,30,4
20260901-181802,baseline,5,adjacent,REV,E2,E1,E9,E10,29.031000,678.945000,OK,100,30,4
20260901-181802,baseline,5,adjacent,FWD,E1,E2,E10,E11,-19.094000,672.561000,OK,100,30,4
20260901-181802,baseline,5,adjacent,REV,E2,E1,E10,E11,-28.750000,677.349000,OK,100,30,4
20260901-181802,baseline,5,adjacent,FWD,E1,E2,E11,E12,21.875000,674.157000,OK,100,30,4
20260901-181802,baseline,5,adjacent,REV,E2,E1,E11,E12,-3.625000,677.669000,OK,100,30,4
20260901-181802,baseline,5,adjacent,FWD,E2,E3,E4,E5,-44.063000,609.997000,OK,100,30,4
20260901-181802,baseline,5,adjacent,REV,E3,E2,E4,E5,18.750000,645.748000,OK,100,30,4
20260901-181802,baseline,5,adjacent,FWD,E2,E3,E5,E6,-16.781000,627.554000,OK,100,30,4
20260901-181802,baseline,5,adjacent,REV,E3,E2,E5,E6,4.750000,642.237000,OK,100,30,4
20260901-181802,baseline,5,adjacent,FWD,E2,E3,E6,E7,-4.937000,631.065000,OK,100,30,4
20260901-181802,baseline,5,adjacent,REV,E3,E2,E6,E7,1.281000,639.045000,OK,100,30,4
20260901-181802,baseline,5,adjacent,FWD,E2,E3,E7,E8,-3.219000,632.661000,OK,100,30,4
20260901-181802,baseline,5,adjacent,REV,E3,E2,E7,E8,2.125000,640.003000,OK,100,30,4
20260901-181802,baseline,5,adjacent,FWD,E2,E3,E8,E9,-5.125000,632.022000,OK,100,30,4
20260901-181802,baseline,5,adjacent,REV,E3,E2,E8,E9,-0.375000,638.087000,OK,100,30,4
20260901-181802,baseline,5,adjacent,FWD,E2,E3,E9,E10,20.969000,631.703000,OK,100,30,4
20260901-181802,baseline,5,adjacent,REV,E3,E2,E9,E10,27.687000,637.449000,OK,100,30,4
20260901-181802,baseline,5,adjacent,FWD,E2,E3,E10,E11,-20.656000,631.065000,OK,100,30,4
20260901-181802,baseline,5,adjacent,REV,E3,E2,E10,E11,-27.406000,634.257000,OK,100,30,4
20260901-181802,baseline,5,adjacent,FWD,E2,E3,E11,E12,16.250000,633.618000,OK,100,30,4
20260901-181802,baseline,5,adjacent,REV,E3,E2,E11,E12,2.469000,637.449000,OK,100,30,4
20260901-181802,baseline,5,adjacent,FWD,E2,E3,E12,E1,-53.563000,632.980000,OK,100,30,4
20260901-181802,baseline,5,adjacent,REV,E3,E2,E12,E1,-12.125000,636.172000,OK,100,30,4
20260901-181802,baseline,5,adjacent,FWD,E3,E4,E1,E2,-12.656000,670.646000,OK,100,30,4
20260901-181802,baseline,5,adjacent,REV,E4,E3,E1,E2,26.406000,770.876000,OK,100,30,4
20260901-181802,baseline,5,adjacent,FWD,E3,E4,E5,E6,-24.812000,690.437000,OK,100,30,4
20260901-181802,baseline,5,adjacent,REV,E4,E3,E5,E6,14.188000,759.704000,OK,100,30,4
20260901-181802,baseline,5,adjacent,FWD,E3,E4,E6,E7,-6.969000,696.821000,OK,100,30,4
20260901-181802,baseline,5,adjacent,REV,E4,E3,E6,E7,3.656000,756.512000,OK,100,30,4
20260901-181802,baseline,5,adjacent,FWD,E3,E4,E7,E8,-4.094000,699.374000,OK,100,30,4
20260901-181802,baseline,5,adjacent,REV,E4,E3,E7,E8,3.344000,754.597000,OK,100,30,4
20260901-181802,baseline,5,adjacent,FWD,E3,E4,E8,E9,-5.500000,700.013000,OK,100,30,4
20260901-181802,baseline,5,adjacent,REV,E4,E3,E8,E9,-0.156000,754.916000,OK,100,30,4
20260901-181802,baseline,5,adjacent,FWD,E3,E4,E9,E10,21.781000,703.524000,OK,100,30,4
20260901-181802,baseline,5,adjacent,REV,E4,E3,E9,E10,27.469000,753.000000,OK,100,30,4
20260901-181802,baseline,5,adjacent,FWD,E3,E4,E10,E11,-21.437000,703.205000,OK,100,30,4
20260901-181802,baseline,5,adjacent,REV,E4,E3,E10,E11,-27.125000,752.681000,OK,100,30,4
20260901-181802,baseline,5,adjacent,FWD,E3,E4,E11,E12,13.719000,704.162000,OK,100,30,4
20260901-181802,baseline,5,adjacent,REV,E4,E3,E11,E12,4.969000,749.489000,OK,100,30,4
20260901-181802,baseline,5,adjacent,FWD,E3,E4,E12,E1,-41.938000,704.162000,OK,100,30,4
20260901-181802,baseline,5,adjacent,REV,E4,E3,E12,E1,-24.687000,748.851000,OK,100,30,4
20260901-181802,baseline,5,adjacent,FWD,E4,E5,E1,E2,-13.156000,804.392000,OK,100,30,4
20260901-181802,baseline,5,adjacent,REV,E5,E4,E1,E2,12.906000,849.400000,OK,100,30,4
20260901-181802,baseline,5,adjacent,FWD,E4,E5,E2,E3,13.938000,827.056000,OK,100,30,4
20260901-181802,baseline,5,adjacent,REV,E5,E4,E2,E3,-12.281000,842.058000,OK,100,30,4
20260901-181802,baseline,5,adjacent,FWD,E4,E5,E6,E7,-21.094000,835.355000,OK,100,30,4
20260901-181802,baseline,5,adjacent,REV,E5,E4,E6,E7,17.406000,841.101000,OK,100,30,4
20260901-181802,baseline,5,adjacent,FWD,E4,E5,E7,E8,-11.125000,836.632000,OK,100,30,4
20260901-181802,baseline,5,adjacent,REV,E5,E4,E7,E8,9.969000,839.824000,OK,100,30,4
20260901-181802,baseline,5,adjacent,FWD,E4,E5,E8,E9,-9.406000,839.824000,OK,100,30,4
20260901-181802,baseline,5,adjacent,REV,E5,E4,E8,E9,3.094000,838.228000,OK,100,30,4
20260901-181802,baseline,5,adjacent,FWD,E4,E5,E9,E10,19.406000,837.589000,OK,100,30,4
20260901-181802,baseline,5,adjacent,REV,E5,E4,E9,E10,29.844000,835.674000,OK,100,30,4
20260901-181802,baseline,5,adjacent,FWD,E4,E5,E10,E11,-19.125000,839.824000,OK,100,30,4
20260901-181802,baseline,5,adjacent,REV,E5,E4,E10,E11,-29.562000,835.993000,OK,100,30,4
20260901-181802,baseline,5,adjacent,FWD,E4,E5,E11,E12,15.375000,837.270000,OK,100,30,4
20260901-181802,baseline,5,adjacent,REV,E5,E4,E11,E12,3.750000,833.759000,OK,100,30,4
20260901-181802,baseline,5,adjacent,FWD,E4,E5,E12,E1,-40.750000,841.101000,OK,100,30,4
20260901-181802,baseline,5,adjacent,REV,E5,E4,E12,E1,-27.531000,835.993000,OK,100,30,4
20260901-181802,baseline,5,adjacent,FWD,E5,E6,E1,E2,-4.125000,818.756000,OK,100,30,4
20260901-181802,baseline,5,adjacent,REV,E6,E5,E1,E2,3.750000,875.255000,OK,100,30,4
20260901-181802,baseline,5,adjacent,FWD,E5,E6,E2,E3,4.625000,840.462000,OK,100,30,4
20260901-181802,baseline,5,adjacent,REV,E6,E5,E2,E3,-3.000000,864.722000,OK,100,30,4
20260901-181802,baseline,5,adjacent,FWD,E5,E6,E3,E4,5.969000,844.612000,OK,100,30,4
20260901-181802,baseline,5,adjacent,REV,E6,E5,E3,E4,-7.781000,858.338000,OK,100,30,4
20260901-181802,baseline,5,adjacent,FWD,E5,E6,E7,E8,-16.062000,848.123000,OK,100,30,4
20260901-181802,baseline,5,adjacent,REV,E6,E5,E7,E8,14.938000,859.295000,OK,100,30,4
20260901-181802,baseline,5,adjacent,FWD,E5,E6,E8,E9,-10.000000,848.442000,OK,100,30,4
20260901-181802,baseline,5,adjacent,REV,E6,E5,E8,E9,3.594000,855.146000,OK,100,30,4
20260901-181802,baseline,5,adjacent,FWD,E5,E6,E9,E10,20.375000,850.996000,OK,100,30,4
20260901-181802,baseline,5,adjacent,REV,E6,E5,E9,E10,29.312000,857.699000,OK,100,30,4
20260901-181802,baseline,5,adjacent,FWD,E5,E6,E10,E11,-20.062000,852.592000,OK,100,30,4
20260901-181802,baseline,5,adjacent,REV,E6,E5,E10,E11,-28.906000,854.188000,OK,100,30,4
20260901-181802,baseline,5,adjacent,FWD,E5,E6,E11,E12,13.375000,853.230000,OK,100,30,4
20260901-181802,baseline,5,adjacent,REV,E6,E5,E11,E12,5.937000,854.826000,OK,100,30,4
20260901-181802,baseline,5,adjacent,FWD,E5,E6,E12,E1,-36.500000,854.507000,OK,100,30,4
20260901-181802,baseline,5,adjacent,REV,E6,E5,E12,E1,-32.188000,851.953000,OK,100,30,4
20260901-181802,baseline,5,adjacent,FWD,E6,E7,E1,E2,-2.875000,783.325000,OK,100,30,4
20260901-181802,baseline,5,adjacent,REV,E7,E6,E1,E2,2.156000,832.482000,OK,100,30,4
20260901-181802,baseline,5,adjacent,FWD,E6,E7,E2,E3,3.438000,807.903000,OK,100,30,4
20260901-181802,baseline,5,adjacent,REV,E7,E6,E2,E3,-1.687000,823.544000,OK,100,30,4
20260901-181802,baseline,5,adjacent,FWD,E6,E7,E3,E4,3.813000,810.776000,OK,100,30,4
20260901-181802,baseline,5,adjacent,REV,E7,E6,E3,E4,-4.031000,820.672000,OK,100,30,4
20260901-181802,baseline,5,adjacent,FWD,E6,E7,E4,E5,213.500000,815.564000,OK,100,30,4
20260901-181802,baseline,5,adjacent,REV,E7,E6,E4,E5,-236.875000,819.076000,OK,100,30,4
20260901-181802,baseline,5,adjacent,FWD,E6,E7,E8,E9,-17.750000,814.926000,OK,100,30,4
20260901-181802,baseline,5,adjacent,REV,E7,E6,E8,E9,11.125000,818.437000,OK,100,30,4
20260901-181802,baseline,5,adjacent,FWD,E6,E7,E9,E10,17.125000,817.799000,OK,100,30,4
20260901-181802,baseline,5,adjacent,REV,E7,E6,E9,E10,32.594000,817.480000,OK,100,30,4
20260901-181802,baseline,5,adjacent,FWD,E6,E7,E10,E11,-16.781000,816.203000,OK,100,30,4
20260901-181802,baseline,5,adjacent,REV,E7,E6,E10,E11,-32.281000,815.564000,OK,100,30,4
20260901-181802,baseline,5,adjacent,FWD,E6,E7,E11,E12,14.906000,817.160000,OK,100,30,4
20260901-181802,baseline,5,adjacent,REV,E7,E6,E11,E12,4.375000,813.968000,OK,100,30,4
20260901-181802,baseline,5,adjacent,FWD,E6,E7,E12,E1,-36.469000,818.118000,OK,100,30,4
20260901-181802,baseline,5,adjacent,REV,E7,E6,E12,E1,-32.625000,815.564000,OK,100,30,4
20260901-181802,baseline,5,adjacent,FWD,E7,E8,E1,E2,-3.000000,736.402000,OK,100,30,4
20260901-181802,baseline,5,adjacent,REV,E8,E7,E1,E2,2.344000,793.859000,OK,100,30,4
20260901-181802,baseline,5,adjacent,FWD,E7,E8,E2,E3,3.531000,756.193000,OK,100,30,4
20260901-181802,baseline,5,adjacent,REV,E8,E7,E2,E3,-1.875000,781.410000,OK,100,30,4
20260901-181802,baseline,5,adjacent,FWD,E7,E8,E3,E4,3.469000,763.853000,OK,100,30,4
20260901-181802,baseline,5,adjacent,REV,E8,E7,E3,E4,-2.938000,777.579000,OK,100,30,4
20260901-181802,baseline,5,adjacent,FWD,E7,E8,E4,E5,-209.437000,763.215000,OK,100,30,4
20260901-181802,baseline,5,adjacent,REV,E8,E7,E4,E5,179.844000,774.706000,OK,100,30,4
20260901-181802,baseline,5,adjacent,FWD,E7,E8,E5,E6,263.625000,765.130000,OK,100,30,4
20260901-181802,baseline,5,adjacent,REV,E8,E7,E5,E6,-276.562000,774.706000,OK,100,30,4
20260901-181802,baseline,5,adjacent,FWD,E7,E8,E9,E10,4.719000,766.726000,OK,100,30,4
20260901-181802,baseline,5,adjacent,REV,E8,E7,E9,E10,45.594000,774.387000,OK,100,30,4
20260901-181802,baseline,5,adjacent,FWD,E7,E8,E10,E11,-4.312000,768.322000,OK,100,30,4
20260901-181802,baseline,5,adjacent,REV,E8,E7,E10,E11,-45.406000,775.983000,OK,100,30,4
20260901-181802,baseline,5,adjacent,FWD,E7,E8,E11,E12,20.969000,767.684000,OK,100,30,4
20260901-181802,baseline,5,adjacent,REV,E8,E7,E11,E12,-1.500000,773.110000,OK,100,30,4
20260901-181802,baseline,5,adjacent,FWD,E7,E8,E12,E1,-37.000000,770.237000,OK,100,30,4
20260901-181802,baseline,5,adjacent,REV,E8,E7,E12,E1,-32.375000,775.983000,OK,100,30,4
20260901-181802,baseline,5,adjacent,FWD,E8,E9,E1,E2,-2.750000,618.935000,OK,100,30,4
20260901-181802,baseline,5,adjacent,REV,E9,E8,E1,E2,2.219000,666.496000,OK,100,30,4
20260901-181802,baseline,5,adjacent,FWD,E8,E9,E2,E3,3.250000,640.003000,OK,100,30,4
20260901-181802,baseline,5,adjacent,REV,E9,E8,E2,E3,-1.687000,660.432000,OK,100,30,4
20260901-181802,baseline,5,adjacent,FWD,E8,E9,E3,E4,2.844000,643.195000,OK,100,30,4
20260901-181802,baseline,5,adjacent,REV,E9,E8,E3,E4,-1.906000,655.005000,OK,100,30,4
20260901-181802,baseline,5,adjacent,FWD,E8,E9,E4,E5,-32.656000,646.706000,OK,100,30,4
20260901-181802,baseline,5,adjacent,REV,E9,E8,E4,E5,10.219000,656.282000,OK,100,30,4
20260901-181802,baseline,5,adjacent,FWD,E8,E9,E5,E6,-204.344000,648.940000,OK,100,30,4
20260901-181802,baseline,5,adjacent,REV,E9,E8,E5,E6,186.469000,654.686000,OK,100,30,4
20260901-181802,baseline,5,adjacent,FWD,E8,E9,E6,E7,-12.406000,649.579000,OK,100,30,4
20260901-181802,baseline,5,adjacent,REV,E9,E8,E6,E7,10.344000,655.324000,OK,100,30,4
20260901-181802,baseline,5,adjacent,FWD,E8,E9,E10,E11,226.375000,649.259000,OK,100,30,4
20260901-181802,baseline,5,adjacent,REV,E9,E8,E10,E11,-272.625000,651.813000,OK,100,30,4
20260901-181802,baseline,5,adjacent,FWD,E8,E9,E11,E12,35.625000,649.898000,OK,100,30,4
20260901-181802,baseline,5,adjacent,REV,E9,E8,E11,E12,-14.813000,653.728000,OK,100,30,4
20260901-181802,baseline,5,adjacent,FWD,E8,E9,E12,E1,-37.719000,651.494000,OK,100,30,4
20260901-181802,baseline,5,adjacent,REV,E9,E8,E12,E1,-31.906000,651.813000,OK,100,30,4
20260901-181802,baseline,5,adjacent,FWD,E9,E10,E1,E2,-4.469000,558.606000,OK,100,30,4
20260901-181802,baseline,5,adjacent,REV,E10,E9,E1,E2,4.312000,670.646000,OK,100,30,4
20260901-181802,baseline,5,adjacent,FWD,E9,E10,E2,E3,5.125000,590.207000,OK,100,30,4
20260901-181802,baseline,5,adjacent,REV,E10,E9,E2,E3,-3.844000,659.474000,OK,100,30,4
20260901-181802,baseline,5,adjacent,FWD,E9,E10,E3,E4,3.750000,594.357000,OK,100,30,4
20260901-181802,baseline,5,adjacent,REV,E10,E9,E3,E4,-2.813000,657.559000,OK,100,30,4
20260901-181802,baseline,5,adjacent,FWD,E9,E10,E4,E5,-25.250000,597.868000,OK,100,30,4
20260901-181802,baseline,5,adjacent,REV,E10,E9,E4,E5,0.937000,655.324000,OK,100,30,4
20260901-181802,baseline,5,adjacent,FWD,E9,E10,E5,E6,-29.906000,598.187000,OK,100,30,4
20260901-181802,baseline,5,adjacent,REV,E10,E9,E5,E6,21.281000,655.005000,OK,100,30,4
20260901-181802,baseline,5,adjacent,FWD,E9,E10,E6,E7,-7.344000,601.060000,OK,100,30,4
20260901-181802,baseline,5,adjacent,REV,E10,E9,E6,E7,4.312000,654.047000,OK,100,30,4
20260901-181802,baseline,5,adjacent,FWD,E9,E10,E7,E8,-16.187000,601.698000,OK,100,30,4
20260901-181802,baseline,5,adjacent,REV,E10,E9,E7,E8,16.875000,655.005000,OK,100,30,4
20260901-181802,baseline,5,adjacent,FWD,E9,E10,E11,E12,204.406000,602.337000,OK,100,30,4
20260901-181802,baseline,5,adjacent,REV,E10,E9,E11,E12,-194.844000,653.728000,OK,100,30,4
20260901-181802,baseline,5,adjacent,FWD,E9,E10,E12,E1,-41.000000,601.379000,OK,100,30,4
20260901-181802,baseline,5,adjacent,REV,E10,E9,E12,E1,-28.656000,651.175000,OK,100,30,4
20260901-181802,baseline,5,adjacent,FWD,E10,E11,E1,E2,-11.094000,590.207000,OK,100,30,4
20260901-181802,baseline,5,adjacent,REV,E11,E10,E1,E2,10.906000,626.277000,OK,100,30,4
20260901-181802,baseline,5,adjacent,FWD,E10,E11,E2,E3,11.781000,608.401000,OK,100,30,4
20260901-181802,baseline,5,adjacent,REV,E11,E10,E2,E3,-10.250000,611.913000,OK,100,30,4
20260901-181802,baseline,5,adjacent,FWD,E10,E11,E3,E4,7.125000,612.870000,OK,100,30,4
20260901-181802,baseline,5,adjacent,REV,E11,E10,E3,E4,-5.687000,608.721000,OK,100,30,4
20260901-181802,baseline,5,adjacent,FWD,E10,E11,E4,E5,-23.687000,613.509000,OK,100,30,4
20260901-181802,baseline,5,adjacent,REV,E11,E10,E4,E5,-2.344000,609.040000,OK,100,30,4
20260901-181802,baseline,5,adjacent,FWD,E10,E11,E5,E6,-21.031000,617.020000,OK,100,30,4
20260901-181802,baseline,5,adjacent,REV,E11,E10,E5,E6,8.938000,609.678000,OK,100,30,4
20260901-181802,baseline,5,adjacent,FWD,E10,E11,E6,E7,-5.625000,617.020000,OK,100,30,4
20260901-181802,baseline,5,adjacent,REV,E11,E10,E6,E7,2.000000,610.317000,OK,100,30,4
20260901-181802,baseline,5,adjacent,FWD,E10,E11,E7,E8,-9.156000,616.701000,OK,100,30,4
20260901-181802,baseline,5,adjacent,REV,E11,E10,E7,E8,8.125000,609.040000,OK,100,30,4
20260901-181802,baseline,5,adjacent,FWD,E10,E11,E8,E9,-23.062000,614.786000,OK,100,30,4
20260901-181802,baseline,5,adjacent,REV,E11,E10,E8,E9,22.906000,607.763000,OK,100,30,4
20260901-181802,baseline,5,adjacent,FWD,E10,E11,E12,E1,-57.406000,617.977000,OK,100,30,4
20260901-181802,baseline,5,adjacent,REV,E11,E10,E12,E1,-13.031000,607.763000,OK,100,30,4
20260901-181802,baseline,5,adjacent,FWD,E11,E12,E1,E2,-23.062000,602.337000,OK,100,30,4
20260901-181802,baseline,5,adjacent,REV,E12,E11,E1,E2,24.281000,665.858000,OK,100,30,4
20260901-181802,baseline,5,adjacent,FWD,E11,E12,E2,E3,23.781000,635.853000,OK,100,30,4
20260901-181802,baseline,5,adjacent,REV,E12,E11,E2,E3,-23.625000,659.793000,OK,100,30,4
20260901-181802,baseline,5,adjacent,FWD,E11,E12,E3,E4,11.750000,638.726000,OK,100,30,4
20260901-181802,baseline,5,adjacent,REV,E12,E11,E3,E4,-10.563000,659.474000,OK,100,30,4
20260901-181802,baseline,5,adjacent,FWD,E11,E12,E4,E5,-20.656000,641.279000,OK,100,30,4
20260901-181802,baseline,5,adjacent,REV,E12,E11,E4,E5,-5.250000,655.324000,OK,100,30,4
20260901-181802,baseline,5,adjacent,FWD,E11,E12,E5,E6,-12.875000,640.322000,OK,100,30,4
20260901-181802,baseline,5,adjacent,REV,E12,E11,E5,E6,0.875000,654.686000,OK,100,30,4
20260901-181802,baseline,5,adjacent,FWD,E11,E12,E6,E7,-3.719000,643.514000,OK,100,30,4
20260901-181802,baseline,5,adjacent,REV,E12,E11,E6,E7,0.125000,657.240000,OK,100,30,4
20260901-181802,baseline,5,adjacent,FWD,E11,E12,E7,E8,-3.781000,641.599000,OK,100,30,4
20260901-181802,baseline,5,adjacent,REV,E12,E11,E7,E8,2.844000,654.686000,OK,100,30,4
20260901-181802,baseline,5,adjacent,FWD,E11,E12,E8,E9,-7.594000,645.110000,OK,100,30,4
20260901-181802,baseline,5,adjacent,REV,E12,E11,E8,E9,4.750000,658.197000,OK,100,30,4
20260901-181802,baseline,5,adjacent,FWD,E11,E12,E9,E10,5.156000,645.748000,OK,100,30,4
20260901-181802,baseline,5,adjacent,REV,E12,E11,E9,E10,42.188000,655.324000,OK,100,30,4
20260901-181802,baseline,5,adjacent,FWD,E12,E1,E2,E3,195.031000,687.245000,OK,100,30,4
20260901-181802,baseline,5,adjacent,REV,E1,E12,E2,E3,-178.250000,677.669000,OK,100,30,4
20260901-181802,baseline,5,adjacent,FWD,E12,E1,E3,E4,23.750000,702.247000,OK,100,30,4
20260901-181802,baseline,5,adjacent,REV,E1,E12,E3,E4,-20.781000,664.900000,OK,100,30,4
20260901-181802,baseline,5,adjacent,FWD,E12,E1,E4,E5,-22.375000,704.482000,OK,100,30,4
20260901-181802,baseline,5,adjacent,REV,E1,E12,E4,E5,-4.437000,659.474000,OK,100,30,4
20260901-181802,baseline,5,adjacent,FWD,E12,E1,E5,E6,-11.813000,703.524000,OK,100,30,4
20260901-181802,baseline,5,adjacent,REV,E1,E12,E5,E6,-0.844000,658.197000,OK,100,30,4
20260901-181802,baseline,5,adjacent,FWD,E12,E1,E6,E7,-3.531000,702.247000,OK,100,30,4
20260901-181802,baseline,5,adjacent,REV,E1,E12,E6,E7,-0.312000,660.432000,OK,100,30,4
20260901-181802,baseline,5,adjacent,FWD,E12,E1,E7,E8,-2.750000,705.439000,OK,100,30,4
20260901-181802,baseline,5,adjacent,REV,E1,E12,E7,E8,1.500000,659.474000,OK,100,30,4
20260901-181802,baseline,5,adjacent,FWD,E12,E1,E8,E9,-5.187000,707.674000,OK,100,30,4
20260901-181802,baseline,5,adjacent,REV,E1,E12,E8,E9,0.937000,658.516000,OK,100,30,4
20260901-181802,baseline,5,adjacent,FWD,E12,E1,E9,E10,16.656000,706.078000,OK,100,30,4
20260901-181802,baseline,5,adjacent,REV,E1,E12,E9,E10,30.437000,657.240000,OK,100,30,4
20260901-181802,baseline,5,adjacent,FWD,E12,E1,E10,E11,-16.312000,705.120000,OK,100,30,4
20260901-181802,baseline,5,adjacent,REV,E1,E12,E10,E11,-30.062000,656.601000,OK,100,30,4
20260901-181802,baseline,6,adjacent,FWD,E1,E2,E3,E4,218.437000,653.090000,OK,100,30,4
20260901-181802,baseline,6,adjacent,REV,E2,E1,E3,E4,-211.000000,685.649000,OK,100,30,4
20260901-181802,baseline,6,adjacent,FWD,E1,E2,E4,E5,-29.500000,664.581000,OK,100,30,4
20260901-181802,baseline,6,adjacent,REV,E2,E1,E4,E5,3.031000,683.414000,OK,100,30,4
20260901-181802,baseline,6,adjacent,FWD,E1,E2,E5,E6,-13.469000,670.965000,OK,100,30,4
20260901-181802,baseline,6,adjacent,REV,E2,E1,E5,E6,1.281000,680.222000,OK,100,30,4
20260901-181802,baseline,6,adjacent,FWD,E1,E2,E6,E7,-4.062000,671.604000,OK,100,30,4
20260901-181802,baseline,6,adjacent,REV,E2,E1,E6,E7,0.375000,681.499000,OK,100,30,4
20260901-181802,baseline,6,adjacent,FWD,E1,E2,E7,E8,-2.875000,674.796000,OK,100,30,4
20260901-181802,baseline,6,adjacent,REV,E2,E1,E7,E8,1.781000,679.584000,OK,100,30,4
20260901-181802,baseline,6,adjacent,FWD,E1,E2,E8,E9,-5.094000,673.519000,OK,100,30,4
20260901-181802,baseline,6,adjacent,REV,E2,E1,E8,E9,0.281000,680.861000,OK,100,30,4
20260901-181802,baseline,6,adjacent,FWD,E1,E2,E9,E10,19.312000,673.838000,OK,100,30,4
20260901-181802,baseline,6,adjacent,REV,E2,E1,E9,E10,28.937000,677.669000,OK,100,30,4
20260901-181802,baseline,6,adjacent,FWD,E1,E2,E10,E11,-19.000000,671.923000,OK,100,30,4
20260901-181802,baseline,6,adjacent,REV,E2,E1,E10,E11,-28.594000,677.349000,OK,100,30,4
20260901-181802,baseline,6,adjacent,FWD,E1,E2,E11,E12,21.812000,673.838000,OK,100,30,4
20260901-181802,baseline,6,adjacent,REV,E2,E1,E11,E12,-3.531000,677.030000,OK,100,30,4
20260901-181802,baseline,6,adjacent,FWD,E2,E3,E4,E5,-44.156000,609.040000,OK,100,30,4
20260901-181802,baseline,6,adjacent,REV,E3,E2,E4,E5,18.906000,647.025000,OK,100,30,4
20260901-181802,baseline,6,adjacent,FWD,E2,E3,E5,E6,-16.812000,626.915000,OK,100,30,4
20260901-181802,baseline,6,adjacent,REV,E3,E2,E5,E6,4.562000,640.322000,OK,100,30,4
20260901-181802,baseline,6,adjacent,FWD,E2,E3,E6,E7,-4.937000,630.107000,OK,100,30,4
20260901-181802,baseline,6,adjacent,REV,E3,E2,E6,E7,1.219000,639.045000,OK,100,30,4
20260901-181802,baseline,6,adjacent,FWD,E2,E3,E7,E8,-3.219000,632.342000,OK,100,30,4
20260901-181802,baseline,6,adjacent,REV,E3,E2,E7,E8,2.125000,637.768000,OK,100,30,4
20260901-181802,baseline,6,adjacent,FWD,E2,E3,E8,E9,-5.031000,631.703000,OK,100,30,4
20260901-181802,baseline,6,adjacent,REV,E3,E2,E8,E9,-0.312000,636.810000,OK,100,30,4
20260901-181802,baseline,6,adjacent,FWD,E2,E3,E9,E10,21.000000,632.980000,OK,100,30,4
20260901-181802,baseline,6,adjacent,REV,E3,E2,E9,E10,27.594000,636.172000,OK,100,30,4
20260901-181802,baseline,6,adjacent,FWD,E2,E3,E10,E11,-20.625000,631.065000,OK,100,30,4
20260901-181802,baseline,6,adjacent,REV,E3,E2,E10,E11,-27.344000,635.853000,OK,100,30,4
20260901-181802,baseline,6,adjacent,FWD,E2,E3,E11,E12,16.281000,634.257000,OK,100,30,4
20260901-181802,baseline,6,adjacent,REV,E3,E2,E11,E12,2.500000,634.895000,OK,100,30,4
20260901-181802,baseline,6,adjacent,FWD,E2,E3,E12,E1,-53.406000,633.938000,OK,100,30,4
20260901-181802,baseline,6,adjacent,REV,E3,E2,E12,E1,-12.000000,635.534000,OK,100,30,4
20260901-181802,baseline,6,adjacent,FWD,E3,E4,E1,E2,-12.594000,671.284000,OK,100,30,4
20260901-181802,baseline,6,adjacent,REV,E4,E3,E1,E2,26.187000,766.726000,OK,100,30,4
20260901-181802,baseline,6,adjacent,FWD,E3,E4,E5,E6,-25.094000,689.798000,OK,100,30,4
20260901-181802,baseline,6,adjacent,REV,E4,E3,E5,E6,14.313000,758.427000,OK,100,30,4
20260901-181802,baseline,6,adjacent,FWD,E3,E4,E6,E7,-6.937000,696.821000,OK,100,30,4
20260901-181802,baseline,6,adjacent,REV,E4,E3,E6,E7,3.625000,756.193000,OK,100,30,4
20260901-181802,baseline,6,adjacent,FWD,E3,E4,E7,E8,-4.094000,698.736000,OK,100,30,4
20260901-181802,baseline,6,adjacent,REV,E4,E3,E7,E8,3.313000,753.639000,OK,100,30,4
20260901-181802,baseline,6,adjacent,FWD,E3,E4,E8,E9,-5.469000,703.205000,OK,100,30,4
20260901-181802,baseline,6,adjacent,REV,E4,E3,E8,E9,-0.125000,753.320000,OK,100,30,4
20260901-181802,baseline,6,adjacent,FWD,E3,E4,E9,E10,21.719000,703.524000,OK,100,30,4
20260901-181802,baseline,6,adjacent,REV,E4,E3,E9,E10,27.469000,752.681000,OK,100,30,4
20260901-181802,baseline,6,adjacent,FWD,E3,E4,E10,E11,-21.375000,704.162000,OK,100,30,4
20260901-181802,baseline,6,adjacent,REV,E4,E3,E10,E11,-27.125000,751.724000,OK,100,30,4
20260901-181802,baseline,6,adjacent,FWD,E3,E4,E11,E12,13.625000,701.290000,OK,100,30,4
20260901-181802,baseline,6,adjacent,REV,E4,E3,E11,E12,5.000000,749.489000,OK,100,30,4
20260901-181802,baseline,6,adjacent,FWD,E3,E4,E12,E1,-41.938000,703.843000,OK,100,30,4
20260901-181802,baseline,6,adjacent,REV,E4,E3,E12,E1,-24.687000,748.851000,OK,100,30,4
20260901-181802,baseline,6,adjacent,FWD,E4,E5,E1,E2,-13.156000,803.435000,OK,100,30,4
20260901-181802,baseline,6,adjacent,REV,E5,E4,E1,E2,12.844000,851.953000,OK,100,30,4
20260901-181802,baseline,6,adjacent,FWD,E4,E5,E2,E3,13.969000,830.886000,OK,100,30,4
20260901-181802,baseline,6,adjacent,REV,E5,E4,E2,E3,-12.156000,843.335000,OK,100,30,4
20260901-181802,baseline,6,adjacent,FWD,E4,E5,E6,E7,-21.156000,834.397000,OK,100,30,4
20260901-181802,baseline,6,adjacent,REV,E5,E4,E6,E7,17.156000,838.866000,OK,100,30,4
20260901-181802,baseline,6,adjacent,FWD,E4,E5,E7,E8,-11.250000,835.993000,OK,100,30,4
20260901-181802,baseline,6,adjacent,REV,E5,E4,E7,E8,10.000000,838.866000,OK,100,30,4
20260901-181802,baseline,6,adjacent,FWD,E4,E5,E8,E9,-9.313000,835.674000,OK,100,30,4
20260901-181802,baseline,6,adjacent,REV,E5,E4,E8,E9,3.219000,835.993000,OK,100,30,4
20260901-181802,baseline,6,adjacent,FWD,E4,E5,E9,E10,19.375000,838.547000,OK,100,30,4
20260901-181802,baseline,6,adjacent,REV,E5,E4,E9,E10,29.844000,835.036000,OK,100,30,4
20260901-181802,baseline,6,adjacent,FWD,E4,E5,E10,E11,-19.031000,839.185000,OK,100,30,4
20260901-181802,baseline,6,adjacent,REV,E5,E4,E10,E11,-29.469000,836.313000,OK,100,30,4
20260901-181802,baseline,6,adjacent,FWD,E4,E5,E11,E12,15.406000,841.739000,OK,100,30,4
20260901-181802,baseline,6,adjacent,REV,E5,E4,E11,E12,3.781000,836.313000,OK,100,30,4
20260901-181802,baseline,6,adjacent,FWD,E4,E5,E12,E1,-40.594000,842.377000,OK,100,30,4
20260901-181802,baseline,6,adjacent,REV,E5,E4,E12,E1,-27.375000,837.270000,OK,100,30,4
20260901-181802,baseline,6,adjacent,FWD,E5,E6,E1,E2,-4.000000,821.629000,OK,100,30,4
20260901-181802,baseline,6,adjacent,REV,E6,E5,E1,E2,3.688000,875.255000,OK,100,30,4
20260901-181802,baseline,6,adjacent,FWD,E5,E6,E2,E3,4.625000,839.824000,OK,100,30,4
20260901-181802,baseline,6,adjacent,REV,E6,E5,E2,E3,-2.969000,860.891000,OK,100,30,4
20260901-181802,baseline,6,adjacent,FWD,E5,E6,E3,E4,5.875000,845.569000,OK,100,30,4
20260901-181802,baseline,6,adjacent,REV,E6,E5,E3,E4,-7.750000,858.976000,OK,100,30,4
20260901-181802,baseline,6,adjacent,FWD,E5,E6,E7,E8,-16.000000,848.123000,OK,100,30,4
20260901-181802,baseline,6,adjacent,REV,E6,E5,E7,E8,14.969000,858.657000,OK,100,30,4
20260901-181802,baseline,6,adjacent,FWD,E5,E6,E8,E9,-9.906000,851.634000,OK,100,30,4
20260901-181802,baseline,6,adjacent,REV,E6,E5,E8,E9,3.719000,856.742000,OK,100,30,4
20260901-181802,baseline,6,adjacent,FWD,E5,E6,E9,E10,20.312000,850.677000,OK,100,30,4
20260901-181802,baseline,6,adjacent,REV,E6,E5,E9,E10,29.250000,856.103000,OK,100,30,4
20260901-181802,baseline,6,adjacent,FWD,E5,E6,E10,E11,-19.937000,852.592000,OK,100,30,4
20260901-181802,baseline,6,adjacent,REV,E6,E5,E10,E11,-28.906000,852.911000,OK,100,30,4
20260901-181802,baseline,6,adjacent,FWD,E5,E6,E11,E12,13.313000,849.719000,OK,100,30,4
20260901-181802,baseline,6,adjacent,REV,E6,E5,E11,E12,5.906000,852.273000,OK,100,30,4
20260901-181802,baseline,6,adjacent,FWD,E5,E6,E12,E1,-36.375000,852.592000,OK,100,30,4
20260901-181802,baseline,6,adjacent,REV,E6,E5,E12,E1,-32.125000,852.273000,OK,100,30,4
20260901-181802,baseline,6,adjacent,FWD,E6,E7,E1,E2,-3.000000,785.559000,OK,100,30,4
20260901-181802,baseline,6,adjacent,REV,E7,E6,E1,E2,2.125000,832.801000,OK,100,30,4
20260901-181802,baseline,6,adjacent,FWD,E6,E7,E2,E3,3.500000,809.180000,OK,100,30,4
20260901-181802,baseline,6,adjacent,REV,E7,E6,E2,E3,-1.750000,822.587000,OK,100,30,4
20260901-181802,baseline,6,adjacent,FWD,E6,E7,E3,E4,3.781000,811.415000,OK,100,30,4
20260901-181802,baseline,6,adjacent,REV,E7,E6,E3,E4,-4.187000,820.033000,OK,100,30,4
20260901-181802,baseline,6,adjacent,FWD,E6,E7,E4,E5,213.812000,812.372000,OK,100,30,4
20260901-181802,baseline,6,adjacent,REV,E7,E6,E4,E5,-236.062000,816.841000,OK,100,30,4
20260901-181802,baseline,6,adjacent,FWD,E6,E7,E8,E9,-17.719000,812.692000,OK,100,30,4
20260901-181802,baseline,6,adjacent,REV,E7,E6,E8,E9,11.281000,817.480000,OK,100,30,4
20260901-181802,baseline,6,adjacent,FWD,E6,E7,E9,E10,17.156000,814.926000,OK,100,30,4
20260901-181802,baseline,6,adjacent,REV,E7,E6,E9,E10,32.594000,814.607000,OK,100,30,4
20260901-181802,baseline,6,adjacent,FWD,E6,E7,E10,E11,-16.812000,815.564000,OK,100,30,4
20260901-181802,baseline,6,adjacent,REV,E7,E6,E10,E11,-32.250000,816.203000,OK,100,30,4
20260901-181802,baseline,6,adjacent,FWD,E6,E7,E11,E12,14.875000,815.884000,OK,100,30,4
20260901-181802,baseline,6,adjacent,REV,E7,E6,E11,E12,4.375000,815.884000,OK,100,30,4
20260901-181802,baseline,6,adjacent,FWD,E6,E7,E12,E1,-36.375000,817.480000,OK,100,30,4
20260901-181802,baseline,6,adjacent,REV,E7,E6,E12,E1,-32.500000,813.968000,OK,100,30,4
20260901-181802,baseline,6,adjacent,FWD,E7,E8,E1,E2,-3.031000,734.168000,OK,100,30,4
20260901-181802,baseline,6,adjacent,REV,E8,E7,E1,E2,2.406000,788.751000,OK,100,30,4
20260901-181802,baseline,6,adjacent,FWD,E7,E8,E2,E3,3.531000,755.554000,OK,100,30,4
20260901-181802,baseline,6,adjacent,REV,E8,E7,E2,E3,-1.812000,781.410000,OK,100,30,4
20260901-181802,baseline,6,adjacent,FWD,E7,E8,E3,E4,3.375000,761.300000,OK,100,30,4
20260901-181802,baseline,6,adjacent,REV,E8,E7,E3,E4,-3.094000,777.898000,OK,100,30,4
20260901-181802,baseline,6,adjacent,FWD,E7,E8,E4,E5,-209.562000,762.257000,OK,100,30,4
20260901-181802,baseline,6,adjacent,REV,E8,E7,E4,E5,179.344000,778.537000,OK,100,30,4
20260901-181802,baseline,6,adjacent,FWD,E7,E8,E5,E6,262.625000,767.045000,OK,100,30,4
20260901-181802,baseline,6,adjacent,REV,E8,E7,E5,E6,-276.000000,775.026000,OK,100,30,4
20260901-181802,baseline,6,adjacent,FWD,E7,E8,E9,E10,4.531000,767.684000,OK,100,30,4
20260901-181802,baseline,6,adjacent,REV,E8,E7,E9,E10,45.594000,776.302000,OK,100,30,4
20260901-181802,baseline,6,adjacent,FWD,E7,E8,E10,E11,-4.219000,766.726000,OK,100,30,4
20260901-181802,baseline,6,adjacent,REV,E8,E7,E10,E11,-45.188000,772.472000,OK,100,30,4
20260901-181802,baseline,6,adjacent,FWD,E7,E8,E11,E12,20.844000,767.365000,OK,100,30,4
20260901-181802,baseline,6,adjacent,REV,E8,E7,E11,E12,-1.594000,773.110000,OK,100,30,4
20260901-181802,baseline,6,adjacent,FWD,E7,E8,E12,E1,-36.875000,768.641000,OK,100,30,4
20260901-181802,baseline,6,adjacent,REV,E8,E7,E12,E1,-32.313000,772.153000,OK,100,30,4
20260901-181802,baseline,6,adjacent,FWD,E8,E9,E1,E2,-2.781000,620.212000,OK,100,30,4
20260901-181802,baseline,6,adjacent,REV,E9,E8,E1,E2,2.094000,668.412000,OK,100,30,4
20260901-181802,baseline,6,adjacent,FWD,E8,E9,E2,E3,3.313000,641.918000,OK,100,30,4
20260901-181802,baseline,6,adjacent,REV,E9,E8,E2,E3,-1.656000,659.155000,OK,100,30,4
20260901-181802,baseline,6,adjacent,FWD,E8,E9,E3,E4,2.750000,647.344000,OK,100,30,4
20260901-181802,baseline,6,adjacent,REV,E9,E8,E3,E4,-2.094000,656.601000,OK,100,30,4
20260901-181802,baseline,6,adjacent,FWD,E8,E9,E4,E5,-32.688000,647.025000,OK,100,30,4
20260901-181802,baseline,6,adjacent,REV,E9,E8,E4,E5,10.406000,653.728000,OK,100,30,4
20260901-181802,baseline,6,adjacent,FWD,E8,E9,E5,E6,-203.875000,647.025000,OK,100,30,4
20260901-181802,baseline,6,adjacent,REV,E9,E8,E5,E6,185.719000,653.728000,OK,100,30,4
20260901-181802,baseline,6,adjacent,FWD,E8,E9,E6,E7,-12.469000,648.302000,OK,100,30,4
20260901-181802,baseline,6,adjacent,REV,E9,E8,E6,E7,10.313000,654.047000,OK,100,30,4
20260901-181802,baseline,6,adjacent,FWD,E8,E9,E10,E11,226.375000,651.813000,OK,100,30,4
20260901-181802,baseline,6,adjacent,REV,E9,E8,E10,E11,-273.500000,655.963000,OK,100,30,4
20260901-181802,baseline,6,adjacent,FWD,E8,E9,E11,E12,35.375000,651.494000,OK,100,30,4
20260901-181802,baseline,6,adjacent,REV,E9,E8,E11,E12,-14.688000,652.132000,OK,100,30,4
20260901-181802,baseline,6,adjacent,FWD,E8,E9,E12,E1,-37.688000,651.175000,OK,100,30,4
20260901-181802,baseline,6,adjacent,REV,E9,E8,E12,E1,-31.875000,652.132000,OK,100,30,4
20260901-181802,baseline,6,adjacent,FWD,E9,E10,E1,E2,-4.562000,557.329000,OK,100,30,4
20260901-181802,baseline,6,adjacent,REV,E10,E9,E1,E2,4.312000,668.412000,OK,100,30,4
20260901-181802,baseline,6,adjacent,FWD,E9,E10,E2,E3,5.125000,589.888000,OK,100,30,4
20260901-181802,baseline,6,adjacent,REV,E10,E9,E2,E3,-3.781000,659.155000,OK,100,30,4
20260901-181802,baseline,6,adjacent,FWD,E9,E10,E3,E4,3.625000,594.037000,OK,100,30,4
20260901-181802,baseline,6,adjacent,REV,E10,E9,E3,E4,-2.875000,658.516000,OK,100,30,4
20260901-181802,baseline,6,adjacent,FWD,E9,E10,E4,E5,-25.312000,596.591000,OK,100,30,4
20260901-181802,baseline,6,adjacent,REV,E10,E9,E4,E5,0.812000,657.240000,OK,100,30,4
20260901-181802,baseline,6,adjacent,FWD,E9,E10,E5,E6,-29.937000,598.187000,OK,100,30,4
20260901-181802,baseline,6,adjacent,REV,E10,E9,E5,E6,21.250000,655.324000,OK,100,30,4
20260901-181802,baseline,6,adjacent,FWD,E9,E10,E6,E7,-7.344000,601.698000,OK,100,30,4
20260901-181802,baseline,6,adjacent,REV,E10,E9,E6,E7,4.406000,653.409000,OK,100,30,4
20260901-181802,baseline,6,adjacent,FWD,E9,E10,E7,E8,-16.062000,599.464000,OK,100,30,4
20260901-181802,baseline,6,adjacent,REV,E10,E9,E7,E8,16.875000,652.451000,OK,100,30,4
20260901-181802,baseline,6,adjacent,FWD,E9,E10,E11,E12,205.031000,601.698000,OK,100,30,4
20260901-181802,baseline,6,adjacent,REV,E10,E9,E11,E12,-195.125000,651.494000,OK,100,30,4
20260901-181802,baseline,6,adjacent,FWD,E9,E10,E12,E1,-40.906000,602.017000,OK,100,30,4
20260901-181802,baseline,6,adjacent,REV,E10,E9,E12,E1,-28.531000,651.494000,OK,100,30,4
20260901-181802,baseline,6,adjacent,FWD,E10,E11,E1,E2,-11.031000,590.207000,OK,100,30,4
20260901-181802,baseline,6,adjacent,REV,E11,E10,E1,E2,10.813000,625.958000,OK,100,30,4
20260901-181802,baseline,6,adjacent,FWD,E10,E11,E2,E3,11.875000,608.401000,OK,100,30,4
20260901-181802,baseline,6,adjacent,REV,E11,E10,E2,E3,-10.125000,615.424000,OK,100,30,4
20260901-181802,baseline,6,adjacent,FWD,E10,E11,E3,E4,7.031000,613.828000,OK,100,30,4
20260901-181802,baseline,6,adjacent,REV,E11,E10,E3,E4,-5.781000,609.359000,OK,100,30,4
20260901-181802,baseline,6,adjacent,FWD,E10,E11,E4,E5,-23.656000,613.189000,OK,100,30,4
20260901-181802,baseline,6,adjacent,REV,E11,E10,E4,E5,-2.313000,608.721000,OK,100,30,4
20260901-181802,baseline,6,adjacent,FWD,E10,E11,E5,E6,-21.125000,614.147000,OK,100,30,4
20260901-181802,baseline,6,adjacent,REV,E11,E10,E5,E6,8.938000,609.040000,OK,100,30,4
20260901-181802,baseline,6,adjacent,FWD,E10,E11,E6,E7,-5.625000,615.424000,OK,100,30,4
20260901-181802,baseline,6,adjacent,REV,E11,E10,E6,E7,2.000000,609.997000,OK,100,30,4
20260901-181802,baseline,6,adjacent,FWD,E10,E11,E7,E8,-9.219000,618.935000,OK,100,30,4
20260901-181802,baseline,6,adjacent,REV,E11,E10,E7,E8,8.125000,608.721000,OK,100,30,4
20260901-181802,baseline,6,adjacent,FWD,E10,E11,E8,E9,-23.187000,617.339000,OK,100,30,4
20260901-181802,baseline,6,adjacent,REV,E11,E10,E8,E9,23.031000,608.721000,OK,100,30,4
20260901-181802,baseline,6,adjacent,FWD,E10,E11,E12,E1,-57.406000,617.658000,OK,100,30,4
20260901-181802,baseline,6,adjacent,REV,E11,E10,E12,E1,-13.125000,607.444000,OK,100,30,4
20260901-181802,baseline,6,adjacent,FWD,E11,E12,E1,E2,-23.187000,602.337000,OK,100,30,4
20260901-181802,baseline,6,adjacent,REV,E12,E11,E1,E2,24.187000,665.220000,OK,100,30,4
20260901-181802,baseline,6,adjacent,FWD,E11,E12,E2,E3,23.844000,633.938000,OK,100,30,4
20260901-181802,baseline,6,adjacent,REV,E12,E11,E2,E3,-23.531000,658.197000,OK,100,30,4
20260901-181802,baseline,6,adjacent,FWD,E11,E12,E3,E4,11.594000,639.683000,OK,100,30,4
20260901-181802,baseline,6,adjacent,REV,E12,E11,E3,E4,-10.750000,658.836000,OK,100,30,4
20260901-181802,baseline,6,adjacent,FWD,E11,E12,E4,E5,-20.594000,641.599000,OK,100,30,4
20260901-181802,baseline,6,adjacent,REV,E12,E11,E4,E5,-5.250000,656.920000,OK,100,30,4
20260901-181802,baseline,6,adjacent,FWD,E11,E12,E5,E6,-12.906000,642.237000,OK,100,30,4
20260901-181802,baseline,6,adjacent,REV,E12,E11,E5,E6,0.875000,657.559000,OK,100,30,4
20260901-181802,baseline,6,adjacent,FWD,E11,E12,E6,E7,-3.688000,643.514000,OK,100,30,4
20260901-181802,baseline,6,adjacent,REV,E12,E11,E6,E7,0.094000,655.005000,OK,100,30,4
20260901-181802,baseline,6,adjacent,FWD,E11,E12,E7,E8,-3.813000,642.875000,OK,100,30,4
20260901-181802,baseline,6,adjacent,REV,E12,E11,E7,E8,2.781000,655.324000,OK,100,30,4
20260901-181802,baseline,6,adjacent,FWD,E11,E12,E8,E9,-7.562000,643.514000,OK,100,30,4
20260901-181802,baseline,6,adjacent,REV,E12,E11,E8,E9,4.781000,655.005000,OK,100,30,4
20260901-181802,baseline,6,adjacent,FWD,E11,E12,E9,E10,5.094000,645.429000,OK,100,30,4
20260901-181802,baseline,6,adjacent,REV,E12,E11,E9,E10,42.125000,657.559000,OK,100,30,4
20260901-181802,baseline,6,adjacent,FWD,E12,E1,E2,E3,194.250000,683.733000,OK,100,30,4
20260901-181802,baseline,6,adjacent,REV,E1,E12,E2,E3,-178.250000,675.115000,OK,100,30,4
20260901-181802,baseline,6,adjacent,FWD,E12,E1,E3,E4,23.625000,702.247000,OK,100,30,4
20260901-181802,baseline,6,adjacent,REV,E1,E12,E3,E4,-20.937000,663.624000,OK,100,30,4
20260901-181802,baseline,6,adjacent,FWD,E12,E1,E4,E5,-22.562000,703.843000,OK,100,30,4
20260901-181802,baseline,6,adjacent,REV,E1,E12,E4,E5,-4.562000,661.070000,OK,100,30,4
20260901-181802,baseline,6,adjacent,FWD,E12,E1,E5,E6,-11.813000,705.120000,OK,100,30,4
20260901-181802,baseline,6,adjacent,REV,E1,E12,E5,E6,-0.875000,658.836000,OK,100,30,4
20260901-181802,baseline,6,adjacent,FWD,E12,E1,E6,E7,-3.469000,705.758000,OK,100,30,4
20260901-181802,baseline,6,adjacent,REV,E1,E12,E6,E7,-0.375000,658.197000,OK,100,30,4
20260901-181802,baseline,6,adjacent,FWD,E12,E1,E7,E8,-2.781000,708.950000,OK,100,30,4
20260901-181802,baseline,6,adjacent,REV,E1,E12,E7,E8,1.531000,658.197000,OK,100,30,4
20260901-181802,baseline,6,adjacent,FWD,E12,E1,E8,E9,-5.156000,705.120000,OK,100,30,4
20260901-181802,baseline,6,adjacent,REV,E1,E12,E8,E9,0.937000,658.516000,OK,100,30,4
20260901-181802,baseline,6,adjacent,FWD,E12,E1,E9,E10,16.656000,707.674000,OK,100,30,4
20260901-181802,baseline,6,adjacent,REV,E1,E12,E9,E10,30.437000,657.240000,OK,100,30,4
20260901-181802,baseline,6,adjacent,FWD,E12,E1,E10,E11,-16.344000,702.886000,OK,100,30,4
20260901-181802,baseline,6,adjacent,REV,E1,E12,E10,E11,-30.125000,656.920000,OK,100,30,4
20260901-181802,comparison-1,7,adjacent,FWD,E1,E2,E3,E4,217.187000,655.005000,OK,100,30,4
20260901-181802,comparison-1,7,adjacent,REV,E2,E1,E3,E4,-210.687000,683.095000,OK,100,30,4
20260901-181802,comparison-1,7,adjacent,FWD,E1,E2,E4,E5,-29.312000,666.816000,OK,100,30,4
20260901-181802,comparison-1,7,adjacent,REV,E2,E1,E4,E5,2.938000,679.584000,OK,100,30,4
20260901-181802,comparison-1,7,adjacent,FWD,E1,E2,E5,E6,-13.469000,668.092000,OK,100,30,4
20260901-181802,comparison-1,7,adjacent,REV,E2,E1,E5,E6,1.187000,676.392000,OK,100,30,4
20260901-181802,comparison-1,7,adjacent,FWD,E1,E2,E6,E7,-3.906000,669.050000,OK,100,30,4
20260901-181802,comparison-1,7,adjacent,REV,E2,E1,E6,E7,0.531000,675.115000,OK,100,30,4
20260901-181802,comparison-1,7,adjacent,FWD,E1,E2,E7,E8,-2.906000,670.327000,OK,100,30,4
20260901-181802,comparison-1,7,adjacent,REV,E2,E1,E7,E8,1.750000,674.796000,OK,100,30,4
20260901-181802,comparison-1,7,adjacent,FWD,E1,E2,E8,E9,-7.031000,669.688000,OK,100,30,4
20260901-181802,comparison-1,7,adjacent,REV,E2,E1,E8,E9,-1.844000,677.030000,OK,100,30,4
20260901-181802,comparison-1,7,adjacent,FWD,E1,E2,E9,E10,21.187000,670.646000,OK,100,30,4
20260901-181802,comparison-1,7,adjacent,REV,E2,E1,E9,E10,30.812000,676.073000,OK,100,30,4
20260901-181802,comparison-1,7,adjacent,FWD,E1,E2,E10,E11,-20.812000,670.965000,OK,100,30,4
20260901-181802,comparison-1,7,adjacent,REV,E2,E1,E10,E11,-30.344000,676.073000,OK,100,30,4
20260901-181802,comparison-1,7,adjacent,FWD,E1,E2,E11,E12,21.781000,670.965000,OK,100,30,4
20260901-181802,comparison-1,7,adjacent,REV,E2,E1,E11,E12,-3.063000,675.434000,OK,100,30,4
20260901-181802,comparison-1,7,adjacent,FWD,E2,E3,E4,E5,-43.844000,603.613000,OK,100,30,4
20260901-181802,comparison-1,7,adjacent,REV,E3,E2,E4,E5,18.594000,642.875000,OK,100,30,4
20260901-181802,comparison-1,7,adjacent,FWD,E2,E3,E5,E6,-16.500000,620.531000,OK,100,30,4
20260901-181802,comparison-1,7,adjacent,REV,E3,E2,E5,E6,4.594000,637.130000,OK,100,30,4
20260901-181802,comparison-1,7,adjacent,FWD,E2,E3,E6,E7,-4.781000,624.042000,OK,100,30,4
20260901-181802,comparison-1,7,adjacent,REV,E3,E2,E6,E7,1.312000,635.534000,OK,100,30,4
20260901-181802,comparison-1,7,adjacent,FWD,E2,E3,E7,E8,-3.188000,627.873000,OK,100,30,4
20260901-181802,comparison-1,7,adjacent,REV,E3,E2,E7,E8,2.094000,637.449000,OK,100,30,4
20260901-181802,comparison-1,7,adjacent,FWD,E2,E3,E8,E9,-6.844000,628.511000,OK,100,30,4
20260901-181802,comparison-1,7,adjacent,REV,E3,E2,E8,E9,-2.125000,635.853000,OK,100,30,4
20260901-181802,comparison-1,7,adjacent,FWD,E2,E3,E9,E10,22.656000,628.511000,OK,100,30,4
20260901-181802,comparison-1,7,adjacent,REV,E3,E2,E9,E10,29.375000,634.257000,OK,100,30,4
20260901-181802,comparison-1,7,adjacent,FWD,E2,E3,E10,E11,-22.281000,627.873000,OK,100,30,4
20260901-181802,comparison-1,7,adjacent,REV,E3,E2,E10,E11,-28.969000,631.703000,OK,100,30,4
20260901-181802,comparison-1,7,adjacent,FWD,E2,E3,E11,E12,16.156000,627.554000,OK,100,30,4
20260901-181802,comparison-1,7,adjacent,REV,E3,E2,E11,E12,2.656000,632.342000,OK,100,30,4
20260901-181802,comparison-1,7,adjacent,FWD,E2,E3,E12,E1,-55.500000,630.107000,OK,100,30,4
20260901-181802,comparison-1,7,adjacent,REV,E3,E2,E12,E1,-14.719000,632.022000,OK,100,30,4
20260901-181802,comparison-1,7,adjacent,FWD,E3,E4,E1,E2,-12.906000,664.900000,OK,100,30,4
20260901-181802,comparison-1,7,adjacent,REV,E4,E3,E1,E2,25.781000,765.769000,OK,100,30,4
20260901-181802,comparison-1,7,adjacent,FWD,E3,E4,E5,E6,-24.062000,687.564000,OK,100,30,4
20260901-181802,comparison-1,7,adjacent,REV,E4,E3,E5,E6,14.344000,757.789000,OK,100,30,4
20260901-181802,comparison-1,7,adjacent,FWD,E3,E4,E6,E7,-6.750000,691.075000,OK,100,30,4
20260901-181802,comparison-1,7,adjacent,REV,E4,E3,E6,E7,3.719000,753.000000,OK,100,30,4
20260901-181802,comparison-1,7,adjacent,FWD,E3,E4,E7,E8,-4.187000,695.225000,OK,100,30,4
20260901-181802,comparison-1,7,adjacent,REV,E4,E3,E7,E8,3.250000,752.043000,OK,100,30,4
20260901-181802,comparison-1,7,adjacent,FWD,E3,E4,E8,E9,-7.000000,695.863000,OK,100,30,4
20260901-181802,comparison-1,7,adjacent,REV,E4,E3,E8,E9,-1.719000,748.851000,OK,100,30,4
20260901-181802,comparison-1,7,adjacent,FWD,E3,E4,E9,E10,23.250000,693.310000,OK,100,30,4
20260901-181802,comparison-1,7,adjacent,REV,E4,E3,E9,E10,28.937000,748.212000,OK,100,30,4
20260901-181802,comparison-1,7,adjacent,FWD,E3,E4,E10,E11,-22.844000,698.736000,OK,100,30,4
20260901-181802,comparison-1,7,adjacent,REV,E4,E3,E10,E11,-28.500000,745.978000,OK,100,30,4
20260901-181802,comparison-1,7,adjacent,FWD,E3,E4,E11,E12,13.594000,698.417000,OK,100,30,4
20260901-181802,comparison-1,7,adjacent,REV,E4,E3,E11,E12,4.937000,748.212000,OK,100,30,4
20260901-181802,comparison-1,7,adjacent,FWD,E3,E4,E12,E1,-43.844000,700.332000,OK,100,30,4
20260901-181802,comparison-1,7,adjacent,REV,E4,E3,E12,E1,-26.781000,746.616000,OK,100,30,4
20260901-181802,comparison-1,7,adjacent,FWD,E4,E5,E1,E2,-13.531000,797.051000,OK,100,30,4
20260901-181802,comparison-1,7,adjacent,REV,E5,E4,E1,E2,12.313000,835.355000,OK,100,30,4
20260901-181802,comparison-1,7,adjacent,FWD,E4,E5,E2,E3,14.375000,819.395000,OK,100,30,4
20260901-181802,comparison-1,7,adjacent,REV,E5,E4,E2,E3,-11.500000,828.652000,OK,100,30,4
20260901-181802,comparison-1,7,adjacent,FWD,E4,E5,E6,E7,-20.094000,825.460000,OK,100,30,4
20260901-181802,comparison-1,7,adjacent,REV,E5,E4,E6,E7,17.937000,828.652000,OK,100,30,4
20260901-181802,comparison-1,7,adjacent,FWD,E4,E5,E7,E8,-11.156000,829.290000,OK,100,30,4
20260901-181802,comparison-1,7,adjacent,REV,E5,E4,E7,E8,9.906000,829.609000,OK,100,30,4
20260901-181802,comparison-1,7,adjacent,FWD,E4,E5,E8,E9,-10.625000,828.971000,OK,100,30,4
20260901-181802,comparison-1,7,adjacent,REV,E5,E4,E8,E9,1.750000,827.694000,OK,100,30,4
20260901-181802,comparison-1,7,adjacent,FWD,E4,E5,E9,E10,20.687000,831.205000,OK,100,30,4
20260901-181802,comparison-1,7,adjacent,REV,E5,E4,E9,E10,31.156000,828.332000,OK,100,30,4
20260901-181802,comparison-1,7,adjacent,FWD,E4,E5,E10,E11,-20.344000,833.759000,OK,100,30,4
20260901-181802,comparison-1,7,adjacent,REV,E5,E4,E10,E11,-30.781000,828.332000,OK,100,30,4
20260901-181802,comparison-1,7,adjacent,FWD,E4,E5,E11,E12,15.250000,834.717000,OK,100,30,4
20260901-181802,comparison-1,7,adjacent,REV,E5,E4,E11,E12,3.656000,829.290000,OK,100,30,4
20260901-181802,comparison-1,7,adjacent,FWD,E4,E5,E12,E1,-42.313000,835.674000,OK,100,30,4
20260901-181802,comparison-1,7,adjacent,REV,E5,E4,E12,E1,-29.281000,829.928000,OK,100,30,4
20260901-181802,comparison-1,7,adjacent,FWD,E5,E6,E1,E2,-4.719000,812.692000,OK,100,30,4
20260901-181802,comparison-1,7,adjacent,REV,E6,E5,E1,E2,2.969000,865.998000,OK,100,30,4
20260901-181802,comparison-1,7,adjacent,FWD,E5,E6,E2,E3,5.469000,835.674000,OK,100,30,4
20260901-181802,comparison-1,7,adjacent,REV,E6,E5,E2,E3,-2.156000,854.826000,OK,100,30,4
20260901-181802,comparison-1,7,adjacent,FWD,E5,E6,E3,E4,4.437000,840.143000,OK,100,30,4
20260901-181802,comparison-1,7,adjacent,REV,E6,E5,E3,E4,-9.281000,851.953000,OK,100,30,4
20260901-181802,comparison-1,7,adjacent,FWD,E5,E6,E7,E8,-15.813000,844.931000,OK,100,30,4
20260901-181802,comparison-1,7,adjacent,REV,E6,E5,E7,E8,14.844000,852.592000,OK,100,30,4
20260901-181802,comparison-1,7,adjacent,FWD,E5,E6,E8,E9,-11.219000,845.889000,OK,100,30,4
20260901-181802,comparison-1,7,adjacent,REV,E6,E5,E8,E9,2.313000,849.400000,OK,100,30,4
20260901-181802,comparison-1,7,adjacent,FWD,E5,E6,E9,E10,21.406000,846.846000,OK,100,30,4
20260901-181802,comparison-1,7,adjacent,REV,E6,E5,E9,E10,30.406000,849.719000,OK,100,30,4
20260901-181802,comparison-1,7,adjacent,FWD,E5,E6,E10,E11,-21.031000,846.527000,OK,100,30,4
20260901-181802,comparison-1,7,adjacent,REV,E6,E5,E10,E11,-30.000000,845.889000,OK,100,30,4
20260901-181802,comparison-1,7,adjacent,FWD,E5,E6,E11,E12,13.063000,846.208000,OK,100,30,4
20260901-181802,comparison-1,7,adjacent,REV,E6,E5,E11,E12,5.781000,846.846000,OK,100,30,4
20260901-181802,comparison-1,7,adjacent,FWD,E5,E6,E12,E1,-37.938000,846.846000,OK,100,30,4
20260901-181802,comparison-1,7,adjacent,REV,E6,E5,E12,E1,-33.750000,846.208000,OK,100,30,4
20260901-181802,comparison-1,7,adjacent,FWD,E6,E7,E1,E2,-3.750000,779.494000,OK,100,30,4
20260901-181802,comparison-1,7,adjacent,REV,E7,E6,E1,E2,1.312000,830.248000,OK,100,30,4
20260901-181802,comparison-1,7,adjacent,FWD,E6,E7,E2,E3,4.344000,802.158000,OK,100,30,4
20260901-181802,comparison-1,7,adjacent,REV,E7,E6,E2,E3,-0.844000,821.629000,OK,100,30,4
20260901-181802,comparison-1,7,adjacent,FWD,E6,E7,E3,E4,2.219000,806.307000,OK,100,30,4
20260901-181802,comparison-1,7,adjacent,REV,E7,E6,E3,E4,-5.625000,816.841000,OK,100,30,4
20260901-181802,comparison-1,7,adjacent,FWD,E6,E7,E4,E5,212.500000,809.180000,OK,100,30,4
20260901-181802,comparison-1,7,adjacent,REV,E7,E6,E4,E5,-235.937000,815.564000,OK,100,30,4
20260901-181802,comparison-1,7,adjacent,FWD,E6,E7,E8,E9,-18.687000,808.542000,OK,100,30,4
20260901-181802,comparison-1,7,adjacent,REV,E7,E6,E8,E9,9.875000,814.288000,OK,100,30,4
20260901-181802,comparison-1,7,adjacent,FWD,E6,E7,E9,E10,18.062000,810.776000,OK,100,30,4
20260901-181802,comparison-1,7,adjacent,REV,E7,E6,E9,E10,33.688000,814.926000,OK,100,30,4
20260901-181802,comparison-1,7,adjacent,FWD,E6,E7,E10,E11,-17.719000,809.500000,OK,100,30,4
20260901-181802,comparison-1,7,adjacent,REV,E7,E6,E10,E11,-33.281000,813.330000,OK,100,30,4
20260901-181802,comparison-1,7,adjacent,FWD,E6,E7,E11,E12,14.594000,810.776000,OK,100,30,4
20260901-181802,comparison-1,7,adjacent,REV,E7,E6,E11,E12,4.219000,813.649000,OK,100,30,4
20260901-181802,comparison-1,7,adjacent,FWD,E6,E7,E12,E1,-37.844000,812.372000,OK,100,30,4
20260901-181802,comparison-1,7,adjacent,REV,E7,E6,E12,E1,-34.000000,811.734000,OK,100,30,4
20260901-181802,comparison-1,7,adjacent,FWD,E7,E8,E1,E2,-3.750000,730.975000,OK,100,30,4
20260901-181802,comparison-1,7,adjacent,REV,E8,E7,E1,E2,1.500000,789.070000,OK,100,30,4
20260901-181802,comparison-1,7,adjacent,FWD,E7,E8,E2,E3,4.375000,753.320000,OK,100,30,4
20260901-181802,comparison-1,7,adjacent,REV,E8,E7,E2,E3,-0.969000,776.622000,OK,100,30,4
20260901-181802,comparison-1,7,adjacent,FWD,E7,E8,E3,E4,1.781000,758.108000,OK,100,30,4
20260901-181802,comparison-1,7,adjacent,REV,E8,E7,E3,E4,-4.562000,773.749000,OK,100,30,4
20260901-181802,comparison-1,7,adjacent,FWD,E7,E8,E4,E5,-208.937000,759.704000,OK,100,30,4
20260901-181802,comparison-1,7,adjacent,REV,E8,E7,E4,E5,178.469000,771.195000,OK,100,30,4
20260901-181802,comparison-1,7,adjacent,FWD,E7,E8,E5,E6,262.250000,760.981000,OK,100,30,4
20260901-181802,comparison-1,7,adjacent,REV,E8,E7,E5,E6,-274.875000,772.153000,OK,100,30,4
20260901-181802,comparison-1,7,adjacent,FWD,E7,E8,E9,E10,5.594000,765.769000,OK,100,30,4
20260901-181802,comparison-1,7,adjacent,REV,E8,E7,E9,E10,46.625000,773.430000,OK,100,30,4
20260901-181802,comparison-1,7,adjacent,FWD,E7,E8,E10,E11,-5.094000,763.534000,OK,100,30,4
20260901-181802,comparison-1,7,adjacent,REV,E8,E7,E10,E11,-46.219000,771.514000,OK,100,30,4
20260901-181802,comparison-1,7,adjacent,FWD,E7,E8,E11,E12,20.594000,764.173000,OK,100,30,4
20260901-181802,comparison-1,7,adjacent,REV,E8,E7,E11,E12,-1.719000,770.876000,OK,100,30,4
20260901-181802,comparison-1,7,adjacent,FWD,E7,E8,E12,E1,-38.188000,763.534000,OK,100,30,4
20260901-181802,comparison-1,7,adjacent,REV,E8,E7,E12,E1,-33.719000,768.961000,OK,100,30,4
20260901-181802,comparison-1,7,adjacent,FWD,E8,E9,E1,E2,-3.625000,616.701000,OK,100,30,4
20260901-181802,comparison-1,7,adjacent,REV,E9,E8,E1,E2,1.187000,661.389000,OK,100,30,4
20260901-181802,comparison-1,7,adjacent,FWD,E8,E9,E2,E3,4.187000,636.491000,OK,100,30,4
20260901-181802,comparison-1,7,adjacent,REV,E9,E8,E2,E3,-0.719000,652.451000,OK,100,30,4
20260901-181802,comparison-1,7,adjacent,FWD,E8,E9,E3,E4,1.219000,641.279000,OK,100,30,4
20260901-181802,comparison-1,7,adjacent,REV,E9,E8,E3,E4,-3.438000,651.813000,OK,100,30,4
20260901-181802,comparison-1,7,adjacent,FWD,E8,E9,E4,E5,-32.438000,644.791000,OK,100,30,4
20260901-181802,comparison-1,7,adjacent,REV,E9,E8,E4,E5,10.219000,649.898000,OK,100,30,4
20260901-181802,comparison-1,7,adjacent,FWD,E8,E9,E5,E6,-202.750000,645.110000,OK,100,30,4
20260901-181802,comparison-1,7,adjacent,REV,E9,E8,E5,E6,184.812000,650.855000,OK,100,30,4
20260901-181802,comparison-1,7,adjacent,FWD,E8,E9,E6,E7,-10.781000,646.067000,OK,100,30,4
20260901-181802,comparison-1,7,adjacent,REV,E9,E8,E6,E7,11.781000,647.025000,OK,100,30,4
20260901-181802,comparison-1,7,adjacent,FWD,E8,E9,E10,E11,227.750000,645.429000,OK,100,30,4
20260901-181802,comparison-1,7,adjacent,REV,E9,E8,E10,E11,-273.625000,647.983000,OK,100,30,4
20260901-181802,comparison-1,7,adjacent,FWD,E8,E9,E11,E12,34.250000,647.344000,OK,100,30,4
20260901-181802,comparison-1,7,adjacent,REV,E9,E8,E11,E12,-14.500000,647.025000,OK,100,30,4
20260901-181802,comparison-1,7,adjacent,FWD,E8,E9,E12,E1,-38.844000,644.791000,OK,100,30,4
20260901-181802,comparison-1,7,adjacent,REV,E9,E8,E12,E1,-33.156000,648.621000,OK,100,30,4
20260901-181802,comparison-1,7,adjacent,FWD,E9,E10,E1,E2,-5.406000,557.010000,OK,100,30,4
20260901-181802,comparison-1,7,adjacent,REV,E10,E9,E1,E2,3.406000,662.347000,OK,100,30,4
20260901-181802,comparison-1,7,adjacent,FWD,E9,E10,E2,E3,6.062000,583.823000,OK,100,30,4
20260901-181802,comparison-1,7,adjacent,REV,E10,E9,E2,E3,-2.875000,654.047000,OK,100,30,4
20260901-181802,comparison-1,7,adjacent,FWD,E9,E10,E3,E4,2.094000,591.164000,OK,100,30,4
20260901-181802,comparison-1,7,adjacent,REV,E10,E9,E3,E4,-4.375000,652.132000,OK,100,30,4
20260901-181802,comparison-1,7,adjacent,FWD,E9,E10,E4,E5,-25.094000,592.441000,OK,100,30,4
20260901-181802,comparison-1,7,adjacent,REV,E10,E9,E4,E5,0.906000,651.175000,OK,100,30,4
20260901-181802,comparison-1,7,adjacent,FWD,E9,E10,E5,E6,-29.750000,592.122000,OK,100,30,4
20260901-181802,comparison-1,7,adjacent,REV,E10,E9,E5,E6,21.094000,651.175000,OK,100,30,4
20260901-181802,comparison-1,7,adjacent,FWD,E9,E10,E6,E7,-5.719000,593.080000,OK,100,30,4
20260901-181802,comparison-1,7,adjacent,REV,E10,E9,E6,E7,5.937000,648.302000,OK,100,30,4
20260901-181802,comparison-1,7,adjacent,FWD,E9,E10,E7,E8,-16.156000,596.272000,OK,100,30,4
20260901-181802,comparison-1,7,adjacent,REV,E10,E9,E7,E8,16.594000,650.855000,OK,100,30,4
20260901-181802,comparison-1,7,adjacent,FWD,E9,E10,E11,E12,203.656000,597.229000,OK,100,30,4
20260901-181802,comparison-1,7,adjacent,REV,E10,E9,E11,E12,-194.719000,648.940000,OK,100,30,4
20260901-181802,comparison-1,7,adjacent,FWD,E9,E10,E12,E1,-41.938000,598.506000,OK,100,30,4
20260901-181802,comparison-1,7,adjacent,REV,E10,E9,E12,E1,-29.906000,648.940000,OK,100,30,4
20260901-181802,comparison-1,7,adjacent,FWD,E10,E11,E1,E2,-12.000000,583.504000,OK,100,30,4
20260901-181802,comparison-1,7,adjacent,REV,E11,E10,E1,E2,9.844000,623.085000,OK,100,30,4
20260901-181802,comparison-1,7,adjacent,FWD,E10,E11,E2,E3,12.781000,602.656000,OK,100,30,4
20260901-181802,comparison-1,7,adjacent,REV,E11,E10,E2,E3,-9.094000,608.082000,OK,100,30,4
20260901-181802,comparison-1,7,adjacent,FWD,E10,E11,E3,E4,5.500000,609.997000,OK,100,30,4
20260901-181802,comparison-1,7,adjacent,REV,E11,E10,E3,E4,-7.281000,605.209000,OK,100,30,4
20260901-181802,comparison-1,7,adjacent,FWD,E10,E11,E4,E5,-23.469000,609.997000,OK,100,30,4
20260901-181802,comparison-1,7,adjacent,REV,E11,E10,E4,E5,-2.313000,605.209000,OK,100,30,4
20260901-181802,comparison-1,7,adjacent,FWD,E10,E11,E5,E6,-21.000000,612.870000,OK,100,30,4
20260901-181802,comparison-1,7,adjacent,REV,E11,E10,E5,E6,8.844000,607.444000,OK,100,30,4
20260901-181802,comparison-1,7,adjacent,FWD,E10,E11,E6,E7,-4.000000,612.232000,OK,100,30,4
20260901-181802,comparison-1,7,adjacent,REV,E11,E10,E6,E7,3.625000,607.125000,OK,100,30,4
20260901-181802,comparison-1,7,adjacent,FWD,E10,E11,E7,E8,-9.250000,612.870000,OK,100,30,4
20260901-181802,comparison-1,7,adjacent,REV,E11,E10,E7,E8,8.000000,607.444000,OK,100,30,4
20260901-181802,comparison-1,7,adjacent,FWD,E10,E11,E8,E9,-24.000000,612.870000,OK,100,30,4
20260901-181802,comparison-1,7,adjacent,REV,E11,E10,E8,E9,22.156000,603.933000,OK,100,30,4
20260901-181802,comparison-1,7,adjacent,FWD,E10,E11,E12,E1,-58.719000,614.786000,OK,100,30,4
20260901-181802,comparison-1,7,adjacent,REV,E11,E10,E12,E1,-14.125000,604.890000,OK,100,30,4
20260901-181802,comparison-1,7,adjacent,FWD,E11,E12,E1,E2,-23.969000,593.399000,OK,100,30,4
20260901-181802,comparison-1,7,adjacent,REV,E12,E11,E1,E2,23.187000,659.474000,OK,100,30,4
20260901-181802,comparison-1,7,adjacent,FWD,E11,E12,E2,E3,24.906000,626.596000,OK,100,30,4
20260901-181802,comparison-1,7,adjacent,REV,E12,E11,E2,E3,-22.500000,656.282000,OK,100,30,4
20260901-181802,comparison-1,7,adjacent,FWD,E11,E12,E3,E4,10.000000,634.576000,OK,100,30,4
20260901-181802,comparison-1,7,adjacent,REV,E12,E11,E3,E4,-12.156000,654.367000,OK,100,30,4
20260901-181802,comparison-1,7,adjacent,FWD,E11,E12,E4,E5,-20.500000,635.853000,OK,100,30,4
20260901-181802,comparison-1,7,adjacent,REV,E12,E11,E4,E5,-5.250000,653.409000,OK,100,30,4
20260901-181802,comparison-1,7,adjacent,FWD,E11,E12,E5,E6,-12.781000,638.726000,OK,100,30,4
20260901-181802,comparison-1,7,adjacent,REV,E12,E11,E5,E6,0.906000,650.855000,OK,100,30,4
20260901-181802,comparison-1,7,adjacent,FWD,E11,E12,E6,E7,-2.000000,637.768000,OK,100,30,4
20260901-181802,comparison-1,7,adjacent,REV,E12,E11,E6,E7,1.750000,652.132000,OK,100,30,4
20260901-181802,comparison-1,7,adjacent,FWD,E11,E12,E7,E8,-3.875000,640.003000,OK,100,30,4
20260901-181802,comparison-1,7,adjacent,REV,E12,E11,E7,E8,2.656000,652.132000,OK,100,30,4
20260901-181802,comparison-1,7,adjacent,FWD,E11,E12,E8,E9,-8.406000,639.364000,OK,100,30,4
20260901-181802,comparison-1,7,adjacent,REV,E12,E11,E8,E9,3.938000,650.855000,OK,100,30,4
20260901-181802,comparison-1,7,adjacent,FWD,E11,E12,E9,E10,6.031000,641.918000,OK,100,30,4
20260901-181802,comparison-1,7,adjacent,REV,E12,E11,E9,E10,42.750000,654.047000,OK,100,30,4
20260901-181802,comparison-1,7,adjacent,FWD,E12,E1,E2,E3,194.625000,685.329000,OK,100,30,4
20260901-181802,comparison-1,7,adjacent,REV,E1,E12,E2,E3,-176.375000,670.965000,OK,100,30,4
20260901-181802,comparison-1,7,adjacent,FWD,E12,E1,E3,E4,22.156000,701.290000,OK,100,30,4
20260901-181802,comparison-1,7,adjacent,REV,E1,E12,E3,E4,-22.437000,664.900000,OK,100,30,4
20260901-181802,comparison-1,7,adjacent,FWD,E12,E1,E4,E5,-22.344000,703.524000,OK,100,30,4
20260901-181802,comparison-1,7,adjacent,REV,E1,E12,E4,E5,-4.406000,659.793000,OK,100,30,4
20260901-181802,comparison-1,7,adjacent,FWD,E12,E1,E5,E6,-11.844000,705.439000,OK,100,30,4
20260901-181802,comparison-1,7,adjacent,REV,E1,E12,E5,E6,-0.750000,658.197000,OK,100,30,4
20260901-181802,comparison-1,7,adjacent,FWD,E12,E1,E6,E7,-1.812000,705.120000,OK,100,30,4
20260901-181802,comparison-1,7,adjacent,REV,E1,E12,E6,E7,1.406000,658.197000,OK,100,30,4
20260901-181802,comparison-1,7,adjacent,FWD,E12,E1,E7,E8,-2.875000,705.439000,OK,100,30,4
20260901-181802,comparison-1,7,adjacent,REV,E1,E12,E7,E8,1.375000,657.878000,OK,100,30,4
20260901-181802,comparison-1,7,adjacent,FWD,E12,E1,E8,E9,-6.062000,706.716000,OK,100,30,4
20260901-181802,comparison-1,7,adjacent,REV,E1,E12,E8,E9,0.094000,656.920000,OK,100,30,4
20260901-181802,comparison-1,7,adjacent,FWD,E12,E1,E9,E10,17.312000,705.120000,OK,100,30,4
20260901-181802,comparison-1,7,adjacent,REV,E1,E12,E9,E10,31.187000,656.282000,OK,100,30,4
20260901-181802,comparison-1,7,adjacent,FWD,E12,E1,E10,E11,-17.031000,706.397000,OK,100,30,4
20260901-181802,comparison-1,7,adjacent,REV,E1,E12,E10,E11,-30.781000,655.963000,OK,100,30,4
20260901-181802,comparison-2,8,adjacent,FWD,E1,E2,E3,E4,217.437000,655.643000,OK,100,30,4
20260901-181802,comparison-2,8,adjacent,REV,E2,E1,E3,E4,-210.437000,681.818000,OK,100,30,4
20260901-181802,comparison-2,8,adjacent,FWD,E1,E2,E4,E5,-29.219000,665.220000,OK,100,30,4
20260901-181802,comparison-2,8,adjacent,REV,E2,E1,E4,E5,3.125000,677.349000,OK,100,30,4
20260901-181802,comparison-2,8,adjacent,FWD,E1,E2,E5,E6,-13.438000,667.454000,OK,100,30,4
20260901-181802,comparison-2,8,adjacent,REV,E2,E1,E5,E6,1.312000,674.796000,OK,100,30,4
20260901-181802,comparison-2,8,adjacent,FWD,E1,E2,E6,E7,-2.281000,668.731000,OK,100,30,4
20260901-181802,comparison-2,8,adjacent,REV,E2,E1,E6,E7,2.156000,675.753000,OK,100,30,4
20260901-181802,comparison-2,8,adjacent,FWD,E1,E2,E7,E8,-2.969000,672.242000,OK,100,30,4
20260901-181802,comparison-2,8,adjacent,REV,E2,E1,E7,E8,1.687000,675.434000,OK,100,30,4
20260901-181802,comparison-2,8,adjacent,FWD,E1,E2,E8,E9,-5.906000,671.923000,OK,100,30,4
20260901-181802,comparison-2,8,adjacent,REV,E2,E1,E8,E9,-0.594000,675.753000,OK,100,30,4
20260901-181802,comparison-2,8,adjacent,FWD,E1,E2,E9,E10,20.094000,671.923000,OK,100,30,4
20260901-181802,comparison-2,8,adjacent,REV,E2,E1,E9,E10,29.656000,675.434000,OK,100,30,4
20260901-181802,comparison-2,8,adjacent,FWD,E1,E2,E10,E11,-19.719000,670.008000,OK,100,30,4
20260901-181802,comparison-2,8,adjacent,REV,E2,E1,E10,E11,-29.312000,673.838000,OK,100,30,4
20260901-181802,comparison-2,8,adjacent,FWD,E1,E2,E11,E12,21.687000,671.604000,OK,100,30,4
20260901-181802,comparison-2,8,adjacent,REV,E2,E1,E11,E12,-3.875000,676.392000,OK,100,30,4
20260901-181802,comparison-2,8,adjacent,FWD,E2,E3,E4,E5,-43.656000,603.933000,OK,100,30,4
20260901-181802,comparison-2,8,adjacent,REV,E3,E2,E4,E5,18.875000,645.429000,OK,100,30,4
20260901-181802,comparison-2,8,adjacent,FWD,E2,E3,E5,E6,-16.687000,622.127000,OK,100,30,4
20260901-181802,comparison-2,8,adjacent,REV,E3,E2,E5,E6,4.625000,640.003000,OK,100,30,4
20260901-181802,comparison-2,8,adjacent,FWD,E2,E3,E6,E7,-3.281000,625.958000,OK,100,30,4
20260901-181802,comparison-2,8,adjacent,REV,E3,E2,E6,E7,3.000000,637.768000,OK,100,30,4
20260901-181802,comparison-2,8,adjacent,FWD,E2,E3,E7,E8,-3.250000,627.554000,OK,100,30,4
20260901-181802,comparison-2,8,adjacent,REV,E3,E2,E7,E8,1.969000,638.087000,OK,100,30,4
20260901-181802,comparison-2,8,adjacent,FWD,E2,E3,E8,E9,-5.812000,628.192000,OK,100,30,4
20260901-181802,comparison-2,8,adjacent,REV,E3,E2,E8,E9,-1.094000,633.938000,OK,100,30,4
20260901-181802,comparison-2,8,adjacent,FWD,E2,E3,E9,E10,21.719000,628.192000,OK,100,30,4
20260901-181802,comparison-2,8,adjacent,REV,E3,E2,E9,E10,28.375000,633.618000,OK,100,30,4
20260901-181802,comparison-2,8,adjacent,FWD,E2,E3,E10,E11,-21.375000,627.554000,OK,100,30,4
20260901-181802,comparison-2,8,adjacent,REV,E3,E2,E10,E11,-28.187000,632.342000,OK,100,30,4
20260901-181802,comparison-2,8,adjacent,FWD,E2,E3,E11,E12,16.094000,629.469000,OK,100,30,4
20260901-181802,comparison-2,8,adjacent,REV,E3,E2,E11,E12,2.281000,632.661000,OK,100,30,4
20260901-181802,comparison-2,8,adjacent,FWD,E2,E3,E12,E1,-54.313000,631.065000,OK,100,30,4
20260901-181802,comparison-2,8,adjacent,REV,E3,E2,E12,E1,-13.125000,634.895000,OK,100,30,4
20260901-181802,comparison-2,8,adjacent,FWD,E3,E4,E1,E2,-13.500000,665.858000,OK,100,30,4
20260901-181802,comparison-2,8,adjacent,REV,E4,E3,E1,E2,25.344000,765.769000,OK,100,30,4
20260901-181802,comparison-2,8,adjacent,FWD,E3,E4,E5,E6,-24.906000,688.202000,OK,100,30,4
20260901-181802,comparison-2,8,adjacent,REV,E4,E3,E5,E6,14.344000,756.512000,OK,100,30,4
20260901-181802,comparison-2,8,adjacent,FWD,E3,E4,E6,E7,-5.094000,691.713000,OK,100,30,4
20260901-181802,comparison-2,8,adjacent,REV,E4,E3,E6,E7,5.312000,752.362000,OK,100,30,4
20260901-181802,comparison-2,8,adjacent,FWD,E3,E4,E7,E8,-4.187000,692.352000,OK,100,30,4
20260901-181802,comparison-2,8,adjacent,REV,E4,E3,E7,E8,3.188000,751.085000,OK,100,30,4
20260901-181802,comparison-2,8,adjacent,FWD,E3,E4,E8,E9,-7.125000,694.586000,OK,100,30,4
20260901-181802,comparison-2,8,adjacent,REV,E4,E3,E8,E9,-1.875000,748.532000,OK,100,30,4
20260901-181802,comparison-2,8,adjacent,FWD,E3,E4,E9,E10,23.500000,698.417000,OK,100,30,4
20260901-181802,comparison-2,8,adjacent,REV,E4,E3,E9,E10,29.219000,748.851000,OK,100,30,4
20260901-181802,comparison-2,8,adjacent,FWD,E3,E4,E10,E11,-23.156000,699.374000,OK,100,30,4
20260901-181802,comparison-2,8,adjacent,REV,E4,E3,E10,E11,-28.875000,747.255000,OK,100,30,4
20260901-181802,comparison-2,8,adjacent,FWD,E3,E4,E11,E12,13.500000,698.736000,OK,100,30,4
20260901-181802,comparison-2,8,adjacent,REV,E4,E3,E11,E12,4.719000,748.212000,OK,100,30,4
20260901-181802,comparison-2,8,adjacent,FWD,E3,E4,E12,E1,-42.750000,701.290000,OK,100,30,4
20260901-181802,comparison-2,8,adjacent,REV,E4,E3,E12,E1,-25.562000,744.382000,OK,100,30,4
20260901-181802,comparison-2,8,adjacent,FWD,E4,E5,E1,E2,-14.031000,797.689000,OK,100,30,4
20260901-181802,comparison-2,8,adjacent,REV,E5,E4,E1,E2,11.719000,841.420000,OK,100,30,4
20260901-181802,comparison-2,8,adjacent,FWD,E4,E5,E2,E3,14.844000,821.948000,OK,100,30,4
20260901-181802,comparison-2,8,adjacent,REV,E5,E4,E2,E3,-11.000000,834.078000,OK,100,30,4
20260901-181802,comparison-2,8,adjacent,FWD,E4,E5,E6,E7,-19.250000,827.694000,OK,100,30,4
20260901-181802,comparison-2,8,adjacent,REV,E5,E4,E6,E7,18.844000,832.801000,OK,100,30,4
20260901-181802,comparison-2,8,adjacent,FWD,E4,E5,E7,E8,-11.156000,830.567000,OK,100,30,4
20260901-181802,comparison-2,8,adjacent,REV,E5,E4,E7,E8,9.875000,832.482000,OK,100,30,4
20260901-181802,comparison-2,8,adjacent,FWD,E4,E5,E8,E9,-11.281000,832.482000,OK,100,30,4
20260901-181802,comparison-2,8,adjacent,REV,E5,E4,E8,E9,1.125000,831.205000,OK,100,30,4
20260901-181802,comparison-2,8,adjacent,FWD,E4,E5,E9,E10,21.406000,832.801000,OK,100,30,4
20260901-181802,comparison-2,8,adjacent,REV,E5,E4,E9,E10,31.750000,831.205000,OK,100,30,4
20260901-181802,comparison-2,8,adjacent,FWD,E4,E5,E10,E11,-20.969000,831.524000,OK,100,30,4
20260901-181802,comparison-2,8,adjacent,REV,E5,E4,E10,E11,-31.375000,827.375000,OK,100,30,4
20260901-181802,comparison-2,8,adjacent,FWD,E4,E5,E11,E12,15.219000,832.801000,OK,100,30,4
20260901-181802,comparison-2,8,adjacent,REV,E5,E4,E11,E12,3.594000,828.013000,OK,100,30,4
20260901-181802,comparison-2,8,adjacent,FWD,E4,E5,E12,E1,-41.469000,835.036000,OK,100,30,4
20260901-181802,comparison-2,8,adjacent,REV,E5,E4,E12,E1,-28.187000,829.290000,OK,100,30,4
20260901-181802,comparison-2,8,adjacent,FWD,E5,E6,E1,E2,-5.094000,814.288000,OK,100,30,4
20260901-181802,comparison-2,8,adjacent,REV,E6,E5,E1,E2,2.500000,867.275000,OK,100,30,4
20260901-181802,comparison-2,8,adjacent,FWD,E5,E6,E2,E3,5.875000,839.824000,OK,100,30,4
20260901-181802,comparison-2,8,adjacent,REV,E6,E5,E2,E3,-1.812000,856.742000,OK,100,30,4
20260901-181802,comparison-2,8,adjacent,FWD,E5,E6,E3,E4,4.156000,843.335000,OK,100,30,4
20260901-181802,comparison-2,8,adjacent,REV,E6,E5,E3,E4,-9.438000,851.953000,OK,100,30,4
20260901-181802,comparison-2,8,adjacent,FWD,E5,E6,E7,E8,-16.094000,846.208000,OK,100,30,4
20260901-181802,comparison-2,8,adjacent,REV,E6,E5,E7,E8,14.750000,849.081000,OK,100,30,4
20260901-181802,comparison-2,8,adjacent,FWD,E5,E6,E8,E9,-11.969000,846.208000,OK,100,30,4
20260901-181802,comparison-2,8,adjacent,REV,E6,E5,E8,E9,1.625000,848.442000,OK,100,30,4
20260901-181802,comparison-2,8,adjacent,FWD,E5,E6,E9,E10,22.219000,846.208000,OK,100,30,4
20260901-181802,comparison-2,8,adjacent,REV,E6,E5,E9,E10,31.219000,847.485000,OK,100,30,4
20260901-181802,comparison-2,8,adjacent,FWD,E5,E6,E10,E11,-21.875000,848.123000,OK,100,30,4
20260901-181802,comparison-2,8,adjacent,REV,E6,E5,E10,E11,-30.750000,846.208000,OK,100,30,4
20260901-181802,comparison-2,8,adjacent,FWD,E5,E6,E11,E12,13.000000,848.442000,OK,100,30,4
20260901-181802,comparison-2,8,adjacent,REV,E6,E5,E11,E12,5.656000,845.250000,OK,100,30,4
20260901-181802,comparison-2,8,adjacent,FWD,E5,E6,E12,E1,-37.219000,850.677000,OK,100,30,4
20260901-181802,comparison-2,8,adjacent,REV,E6,E5,E12,E1,-32.875000,847.485000,OK,100,30,4
20260901-181802,comparison-2,8,adjacent,FWD,E6,E7,E1,E2,-4.000000,779.175000,OK,100,30,4
20260901-181802,comparison-2,8,adjacent,REV,E7,E6,E1,E2,1.031000,832.163000,OK,100,30,4
20260901-181802,comparison-2,8,adjacent,FWD,E6,E7,E2,E3,4.562000,800.243000,OK,100,30,4
20260901-181802,comparison-2,8,adjacent,REV,E7,E6,E2,E3,-0.562000,822.268000,OK,100,30,4
20260901-181802,comparison-2,8,adjacent,FWD,E6,E7,E3,E4,2.031000,805.988000,OK,100,30,4
20260901-181802,comparison-2,8,adjacent,REV,E7,E6,E3,E4,-5.812000,816.841000,OK,100,30,4
20260901-181802,comparison-2,8,adjacent,FWD,E6,E7,E4,E5,212.000000,809.500000,OK,100,30,4
20260901-181802,comparison-2,8,adjacent,REV,E7,E6,E4,E5,-236.187000,816.522000,OK,100,30,4
20260901-181802,comparison-2,8,adjacent,FWD,E6,E7,E8,E9,-19.437000,809.819000,OK,100,30,4
20260901-181802,comparison-2,8,adjacent,REV,E7,E6,E8,E9,9.156000,813.968000,OK,100,30,4
20260901-181802,comparison-2,8,adjacent,FWD,E6,E7,E9,E10,19.031000,811.734000,OK,100,30,4
20260901-181802,comparison-2,8,adjacent,REV,E7,E6,E9,E10,34.438000,816.203000,OK,100,30,4
20260901-181802,comparison-2,8,adjacent,FWD,E6,E7,E10,E11,-18.625000,813.011000,OK,100,30,4
20260901-181802,comparison-2,8,adjacent,REV,E7,E6,E10,E11,-33.938000,814.926000,OK,100,30,4
20260901-181802,comparison-2,8,adjacent,FWD,E6,E7,E11,E12,14.594000,813.330000,OK,100,30,4
20260901-181802,comparison-2,8,adjacent,REV,E7,E6,E11,E12,4.125000,813.649000,OK,100,30,4
20260901-181802,comparison-2,8,adjacent,FWD,E6,E7,E12,E1,-37.219000,813.330000,OK,100,30,4
20260901-181802,comparison-2,8,adjacent,REV,E7,E6,E12,E1,-33.250000,812.053000,OK,100,30,4
20260901-181802,comparison-2,8,adjacent,FWD,E7,E8,E1,E2,-4.062000,730.656000,OK,100,30,4
20260901-181802,comparison-2,8,adjacent,REV,E8,E7,E1,E2,1.219000,785.878000,OK,100,30,4
20260901-181802,comparison-2,8,adjacent,FWD,E7,E8,E2,E3,4.594000,753.958000,OK,100,30,4
20260901-181802,comparison-2,8,adjacent,REV,E8,E7,E2,E3,-0.656000,777.579000,OK,100,30,4
20260901-181802,comparison-2,8,adjacent,FWD,E7,E8,E3,E4,1.719000,757.150000,OK,100,30,4
20260901-181802,comparison-2,8,adjacent,REV,E8,E7,E3,E4,-4.781000,773.430000,OK,100,30,4
20260901-181802,comparison-2,8,adjacent,FWD,E7,E8,E4,E5,-209.500000,761.619000,OK,100,30,4
20260901-181802,comparison-2,8,adjacent,REV,E8,E7,E4,E5,178.719000,774.387000,OK,100,30,4
20260901-181802,comparison-2,8,adjacent,FWD,E7,E8,E5,E6,261.937000,764.492000,OK,100,30,4
20260901-181802,comparison-2,8,adjacent,REV,E8,E7,E5,E6,-274.437000,772.472000,OK,100,30,4
20260901-181802,comparison-2,8,adjacent,FWD,E7,E8,E9,E10,6.344000,765.130000,OK,100,30,4
20260901-181802,comparison-2,8,adjacent,REV,E8,E7,E9,E10,47.219000,771.195000,OK,100,30,4
20260901-181802,comparison-2,8,adjacent,FWD,E7,E8,E10,E11,-5.969000,763.215000,OK,100,30,4
20260901-181802,comparison-2,8,adjacent,REV,E8,E7,E10,E11,-46.719000,771.195000,OK,100,30,4
20260901-181802,comparison-2,8,adjacent,FWD,E7,E8,E11,E12,20.594000,763.534000,OK,100,30,4
20260901-181802,comparison-2,8,adjacent,REV,E8,E7,E11,E12,-1.875000,770.237000,OK,100,30,4
20260901-181802,comparison-2,8,adjacent,FWD,E7,E8,E12,E1,-37.625000,764.173000,OK,100,30,4
20260901-181802,comparison-2,8,adjacent,REV,E8,E7,E12,E1,-33.063000,769.599000,OK,100,30,4
20260901-181802,comparison-2,8,adjacent,FWD,E8,E9,E1,E2,-3.844000,618.616000,OK,100,30,4
20260901-181802,comparison-2,8,adjacent,REV,E9,E8,E1,E2,1.000000,662.028000,OK,100,30,4
20260901-181802,comparison-2,8,adjacent,FWD,E8,E9,E2,E3,4.469000,641.599000,OK,100,30,4
20260901-181802,comparison-2,8,adjacent,REV,E9,E8,E2,E3,-0.406000,656.601000,OK,100,30,4
20260901-181802,comparison-2,8,adjacent,FWD,E8,E9,E3,E4,1.094000,645.110000,OK,100,30,4
20260901-181802,comparison-2,8,adjacent,REV,E9,E8,E3,E4,-3.656000,653.090000,OK,100,30,4
20260901-181802,comparison-2,8,adjacent,FWD,E8,E9,E4,E5,-32.469000,647.025000,OK,100,30,4
20260901-181802,comparison-2,8,adjacent,REV,E9,E8,E4,E5,10.188000,652.132000,OK,100,30,4
20260901-181802,comparison-2,8,adjacent,FWD,E8,E9,E5,E6,-203.500000,645.748000,OK,100,30,4
20260901-181802,comparison-2,8,adjacent,REV,E9,E8,E5,E6,185.469000,647.983000,OK,100,30,4
20260901-181802,comparison-2,8,adjacent,FWD,E8,E9,E6,E7,-10.781000,646.067000,OK,100,30,4
20260901-181802,comparison-2,8,adjacent,REV,E9,E8,E6,E7,11.813000,648.621000,OK,100,30,4
20260901-181802,comparison-2,8,adjacent,FWD,E8,E9,E10,E11,224.687000,647.983000,OK,100,30,4
20260901-181802,comparison-2,8,adjacent,REV,E9,E8,E10,E11,-273.875000,647.344000,OK,100,30,4
20260901-181802,comparison-2,8,adjacent,FWD,E8,E9,E11,E12,35.125000,646.706000,OK,100,30,4
20260901-181802,comparison-2,8,adjacent,REV,E9,E8,E11,E12,-15.031000,649.898000,OK,100,30,4
20260901-181802,comparison-2,8,adjacent,FWD,E8,E9,E12,E1,-38.406000,647.344000,OK,100,30,4
20260901-181802,comparison-2,8,adjacent,REV,E9,E8,E12,E1,-32.563000,648.940000,OK,100,30,4
20260901-181802,comparison-2,8,adjacent,FWD,E9,E10,E1,E2,-5.719000,551.264000,OK,100,30,4
20260901-181802,comparison-2,8,adjacent,REV,E10,E9,E1,E2,3.156000,667.135000,OK,100,30,4
20260901-181802,comparison-2,8,adjacent,FWD,E9,E10,E2,E3,6.281000,585.419000,OK,100,30,4
20260901-181802,comparison-2,8,adjacent,REV,E10,E9,E2,E3,-2.656000,658.197000,OK,100,30,4
20260901-181802,comparison-2,8,adjacent,FWD,E9,E10,E3,E4,1.969000,590.526000,OK,100,30,4
20260901-181802,comparison-2,8,adjacent,REV,E10,E9,E3,E4,-4.500000,654.367000,OK,100,30,4
20260901-181802,comparison-2,8,adjacent,FWD,E9,E10,E4,E5,-25.187000,591.484000,OK,100,30,4
20260901-181802,comparison-2,8,adjacent,REV,E10,E9,E4,E5,0.937000,653.728000,OK,100,30,4
20260901-181802,comparison-2,8,adjacent,FWD,E9,E10,E5,E6,-29.906000,595.633000,OK,100,30,4
20260901-181802,comparison-2,8,adjacent,REV,E10,E9,E5,E6,21.000000,652.451000,OK,100,30,4
20260901-181802,comparison-2,8,adjacent,FWD,E9,E10,E6,E7,-5.687000,594.995000,OK,100,30,4
20260901-181802,comparison-2,8,adjacent,REV,E10,E9,E6,E7,6.000000,652.132000,OK,100,30,4
20260901-181802,comparison-2,8,adjacent,FWD,E9,E10,E7,E8,-16.312000,597.548000,OK,100,30,4
20260901-181802,comparison-2,8,adjacent,REV,E10,E9,E7,E8,16.531000,651.175000,OK,100,30,4
20260901-181802,comparison-2,8,adjacent,FWD,E9,E10,E11,E12,203.562000,598.187000,OK,100,30,4
20260901-181802,comparison-2,8,adjacent,REV,E10,E9,E11,E12,-194.500000,649.259000,OK,100,30,4
20260901-181802,comparison-2,8,adjacent,FWD,E9,E10,E12,E1,-41.500000,599.145000,OK,100,30,4
20260901-181802,comparison-2,8,adjacent,REV,E10,E9,E12,E1,-29.312000,649.579000,OK,100,30,4
20260901-181802,comparison-2,8,adjacent,FWD,E10,E11,E1,E2,-12.156000,584.461000,OK,100,30,4
20260901-181802,comparison-2,8,adjacent,REV,E11,E10,E1,E2,9.594000,621.489000,OK,100,30,4
20260901-181802,comparison-2,8,adjacent,FWD,E10,E11,E2,E3,13.031000,606.805000,OK,100,30,4
20260901-181802,comparison-2,8,adjacent,REV,E11,E10,E2,E3,-8.875000,612.232000,OK,100,30,4
20260901-181802,comparison-2,8,adjacent,FWD,E10,E11,E3,E4,5.375000,610.317000,OK,100,30,4
20260901-181802,comparison-2,8,adjacent,REV,E11,E10,E3,E4,-7.437000,606.805000,OK,100,30,4
20260901-181802,comparison-2,8,adjacent,FWD,E10,E11,E4,E5,-23.562000,609.678000,OK,100,30,4
20260901-181802,comparison-2,8,adjacent,REV,E11,E10,E4,E5,-2.250000,606.805000,OK,100,30,4
20260901-181802,comparison-2,8,adjacent,FWD,E10,E11,E5,E6,-21.031000,614.147000,OK,100,30,4
20260901-181802,comparison-2,8,adjacent,REV,E11,E10,E5,E6,8.875000,607.444000,OK,100,30,4
20260901-181802,comparison-2,8,adjacent,FWD,E10,E11,E6,E7,-3.938000,614.147000,OK,100,30,4
20260901-181802,comparison-2,8,adjacent,REV,E11,E10,E6,E7,3.656000,607.444000,OK,100,30,4
20260901-181802,comparison-2,8,adjacent,FWD,E10,E11,E7,E8,-9.250000,614.786000,OK,100,30,4
20260901-181802,comparison-2,8,adjacent,REV,E11,E10,E7,E8,7.937000,606.167000,OK,100,30,4
20260901-181802,comparison-2,8,adjacent,FWD,E10,E11,E8,E9,-24.781000,609.997000,OK,100,30,4
20260901-181802,comparison-2,8,adjacent,REV,E11,E10,E8,E9,21.375000,605.848000,OK,100,30,4
20260901-181802,comparison-2,8,adjacent,FWD,E10,E11,E12,E1,-58.250000,613.189000,OK,100,30,4
20260901-181802,comparison-2,8,adjacent,REV,E11,E10,E12,E1,-13.563000,605.209000,OK,100,30,4
20260901-181802,comparison-2,8,adjacent,FWD,E11,E12,E1,E2,-24.187000,598.187000,OK,100,30,4
20260901-181802,comparison-2,8,adjacent,REV,E12,E11,E1,E2,22.969000,661.708000,OK,100,30,4
20260901-181802,comparison-2,8,adjacent,FWD,E11,E12,E2,E3,25.125000,629.469000,OK,100,30,4
20260901-181802,comparison-2,8,adjacent,REV,E12,E11,E2,E3,-22.250000,659.793000,OK,100,30,4
20260901-181802,comparison-2,8,adjacent,FWD,E11,E12,E3,E4,9.875000,637.130000,OK,100,30,4
20260901-181802,comparison-2,8,adjacent,REV,E12,E11,E3,E4,-12.313000,655.324000,OK,100,30,4
20260901-181802,comparison-2,8,adjacent,FWD,E11,E12,E4,E5,-20.500000,637.768000,OK,100,30,4
20260901-181802,comparison-2,8,adjacent,REV,E12,E11,E4,E5,-5.281000,653.728000,OK,100,30,4
20260901-181802,comparison-2,8,adjacent,FWD,E11,E12,E5,E6,-12.844000,640.641000,OK,100,30,4
20260901-181802,comparison-2,8,adjacent,REV,E12,E11,E5,E6,0.844000,652.132000,OK,100,30,4
20260901-181802,comparison-2,8,adjacent,FWD,E11,E12,E6,E7,-2.031000,639.683000,OK,100,30,4
20260901-181802,comparison-2,8,adjacent,REV,E12,E11,E6,E7,1.719000,652.451000,OK,100,30,4
20260901-181802,comparison-2,8,adjacent,FWD,E11,E12,E7,E8,-3.875000,641.599000,OK,100,30,4
20260901-181802,comparison-2,8,adjacent,REV,E12,E11,E7,E8,2.656000,655.005000,OK,100,30,4
20260901-181802,comparison-2,8,adjacent,FWD,E11,E12,E8,E9,-9.000000,641.279000,OK,100,30,4
20260901-181802,comparison-2,8,adjacent,REV,E12,E11,E8,E9,3.219000,652.132000,OK,100,30,4
20260901-181802,comparison-2,8,adjacent,FWD,E11,E12,E9,E10,6.625000,641.279000,OK,100,30,4
20260901-181802,comparison-2,8,adjacent,REV,E12,E11,E9,E10,43.469000,653.409000,OK,100,30,4
20260901-181802,comparison-2,8,adjacent,FWD,E12,E1,E2,E3,195.094000,685.010000,OK,100,30,4
20260901-181802,comparison-2,8,adjacent,REV,E1,E12,E2,E3,-176.250000,673.838000,OK,100,30,4
20260901-181802,comparison-2,8,adjacent,FWD,E12,E1,E3,E4,22.094000,700.970000,OK,100,30,4
20260901-181802,comparison-2,8,adjacent,REV,E1,E12,E3,E4,-22.656000,663.624000,OK,100,30,4
20260901-181802,comparison-2,8,adjacent,FWD,E12,E1,E4,E5,-22.437000,705.758000,OK,100,30,4
20260901-181802,comparison-2,8,adjacent,REV,E1,E12,E4,E5,-4.344000,660.432000,OK,100,30,4
20260901-181802,comparison-2,8,adjacent,FWD,E12,E1,E5,E6,-11.844000,703.205000,OK,100,30,4
20260901-181802,comparison-2,8,adjacent,REV,E1,E12,E5,E6,-0.906000,657.240000,OK,100,30,4
20260901-181802,comparison-2,8,adjacent,FWD,E12,E1,E6,E7,-1.781000,702.566000,OK,100,30,4
20260901-181802,comparison-2,8,adjacent,REV,E1,E12,E6,E7,1.344000,659.474000,OK,100,30,4
20260901-181802,comparison-2,8,adjacent,FWD,E12,E1,E7,E8,-2.875000,703.205000,OK,100,30,4
20260901-181802,comparison-2,8,adjacent,REV,E1,E12,E7,E8,1.375000,657.878000,OK,100,30,4
20260901-181802,comparison-2,8,adjacent,FWD,E12,E1,E8,E9,-6.687000,706.078000,OK,100,30,4
20260901-181802,comparison-2,8,adjacent,REV,E1,E12,E8,E9,-0.594000,658.836000,OK,100,30,4
20260901-181802,comparison-2,8,adjacent,FWD,E12,E1,E9,E10,17.937000,707.035000,OK,100,30,4
20260901-181802,comparison-2,8,adjacent,REV,E1,E12,E9,E10,31.812000,658.197000,OK,100,30,4
20260901-181802,comparison-2,8,adjacent,FWD,E12,E1,E10,E11,-17.687000,704.162000,OK,100,30,4
20260901-181802,comparison-2,8,adjacent,REV,E1,E12,E10,E11,-31.469000,655.005000,OK,100,30,4
20260901-181802,comparison-3,9,adjacent,FWD,E1,E2,E3,E4,216.750000,654.686000,OK,100,30,4
20260901-181802,comparison-3,9,adjacent,REV,E2,E1,E3,E4,-211.062000,682.457000,OK,100,30,4
20260901-181802,comparison-3,9,adjacent,FWD,E1,E2,E4,E5,-29.312000,665.220000,OK,100,30,4
20260901-181802,comparison-3,9,adjacent,REV,E2,E1,E4,E5,2.969000,678.307000,OK,100,30,4
20260901-181802,comparison-3,9,adjacent,FWD,E1,E2,E5,E6,-13.438000,669.050000,OK,100,30,4
20260901-181802,comparison-3,9,adjacent,REV,E2,E1,E5,E6,1.250000,676.392000,OK,100,30,4
20260901-181802,comparison-3,9,adjacent,FWD,E1,E2,E6,E7,-2.438000,670.646000,OK,100,30,4
20260901-181802,comparison-3,9,adjacent,REV,E2,E1,E6,E7,1.969000,674.796000,OK,100,30,4
20260901-181802,comparison-3,9,adjacent,FWD,E1,E2,E7,E8,-2.969000,670.327000,OK,100,30,4
20260901-181802,comparison-3,9,adjacent,REV,E2,E1,E7,E8,1.656000,676.073000,OK,100,30,4
20260901-181802,comparison-3,9,adjacent,FWD,E1,E2,E8,E9,-6.500000,669.369000,OK,100,30,4
20260901-181802,comparison-3,9,adjacent,REV,E2,E1,E8,E9,-1.219000,673.200000,OK,100,30,4
20260901-181802,comparison-3,9,adjacent,FWD,E1,E2,E9,E10,20.687000,670.965000,OK,100,30,4
20260901-181802,comparison-3,9,adjacent,REV,E2,E1,E9,E10,30.250000,676.392000,OK,100,30,4
20260901-181802,comparison-3,9,adjacent,FWD,E1,E2,E10,E11,-20.344000,671.284000,OK,100,30,4
20260901-181802,comparison-3,9,adjacent,REV,E2,E1,E10,E11,-29.875000,674.157000,OK,100,30,4
20260901-181802,comparison-3,9,adjacent,FWD,E1,E2,E11,E12,21.562000,671.923000,OK,100,30,4
20260901-181802,comparison-3,9,adjacent,REV,E2,E1,E11,E12,-4.000000,675.434000,OK,100,30,4
20260901-181802,comparison-3,9,adjacent,FWD,E2,E3,E4,E5,-43.719000,605.529000,OK,100,30,4
20260901-181802,comparison-3,9,adjacent,REV,E3,E2,E4,E5,18.906000,643.833000,OK,100,30,4
20260901-181802,comparison-3,9,adjacent,FWD,E2,E3,E5,E6,-16.750000,620.850000,OK,100,30,4
20260901-181802,comparison-3,9,adjacent,REV,E3,E2,E5,E6,4.562000,636.491000,OK,100,30,4
20260901-181802,comparison-3,9,adjacent,FWD,E2,E3,E6,E7,-3.281000,625.000000,OK,100,30,4
20260901-181802,comparison-3,9,adjacent,REV,E3,E2,E6,E7,2.938000,634.576000,OK,100,30,4
20260901-181802,comparison-3,9,adjacent,FWD,E2,E3,E7,E8,-3.250000,627.234000,OK,100,30,4
20260901-181802,comparison-3,9,adjacent,REV,E3,E2,E7,E8,2.000000,633.938000,OK,100,30,4
20260901-181802,comparison-3,9,adjacent,FWD,E2,E3,E8,E9,-6.406000,627.554000,OK,100,30,4
20260901-181802,comparison-3,9,adjacent,REV,E3,E2,E8,E9,-1.687000,637.130000,OK,100,30,4
20260901-181802,comparison-3,9,adjacent,FWD,E2,E3,E9,E10,22.312000,628.192000,OK,100,30,4
20260901-181802,comparison-3,9,adjacent,REV,E3,E2,E9,E10,28.937000,634.895000,OK,100,30,4
20260901-181802,comparison-3,9,adjacent,FWD,E2,E3,E10,E11,-21.937000,628.192000,OK,100,30,4
20260901-181802,comparison-3,9,adjacent,REV,E3,E2,E10,E11,-28.594000,636.172000,OK,100,30,4
20260901-181802,comparison-3,9,adjacent,FWD,E2,E3,E11,E12,15.813000,628.192000,OK,100,30,4
20260901-181802,comparison-3,9,adjacent,REV,E3,E2,E11,E12,2.094000,633.618000,OK,100,30,4
20260901-181802,comparison-3,9,adjacent,FWD,E2,E3,E12,E1,-53.781000,627.554000,OK,100,30,4
20260901-181802,comparison-3,9,adjacent,REV,E3,E2,E12,E1,-12.781000,630.426000,OK,100,30,4
20260901-181802,comparison-3,9,adjacent,FWD,E3,E4,E1,E2,-13.750000,667.135000,OK,100,30,4
20260901-181802,comparison-3,9,adjacent,REV,E4,E3,E1,E2,24.969000,765.769000,OK,100,30,4
20260901-181802,comparison-3,9,adjacent,FWD,E3,E4,E5,E6,-24.469000,683.733000,OK,100,30,4
20260901-181802,comparison-3,9,adjacent,REV,E4,E3,E5,E6,14.188000,754.597000,OK,100,30,4
20260901-181802,comparison-3,9,adjacent,FWD,E3,E4,E6,E7,-5.250000,691.713000,OK,100,30,4
20260901-181802,comparison-3,9,adjacent,REV,E4,E3,E6,E7,5.375000,753.000000,OK,100,30,4
20260901-181802,comparison-3,9,adjacent,FWD,E3,E4,E7,E8,-4.156000,695.225000,OK,100,30,4
20260901-181802,comparison-3,9,adjacent,REV,E4,E3,E7,E8,3.125000,752.362000,OK,100,30,4
20260901-181802,comparison-3,9,adjacent,FWD,E3,E4,E8,E9,-6.750000,696.501000,OK,100,30,4
20260901-181802,comparison-3,9,adjacent,REV,E4,E3,E8,E9,-1.469000,750.128000,OK,100,30,4
20260901-181802,comparison-3,9,adjacent,FWD,E3,E4,E9,E10,23.000000,700.332000,OK,100,30,4
20260901-181802,comparison-3,9,adjacent,REV,E4,E3,E9,E10,28.687000,747.255000,OK,100,30,4
20260901-181802,comparison-3,9,adjacent,FWD,E3,E4,E10,E11,-22.625000,696.501000,OK,100,30,4
20260901-181802,comparison-3,9,adjacent,REV,E4,E3,E10,E11,-28.344000,745.020000,OK,100,30,4
20260901-181802,comparison-3,9,adjacent,FWD,E3,E4,E11,E12,13.438000,698.736000,OK,100,30,4
20260901-181802,comparison-3,9,adjacent,REV,E4,E3,E11,E12,4.656000,745.340000,OK,100,30,4
20260901-181802,comparison-3,9,adjacent,FWD,E3,E4,E12,E1,-42.500000,698.417000,OK,100,30,4
20260901-181802,comparison-3,9,adjacent,REV,E4,E3,E12,E1,-25.250000,745.340000,OK,100,30,4
20260901-181802,comparison-3,9,adjacent,FWD,E4,E5,E1,E2,-14.219000,798.966000,OK,100,30,4
20260901-181802,comparison-3,9,adjacent,REV,E5,E4,E1,E2,11.531000,843.016000,OK,100,30,4
20260901-181802,comparison-3,9,adjacent,FWD,E4,E5,E2,E3,15.031000,824.502000,OK,100,30,4
20260901-181802,comparison-3,9,adjacent,REV,E5,E4,E2,E3,-11.000000,836.313000,OK,100,30,4
20260901-181802,comparison-3,9,adjacent,FWD,E4,E5,E6,E7,-19.219000,828.971000,OK,100,30,4
20260901-181802,comparison-3,9,adjacent,REV,E5,E4,E6,E7,18.719000,835.674000,OK,100,30,4
20260901-181802,comparison-3,9,adjacent,FWD,E4,E5,E7,E8,-11.313000,829.928000,OK,100,30,4
20260901-181802,comparison-3,9,adjacent,REV,E5,E4,E7,E8,9.844000,833.121000,OK,100,30,4
20260901-181802,comparison-3,9,adjacent,FWD,E4,E5,E8,E9,-10.500000,831.205000,OK,100,30,4
20260901-181802,comparison-3,9,adjacent,REV,E5,E4,E8,E9,1.844000,831.205000,OK,100,30,4
20260901-181802,comparison-3,9,adjacent,FWD,E4,E5,E9,E10,20.625000,832.482000,OK,100,30,4
20260901-181802,comparison-3,9,adjacent,REV,E5,E4,E9,E10,31.000000,829.928000,OK,100,30,4
20260901-181802,comparison-3,9,adjacent,FWD,E4,E5,E10,E11,-20.250000,832.482000,OK,100,30,4
20260901-181802,comparison-3,9,adjacent,REV,E5,E4,E10,E11,-30.594000,829.290000,OK,100,30,4
20260901-181802,comparison-3,9,adjacent,FWD,E4,E5,E11,E12,15.000000,832.801000,OK,100,30,4
20260901-181802,comparison-3,9,adjacent,REV,E5,E4,E11,E12,3.406000,831.205000,OK,100,30,4
20260901-181802,comparison-3,9,adjacent,FWD,E4,E5,E12,E1,-41.188000,835.355000,OK,100,30,4
20260901-181802,comparison-3,9,adjacent,REV,E5,E4,E12,E1,-27.969000,830.567000,OK,100,30,4
20260901-181802,comparison-3,9,adjacent,FWD,E5,E6,E1,E2,-5.281000,814.607000,OK,100,30,4
20260901-181802,comparison-3,9,adjacent,REV,E6,E5,E1,E2,2.688000,866.318000,OK,100,30,4
20260901-181802,comparison-3,9,adjacent,FWD,E5,E6,E2,E3,5.875000,838.228000,OK,100,30,4
20260901-181802,comparison-3,9,adjacent,REV,E6,E5,E2,E3,-1.844000,853.550000,OK,100,30,4
20260901-181802,comparison-3,9,adjacent,FWD,E5,E6,E3,E4,4.281000,841.101000,OK,100,30,4
20260901-181802,comparison-3,9,adjacent,REV,E6,E5,E3,E4,-9.313000,849.081000,OK,100,30,4
20260901-181802,comparison-3,9,adjacent,FWD,E5,E6,E7,E8,-15.969000,845.250000,OK,100,30,4
20260901-181802,comparison-3,9,adjacent,REV,E6,E5,E7,E8,14.813000,849.719000,OK,100,30,4
20260901-181802,comparison-3,9,adjacent,FWD,E5,E6,E8,E9,-11.125000,844.612000,OK,100,30,4
20260901-181802,comparison-3,9,adjacent,REV,E6,E5,E8,E9,2.406000,847.165000,OK,100,30,4
20260901-181802,comparison-3,9,adjacent,FWD,E5,E6,E9,E10,21.312000,846.208000,OK,100,30,4
20260901-181802,comparison-3,9,adjacent,REV,E6,E5,E9,E10,30.281000,847.485000,OK,100,30,4
20260901-181802,comparison-3,9,adjacent,FWD,E5,E6,E10,E11,-21.125000,846.846000,OK,100,30,4
20260901-181802,comparison-3,9,adjacent,REV,E6,E5,E10,E11,-30.062000,846.208000,OK,100,30,4
20260901-181802,comparison-3,9,adjacent,FWD,E5,E6,E11,E12,12.813000,847.485000,OK,100,30,4
20260901-181802,comparison-3,9,adjacent,REV,E6,E5,E11,E12,5.531000,847.485000,OK,100,30,4
20260901-181802,comparison-3,9,adjacent,FWD,E5,E6,E12,E1,-36.938000,849.400000,OK,100,30,4
20260901-181802,comparison-3,9,adjacent,REV,E6,E5,E12,E1,-32.656000,845.569000,OK,100,30,4
20260901-181802,comparison-3,9,adjacent,FWD,E6,E7,E1,E2,-4.094000,777.898000,OK,100,30,4
20260901-181802,comparison-3,9,adjacent,REV,E7,E6,E1,E2,1.031000,828.971000,OK,100,30,4
20260901-181802,comparison-3,9,adjacent,FWD,E6,E7,E2,E3,4.687000,798.327000,OK,100,30,4
20260901-181802,comparison-3,9,adjacent,REV,E7,E6,E2,E3,-0.375000,820.991000,OK,100,30,4
20260901-181802,comparison-3,9,adjacent,FWD,E6,E7,E3,E4,2.219000,805.350000,OK,100,30,4
20260901-181802,comparison-3,9,adjacent,REV,E7,E6,E3,E4,-5.687000,815.564000,OK,100,30,4
20260901-181802,comparison-3,9,adjacent,FWD,E6,E7,E4,E5,212.250000,807.903000,OK,100,30,4
20260901-181802,comparison-3,9,adjacent,REV,E7,E6,E4,E5,-236.375000,817.480000,OK,100,30,4
20260901-181802,comparison-3,9,adjacent,FWD,E6,E7,E8,E9,-18.875000,811.734000,OK,100,30,4
20260901-181802,comparison-3,9,adjacent,REV,E7,E6,E8,E9,9.781000,815.884000,OK,100,30,4
20260901-181802,comparison-3,9,adjacent,FWD,E6,E7,E9,E10,18.312000,810.457000,OK,100,30,4
20260901-181802,comparison-3,9,adjacent,REV,E7,E6,E9,E10,33.781000,814.288000,OK,100,30,4
20260901-181802,comparison-3,9,adjacent,FWD,E6,E7,E10,E11,-18.000000,812.372000,OK,100,30,4
20260901-181802,comparison-3,9,adjacent,REV,E7,E6,E10,E11,-33.406000,813.330000,OK,100,30,4
20260901-181802,comparison-3,9,adjacent,FWD,E6,E7,E11,E12,14.500000,811.415000,OK,100,30,4
20260901-181802,comparison-3,9,adjacent,REV,E7,E6,E11,E12,4.000000,811.734000,OK,100,30,4
20260901-181802,comparison-3,9,adjacent,FWD,E6,E7,E12,E1,-36.906000,811.415000,OK,100,30,4
20260901-181802,comparison-3,9,adjacent,REV,E7,E6,E12,E1,-33.063000,813.330000,OK,100,30,4
20260901-181802,comparison-3,9,adjacent,FWD,E7,E8,E1,E2,-4.219000,730.018000,OK,100,30,4
20260901-181802,comparison-3,9,adjacent,REV,E8,E7,E1,E2,1.094000,786.517000,OK,100,30,4
20260901-181802,comparison-3,9,adjacent,FWD,E7,E8,E2,E3,4.812000,752.362000,OK,100,30,4
20260901-181802,comparison-3,9,adjacent,REV,E8,E7,E2,E3,-0.531000,778.218000,OK,100,30,4
20260901-181802,comparison-3,9,adjacent,FWD,E7,E8,E3,E4,1.812000,759.065000,OK,100,30,4
20260901-181802,comparison-3,9,adjacent,REV,E8,E7,E3,E4,-4.625000,775.345000,OK,100,30,4
20260901-181802,comparison-3,9,adjacent,FWD,E7,E8,E4,E5,-208.875000,761.619000,OK,100,30,4
20260901-181802,comparison-3,9,adjacent,REV,E8,E7,E4,E5,178.875000,772.791000,OK,100,30,4
20260901-181802,comparison-3,9,adjacent,FWD,E7,E8,E5,E6,262.875000,763.215000,OK,100,30,4
20260901-181802,comparison-3,9,adjacent,REV,E8,E7,E5,E6,-274.500000,773.430000,OK,100,30,4
20260901-181802,comparison-3,9,adjacent,FWD,E7,E8,E9,E10,5.781000,763.215000,OK,100,30,4
20260901-181802,comparison-3,9,adjacent,REV,E8,E7,E9,E10,46.438000,769.280000,OK,100,30,4
20260901-181802,comparison-3,9,adjacent,FWD,E7,E8,E10,E11,-5.500000,761.619000,OK,100,30,4
20260901-181802,comparison-3,9,adjacent,REV,E8,E7,E10,E11,-46.156000,770.557000,OK,100,30,4
20260901-181802,comparison-3,9,adjacent,FWD,E7,E8,E11,E12,20.344000,764.173000,OK,100,30,4
20260901-181802,comparison-3,9,adjacent,REV,E8,E7,E11,E12,-2.094000,768.641000,OK,100,30,4
20260901-181802,comparison-3,9,adjacent,FWD,E7,E8,E12,E1,-37.406000,762.577000,OK,100,30,4
20260901-181802,comparison-3,9,adjacent,REV,E8,E7,E12,E1,-32.813000,768.961000,OK,100,30,4
20260901-181802,comparison-3,9,adjacent,FWD,E8,E9,E1,E2,-4.000000,617.020000,OK,100,30,4
20260901-181802,comparison-3,9,adjacent,REV,E9,E8,E1,E2,0.812000,662.666000,OK,100,30,4
20260901-181802,comparison-3,9,adjacent,FWD,E8,E9,E2,E3,4.562000,640.003000,OK,100,30,4
20260901-181802,comparison-3,9,adjacent,REV,E9,E8,E2,E3,-0.406000,653.728000,OK,100,30,4
20260901-181802,comparison-3,9,adjacent,FWD,E8,E9,E3,E4,1.125000,643.514000,OK,100,30,4
20260901-181802,comparison-3,9,adjacent,REV,E9,E8,E3,E4,-3.625000,650.855000,OK,100,30,4
20260901-181802,comparison-3,9,adjacent,FWD,E8,E9,E4,E5,-32.531000,645.748000,OK,100,30,4
20260901-181802,comparison-3,9,adjacent,REV,E9,E8,E4,E5,10.281000,649.898000,OK,100,30,4
20260901-181802,comparison-3,9,adjacent,FWD,E8,E9,E5,E6,-203.000000,644.791000,OK,100,30,4
20260901-181802,comparison-3,9,adjacent,REV,E9,E8,E5,E6,184.469000,649.259000,OK,100,30,4
20260901-181802,comparison-3,9,adjacent,FWD,E8,E9,E6,E7,-10.906000,647.663000,OK,100,30,4
20260901-181802,comparison-3,9,adjacent,REV,E9,E8,E6,E7,11.656000,648.940000,OK,100,30,4
20260901-181802,comparison-3,9,adjacent,FWD,E8,E9,E10,E11,225.000000,646.706000,OK,100,30,4
20260901-181802,comparison-3,9,adjacent,REV,E9,E8,E10,E11,-272.750000,649.259000,OK,100,30,4
20260901-181802,comparison-3,9,adjacent,FWD,E8,E9,E11,E12,34.938000,648.621000,OK,100,30,4
20260901-181802,comparison-3,9,adjacent,REV,E9,E8,E11,E12,-15.250000,651.813000,OK,100,30,4
20260901-181802,comparison-3,9,adjacent,FWD,E8,E9,E12,E1,-38.188000,649.259000,OK,100,30,4
20260901-181802,comparison-3,9,adjacent,REV,E9,E8,E12,E1,-32.375000,650.217000,OK,100,30,4
20260901-181802,comparison-3,9,adjacent,FWD,E9,E10,E1,E2,-5.750000,556.052000,OK,100,30,4
20260901-181802,comparison-3,9,adjacent,REV,E10,E9,E1,E2,3.125000,667.135000,OK,100,30,4
20260901-181802,comparison-3,9,adjacent,FWD,E9,E10,E2,E3,6.344000,583.823000,OK,100,30,4
20260901-181802,comparison-3,9,adjacent,REV,E10,E9,E2,E3,-2.563000,656.920000,OK,100,30,4
20260901-181802,comparison-3,9,adjacent,FWD,E9,E10,E3,E4,2.000000,589.568000,OK,100,30,4
20260901-181802,comparison-3,9,adjacent,REV,E10,E9,E3,E4,-4.469000,654.367000,OK,100,30,4
20260901-181802,comparison-3,9,adjacent,FWD,E9,E10,E4,E5,-25.125000,593.399000,OK,100,30,4
20260901-181802,comparison-3,9,adjacent,REV,E10,E9,E4,E5,0.875000,653.728000,OK,100,30,4
20260901-181802,comparison-3,9,adjacent,FWD,E9,E10,E5,E6,-29.750000,594.995000,OK,100,30,4
20260901-181802,comparison-3,9,adjacent,REV,E10,E9,E5,E6,20.969000,652.451000,OK,100,30,4
20260901-181802,comparison-3,9,adjacent,FWD,E9,E10,E6,E7,-5.781000,597.868000,OK,100,30,4
20260901-181802,comparison-3,9,adjacent,REV,E10,E9,E6,E7,5.844000,653.090000,OK,100,30,4
20260901-181802,comparison-3,9,adjacent,FWD,E9,E10,E7,E8,-16.125000,596.910000,OK,100,30,4
20260901-181802,comparison-3,9,adjacent,REV,E10,E9,E7,E8,16.625000,650.855000,OK,100,30,4
20260901-181802,comparison-3,9,adjacent,FWD,E9,E10,E11,E12,203.594000,597.868000,OK,100,30,4
20260901-181802,comparison-3,9,adjacent,REV,E10,E9,E11,E12,-194.375000,651.175000,OK,100,30,4
20260901-181802,comparison-3,9,adjacent,FWD,E9,E10,E12,E1,-41.375000,598.187000,OK,100,30,4
20260901-181802,comparison-3,9,adjacent,REV,E10,E9,E12,E1,-29.125000,648.302000,OK,100,30,4
20260901-181802,comparison-3,9,adjacent,FWD,E10,E11,E1,E2,-12.281000,583.504000,OK,100,30,4
20260901-181802,comparison-3,9,adjacent,REV,E11,E10,E1,E2,9.563000,623.085000,OK,100,30,4
20260901-181802,comparison-3,9,adjacent,FWD,E10,E11,E2,E3,13.031000,604.890000,OK,100,30,4
20260901-181802,comparison-3,9,adjacent,REV,E11,E10,E2,E3,-8.875000,609.359000,OK,100,30,4
20260901-181802,comparison-3,9,adjacent,FWD,E10,E11,E3,E4,5.437000,609.359000,OK,100,30,4
20260901-181802,comparison-3,9,adjacent,REV,E11,E10,E3,E4,-7.344000,607.125000,OK,100,30,4
20260901-181802,comparison-3,9,adjacent,FWD,E10,E11,E4,E5,-23.562000,614.147000,OK,100,30,4
20260901-181802,comparison-3,9,adjacent,REV,E11,E10,E4,E5,-2.250000,607.125000,OK,100,30,4
20260901-181802,comparison-3,9,adjacent,FWD,E10,E11,E5,E6,-20.969000,612.232000,OK,100,30,4
20260901-181802,comparison-3,9,adjacent,REV,E11,E10,E5,E6,8.875000,605.848000,OK,100,30,4
20260901-181802,comparison-3,9,adjacent,FWD,E10,E11,E6,E7,-4.031000,612.551000,OK,100,30,4
20260901-181802,comparison-3,9,adjacent,REV,E11,E10,E6,E7,3.531000,607.125000,OK,100,30,4
20260901-181802,comparison-3,9,adjacent,FWD,E10,E11,E7,E8,-9.313000,612.551000,OK,100,30,4
20260901-181802,comparison-3,9,adjacent,REV,E11,E10,E7,E8,7.969000,604.252000,OK,100,30,4
20260901-181802,comparison-3,9,adjacent,FWD,E10,E11,E8,E9,-24.187000,611.593000,OK,100,30,4
20260901-181802,comparison-3,9,adjacent,REV,E11,E10,E8,E9,21.875000,606.486000,OK,100,30,4
20260901-181802,comparison-3,9,adjacent,FWD,E10,E11,E12,E1,-57.906000,614.147000,OK,100,30,4
20260901-181802,comparison-3,9,adjacent,REV,E11,E10,E12,E1,-13.406000,605.529000,OK,100,30,4
20260901-181802,comparison-3,9,adjacent,FWD,E11,E12,E1,E2,-24.312000,599.464000,OK,100,30,4
20260901-181802,comparison-3,9,adjacent,REV,E12,E11,E1,E2,22.812000,663.304000,OK,100,30,4
20260901-181802,comparison-3,9,adjacent,FWD,E11,E12,E2,E3,24.969000,630.426000,OK,100,30,4
20260901-181802,comparison-3,9,adjacent,REV,E12,E11,E2,E3,-22.219000,658.836000,OK,100,30,4
20260901-181802,comparison-3,9,adjacent,FWD,E11,E12,E3,E4,9.938000,634.895000,OK,100,30,4
20260901-181802,comparison-3,9,adjacent,REV,E12,E11,E3,E4,-12.188000,655.324000,OK,100,30,4
20260901-181802,comparison-3,9,adjacent,FWD,E11,E12,E4,E5,-20.531000,639.364000,OK,100,30,4
20260901-181802,comparison-3,9,adjacent,REV,E12,E11,E4,E5,-5.281000,654.367000,OK,100,30,4
20260901-181802,comparison-3,9,adjacent,FWD,E11,E12,E5,E6,-12.813000,638.406000,OK,100,30,4
20260901-181802,comparison-3,9,adjacent,REV,E12,E11,E5,E6,0.781000,654.047000,OK,100,30,4
20260901-181802,comparison-3,9,adjacent,FWD,E11,E12,E6,E7,-2.094000,640.322000,OK,100,30,4
20260901-181802,comparison-3,9,adjacent,REV,E12,E11,E6,E7,1.687000,651.494000,OK,100,30,4
20260901-181802,comparison-3,9,adjacent,FWD,E11,E12,E7,E8,-3.906000,641.599000,OK,100,30,4
20260901-181802,comparison-3,9,adjacent,REV,E12,E11,E7,E8,2.656000,650.217000,OK,100,30,4
20260901-181802,comparison-3,9,adjacent,FWD,E11,E12,E8,E9,-8.563000,640.322000,OK,100,30,4
20260901-181802,comparison-3,9,adjacent,REV,E12,E11,E8,E9,3.656000,652.132000,OK,100,30,4
20260901-181802,comparison-3,9,adjacent,FWD,E11,E12,E9,E10,5.687000,644.791000,OK,100,30,4
20260901-181802,comparison-3,9,adjacent,REV,E12,E11,E9,E10,42.531000,654.686000,OK,100,30,4
20260901-181802,comparison-3,9,adjacent,FWD,E12,E1,E2,E3,195.250000,682.457000,OK,100,30,4
20260901-181802,comparison-3,9,adjacent,REV,E1,E12,E2,E3,-176.187000,671.604000,OK,100,30,4
20260901-181802,comparison-3,9,adjacent,FWD,E12,E1,E3,E4,22.031000,700.013000,OK,100,30,4
20260901-181802,comparison-3,9,adjacent,REV,E1,E12,E3,E4,-22.375000,662.347000,OK,100,30,4
20260901-181802,comparison-3,9,adjacent,FWD,E12,E1,E4,E5,-22.312000,701.609000,OK,100,30,4
20260901-181802,comparison-3,9,adjacent,REV,E1,E12,E4,E5,-4.469000,658.516000,OK,100,30,4
20260901-181802,comparison-3,9,adjacent,FWD,E12,E1,E5,E6,-11.938000,703.524000,OK,100,30,4
20260901-181802,comparison-3,9,adjacent,REV,E1,E12,E5,E6,-0.875000,655.963000,OK,100,30,4
20260901-181802,comparison-3,9,adjacent,FWD,E12,E1,E6,E7,-1.812000,703.524000,OK,100,30,4
20260901-181802,comparison-3,9,adjacent,REV,E1,E12,E6,E7,1.250000,655.324000,OK,100,30,4
20260901-181802,comparison-3,9,adjacent,FWD,E12,E1,E7,E8,-2.844000,703.843000,OK,100,30,4
20260901-181802,comparison-3,9,adjacent,REV,E1,E12,E7,E8,1.375000,656.601000,OK,100,30,4
20260901-181802,comparison-3,9,adjacent,FWD,E12,E1,E8,E9,-6.344000,704.162000,OK,100,30,4
20260901-181802,comparison-3,9,adjacent,REV,E1,E12,E8,E9,-0.250000,655.005000,OK,100,30,4
20260901-181802,comparison-3,9,adjacent,FWD,E12,E1,E9,E10,17.250000,704.162000,OK,100,30,4
20260901-181802,comparison-3,9,adjacent,REV,E1,E12,E9,E10,31.000000,655.963000,OK,100,30,4
20260901-181802,comparison-3,9,adjacent,FWD,E12,E1,E10,E11,-16.906000,703.524000,OK,100,30,4
20260901-181802,comparison-3,9,adjacent,REV,E1,E12,E10,E11,-30.625000,655.643000,OK,100,30,4
20260901-181802,comparison-4,10,adjacent,FWD,E1,E2,E3,E4,216.500000,654.686000,OK,100,30,4
20260901-181802,comparison-4,10,adjacent,REV,E2,E1,E3,E4,-211.375000,681.180000,OK,100,30,4
20260901-181802,comparison-4,10,adjacent,FWD,E1,E2,E4,E5,-29.156000,665.539000,OK,100,30,4
20260901-181802,comparison-4,10,adjacent,REV,E2,E1,E4,E5,3.063000,677.030000,OK,100,30,4
20260901-181802,comparison-4,10,adjacent,FWD,E1,E2,E5,E6,-13.563000,669.369000,OK,100,30,4
20260901-181802,comparison-4,10,adjacent,REV,E2,E1,E5,E6,1.156000,676.392000,OK,100,30,4
20260901-181802,comparison-4,10,adjacent,FWD,E1,E2,E6,E7,-2.438000,669.050000,OK,100,30,4
20260901-181802,comparison-4,10,adjacent,REV,E2,E1,E6,E7,1.875000,674.157000,OK,100,30,4
20260901-181802,comparison-4,10,adjacent,FWD,E1,E2,E7,E8,-3.000000,670.008000,OK,100,30,4
20260901-181802,comparison-4,10,adjacent,REV,E2,E1,E7,E8,1.656000,674.796000,OK,100,30,4
20260901-181802,comparison-4,10,adjacent,FWD,E1,E2,E8,E9,-6.187000,670.327000,OK,100,30,4
20260901-181802,comparison-4,10,adjacent,REV,E2,E1,E8,E9,-0.875000,673.200000,OK,100,30,4
20260901-181802,comparison-4,10,adjacent,FWD,E1,E2,E9,E10,19.906000,670.965000,OK,100,30,4
20260901-181802,comparison-4,10,adjacent,REV,E2,E1,E9,E10,29.500000,673.200000,OK,100,30,4
20260901-181802,comparison-4,10,adjacent,FWD,E1,E2,E10,E11,-19.562000,673.519000,OK,100,30,4
20260901-181802,comparison-4,10,adjacent,REV,E2,E1,E10,E11,-29.094000,675.115000,OK,100,30,4
20260901-181802,comparison-4,10,adjacent,FWD,E1,E2,E11,E12,21.125000,671.604000,OK,100,30,4
20260901-181802,comparison-4,10,adjacent,REV,E2,E1,E11,E12,-4.312000,675.115000,OK,100,30,4
20260901-181802,comparison-4,10,adjacent,FWD,E2,E3,E4,E5,-43.969000,605.209000,OK,100,30,4
20260901-181802,comparison-4,10,adjacent,REV,E3,E2,E4,E5,18.875000,645.429000,OK,100,30,4
20260901-181802,comparison-4,10,adjacent,FWD,E2,E3,E5,E6,-16.687000,620.850000,OK,100,30,4
20260901-181802,comparison-4,10,adjacent,REV,E3,E2,E5,E6,4.469000,638.087000,OK,100,30,4
20260901-181802,comparison-4,10,adjacent,FWD,E2,E3,E6,E7,-3.375000,623.723000,OK,100,30,4
20260901-181802,comparison-4,10,adjacent,REV,E3,E2,E6,E7,2.813000,636.810000,OK,100,30,4
20260901-181802,comparison-4,10,adjacent,FWD,E2,E3,E7,E8,-3.313000,627.554000,OK,100,30,4
20260901-181802,comparison-4,10,adjacent,REV,E3,E2,E7,E8,2.000000,637.130000,OK,100,30,4
20260901-181802,comparison-4,10,adjacent,FWD,E2,E3,E8,E9,-6.125000,625.319000,OK,100,30,4
20260901-181802,comparison-4,10,adjacent,REV,E3,E2,E8,E9,-1.375000,635.853000,OK,100,30,4
20260901-181802,comparison-4,10,adjacent,FWD,E2,E3,E9,E10,21.594000,629.788000,OK,100,30,4
20260901-181802,comparison-4,10,adjacent,REV,E3,E2,E9,E10,28.250000,636.172000,OK,100,30,4
20260901-181802,comparison-4,10,adjacent,FWD,E2,E3,E10,E11,-21.281000,627.873000,OK,100,30,4
20260901-181802,comparison-4,10,adjacent,REV,E3,E2,E10,E11,-27.906000,633.938000,OK,100,30,4
20260901-181802,comparison-4,10,adjacent,FWD,E2,E3,E11,E12,15.438000,629.469000,OK,100,30,4
20260901-181802,comparison-4,10,adjacent,REV,E3,E2,E11,E12,1.656000,633.299000,OK,100,30,4
20260901-181802,comparison-4,10,adjacent,FWD,E2,E3,E12,E1,-53.719000,627.873000,OK,100,30,4
20260901-181802,comparison-4,10,adjacent,REV,E3,E2,E12,E1,-12.531000,632.342000,OK,100,30,4
20260901-181802,comparison-4,10,adjacent,FWD,E3,E4,E1,E2,-13.500000,664.900000,OK,100,30,4
20260901-181802,comparison-4,10,adjacent,REV,E4,E3,E1,E2,24.937000,764.811000,OK,100,30,4
20260901-181802,comparison-4,10,adjacent,FWD,E3,E4,E5,E6,-24.656000,685.968000,OK,100,30,4
20260901-181802,comparison-4,10,adjacent,REV,E4,E3,E5,E6,14.375000,754.916000,OK,100,30,4
20260901-181802,comparison-4,10,adjacent,FWD,E3,E4,E6,E7,-5.344000,691.713000,OK,100,30,4
20260901-181802,comparison-4,10,adjacent,REV,E4,E3,E6,E7,5.187000,753.000000,OK,100,30,4
20260901-181802,comparison-4,10,adjacent,FWD,E3,E4,E7,E8,-4.250000,696.182000,OK,100,30,4
20260901-181802,comparison-4,10,adjacent,REV,E4,E3,E7,E8,3.156000,751.404000,OK,100,30,4
20260901-181802,comparison-4,10,adjacent,FWD,E3,E4,E8,E9,-6.531000,698.098000,OK,100,30,4
20260901-181802,comparison-4,10,adjacent,REV,E4,E3,E8,E9,-1.187000,750.447000,OK,100,30,4
20260901-181802,comparison-4,10,adjacent,FWD,E3,E4,E9,E10,22.375000,699.374000,OK,100,30,4
20260901-181802,comparison-4,10,adjacent,REV,E4,E3,E9,E10,28.031000,748.532000,OK,100,30,4
20260901-181802,comparison-4,10,adjacent,FWD,E3,E4,E10,E11,-22.000000,697.140000,OK,100,30,4
20260901-181802,comparison-4,10,adjacent,REV,E4,E3,E10,E11,-27.719000,745.659000,OK,100,30,4
20260901-181802,comparison-4,10,adjacent,FWD,E3,E4,E11,E12,12.969000,697.778000,OK,100,30,4
20260901-181802,comparison-4,10,adjacent,REV,E4,E3,E11,E12,4.281000,746.616000,OK,100,30,4
20260901-181802,comparison-4,10,adjacent,FWD,E3,E4,E12,E1,-42.344000,700.013000,OK,100,30,4
20260901-181802,comparison-4,10,adjacent,REV,E4,E3,E12,E1,-25.187000,744.063000,OK,100,30,4
20260901-181802,comparison-4,10,adjacent,FWD,E4,E5,E1,E2,-14.125000,797.370000,OK,100,30,4
20260901-181802,comparison-4,10,adjacent,REV,E5,E4,E1,E2,11.594000,844.293000,OK,100,30,4
20260901-181802,comparison-4,10,adjacent,FWD,E4,E5,E2,E3,15.000000,824.183000,OK,100,30,4
20260901-181802,comparison-4,10,adjacent,REV,E5,E4,E2,E3,-10.906000,838.228000,OK,100,30,4
20260901-181802,comparison-4,10,adjacent,FWD,E4,E5,E6,E7,-19.406000,828.652000,OK,100,30,4
20260901-181802,comparison-4,10,adjacent,REV,E5,E4,E6,E7,18.656000,833.759000,OK,100,30,4
20260901-181802,comparison-4,10,adjacent,FWD,E4,E5,E7,E8,-11.219000,832.163000,OK,100,30,4
20260901-181802,comparison-4,10,adjacent,REV,E5,E4,E7,E8,9.781000,832.801000,OK,100,30,4
20260901-181802,comparison-4,10,adjacent,FWD,E4,E5,E8,E9,-10.313000,831.844000,OK,100,30,4
20260901-181802,comparison-4,10,adjacent,REV,E5,E4,E8,E9,2.063000,831.844000,OK,100,30,4
20260901-181802,comparison-4,10,adjacent,FWD,E4,E5,E9,E10,20.000000,832.482000,OK,100,30,4
20260901-181802,comparison-4,10,adjacent,REV,E5,E4,E9,E10,30.406000,830.567000,OK,100,30,4
20260901-181802,comparison-4,10,adjacent,FWD,E4,E5,E10,E11,-19.687000,834.078000,OK,100,30,4
20260901-181802,comparison-4,10,adjacent,REV,E5,E4,E10,E11,-29.937000,828.971000,OK,100,30,4
20260901-181802,comparison-4,10,adjacent,FWD,E4,E5,E11,E12,14.719000,832.801000,OK,100,30,4
20260901-181802,comparison-4,10,adjacent,REV,E5,E4,E11,E12,3.094000,828.971000,OK,100,30,4
20260901-181802,comparison-4,10,adjacent,FWD,E4,E5,E12,E1,-41.094000,837.270000,OK,100,30,4
20260901-181802,comparison-4,10,adjacent,REV,E5,E4,E12,E1,-27.906000,828.652000,OK,100,30,4
20260901-181802,comparison-4,10,adjacent,FWD,E5,E6,E1,E2,-5.281000,815.564000,OK,100,30,4
20260901-181802,comparison-4,10,adjacent,REV,E6,E5,E1,E2,2.406000,866.318000,OK,100,30,4
20260901-181802,comparison-4,10,adjacent,FWD,E5,E6,E2,E3,5.812000,836.313000,OK,100,30,4
20260901-181802,comparison-4,10,adjacent,REV,E6,E5,E2,E3,-1.781000,855.784000,OK,100,30,4
20260901-181802,comparison-4,10,adjacent,FWD,E5,E6,E3,E4,4.312000,840.781000,OK,100,30,4
20260901-181802,comparison-4,10,adjacent,REV,E6,E5,E3,E4,-9.375000,849.400000,OK,100,30,4
20260901-181802,comparison-4,10,adjacent,FWD,E5,E6,E7,E8,-16.031000,841.739000,OK,100,30,4
20260901-181802,comparison-4,10,adjacent,REV,E6,E5,E7,E8,14.656000,850.038000,OK,100,30,4
20260901-181802,comparison-4,10,adjacent,FWD,E5,E6,E8,E9,-10.906000,845.889000,OK,100,30,4
20260901-181802,comparison-4,10,adjacent,REV,E6,E5,E8,E9,2.563000,847.485000,OK,100,30,4
20260901-181802,comparison-4,10,adjacent,FWD,E5,E6,E9,E10,21.000000,846.527000,OK,100,30,4
20260901-181802,comparison-4,10,adjacent,REV,E6,E5,E9,E10,29.781000,848.442000,OK,100,30,4
20260901-181802,comparison-4,10,adjacent,FWD,E5,E6,E10,E11,-20.594000,846.846000,OK,100,30,4
20260901-181802,comparison-4,10,adjacent,REV,E6,E5,E10,E11,-29.469000,847.804000,OK,100,30,4
20260901-181802,comparison-4,10,adjacent,FWD,E5,E6,E11,E12,12.563000,847.485000,OK,100,30,4
20260901-181802,comparison-4,10,adjacent,REV,E6,E5,E11,E12,5.250000,846.846000,OK,100,30,4
20260901-181802,comparison-4,10,adjacent,FWD,E5,E6,E12,E1,-36.844000,847.485000,OK,100,30,4
20260901-181802,comparison-4,10,adjacent,REV,E6,E5,E12,E1,-32.563000,845.889000,OK,100,30,4
20260901-181802,comparison-4,10,adjacent,FWD,E6,E7,E1,E2,-4.156000,778.856000,OK,100,30,4
20260901-181802,comparison-4,10,adjacent,REV,E7,E6,E1,E2,0.906000,828.332000,OK,100,30,4
20260901-181802,comparison-4,10,adjacent,FWD,E6,E7,E2,E3,4.656000,800.562000,OK,100,30,4
20260901-181802,comparison-4,10,adjacent,REV,E7,E6,E2,E3,-0.437000,820.033000,OK,100,30,4
20260901-181802,comparison-4,10,adjacent,FWD,E6,E7,E3,E4,2.219000,805.988000,OK,100,30,4
20260901-181802,comparison-4,10,adjacent,REV,E7,E6,E3,E4,-5.656000,814.926000,OK,100,30,4
20260901-181802,comparison-4,10,adjacent,FWD,E6,E7,E4,E5,212.125000,807.265000,OK,100,30,4
20260901-181802,comparison-4,10,adjacent,REV,E7,E6,E4,E5,-236.062000,814.607000,OK,100,30,4
20260901-181802,comparison-4,10,adjacent,FWD,E6,E7,E8,E9,-18.500000,809.180000,OK,100,30,4
20260901-181802,comparison-4,10,adjacent,REV,E7,E6,E8,E9,10.156000,815.884000,OK,100,30,4
20260901-181802,comparison-4,10,adjacent,FWD,E6,E7,E9,E10,17.781000,810.138000,OK,100,30,4
20260901-181802,comparison-4,10,adjacent,REV,E7,E6,E9,E10,33.156000,812.053000,OK,100,30,4
20260901-181802,comparison-4,10,adjacent,FWD,E6,E7,E10,E11,-17.437000,810.776000,OK,100,30,4
20260901-181802,comparison-4,10,adjacent,REV,E7,E6,E10,E11,-32.719000,811.415000,OK,100,30,4
20260901-181802,comparison-4,10,adjacent,FWD,E6,E7,E11,E12,14.219000,809.819000,OK,100,30,4
20260901-181802,comparison-4,10,adjacent,REV,E7,E6,E11,E12,3.781000,810.776000,OK,100,30,4
20260901-181802,comparison-4,10,adjacent,FWD,E6,E7,E12,E1,-36.875000,811.095000,OK,100,30,4
20260901-181802,comparison-4,10,adjacent,REV,E7,E6,E12,E1,-32.969000,813.011000,OK,100,30,4
20260901-181802,comparison-4,10,adjacent,FWD,E7,E8,E1,E2,-4.312000,729.379000,OK,100,30,4
20260901-181802,comparison-4,10,adjacent,REV,E8,E7,E1,E2,1.062000,786.517000,OK,100,30,4
20260901-181802,comparison-4,10,adjacent,FWD,E7,E8,E2,E3,4.781000,752.043000,OK,100,30,4
20260901-181802,comparison-4,10,adjacent,REV,E8,E7,E2,E3,-0.625000,777.579000,OK,100,30,4
20260901-181802,comparison-4,10,adjacent,FWD,E7,E8,E3,E4,1.812000,756.831000,OK,100,30,4
20260901-181802,comparison-4,10,adjacent,REV,E8,E7,E3,E4,-4.625000,774.068000,OK,100,30,4
20260901-181802,comparison-4,10,adjacent,FWD,E7,E8,E4,E5,-208.812000,760.342000,OK,100,30,4
20260901-181802,comparison-4,10,adjacent,REV,E8,E7,E4,E5,179.000000,772.791000,OK,100,30,4
20260901-181802,comparison-4,10,adjacent,FWD,E7,E8,E5,E6,261.562000,761.938000,OK,100,30,4
20260901-181802,comparison-4,10,adjacent,REV,E8,E7,E5,E6,-273.750000,771.833000,OK,100,30,4
20260901-181802,comparison-4,10,adjacent,FWD,E7,E8,E9,E10,5.281000,763.215000,OK,100,30,4
20260901-181802,comparison-4,10,adjacent,REV,E8,E7,E9,E10,46.000000,771.195000,OK,100,30,4
20260901-181802,comparison-4,10,adjacent,FWD,E7,E8,E10,E11,-4.906000,761.300000,OK,100,30,4
20260901-181802,comparison-4,10,adjacent,REV,E8,E7,E10,E11,-45.719000,769.280000,OK,100,30,4
20260901-181802,comparison-4,10,adjacent,FWD,E7,E8,E11,E12,20.156000,762.896000,OK,100,30,4
20260901-181802,comparison-4,10,adjacent,REV,E8,E7,E11,E12,-2.281000,767.684000,OK,100,30,4
20260901-181802,comparison-4,10,adjacent,FWD,E7,E8,E12,E1,-37.313000,764.492000,OK,100,30,4
20260901-181802,comparison-4,10,adjacent,REV,E8,E7,E12,E1,-32.781000,769.280000,OK,100,30,4
20260901-181802,comparison-4,10,adjacent,FWD,E8,E9,E1,E2,-3.969000,619.574000,OK,100,30,4
20260901-181802,comparison-4,10,adjacent,REV,E9,E8,E1,E2,0.812000,661.389000,OK,100,30,4
20260901-181802,comparison-4,10,adjacent,FWD,E8,E9,E2,E3,4.500000,637.768000,OK,100,30,4
20260901-181802,comparison-4,10,adjacent,REV,E9,E8,E2,E3,-0.344000,653.090000,OK,100,30,4
20260901-181802,comparison-4,10,adjacent,FWD,E8,E9,E3,E4,1.156000,640.003000,OK,100,30,4
20260901-181802,comparison-4,10,adjacent,REV,E9,E8,E3,E4,-3.594000,652.132000,OK,100,30,4
20260901-181802,comparison-4,10,adjacent,FWD,E8,E9,E4,E5,-32.500000,641.918000,OK,100,30,4
20260901-181802,comparison-4,10,adjacent,REV,E9,E8,E4,E5,10.219000,650.217000,OK,100,30,4
20260901-181802,comparison-4,10,adjacent,FWD,E8,E9,E5,E6,-203.000000,644.791000,OK,100,30,4
20260901-181802,comparison-4,10,adjacent,REV,E9,E8,E5,E6,185.437000,650.855000,OK,100,30,4
20260901-181802,comparison-4,10,adjacent,FWD,E8,E9,E6,E7,-11.000000,647.663000,OK,100,30,4
20260901-181802,comparison-4,10,adjacent,REV,E9,E8,E6,E7,11.594000,649.898000,OK,100,30,4
20260901-181802,comparison-4,10,adjacent,FWD,E8,E9,E10,E11,225.250000,645.748000,OK,100,30,4
20260901-181802,comparison-4,10,adjacent,REV,E9,E8,E10,E11,-271.562000,648.621000,OK,100,30,4
20260901-181802,comparison-4,10,adjacent,FWD,E8,E9,E11,E12,34.719000,648.940000,OK,100,30,4
20260901-181802,comparison-4,10,adjacent,REV,E9,E8,E11,E12,-15.344000,649.898000,OK,100,30,4
20260901-181802,comparison-4,10,adjacent,FWD,E8,E9,E12,E1,-38.125000,647.025000,OK,100,30,4
20260901-181802,comparison-4,10,adjacent,REV,E9,E8,E12,E1,-32.250000,648.302000,OK,100,30,4
20260901-181802,comparison-4,10,adjacent,FWD,E9,E10,E1,E2,-5.812000,555.414000,OK,100,30,4
20260901-181802,comparison-4,10,adjacent,REV,E10,E9,E1,E2,3.063000,667.454000,OK,100,30,4
20260901-181802,comparison-4,10,adjacent,FWD,E9,E10,E2,E3,6.437000,586.057000,OK,100,30,4
20260901-181802,comparison-4,10,adjacent,REV,E10,E9,E2,E3,-2.563000,655.963000,OK,100,30,4
20260901-181802,comparison-4,10,adjacent,FWD,E9,E10,E3,E4,2.031000,590.526000,OK,100,30,4
20260901-181802,comparison-4,10,adjacent,REV,E10,E9,E3,E4,-4.437000,653.728000,OK,100,30,4
20260901-181802,comparison-4,10,adjacent,FWD,E9,E10,E4,E5,-25.062000,594.037000,OK,100,30,4
20260901-181802,comparison-4,10,adjacent,REV,E10,E9,E4,E5,0.812000,651.813000,OK,100,30,4
20260901-181802,comparison-4,10,adjacent,FWD,E9,E10,E5,E6,-29.875000,594.995000,OK,100,30,4
20260901-181802,comparison-4,10,adjacent,REV,E10,E9,E5,E6,21.062000,651.813000,OK,100,30,4
20260901-181802,comparison-4,10,adjacent,FWD,E9,E10,E6,E7,-5.812000,599.464000,OK,100,30,4
20260901-181802,comparison-4,10,adjacent,REV,E10,E9,E6,E7,5.781000,653.728000,OK,100,30,4
20260901-181802,comparison-4,10,adjacent,FWD,E9,E10,E7,E8,-16.250000,598.506000,OK,100,30,4
20260901-181802,comparison-4,10,adjacent,REV,E10,E9,E7,E8,16.656000,651.494000,OK,100,30,4
20260901-181802,comparison-4,10,adjacent,FWD,E9,E10,E11,E12,204.156000,595.953000,OK,100,30,4
20260901-181802,comparison-4,10,adjacent,REV,E10,E9,E11,E12,-193.719000,649.898000,OK,100,30,4
20260901-181802,comparison-4,10,adjacent,FWD,E9,E10,E12,E1,-41.313000,596.910000,OK,100,30,4
20260901-181802,comparison-4,10,adjacent,REV,E10,E9,E12,E1,-29.031000,650.217000,OK,100,30,4
20260901-181802,comparison-4,10,adjacent,FWD,E10,E11,E1,E2,-12.281000,583.504000,OK,100,30,4
20260901-181802,comparison-4,10,adjacent,REV,E11,E10,E1,E2,9.438000,622.766000,OK,100,30,4
20260901-181802,comparison-4,10,adjacent,FWD,E10,E11,E2,E3,12.969000,604.571000,OK,100,30,4
20260901-181802,comparison-4,10,adjacent,REV,E11,E10,E2,E3,-8.781000,608.721000,OK,100,30,4
20260901-181802,comparison-4,10,adjacent,FWD,E10,E11,E3,E4,5.469000,607.444000,OK,100,30,4
20260901-181802,comparison-4,10,adjacent,REV,E11,E10,E3,E4,-7.312000,607.125000,OK,100,30,4
20260901-181802,comparison-4,10,adjacent,FWD,E10,E11,E4,E5,-23.437000,609.359000,OK,100,30,4
20260901-181802,comparison-4,10,adjacent,REV,E11,E10,E4,E5,-2.313000,605.209000,OK,100,30,4
20260901-181802,comparison-4,10,adjacent,FWD,E10,E11,E5,E6,-21.000000,610.317000,OK,100,30,4
20260901-181802,comparison-4,10,adjacent,REV,E11,E10,E5,E6,8.844000,603.613000,OK,100,30,4
20260901-181802,comparison-4,10,adjacent,FWD,E10,E11,E6,E7,-4.125000,612.232000,OK,100,30,4
20260901-181802,comparison-4,10,adjacent,REV,E11,E10,E6,E7,3.438000,605.848000,OK,100,30,4
20260901-181802,comparison-4,10,adjacent,FWD,E10,E11,E7,E8,-9.250000,612.232000,OK,100,30,4
20260901-181802,comparison-4,10,adjacent,REV,E11,E10,E7,E8,7.937000,602.656000,OK,100,30,4
20260901-181802,comparison-4,10,adjacent,FWD,E10,E11,E8,E9,-23.906000,612.232000,OK,100,30,4
20260901-181802,comparison-4,10,adjacent,REV,E11,E10,E8,E9,21.875000,601.698000,OK,100,30,4
20260901-181802,comparison-4,10,adjacent,FWD,E10,E11,E12,E1,-57.781000,611.593000,OK,100,30,4
20260901-181802,comparison-4,10,adjacent,REV,E11,E10,E12,E1,-13.406000,602.975000,OK,100,30,4
20260901-181802,comparison-4,10,adjacent,FWD,E11,E12,E1,E2,-24.219000,599.464000,OK,100,30,4
20260901-181802,comparison-4,10,adjacent,REV,E12,E11,E1,E2,22.687000,661.070000,OK,100,30,4
20260901-181802,comparison-4,10,adjacent,FWD,E11,E12,E2,E3,25.031000,629.788000,OK,100,30,4
20260901-181802,comparison-4,10,adjacent,REV,E12,E11,E2,E3,-22.125000,657.240000,OK,100,30,4
20260901-181802,comparison-4,10,adjacent,FWD,E11,E12,E3,E4,9.906000,632.661000,OK,100,30,4
20260901-181802,comparison-4,10,adjacent,REV,E12,E11,E3,E4,-12.188000,652.771000,OK,100,30,4
20260901-181802,comparison-4,10,adjacent,FWD,E11,E12,E4,E5,-20.469000,635.214000,OK,100,30,4
20260901-181802,comparison-4,10,adjacent,REV,E12,E11,E4,E5,-5.250000,655.643000,OK,100,30,4
20260901-181802,comparison-4,10,adjacent,FWD,E11,E12,E5,E6,-12.844000,637.768000,OK,100,30,4
20260901-181802,comparison-4,10,adjacent,REV,E12,E11,E5,E6,0.812000,651.813000,OK,100,30,4
20260901-181802,comparison-4,10,adjacent,FWD,E11,E12,E6,E7,-2.156000,636.810000,OK,100,30,4
20260901-181802,comparison-4,10,adjacent,REV,E12,E11,E6,E7,1.625000,651.175000,OK,100,30,4
20260901-181802,comparison-4,10,adjacent,FWD,E11,E12,E7,E8,-3.906000,639.045000,OK,100,30,4
20260901-181802,comparison-4,10,adjacent,REV,E12,E11,E7,E8,2.625000,652.451000,OK,100,30,4
20260901-181802,comparison-4,10,adjacent,FWD,E11,E12,E8,E9,-8.438000,636.491000,OK,100,30,4
20260901-181802,comparison-4,10,adjacent,REV,E12,E11,E8,E9,3.813000,651.813000,OK,100,30,4
20260901-181802,comparison-4,10,adjacent,FWD,E11,E12,E9,E10,5.812000,637.768000,OK,100,30,4
20260901-181802,comparison-4,10,adjacent,REV,E12,E11,E9,E10,42.563000,653.728000,OK,100,30,4
20260901-181802,comparison-4,10,adjacent,FWD,E12,E1,E2,E3,194.281000,681.180000,OK,100,30,4
20260901-181802,comparison-4,10,adjacent,REV,E1,E12,E2,E3,-175.531000,670.965000,OK,100,30,4
20260901-181802,comparison-4,10,adjacent,FWD,E12,E1,E3,E4,21.875000,698.736000,OK,100,30,4
20260901-181802,comparison-4,10,adjacent,REV,E1,E12,E3,E4,-22.344000,661.389000,OK,100,30,4
20260901-181802,comparison-4,10,adjacent,FWD,E12,E1,E4,E5,-22.312000,701.609000,OK,100,30,4
20260901-181802,comparison-4,10,adjacent,REV,E1,E12,E4,E5,-4.469000,652.771000,OK,100,30,4
20260901-181802,comparison-4,10,adjacent,FWD,E12,E1,E5,E6,-11.844000,701.928000,OK,100,30,4
20260901-181802,comparison-4,10,adjacent,REV,E1,E12,E5,E6,-0.875000,653.090000,OK,100,30,4
20260901-181802,comparison-4,10,adjacent,FWD,E12,E1,E6,E7,-2.000000,702.566000,OK,100,30,4
20260901-181802,comparison-4,10,adjacent,REV,E1,E12,E6,E7,1.219000,654.047000,OK,100,30,4
20260901-181802,comparison-4,10,adjacent,FWD,E12,E1,E7,E8,-2.875000,701.290000,OK,100,30,4
20260901-181802,comparison-4,10,adjacent,REV,E1,E12,E7,E8,1.375000,654.367000,OK,100,30,4
20260901-181802,comparison-4,10,adjacent,FWD,E12,E1,E8,E9,-6.062000,703.205000,OK,100,30,4
20260901-181802,comparison-4,10,adjacent,REV,E1,E12,E8,E9,0.000000,653.409000,OK,100,30,4
20260901-181802,comparison-4,10,adjacent,FWD,E12,E1,E9,E10,17.156000,703.843000,OK,100,30,4
20260901-181802,comparison-4,10,adjacent,REV,E1,E12,E9,E10,30.906000,654.047000,OK,100,30,4
20260901-181802,comparison-4,10,adjacent,FWD,E12,E1,E10,E11,-16.875000,701.290000,OK,100,30,4
20260901-181802,comparison-4,10,adjacent,REV,E1,E12,E10,E11,-30.594000,654.047000,OK,100,30,4
20260901-181802,comparison-5,11,adjacent,FWD,E1,E2,E3,E4,216.750000,650.217000,OK,100,30,4
20260901-181802,comparison-5,11,adjacent,REV,E2,E1,E3,E4,-210.125000,678.945000,OK,100,30,4
20260901-181802,comparison-5,11,adjacent,FWD,E1,E2,E4,E5,-29.031000,663.943000,OK,100,30,4
20260901-181802,comparison-5,11,adjacent,REV,E2,E1,E4,E5,3.031000,676.711000,OK,100,30,4
20260901-181802,comparison-5,11,adjacent,FWD,E1,E2,E5,E6,-13.469000,667.135000,OK,100,30,4
20260901-181802,comparison-5,11,adjacent,REV,E2,E1,E5,E6,1.219000,674.157000,OK,100,30,4
20260901-181802,comparison-5,11,adjacent,FWD,E1,E2,E6,E7,-2.500000,666.496000,OK,100,30,4
20260901-181802,comparison-5,11,adjacent,REV,E2,E1,E6,E7,1.875000,674.796000,OK,100,30,4
20260901-181802,comparison-5,11,adjacent,FWD,E1,E2,E7,E8,-3.000000,670.008000,OK,100,30,4
20260901-181802,comparison-5,11,adjacent,REV,E2,E1,E7,E8,1.625000,675.434000,OK,100,30,4
20260901-181802,comparison-5,11,adjacent,FWD,E1,E2,E8,E9,-5.875000,669.688000,OK,100,30,4
20260901-181802,comparison-5,11,adjacent,REV,E2,E1,E8,E9,-0.625000,673.519000,OK,100,30,4
20260901-181802,comparison-5,11,adjacent,FWD,E1,E2,E9,E10,19.906000,669.369000,OK,100,30,4
20260901-181802,comparison-5,11,adjacent,REV,E2,E1,E9,E10,29.437000,674.477000,OK,100,30,4
20260901-181802,comparison-5,11,adjacent,FWD,E1,E2,E10,E11,-19.500000,669.688000,OK,100,30,4
20260901-181802,comparison-5,11,adjacent,REV,E2,E1,E10,E11,-29.094000,670.965000,OK,100,30,4
20260901-181802,comparison-5,11,adjacent,FWD,E1,E2,E11,E12,21.750000,667.773000,OK,100,30,4
20260901-181802,comparison-5,11,adjacent,REV,E2,E1,E11,E12,-3.438000,671.923000,OK,100,30,4
20260901-181802,comparison-5,11,adjacent,FWD,E2,E3,E4,E5,-43.656000,603.613000,OK,100,30,4
20260901-181802,comparison-5,11,adjacent,REV,E3,E2,E4,E5,19.031000,641.279000,OK,100,30,4
20260901-181802,comparison-5,11,adjacent,FWD,E2,E3,E5,E6,-16.656000,619.574000,OK,100,30,4
20260901-181802,comparison-5,11,adjacent,REV,E3,E2,E5,E6,4.562000,636.491000,OK,100,30,4
20260901-181802,comparison-5,11,adjacent,FWD,E2,E3,E6,E7,-3.344000,625.958000,OK,100,30,4
20260901-181802,comparison-5,11,adjacent,REV,E3,E2,E6,E7,2.750000,635.534000,OK,100,30,4
20260901-181802,comparison-5,11,adjacent,FWD,E2,E3,E7,E8,-3.250000,626.596000,OK,100,30,4
20260901-181802,comparison-5,11,adjacent,REV,E3,E2,E7,E8,1.969000,634.576000,OK,100,30,4
20260901-181802,comparison-5,11,adjacent,FWD,E2,E3,E8,E9,-5.875000,625.958000,OK,100,30,4
20260901-181802,comparison-5,11,adjacent,REV,E3,E2,E8,E9,-1.125000,633.299000,OK,100,30,4
20260901-181802,comparison-5,11,adjacent,FWD,E2,E3,E9,E10,21.531000,625.638000,OK,100,30,4
20260901-181802,comparison-5,11,adjacent,REV,E3,E2,E9,E10,28.156000,632.022000,OK,100,30,4
20260901-181802,comparison-5,11,adjacent,FWD,E2,E3,E10,E11,-21.156000,624.362000,OK,100,30,4
20260901-181802,comparison-5,11,adjacent,REV,E3,E2,E10,E11,-27.844000,632.342000,OK,100,30,4
20260901-181802,comparison-5,11,adjacent,FWD,E2,E3,E11,E12,16.156000,626.915000,OK,100,30,4
20260901-181802,comparison-5,11,adjacent,REV,E3,E2,E11,E12,2.531000,632.342000,OK,100,30,4
20260901-181802,comparison-5,11,adjacent,FWD,E2,E3,E12,E1,-53.688000,626.277000,OK,100,30,4
20260901-181802,comparison-5,11,adjacent,REV,E3,E2,E12,E1,-12.625000,631.065000,OK,100,30,4
20260901-181802,comparison-5,11,adjacent,FWD,E3,E4,E1,E2,-13.813000,663.943000,OK,100,30,4
20260901-181802,comparison-5,11,adjacent,REV,E4,E3,E1,E2,24.937000,764.173000,OK,100,30,4
20260901-181802,comparison-5,11,adjacent,FWD,E3,E4,E5,E6,-24.750000,684.372000,OK,100,30,4
20260901-181802,comparison-5,11,adjacent,REV,E4,E3,E5,E6,14.031000,753.958000,OK,100,30,4
20260901-181802,comparison-5,11,adjacent,FWD,E3,E4,E6,E7,-5.344000,691.394000,OK,100,30,4
20260901-181802,comparison-5,11,adjacent,REV,E4,E3,E6,E7,5.000000,751.404000,OK,100,30,4
20260901-181802,comparison-5,11,adjacent,FWD,E3,E4,E7,E8,-4.219000,692.671000,OK,100,30,4
20260901-181802,comparison-5,11,adjacent,REV,E4,E3,E7,E8,3.125000,748.212000,OK,100,30,4
20260901-181802,comparison-5,11,adjacent,FWD,E3,E4,E8,E9,-6.281000,693.629000,OK,100,30,4
20260901-181802,comparison-5,11,adjacent,REV,E4,E3,E8,E9,-0.969000,745.659000,OK,100,30,4
20260901-181802,comparison-5,11,adjacent,FWD,E3,E4,E9,E10,22.344000,696.182000,OK,100,30,4
20260901-181802,comparison-5,11,adjacent,REV,E4,E3,E9,E10,28.000000,744.063000,OK,100,30,4
20260901-181802,comparison-5,11,adjacent,FWD,E3,E4,E10,E11,-21.937000,694.267000,OK,100,30,4
20260901-181802,comparison-5,11,adjacent,REV,E4,E3,E10,E11,-27.562000,743.744000,OK,100,30,4
20260901-181802,comparison-5,11,adjacent,FWD,E3,E4,E11,E12,13.688000,699.374000,OK,100,30,4
20260901-181802,comparison-5,11,adjacent,REV,E4,E3,E11,E12,5.062000,745.340000,OK,100,30,4
20260901-181802,comparison-5,11,adjacent,FWD,E3,E4,E12,E1,-42.281000,698.098000,OK,100,30,4
20260901-181802,comparison-5,11,adjacent,REV,E4,E3,E12,E1,-25.156000,744.063000,OK,100,30,4
20260901-181802,comparison-5,11,adjacent,FWD,E4,E5,E1,E2,-14.094000,797.051000,OK,100,30,4
20260901-181802,comparison-5,11,adjacent,REV,E5,E4,E1,E2,11.438000,842.058000,OK,100,30,4
20260901-181802,comparison-5,11,adjacent,FWD,E4,E5,E2,E3,15.063000,819.076000,OK,100,30,4
20260901-181802,comparison-5,11,adjacent,REV,E5,E4,E2,E3,-11.031000,832.163000,OK,100,30,4
20260901-181802,comparison-5,11,adjacent,FWD,E4,E5,E6,E7,-19.500000,825.460000,OK,100,30,4
20260901-181802,comparison-5,11,adjacent,REV,E5,E4,E6,E7,18.469000,831.524000,OK,100,30,4
20260901-181802,comparison-5,11,adjacent,FWD,E4,E5,E7,E8,-11.156000,829.290000,OK,100,30,4
20260901-181802,comparison-5,11,adjacent,REV,E5,E4,E7,E8,9.813000,829.928000,OK,100,30,4
20260901-181802,comparison-5,11,adjacent,FWD,E4,E5,E8,E9,-10.094000,828.332000,OK,100,30,4
20260901-181802,comparison-5,11,adjacent,REV,E5,E4,E8,E9,2.344000,828.971000,OK,100,30,4
20260901-181802,comparison-5,11,adjacent,FWD,E4,E5,E9,E10,20.031000,830.886000,OK,100,30,4
20260901-181802,comparison-5,11,adjacent,REV,E5,E4,E9,E10,30.312000,830.248000,OK,100,30,4
20260901-181802,comparison-5,11,adjacent,FWD,E4,E5,E10,E11,-19.625000,833.121000,OK,100,30,4
20260901-181802,comparison-5,11,adjacent,REV,E5,E4,E10,E11,-29.906000,827.694000,OK,100,30,4
20260901-181802,comparison-5,11,adjacent,FWD,E4,E5,E11,E12,15.375000,831.844000,OK,100,30,4
20260901-181802,comparison-5,11,adjacent,REV,E5,E4,E11,E12,3.844000,829.290000,OK,100,30,4
20260901-181802,comparison-5,11,adjacent,FWD,E4,E5,E12,E1,-40.938000,834.078000,OK,100,30,4
20260901-181802,comparison-5,11,adjacent,REV,E5,E4,E12,E1,-27.812000,827.375000,OK,100,30,4
20260901-181802,comparison-5,11,adjacent,FWD,E5,E6,E1,E2,-5.344000,813.011000,OK,100,30,4
20260901-181802,comparison-5,11,adjacent,REV,E6,E5,E1,E2,2.281000,863.126000,OK,100,30,4
20260901-181802,comparison-5,11,adjacent,FWD,E5,E6,E2,E3,5.969000,835.993000,OK,100,30,4
20260901-181802,comparison-5,11,adjacent,REV,E6,E5,E2,E3,-1.625000,852.911000,OK,100,30,4
20260901-181802,comparison-5,11,adjacent,FWD,E5,E6,E3,E4,4.156000,836.951000,OK,100,30,4
20260901-181802,comparison-5,11,adjacent,REV,E6,E5,E3,E4,-9.375000,847.804000,OK,100,30,4
20260901-181802,comparison-5,11,adjacent,FWD,E5,E6,E7,E8,-15.906000,843.335000,OK,100,30,4
20260901-181802,comparison-5,11,adjacent,REV,E6,E5,E7,E8,14.750000,849.719000,OK,100,30,4
20260901-181802,comparison-5,11,adjacent,FWD,E5,E6,E8,E9,-10.719000,843.335000,OK,100,30,4
20260901-181802,comparison-5,11,adjacent,REV,E6,E5,E8,E9,2.844000,846.208000,OK,100,30,4
20260901-181802,comparison-5,11,adjacent,FWD,E5,E6,E9,E10,20.844000,845.250000,OK,100,30,4
20260901-181802,comparison-5,11,adjacent,REV,E6,E5,E9,E10,29.719000,845.889000,OK,100,30,4
20260901-181802,comparison-5,11,adjacent,FWD,E5,E6,E10,E11,-20.437000,844.293000,OK,100,30,4
20260901-181802,comparison-5,11,adjacent,REV,E6,E5,E10,E11,-29.312000,843.973000,OK,100,30,4
20260901-181802,comparison-5,11,adjacent,FWD,E5,E6,E11,E12,13.313000,841.420000,OK,100,30,4
20260901-181802,comparison-5,11,adjacent,REV,E6,E5,E11,E12,6.000000,843.973000,OK,100,30,4
20260901-181802,comparison-5,11,adjacent,FWD,E5,E6,E12,E1,-36.781000,843.973000,OK,100,30,4
20260901-181802,comparison-5,11,adjacent,REV,E6,E5,E12,E1,-32.500000,843.654000,OK,100,30,4
20260901-181802,comparison-5,11,adjacent,FWD,E6,E7,E1,E2,-4.250000,777.260000,OK,100,30,4
20260901-181802,comparison-5,11,adjacent,REV,E7,E6,E1,E2,0.812000,826.736000,OK,100,30,4
20260901-181802,comparison-5,11,adjacent,FWD,E6,E7,E2,E3,4.781000,798.966000,OK,100,30,4
20260901-181802,comparison-5,11,adjacent,REV,E7,E6,E2,E3,-0.344000,820.033000,OK,100,30,4
20260901-181802,comparison-5,11,adjacent,FWD,E6,E7,E3,E4,2.063000,804.392000,OK,100,30,4
20260901-181802,comparison-5,11,adjacent,REV,E7,E6,E3,E4,-5.781000,810.457000,OK,100,30,4
20260901-181802,comparison-5,11,adjacent,FWD,E6,E7,E4,E5,209.937000,807.265000,OK,100,30,4
20260901-181802,comparison-5,11,adjacent,REV,E7,E6,E4,E5,-235.000000,807.584000,OK,100,30,4
20260901-181802,comparison-5,11,adjacent,FWD,E6,E7,E8,E9,-18.344000,808.542000,OK,100,30,4
20260901-181802,comparison-5,11,adjacent,REV,E7,E6,E8,E9,10.188000,811.095000,OK,100,30,4
20260901-181802,comparison-5,11,adjacent,FWD,E6,E7,E9,E10,17.687000,801.839000,OK,100,30,4
20260901-181802,comparison-5,11,adjacent,REV,E7,E6,E9,E10,32.906000,800.243000,OK,100,30,4
20260901-181802,comparison-5,11,adjacent,FWD,E6,E7,E10,E11,-17.375000,808.223000,OK,100,30,4
20260901-181802,comparison-5,11,adjacent,REV,E7,E6,E10,E11,-32.625000,812.692000,OK,100,30,4
20260901-181802,comparison-5,11,adjacent,FWD,E6,E7,E11,E12,14.875000,807.903000,OK,100,30,4
20260901-181802,comparison-5,11,adjacent,REV,E7,E6,E11,E12,4.469000,809.819000,OK,100,30,4
20260901-181802,comparison-5,11,adjacent,FWD,E6,E7,E12,E1,-36.750000,810.776000,OK,100,30,4
20260901-181802,comparison-5,11,adjacent,REV,E7,E6,E12,E1,-32.875000,813.011000,OK,100,30,4
20260901-181802,comparison-5,11,adjacent,FWD,E7,E8,E1,E2,-4.344000,729.060000,OK,100,30,4
20260901-181802,comparison-5,11,adjacent,REV,E8,E7,E1,E2,1.062000,785.559000,OK,100,30,4
20260901-181802,comparison-5,11,adjacent,FWD,E7,E8,E2,E3,4.781000,751.404000,OK,100,30,4
20260901-181802,comparison-5,11,adjacent,REV,E8,E7,E2,E3,-0.531000,777.898000,OK,100,30,4
20260901-181802,comparison-5,11,adjacent,FWD,E7,E8,E3,E4,1.656000,757.469000,OK,100,30,4
20260901-181802,comparison-5,11,adjacent,REV,E8,E7,E3,E4,-4.781000,772.791000,OK,100,30,4
20260901-181802,comparison-5,11,adjacent,FWD,E7,E8,E4,E5,-208.062000,757.789000,OK,100,30,4
20260901-181802,comparison-5,11,adjacent,REV,E8,E7,E4,E5,178.500000,768.322000,OK,100,30,4
20260901-181802,comparison-5,11,adjacent,FWD,E7,E8,E5,E6,261.062000,760.661000,OK,100,30,4
20260901-181802,comparison-5,11,adjacent,REV,E8,E7,E5,E6,-273.875000,770.557000,OK,100,30,4
20260901-181802,comparison-5,11,adjacent,FWD,E7,E8,E9,E10,5.375000,759.385000,OK,100,30,4
20260901-181802,comparison-5,11,adjacent,REV,E8,E7,E9,E10,45.938000,768.961000,OK,100,30,4
20260901-181802,comparison-5,11,adjacent,FWD,E7,E8,E10,E11,-4.937000,760.342000,OK,100,30,4
20260901-181802,comparison-5,11,adjacent,REV,E8,E7,E10,E11,-45.656000,769.599000,OK,100,30,4
20260901-181802,comparison-5,11,adjacent,FWD,E7,E8,E11,E12,20.812000,763.853000,OK,100,30,4
20260901-181802,comparison-5,11,adjacent,REV,E8,E7,E11,E12,-1.469000,768.003000,OK,100,30,4
20260901-181802,comparison-5,11,adjacent,FWD,E7,E8,E12,E1,-37.250000,763.853000,OK,100,30,4
20260901-181802,comparison-5,11,adjacent,REV,E8,E7,E12,E1,-32.719000,768.641000,OK,100,30,4
20260901-181802,comparison-5,11,adjacent,FWD,E8,E9,E1,E2,-4.000000,617.339000,OK,100,30,4
20260901-181802,comparison-5,11,adjacent,REV,E9,E8,E1,E2,0.750000,659.474000,OK,100,30,4
20260901-181802,comparison-5,11,adjacent,FWD,E8,E9,E2,E3,4.625000,635.534000,OK,100,30,4
20260901-181802,comparison-5,11,adjacent,REV,E9,E8,E2,E3,-0.312000,652.132000,OK,100,30,4
20260901-181802,comparison-5,11,adjacent,FWD,E8,E9,E3,E4,1.031000,641.918000,OK,100,30,4
20260901-181802,comparison-5,11,adjacent,REV,E9,E8,E3,E4,-3.656000,650.217000,OK,100,30,4
20260901-181802,comparison-5,11,adjacent,FWD,E8,E9,E4,E5,-32.500000,641.918000,OK,100,30,4
20260901-181802,comparison-5,11,adjacent,REV,E9,E8,E4,E5,10.125000,648.940000,OK,100,30,4
20260901-181802,comparison-5,11,adjacent,FWD,E8,E9,E5,E6,-202.750000,644.152000,OK,100,30,4
20260901-181802,comparison-5,11,adjacent,REV,E9,E8,E5,E6,184.156000,648.302000,OK,100,30,4
20260901-181802,comparison-5,11,adjacent,FWD,E8,E9,E6,E7,-11.000000,645.110000,OK,100,30,4
20260901-181802,comparison-5,11,adjacent,REV,E9,E8,E6,E7,11.656000,647.983000,OK,100,30,4
20260901-181802,comparison-5,11,adjacent,FWD,E8,E9,E10,E11,225.000000,644.791000,OK,100,30,4
20260901-181802,comparison-5,11,adjacent,REV,E9,E8,E10,E11,-271.250000,648.940000,OK,100,30,4
20260901-181802,comparison-5,11,adjacent,FWD,E8,E9,E11,E12,35.469000,645.748000,OK,100,30,4
20260901-181802,comparison-5,11,adjacent,REV,E9,E8,E11,E12,-14.594000,647.983000,OK,100,30,4
20260901-181802,comparison-5,11,adjacent,FWD,E8,E9,E12,E1,-38.031000,645.110000,OK,100,30,4
20260901-181802,comparison-5,11,adjacent,REV,E9,E8,E12,E1,-32.250000,646.067000,OK,100,30,4
20260901-181802,comparison-5,11,adjacent,FWD,E9,E10,E1,E2,-5.844000,550.945000,OK,100,30,4
20260901-181802,comparison-5,11,adjacent,REV,E10,E9,E1,E2,2.969000,663.624000,OK,100,30,4
20260901-181802,comparison-5,11,adjacent,FWD,E9,E10,E2,E3,6.437000,581.908000,OK,100,30,4
20260901-181802,comparison-5,11,adjacent,REV,E10,E9,E2,E3,-2.531000,653.728000,OK,100,30,4
20260901-181802,comparison-5,11,adjacent,FWD,E9,E10,E3,E4,2.000000,588.930000,OK,100,30,4
20260901-181802,comparison-5,11,adjacent,REV,E10,E9,E3,E4,-4.469000,653.728000,OK,100,30,4
20260901-181802,comparison-5,11,adjacent,FWD,E9,E10,E4,E5,-25.125000,592.760000,OK,100,30,4
20260901-181802,comparison-5,11,adjacent,REV,E10,E9,E4,E5,0.844000,650.855000,OK,100,30,4
20260901-181802,comparison-5,11,adjacent,FWD,E9,E10,E5,E6,-29.781000,594.995000,OK,100,30,4
20260901-181802,comparison-5,11,adjacent,REV,E10,E9,E5,E6,21.000000,649.579000,OK,100,30,4
20260901-181802,comparison-5,11,adjacent,FWD,E9,E10,E6,E7,-5.844000,596.272000,OK,100,30,4
20260901-181802,comparison-5,11,adjacent,REV,E10,E9,E6,E7,5.750000,647.983000,OK,100,30,4
20260901-181802,comparison-5,11,adjacent,FWD,E9,E10,E7,E8,-16.094000,594.995000,OK,100,30,4
20260901-181802,comparison-5,11,adjacent,REV,E10,E9,E7,E8,16.687000,647.025000,OK,100,30,4
20260901-181802,comparison-5,11,adjacent,FWD,E9,E10,E11,E12,203.719000,595.953000,OK,100,30,4
20260901-181802,comparison-5,11,adjacent,REV,E10,E9,E11,E12,-194.062000,647.344000,OK,100,30,4
20260901-181802,comparison-5,11,adjacent,FWD,E9,E10,E12,E1,-41.156000,594.357000,OK,100,30,4
20260901-181802,comparison-5,11,adjacent,REV,E10,E9,E12,E1,-28.969000,646.067000,OK,100,30,4
20260901-181802,comparison-5,11,adjacent,FWD,E10,E11,E1,E2,-12.219000,581.908000,OK,100,30,4
20260901-181802,comparison-5,11,adjacent,REV,E11,E10,E1,E2,9.469000,620.850000,OK,100,30,4
20260901-181802,comparison-5,11,adjacent,FWD,E10,E11,E2,E3,13.063000,604.890000,OK,100,30,4
20260901-181802,comparison-5,11,adjacent,REV,E11,E10,E2,E3,-8.750000,608.082000,OK,100,30,4
20260901-181802,comparison-5,11,adjacent,FWD,E10,E11,E3,E4,5.375000,607.763000,OK,100,30,4
20260901-181802,comparison-5,11,adjacent,REV,E11,E10,E3,E4,-7.375000,605.529000,OK,100,30,4
20260901-181802,comparison-5,11,adjacent,FWD,E10,E11,E4,E5,-23.469000,609.678000,OK,100,30,4
20260901-181802,comparison-5,11,adjacent,REV,E11,E10,E4,E5,-2.281000,602.337000,OK,100,30,4
20260901-181802,comparison-5,11,adjacent,FWD,E10,E11,E5,E6,-20.937000,608.082000,OK,100,30,4
20260901-181802,comparison-5,11,adjacent,REV,E11,E10,E5,E6,8.813000,603.933000,OK,100,30,4
20260901-181802,comparison-5,11,adjacent,FWD,E10,E11,E6,E7,-4.125000,607.763000,OK,100,30,4
20260901-181802,comparison-5,11,adjacent,REV,E11,E10,E6,E7,3.438000,602.656000,OK,100,30,4
20260901-181802,comparison-5,11,adjacent,FWD,E10,E11,E7,E8,-9.281000,609.997000,OK,100,30,4
20260901-181802,comparison-5,11,adjacent,REV,E11,E10,E7,E8,7.875000,603.613000,OK,100,30,4
20260901-181802,comparison-5,11,adjacent,FWD,E10,E11,E8,E9,-23.594000,610.317000,OK,100,30,4
20260901-181802,comparison-5,11,adjacent,REV,E11,E10,E8,E9,21.969000,603.613000,OK,100,30,4
20260901-181802,comparison-5,11,adjacent,FWD,E10,E11,E12,E1,-57.500000,612.232000,OK,100,30,4
20260901-181802,comparison-5,11,adjacent,REV,E11,E10,E12,E1,-13.375000,602.017000,OK,100,30,4
20260901-181802,comparison-5,11,adjacent,FWD,E11,E12,E1,E2,-24.281000,597.229000,OK,100,30,4
20260901-181802,comparison-5,11,adjacent,REV,E12,E11,E1,E2,22.594000,659.793000,OK,100,30,4
20260901-181802,comparison-5,11,adjacent,FWD,E11,E12,E2,E3,25.094000,628.830000,OK,100,30,4
20260901-181802,comparison-5,11,adjacent,REV,E12,E11,E2,E3,-21.875000,654.686000,OK,100,30,4
20260901-181802,comparison-5,11,adjacent,FWD,E11,E12,E3,E4,9.813000,632.980000,OK,100,30,4
20260901-181802,comparison-5,11,adjacent,REV,E12,E11,E3,E4,-12.156000,652.451000,OK,100,30,4
20260901-181802,comparison-5,11,adjacent,FWD,E11,E12,E4,E5,-20.437000,634.257000,OK,100,30,4
20260901-181802,comparison-5,11,adjacent,REV,E12,E11,E4,E5,-5.187000,652.771000,OK,100,30,4
20260901-181802,comparison-5,11,adjacent,FWD,E11,E12,E5,E6,-12.781000,637.130000,OK,100,30,4
20260901-181802,comparison-5,11,adjacent,REV,E12,E11,E5,E6,0.812000,652.451000,OK,100,30,4
20260901-181802,comparison-5,11,adjacent,FWD,E11,E12,E6,E7,-2.156000,636.172000,OK,100,30,4
20260901-181802,comparison-5,11,adjacent,REV,E12,E11,E6,E7,1.562000,650.217000,OK,100,30,4
20260901-181802,comparison-5,11,adjacent,FWD,E11,E12,E7,E8,-3.906000,640.003000,OK,100,30,4
20260901-181802,comparison-5,11,adjacent,REV,E12,E11,E7,E8,2.625000,654.367000,OK,100,30,4
20260901-181802,comparison-5,11,adjacent,FWD,E11,E12,E8,E9,-8.156000,638.087000,OK,100,30,4
20260901-181802,comparison-5,11,adjacent,REV,E12,E11,E8,E9,3.969000,650.536000,OK,100,30,4
20260901-181802,comparison-5,11,adjacent,FWD,E11,E12,E9,E10,5.750000,639.045000,OK,100,30,4
20260901-181802,comparison-5,11,adjacent,REV,E12,E11,E9,E10,42.438000,653.728000,OK,100,30,4
20260901-181802,comparison-5,11,adjacent,FWD,E12,E1,E2,E3,194.281000,679.584000,OK,100,30,4
20260901-181802,comparison-5,11,adjacent,REV,E1,E12,E2,E3,-174.812000,671.604000,OK,100,30,4
20260901-181802,comparison-5,11,adjacent,FWD,E12,E1,E3,E4,21.844000,696.501000,OK,100,30,4
20260901-181802,comparison-5,11,adjacent,REV,E1,E12,E3,E4,-22.406000,658.516000,OK,100,30,4
20260901-181802,comparison-5,11,adjacent,FWD,E12,E1,E4,E5,-22.187000,701.928000,OK,100,30,4
20260901-181802,comparison-5,11,adjacent,REV,E1,E12,E4,E5,-4.375000,655.643000,OK,100,30,4
20260901-181802,comparison-5,11,adjacent,FWD,E12,E1,E5,E6,-11.813000,700.332000,OK,100,30,4
20260901-181802,comparison-5,11,adjacent,REV,E1,E12,E5,E6,-0.937000,653.409000,OK,100,30,4
20260901-181802,comparison-5,11,adjacent,FWD,E12,E1,E6,E7,-2.000000,702.886000,OK,100,30,4
20260901-181802,comparison-5,11,adjacent,REV,E1,E12,E6,E7,1.187000,654.047000,OK,100,30,4
20260901-181802,comparison-5,11,adjacent,FWD,E12,E1,E7,E8,-2.875000,701.609000,OK,100,30,4
20260901-181802,comparison-5,11,adjacent,REV,E1,E12,E7,E8,1.406000,655.005000,OK,100,30,4
20260901-181802,comparison-5,11,adjacent,FWD,E12,E1,E8,E9,-5.937000,700.651000,OK,100,30,4
20260901-181802,comparison-5,11,adjacent,REV,E1,E12,E8,E9,0.219000,654.686000,OK,100,30,4
20260901-181802,comparison-5,11,adjacent,FWD,E12,E1,E9,E10,17.094000,701.290000,OK,100,30,4
20260901-181802,comparison-5,11,adjacent,REV,E1,E12,E9,E10,30.781000,652.771000,OK,100,30,4
20260901-181802,comparison-5,11,adjacent,FWD,E12,E1,E10,E11,-16.781000,700.651000,OK,100,30,4
20260901-181802,comparison-5,11,adjacent,REV,E1,E12,E10,E11,-30.406000,652.132000,OK,100,30,4
20260901-181802,comparison-6,12,adjacent,FWD,E1,E2,E3,E4,216.562000,653.409000,OK,100,30,4
20260901-181802,comparison-6,12,adjacent,REV,E2,E1,E3,E4,-210.937000,682.457000,OK,100,30,4
20260901-181802,comparison-6,12,adjacent,FWD,E1,E2,E4,E5,-29.000000,663.943000,OK,100,30,4
20260901-181802,comparison-6,12,adjacent,REV,E2,E1,E4,E5,3.031000,674.157000,OK,100,30,4
20260901-181802,comparison-6,12,adjacent,FWD,E1,E2,E5,E6,-13.500000,666.496000,OK,100,30,4
20260901-181802,comparison-6,12,adjacent,REV,E2,E1,E5,E6,1.219000,675.753000,OK,100,30,4
20260901-181802,comparison-6,12,adjacent,FWD,E1,E2,E6,E7,-2.531000,668.092000,OK,100,30,4
20260901-181802,comparison-6,12,adjacent,REV,E2,E1,E6,E7,1.812000,671.923000,OK,100,30,4
20260901-181802,comparison-6,12,adjacent,FWD,E1,E2,E7,E8,-3.000000,667.773000,OK,100,30,4
20260901-181802,comparison-6,12,adjacent,REV,E2,E1,E7,E8,1.625000,671.923000,OK,100,30,4
20260901-181802,comparison-6,12,adjacent,FWD,E1,E2,E8,E9,-5.750000,670.646000,OK,100,30,4
20260901-181802,comparison-6,12,adjacent,REV,E2,E1,E8,E9,-0.500000,672.880000,OK,100,30,4
20260901-181802,comparison-6,12,adjacent,FWD,E1,E2,E9,E10,19.750000,669.050000,OK,100,30,4
20260901-181802,comparison-6,12,adjacent,REV,E2,E1,E9,E10,29.312000,670.965000,OK,100,30,4
20260901-181802,comparison-6,12,adjacent,FWD,E1,E2,E10,E11,-19.375000,667.773000,OK,100,30,4
20260901-181802,comparison-6,12,adjacent,REV,E2,E1,E10,E11,-28.969000,672.242000,OK,100,30,4
20260901-181802,comparison-6,12,adjacent,FWD,E1,E2,E11,E12,21.812000,669.050000,OK,100,30,4
20260901-181802,comparison-6,12,adjacent,REV,E2,E1,E11,E12,-3.469000,670.327000,OK,100,30,4
20260901-181802,comparison-6,12,adjacent,FWD,E2,E3,E4,E5,-43.063000,602.656000,OK,100,30,4
20260901-181802,comparison-6,12,adjacent,REV,E3,E2,E4,E5,19.219000,642.556000,OK,100,30,4
20260901-181802,comparison-6,12,adjacent,FWD,E2,E3,E5,E6,-16.687000,619.574000,OK,100,30,4
20260901-181802,comparison-6,12,adjacent,REV,E3,E2,E5,E6,4.500000,633.299000,OK,100,30,4
20260901-181802,comparison-6,12,adjacent,FWD,E2,E3,E6,E7,-3.438000,621.808000,OK,100,30,4
20260901-181802,comparison-6,12,adjacent,REV,E3,E2,E6,E7,2.719000,632.342000,OK,100,30,4
20260901-181802,comparison-6,12,adjacent,FWD,E2,E3,E7,E8,-3.281000,623.723000,OK,100,30,4
20260901-181802,comparison-6,12,adjacent,REV,E3,E2,E7,E8,1.969000,632.980000,OK,100,30,4
20260901-181802,comparison-6,12,adjacent,FWD,E2,E3,E8,E9,-5.719000,624.042000,OK,100,30,4
20260901-181802,comparison-6,12,adjacent,REV,E3,E2,E8,E9,-1.000000,631.384000,OK,100,30,4
20260901-181802,comparison-6,12,adjacent,FWD,E2,E3,E9,E10,21.469000,625.319000,OK,100,30,4
20260901-181802,comparison-6,12,adjacent,REV,E3,E2,E9,E10,28.094000,632.661000,OK,100,30,4
20260901-181802,comparison-6,12,adjacent,FWD,E2,E3,E10,E11,-21.156000,625.319000,OK,100,30,4
20260901-181802,comparison-6,12,adjacent,REV,E3,E2,E10,E11,-27.719000,629.469000,OK,100,30,4
20260901-181802,comparison-6,12,adjacent,FWD,E2,E3,E11,E12,16.187000,625.638000,OK,100,30,4
20260901-181802,comparison-6,12,adjacent,REV,E3,E2,E11,E12,2.531000,630.107000,OK,100,30,4
20260901-181802,comparison-6,12,adjacent,FWD,E2,E3,E12,E1,-53.344000,626.915000,OK,100,30,4
20260901-181802,comparison-6,12,adjacent,REV,E3,E2,E12,E1,-12.625000,631.065000,OK,100,30,4
20260901-181802,comparison-6,12,adjacent,FWD,E3,E4,E1,E2,-13.563000,663.304000,OK,100,30,4
20260901-181802,comparison-6,12,adjacent,REV,E4,E3,E1,E2,24.906000,761.300000,OK,100,30,4
20260901-181802,comparison-6,12,adjacent,FWD,E3,E4,E5,E6,-24.562000,682.776000,OK,100,30,4
20260901-181802,comparison-6,12,adjacent,REV,E4,E3,E5,E6,13.969000,752.362000,OK,100,30,4
20260901-181802,comparison-6,12,adjacent,FWD,E3,E4,E6,E7,-5.375000,687.245000,OK,100,30,4
20260901-181802,comparison-6,12,adjacent,REV,E4,E3,E6,E7,5.094000,748.212000,OK,100,30,4
20260901-181802,comparison-6,12,adjacent,FWD,E3,E4,E7,E8,-4.219000,691.394000,OK,100,30,4
20260901-181802,comparison-6,12,adjacent,REV,E4,E3,E7,E8,3.125000,747.893000,OK,100,30,4
20260901-181802,comparison-6,12,adjacent,FWD,E3,E4,E8,E9,-6.094000,695.863000,OK,100,30,4
20260901-181802,comparison-6,12,adjacent,REV,E4,E3,E8,E9,-0.844000,745.340000,OK,100,30,4
20260901-181802,comparison-6,12,adjacent,FWD,E3,E4,E9,E10,22.250000,694.906000,OK,100,30,4
20260901-181802,comparison-6,12,adjacent,REV,E4,E3,E9,E10,27.906000,743.744000,OK,100,30,4
20260901-181802,comparison-6,12,adjacent,FWD,E3,E4,E10,E11,-21.875000,696.821000,OK,100,30,4
20260901-181802,comparison-6,12,adjacent,REV,E4,E3,E10,E11,-27.531000,742.786000,OK,100,30,4
20260901-181802,comparison-6,12,adjacent,FWD,E3,E4,E11,E12,13.750000,695.863000,OK,100,30,4
20260901-181802,comparison-6,12,adjacent,REV,E4,E3,E11,E12,5.000000,740.552000,OK,100,30,4
20260901-181802,comparison-6,12,adjacent,FWD,E3,E4,E12,E1,-42.094000,696.501000,OK,100,30,4
20260901-181802,comparison-6,12,adjacent,REV,E4,E3,E12,E1,-25.125000,744.063000,OK,100,30,4
20260901-181802,comparison-6,12,adjacent,FWD,E4,E5,E1,E2,-14.313000,795.135000,OK,100,30,4
20260901-181802,comparison-6,12,adjacent,REV,E5,E4,E1,E2,11.313000,841.101000,OK,100,30,4
20260901-181802,comparison-6,12,adjacent,FWD,E4,E5,E2,E3,14.938000,817.480000,OK,100,30,4
20260901-181802,comparison-6,12,adjacent,REV,E5,E4,E2,E3,-10.781000,834.717000,OK,100,30,4
20260901-181802,comparison-6,12,adjacent,FWD,E4,E5,E6,E7,-19.219000,825.779000,OK,100,30,4
20260901-181802,comparison-6,12,adjacent,REV,E5,E4,E6,E7,18.656000,831.524000,OK,100,30,4
20260901-181802,comparison-6,12,adjacent,FWD,E4,E5,E7,E8,-11.188000,828.332000,OK,100,30,4
20260901-181802,comparison-6,12,adjacent,REV,E5,E4,E7,E8,9.813000,830.886000,OK,100,30,4
20260901-181802,comparison-6,12,adjacent,FWD,E4,E5,E8,E9,-10.000000,829.928000,OK,100,30,4
20260901-181802,comparison-6,12,adjacent,REV,E5,E4,E8,E9,2.313000,831.205000,OK,100,30,4
20260901-181802,comparison-6,12,adjacent,FWD,E4,E5,E9,E10,19.969000,829.609000,OK,100,30,4
20260901-181802,comparison-6,12,adjacent,REV,E5,E4,E9,E10,30.375000,827.056000,OK,100,30,4
20260901-181802,comparison-6,12,adjacent,FWD,E4,E5,E10,E11,-19.625000,825.779000,OK,100,30,4
20260901-181802,comparison-6,12,adjacent,REV,E5,E4,E10,E11,-29.969000,827.056000,OK,100,30,4
20260901-181802,comparison-6,12,adjacent,FWD,E4,E5,E11,E12,15.344000,830.248000,OK,100,30,4
20260901-181802,comparison-6,12,adjacent,REV,E5,E4,E11,E12,3.844000,826.098000,OK,100,30,4
20260901-181802,comparison-6,12,adjacent,FWD,E4,E5,E12,E1,-40.906000,829.928000,OK,100,30,4
20260901-181802,comparison-6,12,adjacent,REV,E5,E4,E12,E1,-27.750000,826.417000,OK,100,30,4
20260901-181802,comparison-6,12,adjacent,FWD,E5,E6,E1,E2,-5.469000,811.734000,OK,100,30,4
20260901-181802,comparison-6,12,adjacent,REV,E6,E5,E1,E2,2.344000,865.360000,OK,100,30,4
20260901-181802,comparison-6,12,adjacent,FWD,E5,E6,E2,E3,5.937000,834.397000,OK,100,30,4
20260901-181802,comparison-6,12,adjacent,REV,E6,E5,E2,E3,-1.687000,853.230000,OK,100,30,4
20260901-181802,comparison-6,12,adjacent,FWD,E5,E6,E3,E4,4.156000,837.909000,OK,100,30,4
20260901-181802,comparison-6,12,adjacent,REV,E6,E5,E3,E4,-9.563000,849.081000,OK,100,30,4
20260901-181802,comparison-6,12,adjacent,FWD,E5,E6,E7,E8,-16.000000,841.739000,OK,100,30,4
20260901-181802,comparison-6,12,adjacent,REV,E6,E5,E7,E8,14.625000,845.250000,OK,100,30,4
20260901-181802,comparison-6,12,adjacent,FWD,E5,E6,E8,E9,-10.625000,841.101000,OK,100,30,4
20260901-181802,comparison-6,12,adjacent,REV,E6,E5,E8,E9,2.969000,843.016000,OK,100,30,4
20260901-181802,comparison-6,12,adjacent,FWD,E5,E6,E9,E10,20.781000,843.654000,OK,100,30,4
20260901-181802,comparison-6,12,adjacent,REV,E6,E5,E9,E10,29.687000,844.293000,OK,100,30,4
20260901-181802,comparison-6,12,adjacent,FWD,E5,E6,E10,E11,-20.437000,842.377000,OK,100,30,4
20260901-181802,comparison-6,12,adjacent,REV,E6,E5,E10,E11,-29.250000,842.697000,OK,100,30,4
20260901-181802,comparison-6,12,adjacent,FWD,E5,E6,E11,E12,13.250000,843.654000,OK,100,30,4
20260901-181802,comparison-6,12,adjacent,REV,E6,E5,E11,E12,5.969000,843.654000,OK,100,30,4
20260901-181802,comparison-6,12,adjacent,FWD,E5,E6,E12,E1,-36.688000,844.931000,OK,100,30,4
20260901-181802,comparison-6,12,adjacent,REV,E6,E5,E12,E1,-32.469000,843.016000,OK,100,30,4
20260901-181802,comparison-6,12,adjacent,FWD,E6,E7,E1,E2,-4.187000,777.260000,OK,100,30,4
20260901-181802,comparison-6,12,adjacent,REV,E7,E6,E1,E2,0.812000,826.736000,OK,100,30,4
20260901-181802,comparison-6,12,adjacent,FWD,E6,E7,E2,E3,4.719000,798.008000,OK,100,30,4
20260901-181802,comparison-6,12,adjacent,REV,E7,E6,E2,E3,-0.312000,817.480000,OK,100,30,4
20260901-181802,comparison-6,12,adjacent,FWD,E6,E7,E3,E4,2.031000,803.115000,OK,100,30,4
20260901-181802,comparison-6,12,adjacent,REV,E7,E6,E3,E4,-5.844000,813.968000,OK,100,30,4
20260901-181802,comparison-6,12,adjacent,FWD,E6,E7,E4,E5,212.125000,803.435000,OK,100,30,4
20260901-181802,comparison-6,12,adjacent,REV,E7,E6,E4,E5,-234.000000,812.053000,OK,100,30,4
20260901-181802,comparison-6,12,adjacent,FWD,E6,E7,E8,E9,-18.125000,806.307000,OK,100,30,4
20260901-181802,comparison-6,12,adjacent,REV,E7,E6,E8,E9,10.375000,811.415000,OK,100,30,4
20260901-181802,comparison-6,12,adjacent,FWD,E6,E7,E9,E10,17.562000,806.946000,OK,100,30,4
20260901-181802,comparison-6,12,adjacent,REV,E7,E6,E9,E10,33.000000,811.415000,OK,100,30,4
20260901-181802,comparison-6,12,adjacent,FWD,E6,E7,E10,E11,-17.250000,809.500000,OK,100,30,4
20260901-181802,comparison-6,12,adjacent,REV,E7,E6,E10,E11,-32.656000,812.053000,OK,100,30,4
20260901-181802,comparison-6,12,adjacent,FWD,E6,E7,E11,E12,14.875000,808.223000,OK,100,30,4
20260901-181802,comparison-6,12,adjacent,REV,E7,E6,E11,E12,4.437000,811.415000,OK,100,30,4
20260901-181802,comparison-6,12,adjacent,FWD,E6,E7,E12,E1,-36.656000,810.457000,OK,100,30,4
20260901-181802,comparison-6,12,adjacent,REV,E7,E6,E12,E1,-32.781000,808.861000,OK,100,30,4
20260901-181802,comparison-6,12,adjacent,FWD,E7,E8,E1,E2,-4.344000,727.783000,OK,100,30,4
20260901-181802,comparison-6,12,adjacent,REV,E8,E7,E1,E2,1.094000,783.963000,OK,100,30,4
20260901-181802,comparison-6,12,adjacent,FWD,E7,E8,E2,E3,4.844000,748.851000,OK,100,30,4
20260901-181802,comparison-6,12,adjacent,REV,E8,E7,E2,E3,-0.469000,774.706000,OK,100,30,4
20260901-181802,comparison-6,12,adjacent,FWD,E7,E8,E3,E4,1.562000,756.193000,OK,100,30,4
20260901-181802,comparison-6,12,adjacent,REV,E8,E7,E3,E4,-4.781000,769.918000,OK,100,30,4
20260901-181802,comparison-6,12,adjacent,FWD,E7,E8,E4,E5,-206.562000,755.235000,OK,100,30,4
20260901-181802,comparison-6,12,adjacent,REV,E8,E7,E4,E5,179.094000,770.237000,OK,100,30,4
20260901-181802,comparison-6,12,adjacent,FWD,E7,E8,E5,E6,260.750000,761.300000,OK,100,30,4
20260901-181802,comparison-6,12,adjacent,REV,E8,E7,E5,E6,-273.937000,769.599000,OK,100,30,4
20260901-181802,comparison-6,12,adjacent,FWD,E7,E8,E9,E10,5.125000,761.619000,OK,100,30,4
20260901-181802,comparison-6,12,adjacent,REV,E8,E7,E9,E10,45.906000,769.280000,OK,100,30,4
20260901-181802,comparison-6,12,adjacent,FWD,E7,E8,E10,E11,-4.719000,761.619000,OK,100,30,4
20260901-181802,comparison-6,12,adjacent,REV,E8,E7,E10,E11,-45.500000,767.365000,OK,100,30,4
20260901-181802,comparison-6,12,adjacent,FWD,E7,E8,E11,E12,20.812000,760.661000,OK,100,30,4
20260901-181802,comparison-6,12,adjacent,REV,E8,E7,E11,E12,-1.437000,766.407000,OK,100,30,4
20260901-181802,comparison-6,12,adjacent,FWD,E7,E8,E12,E1,-37.188000,760.023000,OK,100,30,4
20260901-181802,comparison-6,12,adjacent,REV,E8,E7,E12,E1,-32.688000,766.726000,OK,100,30,4
20260901-181802,comparison-6,12,adjacent,FWD,E8,E9,E1,E2,-4.094000,615.424000,OK,100,30,4
20260901-181802,comparison-6,12,adjacent,REV,E9,E8,E1,E2,0.719000,659.155000,OK,100,30,4
20260901-181802,comparison-6,12,adjacent,FWD,E8,E9,E2,E3,4.687000,636.172000,OK,100,30,4
20260901-181802,comparison-6,12,adjacent,REV,E9,E8,E2,E3,-0.312000,652.132000,OK,100,30,4
20260901-181802,comparison-6,12,adjacent,FWD,E8,E9,E3,E4,1.031000,641.279000,OK,100,30,4
20260901-181802,comparison-6,12,adjacent,REV,E9,E8,E3,E4,-3.719000,650.536000,OK,100,30,4
20260901-181802,comparison-6,12,adjacent,FWD,E8,E9,E4,E5,-31.312000,641.918000,OK,100,30,4
20260901-181802,comparison-6,12,adjacent,REV,E9,E8,E4,E5,11.031000,646.387000,OK,100,30,4
20260901-181802,comparison-6,12,adjacent,FWD,E8,E9,E5,E6,-201.562000,641.599000,OK,100,30,4
20260901-181802,comparison-6,12,adjacent,REV,E9,E8,E5,E6,183.719000,646.067000,OK,100,30,4
20260901-181802,comparison-6,12,adjacent,FWD,E8,E9,E6,E7,-10.969000,641.918000,OK,100,30,4
20260901-181802,comparison-6,12,adjacent,REV,E9,E8,E6,E7,11.594000,645.110000,OK,100,30,4
20260901-181802,comparison-6,12,adjacent,FWD,E8,E9,E10,E11,224.875000,642.556000,OK,100,30,4
20260901-181802,comparison-6,12,adjacent,REV,E9,E8,E10,E11,-271.125000,645.748000,OK,100,30,4
20260901-181802,comparison-6,12,adjacent,FWD,E8,E9,E11,E12,35.125000,644.152000,OK,100,30,4
20260901-181802,comparison-6,12,adjacent,REV,E9,E8,E11,E12,-14.688000,646.067000,OK,100,30,4
20260901-181802,comparison-6,12,adjacent,FWD,E8,E9,E12,E1,-37.938000,642.237000,OK,100,30,4
20260901-181802,comparison-6,12,adjacent,REV,E9,E8,E12,E1,-32.125000,645.429000,OK,100,30,4
20260901-181802,comparison-6,12,adjacent,FWD,E9,E10,E1,E2,-5.875000,553.818000,OK,100,30,4
20260901-181802,comparison-6,12,adjacent,REV,E10,E9,E1,E2,2.938000,663.304000,OK,100,30,4
20260901-181802,comparison-6,12,adjacent,FWD,E9,E10,E2,E3,6.437000,581.269000,OK,100,30,4
20260901-181802,comparison-6,12,adjacent,REV,E10,E9,E2,E3,-2.375000,653.409000,OK,100,30,4
20260901-181802,comparison-6,12,adjacent,FWD,E9,E10,E3,E4,1.875000,588.292000,OK,100,30,4
20260901-181802,comparison-6,12,adjacent,REV,E10,E9,E3,E4,-4.625000,652.771000,OK,100,30,4
20260901-181802,comparison-6,12,adjacent,FWD,E9,E10,E4,E5,-23.937000,589.888000,OK,100,30,4
20260901-181802,comparison-6,12,adjacent,REV,E10,E9,E4,E5,1.937000,648.940000,OK,100,30,4
20260901-181802,comparison-6,12,adjacent,FWD,E9,E10,E5,E6,-29.594000,591.803000,OK,100,30,4
20260901-181802,comparison-6,12,adjacent,REV,E10,E9,E5,E6,20.906000,649.259000,OK,100,30,4
20260901-181802,comparison-6,12,adjacent,FWD,E9,E10,E6,E7,-5.937000,592.122000,OK,100,30,4
20260901-181802,comparison-6,12,adjacent,REV,E10,E9,E6,E7,5.687000,647.663000,OK,100,30,4
20260901-181802,comparison-6,12,adjacent,FWD,E9,E10,E7,E8,-16.094000,593.080000,OK,100,30,4
20260901-181802,comparison-6,12,adjacent,REV,E10,E9,E7,E8,16.531000,647.344000,OK,100,30,4
20260901-181802,comparison-6,12,adjacent,FWD,E9,E10,E11,E12,202.781000,595.953000,OK,100,30,4
20260901-181802,comparison-6,12,adjacent,REV,E10,E9,E11,E12,-193.375000,646.706000,OK,100,30,4
20260901-181802,comparison-6,12,adjacent,FWD,E9,E10,E12,E1,-41.094000,594.357000,OK,100,30,4
20260901-181802,comparison-6,12,adjacent,REV,E10,E9,E12,E1,-28.937000,645.748000,OK,100,30,4
20260901-181802,comparison-6,12,adjacent,FWD,E10,E11,E1,E2,-12.375000,582.227000,OK,100,30,4
20260901-181802,comparison-6,12,adjacent,REV,E11,E10,E1,E2,9.375000,618.297000,OK,100,30,4
20260901-181802,comparison-6,12,adjacent,FWD,E10,E11,E2,E3,13.063000,601.379000,OK,100,30,4
20260901-181802,comparison-6,12,adjacent,REV,E11,E10,E2,E3,-8.656000,605.209000,OK,100,30,4
20260901-181802,comparison-6,12,adjacent,FWD,E10,E11,E3,E4,5.219000,605.529000,OK,100,30,4
20260901-181802,comparison-6,12,adjacent,REV,E11,E10,E3,E4,-7.437000,602.656000,OK,100,30,4
20260901-181802,comparison-6,12,adjacent,FWD,E10,E11,E4,E5,-22.344000,606.805000,OK,100,30,4
20260901-181802,comparison-6,12,adjacent,REV,E11,E10,E4,E5,-1.156000,601.379000,OK,100,30,4
20260901-181802,comparison-6,12,adjacent,FWD,E10,E11,E5,E6,-20.906000,608.721000,OK,100,30,4
20260901-181802,comparison-6,12,adjacent,REV,E11,E10,E5,E6,8.781000,601.379000,OK,100,30,4
20260901-181802,comparison-6,12,adjacent,FWD,E10,E11,E6,E7,-4.156000,611.274000,OK,100,30,4
20260901-181802,comparison-6,12,adjacent,REV,E11,E10,E6,E7,3.344000,602.017000,OK,100,30,4
20260901-181802,comparison-6,12,adjacent,FWD,E10,E11,E7,E8,-9.250000,609.040000,OK,100,30,4
20260901-181802,comparison-6,12,adjacent,REV,E11,E10,E7,E8,7.844000,602.017000,OK,100,30,4
20260901-181802,comparison-6,12,adjacent,FWD,E10,E11,E8,E9,-23.437000,609.359000,OK,100,30,4
20260901-181802,comparison-6,12,adjacent,REV,E11,E10,E8,E9,22.000000,601.060000,OK,100,30,4
20260901-181802,comparison-6,12,adjacent,FWD,E10,E11,E12,E1,-57.563000,609.040000,OK,100,30,4
20260901-181802,comparison-6,12,adjacent,REV,E11,E10,E12,E1,-13.625000,600.421000,OK,100,30,4
20260901-181802,comparison-6,12,adjacent,FWD,E11,E12,E1,E2,-24.281000,596.910000,OK,100,30,4
20260901-181802,comparison-6,12,adjacent,REV,E12,E11,E1,E2,22.656000,658.836000,OK,100,30,4
20260901-181802,comparison-6,12,adjacent,FWD,E11,E12,E2,E3,24.937000,625.958000,OK,100,30,4
20260901-181802,comparison-6,12,adjacent,REV,E12,E11,E2,E3,-21.906000,653.090000,OK,100,30,4
20260901-181802,comparison-6,12,adjacent,FWD,E11,E12,E3,E4,9.719000,631.703000,OK,100,30,4
20260901-181802,comparison-6,12,adjacent,REV,E12,E11,E3,E4,-12.375000,653.090000,OK,100,30,4
20260901-181802,comparison-6,12,adjacent,FWD,E11,E12,E4,E5,-19.250000,634.257000,OK,100,30,4
20260901-181802,comparison-6,12,adjacent,REV,E12,E11,E4,E5,-4.156000,650.217000,OK,100,30,4
20260901-181802,comparison-6,12,adjacent,FWD,E11,E12,E5,E6,-12.781000,636.491000,OK,100,30,4
20260901-181802,comparison-6,12,adjacent,REV,E12,E11,E5,E6,0.781000,651.813000,OK,100,30,4
20260901-181802,comparison-6,12,adjacent,FWD,E11,E12,E6,E7,-2.344000,637.768000,OK,100,30,4
20260901-181802,comparison-6,12,adjacent,REV,E12,E11,E6,E7,1.500000,649.259000,OK,100,30,4
20260901-181802,comparison-6,12,adjacent,FWD,E11,E12,E7,E8,-3.906000,636.491000,OK,100,30,4
20260901-181802,comparison-6,12,adjacent,REV,E12,E11,E7,E8,2.594000,647.663000,OK,100,30,4
20260901-181802,comparison-6,12,adjacent,FWD,E11,E12,E8,E9,-8.094000,638.406000,OK,100,30,4
20260901-181802,comparison-6,12,adjacent,REV,E12,E11,E8,E9,4.000000,648.940000,OK,100,30,4
20260901-181802,comparison-6,12,adjacent,FWD,E11,E12,E9,E10,5.812000,637.768000,OK,100,30,4
20260901-181802,comparison-6,12,adjacent,REV,E12,E11,E9,E10,42.469000,647.663000,OK,100,30,4
20260901-181802,comparison-6,12,adjacent,FWD,E12,E1,E2,E3,194.094000,680.861000,OK,100,30,4
20260901-181802,comparison-6,12,adjacent,REV,E1,E12,E2,E3,-175.406000,671.604000,OK,100,30,4
20260901-181802,comparison-6,12,adjacent,FWD,E12,E1,E3,E4,21.719000,698.098000,OK,100,30,4
20260901-181802,comparison-6,12,adjacent,REV,E1,E12,E3,E4,-22.500000,658.197000,OK,100,30,4
20260901-181802,comparison-6,12,adjacent,FWD,E12,E1,E4,E5,-21.156000,699.374000,OK,100,30,4
20260901-181802,comparison-6,12,adjacent,REV,E1,E12,E4,E5,-3.281000,655.643000,OK,100,30,4
20260901-181802,comparison-6,12,adjacent,FWD,E12,E1,E5,E6,-11.781000,699.374000,OK,100,30,4
20260901-181802,comparison-6,12,adjacent,REV,E1,E12,E5,E6,-0.875000,651.813000,OK,100,30,4
20260901-181802,comparison-6,12,adjacent,FWD,E12,E1,E6,E7,-2.031000,698.736000,OK,100,30,4
20260901-181802,comparison-6,12,adjacent,REV,E1,E12,E6,E7,1.062000,653.409000,OK,100,30,4
20260901-181802,comparison-6,12,adjacent,FWD,E12,E1,E7,E8,-2.875000,699.694000,OK,100,30,4
20260901-181802,comparison-6,12,adjacent,REV,E1,E12,E7,E8,1.375000,653.090000,OK,100,30,4
20260901-181802,comparison-6,12,adjacent,FWD,E12,E1,E8,E9,-5.844000,699.374000,OK,100,30,4
20260901-181802,comparison-6,12,adjacent,REV,E1,E12,E8,E9,0.219000,653.409000,OK,100,30,4
20260901-181802,comparison-6,12,adjacent,FWD,E12,E1,E9,E10,17.094000,703.205000,OK,100,30,4
20260901-181802,comparison-6,12,adjacent,REV,E1,E12,E9,E10,30.844000,652.451000,OK,100,30,4
20260901-181802,comparison-6,12,adjacent,FWD,E12,E1,E10,E11,-16.844000,699.055000,OK,100,30,4
20260901-181802,comparison-6,12,adjacent,REV,E1,E12,E10,E11,-30.500000,651.494000,OK,100,30,4
20260901-181802,comparison-7,13,adjacent,FWD,E1,E2,E3,E4,216.250000,652.451000,OK,100,30,4
20260901-181802,comparison-7,13,adjacent,REV,E2,E1,E3,E4,-210.062000,678.945000,OK,100,30,4
20260901-181802,comparison-7,13,adjacent,FWD,E1,E2,E4,E5,-27.906000,663.304000,OK,100,30,4
20260901-181802,comparison-7,13,adjacent,REV,E2,E1,E4,E5,4.062000,673.519000,OK,100,30,4
20260901-181802,comparison-7,13,adjacent,FWD,E1,E2,E5,E6,-13.469000,665.220000,OK,100,30,4
20260901-181802,comparison-7,13,adjacent,REV,E2,E1,E5,E6,1.219000,672.880000,OK,100,30,4
20260901-181802,comparison-7,13,adjacent,FWD,E1,E2,E6,E7,-2.563000,666.496000,OK,100,30,4
20260901-181802,comparison-7,13,adjacent,REV,E2,E1,E6,E7,1.750000,671.604000,OK,100,30,4
20260901-181802,comparison-7,13,adjacent,FWD,E1,E2,E7,E8,-3.000000,668.092000,OK,100,30,4
20260901-181802,comparison-7,13,adjacent,REV,E2,E1,E7,E8,1.656000,673.200000,OK,100,30,4
20260901-181802,comparison-7,13,adjacent,FWD,E1,E2,E8,E9,-5.750000,669.688000,OK,100,30,4
20260901-181802,comparison-7,13,adjacent,REV,E2,E1,E8,E9,-0.437000,672.880000,OK,100,30,4
20260901-181802,comparison-7,13,adjacent,FWD,E1,E2,E9,E10,19.781000,669.688000,OK,100,30,4
20260901-181802,comparison-7,13,adjacent,REV,E2,E1,E9,E10,29.344000,671.923000,OK,100,30,4
20260901-181802,comparison-7,13,adjacent,FWD,E1,E2,E10,E11,-19.500000,669.369000,OK,100,30,4
20260901-181802,comparison-7,13,adjacent,REV,E2,E1,E10,E11,-29.062000,670.327000,OK,100,30,4
20260901-181802,comparison-7,13,adjacent,FWD,E1,E2,E11,E12,21.781000,668.092000,OK,100,30,4
20260901-181802,comparison-7,13,adjacent,REV,E2,E1,E11,E12,-3.531000,670.008000,OK,100,30,4
20260901-181802,comparison-7,13,adjacent,FWD,E2,E3,E4,E5,-42.375000,600.102000,OK,100,30,4
20260901-181802,comparison-7,13,adjacent,REV,E3,E2,E4,E5,19.875000,640.641000,OK,100,30,4
20260901-181802,comparison-7,13,adjacent,FWD,E2,E3,E5,E6,-16.531000,618.297000,OK,100,30,4
20260901-181802,comparison-7,13,adjacent,REV,E3,E2,E5,E6,4.531000,633.938000,OK,100,30,4
20260901-181802,comparison-7,13,adjacent,FWD,E2,E3,E6,E7,-3.531000,621.489000,OK,100,30,4
20260901-181802,comparison-7,13,adjacent,REV,E3,E2,E6,E7,2.625000,634.576000,OK,100,30,4
20260901-181802,comparison-7,13,adjacent,FWD,E2,E3,E7,E8,-3.281000,625.000000,OK,100,30,4
20260901-181802,comparison-7,13,adjacent,REV,E3,E2,E7,E8,1.937000,633.299000,OK,100,30,4
20260901-181802,comparison-7,13,adjacent,FWD,E2,E3,E8,E9,-5.687000,624.362000,OK,100,30,4
20260901-181802,comparison-7,13,adjacent,REV,E3,E2,E8,E9,-0.937000,633.618000,OK,100,30,4
20260901-181802,comparison-7,13,adjacent,FWD,E2,E3,E9,E10,21.500000,625.319000,OK,100,30,4
20260901-181802,comparison-7,13,adjacent,REV,E3,E2,E9,E10,28.125000,630.746000,OK,100,30,4
20260901-181802,comparison-7,13,adjacent,FWD,E2,E3,E10,E11,-21.187000,625.319000,OK,100,30,4
20260901-181802,comparison-7,13,adjacent,REV,E3,E2,E10,E11,-27.750000,629.150000,OK,100,30,4
20260901-181802,comparison-7,13,adjacent,FWD,E2,E3,E11,E12,16.156000,626.915000,OK,100,30,4
20260901-181802,comparison-7,13,adjacent,REV,E3,E2,E11,E12,2.563000,631.384000,OK,100,30,4
20260901-181802,comparison-7,13,adjacent,FWD,E2,E3,E12,E1,-53.469000,625.638000,OK,100,30,4
20260901-181802,comparison-7,13,adjacent,REV,E3,E2,E12,E1,-12.625000,629.788000,OK,100,30,4
20260901-181802,comparison-7,13,adjacent,FWD,E3,E4,E1,E2,-13.781000,666.496000,OK,100,30,4
20260901-181802,comparison-7,13,adjacent,REV,E4,E3,E1,E2,24.656000,760.342000,OK,100,30,4
20260901-181802,comparison-7,13,adjacent,FWD,E3,E4,E5,E6,-24.781000,685.010000,OK,100,30,4
20260901-181802,comparison-7,13,adjacent,REV,E4,E3,E5,E6,14.031000,751.085000,OK,100,30,4
20260901-181802,comparison-7,13,adjacent,FWD,E3,E4,E6,E7,-5.500000,690.437000,OK,100,30,4
20260901-181802,comparison-7,13,adjacent,REV,E4,E3,E6,E7,4.906000,748.851000,OK,100,30,4
20260901-181802,comparison-7,13,adjacent,FWD,E3,E4,E7,E8,-4.250000,692.990000,OK,100,30,4
20260901-181802,comparison-7,13,adjacent,REV,E4,E3,E7,E8,3.031000,744.382000,OK,100,30,4
20260901-181802,comparison-7,13,adjacent,FWD,E3,E4,E8,E9,-6.094000,691.713000,OK,100,30,4
20260901-181802,comparison-7,13,adjacent,REV,E4,E3,E8,E9,-0.750000,744.063000,OK,100,30,4
20260901-181802,comparison-7,13,adjacent,FWD,E3,E4,E9,E10,22.250000,695.863000,OK,100,30,4
20260901-181802,comparison-7,13,adjacent,REV,E4,E3,E9,E10,27.875000,743.744000,OK,100,30,4
20260901-181802,comparison-7,13,adjacent,FWD,E3,E4,E10,E11,-21.875000,693.948000,OK,100,30,4
20260901-181802,comparison-7,13,adjacent,REV,E4,E3,E10,E11,-27.500000,742.786000,OK,100,30,4
20260901-181802,comparison-7,13,adjacent,FWD,E3,E4,E11,E12,13.719000,699.055000,OK,100,30,4
20260901-181802,comparison-7,13,adjacent,REV,E4,E3,E11,E12,5.000000,741.509000,OK,100,30,4
20260901-181802,comparison-7,13,adjacent,FWD,E3,E4,E12,E1,-42.156000,695.863000,OK,100,30,4
20260901-181802,comparison-7,13,adjacent,REV,E4,E3,E12,E1,-24.969000,742.148000,OK,100,30,4
20260901-181802,comparison-7,13,adjacent,FWD,E4,E5,E1,E2,-14.156000,797.051000,OK,100,30,4
20260901-181802,comparison-7,13,adjacent,REV,E5,E4,E1,E2,11.438000,840.143000,OK,100,30,4
20260901-181802,comparison-7,13,adjacent,FWD,E4,E5,E2,E3,14.844000,815.884000,OK,100,30,4
20260901-181802,comparison-7,13,adjacent,REV,E5,E4,E2,E3,-10.750000,833.121000,OK,100,30,4
20260901-181802,comparison-7,13,adjacent,FWD,E4,E5,E6,E7,-19.406000,823.225000,OK,100,30,4
20260901-181802,comparison-7,13,adjacent,REV,E5,E4,E6,E7,18.594000,831.205000,OK,100,30,4
20260901-181802,comparison-7,13,adjacent,FWD,E4,E5,E7,E8,-11.125000,826.417000,OK,100,30,4
20260901-181802,comparison-7,13,adjacent,REV,E5,E4,E7,E8,9.719000,827.056000,OK,100,30,4
20260901-181802,comparison-7,13,adjacent,FWD,E4,E5,E8,E9,-9.781000,828.971000,OK,100,30,4
20260901-181802,comparison-7,13,adjacent,REV,E5,E4,E8,E9,2.500000,831.524000,OK,100,30,4
20260901-181802,comparison-7,13,adjacent,FWD,E4,E5,E9,E10,19.844000,830.567000,OK,100,30,4
20260901-181802,comparison-7,13,adjacent,REV,E5,E4,E9,E10,30.187000,826.098000,OK,100,30,4
20260901-181802,comparison-7,13,adjacent,FWD,E4,E5,E10,E11,-19.469000,829.928000,OK,100,30,4
20260901-181802,comparison-7,13,adjacent,REV,E5,E4,E10,E11,-29.750000,829.290000,OK,100,30,4
20260901-181802,comparison-7,13,adjacent,FWD,E4,E5,E11,E12,15.281000,830.886000,OK,100,30,4
20260901-181802,comparison-7,13,adjacent,REV,E5,E4,E11,E12,3.781000,827.056000,OK,100,30,4
20260901-181802,comparison-7,13,adjacent,FWD,E4,E5,E12,E1,-40.750000,827.694000,OK,100,30,4
20260901-181802,comparison-7,13,adjacent,REV,E5,E4,E12,E1,-27.719000,827.375000,OK,100,30,4
20260901-181802,comparison-7,13,adjacent,FWD,E5,E6,E1,E2,-5.406000,811.415000,OK,100,30,4
20260901-181802,comparison-7,13,adjacent,REV,E6,E5,E1,E2,2.250000,864.722000,OK,100,30,4
20260901-181802,comparison-7,13,adjacent,FWD,E5,E6,E2,E3,5.937000,832.163000,OK,100,30,4
20260901-181802,comparison-7,13,adjacent,REV,E6,E5,E2,E3,-1.687000,852.911000,OK,100,30,4
20260901-181802,comparison-7,13,adjacent,FWD,E5,E6,E3,E4,4.156000,839.185000,OK,100,30,4
20260901-181802,comparison-7,13,adjacent,REV,E6,E5,E3,E4,-9.438000,850.038000,OK,100,30,4
20260901-181802,comparison-7,13,adjacent,FWD,E5,E6,E7,E8,-15.969000,840.781000,OK,100,30,4
20260901-181802,comparison-7,13,adjacent,REV,E6,E5,E7,E8,14.594000,847.485000,OK,100,30,4
20260901-181802,comparison-7,13,adjacent,FWD,E5,E6,E8,E9,-10.531000,843.016000,OK,100,30,4
20260901-181802,comparison-7,13,adjacent,REV,E6,E5,E8,E9,3.063000,845.889000,OK,100,30,4
20260901-181802,comparison-7,13,adjacent,FWD,E5,E6,E9,E10,20.656000,841.420000,OK,100,30,4
20260901-181802,comparison-7,13,adjacent,REV,E6,E5,E9,E10,29.562000,843.335000,OK,100,30,4
20260901-181802,comparison-7,13,adjacent,FWD,E5,E6,E10,E11,-20.344000,843.016000,OK,100,30,4
20260901-181802,comparison-7,13,adjacent,REV,E6,E5,E10,E11,-29.219000,843.335000,OK,100,30,4
20260901-181802,comparison-7,13,adjacent,FWD,E5,E6,E11,E12,13.250000,844.293000,OK,100,30,4
20260901-181802,comparison-7,13,adjacent,REV,E6,E5,E11,E12,5.969000,842.058000,OK,100,30,4
20260901-181802,comparison-7,13,adjacent,FWD,E5,E6,E12,E1,-36.625000,844.931000,OK,100,30,4
20260901-181802,comparison-7,13,adjacent,REV,E6,E5,E12,E1,-32.375000,845.569000,OK,100,30,4
20260901-181802,comparison-7,13,adjacent,FWD,E6,E7,E1,E2,-4.344000,777.898000,OK,100,30,4
20260901-181802,comparison-7,13,adjacent,REV,E7,E6,E1,E2,0.812000,825.460000,OK,100,30,4
20260901-181802,comparison-7,13,adjacent,FWD,E6,E7,E2,E3,4.812000,796.731000,OK,100,30,4
20260901-181802,comparison-7,13,adjacent,REV,E7,E6,E2,E3,-0.250000,818.437000,OK,100,30,4
20260901-181802,comparison-7,13,adjacent,FWD,E6,E7,E3,E4,2.000000,801.200000,OK,100,30,4
20260901-181802,comparison-7,13,adjacent,REV,E7,E6,E3,E4,-5.875000,811.095000,OK,100,30,4
20260901-181802,comparison-7,13,adjacent,FWD,E6,E7,E4,E5,212.875000,803.115000,OK,100,30,4
20260901-181802,comparison-7,13,adjacent,REV,E7,E6,E4,E5,-233.937000,812.692000,OK,100,30,4
20260901-181802,comparison-7,13,adjacent,FWD,E6,E7,E8,E9,-18.156000,807.265000,OK,100,30,4
20260901-181802,comparison-7,13,adjacent,REV,E7,E6,E8,E9,10.500000,811.415000,OK,100,30,4
20260901-181802,comparison-7,13,adjacent,FWD,E6,E7,E9,E10,17.531000,808.223000,OK,100,30,4
20260901-181802,comparison-7,13,adjacent,REV,E7,E6,E9,E10,32.906000,811.734000,OK,100,30,4
20260901-181802,comparison-7,13,adjacent,FWD,E6,E7,E10,E11,-17.219000,808.861000,OK,100,30,4
20260901-181802,comparison-7,13,adjacent,REV,E7,E6,E10,E11,-32.563000,810.776000,OK,100,30,4
20260901-181802,comparison-7,13,adjacent,FWD,E6,E7,E11,E12,14.813000,809.180000,OK,100,30,4
20260901-181802,comparison-7,13,adjacent,REV,E7,E6,E11,E12,4.406000,810.138000,OK,100,30,4
20260901-181802,comparison-7,13,adjacent,FWD,E6,E7,E12,E1,-36.656000,810.457000,OK,100,30,4
20260901-181802,comparison-7,13,adjacent,REV,E7,E6,E12,E1,-32.750000,810.457000,OK,100,30,4
20260901-181802,comparison-7,13,adjacent,FWD,E7,E8,E1,E2,-4.281000,728.103000,OK,100,30,4
20260901-181802,comparison-7,13,adjacent,REV,E8,E7,E1,E2,1.031000,784.282000,OK,100,30,4
20260901-181802,comparison-7,13,adjacent,FWD,E7,E8,E2,E3,4.844000,750.447000,OK,100,30,4
20260901-181802,comparison-7,13,adjacent,REV,E8,E7,E2,E3,-0.531000,775.345000,OK,100,30,4
20260901-181802,comparison-7,13,adjacent,FWD,E7,E8,E3,E4,1.594000,755.873000,OK,100,30,4
20260901-181802,comparison-7,13,adjacent,REV,E8,E7,E3,E4,-4.781000,770.557000,OK,100,30,4
20260901-181802,comparison-7,13,adjacent,FWD,E7,E8,E4,E5,-207.187000,758.108000,OK,100,30,4
20260901-181802,comparison-7,13,adjacent,REV,E8,E7,E4,E5,179.031000,769.599000,OK,100,30,4
20260901-181802,comparison-7,13,adjacent,FWD,E7,E8,E5,E6,260.437000,760.981000,OK,100,30,4
20260901-181802,comparison-7,13,adjacent,REV,E8,E7,E5,E6,-273.125000,768.961000,OK,100,30,4
20260901-181802,comparison-7,13,adjacent,FWD,E7,E8,E9,E10,5.031000,760.661000,OK,100,30,4
20260901-181802,comparison-7,13,adjacent,REV,E8,E7,E9,E10,45.781000,768.003000,OK,100,30,4
20260901-181802,comparison-7,13,adjacent,FWD,E7,E8,E10,E11,-4.750000,760.981000,OK,100,30,4
20260901-181802,comparison-7,13,adjacent,REV,E8,E7,E10,E11,-45.438000,766.088000,OK,100,30,4
20260901-181802,comparison-7,13,adjacent,FWD,E7,E8,E11,E12,20.875000,759.065000,OK,100,30,4
20260901-181802,comparison-7,13,adjacent,REV,E8,E7,E11,E12,-1.500000,765.449000,OK,100,30,4
20260901-181802,comparison-7,13,adjacent,FWD,E7,E8,E12,E1,-37.063000,761.938000,OK,100,30,4
20260901-181802,comparison-7,13,adjacent,REV,E8,E7,E12,E1,-32.594000,765.769000,OK,100,30,4
20260901-181802,comparison-7,13,adjacent,FWD,E8,E9,E1,E2,-4.125000,613.828000,OK,100,30,4
20260901-181802,comparison-7,13,adjacent,REV,E9,E8,E1,E2,0.719000,658.836000,OK,100,30,4
20260901-181802,comparison-7,13,adjacent,FWD,E8,E9,E2,E3,4.562000,632.980000,OK,100,30,4
20260901-181802,comparison-7,13,adjacent,REV,E9,E8,E2,E3,-0.219000,654.047000,OK,100,30,4
20260901-181802,comparison-7,13,adjacent,FWD,E8,E9,E3,E4,1.031000,638.087000,OK,100,30,4
20260901-181802,comparison-7,13,adjacent,REV,E9,E8,E3,E4,-3.719000,650.217000,OK,100,30,4
20260901-181802,comparison-7,13,adjacent,FWD,E8,E9,E4,E5,-31.219000,640.960000,OK,100,30,4
20260901-181802,comparison-7,13,adjacent,REV,E9,E8,E4,E5,11.313000,650.217000,OK,100,30,4
20260901-181802,comparison-7,13,adjacent,FWD,E8,E9,E5,E6,-202.125000,643.195000,OK,100,30,4
20260901-181802,comparison-7,13,adjacent,REV,E9,E8,E5,E6,184.875000,646.067000,OK,100,30,4
20260901-181802,comparison-7,13,adjacent,FWD,E8,E9,E6,E7,-11.031000,643.195000,OK,100,30,4
20260901-181802,comparison-7,13,adjacent,REV,E9,E8,E6,E7,11.469000,645.748000,OK,100,30,4
20260901-181802,comparison-7,13,adjacent,FWD,E8,E9,E10,E11,224.187000,643.514000,OK,100,30,4
20260901-181802,comparison-7,13,adjacent,REV,E9,E8,E10,E11,-271.500000,646.387000,OK,100,30,4
20260901-181802,comparison-7,13,adjacent,FWD,E8,E9,E11,E12,35.031000,643.514000,OK,100,30,4
20260901-181802,comparison-7,13,adjacent,REV,E9,E8,E11,E12,-14.656000,645.429000,OK,100,30,4
20260901-181802,comparison-7,13,adjacent,FWD,E8,E9,E12,E1,-37.906000,643.514000,OK,100,30,4
20260901-181802,comparison-7,13,adjacent,REV,E9,E8,E12,E1,-32.156000,648.302000,OK,100,30,4
20260901-181802,comparison-7,13,adjacent,FWD,E9,E10,E1,E2,-5.812000,553.498000,OK,100,30,4
20260901-181802,comparison-7,13,adjacent,REV,E10,E9,E1,E2,2.969000,663.624000,OK,100,30,4
20260901-181802,comparison-7,13,adjacent,FWD,E9,E10,E2,E3,6.437000,583.823000,OK,100,30,4
20260901-181802,comparison-7,13,adjacent,REV,E10,E9,E2,E3,-2.438000,655.005000,OK,100,30,4
20260901-181802,comparison-7,13,adjacent,FWD,E9,E10,E3,E4,1.875000,589.568000,OK,100,30,4
20260901-181802,comparison-7,13,adjacent,REV,E10,E9,E3,E4,-4.625000,651.813000,OK,100,30,4
20260901-181802,comparison-7,13,adjacent,FWD,E9,E10,E4,E5,-24.000000,590.526000,OK,100,30,4
20260901-181802,comparison-7,13,adjacent,REV,E10,E9,E4,E5,1.937000,652.132000,OK,100,30,4
20260901-181802,comparison-7,13,adjacent,FWD,E9,E10,E5,E6,-29.750000,592.441000,OK,100,30,4
20260901-181802,comparison-7,13,adjacent,REV,E10,E9,E5,E6,20.937000,648.940000,OK,100,30,4
20260901-181802,comparison-7,13,adjacent,FWD,E9,E10,E6,E7,-6.000000,594.676000,OK,100,30,4
20260901-181802,comparison-7,13,adjacent,REV,E10,E9,E6,E7,5.625000,651.175000,OK,100,30,4
20260901-181802,comparison-7,13,adjacent,FWD,E9,E10,E7,E8,-16.219000,595.953000,OK,100,30,4
20260901-181802,comparison-7,13,adjacent,REV,E10,E9,E7,E8,16.594000,647.344000,OK,100,30,4
20260901-181802,comparison-7,13,adjacent,FWD,E9,E10,E11,E12,203.187000,596.272000,OK,100,30,4
20260901-181802,comparison-7,13,adjacent,REV,E10,E9,E11,E12,-192.906000,648.302000,OK,100,30,4
20260901-181802,comparison-7,13,adjacent,FWD,E9,E10,E12,E1,-41.063000,597.229000,OK,100,30,4
20260901-181802,comparison-7,13,adjacent,REV,E10,E9,E12,E1,-28.875000,646.706000,OK,100,30,4
20260901-181802,comparison-7,13,adjacent,FWD,E10,E11,E1,E2,-12.313000,581.908000,OK,100,30,4
20260901-181802,comparison-7,13,adjacent,REV,E11,E10,E1,E2,9.344000,618.616000,OK,100,30,4
20260901-181802,comparison-7,13,adjacent,FWD,E10,E11,E2,E3,13.063000,603.294000,OK,100,30,4
20260901-181802,comparison-7,13,adjacent,REV,E11,E10,E2,E3,-8.656000,604.252000,OK,100,30,4
20260901-181802,comparison-7,13,adjacent,FWD,E10,E11,E3,E4,5.219000,606.167000,OK,100,30,4
20260901-181802,comparison-7,13,adjacent,REV,E11,E10,E3,E4,-7.469000,602.975000,OK,100,30,4
20260901-181802,comparison-7,13,adjacent,FWD,E10,E11,E4,E5,-22.312000,610.317000,OK,100,30,4
20260901-181802,comparison-7,13,adjacent,REV,E11,E10,E4,E5,-1.250000,604.571000,OK,100,30,4
20260901-181802,comparison-7,13,adjacent,FWD,E10,E11,E5,E6,-20.937000,609.678000,OK,100,30,4
20260901-181802,comparison-7,13,adjacent,REV,E11,E10,E5,E6,8.844000,602.656000,OK,100,30,4
20260901-181802,comparison-7,13,adjacent,FWD,E10,E11,E6,E7,-4.250000,609.678000,OK,100,30,4
20260901-181802,comparison-7,13,adjacent,REV,E11,E10,E6,E7,3.281000,602.975000,OK,100,30,4
20260901-181802,comparison-7,13,adjacent,FWD,E10,E11,E7,E8,-9.313000,609.997000,OK,100,30,4
20260901-181802,comparison-7,13,adjacent,REV,E11,E10,E7,E8,7.875000,600.421000,OK,100,30,4
20260901-181802,comparison-7,13,adjacent,FWD,E10,E11,E8,E9,-23.312000,608.082000,OK,100,30,4
20260901-181802,comparison-7,13,adjacent,REV,E11,E10,E8,E9,22.250000,602.337000,OK,100,30,4
20260901-181802,comparison-7,13,adjacent,FWD,E10,E11,E12,E1,-57.313000,611.913000,OK,100,30,4
20260901-181802,comparison-7,13,adjacent,REV,E11,E10,E12,E1,-13.375000,603.294000,OK,100,30,4
20260901-181802,comparison-7,13,adjacent,FWD,E11,E12,E1,E2,-24.281000,597.229000,OK,100,30,4
20260901-181802,comparison-7,13,adjacent,REV,E12,E11,E1,E2,22.687000,660.751000,OK,100,30,4
20260901-181802,comparison-7,13,adjacent,FWD,E11,E12,E2,E3,24.937000,629.469000,OK,100,30,4
20260901-181802,comparison-7,13,adjacent,REV,E12,E11,E2,E3,-21.969000,655.324000,OK,100,30,4
20260901-181802,comparison-7,13,adjacent,FWD,E11,E12,E3,E4,9.688000,633.299000,OK,100,30,4
20260901-181802,comparison-7,13,adjacent,REV,E12,E11,E3,E4,-12.313000,652.451000,OK,100,30,4
20260901-181802,comparison-7,13,adjacent,FWD,E11,E12,E4,E5,-19.281000,633.618000,OK,100,30,4
20260901-181802,comparison-7,13,adjacent,REV,E12,E11,E4,E5,-4.187000,650.855000,OK,100,30,4
20260901-181802,comparison-7,13,adjacent,FWD,E11,E12,E5,E6,-12.781000,637.130000,OK,100,30,4
20260901-181802,comparison-7,13,adjacent,REV,E12,E11,E5,E6,0.750000,649.579000,OK,100,30,4
20260901-181802,comparison-7,13,adjacent,FWD,E11,E12,E6,E7,-2.375000,638.087000,OK,100,30,4
20260901-181802,comparison-7,13,adjacent,REV,E12,E11,E6,E7,1.406000,651.813000,OK,100,30,4
20260901-181802,comparison-7,13,adjacent,FWD,E11,E12,E7,E8,-3.938000,637.449000,OK,100,30,4
20260901-181802,comparison-7,13,adjacent,REV,E12,E11,E7,E8,2.594000,648.621000,OK,100,30,4
20260901-181802,comparison-7,13,adjacent,FWD,E11,E12,E8,E9,-7.937000,636.810000,OK,100,30,4
20260901-181802,comparison-7,13,adjacent,REV,E12,E11,E8,E9,4.094000,650.536000,OK,100,30,4
20260901-181802,comparison-7,13,adjacent,FWD,E11,E12,E9,E10,5.656000,638.726000,OK,100,30,4
20260901-181802,comparison-7,13,adjacent,REV,E12,E11,E9,E10,42.281000,651.175000,OK,100,30,4
20260901-181802,comparison-7,13,adjacent,FWD,E12,E1,E2,E3,194.406000,680.222000,OK,100,30,4
20260901-181802,comparison-7,13,adjacent,REV,E1,E12,E2,E3,-175.312000,669.688000,OK,100,30,4
20260901-181802,comparison-7,13,adjacent,FWD,E12,E1,E3,E4,21.812000,698.417000,OK,100,30,4
20260901-181802,comparison-7,13,adjacent,REV,E1,E12,E3,E4,-22.500000,660.112000,OK,100,30,4
20260901-181802,comparison-7,13,adjacent,FWD,E12,E1,E4,E5,-21.156000,699.055000,OK,100,30,4
20260901-181802,comparison-7,13,adjacent,REV,E1,E12,E4,E5,-3.406000,654.047000,OK,100,30,4
20260901-181802,comparison-7,13,adjacent,FWD,E12,E1,E5,E6,-11.750000,700.651000,OK,100,30,4
20260901-181802,comparison-7,13,adjacent,REV,E1,E12,E5,E6,-0.875000,655.963000,OK,100,30,4
20260901-181802,comparison-7,13,adjacent,FWD,E12,E1,E6,E7,-2.063000,699.694000,OK,100,30,4
20260901-181802,comparison-7,13,adjacent,REV,E1,E12,E6,E7,1.031000,653.728000,OK,100,30,4
20260901-181802,comparison-7,13,adjacent,FWD,E12,E1,E7,E8,-2.875000,700.651000,OK,100,30,4
20260901-181802,comparison-7,13,adjacent,REV,E1,E12,E7,E8,1.312000,653.090000,OK,100,30,4
20260901-181802,comparison-7,13,adjacent,FWD,E12,E1,E8,E9,-5.812000,701.928000,OK,100,30,4
20260901-181802,comparison-7,13,adjacent,REV,E1,E12,E8,E9,0.281000,652.132000,OK,100,30,4
20260901-181802,comparison-7,13,adjacent,FWD,E12,E1,E9,E10,17.062000,699.694000,OK,100,30,4
20260901-181802,comparison-7,13,adjacent,REV,E1,E12,E9,E10,30.781000,651.813000,OK,100,30,4
20260901-181802,comparison-7,13,adjacent,FWD,E12,E1,E10,E11,-16.750000,699.694000,OK,100,30,4
20260901-181802,comparison-7,13,adjacent,REV,E1,E12,E10,E11,-30.406000,650.855000,OK,100,30,4
20260901-181802,comparison-8,14,adjacent,FWD,E1,E2,E3,E4,215.625000,652.451000,OK,100,30,4
20260901-181802,comparison-8,14,adjacent,REV,E2,E1,E3,E4,-210.625000,679.265000,OK,100,30,4
20260901-181802,comparison-8,14,adjacent,FWD,E1,E2,E4,E5,-28.031000,663.304000,OK,100,30,4
20260901-181802,comparison-8,14,adjacent,REV,E2,E1,E4,E5,4.094000,675.115000,OK,100,30,4
20260901-181802,comparison-8,14,adjacent,FWD,E1,E2,E5,E6,-13.500000,665.858000,OK,100,30,4
20260901-181802,comparison-8,14,adjacent,REV,E2,E1,E5,E6,1.094000,673.838000,OK,100,30,4
20260901-181802,comparison-8,14,adjacent,FWD,E1,E2,E6,E7,-2.719000,665.539000,OK,100,30,4
20260901-181802,comparison-8,14,adjacent,REV,E2,E1,E6,E7,1.656000,672.242000,OK,100,30,4
20260901-181802,comparison-8,14,adjacent,FWD,E1,E2,E7,E8,-3.000000,668.092000,OK,100,30,4
20260901-181802,comparison-8,14,adjacent,REV,E2,E1,E7,E8,1.594000,672.242000,OK,100,30,4
20260901-181802,comparison-8,14,adjacent,FWD,E1,E2,E8,E9,-5.656000,669.050000,OK,100,30,4
20260901-181802,comparison-8,14,adjacent,REV,E2,E1,E8,E9,-0.375000,670.327000,OK,100,30,4
20260901-181802,comparison-8,14,adjacent,FWD,E1,E2,E9,E10,19.750000,667.454000,OK,100,30,4
20260901-181802,comparison-8,14,adjacent,REV,E2,E1,E9,E10,29.312000,673.519000,OK,100,30,4
20260901-181802,comparison-8,14,adjacent,FWD,E1,E2,E10,E11,-19.344000,670.008000,OK,100,30,4
20260901-181802,comparison-8,14,adjacent,REV,E2,E1,E10,E11,-28.906000,673.838000,OK,100,30,4
20260901-181802,comparison-8,14,adjacent,FWD,E1,E2,E11,E12,21.687000,668.731000,OK,100,30,4
20260901-181802,comparison-8,14,adjacent,REV,E2,E1,E11,E12,-3.500000,671.923000,OK,100,30,4
20260901-181802,comparison-8,14,adjacent,FWD,E2,E3,E4,E5,-42.563000,602.337000,OK,100,30,4
20260901-181802,comparison-8,14,adjacent,REV,E3,E2,E4,E5,19.937000,641.599000,OK,100,30,4
20260901-181802,comparison-8,14,adjacent,FWD,E2,E3,E5,E6,-16.781000,617.977000,OK,100,30,4
20260901-181802,comparison-8,14,adjacent,REV,E3,E2,E5,E6,4.437000,634.257000,OK,100,30,4
20260901-181802,comparison-8,14,adjacent,FWD,E2,E3,E6,E7,-3.594000,621.170000,OK,100,30,4
20260901-181802,comparison-8,14,adjacent,REV,E3,E2,E6,E7,2.688000,633.299000,OK,100,30,4
20260901-181802,comparison-8,14,adjacent,FWD,E2,E3,E7,E8,-3.281000,622.766000,OK,100,30,4
20260901-181802,comparison-8,14,adjacent,REV,E3,E2,E7,E8,2.000000,632.661000,OK,100,30,4
20260901-181802,comparison-8,14,adjacent,FWD,E2,E3,E8,E9,-5.594000,624.681000,OK,100,30,4
20260901-181802,comparison-8,14,adjacent,REV,E3,E2,E8,E9,-0.844000,631.384000,OK,100,30,4
20260901-181802,comparison-8,14,adjacent,FWD,E2,E3,E9,E10,21.437000,626.915000,OK,100,30,4
20260901-181802,comparison-8,14,adjacent,REV,E3,E2,E9,E10,28.062000,632.342000,OK,100,30,4
20260901-181802,comparison-8,14,adjacent,FWD,E2,E3,E10,E11,-21.125000,626.915000,OK,100,30,4
20260901-181802,comparison-8,14,adjacent,REV,E3,E2,E10,E11,-27.656000,631.384000,OK,100,30,4
20260901-181802,comparison-8,14,adjacent,FWD,E2,E3,E11,E12,16.156000,626.915000,OK,100,30,4
20260901-181802,comparison-8,14,adjacent,REV,E3,E2,E11,E12,2.500000,631.703000,OK,100,30,4
20260901-181802,comparison-8,14,adjacent,FWD,E2,E3,E12,E1,-53.406000,623.723000,OK,100,30,4
20260901-181802,comparison-8,14,adjacent,REV,E3,E2,E12,E1,-12.344000,630.426000,OK,100,30,4
20260901-181802,comparison-8,14,adjacent,FWD,E3,E4,E1,E2,-13.813000,662.347000,OK,100,30,4
20260901-181802,comparison-8,14,adjacent,REV,E4,E3,E1,E2,24.781000,762.257000,OK,100,30,4
20260901-181802,comparison-8,14,adjacent,FWD,E3,E4,E5,E6,-24.500000,683.733000,OK,100,30,4
20260901-181802,comparison-8,14,adjacent,REV,E4,E3,E5,E6,14.031000,750.766000,OK,100,30,4
20260901-181802,comparison-8,14,adjacent,FWD,E3,E4,E6,E7,-5.500000,690.437000,OK,100,30,4
20260901-181802,comparison-8,14,adjacent,REV,E4,E3,E6,E7,4.875000,747.893000,OK,100,30,4
20260901-181802,comparison-8,14,adjacent,FWD,E3,E4,E7,E8,-4.250000,695.225000,OK,100,30,4
20260901-181802,comparison-8,14,adjacent,REV,E4,E3,E7,E8,3.094000,746.297000,OK,100,30,4
20260901-181802,comparison-8,14,adjacent,FWD,E3,E4,E8,E9,-6.000000,693.948000,OK,100,30,4
20260901-181802,comparison-8,14,adjacent,REV,E4,E3,E8,E9,-0.750000,745.340000,OK,100,30,4
20260901-181802,comparison-8,14,adjacent,FWD,E3,E4,E9,E10,22.219000,697.459000,OK,100,30,4
20260901-181802,comparison-8,14,adjacent,REV,E4,E3,E9,E10,27.875000,745.020000,OK,100,30,4
20260901-181802,comparison-8,14,adjacent,FWD,E3,E4,E10,E11,-21.844000,696.182000,OK,100,30,4
20260901-181802,comparison-8,14,adjacent,REV,E4,E3,E10,E11,-27.500000,740.232000,OK,100,30,4
20260901-181802,comparison-8,14,adjacent,FWD,E3,E4,E11,E12,13.688000,696.182000,OK,100,30,4
20260901-181802,comparison-8,14,adjacent,REV,E4,E3,E11,E12,5.062000,742.467000,OK,100,30,4
20260901-181802,comparison-8,14,adjacent,FWD,E3,E4,E12,E1,-42.125000,697.778000,OK,100,30,4
20260901-181802,comparison-8,14,adjacent,REV,E4,E3,E12,E1,-25.094000,741.509000,OK,100,30,4
20260901-181802,comparison-8,14,adjacent,FWD,E4,E5,E1,E2,-14.313000,792.901000,OK,100,30,4
20260901-181802,comparison-8,14,adjacent,REV,E5,E4,E1,E2,11.469000,841.101000,OK,100,30,4
20260901-181802,comparison-8,14,adjacent,FWD,E4,E5,E2,E3,15.063000,820.033000,OK,100,30,4
20260901-181802,comparison-8,14,adjacent,REV,E5,E4,E2,E3,-10.781000,835.674000,OK,100,30,4
20260901-181802,comparison-8,14,adjacent,FWD,E4,E5,E6,E7,-19.500000,823.544000,OK,100,30,4
20260901-181802,comparison-8,14,adjacent,REV,E5,E4,E6,E7,18.437000,831.524000,OK,100,30,4
20260901-181802,comparison-8,14,adjacent,FWD,E4,E5,E7,E8,-11.219000,827.375000,OK,100,30,4
20260901-181802,comparison-8,14,adjacent,REV,E5,E4,E7,E8,9.688000,831.205000,OK,100,30,4
20260901-181802,comparison-8,14,adjacent,FWD,E4,E5,E8,E9,-9.781000,829.928000,OK,100,30,4
20260901-181802,comparison-8,14,adjacent,REV,E5,E4,E8,E9,2.531000,828.652000,OK,100,30,4
20260901-181802,comparison-8,14,adjacent,FWD,E4,E5,E9,E10,19.969000,828.971000,OK,100,30,4
20260901-181802,comparison-8,14,adjacent,REV,E5,E4,E9,E10,30.344000,827.694000,OK,100,30,4
20260901-181802,comparison-8,14,adjacent,FWD,E4,E5,E10,E11,-19.562000,829.609000,OK,100,30,4
20260901-181802,comparison-8,14,adjacent,REV,E5,E4,E10,E11,-29.844000,828.013000,OK,100,30,4
20260901-181802,comparison-8,14,adjacent,FWD,E4,E5,E11,E12,15.344000,828.971000,OK,100,30,4
20260901-181802,comparison-8,14,adjacent,REV,E5,E4,E11,E12,3.813000,826.736000,OK,100,30,4
20260901-181802,comparison-8,14,adjacent,FWD,E4,E5,E12,E1,-40.781000,833.121000,OK,100,30,4
20260901-181802,comparison-8,14,adjacent,REV,E5,E4,E12,E1,-27.750000,830.248000,OK,100,30,4
20260901-181802,comparison-8,14,adjacent,FWD,E5,E6,E1,E2,-5.375000,810.776000,OK,100,30,4
20260901-181802,comparison-8,14,adjacent,REV,E6,E5,E1,E2,2.375000,865.998000,OK,100,30,4
20260901-181802,comparison-8,14,adjacent,FWD,E5,E6,E2,E3,5.906000,834.397000,OK,100,30,4
20260901-181802,comparison-8,14,adjacent,REV,E6,E5,E2,E3,-1.750000,853.230000,OK,100,30,4
20260901-181802,comparison-8,14,adjacent,FWD,E5,E6,E3,E4,4.094000,839.185000,OK,100,30,4
20260901-181802,comparison-8,14,adjacent,REV,E6,E5,E3,E4,-9.531000,847.804000,OK,100,30,4
20260901-181802,comparison-8,14,adjacent,FWD,E5,E6,E7,E8,-16.062000,841.420000,OK,100,30,4
20260901-181802,comparison-8,14,adjacent,REV,E6,E5,E7,E8,14.688000,847.485000,OK,100,30,4
20260901-181802,comparison-8,14,adjacent,FWD,E5,E6,E8,E9,-10.469000,843.016000,OK,100,30,4
20260901-181802,comparison-8,14,adjacent,REV,E6,E5,E8,E9,3.063000,845.889000,OK,100,30,4
20260901-181802,comparison-8,14,adjacent,FWD,E5,E6,E9,E10,20.719000,843.654000,OK,100,30,4
20260901-181802,comparison-8,14,adjacent,REV,E6,E5,E9,E10,29.625000,843.973000,OK,100,30,4
20260901-181802,comparison-8,14,adjacent,FWD,E5,E6,E10,E11,-20.344000,845.250000,OK,100,30,4
20260901-181802,comparison-8,14,adjacent,REV,E6,E5,E10,E11,-29.250000,844.931000,OK,100,30,4
20260901-181802,comparison-8,14,adjacent,FWD,E5,E6,E11,E12,13.219000,845.250000,OK,100,30,4
20260901-181802,comparison-8,14,adjacent,REV,E6,E5,E11,E12,5.969000,844.293000,OK,100,30,4
20260901-181802,comparison-8,14,adjacent,FWD,E5,E6,E12,E1,-36.563000,844.931000,OK,100,30,4
20260901-181802,comparison-8,14,adjacent,REV,E6,E5,E12,E1,-32.344000,846.846000,OK,100,30,4
20260901-181802,comparison-8,14,adjacent,FWD,E6,E7,E1,E2,-4.281000,778.218000,OK,100,30,4
20260901-181802,comparison-8,14,adjacent,REV,E7,E6,E1,E2,0.812000,826.098000,OK,100,30,4
20260901-181802,comparison-8,14,adjacent,FWD,E6,E7,E2,E3,4.687000,798.327000,OK,100,30,4
20260901-181802,comparison-8,14,adjacent,REV,E7,E6,E2,E3,-0.312000,817.480000,OK,100,30,4
20260901-181802,comparison-8,14,adjacent,FWD,E6,E7,E3,E4,2.063000,801.839000,OK,100,30,4
20260901-181802,comparison-8,14,adjacent,REV,E7,E6,E3,E4,-5.906000,814.607000,OK,100,30,4
20260901-181802,comparison-8,14,adjacent,FWD,E6,E7,E4,E5,212.250000,805.350000,OK,100,30,4
20260901-181802,comparison-8,14,adjacent,REV,E7,E6,E4,E5,-234.125000,813.011000,OK,100,30,4
20260901-181802,comparison-8,14,adjacent,FWD,E6,E7,E8,E9,-18.062000,808.223000,OK,100,30,4
20260901-181802,comparison-8,14,adjacent,REV,E7,E6,E8,E9,10.625000,813.330000,OK,100,30,4
20260901-181802,comparison-8,14,adjacent,FWD,E6,E7,E9,E10,17.625000,809.819000,OK,100,30,4
20260901-181802,comparison-8,14,adjacent,REV,E7,E6,E9,E10,33.000000,813.330000,OK,100,30,4
20260901-181802,comparison-8,14,adjacent,FWD,E6,E7,E10,E11,-17.219000,809.180000,OK,100,30,4
20260901-181802,comparison-8,14,adjacent,REV,E7,E6,E10,E11,-32.594000,810.776000,OK,100,30,4
20260901-181802,comparison-8,14,adjacent,FWD,E6,E7,E11,E12,14.813000,809.500000,OK,100,30,4
20260901-181802,comparison-8,14,adjacent,REV,E7,E6,E11,E12,4.437000,808.223000,OK,100,30,4
20260901-181802,comparison-8,14,adjacent,FWD,E6,E7,E12,E1,-36.594000,810.138000,OK,100,30,4
20260901-181802,comparison-8,14,adjacent,REV,E7,E6,E12,E1,-32.750000,808.542000,OK,100,30,4
20260901-181802,comparison-8,14,adjacent,FWD,E7,E8,E1,E2,-4.375000,727.783000,OK,100,30,4
20260901-181802,comparison-8,14,adjacent,REV,E8,E7,E1,E2,1.000000,784.921000,OK,100,30,4
20260901-181802,comparison-8,14,adjacent,FWD,E7,E8,E2,E3,4.969000,752.362000,OK,100,30,4
20260901-181802,comparison-8,14,adjacent,REV,E8,E7,E2,E3,-0.500000,774.387000,OK,100,30,4
20260901-181802,comparison-8,14,adjacent,FWD,E7,E8,E3,E4,1.531000,755.235000,OK,100,30,4
20260901-181802,comparison-8,14,adjacent,REV,E8,E7,E3,E4,-4.906000,771.514000,OK,100,30,4
20260901-181802,comparison-8,14,adjacent,FWD,E7,E8,E4,E5,-207.562000,759.065000,OK,100,30,4
20260901-181802,comparison-8,14,adjacent,REV,E8,E7,E4,E5,179.062000,772.153000,OK,100,30,4
20260901-181802,comparison-8,14,adjacent,FWD,E7,E8,E5,E6,261.125000,760.023000,OK,100,30,4
20260901-181802,comparison-8,14,adjacent,REV,E8,E7,E5,E6,-273.500000,768.322000,OK,100,30,4
20260901-181802,comparison-8,14,adjacent,FWD,E7,E8,E9,E10,5.094000,761.300000,OK,100,30,4
20260901-181802,comparison-8,14,adjacent,REV,E8,E7,E9,E10,45.875000,768.322000,OK,100,30,4
20260901-181802,comparison-8,14,adjacent,FWD,E7,E8,E10,E11,-4.781000,760.661000,OK,100,30,4
20260901-181802,comparison-8,14,adjacent,REV,E8,E7,E10,E11,-45.469000,765.769000,OK,100,30,4
20260901-181802,comparison-8,14,adjacent,FWD,E7,E8,E11,E12,20.844000,760.023000,OK,100,30,4
20260901-181802,comparison-8,14,adjacent,REV,E8,E7,E11,E12,-1.437000,767.045000,OK,100,30,4
20260901-181802,comparison-8,14,adjacent,FWD,E7,E8,E12,E1,-37.031000,763.215000,OK,100,30,4
20260901-181802,comparison-8,14,adjacent,REV,E8,E7,E12,E1,-32.563000,767.045000,OK,100,30,4
20260901-181802,comparison-8,14,adjacent,FWD,E8,E9,E1,E2,-4.156000,615.743000,OK,100,30,4
20260901-181802,comparison-8,14,adjacent,REV,E9,E8,E1,E2,0.781000,658.836000,OK,100,30,4
20260901-181802,comparison-8,14,adjacent,FWD,E8,E9,E2,E3,4.656000,635.853000,OK,100,30,4
20260901-181802,comparison-8,14,adjacent,REV,E9,E8,E2,E3,-0.219000,653.728000,OK,100,30,4
20260901-181802,comparison-8,14,adjacent,FWD,E8,E9,E3,E4,0.969000,641.599000,OK,100,30,4
20260901-181802,comparison-8,14,adjacent,REV,E9,E8,E3,E4,-3.781000,650.855000,OK,100,30,4
20260901-181802,comparison-8,14,adjacent,FWD,E8,E9,E4,E5,-31.437000,642.237000,OK,100,30,4
20260901-181802,comparison-8,14,adjacent,REV,E9,E8,E4,E5,11.219000,647.344000,OK,100,30,4
20260901-181802,comparison-8,14,adjacent,FWD,E8,E9,E5,E6,-202.187000,644.791000,OK,100,30,4
20260901-181802,comparison-8,14,adjacent,REV,E9,E8,E5,E6,184.062000,647.983000,OK,100,30,4
20260901-181802,comparison-8,14,adjacent,FWD,E8,E9,E6,E7,-11.031000,642.875000,OK,100,30,4
20260901-181802,comparison-8,14,adjacent,REV,E9,E8,E6,E7,11.500000,646.706000,OK,100,30,4
20260901-181802,comparison-8,14,adjacent,FWD,E8,E9,E10,E11,225.000000,642.875000,OK,100,30,4
20260901-181802,comparison-8,14,adjacent,REV,E9,E8,E10,E11,-271.125000,646.706000,OK,100,30,4
20260901-181802,comparison-8,14,adjacent,FWD,E8,E9,E11,E12,34.969000,644.471000,OK,100,30,4
20260901-181802,comparison-8,14,adjacent,REV,E9,E8,E11,E12,-14.750000,646.706000,OK,100,30,4
20260901-181802,comparison-8,14,adjacent,FWD,E8,E9,E12,E1,-37.906000,645.110000,OK,100,30,4
20260901-181802,comparison-8,14,adjacent,REV,E9,E8,E12,E1,-32.063000,645.748000,OK,100,30,4
20260901-181802,comparison-8,14,adjacent,FWD,E9,E10,E1,E2,-5.812000,553.818000,OK,100,30,4
20260901-181802,comparison-8,14,adjacent,REV,E10,E9,E1,E2,2.906000,665.858000,OK,100,30,4
20260901-181802,comparison-8,14,adjacent,FWD,E9,E10,E2,E3,6.437000,583.504000,OK,100,30,4
20260901-181802,comparison-8,14,adjacent,REV,E10,E9,E2,E3,-2.406000,656.282000,OK,100,30,4
20260901-181802,comparison-8,14,adjacent,FWD,E9,E10,E3,E4,1.844000,590.207000,OK,100,30,4
20260901-181802,comparison-8,14,adjacent,REV,E10,E9,E3,E4,-4.687000,653.728000,OK,100,30,4
20260901-181802,comparison-8,14,adjacent,FWD,E9,E10,E4,E5,-24.062000,592.441000,OK,100,30,4
20260901-181802,comparison-8,14,adjacent,REV,E10,E9,E4,E5,1.844000,649.579000,OK,100,30,4
20260901-181802,comparison-8,14,adjacent,FWD,E9,E10,E5,E6,-29.562000,593.080000,OK,100,30,4
20260901-181802,comparison-8,14,adjacent,REV,E10,E9,E5,E6,20.969000,649.898000,OK,100,30,4
20260901-181802,comparison-8,14,adjacent,FWD,E9,E10,E6,E7,-6.031000,594.357000,OK,100,30,4
20260901-181802,comparison-8,14,adjacent,REV,E10,E9,E6,E7,5.531000,649.259000,OK,100,30,4
20260901-181802,comparison-8,14,adjacent,FWD,E9,E10,E7,E8,-16.219000,594.037000,OK,100,30,4
20260901-181802,comparison-8,14,adjacent,REV,E10,E9,E7,E8,16.562000,646.387000,OK,100,30,4
20260901-181802,comparison-8,14,adjacent,FWD,E9,E10,E11,E12,202.500000,596.591000,OK,100,30,4
20260901-181802,comparison-8,14,adjacent,REV,E10,E9,E11,E12,-193.562000,648.940000,OK,100,30,4
20260901-181802,comparison-8,14,adjacent,FWD,E9,E10,E12,E1,-41.000000,596.272000,OK,100,30,4
20260901-181802,comparison-8,14,adjacent,REV,E10,E9,E12,E1,-28.875000,647.344000,OK,100,30,4
20260901-181802,comparison-8,14,adjacent,FWD,E10,E11,E1,E2,-12.313000,580.950000,OK,100,30,4
20260901-181802,comparison-8,14,adjacent,REV,E11,E10,E1,E2,9.250000,619.254000,OK,100,30,4
20260901-181802,comparison-8,14,adjacent,FWD,E10,E11,E2,E3,13.031000,601.060000,OK,100,30,4
20260901-181802,comparison-8,14,adjacent,REV,E11,E10,E2,E3,-8.656000,604.890000,OK,100,30,4
20260901-181802,comparison-8,14,adjacent,FWD,E10,E11,E3,E4,5.156000,605.529000,OK,100,30,4
20260901-181802,comparison-8,14,adjacent,REV,E11,E10,E3,E4,-7.531000,602.337000,OK,100,30,4
20260901-181802,comparison-8,14,adjacent,FWD,E10,E11,E4,E5,-22.375000,606.167000,OK,100,30,4
20260901-181802,comparison-8,14,adjacent,REV,E11,E10,E4,E5,-1.312000,601.060000,OK,100,30,4
20260901-181802,comparison-8,14,adjacent,FWD,E10,E11,E5,E6,-20.906000,605.209000,OK,100,30,4
20260901-181802,comparison-8,14,adjacent,REV,E11,E10,E5,E6,8.750000,599.783000,OK,100,30,4
20260901-181802,comparison-8,14,adjacent,FWD,E10,E11,E6,E7,-4.281000,607.763000,OK,100,30,4
20260901-181802,comparison-8,14,adjacent,REV,E11,E10,E6,E7,3.250000,602.656000,OK,100,30,4
20260901-181802,comparison-8,14,adjacent,FWD,E10,E11,E7,E8,-9.250000,609.678000,OK,100,30,4
20260901-181802,comparison-8,14,adjacent,REV,E11,E10,E7,E8,7.812000,602.656000,OK,100,30,4
20260901-181802,comparison-8,14,adjacent,FWD,E10,E11,E8,E9,-23.281000,610.317000,OK,100,30,4
20260901-181802,comparison-8,14,adjacent,REV,E11,E10,E8,E9,22.250000,602.017000,OK,100,30,4
20260901-181802,comparison-8,14,adjacent,FWD,E10,E11,E12,E1,-57.406000,608.401000,OK,100,30,4
20260901-181802,comparison-8,14,adjacent,REV,E11,E10,E12,E1,-13.625000,601.379000,OK,100,30,4
20260901-181802,comparison-8,14,adjacent,FWD,E11,E12,E1,E2,-24.219000,597.548000,OK,100,30,4
20260901-181802,comparison-8,14,adjacent,REV,E12,E11,E1,E2,22.531000,658.197000,OK,100,30,4
20260901-181802,comparison-8,14,adjacent,FWD,E11,E12,E2,E3,25.062000,625.319000,OK,100,30,4
20260901-181802,comparison-8,14,adjacent,REV,E12,E11,E2,E3,-21.750000,651.813000,OK,100,30,4
20260901-181802,comparison-8,14,adjacent,FWD,E11,E12,E3,E4,9.625000,631.384000,OK,100,30,4
20260901-181802,comparison-8,14,adjacent,REV,E12,E11,E3,E4,-12.375000,651.494000,OK,100,30,4
20260901-181802,comparison-8,14,adjacent,FWD,E11,E12,E4,E5,-19.281000,631.384000,OK,100,30,4
20260901-181802,comparison-8,14,adjacent,REV,E12,E11,E4,E5,-4.250000,647.983000,OK,100,30,4
20260901-181802,comparison-8,14,adjacent,FWD,E11,E12,E5,E6,-12.750000,633.938000,OK,100,30,4
20260901-181802,comparison-8,14,adjacent,REV,E12,E11,E5,E6,0.781000,650.855000,OK,100,30,4
20260901-181802,comparison-8,14,adjacent,FWD,E11,E12,E6,E7,-2.406000,637.768000,OK,100,30,4
20260901-181802,comparison-8,14,adjacent,REV,E12,E11,E6,E7,1.375000,649.579000,OK,100,30,4
20260901-181802,comparison-8,14,adjacent,FWD,E11,E12,E7,E8,-3.938000,635.534000,OK,100,30,4
20260901-181802,comparison-8,14,adjacent,REV,E12,E11,E7,E8,2.531000,649.259000,OK,100,30,4
20260901-181802,comparison-8,14,adjacent,FWD,E11,E12,E8,E9,-7.937000,637.768000,OK,100,30,4
20260901-181802,comparison-8,14,adjacent,REV,E12,E11,E8,E9,4.187000,648.302000,OK,100,30,4
20260901-181802,comparison-8,14,adjacent,FWD,E11,E12,E9,E10,5.719000,636.172000,OK,100,30,4
20260901-181802,comparison-8,14,adjacent,REV,E12,E11,E9,E10,42.438000,647.663000,OK,100,30,4
20260901-181802,comparison-8,14,adjacent,FWD,E12,E1,E2,E3,194.219000,677.988000,OK,100,30,4
20260901-181802,comparison-8,14,adjacent,REV,E1,E12,E2,E3,-174.969000,668.731000,OK,100,30,4
20260901-181802,comparison-8,14,adjacent,FWD,E12,E1,E3,E4,21.562000,694.267000,OK,100,30,4
20260901-181802,comparison-8,14,adjacent,REV,E1,E12,E3,E4,-22.719000,657.559000,OK,100,30,4
20260901-181802,comparison-8,14,adjacent,FWD,E12,E1,E4,E5,-21.312000,697.778000,OK,100,30,4
20260901-181802,comparison-8,14,adjacent,REV,E1,E12,E4,E5,-3.438000,654.686000,OK,100,30,4
20260901-181802,comparison-8,14,adjacent,FWD,E12,E1,E5,E6,-11.750000,700.651000,OK,100,30,4
20260901-181802,comparison-8,14,adjacent,REV,E1,E12,E5,E6,-0.906000,654.047000,OK,100,30,4
20260901-181802,comparison-8,14,adjacent,FWD,E12,E1,E6,E7,-2.156000,700.651000,OK,100,30,4
20260901-181802,comparison-8,14,adjacent,REV,E1,E12,E6,E7,0.969000,651.813000,OK,100,30,4
20260901-181802,comparison-8,14,adjacent,FWD,E12,E1,E7,E8,-2.875000,700.332000,OK,100,30,4
20260901-181802,comparison-8,14,adjacent,REV,E1,E12,E7,E8,1.281000,651.813000,OK,100,30,4
20260901-181802,comparison-8,14,adjacent,FWD,E12,E1,E8,E9,-5.656000,699.694000,OK,100,30,4
20260901-181802,comparison-8,14,adjacent,REV,E1,E12,E8,E9,0.375000,650.855000,OK,100,30,4
20260901-181802,comparison-8,14,adjacent,FWD,E12,E1,E9,E10,17.156000,698.098000,OK,100,30,4
20260901-181802,comparison-8,14,adjacent,REV,E1,E12,E9,E10,30.781000,650.217000,OK,100,30,4
20260901-181802,comparison-8,14,adjacent,FWD,E12,E1,E10,E11,-16.719000,697.459000,OK,100,30,4
20260901-181802,comparison-8,14,adjacent,REV,E1,E12,E10,E11,-30.344000,651.175000,OK,100,30,4
20260901-181802,comparison-9,15,adjacent,FWD,E1,E2,E3,E4,215.187000,651.813000,OK,100,30,4
20260901-181802,comparison-9,15,adjacent,REV,E2,E1,E3,E4,-210.562000,679.903000,OK,100,30,4
20260901-181802,comparison-9,15,adjacent,FWD,E1,E2,E4,E5,-27.875000,664.262000,OK,100,30,4
20260901-181802,comparison-9,15,adjacent,REV,E2,E1,E4,E5,4.000000,673.519000,OK,100,30,4
20260901-181802,comparison-9,15,adjacent,FWD,E1,E2,E5,E6,-13.500000,665.539000,OK,100,30,4
20260901-181802,comparison-9,15,adjacent,REV,E2,E1,E5,E6,1.281000,673.200000,OK,100,30,4
20260901-181802,comparison-9,15,adjacent,FWD,E1,E2,E6,E7,-2.750000,667.454000,OK,100,30,4
20260901-181802,comparison-9,15,adjacent,REV,E2,E1,E6,E7,1.656000,671.923000,OK,100,30,4
20260901-181802,comparison-9,15,adjacent,FWD,E1,E2,E7,E8,-3.000000,665.539000,OK,100,30,4
20260901-181802,comparison-9,15,adjacent,REV,E2,E1,E7,E8,1.594000,670.646000,OK,100,30,4
20260901-181802,comparison-9,15,adjacent,FWD,E1,E2,E8,E9,-5.562000,665.858000,OK,100,30,4
20260901-181802,comparison-9,15,adjacent,REV,E2,E1,E8,E9,-0.312000,671.284000,OK,100,30,4
20260901-181802,comparison-9,15,adjacent,FWD,E1,E2,E9,E10,19.750000,667.135000,OK,100,30,4
20260901-181802,comparison-9,15,adjacent,REV,E2,E1,E9,E10,29.219000,670.965000,OK,100,30,4
20260901-181802,comparison-9,15,adjacent,FWD,E1,E2,E10,E11,-19.344000,667.773000,OK,100,30,4
20260901-181802,comparison-9,15,adjacent,REV,E2,E1,E10,E11,-28.906000,670.008000,OK,100,30,4
20260901-181802,comparison-9,15,adjacent,FWD,E1,E2,E11,E12,21.750000,670.008000,OK,100,30,4
20260901-181802,comparison-9,15,adjacent,REV,E2,E1,E11,E12,-3.344000,673.838000,OK,100,30,4
20260901-181802,comparison-9,15,adjacent,FWD,E2,E3,E4,E5,-42.344000,600.102000,OK,100,30,4
20260901-181802,comparison-9,15,adjacent,REV,E3,E2,E4,E5,19.656000,639.045000,OK,100,30,4
20260901-181802,comparison-9,15,adjacent,FWD,E2,E3,E5,E6,-16.687000,617.977000,OK,100,30,4
20260901-181802,comparison-9,15,adjacent,REV,E3,E2,E5,E6,4.437000,634.257000,OK,100,30,4
20260901-181802,comparison-9,15,adjacent,FWD,E2,E3,E6,E7,-3.563000,621.489000,OK,100,30,4
20260901-181802,comparison-9,15,adjacent,REV,E3,E2,E6,E7,2.563000,633.938000,OK,100,30,4
20260901-181802,comparison-9,15,adjacent,FWD,E2,E3,E7,E8,-3.313000,622.127000,OK,100,30,4
20260901-181802,comparison-9,15,adjacent,REV,E3,E2,E7,E8,1.969000,630.746000,OK,100,30,4
20260901-181802,comparison-9,15,adjacent,FWD,E2,E3,E8,E9,-5.531000,623.085000,OK,100,30,4
20260901-181802,comparison-9,15,adjacent,REV,E3,E2,E8,E9,-0.844000,631.384000,OK,100,30,4
20260901-181802,comparison-9,15,adjacent,FWD,E2,E3,E9,E10,21.406000,623.404000,OK,100,30,4
20260901-181802,comparison-9,15,adjacent,REV,E3,E2,E9,E10,28.062000,630.107000,OK,100,30,4
20260901-181802,comparison-9,15,adjacent,FWD,E2,E3,E10,E11,-21.125000,625.319000,OK,100,30,4
20260901-181802,comparison-9,15,adjacent,REV,E3,E2,E10,E11,-27.625000,630.426000,OK,100,30,4
20260901-181802,comparison-9,15,adjacent,FWD,E2,E3,E11,E12,16.125000,625.000000,OK,100,30,4
20260901-181802,comparison-9,15,adjacent,REV,E3,E2,E11,E12,2.563000,630.746000,OK,100,30,4
20260901-181802,comparison-9,15,adjacent,FWD,E2,E3,E12,E1,-53.344000,624.681000,OK,100,30,4
20260901-181802,comparison-9,15,adjacent,REV,E3,E2,E12,E1,-12.469000,629.469000,OK,100,30,4
20260901-181802,comparison-9,15,adjacent,FWD,E3,E4,E1,E2,-13.719000,664.262000,OK,100,30,4
20260901-181802,comparison-9,15,adjacent,REV,E4,E3,E1,E2,24.937000,760.661000,OK,100,30,4
20260901-181802,comparison-9,15,adjacent,FWD,E3,E4,E5,E6,-24.437000,683.414000,OK,100,30,4
20260901-181802,comparison-9,15,adjacent,REV,E4,E3,E5,E6,14.000000,748.212000,OK,100,30,4
20260901-181802,comparison-9,15,adjacent,FWD,E3,E4,E6,E7,-5.500000,688.202000,OK,100,30,4
20260901-181802,comparison-9,15,adjacent,REV,E4,E3,E6,E7,4.844000,744.382000,OK,100,30,4
20260901-181802,comparison-9,15,adjacent,FWD,E3,E4,E7,E8,-4.312000,692.671000,OK,100,30,4
20260901-181802,comparison-9,15,adjacent,REV,E4,E3,E7,E8,3.156000,745.020000,OK,100,30,4
20260901-181802,comparison-9,15,adjacent,FWD,E3,E4,E8,E9,-5.906000,693.629000,OK,100,30,4
20260901-181802,comparison-9,15,adjacent,REV,E4,E3,E8,E9,-0.687000,742.467000,OK,100,30,4
20260901-181802,comparison-9,15,adjacent,FWD,E3,E4,E9,E10,22.187000,694.267000,OK,100,30,4
20260901-181802,comparison-9,15,adjacent,REV,E4,E3,E9,E10,27.781000,742.467000,OK,100,30,4
20260901-181802,comparison-9,15,adjacent,FWD,E3,E4,E10,E11,-21.750000,696.821000,OK,100,30,4
20260901-181802,comparison-9,15,adjacent,REV,E4,E3,E10,E11,-27.406000,742.467000,OK,100,30,4
20260901-181802,comparison-9,15,adjacent,FWD,E3,E4,E11,E12,13.594000,695.863000,OK,100,30,4
20260901-181802,comparison-9,15,adjacent,REV,E4,E3,E11,E12,5.000000,740.871000,OK,100,30,4
20260901-181802,comparison-9,15,adjacent,FWD,E3,E4,E12,E1,-41.969000,699.374000,OK,100,30,4
20260901-181802,comparison-9,15,adjacent,REV,E4,E3,E12,E1,-24.937000,740.552000,OK,100,30,4
20260901-181802,comparison-9,15,adjacent,FWD,E4,E5,E1,E2,-14.313000,794.178000,OK,100,30,4
20260901-181802,comparison-9,15,adjacent,REV,E5,E4,E1,E2,11.500000,839.185000,OK,100,30,4
20260901-181802,comparison-9,15,adjacent,FWD,E4,E5,E2,E3,15.063000,816.841000,OK,100,30,4
20260901-181802,comparison-9,15,adjacent,REV,E5,E4,E2,E3,-10.813000,832.163000,OK,100,30,4
20260901-181802,comparison-9,15,adjacent,FWD,E4,E5,E6,E7,-19.469000,823.864000,OK,100,30,4
20260901-181802,comparison-9,15,adjacent,REV,E5,E4,E6,E7,18.312000,829.928000,OK,100,30,4
20260901-181802,comparison-9,15,adjacent,FWD,E4,E5,E7,E8,-11.156000,825.140000,OK,100,30,4
20260901-181802,comparison-9,15,adjacent,REV,E5,E4,E7,E8,9.688000,829.928000,OK,100,30,4
20260901-181802,comparison-9,15,adjacent,FWD,E4,E5,E8,E9,-9.688000,828.332000,OK,100,30,4
20260901-181802,comparison-9,15,adjacent,REV,E5,E4,E8,E9,2.594000,829.290000,OK,100,30,4
20260901-181802,comparison-9,15,adjacent,FWD,E4,E5,E9,E10,19.875000,829.609000,OK,100,30,4
20260901-181802,comparison-9,15,adjacent,REV,E5,E4,E9,E10,30.156000,827.375000,OK,100,30,4
20260901-181802,comparison-9,15,adjacent,FWD,E4,E5,E10,E11,-19.531000,828.652000,OK,100,30,4
20260901-181802,comparison-9,15,adjacent,REV,E5,E4,E10,E11,-29.781000,827.056000,OK,100,30,4
20260901-181802,comparison-9,15,adjacent,FWD,E4,E5,E11,E12,15.313000,828.971000,OK,100,30,4
20260901-181802,comparison-9,15,adjacent,REV,E5,E4,E11,E12,3.781000,825.460000,OK,100,30,4
20260901-181802,comparison-9,15,adjacent,FWD,E4,E5,E12,E1,-40.781000,828.013000,OK,100,30,4
20260901-181802,comparison-9,15,adjacent,REV,E5,E4,E12,E1,-27.594000,826.098000,OK,100,30,4
20260901-181802,comparison-9,15,adjacent,FWD,E5,E6,E1,E2,-5.469000,809.180000,OK,100,30,4
20260901-181802,comparison-9,15,adjacent,REV,E6,E5,E1,E2,2.188000,862.487000,OK,100,30,4
20260901-181802,comparison-9,15,adjacent,FWD,E5,E6,E2,E3,6.062000,831.205000,OK,100,30,4
20260901-181802,comparison-9,15,adjacent,REV,E6,E5,E2,E3,-1.562000,848.761000,OK,100,30,4
20260901-181802,comparison-9,15,adjacent,FWD,E5,E6,E3,E4,4.000000,837.589000,OK,100,30,4
20260901-181802,comparison-9,15,adjacent,REV,E6,E5,E3,E4,-9.531000,847.165000,OK,100,30,4
20260901-181802,comparison-9,15,adjacent,FWD,E5,E6,E7,E8,-15.906000,840.143000,OK,100,30,4
20260901-181802,comparison-9,15,adjacent,REV,E6,E5,E7,E8,14.656000,847.165000,OK,100,30,4
20260901-181802,comparison-9,15,adjacent,FWD,E5,E6,E8,E9,-10.406000,841.420000,OK,100,30,4
20260901-181802,comparison-9,15,adjacent,REV,E6,E5,E8,E9,3.094000,844.931000,OK,100,30,4
20260901-181802,comparison-9,15,adjacent,FWD,E5,E6,E9,E10,20.281000,840.781000,OK,100,30,4
20260901-181802,comparison-9,15,adjacent,REV,E6,E5,E9,E10,29.125000,844.931000,OK,100,30,4
20260901-181802,comparison-9,15,adjacent,FWD,E5,E6,E10,E11,-19.875000,841.101000,OK,100,30,4
20260901-181802,comparison-9,15,adjacent,REV,E6,E5,E10,E11,-28.719000,841.739000,OK,100,30,4
20260901-181802,comparison-9,15,adjacent,FWD,E5,E6,E11,E12,12.781000,841.739000,OK,100,30,4
20260901-181802,comparison-9,15,adjacent,REV,E6,E5,E11,E12,5.500000,842.697000,OK,100,30,4
20260901-181802,comparison-9,15,adjacent,FWD,E5,E6,E12,E1,-36.500000,843.973000,OK,100,30,4
20260901-181802,comparison-9,15,adjacent,REV,E6,E5,E12,E1,-32.375000,842.377000,OK,100,30,4
20260901-181802,comparison-9,15,adjacent,FWD,E6,E7,E1,E2,-4.312000,774.068000,OK,100,30,4
20260901-181802,comparison-9,15,adjacent,REV,E7,E6,E1,E2,0.812000,823.864000,OK,100,30,4
20260901-181802,comparison-9,15,adjacent,FWD,E6,E7,E2,E3,4.844000,798.008000,OK,100,30,4
20260901-181802,comparison-9,15,adjacent,REV,E7,E6,E2,E3,-0.281000,817.480000,OK,100,30,4
20260901-181802,comparison-9,15,adjacent,FWD,E6,E7,E3,E4,1.875000,803.754000,OK,100,30,4
20260901-181802,comparison-9,15,adjacent,REV,E7,E6,E3,E4,-6.000000,812.053000,OK,100,30,4
20260901-181802,comparison-9,15,adjacent,FWD,E6,E7,E4,E5,211.687000,802.796000,OK,100,30,4
20260901-181802,comparison-9,15,adjacent,REV,E7,E6,E4,E5,-233.312000,810.457000,OK,100,30,4
20260901-181802,comparison-9,15,adjacent,FWD,E6,E7,E8,E9,-17.969000,807.265000,OK,100,30,4
20260901-181802,comparison-9,15,adjacent,REV,E7,E6,E8,E9,10.563000,809.819000,OK,100,30,4
20260901-181802,comparison-9,15,adjacent,FWD,E6,E7,E9,E10,17.125000,806.307000,OK,100,30,4
20260901-181802,comparison-9,15,adjacent,REV,E7,E6,E9,E10,32.406000,807.903000,OK,100,30,4
20260901-181802,comparison-9,15,adjacent,FWD,E6,E7,E10,E11,-16.750000,806.307000,OK,100,30,4
20260901-181802,comparison-9,15,adjacent,REV,E7,E6,E10,E11,-32.094000,808.861000,OK,100,30,4
20260901-181802,comparison-9,15,adjacent,FWD,E6,E7,E11,E12,14.344000,808.861000,OK,100,30,4
20260901-181802,comparison-9,15,adjacent,REV,E7,E6,E11,E12,3.875000,806.946000,OK,100,30,4
20260901-181802,comparison-9,15,adjacent,FWD,E6,E7,E12,E1,-36.563000,806.946000,OK,100,30,4
20260901-181802,comparison-9,15,adjacent,REV,E7,E6,E12,E1,-32.656000,807.903000,OK,100,30,4
20260901-181802,comparison-9,15,adjacent,FWD,E7,E8,E1,E2,-4.437000,727.783000,OK,100,30,4
20260901-181802,comparison-9,15,adjacent,REV,E8,E7,E1,E2,0.969000,783.325000,OK,100,30,4
20260901-181802,comparison-9,15,adjacent,FWD,E7,E8,E2,E3,4.906000,748.212000,OK,100,30,4
20260901-181802,comparison-9,15,adjacent,REV,E8,E7,E2,E3,-0.469000,773.430000,OK,100,30,4
20260901-181802,comparison-9,15,adjacent,FWD,E7,E8,E3,E4,1.406000,753.000000,OK,100,30,4
20260901-181802,comparison-9,15,adjacent,REV,E8,E7,E3,E4,-4.937000,772.472000,OK,100,30,4
20260901-181802,comparison-9,15,adjacent,FWD,E7,E8,E4,E5,-206.937000,756.193000,OK,100,30,4
20260901-181802,comparison-9,15,adjacent,REV,E8,E7,E4,E5,179.094000,768.322000,OK,100,30,4
20260901-181802,comparison-9,15,adjacent,FWD,E7,E8,E5,E6,260.625000,754.916000,OK,100,30,4
20260901-181802,comparison-9,15,adjacent,REV,E8,E7,E5,E6,-272.687000,767.045000,OK,100,30,4
20260901-181802,comparison-9,15,adjacent,FWD,E7,E8,E9,E10,4.687000,759.704000,OK,100,30,4
20260901-181802,comparison-9,15,adjacent,REV,E8,E7,E9,E10,45.406000,765.130000,OK,100,30,4
20260901-181802,comparison-9,15,adjacent,FWD,E7,E8,E10,E11,-4.500000,758.746000,OK,100,30,4
20260901-181802,comparison-9,15,adjacent,REV,E8,E7,E10,E11,-44.906000,766.088000,OK,100,30,4
20260901-181802,comparison-9,15,adjacent,FWD,E7,E8,E11,E12,20.250000,760.661000,OK,100,30,4
20260901-181802,comparison-9,15,adjacent,REV,E8,E7,E11,E12,-1.906000,767.045000,OK,100,30,4
20260901-181802,comparison-9,15,adjacent,FWD,E7,E8,E12,E1,-37.031000,761.619000,OK,100,30,4
20260901-181802,comparison-9,15,adjacent,REV,E8,E7,E12,E1,-32.594000,767.045000,OK,100,30,4
20260901-181802,comparison-9,15,adjacent,FWD,E8,E9,E1,E2,-4.094000,614.786000,OK,100,30,4
20260901-181802,comparison-9,15,adjacent,REV,E9,E8,E1,E2,0.687000,658.516000,OK,100,30,4
20260901-181802,comparison-9,15,adjacent,FWD,E8,E9,E2,E3,4.687000,634.576000,OK,100,30,4
20260901-181802,comparison-9,15,adjacent,REV,E9,E8,E2,E3,-0.281000,648.940000,OK,100,30,4
20260901-181802,comparison-9,15,adjacent,FWD,E8,E9,E3,E4,0.812000,638.726000,OK,100,30,4
20260901-181802,comparison-9,15,adjacent,REV,E9,E8,E3,E4,-3.875000,647.983000,OK,100,30,4
20260901-181802,comparison-9,15,adjacent,FWD,E8,E9,E4,E5,-31.312000,640.003000,OK,100,30,4
20260901-181802,comparison-9,15,adjacent,REV,E9,E8,E4,E5,10.938000,646.706000,OK,100,30,4
20260901-181802,comparison-9,15,adjacent,FWD,E8,E9,E5,E6,-201.969000,641.599000,OK,100,30,4
20260901-181802,comparison-9,15,adjacent,REV,E9,E8,E5,E6,183.375000,645.429000,OK,100,30,4
20260901-181802,comparison-9,15,adjacent,FWD,E8,E9,E6,E7,-11.125000,642.556000,OK,100,30,4
20260901-181802,comparison-9,15,adjacent,REV,E9,E8,E6,E7,11.406000,647.344000,OK,100,30,4
20260901-181802,comparison-9,15,adjacent,FWD,E8,E9,E10,E11,224.437000,643.833000,OK,100,30,4
20260901-181802,comparison-9,15,adjacent,REV,E9,E8,E10,E11,-270.187000,647.983000,OK,100,30,4
20260901-181802,comparison-9,15,adjacent,FWD,E8,E9,E11,E12,34.688000,642.556000,OK,100,30,4
20260901-181802,comparison-9,15,adjacent,REV,E9,E8,E11,E12,-14.938000,645.748000,OK,100,30,4
20260901-181802,comparison-9,15,adjacent,FWD,E8,E9,E12,E1,-37.813000,643.195000,OK,100,30,4
20260901-181802,comparison-9,15,adjacent,REV,E9,E8,E12,E1,-32.063000,646.387000,OK,100,30,4
20260901-181802,comparison-9,15,adjacent,FWD,E9,E10,E1,E2,-5.906000,550.306000,OK,100,30,4
20260901-181802,comparison-9,15,adjacent,REV,E10,E9,E1,E2,2.844000,662.347000,OK,100,30,4
20260901-181802,comparison-9,15,adjacent,FWD,E9,E10,E2,E3,6.469000,581.588000,OK,100,30,4
20260901-181802,comparison-9,15,adjacent,REV,E10,E9,E2,E3,-2.344000,651.494000,OK,100,30,4
20260901-181802,comparison-9,15,adjacent,FWD,E9,E10,E3,E4,1.750000,589.249000,OK,100,30,4
20260901-181802,comparison-9,15,adjacent,REV,E10,E9,E3,E4,-4.750000,651.494000,OK,100,30,4
20260901-181802,comparison-9,15,adjacent,FWD,E9,E10,E4,E5,-24.125000,589.568000,OK,100,30,4
20260901-181802,comparison-9,15,adjacent,REV,E10,E9,E4,E5,1.750000,649.259000,OK,100,30,4
20260901-181802,comparison-9,15,adjacent,FWD,E9,E10,E5,E6,-29.625000,593.080000,OK,100,30,4
20260901-181802,comparison-9,15,adjacent,REV,E10,E9,E5,E6,20.750000,651.813000,OK,100,30,4
20260901-181802,comparison-9,15,adjacent,FWD,E9,E10,E6,E7,-6.031000,597.229000,OK,100,30,4
20260901-181802,comparison-9,15,adjacent,REV,E10,E9,E6,E7,5.500000,649.579000,OK,100,30,4
20260901-181802,comparison-9,15,adjacent,FWD,E9,E10,E7,E8,-16.156000,595.633000,OK,100,30,4
20260901-181802,comparison-9,15,adjacent,REV,E10,E9,E7,E8,16.562000,647.983000,OK,100,30,4
20260901-181802,comparison-9,15,adjacent,FWD,E9,E10,E11,E12,202.781000,597.229000,OK,100,30,4
20260901-181802,comparison-9,15,adjacent,REV,E10,E9,E11,E12,-193.281000,645.748000,OK,100,30,4
20260901-181802,comparison-9,15,adjacent,FWD,E9,E10,E12,E1,-41.000000,594.037000,OK,100,30,4
20260901-181802,comparison-9,15,adjacent,REV,E10,E9,E12,E1,-28.844000,645.429000,OK,100,30,4
20260901-181802,comparison-9,15,adjacent,FWD,E10,E11,E1,E2,-12.281000,578.716000,OK,100,30,4
20260901-181802,comparison-9,15,adjacent,REV,E11,E10,E1,E2,9.281000,618.297000,OK,100,30,4
20260901-181802,comparison-9,15,adjacent,FWD,E10,E11,E2,E3,13.094000,600.102000,OK,100,30,4
20260901-181802,comparison-9,15,adjacent,REV,E11,E10,E2,E3,-8.625000,603.294000,OK,100,30,4
20260901-181802,comparison-9,15,adjacent,FWD,E10,E11,E3,E4,5.094000,605.209000,OK,100,30,4
20260901-181802,comparison-9,15,adjacent,REV,E11,E10,E3,E4,-7.594000,603.294000,OK,100,30,4
20260901-181802,comparison-9,15,adjacent,FWD,E10,E11,E4,E5,-22.437000,608.401000,OK,100,30,4
20260901-181802,comparison-9,15,adjacent,REV,E11,E10,E4,E5,-1.344000,602.656000,OK,100,30,4
20260901-181802,comparison-9,15,adjacent,FWD,E10,E11,E5,E6,-20.875000,608.082000,OK,100,30,4
20260901-181802,comparison-9,15,adjacent,REV,E11,E10,E5,E6,8.844000,602.656000,OK,100,30,4
20260901-181802,comparison-9,15,adjacent,FWD,E10,E11,E6,E7,-4.312000,608.401000,OK,100,30,4
20260901-181802,comparison-9,15,adjacent,REV,E11,E10,E6,E7,3.219000,602.017000,OK,100,30,4
20260901-181802,comparison-9,15,adjacent,FWD,E10,E11,E7,E8,-9.250000,609.040000,OK,100,30,4
20260901-181802,comparison-9,15,adjacent,REV,E11,E10,E7,E8,7.875000,602.017000,OK,100,30,4
20260901-181802,comparison-9,15,adjacent,FWD,E10,E11,E8,E9,-23.344000,608.082000,OK,100,30,4
20260901-181802,comparison-9,15,adjacent,REV,E11,E10,E8,E9,22.312000,600.421000,OK,100,30,4
20260901-181802,comparison-9,15,adjacent,FWD,E10,E11,E12,E1,-57.156000,608.082000,OK,100,30,4
20260901-181802,comparison-9,15,adjacent,REV,E11,E10,E12,E1,-13.469000,601.060000,OK,100,30,4
20260901-181802,comparison-9,15,adjacent,FWD,E11,E12,E1,E2,-24.125000,596.272000,OK,100,30,4
20260901-181802,comparison-9,15,adjacent,REV,E12,E11,E1,E2,22.469000,657.559000,OK,100,30,4
20260901-181802,comparison-9,15,adjacent,FWD,E11,E12,E2,E3,25.062000,625.958000,OK,100,30,4
20260901-181802,comparison-9,15,adjacent,REV,E12,E11,E2,E3,-21.750000,653.728000,OK,100,30,4
20260901-181802,comparison-9,15,adjacent,FWD,E11,E12,E3,E4,9.500000,633.618000,OK,100,30,4
20260901-181802,comparison-9,15,adjacent,REV,E12,E11,E3,E4,-12.406000,652.771000,OK,100,30,4
20260901-181802,comparison-9,15,adjacent,FWD,E11,E12,E4,E5,-19.437000,634.576000,OK,100,30,4
20260901-181802,comparison-9,15,adjacent,REV,E12,E11,E4,E5,-4.281000,649.898000,OK,100,30,4
20260901-181802,comparison-9,15,adjacent,FWD,E11,E12,E5,E6,-12.750000,636.491000,OK,100,30,4
20260901-181802,comparison-9,15,adjacent,REV,E12,E11,E5,E6,0.781000,651.175000,OK,100,30,4
20260901-181802,comparison-9,15,adjacent,FWD,E11,E12,E6,E7,-2.438000,637.449000,OK,100,30,4
20260901-181802,comparison-9,15,adjacent,REV,E12,E11,E6,E7,1.250000,649.898000,OK,100,30,4
20260901-181802,comparison-9,15,adjacent,FWD,E11,E12,E7,E8,-3.906000,634.576000,OK,100,30,4
20260901-181802,comparison-9,15,adjacent,REV,E12,E11,E7,E8,2.563000,647.663000,OK,100,30,4
20260901-181802,comparison-9,15,adjacent,FWD,E11,E12,E8,E9,-7.937000,637.130000,OK,100,30,4
20260901-181802,comparison-9,15,adjacent,REV,E12,E11,E8,E9,4.156000,647.663000,OK,100,30,4
20260901-181802,comparison-9,15,adjacent,FWD,E11,E12,E9,E10,5.344000,637.449000,OK,100,30,4
20260901-181802,comparison-9,15,adjacent,REV,E12,E11,E9,E10,41.969000,648.940000,OK,100,30,4
20260901-181802,comparison-9,15,adjacent,FWD,E12,E1,E2,E3,193.750000,680.541000,OK,100,30,4
20260901-181802,comparison-9,15,adjacent,REV,E1,E12,E2,E3,-175.031000,670.327000,OK,100,30,4
20260901-181802,comparison-9,15,adjacent,FWD,E12,E1,E3,E4,21.344000,695.863000,OK,100,30,4
20260901-181802,comparison-9,15,adjacent,REV,E1,E12,E3,E4,-22.531000,656.282000,OK,100,30,4
20260901-181802,comparison-9,15,adjacent,FWD,E12,E1,E4,E5,-21.281000,697.778000,OK,100,30,4
20260901-181802,comparison-9,15,adjacent,REV,E1,E12,E4,E5,-3.406000,655.324000,OK,100,30,4
20260901-181802,comparison-9,15,adjacent,FWD,E12,E1,E5,E6,-11.813000,701.290000,OK,100,30,4
20260901-181802,comparison-9,15,adjacent,REV,E1,E12,E5,E6,-0.875000,653.090000,OK,100,30,4
20260901-181802,comparison-9,15,adjacent,FWD,E12,E1,E6,E7,-2.188000,698.098000,OK,100,30,4
20260901-181802,comparison-9,15,adjacent,REV,E1,E12,E6,E7,0.969000,649.579000,OK,100,30,4
20260901-181802,comparison-9,15,adjacent,FWD,E12,E1,E7,E8,-2.875000,698.417000,OK,100,30,4
20260901-181802,comparison-9,15,adjacent,REV,E1,E12,E7,E8,1.312000,653.090000,OK,100,30,4
20260901-181802,comparison-9,15,adjacent,FWD,E12,E1,E8,E9,-5.719000,699.055000,OK,100,30,4
20260901-181802,comparison-9,15,adjacent,REV,E1,E12,E8,E9,0.344000,650.855000,OK,100,30,4
20260901-181802,comparison-9,15,adjacent,FWD,E12,E1,E9,E10,16.687000,697.459000,OK,100,30,4
20260901-181802,comparison-9,15,adjacent,REV,E1,E12,E9,E10,30.406000,651.813000,OK,100,30,4
20260901-181802,comparison-9,15,adjacent,FWD,E12,E1,E10,E11,-16.437000,699.374000,OK,100,30,4
20260901-181802,comparison-9,15,adjacent,REV,E1,E12,E10,E11,-30.125000,652.771000,OK,100,30,4
20260901-181802,comparison-10,16,adjacent,FWD,E1,E2,E3,E4,215.812000,651.813000,OK,100,30,4
20260901-181802,comparison-10,16,adjacent,REV,E2,E1,E3,E4,-210.062000,678.307000,OK,100,30,4
20260901-181802,comparison-10,16,adjacent,FWD,E1,E2,E4,E5,-28.062000,661.070000,OK,100,30,4
20260901-181802,comparison-10,16,adjacent,REV,E2,E1,E4,E5,3.969000,671.923000,OK,100,30,4
20260901-181802,comparison-10,16,adjacent,FWD,E1,E2,E5,E6,-13.469000,663.304000,OK,100,30,4
20260901-181802,comparison-10,16,adjacent,REV,E2,E1,E5,E6,1.187000,671.604000,OK,100,30,4
20260901-181802,comparison-10,16,adjacent,FWD,E1,E2,E6,E7,-2.719000,664.900000,OK,100,30,4
20260901-181802,comparison-10,16,adjacent,REV,E2,E1,E6,E7,1.687000,670.008000,OK,100,30,4
20260901-181802,comparison-10,16,adjacent,FWD,E1,E2,E7,E8,-3.000000,667.135000,OK,100,30,4
20260901-181802,comparison-10,16,adjacent,REV,E2,E1,E7,E8,1.562000,671.604000,OK,100,30,4
20260901-181802,comparison-10,16,adjacent,FWD,E1,E2,E8,E9,-5.562000,668.092000,OK,100,30,4
20260901-181802,comparison-10,16,adjacent,REV,E2,E1,E8,E9,-0.344000,669.369000,OK,100,30,4
20260901-181802,comparison-10,16,adjacent,FWD,E1,E2,E9,E10,19.437000,667.773000,OK,100,30,4
20260901-181802,comparison-10,16,adjacent,REV,E2,E1,E9,E10,28.937000,670.965000,OK,100,30,4
20260901-181802,comparison-10,16,adjacent,FWD,E1,E2,E10,E11,-19.031000,668.412000,OK,100,30,4
20260901-181802,comparison-10,16,adjacent,REV,E2,E1,E10,E11,-28.625000,670.008000,OK,100,30,4
20260901-181802,comparison-10,16,adjacent,FWD,E1,E2,E11,E12,21.406000,665.858000,OK,100,30,4
20260901-181802,comparison-10,16,adjacent,REV,E2,E1,E11,E12,-3.781000,670.646000,OK,100,30,4
20260901-181802,comparison-10,16,adjacent,FWD,E2,E3,E4,E5,-42.625000,599.464000,OK,100,30,4
20260901-181802,comparison-10,16,adjacent,REV,E3,E2,E4,E5,19.625000,640.960000,OK,100,30,4
20260901-181802,comparison-10,16,adjacent,FWD,E2,E3,E5,E6,-16.594000,616.382000,OK,100,30,4
20260901-181802,comparison-10,16,adjacent,REV,E3,E2,E5,E6,4.562000,634.576000,OK,100,30,4
20260901-181802,comparison-10,16,adjacent,FWD,E2,E3,E6,E7,-3.563000,620.212000,OK,100,30,4
20260901-181802,comparison-10,16,adjacent,REV,E3,E2,E6,E7,2.469000,631.703000,OK,100,30,4
20260901-181802,comparison-10,16,adjacent,FWD,E2,E3,E7,E8,-3.313000,623.085000,OK,100,30,4
20260901-181802,comparison-10,16,adjacent,REV,E3,E2,E7,E8,1.906000,632.661000,OK,100,30,4
20260901-181802,comparison-10,16,adjacent,FWD,E2,E3,E8,E9,-5.531000,624.042000,OK,100,30,4
20260901-181802,comparison-10,16,adjacent,REV,E3,E2,E8,E9,-0.781000,630.426000,OK,100,30,4
20260901-181802,comparison-10,16,adjacent,FWD,E2,E3,E9,E10,21.125000,623.404000,OK,100,30,4
20260901-181802,comparison-10,16,adjacent,REV,E3,E2,E9,E10,27.719000,631.384000,OK,100,30,4
20260901-181802,comparison-10,16,adjacent,FWD,E2,E3,E10,E11,-20.750000,625.638000,OK,100,30,4
20260901-181802,comparison-10,16,adjacent,REV,E3,E2,E10,E11,-27.312000,627.873000,OK,100,30,4
20260901-181802,comparison-10,16,adjacent,FWD,E2,E3,E11,E12,15.688000,623.404000,OK,100,30,4
20260901-181802,comparison-10,16,adjacent,REV,E3,E2,E11,E12,2.156000,628.830000,OK,100,30,4
20260901-181802,comparison-10,16,adjacent,FWD,E2,E3,E12,E1,-53.250000,623.404000,OK,100,30,4
20260901-181802,comparison-10,16,adjacent,REV,E3,E2,E12,E1,-12.625000,629.150000,OK,100,30,4
20260901-181802,comparison-10,16,adjacent,FWD,E3,E4,E1,E2,-13.750000,662.985000,OK,100,30,4
20260901-181802,comparison-10,16,adjacent,REV,E4,E3,E1,E2,24.562000,757.789000,OK,100,30,4
20260901-181802,comparison-10,16,adjacent,FWD,E3,E4,E5,E6,-24.594000,680.222000,OK,100,30,4
20260901-181802,comparison-10,16,adjacent,REV,E4,E3,E5,E6,13.875000,748.532000,OK,100,30,4
20260901-181802,comparison-10,16,adjacent,FWD,E3,E4,E6,E7,-5.562000,689.798000,OK,100,30,4
20260901-181802,comparison-10,16,adjacent,REV,E4,E3,E6,E7,4.875000,746.297000,OK,100,30,4
20260901-181802,comparison-10,16,adjacent,FWD,E3,E4,E7,E8,-4.281000,689.798000,OK,100,30,4
20260901-181802,comparison-10,16,adjacent,REV,E4,E3,E7,E8,3.063000,741.828000,OK,100,30,4
20260901-181802,comparison-10,16,adjacent,FWD,E3,E4,E8,E9,-5.969000,691.075000,OK,100,30,4
20260901-181802,comparison-10,16,adjacent,REV,E4,E3,E8,E9,-0.719000,741.828000,OK,100,30,4
20260901-181802,comparison-10,16,adjacent,FWD,E3,E4,E9,E10,21.906000,692.671000,OK,100,30,4
20260901-181802,comparison-10,16,adjacent,REV,E4,E3,E9,E10,27.531000,739.594000,OK,100,30,4
20260901-181802,comparison-10,16,adjacent,FWD,E3,E4,E10,E11,-21.562000,689.798000,OK,100,30,4
20260901-181802,comparison-10,16,adjacent,REV,E4,E3,E10,E11,-27.187000,738.636000,OK,100,30,4
20260901-181802,comparison-10,16,adjacent,FWD,E3,E4,E11,E12,13.344000,692.990000,OK,100,30,4
20260901-181802,comparison-10,16,adjacent,REV,E4,E3,E11,E12,4.687000,739.594000,OK,100,30,4
20260901-181802,comparison-10,16,adjacent,FWD,E3,E4,E12,E1,-42.031000,693.310000,OK,100,30,4
20260901-181802,comparison-10,16,adjacent,REV,E4,E3,E12,E1,-25.000000,739.913000,OK,100,30,4
20260901-181802,comparison-10,16,adjacent,FWD,E4,E5,E1,E2,-14.313000,792.582000,OK,100,30,4
20260901-181802,comparison-10,16,adjacent,REV,E5,E4,E1,E2,11.438000,840.781000,OK,100,30,4
20260901-181802,comparison-10,16,adjacent,FWD,E4,E5,E2,E3,15.188000,818.756000,OK,100,30,4
20260901-181802,comparison-10,16,adjacent,REV,E5,E4,E2,E3,-10.750000,833.440000,OK,100,30,4
20260901-181802,comparison-10,16,adjacent,FWD,E4,E5,E6,E7,-19.594000,823.544000,OK,100,30,4
20260901-181802,comparison-10,16,adjacent,REV,E5,E4,E6,E7,18.219000,830.567000,OK,100,30,4
20260901-181802,comparison-10,16,adjacent,FWD,E4,E5,E7,E8,-11.156000,827.056000,OK,100,30,4
20260901-181802,comparison-10,16,adjacent,REV,E5,E4,E7,E8,9.625000,828.971000,OK,100,30,4
20260901-181802,comparison-10,16,adjacent,FWD,E4,E5,E8,E9,-9.719000,826.417000,OK,100,30,4
20260901-181802,comparison-10,16,adjacent,REV,E5,E4,E8,E9,2.594000,824.183000,OK,100,30,4
20260901-181802,comparison-10,16,adjacent,FWD,E4,E5,E9,E10,19.594000,825.140000,OK,100,30,4
20260901-181802,comparison-10,16,adjacent,REV,E5,E4,E9,E10,29.844000,823.864000,OK,100,30,4
20260901-181802,comparison-10,16,adjacent,FWD,E4,E5,E10,E11,-19.156000,826.417000,OK,100,30,4
20260901-181802,comparison-10,16,adjacent,REV,E5,E4,E10,E11,-29.469000,825.140000,OK,100,30,4
20260901-181802,comparison-10,16,adjacent,FWD,E4,E5,E11,E12,14.969000,825.779000,OK,100,30,4
20260901-181802,comparison-10,16,adjacent,REV,E5,E4,E11,E12,3.500000,822.587000,OK,100,30,4
20260901-181802,comparison-10,16,adjacent,FWD,E4,E5,E12,E1,-40.719000,828.013000,OK,100,30,4
20260901-181802,comparison-10,16,adjacent,REV,E5,E4,E12,E1,-27.656000,823.225000,OK,100,30,4
20260901-181802,comparison-10,16,adjacent,FWD,E5,E6,E1,E2,-5.469000,811.095000,OK,100,30,4
20260901-181802,comparison-10,16,adjacent,REV,E6,E5,E1,E2,2.094000,861.530000,OK,100,30,4
20260901-181802,comparison-10,16,adjacent,FWD,E5,E6,E2,E3,6.000000,831.524000,OK,100,30,4
20260901-181802,comparison-10,16,adjacent,REV,E6,E5,E2,E3,-1.562000,849.400000,OK,100,30,4
20260901-181802,comparison-10,16,adjacent,FWD,E5,E6,E3,E4,3.875000,834.717000,OK,100,30,4
20260901-181802,comparison-10,16,adjacent,REV,E6,E5,E3,E4,-9.563000,845.889000,OK,100,30,4
20260901-181802,comparison-10,16,adjacent,FWD,E5,E6,E7,E8,-15.969000,838.866000,OK,100,30,4
20260901-181802,comparison-10,16,adjacent,REV,E6,E5,E7,E8,14.531000,843.335000,OK,100,30,4
20260901-181802,comparison-10,16,adjacent,FWD,E5,E6,E8,E9,-10.438000,837.909000,OK,100,30,4
20260901-181802,comparison-10,16,adjacent,REV,E6,E5,E8,E9,3.156000,842.697000,OK,100,30,4
20260901-181802,comparison-10,16,adjacent,FWD,E5,E6,E9,E10,20.281000,840.462000,OK,100,30,4
20260901-181802,comparison-10,16,adjacent,REV,E6,E5,E9,E10,29.062000,842.058000,OK,100,30,4
20260901-181802,comparison-10,16,adjacent,FWD,E5,E6,E10,E11,-19.812000,840.781000,OK,100,30,4
20260901-181802,comparison-10,16,adjacent,REV,E6,E5,E10,E11,-28.562000,841.739000,OK,100,30,4
20260901-181802,comparison-10,16,adjacent,FWD,E5,E6,E11,E12,12.594000,841.101000,OK,100,30,4
20260901-181802,comparison-10,16,adjacent,REV,E6,E5,E11,E12,5.312000,841.101000,OK,100,30,4
20260901-181802,comparison-10,16,adjacent,FWD,E5,E6,E12,E1,-36.531000,843.016000,OK,100,30,4
20260901-181802,comparison-10,16,adjacent,REV,E6,E5,E12,E1,-32.313000,841.739000,OK,100,30,4
20260901-181802,comparison-10,16,adjacent,FWD,E6,E7,E1,E2,-4.250000,773.749000,OK,100,30,4
20260901-181802,comparison-10,16,adjacent,REV,E7,E6,E1,E2,0.781000,822.587000,OK,100,30,4
20260901-181802,comparison-10,16,adjacent,FWD,E6,E7,E2,E3,4.750000,796.731000,OK,100,30,4
20260901-181802,comparison-10,16,adjacent,REV,E7,E6,E2,E3,-0.344000,814.607000,OK,100,30,4
20260901-181802,comparison-10,16,adjacent,FWD,E6,E7,E3,E4,1.875000,800.243000,OK,100,30,4
20260901-181802,comparison-10,16,adjacent,REV,E7,E6,E3,E4,-5.969000,809.819000,OK,100,30,4
20260901-181802,comparison-10,16,adjacent,FWD,E6,E7,E4,E5,211.937000,800.243000,OK,100,30,4
20260901-181802,comparison-10,16,adjacent,REV,E7,E6,E4,E5,-233.125000,806.627000,OK,100,30,4
20260901-181802,comparison-10,16,adjacent,FWD,E6,E7,E8,E9,-17.906000,805.669000,OK,100,30,4
20260901-181802,comparison-10,16,adjacent,REV,E7,E6,E8,E9,10.656000,806.946000,OK,100,30,4
20260901-181802,comparison-10,16,adjacent,FWD,E6,E7,E9,E10,17.062000,803.754000,OK,100,30,4
20260901-181802,comparison-10,16,adjacent,REV,E7,E6,E9,E10,32.313000,805.988000,OK,100,30,4
20260901-181802,comparison-10,16,adjacent,FWD,E6,E7,E10,E11,-16.594000,805.350000,OK,100,30,4
20260901-181802,comparison-10,16,adjacent,REV,E7,E6,E10,E11,-31.906000,807.265000,OK,100,30,4
20260901-181802,comparison-10,16,adjacent,FWD,E6,E7,E11,E12,14.156000,807.903000,OK,100,30,4
20260901-181802,comparison-10,16,adjacent,REV,E7,E6,E11,E12,3.813000,806.627000,OK,100,30,4
20260901-181802,comparison-10,16,adjacent,FWD,E6,E7,E12,E1,-36.563000,805.669000,OK,100,30,4
20260901-181802,comparison-10,16,adjacent,REV,E7,E6,E12,E1,-32.656000,805.669000,OK,100,30,4
20260901-181802,comparison-10,16,adjacent,FWD,E7,E8,E1,E2,-4.344000,726.187000,OK,100,30,4
20260901-181802,comparison-10,16,adjacent,REV,E8,E7,E1,E2,0.875000,781.729000,OK,100,30,4
20260901-181802,comparison-10,16,adjacent,FWD,E7,E8,E2,E3,4.906000,746.297000,OK,100,30,4
20260901-181802,comparison-10,16,adjacent,REV,E8,E7,E2,E3,-0.469000,770.557000,OK,100,30,4
20260901-181802,comparison-10,16,adjacent,FWD,E7,E8,E3,E4,1.437000,750.766000,OK,100,30,4
20260901-181802,comparison-10,16,adjacent,REV,E8,E7,E3,E4,-4.937000,767.684000,OK,100,30,4
20260901-181802,comparison-10,16,adjacent,FWD,E7,E8,E4,E5,-207.375000,756.512000,OK,100,30,4
20260901-181802,comparison-10,16,adjacent,REV,E8,E7,E4,E5,178.125000,767.684000,OK,100,30,4
20260901-181802,comparison-10,16,adjacent,FWD,E7,E8,E5,E6,259.312000,754.916000,OK,100,30,4
20260901-181802,comparison-10,16,adjacent,REV,E8,E7,E5,E6,-272.375000,764.173000,OK,100,30,4
20260901-181802,comparison-10,16,adjacent,FWD,E7,E8,E9,E10,4.562000,758.108000,OK,100,30,4
20260901-181802,comparison-10,16,adjacent,REV,E8,E7,E9,E10,45.219000,766.407000,OK,100,30,4
20260901-181802,comparison-10,16,adjacent,FWD,E7,E8,E10,E11,-4.437000,760.023000,OK,100,30,4
20260901-181802,comparison-10,16,adjacent,REV,E8,E7,E10,E11,-44.844000,764.173000,OK,100,30,4
20260901-181802,comparison-10,16,adjacent,FWD,E7,E8,E11,E12,20.219000,756.831000,OK,100,30,4
20260901-181802,comparison-10,16,adjacent,REV,E8,E7,E11,E12,-1.969000,762.257000,OK,100,30,4
20260901-181802,comparison-10,16,adjacent,FWD,E7,E8,E12,E1,-37.063000,759.385000,OK,100,30,4
20260901-181802,comparison-10,16,adjacent,REV,E8,E7,E12,E1,-32.500000,764.173000,OK,100,30,4
20260901-181802,comparison-10,16,adjacent,FWD,E8,E9,E1,E2,-4.187000,612.551000,OK,100,30,4
20260901-181802,comparison-10,16,adjacent,REV,E9,E8,E1,E2,0.719000,657.240000,OK,100,30,4
20260901-181802,comparison-10,16,adjacent,FWD,E8,E9,E2,E3,4.656000,633.618000,OK,100,30,4
20260901-181802,comparison-10,16,adjacent,REV,E9,E8,E2,E3,-0.187000,647.663000,OK,100,30,4
20260901-181802,comparison-10,16,adjacent,FWD,E8,E9,E3,E4,0.844000,639.045000,OK,100,30,4
20260901-181802,comparison-10,16,adjacent,REV,E9,E8,E3,E4,-3.813000,646.387000,OK,100,30,4
20260901-181802,comparison-10,16,adjacent,FWD,E8,E9,E4,E5,-31.500000,638.406000,OK,100,30,4
20260901-181802,comparison-10,16,adjacent,REV,E9,E8,E4,E5,11.000000,645.429000,OK,100,30,4
20260901-181802,comparison-10,16,adjacent,FWD,E8,E9,E5,E6,-201.625000,642.556000,OK,100,30,4
20260901-181802,comparison-10,16,adjacent,REV,E9,E8,E5,E6,183.250000,647.025000,OK,100,30,4
20260901-181802,comparison-10,16,adjacent,FWD,E8,E9,E6,E7,-11.219000,641.599000,OK,100,30,4
20260901-181802,comparison-10,16,adjacent,REV,E9,E8,E6,E7,11.281000,647.025000,OK,100,30,4
20260901-181802,comparison-10,16,adjacent,FWD,E8,E9,E10,E11,225.000000,642.237000,OK,100,30,4
20260901-181802,comparison-10,16,adjacent,REV,E9,E8,E10,E11,-270.062000,645.429000,OK,100,30,4
20260901-181802,comparison-10,16,adjacent,FWD,E8,E9,E11,E12,34.750000,643.195000,OK,100,30,4
20260901-181802,comparison-10,16,adjacent,REV,E9,E8,E11,E12,-15.000000,644.471000,OK,100,30,4
20260901-181802,comparison-10,16,adjacent,FWD,E8,E9,E12,E1,-37.781000,642.237000,OK,100,30,4
20260901-181802,comparison-10,16,adjacent,REV,E9,E8,E12,E1,-32.031000,645.429000,OK,100,30,4
20260901-181802,comparison-10,16,adjacent,FWD,E9,E10,E1,E2,-5.937000,549.349000,OK,100,30,4
20260901-181802,comparison-10,16,adjacent,REV,E10,E9,E1,E2,2.906000,662.347000,OK,100,30,4
20260901-181802,comparison-10,16,adjacent,FWD,E9,E10,E2,E3,6.469000,582.546000,OK,100,30,4
20260901-181802,comparison-10,16,adjacent,REV,E10,E9,E2,E3,-2.344000,652.132000,OK,100,30,4
20260901-181802,comparison-10,16,adjacent,FWD,E9,E10,E3,E4,1.750000,586.696000,OK,100,30,4
20260901-181802,comparison-10,16,adjacent,REV,E10,E9,E3,E4,-4.687000,649.259000,OK,100,30,4
20260901-181802,comparison-10,16,adjacent,FWD,E9,E10,E4,E5,-24.187000,590.845000,OK,100,30,4
20260901-181802,comparison-10,16,adjacent,REV,E10,E9,E4,E5,1.656000,649.259000,OK,100,30,4
20260901-181802,comparison-10,16,adjacent,FWD,E9,E10,E5,E6,-29.656000,592.122000,OK,100,30,4
20260901-181802,comparison-10,16,adjacent,REV,E10,E9,E5,E6,20.812000,647.663000,OK,100,30,4
20260901-181802,comparison-10,16,adjacent,FWD,E9,E10,E6,E7,-6.094000,593.399000,OK,100,30,4
20260901-181802,comparison-10,16,adjacent,REV,E10,E9,E6,E7,5.437000,647.663000,OK,100,30,4
20260901-181802,comparison-10,16,adjacent,FWD,E9,E10,E7,E8,-16.187000,594.676000,OK,100,30,4
20260901-181802,comparison-10,16,adjacent,REV,E10,E9,E7,E8,16.406000,645.748000,OK,100,30,4
20260901-181802,comparison-10,16,adjacent,FWD,E9,E10,E11,E12,202.594000,593.080000,OK,100,30,4
20260901-181802,comparison-10,16,adjacent,REV,E10,E9,E11,E12,-192.500000,642.556000,OK,100,30,4
20260901-181802,comparison-10,16,adjacent,FWD,E9,E10,E12,E1,-40.906000,594.676000,OK,100,30,4
20260901-181802,comparison-10,16,adjacent,REV,E10,E9,E12,E1,-28.750000,644.471000,OK,100,30,4
20260901-181802,comparison-10,16,adjacent,FWD,E10,E11,E1,E2,-12.219000,576.481000,OK,100,30,4
20260901-181802,comparison-10,16,adjacent,REV,E11,E10,E1,E2,9.313000,615.105000,OK,100,30,4
20260901-181802,comparison-10,16,adjacent,FWD,E10,E11,E2,E3,13.031000,599.464000,OK,100,30,4
20260901-181802,comparison-10,16,adjacent,REV,E11,E10,E2,E3,-8.656000,603.933000,OK,100,30,4
20260901-181802,comparison-10,16,adjacent,FWD,E10,E11,E3,E4,5.094000,604.252000,OK,100,30,4
20260901-181802,comparison-10,16,adjacent,REV,E11,E10,E3,E4,-7.531000,602.975000,OK,100,30,4
20260901-181802,comparison-10,16,adjacent,FWD,E10,E11,E4,E5,-22.469000,606.805000,OK,100,30,4
20260901-181802,comparison-10,16,adjacent,REV,E11,E10,E4,E5,-1.469000,599.464000,OK,100,30,4
20260901-181802,comparison-10,16,adjacent,FWD,E10,E11,E5,E6,-20.812000,605.209000,OK,100,30,4
20260901-181802,comparison-10,16,adjacent,REV,E11,E10,E5,E6,8.781000,600.741000,OK,100,30,4
20260901-181802,comparison-10,16,adjacent,FWD,E10,E11,E6,E7,-4.375000,606.167000,OK,100,30,4
20260901-181802,comparison-10,16,adjacent,REV,E11,E10,E6,E7,3.125000,599.783000,OK,100,30,4
20260901-181802,comparison-10,16,adjacent,FWD,E10,E11,E7,E8,-9.188000,606.486000,OK,100,30,4
20260901-181802,comparison-10,16,adjacent,REV,E11,E10,E7,E8,7.781000,600.102000,OK,100,30,4
20260901-181802,comparison-10,16,adjacent,FWD,E10,E11,E8,E9,-23.375000,607.125000,OK,100,30,4
20260901-181802,comparison-10,16,adjacent,REV,E11,E10,E8,E9,22.250000,600.102000,OK,100,30,4
20260901-181802,comparison-10,16,adjacent,FWD,E10,E11,E12,E1,-57.094000,607.125000,OK,100,30,4
20260901-181802,comparison-10,16,adjacent,REV,E11,E10,E12,E1,-13.469000,599.783000,OK,100,30,4
20260901-181802,comparison-10,16,adjacent,FWD,E11,E12,E1,E2,-24.281000,595.953000,OK,100,30,4
20260901-181802,comparison-10,16,adjacent,REV,E12,E11,E1,E2,22.562000,659.474000,OK,100,30,4
20260901-181802,comparison-10,16,adjacent,FWD,E11,E12,E2,E3,25.000000,628.192000,OK,100,30,4
20260901-181802,comparison-10,16,adjacent,REV,E12,E11,E2,E3,-21.812000,652.771000,OK,100,30,4
20260901-181802,comparison-10,16,adjacent,FWD,E11,E12,E3,E4,9.563000,631.065000,OK,100,30,4
20260901-181802,comparison-10,16,adjacent,REV,E12,E11,E3,E4,-12.406000,650.536000,OK,100,30,4
20260901-181802,comparison-10,16,adjacent,FWD,E11,E12,E4,E5,-19.500000,633.618000,OK,100,30,4
20260901-181802,comparison-10,16,adjacent,REV,E12,E11,E4,E5,-4.406000,649.579000,OK,100,30,4
20260901-181802,comparison-10,16,adjacent,FWD,E11,E12,E5,E6,-12.750000,633.938000,OK,100,30,4
20260901-181802,comparison-10,16,adjacent,REV,E12,E11,E5,E6,0.750000,647.344000,OK,100,30,4
20260901-181802,comparison-10,16,adjacent,FWD,E11,E12,E6,E7,-2.469000,633.938000,OK,100,30,4
20260901-181802,comparison-10,16,adjacent,REV,E12,E11,E6,E7,1.312000,647.344000,OK,100,30,4
20260901-181802,comparison-10,16,adjacent,FWD,E11,E12,E7,E8,-3.938000,637.130000,OK,100,30,4
20260901-181802,comparison-10,16,adjacent,REV,E12,E11,E7,E8,2.594000,647.025000,OK,100,30,4
20260901-181802,comparison-10,16,adjacent,FWD,E11,E12,E8,E9,-7.875000,636.491000,OK,100,30,4
20260901-181802,comparison-10,16,adjacent,REV,E12,E11,E8,E9,4.281000,647.344000,OK,100,30,4
20260901-181802,comparison-10,16,adjacent,FWD,E11,E12,E9,E10,5.219000,637.130000,OK,100,30,4
20260901-181802,comparison-10,16,adjacent,REV,E12,E11,E9,E10,41.656000,649.579000,OK,100,30,4
20260901-181802,comparison-10,16,adjacent,FWD,E12,E1,E2,E3,193.437000,679.265000,OK,100,30,4
20260901-181802,comparison-10,16,adjacent,REV,E1,E12,E2,E3,-174.312000,666.816000,OK,100,30,4
20260901-181802,comparison-10,16,adjacent,FWD,E12,E1,E3,E4,21.562000,695.544000,OK,100,30,4
20260901-181802,comparison-10,16,adjacent,REV,E1,E12,E3,E4,-22.531000,656.920000,OK,100,30,4
20260901-181802,comparison-10,16,adjacent,FWD,E12,E1,E4,E5,-21.406000,698.098000,OK,100,30,4
20260901-181802,comparison-10,16,adjacent,REV,E1,E12,E4,E5,-3.531000,653.728000,OK,100,30,4
20260901-181802,comparison-10,16,adjacent,FWD,E12,E1,E5,E6,-11.750000,697.140000,OK,100,30,4
20260901-181802,comparison-10,16,adjacent,REV,E1,E12,E5,E6,-0.969000,651.813000,OK,100,30,4
20260901-181802,comparison-10,16,adjacent,FWD,E12,E1,E6,E7,-2.219000,697.140000,OK,100,30,4
20260901-181802,comparison-10,16,adjacent,REV,E1,E12,E6,E7,0.844000,650.855000,OK,100,30,4
20260901-181802,comparison-10,16,adjacent,FWD,E12,E1,E7,E8,-2.875000,698.098000,OK,100,30,4
20260901-181802,comparison-10,16,adjacent,REV,E1,E12,E7,E8,1.281000,651.175000,OK,100,30,4
20260901-181802,comparison-10,16,adjacent,FWD,E12,E1,E8,E9,-5.562000,697.459000,OK,100,30,4
20260901-181802,comparison-10,16,adjacent,REV,E1,E12,E8,E9,0.469000,649.259000,OK,100,30,4
20260901-181802,comparison-10,16,adjacent,FWD,E12,E1,E9,E10,16.562000,698.417000,OK,100,30,4
20260901-181802,comparison-10,16,adjacent,REV,E1,E12,E9,E10,30.187000,650.855000,OK,100,30,4
20260901-181802,comparison-10,16,adjacent,FWD,E12,E1,E10,E11,-16.281000,696.182000,OK,100,30,4
20260901-181802,comparison-10,16,adjacent,REV,E1,E12,E10,E11,-29.875000,649.579000,OK,100,30,4
