frame_index,frame_id,pattern,dac_code,settle_ms,sample_count,record_index,polarity,i_plus,i_minus,v_plus,v_minus,voltage_mv,current_ua,quality
0,21,adjacent,100,100,16,0,FWD,E1,E2,E3,E4,-8.672000,156.569000,OK
0,21,adjacent,100,100,16,1,REV,E2,E1,E3,E4,16.531000,174.684000,OK
0,21,adjacent,100,100,16,2,FWD,E1,E2,E4,E5,-85.094000,158.325000,OK
0,21,adjacent,100,100,16,3,REV,E2,E1,E4,E5,125.719000,172.609000,OK
0,21,adjacent,100,100,16,4,FWD,E1,E2,E5,E6,92.773000,160.160000,OK
0,21,adjacent,100,100,16,5,REV,E2,E1,E5,E6,-69.570000,173.008000,OK
0,21,adjacent,100,100,16,6,FWD,E1,E2,E6,E7,8.328000,160.639000,OK
0,21,adjacent,100,100,16,7,REV,E2,E1,E6,E7,10.031000,172.210000,OK
0,21,adjacent,100,100,16,8,FWD,E1,E2,E7,E8,0.000000,160.080000,OK
0,21,adjacent,100,100,16,9,REV,E2,E1,E7,E8,0.008000,172.609000,OK
0,21,adjacent,100,100,16,10,FWD,E1,E2,E8,E9,-55.563000,160.559000,OK
0,21,adjacent,100,100,16,11,REV,E2,E1,E8,E9,-53.813000,172.689000,OK
0,21,adjacent,100,100,16,12,FWD,E1,E2,E9,E10,10.281000,160.958000,OK
0,21,adjacent,100,100,16,13,REV,E2,E1,E9,E10,13.281000,173.168000,OK
0,21,adjacent,100,100,16,14,FWD,E1,E2,E10,E11,-90.344000,160.320000,OK
0,21,adjacent,100,100,16,15,REV,E2,E1,E10,E11,-94.641000,172.769000,OK
0,21,adjacent,100,100,16,16,FWD,E1,E2,E11,E12,-127.500000,160.719000,OK
0,21,adjacent,100,100,16,17,REV,E2,E1,E11,E12,-133.359000,171.811000,OK
0,21,adjacent,100,100,16,18,FWD,E2,E3,E4,E5,-9.250000,165.028000,OK
0,21,adjacent,100,100,16,19,REV,E3,E2,E4,E5,50.055000,170.694000,OK
0,21,adjacent,100,100,16,20,FWD,E2,E3,E5,E6,-77.875000,167.662000,OK
0,21,adjacent,100,100,16,21,REV,E3,E2,E5,E6,105.109000,169.896000,OK
0,21,adjacent,100,100,16,22,FWD,E2,E3,E6,E7,7.828000,167.103000,OK
0,21,adjacent,100,100,16,23,REV,E3,E2,E6,E7,10.484000,169.417000,OK
0,21,adjacent,100,100,16,24,FWD,E2,E3,E7,E8,0.000000,168.220000,OK
0,21,adjacent,100,100,16,25,REV,E3,E2,E7,E8,0.000000,170.215000,OK
0,21,adjacent,100,100,16,26,FWD,E2,E3,E8,E9,-55.828000,167.741000,OK
0,21,adjacent,100,100,16,27,REV,E3,E2,E8,E9,-53.813000,170.135000,OK
0,21,adjacent,100,100,16,28,FWD,E2,E3,E9,E10,10.625000,168.619000,OK
0,21,adjacent,100,100,16,29,REV,E3,E2,E9,E10,12.906000,170.135000,OK
0,21,adjacent,100,100,16,30,FWD,E2,E3,E10,E11,-88.500000,168.380000,OK
0,21,adjacent,100,100,16,31,REV,E3,E2,E10,E11,-95.391000,169.178000,OK
0,21,adjacent,100,100,16,32,FWD,E2,E3,E11,E12,-125.781000,168.699000,OK
0,21,adjacent,100,100,16,33,REV,E3,E2,E11,E12,-132.875000,170.295000,OK
0,21,adjacent,100,100,16,34,FWD,E2,E3,E12,E1,-38.086000,169.018000,OK
0,21,adjacent,100,100,16,35,REV,E3,E2,E12,E1,-22.008000,169.337000,OK
0,21,adjacent,100,100,16,36,FWD,E3,E4,E1,E2,10.828000,188.889000,OK
0,21,adjacent,100,100,16,37,REV,E4,E3,E1,E2,23.859000,167.502000,OK
0,21,adjacent,100,100,16,38,FWD,E3,E4,E5,E6,-7.875000,190.724000,OK
0,21,adjacent,100,100,16,39,REV,E4,E3,E5,E6,34.609000,167.263000,OK
0,21,adjacent,100,100,16,40,FWD,E3,E4,E6,E7,6.836000,190.804000,OK
0,21,adjacent,100,100,16,41,REV,E4,E3,E6,E7,11.203000,166.784000,OK
0,21,adjacent,100,100,16,42,FWD,E3,E4,E7,E8,0.000000,191.522000,OK
0,21,adjacent,100,100,16,43,REV,E4,E3,E7,E8,0.000000,167.263000,OK
0,21,adjacent,100,100,16,44,FWD,E3,E4,E8,E9,-56.227000,191.123000,OK
0,21,adjacent,100,100,16,45,REV,E4,E3,E8,E9,-53.758000,166.145000,OK
0,21,adjacent,100,100,16,46,FWD,E3,E4,E9,E10,10.719000,191.602000,OK
0,21,adjacent,100,100,16,47,REV,E4,E3,E9,E10,12.664000,166.624000,OK
0,21,adjacent,100,100,16,48,FWD,E3,E4,E10,E11,-97.938000,192.001000,OK
0,21,adjacent,100,100,16,49,REV,E4,E3,E10,E11,-95.578000,166.544000,OK
0,21,adjacent,100,100,16,50,FWD,E3,E4,E11,E12,-137.406000,191.283000,OK
0,21,adjacent,100,100,16,51,REV,E4,E3,E11,E12,-133.109000,166.066000,OK
0,21,adjacent,100,100,16,52,FWD,E3,E4,E12,E1,-33.523000,191.283000,OK
0,21,adjacent,100,100,16,53,REV,E4,E3,E12,E1,-28.102000,167.103000,OK
0,21,adjacent,100,100,16,54,FWD,E4,E5,E1,E2,11.930000,173.886000,OK
0,21,adjacent,100,100,16,55,REV,E5,E4,E1,E2,21.414000,194.235000,OK
0,21,adjacent,100,100,16,56,FWD,E4,E5,E2,E3,20.359000,175.721000,OK
0,21,adjacent,100,100,16,57,REV,E5,E4,E2,E3,-12.930000,192.958000,OK
0,21,adjacent,100,100,16,58,FWD,E4,E5,E6,E7,1.016000,176.839000,OK
0,21,adjacent,100,100,16,59,REV,E5,E4,E6,E7,18.102000,192.559000,OK
0,21,adjacent,100,100,16,60,FWD,E4,E5,E7,E8,0.000000,177.238000,OK
0,21,adjacent,100,100,16,61,REV,E5,E4,E7,E8,0.008000,192.081000,OK
0,21,adjacent,100,100,16,62,FWD,E4,E5,E8,E9,-58.242000,177.716000,OK
0,21,adjacent,100,100,16,63,REV,E5,E4,E8,E9,-51.414000,192.240000,OK
0,21,adjacent,100,100,16,64,FWD,E4,E5,E9,E10,9.914000,177.716000,OK
0,21,adjacent,100,100,16,65,REV,E5,E4,E9,E10,13.844000,191.043000,OK
0,21,adjacent,100,100,16,66,FWD,E4,E5,E10,E11,-96.516000,176.839000,OK
0,21,adjacent,100,100,16,67,REV,E5,E4,E10,E11,-102.578000,191.682000,OK
0,21,adjacent,100,100,16,68,FWD,E4,E5,E11,E12,-135.391000,177.477000,OK
0,21,adjacent,100,100,16,69,REV,E5,E4,E11,E12,-139.703000,192.240000,OK
0,21,adjacent,100,100,16,70,FWD,E4,E5,E12,E1,-33.164000,177.238000,OK
0,21,adjacent,100,100,16,71,REV,E5,E4,E12,E1,-28.383000,191.283000,OK
0,21,adjacent,100,100,16,72,FWD,E5,E6,E1,E2,15.430000,181.547000,OK
0,21,adjacent,100,100,16,73,REV,E6,E5,E1,E2,17.734000,199.582000,OK
0,21,adjacent,100,100,16,74,FWD,E5,E6,E2,E3,13.609000,185.058000,OK
0,21,adjacent,100,100,16,75,REV,E6,E5,E2,E3,-5.047000,197.268000,OK
0,21,adjacent,100,100,16,76,FWD,E5,E6,E3,E4,14.969000,186.894000,OK
0,21,adjacent,100,100,16,77,REV,E6,E5,E3,E4,-8.156000,197.108000,OK
0,21,adjacent,100,100,16,78,FWD,E5,E6,E7,E8,0.000000,186.973000,OK
0,21,adjacent,100,100,16,79,REV,E6,E5,E7,E8,0.000000,196.629000,OK
0,21,adjacent,100,100,16,80,FWD,E5,E6,E8,E9,-59.117000,186.574000,OK
0,21,adjacent,100,100,16,81,REV,E6,E5,E8,E9,-50.758000,197.347000,OK
0,21,adjacent,100,100,16,82,FWD,E5,E6,E9,E10,10.305000,187.213000,OK
0,21,adjacent,100,100,16,83,REV,E6,E5,E9,E10,13.328000,197.108000,OK
0,21,adjacent,100,100,16,84,FWD,E5,E6,E10,E11,-90.594000,186.973000,OK
0,21,adjacent,100,100,16,85,REV,E6,E5,E10,E11,-103.016000,196.310000,OK
0,21,adjacent,100,100,16,86,FWD,E5,E6,E11,E12,-130.391000,187.532000,OK
0,21,adjacent,100,100,16,87,REV,E6,E5,E11,E12,-139.906000,196.470000,OK
0,21,adjacent,100,100,16,88,FWD,E5,E6,E12,E1,-31.648000,187.213000,OK
0,21,adjacent,100,100,16,89,REV,E6,E5,E12,E1,-30.391000,195.672000,OK
0,21,adjacent,100,100,16,90,FWD,E6,E7,E1,E2,15.586000,194.155000,OK
0,21,adjacent,100,100,16,91,REV,E7,E6,E1,E2,17.602000,207.722000,OK
0,21,adjacent,100,100,16,92,FWD,E6,E7,E2,E3,49.273000,195.751000,OK
0,21,adjacent,100,100,16,93,REV,E7,E6,E2,E3,-40.859000,205.966000,OK
0,21,adjacent,100,100,16,94,FWD,E6,E7,E3,E4,49.813000,196.150000,OK
0,21,adjacent,100,100,16,95,REV,E7,E6,E3,E4,-43.516000,206.604000,OK
0,21,adjacent,100,100,16,96,FWD,E6,E7,E4,E5,20.242000,196.230000,OK
0,21,adjacent,100,100,16,97,REV,E7,E6,E4,E5,10.180000,205.966000,OK
0,21,adjacent,100,100,16,98,FWD,E6,E7,E8,E9,-88.172000,196.709000,OK
0,21,adjacent,100,100,16,99,REV,E7,E6,E8,E9,-21.039000,205.886000,OK
0,21,adjacent,100,100,16,100,FWD,E6,E7,E9,E10,6.422000,196.948000,OK
0,21,adjacent,100,100,16,101,REV,E7,E6,E9,E10,17.398000,205.327000,OK
0,21,adjacent,100,100,16,102,FWD,E6,E7,E10,E11,-94.641000,197.427000,OK
0,21,adjacent,100,100,16,103,REV,E7,E6,E10,E11,-97.781000,205.088000,OK
0,21,adjacent,100,100,16,104,FWD,E6,E7,E11,E12,-134.937000,198.624000,OK
0,21,adjacent,100,100,16,105,REV,E7,E6,E11,E12,-135.281000,205.248000,OK
0,21,adjacent,100,100,16,106,FWD,E6,E7,E12,E1,-31.875000,197.268000,OK
0,21,adjacent,100,100,16,107,REV,E7,E6,E12,E1,-30.359000,204.928000,OK
0,21,adjacent,100,100,16,108,FWD,E7,E8,E1,E2,16.664000,293.268000,OK
0,21,adjacent,100,100,16,109,REV,E8,E7,E1,E2,16.656000,294.385000,OK
0,21,adjacent,100,100,16,110,FWD,E7,E8,E2,E3,3.719000,293.188000,OK
0,21,adjacent,100,100,16,111,REV,E8,E7,E2,E3,4.250000,293.667000,OK
0,21,adjacent,100,100,16,112,FWD,E7,E8,E3,E4,3.195000,294.305000,OK
0,21,adjacent,100,100,16,113,REV,E8,E7,E3,E4,3.344000,294.226000,OK
0,21,adjacent,100,100,16,114,FWD,E7,E8,E4,E5,15.516000,293.587000,OK
0,21,adjacent,100,100,16,115,REV,E8,E7,E4,E5,15.391000,293.108000,OK
0,21,adjacent,100,100,16,116,FWD,E7,E8,E5,E6,13.773000,294.625000,OK
0,21,adjacent,100,100,16,117,REV,E8,E7,E5,E6,13.742000,294.784000,OK
0,21,adjacent,100,100,16,118,FWD,E7,E8,E9,E10,11.750000,295.582000,OK
0,21,adjacent,100,100,16,119,REV,E8,E7,E9,E10,11.766000,294.146000,OK
0,21,adjacent,100,100,16,120,FWD,E7,E8,E10,E11,-103.047000,293.348000,OK
0,21,adjacent,100,100,16,121,REV,E8,E7,E10,E11,-113.719000,293.827000,OK
0,21,adjacent,100,100,16,122,FWD,E7,E8,E11,E12,-147.625000,293.906000,OK
0,21,adjacent,100,100,16,123,REV,E8,E7,E11,E12,-152.594000,294.784000,OK
0,21,adjacent,100,100,16,124,FWD,E7,E8,E12,E1,-31.148000,294.066000,OK
0,21,adjacent,100,100,16,125,REV,E8,E7,E12,E1,-31.227000,294.545000,OK
0,21,adjacent,100,100,16,126,FWD,E8,E9,E1,E2,15.625000,195.033000,OK
0,21,adjacent,100,100,16,127,REV,E9,E8,E1,E2,17.547000,156.090000,OK
0,21,adjacent,100,100,16,128,FWD,E8,E9,E2,E3,-40.492000,195.592000,OK
0,21,adjacent,100,100,16,129,REV,E9,E8,E2,E3,37.602000,155.213000,OK
0,21,adjacent,100,100,16,130,FWD,E8,E9,E3,E4,-40.227000,196.071000,OK
0,21,adjacent,100,100,16,131,REV,E9,E8,E3,E4,35.742000,155.292000,OK
0,21,adjacent,100,100,16,132,FWD,E8,E9,E4,E5,19.187000,196.709000,OK
0,21,adjacent,100,100,16,133,REV,E9,E8,E4,E5,12.570000,156.090000,OK
0,21,adjacent,100,100,16,134,FWD,E8,E9,E5,E6,20.211000,195.592000,OK
0,21,adjacent,100,100,16,135,REV,E9,E8,E5,E6,8.883000,156.011000,OK
0,21,adjacent,100,100,16,136,FWD,E8,E9,E6,E7,-25.477000,195.432000,OK
0,21,adjacent,100,100,16,137,REV,E9,E8,E6,E7,33.289000,156.090000,OK
0,21,adjacent,100,100,16,138,FWD,E8,E9,E10,E11,-93.563000,195.592000,OK
0,21,adjacent,100,100,16,139,REV,E9,E8,E10,E11,-93.031000,157.048000,OK
0,21,adjacent,100,100,16,140,FWD,E8,E9,E11,E12,-129.047000,194.714000,OK
0,21,adjacent,100,100,16,141,REV,E9,E8,E11,E12,-137.000000,156.250000,OK
0,21,adjacent,100,100,16,142,FWD,E8,E9,E12,E1,-32.461000,194.634000,OK
0,21,adjacent,100,100,16,143,REV,E9,E8,E12,E1,-30.281000,156.729000,OK
0,21,adjacent,100,100,16,144,FWD,E9,E10,E1,E2,15.617000,133.108000,OK
0,21,adjacent,100,100,16,145,REV,E10,E9,E1,E2,17.898000,146.195000,OK
0,21,adjacent,100,100,16,146,FWD,E9,E10,E2,E3,-3.273000,138.055000,OK
0,21,adjacent,100,100,16,147,REV,E10,E9,E2,E3,11.547000,145.477000,OK
0,21,adjacent,100,100,16,148,FWD,E9,E10,E3,E4,-3.422000,139.173000,OK
0,21,adjacent,100,100,16,149,REV,E10,E9,E3,E4,9.633000,145.477000,OK
0,21,adjacent,100,100,16,150,FWD,E9,E10,E4,E5,18.187000,139.572000,OK
0,21,adjacent,100,100,16,151,REV,E10,E9,E4,E5,12.781000,144.918000,OK
0,21,adjacent,100,100,16,152,FWD,E9,E10,E5,E6,16.766000,139.252000,OK
0,21,adjacent,100,100,16,153,REV,E10,E9,E5,E6,11.008000,145.477000,OK
0,21,adjacent,100,100,16,154,FWD,E9,E10,E6,E7,5.289000,139.332000,OK
0,21,adjacent,100,100,16,155,REV,E10,E9,E6,E7,12.180000,145.397000,OK
0,21,adjacent,100,100,16,156,FWD,E9,E10,E7,E8,0.000000,139.332000,OK
0,21,adjacent,100,100,16,157,REV,E10,E9,E7,E8,0.000000,146.035000,OK
0,21,adjacent,100,100,16,158,FWD,E9,E10,E11,E12,-119.188000,139.332000,OK
0,21,adjacent,100,100,16,159,REV,E10,E9,E11,E12,-132.109000,146.035000,OK
0,21,adjacent,100,100,16,160,FWD,E9,E10,E12,E1,-32.930000,139.492000,OK
0,21,adjacent,100,100,16,161,REV,E10,E9,E12,E1,-29.562000,145.636000,OK
0,21,adjacent,100,100,16,162,FWD,E10,E11,E1,E2,13.664000,117.706000,OK
0,21,adjacent,100,100,16,163,REV,E11,E10,E1,E2,20.805000,154.095000,OK
0,21,adjacent,100,100,16,164,FWD,E10,E11,E2,E3,-3.078000,119.861000,OK
0,21,adjacent,100,100,16,165,REV,E11,E10,E2,E3,13.633000,152.340000,OK
0,21,adjacent,100,100,16,166,FWD,E10,E11,E3,E4,-2.273000,121.936000,OK
0,21,adjacent,100,100,16,167,REV,E11,E10,E3,E4,10.273000,152.180000,OK
0,21,adjacent,100,100,16,168,FWD,E10,E11,E4,E5,21.578000,120.978000,OK
0,21,adjacent,100,100,16,169,REV,E11,E10,E4,E5,7.992000,151.781000,OK
0,21,adjacent,100,100,16,170,FWD,E10,E11,E5,E6,18.484000,121.776000,OK
0,21,adjacent,100,100,16,171,REV,E11,E10,E5,E6,8.523000,151.622000,OK
0,21,adjacent,100,100,16,172,FWD,E10,E11,E6,E7,6.828000,123.292000,OK
0,21,adjacent,100,100,16,173,REV,E11,E10,E6,E7,11.461000,151.063000,OK
0,21,adjacent,100,100,16,174,FWD,E10,E11,E7,E8,0.000000,122.494000,OK
0,21,adjacent,100,100,16,175,REV,E11,E10,E7,E8,0.000000,150.744000,OK
0,21,adjacent,100,100,16,176,FWD,E10,E11,E8,E9,-66.680000,122.015000,OK
0,21,adjacent,100,100,16,177,REV,E11,E10,E8,E9,-40.641000,150.744000,OK
0,21,adjacent,100,100,16,178,FWD,E10,E11,E12,E1,-37.914000,122.335000,OK
0,21,adjacent,100,100,16,179,REV,E11,E10,E12,E1,-23.367000,151.302000,OK
0,21,adjacent,100,100,16,180,FWD,E11,E12,E1,E2,8.117000,148.270000,OK
0,21,adjacent,100,100,16,181,REV,E12,E11,E1,E2,25.867000,157.128000,OK
0,21,adjacent,100,100,16,182,FWD,E11,E12,E2,E3,-3.594000,150.504000,OK
0,21,adjacent,100,100,16,183,REV,E12,E11,E2,E3,12.336000,156.410000,OK
0,21,adjacent,100,100,16,184,FWD,E11,E12,E3,E4,-0.930000,151.462000,OK
0,21,adjacent,100,100,16,185,REV,E12,E11,E3,E4,7.625000,156.649000,OK
0,21,adjacent,100,100,16,186,FWD,E11,E12,E4,E5,29.516000,151.941000,OK
0,21,adjacent,100,100,16,187,REV,E12,E11,E4,E5,1.375000,154.814000,OK
0,21,adjacent,100,100,16,188,FWD,E11,E12,E5,E6,20.742000,151.382000,OK
0,21,adjacent,100,100,16,189,REV,E12,E11,E5,E6,7.406000,155.053000,OK
0,21,adjacent,100,100,16,190,FWD,E11,E12,E6,E7,8.258000,151.622000,OK
0,21,adjacent,100,100,16,191,REV,E12,E11,E6,E7,9.773000,155.133000,OK
0,21,adjacent,100,100,16,192,FWD,E11,E12,E7,E8,0.000000,152.579000,OK
0,21,adjacent,100,100,16,193,REV,E12,E11,E7,E8,0.000000,155.213000,OK
0,21,adjacent,100,100,16,194,FWD,E11,E12,E8,E9,-56.195000,152.100000,OK
0,21,adjacent,100,100,16,195,REV,E12,E11,E8,E9,-52.461000,154.255000,OK
0,21,adjacent,100,100,16,196,FWD,E11,E12,E9,E10,5.062000,152.898000,OK
0,21,adjacent,100,100,16,197,REV,E12,E11,E9,E10,18.570000,155.612000,OK
0,21,adjacent,100,100,16,198,FWD,E12,E1,E2,E3,-9.703000,167.582000,OK
0,21,adjacent,100,100,16,199,REV,E1,E12,E2,E3,16.852000,150.584000,OK
0,21,adjacent,100,100,16,200,FWD,E12,E1,E3,E4,-2.711000,169.098000,OK
0,21,adjacent,100,100,16,201,REV,E1,E12,E3,E4,8.688000,149.627000,OK
0,21,adjacent,100,100,16,202,FWD,E12,E1,E4,E5,113.461000,169.098000,OK
0,21,adjacent,100,100,16,203,REV,E1,E12,E4,E5,-65.648000,150.504000,OK
0,21,adjacent,100,100,16,204,FWD,E12,E1,E5,E6,27.133000,169.976000,OK
0,21,adjacent,100,100,16,205,REV,E1,E12,E5,E6,2.789000,150.903000,OK
0,21,adjacent,100,100,16,206,FWD,E12,E1,E6,E7,8.438000,169.896000,OK
0,21,adjacent,100,100,16,207,REV,E1,E12,E6,E7,9.625000,150.185000,OK
0,21,adjacent,100,100,16,208,FWD,E12,E1,E7,E8,0.000000,169.976000,OK
0,21,adjacent,100,100,16,209,REV,E1,E12,E7,E8,0.008000,151.223000,OK
0,21,adjacent,100,100,16,210,FWD,E12,E1,E8,E9,-55.531000,169.816000,OK
0,21,adjacent,100,100,16,211,REV,E1,E12,E8,E9,-53.734000,150.265000,OK
0,21,adjacent,100,100,16,212,FWD,E12,E1,E9,E10,9.344000,170.135000,OK
0,21,adjacent,100,100,16,213,REV,E1,E12,E9,E10,13.711000,149.786000,OK
0,21,adjacent,100,100,16,214,FWD,E12,E1,E10,E11,-93.344000,169.657000,OK
0,21,adjacent,100,100,16,215,REV,E1,E12,E10,E11,-86.820000,149.866000,OK
1,22,adjacent,100,100,16,0,FWD,E1,E2,E3,E4,-8.883000,159.203000,OK
1,22,adjacent,100,100,16,1,REV,E2,E1,E3,E4,16.719000,177.317000,OK
1,22,adjacent,100,100,16,2,FWD,E1,E2,E4,E5,-86.648000,161.437000,OK
1,22,adjacent,100,100,16,3,REV,E2,E1,E4,E5,126.930000,175.881000,OK
1,22,adjacent,100,100,16,4,FWD,E1,E2,E5,E6,94.305000,162.075000,OK
1,22,adjacent,100,100,16,5,REV,E2,E1,E5,E6,-71.367000,176.280000,OK
1,22,adjacent,100,100,16,6,FWD,E1,E2,E6,E7,8.297000,162.554000,OK
1,22,adjacent,100,100,16,7,REV,E2,E1,E6,E7,10.016000,175.562000,OK
1,22,adjacent,100,100,16,8,FWD,E1,E2,E7,E8,0.000000,163.512000,OK
1,22,adjacent,100,100,16,9,REV,E2,E1,E7,E8,0.000000,175.402000,OK
1,22,adjacent,100,100,16,10,FWD,E1,E2,E8,E9,-55.609000,163.432000,OK
1,22,adjacent,100,100,16,11,REV,E2,E1,E8,E9,-53.773000,174.923000,OK
1,22,adjacent,100,100,16,12,FWD,E1,E2,E9,E10,10.195000,163.751000,OK
1,22,adjacent,100,100,16,13,REV,E2,E1,E9,E10,13.234000,175.083000,OK
1,22,adjacent,100,100,16,14,FWD,E1,E2,E10,E11,-91.563000,164.070000,OK
1,22,adjacent,100,100,16,15,REV,E2,E1,E10,E11,-96.719000,175.322000,OK
1,22,adjacent,100,100,16,16,FWD,E1,E2,E11,E12,-129.531000,163.751000,OK
1,22,adjacent,100,100,16,17,REV,E2,E1,E11,E12,-134.562000,174.844000,OK
1,22,adjacent,100,100,16,18,FWD,E2,E3,E4,E5,-9.602000,166.863000,OK
1,22,adjacent,100,100,16,19,REV,E3,E2,E4,E5,50.563000,173.168000,OK
1,22,adjacent,100,100,16,20,FWD,E2,E3,E5,E6,-79.188000,169.816000,OK
1,22,adjacent,100,100,16,21,REV,E3,E2,E5,E6,106.688000,173.168000,OK
1,22,adjacent,100,100,16,22,FWD,E2,E3,E6,E7,7.844000,169.736000,OK
1,22,adjacent,100,100,16,23,REV,E3,E2,E6,E7,10.516000,172.689000,OK
1,22,adjacent,100,100,16,24,FWD,E2,E3,E7,E8,0.008000,169.896000,OK
1,22,adjacent,100,100,16,25,REV,E3,E2,E7,E8,0.000000,172.689000,OK
1,22,adjacent,100,100,16,26,FWD,E2,E3,E8,E9,-55.844000,170.534000,OK
1,22,adjacent,100,100,16,27,REV,E3,E2,E8,E9,-53.813000,172.849000,OK
1,22,adjacent,100,100,16,28,FWD,E2,E3,E9,E10,10.508000,170.854000,OK
1,22,adjacent,100,100,16,29,REV,E3,E2,E9,E10,12.844000,171.731000,OK
1,22,adjacent,100,100,16,30,FWD,E2,E3,E10,E11,-88.672000,170.056000,OK
1,22,adjacent,100,100,16,31,REV,E3,E2,E10,E11,-96.500000,171.652000,OK
1,22,adjacent,100,100,16,32,FWD,E2,E3,E11,E12,-127.125000,171.013000,OK
1,22,adjacent,100,100,16,33,REV,E3,E2,E11,E12,-133.312000,171.492000,OK
1,22,adjacent,100,100,16,34,FWD,E2,E3,E12,E1,-38.281000,171.093000,OK
1,22,adjacent,100,100,16,35,REV,E3,E2,E12,E1,-22.016000,171.971000,OK
1,22,adjacent,100,100,16,36,FWD,E3,E4,E1,E2,10.820000,191.283000,OK
1,22,adjacent,100,100,16,37,REV,E4,E3,E1,E2,24.078000,169.896000,OK
1,22,adjacent,100,100,16,38,FWD,E3,E4,E5,E6,-8.016000,193.597000,OK
1,22,adjacent,100,100,16,39,REV,E4,E3,E5,E6,34.969000,169.657000,OK
1,22,adjacent,100,100,16,40,FWD,E3,E4,E6,E7,6.820000,193.198000,OK
1,22,adjacent,100,100,16,41,REV,E4,E3,E6,E7,11.273000,168.938000,OK
1,22,adjacent,100,100,16,42,FWD,E3,E4,E7,E8,0.000000,192.879000,OK
1,22,adjacent,100,100,16,43,REV,E4,E3,E7,E8,0.008000,169.258000,OK
1,22,adjacent,100,100,16,44,FWD,E3,E4,E8,E9,-56.242000,193.038000,OK
1,22,adjacent,100,100,16,45,REV,E4,E3,E8,E9,-53.719000,169.577000,OK
1,22,adjacent,100,100,16,46,FWD,E3,E4,E9,E10,10.641000,193.677000,OK
1,22,adjacent,100,100,16,47,REV,E4,E3,E9,E10,12.609000,169.657000,OK
1,22,adjacent,100,100,16,48,FWD,E3,E4,E10,E11,-100.125000,193.118000,OK
1,22,adjacent,100,100,16,49,REV,E4,E3,E10,E11,-95.609000,169.258000,OK
1,22,adjacent,100,100,16,50,FWD,E3,E4,E11,E12,-137.687000,193.677000,OK
1,22,adjacent,100,100,16,51,REV,E4,E3,E11,E12,-133.141000,169.816000,OK
1,22,adjacent,100,100,16,52,FWD,E3,E4,E12,E1,-33.703000,194.395000,OK
1,22,adjacent,100,100,16,53,REV,E4,E3,E12,E1,-28.117000,169.098000,OK
1,22,adjacent,100,100,16,54,FWD,E4,E5,E1,E2,11.875000,176.599000,OK
1,22,adjacent,100,100,16,55,REV,E5,E4,E1,E2,21.484000,196.071000,OK
1,22,adjacent,100,100,16,56,FWD,E4,E5,E2,E3,20.555000,179.073000,OK
1,22,adjacent,100,100,16,57,REV,E5,E4,E2,E3,-13.195000,194.634000,OK
1,22,adjacent,100,100,16,58,FWD,E4,E5,E6,E7,0.875000,179.472000,OK
1,22,adjacent,100,100,16,59,REV,E5,E4,E6,E7,18.211000,194.155000,OK
1,22,adjacent,100,100,16,60,FWD,E4,E5,E7,E8,0.000000,179.632000,OK
1,22,adjacent,100,100,16,61,REV,E5,E4,E7,E8,0.000000,194.794000,OK
1,22,adjacent,100,100,16,62,FWD,E4,E5,E8,E9,-58.297000,179.711000,OK
1,22,adjacent,100,100,16,63,REV,E5,E4,E8,E9,-51.344000,193.916000,OK
1,22,adjacent,100,100,16,64,FWD,E4,E5,E9,E10,9.766000,179.951000,OK
1,22,adjacent,100,100,16,65,REV,E5,E4,E9,E10,13.773000,194.953000,OK
1,22,adjacent,100,100,16,66,FWD,E4,E5,E10,E11,-97.375000,180.031000,OK
1,22,adjacent,100,100,16,67,REV,E5,E4,E10,E11,-103.000000,195.033000,OK
1,22,adjacent,100,100,16,68,FWD,E4,E5,E11,E12,-136.437000,181.148000,OK
1,22,adjacent,100,100,16,69,REV,E5,E4,E11,E12,-142.641000,194.794000,OK
1,22,adjacent,100,100,16,70,FWD,E4,E5,E12,E1,-33.336000,180.270000,OK
1,22,adjacent,100,100,16,71,REV,E5,E4,E12,E1,-28.500000,195.033000,OK
1,22,adjacent,100,100,16,72,FWD,E5,E6,E1,E2,15.398000,184.739000,OK
1,22,adjacent,100,100,16,73,REV,E6,E5,E1,E2,17.766000,202.534000,OK
1,22,adjacent,100,100,16,74,FWD,E5,E6,E2,E3,13.758000,188.330000,OK
1,22,adjacent,100,100,16,75,REV,E6,E5,E2,E3,-5.234000,200.300000,OK
1,22,adjacent,100,100,16,76,FWD,E5,E6,E3,E4,15.141000,189.447000,OK
1,22,adjacent,100,100,16,77,REV,E6,E5,E3,E4,-8.336000,199.103000,OK
1,22,adjacent,100,100,16,78,FWD,E5,E6,E7,E8,0.000000,189.527000,OK
1,22,adjacent,100,100,16,79,REV,E6,E5,E7,E8,-0.008000,200.061000,OK
1,22,adjacent,100,100,16,80,FWD,E5,E6,E8,E9,-59.156000,191.043000,OK
1,22,adjacent,100,100,16,81,REV,E6,E5,E8,E9,-50.695000,199.422000,OK
1,22,adjacent,100,100,16,82,FWD,E5,E6,E9,E10,10.188000,190.485000,OK
1,22,adjacent,100,100,16,83,REV,E6,E5,E9,E10,13.305000,198.864000,OK
1,22,adjacent,100,100,16,84,FWD,E5,E6,E10,E11,-92.797000,189.687000,OK
1,22,adjacent,100,100,16,85,REV,E6,E5,E10,E11,-105.344000,199.502000,OK
1,22,adjacent,100,100,16,86,FWD,E5,E6,E11,E12,-132.719000,190.485000,OK
1,22,adjacent,100,100,16,87,REV,E6,E5,E11,E12,-142.594000,200.061000,OK
1,22,adjacent,100,100,16,88,FWD,E5,E6,E12,E1,-31.734000,190.644000,OK
1,22,adjacent,100,100,16,89,REV,E6,E5,E12,E1,-30.461000,199.023000,OK
1,22,adjacent,100,100,16,90,FWD,E6,E7,E1,E2,15.617000,195.033000,OK
1,22,adjacent,100,100,16,91,REV,E7,E6,E1,E2,17.656000,211.632000,OK
1,22,adjacent,100,100,16,92,FWD,E6,E7,E2,E3,50.172000,198.544000,OK
1,22,adjacent,100,100,16,93,REV,E7,E6,E2,E3,-41.453000,210.515000,OK
1,22,adjacent,100,100,16,94,FWD,E6,E7,E3,E4,50.602000,200.061000,OK
1,22,adjacent,100,100,16,95,REV,E7,E6,E3,E4,-44.391000,209.318000,OK
1,22,adjacent,100,100,16,96,FWD,E6,E7,E4,E5,20.344000,199.901000,OK
1,22,adjacent,100,100,16,97,REV,E7,E6,E4,E5,10.039000,208.759000,OK
1,22,adjacent,100,100,16,98,FWD,E6,E7,E8,E9,-88.703000,200.699000,OK
1,22,adjacent,100,100,16,99,REV,E7,E6,E8,E9,-20.461000,208.998000,OK
1,22,adjacent,100,100,16,100,FWD,E6,E7,E9,E10,6.187000,201.577000,OK
1,22,adjacent,100,100,16,101,REV,E7,E6,E9,E10,17.437000,209.078000,OK
1,22,adjacent,100,100,16,102,FWD,E6,E7,E10,E11,-97.969000,200.539000,OK
1,22,adjacent,100,100,16,103,REV,E7,E6,E10,E11,-98.188000,207.801000,OK
1,22,adjacent,100,100,16,104,FWD,E6,E7,E11,E12,-134.656000,201.497000,OK
1,22,adjacent,100,100,16,105,REV,E7,E6,E11,E12,-136.172000,208.839000,OK
1,22,adjacent,100,100,16,106,FWD,E6,E7,E12,E1,-31.984000,202.135000,OK
1,22,adjacent,100,100,16,107,REV,E7,E6,E12,E1,-30.437000,208.360000,OK
1,22,adjacent,100,100,16,108,FWD,E7,E8,E1,E2,16.680000,295.901000,OK
1,22,adjacent,100,100,16,109,REV,E8,E7,E1,E2,16.734000,295.183000,OK
1,22,adjacent,100,100,16,110,FWD,E7,E8,E2,E3,3.859000,295.343000,OK
1,22,adjacent,100,100,16,111,REV,E8,E7,E2,E3,4.008000,296.141000,OK
1,22,adjacent,100,100,16,112,FWD,E7,E8,E3,E4,3.109000,295.822000,OK
1,22,adjacent,100,100,16,113,REV,E8,E7,E3,E4,3.281000,296.699000,OK
1,22,adjacent,100,100,16,114,FWD,E7,E8,E4,E5,15.461000,295.263000,OK
1,22,adjacent,100,100,16,115,REV,E8,E7,E4,E5,15.398000,295.343000,OK
1,22,adjacent,100,100,16,116,FWD,E7,E8,E5,E6,13.789000,295.024000,OK
1,22,adjacent,100,100,16,117,REV,E8,E7,E5,E6,13.797000,297.098000,OK
1,22,adjacent,100,100,16,118,FWD,E7,E8,E9,E10,11.672000,296.380000,OK
1,22,adjacent,100,100,16,119,REV,E8,E7,E9,E10,11.734000,296.939000,OK
1,22,adjacent,100,100,16,120,FWD,E7,E8,E10,E11,-105.219000,295.742000,OK
1,22,adjacent,100,100,16,121,REV,E8,E7,E10,E11,-114.266000,295.183000,OK
1,22,adjacent,100,100,16,122,FWD,E7,E8,E11,E12,-148.875000,295.662000,OK
1,22,adjacent,100,100,16,123,REV,E8,E7,E11,E12,-151.797000,296.620000,OK
1,22,adjacent,100,100,16,124,FWD,E7,E8,E12,E1,-31.266000,296.540000,OK
1,22,adjacent,100,100,16,125,REV,E8,E7,E12,E1,-31.328000,295.742000,OK
1,22,adjacent,100,100,16,126,FWD,E8,E9,E1,E2,15.602000,198.305000,OK
1,22,adjacent,100,100,16,127,REV,E9,E8,E1,E2,17.602000,158.804000,OK
1,22,adjacent,100,100,16,128,FWD,E8,E9,E2,E3,-41.055000,198.066000,OK
1,22,adjacent,100,100,16,129,REV,E9,E8,E2,E3,38.078000,158.963000,OK
1,22,adjacent,100,100,16,130,FWD,E8,E9,E3,E4,-40.719000,198.145000,OK
1,22,adjacent,100,100,16,131,REV,E9,E8,E3,E4,36.234000,159.362000,OK
1,22,adjacent,100,100,16,132,FWD,E8,E9,E4,E5,19.234000,197.746000,OK
1,22,adjacent,100,100,16,133,REV,E9,E8,E4,E5,12.500000,160.400000,OK
1,22,adjacent,100,100,16,134,FWD,E8,E9,E5,E6,20.320000,198.066000,OK
1,22,adjacent,100,100,16,135,REV,E9,E8,E5,E6,8.836000,160.001000,OK
1,22,adjacent,100,100,16,136,FWD,E8,E9,E6,E7,-25.937000,197.507000,OK
1,22,adjacent,100,100,16,137,REV,E9,E8,E6,E7,34.016000,158.724000,OK
1,22,adjacent,100,100,16,138,FWD,E8,E9,E10,E11,-95.141000,197.906000,OK
1,22,adjacent,100,100,16,139,REV,E9,E8,E10,E11,-94.313000,159.282000,OK
1,22,adjacent,100,100,16,140,FWD,E8,E9,E11,E12,-129.937000,197.906000,OK
1,22,adjacent,100,100,16,141,REV,E9,E8,E11,E12,-139.641000,159.761000,OK
1,22,adjacent,100,100,16,142,FWD,E8,E9,E12,E1,-32.555000,198.066000,OK
1,22,adjacent,100,100,16,143,REV,E9,E8,E12,E1,-30.367000,158.963000,OK
1,22,adjacent,100,100,16,144,FWD,E9,E10,E1,E2,15.594000,135.582000,OK
1,22,adjacent,100,100,16,145,REV,E10,E9,E1,E2,17.906000,148.908000,OK
1,22,adjacent,100,100,16,146,FWD,E9,E10,E2,E3,-3.273000,140.848000,OK
1,22,adjacent,100,100,16,147,REV,E10,E9,E2,E3,11.641000,148.589000,OK
1,22,adjacent,100,100,16,148,FWD,E9,E10,E3,E4,-3.469000,141.726000,OK
1,22,adjacent,100,100,16,149,REV,E10,E9,E3,E4,9.727000,148.270000,OK
1,22,adjacent,100,100,16,150,FWD,E9,E10,E4,E5,18.227000,141.327000,OK
1,22,adjacent,100,100,16,151,REV,E10,E9,E4,E5,12.719000,147.632000,OK
1,22,adjacent,100,100,16,152,FWD,E9,E10,E5,E6,16.844000,141.726000,OK
1,22,adjacent,100,100,16,153,REV,E10,E9,E5,E6,10.977000,148.190000,OK
1,22,adjacent,100,100,16,154,FWD,E9,E10,E6,E7,5.242000,141.966000,OK
1,22,adjacent,100,100,16,155,REV,E10,E9,E6,E7,12.289000,148.031000,OK
1,22,adjacent,100,100,16,156,FWD,E9,E10,E7,E8,0.000000,142.205000,OK
1,22,adjacent,100,100,16,157,REV,E10,E9,E7,E8,0.000000,147.392000,OK
1,22,adjacent,100,100,16,158,FWD,E9,E10,E11,E12,-118.406000,142.684000,OK
1,22,adjacent,100,100,16,159,REV,E10,E9,E11,E12,-129.172000,147.791000,OK
1,22,adjacent,100,100,16,160,FWD,E9,E10,E12,E1,-33.047000,141.806000,OK
1,22,adjacent,100,100,16,161,REV,E10,E9,E12,E1,-29.687000,147.632000,OK
1,22,adjacent,100,100,16,162,FWD,E10,E11,E1,E2,13.547000,120.100000,OK
1,22,adjacent,100,100,16,163,REV,E11,E10,E1,E2,20.805000,155.292000,OK
1,22,adjacent,100,100,16,164,FWD,E10,E11,E2,E3,-3.148000,121.217000,OK
1,22,adjacent,100,100,16,165,REV,E11,E10,E2,E3,13.781000,153.936000,OK
1,22,adjacent,100,100,16,166,FWD,E10,E11,E3,E4,-2.367000,122.654000,OK
1,22,adjacent,100,100,16,167,REV,E11,E10,E3,E4,10.383000,153.617000,OK
1,22,adjacent,100,100,16,168,FWD,E10,E11,E4,E5,21.672000,123.532000,OK
1,22,adjacent,100,100,16,169,REV,E11,E10,E4,E5,7.875000,153.537000,OK
1,22,adjacent,100,100,16,170,FWD,E10,E11,E5,E6,18.516000,123.532000,OK
1,22,adjacent,100,100,16,171,REV,E11,E10,E5,E6,8.492000,153.138000,OK
1,22,adjacent,100,100,16,172,FWD,E10,E11,E6,E7,6.797000,123.931000,OK
1,22,adjacent,100,100,16,173,REV,E11,E10,E6,E7,11.492000,152.898000,OK
1,22,adjacent,100,100,16,174,FWD,E10,E11,E7,E8,0.000000,123.611000,OK
1,22,adjacent,100,100,16,175,REV,E11,E10,E7,E8,0.000000,153.138000,OK
1,22,adjacent,100,100,16,176,FWD,E10,E11,E8,E9,-66.984000,123.532000,OK
1,22,adjacent,100,100,16,177,REV,E11,E10,E8,E9,-40.633000,152.499000,OK
1,22,adjacent,100,100,16,178,FWD,E10,E11,E12,E1,-38.078000,122.893000,OK
1,22,adjacent,100,100,16,179,REV,E11,E10,E12,E1,-23.391000,151.701000,OK
1,22,adjacent,100,100,16,180,FWD,E11,E12,E1,E2,7.984000,150.504000,OK
1,22,adjacent,100,100,16,181,REV,E12,E11,E1,E2,25.914000,158.724000,OK
1,22,adjacent,100,100,16,182,FWD,E11,E12,E2,E3,-3.602000,152.978000,OK
1,22,adjacent,100,100,16,183,REV,E12,E11,E2,E3,12.461000,157.367000,OK
1,22,adjacent,100,100,16,184,FWD,E11,E12,E3,E4,-0.914000,153.537000,OK
1,22,adjacent,100,100,16,185,REV,E12,E11,E3,E4,7.703000,157.128000,OK
1,22,adjacent,100,100,16,186,FWD,E11,E12,E4,E5,29.695000,152.739000,OK
1,22,adjacent,100,100,16,187,REV,E12,E11,E4,E5,1.242000,157.208000,OK
1,22,adjacent,100,100,16,188,FWD,E11,E12,E5,E6,20.805000,153.537000,OK
1,22,adjacent,100,100,16,189,REV,E12,E11,E5,E6,7.234000,157.846000,OK
1,22,adjacent,100,100,16,190,FWD,E11,E12,E6,E7,8.273000,153.377000,OK
1,22,adjacent,100,100,16,191,REV,E12,E11,E6,E7,9.805000,156.809000,OK
1,22,adjacent,100,100,16,192,FWD,E11,E12,E7,E8,0.000000,154.095000,OK
1,22,adjacent,100,100,16,193,REV,E12,E11,E7,E8,0.000000,157.287000,OK
1,22,adjacent,100,100,16,194,FWD,E11,E12,E8,E9,-56.203000,154.335000,OK
1,22,adjacent,100,100,16,195,REV,E12,E11,E8,E9,-52.508000,156.729000,OK
1,22,adjacent,100,100,16,196,FWD,E11,E12,E9,E10,4.969000,154.016000,OK
1,22,adjacent,100,100,16,197,REV,E12,E11,E9,E10,18.555000,157.287000,OK
1,22,adjacent,100,100,16,198,FWD,E12,E1,E2,E3,-9.758000,168.779000,OK
1,22,adjacent,100,100,16,199,REV,E1,E12,E2,E3,17.141000,152.499000,OK
1,22,adjacent,100,100,16,200,FWD,E12,E1,E3,E4,-2.805000,170.534000,OK
1,22,adjacent,100,100,16,201,REV,E1,E12,E3,E4,8.781000,152.579000,OK
1,22,adjacent,100,100,16,202,FWD,E12,E1,E4,E5,114.531000,171.093000,OK
1,22,adjacent,100,100,16,203,REV,E1,E12,E4,E5,-66.664000,152.659000,OK
1,22,adjacent,100,100,16,204,FWD,E12,E1,E5,E6,27.156000,171.811000,OK
1,22,adjacent,100,100,16,205,REV,E1,E12,E5,E6,2.633000,151.861000,OK
1,22,adjacent,100,100,16,206,FWD,E12,E1,E6,E7,8.461000,172.051000,OK
1,22,adjacent,100,100,16,207,REV,E1,E12,E6,E7,9.664000,151.622000,OK
1,22,adjacent,100,100,16,208,FWD,E12,E1,E7,E8,0.000000,172.609000,OK
1,22,adjacent,100,100,16,209,REV,E1,E12,E7,E8,0.000000,152.579000,OK
1,22,adjacent,100,100,16,210,FWD,E12,E1,E8,E9,-55.539000,171.731000,OK
1,22,adjacent,100,100,16,211,REV,E1,E12,E8,E9,-53.719000,152.739000,OK
1,22,adjacent,100,100,16,212,FWD,E12,E1,E9,E10,9.266000,172.529000,OK
1,22,adjacent,100,100,16,213,REV,E1,E12,E9,E10,13.656000,152.340000,OK
1,22,adjacent,100,100,16,214,FWD,E12,E1,E10,E11,-93.672000,171.093000,OK
1,22,adjacent,100,100,16,215,REV,E1,E12,E10,E11,-85.875000,152.340000,OK
2,23,adjacent,100,100,16,0,FWD,E1,E2,E3,E4,-8.945000,162.075000,OK
2,23,adjacent,100,100,16,1,REV,E2,E1,E3,E4,16.906000,178.754000,OK
2,23,adjacent,100,100,16,2,FWD,E1,E2,E4,E5,-88.211000,164.549000,OK
2,23,adjacent,100,100,16,3,REV,E2,E1,E4,E5,128.664000,178.036000,OK
2,23,adjacent,100,100,16,4,FWD,E1,E2,E5,E6,95.352000,165.427000,OK
2,23,adjacent,100,100,16,5,REV,E2,E1,E5,E6,-72.469000,177.078000,OK
2,23,adjacent,100,100,16,6,FWD,E1,E2,E6,E7,8.289000,164.709000,OK
2,23,adjacent,100,100,16,7,REV,E2,E1,E6,E7,10.055000,177.557000,OK
2,23,adjacent,100,100,16,8,FWD,E1,E2,E7,E8,0.000000,165.427000,OK
2,23,adjacent,100,100,16,9,REV,E2,E1,E7,E8,0.008000,178.674000,OK
2,23,adjacent,100,100,16,10,FWD,E1,E2,E8,E9,-55.617000,164.709000,OK
2,23,adjacent,100,100,16,11,REV,E2,E1,E8,E9,-53.781000,177.078000,OK
2,23,adjacent,100,100,16,12,FWD,E1,E2,E9,E10,10.148000,164.789000,OK
2,23,adjacent,100,100,16,13,REV,E2,E1,E9,E10,13.211000,176.918000,OK
2,23,adjacent,100,100,16,14,FWD,E1,E2,E10,E11,-90.391000,165.507000,OK
2,23,adjacent,100,100,16,15,REV,E2,E1,E10,E11,-94.438000,176.599000,OK
2,23,adjacent,100,100,16,16,FWD,E1,E2,E11,E12,-128.844000,166.385000,OK
2,23,adjacent,100,100,16,17,REV,E2,E1,E11,E12,-133.156000,177.397000,OK
2,23,adjacent,100,100,16,18,FWD,E2,E3,E4,E5,-10.039000,169.018000,OK
2,23,adjacent,100,100,16,19,REV,E3,E2,E4,E5,51.023000,174.844000,OK
2,23,adjacent,100,100,16,20,FWD,E2,E3,E5,E6,-80.578000,172.290000,OK
2,23,adjacent,100,100,16,21,REV,E3,E2,E5,E6,107.914000,174.365000,OK
2,23,adjacent,100,100,16,22,FWD,E2,E3,E6,E7,7.805000,172.051000,OK
2,23,adjacent,100,100,16,23,REV,E3,E2,E6,E7,10.547000,174.923000,OK
2,23,adjacent,100,100,16,24,FWD,E2,E3,E7,E8,0.000000,172.370000,OK
2,23,adjacent,100,100,16,25,REV,E3,E2,E7,E8,0.000000,174.285000,OK
2,23,adjacent,100,100,16,26,FWD,E2,E3,E8,E9,-55.844000,172.290000,OK
2,23,adjacent,100,100,16,27,REV,E3,E2,E8,E9,-53.789000,173.886000,OK
2,23,adjacent,100,100,16,28,FWD,E2,E3,E9,E10,10.453000,172.290000,OK
2,23,adjacent,100,100,16,29,REV,E3,E2,E9,E10,12.789000,174.125000,OK
2,23,adjacent,100,100,16,30,FWD,E2,E3,E10,E11,-87.063000,173.407000,OK
2,23,adjacent,100,100,16,31,REV,E3,E2,E10,E11,-95.703000,173.567000,OK
2,23,adjacent,100,100,16,32,FWD,E2,E3,E11,E12,-125.000000,172.609000,OK
2,23,adjacent,100,100,16,33,REV,E3,E2,E11,E12,-133.234000,173.327000,OK
2,23,adjacent,100,100,16,34,FWD,E2,E3,E12,E1,-38.477000,173.407000,OK
2,23,adjacent,100,100,16,35,REV,E3,E2,E12,E1,-21.922000,174.365000,OK
2,23,adjacent,100,100,16,36,FWD,E3,E4,E1,E2,10.719000,193.836000,OK
2,23,adjacent,100,100,16,37,REV,E4,E3,E1,E2,24.031000,172.051000,OK
2,23,adjacent,100,100,16,38,FWD,E3,E4,E5,E6,-8.281000,194.155000,OK
2,23,adjacent,100,100,16,39,REV,E4,E3,E5,E6,35.188000,171.811000,OK
2,23,adjacent,100,100,16,40,FWD,E3,E4,E6,E7,6.727000,194.874000,OK
2,23,adjacent,100,100,16,41,REV,E4,E3,E6,E7,11.273000,171.253000,OK
2,23,adjacent,100,100,16,42,FWD,E3,E4,E7,E8,0.000000,195.592000,OK
2,23,adjacent,100,100,16,43,REV,E4,E3,E7,E8,0.000000,171.731000,OK
2,23,adjacent,100,100,16,44,FWD,E3,E4,E8,E9,-56.250000,195.672000,OK
2,23,adjacent,100,100,16,45,REV,E4,E3,E8,E9,-53.734000,171.492000,OK
2,23,adjacent,100,100,16,46,FWD,E3,E4,E9,E10,10.594000,195.432000,OK
2,23,adjacent,100,100,16,47,REV,E4,E3,E9,E10,12.547000,170.534000,OK
2,23,adjacent,100,100,16,48,FWD,E3,E4,E10,E11,-98.141000,195.751000,OK
2,23,adjacent,100,100,16,49,REV,E4,E3,E10,E11,-94.703000,171.173000,OK
2,23,adjacent,100,100,16,50,FWD,E3,E4,E11,E12,-136.203000,195.831000,OK
2,23,adjacent,100,100,16,51,REV,E4,E3,E11,E12,-131.172000,171.093000,OK
2,23,adjacent,100,100,16,52,FWD,E3,E4,E12,E1,-33.797000,195.432000,OK
2,23,adjacent,100,100,16,53,REV,E4,E3,E12,E1,-28.219000,171.093000,OK
2,23,adjacent,100,100,16,54,FWD,E4,E5,E1,E2,11.836000,177.876000,OK
2,23,adjacent,100,100,16,55,REV,E5,E4,E1,E2,21.492000,198.066000,OK
2,23,adjacent,100,100,16,56,FWD,E4,E5,E2,E3,20.781000,179.632000,OK
2,23,adjacent,100,100,16,57,REV,E5,E4,E2,E3,-13.305000,196.470000,OK
2,23,adjacent,100,100,16,58,FWD,E4,E5,E6,E7,0.766000,181.467000,OK
2,23,adjacent,100,100,16,59,REV,E5,E4,E6,E7,18.289000,196.150000,OK
2,23,adjacent,100,100,16,60,FWD,E4,E5,E7,E8,0.000000,182.026000,OK
2,23,adjacent,100,100,16,61,REV,E5,E4,E7,E8,0.000000,195.672000,OK
2,23,adjacent,100,100,16,62,FWD,E4,E5,E8,E9,-58.305000,182.105000,OK
2,23,adjacent,100,100,16,63,REV,E5,E4,E8,E9,-51.352000,195.672000,OK
2,23,adjacent,100,100,16,64,FWD,E4,E5,E9,E10,9.711000,182.744000,OK
2,23,adjacent,100,100,16,65,REV,E5,E4,E9,E10,13.750000,195.991000,OK
2,23,adjacent,100,100,16,66,FWD,E4,E5,E10,E11,-93.469000,181.467000,OK
2,23,adjacent,100,100,16,67,REV,E5,E4,E10,E11,-100.703000,196.230000,OK
2,23,adjacent,100,100,16,68,FWD,E4,E5,E11,E12,-134.312000,181.786000,OK
2,23,adjacent,100,100,16,69,REV,E5,E4,E11,E12,-138.234000,196.150000,OK
2,23,adjacent,100,100,16,70,FWD,E4,E5,E12,E1,-33.398000,181.068000,OK
2,23,adjacent,100,100,16,71,REV,E5,E4,E12,E1,-28.516000,196.150000,OK
2,23,adjacent,100,100,16,72,FWD,E5,E6,E1,E2,15.438000,186.814000,OK
2,23,adjacent,100,100,16,73,REV,E6,E5,E1,E2,17.781000,202.854000,OK
2,23,adjacent,100,100,16,74,FWD,E5,E6,E2,E3,13.844000,188.569000,OK
2,23,adjacent,100,100,16,75,REV,E6,E5,E2,E3,-5.266000,200.619000,OK
2,23,adjacent,100,100,16,76,FWD,E5,E6,E3,E4,15.242000,190.644000,OK
2,23,adjacent,100,100,16,77,REV,E6,E5,E3,E4,-8.445000,201.018000,OK
2,23,adjacent,100,100,16,78,FWD,E5,E6,E7,E8,0.000000,191.123000,OK
2,23,adjacent,100,100,16,79,REV,E6,E5,E7,E8,0.000000,201.577000,OK
2,23,adjacent,100,100,16,80,FWD,E5,E6,E8,E9,-59.180000,190.644000,OK
2,23,adjacent,100,100,16,81,REV,E6,E5,E8,E9,-50.641000,200.539000,OK
2,23,adjacent,100,100,16,82,FWD,E5,E6,E9,E10,10.156000,190.564000,OK
2,23,adjacent,100,100,16,83,REV,E6,E5,E9,E10,13.242000,200.300000,OK
2,23,adjacent,100,100,16,84,FWD,E5,E6,E10,E11,-89.156000,191.921000,OK
2,23,adjacent,100,100,16,85,REV,E6,E5,E10,E11,-102.266000,199.981000,OK
2,23,adjacent,100,100,16,86,FWD,E5,E6,E11,E12,-129.672000,192.081000,OK
2,23,adjacent,100,100,16,87,REV,E6,E5,E11,E12,-139.484000,199.582000,OK
2,23,adjacent,100,100,16,88,FWD,E5,E6,E12,E1,-31.805000,191.602000,OK
2,23,adjacent,100,100,16,89,REV,E6,E5,E12,E1,-30.516000,199.901000,OK
2,23,adjacent,100,100,16,90,FWD,E6,E7,E1,E2,15.641000,196.549000,OK
2,23,adjacent,100,100,16,91,REV,E7,E6,E1,E2,17.695000,211.951000,OK
2,23,adjacent,100,100,16,92,FWD,E6,E7,E2,E3,50.414000,199.422000,OK
2,23,adjacent,100,100,16,93,REV,E7,E6,E2,E3,-41.570000,211.313000,OK
2,23,adjacent,100,100,16,94,FWD,E6,E7,E3,E4,50.656000,200.699000,OK
2,23,adjacent,100,100,16,95,REV,E7,E6,E3,E4,-44.367000,209.956000,OK
2,23,adjacent,100,100,16,96,FWD,E6,E7,E4,E5,20.344000,200.460000,OK
2,23,adjacent,100,100,16,97,REV,E7,E6,E4,E5,10.055000,209.238000,OK
2,23,adjacent,100,100,16,98,FWD,E6,E7,E8,E9,-88.797000,201.417000,OK
2,23,adjacent,100,100,16,99,REV,E7,E6,E8,E9,-20.391000,209.397000,OK
2,23,adjacent,100,100,16,100,FWD,E6,E7,E9,E10,6.102000,201.657000,OK
2,23,adjacent,100,100,16,101,REV,E7,E6,E9,E10,17.437000,209.557000,OK
2,23,adjacent,100,100,16,102,FWD,E6,E7,E10,E11,-94.328000,201.976000,OK
2,23,adjacent,100,100,16,103,REV,E7,E6,E10,E11,-93.984000,209.318000,OK
2,23,adjacent,100,100,16,104,FWD,E6,E7,E11,E12,-132.797000,201.657000,OK
2,23,adjacent,100,100,16,105,REV,E7,E6,E11,E12,-133.000000,210.195000,OK
2,23,adjacent,100,100,16,106,FWD,E6,E7,E12,E1,-32.055000,202.375000,OK
2,23,adjacent,100,100,16,107,REV,E7,E6,E12,E1,-30.484000,210.116000,OK
2,23,adjacent,100,100,16,108,FWD,E7,E8,E1,E2,16.680000,296.380000,OK
2,23,adjacent,100,100,16,109,REV,E8,E7,E1,E2,16.734000,296.620000,OK
2,23,adjacent,100,100,16,110,FWD,E7,E8,E2,E3,3.516000,296.300000,OK
2,23,adjacent,100,100,16,111,REV,E8,E7,E2,E3,4.055000,296.380000,OK
2,23,adjacent,100,100,16,112,FWD,E7,E8,E3,E4,3.281000,297.338000,OK
2,23,adjacent,100,100,16,113,REV,E8,E7,E3,E4,3.359000,296.859000,OK
2,23,adjacent,100,100,16,114,FWD,E7,E8,E4,E5,15.422000,296.699000,OK
2,23,adjacent,100,100,16,115,REV,E8,E7,E4,E5,15.320000,296.779000,OK
2,23,adjacent,100,100,16,116,FWD,E7,E8,E5,E6,13.805000,297.258000,OK
2,23,adjacent,100,100,16,117,REV,E8,E7,E5,E6,13.852000,296.779000,OK
2,23,adjacent,100,100,16,118,FWD,E7,E8,E9,E10,11.625000,297.098000,OK
2,23,adjacent,100,100,16,119,REV,E8,E7,E9,E10,11.672000,297.418000,OK
2,23,adjacent,100,100,16,120,FWD,E7,E8,E10,E11,-103.625000,296.540000,OK
2,23,adjacent,100,100,16,121,REV,E8,E7,E10,E11,-112.609000,297.817000,OK
2,23,adjacent,100,100,16,122,FWD,E7,E8,E11,E12,-146.312000,297.019000,OK
2,23,adjacent,100,100,16,123,REV,E8,E7,E11,E12,-150.187000,297.418000,OK
2,23,adjacent,100,100,16,124,FWD,E7,E8,E12,E1,-31.344000,296.061000,OK
2,23,adjacent,100,100,16,125,REV,E8,E7,E12,E1,-31.406000,296.859000,OK
2,23,adjacent,100,100,16,126,FWD,E8,E9,E1,E2,15.609000,199.183000,OK
2,23,adjacent,100,100,16,127,REV,E9,E8,E1,E2,17.641000,160.958000,OK
2,23,adjacent,100,100,16,128,FWD,E8,E9,E2,E3,-41.281000,199.901000,OK
2,23,adjacent,100,100,16,129,REV,E9,E8,E2,E3,38.555000,161.038000,OK
2,23,adjacent,100,100,16,130,FWD,E8,E9,E3,E4,-41.133000,199.981000,OK
2,23,adjacent,100,100,16,131,REV,E9,E8,E3,E4,36.773000,159.921000,OK
2,23,adjacent,100,100,16,132,FWD,E8,E9,E4,E5,19.258000,199.901000,OK
2,23,adjacent,100,100,16,133,REV,E9,E8,E4,E5,12.438000,161.118000,OK
2,23,adjacent,100,100,16,134,FWD,E8,E9,E5,E6,20.352000,199.662000,OK
2,23,adjacent,100,100,16,135,REV,E9,E8,E5,E6,8.773000,160.878000,OK
2,23,adjacent,100,100,16,136,FWD,E8,E9,E6,E7,-26.141000,199.023000,OK
2,23,adjacent,100,100,16,137,REV,E9,E8,E6,E7,34.219000,160.559000,OK
2,23,adjacent,100,100,16,138,FWD,E8,E9,E10,E11,-93.344000,199.183000,OK
2,23,adjacent,100,100,16,139,REV,E9,E8,E10,E11,-92.281000,161.437000,OK
2,23,adjacent,100,100,16,140,FWD,E8,E9,E11,E12,-127.953000,199.023000,OK
2,23,adjacent,100,100,16,141,REV,E9,E8,E11,E12,-136.187000,161.756000,OK
2,23,adjacent,100,100,16,142,FWD,E8,E9,E12,E1,-32.664000,198.784000,OK
2,23,adjacent,100,100,16,143,REV,E9,E8,E12,E1,-30.406000,161.198000,OK
2,23,adjacent,100,100,16,144,FWD,E9,E10,E1,E2,15.602000,136.140000,OK
2,23,adjacent,100,100,16,145,REV,E10,E9,E1,E2,17.977000,151.302000,OK
2,23,adjacent,100,100,16,146,FWD,E9,E10,E2,E3,-3.391000,142.444000,OK
2,23,adjacent,100,100,16,147,REV,E10,E9,E2,E3,11.766000,149.786000,OK
2,23,adjacent,100,100,16,148,FWD,E9,E10,E3,E4,-3.531000,143.083000,OK
2,23,adjacent,100,100,16,149,REV,E10,E9,E3,E4,9.852000,149.467000,OK
2,23,adjacent,100,100,16,150,FWD,E9,E10,E4,E5,18.242000,143.242000,OK
2,23,adjacent,100,100,16,151,REV,E10,E9,E4,E5,12.672000,149.706000,OK
2,23,adjacent,100,100,16,152,FWD,E9,E10,E5,E6,16.820000,144.360000,OK
2,23,adjacent,100,100,16,153,REV,E10,E9,E5,E6,10.914000,149.467000,OK
2,23,adjacent,100,100,16,154,FWD,E9,E10,E6,E7,5.187000,143.961000,OK
2,23,adjacent,100,100,16,155,REV,E10,E9,E6,E7,12.320000,149.148000,OK
2,23,adjacent,100,100,16,156,FWD,E9,E10,E7,E8,0.000000,143.801000,OK
2,23,adjacent,100,100,16,157,REV,E10,E9,E7,E8,0.008000,149.228000,OK
2,23,adjacent,100,100,16,158,FWD,E9,E10,E11,E12,-117.250000,144.519000,OK
2,23,adjacent,100,100,16,159,REV,E10,E9,E11,E12,-129.031000,149.627000,OK
2,23,adjacent,100,100,16,160,FWD,E9,E10,E12,E1,-33.133000,143.562000,OK
2,23,adjacent,100,100,16,161,REV,E10,E9,E12,E1,-29.703000,148.988000,OK
2,23,adjacent,100,100,16,162,FWD,E10,E11,E1,E2,13.492000,121.457000,OK
2,23,adjacent,100,100,16,163,REV,E11,E10,E1,E2,20.844000,156.569000,OK
2,23,adjacent,100,100,16,164,FWD,E10,E11,E2,E3,-3.273000,124.170000,OK
2,23,adjacent,100,100,16,165,REV,E11,E10,E2,E3,13.914000,156.170000,OK
2,23,adjacent,100,100,16,166,FWD,E10,E11,E3,E4,-2.484000,124.729000,OK
2,23,adjacent,100,100,16,167,REV,E11,E10,E3,E4,10.461000,156.170000,OK
2,23,adjacent,100,100,16,168,FWD,E10,E11,E4,E5,21.719000,124.409000,OK
2,23,adjacent,100,100,16,169,REV,E11,E10,E4,E5,7.766000,155.213000,OK
2,23,adjacent,100,100,16,170,FWD,E10,E11,E5,E6,18.570000,124.808000,OK
2,23,adjacent,100,100,16,171,REV,E11,E10,E5,E6,8.375000,155.851000,OK
2,23,adjacent,100,100,16,172,FWD,E10,E11,E6,E7,6.750000,125.766000,OK
2,23,adjacent,100,100,16,173,REV,E11,E10,E6,E7,11.547000,155.452000,OK
2,23,adjacent,100,100,16,174,FWD,E10,E11,E7,E8,0.000000,125.447000,OK
2,23,adjacent,100,100,16,175,REV,E11,E10,E7,E8,0.000000,154.734000,OK
2,23,adjacent,100,100,16,176,FWD,E10,E11,E8,E9,-67.188000,125.048000,OK
2,23,adjacent,100,100,16,177,REV,E11,E10,E8,E9,-39.813000,154.415000,OK
2,23,adjacent,100,100,16,178,FWD,E10,E11,E12,E1,-38.297000,125.766000,OK
2,23,adjacent,100,100,16,179,REV,E11,E10,E12,E1,-23.344000,154.415000,OK
2,23,adjacent,100,100,16,180,FWD,E11,E12,E1,E2,7.828000,152.819000,OK
2,23,adjacent,100,100,16,181,REV,E12,E11,E1,E2,25.961000,161.517000,OK
2,23,adjacent,100,100,16,182,FWD,E11,E12,E2,E3,-3.586000,154.574000,OK
2,23,adjacent,100,100,16,183,REV,E12,E11,E2,E3,12.641000,159.522000,OK
2,23,adjacent,100,100,16,184,FWD,E11,E12,E3,E4,-1.008000,155.612000,OK
2,23,adjacent,100,100,16,185,REV,E12,E11,E3,E4,7.703000,159.203000,OK
2,23,adjacent,100,100,16,186,FWD,E11,E12,E4,E5,29.844000,156.250000,OK
2,23,adjacent,100,100,16,187,REV,E12,E11,E4,E5,1.016000,159.282000,OK
2,23,adjacent,100,100,16,188,FWD,E11,E12,E5,E6,20.797000,156.170000,OK
2,23,adjacent,100,100,16,189,REV,E12,E11,E5,E6,7.125000,158.804000,OK
2,23,adjacent,100,100,16,190,FWD,E11,E12,E6,E7,8.219000,156.011000,OK
2,23,adjacent,100,100,16,191,REV,E12,E11,E6,E7,9.773000,158.564000,OK
2,23,adjacent,100,100,16,192,FWD,E11,E12,E7,E8,0.008000,156.170000,OK
2,23,adjacent,100,100,16,193,REV,E12,E11,E7,E8,0.000000,159.522000,OK
2,23,adjacent,100,100,16,194,FWD,E11,E12,E8,E9,-56.188000,156.090000,OK
2,23,adjacent,100,100,16,195,REV,E12,E11,E8,E9,-52.445000,158.644000,OK
2,23,adjacent,100,100,16,196,FWD,E11,E12,E9,E10,4.797000,156.170000,OK
2,23,adjacent,100,100,16,197,REV,E12,E11,E9,E10,18.531000,159.282000,OK
2,23,adjacent,100,100,16,198,FWD,E12,E1,E2,E3,-9.938000,169.896000,OK
2,23,adjacent,100,100,16,199,REV,E1,E12,E2,E3,17.195000,155.053000,OK
2,23,adjacent,100,100,16,200,FWD,E12,E1,E3,E4,-2.898000,172.769000,OK
2,23,adjacent,100,100,16,201,REV,E1,E12,E3,E4,8.820000,154.973000,OK
2,23,adjacent,100,100,16,202,FWD,E12,E1,E4,E5,115.375000,173.008000,OK
2,23,adjacent,100,100,16,203,REV,E1,E12,E4,E5,-67.727000,154.095000,OK
2,23,adjacent,100,100,16,204,FWD,E12,E1,E5,E6,27.359000,173.248000,OK
2,23,adjacent,100,100,16,205,REV,E1,E12,E5,E6,2.406000,154.016000,OK
2,23,adjacent,100,100,16,206,FWD,E12,E1,E6,E7,8.367000,174.205000,OK
2,23,adjacent,100,100,16,207,REV,E1,E12,E6,E7,9.609000,153.936000,OK
2,23,adjacent,100,100,16,208,FWD,E12,E1,E7,E8,0.000000,173.886000,OK
2,23,adjacent,100,100,16,209,REV,E1,E12,E7,E8,0.000000,153.617000,OK
2,23,adjacent,100,100,16,210,FWD,E12,E1,E8,E9,-55.516000,174.205000,OK
2,23,adjacent,100,100,16,211,REV,E1,E12,E8,E9,-53.664000,154.494000,OK
2,23,adjacent,100,100,16,212,FWD,E12,E1,E9,E10,9.188000,174.285000,OK
2,23,adjacent,100,100,16,213,REV,E1,E12,E9,E10,13.633000,154.016000,OK
2,23,adjacent,100,100,16,214,FWD,E12,E1,E10,E11,-91.031000,172.689000,OK
2,23,adjacent,100,100,16,215,REV,E1,E12,E10,E11,-83.000000,153.457000,OK
3,24,adjacent,100,100,16,0,FWD,E1,E2,E3,E4,-9.133000,163.033000,OK
3,24,adjacent,100,100,16,1,REV,E2,E1,E3,E4,16.836000,179.632000,OK
3,24,adjacent,100,100,16,2,FWD,E1,E2,E4,E5,-89.336000,166.385000,OK
3,24,adjacent,100,100,16,3,REV,E2,E1,E4,E5,129.187000,179.711000,OK
3,24,adjacent,100,100,16,4,FWD,E1,E2,E5,E6,96.070000,167.103000,OK
3,24,adjacent,100,100,16,5,REV,E2,E1,E5,E6,-73.078000,179.233000,OK
3,24,adjacent,100,100,16,6,FWD,E1,E2,E6,E7,8.195000,166.624000,OK
3,24,adjacent,100,100,16,7,REV,E2,E1,E6,E7,10.000000,179.392000,OK
3,24,adjacent,100,100,16,8,FWD,E1,E2,E7,E8,0.000000,166.943000,OK
3,24,adjacent,100,100,16,9,REV,E2,E1,E7,E8,0.000000,179.791000,OK
3,24,adjacent,100,100,16,10,FWD,E1,E2,E8,E9,-55.555000,166.863000,OK
3,24,adjacent,100,100,16,11,REV,E2,E1,E8,E9,-53.719000,179.233000,OK
3,24,adjacent,100,100,16,12,FWD,E1,E2,E9,E10,10.063000,167.422000,OK
3,24,adjacent,100,100,16,13,REV,E2,E1,E9,E10,13.172000,178.514000,OK
3,24,adjacent,100,100,16,14,FWD,E1,E2,E10,E11,-88.203000,167.023000,OK
3,24,adjacent,100,100,16,15,REV,E2,E1,E10,E11,-92.828000,178.036000,OK
3,24,adjacent,100,100,16,16,FWD,E1,E2,E11,E12,-126.875000,167.901000,OK
3,24,adjacent,100,100,16,17,REV,E2,E1,E11,E12,-130.391000,178.993000,OK
3,24,adjacent,100,100,16,18,FWD,E2,E3,E4,E5,-10.328000,170.455000,OK
3,24,adjacent,100,100,16,19,REV,E3,E2,E4,E5,51.281000,177.477000,OK
3,24,adjacent,100,100,16,20,FWD,E2,E3,E5,E6,-81.336000,173.487000,OK
3,24,adjacent,100,100,16,21,REV,E3,E2,E5,E6,108.453000,176.679000,OK
3,24,adjacent,100,100,16,22,FWD,E2,E3,E6,E7,7.719000,173.407000,OK
3,24,adjacent,100,100,16,23,REV,E3,E2,E6,E7,10.414000,175.881000,OK
3,24,adjacent,100,100,16,24,FWD,E2,E3,E7,E8,-0.008000,175.163000,OK
3,24,adjacent,100,100,16,25,REV,E3,E2,E7,E8,0.000000,175.721000,OK
3,24,adjacent,100,100,16,26,FWD,E2,E3,E8,E9,-55.766000,174.604000,OK
3,24,adjacent,100,100,16,27,REV,E3,E2,E8,E9,-53.703000,175.721000,OK
3,24,adjacent,100,100,16,28,FWD,E2,E3,E9,E10,10.391000,175.322000,OK
3,24,adjacent,100,100,16,29,REV,E3,E2,E9,E10,12.758000,175.801000,OK
3,24,adjacent,100,100,16,30,FWD,E2,E3,E10,E11,-86.227000,173.886000,OK
3,24,adjacent,100,100,16,31,REV,E3,E2,E10,E11,-94.484000,175.801000,OK
3,24,adjacent,100,100,16,32,FWD,E2,E3,E11,E12,-124.547000,175.163000,OK
3,24,adjacent,100,100,16,33,REV,E3,E2,E11,E12,-131.156000,176.998000,OK
3,24,adjacent,100,100,16,34,FWD,E2,E3,E12,E1,-38.664000,174.524000,OK
3,24,adjacent,100,100,16,35,REV,E3,E2,E12,E1,-21.875000,175.642000,OK
3,24,adjacent,100,100,16,36,FWD,E3,E4,E1,E2,10.570000,195.113000,OK
3,24,adjacent,100,100,16,37,REV,E4,E3,E1,E2,24.148000,174.046000,OK
3,24,adjacent,100,100,16,38,FWD,E3,E4,E5,E6,-8.563000,197.188000,OK
3,24,adjacent,100,100,16,39,REV,E4,E3,E5,E6,35.430000,173.327000,OK
3,24,adjacent,100,100,16,40,FWD,E3,E4,E6,E7,6.664000,197.347000,OK
3,24,adjacent,100,100,16,41,REV,E4,E3,E6,E7,11.188000,174.285000,OK
3,24,adjacent,100,100,16,42,FWD,E3,E4,E7,E8,0.000000,197.427000,OK
3,24,adjacent,100,100,16,43,REV,E4,E3,E7,E8,0.000000,173.726000,OK
3,24,adjacent,100,100,16,44,FWD,E3,E4,E8,E9,-56.219000,196.549000,OK
3,24,adjacent,100,100,16,45,REV,E4,E3,E8,E9,-53.633000,173.806000,OK
3,24,adjacent,100,100,16,46,FWD,E3,E4,E9,E10,10.531000,197.667000,OK
3,24,adjacent,100,100,16,47,REV,E4,E3,E9,E10,12.516000,173.487000,OK
3,24,adjacent,100,100,16,48,FWD,E3,E4,E10,E11,-97.328000,197.986000,OK
3,24,adjacent,100,100,16,49,REV,E4,E3,E10,E11,-94.109000,173.647000,OK
3,24,adjacent,100,100,16,50,FWD,E3,E4,E11,E12,-135.750000,197.507000,OK
3,24,adjacent,100,100,16,51,REV,E4,E3,E11,E12,-131.797000,173.487000,OK
3,24,adjacent,100,100,16,52,FWD,E3,E4,E12,E1,-33.922000,196.789000,OK
3,24,adjacent,100,100,16,53,REV,E4,E3,E12,E1,-28.219000,173.966000,OK
3,24,adjacent,100,100,16,54,FWD,E4,E5,E1,E2,11.727000,180.110000,OK
3,24,adjacent,100,100,16,55,REV,E5,E4,E1,E2,21.508000,200.300000,OK
3,24,adjacent,100,100,16,56,FWD,E4,E5,E2,E3,20.961000,182.584000,OK
3,24,adjacent,100,100,16,57,REV,E5,E4,E2,E3,-13.508000,199.263000,OK
3,24,adjacent,100,100,16,58,FWD,E4,E5,E6,E7,0.586000,183.462000,OK
3,24,adjacent,100,100,16,59,REV,E5,E4,E6,E7,18.289000,198.704000,OK
3,24,adjacent,100,100,16,60,FWD,E4,E5,E7,E8,0.000000,184.180000,OK
3,24,adjacent,100,100,16,61,REV,E5,E4,E7,E8,0.000000,198.465000,OK
3,24,adjacent,100,100,16,62,FWD,E4,E5,E8,E9,-58.289000,185.297000,OK
3,24,adjacent,100,100,16,63,REV,E5,E4,E8,E9,-51.203000,198.225000,OK
3,24,adjacent,100,100,16,64,FWD,E4,E5,E9,E10,9.648000,184.180000,OK
3,24,adjacent,100,100,16,65,REV,E5,E4,E9,E10,13.719000,197.746000,OK
3,24,adjacent,100,100,16,66,FWD,E4,E5,E10,E11,-94.344000,184.100000,OK
3,24,adjacent,100,100,16,67,REV,E5,E4,E10,E11,-101.906000,198.465000,OK
3,24,adjacent,100,100,16,68,FWD,E4,E5,E11,E12,-133.500000,184.021000,OK
3,24,adjacent,100,100,16,69,REV,E5,E4,E11,E12,-138.250000,198.784000,OK
3,24,adjacent,100,100,16,70,FWD,E4,E5,E12,E1,-33.484000,184.579000,OK
3,24,adjacent,100,100,16,71,REV,E5,E4,E12,E1,-28.555000,198.145000,OK
3,24,adjacent,100,100,16,72,FWD,E5,E6,E1,E2,15.305000,188.889000,OK
3,24,adjacent,100,100,16,73,REV,E6,E5,E1,E2,17.672000,205.567000,OK
3,24,adjacent,100,100,16,74,FWD,E5,E6,E2,E3,13.945000,192.081000,OK
3,24,adjacent,100,100,16,75,REV,E6,E5,E2,E3,-5.297000,203.412000,OK
3,24,adjacent,100,100,16,76,FWD,E5,E6,E3,E4,15.305000,193.517000,OK
3,24,adjacent,100,100,16,77,REV,E6,E5,E3,E4,-8.625000,203.731000,OK
3,24,adjacent,100,100,16,78,FWD,E5,E6,E7,E8,0.008000,193.677000,OK
3,24,adjacent,100,100,16,79,REV,E6,E5,E7,E8,0.000000,203.013000,OK
3,24,adjacent,100,100,16,80,FWD,E5,E6,E8,E9,-59.180000,192.719000,OK
3,24,adjacent,100,100,16,81,REV,E6,E5,E8,E9,-50.484000,203.173000,OK
3,24,adjacent,100,100,16,82,FWD,E5,E6,E9,E10,10.078000,193.756000,OK
3,24,adjacent,100,100,16,83,REV,E6,E5,E9,E10,13.227000,203.811000,OK
3,24,adjacent,100,100,16,84,FWD,E5,E6,E10,E11,-88.984000,193.437000,OK
3,24,adjacent,100,100,16,85,REV,E6,E5,E10,E11,-101.422000,202.614000,OK
3,24,adjacent,100,100,16,86,FWD,E5,E6,E11,E12,-128.609000,193.597000,OK
3,24,adjacent,100,100,16,87,REV,E6,E5,E11,E12,-138.094000,203.093000,OK
3,24,adjacent,100,100,16,88,FWD,E5,E6,E12,E1,-31.891000,193.996000,OK
3,24,adjacent,100,100,16,89,REV,E6,E5,E12,E1,-30.562000,202.774000,OK
3,24,adjacent,100,100,16,90,FWD,E6,E7,E1,E2,15.547000,200.140000,OK
3,24,adjacent,100,100,16,91,REV,E7,E6,E1,E2,17.602000,214.425000,OK
3,24,adjacent,100,100,16,92,FWD,E6,E7,E2,E3,50.805000,201.976000,OK
3,24,adjacent,100,100,16,93,REV,E7,E6,E2,E3,-42.273000,212.350000,OK
3,24,adjacent,100,100,16,94,FWD,E6,E7,E3,E4,51.430000,203.332000,OK
3,24,adjacent,100,100,16,95,REV,E7,E6,E3,E4,-44.977000,212.190000,OK
3,24,adjacent,100,100,16,96,FWD,E6,E7,E4,E5,20.383000,203.731000,OK
3,24,adjacent,100,100,16,97,REV,E7,E6,E4,E5,9.992000,212.749000,OK
3,24,adjacent,100,100,16,98,FWD,E6,E7,E8,E9,-89.234000,203.731000,OK
3,24,adjacent,100,100,16,99,REV,E7,E6,E8,E9,-19.836000,212.190000,OK
3,24,adjacent,100,100,16,100,FWD,E6,E7,E9,E10,5.937000,203.492000,OK
3,24,adjacent,100,100,16,101,REV,E7,E6,E9,E10,17.406000,212.270000,OK
3,24,adjacent,100,100,16,102,FWD,E6,E7,E10,E11,-93.375000,204.370000,OK
3,24,adjacent,100,100,16,103,REV,E7,E6,E10,E11,-94.359000,212.510000,OK
3,24,adjacent,100,100,16,104,FWD,E6,E7,E11,E12,-132.156000,204.130000,OK
3,24,adjacent,100,100,16,105,REV,E7,E6,E11,E12,-132.812000,211.472000,OK
3,24,adjacent,100,100,16,106,FWD,E6,E7,E12,E1,-32.117000,204.529000,OK
3,24,adjacent,100,100,16,107,REV,E7,E6,E12,E1,-30.523000,211.791000,OK
3,24,adjacent,100,100,16,108,FWD,E7,E8,E1,E2,16.578000,299.093000,OK
3,24,adjacent,100,100,16,109,REV,E8,E7,E1,E2,16.617000,298.535000,OK
3,24,adjacent,100,100,16,110,FWD,E7,E8,E2,E3,3.836000,298.216000,OK
3,24,adjacent,100,100,16,111,REV,E8,E7,E2,E3,4.141000,298.056000,OK
3,24,adjacent,100,100,16,112,FWD,E7,E8,E3,E4,3.219000,298.615000,OK
3,24,adjacent,100,100,16,113,REV,E8,E7,E3,E4,3.141000,298.056000,OK
3,24,adjacent,100,100,16,114,FWD,E7,E8,E4,E5,15.406000,297.497000,OK
3,24,adjacent,100,100,16,115,REV,E8,E7,E4,E5,15.398000,298.455000,OK
3,24,adjacent,100,100,16,116,FWD,E7,E8,E5,E6,13.680000,298.694000,OK
3,24,adjacent,100,100,16,117,REV,E8,E7,E5,E6,13.703000,299.891000,OK
3,24,adjacent,100,100,16,118,FWD,E7,E8,E9,E10,11.594000,299.253000,OK
3,24,adjacent,100,100,16,119,REV,E8,E7,E9,E10,11.664000,299.492000,OK
3,24,adjacent,100,100,16,120,FWD,E7,E8,E10,E11,-101.359000,297.737000,OK
3,24,adjacent,100,100,16,121,REV,E8,E7,E10,E11,-111.641000,298.774000,OK
3,24,adjacent,100,100,16,122,FWD,E7,E8,E11,E12,-146.016000,299.093000,OK
3,24,adjacent,100,100,16,123,REV,E8,E7,E11,E12,-149.250000,299.812000,OK
3,24,adjacent,100,100,16,124,FWD,E7,E8,E12,E1,-31.406000,299.652000,OK
3,24,adjacent,100,100,16,125,REV,E8,E7,E12,E1,-31.469000,299.413000,OK
3,24,adjacent,100,100,16,126,FWD,E8,E9,E1,E2,15.469000,202.455000,OK
3,24,adjacent,100,100,16,127,REV,E9,E8,E1,E2,17.562000,164.070000,OK
3,24,adjacent,100,100,16,128,FWD,E8,E9,E2,E3,-41.961000,203.013000,OK
3,24,adjacent,100,100,16,129,REV,E9,E8,E2,E3,39.680000,164.868000,OK
3,24,adjacent,100,100,16,130,FWD,E8,E9,E3,E4,-41.734000,203.971000,OK
3,24,adjacent,100,100,16,131,REV,E9,E8,E3,E4,37.461000,164.789000,OK
3,24,adjacent,100,100,16,132,FWD,E8,E9,E4,E5,19.336000,202.774000,OK
3,24,adjacent,100,100,16,133,REV,E9,E8,E4,E5,12.391000,164.310000,OK
3,24,adjacent,100,100,16,134,FWD,E8,E9,E5,E6,20.391000,202.614000,OK
3,24,adjacent,100,100,16,135,REV,E9,E8,E5,E6,8.570000,165.267000,OK
3,24,adjacent,100,100,16,136,FWD,E8,E9,E6,E7,-26.687000,202.375000,OK
3,24,adjacent,100,100,16,137,REV,E9,E8,E6,E7,34.742000,165.267000,OK
3,24,adjacent,100,100,16,138,FWD,E8,E9,E10,E11,-92.953000,201.896000,OK
3,24,adjacent,100,100,16,139,REV,E9,E8,E10,E11,-92.578000,164.390000,OK
3,24,adjacent,100,100,16,140,FWD,E8,E9,E11,E12,-127.109000,201.896000,OK
3,24,adjacent,100,100,16,141,REV,E9,E8,E11,E12,-134.156000,165.906000,OK
3,24,adjacent,100,100,16,142,FWD,E8,E9,E12,E1,-32.750000,202.295000,OK
3,24,adjacent,100,100,16,143,REV,E9,E8,E12,E1,-30.461000,166.225000,OK
3,24,adjacent,100,100,16,144,FWD,E9,E10,E1,E2,15.492000,140.050000,OK
3,24,adjacent,100,100,16,145,REV,E10,E9,E1,E2,17.875000,153.537000,OK
3,24,adjacent,100,100,16,146,FWD,E9,E10,E2,E3,-3.555000,144.838000,OK
3,24,adjacent,100,100,16,147,REV,E10,E9,E2,E3,11.891000,153.138000,OK
3,24,adjacent,100,100,16,148,FWD,E9,E10,E3,E4,-3.664000,146.993000,OK
3,24,adjacent,100,100,16,149,REV,E10,E9,E3,E4,9.836000,154.016000,OK
3,24,adjacent,100,100,16,150,FWD,E9,E10,E4,E5,18.250000,147.951000,OK
3,24,adjacent,100,100,16,151,REV,E10,E9,E4,E5,12.641000,153.138000,OK
3,24,adjacent,100,100,16,152,FWD,E9,E10,E5,E6,16.852000,147.232000,OK
3,24,adjacent,100,100,16,153,REV,E10,E9,E5,E6,10.781000,152.420000,OK
3,24,adjacent,100,100,16,154,FWD,E9,E10,E6,E7,5.070000,147.232000,OK
3,24,adjacent,100,100,16,155,REV,E10,E9,E6,E7,12.328000,152.978000,OK
3,24,adjacent,100,100,16,156,FWD,E9,E10,E7,E8,0.000000,146.913000,OK
3,24,adjacent,100,100,16,157,REV,E10,E9,E7,E8,0.000000,153.138000,OK
3,24,adjacent,100,100,16,158,FWD,E9,E10,E11,E12,-113.609000,147.392000,OK
3,24,adjacent,100,100,16,159,REV,E10,E9,E11,E12,-126.047000,152.819000,OK
3,24,adjacent,100,100,16,160,FWD,E9,E10,E12,E1,-33.242000,146.993000,OK
3,24,adjacent,100,100,16,161,REV,E10,E9,E12,E1,-29.719000,153.218000,OK
3,24,adjacent,100,100,16,162,FWD,E10,E11,E1,E2,13.320000,126.245000,OK
3,24,adjacent,100,100,16,163,REV,E11,E10,E1,E2,20.875000,161.118000,OK
3,24,adjacent,100,100,16,164,FWD,E10,E11,E2,E3,-3.484000,128.719000,OK
3,24,adjacent,100,100,16,165,REV,E11,E10,E2,E3,14.125000,159.921000,OK
3,24,adjacent,100,100,16,166,FWD,E10,E11,E3,E4,-2.758000,129.676000,OK
3,24,adjacent,100,100,16,167,REV,E11,E10,E3,E4,10.516000,159.761000,OK
3,24,adjacent,100,100,16,168,FWD,E10,E11,E4,E5,21.969000,129.517000,OK
3,24,adjacent,100,100,16,169,REV,E11,E10,E4,E5,7.609000,159.282000,OK
3,24,adjacent,100,100,16,170,FWD,E10,E11,E5,E6,18.656000,129.517000,OK
3,24,adjacent,100,100,16,171,REV,E11,E10,E5,E6,8.242000,158.804000,OK
3,24,adjacent,100,100,16,172,FWD,E10,E11,E6,E7,6.562000,129.437000,OK
3,24,adjacent,100,100,16,173,REV,E11,E10,E6,E7,11.461000,158.564000,OK
3,24,adjacent,100,100,16,174,FWD,E10,E11,E7,E8,0.000000,129.756000,OK
3,24,adjacent,100,100,16,175,REV,E11,E10,E7,E8,0.000000,158.963000,OK
3,24,adjacent,100,100,16,176,FWD,E10,E11,E8,E9,-67.672000,129.756000,OK
3,24,adjacent,100,100,16,177,REV,E11,E10,E8,E9,-39.914000,158.006000,OK
3,24,adjacent,100,100,16,178,FWD,E10,E11,E12,E1,-38.594000,129.517000,OK
3,24,adjacent,100,100,16,179,REV,E11,E10,E12,E1,-23.180000,158.245000,OK
3,24,adjacent,100,100,16,180,FWD,E11,E12,E1,E2,7.477000,156.330000,OK
3,24,adjacent,100,100,16,181,REV,E12,E11,E1,E2,26.133000,165.587000,OK
3,24,adjacent,100,100,16,182,FWD,E11,E12,E2,E3,-3.813000,158.564000,OK
3,24,adjacent,100,100,16,183,REV,E12,E11,E2,E3,12.844000,163.512000,OK
3,24,adjacent,100,100,16,184,FWD,E11,E12,E3,E4,-1.211000,159.362000,OK
3,24,adjacent,100,100,16,185,REV,E12,E11,E3,E4,7.758000,163.432000,OK
3,24,adjacent,100,100,16,186,FWD,E11,E12,E4,E5,30.164000,160.320000,OK
3,24,adjacent,100,100,16,187,REV,E12,E11,E4,E5,0.609000,163.193000,OK
3,24,adjacent,100,100,16,188,FWD,E11,E12,E5,E6,20.891000,160.240000,OK
3,24,adjacent,100,100,16,189,REV,E12,E11,E5,E6,6.805000,163.432000,OK
3,24,adjacent,100,100,16,190,FWD,E11,E12,E6,E7,8.125000,159.921000,OK
3,24,adjacent,100,100,16,191,REV,E12,E11,E6,E7,9.742000,162.714000,OK
3,24,adjacent,100,100,16,192,FWD,E11,E12,E7,E8,0.000000,160.479000,OK
3,24,adjacent,100,100,16,193,REV,E12,E11,E7,E8,0.000000,163.272000,OK
3,24,adjacent,100,100,16,194,FWD,E11,E12,E8,E9,-56.148000,159.921000,OK
3,24,adjacent,100,100,16,195,REV,E12,E11,E8,E9,-52.289000,163.512000,OK
3,24,adjacent,100,100,16,196,FWD,E11,E12,E9,E10,4.586000,160.479000,OK
3,24,adjacent,100,100,16,197,REV,E12,E11,E9,E10,18.687000,163.592000,OK
3,24,adjacent,100,100,16,198,FWD,E12,E1,E2,E3,-10.148000,174.365000,OK
3,24,adjacent,100,100,16,199,REV,E1,E12,E2,E3,17.680000,159.602000,OK
3,24,adjacent,100,100,16,200,FWD,E12,E1,E3,E4,-3.070000,176.918000,OK
3,24,adjacent,100,100,16,201,REV,E1,E12,E3,E4,8.930000,158.564000,OK
3,24,adjacent,100,100,16,202,FWD,E12,E1,E4,E5,117.734000,178.195000,OK
3,24,adjacent,100,100,16,203,REV,E1,E12,E4,E5,-70.367000,158.724000,OK
3,24,adjacent,100,100,16,204,FWD,E12,E1,E5,E6,27.609000,178.115000,OK
3,24,adjacent,100,100,16,205,REV,E1,E12,E5,E6,2.031000,158.564000,OK
3,24,adjacent,100,100,16,206,FWD,E12,E1,E6,E7,8.313000,177.956000,OK
3,24,adjacent,100,100,16,207,REV,E1,E12,E6,E7,9.563000,158.883000,OK
3,24,adjacent,100,100,16,208,FWD,E12,E1,E7,E8,0.000000,178.355000,OK
3,24,adjacent,100,100,16,209,REV,E1,E12,E7,E8,0.000000,160.240000,OK
3,24,adjacent,100,100,16,210,FWD,E12,E1,E8,E9,-55.492000,178.275000,OK
3,24,adjacent,100,100,16,211,REV,E1,E12,E8,E9,-53.586000,158.644000,OK
3,24,adjacent,100,100,16,212,FWD,E12,E1,E9,E10,9.039000,177.716000,OK
3,24,adjacent,100,100,16,213,REV,E1,E12,E9,E10,13.672000,159.043000,OK
3,24,adjacent,100,100,16,214,FWD,E12,E1,E10,E11,-90.250000,178.514000,OK
3,24,adjacent,100,100,16,215,REV,E1,E12,E10,E11,-80.813000,158.405000,OK
4,25,adjacent,100,100,16,0,FWD,E1,E2,E3,E4,-9.688000,168.779000,OK
4,25,adjacent,100,100,16,1,REV,E2,E1,E3,E4,17.203000,185.058000,OK
4,25,adjacent,100,100,16,2,FWD,E1,E2,E4,E5,-92.492000,171.253000,OK
4,25,adjacent,100,100,16,3,REV,E2,E1,E4,E5,131.484000,183.941000,OK
4,25,adjacent,100,100,16,4,FWD,E1,E2,E5,E6,98.602000,170.614000,OK
4,25,adjacent,100,100,16,5,REV,E2,E1,E5,E6,-75.398000,184.499000,OK
4,25,adjacent,100,100,16,6,FWD,E1,E2,E6,E7,8.125000,171.093000,OK
4,25,adjacent,100,100,16,7,REV,E2,E1,E6,E7,9.961000,183.542000,OK
4,25,adjacent,100,100,16,8,FWD,E1,E2,E7,E8,0.000000,172.210000,OK
4,25,adjacent,100,100,16,9,REV,E2,E1,E7,E8,0.000000,182.983000,OK
4,25,adjacent,100,100,16,10,FWD,E1,E2,E8,E9,-55.516000,171.891000,OK
4,25,adjacent,100,100,16,11,REV,E2,E1,E8,E9,-53.656000,182.664000,OK
4,25,adjacent,100,100,16,12,FWD,E1,E2,E9,E10,9.938000,171.971000,OK
4,25,adjacent,100,100,16,13,REV,E2,E1,E9,E10,13.125000,183.063000,OK
4,25,adjacent,100,100,16,14,FWD,E1,E2,E10,E11,-85.570000,171.253000,OK
4,25,adjacent,100,100,16,15,REV,E2,E1,E10,E11,-90.484000,183.223000,OK
4,25,adjacent,100,100,16,16,FWD,E1,E2,E11,E12,-124.516000,172.130000,OK
4,25,adjacent,100,100,16,17,REV,E2,E1,E11,E12,-129.250000,182.824000,OK
4,25,adjacent,100,100,16,18,FWD,E2,E3,E4,E5,-11.023000,175.322000,OK
4,25,adjacent,100,100,16,19,REV,E3,E2,E4,E5,52.047000,181.228000,OK
4,25,adjacent,100,100,16,20,FWD,E2,E3,E5,E6,-84.031000,177.557000,OK
4,25,adjacent,100,100,16,21,REV,E3,E2,E5,E6,111.180000,179.951000,OK
4,25,adjacent,100,100,16,22,FWD,E2,E3,E6,E7,7.625000,177.716000,OK
4,25,adjacent,100,100,16,23,REV,E3,E2,E6,E7,10.453000,180.988000,OK
4,25,adjacent,100,100,16,24,FWD,E2,E3,E7,E8,0.008000,179.233000,OK
4,25,adjacent,100,100,16,25,REV,E3,E2,E7,E8,0.000000,181.068000,OK
4,25,adjacent,100,100,16,26,FWD,E2,E3,E8,E9,-55.742000,179.472000,OK
4,25,adjacent,100,100,16,27,REV,E3,E2,E8,E9,-53.656000,180.190000,OK
4,25,adjacent,100,100,16,28,FWD,E2,E3,E9,E10,10.297000,179.233000,OK
4,25,adjacent,100,100,16,29,REV,E3,E2,E9,E10,12.719000,180.110000,OK
4,25,adjacent,100,100,16,30,FWD,E2,E3,E10,E11,-83.320000,179.472000,OK
4,25,adjacent,100,100,16,31,REV,E3,E2,E10,E11,-91.609000,180.110000,OK
4,25,adjacent,100,100,16,32,FWD,E2,E3,E11,E12,-121.094000,178.754000,OK
4,25,adjacent,100,100,16,33,REV,E3,E2,E11,E12,-128.297000,181.068000,OK
4,25,adjacent,100,100,16,34,FWD,E2,E3,E12,E1,-38.914000,178.754000,OK
4,25,adjacent,100,100,16,35,REV,E3,E2,E12,E1,-21.758000,180.110000,OK
4,25,adjacent,100,100,16,36,FWD,E3,E4,E1,E2,10.438000,198.943000,OK
4,25,adjacent,100,100,16,37,REV,E4,E3,E1,E2,24.312000,178.834000,OK
4,25,adjacent,100,100,16,38,FWD,E3,E4,E5,E6,-9.031000,200.699000,OK
4,25,adjacent,100,100,16,39,REV,E4,E3,E5,E6,35.914000,177.796000,OK
4,25,adjacent,100,100,16,40,FWD,E3,E4,E6,E7,6.586000,200.699000,OK
4,25,adjacent,100,100,16,41,REV,E4,E3,E6,E7,11.250000,178.195000,OK
4,25,adjacent,100,100,16,42,FWD,E3,E4,E7,E8,0.000000,201.018000,OK
4,25,adjacent,100,100,16,43,REV,E4,E3,E7,E8,0.000000,177.796000,OK
4,25,adjacent,100,100,16,44,FWD,E3,E4,E8,E9,-56.203000,201.098000,OK
4,25,adjacent,100,100,16,45,REV,E4,E3,E8,E9,-53.555000,177.317000,OK
4,25,adjacent,100,100,16,46,FWD,E3,E4,E9,E10,10.445000,202.135000,OK
4,25,adjacent,100,100,16,47,REV,E4,E3,E9,E10,12.461000,178.195000,OK
4,25,adjacent,100,100,16,48,FWD,E3,E4,E10,E11,-93.563000,202.056000,OK
4,25,adjacent,100,100,16,49,REV,E4,E3,E10,E11,-91.578000,177.317000,OK
4,25,adjacent,100,100,16,50,FWD,E3,E4,E11,E12,-133.937000,201.178000,OK
4,25,adjacent,100,100,16,51,REV,E4,E3,E11,E12,-127.734000,178.355000,OK
4,25,adjacent,100,100,16,52,FWD,E3,E4,E12,E1,-34.031000,200.300000,OK
4,25,adjacent,100,100,16,53,REV,E4,E3,E12,E1,-28.227000,177.716000,OK
4,25,adjacent,100,100,16,54,FWD,E4,E5,E1,E2,11.570000,184.579000,OK
4,25,adjacent,100,100,16,55,REV,E5,E4,E1,E2,21.562000,203.652000,OK
4,25,adjacent,100,100,16,56,FWD,E4,E5,E2,E3,21.281000,187.452000,OK
4,25,adjacent,100,100,16,57,REV,E5,E4,E2,E3,-13.867000,202.534000,OK
4,25,adjacent,100,100,16,58,FWD,E4,E5,E6,E7,0.383000,188.011000,OK
4,25,adjacent,100,100,16,59,REV,E5,E4,E6,E7,18.445000,201.896000,OK
4,25,adjacent,100,100,16,60,FWD,E4,E5,E7,E8,0.000000,187.133000,OK
4,25,adjacent,100,100,16,61,REV,E5,E4,E7,E8,-0.008000,202.534000,OK
4,25,adjacent,100,100,16,62,FWD,E4,E5,E8,E9,-58.328000,187.771000,OK
4,25,adjacent,100,100,16,63,REV,E5,E4,E8,E9,-51.117000,202.534000,OK
4,25,adjacent,100,100,16,64,FWD,E4,E5,E9,E10,9.516000,188.170000,OK
4,25,adjacent,100,100,16,65,REV,E5,E4,E9,E10,13.672000,201.258000,OK
4,25,adjacent,100,100,16,66,FWD,E4,E5,E10,E11,-91.750000,188.649000,OK
4,25,adjacent,100,100,16,67,REV,E5,E4,E10,E11,-98.594000,201.258000,OK
4,25,adjacent,100,100,16,68,FWD,E4,E5,E11,E12,-132.500000,188.889000,OK
4,25,adjacent,100,100,16,69,REV,E5,E4,E11,E12,-134.891000,202.375000,OK
4,25,adjacent,100,100,16,70,FWD,E4,E5,E12,E1,-33.641000,188.569000,OK
4,25,adjacent,100,100,16,71,REV,E5,E4,E12,E1,-28.570000,201.976000,OK
4,25,adjacent,100,100,16,72,FWD,E5,E6,E1,E2,15.313000,192.799000,OK
4,25,adjacent,100,100,16,73,REV,E6,E5,E1,E2,17.695000,209.158000,OK
4,25,adjacent,100,100,16,74,FWD,E5,E6,E2,E3,14.109000,195.352000,OK
4,25,adjacent,100,100,16,75,REV,E6,E5,E2,E3,-5.570000,208.121000,OK
4,25,adjacent,100,100,16,76,FWD,E5,E6,E3,E4,15.500000,196.948000,OK
4,25,adjacent,100,100,16,77,REV,E6,E5,E3,E4,-8.922000,206.684000,OK
4,25,adjacent,100,100,16,78,FWD,E5,E6,E7,E8,0.000000,198.465000,OK
4,25,adjacent,100,100,16,79,REV,E6,E5,E7,E8,0.008000,207.003000,OK
4,25,adjacent,100,100,16,80,FWD,E5,E6,E8,E9,-59.203000,196.629000,OK
4,25,adjacent,100,100,16,81,REV,E6,E5,E8,E9,-50.414000,206.046000,OK
4,25,adjacent,100,100,16,82,FWD,E5,E6,E9,E10,9.953000,197.826000,OK
4,25,adjacent,100,100,16,83,REV,E6,E5,E9,E10,13.172000,207.482000,OK
4,25,adjacent,100,100,16,84,FWD,E5,E6,E10,E11,-87.586000,196.869000,OK
4,25,adjacent,100,100,16,85,REV,E6,E5,E10,E11,-100.859000,206.285000,OK
4,25,adjacent,100,100,16,86,FWD,E5,E6,E11,E12,-127.250000,197.746000,OK
4,25,adjacent,100,100,16,87,REV,E6,E5,E11,E12,-135.922000,206.126000,OK
4,25,adjacent,100,100,16,88,FWD,E5,E6,E12,E1,-31.977000,197.507000,OK
4,25,adjacent,100,100,16,89,REV,E6,E5,E12,E1,-30.641000,205.407000,OK
4,25,adjacent,100,100,16,90,FWD,E6,E7,E1,E2,15.516000,203.652000,OK
4,25,adjacent,100,100,16,91,REV,E7,E6,E1,E2,17.586000,218.016000,OK
4,25,adjacent,100,100,16,92,FWD,E6,E7,E2,E3,51.672000,206.365000,OK
4,25,adjacent,100,100,16,93,REV,E7,E6,E2,E3,-43.055000,215.861000,OK
4,25,adjacent,100,100,16,94,FWD,E6,E7,E3,E4,52.180000,205.727000,OK
4,25,adjacent,100,100,16,95,REV,E7,E6,E3,E4,-45.734000,215.382000,OK
4,25,adjacent,100,100,16,96,FWD,E6,E7,E4,E5,20.430000,205.966000,OK
4,25,adjacent,100,100,16,97,REV,E7,E6,E4,E5,9.930000,215.223000,OK
4,25,adjacent,100,100,16,98,FWD,E6,E7,E8,E9,-89.719000,206.684000,OK
4,25,adjacent,100,100,16,99,REV,E7,E6,E8,E9,-19.469000,214.744000,OK
4,25,adjacent,100,100,16,100,FWD,E6,E7,E9,E10,5.820000,207.642000,OK
4,25,adjacent,100,100,16,101,REV,E7,E6,E9,E10,17.445000,215.143000,OK
4,25,adjacent,100,100,16,102,FWD,E6,E7,E10,E11,-92.375000,206.604000,OK
4,25,adjacent,100,100,16,103,REV,E7,E6,E10,E11,-92.094000,213.707000,OK
4,25,adjacent,100,100,16,104,FWD,E6,E7,E11,E12,-130.750000,207.801000,OK
4,25,adjacent,100,100,16,105,REV,E7,E6,E11,E12,-130.437000,214.664000,OK
4,25,adjacent,100,100,16,106,FWD,E6,E7,E12,E1,-32.203000,207.881000,OK
4,25,adjacent,100,100,16,107,REV,E7,E6,E12,E1,-30.602000,214.265000,OK
4,25,adjacent,100,100,16,108,FWD,E7,E8,E1,E2,16.586000,299.812000,OK
4,25,adjacent,100,100,16,109,REV,E8,E7,E1,E2,16.609000,299.652000,OK
4,25,adjacent,100,100,16,110,FWD,E7,E8,E2,E3,3.836000,299.333000,OK
4,25,adjacent,100,100,16,111,REV,E8,E7,E2,E3,3.969000,300.211000,OK
4,25,adjacent,100,100,16,112,FWD,E7,E8,E3,E4,3.195000,299.812000,OK
4,25,adjacent,100,100,16,113,REV,E8,E7,E3,E4,3.508000,299.492000,OK
4,25,adjacent,100,100,16,114,FWD,E7,E8,E4,E5,15.406000,299.413000,OK
4,25,adjacent,100,100,16,115,REV,E8,E7,E4,E5,15.383000,299.812000,OK
4,25,adjacent,100,100,16,116,FWD,E7,E8,E5,E6,13.789000,299.652000,OK
4,25,adjacent,100,100,16,117,REV,E8,E7,E5,E6,13.695000,299.173000,OK
4,25,adjacent,100,100,16,118,FWD,E7,E8,E9,E10,11.539000,300.610000,OK
4,25,adjacent,100,100,16,119,REV,E8,E7,E9,E10,11.453000,300.131000,OK
4,25,adjacent,100,100,16,120,FWD,E7,E8,E10,E11,-100.406000,300.769000,OK
4,25,adjacent,100,100,16,121,REV,E8,E7,E10,E11,-109.875000,299.572000,OK
4,25,adjacent,100,100,16,122,FWD,E7,E8,E11,E12,-142.203000,299.891000,OK
4,25,adjacent,100,100,16,123,REV,E8,E7,E11,E12,-146.594000,299.652000,OK
4,25,adjacent,100,100,16,124,FWD,E7,E8,E12,E1,-31.477000,299.732000,OK
4,25,adjacent,100,100,16,125,REV,E8,E7,E12,E1,-31.562000,300.769000,OK
4,25,adjacent,100,100,16,126,FWD,E8,E9,E1,E2,15.508000,203.731000,OK
4,25,adjacent,100,100,16,127,REV,E9,E8,E1,E2,17.547000,167.183000,OK
4,25,adjacent,100,100,16,128,FWD,E8,E9,E2,E3,-42.125000,203.652000,OK
4,25,adjacent,100,100,16,129,REV,E9,E8,E2,E3,39.508000,166.066000,OK
4,25,adjacent,100,100,16,130,FWD,E8,E9,E3,E4,-42.063000,203.492000,OK
4,25,adjacent,100,100,16,131,REV,E9,E8,E3,E4,37.625000,165.986000,OK
4,25,adjacent,100,100,16,132,FWD,E8,E9,E4,E5,19.336000,203.173000,OK
4,25,adjacent,100,100,16,133,REV,E9,E8,E4,E5,12.305000,165.507000,OK
4,25,adjacent,100,100,16,134,FWD,E8,E9,E5,E6,20.398000,204.051000,OK
4,25,adjacent,100,100,16,135,REV,E9,E8,E5,E6,8.531000,165.906000,OK
4,25,adjacent,100,100,16,136,FWD,E8,E9,E6,E7,-26.914000,203.332000,OK
4,25,adjacent,100,100,16,137,REV,E9,E8,E6,E7,34.789000,165.427000,OK
4,25,adjacent,100,100,16,138,FWD,E8,E9,E10,E11,-91.391000,202.854000,OK
4,25,adjacent,100,100,16,139,REV,E9,E8,E10,E11,-88.250000,165.826000,OK
4,25,adjacent,100,100,16,140,FWD,E8,E9,E11,E12,-124.734000,202.694000,OK
4,25,adjacent,100,100,16,141,REV,E9,E8,E11,E12,-134.250000,166.385000,OK
4,25,adjacent,100,100,16,142,FWD,E8,E9,E12,E1,-32.805000,202.056000,OK
4,25,adjacent,100,100,16,143,REV,E9,E8,E12,E1,-30.531000,165.108000,OK
4,25,adjacent,100,100,16,144,FWD,E9,E10,E1,E2,15.461000,140.210000,OK
4,25,adjacent,100,100,16,145,REV,E10,E9,E1,E2,17.891000,155.771000,OK
4,25,adjacent,100,100,16,146,FWD,E9,E10,E2,E3,-3.648000,145.237000,OK
4,25,adjacent,100,100,16,147,REV,E10,E9,E2,E3,11.875000,154.016000,OK
4,25,adjacent,100,100,16,148,FWD,E9,E10,E3,E4,-3.844000,146.275000,OK
4,25,adjacent,100,100,16,149,REV,E10,E9,E3,E4,9.898000,153.218000,OK
4,25,adjacent,100,100,16,150,FWD,E9,E10,E4,E5,18.320000,146.195000,OK
4,25,adjacent,100,100,16,151,REV,E10,E9,E4,E5,12.609000,152.898000,OK
4,25,adjacent,100,100,16,152,FWD,E9,E10,E5,E6,16.984000,147.552000,OK
4,25,adjacent,100,100,16,153,REV,E10,E9,E5,E6,10.891000,153.297000,OK
4,25,adjacent,100,100,16,154,FWD,E9,E10,E6,E7,5.000000,146.833000,OK
4,25,adjacent,100,100,16,155,REV,E10,E9,E6,E7,12.289000,153.297000,OK
4,25,adjacent,100,100,16,156,FWD,E9,E10,E7,E8,0.000000,147.312000,OK
4,25,adjacent,100,100,16,157,REV,E10,E9,E7,E8,0.000000,153.377000,OK
4,25,adjacent,100,100,16,158,FWD,E9,E10,E11,E12,-112.859000,146.195000,OK
4,25,adjacent,100,100,16,159,REV,E10,E9,E11,E12,-125.250000,153.377000,OK
4,25,adjacent,100,100,16,160,FWD,E9,E10,E12,E1,-33.336000,146.115000,OK
4,25,adjacent,100,100,16,161,REV,E10,E9,E12,E1,-29.797000,153.537000,OK
4,25,adjacent,100,100,16,162,FWD,E10,E11,E1,E2,13.305000,125.606000,OK
4,25,adjacent,100,100,16,163,REV,E11,E10,E1,E2,20.859000,160.719000,OK
4,25,adjacent,100,100,16,164,FWD,E10,E11,E2,E3,-3.500000,127.362000,OK
4,25,adjacent,100,100,16,165,REV,E11,E10,E2,E3,14.117000,159.681000,OK
4,25,adjacent,100,100,16,166,FWD,E10,E11,E3,E4,-2.719000,128.160000,OK
4,25,adjacent,100,100,16,167,REV,E11,E10,E3,E4,10.484000,159.203000,OK
4,25,adjacent,100,100,16,168,FWD,E10,E11,E4,E5,21.922000,129.118000,OK
4,25,adjacent,100,100,16,169,REV,E11,E10,E4,E5,7.672000,158.085000,OK
4,25,adjacent,100,100,16,170,FWD,E10,E11,E5,E6,18.719000,128.958000,OK
4,25,adjacent,100,100,16,171,REV,E11,E10,E5,E6,8.344000,157.686000,OK
4,25,adjacent,100,100,16,172,FWD,E10,E11,E6,E7,6.570000,128.719000,OK
4,25,adjacent,100,100,16,173,REV,E11,E10,E6,E7,11.461000,157.128000,OK
4,25,adjacent,100,100,16,174,FWD,E10,E11,E7,E8,-0.008000,130.075000,OK
4,25,adjacent,100,100,16,175,REV,E11,E10,E7,E8,0.000000,157.208000,OK
4,25,adjacent,100,100,16,176,FWD,E10,E11,E8,E9,-67.516000,129.357000,OK
4,25,adjacent,100,100,16,177,REV,E11,E10,E8,E9,-40.047000,156.809000,OK
4,25,adjacent,100,100,16,178,FWD,E10,E11,E12,E1,-38.539000,129.118000,OK
4,25,adjacent,100,100,16,179,REV,E11,E10,E12,E1,-23.297000,156.410000,OK
4,25,adjacent,100,100,16,180,FWD,E11,E12,E1,E2,7.516000,155.133000,OK
4,25,adjacent,100,100,16,181,REV,E12,E11,E1,E2,26.117000,164.948000,OK
4,25,adjacent,100,100,16,182,FWD,E11,E12,E2,E3,-3.852000,158.165000,OK
4,25,adjacent,100,100,16,183,REV,E12,E11,E2,E3,12.813000,162.554000,OK
4,25,adjacent,100,100,16,184,FWD,E11,E12,E3,E4,-1.164000,158.006000,OK
4,25,adjacent,100,100,16,185,REV,E12,E11,E3,E4,7.750000,162.235000,OK
4,25,adjacent,100,100,16,186,FWD,E11,E12,E4,E5,30.125000,158.245000,OK
4,25,adjacent,100,100,16,187,REV,E12,E11,E4,E5,0.773000,162.873000,OK
4,25,adjacent,100,100,16,188,FWD,E11,E12,E5,E6,20.961000,158.724000,OK
4,25,adjacent,100,100,16,189,REV,E12,E11,E5,E6,7.023000,162.634000,OK
4,25,adjacent,100,100,16,190,FWD,E11,E12,E6,E7,8.125000,158.484000,OK
4,25,adjacent,100,100,16,191,REV,E12,E11,E6,E7,9.742000,162.235000,OK
4,25,adjacent,100,100,16,192,FWD,E11,E12,E7,E8,0.000000,158.325000,OK
4,25,adjacent,100,100,16,193,REV,E12,E11,E7,E8,0.000000,162.235000,OK
4,25,adjacent,100,100,16,194,FWD,E11,E12,E8,E9,-56.156000,158.883000,OK
4,25,adjacent,100,100,16,195,REV,E12,E11,E8,E9,-52.305000,162.235000,OK
4,25,adjacent,100,100,16,196,FWD,E11,E12,E9,E10,4.500000,158.804000,OK
4,25,adjacent,100,100,16,197,REV,E12,E11,E9,E10,18.586000,161.996000,OK
4,25,adjacent,100,100,16,198,FWD,E12,E1,E2,E3,-10.086000,172.928000,OK
4,25,adjacent,100,100,16,199,REV,E1,E12,E2,E3,17.398000,157.208000,OK
4,25,adjacent,100,100,16,200,FWD,E12,E1,E3,E4,-3.008000,175.801000,OK
4,25,adjacent,100,100,16,201,REV,E1,E12,E3,E4,8.805000,156.649000,OK
4,25,adjacent,100,100,16,202,FWD,E12,E1,E4,E5,116.609000,176.200000,OK
4,25,adjacent,100,100,16,203,REV,E1,E12,E4,E5,-69.383000,156.649000,OK
4,25,adjacent,100,100,16,204,FWD,E12,E1,E5,E6,27.578000,176.918000,OK
4,25,adjacent,100,100,16,205,REV,E1,E12,E5,E6,2.266000,156.410000,OK
4,25,adjacent,100,100,16,206,FWD,E12,E1,E6,E7,8.336000,176.998000,OK
4,25,adjacent,100,100,16,207,REV,E1,E12,E6,E7,9.570000,157.048000,OK
4,25,adjacent,100,100,16,208,FWD,E12,E1,E7,E8,0.000000,176.918000,OK
4,25,adjacent,100,100,16,209,REV,E1,E12,E7,E8,0.000000,156.649000,OK
4,25,adjacent,100,100,16,210,FWD,E12,E1,E8,E9,-55.430000,176.440000,OK
4,25,adjacent,100,100,16,211,REV,E1,E12,E8,E9,-53.594000,156.649000,OK
4,25,adjacent,100,100,16,212,FWD,E12,E1,E9,E10,9.031000,176.440000,OK
4,25,adjacent,100,100,16,213,REV,E1,E12,E9,E10,13.570000,156.888000,OK
4,25,adjacent,100,100,16,214,FWD,E12,E1,E10,E11,-88.844000,175.642000,OK
4,25,adjacent,100,100,16,215,REV,E1,E12,E10,E11,-80.539000,156.489000,OK
5,26,adjacent,100,100,16,0,FWD,E1,E2,E3,E4,-9.242000,165.986000,OK
5,26,adjacent,100,100,16,1,REV,E2,E1,E3,E4,17.086000,182.664000,OK
5,26,adjacent,100,100,16,2,FWD,E1,E2,E4,E5,-91.188000,167.981000,OK
5,26,adjacent,100,100,16,3,REV,E2,E1,E4,E5,130.977000,181.627000,OK
5,26,adjacent,100,100,16,4,FWD,E1,E2,E5,E6,97.773000,169.577000,OK
5,26,adjacent,100,100,16,5,REV,E2,E1,E5,E6,-73.844000,180.988000,OK
5,26,adjacent,100,100,16,6,FWD,E1,E2,E6,E7,8.141000,169.098000,OK
5,26,adjacent,100,100,16,7,REV,E2,E1,E6,E7,9.898000,180.669000,OK
5,26,adjacent,100,100,16,8,FWD,E1,E2,E7,E8,0.000000,169.816000,OK
5,26,adjacent,100,100,16,9,REV,E2,E1,E7,E8,0.000000,181.228000,OK
5,26,adjacent,100,100,16,10,FWD,E1,E2,E8,E9,-55.508000,170.056000,OK
5,26,adjacent,100,100,16,11,REV,E2,E1,E8,E9,-53.656000,181.228000,OK
5,26,adjacent,100,100,16,12,FWD,E1,E2,E9,E10,9.906000,169.736000,OK
5,26,adjacent,100,100,16,13,REV,E2,E1,E9,E10,13.063000,180.669000,OK
5,26,adjacent,100,100,16,14,FWD,E1,E2,E10,E11,-86.516000,169.337000,OK
5,26,adjacent,100,100,16,15,REV,E2,E1,E10,E11,-89.453000,180.509000,OK
5,26,adjacent,100,100,16,16,FWD,E1,E2,E11,E12,-121.984000,169.577000,OK
5,26,adjacent,100,100,16,17,REV,E2,E1,E11,E12,-127.656000,180.988000,OK
5,26,adjacent,100,100,16,18,FWD,E2,E3,E4,E5,-10.641000,172.609000,OK
5,26,adjacent,100,100,16,19,REV,E3,E2,E4,E5,51.680000,179.552000,OK
5,26,adjacent,100,100,16,20,FWD,E2,E3,E5,E6,-82.266000,174.844000,OK
5,26,adjacent,100,100,16,21,REV,E3,E2,E5,E6,110.031000,179.153000,OK
5,26,adjacent,100,100,16,22,FWD,E2,E3,E6,E7,7.664000,176.041000,OK
5,26,adjacent,100,100,16,23,REV,E3,E2,E6,E7,10.414000,178.754000,OK
5,26,adjacent,100,100,16,24,FWD,E2,E3,E7,E8,0.000000,176.120000,OK
5,26,adjacent,100,100,16,25,REV,E3,E2,E7,E8,0.000000,178.514000,OK
5,26,adjacent,100,100,16,26,FWD,E2,E3,E8,E9,-55.727000,176.200000,OK
5,26,adjacent,100,100,16,27,REV,E3,E2,E8,E9,-53.648000,178.195000,OK
5,26,adjacent,100,100,16,28,FWD,E2,E3,E9,E10,10.281000,177.397000,OK
5,26,adjacent,100,100,16,29,REV,E3,E2,E9,E10,12.656000,178.115000,OK
5,26,adjacent,100,100,16,30,FWD,E2,E3,E10,E11,-83.375000,177.557000,OK
5,26,adjacent,100,100,16,31,REV,E3,E2,E10,E11,-91.469000,177.876000,OK
5,26,adjacent,100,100,16,32,FWD,E2,E3,E11,E12,-118.781000,177.397000,OK
5,26,adjacent,100,100,16,33,REV,E3,E2,E11,E12,-126.703000,177.716000,OK
5,26,adjacent,100,100,16,34,FWD,E2,E3,E12,E1,-38.781000,177.477000,OK
5,26,adjacent,100,100,16,35,REV,E3,E2,E12,E1,-21.891000,178.275000,OK
5,26,adjacent,100,100,16,36,FWD,E3,E4,E1,E2,10.586000,197.427000,OK
5,26,adjacent,100,100,16,37,REV,E4,E3,E1,E2,24.250000,176.918000,OK
5,26,adjacent,100,100,16,38,FWD,E3,E4,E5,E6,-8.656000,198.784000,OK
5,26,adjacent,100,100,16,39,REV,E4,E3,E5,E6,35.844000,176.200000,OK
5,26,adjacent,100,100,16,40,FWD,E3,E4,E6,E7,6.562000,198.465000,OK
5,26,adjacent,100,100,16,41,REV,E4,E3,E6,E7,11.234000,176.679000,OK
5,26,adjacent,100,100,16,42,FWD,E3,E4,E7,E8,0.000000,199.342000,OK
5,26,adjacent,100,100,16,43,REV,E4,E3,E7,E8,0.000000,176.679000,OK
5,26,adjacent,100,100,16,44,FWD,E3,E4,E8,E9,-56.156000,199.662000,OK
5,26,adjacent,100,100,16,45,REV,E4,E3,E8,E9,-53.547000,175.801000,OK
5,26,adjacent,100,100,16,46,FWD,E3,E4,E9,E10,10.414000,200.380000,OK
5,26,adjacent,100,100,16,47,REV,E4,E3,E9,E10,12.391000,175.881000,OK
5,26,adjacent,100,100,16,48,FWD,E3,E4,E10,E11,-94.125000,200.539000,OK
5,26,adjacent,100,100,16,49,REV,E4,E3,E10,E11,-91.859000,176.839000,OK
5,26,adjacent,100,100,16,50,FWD,E3,E4,E11,E12,-132.797000,200.380000,OK
5,26,adjacent,100,100,16,51,REV,E4,E3,E11,E12,-127.844000,176.599000,OK
5,26,adjacent,100,100,16,52,FWD,E3,E4,E12,E1,-34.047000,199.901000,OK
5,26,adjacent,100,100,16,53,REV,E4,E3,E12,E1,-28.273000,176.041000,OK
5,26,adjacent,100,100,16,54,FWD,E4,E5,E1,E2,11.680000,182.744000,OK
5,26,adjacent,100,100,16,55,REV,E5,E4,E1,E2,21.578000,202.854000,OK
5,26,adjacent,100,100,16,56,FWD,E4,E5,E2,E3,21.187000,184.739000,OK
5,26,adjacent,100,100,16,57,REV,E5,E4,E2,E3,-13.688000,201.497000,OK
5,26,adjacent,100,100,16,58,FWD,E4,E5,E6,E7,0.453000,186.016000,OK
5,26,adjacent,100,100,16,59,REV,E5,E4,E6,E7,18.328000,200.619000,OK
5,26,adjacent,100,100,16,60,FWD,E4,E5,E7,E8,0.000000,186.415000,OK
5,26,adjacent,100,100,16,61,REV,E5,E4,E7,E8,0.000000,201.098000,OK
5,26,adjacent,100,100,16,62,FWD,E4,E5,E8,E9,-58.281000,186.734000,OK
5,26,adjacent,100,100,16,63,REV,E5,E4,E8,E9,-51.141000,200.460000,OK
5,26,adjacent,100,100,16,64,FWD,E4,E5,E9,E10,9.469000,187.133000,OK
5,26,adjacent,100,100,16,65,REV,E5,E4,E9,E10,13.625000,200.938000,OK
5,26,adjacent,100,100,16,66,FWD,E4,E5,E10,E11,-91.625000,186.814000,OK
5,26,adjacent,100,100,16,67,REV,E5,E4,E10,E11,-97.297000,200.619000,OK
5,26,adjacent,100,100,16,68,FWD,E4,E5,E11,E12,-130.516000,186.814000,OK
5,26,adjacent,100,100,16,69,REV,E5,E4,E11,E12,-134.328000,201.098000,OK
5,26,adjacent,100,100,16,70,FWD,E4,E5,E12,E1,-33.625000,186.574000,OK
5,26,adjacent,100,100,16,71,REV,E5,E4,E12,E1,-28.609000,201.497000,OK
5,26,adjacent,100,100,16,72,FWD,E5,E6,E1,E2,15.336000,191.921000,OK
5,26,adjacent,100,100,16,73,REV,E6,E5,E1,E2,17.758000,208.360000,OK
5,26,adjacent,100,100,16,74,FWD,E5,E6,E2,E3,13.984000,194.395000,OK
5,26,adjacent,100,100,16,75,REV,E6,E5,E2,E3,-5.523000,206.365000,OK
5,26,adjacent,100,100,16,76,FWD,E5,E6,E3,E4,15.477000,196.071000,OK
5,26,adjacent,100,100,16,77,REV,E6,E5,E3,E4,-8.883000,206.285000,OK
5,26,adjacent,100,100,16,78,FWD,E5,E6,E7,E8,0.000000,196.709000,OK
5,26,adjacent,100,100,16,79,REV,E6,E5,E7,E8,0.000000,206.844000,OK
5,26,adjacent,100,100,16,80,FWD,E5,E6,E8,E9,-59.172000,196.150000,OK
5,26,adjacent,100,100,16,81,REV,E6,E5,E8,E9,-50.406000,205.407000,OK
5,26,adjacent,100,100,16,82,FWD,E5,E6,E9,E10,9.898000,195.672000,OK
5,26,adjacent,100,100,16,83,REV,E6,E5,E9,E10,13.094000,206.525000,OK
5,26,adjacent,100,100,16,84,FWD,E5,E6,E10,E11,-86.383000,196.948000,OK
5,26,adjacent,100,100,16,85,REV,E6,E5,E10,E11,-98.453000,206.445000,OK
5,26,adjacent,100,100,16,86,FWD,E5,E6,E11,E12,-125.453000,197.188000,OK
5,26,adjacent,100,100,16,87,REV,E6,E5,E11,E12,-134.437000,205.647000,OK
5,26,adjacent,100,100,16,88,FWD,E5,E6,E12,E1,-31.992000,196.709000,OK
5,26,adjacent,100,100,16,89,REV,E6,E5,E12,E1,-30.648000,205.487000,OK
5,26,adjacent,100,100,16,90,FWD,E6,E7,E1,E2,15.555000,203.253000,OK
5,26,adjacent,100,100,16,91,REV,E7,E6,E1,E2,17.680000,217.058000,OK
5,26,adjacent,100,100,16,92,FWD,E6,E7,E2,E3,51.664000,206.126000,OK
5,26,adjacent,100,100,16,93,REV,E7,E6,E2,E3,-42.914000,215.382000,OK
5,26,adjacent,100,100,16,94,FWD,E6,E7,E3,E4,52.148000,207.003000,OK
5,26,adjacent,100,100,16,95,REV,E7,E6,E3,E4,-45.891000,215.622000,OK
5,26,adjacent,100,100,16,96,FWD,E6,E7,E4,E5,20.477000,206.525000,OK
5,26,adjacent,100,100,16,97,REV,E7,E6,E4,E5,9.930000,215.223000,OK
5,26,adjacent,100,100,16,98,FWD,E6,E7,E8,E9,-89.914000,207.003000,OK
5,26,adjacent,100,100,16,99,REV,E7,E6,E8,E9,-19.305000,216.180000,OK
5,26,adjacent,100,100,16,100,FWD,E6,E7,E9,E10,5.758000,207.961000,OK
5,26,adjacent,100,100,16,101,REV,E7,E6,E9,E10,17.375000,215.462000,OK
5,26,adjacent,100,100,16,102,FWD,E6,E7,E10,E11,-90.766000,206.844000,OK
5,26,adjacent,100,100,16,103,REV,E7,E6,E10,E11,-91.484000,214.505000,OK
5,26,adjacent,100,100,16,104,FWD,E6,E7,E11,E12,-129.672000,207.642000,OK
5,26,adjacent,100,100,16,105,REV,E7,E6,E11,E12,-129.047000,214.664000,OK
5,26,adjacent,100,100,16,106,FWD,E6,E7,E12,E1,-32.203000,207.881000,OK
5,26,adjacent,100,100,16,107,REV,E7,E6,E12,E1,-30.625000,214.425000,OK
5,26,adjacent,100,100,16,108,FWD,E7,E8,E1,E2,16.695000,299.971000,OK
5,26,adjacent,100,100,16,109,REV,E8,E7,E1,E2,16.703000,299.652000,OK
5,26,adjacent,100,100,16,110,FWD,E7,E8,E2,E3,3.820000,299.732000,OK
5,26,adjacent,100,100,16,111,REV,E8,E7,E2,E3,4.023000,300.051000,OK
5,26,adjacent,100,100,16,112,FWD,E7,E8,E3,E4,3.398000,299.971000,OK
5,26,adjacent,100,100,16,113,REV,E8,E7,E3,E4,3.250000,300.370000,OK
5,26,adjacent,100,100,16,114,FWD,E7,E8,E4,E5,15.398000,299.572000,OK
5,26,adjacent,100,100,16,115,REV,E8,E7,E4,E5,15.391000,299.971000,OK
5,26,adjacent,100,100,16,116,FWD,E7,E8,E5,E6,13.984000,299.413000,OK
5,26,adjacent,100,100,16,117,REV,E8,E7,E5,E6,13.992000,300.929000,OK
5,26,adjacent,100,100,16,118,FWD,E7,E8,E9,E10,11.477000,299.652000,OK
5,26,adjacent,100,100,16,119,REV,E8,E7,E9,E10,11.438000,300.689000,OK
5,26,adjacent,100,100,16,120,FWD,E7,E8,E10,E11,-100.016000,300.689000,OK
5,26,adjacent,100,100,16,121,REV,E8,E7,E10,E11,-109.094000,300.450000,OK
5,26,adjacent,100,100,16,122,FWD,E7,E8,E11,E12,-140.953000,300.131000,OK
5,26,adjacent,100,100,16,123,REV,E8,E7,E11,E12,-145.297000,300.051000,OK
5,26,adjacent,100,100,16,124,FWD,E7,E8,E12,E1,-31.484000,300.849000,OK
5,26,adjacent,100,100,16,125,REV,E8,E7,E12,E1,-31.539000,301.088000,OK
5,26,adjacent,100,100,16,126,FWD,E8,E9,E1,E2,15.539000,204.769000,OK
5,26,adjacent,100,100,16,127,REV,E9,E8,E1,E2,17.609000,167.821000,OK
5,26,adjacent,100,100,16,128,FWD,E8,E9,E2,E3,-42.563000,204.370000,OK
5,26,adjacent,100,100,16,129,REV,E9,E8,E2,E3,39.688000,167.422000,OK
5,26,adjacent,100,100,16,130,FWD,E8,E9,E3,E4,-42.031000,204.689000,OK
5,26,adjacent,100,100,16,131,REV,E9,E8,E3,E4,37.820000,167.981000,OK
5,26,adjacent,100,100,16,132,FWD,E8,E9,E4,E5,19.344000,204.290000,OK
5,26,adjacent,100,100,16,133,REV,E9,E8,E4,E5,12.258000,167.422000,OK
5,26,adjacent,100,100,16,134,FWD,E8,E9,E5,E6,20.727000,205.248000,OK
5,26,adjacent,100,100,16,135,REV,E9,E8,E5,E6,8.727000,167.662000,OK
5,26,adjacent,100,100,16,136,FWD,E8,E9,E6,E7,-27.109000,204.370000,OK
5,26,adjacent,100,100,16,137,REV,E9,E8,E6,E7,35.258000,166.943000,OK
5,26,adjacent,100,100,16,138,FWD,E8,E9,E10,E11,-89.531000,204.450000,OK
5,26,adjacent,100,100,16,139,REV,E9,E8,E10,E11,-86.953000,167.342000,OK
5,26,adjacent,100,100,16,140,FWD,E8,E9,E11,E12,-122.406000,205.248000,OK
5,26,adjacent,100,100,16,141,REV,E9,E8,E11,E12,-131.344000,167.662000,OK
5,26,adjacent,100,100,16,142,FWD,E8,E9,E12,E1,-32.805000,204.529000,OK
5,26,adjacent,100,100,16,143,REV,E9,E8,E12,E1,-30.508000,167.422000,OK
5,26,adjacent,100,100,16,144,FWD,E9,E10,E1,E2,15.500000,142.285000,OK
5,26,adjacent,100,100,16,145,REV,E10,E9,E1,E2,17.953000,157.367000,OK
5,26,adjacent,100,100,16,146,FWD,E9,E10,E2,E3,-3.734000,146.674000,OK
5,26,adjacent,100,100,16,147,REV,E10,E9,E2,E3,12.008000,156.410000,OK
5,26,adjacent,100,100,16,148,FWD,E9,E10,E3,E4,-3.898000,148.908000,OK
5,26,adjacent,100,100,16,149,REV,E10,E9,E3,E4,10.008000,156.170000,OK
5,26,adjacent,100,100,16,150,FWD,E9,E10,E4,E5,18.375000,148.829000,OK
5,26,adjacent,100,100,16,151,REV,E10,E9,E4,E5,12.578000,155.452000,OK
5,26,adjacent,100,100,16,152,FWD,E9,E10,E5,E6,17.266000,149.467000,OK
5,26,adjacent,100,100,16,153,REV,E10,E9,E5,E6,11.070000,154.893000,OK
5,26,adjacent,100,100,16,154,FWD,E9,E10,E6,E7,4.945000,150.265000,OK
5,26,adjacent,100,100,16,155,REV,E10,E9,E6,E7,12.359000,155.372000,OK
5,26,adjacent,100,100,16,156,FWD,E9,E10,E7,E8,0.000000,148.988000,OK
5,26,adjacent,100,100,16,157,REV,E10,E9,E7,E8,-0.008000,154.654000,OK
5,26,adjacent,100,100,16,158,FWD,E9,E10,E11,E12,-111.406000,148.669000,OK
5,26,adjacent,100,100,16,159,REV,E10,E9,E11,E12,-124.750000,154.893000,OK
5,26,adjacent,100,100,16,160,FWD,E9,E10,E12,E1,-33.320000,148.270000,OK
5,26,adjacent,100,100,16,161,REV,E10,E9,E12,E1,-29.750000,154.973000,OK
5,26,adjacent,100,100,16,162,FWD,E10,E11,E1,E2,13.359000,127.681000,OK
5,26,adjacent,100,100,16,163,REV,E11,E10,E1,E2,20.984000,162.155000,OK
5,26,adjacent,100,100,16,164,FWD,E10,E11,E2,E3,-3.641000,129.357000,OK
5,26,adjacent,100,100,16,165,REV,E11,E10,E2,E3,14.148000,160.878000,OK
5,26,adjacent,100,100,16,166,FWD,E10,E11,E3,E4,-2.758000,130.714000,OK
5,26,adjacent,100,100,16,167,REV,E11,E10,E3,E4,10.664000,160.400000,OK
5,26,adjacent,100,100,16,168,FWD,E10,E11,E4,E5,22.031000,132.070000,OK
5,26,adjacent,100,100,16,169,REV,E11,E10,E4,E5,7.547000,160.479000,OK
5,26,adjacent,100,100,16,170,FWD,E10,E11,E5,E6,19.031000,131.432000,OK
5,26,adjacent,100,100,16,171,REV,E11,E10,E5,E6,8.453000,160.001000,OK
5,26,adjacent,100,100,16,172,FWD,E10,E11,E6,E7,6.531000,131.352000,OK
5,26,adjacent,100,100,16,173,REV,E11,E10,E6,E7,11.484000,160.160000,OK
5,26,adjacent,100,100,16,174,FWD,E10,E11,E7,E8,0.000000,131.671000,OK
5,26,adjacent,100,100,16,175,REV,E11,E10,E7,E8,0.000000,159.841000,OK
5,26,adjacent,100,100,16,176,FWD,E10,E11,E8,E9,-67.656000,131.033000,OK
5,26,adjacent,100,100,16,177,REV,E11,E10,E8,E9,-39.781000,159.602000,OK
5,26,adjacent,100,100,16,178,FWD,E10,E11,E12,E1,-38.680000,131.432000,OK
5,26,adjacent,100,100,16,179,REV,E11,E10,E12,E1,-23.172000,159.203000,OK
5,26,adjacent,100,100,16,180,FWD,E11,E12,E1,E2,7.492000,158.405000,OK
5,26,adjacent,100,100,16,181,REV,E12,E11,E1,E2,26.312000,166.624000,OK
5,26,adjacent,100,100,16,182,FWD,E11,E12,E2,E3,-4.062000,161.597000,OK
5,26,adjacent,100,100,16,183,REV,E12,E11,E2,E3,12.891000,165.906000,OK
5,26,adjacent,100,100,16,184,FWD,E11,E12,E3,E4,-1.234000,162.554000,OK
5,26,adjacent,100,100,16,185,REV,E12,E11,E3,E4,7.844000,165.028000,OK
5,26,adjacent,100,100,16,186,FWD,E11,E12,E4,E5,30.484000,161.437000,OK
5,26,adjacent,100,100,16,187,REV,E12,E11,E4,E5,0.406000,165.826000,OK
5,26,adjacent,100,100,16,188,FWD,E11,E12,E5,E6,21.367000,161.836000,OK
5,26,adjacent,100,100,16,189,REV,E12,E11,E5,E6,7.117000,165.986000,OK
5,26,adjacent,100,100,16,190,FWD,E11,E12,E6,E7,8.125000,161.517000,OK
5,26,adjacent,100,100,16,191,REV,E12,E11,E6,E7,9.742000,165.347000,OK
5,26,adjacent,100,100,16,192,FWD,E11,E12,E7,E8,0.000000,162.315000,OK
5,26,adjacent,100,100,16,193,REV,E12,E11,E7,E8,-0.008000,165.746000,OK
5,26,adjacent,100,100,16,194,FWD,E11,E12,E8,E9,-56.188000,162.474000,OK
5,26,adjacent,100,100,16,195,REV,E12,E11,E8,E9,-52.242000,165.267000,OK
5,26,adjacent,100,100,16,196,FWD,E11,E12,E9,E10,4.344000,163.033000,OK
5,26,adjacent,100,100,16,197,REV,E12,E11,E9,E10,18.719000,165.507000,OK
5,26,adjacent,100,100,16,198,FWD,E12,E1,E2,E3,-10.391000,177.238000,OK
5,26,adjacent,100,100,16,199,REV,E1,E12,E2,E3,17.727000,160.719000,OK
5,26,adjacent,100,100,16,200,FWD,E12,E1,E3,E4,-3.172000,178.674000,OK
5,26,adjacent,100,100,16,201,REV,E1,E12,E3,E4,8.984000,160.799000,OK
5,26,adjacent,100,100,16,202,FWD,E12,E1,E4,E5,118.266000,178.674000,OK
5,26,adjacent,100,100,16,203,REV,E1,E12,E4,E5,-71.328000,160.559000,OK
5,26,adjacent,100,100,16,204,FWD,E12,E1,E5,E6,28.133000,179.233000,OK
5,26,adjacent,100,100,16,205,REV,E1,E12,E5,E6,2.266000,160.400000,OK
5,26,adjacent,100,100,16,206,FWD,E12,E1,E6,E7,8.305000,178.754000,OK
5,26,adjacent,100,100,16,207,REV,E1,E12,E6,E7,9.570000,160.719000,OK
5,26,adjacent,100,100,16,208,FWD,E12,E1,E7,E8,0.000000,180.031000,OK
5,26,adjacent,100,100,16,209,REV,E1,E12,E7,E8,0.000000,160.479000,OK
5,26,adjacent,100,100,16,210,FWD,E12,E1,E8,E9,-55.492000,179.791000,OK
5,26,adjacent,100,100,16,211,REV,E1,E12,E8,E9,-53.563000,160.559000,OK
5,26,adjacent,100,100,16,212,FWD,E12,E1,E9,E10,8.930000,180.031000,OK
5,26,adjacent,100,100,16,213,REV,E1,E12,E9,E10,13.555000,160.160000,OK
5,26,adjacent,100,100,16,214,FWD,E12,E1,E10,E11,-87.266000,178.674000,OK
5,26,adjacent,100,100,16,215,REV,E1,E12,E10,E11,-78.117000,160.559000,OK
6,27,adjacent,100,100,16,0,FWD,E1,E2,E3,E4,-9.617000,169.657000,OK
6,27,adjacent,100,100,16,1,REV,E2,E1,E3,E4,17.289000,186.255000,OK
6,27,adjacent,100,100,16,2,FWD,E1,E2,E4,E5,-93.625000,172.609000,OK
6,27,adjacent,100,100,16,3,REV,E2,E1,E4,E5,133.062000,185.776000,OK
6,27,adjacent,100,100,16,4,FWD,E1,E2,E5,E6,99.438000,172.689000,OK
6,27,adjacent,100,100,16,5,REV,E2,E1,E5,E6,-75.711000,184.420000,OK
6,27,adjacent,100,100,16,6,FWD,E1,E2,E6,E7,8.133000,172.689000,OK
6,27,adjacent,100,100,16,7,REV,E2,E1,E6,E7,9.945000,185.377000,OK
6,27,adjacent,100,100,16,8,FWD,E1,E2,E7,E8,0.000000,173.168000,OK
6,27,adjacent,100,100,16,9,REV,E2,E1,E7,E8,0.000000,185.697000,OK
6,27,adjacent,100,100,16,10,FWD,E1,E2,E8,E9,-55.516000,173.008000,OK
6,27,adjacent,100,100,16,11,REV,E2,E1,E8,E9,-53.633000,184.898000,OK
6,27,adjacent,100,100,16,12,FWD,E1,E2,E9,E10,9.813000,173.806000,OK
6,27,adjacent,100,100,16,13,REV,E2,E1,E9,E10,13.047000,185.058000,OK
6,27,adjacent,100,100,16,14,FWD,E1,E2,E10,E11,-84.258000,173.726000,OK
6,27,adjacent,100,100,16,15,REV,E2,E1,E10,E11,-87.844000,183.781000,OK
6,27,adjacent,100,100,16,16,FWD,E1,E2,E11,E12,-121.156000,174.684000,OK
6,27,adjacent,100,100,16,17,REV,E2,E1,E11,E12,-125.938000,184.978000,OK
6,27,adjacent,100,100,16,18,FWD,E2,E3,E4,E5,-11.305000,176.918000,OK
6,27,adjacent,100,100,16,19,REV,E3,E2,E4,E5,52.414000,182.345000,OK
6,27,adjacent,100,100,16,20,FWD,E2,E3,E5,E6,-84.195000,179.153000,OK
6,27,adjacent,100,100,16,21,REV,E3,E2,E5,E6,112.117000,182.983000,OK
6,27,adjacent,100,100,16,22,FWD,E2,E3,E6,E7,7.656000,179.233000,OK
6,27,adjacent,100,100,16,23,REV,E3,E2,E6,E7,10.453000,182.105000,OK
6,27,adjacent,100,100,16,24,FWD,E2,E3,E7,E8,0.000000,179.791000,OK
6,27,adjacent,100,100,16,25,REV,E3,E2,E7,E8,0.000000,181.627000,OK
6,27,adjacent,100,100,16,26,FWD,E2,E3,E8,E9,-55.758000,179.711000,OK
6,27,adjacent,100,100,16,27,REV,E3,E2,E8,E9,-53.648000,181.387000,OK
6,27,adjacent,100,100,16,28,FWD,E2,E3,E9,E10,10.172000,180.509000,OK
6,27,adjacent,100,100,16,29,REV,E3,E2,E9,E10,12.617000,181.228000,OK
6,27,adjacent,100,100,16,30,FWD,E2,E3,E10,E11,-81.078000,181.068000,OK
6,27,adjacent,100,100,16,31,REV,E3,E2,E10,E11,-89.781000,181.307000,OK
6,27,adjacent,100,100,16,32,FWD,E2,E3,E11,E12,-117.531000,180.270000,OK
6,27,adjacent,100,100,16,33,REV,E3,E2,E11,E12,-125.328000,180.749000,OK
6,27,adjacent,100,100,16,34,FWD,E2,E3,E12,E1,-39.016000,180.031000,OK
6,27,adjacent,100,100,16,35,REV,E3,E2,E12,E1,-21.805000,181.786000,OK
6,27,adjacent,100,100,16,36,FWD,E3,E4,E1,E2,10.492000,199.342000,OK
6,27,adjacent,100,100,16,37,REV,E4,E3,E1,E2,24.461000,180.749000,OK
6,27,adjacent,100,100,16,38,FWD,E3,E4,E5,E6,-8.742000,201.736000,OK
6,27,adjacent,100,100,16,39,REV,E4,E3,E5,E6,36.531000,179.312000,OK
6,27,adjacent,100,100,16,40,FWD,E3,E4,E6,E7,6.586000,201.816000,OK
6,27,adjacent,100,100,16,41,REV,E4,E3,E6,E7,11.203000,178.913000,OK
6,27,adjacent,100,100,16,42,FWD,E3,E4,E7,E8,0.000000,203.173000,OK
6,27,adjacent,100,100,16,43,REV,E4,E3,E7,E8,0.000000,179.791000,OK
6,27,adjacent,100,100,16,44,FWD,E3,E4,E8,E9,-56.188000,203.572000,OK
6,27,adjacent,100,100,16,45,REV,E4,E3,E8,E9,-53.516000,179.073000,OK
6,27,adjacent,100,100,16,46,FWD,E3,E4,E9,E10,10.305000,203.093000,OK
6,27,adjacent,100,100,16,47,REV,E4,E3,E9,E10,12.375000,179.312000,OK
6,27,adjacent,100,100,16,48,FWD,E3,E4,E10,E11,-92.234000,202.375000,OK
6,27,adjacent,100,100,16,49,REV,E4,E3,E10,E11,-89.547000,179.552000,OK
6,27,adjacent,100,100,16,50,FWD,E3,E4,E11,E12,-131.828000,202.534000,OK
6,27,adjacent,100,100,16,51,REV,E4,E3,E11,E12,-125.578000,179.392000,OK
6,27,adjacent,100,100,16,52,FWD,E3,E4,E12,E1,-34.094000,202.933000,OK
6,27,adjacent,100,100,16,53,REV,E4,E3,E12,E1,-28.227000,179.711000,OK
6,27,adjacent,100,100,16,54,FWD,E4,E5,E1,E2,11.531000,186.335000,OK
6,27,adjacent,100,100,16,55,REV,E5,E4,E1,E2,21.641000,205.088000,OK
6,27,adjacent,100,100,16,56,FWD,E4,E5,E2,E3,21.477000,188.889000,OK
6,27,adjacent,100,100,16,57,REV,E5,E4,E2,E3,-13.945000,204.130000,OK
6,27,adjacent,100,100,16,58,FWD,E4,E5,E6,E7,0.289000,189.766000,OK
6,27,adjacent,100,100,16,59,REV,E5,E4,E6,E7,18.500000,203.492000,OK
6,27,adjacent,100,100,16,60,FWD,E4,E5,E7,E8,0.000000,190.006000,OK
6,27,adjacent,100,100,16,61,REV,E5,E4,E7,E8,0.000000,203.572000,OK
6,27,adjacent,100,100,16,62,FWD,E4,E5,E8,E9,-58.367000,189.447000,OK
6,27,adjacent,100,100,16,63,REV,E5,E4,E8,E9,-51.086000,203.971000,OK
6,27,adjacent,100,100,16,64,FWD,E4,E5,E9,E10,9.383000,190.405000,OK
6,27,adjacent,100,100,16,65,REV,E5,E4,E9,E10,13.570000,203.173000,OK
6,27,adjacent,100,100,16,66,FWD,E4,E5,E10,E11,-92.234000,190.006000,OK
6,27,adjacent,100,100,16,67,REV,E5,E4,E10,E11,-96.188000,202.774000,OK
6,27,adjacent,100,100,16,68,FWD,E4,E5,E11,E12,-129.047000,189.447000,OK
6,27,adjacent,100,100,16,69,REV,E5,E4,E11,E12,-134.422000,202.534000,OK
6,27,adjacent,100,100,16,70,FWD,E4,E5,E12,E1,-33.422000,190.564000,OK
6,27,adjacent,100,100,16,71,REV,E5,E4,E12,E1,-28.336000,203.093000,OK
6,27,adjacent,100,100,16,72,FWD,E5,E6,E1,E2,15.305000,194.554000,OK
6,27,adjacent,100,100,16,73,REV,E6,E5,E1,E2,17.703000,210.674000,OK
6,27,adjacent,100,100,16,74,FWD,E5,E6,E2,E3,14.227000,196.470000,OK
6,27,adjacent,100,100,16,75,REV,E6,E5,E2,E3,-5.672000,209.078000,OK
6,27,adjacent,100,100,16,76,FWD,E5,E6,E3,E4,15.648000,197.507000,OK
6,27,adjacent,100,100,16,77,REV,E6,E5,E3,E4,-8.992000,209.078000,OK
6,27,adjacent,100,100,16,78,FWD,E5,E6,E7,E8,0.000000,197.986000,OK
6,27,adjacent,100,100,16,79,REV,E6,E5,E7,E8,0.000000,208.520000,OK
6,27,adjacent,100,100,16,80,FWD,E5,E6,E8,E9,-59.227000,198.544000,OK
6,27,adjacent,100,100,16,81,REV,E6,E5,E8,E9,-50.383000,207.881000,OK
6,27,adjacent,100,100,16,82,FWD,E5,E6,E9,E10,9.859000,198.465000,OK
6,27,adjacent,100,100,16,83,REV,E6,E5,E9,E10,13.078000,207.402000,OK
6,27,adjacent,100,100,16,84,FWD,E5,E6,E10,E11,-84.922000,199.422000,OK
6,27,adjacent,100,100,16,85,REV,E6,E5,E10,E11,-98.328000,207.801000,OK
6,27,adjacent,100,100,16,86,FWD,E5,E6,E11,E12,-125.594000,199.901000,OK
6,27,adjacent,100,100,16,87,REV,E6,E5,E11,E12,-133.031000,207.482000,OK
6,27,adjacent,100,100,16,88,FWD,E5,E6,E12,E1,-31.664000,198.465000,OK
6,27,adjacent,100,100,16,89,REV,E6,E5,E12,E1,-30.305000,207.562000,OK
6,27,adjacent,100,100,16,90,FWD,E6,E7,E1,E2,15.539000,204.689000,OK
6,27,adjacent,100,100,16,91,REV,E7,E6,E1,E2,17.664000,219.851000,OK
6,27,adjacent,100,100,16,92,FWD,E6,E7,E2,E3,52.078000,207.163000,OK
6,27,adjacent,100,100,16,93,REV,E7,E6,E2,E3,-43.266000,217.776000,OK
6,27,adjacent,100,100,16,94,FWD,E6,E7,E3,E4,52.695000,208.200000,OK
6,27,adjacent,100,100,16,95,REV,E7,E6,E3,E4,-46.133000,217.936000,OK
6,27,adjacent,100,100,16,96,FWD,E6,E7,E4,E5,20.539000,208.599000,OK
6,27,adjacent,100,100,16,97,REV,E7,E6,E4,E5,9.844000,216.579000,OK
6,27,adjacent,100,100,16,98,FWD,E6,E7,E8,E9,-90.148000,208.839000,OK
6,27,adjacent,100,100,16,99,REV,E7,E6,E8,E9,-19.125000,216.340000,OK
6,27,adjacent,100,100,16,100,FWD,E6,E7,E9,E10,5.648000,210.754000,OK
6,27,adjacent,100,100,16,101,REV,E7,E6,E9,E10,17.367000,216.739000,OK
6,27,adjacent,100,100,16,102,FWD,E6,E7,E10,E11,-90.859000,208.998000,OK
6,27,adjacent,100,100,16,103,REV,E7,E6,E10,E11,-89.766000,215.861000,OK
6,27,adjacent,100,100,16,104,FWD,E6,E7,E11,E12,-129.391000,208.998000,OK
6,27,adjacent,100,100,16,105,REV,E7,E6,E11,E12,-127.328000,217.377000,OK
6,27,adjacent,100,100,16,106,FWD,E6,E7,E12,E1,-31.867000,209.078000,OK
6,27,adjacent,100,100,16,107,REV,E7,E6,E12,E1,-30.250000,216.819000,OK
6,27,adjacent,100,100,16,108,FWD,E7,E8,E1,E2,16.625000,301.168000,OK
6,27,adjacent,100,100,16,109,REV,E8,E7,E1,E2,16.672000,301.567000,OK
6,27,adjacent,100,100,16,110,FWD,E7,E8,E2,E3,3.719000,300.131000,OK
6,27,adjacent,100,100,16,111,REV,E8,E7,E2,E3,4.047000,301.487000,OK
6,27,adjacent,100,100,16,112,FWD,E7,E8,E3,E4,3.156000,300.929000,OK
6,27,adjacent,100,100,16,113,REV,E8,E7,E3,E4,3.414000,301.328000,OK
6,27,adjacent,100,100,16,114,FWD,E7,E8,E4,E5,15.406000,301.088000,OK
6,27,adjacent,100,100,16,115,REV,E8,E7,E4,E5,15.336000,300.769000,OK
6,27,adjacent,100,100,16,116,FWD,E7,E8,E5,E6,14.133000,301.727000,OK
6,27,adjacent,100,100,16,117,REV,E8,E7,E5,E6,14.047000,301.248000,OK
6,27,adjacent,100,100,16,118,FWD,E7,E8,E9,E10,11.438000,301.727000,OK
6,27,adjacent,100,100,16,119,REV,E8,E7,E9,E10,11.367000,301.088000,OK
6,27,adjacent,100,100,16,120,FWD,E7,E8,E10,E11,-98.000000,301.328000,OK
6,27,adjacent,100,100,16,121,REV,E8,E7,E10,E11,-108.188000,301.887000,OK
6,27,adjacent,100,100,16,122,FWD,E7,E8,E11,E12,-140.422000,301.807000,OK
6,27,adjacent,100,100,16,123,REV,E8,E7,E11,E12,-146.234000,301.408000,OK
6,27,adjacent,100,100,16,124,FWD,E7,E8,E12,E1,-31.141000,300.610000,OK
6,27,adjacent,100,100,16,125,REV,E8,E7,E12,E1,-31.187000,301.807000,OK
6,27,adjacent,100,100,16,126,FWD,E8,E9,E1,E2,15.406000,205.886000,OK
6,27,adjacent,100,100,16,127,REV,E9,E8,E1,E2,17.500000,170.774000,OK
6,27,adjacent,100,100,16,128,FWD,E8,E9,E2,E3,-42.813000,206.365000,OK
6,27,adjacent,100,100,16,129,REV,E9,E8,E2,E3,40.422000,169.497000,OK
6,27,adjacent,100,100,16,130,FWD,E8,E9,E3,E4,-42.563000,206.285000,OK
6,27,adjacent,100,100,16,131,REV,E9,E8,E3,E4,38.617000,169.258000,OK
6,27,adjacent,100,100,16,132,FWD,E8,E9,E4,E5,19.367000,206.365000,OK
6,27,adjacent,100,100,16,133,REV,E9,E8,E4,E5,12.281000,169.178000,OK
6,27,adjacent,100,100,16,134,FWD,E8,E9,E5,E6,20.867000,206.445000,OK
6,27,adjacent,100,100,16,135,REV,E9,E8,E5,E6,8.820000,169.657000,OK
6,27,adjacent,100,100,16,136,FWD,E8,E9,E6,E7,-27.352000,206.525000,OK
6,27,adjacent,100,100,16,137,REV,E9,E8,E6,E7,35.758000,168.619000,OK
6,27,adjacent,100,100,16,138,FWD,E8,E9,E10,E11,-87.609000,206.604000,OK
6,27,adjacent,100,100,16,139,REV,E9,E8,E10,E11,-85.969000,169.018000,OK
6,27,adjacent,100,100,16,140,FWD,E8,E9,E11,E12,-120.859000,206.764000,OK
6,27,adjacent,100,100,16,141,REV,E9,E8,E11,E12,-130.297000,168.938000,OK
6,27,adjacent,100,100,16,142,FWD,E8,E9,E12,E1,-32.461000,205.567000,OK
6,27,adjacent,100,100,16,143,REV,E9,E8,E12,E1,-30.117000,168.859000,OK
6,27,adjacent,100,100,16,144,FWD,E9,E10,E1,E2,15.398000,144.040000,OK
6,27,adjacent,100,100,16,145,REV,E10,E9,E1,E2,17.883000,158.963000,OK
6,27,adjacent,100,100,16,146,FWD,E9,E10,E2,E3,-3.734000,149.547000,OK
6,27,adjacent,100,100,16,147,REV,E10,E9,E2,E3,12.227000,157.926000,OK
6,27,adjacent,100,100,16,148,FWD,E9,E10,E3,E4,-3.898000,150.903000,OK
6,27,adjacent,100,100,16,149,REV,E10,E9,E3,E4,10.180000,157.208000,OK
6,27,adjacent,100,100,16,150,FWD,E9,E10,E4,E5,18.383000,150.425000,OK
6,27,adjacent,100,100,16,151,REV,E10,E9,E4,E5,12.547000,157.686000,OK
6,27,adjacent,100,100,16,152,FWD,E9,E10,E5,E6,17.406000,151.382000,OK
6,27,adjacent,100,100,16,153,REV,E10,E9,E5,E6,11.180000,157.686000,OK
6,27,adjacent,100,100,16,154,FWD,E9,E10,E6,E7,4.906000,150.744000,OK
6,27,adjacent,100,100,16,155,REV,E10,E9,E6,E7,12.438000,156.489000,OK
6,27,adjacent,100,100,16,156,FWD,E9,E10,E7,E8,0.000000,151.382000,OK
6,27,adjacent,100,100,16,157,REV,E10,E9,E7,E8,0.000000,157.527000,OK
6,27,adjacent,100,100,16,158,FWD,E9,E10,E11,E12,-111.641000,152.100000,OK
6,27,adjacent,100,100,16,159,REV,E10,E9,E11,E12,-122.984000,157.846000,OK
6,27,adjacent,100,100,16,160,FWD,E9,E10,E12,E1,-33.008000,151.701000,OK
6,27,adjacent,100,100,16,161,REV,E10,E9,E12,E1,-29.398000,157.048000,OK
6,27,adjacent,100,100,16,162,FWD,E10,E11,E1,E2,13.211000,130.873000,OK
6,27,adjacent,100,100,16,163,REV,E11,E10,E1,E2,20.945000,164.390000,OK
6,27,adjacent,100,100,16,164,FWD,E10,E11,E2,E3,-3.711000,132.549000,OK
6,27,adjacent,100,100,16,165,REV,E11,E10,E2,E3,14.383000,163.193000,OK
6,27,adjacent,100,100,16,166,FWD,E10,E11,E3,E4,-2.844000,133.028000,OK
6,27,adjacent,100,100,16,167,REV,E11,E10,E3,E4,10.781000,162.953000,OK
6,27,adjacent,100,100,16,168,FWD,E10,E11,E4,E5,22.148000,132.709000,OK
6,27,adjacent,100,100,16,169,REV,E11,E10,E4,E5,7.398000,162.794000,OK
6,27,adjacent,100,100,16,170,FWD,E10,E11,E5,E6,19.297000,133.028000,OK
6,27,adjacent,100,100,16,171,REV,E11,E10,E5,E6,8.555000,162.634000,OK
6,27,adjacent,100,100,16,172,FWD,E10,E11,E6,E7,6.508000,133.427000,OK
6,27,adjacent,100,100,16,173,REV,E11,E10,E6,E7,11.570000,161.836000,OK
6,27,adjacent,100,100,16,174,FWD,E10,E11,E7,E8,-0.008000,133.986000,OK
6,27,adjacent,100,100,16,175,REV,E11,E10,E7,E8,0.000000,161.756000,OK
6,27,adjacent,100,100,16,176,FWD,E10,E11,E8,E9,-68.016000,133.028000,OK
6,27,adjacent,100,100,16,177,REV,E11,E10,E8,E9,-39.641000,161.836000,OK
6,27,adjacent,100,100,16,178,FWD,E10,E11,E12,E1,-38.445000,133.347000,OK
6,27,adjacent,100,100,16,179,REV,E11,E10,E12,E1,-22.734000,160.719000,OK
6,27,adjacent,100,100,16,180,FWD,E11,E12,E1,E2,7.297000,160.400000,OK
6,27,adjacent,100,100,16,181,REV,E12,E11,E1,E2,26.367000,168.779000,OK
6,27,adjacent,100,100,16,182,FWD,E11,E12,E2,E3,-4.070000,162.714000,OK
6,27,adjacent,100,100,16,183,REV,E12,E11,E2,E3,13.031000,166.784000,OK
6,27,adjacent,100,100,16,184,FWD,E11,E12,E3,E4,-1.242000,163.512000,OK
6,27,adjacent,100,100,16,185,REV,E12,E11,E3,E4,7.891000,166.704000,OK
6,27,adjacent,100,100,16,186,FWD,E11,E12,E4,E5,30.578000,163.432000,OK
6,27,adjacent,100,100,16,187,REV,E12,E11,E4,E5,0.297000,167.342000,OK
6,27,adjacent,100,100,16,188,FWD,E11,E12,E5,E6,21.625000,163.671000,OK
6,27,adjacent,100,100,16,189,REV,E12,E11,E5,E6,7.203000,167.023000,OK
6,27,adjacent,100,100,16,190,FWD,E11,E12,E6,E7,8.148000,163.432000,OK
6,27,adjacent,100,100,16,191,REV,E12,E11,E6,E7,9.773000,168.061000,OK
6,27,adjacent,100,100,16,192,FWD,E11,E12,E7,E8,0.000000,164.549000,OK
6,27,adjacent,100,100,16,193,REV,E12,E11,E7,E8,0.000000,168.539000,OK
6,27,adjacent,100,100,16,194,FWD,E11,E12,E8,E9,-56.227000,163.831000,OK
6,27,adjacent,100,100,16,195,REV,E12,E11,E8,E9,-52.234000,167.263000,OK
6,27,adjacent,100,100,16,196,FWD,E11,E12,E9,E10,4.094000,163.831000,OK
6,27,adjacent,100,100,16,197,REV,E12,E11,E9,E10,18.687000,167.741000,OK
6,27,adjacent,100,100,16,198,FWD,E12,E1,E2,E3,-10.594000,179.552000,OK
6,27,adjacent,100,100,16,199,REV,E1,E12,E2,E3,18.086000,164.709000,OK
6,27,adjacent,100,100,16,200,FWD,E12,E1,E3,E4,-3.172000,182.105000,OK
6,27,adjacent,100,100,16,201,REV,E1,E12,E3,E4,9.203000,164.070000,OK
6,27,adjacent,100,100,16,202,FWD,E12,E1,E4,E5,120.188000,181.866000,OK
6,27,adjacent,100,100,16,203,REV,E1,E12,E4,E5,-73.031000,162.634000,OK
6,27,adjacent,100,100,16,204,FWD,E12,E1,E5,E6,28.469000,182.744000,OK
6,27,adjacent,100,100,16,205,REV,E1,E12,E5,E6,2.125000,163.831000,OK
6,27,adjacent,100,100,16,206,FWD,E12,E1,E6,E7,8.336000,182.744000,OK
6,27,adjacent,100,100,16,207,REV,E1,E12,E6,E7,9.633000,163.831000,OK
6,27,adjacent,100,100,16,208,FWD,E12,E1,E7,E8,0.000000,182.345000,OK
6,27,adjacent,100,100,16,209,REV,E1,E12,E7,E8,0.000000,163.113000,OK
6,27,adjacent,100,100,16,210,FWD,E12,E1,E8,E9,-55.508000,182.105000,OK
6,27,adjacent,100,100,16,211,REV,E1,E12,E8,E9,-53.563000,164.150000,OK
6,27,adjacent,100,100,16,212,FWD,E12,E1,E9,E10,8.719000,182.185000,OK
6,27,adjacent,100,100,16,213,REV,E1,E12,E9,E10,13.500000,164.310000,OK
6,27,adjacent,100,100,16,214,FWD,E12,E1,E10,E11,-88.344000,181.627000,OK
6,27,adjacent,100,100,16,215,REV,E1,E12,E10,E11,-77.383000,163.751000,OK
7,28,adjacent,100,100,16,0,FWD,E1,E2,E3,E4,-9.891000,174.125000,OK
7,28,adjacent,100,100,16,1,REV,E2,E1,E3,E4,17.773000,189.846000,OK
7,28,adjacent,100,100,16,2,FWD,E1,E2,E4,E5,-96.609000,176.440000,OK
7,28,adjacent,100,100,16,3,REV,E2,E1,E4,E5,135.367000,188.968000,OK
7,28,adjacent,100,100,16,4,FWD,E1,E2,E5,E6,101.922000,177.317000,OK
7,28,adjacent,100,100,16,5,REV,E2,E1,E5,E6,-77.266000,189.846000,OK
7,28,adjacent,100,100,16,6,FWD,E1,E2,E6,E7,8.148000,177.078000,OK
7,28,adjacent,100,100,16,7,REV,E2,E1,E6,E7,10.023000,189.288000,OK
7,28,adjacent,100,100,16,8,FWD,E1,E2,E7,E8,0.000000,176.759000,OK
7,28,adjacent,100,100,16,9,REV,E2,E1,E7,E8,0.000000,189.687000,OK
7,28,adjacent,100,100,16,10,FWD,E1,E2,E8,E9,-55.547000,177.557000,OK
7,28,adjacent,100,100,16,11,REV,E2,E1,E8,E9,-53.602000,189.367000,OK
7,28,adjacent,100,100,16,12,FWD,E1,E2,E9,E10,9.664000,177.557000,OK
7,28,adjacent,100,100,16,13,REV,E2,E1,E9,E10,12.945000,188.889000,OK
7,28,adjacent,100,100,16,14,FWD,E1,E2,E10,E11,-84.352000,177.238000,OK
7,28,adjacent,100,100,16,15,REV,E2,E1,E10,E11,-88.008000,188.410000,OK
7,28,adjacent,100,100,16,16,FWD,E1,E2,E11,E12,-119.547000,178.195000,OK
7,28,adjacent,100,100,16,17,REV,E2,E1,E11,E12,-125.719000,188.490000,OK
7,28,adjacent,100,100,16,18,FWD,E2,E3,E4,E5,-12.031000,181.547000,OK
7,28,adjacent,100,100,16,19,REV,E3,E2,E4,E5,53.094000,187.293000,OK
7,28,adjacent,100,100,16,20,FWD,E2,E3,E5,E6,-86.313000,183.302000,OK
7,28,adjacent,100,100,16,21,REV,E3,E2,E5,E6,115.094000,185.776000,OK
7,28,adjacent,100,100,16,22,FWD,E2,E3,E6,E7,7.625000,184.978000,OK
7,28,adjacent,100,100,16,23,REV,E3,E2,E6,E7,10.531000,185.936000,OK
7,28,adjacent,100,100,16,24,FWD,E2,E3,E7,E8,0.000000,184.898000,OK
7,28,adjacent,100,100,16,25,REV,E3,E2,E7,E8,0.000000,185.856000,OK
7,28,adjacent,100,100,16,26,FWD,E2,E3,E8,E9,-55.820000,183.701000,OK
7,28,adjacent,100,100,16,27,REV,E3,E2,E8,E9,-53.617000,185.457000,OK
7,28,adjacent,100,100,16,28,FWD,E2,E3,E9,E10,10.016000,184.659000,OK
7,28,adjacent,100,100,16,29,REV,E3,E2,E9,E10,12.531000,186.734000,OK
7,28,adjacent,100,100,16,30,FWD,E2,E3,E10,E11,-81.266000,184.260000,OK
7,28,adjacent,100,100,16,31,REV,E3,E2,E10,E11,-87.852000,186.255000,OK
7,28,adjacent,100,100,16,32,FWD,E2,E3,E11,E12,-117.344000,184.499000,OK
7,28,adjacent,100,100,16,33,REV,E3,E2,E11,E12,-125.047000,185.617000,OK
7,28,adjacent,100,100,16,34,FWD,E2,E3,E12,E1,-38.875000,184.260000,OK
7,28,adjacent,100,100,16,35,REV,E3,E2,E12,E1,-21.250000,186.096000,OK
7,28,adjacent,100,100,16,36,FWD,E3,E4,E1,E2,10.445000,203.811000,OK
7,28,adjacent,100,100,16,37,REV,E4,E3,E1,E2,24.703000,184.898000,OK
7,28,adjacent,100,100,16,38,FWD,E3,E4,E5,E6,-9.070000,205.407000,OK
7,28,adjacent,100,100,16,39,REV,E4,E3,E5,E6,37.344000,183.861000,OK
7,28,adjacent,100,100,16,40,FWD,E3,E4,E6,E7,6.562000,206.525000,OK
7,28,adjacent,100,100,16,41,REV,E4,E3,E6,E7,11.344000,184.260000,OK
7,28,adjacent,100,100,16,42,FWD,E3,E4,E7,E8,0.000000,207.003000,OK
7,28,adjacent,100,100,16,43,REV,E4,E3,E7,E8,0.000000,183.941000,OK
7,28,adjacent,100,100,16,44,FWD,E3,E4,E8,E9,-56.211000,207.402000,OK
7,28,adjacent,100,100,16,45,REV,E4,E3,E8,E9,-53.500000,183.701000,OK
7,28,adjacent,100,100,16,46,FWD,E3,E4,E9,E10,10.141000,206.924000,OK
7,28,adjacent,100,100,16,47,REV,E4,E3,E9,E10,12.266000,183.861000,OK
7,28,adjacent,100,100,16,48,FWD,E3,E4,E10,E11,-92.703000,207.163000,OK
7,28,adjacent,100,100,16,49,REV,E4,E3,E10,E11,-88.031000,184.021000,OK
7,28,adjacent,100,100,16,50,FWD,E3,E4,E11,E12,-131.437000,207.243000,OK
7,28,adjacent,100,100,16,51,REV,E4,E3,E11,E12,-124.875000,183.941000,OK
7,28,adjacent,100,100,16,52,FWD,E3,E4,E12,E1,-33.820000,205.727000,OK
7,28,adjacent,100,100,16,53,REV,E4,E3,E12,E1,-27.836000,183.861000,OK
7,28,adjacent,100,100,16,54,FWD,E4,E5,E1,E2,11.477000,191.442000,OK
7,28,adjacent,100,100,16,55,REV,E5,E4,E1,E2,21.758000,210.355000,OK
7,28,adjacent,100,100,16,56,FWD,E4,E5,E2,E3,21.977000,193.038000,OK
7,28,adjacent,100,100,16,57,REV,E5,E4,E2,E3,-14.273000,208.200000,OK
7,28,adjacent,100,100,16,58,FWD,E4,E5,E6,E7,0.062000,193.597000,OK
7,28,adjacent,100,100,16,59,REV,E5,E4,E6,E7,18.742000,208.360000,OK
7,28,adjacent,100,100,16,60,FWD,E4,E5,E7,E8,0.000000,194.076000,OK
7,28,adjacent,100,100,16,61,REV,E5,E4,E7,E8,0.000000,209.078000,OK
7,28,adjacent,100,100,16,62,FWD,E4,E5,E8,E9,-58.453000,194.554000,OK
7,28,adjacent,100,100,16,63,REV,E5,E4,E8,E9,-51.000000,209.238000,OK
7,28,adjacent,100,100,16,64,FWD,E4,E5,E9,E10,9.211000,195.592000,OK
7,28,adjacent,100,100,16,65,REV,E5,E4,E9,E10,13.531000,208.121000,OK
7,28,adjacent,100,100,16,66,FWD,E4,E5,E10,E11,-88.156000,194.794000,OK
7,28,adjacent,100,100,16,67,REV,E5,E4,E10,E11,-94.672000,207.801000,OK
7,28,adjacent,100,100,16,68,FWD,E4,E5,E11,E12,-129.219000,195.911000,OK
7,28,adjacent,100,100,16,69,REV,E5,E4,E11,E12,-133.719000,207.961000,OK
7,28,adjacent,100,100,16,70,FWD,E4,E5,E12,E1,-33.453000,196.071000,OK
7,28,adjacent,100,100,16,71,REV,E5,E4,E12,E1,-28.211000,208.360000,OK
7,28,adjacent,100,100,16,72,FWD,E5,E6,E1,E2,15.328000,199.103000,OK
7,28,adjacent,100,100,16,73,REV,E6,E5,E1,E2,17.812000,215.063000,OK
7,28,adjacent,100,100,16,74,FWD,E5,E6,E2,E3,14.438000,203.013000,OK
7,28,adjacent,100,100,16,75,REV,E6,E5,E2,E3,-5.961000,214.983000,OK
7,28,adjacent,100,100,16,76,FWD,E5,E6,E3,E4,16.008000,204.210000,OK
7,28,adjacent,100,100,16,77,REV,E6,E5,E3,E4,-9.305000,214.425000,OK
7,28,adjacent,100,100,16,78,FWD,E5,E6,E7,E8,0.000000,204.130000,OK
7,28,adjacent,100,100,16,79,REV,E6,E5,E7,E8,0.000000,214.584000,OK
7,28,adjacent,100,100,16,80,FWD,E5,E6,E8,E9,-59.367000,204.450000,OK
7,28,adjacent,100,100,16,81,REV,E6,E5,E8,E9,-50.227000,214.505000,OK
7,28,adjacent,100,100,16,82,FWD,E5,E6,E9,E10,9.688000,204.769000,OK
7,28,adjacent,100,100,16,83,REV,E6,E5,E9,E10,13.023000,214.824000,OK
7,28,adjacent,100,100,16,84,FWD,E5,E6,E10,E11,-83.102000,205.088000,OK
7,28,adjacent,100,100,16,85,REV,E6,E5,E10,E11,-95.516000,213.707000,OK
7,28,adjacent,100,100,16,86,FWD,E5,E6,E11,E12,-123.125000,204.689000,OK
7,28,adjacent,100,100,16,87,REV,E6,E5,E11,E12,-132.078000,214.425000,OK
7,28,adjacent,100,100,16,88,FWD,E5,E6,E12,E1,-31.703000,204.928000,OK
7,28,adjacent,100,100,16,89,REV,E6,E5,E12,E1,-30.320000,213.467000,OK
7,28,adjacent,100,100,16,90,FWD,E6,E7,E1,E2,15.555000,211.552000,OK
7,28,adjacent,100,100,16,91,REV,E7,E6,E1,E2,17.734000,224.480000,OK
7,28,adjacent,100,100,16,92,FWD,E6,E7,E2,E3,53.438000,213.627000,OK
7,28,adjacent,100,100,16,93,REV,E7,E6,E2,E3,-44.586000,222.884000,OK
7,28,adjacent,100,100,16,94,FWD,E6,E7,E3,E4,53.930000,214.824000,OK
7,28,adjacent,100,100,16,95,REV,E7,E6,E3,E4,-47.375000,222.804000,OK
7,28,adjacent,100,100,16,96,FWD,E6,E7,E4,E5,20.633000,214.026000,OK
7,28,adjacent,100,100,16,97,REV,E7,E6,E4,E5,9.758000,222.644000,OK
7,28,adjacent,100,100,16,98,FWD,E6,E7,E8,E9,-90.977000,214.744000,OK
7,28,adjacent,100,100,16,99,REV,E7,E6,E8,E9,-18.133000,222.086000,OK
7,28,adjacent,100,100,16,100,FWD,E6,E7,E9,E10,5.328000,214.265000,OK
7,28,adjacent,100,100,16,101,REV,E7,E6,E9,E10,17.375000,222.804000,OK
7,28,adjacent,100,100,16,102,FWD,E6,E7,E10,E11,-89.000000,215.143000,OK
7,28,adjacent,100,100,16,103,REV,E7,E6,E10,E11,-89.453000,222.804000,OK
7,28,adjacent,100,100,16,104,FWD,E6,E7,E11,E12,-127.156000,215.622000,OK
7,28,adjacent,100,100,16,105,REV,E7,E6,E11,E12,-126.813000,221.607000,OK
7,28,adjacent,100,100,16,106,FWD,E6,E7,E12,E1,-31.680000,214.664000,OK
7,28,adjacent,100,100,16,107,REV,E7,E6,E12,E1,-30.039000,221.527000,OK
7,28,adjacent,100,100,16,108,FWD,E7,E8,E1,E2,16.609000,304.919000,OK
7,28,adjacent,100,100,16,109,REV,E8,E7,E1,E2,16.680000,304.360000,OK
7,28,adjacent,100,100,16,110,FWD,E7,E8,E2,E3,3.883000,303.882000,OK
7,28,adjacent,100,100,16,111,REV,E8,E7,E2,E3,4.102000,303.882000,OK
7,28,adjacent,100,100,16,112,FWD,E7,E8,E3,E4,3.234000,304.440000,OK
7,28,adjacent,100,100,16,113,REV,E8,E7,E3,E4,3.109000,304.281000,OK
7,28,adjacent,100,100,16,114,FWD,E7,E8,E4,E5,15.406000,303.243000,OK
7,28,adjacent,100,100,16,115,REV,E8,E7,E4,E5,15.344000,304.680000,OK
7,28,adjacent,100,100,16,116,FWD,E7,E8,E5,E6,14.305000,304.281000,OK
7,28,adjacent,100,100,16,117,REV,E8,E7,E5,E6,14.313000,306.036000,OK
7,28,adjacent,100,100,16,118,FWD,E7,E8,E9,E10,11.313000,305.078000,OK
7,28,adjacent,100,100,16,119,REV,E8,E7,E9,E10,11.242000,304.919000,OK
7,28,adjacent,100,100,16,120,FWD,E7,E8,E10,E11,-98.016000,304.600000,OK
7,28,adjacent,100,100,16,121,REV,E8,E7,E10,E11,-105.688000,305.078000,OK
7,28,adjacent,100,100,16,122,FWD,E7,E8,E11,E12,-137.828000,306.276000,OK
7,28,adjacent,100,100,16,123,REV,E8,E7,E11,E12,-143.406000,305.717000,OK
7,28,adjacent,100,100,16,124,FWD,E7,E8,E12,E1,-30.930000,305.158000,OK
7,28,adjacent,100,100,16,125,REV,E8,E7,E12,E1,-31.000000,305.877000,OK
7,28,adjacent,100,100,16,126,FWD,E8,E9,E1,E2,15.492000,212.031000,OK
7,28,adjacent,100,100,16,127,REV,E9,E8,E1,E2,17.672000,177.238000,OK
7,28,adjacent,100,100,16,128,FWD,E8,E9,E2,E3,-43.992000,211.472000,OK
7,28,adjacent,100,100,16,129,REV,E9,E8,E2,E3,42.227000,176.360000,OK
7,28,adjacent,100,100,16,130,FWD,E8,E9,E3,E4,-43.688000,212.749000,OK
7,28,adjacent,100,100,16,131,REV,E9,E8,E3,E4,40.227000,177.796000,OK
7,28,adjacent,100,100,16,132,FWD,E8,E9,E4,E5,19.539000,212.669000,OK
7,28,adjacent,100,100,16,133,REV,E9,E8,E4,E5,12.086000,176.200000,OK
7,28,adjacent,100,100,16,134,FWD,E8,E9,E5,E6,21.398000,213.387000,OK
7,28,adjacent,100,100,16,135,REV,E9,E8,E5,E6,8.797000,177.397000,OK
7,28,adjacent,100,100,16,136,FWD,E8,E9,E6,E7,-28.352000,212.829000,OK
7,28,adjacent,100,100,16,137,REV,E9,E8,E6,E7,37.133000,176.839000,OK
7,28,adjacent,100,100,16,138,FWD,E8,E9,E10,E11,-87.758000,212.430000,OK
7,28,adjacent,100,100,16,139,REV,E9,E8,E10,E11,-83.656000,178.195000,OK
7,28,adjacent,100,100,16,140,FWD,E8,E9,E11,E12,-118.719000,212.669000,OK
7,28,adjacent,100,100,16,141,REV,E9,E8,E11,E12,-128.922000,177.876000,OK
7,28,adjacent,100,100,16,142,FWD,E8,E9,E12,E1,-32.313000,211.871000,OK
7,28,adjacent,100,100,16,143,REV,E9,E8,E12,E1,-29.883000,177.716000,OK
7,28,adjacent,100,100,16,144,FWD,E9,E10,E1,E2,15.414000,150.824000,OK
7,28,adjacent,100,100,16,145,REV,E10,E9,E1,E2,18.031000,165.267000,OK
7,28,adjacent,100,100,16,146,FWD,E9,E10,E2,E3,-4.078000,157.287000,OK
7,28,adjacent,100,100,16,147,REV,E10,E9,E2,E3,12.594000,163.592000,OK
7,28,adjacent,100,100,16,148,FWD,E9,E10,E3,E4,-4.195000,158.085000,OK
7,28,adjacent,100,100,16,149,REV,E10,E9,E3,E4,10.523000,164.070000,OK
7,28,adjacent,100,100,16,150,FWD,E9,E10,E4,E5,18.500000,157.607000,OK
7,28,adjacent,100,100,16,151,REV,E10,E9,E4,E5,12.453000,163.831000,OK
7,28,adjacent,100,100,16,152,FWD,E9,E10,E5,E6,17.758000,157.607000,OK
7,28,adjacent,100,100,16,153,REV,E10,E9,E5,E6,11.281000,164.390000,OK
7,28,adjacent,100,100,16,154,FWD,E9,E10,E6,E7,4.844000,157.367000,OK
7,28,adjacent,100,100,16,155,REV,E10,E9,E6,E7,12.633000,163.272000,OK
7,28,adjacent,100,100,16,156,FWD,E9,E10,E7,E8,0.000000,157.287000,OK
7,28,adjacent,100,100,16,157,REV,E10,E9,E7,E8,0.000000,163.113000,OK
7,28,adjacent,100,100,16,158,FWD,E9,E10,E11,E12,-109.344000,157.287000,OK
7,28,adjacent,100,100,16,159,REV,E10,E9,E11,E12,-119.625000,162.474000,OK
7,28,adjacent,100,100,16,160,FWD,E9,E10,E12,E1,-32.906000,158.165000,OK
7,28,adjacent,100,100,16,161,REV,E10,E9,E12,E1,-29.133000,161.996000,OK
7,28,adjacent,100,100,16,162,FWD,E10,E11,E1,E2,13.195000,135.342000,OK
7,28,adjacent,100,100,16,163,REV,E11,E10,E1,E2,21.187000,169.098000,OK
7,28,adjacent,100,100,16,164,FWD,E10,E11,E2,E3,-4.109000,137.736000,OK
7,28,adjacent,100,100,16,165,REV,E11,E10,E2,E3,14.656000,169.018000,OK
7,28,adjacent,100,100,16,166,FWD,E10,E11,E3,E4,-3.094000,139.173000,OK
7,28,adjacent,100,100,16,167,REV,E11,E10,E3,E4,11.125000,168.140000,OK
7,28,adjacent,100,100,16,168,FWD,E10,E11,E4,E5,22.414000,139.093000,OK
7,28,adjacent,100,100,16,169,REV,E11,E10,E4,E5,7.195000,167.502000,OK
7,28,adjacent,100,100,16,170,FWD,E10,E11,E5,E6,19.687000,138.853000,OK
7,28,adjacent,100,100,16,171,REV,E11,E10,E5,E6,8.602000,166.385000,OK
7,28,adjacent,100,100,16,172,FWD,E10,E11,E6,E7,6.484000,138.694000,OK
7,28,adjacent,100,100,16,173,REV,E11,E10,E6,E7,11.672000,166.465000,OK
7,28,adjacent,100,100,16,174,FWD,E10,E11,E7,E8,0.000000,139.572000,OK
7,28,adjacent,100,100,16,175,REV,E11,E10,E7,E8,0.000000,167.023000,OK
7,28,adjacent,100,100,16,176,FWD,E10,E11,E8,E9,-68.914000,138.614000,OK
7,28,adjacent,100,100,16,177,REV,E11,E10,E8,E9,-39.055000,166.784000,OK
7,28,adjacent,100,100,16,178,FWD,E10,E11,E12,E1,-38.656000,138.694000,OK
7,28,adjacent,100,100,16,179,REV,E11,E10,E12,E1,-22.281000,165.906000,OK
7,28,adjacent,100,100,16,180,FWD,E11,E12,E1,E2,7.039000,165.746000,OK
7,28,adjacent,100,100,16,181,REV,E12,E11,E1,E2,26.773000,174.445000,OK
7,28,adjacent,100,100,16,182,FWD,E11,E12,E2,E3,-4.414000,168.699000,OK
7,28,adjacent,100,100,16,183,REV,E12,E11,E2,E3,13.297000,172.609000,OK
7,28,adjacent,100,100,16,184,FWD,E11,E12,E3,E4,-1.367000,168.619000,OK
7,28,adjacent,100,100,16,185,REV,E12,E11,E3,E4,8.117000,172.290000,OK
7,28,adjacent,100,100,16,186,FWD,E11,E12,E4,E5,31.062000,169.417000,OK
7,28,adjacent,100,100,16,187,REV,E12,E11,E4,E5,-0.180000,172.051000,OK
7,28,adjacent,100,100,16,188,FWD,E11,E12,E5,E6,22.062000,168.779000,OK
7,28,adjacent,100,100,16,189,REV,E12,E11,E5,E6,7.148000,173.327000,OK
7,28,adjacent,100,100,16,190,FWD,E11,E12,E6,E7,8.133000,169.816000,OK
7,28,adjacent,100,100,16,191,REV,E12,E11,E6,E7,9.836000,172.529000,OK
7,28,adjacent,100,100,16,192,FWD,E11,E12,E7,E8,0.000000,169.337000,OK
7,28,adjacent,100,100,16,193,REV,E12,E11,E7,E8,0.000000,172.370000,OK
7,28,adjacent,100,100,16,194,FWD,E11,E12,E8,E9,-56.320000,170.056000,OK
7,28,adjacent,100,100,16,195,REV,E12,E11,E8,E9,-52.188000,171.891000,OK
7,28,adjacent,100,100,16,196,FWD,E11,E12,E9,E10,3.836000,170.375000,OK
7,28,adjacent,100,100,16,197,REV,E12,E11,E9,E10,18.836000,172.051000,OK
7,28,adjacent,100,100,16,198,FWD,E12,E1,E2,E3,-10.938000,183.542000,OK
7,28,adjacent,100,100,16,199,REV,E1,E12,E2,E3,18.453000,169.417000,OK
7,28,adjacent,100,100,16,200,FWD,E12,E1,E3,E4,-3.289000,185.936000,OK
7,28,adjacent,100,100,16,201,REV,E1,E12,E3,E4,9.438000,169.098000,OK
7,28,adjacent,100,100,16,202,FWD,E12,E1,E4,E5,122.813000,185.617000,OK
7,28,adjacent,100,100,16,203,REV,E1,E12,E4,E5,-76.125000,169.417000,OK
7,28,adjacent,100,100,16,204,FWD,E12,E1,E5,E6,28.922000,186.574000,OK
7,28,adjacent,100,100,16,205,REV,E1,E12,E5,E6,1.805000,168.779000,OK
7,28,adjacent,100,100,16,206,FWD,E12,E1,E6,E7,8.336000,186.016000,OK
7,28,adjacent,100,100,16,207,REV,E1,E12,E6,E7,9.672000,167.901000,OK
7,28,adjacent,100,100,16,208,FWD,E12,E1,E7,E8,0.000000,186.973000,OK
7,28,adjacent,100,100,16,209,REV,E1,E12,E7,E8,0.000000,168.300000,OK
7,28,adjacent,100,100,16,210,FWD,E12,E1,E8,E9,-55.484000,186.415000,OK
7,28,adjacent,100,100,16,211,REV,E1,E12,E8,E9,-53.531000,168.460000,OK
7,28,adjacent,100,100,16,212,FWD,E12,E1,E9,E10,8.633000,187.053000,OK
7,28,adjacent,100,100,16,213,REV,E1,E12,E9,E10,13.516000,167.901000,OK
7,28,adjacent,100,100,16,214,FWD,E12,E1,E10,E11,-87.891000,186.894000,OK
7,28,adjacent,100,100,16,215,REV,E1,E12,E10,E11,-76.586000,168.061000,OK
8,29,adjacent,100,100,16,0,FWD,E1,E2,E3,E4,-10.211000,177.716000,OK
8,29,adjacent,100,100,16,1,REV,E2,E1,E3,E4,18.094000,194.554000,OK
8,29,adjacent,100,100,16,2,FWD,E1,E2,E4,E5,-98.930000,179.312000,OK
8,29,adjacent,100,100,16,3,REV,E2,E1,E4,E5,137.602000,192.639000,OK
8,29,adjacent,100,100,16,4,FWD,E1,E2,E5,E6,104.398000,179.552000,OK
8,29,adjacent,100,100,16,5,REV,E2,E1,E5,E6,-79.047000,193.278000,OK
8,29,adjacent,100,100,16,6,FWD,E1,E2,E6,E7,8.094000,181.228000,OK
8,29,adjacent,100,100,16,7,REV,E2,E1,E6,E7,10.063000,193.756000,OK
8,29,adjacent,100,100,16,8,FWD,E1,E2,E7,E8,0.000000,181.228000,OK
8,29,adjacent,100,100,16,9,REV,E2,E1,E7,E8,0.000000,192.480000,OK
8,29,adjacent,100,100,16,10,FWD,E1,E2,E8,E9,-55.555000,180.589000,OK
8,29,adjacent,100,100,16,11,REV,E2,E1,E8,E9,-53.547000,191.841000,OK
8,29,adjacent,100,100,16,12,FWD,E1,E2,E9,E10,9.578000,181.866000,OK
8,29,adjacent,100,100,16,13,REV,E2,E1,E9,E10,12.930000,192.081000,OK
8,29,adjacent,100,100,16,14,FWD,E1,E2,E10,E11,-82.563000,180.988000,OK
8,29,adjacent,100,100,16,15,REV,E2,E1,E10,E11,-86.625000,191.522000,OK
8,29,adjacent,100,100,16,16,FWD,E1,E2,E11,E12,-117.594000,180.749000,OK
8,29,adjacent,100,100,16,17,REV,E2,E1,E11,E12,-125.344000,191.362000,OK
8,29,adjacent,100,100,16,18,FWD,E2,E3,E4,E5,-12.648000,185.058000,OK
8,29,adjacent,100,100,16,19,REV,E3,E2,E4,E5,53.953000,191.203000,OK
8,29,adjacent,100,100,16,20,FWD,E2,E3,E5,E6,-88.508000,188.011000,OK
8,29,adjacent,100,100,16,21,REV,E3,E2,E5,E6,116.977000,189.766000,OK
8,29,adjacent,100,100,16,22,FWD,E2,E3,E6,E7,7.625000,187.612000,OK
8,29,adjacent,100,100,16,23,REV,E3,E2,E6,E7,10.563000,189.048000,OK
8,29,adjacent,100,100,16,24,FWD,E2,E3,E7,E8,0.000000,188.250000,OK
8,29,adjacent,100,100,16,25,REV,E3,E2,E7,E8,0.000000,190.165000,OK
8,29,adjacent,100,100,16,26,FWD,E2,E3,E8,E9,-55.813000,187.931000,OK
8,29,adjacent,100,100,16,27,REV,E3,E2,E8,E9,-53.586000,189.687000,OK
8,29,adjacent,100,100,16,28,FWD,E2,E3,E9,E10,9.945000,188.250000,OK
8,29,adjacent,100,100,16,29,REV,E3,E2,E9,E10,12.492000,189.527000,OK
8,29,adjacent,100,100,16,30,FWD,E2,E3,E10,E11,-79.625000,187.293000,OK
8,29,adjacent,100,100,16,31,REV,E3,E2,E10,E11,-87.906000,189.048000,OK
8,29,adjacent,100,100,16,32,FWD,E2,E3,E11,E12,-116.703000,187.372000,OK
8,29,adjacent,100,100,16,33,REV,E3,E2,E11,E12,-123.891000,190.086000,OK
8,29,adjacent,100,100,16,34,FWD,E2,E3,E12,E1,-39.000000,188.330000,OK
8,29,adjacent,100,100,16,35,REV,E3,E2,E12,E1,-20.969000,189.607000,OK
8,29,adjacent,100,100,16,36,FWD,E3,E4,E1,E2,10.328000,207.323000,OK
8,29,adjacent,100,100,16,37,REV,E4,E3,E1,E2,24.867000,188.809000,OK
8,29,adjacent,100,100,16,38,FWD,E3,E4,E5,E6,-9.469000,208.919000,OK
8,29,adjacent,100,100,16,39,REV,E4,E3,E5,E6,37.867000,187.692000,OK
8,29,adjacent,100,100,16,40,FWD,E3,E4,E6,E7,6.516000,209.318000,OK
8,29,adjacent,100,100,16,41,REV,E4,E3,E6,E7,11.391000,187.692000,OK
8,29,adjacent,100,100,16,42,FWD,E3,E4,E7,E8,0.000000,210.116000,OK
8,29,adjacent,100,100,16,43,REV,E4,E3,E7,E8,0.000000,188.011000,OK
8,29,adjacent,100,100,16,44,FWD,E3,E4,E8,E9,-56.234000,209.796000,OK
8,29,adjacent,100,100,16,45,REV,E4,E3,E8,E9,-53.484000,187.692000,OK
8,29,adjacent,100,100,16,46,FWD,E3,E4,E9,E10,10.109000,209.796000,OK
8,29,adjacent,100,100,16,47,REV,E4,E3,E9,E10,12.258000,187.372000,OK
8,29,adjacent,100,100,16,48,FWD,E3,E4,E10,E11,-92.281000,209.477000,OK
8,29,adjacent,100,100,16,49,REV,E4,E3,E10,E11,-88.148000,187.692000,OK
8,29,adjacent,100,100,16,50,FWD,E3,E4,E11,E12,-129.875000,210.834000,OK
8,29,adjacent,100,100,16,51,REV,E4,E3,E11,E12,-124.078000,187.771000,OK
8,29,adjacent,100,100,16,52,FWD,E3,E4,E12,E1,-33.805000,210.435000,OK
8,29,adjacent,100,100,16,53,REV,E4,E3,E12,E1,-27.703000,187.053000,OK
8,29,adjacent,100,100,16,54,FWD,E4,E5,E1,E2,11.344000,194.315000,OK
8,29,adjacent,100,100,16,55,REV,E5,E4,E1,E2,21.836000,212.111000,OK
8,29,adjacent,100,100,16,56,FWD,E4,E5,E2,E3,22.266000,196.549000,OK
8,29,adjacent,100,100,16,57,REV,E5,E4,E2,E3,-14.625000,211.392000,OK
8,29,adjacent,100,100,16,58,FWD,E4,E5,E6,E7,-0.047000,198.145000,OK
8,29,adjacent,100,100,16,59,REV,E5,E4,E6,E7,18.891000,211.392000,OK
8,29,adjacent,100,100,16,60,FWD,E4,E5,E7,E8,0.000000,198.145000,OK
8,29,adjacent,100,100,16,61,REV,E5,E4,E7,E8,0.000000,210.674000,OK
8,29,adjacent,100,100,16,62,FWD,E4,E5,E8,E9,-58.477000,198.385000,OK
8,29,adjacent,100,100,16,63,REV,E5,E4,E8,E9,-50.922000,210.594000,OK
8,29,adjacent,100,100,16,64,FWD,E4,E5,E9,E10,9.133000,198.305000,OK
8,29,adjacent,100,100,16,65,REV,E5,E4,E9,E10,13.492000,210.754000,OK
8,29,adjacent,100,100,16,66,FWD,E4,E5,E10,E11,-89.531000,197.667000,OK
8,29,adjacent,100,100,16,67,REV,E5,E4,E10,E11,-93.938000,209.876000,OK
8,29,adjacent,100,100,16,68,FWD,E4,E5,E11,E12,-128.094000,198.943000,OK
8,29,adjacent,100,100,16,69,REV,E5,E4,E11,E12,-132.172000,210.754000,OK
8,29,adjacent,100,100,16,70,FWD,E4,E5,E12,E1,-33.336000,198.465000,OK
8,29,adjacent,100,100,16,71,REV,E5,E4,E12,E1,-28.016000,209.637000,OK
8,29,adjacent,100,100,16,72,FWD,E5,E6,E1,E2,15.203000,202.056000,OK
8,29,adjacent,100,100,16,73,REV,E6,E5,E1,E2,17.695000,217.697000,OK
8,29,adjacent,100,100,16,74,FWD,E5,E6,E2,E3,14.742000,205.088000,OK
8,29,adjacent,100,100,16,75,REV,E6,E5,E2,E3,-5.922000,215.861000,OK
8,29,adjacent,100,100,16,76,FWD,E5,E6,E3,E4,16.180000,205.647000,OK
8,29,adjacent,100,100,16,77,REV,E6,E5,E3,E4,-9.414000,216.819000,OK
8,29,adjacent,100,100,16,78,FWD,E5,E6,E7,E8,0.008000,206.604000,OK
8,29,adjacent,100,100,16,79,REV,E6,E5,E7,E8,0.000000,215.702000,OK
8,29,adjacent,100,100,16,80,FWD,E5,E6,E8,E9,-59.414000,206.126000,OK
8,29,adjacent,100,100,16,81,REV,E6,E5,E8,E9,-50.180000,216.021000,OK
8,29,adjacent,100,100,16,82,FWD,E5,E6,E9,E10,9.586000,206.525000,OK
8,29,adjacent,100,100,16,83,REV,E6,E5,E9,E10,12.984000,216.579000,OK
8,29,adjacent,100,100,16,84,FWD,E5,E6,E10,E11,-84.211000,206.525000,OK
8,29,adjacent,100,100,16,85,REV,E6,E5,E10,E11,-95.766000,215.861000,OK
8,29,adjacent,100,100,16,86,FWD,E5,E6,E11,E12,-122.813000,206.445000,OK
8,29,adjacent,100,100,16,87,REV,E6,E5,E11,E12,-132.828000,216.101000,OK
8,29,adjacent,100,100,16,88,FWD,E5,E6,E12,E1,-31.570000,207.163000,OK
8,29,adjacent,100,100,16,89,REV,E6,E5,E12,E1,-30.164000,215.382000,OK
8,29,adjacent,100,100,16,90,FWD,E6,E7,E1,E2,15.539000,212.589000,OK
8,29,adjacent,100,100,16,91,REV,E7,E6,E1,E2,17.695000,226.794000,OK
8,29,adjacent,100,100,16,92,FWD,E6,E7,E2,E3,53.875000,215.303000,OK
8,29,adjacent,100,100,16,93,REV,E7,E6,E2,E3,-45.063000,225.836000,OK
8,29,adjacent,100,100,16,94,FWD,E6,E7,E3,E4,54.586000,216.739000,OK
8,29,adjacent,100,100,16,95,REV,E7,E6,E3,E4,-47.789000,225.357000,OK
8,29,adjacent,100,100,16,96,FWD,E6,E7,E4,E5,20.734000,217.138000,OK
8,29,adjacent,100,100,16,97,REV,E7,E6,E4,E5,9.695000,224.320000,OK
8,29,adjacent,100,100,16,98,FWD,E6,E7,E8,E9,-91.453000,217.298000,OK
8,29,adjacent,100,100,16,99,REV,E7,E6,E8,E9,-17.883000,223.841000,OK
8,29,adjacent,100,100,16,100,FWD,E6,E7,E9,E10,5.266000,217.298000,OK
8,29,adjacent,100,100,16,101,REV,E7,E6,E9,E10,17.398000,224.320000,OK
8,29,adjacent,100,100,16,102,FWD,E6,E7,E10,E11,-88.734000,217.537000,OK
8,29,adjacent,100,100,16,103,REV,E7,E6,E10,E11,-89.016000,224.320000,OK
8,29,adjacent,100,100,16,104,FWD,E6,E7,E11,E12,-127.063000,217.537000,OK
8,29,adjacent,100,100,16,105,REV,E7,E6,E11,E12,-126.672000,224.081000,OK
8,29,adjacent,100,100,16,106,FWD,E6,E7,E12,E1,-31.812000,217.058000,OK
8,29,adjacent,100,100,16,107,REV,E7,E6,E12,E1,-30.141000,224.320000,OK
8,29,adjacent,100,100,16,108,FWD,E7,E8,E1,E2,16.641000,305.637000,OK
8,29,adjacent,100,100,16,109,REV,E8,E7,E1,E2,16.664000,307.313000,OK
8,29,adjacent,100,100,16,110,FWD,E7,E8,E2,E3,3.648000,305.158000,OK
8,29,adjacent,100,100,16,111,REV,E8,E7,E2,E3,3.828000,305.238000,OK
8,29,adjacent,100,100,16,112,FWD,E7,E8,E3,E4,3.227000,304.919000,OK
8,29,adjacent,100,100,16,113,REV,E8,E7,E3,E4,3.516000,305.238000,OK
8,29,adjacent,100,100,16,114,FWD,E7,E8,E4,E5,15.484000,306.116000,OK
8,29,adjacent,100,100,16,115,REV,E8,E7,E4,E5,15.422000,305.318000,OK
8,29,adjacent,100,100,16,116,FWD,E7,E8,E5,E6,14.273000,306.675000,OK
8,29,adjacent,100,100,16,117,REV,E8,E7,E5,E6,14.219000,305.956000,OK
8,29,adjacent,100,100,16,118,FWD,E7,E8,E9,E10,11.211000,306.914000,OK
8,29,adjacent,100,100,16,119,REV,E8,E7,E9,E10,11.211000,306.196000,OK
8,29,adjacent,100,100,16,120,FWD,E7,E8,E10,E11,-98.703000,307.074000,OK
8,29,adjacent,100,100,16,121,REV,E8,E7,E10,E11,-108.031000,306.276000,OK
8,29,adjacent,100,100,16,122,FWD,E7,E8,E11,E12,-140.656000,307.233000,OK
8,29,adjacent,100,100,16,123,REV,E8,E7,E11,E12,-145.000000,306.515000,OK
8,29,adjacent,100,100,16,124,FWD,E7,E8,E12,E1,-31.062000,305.877000,OK
8,29,adjacent,100,100,16,125,REV,E8,E7,E12,E1,-31.086000,307.393000,OK
8,29,adjacent,100,100,16,126,FWD,E8,E9,E1,E2,15.461000,213.467000,OK
8,29,adjacent,100,100,16,127,REV,E9,E8,E1,E2,17.672000,180.190000,OK
8,29,adjacent,100,100,16,128,FWD,E8,E9,E2,E3,-44.633000,214.026000,OK
8,29,adjacent,100,100,16,129,REV,E9,E8,E2,E3,42.703000,179.073000,OK
8,29,adjacent,100,100,16,130,FWD,E8,E9,E3,E4,-44.031000,214.744000,OK
8,29,adjacent,100,100,16,131,REV,E9,E8,E3,E4,40.641000,178.674000,OK
8,29,adjacent,100,100,16,132,FWD,E8,E9,E4,E5,19.570000,213.467000,OK
8,29,adjacent,100,100,16,133,REV,E9,E8,E4,E5,12.078000,178.275000,OK
8,29,adjacent,100,100,16,134,FWD,E8,E9,E5,E6,21.281000,214.026000,OK
8,29,adjacent,100,100,16,135,REV,E9,E8,E5,E6,8.609000,178.674000,OK
8,29,adjacent,100,100,16,136,FWD,E8,E9,E6,E7,-28.445000,214.106000,OK
8,29,adjacent,100,100,16,137,REV,E9,E8,E6,E7,37.164000,178.674000,OK
8,29,adjacent,100,100,16,138,FWD,E8,E9,E10,E11,-85.047000,213.467000,OK
8,29,adjacent,100,100,16,139,REV,E9,E8,E10,E11,-83.578000,177.637000,OK
8,29,adjacent,100,100,16,140,FWD,E8,E9,E11,E12,-118.453000,213.308000,OK
8,29,adjacent,100,100,16,141,REV,E9,E8,E11,E12,-128.828000,178.275000,OK
8,29,adjacent,100,100,16,142,FWD,E8,E9,E12,E1,-32.430000,213.467000,OK
8,29,adjacent,100,100,16,143,REV,E9,E8,E12,E1,-30.000000,179.472000,OK
8,29,adjacent,100,100,16,144,FWD,E9,E10,E1,E2,15.383000,151.941000,OK
8,29,adjacent,100,100,16,145,REV,E10,E9,E1,E2,18.008000,165.507000,OK
8,29,adjacent,100,100,16,146,FWD,E9,E10,E2,E3,-4.031000,157.048000,OK
8,29,adjacent,100,100,16,147,REV,E10,E9,E2,E3,12.641000,165.188000,OK
8,29,adjacent,100,100,16,148,FWD,E9,E10,E3,E4,-4.148000,158.724000,OK
8,29,adjacent,100,100,16,149,REV,E10,E9,E3,E4,10.656000,164.709000,OK
8,29,adjacent,100,100,16,150,FWD,E9,E10,E4,E5,18.539000,158.325000,OK
8,29,adjacent,100,100,16,151,REV,E10,E9,E4,E5,12.414000,163.592000,OK
8,29,adjacent,100,100,16,152,FWD,E9,E10,E5,E6,17.687000,159.282000,OK
8,29,adjacent,100,100,16,153,REV,E10,E9,E5,E6,11.133000,163.671000,OK
8,29,adjacent,100,100,16,154,FWD,E9,E10,E6,E7,4.805000,158.963000,OK
8,29,adjacent,100,100,16,155,REV,E10,E9,E6,E7,12.688000,163.592000,OK
8,29,adjacent,100,100,16,156,FWD,E9,E10,E7,E8,0.000000,158.484000,OK
8,29,adjacent,100,100,16,157,REV,E10,E9,E7,E8,0.008000,164.789000,OK
8,29,adjacent,100,100,16,158,FWD,E9,E10,E11,E12,-108.609000,158.564000,OK
8,29,adjacent,100,100,16,159,REV,E10,E9,E11,E12,-119.578000,163.592000,OK
8,29,adjacent,100,100,16,160,FWD,E9,E10,E12,E1,-33.039000,157.527000,OK
8,29,adjacent,100,100,16,161,REV,E10,E9,E12,E1,-29.227000,163.911000,OK
8,29,adjacent,100,100,16,162,FWD,E10,E11,E1,E2,13.094000,137.098000,OK
8,29,adjacent,100,100,16,163,REV,E11,E10,E1,E2,21.180000,171.412000,OK
8,29,adjacent,100,100,16,164,FWD,E10,E11,E2,E3,-4.125000,138.853000,OK
8,29,adjacent,100,100,16,165,REV,E11,E10,E2,E3,14.781000,169.577000,OK
8,29,adjacent,100,100,16,166,FWD,E10,E11,E3,E4,-3.102000,139.252000,OK
8,29,adjacent,100,100,16,167,REV,E11,E10,E3,E4,11.156000,168.699000,OK
8,29,adjacent,100,100,16,168,FWD,E10,E11,E4,E5,22.492000,140.290000,OK
8,29,adjacent,100,100,16,169,REV,E11,E10,E4,E5,7.102000,169.417000,OK
8,29,adjacent,100,100,16,170,FWD,E10,E11,E5,E6,19.656000,141.886000,OK
8,29,adjacent,100,100,16,171,REV,E11,E10,E5,E6,8.352000,169.976000,OK
8,29,adjacent,100,100,16,172,FWD,E10,E11,E6,E7,6.422000,141.247000,OK
8,29,adjacent,100,100,16,173,REV,E11,E10,E6,E7,11.711000,168.539000,OK
8,29,adjacent,100,100,16,174,FWD,E10,E11,E7,E8,0.000000,141.966000,OK
8,29,adjacent,100,100,16,175,REV,E11,E10,E7,E8,0.000000,168.460000,OK
8,29,adjacent,100,100,16,176,FWD,E10,E11,E8,E9,-68.867000,140.609000,OK
8,29,adjacent,100,100,16,177,REV,E11,E10,E8,E9,-38.961000,167.821000,OK
8,29,adjacent,100,100,16,178,FWD,E10,E11,E12,E1,-38.844000,140.050000,OK
8,29,adjacent,100,100,16,179,REV,E11,E10,E12,E1,-22.266000,167.981000,OK
8,29,adjacent,100,100,16,180,FWD,E11,E12,E1,E2,6.891000,166.305000,OK
8,29,adjacent,100,100,16,181,REV,E12,E11,E1,E2,26.828000,176.041000,OK
8,29,adjacent,100,100,16,182,FWD,E11,E12,E2,E3,-4.430000,169.337000,OK
8,29,adjacent,100,100,16,183,REV,E12,E11,E2,E3,13.367000,173.806000,OK
8,29,adjacent,100,100,16,184,FWD,E11,E12,E3,E4,-1.375000,169.497000,OK
8,29,adjacent,100,100,16,185,REV,E12,E11,E3,E4,8.211000,173.726000,OK
8,29,adjacent,100,100,16,186,FWD,E11,E12,E4,E5,31.125000,169.497000,OK
8,29,adjacent,100,100,16,187,REV,E12,E11,E4,E5,-0.266000,173.008000,OK
8,29,adjacent,100,100,16,188,FWD,E11,E12,E5,E6,21.930000,170.135000,OK
8,29,adjacent,100,100,16,189,REV,E12,E11,E5,E6,7.000000,173.168000,OK
8,29,adjacent,100,100,16,190,FWD,E11,E12,E6,E7,8.141000,171.253000,OK
8,29,adjacent,100,100,16,191,REV,E12,E11,E6,E7,9.852000,173.966000,OK
8,29,adjacent,100,100,16,192,FWD,E11,E12,E7,E8,0.000000,171.492000,OK
8,29,adjacent,100,100,16,193,REV,E12,E11,E7,E8,0.008000,173.647000,OK
8,29,adjacent,100,100,16,194,FWD,E11,E12,E8,E9,-56.320000,171.093000,OK
8,29,adjacent,100,100,16,195,REV,E12,E11,E8,E9,-52.148000,173.248000,OK
8,29,adjacent,100,100,16,196,FWD,E11,E12,E9,E10,3.734000,171.332000,OK
8,29,adjacent,100,100,16,197,REV,E12,E11,E9,E10,18.820000,174.205000,OK
8,29,adjacent,100,100,16,198,FWD,E12,E1,E2,E3,-11.039000,184.260000,OK
8,29,adjacent,100,100,16,199,REV,E1,E12,E2,E3,18.734000,170.215000,OK
8,29,adjacent,100,100,16,200,FWD,E12,E1,E3,E4,-3.367000,186.255000,OK
8,29,adjacent,100,100,16,201,REV,E1,E12,E3,E4,9.414000,170.455000,OK
8,29,adjacent,100,100,16,202,FWD,E12,E1,E4,E5,123.898000,187.532000,OK
8,29,adjacent,100,100,16,203,REV,E1,E12,E4,E5,-76.797000,171.013000,OK
8,29,adjacent,100,100,16,204,FWD,E12,E1,E5,E6,28.945000,187.771000,OK
8,29,adjacent,100,100,16,205,REV,E1,E12,E5,E6,1.672000,170.215000,OK
8,29,adjacent,100,100,16,206,FWD,E12,E1,E6,E7,8.344000,187.133000,OK
8,29,adjacent,100,100,16,207,REV,E1,E12,E6,E7,9.656000,169.417000,OK
8,29,adjacent,100,100,16,208,FWD,E12,E1,E7,E8,0.000000,188.889000,OK
8,29,adjacent,100,100,16,209,REV,E1,E12,E7,E8,0.000000,170.375000,OK
8,29,adjacent,100,100,16,210,FWD,E12,E1,E8,E9,-55.547000,188.490000,OK
8,29,adjacent,100,100,16,211,REV,E1,E12,E8,E9,-53.500000,169.736000,OK
8,29,adjacent,100,100,16,212,FWD,E12,E1,E9,E10,8.578000,187.452000,OK
8,29,adjacent,100,100,16,213,REV,E1,E12,E9,E10,13.461000,169.178000,OK
8,29,adjacent,100,100,16,214,FWD,E12,E1,E10,E11,-86.945000,187.931000,OK
8,29,adjacent,100,100,16,215,REV,E1,E12,E10,E11,-78.523000,169.258000,OK
9,30,adjacent,100,100,16,0,FWD,E1,E2,E3,E4,-10.266000,177.956000,OK
9,30,adjacent,100,100,16,1,REV,E2,E1,E3,E4,18.055000,194.794000,OK
9,30,adjacent,100,100,16,2,FWD,E1,E2,E4,E5,-99.484000,181.387000,OK
9,30,adjacent,100,100,16,3,REV,E2,E1,E4,E5,137.937000,193.517000,OK
9,30,adjacent,100,100,16,4,FWD,E1,E2,E5,E6,104.125000,181.786000,OK
9,30,adjacent,100,100,16,5,REV,E2,E1,E5,E6,-79.609000,192.958000,OK
9,30,adjacent,100,100,16,6,FWD,E1,E2,E6,E7,8.117000,181.706000,OK
9,30,adjacent,100,100,16,7,REV,E2,E1,E6,E7,10.016000,192.879000,OK
9,30,adjacent,100,100,16,8,FWD,E1,E2,E7,E8,0.000000,182.345000,OK
9,30,adjacent,100,100,16,9,REV,E2,E1,E7,E8,0.000000,193.278000,OK
9,30,adjacent,100,100,16,10,FWD,E1,E2,E8,E9,-55.563000,181.946000,OK
9,30,adjacent,100,100,16,11,REV,E2,E1,E8,E9,-53.555000,192.639000,OK
9,30,adjacent,100,100,16,12,FWD,E1,E2,E9,E10,9.531000,181.307000,OK
9,30,adjacent,100,100,16,13,REV,E2,E1,E9,E10,12.891000,192.958000,OK
9,30,adjacent,100,100,16,14,FWD,E1,E2,E10,E11,-84.109000,181.387000,OK
9,30,adjacent,100,100,16,15,REV,E2,E1,E10,E11,-88.125000,193.038000,OK
9,30,adjacent,100,100,16,16,FWD,E1,E2,E11,E12,-119.578000,181.706000,OK
9,30,adjacent,100,100,16,17,REV,E2,E1,E11,E12,-126.094000,192.160000,OK
9,30,adjacent,100,100,16,18,FWD,E2,E3,E4,E5,-12.680000,184.659000,OK
9,30,adjacent,100,100,16,19,REV,E3,E2,E4,E5,53.930000,191.283000,OK
9,30,adjacent,100,100,16,20,FWD,E2,E3,E5,E6,-88.539000,187.213000,OK
9,30,adjacent,100,100,16,21,REV,E3,E2,E5,E6,117.203000,190.564000,OK
9,30,adjacent,100,100,16,22,FWD,E2,E3,E6,E7,7.633000,187.293000,OK
9,30,adjacent,100,100,16,23,REV,E3,E2,E6,E7,10.563000,189.048000,OK
9,30,adjacent,100,100,16,24,FWD,E2,E3,E7,E8,0.000000,189.048000,OK
9,30,adjacent,100,100,16,25,REV,E3,E2,E7,E8,0.000000,189.447000,OK
9,30,adjacent,100,100,16,26,FWD,E2,E3,E8,E9,-55.813000,187.851000,OK
9,30,adjacent,100,100,16,27,REV,E3,E2,E8,E9,-53.594000,188.649000,OK
9,30,adjacent,100,100,16,28,FWD,E2,E3,E9,E10,9.883000,188.091000,OK
9,30,adjacent,100,100,16,29,REV,E3,E2,E9,E10,12.422000,189.128000,OK
9,30,adjacent,100,100,16,30,FWD,E2,E3,E10,E11,-81.602000,187.851000,OK
9,30,adjacent,100,100,16,31,REV,E3,E2,E10,E11,-89.078000,188.889000,OK
9,30,adjacent,100,100,16,32,FWD,E2,E3,E11,E12,-117.297000,187.692000,OK
9,30,adjacent,100,100,16,33,REV,E3,E2,E11,E12,-125.484000,188.809000,OK
9,30,adjacent,100,100,16,34,FWD,E2,E3,E12,E1,-38.945000,187.293000,OK
9,30,adjacent,100,100,16,35,REV,E3,E2,E12,E1,-21.102000,189.288000,OK
9,30,adjacent,100,100,16,36,FWD,E3,E4,E1,E2,10.391000,207.163000,OK
9,30,adjacent,100,100,16,37,REV,E4,E3,E1,E2,24.773000,188.889000,OK
9,30,adjacent,100,100,16,38,FWD,E3,E4,E5,E6,-9.359000,209.078000,OK
9,30,adjacent,100,100,16,39,REV,E4,E3,E5,E6,37.719000,186.814000,OK
9,30,adjacent,100,100,16,40,FWD,E3,E4,E6,E7,6.547000,208.759000,OK
9,30,adjacent,100,100,16,41,REV,E4,E3,E6,E7,11.383000,186.574000,OK
9,30,adjacent,100,100,16,42,FWD,E3,E4,E7,E8,0.000000,209.717000,OK
9,30,adjacent,100,100,16,43,REV,E4,E3,E7,E8,0.000000,186.654000,OK
9,30,adjacent,100,100,16,44,FWD,E3,E4,E8,E9,-56.242000,209.238000,OK
9,30,adjacent,100,100,16,45,REV,E4,E3,E8,E9,-53.484000,186.654000,OK
9,30,adjacent,100,100,16,46,FWD,E3,E4,E9,E10,10.070000,209.717000,OK
9,30,adjacent,100,100,16,47,REV,E4,E3,E9,E10,12.203000,186.495000,OK
9,30,adjacent,100,100,16,48,FWD,E3,E4,E10,E11,-92.000000,208.919000,OK
9,30,adjacent,100,100,16,49,REV,E4,E3,E10,E11,-87.453000,187.053000,OK
9,30,adjacent,100,100,16,50,FWD,E3,E4,E11,E12,-130.375000,209.637000,OK
9,30,adjacent,100,100,16,51,REV,E4,E3,E11,E12,-124.297000,187.612000,OK
9,30,adjacent,100,100,16,52,FWD,E3,E4,E12,E1,-33.828000,208.998000,OK
9,30,adjacent,100,100,16,53,REV,E4,E3,E12,E1,-27.742000,187.053000,OK
9,30,adjacent,100,100,16,54,FWD,E4,E5,E1,E2,11.398000,193.916000,OK
9,30,adjacent,100,100,16,55,REV,E5,E4,E1,E2,21.875000,211.951000,OK
9,30,adjacent,100,100,16,56,FWD,E4,E5,E2,E3,22.172000,195.831000,OK
9,30,adjacent,100,100,16,57,REV,E5,E4,E2,E3,-14.617000,210.674000,OK
9,30,adjacent,100,100,16,58,FWD,E4,E5,E6,E7,-0.070000,196.948000,OK
9,30,adjacent,100,100,16,59,REV,E5,E4,E6,E7,18.859000,210.914000,OK
9,30,adjacent,100,100,16,60,FWD,E4,E5,E7,E8,0.000000,197.667000,OK
9,30,adjacent,100,100,16,61,REV,E5,E4,E7,E8,0.000000,210.036000,OK
9,30,adjacent,100,100,16,62,FWD,E4,E5,E8,E9,-58.500000,197.667000,OK
9,30,adjacent,100,100,16,63,REV,E5,E4,E8,E9,-50.914000,209.796000,OK
9,30,adjacent,100,100,16,64,FWD,E4,E5,E9,E10,9.094000,197.587000,OK
9,30,adjacent,100,100,16,65,REV,E5,E4,E9,E10,13.461000,210.275000,OK
9,30,adjacent,100,100,16,66,FWD,E4,E5,E10,E11,-87.969000,197.347000,OK
9,30,adjacent,100,100,16,67,REV,E5,E4,E10,E11,-94.516000,210.834000,OK
9,30,adjacent,100,100,16,68,FWD,E4,E5,E11,E12,-126.500000,197.427000,OK
9,30,adjacent,100,100,16,69,REV,E5,E4,E11,E12,-133.312000,210.435000,OK
9,30,adjacent,100,100,16,70,FWD,E4,E5,E12,E1,-33.391000,197.906000,OK
9,30,adjacent,100,100,16,71,REV,E5,E4,E12,E1,-28.094000,210.754000,OK
9,30,adjacent,100,100,16,72,FWD,E5,E6,E1,E2,15.289000,202.933000,OK
9,30,adjacent,100,100,16,73,REV,E6,E5,E1,E2,17.781000,218.335000,OK
9,30,adjacent,100,100,16,74,FWD,E5,E6,E2,E3,14.602000,204.849000,OK
9,30,adjacent,100,100,16,75,REV,E6,E5,E2,E3,-5.984000,216.500000,OK
9,30,adjacent,100,100,16,76,FWD,E5,E6,E3,E4,16.203000,206.445000,OK
9,30,adjacent,100,100,16,77,REV,E6,E5,E3,E4,-9.367000,216.899000,OK
9,30,adjacent,100,100,16,78,FWD,E5,E6,E7,E8,-0.008000,206.924000,OK
9,30,adjacent,100,100,16,79,REV,E6,E5,E7,E8,0.008000,216.899000,OK
9,30,adjacent,100,100,16,80,FWD,E5,E6,E8,E9,-59.438000,206.285000,OK
9,30,adjacent,100,100,16,81,REV,E6,E5,E8,E9,-50.172000,216.260000,OK
9,30,adjacent,100,100,16,82,FWD,E5,E6,E9,E10,9.547000,206.604000,OK
9,30,adjacent,100,100,16,83,REV,E6,E5,E9,E10,12.922000,216.819000,OK
9,30,adjacent,100,100,16,84,FWD,E5,E6,E10,E11,-85.086000,206.684000,OK
9,30,adjacent,100,100,16,85,REV,E6,E5,E10,E11,-96.844000,215.941000,OK
9,30,adjacent,100,100,16,86,FWD,E5,E6,E11,E12,-123.469000,207.003000,OK
9,30,adjacent,100,100,16,87,REV,E6,E5,E11,E12,-133.234000,215.702000,OK
9,30,adjacent,100,100,16,88,FWD,E5,E6,E12,E1,-31.633000,207.163000,OK
9,30,adjacent,100,100,16,89,REV,E6,E5,E12,E1,-30.234000,215.303000,OK
9,30,adjacent,100,100,16,90,FWD,E6,E7,E1,E2,15.469000,213.547000,OK
9,30,adjacent,100,100,16,91,REV,E7,E6,E1,E2,17.648000,227.193000,OK
9,30,adjacent,100,100,16,92,FWD,E6,E7,E2,E3,54.336000,217.298000,OK
9,30,adjacent,100,100,16,93,REV,E7,E6,E2,E3,-45.031000,225.757000,OK
9,30,adjacent,100,100,16,94,FWD,E6,E7,E3,E4,54.578000,216.739000,OK
9,30,adjacent,100,100,16,95,REV,E7,E6,E3,E4,-47.781000,224.480000,OK
9,30,adjacent,100,100,16,96,FWD,E6,E7,E4,E5,20.727000,216.340000,OK
9,30,adjacent,100,100,16,97,REV,E7,E6,E4,E5,9.727000,224.958000,OK
9,30,adjacent,100,100,16,98,FWD,E6,E7,E8,E9,-91.484000,216.739000,OK
9,30,adjacent,100,100,16,99,REV,E7,E6,E8,E9,-17.687000,225.597000,OK
9,30,adjacent,100,100,16,100,FWD,E6,E7,E9,E10,5.195000,217.377000,OK
9,30,adjacent,100,100,16,101,REV,E7,E6,E9,E10,17.383000,224.480000,OK
9,30,adjacent,100,100,16,102,FWD,E6,E7,E10,E11,-90.391000,217.138000,OK
9,30,adjacent,100,100,16,103,REV,E7,E6,E10,E11,-90.891000,224.559000,OK
9,30,adjacent,100,100,16,104,FWD,E6,E7,E11,E12,-128.312000,218.175000,OK
9,30,adjacent,100,100,16,105,REV,E7,E6,E11,E12,-129.172000,224.879000,OK
9,30,adjacent,100,100,16,106,FWD,E6,E7,E12,E1,-31.875000,218.574000,OK
9,30,adjacent,100,100,16,107,REV,E7,E6,E12,E1,-30.172000,224.799000,OK
9,30,adjacent,100,100,16,108,FWD,E7,E8,E1,E2,16.625000,306.754000,OK
9,30,adjacent,100,100,16,109,REV,E8,E7,E1,E2,16.656000,305.557000,OK
9,30,adjacent,100,100,16,110,FWD,E7,E8,E2,E3,3.922000,305.478000,OK
9,30,adjacent,100,100,16,111,REV,E8,E7,E2,E3,4.031000,305.956000,OK
9,30,adjacent,100,100,16,112,FWD,E7,E8,E3,E4,3.219000,306.515000,OK
9,30,adjacent,100,100,16,113,REV,E8,E7,E3,E4,3.219000,307.313000,OK
9,30,adjacent,100,100,16,114,FWD,E7,E8,E4,E5,15.461000,306.036000,OK
9,30,adjacent,100,100,16,115,REV,E8,E7,E4,E5,15.383000,306.116000,OK
9,30,adjacent,100,100,16,116,FWD,E7,E8,E5,E6,14.219000,305.956000,OK
9,30,adjacent,100,100,16,117,REV,E8,E7,E5,E6,14.273000,307.951000,OK
9,30,adjacent,100,100,16,118,FWD,E7,E8,E9,E10,11.195000,306.675000,OK
9,30,adjacent,100,100,16,119,REV,E8,E7,E9,E10,11.172000,307.712000,OK
9,30,adjacent,100,100,16,120,FWD,E7,E8,E10,E11,-100.203000,306.675000,OK
9,30,adjacent,100,100,16,121,REV,E8,E7,E10,E11,-109.922000,306.914000,OK
9,30,adjacent,100,100,16,122,FWD,E7,E8,E11,E12,-141.641000,307.393000,OK
9,30,adjacent,100,100,16,123,REV,E8,E7,E11,E12,-145.391000,307.153000,OK
9,30,adjacent,100,100,16,124,FWD,E7,E8,E12,E1,-31.102000,308.111000,OK
9,30,adjacent,100,100,16,125,REV,E8,E7,E12,E1,-31.148000,308.031000,OK
9,30,adjacent,100,100,16,126,FWD,E8,E9,E1,E2,15.414000,216.021000,OK
9,30,adjacent,100,100,16,127,REV,E9,E8,E1,E2,17.656000,181.866000,OK
9,30,adjacent,100,100,16,128,FWD,E8,E9,E2,E3,-45.148000,216.340000,OK
9,30,adjacent,100,100,16,129,REV,E9,E8,E2,E3,43.125000,180.908000,OK
9,30,adjacent,100,100,16,130,FWD,E8,E9,E3,E4,-44.531000,215.941000,OK
9,30,adjacent,100,100,16,131,REV,E9,E8,E3,E4,41.289000,181.946000,OK
9,30,adjacent,100,100,16,132,FWD,E8,E9,E4,E5,19.602000,216.180000,OK
9,30,adjacent,100,100,16,133,REV,E9,E8,E4,E5,12.039000,182.345000,OK
9,30,adjacent,100,100,16,134,FWD,E8,E9,E5,E6,21.344000,216.579000,OK
9,30,adjacent,100,100,16,135,REV,E9,E8,E5,E6,8.492000,181.946000,OK
9,30,adjacent,100,100,16,136,FWD,E8,E9,E6,E7,-29.078000,215.941000,OK
9,30,adjacent,100,100,16,137,REV,E9,E8,E6,E7,38.023000,182.026000,OK
9,30,adjacent,100,100,16,138,FWD,E8,E9,E10,E11,-87.891000,216.739000,OK
9,30,adjacent,100,100,16,139,REV,E9,E8,E10,E11,-84.039000,182.265000,OK
9,30,adjacent,100,100,16,140,FWD,E8,E9,E11,E12,-119.406000,216.899000,OK
9,30,adjacent,100,100,16,141,REV,E9,E8,E11,E12,-130.453000,182.026000,OK
9,30,adjacent,100,100,16,142,FWD,E8,E9,E12,E1,-32.508000,216.021000,OK
9,30,adjacent,100,100,16,143,REV,E9,E8,E12,E1,-30.008000,181.068000,OK
9,30,adjacent,100,100,16,144,FWD,E9,E10,E1,E2,15.367000,155.532000,OK
9,30,adjacent,100,100,16,145,REV,E10,E9,E1,E2,18.023000,168.619000,OK
9,30,adjacent,100,100,16,146,FWD,E9,E10,E2,E3,-4.109000,160.639000,OK
9,30,adjacent,100,100,16,147,REV,E10,E9,E2,E3,12.844000,167.741000,OK
9,30,adjacent,100,100,16,148,FWD,E9,E10,E3,E4,-4.227000,160.958000,OK
9,30,adjacent,100,100,16,149,REV,E10,E9,E3,E4,10.719000,167.582000,OK
9,30,adjacent,100,100,16,150,FWD,E9,E10,E4,E5,18.609000,161.038000,OK
9,30,adjacent,100,100,16,151,REV,E10,E9,E4,E5,12.406000,166.943000,OK
9,30,adjacent,100,100,16,152,FWD,E9,E10,E5,E6,17.586000,160.958000,OK
9,30,adjacent,100,100,16,153,REV,E10,E9,E5,E6,10.922000,166.385000,OK
9,30,adjacent,100,100,16,154,FWD,E9,E10,E6,E7,4.812000,161.756000,OK
9,30,adjacent,100,100,16,155,REV,E10,E9,E6,E7,12.742000,166.225000,OK
9,30,adjacent,100,100,16,156,FWD,E9,E10,E7,E8,0.000000,161.038000,OK
9,30,adjacent,100,100,16,157,REV,E10,E9,E7,E8,0.000000,165.188000,OK
9,30,adjacent,100,100,16,158,FWD,E9,E10,E11,E12,-111.000000,160.639000,OK
9,30,adjacent,100,100,16,159,REV,E10,E9,E11,E12,-122.203000,165.666000,OK
9,30,adjacent,100,100,16,160,FWD,E9,E10,E12,E1,-33.094000,160.958000,OK
9,30,adjacent,100,100,16,161,REV,E10,E9,E12,E1,-29.234000,165.427000,OK
9,30,adjacent,100,100,16,162,FWD,E10,E11,E1,E2,12.992000,138.853000,OK
9,30,adjacent,100,100,16,163,REV,E11,E10,E1,E2,21.180000,172.051000,OK
9,30,adjacent,100,100,16,164,FWD,E10,E11,E2,E3,-4.203000,140.769000,OK
9,30,adjacent,100,100,16,165,REV,E11,E10,E2,E3,14.938000,171.811000,OK
9,30,adjacent,100,100,16,166,FWD,E10,E11,E3,E4,-3.188000,141.487000,OK
9,30,adjacent,100,100,16,167,REV,E11,E10,E3,E4,11.250000,171.412000,OK
9,30,adjacent,100,100,16,168,FWD,E10,E11,E4,E5,22.617000,141.646000,OK
9,30,adjacent,100,100,16,169,REV,E11,E10,E4,E5,7.062000,170.455000,OK
9,30,adjacent,100,100,16,170,FWD,E10,E11,E5,E6,19.531000,141.726000,OK
9,30,adjacent,100,100,16,171,REV,E11,E10,E5,E6,8.148000,170.933000,OK
9,30,adjacent,100,100,16,172,FWD,E10,E11,E6,E7,6.414000,141.726000,OK
9,30,adjacent,100,100,16,173,REV,E11,E10,E6,E7,11.789000,169.657000,OK
9,30,adjacent,100,100,16,174,FWD,E10,E11,E7,E8,0.000000,142.365000,OK
9,30,adjacent,100,100,16,175,REV,E11,E10,E7,E8,0.000000,169.896000,OK
9,30,adjacent,100,100,16,176,FWD,E10,E11,E8,E9,-69.102000,142.604000,OK
9,30,adjacent,100,100,16,177,REV,E11,E10,E8,E9,-38.664000,169.258000,OK
9,30,adjacent,100,100,16,178,FWD,E10,E11,E12,E1,-38.938000,142.604000,OK
9,30,adjacent,100,100,16,179,REV,E11,E10,E12,E1,-22.242000,168.380000,OK
9,30,adjacent,100,100,16,180,FWD,E11,E12,E1,E2,6.742000,169.098000,OK
9,30,adjacent,100,100,16,181,REV,E12,E11,E1,E2,26.891000,177.876000,OK
9,30,adjacent,100,100,16,182,FWD,E11,E12,E2,E3,-4.445000,171.173000,OK
9,30,adjacent,100,100,16,183,REV,E12,E11,E2,E3,13.594000,175.402000,OK
9,30,adjacent,100,100,16,184,FWD,E11,E12,E3,E4,-1.414000,171.093000,OK
9,30,adjacent,100,100,16,185,REV,E12,E11,E3,E4,8.266000,176.120000,OK
9,30,adjacent,100,100,16,186,FWD,E11,E12,E4,E5,31.430000,172.130000,OK
9,30,adjacent,100,100,16,187,REV,E12,E11,E4,E5,-0.469000,176.120000,OK
9,30,adjacent,100,100,16,188,FWD,E11,E12,E5,E6,21.828000,171.971000,OK
9,30,adjacent,100,100,16,189,REV,E12,E11,E5,E6,6.711000,174.524000,OK
9,30,adjacent,100,100,16,190,FWD,E11,E12,E6,E7,8.102000,171.971000,OK
9,30,adjacent,100,100,16,191,REV,E12,E11,E6,E7,9.859000,174.764000,OK
9,30,adjacent,100,100,16,192,FWD,E11,E12,E7,E8,0.008000,173.248000,OK
9,30,adjacent,100,100,16,193,REV,E12,E11,E7,E8,0.000000,174.844000,OK
9,30,adjacent,100,100,16,194,FWD,E11,E12,E8,E9,-56.320000,172.370000,OK
9,30,adjacent,100,100,16,195,REV,E12,E11,E8,E9,-52.133000,174.285000,OK
9,30,adjacent,100,100,16,196,FWD,E11,E12,E9,E10,3.617000,172.051000,OK
9,30,adjacent,100,100,16,197,REV,E12,E11,E9,E10,18.812000,174.844000,OK
9,30,adjacent,100,100,16,198,FWD,E12,E1,E2,E3,-11.070000,185.218000,OK
9,30,adjacent,100,100,16,199,REV,E1,E12,E2,E3,18.805000,172.051000,OK
9,30,adjacent,100,100,16,200,FWD,E12,E1,E3,E4,-3.367000,187.931000,OK
9,30,adjacent,100,100,16,201,REV,E1,E12,E3,E4,9.492000,171.652000,OK
9,30,adjacent,100,100,16,202,FWD,E12,E1,E4,E5,124.141000,188.889000,OK
9,30,adjacent,100,100,16,203,REV,E1,E12,E4,E5,-77.609000,171.332000,OK
9,30,adjacent,100,100,16,204,FWD,E12,E1,E5,E6,28.695000,188.649000,OK
9,30,adjacent,100,100,16,205,REV,E1,E12,E5,E6,1.391000,170.455000,OK
9,30,adjacent,100,100,16,206,FWD,E12,E1,E6,E7,8.305000,188.809000,OK
9,30,adjacent,100,100,16,207,REV,E1,E12,E6,E7,9.688000,170.614000,OK
9,30,adjacent,100,100,16,208,FWD,E12,E1,E7,E8,0.008000,189.288000,OK
9,30,adjacent,100,100,16,209,REV,E1,E12,E7,E8,0.000000,170.534000,OK
9,30,adjacent,100,100,16,210,FWD,E12,E1,E8,E9,-55.523000,188.729000,OK
9,30,adjacent,100,100,16,211,REV,E1,E12,E8,E9,-53.500000,169.976000,OK
9,30,adjacent,100,100,16,212,FWD,E12,E1,E9,E10,8.531000,189.367000,OK
9,30,adjacent,100,100,16,213,REV,E1,E12,E9,E10,13.453000,170.614000,OK
9,30,adjacent,100,100,16,214,FWD,E12,E1,E10,E11,-86.500000,187.931000,OK
9,30,adjacent,100,100,16,215,REV,E1,E12,E10,E11,-77.031000,170.694000,OK
