frame_index,frame_id,pattern,dac_code,settle_ms,sample_count,record_index,polarity,i_plus,i_minus,v_plus,v_minus,voltage_mv,current_ua,quality
0,6,adjacent,620,30,32,0,FWD,E1,E2,E3,E4,-35.953000,287.842000,OK
0,6,adjacent,620,30,32,1,REV,E2,E1,E3,E4,3.402000,277.228000,OK
0,6,adjacent,620,30,32,2,FWD,E1,E2,E4,E5,-14.555000,292.630000,OK
0,6,adjacent,620,30,32,3,REV,E2,E1,E4,E5,-0.078000,274.714000,OK
0,6,adjacent,620,30,32,4,FWD,E1,E2,E5,E6,16.082000,292.869000,OK
0,6,adjacent,620,30,32,5,REV,E2,E1,E5,E6,22.125000,275.113000,OK
0,6,adjacent,620,30,32,6,FWD,E1,E2,E6,E7,-1.133000,292.949000,OK
0,6,adjacent,620,30,32,7,REV,E2,E1,E6,E7,5.059000,274.794000,OK
0,6,adjacent,620,30,32,8,FWD,E1,E2,E7,E8,-7.613000,293.667000,OK
0,6,adjacent,620,30,32,9,REV,E2,E1,E7,E8,-5.723000,275.313000,OK
0,6,adjacent,620,30,32,10,FWD,E1,E2,E8,E9,15.129000,292.949000,OK
0,6,adjacent,620,30,32,11,REV,E2,E1,E8,E9,16.977000,274.435000,OK
0,6,adjacent,620,30,32,12,FWD,E1,E2,E9,E10,13.234000,293.547000,OK
0,6,adjacent,620,30,32,13,REV,E2,E1,E9,E10,16.156000,275.073000,OK
0,6,adjacent,620,30,32,14,FWD,E1,E2,E10,E11,-33.219000,293.228000,OK
0,6,adjacent,620,30,32,15,REV,E2,E1,E10,E11,-27.816000,274.914000,OK
0,6,adjacent,620,30,32,16,FWD,E1,E2,E11,E12,-50.695000,293.827000,OK
0,6,adjacent,620,30,32,17,REV,E2,E1,E11,E12,-22.148000,274.954000,OK
0,6,adjacent,620,30,32,18,FWD,E2,E3,E4,E5,-20.926000,259.951000,OK
0,6,adjacent,620,30,32,19,REV,E3,E2,E4,E5,8.078000,292.310000,OK
0,6,adjacent,620,30,32,20,FWD,E2,E3,E5,E6,14.691000,267.612000,OK
0,6,adjacent,620,30,32,21,REV,E3,E2,E5,E6,24.187000,290.595000,OK
0,6,adjacent,620,30,32,22,FWD,E2,E3,E6,E7,-1.699000,268.290000,OK
0,6,adjacent,620,30,32,23,REV,E3,E2,E6,E7,6.078000,289.398000,OK
0,6,adjacent,620,30,32,24,FWD,E2,E3,E7,E8,-7.613000,269.048000,OK
0,6,adjacent,620,30,32,25,REV,E3,E2,E7,E8,-5.637000,289.318000,OK
0,6,adjacent,620,30,32,26,FWD,E2,E3,E8,E9,15.340000,268.809000,OK
0,6,adjacent,620,30,32,27,REV,E3,E2,E8,E9,16.863000,289.318000,OK
0,6,adjacent,620,30,32,28,FWD,E2,E3,E9,E10,13.773000,269.687000,OK
0,6,adjacent,620,30,32,29,REV,E3,E2,E9,E10,15.660000,288.719000,OK
0,6,adjacent,620,30,32,30,FWD,E2,E3,E10,E11,-31.691000,269.248000,OK
0,6,adjacent,620,30,32,31,REV,E3,E2,E10,E11,-29.215000,288.560000,OK
0,6,adjacent,620,30,32,32,FWD,E2,E3,E11,E12,-40.336000,269.926000,OK
0,6,adjacent,620,30,32,33,REV,E3,E2,E11,E12,-31.633000,288.400000,OK
0,6,adjacent,620,30,32,34,FWD,E2,E3,E12,E1,30.242000,269.647000,OK
0,6,adjacent,620,30,32,35,REV,E3,E2,E12,E1,62.402000,288.560000,OK
0,6,adjacent,620,30,32,36,FWD,E3,E4,E1,E2,-45.387000,321.837000,OK
0,6,adjacent,620,30,32,37,REV,E4,E3,E1,E2,-2.809000,325.228000,OK
0,6,adjacent,620,30,32,38,FWD,E3,E4,E5,E6,3.285000,330.814000,OK
0,6,adjacent,620,30,32,39,REV,E4,E3,E5,E6,34.832000,323.074000,OK
0,6,adjacent,620,30,32,40,FWD,E3,E4,E6,E7,-7.418000,331.852000,OK
0,6,adjacent,620,30,32,41,REV,E4,E3,E6,E7,11.129000,322.315000,OK
0,6,adjacent,620,30,32,42,FWD,E3,E4,E7,E8,-8.664000,332.690000,OK
0,6,adjacent,620,30,32,43,REV,E4,E3,E7,E8,-4.715000,321.637000,OK
0,6,adjacent,620,30,32,44,FWD,E3,E4,E8,E9,14.738000,332.370000,OK
0,6,adjacent,620,30,32,45,REV,E4,E3,E8,E9,17.312000,322.076000,OK
0,6,adjacent,620,30,32,46,FWD,E3,E4,E9,E10,13.313000,333.408000,OK
0,6,adjacent,620,30,32,47,REV,E4,E3,E9,E10,15.906000,321.478000,OK
0,6,adjacent,620,30,32,48,FWD,E3,E4,E10,E11,-31.824000,332.370000,OK
0,6,adjacent,620,30,32,49,REV,E4,E3,E10,E11,-29.305000,321.438000,OK
0,6,adjacent,620,30,32,50,FWD,E3,E4,E11,E12,-39.414000,333.448000,OK
0,6,adjacent,620,30,32,51,REV,E4,E3,E11,E12,-33.117000,320.839000,OK
0,6,adjacent,620,30,32,52,FWD,E3,E4,E12,E1,36.777000,333.089000,OK
0,6,adjacent,620,30,32,53,REV,E4,E3,E12,E1,54.406000,321.398000,OK
0,6,adjacent,620,30,32,54,FWD,E4,E5,E1,E2,-37.938000,332.011000,OK
0,6,adjacent,620,30,32,55,REV,E5,E4,E1,E2,-21.035000,339.393000,OK
0,6,adjacent,620,30,32,56,FWD,E4,E5,E2,E3,15.004000,339.153000,OK
0,6,adjacent,620,30,32,57,REV,E5,E4,E2,E3,49.281000,338.355000,OK
0,6,adjacent,620,30,32,58,FWD,E4,E5,E6,E7,-20.664000,341.109000,OK
0,6,adjacent,620,30,32,59,REV,E5,E4,E6,E7,24.309000,337.318000,OK
0,6,adjacent,620,30,32,60,FWD,E4,E5,E7,E8,-10.480000,341.148000,OK
0,6,adjacent,620,30,32,61,REV,E5,E4,E7,E8,-2.859000,337.518000,OK
0,6,adjacent,620,30,32,62,FWD,E4,E5,E8,E9,13.926000,341.388000,OK
0,6,adjacent,620,30,32,63,REV,E5,E4,E8,E9,18.105000,336.919000,OK
0,6,adjacent,620,30,32,64,FWD,E4,E5,E9,E10,12.902000,341.946000,OK
0,6,adjacent,620,30,32,65,REV,E5,E4,E9,E10,16.301000,337.797000,OK
0,6,adjacent,620,30,32,66,FWD,E4,E5,E10,E11,-31.887000,341.508000,OK
0,6,adjacent,620,30,32,67,REV,E5,E4,E10,E11,-29.285000,336.999000,OK
0,6,adjacent,620,30,32,68,FWD,E4,E5,E11,E12,-38.582000,341.348000,OK
0,6,adjacent,620,30,32,69,REV,E5,E4,E11,E12,-33.922000,337.557000,OK
0,6,adjacent,620,30,32,70,FWD,E4,E5,E12,E1,40.641000,341.747000,OK
0,6,adjacent,620,30,32,71,REV,E5,E4,E12,E1,50.910000,337.238000,OK
0,6,adjacent,620,30,32,72,FWD,E5,E6,E1,E2,-33.895000,360.021000,OK
0,6,adjacent,620,30,32,73,REV,E6,E5,E1,E2,-25.812000,394.455000,OK
0,6,adjacent,620,30,32,74,FWD,E5,E6,E2,E3,23.121000,368.680000,OK
0,6,adjacent,620,30,32,75,REV,E6,E5,E2,E3,36.273000,390.824000,OK
0,6,adjacent,620,30,32,76,FWD,E5,E6,E3,E4,-32.730000,369.957000,OK
0,6,adjacent,620,30,32,77,REV,E6,E5,E3,E4,4.070000,390.226000,OK
0,6,adjacent,620,30,32,78,FWD,E5,E6,E7,E8,-15.512000,371.074000,OK
0,6,adjacent,620,30,32,79,REV,E6,E5,E7,E8,2.672000,389.827000,OK
0,6,adjacent,620,30,32,80,FWD,E5,E6,E8,E9,11.918000,371.433000,OK
0,6,adjacent,620,30,32,81,REV,E6,E5,E8,E9,20.336000,389.388000,OK
0,6,adjacent,620,30,32,82,FWD,E5,E6,E9,E10,11.844000,371.473000,OK
0,6,adjacent,620,30,32,83,REV,E6,E5,E9,E10,17.492000,389.228000,OK
0,6,adjacent,620,30,32,84,FWD,E5,E6,E10,E11,-32.246000,371.712000,OK
0,6,adjacent,620,30,32,85,REV,E6,E5,E10,E11,-28.820000,389.189000,OK
0,6,adjacent,620,30,32,86,FWD,E5,E6,E11,E12,-38.508000,372.111000,OK
0,6,adjacent,620,30,32,87,REV,E6,E5,E11,E12,-33.988000,388.670000,OK
0,6,adjacent,620,30,32,88,FWD,E5,E6,E12,E1,42.363000,372.351000,OK
0,6,adjacent,620,30,32,89,REV,E6,E5,E12,E1,49.633000,389.029000,OK
0,6,adjacent,620,30,32,90,FWD,E6,E7,E1,E2,-34.469000,388.470000,OK
0,6,adjacent,620,30,32,91,REV,E7,E6,E1,E2,-25.848000,407.383000,OK
0,6,adjacent,620,30,32,92,FWD,E6,E7,E2,E3,23.758000,397.847000,OK
0,6,adjacent,620,30,32,93,REV,E7,E6,E2,E3,34.930000,404.830000,OK
0,6,adjacent,620,30,32,94,FWD,E6,E7,E3,E4,-26.777000,399.563000,OK
0,6,adjacent,620,30,32,95,REV,E7,E6,E3,E4,-4.105000,403.034000,OK
0,6,adjacent,620,30,32,96,FWD,E6,E7,E4,E5,-31.758000,399.682000,OK
0,6,adjacent,620,30,32,97,REV,E7,E6,E4,E5,21.434000,403.154000,OK
0,6,adjacent,620,30,32,98,FWD,E6,E7,E8,E9,-2.215000,400.680000,OK
0,6,adjacent,620,30,32,99,REV,E7,E6,E8,E9,33.543000,402.396000,OK
0,6,adjacent,620,30,32,100,FWD,E6,E7,E9,E10,6.105000,400.720000,OK
0,6,adjacent,620,30,32,101,REV,E7,E6,E9,E10,23.992000,402.874000,OK
0,6,adjacent,620,30,32,102,FWD,E6,E7,E10,E11,-34.902000,400.919000,OK
0,6,adjacent,620,30,32,103,REV,E7,E6,E10,E11,-26.219000,402.316000,OK
0,6,adjacent,620,30,32,104,FWD,E6,E7,E11,E12,-40.855000,401.119000,OK
0,6,adjacent,620,30,32,105,REV,E7,E6,E11,E12,-31.789000,402.555000,OK
0,6,adjacent,620,30,32,106,FWD,E6,E7,E12,E1,40.133000,400.919000,OK
0,6,adjacent,620,30,32,107,REV,E7,E6,E12,E1,51.891000,402.116000,OK
0,6,adjacent,620,30,32,108,FWD,E7,E8,E1,E2,-31.828000,428.810000,OK
0,6,adjacent,620,30,32,109,REV,E8,E7,E1,E2,-28.895000,448.401000,OK
0,6,adjacent,620,30,32,110,FWD,E7,E8,E2,E3,27.727000,441.658000,OK
0,6,adjacent,620,30,32,111,REV,E8,E7,E2,E3,30.805000,444.411000,OK
0,6,adjacent,620,30,32,112,FWD,E7,E8,E3,E4,-18.246000,444.012000,OK
0,6,adjacent,620,30,32,113,REV,E8,E7,E3,E4,-12.926000,443.732000,OK
0,6,adjacent,620,30,32,114,FWD,E7,E8,E4,E5,-11.547000,443.932000,OK
0,6,adjacent,620,30,32,115,REV,E8,E7,E4,E5,-1.594000,443.014000,OK
0,6,adjacent,620,30,32,116,FWD,E7,E8,E5,E6,8.879000,445.368000,OK
0,6,adjacent,620,30,32,117,REV,E8,E7,E5,E6,29.883000,442.695000,OK
0,6,adjacent,620,30,32,118,FWD,E7,E8,E9,E10,1.801000,445.049000,OK
0,6,adjacent,620,30,32,119,REV,E8,E7,E9,E10,28.941000,441.937000,OK
0,6,adjacent,620,30,32,120,FWD,E7,E8,E10,E11,-34.879000,445.767000,OK
0,6,adjacent,620,30,32,121,REV,E8,E7,E10,E11,-26.320000,442.296000,OK
0,6,adjacent,620,30,32,122,FWD,E7,E8,E11,E12,-39.430000,444.929000,OK
0,6,adjacent,620,30,32,123,REV,E8,E7,E11,E12,-33.250000,441.578000,OK
0,6,adjacent,620,30,32,124,FWD,E7,E8,E12,E1,43.098000,445.089000,OK
0,6,adjacent,620,30,32,125,REV,E8,E7,E12,E1,49.004000,441.338000,OK
0,6,adjacent,620,30,32,126,FWD,E8,E9,E1,E2,-31.848000,436.630000,OK
0,6,adjacent,620,30,32,127,REV,E9,E8,E1,E2,-28.984000,473.777000,OK
0,6,adjacent,620,30,32,128,FWD,E8,E9,E2,E3,28.043000,448.919000,OK
0,6,adjacent,620,30,32,129,REV,E9,E8,E2,E3,30.535000,469.388000,OK
0,6,adjacent,620,30,32,130,FWD,E8,E9,E3,E4,-17.344000,451.433000,OK
0,6,adjacent,620,30,32,131,REV,E9,E8,E3,E4,-13.746000,468.790000,OK
0,6,adjacent,620,30,32,132,FWD,E8,E9,E4,E5,-9.594000,451.234000,OK
0,6,adjacent,620,30,32,133,REV,E9,E8,E4,E5,-3.922000,466.994000,OK
0,6,adjacent,620,30,32,134,FWD,E8,E9,E5,E6,14.160000,451.832000,OK
0,6,adjacent,620,30,32,135,REV,E9,E8,E5,E6,24.320000,467.673000,OK
0,6,adjacent,620,30,32,136,FWD,E8,E9,E6,E7,-17.121000,453.428000,OK
0,6,adjacent,620,30,32,137,REV,E9,E8,E6,E7,23.773000,467.713000,OK
0,6,adjacent,620,30,32,138,FWD,E8,E9,E10,E11,-41.754000,453.229000,OK
0,6,adjacent,620,30,32,139,REV,E9,E8,E10,E11,-19.094000,468.032000,OK
0,6,adjacent,620,30,32,140,FWD,E8,E9,E11,E12,-42.078000,454.466000,OK
0,6,adjacent,620,30,32,141,REV,E9,E8,E11,E12,-30.371000,467.752000,OK
0,6,adjacent,620,30,32,142,FWD,E8,E9,E12,E1,41.805000,454.067000,OK
0,6,adjacent,620,30,32,143,REV,E9,E8,E12,E1,50.555000,467.353000,OK
0,6,adjacent,620,30,32,144,FWD,E9,E10,E1,E2,-32.793000,429.488000,OK
0,6,adjacent,620,30,32,145,REV,E10,E9,E1,E2,-28.090000,483.593000,OK
0,6,adjacent,620,30,32,146,FWD,E9,E10,E2,E3,27.746000,447.044000,OK
0,6,adjacent,620,30,32,147,REV,E10,E9,E2,E3,30.832000,477.368000,OK
0,6,adjacent,620,30,32,148,FWD,E9,E10,E3,E4,-17.328000,450.037000,OK
0,6,adjacent,620,30,32,149,REV,E10,E9,E3,E4,-13.746000,475.413000,OK
0,6,adjacent,620,30,32,150,FWD,E9,E10,E4,E5,-9.141000,451.752000,OK
0,6,adjacent,620,30,32,151,REV,E10,E9,E4,E5,-4.594000,474.895000,OK
0,6,adjacent,620,30,32,152,FWD,E9,E10,E5,E6,15.906000,452.391000,OK
0,6,adjacent,620,30,32,153,REV,E10,E9,E5,E6,22.574000,474.097000,OK
0,6,adjacent,620,30,32,154,FWD,E9,E10,E6,E7,-7.480000,452.790000,OK
0,6,adjacent,620,30,32,155,REV,E10,E9,E6,E7,12.688000,473.618000,OK
0,6,adjacent,620,30,32,156,FWD,E9,E10,E7,E8,-19.617000,453.388000,OK
0,6,adjacent,620,30,32,157,REV,E10,E9,E7,E8,8.211000,473.538000,OK
0,6,adjacent,620,30,32,158,FWD,E9,E10,E11,E12,-56.637000,453.309000,OK
0,6,adjacent,620,30,32,159,REV,E10,E9,E11,E12,-15.395000,472.979000,OK
0,6,adjacent,620,30,32,160,FWD,E9,E10,E12,E1,35.555000,453.269000,OK
0,6,adjacent,620,30,32,161,REV,E10,E9,E12,E1,57.238000,473.339000,OK
0,6,adjacent,620,30,32,162,FWD,E10,E11,E1,E2,-34.098000,367.842000,OK
0,6,adjacent,620,30,32,163,REV,E11,E10,E1,E2,-27.242000,372.510000,OK
0,6,adjacent,620,30,32,164,FWD,E10,E11,E2,E3,27.641000,382.884000,OK
0,6,adjacent,620,30,32,165,REV,E11,E10,E2,E3,30.832000,369.558000,OK
0,6,adjacent,620,30,32,166,FWD,E10,E11,E3,E4,-17.035000,385.278000,OK
0,6,adjacent,620,30,32,167,REV,E11,E10,E3,E4,-14.199000,368.600000,OK
0,6,adjacent,620,30,32,168,FWD,E10,E11,E4,E5,-8.422000,385.717000,OK
0,6,adjacent,620,30,32,169,REV,E11,E10,E4,E5,-5.578000,367.922000,OK
0,6,adjacent,620,30,32,170,FWD,E10,E11,E5,E6,17.492000,385.757000,OK
0,6,adjacent,620,30,32,171,REV,E11,E10,E5,E6,20.809000,368.241000,OK
0,6,adjacent,620,30,32,172,FWD,E10,E11,E6,E7,-1.891000,386.196000,OK
0,6,adjacent,620,30,32,173,REV,E11,E10,E6,E7,6.102000,368.321000,OK
0,6,adjacent,620,30,32,174,FWD,E10,E11,E7,E8,-10.082000,385.877000,OK
0,6,adjacent,620,30,32,175,REV,E11,E10,E7,E8,-2.949000,367.962000,OK
0,6,adjacent,620,30,32,176,FWD,E10,E11,E8,E9,5.527000,386.316000,OK
0,6,adjacent,620,30,32,177,REV,E11,E10,E8,E9,23.578000,368.440000,OK
0,6,adjacent,620,30,32,178,FWD,E10,E11,E12,E1,16.945000,385.837000,OK
0,6,adjacent,620,30,32,179,REV,E11,E10,E12,E1,74.043000,367.802000,OK
0,6,adjacent,620,30,32,180,FWD,E11,E12,E1,E2,-42.793000,236.729000,OK
0,6,adjacent,620,30,32,181,REV,E12,E11,E1,E2,-19.629000,224.679000,OK
0,6,adjacent,620,30,32,182,FWD,E11,E12,E2,E3,25.441000,243.193000,OK
0,6,adjacent,620,30,32,183,REV,E12,E11,E2,E3,32.723000,223.163000,OK
0,6,adjacent,620,30,32,184,FWD,E11,E12,E3,E4,-17.937000,243.831000,OK
0,6,adjacent,620,30,32,185,REV,E12,E11,E3,E4,-13.500000,222.963000,OK
0,6,adjacent,620,30,32,186,FWD,E11,E12,E4,E5,-8.719000,243.791000,OK
0,6,adjacent,620,30,32,187,REV,E12,E11,E4,E5,-5.496000,223.203000,OK
0,6,adjacent,620,30,32,188,FWD,E11,E12,E5,E6,17.773000,243.831000,OK
0,6,adjacent,620,30,32,189,REV,E12,E11,E5,E6,20.539000,222.205000,OK
0,6,adjacent,620,30,32,190,FWD,E11,E12,E6,E7,-0.660000,243.432000,OK
0,6,adjacent,620,30,32,191,REV,E12,E11,E6,E7,4.629000,222.963000,OK
0,6,adjacent,620,30,32,192,FWD,E11,E12,E7,E8,-8.281000,243.672000,OK
0,6,adjacent,620,30,32,193,REV,E12,E11,E7,E8,-5.039000,222.924000,OK
0,6,adjacent,620,30,32,194,FWD,E11,E12,E8,E9,11.055000,243.512000,OK
0,6,adjacent,620,30,32,195,REV,E12,E11,E8,E9,16.875000,222.604000,OK
0,6,adjacent,620,30,32,196,FWD,E11,E12,E9,E10,6.207000,243.472000,OK
0,6,adjacent,620,30,32,197,REV,E12,E11,E9,E10,27.262000,223.203000,OK
0,6,adjacent,620,30,32,198,FWD,E12,E1,E2,E3,16.531000,216.579000,OK
0,6,adjacent,620,30,32,199,REV,E1,E12,E2,E3,43.625000,248.101000,OK
0,6,adjacent,620,30,32,200,FWD,E12,E1,E3,E4,-21.641000,220.889000,OK
0,6,adjacent,620,30,32,201,REV,E1,E12,E3,E4,-8.891000,246.864000,OK
0,6,adjacent,620,30,32,202,FWD,E12,E1,E4,E5,-10.430000,222.126000,OK
0,6,adjacent,620,30,32,203,REV,E1,E12,E4,E5,-3.297000,246.944000,OK
0,6,adjacent,620,30,32,204,FWD,E12,E1,E5,E6,17.090000,221.607000,OK
0,6,adjacent,620,30,32,205,REV,E1,E12,E5,E6,21.637000,246.305000,OK
0,6,adjacent,620,30,32,206,FWD,E12,E1,E6,E7,-1.176000,222.445000,OK
0,6,adjacent,620,30,32,207,REV,E1,E12,E6,E7,5.750000,246.624000,OK
0,6,adjacent,620,30,32,208,FWD,E12,E1,E7,E8,-8.129000,222.165000,OK
0,6,adjacent,620,30,32,209,REV,E1,E12,E7,E8,-4.910000,246.305000,OK
0,6,adjacent,620,30,32,210,FWD,E12,E1,E8,E9,11.781000,221.766000,OK
0,6,adjacent,620,30,32,211,REV,E1,E12,E8,E9,16.262000,246.026000,OK
0,6,adjacent,620,30,32,212,FWD,E12,E1,E9,E10,11.609000,222.325000,OK
0,6,adjacent,620,30,32,213,REV,E1,E12,E9,E10,23.043000,246.585000,OK
0,6,adjacent,620,30,32,214,FWD,E12,E1,E10,E11,-47.660000,222.046000,OK
0,6,adjacent,620,30,32,215,REV,E1,E12,E10,E11,-10.320000,246.106000,OK
1,7,adjacent,620,30,32,0,FWD,E1,E2,E3,E4,-35.961000,287.522000,OK
1,7,adjacent,620,30,32,1,REV,E2,E1,E3,E4,3.398000,275.951000,OK
1,7,adjacent,620,30,32,2,FWD,E1,E2,E4,E5,-14.609000,292.590000,OK
1,7,adjacent,620,30,32,3,REV,E2,E1,E4,E5,-0.062000,275.073000,OK
1,7,adjacent,620,30,32,4,FWD,E1,E2,E5,E6,16.141000,293.507000,OK
1,7,adjacent,620,30,32,5,REV,E2,E1,E5,E6,22.148000,274.635000,OK
1,7,adjacent,620,30,32,6,FWD,E1,E2,E6,E7,-1.160000,293.148000,OK
1,7,adjacent,620,30,32,7,REV,E2,E1,E6,E7,5.059000,274.435000,OK
1,7,adjacent,620,30,32,8,FWD,E1,E2,E7,E8,-7.609000,293.827000,OK
1,7,adjacent,620,30,32,9,REV,E2,E1,E7,E8,-5.715000,274.794000,OK
1,7,adjacent,620,30,32,10,FWD,E1,E2,E8,E9,12.766000,293.308000,OK
1,7,adjacent,620,30,32,11,REV,E2,E1,E8,E9,14.613000,274.315000,OK
1,7,adjacent,620,30,32,12,FWD,E1,E2,E9,E10,15.500000,294.026000,OK
1,7,adjacent,620,30,32,13,REV,E2,E1,E9,E10,18.480000,274.914000,OK
1,7,adjacent,620,30,32,14,FWD,E1,E2,E10,E11,-33.121000,293.667000,OK
1,7,adjacent,620,30,32,15,REV,E2,E1,E10,E11,-27.742000,274.834000,OK
1,7,adjacent,620,30,32,16,FWD,E1,E2,E11,E12,-50.719000,293.867000,OK
1,7,adjacent,620,30,32,17,REV,E2,E1,E11,E12,-22.160000,274.555000,OK
1,7,adjacent,620,30,32,18,FWD,E2,E3,E4,E5,-20.895000,261.068000,OK
1,7,adjacent,620,30,32,19,REV,E3,E2,E4,E5,8.105000,292.590000,OK
1,7,adjacent,620,30,32,20,FWD,E2,E3,E5,E6,14.691000,267.612000,OK
1,7,adjacent,620,30,32,21,REV,E3,E2,E5,E6,24.195000,290.236000,OK
1,7,adjacent,620,30,32,22,FWD,E2,E3,E6,E7,-1.707000,268.011000,OK
1,7,adjacent,620,30,32,23,REV,E3,E2,E6,E7,6.059000,290.076000,OK
1,7,adjacent,620,30,32,24,FWD,E2,E3,E7,E8,-7.586000,269.567000,OK
1,7,adjacent,620,30,32,25,REV,E3,E2,E7,E8,-5.613000,289.318000,OK
1,7,adjacent,620,30,32,26,FWD,E2,E3,E8,E9,12.879000,268.969000,OK
1,7,adjacent,620,30,32,27,REV,E3,E2,E8,E9,14.398000,289.318000,OK
1,7,adjacent,620,30,32,28,FWD,E2,E3,E9,E10,16.137000,269.527000,OK
1,7,adjacent,620,30,32,29,REV,E3,E2,E9,E10,18.027000,289.039000,OK
1,7,adjacent,620,30,32,30,FWD,E2,E3,E10,E11,-31.574000,269.368000,OK
1,7,adjacent,620,30,32,31,REV,E3,E2,E10,E11,-29.168000,288.839000,OK
1,7,adjacent,620,30,32,32,FWD,E2,E3,E11,E12,-40.430000,269.368000,OK
1,7,adjacent,620,30,32,33,REV,E3,E2,E11,E12,-31.672000,288.799000,OK
1,7,adjacent,620,30,32,34,FWD,E2,E3,E12,E1,30.875000,269.886000,OK
1,7,adjacent,620,30,32,35,REV,E3,E2,E12,E1,63.141000,288.560000,OK
1,7,adjacent,620,30,32,36,FWD,E3,E4,E1,E2,-46.043000,321.797000,OK
1,7,adjacent,620,30,32,37,REV,E4,E3,E1,E2,-3.441000,325.428000,OK
1,7,adjacent,620,30,32,38,FWD,E3,E4,E5,E6,3.199000,330.695000,OK
1,7,adjacent,620,30,32,39,REV,E4,E3,E5,E6,34.789000,323.193000,OK
1,7,adjacent,620,30,32,40,FWD,E3,E4,E6,E7,-7.414000,331.692000,OK
1,7,adjacent,620,30,32,41,REV,E4,E3,E6,E7,11.133000,321.996000,OK
1,7,adjacent,620,30,32,42,FWD,E3,E4,E7,E8,-8.656000,332.410000,OK
1,7,adjacent,620,30,32,43,REV,E4,E3,E7,E8,-4.719000,321.757000,OK
1,7,adjacent,620,30,32,44,FWD,E3,E4,E8,E9,12.203000,332.769000,OK
1,7,adjacent,620,30,32,45,REV,E4,E3,E8,E9,14.793000,321.797000,OK
1,7,adjacent,620,30,32,46,FWD,E3,E4,E9,E10,15.781000,333.168000,OK
1,7,adjacent,620,30,32,47,REV,E4,E3,E9,E10,18.355000,321.158000,OK
1,7,adjacent,620,30,32,48,FWD,E3,E4,E10,E11,-31.746000,333.009000,OK
1,7,adjacent,620,30,32,49,REV,E4,E3,E10,E11,-29.219000,321.677000,OK
1,7,adjacent,620,30,32,50,FWD,E3,E4,E11,E12,-39.449000,333.448000,OK
1,7,adjacent,620,30,32,51,REV,E4,E3,E11,E12,-33.156000,321.238000,OK
1,7,adjacent,620,30,32,52,FWD,E3,E4,E12,E1,37.387000,333.248000,OK
1,7,adjacent,620,30,32,53,REV,E4,E3,E12,E1,55.078000,321.517000,OK
1,7,adjacent,620,30,32,54,FWD,E4,E5,E1,E2,-38.566000,332.650000,OK
1,7,adjacent,620,30,32,55,REV,E5,E4,E1,E2,-21.660000,340.710000,OK
1,7,adjacent,620,30,32,56,FWD,E4,E5,E2,E3,14.938000,340.151000,OK
1,7,adjacent,620,30,32,57,REV,E5,E4,E2,E3,49.293000,338.475000,OK
1,7,adjacent,620,30,32,58,FWD,E4,E5,E6,E7,-20.648000,340.390000,OK
1,7,adjacent,620,30,32,59,REV,E5,E4,E6,E7,24.406000,337.996000,OK
1,7,adjacent,620,30,32,60,FWD,E4,E5,E7,E8,-10.504000,341.946000,OK
1,7,adjacent,620,30,32,61,REV,E5,E4,E7,E8,-2.875000,337.677000,OK
1,7,adjacent,620,30,32,62,FWD,E4,E5,E8,E9,11.324000,341.268000,OK
1,7,adjacent,620,30,32,63,REV,E5,E4,E8,E9,15.539000,337.158000,OK
1,7,adjacent,620,30,32,64,FWD,E4,E5,E9,E10,15.414000,341.827000,OK
1,7,adjacent,620,30,32,65,REV,E5,E4,E9,E10,18.809000,337.797000,OK
1,7,adjacent,620,30,32,66,FWD,E4,E5,E10,E11,-31.762000,342.026000,OK
1,7,adjacent,620,30,32,67,REV,E5,E4,E10,E11,-29.164000,337.677000,OK
1,7,adjacent,620,30,32,68,FWD,E4,E5,E11,E12,-38.633000,341.907000,OK
1,7,adjacent,620,30,32,69,REV,E5,E4,E11,E12,-33.980000,337.278000,OK
1,7,adjacent,620,30,32,70,FWD,E4,E5,E12,E1,41.309000,341.867000,OK
1,7,adjacent,620,30,32,71,REV,E5,E4,E12,E1,51.570000,337.637000,OK
1,7,adjacent,620,30,32,72,FWD,E5,E6,E1,E2,-34.547000,359.942000,OK
1,7,adjacent,620,30,32,73,REV,E6,E5,E1,E2,-26.434000,394.017000,OK
1,7,adjacent,620,30,32,74,FWD,E5,E6,E2,E3,23.094000,368.640000,OK
1,7,adjacent,620,30,32,75,REV,E6,E5,E2,E3,36.246000,391.263000,OK
1,7,adjacent,620,30,32,76,FWD,E5,E6,E3,E4,-32.684000,370.435000,OK
1,7,adjacent,620,30,32,77,REV,E6,E5,E3,E4,4.141000,390.106000,OK
1,7,adjacent,620,30,32,78,FWD,E5,E6,E7,E8,-15.531000,371.034000,OK
1,7,adjacent,620,30,32,79,REV,E6,E5,E7,E8,2.621000,389.787000,OK
1,7,adjacent,620,30,32,80,FWD,E5,E6,E8,E9,9.254000,370.755000,OK
1,7,adjacent,620,30,32,81,REV,E6,E5,E8,E9,17.711000,388.869000,OK
1,7,adjacent,620,30,32,82,FWD,E5,E6,E9,E10,14.395000,371.992000,OK
1,7,adjacent,620,30,32,83,REV,E6,E5,E9,E10,20.047000,389.428000,OK
1,7,adjacent,620,30,32,84,FWD,E5,E6,E10,E11,-32.176000,371.872000,OK
1,7,adjacent,620,30,32,85,REV,E6,E5,E10,E11,-28.727000,388.989000,OK
1,7,adjacent,620,30,32,86,FWD,E5,E6,E11,E12,-38.578000,371.952000,OK
1,7,adjacent,620,30,32,87,REV,E6,E5,E11,E12,-34.070000,389.029000,OK
1,7,adjacent,620,30,32,88,FWD,E5,E6,E12,E1,43.039000,372.071000,OK
1,7,adjacent,620,30,32,89,REV,E6,E5,E12,E1,50.277000,389.348000,OK
1,7,adjacent,620,30,32,90,FWD,E6,E7,E1,E2,-35.105000,388.630000,OK
1,7,adjacent,620,30,32,91,REV,E7,E6,E1,E2,-26.441000,407.782000,OK
1,7,adjacent,620,30,32,92,FWD,E6,E7,E2,E3,23.742000,398.046000,OK
1,7,adjacent,620,30,32,93,REV,E7,E6,E2,E3,34.906000,404.710000,OK
1,7,adjacent,620,30,32,94,FWD,E6,E7,E3,E4,-26.781000,400.042000,OK
1,7,adjacent,620,30,32,95,REV,E7,E6,E3,E4,-4.176000,404.191000,OK
1,7,adjacent,620,30,32,96,FWD,E6,E7,E4,E5,-31.809000,400.600000,OK
1,7,adjacent,620,30,32,97,REV,E7,E6,E4,E5,21.406000,403.633000,OK
1,7,adjacent,620,30,32,98,FWD,E6,E7,E8,E9,-4.570000,400.520000,OK
1,7,adjacent,620,30,32,99,REV,E7,E6,E8,E9,31.348000,402.994000,OK
1,7,adjacent,620,30,32,100,FWD,E6,E7,E9,E10,8.258000,401.398000,OK
1,7,adjacent,620,30,32,101,REV,E7,E6,E9,E10,26.125000,403.154000,OK
1,7,adjacent,620,30,32,102,FWD,E6,E7,E10,E11,-34.816000,401.318000,OK
1,7,adjacent,620,30,32,103,REV,E7,E6,E10,E11,-26.117000,402.715000,OK
1,7,adjacent,620,30,32,104,FWD,E6,E7,E11,E12,-40.891000,401.238000,OK
1,7,adjacent,620,30,32,105,REV,E7,E6,E11,E12,-31.805000,402.116000,OK
1,7,adjacent,620,30,32,106,FWD,E6,E7,E12,E1,40.742000,400.879000,OK
1,7,adjacent,620,30,32,107,REV,E7,E6,E12,E1,52.551000,402.635000,OK
1,7,adjacent,620,30,32,108,FWD,E7,E8,E1,E2,-32.480000,429.488000,OK
1,7,adjacent,620,30,32,109,REV,E8,E7,E1,E2,-29.469000,448.880000,OK
1,7,adjacent,620,30,32,110,FWD,E7,E8,E2,E3,27.676000,442.336000,OK
1,7,adjacent,620,30,32,111,REV,E8,E7,E2,E3,30.816000,445.009000,OK
1,7,adjacent,620,30,32,112,FWD,E7,E8,E3,E4,-18.223000,444.371000,OK
1,7,adjacent,620,30,32,113,REV,E8,E7,E3,E4,-12.902000,443.932000,OK
1,7,adjacent,620,30,32,114,FWD,E7,E8,E4,E5,-11.551000,445.767000,OK
1,7,adjacent,620,30,32,115,REV,E8,E7,E4,E5,-1.602000,444.052000,OK
1,7,adjacent,620,30,32,116,FWD,E7,E8,E5,E6,8.910000,445.648000,OK
1,7,adjacent,620,30,32,117,REV,E8,E7,E5,E6,29.902000,443.294000,OK
1,7,adjacent,620,30,32,118,FWD,E7,E8,E9,E10,3.535000,445.727000,OK
1,7,adjacent,620,30,32,119,REV,E8,E7,E9,E10,30.750000,442.855000,OK
1,7,adjacent,620,30,32,120,FWD,E7,E8,E10,E11,-34.809000,446.166000,OK
1,7,adjacent,620,30,32,121,REV,E8,E7,E10,E11,-26.238000,442.815000,OK
1,7,adjacent,620,30,32,122,FWD,E7,E8,E11,E12,-39.547000,446.166000,OK
1,7,adjacent,620,30,32,123,REV,E8,E7,E11,E12,-33.277000,442.376000,OK
1,7,adjacent,620,30,32,124,FWD,E7,E8,E12,E1,43.703000,445.967000,OK
1,7,adjacent,620,30,32,125,REV,E8,E7,E12,E1,49.668000,442.216000,OK
1,7,adjacent,620,30,32,126,FWD,E8,E9,E1,E2,-32.496000,438.705000,OK
1,7,adjacent,620,30,32,127,REV,E9,E8,E1,E2,-29.578000,474.256000,OK
1,7,adjacent,620,30,32,128,FWD,E8,E9,E2,E3,28.008000,451.673000,OK
1,7,adjacent,620,30,32,129,REV,E9,E8,E2,E3,30.512000,470.865000,OK
1,7,adjacent,620,30,32,130,FWD,E8,E9,E3,E4,-17.363000,453.149000,OK
1,7,adjacent,620,30,32,131,REV,E9,E8,E3,E4,-13.723000,469.428000,OK
1,7,adjacent,620,30,32,132,FWD,E8,E9,E4,E5,-9.637000,454.067000,OK
1,7,adjacent,620,30,32,133,REV,E9,E8,E4,E5,-3.902000,468.630000,OK
1,7,adjacent,620,30,32,134,FWD,E8,E9,E5,E6,14.117000,455.264000,OK
1,7,adjacent,620,30,32,135,REV,E9,E8,E5,E6,24.340000,468.710000,OK
1,7,adjacent,620,30,32,136,FWD,E8,E9,E6,E7,-17.230000,455.144000,OK
1,7,adjacent,620,30,32,137,REV,E9,E8,E6,E7,23.891000,467.633000,OK
1,7,adjacent,620,30,32,138,FWD,E8,E9,E10,E11,-41.723000,454.944000,OK
1,7,adjacent,620,30,32,139,REV,E9,E8,E10,E11,-19.023000,467.673000,OK
1,7,adjacent,620,30,32,140,FWD,E8,E9,E11,E12,-42.152000,455.264000,OK
1,7,adjacent,620,30,32,141,REV,E9,E8,E11,E12,-30.484000,467.633000,OK
1,7,adjacent,620,30,32,142,FWD,E8,E9,E12,E1,42.391000,455.383000,OK
1,7,adjacent,620,30,32,143,REV,E9,E8,E12,E1,51.184000,467.433000,OK
1,7,adjacent,620,30,32,144,FWD,E9,E10,E1,E2,-33.395000,429.009000,OK
1,7,adjacent,620,30,32,145,REV,E10,E9,E1,E2,-28.711000,484.590000,OK
1,7,adjacent,620,30,32,146,FWD,E9,E10,E2,E3,27.746000,447.004000,OK
1,7,adjacent,620,30,32,147,REV,E10,E9,E2,E3,30.816000,478.645000,OK
1,7,adjacent,620,30,32,148,FWD,E9,E10,E3,E4,-17.316000,450.875000,OK
1,7,adjacent,620,30,32,149,REV,E10,E9,E3,E4,-13.758000,477.408000,OK
1,7,adjacent,620,30,32,150,FWD,E9,E10,E4,E5,-9.160000,451.792000,OK
1,7,adjacent,620,30,32,151,REV,E10,E9,E4,E5,-4.578000,475.573000,OK
1,7,adjacent,620,30,32,152,FWD,E9,E10,E5,E6,15.914000,452.311000,OK
1,7,adjacent,620,30,32,153,REV,E10,E9,E5,E6,22.617000,475.733000,OK
1,7,adjacent,620,30,32,154,FWD,E9,E10,E6,E7,-7.480000,453.069000,OK
1,7,adjacent,620,30,32,155,REV,E10,E9,E6,E7,12.676000,474.615000,OK
1,7,adjacent,620,30,32,156,FWD,E9,E10,E7,E8,-19.668000,453.468000,OK
1,7,adjacent,620,30,32,157,REV,E10,E9,E7,E8,8.285000,474.176000,OK
1,7,adjacent,620,30,32,158,FWD,E9,E10,E11,E12,-56.625000,452.590000,OK
1,7,adjacent,620,30,32,159,REV,E10,E9,E11,E12,-15.340000,474.057000,OK
1,7,adjacent,620,30,32,160,FWD,E9,E10,E12,E1,36.141000,453.388000,OK
1,7,adjacent,620,30,32,161,REV,E10,E9,E12,E1,57.852000,474.176000,OK
1,7,adjacent,620,30,32,162,FWD,E10,E11,E1,E2,-34.676000,367.722000,OK
1,7,adjacent,620,30,32,163,REV,E11,E10,E1,E2,-27.820000,373.627000,OK
1,7,adjacent,620,30,32,164,FWD,E10,E11,E2,E3,27.613000,383.203000,OK
1,7,adjacent,620,30,32,165,REV,E11,E10,E2,E3,30.824000,369.478000,OK
1,7,adjacent,620,30,32,166,FWD,E10,E11,E3,E4,-17.043000,385.478000,OK
1,7,adjacent,620,30,32,167,REV,E11,E10,E3,E4,-14.203000,369.438000,OK
1,7,adjacent,620,30,32,168,FWD,E10,E11,E4,E5,-8.438000,386.196000,OK
1,7,adjacent,620,30,32,169,REV,E11,E10,E4,E5,-5.609000,368.640000,OK
1,7,adjacent,620,30,32,170,FWD,E10,E11,E5,E6,17.512000,386.116000,OK
1,7,adjacent,620,30,32,171,REV,E11,E10,E5,E6,20.820000,368.560000,OK
1,7,adjacent,620,30,32,172,FWD,E10,E11,E6,E7,-1.859000,385.717000,OK
1,7,adjacent,620,30,32,173,REV,E11,E10,E6,E7,6.113000,368.161000,OK
1,7,adjacent,620,30,32,174,FWD,E10,E11,E7,E8,-10.094000,386.316000,OK
1,7,adjacent,620,30,32,175,REV,E11,E10,E7,E8,-2.949000,368.241000,OK
1,7,adjacent,620,30,32,176,FWD,E10,E11,E8,E9,4.570000,385.997000,OK
1,7,adjacent,620,30,32,177,REV,E11,E10,E8,E9,22.648000,368.241000,OK
1,7,adjacent,620,30,32,178,FWD,E10,E11,E12,E1,17.480000,386.076000,OK
1,7,adjacent,620,30,32,179,REV,E11,E10,E12,E1,74.633000,367.842000,OK
1,7,adjacent,620,30,32,180,FWD,E11,E12,E1,E2,-43.375000,236.570000,OK
1,7,adjacent,620,30,32,181,REV,E12,E11,E1,E2,-20.234000,224.958000,OK
1,7,adjacent,620,30,32,182,FWD,E11,E12,E2,E3,25.410000,243.193000,OK
1,7,adjacent,620,30,32,183,REV,E12,E11,E2,E3,32.719000,223.283000,OK
1,7,adjacent,620,30,32,184,FWD,E11,E12,E3,E4,-17.945000,243.791000,OK
1,7,adjacent,620,30,32,185,REV,E12,E11,E3,E4,-13.484000,222.844000,OK
1,7,adjacent,620,30,32,186,FWD,E11,E12,E4,E5,-8.723000,243.871000,OK
1,7,adjacent,620,30,32,187,REV,E12,E11,E4,E5,-5.504000,222.724000,OK
1,7,adjacent,620,30,32,188,FWD,E11,E12,E5,E6,17.781000,243.951000,OK
1,7,adjacent,620,30,32,189,REV,E12,E11,E5,E6,20.555000,222.644000,OK
1,7,adjacent,620,30,32,190,FWD,E11,E12,E6,E7,-0.617000,243.273000,OK
1,7,adjacent,620,30,32,191,REV,E12,E11,E6,E7,4.676000,222.365000,OK
1,7,adjacent,620,30,32,192,FWD,E11,E12,E7,E8,-8.246000,243.472000,OK
1,7,adjacent,620,30,32,193,REV,E12,E11,E7,E8,-4.977000,222.564000,OK
1,7,adjacent,620,30,32,194,FWD,E11,E12,E8,E9,10.227000,243.472000,OK
1,7,adjacent,620,30,32,195,REV,E12,E11,E8,E9,16.074000,223.083000,OK
1,7,adjacent,620,30,32,196,FWD,E11,E12,E9,E10,6.898000,243.951000,OK
1,7,adjacent,620,30,32,197,REV,E12,E11,E9,E10,27.949000,222.485000,OK
1,7,adjacent,620,30,32,198,FWD,E12,E1,E2,E3,16.484000,216.340000,OK
1,7,adjacent,620,30,32,199,REV,E1,E12,E2,E3,43.637000,248.500000,OK
1,7,adjacent,620,30,32,200,FWD,E12,E1,E3,E4,-21.629000,221.328000,OK
1,7,adjacent,620,30,32,201,REV,E1,E12,E3,E4,-8.867000,247.821000,OK
1,7,adjacent,620,30,32,202,FWD,E12,E1,E4,E5,-10.426000,222.126000,OK
1,7,adjacent,620,30,32,203,REV,E1,E12,E4,E5,-3.293000,247.263000,OK
1,7,adjacent,620,30,32,204,FWD,E12,E1,E5,E6,17.125000,221.766000,OK
1,7,adjacent,620,30,32,205,REV,E1,E12,E5,E6,21.664000,246.704000,OK
1,7,adjacent,620,30,32,206,FWD,E12,E1,E6,E7,-1.156000,222.165000,OK
1,7,adjacent,620,30,32,207,REV,E1,E12,E6,E7,5.762000,246.864000,OK
1,7,adjacent,620,30,32,208,FWD,E12,E1,E7,E8,-8.129000,222.205000,OK
1,7,adjacent,620,30,32,209,REV,E1,E12,E7,E8,-4.895000,246.864000,OK
1,7,adjacent,620,30,32,210,FWD,E12,E1,E8,E9,11.066000,221.607000,OK
1,7,adjacent,620,30,32,211,REV,E1,E12,E8,E9,15.551000,246.225000,OK
1,7,adjacent,620,30,32,212,FWD,E12,E1,E9,E10,12.223000,221.367000,OK
1,7,adjacent,620,30,32,213,REV,E1,E12,E9,E10,23.648000,246.545000,OK
1,7,adjacent,620,30,32,214,FWD,E12,E1,E10,E11,-47.582000,221.966000,OK
1,7,adjacent,620,30,32,215,REV,E1,E12,E10,E11,-10.211000,246.385000,OK
2,8,adjacent,620,30,32,0,FWD,E1,E2,E3,E4,-35.930000,288.201000,OK
2,8,adjacent,620,30,32,1,REV,E2,E1,E3,E4,3.367000,276.230000,OK
2,8,adjacent,620,30,32,2,FWD,E1,E2,E4,E5,-14.578000,292.869000,OK
2,8,adjacent,620,30,32,3,REV,E2,E1,E4,E5,-0.066000,274.954000,OK
2,8,adjacent,620,30,32,4,FWD,E1,E2,E5,E6,16.148000,293.827000,OK
2,8,adjacent,620,30,32,5,REV,E2,E1,E5,E6,22.172000,274.595000,OK
2,8,adjacent,620,30,32,6,FWD,E1,E2,E6,E7,-1.152000,293.587000,OK
2,8,adjacent,620,30,32,7,REV,E2,E1,E6,E7,5.051000,274.196000,OK
2,8,adjacent,620,30,32,8,FWD,E1,E2,E7,E8,-7.613000,294.026000,OK
2,8,adjacent,620,30,32,9,REV,E2,E1,E7,E8,-5.707000,274.914000,OK
2,8,adjacent,620,30,32,10,FWD,E1,E2,E8,E9,12.172000,293.627000,OK
2,8,adjacent,620,30,32,11,REV,E2,E1,E8,E9,14.016000,274.515000,OK
2,8,adjacent,620,30,32,12,FWD,E1,E2,E9,E10,16.000000,293.707000,OK
2,8,adjacent,620,30,32,13,REV,E2,E1,E9,E10,18.934000,273.637000,OK
2,8,adjacent,620,30,32,14,FWD,E1,E2,E10,E11,-33.082000,293.507000,OK
2,8,adjacent,620,30,32,15,REV,E2,E1,E10,E11,-27.707000,274.236000,OK
2,8,adjacent,620,30,32,16,FWD,E1,E2,E11,E12,-50.723000,293.867000,OK
2,8,adjacent,620,30,32,17,REV,E2,E1,E11,E12,-22.184000,274.275000,OK
2,8,adjacent,620,30,32,18,FWD,E2,E3,E4,E5,-20.910000,260.550000,OK
2,8,adjacent,620,30,32,19,REV,E3,E2,E4,E5,8.043000,292.151000,OK
2,8,adjacent,620,30,32,20,FWD,E2,E3,E5,E6,14.691000,266.934000,OK
2,8,adjacent,620,30,32,21,REV,E3,E2,E5,E6,24.223000,290.236000,OK
2,8,adjacent,620,30,32,22,FWD,E2,E3,E6,E7,-1.672000,268.769000,OK
2,8,adjacent,620,30,32,23,REV,E3,E2,E6,E7,6.078000,289.797000,OK
2,8,adjacent,620,30,32,24,FWD,E2,E3,E7,E8,-7.609000,268.889000,OK
2,8,adjacent,620,30,32,25,REV,E3,E2,E7,E8,-5.625000,289.318000,OK
2,8,adjacent,620,30,32,26,FWD,E2,E3,E8,E9,12.371000,269.168000,OK
2,8,adjacent,620,30,32,27,REV,E3,E2,E8,E9,13.875000,288.919000,OK
2,8,adjacent,620,30,32,28,FWD,E2,E3,E9,E10,16.598000,269.966000,OK
2,8,adjacent,620,30,32,29,REV,E3,E2,E9,E10,18.469000,289.158000,OK
2,8,adjacent,620,30,32,30,FWD,E2,E3,E10,E11,-31.520000,269.607000,OK
2,8,adjacent,620,30,32,31,REV,E3,E2,E10,E11,-29.094000,288.679000,OK
2,8,adjacent,620,30,32,32,FWD,E2,E3,E11,E12,-40.398000,269.527000,OK
2,8,adjacent,620,30,32,33,REV,E3,E2,E11,E12,-31.656000,288.879000,OK
2,8,adjacent,620,30,32,34,FWD,E2,E3,E12,E1,31.406000,270.166000,OK
2,8,adjacent,620,30,32,35,REV,E3,E2,E12,E1,63.543000,288.679000,OK
2,8,adjacent,620,30,32,36,FWD,E3,E4,E1,E2,-46.602000,322.355000,OK
2,8,adjacent,620,30,32,37,REV,E4,E3,E1,E2,-4.078000,325.667000,OK
2,8,adjacent,620,30,32,38,FWD,E3,E4,E5,E6,3.305000,330.415000,OK
2,8,adjacent,620,30,32,39,REV,E4,E3,E5,E6,34.844000,323.473000,OK
2,8,adjacent,620,30,32,40,FWD,E3,E4,E6,E7,-7.395000,332.131000,OK
2,8,adjacent,620,30,32,41,REV,E4,E3,E6,E7,11.180000,322.355000,OK
2,8,adjacent,620,30,32,42,FWD,E3,E4,E7,E8,-8.652000,332.331000,OK
2,8,adjacent,620,30,32,43,REV,E4,E3,E7,E8,-4.734000,321.917000,OK
2,8,adjacent,620,30,32,44,FWD,E3,E4,E8,E9,11.742000,332.769000,OK
2,8,adjacent,620,30,32,45,REV,E4,E3,E8,E9,14.344000,321.438000,OK
2,8,adjacent,620,30,32,46,FWD,E3,E4,E9,E10,16.141000,332.809000,OK
2,8,adjacent,620,30,32,47,REV,E4,E3,E9,E10,18.738000,321.557000,OK
2,8,adjacent,620,30,32,48,FWD,E3,E4,E10,E11,-31.687000,333.168000,OK
2,8,adjacent,620,30,32,49,REV,E4,E3,E10,E11,-29.164000,320.719000,OK
2,8,adjacent,620,30,32,50,FWD,E3,E4,E11,E12,-39.480000,332.610000,OK
2,8,adjacent,620,30,32,51,REV,E4,E3,E11,E12,-33.215000,321.398000,OK
2,8,adjacent,620,30,32,52,FWD,E3,E4,E12,E1,38.031000,333.208000,OK
2,8,adjacent,620,30,32,53,REV,E4,E3,E12,E1,55.609000,321.079000,OK
2,8,adjacent,620,30,32,54,FWD,E4,E5,E1,E2,-39.125000,332.410000,OK
2,8,adjacent,620,30,32,55,REV,E5,E4,E1,E2,-22.191000,340.311000,OK
2,8,adjacent,620,30,32,56,FWD,E4,E5,E2,E3,15.008000,339.592000,OK
2,8,adjacent,620,30,32,57,REV,E5,E4,E2,E3,49.285000,338.635000,OK
2,8,adjacent,620,30,32,58,FWD,E4,E5,E6,E7,-20.641000,341.667000,OK
2,8,adjacent,620,30,32,59,REV,E5,E4,E6,E7,24.430000,338.595000,OK
2,8,adjacent,620,30,32,60,FWD,E4,E5,E7,E8,-10.473000,341.428000,OK
2,8,adjacent,620,30,32,61,REV,E5,E4,E7,E8,-2.883000,337.837000,OK
2,8,adjacent,620,30,32,62,FWD,E4,E5,E8,E9,10.934000,341.787000,OK
2,8,adjacent,620,30,32,63,REV,E5,E4,E8,E9,15.145000,337.557000,OK
2,8,adjacent,620,30,32,64,FWD,E4,E5,E9,E10,15.746000,342.026000,OK
2,8,adjacent,620,30,32,65,REV,E5,E4,E9,E10,19.148000,337.797000,OK
2,8,adjacent,620,30,32,66,FWD,E4,E5,E10,E11,-31.734000,342.186000,OK
2,8,adjacent,620,30,32,67,REV,E5,E4,E10,E11,-29.133000,337.398000,OK
2,8,adjacent,620,30,32,68,FWD,E4,E5,E11,E12,-38.637000,341.907000,OK
2,8,adjacent,620,30,32,69,REV,E5,E4,E11,E12,-33.977000,337.757000,OK
2,8,adjacent,620,30,32,70,FWD,E4,E5,E12,E1,41.855000,342.266000,OK
2,8,adjacent,620,30,32,71,REV,E5,E4,E12,E1,52.086000,337.478000,OK
2,8,adjacent,620,30,32,72,FWD,E5,E6,E1,E2,-35.047000,359.822000,OK
2,8,adjacent,620,30,32,73,REV,E6,E5,E1,E2,-26.977000,394.136000,OK
2,8,adjacent,620,30,32,74,FWD,E5,E6,E2,E3,23.066000,368.760000,OK
2,8,adjacent,620,30,32,75,REV,E6,E5,E2,E3,36.164000,391.263000,OK
2,8,adjacent,620,30,32,76,FWD,E5,E6,E3,E4,-32.727000,370.874000,OK
2,8,adjacent,620,30,32,77,REV,E6,E5,E3,E4,4.109000,390.266000,OK
2,8,adjacent,620,30,32,78,FWD,E5,E6,E7,E8,-15.531000,370.874000,OK
2,8,adjacent,620,30,32,79,REV,E6,E5,E7,E8,2.633000,389.627000,OK
2,8,adjacent,620,30,32,80,FWD,E5,E6,E8,E9,8.875000,371.233000,OK
2,8,adjacent,620,30,32,81,REV,E6,E5,E8,E9,17.367000,389.548000,OK
2,8,adjacent,620,30,32,82,FWD,E5,E6,E9,E10,14.680000,371.832000,OK
2,8,adjacent,620,30,32,83,REV,E6,E5,E9,E10,20.328000,389.428000,OK
2,8,adjacent,620,30,32,84,FWD,E5,E6,E10,E11,-32.129000,371.752000,OK
2,8,adjacent,620,30,32,85,REV,E6,E5,E10,E11,-28.695000,388.630000,OK
2,8,adjacent,620,30,32,86,FWD,E5,E6,E11,E12,-38.547000,371.473000,OK
2,8,adjacent,620,30,32,87,REV,E6,E5,E11,E12,-34.063000,389.029000,OK
2,8,adjacent,620,30,32,88,FWD,E5,E6,E12,E1,43.578000,372.031000,OK
2,8,adjacent,620,30,32,89,REV,E6,E5,E12,E1,50.863000,388.949000,OK
2,8,adjacent,620,30,32,90,FWD,E6,E7,E1,E2,-35.992000,388.311000,OK
2,8,adjacent,620,30,32,91,REV,E7,E6,E1,E2,-27.430000,407.782000,OK
2,8,adjacent,620,30,32,92,FWD,E6,E7,E2,E3,24.180000,397.727000,OK
2,8,adjacent,620,30,32,93,REV,E7,E6,E2,E3,35.348000,404.869000,OK
2,8,adjacent,620,30,32,94,FWD,E6,E7,E3,E4,-26.785000,400.042000,OK
2,8,adjacent,620,30,32,95,REV,E7,E6,E3,E4,-4.105000,404.311000,OK
2,8,adjacent,620,30,32,96,FWD,E6,E7,E4,E5,-31.797000,400.241000,OK
2,8,adjacent,620,30,32,97,REV,E7,E6,E4,E5,21.445000,403.313000,OK
2,8,adjacent,620,30,32,98,FWD,E6,E7,E8,E9,-4.988000,401.278000,OK
2,8,adjacent,620,30,32,99,REV,E7,E6,E8,E9,31.094000,403.353000,OK
2,8,adjacent,620,30,32,100,FWD,E6,E7,E9,E10,8.508000,401.598000,OK
2,8,adjacent,620,30,32,101,REV,E7,E6,E9,E10,26.410000,403.433000,OK
2,8,adjacent,620,30,32,102,FWD,E6,E7,E10,E11,-34.785000,401.438000,OK
2,8,adjacent,620,30,32,103,REV,E7,E6,E10,E11,-26.062000,402.755000,OK
2,8,adjacent,620,30,32,104,FWD,E6,E7,E11,E12,-40.855000,401.318000,OK
2,8,adjacent,620,30,32,105,REV,E7,E6,E11,E12,-31.812000,403.313000,OK
2,8,adjacent,620,30,32,106,FWD,E6,E7,E12,E1,41.270000,401.757000,OK
2,8,adjacent,620,30,32,107,REV,E7,E6,E12,E1,53.059000,402.874000,OK
2,8,adjacent,620,30,32,108,FWD,E7,E8,E1,E2,-33.473000,430.126000,OK
2,8,adjacent,620,30,32,109,REV,E8,E7,E1,E2,-30.496000,448.919000,OK
2,8,adjacent,620,30,32,110,FWD,E7,E8,E2,E3,28.145000,441.937000,OK
2,8,adjacent,620,30,32,111,REV,E8,E7,E2,E3,31.289000,444.530000,OK
2,8,adjacent,620,30,32,112,FWD,E7,E8,E3,E4,-18.187000,444.291000,OK
2,8,adjacent,620,30,32,113,REV,E8,E7,E3,E4,-12.863000,443.932000,OK
2,8,adjacent,620,30,32,114,FWD,E7,E8,E4,E5,-11.539000,445.249000,OK
2,8,adjacent,620,30,32,115,REV,E8,E7,E4,E5,-1.598000,443.493000,OK
2,8,adjacent,620,30,32,116,FWD,E7,E8,E5,E6,8.918000,445.648000,OK
2,8,adjacent,620,30,32,117,REV,E8,E7,E5,E6,29.922000,443.373000,OK
2,8,adjacent,620,30,32,118,FWD,E7,E8,E9,E10,3.707000,445.847000,OK
2,8,adjacent,620,30,32,119,REV,E8,E7,E9,E10,30.973000,443.493000,OK
2,8,adjacent,620,30,32,120,FWD,E7,E8,E10,E11,-34.793000,446.126000,OK
2,8,adjacent,620,30,32,121,REV,E8,E7,E10,E11,-26.141000,442.735000,OK
2,8,adjacent,620,30,32,122,FWD,E7,E8,E11,E12,-39.465000,446.366000,OK
2,8,adjacent,620,30,32,123,REV,E8,E7,E11,E12,-33.254000,442.695000,OK
2,8,adjacent,620,30,32,124,FWD,E7,E8,E12,E1,44.246000,445.408000,OK
2,8,adjacent,620,30,32,125,REV,E8,E7,E12,E1,50.168000,442.017000,OK
2,8,adjacent,620,30,32,126,FWD,E8,E9,E1,E2,-33.418000,438.785000,OK
2,8,adjacent,620,30,32,127,REV,E9,E8,E1,E2,-30.531000,473.937000,OK
2,8,adjacent,620,30,32,128,FWD,E8,E9,E2,E3,28.395000,451.194000,OK
2,8,adjacent,620,30,32,129,REV,E9,E8,E2,E3,30.883000,470.506000,OK
2,8,adjacent,620,30,32,130,FWD,E8,E9,E3,E4,-17.375000,453.508000,OK
2,8,adjacent,620,30,32,131,REV,E9,E8,E3,E4,-13.715000,468.949000,OK
2,8,adjacent,620,30,32,132,FWD,E8,E9,E4,E5,-9.637000,454.306000,OK
2,8,adjacent,620,30,32,133,REV,E9,E8,E4,E5,-3.891000,468.750000,OK
2,8,adjacent,620,30,32,134,FWD,E8,E9,E5,E6,14.129000,455.423000,OK
2,8,adjacent,620,30,32,135,REV,E9,E8,E5,E6,24.363000,467.872000,OK
2,8,adjacent,620,30,32,136,FWD,E8,E9,E6,E7,-17.309000,455.024000,OK
2,8,adjacent,620,30,32,137,REV,E9,E8,E6,E7,24.008000,467.433000,OK
2,8,adjacent,620,30,32,138,FWD,E8,E9,E10,E11,-41.734000,454.466000,OK
2,8,adjacent,620,30,32,139,REV,E9,E8,E10,E11,-18.969000,466.875000,OK
2,8,adjacent,620,30,32,140,FWD,E8,E9,E11,E12,-42.191000,455.264000,OK
2,8,adjacent,620,30,32,141,REV,E9,E8,E11,E12,-30.512000,467.513000,OK
2,8,adjacent,620,30,32,142,FWD,E8,E9,E12,E1,42.895000,455.463000,OK
2,8,adjacent,620,30,32,143,REV,E9,E8,E12,E1,51.699000,467.234000,OK
2,8,adjacent,620,30,32,144,FWD,E9,E10,E1,E2,-34.266000,430.047000,OK
2,8,adjacent,620,30,32,145,REV,E10,E9,E1,E2,-29.566000,485.229000,OK
2,8,adjacent,620,30,32,146,FWD,E9,E10,E2,E3,28.070000,447.084000,OK
2,8,adjacent,620,30,32,147,REV,E10,E9,E2,E3,31.148000,479.523000,OK
2,8,adjacent,620,30,32,148,FWD,E9,E10,E3,E4,-17.309000,450.954000,OK
2,8,adjacent,620,30,32,149,REV,E10,E9,E3,E4,-13.785000,476.969000,OK
2,8,adjacent,620,30,32,150,FWD,E9,E10,E4,E5,-9.148000,451.872000,OK
2,8,adjacent,620,30,32,151,REV,E10,E9,E4,E5,-4.582000,475.733000,OK
2,8,adjacent,620,30,32,152,FWD,E9,E10,E5,E6,15.926000,452.072000,OK
2,8,adjacent,620,30,32,153,REV,E10,E9,E5,E6,22.633000,474.974000,OK
2,8,adjacent,620,30,32,154,FWD,E9,E10,E6,E7,-7.406000,452.910000,OK
2,8,adjacent,620,30,32,155,REV,E10,E9,E6,E7,12.816000,475.094000,OK
2,8,adjacent,620,30,32,156,FWD,E9,E10,E7,E8,-19.715000,453.269000,OK
2,8,adjacent,620,30,32,157,REV,E10,E9,E7,E8,8.254000,474.615000,OK
2,8,adjacent,620,30,32,158,FWD,E9,E10,E11,E12,-56.563000,453.668000,OK
2,8,adjacent,620,30,32,159,REV,E10,E9,E11,E12,-15.313000,474.536000,OK
2,8,adjacent,620,30,32,160,FWD,E9,E10,E12,E1,36.676000,453.907000,OK
2,8,adjacent,620,30,32,161,REV,E10,E9,E12,E1,58.395000,474.974000,OK
2,8,adjacent,620,30,32,162,FWD,E10,E11,E1,E2,-35.480000,368.361000,OK
2,8,adjacent,620,30,32,163,REV,E11,E10,E1,E2,-28.617000,373.707000,OK
2,8,adjacent,620,30,32,164,FWD,E10,E11,E2,E3,27.887000,383.203000,OK
2,8,adjacent,620,30,32,165,REV,E11,E10,E2,E3,31.090000,369.358000,OK
2,8,adjacent,620,30,32,166,FWD,E10,E11,E3,E4,-17.039000,384.440000,OK
2,8,adjacent,620,30,32,167,REV,E11,E10,E3,E4,-14.191000,368.161000,OK
2,8,adjacent,620,30,32,168,FWD,E10,E11,E4,E5,-8.426000,385.478000,OK
2,8,adjacent,620,30,32,169,REV,E11,E10,E4,E5,-5.586000,368.361000,OK
2,8,adjacent,620,30,32,170,FWD,E10,E11,E5,E6,17.531000,385.837000,OK
2,8,adjacent,620,30,32,171,REV,E11,E10,E5,E6,20.840000,368.121000,OK
2,8,adjacent,620,30,32,172,FWD,E10,E11,E6,E7,-1.820000,385.717000,OK
2,8,adjacent,620,30,32,173,REV,E11,E10,E6,E7,6.168000,368.321000,OK
2,8,adjacent,620,30,32,174,FWD,E10,E11,E7,E8,-10.117000,386.116000,OK
2,8,adjacent,620,30,32,175,REV,E11,E10,E7,E8,-2.953000,369.198000,OK
2,8,adjacent,620,30,32,176,FWD,E10,E11,E8,E9,4.402000,386.316000,OK
2,8,adjacent,620,30,32,177,REV,E11,E10,E8,E9,22.457000,368.400000,OK
2,8,adjacent,620,30,32,178,FWD,E10,E11,E12,E1,18.082000,386.236000,OK
2,8,adjacent,620,30,32,179,REV,E11,E10,E12,E1,75.156000,368.520000,OK
2,8,adjacent,620,30,32,180,FWD,E11,E12,E1,E2,-44.137000,237.048000,OK
2,8,adjacent,620,30,32,181,REV,E12,E11,E1,E2,-20.953000,224.480000,OK
2,8,adjacent,620,30,32,182,FWD,E11,E12,E2,E3,25.672000,243.392000,OK
2,8,adjacent,620,30,32,183,REV,E12,E11,E2,E3,32.953000,223.243000,OK
2,8,adjacent,620,30,32,184,FWD,E11,E12,E3,E4,-17.949000,243.472000,OK
2,8,adjacent,620,30,32,185,REV,E12,E11,E3,E4,-13.492000,223.043000,OK
2,8,adjacent,620,30,32,186,FWD,E11,E12,E4,E5,-8.719000,243.991000,OK
2,8,adjacent,620,30,32,187,REV,E12,E11,E4,E5,-5.496000,223.402000,OK
2,8,adjacent,620,30,32,188,FWD,E11,E12,E5,E6,17.801000,243.552000,OK
2,8,adjacent,620,30,32,189,REV,E12,E11,E5,E6,20.559000,222.884000,OK
2,8,adjacent,620,30,32,190,FWD,E11,E12,E6,E7,-0.598000,243.472000,OK
2,8,adjacent,620,30,32,191,REV,E12,E11,E6,E7,4.656000,222.564000,OK
2,8,adjacent,620,30,32,192,FWD,E11,E12,E7,E8,-8.316000,243.672000,OK
2,8,adjacent,620,30,32,193,REV,E12,E11,E7,E8,-5.016000,223.123000,OK
2,8,adjacent,620,30,32,194,FWD,E11,E12,E8,E9,10.074000,243.632000,OK
2,8,adjacent,620,30,32,195,REV,E12,E11,E8,E9,15.918000,222.684000,OK
2,8,adjacent,620,30,32,196,FWD,E11,E12,E9,E10,7.031000,243.193000,OK
2,8,adjacent,620,30,32,197,REV,E12,E11,E9,E10,28.082000,222.844000,OK
2,8,adjacent,620,30,32,198,FWD,E12,E1,E2,E3,16.668000,215.582000,OK
2,8,adjacent,620,30,32,199,REV,E1,E12,E2,E3,43.887000,248.699000,OK
2,8,adjacent,620,30,32,200,FWD,E12,E1,E3,E4,-21.652000,221.128000,OK
2,8,adjacent,620,30,32,201,REV,E1,E12,E3,E4,-8.852000,247.662000,OK
2,8,adjacent,620,30,32,202,FWD,E12,E1,E4,E5,-10.414000,220.889000,OK
2,8,adjacent,620,30,32,203,REV,E1,E12,E4,E5,-3.277000,246.824000,OK
2,8,adjacent,620,30,32,204,FWD,E12,E1,E5,E6,17.102000,221.846000,OK
2,8,adjacent,620,30,32,205,REV,E1,E12,E5,E6,21.648000,247.143000,OK
2,8,adjacent,620,30,32,206,FWD,E12,E1,E6,E7,-1.129000,221.727000,OK
2,8,adjacent,620,30,32,207,REV,E1,E12,E6,E7,5.785000,246.784000,OK
2,8,adjacent,620,30,32,208,FWD,E12,E1,E7,E8,-8.145000,221.846000,OK
2,8,adjacent,620,30,32,209,REV,E1,E12,E7,E8,-4.891000,246.864000,OK
2,8,adjacent,620,30,32,210,FWD,E12,E1,E8,E9,10.902000,221.766000,OK
2,8,adjacent,620,30,32,211,REV,E1,E12,E8,E9,15.395000,247.383000,OK
2,8,adjacent,620,30,32,212,FWD,E12,E1,E9,E10,12.348000,222.644000,OK
2,8,adjacent,620,30,32,213,REV,E1,E12,E9,E10,23.742000,247.223000,OK
2,8,adjacent,620,30,32,214,FWD,E12,E1,E10,E11,-47.559000,222.165000,OK
2,8,adjacent,620,30,32,215,REV,E1,E12,E10,E11,-10.219000,246.944000,OK
3,9,adjacent,620,30,32,0,FWD,E1,E2,E3,E4,-36.016000,288.280000,OK
3,9,adjacent,620,30,32,1,REV,E2,E1,E3,E4,3.387000,275.991000,OK
3,9,adjacent,620,30,32,2,FWD,E1,E2,E4,E5,-14.594000,293.308000,OK
3,9,adjacent,620,30,32,3,REV,E2,E1,E4,E5,-0.113000,274.674000,OK
3,9,adjacent,620,30,32,4,FWD,E1,E2,E5,E6,16.152000,293.388000,OK
3,9,adjacent,620,30,32,5,REV,E2,E1,E5,E6,22.164000,273.996000,OK
3,9,adjacent,620,30,32,6,FWD,E1,E2,E6,E7,-1.078000,294.186000,OK
3,9,adjacent,620,30,32,7,REV,E2,E1,E6,E7,5.105000,274.355000,OK
3,9,adjacent,620,30,32,8,FWD,E1,E2,E7,E8,-7.625000,293.827000,OK
3,9,adjacent,620,30,32,9,REV,E2,E1,E7,E8,-5.734000,273.996000,OK
3,9,adjacent,620,30,32,10,FWD,E1,E2,E8,E9,12.031000,294.106000,OK
3,9,adjacent,620,30,32,11,REV,E2,E1,E8,E9,13.871000,273.876000,OK
3,9,adjacent,620,30,32,12,FWD,E1,E2,E9,E10,16.098000,294.026000,OK
3,9,adjacent,620,30,32,13,REV,E2,E1,E9,E10,19.027000,275.113000,OK
3,9,adjacent,620,30,32,14,FWD,E1,E2,E10,E11,-33.074000,294.465000,OK
3,9,adjacent,620,30,32,15,REV,E2,E1,E10,E11,-27.668000,274.515000,OK
3,9,adjacent,620,30,32,16,FWD,E1,E2,E11,E12,-50.758000,294.465000,OK
3,9,adjacent,620,30,32,17,REV,E2,E1,E11,E12,-22.184000,274.515000,OK
3,9,adjacent,620,30,32,18,FWD,E2,E3,E4,E5,-20.895000,260.669000,OK
3,9,adjacent,620,30,32,19,REV,E3,E2,E4,E5,8.129000,292.749000,OK
3,9,adjacent,620,30,32,20,FWD,E2,E3,E5,E6,14.738000,267.612000,OK
3,9,adjacent,620,30,32,21,REV,E3,E2,E5,E6,24.246000,290.714000,OK
3,9,adjacent,620,30,32,22,FWD,E2,E3,E6,E7,-1.672000,268.091000,OK
3,9,adjacent,620,30,32,23,REV,E3,E2,E6,E7,6.105000,289.637000,OK
3,9,adjacent,620,30,32,24,FWD,E2,E3,E7,E8,-7.617000,268.969000,OK
3,9,adjacent,620,30,32,25,REV,E3,E2,E7,E8,-5.629000,289.358000,OK
3,9,adjacent,620,30,32,26,FWD,E2,E3,E8,E9,12.242000,269.248000,OK
3,9,adjacent,620,30,32,27,REV,E3,E2,E8,E9,13.758000,289.158000,OK
3,9,adjacent,620,30,32,28,FWD,E2,E3,E9,E10,16.672000,269.368000,OK
3,9,adjacent,620,30,32,29,REV,E3,E2,E9,E10,18.547000,288.679000,OK
3,9,adjacent,620,30,32,30,FWD,E2,E3,E10,E11,-31.516000,269.009000,OK
3,9,adjacent,620,30,32,31,REV,E3,E2,E10,E11,-29.094000,288.799000,OK
3,9,adjacent,620,30,32,32,FWD,E2,E3,E11,E12,-40.410000,269.647000,OK
3,9,adjacent,620,30,32,33,REV,E3,E2,E11,E12,-31.633000,289.278000,OK
3,9,adjacent,620,30,32,34,FWD,E2,E3,E12,E1,31.832000,270.126000,OK
3,9,adjacent,620,30,32,35,REV,E3,E2,E12,E1,64.129000,289.039000,OK
3,9,adjacent,620,30,32,36,FWD,E3,E4,E1,E2,-47.305000,322.475000,OK
3,9,adjacent,620,30,32,37,REV,E4,E3,E1,E2,-4.672000,325.787000,OK
3,9,adjacent,620,30,32,38,FWD,E3,E4,E5,E6,3.238000,331.014000,OK
3,9,adjacent,620,30,32,39,REV,E4,E3,E5,E6,34.828000,323.233000,OK
3,9,adjacent,620,30,32,40,FWD,E3,E4,E6,E7,-7.363000,331.931000,OK
3,9,adjacent,620,30,32,41,REV,E4,E3,E6,E7,11.172000,322.475000,OK
3,9,adjacent,620,30,32,42,FWD,E3,E4,E7,E8,-8.668000,332.690000,OK
3,9,adjacent,620,30,32,43,REV,E4,E3,E7,E8,-4.746000,321.478000,OK
3,9,adjacent,620,30,32,44,FWD,E3,E4,E8,E9,11.605000,332.769000,OK
3,9,adjacent,620,30,32,45,REV,E4,E3,E8,E9,14.234000,321.837000,OK
3,9,adjacent,620,30,32,46,FWD,E3,E4,E9,E10,16.223000,333.448000,OK
3,9,adjacent,620,30,32,47,REV,E4,E3,E9,E10,18.816000,322.196000,OK
3,9,adjacent,620,30,32,48,FWD,E3,E4,E10,E11,-31.656000,333.966000,OK
3,9,adjacent,620,30,32,49,REV,E4,E3,E10,E11,-29.156000,321.956000,OK
3,9,adjacent,620,30,32,50,FWD,E3,E4,E11,E12,-39.438000,333.368000,OK
3,9,adjacent,620,30,32,51,REV,E4,E3,E11,E12,-33.152000,321.597000,OK
3,9,adjacent,620,30,32,52,FWD,E3,E4,E12,E1,38.484000,333.607000,OK
3,9,adjacent,620,30,32,53,REV,E4,E3,E12,E1,56.180000,321.358000,OK
3,9,adjacent,620,30,32,54,FWD,E4,E5,E1,E2,-39.754000,332.171000,OK
3,9,adjacent,620,30,32,55,REV,E5,E4,E1,E2,-22.836000,340.470000,OK
3,9,adjacent,620,30,32,56,FWD,E4,E5,E2,E3,15.105000,339.872000,OK
3,9,adjacent,620,30,32,57,REV,E5,E4,E2,E3,49.430000,337.917000,OK
3,9,adjacent,620,30,32,58,FWD,E4,E5,E6,E7,-20.660000,340.829000,OK
3,9,adjacent,620,30,32,59,REV,E5,E4,E6,E7,24.402000,338.316000,OK
3,9,adjacent,620,30,32,60,FWD,E4,E5,E7,E8,-10.504000,341.827000,OK
3,9,adjacent,620,30,32,61,REV,E5,E4,E7,E8,-2.891000,338.076000,OK
3,9,adjacent,620,30,32,62,FWD,E4,E5,E8,E9,10.805000,342.106000,OK
3,9,adjacent,620,30,32,63,REV,E5,E4,E8,E9,15.023000,337.996000,OK
3,9,adjacent,620,30,32,64,FWD,E4,E5,E9,E10,15.813000,341.627000,OK
3,9,adjacent,620,30,32,65,REV,E5,E4,E9,E10,19.207000,337.358000,OK
3,9,adjacent,620,30,32,66,FWD,E4,E5,E10,E11,-31.727000,341.747000,OK
3,9,adjacent,620,30,32,67,REV,E5,E4,E10,E11,-29.152000,337.278000,OK
3,9,adjacent,620,30,32,68,FWD,E4,E5,E11,E12,-38.672000,341.867000,OK
3,9,adjacent,620,30,32,69,REV,E5,E4,E11,E12,-34.004000,337.637000,OK
3,9,adjacent,620,30,32,70,FWD,E4,E5,E12,E1,42.363000,342.146000,OK
3,9,adjacent,620,30,32,71,REV,E5,E4,E12,E1,52.570000,336.999000,OK
3,9,adjacent,620,30,32,72,FWD,E5,E6,E1,E2,-35.680000,359.622000,OK
3,9,adjacent,620,30,32,73,REV,E6,E5,E1,E2,-27.590000,394.336000,OK
3,9,adjacent,620,30,32,74,FWD,E5,E6,E2,E3,23.180000,368.959000,OK
3,9,adjacent,620,30,32,75,REV,E6,E5,E2,E3,36.309000,391.343000,OK
3,9,adjacent,620,30,32,76,FWD,E5,E6,E3,E4,-32.734000,370.834000,OK
3,9,adjacent,620,30,32,77,REV,E6,E5,E3,E4,4.137000,390.465000,OK
3,9,adjacent,620,30,32,78,FWD,E5,E6,E7,E8,-15.523000,370.914000,OK
3,9,adjacent,620,30,32,79,REV,E6,E5,E7,E8,2.633000,389.588000,OK
3,9,adjacent,620,30,32,80,FWD,E5,E6,E8,E9,8.723000,371.194000,OK
3,9,adjacent,620,30,32,81,REV,E6,E5,E8,E9,17.277000,389.029000,OK
3,9,adjacent,620,30,32,82,FWD,E5,E6,E9,E10,14.742000,371.792000,OK
3,9,adjacent,620,30,32,83,REV,E6,E5,E9,E10,20.379000,389.667000,OK
3,9,adjacent,620,30,32,84,FWD,E5,E6,E10,E11,-32.113000,372.311000,OK
3,9,adjacent,620,30,32,85,REV,E6,E5,E10,E11,-28.645000,389.109000,OK
3,9,adjacent,620,30,32,86,FWD,E5,E6,E11,E12,-38.496000,372.191000,OK
3,9,adjacent,620,30,32,87,REV,E6,E5,E11,E12,-33.984000,389.228000,OK
3,9,adjacent,620,30,32,88,FWD,E5,E6,E12,E1,44.027000,372.191000,OK
3,9,adjacent,620,30,32,89,REV,E6,E5,E12,E1,51.297000,389.029000,OK
3,9,adjacent,620,30,32,90,FWD,E6,E7,E1,E2,-36.199000,388.590000,OK
3,9,adjacent,620,30,32,91,REV,E7,E6,E1,E2,-27.578000,408.181000,OK
3,9,adjacent,620,30,32,92,FWD,E6,E7,E2,E3,23.824000,397.847000,OK
3,9,adjacent,620,30,32,93,REV,E7,E6,E2,E3,34.984000,404.470000,OK
3,9,adjacent,620,30,32,94,FWD,E6,E7,E3,E4,-26.801000,399.323000,OK
3,9,adjacent,620,30,32,95,REV,E7,E6,E3,E4,-4.055000,403.832000,OK
3,9,adjacent,620,30,32,96,FWD,E6,E7,E4,E5,-31.777000,400.241000,OK
3,9,adjacent,620,30,32,97,REV,E7,E6,E4,E5,21.480000,403.712000,OK
3,9,adjacent,620,30,32,98,FWD,E6,E7,E8,E9,-5.160000,401.039000,OK
3,9,adjacent,620,30,32,99,REV,E7,E6,E8,E9,31.055000,403.114000,OK
3,9,adjacent,620,30,32,100,FWD,E6,E7,E9,E10,8.570000,401.039000,OK
3,9,adjacent,620,30,32,101,REV,E7,E6,E9,E10,26.449000,403.034000,OK
3,9,adjacent,620,30,32,102,FWD,E6,E7,E10,E11,-34.762000,401.238000,OK
3,9,adjacent,620,30,32,103,REV,E7,E6,E10,E11,-26.051000,403.154000,OK
3,9,adjacent,620,30,32,104,FWD,E6,E7,E11,E12,-40.855000,401.877000,OK
3,9,adjacent,620,30,32,105,REV,E7,E6,E11,E12,-31.750000,403.154000,OK
3,9,adjacent,620,30,32,106,FWD,E6,E7,E12,E1,41.738000,401.318000,OK
3,9,adjacent,620,30,32,107,REV,E7,E6,E12,E1,53.539000,402.515000,OK
3,9,adjacent,620,30,32,108,FWD,E7,E8,E1,E2,-33.543000,429.568000,OK
3,9,adjacent,620,30,32,109,REV,E8,E7,E1,E2,-30.566000,448.880000,OK
3,9,adjacent,620,30,32,110,FWD,E7,E8,E2,E3,27.766000,442.176000,OK
3,9,adjacent,620,30,32,111,REV,E8,E7,E2,E3,30.871000,445.169000,OK
3,9,adjacent,620,30,32,112,FWD,E7,E8,E3,E4,-18.215000,444.650000,OK
3,9,adjacent,620,30,32,113,REV,E8,E7,E3,E4,-12.910000,443.573000,OK
3,9,adjacent,620,30,32,114,FWD,E7,E8,E4,E5,-11.504000,444.451000,OK
3,9,adjacent,620,30,32,115,REV,E8,E7,E4,E5,-1.574000,443.333000,OK
3,9,adjacent,620,30,32,116,FWD,E7,E8,E5,E6,8.961000,445.608000,OK
3,9,adjacent,620,30,32,117,REV,E8,E7,E5,E6,29.910000,443.573000,OK
3,9,adjacent,620,30,32,118,FWD,E7,E8,E9,E10,3.738000,446.246000,OK
3,9,adjacent,620,30,32,119,REV,E8,E7,E9,E10,31.070000,443.373000,OK
3,9,adjacent,620,30,32,120,FWD,E7,E8,E10,E11,-34.750000,445.927000,OK
3,9,adjacent,620,30,32,121,REV,E8,E7,E10,E11,-26.141000,442.695000,OK
3,9,adjacent,620,30,32,122,FWD,E7,E8,E11,E12,-39.516000,446.326000,OK
3,9,adjacent,620,30,32,123,REV,E8,E7,E11,E12,-33.227000,443.413000,OK
3,9,adjacent,620,30,32,124,FWD,E7,E8,E12,E1,44.695000,446.246000,OK
3,9,adjacent,620,30,32,125,REV,E8,E7,E12,E1,50.660000,442.655000,OK
3,9,adjacent,620,30,32,126,FWD,E8,E9,E1,E2,-33.531000,438.745000,OK
3,9,adjacent,620,30,32,127,REV,E9,E8,E1,E2,-30.664000,473.339000,OK
3,9,adjacent,620,30,32,128,FWD,E8,E9,E2,E3,28.059000,450.675000,OK
3,9,adjacent,620,30,32,129,REV,E9,E8,E2,E3,30.590000,469.867000,OK
3,9,adjacent,620,30,32,130,FWD,E8,E9,E3,E4,-17.344000,453.229000,OK
3,9,adjacent,620,30,32,131,REV,E9,E8,E3,E4,-13.723000,468.630000,OK
3,9,adjacent,620,30,32,132,FWD,E8,E9,E4,E5,-9.629000,453.708000,OK
3,9,adjacent,620,30,32,133,REV,E9,E8,E4,E5,-3.875000,467.752000,OK
3,9,adjacent,620,30,32,134,FWD,E8,E9,E5,E6,14.152000,454.625000,OK
3,9,adjacent,620,30,32,135,REV,E9,E8,E5,E6,24.406000,467.872000,OK
3,9,adjacent,620,30,32,136,FWD,E8,E9,E6,E7,-17.281000,455.423000,OK
3,9,adjacent,620,30,32,137,REV,E9,E8,E6,E7,24.039000,467.992000,OK
3,9,adjacent,620,30,32,138,FWD,E8,E9,E10,E11,-41.656000,455.184000,OK
3,9,adjacent,620,30,32,139,REV,E9,E8,E10,E11,-18.875000,467.393000,OK
3,9,adjacent,620,30,32,140,FWD,E8,E9,E11,E12,-42.125000,455.583000,OK
3,9,adjacent,620,30,32,141,REV,E9,E8,E11,E12,-30.484000,467.633000,OK
3,9,adjacent,620,30,32,142,FWD,E8,E9,E12,E1,43.387000,456.022000,OK
3,9,adjacent,620,30,32,143,REV,E9,E8,E12,E1,52.188000,467.593000,OK
3,9,adjacent,620,30,32,144,FWD,E9,E10,E1,E2,-34.438000,430.047000,OK
3,9,adjacent,620,30,32,145,REV,E10,E9,E1,E2,-29.734000,485.229000,OK
3,9,adjacent,620,30,32,146,FWD,E9,E10,E2,E3,27.801000,447.323000,OK
3,9,adjacent,620,30,32,147,REV,E10,E9,E2,E3,30.879000,479.683000,OK
3,9,adjacent,620,30,32,148,FWD,E9,E10,E3,E4,-17.324000,450.835000,OK
3,9,adjacent,620,30,32,149,REV,E10,E9,E3,E4,-13.777000,477.448000,OK
3,9,adjacent,620,30,32,150,FWD,E9,E10,E4,E5,-9.152000,452.032000,OK
3,9,adjacent,620,30,32,151,REV,E10,E9,E4,E5,-4.590000,476.211000,OK
3,9,adjacent,620,30,32,152,FWD,E9,E10,E5,E6,15.938000,452.431000,OK
3,9,adjacent,620,30,32,153,REV,E10,E9,E5,E6,22.625000,475.772000,OK
3,9,adjacent,620,30,32,154,FWD,E9,E10,E6,E7,-7.488000,453.388000,OK
3,9,adjacent,620,30,32,155,REV,E10,E9,E6,E7,12.750000,475.573000,OK
3,9,adjacent,620,30,32,156,FWD,E9,E10,E7,E8,-19.734000,453.428000,OK
3,9,adjacent,620,30,32,157,REV,E10,E9,E7,E8,8.309000,474.775000,OK
3,9,adjacent,620,30,32,158,FWD,E9,E10,E11,E12,-56.621000,453.747000,OK
3,9,adjacent,620,30,32,159,REV,E10,E9,E11,E12,-15.324000,474.655000,OK
3,9,adjacent,620,30,32,160,FWD,E9,E10,E12,E1,37.148000,453.907000,OK
3,9,adjacent,620,30,32,161,REV,E10,E9,E12,E1,58.848000,474.935000,OK
3,9,adjacent,620,30,32,162,FWD,E10,E11,E1,E2,-35.711000,368.041000,OK
3,9,adjacent,620,30,32,163,REV,E11,E10,E1,E2,-28.867000,373.348000,OK
3,9,adjacent,620,30,32,164,FWD,E10,E11,E2,E3,27.641000,383.523000,OK
3,9,adjacent,620,30,32,165,REV,E11,E10,E2,E3,30.855000,369.797000,OK
3,9,adjacent,620,30,32,166,FWD,E10,E11,E3,E4,-17.055000,385.398000,OK
3,9,adjacent,620,30,32,167,REV,E11,E10,E3,E4,-14.227000,368.560000,OK
3,9,adjacent,620,30,32,168,FWD,E10,E11,E4,E5,-8.434000,385.518000,OK
3,9,adjacent,620,30,32,169,REV,E11,E10,E4,E5,-5.570000,368.520000,OK
3,9,adjacent,620,30,32,170,FWD,E10,E11,E5,E6,17.535000,386.316000,OK
3,9,adjacent,620,30,32,171,REV,E11,E10,E5,E6,20.840000,368.680000,OK
3,9,adjacent,620,30,32,172,FWD,E10,E11,E6,E7,-1.852000,386.236000,OK
3,9,adjacent,620,30,32,173,REV,E11,E10,E6,E7,6.148000,368.440000,OK
3,9,adjacent,620,30,32,174,FWD,E10,E11,E7,E8,-10.102000,386.036000,OK
3,9,adjacent,620,30,32,175,REV,E11,E10,E7,E8,-2.938000,368.321000,OK
3,9,adjacent,620,30,32,176,FWD,E10,E11,E8,E9,4.254000,386.236000,OK
3,9,adjacent,620,30,32,177,REV,E11,E10,E8,E9,22.371000,368.400000,OK
3,9,adjacent,620,30,32,178,FWD,E10,E11,E12,E1,18.488000,385.997000,OK
3,9,adjacent,620,30,32,179,REV,E11,E10,E12,E1,75.617000,368.081000,OK
3,9,adjacent,620,30,32,180,FWD,E11,E12,E1,E2,-44.398000,236.689000,OK
3,9,adjacent,620,30,32,181,REV,E12,E11,E1,E2,-21.270000,224.520000,OK
3,9,adjacent,620,30,32,182,FWD,E11,E12,E2,E3,25.465000,242.874000,OK
3,9,adjacent,620,30,32,183,REV,E12,E11,E2,E3,32.730000,223.283000,OK
3,9,adjacent,620,30,32,184,FWD,E11,E12,E3,E4,-17.937000,243.512000,OK
3,9,adjacent,620,30,32,185,REV,E12,E11,E3,E4,-13.473000,222.285000,OK
3,9,adjacent,620,30,32,186,FWD,E11,E12,E4,E5,-8.719000,243.472000,OK
3,9,adjacent,620,30,32,187,REV,E12,E11,E4,E5,-5.484000,222.924000,OK
3,9,adjacent,620,30,32,188,FWD,E11,E12,E5,E6,17.809000,243.752000,OK
3,9,adjacent,620,30,32,189,REV,E12,E11,E5,E6,20.574000,222.844000,OK
3,9,adjacent,620,30,32,190,FWD,E11,E12,E6,E7,-0.547000,243.273000,OK
3,9,adjacent,620,30,32,191,REV,E12,E11,E6,E7,4.727000,222.564000,OK
3,9,adjacent,620,30,32,192,FWD,E11,E12,E7,E8,-8.250000,243.512000,OK
3,9,adjacent,620,30,32,193,REV,E12,E11,E7,E8,-5.000000,223.163000,OK
3,9,adjacent,620,30,32,194,FWD,E11,E12,E8,E9,9.930000,243.871000,OK
3,9,adjacent,620,30,32,195,REV,E12,E11,E8,E9,15.816000,222.884000,OK
3,9,adjacent,620,30,32,196,FWD,E11,E12,E9,E10,7.070000,243.193000,OK
3,9,adjacent,620,30,32,197,REV,E12,E11,E9,E10,28.125000,222.485000,OK
3,9,adjacent,620,30,32,198,FWD,E12,E1,E2,E3,16.500000,215.861000,OK
3,9,adjacent,620,30,32,199,REV,E1,E12,E2,E3,43.668000,248.939000,OK
3,9,adjacent,620,30,32,200,FWD,E12,E1,E3,E4,-21.641000,220.849000,OK
3,9,adjacent,620,30,32,201,REV,E1,E12,E3,E4,-8.863000,247.462000,OK
3,9,adjacent,620,30,32,202,FWD,E12,E1,E4,E5,-10.398000,221.208000,OK
3,9,adjacent,620,30,32,203,REV,E1,E12,E4,E5,-3.273000,247.183000,OK
3,9,adjacent,620,30,32,204,FWD,E12,E1,E5,E6,17.117000,221.567000,OK
3,9,adjacent,620,30,32,205,REV,E1,E12,E5,E6,21.664000,247.462000,OK
3,9,adjacent,620,30,32,206,FWD,E12,E1,E6,E7,-1.094000,221.567000,OK
3,9,adjacent,620,30,32,207,REV,E1,E12,E6,E7,5.793000,246.784000,OK
3,9,adjacent,620,30,32,208,FWD,E12,E1,E7,E8,-8.109000,221.407000,OK
3,9,adjacent,620,30,32,209,REV,E1,E12,E7,E8,-4.875000,247.103000,OK
3,9,adjacent,620,30,32,210,FWD,E12,E1,E8,E9,10.801000,221.966000,OK
3,9,adjacent,620,30,32,211,REV,E1,E12,E8,E9,15.301000,246.904000,OK
3,9,adjacent,620,30,32,212,FWD,E12,E1,E9,E10,12.359000,222.245000,OK
3,9,adjacent,620,30,32,213,REV,E1,E12,E9,E10,23.773000,247.303000,OK
3,9,adjacent,620,30,32,214,FWD,E12,E1,E10,E11,-47.500000,221.806000,OK
3,9,adjacent,620,30,32,215,REV,E1,E12,E10,E11,-10.141000,247.103000,OK
4,10,adjacent,620,30,32,0,FWD,E1,E2,E3,E4,-36.012000,288.759000,OK
4,10,adjacent,620,30,32,1,REV,E2,E1,E3,E4,3.355000,276.230000,OK
4,10,adjacent,620,30,32,2,FWD,E1,E2,E4,E5,-14.590000,293.148000,OK
4,10,adjacent,620,30,32,3,REV,E2,E1,E4,E5,-0.098000,274.315000,OK
4,10,adjacent,620,30,32,4,FWD,E1,E2,E5,E6,16.156000,293.867000,OK
4,10,adjacent,620,30,32,5,REV,E2,E1,E5,E6,22.168000,274.156000,OK
4,10,adjacent,620,30,32,6,FWD,E1,E2,E6,E7,-1.086000,293.946000,OK
4,10,adjacent,620,30,32,7,REV,E2,E1,E6,E7,5.117000,274.395000,OK
4,10,adjacent,620,30,32,8,FWD,E1,E2,E7,E8,-7.605000,294.186000,OK
4,10,adjacent,620,30,32,9,REV,E2,E1,E7,E8,-5.707000,273.477000,OK
4,10,adjacent,620,30,32,10,FWD,E1,E2,E8,E9,11.934000,293.906000,OK
4,10,adjacent,620,30,32,11,REV,E2,E1,E8,E9,13.777000,274.236000,OK
4,10,adjacent,620,30,32,12,FWD,E1,E2,E9,E10,16.113000,294.345000,OK
4,10,adjacent,620,30,32,13,REV,E2,E1,E9,E10,19.047000,274.076000,OK
4,10,adjacent,620,30,32,14,FWD,E1,E2,E10,E11,-33.027000,294.266000,OK
4,10,adjacent,620,30,32,15,REV,E2,E1,E10,E11,-27.656000,274.076000,OK
4,10,adjacent,620,30,32,16,FWD,E1,E2,E11,E12,-50.750000,294.266000,OK
4,10,adjacent,620,30,32,17,REV,E2,E1,E11,E12,-22.176000,274.236000,OK
4,10,adjacent,620,30,32,18,FWD,E2,E3,E4,E5,-20.914000,261.348000,OK
4,10,adjacent,620,30,32,19,REV,E3,E2,E4,E5,8.117000,292.909000,OK
4,10,adjacent,620,30,32,20,FWD,E2,E3,E5,E6,14.789000,267.532000,OK
4,10,adjacent,620,30,32,21,REV,E3,E2,E5,E6,24.266000,290.515000,OK
4,10,adjacent,620,30,32,22,FWD,E2,E3,E6,E7,-1.637000,268.091000,OK
4,10,adjacent,620,30,32,23,REV,E3,E2,E6,E7,6.129000,289.637000,OK
4,10,adjacent,620,30,32,24,FWD,E2,E3,E7,E8,-7.582000,269.288000,OK
4,10,adjacent,620,30,32,25,REV,E3,E2,E7,E8,-5.609000,289.477000,OK
4,10,adjacent,620,30,32,26,FWD,E2,E3,E8,E9,12.125000,269.328000,OK
4,10,adjacent,620,30,32,27,REV,E3,E2,E8,E9,13.637000,288.759000,OK
4,10,adjacent,620,30,32,28,FWD,E2,E3,E9,E10,16.695000,269.009000,OK
4,10,adjacent,620,30,32,29,REV,E3,E2,E9,E10,18.566000,289.039000,OK
4,10,adjacent,620,30,32,30,FWD,E2,E3,E10,E11,-31.477000,269.328000,OK
4,10,adjacent,620,30,32,31,REV,E3,E2,E10,E11,-29.020000,288.679000,OK
4,10,adjacent,620,30,32,32,FWD,E2,E3,E11,E12,-40.387000,269.727000,OK
4,10,adjacent,620,30,32,33,REV,E3,E2,E11,E12,-31.660000,288.400000,OK
4,10,adjacent,620,30,32,34,FWD,E2,E3,E12,E1,32.355000,268.729000,OK
4,10,adjacent,620,30,32,35,REV,E3,E2,E12,E1,64.648000,288.201000,OK
4,10,adjacent,620,30,32,36,FWD,E3,E4,E1,E2,-47.523000,322.315000,OK
4,10,adjacent,620,30,32,37,REV,E4,E3,E1,E2,-4.914000,325.747000,OK
4,10,adjacent,620,30,32,38,FWD,E3,E4,E5,E6,3.277000,330.495000,OK
4,10,adjacent,620,30,32,39,REV,E4,E3,E5,E6,34.891000,323.113000,OK
4,10,adjacent,620,30,32,40,FWD,E3,E4,E6,E7,-7.340000,331.772000,OK
4,10,adjacent,620,30,32,41,REV,E4,E3,E6,E7,11.199000,322.036000,OK
4,10,adjacent,620,30,32,42,FWD,E3,E4,E7,E8,-8.641000,332.650000,OK
4,10,adjacent,620,30,32,43,REV,E4,E3,E7,E8,-4.711000,322.555000,OK
4,10,adjacent,620,30,32,44,FWD,E3,E4,E8,E9,11.504000,333.168000,OK
4,10,adjacent,620,30,32,45,REV,E4,E3,E8,E9,14.129000,321.438000,OK
4,10,adjacent,620,30,32,46,FWD,E3,E4,E9,E10,16.246000,333.328000,OK
4,10,adjacent,620,30,32,47,REV,E4,E3,E9,E10,18.820000,321.677000,OK
4,10,adjacent,620,30,32,48,FWD,E3,E4,E10,E11,-31.621000,333.009000,OK
4,10,adjacent,620,30,32,49,REV,E4,E3,E10,E11,-29.086000,321.917000,OK
4,10,adjacent,620,30,32,50,FWD,E3,E4,E11,E12,-39.438000,334.046000,OK
4,10,adjacent,620,30,32,51,REV,E4,E3,E11,E12,-33.164000,321.917000,OK
4,10,adjacent,620,30,32,52,FWD,E3,E4,E12,E1,38.859000,333.208000,OK
4,10,adjacent,620,30,32,53,REV,E4,E3,E12,E1,56.492000,321.158000,OK
4,10,adjacent,620,30,32,54,FWD,E4,E5,E1,E2,-40.074000,333.129000,OK
4,10,adjacent,620,30,32,55,REV,E5,E4,E1,E2,-23.121000,340.909000,OK
4,10,adjacent,620,30,32,56,FWD,E4,E5,E2,E3,14.898000,339.951000,OK
4,10,adjacent,620,30,32,57,REV,E5,E4,E2,E3,49.227000,338.754000,OK
4,10,adjacent,620,30,32,58,FWD,E4,E5,E6,E7,-20.559000,340.949000,OK
4,10,adjacent,620,30,32,59,REV,E5,E4,E6,E7,24.473000,337.478000,OK
4,10,adjacent,620,30,32,60,FWD,E4,E5,E7,E8,-10.465000,341.388000,OK
4,10,adjacent,620,30,32,61,REV,E5,E4,E7,E8,-2.910000,337.877000,OK
4,10,adjacent,620,30,32,62,FWD,E4,E5,E8,E9,10.734000,341.787000,OK
4,10,adjacent,620,30,32,63,REV,E5,E4,E8,E9,14.953000,337.158000,OK
4,10,adjacent,620,30,32,64,FWD,E4,E5,E9,E10,15.813000,341.428000,OK
4,10,adjacent,620,30,32,65,REV,E5,E4,E9,E10,19.199000,337.198000,OK
4,10,adjacent,620,30,32,66,FWD,E4,E5,E10,E11,-31.703000,341.348000,OK
4,10,adjacent,620,30,32,67,REV,E5,E4,E10,E11,-29.086000,337.039000,OK
4,10,adjacent,620,30,32,68,FWD,E4,E5,E11,E12,-38.652000,341.827000,OK
4,10,adjacent,620,30,32,69,REV,E5,E4,E11,E12,-33.977000,337.518000,OK
4,10,adjacent,620,30,32,70,FWD,E4,E5,E12,E1,42.617000,341.069000,OK
4,10,adjacent,620,30,32,71,REV,E5,E4,E12,E1,52.887000,337.318000,OK
4,10,adjacent,620,30,32,72,FWD,E5,E6,E1,E2,-35.848000,359.662000,OK
4,10,adjacent,620,30,32,73,REV,E6,E5,E1,E2,-27.754000,394.136000,OK
4,10,adjacent,620,30,32,74,FWD,E5,E6,E2,E3,23.102000,369.039000,OK
4,10,adjacent,620,30,32,75,REV,E6,E5,E2,E3,36.203000,390.864000,OK
4,10,adjacent,620,30,32,76,FWD,E5,E6,E3,E4,-32.645000,370.236000,OK
4,10,adjacent,620,30,32,77,REV,E6,E5,E3,E4,4.184000,389.907000,OK
4,10,adjacent,620,30,32,78,FWD,E5,E6,E7,E8,-15.508000,370.874000,OK
4,10,adjacent,620,30,32,79,REV,E6,E5,E7,E8,2.605000,390.306000,OK
4,10,adjacent,620,30,32,80,FWD,E5,E6,E8,E9,8.656000,371.672000,OK
4,10,adjacent,620,30,32,81,REV,E6,E5,E8,E9,17.223000,389.228000,OK
4,10,adjacent,620,30,32,82,FWD,E5,E6,E9,E10,14.750000,371.952000,OK
4,10,adjacent,620,30,32,83,REV,E6,E5,E9,E10,20.379000,389.149000,OK
4,10,adjacent,620,30,32,84,FWD,E5,E6,E10,E11,-32.078000,371.912000,OK
4,10,adjacent,620,30,32,85,REV,E6,E5,E10,E11,-28.637000,389.667000,OK
4,10,adjacent,620,30,32,86,FWD,E5,E6,E11,E12,-38.480000,372.590000,OK
4,10,adjacent,620,30,32,87,REV,E6,E5,E11,E12,-34.004000,389.468000,OK
4,10,adjacent,620,30,32,88,FWD,E5,E6,E12,E1,44.230000,371.872000,OK
4,10,adjacent,620,30,32,89,REV,E6,E5,E12,E1,51.523000,388.710000,OK
4,10,adjacent,620,30,32,90,FWD,E6,E7,E1,E2,-36.348000,388.790000,OK
4,10,adjacent,620,30,32,91,REV,E7,E6,E1,E2,-27.727000,408.341000,OK
4,10,adjacent,620,30,32,92,FWD,E6,E7,E2,E3,23.723000,398.366000,OK
4,10,adjacent,620,30,32,93,REV,E7,E6,E2,E3,34.859000,404.989000,OK
4,10,adjacent,620,30,32,94,FWD,E6,E7,E3,E4,-26.844000,399.802000,OK
4,10,adjacent,620,30,32,95,REV,E7,E6,E3,E4,-4.109000,403.473000,OK
4,10,adjacent,620,30,32,96,FWD,E6,E7,E4,E5,-31.734000,399.962000,OK
4,10,adjacent,620,30,32,97,REV,E7,E6,E4,E5,21.484000,403.433000,OK
4,10,adjacent,620,30,32,98,FWD,E6,E7,E8,E9,-5.293000,400.600000,OK
4,10,adjacent,620,30,32,99,REV,E7,E6,E8,E9,30.988000,402.954000,OK
4,10,adjacent,620,30,32,100,FWD,E6,E7,E9,E10,8.551000,400.800000,OK
4,10,adjacent,620,30,32,101,REV,E7,E6,E9,E10,26.422000,402.715000,OK
4,10,adjacent,620,30,32,102,FWD,E6,E7,E10,E11,-34.766000,400.879000,OK
4,10,adjacent,620,30,32,103,REV,E7,E6,E10,E11,-26.027000,402.475000,OK
4,10,adjacent,620,30,32,104,FWD,E6,E7,E11,E12,-40.891000,401.757000,OK
4,10,adjacent,620,30,32,105,REV,E7,E6,E11,E12,-31.773000,403.074000,OK
4,10,adjacent,620,30,32,106,FWD,E6,E7,E12,E1,41.887000,401.159000,OK
4,10,adjacent,620,30,32,107,REV,E7,E6,E12,E1,53.719000,402.595000,OK
4,10,adjacent,620,30,32,108,FWD,E7,E8,E1,E2,-33.637000,429.767000,OK
4,10,adjacent,620,30,32,109,REV,E8,E7,E1,E2,-30.664000,449.199000,OK
4,10,adjacent,620,30,32,110,FWD,E7,E8,E2,E3,27.660000,442.615000,OK
4,10,adjacent,620,30,32,111,REV,E8,E7,E2,E3,30.789000,445.328000,OK
4,10,adjacent,620,30,32,112,FWD,E7,E8,E3,E4,-18.219000,444.730000,OK
4,10,adjacent,620,30,32,113,REV,E8,E7,E3,E4,-12.938000,443.653000,OK
4,10,adjacent,620,30,32,114,FWD,E7,E8,E4,E5,-11.516000,444.530000,OK
4,10,adjacent,620,30,32,115,REV,E8,E7,E4,E5,-1.570000,443.533000,OK
4,10,adjacent,620,30,32,116,FWD,E7,E8,E5,E6,8.988000,445.688000,OK
4,10,adjacent,620,30,32,117,REV,E8,E7,E5,E6,29.883000,443.094000,OK
4,10,adjacent,620,30,32,118,FWD,E7,E8,E9,E10,3.715000,445.688000,OK
4,10,adjacent,620,30,32,119,REV,E8,E7,E9,E10,31.055000,442.735000,OK
4,10,adjacent,620,30,32,120,FWD,E7,E8,E10,E11,-34.742000,445.169000,OK
4,10,adjacent,620,30,32,121,REV,E8,E7,E10,E11,-26.121000,442.176000,OK
4,10,adjacent,620,30,32,122,FWD,E7,E8,E11,E12,-39.555000,445.927000,OK
4,10,adjacent,620,30,32,123,REV,E8,E7,E11,E12,-33.270000,442.057000,OK
4,10,adjacent,620,30,32,124,FWD,E7,E8,E12,E1,44.844000,445.448000,OK
4,10,adjacent,620,30,32,125,REV,E8,E7,E12,E1,50.797000,442.336000,OK
4,10,adjacent,620,30,32,126,FWD,E8,E9,E1,E2,-33.656000,437.947000,OK
4,10,adjacent,620,30,32,127,REV,E9,E8,E1,E2,-30.773000,473.378000,OK
4,10,adjacent,620,30,32,128,FWD,E8,E9,E2,E3,27.988000,450.795000,OK
4,10,adjacent,620,30,32,129,REV,E9,E8,E2,E3,30.527000,470.266000,OK
4,10,adjacent,620,30,32,130,FWD,E8,E9,E3,E4,-17.371000,453.628000,OK
4,10,adjacent,620,30,32,131,REV,E9,E8,E3,E4,-13.707000,468.551000,OK
4,10,adjacent,620,30,32,132,FWD,E8,E9,E4,E5,-9.637000,453.987000,OK
4,10,adjacent,620,30,32,133,REV,E9,E8,E4,E5,-3.875000,467.952000,OK
4,10,adjacent,620,30,32,134,FWD,E8,E9,E5,E6,14.121000,454.665000,OK
4,10,adjacent,620,30,32,135,REV,E9,E8,E5,E6,24.437000,467.912000,OK
4,10,adjacent,620,30,32,136,FWD,E8,E9,E6,E7,-17.359000,455.144000,OK
4,10,adjacent,620,30,32,137,REV,E9,E8,E6,E7,24.062000,467.553000,OK
4,10,adjacent,620,30,32,138,FWD,E8,E9,E10,E11,-41.641000,454.506000,OK
4,10,adjacent,620,30,32,139,REV,E9,E8,E10,E11,-18.848000,466.675000,OK
4,10,adjacent,620,30,32,140,FWD,E8,E9,E11,E12,-42.164000,455.104000,OK
4,10,adjacent,620,30,32,141,REV,E9,E8,E11,E12,-30.492000,466.715000,OK
4,10,adjacent,620,30,32,142,FWD,E8,E9,E12,E1,43.520000,454.865000,OK
4,10,adjacent,620,30,32,143,REV,E9,E8,E12,E1,52.344000,466.875000,OK
4,10,adjacent,620,30,32,144,FWD,E9,E10,E1,E2,-34.543000,429.368000,OK
4,10,adjacent,620,30,32,145,REV,E10,E9,E1,E2,-29.848000,484.431000,OK
4,10,adjacent,620,30,32,146,FWD,E9,E10,E2,E3,27.723000,446.565000,OK
4,10,adjacent,620,30,32,147,REV,E10,E9,E2,E3,30.820000,479.084000,OK
4,10,adjacent,620,30,32,148,FWD,E9,E10,E3,E4,-17.305000,450.396000,OK
4,10,adjacent,620,30,32,149,REV,E10,E9,E3,E4,-13.766000,477.089000,OK
4,10,adjacent,620,30,32,150,FWD,E9,E10,E4,E5,-9.148000,452.311000,OK
4,10,adjacent,620,30,32,151,REV,E10,E9,E4,E5,-4.555000,476.132000,OK
4,10,adjacent,620,30,32,152,FWD,E9,E10,E5,E6,15.961000,452.910000,OK
4,10,adjacent,620,30,32,153,REV,E10,E9,E5,E6,22.641000,475.613000,OK
4,10,adjacent,620,30,32,154,FWD,E9,E10,E6,E7,-7.441000,453.628000,OK
4,10,adjacent,620,30,32,155,REV,E10,E9,E6,E7,12.809000,475.733000,OK
4,10,adjacent,620,30,32,156,FWD,E9,E10,E7,E8,-19.824000,453.628000,OK
4,10,adjacent,620,30,32,157,REV,E10,E9,E7,E8,8.230000,475.254000,OK
4,10,adjacent,620,30,32,158,FWD,E9,E10,E11,E12,-56.500000,453.668000,OK
4,10,adjacent,620,30,32,159,REV,E10,E9,E11,E12,-15.266000,474.575000,OK
4,10,adjacent,620,30,32,160,FWD,E9,E10,E12,E1,37.293000,453.947000,OK
4,10,adjacent,620,30,32,161,REV,E10,E9,E12,E1,58.922000,474.775000,OK
4,10,adjacent,620,30,32,162,FWD,E10,E11,E1,E2,-35.750000,367.762000,OK
4,10,adjacent,620,30,32,163,REV,E11,E10,E1,E2,-28.926000,373.189000,OK
4,10,adjacent,620,30,32,164,FWD,E10,E11,E2,E3,27.602000,382.884000,OK
4,10,adjacent,620,30,32,165,REV,E11,E10,E2,E3,30.797000,369.597000,OK
4,10,adjacent,620,30,32,166,FWD,E10,E11,E3,E4,-17.035000,385.318000,OK
4,10,adjacent,620,30,32,167,REV,E11,E10,E3,E4,-14.234000,368.799000,OK
4,10,adjacent,620,30,32,168,FWD,E10,E11,E4,E5,-8.414000,385.677000,OK
4,10,adjacent,620,30,32,169,REV,E11,E10,E4,E5,-5.594000,368.241000,OK
4,10,adjacent,620,30,32,170,FWD,E10,E11,E5,E6,17.570000,385.398000,OK
4,10,adjacent,620,30,32,171,REV,E11,E10,E5,E6,20.855000,367.602000,OK
4,10,adjacent,620,30,32,172,FWD,E10,E11,E6,E7,-1.770000,385.837000,OK
4,10,adjacent,620,30,32,173,REV,E11,E10,E6,E7,6.187000,368.241000,OK
4,10,adjacent,620,30,32,174,FWD,E10,E11,E7,E8,-10.188000,386.156000,OK
4,10,adjacent,620,30,32,175,REV,E11,E10,E7,E8,-3.012000,368.560000,OK
4,10,adjacent,620,30,32,176,FWD,E10,E11,E8,E9,4.297000,386.236000,OK
4,10,adjacent,620,30,32,177,REV,E11,E10,E8,E9,22.445000,368.201000,OK
4,10,adjacent,620,30,32,178,FWD,E10,E11,E12,E1,18.598000,386.116000,OK
4,10,adjacent,620,30,32,179,REV,E11,E10,E12,E1,75.742000,369.079000,OK
4,10,adjacent,620,30,32,180,FWD,E11,E12,E1,E2,-44.375000,236.929000,OK
4,10,adjacent,620,30,32,181,REV,E12,E11,E1,E2,-21.187000,224.919000,OK
4,10,adjacent,620,30,32,182,FWD,E11,E12,E2,E3,25.379000,243.392000,OK
4,10,adjacent,620,30,32,183,REV,E12,E11,E2,E3,32.641000,223.043000,OK
4,10,adjacent,620,30,32,184,FWD,E11,E12,E3,E4,-17.930000,243.712000,OK
4,10,adjacent,620,30,32,185,REV,E12,E11,E3,E4,-13.496000,223.043000,OK
4,10,adjacent,620,30,32,186,FWD,E11,E12,E4,E5,-8.707000,243.911000,OK
4,10,adjacent,620,30,32,187,REV,E12,E11,E4,E5,-5.477000,222.764000,OK
4,10,adjacent,620,30,32,188,FWD,E11,E12,E5,E6,17.832000,243.552000,OK
4,10,adjacent,620,30,32,189,REV,E12,E11,E5,E6,20.582000,222.724000,OK
4,10,adjacent,620,30,32,190,FWD,E11,E12,E6,E7,-0.527000,243.432000,OK
4,10,adjacent,620,30,32,191,REV,E12,E11,E6,E7,4.734000,222.525000,OK
4,10,adjacent,620,30,32,192,FWD,E11,E12,E7,E8,-8.289000,243.512000,OK
4,10,adjacent,620,30,32,193,REV,E12,E11,E7,E8,-4.992000,223.043000,OK
4,10,adjacent,620,30,32,194,FWD,E11,E12,E8,E9,9.906000,243.552000,OK
4,10,adjacent,620,30,32,195,REV,E12,E11,E8,E9,15.781000,222.086000,OK
4,10,adjacent,620,30,32,196,FWD,E11,E12,E9,E10,7.023000,243.233000,OK
4,10,adjacent,620,30,32,197,REV,E12,E11,E9,E10,28.113000,222.884000,OK
4,10,adjacent,620,30,32,198,FWD,E12,E1,E2,E3,16.414000,215.941000,OK
4,10,adjacent,620,30,32,199,REV,E1,E12,E2,E3,43.629000,248.979000,OK
4,10,adjacent,620,30,32,200,FWD,E12,E1,E3,E4,-21.660000,220.929000,OK
4,10,adjacent,620,30,32,201,REV,E1,E12,E3,E4,-8.875000,247.742000,OK
4,10,adjacent,620,30,32,202,FWD,E12,E1,E4,E5,-10.395000,221.088000,OK
4,10,adjacent,620,30,32,203,REV,E1,E12,E4,E5,-3.266000,247.502000,OK
4,10,adjacent,620,30,32,204,FWD,E12,E1,E5,E6,17.141000,222.365000,OK
4,10,adjacent,620,30,32,205,REV,E1,E12,E5,E6,21.687000,247.662000,OK
4,10,adjacent,620,30,32,206,FWD,E12,E1,E6,E7,-1.133000,221.886000,OK
4,10,adjacent,620,30,32,207,REV,E1,E12,E6,E7,5.785000,247.263000,OK
4,10,adjacent,620,30,32,208,FWD,E12,E1,E7,E8,-8.117000,221.846000,OK
4,10,adjacent,620,30,32,209,REV,E1,E12,E7,E8,-4.867000,246.784000,OK
4,10,adjacent,620,30,32,210,FWD,E12,E1,E8,E9,10.734000,221.607000,OK
4,10,adjacent,620,30,32,211,REV,E1,E12,E8,E9,15.262000,247.183000,OK
4,10,adjacent,620,30,32,212,FWD,E12,E1,E9,E10,12.344000,221.846000,OK
4,10,adjacent,620,30,32,213,REV,E1,E12,E9,E10,23.723000,246.904000,OK
4,10,adjacent,620,30,32,214,FWD,E12,E1,E10,E11,-47.465000,221.487000,OK
4,10,adjacent,620,30,32,215,REV,E1,E12,E10,E11,-10.059000,246.704000,OK
5,11,adjacent,620,30,32,0,FWD,E1,E2,E3,E4,-36.000000,288.440000,OK
5,11,adjacent,620,30,32,1,REV,E2,E1,E3,E4,3.375000,275.832000,OK
5,11,adjacent,620,30,32,2,FWD,E1,E2,E4,E5,-14.574000,293.029000,OK
5,11,adjacent,620,30,32,3,REV,E2,E1,E4,E5,-0.094000,274.874000,OK
5,11,adjacent,620,30,32,4,FWD,E1,E2,E5,E6,16.168000,293.946000,OK
5,11,adjacent,620,30,32,5,REV,E2,E1,E5,E6,22.191000,274.236000,OK
5,11,adjacent,620,30,32,6,FWD,E1,E2,E6,E7,-1.086000,294.106000,OK
5,11,adjacent,620,30,32,7,REV,E2,E1,E6,E7,5.141000,273.876000,OK
5,11,adjacent,620,30,32,8,FWD,E1,E2,E7,E8,-7.594000,293.787000,OK
5,11,adjacent,620,30,32,9,REV,E2,E1,E7,E8,-5.684000,273.677000,OK
5,11,adjacent,620,30,32,10,FWD,E1,E2,E8,E9,11.879000,293.906000,OK
5,11,adjacent,620,30,32,11,REV,E2,E1,E8,E9,13.738000,273.996000,OK
5,11,adjacent,620,30,32,12,FWD,E1,E2,E9,E10,16.098000,293.946000,OK
5,11,adjacent,620,30,32,13,REV,E2,E1,E9,E10,19.000000,273.677000,OK
5,11,adjacent,620,30,32,14,FWD,E1,E2,E10,E11,-32.984000,293.946000,OK
5,11,adjacent,620,30,32,15,REV,E2,E1,E10,E11,-27.602000,273.797000,OK
5,11,adjacent,620,30,32,16,FWD,E1,E2,E11,E12,-51.391000,294.146000,OK
5,11,adjacent,620,30,32,17,REV,E2,E1,E11,E12,-22.883000,274.555000,OK
5,11,adjacent,620,30,32,18,FWD,E2,E3,E4,E5,-20.898000,261.308000,OK
5,11,adjacent,620,30,32,19,REV,E3,E2,E4,E5,8.125000,292.231000,OK
5,11,adjacent,620,30,32,20,FWD,E2,E3,E5,E6,14.766000,267.213000,OK
5,11,adjacent,620,30,32,21,REV,E3,E2,E5,E6,24.262000,290.435000,OK
5,11,adjacent,620,30,32,22,FWD,E2,E3,E6,E7,-1.633000,268.370000,OK
5,11,adjacent,620,30,32,23,REV,E3,E2,E6,E7,6.133000,289.757000,OK
5,11,adjacent,620,30,32,24,FWD,E2,E3,E7,E8,-7.551000,269.248000,OK
5,11,adjacent,620,30,32,25,REV,E3,E2,E7,E8,-5.594000,289.438000,OK
5,11,adjacent,620,30,32,26,FWD,E2,E3,E8,E9,12.059000,268.849000,OK
5,11,adjacent,620,30,32,27,REV,E3,E2,E8,E9,13.609000,288.440000,OK
5,11,adjacent,620,30,32,28,FWD,E2,E3,E9,E10,16.660000,269.408000,OK
5,11,adjacent,620,30,32,29,REV,E3,E2,E9,E10,18.508000,288.719000,OK
5,11,adjacent,620,30,32,30,FWD,E2,E3,E10,E11,-31.402000,269.288000,OK
5,11,adjacent,620,30,32,31,REV,E3,E2,E10,E11,-28.984000,288.839000,OK
5,11,adjacent,620,30,32,32,FWD,E2,E3,E11,E12,-40.766000,269.328000,OK
5,11,adjacent,620,30,32,33,REV,E3,E2,E11,E12,-31.992000,288.121000,OK
5,11,adjacent,620,30,32,34,FWD,E2,E3,E12,E1,32.766000,269.328000,OK
5,11,adjacent,620,30,32,35,REV,E3,E2,E12,E1,65.043000,288.280000,OK
5,11,adjacent,620,30,32,36,FWD,E3,E4,E1,E2,-47.535000,322.435000,OK
5,11,adjacent,620,30,32,37,REV,E4,E3,E1,E2,-4.988000,325.707000,OK
5,11,adjacent,620,30,32,38,FWD,E3,E4,E5,E6,3.313000,330.655000,OK
5,11,adjacent,620,30,32,39,REV,E4,E3,E5,E6,34.883000,323.552000,OK
5,11,adjacent,620,30,32,40,FWD,E3,E4,E6,E7,-7.359000,331.652000,OK
5,11,adjacent,620,30,32,41,REV,E4,E3,E6,E7,11.203000,322.435000,OK
5,11,adjacent,620,30,32,42,FWD,E3,E4,E7,E8,-8.621000,332.969000,OK
5,11,adjacent,620,30,32,43,REV,E4,E3,E7,E8,-4.687000,322.276000,OK
5,11,adjacent,620,30,32,44,FWD,E3,E4,E8,E9,11.469000,333.129000,OK
5,11,adjacent,620,30,32,45,REV,E4,E3,E8,E9,14.098000,321.956000,OK
5,11,adjacent,620,30,32,46,FWD,E3,E4,E9,E10,16.207000,333.049000,OK
5,11,adjacent,620,30,32,47,REV,E4,E3,E9,E10,18.789000,321.318000,OK
5,11,adjacent,620,30,32,48,FWD,E3,E4,E10,E11,-31.586000,333.129000,OK
5,11,adjacent,620,30,32,49,REV,E4,E3,E10,E11,-29.047000,321.557000,OK
5,11,adjacent,620,30,32,50,FWD,E3,E4,E11,E12,-39.578000,333.368000,OK
5,11,adjacent,620,30,32,51,REV,E4,E3,E11,E12,-33.285000,321.118000,OK
5,11,adjacent,620,30,32,52,FWD,E3,E4,E12,E1,39.074000,332.929000,OK
5,11,adjacent,620,30,32,53,REV,E4,E3,E12,E1,56.750000,320.919000,OK
5,11,adjacent,620,30,32,54,FWD,E4,E5,E1,E2,-40.082000,332.131000,OK
5,11,adjacent,620,30,32,55,REV,E5,E4,E1,E2,-23.160000,340.390000,OK
5,11,adjacent,620,30,32,56,FWD,E4,E5,E2,E3,14.898000,340.191000,OK
5,11,adjacent,620,30,32,57,REV,E5,E4,E2,E3,49.254000,338.595000,OK
5,11,adjacent,620,30,32,58,FWD,E4,E5,E6,E7,-20.562000,340.430000,OK
5,11,adjacent,620,30,32,59,REV,E5,E4,E6,E7,24.441000,337.877000,OK
5,11,adjacent,620,30,32,60,FWD,E4,E5,E7,E8,-10.438000,341.667000,OK
5,11,adjacent,620,30,32,61,REV,E5,E4,E7,E8,-2.852000,337.757000,OK
5,11,adjacent,620,30,32,62,FWD,E4,E5,E8,E9,10.645000,342.146000,OK
5,11,adjacent,620,30,32,63,REV,E5,E4,E8,E9,14.879000,337.837000,OK
5,11,adjacent,620,30,32,64,FWD,E4,E5,E9,E10,15.809000,342.186000,OK
5,11,adjacent,620,30,32,65,REV,E5,E4,E9,E10,19.191000,337.557000,OK
5,11,adjacent,620,30,32,66,FWD,E4,E5,E10,E11,-31.609000,341.747000,OK
5,11,adjacent,620,30,32,67,REV,E5,E4,E10,E11,-29.047000,337.597000,OK
5,11,adjacent,620,30,32,68,FWD,E4,E5,E11,E12,-38.711000,342.186000,OK
5,11,adjacent,620,30,32,69,REV,E5,E4,E11,E12,-34.023000,337.478000,OK
5,11,adjacent,620,30,32,70,FWD,E4,E5,E12,E1,42.906000,341.867000,OK
5,11,adjacent,620,30,32,71,REV,E5,E4,E12,E1,53.156000,337.158000,OK
5,11,adjacent,620,30,32,72,FWD,E5,E6,E1,E2,-36.012000,358.784000,OK
5,11,adjacent,620,30,32,73,REV,E6,E5,E1,E2,-27.945000,393.737000,OK
5,11,adjacent,620,30,32,74,FWD,E5,E6,E2,E3,23.051000,368.520000,OK
5,11,adjacent,620,30,32,75,REV,E6,E5,E2,E3,36.172000,391.104000,OK
5,11,adjacent,620,30,32,76,FWD,E5,E6,E3,E4,-32.730000,370.395000,OK
5,11,adjacent,620,30,32,77,REV,E6,E5,E3,E4,4.109000,390.426000,OK
5,11,adjacent,620,30,32,78,FWD,E5,E6,E7,E8,-15.449000,371.433000,OK
5,11,adjacent,620,30,32,79,REV,E6,E5,E7,E8,2.680000,389.627000,OK
5,11,adjacent,620,30,32,80,FWD,E5,E6,E8,E9,8.594000,371.273000,OK
5,11,adjacent,620,30,32,81,REV,E6,E5,E8,E9,17.164000,389.787000,OK
5,11,adjacent,620,30,32,82,FWD,E5,E6,E9,E10,14.719000,372.231000,OK
5,11,adjacent,620,30,32,83,REV,E6,E5,E9,E10,20.371000,389.588000,OK
5,11,adjacent,620,30,32,84,FWD,E5,E6,E10,E11,-31.988000,371.912000,OK
5,11,adjacent,620,30,32,85,REV,E6,E5,E10,E11,-28.598000,389.149000,OK
5,11,adjacent,620,30,32,86,FWD,E5,E6,E11,E12,-38.586000,371.114000,OK
5,11,adjacent,620,30,32,87,REV,E6,E5,E11,E12,-34.082000,388.590000,OK
5,11,adjacent,620,30,32,88,FWD,E5,E6,E12,E1,44.602000,371.752000,OK
5,11,adjacent,620,30,32,89,REV,E6,E5,E12,E1,51.855000,388.909000,OK
5,11,adjacent,620,30,32,90,FWD,E6,E7,E1,E2,-36.547000,388.670000,OK
5,11,adjacent,620,30,32,91,REV,E7,E6,E1,E2,-27.926000,407.862000,OK
5,11,adjacent,620,30,32,92,FWD,E6,E7,E2,E3,23.680000,397.847000,OK
5,11,adjacent,620,30,32,93,REV,E7,E6,E2,E3,34.801000,404.750000,OK
5,11,adjacent,620,30,32,94,FWD,E6,E7,E3,E4,-26.820000,400.042000,OK
5,11,adjacent,620,30,32,95,REV,E7,E6,E3,E4,-4.133000,404.590000,OK
5,11,adjacent,620,30,32,96,FWD,E6,E7,E4,E5,-31.762000,400.760000,OK
5,11,adjacent,620,30,32,97,REV,E7,E6,E4,E5,21.383000,403.712000,OK
5,11,adjacent,620,30,32,98,FWD,E6,E7,E8,E9,-5.340000,401.159000,OK
5,11,adjacent,620,30,32,99,REV,E7,E6,E8,E9,31.020000,403.393000,OK
5,11,adjacent,620,30,32,100,FWD,E6,E7,E9,E10,8.523000,400.919000,OK
5,11,adjacent,620,30,32,101,REV,E7,E6,E9,E10,26.410000,403.313000,OK
5,11,adjacent,620,30,32,102,FWD,E6,E7,E10,E11,-34.703000,401.278000,OK
5,11,adjacent,620,30,32,103,REV,E7,E6,E10,E11,-26.004000,403.074000,OK
5,11,adjacent,620,30,32,104,FWD,E6,E7,E11,E12,-40.941000,401.119000,OK
5,11,adjacent,620,30,32,105,REV,E7,E6,E11,E12,-31.828000,402.835000,OK
5,11,adjacent,620,30,32,106,FWD,E6,E7,E12,E1,42.273000,401.278000,OK
5,11,adjacent,620,30,32,107,REV,E7,E6,E12,E1,54.098000,402.356000,OK
5,11,adjacent,620,30,32,108,FWD,E7,E8,E1,E2,-33.891000,429.528000,OK
5,11,adjacent,620,30,32,109,REV,E8,E7,E1,E2,-30.902000,449.279000,OK
5,11,adjacent,620,30,32,110,FWD,E7,E8,E2,E3,27.605000,442.456000,OK
5,11,adjacent,620,30,32,111,REV,E8,E7,E2,E3,30.723000,444.451000,OK
5,11,adjacent,620,30,32,112,FWD,E7,E8,E3,E4,-18.227000,444.331000,OK
5,11,adjacent,620,30,32,113,REV,E8,E7,E3,E4,-12.906000,444.171000,OK
5,11,adjacent,620,30,32,114,FWD,E7,E8,E4,E5,-11.512000,445.129000,OK
5,11,adjacent,620,30,32,115,REV,E8,E7,E4,E5,-1.602000,443.732000,OK
5,11,adjacent,620,30,32,116,FWD,E7,E8,E5,E6,8.961000,445.847000,OK
5,11,adjacent,620,30,32,117,REV,E8,E7,E5,E6,29.934000,443.653000,OK
5,11,adjacent,620,30,32,118,FWD,E7,E8,E9,E10,3.656000,445.648000,OK
5,11,adjacent,620,30,32,119,REV,E8,E7,E9,E10,31.055000,442.895000,OK
5,11,adjacent,620,30,32,120,FWD,E7,E8,E10,E11,-34.730000,446.446000,OK
5,11,adjacent,620,30,32,121,REV,E8,E7,E10,E11,-26.039000,443.214000,OK
5,11,adjacent,620,30,32,122,FWD,E7,E8,E11,E12,-39.465000,446.366000,OK
5,11,adjacent,620,30,32,123,REV,E8,E7,E11,E12,-33.199000,442.735000,OK
5,11,adjacent,620,30,32,124,FWD,E7,E8,E12,E1,45.188000,445.688000,OK
5,11,adjacent,620,30,32,125,REV,E8,E7,E12,E1,51.152000,441.937000,OK
5,11,adjacent,620,30,32,126,FWD,E8,E9,E1,E2,-33.918000,438.067000,OK
5,11,adjacent,620,30,32,127,REV,E9,E8,E1,E2,-31.016000,473.378000,OK
5,11,adjacent,620,30,32,128,FWD,E8,E9,E2,E3,27.926000,450.994000,OK
5,11,adjacent,620,30,32,129,REV,E9,E8,E2,E3,30.437000,469.428000,OK
5,11,adjacent,620,30,32,130,FWD,E8,E9,E3,E4,-17.391000,453.428000,OK
5,11,adjacent,620,30,32,131,REV,E9,E8,E3,E4,-13.691000,468.351000,OK
5,11,adjacent,620,30,32,132,FWD,E8,E9,E4,E5,-9.613000,453.708000,OK
5,11,adjacent,620,30,32,133,REV,E9,E8,E4,E5,-3.848000,467.872000,OK
5,11,adjacent,620,30,32,134,FWD,E8,E9,E5,E6,14.109000,455.224000,OK
5,11,adjacent,620,30,32,135,REV,E9,E8,E5,E6,24.453000,468.191000,OK
5,11,adjacent,620,30,32,136,FWD,E8,E9,E6,E7,-17.473000,455.024000,OK
5,11,adjacent,620,30,32,137,REV,E9,E8,E6,E7,24.129000,467.593000,OK
5,11,adjacent,620,30,32,138,FWD,E8,E9,E10,E11,-41.613000,455.064000,OK
5,11,adjacent,620,30,32,139,REV,E9,E8,E10,E11,-18.781000,467.194000,OK
5,11,adjacent,620,30,32,140,FWD,E8,E9,E11,E12,-42.129000,455.423000,OK
5,11,adjacent,620,30,32,141,REV,E9,E8,E11,E12,-30.441000,467.314000,OK
5,11,adjacent,620,30,32,142,FWD,E8,E9,E12,E1,43.852000,455.543000,OK
5,11,adjacent,620,30,32,143,REV,E9,E8,E12,E1,52.723000,466.396000,OK
5,11,adjacent,620,30,32,144,FWD,E9,E10,E1,E2,-34.781000,429.368000,OK
5,11,adjacent,620,30,32,145,REV,E10,E9,E1,E2,-30.141000,485.269000,OK
5,11,adjacent,620,30,32,146,FWD,E9,E10,E2,E3,27.680000,446.765000,OK
5,11,adjacent,620,30,32,147,REV,E10,E9,E2,E3,30.746000,478.925000,OK
5,11,adjacent,620,30,32,148,FWD,E9,E10,E3,E4,-17.328000,450.994000,OK
5,11,adjacent,620,30,32,149,REV,E10,E9,E3,E4,-13.746000,477.249000,OK
5,11,adjacent,620,30,32,150,FWD,E9,E10,E4,E5,-9.125000,451.593000,OK
5,11,adjacent,620,30,32,151,REV,E10,E9,E4,E5,-4.570000,475.812000,OK
5,11,adjacent,620,30,32,152,FWD,E9,E10,E5,E6,15.973000,453.189000,OK
5,11,adjacent,620,30,32,153,REV,E10,E9,E5,E6,22.668000,475.812000,OK
5,11,adjacent,620,30,32,154,FWD,E9,E10,E6,E7,-7.465000,453.588000,OK
5,11,adjacent,620,30,32,155,REV,E10,E9,E6,E7,12.770000,475.932000,OK
5,11,adjacent,620,30,32,156,FWD,E9,E10,E7,E8,-19.703000,454.027000,OK
5,11,adjacent,620,30,32,157,REV,E10,E9,E7,E8,8.434000,474.974000,OK
5,11,adjacent,620,30,32,158,FWD,E9,E10,E11,E12,-56.539000,453.508000,OK
5,11,adjacent,620,30,32,159,REV,E10,E9,E11,E12,-15.332000,475.373000,OK
5,11,adjacent,620,30,32,160,FWD,E9,E10,E12,E1,37.672000,454.266000,OK
5,11,adjacent,620,30,32,161,REV,E10,E9,E12,E1,59.375000,474.655000,OK
5,11,adjacent,620,30,32,162,FWD,E10,E11,E1,E2,-36.086000,368.081000,OK
5,11,adjacent,620,30,32,163,REV,E11,E10,E1,E2,-29.242000,373.428000,OK
5,11,adjacent,620,30,32,164,FWD,E10,E11,E2,E3,27.535000,382.725000,OK
5,11,adjacent,620,30,32,165,REV,E11,E10,E2,E3,30.738000,368.879000,OK
5,11,adjacent,620,30,32,166,FWD,E10,E11,E3,E4,-17.035000,385.159000,OK
5,11,adjacent,620,30,32,167,REV,E11,E10,E3,E4,-14.195000,368.680000,OK
5,11,adjacent,620,30,32,168,FWD,E10,E11,E4,E5,-8.410000,385.598000,OK
5,11,adjacent,620,30,32,169,REV,E11,E10,E4,E5,-5.578000,368.321000,OK
5,11,adjacent,620,30,32,170,FWD,E10,E11,E5,E6,17.574000,386.036000,OK
5,11,adjacent,620,30,32,171,REV,E11,E10,E5,E6,20.863000,368.480000,OK
5,11,adjacent,620,30,32,172,FWD,E10,E11,E6,E7,-1.816000,385.997000,OK
5,11,adjacent,620,30,32,173,REV,E11,E10,E6,E7,6.168000,369.039000,OK
5,11,adjacent,620,30,32,174,FWD,E10,E11,E7,E8,-10.035000,386.475000,OK
5,11,adjacent,620,30,32,175,REV,E11,E10,E7,E8,-2.863000,368.600000,OK
5,11,adjacent,620,30,32,176,FWD,E10,E11,E8,E9,4.074000,386.276000,OK
5,11,adjacent,620,30,32,177,REV,E11,E10,E8,E9,22.266000,368.161000,OK
5,11,adjacent,620,30,32,178,FWD,E10,E11,E12,E1,18.977000,385.478000,OK
5,11,adjacent,620,30,32,179,REV,E11,E10,E12,E1,76.148000,367.642000,OK
5,11,adjacent,620,30,32,180,FWD,E11,E12,E1,E2,-44.797000,236.210000,OK
5,11,adjacent,620,30,32,181,REV,E12,E11,E1,E2,-21.645000,224.480000,OK
5,11,adjacent,620,30,32,182,FWD,E11,E12,E2,E3,25.367000,242.594000,OK
5,11,adjacent,620,30,32,183,REV,E12,E11,E2,E3,32.629000,223.043000,OK
5,11,adjacent,620,30,32,184,FWD,E11,E12,E3,E4,-17.949000,243.472000,OK
5,11,adjacent,620,30,32,185,REV,E12,E11,E3,E4,-13.488000,222.804000,OK
5,11,adjacent,620,30,32,186,FWD,E11,E12,E4,E5,-8.691000,243.632000,OK
5,11,adjacent,620,30,32,187,REV,E12,E11,E4,E5,-5.496000,223.402000,OK
5,11,adjacent,620,30,32,188,FWD,E11,E12,E5,E6,17.840000,244.031000,OK
5,11,adjacent,620,30,32,189,REV,E12,E11,E5,E6,20.578000,223.323000,OK
5,11,adjacent,620,30,32,190,FWD,E11,E12,E6,E7,-0.566000,243.871000,OK
5,11,adjacent,620,30,32,191,REV,E12,E11,E6,E7,4.672000,222.804000,OK
5,11,adjacent,620,30,32,192,FWD,E11,E12,E7,E8,-8.207000,243.392000,OK
5,11,adjacent,620,30,32,193,REV,E12,E11,E7,E8,-4.918000,222.884000,OK
5,11,adjacent,620,30,32,194,FWD,E11,E12,E8,E9,9.813000,243.672000,OK
5,11,adjacent,620,30,32,195,REV,E12,E11,E8,E9,15.711000,222.724000,OK
5,11,adjacent,620,30,32,196,FWD,E11,E12,E9,E10,7.004000,243.073000,OK
5,11,adjacent,620,30,32,197,REV,E12,E11,E9,E10,28.016000,222.684000,OK
5,11,adjacent,620,30,32,198,FWD,E12,E1,E2,E3,16.398000,215.422000,OK
5,11,adjacent,620,30,32,199,REV,E1,E12,E2,E3,43.563000,248.859000,OK
5,11,adjacent,620,30,32,200,FWD,E12,E1,E3,E4,-21.680000,220.849000,OK
5,11,adjacent,620,30,32,201,REV,E1,E12,E3,E4,-8.875000,248.101000,OK
5,11,adjacent,620,30,32,202,FWD,E12,E1,E4,E5,-10.391000,221.487000,OK
5,11,adjacent,620,30,32,203,REV,E1,E12,E4,E5,-3.254000,247.542000,OK
5,11,adjacent,620,30,32,204,FWD,E12,E1,E5,E6,17.172000,221.727000,OK
5,11,adjacent,620,30,32,205,REV,E1,E12,E5,E6,21.695000,247.502000,OK
5,11,adjacent,620,30,32,206,FWD,E12,E1,E6,E7,-1.113000,221.567000,OK
5,11,adjacent,620,30,32,207,REV,E1,E12,E6,E7,5.797000,247.422000,OK
5,11,adjacent,620,30,32,208,FWD,E12,E1,E7,E8,-8.035000,222.245000,OK
5,11,adjacent,620,30,32,209,REV,E1,E12,E7,E8,-4.793000,247.383000,OK
5,11,adjacent,620,30,32,210,FWD,E12,E1,E8,E9,10.656000,221.447000,OK
5,11,adjacent,620,30,32,211,REV,E1,E12,E8,E9,15.168000,246.904000,OK
5,11,adjacent,620,30,32,212,FWD,E12,E1,E9,E10,12.309000,221.168000,OK
5,11,adjacent,620,30,32,213,REV,E1,E12,E9,E10,23.699000,247.023000,OK
5,11,adjacent,620,30,32,214,FWD,E12,E1,E10,E11,-47.430000,221.487000,OK
5,11,adjacent,620,30,32,215,REV,E1,E12,E10,E11,-10.035000,247.223000,OK
6,12,adjacent,620,30,32,0,FWD,E1,E2,E3,E4,-36.008000,288.400000,OK
6,12,adjacent,620,30,32,1,REV,E2,E1,E3,E4,3.344000,275.552000,OK
6,12,adjacent,620,30,32,2,FWD,E1,E2,E4,E5,-14.586000,293.308000,OK
6,12,adjacent,620,30,32,3,REV,E2,E1,E4,E5,-0.082000,274.674000,OK
6,12,adjacent,620,30,32,4,FWD,E1,E2,E5,E6,16.191000,294.545000,OK
6,12,adjacent,620,30,32,5,REV,E2,E1,E5,E6,22.215000,274.116000,OK
6,12,adjacent,620,30,32,6,FWD,E1,E2,E6,E7,-1.094000,294.186000,OK
6,12,adjacent,620,30,32,7,REV,E2,E1,E6,E7,5.102000,273.956000,OK
6,12,adjacent,620,30,32,8,FWD,E1,E2,E7,E8,-7.516000,293.667000,OK
6,12,adjacent,620,30,32,9,REV,E2,E1,E7,E8,-5.621000,273.757000,OK
6,12,adjacent,620,30,32,10,FWD,E1,E2,E8,E9,11.809000,294.345000,OK
6,12,adjacent,620,30,32,11,REV,E2,E1,E8,E9,13.684000,273.637000,OK
6,12,adjacent,620,30,32,12,FWD,E1,E2,E9,E10,16.023000,293.867000,OK
6,12,adjacent,620,30,32,13,REV,E2,E1,E9,E10,19.000000,273.717000,OK
6,12,adjacent,620,30,32,14,FWD,E1,E2,E10,E11,-32.957000,293.986000,OK
6,12,adjacent,620,30,32,15,REV,E2,E1,E10,E11,-27.586000,273.717000,OK
6,12,adjacent,620,30,32,16,FWD,E1,E2,E11,E12,-50.773000,294.266000,OK
6,12,adjacent,620,30,32,17,REV,E2,E1,E11,E12,-22.203000,274.794000,OK
6,12,adjacent,620,30,32,18,FWD,E2,E3,E4,E5,-20.879000,260.909000,OK
6,12,adjacent,620,30,32,19,REV,E3,E2,E4,E5,8.172000,292.270000,OK
6,12,adjacent,620,30,32,20,FWD,E2,E3,E5,E6,14.793000,267.413000,OK
6,12,adjacent,620,30,32,21,REV,E3,E2,E5,E6,24.270000,290.236000,OK
6,12,adjacent,620,30,32,22,FWD,E2,E3,E6,E7,-1.625000,268.450000,OK
6,12,adjacent,620,30,32,23,REV,E3,E2,E6,E7,6.148000,289.278000,OK
6,12,adjacent,620,30,32,24,FWD,E2,E3,E7,E8,-7.496000,268.969000,OK
6,12,adjacent,620,30,32,25,REV,E3,E2,E7,E8,-5.504000,289.118000,OK
6,12,adjacent,620,30,32,26,FWD,E2,E3,E8,E9,12.000000,268.809000,OK
6,12,adjacent,620,30,32,27,REV,E3,E2,E8,E9,13.547000,288.679000,OK
6,12,adjacent,620,30,32,28,FWD,E2,E3,E9,E10,16.617000,269.048000,OK
6,12,adjacent,620,30,32,29,REV,E3,E2,E9,E10,18.484000,288.440000,OK
6,12,adjacent,620,30,32,30,FWD,E2,E3,E10,E11,-31.406000,269.128000,OK
6,12,adjacent,620,30,32,31,REV,E3,E2,E10,E11,-28.965000,288.799000,OK
6,12,adjacent,620,30,32,32,FWD,E2,E3,E11,E12,-40.434000,269.767000,OK
6,12,adjacent,620,30,32,33,REV,E3,E2,E11,E12,-31.660000,288.560000,OK
6,12,adjacent,620,30,32,34,FWD,E2,E3,E12,E1,32.766000,269.886000,OK
6,12,adjacent,620,30,32,35,REV,E3,E2,E12,E1,65.043000,288.600000,OK
6,12,adjacent,620,30,32,36,FWD,E3,E4,E1,E2,-47.965000,322.395000,OK
6,12,adjacent,620,30,32,37,REV,E4,E3,E1,E2,-5.391000,325.907000,OK
6,12,adjacent,620,30,32,38,FWD,E3,E4,E5,E6,3.363000,330.974000,OK
6,12,adjacent,620,30,32,39,REV,E4,E3,E5,E6,34.887000,323.313000,OK
6,12,adjacent,620,30,32,40,FWD,E3,E4,E6,E7,-7.301000,331.692000,OK
6,12,adjacent,620,30,32,41,REV,E4,E3,E6,E7,11.203000,321.956000,OK
6,12,adjacent,620,30,32,42,FWD,E3,E4,E7,E8,-8.566000,332.251000,OK
6,12,adjacent,620,30,32,43,REV,E4,E3,E7,E8,-4.633000,321.637000,OK
6,12,adjacent,620,30,32,44,FWD,E3,E4,E8,E9,11.391000,332.650000,OK
6,12,adjacent,620,30,32,45,REV,E4,E3,E8,E9,14.027000,321.717000,OK
6,12,adjacent,620,30,32,46,FWD,E3,E4,E9,E10,16.168000,332.809000,OK
6,12,adjacent,620,30,32,47,REV,E4,E3,E9,E10,18.750000,321.198000,OK
6,12,adjacent,620,30,32,48,FWD,E3,E4,E10,E11,-31.570000,332.969000,OK
6,12,adjacent,620,30,32,49,REV,E4,E3,E10,E11,-29.043000,321.597000,OK
6,12,adjacent,620,30,32,50,FWD,E3,E4,E11,E12,-39.477000,333.607000,OK
6,12,adjacent,620,30,32,51,REV,E4,E3,E11,E12,-33.184000,321.837000,OK
6,12,adjacent,620,30,32,52,FWD,E3,E4,E12,E1,39.355000,333.527000,OK
6,12,adjacent,620,30,32,53,REV,E4,E3,E12,E1,57.000000,321.318000,OK
6,12,adjacent,620,30,32,54,FWD,E4,E5,E1,E2,-40.445000,332.091000,OK
6,12,adjacent,620,30,32,55,REV,E5,E4,E1,E2,-23.547000,340.151000,OK
6,12,adjacent,620,30,32,56,FWD,E4,E5,E2,E3,14.922000,339.632000,OK
6,12,adjacent,620,30,32,57,REV,E5,E4,E2,E3,49.273000,338.156000,OK
6,12,adjacent,620,30,32,58,FWD,E4,E5,E6,E7,-20.605000,340.789000,OK
6,12,adjacent,620,30,32,59,REV,E5,E4,E6,E7,24.469000,338.355000,OK
6,12,adjacent,620,30,32,60,FWD,E4,E5,E7,E8,-10.375000,341.787000,OK
6,12,adjacent,620,30,32,61,REV,E5,E4,E7,E8,-2.789000,337.637000,OK
6,12,adjacent,620,30,32,62,FWD,E4,E5,E8,E9,10.605000,341.907000,OK
6,12,adjacent,620,30,32,63,REV,E5,E4,E8,E9,14.859000,337.398000,OK
6,12,adjacent,620,30,32,64,FWD,E4,E5,E9,E10,15.742000,341.867000,OK
6,12,adjacent,620,30,32,65,REV,E5,E4,E9,E10,19.148000,337.757000,OK
6,12,adjacent,620,30,32,66,FWD,E4,E5,E10,E11,-31.582000,342.066000,OK
6,12,adjacent,620,30,32,67,REV,E5,E4,E10,E11,-29.016000,337.198000,OK
6,12,adjacent,620,30,32,68,FWD,E4,E5,E11,E12,-38.664000,341.188000,OK
6,12,adjacent,620,30,32,69,REV,E5,E4,E11,E12,-34.016000,337.079000,OK
6,12,adjacent,620,30,32,70,FWD,E4,E5,E12,E1,43.309000,341.348000,OK
6,12,adjacent,620,30,32,71,REV,E5,E4,E12,E1,53.586000,336.879000,OK
6,12,adjacent,620,30,32,72,FWD,E5,E6,E1,E2,-36.398000,359.383000,OK
6,12,adjacent,620,30,32,73,REV,E6,E5,E1,E2,-28.320000,394.336000,OK
6,12,adjacent,620,30,32,74,FWD,E5,E6,E2,E3,23.008000,369.238000,OK
6,12,adjacent,620,30,32,75,REV,E6,E5,E2,E3,36.113000,391.024000,OK
6,12,adjacent,620,30,32,76,FWD,E5,E6,E3,E4,-32.789000,370.635000,OK
6,12,adjacent,620,30,32,77,REV,E6,E5,E3,E4,4.113000,390.186000,OK
6,12,adjacent,620,30,32,78,FWD,E5,E6,E7,E8,-15.410000,371.313000,OK
6,12,adjacent,620,30,32,79,REV,E6,E5,E7,E8,2.723000,390.106000,OK
6,12,adjacent,620,30,32,80,FWD,E5,E6,E8,E9,8.539000,371.513000,OK
6,12,adjacent,620,30,32,81,REV,E6,E5,E8,E9,17.125000,389.468000,OK
6,12,adjacent,620,30,32,82,FWD,E5,E6,E9,E10,14.699000,371.313000,OK
6,12,adjacent,620,30,32,83,REV,E6,E5,E9,E10,20.320000,388.989000,OK
6,12,adjacent,620,30,32,84,FWD,E5,E6,E10,E11,-32.012000,371.473000,OK
6,12,adjacent,620,30,32,85,REV,E6,E5,E10,E11,-28.605000,388.750000,OK
6,12,adjacent,620,30,32,86,FWD,E5,E6,E11,E12,-38.570000,371.632000,OK
6,12,adjacent,620,30,32,87,REV,E6,E5,E11,E12,-34.059000,388.989000,OK
6,12,adjacent,620,30,32,88,FWD,E5,E6,E12,E1,44.953000,371.872000,OK
6,12,adjacent,620,30,32,89,REV,E6,E5,E12,E1,52.227000,388.271000,OK
6,12,adjacent,620,30,32,90,FWD,E6,E7,E1,E2,-36.922000,387.912000,OK
6,12,adjacent,620,30,32,91,REV,E7,E6,E1,E2,-28.320000,408.540000,OK
6,12,adjacent,620,30,32,92,FWD,E6,E7,E2,E3,23.660000,398.206000,OK
6,12,adjacent,620,30,32,93,REV,E7,E6,E2,E3,34.797000,405.308000,OK
6,12,adjacent,620,30,32,94,FWD,E6,E7,E3,E4,-26.855000,400.560000,OK
6,12,adjacent,620,30,32,95,REV,E7,E6,E3,E4,-4.152000,404.391000,OK
6,12,adjacent,620,30,32,96,FWD,E6,E7,E4,E5,-31.773000,400.201000,OK
6,12,adjacent,620,30,32,97,REV,E7,E6,E4,E5,21.422000,403.553000,OK
6,12,adjacent,620,30,32,98,FWD,E6,E7,E8,E9,-5.477000,401.039000,OK
6,12,adjacent,620,30,32,99,REV,E7,E6,E8,E9,31.004000,403.234000,OK
6,12,adjacent,620,30,32,100,FWD,E6,E7,E9,E10,8.484000,401.039000,OK
6,12,adjacent,620,30,32,101,REV,E7,E6,E9,E10,26.383000,403.433000,OK
6,12,adjacent,620,30,32,102,FWD,E6,E7,E10,E11,-34.676000,401.238000,OK
6,12,adjacent,620,30,32,103,REV,E7,E6,E10,E11,-25.973000,402.515000,OK
6,12,adjacent,620,30,32,104,FWD,E6,E7,E11,E12,-40.922000,400.959000,OK
6,12,adjacent,620,30,32,105,REV,E7,E6,E11,E12,-31.867000,402.994000,OK
6,12,adjacent,620,30,32,106,FWD,E6,E7,E12,E1,42.676000,401.677000,OK
6,12,adjacent,620,30,32,107,REV,E7,E6,E12,E1,54.445000,402.914000,OK
6,12,adjacent,620,30,32,108,FWD,E7,E8,E1,E2,-34.277000,430.047000,OK
6,12,adjacent,620,30,32,109,REV,E8,E7,E1,E2,-31.281000,449.438000,OK
6,12,adjacent,620,30,32,110,FWD,E7,E8,E2,E3,27.609000,442.057000,OK
6,12,adjacent,620,30,32,111,REV,E8,E7,E2,E3,30.734000,445.129000,OK
6,12,adjacent,620,30,32,112,FWD,E7,E8,E3,E4,-18.211000,444.730000,OK
6,12,adjacent,620,30,32,113,REV,E8,E7,E3,E4,-12.926000,444.730000,OK
6,12,adjacent,620,30,32,114,FWD,E7,E8,E4,E5,-11.520000,444.969000,OK
6,12,adjacent,620,30,32,115,REV,E8,E7,E4,E5,-1.605000,443.453000,OK
6,12,adjacent,620,30,32,116,FWD,E7,E8,E5,E6,9.004000,445.408000,OK
6,12,adjacent,620,30,32,117,REV,E8,E7,E5,E6,29.949000,442.496000,OK
6,12,adjacent,620,30,32,118,FWD,E7,E8,E9,E10,3.539000,445.528000,OK
6,12,adjacent,620,30,32,119,REV,E8,E7,E9,E10,31.031000,443.413000,OK
6,12,adjacent,620,30,32,120,FWD,E7,E8,E10,E11,-34.734000,445.847000,OK
6,12,adjacent,620,30,32,121,REV,E8,E7,E10,E11,-26.031000,442.775000,OK
6,12,adjacent,620,30,32,122,FWD,E7,E8,E11,E12,-39.539000,446.166000,OK
6,12,adjacent,620,30,32,123,REV,E8,E7,E11,E12,-33.293000,442.895000,OK
6,12,adjacent,620,30,32,124,FWD,E7,E8,E12,E1,45.602000,445.608000,OK
6,12,adjacent,620,30,32,125,REV,E8,E7,E12,E1,51.512000,442.695000,OK
6,12,adjacent,620,30,32,126,FWD,E8,E9,E1,E2,-34.301000,438.904000,OK
6,12,adjacent,620,30,32,127,REV,E9,E8,E1,E2,-31.375000,473.738000,OK
6,12,adjacent,620,30,32,128,FWD,E8,E9,E2,E3,27.914000,451.154000,OK
6,12,adjacent,620,30,32,129,REV,E9,E8,E2,E3,30.422000,469.628000,OK
6,12,adjacent,620,30,32,130,FWD,E8,E9,E3,E4,-17.426000,452.989000,OK
6,12,adjacent,620,30,32,131,REV,E9,E8,E3,E4,-13.711000,467.752000,OK
6,12,adjacent,620,30,32,132,FWD,E8,E9,E4,E5,-9.637000,453.588000,OK
6,12,adjacent,620,30,32,133,REV,E9,E8,E4,E5,-3.848000,467.553000,OK
6,12,adjacent,620,30,32,134,FWD,E8,E9,E5,E6,14.113000,454.426000,OK
6,12,adjacent,620,30,32,135,REV,E9,E8,E5,E6,24.469000,467.154000,OK
6,12,adjacent,620,30,32,136,FWD,E8,E9,E6,E7,-17.410000,454.426000,OK
6,12,adjacent,620,30,32,137,REV,E9,E8,E6,E7,24.336000,466.795000,OK
6,12,adjacent,620,30,32,138,FWD,E8,E9,E10,E11,-41.707000,454.705000,OK
6,12,adjacent,620,30,32,139,REV,E9,E8,E10,E11,-18.797000,466.915000,OK
6,12,adjacent,620,30,32,140,FWD,E8,E9,E11,E12,-42.203000,455.583000,OK
6,12,adjacent,620,30,32,141,REV,E9,E8,E11,E12,-30.480000,467.353000,OK
6,12,adjacent,620,30,32,142,FWD,E8,E9,E12,E1,44.230000,455.184000,OK
6,12,adjacent,620,30,32,143,REV,E9,E8,E12,E1,53.090000,467.114000,OK
6,12,adjacent,620,30,32,144,FWD,E9,E10,E1,E2,-35.168000,430.047000,OK
6,12,adjacent,620,30,32,145,REV,E10,E9,E1,E2,-30.480000,485.668000,OK
6,12,adjacent,620,30,32,146,FWD,E9,E10,E2,E3,27.664000,447.323000,OK
6,12,adjacent,620,30,32,147,REV,E10,E9,E2,E3,30.742000,479.563000,OK
6,12,adjacent,620,30,32,148,FWD,E9,E10,E3,E4,-17.348000,450.795000,OK
6,12,adjacent,620,30,32,149,REV,E10,E9,E3,E4,-13.781000,477.169000,OK
6,12,adjacent,620,30,32,150,FWD,E9,E10,E4,E5,-9.117000,451.792000,OK
6,12,adjacent,620,30,32,151,REV,E10,E9,E4,E5,-4.562000,475.573000,OK
6,12,adjacent,620,30,32,152,FWD,E9,E10,E5,E6,15.965000,452.590000,OK
6,12,adjacent,620,30,32,153,REV,E10,E9,E5,E6,22.672000,475.413000,OK
6,12,adjacent,620,30,32,154,FWD,E9,E10,E6,E7,-7.391000,453.588000,OK
6,12,adjacent,620,30,32,155,REV,E10,E9,E6,E7,12.840000,475.214000,OK
6,12,adjacent,620,30,32,156,FWD,E9,E10,E7,E8,-19.648000,453.269000,OK
6,12,adjacent,620,30,32,157,REV,E10,E9,E7,E8,8.535000,474.895000,OK
6,12,adjacent,620,30,32,158,FWD,E9,E10,E11,E12,-56.602000,454.226000,OK
6,12,adjacent,620,30,32,159,REV,E10,E9,E11,E12,-15.379000,475.174000,OK
6,12,adjacent,620,30,32,160,FWD,E9,E10,E12,E1,38.047000,454.306000,OK
6,12,adjacent,620,30,32,161,REV,E10,E9,E12,E1,59.730000,474.935000,OK
6,12,adjacent,620,30,32,162,FWD,E10,E11,E1,E2,-36.438000,368.041000,OK
6,12,adjacent,620,30,32,163,REV,E11,E10,E1,E2,-29.594000,373.109000,OK
6,12,adjacent,620,30,32,164,FWD,E10,E11,E2,E3,27.531000,382.964000,OK
6,12,adjacent,620,30,32,165,REV,E11,E10,E2,E3,30.746000,369.398000,OK
6,12,adjacent,620,30,32,166,FWD,E10,E11,E3,E4,-17.043000,385.199000,OK
6,12,adjacent,620,30,32,167,REV,E11,E10,E3,E4,-14.227000,368.361000,OK
6,12,adjacent,620,30,32,168,FWD,E10,E11,E4,E5,-8.418000,385.478000,OK
6,12,adjacent,620,30,32,169,REV,E11,E10,E4,E5,-5.574000,368.680000,OK
6,12,adjacent,620,30,32,170,FWD,E10,E11,E5,E6,17.578000,385.478000,OK
6,12,adjacent,620,30,32,171,REV,E11,E10,E5,E6,20.883000,367.922000,OK
6,12,adjacent,620,30,32,172,FWD,E10,E11,E6,E7,-1.730000,385.957000,OK
6,12,adjacent,620,30,32,173,REV,E11,E10,E6,E7,6.207000,368.480000,OK
6,12,adjacent,620,30,32,174,FWD,E10,E11,E7,E8,-10.020000,386.276000,OK
6,12,adjacent,620,30,32,175,REV,E11,E10,E7,E8,-2.824000,368.999000,OK
6,12,adjacent,620,30,32,176,FWD,E10,E11,E8,E9,4.047000,386.515000,OK
6,12,adjacent,620,30,32,177,REV,E11,E10,E8,E9,22.234000,368.161000,OK
6,12,adjacent,620,30,32,178,FWD,E10,E11,E12,E1,19.387000,386.036000,OK
6,12,adjacent,620,30,32,179,REV,E11,E10,E12,E1,76.504000,368.959000,OK
6,12,adjacent,620,30,32,180,FWD,E11,E12,E1,E2,-45.117000,237.048000,OK
6,12,adjacent,620,30,32,181,REV,E12,E11,E1,E2,-21.930000,224.320000,OK
6,12,adjacent,620,30,32,182,FWD,E11,E12,E2,E3,25.367000,242.954000,OK
6,12,adjacent,620,30,32,183,REV,E12,E11,E2,E3,32.621000,222.924000,OK
6,12,adjacent,620,30,32,184,FWD,E11,E12,E3,E4,-17.945000,243.033000,OK
6,12,adjacent,620,30,32,185,REV,E12,E11,E3,E4,-13.484000,222.245000,OK
6,12,adjacent,620,30,32,186,FWD,E11,E12,E4,E5,-8.691000,243.353000,OK
6,12,adjacent,620,30,32,187,REV,E12,E11,E4,E5,-5.496000,222.684000,OK
6,12,adjacent,620,30,32,188,FWD,E11,E12,E5,E6,17.871000,243.712000,OK
6,12,adjacent,620,30,32,189,REV,E12,E11,E5,E6,20.613000,222.884000,OK
6,12,adjacent,620,30,32,190,FWD,E11,E12,E6,E7,-0.527000,243.831000,OK
6,12,adjacent,620,30,32,191,REV,E12,E11,E6,E7,4.727000,222.764000,OK
6,12,adjacent,620,30,32,192,FWD,E11,E12,E7,E8,-8.191000,243.752000,OK
6,12,adjacent,620,30,32,193,REV,E12,E11,E7,E8,-4.879000,223.801000,OK
6,12,adjacent,620,30,32,194,FWD,E11,E12,E8,E9,9.773000,243.871000,OK
6,12,adjacent,620,30,32,195,REV,E12,E11,E8,E9,15.660000,223.123000,OK
6,12,adjacent,620,30,32,196,FWD,E11,E12,E9,E10,6.945000,243.871000,OK
6,12,adjacent,620,30,32,197,REV,E12,E11,E9,E10,27.992000,222.924000,OK
6,12,adjacent,620,30,32,198,FWD,E12,E1,E2,E3,16.418000,215.143000,OK
6,12,adjacent,620,30,32,199,REV,E1,E12,E2,E3,43.613000,248.819000,OK
6,12,adjacent,620,30,32,200,FWD,E12,E1,E3,E4,-21.660000,220.968000,OK
6,12,adjacent,620,30,32,201,REV,E1,E12,E3,E4,-8.883000,247.981000,OK
6,12,adjacent,620,30,32,202,FWD,E12,E1,E4,E5,-10.367000,220.889000,OK
6,12,adjacent,620,30,32,203,REV,E1,E12,E4,E5,-3.270000,247.502000,OK
6,12,adjacent,620,30,32,204,FWD,E12,E1,E5,E6,17.164000,221.487000,OK
6,12,adjacent,620,30,32,205,REV,E1,E12,E5,E6,21.699000,247.582000,OK
6,12,adjacent,620,30,32,206,FWD,E12,E1,E6,E7,-1.070000,221.487000,OK
6,12,adjacent,620,30,32,207,REV,E1,E12,E6,E7,5.836000,247.941000,OK
6,12,adjacent,620,30,32,208,FWD,E12,E1,E7,E8,-8.012000,222.325000,OK
6,12,adjacent,620,30,32,209,REV,E1,E12,E7,E8,-4.773000,247.622000,OK
6,12,adjacent,620,30,32,210,FWD,E12,E1,E8,E9,10.613000,222.006000,OK
6,12,adjacent,620,30,32,211,REV,E1,E12,E8,E9,15.160000,247.343000,OK
6,12,adjacent,620,30,32,212,FWD,E12,E1,E9,E10,12.285000,221.886000,OK
6,12,adjacent,620,30,32,213,REV,E1,E12,E9,E10,23.660000,247.343000,OK
6,12,adjacent,620,30,32,214,FWD,E12,E1,E10,E11,-47.438000,221.846000,OK
6,12,adjacent,620,30,32,215,REV,E1,E12,E10,E11,-10.027000,247.303000,OK
7,13,adjacent,620,30,32,0,FWD,E1,E2,E3,E4,-36.039000,288.679000,OK
7,13,adjacent,620,30,32,1,REV,E2,E1,E3,E4,3.344000,275.353000,OK
7,13,adjacent,620,30,32,2,FWD,E1,E2,E4,E5,-14.559000,293.268000,OK
7,13,adjacent,620,30,32,3,REV,E2,E1,E4,E5,-0.066000,273.956000,OK
7,13,adjacent,620,30,32,4,FWD,E1,E2,E5,E6,16.176000,293.827000,OK
7,13,adjacent,620,30,32,5,REV,E2,E1,E5,E6,22.211000,273.956000,OK
7,13,adjacent,620,30,32,6,FWD,E1,E2,E6,E7,-1.074000,294.465000,OK
7,13,adjacent,620,30,32,7,REV,E2,E1,E6,E7,5.137000,273.956000,OK
7,13,adjacent,620,30,32,8,FWD,E1,E2,E7,E8,-7.504000,294.066000,OK
7,13,adjacent,620,30,32,9,REV,E2,E1,E7,E8,-5.590000,273.836000,OK
7,13,adjacent,620,30,32,10,FWD,E1,E2,E8,E9,11.762000,294.545000,OK
7,13,adjacent,620,30,32,11,REV,E2,E1,E8,E9,13.625000,274.036000,OK
7,13,adjacent,620,30,32,12,FWD,E1,E2,E9,E10,16.004000,294.625000,OK
7,13,adjacent,620,30,32,13,REV,E2,E1,E9,E10,18.969000,274.315000,OK
7,13,adjacent,620,30,32,14,FWD,E1,E2,E10,E11,-32.934000,294.744000,OK
7,13,adjacent,620,30,32,15,REV,E2,E1,E10,E11,-27.555000,273.757000,OK
7,13,adjacent,620,30,32,16,FWD,E1,E2,E11,E12,-50.781000,294.385000,OK
7,13,adjacent,620,30,32,17,REV,E2,E1,E11,E12,-22.215000,274.275000,OK
7,13,adjacent,620,30,32,18,FWD,E2,E3,E4,E5,-20.934000,260.470000,OK
7,13,adjacent,620,30,32,19,REV,E3,E2,E4,E5,8.105000,292.111000,OK
7,13,adjacent,620,30,32,20,FWD,E2,E3,E5,E6,14.777000,267.093000,OK
7,13,adjacent,620,30,32,21,REV,E3,E2,E5,E6,24.262000,289.996000,OK
7,13,adjacent,620,30,32,22,FWD,E2,E3,E6,E7,-1.578000,267.692000,OK
7,13,adjacent,620,30,32,23,REV,E3,E2,E6,E7,6.156000,288.919000,OK
7,13,adjacent,620,30,32,24,FWD,E2,E3,E7,E8,-7.465000,268.929000,OK
7,13,adjacent,620,30,32,25,REV,E3,E2,E7,E8,-5.504000,288.999000,OK
7,13,adjacent,620,30,32,26,FWD,E2,E3,E8,E9,11.992000,268.969000,OK
7,13,adjacent,620,30,32,27,REV,E3,E2,E8,E9,13.512000,289.158000,OK
7,13,adjacent,620,30,32,28,FWD,E2,E3,E9,E10,16.590000,269.408000,OK
7,13,adjacent,620,30,32,29,REV,E3,E2,E9,E10,18.469000,288.719000,OK
7,13,adjacent,620,30,32,30,FWD,E2,E3,E10,E11,-31.391000,269.487000,OK
7,13,adjacent,620,30,32,31,REV,E3,E2,E10,E11,-28.957000,289.078000,OK
7,13,adjacent,620,30,32,32,FWD,E2,E3,E11,E12,-40.410000,270.006000,OK
7,13,adjacent,620,30,32,33,REV,E3,E2,E11,E12,-31.656000,288.520000,OK
7,13,adjacent,620,30,32,34,FWD,E2,E3,E12,E1,33.121000,269.487000,OK
7,13,adjacent,620,30,32,35,REV,E3,E2,E12,E1,65.426000,288.161000,OK
7,13,adjacent,620,30,32,36,FWD,E3,E4,E1,E2,-48.281000,321.797000,OK
7,13,adjacent,620,30,32,37,REV,E4,E3,E1,E2,-5.680000,324.829000,OK
7,13,adjacent,620,30,32,38,FWD,E3,E4,E5,E6,3.242000,330.575000,OK
7,13,adjacent,620,30,32,39,REV,E4,E3,E5,E6,34.883000,322.874000,OK
7,13,adjacent,620,30,32,40,FWD,E3,E4,E6,E7,-7.320000,331.413000,OK
7,13,adjacent,620,30,32,41,REV,E4,E3,E6,E7,11.219000,322.196000,OK
7,13,adjacent,620,30,32,42,FWD,E3,E4,E7,E8,-8.555000,332.291000,OK
7,13,adjacent,620,30,32,43,REV,E4,E3,E7,E8,-4.625000,321.837000,OK
7,13,adjacent,620,30,32,44,FWD,E3,E4,E8,E9,11.387000,332.969000,OK
7,13,adjacent,620,30,32,45,REV,E4,E3,E8,E9,14.023000,322.276000,OK
7,13,adjacent,620,30,32,46,FWD,E3,E4,E9,E10,16.145000,333.488000,OK
7,13,adjacent,620,30,32,47,REV,E4,E3,E9,E10,18.719000,321.557000,OK
7,13,adjacent,620,30,32,48,FWD,E3,E4,E10,E11,-31.547000,333.009000,OK
7,13,adjacent,620,30,32,49,REV,E4,E3,E10,E11,-29.027000,321.158000,OK
7,13,adjacent,620,30,32,50,FWD,E3,E4,E11,E12,-39.480000,332.889000,OK
7,13,adjacent,620,30,32,51,REV,E4,E3,E11,E12,-33.223000,320.959000,OK
7,13,adjacent,620,30,32,52,FWD,E3,E4,E12,E1,39.809000,332.809000,OK
7,13,adjacent,620,30,32,53,REV,E4,E3,E12,E1,57.438000,321.118000,OK
7,13,adjacent,620,30,32,54,FWD,E4,E5,E1,E2,-40.824000,332.410000,OK
7,13,adjacent,620,30,32,55,REV,E5,E4,E1,E2,-23.902000,340.550000,OK
7,13,adjacent,620,30,32,56,FWD,E4,E5,E2,E3,14.910000,340.470000,OK
7,13,adjacent,620,30,32,57,REV,E5,E4,E2,E3,49.184000,338.076000,OK
7,13,adjacent,620,30,32,58,FWD,E4,E5,E6,E7,-20.551000,340.869000,OK
7,13,adjacent,620,30,32,59,REV,E5,E4,E6,E7,24.480000,338.316000,OK
7,13,adjacent,620,30,32,60,FWD,E4,E5,E7,E8,-10.344000,341.787000,OK
7,13,adjacent,620,30,32,61,REV,E5,E4,E7,E8,-2.762000,337.677000,OK
7,13,adjacent,620,30,32,62,FWD,E4,E5,E8,E9,10.566000,341.587000,OK
7,13,adjacent,620,30,32,63,REV,E5,E4,E8,E9,14.832000,337.238000,OK
7,13,adjacent,620,30,32,64,FWD,E4,E5,E9,E10,15.707000,341.348000,OK
7,13,adjacent,620,30,32,65,REV,E5,E4,E9,E10,19.094000,337.198000,OK
7,13,adjacent,620,30,32,66,FWD,E4,E5,E10,E11,-31.641000,341.867000,OK
7,13,adjacent,620,30,32,67,REV,E5,E4,E10,E11,-29.023000,337.677000,OK
7,13,adjacent,620,30,32,68,FWD,E4,E5,E11,E12,-38.633000,342.266000,OK
7,13,adjacent,620,30,32,69,REV,E5,E4,E11,E12,-34.000000,337.757000,OK
7,13,adjacent,620,30,32,70,FWD,E4,E5,E12,E1,43.594000,342.186000,OK
7,13,adjacent,620,30,32,71,REV,E5,E4,E12,E1,53.852000,337.158000,OK
7,13,adjacent,620,30,32,72,FWD,E5,E6,E1,E2,-36.738000,359.383000,OK
7,13,adjacent,620,30,32,73,REV,E6,E5,E1,E2,-28.691000,394.017000,OK
7,13,adjacent,620,30,32,74,FWD,E5,E6,E2,E3,23.039000,368.640000,OK
7,13,adjacent,620,30,32,75,REV,E6,E5,E2,E3,36.148000,390.745000,OK
7,13,adjacent,620,30,32,76,FWD,E5,E6,E3,E4,-32.688000,370.755000,OK
7,13,adjacent,620,30,32,77,REV,E6,E5,E3,E4,4.121000,390.146000,OK
7,13,adjacent,620,30,32,78,FWD,E5,E6,E7,E8,-15.367000,371.114000,OK
7,13,adjacent,620,30,32,79,REV,E6,E5,E7,E8,2.758000,389.987000,OK
7,13,adjacent,620,30,32,80,FWD,E5,E6,E8,E9,8.496000,371.553000,OK
7,13,adjacent,620,30,32,81,REV,E6,E5,E8,E9,17.117000,389.548000,OK
7,13,adjacent,620,30,32,82,FWD,E5,E6,E9,E10,14.645000,371.832000,OK
7,13,adjacent,620,30,32,83,REV,E6,E5,E9,E10,20.266000,389.468000,OK
7,13,adjacent,620,30,32,84,FWD,E5,E6,E10,E11,-32.000000,371.872000,OK
7,13,adjacent,620,30,32,85,REV,E6,E5,E10,E11,-28.570000,388.909000,OK
7,13,adjacent,620,30,32,86,FWD,E5,E6,E11,E12,-38.563000,371.992000,OK
7,13,adjacent,620,30,32,87,REV,E6,E5,E11,E12,-34.051000,388.829000,OK
7,13,adjacent,620,30,32,88,FWD,E5,E6,E12,E1,45.297000,372.031000,OK
7,13,adjacent,620,30,32,89,REV,E6,E5,E12,E1,52.574000,388.949000,OK
7,13,adjacent,620,30,32,90,FWD,E6,E7,E1,E2,-37.273000,389.149000,OK
7,13,adjacent,620,30,32,91,REV,E7,E6,E1,E2,-28.660000,408.341000,OK
7,13,adjacent,620,30,32,92,FWD,E6,E7,E2,E3,23.637000,398.126000,OK
7,13,adjacent,620,30,32,93,REV,E7,E6,E2,E3,34.816000,405.029000,OK
7,13,adjacent,620,30,32,94,FWD,E6,E7,E3,E4,-26.828000,399.922000,OK
7,13,adjacent,620,30,32,95,REV,E7,E6,E3,E4,-4.148000,403.832000,OK
7,13,adjacent,620,30,32,96,FWD,E6,E7,E4,E5,-31.746000,400.401000,OK
7,13,adjacent,620,30,32,97,REV,E7,E6,E4,E5,21.492000,403.952000,OK
7,13,adjacent,620,30,32,98,FWD,E6,E7,E8,E9,-5.531000,401.159000,OK
7,13,adjacent,620,30,32,99,REV,E7,E6,E8,E9,31.039000,403.752000,OK
7,13,adjacent,620,30,32,100,FWD,E6,E7,E9,E10,8.430000,401.877000,OK
7,13,adjacent,620,30,32,101,REV,E7,E6,E9,E10,26.355000,403.553000,OK
7,13,adjacent,620,30,32,102,FWD,E6,E7,E10,E11,-34.664000,401.039000,OK
7,13,adjacent,620,30,32,103,REV,E7,E6,E10,E11,-25.973000,402.595000,OK
7,13,adjacent,620,30,32,104,FWD,E6,E7,E11,E12,-40.930000,401.199000,OK
7,13,adjacent,620,30,32,105,REV,E7,E6,E11,E12,-31.848000,402.835000,OK
7,13,adjacent,620,30,32,106,FWD,E6,E7,E12,E1,43.012000,401.598000,OK
7,13,adjacent,620,30,32,107,REV,E7,E6,E12,E1,54.805000,403.553000,OK
7,13,adjacent,620,30,32,108,FWD,E7,E8,E1,E2,-34.629000,430.206000,OK
7,13,adjacent,620,30,32,109,REV,E8,E7,E1,E2,-31.609000,449.398000,OK
7,13,adjacent,620,30,32,110,FWD,E7,E8,E2,E3,27.594000,442.216000,OK
7,13,adjacent,620,30,32,111,REV,E8,E7,E2,E3,30.727000,445.089000,OK
7,13,adjacent,620,30,32,112,FWD,E7,E8,E3,E4,-18.238000,443.613000,OK
7,13,adjacent,620,30,32,113,REV,E8,E7,E3,E4,-12.938000,443.373000,OK
7,13,adjacent,620,30,32,114,FWD,E7,E8,E4,E5,-11.469000,445.129000,OK
7,13,adjacent,620,30,32,115,REV,E8,E7,E4,E5,-1.570000,443.613000,OK
7,13,adjacent,620,30,32,116,FWD,E7,E8,E5,E6,8.992000,445.927000,OK
7,13,adjacent,620,30,32,117,REV,E8,E7,E5,E6,29.918000,443.932000,OK
7,13,adjacent,620,30,32,118,FWD,E7,E8,E9,E10,3.547000,445.727000,OK
7,13,adjacent,620,30,32,119,REV,E8,E7,E9,E10,31.039000,442.775000,OK
7,13,adjacent,620,30,32,120,FWD,E7,E8,E10,E11,-34.684000,445.568000,OK
7,13,adjacent,620,30,32,121,REV,E8,E7,E10,E11,-26.035000,442.216000,OK
7,13,adjacent,620,30,32,122,FWD,E7,E8,E11,E12,-39.602000,445.688000,OK
7,13,adjacent,620,30,32,123,REV,E8,E7,E11,E12,-33.246000,442.895000,OK
7,13,adjacent,620,30,32,124,FWD,E7,E8,E12,E1,45.930000,446.565000,OK
7,13,adjacent,620,30,32,125,REV,E8,E7,E12,E1,51.883000,443.054000,OK
7,13,adjacent,620,30,32,126,FWD,E8,E9,E1,E2,-34.609000,438.665000,OK
7,13,adjacent,620,30,32,127,REV,E9,E8,E1,E2,-31.707000,473.498000,OK
7,13,adjacent,620,30,32,128,FWD,E8,E9,E2,E3,27.902000,450.635000,OK
7,13,adjacent,620,30,32,129,REV,E9,E8,E2,E3,30.469000,468.750000,OK
7,13,adjacent,620,30,32,130,FWD,E8,E9,E3,E4,-17.402000,452.271000,OK
7,13,adjacent,620,30,32,131,REV,E9,E8,E3,E4,-13.688000,468.351000,OK
7,13,adjacent,620,30,32,132,FWD,E8,E9,E4,E5,-9.613000,453.747000,OK
7,13,adjacent,620,30,32,133,REV,E9,E8,E4,E5,-3.832000,467.912000,OK
7,13,adjacent,620,30,32,134,FWD,E8,E9,E5,E6,14.086000,455.024000,OK
7,13,adjacent,620,30,32,135,REV,E9,E8,E5,E6,24.477000,467.513000,OK
7,13,adjacent,620,30,32,136,FWD,E8,E9,E6,E7,-17.477000,454.426000,OK
7,13,adjacent,620,30,32,137,REV,E9,E8,E6,E7,24.293000,466.755000,OK
7,13,adjacent,620,30,32,138,FWD,E8,E9,E10,E11,-41.684000,454.705000,OK
7,13,adjacent,620,30,32,139,REV,E9,E8,E10,E11,-18.812000,466.396000,OK
7,13,adjacent,620,30,32,140,FWD,E8,E9,E11,E12,-42.238000,454.625000,OK
7,13,adjacent,620,30,32,141,REV,E9,E8,E11,E12,-30.492000,466.755000,OK
7,13,adjacent,620,30,32,142,FWD,E8,E9,E12,E1,44.535000,455.304000,OK
7,13,adjacent,620,30,32,143,REV,E9,E8,E12,E1,53.441000,466.316000,OK
7,13,adjacent,620,30,32,144,FWD,E9,E10,E1,E2,-35.480000,430.047000,OK
7,13,adjacent,620,30,32,145,REV,E10,E9,E1,E2,-30.820000,485.748000,OK
7,13,adjacent,620,30,32,146,FWD,E9,E10,E2,E3,27.680000,447.323000,OK
7,13,adjacent,620,30,32,147,REV,E10,E9,E2,E3,30.758000,479.403000,OK
7,13,adjacent,620,30,32,148,FWD,E9,E10,E3,E4,-17.359000,451.114000,OK
7,13,adjacent,620,30,32,149,REV,E10,E9,E3,E4,-13.738000,477.129000,OK
7,13,adjacent,620,30,32,150,FWD,E9,E10,E4,E5,-9.094000,451.832000,OK
7,13,adjacent,620,30,32,151,REV,E10,E9,E4,E5,-4.559000,476.171000,OK
7,13,adjacent,620,30,32,152,FWD,E9,E10,E5,E6,15.984000,453.348000,OK
7,13,adjacent,620,30,32,153,REV,E10,E9,E5,E6,22.660000,475.453000,OK
7,13,adjacent,620,30,32,154,FWD,E9,E10,E6,E7,-7.402000,453.388000,OK
7,13,adjacent,620,30,32,155,REV,E10,E9,E6,E7,12.840000,476.171000,OK
7,13,adjacent,620,30,32,156,FWD,E9,E10,E7,E8,-19.680000,454.027000,OK
7,13,adjacent,620,30,32,157,REV,E10,E9,E7,E8,8.527000,475.094000,OK
7,13,adjacent,620,30,32,158,FWD,E9,E10,E11,E12,-56.563000,453.588000,OK
7,13,adjacent,620,30,32,159,REV,E10,E9,E11,E12,-15.391000,474.735000,OK
7,13,adjacent,620,30,32,160,FWD,E9,E10,E12,E1,38.375000,453.229000,OK
7,13,adjacent,620,30,32,161,REV,E10,E9,E12,E1,60.039000,474.057000,OK
7,13,adjacent,620,30,32,162,FWD,E10,E11,E1,E2,-36.820000,367.842000,OK
7,13,adjacent,620,30,32,163,REV,E11,E10,E1,E2,-29.949000,373.707000,OK
7,13,adjacent,620,30,32,164,FWD,E10,E11,E2,E3,27.551000,383.363000,OK
7,13,adjacent,620,30,32,165,REV,E11,E10,E2,E3,30.746000,370.116000,OK
7,13,adjacent,620,30,32,166,FWD,E10,E11,E3,E4,-17.090000,385.438000,OK
7,13,adjacent,620,30,32,167,REV,E11,E10,E3,E4,-14.266000,368.640000,OK
7,13,adjacent,620,30,32,168,FWD,E10,E11,E4,E5,-8.383000,385.278000,OK
7,13,adjacent,620,30,32,169,REV,E11,E10,E4,E5,-5.555000,368.361000,OK
7,13,adjacent,620,30,32,170,FWD,E10,E11,E5,E6,17.566000,385.717000,OK
7,13,adjacent,620,30,32,171,REV,E11,E10,E5,E6,20.887000,368.121000,OK
7,13,adjacent,620,30,32,172,FWD,E10,E11,E6,E7,-1.754000,385.877000,OK
7,13,adjacent,620,30,32,173,REV,E11,E10,E6,E7,6.215000,368.161000,OK
7,13,adjacent,620,30,32,174,FWD,E10,E11,E7,E8,-9.977000,385.438000,OK
7,13,adjacent,620,30,32,175,REV,E11,E10,E7,E8,-2.758000,368.241000,OK
7,13,adjacent,620,30,32,176,FWD,E10,E11,E8,E9,4.039000,386.236000,OK
7,13,adjacent,620,30,32,177,REV,E11,E10,E8,E9,22.250000,368.720000,OK
7,13,adjacent,620,30,32,178,FWD,E10,E11,E12,E1,19.707000,386.116000,OK
7,13,adjacent,620,30,32,179,REV,E11,E10,E12,E1,76.883000,368.720000,OK
7,13,adjacent,620,30,32,180,FWD,E11,E12,E1,E2,-45.426000,236.649000,OK
7,13,adjacent,620,30,32,181,REV,E12,E11,E1,E2,-22.285000,224.200000,OK
7,13,adjacent,620,30,32,182,FWD,E11,E12,E2,E3,25.371000,242.555000,OK
7,13,adjacent,620,30,32,183,REV,E12,E11,E2,E3,32.641000,222.924000,OK
7,13,adjacent,620,30,32,184,FWD,E11,E12,E3,E4,-17.949000,243.512000,OK
7,13,adjacent,620,30,32,185,REV,E12,E11,E3,E4,-13.523000,222.564000,OK
7,13,adjacent,620,30,32,186,FWD,E11,E12,E4,E5,-8.672000,243.552000,OK
7,13,adjacent,620,30,32,187,REV,E12,E11,E4,E5,-5.461000,222.764000,OK
7,13,adjacent,620,30,32,188,FWD,E11,E12,E5,E6,17.852000,243.233000,OK
7,13,adjacent,620,30,32,189,REV,E12,E11,E5,E6,20.602000,222.485000,OK
7,13,adjacent,620,30,32,190,FWD,E11,E12,E6,E7,-0.512000,243.632000,OK
7,13,adjacent,620,30,32,191,REV,E12,E11,E6,E7,4.727000,222.924000,OK
7,13,adjacent,620,30,32,192,FWD,E11,E12,E7,E8,-8.141000,243.672000,OK
7,13,adjacent,620,30,32,193,REV,E12,E11,E7,E8,-4.840000,223.562000,OK
7,13,adjacent,620,30,32,194,FWD,E11,E12,E8,E9,9.758000,243.752000,OK
7,13,adjacent,620,30,32,195,REV,E12,E11,E8,E9,15.652000,222.844000,OK
7,13,adjacent,620,30,32,196,FWD,E11,E12,E9,E10,6.953000,243.193000,OK
7,13,adjacent,620,30,32,197,REV,E12,E11,E9,E10,27.957000,222.764000,OK
7,13,adjacent,620,30,32,198,FWD,E12,E1,E2,E3,16.422000,215.382000,OK
7,13,adjacent,620,30,32,199,REV,E1,E12,E2,E3,43.617000,248.899000,OK
7,13,adjacent,620,30,32,200,FWD,E12,E1,E3,E4,-21.656000,220.689000,OK
7,13,adjacent,620,30,32,201,REV,E1,E12,E3,E4,-8.879000,248.101000,OK
7,13,adjacent,620,30,32,202,FWD,E12,E1,E4,E5,-10.355000,220.450000,OK
7,13,adjacent,620,30,32,203,REV,E1,E12,E4,E5,-3.250000,247.462000,OK
7,13,adjacent,620,30,32,204,FWD,E12,E1,E5,E6,17.168000,221.607000,OK
7,13,adjacent,620,30,32,205,REV,E1,E12,E5,E6,21.703000,247.662000,OK
7,13,adjacent,620,30,32,206,FWD,E12,E1,E6,E7,-1.082000,221.886000,OK
7,13,adjacent,620,30,32,207,REV,E1,E12,E6,E7,5.828000,247.662000,OK
7,13,adjacent,620,30,32,208,FWD,E12,E1,E7,E8,-7.988000,221.727000,OK
7,13,adjacent,620,30,32,209,REV,E1,E12,E7,E8,-4.738000,246.984000,OK
7,13,adjacent,620,30,32,210,FWD,E12,E1,E8,E9,10.617000,221.168000,OK
7,13,adjacent,620,30,32,211,REV,E1,E12,E8,E9,15.160000,247.263000,OK
7,13,adjacent,620,30,32,212,FWD,E12,E1,E9,E10,12.270000,221.208000,OK
7,13,adjacent,620,30,32,213,REV,E1,E12,E9,E10,23.625000,247.183000,OK
7,13,adjacent,620,30,32,214,FWD,E12,E1,E10,E11,-47.367000,221.567000,OK
7,13,adjacent,620,30,32,215,REV,E1,E12,E10,E11,-9.996000,247.263000,OK
8,14,adjacent,620,30,32,0,FWD,E1,E2,E3,E4,-36.078000,288.121000,OK
8,14,adjacent,620,30,32,1,REV,E2,E1,E3,E4,3.281000,275.113000,OK
8,14,adjacent,620,30,32,2,FWD,E1,E2,E4,E5,-14.586000,293.348000,OK
8,14,adjacent,620,30,32,3,REV,E2,E1,E4,E5,-0.066000,273.996000,OK
8,14,adjacent,620,30,32,4,FWD,E1,E2,E5,E6,16.203000,293.747000,OK
8,14,adjacent,620,30,32,5,REV,E2,E1,E5,E6,22.195000,273.797000,OK
8,14,adjacent,620,30,32,6,FWD,E1,E2,E6,E7,-1.070000,294.585000,OK
8,14,adjacent,620,30,32,7,REV,E2,E1,E6,E7,5.137000,273.916000,OK
8,14,adjacent,620,30,32,8,FWD,E1,E2,E7,E8,-7.465000,294.625000,OK
8,14,adjacent,620,30,32,9,REV,E2,E1,E7,E8,-5.551000,274.555000,OK
8,14,adjacent,620,30,32,10,FWD,E1,E2,E8,E9,11.750000,294.664000,OK
8,14,adjacent,620,30,32,11,REV,E2,E1,E8,E9,13.621000,273.398000,OK
8,14,adjacent,620,30,32,12,FWD,E1,E2,E9,E10,15.973000,294.026000,OK
8,14,adjacent,620,30,32,13,REV,E2,E1,E9,E10,18.898000,273.677000,OK
8,14,adjacent,620,30,32,14,FWD,E1,E2,E10,E11,-32.922000,294.026000,OK
8,14,adjacent,620,30,32,15,REV,E2,E1,E10,E11,-27.547000,273.437000,OK
8,14,adjacent,620,30,32,16,FWD,E1,E2,E11,E12,-50.770000,294.585000,OK
8,14,adjacent,620,30,32,17,REV,E2,E1,E11,E12,-22.219000,273.996000,OK
8,14,adjacent,620,30,32,18,FWD,E2,E3,E4,E5,-20.867000,259.951000,OK
8,14,adjacent,620,30,32,19,REV,E3,E2,E4,E5,8.109000,291.832000,OK
8,14,adjacent,620,30,32,20,FWD,E2,E3,E5,E6,14.738000,266.934000,OK
8,14,adjacent,620,30,32,21,REV,E3,E2,E5,E6,24.242000,290.116000,OK
8,14,adjacent,620,30,32,22,FWD,E2,E3,E6,E7,-1.566000,268.610000,OK
8,14,adjacent,620,30,32,23,REV,E3,E2,E6,E7,6.145000,289.597000,OK
8,14,adjacent,620,30,32,24,FWD,E2,E3,E7,E8,-7.402000,269.048000,OK
8,14,adjacent,620,30,32,25,REV,E3,E2,E7,E8,-5.484000,288.879000,OK
8,14,adjacent,620,30,32,26,FWD,E2,E3,E8,E9,11.977000,268.570000,OK
8,14,adjacent,620,30,32,27,REV,E3,E2,E8,E9,13.508000,288.839000,OK
8,14,adjacent,620,30,32,28,FWD,E2,E3,E9,E10,16.547000,269.208000,OK
8,14,adjacent,620,30,32,29,REV,E3,E2,E9,E10,18.418000,288.640000,OK
8,14,adjacent,620,30,32,30,FWD,E2,E3,E10,E11,-31.375000,269.248000,OK
8,14,adjacent,620,30,32,31,REV,E3,E2,E10,E11,-28.949000,288.161000,OK
8,14,adjacent,620,30,32,32,FWD,E2,E3,E11,E12,-40.434000,269.009000,OK
8,14,adjacent,620,30,32,33,REV,E3,E2,E11,E12,-31.695000,288.161000,OK
8,14,adjacent,620,30,32,34,FWD,E2,E3,E12,E1,33.523000,269.647000,OK
8,14,adjacent,620,30,32,35,REV,E3,E2,E12,E1,65.887000,288.241000,OK
8,14,adjacent,620,30,32,36,FWD,E3,E4,E1,E2,-48.625000,322.555000,OK
8,14,adjacent,620,30,32,37,REV,E4,E3,E1,E2,-6.090000,325.667000,OK
8,14,adjacent,620,30,32,38,FWD,E3,E4,E5,E6,3.336000,330.655000,OK
8,14,adjacent,620,30,32,39,REV,E4,E3,E5,E6,34.902000,322.834000,OK
8,14,adjacent,620,30,32,40,FWD,E3,E4,E6,E7,-7.305000,331.572000,OK
8,14,adjacent,620,30,32,41,REV,E4,E3,E6,E7,11.230000,322.435000,OK
8,14,adjacent,620,30,32,42,FWD,E3,E4,E7,E8,-8.492000,332.530000,OK
8,14,adjacent,620,30,32,43,REV,E4,E3,E7,E8,-4.551000,321.557000,OK
8,14,adjacent,620,30,32,44,FWD,E3,E4,E8,E9,11.332000,332.650000,OK
8,14,adjacent,620,30,32,45,REV,E4,E3,E8,E9,13.988000,321.278000,OK
8,14,adjacent,620,30,32,46,FWD,E3,E4,E9,E10,16.098000,332.410000,OK
8,14,adjacent,620,30,32,47,REV,E4,E3,E9,E10,18.652000,320.919000,OK
8,14,adjacent,620,30,32,48,FWD,E3,E4,E10,E11,-31.559000,333.168000,OK
8,14,adjacent,620,30,32,49,REV,E4,E3,E10,E11,-29.016000,321.478000,OK
8,14,adjacent,620,30,32,50,FWD,E3,E4,E11,E12,-39.465000,333.567000,OK
8,14,adjacent,620,30,32,51,REV,E4,E3,E11,E12,-33.160000,321.877000,OK
8,14,adjacent,620,30,32,52,FWD,E3,E4,E12,E1,40.031000,333.328000,OK
8,14,adjacent,620,30,32,53,REV,E4,E3,E12,E1,57.652000,321.039000,OK
8,14,adjacent,620,30,32,54,FWD,E4,E5,E1,E2,-41.102000,332.091000,OK
8,14,adjacent,620,30,32,55,REV,E5,E4,E1,E2,-24.195000,340.470000,OK
8,14,adjacent,620,30,32,56,FWD,E4,E5,E2,E3,14.922000,339.632000,OK
8,14,adjacent,620,30,32,57,REV,E5,E4,E2,E3,49.188000,337.996000,OK
8,14,adjacent,620,30,32,58,FWD,E4,E5,E6,E7,-20.594000,340.749000,OK
8,14,adjacent,620,30,32,59,REV,E5,E4,E6,E7,24.457000,337.717000,OK
8,14,adjacent,620,30,32,60,FWD,E4,E5,E7,E8,-10.297000,340.550000,OK
8,14,adjacent,620,30,32,61,REV,E5,E4,E7,E8,-2.734000,337.158000,OK
8,14,adjacent,620,30,32,62,FWD,E4,E5,E8,E9,10.520000,341.747000,OK
8,14,adjacent,620,30,32,63,REV,E5,E4,E8,E9,14.805000,337.318000,OK
8,14,adjacent,620,30,32,64,FWD,E4,E5,E9,E10,15.684000,341.946000,OK
8,14,adjacent,620,30,32,65,REV,E5,E4,E9,E10,19.059000,337.677000,OK
8,14,adjacent,620,30,32,66,FWD,E4,E5,E10,E11,-31.578000,341.907000,OK
8,14,adjacent,620,30,32,67,REV,E5,E4,E10,E11,-28.969000,336.999000,OK
8,14,adjacent,620,30,32,68,FWD,E4,E5,E11,E12,-38.652000,341.627000,OK
8,14,adjacent,620,30,32,69,REV,E5,E4,E11,E12,-34.047000,337.478000,OK
8,14,adjacent,620,30,32,70,FWD,E4,E5,E12,E1,43.977000,341.388000,OK
8,14,adjacent,620,30,32,71,REV,E5,E4,E12,E1,54.172000,337.119000,OK
8,14,adjacent,620,30,32,72,FWD,E5,E6,E1,E2,-37.039000,359.702000,OK
8,14,adjacent,620,30,32,73,REV,E6,E5,E1,E2,-28.965000,393.977000,OK
8,14,adjacent,620,30,32,74,FWD,E5,E6,E2,E3,23.020000,368.241000,OK
8,14,adjacent,620,30,32,75,REV,E6,E5,E2,E3,36.156000,390.545000,OK
8,14,adjacent,620,30,32,76,FWD,E5,E6,E3,E4,-32.699000,370.595000,OK
8,14,adjacent,620,30,32,77,REV,E6,E5,E3,E4,4.203000,390.545000,OK
8,14,adjacent,620,30,32,78,FWD,E5,E6,E7,E8,-15.316000,371.433000,OK
8,14,adjacent,620,30,32,79,REV,E6,E5,E7,E8,2.777000,390.226000,OK
8,14,adjacent,620,30,32,80,FWD,E5,E6,E8,E9,8.453000,371.752000,OK
8,14,adjacent,620,30,32,81,REV,E6,E5,E8,E9,17.102000,389.149000,OK
8,14,adjacent,620,30,32,82,FWD,E5,E6,E9,E10,14.609000,371.393000,OK
8,14,adjacent,620,30,32,83,REV,E6,E5,E9,E10,20.238000,389.627000,OK
8,14,adjacent,620,30,32,84,FWD,E5,E6,E10,E11,-31.984000,372.111000,OK
8,14,adjacent,620,30,32,85,REV,E6,E5,E10,E11,-28.520000,388.790000,OK
8,14,adjacent,620,30,32,86,FWD,E5,E6,E11,E12,-38.539000,371.992000,OK
8,14,adjacent,620,30,32,87,REV,E6,E5,E11,E12,-34.047000,388.949000,OK
8,14,adjacent,620,30,32,88,FWD,E5,E6,E12,E1,45.613000,370.954000,OK
8,14,adjacent,620,30,32,89,REV,E6,E5,E12,E1,52.902000,388.191000,OK
8,14,adjacent,620,30,32,90,FWD,E6,E7,E1,E2,-37.582000,388.550000,OK
8,14,adjacent,620,30,32,91,REV,E7,E6,E1,E2,-28.965000,408.061000,OK
8,14,adjacent,620,30,32,92,FWD,E6,E7,E2,E3,23.652000,397.887000,OK
8,14,adjacent,620,30,32,93,REV,E7,E6,E2,E3,34.813000,404.949000,OK
8,14,adjacent,620,30,32,94,FWD,E6,E7,E3,E4,-26.789000,400.042000,OK
8,14,adjacent,620,30,32,95,REV,E7,E6,E3,E4,-4.098000,404.071000,OK
8,14,adjacent,620,30,32,96,FWD,E6,E7,E4,E5,-31.719000,400.440000,OK
8,14,adjacent,620,30,32,97,REV,E7,E6,E4,E5,21.484000,404.071000,OK
8,14,adjacent,620,30,32,98,FWD,E6,E7,E8,E9,-5.625000,401.318000,OK
8,14,adjacent,620,30,32,99,REV,E7,E6,E8,E9,31.059000,403.672000,OK
8,14,adjacent,620,30,32,100,FWD,E6,E7,E9,E10,8.430000,401.598000,OK
8,14,adjacent,620,30,32,101,REV,E7,E6,E9,E10,26.312000,403.313000,OK
8,14,adjacent,620,30,32,102,FWD,E6,E7,E10,E11,-34.660000,401.398000,OK
8,14,adjacent,620,30,32,103,REV,E7,E6,E10,E11,-25.922000,403.074000,OK
8,14,adjacent,620,30,32,104,FWD,E6,E7,E11,E12,-40.867000,401.677000,OK
8,14,adjacent,620,30,32,105,REV,E7,E6,E11,E12,-31.793000,403.154000,OK
8,14,adjacent,620,30,32,106,FWD,E6,E7,E12,E1,43.309000,401.398000,OK
8,14,adjacent,620,30,32,107,REV,E7,E6,E12,E1,55.105000,402.316000,OK
8,14,adjacent,620,30,32,108,FWD,E7,E8,E1,E2,-34.938000,428.770000,OK
8,14,adjacent,620,30,32,109,REV,E8,E7,E1,E2,-31.930000,448.680000,OK
8,14,adjacent,620,30,32,110,FWD,E7,E8,E2,E3,27.602000,441.578000,OK
8,14,adjacent,620,30,32,111,REV,E8,E7,E2,E3,30.715000,445.009000,OK
8,14,adjacent,620,30,32,112,FWD,E7,E8,E3,E4,-18.234000,443.852000,OK
8,14,adjacent,620,30,32,113,REV,E8,E7,E3,E4,-12.930000,443.493000,OK
8,14,adjacent,620,30,32,114,FWD,E7,E8,E4,E5,-11.469000,444.411000,OK
8,14,adjacent,620,30,32,115,REV,E8,E7,E4,E5,-1.555000,443.254000,OK
8,14,adjacent,620,30,32,116,FWD,E7,E8,E5,E6,9.031000,445.488000,OK
8,14,adjacent,620,30,32,117,REV,E8,E7,E5,E6,29.902000,443.573000,OK
8,14,adjacent,620,30,32,118,FWD,E7,E8,E9,E10,3.480000,445.967000,OK
8,14,adjacent,620,30,32,119,REV,E8,E7,E9,E10,31.020000,443.453000,OK
8,14,adjacent,620,30,32,120,FWD,E7,E8,E10,E11,-34.656000,445.289000,OK
8,14,adjacent,620,30,32,121,REV,E8,E7,E10,E11,-25.984000,442.456000,OK
8,14,adjacent,620,30,32,122,FWD,E7,E8,E11,E12,-39.563000,445.967000,OK
8,14,adjacent,620,30,32,123,REV,E8,E7,E11,E12,-33.277000,442.496000,OK
8,14,adjacent,620,30,32,124,FWD,E7,E8,E12,E1,46.199000,445.688000,OK
8,14,adjacent,620,30,32,125,REV,E8,E7,E12,E1,52.160000,442.256000,OK
8,14,adjacent,620,30,32,126,FWD,E8,E9,E1,E2,-34.934000,438.106000,OK
8,14,adjacent,620,30,32,127,REV,E9,E8,E1,E2,-31.992000,472.221000,OK
8,14,adjacent,620,30,32,128,FWD,E8,E9,E2,E3,27.902000,449.837000,OK
8,14,adjacent,620,30,32,129,REV,E9,E8,E2,E3,30.465000,469.149000,OK
8,14,adjacent,620,30,32,130,FWD,E8,E9,E3,E4,-17.395000,452.590000,OK
8,14,adjacent,620,30,32,131,REV,E9,E8,E3,E4,-13.723000,468.112000,OK
8,14,adjacent,620,30,32,132,FWD,E8,E9,E4,E5,-9.629000,453.588000,OK
8,14,adjacent,620,30,32,133,REV,E9,E8,E4,E5,-3.801000,467.114000,OK
8,14,adjacent,620,30,32,134,FWD,E8,E9,E5,E6,14.094000,453.907000,OK
8,14,adjacent,620,30,32,135,REV,E9,E8,E5,E6,24.477000,466.755000,OK
8,14,adjacent,620,30,32,136,FWD,E8,E9,E6,E7,-17.473000,454.825000,OK
8,14,adjacent,620,30,32,137,REV,E9,E8,E6,E7,24.336000,466.835000,OK
8,14,adjacent,620,30,32,138,FWD,E8,E9,E10,E11,-41.582000,454.665000,OK
8,14,adjacent,620,30,32,139,REV,E9,E8,E10,E11,-18.691000,466.635000,OK
8,14,adjacent,620,30,32,140,FWD,E8,E9,E11,E12,-42.148000,454.585000,OK
8,14,adjacent,620,30,32,141,REV,E9,E8,E11,E12,-30.453000,465.917000,OK
8,14,adjacent,620,30,32,142,FWD,E8,E9,E12,E1,44.852000,454.306000,OK
8,14,adjacent,620,30,32,143,REV,E9,E8,E12,E1,53.738000,466.077000,OK
8,14,adjacent,620,30,32,144,FWD,E9,E10,E1,E2,-35.844000,430.126000,OK
8,14,adjacent,620,30,32,145,REV,E10,E9,E1,E2,-31.117000,485.628000,OK
8,14,adjacent,620,30,32,146,FWD,E9,E10,E2,E3,27.676000,447.044000,OK
8,14,adjacent,620,30,32,147,REV,E10,E9,E2,E3,30.742000,478.885000,OK
8,14,adjacent,620,30,32,148,FWD,E9,E10,E3,E4,-17.324000,450.516000,OK
8,14,adjacent,620,30,32,149,REV,E10,E9,E3,E4,-13.781000,477.448000,OK
8,14,adjacent,620,30,32,150,FWD,E9,E10,E4,E5,-9.086000,452.790000,OK
8,14,adjacent,620,30,32,151,REV,E10,E9,E4,E5,-4.539000,476.730000,OK
8,14,adjacent,620,30,32,152,FWD,E9,E10,E5,E6,15.977000,453.189000,OK
8,14,adjacent,620,30,32,153,REV,E10,E9,E5,E6,22.637000,475.653000,OK
8,14,adjacent,620,30,32,154,FWD,E9,E10,E6,E7,-7.437000,453.428000,OK
8,14,adjacent,620,30,32,155,REV,E10,E9,E6,E7,12.813000,474.895000,OK
8,14,adjacent,620,30,32,156,FWD,E9,E10,E7,E8,-19.617000,454.146000,OK
8,14,adjacent,620,30,32,157,REV,E10,E9,E7,E8,8.656000,475.294000,OK
8,14,adjacent,620,30,32,158,FWD,E9,E10,E11,E12,-56.516000,454.067000,OK
8,14,adjacent,620,30,32,159,REV,E10,E9,E11,E12,-15.355000,474.456000,OK
8,14,adjacent,620,30,32,160,FWD,E9,E10,E12,E1,38.688000,453.548000,OK
8,14,adjacent,620,30,32,161,REV,E10,E9,E12,E1,60.320000,474.216000,OK
8,14,adjacent,620,30,32,162,FWD,E10,E11,E1,E2,-37.109000,367.323000,OK
8,14,adjacent,620,30,32,163,REV,E11,E10,E1,E2,-30.227000,373.109000,OK
8,14,adjacent,620,30,32,164,FWD,E10,E11,E2,E3,27.535000,383.283000,OK
8,14,adjacent,620,30,32,165,REV,E11,E10,E2,E3,30.734000,369.398000,OK
8,14,adjacent,620,30,32,166,FWD,E10,E11,E3,E4,-17.051000,384.800000,OK
8,14,adjacent,620,30,32,167,REV,E11,E10,E3,E4,-14.230000,368.321000,OK
8,14,adjacent,620,30,32,168,FWD,E10,E11,E4,E5,-8.379000,385.518000,OK
8,14,adjacent,620,30,32,169,REV,E11,E10,E4,E5,-5.547000,368.480000,OK
8,14,adjacent,620,30,32,170,FWD,E10,E11,E5,E6,17.578000,386.036000,OK
8,14,adjacent,620,30,32,171,REV,E11,E10,E5,E6,20.855000,368.480000,OK
8,14,adjacent,620,30,32,172,FWD,E10,E11,E6,E7,-1.762000,385.917000,OK
8,14,adjacent,620,30,32,173,REV,E11,E10,E6,E7,6.184000,368.081000,OK
8,14,adjacent,620,30,32,174,FWD,E10,E11,E7,E8,-9.945000,385.877000,OK
8,14,adjacent,620,30,32,175,REV,E11,E10,E7,E8,-2.707000,368.919000,OK
8,14,adjacent,620,30,32,176,FWD,E10,E11,E8,E9,3.980000,386.276000,OK
8,14,adjacent,620,30,32,177,REV,E11,E10,E8,E9,22.156000,368.520000,OK
8,14,adjacent,620,30,32,178,FWD,E10,E11,E12,E1,19.992000,386.116000,OK
8,14,adjacent,620,30,32,179,REV,E11,E10,E12,E1,77.188000,368.081000,OK
8,14,adjacent,620,30,32,180,FWD,E11,E12,E1,E2,-45.699000,236.171000,OK
8,14,adjacent,620,30,32,181,REV,E12,E11,E1,E2,-22.605000,224.480000,OK
8,14,adjacent,620,30,32,182,FWD,E11,E12,E2,E3,25.363000,242.914000,OK
8,14,adjacent,620,30,32,183,REV,E12,E11,E2,E3,32.617000,222.963000,OK
8,14,adjacent,620,30,32,184,FWD,E11,E12,E3,E4,-17.961000,243.313000,OK
8,14,adjacent,620,30,32,185,REV,E12,E11,E3,E4,-13.508000,222.285000,OK
8,14,adjacent,620,30,32,186,FWD,E11,E12,E4,E5,-8.656000,243.033000,OK
8,14,adjacent,620,30,32,187,REV,E12,E11,E4,E5,-5.437000,222.046000,OK
8,14,adjacent,620,30,32,188,FWD,E11,E12,E5,E6,17.844000,243.353000,OK
8,14,adjacent,620,30,32,189,REV,E12,E11,E5,E6,20.590000,222.844000,OK
8,14,adjacent,620,30,32,190,FWD,E11,E12,E6,E7,-0.500000,243.552000,OK
8,14,adjacent,620,30,32,191,REV,E12,E11,E6,E7,4.719000,222.086000,OK
8,14,adjacent,620,30,32,192,FWD,E11,E12,E7,E8,-8.086000,243.193000,OK
8,14,adjacent,620,30,32,193,REV,E12,E11,E7,E8,-4.781000,223.043000,OK
8,14,adjacent,620,30,32,194,FWD,E11,E12,E8,E9,9.730000,243.392000,OK
8,14,adjacent,620,30,32,195,REV,E12,E11,E8,E9,15.625000,223.283000,OK
8,14,adjacent,620,30,32,196,FWD,E11,E12,E9,E10,6.898000,243.951000,OK
8,14,adjacent,620,30,32,197,REV,E12,E11,E9,E10,27.852000,223.163000,OK
8,14,adjacent,620,30,32,198,FWD,E12,E1,E2,E3,16.457000,215.422000,OK
8,14,adjacent,620,30,32,199,REV,E1,E12,E2,E3,43.656000,249.058000,OK
8,14,adjacent,620,30,32,200,FWD,E12,E1,E3,E4,-21.668000,220.889000,OK
8,14,adjacent,620,30,32,201,REV,E1,E12,E3,E4,-8.891000,248.061000,OK
8,14,adjacent,620,30,32,202,FWD,E12,E1,E4,E5,-10.332000,221.088000,OK
8,14,adjacent,620,30,32,203,REV,E1,E12,E4,E5,-3.238000,247.821000,OK
8,14,adjacent,620,30,32,204,FWD,E12,E1,E5,E6,17.168000,221.328000,OK
8,14,adjacent,620,30,32,205,REV,E1,E12,E5,E6,21.695000,247.143000,OK
8,14,adjacent,620,30,32,206,FWD,E12,E1,E6,E7,-1.047000,220.889000,OK
8,14,adjacent,620,30,32,207,REV,E1,E12,E6,E7,5.859000,247.183000,OK
8,14,adjacent,620,30,32,208,FWD,E12,E1,E7,E8,-7.910000,221.128000,OK
8,14,adjacent,620,30,32,209,REV,E1,E12,E7,E8,-4.691000,247.303000,OK
8,14,adjacent,620,30,32,210,FWD,E12,E1,E8,E9,10.566000,221.088000,OK
8,14,adjacent,620,30,32,211,REV,E1,E12,E8,E9,15.125000,247.063000,OK
8,14,adjacent,620,30,32,212,FWD,E12,E1,E9,E10,12.242000,221.367000,OK
8,14,adjacent,620,30,32,213,REV,E1,E12,E9,E10,23.566000,247.103000,OK
8,14,adjacent,620,30,32,214,FWD,E12,E1,E10,E11,-47.359000,221.806000,OK
8,14,adjacent,620,30,32,215,REV,E1,E12,E10,E11,-10.004000,247.462000,OK
9,15,adjacent,620,30,32,0,FWD,E1,E2,E3,E4,-36.078000,288.400000,OK
9,15,adjacent,620,30,32,1,REV,E2,E1,E3,E4,3.320000,275.073000,OK
9,15,adjacent,620,30,32,2,FWD,E1,E2,E4,E5,-14.566000,293.627000,OK
9,15,adjacent,620,30,32,3,REV,E2,E1,E4,E5,-0.066000,273.956000,OK
9,15,adjacent,620,30,32,4,FWD,E1,E2,E5,E6,16.184000,293.827000,OK
9,15,adjacent,620,30,32,5,REV,E2,E1,E5,E6,22.207000,273.557000,OK
9,15,adjacent,620,30,32,6,FWD,E1,E2,E6,E7,-1.059000,294.106000,OK
9,15,adjacent,620,30,32,7,REV,E2,E1,E6,E7,5.172000,273.757000,OK
9,15,adjacent,620,30,32,8,FWD,E1,E2,E7,E8,-7.402000,294.345000,OK
9,15,adjacent,620,30,32,9,REV,E2,E1,E7,E8,-5.496000,274.076000,OK
9,15,adjacent,620,30,32,10,FWD,E1,E2,E8,E9,11.691000,294.664000,OK
9,15,adjacent,620,30,32,11,REV,E2,E1,E8,E9,13.563000,273.398000,OK
9,15,adjacent,620,30,32,12,FWD,E1,E2,E9,E10,15.949000,294.545000,OK
9,15,adjacent,620,30,32,13,REV,E2,E1,E9,E10,18.879000,274.156000,OK
9,15,adjacent,620,30,32,14,FWD,E1,E2,E10,E11,-32.922000,294.664000,OK
9,15,adjacent,620,30,32,15,REV,E2,E1,E10,E11,-27.527000,273.916000,OK
9,15,adjacent,620,30,32,16,FWD,E1,E2,E11,E12,-50.777000,294.585000,OK
9,15,adjacent,620,30,32,17,REV,E2,E1,E11,E12,-22.195000,273.996000,OK
9,15,adjacent,620,30,32,18,FWD,E2,E3,E4,E5,-20.836000,260.430000,OK
9,15,adjacent,620,30,32,19,REV,E3,E2,E4,E5,8.145000,292.270000,OK
9,15,adjacent,620,30,32,20,FWD,E2,E3,E5,E6,14.750000,267.133000,OK
9,15,adjacent,620,30,32,21,REV,E3,E2,E5,E6,24.262000,289.996000,OK
9,15,adjacent,620,30,32,22,FWD,E2,E3,E6,E7,-1.590000,267.772000,OK
9,15,adjacent,620,30,32,23,REV,E3,E2,E6,E7,6.172000,288.879000,OK
9,15,adjacent,620,30,32,24,FWD,E2,E3,E7,E8,-7.375000,268.570000,OK
9,15,adjacent,620,30,32,25,REV,E3,E2,E7,E8,-5.418000,288.879000,OK
9,15,adjacent,620,30,32,26,FWD,E2,E3,E8,E9,11.930000,268.809000,OK
9,15,adjacent,620,30,32,27,REV,E3,E2,E8,E9,13.492000,288.879000,OK
9,15,adjacent,620,30,32,28,FWD,E2,E3,E9,E10,16.484000,268.969000,OK
9,15,adjacent,620,30,32,29,REV,E3,E2,E9,E10,18.363000,288.320000,OK
9,15,adjacent,620,30,32,30,FWD,E2,E3,E10,E11,-31.395000,268.490000,OK
9,15,adjacent,620,30,32,31,REV,E3,E2,E10,E11,-28.949000,288.360000,OK
9,15,adjacent,620,30,32,32,FWD,E2,E3,E11,E12,-40.441000,269.168000,OK
9,15,adjacent,620,30,32,33,REV,E3,E2,E11,E12,-31.687000,288.400000,OK
9,15,adjacent,620,30,32,34,FWD,E2,E3,E12,E1,33.629000,269.447000,OK
9,15,adjacent,620,30,32,35,REV,E3,E2,E12,E1,65.996000,288.241000,OK
9,15,adjacent,620,30,32,36,FWD,E3,E4,E1,E2,-48.719000,322.076000,OK
9,15,adjacent,620,30,32,37,REV,E4,E3,E1,E2,-6.160000,325.587000,OK
9,15,adjacent,620,30,32,38,FWD,E3,E4,E5,E6,3.277000,330.894000,OK
9,15,adjacent,620,30,32,39,REV,E4,E3,E5,E6,34.914000,323.313000,OK
9,15,adjacent,620,30,32,40,FWD,E3,E4,E6,E7,-7.324000,331.772000,OK
9,15,adjacent,620,30,32,41,REV,E4,E3,E6,E7,11.250000,322.276000,OK
9,15,adjacent,620,30,32,42,FWD,E3,E4,E7,E8,-8.441000,332.331000,OK
9,15,adjacent,620,30,32,43,REV,E4,E3,E7,E8,-4.488000,321.996000,OK
9,15,adjacent,620,30,32,44,FWD,E3,E4,E8,E9,11.336000,333.089000,OK
9,15,adjacent,620,30,32,45,REV,E4,E3,E8,E9,13.984000,321.956000,OK
9,15,adjacent,620,30,32,46,FWD,E3,E4,E9,E10,16.020000,333.208000,OK
9,15,adjacent,620,30,32,47,REV,E4,E3,E9,E10,18.578000,321.557000,OK
9,15,adjacent,620,30,32,48,FWD,E3,E4,E10,E11,-31.539000,332.969000,OK
9,15,adjacent,620,30,32,49,REV,E4,E3,E10,E11,-29.023000,321.917000,OK
9,15,adjacent,620,30,32,50,FWD,E3,E4,E11,E12,-39.484000,333.727000,OK
9,15,adjacent,620,30,32,51,REV,E4,E3,E11,E12,-33.160000,321.278000,OK
9,15,adjacent,620,30,32,52,FWD,E3,E4,E12,E1,40.191000,333.049000,OK
9,15,adjacent,620,30,32,53,REV,E4,E3,E12,E1,57.875000,321.238000,OK
9,15,adjacent,620,30,32,54,FWD,E4,E5,E1,E2,-41.258000,332.410000,OK
9,15,adjacent,620,30,32,55,REV,E5,E4,E1,E2,-24.367000,340.630000,OK
9,15,adjacent,620,30,32,56,FWD,E4,E5,E2,E3,14.871000,340.151000,OK
9,15,adjacent,620,30,32,57,REV,E5,E4,E2,E3,49.250000,338.196000,OK
9,15,adjacent,620,30,32,58,FWD,E4,E5,E6,E7,-20.574000,340.789000,OK
9,15,adjacent,620,30,32,59,REV,E5,E4,E6,E7,24.441000,337.398000,OK
9,15,adjacent,620,30,32,60,FWD,E4,E5,E7,E8,-10.242000,341.667000,OK
9,15,adjacent,620,30,32,61,REV,E5,E4,E7,E8,-2.695000,337.877000,OK
9,15,adjacent,620,30,32,62,FWD,E4,E5,E8,E9,10.543000,341.029000,OK
9,15,adjacent,620,30,32,63,REV,E5,E4,E8,E9,14.824000,336.919000,OK
9,15,adjacent,620,30,32,64,FWD,E4,E5,E9,E10,15.586000,341.627000,OK
9,15,adjacent,620,30,32,65,REV,E5,E4,E9,E10,18.937000,337.198000,OK
9,15,adjacent,620,30,32,66,FWD,E4,E5,E10,E11,-31.598000,341.508000,OK
9,15,adjacent,620,30,32,67,REV,E5,E4,E10,E11,-28.980000,336.879000,OK
9,15,adjacent,620,30,32,68,FWD,E4,E5,E11,E12,-38.707000,341.468000,OK
9,15,adjacent,620,30,32,69,REV,E5,E4,E11,E12,-34.070000,336.959000,OK
9,15,adjacent,620,30,32,70,FWD,E4,E5,E12,E1,44.063000,341.468000,OK
9,15,adjacent,620,30,32,71,REV,E5,E4,E12,E1,54.328000,337.398000,OK
9,15,adjacent,620,30,32,72,FWD,E5,E6,E1,E2,-37.199000,359.423000,OK
9,15,adjacent,620,30,32,73,REV,E6,E5,E1,E2,-29.109000,393.538000,OK
9,15,adjacent,620,30,32,74,FWD,E5,E6,E2,E3,23.012000,368.321000,OK
9,15,adjacent,620,30,32,75,REV,E6,E5,E2,E3,36.148000,391.144000,OK
9,15,adjacent,620,30,32,76,FWD,E5,E6,E3,E4,-32.805000,370.715000,OK
9,15,adjacent,620,30,32,77,REV,E6,E5,E3,E4,4.098000,389.667000,OK
9,15,adjacent,620,30,32,78,FWD,E5,E6,E7,E8,-15.262000,370.715000,OK
9,15,adjacent,620,30,32,79,REV,E6,E5,E7,E8,2.828000,389.987000,OK
9,15,adjacent,620,30,32,80,FWD,E5,E6,E8,E9,8.480000,371.513000,OK
9,15,adjacent,620,30,32,81,REV,E6,E5,E8,E9,17.156000,389.069000,OK
9,15,adjacent,620,30,32,82,FWD,E5,E6,E9,E10,14.520000,371.712000,OK
9,15,adjacent,620,30,32,83,REV,E6,E5,E9,E10,20.160000,389.029000,OK
9,15,adjacent,620,30,32,84,FWD,E5,E6,E10,E11,-31.953000,371.553000,OK
9,15,adjacent,620,30,32,85,REV,E6,E5,E10,E11,-28.523000,389.069000,OK
9,15,adjacent,620,30,32,86,FWD,E5,E6,E11,E12,-38.539000,372.391000,OK
9,15,adjacent,620,30,32,87,REV,E6,E5,E11,E12,-34.035000,389.388000,OK
9,15,adjacent,620,30,32,88,FWD,E5,E6,E12,E1,45.754000,371.952000,OK
9,15,adjacent,620,30,32,89,REV,E6,E5,E12,E1,53.008000,388.869000,OK
9,15,adjacent,620,30,32,90,FWD,E6,E7,E1,E2,-37.719000,389.388000,OK
9,15,adjacent,620,30,32,91,REV,E7,E6,E1,E2,-29.117000,408.700000,OK
9,15,adjacent,620,30,32,92,FWD,E6,E7,E2,E3,23.664000,398.126000,OK
9,15,adjacent,620,30,32,93,REV,E7,E6,E2,E3,34.813000,404.949000,OK
9,15,adjacent,620,30,32,94,FWD,E6,E7,E3,E4,-26.805000,399.882000,OK
9,15,adjacent,620,30,32,95,REV,E7,E6,E3,E4,-4.105000,404.191000,OK
9,15,adjacent,620,30,32,96,FWD,E6,E7,E4,E5,-31.699000,400.560000,OK
9,15,adjacent,620,30,32,97,REV,E7,E6,E4,E5,21.461000,403.473000,OK
9,15,adjacent,620,30,32,98,FWD,E6,E7,E8,E9,-5.656000,400.480000,OK
9,15,adjacent,620,30,32,99,REV,E7,E6,E8,E9,31.070000,403.074000,OK
9,15,adjacent,620,30,32,100,FWD,E6,E7,E9,E10,8.266000,401.438000,OK
9,15,adjacent,620,30,32,101,REV,E7,E6,E9,E10,26.195000,403.034000,OK
9,15,adjacent,620,30,32,102,FWD,E6,E7,E10,E11,-34.668000,401.119000,OK
9,15,adjacent,620,30,32,103,REV,E7,E6,E10,E11,-25.957000,402.475000,OK
9,15,adjacent,620,30,32,104,FWD,E6,E7,E11,E12,-40.914000,400.600000,OK
9,15,adjacent,620,30,32,105,REV,E7,E6,E11,E12,-31.824000,402.835000,OK
9,15,adjacent,620,30,32,106,FWD,E6,E7,E12,E1,43.465000,401.478000,OK
9,15,adjacent,620,30,32,107,REV,E7,E6,E12,E1,55.199000,402.396000,OK
9,15,adjacent,620,30,32,108,FWD,E7,E8,E1,E2,-35.082000,428.770000,OK
9,15,adjacent,620,30,32,109,REV,E8,E7,E1,E2,-32.074000,448.919000,OK
9,15,adjacent,620,30,32,110,FWD,E7,E8,E2,E3,27.621000,442.136000,OK
9,15,adjacent,620,30,32,111,REV,E8,E7,E2,E3,30.707000,445.089000,OK
9,15,adjacent,620,30,32,112,FWD,E7,E8,E3,E4,-18.270000,444.331000,OK
9,15,adjacent,620,30,32,113,REV,E8,E7,E3,E4,-12.973000,443.852000,OK
9,15,adjacent,620,30,32,114,FWD,E7,E8,E4,E5,-11.457000,444.730000,OK
9,15,adjacent,620,30,32,115,REV,E8,E7,E4,E5,-1.578000,443.812000,OK
9,15,adjacent,620,30,32,116,FWD,E7,E8,E5,E6,9.000000,445.688000,OK
9,15,adjacent,620,30,32,117,REV,E8,E7,E5,E6,29.930000,443.573000,OK
9,15,adjacent,620,30,32,118,FWD,E7,E8,E9,E10,3.316000,444.890000,OK
9,15,adjacent,620,30,32,119,REV,E8,E7,E9,E10,30.922000,443.014000,OK
9,15,adjacent,620,30,32,120,FWD,E7,E8,E10,E11,-34.707000,445.807000,OK
9,15,adjacent,620,30,32,121,REV,E8,E7,E10,E11,-26.004000,442.855000,OK
9,15,adjacent,620,30,32,122,FWD,E7,E8,E11,E12,-39.527000,445.249000,OK
9,15,adjacent,620,30,32,123,REV,E8,E7,E11,E12,-33.266000,442.136000,OK
9,15,adjacent,620,30,32,124,FWD,E7,E8,E12,E1,46.355000,445.528000,OK
9,15,adjacent,620,30,32,125,REV,E8,E7,E12,E1,52.359000,442.256000,OK
9,15,adjacent,620,30,32,126,FWD,E8,E9,E1,E2,-35.086000,437.508000,OK
9,15,adjacent,620,30,32,127,REV,E9,E8,E1,E2,-32.160000,472.461000,OK
9,15,adjacent,620,30,32,128,FWD,E8,E9,E2,E3,27.922000,450.037000,OK
9,15,adjacent,620,30,32,129,REV,E9,E8,E2,E3,30.473000,468.750000,OK
9,15,adjacent,620,30,32,130,FWD,E8,E9,E3,E4,-17.445000,452.710000,OK
9,15,adjacent,620,30,32,131,REV,E9,E8,E3,E4,-13.734000,467.832000,OK
9,15,adjacent,620,30,32,132,FWD,E8,E9,E4,E5,-9.613000,453.269000,OK
9,15,adjacent,620,30,32,133,REV,E9,E8,E4,E5,-3.809000,466.595000,OK
9,15,adjacent,620,30,32,134,FWD,E8,E9,E5,E6,14.074000,453.827000,OK
9,15,adjacent,620,30,32,135,REV,E9,E8,E5,E6,24.484000,467.034000,OK
9,15,adjacent,620,30,32,136,FWD,E8,E9,E6,E7,-17.520000,454.346000,OK
9,15,adjacent,620,30,32,137,REV,E9,E8,E6,E7,24.301000,466.476000,OK
9,15,adjacent,620,30,32,138,FWD,E8,E9,E10,E11,-41.621000,453.827000,OK
9,15,adjacent,620,30,32,139,REV,E9,E8,E10,E11,-18.738000,466.835000,OK
9,15,adjacent,620,30,32,140,FWD,E8,E9,E11,E12,-42.191000,454.905000,OK
9,15,adjacent,620,30,32,141,REV,E9,E8,E11,E12,-30.375000,466.396000,OK
9,15,adjacent,620,30,32,142,FWD,E8,E9,E12,E1,45.012000,454.745000,OK
9,15,adjacent,620,30,32,143,REV,E9,E8,E12,E1,53.910000,465.917000,OK
9,15,adjacent,620,30,32,144,FWD,E9,E10,E1,E2,-35.996000,430.485000,OK
9,15,adjacent,620,30,32,145,REV,E10,E9,E1,E2,-31.266000,485.668000,OK
9,15,adjacent,620,30,32,146,FWD,E9,E10,E2,E3,27.680000,447.523000,OK
9,15,adjacent,620,30,32,147,REV,E10,E9,E2,E3,30.758000,478.885000,OK
9,15,adjacent,620,30,32,148,FWD,E9,E10,E3,E4,-17.312000,450.476000,OK
9,15,adjacent,620,30,32,149,REV,E10,E9,E3,E4,-13.781000,477.089000,OK
9,15,adjacent,620,30,32,150,FWD,E9,E10,E4,E5,-9.086000,452.151000,OK
9,15,adjacent,620,30,32,151,REV,E10,E9,E4,E5,-4.523000,476.251000,OK
9,15,adjacent,620,30,32,152,FWD,E9,E10,E5,E6,15.965000,452.151000,OK
9,15,adjacent,620,30,32,153,REV,E10,E9,E5,E6,22.664000,475.493000,OK
9,15,adjacent,620,30,32,154,FWD,E9,E10,E6,E7,-7.422000,453.668000,OK
9,15,adjacent,620,30,32,155,REV,E10,E9,E6,E7,12.832000,475.214000,OK
9,15,adjacent,620,30,32,156,FWD,E9,E10,E7,E8,-19.578000,453.428000,OK
9,15,adjacent,620,30,32,157,REV,E10,E9,E7,E8,8.715000,474.855000,OK
9,15,adjacent,620,30,32,158,FWD,E9,E10,E11,E12,-56.566000,454.785000,OK
9,15,adjacent,620,30,32,159,REV,E10,E9,E11,E12,-15.363000,475.254000,OK
9,15,adjacent,620,30,32,160,FWD,E9,E10,E12,E1,38.848000,454.067000,OK
9,15,adjacent,620,30,32,161,REV,E10,E9,E12,E1,60.434000,474.536000,OK
9,15,adjacent,620,30,32,162,FWD,E10,E11,E1,E2,-37.270000,367.483000,OK
9,15,adjacent,620,30,32,163,REV,E11,E10,E1,E2,-30.414000,373.109000,OK
9,15,adjacent,620,30,32,164,FWD,E10,E11,E2,E3,27.547000,382.645000,OK
9,15,adjacent,620,30,32,165,REV,E11,E10,E2,E3,30.750000,368.799000,OK
9,15,adjacent,620,30,32,166,FWD,E10,E11,E3,E4,-17.051000,384.720000,OK
9,15,adjacent,620,30,32,167,REV,E11,E10,E3,E4,-14.223000,368.400000,OK
9,15,adjacent,620,30,32,168,FWD,E10,E11,E4,E5,-8.379000,385.438000,OK
9,15,adjacent,620,30,32,169,REV,E11,E10,E4,E5,-5.547000,368.361000,OK
9,15,adjacent,620,30,32,170,FWD,E10,E11,E5,E6,17.562000,385.917000,OK
9,15,adjacent,620,30,32,171,REV,E11,E10,E5,E6,20.871000,368.480000,OK
9,15,adjacent,620,30,32,172,FWD,E10,E11,E6,E7,-1.789000,385.997000,OK
9,15,adjacent,620,30,32,173,REV,E11,E10,E6,E7,6.195000,368.600000,OK
9,15,adjacent,620,30,32,174,FWD,E10,E11,E7,E8,-9.895000,386.156000,OK
9,15,adjacent,620,30,32,175,REV,E11,E10,E7,E8,-2.633000,368.241000,OK
9,15,adjacent,620,30,32,176,FWD,E10,E11,E8,E9,4.023000,385.957000,OK
9,15,adjacent,620,30,32,177,REV,E11,E10,E8,E9,22.254000,368.600000,OK
9,15,adjacent,620,30,32,178,FWD,E10,E11,E12,E1,20.105000,386.036000,OK
9,15,adjacent,620,30,32,179,REV,E11,E10,E12,E1,77.281000,367.563000,OK
9,15,adjacent,620,30,32,180,FWD,E11,E12,E1,E2,-45.922000,235.971000,OK
9,15,adjacent,620,30,32,181,REV,E12,E11,E1,E2,-22.797000,224.280000,OK
9,15,adjacent,620,30,32,182,FWD,E11,E12,E2,E3,25.379000,242.954000,OK
9,15,adjacent,620,30,32,183,REV,E12,E11,E2,E3,32.629000,222.525000,OK
9,15,adjacent,620,30,32,184,FWD,E11,E12,E3,E4,-17.965000,243.153000,OK
9,15,adjacent,620,30,32,185,REV,E12,E11,E3,E4,-13.516000,222.804000,OK
9,15,adjacent,620,30,32,186,FWD,E11,E12,E4,E5,-8.629000,243.831000,OK
9,15,adjacent,620,30,32,187,REV,E12,E11,E4,E5,-5.437000,222.764000,OK
9,15,adjacent,620,30,32,188,FWD,E11,E12,E5,E6,17.836000,243.712000,OK
9,15,adjacent,620,30,32,189,REV,E12,E11,E5,E6,20.594000,223.003000,OK
9,15,adjacent,620,30,32,190,FWD,E11,E12,E6,E7,-0.500000,243.512000,OK
9,15,adjacent,620,30,32,191,REV,E12,E11,E6,E7,4.723000,223.043000,OK
9,15,adjacent,620,30,32,192,FWD,E11,E12,E7,E8,-8.035000,243.871000,OK
9,15,adjacent,620,30,32,193,REV,E12,E11,E7,E8,-4.730000,222.724000,OK
9,15,adjacent,620,30,32,194,FWD,E11,E12,E8,E9,9.793000,243.193000,OK
9,15,adjacent,620,30,32,195,REV,E12,E11,E8,E9,15.703000,222.285000,OK
9,15,adjacent,620,30,32,196,FWD,E11,E12,E9,E10,6.828000,243.552000,OK
9,15,adjacent,620,30,32,197,REV,E12,E11,E9,E10,27.793000,222.844000,OK
9,15,adjacent,620,30,32,198,FWD,E12,E1,E2,E3,16.441000,214.664000,OK
9,15,adjacent,620,30,32,199,REV,E1,E12,E2,E3,43.664000,248.819000,OK
9,15,adjacent,620,30,32,200,FWD,E12,E1,E3,E4,-21.656000,220.490000,OK
9,15,adjacent,620,30,32,201,REV,E1,E12,E3,E4,-8.871000,248.181000,OK
9,15,adjacent,620,30,32,202,FWD,E12,E1,E4,E5,-10.336000,220.450000,OK
9,15,adjacent,620,30,32,203,REV,E1,E12,E4,E5,-3.219000,247.662000,OK
9,15,adjacent,620,30,32,204,FWD,E12,E1,E5,E6,17.156000,221.407000,OK
9,15,adjacent,620,30,32,205,REV,E1,E12,E5,E6,21.711000,247.941000,OK
9,15,adjacent,620,30,32,206,FWD,E12,E1,E6,E7,-1.074000,221.128000,OK
9,15,adjacent,620,30,32,207,REV,E1,E12,E6,E7,5.828000,247.502000,OK
9,15,adjacent,620,30,32,208,FWD,E12,E1,E7,E8,-7.906000,221.447000,OK
9,15,adjacent,620,30,32,209,REV,E1,E12,E7,E8,-4.660000,247.422000,OK
9,15,adjacent,620,30,32,210,FWD,E12,E1,E8,E9,10.645000,221.647000,OK
9,15,adjacent,620,30,32,211,REV,E1,E12,E8,E9,15.211000,247.782000,OK
9,15,adjacent,620,30,32,212,FWD,E12,E1,E9,E10,12.109000,222.245000,OK
9,15,adjacent,620,30,32,213,REV,E1,E12,E9,E10,23.449000,247.383000,OK
9,15,adjacent,620,30,32,214,FWD,E12,E1,E10,E11,-47.402000,221.447000,OK
9,15,adjacent,620,30,32,215,REV,E1,E12,E10,E11,-10.008000,247.821000,OK
