frame_index,frame_id,pattern,dac_code,settle_ms,sample_count,record_index,polarity,i_plus,i_minus,v_plus,v_minus,voltage_mv,current_ua,quality
0,21,adjacent,100,100,16,0,FWD,E1,E2,E3,E4,16.847358,250.000000,OK
0,21,adjacent,100,100,16,1,REV,E2,E1,E3,E4,-16.847358,250.000000,OK
0,21,adjacent,100,100,16,2,FWD,E1,E2,E4,E5,19.514292,250.000000,OK
0,21,adjacent,100,100,16,3,REV,E2,E1,E4,E5,-19.514292,250.000000,OK
0,21,adjacent,100,100,16,4,FWD,E1,E2,E5,E6,19.818843,250.000000,OK
0,21,adjacent,100,100,16,5,REV,E2,E1,E5,E6,-19.818843,250.000000,OK
0,21,adjacent,100,100,16,6,FWD,E1,E2,E6,E7,18.270279,250.000000,OK
0,21,adjacent,100,100,16,7,REV,E2,E1,E6,E7,-18.270279,250.000000,OK
0,21,adjacent,100,100,16,8,FWD,E1,E2,E7,E8,14.459352,250.000000,OK
0,21,adjacent,100,100,16,9,REV,E2,E1,E7,E8,-14.459352,250.000000,OK
0,21,adjacent,100,100,16,10,FWD,E1,E2,E8,E9,9.105454,250.000000,OK
0,21,adjacent,100,100,16,11,REV,E2,E1,E8,E9,-9.105454,250.000000,OK
0,21,adjacent,100,100,16,12,FWD,E1,E2,E9,E10,2.782252,250.000000,OK
0,21,adjacent,100,100,16,13,REV,E2,E1,E9,E10,-2.782252,250.000000,OK
0,21,adjacent,100,100,16,14,FWD,E1,E2,E10,E11,-3.865500,250.000000,OK
0,21,adjacent,100,100,16,15,REV,E2,E1,E10,E11,3.865500,250.000000,OK
0,21,adjacent,100,100,16,16,FWD,E1,E2,E11,E12,-10.036723,250.000000,OK
0,21,adjacent,100,100,16,17,REV,E2,E1,E11,E12,10.036723,250.000000,OK
0,21,adjacent,100,100,16,18,FWD,E2,E3,E4,E5,19.949853,250.000000,OK
0,21,adjacent,100,100,16,19,REV,E3,E2,E4,E5,-19.949853,250.000000,OK
0,21,adjacent,100,100,16,20,FWD,E2,E3,E5,E6,18.215152,250.000000,OK
0,21,adjacent,100,100,16,21,REV,E3,E2,E5,E6,-18.215152,250.000000,OK
0,21,adjacent,100,100,16,22,FWD,E2,E3,E6,E7,14.493632,250.000000,OK
0,21,adjacent,100,100,16,23,REV,E3,E2,E6,E7,-14.493632,250.000000,OK
0,21,adjacent,100,100,16,24,FWD,E2,E3,E7,E8,9.060712,250.000000,OK
0,21,adjacent,100,100,16,25,REV,E3,E2,E7,E8,-9.060712,250.000000,OK
0,21,adjacent,100,100,16,26,FWD,E2,E3,E8,E9,2.743852,250.000000,OK
0,21,adjacent,100,100,16,27,REV,E3,E2,E8,E9,-2.743852,250.000000,OK
0,21,adjacent,100,100,16,28,FWD,E2,E3,E9,E10,-3.733669,250.000000,OK
0,21,adjacent,100,100,16,29,REV,E3,E2,E9,E10,3.733669,250.000000,OK
0,21,adjacent,100,100,16,30,FWD,E2,E3,E10,E11,-9.977097,250.000000,OK
0,21,adjacent,100,100,16,31,REV,E3,E2,E10,E11,9.977097,250.000000,OK
0,21,adjacent,100,100,16,32,FWD,E2,E3,E11,E12,-15.026889,250.000000,OK
0,21,adjacent,100,100,16,33,REV,E3,E2,E11,E12,15.026889,250.000000,OK
0,21,adjacent,100,100,16,34,FWD,E2,E3,E12,E1,-18.519799,250.000000,OK
0,21,adjacent,100,100,16,35,REV,E3,E2,E12,E1,18.519799,250.000000,OK
0,21,adjacent,100,100,16,36,FWD,E3,E4,E1,E2,16.778200,250.000000,OK
0,21,adjacent,100,100,16,37,REV,E4,E3,E1,E2,-16.778200,250.000000,OK
0,21,adjacent,100,100,16,38,FWD,E3,E4,E5,E6,14.525981,250.000000,OK
0,21,adjacent,100,100,16,39,REV,E4,E3,E5,E6,-14.525981,250.000000,OK
0,21,adjacent,100,100,16,40,FWD,E3,E4,E6,E7,9.176872,250.000000,OK
0,21,adjacent,100,100,16,41,REV,E4,E3,E6,E7,-9.176872,250.000000,OK
0,21,adjacent,100,100,16,42,FWD,E3,E4,E7,E8,2.833141,250.000000,OK
0,21,adjacent,100,100,16,43,REV,E4,E3,E7,E8,-2.833141,250.000000,OK
0,21,adjacent,100,100,16,44,FWD,E3,E4,E8,E9,-3.852353,250.000000,OK
0,21,adjacent,100,100,16,45,REV,E4,E3,E8,E9,3.852353,250.000000,OK
0,21,adjacent,100,100,16,46,FWD,E3,E4,E9,E10,-10.025402,250.000000,OK
0,21,adjacent,100,100,16,47,REV,E4,E3,E9,E10,10.025402,250.000000,OK
0,21,adjacent,100,100,16,48,FWD,E3,E4,E10,E11,-15.143400,250.000000,OK
0,21,adjacent,100,100,16,49,REV,E4,E3,E10,E11,15.143400,250.000000,OK
0,21,adjacent,100,100,16,50,FWD,E3,E4,E11,E12,-18.535663,250.000000,OK
0,21,adjacent,100,100,16,51,REV,E4,E3,E11,E12,18.535663,250.000000,OK
0,21,adjacent,100,100,16,52,FWD,E3,E4,E12,E1,-19.972873,250.000000,OK
0,21,adjacent,100,100,16,53,REV,E4,E3,E12,E1,19.972873,250.000000,OK
0,21,adjacent,100,100,16,54,FWD,E4,E5,E1,E2,19.517995,250.000000,OK
0,21,adjacent,100,100,16,55,REV,E5,E4,E1,E2,-19.517995,250.000000,OK
0,21,adjacent,100,100,16,56,FWD,E4,E5,E2,E3,19.869435,250.000000,OK
0,21,adjacent,100,100,16,57,REV,E5,E4,E2,E3,-19.869435,250.000000,OK
0,21,adjacent,100,100,16,58,FWD,E4,E5,E6,E7,2.845955,250.000000,OK
0,21,adjacent,100,100,16,59,REV,E5,E4,E6,E7,-2.845955,250.000000,OK
0,21,adjacent,100,100,16,60,FWD,E4,E5,E7,E8,-3.786417,250.000000,OK
0,21,adjacent,100,100,16,61,REV,E5,E4,E7,E8,3.786417,250.000000,OK
0,21,adjacent,100,100,16,62,FWD,E4,E5,E8,E9,-10.068758,250.000000,OK
0,21,adjacent,100,100,16,63,REV,E5,E4,E8,E9,10.068758,250.000000,OK
0,21,adjacent,100,100,16,64,FWD,E4,E5,E9,E10,-15.195113,250.000000,OK
0,21,adjacent,100,100,16,65,REV,E5,E4,E9,E10,15.195113,250.000000,OK
0,21,adjacent,100,100,16,66,FWD,E4,E5,E10,E11,-18.529611,250.000000,OK
0,21,adjacent,100,100,16,67,REV,E5,E4,E10,E11,18.529611,250.000000,OK
0,21,adjacent,100,100,16,68,FWD,E4,E5,E11,E12,-19.953226,250.000000,OK
0,21,adjacent,100,100,16,69,REV,E5,E4,E11,E12,19.953226,250.000000,OK
0,21,adjacent,100,100,16,70,FWD,E4,E5,E12,E1,-19.186611,250.000000,OK
0,21,adjacent,100,100,16,71,REV,E5,E4,E12,E1,19.186611,250.000000,OK
0,21,adjacent,100,100,16,72,FWD,E5,E6,E1,E2,19.927878,250.000000,OK
0,21,adjacent,100,100,16,73,REV,E6,E5,E1,E2,-19.927878,250.000000,OK
0,21,adjacent,100,100,16,74,FWD,E5,E6,E2,E3,18.152181,250.000000,OK
0,21,adjacent,100,100,16,75,REV,E6,E5,E2,E3,-18.152181,250.000000,OK
0,21,adjacent,100,100,16,76,FWD,E5,E6,E3,E4,14.473635,250.000000,OK
0,21,adjacent,100,100,16,77,REV,E6,E5,E3,E4,-14.473635,250.000000,OK
0,21,adjacent,100,100,16,78,FWD,E5,E6,E7,E8,-10.055797,250.000000,OK
0,21,adjacent,100,100,16,79,REV,E6,E5,E7,E8,10.055797,250.000000,OK
0,21,adjacent,100,100,16,80,FWD,E5,E6,E8,E9,-15.126610,250.000000,OK
0,21,adjacent,100,100,16,81,REV,E6,E5,E8,E9,15.126610,250.000000,OK
0,21,adjacent,100,100,16,82,FWD,E5,E6,E9,E10,-18.530986,250.000000,OK
0,21,adjacent,100,100,16,83,REV,E6,E5,E9,E10,18.530986,250.000000,OK
0,21,adjacent,100,100,16,84,FWD,E5,E6,E10,E11,-19.996080,250.000000,OK
0,21,adjacent,100,100,16,85,REV,E6,E5,E10,E11,19.996080,250.000000,OK
0,21,adjacent,100,100,16,86,FWD,E5,E6,E11,E12,-19.135997,250.000000,OK
0,21,adjacent,100,100,16,87,REV,E6,E5,E11,E12,19.135997,250.000000,OK
0,21,adjacent,100,100,16,88,FWD,E5,E6,E12,E1,-16.318298,250.000000,OK
0,21,adjacent,100,100,16,89,REV,E6,E5,E12,E1,16.318298,250.000000,OK
0,21,adjacent,100,100,16,90,FWD,E6,E7,E1,E2,18.171524,250.000000,OK
0,21,adjacent,100,100,16,91,REV,E7,E6,E1,E2,-18.171524,250.000000,OK
0,21,adjacent,100,100,16,92,FWD,E6,E7,E2,E3,14.393481,250.000000,OK
0,21,adjacent,100,100,16,93,REV,E7,E6,E2,E3,-14.393481,250.000000,OK
0,21,adjacent,100,100,16,94,FWD,E6,E7,E3,E4,9.140423,250.000000,OK
0,21,adjacent,100,100,16,95,REV,E7,E6,E3,E4,-9.140423,250.000000,OK
0,21,adjacent,100,100,16,96,FWD,E6,E7,E4,E5,2.826333,250.000000,OK
0,21,adjacent,100,100,16,97,REV,E7,E6,E4,E5,-2.826333,250.000000,OK
0,21,adjacent,100,100,16,98,FWD,E6,E7,E8,E9,-18.590153,250.000000,OK
0,21,adjacent,100,100,16,99,REV,E7,E6,E8,E9,18.590153,250.000000,OK
0,21,adjacent,100,100,16,100,FWD,E6,E7,E9,E10,-19.992482,250.000000,OK
0,21,adjacent,100,100,16,101,REV,E7,E6,E9,E10,19.992482,250.000000,OK
0,21,adjacent,100,100,16,102,FWD,E6,E7,E10,E11,-19.111476,250.000000,OK
0,21,adjacent,100,100,16,103,REV,E7,E6,E10,E11,19.111476,250.000000,OK
0,21,adjacent,100,100,16,104,FWD,E6,E7,E11,E12,-16.195398,250.000000,OK
0,21,adjacent,100,100,16,105,REV,E7,E6,E11,E12,16.195398,250.000000,OK
0,21,adjacent,100,100,16,106,FWD,E6,E7,E12,E1,-11.624746,250.000000,OK
0,21,adjacent,100,100,16,107,REV,E7,E6,E12,E1,11.624746,250.000000,OK
0,21,adjacent,100,100,16,108,FWD,E7,E8,E1,E2,14.520423,250.000000,OK
0,21,adjacent,100,100,16,109,REV,E8,E7,E1,E2,-14.520423,250.000000,OK
0,21,adjacent,100,100,16,110,FWD,E7,E8,E2,E3,9.059299,250.000000,OK
0,21,adjacent,100,100,16,111,REV,E8,E7,E2,E3,-9.059299,250.000000,OK
0,21,adjacent,100,100,16,112,FWD,E7,E8,E3,E4,2.785676,250.000000,OK
0,21,adjacent,100,100,16,113,REV,E8,E7,E3,E4,-2.785676,250.000000,OK
0,21,adjacent,100,100,16,114,FWD,E7,E8,E4,E5,-3.820032,250.000000,OK
0,21,adjacent,100,100,16,115,REV,E8,E7,E4,E5,3.820032,250.000000,OK
0,21,adjacent,100,100,16,116,FWD,E7,E8,E5,E6,-10.019988,250.000000,OK
0,21,adjacent,100,100,16,117,REV,E8,E7,E5,E6,10.019988,250.000000,OK
0,21,adjacent,100,100,16,118,FWD,E7,E8,E9,E10,-19.230856,250.000000,OK
0,21,adjacent,100,100,16,119,REV,E8,E7,E9,E10,19.230856,250.000000,OK
0,21,adjacent,100,100,16,120,FWD,E7,E8,E10,E11,-16.302711,250.000000,OK
0,21,adjacent,100,100,16,121,REV,E8,E7,E10,E11,16.302711,250.000000,OK
0,21,adjacent,100,100,16,122,FWD,E7,E8,E11,E12,-11.560132,250.000000,OK
0,21,adjacent,100,100,16,123,REV,E8,E7,E11,E12,11.560132,250.000000,OK
0,21,adjacent,100,100,16,124,FWD,E7,E8,E12,E1,-5.622981,250.000000,OK
0,21,adjacent,100,100,16,125,REV,E8,E7,E12,E1,5.622981,250.000000,OK
0,21,adjacent,100,100,16,126,FWD,E8,E9,E1,E2,9.113392,250.000000,OK
0,21,adjacent,100,100,16,127,REV,E9,E8,E1,E2,-9.113392,250.000000,OK
0,21,adjacent,100,100,16,128,FWD,E8,E9,E2,E3,2.855713,250.000000,OK
0,21,adjacent,100,100,16,129,REV,E9,E8,E2,E3,-2.855713,250.000000,OK
0,21,adjacent,100,100,16,130,FWD,E8,E9,E3,E4,-3.764773,250.000000,OK
0,21,adjacent,100,100,16,131,REV,E9,E8,E3,E4,3.764773,250.000000,OK
0,21,adjacent,100,100,16,132,FWD,E8,E9,E4,E5,-10.028544,250.000000,OK
0,21,adjacent,100,100,16,133,REV,E9,E8,E4,E5,10.028544,250.000000,OK
0,21,adjacent,100,100,16,134,FWD,E8,E9,E5,E6,-15.135140,250.000000,OK
0,21,adjacent,100,100,16,135,REV,E9,E8,E5,E6,15.135140,250.000000,OK
0,21,adjacent,100,100,16,136,FWD,E8,E9,E6,E7,-18.581270,250.000000,OK
0,21,adjacent,100,100,16,137,REV,E9,E8,E6,E7,18.581270,250.000000,OK
0,21,adjacent,100,100,16,138,FWD,E8,E9,E10,E11,-11.586689,250.000000,OK
0,21,adjacent,100,100,16,139,REV,E9,E8,E10,E11,11.586689,250.000000,OK
0,21,adjacent,100,100,16,140,FWD,E8,E9,E11,E12,-5.613880,250.000000,OK
0,21,adjacent,100,100,16,141,REV,E9,E8,E11,E12,5.613880,250.000000,OK
0,21,adjacent,100,100,16,142,FWD,E8,E9,E12,E1,0.950653,250.000000,OK
0,21,adjacent,100,100,16,143,REV,E9,E8,E12,E1,-0.950653,250.000000,OK
0,21,adjacent,100,100,16,144,FWD,E9,E10,E1,E2,2.854820,250.000000,OK
0,21,adjacent,100,100,16,145,REV,E10,E9,E1,E2,-2.854820,250.000000,OK
0,21,adjacent,100,100,16,146,FWD,E9,E10,E2,E3,-3.815567,250.000000,OK
0,21,adjacent,100,100,16,147,REV,E10,E9,E2,E3,3.815567,250.000000,OK
0,21,adjacent,100,100,16,148,FWD,E9,E10,E3,E4,-10.032413,250.000000,OK
0,21,adjacent,100,100,16,149,REV,E10,E9,E3,E4,10.032413,250.000000,OK
0,21,adjacent,100,100,16,150,FWD,E9,E10,E4,E5,-15.126023,250.000000,OK
0,21,adjacent,100,100,16,151,REV,E10,E9,E4,E5,15.126023,250.000000,OK
0,21,adjacent,100,100,16,152,FWD,E9,E10,E5,E6,-18.553756,250.000000,OK
0,21,adjacent,100,100,16,153,REV,E10,E9,E5,E6,18.553756,250.000000,OK
0,21,adjacent,100,100,16,154,FWD,E9,E10,E6,E7,-19.908047,250.000000,OK
0,21,adjacent,100,100,16,155,REV,E10,E9,E6,E7,19.908047,250.000000,OK
0,21,adjacent,100,100,16,156,FWD,E9,E10,E7,E8,-19.192163,250.000000,OK
0,21,adjacent,100,100,16,157,REV,E10,E9,E7,E8,19.192163,250.000000,OK
0,21,adjacent,100,100,16,158,FWD,E9,E10,E11,E12,0.982482,250.000000,OK
0,21,adjacent,100,100,16,159,REV,E10,E9,E11,E12,-0.982482,250.000000,OK
0,21,adjacent,100,100,16,160,FWD,E9,E10,E12,E1,7.493053,250.000000,OK
0,21,adjacent,100,100,16,161,REV,E10,E9,E12,E1,-7.493053,250.000000,OK
0,21,adjacent,100,100,16,162,FWD,E10,E11,E1,E2,-3.853634,250.000000,OK
0,21,adjacent,100,100,16,163,REV,E11,E10,E1,E2,3.853634,250.000000,OK
0,21,adjacent,100,100,16,164,FWD,E10,E11,E2,E3,-9.961919,250.000000,OK
0,21,adjacent,100,100,16,165,REV,E11,E10,E2,E3,9.961919,250.000000,OK
0,21,adjacent,100,100,16,166,FWD,E10,E11,E3,E4,-15.089738,250.000000,OK
0,21,adjacent,100,100,16,167,REV,E11,E10,E3,E4,15.089738,250.000000,OK
0,21,adjacent,100,100,16,168,FWD,E10,E11,E4,E5,-18.545594,250.000000,OK
0,21,adjacent,100,100,16,169,REV,E11,E10,E4,E5,18.545594,250.000000,OK
0,21,adjacent,100,100,16,170,FWD,E10,E11,E5,E6,-19.985079,250.000000,OK
0,21,adjacent,100,100,16,171,REV,E11,E10,E5,E6,19.985079,250.000000,OK
0,21,adjacent,100,100,16,172,FWD,E10,E11,E6,E7,-19.141506,250.000000,OK
0,21,adjacent,100,100,16,173,REV,E11,E10,E6,E7,19.141506,250.000000,OK
0,21,adjacent,100,100,16,174,FWD,E10,E11,E7,E8,-16.214078,250.000000,OK
0,21,adjacent,100,100,16,175,REV,E11,E10,E7,E8,16.214078,250.000000,OK
0,21,adjacent,100,100,16,176,FWD,E10,E11,E8,E9,-11.538970,250.000000,OK
0,21,adjacent,100,100,16,177,REV,E11,E10,E8,E9,11.538970,250.000000,OK
0,21,adjacent,100,100,16,178,FWD,E10,E11,E12,E1,13.125733,250.000000,OK
0,21,adjacent,100,100,16,179,REV,E11,E10,E12,E1,-13.125733,250.000000,OK
0,21,adjacent,100,100,16,180,FWD,E11,E12,E1,E2,-10.109795,250.000000,OK
0,21,adjacent,100,100,16,181,REV,E12,E11,E1,E2,10.109795,250.000000,OK
0,21,adjacent,100,100,16,182,FWD,E11,E12,E2,E3,-15.088702,250.000000,OK
0,21,adjacent,100,100,16,183,REV,E12,E11,E2,E3,15.088702,250.000000,OK
0,21,adjacent,100,100,16,184,FWD,E11,E12,E3,E4,-18.597953,250.000000,OK
0,21,adjacent,100,100,16,185,REV,E12,E11,E3,E4,18.597953,250.000000,OK
0,21,adjacent,100,100,16,186,FWD,E11,E12,E4,E5,-20.021260,250.000000,OK
0,21,adjacent,100,100,16,187,REV,E12,E11,E4,E5,20.021260,250.000000,OK
0,21,adjacent,100,100,16,188,FWD,E11,E12,E5,E6,-19.133956,250.000000,OK
0,21,adjacent,100,100,16,189,REV,E12,E11,E5,E6,19.133956,250.000000,OK
0,21,adjacent,100,100,16,190,FWD,E11,E12,E6,E7,-16.249679,250.000000,OK
0,21,adjacent,100,100,16,191,REV,E12,E11,E6,E7,16.249679,250.000000,OK
0,21,adjacent,100,100,16,192,FWD,E11,E12,E7,E8,-11.634907,250.000000,OK
0,21,adjacent,100,100,16,193,REV,E12,E11,E7,E8,11.634907,250.000000,OK
0,21,adjacent,100,100,16,194,FWD,E11,E12,E8,E9,-5.593262,250.000000,OK
0,21,adjacent,100,100,16,195,REV,E12,E11,E8,E9,5.593262,250.000000,OK
0,21,adjacent,100,100,16,196,FWD,E11,E12,E9,E10,0.989078,250.000000,OK
0,21,adjacent,100,100,16,197,REV,E12,E11,E9,E10,-0.989078,250.000000,OK
0,21,adjacent,100,100,16,198,FWD,E12,E1,E2,E3,-18.530659,250.000000,OK
0,21,adjacent,100,100,16,199,REV,E1,E12,E2,E3,18.530659,250.000000,OK
0,21,adjacent,100,100,16,200,FWD,E12,E1,E3,E4,-20.073854,250.000000,OK
0,21,adjacent,100,100,16,201,REV,E1,E12,E3,E4,20.073854,250.000000,OK
0,21,adjacent,100,100,16,202,FWD,E12,E1,E4,E5,-19.197764,250.000000,OK
0,21,adjacent,100,100,16,203,REV,E1,E12,E4,E5,19.197764,250.000000,OK
0,21,adjacent,100,100,16,204,FWD,E12,E1,E5,E6,-16.273500,250.000000,OK
0,21,adjacent,100,100,16,205,REV,E1,E12,E5,E6,16.273500,250.000000,OK
0,21,adjacent,100,100,16,206,FWD,E12,E1,E6,E7,-11.493020,250.000000,OK
0,21,adjacent,100,100,16,207,REV,E1,E12,E6,E7,11.493020,250.000000,OK
0,21,adjacent,100,100,16,208,FWD,E12,E1,E7,E8,-5.642479,250.000000,OK
0,21,adjacent,100,100,16,209,REV,E1,E12,E7,E8,5.642479,250.000000,OK
0,21,adjacent,100,100,16,210,FWD,E12,E1,E8,E9,0.855519,250.000000,OK
0,21,adjacent,100,100,16,211,REV,E1,E12,E8,E9,-0.855519,250.000000,OK
0,21,adjacent,100,100,16,212,FWD,E12,E1,E9,E10,7.413823,250.000000,OK
0,21,adjacent,100,100,16,213,REV,E1,E12,E9,E10,-7.413823,250.000000,OK
0,21,adjacent,100,100,16,214,FWD,E12,E1,E10,E11,13.152885,250.000000,OK
0,21,adjacent,100,100,16,215,REV,E1,E12,E10,E11,-13.152885,250.000000,OK
1,22,adjacent,100,100,16,0,FWD,E1,E2,E3,E4,16.759539,250.000000,OK
1,22,adjacent,100,100,16,1,REV,E2,E1,E3,E4,-16.759539,250.000000,OK
1,22,adjacent,100,100,16,2,FWD,E1,E2,E4,E5,19.378558,250.000000,OK
1,22,adjacent,100,100,16,3,REV,E2,E1,E4,E5,-19.378558,250.000000,OK
1,22,adjacent,100,100,16,4,FWD,E1,E2,E5,E6,19.843046,250.000000,OK
1,22,adjacent,100,100,16,5,REV,E2,E1,E5,E6,-19.843046,250.000000,OK
1,22,adjacent,100,100,16,6,FWD,E1,E2,E6,E7,18.154814,250.000000,OK
1,22,adjacent,100,100,16,7,REV,E2,E1,E6,E7,-18.154814,250.000000,OK
1,22,adjacent,100,100,16,8,FWD,E1,E2,E7,E8,14.534082,250.000000,OK
1,22,adjacent,100,100,16,9,REV,E2,E1,E7,E8,-14.534082,250.000000,OK
1,22,adjacent,100,100,16,10,FWD,E1,E2,E8,E9,9.065387,250.000000,OK
1,22,adjacent,100,100,16,11,REV,E2,E1,E8,E9,-9.065387,250.000000,OK
1,22,adjacent,100,100,16,12,FWD,E1,E2,E9,E10,2.869599,250.000000,OK
1,22,adjacent,100,100,16,13,REV,E2,E1,E9,E10,-2.869599,250.000000,OK
1,22,adjacent,100,100,16,14,FWD,E1,E2,E10,E11,-3.748236,250.000000,OK
1,22,adjacent,100,100,16,15,REV,E2,E1,E10,E11,3.748236,250.000000,OK
1,22,adjacent,100,100,16,16,FWD,E1,E2,E11,E12,-10.043314,250.000000,OK
1,22,adjacent,100,100,16,17,REV,E2,E1,E11,E12,10.043314,250.000000,OK
1,22,adjacent,100,100,16,18,FWD,E2,E3,E4,E5,19.873112,250.000000,OK
1,22,adjacent,100,100,16,19,REV,E3,E2,E4,E5,-19.873112,250.000000,OK
1,22,adjacent,100,100,16,20,FWD,E2,E3,E5,E6,18.209554,250.000000,OK
1,22,adjacent,100,100,16,21,REV,E3,E2,E5,E6,-18.209554,250.000000,OK
1,22,adjacent,100,100,16,22,FWD,E2,E3,E6,E7,14.522446,250.000000,OK
1,22,adjacent,100,100,16,23,REV,E3,E2,E6,E7,-14.522446,250.000000,OK
1,22,adjacent,100,100,16,24,FWD,E2,E3,E7,E8,9.253229,250.000000,OK
1,22,adjacent,100,100,16,25,REV,E3,E2,E7,E8,-9.253229,250.000000,OK
1,22,adjacent,100,100,16,26,FWD,E2,E3,E8,E9,2.866991,250.000000,OK
1,22,adjacent,100,100,16,27,REV,E3,E2,E8,E9,-2.866991,250.000000,OK
1,22,adjacent,100,100,16,28,FWD,E2,E3,E9,E10,-3.731667,250.000000,OK
1,22,adjacent,100,100,16,29,REV,E3,E2,E9,E10,3.731667,250.000000,OK
1,22,adjacent,100,100,16,30,FWD,E2,E3,E10,E11,-10.048056,250.000000,OK
1,22,adjacent,100,100,16,31,REV,E3,E2,E10,E11,10.048056,250.000000,OK
1,22,adjacent,100,100,16,32,FWD,E2,E3,E11,E12,-15.179761,250.000000,OK
1,22,adjacent,100,100,16,33,REV,E3,E2,E11,E12,15.179761,250.000000,OK
1,22,adjacent,100,100,16,34,FWD,E2,E3,E12,E1,-18.666279,250.000000,OK
1,22,adjacent,100,100,16,35,REV,E3,E2,E12,E1,18.666279,250.000000,OK
1,22,adjacent,100,100,16,36,FWD,E3,E4,E1,E2,16.771735,250.000000,OK
1,22,adjacent,100,100,16,37,REV,E4,E3,E1,E2,-16.771735,250.000000,OK
1,22,adjacent,100,100,16,38,FWD,E3,E4,E5,E6,14.443546,250.000000,OK
1,22,adjacent,100,100,16,39,REV,E4,E3,E5,E6,-14.443546,250.000000,OK
1,22,adjacent,100,100,16,40,FWD,E3,E4,E6,E7,9.155102,250.000000,OK
1,22,adjacent,100,100,16,41,REV,E4,E3,E6,E7,-9.155102,250.000000,OK
1,22,adjacent,100,100,16,42,FWD,E3,E4,E7,E8,2.756745,250.000000,OK
1,22,adjacent,100,100,16,43,REV,E4,E3,E7,E8,-2.756745,250.000000,OK
1,22,adjacent,100,100,16,44,FWD,E3,E4,E8,E9,-3.770555,250.000000,OK
1,22,adjacent,100,100,16,45,REV,E4,E3,E8,E9,3.770555,250.000000,OK
1,22,adjacent,100,100,16,46,FWD,E3,E4,E9,E10,-10.030693,250.000000,OK
1,22,adjacent,100,100,16,47,REV,E4,E3,E9,E10,10.030693,250.000000,OK
1,22,adjacent,100,100,16,48,FWD,E3,E4,E10,E11,-15.168160,250.000000,OK
1,22,adjacent,100,100,16,49,REV,E4,E3,E10,E11,15.168160,250.000000,OK
1,22,adjacent,100,100,16,50,FWD,E3,E4,E11,E12,-18.618554,250.000000,OK
1,22,adjacent,100,100,16,51,REV,E4,E3,E11,E12,18.618554,250.000000,OK
1,22,adjacent,100,100,16,52,FWD,E3,E4,E12,E1,-19.878064,250.000000,OK
1,22,adjacent,100,100,16,53,REV,E4,E3,E12,E1,19.878064,250.000000,OK
1,22,adjacent,100,100,16,54,FWD,E4,E5,E1,E2,19.447219,250.000000,OK
1,22,adjacent,100,100,16,55,REV,E5,E4,E1,E2,-19.447219,250.000000,OK
1,22,adjacent,100,100,16,56,FWD,E4,E5,E2,E3,19.863263,250.000000,OK
1,22,adjacent,100,100,16,57,REV,E5,E4,E2,E3,-19.863263,250.000000,OK
1,22,adjacent,100,100,16,58,FWD,E4,E5,E6,E7,2.774701,250.000000,OK
1,22,adjacent,100,100,16,59,REV,E5,E4,E6,E7,-2.774701,250.000000,OK
1,22,adjacent,100,100,16,60,FWD,E4,E5,E7,E8,-3.719468,250.000000,OK
1,22,adjacent,100,100,16,61,REV,E5,E4,E7,E8,3.719468,250.000000,OK
1,22,adjacent,100,100,16,62,FWD,E4,E5,E8,E9,-10.054459,250.000000,OK
1,22,adjacent,100,100,16,63,REV,E5,E4,E8,E9,10.054459,250.000000,OK
1,22,adjacent,100,100,16,64,FWD,E4,E5,E9,E10,-15.076615,250.000000,OK
1,22,adjacent,100,100,16,65,REV,E5,E4,E9,E10,15.076615,250.000000,OK
1,22,adjacent,100,100,16,66,FWD,E4,E5,E10,E11,-18.509126,250.000000,OK
1,22,adjacent,100,100,16,67,REV,E5,E4,E10,E11,18.509126,250.000000,OK
1,22,adjacent,100,100,16,68,FWD,E4,E5,E11,E12,-20.095318,250.000000,OK
1,22,adjacent,100,100,16,69,REV,E5,E4,E11,E12,20.095318,250.000000,OK
1,22,adjacent,100,100,16,70,FWD,E4,E5,E12,E1,-19.110937,250.000000,OK
1,22,adjacent,100,100,16,71,REV,E5,E4,E12,E1,19.110937,250.000000,OK
1,22,adjacent,100,100,16,72,FWD,E5,E6,E1,E2,19.897738,250.000000,OK
1,22,adjacent,100,100,16,73,REV,E6,E5,E1,E2,-19.897738,250.000000,OK
1,22,adjacent,100,100,16,74,FWD,E5,E6,E2,E3,18.131742,250.000000,OK
1,22,adjacent,100,100,16,75,REV,E6,E5,E2,E3,-18.131742,250.000000,OK
1,22,adjacent,100,100,16,76,FWD,E5,E6,E3,E4,14.434526,250.000000,OK
1,22,adjacent,100,100,16,77,REV,E6,E5,E3,E4,-14.434526,250.000000,OK
1,22,adjacent,100,100,16,78,FWD,E5,E6,E7,E8,-9.997496,250.000000,OK
1,22,adjacent,100,100,16,79,REV,E6,E5,E7,E8,9.997496,250.000000,OK
1,22,adjacent,100,100,16,80,FWD,E5,E6,E8,E9,-15.117351,250.000000,OK
1,22,adjacent,100,100,16,81,REV,E6,E5,E8,E9,15.117351,250.000000,OK
1,22,adjacent,100,100,16,82,FWD,E5,E6,E9,E10,-18.559014,250.000000,OK
1,22,adjacent,100,100,16,83,REV,E6,E5,E9,E10,18.559014,250.000000,OK
1,22,adjacent,100,100,16,84,FWD,E5,E6,E10,E11,-20.015343,250.000000,OK
1,22,adjacent,100,100,16,85,REV,E6,E5,E10,E11,20.015343,250.000000,OK
1,22,adjacent,100,100,16,86,FWD,E5,E6,E11,E12,-19.114531,250.000000,OK
1,22,adjacent,100,100,16,87,REV,E6,E5,E11,E12,19.114531,250.000000,OK
1,22,adjacent,100,100,16,88,FWD,E5,E6,E12,E1,-16.191481,250.000000,OK
1,22,adjacent,100,100,16,89,REV,E6,E5,E12,E1,16.191481,250.000000,OK
1,22,adjacent,100,100,16,90,FWD,E6,E7,E1,E2,18.277652,250.000000,OK
1,22,adjacent,100,100,16,91,REV,E7,E6,E1,E2,-18.277652,250.000000,OK
1,22,adjacent,100,100,16,92,FWD,E6,E7,E2,E3,14.511741,250.000000,OK
1,22,adjacent,100,100,16,93,REV,E7,E6,E2,E3,-14.511741,250.000000,OK
1,22,adjacent,100,100,16,94,FWD,E6,E7,E3,E4,9.240168,250.000000,OK
1,22,adjacent,100,100,16,95,REV,E7,E6,E3,E4,-9.240168,250.000000,OK
1,22,adjacent,100,100,16,96,FWD,E6,E7,E4,E5,2.927097,250.000000,OK
1,22,adjacent,100,100,16,97,REV,E7,E6,E4,E5,-2.927097,250.000000,OK
1,22,adjacent,100,100,16,98,FWD,E6,E7,E8,E9,-18.545077,250.000000,OK
1,22,adjacent,100,100,16,99,REV,E7,E6,E8,E9,18.545077,250.000000,OK
1,22,adjacent,100,100,16,100,FWD,E6,E7,E9,E10,-19.935040,250.000000,OK
1,22,adjacent,100,100,16,101,REV,E7,E6,E9,E10,19.935040,250.000000,OK
1,22,adjacent,100,100,16,102,FWD,E6,E7,E10,E11,-19.149375,250.000000,OK
1,22,adjacent,100,100,16,103,REV,E7,E6,E10,E11,19.149375,250.000000,OK
1,22,adjacent,100,100,16,104,FWD,E6,E7,E11,E12,-16.239017,250.000000,OK
1,22,adjacent,100,100,16,105,REV,E7,E6,E11,E12,16.239017,250.000000,OK
1,22,adjacent,100,100,16,106,FWD,E6,E7,E12,E1,-11.520803,250.000000,OK
1,22,adjacent,100,100,16,107,REV,E7,E6,E12,E1,11.520803,250.000000,OK
1,22,adjacent,100,100,16,108,FWD,E7,E8,E1,E2,14.376269,250.000000,OK
1,22,adjacent,100,100,16,109,REV,E8,E7,E1,E2,-14.376269,250.000000,OK
1,22,adjacent,100,100,16,110,FWD,E7,E8,E2,E3,9.129263,250.000000,OK
1,22,adjacent,100,100,16,111,REV,E8,E7,E2,E3,-9.129263,250.000000,OK
1,22,adjacent,100,100,16,112,FWD,E7,E8,E3,E4,2.846793,250.000000,OK
1,22,adjacent,100,100,16,113,REV,E8,E7,E3,E4,-2.846793,250.000000,OK
1,22,adjacent,100,100,16,114,FWD,E7,E8,E4,E5,-3.916726,250.000000,OK
1,22,adjacent,100,100,16,115,REV,E8,E7,E4,E5,3.916726,250.000000,OK
1,22,adjacent,100,100,16,116,FWD,E7,E8,E5,E6,-10.097633,250.000000,OK
1,22,adjacent,100,100,16,117,REV,E8,E7,E5,E6,10.097633,250.000000,OK
1,22,adjacent,100,100,16,118,FWD,E7,E8,E9,E10,-19.099261,250.000000,OK
1,22,adjacent,100,100,16,119,REV,E8,E7,E9,E10,19.099261,250.000000,OK
1,22,adjacent,100,100,16,120,FWD,E7,E8,E10,E11,-16.319546,250.000000,OK
1,22,adjacent,100,100,16,121,REV,E8,E7,E10,E11,16.319546,250.000000,OK
1,22,adjacent,100,100,16,122,FWD,E7,E8,E11,E12,-11.587182,250.000000,OK
1,22,adjacent,100,100,16,123,REV,E8,E7,E11,E12,11.587182,250.000000,OK
1,22,adjacent,100,100,16,124,FWD,E7,E8,E12,E1,-5.569554,250.000000,OK
1,22,adjacent,100,100,16,125,REV,E8,E7,E12,E1,5.569554,250.000000,OK
1,22,adjacent,100,100,16,126,FWD,E8,E9,E1,E2,9.121653,250.000000,OK
1,22,adjacent,100,100,16,127,REV,E9,E8,E1,E2,-9.121653,250.000000,OK
1,22,adjacent,100,100,16,128,FWD,E8,E9,E2,E3,2.779360,250.000000,OK
1,22,adjacent,100,100,16,129,REV,E9,E8,E2,E3,-2.779360,250.000000,OK
1,22,adjacent,100,100,16,130,FWD,E8,E9,E3,E4,-3.837163,250.000000,OK
1,22,adjacent,100,100,16,131,REV,E9,E8,E3,E4,3.837163,250.000000,OK
1,22,adjacent,100,100,16,132,FWD,E8,E9,E4,E5,-10.046951,250.000000,OK
1,22,adjacent,100,100,16,133,REV,E9,E8,E4,E5,10.046951,250.000000,OK
1,22,adjacent,100,100,16,134,FWD,E8,E9,E5,E6,-15.165040,250.000000,OK
1,22,adjacent,100,100,16,135,REV,E9,E8,E5,E6,15.165040,250.000000,OK
1,22,adjacent,100,100,16,136,FWD,E8,E9,E6,E7,-18.571172,250.000000,OK
1,22,adjacent,100,100,16,137,REV,E9,E8,E6,E7,18.571172,250.000000,OK
1,22,adjacent,100,100,16,138,FWD,E8,E9,E10,E11,-11.483474,250.000000,OK
1,22,adjacent,100,100,16,139,REV,E9,E8,E10,E11,11.483474,250.000000,OK
1,22,adjacent,100,100,16,140,FWD,E8,E9,E11,E12,-5.570495,250.000000,OK
1,22,adjacent,100,100,16,141,REV,E9,E8,E11,E12,5.570495,250.000000,OK
1,22,adjacent,100,100,16,142,FWD,E8,E9,E12,E1,1.083781,250.000000,OK
1,22,adjacent,100,100,16,143,REV,E9,E8,E12,E1,-1.083781,250.000000,OK
1,22,adjacent,100,100,16,144,FWD,E9,E10,E1,E2,2.859383,250.000000,OK
1,22,adjacent,100,100,16,145,REV,E10,E9,E1,E2,-2.859383,250.000000,OK
1,22,adjacent,100,100,16,146,FWD,E9,E10,E2,E3,-3.769555,250.000000,OK
1,22,adjacent,100,100,16,147,REV,E10,E9,E2,E3,3.769555,250.000000,OK
1,22,adjacent,100,100,16,148,FWD,E9,E10,E3,E4,-9.996208,250.000000,OK
1,22,adjacent,100,100,16,149,REV,E10,E9,E3,E4,9.996208,250.000000,OK
1,22,adjacent,100,100,16,150,FWD,E9,E10,E4,E5,-15.150995,250.000000,OK
1,22,adjacent,100,100,16,151,REV,E10,E9,E4,E5,15.150995,250.000000,OK
1,22,adjacent,100,100,16,152,FWD,E9,E10,E5,E6,-18.559208,250.000000,OK
1,22,adjacent,100,100,16,153,REV,E10,E9,E5,E6,18.559208,250.000000,OK
1,22,adjacent,100,100,16,154,FWD,E9,E10,E6,E7,-19.963952,250.000000,OK
1,22,adjacent,100,100,16,155,REV,E10,E9,E6,E7,19.963952,250.000000,OK
1,22,adjacent,100,100,16,156,FWD,E9,E10,E7,E8,-19.234102,250.000000,OK
1,22,adjacent,100,100,16,157,REV,E10,E9,E7,E8,19.234102,250.000000,OK
1,22,adjacent,100,100,16,158,FWD,E9,E10,E11,E12,1.039953,250.000000,OK
1,22,adjacent,100,100,16,159,REV,E10,E9,E11,E12,-1.039953,250.000000,OK
1,22,adjacent,100,100,16,160,FWD,E9,E10,E12,E1,7.511911,250.000000,OK
1,22,adjacent,100,100,16,161,REV,E10,E9,E12,E1,-7.511911,250.000000,OK
1,22,adjacent,100,100,16,162,FWD,E10,E11,E1,E2,-3.792935,250.000000,OK
1,22,adjacent,100,100,16,163,REV,E11,E10,E1,E2,3.792935,250.000000,OK
1,22,adjacent,100,100,16,164,FWD,E10,E11,E2,E3,-10.053464,250.000000,OK
1,22,adjacent,100,100,16,165,REV,E11,E10,E2,E3,10.053464,250.000000,OK
1,22,adjacent,100,100,16,166,FWD,E10,E11,E3,E4,-15.267719,250.000000,OK
1,22,adjacent,100,100,16,167,REV,E11,E10,E3,E4,15.267719,250.000000,OK
1,22,adjacent,100,100,16,168,FWD,E10,E11,E4,E5,-18.506917,250.000000,OK
1,22,adjacent,100,100,16,169,REV,E11,E10,E4,E5,18.506917,250.000000,OK
1,22,adjacent,100,100,16,170,FWD,E10,E11,E5,E6,-19.982613,250.000000,OK
1,22,adjacent,100,100,16,171,REV,E11,E10,E5,E6,19.982613,250.000000,OK
1,22,adjacent,100,100,16,172,FWD,E10,E11,E6,E7,-19.287356,250.000000,OK
1,22,adjacent,100,100,16,173,REV,E11,E10,E6,E7,19.287356,250.000000,OK
1,22,adjacent,100,100,16,174,FWD,E10,E11,E7,E8,-16.234103,250.000000,OK
1,22,adjacent,100,100,16,175,REV,E11,E10,E7,E8,16.234103,250.000000,OK
1,22,adjacent,100,100,16,176,FWD,E10,E11,E8,E9,-11.598935,250.000000,OK
1,22,adjacent,100,100,16,177,REV,E11,E10,E8,E9,11.598935,250.000000,OK
1,22,adjacent,100,100,16,178,FWD,E10,E11,E12,E1,13.174077,250.000000,OK
1,22,adjacent,100,100,16,179,REV,E11,E10,E12,E1,-13.174077,250.000000,OK
1,22,adjacent,100,100,16,180,FWD,E11,E12,E1,E2,-10.030634,250.000000,OK
1,22,adjacent,100,100,16,181,REV,E12,E11,E1,E2,10.030634,250.000000,OK
1,22,adjacent,100,100,16,182,FWD,E11,E12,E2,E3,-15.079336,250.000000,OK
1,22,adjacent,100,100,16,183,REV,E12,E11,E2,E3,15.079336,250.000000,OK
1,22,adjacent,100,100,16,184,FWD,E11,E12,E3,E4,-18.568618,250.000000,OK
1,22,adjacent,100,100,16,185,REV,E12,E11,E3,E4,18.568618,250.000000,OK
1,22,adjacent,100,100,16,186,FWD,E11,E12,E4,E5,-19.965123,250.000000,OK
1,22,adjacent,100,100,16,187,REV,E12,E11,E4,E5,19.965123,250.000000,OK
1,22,adjacent,100,100,16,188,FWD,E11,E12,E5,E6,-19.170988,250.000000,OK
1,22,adjacent,100,100,16,189,REV,E12,E11,E5,E6,19.170988,250.000000,OK
1,22,adjacent,100,100,16,190,FWD,E11,E12,E6,E7,-16.205057,250.000000,OK
1,22,adjacent,100,100,16,191,REV,E12,E11,E6,E7,16.205057,250.000000,OK
1,22,adjacent,100,100,16,192,FWD,E11,E12,E7,E8,-11.628761,250.000000,OK
1,22,adjacent,100,100,16,193,REV,E12,E11,E7,E8,11.628761,250.000000,OK
1,22,adjacent,100,100,16,194,FWD,E11,E12,E8,E9,-5.529466,250.000000,OK
1,22,adjacent,100,100,16,195,REV,E12,E11,E8,E9,5.529466,250.000000,OK
1,22,adjacent,100,100,16,196,FWD,E11,E12,E9,E10,1.036981,250.000000,OK
1,22,adjacent,100,100,16,197,REV,E12,E11,E9,E10,-1.036981,250.000000,OK
1,22,adjacent,100,100,16,198,FWD,E12,E1,E2,E3,-18.608010,250.000000,OK
1,22,adjacent,100,100,16,199,REV,E1,E12,E2,E3,18.608010,250.000000,OK
1,22,adjacent,100,100,16,200,FWD,E12,E1,E3,E4,-19.979215,250.000000,OK
1,22,adjacent,100,100,16,201,REV,E1,E12,E3,E4,19.979215,250.000000,OK
1,22,adjacent,100,100,16,202,FWD,E12,E1,E4,E5,-19.200811,250.000000,OK
1,22,adjacent,100,100,16,203,REV,E1,E12,E4,E5,19.200811,250.000000,OK
1,22,adjacent,100,100,16,204,FWD,E12,E1,E5,E6,-16.263620,250.000000,OK
1,22,adjacent,100,100,16,205,REV,E1,E12,E5,E6,16.263620,250.000000,OK
1,22,adjacent,100,100,16,206,FWD,E12,E1,E6,E7,-11.516948,250.000000,OK
1,22,adjacent,100,100,16,207,REV,E1,E12,E6,E7,11.516948,250.000000,OK
1,22,adjacent,100,100,16,208,FWD,E12,E1,E7,E8,-5.622275,250.000000,OK
1,22,adjacent,100,100,16,209,REV,E1,E12,E7,E8,5.622275,250.000000,OK
1,22,adjacent,100,100,16,210,FWD,E12,E1,E8,E9,1.039698,250.000000,OK
1,22,adjacent,100,100,16,211,REV,E1,E12,E8,E9,-1.039698,250.000000,OK
1,22,adjacent,100,100,16,212,FWD,E12,E1,E9,E10,7.530059,250.000000,OK
1,22,adjacent,100,100,16,213,REV,E1,E12,E9,E10,-7.530059,250.000000,OK
1,22,adjacent,100,100,16,214,FWD,E12,E1,E10,E11,13.171595,250.000000,OK
1,22,adjacent,100,100,16,215,REV,E1,E12,E10,E11,-13.171595,250.000000,OK
2,23,adjacent,100,100,16,0,FWD,E1,E2,E3,E4,16.857083,250.000000,OK
2,23,adjacent,100,100,16,1,REV,E2,E1,E3,E4,-16.857083,250.000000,OK
2,23,adjacent,100,100,16,2,FWD,E1,E2,E4,E5,19.449638,250.000000,OK
2,23,adjacent,100,100,16,3,REV,E2,E1,E4,E5,-19.449638,250.000000,OK
2,23,adjacent,100,100,16,4,FWD,E1,E2,E5,E6,19.905260,250.000000,OK
2,23,adjacent,100,100,16,5,REV,E2,E1,E5,E6,-19.905260,250.000000,OK
2,23,adjacent,100,100,16,6,FWD,E1,E2,E6,E7,18.070002,250.000000,OK
2,23,adjacent,100,100,16,7,REV,E2,E1,E6,E7,-18.070002,250.000000,OK
2,23,adjacent,100,100,16,8,FWD,E1,E2,E7,E8,14.483292,250.000000,OK
2,23,adjacent,100,100,16,9,REV,E2,E1,E7,E8,-14.483292,250.000000,OK
2,23,adjacent,100,100,16,10,FWD,E1,E2,E8,E9,9.039139,250.000000,OK
2,23,adjacent,100,100,16,11,REV,E2,E1,E8,E9,-9.039139,250.000000,OK
2,23,adjacent,100,100,16,12,FWD,E1,E2,E9,E10,2.867896,250.000000,OK
2,23,adjacent,100,100,16,13,REV,E2,E1,E9,E10,-2.867896,250.000000,OK
2,23,adjacent,100,100,16,14,FWD,E1,E2,E10,E11,-3.781061,250.000000,OK
2,23,adjacent,100,100,16,15,REV,E2,E1,E10,E11,3.781061,250.000000,OK
2,23,adjacent,100,100,16,16,FWD,E1,E2,E11,E12,-9.984038,250.000000,OK
2,23,adjacent,100,100,16,17,REV,E2,E1,E11,E12,9.984038,250.000000,OK
2,23,adjacent,100,100,16,18,FWD,E2,E3,E4,E5,19.949544,250.000000,OK
2,23,adjacent,100,100,16,19,REV,E3,E2,E4,E5,-19.949544,250.000000,OK
2,23,adjacent,100,100,16,20,FWD,E2,E3,E5,E6,18.200874,250.000000,OK
2,23,adjacent,100,100,16,21,REV,E3,E2,E5,E6,-18.200874,250.000000,OK
2,23,adjacent,100,100,16,22,FWD,E2,E3,E6,E7,14.434968,250.000000,OK
2,23,adjacent,100,100,16,23,REV,E3,E2,E6,E7,-14.434968,250.000000,OK
2,23,adjacent,100,100,16,24,FWD,E2,E3,E7,E8,9.130099,250.000000,OK
2,23,adjacent,100,100,16,25,REV,E3,E2,E7,E8,-9.130099,250.000000,OK
2,23,adjacent,100,100,16,26,FWD,E2,E3,E8,E9,2.897804,250.000000,OK
2,23,adjacent,100,100,16,27,REV,E3,E2,E8,E9,-2.897804,250.000000,OK
2,23,adjacent,100,100,16,28,FWD,E2,E3,E9,E10,-3.840471,250.000000,OK
2,23,adjacent,100,100,16,29,REV,E3,E2,E9,E10,3.840471,250.000000,OK
2,23,adjacent,100,100,16,30,FWD,E2,E3,E10,E11,-10.036947,250.000000,OK
2,23,adjacent,100,100,16,31,REV,E3,E2,E10,E11,10.036947,250.000000,OK
2,23,adjacent,100,100,16,32,FWD,E2,E3,E11,E12,-15.172276,250.000000,OK
2,23,adjacent,100,100,16,33,REV,E3,E2,E11,E12,15.172276,250.000000,OK
2,23,adjacent,100,100,16,34,FWD,E2,E3,E12,E1,-18.606152,250.000000,OK
2,23,adjacent,100,100,16,35,REV,E3,E2,E12,E1,18.606152,250.000000,OK
2,23,adjacent,100,100,16,36,FWD,E3,E4,E1,E2,16.814092,250.000000,OK
2,23,adjacent,100,100,16,37,REV,E4,E3,E1,E2,-16.814092,250.000000,OK
2,23,adjacent,100,100,16,38,FWD,E3,E4,E5,E6,14.474545,250.000000,OK
2,23,adjacent,100,100,16,39,REV,E4,E3,E5,E6,-14.474545,250.000000,OK
2,23,adjacent,100,100,16,40,FWD,E3,E4,E6,E7,9.130760,250.000000,OK
2,23,adjacent,100,100,16,41,REV,E4,E3,E6,E7,-9.130760,250.000000,OK
2,23,adjacent,100,100,16,42,FWD,E3,E4,E7,E8,2.804665,250.000000,OK
2,23,adjacent,100,100,16,43,REV,E4,E3,E7,E8,-2.804665,250.000000,OK
2,23,adjacent,100,100,16,44,FWD,E3,E4,E8,E9,-3.842200,250.000000,OK
2,23,adjacent,100,100,16,45,REV,E4,E3,E8,E9,3.842200,250.000000,OK
2,23,adjacent,100,100,16,46,FWD,E3,E4,E9,E10,-10.021062,250.000000,OK
2,23,adjacent,100,100,16,47,REV,E4,E3,E9,E10,10.021062,250.000000,OK
2,23,adjacent,100,100,16,48,FWD,E3,E4,E10,E11,-15.203258,250.000000,OK
2,23,adjacent,100,100,16,49,REV,E4,E3,E10,E11,15.203258,250.000000,OK
2,23,adjacent,100,100,16,50,FWD,E3,E4,E11,E12,-18.577681,250.000000,OK
2,23,adjacent,100,100,16,51,REV,E4,E3,E11,E12,18.577681,250.000000,OK
2,23,adjacent,100,100,16,52,FWD,E3,E4,E12,E1,-19.913597,250.000000,OK
2,23,adjacent,100,100,16,53,REV,E4,E3,E12,E1,19.913597,250.000000,OK
2,23,adjacent,100,100,16,54,FWD,E4,E5,E1,E2,19.400412,250.000000,OK
2,23,adjacent,100,100,16,55,REV,E5,E4,E1,E2,-19.400412,250.000000,OK
2,23,adjacent,100,100,16,56,FWD,E4,E5,E2,E3,19.905890,250.000000,OK
2,23,adjacent,100,100,16,57,REV,E5,E4,E2,E3,-19.905890,250.000000,OK
2,23,adjacent,100,100,16,58,FWD,E4,E5,E6,E7,2.963261,250.000000,OK
2,23,adjacent,100,100,16,59,REV,E5,E4,E6,E7,-2.963261,250.000000,OK
2,23,adjacent,100,100,16,60,FWD,E4,E5,E7,E8,-3.860993,250.000000,OK
2,23,adjacent,100,100,16,61,REV,E5,E4,E7,E8,3.860993,250.000000,OK
2,23,adjacent,100,100,16,62,FWD,E4,E5,E8,E9,-10.106598,250.000000,OK
2,23,adjacent,100,100,16,63,REV,E5,E4,E8,E9,10.106598,250.000000,OK
2,23,adjacent,100,100,16,64,FWD,E4,E5,E9,E10,-15.157390,250.000000,OK
2,23,adjacent,100,100,16,65,REV,E5,E4,E9,E10,15.157390,250.000000,OK
2,23,adjacent,100,100,16,66,FWD,E4,E5,E10,E11,-18.489943,250.000000,OK
2,23,adjacent,100,100,16,67,REV,E5,E4,E10,E11,18.489943,250.000000,OK
2,23,adjacent,100,100,16,68,FWD,E4,E5,E11,E12,-19.877343,250.000000,OK
2,23,adjacent,100,100,16,69,REV,E5,E4,E11,E12,19.877343,250.000000,OK
2,23,adjacent,100,100,16,70,FWD,E4,E5,E12,E1,-19.239285,250.000000,OK
2,23,adjacent,100,100,16,71,REV,E5,E4,E12,E1,19.239285,250.000000,OK
2,23,adjacent,100,100,16,72,FWD,E5,E6,E1,E2,19.936666,250.000000,OK
2,23,adjacent,100,100,16,73,REV,E6,E5,E1,E2,-19.936666,250.000000,OK
2,23,adjacent,100,100,16,74,FWD,E5,E6,E2,E3,18.186175,250.000000,OK
2,23,adjacent,100,100,16,75,REV,E6,E5,E2,E3,-18.186175,250.000000,OK
2,23,adjacent,100,100,16,76,FWD,E5,E6,E3,E4,14.432299,250.000000,OK
2,23,adjacent,100,100,16,77,REV,E6,E5,E3,E4,-14.432299,250.000000,OK
2,23,adjacent,100,100,16,78,FWD,E5,E6,E7,E8,-10.122826,250.000000,OK
2,23,adjacent,100,100,16,79,REV,E6,E5,E7,E8,10.122826,250.000000,OK
2,23,adjacent,100,100,16,80,FWD,E5,E6,E8,E9,-15.084821,250.000000,OK
2,23,adjacent,100,100,16,81,REV,E6,E5,E8,E9,15.084821,250.000000,OK
2,23,adjacent,100,100,16,82,FWD,E5,E6,E9,E10,-18.623317,250.000000,OK
2,23,adjacent,100,100,16,83,REV,E6,E5,E9,E10,18.623317,250.000000,OK
2,23,adjacent,100,100,16,84,FWD,E5,E6,E10,E11,-19.964148,250.000000,OK
2,23,adjacent,100,100,16,85,REV,E6,E5,E10,E11,19.964148,250.000000,OK
2,23,adjacent,100,100,16,86,FWD,E5,E6,E11,E12,-19.174391,250.000000,OK
2,23,adjacent,100,100,16,87,REV,E6,E5,E11,E12,19.174391,250.000000,OK
2,23,adjacent,100,100,16,88,FWD,E5,E6,E12,E1,-16.173079,250.000000,OK
2,23,adjacent,100,100,16,89,REV,E6,E5,E12,E1,16.173079,250.000000,OK
2,23,adjacent,100,100,16,90,FWD,E6,E7,E1,E2,18.244748,250.000000,OK
2,23,adjacent,100,100,16,91,REV,E7,E6,E1,E2,-18.244748,250.000000,OK
2,23,adjacent,100,100,16,92,FWD,E6,E7,E2,E3,14.403951,250.000000,OK
2,23,adjacent,100,100,16,93,REV,E7,E6,E2,E3,-14.403951,250.000000,OK
2,23,adjacent,100,100,16,94,FWD,E6,E7,E3,E4,9.132333,250.000000,OK
2,23,adjacent,100,100,16,95,REV,E7,E6,E3,E4,-9.132333,250.000000,OK
2,23,adjacent,100,100,16,96,FWD,E6,E7,E4,E5,2.874243,250.000000,OK
2,23,adjacent,100,100,16,97,REV,E7,E6,E4,E5,-2.874243,250.000000,OK
2,23,adjacent,100,100,16,98,FWD,E6,E7,E8,E9,-18.646941,250.000000,OK
2,23,adjacent,100,100,16,99,REV,E7,E6,E8,E9,18.646941,250.000000,OK
2,23,adjacent,100,100,16,100,FWD,E6,E7,E9,E10,-19.998713,250.000000,OK
2,23,adjacent,100,100,16,101,REV,E7,E6,E9,E10,19.998713,250.000000,OK
2,23,adjacent,100,100,16,102,FWD,E6,E7,E10,E11,-19.167107,250.000000,OK
2,23,adjacent,100,100,16,103,REV,E7,E6,E10,E11,19.167107,250.000000,OK
2,23,adjacent,100,100,16,104,FWD,E6,E7,E11,E12,-16.347379,250.000000,OK
2,23,adjacent,100,100,16,105,REV,E7,E6,E11,E12,16.347379,250.000000,OK
2,23,adjacent,100,100,16,106,FWD,E6,E7,E12,E1,-11.625738,250.000000,OK
2,23,adjacent,100,100,16,107,REV,E7,E6,E12,E1,11.625738,250.000000,OK
2,23,adjacent,100,100,16,108,FWD,E7,E8,E1,E2,14.376514,250.000000,OK
2,23,adjacent,100,100,16,109,REV,E8,E7,E1,E2,-14.376514,250.000000,OK
2,23,adjacent,100,100,16,110,FWD,E7,E8,E2,E3,9.159801,250.000000,OK
2,23,adjacent,100,100,16,111,REV,E8,E7,E2,E3,-9.159801,250.000000,OK
2,23,adjacent,100,100,16,112,FWD,E7,E8,E3,E4,2.794324,250.000000,OK
2,23,adjacent,100,100,16,113,REV,E8,E7,E3,E4,-2.794324,250.000000,OK
2,23,adjacent,100,100,16,114,FWD,E7,E8,E4,E5,-3.764927,250.000000,OK
2,23,adjacent,100,100,16,115,REV,E8,E7,E4,E5,3.764927,250.000000,OK
2,23,adjacent,100,100,16,116,FWD,E7,E8,E5,E6,-10.019851,250.000000,OK
2,23,adjacent,100,100,16,117,REV,E8,E7,E5,E6,10.019851,250.000000,OK
2,23,adjacent,100,100,16,118,FWD,E7,E8,E9,E10,-19.149885,250.000000,OK
2,23,adjacent,100,100,16,119,REV,E8,E7,E9,E10,19.149885,250.000000,OK
2,23,adjacent,100,100,16,120,FWD,E7,E8,E10,E11,-16.270772,250.000000,OK
2,23,adjacent,100,100,16,121,REV,E8,E7,E10,E11,16.270772,250.000000,OK
2,23,adjacent,100,100,16,122,FWD,E7,E8,E11,E12,-11.526369,250.000000,OK
2,23,adjacent,100,100,16,123,REV,E8,E7,E11,E12,11.526369,250.000000,OK
2,23,adjacent,100,100,16,124,FWD,E7,E8,E12,E1,-5.593476,250.000000,OK
2,23,adjacent,100,100,16,125,REV,E8,E7,E12,E1,5.593476,250.000000,OK
2,23,adjacent,100,100,16,126,FWD,E8,E9,E1,E2,9.096342,250.000000,OK
2,23,adjacent,100,100,16,127,REV,E9,E8,E1,E2,-9.096342,250.000000,OK
2,23,adjacent,100,100,16,128,FWD,E8,E9,E2,E3,2.881539,250.000000,OK
2,23,adjacent,100,100,16,129,REV,E9,E8,E2,E3,-2.881539,250.000000,OK
2,23,adjacent,100,100,16,130,FWD,E8,E9,E3,E4,-3.762359,250.000000,OK
2,23,adjacent,100,100,16,131,REV,E9,E8,E3,E4,3.762359,250.000000,OK
2,23,adjacent,100,100,16,132,FWD,E8,E9,E4,E5,-9.912206,250.000000,OK
2,23,adjacent,100,100,16,133,REV,E9,E8,E4,E5,9.912206,250.000000,OK
2,23,adjacent,100,100,16,134,FWD,E8,E9,E5,E6,-15.143160,250.000000,OK
2,23,adjacent,100,100,16,135,REV,E9,E8,E5,E6,15.143160,250.000000,OK
2,23,adjacent,100,100,16,136,FWD,E8,E9,E6,E7,-18.609285,250.000000,OK
2,23,adjacent,100,100,16,137,REV,E9,E8,E6,E7,18.609285,250.000000,OK
2,23,adjacent,100,100,16,138,FWD,E8,E9,E10,E11,-11.636317,250.000000,OK
2,23,adjacent,100,100,16,139,REV,E9,E8,E10,E11,11.636317,250.000000,OK
2,23,adjacent,100,100,16,140,FWD,E8,E9,E11,E12,-5.781274,250.000000,OK
2,23,adjacent,100,100,16,141,REV,E9,E8,E11,E12,5.781274,250.000000,OK
2,23,adjacent,100,100,16,142,FWD,E8,E9,E12,E1,0.937120,250.000000,OK
2,23,adjacent,100,100,16,143,REV,E9,E8,E12,E1,-0.937120,250.000000,OK
2,23,adjacent,100,100,16,144,FWD,E9,E10,E1,E2,2.846741,250.000000,OK
2,23,adjacent,100,100,16,145,REV,E10,E9,E1,E2,-2.846741,250.000000,OK
2,23,adjacent,100,100,16,146,FWD,E9,E10,E2,E3,-3.855636,250.000000,OK
2,23,adjacent,100,100,16,147,REV,E10,E9,E2,E3,3.855636,250.000000,OK
2,23,adjacent,100,100,16,148,FWD,E9,E10,E3,E4,-10.155282,250.000000,OK
2,23,adjacent,100,100,16,149,REV,E10,E9,E3,E4,10.155282,250.000000,OK
2,23,adjacent,100,100,16,150,FWD,E9,E10,E4,E5,-15.105637,250.000000,OK
2,23,adjacent,100,100,16,151,REV,E10,E9,E4,E5,15.105637,250.000000,OK
2,23,adjacent,100,100,16,152,FWD,E9,E10,E5,E6,-18.609873,250.000000,OK
2,23,adjacent,100,100,16,153,REV,E10,E9,E5,E6,18.609873,250.000000,OK
2,23,adjacent,100,100,16,154,FWD,E9,E10,E6,E7,-19.997149,250.000000,OK
2,23,adjacent,100,100,16,155,REV,E10,E9,E6,E7,19.997149,250.000000,OK
2,23,adjacent,100,100,16,156,FWD,E9,E10,E7,E8,-19.200057,250.000000,OK
2,23,adjacent,100,100,16,157,REV,E10,E9,E7,E8,19.200057,250.000000,OK
2,23,adjacent,100,100,16,158,FWD,E9,E10,E11,E12,0.995805,250.000000,OK
2,23,adjacent,100,100,16,159,REV,E10,E9,E11,E12,-0.995805,250.000000,OK
2,23,adjacent,100,100,16,160,FWD,E9,E10,E12,E1,7.506747,250.000000,OK
2,23,adjacent,100,100,16,161,REV,E10,E9,E12,E1,-7.506747,250.000000,OK
2,23,adjacent,100,100,16,162,FWD,E10,E11,E1,E2,-3.898085,250.000000,OK
2,23,adjacent,100,100,16,163,REV,E11,E10,E1,E2,3.898085,250.000000,OK
2,23,adjacent,100,100,16,164,FWD,E10,E11,E2,E3,-10.036897,250.000000,OK
2,23,adjacent,100,100,16,165,REV,E11,E10,E2,E3,10.036897,250.000000,OK
2,23,adjacent,100,100,16,166,FWD,E10,E11,E3,E4,-15.161479,250.000000,OK
2,23,adjacent,100,100,16,167,REV,E11,E10,E3,E4,15.161479,250.000000,OK
2,23,adjacent,100,100,16,168,FWD,E10,E11,E4,E5,-18.523454,250.000000,OK
2,23,adjacent,100,100,16,169,REV,E11,E10,E4,E5,18.523454,250.000000,OK
2,23,adjacent,100,100,16,170,FWD,E10,E11,E5,E6,-20.030863,250.000000,OK
2,23,adjacent,100,100,16,171,REV,E11,E10,E5,E6,20.030863,250.000000,OK
2,23,adjacent,100,100,16,172,FWD,E10,E11,E6,E7,-19.096615,250.000000,OK
2,23,adjacent,100,100,16,173,REV,E11,E10,E6,E7,19.096615,250.000000,OK
2,23,adjacent,100,100,16,174,FWD,E10,E11,E7,E8,-16.236186,250.000000,OK
2,23,adjacent,100,100,16,175,REV,E11,E10,E7,E8,16.236186,250.000000,OK
2,23,adjacent,100,100,16,176,FWD,E10,E11,E8,E9,-11.482733,250.000000,OK
2,23,adjacent,100,100,16,177,REV,E11,E10,E8,E9,11.482733,250.000000,OK
2,23,adjacent,100,100,16,178,FWD,E10,E11,E12,E1,13.104508,250.000000,OK
2,23,adjacent,100,100,16,179,REV,E11,E10,E12,E1,-13.104508,250.000000,OK
2,23,adjacent,100,100,16,180,FWD,E11,E12,E1,E2,-9.985243,250.000000,OK
2,23,adjacent,100,100,16,181,REV,E12,E11,E1,E2,9.985243,250.000000,OK
2,23,adjacent,100,100,16,182,FWD,E11,E12,E2,E3,-15.117895,250.000000,OK
2,23,adjacent,100,100,16,183,REV,E12,E11,E2,E3,15.117895,250.000000,OK
2,23,adjacent,100,100,16,184,FWD,E11,E12,E3,E4,-18.655174,250.000000,OK
2,23,adjacent,100,100,16,185,REV,E12,E11,E3,E4,18.655174,250.000000,OK
2,23,adjacent,100,100,16,186,FWD,E11,E12,E4,E5,-19.992144,250.000000,OK
2,23,adjacent,100,100,16,187,REV,E12,E11,E4,E5,19.992144,250.000000,OK
2,23,adjacent,100,100,16,188,FWD,E11,E12,E5,E6,-19.201120,250.000000,OK
2,23,adjacent,100,100,16,189,REV,E12,E11,E5,E6,19.201120,250.000000,OK
2,23,adjacent,100,100,16,190,FWD,E11,E12,E6,E7,-16.314896,250.000000,OK
2,23,adjacent,100,100,16,191,REV,E12,E11,E6,E7,16.314896,250.000000,OK
2,23,adjacent,100,100,16,192,FWD,E11,E12,E7,E8,-11.602372,250.000000,OK
2,23,adjacent,100,100,16,193,REV,E12,E11,E7,E8,11.602372,250.000000,OK
2,23,adjacent,100,100,16,194,FWD,E11,E12,E8,E9,-5.660301,250.000000,OK
2,23,adjacent,100,100,16,195,REV,E12,E11,E8,E9,5.660301,250.000000,OK
2,23,adjacent,100,100,16,196,FWD,E11,E12,E9,E10,0.979182,250.000000,OK
2,23,adjacent,100,100,16,197,REV,E12,E11,E9,E10,-0.979182,250.000000,OK
2,23,adjacent,100,100,16,198,FWD,E12,E1,E2,E3,-18.563583,250.000000,OK
2,23,adjacent,100,100,16,199,REV,E1,E12,E2,E3,18.563583,250.000000,OK
2,23,adjacent,100,100,16,200,FWD,E12,E1,E3,E4,-20.018040,250.000000,OK
2,23,adjacent,100,100,16,201,REV,E1,E12,E3,E4,20.018040,250.000000,OK
2,23,adjacent,100,100,16,202,FWD,E12,E1,E4,E5,-19.256643,250.000000,OK
2,23,adjacent,100,100,16,203,REV,E1,E12,E4,E5,19.256643,250.000000,OK
2,23,adjacent,100,100,16,204,FWD,E12,E1,E5,E6,-16.214321,250.000000,OK
2,23,adjacent,100,100,16,205,REV,E1,E12,E5,E6,16.214321,250.000000,OK
2,23,adjacent,100,100,16,206,FWD,E12,E1,E6,E7,-11.582506,250.000000,OK
2,23,adjacent,100,100,16,207,REV,E1,E12,E6,E7,11.582506,250.000000,OK
2,23,adjacent,100,100,16,208,FWD,E12,E1,E7,E8,-5.586939,250.000000,OK
2,23,adjacent,100,100,16,209,REV,E1,E12,E7,E8,5.586939,250.000000,OK
2,23,adjacent,100,100,16,210,FWD,E12,E1,E8,E9,0.990843,250.000000,OK
2,23,adjacent,100,100,16,211,REV,E1,E12,E8,E9,-0.990843,250.000000,OK
2,23,adjacent,100,100,16,212,FWD,E12,E1,E9,E10,7.456019,250.000000,OK
2,23,adjacent,100,100,16,213,REV,E1,E12,E9,E10,-7.456019,250.000000,OK
2,23,adjacent,100,100,16,214,FWD,E12,E1,E10,E11,13.169820,250.000000,OK
2,23,adjacent,100,100,16,215,REV,E1,E12,E10,E11,-13.169820,250.000000,OK
3,24,adjacent,100,100,16,0,FWD,E1,E2,E3,E4,16.896957,250.000000,OK
3,24,adjacent,100,100,16,1,REV,E2,E1,E3,E4,-16.896957,250.000000,OK
3,24,adjacent,100,100,16,2,FWD,E1,E2,E4,E5,19.455913,250.000000,OK
3,24,adjacent,100,100,16,3,REV,E2,E1,E4,E5,-19.455913,250.000000,OK
3,24,adjacent,100,100,16,4,FWD,E1,E2,E5,E6,19.850010,250.000000,OK
3,24,adjacent,100,100,16,5,REV,E2,E1,E5,E6,-19.850010,250.000000,OK
3,24,adjacent,100,100,16,6,FWD,E1,E2,E6,E7,18.176594,250.000000,OK
3,24,adjacent,100,100,16,7,REV,E2,E1,E6,E7,-18.176594,250.000000,OK
3,24,adjacent,100,100,16,8,FWD,E1,E2,E7,E8,14.444744,250.000000,OK
3,24,adjacent,100,100,16,9,REV,E2,E1,E7,E8,-14.444744,250.000000,OK
3,24,adjacent,100,100,16,10,FWD,E1,E2,E8,E9,9.134069,250.000000,OK
3,24,adjacent,100,100,16,11,REV,E2,E1,E8,E9,-9.134069,250.000000,OK
3,24,adjacent,100,100,16,12,FWD,E1,E2,E9,E10,2.852243,250.000000,OK
3,24,adjacent,100,100,16,13,REV,E2,E1,E9,E10,-2.852243,250.000000,OK
3,24,adjacent,100,100,16,14,FWD,E1,E2,E10,E11,-3.875310,250.000000,OK
3,24,adjacent,100,100,16,15,REV,E2,E1,E10,E11,3.875310,250.000000,OK
3,24,adjacent,100,100,16,16,FWD,E1,E2,E11,E12,-9.977208,250.000000,OK
3,24,adjacent,100,100,16,17,REV,E2,E1,E11,E12,9.977208,250.000000,OK
3,24,adjacent,100,100,16,18,FWD,E2,E3,E4,E5,19.851761,250.000000,OK
3,24,adjacent,100,100,16,19,REV,E3,E2,E4,E5,-19.851761,250.000000,OK
3,24,adjacent,100,100,16,20,FWD,E2,E3,E5,E6,18.176526,250.000000,OK
3,24,adjacent,100,100,16,21,REV,E3,E2,E5,E6,-18.176526,250.000000,OK
3,24,adjacent,100,100,16,22,FWD,E2,E3,E6,E7,14.506067,250.000000,OK
3,24,adjacent,100,100,16,23,REV,E3,E2,E6,E7,-14.506067,250.000000,OK
3,24,adjacent,100,100,16,24,FWD,E2,E3,E7,E8,9.178636,250.000000,OK
3,24,adjacent,100,100,16,25,REV,E3,E2,E7,E8,-9.178636,250.000000,OK
3,24,adjacent,100,100,16,26,FWD,E2,E3,E8,E9,2.787849,250.000000,OK
3,24,adjacent,100,100,16,27,REV,E3,E2,E8,E9,-2.787849,250.000000,OK
3,24,adjacent,100,100,16,28,FWD,E2,E3,E9,E10,-3.722916,250.000000,OK
3,24,adjacent,100,100,16,29,REV,E3,E2,E9,E10,3.722916,250.000000,OK
3,24,adjacent,100,100,16,30,FWD,E2,E3,E10,E11,-10.007265,250.000000,OK
3,24,adjacent,100,100,16,31,REV,E3,E2,E10,E11,10.007265,250.000000,OK
3,24,adjacent,100,100,16,32,FWD,E2,E3,E11,E12,-15.183772,250.000000,OK
3,24,adjacent,100,100,16,33,REV,E3,E2,E11,E12,15.183772,250.000000,OK
3,24,adjacent,100,100,16,34,FWD,E2,E3,E12,E1,-18.578163,250.000000,OK
3,24,adjacent,100,100,16,35,REV,E3,E2,E12,E1,18.578163,250.000000,OK
3,24,adjacent,100,100,16,36,FWD,E3,E4,E1,E2,16.787867,250.000000,OK
3,24,adjacent,100,100,16,37,REV,E4,E3,E1,E2,-16.787867,250.000000,OK
3,24,adjacent,100,100,16,38,FWD,E3,E4,E5,E6,14.483427,250.000000,OK
3,24,adjacent,100,100,16,39,REV,E4,E3,E5,E6,-14.483427,250.000000,OK
3,24,adjacent,100,100,16,40,FWD,E3,E4,E6,E7,9.078362,250.000000,OK
3,24,adjacent,100,100,16,41,REV,E4,E3,E6,E7,-9.078362,250.000000,OK
3,24,adjacent,100,100,16,42,FWD,E3,E4,E7,E8,2.846403,250.000000,OK
3,24,adjacent,100,100,16,43,REV,E4,E3,E7,E8,-2.846403,250.000000,OK
3,24,adjacent,100,100,16,44,FWD,E3,E4,E8,E9,-3.899886,250.000000,OK
3,24,adjacent,100,100,16,45,REV,E4,E3,E8,E9,3.899886,250.000000,OK
3,24,adjacent,100,100,16,46,FWD,E3,E4,E9,E10,-9.970709,250.000000,OK
3,24,adjacent,100,100,16,47,REV,E4,E3,E9,E10,9.970709,250.000000,OK
3,24,adjacent,100,100,16,48,FWD,E3,E4,E10,E11,-15.122441,250.000000,OK
3,24,adjacent,100,100,16,49,REV,E4,E3,E10,E11,15.122441,250.000000,OK
3,24,adjacent,100,100,16,50,FWD,E3,E4,E11,E12,-18.512464,250.000000,OK
3,24,adjacent,100,100,16,51,REV,E4,E3,E11,E12,18.512464,250.000000,OK
3,24,adjacent,100,100,16,52,FWD,E3,E4,E12,E1,-20.014622,250.000000,OK
3,24,adjacent,100,100,16,53,REV,E4,E3,E12,E1,20.014622,250.000000,OK
3,24,adjacent,100,100,16,54,FWD,E4,E5,E1,E2,19.334034,250.000000,OK
3,24,adjacent,100,100,16,55,REV,E5,E4,E1,E2,-19.334034,250.000000,OK
3,24,adjacent,100,100,16,56,FWD,E4,E5,E2,E3,19.839680,250.000000,OK
3,24,adjacent,100,100,16,57,REV,E5,E4,E2,E3,-19.839680,250.000000,OK
3,24,adjacent,100,100,16,58,FWD,E4,E5,E6,E7,2.810270,250.000000,OK
3,24,adjacent,100,100,16,59,REV,E5,E4,E6,E7,-2.810270,250.000000,OK
3,24,adjacent,100,100,16,60,FWD,E4,E5,E7,E8,-3.713167,250.000000,OK
3,24,adjacent,100,100,16,61,REV,E5,E4,E7,E8,3.713167,250.000000,OK
3,24,adjacent,100,100,16,62,FWD,E4,E5,E8,E9,-9.996950,250.000000,OK
3,24,adjacent,100,100,16,63,REV,E5,E4,E8,E9,9.996950,250.000000,OK
3,24,adjacent,100,100,16,64,FWD,E4,E5,E9,E10,-15.070456,250.000000,OK
3,24,adjacent,100,100,16,65,REV,E5,E4,E9,E10,15.070456,250.000000,OK
3,24,adjacent,100,100,16,66,FWD,E4,E5,E10,E11,-18.624177,250.000000,OK
3,24,adjacent,100,100,16,67,REV,E5,E4,E10,E11,18.624177,250.000000,OK
3,24,adjacent,100,100,16,68,FWD,E4,E5,E11,E12,-20.005679,250.000000,OK
3,24,adjacent,100,100,16,69,REV,E5,E4,E11,E12,20.005679,250.000000,OK
3,24,adjacent,100,100,16,70,FWD,E4,E5,E12,E1,-19.195133,250.000000,OK
3,24,adjacent,100,100,16,71,REV,E5,E4,E12,E1,19.195133,250.000000,OK
3,24,adjacent,100,100,16,72,FWD,E5,E6,E1,E2,19.966628,250.000000,OK
3,24,adjacent,100,100,16,73,REV,E6,E5,E1,E2,-19.966628,250.000000,OK
3,24,adjacent,100,100,16,74,FWD,E5,E6,E2,E3,18.157710,250.000000,OK
3,24,adjacent,100,100,16,75,REV,E6,E5,E2,E3,-18.157710,250.000000,OK
3,24,adjacent,100,100,16,76,FWD,E5,E6,E3,E4,14.447172,250.000000,OK
3,24,adjacent,100,100,16,77,REV,E6,E5,E3,E4,-14.447172,250.000000,OK
3,24,adjacent,100,100,16,78,FWD,E5,E6,E7,E8,-9.944493,250.000000,OK
3,24,adjacent,100,100,16,79,REV,E6,E5,E7,E8,9.944493,250.000000,OK
3,24,adjacent,100,100,16,80,FWD,E5,E6,E8,E9,-15.179687,250.000000,OK
3,24,adjacent,100,100,16,81,REV,E6,E5,E8,E9,15.179687,250.000000,OK
3,24,adjacent,100,100,16,82,FWD,E5,E6,E9,E10,-18.581931,250.000000,OK
3,24,adjacent,100,100,16,83,REV,E6,E5,E9,E10,18.581931,250.000000,OK
3,24,adjacent,100,100,16,84,FWD,E5,E6,E10,E11,-20.046321,250.000000,OK
3,24,adjacent,100,100,16,85,REV,E6,E5,E10,E11,20.046321,250.000000,OK
3,24,adjacent,100,100,16,86,FWD,E5,E6,E11,E12,-19.190272,250.000000,OK
3,24,adjacent,100,100,16,87,REV,E6,E5,E11,E12,19.190272,250.000000,OK
3,24,adjacent,100,100,16,88,FWD,E5,E6,E12,E1,-16.225116,250.000000,OK
3,24,adjacent,100,100,16,89,REV,E6,E5,E12,E1,16.225116,250.000000,OK
3,24,adjacent,100,100,16,90,FWD,E6,E7,E1,E2,18.245576,250.000000,OK
3,24,adjacent,100,100,16,91,REV,E7,E6,E1,E2,-18.245576,250.000000,OK
3,24,adjacent,100,100,16,92,FWD,E6,E7,E2,E3,14.392132,250.000000,OK
3,24,adjacent,100,100,16,93,REV,E7,E6,E2,E3,-14.392132,250.000000,OK
3,24,adjacent,100,100,16,94,FWD,E6,E7,E3,E4,9.019190,250.000000,OK
3,24,adjacent,100,100,16,95,REV,E7,E6,E3,E4,-9.019190,250.000000,OK
3,24,adjacent,100,100,16,96,FWD,E6,E7,E4,E5,2.849331,250.000000,OK
3,24,adjacent,100,100,16,97,REV,E7,E6,E4,E5,-2.849331,250.000000,OK
3,24,adjacent,100,100,16,98,FWD,E6,E7,E8,E9,-18.496926,250.000000,OK
3,24,adjacent,100,100,16,99,REV,E7,E6,E8,E9,18.496926,250.000000,OK
3,24,adjacent,100,100,16,100,FWD,E6,E7,E9,E10,-20.014134,250.000000,OK
3,24,adjacent,100,100,16,101,REV,E7,E6,E9,E10,20.014134,250.000000,OK
3,24,adjacent,100,100,16,102,FWD,E6,E7,E10,E11,-19.165258,250.000000,OK
3,24,adjacent,100,100,16,103,REV,E7,E6,E10,E11,19.165258,250.000000,OK
3,24,adjacent,100,100,16,104,FWD,E6,E7,E11,E12,-16.265249,250.000000,OK
3,24,adjacent,100,100,16,105,REV,E7,E6,E11,E12,16.265249,250.000000,OK
3,24,adjacent,100,100,16,106,FWD,E6,E7,E12,E1,-11.671807,250.000000,OK
3,24,adjacent,100,100,16,107,REV,E7,E6,E12,E1,11.671807,250.000000,OK
3,24,adjacent,100,100,16,108,FWD,E7,E8,E1,E2,14.328196,250.000000,OK
3,24,adjacent,100,100,16,109,REV,E8,E7,E1,E2,-14.328196,250.000000,OK
3,24,adjacent,100,100,16,110,FWD,E7,E8,E2,E3,9.142101,250.000000,OK
3,24,adjacent,100,100,16,111,REV,E8,E7,E2,E3,-9.142101,250.000000,OK
3,24,adjacent,100,100,16,112,FWD,E7,E8,E3,E4,2.846704,250.000000,OK
3,24,adjacent,100,100,16,113,REV,E8,E7,E3,E4,-2.846704,250.000000,OK
3,24,adjacent,100,100,16,114,FWD,E7,E8,E4,E5,-3.887212,250.000000,OK
3,24,adjacent,100,100,16,115,REV,E8,E7,E4,E5,3.887212,250.000000,OK
3,24,adjacent,100,100,16,116,FWD,E7,E8,E5,E6,-10.041897,250.000000,OK
3,24,adjacent,100,100,16,117,REV,E8,E7,E5,E6,10.041897,250.000000,OK
3,24,adjacent,100,100,16,118,FWD,E7,E8,E9,E10,-19.218147,250.000000,OK
3,24,adjacent,100,100,16,119,REV,E8,E7,E9,E10,19.218147,250.000000,OK
3,24,adjacent,100,100,16,120,FWD,E7,E8,E10,E11,-16.314780,250.000000,OK
3,24,adjacent,100,100,16,121,REV,E8,E7,E10,E11,16.314780,250.000000,OK
3,24,adjacent,100,100,16,122,FWD,E7,E8,E11,E12,-11.628504,250.000000,OK
3,24,adjacent,100,100,16,123,REV,E8,E7,E11,E12,11.628504,250.000000,OK
3,24,adjacent,100,100,16,124,FWD,E7,E8,E12,E1,-5.529807,250.000000,OK
3,24,adjacent,100,100,16,125,REV,E8,E7,E12,E1,5.529807,250.000000,OK
3,24,adjacent,100,100,16,126,FWD,E8,E9,E1,E2,9.145982,250.000000,OK
3,24,adjacent,100,100,16,127,REV,E9,E8,E1,E2,-9.145982,250.000000,OK
3,24,adjacent,100,100,16,128,FWD,E8,E9,E2,E3,2.810719,250.000000,OK
3,24,adjacent,100,100,16,129,REV,E9,E8,E2,E3,-2.810719,250.000000,OK
3,24,adjacent,100,100,16,130,FWD,E8,E9,E3,E4,-3.835834,250.000000,OK
3,24,adjacent,100,100,16,131,REV,E9,E8,E3,E4,3.835834,250.000000,OK
3,24,adjacent,100,100,16,132,FWD,E8,E9,E4,E5,-10.006585,250.000000,OK
3,24,adjacent,100,100,16,133,REV,E9,E8,E4,E5,10.006585,250.000000,OK
3,24,adjacent,100,100,16,134,FWD,E8,E9,E5,E6,-15.161771,250.000000,OK
3,24,adjacent,100,100,16,135,REV,E9,E8,E5,E6,15.161771,250.000000,OK
3,24,adjacent,100,100,16,136,FWD,E8,E9,E6,E7,-18.572815,250.000000,OK
3,24,adjacent,100,100,16,137,REV,E9,E8,E6,E7,18.572815,250.000000,OK
3,24,adjacent,100,100,16,138,FWD,E8,E9,E10,E11,-11.603137,250.000000,OK
3,24,adjacent,100,100,16,139,REV,E9,E8,E10,E11,11.603137,250.000000,OK
3,24,adjacent,100,100,16,140,FWD,E8,E9,E11,E12,-5.571739,250.000000,OK
3,24,adjacent,100,100,16,141,REV,E9,E8,E11,E12,5.571739,250.000000,OK
3,24,adjacent,100,100,16,142,FWD,E8,E9,E12,E1,0.986185,250.000000,OK
3,24,adjacent,100,100,16,143,REV,E9,E8,E12,E1,-0.986185,250.000000,OK
3,24,adjacent,100,100,16,144,FWD,E9,E10,E1,E2,2.849382,250.000000,OK
3,24,adjacent,100,100,16,145,REV,E10,E9,E1,E2,-2.849382,250.000000,OK
3,24,adjacent,100,100,16,146,FWD,E9,E10,E2,E3,-3.891265,250.000000,OK
3,24,adjacent,100,100,16,147,REV,E10,E9,E2,E3,3.891265,250.000000,OK
3,24,adjacent,100,100,16,148,FWD,E9,E10,E3,E4,-10.067182,250.000000,OK
3,24,adjacent,100,100,16,149,REV,E10,E9,E3,E4,10.067182,250.000000,OK
3,24,adjacent,100,100,16,150,FWD,E9,E10,E4,E5,-15.200012,250.000000,OK
3,24,adjacent,100,100,16,151,REV,E10,E9,E4,E5,15.200012,250.000000,OK
3,24,adjacent,100,100,16,152,FWD,E9,E10,E5,E6,-18.504146,250.000000,OK
3,24,adjacent,100,100,16,153,REV,E10,E9,E5,E6,18.504146,250.000000,OK
3,24,adjacent,100,100,16,154,FWD,E9,E10,E6,E7,-20.012374,250.000000,OK
3,24,adjacent,100,100,16,155,REV,E10,E9,E6,E7,20.012374,250.000000,OK
3,24,adjacent,100,100,16,156,FWD,E9,E10,E7,E8,-19.184654,250.000000,OK
3,24,adjacent,100,100,16,157,REV,E10,E9,E7,E8,19.184654,250.000000,OK
3,24,adjacent,100,100,16,158,FWD,E9,E10,E11,E12,0.913167,250.000000,OK
3,24,adjacent,100,100,16,159,REV,E10,E9,E11,E12,-0.913167,250.000000,OK
3,24,adjacent,100,100,16,160,FWD,E9,E10,E12,E1,7.431913,250.000000,OK
3,24,adjacent,100,100,16,161,REV,E10,E9,E12,E1,-7.431913,250.000000,OK
3,24,adjacent,100,100,16,162,FWD,E10,E11,E1,E2,-3.900637,250.000000,OK
3,24,adjacent,100,100,16,163,REV,E11,E10,E1,E2,3.900637,250.000000,OK
3,24,adjacent,100,100,16,164,FWD,E10,E11,E2,E3,-10.035280,250.000000,OK
3,24,adjacent,100,100,16,165,REV,E11,E10,E2,E3,10.035280,250.000000,OK
3,24,adjacent,100,100,16,166,FWD,E10,E11,E3,E4,-15.188977,250.000000,OK
3,24,adjacent,100,100,16,167,REV,E11,E10,E3,E4,15.188977,250.000000,OK
3,24,adjacent,100,100,16,168,FWD,E10,E11,E4,E5,-18.508322,250.000000,OK
3,24,adjacent,100,100,16,169,REV,E11,E10,E4,E5,18.508322,250.000000,OK
3,24,adjacent,100,100,16,170,FWD,E10,E11,E5,E6,-20.028064,250.000000,OK
3,24,adjacent,100,100,16,171,REV,E11,E10,E5,E6,20.028064,250.000000,OK
3,24,adjacent,100,100,16,172,FWD,E10,E11,E6,E7,-19.133229,250.000000,OK
3,24,adjacent,100,100,16,173,REV,E11,E10,E6,E7,19.133229,250.000000,OK
3,24,adjacent,100,100,16,174,FWD,E10,E11,E7,E8,-16.278710,250.000000,OK
3,24,adjacent,100,100,16,175,REV,E11,E10,E7,E8,16.278710,250.000000,OK
3,24,adjacent,100,100,16,176,FWD,E10,E11,E8,E9,-11.543355,250.000000,OK
3,24,adjacent,100,100,16,177,REV,E11,E10,E8,E9,11.543355,250.000000,OK
3,24,adjacent,100,100,16,178,FWD,E10,E11,E12,E1,13.088576,250.000000,OK
3,24,adjacent,100,100,16,179,REV,E11,E10,E12,E1,-13.088576,250.000000,OK
3,24,adjacent,100,100,16,180,FWD,E11,E12,E1,E2,-10.033258,250.000000,OK
3,24,adjacent,100,100,16,181,REV,E12,E11,E1,E2,10.033258,250.000000,OK
3,24,adjacent,100,100,16,182,FWD,E11,E12,E2,E3,-15.149227,250.000000,OK
3,24,adjacent,100,100,16,183,REV,E12,E11,E2,E3,15.149227,250.000000,OK
3,24,adjacent,100,100,16,184,FWD,E11,E12,E3,E4,-18.625011,250.000000,OK
3,24,adjacent,100,100,16,185,REV,E12,E11,E3,E4,18.625011,250.000000,OK
3,24,adjacent,100,100,16,186,FWD,E11,E12,E4,E5,-19.956619,250.000000,OK
3,24,adjacent,100,100,16,187,REV,E12,E11,E4,E5,19.956619,250.000000,OK
3,24,adjacent,100,100,16,188,FWD,E11,E12,E5,E6,-19.258483,250.000000,OK
3,24,adjacent,100,100,16,189,REV,E12,E11,E5,E6,19.258483,250.000000,OK
3,24,adjacent,100,100,16,190,FWD,E11,E12,E6,E7,-16.280510,250.000000,OK
3,24,adjacent,100,100,16,191,REV,E12,E11,E6,E7,16.280510,250.000000,OK
3,24,adjacent,100,100,16,192,FWD,E11,E12,E7,E8,-11.579387,250.000000,OK
3,24,adjacent,100,100,16,193,REV,E12,E11,E7,E8,11.579387,250.000000,OK
3,24,adjacent,100,100,16,194,FWD,E11,E12,E8,E9,-5.589144,250.000000,OK
3,24,adjacent,100,100,16,195,REV,E12,E11,E8,E9,5.589144,250.000000,OK
3,24,adjacent,100,100,16,196,FWD,E11,E12,E9,E10,0.939649,250.000000,OK
3,24,adjacent,100,100,16,197,REV,E12,E11,E9,E10,-0.939649,250.000000,OK
3,24,adjacent,100,100,16,198,FWD,E12,E1,E2,E3,-18.552305,250.000000,OK
3,24,adjacent,100,100,16,199,REV,E1,E12,E2,E3,18.552305,250.000000,OK
3,24,adjacent,100,100,16,200,FWD,E12,E1,E3,E4,-20.029339,250.000000,OK
3,24,adjacent,100,100,16,201,REV,E1,E12,E3,E4,20.029339,250.000000,OK
3,24,adjacent,100,100,16,202,FWD,E12,E1,E4,E5,-19.213752,250.000000,OK
3,24,adjacent,100,100,16,203,REV,E1,E12,E4,E5,19.213752,250.000000,OK
3,24,adjacent,100,100,16,204,FWD,E12,E1,E5,E6,-16.319837,250.000000,OK
3,24,adjacent,100,100,16,205,REV,E1,E12,E5,E6,16.319837,250.000000,OK
3,24,adjacent,100,100,16,206,FWD,E12,E1,E6,E7,-11.588467,250.000000,OK
3,24,adjacent,100,100,16,207,REV,E1,E12,E6,E7,11.588467,250.000000,OK
3,24,adjacent,100,100,16,208,FWD,E12,E1,E7,E8,-5.574588,250.000000,OK
3,24,adjacent,100,100,16,209,REV,E1,E12,E7,E8,5.574588,250.000000,OK
3,24,adjacent,100,100,16,210,FWD,E12,E1,E8,E9,1.142627,250.000000,OK
3,24,adjacent,100,100,16,211,REV,E1,E12,E8,E9,-1.142627,250.000000,OK
3,24,adjacent,100,100,16,212,FWD,E12,E1,E9,E10,7.345531,250.000000,OK
3,24,adjacent,100,100,16,213,REV,E1,E12,E9,E10,-7.345531,250.000000,OK
3,24,adjacent,100,100,16,214,FWD,E12,E1,E10,E11,13.180506,250.000000,OK
3,24,adjacent,100,100,16,215,REV,E1,E12,E10,E11,-13.180506,250.000000,OK
4,25,adjacent,100,100,16,0,FWD,E1,E2,E3,E4,16.847122,250.000000,OK
4,25,adjacent,100,100,16,1,REV,E2,E1,E3,E4,-16.847122,250.000000,OK
4,25,adjacent,100,100,16,2,FWD,E1,E2,E4,E5,19.438510,250.000000,OK
4,25,adjacent,100,100,16,3,REV,E2,E1,E4,E5,-19.438510,250.000000,OK
4,25,adjacent,100,100,16,4,FWD,E1,E2,E5,E6,19.881579,250.000000,OK
4,25,adjacent,100,100,16,5,REV,E2,E1,E5,E6,-19.881579,250.000000,OK
4,25,adjacent,100,100,16,6,FWD,E1,E2,E6,E7,18.072120,250.000000,OK
4,25,adjacent,100,100,16,7,REV,E2,E1,E6,E7,-18.072120,250.000000,OK
4,25,adjacent,100,100,16,8,FWD,E1,E2,E7,E8,14.462653,250.000000,OK
4,25,adjacent,100,100,16,9,REV,E2,E1,E7,E8,-14.462653,250.000000,OK
4,25,adjacent,100,100,16,10,FWD,E1,E2,E8,E9,9.191821,250.000000,OK
4,25,adjacent,100,100,16,11,REV,E2,E1,E8,E9,-9.191821,250.000000,OK
4,25,adjacent,100,100,16,12,FWD,E1,E2,E9,E10,2.874567,250.000000,OK
4,25,adjacent,100,100,16,13,REV,E2,E1,E9,E10,-2.874567,250.000000,OK
4,25,adjacent,100,100,16,14,FWD,E1,E2,E10,E11,-3.838169,250.000000,OK
4,25,adjacent,100,100,16,15,REV,E2,E1,E10,E11,3.838169,250.000000,OK
4,25,adjacent,100,100,16,16,FWD,E1,E2,E11,E12,-9.914073,250.000000,OK
4,25,adjacent,100,100,16,17,REV,E2,E1,E11,E12,9.914073,250.000000,OK
4,25,adjacent,100,100,16,18,FWD,E2,E3,E4,E5,20.005344,250.000000,OK
4,25,adjacent,100,100,16,19,REV,E3,E2,E4,E5,-20.005344,250.000000,OK
4,25,adjacent,100,100,16,20,FWD,E2,E3,E5,E6,18.174537,250.000000,OK
4,25,adjacent,100,100,16,21,REV,E3,E2,E5,E6,-18.174537,250.000000,OK
4,25,adjacent,100,100,16,22,FWD,E2,E3,E6,E7,14.453959,250.000000,OK
4,25,adjacent,100,100,16,23,REV,E3,E2,E6,E7,-14.453959,250.000000,OK
4,25,adjacent,100,100,16,24,FWD,E2,E3,E7,E8,9.193401,250.000000,OK
4,25,adjacent,100,100,16,25,REV,E3,E2,E7,E8,-9.193401,250.000000,OK
4,25,adjacent,100,100,16,26,FWD,E2,E3,E8,E9,2.809662,250.000000,OK
4,25,adjacent,100,100,16,27,REV,E3,E2,E8,E9,-2.809662,250.000000,OK
4,25,adjacent,100,100,16,28,FWD,E2,E3,E9,E10,-3.800121,250.000000,OK
4,25,adjacent,100,100,16,29,REV,E3,E2,E9,E10,3.800121,250.000000,OK
4,25,adjacent,100,100,16,30,FWD,E2,E3,E10,E11,-9.964548,250.000000,OK
4,25,adjacent,100,100,16,31,REV,E3,E2,E10,E11,9.964548,250.000000,OK
4,25,adjacent,100,100,16,32,FWD,E2,E3,E11,E12,-15.076564,250.000000,OK
4,25,adjacent,100,100,16,33,REV,E3,E2,E11,E12,15.076564,250.000000,OK
4,25,adjacent,100,100,16,34,FWD,E2,E3,E12,E1,-18.606780,250.000000,OK
4,25,adjacent,100,100,16,35,REV,E3,E2,E12,E1,18.606780,250.000000,OK
4,25,adjacent,100,100,16,36,FWD,E3,E4,E1,E2,16.806639,250.000000,OK
4,25,adjacent,100,100,16,37,REV,E4,E3,E1,E2,-16.806639,250.000000,OK
4,25,adjacent,100,100,16,38,FWD,E3,E4,E5,E6,14.434265,250.000000,OK
4,25,adjacent,100,100,16,39,REV,E4,E3,E5,E6,-14.434265,250.000000,OK
4,25,adjacent,100,100,16,40,FWD,E3,E4,E6,E7,9.144745,250.000000,OK
4,25,adjacent,100,100,16,41,REV,E4,E3,E6,E7,-9.144745,250.000000,OK
4,25,adjacent,100,100,16,42,FWD,E3,E4,E7,E8,2.826146,250.000000,OK
4,25,adjacent,100,100,16,43,REV,E4,E3,E7,E8,-2.826146,250.000000,OK
4,25,adjacent,100,100,16,44,FWD,E3,E4,E8,E9,-3.830794,250.000000,OK
4,25,adjacent,100,100,16,45,REV,E4,E3,E8,E9,3.830794,250.000000,OK
4,25,adjacent,100,100,16,46,FWD,E3,E4,E9,E10,-9.986806,250.000000,OK
4,25,adjacent,100,100,16,47,REV,E4,E3,E9,E10,9.986806,250.000000,OK
4,25,adjacent,100,100,16,48,FWD,E3,E4,E10,E11,-15.133569,250.000000,OK
4,25,adjacent,100,100,16,49,REV,E4,E3,E10,E11,15.133569,250.000000,OK
4,25,adjacent,100,100,16,50,FWD,E3,E4,E11,E12,-18.579622,250.000000,OK
4,25,adjacent,100,100,16,51,REV,E4,E3,E11,E12,18.579622,250.000000,OK
4,25,adjacent,100,100,16,52,FWD,E3,E4,E12,E1,-20.077536,250.000000,OK
4,25,adjacent,100,100,16,53,REV,E4,E3,E12,E1,20.077536,250.000000,OK
4,25,adjacent,100,100,16,54,FWD,E4,E5,E1,E2,19.369516,250.000000,OK
4,25,adjacent,100,100,16,55,REV,E5,E4,E1,E2,-19.369516,250.000000,OK
4,25,adjacent,100,100,16,56,FWD,E4,E5,E2,E3,19.873398,250.000000,OK
4,25,adjacent,100,100,16,57,REV,E5,E4,E2,E3,-19.873398,250.000000,OK
4,25,adjacent,100,100,16,58,FWD,E4,E5,E6,E7,2.840423,250.000000,OK
4,25,adjacent,100,100,16,59,REV,E5,E4,E6,E7,-2.840423,250.000000,OK
4,25,adjacent,100,100,16,60,FWD,E4,E5,E7,E8,-3.854667,250.000000,OK
4,25,adjacent,100,100,16,61,REV,E5,E4,E7,E8,3.854667,250.000000,OK
4,25,adjacent,100,100,16,62,FWD,E4,E5,E8,E9,-9.947578,250.000000,OK
4,25,adjacent,100,100,16,63,REV,E5,E4,E8,E9,9.947578,250.000000,OK
4,25,adjacent,100,100,16,64,FWD,E4,E5,E9,E10,-15.128668,250.000000,OK
4,25,adjacent,100,100,16,65,REV,E5,E4,E9,E10,15.128668,250.000000,OK
4,25,adjacent,100,100,16,66,FWD,E4,E5,E10,E11,-18.567435,250.000000,OK
4,25,adjacent,100,100,16,67,REV,E5,E4,E10,E11,18.567435,250.000000,OK
4,25,adjacent,100,100,16,68,FWD,E4,E5,E11,E12,-19.973100,250.000000,OK
4,25,adjacent,100,100,16,69,REV,E5,E4,E11,E12,19.973100,250.000000,OK
4,25,adjacent,100,100,16,70,FWD,E4,E5,E12,E1,-19.153854,250.000000,OK
4,25,adjacent,100,100,16,71,REV,E5,E4,E12,E1,19.153854,250.000000,OK
4,25,adjacent,100,100,16,72,FWD,E5,E6,E1,E2,19.954358,250.000000,OK
4,25,adjacent,100,100,16,73,REV,E6,E5,E1,E2,-19.954358,250.000000,OK
4,25,adjacent,100,100,16,74,FWD,E5,E6,E2,E3,18.158403,250.000000,OK
4,25,adjacent,100,100,16,75,REV,E6,E5,E2,E3,-18.158403,250.000000,OK
4,25,adjacent,100,100,16,76,FWD,E5,E6,E3,E4,14.540144,250.000000,OK
4,25,adjacent,100,100,16,77,REV,E6,E5,E3,E4,-14.540144,250.000000,OK
4,25,adjacent,100,100,16,78,FWD,E5,E6,E7,E8,-10.064496,250.000000,OK
4,25,adjacent,100,100,16,79,REV,E6,E5,E7,E8,10.064496,250.000000,OK
4,25,adjacent,100,100,16,80,FWD,E5,E6,E8,E9,-15.110179,250.000000,OK
4,25,adjacent,100,100,16,81,REV,E6,E5,E8,E9,15.110179,250.000000,OK
4,25,adjacent,100,100,16,82,FWD,E5,E6,E9,E10,-18.590606,250.000000,OK
4,25,adjacent,100,100,16,83,REV,E6,E5,E9,E10,18.590606,250.000000,OK
4,25,adjacent,100,100,16,84,FWD,E5,E6,E10,E11,-19.987419,250.000000,OK
4,25,adjacent,100,100,16,85,REV,E6,E5,E10,E11,19.987419,250.000000,OK
4,25,adjacent,100,100,16,86,FWD,E5,E6,E11,E12,-19.144978,250.000000,OK
4,25,adjacent,100,100,16,87,REV,E6,E5,E11,E12,19.144978,250.000000,OK
4,25,adjacent,100,100,16,88,FWD,E5,E6,E12,E1,-16.256497,250.000000,OK
4,25,adjacent,100,100,16,89,REV,E6,E5,E12,E1,16.256497,250.000000,OK
4,25,adjacent,100,100,16,90,FWD,E6,E7,E1,E2,18.266320,250.000000,OK
4,25,adjacent,100,100,16,91,REV,E7,E6,E1,E2,-18.266320,250.000000,OK
4,25,adjacent,100,100,16,92,FWD,E6,E7,E2,E3,14.436326,250.000000,OK
4,25,adjacent,100,100,16,93,REV,E7,E6,E2,E3,-14.436326,250.000000,OK
4,25,adjacent,100,100,16,94,FWD,E6,E7,E3,E4,9.171268,250.000000,OK
4,25,adjacent,100,100,16,95,REV,E7,E6,E3,E4,-9.171268,250.000000,OK
4,25,adjacent,100,100,16,96,FWD,E6,E7,E4,E5,2.851594,250.000000,OK
4,25,adjacent,100,100,16,97,REV,E7,E6,E4,E5,-2.851594,250.000000,OK
4,25,adjacent,100,100,16,98,FWD,E6,E7,E8,E9,-18.474685,250.000000,OK
4,25,adjacent,100,100,16,99,REV,E7,E6,E8,E9,18.474685,250.000000,OK
4,25,adjacent,100,100,16,100,FWD,E6,E7,E9,E10,-19.898632,250.000000,OK
4,25,adjacent,100,100,16,101,REV,E7,E6,E9,E10,19.898632,250.000000,OK
4,25,adjacent,100,100,16,102,FWD,E6,E7,E10,E11,-19.143257,250.000000,OK
4,25,adjacent,100,100,16,103,REV,E7,E6,E10,E11,19.143257,250.000000,OK
4,25,adjacent,100,100,16,104,FWD,E6,E7,E11,E12,-16.182962,250.000000,OK
4,25,adjacent,100,100,16,105,REV,E7,E6,E11,E12,16.182962,250.000000,OK
4,25,adjacent,100,100,16,106,FWD,E6,E7,E12,E1,-11.521476,250.000000,OK
4,25,adjacent,100,100,16,107,REV,E7,E6,E12,E1,11.521476,250.000000,OK
4,25,adjacent,100,100,16,108,FWD,E7,E8,E1,E2,14.422626,250.000000,OK
4,25,adjacent,100,100,16,109,REV,E8,E7,E1,E2,-14.422626,250.000000,OK
4,25,adjacent,100,100,16,110,FWD,E7,E8,E2,E3,9.162012,250.000000,OK
4,25,adjacent,100,100,16,111,REV,E8,E7,E2,E3,-9.162012,250.000000,OK
4,25,adjacent,100,100,16,112,FWD,E7,E8,E3,E4,2.883774,250.000000,OK
4,25,adjacent,100,100,16,113,REV,E8,E7,E3,E4,-2.883774,250.000000,OK
4,25,adjacent,100,100,16,114,FWD,E7,E8,E4,E5,-3.837464,250.000000,OK
4,25,adjacent,100,100,16,115,REV,E8,E7,E4,E5,3.837464,250.000000,OK
4,25,adjacent,100,100,16,116,FWD,E7,E8,E5,E6,-9.949210,250.000000,OK
4,25,adjacent,100,100,16,117,REV,E8,E7,E5,E6,9.949210,250.000000,OK
4,25,adjacent,100,100,16,118,FWD,E7,E8,E9,E10,-19.160708,250.000000,OK
4,25,adjacent,100,100,16,119,REV,E8,E7,E9,E10,19.160708,250.000000,OK
4,25,adjacent,100,100,16,120,FWD,E7,E8,E10,E11,-16.298032,250.000000,OK
4,25,adjacent,100,100,16,121,REV,E8,E7,E10,E11,16.298032,250.000000,OK
4,25,adjacent,100,100,16,122,FWD,E7,E8,E11,E12,-11.540817,250.000000,OK
4,25,adjacent,100,100,16,123,REV,E8,E7,E11,E12,11.540817,250.000000,OK
4,25,adjacent,100,100,16,124,FWD,E7,E8,E12,E1,-5.666801,250.000000,OK
4,25,adjacent,100,100,16,125,REV,E8,E7,E12,E1,5.666801,250.000000,OK
4,25,adjacent,100,100,16,126,FWD,E8,E9,E1,E2,9.111008,250.000000,OK
4,25,adjacent,100,100,16,127,REV,E9,E8,E1,E2,-9.111008,250.000000,OK
4,25,adjacent,100,100,16,128,FWD,E8,E9,E2,E3,2.770137,250.000000,OK
4,25,adjacent,100,100,16,129,REV,E9,E8,E2,E3,-2.770137,250.000000,OK
4,25,adjacent,100,100,16,130,FWD,E8,E9,E3,E4,-3.786408,250.000000,OK
4,25,adjacent,100,100,16,131,REV,E9,E8,E3,E4,3.786408,250.000000,OK
4,25,adjacent,100,100,16,132,FWD,E8,E9,E4,E5,-10.076703,250.000000,OK
4,25,adjacent,100,100,16,133,REV,E9,E8,E4,E5,10.076703,250.000000,OK
4,25,adjacent,100,100,16,134,FWD,E8,E9,E5,E6,-15.214268,250.000000,OK
4,25,adjacent,100,100,16,135,REV,E9,E8,E5,E6,15.214268,250.000000,OK
4,25,adjacent,100,100,16,136,FWD,E8,E9,E6,E7,-18.565091,250.000000,OK
4,25,adjacent,100,100,16,137,REV,E9,E8,E6,E7,18.565091,250.000000,OK
4,25,adjacent,100,100,16,138,FWD,E8,E9,E10,E11,-11.587951,250.000000,OK
4,25,adjacent,100,100,16,139,REV,E9,E8,E10,E11,11.587951,250.000000,OK
4,25,adjacent,100,100,16,140,FWD,E8,E9,E11,E12,-5.624559,250.000000,OK
4,25,adjacent,100,100,16,141,REV,E9,E8,E11,E12,5.624559,250.000000,OK
4,25,adjacent,100,100,16,142,FWD,E8,E9,E12,E1,0.972736,250.000000,OK
4,25,adjacent,100,100,16,143,REV,E9,E8,E12,E1,-0.972736,250.000000,OK
4,25,adjacent,100,100,16,144,FWD,E9,E10,E1,E2,2.874731,250.000000,OK
4,25,adjacent,100,100,16,145,REV,E10,E9,E1,E2,-2.874731,250.000000,OK
4,25,adjacent,100,100,16,146,FWD,E9,E10,E2,E3,-3.802783,250.000000,OK
4,25,adjacent,100,100,16,147,REV,E10,E9,E2,E3,3.802783,250.000000,OK
4,25,adjacent,100,100,16,148,FWD,E9,E10,E3,E4,-10.063083,250.000000,OK
4,25,adjacent,100,100,16,149,REV,E10,E9,E3,E4,10.063083,250.000000,OK
4,25,adjacent,100,100,16,150,FWD,E9,E10,E4,E5,-14.995940,250.000000,OK
4,25,adjacent,100,100,16,151,REV,E10,E9,E4,E5,14.995940,250.000000,OK
4,25,adjacent,100,100,16,152,FWD,E9,E10,E5,E6,-18.555837,250.000000,OK
4,25,adjacent,100,100,16,153,REV,E10,E9,E5,E6,18.555837,250.000000,OK
4,25,adjacent,100,100,16,154,FWD,E9,E10,E6,E7,-19.883355,250.000000,OK
4,25,adjacent,100,100,16,155,REV,E10,E9,E6,E7,19.883355,250.000000,OK
4,25,adjacent,100,100,16,156,FWD,E9,E10,E7,E8,-19.125895,250.000000,OK
4,25,adjacent,100,100,16,157,REV,E10,E9,E7,E8,19.125895,250.000000,OK
4,25,adjacent,100,100,16,158,FWD,E9,E10,E11,E12,1.070848,250.000000,OK
4,25,adjacent,100,100,16,159,REV,E10,E9,E11,E12,-1.070848,250.000000,OK
4,25,adjacent,100,100,16,160,FWD,E9,E10,E12,E1,7.439227,250.000000,OK
4,25,adjacent,100,100,16,161,REV,E10,E9,E12,E1,-7.439227,250.000000,OK
4,25,adjacent,100,100,16,162,FWD,E10,E11,E1,E2,-3.839895,250.000000,OK
4,25,adjacent,100,100,16,163,REV,E11,E10,E1,E2,3.839895,250.000000,OK
4,25,adjacent,100,100,16,164,FWD,E10,E11,E2,E3,-9.993332,250.000000,OK
4,25,adjacent,100,100,16,165,REV,E11,E10,E2,E3,9.993332,250.000000,OK
4,25,adjacent,100,100,16,166,FWD,E10,E11,E3,E4,-15.140250,250.000000,OK
4,25,adjacent,100,100,16,167,REV,E11,E10,E3,E4,15.140250,250.000000,OK
4,25,adjacent,100,100,16,168,FWD,E10,E11,E4,E5,-18.576381,250.000000,OK
4,25,adjacent,100,100,16,169,REV,E11,E10,E4,E5,18.576381,250.000000,OK
4,25,adjacent,100,100,16,170,FWD,E10,E11,E5,E6,-19.924683,250.000000,OK
4,25,adjacent,100,100,16,171,REV,E11,E10,E5,E6,19.924683,250.000000,OK
4,25,adjacent,100,100,16,172,FWD,E10,E11,E6,E7,-19.293612,250.000000,OK
4,25,adjacent,100,100,16,173,REV,E11,E10,E6,E7,19.293612,250.000000,OK
4,25,adjacent,100,100,16,174,FWD,E10,E11,E7,E8,-16.283232,250.000000,OK
4,25,adjacent,100,100,16,175,REV,E11,E10,E7,E8,16.283232,250.000000,OK
4,25,adjacent,100,100,16,176,FWD,E10,E11,E8,E9,-11.487147,250.000000,OK
4,25,adjacent,100,100,16,177,REV,E11,E10,E8,E9,11.487147,250.000000,OK
4,25,adjacent,100,100,16,178,FWD,E10,E11,E12,E1,13.116366,250.000000,OK
4,25,adjacent,100,100,16,179,REV,E11,E10,E12,E1,-13.116366,250.000000,OK
4,25,adjacent,100,100,16,180,FWD,E11,E12,E1,E2,-10.023441,250.000000,OK
4,25,adjacent,100,100,16,181,REV,E12,E11,E1,E2,10.023441,250.000000,OK
4,25,adjacent,100,100,16,182,FWD,E11,E12,E2,E3,-15.116922,250.000000,OK
4,25,adjacent,100,100,16,183,REV,E12,E11,E2,E3,15.116922,250.000000,OK
4,25,adjacent,100,100,16,184,FWD,E11,E12,E3,E4,-18.564311,250.000000,OK
4,25,adjacent,100,100,16,185,REV,E12,E11,E3,E4,18.564311,250.000000,OK
4,25,adjacent,100,100,16,186,FWD,E11,E12,E4,E5,-19.963289,250.000000,OK
4,25,adjacent,100,100,16,187,REV,E12,E11,E4,E5,19.963289,250.000000,OK
4,25,adjacent,100,100,16,188,FWD,E11,E12,E5,E6,-19.225112,250.000000,OK
4,25,adjacent,100,100,16,189,REV,E12,E11,E5,E6,19.225112,250.000000,OK
4,25,adjacent,100,100,16,190,FWD,E11,E12,E6,E7,-16.249888,250.000000,OK
4,25,adjacent,100,100,16,191,REV,E12,E11,E6,E7,16.249888,250.000000,OK
4,25,adjacent,100,100,16,192,FWD,E11,E12,E7,E8,-11.594077,250.000000,OK
4,25,adjacent,100,100,16,193,REV,E12,E11,E7,E8,11.594077,250.000000,OK
4,25,adjacent,100,100,16,194,FWD,E11,E12,E8,E9,-5.509384,250.000000,OK
4,25,adjacent,100,100,16,195,REV,E12,E11,E8,E9,5.509384,250.000000,OK
4,25,adjacent,100,100,16,196,FWD,E11,E12,E9,E10,0.971226,250.000000,OK
4,25,adjacent,100,100,16,197,REV,E12,E11,E9,E10,-0.971226,250.000000,OK
4,25,adjacent,100,100,16,198,FWD,E12,E1,E2,E3,-18.567529,250.000000,OK
4,25,adjacent,100,100,16,199,REV,E1,E12,E2,E3,18.567529,250.000000,OK
4,25,adjacent,100,100,16,200,FWD,E12,E1,E3,E4,-19.989067,250.000000,OK
4,25,adjacent,100,100,16,201,REV,E1,E12,E3,E4,19.989067,250.000000,OK
4,25,adjacent,100,100,16,202,FWD,E12,E1,E4,E5,-19.121940,250.000000,OK
4,25,adjacent,100,100,16,203,REV,E1,E12,E4,E5,19.121940,250.000000,OK
4,25,adjacent,100,100,16,204,FWD,E12,E1,E5,E6,-16.260536,250.000000,OK
4,25,adjacent,100,100,16,205,REV,E1,E12,E5,E6,16.260536,250.000000,OK
4,25,adjacent,100,100,16,206,FWD,E12,E1,E6,E7,-11.528501,250.000000,OK
4,25,adjacent,100,100,16,207,REV,E1,E12,E6,E7,11.528501,250.000000,OK
4,25,adjacent,100,100,16,208,FWD,E12,E1,E7,E8,-5.616548,250.000000,OK
4,25,adjacent,100,100,16,209,REV,E1,E12,E7,E8,5.616548,250.000000,OK
4,25,adjacent,100,100,16,210,FWD,E12,E1,E8,E9,0.983506,250.000000,OK
4,25,adjacent,100,100,16,211,REV,E1,E12,E8,E9,-0.983506,250.000000,OK
4,25,adjacent,100,100,16,212,FWD,E12,E1,E9,E10,7.435734,250.000000,OK
4,25,adjacent,100,100,16,213,REV,E1,E12,E9,E10,-7.435734,250.000000,OK
4,25,adjacent,100,100,16,214,FWD,E12,E1,E10,E11,13.131187,250.000000,OK
4,25,adjacent,100,100,16,215,REV,E1,E12,E10,E11,-13.131187,250.000000,OK
5,26,adjacent,100,100,16,0,FWD,E1,E2,E3,E4,16.733166,250.000000,OK
5,26,adjacent,100,100,16,1,REV,E2,E1,E3,E4,-16.733166,250.000000,OK
5,26,adjacent,100,100,16,2,FWD,E1,E2,E4,E5,19.287818,250.000000,OK
5,26,adjacent,100,100,16,3,REV,E2,E1,E4,E5,-19.287818,250.000000,OK
5,26,adjacent,100,100,16,4,FWD,E1,E2,E5,E6,19.965882,250.000000,OK
5,26,adjacent,100,100,16,5,REV,E2,E1,E5,E6,-19.965882,250.000000,OK
5,26,adjacent,100,100,16,6,FWD,E1,E2,E6,E7,18.264088,250.000000,OK
5,26,adjacent,100,100,16,7,REV,E2,E1,E6,E7,-18.264088,250.000000,OK
5,26,adjacent,100,100,16,8,FWD,E1,E2,E7,E8,14.528194,250.000000,OK
5,26,adjacent,100,100,16,9,REV,E2,E1,E7,E8,-14.528194,250.000000,OK
5,26,adjacent,100,100,16,10,FWD,E1,E2,E8,E9,9.123973,250.000000,OK
5,26,adjacent,100,100,16,11,REV,E2,E1,E8,E9,-9.123973,250.000000,OK
5,26,adjacent,100,100,16,12,FWD,E1,E2,E9,E10,2.818756,250.000000,OK
5,26,adjacent,100,100,16,13,REV,E2,E1,E9,E10,-2.818756,250.000000,OK
5,26,adjacent,100,100,16,14,FWD,E1,E2,E10,E11,-3.825937,250.000000,OK
5,26,adjacent,100,100,16,15,REV,E2,E1,E10,E11,3.825937,250.000000,OK
5,26,adjacent,100,100,16,16,FWD,E1,E2,E11,E12,-9.957129,250.000000,OK
5,26,adjacent,100,100,16,17,REV,E2,E1,E11,E12,9.957129,250.000000,OK
5,26,adjacent,100,100,16,18,FWD,E2,E3,E4,E5,19.951758,250.000000,OK
5,26,adjacent,100,100,16,19,REV,E3,E2,E4,E5,-19.951758,250.000000,OK
5,26,adjacent,100,100,16,20,FWD,E2,E3,E5,E6,18.188867,250.000000,OK
5,26,adjacent,100,100,16,21,REV,E3,E2,E5,E6,-18.188867,250.000000,OK
5,26,adjacent,100,100,16,22,FWD,E2,E3,E6,E7,14.497124,250.000000,OK
5,26,adjacent,100,100,16,23,REV,E3,E2,E6,E7,-14.497124,250.000000,OK
5,26,adjacent,100,100,16,24,FWD,E2,E3,E7,E8,9.213468,250.000000,OK
5,26,adjacent,100,100,16,25,REV,E3,E2,E7,E8,-9.213468,250.000000,OK
5,26,adjacent,100,100,16,26,FWD,E2,E3,E8,E9,2.841126,250.000000,OK
5,26,adjacent,100,100,16,27,REV,E3,E2,E8,E9,-2.841126,250.000000,OK
5,26,adjacent,100,100,16,28,FWD,E2,E3,E9,E10,-3.865635,250.000000,OK
5,26,adjacent,100,100,16,29,REV,E3,E2,E9,E10,3.865635,250.000000,OK
5,26,adjacent,100,100,16,30,FWD,E2,E3,E10,E11,-10.029281,250.000000,OK
5,26,adjacent,100,100,16,31,REV,E3,E2,E10,E11,10.029281,250.000000,OK
5,26,adjacent,100,100,16,32,FWD,E2,E3,E11,E12,-15.157383,250.000000,OK
5,26,adjacent,100,100,16,33,REV,E3,E2,E11,E12,15.157383,250.000000,OK
5,26,adjacent,100,100,16,34,FWD,E2,E3,E12,E1,-18.659882,250.000000,OK
5,26,adjacent,100,100,16,35,REV,E3,E2,E12,E1,18.659882,250.000000,OK
5,26,adjacent,100,100,16,36,FWD,E3,E4,E1,E2,16.727127,250.000000,OK
5,26,adjacent,100,100,16,37,REV,E4,E3,E1,E2,-16.727127,250.000000,OK
5,26,adjacent,100,100,16,38,FWD,E3,E4,E5,E6,14.469153,250.000000,OK
5,26,adjacent,100,100,16,39,REV,E4,E3,E5,E6,-14.469153,250.000000,OK
5,26,adjacent,100,100,16,40,FWD,E3,E4,E6,E7,9.093183,250.000000,OK
5,26,adjacent,100,100,16,41,REV,E4,E3,E6,E7,-9.093183,250.000000,OK
5,26,adjacent,100,100,16,42,FWD,E3,E4,E7,E8,2.843116,250.000000,OK
5,26,adjacent,100,100,16,43,REV,E4,E3,E7,E8,-2.843116,250.000000,OK
5,26,adjacent,100,100,16,44,FWD,E3,E4,E8,E9,-3.851370,250.000000,OK
5,26,adjacent,100,100,16,45,REV,E4,E3,E8,E9,3.851370,250.000000,OK
5,26,adjacent,100,100,16,46,FWD,E3,E4,E9,E10,-9.985390,250.000000,OK
5,26,adjacent,100,100,16,47,REV,E4,E3,E9,E10,9.985390,250.000000,OK
5,26,adjacent,100,100,16,48,FWD,E3,E4,E10,E11,-15.091796,250.000000,OK
5,26,adjacent,100,100,16,49,REV,E4,E3,E10,E11,15.091796,250.000000,OK
5,26,adjacent,100,100,16,50,FWD,E3,E4,E11,E12,-18.561177,250.000000,OK
5,26,adjacent,100,100,16,51,REV,E4,E3,E11,E12,18.561177,250.000000,OK
5,26,adjacent,100,100,16,52,FWD,E3,E4,E12,E1,-20.039062,250.000000,OK
5,26,adjacent,100,100,16,53,REV,E4,E3,E12,E1,20.039062,250.000000,OK
5,26,adjacent,100,100,16,54,FWD,E4,E5,E1,E2,19.336695,250.000000,OK
5,26,adjacent,100,100,16,55,REV,E5,E4,E1,E2,-19.336695,250.000000,OK
5,26,adjacent,100,100,16,56,FWD,E4,E5,E2,E3,20.015252,250.000000,OK
5,26,adjacent,100,100,16,57,REV,E5,E4,E2,E3,-20.015252,250.000000,OK
5,26,adjacent,100,100,16,58,FWD,E4,E5,E6,E7,2.819727,250.000000,OK
5,26,adjacent,100,100,16,59,REV,E5,E4,E6,E7,-2.819727,250.000000,OK
5,26,adjacent,100,100,16,60,FWD,E4,E5,E7,E8,-3.708896,250.000000,OK
5,26,adjacent,100,100,16,61,REV,E5,E4,E7,E8,3.708896,250.000000,OK
5,26,adjacent,100,100,16,62,FWD,E4,E5,E8,E9,-10.037421,250.000000,OK
5,26,adjacent,100,100,16,63,REV,E5,E4,E8,E9,10.037421,250.000000,OK
5,26,adjacent,100,100,16,64,FWD,E4,E5,E9,E10,-15.195006,250.000000,OK
5,26,adjacent,100,100,16,65,REV,E5,E4,E9,E10,15.195006,250.000000,OK
5,26,adjacent,100,100,16,66,FWD,E4,E5,E10,E11,-18.580099,250.000000,OK
5,26,adjacent,100,100,16,67,REV,E5,E4,E10,E11,18.580099,250.000000,OK
5,26,adjacent,100,100,16,68,FWD,E4,E5,E11,E12,-20.040765,250.000000,OK
5,26,adjacent,100,100,16,69,REV,E5,E4,E11,E12,20.040765,250.000000,OK
5,26,adjacent,100,100,16,70,FWD,E4,E5,E12,E1,-19.176138,250.000000,OK
5,26,adjacent,100,100,16,71,REV,E5,E4,E12,E1,19.176138,250.000000,OK
5,26,adjacent,100,100,16,72,FWD,E5,E6,E1,E2,19.990454,250.000000,OK
5,26,adjacent,100,100,16,73,REV,E6,E5,E1,E2,-19.990454,250.000000,OK
5,26,adjacent,100,100,16,74,FWD,E5,E6,E2,E3,18.231012,250.000000,OK
5,26,adjacent,100,100,16,75,REV,E6,E5,E2,E3,-18.231012,250.000000,OK
5,26,adjacent,100,100,16,76,FWD,E5,E6,E3,E4,14.616766,250.000000,OK
5,26,adjacent,100,100,16,77,REV,E6,E5,E3,E4,-14.616766,250.000000,OK
5,26,adjacent,100,100,16,78,FWD,E5,E6,E7,E8,-10.006999,250.000000,OK
5,26,adjacent,100,100,16,79,REV,E6,E5,E7,E8,10.006999,250.000000,OK
5,26,adjacent,100,100,16,80,FWD,E5,E6,E8,E9,-15.118635,250.000000,OK
5,26,adjacent,100,100,16,81,REV,E6,E5,E8,E9,15.118635,250.000000,OK
5,26,adjacent,100,100,16,82,FWD,E5,E6,E9,E10,-18.625429,250.000000,OK
5,26,adjacent,100,100,16,83,REV,E6,E5,E9,E10,18.625429,250.000000,OK
5,26,adjacent,100,100,16,84,FWD,E5,E6,E10,E11,-20.025581,250.000000,OK
5,26,adjacent,100,100,16,85,REV,E6,E5,E10,E11,20.025581,250.000000,OK
5,26,adjacent,100,100,16,86,FWD,E5,E6,E11,E12,-19.164658,250.000000,OK
5,26,adjacent,100,100,16,87,REV,E6,E5,E11,E12,19.164658,250.000000,OK
5,26,adjacent,100,100,16,88,FWD,E5,E6,E12,E1,-16.310978,250.000000,OK
5,26,adjacent,100,100,16,89,REV,E6,E5,E12,E1,16.310978,250.000000,OK
5,26,adjacent,100,100,16,90,FWD,E6,E7,E1,E2,18.170284,250.000000,OK
5,26,adjacent,100,100,16,91,REV,E7,E6,E1,E2,-18.170284,250.000000,OK
5,26,adjacent,100,100,16,92,FWD,E6,E7,E2,E3,14.446507,250.000000,OK
5,26,adjacent,100,100,16,93,REV,E7,E6,E2,E3,-14.446507,250.000000,OK
5,26,adjacent,100,100,16,94,FWD,E6,E7,E3,E4,9.087683,250.000000,OK
5,26,adjacent,100,100,16,95,REV,E7,E6,E3,E4,-9.087683,250.000000,OK
5,26,adjacent,100,100,16,96,FWD,E6,E7,E4,E5,2.939416,250.000000,OK
5,26,adjacent,100,100,16,97,REV,E7,E6,E4,E5,-2.939416,250.000000,OK
5,26,adjacent,100,100,16,98,FWD,E6,E7,E8,E9,-18.677296,250.000000,OK
5,26,adjacent,100,100,16,99,REV,E7,E6,E8,E9,18.677296,250.000000,OK
5,26,adjacent,100,100,16,100,FWD,E6,E7,E9,E10,-19.971289,250.000000,OK
5,26,adjacent,100,100,16,101,REV,E7,E6,E9,E10,19.971289,250.000000,OK
5,26,adjacent,100,100,16,102,FWD,E6,E7,E10,E11,-19.128470,250.000000,OK
5,26,adjacent,100,100,16,103,REV,E7,E6,E10,E11,19.128470,250.000000,OK
5,26,adjacent,100,100,16,104,FWD,E6,E7,E11,E12,-16.209710,250.000000,OK
5,26,adjacent,100,100,16,105,REV,E7,E6,E11,E12,16.209710,250.000000,OK
5,26,adjacent,100,100,16,106,FWD,E6,E7,E12,E1,-11.584703,250.000000,OK
5,26,adjacent,100,100,16,107,REV,E7,E6,E12,E1,11.584703,250.000000,OK
5,26,adjacent,100,100,16,108,FWD,E7,E8,E1,E2,14.410124,250.000000,OK
5,26,adjacent,100,100,16,109,REV,E8,E7,E1,E2,-14.410124,250.000000,OK
5,26,adjacent,100,100,16,110,FWD,E7,E8,E2,E3,9.269354,250.000000,OK
5,26,adjacent,100,100,16,111,REV,E8,E7,E2,E3,-9.269354,250.000000,OK
5,26,adjacent,100,100,16,112,FWD,E7,E8,E3,E4,2.933537,250.000000,OK
5,26,adjacent,100,100,16,113,REV,E8,E7,E3,E4,-2.933537,250.000000,OK
5,26,adjacent,100,100,16,114,FWD,E7,E8,E4,E5,-3.802355,250.000000,OK
5,26,adjacent,100,100,16,115,REV,E8,E7,E4,E5,3.802355,250.000000,OK
5,26,adjacent,100,100,16,116,FWD,E7,E8,E5,E6,-10.022960,250.000000,OK
5,26,adjacent,100,100,16,117,REV,E8,E7,E5,E6,10.022960,250.000000,OK
5,26,adjacent,100,100,16,118,FWD,E7,E8,E9,E10,-19.171870,250.000000,OK
5,26,adjacent,100,100,16,119,REV,E8,E7,E9,E10,19.171870,250.000000,OK
5,26,adjacent,100,100,16,120,FWD,E7,E8,E10,E11,-16.322206,250.000000,OK
5,26,adjacent,100,100,16,121,REV,E8,E7,E10,E11,16.322206,250.000000,OK
5,26,adjacent,100,100,16,122,FWD,E7,E8,E11,E12,-11.564753,250.000000,OK
5,26,adjacent,100,100,16,123,REV,E8,E7,E11,E12,11.564753,250.000000,OK
5,26,adjacent,100,100,16,124,FWD,E7,E8,E12,E1,-5.531368,250.000000,OK
5,26,adjacent,100,100,16,125,REV,E8,E7,E12,E1,5.531368,250.000000,OK
5,26,adjacent,100,100,16,126,FWD,E8,E9,E1,E2,9.184597,250.000000,OK
5,26,adjacent,100,100,16,127,REV,E9,E8,E1,E2,-9.184597,250.000000,OK
5,26,adjacent,100,100,16,128,FWD,E8,E9,E2,E3,2.775640,250.000000,OK
5,26,adjacent,100,100,16,129,REV,E9,E8,E2,E3,-2.775640,250.000000,OK
5,26,adjacent,100,100,16,130,FWD,E8,E9,E3,E4,-3.770536,250.000000,OK
5,26,adjacent,100,100,16,131,REV,E9,E8,E3,E4,3.770536,250.000000,OK
5,26,adjacent,100,100,16,132,FWD,E8,E9,E4,E5,-10.066617,250.000000,OK
5,26,adjacent,100,100,16,133,REV,E9,E8,E4,E5,10.066617,250.000000,OK
5,26,adjacent,100,100,16,134,FWD,E8,E9,E5,E6,-15.218127,250.000000,OK
5,26,adjacent,100,100,16,135,REV,E9,E8,E5,E6,15.218127,250.000000,OK
5,26,adjacent,100,100,16,136,FWD,E8,E9,E6,E7,-18.560626,250.000000,OK
5,26,adjacent,100,100,16,137,REV,E9,E8,E6,E7,18.560626,250.000000,OK
5,26,adjacent,100,100,16,138,FWD,E8,E9,E10,E11,-11.529621,250.000000,OK
5,26,adjacent,100,100,16,139,REV,E9,E8,E10,E11,11.529621,250.000000,OK
5,26,adjacent,100,100,16,140,FWD,E8,E9,E11,E12,-5.511865,250.000000,OK
5,26,adjacent,100,100,16,141,REV,E9,E8,E11,E12,5.511865,250.000000,OK
5,26,adjacent,100,100,16,142,FWD,E8,E9,E12,E1,0.960547,250.000000,OK
5,26,adjacent,100,100,16,143,REV,E9,E8,E12,E1,-0.960547,250.000000,OK
5,26,adjacent,100,100,16,144,FWD,E9,E10,E1,E2,2.877716,250.000000,OK
5,26,adjacent,100,100,16,145,REV,E10,E9,E1,E2,-2.877716,250.000000,OK
5,26,adjacent,100,100,16,146,FWD,E9,E10,E2,E3,-3.782085,250.000000,OK
5,26,adjacent,100,100,16,147,REV,E10,E9,E2,E3,3.782085,250.000000,OK
5,26,adjacent,100,100,16,148,FWD,E9,E10,E3,E4,-10.011160,250.000000,OK
5,26,adjacent,100,100,16,149,REV,E10,E9,E3,E4,10.011160,250.000000,OK
5,26,adjacent,100,100,16,150,FWD,E9,E10,E4,E5,-15.156460,250.000000,OK
5,26,adjacent,100,100,16,151,REV,E10,E9,E4,E5,15.156460,250.000000,OK
5,26,adjacent,100,100,16,152,FWD,E9,E10,E5,E6,-18.591731,250.000000,OK
5,26,adjacent,100,100,16,153,REV,E10,E9,E5,E6,18.591731,250.000000,OK
5,26,adjacent,100,100,16,154,FWD,E9,E10,E6,E7,-19.952409,250.000000,OK
5,26,adjacent,100,100,16,155,REV,E10,E9,E6,E7,19.952409,250.000000,OK
5,26,adjacent,100,100,16,156,FWD,E9,E10,E7,E8,-19.160343,250.000000,OK
5,26,adjacent,100,100,16,157,REV,E10,E9,E7,E8,19.160343,250.000000,OK
5,26,adjacent,100,100,16,158,FWD,E9,E10,E11,E12,0.942094,250.000000,OK
5,26,adjacent,100,100,16,159,REV,E10,E9,E11,E12,-0.942094,250.000000,OK
5,26,adjacent,100,100,16,160,FWD,E9,E10,E12,E1,7.453572,250.000000,OK
5,26,adjacent,100,100,16,161,REV,E10,E9,E12,E1,-7.453572,250.000000,OK
5,26,adjacent,100,100,16,162,FWD,E10,E11,E1,E2,-3.815409,250.000000,OK
5,26,adjacent,100,100,16,163,REV,E11,E10,E1,E2,3.815409,250.000000,OK
5,26,adjacent,100,100,16,164,FWD,E10,E11,E2,E3,-9.975054,250.000000,OK
5,26,adjacent,100,100,16,165,REV,E11,E10,E2,E3,9.975054,250.000000,OK
5,26,adjacent,100,100,16,166,FWD,E10,E11,E3,E4,-15.111678,250.000000,OK
5,26,adjacent,100,100,16,167,REV,E11,E10,E3,E4,15.111678,250.000000,OK
5,26,adjacent,100,100,16,168,FWD,E10,E11,E4,E5,-18.581621,250.000000,OK
5,26,adjacent,100,100,16,169,REV,E11,E10,E4,E5,18.581621,250.000000,OK
5,26,adjacent,100,100,16,170,FWD,E10,E11,E5,E6,-19.991735,250.000000,OK
5,26,adjacent,100,100,16,171,REV,E11,E10,E5,E6,19.991735,250.000000,OK
5,26,adjacent,100,100,16,172,FWD,E10,E11,E6,E7,-19.096882,250.000000,OK
5,26,adjacent,100,100,16,173,REV,E11,E10,E6,E7,19.096882,250.000000,OK
5,26,adjacent,100,100,16,174,FWD,E10,E11,E7,E8,-16.289943,250.000000,OK
5,26,adjacent,100,100,16,175,REV,E11,E10,E7,E8,16.289943,250.000000,OK
5,26,adjacent,100,100,16,176,FWD,E10,E11,E8,E9,-11.603577,250.000000,OK
5,26,adjacent,100,100,16,177,REV,E11,E10,E8,E9,11.603577,250.000000,OK
5,26,adjacent,100,100,16,178,FWD,E10,E11,E12,E1,13.116745,250.000000,OK
5,26,adjacent,100,100,16,179,REV,E11,E10,E12,E1,-13.116745,250.000000,OK
5,26,adjacent,100,100,16,180,FWD,E11,E12,E1,E2,-10.007135,250.000000,OK
5,26,adjacent,100,100,16,181,REV,E12,E11,E1,E2,10.007135,250.000000,OK
5,26,adjacent,100,100,16,182,FWD,E11,E12,E2,E3,-15.135748,250.000000,OK
5,26,adjacent,100,100,16,183,REV,E12,E11,E2,E3,15.135748,250.000000,OK
5,26,adjacent,100,100,16,184,FWD,E11,E12,E3,E4,-18.608205,250.000000,OK
5,26,adjacent,100,100,16,185,REV,E12,E11,E3,E4,18.608205,250.000000,OK
5,26,adjacent,100,100,16,186,FWD,E11,E12,E4,E5,-20.003057,250.000000,OK
5,26,adjacent,100,100,16,187,REV,E12,E11,E4,E5,20.003057,250.000000,OK
5,26,adjacent,100,100,16,188,FWD,E11,E12,E5,E6,-19.150975,250.000000,OK
5,26,adjacent,100,100,16,189,REV,E12,E11,E5,E6,19.150975,250.000000,OK
5,26,adjacent,100,100,16,190,FWD,E11,E12,E6,E7,-16.241791,250.000000,OK
5,26,adjacent,100,100,16,191,REV,E12,E11,E6,E7,16.241791,250.000000,OK
5,26,adjacent,100,100,16,192,FWD,E11,E12,E7,E8,-11.547261,250.000000,OK
5,26,adjacent,100,100,16,193,REV,E12,E11,E7,E8,11.547261,250.000000,OK
5,26,adjacent,100,100,16,194,FWD,E11,E12,E8,E9,-5.636090,250.000000,OK
5,26,adjacent,100,100,16,195,REV,E12,E11,E8,E9,5.636090,250.000000,OK
5,26,adjacent,100,100,16,196,FWD,E11,E12,E9,E10,1.003301,250.000000,OK
5,26,adjacent,100,100,16,197,REV,E12,E11,E9,E10,-1.003301,250.000000,OK
5,26,adjacent,100,100,16,198,FWD,E12,E1,E2,E3,-18.517628,250.000000,OK
5,26,adjacent,100,100,16,199,REV,E1,E12,E2,E3,18.517628,250.000000,OK
5,26,adjacent,100,100,16,200,FWD,E12,E1,E3,E4,-20.015893,250.000000,OK
5,26,adjacent,100,100,16,201,REV,E1,E12,E3,E4,20.015893,250.000000,OK
5,26,adjacent,100,100,16,202,FWD,E12,E1,E4,E5,-19.091155,250.000000,OK
5,26,adjacent,100,100,16,203,REV,E1,E12,E4,E5,19.091155,250.000000,OK
5,26,adjacent,100,100,16,204,FWD,E12,E1,E5,E6,-16.254183,250.000000,OK
5,26,adjacent,100,100,16,205,REV,E1,E12,E5,E6,16.254183,250.000000,OK
5,26,adjacent,100,100,16,206,FWD,E12,E1,E6,E7,-11.514440,250.000000,OK
5,26,adjacent,100,100,16,207,REV,E1,E12,E6,E7,11.514440,250.000000,OK
5,26,adjacent,100,100,16,208,FWD,E12,E1,E7,E8,-5.639463,250.000000,OK
5,26,adjacent,100,100,16,209,REV,E1,E12,E7,E8,5.639463,250.000000,OK
5,26,adjacent,100,100,16,210,FWD,E12,E1,E8,E9,1.074182,250.000000,OK
5,26,adjacent,100,100,16,211,REV,E1,E12,E8,E9,-1.074182,250.000000,OK
5,26,adjacent,100,100,16,212,FWD,E12,E1,E9,E10,7.487957,250.000000,OK
5,26,adjacent,100,100,16,213,REV,E1,E12,E9,E10,-7.487957,250.000000,OK
5,26,adjacent,100,100,16,214,FWD,E12,E1,E10,E11,13.162647,250.000000,OK
5,26,adjacent,100,100,16,215,REV,E1,E12,E10,E11,-13.162647,250.000000,OK
6,27,adjacent,100,100,16,0,FWD,E1,E2,E3,E4,16.892142,250.000000,OK
6,27,adjacent,100,100,16,1,REV,E2,E1,E3,E4,-16.892142,250.000000,OK
6,27,adjacent,100,100,16,2,FWD,E1,E2,E4,E5,19.477603,250.000000,OK
6,27,adjacent,100,100,16,3,REV,E2,E1,E4,E5,-19.477603,250.000000,OK
6,27,adjacent,100,100,16,4,FWD,E1,E2,E5,E6,19.956403,250.000000,OK
6,27,adjacent,100,100,16,5,REV,E2,E1,E5,E6,-19.956403,250.000000,OK
6,27,adjacent,100,100,16,6,FWD,E1,E2,E6,E7,18.131840,250.000000,OK
6,27,adjacent,100,100,16,7,REV,E2,E1,E6,E7,-18.131840,250.000000,OK
6,27,adjacent,100,100,16,8,FWD,E1,E2,E7,E8,14.505069,250.000000,OK
6,27,adjacent,100,100,16,9,REV,E2,E1,E7,E8,-14.505069,250.000000,OK
6,27,adjacent,100,100,16,10,FWD,E1,E2,E8,E9,9.137044,250.000000,OK
6,27,adjacent,100,100,16,11,REV,E2,E1,E8,E9,-9.137044,250.000000,OK
6,27,adjacent,100,100,16,12,FWD,E1,E2,E9,E10,2.812917,250.000000,OK
6,27,adjacent,100,100,16,13,REV,E2,E1,E9,E10,-2.812917,250.000000,OK
6,27,adjacent,100,100,16,14,FWD,E1,E2,E10,E11,-3.755331,250.000000,OK
6,27,adjacent,100,100,16,15,REV,E2,E1,E10,E11,3.755331,250.000000,OK
6,27,adjacent,100,100,16,16,FWD,E1,E2,E11,E12,-10.047380,250.000000,OK
6,27,adjacent,100,100,16,17,REV,E2,E1,E11,E12,10.047380,250.000000,OK
6,27,adjacent,100,100,16,18,FWD,E2,E3,E4,E5,19.844177,250.000000,OK
6,27,adjacent,100,100,16,19,REV,E3,E2,E4,E5,-19.844177,250.000000,OK
6,27,adjacent,100,100,16,20,FWD,E2,E3,E5,E6,18.162474,250.000000,OK
6,27,adjacent,100,100,16,21,REV,E3,E2,E5,E6,-18.162474,250.000000,OK
6,27,adjacent,100,100,16,22,FWD,E2,E3,E6,E7,14.401876,250.000000,OK
6,27,adjacent,100,100,16,23,REV,E3,E2,E6,E7,-14.401876,250.000000,OK
6,27,adjacent,100,100,16,24,FWD,E2,E3,E7,E8,9.053460,250.000000,OK
6,27,adjacent,100,100,16,25,REV,E3,E2,E7,E8,-9.053460,250.000000,OK
6,27,adjacent,100,100,16,26,FWD,E2,E3,E8,E9,2.815122,250.000000,OK
6,27,adjacent,100,100,16,27,REV,E3,E2,E8,E9,-2.815122,250.000000,OK
6,27,adjacent,100,100,16,28,FWD,E2,E3,E9,E10,-3.791445,250.000000,OK
6,27,adjacent,100,100,16,29,REV,E3,E2,E9,E10,3.791445,250.000000,OK
6,27,adjacent,100,100,16,30,FWD,E2,E3,E10,E11,-10.133644,250.000000,OK
6,27,adjacent,100,100,16,31,REV,E3,E2,E10,E11,10.133644,250.000000,OK
6,27,adjacent,100,100,16,32,FWD,E2,E3,E11,E12,-15.135326,250.000000,OK
6,27,adjacent,100,100,16,33,REV,E3,E2,E11,E12,15.135326,250.000000,OK
6,27,adjacent,100,100,16,34,FWD,E2,E3,E12,E1,-18.567530,250.000000,OK
6,27,adjacent,100,100,16,35,REV,E3,E2,E12,E1,18.567530,250.000000,OK
6,27,adjacent,100,100,16,36,FWD,E3,E4,E1,E2,16.838079,250.000000,OK
6,27,adjacent,100,100,16,37,REV,E4,E3,E1,E2,-16.838079,250.000000,OK
6,27,adjacent,100,100,16,38,FWD,E3,E4,E5,E6,14.398213,250.000000,OK
6,27,adjacent,100,100,16,39,REV,E4,E3,E5,E6,-14.398213,250.000000,OK
6,27,adjacent,100,100,16,40,FWD,E3,E4,E6,E7,9.129904,250.000000,OK
6,27,adjacent,100,100,16,41,REV,E4,E3,E6,E7,-9.129904,250.000000,OK
6,27,adjacent,100,100,16,42,FWD,E3,E4,E7,E8,2.813089,250.000000,OK
6,27,adjacent,100,100,16,43,REV,E4,E3,E7,E8,-2.813089,250.000000,OK
6,27,adjacent,100,100,16,44,FWD,E3,E4,E8,E9,-3.789710,250.000000,OK
6,27,adjacent,100,100,16,45,REV,E4,E3,E8,E9,3.789710,250.000000,OK
6,27,adjacent,100,100,16,46,FWD,E3,E4,E9,E10,-10.089909,250.000000,OK
6,27,adjacent,100,100,16,47,REV,E4,E3,E9,E10,10.089909,250.000000,OK
6,27,adjacent,100,100,16,48,FWD,E3,E4,E10,E11,-15.116879,250.000000,OK
6,27,adjacent,100,100,16,49,REV,E4,E3,E10,E11,15.116879,250.000000,OK
6,27,adjacent,100,100,16,50,FWD,E3,E4,E11,E12,-18.530696,250.000000,OK
6,27,adjacent,100,100,16,51,REV,E4,E3,E11,E12,18.530696,250.000000,OK
6,27,adjacent,100,100,16,52,FWD,E3,E4,E12,E1,-20.093481,250.000000,OK
6,27,adjacent,100,100,16,53,REV,E4,E3,E12,E1,20.093481,250.000000,OK
6,27,adjacent,100,100,16,54,FWD,E4,E5,E1,E2,19.449955,250.000000,OK
6,27,adjacent,100,100,16,55,REV,E5,E4,E1,E2,-19.449955,250.000000,OK
6,27,adjacent,100,100,16,56,FWD,E4,E5,E2,E3,19.831828,250.000000,OK
6,27,adjacent,100,100,16,57,REV,E5,E4,E2,E3,-19.831828,250.000000,OK
6,27,adjacent,100,100,16,58,FWD,E4,E5,E6,E7,2.813877,250.000000,OK
6,27,adjacent,100,100,16,59,REV,E5,E4,E6,E7,-2.813877,250.000000,OK
6,27,adjacent,100,100,16,60,FWD,E4,E5,E7,E8,-3.845367,250.000000,OK
6,27,adjacent,100,100,16,61,REV,E5,E4,E7,E8,3.845367,250.000000,OK
6,27,adjacent,100,100,16,62,FWD,E4,E5,E8,E9,-9.961859,250.000000,OK
6,27,adjacent,100,100,16,63,REV,E5,E4,E8,E9,9.961859,250.000000,OK
6,27,adjacent,100,100,16,64,FWD,E4,E5,E9,E10,-15.133194,250.000000,OK
6,27,adjacent,100,100,16,65,REV,E5,E4,E9,E10,15.133194,250.000000,OK
6,27,adjacent,100,100,16,66,FWD,E4,E5,E10,E11,-18.540526,250.000000,OK
6,27,adjacent,100,100,16,67,REV,E5,E4,E10,E11,18.540526,250.000000,OK
6,27,adjacent,100,100,16,68,FWD,E4,E5,E11,E12,-20.031437,250.000000,OK
6,27,adjacent,100,100,16,69,REV,E5,E4,E11,E12,20.031437,250.000000,OK
6,27,adjacent,100,100,16,70,FWD,E4,E5,E12,E1,-19.155459,250.000000,OK
6,27,adjacent,100,100,16,71,REV,E5,E4,E12,E1,19.155459,250.000000,OK
6,27,adjacent,100,100,16,72,FWD,E5,E6,E1,E2,19.979278,250.000000,OK
6,27,adjacent,100,100,16,73,REV,E6,E5,E1,E2,-19.979278,250.000000,OK
6,27,adjacent,100,100,16,74,FWD,E5,E6,E2,E3,18.150586,250.000000,OK
6,27,adjacent,100,100,16,75,REV,E6,E5,E2,E3,-18.150586,250.000000,OK
6,27,adjacent,100,100,16,76,FWD,E5,E6,E3,E4,14.495011,250.000000,OK
6,27,adjacent,100,100,16,77,REV,E6,E5,E3,E4,-14.495011,250.000000,OK
6,27,adjacent,100,100,16,78,FWD,E5,E6,E7,E8,-10.001472,250.000000,OK
6,27,adjacent,100,100,16,79,REV,E6,E5,E7,E8,10.001472,250.000000,OK
6,27,adjacent,100,100,16,80,FWD,E5,E6,E8,E9,-15.139284,250.000000,OK
6,27,adjacent,100,100,16,81,REV,E6,E5,E8,E9,15.139284,250.000000,OK
6,27,adjacent,100,100,16,82,FWD,E5,E6,E9,E10,-18.642865,250.000000,OK
6,27,adjacent,100,100,16,83,REV,E6,E5,E9,E10,18.642865,250.000000,OK
6,27,adjacent,100,100,16,84,FWD,E5,E6,E10,E11,-19.964943,250.000000,OK
6,27,adjacent,100,100,16,85,REV,E6,E5,E10,E11,19.964943,250.000000,OK
6,27,adjacent,100,100,16,86,FWD,E5,E6,E11,E12,-19.192000,250.000000,OK
6,27,adjacent,100,100,16,87,REV,E6,E5,E11,E12,19.192000,250.000000,OK
6,27,adjacent,100,100,16,88,FWD,E5,E6,E12,E1,-16.236487,250.000000,OK
6,27,adjacent,100,100,16,89,REV,E6,E5,E12,E1,16.236487,250.000000,OK
6,27,adjacent,100,100,16,90,FWD,E6,E7,E1,E2,18.224893,250.000000,OK
6,27,adjacent,100,100,16,91,REV,E7,E6,E1,E2,-18.224893,250.000000,OK
6,27,adjacent,100,100,16,92,FWD,E6,E7,E2,E3,14.538445,250.000000,OK
6,27,adjacent,100,100,16,93,REV,E7,E6,E2,E3,-14.538445,250.000000,OK
6,27,adjacent,100,100,16,94,FWD,E6,E7,E3,E4,9.103625,250.000000,OK
6,27,adjacent,100,100,16,95,REV,E7,E6,E3,E4,-9.103625,250.000000,OK
6,27,adjacent,100,100,16,96,FWD,E6,E7,E4,E5,2.865652,250.000000,OK
6,27,adjacent,100,100,16,97,REV,E7,E6,E4,E5,-2.865652,250.000000,OK
6,27,adjacent,100,100,16,98,FWD,E6,E7,E8,E9,-18.545249,250.000000,OK
6,27,adjacent,100,100,16,99,REV,E7,E6,E8,E9,18.545249,250.000000,OK
6,27,adjacent,100,100,16,100,FWD,E6,E7,E9,E10,-19.975327,250.000000,OK
6,27,adjacent,100,100,16,101,REV,E7,E6,E9,E10,19.975327,250.000000,OK
6,27,adjacent,100,100,16,102,FWD,E6,E7,E10,E11,-19.147896,250.000000,OK
6,27,adjacent,100,100,16,103,REV,E7,E6,E10,E11,19.147896,250.000000,OK
6,27,adjacent,100,100,16,104,FWD,E6,E7,E11,E12,-16.260003,250.000000,OK
6,27,adjacent,100,100,16,105,REV,E7,E6,E11,E12,16.260003,250.000000,OK
6,27,adjacent,100,100,16,106,FWD,E6,E7,E12,E1,-11.530400,250.000000,OK
6,27,adjacent,100,100,16,107,REV,E7,E6,E12,E1,11.530400,250.000000,OK
6,27,adjacent,100,100,16,108,FWD,E7,E8,E1,E2,14.481318,250.000000,OK
6,27,adjacent,100,100,16,109,REV,E8,E7,E1,E2,-14.481318,250.000000,OK
6,27,adjacent,100,100,16,110,FWD,E7,E8,E2,E3,9.117321,250.000000,OK
6,27,adjacent,100,100,16,111,REV,E8,E7,E2,E3,-9.117321,250.000000,OK
6,27,adjacent,100,100,16,112,FWD,E7,E8,E3,E4,2.827741,250.000000,OK
6,27,adjacent,100,100,16,113,REV,E8,E7,E3,E4,-2.827741,250.000000,OK
6,27,adjacent,100,100,16,114,FWD,E7,E8,E4,E5,-3.778138,250.000000,OK
6,27,adjacent,100,100,16,115,REV,E8,E7,E4,E5,3.778138,250.000000,OK
6,27,adjacent,100,100,16,116,FWD,E7,E8,E5,E6,-10.068118,250.000000,OK
6,27,adjacent,100,100,16,117,REV,E8,E7,E5,E6,10.068118,250.000000,OK
6,27,adjacent,100,100,16,118,FWD,E7,E8,E9,E10,-19.198399,250.000000,OK
6,27,adjacent,100,100,16,119,REV,E8,E7,E9,E10,19.198399,250.000000,OK
6,27,adjacent,100,100,16,120,FWD,E7,E8,E10,E11,-16.200853,250.000000,OK
6,27,adjacent,100,100,16,121,REV,E8,E7,E10,E11,16.200853,250.000000,OK
6,27,adjacent,100,100,16,122,FWD,E7,E8,E11,E12,-11.547725,250.000000,OK
6,27,adjacent,100,100,16,123,REV,E8,E7,E11,E12,11.547725,250.000000,OK
6,27,adjacent,100,100,16,124,FWD,E7,E8,E12,E1,-5.619241,250.000000,OK
6,27,adjacent,100,100,16,125,REV,E8,E7,E12,E1,5.619241,250.000000,OK
6,27,adjacent,100,100,16,126,FWD,E8,E9,E1,E2,9.117396,250.000000,OK
6,27,adjacent,100,100,16,127,REV,E9,E8,E1,E2,-9.117396,250.000000,OK
6,27,adjacent,100,100,16,128,FWD,E8,E9,E2,E3,2.893451,250.000000,OK
6,27,adjacent,100,100,16,129,REV,E9,E8,E2,E3,-2.893451,250.000000,OK
6,27,adjacent,100,100,16,130,FWD,E8,E9,E3,E4,-3.787761,250.000000,OK
6,27,adjacent,100,100,16,131,REV,E9,E8,E3,E4,3.787761,250.000000,OK
6,27,adjacent,100,100,16,132,FWD,E8,E9,E4,E5,-10.119950,250.000000,OK
6,27,adjacent,100,100,16,133,REV,E9,E8,E4,E5,10.119950,250.000000,OK
6,27,adjacent,100,100,16,134,FWD,E8,E9,E5,E6,-15.109730,250.000000,OK
6,27,adjacent,100,100,16,135,REV,E9,E8,E5,E6,15.109730,250.000000,OK
6,27,adjacent,100,100,16,136,FWD,E8,E9,E6,E7,-18.624105,250.000000,OK
6,27,adjacent,100,100,16,137,REV,E9,E8,E6,E7,18.624105,250.000000,OK
6,27,adjacent,100,100,16,138,FWD,E8,E9,E10,E11,-11.569128,250.000000,OK
6,27,adjacent,100,100,16,139,REV,E9,E8,E10,E11,11.569128,250.000000,OK
6,27,adjacent,100,100,16,140,FWD,E8,E9,E11,E12,-5.667550,250.000000,OK
6,27,adjacent,100,100,16,141,REV,E9,E8,E11,E12,5.667550,250.000000,OK
6,27,adjacent,100,100,16,142,FWD,E8,E9,E12,E1,0.988932,250.000000,OK
6,27,adjacent,100,100,16,143,REV,E9,E8,E12,E1,-0.988932,250.000000,OK
6,27,adjacent,100,100,16,144,FWD,E9,E10,E1,E2,2.784613,250.000000,OK
6,27,adjacent,100,100,16,145,REV,E10,E9,E1,E2,-2.784613,250.000000,OK
6,27,adjacent,100,100,16,146,FWD,E9,E10,E2,E3,-3.871179,250.000000,OK
6,27,adjacent,100,100,16,147,REV,E10,E9,E2,E3,3.871179,250.000000,OK
6,27,adjacent,100,100,16,148,FWD,E9,E10,E3,E4,-9.979440,250.000000,OK
6,27,adjacent,100,100,16,149,REV,E10,E9,E3,E4,9.979440,250.000000,OK
6,27,adjacent,100,100,16,150,FWD,E9,E10,E4,E5,-15.011924,250.000000,OK
6,27,adjacent,100,100,16,151,REV,E10,E9,E4,E5,15.011924,250.000000,OK
6,27,adjacent,100,100,16,152,FWD,E9,E10,E5,E6,-18.552008,250.000000,OK
6,27,adjacent,100,100,16,153,REV,E10,E9,E5,E6,18.552008,250.000000,OK
6,27,adjacent,100,100,16,154,FWD,E9,E10,E6,E7,-19.969166,250.000000,OK
6,27,adjacent,100,100,16,155,REV,E10,E9,E6,E7,19.969166,250.000000,OK
6,27,adjacent,100,100,16,156,FWD,E9,E10,E7,E8,-19.239849,250.000000,OK
6,27,adjacent,100,100,16,157,REV,E10,E9,E7,E8,19.239849,250.000000,OK
6,27,adjacent,100,100,16,158,FWD,E9,E10,E11,E12,0.989881,250.000000,OK
6,27,adjacent,100,100,16,159,REV,E10,E9,E11,E12,-0.989881,250.000000,OK
6,27,adjacent,100,100,16,160,FWD,E9,E10,E12,E1,7.449588,250.000000,OK
6,27,adjacent,100,100,16,161,REV,E10,E9,E12,E1,-7.449588,250.000000,OK
6,27,adjacent,100,100,16,162,FWD,E10,E11,E1,E2,-3.904719,250.000000,OK
6,27,adjacent,100,100,16,163,REV,E11,E10,E1,E2,3.904719,250.000000,OK
6,27,adjacent,100,100,16,164,FWD,E10,E11,E2,E3,-9.998015,250.000000,OK
6,27,adjacent,100,100,16,165,REV,E11,E10,E2,E3,9.998015,250.000000,OK
6,27,adjacent,100,100,16,166,FWD,E10,E11,E3,E4,-15.138992,250.000000,OK
6,27,adjacent,100,100,16,167,REV,E11,E10,E3,E4,15.138992,250.000000,OK
6,27,adjacent,100,100,16,168,FWD,E10,E11,E4,E5,-18.616602,250.000000,OK
6,27,adjacent,100,100,16,169,REV,E11,E10,E4,E5,18.616602,250.000000,OK
6,27,adjacent,100,100,16,170,FWD,E10,E11,E5,E6,-20.053932,250.000000,OK
6,27,adjacent,100,100,16,171,REV,E11,E10,E5,E6,20.053932,250.000000,OK
6,27,adjacent,100,100,16,172,FWD,E10,E11,E6,E7,-19.156262,250.000000,OK
6,27,adjacent,100,100,16,173,REV,E11,E10,E6,E7,19.156262,250.000000,OK
6,27,adjacent,100,100,16,174,FWD,E10,E11,E7,E8,-16.199103,250.000000,OK
6,27,adjacent,100,100,16,175,REV,E11,E10,E7,E8,16.199103,250.000000,OK
6,27,adjacent,100,100,16,176,FWD,E10,E11,E8,E9,-11.559210,250.000000,OK
6,27,adjacent,100,100,16,177,REV,E11,E10,E8,E9,11.559210,250.000000,OK
6,27,adjacent,100,100,16,178,FWD,E10,E11,E12,E1,13.114234,250.000000,OK
6,27,adjacent,100,100,16,179,REV,E11,E10,E12,E1,-13.114234,250.000000,OK
6,27,adjacent,100,100,16,180,FWD,E11,E12,E1,E2,-9.994892,250.000000,OK
6,27,adjacent,100,100,16,181,REV,E12,E11,E1,E2,9.994892,250.000000,OK
6,27,adjacent,100,100,16,182,FWD,E11,E12,E2,E3,-15.184947,250.000000,OK
6,27,adjacent,100,100,16,183,REV,E12,E11,E2,E3,15.184947,250.000000,OK
6,27,adjacent,100,100,16,184,FWD,E11,E12,E3,E4,-18.689317,250.000000,OK
6,27,adjacent,100,100,16,185,REV,E12,E11,E3,E4,18.689317,250.000000,OK
6,27,adjacent,100,100,16,186,FWD,E11,E12,E4,E5,-19.893502,250.000000,OK
6,27,adjacent,100,100,16,187,REV,E12,E11,E4,E5,19.893502,250.000000,OK
6,27,adjacent,100,100,16,188,FWD,E11,E12,E5,E6,-19.094115,250.000000,OK
6,27,adjacent,100,100,16,189,REV,E12,E11,E5,E6,19.094115,250.000000,OK
6,27,adjacent,100,100,16,190,FWD,E11,E12,E6,E7,-16.281691,250.000000,OK
6,27,adjacent,100,100,16,191,REV,E12,E11,E6,E7,16.281691,250.000000,OK
6,27,adjacent,100,100,16,192,FWD,E11,E12,E7,E8,-11.560547,250.000000,OK
6,27,adjacent,100,100,16,193,REV,E12,E11,E7,E8,11.560547,250.000000,OK
6,27,adjacent,100,100,16,194,FWD,E11,E12,E8,E9,-5.504943,250.000000,OK
6,27,adjacent,100,100,16,195,REV,E12,E11,E8,E9,5.504943,250.000000,OK
6,27,adjacent,100,100,16,196,FWD,E11,E12,E9,E10,0.947475,250.000000,OK
6,27,adjacent,100,100,16,197,REV,E12,E11,E9,E10,-0.947475,250.000000,OK
6,27,adjacent,100,100,16,198,FWD,E12,E1,E2,E3,-18.574300,250.000000,OK
6,27,adjacent,100,100,16,199,REV,E1,E12,E2,E3,18.574300,250.000000,OK
6,27,adjacent,100,100,16,200,FWD,E12,E1,E3,E4,-19.935791,250.000000,OK
6,27,adjacent,100,100,16,201,REV,E1,E12,E3,E4,19.935791,250.000000,OK
6,27,adjacent,100,100,16,202,FWD,E12,E1,E4,E5,-19.091576,250.000000,OK
6,27,adjacent,100,100,16,203,REV,E1,E12,E4,E5,19.091576,250.000000,OK
6,27,adjacent,100,100,16,204,FWD,E12,E1,E5,E6,-16.306769,250.000000,OK
6,27,adjacent,100,100,16,205,REV,E1,E12,E5,E6,16.306769,250.000000,OK
6,27,adjacent,100,100,16,206,FWD,E12,E1,E6,E7,-11.604738,250.000000,OK
6,27,adjacent,100,100,16,207,REV,E1,E12,E6,E7,11.604738,250.000000,OK
6,27,adjacent,100,100,16,208,FWD,E12,E1,E7,E8,-5.578867,250.000000,OK
6,27,adjacent,100,100,16,209,REV,E1,E12,E7,E8,5.578867,250.000000,OK
6,27,adjacent,100,100,16,210,FWD,E12,E1,E8,E9,0.973545,250.000000,OK
6,27,adjacent,100,100,16,211,REV,E1,E12,E8,E9,-0.973545,250.000000,OK
6,27,adjacent,100,100,16,212,FWD,E12,E1,E9,E10,7.560341,250.000000,OK
6,27,adjacent,100,100,16,213,REV,E1,E12,E9,E10,-7.560341,250.000000,OK
6,27,adjacent,100,100,16,214,FWD,E12,E1,E10,E11,13.102187,250.000000,OK
6,27,adjacent,100,100,16,215,REV,E1,E12,E10,E11,-13.102187,250.000000,OK
7,28,adjacent,100,100,16,0,FWD,E1,E2,E3,E4,16.769077,250.000000,OK
7,28,adjacent,100,100,16,1,REV,E2,E1,E3,E4,-16.769077,250.000000,OK
7,28,adjacent,100,100,16,2,FWD,E1,E2,E4,E5,19.445326,250.000000,OK
7,28,adjacent,100,100,16,3,REV,E2,E1,E4,E5,-19.445326,250.000000,OK
7,28,adjacent,100,100,16,4,FWD,E1,E2,E5,E6,19.896609,250.000000,OK
7,28,adjacent,100,100,16,5,REV,E2,E1,E5,E6,-19.896609,250.000000,OK
7,28,adjacent,100,100,16,6,FWD,E1,E2,E6,E7,18.159738,250.000000,OK
7,28,adjacent,100,100,16,7,REV,E2,E1,E6,E7,-18.159738,250.000000,OK
7,28,adjacent,100,100,16,8,FWD,E1,E2,E7,E8,14.476285,250.000000,OK
7,28,adjacent,100,100,16,9,REV,E2,E1,E7,E8,-14.476285,250.000000,OK
7,28,adjacent,100,100,16,10,FWD,E1,E2,E8,E9,9.191872,250.000000,OK
7,28,adjacent,100,100,16,11,REV,E2,E1,E8,E9,-9.191872,250.000000,OK
7,28,adjacent,100,100,16,12,FWD,E1,E2,E9,E10,2.821862,250.000000,OK
7,28,adjacent,100,100,16,13,REV,E2,E1,E9,E10,-2.821862,250.000000,OK
7,28,adjacent,100,100,16,14,FWD,E1,E2,E10,E11,-3.870397,250.000000,OK
7,28,adjacent,100,100,16,15,REV,E2,E1,E10,E11,3.870397,250.000000,OK
7,28,adjacent,100,100,16,16,FWD,E1,E2,E11,E12,-10.005069,250.000000,OK
7,28,adjacent,100,100,16,17,REV,E2,E1,E11,E12,10.005069,250.000000,OK
7,28,adjacent,100,100,16,18,FWD,E2,E3,E4,E5,19.885133,250.000000,OK
7,28,adjacent,100,100,16,19,REV,E3,E2,E4,E5,-19.885133,250.000000,OK
7,28,adjacent,100,100,16,20,FWD,E2,E3,E5,E6,18.235752,250.000000,OK
7,28,adjacent,100,100,16,21,REV,E3,E2,E5,E6,-18.235752,250.000000,OK
7,28,adjacent,100,100,16,22,FWD,E2,E3,E6,E7,14.444917,250.000000,OK
7,28,adjacent,100,100,16,23,REV,E3,E2,E6,E7,-14.444917,250.000000,OK
7,28,adjacent,100,100,16,24,FWD,E2,E3,E7,E8,9.180709,250.000000,OK
7,28,adjacent,100,100,16,25,REV,E3,E2,E7,E8,-9.180709,250.000000,OK
7,28,adjacent,100,100,16,26,FWD,E2,E3,E8,E9,2.764278,250.000000,OK
7,28,adjacent,100,100,16,27,REV,E3,E2,E8,E9,-2.764278,250.000000,OK
7,28,adjacent,100,100,16,28,FWD,E2,E3,E9,E10,-3.725788,250.000000,OK
7,28,adjacent,100,100,16,29,REV,E3,E2,E9,E10,3.725788,250.000000,OK
7,28,adjacent,100,100,16,30,FWD,E2,E3,E10,E11,-10.065781,250.000000,OK
7,28,adjacent,100,100,16,31,REV,E3,E2,E10,E11,10.065781,250.000000,OK
7,28,adjacent,100,100,16,32,FWD,E2,E3,E11,E12,-15.164768,250.000000,OK
7,28,adjacent,100,100,16,33,REV,E3,E2,E11,E12,15.164768,250.000000,OK
7,28,adjacent,100,100,16,34,FWD,E2,E3,E12,E1,-18.562630,250.000000,OK
7,28,adjacent,100,100,16,35,REV,E3,E2,E12,E1,18.562630,250.000000,OK
7,28,adjacent,100,100,16,36,FWD,E3,E4,E1,E2,16.946455,250.000000,OK
7,28,adjacent,100,100,16,37,REV,E4,E3,E1,E2,-16.946455,250.000000,OK
7,28,adjacent,100,100,16,38,FWD,E3,E4,E5,E6,14.458444,250.000000,OK
7,28,adjacent,100,100,16,39,REV,E4,E3,E5,E6,-14.458444,250.000000,OK
7,28,adjacent,100,100,16,40,FWD,E3,E4,E6,E7,9.156249,250.000000,OK
7,28,adjacent,100,100,16,41,REV,E4,E3,E6,E7,-9.156249,250.000000,OK
7,28,adjacent,100,100,16,42,FWD,E3,E4,E7,E8,2.710330,250.000000,OK
7,28,adjacent,100,100,16,43,REV,E4,E3,E7,E8,-2.710330,250.000000,OK
7,28,adjacent,100,100,16,44,FWD,E3,E4,E8,E9,-3.765533,250.000000,OK
7,28,adjacent,100,100,16,45,REV,E4,E3,E8,E9,3.765533,250.000000,OK
7,28,adjacent,100,100,16,46,FWD,E3,E4,E9,E10,-10.041009,250.000000,OK
7,28,adjacent,100,100,16,47,REV,E4,E3,E9,E10,10.041009,250.000000,OK
7,28,adjacent,100,100,16,48,FWD,E3,E4,E10,E11,-15.101705,250.000000,OK
7,28,adjacent,100,100,16,49,REV,E4,E3,E10,E11,15.101705,250.000000,OK
7,28,adjacent,100,100,16,50,FWD,E3,E4,E11,E12,-18.493302,250.000000,OK
7,28,adjacent,100,100,16,51,REV,E4,E3,E11,E12,18.493302,250.000000,OK
7,28,adjacent,100,100,16,52,FWD,E3,E4,E12,E1,-20.062216,250.000000,OK
7,28,adjacent,100,100,16,53,REV,E4,E3,E12,E1,20.062216,250.000000,OK
7,28,adjacent,100,100,16,54,FWD,E4,E5,E1,E2,19.421901,250.000000,OK
7,28,adjacent,100,100,16,55,REV,E5,E4,E1,E2,-19.421901,250.000000,OK
7,28,adjacent,100,100,16,56,FWD,E4,E5,E2,E3,19.968969,250.000000,OK
7,28,adjacent,100,100,16,57,REV,E5,E4,E2,E3,-19.968969,250.000000,OK
7,28,adjacent,100,100,16,58,FWD,E4,E5,E6,E7,2.892465,250.000000,OK
7,28,adjacent,100,100,16,59,REV,E5,E4,E6,E7,-2.892465,250.000000,OK
7,28,adjacent,100,100,16,60,FWD,E4,E5,E7,E8,-3.792610,250.000000,OK
7,28,adjacent,100,100,16,61,REV,E5,E4,E7,E8,3.792610,250.000000,OK
7,28,adjacent,100,100,16,62,FWD,E4,E5,E8,E9,-10.075009,250.000000,OK
7,28,adjacent,100,100,16,63,REV,E5,E4,E8,E9,10.075009,250.000000,OK
7,28,adjacent,100,100,16,64,FWD,E4,E5,E9,E10,-15.176638,250.000000,OK
7,28,adjacent,100,100,16,65,REV,E5,E4,E9,E10,15.176638,250.000000,OK
7,28,adjacent,100,100,16,66,FWD,E4,E5,E10,E11,-18.617751,250.000000,OK
7,28,adjacent,100,100,16,67,REV,E5,E4,E10,E11,18.617751,250.000000,OK
7,28,adjacent,100,100,16,68,FWD,E4,E5,E11,E12,-19.968178,250.000000,OK
7,28,adjacent,100,100,16,69,REV,E5,E4,E11,E12,19.968178,250.000000,OK
7,28,adjacent,100,100,16,70,FWD,E4,E5,E12,E1,-19.153822,250.000000,OK
7,28,adjacent,100,100,16,71,REV,E5,E4,E12,E1,19.153822,250.000000,OK
7,28,adjacent,100,100,16,72,FWD,E5,E6,E1,E2,19.917006,250.000000,OK
7,28,adjacent,100,100,16,73,REV,E6,E5,E1,E2,-19.917006,250.000000,OK
7,28,adjacent,100,100,16,74,FWD,E5,E6,E2,E3,18.193559,250.000000,OK
7,28,adjacent,100,100,16,75,REV,E6,E5,E2,E3,-18.193559,250.000000,OK
7,28,adjacent,100,100,16,76,FWD,E5,E6,E3,E4,14.479625,250.000000,OK
7,28,adjacent,100,100,16,77,REV,E6,E5,E3,E4,-14.479625,250.000000,OK
7,28,adjacent,100,100,16,78,FWD,E5,E6,E7,E8,-10.065014,250.000000,OK
7,28,adjacent,100,100,16,79,REV,E6,E5,E7,E8,10.065014,250.000000,OK
7,28,adjacent,100,100,16,80,FWD,E5,E6,E8,E9,-15.134543,250.000000,OK
7,28,adjacent,100,100,16,81,REV,E6,E5,E8,E9,15.134543,250.000000,OK
7,28,adjacent,100,100,16,82,FWD,E5,E6,E9,E10,-18.680735,250.000000,OK
7,28,adjacent,100,100,16,83,REV,E6,E5,E9,E10,18.680735,250.000000,OK
7,28,adjacent,100,100,16,84,FWD,E5,E6,E10,E11,-20.021288,250.000000,OK
7,28,adjacent,100,100,16,85,REV,E6,E5,E10,E11,20.021288,250.000000,OK
7,28,adjacent,100,100,16,86,FWD,E5,E6,E11,E12,-19.140521,250.000000,OK
7,28,adjacent,100,100,16,87,REV,E6,E5,E11,E12,19.140521,250.000000,OK
7,28,adjacent,100,100,16,88,FWD,E5,E6,E12,E1,-16.242205,250.000000,OK
7,28,adjacent,100,100,16,89,REV,E6,E5,E12,E1,16.242205,250.000000,OK
7,28,adjacent,100,100,16,90,FWD,E6,E7,E1,E2,18.250031,250.000000,OK
7,28,adjacent,100,100,16,91,REV,E7,E6,E1,E2,-18.250031,250.000000,OK
7,28,adjacent,100,100,16,92,FWD,E6,E7,E2,E3,14.381784,250.000000,OK
7,28,adjacent,100,100,16,93,REV,E7,E6,E2,E3,-14.381784,250.000000,OK
7,28,adjacent,100,100,16,94,FWD,E6,E7,E3,E4,9.184020,250.000000,OK
7,28,adjacent,100,100,16,95,REV,E7,E6,E3,E4,-9.184020,250.000000,OK
7,28,adjacent,100,100,16,96,FWD,E6,E7,E4,E5,2.769827,250.000000,OK
7,28,adjacent,100,100,16,97,REV,E7,E6,E4,E5,-2.769827,250.000000,OK
7,28,adjacent,100,100,16,98,FWD,E6,E7,E8,E9,-18.546313,250.000000,OK
7,28,adjacent,100,100,16,99,REV,E7,E6,E8,E9,18.546313,250.000000,OK
7,28,adjacent,100,100,16,100,FWD,E6,E7,E9,E10,-20.080438,250.000000,OK
7,28,adjacent,100,100,16,101,REV,E7,E6,E9,E10,20.080438,250.000000,OK
7,28,adjacent,100,100,16,102,FWD,E6,E7,E10,E11,-19.216734,250.000000,OK
7,28,adjacent,100,100,16,103,REV,E7,E6,E10,E11,19.216734,250.000000,OK
7,28,adjacent,100,100,16,104,FWD,E6,E7,E11,E12,-16.285080,250.000000,OK
7,28,adjacent,100,100,16,105,REV,E7,E6,E11,E12,16.285080,250.000000,OK
7,28,adjacent,100,100,16,106,FWD,E6,E7,E12,E1,-11.648179,250.000000,OK
7,28,adjacent,100,100,16,107,REV,E7,E6,E12,E1,11.648179,250.000000,OK
7,28,adjacent,100,100,16,108,FWD,E7,E8,E1,E2,14.409237,250.000000,OK
7,28,adjacent,100,100,16,109,REV,E8,E7,E1,E2,-14.409237,250.000000,OK
7,28,adjacent,100,100,16,110,FWD,E7,E8,E2,E3,9.242478,250.000000,OK
7,28,adjacent,100,100,16,111,REV,E8,E7,E2,E3,-9.242478,250.000000,OK
7,28,adjacent,100,100,16,112,FWD,E7,E8,E3,E4,2.873525,250.000000,OK
7,28,adjacent,100,100,16,113,REV,E8,E7,E3,E4,-2.873525,250.000000,OK
7,28,adjacent,100,100,16,114,FWD,E7,E8,E4,E5,-3.793386,250.000000,OK
7,28,adjacent,100,100,16,115,REV,E8,E7,E4,E5,3.793386,250.000000,OK
7,28,adjacent,100,100,16,116,FWD,E7,E8,E5,E6,-10.046510,250.000000,OK
7,28,adjacent,100,100,16,117,REV,E8,E7,E5,E6,10.046510,250.000000,OK
7,28,adjacent,100,100,16,118,FWD,E7,E8,E9,E10,-19.203169,250.000000,OK
7,28,adjacent,100,100,16,119,REV,E8,E7,E9,E10,19.203169,250.000000,OK
7,28,adjacent,100,100,16,120,FWD,E7,E8,E10,E11,-16.290883,250.000000,OK
7,28,adjacent,100,100,16,121,REV,E8,E7,E10,E11,16.290883,250.000000,OK
7,28,adjacent,100,100,16,122,FWD,E7,E8,E11,E12,-11.437774,250.000000,OK
7,28,adjacent,100,100,16,123,REV,E8,E7,E11,E12,11.437774,250.000000,OK
7,28,adjacent,100,100,16,124,FWD,E7,E8,E12,E1,-5.564295,250.000000,OK
7,28,adjacent,100,100,16,125,REV,E8,E7,E12,E1,5.564295,250.000000,OK
7,28,adjacent,100,100,16,126,FWD,E8,E9,E1,E2,9.182807,250.000000,OK
7,28,adjacent,100,100,16,127,REV,E9,E8,E1,E2,-9.182807,250.000000,OK
7,28,adjacent,100,100,16,128,FWD,E8,E9,E2,E3,2.802010,250.000000,OK
7,28,adjacent,100,100,16,129,REV,E9,E8,E2,E3,-2.802010,250.000000,OK
7,28,adjacent,100,100,16,130,FWD,E8,E9,E3,E4,-3.806171,250.000000,OK
7,28,adjacent,100,100,16,131,REV,E9,E8,E3,E4,3.806171,250.000000,OK
7,28,adjacent,100,100,16,132,FWD,E8,E9,E4,E5,-9.996494,250.000000,OK
7,28,adjacent,100,100,16,133,REV,E9,E8,E4,E5,9.996494,250.000000,OK
7,28,adjacent,100,100,16,134,FWD,E8,E9,E5,E6,-15.151796,250.000000,OK
7,28,adjacent,100,100,16,135,REV,E9,E8,E5,E6,15.151796,250.000000,OK
7,28,adjacent,100,100,16,136,FWD,E8,E9,E6,E7,-18.570909,250.000000,OK
7,28,adjacent,100,100,16,137,REV,E9,E8,E6,E7,18.570909,250.000000,OK
7,28,adjacent,100,100,16,138,FWD,E8,E9,E10,E11,-11.567664,250.000000,OK
7,28,adjacent,100,100,16,139,REV,E9,E8,E10,E11,11.567664,250.000000,OK
7,28,adjacent,100,100,16,140,FWD,E8,E9,E11,E12,-5.594117,250.000000,OK
7,28,adjacent,100,100,16,141,REV,E9,E8,E11,E12,5.594117,250.000000,OK
7,28,adjacent,100,100,16,142,FWD,E8,E9,E12,E1,0.973518,250.000000,OK
7,28,adjacent,100,100,16,143,REV,E9,E8,E12,E1,-0.973518,250.000000,OK
7,28,adjacent,100,100,16,144,FWD,E9,E10,E1,E2,2.853286,250.000000,OK
7,28,adjacent,100,100,16,145,REV,E10,E9,E1,E2,-2.853286,250.000000,OK
7,28,adjacent,100,100,16,146,FWD,E9,E10,E2,E3,-3.809062,250.000000,OK
7,28,adjacent,100,100,16,147,REV,E10,E9,E2,E3,3.809062,250.000000,OK
7,28,adjacent,100,100,16,148,FWD,E9,E10,E3,E4,-9.976299,250.000000,OK
7,28,adjacent,100,100,16,149,REV,E10,E9,E3,E4,9.976299,250.000000,OK
7,28,adjacent,100,100,16,150,FWD,E9,E10,E4,E5,-15.116940,250.000000,OK
7,28,adjacent,100,100,16,151,REV,E10,E9,E4,E5,15.116940,250.000000,OK
7,28,adjacent,100,100,16,152,FWD,E9,E10,E5,E6,-18.623300,250.000000,OK
7,28,adjacent,100,100,16,153,REV,E10,E9,E5,E6,18.623300,250.000000,OK
7,28,adjacent,100,100,16,154,FWD,E9,E10,E6,E7,-19.958842,250.000000,OK
7,28,adjacent,100,100,16,155,REV,E10,E9,E6,E7,19.958842,250.000000,OK
7,28,adjacent,100,100,16,156,FWD,E9,E10,E7,E8,-19.159466,250.000000,OK
7,28,adjacent,100,100,16,157,REV,E10,E9,E7,E8,19.159466,250.000000,OK
7,28,adjacent,100,100,16,158,FWD,E9,E10,E11,E12,1.060660,250.000000,OK
7,28,adjacent,100,100,16,159,REV,E10,E9,E11,E12,-1.060660,250.000000,OK
7,28,adjacent,100,100,16,160,FWD,E9,E10,E12,E1,7.497163,250.000000,OK
7,28,adjacent,100,100,16,161,REV,E10,E9,E12,E1,-7.497163,250.000000,OK
7,28,adjacent,100,100,16,162,FWD,E10,E11,E1,E2,-3.786542,250.000000,OK
7,28,adjacent,100,100,16,163,REV,E11,E10,E1,E2,3.786542,250.000000,OK
7,28,adjacent,100,100,16,164,FWD,E10,E11,E2,E3,-9.955566,250.000000,OK
7,28,adjacent,100,100,16,165,REV,E11,E10,E2,E3,9.955566,250.000000,OK
7,28,adjacent,100,100,16,166,FWD,E10,E11,E3,E4,-15.081332,250.000000,OK
7,28,adjacent,100,100,16,167,REV,E11,E10,E3,E4,15.081332,250.000000,OK
7,28,adjacent,100,100,16,168,FWD,E10,E11,E4,E5,-18.586799,250.000000,OK
7,28,adjacent,100,100,16,169,REV,E11,E10,E4,E5,18.586799,250.000000,OK
7,28,adjacent,100,100,16,170,FWD,E10,E11,E5,E6,-19.896563,250.000000,OK
7,28,adjacent,100,100,16,171,REV,E11,E10,E5,E6,19.896563,250.000000,OK
7,28,adjacent,100,100,16,172,FWD,E10,E11,E6,E7,-19.189126,250.000000,OK
7,28,adjacent,100,100,16,173,REV,E11,E10,E6,E7,19.189126,250.000000,OK
7,28,adjacent,100,100,16,174,FWD,E10,E11,E7,E8,-16.271020,250.000000,OK
7,28,adjacent,100,100,16,175,REV,E11,E10,E7,E8,16.271020,250.000000,OK
7,28,adjacent,100,100,16,176,FWD,E10,E11,E8,E9,-11.511259,250.000000,OK
7,28,adjacent,100,100,16,177,REV,E11,E10,E8,E9,11.511259,250.000000,OK
7,28,adjacent,100,100,16,178,FWD,E10,E11,E12,E1,13.141795,250.000000,OK
7,28,adjacent,100,100,16,179,REV,E11,E10,E12,E1,-13.141795,250.000000,OK
7,28,adjacent,100,100,16,180,FWD,E11,E12,E1,E2,-10.104014,250.000000,OK
7,28,adjacent,100,100,16,181,REV,E12,E11,E1,E2,10.104014,250.000000,OK
7,28,adjacent,100,100,16,182,FWD,E11,E12,E2,E3,-15.134984,250.000000,OK
7,28,adjacent,100,100,16,183,REV,E12,E11,E2,E3,15.134984,250.000000,OK
7,28,adjacent,100,100,16,184,FWD,E11,E12,E3,E4,-18.570248,250.000000,OK
7,28,adjacent,100,100,16,185,REV,E12,E11,E3,E4,18.570248,250.000000,OK
7,28,adjacent,100,100,16,186,FWD,E11,E12,E4,E5,-19.901148,250.000000,OK
7,28,adjacent,100,100,16,187,REV,E12,E11,E4,E5,19.901148,250.000000,OK
7,28,adjacent,100,100,16,188,FWD,E11,E12,E5,E6,-19.200076,250.000000,OK
7,28,adjacent,100,100,16,189,REV,E12,E11,E5,E6,19.200076,250.000000,OK
7,28,adjacent,100,100,16,190,FWD,E11,E12,E6,E7,-16.322235,250.000000,OK
7,28,adjacent,100,100,16,191,REV,E12,E11,E6,E7,16.322235,250.000000,OK
7,28,adjacent,100,100,16,192,FWD,E11,E12,E7,E8,-11.499403,250.000000,OK
7,28,adjacent,100,100,16,193,REV,E12,E11,E7,E8,11.499403,250.000000,OK
7,28,adjacent,100,100,16,194,FWD,E11,E12,E8,E9,-5.571336,250.000000,OK
7,28,adjacent,100,100,16,195,REV,E12,E11,E8,E9,5.571336,250.000000,OK
7,28,adjacent,100,100,16,196,FWD,E11,E12,E9,E10,1.055839,250.000000,OK
7,28,adjacent,100,100,16,197,REV,E12,E11,E9,E10,-1.055839,250.000000,OK
7,28,adjacent,100,100,16,198,FWD,E12,E1,E2,E3,-18.576562,250.000000,OK
7,28,adjacent,100,100,16,199,REV,E1,E12,E2,E3,18.576562,250.000000,OK
7,28,adjacent,100,100,16,200,FWD,E12,E1,E3,E4,-19.972318,250.000000,OK
7,28,adjacent,100,100,16,201,REV,E1,E12,E3,E4,19.972318,250.000000,OK
7,28,adjacent,100,100,16,202,FWD,E12,E1,E4,E5,-19.170282,250.000000,OK
7,28,adjacent,100,100,16,203,REV,E1,E12,E4,E5,19.170282,250.000000,OK
7,28,adjacent,100,100,16,204,FWD,E12,E1,E5,E6,-16.264742,250.000000,OK
7,28,adjacent,100,100,16,205,REV,E1,E12,E5,E6,16.264742,250.000000,OK
7,28,adjacent,100,100,16,206,FWD,E12,E1,E6,E7,-11.593648,250.000000,OK
7,28,adjacent,100,100,16,207,REV,E1,E12,E6,E7,11.593648,250.000000,OK
7,28,adjacent,100,100,16,208,FWD,E12,E1,E7,E8,-5.554799,250.000000,OK
7,28,adjacent,100,100,16,209,REV,E1,E12,E7,E8,5.554799,250.000000,OK
7,28,adjacent,100,100,16,210,FWD,E12,E1,E8,E9,0.961454,250.000000,OK
7,28,adjacent,100,100,16,211,REV,E1,E12,E8,E9,-0.961454,250.000000,OK
7,28,adjacent,100,100,16,212,FWD,E12,E1,E9,E10,7.429064,250.000000,OK
7,28,adjacent,100,100,16,213,REV,E1,E12,E9,E10,-7.429064,250.000000,OK
7,28,adjacent,100,100,16,214,FWD,E12,E1,E10,E11,13.132072,250.000000,OK
7,28,adjacent,100,100,16,215,REV,E1,E12,E10,E11,-13.132072,250.000000,OK
8,29,adjacent,100,100,16,0,FWD,E1,E2,E3,E4,16.809826,250.000000,OK
8,29,adjacent,100,100,16,1,REV,E2,E1,E3,E4,-16.809826,250.000000,OK
8,29,adjacent,100,100,16,2,FWD,E1,E2,E4,E5,19.441254,250.000000,OK
8,29,adjacent,100,100,16,3,REV,E2,E1,E4,E5,-19.441254,250.000000,OK
8,29,adjacent,100,100,16,4,FWD,E1,E2,E5,E6,19.899900,250.000000,OK
8,29,adjacent,100,100,16,5,REV,E2,E1,E5,E6,-19.899900,250.000000,OK
8,29,adjacent,100,100,16,6,FWD,E1,E2,E6,E7,18.177550,250.000000,OK
8,29,adjacent,100,100,16,7,REV,E2,E1,E6,E7,-18.177550,250.000000,OK
8,29,adjacent,100,100,16,8,FWD,E1,E2,E7,E8,14.464848,250.000000,OK
8,29,adjacent,100,100,16,9,REV,E2,E1,E7,E8,-14.464848,250.000000,OK
8,29,adjacent,100,100,16,10,FWD,E1,E2,E8,E9,9.134167,250.000000,OK
8,29,adjacent,100,100,16,11,REV,E2,E1,E8,E9,-9.134167,250.000000,OK
8,29,adjacent,100,100,16,12,FWD,E1,E2,E9,E10,2.837246,250.000000,OK
8,29,adjacent,100,100,16,13,REV,E2,E1,E9,E10,-2.837246,250.000000,OK
8,29,adjacent,100,100,16,14,FWD,E1,E2,E10,E11,-3.813804,250.000000,OK
8,29,adjacent,100,100,16,15,REV,E2,E1,E10,E11,3.813804,250.000000,OK
8,29,adjacent,100,100,16,16,FWD,E1,E2,E11,E12,-9.997137,250.000000,OK
8,29,adjacent,100,100,16,17,REV,E2,E1,E11,E12,9.997137,250.000000,OK
8,29,adjacent,100,100,16,18,FWD,E2,E3,E4,E5,19.875308,250.000000,OK
8,29,adjacent,100,100,16,19,REV,E3,E2,E4,E5,-19.875308,250.000000,OK
8,29,adjacent,100,100,16,20,FWD,E2,E3,E5,E6,18.167916,250.000000,OK
8,29,adjacent,100,100,16,21,REV,E3,E2,E5,E6,-18.167916,250.000000,OK
8,29,adjacent,100,100,16,22,FWD,E2,E3,E6,E7,14.418913,250.000000,OK
8,29,adjacent,100,100,16,23,REV,E3,E2,E6,E7,-14.418913,250.000000,OK
8,29,adjacent,100,100,16,24,FWD,E2,E3,E7,E8,9.061954,250.000000,OK
8,29,adjacent,100,100,16,25,REV,E3,E2,E7,E8,-9.061954,250.000000,OK
8,29,adjacent,100,100,16,26,FWD,E2,E3,E8,E9,2.710775,250.000000,OK
8,29,adjacent,100,100,16,27,REV,E3,E2,E8,E9,-2.710775,250.000000,OK
8,29,adjacent,100,100,16,28,FWD,E2,E3,E9,E10,-3.808353,250.000000,OK
8,29,adjacent,100,100,16,29,REV,E3,E2,E9,E10,3.808353,250.000000,OK
8,29,adjacent,100,100,16,30,FWD,E2,E3,E10,E11,-10.067066,250.000000,OK
8,29,adjacent,100,100,16,31,REV,E3,E2,E10,E11,10.067066,250.000000,OK
8,29,adjacent,100,100,16,32,FWD,E2,E3,E11,E12,-15.173807,250.000000,OK
8,29,adjacent,100,100,16,33,REV,E3,E2,E11,E12,15.173807,250.000000,OK
8,29,adjacent,100,100,16,34,FWD,E2,E3,E12,E1,-18.609326,250.000000,OK
8,29,adjacent,100,100,16,35,REV,E3,E2,E12,E1,18.609326,250.000000,OK
8,29,adjacent,100,100,16,36,FWD,E3,E4,E1,E2,16.850306,250.000000,OK
8,29,adjacent,100,100,16,37,REV,E4,E3,E1,E2,-16.850306,250.000000,OK
8,29,adjacent,100,100,16,38,FWD,E3,E4,E5,E6,14.490108,250.000000,OK
8,29,adjacent,100,100,16,39,REV,E4,E3,E5,E6,-14.490108,250.000000,OK
8,29,adjacent,100,100,16,40,FWD,E3,E4,E6,E7,9.179753,250.000000,OK
8,29,adjacent,100,100,16,41,REV,E4,E3,E6,E7,-9.179753,250.000000,OK
8,29,adjacent,100,100,16,42,FWD,E3,E4,E7,E8,2.868640,250.000000,OK
8,29,adjacent,100,100,16,43,REV,E4,E3,E7,E8,-2.868640,250.000000,OK
8,29,adjacent,100,100,16,44,FWD,E3,E4,E8,E9,-3.662233,250.000000,OK
8,29,adjacent,100,100,16,45,REV,E4,E3,E8,E9,3.662233,250.000000,OK
8,29,adjacent,100,100,16,46,FWD,E3,E4,E9,E10,-10.010805,250.000000,OK
8,29,adjacent,100,100,16,47,REV,E4,E3,E9,E10,10.010805,250.000000,OK
8,29,adjacent,100,100,16,48,FWD,E3,E4,E10,E11,-15.128332,250.000000,OK
8,29,adjacent,100,100,16,49,REV,E4,E3,E10,E11,15.128332,250.000000,OK
8,29,adjacent,100,100,16,50,FWD,E3,E4,E11,E12,-18.689400,250.000000,OK
8,29,adjacent,100,100,16,51,REV,E4,E3,E11,E12,18.689400,250.000000,OK
8,29,adjacent,100,100,16,52,FWD,E3,E4,E12,E1,-20.063301,250.000000,OK
8,29,adjacent,100,100,16,53,REV,E4,E3,E12,E1,20.063301,250.000000,OK
8,29,adjacent,100,100,16,54,FWD,E4,E5,E1,E2,19.548406,250.000000,OK
8,29,adjacent,100,100,16,55,REV,E5,E4,E1,E2,-19.548406,250.000000,OK
8,29,adjacent,100,100,16,56,FWD,E4,E5,E2,E3,20.045448,250.000000,OK
8,29,adjacent,100,100,16,57,REV,E5,E4,E2,E3,-20.045448,250.000000,OK
8,29,adjacent,100,100,16,58,FWD,E4,E5,E6,E7,2.844717,250.000000,OK
8,29,adjacent,100,100,16,59,REV,E5,E4,E6,E7,-2.844717,250.000000,OK
8,29,adjacent,100,100,16,60,FWD,E4,E5,E7,E8,-3.815373,250.000000,OK
8,29,adjacent,100,100,16,61,REV,E5,E4,E7,E8,3.815373,250.000000,OK
8,29,adjacent,100,100,16,62,FWD,E4,E5,E8,E9,-9.997687,250.000000,OK
8,29,adjacent,100,100,16,63,REV,E5,E4,E8,E9,9.997687,250.000000,OK
8,29,adjacent,100,100,16,64,FWD,E4,E5,E9,E10,-15.237814,250.000000,OK
8,29,adjacent,100,100,16,65,REV,E5,E4,E9,E10,15.237814,250.000000,OK
8,29,adjacent,100,100,16,66,FWD,E4,E5,E10,E11,-18.606820,250.000000,OK
8,29,adjacent,100,100,16,67,REV,E5,E4,E10,E11,18.606820,250.000000,OK
8,29,adjacent,100,100,16,68,FWD,E4,E5,E11,E12,-19.999369,250.000000,OK
8,29,adjacent,100,100,16,69,REV,E5,E4,E11,E12,19.999369,250.000000,OK
8,29,adjacent,100,100,16,70,FWD,E4,E5,E12,E1,-19.091711,250.000000,OK
8,29,adjacent,100,100,16,71,REV,E5,E4,E12,E1,19.091711,250.000000,OK
8,29,adjacent,100,100,16,72,FWD,E5,E6,E1,E2,19.858597,250.000000,OK
8,29,adjacent,100,100,16,73,REV,E6,E5,E1,E2,-19.858597,250.000000,OK
8,29,adjacent,100,100,16,74,FWD,E5,E6,E2,E3,18.204100,250.000000,OK
8,29,adjacent,100,100,16,75,REV,E6,E5,E2,E3,-18.204100,250.000000,OK
8,29,adjacent,100,100,16,76,FWD,E5,E6,E3,E4,14.497923,250.000000,OK
8,29,adjacent,100,100,16,77,REV,E6,E5,E3,E4,-14.497923,250.000000,OK
8,29,adjacent,100,100,16,78,FWD,E5,E6,E7,E8,-9.971525,250.000000,OK
8,29,adjacent,100,100,16,79,REV,E6,E5,E7,E8,9.971525,250.000000,OK
8,29,adjacent,100,100,16,80,FWD,E5,E6,E8,E9,-15.157501,250.000000,OK
8,29,adjacent,100,100,16,81,REV,E6,E5,E8,E9,15.157501,250.000000,OK
8,29,adjacent,100,100,16,82,FWD,E5,E6,E9,E10,-18.614643,250.000000,OK
8,29,adjacent,100,100,16,83,REV,E6,E5,E9,E10,18.614643,250.000000,OK
8,29,adjacent,100,100,16,84,FWD,E5,E6,E10,E11,-20.087936,250.000000,OK
8,29,adjacent,100,100,16,85,REV,E6,E5,E10,E11,20.087936,250.000000,OK
8,29,adjacent,100,100,16,86,FWD,E5,E6,E11,E12,-19.121106,250.000000,OK
8,29,adjacent,100,100,16,87,REV,E6,E5,E11,E12,19.121106,250.000000,OK
8,29,adjacent,100,100,16,88,FWD,E5,E6,E12,E1,-16.207478,250.000000,OK
8,29,adjacent,100,100,16,89,REV,E6,E5,E12,E1,16.207478,250.000000,OK
8,29,adjacent,100,100,16,90,FWD,E6,E7,E1,E2,18.161452,250.000000,OK
8,29,adjacent,100,100,16,91,REV,E7,E6,E1,E2,-18.161452,250.000000,OK
8,29,adjacent,100,100,16,92,FWD,E6,E7,E2,E3,14.473274,250.000000,OK
8,29,adjacent,100,100,16,93,REV,E7,E6,E2,E3,-14.473274,250.000000,OK
8,29,adjacent,100,100,16,94,FWD,E6,E7,E3,E4,9.075650,250.000000,OK
8,29,adjacent,100,100,16,95,REV,E7,E6,E3,E4,-9.075650,250.000000,OK
8,29,adjacent,100,100,16,96,FWD,E6,E7,E4,E5,2.811937,250.000000,OK
8,29,adjacent,100,100,16,97,REV,E7,E6,E4,E5,-2.811937,250.000000,OK
8,29,adjacent,100,100,16,98,FWD,E6,E7,E8,E9,-18.543912,250.000000,OK
8,29,adjacent,100,100,16,99,REV,E7,E6,E8,E9,18.543912,250.000000,OK
8,29,adjacent,100,100,16,100,FWD,E6,E7,E9,E10,-20.003268,250.000000,OK
8,29,adjacent,100,100,16,101,REV,E7,E6,E9,E10,20.003268,250.000000,OK
8,29,adjacent,100,100,16,102,FWD,E6,E7,E10,E11,-19.175331,250.000000,OK
8,29,adjacent,100,100,16,103,REV,E7,E6,E10,E11,19.175331,250.000000,OK
8,29,adjacent,100,100,16,104,FWD,E6,E7,E11,E12,-16.211589,250.000000,OK
8,29,adjacent,100,100,16,105,REV,E7,E6,E11,E12,16.211589,250.000000,OK
8,29,adjacent,100,100,16,106,FWD,E6,E7,E12,E1,-11.533943,250.000000,OK
8,29,adjacent,100,100,16,107,REV,E7,E6,E12,E1,11.533943,250.000000,OK
8,29,adjacent,100,100,16,108,FWD,E7,E8,E1,E2,14.431076,250.000000,OK
8,29,adjacent,100,100,16,109,REV,E8,E7,E1,E2,-14.431076,250.000000,OK
8,29,adjacent,100,100,16,110,FWD,E7,E8,E2,E3,9.226189,250.000000,OK
8,29,adjacent,100,100,16,111,REV,E8,E7,E2,E3,-9.226189,250.000000,OK
8,29,adjacent,100,100,16,112,FWD,E7,E8,E3,E4,2.911130,250.000000,OK
8,29,adjacent,100,100,16,113,REV,E8,E7,E3,E4,-2.911130,250.000000,OK
8,29,adjacent,100,100,16,114,FWD,E7,E8,E4,E5,-3.761185,250.000000,OK
8,29,adjacent,100,100,16,115,REV,E8,E7,E4,E5,3.761185,250.000000,OK
8,29,adjacent,100,100,16,116,FWD,E7,E8,E5,E6,-9.995508,250.000000,OK
8,29,adjacent,100,100,16,117,REV,E8,E7,E5,E6,9.995508,250.000000,OK
8,29,adjacent,100,100,16,118,FWD,E7,E8,E9,E10,-19.142697,250.000000,OK
8,29,adjacent,100,100,16,119,REV,E8,E7,E9,E10,19.142697,250.000000,OK
8,29,adjacent,100,100,16,120,FWD,E7,E8,E10,E11,-16.222495,250.000000,OK
8,29,adjacent,100,100,16,121,REV,E8,E7,E10,E11,16.222495,250.000000,OK
8,29,adjacent,100,100,16,122,FWD,E7,E8,E11,E12,-11.627098,250.000000,OK
8,29,adjacent,100,100,16,123,REV,E8,E7,E11,E12,11.627098,250.000000,OK
8,29,adjacent,100,100,16,124,FWD,E7,E8,E12,E1,-5.534333,250.000000,OK
8,29,adjacent,100,100,16,125,REV,E8,E7,E12,E1,5.534333,250.000000,OK
8,29,adjacent,100,100,16,126,FWD,E8,E9,E1,E2,9.103429,250.000000,OK
8,29,adjacent,100,100,16,127,REV,E9,E8,E1,E2,-9.103429,250.000000,OK
8,29,adjacent,100,100,16,128,FWD,E8,E9,E2,E3,2.832404,250.000000,OK
8,29,adjacent,100,100,16,129,REV,E9,E8,E2,E3,-2.832404,250.000000,OK
8,29,adjacent,100,100,16,130,FWD,E8,E9,E3,E4,-3.816303,250.000000,OK
8,29,adjacent,100,100,16,131,REV,E9,E8,E3,E4,3.816303,250.000000,OK
8,29,adjacent,100,100,16,132,FWD,E8,E9,E4,E5,-10.001805,250.000000,OK
8,29,adjacent,100,100,16,133,REV,E9,E8,E4,E5,10.001805,250.000000,OK
8,29,adjacent,100,100,16,134,FWD,E8,E9,E5,E6,-15.048120,250.000000,OK
8,29,adjacent,100,100,16,135,REV,E9,E8,E5,E6,15.048120,250.000000,OK
8,29,adjacent,100,100,16,136,FWD,E8,E9,E6,E7,-18.553646,250.000000,OK
8,29,adjacent,100,100,16,137,REV,E9,E8,E6,E7,18.553646,250.000000,OK
8,29,adjacent,100,100,16,138,FWD,E8,E9,E10,E11,-11.569893,250.000000,OK
8,29,adjacent,100,100,16,139,REV,E9,E8,E10,E11,11.569893,250.000000,OK
8,29,adjacent,100,100,16,140,FWD,E8,E9,E11,E12,-5.554832,250.000000,OK
8,29,adjacent,100,100,16,141,REV,E9,E8,E11,E12,5.554832,250.000000,OK
8,29,adjacent,100,100,16,142,FWD,E8,E9,E12,E1,1.008335,250.000000,OK
8,29,adjacent,100,100,16,143,REV,E9,E8,E12,E1,-1.008335,250.000000,OK
8,29,adjacent,100,100,16,144,FWD,E9,E10,E1,E2,2.739712,250.000000,OK
8,29,adjacent,100,100,16,145,REV,E10,E9,E1,E2,-2.739712,250.000000,OK
8,29,adjacent,100,100,16,146,FWD,E9,E10,E2,E3,-3.901917,250.000000,OK
8,29,adjacent,100,100,16,147,REV,E10,E9,E2,E3,3.901917,250.000000,OK
8,29,adjacent,100,100,16,148,FWD,E9,E10,E3,E4,-10.052209,250.000000,OK
8,29,adjacent,100,100,16,149,REV,E10,E9,E3,E4,10.052209,250.000000,OK
8,29,adjacent,100,100,16,150,FWD,E9,E10,E4,E5,-15.036504,250.000000,OK
8,29,adjacent,100,100,16,151,REV,E10,E9,E4,E5,15.036504,250.000000,OK
8,29,adjacent,100,100,16,152,FWD,E9,E10,E5,E6,-18.594340,250.000000,OK
8,29,adjacent,100,100,16,153,REV,E10,E9,E5,E6,18.594340,250.000000,OK
8,29,adjacent,100,100,16,154,FWD,E9,E10,E6,E7,-19.946326,250.000000,OK
8,29,adjacent,100,100,16,155,REV,E10,E9,E6,E7,19.946326,250.000000,OK
8,29,adjacent,100,100,16,156,FWD,E9,E10,E7,E8,-19.114618,250.000000,OK
8,29,adjacent,100,100,16,157,REV,E10,E9,E7,E8,19.114618,250.000000,OK
8,29,adjacent,100,100,16,158,FWD,E9,E10,E11,E12,0.936024,250.000000,OK
8,29,adjacent,100,100,16,159,REV,E10,E9,E11,E12,-0.936024,250.000000,OK
8,29,adjacent,100,100,16,160,FWD,E9,E10,E12,E1,7.550416,250.000000,OK
8,29,adjacent,100,100,16,161,REV,E10,E9,E12,E1,-7.550416,250.000000,OK
8,29,adjacent,100,100,16,162,FWD,E10,E11,E1,E2,-3.768810,250.000000,OK
8,29,adjacent,100,100,16,163,REV,E11,E10,E1,E2,3.768810,250.000000,OK
8,29,adjacent,100,100,16,164,FWD,E10,E11,E2,E3,-9.998809,250.000000,OK
8,29,adjacent,100,100,16,165,REV,E11,E10,E2,E3,9.998809,250.000000,OK
8,29,adjacent,100,100,16,166,FWD,E10,E11,E3,E4,-15.088113,250.000000,OK
8,29,adjacent,100,100,16,167,REV,E11,E10,E3,E4,15.088113,250.000000,OK
8,29,adjacent,100,100,16,168,FWD,E10,E11,E4,E5,-18.683850,250.000000,OK
8,29,adjacent,100,100,16,169,REV,E11,E10,E4,E5,18.683850,250.000000,OK
8,29,adjacent,100,100,16,170,FWD,E10,E11,E5,E6,-19.971094,250.000000,OK
8,29,adjacent,100,100,16,171,REV,E11,E10,E5,E6,19.971094,250.000000,OK
8,29,adjacent,100,100,16,172,FWD,E10,E11,E6,E7,-19.256648,250.000000,OK
8,29,adjacent,100,100,16,173,REV,E11,E10,E6,E7,19.256648,250.000000,OK
8,29,adjacent,100,100,16,174,FWD,E10,E11,E7,E8,-16.250113,250.000000,OK
8,29,adjacent,100,100,16,175,REV,E11,E10,E7,E8,16.250113,250.000000,OK
8,29,adjacent,100,100,16,176,FWD,E10,E11,E8,E9,-11.573491,250.000000,OK
8,29,adjacent,100,100,16,177,REV,E11,E10,E8,E9,11.573491,250.000000,OK
8,29,adjacent,100,100,16,178,FWD,E10,E11,E12,E1,13.117348,250.000000,OK
8,29,adjacent,100,100,16,179,REV,E11,E10,E12,E1,-13.117348,250.000000,OK
8,29,adjacent,100,100,16,180,FWD,E11,E12,E1,E2,-9.997162,250.000000,OK
8,29,adjacent,100,100,16,181,REV,E12,E11,E1,E2,9.997162,250.000000,OK
8,29,adjacent,100,100,16,182,FWD,E11,E12,E2,E3,-15.225495,250.000000,OK
8,29,adjacent,100,100,16,183,REV,E12,E11,E2,E3,15.225495,250.000000,OK
8,29,adjacent,100,100,16,184,FWD,E11,E12,E3,E4,-18.576957,250.000000,OK
8,29,adjacent,100,100,16,185,REV,E12,E11,E3,E4,18.576957,250.000000,OK
8,29,adjacent,100,100,16,186,FWD,E11,E12,E4,E5,-19.870431,250.000000,OK
8,29,adjacent,100,100,16,187,REV,E12,E11,E4,E5,19.870431,250.000000,OK
8,29,adjacent,100,100,16,188,FWD,E11,E12,E5,E6,-19.127099,250.000000,OK
8,29,adjacent,100,100,16,189,REV,E12,E11,E5,E6,19.127099,250.000000,OK
8,29,adjacent,100,100,16,190,FWD,E11,E12,E6,E7,-16.314955,250.000000,OK
8,29,adjacent,100,100,16,191,REV,E12,E11,E6,E7,16.314955,250.000000,OK
8,29,adjacent,100,100,16,192,FWD,E11,E12,E7,E8,-11.543221,250.000000,OK
8,29,adjacent,100,100,16,193,REV,E12,E11,E7,E8,11.543221,250.000000,OK
8,29,adjacent,100,100,16,194,FWD,E11,E12,E8,E9,-5.597319,250.000000,OK
8,29,adjacent,100,100,16,195,REV,E12,E11,E8,E9,5.597319,250.000000,OK
8,29,adjacent,100,100,16,196,FWD,E11,E12,E9,E10,1.027213,250.000000,OK
8,29,adjacent,100,100,16,197,REV,E12,E11,E9,E10,-1.027213,250.000000,OK
8,29,adjacent,100,100,16,198,FWD,E12,E1,E2,E3,-18.639877,250.000000,OK
8,29,adjacent,100,100,16,199,REV,E1,E12,E2,E3,18.639877,250.000000,OK
8,29,adjacent,100,100,16,200,FWD,E12,E1,E3,E4,-19.955543,250.000000,OK
8,29,adjacent,100,100,16,201,REV,E1,E12,E3,E4,19.955543,250.000000,OK
8,29,adjacent,100,100,16,202,FWD,E12,E1,E4,E5,-19.178453,250.000000,OK
8,29,adjacent,100,100,16,203,REV,E1,E12,E4,E5,19.178453,250.000000,OK
8,29,adjacent,100,100,16,204,FWD,E12,E1,E5,E6,-16.325111,250.000000,OK
8,29,adjacent,100,100,16,205,REV,E1,E12,E5,E6,16.325111,250.000000,OK
8,29,adjacent,100,100,16,206,FWD,E12,E1,E6,E7,-11.529034,250.000000,OK
8,29,adjacent,100,100,16,207,REV,E1,E12,E6,E7,11.529034,250.000000,OK
8,29,adjacent,100,100,16,208,FWD,E12,E1,E7,E8,-5.519755,250.000000,OK
8,29,adjacent,100,100,16,209,REV,E1,E12,E7,E8,5.519755,250.000000,OK
8,29,adjacent,100,100,16,210,FWD,E12,E1,E8,E9,1.060225,250.000000,OK
8,29,adjacent,100,100,16,211,REV,E1,E12,E8,E9,-1.060225,250.000000,OK
8,29,adjacent,100,100,16,212,FWD,E12,E1,E9,E10,7.350995,250.000000,OK
8,29,adjacent,100,100,16,213,REV,E1,E12,E9,E10,-7.350995,250.000000,OK
8,29,adjacent,100,100,16,214,FWD,E12,E1,E10,E11,13.157139,250.000000,OK
8,29,adjacent,100,100,16,215,REV,E1,E12,E10,E11,-13.157139,250.000000,OK
9,30,adjacent,100,100,16,0,FWD,E1,E2,E3,E4,16.908152,250.000000,OK
9,30,adjacent,100,100,16,1,REV,E2,E1,E3,E4,-16.908152,250.000000,OK
9,30,adjacent,100,100,16,2,FWD,E1,E2,E4,E5,19.475922,250.000000,OK
9,30,adjacent,100,100,16,3,REV,E2,E1,E4,E5,-19.475922,250.000000,OK
9,30,adjacent,100,100,16,4,FWD,E1,E2,E5,E6,19.859665,250.000000,OK
9,30,adjacent,100,100,16,5,REV,E2,E1,E5,E6,-19.859665,250.000000,OK
9,30,adjacent,100,100,16,6,FWD,E1,E2,E6,E7,18.175348,250.000000,OK
9,30,adjacent,100,100,16,7,REV,E2,E1,E6,E7,-18.175348,250.000000,OK
9,30,adjacent,100,100,16,8,FWD,E1,E2,E7,E8,14.447381,250.000000,OK
9,30,adjacent,100,100,16,9,REV,E2,E1,E7,E8,-14.447381,250.000000,OK
9,30,adjacent,100,100,16,10,FWD,E1,E2,E8,E9,9.263573,250.000000,OK
9,30,adjacent,100,100,16,11,REV,E2,E1,E8,E9,-9.263573,250.000000,OK
9,30,adjacent,100,100,16,12,FWD,E1,E2,E9,E10,2.775239,250.000000,OK
9,30,adjacent,100,100,16,13,REV,E2,E1,E9,E10,-2.775239,250.000000,OK
9,30,adjacent,100,100,16,14,FWD,E1,E2,E10,E11,-3.742570,250.000000,OK
9,30,adjacent,100,100,16,15,REV,E2,E1,E10,E11,3.742570,250.000000,OK
9,30,adjacent,100,100,16,16,FWD,E1,E2,E11,E12,-10.019382,250.000000,OK
9,30,adjacent,100,100,16,17,REV,E2,E1,E11,E12,10.019382,250.000000,OK
9,30,adjacent,100,100,16,18,FWD,E2,E3,E4,E5,19.959252,250.000000,OK
9,30,adjacent,100,100,16,19,REV,E3,E2,E4,E5,-19.959252,250.000000,OK
9,30,adjacent,100,100,16,20,FWD,E2,E3,E5,E6,18.185810,250.000000,OK
9,30,adjacent,100,100,16,21,REV,E3,E2,E5,E6,-18.185810,250.000000,OK
9,30,adjacent,100,100,16,22,FWD,E2,E3,E6,E7,14.481356,250.000000,OK
9,30,adjacent,100,100,16,23,REV,E3,E2,E6,E7,-14.481356,250.000000,OK
9,30,adjacent,100,100,16,24,FWD,E2,E3,E7,E8,9.170010,250.000000,OK
9,30,adjacent,100,100,16,25,REV,E3,E2,E7,E8,-9.170010,250.000000,OK
9,30,adjacent,100,100,16,26,FWD,E2,E3,E8,E9,2.827877,250.000000,OK
9,30,adjacent,100,100,16,27,REV,E3,E2,E8,E9,-2.827877,250.000000,OK
9,30,adjacent,100,100,16,28,FWD,E2,E3,E9,E10,-3.778796,250.000000,OK
9,30,adjacent,100,100,16,29,REV,E3,E2,E9,E10,3.778796,250.000000,OK
9,30,adjacent,100,100,16,30,FWD,E2,E3,E10,E11,-10.008059,250.000000,OK
9,30,adjacent,100,100,16,31,REV,E3,E2,E10,E11,10.008059,250.000000,OK
9,30,adjacent,100,100,16,32,FWD,E2,E3,E11,E12,-15.074409,250.000000,OK
9,30,adjacent,100,100,16,33,REV,E3,E2,E11,E12,15.074409,250.000000,OK
9,30,adjacent,100,100,16,34,FWD,E2,E3,E12,E1,-18.489918,250.000000,OK
9,30,adjacent,100,100,16,35,REV,E3,E2,E12,E1,18.489918,250.000000,OK
9,30,adjacent,100,100,16,36,FWD,E3,E4,E1,E2,16.825003,250.000000,OK
9,30,adjacent,100,100,16,37,REV,E4,E3,E1,E2,-16.825003,250.000000,OK
9,30,adjacent,100,100,16,38,FWD,E3,E4,E5,E6,14.452356,250.000000,OK
9,30,adjacent,100,100,16,39,REV,E4,E3,E5,E6,-14.452356,250.000000,OK
9,30,adjacent,100,100,16,40,FWD,E3,E4,E6,E7,9.165987,250.000000,OK
9,30,adjacent,100,100,16,41,REV,E4,E3,E6,E7,-9.165987,250.000000,OK
9,30,adjacent,100,100,16,42,FWD,E3,E4,E7,E8,2.739525,250.000000,OK
9,30,adjacent,100,100,16,43,REV,E4,E3,E7,E8,-2.739525,250.000000,OK
9,30,adjacent,100,100,16,44,FWD,E3,E4,E8,E9,-3.795950,250.000000,OK
9,30,adjacent,100,100,16,45,REV,E4,E3,E8,E9,3.795950,250.000000,OK
9,30,adjacent,100,100,16,46,FWD,E3,E4,E9,E10,-10.051753,250.000000,OK
9,30,adjacent,100,100,16,47,REV,E4,E3,E9,E10,10.051753,250.000000,OK
9,30,adjacent,100,100,16,48,FWD,E3,E4,E10,E11,-15.177197,250.000000,OK
9,30,adjacent,100,100,16,49,REV,E4,E3,E10,E11,15.177197,250.000000,OK
9,30,adjacent,100,100,16,50,FWD,E3,E4,E11,E12,-18.659228,250.000000,OK
9,30,adjacent,100,100,16,51,REV,E4,E3,E11,E12,18.659228,250.000000,OK
9,30,adjacent,100,100,16,52,FWD,E3,E4,E12,E1,-19.990329,250.000000,OK
9,30,adjacent,100,100,16,53,REV,E4,E3,E12,E1,19.990329,250.000000,OK
9,30,adjacent,100,100,16,54,FWD,E4,E5,E1,E2,19.464252,250.000000,OK
9,30,adjacent,100,100,16,55,REV,E5,E4,E1,E2,-19.464252,250.000000,OK
9,30,adjacent,100,100,16,56,FWD,E4,E5,E2,E3,19.881744,250.000000,OK
9,30,adjacent,100,100,16,57,REV,E5,E4,E2,E3,-19.881744,250.000000,OK
9,30,adjacent,100,100,16,58,FWD,E4,E5,E6,E7,2.776909,250.000000,OK
9,30,adjacent,100,100,16,59,REV,E5,E4,E6,E7,-2.776909,250.000000,OK
9,30,adjacent,100,100,16,60,FWD,E4,E5,E7,E8,-3.839487,250.000000,OK
9,30,adjacent,100,100,16,61,REV,E5,E4,E7,E8,3.839487,250.000000,OK
9,30,adjacent,100,100,16,62,FWD,E4,E5,E8,E9,-10.033110,250.000000,OK
9,30,adjacent,100,100,16,63,REV,E5,E4,E8,E9,10.033110,250.000000,OK
9,30,adjacent,100,100,16,64,FWD,E4,E5,E9,E10,-15.193993,250.000000,OK
9,30,adjacent,100,100,16,65,REV,E5,E4,E9,E10,15.193993,250.000000,OK
9,30,adjacent,100,100,16,66,FWD,E4,E5,E10,E11,-18.606996,250.000000,OK
9,30,adjacent,100,100,16,67,REV,E5,E4,E10,E11,18.606996,250.000000,OK
9,30,adjacent,100,100,16,68,FWD,E4,E5,E11,E12,-20.032870,250.000000,OK
9,30,adjacent,100,100,16,69,REV,E5,E4,E11,E12,20.032870,250.000000,OK
9,30,adjacent,100,100,16,70,FWD,E4,E5,E12,E1,-19.184791,250.000000,OK
9,30,adjacent,100,100,16,71,REV,E5,E4,E12,E1,19.184791,250.000000,OK
9,30,adjacent,100,100,16,72,FWD,E5,E6,E1,E2,19.995389,250.000000,OK
9,30,adjacent,100,100,16,73,REV,E6,E5,E1,E2,-19.995389,250.000000,OK
9,30,adjacent,100,100,16,74,FWD,E5,E6,E2,E3,18.194220,250.000000,OK
9,30,adjacent,100,100,16,75,REV,E6,E5,E2,E3,-18.194220,250.000000,OK
9,30,adjacent,100,100,16,76,FWD,E5,E6,E3,E4,14.561308,250.000000,OK
9,30,adjacent,100,100,16,77,REV,E6,E5,E3,E4,-14.561308,250.000000,OK
9,30,adjacent,100,100,16,78,FWD,E5,E6,E7,E8,-10.060198,250.000000,OK
9,30,adjacent,100,100,16,79,REV,E6,E5,E7,E8,10.060198,250.000000,OK
9,30,adjacent,100,100,16,80,FWD,E5,E6,E8,E9,-15.192853,250.000000,OK
9,30,adjacent,100,100,16,81,REV,E6,E5,E8,E9,15.192853,250.000000,OK
9,30,adjacent,100,100,16,82,FWD,E5,E6,E9,E10,-18.594488,250.000000,OK
9,30,adjacent,100,100,16,83,REV,E6,E5,E9,E10,18.594488,250.000000,OK
9,30,adjacent,100,100,16,84,FWD,E5,E6,E10,E11,-19.974840,250.000000,OK
9,30,adjacent,100,100,16,85,REV,E6,E5,E10,E11,19.974840,250.000000,OK
9,30,adjacent,100,100,16,86,FWD,E5,E6,E11,E12,-19.159779,250.000000,OK
9,30,adjacent,100,100,16,87,REV,E6,E5,E11,E12,19.159779,250.000000,OK
9,30,adjacent,100,100,16,88,FWD,E5,E6,E12,E1,-16.247260,250.000000,OK
9,30,adjacent,100,100,16,89,REV,E6,E5,E12,E1,16.247260,250.000000,OK
9,30,adjacent,100,100,16,90,FWD,E6,E7,E1,E2,18.170148,250.000000,OK
9,30,adjacent,100,100,16,91,REV,E7,E6,E1,E2,-18.170148,250.000000,OK
9,30,adjacent,100,100,16,92,FWD,E6,E7,E2,E3,14.506009,250.000000,OK
9,30,adjacent,100,100,16,93,REV,E7,E6,E2,E3,-14.506009,250.000000,OK
9,30,adjacent,100,100,16,94,FWD,E6,E7,E3,E4,9.140989,250.000000,OK
9,30,adjacent,100,100,16,95,REV,E7,E6,E3,E4,-9.140989,250.000000,OK
9,30,adjacent,100,100,16,96,FWD,E6,E7,E4,E5,2.857405,250.000000,OK
9,30,adjacent,100,100,16,97,REV,E7,E6,E4,E5,-2.857405,250.000000,OK
9,30,adjacent,100,100,16,98,FWD,E6,E7,E8,E9,-18.557858,250.000000,OK
9,30,adjacent,100,100,16,99,REV,E7,E6,E8,E9,18.557858,250.000000,OK
9,30,adjacent,100,100,16,100,FWD,E6,E7,E9,E10,-19.966513,250.000000,OK
9,30,adjacent,100,100,16,101,REV,E7,E6,E9,E10,19.966513,250.000000,OK
9,30,adjacent,100,100,16,102,FWD,E6,E7,E10,E11,-19.167430,250.000000,OK
9,30,adjacent,100,100,16,103,REV,E7,E6,E10,E11,19.167430,250.000000,OK
9,30,adjacent,100,100,16,104,FWD,E6,E7,E11,E12,-16.302726,250.000000,OK
9,30,adjacent,100,100,16,105,REV,E7,E6,E11,E12,16.302726,250.000000,OK
9,30,adjacent,100,100,16,106,FWD,E6,E7,E12,E1,-11.536913,250.000000,OK
9,30,adjacent,100,100,16,107,REV,E7,E6,E12,E1,11.536913,250.000000,OK
9,30,adjacent,100,100,16,108,FWD,E7,E8,E1,E2,14.490763,250.000000,OK
9,30,adjacent,100,100,16,109,REV,E8,E7,E1,E2,-14.490763,250.000000,OK
9,30,adjacent,100,100,16,110,FWD,E7,E8,E2,E3,9.121371,250.000000,OK
9,30,adjacent,100,100,16,111,REV,E8,E7,E2,E3,-9.121371,250.000000,OK
9,30,adjacent,100,100,16,112,FWD,E7,E8,E3,E4,2.949547,250.000000,OK
9,30,adjacent,100,100,16,113,REV,E8,E7,E3,E4,-2.949547,250.000000,OK
9,30,adjacent,100,100,16,114,FWD,E7,E8,E4,E5,-3.803104,250.000000,OK
9,30,adjacent,100,100,16,115,REV,E8,E7,E4,E5,3.803104,250.000000,OK
9,30,adjacent,100,100,16,116,FWD,E7,E8,E5,E6,-10.089743,250.000000,OK
9,30,adjacent,100,100,16,117,REV,E8,E7,E5,E6,10.089743,250.000000,OK
9,30,adjacent,100,100,16,118,FWD,E7,E8,E9,E10,-19.257049,250.000000,OK
9,30,adjacent,100,100,16,119,REV,E8,E7,E9,E10,19.257049,250.000000,OK
9,30,adjacent,100,100,16,120,FWD,E7,E8,E10,E11,-16.309058,250.000000,OK
9,30,adjacent,100,100,16,121,REV,E8,E7,E10,E11,16.309058,250.000000,OK
9,30,adjacent,100,100,16,122,FWD,E7,E8,E11,E12,-11.673500,250.000000,OK
9,30,adjacent,100,100,16,123,REV,E8,E7,E11,E12,11.673500,250.000000,OK
9,30,adjacent,100,100,16,124,FWD,E7,E8,E12,E1,-5.568041,250.000000,OK
9,30,adjacent,100,100,16,125,REV,E8,E7,E12,E1,5.568041,250.000000,OK
9,30,adjacent,100,100,16,126,FWD,E8,E9,E1,E2,9.092264,250.000000,OK
9,30,adjacent,100,100,16,127,REV,E9,E8,E1,E2,-9.092264,250.000000,OK
9,30,adjacent,100,100,16,128,FWD,E8,E9,E2,E3,2.841779,250.000000,OK
9,30,adjacent,100,100,16,129,REV,E9,E8,E2,E3,-2.841779,250.000000,OK
9,30,adjacent,100,100,16,130,FWD,E8,E9,E3,E4,-3.880119,250.000000,OK
9,30,adjacent,100,100,16,131,REV,E9,E8,E3,E4,3.880119,250.000000,OK
9,30,adjacent,100,100,16,132,FWD,E8,E9,E4,E5,-10.014371,250.000000,OK
9,30,adjacent,100,100,16,133,REV,E9,E8,E4,E5,10.014371,250.000000,OK
9,30,adjacent,100,100,16,134,FWD,E8,E9,E5,E6,-15.082213,250.000000,OK
9,30,adjacent,100,100,16,135,REV,E9,E8,E5,E6,15.082213,250.000000,OK
9,30,adjacent,100,100,16,136,FWD,E8,E9,E6,E7,-18.551021,250.000000,OK
9,30,adjacent,100,100,16,137,REV,E9,E8,E6,E7,18.551021,250.000000,OK
9,30,adjacent,100,100,16,138,FWD,E8,E9,E10,E11,-11.650985,250.000000,OK
9,30,adjacent,100,100,16,139,REV,E9,E8,E10,E11,11.650985,250.000000,OK
9,30,adjacent,100,100,16,140,FWD,E8,E9,E11,E12,-5.585239,250.000000,OK
9,30,adjacent,100,100,16,141,REV,E9,E8,E11,E12,5.585239,250.000000,OK
9,30,adjacent,100,100,16,142,FWD,E8,E9,E12,E1,0.983848,250.000000,OK
9,30,adjacent,100,100,16,143,REV,E9,E8,E12,E1,-0.983848,250.000000,OK
9,30,adjacent,100,100,16,144,FWD,E9,E10,E1,E2,2.881218,250.000000,OK
9,30,adjacent,100,100,16,145,REV,E10,E9,E1,E2,-2.881218,250.000000,OK
9,30,adjacent,100,100,16,146,FWD,E9,E10,E2,E3,-3.790422,250.000000,OK
9,30,adjacent,100,100,16,147,REV,E10,E9,E2,E3,3.790422,250.000000,OK
9,30,adjacent,100,100,16,148,FWD,E9,E10,E3,E4,-9.930901,250.000000,OK
9,30,adjacent,100,100,16,149,REV,E10,E9,E3,E4,9.930901,250.000000,OK
9,30,adjacent,100,100,16,150,FWD,E9,E10,E4,E5,-15.125612,250.000000,OK
9,30,adjacent,100,100,16,151,REV,E10,E9,E4,E5,15.125612,250.000000,OK
9,30,adjacent,100,100,16,152,FWD,E9,E10,E5,E6,-18.632516,250.000000,OK
9,30,adjacent,100,100,16,153,REV,E10,E9,E5,E6,18.632516,250.000000,OK
9,30,adjacent,100,100,16,154,FWD,E9,E10,E6,E7,-20.022330,250.000000,OK
9,30,adjacent,100,100,16,155,REV,E10,E9,E6,E7,20.022330,250.000000,OK
9,30,adjacent,100,100,16,156,FWD,E9,E10,E7,E8,-19.116730,250.000000,OK
9,30,adjacent,100,100,16,157,REV,E10,E9,E7,E8,19.116730,250.000000,OK
9,30,adjacent,100,100,16,158,FWD,E9,E10,E11,E12,0.955352,250.000000,OK
9,30,adjacent,100,100,16,159,REV,E10,E9,E11,E12,-0.955352,250.000000,OK
9,30,adjacent,100,100,16,160,FWD,E9,E10,E12,E1,7.492749,250.000000,OK
9,30,adjacent,100,100,16,161,REV,E10,E9,E12,E1,-7.492749,250.000000,OK
9,30,adjacent,100,100,16,162,FWD,E10,E11,E1,E2,-3.702150,250.000000,OK
9,30,adjacent,100,100,16,163,REV,E11,E10,E1,E2,3.702150,250.000000,OK
9,30,adjacent,100,100,16,164,FWD,E10,E11,E2,E3,-10.023646,250.000000,OK
9,30,adjacent,100,100,16,165,REV,E11,E10,E2,E3,10.023646,250.000000,OK
9,30,adjacent,100,100,16,166,FWD,E10,E11,E3,E4,-15.178130,250.000000,OK
9,30,adjacent,100,100,16,167,REV,E11,E10,E3,E4,15.178130,250.000000,OK
9,30,adjacent,100,100,16,168,FWD,E10,E11,E4,E5,-18.534743,250.000000,OK
9,30,adjacent,100,100,16,169,REV,E11,E10,E4,E5,18.534743,250.000000,OK
9,30,adjacent,100,100,16,170,FWD,E10,E11,E5,E6,-19.957741,250.000000,OK
9,30,adjacent,100,100,16,171,REV,E11,E10,E5,E6,19.957741,250.000000,OK
9,30,adjacent,100,100,16,172,FWD,E10,E11,E6,E7,-19.235789,250.000000,OK
9,30,adjacent,100,100,16,173,REV,E11,E10,E6,E7,19.235789,250.000000,OK
9,30,adjacent,100,100,16,174,FWD,E10,E11,E7,E8,-16.225828,250.000000,OK
9,30,adjacent,100,100,16,175,REV,E11,E10,E7,E8,16.225828,250.000000,OK
9,30,adjacent,100,100,16,176,FWD,E10,E11,E8,E9,-11.552127,250.000000,OK
9,30,adjacent,100,100,16,177,REV,E11,E10,E8,E9,11.552127,250.000000,OK
9,30,adjacent,100,100,16,178,FWD,E10,E11,E12,E1,13.177264,250.000000,OK
9,30,adjacent,100,100,16,179,REV,E11,E10,E12,E1,-13.177264,250.000000,OK
9,30,adjacent,100,100,16,180,FWD,E11,E12,E1,E2,-10.055770,250.000000,OK
9,30,adjacent,100,100,16,181,REV,E12,E11,E1,E2,10.055770,250.000000,OK
9,30,adjacent,100,100,16,182,FWD,E11,E12,E2,E3,-15.076948,250.000000,OK
9,30,adjacent,100,100,16,183,REV,E12,E11,E2,E3,15.076948,250.000000,OK
9,30,adjacent,100,100,16,184,FWD,E11,E12,E3,E4,-18.603404,250.000000,OK
9,30,adjacent,100,100,16,185,REV,E12,E11,E3,E4,18.603404,250.000000,OK
9,30,adjacent,100,100,16,186,FWD,E11,E12,E4,E5,-19.914753,250.000000,OK
9,30,adjacent,100,100,16,187,REV,E12,E11,E4,E5,19.914753,250.000000,OK
9,30,adjacent,100,100,16,188,FWD,E11,E12,E5,E6,-19.231813,250.000000,OK
9,30,adjacent,100,100,16,189,REV,E12,E11,E5,E6,19.231813,250.000000,OK
9,30,adjacent,100,100,16,190,FWD,E11,E12,E6,E7,-16.249278,250.000000,OK
9,30,adjacent,100,100,16,191,REV,E12,E11,E6,E7,16.249278,250.000000,OK
9,30,adjacent,100,100,16,192,FWD,E11,E12,E7,E8,-11.544815,250.000000,OK
9,30,adjacent,100,100,16,193,REV,E12,E11,E7,E8,11.544815,250.000000,OK
9,30,adjacent,100,100,16,194,FWD,E11,E12,E8,E9,-5.650701,250.000000,OK
9,30,adjacent,100,100,16,195,REV,E12,E11,E8,E9,5.650701,250.000000,OK
9,30,adjacent,100,100,16,196,FWD,E11,E12,E9,E10,0.909177,250.000000,OK
9,30,adjacent,100,100,16,197,REV,E12,E11,E9,E10,-0.909177,250.000000,OK
9,30,adjacent,100,100,16,198,FWD,E12,E1,E2,E3,-18.613500,250.000000,OK
9,30,adjacent,100,100,16,199,REV,E1,E12,E2,E3,18.613500,250.000000,OK
9,30,adjacent,100,100,16,200,FWD,E12,E1,E3,E4,-20.017023,250.000000,OK
9,30,adjacent,100,100,16,201,REV,E1,E12,E3,E4,20.017023,250.000000,OK
9,30,adjacent,100,100,16,202,FWD,E12,E1,E4,E5,-19.209448,250.000000,OK
9,30,adjacent,100,100,16,203,REV,E1,E12,E4,E5,19.209448,250.000000,OK
9,30,adjacent,100,100,16,204,FWD,E12,E1,E5,E6,-16.272418,250.000000,OK
9,30,adjacent,100,100,16,205,REV,E1,E12,E5,E6,16.272418,250.000000,OK
9,30,adjacent,100,100,16,206,FWD,E12,E1,E6,E7,-11.450426,250.000000,OK
9,30,adjacent,100,100,16,207,REV,E1,E12,E6,E7,11.450426,250.000000,OK
9,30,adjacent,100,100,16,208,FWD,E12,E1,E7,E8,-5.577062,250.000000,OK
9,30,adjacent,100,100,16,209,REV,E1,E12,E7,E8,5.577062,250.000000,OK
9,30,adjacent,100,100,16,210,FWD,E12,E1,E8,E9,1.085501,250.000000,OK
9,30,adjacent,100,100,16,211,REV,E1,E12,E8,E9,-1.085501,250.000000,OK
9,30,adjacent,100,100,16,212,FWD,E12,E1,E9,E10,7.503445,250.000000,OK
9,30,adjacent,100,100,16,213,REV,E1,E12,E9,E10,-7.503445,250.000000,OK
9,30,adjacent,100,100,16,214,FWD,E12,E1,E10,E11,13.197546,250.000000,OK
9,30,adjacent,100,100,16,215,REV,E1,E12,E10,E11,-13.197546,250.000000,OK
