frame_index,frame_id,pattern,dac_code,settle_ms,sample_count,record_index,polarity,i_plus,i_minus,v_plus,v_minus,voltage_mv,current_ua,quality
0,6,adjacent,400,30,16,0,FWD,E1,E2,E3,E4,6.836000,97.836000,OK
0,6,adjacent,400,30,16,1,REV,E2,E1,E3,E4,14.258000,269.248000,OK
0,6,adjacent,400,30,16,2,FWD,E1,E2,E4,E5,-7.672000,229.906000,OK
0,6,adjacent,400,30,16,3,REV,E2,E1,E4,E5,-2.836000,242.993000,OK
0,6,adjacent,400,30,16,4,FWD,E1,E2,E5,E6,-45.891000,240.440000,OK
0,6,adjacent,400,30,16,5,REV,E2,E1,E5,E6,-42.539000,239.243000,OK
0,6,adjacent,400,30,16,6,FWD,E1,E2,E6,E7,6.633000,242.754000,OK
0,6,adjacent,400,30,16,7,REV,E2,E1,E6,E7,9.531000,238.525000,OK
0,6,adjacent,400,30,16,8,FWD,E1,E2,E7,E8,18.781000,242.275000,OK
0,6,adjacent,400,30,16,9,REV,E2,E1,E7,E8,21.680000,237.966000,OK
0,6,adjacent,400,30,16,10,FWD,E1,E2,E8,E9,50.219000,243.552000,OK
0,6,adjacent,400,30,16,11,REV,E2,E1,E8,E9,53.375000,237.567000,OK
0,6,adjacent,400,30,16,12,FWD,E1,E2,E9,E10,-47.820000,243.153000,OK
0,6,adjacent,400,30,16,13,REV,E2,E1,E9,E10,-44.414000,237.647000,OK
0,6,adjacent,400,30,16,14,FWD,E1,E2,E10,E11,24.969000,243.712000,OK
0,6,adjacent,400,30,16,15,REV,E2,E1,E10,E11,30.117000,237.727000,OK
0,6,adjacent,400,30,16,16,FWD,E1,E2,E11,E12,1.703000,243.791000,OK
0,6,adjacent,400,30,16,17,REV,E2,E1,E11,E12,11.227000,237.647000,OK
0,6,adjacent,400,30,16,18,FWD,E2,E3,E4,E5,-8.359000,104.060000,OK
0,6,adjacent,400,30,16,19,REV,E3,E2,E4,E5,0.500000,279.462000,OK
0,6,adjacent,400,30,16,20,FWD,E2,E3,E5,E6,-47.875000,213.547000,OK
0,6,adjacent,400,30,16,21,REV,E3,E2,E5,E6,-42.539000,244.191000,OK
0,6,adjacent,400,30,16,22,FWD,E2,E3,E6,E7,6.047000,225.757000,OK
0,6,adjacent,400,30,16,23,REV,E3,E2,E6,E7,10.000000,239.163000,OK
0,6,adjacent,400,30,16,24,FWD,E2,E3,E7,E8,17.297000,227.432000,OK
0,6,adjacent,400,30,16,25,REV,E3,E2,E7,E8,20.687000,237.966000,OK
0,6,adjacent,400,30,16,26,FWD,E2,E3,E8,E9,52.844000,229.108000,OK
0,6,adjacent,400,30,16,27,REV,E3,E2,E8,E9,56.086000,237.407000,OK
0,6,adjacent,400,30,16,28,FWD,E2,E3,E9,E10,-49.078000,229.667000,OK
0,6,adjacent,400,30,16,29,REV,E3,E2,E9,E10,-46.148000,237.088000,OK
0,6,adjacent,400,30,16,30,FWD,E2,E3,E10,E11,22.352000,229.348000,OK
0,6,adjacent,400,30,16,31,REV,E3,E2,E10,E11,26.227000,237.008000,OK
0,6,adjacent,400,30,16,32,FWD,E2,E3,E11,E12,1.031000,229.268000,OK
0,6,adjacent,400,30,16,33,REV,E3,E2,E11,E12,6.594000,236.769000,OK
0,6,adjacent,400,30,16,34,FWD,E2,E3,E12,E1,0.719000,230.305000,OK
0,6,adjacent,400,30,16,35,REV,E3,E2,E12,E1,11.805000,236.769000,OK
0,6,adjacent,400,30,16,36,FWD,E3,E4,E1,E2,12.047000,82.594000,OK
0,6,adjacent,400,30,16,37,REV,E4,E3,E1,E2,9.375000,255.762000,OK
0,6,adjacent,400,30,16,38,FWD,E3,E4,E5,E6,-50.219000,206.924000,OK
0,6,adjacent,400,30,16,39,REV,E4,E3,E5,E6,-39.055000,227.512000,OK
0,6,adjacent,400,30,16,40,FWD,E3,E4,E6,E7,5.445000,217.298000,OK
0,6,adjacent,400,30,16,41,REV,E4,E3,E6,E7,10.750000,224.639000,OK
0,6,adjacent,400,30,16,42,FWD,E3,E4,E7,E8,16.164000,220.968000,OK
0,6,adjacent,400,30,16,43,REV,E4,E3,E7,E8,19.781000,223.841000,OK
0,6,adjacent,400,30,16,44,FWD,E3,E4,E8,E9,56.094000,221.527000,OK
0,6,adjacent,400,30,16,45,REV,E4,E3,E8,E9,59.063000,223.761000,OK
0,6,adjacent,400,30,16,46,FWD,E3,E4,E9,E10,-50.398000,222.086000,OK
0,6,adjacent,400,30,16,47,REV,E4,E3,E9,E10,-48.070000,224.320000,OK
0,6,adjacent,400,30,16,48,FWD,E3,E4,E10,E11,21.023000,222.165000,OK
0,6,adjacent,400,30,16,49,REV,E4,E3,E10,E11,23.703000,223.841000,OK
0,6,adjacent,400,30,16,50,FWD,E3,E4,E11,E12,1.680000,223.522000,OK
0,6,adjacent,400,30,16,51,REV,E4,E3,E11,E12,4.922000,223.682000,OK
0,6,adjacent,400,30,16,52,FWD,E3,E4,E12,E1,-2.117000,222.325000,OK
0,6,adjacent,400,30,16,53,REV,E4,E3,E12,E1,2.633000,223.841000,OK
0,6,adjacent,400,30,16,54,FWD,E4,E5,E1,E2,-20.547000,96.958000,OK
0,6,adjacent,400,30,16,55,REV,E5,E4,E1,E2,-16.906000,266.136000,OK
0,6,adjacent,400,30,16,56,FWD,E4,E5,E2,E3,52.008000,219.053000,OK
0,6,adjacent,400,30,16,57,REV,E5,E4,E2,E3,57.469000,239.083000,OK
0,6,adjacent,400,30,16,58,FWD,E4,E5,E6,E7,2.719000,229.108000,OK
0,6,adjacent,400,30,16,59,REV,E5,E4,E6,E7,13.594000,235.492000,OK
0,6,adjacent,400,30,16,60,FWD,E4,E5,E7,E8,14.203000,231.662000,OK
0,6,adjacent,400,30,16,61,REV,E5,E4,E7,E8,19.812000,235.492000,OK
0,6,adjacent,400,30,16,62,FWD,E4,E5,E8,E9,58.594000,233.417000,OK
0,6,adjacent,400,30,16,63,REV,E5,E4,E8,E9,62.375000,235.572000,OK
0,6,adjacent,400,30,16,64,FWD,E4,E5,E9,E10,-52.156000,233.816000,OK
0,6,adjacent,400,30,16,65,REV,E5,E4,E9,E10,-49.594000,235.333000,OK
0,6,adjacent,400,30,16,66,FWD,E4,E5,E10,E11,19.805000,234.535000,OK
0,6,adjacent,400,30,16,67,REV,E5,E4,E10,E11,22.437000,235.253000,OK
0,6,adjacent,400,30,16,68,FWD,E4,E5,E11,E12,1.789000,234.295000,OK
0,6,adjacent,400,30,16,69,REV,E5,E4,E11,E12,4.547000,235.891000,OK
0,6,adjacent,400,30,16,70,FWD,E4,E5,E12,E1,-5.062000,234.614000,OK
0,6,adjacent,400,30,16,71,REV,E5,E4,E12,E1,-1.562000,235.412000,OK
0,6,adjacent,400,30,16,72,FWD,E5,E6,E1,E2,-23.266000,113.636000,OK
0,6,adjacent,400,30,16,73,REV,E6,E5,E1,E2,-20.195000,282.654000,OK
0,6,adjacent,400,30,16,74,FWD,E5,E6,E2,E3,34.031000,240.839000,OK
0,6,adjacent,400,30,16,75,REV,E6,E5,E2,E3,39.813000,254.724000,OK
0,6,adjacent,400,30,16,76,FWD,E5,E6,E3,E4,15.586000,253.288000,OK
0,6,adjacent,400,30,16,77,REV,E6,E5,E3,E4,26.070000,251.452000,OK
0,6,adjacent,400,30,16,78,FWD,E5,E6,E7,E8,10.289000,255.283000,OK
0,6,adjacent,400,30,16,79,REV,E6,E5,E7,E8,22.555000,250.654000,OK
0,6,adjacent,400,30,16,80,FWD,E5,E6,E8,E9,60.227000,256.560000,OK
0,6,adjacent,400,30,16,81,REV,E6,E5,E8,E9,66.375000,250.654000,OK
0,6,adjacent,400,30,16,82,FWD,E5,E6,E9,E10,-54.219000,257.038000,OK
0,6,adjacent,400,30,16,83,REV,E6,E5,E9,E10,-50.586000,250.415000,OK
0,6,adjacent,400,30,16,84,FWD,E5,E6,E10,E11,18.719000,257.517000,OK
0,6,adjacent,400,30,16,85,REV,E6,E5,E10,E11,21.969000,251.293000,OK
0,6,adjacent,400,30,16,86,FWD,E5,E6,E11,E12,1.742000,257.597000,OK
0,6,adjacent,400,30,16,87,REV,E6,E5,E11,E12,4.680000,250.495000,OK
0,6,adjacent,400,30,16,88,FWD,E5,E6,E12,E1,-7.719000,257.836000,OK
0,6,adjacent,400,30,16,89,REV,E6,E5,E12,E1,-4.523000,250.814000,OK
0,6,adjacent,400,30,16,90,FWD,E6,E7,E1,E2,-23.766000,134.704000,OK
0,6,adjacent,400,30,16,91,REV,E7,E6,E1,E2,-20.578000,313.936000,OK
0,6,adjacent,400,30,16,92,FWD,E6,E7,E2,E3,32.391000,251.452000,OK
0,6,adjacent,400,30,16,93,REV,E7,E6,E2,E3,37.125000,277.787000,OK
0,6,adjacent,400,30,16,94,FWD,E6,E7,E3,E4,5.187000,264.380000,OK
0,6,adjacent,400,30,16,95,REV,E7,E6,E3,E4,12.172000,272.121000,OK
0,6,adjacent,400,30,16,96,FWD,E6,E7,E4,E5,2.391000,267.253000,OK
0,6,adjacent,400,30,16,97,REV,E7,E6,E4,E5,14.953000,271.004000,OK
0,6,adjacent,400,30,16,98,FWD,E6,E7,E8,E9,59.391000,267.891000,OK
0,6,adjacent,400,30,16,99,REV,E7,E6,E8,E9,72.438000,270.285000,OK
0,6,adjacent,400,30,16,100,FWD,E6,E7,E9,E10,-56.875000,268.530000,OK
0,6,adjacent,400,30,16,101,REV,E7,E6,E9,E10,-50.969000,270.365000,OK
0,6,adjacent,400,30,16,102,FWD,E6,E7,E10,E11,17.430000,268.849000,OK
0,6,adjacent,400,30,16,103,REV,E7,E6,E10,E11,22.031000,269.807000,OK
0,6,adjacent,400,30,16,104,FWD,E6,E7,E11,E12,1.437000,269.009000,OK
0,6,adjacent,400,30,16,105,REV,E7,E6,E11,E12,5.039000,270.684000,OK
0,6,adjacent,400,30,16,106,FWD,E6,E7,E12,E1,-10.336000,269.088000,OK
0,6,adjacent,400,30,16,107,REV,E7,E6,E12,E1,-6.859000,270.605000,OK
0,6,adjacent,400,30,16,108,FWD,E7,E8,E1,E2,-23.328000,106.135000,OK
0,6,adjacent,400,30,16,109,REV,E8,E7,E1,E2,-20.570000,291.193000,OK
0,6,adjacent,400,30,16,110,FWD,E7,E8,E2,E3,32.414000,231.023000,OK
0,6,adjacent,400,30,16,111,REV,E8,E7,E2,E3,36.109000,256.081000,OK
0,6,adjacent,400,30,16,112,FWD,E7,E8,E3,E4,5.562000,242.914000,OK
0,6,adjacent,400,30,16,113,REV,E8,E7,E3,E4,9.914000,251.293000,OK
0,6,adjacent,400,30,16,114,FWD,E7,E8,E4,E5,-3.883000,245.787000,OK
0,6,adjacent,400,30,16,115,REV,E8,E7,E4,E5,2.234000,249.537000,OK
0,6,adjacent,400,30,16,116,FWD,E7,E8,E5,E6,-34.539000,246.505000,OK
0,6,adjacent,400,30,16,117,REV,E8,E7,E5,E6,-23.469000,248.819000,OK
0,6,adjacent,400,30,16,118,FWD,E7,E8,E9,E10,-60.859000,246.425000,OK
0,6,adjacent,400,30,16,119,REV,E8,E7,E9,E10,-48.625000,249.218000,OK
0,6,adjacent,400,30,16,120,FWD,E7,E8,E10,E11,15.875000,246.984000,OK
0,6,adjacent,400,30,16,121,REV,E8,E7,E10,E11,22.773000,248.580000,OK
0,6,adjacent,400,30,16,122,FWD,E7,E8,E11,E12,1.180000,246.824000,OK
0,6,adjacent,400,30,16,123,REV,E8,E7,E11,E12,5.531000,249.058000,OK
0,6,adjacent,400,30,16,124,FWD,E7,E8,E12,E1,-12.594000,246.824000,OK
0,6,adjacent,400,30,16,125,REV,E8,E7,E12,E1,-9.094000,248.819000,OK
0,6,adjacent,400,30,16,126,FWD,E8,E9,E1,E2,-22.508000,70.464000,OK
0,6,adjacent,400,30,16,127,REV,E9,E8,E1,E2,-20.289000,258.714000,OK
0,6,adjacent,400,30,16,128,FWD,E8,E9,E2,E3,32.922000,197.746000,OK
0,6,adjacent,400,30,16,129,REV,E9,E8,E2,E3,35.602000,225.437000,OK
0,6,adjacent,400,30,16,130,FWD,E8,E9,E3,E4,6.273000,208.360000,OK
0,6,adjacent,400,30,16,131,REV,E9,E8,E3,E4,9.008000,220.889000,OK
0,6,adjacent,400,30,16,132,FWD,E8,E9,E4,E5,-4.664000,211.392000,OK
0,6,adjacent,400,30,16,133,REV,E9,E8,E4,E5,-1.398000,219.931000,OK
0,6,adjacent,400,30,16,134,FWD,E8,E9,E5,E6,-37.969000,212.270000,OK
0,6,adjacent,400,30,16,135,REV,E9,E8,E5,E6,-33.359000,219.692000,OK
0,6,adjacent,400,30,16,136,FWD,E8,E9,E6,E7,10.477000,213.308000,OK
0,6,adjacent,400,30,16,137,REV,E9,E8,E6,E7,19.328000,219.692000,OK
0,6,adjacent,400,30,16,138,FWD,E8,E9,E10,E11,18.148000,214.425000,OK
0,6,adjacent,400,30,16,139,REV,E9,E8,E10,E11,31.094000,219.851000,OK
0,6,adjacent,400,30,16,140,FWD,E8,E9,E11,E12,1.695000,214.026000,OK
0,6,adjacent,400,30,16,141,REV,E9,E8,E11,E12,6.805000,220.330000,OK
0,6,adjacent,400,30,16,142,FWD,E8,E9,E12,E1,-14.578000,215.143000,OK
0,6,adjacent,400,30,16,143,REV,E9,E8,E12,E1,-11.133000,219.692000,OK
0,6,adjacent,400,30,16,144,FWD,E9,E10,E1,E2,-22.117000,95.123000,OK
0,6,adjacent,400,30,16,145,REV,E10,E9,E1,E2,-19.297000,258.395000,OK
0,6,adjacent,400,30,16,146,FWD,E9,E10,E2,E3,32.945000,216.579000,OK
0,6,adjacent,400,30,16,147,REV,E10,E9,E2,E3,35.805000,234.215000,OK
0,6,adjacent,400,30,16,148,FWD,E9,E10,E3,E4,6.602000,226.156000,OK
0,6,adjacent,400,30,16,149,REV,E10,E9,E3,E4,9.086000,230.704000,OK
0,6,adjacent,400,30,16,150,FWD,E9,E10,E4,E5,-5.328000,229.268000,OK
0,6,adjacent,400,30,16,151,REV,E10,E9,E4,E5,-2.750000,230.624000,OK
0,6,adjacent,400,30,16,152,FWD,E9,E10,E5,E6,-39.945000,229.986000,OK
0,6,adjacent,400,30,16,153,REV,E10,E9,E5,E6,-36.961000,230.465000,OK
0,6,adjacent,400,30,16,154,FWD,E9,E10,E6,E7,7.992000,230.704000,OK
0,6,adjacent,400,30,16,155,REV,E10,E9,E6,E7,12.563000,230.704000,OK
0,6,adjacent,400,30,16,156,FWD,E9,E10,E7,E8,29.008000,231.103000,OK
0,6,adjacent,400,30,16,157,REV,E10,E9,E7,E8,39.195000,230.784000,OK
0,6,adjacent,400,30,16,158,FWD,E9,E10,E11,E12,9.953000,231.183000,OK
0,6,adjacent,400,30,16,159,REV,E10,E9,E11,E12,24.133000,231.183000,OK
0,6,adjacent,400,30,16,160,FWD,E9,E10,E12,E1,-16.945000,232.220000,OK
0,6,adjacent,400,30,16,161,REV,E10,E9,E12,E1,-11.750000,231.023000,OK
0,6,adjacent,400,30,16,162,FWD,E10,E11,E1,E2,-21.961000,116.749000,OK
0,6,adjacent,400,30,16,163,REV,E11,E10,E1,E2,-17.273000,272.919000,OK
0,6,adjacent,400,30,16,164,FWD,E10,E11,E2,E3,32.555000,226.954000,OK
0,6,adjacent,400,30,16,165,REV,E11,E10,E2,E3,36.578000,247.223000,OK
0,6,adjacent,400,30,16,166,FWD,E10,E11,E3,E4,6.578000,236.370000,OK
0,6,adjacent,400,30,16,167,REV,E11,E10,E3,E4,9.633000,243.472000,OK
0,6,adjacent,400,30,16,168,FWD,E10,E11,E4,E5,-6.062000,238.764000,OK
0,6,adjacent,400,30,16,169,REV,E11,E10,E4,E5,-3.242000,243.313000,OK
0,6,adjacent,400,30,16,170,FWD,E10,E11,E5,E6,-41.859000,239.482000,OK
0,6,adjacent,400,30,16,171,REV,E11,E10,E5,E6,-39.016000,243.871000,OK
0,6,adjacent,400,30,16,172,FWD,E10,E11,E6,E7,7.250000,240.121000,OK
0,6,adjacent,400,30,16,173,REV,E11,E10,E6,E7,11.016000,243.392000,OK
0,6,adjacent,400,30,16,174,FWD,E10,E11,E7,E8,23.930000,241.078000,OK
0,6,adjacent,400,30,16,175,REV,E11,E10,E7,E8,30.148000,244.590000,OK
0,6,adjacent,400,30,16,176,FWD,E10,E11,E8,E9,41.266000,240.998000,OK
0,6,adjacent,400,30,16,177,REV,E11,E10,E8,E9,54.258000,243.951000,OK
0,6,adjacent,400,30,16,178,FWD,E10,E11,E12,E1,-15.258000,241.876000,OK
0,6,adjacent,400,30,16,179,REV,E11,E10,E12,E1,-2.477000,244.749000,OK
0,6,adjacent,400,30,16,180,FWD,E11,E12,E1,E2,-21.742000,88.579000,OK
0,6,adjacent,400,30,16,181,REV,E12,E11,E1,E2,-14.398000,257.597000,OK
0,6,adjacent,400,30,16,182,FWD,E11,E12,E2,E3,32.242000,220.091000,OK
0,6,adjacent,400,30,16,183,REV,E12,E11,E2,E3,37.438000,233.417000,OK
0,6,adjacent,400,30,16,184,FWD,E11,E12,E3,E4,6.812000,229.826000,OK
0,6,adjacent,400,30,16,185,REV,E12,E11,E3,E4,10.086000,231.183000,OK
0,6,adjacent,400,30,16,186,FWD,E11,E12,E4,E5,-6.359000,231.023000,OK
0,6,adjacent,400,30,16,187,REV,E12,E11,E4,E5,-3.742000,231.023000,OK
0,6,adjacent,400,30,16,188,FWD,E11,E12,E5,E6,-43.227000,232.939000,OK
0,6,adjacent,400,30,16,189,REV,E12,E11,E5,E6,-40.836000,231.183000,OK
0,6,adjacent,400,30,16,190,FWD,E11,E12,E6,E7,7.344000,233.417000,OK
0,6,adjacent,400,30,16,191,REV,E12,E11,E6,E7,10.086000,231.103000,OK
0,6,adjacent,400,30,16,192,FWD,E11,E12,E7,E8,21.953000,233.417000,OK
0,6,adjacent,400,30,16,193,REV,E12,E11,E7,E8,25.625000,231.662000,OK
0,6,adjacent,400,30,16,194,FWD,E11,E12,E8,E9,44.422000,234.056000,OK
0,6,adjacent,400,30,16,195,REV,E12,E11,E8,E9,49.805000,231.422000,OK
0,6,adjacent,400,30,16,196,FWD,E11,E12,E9,E10,-59.633000,234.056000,OK
0,6,adjacent,400,30,16,197,REV,E12,E11,E9,E10,-46.406000,232.540000,OK
0,6,adjacent,400,30,16,198,FWD,E12,E1,E2,E3,32.141000,100.868000,OK
0,6,adjacent,400,30,16,199,REV,E1,E12,E2,E3,41.070000,261.108000,OK
0,6,adjacent,400,30,16,200,FWD,E12,E1,E3,E4,6.352000,218.335000,OK
0,6,adjacent,400,30,16,201,REV,E1,E12,E3,E4,11.352000,234.535000,OK
0,6,adjacent,400,30,16,202,FWD,E12,E1,E4,E5,-7.016000,226.475000,OK
0,6,adjacent,400,30,16,203,REV,E1,E12,E4,E5,-3.602000,232.380000,OK
0,6,adjacent,400,30,16,204,FWD,E12,E1,E5,E6,-44.680000,228.390000,OK
0,6,adjacent,400,30,16,205,REV,E1,E12,E5,E6,-42.047000,231.821000,OK
0,6,adjacent,400,30,16,206,FWD,E12,E1,E6,E7,7.203000,229.028000,OK
0,6,adjacent,400,30,16,207,REV,E1,E12,E6,E7,9.914000,231.901000,OK
0,6,adjacent,400,30,16,208,FWD,E12,E1,E7,E8,20.344000,230.225000,OK
0,6,adjacent,400,30,16,209,REV,E1,E12,E7,E8,23.391000,232.220000,OK
0,6,adjacent,400,30,16,210,FWD,E12,E1,E8,E9,47.227000,229.986000,OK
0,6,adjacent,400,30,16,211,REV,E1,E12,E8,E9,51.070000,231.901000,OK
0,6,adjacent,400,30,16,212,FWD,E12,E1,E9,E10,-47.930000,230.704000,OK
0,6,adjacent,400,30,16,213,REV,E1,E12,E9,E10,-42.859000,232.460000,OK
0,6,adjacent,400,30,16,214,FWD,E12,E1,E10,E11,26.508000,230.864000,OK
0,6,adjacent,400,30,16,215,REV,E1,E12,E10,E11,36.859000,232.460000,OK
1,7,adjacent,400,30,16,0,FWD,E1,E2,E3,E4,7.016000,97.277000,OK
1,7,adjacent,400,30,16,1,REV,E2,E1,E3,E4,14.422000,268.450000,OK
1,7,adjacent,400,30,16,2,FWD,E1,E2,E4,E5,-7.766000,229.986000,OK
1,7,adjacent,400,30,16,3,REV,E2,E1,E4,E5,-2.859000,242.594000,OK
1,7,adjacent,400,30,16,4,FWD,E1,E2,E5,E6,-46.156000,240.360000,OK
1,7,adjacent,400,30,16,5,REV,E2,E1,E5,E6,-42.852000,239.003000,OK
1,7,adjacent,400,30,16,6,FWD,E1,E2,E6,E7,7.195000,242.275000,OK
1,7,adjacent,400,30,16,7,REV,E2,E1,E6,E7,10.063000,238.126000,OK
1,7,adjacent,400,30,16,8,FWD,E1,E2,E7,E8,19.039000,243.153000,OK
1,7,adjacent,400,30,16,9,REV,E2,E1,E7,E8,21.922000,238.126000,OK
1,7,adjacent,400,30,16,10,FWD,E1,E2,E8,E9,50.336000,242.914000,OK
1,7,adjacent,400,30,16,11,REV,E2,E1,E8,E9,53.500000,238.126000,OK
1,7,adjacent,400,30,16,12,FWD,E1,E2,E9,E10,-47.891000,243.871000,OK
1,7,adjacent,400,30,16,13,REV,E2,E1,E9,E10,-44.469000,237.647000,OK
1,7,adjacent,400,30,16,14,FWD,E1,E2,E10,E11,24.555000,243.472000,OK
1,7,adjacent,400,30,16,15,REV,E2,E1,E10,E11,29.703000,238.046000,OK
1,7,adjacent,400,30,16,16,FWD,E1,E2,E11,E12,1.180000,244.191000,OK
1,7,adjacent,400,30,16,17,REV,E2,E1,E11,E12,10.688000,238.365000,OK
1,7,adjacent,400,30,16,18,FWD,E2,E3,E4,E5,-8.453000,104.220000,OK
1,7,adjacent,400,30,16,19,REV,E3,E2,E4,E5,0.430000,279.542000,OK
1,7,adjacent,400,30,16,20,FWD,E2,E3,E5,E6,-48.188000,213.387000,OK
1,7,adjacent,400,30,16,21,REV,E3,E2,E5,E6,-42.867000,244.909000,OK
1,7,adjacent,400,30,16,22,FWD,E2,E3,E6,E7,6.586000,225.198000,OK
1,7,adjacent,400,30,16,23,REV,E3,E2,E6,E7,10.563000,239.402000,OK
1,7,adjacent,400,30,16,24,FWD,E2,E3,E7,E8,17.562000,228.151000,OK
1,7,adjacent,400,30,16,25,REV,E3,E2,E7,E8,20.961000,237.966000,OK
1,7,adjacent,400,30,16,26,FWD,E2,E3,E8,E9,53.008000,229.108000,OK
1,7,adjacent,400,30,16,27,REV,E3,E2,E8,E9,56.219000,237.647000,OK
1,7,adjacent,400,30,16,28,FWD,E2,E3,E9,E10,-49.164000,229.348000,OK
1,7,adjacent,400,30,16,29,REV,E3,E2,E9,E10,-46.219000,237.168000,OK
1,7,adjacent,400,30,16,30,FWD,E2,E3,E10,E11,22.000000,229.906000,OK
1,7,adjacent,400,30,16,31,REV,E3,E2,E10,E11,25.891000,237.008000,OK
1,7,adjacent,400,30,16,32,FWD,E2,E3,E11,E12,0.461000,229.268000,OK
1,7,adjacent,400,30,16,33,REV,E3,E2,E11,E12,6.031000,236.769000,OK
1,7,adjacent,400,30,16,34,FWD,E2,E3,E12,E1,0.672000,229.826000,OK
1,7,adjacent,400,30,16,35,REV,E3,E2,E12,E1,11.781000,236.849000,OK
1,7,adjacent,400,30,16,36,FWD,E3,E4,E1,E2,12.203000,82.514000,OK
1,7,adjacent,400,30,16,37,REV,E4,E3,E1,E2,9.539000,255.602000,OK
1,7,adjacent,400,30,16,38,FWD,E3,E4,E5,E6,-50.594000,206.764000,OK
1,7,adjacent,400,30,16,39,REV,E4,E3,E5,E6,-39.344000,227.831000,OK
1,7,adjacent,400,30,16,40,FWD,E3,E4,E6,E7,6.016000,217.138000,OK
1,7,adjacent,400,30,16,41,REV,E4,E3,E6,E7,11.297000,224.081000,OK
1,7,adjacent,400,30,16,42,FWD,E3,E4,E7,E8,16.461000,220.250000,OK
1,7,adjacent,400,30,16,43,REV,E4,E3,E7,E8,20.094000,223.522000,OK
1,7,adjacent,400,30,16,44,FWD,E3,E4,E8,E9,56.211000,221.048000,OK
1,7,adjacent,400,30,16,45,REV,E4,E3,E8,E9,59.203000,223.283000,OK
1,7,adjacent,400,30,16,46,FWD,E3,E4,E9,E10,-50.484000,222.325000,OK
1,7,adjacent,400,30,16,47,REV,E4,E3,E9,E10,-48.164000,223.841000,OK
1,7,adjacent,400,30,16,48,FWD,E3,E4,E10,E11,20.734000,222.405000,OK
1,7,adjacent,400,30,16,49,REV,E4,E3,E10,E11,23.430000,223.841000,OK
1,7,adjacent,400,30,16,50,FWD,E3,E4,E11,E12,1.031000,223.203000,OK
1,7,adjacent,400,30,16,51,REV,E4,E3,E11,E12,4.281000,224.081000,OK
1,7,adjacent,400,30,16,52,FWD,E3,E4,E12,E1,-2.156000,223.442000,OK
1,7,adjacent,400,30,16,53,REV,E4,E3,E12,E1,2.672000,224.081000,OK
1,7,adjacent,400,30,16,54,FWD,E4,E5,E1,E2,-20.445000,97.118000,OK
1,7,adjacent,400,30,16,55,REV,E5,E4,E1,E2,-16.812000,267.652000,OK
1,7,adjacent,400,30,16,56,FWD,E4,E5,E2,E3,52.109000,219.133000,OK
1,7,adjacent,400,30,16,57,REV,E5,E4,E2,E3,57.625000,238.844000,OK
1,7,adjacent,400,30,16,58,FWD,E4,E5,E6,E7,3.375000,229.587000,OK
1,7,adjacent,400,30,16,59,REV,E5,E4,E6,E7,14.180000,236.051000,OK
1,7,adjacent,400,30,16,60,FWD,E4,E5,E7,E8,14.523000,231.821000,OK
1,7,adjacent,400,30,16,61,REV,E5,E4,E7,E8,20.117000,234.854000,OK
1,7,adjacent,400,30,16,62,FWD,E4,E5,E8,E9,58.727000,232.540000,OK
1,7,adjacent,400,30,16,63,REV,E5,E4,E8,E9,62.508000,235.333000,OK
1,7,adjacent,400,30,16,64,FWD,E4,E5,E9,E10,-52.250000,233.737000,OK
1,7,adjacent,400,30,16,65,REV,E5,E4,E9,E10,-49.695000,235.253000,OK
1,7,adjacent,400,30,16,66,FWD,E4,E5,E10,E11,19.547000,233.497000,OK
1,7,adjacent,400,30,16,67,REV,E5,E4,E10,E11,22.187000,236.051000,OK
1,7,adjacent,400,30,16,68,FWD,E4,E5,E11,E12,1.117000,234.535000,OK
1,7,adjacent,400,30,16,69,REV,E5,E4,E11,E12,3.891000,235.732000,OK
1,7,adjacent,400,30,16,70,FWD,E4,E5,E12,E1,-5.086000,234.854000,OK
1,7,adjacent,400,30,16,71,REV,E5,E4,E12,E1,-1.633000,236.689000,OK
1,7,adjacent,400,30,16,72,FWD,E5,E6,E1,E2,-23.219000,114.195000,OK
1,7,adjacent,400,30,16,73,REV,E6,E5,E1,E2,-20.078000,282.176000,OK
1,7,adjacent,400,30,16,74,FWD,E5,E6,E2,E3,34.164000,242.594000,OK
1,7,adjacent,400,30,16,75,REV,E6,E5,E2,E3,39.891000,255.522000,OK
1,7,adjacent,400,30,16,76,FWD,E5,E6,E3,E4,15.570000,253.288000,OK
1,7,adjacent,400,30,16,77,REV,E6,E5,E3,E4,26.094000,251.692000,OK
1,7,adjacent,400,30,16,78,FWD,E5,E6,E7,E8,10.664000,255.841000,OK
1,7,adjacent,400,30,16,79,REV,E6,E5,E7,E8,22.922000,250.575000,OK
1,7,adjacent,400,30,16,80,FWD,E5,E6,E8,E9,60.328000,256.320000,OK
1,7,adjacent,400,30,16,81,REV,E6,E5,E8,E9,66.531000,249.936000,OK
1,7,adjacent,400,30,16,82,FWD,E5,E6,E9,E10,-54.281000,256.719000,OK
1,7,adjacent,400,30,16,83,REV,E6,E5,E9,E10,-50.695000,250.814000,OK
1,7,adjacent,400,30,16,84,FWD,E5,E6,E10,E11,18.484000,257.358000,OK
1,7,adjacent,400,30,16,85,REV,E6,E5,E10,E11,21.742000,250.096000,OK
1,7,adjacent,400,30,16,86,FWD,E5,E6,E11,E12,1.062000,257.757000,OK
1,7,adjacent,400,30,16,87,REV,E6,E5,E11,E12,4.008000,250.894000,OK
1,7,adjacent,400,30,16,88,FWD,E5,E6,E12,E1,-7.672000,257.278000,OK
1,7,adjacent,400,30,16,89,REV,E6,E5,E12,E1,-4.500000,250.415000,OK
1,7,adjacent,400,30,16,90,FWD,E6,E7,E1,E2,-23.719000,135.422000,OK
1,7,adjacent,400,30,16,91,REV,E7,E6,E1,E2,-20.625000,314.655000,OK
1,7,adjacent,400,30,16,92,FWD,E6,E7,E2,E3,32.516000,251.053000,OK
1,7,adjacent,400,30,16,93,REV,E7,E6,E2,E3,37.336000,278.345000,OK
1,7,adjacent,400,30,16,94,FWD,E6,E7,E3,E4,5.180000,265.098000,OK
1,7,adjacent,400,30,16,95,REV,E7,E6,E3,E4,12.109000,272.839000,OK
1,7,adjacent,400,30,16,96,FWD,E6,E7,E4,E5,2.453000,268.051000,OK
1,7,adjacent,400,30,16,97,REV,E7,E6,E4,E5,14.969000,271.163000,OK
1,7,adjacent,400,30,16,98,FWD,E6,E7,E8,E9,59.570000,268.450000,OK
1,7,adjacent,400,30,16,99,REV,E7,E6,E8,E9,72.555000,271.163000,OK
1,7,adjacent,400,30,16,100,FWD,E6,E7,E9,E10,-56.938000,268.769000,OK
1,7,adjacent,400,30,16,101,REV,E7,E6,E9,E10,-51.031000,269.647000,OK
1,7,adjacent,400,30,16,102,FWD,E6,E7,E10,E11,17.227000,268.929000,OK
1,7,adjacent,400,30,16,103,REV,E7,E6,E10,E11,21.820000,270.285000,OK
1,7,adjacent,400,30,16,104,FWD,E6,E7,E11,E12,0.758000,268.769000,OK
1,7,adjacent,400,30,16,105,REV,E7,E6,E11,E12,4.359000,270.285000,OK
1,7,adjacent,400,30,16,106,FWD,E6,E7,E12,E1,-10.305000,268.849000,OK
1,7,adjacent,400,30,16,107,REV,E7,E6,E12,E1,-6.797000,270.126000,OK
1,7,adjacent,400,30,16,108,FWD,E7,E8,E1,E2,-23.352000,105.656000,OK
1,7,adjacent,400,30,16,109,REV,E8,E7,E1,E2,-20.602000,291.512000,OK
1,7,adjacent,400,30,16,110,FWD,E7,E8,E2,E3,32.594000,229.667000,OK
1,7,adjacent,400,30,16,111,REV,E8,E7,E2,E3,36.234000,255.762000,OK
1,7,adjacent,400,30,16,112,FWD,E7,E8,E3,E4,5.586000,242.674000,OK
1,7,adjacent,400,30,16,113,REV,E8,E7,E3,E4,9.953000,251.053000,OK
1,7,adjacent,400,30,16,114,FWD,E7,E8,E4,E5,-3.930000,245.308000,OK
1,7,adjacent,400,30,16,115,REV,E8,E7,E4,E5,2.227000,250.096000,OK
1,7,adjacent,400,30,16,116,FWD,E7,E8,E5,E6,-34.422000,246.824000,OK
1,7,adjacent,400,30,16,117,REV,E8,E7,E5,E6,-23.359000,249.298000,OK
1,7,adjacent,400,30,16,118,FWD,E7,E8,E9,E10,-60.984000,246.904000,OK
1,7,adjacent,400,30,16,119,REV,E8,E7,E9,E10,-48.664000,249.537000,OK
1,7,adjacent,400,30,16,120,FWD,E7,E8,E10,E11,15.688000,247.542000,OK
1,7,adjacent,400,30,16,121,REV,E8,E7,E10,E11,22.547000,249.298000,OK
1,7,adjacent,400,30,16,122,FWD,E7,E8,E11,E12,0.484000,247.063000,OK
1,7,adjacent,400,30,16,123,REV,E8,E7,E11,E12,4.859000,249.298000,OK
1,7,adjacent,400,30,16,124,FWD,E7,E8,E12,E1,-12.508000,247.383000,OK
1,7,adjacent,400,30,16,125,REV,E8,E7,E12,E1,-8.922000,248.659000,OK
1,7,adjacent,400,30,16,126,FWD,E8,E9,E1,E2,-22.625000,70.544000,OK
1,7,adjacent,400,30,16,127,REV,E9,E8,E1,E2,-20.367000,259.432000,OK
1,7,adjacent,400,30,16,128,FWD,E8,E9,E2,E3,33.078000,197.507000,OK
1,7,adjacent,400,30,16,129,REV,E9,E8,E2,E3,35.750000,225.357000,OK
1,7,adjacent,400,30,16,130,FWD,E8,E9,E3,E4,6.320000,208.280000,OK
1,7,adjacent,400,30,16,131,REV,E9,E8,E3,E4,9.023000,221.288000,OK
1,7,adjacent,400,30,16,132,FWD,E8,E9,E4,E5,-4.742000,211.472000,OK
1,7,adjacent,400,30,16,133,REV,E9,E8,E4,E5,-1.469000,220.410000,OK
1,7,adjacent,400,30,16,134,FWD,E8,E9,E5,E6,-37.898000,212.510000,OK
1,7,adjacent,400,30,16,135,REV,E9,E8,E5,E6,-33.281000,219.692000,OK
1,7,adjacent,400,30,16,136,FWD,E8,E9,E6,E7,10.680000,213.467000,OK
1,7,adjacent,400,30,16,137,REV,E9,E8,E6,E7,19.547000,219.851000,OK
1,7,adjacent,400,30,16,138,FWD,E8,E9,E10,E11,17.945000,213.946000,OK
1,7,adjacent,400,30,16,139,REV,E9,E8,E10,E11,30.867000,219.452000,OK
1,7,adjacent,400,30,16,140,FWD,E8,E9,E11,E12,1.023000,214.824000,OK
1,7,adjacent,400,30,16,141,REV,E9,E8,E11,E12,6.172000,220.091000,OK
1,7,adjacent,400,30,16,142,FWD,E8,E9,E12,E1,-14.375000,215.143000,OK
1,7,adjacent,400,30,16,143,REV,E9,E8,E12,E1,-10.922000,220.490000,OK
1,7,adjacent,400,30,16,144,FWD,E9,E10,E1,E2,-22.258000,95.282000,OK
1,7,adjacent,400,30,16,145,REV,E10,E9,E1,E2,-19.508000,258.794000,OK
1,7,adjacent,400,30,16,146,FWD,E9,E10,E2,E3,33.102000,217.537000,OK
1,7,adjacent,400,30,16,147,REV,E10,E9,E2,E3,35.945000,233.976000,OK
1,7,adjacent,400,30,16,148,FWD,E9,E10,E3,E4,6.656000,226.315000,OK
1,7,adjacent,400,30,16,149,REV,E10,E9,E3,E4,9.133000,231.343000,OK
1,7,adjacent,400,30,16,150,FWD,E9,E10,E4,E5,-5.391000,228.709000,OK
1,7,adjacent,400,30,16,151,REV,E10,E9,E4,E5,-2.820000,230.225000,OK
1,7,adjacent,400,30,16,152,FWD,E9,E10,E5,E6,-39.883000,230.305000,OK
1,7,adjacent,400,30,16,153,REV,E10,E9,E5,E6,-36.859000,230.624000,OK
1,7,adjacent,400,30,16,154,FWD,E9,E10,E6,E7,8.180000,230.305000,OK
1,7,adjacent,400,30,16,155,REV,E10,E9,E6,E7,12.836000,230.225000,OK
1,7,adjacent,400,30,16,156,FWD,E9,E10,E7,E8,29.187000,231.422000,OK
1,7,adjacent,400,30,16,157,REV,E10,E9,E7,E8,39.414000,230.385000,OK
1,7,adjacent,400,30,16,158,FWD,E9,E10,E11,E12,9.305000,231.742000,OK
1,7,adjacent,400,30,16,159,REV,E10,E9,E11,E12,23.414000,231.103000,OK
1,7,adjacent,400,30,16,160,FWD,E9,E10,E12,E1,-16.680000,231.742000,OK
1,7,adjacent,400,30,16,161,REV,E10,E9,E12,E1,-11.477000,231.183000,OK
1,7,adjacent,400,30,16,162,FWD,E10,E11,E1,E2,-22.234000,116.828000,OK
1,7,adjacent,400,30,16,163,REV,E11,E10,E1,E2,-17.625000,272.679000,OK
1,7,adjacent,400,30,16,164,FWD,E10,E11,E2,E3,32.727000,227.113000,OK
1,7,adjacent,400,30,16,165,REV,E11,E10,E2,E3,36.734000,247.462000,OK
1,7,adjacent,400,30,16,166,FWD,E10,E11,E3,E4,6.656000,236.849000,OK
1,7,adjacent,400,30,16,167,REV,E11,E10,E3,E4,9.688000,244.829000,OK
1,7,adjacent,400,30,16,168,FWD,E10,E11,E4,E5,-6.164000,239.003000,OK
1,7,adjacent,400,30,16,169,REV,E11,E10,E4,E5,-3.367000,244.270000,OK
1,7,adjacent,400,30,16,170,FWD,E10,E11,E5,E6,-41.797000,239.801000,OK
1,7,adjacent,400,30,16,171,REV,E11,E10,E5,E6,-38.930000,244.829000,OK
1,7,adjacent,400,30,16,172,FWD,E10,E11,E6,E7,7.406000,240.759000,OK
1,7,adjacent,400,30,16,173,REV,E11,E10,E6,E7,11.211000,243.951000,OK
1,7,adjacent,400,30,16,174,FWD,E10,E11,E7,E8,24.125000,241.238000,OK
1,7,adjacent,400,30,16,175,REV,E11,E10,E7,E8,30.352000,244.909000,OK
1,7,adjacent,400,30,16,176,FWD,E10,E11,E8,E9,41.352000,241.557000,OK
1,7,adjacent,400,30,16,177,REV,E11,E10,E8,E9,54.414000,244.669000,OK
1,7,adjacent,400,30,16,178,FWD,E10,E11,E12,E1,-14.813000,241.876000,OK
1,7,adjacent,400,30,16,179,REV,E11,E10,E12,E1,-2.023000,244.669000,OK
1,7,adjacent,400,30,16,180,FWD,E11,E12,E1,E2,-22.164000,88.978000,OK
1,7,adjacent,400,30,16,181,REV,E12,E11,E1,E2,-14.711000,257.278000,OK
1,7,adjacent,400,30,16,182,FWD,E11,E12,E2,E3,32.422000,219.452000,OK
1,7,adjacent,400,30,16,183,REV,E12,E11,E2,E3,37.633000,233.178000,OK
1,7,adjacent,400,30,16,184,FWD,E11,E12,E3,E4,6.875000,228.869000,OK
1,7,adjacent,400,30,16,185,REV,E12,E11,E3,E4,10.164000,230.864000,OK
1,7,adjacent,400,30,16,186,FWD,E11,E12,E4,E5,-6.500000,231.023000,OK
1,7,adjacent,400,30,16,187,REV,E12,E11,E4,E5,-3.836000,230.704000,OK
1,7,adjacent,400,30,16,188,FWD,E11,E12,E5,E6,-43.156000,232.380000,OK
1,7,adjacent,400,30,16,189,REV,E12,E11,E5,E6,-40.781000,231.183000,OK
1,7,adjacent,400,30,16,190,FWD,E11,E12,E6,E7,7.516000,232.699000,OK
1,7,adjacent,400,30,16,191,REV,E12,E11,E6,E7,10.258000,230.864000,OK
1,7,adjacent,400,30,16,192,FWD,E11,E12,E7,E8,22.195000,233.178000,OK
1,7,adjacent,400,30,16,193,REV,E12,E11,E7,E8,25.859000,232.141000,OK
1,7,adjacent,400,30,16,194,FWD,E11,E12,E8,E9,44.578000,233.657000,OK
1,7,adjacent,400,30,16,195,REV,E12,E11,E8,E9,50.016000,231.422000,OK
1,7,adjacent,400,30,16,196,FWD,E11,E12,E9,E10,-59.773000,234.375000,OK
1,7,adjacent,400,30,16,197,REV,E12,E11,E9,E10,-46.594000,231.981000,OK
1,7,adjacent,400,30,16,198,FWD,E12,E1,E2,E3,32.273000,101.108000,OK
1,7,adjacent,400,30,16,199,REV,E1,E12,E2,E3,41.250000,261.667000,OK
1,7,adjacent,400,30,16,200,FWD,E12,E1,E3,E4,6.445000,218.734000,OK
1,7,adjacent,400,30,16,201,REV,E1,E12,E3,E4,11.414000,235.253000,OK
1,7,adjacent,400,30,16,202,FWD,E12,E1,E4,E5,-7.148000,227.831000,OK
1,7,adjacent,400,30,16,203,REV,E1,E12,E4,E5,-3.711000,232.619000,OK
1,7,adjacent,400,30,16,204,FWD,E12,E1,E5,E6,-44.648000,228.629000,OK
1,7,adjacent,400,30,16,205,REV,E1,E12,E5,E6,-41.977000,232.619000,OK
1,7,adjacent,400,30,16,206,FWD,E12,E1,E6,E7,7.359000,230.146000,OK
1,7,adjacent,400,30,16,207,REV,E1,E12,E6,E7,10.109000,231.742000,OK
1,7,adjacent,400,30,16,208,FWD,E12,E1,E7,E8,20.617000,230.624000,OK
1,7,adjacent,400,30,16,209,REV,E1,E12,E7,E8,23.687000,232.460000,OK
1,7,adjacent,400,30,16,210,FWD,E12,E1,E8,E9,47.352000,230.465000,OK
1,7,adjacent,400,30,16,211,REV,E1,E12,E8,E9,51.227000,232.460000,OK
1,7,adjacent,400,30,16,212,FWD,E12,E1,E9,E10,-48.125000,230.225000,OK
1,7,adjacent,400,30,16,213,REV,E1,E12,E9,E10,-43.063000,232.380000,OK
1,7,adjacent,400,30,16,214,FWD,E12,E1,E10,E11,26.117000,230.944000,OK
1,7,adjacent,400,30,16,215,REV,E1,E12,E10,E11,36.430000,232.859000,OK
2,8,adjacent,400,30,16,0,FWD,E1,E2,E3,E4,7.086000,96.958000,OK
2,8,adjacent,400,30,16,1,REV,E2,E1,E3,E4,14.492000,268.849000,OK
2,8,adjacent,400,30,16,2,FWD,E1,E2,E4,E5,-7.906000,230.704000,OK
2,8,adjacent,400,30,16,3,REV,E2,E1,E4,E5,-3.031000,241.717000,OK
2,8,adjacent,400,30,16,4,FWD,E1,E2,E5,E6,-46.125000,240.280000,OK
2,8,adjacent,400,30,16,5,REV,E2,E1,E5,E6,-42.789000,239.083000,OK
2,8,adjacent,400,30,16,6,FWD,E1,E2,E6,E7,7.336000,241.956000,OK
2,8,adjacent,400,30,16,7,REV,E2,E1,E6,E7,10.234000,237.966000,OK
2,8,adjacent,400,30,16,8,FWD,E1,E2,E7,E8,19.328000,242.993000,OK
2,8,adjacent,400,30,16,9,REV,E2,E1,E7,E8,22.227000,237.727000,OK
2,8,adjacent,400,30,16,10,FWD,E1,E2,E8,E9,50.492000,243.791000,OK
2,8,adjacent,400,30,16,11,REV,E2,E1,E8,E9,53.688000,238.126000,OK
2,8,adjacent,400,30,16,12,FWD,E1,E2,E9,E10,-48.086000,243.791000,OK
2,8,adjacent,400,30,16,13,REV,E2,E1,E9,E10,-44.680000,237.727000,OK
2,8,adjacent,400,30,16,14,FWD,E1,E2,E10,E11,24.164000,244.669000,OK
2,8,adjacent,400,30,16,15,REV,E2,E1,E10,E11,29.336000,238.844000,OK
2,8,adjacent,400,30,16,16,FWD,E1,E2,E11,E12,1.234000,244.350000,OK
2,8,adjacent,400,30,16,17,REV,E2,E1,E11,E12,10.789000,238.205000,OK
2,8,adjacent,400,30,16,18,FWD,E2,E3,E4,E5,-8.523000,103.980000,OK
2,8,adjacent,400,30,16,19,REV,E3,E2,E4,E5,0.375000,280.021000,OK
2,8,adjacent,400,30,16,20,FWD,E2,E3,E5,E6,-48.195000,213.946000,OK
2,8,adjacent,400,30,16,21,REV,E3,E2,E5,E6,-42.867000,244.031000,OK
2,8,adjacent,400,30,16,22,FWD,E2,E3,E6,E7,6.766000,225.278000,OK
2,8,adjacent,400,30,16,23,REV,E3,E2,E6,E7,10.734000,239.722000,OK
2,8,adjacent,400,30,16,24,FWD,E2,E3,E7,E8,17.906000,227.831000,OK
2,8,adjacent,400,30,16,25,REV,E3,E2,E7,E8,21.258000,237.328000,OK
2,8,adjacent,400,30,16,26,FWD,E2,E3,E8,E9,53.172000,228.470000,OK
2,8,adjacent,400,30,16,27,REV,E3,E2,E8,E9,56.430000,237.647000,OK
2,8,adjacent,400,30,16,28,FWD,E2,E3,E9,E10,-49.391000,228.949000,OK
2,8,adjacent,400,30,16,29,REV,E3,E2,E9,E10,-46.422000,237.088000,OK
2,8,adjacent,400,30,16,30,FWD,E2,E3,E10,E11,21.672000,229.348000,OK
2,8,adjacent,400,30,16,31,REV,E3,E2,E10,E11,25.586000,236.210000,OK
2,8,adjacent,400,30,16,32,FWD,E2,E3,E11,E12,0.492000,229.507000,OK
2,8,adjacent,400,30,16,33,REV,E3,E2,E11,E12,6.062000,236.929000,OK
2,8,adjacent,400,30,16,34,FWD,E2,E3,E12,E1,0.789000,229.906000,OK
2,8,adjacent,400,30,16,35,REV,E3,E2,E12,E1,11.867000,237.567000,OK
2,8,adjacent,400,30,16,36,FWD,E3,E4,E1,E2,11.922000,82.833000,OK
2,8,adjacent,400,30,16,37,REV,E4,E3,E1,E2,9.258000,255.762000,OK
2,8,adjacent,400,30,16,38,FWD,E3,E4,E5,E6,-50.570000,207.243000,OK
2,8,adjacent,400,30,16,39,REV,E4,E3,E5,E6,-39.352000,228.629000,OK
2,8,adjacent,400,30,16,40,FWD,E3,E4,E6,E7,6.180000,218.175000,OK
2,8,adjacent,400,30,16,41,REV,E4,E3,E6,E7,11.414000,224.639000,OK
2,8,adjacent,400,30,16,42,FWD,E3,E4,E7,E8,16.750000,220.569000,OK
2,8,adjacent,400,30,16,43,REV,E4,E3,E7,E8,20.391000,223.682000,OK
2,8,adjacent,400,30,16,44,FWD,E3,E4,E8,E9,56.422000,221.128000,OK
2,8,adjacent,400,30,16,45,REV,E4,E3,E8,E9,59.438000,223.761000,OK
2,8,adjacent,400,30,16,46,FWD,E3,E4,E9,E10,-50.766000,221.926000,OK
2,8,adjacent,400,30,16,47,REV,E4,E3,E9,E10,-48.445000,224.001000,OK
2,8,adjacent,400,30,16,48,FWD,E3,E4,E10,E11,20.422000,222.963000,OK
2,8,adjacent,400,30,16,49,REV,E4,E3,E10,E11,23.125000,223.522000,OK
2,8,adjacent,400,30,16,50,FWD,E3,E4,E11,E12,1.070000,222.724000,OK
2,8,adjacent,400,30,16,51,REV,E4,E3,E11,E12,4.281000,223.841000,OK
2,8,adjacent,400,30,16,52,FWD,E3,E4,E12,E1,-1.977000,223.362000,OK
2,8,adjacent,400,30,16,53,REV,E4,E3,E12,E1,2.805000,223.841000,OK
2,8,adjacent,400,30,16,54,FWD,E4,E5,E1,E2,-20.727000,96.958000,OK
2,8,adjacent,400,30,16,55,REV,E5,E4,E1,E2,-17.125000,267.093000,OK
2,8,adjacent,400,30,16,56,FWD,E4,E5,E2,E3,52.305000,219.771000,OK
2,8,adjacent,400,30,16,57,REV,E5,E4,E2,E3,57.797000,238.445000,OK
2,8,adjacent,400,30,16,58,FWD,E4,E5,E6,E7,3.453000,229.587000,OK
2,8,adjacent,400,30,16,59,REV,E5,E4,E6,E7,14.281000,236.290000,OK
2,8,adjacent,400,30,16,60,FWD,E4,E5,E7,E8,14.875000,232.061000,OK
2,8,adjacent,400,30,16,61,REV,E5,E4,E7,E8,20.367000,235.572000,OK
2,8,adjacent,400,30,16,62,FWD,E4,E5,E8,E9,58.953000,232.939000,OK
2,8,adjacent,400,30,16,63,REV,E5,E4,E8,E9,62.750000,235.652000,OK
2,8,adjacent,400,30,16,64,FWD,E4,E5,E9,E10,-52.547000,234.295000,OK
2,8,adjacent,400,30,16,65,REV,E5,E4,E9,E10,-49.984000,235.652000,OK
2,8,adjacent,400,30,16,66,FWD,E4,E5,E10,E11,19.273000,234.136000,OK
2,8,adjacent,400,30,16,67,REV,E5,E4,E10,E11,21.937000,235.891000,OK
2,8,adjacent,400,30,16,68,FWD,E4,E5,E11,E12,1.102000,234.854000,OK
2,8,adjacent,400,30,16,69,REV,E5,E4,E11,E12,3.883000,235.891000,OK
2,8,adjacent,400,30,16,70,FWD,E4,E5,E12,E1,-5.008000,234.854000,OK
2,8,adjacent,400,30,16,71,REV,E5,E4,E12,E1,-1.492000,235.971000,OK
2,8,adjacent,400,30,16,72,FWD,E5,E6,E1,E2,-23.477000,114.115000,OK
2,8,adjacent,400,30,16,73,REV,E6,E5,E1,E2,-20.367000,282.894000,OK
2,8,adjacent,400,30,16,74,FWD,E5,E6,E2,E3,34.250000,241.796000,OK
2,8,adjacent,400,30,16,75,REV,E6,E5,E2,E3,40.008000,254.964000,OK
2,8,adjacent,400,30,16,76,FWD,E5,E6,E3,E4,15.453000,253.527000,OK
2,8,adjacent,400,30,16,77,REV,E6,E5,E3,E4,26.031000,251.532000,OK
2,8,adjacent,400,30,16,78,FWD,E5,E6,E7,E8,10.906000,255.283000,OK
2,8,adjacent,400,30,16,79,REV,E6,E5,E7,E8,23.172000,250.734000,OK
2,8,adjacent,400,30,16,80,FWD,E5,E6,E8,E9,60.586000,256.480000,OK
2,8,adjacent,400,30,16,81,REV,E6,E5,E8,E9,66.766000,250.654000,OK
2,8,adjacent,400,30,16,82,FWD,E5,E6,E9,E10,-54.625000,257.118000,OK
2,8,adjacent,400,30,16,83,REV,E6,E5,E9,E10,-51.000000,250.894000,OK
2,8,adjacent,400,30,16,84,FWD,E5,E6,E10,E11,18.242000,258.076000,OK
2,8,adjacent,400,30,16,85,REV,E6,E5,E10,E11,21.516000,251.373000,OK
2,8,adjacent,400,30,16,86,FWD,E5,E6,E11,E12,1.039000,258.235000,OK
2,8,adjacent,400,30,16,87,REV,E6,E5,E11,E12,3.945000,251.053000,OK
2,8,adjacent,400,30,16,88,FWD,E5,E6,E12,E1,-7.711000,257.996000,OK
2,8,adjacent,400,30,16,89,REV,E6,E5,E12,E1,-4.516000,251.612000,OK
2,8,adjacent,400,30,16,90,FWD,E6,E7,E1,E2,-23.914000,135.661000,OK
2,8,adjacent,400,30,16,91,REV,E7,E6,E1,E2,-20.781000,314.415000,OK
2,8,adjacent,400,30,16,92,FWD,E6,E7,E2,E3,32.664000,251.692000,OK
2,8,adjacent,400,30,16,93,REV,E7,E6,E2,E3,37.383000,278.186000,OK
2,8,adjacent,400,30,16,94,FWD,E6,E7,E3,E4,5.117000,264.540000,OK
2,8,adjacent,400,30,16,95,REV,E7,E6,E3,E4,12.102000,272.839000,OK
2,8,adjacent,400,30,16,96,FWD,E6,E7,E4,E5,2.422000,267.812000,OK
2,8,adjacent,400,30,16,97,REV,E7,E6,E4,E5,15.023000,271.323000,OK
2,8,adjacent,400,30,16,98,FWD,E6,E7,E8,E9,59.789000,268.610000,OK
2,8,adjacent,400,30,16,99,REV,E7,E6,E8,E9,72.906000,271.083000,OK
2,8,adjacent,400,30,16,100,FWD,E6,E7,E9,E10,-57.305000,268.530000,OK
2,8,adjacent,400,30,16,101,REV,E7,E6,E9,E10,-51.336000,271.004000,OK
2,8,adjacent,400,30,16,102,FWD,E6,E7,E10,E11,17.016000,268.530000,OK
2,8,adjacent,400,30,16,103,REV,E7,E6,E10,E11,21.625000,270.285000,OK
2,8,adjacent,400,30,16,104,FWD,E6,E7,E11,E12,0.695000,269.567000,OK
2,8,adjacent,400,30,16,105,REV,E7,E6,E11,E12,4.297000,270.924000,OK
2,8,adjacent,400,30,16,106,FWD,E6,E7,E12,E1,-10.352000,269.248000,OK
2,8,adjacent,400,30,16,107,REV,E7,E6,E12,E1,-6.883000,270.525000,OK
2,8,adjacent,400,30,16,108,FWD,E7,E8,E1,E2,-23.453000,106.534000,OK
2,8,adjacent,400,30,16,109,REV,E8,E7,E1,E2,-20.727000,292.630000,OK
2,8,adjacent,400,30,16,110,FWD,E7,E8,E2,E3,32.688000,230.305000,OK
2,8,adjacent,400,30,16,111,REV,E8,E7,E2,E3,36.352000,256.719000,OK
2,8,adjacent,400,30,16,112,FWD,E7,E8,E3,E4,5.531000,243.313000,OK
2,8,adjacent,400,30,16,113,REV,E8,E7,E3,E4,9.875000,251.373000,OK
2,8,adjacent,400,30,16,114,FWD,E7,E8,E4,E5,-3.875000,245.946000,OK
2,8,adjacent,400,30,16,115,REV,E8,E7,E4,E5,2.273000,250.096000,OK
2,8,adjacent,400,30,16,116,FWD,E7,E8,E5,E6,-34.398000,246.744000,OK
2,8,adjacent,400,30,16,117,REV,E8,E7,E5,E6,-23.242000,249.777000,OK
2,8,adjacent,400,30,16,118,FWD,E7,E8,E9,E10,-61.328000,246.744000,OK
2,8,adjacent,400,30,16,119,REV,E8,E7,E9,E10,-48.953000,249.138000,OK
2,8,adjacent,400,30,16,120,FWD,E7,E8,E10,E11,15.547000,246.984000,OK
2,8,adjacent,400,30,16,121,REV,E8,E7,E10,E11,22.406000,249.697000,OK
2,8,adjacent,400,30,16,122,FWD,E7,E8,E11,E12,0.375000,246.984000,OK
2,8,adjacent,400,30,16,123,REV,E8,E7,E11,E12,4.711000,249.617000,OK
2,8,adjacent,400,30,16,124,FWD,E7,E8,E12,E1,-12.633000,247.542000,OK
2,8,adjacent,400,30,16,125,REV,E8,E7,E12,E1,-9.070000,249.537000,OK
2,8,adjacent,400,30,16,126,FWD,E8,E9,E1,E2,-22.664000,70.544000,OK
2,8,adjacent,400,30,16,127,REV,E9,E8,E1,E2,-20.414000,259.672000,OK
2,8,adjacent,400,30,16,128,FWD,E8,E9,E2,E3,33.148000,197.667000,OK
2,8,adjacent,400,30,16,129,REV,E9,E8,E2,E3,35.836000,226.634000,OK
2,8,adjacent,400,30,16,130,FWD,E8,E9,E3,E4,6.289000,209.397000,OK
2,8,adjacent,400,30,16,131,REV,E9,E8,E3,E4,9.039000,222.006000,OK
2,8,adjacent,400,30,16,132,FWD,E8,E9,E4,E5,-4.687000,212.190000,OK
2,8,adjacent,400,30,16,133,REV,E9,E8,E4,E5,-1.430000,221.048000,OK
2,8,adjacent,400,30,16,134,FWD,E8,E9,E5,E6,-37.766000,213.467000,OK
2,8,adjacent,400,30,16,135,REV,E9,E8,E5,E6,-33.148000,220.490000,OK
2,8,adjacent,400,30,16,136,FWD,E8,E9,E6,E7,10.773000,214.505000,OK
2,8,adjacent,400,30,16,137,REV,E9,E8,E6,E7,19.664000,220.569000,OK
2,8,adjacent,400,30,16,138,FWD,E8,E9,E10,E11,17.805000,214.505000,OK
2,8,adjacent,400,30,16,139,REV,E9,E8,E10,E11,30.773000,220.250000,OK
2,8,adjacent,400,30,16,140,FWD,E8,E9,E11,E12,0.867000,215.143000,OK
2,8,adjacent,400,30,16,141,REV,E9,E8,E11,E12,6.000000,220.250000,OK
2,8,adjacent,400,30,16,142,FWD,E8,E9,E12,E1,-14.648000,214.983000,OK
2,8,adjacent,400,30,16,143,REV,E9,E8,E12,E1,-11.164000,220.170000,OK
2,8,adjacent,400,30,16,144,FWD,E9,E10,E1,E2,-22.258000,94.564000,OK
2,8,adjacent,400,30,16,145,REV,E10,E9,E1,E2,-19.406000,259.033000,OK
2,8,adjacent,400,30,16,146,FWD,E9,E10,E2,E3,33.203000,216.899000,OK
2,8,adjacent,400,30,16,147,REV,E10,E9,E2,E3,36.023000,233.737000,OK
2,8,adjacent,400,30,16,148,FWD,E9,E10,E3,E4,6.625000,226.714000,OK
2,8,adjacent,400,30,16,149,REV,E10,E9,E3,E4,9.109000,231.502000,OK
2,8,adjacent,400,30,16,150,FWD,E9,E10,E4,E5,-5.383000,229.507000,OK
2,8,adjacent,400,30,16,151,REV,E10,E9,E4,E5,-2.797000,230.624000,OK
2,8,adjacent,400,30,16,152,FWD,E9,E10,E5,E6,-39.719000,231.023000,OK
2,8,adjacent,400,30,16,153,REV,E10,E9,E5,E6,-36.648000,230.944000,OK
2,8,adjacent,400,30,16,154,FWD,E9,E10,E6,E7,8.258000,230.944000,OK
2,8,adjacent,400,30,16,155,REV,E10,E9,E6,E7,12.875000,231.422000,OK
2,8,adjacent,400,30,16,156,FWD,E9,E10,E7,E8,29.320000,231.981000,OK
2,8,adjacent,400,30,16,157,REV,E10,E9,E7,E8,39.625000,231.023000,OK
2,8,adjacent,400,30,16,158,FWD,E9,E10,E11,E12,9.023000,232.300000,OK
2,8,adjacent,400,30,16,159,REV,E10,E9,E11,E12,23.289000,231.901000,OK
2,8,adjacent,400,30,16,160,FWD,E9,E10,E12,E1,-17.008000,232.619000,OK
2,8,adjacent,400,30,16,161,REV,E10,E9,E12,E1,-11.859000,231.901000,OK
2,8,adjacent,400,30,16,162,FWD,E10,E11,E1,E2,-22.102000,116.828000,OK
2,8,adjacent,400,30,16,163,REV,E11,E10,E1,E2,-17.414000,273.078000,OK
2,8,adjacent,400,30,16,164,FWD,E10,E11,E2,E3,32.820000,227.752000,OK
2,8,adjacent,400,30,16,165,REV,E11,E10,E2,E3,36.828000,248.181000,OK
2,8,adjacent,400,30,16,166,FWD,E10,E11,E3,E4,6.656000,236.210000,OK
2,8,adjacent,400,30,16,167,REV,E11,E10,E3,E4,9.680000,244.669000,OK
2,8,adjacent,400,30,16,168,FWD,E10,E11,E4,E5,-6.133000,239.003000,OK
2,8,adjacent,400,30,16,169,REV,E11,E10,E4,E5,-3.328000,244.430000,OK
2,8,adjacent,400,30,16,170,FWD,E10,E11,E5,E6,-41.602000,239.243000,OK
2,8,adjacent,400,30,16,171,REV,E11,E10,E5,E6,-38.719000,244.590000,OK
2,8,adjacent,400,30,16,172,FWD,E10,E11,E6,E7,7.422000,240.998000,OK
2,8,adjacent,400,30,16,173,REV,E11,E10,E6,E7,11.195000,244.909000,OK
2,8,adjacent,400,30,16,174,FWD,E10,E11,E7,E8,24.406000,241.397000,OK
2,8,adjacent,400,30,16,175,REV,E11,E10,E7,E8,30.594000,244.829000,OK
2,8,adjacent,400,30,16,176,FWD,E10,E11,E8,E9,41.359000,241.717000,OK
2,8,adjacent,400,30,16,177,REV,E11,E10,E8,E9,54.445000,245.707000,OK
2,8,adjacent,400,30,16,178,FWD,E10,E11,E12,E1,-15.445000,242.515000,OK
2,8,adjacent,400,30,16,179,REV,E11,E10,E12,E1,-2.703000,245.068000,OK
2,8,adjacent,400,30,16,180,FWD,E11,E12,E1,E2,-21.812000,89.377000,OK
2,8,adjacent,400,30,16,181,REV,E12,E11,E1,E2,-14.398000,258.634000,OK
2,8,adjacent,400,30,16,182,FWD,E11,E12,E2,E3,32.531000,220.330000,OK
2,8,adjacent,400,30,16,183,REV,E12,E11,E2,E3,37.680000,233.258000,OK
2,8,adjacent,400,30,16,184,FWD,E11,E12,E3,E4,6.891000,229.826000,OK
2,8,adjacent,400,30,16,185,REV,E12,E11,E3,E4,10.203000,231.183000,OK
2,8,adjacent,400,30,16,186,FWD,E11,E12,E4,E5,-6.461000,231.343000,OK
2,8,adjacent,400,30,16,187,REV,E12,E11,E4,E5,-3.797000,230.864000,OK
2,8,adjacent,400,30,16,188,FWD,E11,E12,E5,E6,-42.961000,232.540000,OK
2,8,adjacent,400,30,16,189,REV,E12,E11,E5,E6,-40.539000,230.864000,OK
2,8,adjacent,400,30,16,190,FWD,E11,E12,E6,E7,7.469000,232.699000,OK
2,8,adjacent,400,30,16,191,REV,E12,E11,E6,E7,10.227000,230.864000,OK
2,8,adjacent,400,30,16,192,FWD,E11,E12,E7,E8,22.469000,234.056000,OK
2,8,adjacent,400,30,16,193,REV,E12,E11,E7,E8,26.125000,231.502000,OK
2,8,adjacent,400,30,16,194,FWD,E11,E12,E8,E9,44.688000,234.136000,OK
2,8,adjacent,400,30,16,195,REV,E12,E11,E8,E9,50.078000,232.141000,OK
2,8,adjacent,400,30,16,196,FWD,E11,E12,E9,E10,-60.008000,234.934000,OK
2,8,adjacent,400,30,16,197,REV,E12,E11,E9,E10,-46.766000,232.619000,OK
2,8,adjacent,400,30,16,198,FWD,E12,E1,E2,E3,32.344000,100.948000,OK
2,8,adjacent,400,30,16,199,REV,E1,E12,E2,E3,41.352000,261.906000,OK
2,8,adjacent,400,30,16,200,FWD,E12,E1,E3,E4,6.453000,219.133000,OK
2,8,adjacent,400,30,16,201,REV,E1,E12,E3,E4,11.414000,235.492000,OK
2,8,adjacent,400,30,16,202,FWD,E12,E1,E4,E5,-7.141000,226.794000,OK
2,8,adjacent,400,30,16,203,REV,E1,E12,E4,E5,-3.656000,232.779000,OK
2,8,adjacent,400,30,16,204,FWD,E12,E1,E5,E6,-44.391000,229.108000,OK
2,8,adjacent,400,30,16,205,REV,E1,E12,E5,E6,-41.734000,231.901000,OK
2,8,adjacent,400,30,16,206,FWD,E12,E1,E6,E7,7.320000,228.869000,OK
2,8,adjacent,400,30,16,207,REV,E1,E12,E6,E7,10.008000,231.981000,OK
2,8,adjacent,400,30,16,208,FWD,E12,E1,E7,E8,20.859000,230.465000,OK
2,8,adjacent,400,30,16,209,REV,E1,E12,E7,E8,23.961000,231.742000,OK
2,8,adjacent,400,30,16,210,FWD,E12,E1,E8,E9,47.516000,230.146000,OK
2,8,adjacent,400,30,16,211,REV,E1,E12,E8,E9,51.297000,232.699000,OK
2,8,adjacent,400,30,16,212,FWD,E12,E1,E9,E10,-48.250000,230.944000,OK
2,8,adjacent,400,30,16,213,REV,E1,E12,E9,E10,-43.164000,232.220000,OK
2,8,adjacent,400,30,16,214,FWD,E12,E1,E10,E11,26.180000,230.784000,OK
2,8,adjacent,400,30,16,215,REV,E1,E12,E10,E11,36.414000,234.056000,OK
3,9,adjacent,400,30,16,0,FWD,E1,E2,E3,E4,7.102000,97.437000,OK
3,9,adjacent,400,30,16,1,REV,E2,E1,E3,E4,14.461000,269.168000,OK
3,9,adjacent,400,30,16,2,FWD,E1,E2,E4,E5,-7.859000,230.146000,OK
3,9,adjacent,400,30,16,3,REV,E2,E1,E4,E5,-2.977000,242.355000,OK
3,9,adjacent,400,30,16,4,FWD,E1,E2,E5,E6,-45.852000,240.520000,OK
3,9,adjacent,400,30,16,5,REV,E2,E1,E5,E6,-42.508000,239.083000,OK
3,9,adjacent,400,30,16,6,FWD,E1,E2,E6,E7,7.250000,242.435000,OK
3,9,adjacent,400,30,16,7,REV,E2,E1,E6,E7,10.172000,238.205000,OK
3,9,adjacent,400,30,16,8,FWD,E1,E2,E7,E8,19.609000,242.914000,OK
3,9,adjacent,400,30,16,9,REV,E2,E1,E7,E8,22.500000,238.525000,OK
3,9,adjacent,400,30,16,10,FWD,E1,E2,E8,E9,50.602000,243.552000,OK
3,9,adjacent,400,30,16,11,REV,E2,E1,E8,E9,53.742000,238.445000,OK
3,9,adjacent,400,30,16,12,FWD,E1,E2,E9,E10,-48.188000,243.951000,OK
3,9,adjacent,400,30,16,13,REV,E2,E1,E9,E10,-44.789000,239.083000,OK
3,9,adjacent,400,30,16,14,FWD,E1,E2,E10,E11,24.172000,244.430000,OK
3,9,adjacent,400,30,16,15,REV,E2,E1,E10,E11,29.289000,238.126000,OK
3,9,adjacent,400,30,16,16,FWD,E1,E2,E11,E12,0.766000,244.669000,OK
3,9,adjacent,400,30,16,17,REV,E2,E1,E11,E12,10.328000,238.445000,OK
3,9,adjacent,400,30,16,18,FWD,E2,E3,E4,E5,-8.484000,103.502000,OK
3,9,adjacent,400,30,16,19,REV,E3,E2,E4,E5,0.359000,279.941000,OK
3,9,adjacent,400,30,16,20,FWD,E2,E3,E5,E6,-47.875000,213.627000,OK
3,9,adjacent,400,30,16,21,REV,E3,E2,E5,E6,-42.547000,244.111000,OK
3,9,adjacent,400,30,16,22,FWD,E2,E3,E6,E7,6.617000,224.799000,OK
3,9,adjacent,400,30,16,23,REV,E3,E2,E6,E7,10.609000,238.684000,OK
3,9,adjacent,400,30,16,24,FWD,E2,E3,E7,E8,18.148000,227.512000,OK
3,9,adjacent,400,30,16,25,REV,E3,E2,E7,E8,21.531000,237.966000,OK
3,9,adjacent,400,30,16,26,FWD,E2,E3,E8,E9,53.266000,228.310000,OK
3,9,adjacent,400,30,16,27,REV,E3,E2,E8,E9,56.508000,236.849000,OK
3,9,adjacent,400,30,16,28,FWD,E2,E3,E9,E10,-49.492000,229.348000,OK
3,9,adjacent,400,30,16,29,REV,E3,E2,E9,E10,-46.516000,237.248000,OK
3,9,adjacent,400,30,16,30,FWD,E2,E3,E10,E11,21.656000,229.667000,OK
3,9,adjacent,400,30,16,31,REV,E3,E2,E10,E11,25.484000,236.769000,OK
3,9,adjacent,400,30,16,32,FWD,E2,E3,E11,E12,0.086000,230.465000,OK
3,9,adjacent,400,30,16,33,REV,E3,E2,E11,E12,5.656000,237.248000,OK
3,9,adjacent,400,30,16,34,FWD,E2,E3,E12,E1,0.516000,229.906000,OK
3,9,adjacent,400,30,16,35,REV,E3,E2,E12,E1,11.555000,237.647000,OK
3,9,adjacent,400,30,16,36,FWD,E3,E4,E1,E2,11.992000,82.913000,OK
3,9,adjacent,400,30,16,37,REV,E4,E3,E1,E2,9.305000,256.081000,OK
3,9,adjacent,400,30,16,38,FWD,E3,E4,E5,E6,-50.336000,207.163000,OK
3,9,adjacent,400,30,16,39,REV,E4,E3,E5,E6,-39.078000,227.911000,OK
3,9,adjacent,400,30,16,40,FWD,E3,E4,E6,E7,6.055000,217.537000,OK
3,9,adjacent,400,30,16,41,REV,E4,E3,E6,E7,11.281000,224.559000,OK
3,9,adjacent,400,30,16,42,FWD,E3,E4,E7,E8,16.992000,219.692000,OK
3,9,adjacent,400,30,16,43,REV,E4,E3,E7,E8,20.609000,223.283000,OK
3,9,adjacent,400,30,16,44,FWD,E3,E4,E8,E9,56.531000,220.569000,OK
3,9,adjacent,400,30,16,45,REV,E4,E3,E8,E9,59.500000,223.203000,OK
3,9,adjacent,400,30,16,46,FWD,E3,E4,E9,E10,-50.828000,221.447000,OK
3,9,adjacent,400,30,16,47,REV,E4,E3,E9,E10,-48.492000,223.522000,OK
3,9,adjacent,400,30,16,48,FWD,E3,E4,E10,E11,20.391000,222.644000,OK
3,9,adjacent,400,30,16,49,REV,E4,E3,E10,E11,23.109000,223.761000,OK
3,9,adjacent,400,30,16,50,FWD,E3,E4,E11,E12,0.727000,222.165000,OK
3,9,adjacent,400,30,16,51,REV,E4,E3,E11,E12,3.938000,224.160000,OK
3,9,adjacent,400,30,16,52,FWD,E3,E4,E12,E1,-2.313000,223.522000,OK
3,9,adjacent,400,30,16,53,REV,E4,E3,E12,E1,2.445000,224.160000,OK
3,9,adjacent,400,30,16,54,FWD,E4,E5,E1,E2,-20.547000,96.798000,OK
3,9,adjacent,400,30,16,55,REV,E5,E4,E1,E2,-16.953000,267.014000,OK
3,9,adjacent,400,30,16,56,FWD,E4,E5,E2,E3,52.180000,219.372000,OK
3,9,adjacent,400,30,16,57,REV,E5,E4,E2,E3,57.781000,239.562000,OK
3,9,adjacent,400,30,16,58,FWD,E4,E5,E6,E7,3.242000,229.667000,OK
3,9,adjacent,400,30,16,59,REV,E5,E4,E6,E7,14.148000,236.051000,OK
3,9,adjacent,400,30,16,60,FWD,E4,E5,E7,E8,15.102000,232.380000,OK
3,9,adjacent,400,30,16,61,REV,E5,E4,E7,E8,20.680000,235.891000,OK
3,9,adjacent,400,30,16,62,FWD,E4,E5,E8,E9,59.070000,232.380000,OK
3,9,adjacent,400,30,16,63,REV,E5,E4,E8,E9,62.836000,235.093000,OK
3,9,adjacent,400,30,16,64,FWD,E4,E5,E9,E10,-52.633000,233.976000,OK
3,9,adjacent,400,30,16,65,REV,E5,E4,E9,E10,-50.031000,234.934000,OK
3,9,adjacent,400,30,16,66,FWD,E4,E5,E10,E11,19.273000,233.577000,OK
3,9,adjacent,400,30,16,67,REV,E5,E4,E10,E11,21.922000,235.412000,OK
3,9,adjacent,400,30,16,68,FWD,E4,E5,E11,E12,0.781000,234.375000,OK
3,9,adjacent,400,30,16,69,REV,E5,E4,E11,E12,3.547000,235.652000,OK
3,9,adjacent,400,30,16,70,FWD,E4,E5,E12,E1,-5.352000,234.694000,OK
3,9,adjacent,400,30,16,71,REV,E5,E4,E12,E1,-1.867000,235.811000,OK
3,9,adjacent,400,30,16,72,FWD,E5,E6,E1,E2,-23.297000,113.956000,OK
3,9,adjacent,400,30,16,73,REV,E6,E5,E1,E2,-20.227000,282.495000,OK
3,9,adjacent,400,30,16,74,FWD,E5,E6,E2,E3,34.297000,242.036000,OK
3,9,adjacent,400,30,16,75,REV,E6,E5,E2,E3,39.977000,255.043000,OK
3,9,adjacent,400,30,16,76,FWD,E5,E6,E3,E4,15.711000,254.166000,OK
3,9,adjacent,400,30,16,77,REV,E6,E5,E3,E4,26.227000,251.532000,OK
3,9,adjacent,400,30,16,78,FWD,E5,E6,E7,E8,11.172000,255.762000,OK
3,9,adjacent,400,30,16,79,REV,E6,E5,E7,E8,23.469000,251.213000,OK
3,9,adjacent,400,30,16,80,FWD,E5,E6,E8,E9,60.711000,256.959000,OK
3,9,adjacent,400,30,16,81,REV,E6,E5,E8,E9,66.883000,250.654000,OK
3,9,adjacent,400,30,16,82,FWD,E5,E6,E9,E10,-54.656000,257.118000,OK
3,9,adjacent,400,30,16,83,REV,E6,E5,E9,E10,-51.063000,250.814000,OK
3,9,adjacent,400,30,16,84,FWD,E5,E6,E10,E11,18.258000,257.118000,OK
3,9,adjacent,400,30,16,85,REV,E6,E5,E10,E11,21.516000,250.575000,OK
3,9,adjacent,400,30,16,86,FWD,E5,E6,E11,E12,0.742000,257.358000,OK
3,9,adjacent,400,30,16,87,REV,E6,E5,E11,E12,3.680000,250.654000,OK
3,9,adjacent,400,30,16,88,FWD,E5,E6,E12,E1,-8.094000,257.597000,OK
3,9,adjacent,400,30,16,89,REV,E6,E5,E12,E1,-4.914000,250.734000,OK
3,9,adjacent,400,30,16,90,FWD,E6,E7,E1,E2,-23.773000,134.544000,OK
3,9,adjacent,400,30,16,91,REV,E7,E6,E1,E2,-20.609000,314.415000,OK
3,9,adjacent,400,30,16,92,FWD,E6,E7,E2,E3,32.578000,251.293000,OK
3,9,adjacent,400,30,16,93,REV,E7,E6,E2,E3,37.383000,278.265000,OK
3,9,adjacent,400,30,16,94,FWD,E6,E7,E3,E4,5.375000,264.779000,OK
3,9,adjacent,400,30,16,95,REV,E7,E6,E3,E4,12.336000,273.477000,OK
3,9,adjacent,400,30,16,96,FWD,E6,E7,E4,E5,2.367000,267.971000,OK
3,9,adjacent,400,30,16,97,REV,E7,E6,E4,E5,15.008000,271.403000,OK
3,9,adjacent,400,30,16,98,FWD,E6,E7,E8,E9,59.883000,268.769000,OK
3,9,adjacent,400,30,16,99,REV,E7,E6,E8,E9,72.977000,271.323000,OK
3,9,adjacent,400,30,16,100,FWD,E6,E7,E9,E10,-57.383000,269.009000,OK
3,9,adjacent,400,30,16,101,REV,E7,E6,E9,E10,-51.484000,270.844000,OK
3,9,adjacent,400,30,16,102,FWD,E6,E7,E10,E11,17.031000,269.408000,OK
3,9,adjacent,400,30,16,103,REV,E7,E6,E10,E11,21.656000,270.365000,OK
3,9,adjacent,400,30,16,104,FWD,E6,E7,E11,E12,0.453000,269.248000,OK
3,9,adjacent,400,30,16,105,REV,E7,E6,E11,E12,4.023000,270.285000,OK
3,9,adjacent,400,30,16,106,FWD,E6,E7,E12,E1,-10.758000,268.689000,OK
3,9,adjacent,400,30,16,107,REV,E7,E6,E12,E1,-7.273000,270.605000,OK
3,9,adjacent,400,30,16,108,FWD,E7,E8,E1,E2,-23.367000,105.656000,OK
3,9,adjacent,400,30,16,109,REV,E8,E7,E1,E2,-20.617000,291.911000,OK
3,9,adjacent,400,30,16,110,FWD,E7,E8,E2,E3,32.617000,230.066000,OK
3,9,adjacent,400,30,16,111,REV,E8,E7,E2,E3,36.297000,256.081000,OK
3,9,adjacent,400,30,16,112,FWD,E7,E8,E3,E4,5.781000,242.674000,OK
3,9,adjacent,400,30,16,113,REV,E8,E7,E3,E4,10.094000,250.654000,OK
3,9,adjacent,400,30,16,114,FWD,E7,E8,E4,E5,-3.906000,246.345000,OK
3,9,adjacent,400,30,16,115,REV,E8,E7,E4,E5,2.227000,250.255000,OK
3,9,adjacent,400,30,16,116,FWD,E7,E8,E5,E6,-34.422000,246.664000,OK
3,9,adjacent,400,30,16,117,REV,E8,E7,E5,E6,-23.320000,249.856000,OK
3,9,adjacent,400,30,16,118,FWD,E7,E8,E9,E10,-61.344000,247.143000,OK
3,9,adjacent,400,30,16,119,REV,E8,E7,E9,E10,-49.070000,249.697000,OK
3,9,adjacent,400,30,16,120,FWD,E7,E8,E10,E11,15.484000,246.984000,OK
3,9,adjacent,400,30,16,121,REV,E8,E7,E10,E11,22.398000,249.457000,OK
3,9,adjacent,400,30,16,122,FWD,E7,E8,E11,E12,0.203000,247.303000,OK
3,9,adjacent,400,30,16,123,REV,E8,E7,E11,E12,4.562000,249.378000,OK
3,9,adjacent,400,30,16,124,FWD,E7,E8,E12,E1,-13.039000,246.984000,OK
3,9,adjacent,400,30,16,125,REV,E8,E7,E12,E1,-9.461000,248.979000,OK
3,9,adjacent,400,30,16,126,FWD,E8,E9,E1,E2,-22.516000,70.783000,OK
3,9,adjacent,400,30,16,127,REV,E9,E8,E1,E2,-20.297000,259.592000,OK
3,9,adjacent,400,30,16,128,FWD,E8,E9,E2,E3,33.086000,197.188000,OK
3,9,adjacent,400,30,16,129,REV,E9,E8,E2,E3,35.766000,226.395000,OK
3,9,adjacent,400,30,16,130,FWD,E8,E9,E3,E4,6.484000,209.557000,OK
3,9,adjacent,400,30,16,131,REV,E9,E8,E3,E4,9.250000,221.766000,OK
3,9,adjacent,400,30,16,132,FWD,E8,E9,E4,E5,-4.734000,212.031000,OK
3,9,adjacent,400,30,16,133,REV,E9,E8,E4,E5,-1.445000,221.128000,OK
3,9,adjacent,400,30,16,134,FWD,E8,E9,E5,E6,-37.867000,214.106000,OK
3,9,adjacent,400,30,16,135,REV,E9,E8,E5,E6,-33.227000,220.410000,OK
3,9,adjacent,400,30,16,136,FWD,E8,E9,E6,E7,11.125000,214.584000,OK
3,9,adjacent,400,30,16,137,REV,E9,E8,E6,E7,19.898000,220.490000,OK
3,9,adjacent,400,30,16,138,FWD,E8,E9,E10,E11,17.750000,214.904000,OK
3,9,adjacent,400,30,16,139,REV,E9,E8,E10,E11,30.648000,220.250000,OK
3,9,adjacent,400,30,16,140,FWD,E8,E9,E11,E12,0.734000,215.063000,OK
3,9,adjacent,400,30,16,141,REV,E9,E8,E11,E12,5.914000,220.170000,OK
3,9,adjacent,400,30,16,142,FWD,E8,E9,E12,E1,-14.992000,215.781000,OK
3,9,adjacent,400,30,16,143,REV,E9,E8,E12,E1,-11.555000,219.372000,OK
3,9,adjacent,400,30,16,144,FWD,E9,E10,E1,E2,-22.133000,95.043000,OK
3,9,adjacent,400,30,16,145,REV,E10,E9,E1,E2,-19.320000,259.033000,OK
3,9,adjacent,400,30,16,146,FWD,E9,E10,E2,E3,33.141000,217.537000,OK
3,9,adjacent,400,30,16,147,REV,E10,E9,E2,E3,35.977000,233.816000,OK
3,9,adjacent,400,30,16,148,FWD,E9,E10,E3,E4,6.820000,227.033000,OK
3,9,adjacent,400,30,16,149,REV,E10,E9,E3,E4,9.313000,231.582000,OK
3,9,adjacent,400,30,16,150,FWD,E9,E10,E4,E5,-5.430000,228.629000,OK
3,9,adjacent,400,30,16,151,REV,E10,E9,E4,E5,-2.828000,230.545000,OK
3,9,adjacent,400,30,16,152,FWD,E9,E10,E5,E6,-39.836000,231.343000,OK
3,9,adjacent,400,30,16,153,REV,E10,E9,E5,E6,-36.773000,231.742000,OK
3,9,adjacent,400,30,16,154,FWD,E9,E10,E6,E7,8.539000,231.023000,OK
3,9,adjacent,400,30,16,155,REV,E10,E9,E6,E7,13.188000,231.502000,OK
3,9,adjacent,400,30,16,156,FWD,E9,E10,E7,E8,29.469000,232.220000,OK
3,9,adjacent,400,30,16,157,REV,E10,E9,E7,E8,39.742000,231.502000,OK
3,9,adjacent,400,30,16,158,FWD,E9,E10,E11,E12,8.984000,232.859000,OK
3,9,adjacent,400,30,16,159,REV,E10,E9,E11,E12,23.211000,231.821000,OK
3,9,adjacent,400,30,16,160,FWD,E9,E10,E12,E1,-17.352000,232.779000,OK
3,9,adjacent,400,30,16,161,REV,E10,E9,E12,E1,-12.188000,232.061000,OK
3,9,adjacent,400,30,16,162,FWD,E10,E11,E1,E2,-22.047000,117.227000,OK
3,9,adjacent,400,30,16,163,REV,E11,E10,E1,E2,-17.391000,273.078000,OK
3,9,adjacent,400,30,16,164,FWD,E10,E11,E2,E3,32.750000,227.991000,OK
3,9,adjacent,400,30,16,165,REV,E11,E10,E2,E3,36.750000,248.021000,OK
3,9,adjacent,400,30,16,166,FWD,E10,E11,E3,E4,6.828000,236.370000,OK
3,9,adjacent,400,30,16,167,REV,E11,E10,E3,E4,9.883000,244.909000,OK
3,9,adjacent,400,30,16,168,FWD,E10,E11,E4,E5,-6.180000,238.924000,OK
3,9,adjacent,400,30,16,169,REV,E11,E10,E4,E5,-3.336000,244.590000,OK
3,9,adjacent,400,30,16,170,FWD,E10,E11,E5,E6,-41.695000,240.121000,OK
3,9,adjacent,400,30,16,171,REV,E11,E10,E5,E6,-38.859000,244.510000,OK
3,9,adjacent,400,30,16,172,FWD,E10,E11,E6,E7,7.711000,241.477000,OK
3,9,adjacent,400,30,16,173,REV,E11,E10,E6,E7,11.539000,244.829000,OK
3,9,adjacent,400,30,16,174,FWD,E10,E11,E7,E8,24.539000,241.397000,OK
3,9,adjacent,400,30,16,175,REV,E11,E10,E7,E8,30.789000,244.749000,OK
3,9,adjacent,400,30,16,176,FWD,E10,E11,E8,E9,41.438000,241.956000,OK
3,9,adjacent,400,30,16,177,REV,E11,E10,E8,E9,54.453000,246.026000,OK
3,9,adjacent,400,30,16,178,FWD,E10,E11,E12,E1,-15.672000,242.674000,OK
3,9,adjacent,400,30,16,179,REV,E11,E10,E12,E1,-2.992000,245.228000,OK
3,9,adjacent,400,30,16,180,FWD,E11,E12,E1,E2,-21.883000,89.616000,OK
3,9,adjacent,400,30,16,181,REV,E12,E11,E1,E2,-14.445000,258.235000,OK
3,9,adjacent,400,30,16,182,FWD,E11,E12,E2,E3,32.438000,220.569000,OK
3,9,adjacent,400,30,16,183,REV,E12,E11,E2,E3,37.594000,233.657000,OK
3,9,adjacent,400,30,16,184,FWD,E11,E12,E3,E4,7.078000,229.906000,OK
3,9,adjacent,400,30,16,185,REV,E12,E11,E3,E4,10.383000,231.263000,OK
3,9,adjacent,400,30,16,186,FWD,E11,E12,E4,E5,-6.477000,231.742000,OK
3,9,adjacent,400,30,16,187,REV,E12,E11,E4,E5,-3.797000,230.944000,OK
3,9,adjacent,400,30,16,188,FWD,E11,E12,E5,E6,-43.086000,232.460000,OK
3,9,adjacent,400,30,16,189,REV,E12,E11,E5,E6,-40.703000,231.422000,OK
3,9,adjacent,400,30,16,190,FWD,E11,E12,E6,E7,7.766000,233.497000,OK
3,9,adjacent,400,30,16,191,REV,E12,E11,E6,E7,10.539000,230.784000,OK
3,9,adjacent,400,30,16,192,FWD,E11,E12,E7,E8,22.578000,233.896000,OK
3,9,adjacent,400,30,16,193,REV,E12,E11,E7,E8,26.266000,231.821000,OK
3,9,adjacent,400,30,16,194,FWD,E11,E12,E8,E9,44.711000,234.136000,OK
3,9,adjacent,400,30,16,195,REV,E12,E11,E8,E9,50.141000,231.821000,OK
3,9,adjacent,400,30,16,196,FWD,E11,E12,E9,E10,-60.125000,234.295000,OK
3,9,adjacent,400,30,16,197,REV,E12,E11,E9,E10,-46.922000,232.220000,OK
3,9,adjacent,400,30,16,198,FWD,E12,E1,E2,E3,32.227000,101.347000,OK
3,9,adjacent,400,30,16,199,REV,E1,E12,E2,E3,41.195000,261.268000,OK
3,9,adjacent,400,30,16,200,FWD,E12,E1,E3,E4,6.602000,218.654000,OK
3,9,adjacent,400,30,16,201,REV,E1,E12,E3,E4,11.586000,235.253000,OK
3,9,adjacent,400,30,16,202,FWD,E12,E1,E4,E5,-7.156000,228.230000,OK
3,9,adjacent,400,30,16,203,REV,E1,E12,E4,E5,-3.703000,233.338000,OK
3,9,adjacent,400,30,16,204,FWD,E12,E1,E5,E6,-44.531000,229.188000,OK
3,9,adjacent,400,30,16,205,REV,E1,E12,E5,E6,-41.867000,232.939000,OK
3,9,adjacent,400,30,16,206,FWD,E12,E1,E6,E7,7.680000,230.305000,OK
3,9,adjacent,400,30,16,207,REV,E1,E12,E6,E7,10.367000,232.220000,OK
3,9,adjacent,400,30,16,208,FWD,E12,E1,E7,E8,21.000000,230.704000,OK
3,9,adjacent,400,30,16,209,REV,E1,E12,E7,E8,24.094000,232.540000,OK
3,9,adjacent,400,30,16,210,FWD,E12,E1,E8,E9,47.555000,230.944000,OK
3,9,adjacent,400,30,16,211,REV,E1,E12,E8,E9,51.445000,232.859000,OK
3,9,adjacent,400,30,16,212,FWD,E12,E1,E9,E10,-48.492000,230.704000,OK
3,9,adjacent,400,30,16,213,REV,E1,E12,E9,E10,-43.422000,232.300000,OK
3,9,adjacent,400,30,16,214,FWD,E12,E1,E10,E11,26.133000,231.183000,OK
3,9,adjacent,400,30,16,215,REV,E1,E12,E10,E11,36.492000,233.018000,OK
4,10,adjacent,400,30,16,0,FWD,E1,E2,E3,E4,7.258000,97.756000,OK
4,10,adjacent,400,30,16,1,REV,E2,E1,E3,E4,14.711000,269.647000,OK
4,10,adjacent,400,30,16,2,FWD,E1,E2,E4,E5,-7.898000,230.225000,OK
4,10,adjacent,400,30,16,3,REV,E2,E1,E4,E5,-3.016000,242.993000,OK
4,10,adjacent,400,30,16,4,FWD,E1,E2,E5,E6,-45.977000,240.998000,OK
4,10,adjacent,400,30,16,5,REV,E2,E1,E5,E6,-42.648000,239.722000,OK
4,10,adjacent,400,30,16,6,FWD,E1,E2,E6,E7,7.633000,243.153000,OK
4,10,adjacent,400,30,16,7,REV,E2,E1,E6,E7,10.516000,238.604000,OK
4,10,adjacent,400,30,16,8,FWD,E1,E2,E7,E8,19.750000,242.993000,OK
4,10,adjacent,400,30,16,9,REV,E2,E1,E7,E8,22.633000,239.083000,OK
4,10,adjacent,400,30,16,10,FWD,E1,E2,E8,E9,50.680000,243.791000,OK
4,10,adjacent,400,30,16,11,REV,E2,E1,E8,E9,53.867000,238.046000,OK
4,10,adjacent,400,30,16,12,FWD,E1,E2,E9,E10,-48.492000,244.270000,OK
4,10,adjacent,400,30,16,13,REV,E2,E1,E9,E10,-45.078000,238.205000,OK
4,10,adjacent,400,30,16,14,FWD,E1,E2,E10,E11,24.187000,243.951000,OK
4,10,adjacent,400,30,16,15,REV,E2,E1,E10,E11,29.375000,237.886000,OK
4,10,adjacent,400,30,16,16,FWD,E1,E2,E11,E12,0.586000,244.510000,OK
4,10,adjacent,400,30,16,17,REV,E2,E1,E11,E12,10.109000,238.285000,OK
4,10,adjacent,400,30,16,18,FWD,E2,E3,E4,E5,-8.531000,103.422000,OK
4,10,adjacent,400,30,16,19,REV,E3,E2,E4,E5,0.297000,279.462000,OK
4,10,adjacent,400,30,16,20,FWD,E2,E3,E5,E6,-48.055000,213.308000,OK
4,10,adjacent,400,30,16,21,REV,E3,E2,E5,E6,-42.711000,244.350000,OK
4,10,adjacent,400,30,16,22,FWD,E2,E3,E6,E7,6.977000,225.677000,OK
4,10,adjacent,400,30,16,23,REV,E3,E2,E6,E7,10.969000,238.684000,OK
4,10,adjacent,400,30,16,24,FWD,E2,E3,E7,E8,18.266000,227.592000,OK
4,10,adjacent,400,30,16,25,REV,E3,E2,E7,E8,21.641000,238.285000,OK
4,10,adjacent,400,30,16,26,FWD,E2,E3,E8,E9,53.430000,229.348000,OK
4,10,adjacent,400,30,16,27,REV,E3,E2,E8,E9,56.648000,237.407000,OK
4,10,adjacent,400,30,16,28,FWD,E2,E3,E9,E10,-49.781000,229.906000,OK
4,10,adjacent,400,30,16,29,REV,E3,E2,E9,E10,-46.844000,237.567000,OK
4,10,adjacent,400,30,16,30,FWD,E2,E3,E10,E11,21.633000,229.826000,OK
4,10,adjacent,400,30,16,31,REV,E3,E2,E10,E11,25.547000,237.487000,OK
4,10,adjacent,400,30,16,32,FWD,E2,E3,E11,E12,-0.086000,229.986000,OK
4,10,adjacent,400,30,16,33,REV,E3,E2,E11,E12,5.461000,237.248000,OK
4,10,adjacent,400,30,16,34,FWD,E2,E3,E12,E1,0.453000,230.864000,OK
4,10,adjacent,400,30,16,35,REV,E3,E2,E12,E1,11.563000,237.168000,OK
4,10,adjacent,400,30,16,36,FWD,E3,E4,E1,E2,11.797000,82.035000,OK
4,10,adjacent,400,30,16,37,REV,E4,E3,E1,E2,9.125000,256.001000,OK
4,10,adjacent,400,30,16,38,FWD,E3,E4,E5,E6,-50.469000,207.323000,OK
4,10,adjacent,400,30,16,39,REV,E4,E3,E5,E6,-39.250000,227.752000,OK
4,10,adjacent,400,30,16,40,FWD,E3,E4,E6,E7,6.477000,217.457000,OK
4,10,adjacent,400,30,16,41,REV,E4,E3,E6,E7,11.703000,224.240000,OK
4,10,adjacent,400,30,16,42,FWD,E3,E4,E7,E8,17.125000,220.170000,OK
4,10,adjacent,400,30,16,43,REV,E4,E3,E7,E8,20.773000,223.442000,OK
4,10,adjacent,400,30,16,44,FWD,E3,E4,E8,E9,56.695000,221.288000,OK
4,10,adjacent,400,30,16,45,REV,E4,E3,E8,E9,59.648000,222.963000,OK
4,10,adjacent,400,30,16,46,FWD,E3,E4,E9,E10,-51.117000,222.245000,OK
4,10,adjacent,400,30,16,47,REV,E4,E3,E9,E10,-48.813000,223.761000,OK
4,10,adjacent,400,30,16,48,FWD,E3,E4,E10,E11,20.398000,222.086000,OK
4,10,adjacent,400,30,16,49,REV,E4,E3,E10,E11,23.039000,223.522000,OK
4,10,adjacent,400,30,16,50,FWD,E3,E4,E11,E12,0.508000,223.602000,OK
4,10,adjacent,400,30,16,51,REV,E4,E3,E11,E12,3.766000,224.400000,OK
4,10,adjacent,400,30,16,52,FWD,E3,E4,E12,E1,-2.289000,223.203000,OK
4,10,adjacent,400,30,16,53,REV,E4,E3,E12,E1,2.438000,224.559000,OK
4,10,adjacent,400,30,16,54,FWD,E4,E5,E1,E2,-20.797000,96.958000,OK
4,10,adjacent,400,30,16,55,REV,E5,E4,E1,E2,-17.148000,267.333000,OK
4,10,adjacent,400,30,16,56,FWD,E4,E5,E2,E3,52.320000,219.851000,OK
4,10,adjacent,400,30,16,57,REV,E5,E4,E2,E3,57.742000,239.163000,OK
4,10,adjacent,400,30,16,58,FWD,E4,E5,E6,E7,3.711000,229.427000,OK
4,10,adjacent,400,30,16,59,REV,E5,E4,E6,E7,14.547000,235.891000,OK
4,10,adjacent,400,30,16,60,FWD,E4,E5,E7,E8,15.250000,231.263000,OK
4,10,adjacent,400,30,16,61,REV,E5,E4,E7,E8,20.828000,234.934000,OK
4,10,adjacent,400,30,16,62,FWD,E4,E5,E8,E9,59.242000,233.098000,OK
4,10,adjacent,400,30,16,63,REV,E5,E4,E8,E9,63.000000,235.492000,OK
4,10,adjacent,400,30,16,64,FWD,E4,E5,E9,E10,-52.938000,232.779000,OK
4,10,adjacent,400,30,16,65,REV,E5,E4,E9,E10,-50.336000,235.333000,OK
4,10,adjacent,400,30,16,66,FWD,E4,E5,E10,E11,19.242000,233.976000,OK
4,10,adjacent,400,30,16,67,REV,E5,E4,E10,E11,21.898000,235.173000,OK
4,10,adjacent,400,30,16,68,FWD,E4,E5,E11,E12,0.594000,234.375000,OK
4,10,adjacent,400,30,16,69,REV,E5,E4,E11,E12,3.367000,236.051000,OK
4,10,adjacent,400,30,16,70,FWD,E4,E5,E12,E1,-5.320000,235.333000,OK
4,10,adjacent,400,30,16,71,REV,E5,E4,E12,E1,-1.820000,235.891000,OK
4,10,adjacent,400,30,16,72,FWD,E5,E6,E1,E2,-23.500000,114.115000,OK
4,10,adjacent,400,30,16,73,REV,E6,E5,E1,E2,-20.391000,282.894000,OK
4,10,adjacent,400,30,16,74,FWD,E5,E6,E2,E3,34.164000,242.435000,OK
4,10,adjacent,400,30,16,75,REV,E6,E5,E2,E3,39.977000,256.161000,OK
4,10,adjacent,400,30,16,76,FWD,E5,E6,E3,E4,15.891000,253.926000,OK
4,10,adjacent,400,30,16,77,REV,E6,E5,E3,E4,26.336000,251.692000,OK
4,10,adjacent,400,30,16,78,FWD,E5,E6,E7,E8,11.453000,256.400000,OK
4,10,adjacent,400,30,16,79,REV,E6,E5,E7,E8,23.648000,251.213000,OK
4,10,adjacent,400,30,16,80,FWD,E5,E6,E8,E9,60.867000,256.320000,OK
4,10,adjacent,400,30,16,81,REV,E6,E5,E8,E9,67.023000,250.654000,OK
4,10,adjacent,400,30,16,82,FWD,E5,E6,E9,E10,-54.992000,257.597000,OK
4,10,adjacent,400,30,16,83,REV,E6,E5,E9,E10,-51.391000,250.734000,OK
4,10,adjacent,400,30,16,84,FWD,E5,E6,E10,E11,18.203000,257.517000,OK
4,10,adjacent,400,30,16,85,REV,E6,E5,E10,E11,21.469000,250.255000,OK
4,10,adjacent,400,30,16,86,FWD,E5,E6,E11,E12,0.516000,257.517000,OK
4,10,adjacent,400,30,16,87,REV,E6,E5,E11,E12,3.453000,250.654000,OK
4,10,adjacent,400,30,16,88,FWD,E5,E6,E12,E1,-7.898000,258.235000,OK
4,10,adjacent,400,30,16,89,REV,E6,E5,E12,E1,-4.680000,250.096000,OK
4,10,adjacent,400,30,16,90,FWD,E6,E7,E1,E2,-24.047000,134.943000,OK
4,10,adjacent,400,30,16,91,REV,E7,E6,E1,E2,-20.922000,314.415000,OK
4,10,adjacent,400,30,16,92,FWD,E6,E7,E2,E3,32.531000,251.532000,OK
4,10,adjacent,400,30,16,93,REV,E7,E6,E2,E3,37.305000,278.186000,OK
4,10,adjacent,400,30,16,94,FWD,E6,E7,E3,E4,5.500000,265.019000,OK
4,10,adjacent,400,30,16,95,REV,E7,E6,E3,E4,12.484000,272.600000,OK
4,10,adjacent,400,30,16,96,FWD,E6,E7,E4,E5,2.344000,267.652000,OK
4,10,adjacent,400,30,16,97,REV,E7,E6,E4,E5,14.992000,271.961000,OK
4,10,adjacent,400,30,16,98,FWD,E6,E7,E8,E9,59.992000,268.051000,OK
4,10,adjacent,400,30,16,99,REV,E7,E6,E8,E9,73.117000,270.924000,OK
4,10,adjacent,400,30,16,100,FWD,E6,E7,E9,E10,-57.688000,269.567000,OK
4,10,adjacent,400,30,16,101,REV,E7,E6,E9,E10,-51.758000,271.163000,OK
4,10,adjacent,400,30,16,102,FWD,E6,E7,E10,E11,16.961000,269.088000,OK
4,10,adjacent,400,30,16,103,REV,E7,E6,E10,E11,21.562000,270.844000,OK
4,10,adjacent,400,30,16,104,FWD,E6,E7,E11,E12,0.187000,269.408000,OK
4,10,adjacent,400,30,16,105,REV,E7,E6,E11,E12,3.781000,270.684000,OK
4,10,adjacent,400,30,16,106,FWD,E6,E7,E12,E1,-10.563000,270.365000,OK
4,10,adjacent,400,30,16,107,REV,E7,E6,E12,E1,-7.055000,270.844000,OK
4,10,adjacent,400,30,16,108,FWD,E7,E8,E1,E2,-23.648000,105.576000,OK
4,10,adjacent,400,30,16,109,REV,E8,E7,E1,E2,-20.891000,292.550000,OK
4,10,adjacent,400,30,16,110,FWD,E7,E8,E2,E3,32.570000,230.864000,OK
4,10,adjacent,400,30,16,111,REV,E8,E7,E2,E3,36.258000,256.320000,OK
4,10,adjacent,400,30,16,112,FWD,E7,E8,E3,E4,5.867000,243.233000,OK
4,10,adjacent,400,30,16,113,REV,E8,E7,E3,E4,10.203000,251.213000,OK
4,10,adjacent,400,30,16,114,FWD,E7,E8,E4,E5,-3.953000,245.627000,OK
4,10,adjacent,400,30,16,115,REV,E8,E7,E4,E5,2.211000,250.335000,OK
4,10,adjacent,400,30,16,116,FWD,E7,E8,E5,E6,-34.375000,246.824000,OK
4,10,adjacent,400,30,16,117,REV,E8,E7,E5,E6,-23.289000,248.979000,OK
4,10,adjacent,400,30,16,118,FWD,E7,E8,E9,E10,-61.758000,246.984000,OK
4,10,adjacent,400,30,16,119,REV,E8,E7,E9,E10,-49.383000,249.457000,OK
4,10,adjacent,400,30,16,120,FWD,E7,E8,E10,E11,15.508000,246.585000,OK
4,10,adjacent,400,30,16,121,REV,E8,E7,E10,E11,22.336000,249.138000,OK
4,10,adjacent,400,30,16,122,FWD,E7,E8,E11,E12,-0.102000,247.063000,OK
4,10,adjacent,400,30,16,123,REV,E8,E7,E11,E12,4.281000,249.218000,OK
4,10,adjacent,400,30,16,124,FWD,E7,E8,E12,E1,-12.781000,247.462000,OK
4,10,adjacent,400,30,16,125,REV,E8,E7,E12,E1,-9.195000,249.378000,OK
4,10,adjacent,400,30,16,126,FWD,E8,E9,E1,E2,-22.859000,69.906000,OK
4,10,adjacent,400,30,16,127,REV,E9,E8,E1,E2,-20.578000,259.911000,OK
4,10,adjacent,400,30,16,128,FWD,E8,E9,E2,E3,33.047000,197.826000,OK
4,10,adjacent,400,30,16,129,REV,E9,E8,E2,E3,35.766000,226.714000,OK
4,10,adjacent,400,30,16,130,FWD,E8,E9,E3,E4,6.562000,208.839000,OK
4,10,adjacent,400,30,16,131,REV,E9,E8,E3,E4,9.289000,221.766000,OK
4,10,adjacent,400,30,16,132,FWD,E8,E9,E4,E5,-4.742000,211.951000,OK
4,10,adjacent,400,30,16,133,REV,E9,E8,E4,E5,-1.461000,220.889000,OK
4,10,adjacent,400,30,16,134,FWD,E8,E9,E5,E6,-37.805000,213.467000,OK
4,10,adjacent,400,30,16,135,REV,E9,E8,E5,E6,-33.180000,220.569000,OK
4,10,adjacent,400,30,16,136,FWD,E8,E9,E6,E7,11.164000,213.627000,OK
4,10,adjacent,400,30,16,137,REV,E9,E8,E6,E7,20.109000,220.649000,OK
4,10,adjacent,400,30,16,138,FWD,E8,E9,E10,E11,17.664000,214.983000,OK
4,10,adjacent,400,30,16,139,REV,E9,E8,E10,E11,30.570000,220.809000,OK
4,10,adjacent,400,30,16,140,FWD,E8,E9,E11,E12,0.383000,215.622000,OK
4,10,adjacent,400,30,16,141,REV,E9,E8,E11,E12,5.555000,220.649000,OK
4,10,adjacent,400,30,16,142,FWD,E8,E9,E12,E1,-14.664000,215.861000,OK
4,10,adjacent,400,30,16,143,REV,E9,E8,E12,E1,-11.242000,220.490000,OK
4,10,adjacent,400,30,16,144,FWD,E9,E10,E1,E2,-22.461000,95.362000,OK
4,10,adjacent,400,30,16,145,REV,E10,E9,E1,E2,-19.656000,259.033000,OK
4,10,adjacent,400,30,16,146,FWD,E9,E10,E2,E3,33.133000,217.697000,OK
4,10,adjacent,400,30,16,147,REV,E10,E9,E2,E3,35.984000,234.056000,OK
4,10,adjacent,400,30,16,148,FWD,E9,E10,E3,E4,6.852000,226.315000,OK
4,10,adjacent,400,30,16,149,REV,E10,E9,E3,E4,9.375000,231.263000,OK
4,10,adjacent,400,30,16,150,FWD,E9,E10,E4,E5,-5.445000,229.427000,OK
4,10,adjacent,400,30,16,151,REV,E10,E9,E4,E5,-2.844000,230.704000,OK
4,10,adjacent,400,30,16,152,FWD,E9,E10,E5,E6,-39.813000,230.545000,OK
4,10,adjacent,400,30,16,153,REV,E10,E9,E5,E6,-36.766000,230.465000,OK
4,10,adjacent,400,30,16,154,FWD,E9,E10,E6,E7,8.625000,230.784000,OK
4,10,adjacent,400,30,16,155,REV,E10,E9,E6,E7,13.289000,231.343000,OK
4,10,adjacent,400,30,16,156,FWD,E9,E10,E7,E8,29.687000,232.220000,OK
4,10,adjacent,400,30,16,157,REV,E10,E9,E7,E8,39.977000,231.023000,OK
4,10,adjacent,400,30,16,158,FWD,E9,E10,E11,E12,8.586000,232.380000,OK
4,10,adjacent,400,30,16,159,REV,E10,E9,E11,E12,22.859000,231.662000,OK
4,10,adjacent,400,30,16,160,FWD,E9,E10,E12,E1,-17.016000,232.460000,OK
4,10,adjacent,400,30,16,161,REV,E10,E9,E12,E1,-11.844000,231.821000,OK
4,10,adjacent,400,30,16,162,FWD,E10,E11,E1,E2,-22.391000,116.988000,OK
4,10,adjacent,400,30,16,163,REV,E11,E10,E1,E2,-17.719000,273.318000,OK
4,10,adjacent,400,30,16,164,FWD,E10,E11,E2,E3,32.766000,227.752000,OK
4,10,adjacent,400,30,16,165,REV,E11,E10,E2,E3,36.750000,248.340000,OK
4,10,adjacent,400,30,16,166,FWD,E10,E11,E3,E4,6.820000,236.450000,OK
4,10,adjacent,400,30,16,167,REV,E11,E10,E3,E4,9.883000,244.669000,OK
4,10,adjacent,400,30,16,168,FWD,E10,E11,E4,E5,-6.156000,239.562000,OK
4,10,adjacent,400,30,16,169,REV,E11,E10,E4,E5,-3.352000,244.988000,OK
4,10,adjacent,400,30,16,170,FWD,E10,E11,E5,E6,-41.727000,240.280000,OK
4,10,adjacent,400,30,16,171,REV,E11,E10,E5,E6,-38.836000,244.510000,OK
4,10,adjacent,400,30,16,172,FWD,E10,E11,E6,E7,7.883000,241.318000,OK
4,10,adjacent,400,30,16,173,REV,E11,E10,E6,E7,11.656000,244.829000,OK
4,10,adjacent,400,30,16,174,FWD,E10,E11,E7,E8,24.703000,242.275000,OK
4,10,adjacent,400,30,16,175,REV,E11,E10,E7,E8,30.953000,245.308000,OK
4,10,adjacent,400,30,16,176,FWD,E10,E11,E8,E9,41.555000,241.637000,OK
4,10,adjacent,400,30,16,177,REV,E11,E10,E8,E9,54.531000,245.467000,OK
4,10,adjacent,400,30,16,178,FWD,E10,E11,E12,E1,-15.242000,242.754000,OK
4,10,adjacent,400,30,16,179,REV,E11,E10,E12,E1,-2.531000,245.467000,OK
4,10,adjacent,400,30,16,180,FWD,E11,E12,E1,E2,-22.195000,89.217000,OK
4,10,adjacent,400,30,16,181,REV,E12,E11,E1,E2,-14.727000,257.996000,OK
4,10,adjacent,400,30,16,182,FWD,E11,E12,E2,E3,32.484000,220.649000,OK
4,10,adjacent,400,30,16,183,REV,E12,E11,E2,E3,37.625000,233.497000,OK
4,10,adjacent,400,30,16,184,FWD,E11,E12,E3,E4,7.039000,229.348000,OK
4,10,adjacent,400,30,16,185,REV,E12,E11,E3,E4,10.336000,231.183000,OK
4,10,adjacent,400,30,16,186,FWD,E11,E12,E4,E5,-6.437000,231.662000,OK
4,10,adjacent,400,30,16,187,REV,E12,E11,E4,E5,-3.820000,231.183000,OK
4,10,adjacent,400,30,16,188,FWD,E11,E12,E5,E6,-43.133000,232.061000,OK
4,10,adjacent,400,30,16,189,REV,E12,E11,E5,E6,-40.742000,231.183000,OK
4,10,adjacent,400,30,16,190,FWD,E11,E12,E6,E7,7.945000,233.018000,OK
4,10,adjacent,400,30,16,191,REV,E12,E11,E6,E7,10.680000,231.103000,OK
4,10,adjacent,400,30,16,192,FWD,E11,E12,E7,E8,22.773000,233.577000,OK
4,10,adjacent,400,30,16,193,REV,E12,E11,E7,E8,26.477000,231.343000,OK
4,10,adjacent,400,30,16,194,FWD,E11,E12,E8,E9,44.820000,233.497000,OK
4,10,adjacent,400,30,16,195,REV,E12,E11,E8,E9,50.211000,232.061000,OK
4,10,adjacent,400,30,16,196,FWD,E11,E12,E9,E10,-60.336000,234.774000,OK
4,10,adjacent,400,30,16,197,REV,E12,E11,E9,E10,-47.086000,232.141000,OK
4,10,adjacent,400,30,16,198,FWD,E12,E1,E2,E3,32.273000,100.788000,OK
4,10,adjacent,400,30,16,199,REV,E1,E12,E2,E3,41.266000,261.587000,OK
4,10,adjacent,400,30,16,200,FWD,E12,E1,E3,E4,6.570000,219.133000,OK
4,10,adjacent,400,30,16,201,REV,E1,E12,E3,E4,11.555000,235.572000,OK
4,10,adjacent,400,30,16,202,FWD,E12,E1,E4,E5,-7.125000,227.353000,OK
4,10,adjacent,400,30,16,203,REV,E1,E12,E4,E5,-3.664000,232.699000,OK
4,10,adjacent,400,30,16,204,FWD,E12,E1,E5,E6,-44.563000,229.108000,OK
4,10,adjacent,400,30,16,205,REV,E1,E12,E5,E6,-41.906000,233.018000,OK
4,10,adjacent,400,30,16,206,FWD,E12,E1,E6,E7,7.805000,230.146000,OK
4,10,adjacent,400,30,16,207,REV,E1,E12,E6,E7,10.508000,231.742000,OK
4,10,adjacent,400,30,16,208,FWD,E12,E1,E7,E8,21.219000,230.704000,OK
4,10,adjacent,400,30,16,209,REV,E1,E12,E7,E8,24.273000,232.939000,OK
4,10,adjacent,400,30,16,210,FWD,E12,E1,E8,E9,47.648000,230.944000,OK
4,10,adjacent,400,30,16,211,REV,E1,E12,E8,E9,51.484000,232.699000,OK
4,10,adjacent,400,30,16,212,FWD,E12,E1,E9,E10,-48.625000,230.864000,OK
4,10,adjacent,400,30,16,213,REV,E1,E12,E9,E10,-43.617000,232.619000,OK
4,10,adjacent,400,30,16,214,FWD,E12,E1,E10,E11,26.086000,231.662000,OK
4,10,adjacent,400,30,16,215,REV,E1,E12,E10,E11,36.336000,232.699000,OK
5,11,adjacent,400,30,16,0,FWD,E1,E2,E3,E4,7.227000,97.916000,OK
5,11,adjacent,400,30,16,1,REV,E2,E1,E3,E4,14.594000,269.168000,OK
5,11,adjacent,400,30,16,2,FWD,E1,E2,E4,E5,-7.883000,230.465000,OK
5,11,adjacent,400,30,16,3,REV,E2,E1,E4,E5,-2.953000,242.674000,OK
5,11,adjacent,400,30,16,4,FWD,E1,E2,E5,E6,-46.063000,241.397000,OK
5,11,adjacent,400,30,16,5,REV,E2,E1,E5,E6,-42.727000,239.562000,OK
5,11,adjacent,400,30,16,6,FWD,E1,E2,E6,E7,7.758000,242.435000,OK
5,11,adjacent,400,30,16,7,REV,E2,E1,E6,E7,10.664000,238.924000,OK
5,11,adjacent,400,30,16,8,FWD,E1,E2,E7,E8,19.961000,243.392000,OK
5,11,adjacent,400,30,16,9,REV,E2,E1,E7,E8,22.844000,238.764000,OK
5,11,adjacent,400,30,16,10,FWD,E1,E2,E8,E9,50.773000,244.031000,OK
5,11,adjacent,400,30,16,11,REV,E2,E1,E8,E9,53.953000,238.205000,OK
5,11,adjacent,400,30,16,12,FWD,E1,E2,E9,E10,-48.609000,243.712000,OK
5,11,adjacent,400,30,16,13,REV,E2,E1,E9,E10,-45.219000,238.844000,OK
5,11,adjacent,400,30,16,14,FWD,E1,E2,E10,E11,24.070000,244.510000,OK
5,11,adjacent,400,30,16,15,REV,E2,E1,E10,E11,29.250000,238.126000,OK
5,11,adjacent,400,30,16,16,FWD,E1,E2,E11,E12,0.469000,244.191000,OK
5,11,adjacent,400,30,16,17,REV,E2,E1,E11,E12,9.977000,238.365000,OK
5,11,adjacent,400,30,16,18,FWD,E2,E3,E4,E5,-8.414000,103.581000,OK
5,11,adjacent,400,30,16,19,REV,E3,E2,E4,E5,0.391000,280.181000,OK
5,11,adjacent,400,30,16,20,FWD,E2,E3,E5,E6,-48.109000,213.387000,OK
5,11,adjacent,400,30,16,21,REV,E3,E2,E5,E6,-42.766000,244.270000,OK
5,11,adjacent,400,30,16,22,FWD,E2,E3,E6,E7,7.180000,225.278000,OK
5,11,adjacent,400,30,16,23,REV,E3,E2,E6,E7,11.125000,239.402000,OK
5,11,adjacent,400,30,16,24,FWD,E2,E3,E7,E8,18.492000,227.193000,OK
5,11,adjacent,400,30,16,25,REV,E3,E2,E7,E8,21.875000,237.806000,OK
5,11,adjacent,400,30,16,26,FWD,E2,E3,E8,E9,53.469000,228.709000,OK
5,11,adjacent,400,30,16,27,REV,E3,E2,E8,E9,56.727000,237.328000,OK
5,11,adjacent,400,30,16,28,FWD,E2,E3,E9,E10,-49.891000,229.108000,OK
5,11,adjacent,400,30,16,29,REV,E3,E2,E9,E10,-46.984000,236.929000,OK
5,11,adjacent,400,30,16,30,FWD,E2,E3,E10,E11,21.586000,229.667000,OK
5,11,adjacent,400,30,16,31,REV,E3,E2,E10,E11,25.430000,236.849000,OK
5,11,adjacent,400,30,16,32,FWD,E2,E3,E11,E12,-0.266000,230.146000,OK
5,11,adjacent,400,30,16,33,REV,E3,E2,E11,E12,5.312000,237.487000,OK
5,11,adjacent,400,30,16,34,FWD,E2,E3,E12,E1,0.484000,229.906000,OK
5,11,adjacent,400,30,16,35,REV,E3,E2,E12,E1,11.578000,237.328000,OK
5,11,adjacent,400,30,16,36,FWD,E3,E4,E1,E2,11.820000,82.833000,OK
5,11,adjacent,400,30,16,37,REV,E4,E3,E1,E2,9.188000,255.762000,OK
5,11,adjacent,400,30,16,38,FWD,E3,E4,E5,E6,-50.594000,207.323000,OK
5,11,adjacent,400,30,16,39,REV,E4,E3,E5,E6,-39.453000,228.151000,OK
5,11,adjacent,400,30,16,40,FWD,E3,E4,E6,E7,6.641000,217.856000,OK
5,11,adjacent,400,30,16,41,REV,E4,E3,E6,E7,11.883000,225.278000,OK
5,11,adjacent,400,30,16,42,FWD,E3,E4,E7,E8,17.359000,220.250000,OK
5,11,adjacent,400,30,16,43,REV,E4,E3,E7,E8,21.008000,223.522000,OK
5,11,adjacent,400,30,16,44,FWD,E3,E4,E8,E9,56.750000,221.926000,OK
5,11,adjacent,400,30,16,45,REV,E4,E3,E8,E9,59.719000,224.081000,OK
5,11,adjacent,400,30,16,46,FWD,E3,E4,E9,E10,-51.281000,222.245000,OK
5,11,adjacent,400,30,16,47,REV,E4,E3,E9,E10,-48.938000,223.682000,OK
5,11,adjacent,400,30,16,48,FWD,E3,E4,E10,E11,20.367000,222.405000,OK
5,11,adjacent,400,30,16,49,REV,E4,E3,E10,E11,23.016000,223.841000,OK
5,11,adjacent,400,30,16,50,FWD,E3,E4,E11,E12,0.273000,223.123000,OK
5,11,adjacent,400,30,16,51,REV,E4,E3,E11,E12,3.531000,223.841000,OK
5,11,adjacent,400,30,16,52,FWD,E3,E4,E12,E1,-2.234000,223.043000,OK
5,11,adjacent,400,30,16,53,REV,E4,E3,E12,E1,2.430000,223.921000,OK
5,11,adjacent,400,30,16,54,FWD,E4,E5,E1,E2,-20.805000,96.639000,OK
5,11,adjacent,400,30,16,55,REV,E5,E4,E1,E2,-17.164000,266.854000,OK
5,11,adjacent,400,30,16,56,FWD,E4,E5,E2,E3,52.250000,219.293000,OK
5,11,adjacent,400,30,16,57,REV,E5,E4,E2,E3,57.711000,239.243000,OK
5,11,adjacent,400,30,16,58,FWD,E4,E5,E6,E7,3.820000,229.108000,OK
5,11,adjacent,400,30,16,59,REV,E5,E4,E6,E7,14.727000,236.051000,OK
5,11,adjacent,400,30,16,60,FWD,E4,E5,E7,E8,15.461000,231.422000,OK
5,11,adjacent,400,30,16,61,REV,E5,E4,E7,E8,21.031000,235.013000,OK
5,11,adjacent,400,30,16,62,FWD,E4,E5,E8,E9,59.266000,233.018000,OK
5,11,adjacent,400,30,16,63,REV,E5,E4,E8,E9,63.070000,235.492000,OK
5,11,adjacent,400,30,16,64,FWD,E4,E5,E9,E10,-53.070000,233.178000,OK
5,11,adjacent,400,30,16,65,REV,E5,E4,E9,E10,-50.516000,235.572000,OK
5,11,adjacent,400,30,16,66,FWD,E4,E5,E10,E11,19.187000,234.455000,OK
5,11,adjacent,400,30,16,67,REV,E5,E4,E10,E11,21.859000,235.811000,OK
5,11,adjacent,400,30,16,68,FWD,E4,E5,E11,E12,0.344000,234.694000,OK
5,11,adjacent,400,30,16,69,REV,E5,E4,E11,E12,3.117000,236.051000,OK
5,11,adjacent,400,30,16,70,FWD,E4,E5,E12,E1,-5.203000,234.614000,OK
5,11,adjacent,400,30,16,71,REV,E5,E4,E12,E1,-1.719000,235.811000,OK
5,11,adjacent,400,30,16,72,FWD,E5,E6,E1,E2,-23.562000,114.035000,OK
5,11,adjacent,400,30,16,73,REV,E6,E5,E1,E2,-20.516000,282.734000,OK
5,11,adjacent,400,30,16,74,FWD,E5,E6,E2,E3,34.164000,242.195000,OK
5,11,adjacent,400,30,16,75,REV,E6,E5,E2,E3,39.953000,255.682000,OK
5,11,adjacent,400,30,16,76,FWD,E5,E6,E3,E4,15.844000,253.846000,OK
5,11,adjacent,400,30,16,77,REV,E6,E5,E3,E4,26.281000,251.053000,OK
5,11,adjacent,400,30,16,78,FWD,E5,E6,E7,E8,11.578000,255.442000,OK
5,11,adjacent,400,30,16,79,REV,E6,E5,E7,E8,23.867000,251.053000,OK
5,11,adjacent,400,30,16,80,FWD,E5,E6,E8,E9,61.008000,256.639000,OK
5,11,adjacent,400,30,16,81,REV,E6,E5,E8,E9,67.125000,250.415000,OK
5,11,adjacent,400,30,16,82,FWD,E5,E6,E9,E10,-55.188000,257.118000,OK
5,11,adjacent,400,30,16,83,REV,E6,E5,E9,E10,-51.539000,250.096000,OK
5,11,adjacent,400,30,16,84,FWD,E5,E6,E10,E11,18.195000,257.517000,OK
5,11,adjacent,400,30,16,85,REV,E6,E5,E10,E11,21.477000,250.575000,OK
5,11,adjacent,400,30,16,86,FWD,E5,E6,E11,E12,0.273000,257.437000,OK
5,11,adjacent,400,30,16,87,REV,E6,E5,E11,E12,3.234000,250.654000,OK
5,11,adjacent,400,30,16,88,FWD,E5,E6,E12,E1,-7.750000,257.757000,OK
5,11,adjacent,400,30,16,89,REV,E6,E5,E12,E1,-4.570000,251.053000,OK
5,11,adjacent,400,30,16,90,FWD,E6,E7,E1,E2,-24.117000,134.544000,OK
5,11,adjacent,400,30,16,91,REV,E7,E6,E1,E2,-20.977000,315.054000,OK
5,11,adjacent,400,30,16,92,FWD,E6,E7,E2,E3,32.578000,251.931000,OK
5,11,adjacent,400,30,16,93,REV,E7,E6,E2,E3,37.359000,278.425000,OK
5,11,adjacent,400,30,16,94,FWD,E6,E7,E3,E4,5.430000,265.338000,OK
5,11,adjacent,400,30,16,95,REV,E7,E6,E3,E4,12.414000,273.078000,OK
5,11,adjacent,400,30,16,96,FWD,E6,E7,E4,E5,2.281000,267.812000,OK
5,11,adjacent,400,30,16,97,REV,E7,E6,E4,E5,14.961000,272.440000,OK
5,11,adjacent,400,30,16,98,FWD,E6,E7,E8,E9,60.180000,269.009000,OK
5,11,adjacent,400,30,16,99,REV,E7,E6,E8,E9,73.242000,270.924000,OK
5,11,adjacent,400,30,16,100,FWD,E6,E7,E9,E10,-57.852000,269.647000,OK
5,11,adjacent,400,30,16,101,REV,E7,E6,E9,E10,-51.898000,271.004000,OK
5,11,adjacent,400,30,16,102,FWD,E6,E7,E10,E11,16.953000,268.929000,OK
5,11,adjacent,400,30,16,103,REV,E7,E6,E10,E11,21.547000,270.605000,OK
5,11,adjacent,400,30,16,104,FWD,E6,E7,E11,E12,-0.016000,269.328000,OK
5,11,adjacent,400,30,16,105,REV,E7,E6,E11,E12,3.594000,271.163000,OK
5,11,adjacent,400,30,16,106,FWD,E6,E7,E12,E1,-10.391000,269.487000,OK
5,11,adjacent,400,30,16,107,REV,E7,E6,E12,E1,-6.898000,270.046000,OK
5,11,adjacent,400,30,16,108,FWD,E7,E8,E1,E2,-23.789000,105.417000,OK
5,11,adjacent,400,30,16,109,REV,E8,E7,E1,E2,-21.000000,292.709000,OK
5,11,adjacent,400,30,16,110,FWD,E7,E8,E2,E3,32.609000,230.784000,OK
5,11,adjacent,400,30,16,111,REV,E8,E7,E2,E3,36.328000,255.841000,OK
5,11,adjacent,400,30,16,112,FWD,E7,E8,E3,E4,5.797000,243.153000,OK
5,11,adjacent,400,30,16,113,REV,E8,E7,E3,E4,10.125000,250.734000,OK
5,11,adjacent,400,30,16,114,FWD,E7,E8,E4,E5,-3.977000,245.627000,OK
5,11,adjacent,400,30,16,115,REV,E8,E7,E4,E5,2.195000,249.856000,OK
5,11,adjacent,400,30,16,116,FWD,E7,E8,E5,E6,-34.359000,246.744000,OK
5,11,adjacent,400,30,16,117,REV,E8,E7,E5,E6,-23.320000,249.218000,OK
5,11,adjacent,400,30,16,118,FWD,E7,E8,E9,E10,-61.930000,247.223000,OK
5,11,adjacent,400,30,16,119,REV,E8,E7,E9,E10,-49.625000,249.936000,OK
5,11,adjacent,400,30,16,120,FWD,E7,E8,E10,E11,15.406000,247.383000,OK
5,11,adjacent,400,30,16,121,REV,E8,E7,E10,E11,22.367000,248.979000,OK
5,11,adjacent,400,30,16,122,FWD,E7,E8,E11,E12,-0.344000,248.181000,OK
5,11,adjacent,400,30,16,123,REV,E8,E7,E11,E12,4.070000,250.016000,OK
5,11,adjacent,400,30,16,124,FWD,E7,E8,E12,E1,-12.578000,247.542000,OK
5,11,adjacent,400,30,16,125,REV,E8,E7,E12,E1,-9.008000,250.016000,OK
5,11,adjacent,400,30,16,126,FWD,E8,E9,E1,E2,-23.023000,70.943000,OK
5,11,adjacent,400,30,16,127,REV,E9,E8,E1,E2,-20.781000,260.230000,OK
5,11,adjacent,400,30,16,128,FWD,E8,E9,E2,E3,33.102000,198.385000,OK
5,11,adjacent,400,30,16,129,REV,E9,E8,E2,E3,35.797000,226.475000,OK
5,11,adjacent,400,30,16,130,FWD,E8,E9,E3,E4,6.492000,209.158000,OK
5,11,adjacent,400,30,16,131,REV,E9,E8,E3,E4,9.250000,222.405000,OK
5,11,adjacent,400,30,16,132,FWD,E8,E9,E4,E5,-4.773000,212.749000,OK
5,11,adjacent,400,30,16,133,REV,E9,E8,E4,E5,-1.500000,220.968000,OK
5,11,adjacent,400,30,16,134,FWD,E8,E9,E5,E6,-37.914000,213.308000,OK
5,11,adjacent,400,30,16,135,REV,E9,E8,E5,E6,-33.258000,220.490000,OK
5,11,adjacent,400,30,16,136,FWD,E8,E9,E6,E7,11.297000,213.946000,OK
5,11,adjacent,400,30,16,137,REV,E9,E8,E6,E7,20.242000,220.729000,OK
5,11,adjacent,400,30,16,138,FWD,E8,E9,E10,E11,17.648000,214.505000,OK
5,11,adjacent,400,30,16,139,REV,E9,E8,E10,E11,30.531000,219.851000,OK
5,11,adjacent,400,30,16,140,FWD,E8,E9,E11,E12,0.211000,214.983000,OK
5,11,adjacent,400,30,16,141,REV,E9,E8,E11,E12,5.352000,220.330000,OK
5,11,adjacent,400,30,16,142,FWD,E8,E9,E12,E1,-14.406000,214.904000,OK
5,11,adjacent,400,30,16,143,REV,E9,E8,E12,E1,-10.984000,220.410000,OK
5,11,adjacent,400,30,16,144,FWD,E9,E10,E1,E2,-22.734000,94.963000,OK
5,11,adjacent,400,30,16,145,REV,E10,E9,E1,E2,-20.008000,258.954000,OK
5,11,adjacent,400,30,16,146,FWD,E9,E10,E2,E3,33.180000,217.457000,OK
5,11,adjacent,400,30,16,147,REV,E10,E9,E2,E3,36.016000,233.976000,OK
5,11,adjacent,400,30,16,148,FWD,E9,E10,E3,E4,6.773000,226.235000,OK
5,11,adjacent,400,30,16,149,REV,E10,E9,E3,E4,9.281000,231.662000,OK
5,11,adjacent,400,30,16,150,FWD,E9,E10,E4,E5,-5.453000,229.587000,OK
5,11,adjacent,400,30,16,151,REV,E10,E9,E4,E5,-2.813000,230.784000,OK
5,11,adjacent,400,30,16,152,FWD,E9,E10,E5,E6,-39.898000,230.465000,OK
5,11,adjacent,400,30,16,153,REV,E10,E9,E5,E6,-36.883000,231.742000,OK
5,11,adjacent,400,30,16,154,FWD,E9,E10,E6,E7,8.859000,231.662000,OK
5,11,adjacent,400,30,16,155,REV,E10,E9,E6,E7,13.492000,231.422000,OK
5,11,adjacent,400,30,16,156,FWD,E9,E10,E7,E8,29.867000,232.540000,OK
5,11,adjacent,400,30,16,157,REV,E10,E9,E7,E8,40.117000,231.502000,OK
5,11,adjacent,400,30,16,158,FWD,E9,E10,E11,E12,8.422000,232.779000,OK
5,11,adjacent,400,30,16,159,REV,E10,E9,E11,E12,22.594000,232.220000,OK
5,11,adjacent,400,30,16,160,FWD,E9,E10,E12,E1,-16.727000,232.779000,OK
5,11,adjacent,400,30,16,161,REV,E10,E9,E12,E1,-11.539000,231.662000,OK
5,11,adjacent,400,30,16,162,FWD,E10,E11,E1,E2,-22.734000,117.626000,OK
5,11,adjacent,400,30,16,163,REV,E11,E10,E1,E2,-18.039000,274.116000,OK
5,11,adjacent,400,30,16,164,FWD,E10,E11,E2,E3,32.813000,227.512000,OK
5,11,adjacent,400,30,16,165,REV,E11,E10,E2,E3,36.797000,247.542000,OK
5,11,adjacent,400,30,16,166,FWD,E10,E11,E3,E4,6.797000,237.328000,OK
5,11,adjacent,400,30,16,167,REV,E11,E10,E3,E4,9.805000,244.829000,OK
5,11,adjacent,400,30,16,168,FWD,E10,E11,E4,E5,-6.148000,239.003000,OK
5,11,adjacent,400,30,16,169,REV,E11,E10,E4,E5,-3.352000,244.350000,OK
5,11,adjacent,400,30,16,170,FWD,E10,E11,E5,E6,-41.820000,239.881000,OK
5,11,adjacent,400,30,16,171,REV,E11,E10,E5,E6,-38.945000,244.191000,OK
5,11,adjacent,400,30,16,172,FWD,E10,E11,E6,E7,8.047000,240.998000,OK
5,11,adjacent,400,30,16,173,REV,E11,E10,E6,E7,11.867000,244.111000,OK
5,11,adjacent,400,30,16,174,FWD,E10,E11,E7,E8,24.867000,240.998000,OK
5,11,adjacent,400,30,16,175,REV,E11,E10,E7,E8,31.062000,245.148000,OK
5,11,adjacent,400,30,16,176,FWD,E10,E11,E8,E9,41.656000,241.717000,OK
5,11,adjacent,400,30,16,177,REV,E11,E10,E8,E9,54.680000,244.829000,OK
5,11,adjacent,400,30,16,178,FWD,E10,E11,E12,E1,-15.023000,242.515000,OK
5,11,adjacent,400,30,16,179,REV,E11,E10,E12,E1,-2.219000,245.707000,OK
5,11,adjacent,400,30,16,180,FWD,E11,E12,E1,E2,-22.602000,89.696000,OK
5,11,adjacent,400,30,16,181,REV,E12,E11,E1,E2,-15.211000,258.076000,OK
5,11,adjacent,400,30,16,182,FWD,E11,E12,E2,E3,32.531000,220.729000,OK
5,11,adjacent,400,30,16,183,REV,E12,E11,E2,E3,37.688000,233.497000,OK
5,11,adjacent,400,30,16,184,FWD,E11,E12,E3,E4,6.992000,230.624000,OK
5,11,adjacent,400,30,16,185,REV,E12,E11,E3,E4,10.258000,231.742000,OK
5,11,adjacent,400,30,16,186,FWD,E11,E12,E4,E5,-6.469000,231.742000,OK
5,11,adjacent,400,30,16,187,REV,E12,E11,E4,E5,-3.813000,231.582000,OK
5,11,adjacent,400,30,16,188,FWD,E11,E12,E5,E6,-43.188000,233.258000,OK
5,11,adjacent,400,30,16,189,REV,E12,E11,E5,E6,-40.789000,231.502000,OK
5,11,adjacent,400,30,16,190,FWD,E11,E12,E6,E7,8.148000,233.497000,OK
5,11,adjacent,400,30,16,191,REV,E12,E11,E6,E7,10.906000,231.821000,OK
5,11,adjacent,400,30,16,192,FWD,E11,E12,E7,E8,22.883000,233.976000,OK
5,11,adjacent,400,30,16,193,REV,E12,E11,E7,E8,26.594000,232.141000,OK
5,11,adjacent,400,30,16,194,FWD,E11,E12,E8,E9,44.938000,233.497000,OK
5,11,adjacent,400,30,16,195,REV,E12,E11,E8,E9,50.375000,232.061000,OK
5,11,adjacent,400,30,16,196,FWD,E11,E12,E9,E10,-60.617000,234.614000,OK
5,11,adjacent,400,30,16,197,REV,E12,E11,E9,E10,-47.336000,232.460000,OK
5,11,adjacent,400,30,16,198,FWD,E12,E1,E2,E3,32.305000,100.230000,OK
5,11,adjacent,400,30,16,199,REV,E1,E12,E2,E3,41.367000,261.507000,OK
5,11,adjacent,400,30,16,200,FWD,E12,E1,E3,E4,6.516000,218.654000,OK
5,11,adjacent,400,30,16,201,REV,E1,E12,E3,E4,11.453000,235.492000,OK
5,11,adjacent,400,30,16,202,FWD,E12,E1,E4,E5,-7.125000,227.113000,OK
5,11,adjacent,400,30,16,203,REV,E1,E12,E4,E5,-3.703000,232.939000,OK
5,11,adjacent,400,30,16,204,FWD,E12,E1,E5,E6,-44.664000,229.188000,OK
5,11,adjacent,400,30,16,205,REV,E1,E12,E5,E6,-42.000000,232.699000,OK
5,11,adjacent,400,30,16,206,FWD,E12,E1,E6,E7,8.008000,229.826000,OK
5,11,adjacent,400,30,16,207,REV,E1,E12,E6,E7,10.773000,231.981000,OK
5,11,adjacent,400,30,16,208,FWD,E12,E1,E7,E8,21.320000,230.545000,OK
5,11,adjacent,400,30,16,209,REV,E1,E12,E7,E8,24.391000,233.417000,OK
5,11,adjacent,400,30,16,210,FWD,E12,E1,E8,E9,47.820000,231.103000,OK
5,11,adjacent,400,30,16,211,REV,E1,E12,E8,E9,51.688000,232.220000,OK
5,11,adjacent,400,30,16,212,FWD,E12,E1,E9,E10,-48.945000,231.422000,OK
5,11,adjacent,400,30,16,213,REV,E1,E12,E9,E10,-43.891000,232.699000,OK
5,11,adjacent,400,30,16,214,FWD,E12,E1,E10,E11,26.023000,231.023000,OK
5,11,adjacent,400,30,16,215,REV,E1,E12,E10,E11,36.328000,232.939000,OK
6,12,adjacent,400,30,16,0,FWD,E1,E2,E3,E4,7.078000,97.437000,OK
6,12,adjacent,400,30,16,1,REV,E2,E1,E3,E4,14.555000,269.009000,OK
6,12,adjacent,400,30,16,2,FWD,E1,E2,E4,E5,-7.875000,231.263000,OK
6,12,adjacent,400,30,16,3,REV,E2,E1,E4,E5,-2.961000,242.834000,OK
6,12,adjacent,400,30,16,4,FWD,E1,E2,E5,E6,-46.156000,240.520000,OK
6,12,adjacent,400,30,16,5,REV,E2,E1,E5,E6,-42.852000,239.482000,OK
6,12,adjacent,400,30,16,6,FWD,E1,E2,E6,E7,7.977000,243.073000,OK
6,12,adjacent,400,30,16,7,REV,E2,E1,E6,E7,10.867000,238.604000,OK
6,12,adjacent,400,30,16,8,FWD,E1,E2,E7,E8,20.039000,243.712000,OK
6,12,adjacent,400,30,16,9,REV,E2,E1,E7,E8,22.945000,238.445000,OK
6,12,adjacent,400,30,16,10,FWD,E1,E2,E8,E9,50.977000,243.791000,OK
6,12,adjacent,400,30,16,11,REV,E2,E1,E8,E9,54.203000,238.525000,OK
6,12,adjacent,400,30,16,12,FWD,E1,E2,E9,E10,-48.914000,243.712000,OK
6,12,adjacent,400,30,16,13,REV,E2,E1,E9,E10,-45.523000,237.487000,OK
6,12,adjacent,400,30,16,14,FWD,E1,E2,E10,E11,23.953000,243.871000,OK
6,12,adjacent,400,30,16,15,REV,E2,E1,E10,E11,29.164000,237.806000,OK
6,12,adjacent,400,30,16,16,FWD,E1,E2,E11,E12,0.656000,244.031000,OK
6,12,adjacent,400,30,16,17,REV,E2,E1,E11,E12,10.203000,237.886000,OK
6,12,adjacent,400,30,16,18,FWD,E2,E3,E4,E5,-8.523000,103.342000,OK
6,12,adjacent,400,30,16,19,REV,E3,E2,E4,E5,0.367000,279.462000,OK
6,12,adjacent,400,30,16,20,FWD,E2,E3,E5,E6,-48.180000,213.068000,OK
6,12,adjacent,400,30,16,21,REV,E3,E2,E5,E6,-42.898000,244.350000,OK
6,12,adjacent,400,30,16,22,FWD,E2,E3,E6,E7,7.367000,225.038000,OK
6,12,adjacent,400,30,16,23,REV,E3,E2,E6,E7,11.367000,239.482000,OK
6,12,adjacent,400,30,16,24,FWD,E2,E3,E7,E8,18.586000,228.151000,OK
6,12,adjacent,400,30,16,25,REV,E3,E2,E7,E8,21.945000,237.647000,OK
6,12,adjacent,400,30,16,26,FWD,E2,E3,E8,E9,53.727000,228.550000,OK
6,12,adjacent,400,30,16,27,REV,E3,E2,E8,E9,56.969000,237.966000,OK
6,12,adjacent,400,30,16,28,FWD,E2,E3,E9,E10,-50.250000,229.906000,OK
6,12,adjacent,400,30,16,29,REV,E3,E2,E9,E10,-47.281000,237.328000,OK
6,12,adjacent,400,30,16,30,FWD,E2,E3,E10,E11,21.531000,230.146000,OK
6,12,adjacent,400,30,16,31,REV,E3,E2,E10,E11,25.375000,237.088000,OK
6,12,adjacent,400,30,16,32,FWD,E2,E3,E11,E12,-0.102000,230.066000,OK
6,12,adjacent,400,30,16,33,REV,E3,E2,E11,E12,5.477000,237.806000,OK
6,12,adjacent,400,30,16,34,FWD,E2,E3,E12,E1,0.406000,230.465000,OK
6,12,adjacent,400,30,16,35,REV,E3,E2,E12,E1,11.523000,237.168000,OK
6,12,adjacent,400,30,16,36,FWD,E3,E4,E1,E2,11.781000,83.073000,OK
6,12,adjacent,400,30,16,37,REV,E4,E3,E1,E2,9.070000,256.081000,OK
6,12,adjacent,400,30,16,38,FWD,E3,E4,E5,E6,-50.563000,206.604000,OK
6,12,adjacent,400,30,16,39,REV,E4,E3,E5,E6,-39.563000,227.592000,OK
6,12,adjacent,400,30,16,40,FWD,E3,E4,E6,E7,6.898000,217.856000,OK
6,12,adjacent,400,30,16,41,REV,E4,E3,E6,E7,12.102000,224.160000,OK
6,12,adjacent,400,30,16,42,FWD,E3,E4,E7,E8,17.445000,219.851000,OK
6,12,adjacent,400,30,16,43,REV,E4,E3,E7,E8,21.062000,223.203000,OK
6,12,adjacent,400,30,16,44,FWD,E3,E4,E8,E9,57.031000,220.889000,OK
6,12,adjacent,400,30,16,45,REV,E4,E3,E8,E9,60.008000,223.761000,OK
6,12,adjacent,400,30,16,46,FWD,E3,E4,E9,E10,-51.625000,222.086000,OK
6,12,adjacent,400,30,16,47,REV,E4,E3,E9,E10,-49.305000,223.043000,OK
6,12,adjacent,400,30,16,48,FWD,E3,E4,E10,E11,20.273000,222.006000,OK
6,12,adjacent,400,30,16,49,REV,E4,E3,E10,E11,22.977000,224.081000,OK
6,12,adjacent,400,30,16,50,FWD,E3,E4,E11,E12,0.508000,222.804000,OK
6,12,adjacent,400,30,16,51,REV,E4,E3,E11,E12,3.695000,223.522000,OK
6,12,adjacent,400,30,16,52,FWD,E3,E4,E12,E1,-2.289000,223.123000,OK
6,12,adjacent,400,30,16,53,REV,E4,E3,E12,E1,2.445000,224.559000,OK
6,12,adjacent,400,30,16,54,FWD,E4,E5,E1,E2,-20.875000,96.719000,OK
6,12,adjacent,400,30,16,55,REV,E5,E4,E1,E2,-17.242000,267.413000,OK
6,12,adjacent,400,30,16,56,FWD,E4,E5,E2,E3,52.164000,219.293000,OK
6,12,adjacent,400,30,16,57,REV,E5,E4,E2,E3,57.531000,239.402000,OK
6,12,adjacent,400,30,16,58,FWD,E4,E5,E6,E7,4.117000,230.066000,OK
6,12,adjacent,400,30,16,59,REV,E5,E4,E6,E7,14.992000,236.370000,OK
6,12,adjacent,400,30,16,60,FWD,E4,E5,E7,E8,15.547000,231.821000,OK
6,12,adjacent,400,30,16,61,REV,E5,E4,E7,E8,21.109000,235.652000,OK
6,12,adjacent,400,30,16,62,FWD,E4,E5,E8,E9,59.578000,233.417000,OK
6,12,adjacent,400,30,16,63,REV,E5,E4,E8,E9,63.359000,234.934000,OK
6,12,adjacent,400,30,16,64,FWD,E4,E5,E9,E10,-53.422000,233.258000,OK
6,12,adjacent,400,30,16,65,REV,E5,E4,E9,E10,-50.859000,235.732000,OK
6,12,adjacent,400,30,16,66,FWD,E4,E5,E10,E11,19.148000,234.136000,OK
6,12,adjacent,400,30,16,67,REV,E5,E4,E10,E11,21.805000,235.173000,OK
6,12,adjacent,400,30,16,68,FWD,E4,E5,E11,E12,0.531000,233.816000,OK
6,12,adjacent,400,30,16,69,REV,E5,E4,E11,E12,3.305000,235.492000,OK
6,12,adjacent,400,30,16,70,FWD,E4,E5,E12,E1,-5.203000,234.535000,OK
6,12,adjacent,400,30,16,71,REV,E5,E4,E12,E1,-1.687000,235.811000,OK
6,12,adjacent,400,30,16,72,FWD,E5,E6,E1,E2,-23.734000,112.759000,OK
6,12,adjacent,400,30,16,73,REV,E6,E5,E1,E2,-20.617000,282.814000,OK
6,12,adjacent,400,30,16,74,FWD,E5,E6,E2,E3,34.086000,242.116000,OK
6,12,adjacent,400,30,16,75,REV,E6,E5,E2,E3,39.883000,255.123000,OK
6,12,adjacent,400,30,16,76,FWD,E5,E6,E3,E4,15.828000,252.729000,OK
6,12,adjacent,400,30,16,77,REV,E6,E5,E3,E4,26.312000,251.532000,OK
6,12,adjacent,400,30,16,78,FWD,E5,E6,E7,E8,11.656000,255.841000,OK
6,12,adjacent,400,30,16,79,REV,E6,E5,E7,E8,23.891000,250.974000,OK
6,12,adjacent,400,30,16,80,FWD,E5,E6,E8,E9,61.258000,256.560000,OK
6,12,adjacent,400,30,16,81,REV,E6,E5,E8,E9,67.398000,250.894000,OK
6,12,adjacent,400,30,16,82,FWD,E5,E6,E9,E10,-55.508000,257.198000,OK
6,12,adjacent,400,30,16,83,REV,E6,E5,E9,E10,-51.938000,251.053000,OK
6,12,adjacent,400,30,16,84,FWD,E5,E6,E10,E11,18.156000,257.757000,OK
6,12,adjacent,400,30,16,85,REV,E6,E5,E10,E11,21.398000,250.495000,OK
6,12,adjacent,400,30,16,86,FWD,E5,E6,E11,E12,0.453000,258.076000,OK
6,12,adjacent,400,30,16,87,REV,E6,E5,E11,E12,3.406000,251.373000,OK
6,12,adjacent,400,30,16,88,FWD,E5,E6,E12,E1,-7.805000,257.836000,OK
6,12,adjacent,400,30,16,89,REV,E6,E5,E12,E1,-4.641000,251.133000,OK
6,12,adjacent,400,30,16,90,FWD,E6,E7,E1,E2,-24.258000,134.784000,OK
6,12,adjacent,400,30,16,91,REV,E7,E6,E1,E2,-21.156000,314.575000,OK
6,12,adjacent,400,30,16,92,FWD,E6,E7,E2,E3,32.477000,251.692000,OK
6,12,adjacent,400,30,16,93,REV,E7,E6,E2,E3,37.234000,277.946000,OK
6,12,adjacent,400,30,16,94,FWD,E6,E7,E3,E4,5.398000,264.380000,OK
6,12,adjacent,400,30,16,95,REV,E7,E6,E3,E4,12.352000,272.999000,OK
6,12,adjacent,400,30,16,96,FWD,E6,E7,E4,E5,2.297000,267.891000,OK
6,12,adjacent,400,30,16,97,REV,E7,E6,E4,E5,14.914000,271.004000,OK
6,12,adjacent,400,30,16,98,FWD,E6,E7,E8,E9,60.469000,268.290000,OK
6,12,adjacent,400,30,16,99,REV,E7,E6,E8,E9,73.594000,270.924000,OK
6,12,adjacent,400,30,16,100,FWD,E6,E7,E9,E10,-58.273000,268.849000,OK
6,12,adjacent,400,30,16,101,REV,E7,E6,E9,E10,-52.328000,270.126000,OK
6,12,adjacent,400,30,16,102,FWD,E6,E7,E10,E11,16.891000,269.088000,OK
6,12,adjacent,400,30,16,103,REV,E7,E6,E10,E11,21.523000,270.206000,OK
6,12,adjacent,400,30,16,104,FWD,E6,E7,E11,E12,0.125000,269.567000,OK
6,12,adjacent,400,30,16,105,REV,E7,E6,E11,E12,3.734000,270.605000,OK
6,12,adjacent,400,30,16,106,FWD,E6,E7,E12,E1,-10.477000,269.168000,OK
6,12,adjacent,400,30,16,107,REV,E7,E6,E12,E1,-7.008000,270.844000,OK
6,12,adjacent,400,30,16,108,FWD,E7,E8,E1,E2,-23.797000,106.055000,OK
6,12,adjacent,400,30,16,109,REV,E8,E7,E1,E2,-21.062000,292.709000,OK
6,12,adjacent,400,30,16,110,FWD,E7,E8,E2,E3,32.500000,230.066000,OK
6,12,adjacent,400,30,16,111,REV,E8,E7,E2,E3,36.195000,256.639000,OK
6,12,adjacent,400,30,16,112,FWD,E7,E8,E3,E4,5.773000,243.632000,OK
6,12,adjacent,400,30,16,113,REV,E8,E7,E3,E4,10.109000,251.452000,OK
6,12,adjacent,400,30,16,114,FWD,E7,E8,E4,E5,-4.000000,245.707000,OK
6,12,adjacent,400,30,16,115,REV,E8,E7,E4,E5,2.148000,250.176000,OK
6,12,adjacent,400,30,16,116,FWD,E7,E8,E5,E6,-34.273000,246.744000,OK
6,12,adjacent,400,30,16,117,REV,E8,E7,E5,E6,-23.172000,249.856000,OK
6,12,adjacent,400,30,16,118,FWD,E7,E8,E9,E10,-62.352000,246.824000,OK
6,12,adjacent,400,30,16,119,REV,E8,E7,E9,E10,-50.086000,248.979000,OK
6,12,adjacent,400,30,16,120,FWD,E7,E8,E10,E11,15.422000,247.462000,OK
6,12,adjacent,400,30,16,121,REV,E8,E7,E10,E11,22.320000,249.298000,OK
6,12,adjacent,400,30,16,122,FWD,E7,E8,E11,E12,-0.172000,247.383000,OK
6,12,adjacent,400,30,16,123,REV,E8,E7,E11,E12,4.195000,249.298000,OK
6,12,adjacent,400,30,16,124,FWD,E7,E8,E12,E1,-12.797000,247.303000,OK
6,12,adjacent,400,30,16,125,REV,E8,E7,E12,E1,-9.219000,249.537000,OK
6,12,adjacent,400,30,16,126,FWD,E8,E9,E1,E2,-22.953000,70.544000,OK
6,12,adjacent,400,30,16,127,REV,E9,E8,E1,E2,-20.734000,259.991000,OK
6,12,adjacent,400,30,16,128,FWD,E8,E9,E2,E3,32.984000,197.188000,OK
6,12,adjacent,400,30,16,129,REV,E9,E8,E2,E3,35.664000,226.714000,OK
6,12,adjacent,400,30,16,130,FWD,E8,E9,E3,E4,6.484000,209.557000,OK
6,12,adjacent,400,30,16,131,REV,E9,E8,E3,E4,9.242000,222.086000,OK
6,12,adjacent,400,30,16,132,FWD,E8,E9,E4,E5,-4.812000,212.111000,OK
6,12,adjacent,400,30,16,133,REV,E9,E8,E4,E5,-1.523000,221.208000,OK
6,12,adjacent,400,30,16,134,FWD,E8,E9,E5,E6,-37.680000,213.946000,OK
6,12,adjacent,400,30,16,135,REV,E9,E8,E5,E6,-33.055000,220.490000,OK
6,12,adjacent,400,30,16,136,FWD,E8,E9,E6,E7,11.383000,214.824000,OK
6,12,adjacent,400,30,16,137,REV,E9,E8,E6,E7,20.234000,220.569000,OK
6,12,adjacent,400,30,16,138,FWD,E8,E9,E10,E11,17.617000,214.904000,OK
6,12,adjacent,400,30,16,139,REV,E9,E8,E10,E11,30.492000,220.889000,OK
6,12,adjacent,400,30,16,140,FWD,E8,E9,E11,E12,0.344000,215.223000,OK
6,12,adjacent,400,30,16,141,REV,E9,E8,E11,E12,5.484000,220.649000,OK
6,12,adjacent,400,30,16,142,FWD,E8,E9,E12,E1,-14.766000,216.260000,OK
6,12,adjacent,400,30,16,143,REV,E9,E8,E12,E1,-11.313000,220.809000,OK
6,12,adjacent,400,30,16,144,FWD,E9,E10,E1,E2,-22.539000,94.724000,OK
6,12,adjacent,400,30,16,145,REV,E10,E9,E1,E2,-19.742000,258.794000,OK
6,12,adjacent,400,30,16,146,FWD,E9,E10,E2,E3,33.039000,217.617000,OK
6,12,adjacent,400,30,16,147,REV,E10,E9,E2,E3,35.891000,234.136000,OK
6,12,adjacent,400,30,16,148,FWD,E9,E10,E3,E4,6.758000,226.794000,OK
6,12,adjacent,400,30,16,149,REV,E10,E9,E3,E4,9.313000,231.343000,OK
6,12,adjacent,400,30,16,150,FWD,E9,E10,E4,E5,-5.484000,228.869000,OK
6,12,adjacent,400,30,16,151,REV,E10,E9,E4,E5,-2.875000,231.023000,OK
6,12,adjacent,400,30,16,152,FWD,E9,E10,E5,E6,-39.594000,230.784000,OK
6,12,adjacent,400,30,16,153,REV,E10,E9,E5,E6,-36.547000,230.784000,OK
6,12,adjacent,400,30,16,154,FWD,E9,E10,E6,E7,8.828000,230.944000,OK
6,12,adjacent,400,30,16,155,REV,E10,E9,E6,E7,13.398000,231.263000,OK
6,12,adjacent,400,30,16,156,FWD,E9,E10,E7,E8,29.953000,231.901000,OK
6,12,adjacent,400,30,16,157,REV,E10,E9,E7,E8,40.258000,231.183000,OK
6,12,adjacent,400,30,16,158,FWD,E9,E10,E11,E12,8.508000,232.460000,OK
6,12,adjacent,400,30,16,159,REV,E10,E9,E11,E12,22.734000,231.821000,OK
6,12,adjacent,400,30,16,160,FWD,E9,E10,E12,E1,-17.187000,232.859000,OK
6,12,adjacent,400,30,16,161,REV,E10,E9,E12,E1,-11.984000,232.141000,OK
6,12,adjacent,400,30,16,162,FWD,E10,E11,E1,E2,-22.445000,117.387000,OK
6,12,adjacent,400,30,16,163,REV,E11,E10,E1,E2,-17.719000,273.956000,OK
6,12,adjacent,400,30,16,164,FWD,E10,E11,E2,E3,32.703000,228.470000,OK
6,12,adjacent,400,30,16,165,REV,E11,E10,E2,E3,36.695000,248.181000,OK
6,12,adjacent,400,30,16,166,FWD,E10,E11,E3,E4,6.773000,236.689000,OK
6,12,adjacent,400,30,16,167,REV,E11,E10,E3,E4,9.828000,244.988000,OK
6,12,adjacent,400,30,16,168,FWD,E10,E11,E4,E5,-6.203000,239.482000,OK
6,12,adjacent,400,30,16,169,REV,E11,E10,E4,E5,-3.375000,244.590000,OK
6,12,adjacent,400,30,16,170,FWD,E10,E11,E5,E6,-41.508000,240.200000,OK
6,12,adjacent,400,30,16,171,REV,E11,E10,E5,E6,-38.602000,244.191000,OK
6,12,adjacent,400,30,16,172,FWD,E10,E11,E6,E7,7.953000,240.998000,OK
6,12,adjacent,400,30,16,173,REV,E11,E10,E6,E7,11.773000,244.749000,OK
6,12,adjacent,400,30,16,174,FWD,E10,E11,E7,E8,24.953000,241.477000,OK
6,12,adjacent,400,30,16,175,REV,E11,E10,E7,E8,31.187000,244.510000,OK
6,12,adjacent,400,30,16,176,FWD,E10,E11,E8,E9,41.617000,241.876000,OK
6,12,adjacent,400,30,16,177,REV,E11,E10,E8,E9,54.586000,245.148000,OK
6,12,adjacent,400,30,16,178,FWD,E10,E11,E12,E1,-15.406000,242.195000,OK
6,12,adjacent,400,30,16,179,REV,E11,E10,E12,E1,-2.766000,245.148000,OK
6,12,adjacent,400,30,16,180,FWD,E11,E12,E1,E2,-22.227000,88.818000,OK
6,12,adjacent,400,30,16,181,REV,E12,E11,E1,E2,-14.836000,257.677000,OK
6,12,adjacent,400,30,16,182,FWD,E11,E12,E2,E3,32.375000,220.649000,OK
6,12,adjacent,400,30,16,183,REV,E12,E11,E2,E3,37.563000,233.338000,OK
6,12,adjacent,400,30,16,184,FWD,E11,E12,E3,E4,6.984000,229.427000,OK
6,12,adjacent,400,30,16,185,REV,E12,E11,E3,E4,10.242000,231.263000,OK
6,12,adjacent,400,30,16,186,FWD,E11,E12,E4,E5,-6.523000,231.901000,OK
6,12,adjacent,400,30,16,187,REV,E12,E11,E4,E5,-3.844000,230.944000,OK
6,12,adjacent,400,30,16,188,FWD,E11,E12,E5,E6,-42.813000,232.460000,OK
6,12,adjacent,400,30,16,189,REV,E12,E11,E5,E6,-40.422000,231.742000,OK
6,12,adjacent,400,30,16,190,FWD,E11,E12,E6,E7,7.977000,233.976000,OK
6,12,adjacent,400,30,16,191,REV,E12,E11,E6,E7,10.758000,231.662000,OK
6,12,adjacent,400,30,16,192,FWD,E11,E12,E7,E8,23.031000,234.694000,OK
6,12,adjacent,400,30,16,193,REV,E12,E11,E7,E8,26.687000,232.141000,OK
6,12,adjacent,400,30,16,194,FWD,E11,E12,E8,E9,44.930000,234.136000,OK
6,12,adjacent,400,30,16,195,REV,E12,E11,E8,E9,50.398000,232.859000,OK
6,12,adjacent,400,30,16,196,FWD,E11,E12,E9,E10,-60.711000,235.093000,OK
6,12,adjacent,400,30,16,197,REV,E12,E11,E9,E10,-47.508000,232.300000,OK
6,12,adjacent,400,30,16,198,FWD,E12,E1,E2,E3,32.266000,101.507000,OK
6,12,adjacent,400,30,16,199,REV,E1,E12,E2,E3,41.234000,261.986000,OK
6,12,adjacent,400,30,16,200,FWD,E12,E1,E3,E4,6.508000,219.053000,OK
6,12,adjacent,400,30,16,201,REV,E1,E12,E3,E4,11.492000,235.492000,OK
6,12,adjacent,400,30,16,202,FWD,E12,E1,E4,E5,-7.148000,227.353000,OK
6,12,adjacent,400,30,16,203,REV,E1,E12,E4,E5,-3.695000,232.699000,OK
6,12,adjacent,400,30,16,204,FWD,E12,E1,E5,E6,-44.234000,229.427000,OK
6,12,adjacent,400,30,16,205,REV,E1,E12,E5,E6,-41.539000,231.821000,OK
6,12,adjacent,400,30,16,206,FWD,E12,E1,E6,E7,7.758000,229.427000,OK
6,12,adjacent,400,30,16,207,REV,E1,E12,E6,E7,10.539000,231.981000,OK
6,12,adjacent,400,30,16,208,FWD,E12,E1,E7,E8,21.437000,230.465000,OK
6,12,adjacent,400,30,16,209,REV,E1,E12,E7,E8,24.500000,231.662000,OK
6,12,adjacent,400,30,16,210,FWD,E12,E1,E8,E9,47.914000,230.545000,OK
6,12,adjacent,400,30,16,211,REV,E1,E12,E8,E9,51.703000,232.540000,OK
6,12,adjacent,400,30,16,212,FWD,E12,E1,E9,E10,-49.117000,231.343000,OK
6,12,adjacent,400,30,16,213,REV,E1,E12,E9,E10,-44.031000,232.619000,OK
6,12,adjacent,400,30,16,214,FWD,E12,E1,E10,E11,26.039000,231.103000,OK
6,12,adjacent,400,30,16,215,REV,E1,E12,E10,E11,36.297000,232.460000,OK
7,13,adjacent,400,30,16,0,FWD,E1,E2,E3,E4,7.109000,97.197000,OK
7,13,adjacent,400,30,16,1,REV,E2,E1,E3,E4,14.539000,268.769000,OK
7,13,adjacent,400,30,16,2,FWD,E1,E2,E4,E5,-7.953000,229.826000,OK
7,13,adjacent,400,30,16,3,REV,E2,E1,E4,E5,-3.023000,242.754000,OK
7,13,adjacent,400,30,16,4,FWD,E1,E2,E5,E6,-45.680000,240.360000,OK
7,13,adjacent,400,30,16,5,REV,E2,E1,E5,E6,-42.336000,239.003000,OK
7,13,adjacent,400,30,16,6,FWD,E1,E2,E6,E7,7.711000,242.355000,OK
7,13,adjacent,400,30,16,7,REV,E2,E1,E6,E7,10.680000,238.844000,OK
7,13,adjacent,400,30,16,8,FWD,E1,E2,E7,E8,20.148000,243.951000,OK
7,13,adjacent,400,30,16,9,REV,E2,E1,E7,E8,23.039000,238.285000,OK
7,13,adjacent,400,30,16,10,FWD,E1,E2,E8,E9,51.070000,243.951000,OK
7,13,adjacent,400,30,16,11,REV,E2,E1,E8,E9,54.219000,238.365000,OK
7,13,adjacent,400,30,16,12,FWD,E1,E2,E9,E10,-49.070000,244.191000,OK
7,13,adjacent,400,30,16,13,REV,E2,E1,E9,E10,-45.633000,239.003000,OK
7,13,adjacent,400,30,16,14,FWD,E1,E2,E10,E11,23.969000,244.111000,OK
7,13,adjacent,400,30,16,15,REV,E2,E1,E10,E11,29.070000,238.285000,OK
7,13,adjacent,400,30,16,16,FWD,E1,E2,E11,E12,0.430000,244.829000,OK
7,13,adjacent,400,30,16,17,REV,E2,E1,E11,E12,10.039000,238.764000,OK
7,13,adjacent,400,30,16,18,FWD,E2,E3,E4,E5,-8.531000,103.741000,OK
7,13,adjacent,400,30,16,19,REV,E3,E2,E4,E5,0.289000,279.622000,OK
7,13,adjacent,400,30,16,20,FWD,E2,E3,E5,E6,-47.688000,214.026000,OK
7,13,adjacent,400,30,16,21,REV,E3,E2,E5,E6,-42.375000,244.191000,OK
7,13,adjacent,400,30,16,22,FWD,E2,E3,E6,E7,7.125000,225.278000,OK
7,13,adjacent,400,30,16,23,REV,E3,E2,E6,E7,11.063000,238.525000,OK
7,13,adjacent,400,30,16,24,FWD,E2,E3,E7,E8,18.680000,227.432000,OK
7,13,adjacent,400,30,16,25,REV,E3,E2,E7,E8,22.047000,237.727000,OK
7,13,adjacent,400,30,16,26,FWD,E2,E3,E8,E9,53.820000,229.427000,OK
7,13,adjacent,400,30,16,27,REV,E3,E2,E8,E9,57.070000,236.849000,OK
7,13,adjacent,400,30,16,28,FWD,E2,E3,E9,E10,-50.383000,229.348000,OK
7,13,adjacent,400,30,16,29,REV,E3,E2,E9,E10,-47.445000,237.008000,OK
7,13,adjacent,400,30,16,30,FWD,E2,E3,E10,E11,21.453000,229.906000,OK
7,13,adjacent,400,30,16,31,REV,E3,E2,E10,E11,25.352000,237.008000,OK
7,13,adjacent,400,30,16,32,FWD,E2,E3,E11,E12,-0.242000,229.667000,OK
7,13,adjacent,400,30,16,33,REV,E3,E2,E11,E12,5.320000,236.769000,OK
7,13,adjacent,400,30,16,34,FWD,E2,E3,E12,E1,0.359000,230.784000,OK
7,13,adjacent,400,30,16,35,REV,E3,E2,E12,E1,11.469000,237.168000,OK
7,13,adjacent,400,30,16,36,FWD,E3,E4,E1,E2,11.805000,82.753000,OK
7,13,adjacent,400,30,16,37,REV,E4,E3,E1,E2,9.070000,255.762000,OK
7,13,adjacent,400,30,16,38,FWD,E3,E4,E5,E6,-50.117000,207.801000,OK
7,13,adjacent,400,30,16,39,REV,E4,E3,E5,E6,-39.000000,228.151000,OK
7,13,adjacent,400,30,16,40,FWD,E3,E4,E6,E7,6.609000,217.617000,OK
7,13,adjacent,400,30,16,41,REV,E4,E3,E6,E7,11.836000,224.958000,OK
7,13,adjacent,400,30,16,42,FWD,E3,E4,E7,E8,17.547000,220.729000,OK
7,13,adjacent,400,30,16,43,REV,E4,E3,E7,E8,21.172000,223.203000,OK
7,13,adjacent,400,30,16,44,FWD,E3,E4,E8,E9,57.078000,221.288000,OK
7,13,adjacent,400,30,16,45,REV,E4,E3,E8,E9,60.094000,223.522000,OK
7,13,adjacent,400,30,16,46,FWD,E3,E4,E9,E10,-51.711000,221.527000,OK
7,13,adjacent,400,30,16,47,REV,E4,E3,E9,E10,-49.430000,223.682000,OK
7,13,adjacent,400,30,16,48,FWD,E3,E4,E10,E11,20.273000,222.006000,OK
7,13,adjacent,400,30,16,49,REV,E4,E3,E10,E11,22.945000,223.123000,OK
7,13,adjacent,400,30,16,50,FWD,E3,E4,E11,E12,0.312000,223.123000,OK
7,13,adjacent,400,30,16,51,REV,E4,E3,E11,E12,3.570000,223.682000,OK
7,13,adjacent,400,30,16,52,FWD,E3,E4,E12,E1,-2.375000,223.123000,OK
7,13,adjacent,400,30,16,53,REV,E4,E3,E12,E1,2.313000,224.001000,OK
7,13,adjacent,400,30,16,54,FWD,E4,E5,E1,E2,-20.797000,96.878000,OK
7,13,adjacent,400,30,16,55,REV,E5,E4,E1,E2,-17.172000,267.173000,OK
7,13,adjacent,400,30,16,56,FWD,E4,E5,E2,E3,52.273000,219.133000,OK
7,13,adjacent,400,30,16,57,REV,E5,E4,E2,E3,57.719000,239.881000,OK
7,13,adjacent,400,30,16,58,FWD,E4,E5,E6,E7,3.828000,230.146000,OK
7,13,adjacent,400,30,16,59,REV,E5,E4,E6,E7,14.711000,235.971000,OK
7,13,adjacent,400,30,16,60,FWD,E4,E5,E7,E8,15.625000,232.460000,OK
7,13,adjacent,400,30,16,61,REV,E5,E4,E7,E8,21.234000,235.811000,OK
7,13,adjacent,400,30,16,62,FWD,E4,E5,E8,E9,59.641000,232.699000,OK
7,13,adjacent,400,30,16,63,REV,E5,E4,E8,E9,63.414000,235.412000,OK
7,13,adjacent,400,30,16,64,FWD,E4,E5,E9,E10,-53.563000,233.737000,OK
7,13,adjacent,400,30,16,65,REV,E5,E4,E9,E10,-50.961000,235.333000,OK
7,13,adjacent,400,30,16,66,FWD,E4,E5,E10,E11,19.109000,234.215000,OK
7,13,adjacent,400,30,16,67,REV,E5,E4,E10,E11,21.773000,235.013000,OK
7,13,adjacent,400,30,16,68,FWD,E4,E5,E11,E12,0.375000,234.375000,OK
7,13,adjacent,400,30,16,69,REV,E5,E4,E11,E12,3.141000,236.051000,OK
7,13,adjacent,400,30,16,70,FWD,E4,E5,E12,E1,-5.406000,234.535000,OK
7,13,adjacent,400,30,16,71,REV,E5,E4,E12,E1,-1.922000,235.492000,OK
7,13,adjacent,400,30,16,72,FWD,E5,E6,E1,E2,-23.500000,113.636000,OK
7,13,adjacent,400,30,16,73,REV,E6,E5,E1,E2,-20.414000,282.654000,OK
7,13,adjacent,400,30,16,74,FWD,E5,E6,E2,E3,34.227000,242.195000,OK
7,13,adjacent,400,30,16,75,REV,E6,E5,E2,E3,39.953000,255.363000,OK
7,13,adjacent,400,30,16,76,FWD,E5,E6,E3,E4,15.898000,253.926000,OK
7,13,adjacent,400,30,16,77,REV,E6,E5,E3,E4,26.328000,252.091000,OK
7,13,adjacent,400,30,16,78,FWD,E5,E6,E7,E8,11.766000,255.921000,OK
7,13,adjacent,400,30,16,79,REV,E6,E5,E7,E8,24.000000,250.974000,OK
7,13,adjacent,400,30,16,80,FWD,E5,E6,E8,E9,61.320000,257.038000,OK
7,13,adjacent,400,30,16,81,REV,E6,E5,E8,E9,67.508000,251.133000,OK
7,13,adjacent,400,30,16,82,FWD,E5,E6,E9,E10,-55.578000,257.597000,OK
7,13,adjacent,400,30,16,83,REV,E6,E5,E9,E10,-52.008000,250.575000,OK
7,13,adjacent,400,30,16,84,FWD,E5,E6,E10,E11,18.109000,257.597000,OK
7,13,adjacent,400,30,16,85,REV,E6,E5,E10,E11,21.383000,251.133000,OK
7,13,adjacent,400,30,16,86,FWD,E5,E6,E11,E12,0.320000,257.278000,OK
7,13,adjacent,400,30,16,87,REV,E6,E5,E11,E12,3.266000,250.495000,OK
7,13,adjacent,400,30,16,88,FWD,E5,E6,E12,E1,-8.102000,257.677000,OK
7,13,adjacent,400,30,16,89,REV,E6,E5,E12,E1,-4.914000,250.415000,OK
7,13,adjacent,400,30,16,90,FWD,E6,E7,E1,E2,-24.031000,134.544000,OK
7,13,adjacent,400,30,16,91,REV,E7,E6,E1,E2,-20.852000,314.734000,OK
7,13,adjacent,400,30,16,92,FWD,E6,E7,E2,E3,32.531000,252.011000,OK
7,13,adjacent,400,30,16,93,REV,E7,E6,E2,E3,37.336000,278.664000,OK
7,13,adjacent,400,30,16,94,FWD,E6,E7,E3,E4,5.437000,264.699000,OK
7,13,adjacent,400,30,16,95,REV,E7,E6,E3,E4,12.406000,273.078000,OK
7,13,adjacent,400,30,16,96,FWD,E6,E7,E4,E5,2.406000,268.290000,OK
7,13,adjacent,400,30,16,97,REV,E7,E6,E4,E5,15.023000,271.482000,OK
7,13,adjacent,400,30,16,98,FWD,E6,E7,E8,E9,60.484000,269.328000,OK
7,13,adjacent,400,30,16,99,REV,E7,E6,E8,E9,73.602000,271.403000,OK
7,13,adjacent,400,30,16,100,FWD,E6,E7,E9,E10,-58.281000,269.487000,OK
7,13,adjacent,400,30,16,101,REV,E7,E6,E9,E10,-52.367000,271.482000,OK
7,13,adjacent,400,30,16,102,FWD,E6,E7,E10,E11,16.875000,269.328000,OK
7,13,adjacent,400,30,16,103,REV,E7,E6,E10,E11,21.492000,270.844000,OK
7,13,adjacent,400,30,16,104,FWD,E6,E7,E11,E12,0.008000,270.126000,OK
7,13,adjacent,400,30,16,105,REV,E7,E6,E11,E12,3.617000,271.083000,OK
7,13,adjacent,400,30,16,106,FWD,E6,E7,E12,E1,-10.688000,269.408000,OK
7,13,adjacent,400,30,16,107,REV,E7,E6,E12,E1,-7.266000,270.924000,OK
7,13,adjacent,400,30,16,108,FWD,E7,E8,E1,E2,-23.664000,105.736000,OK
7,13,adjacent,400,30,16,109,REV,E8,E7,E1,E2,-20.883000,291.672000,OK
7,13,adjacent,400,30,16,110,FWD,E7,E8,E2,E3,32.586000,230.385000,OK
7,13,adjacent,400,30,16,111,REV,E8,E7,E2,E3,36.258000,256.639000,OK
7,13,adjacent,400,30,16,112,FWD,E7,E8,E3,E4,5.789000,242.993000,OK
7,13,adjacent,400,30,16,113,REV,E8,E7,E3,E4,10.125000,251.053000,OK
7,13,adjacent,400,30,16,114,FWD,E7,E8,E4,E5,-3.914000,245.866000,OK
7,13,adjacent,400,30,16,115,REV,E8,E7,E4,E5,2.219000,250.335000,OK
7,13,adjacent,400,30,16,116,FWD,E7,E8,E5,E6,-34.250000,246.904000,OK
7,13,adjacent,400,30,16,117,REV,E8,E7,E5,E6,-23.055000,249.777000,OK
7,13,adjacent,400,30,16,118,FWD,E7,E8,E9,E10,-62.430000,247.223000,OK
7,13,adjacent,400,30,16,119,REV,E8,E7,E9,E10,-49.984000,249.457000,OK
7,13,adjacent,400,30,16,120,FWD,E7,E8,E10,E11,15.367000,248.260000,OK
7,13,adjacent,400,30,16,121,REV,E8,E7,E10,E11,22.266000,250.255000,OK
7,13,adjacent,400,30,16,122,FWD,E7,E8,E11,E12,-0.281000,247.542000,OK
7,13,adjacent,400,30,16,123,REV,E8,E7,E11,E12,4.102000,249.697000,OK
7,13,adjacent,400,30,16,124,FWD,E7,E8,E12,E1,-12.898000,248.500000,OK
7,13,adjacent,400,30,16,125,REV,E8,E7,E12,E1,-9.336000,249.777000,OK
7,13,adjacent,400,30,16,126,FWD,E8,E9,E1,E2,-22.875000,70.863000,OK
7,13,adjacent,400,30,16,127,REV,E9,E8,E1,E2,-20.664000,260.629000,OK
7,13,adjacent,400,30,16,128,FWD,E8,E9,E2,E3,33.047000,197.906000,OK
7,13,adjacent,400,30,16,129,REV,E9,E8,E2,E3,35.742000,226.475000,OK
7,13,adjacent,400,30,16,130,FWD,E8,E9,E3,E4,6.453000,209.078000,OK
7,13,adjacent,400,30,16,131,REV,E9,E8,E3,E4,9.188000,222.006000,OK
7,13,adjacent,400,30,16,132,FWD,E8,E9,E4,E5,-4.758000,212.749000,OK
7,13,adjacent,400,30,16,133,REV,E9,E8,E4,E5,-1.469000,221.447000,OK
7,13,adjacent,400,30,16,134,FWD,E8,E9,E5,E6,-37.563000,213.467000,OK
7,13,adjacent,400,30,16,135,REV,E9,E8,E5,E6,-32.992000,220.809000,OK
7,13,adjacent,400,30,16,136,FWD,E8,E9,E6,E7,11.320000,214.106000,OK
7,13,adjacent,400,30,16,137,REV,E9,E8,E6,E7,20.281000,220.490000,OK
7,13,adjacent,400,30,16,138,FWD,E8,E9,E10,E11,17.562000,214.584000,OK
7,13,adjacent,400,30,16,139,REV,E9,E8,E10,E11,30.383000,220.330000,OK
7,13,adjacent,400,30,16,140,FWD,E8,E9,E11,E12,0.211000,215.382000,OK
7,13,adjacent,400,30,16,141,REV,E9,E8,E11,E12,5.375000,220.809000,OK
7,13,adjacent,400,30,16,142,FWD,E8,E9,E12,E1,-14.758000,216.021000,OK
7,13,adjacent,400,30,16,143,REV,E9,E8,E12,E1,-11.250000,221.048000,OK
7,13,adjacent,400,30,16,144,FWD,E9,E10,E1,E2,-22.617000,95.362000,OK
7,13,adjacent,400,30,16,145,REV,E10,E9,E1,E2,-19.789000,260.151000,OK
7,13,adjacent,400,30,16,146,FWD,E9,E10,E2,E3,33.109000,217.377000,OK
7,13,adjacent,400,30,16,147,REV,E10,E9,E2,E3,35.969000,234.535000,OK
7,13,adjacent,400,30,16,148,FWD,E9,E10,E3,E4,6.758000,227.592000,OK
7,13,adjacent,400,30,16,149,REV,E10,E9,E3,E4,9.281000,231.901000,OK
7,13,adjacent,400,30,16,150,FWD,E9,E10,E4,E5,-5.437000,229.427000,OK
7,13,adjacent,400,30,16,151,REV,E10,E9,E4,E5,-2.813000,231.343000,OK
7,13,adjacent,400,30,16,152,FWD,E9,E10,E5,E6,-39.547000,230.624000,OK
7,13,adjacent,400,30,16,153,REV,E10,E9,E5,E6,-36.523000,231.263000,OK
7,13,adjacent,400,30,16,154,FWD,E9,E10,E6,E7,8.820000,231.821000,OK
7,13,adjacent,400,30,16,155,REV,E10,E9,E6,E7,13.445000,231.023000,OK
7,13,adjacent,400,30,16,156,FWD,E9,E10,E7,E8,29.844000,231.901000,OK
7,13,adjacent,400,30,16,157,REV,E10,E9,E7,E8,40.133000,231.821000,OK
7,13,adjacent,400,30,16,158,FWD,E9,E10,E11,E12,8.516000,232.380000,OK
7,13,adjacent,400,30,16,159,REV,E10,E9,E11,E12,22.711000,231.023000,OK
7,13,adjacent,400,30,16,160,FWD,E9,E10,E12,E1,-17.148000,232.939000,OK
7,13,adjacent,400,30,16,161,REV,E10,E9,E12,E1,-11.906000,232.141000,OK
7,13,adjacent,400,30,16,162,FWD,E10,E11,E1,E2,-22.516000,117.227000,OK
7,13,adjacent,400,30,16,163,REV,E11,E10,E1,E2,-17.805000,273.637000,OK
7,13,adjacent,400,30,16,164,FWD,E10,E11,E2,E3,32.758000,227.831000,OK
7,13,adjacent,400,30,16,165,REV,E11,E10,E2,E3,36.766000,248.420000,OK
7,13,adjacent,400,30,16,166,FWD,E10,E11,E3,E4,6.750000,237.168000,OK
7,13,adjacent,400,30,16,167,REV,E11,E10,E3,E4,9.805000,245.388000,OK
7,13,adjacent,400,30,16,168,FWD,E10,E11,E4,E5,-6.164000,239.801000,OK
7,13,adjacent,400,30,16,169,REV,E11,E10,E4,E5,-3.328000,244.669000,OK
7,13,adjacent,400,30,16,170,FWD,E10,E11,E5,E6,-41.469000,240.919000,OK
7,13,adjacent,400,30,16,171,REV,E11,E10,E5,E6,-38.586000,245.308000,OK
7,13,adjacent,400,30,16,172,FWD,E10,E11,E6,E7,7.984000,240.839000,OK
7,13,adjacent,400,30,16,173,REV,E11,E10,E6,E7,11.789000,245.308000,OK
7,13,adjacent,400,30,16,174,FWD,E10,E11,E7,E8,24.867000,241.876000,OK
7,13,adjacent,400,30,16,175,REV,E11,E10,E7,E8,31.102000,244.988000,OK
7,13,adjacent,400,30,16,176,FWD,E10,E11,E8,E9,41.633000,242.275000,OK
7,13,adjacent,400,30,16,177,REV,E11,E10,E8,E9,54.617000,245.308000,OK
7,13,adjacent,400,30,16,178,FWD,E10,E11,E12,E1,-15.266000,242.116000,OK
7,13,adjacent,400,30,16,179,REV,E11,E10,E12,E1,-2.633000,244.749000,OK
7,13,adjacent,400,30,16,180,FWD,E11,E12,E1,E2,-22.344000,88.898000,OK
7,13,adjacent,400,30,16,181,REV,E12,E11,E1,E2,-14.898000,257.996000,OK
7,13,adjacent,400,30,16,182,FWD,E11,E12,E2,E3,32.453000,220.809000,OK
7,13,adjacent,400,30,16,183,REV,E12,E11,E2,E3,37.633000,233.657000,OK
7,13,adjacent,400,30,16,184,FWD,E11,E12,E3,E4,6.930000,229.826000,OK
7,13,adjacent,400,30,16,185,REV,E12,E11,E3,E4,10.273000,231.502000,OK
7,13,adjacent,400,30,16,186,FWD,E11,E12,E4,E5,-6.477000,232.141000,OK
7,13,adjacent,400,30,16,187,REV,E12,E11,E4,E5,-3.813000,231.263000,OK
7,13,adjacent,400,30,16,188,FWD,E11,E12,E5,E6,-42.836000,233.098000,OK
7,13,adjacent,400,30,16,189,REV,E12,E11,E5,E6,-40.469000,232.061000,OK
7,13,adjacent,400,30,16,190,FWD,E11,E12,E6,E7,8.063000,233.976000,OK
7,13,adjacent,400,30,16,191,REV,E12,E11,E6,E7,10.789000,232.061000,OK
7,13,adjacent,400,30,16,192,FWD,E11,E12,E7,E8,22.937000,234.215000,OK
7,13,adjacent,400,30,16,193,REV,E12,E11,E7,E8,26.609000,232.540000,OK
7,13,adjacent,400,30,16,194,FWD,E11,E12,E8,E9,44.938000,234.614000,OK
7,13,adjacent,400,30,16,195,REV,E12,E11,E8,E9,50.344000,232.540000,OK
7,13,adjacent,400,30,16,196,FWD,E11,E12,E9,E10,-60.648000,234.854000,OK
7,13,adjacent,400,30,16,197,REV,E12,E11,E9,E10,-47.469000,232.619000,OK
7,13,adjacent,400,30,16,198,FWD,E12,E1,E2,E3,32.328000,101.028000,OK
7,13,adjacent,400,30,16,199,REV,E1,E12,E2,E3,41.313000,261.028000,OK
7,13,adjacent,400,30,16,200,FWD,E12,E1,E3,E4,6.516000,218.894000,OK
7,13,adjacent,400,30,16,201,REV,E1,E12,E3,E4,11.477000,235.572000,OK
7,13,adjacent,400,30,16,202,FWD,E12,E1,E4,E5,-7.117000,227.353000,OK
7,13,adjacent,400,30,16,203,REV,E1,E12,E4,E5,-3.703000,231.901000,OK
7,13,adjacent,400,30,16,204,FWD,E12,E1,E5,E6,-44.305000,229.507000,OK
7,13,adjacent,400,30,16,205,REV,E1,E12,E5,E6,-41.602000,231.821000,OK
7,13,adjacent,400,30,16,206,FWD,E12,E1,E6,E7,7.875000,229.986000,OK
7,13,adjacent,400,30,16,207,REV,E1,E12,E6,E7,10.641000,231.901000,OK
7,13,adjacent,400,30,16,208,FWD,E12,E1,E7,E8,21.359000,230.305000,OK
7,13,adjacent,400,30,16,209,REV,E1,E12,E7,E8,24.430000,232.380000,OK
7,13,adjacent,400,30,16,210,FWD,E12,E1,E8,E9,47.820000,230.864000,OK
7,13,adjacent,400,30,16,211,REV,E1,E12,E8,E9,51.641000,232.619000,OK
7,13,adjacent,400,30,16,212,FWD,E12,E1,E9,E10,-48.930000,230.864000,OK
7,13,adjacent,400,30,16,213,REV,E1,E12,E9,E10,-43.891000,232.619000,OK
7,13,adjacent,400,30,16,214,FWD,E12,E1,E10,E11,25.961000,232.220000,OK
7,13,adjacent,400,30,16,215,REV,E1,E12,E10,E11,36.305000,233.497000,OK
8,14,adjacent,400,30,16,0,FWD,E1,E2,E3,E4,7.070000,97.756000,OK
8,14,adjacent,400,30,16,1,REV,E2,E1,E3,E4,14.617000,269.408000,OK
8,14,adjacent,400,30,16,2,FWD,E1,E2,E4,E5,-7.891000,230.864000,OK
8,14,adjacent,400,30,16,3,REV,E2,E1,E4,E5,-2.992000,242.435000,OK
8,14,adjacent,400,30,16,4,FWD,E1,E2,E5,E6,-45.734000,240.360000,OK
8,14,adjacent,400,30,16,5,REV,E2,E1,E5,E6,-42.414000,239.243000,OK
8,14,adjacent,400,30,16,6,FWD,E1,E2,E6,E7,7.820000,242.594000,OK
8,14,adjacent,400,30,16,7,REV,E2,E1,E6,E7,10.695000,238.365000,OK
8,14,adjacent,400,30,16,8,FWD,E1,E2,E7,E8,20.102000,243.073000,OK
8,14,adjacent,400,30,16,9,REV,E2,E1,E7,E8,22.992000,237.806000,OK
8,14,adjacent,400,30,16,10,FWD,E1,E2,E8,E9,50.961000,244.031000,OK
8,14,adjacent,400,30,16,11,REV,E2,E1,E8,E9,54.156000,238.126000,OK
8,14,adjacent,400,30,16,12,FWD,E1,E2,E9,E10,-48.953000,243.871000,OK
8,14,adjacent,400,30,16,13,REV,E2,E1,E9,E10,-45.516000,237.806000,OK
8,14,adjacent,400,30,16,14,FWD,E1,E2,E10,E11,23.875000,244.510000,OK
8,14,adjacent,400,30,16,15,REV,E2,E1,E10,E11,29.023000,238.445000,OK
8,14,adjacent,400,30,16,16,FWD,E1,E2,E11,E12,0.430000,244.111000,OK
8,14,adjacent,400,30,16,17,REV,E2,E1,E11,E12,9.938000,238.285000,OK
8,14,adjacent,400,30,16,18,FWD,E2,E3,E4,E5,-8.523000,104.060000,OK
8,14,adjacent,400,30,16,19,REV,E3,E2,E4,E5,0.375000,280.101000,OK
8,14,adjacent,400,30,16,20,FWD,E2,E3,E5,E6,-47.828000,213.707000,OK
8,14,adjacent,400,30,16,21,REV,E3,E2,E5,E6,-42.508000,245.068000,OK
8,14,adjacent,400,30,16,22,FWD,E2,E3,E6,E7,7.242000,225.038000,OK
8,14,adjacent,400,30,16,23,REV,E3,E2,E6,E7,11.172000,239.801000,OK
8,14,adjacent,400,30,16,24,FWD,E2,E3,E7,E8,18.656000,228.071000,OK
8,14,adjacent,400,30,16,25,REV,E3,E2,E7,E8,22.000000,237.806000,OK
8,14,adjacent,400,30,16,26,FWD,E2,E3,E8,E9,53.703000,228.949000,OK
8,14,adjacent,400,30,16,27,REV,E3,E2,E8,E9,56.930000,237.727000,OK
8,14,adjacent,400,30,16,28,FWD,E2,E3,E9,E10,-50.273000,230.066000,OK
8,14,adjacent,400,30,16,29,REV,E3,E2,E9,E10,-47.344000,237.248000,OK
8,14,adjacent,400,30,16,30,FWD,E2,E3,E10,E11,21.422000,230.066000,OK
8,14,adjacent,400,30,16,31,REV,E3,E2,E10,E11,25.258000,237.328000,OK
8,14,adjacent,400,30,16,32,FWD,E2,E3,E11,E12,-0.289000,230.225000,OK
8,14,adjacent,400,30,16,33,REV,E3,E2,E11,E12,5.297000,237.168000,OK
8,14,adjacent,400,30,16,34,FWD,E2,E3,E12,E1,0.586000,229.986000,OK
8,14,adjacent,400,30,16,35,REV,E3,E2,E12,E1,11.641000,236.689000,OK
8,14,adjacent,400,30,16,36,FWD,E3,E4,E1,E2,11.773000,82.195000,OK
8,14,adjacent,400,30,16,37,REV,E4,E3,E1,E2,9.070000,255.682000,OK
8,14,adjacent,400,30,16,38,FWD,E3,E4,E5,E6,-50.219000,206.525000,OK
8,14,adjacent,400,30,16,39,REV,E4,E3,E5,E6,-39.117000,227.911000,OK
8,14,adjacent,400,30,16,40,FWD,E3,E4,E6,E7,6.609000,217.617000,OK
8,14,adjacent,400,30,16,41,REV,E4,E3,E6,E7,11.875000,224.240000,OK
8,14,adjacent,400,30,16,42,FWD,E3,E4,E7,E8,17.508000,219.931000,OK
8,14,adjacent,400,30,16,43,REV,E4,E3,E7,E8,21.141000,224.001000,OK
8,14,adjacent,400,30,16,44,FWD,E3,E4,E8,E9,57.016000,221.128000,OK
8,14,adjacent,400,30,16,45,REV,E4,E3,E8,E9,59.961000,223.841000,OK
8,14,adjacent,400,30,16,46,FWD,E3,E4,E9,E10,-51.625000,222.245000,OK
8,14,adjacent,400,30,16,47,REV,E4,E3,E9,E10,-49.336000,223.602000,OK
8,14,adjacent,400,30,16,48,FWD,E3,E4,E10,E11,20.211000,222.325000,OK
8,14,adjacent,400,30,16,49,REV,E4,E3,E10,E11,22.883000,224.081000,OK
8,14,adjacent,400,30,16,50,FWD,E3,E4,E11,E12,0.328000,223.203000,OK
8,14,adjacent,400,30,16,51,REV,E4,E3,E11,E12,3.539000,223.921000,OK
8,14,adjacent,400,30,16,52,FWD,E3,E4,E12,E1,-2.258000,223.761000,OK
8,14,adjacent,400,30,16,53,REV,E4,E3,E12,E1,2.492000,224.400000,OK
8,14,adjacent,400,30,16,54,FWD,E4,E5,E1,E2,-20.930000,96.479000,OK
8,14,adjacent,400,30,16,55,REV,E5,E4,E1,E2,-17.305000,267.492000,OK
8,14,adjacent,400,30,16,56,FWD,E4,E5,E2,E3,52.117000,219.612000,OK
8,14,adjacent,400,30,16,57,REV,E5,E4,E2,E3,57.516000,239.482000,OK
8,14,adjacent,400,30,16,58,FWD,E4,E5,E6,E7,3.836000,229.826000,OK
8,14,adjacent,400,30,16,59,REV,E5,E4,E6,E7,14.750000,236.210000,OK
8,14,adjacent,400,30,16,60,FWD,E4,E5,E7,E8,15.594000,231.343000,OK
8,14,adjacent,400,30,16,61,REV,E5,E4,E7,E8,21.164000,235.492000,OK
8,14,adjacent,400,30,16,62,FWD,E4,E5,E8,E9,59.570000,233.018000,OK
8,14,adjacent,400,30,16,63,REV,E5,E4,E8,E9,63.320000,234.535000,OK
8,14,adjacent,400,30,16,64,FWD,E4,E5,E9,E10,-53.461000,233.098000,OK
8,14,adjacent,400,30,16,65,REV,E5,E4,E9,E10,-50.914000,235.093000,OK
8,14,adjacent,400,30,16,66,FWD,E4,E5,E10,E11,19.109000,233.737000,OK
8,14,adjacent,400,30,16,67,REV,E5,E4,E10,E11,21.758000,235.492000,OK
8,14,adjacent,400,30,16,68,FWD,E4,E5,E11,E12,0.375000,234.375000,OK
8,14,adjacent,400,30,16,69,REV,E5,E4,E11,E12,3.172000,234.854000,OK
8,14,adjacent,400,30,16,70,FWD,E4,E5,E12,E1,-5.187000,234.535000,OK
8,14,adjacent,400,30,16,71,REV,E5,E4,E12,E1,-1.672000,235.811000,OK
8,14,adjacent,400,30,16,72,FWD,E5,E6,E1,E2,-23.687000,113.557000,OK
8,14,adjacent,400,30,16,73,REV,E6,E5,E1,E2,-20.562000,282.495000,OK
8,14,adjacent,400,30,16,74,FWD,E5,E6,E2,E3,34.125000,242.515000,OK
8,14,adjacent,400,30,16,75,REV,E6,E5,E2,E3,39.859000,255.602000,OK
8,14,adjacent,400,30,16,76,FWD,E5,E6,E3,E4,15.844000,253.527000,OK
8,14,adjacent,400,30,16,77,REV,E6,E5,E3,E4,26.359000,251.851000,OK
8,14,adjacent,400,30,16,78,FWD,E5,E6,E7,E8,11.766000,256.161000,OK
8,14,adjacent,400,30,16,79,REV,E6,E5,E7,E8,23.977000,251.293000,OK
8,14,adjacent,400,30,16,80,FWD,E5,E6,E8,E9,61.258000,256.879000,OK
8,14,adjacent,400,30,16,81,REV,E6,E5,E8,E9,67.414000,250.734000,OK
8,14,adjacent,400,30,16,82,FWD,E5,E6,E9,E10,-55.516000,257.198000,OK
8,14,adjacent,400,30,16,83,REV,E6,E5,E9,E10,-51.969000,250.894000,OK
8,14,adjacent,400,30,16,84,FWD,E5,E6,E10,E11,18.094000,257.437000,OK
8,14,adjacent,400,30,16,85,REV,E6,E5,E10,E11,21.352000,250.335000,OK
8,14,adjacent,400,30,16,86,FWD,E5,E6,E11,E12,0.312000,257.757000,OK
8,14,adjacent,400,30,16,87,REV,E6,E5,E11,E12,3.281000,250.734000,OK
8,14,adjacent,400,30,16,88,FWD,E5,E6,E12,E1,-7.789000,257.677000,OK
8,14,adjacent,400,30,16,89,REV,E6,E5,E12,E1,-4.602000,250.495000,OK
8,14,adjacent,400,30,16,90,FWD,E6,E7,E1,E2,-24.242000,135.023000,OK
8,14,adjacent,400,30,16,91,REV,E7,E6,E1,E2,-21.117000,314.974000,OK
8,14,adjacent,400,30,16,92,FWD,E6,E7,E2,E3,32.523000,251.133000,OK
8,14,adjacent,400,30,16,93,REV,E7,E6,E2,E3,37.305000,278.824000,OK
8,14,adjacent,400,30,16,94,FWD,E6,E7,E3,E4,5.398000,264.620000,OK
8,14,adjacent,400,30,16,95,REV,E7,E6,E3,E4,12.344000,273.078000,OK
8,14,adjacent,400,30,16,96,FWD,E6,E7,E4,E5,2.492000,268.051000,OK
8,14,adjacent,400,30,16,97,REV,E7,E6,E4,E5,15.141000,271.722000,OK
8,14,adjacent,400,30,16,98,FWD,E6,E7,E8,E9,60.492000,268.849000,OK
8,14,adjacent,400,30,16,99,REV,E7,E6,E8,E9,73.594000,271.482000,OK
8,14,adjacent,400,30,16,100,FWD,E6,E7,E9,E10,-58.289000,269.647000,OK
8,14,adjacent,400,30,16,101,REV,E7,E6,E9,E10,-52.359000,270.605000,OK
8,14,adjacent,400,30,16,102,FWD,E6,E7,E10,E11,16.859000,269.807000,OK
8,14,adjacent,400,30,16,103,REV,E7,E6,E10,E11,21.484000,271.642000,OK
8,14,adjacent,400,30,16,104,FWD,E6,E7,E11,E12,-0.008000,269.408000,OK
8,14,adjacent,400,30,16,105,REV,E7,E6,E11,E12,3.594000,271.004000,OK
8,14,adjacent,400,30,16,106,FWD,E6,E7,E12,E1,-10.414000,269.647000,OK
8,14,adjacent,400,30,16,107,REV,E7,E6,E12,E1,-6.930000,270.844000,OK
8,14,adjacent,400,30,16,108,FWD,E7,E8,E1,E2,-23.844000,105.975000,OK
8,14,adjacent,400,30,16,109,REV,E8,E7,E1,E2,-21.109000,292.151000,OK
8,14,adjacent,400,30,16,110,FWD,E7,E8,E2,E3,32.547000,229.906000,OK
8,14,adjacent,400,30,16,111,REV,E8,E7,E2,E3,36.258000,256.320000,OK
8,14,adjacent,400,30,16,112,FWD,E7,E8,E3,E4,5.750000,243.472000,OK
8,14,adjacent,400,30,16,113,REV,E8,E7,E3,E4,10.078000,250.894000,OK
8,14,adjacent,400,30,16,114,FWD,E7,E8,E4,E5,-3.844000,246.425000,OK
8,14,adjacent,400,30,16,115,REV,E8,E7,E4,E5,2.289000,250.176000,OK
8,14,adjacent,400,30,16,116,FWD,E7,E8,E5,E6,-34.266000,246.744000,OK
8,14,adjacent,400,30,16,117,REV,E8,E7,E5,E6,-23.203000,249.537000,OK
8,14,adjacent,400,30,16,118,FWD,E7,E8,E9,E10,-62.445000,247.622000,OK
8,14,adjacent,400,30,16,119,REV,E8,E7,E9,E10,-50.094000,249.856000,OK
8,14,adjacent,400,30,16,120,FWD,E7,E8,E10,E11,15.375000,247.861000,OK
8,14,adjacent,400,30,16,121,REV,E8,E7,E10,E11,22.250000,249.856000,OK
8,14,adjacent,400,30,16,122,FWD,E7,E8,E11,E12,-0.281000,247.622000,OK
8,14,adjacent,400,30,16,123,REV,E8,E7,E11,E12,4.102000,249.777000,OK
8,14,adjacent,400,30,16,124,FWD,E7,E8,E12,E1,-12.609000,248.420000,OK
8,14,adjacent,400,30,16,125,REV,E8,E7,E12,E1,-9.023000,250.016000,OK
8,14,adjacent,400,30,16,126,FWD,E8,E9,E1,E2,-23.133000,70.384000,OK
8,14,adjacent,400,30,16,127,REV,E9,E8,E1,E2,-20.883000,260.949000,OK
8,14,adjacent,400,30,16,128,FWD,E8,E9,E2,E3,33.047000,198.864000,OK
8,14,adjacent,400,30,16,129,REV,E9,E8,E2,E3,35.750000,226.714000,OK
8,14,adjacent,400,30,16,130,FWD,E8,E9,E3,E4,6.484000,209.477000,OK
8,14,adjacent,400,30,16,131,REV,E9,E8,E3,E4,9.227000,222.485000,OK
8,14,adjacent,400,30,16,132,FWD,E8,E9,E4,E5,-4.719000,211.871000,OK
8,14,adjacent,400,30,16,133,REV,E9,E8,E4,E5,-1.437000,221.367000,OK
8,14,adjacent,400,30,16,134,FWD,E8,E9,E5,E6,-37.750000,213.467000,OK
8,14,adjacent,400,30,16,135,REV,E9,E8,E5,E6,-33.117000,220.569000,OK
8,14,adjacent,400,30,16,136,FWD,E8,E9,E6,E7,11.375000,214.265000,OK
8,14,adjacent,400,30,16,137,REV,E9,E8,E6,E7,20.305000,220.889000,OK
8,14,adjacent,400,30,16,138,FWD,E8,E9,E10,E11,17.531000,214.664000,OK
8,14,adjacent,400,30,16,139,REV,E9,E8,E10,E11,30.367000,220.410000,OK
8,14,adjacent,400,30,16,140,FWD,E8,E9,E11,E12,0.219000,215.702000,OK
8,14,adjacent,400,30,16,141,REV,E9,E8,E11,E12,5.367000,220.569000,OK
8,14,adjacent,400,30,16,142,FWD,E8,E9,E12,E1,-14.500000,215.781000,OK
8,14,adjacent,400,30,16,143,REV,E9,E8,E12,E1,-11.070000,220.889000,OK
8,14,adjacent,400,30,16,144,FWD,E9,E10,E1,E2,-22.789000,95.043000,OK
8,14,adjacent,400,30,16,145,REV,E10,E9,E1,E2,-19.953000,259.512000,OK
8,14,adjacent,400,30,16,146,FWD,E9,E10,E2,E3,33.148000,217.697000,OK
8,14,adjacent,400,30,16,147,REV,E10,E9,E2,E3,36.008000,234.694000,OK
8,14,adjacent,400,30,16,148,FWD,E9,E10,E3,E4,6.758000,227.193000,OK
8,14,adjacent,400,30,16,149,REV,E10,E9,E3,E4,9.273000,232.300000,OK
8,14,adjacent,400,30,16,150,FWD,E9,E10,E4,E5,-5.422000,230.385000,OK
8,14,adjacent,400,30,16,151,REV,E10,E9,E4,E5,-2.797000,231.582000,OK
8,14,adjacent,400,30,16,152,FWD,E9,E10,E5,E6,-39.695000,231.103000,OK
8,14,adjacent,400,30,16,153,REV,E10,E9,E5,E6,-36.672000,231.422000,OK
8,14,adjacent,400,30,16,154,FWD,E9,E10,E6,E7,8.883000,231.821000,OK
8,14,adjacent,400,30,16,155,REV,E10,E9,E6,E7,13.570000,232.061000,OK
8,14,adjacent,400,30,16,156,FWD,E9,E10,E7,E8,29.922000,232.220000,OK
8,14,adjacent,400,30,16,157,REV,E10,E9,E7,E8,40.195000,231.981000,OK
8,14,adjacent,400,30,16,158,FWD,E9,E10,E11,E12,8.469000,232.939000,OK
8,14,adjacent,400,30,16,159,REV,E10,E9,E11,E12,22.641000,232.380000,OK
8,14,adjacent,400,30,16,160,FWD,E9,E10,E12,E1,-16.812000,233.178000,OK
8,14,adjacent,400,30,16,161,REV,E10,E9,E12,E1,-11.672000,232.141000,OK
8,14,adjacent,400,30,16,162,FWD,E10,E11,E1,E2,-22.695000,117.387000,OK
8,14,adjacent,400,30,16,163,REV,E11,E10,E1,E2,-18.031000,274.196000,OK
8,14,adjacent,400,30,16,164,FWD,E10,E11,E2,E3,32.820000,228.071000,OK
8,14,adjacent,400,30,16,165,REV,E11,E10,E2,E3,36.820000,247.542000,OK
8,14,adjacent,400,30,16,166,FWD,E10,E11,E3,E4,6.758000,236.769000,OK
8,14,adjacent,400,30,16,167,REV,E11,E10,E3,E4,9.820000,245.228000,OK
8,14,adjacent,400,30,16,168,FWD,E10,E11,E4,E5,-6.156000,239.482000,OK
8,14,adjacent,400,30,16,169,REV,E11,E10,E4,E5,-3.344000,244.111000,OK
8,14,adjacent,400,30,16,170,FWD,E10,E11,E5,E6,-41.648000,240.679000,OK
8,14,adjacent,400,30,16,171,REV,E11,E10,E5,E6,-38.742000,244.829000,OK
8,14,adjacent,400,30,16,172,FWD,E10,E11,E6,E7,8.094000,241.397000,OK
8,14,adjacent,400,30,16,173,REV,E11,E10,E6,E7,11.945000,244.749000,OK
8,14,adjacent,400,30,16,174,FWD,E10,E11,E7,E8,24.945000,241.956000,OK
8,14,adjacent,400,30,16,175,REV,E11,E10,E7,E8,31.172000,245.068000,OK
8,14,adjacent,400,30,16,176,FWD,E10,E11,E8,E9,41.672000,242.435000,OK
8,14,adjacent,400,30,16,177,REV,E11,E10,E8,E9,54.727000,245.308000,OK
8,14,adjacent,400,30,16,178,FWD,E10,E11,E12,E1,-15.164000,242.355000,OK
8,14,adjacent,400,30,16,179,REV,E11,E10,E12,E1,-2.359000,245.388000,OK
8,14,adjacent,400,30,16,180,FWD,E11,E12,E1,E2,-22.562000,89.776000,OK
8,14,adjacent,400,30,16,181,REV,E12,E11,E1,E2,-15.164000,258.634000,OK
8,14,adjacent,400,30,16,182,FWD,E11,E12,E2,E3,32.516000,220.809000,OK
8,14,adjacent,400,30,16,183,REV,E12,E11,E2,E3,37.688000,234.295000,OK
8,14,adjacent,400,30,16,184,FWD,E11,E12,E3,E4,6.977000,229.986000,OK
8,14,adjacent,400,30,16,185,REV,E12,E11,E3,E4,10.250000,231.821000,OK
8,14,adjacent,400,30,16,186,FWD,E11,E12,E4,E5,-6.492000,232.300000,OK
8,14,adjacent,400,30,16,187,REV,E12,E11,E4,E5,-3.820000,231.183000,OK
8,14,adjacent,400,30,16,188,FWD,E11,E12,E5,E6,-43.016000,233.338000,OK
8,14,adjacent,400,30,16,189,REV,E12,E11,E5,E6,-40.609000,231.901000,OK
8,14,adjacent,400,30,16,190,FWD,E11,E12,E6,E7,8.188000,233.417000,OK
8,14,adjacent,400,30,16,191,REV,E12,E11,E6,E7,10.938000,231.183000,OK
8,14,adjacent,400,30,16,192,FWD,E11,E12,E7,E8,22.969000,234.375000,OK
8,14,adjacent,400,30,16,193,REV,E12,E11,E7,E8,26.656000,232.460000,OK
8,14,adjacent,400,30,16,194,FWD,E11,E12,E8,E9,45.000000,234.056000,OK
8,14,adjacent,400,30,16,195,REV,E12,E11,E8,E9,50.445000,232.460000,OK
8,14,adjacent,400,30,16,196,FWD,E11,E12,E9,E10,-60.859000,234.694000,OK
8,14,adjacent,400,30,16,197,REV,E12,E11,E9,E10,-47.641000,232.460000,OK
8,14,adjacent,400,30,16,198,FWD,E12,E1,E2,E3,32.391000,101.267000,OK
8,14,adjacent,400,30,16,199,REV,E1,E12,E2,E3,41.367000,261.587000,OK
8,14,adjacent,400,30,16,200,FWD,E12,E1,E3,E4,6.500000,218.734000,OK
8,14,adjacent,400,30,16,201,REV,E1,E12,E3,E4,11.500000,235.732000,OK
8,14,adjacent,400,30,16,202,FWD,E12,E1,E4,E5,-7.125000,227.911000,OK
8,14,adjacent,400,30,16,203,REV,E1,E12,E4,E5,-3.711000,232.540000,OK
8,14,adjacent,400,30,16,204,FWD,E12,E1,E5,E6,-44.469000,229.348000,OK
8,14,adjacent,400,30,16,205,REV,E1,E12,E5,E6,-41.813000,233.018000,OK
8,14,adjacent,400,30,16,206,FWD,E12,E1,E6,E7,8.063000,230.545000,OK
8,14,adjacent,400,30,16,207,REV,E1,E12,E6,E7,10.781000,232.300000,OK
8,14,adjacent,400,30,16,208,FWD,E12,E1,E7,E8,21.437000,230.784000,OK
8,14,adjacent,400,30,16,209,REV,E1,E12,E7,E8,24.461000,232.859000,OK
8,14,adjacent,400,30,16,210,FWD,E12,E1,E8,E9,47.891000,231.103000,OK
8,14,adjacent,400,30,16,211,REV,E1,E12,E8,E9,51.766000,233.497000,OK
8,14,adjacent,400,30,16,212,FWD,E12,E1,E9,E10,-49.180000,231.183000,OK
8,14,adjacent,400,30,16,213,REV,E1,E12,E9,E10,-44.148000,232.540000,OK
8,14,adjacent,400,30,16,214,FWD,E12,E1,E10,E11,25.969000,231.901000,OK
8,14,adjacent,400,30,16,215,REV,E1,E12,E10,E11,36.266000,233.417000,OK
9,15,adjacent,400,30,16,0,FWD,E1,E2,E3,E4,7.133000,97.517000,OK
9,15,adjacent,400,30,16,1,REV,E2,E1,E3,E4,14.578000,269.328000,OK
9,15,adjacent,400,30,16,2,FWD,E1,E2,E4,E5,-7.891000,231.183000,OK
9,15,adjacent,400,30,16,3,REV,E2,E1,E4,E5,-2.961000,242.754000,OK
9,15,adjacent,400,30,16,4,FWD,E1,E2,E5,E6,-45.953000,240.121000,OK
9,15,adjacent,400,30,16,5,REV,E2,E1,E5,E6,-42.617000,239.801000,OK
9,15,adjacent,400,30,16,6,FWD,E1,E2,E6,E7,8.039000,243.153000,OK
9,15,adjacent,400,30,16,7,REV,E2,E1,E6,E7,10.898000,238.205000,OK
9,15,adjacent,400,30,16,8,FWD,E1,E2,E7,E8,20.164000,243.153000,OK
9,15,adjacent,400,30,16,9,REV,E2,E1,E7,E8,23.039000,238.285000,OK
9,15,adjacent,400,30,16,10,FWD,E1,E2,E8,E9,51.078000,243.552000,OK
9,15,adjacent,400,30,16,11,REV,E2,E1,E8,E9,54.242000,238.525000,OK
9,15,adjacent,400,30,16,12,FWD,E1,E2,E9,E10,-49.164000,243.871000,OK
9,15,adjacent,400,30,16,13,REV,E2,E1,E9,E10,-45.734000,238.205000,OK
9,15,adjacent,400,30,16,14,FWD,E1,E2,E10,E11,23.859000,244.111000,OK
9,15,adjacent,400,30,16,15,REV,E2,E1,E10,E11,29.000000,238.445000,OK
9,15,adjacent,400,30,16,16,FWD,E1,E2,E11,E12,0.562000,243.951000,OK
9,15,adjacent,400,30,16,17,REV,E2,E1,E11,E12,10.125000,238.285000,OK
9,15,adjacent,400,30,16,18,FWD,E2,E3,E4,E5,-8.516000,103.980000,OK
9,15,adjacent,400,30,16,19,REV,E3,E2,E4,E5,0.359000,280.181000,OK
9,15,adjacent,400,30,16,20,FWD,E2,E3,E5,E6,-47.977000,214.026000,OK
9,15,adjacent,400,30,16,21,REV,E3,E2,E5,E6,-42.680000,244.909000,OK
9,15,adjacent,400,30,16,22,FWD,E2,E3,E6,E7,7.437000,225.198000,OK
9,15,adjacent,400,30,16,23,REV,E3,E2,E6,E7,11.375000,239.642000,OK
9,15,adjacent,400,30,16,24,FWD,E2,E3,E7,E8,18.687000,228.709000,OK
9,15,adjacent,400,30,16,25,REV,E3,E2,E7,E8,22.086000,238.046000,OK
9,15,adjacent,400,30,16,26,FWD,E2,E3,E8,E9,53.805000,228.949000,OK
9,15,adjacent,400,30,16,27,REV,E3,E2,E8,E9,57.023000,238.205000,OK
9,15,adjacent,400,30,16,28,FWD,E2,E3,E9,E10,-50.445000,230.066000,OK
9,15,adjacent,400,30,16,29,REV,E3,E2,E9,E10,-47.500000,237.407000,OK
9,15,adjacent,400,30,16,30,FWD,E2,E3,E10,E11,21.305000,229.747000,OK
9,15,adjacent,400,30,16,31,REV,E3,E2,E10,E11,25.156000,237.407000,OK
9,15,adjacent,400,30,16,32,FWD,E2,E3,E11,E12,-0.164000,229.986000,OK
9,15,adjacent,400,30,16,33,REV,E3,E2,E11,E12,5.477000,237.407000,OK
9,15,adjacent,400,30,16,34,FWD,E2,E3,E12,E1,0.461000,230.225000,OK
9,15,adjacent,400,30,16,35,REV,E3,E2,E12,E1,11.570000,237.008000,OK
9,15,adjacent,400,30,16,36,FWD,E3,E4,E1,E2,11.734000,82.275000,OK
9,15,adjacent,400,30,16,37,REV,E4,E3,E1,E2,9.078000,256.161000,OK
9,15,adjacent,400,30,16,38,FWD,E3,E4,E5,E6,-50.484000,206.924000,OK
9,15,adjacent,400,30,16,39,REV,E4,E3,E5,E6,-39.344000,227.831000,OK
9,15,adjacent,400,30,16,40,FWD,E3,E4,E6,E7,6.844000,217.697000,OK
9,15,adjacent,400,30,16,41,REV,E4,E3,E6,E7,12.078000,224.480000,OK
9,15,adjacent,400,30,16,42,FWD,E3,E4,E7,E8,17.578000,220.091000,OK
9,15,adjacent,400,30,16,43,REV,E4,E3,E7,E8,21.180000,223.921000,OK
9,15,adjacent,400,30,16,44,FWD,E3,E4,E8,E9,57.117000,221.527000,OK
9,15,adjacent,400,30,16,45,REV,E4,E3,E8,E9,60.063000,223.761000,OK
9,15,adjacent,400,30,16,46,FWD,E3,E4,E9,E10,-51.836000,222.325000,OK
9,15,adjacent,400,30,16,47,REV,E4,E3,E9,E10,-49.516000,223.522000,OK
9,15,adjacent,400,30,16,48,FWD,E3,E4,E10,E11,20.109000,222.564000,OK
9,15,adjacent,400,30,16,49,REV,E4,E3,E10,E11,22.805000,224.400000,OK
9,15,adjacent,400,30,16,50,FWD,E3,E4,E11,E12,0.445000,223.442000,OK
9,15,adjacent,400,30,16,51,REV,E4,E3,E11,E12,3.641000,223.841000,OK
9,15,adjacent,400,30,16,52,FWD,E3,E4,E12,E1,-2.305000,223.682000,OK
9,15,adjacent,400,30,16,53,REV,E4,E3,E12,E1,2.445000,225.038000,OK
9,15,adjacent,400,30,16,54,FWD,E4,E5,E1,E2,-20.937000,96.160000,OK
9,15,adjacent,400,30,16,55,REV,E5,E4,E1,E2,-17.227000,267.413000,OK
9,15,adjacent,400,30,16,56,FWD,E4,E5,E2,E3,52.305000,219.612000,OK
9,15,adjacent,400,30,16,57,REV,E5,E4,E2,E3,57.664000,239.323000,OK
9,15,adjacent,400,30,16,58,FWD,E4,E5,E6,E7,4.156000,229.747000,OK
9,15,adjacent,400,30,16,59,REV,E5,E4,E6,E7,14.922000,236.051000,OK
9,15,adjacent,400,30,16,60,FWD,E4,E5,E7,E8,15.688000,231.183000,OK
9,15,adjacent,400,30,16,61,REV,E5,E4,E7,E8,21.289000,235.173000,OK
9,15,adjacent,400,30,16,62,FWD,E4,E5,E8,E9,59.672000,233.417000,OK
9,15,adjacent,400,30,16,63,REV,E5,E4,E8,E9,63.422000,234.934000,OK
9,15,adjacent,400,30,16,64,FWD,E4,E5,E9,E10,-53.688000,233.338000,OK
9,15,adjacent,400,30,16,65,REV,E5,E4,E9,E10,-51.148000,235.173000,OK
9,15,adjacent,400,30,16,66,FWD,E4,E5,E10,E11,18.992000,234.136000,OK
9,15,adjacent,400,30,16,67,REV,E5,E4,E10,E11,21.664000,235.253000,OK
9,15,adjacent,400,30,16,68,FWD,E4,E5,E11,E12,0.461000,234.215000,OK
9,15,adjacent,400,30,16,69,REV,E5,E4,E11,E12,3.242000,235.652000,OK
9,15,adjacent,400,30,16,70,FWD,E4,E5,E12,E1,-5.242000,234.774000,OK
9,15,adjacent,400,30,16,71,REV,E5,E4,E12,E1,-1.734000,236.530000,OK
9,15,adjacent,400,30,16,72,FWD,E5,E6,E1,E2,-23.680000,113.636000,OK
9,15,adjacent,400,30,16,73,REV,E6,E5,E1,E2,-20.617000,282.734000,OK
9,15,adjacent,400,30,16,74,FWD,E5,E6,E2,E3,34.195000,242.914000,OK
9,15,adjacent,400,30,16,75,REV,E6,E5,E2,E3,39.977000,255.682000,OK
9,15,adjacent,400,30,16,76,FWD,E5,E6,E3,E4,15.805000,253.288000,OK
9,15,adjacent,400,30,16,77,REV,E6,E5,E3,E4,26.281000,251.931000,OK
9,15,adjacent,400,30,16,78,FWD,E5,E6,E7,E8,11.883000,256.480000,OK
9,15,adjacent,400,30,16,79,REV,E6,E5,E7,E8,24.094000,251.053000,OK
9,15,adjacent,400,30,16,80,FWD,E5,E6,E8,E9,61.352000,257.198000,OK
9,15,adjacent,400,30,16,81,REV,E6,E5,E8,E9,67.508000,250.734000,OK
9,15,adjacent,400,30,16,82,FWD,E5,E6,E9,E10,-55.789000,257.358000,OK
9,15,adjacent,400,30,16,83,REV,E6,E5,E9,E10,-52.195000,250.974000,OK
9,15,adjacent,400,30,16,84,FWD,E5,E6,E10,E11,18.000000,257.836000,OK
9,15,adjacent,400,30,16,85,REV,E6,E5,E10,E11,21.258000,250.335000,OK
9,15,adjacent,400,30,16,86,FWD,E5,E6,E11,E12,0.375000,257.836000,OK
9,15,adjacent,400,30,16,87,REV,E6,E5,E11,E12,3.328000,251.053000,OK
9,15,adjacent,400,30,16,88,FWD,E5,E6,E12,E1,-7.797000,257.437000,OK
9,15,adjacent,400,30,16,89,REV,E6,E5,E12,E1,-4.656000,250.894000,OK
9,15,adjacent,400,30,16,90,FWD,E6,E7,E1,E2,-24.258000,135.183000,OK
9,15,adjacent,400,30,16,91,REV,E7,E6,E1,E2,-21.133000,314.814000,OK
9,15,adjacent,400,30,16,92,FWD,E6,E7,E2,E3,32.578000,251.452000,OK
9,15,adjacent,400,30,16,93,REV,E7,E6,E2,E3,37.375000,278.505000,OK
9,15,adjacent,400,30,16,94,FWD,E6,E7,E3,E4,5.391000,264.460000,OK
9,15,adjacent,400,30,16,95,REV,E7,E6,E3,E4,12.313000,273.477000,OK
9,15,adjacent,400,30,16,96,FWD,E6,E7,E4,E5,2.508000,268.450000,OK
9,15,adjacent,400,30,16,97,REV,E7,E6,E4,E5,15.141000,271.243000,OK
9,15,adjacent,400,30,16,98,FWD,E6,E7,E8,E9,60.539000,268.450000,OK
9,15,adjacent,400,30,16,99,REV,E7,E6,E8,E9,73.656000,271.881000,OK
9,15,adjacent,400,30,16,100,FWD,E6,E7,E9,E10,-58.531000,269.727000,OK
9,15,adjacent,400,30,16,101,REV,E7,E6,E9,E10,-52.586000,271.083000,OK
9,15,adjacent,400,30,16,102,FWD,E6,E7,E10,E11,16.766000,269.807000,OK
9,15,adjacent,400,30,16,103,REV,E7,E6,E10,E11,21.383000,271.403000,OK
9,15,adjacent,400,30,16,104,FWD,E6,E7,E11,E12,0.055000,270.046000,OK
9,15,adjacent,400,30,16,105,REV,E7,E6,E11,E12,3.672000,271.004000,OK
9,15,adjacent,400,30,16,106,FWD,E6,E7,E12,E1,-10.445000,269.807000,OK
9,15,adjacent,400,30,16,107,REV,E7,E6,E12,E1,-6.953000,271.004000,OK
9,15,adjacent,400,30,16,108,FWD,E7,E8,E1,E2,-23.891000,106.295000,OK
9,15,adjacent,400,30,16,109,REV,E8,E7,E1,E2,-21.125000,292.231000,OK
9,15,adjacent,400,30,16,110,FWD,E7,E8,E2,E3,32.617000,230.146000,OK
9,15,adjacent,400,30,16,111,REV,E8,E7,E2,E3,36.328000,256.639000,OK
9,15,adjacent,400,30,16,112,FWD,E7,E8,E3,E4,5.742000,243.632000,OK
9,15,adjacent,400,30,16,113,REV,E8,E7,E3,E4,10.055000,251.133000,OK
9,15,adjacent,400,30,16,114,FWD,E7,E8,E4,E5,-3.828000,245.787000,OK
9,15,adjacent,400,30,16,115,REV,E8,E7,E4,E5,2.320000,250.255000,OK
9,15,adjacent,400,30,16,116,FWD,E7,E8,E5,E6,-34.359000,246.744000,OK
9,15,adjacent,400,30,16,117,REV,E8,E7,E5,E6,-23.281000,250.016000,OK
9,15,adjacent,400,30,16,118,FWD,E7,E8,E9,E10,-62.680000,247.143000,OK
9,15,adjacent,400,30,16,119,REV,E8,E7,E9,E10,-50.336000,249.537000,OK
9,15,adjacent,400,30,16,120,FWD,E7,E8,E10,E11,15.273000,247.861000,OK
9,15,adjacent,400,30,16,121,REV,E8,E7,E10,E11,22.180000,250.176000,OK
9,15,adjacent,400,30,16,122,FWD,E7,E8,E11,E12,-0.250000,247.861000,OK
9,15,adjacent,400,30,16,123,REV,E8,E7,E11,E12,4.133000,249.856000,OK
9,15,adjacent,400,30,16,124,FWD,E7,E8,E12,E1,-12.688000,248.260000,OK
9,15,adjacent,400,30,16,125,REV,E8,E7,E12,E1,-9.094000,250.255000,OK
9,15,adjacent,400,30,16,126,FWD,E8,E9,E1,E2,-23.109000,70.704000,OK
9,15,adjacent,400,30,16,127,REV,E9,E8,E1,E2,-20.898000,260.949000,OK
9,15,adjacent,400,30,16,128,FWD,E8,E9,E2,E3,33.141000,198.145000,OK
9,15,adjacent,400,30,16,129,REV,E9,E8,E2,E3,35.789000,227.113000,OK
9,15,adjacent,400,30,16,130,FWD,E8,E9,E3,E4,6.469000,210.515000,OK
9,15,adjacent,400,30,16,131,REV,E9,E8,E3,E4,9.188000,222.644000,OK
9,15,adjacent,400,30,16,132,FWD,E8,E9,E4,E5,-4.633000,212.510000,OK
9,15,adjacent,400,30,16,133,REV,E9,E8,E4,E5,-1.344000,222.086000,OK
9,15,adjacent,400,30,16,134,FWD,E8,E9,E5,E6,-37.883000,214.345000,OK
9,15,adjacent,400,30,16,135,REV,E9,E8,E5,E6,-33.242000,220.569000,OK
9,15,adjacent,400,30,16,136,FWD,E8,E9,E6,E7,11.586000,214.185000,OK
9,15,adjacent,400,30,16,137,REV,E9,E8,E6,E7,20.453000,220.809000,OK
9,15,adjacent,400,30,16,138,FWD,E8,E9,E10,E11,17.477000,214.425000,OK
9,15,adjacent,400,30,16,139,REV,E9,E8,E10,E11,30.297000,220.809000,OK
9,15,adjacent,400,30,16,140,FWD,E8,E9,E11,E12,0.234000,215.622000,OK
9,15,adjacent,400,30,16,141,REV,E9,E8,E11,E12,5.422000,220.649000,OK
9,15,adjacent,400,30,16,142,FWD,E8,E9,E12,E1,-14.523000,215.542000,OK
9,15,adjacent,400,30,16,143,REV,E9,E8,E12,E1,-11.055000,221.208000,OK
9,15,adjacent,400,30,16,144,FWD,E9,E10,E1,E2,-22.844000,94.404000,OK
9,15,adjacent,400,30,16,145,REV,E10,E9,E1,E2,-20.000000,259.273000,OK
9,15,adjacent,400,30,16,146,FWD,E9,E10,E2,E3,33.203000,217.697000,OK
9,15,adjacent,400,30,16,147,REV,E10,E9,E2,E3,36.055000,234.614000,OK
9,15,adjacent,400,30,16,148,FWD,E9,E10,E3,E4,6.773000,227.113000,OK
9,15,adjacent,400,30,16,149,REV,E10,E9,E3,E4,9.273000,231.901000,OK
9,15,adjacent,400,30,16,150,FWD,E9,E10,E4,E5,-5.344000,230.465000,OK
9,15,adjacent,400,30,16,151,REV,E10,E9,E4,E5,-2.711000,231.422000,OK
9,15,adjacent,400,30,16,152,FWD,E9,E10,E5,E6,-39.836000,230.864000,OK
9,15,adjacent,400,30,16,153,REV,E10,E9,E5,E6,-36.828000,231.502000,OK
9,15,adjacent,400,30,16,154,FWD,E9,E10,E6,E7,9.094000,231.742000,OK
9,15,adjacent,400,30,16,155,REV,E10,E9,E6,E7,13.719000,232.380000,OK
9,15,adjacent,400,30,16,156,FWD,E9,E10,E7,E8,30.109000,232.939000,OK
9,15,adjacent,400,30,16,157,REV,E10,E9,E7,E8,40.391000,231.901000,OK
9,15,adjacent,400,30,16,158,FWD,E9,E10,E11,E12,8.430000,233.258000,OK
9,15,adjacent,400,30,16,159,REV,E10,E9,E11,E12,22.664000,232.380000,OK
9,15,adjacent,400,30,16,160,FWD,E9,E10,E12,E1,-16.844000,233.178000,OK
9,15,adjacent,400,30,16,161,REV,E10,E9,E12,E1,-11.680000,232.939000,OK
9,15,adjacent,400,30,16,162,FWD,E10,E11,E1,E2,-22.773000,117.227000,OK
9,15,adjacent,400,30,16,163,REV,E11,E10,E1,E2,-18.055000,274.435000,OK
9,15,adjacent,400,30,16,164,FWD,E10,E11,E2,E3,32.836000,228.789000,OK
9,15,adjacent,400,30,16,165,REV,E11,E10,E2,E3,36.852000,248.260000,OK
9,15,adjacent,400,30,16,166,FWD,E10,E11,E3,E4,6.789000,237.088000,OK
9,15,adjacent,400,30,16,167,REV,E11,E10,E3,E4,9.836000,245.388000,OK
9,15,adjacent,400,30,16,168,FWD,E10,E11,E4,E5,-6.055000,239.642000,OK
9,15,adjacent,400,30,16,169,REV,E11,E10,E4,E5,-3.227000,244.350000,OK
9,15,adjacent,400,30,16,170,FWD,E10,E11,E5,E6,-41.797000,240.360000,OK
9,15,adjacent,400,30,16,171,REV,E11,E10,E5,E6,-38.922000,244.909000,OK
9,15,adjacent,400,30,16,172,FWD,E10,E11,E6,E7,8.234000,240.998000,OK
9,15,adjacent,400,30,16,173,REV,E11,E10,E6,E7,12.055000,245.148000,OK
9,15,adjacent,400,30,16,174,FWD,E10,E11,E7,E8,25.094000,241.557000,OK
9,15,adjacent,400,30,16,175,REV,E11,E10,E7,E8,31.344000,244.590000,OK
9,15,adjacent,400,30,16,176,FWD,E10,E11,E8,E9,41.695000,242.275000,OK
9,15,adjacent,400,30,16,177,REV,E11,E10,E8,E9,54.703000,245.388000,OK
9,15,adjacent,400,30,16,178,FWD,E10,E11,E12,E1,-15.063000,242.914000,OK
9,15,adjacent,400,30,16,179,REV,E11,E10,E12,E1,-2.352000,245.388000,OK
9,15,adjacent,400,30,16,180,FWD,E11,E12,E1,E2,-22.687000,89.217000,OK
9,15,adjacent,400,30,16,181,REV,E12,E11,E1,E2,-15.180000,258.874000,OK
9,15,adjacent,400,30,16,182,FWD,E11,E12,E2,E3,32.547000,221.048000,OK
9,15,adjacent,400,30,16,183,REV,E12,E11,E2,E3,37.695000,233.976000,OK
9,15,adjacent,400,30,16,184,FWD,E11,E12,E3,E4,7.008000,229.906000,OK
9,15,adjacent,400,30,16,185,REV,E12,E11,E3,E4,10.313000,231.981000,OK
9,15,adjacent,400,30,16,186,FWD,E11,E12,E4,E5,-6.383000,233.258000,OK
9,15,adjacent,400,30,16,187,REV,E12,E11,E4,E5,-3.703000,231.901000,OK
9,15,adjacent,400,30,16,188,FWD,E11,E12,E5,E6,-43.227000,232.540000,OK
9,15,adjacent,400,30,16,189,REV,E12,E11,E5,E6,-40.813000,232.220000,OK
9,15,adjacent,400,30,16,190,FWD,E11,E12,E6,E7,8.352000,234.215000,OK
9,15,adjacent,400,30,16,191,REV,E12,E11,E6,E7,11.102000,231.422000,OK
9,15,adjacent,400,30,16,192,FWD,E11,E12,E7,E8,23.180000,234.535000,OK
9,15,adjacent,400,30,16,193,REV,E12,E11,E7,E8,26.883000,232.699000,OK
9,15,adjacent,400,30,16,194,FWD,E11,E12,E8,E9,44.992000,234.694000,OK
9,15,adjacent,400,30,16,195,REV,E12,E11,E8,E9,50.453000,233.178000,OK
9,15,adjacent,400,30,16,196,FWD,E11,E12,E9,E10,-61.086000,234.774000,OK
9,15,adjacent,400,30,16,197,REV,E12,E11,E9,E10,-47.852000,232.939000,OK
9,15,adjacent,400,30,16,198,FWD,E12,E1,E2,E3,32.461000,100.948000,OK
9,15,adjacent,400,30,16,199,REV,E1,E12,E2,E3,41.438000,261.667000,OK
9,15,adjacent,400,30,16,200,FWD,E12,E1,E3,E4,6.539000,218.814000,OK
9,15,adjacent,400,30,16,201,REV,E1,E12,E3,E4,11.508000,235.572000,OK
9,15,adjacent,400,30,16,202,FWD,E12,E1,E4,E5,-7.039000,227.033000,OK
9,15,adjacent,400,30,16,203,REV,E1,E12,E4,E5,-3.609000,232.859000,OK
9,15,adjacent,400,30,16,204,FWD,E12,E1,E5,E6,-44.695000,228.550000,OK
9,15,adjacent,400,30,16,205,REV,E1,E12,E5,E6,-42.016000,232.460000,OK
9,15,adjacent,400,30,16,206,FWD,E12,E1,E6,E7,8.219000,230.465000,OK
9,15,adjacent,400,30,16,207,REV,E1,E12,E6,E7,10.969000,233.178000,OK
9,15,adjacent,400,30,16,208,FWD,E12,E1,E7,E8,21.609000,231.103000,OK
9,15,adjacent,400,30,16,209,REV,E1,E12,E7,E8,24.695000,232.939000,OK
9,15,adjacent,400,30,16,210,FWD,E12,E1,E8,E9,47.961000,231.343000,OK
9,15,adjacent,400,30,16,211,REV,E1,E12,E8,E9,51.797000,233.417000,OK
9,15,adjacent,400,30,16,212,FWD,E12,E1,E9,E10,-49.414000,231.422000,OK
9,15,adjacent,400,30,16,213,REV,E1,E12,E9,E10,-44.352000,233.018000,OK
9,15,adjacent,400,30,16,214,FWD,E12,E1,E10,E11,25.984000,231.901000,OK
9,15,adjacent,400,30,16,215,REV,E1,E12,E10,E11,36.242000,233.417000,OK
