frame_index,frame_id,pattern,dac_code,settle_ms,sample_count,record_index,polarity,i_plus,i_minus,v_plus,v_minus,voltage_mv,current_ua,quality
0,6,adjacent,620,30,32,0,FWD,E1,E2,E3,E4,8.477000,0.200000,I_LOW
0,6,adjacent,620,30,32,1,REV,E2,E1,E3,E4,8.492000,0.200000,I_LOW
0,6,adjacent,620,30,32,2,FWD,E1,E2,E4,E5,-0.992000,1.197000,I_LOW
0,6,adjacent,620,30,32,3,REV,E2,E1,E4,E5,-0.969000,0.279000,I_LOW
0,6,adjacent,620,30,32,4,FWD,E1,E2,E5,E6,-8.578000,1.077000,I_LOW
0,6,adjacent,620,30,32,5,REV,E2,E1,E5,E6,-8.629000,0.120000,I_LOW
0,6,adjacent,620,30,32,6,FWD,E1,E2,E6,E7,-3.219000,0.439000,I_LOW
0,6,adjacent,620,30,32,7,REV,E2,E1,E6,E7,-3.246000,0.239000,I_LOW
0,6,adjacent,620,30,32,8,FWD,E1,E2,E7,E8,-9.488000,0.559000,I_LOW
0,6,adjacent,620,30,32,9,REV,E2,E1,E7,E8,-9.227000,0.120000,I_LOW
0,6,adjacent,620,30,32,10,FWD,E1,E2,E8,E9,-5.121000,0.998000,I_LOW
0,6,adjacent,620,30,32,11,REV,E2,E1,E8,E9,-5.371000,0.160000,I_LOW
0,6,adjacent,620,30,32,12,FWD,E1,E2,E9,E10,21.965000,1.237000,I_LOW
0,6,adjacent,620,30,32,13,REV,E2,E1,E9,E10,22.219000,0.279000,I_LOW
0,6,adjacent,620,30,32,14,FWD,E1,E2,E10,E11,6.164000,0.718000,I_LOW
0,6,adjacent,620,30,32,15,REV,E2,E1,E10,E11,5.434000,0.000000,I_LOW
0,6,adjacent,620,30,32,16,FWD,E1,E2,E11,E12,4.297000,0.718000,I_LOW
0,6,adjacent,620,30,32,17,REV,E2,E1,E11,E12,4.602000,0.120000,I_LOW
0,6,adjacent,620,30,32,18,FWD,E2,E3,E4,E5,-2.152000,262.664000,OK
0,6,adjacent,620,30,32,19,REV,E3,E2,E4,E5,2.004000,309.587000,OK
0,6,adjacent,620,30,32,20,FWD,E2,E3,E5,E6,-10.316000,302.764000,OK
0,6,adjacent,620,30,32,21,REV,E3,E2,E5,E6,-7.687000,309.507000,OK
0,6,adjacent,620,30,32,22,FWD,E2,E3,E6,E7,-4.043000,309.188000,OK
0,6,adjacent,620,30,32,23,REV,E3,E2,E6,E7,-2.824000,310.305000,OK
0,6,adjacent,620,30,32,24,FWD,E2,E3,E7,E8,-9.609000,311.981000,OK
0,6,adjacent,620,30,32,25,REV,E3,E2,E7,E8,-8.422000,311.582000,OK
0,6,adjacent,620,30,32,26,FWD,E2,E3,E8,E9,-5.320000,314.136000,OK
0,6,adjacent,620,30,32,27,REV,E3,E2,E8,E9,-4.402000,311.901000,OK
0,6,adjacent,620,30,32,28,FWD,E2,E3,E9,E10,17.031000,315.772000,OK
0,6,adjacent,620,30,32,29,REV,E3,E2,E9,E10,18.754000,311.941000,OK
0,6,adjacent,620,30,32,30,FWD,E2,E3,E10,E11,5.316000,317.049000,OK
0,6,adjacent,620,30,32,31,REV,E3,E2,E10,E11,5.836000,313.178000,OK
0,6,adjacent,620,30,32,32,FWD,E2,E3,E11,E12,6.035000,317.208000,OK
0,6,adjacent,620,30,32,33,REV,E3,E2,E11,E12,9.340000,313.777000,OK
0,6,adjacent,620,30,32,34,FWD,E2,E3,E12,E1,-226.852000,318.804000,OK
0,6,adjacent,620,30,32,35,REV,E3,E2,E12,E1,126.785000,314.016000,OK
0,6,adjacent,620,30,32,36,FWD,E3,E4,E1,E2,157.793000,248.540000,OK
0,6,adjacent,620,30,32,37,REV,E4,E3,E1,E2,282.531000,320.001000,OK
0,6,adjacent,620,30,32,38,FWD,E3,E4,E5,E6,-13.590000,294.505000,OK
0,6,adjacent,620,30,32,39,REV,E4,E3,E5,E6,-4.598000,311.662000,OK
0,6,adjacent,620,30,32,40,FWD,E3,E4,E6,E7,-4.262000,298.575000,OK
0,6,adjacent,620,30,32,41,REV,E4,E3,E6,E7,-2.738000,313.338000,OK
0,6,adjacent,620,30,32,42,FWD,E3,E4,E7,E8,-9.305000,300.769000,OK
0,6,adjacent,620,30,32,43,REV,E4,E3,E7,E8,-8.191000,316.011000,OK
0,6,adjacent,620,30,32,44,FWD,E3,E4,E8,E9,-4.922000,302.206000,OK
0,6,adjacent,620,30,32,45,REV,E4,E3,E8,E9,-4.141000,319.203000,OK
0,6,adjacent,620,30,32,46,FWD,E3,E4,E9,E10,15.102000,303.802000,OK
0,6,adjacent,620,30,32,47,REV,E4,E3,E9,E10,15.918000,323.313000,OK
0,6,adjacent,620,30,32,48,FWD,E3,E4,E10,E11,5.652000,305.557000,OK
0,6,adjacent,620,30,32,49,REV,E4,E3,E10,E11,5.824000,326.904000,OK
0,6,adjacent,620,30,32,50,FWD,E3,E4,E11,E12,8.895000,306.714000,OK
0,6,adjacent,620,30,32,51,REV,E4,E3,E11,E12,10.070000,328.580000,OK
0,6,adjacent,620,30,32,52,FWD,E3,E4,E12,E1,5.539000,307.872000,OK
0,6,adjacent,620,30,32,53,REV,E4,E3,E12,E1,-106.816000,330.734000,OK
0,6,adjacent,620,30,32,54,FWD,E4,E5,E1,E2,296.141000,298.335000,OK
0,6,adjacent,620,30,32,55,REV,E5,E4,E1,E2,192.453000,334.485000,OK
0,6,adjacent,620,30,32,56,FWD,E4,E5,E2,E3,-13.273000,350.884000,OK
0,6,adjacent,620,30,32,57,REV,E5,E4,E2,E3,-13.500000,333.049000,OK
0,6,adjacent,620,30,32,58,FWD,E4,E5,E6,E7,-5.766000,359.782000,OK
0,6,adjacent,620,30,32,59,REV,E5,E4,E6,E7,-1.758000,334.365000,OK
0,6,adjacent,620,30,32,60,FWD,E4,E5,E7,E8,-9.863000,365.129000,OK
0,6,adjacent,620,30,32,61,REV,E5,E4,E7,E8,-7.523000,335.523000,OK
0,6,adjacent,620,30,32,62,FWD,E4,E5,E8,E9,-4.777000,367.443000,OK
0,6,adjacent,620,30,32,63,REV,E5,E4,E8,E9,-3.617000,336.919000,OK
0,6,adjacent,620,30,32,64,FWD,E4,E5,E9,E10,13.563000,368.640000,OK
0,6,adjacent,620,30,32,65,REV,E5,E4,E9,E10,14.738000,338.316000,OK
0,6,adjacent,620,30,32,66,FWD,E4,E5,E10,E11,5.512000,369.837000,OK
0,6,adjacent,620,30,32,67,REV,E5,E4,E10,E11,5.770000,338.754000,OK
0,6,adjacent,620,30,32,68,FWD,E4,E5,E11,E12,9.996000,371.513000,OK
0,6,adjacent,620,30,32,69,REV,E5,E4,E11,E12,10.805000,339.433000,OK
0,6,adjacent,620,30,32,70,FWD,E4,E5,E12,E1,-102.992000,372.630000,OK
0,6,adjacent,620,30,32,71,REV,E5,E4,E12,E1,17.418000,340.710000,OK
0,6,adjacent,620,30,32,72,FWD,E5,E6,E1,E2,164.461000,316.889000,OK
0,6,adjacent,620,30,32,73,REV,E6,E5,E1,E2,360.734000,410.136000,OK
0,6,adjacent,620,30,32,74,FWD,E5,E6,E2,E3,-27.406000,385.398000,OK
0,6,adjacent,620,30,32,75,REV,E6,E5,E2,E3,-24.035000,399.922000,OK
0,6,adjacent,620,30,32,76,FWD,E5,E6,E3,E4,69.934000,392.460000,OK
0,6,adjacent,620,30,32,77,REV,E6,E5,E3,E4,72.660000,399.124000,OK
0,6,adjacent,620,30,32,78,FWD,E5,E6,E7,E8,-12.098000,394.376000,OK
0,6,adjacent,620,30,32,79,REV,E6,E5,E7,E8,-4.812000,398.605000,OK
0,6,adjacent,620,30,32,80,FWD,E5,E6,E8,E9,-5.180000,396.091000,OK
0,6,adjacent,620,30,32,81,REV,E6,E5,E8,E9,-2.402000,398.406000,OK
0,6,adjacent,620,30,32,82,FWD,E5,E6,E9,E10,11.926000,396.730000,OK
0,6,adjacent,620,30,32,83,REV,E6,E5,E9,E10,13.984000,399.483000,OK
0,6,adjacent,620,30,32,84,FWD,E5,E6,E10,E11,5.105000,396.849000,OK
0,6,adjacent,620,30,32,85,REV,E6,E5,E10,E11,6.211000,398.964000,OK
0,6,adjacent,620,30,32,86,FWD,E5,E6,E11,E12,10.414000,397.807000,OK
0,6,adjacent,620,30,32,87,REV,E6,E5,E11,E12,11.363000,398.805000,OK
0,6,adjacent,620,30,32,88,FWD,E5,E6,E12,E1,9.484000,397.887000,OK
0,6,adjacent,620,30,32,89,REV,E6,E5,E12,E1,-98.039000,399.523000,OK
0,6,adjacent,620,30,32,90,FWD,E6,E7,E1,E2,349.062000,265.457000,OK
0,6,adjacent,620,30,32,91,REV,E7,E6,E1,E2,162.668000,368.361000,OK
0,6,adjacent,620,30,32,92,FWD,E6,E7,E2,E3,-26.566000,345.817000,OK
0,6,adjacent,620,30,32,93,REV,E7,E6,E2,E3,-25.281000,355.872000,OK
0,6,adjacent,620,30,32,94,FWD,E6,E7,E3,E4,27.820000,354.595000,OK
0,6,adjacent,620,30,32,95,REV,E7,E6,E3,E4,28.508000,353.957000,OK
0,6,adjacent,620,30,32,96,FWD,E6,E7,E4,E5,-22.922000,356.470000,OK
0,6,adjacent,620,30,32,97,REV,E7,E6,E4,E5,-18.762000,353.877000,OK
0,6,adjacent,620,30,32,98,FWD,E6,E7,E8,E9,-5.605000,357.986000,OK
0,6,adjacent,620,30,32,99,REV,E7,E6,E8,E9,-1.250000,354.316000,OK
0,6,adjacent,620,30,32,100,FWD,E6,E7,E9,E10,11.168000,358.984000,OK
0,6,adjacent,620,30,32,101,REV,E7,E6,E9,E10,13.063000,354.715000,OK
0,6,adjacent,620,30,32,102,FWD,E6,E7,E10,E11,5.145000,359.503000,OK
0,6,adjacent,620,30,32,103,REV,E7,E6,E10,E11,6.789000,354.874000,OK
0,6,adjacent,620,30,32,104,FWD,E6,E7,E11,E12,10.695000,360.181000,OK
0,6,adjacent,620,30,32,105,REV,E7,E6,E11,E12,11.414000,355.114000,OK
0,6,adjacent,620,30,32,106,FWD,E6,E7,E12,E1,-97.750000,360.580000,OK
0,6,adjacent,620,30,32,107,REV,E7,E6,E12,E1,-15.703000,355.632000,OK
0,6,adjacent,620,30,32,108,FWD,E7,E8,E1,E2,154.812000,206.365000,OK
0,6,adjacent,620,30,32,109,REV,E8,E7,E1,E2,394.672000,295.941000,OK
0,6,adjacent,620,30,32,110,FWD,E7,E8,E2,E3,-26.480000,281.098000,OK
0,6,adjacent,620,30,32,111,REV,E8,E7,E2,E3,-25.469000,285.408000,OK
0,6,adjacent,620,30,32,112,FWD,E7,E8,E3,E4,17.457000,288.121000,OK
0,6,adjacent,620,30,32,113,REV,E8,E7,E3,E4,18.078000,283.453000,OK
0,6,adjacent,620,30,32,114,FWD,E7,E8,E4,E5,-13.113000,290.196000,OK
0,6,adjacent,620,30,32,115,REV,E8,E7,E4,E5,-11.043000,283.732000,OK
0,6,adjacent,620,30,32,116,FWD,E7,E8,E5,E6,-7.977000,290.714000,OK
0,6,adjacent,620,30,32,117,REV,E8,E7,E5,E6,-3.648000,283.612000,OK
0,6,adjacent,620,30,32,118,FWD,E7,E8,E9,E10,14.246000,291.393000,OK
0,6,adjacent,620,30,32,119,REV,E8,E7,E9,E10,8.555000,282.774000,OK
0,6,adjacent,620,30,32,120,FWD,E7,E8,E10,E11,0.691000,291.871000,OK
0,6,adjacent,620,30,32,121,REV,E8,E7,E10,E11,11.602000,283.572000,OK
0,6,adjacent,620,30,32,122,FWD,E7,E8,E11,E12,10.535000,292.151000,OK
0,6,adjacent,620,30,32,123,REV,E8,E7,E11,E12,12.191000,283.652000,OK
0,6,adjacent,620,30,32,124,FWD,E7,E8,E12,E1,-2.820000,291.832000,OK
0,6,adjacent,620,30,32,125,REV,E8,E7,E12,E1,-123.906000,283.812000,OK
0,6,adjacent,620,30,32,126,FWD,E8,E9,E1,E2,300.570000,199.063000,OK
0,6,adjacent,620,30,32,127,REV,E9,E8,E1,E2,166.406000,299.572000,OK
0,6,adjacent,620,30,32,128,FWD,E8,E9,E2,E3,-26.395000,273.677000,OK
0,6,adjacent,620,30,32,129,REV,E9,E8,E2,E3,-25.637000,292.989000,OK
0,6,adjacent,620,30,32,130,FWD,E8,E9,E3,E4,13.141000,282.974000,OK
0,6,adjacent,620,30,32,131,REV,E9,E8,E3,E4,13.574000,292.749000,OK
0,6,adjacent,620,30,32,132,FWD,E8,E9,E4,E5,-7.855000,285.886000,OK
0,6,adjacent,620,30,32,133,REV,E9,E8,E4,E5,-6.836000,293.029000,OK
0,6,adjacent,620,30,32,134,FWD,E8,E9,E5,E6,-9.457000,288.201000,OK
0,6,adjacent,620,30,32,135,REV,E9,E8,E5,E6,-7.598000,293.707000,OK
0,6,adjacent,620,30,32,136,FWD,E8,E9,E6,E7,-4.594000,288.640000,OK
0,6,adjacent,620,30,32,137,REV,E9,E8,E6,E7,-1.590000,293.507000,OK
0,6,adjacent,620,30,32,138,FWD,E8,E9,E10,E11,-70.766000,290.076000,OK
0,6,adjacent,620,30,32,139,REV,E9,E8,E10,E11,91.164000,293.787000,OK
0,6,adjacent,620,30,32,140,FWD,E8,E9,E11,E12,5.723000,290.395000,OK
0,6,adjacent,620,30,32,141,REV,E9,E8,E11,E12,19.059000,294.345000,OK
0,6,adjacent,620,30,32,142,FWD,E8,E9,E12,E1,-178.328000,289.876000,OK
0,6,adjacent,620,30,32,143,REV,E9,E8,E12,E1,2.250000,294.305000,OK
0,6,adjacent,620,30,32,144,FWD,E9,E10,E1,E2,87.102000,23.102000,OK
0,6,adjacent,620,30,32,145,REV,E10,E9,E1,E2,453.625000,30.205000,OK
0,6,adjacent,620,30,32,146,FWD,E9,E10,E2,E3,-26.164000,26.773000,OK
0,6,adjacent,620,30,32,147,REV,E10,E9,E2,E3,-25.820000,30.165000,OK
0,6,adjacent,620,30,32,148,FWD,E9,E10,E3,E4,10.824000,27.292000,OK
0,6,adjacent,620,30,32,149,REV,E10,E9,E3,E4,10.789000,30.085000,OK
0,6,adjacent,620,30,32,150,FWD,E9,E10,E4,E5,-4.727000,27.212000,OK
0,6,adjacent,620,30,32,151,REV,E10,E9,E4,E5,-4.445000,29.247000,OK
0,6,adjacent,620,30,32,152,FWD,E9,E10,E5,E6,-9.070000,27.691000,OK
0,6,adjacent,620,30,32,153,REV,E10,E9,E5,E6,-8.926000,29.925000,OK
0,6,adjacent,620,30,32,154,FWD,E9,E10,E6,E7,-4.922000,27.771000,OK
0,6,adjacent,620,30,32,155,REV,E10,E9,E6,E7,-4.781000,30.085000,OK
0,6,adjacent,620,30,32,156,FWD,E9,E10,E7,E8,-3.137000,27.771000,OK
0,6,adjacent,620,30,32,157,REV,E10,E9,E7,E8,-4.434000,29.806000,OK
0,6,adjacent,620,30,32,158,FWD,E9,E10,E11,E12,-58.852000,27.731000,OK
0,6,adjacent,620,30,32,159,REV,E10,E9,E11,E12,92.758000,29.367000,OK
0,6,adjacent,620,30,32,160,FWD,E9,E10,E12,E1,96.227000,27.890000,OK
0,6,adjacent,620,30,32,161,REV,E10,E9,E12,E1,-141.262000,29.287000,OK
0,6,adjacent,620,30,32,162,FWD,E10,E11,E1,E2,467.031000,23.860000,OK
0,6,adjacent,620,30,32,163,REV,E11,E10,E1,E2,72.922000,30.923000,OK
0,6,adjacent,620,30,32,164,FWD,E10,E11,E2,E3,-25.805000,30.085000,OK
0,6,adjacent,620,30,32,165,REV,E11,E10,E2,E3,-25.902000,30.245000,OK
0,6,adjacent,620,30,32,166,FWD,E10,E11,E3,E4,9.137000,29.925000,OK
0,6,adjacent,620,30,32,167,REV,E11,E10,E3,E4,9.125000,30.125000,OK
0,6,adjacent,620,30,32,168,FWD,E10,E11,E4,E5,-2.816000,30.245000,OK
0,6,adjacent,620,30,32,169,REV,E11,E10,E4,E5,-2.777000,29.846000,OK
0,6,adjacent,620,30,32,170,FWD,E10,E11,E5,E6,-9.355000,30.284000,OK
0,6,adjacent,620,30,32,171,REV,E11,E10,E5,E6,-9.250000,29.965000,OK
0,6,adjacent,620,30,32,172,FWD,E10,E11,E6,E7,-5.020000,29.885000,OK
0,6,adjacent,620,30,32,173,REV,E11,E10,E6,E7,-4.871000,30.125000,OK
0,6,adjacent,620,30,32,174,FWD,E10,E11,E7,E8,-7.789000,30.324000,OK
0,6,adjacent,620,30,32,175,REV,E11,E10,E7,E8,-6.273000,30.165000,OK
0,6,adjacent,620,30,32,176,FWD,E10,E11,E8,E9,-17.523000,30.524000,OK
0,6,adjacent,620,30,32,177,REV,E11,E10,E8,E9,5.785000,29.925000,OK
0,6,adjacent,620,30,32,178,FWD,E10,E11,E12,E1,-147.480000,30.763000,OK
0,6,adjacent,620,30,32,179,REV,E11,E10,E12,E1,73.660000,29.846000,OK
0,6,adjacent,620,30,32,180,FWD,E11,E12,E1,E2,177.250000,171.412000,OK
0,6,adjacent,620,30,32,181,REV,E12,E11,E1,E2,272.141000,234.175000,OK
0,6,adjacent,620,30,32,182,FWD,E11,E12,E2,E3,-26.812000,205.727000,OK
0,6,adjacent,620,30,32,183,REV,E12,E11,E2,E3,-24.625000,232.659000,OK
0,6,adjacent,620,30,32,184,FWD,E11,E12,E3,E4,7.676000,211.472000,OK
0,6,adjacent,620,30,32,185,REV,E12,E11,E3,E4,8.379000,233.737000,OK
0,6,adjacent,620,30,32,186,FWD,E11,E12,E4,E5,-1.629000,214.704000,OK
0,6,adjacent,620,30,32,187,REV,E12,E11,E4,E5,-1.145000,235.732000,OK
0,6,adjacent,620,30,32,188,FWD,E11,E12,E5,E6,-9.840000,217.457000,OK
0,6,adjacent,620,30,32,189,REV,E12,E11,E5,E6,-9.371000,236.649000,OK
0,6,adjacent,620,30,32,190,FWD,E11,E12,E6,E7,-5.305000,220.051000,OK
0,6,adjacent,620,30,32,191,REV,E12,E11,E6,E7,-4.797000,237.687000,OK
0,6,adjacent,620,30,32,192,FWD,E11,E12,E7,E8,-7.961000,222.445000,OK
0,6,adjacent,620,30,32,193,REV,E12,E11,E7,E8,-6.707000,238.844000,OK
0,6,adjacent,620,30,32,194,FWD,E11,E12,E8,E9,-8.879000,224.839000,OK
0,6,adjacent,620,30,32,195,REV,E12,E11,E8,E9,-0.824000,239.482000,OK
0,6,adjacent,620,30,32,196,FWD,E11,E12,E9,E10,-258.758000,227.353000,OK
0,6,adjacent,620,30,32,197,REV,E12,E11,E9,E10,271.953000,240.639000,OK
0,6,adjacent,620,30,32,198,FWD,E12,E1,E2,E3,-26.195000,0.359000,I_LOW
0,6,adjacent,620,30,32,199,REV,E1,E12,E2,E3,-25.496000,1.436000,I_LOW
0,6,adjacent,620,30,32,200,FWD,E12,E1,E3,E4,7.234000,0.319000,I_LOW
0,6,adjacent,620,30,32,201,REV,E1,E12,E3,E4,7.145000,1.157000,I_LOW
0,6,adjacent,620,30,32,202,FWD,E12,E1,E4,E5,-0.484000,0.040000,I_LOW
0,6,adjacent,620,30,32,203,REV,E1,E12,E4,E5,-0.371000,0.160000,I_LOW
0,6,adjacent,620,30,32,204,FWD,E12,E1,E5,E6,-9.961000,0.080000,I_LOW
0,6,adjacent,620,30,32,205,REV,E1,E12,E5,E6,-9.988000,1.556000,I_LOW
0,6,adjacent,620,30,32,206,FWD,E12,E1,E6,E7,-5.184000,0.120000,I_LOW
0,6,adjacent,620,30,32,207,REV,E1,E12,E6,E7,-5.141000,1.077000,I_LOW
0,6,adjacent,620,30,32,208,FWD,E12,E1,E7,E8,-7.105000,0.200000,I_LOW
0,6,adjacent,620,30,32,209,REV,E1,E12,E7,E8,-7.352000,1.237000,I_LOW
0,6,adjacent,620,30,32,210,FWD,E12,E1,E8,E9,-4.234000,0.160000,I_LOW
0,6,adjacent,620,30,32,211,REV,E1,E12,E8,E9,-3.949000,1.197000,I_LOW
0,6,adjacent,620,30,32,212,FWD,E12,E1,E9,E10,27.508000,0.120000,I_LOW
0,6,adjacent,620,30,32,213,REV,E1,E12,E9,E10,25.648000,1.157000,I_LOW
0,6,adjacent,620,30,32,214,FWD,E12,E1,E10,E11,6.238000,0.200000,I_LOW
0,6,adjacent,620,30,32,215,REV,E1,E12,E10,E11,6.371000,0.599000,I_LOW
1,7,adjacent,620,30,32,0,FWD,E1,E2,E3,E4,6.574000,1.436000,I_LOW
1,7,adjacent,620,30,32,1,REV,E2,E1,E3,E4,6.594000,0.359000,I_LOW
1,7,adjacent,620,30,32,2,FWD,E1,E2,E4,E5,0.344000,0.958000,I_LOW
1,7,adjacent,620,30,32,3,REV,E2,E1,E4,E5,0.316000,-0.080000,I_LOW
1,7,adjacent,620,30,32,4,FWD,E1,E2,E5,E6,-10.180000,0.439000,I_LOW
1,7,adjacent,620,30,32,5,REV,E2,E1,E5,E6,-10.168000,0.040000,I_LOW
1,7,adjacent,620,30,32,6,FWD,E1,E2,E6,E7,-5.242000,1.277000,I_LOW
1,7,adjacent,620,30,32,7,REV,E2,E1,E6,E7,-5.266000,0.200000,I_LOW
1,7,adjacent,620,30,32,8,FWD,E1,E2,E7,E8,-7.223000,1.516000,I_LOW
1,7,adjacent,620,30,32,9,REV,E2,E1,E7,E8,-6.945000,0.160000,I_LOW
1,7,adjacent,620,30,32,10,FWD,E1,E2,E8,E9,-3.789000,0.439000,I_LOW
1,7,adjacent,620,30,32,11,REV,E2,E1,E8,E9,-4.031000,0.040000,I_LOW
1,7,adjacent,620,30,32,12,FWD,E1,E2,E9,E10,17.316000,0.958000,I_LOW
1,7,adjacent,620,30,32,13,REV,E2,E1,E9,E10,17.672000,0.239000,I_LOW
1,7,adjacent,620,30,32,14,FWD,E1,E2,E10,E11,5.187000,1.397000,I_LOW
1,7,adjacent,620,30,32,15,REV,E2,E1,E10,E11,4.867000,0.160000,I_LOW
1,7,adjacent,620,30,32,16,FWD,E1,E2,E11,E12,8.148000,0.798000,I_LOW
1,7,adjacent,620,30,32,17,REV,E2,E1,E11,E12,8.359000,0.040000,I_LOW
1,7,adjacent,620,30,32,18,FWD,E2,E3,E4,E5,-0.906000,260.949000,OK
1,7,adjacent,620,30,32,19,REV,E3,E2,E4,E5,3.238000,308.630000,OK
1,7,adjacent,620,30,32,20,FWD,E2,E3,E5,E6,-11.633000,300.530000,OK
1,7,adjacent,620,30,32,21,REV,E3,E2,E5,E6,-9.059000,308.869000,OK
1,7,adjacent,620,30,32,22,FWD,E2,E3,E6,E7,-6.039000,305.956000,OK
1,7,adjacent,620,30,32,23,REV,E3,E2,E6,E7,-4.844000,309.906000,OK
1,7,adjacent,620,30,32,24,FWD,E2,E3,E7,E8,-7.594000,308.191000,OK
1,7,adjacent,620,30,32,25,REV,E3,E2,E7,E8,-6.457000,310.266000,OK
1,7,adjacent,620,30,32,26,FWD,E2,E3,E8,E9,-4.062000,310.984000,OK
1,7,adjacent,620,30,32,27,REV,E3,E2,E8,E9,-3.219000,311.103000,OK
1,7,adjacent,620,30,32,28,FWD,E2,E3,E9,E10,13.102000,312.181000,OK
1,7,adjacent,620,30,32,29,REV,E3,E2,E9,E10,14.973000,311.662000,OK
1,7,adjacent,620,30,32,30,FWD,E2,E3,E10,E11,4.410000,312.620000,OK
1,7,adjacent,620,30,32,31,REV,E3,E2,E10,E11,5.187000,312.420000,OK
1,7,adjacent,620,30,32,32,FWD,E2,E3,E11,E12,9.320000,314.774000,OK
1,7,adjacent,620,30,32,33,REV,E3,E2,E11,E12,12.516000,312.101000,OK
1,7,adjacent,620,30,32,34,FWD,E2,E3,E12,E1,-232.359000,316.051000,OK
1,7,adjacent,620,30,32,35,REV,E3,E2,E12,E1,132.320000,312.580000,OK
1,7,adjacent,620,30,32,36,FWD,E3,E4,E1,E2,163.266000,246.345000,OK
1,7,adjacent,620,30,32,37,REV,E4,E3,E1,E2,280.445000,314.615000,OK
1,7,adjacent,620,30,32,38,FWD,E3,E4,E5,E6,-14.855000,292.031000,OK
1,7,adjacent,620,30,32,39,REV,E4,E3,E5,E6,-5.633000,304.839000,OK
1,7,adjacent,620,30,32,40,FWD,E3,E4,E6,E7,-6.098000,296.540000,OK
1,7,adjacent,620,30,32,41,REV,E4,E3,E6,E7,-4.629000,306.635000,OK
1,7,adjacent,620,30,32,42,FWD,E3,E4,E7,E8,-7.574000,298.655000,OK
1,7,adjacent,620,30,32,43,REV,E4,E3,E7,E8,-6.492000,310.784000,OK
1,7,adjacent,620,30,32,44,FWD,E3,E4,E8,E9,-3.523000,299.532000,OK
1,7,adjacent,620,30,32,45,REV,E4,E3,E8,E9,-2.746000,314.375000,OK
1,7,adjacent,620,30,32,46,FWD,E3,E4,E9,E10,11.422000,301.647000,OK
1,7,adjacent,620,30,32,47,REV,E4,E3,E9,E10,12.535000,316.849000,OK
1,7,adjacent,620,30,32,48,FWD,E3,E4,E10,E11,4.875000,302.445000,OK
1,7,adjacent,620,30,32,49,REV,E4,E3,E10,E11,5.184000,319.243000,OK
1,7,adjacent,620,30,32,50,FWD,E3,E4,E11,E12,11.668000,303.323000,OK
1,7,adjacent,620,30,32,51,REV,E4,E3,E11,E12,12.805000,321.797000,OK
1,7,adjacent,620,30,32,52,FWD,E3,E4,E12,E1,12.922000,304.879000,OK
1,7,adjacent,620,30,32,53,REV,E4,E3,E12,E1,-106.227000,322.635000,OK
1,7,adjacent,620,30,32,54,FWD,E4,E5,E1,E2,233.082000,285.208000,OK
1,7,adjacent,620,30,32,55,REV,E5,E4,E1,E2,129.293000,331.812000,OK
1,7,adjacent,620,30,32,56,FWD,E4,E5,E2,E3,-13.992000,342.625000,OK
1,7,adjacent,620,30,32,57,REV,E5,E4,E2,E3,-14.137000,330.655000,OK
1,7,adjacent,620,30,32,58,FWD,E4,E5,E6,E7,-7.547000,352.361000,OK
1,7,adjacent,620,30,32,59,REV,E5,E4,E6,E7,-3.523000,331.971000,OK
1,7,adjacent,620,30,32,60,FWD,E4,E5,E7,E8,-8.188000,356.909000,OK
1,7,adjacent,620,30,32,61,REV,E5,E4,E7,E8,-5.824000,332.969000,OK
1,7,adjacent,620,30,32,62,FWD,E4,E5,E8,E9,-3.535000,360.061000,OK
1,7,adjacent,620,30,32,63,REV,E5,E4,E8,E9,-2.461000,334.246000,OK
1,7,adjacent,620,30,32,64,FWD,E4,E5,E9,E10,9.945000,361.937000,OK
1,7,adjacent,620,30,32,65,REV,E5,E4,E9,E10,11.289000,336.121000,OK
1,7,adjacent,620,30,32,66,FWD,E4,E5,E10,E11,5.039000,364.251000,OK
1,7,adjacent,620,30,32,67,REV,E5,E4,E10,E11,5.297000,336.321000,OK
1,7,adjacent,620,30,32,68,FWD,E4,E5,E11,E12,12.527000,365.488000,OK
1,7,adjacent,620,30,32,69,REV,E5,E4,E11,E12,13.223000,337.877000,OK
1,7,adjacent,620,30,32,70,FWD,E4,E5,E12,E1,-103.672000,366.884000,OK
1,7,adjacent,620,30,32,71,REV,E5,E4,E12,E1,18.895000,338.834000,OK
1,7,adjacent,620,30,32,72,FWD,E5,E6,E1,E2,153.992000,317.049000,OK
1,7,adjacent,620,30,32,73,REV,E6,E5,E1,E2,351.234000,406.785000,OK
1,7,adjacent,620,30,32,74,FWD,E5,E6,E2,E3,-27.367000,385.079000,OK
1,7,adjacent,620,30,32,75,REV,E6,E5,E2,E3,-24.055000,396.650000,OK
1,7,adjacent,620,30,32,76,FWD,E5,E6,E3,E4,68.035000,391.662000,OK
1,7,adjacent,620,30,32,77,REV,E6,E5,E3,E4,70.785000,395.373000,OK
1,7,adjacent,620,30,32,78,FWD,E5,E6,E7,E8,-10.406000,394.017000,OK
1,7,adjacent,620,30,32,79,REV,E6,E5,E7,E8,-3.141000,394.934000,OK
1,7,adjacent,620,30,32,80,FWD,E5,E6,E8,E9,-4.230000,395.573000,OK
1,7,adjacent,620,30,32,81,REV,E6,E5,E8,E9,-1.449000,394.256000,OK
1,7,adjacent,620,30,32,82,FWD,E5,E6,E9,E10,9.031000,396.091000,OK
1,7,adjacent,620,30,32,83,REV,E6,E5,E9,E10,10.570000,394.974000,OK
1,7,adjacent,620,30,32,84,FWD,E5,E6,E10,E11,5.004000,396.570000,OK
1,7,adjacent,620,30,32,85,REV,E6,E5,E10,E11,5.602000,395.214000,OK
1,7,adjacent,620,30,32,86,FWD,E5,E6,E11,E12,12.672000,397.089000,OK
1,7,adjacent,620,30,32,87,REV,E6,E5,E11,E12,13.504000,395.134000,OK
1,7,adjacent,620,30,32,88,FWD,E5,E6,E12,E1,22.426000,397.288000,OK
1,7,adjacent,620,30,32,89,REV,E6,E5,E12,E1,-101.242000,395.533000,OK
1,7,adjacent,620,30,32,90,FWD,E6,E7,E1,E2,339.984000,259.632000,OK
1,7,adjacent,620,30,32,91,REV,E7,E6,E1,E2,174.547000,365.847000,OK
1,7,adjacent,620,30,32,92,FWD,E6,E7,E2,E3,-26.445000,342.505000,OK
1,7,adjacent,620,30,32,93,REV,E7,E6,E2,E3,-25.180000,352.201000,OK
1,7,adjacent,620,30,32,94,FWD,E6,E7,E3,E4,25.680000,351.124000,OK
1,7,adjacent,620,30,32,95,REV,E7,E6,E3,E4,26.379000,351.243000,OK
1,7,adjacent,620,30,32,96,FWD,E6,E7,E4,E5,-20.562000,353.278000,OK
1,7,adjacent,620,30,32,97,REV,E7,E6,E4,E5,-16.461000,351.403000,OK
1,7,adjacent,620,30,32,98,FWD,E6,E7,E8,E9,-4.840000,354.954000,OK
1,7,adjacent,620,30,32,99,REV,E7,E6,E8,E9,-0.609000,350.884000,OK
1,7,adjacent,620,30,32,100,FWD,E6,E7,E9,E10,8.605000,356.311000,OK
1,7,adjacent,620,30,32,101,REV,E7,E6,E9,E10,10.270000,351.203000,OK
1,7,adjacent,620,30,32,102,FWD,E6,E7,E10,E11,4.773000,356.031000,OK
1,7,adjacent,620,30,32,103,REV,E7,E6,E10,E11,6.215000,351.084000,OK
1,7,adjacent,620,30,32,104,FWD,E6,E7,E11,E12,12.797000,356.869000,OK
1,7,adjacent,620,30,32,105,REV,E7,E6,E11,E12,13.535000,352.161000,OK
1,7,adjacent,620,30,32,106,FWD,E6,E7,E12,E1,-93.867000,357.867000,OK
1,7,adjacent,620,30,32,107,REV,E7,E6,E12,E1,-14.406000,352.201000,OK
1,7,adjacent,620,30,32,108,FWD,E7,E8,E1,E2,157.953000,203.093000,OK
1,7,adjacent,620,30,32,109,REV,E8,E7,E1,E2,295.477000,297.777000,OK
1,7,adjacent,620,30,32,110,FWD,E7,E8,E2,E3,-26.270000,280.141000,OK
1,7,adjacent,620,30,32,111,REV,E8,E7,E2,E3,-25.246000,287.283000,OK
1,7,adjacent,620,30,32,112,FWD,E7,E8,E3,E4,16.020000,287.363000,OK
1,7,adjacent,620,30,32,113,REV,E8,E7,E3,E4,16.652000,284.650000,OK
1,7,adjacent,620,30,32,114,FWD,E7,E8,E4,E5,-11.242000,289.238000,OK
1,7,adjacent,620,30,32,115,REV,E8,E7,E4,E5,-9.230000,284.689000,OK
1,7,adjacent,620,30,32,116,FWD,E7,E8,E5,E6,-11.113000,289.637000,OK
1,7,adjacent,620,30,32,117,REV,E8,E7,E5,E6,-6.727000,284.011000,OK
1,7,adjacent,620,30,32,118,FWD,E7,E8,E9,E10,11.820000,290.475000,OK
1,7,adjacent,620,30,32,119,REV,E8,E7,E9,E10,5.789000,283.891000,OK
1,7,adjacent,620,30,32,120,FWD,E7,E8,E10,E11,0.461000,291.353000,OK
1,7,adjacent,620,30,32,121,REV,E8,E7,E10,E11,11.418000,283.971000,OK
1,7,adjacent,620,30,32,122,FWD,E7,E8,E11,E12,12.551000,291.153000,OK
1,7,adjacent,620,30,32,123,REV,E8,E7,E11,E12,14.207000,284.370000,OK
1,7,adjacent,620,30,32,124,FWD,E7,E8,E12,E1,-1.043000,290.954000,OK
1,7,adjacent,620,30,32,125,REV,E8,E7,E12,E1,-123.297000,284.929000,OK
1,7,adjacent,620,30,32,126,FWD,E8,E9,E1,E2,297.703000,197.906000,OK
1,7,adjacent,620,30,32,127,REV,E9,E8,E1,E2,216.297000,301.368000,OK
1,7,adjacent,620,30,32,128,FWD,E8,E9,E2,E3,-25.988000,273.597000,OK
1,7,adjacent,620,30,32,129,REV,E9,E8,E2,E3,-25.254000,294.664000,OK
1,7,adjacent,620,30,32,130,FWD,E8,E9,E3,E4,12.070000,282.694000,OK
1,7,adjacent,620,30,32,131,REV,E9,E8,E3,E4,12.527000,294.345000,OK
1,7,adjacent,620,30,32,132,FWD,E8,E9,E4,E5,-6.430000,286.844000,OK
1,7,adjacent,620,30,32,133,REV,E9,E8,E4,E5,-5.441000,294.186000,OK
1,7,adjacent,620,30,32,134,FWD,E8,E9,E5,E6,-11.598000,288.480000,OK
1,7,adjacent,620,30,32,135,REV,E9,E8,E5,E6,-9.707000,295.143000,OK
1,7,adjacent,620,30,32,136,FWD,E8,E9,E6,E7,-6.465000,289.118000,OK
1,7,adjacent,620,30,32,137,REV,E9,E8,E6,E7,-3.504000,295.263000,OK
1,7,adjacent,620,30,32,138,FWD,E8,E9,E10,E11,-71.879000,290.116000,OK
1,7,adjacent,620,30,32,139,REV,E9,E8,E10,E11,93.816000,294.664000,OK
1,7,adjacent,620,30,32,140,FWD,E8,E9,E11,E12,7.766000,290.994000,OK
1,7,adjacent,620,30,32,141,REV,E9,E8,E11,E12,21.441000,295.103000,OK
1,7,adjacent,620,30,32,142,FWD,E8,E9,E12,E1,-107.828000,290.794000,OK
1,7,adjacent,620,30,32,143,REV,E9,E8,E12,E1,5.703000,295.582000,OK
1,7,adjacent,620,30,32,144,FWD,E9,E10,E1,E2,78.539000,23.182000,OK
1,7,adjacent,620,30,32,145,REV,E10,E9,E1,E2,451.891000,31.242000,OK
1,7,adjacent,620,30,32,146,FWD,E9,E10,E2,E3,-25.859000,27.052000,OK
1,7,adjacent,620,30,32,147,REV,E10,E9,E2,E3,-25.512000,29.965000,OK
1,7,adjacent,620,30,32,148,FWD,E9,E10,E3,E4,10.090000,27.531000,OK
1,7,adjacent,620,30,32,149,REV,E10,E9,E3,E4,10.039000,30.205000,OK
1,7,adjacent,620,30,32,150,FWD,E9,E10,E4,E5,-3.594000,27.691000,OK
1,7,adjacent,620,30,32,151,REV,E10,E9,E4,E5,-3.336000,29.806000,OK
1,7,adjacent,620,30,32,152,FWD,E9,E10,E5,E6,-10.809000,28.090000,OK
1,7,adjacent,620,30,32,153,REV,E10,E9,E5,E6,-10.617000,29.885000,OK
1,7,adjacent,620,30,32,154,FWD,E9,E10,E6,E7,-6.645000,27.850000,OK
1,7,adjacent,620,30,32,155,REV,E10,E9,E6,E7,-6.480000,29.407000,OK
1,7,adjacent,620,30,32,156,FWD,E9,E10,E7,E8,-1.305000,28.130000,OK
1,7,adjacent,620,30,32,157,REV,E10,E9,E7,E8,-2.586000,29.846000,OK
1,7,adjacent,620,30,32,158,FWD,E9,E10,E11,E12,-57.836000,28.130000,OK
1,7,adjacent,620,30,32,159,REV,E10,E9,E11,E12,95.570000,29.965000,OK
1,7,adjacent,620,30,32,160,FWD,E9,E10,E12,E1,95.664000,27.970000,OK
1,7,adjacent,620,30,32,161,REV,E10,E9,E12,E1,-155.844000,30.324000,OK
1,7,adjacent,620,30,32,162,FWD,E10,E11,E1,E2,448.859000,24.220000,OK
1,7,adjacent,620,30,32,163,REV,E11,E10,E1,E2,74.398000,30.763000,OK
1,7,adjacent,620,30,32,164,FWD,E10,E11,E2,E3,-25.523000,30.564000,OK
1,7,adjacent,620,30,32,165,REV,E11,E10,E2,E3,-25.602000,30.484000,OK
1,7,adjacent,620,30,32,166,FWD,E10,E11,E3,E4,8.582000,30.524000,OK
1,7,adjacent,620,30,32,167,REV,E11,E10,E3,E4,8.578000,30.364000,OK
1,7,adjacent,620,30,32,168,FWD,E10,E11,E4,E5,-1.820000,29.846000,OK
1,7,adjacent,620,30,32,169,REV,E11,E10,E4,E5,-1.738000,30.125000,OK
1,7,adjacent,620,30,32,170,FWD,E10,E11,E5,E6,-10.781000,30.484000,OK
1,7,adjacent,620,30,32,171,REV,E11,E10,E5,E6,-10.723000,29.965000,OK
1,7,adjacent,620,30,32,172,FWD,E10,E11,E6,E7,-6.672000,30.963000,OK
1,7,adjacent,620,30,32,173,REV,E11,E10,E6,E7,-6.547000,30.125000,OK
1,7,adjacent,620,30,32,174,FWD,E10,E11,E7,E8,-5.965000,30.324000,OK
1,7,adjacent,620,30,32,175,REV,E11,E10,E7,E8,-4.422000,30.005000,OK
1,7,adjacent,620,30,32,176,FWD,E10,E11,E8,E9,-16.746000,30.205000,OK
1,7,adjacent,620,30,32,177,REV,E11,E10,E8,E9,6.859000,30.205000,OK
1,7,adjacent,620,30,32,178,FWD,E10,E11,E12,E1,-142.211000,30.604000,OK
1,7,adjacent,620,30,32,179,REV,E11,E10,E12,E1,75.121000,29.885000,OK
1,7,adjacent,620,30,32,180,FWD,E11,E12,E1,E2,173.016000,171.093000,OK
1,7,adjacent,620,30,32,181,REV,E12,E11,E1,E2,265.961000,232.978000,OK
1,7,adjacent,620,30,32,182,FWD,E11,E12,E2,E3,-26.320000,205.008000,OK
1,7,adjacent,620,30,32,183,REV,E12,E11,E2,E3,-24.160000,232.260000,OK
1,7,adjacent,620,30,32,184,FWD,E11,E12,E3,E4,7.156000,209.956000,OK
1,7,adjacent,620,30,32,185,REV,E12,E11,E3,E4,7.855000,234.255000,OK
1,7,adjacent,620,30,32,186,FWD,E11,E12,E4,E5,-0.746000,212.230000,OK
1,7,adjacent,620,30,32,187,REV,E12,E11,E4,E5,-0.246000,235.732000,OK
1,7,adjacent,620,30,32,188,FWD,E11,E12,E5,E6,-10.996000,214.185000,OK
1,7,adjacent,620,30,32,189,REV,E12,E11,E5,E6,-10.500000,236.649000,OK
1,7,adjacent,620,30,32,190,FWD,E11,E12,E6,E7,-6.898000,215.422000,OK
1,7,adjacent,620,30,32,191,REV,E12,E11,E6,E7,-6.426000,237.288000,OK
1,7,adjacent,620,30,32,192,FWD,E11,E12,E7,E8,-6.043000,216.978000,OK
1,7,adjacent,620,30,32,193,REV,E12,E11,E7,E8,-4.832000,238.644000,OK
1,7,adjacent,620,30,32,194,FWD,E11,E12,E8,E9,-8.383000,218.934000,OK
1,7,adjacent,620,30,32,195,REV,E12,E11,E8,E9,-0.148000,239.123000,OK
1,7,adjacent,620,30,32,196,FWD,E11,E12,E9,E10,-274.344000,221.647000,OK
1,7,adjacent,620,30,32,197,REV,E12,E11,E9,E10,271.289000,239.602000,OK
1,7,adjacent,620,30,32,198,FWD,E12,E1,E2,E3,-25.594000,0.080000,I_LOW
1,7,adjacent,620,30,32,199,REV,E1,E12,E2,E3,-24.977000,1.716000,I_LOW
1,7,adjacent,620,30,32,200,FWD,E12,E1,E3,E4,6.723000,0.239000,I_LOW
1,7,adjacent,620,30,32,201,REV,E1,E12,E3,E4,6.625000,0.599000,I_LOW
1,7,adjacent,620,30,32,202,FWD,E12,E1,E4,E5,0.391000,0.279000,I_LOW
1,7,adjacent,620,30,32,203,REV,E1,E12,E4,E5,0.520000,0.200000,I_LOW
1,7,adjacent,620,30,32,204,FWD,E12,E1,E5,E6,-10.887000,0.160000,I_LOW
1,7,adjacent,620,30,32,205,REV,E1,E12,E5,E6,-10.859000,1.875000,I_LOW
1,7,adjacent,620,30,32,206,FWD,E12,E1,E6,E7,-6.824000,0.200000,I_LOW
1,7,adjacent,620,30,32,207,REV,E1,E12,E6,E7,-6.840000,1.197000,I_LOW
1,7,adjacent,620,30,32,208,FWD,E12,E1,E7,E8,-5.281000,0.239000,I_LOW
1,7,adjacent,620,30,32,209,REV,E1,E12,E7,E8,-5.539000,0.319000,I_LOW
1,7,adjacent,620,30,32,210,FWD,E12,E1,E8,E9,-3.734000,0.160000,I_LOW
1,7,adjacent,620,30,32,211,REV,E1,E12,E8,E9,-3.449000,1.197000,I_LOW
1,7,adjacent,620,30,32,212,FWD,E12,E1,E9,E10,24.250000,0.160000,I_LOW
1,7,adjacent,620,30,32,213,REV,E1,E12,E9,E10,22.422000,1.277000,I_LOW
1,7,adjacent,620,30,32,214,FWD,E12,E1,E10,E11,4.844000,0.200000,I_LOW
1,7,adjacent,620,30,32,215,REV,E1,E12,E10,E11,5.055000,0.160000,I_LOW
2,8,adjacent,620,30,32,0,FWD,E1,E2,E3,E4,6.023000,0.080000,I_LOW
2,8,adjacent,620,30,32,1,REV,E2,E1,E3,E4,6.035000,0.080000,I_LOW
2,8,adjacent,620,30,32,2,FWD,E1,E2,E4,E5,1.242000,1.716000,I_LOW
2,8,adjacent,620,30,32,3,REV,E2,E1,E4,E5,1.203000,0.080000,I_LOW
2,8,adjacent,620,30,32,4,FWD,E1,E2,E5,E6,-10.980000,1.037000,I_LOW
2,8,adjacent,620,30,32,5,REV,E2,E1,E5,E6,-10.953000,0.200000,I_LOW
2,8,adjacent,620,30,32,6,FWD,E1,E2,E6,E7,-6.867000,1.197000,I_LOW
2,8,adjacent,620,30,32,7,REV,E2,E1,E6,E7,-6.879000,0.120000,I_LOW
2,8,adjacent,620,30,32,8,FWD,E1,E2,E7,E8,-5.344000,1.197000,I_LOW
2,8,adjacent,620,30,32,9,REV,E2,E1,E7,E8,-5.078000,0.439000,I_LOW
2,8,adjacent,620,30,32,10,FWD,E1,E2,E8,E9,-3.273000,0.878000,I_LOW
2,8,adjacent,620,30,32,11,REV,E2,E1,E8,E9,-3.559000,0.120000,I_LOW
2,8,adjacent,620,30,32,12,FWD,E1,E2,E9,E10,15.141000,0.559000,I_LOW
2,8,adjacent,620,30,32,13,REV,E2,E1,E9,E10,15.516000,0.040000,I_LOW
2,8,adjacent,620,30,32,14,FWD,E1,E2,E10,E11,4.430000,0.958000,I_LOW
2,8,adjacent,620,30,32,15,REV,E2,E1,E10,E11,3.742000,0.160000,I_LOW
2,8,adjacent,620,30,32,16,FWD,E1,E2,E11,E12,9.773000,0.638000,I_LOW
2,8,adjacent,620,30,32,17,REV,E2,E1,E11,E12,10.031000,0.120000,I_LOW
2,8,adjacent,620,30,32,18,FWD,E2,E3,E4,E5,-0.129000,257.757000,OK
2,8,adjacent,620,30,32,19,REV,E3,E2,E4,E5,3.961000,306.675000,OK
2,8,adjacent,620,30,32,20,FWD,E2,E3,E5,E6,-12.391000,296.899000,OK
2,8,adjacent,620,30,32,21,REV,E3,E2,E5,E6,-9.750000,305.996000,OK
2,8,adjacent,620,30,32,22,FWD,E2,E3,E6,E7,-7.445000,302.325000,OK
2,8,adjacent,620,30,32,23,REV,E3,E2,E6,E7,-6.223000,307.752000,OK
2,8,adjacent,620,30,32,24,FWD,E2,E3,E7,E8,-5.672000,304.680000,OK
2,8,adjacent,620,30,32,25,REV,E3,E2,E7,E8,-4.527000,308.071000,OK
2,8,adjacent,620,30,32,26,FWD,E2,E3,E8,E9,-3.684000,306.954000,OK
2,8,adjacent,620,30,32,27,REV,E3,E2,E8,E9,-2.777000,308.151000,OK
2,8,adjacent,620,30,32,28,FWD,E2,E3,E9,E10,11.395000,308.590000,OK
2,8,adjacent,620,30,32,29,REV,E3,E2,E9,E10,13.117000,309.268000,OK
2,8,adjacent,620,30,32,30,FWD,E2,E3,E10,E11,4.000000,308.949000,OK
2,8,adjacent,620,30,32,31,REV,E3,E2,E10,E11,4.730000,309.707000,OK
2,8,adjacent,620,30,32,32,FWD,E2,E3,E11,E12,10.328000,310.625000,OK
2,8,adjacent,620,30,32,33,REV,E3,E2,E11,E12,13.527000,309.787000,OK
2,8,adjacent,620,30,32,34,FWD,E2,E3,E12,E1,-200.348000,311.502000,OK
2,8,adjacent,620,30,32,35,REV,E3,E2,E12,E1,137.281000,310.266000,OK
2,8,adjacent,620,30,32,36,FWD,E3,E4,E1,E2,158.695000,243.233000,OK
2,8,adjacent,620,30,32,37,REV,E4,E3,E1,E2,275.094000,310.345000,OK
2,8,adjacent,620,30,32,38,FWD,E3,E4,E5,E6,-15.547000,289.398000,OK
2,8,adjacent,620,30,32,39,REV,E4,E3,E5,E6,-6.270000,297.657000,OK
2,8,adjacent,620,30,32,40,FWD,E3,E4,E6,E7,-7.605000,293.587000,OK
2,8,adjacent,620,30,32,41,REV,E4,E3,E6,E7,-6.156000,299.213000,OK
2,8,adjacent,620,30,32,42,FWD,E3,E4,E7,E8,-5.480000,295.183000,OK
2,8,adjacent,620,30,32,43,REV,E4,E3,E7,E8,-4.480000,303.403000,OK
2,8,adjacent,620,30,32,44,FWD,E3,E4,E8,E9,-3.625000,296.460000,OK
2,8,adjacent,620,30,32,45,REV,E4,E3,E8,E9,-2.883000,305.358000,OK
2,8,adjacent,620,30,32,46,FWD,E3,E4,E9,E10,10.137000,297.458000,OK
2,8,adjacent,620,30,32,47,REV,E4,E3,E9,E10,10.957000,307.672000,OK
2,8,adjacent,620,30,32,48,FWD,E3,E4,E10,E11,4.090000,298.176000,OK
2,8,adjacent,620,30,32,49,REV,E4,E3,E10,E11,4.879000,310.146000,OK
2,8,adjacent,620,30,32,50,FWD,E3,E4,E11,E12,12.527000,299.852000,OK
2,8,adjacent,620,30,32,51,REV,E4,E3,E11,E12,13.648000,311.742000,OK
2,8,adjacent,620,30,32,52,FWD,E3,E4,E12,E1,6.520000,301.009000,OK
2,8,adjacent,620,30,32,53,REV,E4,E3,E12,E1,-161.375000,313.657000,OK
2,8,adjacent,620,30,32,54,FWD,E4,E5,E1,E2,289.062000,268.769000,OK
2,8,adjacent,620,30,32,55,REV,E5,E4,E1,E2,132.992000,327.822000,OK
2,8,adjacent,620,30,32,56,FWD,E4,E5,E2,E3,-14.379000,332.011000,OK
2,8,adjacent,620,30,32,57,REV,E5,E4,E2,E3,-14.453000,326.186000,OK
2,8,adjacent,620,30,32,58,FWD,E4,E5,E6,E7,-8.949000,344.261000,OK
2,8,adjacent,620,30,32,59,REV,E5,E4,E6,E7,-5.098000,326.944000,OK
2,8,adjacent,620,30,32,60,FWD,E4,E5,E7,E8,-5.840000,349.807000,OK
2,8,adjacent,620,30,32,61,REV,E5,E4,E7,E8,-3.480000,328.899000,OK
2,8,adjacent,620,30,32,62,FWD,E4,E5,E8,E9,-3.824000,353.677000,OK
2,8,adjacent,620,30,32,63,REV,E5,E4,E8,E9,-2.738000,330.814000,OK
2,8,adjacent,620,30,32,64,FWD,E4,E5,E9,E10,9.035000,356.829000,OK
2,8,adjacent,620,30,32,65,REV,E5,E4,E9,E10,10.168000,331.892000,OK
2,8,adjacent,620,30,32,66,FWD,E4,E5,E10,E11,4.691000,358.864000,OK
2,8,adjacent,620,30,32,67,REV,E5,E4,E10,E11,5.145000,332.570000,OK
2,8,adjacent,620,30,32,68,FWD,E4,E5,E11,E12,13.098000,360.181000,OK
2,8,adjacent,620,30,32,69,REV,E5,E4,E11,E12,13.801000,333.847000,OK
2,8,adjacent,620,30,32,70,FWD,E4,E5,E12,E1,-108.008000,361.059000,OK
2,8,adjacent,620,30,32,71,REV,E5,E4,E12,E1,27.262000,334.645000,OK
2,8,adjacent,620,30,32,72,FWD,E5,E6,E1,E2,139.625000,314.455000,OK
2,8,adjacent,620,30,32,73,REV,E6,E5,E1,E2,353.547000,403.952000,OK
2,8,adjacent,620,30,32,74,FWD,E5,E6,E2,E3,-26.719000,382.884000,OK
2,8,adjacent,620,30,32,75,REV,E6,E5,E2,E3,-23.422000,393.258000,OK
2,8,adjacent,620,30,32,76,FWD,E5,E6,E3,E4,66.207000,389.508000,OK
2,8,adjacent,620,30,32,77,REV,E6,E5,E3,E4,69.113000,392.022000,OK
2,8,adjacent,620,30,32,78,FWD,E5,E6,E7,E8,-8.121000,392.381000,OK
2,8,adjacent,620,30,32,79,REV,E6,E5,E7,E8,-0.937000,391.343000,OK
2,8,adjacent,620,30,32,80,FWD,E5,E6,E8,E9,-4.473000,393.338000,OK
2,8,adjacent,620,30,32,81,REV,E6,E5,E8,E9,-1.730000,391.902000,OK
2,8,adjacent,620,30,32,82,FWD,E5,E6,E9,E10,8.258000,393.937000,OK
2,8,adjacent,620,30,32,83,REV,E6,E5,E9,E10,9.465000,391.104000,OK
2,8,adjacent,620,30,32,84,FWD,E5,E6,E10,E11,4.672000,394.455000,OK
2,8,adjacent,620,30,32,85,REV,E6,E5,E10,E11,5.352000,390.904000,OK
2,8,adjacent,620,30,32,86,FWD,E5,E6,E11,E12,13.281000,395.493000,OK
2,8,adjacent,620,30,32,87,REV,E6,E5,E11,E12,14.211000,391.942000,OK
2,8,adjacent,620,30,32,88,FWD,E5,E6,E12,E1,26.805000,395.293000,OK
2,8,adjacent,620,30,32,89,REV,E6,E5,E12,E1,-94.930000,392.421000,OK
2,8,adjacent,620,30,32,90,FWD,E6,E7,E1,E2,258.305000,255.841000,OK
2,8,adjacent,620,30,32,91,REV,E7,E6,E1,E2,165.242000,362.495000,OK
2,8,adjacent,620,30,32,92,FWD,E6,E7,E2,E3,-25.695000,338.595000,OK
2,8,adjacent,620,30,32,93,REV,E7,E6,E2,E3,-24.477000,350.006000,OK
2,8,adjacent,620,30,32,94,FWD,E6,E7,E3,E4,24.840000,346.455000,OK
2,8,adjacent,620,30,32,95,REV,E7,E6,E3,E4,25.512000,348.650000,OK
2,8,adjacent,620,30,32,96,FWD,E6,E7,E4,E5,-19.219000,349.408000,OK
2,8,adjacent,620,30,32,97,REV,E7,E6,E4,E5,-15.172000,348.131000,OK
2,8,adjacent,620,30,32,98,FWD,E6,E7,E8,E9,-5.105000,351.523000,OK
2,8,adjacent,620,30,32,99,REV,E7,E6,E8,E9,-0.875000,348.331000,OK
2,8,adjacent,620,30,32,100,FWD,E6,E7,E9,E10,7.641000,352.600000,OK
2,8,adjacent,620,30,32,101,REV,E7,E6,E9,E10,8.852000,348.530000,OK
2,8,adjacent,620,30,32,102,FWD,E6,E7,E10,E11,4.840000,352.480000,OK
2,8,adjacent,620,30,32,103,REV,E7,E6,E10,E11,5.719000,348.809000,OK
2,8,adjacent,620,30,32,104,FWD,E6,E7,E11,E12,13.547000,353.198000,OK
2,8,adjacent,620,30,32,105,REV,E7,E6,E11,E12,13.961000,349.049000,OK
2,8,adjacent,620,30,32,106,FWD,E6,E7,E12,E1,-82.578000,353.558000,OK
2,8,adjacent,620,30,32,107,REV,E7,E6,E12,E1,-14.410000,349.168000,OK
2,8,adjacent,620,30,32,108,FWD,E7,E8,E1,E2,223.281000,200.180000,OK
2,8,adjacent,620,30,32,109,REV,E8,E7,E1,E2,371.266000,296.101000,OK
2,8,adjacent,620,30,32,110,FWD,E7,E8,E2,E3,-25.676000,277.587000,OK
2,8,adjacent,620,30,32,111,REV,E8,E7,E2,E3,-24.672000,284.889000,OK
2,8,adjacent,620,30,32,112,FWD,E7,E8,E3,E4,15.309000,284.610000,OK
2,8,adjacent,620,30,32,113,REV,E8,E7,E3,E4,15.941000,283.253000,OK
2,8,adjacent,620,30,32,114,FWD,E7,E8,E4,E5,-10.074000,286.844000,OK
2,8,adjacent,620,30,32,115,REV,E8,E7,E4,E5,-8.086000,282.335000,OK
2,8,adjacent,620,30,32,116,FWD,E7,E8,E5,E6,-13.328000,288.201000,OK
2,8,adjacent,620,30,32,117,REV,E8,E7,E5,E6,-8.934000,282.096000,OK
2,8,adjacent,620,30,32,118,FWD,E7,E8,E9,E10,10.387000,288.560000,OK
2,8,adjacent,620,30,32,119,REV,E8,E7,E9,E10,4.586000,282.615000,OK
2,8,adjacent,620,30,32,120,FWD,E7,E8,E10,E11,0.184000,288.959000,OK
2,8,adjacent,620,30,32,121,REV,E8,E7,E10,E11,11.297000,282.934000,OK
2,8,adjacent,620,30,32,122,FWD,E7,E8,E11,E12,13.164000,289.318000,OK
2,8,adjacent,620,30,32,123,REV,E8,E7,E11,E12,14.742000,282.016000,OK
2,8,adjacent,620,30,32,124,FWD,E7,E8,E12,E1,-1.379000,289.597000,OK
2,8,adjacent,620,30,32,125,REV,E8,E7,E12,E1,-115.297000,282.814000,OK
2,8,adjacent,620,30,32,126,FWD,E8,E9,E1,E2,388.312000,195.312000,OK
2,8,adjacent,620,30,32,127,REV,E9,E8,E1,E2,144.250000,299.492000,OK
2,8,adjacent,620,30,32,128,FWD,E8,E9,E2,E3,-25.437000,271.482000,OK
2,8,adjacent,620,30,32,129,REV,E9,E8,E2,E3,-24.672000,292.749000,OK
2,8,adjacent,620,30,32,130,FWD,E8,E9,E3,E4,11.625000,281.378000,OK
2,8,adjacent,620,30,32,131,REV,E9,E8,E3,E4,12.082000,292.430000,OK
2,8,adjacent,620,30,32,132,FWD,E8,E9,E4,E5,-5.582000,284.211000,OK
2,8,adjacent,620,30,32,133,REV,E9,E8,E4,E5,-4.613000,292.869000,OK
2,8,adjacent,620,30,32,134,FWD,E8,E9,E5,E6,-13.414000,285.886000,OK
2,8,adjacent,620,30,32,135,REV,E9,E8,E5,E6,-11.555000,292.749000,OK
2,8,adjacent,620,30,32,136,FWD,E8,E9,E6,E7,-6.090000,287.482000,OK
2,8,adjacent,620,30,32,137,REV,E9,E8,E6,E7,-3.141000,292.869000,OK
2,8,adjacent,620,30,32,138,FWD,E8,E9,E10,E11,-72.117000,288.161000,OK
2,8,adjacent,620,30,32,139,REV,E9,E8,E10,E11,94.395000,292.789000,OK
2,8,adjacent,620,30,32,140,FWD,E8,E9,E11,E12,8.266000,288.161000,OK
2,8,adjacent,620,30,32,141,REV,E9,E8,E11,E12,22.043000,293.547000,OK
2,8,adjacent,620,30,32,142,FWD,E8,E9,E12,E1,-110.305000,288.959000,OK
2,8,adjacent,620,30,32,143,REV,E9,E8,E12,E1,8.273000,293.188000,OK
2,8,adjacent,620,30,32,144,FWD,E9,E10,E1,E2,73.090000,22.903000,OK
2,8,adjacent,620,30,32,145,REV,E10,E9,E1,E2,450.406000,31.003000,OK
2,8,adjacent,620,30,32,146,FWD,E9,E10,E2,E3,-25.125000,26.813000,OK
2,8,adjacent,620,30,32,147,REV,E10,E9,E2,E3,-24.801000,29.925000,OK
2,8,adjacent,620,30,32,148,FWD,E9,E10,E3,E4,9.871000,27.332000,OK
2,8,adjacent,620,30,32,149,REV,E10,E9,E3,E4,9.828000,29.407000,OK
2,8,adjacent,620,30,32,150,FWD,E9,E10,E4,E5,-2.914000,27.372000,OK
2,8,adjacent,620,30,32,151,REV,E10,E9,E4,E5,-2.645000,29.766000,OK
2,8,adjacent,620,30,32,152,FWD,E9,E10,E5,E6,-12.184000,27.731000,OK
2,8,adjacent,620,30,32,153,REV,E10,E9,E5,E6,-11.996000,29.726000,OK
2,8,adjacent,620,30,32,154,FWD,E9,E10,E6,E7,-7.012000,27.850000,OK
2,8,adjacent,620,30,32,155,REV,E10,E9,E6,E7,-6.883000,29.367000,OK
2,8,adjacent,620,30,32,156,FWD,E9,E10,E7,E8,-0.121000,27.850000,OK
2,8,adjacent,620,30,32,157,REV,E10,E9,E7,E8,-1.395000,30.085000,OK
2,8,adjacent,620,30,32,158,FWD,E9,E10,E11,E12,-57.234000,27.850000,OK
2,8,adjacent,620,30,32,159,REV,E10,E9,E11,E12,95.906000,29.726000,OK
2,8,adjacent,620,30,32,160,FWD,E9,E10,E12,E1,96.016000,27.890000,OK
2,8,adjacent,620,30,32,161,REV,E10,E9,E12,E1,-237.781000,29.047000,OK
2,8,adjacent,620,30,32,162,FWD,E10,E11,E1,E2,444.016000,24.020000,OK
2,8,adjacent,620,30,32,163,REV,E11,E10,E1,E2,76.051000,30.963000,OK
2,8,adjacent,620,30,32,164,FWD,E10,E11,E2,E3,-24.992000,29.766000,OK
2,8,adjacent,620,30,32,165,REV,E11,E10,E2,E3,-25.059000,30.245000,OK
2,8,adjacent,620,30,32,166,FWD,E10,E11,E3,E4,8.719000,29.965000,OK
2,8,adjacent,620,30,32,167,REV,E11,E10,E3,E4,8.742000,30.045000,OK
2,8,adjacent,620,30,32,168,FWD,E10,E11,E4,E5,-1.344000,30.364000,OK
2,8,adjacent,620,30,32,169,REV,E11,E10,E4,E5,-1.297000,29.846000,OK
2,8,adjacent,620,30,32,170,FWD,E10,E11,E5,E6,-11.766000,30.125000,OK
2,8,adjacent,620,30,32,171,REV,E11,E10,E5,E6,-11.648000,29.806000,OK
2,8,adjacent,620,30,32,172,FWD,E10,E11,E6,E7,-7.379000,31.043000,OK
2,8,adjacent,620,30,32,173,REV,E11,E10,E6,E7,-7.363000,29.925000,OK
2,8,adjacent,620,30,32,174,FWD,E10,E11,E7,E8,-4.434000,30.963000,OK
2,8,adjacent,620,30,32,175,REV,E11,E10,E7,E8,-2.941000,29.885000,OK
2,8,adjacent,620,30,32,176,FWD,E10,E11,E8,E9,-16.668000,30.085000,OK
2,8,adjacent,620,30,32,177,REV,E11,E10,E8,E9,7.008000,30.205000,OK
2,8,adjacent,620,30,32,178,FWD,E10,E11,E12,E1,-145.559000,30.923000,OK
2,8,adjacent,620,30,32,179,REV,E11,E10,E12,E1,87.590000,29.925000,OK
2,8,adjacent,620,30,32,180,FWD,E11,E12,E1,E2,156.199000,169.337000,OK
2,8,adjacent,620,30,32,181,REV,E12,E11,E1,E2,262.508000,230.425000,OK
2,8,adjacent,620,30,32,182,FWD,E11,E12,E2,E3,-26.000000,202.654000,OK
2,8,adjacent,620,30,32,183,REV,E12,E11,E2,E3,-23.883000,228.669000,OK
2,8,adjacent,620,30,32,184,FWD,E11,E12,E3,E4,7.457000,207.881000,OK
2,8,adjacent,620,30,32,185,REV,E12,E11,E3,E4,8.125000,229.148000,OK
2,8,adjacent,620,30,32,186,FWD,E11,E12,E4,E5,-0.402000,210.155000,OK
2,8,adjacent,620,30,32,187,REV,E12,E11,E4,E5,0.031000,230.744000,OK
2,8,adjacent,620,30,32,188,FWD,E11,E12,E5,E6,-11.957000,211.672000,OK
2,8,adjacent,620,30,32,189,REV,E12,E11,E5,E6,-11.457000,231.542000,OK
2,8,adjacent,620,30,32,190,FWD,E11,E12,E6,E7,-7.809000,213.707000,OK
2,8,adjacent,620,30,32,191,REV,E12,E11,E6,E7,-7.383000,232.380000,OK
2,8,adjacent,620,30,32,192,FWD,E11,E12,E7,E8,-4.391000,215.582000,OK
2,8,adjacent,620,30,32,193,REV,E12,E11,E7,E8,-3.234000,233.218000,OK
2,8,adjacent,620,30,32,194,FWD,E11,E12,E8,E9,-8.418000,216.540000,OK
2,8,adjacent,620,30,32,195,REV,E12,E11,E8,E9,-0.129000,234.175000,OK
2,8,adjacent,620,30,32,196,FWD,E11,E12,E9,E10,-276.195000,217.577000,OK
2,8,adjacent,620,30,32,197,REV,E12,E11,E9,E10,266.398000,234.335000,OK
2,8,adjacent,620,30,32,198,FWD,E12,E1,E2,E3,-25.281000,-0.239000,I_LOW
2,8,adjacent,620,30,32,199,REV,E1,E12,E2,E3,-24.637000,0.479000,I_LOW
2,8,adjacent,620,30,32,200,FWD,E12,E1,E3,E4,7.113000,0.040000,I_LOW
2,8,adjacent,620,30,32,201,REV,E1,E12,E3,E4,7.047000,1.436000,I_LOW
2,8,adjacent,620,30,32,202,FWD,E12,E1,E4,E5,0.645000,0.080000,I_LOW
2,8,adjacent,620,30,32,203,REV,E1,E12,E4,E5,0.762000,1.197000,I_LOW
2,8,adjacent,620,30,32,204,FWD,E12,E1,E5,E6,-11.746000,0.160000,I_LOW
2,8,adjacent,620,30,32,205,REV,E1,E12,E5,E6,-11.688000,0.998000,I_LOW
2,8,adjacent,620,30,32,206,FWD,E12,E1,E6,E7,-7.687000,0.080000,I_LOW
2,8,adjacent,620,30,32,207,REV,E1,E12,E6,E7,-7.703000,0.958000,I_LOW
2,8,adjacent,620,30,32,208,FWD,E12,E1,E7,E8,-3.617000,0.160000,I_LOW
2,8,adjacent,620,30,32,209,REV,E1,E12,E7,E8,-3.809000,1.077000,I_LOW
2,8,adjacent,620,30,32,210,FWD,E12,E1,E8,E9,-3.746000,0.160000,I_LOW
2,8,adjacent,620,30,32,211,REV,E1,E12,E8,E9,-3.453000,1.436000,I_LOW
2,8,adjacent,620,30,32,212,FWD,E12,E1,E9,E10,22.035000,0.279000,I_LOW
2,8,adjacent,620,30,32,213,REV,E1,E12,E9,E10,20.426000,0.998000,I_LOW
2,8,adjacent,620,30,32,214,FWD,E12,E1,E10,E11,4.684000,0.160000,I_LOW
2,8,adjacent,620,30,32,215,REV,E1,E12,E10,E11,4.770000,1.077000,I_LOW
3,9,adjacent,620,30,32,0,FWD,E1,E2,E3,E4,6.582000,1.077000,I_LOW
3,9,adjacent,620,30,32,1,REV,E2,E1,E3,E4,6.582000,0.279000,I_LOW
3,9,adjacent,620,30,32,2,FWD,E1,E2,E4,E5,1.371000,1.397000,I_LOW
3,9,adjacent,620,30,32,3,REV,E2,E1,E4,E5,1.348000,0.080000,I_LOW
3,9,adjacent,620,30,32,4,FWD,E1,E2,E5,E6,-11.652000,1.397000,I_LOW
3,9,adjacent,620,30,32,5,REV,E2,E1,E5,E6,-11.637000,0.200000,I_LOW
3,9,adjacent,620,30,32,6,FWD,E1,E2,E6,E7,-7.902000,0.918000,I_LOW
3,9,adjacent,620,30,32,7,REV,E2,E1,E6,E7,-7.887000,-0.080000,I_LOW
3,9,adjacent,620,30,32,8,FWD,E1,E2,E7,E8,-3.660000,1.117000,I_LOW
3,9,adjacent,620,30,32,9,REV,E2,E1,E7,E8,-3.387000,0.040000,I_LOW
3,9,adjacent,620,30,32,10,FWD,E1,E2,E8,E9,-3.324000,1.436000,I_LOW
3,9,adjacent,620,30,32,11,REV,E2,E1,E8,E9,-3.609000,0.040000,I_LOW
3,9,adjacent,620,30,32,12,FWD,E1,E2,E9,E10,13.391000,0.838000,I_LOW
3,9,adjacent,620,30,32,13,REV,E2,E1,E9,E10,13.656000,0.120000,I_LOW
3,9,adjacent,620,30,32,14,FWD,E1,E2,E10,E11,4.301000,0.399000,I_LOW
3,9,adjacent,620,30,32,15,REV,E2,E1,E10,E11,3.613000,0.080000,I_LOW
3,9,adjacent,620,30,32,16,FWD,E1,E2,E11,E12,10.840000,1.277000,I_LOW
3,9,adjacent,620,30,32,17,REV,E2,E1,E11,E12,11.051000,0.239000,I_LOW
3,9,adjacent,620,30,32,18,FWD,E2,E3,E4,E5,0.078000,255.043000,OK
3,9,adjacent,620,30,32,19,REV,E3,E2,E4,E5,4.086000,305.078000,OK
3,9,adjacent,620,30,32,20,FWD,E2,E3,E5,E6,-12.969000,293.667000,OK
3,9,adjacent,620,30,32,21,REV,E3,E2,E5,E6,-10.418000,304.480000,OK
3,9,adjacent,620,30,32,22,FWD,E2,E3,E6,E7,-8.602000,299.453000,OK
3,9,adjacent,620,30,32,23,REV,E3,E2,E6,E7,-7.414000,304.759000,OK
3,9,adjacent,620,30,32,24,FWD,E2,E3,E7,E8,-3.902000,301.887000,OK
3,9,adjacent,620,30,32,25,REV,E3,E2,E7,E8,-2.719000,305.438000,OK
3,9,adjacent,620,30,32,26,FWD,E2,E3,E8,E9,-3.859000,303.044000,OK
3,9,adjacent,620,30,32,27,REV,E3,E2,E8,E9,-2.941000,306.315000,OK
3,9,adjacent,620,30,32,28,FWD,E2,E3,E9,E10,10.000000,305.358000,OK
3,9,adjacent,620,30,32,29,REV,E3,E2,E9,E10,11.598000,306.435000,OK
3,9,adjacent,620,30,32,30,FWD,E2,E3,E10,E11,3.539000,306.156000,OK
3,9,adjacent,620,30,32,31,REV,E3,E2,E10,E11,4.621000,307.074000,OK
3,9,adjacent,620,30,32,32,FWD,E2,E3,E11,E12,11.430000,307.273000,OK
3,9,adjacent,620,30,32,33,REV,E3,E2,E11,E12,14.574000,307.632000,OK
3,9,adjacent,620,30,32,34,FWD,E2,E3,E12,E1,-238.992000,308.470000,OK
3,9,adjacent,620,30,32,35,REV,E3,E2,E12,E1,138.512000,307.832000,OK
3,9,adjacent,620,30,32,36,FWD,E3,E4,E1,E2,141.695000,240.879000,OK
3,9,adjacent,620,30,32,37,REV,E4,E3,E1,E2,279.141000,309.627000,OK
3,9,adjacent,620,30,32,38,FWD,E3,E4,E5,E6,-15.969000,288.121000,OK
3,9,adjacent,620,30,32,39,REV,E4,E3,E5,E6,-6.715000,299.732000,OK
3,9,adjacent,620,30,32,40,FWD,E3,E4,E6,E7,-8.746000,292.949000,OK
3,9,adjacent,620,30,32,41,REV,E4,E3,E6,E7,-7.312000,300.450000,OK
3,9,adjacent,620,30,32,42,FWD,E3,E4,E7,E8,-3.867000,294.146000,OK
3,9,adjacent,620,30,32,43,REV,E4,E3,E7,E8,-2.805000,302.485000,OK
3,9,adjacent,620,30,32,44,FWD,E3,E4,E8,E9,-3.492000,294.944000,OK
3,9,adjacent,620,30,32,45,REV,E4,E3,E8,E9,-2.734000,305.039000,OK
3,9,adjacent,620,30,32,46,FWD,E3,E4,E9,E10,9.156000,296.620000,OK
3,9,adjacent,620,30,32,47,REV,E4,E3,E9,E10,9.668000,306.156000,OK
3,9,adjacent,620,30,32,48,FWD,E3,E4,E10,E11,4.273000,297.537000,OK
3,9,adjacent,620,30,32,49,REV,E4,E3,E10,E11,4.457000,308.989000,OK
3,9,adjacent,620,30,32,50,FWD,E3,E4,E11,E12,13.258000,297.617000,OK
3,9,adjacent,620,30,32,51,REV,E4,E3,E11,E12,14.316000,311.064000,OK
3,9,adjacent,620,30,32,52,FWD,E3,E4,E12,E1,20.547000,298.854000,OK
3,9,adjacent,620,30,32,53,REV,E4,E3,E12,E1,-102.156000,312.699000,OK
3,9,adjacent,620,30,32,54,FWD,E4,E5,E1,E2,283.227000,271.403000,OK
3,9,adjacent,620,30,32,55,REV,E5,E4,E1,E2,130.617000,327.981000,OK
3,9,adjacent,620,30,32,56,FWD,E4,E5,E2,E3,-14.063000,330.615000,OK
3,9,adjacent,620,30,32,57,REV,E5,E4,E2,E3,-14.176000,326.425000,OK
3,9,adjacent,620,30,32,58,FWD,E4,E5,E6,E7,-10.156000,339.792000,OK
3,9,adjacent,620,30,32,59,REV,E5,E4,E6,E7,-6.395000,327.862000,OK
3,9,adjacent,620,30,32,60,FWD,E4,E5,E7,E8,-4.246000,345.099000,OK
3,9,adjacent,620,30,32,61,REV,E5,E4,E7,E8,-2.008000,328.540000,OK
3,9,adjacent,620,30,32,62,FWD,E4,E5,E8,E9,-3.711000,347.932000,OK
3,9,adjacent,620,30,32,63,REV,E5,E4,E8,E9,-2.738000,330.375000,OK
3,9,adjacent,620,30,32,64,FWD,E4,E5,E9,E10,7.746000,350.166000,OK
3,9,adjacent,620,30,32,65,REV,E5,E4,E9,E10,8.926000,330.974000,OK
3,9,adjacent,620,30,32,66,FWD,E4,E5,E10,E11,4.840000,352.321000,OK
3,9,adjacent,620,30,32,67,REV,E5,E4,E10,E11,5.082000,331.652000,OK
3,9,adjacent,620,30,32,68,FWD,E4,E5,E11,E12,13.828000,353.438000,OK
3,9,adjacent,620,30,32,69,REV,E5,E4,E11,E12,14.531000,332.690000,OK
3,9,adjacent,620,30,32,70,FWD,E4,E5,E12,E1,-155.984000,354.076000,OK
3,9,adjacent,620,30,32,71,REV,E5,E4,E12,E1,33.727000,333.288000,OK
3,9,adjacent,620,30,32,72,FWD,E5,E6,E1,E2,134.359000,313.897000,OK
3,9,adjacent,620,30,32,73,REV,E6,E5,E1,E2,344.562000,402.914000,OK
3,9,adjacent,620,30,32,74,FWD,E5,E6,E2,E3,-26.754000,381.608000,OK
3,9,adjacent,620,30,32,75,REV,E6,E5,E2,E3,-23.465000,392.181000,OK
3,9,adjacent,620,30,32,76,FWD,E5,E6,E3,E4,63.723000,388.750000,OK
3,9,adjacent,620,30,32,77,REV,E6,E5,E3,E4,66.949000,390.346000,OK
3,9,adjacent,620,30,32,78,FWD,E5,E6,E7,E8,-6.539000,391.303000,OK
3,9,adjacent,620,30,32,79,REV,E6,E5,E7,E8,0.656000,389.707000,OK
3,9,adjacent,620,30,32,80,FWD,E5,E6,E8,E9,-4.637000,392.301000,OK
3,9,adjacent,620,30,32,81,REV,E6,E5,E8,E9,-1.914000,390.226000,OK
3,9,adjacent,620,30,32,82,FWD,E5,E6,E9,E10,7.094000,393.099000,OK
3,9,adjacent,620,30,32,83,REV,E6,E5,E9,E10,8.555000,390.545000,OK
3,9,adjacent,620,30,32,84,FWD,E5,E6,E10,E11,4.680000,394.296000,OK
3,9,adjacent,620,30,32,85,REV,E6,E5,E10,E11,5.434000,389.667000,OK
3,9,adjacent,620,30,32,86,FWD,E5,E6,E11,E12,13.965000,394.854000,OK
3,9,adjacent,620,30,32,87,REV,E6,E5,E11,E12,14.898000,390.785000,OK
3,9,adjacent,620,30,32,88,FWD,E5,E6,E12,E1,29.543000,394.176000,OK
3,9,adjacent,620,30,32,89,REV,E6,E5,E12,E1,-92.590000,391.024000,OK
3,9,adjacent,620,30,32,90,FWD,E6,E7,E1,E2,254.969000,253.846000,OK
3,9,adjacent,620,30,32,91,REV,E7,E6,E1,E2,160.422000,361.458000,OK
3,9,adjacent,620,30,32,92,FWD,E6,E7,E2,E3,-25.707000,337.198000,OK
3,9,adjacent,620,30,32,93,REV,E7,E6,E2,E3,-24.496000,348.570000,OK
3,9,adjacent,620,30,32,94,FWD,E6,E7,E3,E4,24.059000,345.657000,OK
3,9,adjacent,620,30,32,95,REV,E7,E6,E3,E4,24.801000,347.293000,OK
3,9,adjacent,620,30,32,96,FWD,E6,E7,E4,E5,-18.187000,348.251000,OK
3,9,adjacent,620,30,32,97,REV,E7,E6,E4,E5,-14.266000,347.054000,OK
3,9,adjacent,620,30,32,98,FWD,E6,E7,E8,E9,-5.297000,349.847000,OK
3,9,adjacent,620,30,32,99,REV,E7,E6,E8,E9,-1.070000,346.375000,OK
3,9,adjacent,620,30,32,100,FWD,E6,E7,E9,E10,6.656000,350.804000,OK
3,9,adjacent,620,30,32,101,REV,E7,E6,E9,E10,8.168000,346.735000,OK
3,9,adjacent,620,30,32,102,FWD,E6,E7,E10,E11,4.676000,350.725000,OK
3,9,adjacent,620,30,32,103,REV,E7,E6,E10,E11,5.852000,346.575000,OK
3,9,adjacent,620,30,32,104,FWD,E6,E7,E11,E12,14.176000,351.722000,OK
3,9,adjacent,620,30,32,105,REV,E7,E6,E11,E12,14.910000,346.655000,OK
3,9,adjacent,620,30,32,106,FWD,E6,E7,E12,E1,-78.609000,352.001000,OK
3,9,adjacent,620,30,32,107,REV,E7,E6,E12,E1,-10.938000,347.293000,OK
3,9,adjacent,620,30,32,108,FWD,E7,E8,E1,E2,217.953000,197.826000,OK
3,9,adjacent,620,30,32,109,REV,E8,E7,E1,E2,273.437000,296.261000,OK
3,9,adjacent,620,30,32,110,FWD,E7,E8,E2,E3,-25.559000,277.188000,OK
3,9,adjacent,620,30,32,111,REV,E8,E7,E2,E3,-24.543000,285.607000,OK
3,9,adjacent,620,30,32,112,FWD,E7,E8,E3,E4,15.598000,284.091000,OK
3,9,adjacent,620,30,32,113,REV,E8,E7,E3,E4,16.258000,283.931000,OK
3,9,adjacent,620,30,32,114,FWD,E7,E8,E4,E5,-9.867000,285.886000,OK
3,9,adjacent,620,30,32,115,REV,E8,E7,E4,E5,-7.910000,283.014000,OK
3,9,adjacent,620,30,32,116,FWD,E7,E8,E5,E6,-14.543000,287.802000,OK
3,9,adjacent,620,30,32,117,REV,E8,E7,E5,E6,-10.137000,282.854000,OK
3,9,adjacent,620,30,32,118,FWD,E7,E8,E9,E10,9.438000,287.881000,OK
3,9,adjacent,620,30,32,119,REV,E8,E7,E9,E10,3.938000,282.974000,OK
3,9,adjacent,620,30,32,120,FWD,E7,E8,E10,E11,0.109000,287.722000,OK
3,9,adjacent,620,30,32,121,REV,E8,E7,E10,E11,11.430000,282.615000,OK
3,9,adjacent,620,30,32,122,FWD,E7,E8,E11,E12,13.625000,288.480000,OK
3,9,adjacent,620,30,32,123,REV,E8,E7,E11,E12,15.238000,281.817000,OK
3,9,adjacent,620,30,32,124,FWD,E7,E8,E12,E1,2.875000,288.280000,OK
3,9,adjacent,620,30,32,125,REV,E8,E7,E12,E1,-110.578000,282.934000,OK
3,9,adjacent,620,30,32,126,FWD,E8,E9,E1,E2,380.641000,195.193000,OK
3,9,adjacent,620,30,32,127,REV,E9,E8,E1,E2,141.953000,299.852000,OK
3,9,adjacent,620,30,32,128,FWD,E8,E9,E2,E3,-25.367000,271.602000,OK
3,9,adjacent,620,30,32,129,REV,E9,E8,E2,E3,-24.629000,292.789000,OK
3,9,adjacent,620,30,32,130,FWD,E8,E9,E3,E4,12.008000,281.258000,OK
3,9,adjacent,620,30,32,131,REV,E9,E8,E3,E4,12.484000,292.630000,OK
3,9,adjacent,620,30,32,132,FWD,E8,E9,E4,E5,-5.480000,284.410000,OK
3,9,adjacent,620,30,32,133,REV,E9,E8,E4,E5,-4.488000,292.749000,OK
3,9,adjacent,620,30,32,134,FWD,E8,E9,E5,E6,-14.336000,285.727000,OK
3,9,adjacent,620,30,32,135,REV,E9,E8,E5,E6,-12.492000,293.228000,OK
3,9,adjacent,620,30,32,136,FWD,E8,E9,E6,E7,-6.793000,287.602000,OK
3,9,adjacent,620,30,32,137,REV,E9,E8,E6,E7,-3.809000,292.470000,OK
3,9,adjacent,620,30,32,138,FWD,E8,E9,E10,E11,-72.598000,287.682000,OK
3,9,adjacent,620,30,32,139,REV,E9,E8,E10,E11,95.477000,293.348000,OK
3,9,adjacent,620,30,32,140,FWD,E8,E9,E11,E12,8.813000,288.480000,OK
3,9,adjacent,620,30,32,141,REV,E9,E8,E11,E12,22.660000,293.388000,OK
3,9,adjacent,620,30,32,142,FWD,E8,E9,E12,E1,-110.211000,289.118000,OK
3,9,adjacent,620,30,32,143,REV,E9,E8,E12,E1,14.805000,293.587000,OK
3,9,adjacent,620,30,32,144,FWD,E9,E10,E1,E2,64.918000,23.342000,OK
3,9,adjacent,620,30,32,145,REV,E10,E9,E1,E2,315.805000,30.963000,OK
3,9,adjacent,620,30,32,146,FWD,E9,E10,E2,E3,-25.066000,26.813000,OK
3,9,adjacent,620,30,32,147,REV,E10,E9,E2,E3,-24.754000,30.125000,OK
3,9,adjacent,620,30,32,148,FWD,E9,E10,E3,E4,10.137000,27.571000,OK
3,9,adjacent,620,30,32,149,REV,E10,E9,E3,E4,10.121000,29.806000,OK
3,9,adjacent,620,30,32,150,FWD,E9,E10,E4,E5,-2.770000,27.531000,OK
3,9,adjacent,620,30,32,151,REV,E10,E9,E4,E5,-2.531000,30.125000,OK
3,9,adjacent,620,30,32,152,FWD,E9,E10,E5,E6,-13.016000,27.611000,OK
3,9,adjacent,620,30,32,153,REV,E10,E9,E5,E6,-12.895000,29.646000,OK
3,9,adjacent,620,30,32,154,FWD,E9,E10,E6,E7,-7.543000,27.691000,OK
3,9,adjacent,620,30,32,155,REV,E10,E9,E6,E7,-7.352000,28.968000,OK
3,9,adjacent,620,30,32,156,FWD,E9,E10,E7,E8,1.230000,27.731000,OK
3,9,adjacent,620,30,32,157,REV,E10,E9,E7,E8,0.016000,30.284000,OK
3,9,adjacent,620,30,32,158,FWD,E9,E10,E11,E12,-57.363000,27.811000,OK
3,9,adjacent,620,30,32,159,REV,E10,E9,E11,E12,96.273000,29.606000,OK
3,9,adjacent,620,30,32,160,FWD,E9,E10,E12,E1,104.836000,28.130000,OK
3,9,adjacent,620,30,32,161,REV,E10,E9,E12,E1,-131.969000,28.609000,OK
3,9,adjacent,620,30,32,162,FWD,E10,E11,E1,E2,314.953000,24.658000,OK
3,9,adjacent,620,30,32,163,REV,E11,E10,E1,E2,64.105000,30.883000,OK
3,9,adjacent,620,30,32,164,FWD,E10,E11,E2,E3,-24.746000,29.207000,OK
3,9,adjacent,620,30,32,165,REV,E11,E10,E2,E3,-24.805000,30.364000,OK
3,9,adjacent,620,30,32,166,FWD,E10,E11,E3,E4,8.762000,30.683000,OK
3,9,adjacent,620,30,32,167,REV,E11,E10,E3,E4,8.770000,30.045000,OK
3,9,adjacent,620,30,32,168,FWD,E10,E11,E4,E5,-1.082000,30.324000,OK
3,9,adjacent,620,30,32,169,REV,E11,E10,E4,E5,-0.977000,30.085000,OK
3,9,adjacent,620,30,32,170,FWD,E10,E11,E5,E6,-12.836000,30.125000,OK
3,9,adjacent,620,30,32,171,REV,E11,E10,E5,E6,-12.730000,30.324000,OK
3,9,adjacent,620,30,32,172,FWD,E10,E11,E6,E7,-7.852000,30.205000,OK
3,9,adjacent,620,30,32,173,REV,E11,E10,E6,E7,-7.832000,30.005000,OK
3,9,adjacent,620,30,32,174,FWD,E10,E11,E7,E8,-3.039000,30.883000,OK
3,9,adjacent,620,30,32,175,REV,E11,E10,E7,E8,-1.477000,30.005000,OK
3,9,adjacent,620,30,32,176,FWD,E10,E11,E8,E9,-16.602000,30.883000,OK
3,9,adjacent,620,30,32,177,REV,E11,E10,E8,E9,7.266000,30.045000,OK
3,9,adjacent,620,30,32,178,FWD,E10,E11,E12,E1,-138.441000,30.524000,OK
3,9,adjacent,620,30,32,179,REV,E11,E10,E12,E1,90.703000,29.885000,OK
3,9,adjacent,620,30,32,180,FWD,E11,E12,E1,E2,151.875000,169.297000,OK
3,9,adjacent,620,30,32,181,REV,E12,E11,E1,E2,338.109000,229.028000,OK
3,9,adjacent,620,30,32,182,FWD,E11,E12,E2,E3,-25.586000,202.215000,OK
3,9,adjacent,620,30,32,183,REV,E12,E11,E2,E3,-23.535000,226.874000,OK
3,9,adjacent,620,30,32,184,FWD,E11,E12,E3,E4,7.520000,206.963000,OK
3,9,adjacent,620,30,32,185,REV,E12,E11,E3,E4,8.152000,227.672000,OK
3,9,adjacent,620,30,32,186,FWD,E11,E12,E4,E5,-0.145000,208.001000,OK
3,9,adjacent,620,30,32,187,REV,E12,E11,E4,E5,0.340000,228.310000,OK
3,9,adjacent,620,30,32,188,FWD,E11,E12,E5,E6,-12.855000,209.597000,OK
3,9,adjacent,620,30,32,189,REV,E12,E11,E5,E6,-12.395000,229.188000,OK
3,9,adjacent,620,30,32,190,FWD,E11,E12,E6,E7,-8.371000,210.674000,OK
3,9,adjacent,620,30,32,191,REV,E12,E11,E6,E7,-7.945000,229.228000,OK
3,9,adjacent,620,30,32,192,FWD,E11,E12,E7,E8,-3.008000,212.071000,OK
3,9,adjacent,620,30,32,193,REV,E12,E11,E7,E8,-1.902000,230.146000,OK
3,9,adjacent,620,30,32,194,FWD,E11,E12,E8,E9,-8.281000,213.587000,OK
3,9,adjacent,620,30,32,195,REV,E12,E11,E8,E9,0.078000,231.023000,OK
3,9,adjacent,620,30,32,196,FWD,E11,E12,E9,E10,-284.422000,213.068000,OK
3,9,adjacent,620,30,32,197,REV,E12,E11,E9,E10,263.352000,230.824000,OK
3,9,adjacent,620,30,32,198,FWD,E12,E1,E2,E3,-24.973000,0.160000,I_LOW
3,9,adjacent,620,30,32,199,REV,E1,E12,E2,E3,-24.312000,0.359000,I_LOW
3,9,adjacent,620,30,32,200,FWD,E12,E1,E3,E4,7.164000,0.200000,I_LOW
3,9,adjacent,620,30,32,201,REV,E1,E12,E3,E4,7.062000,0.918000,I_LOW
3,9,adjacent,620,30,32,202,FWD,E12,E1,E4,E5,0.945000,0.160000,I_LOW
3,9,adjacent,620,30,32,203,REV,E1,E12,E4,E5,1.051000,1.397000,I_LOW
3,9,adjacent,620,30,32,204,FWD,E12,E1,E5,E6,-12.563000,0.239000,I_LOW
3,9,adjacent,620,30,32,205,REV,E1,E12,E5,E6,-12.531000,0.718000,I_LOW
3,9,adjacent,620,30,32,206,FWD,E12,E1,E6,E7,-7.941000,0.000000,I_LOW
3,9,adjacent,620,30,32,207,REV,E1,E12,E6,E7,-8.023000,0.080000,I_LOW
3,9,adjacent,620,30,32,208,FWD,E12,E1,E7,E8,-2.430000,0.239000,I_LOW
3,9,adjacent,620,30,32,209,REV,E1,E12,E7,E8,-2.648000,0.838000,I_LOW
3,9,adjacent,620,30,32,210,FWD,E12,E1,E8,E9,-3.719000,0.080000,I_LOW
3,9,adjacent,620,30,32,211,REV,E1,E12,E8,E9,-3.473000,1.596000,I_LOW
3,9,adjacent,620,30,32,212,FWD,E12,E1,E9,E10,19.660000,0.239000,I_LOW
3,9,adjacent,620,30,32,213,REV,E1,E12,E9,E10,18.398000,0.798000,I_LOW
3,9,adjacent,620,30,32,214,FWD,E12,E1,E10,E11,3.727000,0.359000,I_LOW
3,9,adjacent,620,30,32,215,REV,E1,E12,E10,E11,4.422000,1.317000,I_LOW
4,10,adjacent,620,30,32,0,FWD,E1,E2,E3,E4,6.441000,1.197000,I_LOW
4,10,adjacent,620,30,32,1,REV,E2,E1,E3,E4,6.484000,0.319000,I_LOW
4,10,adjacent,620,30,32,2,FWD,E1,E2,E4,E5,1.641000,1.636000,I_LOW
4,10,adjacent,620,30,32,3,REV,E2,E1,E4,E5,1.633000,0.040000,I_LOW
4,10,adjacent,620,30,32,4,FWD,E1,E2,E5,E6,-12.434000,0.399000,I_LOW
4,10,adjacent,620,30,32,5,REV,E2,E1,E5,E6,-12.449000,0.200000,I_LOW
4,10,adjacent,620,30,32,6,FWD,E1,E2,E6,E7,-8.352000,0.958000,I_LOW
4,10,adjacent,620,30,32,7,REV,E2,E1,E6,E7,-8.344000,0.080000,I_LOW
4,10,adjacent,620,30,32,8,FWD,E1,E2,E7,E8,-2.254000,1.317000,I_LOW
4,10,adjacent,620,30,32,9,REV,E2,E1,E7,E8,-1.996000,0.080000,I_LOW
4,10,adjacent,620,30,32,10,FWD,E1,E2,E8,E9,-3.578000,1.037000,I_LOW
4,10,adjacent,620,30,32,11,REV,E2,E1,E8,E9,-3.922000,0.080000,I_LOW
4,10,adjacent,620,30,32,12,FWD,E1,E2,E9,E10,12.172000,0.918000,I_LOW
4,10,adjacent,620,30,32,13,REV,E2,E1,E9,E10,12.668000,0.000000,I_LOW
4,10,adjacent,620,30,32,14,FWD,E1,E2,E10,E11,3.711000,0.958000,I_LOW
4,10,adjacent,620,30,32,15,REV,E2,E1,E10,E11,3.527000,0.160000,I_LOW
4,10,adjacent,620,30,32,16,FWD,E1,E2,E11,E12,11.500000,1.317000,I_LOW
4,10,adjacent,620,30,32,17,REV,E2,E1,E11,E12,11.691000,0.080000,I_LOW
4,10,adjacent,620,30,32,18,FWD,E2,E3,E4,E5,0.332000,253.368000,OK
4,10,adjacent,620,30,32,19,REV,E3,E2,E4,E5,4.355000,304.041000,OK
4,10,adjacent,620,30,32,20,FWD,E2,E3,E5,E6,-13.680000,292.270000,OK
4,10,adjacent,620,30,32,21,REV,E3,E2,E5,E6,-11.102000,304.041000,OK
4,10,adjacent,620,30,32,22,FWD,E2,E3,E6,E7,-8.891000,297.497000,OK
4,10,adjacent,620,30,32,23,REV,E3,E2,E6,E7,-7.715000,304.600000,OK
4,10,adjacent,620,30,32,24,FWD,E2,E3,E7,E8,-2.543000,300.290000,OK
4,10,adjacent,620,30,32,25,REV,E3,E2,E7,E8,-1.422000,305.039000,OK
4,10,adjacent,620,30,32,26,FWD,E2,E3,E8,E9,-4.176000,302.645000,OK
4,10,adjacent,620,30,32,27,REV,E3,E2,E8,E9,-3.242000,305.438000,OK
4,10,adjacent,620,30,32,28,FWD,E2,E3,E9,E10,8.863000,303.243000,OK
4,10,adjacent,620,30,32,29,REV,E3,E2,E9,E10,10.719000,306.196000,OK
4,10,adjacent,620,30,32,30,FWD,E2,E3,E10,E11,3.379000,304.520000,OK
4,10,adjacent,620,30,32,31,REV,E3,E2,E10,E11,4.187000,306.435000,OK
4,10,adjacent,620,30,32,32,FWD,E2,E3,E11,E12,12.016000,305.757000,OK
4,10,adjacent,620,30,32,33,REV,E3,E2,E11,E12,15.113000,305.996000,OK
4,10,adjacent,620,30,32,34,FWD,E2,E3,E12,E1,-194.910000,307.273000,OK
4,10,adjacent,620,30,32,35,REV,E3,E2,E12,E1,145.375000,306.914000,OK
4,10,adjacent,620,30,32,36,FWD,E3,E4,E1,E2,148.680000,239.283000,OK
4,10,adjacent,620,30,32,37,REV,E4,E3,E1,E2,274.164000,306.076000,OK
4,10,adjacent,620,30,32,38,FWD,E3,E4,E5,E6,-16.668000,286.804000,OK
4,10,adjacent,620,30,32,39,REV,E4,E3,E5,E6,-7.293000,293.228000,OK
4,10,adjacent,620,30,32,40,FWD,E3,E4,E6,E7,-9.324000,290.754000,OK
4,10,adjacent,620,30,32,41,REV,E4,E3,E6,E7,-7.918000,293.906000,OK
4,10,adjacent,620,30,32,42,FWD,E3,E4,E7,E8,-2.297000,292.231000,OK
4,10,adjacent,620,30,32,43,REV,E4,E3,E7,E8,-1.266000,296.181000,OK
4,10,adjacent,620,30,32,44,FWD,E3,E4,E8,E9,-3.988000,292.749000,OK
4,10,adjacent,620,30,32,45,REV,E4,E3,E8,E9,-3.293000,298.655000,OK
4,10,adjacent,620,30,32,46,FWD,E3,E4,E9,E10,8.168000,294.186000,OK
4,10,adjacent,620,30,32,47,REV,E4,E3,E9,E10,8.531000,300.251000,OK
4,10,adjacent,620,30,32,48,FWD,E3,E4,E10,E11,3.938000,295.263000,OK
4,10,adjacent,620,30,32,49,REV,E4,E3,E10,E11,4.391000,303.163000,OK
4,10,adjacent,620,30,32,50,FWD,E3,E4,E11,E12,13.824000,295.782000,OK
4,10,adjacent,620,30,32,51,REV,E4,E3,E11,E12,14.867000,305.956000,OK
4,10,adjacent,620,30,32,52,FWD,E3,E4,E12,E1,21.437000,297.098000,OK
4,10,adjacent,620,30,32,53,REV,E4,E3,E12,E1,-157.516000,308.390000,OK
4,10,adjacent,620,30,32,54,FWD,E4,E5,E1,E2,368.453000,260.669000,OK
4,10,adjacent,620,30,32,55,REV,E5,E4,E1,E2,122.465000,326.864000,OK
4,10,adjacent,620,30,32,56,FWD,E4,E5,E2,E3,-14.504000,324.670000,OK
4,10,adjacent,620,30,32,57,REV,E5,E4,E2,E3,-14.570000,324.869000,OK
4,10,adjacent,620,30,32,58,FWD,E4,E5,E6,E7,-10.574000,336.400000,OK
4,10,adjacent,620,30,32,59,REV,E5,E4,E6,E7,-6.840000,325.747000,OK
4,10,adjacent,620,30,32,60,FWD,E4,E5,E7,E8,-2.816000,341.946000,OK
4,10,adjacent,620,30,32,61,REV,E5,E4,E7,E8,-0.539000,327.662000,OK
4,10,adjacent,620,30,32,62,FWD,E4,E5,E8,E9,-4.246000,345.498000,OK
4,10,adjacent,620,30,32,63,REV,E5,E4,E8,E9,-3.117000,328.660000,OK
4,10,adjacent,620,30,32,64,FWD,E4,E5,E9,E10,7.141000,349.368000,OK
4,10,adjacent,620,30,32,65,REV,E5,E4,E9,E10,8.313000,329.218000,OK
4,10,adjacent,620,30,32,66,FWD,E4,E5,E10,E11,4.586000,351.124000,OK
4,10,adjacent,620,30,32,67,REV,E5,E4,E10,E11,4.785000,331.054000,OK
4,10,adjacent,620,30,32,68,FWD,E4,E5,E11,E12,14.285000,353.837000,OK
4,10,adjacent,620,30,32,69,REV,E5,E4,E11,E12,15.047000,332.211000,OK
4,10,adjacent,620,30,32,70,FWD,E4,E5,E12,E1,-96.074000,356.590000,OK
4,10,adjacent,620,30,32,71,REV,E5,E4,E12,E1,40.676000,332.610000,OK
4,10,adjacent,620,30,32,72,FWD,E5,E6,E1,E2,131.992000,313.976000,OK
4,10,adjacent,620,30,32,73,REV,E6,E5,E1,E2,255.383000,402.515000,OK
4,10,adjacent,620,30,32,74,FWD,E5,E6,E2,E3,-26.234000,381.687000,OK
4,10,adjacent,620,30,32,75,REV,E6,E5,E2,E3,-22.996000,391.942000,OK
4,10,adjacent,620,30,32,76,FWD,E5,E6,E3,E4,63.863000,389.149000,OK
4,10,adjacent,620,30,32,77,REV,E6,E5,E3,E4,66.984000,389.867000,OK
4,10,adjacent,620,30,32,78,FWD,E5,E6,E7,E8,-5.262000,391.583000,OK
4,10,adjacent,620,30,32,79,REV,E6,E5,E7,E8,1.949000,389.627000,OK
4,10,adjacent,620,30,32,80,FWD,E5,E6,E8,E9,-4.922000,392.620000,OK
4,10,adjacent,620,30,32,81,REV,E6,E5,E8,E9,-2.238000,390.026000,OK
4,10,adjacent,620,30,32,82,FWD,E5,E6,E9,E10,6.266000,393.019000,OK
4,10,adjacent,620,30,32,83,REV,E6,E5,E9,E10,8.078000,389.867000,OK
4,10,adjacent,620,30,32,84,FWD,E5,E6,E10,E11,4.559000,394.376000,OK
4,10,adjacent,620,30,32,85,REV,E6,E5,E10,E11,5.477000,390.066000,OK
4,10,adjacent,620,30,32,86,FWD,E5,E6,E11,E12,14.199000,394.695000,OK
4,10,adjacent,620,30,32,87,REV,E6,E5,E11,E12,15.176000,390.306000,OK
4,10,adjacent,620,30,32,88,FWD,E5,E6,E12,E1,27.809000,395.094000,OK
4,10,adjacent,620,30,32,89,REV,E6,E5,E12,E1,-78.734000,390.226000,OK
4,10,adjacent,620,30,32,90,FWD,E6,E7,E1,E2,261.859000,254.205000,OK
4,10,adjacent,620,30,32,91,REV,E7,E6,E1,E2,229.797000,361.498000,OK
4,10,adjacent,620,30,32,92,FWD,E6,E7,E2,E3,-25.148000,337.478000,OK
4,10,adjacent,620,30,32,93,REV,E7,E6,E2,E3,-23.953000,349.009000,OK
4,10,adjacent,620,30,32,94,FWD,E6,E7,E3,E4,23.711000,345.577000,OK
4,10,adjacent,620,30,32,95,REV,E7,E6,E3,E4,24.457000,346.695000,OK
4,10,adjacent,620,30,32,96,FWD,E6,E7,E4,E5,-17.539000,348.929000,OK
4,10,adjacent,620,30,32,97,REV,E7,E6,E4,E5,-13.609000,346.016000,OK
4,10,adjacent,620,30,32,98,FWD,E6,E7,E8,E9,-5.730000,350.166000,OK
4,10,adjacent,620,30,32,99,REV,E7,E6,E8,E9,-1.551000,346.575000,OK
4,10,adjacent,620,30,32,100,FWD,E6,E7,E9,E10,6.152000,331.413000,OK
4,10,adjacent,620,30,32,101,REV,E7,E6,E9,E10,7.477000,365.248000,OK
4,10,adjacent,620,30,32,102,FWD,E6,E7,E10,E11,4.586000,345.617000,OK
4,10,adjacent,620,30,32,103,REV,E7,E6,E10,E11,5.684000,350.725000,OK
4,10,adjacent,620,30,32,104,FWD,E6,E7,E11,E12,14.555000,350.166000,OK
4,10,adjacent,620,30,32,105,REV,E7,E6,E11,E12,15.227000,349.129000,OK
4,10,adjacent,620,30,32,106,FWD,E6,E7,E12,E1,-77.680000,350.764000,OK
4,10,adjacent,620,30,32,107,REV,E7,E6,E12,E1,-4.551000,348.251000,OK
4,10,adjacent,620,30,32,108,FWD,E7,E8,E1,E2,152.625000,197.826000,OK
4,10,adjacent,620,30,32,109,REV,E8,E7,E1,E2,363.891000,296.580000,OK
4,10,adjacent,620,30,32,110,FWD,E7,E8,E2,E3,-24.820000,277.228000,OK
4,10,adjacent,620,30,32,111,REV,E8,E7,E2,E3,-23.824000,285.727000,OK
4,10,adjacent,620,30,32,112,FWD,E7,E8,E3,E4,15.152000,283.931000,OK
4,10,adjacent,620,30,32,113,REV,E8,E7,E3,E4,15.832000,284.330000,OK
4,10,adjacent,620,30,32,114,FWD,E7,E8,E4,E5,-9.168000,286.086000,OK
4,10,adjacent,620,30,32,115,REV,E8,E7,E4,E5,-7.207000,283.173000,OK
4,10,adjacent,620,30,32,116,FWD,E7,E8,E5,E6,-16.016000,287.522000,OK
4,10,adjacent,620,30,32,117,REV,E8,E7,E5,E6,-11.520000,283.014000,OK
4,10,adjacent,620,30,32,118,FWD,E7,E8,E9,E10,9.043000,287.842000,OK
4,10,adjacent,620,30,32,119,REV,E8,E7,E9,E10,3.223000,283.173000,OK
4,10,adjacent,620,30,32,120,FWD,E7,E8,E10,E11,0.187000,287.802000,OK
4,10,adjacent,620,30,32,121,REV,E8,E7,E10,E11,10.902000,283.014000,OK
4,10,adjacent,620,30,32,122,FWD,E7,E8,E11,E12,14.082000,288.440000,OK
4,10,adjacent,620,30,32,123,REV,E8,E7,E11,E12,15.691000,282.615000,OK
4,10,adjacent,620,30,32,124,FWD,E7,E8,E12,E1,18.207000,288.121000,OK
4,10,adjacent,620,30,32,125,REV,E8,E7,E12,E1,-111.352000,283.373000,OK
4,10,adjacent,620,30,32,126,FWD,E8,E9,E1,E2,379.906000,195.632000,OK
4,10,adjacent,620,30,32,127,REV,E9,E8,E1,E2,146.602000,300.490000,OK
4,10,adjacent,620,30,32,128,FWD,E8,E9,E2,E3,-24.758000,272.201000,OK
4,10,adjacent,620,30,32,129,REV,E9,E8,E2,E3,-23.992000,293.228000,OK
4,10,adjacent,620,30,32,130,FWD,E8,E9,E3,E4,11.875000,282.136000,OK
4,10,adjacent,620,30,32,131,REV,E9,E8,E3,E4,12.371000,293.348000,OK
4,10,adjacent,620,30,32,132,FWD,E8,E9,E4,E5,-4.953000,284.969000,OK
4,10,adjacent,620,30,32,133,REV,E9,E8,E4,E5,-3.969000,293.867000,OK
4,10,adjacent,620,30,32,134,FWD,E8,E9,E5,E6,-15.465000,287.243000,OK
4,10,adjacent,620,30,32,135,REV,E9,E8,E5,E6,-13.559000,293.348000,OK
4,10,adjacent,620,30,32,136,FWD,E8,E9,E6,E7,-6.168000,288.400000,OK
4,10,adjacent,620,30,32,137,REV,E9,E8,E6,E7,-3.156000,293.906000,OK
4,10,adjacent,620,30,32,138,FWD,E8,E9,E10,E11,-73.609000,288.640000,OK
4,10,adjacent,620,30,32,139,REV,E9,E8,E10,E11,96.039000,294.226000,OK
4,10,adjacent,620,30,32,140,FWD,E8,E9,E11,E12,8.969000,289.238000,OK
4,10,adjacent,620,30,32,141,REV,E9,E8,E11,E12,23.039000,294.585000,OK
4,10,adjacent,620,30,32,142,FWD,E8,E9,E12,E1,-101.820000,289.837000,OK
4,10,adjacent,620,30,32,143,REV,E9,E8,E12,E1,18.484000,294.226000,OK
4,10,adjacent,620,30,32,144,FWD,E9,E10,E1,E2,60.789000,23.302000,OK
4,10,adjacent,620,30,32,145,REV,E10,E9,E1,E2,309.906000,31.521000,OK
4,10,adjacent,620,30,32,146,FWD,E9,E10,E2,E3,-24.418000,26.773000,OK
4,10,adjacent,620,30,32,147,REV,E10,E9,E2,E3,-24.086000,29.806000,OK
4,10,adjacent,620,30,32,148,FWD,E9,E10,E3,E4,10.070000,27.531000,OK
4,10,adjacent,620,30,32,149,REV,E10,E9,E3,E4,10.035000,29.965000,OK
4,10,adjacent,620,30,32,150,FWD,E9,E10,E4,E5,-2.211000,27.890000,OK
4,10,adjacent,620,30,32,151,REV,E10,E9,E4,E5,-1.965000,30.284000,OK
4,10,adjacent,620,30,32,152,FWD,E9,E10,E5,E6,-14.188000,27.970000,OK
4,10,adjacent,620,30,32,153,REV,E10,E9,E5,E6,-13.965000,29.207000,OK
4,10,adjacent,620,30,32,154,FWD,E9,E10,E6,E7,-7.355000,28.249000,OK
4,10,adjacent,620,30,32,155,REV,E10,E9,E6,E7,-7.250000,29.207000,OK
4,10,adjacent,620,30,32,156,FWD,E9,E10,E7,E8,2.012000,28.249000,OK
4,10,adjacent,620,30,32,157,REV,E10,E9,E7,E8,0.750000,30.085000,OK
4,10,adjacent,620,30,32,158,FWD,E9,E10,E11,E12,-57.598000,28.050000,OK
4,10,adjacent,620,30,32,159,REV,E10,E9,E11,E12,97.082000,30.085000,OK
4,10,adjacent,620,30,32,160,FWD,E9,E10,E12,E1,113.238000,28.010000,OK
4,10,adjacent,620,30,32,161,REV,E10,E9,E12,E1,-135.328000,29.367000,OK
4,10,adjacent,620,30,32,162,FWD,E10,E11,E1,E2,311.531000,24.658000,OK
4,10,adjacent,620,30,32,163,REV,E11,E10,E1,E2,55.086000,30.803000,OK
4,10,adjacent,620,30,32,164,FWD,E10,E11,E2,E3,-24.180000,30.165000,OK
4,10,adjacent,620,30,32,165,REV,E11,E10,E2,E3,-24.262000,30.444000,OK
4,10,adjacent,620,30,32,166,FWD,E10,E11,E3,E4,8.750000,30.165000,OK
4,10,adjacent,620,30,32,167,REV,E11,E10,E3,E4,8.750000,30.324000,OK
4,10,adjacent,620,30,32,168,FWD,E10,E11,E4,E5,-0.668000,30.484000,OK
4,10,adjacent,620,30,32,169,REV,E11,E10,E4,E5,-0.621000,30.085000,OK
4,10,adjacent,620,30,32,170,FWD,E10,E11,E5,E6,-13.645000,30.604000,OK
4,10,adjacent,620,30,32,171,REV,E11,E10,E5,E6,-13.563000,30.005000,OK
4,10,adjacent,620,30,32,172,FWD,E10,E11,E6,E7,-7.848000,30.324000,OK
4,10,adjacent,620,30,32,173,REV,E11,E10,E6,E7,-7.750000,30.125000,OK
4,10,adjacent,620,30,32,174,FWD,E10,E11,E7,E8,-2.289000,30.843000,OK
4,10,adjacent,620,30,32,175,REV,E11,E10,E7,E8,-0.703000,30.364000,OK
4,10,adjacent,620,30,32,176,FWD,E10,E11,E8,E9,-16.906000,30.245000,OK
4,10,adjacent,620,30,32,177,REV,E11,E10,E8,E9,7.242000,30.205000,OK
4,10,adjacent,620,30,32,178,FWD,E10,E11,E12,E1,-229.328000,30.524000,OK
4,10,adjacent,620,30,32,179,REV,E11,E10,E12,E1,90.508000,30.125000,OK
4,10,adjacent,620,30,32,180,FWD,E11,E12,E1,E2,153.262000,168.819000,OK
4,10,adjacent,620,30,32,181,REV,E12,E11,E1,E2,318.469000,229.348000,OK
4,10,adjacent,620,30,32,182,FWD,E11,E12,E2,E3,-25.027000,203.093000,OK
4,10,adjacent,620,30,32,183,REV,E12,E11,E2,E3,-22.934000,227.552000,OK
4,10,adjacent,620,30,32,184,FWD,E11,E12,E3,E4,7.437000,206.405000,OK
4,10,adjacent,620,30,32,185,REV,E12,E11,E3,E4,8.102000,228.470000,OK
4,10,adjacent,620,30,32,186,FWD,E11,E12,E4,E5,0.234000,208.919000,OK
4,10,adjacent,620,30,32,187,REV,E12,E11,E4,E5,0.676000,228.510000,OK
4,10,adjacent,620,30,32,188,FWD,E11,E12,E5,E6,-13.578000,210.275000,OK
4,10,adjacent,620,30,32,189,REV,E12,E11,E5,E6,-13.082000,229.268000,OK
4,10,adjacent,620,30,32,190,FWD,E11,E12,E6,E7,-8.184000,211.193000,OK
4,10,adjacent,620,30,32,191,REV,E12,E11,E6,E7,-7.734000,230.106000,OK
4,10,adjacent,620,30,32,192,FWD,E11,E12,E7,E8,-2.188000,212.869000,OK
4,10,adjacent,620,30,32,193,REV,E12,E11,E7,E8,-0.965000,230.305000,OK
4,10,adjacent,620,30,32,194,FWD,E11,E12,E8,E9,-8.680000,213.906000,OK
4,10,adjacent,620,30,32,195,REV,E12,E11,E8,E9,-0.219000,230.904000,OK
4,10,adjacent,620,30,32,196,FWD,E11,E12,E9,E10,-283.430000,215.103000,OK
4,10,adjacent,620,30,32,197,REV,E12,E11,E9,E10,263.289000,231.382000,OK
4,10,adjacent,620,30,32,198,FWD,E12,E1,E2,E3,-24.332000,0.200000,I_LOW
4,10,adjacent,620,30,32,199,REV,E1,E12,E2,E3,-23.652000,0.958000,I_LOW
4,10,adjacent,620,30,32,200,FWD,E12,E1,E3,E4,7.082000,0.080000,I_LOW
4,10,adjacent,620,30,32,201,REV,E1,E12,E3,E4,6.977000,0.519000,I_LOW
4,10,adjacent,620,30,32,202,FWD,E12,E1,E4,E5,1.191000,0.120000,I_LOW
4,10,adjacent,620,30,32,203,REV,E1,E12,E4,E5,1.332000,1.397000,I_LOW
4,10,adjacent,620,30,32,204,FWD,E12,E1,E5,E6,-13.137000,0.000000,I_LOW
4,10,adjacent,620,30,32,205,REV,E1,E12,E5,E6,-13.125000,1.157000,I_LOW
4,10,adjacent,620,30,32,206,FWD,E12,E1,E6,E7,-8.332000,0.160000,I_LOW
4,10,adjacent,620,30,32,207,REV,E1,E12,E6,E7,-8.344000,0.519000,I_LOW
4,10,adjacent,620,30,32,208,FWD,E12,E1,E7,E8,-1.266000,0.160000,I_LOW
4,10,adjacent,620,30,32,209,REV,E1,E12,E7,E8,-1.562000,1.277000,I_LOW
4,10,adjacent,620,30,32,210,FWD,E12,E1,E8,E9,-3.883000,0.000000,I_LOW
4,10,adjacent,620,30,32,211,REV,E1,E12,E8,E9,-3.621000,1.237000,I_LOW
4,10,adjacent,620,30,32,212,FWD,E12,E1,E9,E10,19.215000,0.080000,I_LOW
4,10,adjacent,620,30,32,213,REV,E1,E12,E9,E10,17.738000,0.798000,I_LOW
4,10,adjacent,620,30,32,214,FWD,E12,E1,E10,E11,3.625000,0.200000,I_LOW
4,10,adjacent,620,30,32,215,REV,E1,E12,E10,E11,4.039000,0.638000,I_LOW
5,11,adjacent,620,30,32,0,FWD,E1,E2,E3,E4,6.398000,1.037000,I_LOW
5,11,adjacent,620,30,32,1,REV,E2,E1,E3,E4,6.391000,0.279000,I_LOW
5,11,adjacent,620,30,32,2,FWD,E1,E2,E4,E5,1.984000,1.037000,I_LOW
5,11,adjacent,620,30,32,3,REV,E2,E1,E4,E5,1.973000,0.080000,I_LOW
5,11,adjacent,620,30,32,4,FWD,E1,E2,E5,E6,-12.961000,0.838000,I_LOW
5,11,adjacent,620,30,32,5,REV,E2,E1,E5,E6,-12.938000,0.239000,I_LOW
5,11,adjacent,620,30,32,6,FWD,E1,E2,E6,E7,-8.441000,1.237000,I_LOW
5,11,adjacent,620,30,32,7,REV,E2,E1,E6,E7,-8.473000,-0.040000,I_LOW
5,11,adjacent,620,30,32,8,FWD,E1,E2,E7,E8,-1.570000,0.599000,I_LOW
5,11,adjacent,620,30,32,9,REV,E2,E1,E7,E8,-1.336000,0.200000,I_LOW
5,11,adjacent,620,30,32,10,FWD,E1,E2,E8,E9,-3.523000,0.638000,I_LOW
5,11,adjacent,620,30,32,11,REV,E2,E1,E8,E9,-3.801000,0.000000,I_LOW
5,11,adjacent,620,30,32,12,FWD,E1,E2,E9,E10,11.496000,1.476000,I_LOW
5,11,adjacent,620,30,32,13,REV,E2,E1,E9,E10,11.828000,0.439000,I_LOW
5,11,adjacent,620,30,32,14,FWD,E1,E2,E10,E11,3.684000,1.157000,I_LOW
5,11,adjacent,620,30,32,15,REV,E2,E1,E10,E11,2.902000,0.120000,I_LOW
5,11,adjacent,620,30,32,16,FWD,E1,E2,E11,E12,12.309000,0.319000,I_LOW
5,11,adjacent,620,30,32,17,REV,E2,E1,E11,E12,12.473000,0.040000,I_LOW
5,11,adjacent,620,30,32,18,FWD,E2,E3,E4,E5,0.707000,253.088000,OK
5,11,adjacent,620,30,32,19,REV,E3,E2,E4,E5,4.723000,303.682000,OK
5,11,adjacent,620,30,32,20,FWD,E2,E3,E5,E6,-14.090000,291.672000,OK
5,11,adjacent,620,30,32,21,REV,E3,E2,E5,E6,-11.547000,303.243000,OK
5,11,adjacent,620,30,32,22,FWD,E2,E3,E6,E7,-9.250000,296.779000,OK
5,11,adjacent,620,30,32,23,REV,E3,E2,E6,E7,-8.047000,304.719000,OK
5,11,adjacent,620,30,32,24,FWD,E2,E3,E7,E8,-1.816000,299.054000,OK
5,11,adjacent,620,30,32,25,REV,E3,E2,E7,E8,-0.730000,304.759000,OK
5,11,adjacent,620,30,32,26,FWD,E2,E3,E8,E9,-3.945000,301.328000,OK
5,11,adjacent,620,30,32,27,REV,E3,E2,E8,E9,-3.113000,304.959000,OK
5,11,adjacent,620,30,32,28,FWD,E2,E3,E9,E10,8.383000,302.964000,OK
5,11,adjacent,620,30,32,29,REV,E3,E2,E9,E10,9.969000,305.797000,OK
5,11,adjacent,620,30,32,30,FWD,E2,E3,E10,E11,3.402000,304.440000,OK
5,11,adjacent,620,30,32,31,REV,E3,E2,E10,E11,3.891000,306.196000,OK
5,11,adjacent,620,30,32,32,FWD,E2,E3,E11,E12,12.875000,306.435000,OK
5,11,adjacent,620,30,32,33,REV,E3,E2,E11,E12,15.945000,306.156000,OK
5,11,adjacent,620,30,32,34,FWD,E2,E3,E12,E1,-222.930000,307.911000,OK
5,11,adjacent,620,30,32,35,REV,E3,E2,E12,E1,148.164000,306.954000,OK
5,11,adjacent,620,30,32,36,FWD,E3,E4,E1,E2,209.875000,240.400000,OK
5,11,adjacent,620,30,32,37,REV,E4,E3,E1,E2,356.641000,308.310000,OK
5,11,adjacent,620,30,32,38,FWD,E3,E4,E5,E6,-17.219000,288.520000,OK
5,11,adjacent,620,30,32,39,REV,E4,E3,E5,E6,-7.840000,298.894000,OK
5,11,adjacent,620,30,32,40,FWD,E3,E4,E6,E7,-9.426000,281.817000,OK
5,11,adjacent,620,30,32,41,REV,E4,E3,E6,E7,-8.031000,317.089000,OK
5,11,adjacent,620,30,32,42,FWD,E3,E4,E7,E8,-1.812000,291.991000,OK
5,11,adjacent,620,30,32,43,REV,E4,E3,E7,E8,-0.758000,305.956000,OK
5,11,adjacent,620,30,32,44,FWD,E3,E4,E8,E9,-3.879000,295.343000,OK
5,11,adjacent,620,30,32,45,REV,E4,E3,E8,E9,-3.172000,305.358000,OK
5,11,adjacent,620,30,32,46,FWD,E3,E4,E9,E10,7.594000,296.380000,OK
5,11,adjacent,620,30,32,47,REV,E4,E3,E9,E10,7.852000,305.358000,OK
5,11,adjacent,620,30,32,48,FWD,E3,E4,E10,E11,3.859000,296.261000,OK
5,11,adjacent,620,30,32,49,REV,E4,E3,E10,E11,4.098000,306.954000,OK
5,11,adjacent,620,30,32,50,FWD,E3,E4,E11,E12,14.668000,297.817000,OK
5,11,adjacent,620,30,32,51,REV,E4,E3,E11,E12,15.746000,308.470000,OK
5,11,adjacent,620,30,32,52,FWD,E3,E4,E12,E1,29.891000,298.295000,OK
5,11,adjacent,620,30,32,53,REV,E4,E3,E12,E1,-99.805000,310.106000,OK
5,11,adjacent,620,30,32,54,FWD,E4,E5,E1,E2,365.937000,261.747000,OK
5,11,adjacent,620,30,32,55,REV,E5,E4,E1,E2,111.563000,328.021000,OK
5,11,adjacent,620,30,32,56,FWD,E4,E5,E2,E3,-14.000000,324.390000,OK
5,11,adjacent,620,30,32,57,REV,E5,E4,E2,E3,-13.980000,325.827000,OK
5,11,adjacent,620,30,32,58,FWD,E4,E5,E6,E7,-10.836000,334.206000,OK
5,11,adjacent,620,30,32,59,REV,E5,E4,E6,E7,-7.113000,315.532000,OK
5,11,adjacent,620,30,32,60,FWD,E4,E5,E7,E8,-2.273000,357.747000,OK
5,11,adjacent,620,30,32,61,REV,E5,E4,E7,E8,0.016000,326.505000,OK
5,11,adjacent,620,30,32,62,FWD,E4,E5,E8,E9,-4.055000,348.291000,OK
5,11,adjacent,620,30,32,63,REV,E5,E4,E8,E9,-2.930000,328.979000,OK
5,11,adjacent,620,30,32,64,FWD,E4,E5,E9,E10,6.605000,347.652000,OK
5,11,adjacent,620,30,32,65,REV,E5,E4,E9,E10,7.168000,330.934000,OK
5,11,adjacent,620,30,32,66,FWD,E4,E5,E10,E11,4.105000,348.291000,OK
5,11,adjacent,620,30,32,67,REV,E5,E4,E10,E11,4.574000,331.054000,OK
5,11,adjacent,620,30,32,68,FWD,E4,E5,E11,E12,15.215000,350.166000,OK
5,11,adjacent,620,30,32,69,REV,E5,E4,E11,E12,15.848000,332.051000,OK
5,11,adjacent,620,30,32,70,FWD,E4,E5,E12,E1,-89.590000,351.163000,OK
5,11,adjacent,620,30,32,71,REV,E5,E4,E12,E1,31.637000,332.809000,OK
5,11,adjacent,620,30,32,72,FWD,E5,E6,E1,E2,179.891000,313.976000,OK
5,11,adjacent,620,30,32,73,REV,E6,E5,E1,E2,257.609000,403.273000,OK
5,11,adjacent,620,30,32,74,FWD,E5,E6,E2,E3,-25.605000,383.044000,OK
5,11,adjacent,620,30,32,75,REV,E6,E5,E2,E3,-22.297000,391.742000,OK
5,11,adjacent,620,30,32,76,FWD,E5,E6,E3,E4,65.922000,390.026000,OK
5,11,adjacent,620,30,32,77,REV,E6,E5,E3,E4,68.688000,391.623000,OK
5,11,adjacent,620,30,32,78,FWD,E5,E6,E7,E8,-4.562000,391.543000,OK
5,11,adjacent,620,30,32,79,REV,E6,E5,E7,E8,2.605000,390.625000,OK
5,11,adjacent,620,30,32,80,FWD,E5,E6,E8,E9,-4.879000,393.418000,OK
5,11,adjacent,620,30,32,81,REV,E6,E5,E8,E9,-2.184000,370.435000,OK
5,11,adjacent,620,30,32,82,FWD,E5,E6,E9,E10,5.305000,410.695000,OK
5,11,adjacent,620,30,32,83,REV,E6,E5,E9,E10,7.316000,383.682000,OK
5,11,adjacent,620,30,32,84,FWD,E5,E6,E10,E11,4.109000,398.645000,OK
5,11,adjacent,620,30,32,85,REV,E6,E5,E10,E11,5.457000,387.992000,OK
5,11,adjacent,620,30,32,86,FWD,E5,E6,E11,E12,15.223000,397.368000,OK
5,11,adjacent,620,30,32,87,REV,E6,E5,E11,E12,16.180000,388.949000,OK
5,11,adjacent,620,30,32,88,FWD,E5,E6,E12,E1,26.922000,397.129000,OK
5,11,adjacent,620,30,32,89,REV,E6,E5,E12,E1,-85.023000,390.106000,OK
5,11,adjacent,620,30,32,90,FWD,E6,E7,E1,E2,321.141000,252.649000,OK
5,11,adjacent,620,30,32,91,REV,E7,E6,E1,E2,147.145000,363.213000,OK
5,11,adjacent,620,30,32,92,FWD,E6,E7,E2,E3,-24.320000,337.757000,OK
5,11,adjacent,620,30,32,93,REV,E7,E6,E2,E3,-23.070000,349.567000,OK
5,11,adjacent,620,30,32,94,FWD,E6,E7,E3,E4,24.016000,346.495000,OK
5,11,adjacent,620,30,32,95,REV,E7,E6,E3,E4,24.762000,348.171000,OK
5,11,adjacent,620,30,32,96,FWD,E6,E7,E4,E5,-17.484000,348.530000,OK
5,11,adjacent,620,30,32,97,REV,E7,E6,E4,E5,-13.539000,348.051000,OK
5,11,adjacent,620,30,32,98,FWD,E6,E7,E8,E9,-5.629000,350.046000,OK
5,11,adjacent,620,30,32,99,REV,E7,E6,E8,E9,-1.496000,326.345000,OK
5,11,adjacent,620,30,32,100,FWD,E6,E7,E9,E10,4.980000,369.597000,OK
5,11,adjacent,620,30,32,101,REV,E7,E6,E9,E10,6.906000,341.707000,OK
5,11,adjacent,620,30,32,102,FWD,E6,E7,E10,E11,4.445000,355.473000,OK
5,11,adjacent,620,30,32,103,REV,E7,E6,E10,E11,5.812000,345.777000,OK
5,11,adjacent,620,30,32,104,FWD,E6,E7,E11,E12,15.324000,354.595000,OK
5,11,adjacent,620,30,32,105,REV,E7,E6,E11,E12,16.082000,347.014000,OK
5,11,adjacent,620,30,32,106,FWD,E6,E7,E12,E1,-83.328000,354.395000,OK
5,11,adjacent,620,30,32,107,REV,E7,E6,E12,E1,5.949000,347.692000,OK
5,11,adjacent,620,30,32,108,FWD,E7,E8,E1,E2,148.484000,196.789000,OK
5,11,adjacent,620,30,32,109,REV,E8,E7,E1,E2,228.602000,298.854000,OK
5,11,adjacent,620,30,32,110,FWD,E7,E8,E2,E3,-23.992000,276.909000,OK
5,11,adjacent,620,30,32,111,REV,E8,E7,E2,E3,-22.961000,287.243000,OK
5,11,adjacent,620,30,32,112,FWD,E7,E8,E3,E4,15.270000,284.769000,OK
5,11,adjacent,620,30,32,113,REV,E8,E7,E3,E4,15.953000,284.849000,OK
5,11,adjacent,620,30,32,114,FWD,E7,E8,E4,E5,-9.113000,286.405000,OK
5,11,adjacent,620,30,32,115,REV,E8,E7,E4,E5,-7.152000,284.849000,OK
5,11,adjacent,620,30,32,116,FWD,E7,E8,E5,E6,-15.227000,287.323000,OK
5,11,adjacent,620,30,32,117,REV,E8,E7,E5,E6,-10.809000,284.290000,OK
5,11,adjacent,620,30,32,118,FWD,E7,E8,E9,E10,8.406000,288.001000,OK
5,11,adjacent,620,30,32,119,REV,E8,E7,E9,E10,2.609000,284.131000,OK
5,11,adjacent,620,30,32,120,FWD,E7,E8,E10,E11,0.168000,288.520000,OK
5,11,adjacent,620,30,32,121,REV,E8,E7,E10,E11,11.027000,284.131000,OK
5,11,adjacent,620,30,32,122,FWD,E7,E8,E11,E12,14.789000,288.640000,OK
5,11,adjacent,620,30,32,123,REV,E8,E7,E11,E12,16.336000,284.330000,OK
5,11,adjacent,620,30,32,124,FWD,E7,E8,E12,E1,12.152000,289.398000,OK
5,11,adjacent,620,30,32,125,REV,E8,E7,E12,E1,-110.121000,284.211000,OK
5,11,adjacent,620,30,32,126,FWD,E8,E9,E1,E2,383.891000,194.036000,OK
5,11,adjacent,620,30,32,127,REV,E9,E8,E1,E2,133.176000,310.106000,OK
5,11,adjacent,620,30,32,128,FWD,E8,E9,E2,E3,-23.691000,269.966000,OK
5,11,adjacent,620,30,32,129,REV,E9,E8,E2,E3,-22.949000,296.859000,OK
5,11,adjacent,620,30,32,130,FWD,E8,E9,E3,E4,11.758000,281.537000,OK
5,11,adjacent,620,30,32,131,REV,E9,E8,E3,E4,12.262000,295.263000,OK
5,11,adjacent,620,30,32,132,FWD,E8,E9,E4,E5,-4.824000,285.368000,OK
5,11,adjacent,620,30,32,133,REV,E9,E8,E4,E5,-3.895000,295.103000,OK
5,11,adjacent,620,30,32,134,FWD,E8,E9,E5,E6,-15.309000,286.924000,OK
5,11,adjacent,620,30,32,135,REV,E9,E8,E5,E6,-13.434000,295.223000,OK
5,11,adjacent,620,30,32,136,FWD,E8,E9,E6,E7,-8.453000,288.280000,OK
5,11,adjacent,620,30,32,137,REV,E9,E8,E6,E7,-5.320000,294.984000,OK
5,11,adjacent,620,30,32,138,FWD,E8,E9,E10,E11,-74.492000,271.841000,OK
5,11,adjacent,620,30,32,139,REV,E9,E8,E10,E11,97.406000,308.630000,OK
5,11,adjacent,620,30,32,140,FWD,E8,E9,E11,E12,9.438000,284.689000,OK
5,11,adjacent,620,30,32,141,REV,E9,E8,E11,E12,23.836000,298.295000,OK
5,11,adjacent,620,30,32,142,FWD,E8,E9,E12,E1,-106.355000,288.959000,OK
5,11,adjacent,620,30,32,143,REV,E9,E8,E12,E1,28.508000,297.059000,OK
5,11,adjacent,620,30,32,144,FWD,E9,E10,E1,E2,59.043000,23.781000,OK
5,11,adjacent,620,30,32,145,REV,E10,E9,E1,E2,309.664000,31.601000,OK
5,11,adjacent,620,30,32,146,FWD,E9,E10,E2,E3,-23.484000,27.132000,OK
5,11,adjacent,620,30,32,147,REV,E10,E9,E2,E3,-23.207000,30.205000,OK
5,11,adjacent,620,30,32,148,FWD,E9,E10,E3,E4,10.121000,27.930000,OK
5,11,adjacent,620,30,32,149,REV,E10,E9,E3,E4,10.125000,29.965000,OK
5,11,adjacent,620,30,32,150,FWD,E9,E10,E4,E5,-2.301000,28.090000,OK
5,11,adjacent,620,30,32,151,REV,E10,E9,E4,E5,-2.059000,30.683000,OK
5,11,adjacent,620,30,32,152,FWD,E9,E10,E5,E6,-13.992000,28.130000,OK
5,11,adjacent,620,30,32,153,REV,E10,E9,E5,E6,-13.816000,29.367000,OK
5,11,adjacent,620,30,32,154,FWD,E9,E10,E6,E7,-8.668000,28.329000,OK
5,11,adjacent,620,30,32,155,REV,E10,E9,E6,E7,-8.441000,30.085000,OK
5,11,adjacent,620,30,32,156,FWD,E9,E10,E7,E8,1.773000,28.130000,OK
5,11,adjacent,620,30,32,157,REV,E10,E9,E7,E8,0.586000,30.683000,OK
5,11,adjacent,620,30,32,158,FWD,E9,E10,E11,E12,-57.102000,28.090000,OK
5,11,adjacent,620,30,32,159,REV,E10,E9,E11,E12,98.355000,29.127000,OK
5,11,adjacent,620,30,32,160,FWD,E9,E10,E12,E1,171.359000,28.369000,OK
5,11,adjacent,620,30,32,161,REV,E10,E9,E12,E1,-129.477000,29.766000,OK
5,11,adjacent,620,30,32,162,FWD,E10,E11,E1,E2,427.234000,23.940000,OK
5,11,adjacent,620,30,32,163,REV,E11,E10,E1,E2,61.430000,30.923000,OK
5,11,adjacent,620,30,32,164,FWD,E10,E11,E2,E3,-23.187000,30.165000,OK
5,11,adjacent,620,30,32,165,REV,E11,E10,E2,E3,-23.254000,30.604000,OK
5,11,adjacent,620,30,32,166,FWD,E10,E11,E3,E4,8.777000,30.763000,OK
5,11,adjacent,620,30,32,167,REV,E11,E10,E3,E4,8.777000,30.444000,OK
5,11,adjacent,620,30,32,168,FWD,E10,E11,E4,E5,-0.730000,30.644000,OK
5,11,adjacent,620,30,32,169,REV,E11,E10,E4,E5,-0.684000,30.125000,OK
5,11,adjacent,620,30,32,170,FWD,E10,E11,E5,E6,-13.723000,31.162000,OK
5,11,adjacent,620,30,32,171,REV,E11,E10,E5,E6,-13.531000,30.245000,OK
5,11,adjacent,620,30,32,172,FWD,E10,E11,E6,E7,-8.766000,31.003000,OK
5,11,adjacent,620,30,32,173,REV,E11,E10,E6,E7,-8.672000,30.165000,OK
5,11,adjacent,620,30,32,174,FWD,E10,E11,E7,E8,-1.273000,29.686000,OK
5,11,adjacent,620,30,32,175,REV,E11,E10,E7,E8,0.336000,30.723000,OK
5,11,adjacent,620,30,32,176,FWD,E10,E11,E8,E9,-16.512000,30.404000,OK
5,11,adjacent,620,30,32,177,REV,E11,E10,E8,E9,7.398000,30.564000,OK
5,11,adjacent,620,30,32,178,FWD,E10,E11,E12,E1,-138.922000,30.644000,OK
5,11,adjacent,620,30,32,179,REV,E11,E10,E12,E1,94.586000,30.404000,OK
5,11,adjacent,620,30,32,180,FWD,E11,E12,E1,E2,225.687000,169.936000,OK
5,11,adjacent,620,30,32,181,REV,E12,E11,E1,E2,323.375000,230.305000,OK
5,11,adjacent,620,30,32,182,FWD,E11,E12,E2,E3,-23.941000,203.093000,OK
5,11,adjacent,620,30,32,183,REV,E12,E11,E2,E3,-21.875000,227.632000,OK
5,11,adjacent,620,30,32,184,FWD,E11,E12,E3,E4,7.480000,207.442000,OK
5,11,adjacent,620,30,32,185,REV,E12,E11,E3,E4,8.137000,228.310000,OK
5,11,adjacent,620,30,32,186,FWD,E11,E12,E4,E5,0.254000,209.836000,OK
5,11,adjacent,620,30,32,187,REV,E12,E11,E4,E5,0.676000,228.988000,OK
5,11,adjacent,620,30,32,188,FWD,E11,E12,E5,E6,-13.746000,211.113000,OK
5,11,adjacent,620,30,32,189,REV,E12,E11,E5,E6,-13.242000,229.427000,OK
5,11,adjacent,620,30,32,190,FWD,E11,E12,E6,E7,-8.996000,212.350000,OK
5,11,adjacent,620,30,32,191,REV,E12,E11,E6,E7,-8.539000,230.026000,OK
5,11,adjacent,620,30,32,192,FWD,E11,E12,E7,E8,-0.992000,213.308000,OK
5,11,adjacent,620,30,32,193,REV,E12,E11,E7,E8,0.332000,219.053000,OK
5,11,adjacent,620,30,32,194,FWD,E11,E12,E8,E9,-8.957000,228.949000,OK
5,11,adjacent,620,30,32,195,REV,E12,E11,E8,E9,-0.703000,228.709000,OK
5,11,adjacent,620,30,32,196,FWD,E11,E12,E9,E10,-277.406000,220.649000,OK
5,11,adjacent,620,30,32,197,REV,E12,E11,E9,E10,262.344000,231.023000,OK
5,11,adjacent,620,30,32,198,FWD,E12,E1,E2,E3,-23.289000,0.000000,I_LOW
5,11,adjacent,620,30,32,199,REV,E1,E12,E2,E3,-22.566000,0.878000,I_LOW
5,11,adjacent,620,30,32,200,FWD,E12,E1,E3,E4,7.164000,0.279000,I_LOW
5,11,adjacent,620,30,32,201,REV,E1,E12,E3,E4,7.090000,1.915000,I_LOW
5,11,adjacent,620,30,32,202,FWD,E12,E1,E4,E5,1.160000,0.279000,I_LOW
5,11,adjacent,620,30,32,203,REV,E1,E12,E4,E5,1.266000,1.397000,I_LOW
5,11,adjacent,620,30,32,204,FWD,E12,E1,E5,E6,-13.379000,0.279000,I_LOW
5,11,adjacent,620,30,32,205,REV,E1,E12,E5,E6,-13.375000,0.638000,I_LOW
5,11,adjacent,620,30,32,206,FWD,E12,E1,E6,E7,-8.848000,0.200000,I_LOW
5,11,adjacent,620,30,32,207,REV,E1,E12,E6,E7,-8.844000,1.077000,I_LOW
5,11,adjacent,620,30,32,208,FWD,E12,E1,E7,E8,-0.043000,0.160000,I_LOW
5,11,adjacent,620,30,32,209,REV,E1,E12,E7,E8,-0.285000,1.037000,I_LOW
5,11,adjacent,620,30,32,210,FWD,E12,E1,E8,E9,-3.477000,0.000000,I_LOW
5,11,adjacent,620,30,32,211,REV,E1,E12,E8,E9,-3.211000,1.317000,I_LOW
5,11,adjacent,620,30,32,212,FWD,E12,E1,E9,E10,18.281000,0.239000,I_LOW
5,11,adjacent,620,30,32,213,REV,E1,E12,E9,E10,16.891000,1.636000,I_LOW
5,11,adjacent,620,30,32,214,FWD,E12,E1,E10,E11,5.758000,0.000000,I_LOW
5,11,adjacent,620,30,32,215,REV,E1,E12,E10,E11,5.980000,1.157000,I_LOW
6,12,adjacent,620,30,32,0,FWD,E1,E2,E3,E4,4.852000,0.599000,I_LOW
6,12,adjacent,620,30,32,1,REV,E2,E1,E3,E4,4.961000,0.239000,I_LOW
6,12,adjacent,620,30,32,2,FWD,E1,E2,E4,E5,2.230000,0.559000,I_LOW
6,12,adjacent,620,30,32,3,REV,E2,E1,E4,E5,2.145000,-0.160000,I_LOW
6,12,adjacent,620,30,32,4,FWD,E1,E2,E5,E6,-11.551000,0.678000,I_LOW
6,12,adjacent,620,30,32,5,REV,E2,E1,E5,E6,-11.660000,-0.080000,I_LOW
6,12,adjacent,620,30,32,6,FWD,E1,E2,E6,E7,-7.273000,0.958000,I_LOW
6,12,adjacent,620,30,32,7,REV,E2,E1,E6,E7,-7.172000,0.200000,I_LOW
6,12,adjacent,620,30,32,8,FWD,E1,E2,E7,E8,0.043000,0.958000,I_LOW
6,12,adjacent,620,30,32,9,REV,E2,E1,E7,E8,0.090000,0.160000,I_LOW
6,12,adjacent,620,30,32,10,FWD,E1,E2,E8,E9,-3.285000,1.037000,I_LOW
6,12,adjacent,620,30,32,11,REV,E2,E1,E8,E9,-3.344000,0.239000,I_LOW
6,12,adjacent,620,30,32,12,FWD,E1,E2,E9,E10,7.211000,0.559000,I_LOW
6,12,adjacent,620,30,32,13,REV,E2,E1,E9,E10,6.844000,0.200000,I_LOW
6,12,adjacent,620,30,32,14,FWD,E1,E2,E10,E11,2.230000,0.599000,I_LOW
6,12,adjacent,620,30,32,15,REV,E2,E1,E10,E11,2.164000,0.279000,I_LOW
6,12,adjacent,620,30,32,16,FWD,E1,E2,E11,E12,10.398000,0.718000,I_LOW
6,12,adjacent,620,30,32,17,REV,E2,E1,E11,E12,10.039000,0.239000,I_LOW
6,12,adjacent,620,30,32,18,FWD,E2,E3,E4,E5,1.672000,0.319000,I_LOW
6,12,adjacent,620,30,32,19,REV,E3,E2,E4,E5,2.234000,0.040000,I_LOW
6,12,adjacent,620,30,32,20,FWD,E2,E3,E5,E6,-11.816000,0.120000,I_LOW
6,12,adjacent,620,30,32,21,REV,E3,E2,E5,E6,-13.078000,0.239000,I_LOW
6,12,adjacent,620,30,32,22,FWD,E2,E3,E6,E7,-8.797000,1.237000,I_LOW
6,12,adjacent,620,30,32,23,REV,E3,E2,E6,E7,-8.336000,0.319000,I_LOW
6,12,adjacent,620,30,32,24,FWD,E2,E3,E7,E8,-0.320000,1.317000,I_LOW
6,12,adjacent,620,30,32,25,REV,E3,E2,E7,E8,0.152000,0.399000,I_LOW
6,12,adjacent,620,30,32,26,FWD,E2,E3,E8,E9,-3.305000,1.676000,I_LOW
6,12,adjacent,620,30,32,27,REV,E3,E2,E8,E9,-3.832000,0.479000,I_LOW
6,12,adjacent,620,30,32,28,FWD,E2,E3,E9,E10,3.707000,1.516000,I_LOW
6,12,adjacent,620,30,32,29,REV,E3,E2,E9,E10,6.285000,0.319000,I_LOW
6,12,adjacent,620,30,32,30,FWD,E2,E3,E10,E11,7.094000,0.958000,I_LOW
6,12,adjacent,620,30,32,31,REV,E3,E2,E10,E11,5.227000,0.359000,I_LOW
6,12,adjacent,620,30,32,32,FWD,E2,E3,E11,E12,14.879000,0.958000,I_LOW
6,12,adjacent,620,30,32,33,REV,E3,E2,E11,E12,14.785000,0.838000,I_LOW
6,12,adjacent,620,30,32,34,FWD,E2,E3,E12,E1,-601.047000,0.838000,I_LOW
6,12,adjacent,620,30,32,35,REV,E3,E2,E12,E1,590.781000,0.798000,I_LOW
6,12,adjacent,620,30,32,36,FWD,E3,E4,E1,E2,-336.062000,255.682000,OK
6,12,adjacent,620,30,32,37,REV,E4,E3,E1,E2,-63.906000,250.136000,OK
6,12,adjacent,620,30,32,38,FWD,E3,E4,E5,E6,-15.863000,93.726000,OK
6,12,adjacent,620,30,32,39,REV,E4,E3,E5,E6,-8.504000,186.614000,OK
6,12,adjacent,620,30,32,40,FWD,E3,E4,E6,E7,-9.551000,280.021000,OK
6,12,adjacent,620,30,32,41,REV,E4,E3,E6,E7,-8.145000,291.792000,OK
6,12,adjacent,620,30,32,42,FWD,E3,E4,E7,E8,-0.387000,288.640000,OK
6,12,adjacent,620,30,32,43,REV,E4,E3,E7,E8,0.625000,294.106000,OK
6,12,adjacent,620,30,32,44,FWD,E3,E4,E8,E9,-4.867000,273.477000,OK
6,12,adjacent,620,30,32,45,REV,E4,E3,E8,E9,-4.281000,312.420000,OK
6,12,adjacent,620,30,32,46,FWD,E3,E4,E9,E10,5.359000,217.776000,OK
6,12,adjacent,620,30,32,47,REV,E4,E3,E9,E10,5.977000,132.270000,OK
6,12,adjacent,620,30,32,48,FWD,E3,E4,E10,E11,5.145000,150.464000,OK
6,12,adjacent,620,30,32,49,REV,E4,E3,E10,E11,5.336000,138.734000,OK
6,12,adjacent,620,30,32,50,FWD,E3,E4,E11,E12,15.910000,280.659000,OK
6,12,adjacent,620,30,32,51,REV,E4,E3,E11,E12,16.738000,230.345000,OK
6,12,adjacent,620,30,32,52,FWD,E3,E4,E12,E1,-64.156000,140.050000,OK
6,12,adjacent,620,30,32,53,REV,E4,E3,E12,E1,-469.281000,179.352000,OK
6,12,adjacent,620,30,32,54,FWD,E4,E5,E1,E2,-323.562000,252.849000,OK
6,12,adjacent,620,30,32,55,REV,E5,E4,E1,E2,-371.922000,320.360000,OK
6,12,adjacent,620,30,32,56,FWD,E4,E5,E2,E3,964.250000,307.632000,OK
6,12,adjacent,620,30,32,57,REV,E5,E4,E2,E3,833.750000,309.507000,OK
6,12,adjacent,620,30,32,58,FWD,E4,E5,E6,E7,-10.262000,339.672000,OK
6,12,adjacent,620,30,32,59,REV,E5,E4,E6,E7,-6.598000,320.320000,OK
6,12,adjacent,620,30,32,60,FWD,E4,E5,E7,E8,1.500000,332.490000,OK
6,12,adjacent,620,30,32,61,REV,E5,E4,E7,E8,3.605000,323.473000,OK
6,12,adjacent,620,30,32,62,FWD,E4,E5,E8,E9,-7.793000,333.847000,OK
6,12,adjacent,620,30,32,63,REV,E5,E4,E8,E9,-6.766000,323.433000,OK
6,12,adjacent,620,30,32,64,FWD,E4,E5,E9,E10,4.441000,335.602000,OK
6,12,adjacent,620,30,32,65,REV,E5,E4,E9,E10,5.441000,325.468000,OK
6,12,adjacent,620,30,32,66,FWD,E4,E5,E10,E11,5.496000,323.193000,OK
6,12,adjacent,620,30,32,67,REV,E5,E4,E10,E11,5.523000,335.602000,OK
6,12,adjacent,620,30,32,68,FWD,E4,E5,E11,E12,16.812000,337.119000,OK
6,12,adjacent,620,30,32,69,REV,E5,E4,E11,E12,17.539000,328.819000,OK
6,12,adjacent,620,30,32,70,FWD,E4,E5,E12,E1,-620.062000,342.545000,OK
6,12,adjacent,620,30,32,71,REV,E5,E4,E12,E1,-124.000000,329.378000,OK
6,12,adjacent,620,30,32,72,FWD,E5,E6,E1,E2,-192.430000,314.415000,OK
6,12,adjacent,620,30,32,73,REV,E6,E5,E1,E2,-133.031000,402.994000,OK
6,12,adjacent,620,30,32,74,FWD,E5,E6,E2,E3,277.500000,382.964000,OK
6,12,adjacent,620,30,32,75,REV,E6,E5,E2,E3,367.328000,391.623000,OK
6,12,adjacent,620,30,32,76,FWD,E5,E6,E3,E4,56.152000,373.109000,OK
6,12,adjacent,620,30,32,77,REV,E6,E5,E3,E4,60.047000,412.012000,OK
6,12,adjacent,620,30,32,78,FWD,E5,E6,E7,E8,-1.305000,387.074000,OK
6,12,adjacent,620,30,32,79,REV,E6,E5,E7,E8,5.891000,394.655000,OK
6,12,adjacent,620,30,32,80,FWD,E5,E6,E8,E9,-8.395000,391.862000,OK
6,12,adjacent,620,30,32,81,REV,E6,E5,E8,E9,-5.738000,393.059000,OK
6,12,adjacent,620,30,32,82,FWD,E5,E6,E9,E10,3.918000,393.298000,OK
6,12,adjacent,620,30,32,83,REV,E6,E5,E9,E10,5.145000,391.982000,OK
6,12,adjacent,620,30,32,84,FWD,E5,E6,E10,E11,5.543000,394.535000,OK
6,12,adjacent,620,30,32,85,REV,E6,E5,E10,E11,6.000000,391.383000,OK
6,12,adjacent,620,30,32,86,FWD,E5,E6,E11,E12,17.008000,394.695000,OK
6,12,adjacent,620,30,32,87,REV,E6,E5,E11,E12,17.906000,391.623000,OK
6,12,adjacent,620,30,32,88,FWD,E5,E6,E12,E1,-479.531000,395.573000,OK
6,12,adjacent,620,30,32,89,REV,E6,E5,E12,E1,-584.250000,391.423000,OK
6,12,adjacent,620,30,32,90,FWD,E6,E7,E1,E2,-314.328000,253.767000,OK
6,12,adjacent,620,30,32,91,REV,E7,E6,E1,E2,-495.875000,362.495000,OK
6,12,adjacent,620,30,32,92,FWD,E6,E7,E2,E3,953.437000,319.522000,OK
6,12,adjacent,620,30,32,93,REV,E7,E6,E2,E3,312.266000,367.642000,OK
6,12,adjacent,620,30,32,94,FWD,E6,E7,E3,E4,20.883000,340.590000,OK
6,12,adjacent,620,30,32,95,REV,E7,E6,E3,E4,21.805000,352.121000,OK
6,12,adjacent,620,30,32,96,FWD,E6,E7,E4,E5,-15.371000,347.293000,OK
6,12,adjacent,620,30,32,97,REV,E7,E6,E4,E5,-11.477000,349.208000,OK
6,12,adjacent,620,30,32,98,FWD,E6,E7,E8,E9,-8.930000,348.969000,OK
6,12,adjacent,620,30,32,99,REV,E7,E6,E8,E9,-4.656000,349.129000,OK
6,12,adjacent,620,30,32,100,FWD,E6,E7,E9,E10,3.211000,350.924000,OK
6,12,adjacent,620,30,32,101,REV,E7,E6,E9,E10,4.941000,348.211000,OK
6,12,adjacent,620,30,32,102,FWD,E6,E7,E10,E11,5.523000,351.243000,OK
6,12,adjacent,620,30,32,103,REV,E7,E6,E10,E11,6.520000,349.009000,OK
6,12,adjacent,620,30,32,104,FWD,E6,E7,E11,E12,17.316000,351.443000,OK
6,12,adjacent,620,30,32,105,REV,E7,E6,E11,E12,18.082000,348.730000,OK
6,12,adjacent,620,30,32,106,FWD,E6,E7,E12,E1,-95.441000,352.321000,OK
6,12,adjacent,620,30,32,107,REV,E7,E6,E12,E1,-582.625000,348.370000,OK
6,12,adjacent,620,30,32,108,FWD,E7,E8,E1,E2,-320.672000,197.667000,OK
6,12,adjacent,620,30,32,109,REV,E8,E7,E1,E2,-299.797000,300.530000,OK
6,12,adjacent,620,30,32,110,FWD,E7,E8,E2,E3,1083.375000,277.587000,OK
6,12,adjacent,620,30,32,111,REV,E8,E7,E2,E3,632.187000,288.161000,OK
6,12,adjacent,620,30,32,112,FWD,E7,E8,E3,E4,13.988000,285.288000,OK
6,12,adjacent,620,30,32,113,REV,E8,E7,E3,E4,14.738000,286.605000,OK
6,12,adjacent,620,30,32,114,FWD,E7,E8,E4,E5,-8.039000,270.525000,OK
6,12,adjacent,620,30,32,115,REV,E8,E7,E4,E5,-6.059000,303.004000,OK
6,12,adjacent,620,30,32,116,FWD,E7,E8,E5,E6,-16.328000,283.293000,OK
6,12,adjacent,620,30,32,117,REV,E8,E7,E5,E6,-11.770000,289.398000,OK
6,12,adjacent,620,30,32,118,FWD,E7,E8,E9,E10,6.566000,287.802000,OK
6,12,adjacent,620,30,32,119,REV,E8,E7,E9,E10,1.066000,287.123000,OK
6,12,adjacent,620,30,32,120,FWD,E7,E8,E10,E11,1.055000,288.201000,OK
6,12,adjacent,620,30,32,121,REV,E8,E7,E10,E11,11.918000,287.403000,OK
6,12,adjacent,620,30,32,122,FWD,E7,E8,E11,E12,16.812000,289.078000,OK
6,12,adjacent,620,30,32,123,REV,E8,E7,E11,E12,18.480000,286.445000,OK
6,12,adjacent,620,30,32,124,FWD,E7,E8,E12,E1,-27.555000,289.876000,OK
6,12,adjacent,620,30,32,125,REV,E8,E7,E12,E1,-110.809000,287.004000,OK
6,12,adjacent,620,30,32,126,FWD,E8,E9,E1,E2,-378.187000,196.230000,OK
6,12,adjacent,620,30,32,127,REV,E9,E8,E1,E2,-356.562000,310.385000,OK
6,12,adjacent,620,30,32,128,FWD,E8,E9,E2,E3,343.375000,272.201000,OK
6,12,adjacent,620,30,32,129,REV,E9,E8,E2,E3,1054.000000,296.819000,OK
6,12,adjacent,620,30,32,130,FWD,E8,E9,E3,E4,11.086000,283.014000,OK
6,12,adjacent,620,30,32,131,REV,E9,E8,E3,E4,11.555000,295.941000,OK
6,12,adjacent,620,30,32,132,FWD,E8,E9,E4,E5,-4.391000,286.365000,OK
6,12,adjacent,620,30,32,133,REV,E9,E8,E4,E5,-3.434000,295.782000,OK
6,12,adjacent,620,30,32,134,FWD,E8,E9,E5,E6,-15.852000,288.799000,OK
6,12,adjacent,620,30,32,135,REV,E9,E8,E5,E6,-13.926000,295.024000,OK
6,12,adjacent,620,30,32,136,FWD,E8,E9,E6,E7,-7.531000,272.759000,OK
6,12,adjacent,620,30,32,137,REV,E9,E8,E6,E7,-4.535000,308.510000,OK
6,12,adjacent,620,30,32,138,FWD,E8,E9,E10,E11,-72.520000,285.328000,OK
6,12,adjacent,620,30,32,139,REV,E9,E8,E10,E11,99.617000,297.936000,OK
6,12,adjacent,620,30,32,140,FWD,E8,E9,E11,E12,11.672000,289.318000,OK
6,12,adjacent,620,30,32,141,REV,E9,E8,E11,E12,25.891000,297.418000,OK
6,12,adjacent,620,30,32,142,FWD,E8,E9,E12,E1,-250.711000,273.039000,OK
6,12,adjacent,620,30,32,143,REV,E9,E8,E12,E1,-413.219000,309.388000,OK
6,12,adjacent,620,30,32,144,FWD,E9,E10,E1,E2,-294.578000,24.259000,OK
6,12,adjacent,620,30,32,145,REV,E10,E9,E1,E2,-194.266000,31.162000,OK
6,12,adjacent,620,30,32,146,FWD,E9,E10,E2,E3,423.125000,27.252000,OK
6,12,adjacent,620,30,32,147,REV,E10,E9,E2,E3,208.398000,30.564000,OK
6,12,adjacent,620,30,32,148,FWD,E9,E10,E3,E4,9.461000,28.010000,OK
6,12,adjacent,620,30,32,149,REV,E10,E9,E3,E4,9.520000,29.287000,OK
6,12,adjacent,620,30,32,150,FWD,E9,E10,E4,E5,-1.852000,28.848000,OK
6,12,adjacent,620,30,32,151,REV,E10,E9,E4,E5,-1.535000,29.606000,OK
6,12,adjacent,620,30,32,152,FWD,E9,E10,E5,E6,-14.414000,28.648000,OK
6,12,adjacent,620,30,32,153,REV,E10,E9,E5,E6,-14.203000,29.965000,OK
6,12,adjacent,620,30,32,154,FWD,E9,E10,E6,E7,-8.070000,28.808000,OK
6,12,adjacent,620,30,32,155,REV,E10,E9,E6,E7,-7.844000,29.407000,OK
6,12,adjacent,620,30,32,156,FWD,E9,E10,E7,E8,1.824000,28.489000,OK
6,12,adjacent,620,30,32,157,REV,E10,E9,E7,E8,0.812000,29.486000,OK
6,12,adjacent,620,30,32,158,FWD,E9,E10,E11,E12,-47.375000,29.167000,OK
6,12,adjacent,620,30,32,159,REV,E10,E9,E11,E12,102.527000,29.686000,OK
6,12,adjacent,620,30,32,160,FWD,E9,E10,E12,E1,-17.547000,29.127000,OK
6,12,adjacent,620,30,32,161,REV,E10,E9,E12,E1,-284.844000,29.407000,OK
6,12,adjacent,620,30,32,162,FWD,E10,E11,E1,E2,-347.469000,22.863000,OK
6,12,adjacent,620,30,32,163,REV,E11,E10,E1,E2,-158.359000,31.521000,OK
6,12,adjacent,620,30,32,164,FWD,E10,E11,E2,E3,5.715000,30.205000,OK
6,12,adjacent,620,30,32,165,REV,E11,E10,E2,E3,-26.078000,30.604000,OK
6,12,adjacent,620,30,32,166,FWD,E10,E11,E3,E4,8.086000,29.686000,OK
6,12,adjacent,620,30,32,167,REV,E11,E10,E3,E4,8.051000,31.122000,OK
6,12,adjacent,620,30,32,168,FWD,E10,E11,E4,E5,-0.305000,30.484000,OK
6,12,adjacent,620,30,32,169,REV,E11,E10,E4,E5,-0.258000,30.644000,OK
6,12,adjacent,620,30,32,170,FWD,E10,E11,E5,E6,-13.996000,30.564000,OK
6,12,adjacent,620,30,32,171,REV,E11,E10,E5,E6,-13.887000,30.604000,OK
6,12,adjacent,620,30,32,172,FWD,E10,E11,E6,E7,-8.359000,31.043000,OK
6,12,adjacent,620,30,32,173,REV,E11,E10,E6,E7,-8.332000,30.324000,OK
6,12,adjacent,620,30,32,174,FWD,E10,E11,E7,E8,0.367000,30.963000,OK
6,12,adjacent,620,30,32,175,REV,E11,E10,E7,E8,2.168000,30.045000,OK
6,12,adjacent,620,30,32,176,FWD,E10,E11,E8,E9,-17.969000,32.160000,OK
6,12,adjacent,620,30,32,177,REV,E11,E10,E8,E9,6.543000,30.045000,OK
6,12,adjacent,620,30,32,178,FWD,E10,E11,E12,E1,-94.188000,30.444000,OK
6,12,adjacent,620,30,32,179,REV,E11,E10,E12,E1,109.305000,30.284000,OK
6,12,adjacent,620,30,32,180,FWD,E11,E12,E1,E2,121.848000,171.771000,OK
6,12,adjacent,620,30,32,181,REV,E12,E11,E1,E2,249.203000,234.415000,OK
6,12,adjacent,620,30,32,182,FWD,E11,E12,E2,E3,-31.828000,205.926000,OK
6,12,adjacent,620,30,32,183,REV,E12,E11,E2,E3,-29.672000,232.340000,OK
6,12,adjacent,620,30,32,184,FWD,E11,E12,E3,E4,6.945000,209.996000,OK
6,12,adjacent,620,30,32,185,REV,E12,E11,E3,E4,7.625000,232.579000,OK
6,12,adjacent,620,30,32,186,FWD,E11,E12,E4,E5,0.551000,212.310000,OK
6,12,adjacent,620,30,32,187,REV,E12,E11,E4,E5,1.020000,233.178000,OK
6,12,adjacent,620,30,32,188,FWD,E11,E12,E5,E6,-13.867000,213.347000,OK
6,12,adjacent,620,30,32,189,REV,E12,E11,E5,E6,-13.355000,234.016000,OK
6,12,adjacent,620,30,32,190,FWD,E11,E12,E6,E7,-8.926000,214.385000,OK
6,12,adjacent,620,30,32,191,REV,E12,E11,E6,E7,-8.488000,223.243000,OK
6,12,adjacent,620,30,32,192,FWD,E11,E12,E7,E8,1.242000,230.704000,OK
6,12,adjacent,620,30,32,193,REV,E12,E11,E7,E8,2.500000,233.338000,OK
6,12,adjacent,620,30,32,194,FWD,E11,E12,E8,E9,-10.355000,221.567000,OK
6,12,adjacent,620,30,32,195,REV,E12,E11,E8,E9,-2.016000,235.931000,OK
6,12,adjacent,620,30,32,196,FWD,E11,E12,E9,E10,-280.078000,221.727000,OK
6,12,adjacent,620,30,32,197,REV,E12,E11,E9,E10,259.516000,236.969000,OK
6,12,adjacent,620,30,32,198,FWD,E12,E1,E2,E3,-29.883000,-0.040000,I_LOW
6,12,adjacent,620,30,32,199,REV,E1,E12,E2,E3,-29.020000,1.197000,I_LOW
6,12,adjacent,620,30,32,200,FWD,E12,E1,E3,E4,6.707000,0.200000,I_LOW
6,12,adjacent,620,30,32,201,REV,E1,E12,E3,E4,6.629000,0.758000,I_LOW
6,12,adjacent,620,30,32,202,FWD,E12,E1,E4,E5,1.375000,0.239000,I_LOW
6,12,adjacent,620,30,32,203,REV,E1,E12,E4,E5,1.500000,1.037000,I_LOW
6,12,adjacent,620,30,32,204,FWD,E12,E1,E5,E6,-13.504000,0.239000,I_LOW
6,12,adjacent,620,30,32,205,REV,E1,E12,E5,E6,-13.504000,1.556000,I_LOW
6,12,adjacent,620,30,32,206,FWD,E12,E1,E6,E7,-8.785000,0.080000,I_LOW
6,12,adjacent,620,30,32,207,REV,E1,E12,E6,E7,-8.844000,0.120000,I_LOW
6,12,adjacent,620,30,32,208,FWD,E12,E1,E7,E8,2.477000,0.279000,I_LOW
6,12,adjacent,620,30,32,209,REV,E1,E12,E7,E8,2.199000,1.277000,I_LOW
6,12,adjacent,620,30,32,210,FWD,E12,E1,E8,E9,-6.379000,0.080000,I_LOW
6,12,adjacent,620,30,32,211,REV,E1,E12,E8,E9,-6.090000,0.958000,I_LOW
6,12,adjacent,620,30,32,212,FWD,E12,E1,E9,E10,19.105000,0.160000,I_LOW
6,12,adjacent,620,30,32,213,REV,E1,E12,E9,E10,17.477000,0.998000,I_LOW
6,12,adjacent,620,30,32,214,FWD,E12,E1,E10,E11,4.520000,0.279000,I_LOW
6,12,adjacent,620,30,32,215,REV,E1,E12,E10,E11,5.090000,1.197000,I_LOW
