frame_index,frame_id,pattern,dac_code,settle_ms,sample_count,record_index,polarity,i_plus,i_minus,v_plus,v_minus,voltage_mv,current_ua,quality
0,6,adjacent,620,30,32,0,FWD,E1,E2,E3,E4,-36.652000,283.293000,OK
0,6,adjacent,620,30,32,1,REV,E2,E1,E3,E4,2.109000,274.236000,OK
0,6,adjacent,620,30,32,2,FWD,E1,E2,E4,E5,-13.313000,288.640000,OK
0,6,adjacent,620,30,32,3,REV,E2,E1,E4,E5,1.039000,272.999000,OK
0,6,adjacent,620,30,32,4,FWD,E1,E2,E5,E6,15.457000,289.078000,OK
0,6,adjacent,620,30,32,5,REV,E2,E1,E5,E6,21.410000,272.679000,OK
0,6,adjacent,620,30,32,6,FWD,E1,E2,E6,E7,-1.012000,289.797000,OK
0,6,adjacent,620,30,32,7,REV,E2,E1,E6,E7,5.129000,272.161000,OK
0,6,adjacent,620,30,32,8,FWD,E1,E2,E7,E8,-1.621000,289.876000,OK
0,6,adjacent,620,30,32,9,REV,E2,E1,E7,E8,0.340000,272.081000,OK
0,6,adjacent,620,30,32,10,FWD,E1,E2,E8,E9,6.309000,289.916000,OK
0,6,adjacent,620,30,32,11,REV,E2,E1,E8,E9,8.211000,272.400000,OK
0,6,adjacent,620,30,32,12,FWD,E1,E2,E9,E10,18.414000,289.637000,OK
0,6,adjacent,620,30,32,13,REV,E2,E1,E9,E10,21.355000,272.041000,OK
0,6,adjacent,620,30,32,14,FWD,E1,E2,E10,E11,-36.051000,289.797000,OK
0,6,adjacent,620,30,32,15,REV,E2,E1,E10,E11,-30.754000,271.802000,OK
0,6,adjacent,620,30,32,16,FWD,E1,E2,E11,E12,-50.766000,289.876000,OK
0,6,adjacent,620,30,32,17,REV,E2,E1,E11,E12,-22.562000,272.121000,OK
0,6,adjacent,620,30,32,18,FWD,E2,E3,E4,E5,-19.852000,262.505000,OK
0,6,adjacent,620,30,32,19,REV,E3,E2,E4,E5,9.367000,294.944000,OK
0,6,adjacent,620,30,32,20,FWD,E2,E3,E5,E6,13.965000,268.171000,OK
0,6,adjacent,620,30,32,21,REV,E3,E2,E5,E6,23.516000,292.829000,OK
0,6,adjacent,620,30,32,22,FWD,E2,E3,E6,E7,-1.605000,269.368000,OK
0,6,adjacent,620,30,32,23,REV,E3,E2,E6,E7,6.168000,292.191000,OK
0,6,adjacent,620,30,32,24,FWD,E2,E3,E7,E8,-1.602000,269.807000,OK
0,6,adjacent,620,30,32,25,REV,E3,E2,E7,E8,0.414000,291.951000,OK
0,6,adjacent,620,30,32,26,FWD,E2,E3,E8,E9,6.523000,270.245000,OK
0,6,adjacent,620,30,32,27,REV,E3,E2,E8,E9,8.098000,291.552000,OK
0,6,adjacent,620,30,32,28,FWD,E2,E3,E9,E10,19.012000,270.405000,OK
0,6,adjacent,620,30,32,29,REV,E3,E2,E9,E10,20.934000,291.752000,OK
0,6,adjacent,620,30,32,30,FWD,E2,E3,E10,E11,-34.602000,270.166000,OK
0,6,adjacent,620,30,32,31,REV,E3,E2,E10,E11,-32.184000,291.473000,OK
0,6,adjacent,620,30,32,32,FWD,E2,E3,E11,E12,-40.656000,270.964000,OK
0,6,adjacent,620,30,32,33,REV,E3,E2,E11,E12,-31.859000,291.153000,OK
0,6,adjacent,620,30,32,34,FWD,E2,E3,E12,E1,28.125000,270.325000,OK
0,6,adjacent,620,30,32,35,REV,E3,E2,E12,E1,60.441000,291.393000,OK
0,6,adjacent,620,30,32,36,FWD,E3,E4,E1,E2,-45.844000,326.585000,OK
0,6,adjacent,620,30,32,37,REV,E4,E3,E1,E2,-2.375000,327.822000,OK
0,6,adjacent,620,30,32,38,FWD,E3,E4,E5,E6,2.469000,333.966000,OK
0,6,adjacent,620,30,32,39,REV,E4,E3,E5,E6,34.109000,325.109000,OK
0,6,adjacent,620,30,32,40,FWD,E3,E4,E6,E7,-7.434000,335.044000,OK
0,6,adjacent,620,30,32,41,REV,E4,E3,E6,E7,11.305000,325.029000,OK
0,6,adjacent,620,30,32,42,FWD,E3,E4,E7,E8,-2.695000,335.363000,OK
0,6,adjacent,620,30,32,43,REV,E4,E3,E7,E8,1.352000,324.311000,OK
0,6,adjacent,620,30,32,44,FWD,E3,E4,E8,E9,5.895000,336.001000,OK
0,6,adjacent,620,30,32,45,REV,E4,E3,E8,E9,8.621000,323.792000,OK
0,6,adjacent,620,30,32,46,FWD,E3,E4,E9,E10,18.625000,336.041000,OK
0,6,adjacent,620,30,32,47,REV,E4,E3,E9,E10,21.258000,324.311000,OK
0,6,adjacent,620,30,32,48,FWD,E3,E4,E10,E11,-34.805000,335.363000,OK
0,6,adjacent,620,30,32,49,REV,E4,E3,E10,E11,-32.285000,324.231000,OK
0,6,adjacent,620,30,32,50,FWD,E3,E4,E11,E12,-39.742000,336.680000,OK
0,6,adjacent,620,30,32,51,REV,E4,E3,E11,E12,-33.402000,323.912000,OK
0,6,adjacent,620,30,32,52,FWD,E3,E4,E12,E1,34.602000,336.480000,OK
0,6,adjacent,620,30,32,53,REV,E4,E3,E12,E1,52.266000,323.672000,OK
0,6,adjacent,620,30,32,54,FWD,E4,E5,E1,E2,-37.141000,333.727000,OK
0,6,adjacent,620,30,32,55,REV,E5,E4,E1,E2,-20.090000,341.069000,OK
0,6,adjacent,620,30,32,56,FWD,E4,E5,E2,E3,16.586000,339.592000,OK
0,6,adjacent,620,30,32,57,REV,E5,E4,E2,E3,50.992000,338.954000,OK
0,6,adjacent,620,30,32,58,FWD,E4,E5,E6,E7,-20.676000,340.670000,OK
0,6,adjacent,620,30,32,59,REV,E5,E4,E6,E7,24.547000,337.996000,OK
0,6,adjacent,620,30,32,60,FWD,E4,E5,E7,E8,-4.598000,341.388000,OK
0,6,adjacent,620,30,32,61,REV,E5,E4,E7,E8,3.227000,337.757000,OK
0,6,adjacent,620,30,32,62,FWD,E4,E5,E8,E9,5.074000,340.630000,OK
0,6,adjacent,620,30,32,63,REV,E5,E4,E8,E9,9.438000,337.518000,OK
0,6,adjacent,620,30,32,64,FWD,E4,E5,E9,E10,18.250000,341.388000,OK
0,6,adjacent,620,30,32,65,REV,E5,E4,E9,E10,21.695000,337.757000,OK
0,6,adjacent,620,30,32,66,FWD,E4,E5,E10,E11,-34.883000,341.069000,OK
0,6,adjacent,620,30,32,67,REV,E5,E4,E10,E11,-32.285000,337.637000,OK
0,6,adjacent,620,30,32,68,FWD,E4,E5,E11,E12,-38.883000,341.468000,OK
0,6,adjacent,620,30,32,69,REV,E5,E4,E11,E12,-34.250000,337.597000,OK
0,6,adjacent,620,30,32,70,FWD,E4,E5,E12,E1,38.484000,341.667000,OK
0,6,adjacent,620,30,32,71,REV,E5,E4,E12,E1,48.715000,337.518000,OK
0,6,adjacent,620,30,32,72,FWD,E5,E6,E1,E2,-33.012000,360.859000,OK
0,6,adjacent,620,30,32,73,REV,E6,E5,E1,E2,-24.871000,393.338000,OK
0,6,adjacent,620,30,32,74,FWD,E5,E6,E2,E3,25.301000,368.600000,OK
0,6,adjacent,620,30,32,75,REV,E6,E5,E2,E3,38.414000,390.146000,OK
0,6,adjacent,620,30,32,76,FWD,E5,E6,E3,E4,-33.617000,370.635000,OK
0,6,adjacent,620,30,32,77,REV,E6,E5,E3,E4,2.813000,389.388000,OK
0,6,adjacent,620,30,32,78,FWD,E5,E6,E7,E8,-9.816000,371.114000,OK
0,6,adjacent,620,30,32,79,REV,E6,E5,E7,E8,8.914000,389.149000,OK
0,6,adjacent,620,30,32,80,FWD,E5,E6,E8,E9,2.980000,370.675000,OK
0,6,adjacent,620,30,32,81,REV,E6,E5,E8,E9,11.723000,388.949000,OK
0,6,adjacent,620,30,32,82,FWD,E5,E6,E9,E10,17.227000,371.473000,OK
0,6,adjacent,620,30,32,83,REV,E6,E5,E9,E10,22.848000,388.271000,OK
0,6,adjacent,620,30,32,84,FWD,E5,E6,E10,E11,-35.281000,371.712000,OK
0,6,adjacent,620,30,32,85,REV,E6,E5,E10,E11,-31.879000,388.191000,OK
0,6,adjacent,620,30,32,86,FWD,E5,E6,E11,E12,-38.781000,371.194000,OK
0,6,adjacent,620,30,32,87,REV,E6,E5,E11,E12,-34.250000,388.311000,OK
0,6,adjacent,620,30,32,88,FWD,E5,E6,E12,E1,40.117000,371.194000,OK
0,6,adjacent,620,30,32,89,REV,E6,E5,E12,E1,47.344000,388.391000,OK
0,6,adjacent,620,30,32,90,FWD,E6,E7,E1,E2,-33.480000,388.510000,OK
0,6,adjacent,620,30,32,91,REV,E7,E6,E1,E2,-24.871000,405.268000,OK
0,6,adjacent,620,30,32,92,FWD,E6,E7,E2,E3,26.090000,395.932000,OK
0,6,adjacent,620,30,32,93,REV,E7,E6,E2,E3,37.156000,403.034000,OK
0,6,adjacent,620,30,32,94,FWD,E6,E7,E3,E4,-27.789000,397.408000,OK
0,6,adjacent,620,30,32,95,REV,E7,E6,E3,E4,-5.215000,402.316000,OK
0,6,adjacent,620,30,32,96,FWD,E6,E7,E4,E5,-30.793000,397.687000,OK
0,6,adjacent,620,30,32,97,REV,E7,E6,E4,E5,22.453000,401.238000,OK
0,6,adjacent,620,30,32,98,FWD,E6,E7,E8,E9,-11.375000,398.406000,OK
0,6,adjacent,620,30,32,99,REV,E7,E6,E8,E9,26.000000,401.318000,OK
0,6,adjacent,620,30,32,100,FWD,E6,E7,E9,E10,11.227000,398.765000,OK
0,6,adjacent,620,30,32,101,REV,E7,E6,E9,E10,28.805000,401.278000,OK
0,6,adjacent,620,30,32,102,FWD,E6,E7,E10,E11,-37.883000,399.084000,OK
0,6,adjacent,620,30,32,103,REV,E7,E6,E10,E11,-29.367000,400.800000,OK
0,6,adjacent,620,30,32,104,FWD,E6,E7,E11,E12,-41.098000,398.765000,OK
0,6,adjacent,620,30,32,105,REV,E7,E6,E11,E12,-32.066000,401.159000,OK
0,6,adjacent,620,30,32,106,FWD,E6,E7,E12,E1,37.777000,398.685000,OK
0,6,adjacent,620,30,32,107,REV,E7,E6,E12,E1,49.523000,401.318000,OK
0,6,adjacent,620,30,32,108,FWD,E7,E8,E1,E2,-30.859000,431.204000,OK
0,6,adjacent,620,30,32,109,REV,E8,E7,E1,E2,-27.758000,453.668000,OK
0,6,adjacent,620,30,32,110,FWD,E7,E8,E2,E3,29.973000,442.535000,OK
0,6,adjacent,620,30,32,111,REV,E8,E7,E2,E3,33.172000,450.675000,OK
0,6,adjacent,620,30,32,112,FWD,E7,E8,E3,E4,-19.355000,444.092000,OK
0,6,adjacent,620,30,32,113,REV,E8,E7,E3,E4,-13.883000,450.037000,OK
0,6,adjacent,620,30,32,114,FWD,E7,E8,E4,E5,-10.551000,445.129000,OK
0,6,adjacent,620,30,32,115,REV,E8,E7,E4,E5,-0.266000,448.840000,OK
0,6,adjacent,620,30,32,116,FWD,E7,E8,E5,E6,7.848000,445.289000,OK
0,6,adjacent,620,30,32,117,REV,E8,E7,E5,E6,29.699000,448.800000,OK
0,6,adjacent,620,30,32,118,FWD,E7,E8,E9,E10,6.555000,445.608000,OK
0,6,adjacent,620,30,32,119,REV,E8,E7,E9,E10,33.395000,448.760000,OK
0,6,adjacent,620,30,32,120,FWD,E7,E8,E10,E11,-37.883000,445.688000,OK
0,6,adjacent,620,30,32,121,REV,E8,E7,E10,E11,-29.437000,447.962000,OK
0,6,adjacent,620,30,32,122,FWD,E7,E8,E11,E12,-39.734000,445.927000,OK
0,6,adjacent,620,30,32,123,REV,E8,E7,E11,E12,-33.441000,447.882000,OK
0,6,adjacent,620,30,32,124,FWD,E7,E8,E12,E1,40.641000,445.727000,OK
0,6,adjacent,620,30,32,125,REV,E8,E7,E12,E1,46.656000,448.361000,OK
0,6,adjacent,620,30,32,126,FWD,E8,E9,E1,E2,-30.848000,441.937000,OK
0,6,adjacent,620,30,32,127,REV,E9,E8,E1,E2,-27.848000,470.027000,OK
0,6,adjacent,620,30,32,128,FWD,E8,E9,E2,E3,30.285000,453.069000,OK
0,6,adjacent,620,30,32,129,REV,E9,E8,E2,E3,32.887000,466.316000,OK
0,6,adjacent,620,30,32,130,FWD,E8,E9,E3,E4,-18.492000,455.104000,OK
0,6,adjacent,620,30,32,131,REV,E9,E8,E3,E4,-14.758000,465.398000,OK
0,6,adjacent,620,30,32,132,FWD,E8,E9,E4,E5,-8.590000,455.184000,OK
0,6,adjacent,620,30,32,133,REV,E9,E8,E4,E5,-2.676000,464.880000,OK
0,6,adjacent,620,30,32,134,FWD,E8,E9,E5,E6,13.223000,455.822000,OK
0,6,adjacent,620,30,32,135,REV,E9,E8,E5,E6,23.770000,464.281000,OK
0,6,adjacent,620,30,32,136,FWD,E8,E9,E6,E7,-18.086000,456.461000,OK
0,6,adjacent,620,30,32,137,REV,E9,E8,E6,E7,24.793000,463.802000,OK
0,6,adjacent,620,30,32,138,FWD,E8,E9,E10,E11,-45.215000,456.780000,OK
0,6,adjacent,620,30,32,139,REV,E9,E8,E10,E11,-21.984000,463.802000,OK
0,6,adjacent,620,30,32,140,FWD,E8,E9,E11,E12,-42.684000,456.580000,OK
0,6,adjacent,620,30,32,141,REV,E9,E8,E11,E12,-30.508000,464.122000,OK
0,6,adjacent,620,30,32,142,FWD,E8,E9,E12,E1,39.078000,457.179000,OK
0,6,adjacent,620,30,32,143,REV,E9,E8,E12,E1,48.273000,463.204000,OK
0,6,adjacent,620,30,32,144,FWD,E9,E10,E1,E2,-31.695000,426.376000,OK
0,6,adjacent,620,30,32,145,REV,E10,E9,E1,E2,-26.949000,478.765000,OK
0,6,adjacent,620,30,32,146,FWD,E9,E10,E2,E3,30.086000,439.782000,OK
0,6,adjacent,620,30,32,147,REV,E10,E9,E2,E3,33.195000,473.059000,OK
0,6,adjacent,620,30,32,148,FWD,E9,E10,E3,E4,-18.410000,443.533000,OK
0,6,adjacent,620,30,32,149,REV,E10,E9,E3,E4,-14.813000,470.745000,OK
0,6,adjacent,620,30,32,150,FWD,E9,E10,E4,E5,-7.996000,444.451000,OK
0,6,adjacent,620,30,32,151,REV,E10,E9,E4,E5,-3.426000,470.107000,OK
0,6,adjacent,620,30,32,152,FWD,E9,E10,E5,E6,15.242000,444.890000,OK
0,6,adjacent,620,30,32,153,REV,E10,E9,E5,E6,21.891000,469.787000,OK
0,6,adjacent,620,30,32,154,FWD,E9,E10,E6,E7,-7.152000,445.767000,OK
0,6,adjacent,620,30,32,155,REV,E10,E9,E6,E7,12.641000,468.790000,OK
0,6,adjacent,620,30,32,156,FWD,E9,E10,E7,E8,-13.289000,446.486000,OK
0,6,adjacent,620,30,32,157,REV,E10,E9,E7,E8,13.891000,468.630000,OK
0,6,adjacent,620,30,32,158,FWD,E9,E10,E11,E12,-56.895000,446.166000,OK
0,6,adjacent,620,30,32,159,REV,E10,E9,E11,E12,-15.535000,468.471000,OK
0,6,adjacent,620,30,32,160,FWD,E9,E10,E12,E1,33.070000,446.486000,OK
0,6,adjacent,620,30,32,161,REV,E10,E9,E12,E1,54.727000,468.630000,OK
0,6,adjacent,620,30,32,162,FWD,E10,E11,E1,E2,-32.953000,371.433000,OK
0,6,adjacent,620,30,32,163,REV,E11,E10,E1,E2,-26.078000,371.273000,OK
0,6,adjacent,620,30,32,164,FWD,E10,E11,E2,E3,29.953000,383.762000,OK
0,6,adjacent,620,30,32,165,REV,E11,E10,E2,E3,33.133000,366.804000,OK
0,6,adjacent,620,30,32,166,FWD,E10,E11,E3,E4,-18.129000,385.797000,OK
0,6,adjacent,620,30,32,167,REV,E11,E10,E3,E4,-15.289000,366.405000,OK
0,6,adjacent,620,30,32,168,FWD,E10,E11,E4,E5,-7.273000,386.396000,OK
0,6,adjacent,620,30,32,169,REV,E11,E10,E4,E5,-4.461000,365.967000,OK
0,6,adjacent,620,30,32,170,FWD,E10,E11,E5,E6,16.820000,386.635000,OK
0,6,adjacent,620,30,32,171,REV,E11,E10,E5,E6,20.094000,365.727000,OK
0,6,adjacent,620,30,32,172,FWD,E10,E11,E6,E7,-1.719000,386.635000,OK
0,6,adjacent,620,30,32,173,REV,E11,E10,E6,E7,6.156000,365.807000,OK
0,6,adjacent,620,30,32,174,FWD,E10,E11,E7,E8,-4.020000,386.635000,OK
0,6,adjacent,620,30,32,175,REV,E11,E10,E7,E8,2.945000,365.488000,OK
0,6,adjacent,620,30,32,176,FWD,E10,E11,E8,E9,-1.578000,386.914000,OK
0,6,adjacent,620,30,32,177,REV,E11,E10,E8,E9,16.992000,365.328000,OK
0,6,adjacent,620,30,32,178,FWD,E10,E11,E12,E1,14.402000,386.755000,OK
0,6,adjacent,620,30,32,179,REV,E11,E10,E12,E1,71.043000,365.687000,OK
0,6,adjacent,620,30,32,180,FWD,E11,E12,E1,E2,-41.621000,237.088000,OK
0,6,adjacent,620,30,32,181,REV,E12,E11,E1,E2,-18.379000,224.998000,OK
0,6,adjacent,620,30,32,182,FWD,E11,E12,E2,E3,27.805000,242.674000,OK
0,6,adjacent,620,30,32,183,REV,E12,E11,E2,E3,35.063000,223.123000,OK
0,6,adjacent,620,30,32,184,FWD,E11,E12,E3,E4,-18.977000,243.233000,OK
0,6,adjacent,620,30,32,185,REV,E12,E11,E3,E4,-14.578000,222.844000,OK
0,6,adjacent,620,30,32,186,FWD,E11,E12,E4,E5,-7.559000,243.153000,OK
0,6,adjacent,620,30,32,187,REV,E12,E11,E4,E5,-4.328000,222.644000,OK
0,6,adjacent,620,30,32,188,FWD,E11,E12,E5,E6,17.090000,243.752000,OK
0,6,adjacent,620,30,32,189,REV,E12,E11,E5,E6,19.824000,222.844000,OK
0,6,adjacent,620,30,32,190,FWD,E11,E12,E6,E7,-0.539000,243.193000,OK
0,6,adjacent,620,30,32,191,REV,E12,E11,E6,E7,4.742000,223.323000,OK
0,6,adjacent,620,30,32,192,FWD,E11,E12,E7,E8,-2.270000,243.073000,OK
0,6,adjacent,620,30,32,193,REV,E12,E11,E7,E8,1.012000,223.163000,OK
0,6,adjacent,620,30,32,194,FWD,E11,E12,E8,E9,4.273000,243.632000,OK
0,6,adjacent,620,30,32,195,REV,E12,E11,E8,E9,10.391000,222.804000,OK
0,6,adjacent,620,30,32,196,FWD,E11,E12,E9,E10,8.906000,243.672000,OK
0,6,adjacent,620,30,32,197,REV,E12,E11,E9,E10,30.109000,223.642000,OK
0,6,adjacent,620,30,32,198,FWD,E12,E1,E2,E3,19.062000,215.183000,OK
0,6,adjacent,620,30,32,199,REV,E1,E12,E2,E3,45.672000,246.465000,OK
0,6,adjacent,620,30,32,200,FWD,E12,E1,E3,E4,-22.660000,219.891000,OK
0,6,adjacent,620,30,32,201,REV,E1,E12,E3,E4,-10.086000,244.909000,OK
0,6,adjacent,620,30,32,202,FWD,E12,E1,E4,E5,-9.223000,220.609000,OK
0,6,adjacent,620,30,32,203,REV,E1,E12,E4,E5,-2.207000,244.230000,OK
0,6,adjacent,620,30,32,204,FWD,E12,E1,E5,E6,16.422000,220.968000,OK
0,6,adjacent,620,30,32,205,REV,E1,E12,E5,E6,20.895000,244.031000,OK
0,6,adjacent,620,30,32,206,FWD,E12,E1,E6,E7,-1.039000,220.809000,OK
0,6,adjacent,620,30,32,207,REV,E1,E12,E6,E7,5.789000,243.871000,OK
0,6,adjacent,620,30,32,208,FWD,E12,E1,E7,E8,-2.121000,221.128000,OK
0,6,adjacent,620,30,32,209,REV,E1,E12,E7,E8,1.109000,244.071000,OK
0,6,adjacent,620,30,32,210,FWD,E12,E1,E8,E9,5.152000,221.328000,OK
0,6,adjacent,620,30,32,211,REV,E1,E12,E8,E9,9.789000,243.951000,OK
0,6,adjacent,620,30,32,212,FWD,E12,E1,E9,E10,14.563000,221.208000,OK
0,6,adjacent,620,30,32,213,REV,E1,E12,E9,E10,25.887000,243.791000,OK
0,6,adjacent,620,30,32,214,FWD,E12,E1,E10,E11,-50.188000,221.567000,OK
0,6,adjacent,620,30,32,215,REV,E1,E12,E10,E11,-13.914000,243.552000,OK
1,7,adjacent,620,30,32,0,FWD,E1,E2,E3,E4,-36.613000,283.532000,OK
1,7,adjacent,620,30,32,1,REV,E2,E1,E3,E4,2.141000,274.555000,OK
1,7,adjacent,620,30,32,2,FWD,E1,E2,E4,E5,-13.324000,288.520000,OK
1,7,adjacent,620,30,32,3,REV,E2,E1,E4,E5,1.020000,273.118000,OK
1,7,adjacent,620,30,32,4,FWD,E1,E2,E5,E6,15.492000,289.278000,OK
1,7,adjacent,620,30,32,5,REV,E2,E1,E5,E6,21.492000,272.919000,OK
1,7,adjacent,620,30,32,6,FWD,E1,E2,E6,E7,-1.086000,289.597000,OK
1,7,adjacent,620,30,32,7,REV,E2,E1,E6,E7,5.055000,272.201000,OK
1,7,adjacent,620,30,32,8,FWD,E1,E2,E7,E8,-1.609000,289.677000,OK
1,7,adjacent,620,30,32,9,REV,E2,E1,E7,E8,0.324000,272.480000,OK
1,7,adjacent,620,30,32,10,FWD,E1,E2,E8,E9,6.336000,289.996000,OK
1,7,adjacent,620,30,32,11,REV,E2,E1,E8,E9,8.234000,271.921000,OK
1,7,adjacent,620,30,32,12,FWD,E1,E2,E9,E10,18.461000,290.275000,OK
1,7,adjacent,620,30,32,13,REV,E2,E1,E9,E10,21.391000,272.161000,OK
1,7,adjacent,620,30,32,14,FWD,E1,E2,E10,E11,-36.090000,290.036000,OK
1,7,adjacent,620,30,32,15,REV,E2,E1,E10,E11,-30.793000,272.201000,OK
1,7,adjacent,620,30,32,16,FWD,E1,E2,E11,E12,-50.727000,289.637000,OK
1,7,adjacent,620,30,32,17,REV,E2,E1,E11,E12,-22.504000,272.161000,OK
1,7,adjacent,620,30,32,18,FWD,E2,E3,E4,E5,-19.832000,262.784000,OK
1,7,adjacent,620,30,32,19,REV,E3,E2,E4,E5,9.336000,294.505000,OK
1,7,adjacent,620,30,32,20,FWD,E2,E3,E5,E6,14.070000,268.610000,OK
1,7,adjacent,620,30,32,21,REV,E3,E2,E5,E6,23.617000,292.989000,OK
1,7,adjacent,620,30,32,22,FWD,E2,E3,E6,E7,-1.734000,269.487000,OK
1,7,adjacent,620,30,32,23,REV,E3,E2,E6,E7,6.062000,292.430000,OK
1,7,adjacent,620,30,32,24,FWD,E2,E3,E7,E8,-1.590000,269.487000,OK
1,7,adjacent,620,30,32,25,REV,E3,E2,E7,E8,0.391000,291.832000,OK
1,7,adjacent,620,30,32,26,FWD,E2,E3,E8,E9,6.535000,270.126000,OK
1,7,adjacent,620,30,32,27,REV,E3,E2,E8,E9,8.121000,291.672000,OK
1,7,adjacent,620,30,32,28,FWD,E2,E3,E9,E10,19.066000,270.325000,OK
1,7,adjacent,620,30,32,29,REV,E3,E2,E9,E10,20.977000,291.752000,OK
1,7,adjacent,620,30,32,30,FWD,E2,E3,E10,E11,-34.656000,270.285000,OK
1,7,adjacent,620,30,32,31,REV,E3,E2,E10,E11,-32.223000,291.512000,OK
1,7,adjacent,620,30,32,32,FWD,E2,E3,E11,E12,-40.633000,270.764000,OK
1,7,adjacent,620,30,32,33,REV,E3,E2,E11,E12,-31.844000,291.273000,OK
1,7,adjacent,620,30,32,34,FWD,E2,E3,E12,E1,28.184000,270.684000,OK
1,7,adjacent,620,30,32,35,REV,E3,E2,E12,E1,60.348000,291.313000,OK
1,7,adjacent,620,30,32,36,FWD,E3,E4,E1,E2,-45.855000,326.665000,OK
1,7,adjacent,620,30,32,37,REV,E4,E3,E1,E2,-2.348000,328.101000,OK
1,7,adjacent,620,30,32,38,FWD,E3,E4,E5,E6,2.680000,333.887000,OK
1,7,adjacent,620,30,32,39,REV,E4,E3,E5,E6,34.230000,325.827000,OK
1,7,adjacent,620,30,32,40,FWD,E3,E4,E6,E7,-7.559000,335.163000,OK
1,7,adjacent,620,30,32,41,REV,E4,E3,E6,E7,11.133000,324.390000,OK
1,7,adjacent,620,30,32,42,FWD,E3,E4,E7,E8,-2.707000,335.562000,OK
1,7,adjacent,620,30,32,43,REV,E4,E3,E7,E8,1.352000,324.390000,OK
1,7,adjacent,620,30,32,44,FWD,E3,E4,E8,E9,5.898000,335.443000,OK
1,7,adjacent,620,30,32,45,REV,E4,E3,E8,E9,8.625000,324.151000,OK
1,7,adjacent,620,30,32,46,FWD,E3,E4,E9,E10,18.660000,335.922000,OK
1,7,adjacent,620,30,32,47,REV,E4,E3,E9,E10,21.301000,323.832000,OK
1,7,adjacent,620,30,32,48,FWD,E3,E4,E10,E11,-34.844000,336.121000,OK
1,7,adjacent,620,30,32,49,REV,E4,E3,E10,E11,-32.301000,324.191000,OK
1,7,adjacent,620,30,32,50,FWD,E3,E4,E11,E12,-39.680000,335.922000,OK
1,7,adjacent,620,30,32,51,REV,E4,E3,E11,E12,-33.387000,323.672000,OK
1,7,adjacent,620,30,32,52,FWD,E3,E4,E12,E1,34.582000,336.520000,OK
1,7,adjacent,620,30,32,53,REV,E4,E3,E12,E1,52.215000,323.792000,OK
1,7,adjacent,620,30,32,54,FWD,E4,E5,E1,E2,-37.109000,333.288000,OK
1,7,adjacent,620,30,32,55,REV,E5,E4,E1,E2,-20.094000,340.550000,OK
1,7,adjacent,620,30,32,56,FWD,E4,E5,E2,E3,16.508000,339.114000,OK
1,7,adjacent,620,30,32,57,REV,E5,E4,E2,E3,51.000000,338.555000,OK
1,7,adjacent,620,30,32,58,FWD,E4,E5,E6,E7,-20.824000,340.470000,OK
1,7,adjacent,620,30,32,59,REV,E5,E4,E6,E7,24.402000,337.837000,OK
1,7,adjacent,620,30,32,60,FWD,E4,E5,E7,E8,-4.590000,341.268000,OK
1,7,adjacent,620,30,32,61,REV,E5,E4,E7,E8,3.242000,337.877000,OK
1,7,adjacent,620,30,32,62,FWD,E4,E5,E8,E9,5.105000,341.188000,OK
1,7,adjacent,620,30,32,63,REV,E5,E4,E8,E9,9.449000,337.597000,OK
1,7,adjacent,620,30,32,64,FWD,E4,E5,E9,E10,18.293000,340.550000,OK
1,7,adjacent,620,30,32,65,REV,E5,E4,E9,E10,21.727000,337.877000,OK
1,7,adjacent,620,30,32,66,FWD,E4,E5,E10,E11,-34.906000,340.989000,OK
1,7,adjacent,620,30,32,67,REV,E5,E4,E10,E11,-32.309000,337.557000,OK
1,7,adjacent,620,30,32,68,FWD,E4,E5,E11,E12,-38.887000,341.468000,OK
1,7,adjacent,620,30,32,69,REV,E5,E4,E11,E12,-34.203000,337.917000,OK
1,7,adjacent,620,30,32,70,FWD,E4,E5,E12,E1,38.426000,341.308000,OK
1,7,adjacent,620,30,32,71,REV,E5,E4,E12,E1,48.645000,337.158000,OK
1,7,adjacent,620,30,32,72,FWD,E5,E6,E1,E2,-32.996000,361.418000,OK
1,7,adjacent,620,30,32,73,REV,E6,E5,E1,E2,-24.879000,392.979000,OK
1,7,adjacent,620,30,32,74,FWD,E5,E6,E2,E3,25.309000,368.520000,OK
1,7,adjacent,620,30,32,75,REV,E6,E5,E2,E3,38.395000,390.545000,OK
1,7,adjacent,620,30,32,76,FWD,E5,E6,E3,E4,-33.578000,369.677000,OK
1,7,adjacent,620,30,32,77,REV,E6,E5,E3,E4,2.816000,390.026000,OK
1,7,adjacent,620,30,32,78,FWD,E5,E6,E7,E8,-9.785000,371.273000,OK
1,7,adjacent,620,30,32,79,REV,E6,E5,E7,E8,8.922000,388.590000,OK
1,7,adjacent,620,30,32,80,FWD,E5,E6,E8,E9,2.984000,371.632000,OK
1,7,adjacent,620,30,32,81,REV,E6,E5,E8,E9,11.734000,388.710000,OK
1,7,adjacent,620,30,32,82,FWD,E5,E6,E9,E10,17.293000,371.353000,OK
1,7,adjacent,620,30,32,83,REV,E6,E5,E9,E10,22.883000,388.869000,OK
1,7,adjacent,620,30,32,84,FWD,E5,E6,E10,E11,-35.309000,371.473000,OK
1,7,adjacent,620,30,32,85,REV,E6,E5,E10,E11,-31.914000,388.510000,OK
1,7,adjacent,620,30,32,86,FWD,E5,E6,E11,E12,-38.750000,371.872000,OK
1,7,adjacent,620,30,32,87,REV,E6,E5,E11,E12,-34.223000,388.391000,OK
1,7,adjacent,620,30,32,88,FWD,E5,E6,E12,E1,40.047000,371.752000,OK
1,7,adjacent,620,30,32,89,REV,E6,E5,E12,E1,47.367000,388.351000,OK
1,7,adjacent,620,30,32,90,FWD,E6,E7,E1,E2,-33.477000,388.231000,OK
1,7,adjacent,620,30,32,91,REV,E7,E6,E1,E2,-24.883000,405.149000,OK
1,7,adjacent,620,30,32,92,FWD,E6,E7,E2,E3,26.055000,396.291000,OK
1,7,adjacent,620,30,32,93,REV,E7,E6,E2,E3,37.109000,402.715000,OK
1,7,adjacent,620,30,32,94,FWD,E6,E7,E3,E4,-27.770000,397.647000,OK
1,7,adjacent,620,30,32,95,REV,E7,E6,E3,E4,-5.187000,402.276000,OK
1,7,adjacent,620,30,32,96,FWD,E6,E7,E4,E5,-30.824000,397.408000,OK
1,7,adjacent,620,30,32,97,REV,E7,E6,E4,E5,22.414000,401.518000,OK
1,7,adjacent,620,30,32,98,FWD,E6,E7,E8,E9,-11.359000,398.406000,OK
1,7,adjacent,620,30,32,99,REV,E7,E6,E8,E9,26.012000,400.600000,OK
1,7,adjacent,620,30,32,100,FWD,E6,E7,E9,E10,11.258000,399.124000,OK
1,7,adjacent,620,30,32,101,REV,E7,E6,E9,E10,28.836000,400.800000,OK
1,7,adjacent,620,30,32,102,FWD,E6,E7,E10,E11,-37.938000,399.243000,OK
1,7,adjacent,620,30,32,103,REV,E7,E6,E10,E11,-29.395000,401.079000,OK
1,7,adjacent,620,30,32,104,FWD,E6,E7,E11,E12,-41.078000,398.844000,OK
1,7,adjacent,620,30,32,105,REV,E7,E6,E11,E12,-32.031000,401.159000,OK
1,7,adjacent,620,30,32,106,FWD,E6,E7,E12,E1,37.750000,398.884000,OK
1,7,adjacent,620,30,32,107,REV,E7,E6,E12,E1,49.512000,400.480000,OK
1,7,adjacent,620,30,32,108,FWD,E7,E8,E1,E2,-30.836000,431.204000,OK
1,7,adjacent,620,30,32,109,REV,E8,E7,E1,E2,-27.758000,454.386000,OK
1,7,adjacent,620,30,32,110,FWD,E7,E8,E2,E3,29.949000,441.897000,OK
1,7,adjacent,620,30,32,111,REV,E8,E7,E2,E3,33.160000,450.755000,OK
1,7,adjacent,620,30,32,112,FWD,E7,E8,E3,E4,-19.320000,444.211000,OK
1,7,adjacent,620,30,32,113,REV,E8,E7,E3,E4,-13.828000,449.558000,OK
1,7,adjacent,620,30,32,114,FWD,E7,E8,E4,E5,-10.594000,444.690000,OK
1,7,adjacent,620,30,32,115,REV,E8,E7,E4,E5,-0.258000,449.438000,OK
1,7,adjacent,620,30,32,116,FWD,E7,E8,E5,E6,8.047000,445.209000,OK
1,7,adjacent,620,30,32,117,REV,E8,E7,E5,E6,29.844000,449.039000,OK
1,7,adjacent,620,30,32,118,FWD,E7,E8,E9,E10,6.605000,445.927000,OK
1,7,adjacent,620,30,32,119,REV,E8,E7,E9,E10,33.473000,448.201000,OK
1,7,adjacent,620,30,32,120,FWD,E7,E8,E10,E11,-37.922000,445.927000,OK
1,7,adjacent,620,30,32,121,REV,E8,E7,E10,E11,-29.516000,448.161000,OK
1,7,adjacent,620,30,32,122,FWD,E7,E8,E11,E12,-39.695000,446.206000,OK
1,7,adjacent,620,30,32,123,REV,E8,E7,E11,E12,-33.438000,448.361000,OK
1,7,adjacent,620,30,32,124,FWD,E7,E8,E12,E1,40.609000,445.887000,OK
1,7,adjacent,620,30,32,125,REV,E8,E7,E12,E1,46.629000,448.321000,OK
1,7,adjacent,620,30,32,126,FWD,E8,E9,E1,E2,-30.848000,441.977000,OK
1,7,adjacent,620,30,32,127,REV,E9,E8,E1,E2,-27.852000,470.027000,OK
1,7,adjacent,620,30,32,128,FWD,E8,E9,E2,E3,30.270000,452.670000,OK
1,7,adjacent,620,30,32,129,REV,E9,E8,E2,E3,32.855000,466.476000,OK
1,7,adjacent,620,30,32,130,FWD,E8,E9,E3,E4,-18.469000,454.984000,OK
1,7,adjacent,620,30,32,131,REV,E9,E8,E3,E4,-14.719000,464.920000,OK
1,7,adjacent,620,30,32,132,FWD,E8,E9,E4,E5,-8.613000,455.782000,OK
1,7,adjacent,620,30,32,133,REV,E9,E8,E4,E5,-2.699000,464.441000,OK
1,7,adjacent,620,30,32,134,FWD,E8,E9,E5,E6,13.434000,455.982000,OK
1,7,adjacent,620,30,32,135,REV,E9,E8,E5,E6,23.984000,464.560000,OK
1,7,adjacent,620,30,32,136,FWD,E8,E9,E6,E7,-18.332000,456.381000,OK
1,7,adjacent,620,30,32,137,REV,E9,E8,E6,E7,24.598000,464.241000,OK
1,7,adjacent,620,30,32,138,FWD,E8,E9,E10,E11,-45.258000,456.740000,OK
1,7,adjacent,620,30,32,139,REV,E9,E8,E10,E11,-22.020000,463.603000,OK
1,7,adjacent,620,30,32,140,FWD,E8,E9,E11,E12,-42.629000,457.099000,OK
1,7,adjacent,620,30,32,141,REV,E9,E8,E11,E12,-30.445000,463.762000,OK
1,7,adjacent,620,30,32,142,FWD,E8,E9,E12,E1,39.086000,456.501000,OK
1,7,adjacent,620,30,32,143,REV,E9,E8,E12,E1,48.230000,463.723000,OK
1,7,adjacent,620,30,32,144,FWD,E9,E10,E1,E2,-31.687000,426.256000,OK
1,7,adjacent,620,30,32,145,REV,E10,E9,E1,E2,-26.941000,478.366000,OK
1,7,adjacent,620,30,32,146,FWD,E9,E10,E2,E3,30.066000,440.022000,OK
1,7,adjacent,620,30,32,147,REV,E10,E9,E2,E3,33.137000,472.660000,OK
1,7,adjacent,620,30,32,148,FWD,E9,E10,E3,E4,-18.379000,443.134000,OK
1,7,adjacent,620,30,32,149,REV,E10,E9,E3,E4,-14.801000,471.623000,OK
1,7,adjacent,620,30,32,150,FWD,E9,E10,E4,E5,-8.004000,444.251000,OK
1,7,adjacent,620,30,32,151,REV,E10,E9,E4,E5,-3.441000,470.306000,OK
1,7,adjacent,620,30,32,152,FWD,E9,E10,E5,E6,15.438000,444.850000,OK
1,7,adjacent,620,30,32,153,REV,E10,E9,E5,E6,22.082000,469.348000,OK
1,7,adjacent,620,30,32,154,FWD,E9,E10,E6,E7,-7.387000,445.847000,OK
1,7,adjacent,620,30,32,155,REV,E10,E9,E6,E7,12.449000,469.309000,OK
1,7,adjacent,620,30,32,156,FWD,E9,E10,E7,E8,-13.277000,445.847000,OK
1,7,adjacent,620,30,32,157,REV,E10,E9,E7,E8,13.891000,468.551000,OK
1,7,adjacent,620,30,32,158,FWD,E9,E10,E11,E12,-56.875000,446.565000,OK
1,7,adjacent,620,30,32,159,REV,E10,E9,E11,E12,-15.488000,468.231000,OK
1,7,adjacent,620,30,32,160,FWD,E9,E10,E12,E1,33.027000,446.406000,OK
1,7,adjacent,620,30,32,161,REV,E10,E9,E12,E1,54.715000,468.590000,OK
1,7,adjacent,620,30,32,162,FWD,E10,E11,E1,E2,-32.938000,371.353000,OK
1,7,adjacent,620,30,32,163,REV,E11,E10,E1,E2,-26.070000,371.553000,OK
1,7,adjacent,620,30,32,164,FWD,E10,E11,E2,E3,29.930000,383.603000,OK
1,7,adjacent,620,30,32,165,REV,E11,E10,E2,E3,33.121000,366.565000,OK
1,7,adjacent,620,30,32,166,FWD,E10,E11,E3,E4,-18.109000,385.837000,OK
1,7,adjacent,620,30,32,167,REV,E11,E10,E3,E4,-15.277000,366.445000,OK
1,7,adjacent,620,30,32,168,FWD,E10,E11,E4,E5,-7.289000,386.196000,OK
1,7,adjacent,620,30,32,169,REV,E11,E10,E4,E5,-4.453000,366.166000,OK
1,7,adjacent,620,30,32,170,FWD,E10,E11,E5,E6,17.023000,386.635000,OK
1,7,adjacent,620,30,32,171,REV,E11,E10,E5,E6,20.328000,365.847000,OK
1,7,adjacent,620,30,32,172,FWD,E10,E11,E6,E7,-1.953000,386.675000,OK
1,7,adjacent,620,30,32,173,REV,E11,E10,E6,E7,5.961000,365.408000,OK
1,7,adjacent,620,30,32,174,FWD,E10,E11,E7,E8,-3.988000,386.675000,OK
1,7,adjacent,620,30,32,175,REV,E11,E10,E7,E8,2.965000,365.687000,OK
1,7,adjacent,620,30,32,176,FWD,E10,E11,E8,E9,-1.547000,386.635000,OK
1,7,adjacent,620,30,32,177,REV,E11,E10,E8,E9,16.980000,365.807000,OK
1,7,adjacent,620,30,32,178,FWD,E10,E11,E12,E1,14.320000,386.795000,OK
1,7,adjacent,620,30,32,179,REV,E11,E10,E12,E1,70.969000,365.807000,OK
1,7,adjacent,620,30,32,180,FWD,E11,E12,E1,E2,-41.523000,237.487000,OK
1,7,adjacent,620,30,32,181,REV,E12,E11,E1,E2,-18.395000,224.759000,OK
1,7,adjacent,620,30,32,182,FWD,E11,E12,E2,E3,27.777000,242.435000,OK
1,7,adjacent,620,30,32,183,REV,E12,E11,E2,E3,35.047000,222.844000,OK
1,7,adjacent,620,30,32,184,FWD,E11,E12,E3,E4,-19.012000,243.392000,OK
1,7,adjacent,620,30,32,185,REV,E12,E11,E3,E4,-14.563000,223.083000,OK
1,7,adjacent,620,30,32,186,FWD,E11,E12,E4,E5,-7.578000,243.512000,OK
1,7,adjacent,620,30,32,187,REV,E12,E11,E4,E5,-4.340000,223.083000,OK
1,7,adjacent,620,30,32,188,FWD,E11,E12,E5,E6,17.297000,243.432000,OK
1,7,adjacent,620,30,32,189,REV,E12,E11,E5,E6,20.062000,223.203000,OK
1,7,adjacent,620,30,32,190,FWD,E11,E12,E6,E7,-0.727000,243.432000,OK
1,7,adjacent,620,30,32,191,REV,E12,E11,E6,E7,4.504000,222.844000,OK
1,7,adjacent,620,30,32,192,FWD,E11,E12,E7,E8,-2.227000,243.752000,OK
1,7,adjacent,620,30,32,193,REV,E12,E11,E7,E8,1.016000,223.043000,OK
1,7,adjacent,620,30,32,194,FWD,E11,E12,E8,E9,4.266000,243.353000,OK
1,7,adjacent,620,30,32,195,REV,E12,E11,E8,E9,10.406000,223.243000,OK
1,7,adjacent,620,30,32,196,FWD,E11,E12,E9,E10,8.934000,243.273000,OK
1,7,adjacent,620,30,32,197,REV,E12,E11,E9,E10,30.172000,222.924000,OK
1,7,adjacent,620,30,32,198,FWD,E12,E1,E2,E3,19.004000,215.542000,OK
1,7,adjacent,620,30,32,199,REV,E1,E12,E2,E3,45.605000,245.787000,OK
1,7,adjacent,620,30,32,200,FWD,E12,E1,E3,E4,-22.625000,219.971000,OK
1,7,adjacent,620,30,32,201,REV,E1,E12,E3,E4,-10.102000,244.789000,OK
1,7,adjacent,620,30,32,202,FWD,E12,E1,E4,E5,-9.242000,220.131000,OK
1,7,adjacent,620,30,32,203,REV,E1,E12,E4,E5,-2.211000,244.151000,OK
1,7,adjacent,620,30,32,204,FWD,E12,E1,E5,E6,16.625000,221.248000,OK
1,7,adjacent,620,30,32,205,REV,E1,E12,E5,E6,21.109000,244.151000,OK
1,7,adjacent,620,30,32,206,FWD,E12,E1,E6,E7,-1.293000,221.008000,OK
1,7,adjacent,620,30,32,207,REV,E1,E12,E6,E7,5.555000,244.310000,OK
1,7,adjacent,620,30,32,208,FWD,E12,E1,E7,E8,-2.129000,221.008000,OK
1,7,adjacent,620,30,32,209,REV,E1,E12,E7,E8,1.082000,243.791000,OK
1,7,adjacent,620,30,32,210,FWD,E12,E1,E8,E9,5.180000,221.607000,OK
1,7,adjacent,620,30,32,211,REV,E1,E12,E8,E9,9.836000,243.592000,OK
1,7,adjacent,620,30,32,212,FWD,E12,E1,E9,E10,14.617000,221.487000,OK
1,7,adjacent,620,30,32,213,REV,E1,E12,E9,E10,25.937000,243.991000,OK
1,7,adjacent,620,30,32,214,FWD,E12,E1,E10,E11,-50.316000,220.769000,OK
1,7,adjacent,620,30,32,215,REV,E1,E12,E10,E11,-13.906000,243.871000,OK
2,8,adjacent,620,30,32,0,FWD,E1,E2,E3,E4,-36.633000,283.612000,OK
2,8,adjacent,620,30,32,1,REV,E2,E1,E3,E4,2.180000,274.315000,OK
2,8,adjacent,620,30,32,2,FWD,E1,E2,E4,E5,-13.352000,288.440000,OK
2,8,adjacent,620,30,32,3,REV,E2,E1,E4,E5,1.000000,272.959000,OK
2,8,adjacent,620,30,32,4,FWD,E1,E2,E5,E6,15.695000,289.358000,OK
2,8,adjacent,620,30,32,5,REV,E2,E1,E5,E6,21.656000,272.919000,OK
2,8,adjacent,620,30,32,6,FWD,E1,E2,E6,E7,-1.250000,289.318000,OK
2,8,adjacent,620,30,32,7,REV,E2,E1,E6,E7,4.891000,272.121000,OK
2,8,adjacent,620,30,32,8,FWD,E1,E2,E7,E8,-1.621000,290.036000,OK
2,8,adjacent,620,30,32,9,REV,E2,E1,E7,E8,0.301000,272.001000,OK
2,8,adjacent,620,30,32,10,FWD,E1,E2,E8,E9,6.363000,290.036000,OK
2,8,adjacent,620,30,32,11,REV,E2,E1,E8,E9,8.273000,272.400000,OK
2,8,adjacent,620,30,32,12,FWD,E1,E2,E9,E10,18.488000,289.837000,OK
2,8,adjacent,620,30,32,13,REV,E2,E1,E9,E10,21.430000,272.320000,OK
2,8,adjacent,620,30,32,14,FWD,E1,E2,E10,E11,-36.152000,289.358000,OK
2,8,adjacent,620,30,32,15,REV,E2,E1,E10,E11,-30.812000,271.642000,OK
2,8,adjacent,620,30,32,16,FWD,E1,E2,E11,E12,-50.730000,289.916000,OK
2,8,adjacent,620,30,32,17,REV,E2,E1,E11,E12,-22.453000,272.240000,OK
2,8,adjacent,620,30,32,18,FWD,E2,E3,E4,E5,-19.863000,262.984000,OK
2,8,adjacent,620,30,32,19,REV,E3,E2,E4,E5,9.363000,295.024000,OK
2,8,adjacent,620,30,32,20,FWD,E2,E3,E5,E6,14.168000,268.889000,OK
2,8,adjacent,620,30,32,21,REV,E3,E2,E5,E6,23.797000,292.829000,OK
2,8,adjacent,620,30,32,22,FWD,E2,E3,E6,E7,-1.875000,269.328000,OK
2,8,adjacent,620,30,32,23,REV,E3,E2,E6,E7,5.957000,292.310000,OK
2,8,adjacent,620,30,32,24,FWD,E2,E3,E7,E8,-1.684000,269.408000,OK
2,8,adjacent,620,30,32,25,REV,E3,E2,E7,E8,0.344000,292.390000,OK
2,8,adjacent,620,30,32,26,FWD,E2,E3,E8,E9,6.648000,270.245000,OK
2,8,adjacent,620,30,32,27,REV,E3,E2,E8,E9,8.219000,291.712000,OK
2,8,adjacent,620,30,32,28,FWD,E2,E3,E9,E10,19.129000,270.924000,OK
2,8,adjacent,620,30,32,29,REV,E3,E2,E9,E10,21.027000,291.273000,OK
2,8,adjacent,620,30,32,30,FWD,E2,E3,E10,E11,-34.711000,270.365000,OK
2,8,adjacent,620,30,32,31,REV,E3,E2,E10,E11,-32.254000,291.592000,OK
2,8,adjacent,620,30,32,32,FWD,E2,E3,E11,E12,-40.590000,270.485000,OK
2,8,adjacent,620,30,32,33,REV,E3,E2,E11,E12,-31.816000,291.552000,OK
2,8,adjacent,620,30,32,34,FWD,E2,E3,E12,E1,28.125000,270.724000,OK
2,8,adjacent,620,30,32,35,REV,E3,E2,E12,E1,60.363000,291.233000,OK
2,8,adjacent,620,30,32,36,FWD,E3,E4,E1,E2,-45.887000,326.944000,OK
2,8,adjacent,620,30,32,37,REV,E4,E3,E1,E2,-2.301000,327.782000,OK
2,8,adjacent,620,30,32,38,FWD,E3,E4,E5,E6,2.766000,333.448000,OK
2,8,adjacent,620,30,32,39,REV,E4,E3,E5,E6,34.320000,325.268000,OK
2,8,adjacent,620,30,32,40,FWD,E3,E4,E6,E7,-7.664000,334.884000,OK
2,8,adjacent,620,30,32,41,REV,E4,E3,E6,E7,11.047000,324.470000,OK
2,8,adjacent,620,30,32,42,FWD,E3,E4,E7,E8,-2.793000,335.602000,OK
2,8,adjacent,620,30,32,43,REV,E4,E3,E7,E8,1.273000,324.670000,OK
2,8,adjacent,620,30,32,44,FWD,E3,E4,E8,E9,6.020000,335.363000,OK
2,8,adjacent,620,30,32,45,REV,E4,E3,E8,E9,8.715000,324.350000,OK
2,8,adjacent,620,30,32,46,FWD,E3,E4,E9,E10,18.727000,336.001000,OK
2,8,adjacent,620,30,32,47,REV,E4,E3,E9,E10,21.344000,323.951000,OK
2,8,adjacent,620,30,32,48,FWD,E3,E4,E10,E11,-34.883000,336.041000,OK
2,8,adjacent,620,30,32,49,REV,E4,E3,E10,E11,-32.367000,323.592000,OK
2,8,adjacent,620,30,32,50,FWD,E3,E4,E11,E12,-39.672000,336.360000,OK
2,8,adjacent,620,30,32,51,REV,E4,E3,E11,E12,-33.340000,324.031000,OK
2,8,adjacent,620,30,32,52,FWD,E3,E4,E12,E1,34.527000,336.001000,OK
2,8,adjacent,620,30,32,53,REV,E4,E3,E12,E1,52.148000,324.031000,OK
2,8,adjacent,620,30,32,54,FWD,E4,E5,E1,E2,-37.105000,333.288000,OK
2,8,adjacent,620,30,32,55,REV,E5,E4,E1,E2,-20.070000,340.231000,OK
2,8,adjacent,620,30,32,56,FWD,E4,E5,E2,E3,16.484000,339.552000,OK
2,8,adjacent,620,30,32,57,REV,E5,E4,E2,E3,51.023000,338.874000,OK
2,8,adjacent,620,30,32,58,FWD,E4,E5,E6,E7,-20.922000,340.390000,OK
2,8,adjacent,620,30,32,59,REV,E5,E4,E6,E7,24.289000,338.156000,OK
2,8,adjacent,620,30,32,60,FWD,E4,E5,E7,E8,-4.660000,341.188000,OK
2,8,adjacent,620,30,32,61,REV,E5,E4,E7,E8,3.180000,338.036000,OK
2,8,adjacent,620,30,32,62,FWD,E4,E5,E8,E9,5.176000,341.148000,OK
2,8,adjacent,620,30,32,63,REV,E5,E4,E8,E9,9.527000,337.877000,OK
2,8,adjacent,620,30,32,64,FWD,E4,E5,E9,E10,18.352000,340.869000,OK
2,8,adjacent,620,30,32,65,REV,E5,E4,E9,E10,21.754000,337.917000,OK
2,8,adjacent,620,30,32,66,FWD,E4,E5,E10,E11,-34.945000,341.308000,OK
2,8,adjacent,620,30,32,67,REV,E5,E4,E10,E11,-32.352000,337.438000,OK
2,8,adjacent,620,30,32,68,FWD,E4,E5,E11,E12,-38.840000,341.547000,OK
2,8,adjacent,620,30,32,69,REV,E5,E4,E11,E12,-34.160000,337.478000,OK
2,8,adjacent,620,30,32,70,FWD,E4,E5,E12,E1,38.398000,341.388000,OK
2,8,adjacent,620,30,32,71,REV,E5,E4,E12,E1,48.621000,337.677000,OK
2,8,adjacent,620,30,32,72,FWD,E5,E6,E1,E2,-32.996000,361.338000,OK
2,8,adjacent,620,30,32,73,REV,E6,E5,E1,E2,-24.867000,393.298000,OK
2,8,adjacent,620,30,32,74,FWD,E5,E6,E2,E3,25.289000,368.839000,OK
2,8,adjacent,620,30,32,75,REV,E6,E5,E2,E3,38.395000,390.266000,OK
2,8,adjacent,620,30,32,76,FWD,E5,E6,E3,E4,-33.594000,370.316000,OK
2,8,adjacent,620,30,32,77,REV,E6,E5,E3,E4,2.863000,389.827000,OK
2,8,adjacent,620,30,32,78,FWD,E5,E6,E7,E8,-9.859000,370.595000,OK
2,8,adjacent,620,30,32,79,REV,E6,E5,E7,E8,8.855000,389.069000,OK
2,8,adjacent,620,30,32,80,FWD,E5,E6,E8,E9,3.035000,371.393000,OK
2,8,adjacent,620,30,32,81,REV,E6,E5,E8,E9,11.840000,388.630000,OK
2,8,adjacent,620,30,32,82,FWD,E5,E6,E9,E10,17.312000,371.553000,OK
2,8,adjacent,620,30,32,83,REV,E6,E5,E9,E10,22.945000,388.829000,OK
2,8,adjacent,620,30,32,84,FWD,E5,E6,E10,E11,-35.324000,370.755000,OK
2,8,adjacent,620,30,32,85,REV,E6,E5,E10,E11,-31.961000,388.510000,OK
2,8,adjacent,620,30,32,86,FWD,E5,E6,E11,E12,-38.734000,371.473000,OK
2,8,adjacent,620,30,32,87,REV,E6,E5,E11,E12,-34.184000,388.151000,OK
2,8,adjacent,620,30,32,88,FWD,E5,E6,E12,E1,40.043000,371.712000,OK
2,8,adjacent,620,30,32,89,REV,E6,E5,E12,E1,47.324000,387.832000,OK
2,8,adjacent,620,30,32,90,FWD,E6,E7,E1,E2,-33.480000,388.710000,OK
2,8,adjacent,620,30,32,91,REV,E7,E6,E1,E2,-24.867000,405.787000,OK
2,8,adjacent,620,30,32,92,FWD,E6,E7,E2,E3,26.039000,395.972000,OK
2,8,adjacent,620,30,32,93,REV,E7,E6,E2,E3,37.105000,402.914000,OK
2,8,adjacent,620,30,32,94,FWD,E6,E7,E3,E4,-27.758000,397.767000,OK
2,8,adjacent,620,30,32,95,REV,E7,E6,E3,E4,-5.164000,401.797000,OK
2,8,adjacent,620,30,32,96,FWD,E6,E7,E4,E5,-30.863000,398.046000,OK
2,8,adjacent,620,30,32,97,REV,E7,E6,E4,E5,22.398000,401.797000,OK
2,8,adjacent,620,30,32,98,FWD,E6,E7,E8,E9,-11.324000,398.366000,OK
2,8,adjacent,620,30,32,99,REV,E7,E6,E8,E9,26.051000,401.079000,OK
2,8,adjacent,620,30,32,100,FWD,E6,E7,E9,E10,11.289000,398.805000,OK
2,8,adjacent,620,30,32,101,REV,E7,E6,E9,E10,28.883000,400.480000,OK
2,8,adjacent,620,30,32,102,FWD,E6,E7,E10,E11,-37.969000,399.283000,OK
2,8,adjacent,620,30,32,103,REV,E7,E6,E10,E11,-29.422000,400.959000,OK
2,8,adjacent,620,30,32,104,FWD,E6,E7,E11,E12,-41.055000,399.363000,OK
2,8,adjacent,620,30,32,105,REV,E7,E6,E11,E12,-32.000000,401.278000,OK
2,8,adjacent,620,30,32,106,FWD,E6,E7,E12,E1,37.730000,399.084000,OK
2,8,adjacent,620,30,32,107,REV,E7,E6,E12,E1,49.461000,400.760000,OK
2,8,adjacent,620,30,32,108,FWD,E7,E8,E1,E2,-30.840000,431.443000,OK
2,8,adjacent,620,30,32,109,REV,E8,E7,E1,E2,-27.777000,454.107000,OK
2,8,adjacent,620,30,32,110,FWD,E7,E8,E2,E3,29.945000,442.176000,OK
2,8,adjacent,620,30,32,111,REV,E8,E7,E2,E3,33.129000,450.635000,OK
2,8,adjacent,620,30,32,112,FWD,E7,E8,E3,E4,-19.301000,444.570000,OK
2,8,adjacent,620,30,32,113,REV,E8,E7,E3,E4,-13.820000,449.877000,OK
2,8,adjacent,620,30,32,114,FWD,E7,E8,E4,E5,-10.602000,445.129000,OK
2,8,adjacent,620,30,32,115,REV,E8,E7,E4,E5,-0.301000,449.119000,OK
2,8,adjacent,620,30,32,116,FWD,E7,E8,E5,E6,8.098000,445.368000,OK
2,8,adjacent,620,30,32,117,REV,E8,E7,E5,E6,29.945000,448.680000,OK
2,8,adjacent,620,30,32,118,FWD,E7,E8,E9,E10,6.617000,445.209000,OK
2,8,adjacent,620,30,32,119,REV,E8,E7,E9,E10,33.484000,448.600000,OK
2,8,adjacent,620,30,32,120,FWD,E7,E8,E10,E11,-37.934000,445.727000,OK
2,8,adjacent,620,30,32,121,REV,E8,E7,E10,E11,-29.504000,447.882000,OK
2,8,adjacent,620,30,32,122,FWD,E7,E8,E11,E12,-39.684000,446.246000,OK
2,8,adjacent,620,30,32,123,REV,E8,E7,E11,E12,-33.426000,448.002000,OK
2,8,adjacent,620,30,32,124,FWD,E7,E8,E12,E1,40.574000,446.087000,OK
2,8,adjacent,620,30,32,125,REV,E8,E7,E12,E1,46.586000,448.201000,OK
2,8,adjacent,620,30,32,126,FWD,E8,E9,E1,E2,-30.867000,441.618000,OK
2,8,adjacent,620,30,32,127,REV,E9,E8,E1,E2,-27.836000,470.186000,OK
2,8,adjacent,620,30,32,128,FWD,E8,E9,E2,E3,30.254000,452.590000,OK
2,8,adjacent,620,30,32,129,REV,E9,E8,E2,E3,32.836000,466.236000,OK
2,8,adjacent,620,30,32,130,FWD,E8,E9,E3,E4,-18.445000,454.506000,OK
2,8,adjacent,620,30,32,131,REV,E9,E8,E3,E4,-14.719000,465.877000,OK
2,8,adjacent,620,30,32,132,FWD,E8,E9,E4,E5,-8.621000,455.623000,OK
2,8,adjacent,620,30,32,133,REV,E9,E8,E4,E5,-2.723000,464.800000,OK
2,8,adjacent,620,30,32,134,FWD,E8,E9,E5,E6,13.488000,456.381000,OK
2,8,adjacent,620,30,32,135,REV,E9,E8,E5,E6,24.043000,464.042000,OK
2,8,adjacent,620,30,32,136,FWD,E8,E9,E6,E7,-18.312000,456.580000,OK
2,8,adjacent,620,30,32,137,REV,E9,E8,E6,E7,24.527000,464.361000,OK
2,8,adjacent,620,30,32,138,FWD,E8,E9,E10,E11,-45.270000,456.341000,OK
2,8,adjacent,620,30,32,139,REV,E9,E8,E10,E11,-22.059000,464.082000,OK
2,8,adjacent,620,30,32,140,FWD,E8,E9,E11,E12,-42.621000,456.900000,OK
2,8,adjacent,620,30,32,141,REV,E9,E8,E11,E12,-30.430000,463.643000,OK
2,8,adjacent,620,30,32,142,FWD,E8,E9,E12,E1,39.027000,457.099000,OK
2,8,adjacent,620,30,32,143,REV,E9,E8,E12,E1,48.227000,463.603000,OK
2,8,adjacent,620,30,32,144,FWD,E9,E10,E1,E2,-31.695000,426.575000,OK
2,8,adjacent,620,30,32,145,REV,E10,E9,E1,E2,-26.941000,478.685000,OK
2,8,adjacent,620,30,32,146,FWD,E9,E10,E2,E3,30.051000,439.942000,OK
2,8,adjacent,620,30,32,147,REV,E10,E9,E2,E3,33.156000,473.458000,OK
2,8,adjacent,620,30,32,148,FWD,E9,E10,E3,E4,-18.359000,443.333000,OK
2,8,adjacent,620,30,32,149,REV,E10,E9,E3,E4,-14.777000,471.264000,OK
2,8,adjacent,620,30,32,150,FWD,E9,E10,E4,E5,-8.008000,444.251000,OK
2,8,adjacent,620,30,32,151,REV,E10,E9,E4,E5,-3.457000,470.466000,OK
2,8,adjacent,620,30,32,152,FWD,E9,E10,E5,E6,15.492000,445.249000,OK
2,8,adjacent,620,30,32,153,REV,E10,E9,E5,E6,22.145000,469.867000,OK
2,8,adjacent,620,30,32,154,FWD,E9,E10,E6,E7,-7.398000,445.767000,OK
2,8,adjacent,620,30,32,155,REV,E10,E9,E6,E7,12.406000,468.790000,OK
2,8,adjacent,620,30,32,156,FWD,E9,E10,E7,E8,-13.328000,446.246000,OK
2,8,adjacent,620,30,32,157,REV,E10,E9,E7,E8,13.871000,469.109000,OK
2,8,adjacent,620,30,32,158,FWD,E9,E10,E11,E12,-56.809000,446.246000,OK
2,8,adjacent,620,30,32,159,REV,E10,E9,E11,E12,-15.508000,468.710000,OK
2,8,adjacent,620,30,32,160,FWD,E9,E10,E12,E1,33.020000,445.847000,OK
2,8,adjacent,620,30,32,161,REV,E10,E9,E12,E1,54.711000,468.391000,OK
2,8,adjacent,620,30,32,162,FWD,E10,E11,E1,E2,-32.941000,371.513000,OK
2,8,adjacent,620,30,32,163,REV,E11,E10,E1,E2,-26.066000,370.715000,OK
2,8,adjacent,620,30,32,164,FWD,E10,E11,E2,E3,29.918000,383.483000,OK
2,8,adjacent,620,30,32,165,REV,E11,E10,E2,E3,33.082000,367.323000,OK
2,8,adjacent,620,30,32,166,FWD,E10,E11,E3,E4,-18.074000,385.518000,OK
2,8,adjacent,620,30,32,167,REV,E11,E10,E3,E4,-15.250000,365.927000,OK
2,8,adjacent,620,30,32,168,FWD,E10,E11,E4,E5,-7.305000,386.635000,OK
2,8,adjacent,620,30,32,169,REV,E11,E10,E4,E5,-4.492000,365.607000,OK
2,8,adjacent,620,30,32,170,FWD,E10,E11,E5,E6,17.082000,386.834000,OK
2,8,adjacent,620,30,32,171,REV,E11,E10,E5,E6,20.375000,366.006000,OK
2,8,adjacent,620,30,32,172,FWD,E10,E11,E6,E7,-2.020000,386.635000,OK
2,8,adjacent,620,30,32,173,REV,E11,E10,E6,E7,5.891000,365.727000,OK
2,8,adjacent,620,30,32,174,FWD,E10,E11,E7,E8,-4.047000,386.954000,OK
2,8,adjacent,620,30,32,175,REV,E11,E10,E7,E8,2.910000,365.009000,OK
2,8,adjacent,620,30,32,176,FWD,E10,E11,E8,E9,-1.531000,386.994000,OK
2,8,adjacent,620,30,32,177,REV,E11,E10,E8,E9,17.051000,365.847000,OK
2,8,adjacent,620,30,32,178,FWD,E10,E11,E12,E1,14.320000,386.715000,OK
2,8,adjacent,620,30,32,179,REV,E11,E10,E12,E1,70.996000,365.847000,OK
2,8,adjacent,620,30,32,180,FWD,E11,E12,E1,E2,-41.602000,237.048000,OK
2,8,adjacent,620,30,32,181,REV,E12,E11,E1,E2,-18.363000,224.639000,OK
2,8,adjacent,620,30,32,182,FWD,E11,E12,E2,E3,27.758000,242.914000,OK
2,8,adjacent,620,30,32,183,REV,E12,E11,E2,E3,35.023000,223.323000,OK
2,8,adjacent,620,30,32,184,FWD,E11,E12,E3,E4,-18.945000,243.672000,OK
2,8,adjacent,620,30,32,185,REV,E12,E11,E3,E4,-14.531000,223.362000,OK
2,8,adjacent,620,30,32,186,FWD,E11,E12,E4,E5,-7.582000,243.353000,OK
2,8,adjacent,620,30,32,187,REV,E12,E11,E4,E5,-4.363000,222.764000,OK
2,8,adjacent,620,30,32,188,FWD,E11,E12,E5,E6,17.344000,243.432000,OK
2,8,adjacent,620,30,32,189,REV,E12,E11,E5,E6,20.086000,223.243000,OK
2,8,adjacent,620,30,32,190,FWD,E11,E12,E6,E7,-0.797000,243.273000,OK
2,8,adjacent,620,30,32,191,REV,E12,E11,E6,E7,4.488000,223.243000,OK
2,8,adjacent,620,30,32,192,FWD,E11,E12,E7,E8,-2.281000,243.392000,OK
2,8,adjacent,620,30,32,193,REV,E12,E11,E7,E8,0.969000,222.924000,OK
2,8,adjacent,620,30,32,194,FWD,E11,E12,E8,E9,4.312000,243.592000,OK
2,8,adjacent,620,30,32,195,REV,E12,E11,E8,E9,10.445000,222.924000,OK
2,8,adjacent,620,30,32,196,FWD,E11,E12,E9,E10,8.996000,243.632000,OK
2,8,adjacent,620,30,32,197,REV,E12,E11,E9,E10,30.215000,223.163000,OK
2,8,adjacent,620,30,32,198,FWD,E12,E1,E2,E3,18.977000,215.343000,OK
2,8,adjacent,620,30,32,199,REV,E1,E12,E2,E3,45.590000,246.265000,OK
2,8,adjacent,620,30,32,200,FWD,E12,E1,E3,E4,-22.602000,220.011000,OK
2,8,adjacent,620,30,32,201,REV,E1,E12,E3,E4,-10.047000,244.510000,OK
2,8,adjacent,620,30,32,202,FWD,E12,E1,E4,E5,-9.242000,221.208000,OK
2,8,adjacent,620,30,32,203,REV,E1,E12,E4,E5,-2.246000,244.151000,OK
2,8,adjacent,620,30,32,204,FWD,E12,E1,E5,E6,16.680000,221.048000,OK
2,8,adjacent,620,30,32,205,REV,E1,E12,E5,E6,21.156000,244.191000,OK
2,8,adjacent,620,30,32,206,FWD,E12,E1,E6,E7,-1.328000,220.729000,OK
2,8,adjacent,620,30,32,207,REV,E1,E12,E6,E7,5.516000,244.151000,OK
2,8,adjacent,620,30,32,208,FWD,E12,E1,E7,E8,-2.152000,221.487000,OK
2,8,adjacent,620,30,32,209,REV,E1,E12,E7,E8,1.062000,243.911000,OK
2,8,adjacent,620,30,32,210,FWD,E12,E1,E8,E9,5.195000,221.288000,OK
2,8,adjacent,620,30,32,211,REV,E1,E12,E8,E9,9.848000,243.871000,OK
2,8,adjacent,620,30,32,212,FWD,E12,E1,E9,E10,14.652000,221.487000,OK
2,8,adjacent,620,30,32,213,REV,E1,E12,E9,E10,25.965000,243.991000,OK
2,8,adjacent,620,30,32,214,FWD,E12,E1,E10,E11,-50.316000,221.168000,OK
2,8,adjacent,620,30,32,215,REV,E1,E12,E10,E11,-13.930000,243.791000,OK
3,9,adjacent,620,30,32,0,FWD,E1,E2,E3,E4,-36.570000,283.093000,OK
3,9,adjacent,620,30,32,1,REV,E2,E1,E3,E4,2.184000,274.954000,OK
3,9,adjacent,620,30,32,2,FWD,E1,E2,E4,E5,-13.375000,288.400000,OK
3,9,adjacent,620,30,32,3,REV,E2,E1,E4,E5,1.004000,272.959000,OK
3,9,adjacent,620,30,32,4,FWD,E1,E2,E5,E6,15.750000,289.517000,OK
3,9,adjacent,620,30,32,5,REV,E2,E1,E5,E6,21.707000,272.759000,OK
3,9,adjacent,620,30,32,6,FWD,E1,E2,E6,E7,-1.273000,289.837000,OK
3,9,adjacent,620,30,32,7,REV,E2,E1,E6,E7,4.836000,272.240000,OK
3,9,adjacent,620,30,32,8,FWD,E1,E2,E7,E8,-1.633000,289.717000,OK
3,9,adjacent,620,30,32,9,REV,E2,E1,E7,E8,0.270000,272.121000,OK
3,9,adjacent,620,30,32,10,FWD,E1,E2,E8,E9,6.367000,289.837000,OK
3,9,adjacent,620,30,32,11,REV,E2,E1,E8,E9,8.289000,272.081000,OK
3,9,adjacent,620,30,32,12,FWD,E1,E2,E9,E10,18.516000,289.996000,OK
3,9,adjacent,620,30,32,13,REV,E2,E1,E9,E10,21.461000,272.400000,OK
3,9,adjacent,620,30,32,14,FWD,E1,E2,E10,E11,-36.160000,290.076000,OK
3,9,adjacent,620,30,32,15,REV,E2,E1,E10,E11,-30.887000,271.961000,OK
3,9,adjacent,620,30,32,16,FWD,E1,E2,E11,E12,-50.637000,290.555000,OK
3,9,adjacent,620,30,32,17,REV,E2,E1,E11,E12,-22.469000,272.400000,OK
3,9,adjacent,620,30,32,18,FWD,E2,E3,E4,E5,-19.902000,263.063000,OK
3,9,adjacent,620,30,32,19,REV,E3,E2,E4,E5,9.297000,294.864000,OK
3,9,adjacent,620,30,32,20,FWD,E2,E3,E5,E6,14.219000,267.891000,OK
3,9,adjacent,620,30,32,21,REV,E3,E2,E5,E6,23.805000,293.228000,OK
3,9,adjacent,620,30,32,22,FWD,E2,E3,E6,E7,-1.883000,269.567000,OK
3,9,adjacent,620,30,32,23,REV,E3,E2,E6,E7,5.895000,291.832000,OK
3,9,adjacent,620,30,32,24,FWD,E2,E3,E7,E8,-1.629000,270.126000,OK
3,9,adjacent,620,30,32,25,REV,E3,E2,E7,E8,0.371000,291.911000,OK
3,9,adjacent,620,30,32,26,FWD,E2,E3,E8,E9,6.582000,269.767000,OK
3,9,adjacent,620,30,32,27,REV,E3,E2,E8,E9,8.188000,291.752000,OK
3,9,adjacent,620,30,32,28,FWD,E2,E3,E9,E10,19.148000,270.365000,OK
3,9,adjacent,620,30,32,29,REV,E3,E2,E9,E10,21.051000,291.672000,OK
3,9,adjacent,620,30,32,30,FWD,E2,E3,E10,E11,-34.719000,270.764000,OK
3,9,adjacent,620,30,32,31,REV,E3,E2,E10,E11,-32.281000,291.233000,OK
3,9,adjacent,620,30,32,32,FWD,E2,E3,E11,E12,-40.602000,270.844000,OK
3,9,adjacent,620,30,32,33,REV,E3,E2,E11,E12,-31.781000,291.552000,OK
3,9,adjacent,620,30,32,34,FWD,E2,E3,E12,E1,28.109000,270.804000,OK
3,9,adjacent,620,30,32,35,REV,E3,E2,E12,E1,60.266000,291.153000,OK
3,9,adjacent,620,30,32,36,FWD,E3,E4,E1,E2,-45.824000,326.784000,OK
3,9,adjacent,620,30,32,37,REV,E4,E3,E1,E2,-2.332000,327.383000,OK
3,9,adjacent,620,30,32,38,FWD,E3,E4,E5,E6,2.801000,333.567000,OK
3,9,adjacent,620,30,32,39,REV,E4,E3,E5,E6,34.305000,325.787000,OK
3,9,adjacent,620,30,32,40,FWD,E3,E4,E6,E7,-7.699000,334.844000,OK
3,9,adjacent,620,30,32,41,REV,E4,E3,E6,E7,11.012000,324.789000,OK
3,9,adjacent,620,30,32,42,FWD,E3,E4,E7,E8,-2.750000,336.081000,OK
3,9,adjacent,620,30,32,43,REV,E4,E3,E7,E8,1.336000,324.430000,OK
3,9,adjacent,620,30,32,44,FWD,E3,E4,E8,E9,5.953000,335.722000,OK
3,9,adjacent,620,30,32,45,REV,E4,E3,E8,E9,8.656000,324.271000,OK
3,9,adjacent,620,30,32,46,FWD,E3,E4,E9,E10,18.758000,335.523000,OK
3,9,adjacent,620,30,32,47,REV,E4,E3,E9,E10,21.367000,324.311000,OK
3,9,adjacent,620,30,32,48,FWD,E3,E4,E10,E11,-34.891000,335.961000,OK
3,9,adjacent,620,30,32,49,REV,E4,E3,E10,E11,-32.387000,323.672000,OK
3,9,adjacent,620,30,32,50,FWD,E3,E4,E11,E12,-39.648000,336.640000,OK
3,9,adjacent,620,30,32,51,REV,E4,E3,E11,E12,-33.324000,323.912000,OK
3,9,adjacent,620,30,32,52,FWD,E3,E4,E12,E1,34.488000,336.360000,OK
3,9,adjacent,620,30,32,53,REV,E4,E3,E12,E1,52.129000,324.430000,OK
3,9,adjacent,620,30,32,54,FWD,E4,E5,E1,E2,-37.105000,333.328000,OK
3,9,adjacent,620,30,32,55,REV,E5,E4,E1,E2,-20.082000,340.710000,OK
3,9,adjacent,620,30,32,56,FWD,E4,E5,E2,E3,16.453000,339.792000,OK
3,9,adjacent,620,30,32,57,REV,E5,E4,E2,E3,50.992000,338.355000,OK
3,9,adjacent,620,30,32,58,FWD,E4,E5,E6,E7,-20.961000,340.749000,OK
3,9,adjacent,620,30,32,59,REV,E5,E4,E6,E7,24.262000,338.116000,OK
3,9,adjacent,620,30,32,60,FWD,E4,E5,E7,E8,-4.629000,341.069000,OK
3,9,adjacent,620,30,32,61,REV,E5,E4,E7,E8,3.223000,337.917000,OK
3,9,adjacent,620,30,32,62,FWD,E4,E5,E8,E9,5.145000,341.109000,OK
3,9,adjacent,620,30,32,63,REV,E5,E4,E8,E9,9.484000,337.837000,OK
3,9,adjacent,620,30,32,64,FWD,E4,E5,E9,E10,18.371000,340.710000,OK
3,9,adjacent,620,30,32,65,REV,E5,E4,E9,E10,21.766000,337.877000,OK
3,9,adjacent,620,30,32,66,FWD,E4,E5,E10,E11,-34.957000,341.188000,OK
3,9,adjacent,620,30,32,67,REV,E5,E4,E10,E11,-32.387000,337.398000,OK
3,9,adjacent,620,30,32,68,FWD,E4,E5,E11,E12,-38.797000,341.787000,OK
3,9,adjacent,620,30,32,69,REV,E5,E4,E11,E12,-34.160000,337.438000,OK
3,9,adjacent,620,30,32,70,FWD,E4,E5,E12,E1,38.391000,341.388000,OK
3,9,adjacent,620,30,32,71,REV,E5,E4,E12,E1,48.648000,337.757000,OK
3,9,adjacent,620,30,32,72,FWD,E5,E6,E1,E2,-32.996000,360.819000,OK
3,9,adjacent,620,30,32,73,REV,E6,E5,E1,E2,-24.867000,393.099000,OK
3,9,adjacent,620,30,32,74,FWD,E5,E6,E2,E3,25.246000,368.680000,OK
3,9,adjacent,620,30,32,75,REV,E6,E5,E2,E3,38.352000,390.026000,OK
3,9,adjacent,620,30,32,76,FWD,E5,E6,E3,E4,-33.531000,370.395000,OK
3,9,adjacent,620,30,32,77,REV,E6,E5,E3,E4,2.898000,389.627000,OK
3,9,adjacent,620,30,32,78,FWD,E5,E6,E7,E8,-9.832000,370.914000,OK
3,9,adjacent,620,30,32,79,REV,E6,E5,E7,E8,8.906000,389.109000,OK
3,9,adjacent,620,30,32,80,FWD,E5,E6,E8,E9,3.016000,370.635000,OK
3,9,adjacent,620,30,32,81,REV,E6,E5,E8,E9,11.797000,388.750000,OK
3,9,adjacent,620,30,32,82,FWD,E5,E6,E9,E10,17.332000,371.034000,OK
3,9,adjacent,620,30,32,83,REV,E6,E5,E9,E10,22.945000,388.550000,OK
3,9,adjacent,620,30,32,84,FWD,E5,E6,E10,E11,-35.352000,371.672000,OK
3,9,adjacent,620,30,32,85,REV,E6,E5,E10,E11,-31.949000,388.191000,OK
3,9,adjacent,620,30,32,86,FWD,E5,E6,E11,E12,-38.715000,371.353000,OK
3,9,adjacent,620,30,32,87,REV,E6,E5,E11,E12,-34.176000,388.430000,OK
3,9,adjacent,620,30,32,88,FWD,E5,E6,E12,E1,40.031000,372.031000,OK
3,9,adjacent,620,30,32,89,REV,E6,E5,E12,E1,47.270000,388.111000,OK
3,9,adjacent,620,30,32,90,FWD,E6,E7,E1,E2,-33.492000,388.470000,OK
3,9,adjacent,620,30,32,91,REV,E7,E6,E1,E2,-24.863000,405.747000,OK
3,9,adjacent,620,30,32,92,FWD,E6,E7,E2,E3,26.004000,395.812000,OK
3,9,adjacent,620,30,32,93,REV,E7,E6,E2,E3,37.109000,402.475000,OK
3,9,adjacent,620,30,32,94,FWD,E6,E7,E3,E4,-27.734000,398.086000,OK
3,9,adjacent,620,30,32,95,REV,E7,E6,E3,E4,-5.125000,401.518000,OK
3,9,adjacent,620,30,32,96,FWD,E6,E7,E4,E5,-30.824000,398.485000,OK
3,9,adjacent,620,30,32,97,REV,E7,E6,E4,E5,22.375000,401.917000,OK
3,9,adjacent,620,30,32,98,FWD,E6,E7,E8,E9,-11.340000,398.166000,OK
3,9,adjacent,620,30,32,99,REV,E7,E6,E8,E9,26.027000,401.877000,OK
3,9,adjacent,620,30,32,100,FWD,E6,E7,E9,E10,11.320000,399.204000,OK
3,9,adjacent,620,30,32,101,REV,E7,E6,E9,E10,28.895000,400.879000,OK
3,9,adjacent,620,30,32,102,FWD,E6,E7,E10,E11,-38.004000,399.403000,OK
3,9,adjacent,620,30,32,103,REV,E7,E6,E10,E11,-29.449000,400.480000,OK
3,9,adjacent,620,30,32,104,FWD,E6,E7,E11,E12,-41.063000,399.243000,OK
3,9,adjacent,620,30,32,105,REV,E7,E6,E11,E12,-31.996000,401.318000,OK
3,9,adjacent,620,30,32,106,FWD,E6,E7,E12,E1,37.742000,399.084000,OK
3,9,adjacent,620,30,32,107,REV,E7,E6,E12,E1,49.441000,401.159000,OK
3,9,adjacent,620,30,32,108,FWD,E7,E8,E1,E2,-30.852000,431.363000,OK
3,9,adjacent,620,30,32,109,REV,E8,E7,E1,E2,-27.785000,454.186000,OK
3,9,adjacent,620,30,32,110,FWD,E7,E8,E2,E3,29.937000,442.296000,OK
3,9,adjacent,620,30,32,111,REV,E8,E7,E2,E3,33.117000,450.635000,OK
3,9,adjacent,620,30,32,112,FWD,E7,E8,E3,E4,-19.273000,444.171000,OK
3,9,adjacent,620,30,32,113,REV,E8,E7,E3,E4,-13.797000,449.319000,OK
3,9,adjacent,620,30,32,114,FWD,E7,E8,E4,E5,-10.613000,445.209000,OK
3,9,adjacent,620,30,32,115,REV,E8,E7,E4,E5,-0.301000,448.640000,OK
3,9,adjacent,620,30,32,116,FWD,E7,E8,E5,E6,8.125000,445.209000,OK
3,9,adjacent,620,30,32,117,REV,E8,E7,E5,E6,29.941000,448.800000,OK
3,9,adjacent,620,30,32,118,FWD,E7,E8,E9,E10,6.676000,445.727000,OK
3,9,adjacent,620,30,32,119,REV,E8,E7,E9,E10,33.531000,448.401000,OK
3,9,adjacent,620,30,32,120,FWD,E7,E8,E10,E11,-37.969000,445.887000,OK
3,9,adjacent,620,30,32,121,REV,E8,E7,E10,E11,-29.531000,447.802000,OK
3,9,adjacent,620,30,32,122,FWD,E7,E8,E11,E12,-39.676000,446.206000,OK
3,9,adjacent,620,30,32,123,REV,E8,E7,E11,E12,-33.355000,448.281000,OK
3,9,adjacent,620,30,32,124,FWD,E7,E8,E12,E1,40.543000,445.528000,OK
3,9,adjacent,620,30,32,125,REV,E8,E7,E12,E1,46.570000,448.201000,OK
3,9,adjacent,620,30,32,126,FWD,E8,E9,E1,E2,-30.852000,441.817000,OK
3,9,adjacent,620,30,32,127,REV,E9,E8,E1,E2,-27.852000,469.987000,OK
3,9,adjacent,620,30,32,128,FWD,E8,E9,E2,E3,30.242000,453.149000,OK
3,9,adjacent,620,30,32,129,REV,E9,E8,E2,E3,32.820000,466.316000,OK
3,9,adjacent,620,30,32,130,FWD,E8,E9,E3,E4,-18.426000,454.705000,OK
3,9,adjacent,620,30,32,131,REV,E9,E8,E3,E4,-14.672000,465.398000,OK
3,9,adjacent,620,30,32,132,FWD,E8,E9,E4,E5,-8.625000,455.184000,OK
3,9,adjacent,620,30,32,133,REV,E9,E8,E4,E5,-2.719000,464.920000,OK
3,9,adjacent,620,30,32,134,FWD,E8,E9,E5,E6,13.520000,456.141000,OK
3,9,adjacent,620,30,32,135,REV,E9,E8,E5,E6,24.074000,464.321000,OK
3,9,adjacent,620,30,32,136,FWD,E8,E9,E6,E7,-18.395000,456.620000,OK
3,9,adjacent,620,30,32,137,REV,E9,E8,E6,E7,24.484000,463.962000,OK
3,9,adjacent,620,30,32,138,FWD,E8,E9,E10,E11,-45.316000,456.261000,OK
3,9,adjacent,620,30,32,139,REV,E9,E8,E10,E11,-22.062000,463.723000,OK
3,9,adjacent,620,30,32,140,FWD,E8,E9,E11,E12,-42.609000,457.179000,OK
3,9,adjacent,620,30,32,141,REV,E9,E8,E11,E12,-30.398000,463.643000,OK
3,9,adjacent,620,30,32,142,FWD,E8,E9,E12,E1,39.004000,456.660000,OK
3,9,adjacent,620,30,32,143,REV,E9,E8,E12,E1,48.188000,463.922000,OK
3,9,adjacent,620,30,32,144,FWD,E9,E10,E1,E2,-31.691000,426.575000,OK
3,9,adjacent,620,30,32,145,REV,E10,E9,E1,E2,-26.953000,478.965000,OK
3,9,adjacent,620,30,32,146,FWD,E9,E10,E2,E3,30.059000,440.540000,OK
3,9,adjacent,620,30,32,147,REV,E10,E9,E2,E3,33.121000,473.179000,OK
3,9,adjacent,620,30,32,148,FWD,E9,E10,E3,E4,-18.320000,443.772000,OK
3,9,adjacent,620,30,32,149,REV,E10,E9,E3,E4,-14.742000,471.304000,OK
3,9,adjacent,620,30,32,150,FWD,E9,E10,E4,E5,-8.008000,443.732000,OK
3,9,adjacent,620,30,32,151,REV,E10,E9,E4,E5,-3.484000,470.426000,OK
3,9,adjacent,620,30,32,152,FWD,E9,E10,E5,E6,15.516000,445.368000,OK
3,9,adjacent,620,30,32,153,REV,E10,E9,E5,E6,22.187000,469.588000,OK
3,9,adjacent,620,30,32,154,FWD,E9,E10,E6,E7,-7.465000,446.126000,OK
3,9,adjacent,620,30,32,155,REV,E10,E9,E6,E7,12.379000,469.069000,OK
3,9,adjacent,620,30,32,156,FWD,E9,E10,E7,E8,-13.332000,446.406000,OK
3,9,adjacent,620,30,32,157,REV,E10,E9,E7,E8,13.883000,469.189000,OK
3,9,adjacent,620,30,32,158,FWD,E9,E10,E11,E12,-56.785000,446.446000,OK
3,9,adjacent,620,30,32,159,REV,E10,E9,E11,E12,-15.461000,469.069000,OK
3,9,adjacent,620,30,32,160,FWD,E9,E10,E12,E1,32.957000,446.525000,OK
3,9,adjacent,620,30,32,161,REV,E10,E9,E12,E1,54.656000,468.072000,OK
3,9,adjacent,620,30,32,162,FWD,E10,E11,E1,E2,-32.934000,371.632000,OK
3,9,adjacent,620,30,32,163,REV,E11,E10,E1,E2,-26.066000,371.473000,OK
3,9,adjacent,620,30,32,164,FWD,E10,E11,E2,E3,29.898000,384.002000,OK
3,9,adjacent,620,30,32,165,REV,E11,E10,E2,E3,33.109000,367.642000,OK
3,9,adjacent,620,30,32,166,FWD,E10,E11,E3,E4,-18.047000,385.757000,OK
3,9,adjacent,620,30,32,167,REV,E11,E10,E3,E4,-15.234000,366.445000,OK
3,9,adjacent,620,30,32,168,FWD,E10,E11,E4,E5,-7.320000,385.957000,OK
3,9,adjacent,620,30,32,169,REV,E11,E10,E4,E5,-4.496000,366.326000,OK
3,9,adjacent,620,30,32,170,FWD,E10,E11,E5,E6,17.098000,386.635000,OK
3,9,adjacent,620,30,32,171,REV,E11,E10,E5,E6,20.398000,365.887000,OK
3,9,adjacent,620,30,32,172,FWD,E10,E11,E6,E7,-1.992000,387.114000,OK
3,9,adjacent,620,30,32,173,REV,E11,E10,E6,E7,5.871000,365.208000,OK
3,9,adjacent,620,30,32,174,FWD,E10,E11,E7,E8,-4.043000,386.834000,OK
3,9,adjacent,620,30,32,175,REV,E11,E10,E7,E8,2.914000,365.887000,OK
3,9,adjacent,620,30,32,176,FWD,E10,E11,E8,E9,-1.559000,386.635000,OK
3,9,adjacent,620,30,32,177,REV,E11,E10,E8,E9,17.035000,365.847000,OK
3,9,adjacent,620,30,32,178,FWD,E10,E11,E12,E1,14.285000,386.755000,OK
3,9,adjacent,620,30,32,179,REV,E11,E10,E12,E1,70.953000,365.288000,OK
3,9,adjacent,620,30,32,180,FWD,E11,E12,E1,E2,-41.582000,237.487000,OK
3,9,adjacent,620,30,32,181,REV,E12,E11,E1,E2,-18.402000,224.240000,OK
3,9,adjacent,620,30,32,182,FWD,E11,E12,E2,E3,27.734000,242.714000,OK
3,9,adjacent,620,30,32,183,REV,E12,E11,E2,E3,35.008000,223.841000,OK
3,9,adjacent,620,30,32,184,FWD,E11,E12,E3,E4,-18.965000,243.432000,OK
3,9,adjacent,620,30,32,185,REV,E12,E11,E3,E4,-14.484000,223.283000,OK
3,9,adjacent,620,30,32,186,FWD,E11,E12,E4,E5,-7.609000,243.313000,OK
3,9,adjacent,620,30,32,187,REV,E12,E11,E4,E5,-4.387000,222.804000,OK
3,9,adjacent,620,30,32,188,FWD,E11,E12,E5,E6,17.391000,243.592000,OK
3,9,adjacent,620,30,32,189,REV,E12,E11,E5,E6,20.113000,223.243000,OK
3,9,adjacent,620,30,32,190,FWD,E11,E12,E6,E7,-0.789000,243.353000,OK
3,9,adjacent,620,30,32,191,REV,E12,E11,E6,E7,4.445000,223.243000,OK
3,9,adjacent,620,30,32,192,FWD,E11,E12,E7,E8,-2.273000,243.752000,OK
3,9,adjacent,620,30,32,193,REV,E12,E11,E7,E8,0.977000,223.203000,OK
3,9,adjacent,620,30,32,194,FWD,E11,E12,E8,E9,4.301000,243.353000,OK
3,9,adjacent,620,30,32,195,REV,E12,E11,E8,E9,10.457000,223.243000,OK
3,9,adjacent,620,30,32,196,FWD,E11,E12,E9,E10,8.961000,243.273000,OK
3,9,adjacent,620,30,32,197,REV,E12,E11,E9,E10,30.246000,223.203000,OK
3,9,adjacent,620,30,32,198,FWD,E12,E1,E2,E3,18.949000,215.821000,OK
3,9,adjacent,620,30,32,199,REV,E1,E12,E2,E3,45.645000,246.026000,OK
3,9,adjacent,620,30,32,200,FWD,E12,E1,E3,E4,-22.574000,220.530000,OK
3,9,adjacent,620,30,32,201,REV,E1,E12,E3,E4,-10.012000,244.869000,OK
3,9,adjacent,620,30,32,202,FWD,E12,E1,E4,E5,-9.270000,220.170000,OK
3,9,adjacent,620,30,32,203,REV,E1,E12,E4,E5,-2.273000,244.590000,OK
3,9,adjacent,620,30,32,204,FWD,E12,E1,E5,E6,16.723000,220.968000,OK
3,9,adjacent,620,30,32,205,REV,E1,E12,E5,E6,21.199000,244.191000,OK
3,9,adjacent,620,30,32,206,FWD,E12,E1,E6,E7,-1.332000,221.328000,OK
3,9,adjacent,620,30,32,207,REV,E1,E12,E6,E7,5.500000,243.712000,OK
3,9,adjacent,620,30,32,208,FWD,E12,E1,E7,E8,-2.137000,221.288000,OK
3,9,adjacent,620,30,32,209,REV,E1,E12,E7,E8,1.066000,243.871000,OK
3,9,adjacent,620,30,32,210,FWD,E12,E1,E8,E9,5.184000,221.208000,OK
3,9,adjacent,620,30,32,211,REV,E1,E12,E8,E9,9.840000,244.031000,OK
3,9,adjacent,620,30,32,212,FWD,E12,E1,E9,E10,14.684000,221.527000,OK
3,9,adjacent,620,30,32,213,REV,E1,E12,E9,E10,25.988000,243.791000,OK
3,9,adjacent,620,30,32,214,FWD,E12,E1,E10,E11,-50.348000,221.128000,OK
3,9,adjacent,620,30,32,215,REV,E1,E12,E10,E11,-13.906000,243.831000,OK
4,10,adjacent,620,30,32,0,FWD,E1,E2,E3,E4,-36.582000,283.093000,OK
4,10,adjacent,620,30,32,1,REV,E2,E1,E3,E4,2.258000,274.355000,OK
4,10,adjacent,620,30,32,2,FWD,E1,E2,E4,E5,-13.375000,288.759000,OK
4,10,adjacent,620,30,32,3,REV,E2,E1,E4,E5,0.988000,272.999000,OK
4,10,adjacent,620,30,32,4,FWD,E1,E2,E5,E6,15.754000,289.238000,OK
4,10,adjacent,620,30,32,5,REV,E2,E1,E5,E6,21.734000,272.560000,OK
4,10,adjacent,620,30,32,6,FWD,E1,E2,E6,E7,-1.297000,289.198000,OK
4,10,adjacent,620,30,32,7,REV,E2,E1,E6,E7,4.820000,272.360000,OK
4,10,adjacent,620,30,32,8,FWD,E1,E2,E7,E8,-1.621000,289.996000,OK
4,10,adjacent,620,30,32,9,REV,E2,E1,E7,E8,0.285000,272.081000,OK
4,10,adjacent,620,30,32,10,FWD,E1,E2,E8,E9,6.379000,290.116000,OK
4,10,adjacent,620,30,32,11,REV,E2,E1,E8,E9,8.273000,272.400000,OK
4,10,adjacent,620,30,32,12,FWD,E1,E2,E9,E10,18.531000,289.956000,OK
4,10,adjacent,620,30,32,13,REV,E2,E1,E9,E10,21.484000,272.280000,OK
4,10,adjacent,620,30,32,14,FWD,E1,E2,E10,E11,-36.191000,289.837000,OK
4,10,adjacent,620,30,32,15,REV,E2,E1,E10,E11,-30.891000,271.762000,OK
4,10,adjacent,620,30,32,16,FWD,E1,E2,E11,E12,-50.684000,289.996000,OK
4,10,adjacent,620,30,32,17,REV,E2,E1,E11,E12,-22.426000,272.201000,OK
4,10,adjacent,620,30,32,18,FWD,E2,E3,E4,E5,-19.902000,262.904000,OK
4,10,adjacent,620,30,32,19,REV,E3,E2,E4,E5,9.344000,294.664000,OK
4,10,adjacent,620,30,32,20,FWD,E2,E3,E5,E6,14.230000,268.490000,OK
4,10,adjacent,620,30,32,21,REV,E3,E2,E5,E6,23.848000,292.829000,OK
4,10,adjacent,620,30,32,22,FWD,E2,E3,E6,E7,-1.895000,269.408000,OK
4,10,adjacent,620,30,32,23,REV,E3,E2,E6,E7,5.867000,292.550000,OK
4,10,adjacent,620,30,32,24,FWD,E2,E3,E7,E8,-1.629000,269.886000,OK
4,10,adjacent,620,30,32,25,REV,E3,E2,E7,E8,0.379000,291.991000,OK
4,10,adjacent,620,30,32,26,FWD,E2,E3,E8,E9,6.574000,270.365000,OK
4,10,adjacent,620,30,32,27,REV,E3,E2,E8,E9,8.180000,291.353000,OK
4,10,adjacent,620,30,32,28,FWD,E2,E3,E9,E10,19.156000,270.644000,OK
4,10,adjacent,620,30,32,29,REV,E3,E2,E9,E10,21.074000,291.871000,OK
4,10,adjacent,620,30,32,30,FWD,E2,E3,E10,E11,-34.738000,270.126000,OK
4,10,adjacent,620,30,32,31,REV,E3,E2,E10,E11,-32.293000,291.672000,OK
4,10,adjacent,620,30,32,32,FWD,E2,E3,E11,E12,-40.563000,271.004000,OK
4,10,adjacent,620,30,32,33,REV,E3,E2,E11,E12,-31.754000,290.994000,OK
4,10,adjacent,620,30,32,34,FWD,E2,E3,E12,E1,28.102000,270.764000,OK
4,10,adjacent,620,30,32,35,REV,E3,E2,E12,E1,60.289000,291.353000,OK
4,10,adjacent,620,30,32,36,FWD,E3,E4,E1,E2,-45.859000,327.143000,OK
4,10,adjacent,620,30,32,37,REV,E4,E3,E1,E2,-2.371000,328.181000,OK
4,10,adjacent,620,30,32,38,FWD,E3,E4,E5,E6,2.824000,333.567000,OK
4,10,adjacent,620,30,32,39,REV,E4,E3,E5,E6,34.371000,325.787000,OK
4,10,adjacent,620,30,32,40,FWD,E3,E4,E6,E7,-7.734000,334.964000,OK
4,10,adjacent,620,30,32,41,REV,E4,E3,E6,E7,10.957000,324.510000,OK
4,10,adjacent,620,30,32,42,FWD,E3,E4,E7,E8,-2.738000,335.642000,OK
4,10,adjacent,620,30,32,43,REV,E4,E3,E7,E8,1.320000,324.350000,OK
4,10,adjacent,620,30,32,44,FWD,E3,E4,E8,E9,5.934000,335.483000,OK
4,10,adjacent,620,30,32,45,REV,E4,E3,E8,E9,8.664000,323.991000,OK
4,10,adjacent,620,30,32,46,FWD,E3,E4,E9,E10,18.773000,335.922000,OK
4,10,adjacent,620,30,32,47,REV,E4,E3,E9,E10,21.379000,323.991000,OK
4,10,adjacent,620,30,32,48,FWD,E3,E4,E10,E11,-34.922000,335.882000,OK
4,10,adjacent,620,30,32,49,REV,E4,E3,E10,E11,-32.402000,323.512000,OK
4,10,adjacent,620,30,32,50,FWD,E3,E4,E11,E12,-39.594000,336.201000,OK
4,10,adjacent,620,30,32,51,REV,E4,E3,E11,E12,-33.313000,323.832000,OK
4,10,adjacent,620,30,32,52,FWD,E3,E4,E12,E1,34.484000,336.121000,OK
4,10,adjacent,620,30,32,53,REV,E4,E3,E12,E1,52.152000,323.991000,OK
4,10,adjacent,620,30,32,54,FWD,E4,E5,E1,E2,-37.129000,333.448000,OK
4,10,adjacent,620,30,32,55,REV,E5,E4,E1,E2,-20.094000,340.789000,OK
4,10,adjacent,620,30,32,56,FWD,E4,E5,E2,E3,16.441000,339.872000,OK
4,10,adjacent,620,30,32,57,REV,E5,E4,E2,E3,50.945000,338.754000,OK
4,10,adjacent,620,30,32,58,FWD,E4,E5,E6,E7,-20.996000,340.470000,OK
4,10,adjacent,620,30,32,59,REV,E5,E4,E6,E7,24.262000,337.358000,OK
4,10,adjacent,620,30,32,60,FWD,E4,E5,E7,E8,-4.629000,341.348000,OK
4,10,adjacent,620,30,32,61,REV,E5,E4,E7,E8,3.219000,338.196000,OK
4,10,adjacent,620,30,32,62,FWD,E4,E5,E8,E9,5.152000,340.710000,OK
4,10,adjacent,620,30,32,63,REV,E5,E4,E8,E9,9.473000,338.156000,OK
4,10,adjacent,620,30,32,64,FWD,E4,E5,E9,E10,18.391000,341.308000,OK
4,10,adjacent,620,30,32,65,REV,E5,E4,E9,E10,21.750000,337.637000,OK
4,10,adjacent,620,30,32,66,FWD,E4,E5,E10,E11,-34.988000,341.508000,OK
4,10,adjacent,620,30,32,67,REV,E5,E4,E10,E11,-32.414000,337.438000,OK
4,10,adjacent,620,30,32,68,FWD,E4,E5,E11,E12,-38.785000,341.228000,OK
4,10,adjacent,620,30,32,69,REV,E5,E4,E11,E12,-34.117000,337.637000,OK
4,10,adjacent,620,30,32,70,FWD,E4,E5,E12,E1,38.379000,340.949000,OK
4,10,adjacent,620,30,32,71,REV,E5,E4,E12,E1,48.586000,337.717000,OK
4,10,adjacent,620,30,32,72,FWD,E5,E6,E1,E2,-33.004000,361.298000,OK
4,10,adjacent,620,30,32,73,REV,E6,E5,E1,E2,-24.879000,393.179000,OK
4,10,adjacent,620,30,32,74,FWD,E5,E6,E2,E3,25.234000,368.799000,OK
4,10,adjacent,620,30,32,75,REV,E6,E5,E2,E3,38.344000,390.306000,OK
4,10,adjacent,620,30,32,76,FWD,E5,E6,E3,E4,-33.488000,370.116000,OK
4,10,adjacent,620,30,32,77,REV,E6,E5,E3,E4,2.918000,389.947000,OK
4,10,adjacent,620,30,32,78,FWD,E5,E6,E7,E8,-9.844000,370.595000,OK
4,10,adjacent,620,30,32,79,REV,E6,E5,E7,E8,8.918000,389.149000,OK
4,10,adjacent,620,30,32,80,FWD,E5,E6,E8,E9,3.102000,371.393000,OK
4,10,adjacent,620,30,32,81,REV,E6,E5,E8,E9,11.859000,388.989000,OK
4,10,adjacent,620,30,32,82,FWD,E5,E6,E9,E10,17.305000,371.393000,OK
4,10,adjacent,620,30,32,83,REV,E6,E5,E9,E10,22.918000,388.670000,OK
4,10,adjacent,620,30,32,84,FWD,E5,E6,E10,E11,-35.402000,371.672000,OK
4,10,adjacent,620,30,32,85,REV,E6,E5,E10,E11,-32.000000,388.351000,OK
4,10,adjacent,620,30,32,86,FWD,E5,E6,E11,E12,-38.688000,371.233000,OK
4,10,adjacent,620,30,32,87,REV,E6,E5,E11,E12,-34.152000,388.750000,OK
4,10,adjacent,620,30,32,88,FWD,E5,E6,E12,E1,39.953000,371.672000,OK
4,10,adjacent,620,30,32,89,REV,E6,E5,E12,E1,47.281000,388.311000,OK
4,10,adjacent,620,30,32,90,FWD,E6,E7,E1,E2,-33.496000,388.909000,OK
4,10,adjacent,620,30,32,91,REV,E7,E6,E1,E2,-24.863000,405.229000,OK
4,10,adjacent,620,30,32,92,FWD,E6,E7,E2,E3,26.000000,396.530000,OK
4,10,adjacent,620,30,32,93,REV,E7,E6,E2,E3,37.070000,403.074000,OK
4,10,adjacent,620,30,32,94,FWD,E6,E7,E3,E4,-27.687000,397.089000,OK
4,10,adjacent,620,30,32,95,REV,E7,E6,E3,E4,-5.086000,402.475000,OK
4,10,adjacent,620,30,32,96,FWD,E6,E7,E4,E5,-30.891000,398.445000,OK
4,10,adjacent,620,30,32,97,REV,E7,E6,E4,E5,22.348000,401.119000,OK
4,10,adjacent,620,30,32,98,FWD,E6,E7,E8,E9,-11.211000,399.243000,OK
4,10,adjacent,620,30,32,99,REV,E7,E6,E8,E9,26.203000,401.278000,OK
4,10,adjacent,620,30,32,100,FWD,E6,E7,E9,E10,11.207000,399.243000,OK
4,10,adjacent,620,30,32,101,REV,E7,E6,E9,E10,28.785000,401.398000,OK
4,10,adjacent,620,30,32,102,FWD,E6,E7,E10,E11,-38.023000,398.605000,OK
4,10,adjacent,620,30,32,103,REV,E7,E6,E10,E11,-29.492000,401.079000,OK
4,10,adjacent,620,30,32,104,FWD,E6,E7,E11,E12,-41.016000,399.124000,OK
4,10,adjacent,620,30,32,105,REV,E7,E6,E11,E12,-31.937000,400.680000,OK
4,10,adjacent,620,30,32,106,FWD,E6,E7,E12,E1,37.676000,399.323000,OK
4,10,adjacent,620,30,32,107,REV,E7,E6,E12,E1,49.402000,400.919000,OK
4,10,adjacent,620,30,32,108,FWD,E7,E8,E1,E2,-30.855000,431.124000,OK
4,10,adjacent,620,30,32,109,REV,E8,E7,E1,E2,-27.766000,454.346000,OK
4,10,adjacent,620,30,32,110,FWD,E7,E8,E2,E3,29.898000,442.376000,OK
4,10,adjacent,620,30,32,111,REV,E8,E7,E2,E3,33.086000,450.516000,OK
4,10,adjacent,620,30,32,112,FWD,E7,E8,E3,E4,-19.238000,444.131000,OK
4,10,adjacent,620,30,32,113,REV,E8,E7,E3,E4,-13.770000,449.598000,OK
4,10,adjacent,620,30,32,114,FWD,E7,E8,E4,E5,-10.637000,445.169000,OK
4,10,adjacent,620,30,32,115,REV,E8,E7,E4,E5,-0.324000,449.079000,OK
4,10,adjacent,620,30,32,116,FWD,E7,E8,E5,E6,8.168000,445.727000,OK
4,10,adjacent,620,30,32,117,REV,E8,E7,E5,E6,29.984000,448.760000,OK
4,10,adjacent,620,30,32,118,FWD,E7,E8,E9,E10,6.469000,445.528000,OK
4,10,adjacent,620,30,32,119,REV,E8,E7,E9,E10,33.293000,448.600000,OK
4,10,adjacent,620,30,32,120,FWD,E7,E8,E10,E11,-37.988000,445.727000,OK
4,10,adjacent,620,30,32,121,REV,E8,E7,E10,E11,-29.586000,448.201000,OK
4,10,adjacent,620,30,32,122,FWD,E7,E8,E11,E12,-39.629000,446.486000,OK
4,10,adjacent,620,30,32,123,REV,E8,E7,E11,E12,-33.359000,448.201000,OK
4,10,adjacent,620,30,32,124,FWD,E7,E8,E12,E1,40.551000,446.326000,OK
4,10,adjacent,620,30,32,125,REV,E8,E7,E12,E1,46.555000,448.241000,OK
4,10,adjacent,620,30,32,126,FWD,E8,E9,E1,E2,-30.875000,441.658000,OK
4,10,adjacent,620,30,32,127,REV,E9,E8,E1,E2,-27.848000,470.546000,OK
4,10,adjacent,620,30,32,128,FWD,E8,E9,E2,E3,30.207000,453.029000,OK
4,10,adjacent,620,30,32,129,REV,E9,E8,E2,E3,32.801000,466.316000,OK
4,10,adjacent,620,30,32,130,FWD,E8,E9,E3,E4,-18.383000,454.705000,OK
4,10,adjacent,620,30,32,131,REV,E9,E8,E3,E4,-14.656000,465.478000,OK
4,10,adjacent,620,30,32,132,FWD,E8,E9,E4,E5,-8.637000,454.865000,OK
4,10,adjacent,620,30,32,133,REV,E9,E8,E4,E5,-2.758000,465.159000,OK
4,10,adjacent,620,30,32,134,FWD,E8,E9,E5,E6,13.547000,456.102000,OK
4,10,adjacent,620,30,32,135,REV,E9,E8,E5,E6,24.117000,464.560000,OK
4,10,adjacent,620,30,32,136,FWD,E8,E9,E6,E7,-18.391000,456.620000,OK
4,10,adjacent,620,30,32,137,REV,E9,E8,E6,E7,24.480000,464.441000,OK
4,10,adjacent,620,30,32,138,FWD,E8,E9,E10,E11,-45.367000,455.982000,OK
4,10,adjacent,620,30,32,139,REV,E9,E8,E10,E11,-22.102000,464.201000,OK
4,10,adjacent,620,30,32,140,FWD,E8,E9,E11,E12,-42.551000,456.820000,OK
4,10,adjacent,620,30,32,141,REV,E9,E8,E11,E12,-30.387000,464.122000,OK
4,10,adjacent,620,30,32,142,FWD,E8,E9,E12,E1,39.004000,456.900000,OK
4,10,adjacent,620,30,32,143,REV,E9,E8,E12,E1,48.207000,463.643000,OK
4,10,adjacent,620,30,32,144,FWD,E9,E10,E1,E2,-31.699000,426.775000,OK
4,10,adjacent,620,30,32,145,REV,E10,E9,E1,E2,-26.934000,478.805000,OK
4,10,adjacent,620,30,32,146,FWD,E9,E10,E2,E3,29.996000,439.782000,OK
4,10,adjacent,620,30,32,147,REV,E10,E9,E2,E3,33.105000,473.339000,OK
4,10,adjacent,620,30,32,148,FWD,E9,E10,E3,E4,-18.293000,443.573000,OK
4,10,adjacent,620,30,32,149,REV,E10,E9,E3,E4,-14.730000,470.905000,OK
4,10,adjacent,620,30,32,150,FWD,E9,E10,E4,E5,-8.051000,444.770000,OK
4,10,adjacent,620,30,32,151,REV,E10,E9,E4,E5,-3.500000,470.266000,OK
4,10,adjacent,620,30,32,152,FWD,E9,E10,E5,E6,15.539000,445.688000,OK
4,10,adjacent,620,30,32,153,REV,E10,E9,E5,E6,22.215000,469.668000,OK
4,10,adjacent,620,30,32,154,FWD,E9,E10,E6,E7,-7.434000,445.608000,OK
4,10,adjacent,620,30,32,155,REV,E10,E9,E6,E7,12.398000,468.949000,OK
4,10,adjacent,620,30,32,156,FWD,E9,E10,E7,E8,-13.305000,446.805000,OK
4,10,adjacent,620,30,32,157,REV,E10,E9,E7,E8,13.906000,469.069000,OK
4,10,adjacent,620,30,32,158,FWD,E9,E10,E11,E12,-56.738000,446.845000,OK
4,10,adjacent,620,30,32,159,REV,E10,E9,E11,E12,-15.418000,468.750000,OK
4,10,adjacent,620,30,32,160,FWD,E9,E10,E12,E1,32.977000,446.964000,OK
4,10,adjacent,620,30,32,161,REV,E10,E9,E12,E1,54.641000,468.511000,OK
4,10,adjacent,620,30,32,162,FWD,E10,E11,E1,E2,-32.957000,371.233000,OK
4,10,adjacent,620,30,32,163,REV,E11,E10,E1,E2,-26.086000,371.473000,OK
4,10,adjacent,620,30,32,164,FWD,E10,E11,E2,E3,29.879000,383.682000,OK
4,10,adjacent,620,30,32,165,REV,E11,E10,E2,E3,33.086000,367.164000,OK
4,10,adjacent,620,30,32,166,FWD,E10,E11,E3,E4,-18.020000,386.356000,OK
4,10,adjacent,620,30,32,167,REV,E11,E10,E3,E4,-15.188000,366.126000,OK
4,10,adjacent,620,30,32,168,FWD,E10,E11,E4,E5,-7.344000,386.276000,OK
4,10,adjacent,620,30,32,169,REV,E11,E10,E4,E5,-4.523000,366.286000,OK
4,10,adjacent,620,30,32,170,FWD,E10,E11,E5,E6,17.137000,386.675000,OK
4,10,adjacent,620,30,32,171,REV,E11,E10,E5,E6,20.414000,365.647000,OK
4,10,adjacent,620,30,32,172,FWD,E10,E11,E6,E7,-2.023000,386.914000,OK
4,10,adjacent,620,30,32,173,REV,E11,E10,E6,E7,5.828000,365.208000,OK
4,10,adjacent,620,30,32,174,FWD,E10,E11,E7,E8,-4.027000,387.114000,OK
4,10,adjacent,620,30,32,175,REV,E11,E10,E7,E8,2.949000,365.967000,OK
4,10,adjacent,620,30,32,176,FWD,E10,E11,E8,E9,-1.074000,386.356000,OK
4,10,adjacent,620,30,32,177,REV,E11,E10,E8,E9,17.512000,366.206000,OK
4,10,adjacent,620,30,32,178,FWD,E10,E11,E12,E1,14.270000,386.914000,OK
4,10,adjacent,620,30,32,179,REV,E11,E10,E12,E1,70.957000,364.969000,OK
4,10,adjacent,620,30,32,180,FWD,E11,E12,E1,E2,-41.621000,237.607000,OK
4,10,adjacent,620,30,32,181,REV,E12,E11,E1,E2,-18.395000,224.919000,OK
4,10,adjacent,620,30,32,182,FWD,E11,E12,E2,E3,27.723000,242.555000,OK
4,10,adjacent,620,30,32,183,REV,E12,E11,E2,E3,34.988000,223.801000,OK
4,10,adjacent,620,30,32,184,FWD,E11,E12,E3,E4,-18.902000,243.313000,OK
4,10,adjacent,620,30,32,185,REV,E12,E11,E3,E4,-14.461000,223.482000,OK
4,10,adjacent,620,30,32,186,FWD,E11,E12,E4,E5,-7.621000,243.791000,OK
4,10,adjacent,620,30,32,187,REV,E12,E11,E4,E5,-4.410000,222.804000,OK
4,10,adjacent,620,30,32,188,FWD,E11,E12,E5,E6,17.406000,243.592000,OK
4,10,adjacent,620,30,32,189,REV,E12,E11,E5,E6,20.168000,223.522000,OK
4,10,adjacent,620,30,32,190,FWD,E11,E12,E6,E7,-0.793000,243.153000,OK
4,10,adjacent,620,30,32,191,REV,E12,E11,E6,E7,4.437000,223.123000,OK
4,10,adjacent,620,30,32,192,FWD,E11,E12,E7,E8,-2.270000,243.632000,OK
4,10,adjacent,620,30,32,193,REV,E12,E11,E7,E8,1.008000,223.043000,OK
4,10,adjacent,620,30,32,194,FWD,E11,E12,E8,E9,4.828000,243.512000,OK
4,10,adjacent,620,30,32,195,REV,E12,E11,E8,E9,10.980000,223.283000,OK
4,10,adjacent,620,30,32,196,FWD,E11,E12,E9,E10,8.496000,243.552000,OK
4,10,adjacent,620,30,32,197,REV,E12,E11,E9,E10,29.645000,223.402000,OK
4,10,adjacent,620,30,32,198,FWD,E12,E1,E2,E3,18.934000,215.303000,OK
4,10,adjacent,620,30,32,199,REV,E1,E12,E2,E3,45.547000,246.026000,OK
4,10,adjacent,620,30,32,200,FWD,E12,E1,E3,E4,-22.539000,220.011000,OK
4,10,adjacent,620,30,32,201,REV,E1,E12,E3,E4,-10.012000,244.869000,OK
4,10,adjacent,620,30,32,202,FWD,E12,E1,E4,E5,-9.297000,220.330000,OK
4,10,adjacent,620,30,32,203,REV,E1,E12,E4,E5,-2.266000,244.390000,OK
4,10,adjacent,620,30,32,204,FWD,E12,E1,E5,E6,16.715000,221.048000,OK
4,10,adjacent,620,30,32,205,REV,E1,E12,E5,E6,21.195000,244.270000,OK
4,10,adjacent,620,30,32,206,FWD,E12,E1,E6,E7,-1.367000,221.008000,OK
4,10,adjacent,620,30,32,207,REV,E1,E12,E6,E7,5.500000,243.831000,OK
4,10,adjacent,620,30,32,208,FWD,E12,E1,E7,E8,-2.105000,221.288000,OK
4,10,adjacent,620,30,32,209,REV,E1,E12,E7,E8,1.078000,243.871000,OK
4,10,adjacent,620,30,32,210,FWD,E12,E1,E8,E9,5.793000,221.208000,OK
4,10,adjacent,620,30,32,211,REV,E1,E12,E8,E9,10.477000,243.672000,OK
4,10,adjacent,620,30,32,212,FWD,E12,E1,E9,E10,14.070000,221.008000,OK
4,10,adjacent,620,30,32,213,REV,E1,E12,E9,E10,25.375000,243.752000,OK
4,10,adjacent,620,30,32,214,FWD,E12,E1,E10,E11,-50.402000,220.929000,OK
4,10,adjacent,620,30,32,215,REV,E1,E12,E10,E11,-13.973000,243.712000,OK
5,11,adjacent,620,30,32,0,FWD,E1,E2,E3,E4,-36.547000,282.854000,OK
5,11,adjacent,620,30,32,1,REV,E2,E1,E3,E4,2.203000,274.754000,OK
5,11,adjacent,620,30,32,2,FWD,E1,E2,E4,E5,-13.383000,288.560000,OK
5,11,adjacent,620,30,32,3,REV,E2,E1,E4,E5,0.945000,273.078000,OK
5,11,adjacent,620,30,32,4,FWD,E1,E2,E5,E6,15.785000,289.477000,OK
5,11,adjacent,620,30,32,5,REV,E2,E1,E5,E6,21.789000,272.759000,OK
5,11,adjacent,620,30,32,6,FWD,E1,E2,E6,E7,-1.320000,290.076000,OK
5,11,adjacent,620,30,32,7,REV,E2,E1,E6,E7,4.816000,272.280000,OK
5,11,adjacent,620,30,32,8,FWD,E1,E2,E7,E8,-1.609000,289.717000,OK
5,11,adjacent,620,30,32,9,REV,E2,E1,E7,E8,0.324000,272.121000,OK
5,11,adjacent,620,30,32,10,FWD,E1,E2,E8,E9,7.047000,289.637000,OK
5,11,adjacent,620,30,32,11,REV,E2,E1,E8,E9,8.965000,272.360000,OK
5,11,adjacent,620,30,32,12,FWD,E1,E2,E9,E10,17.840000,290.156000,OK
5,11,adjacent,620,30,32,13,REV,E2,E1,E9,E10,20.805000,271.921000,OK
5,11,adjacent,620,30,32,14,FWD,E1,E2,E10,E11,-36.227000,290.275000,OK
5,11,adjacent,620,30,32,15,REV,E2,E1,E10,E11,-30.937000,271.961000,OK
5,11,adjacent,620,30,32,16,FWD,E1,E2,E11,E12,-50.629000,289.517000,OK
5,11,adjacent,620,30,32,17,REV,E2,E1,E11,E12,-22.414000,272.320000,OK
5,11,adjacent,620,30,32,18,FWD,E2,E3,E4,E5,-19.879000,262.704000,OK
5,11,adjacent,620,30,32,19,REV,E3,E2,E4,E5,9.266000,294.824000,OK
5,11,adjacent,620,30,32,20,FWD,E2,E3,E5,E6,14.289000,268.610000,OK
5,11,adjacent,620,30,32,21,REV,E3,E2,E5,E6,23.863000,293.029000,OK
5,11,adjacent,620,30,32,22,FWD,E2,E3,E6,E7,-1.898000,269.607000,OK
5,11,adjacent,620,30,32,23,REV,E3,E2,E6,E7,5.859000,292.390000,OK
5,11,adjacent,620,30,32,24,FWD,E2,E3,E7,E8,-1.609000,269.767000,OK
5,11,adjacent,620,30,32,25,REV,E3,E2,E7,E8,0.398000,292.111000,OK
5,11,adjacent,620,30,32,26,FWD,E2,E3,E8,E9,7.312000,269.846000,OK
5,11,adjacent,620,30,32,27,REV,E3,E2,E8,E9,8.918000,291.592000,OK
5,11,adjacent,620,30,32,28,FWD,E2,E3,E9,E10,18.426000,270.285000,OK
5,11,adjacent,620,30,32,29,REV,E3,E2,E9,E10,20.340000,291.473000,OK
5,11,adjacent,620,30,32,30,FWD,E2,E3,E10,E11,-34.762000,270.445000,OK
5,11,adjacent,620,30,32,31,REV,E3,E2,E10,E11,-32.340000,291.034000,OK
5,11,adjacent,620,30,32,32,FWD,E2,E3,E11,E12,-40.516000,270.884000,OK
5,11,adjacent,620,30,32,33,REV,E3,E2,E11,E12,-31.742000,291.473000,OK
5,11,adjacent,620,30,32,34,FWD,E2,E3,E12,E1,28.051000,270.684000,OK
5,11,adjacent,620,30,32,35,REV,E3,E2,E12,E1,60.301000,291.353000,OK
5,11,adjacent,620,30,32,36,FWD,E3,E4,E1,E2,-45.863000,326.385000,OK
5,11,adjacent,620,30,32,37,REV,E4,E3,E1,E2,-2.355000,327.782000,OK
5,11,adjacent,620,30,32,38,FWD,E3,E4,E5,E6,2.836000,333.448000,OK
5,11,adjacent,620,30,32,39,REV,E4,E3,E5,E6,34.422000,325.268000,OK
5,11,adjacent,620,30,32,40,FWD,E3,E4,E6,E7,-7.727000,335.243000,OK
5,11,adjacent,620,30,32,41,REV,E4,E3,E6,E7,10.969000,324.789000,OK
5,11,adjacent,620,30,32,42,FWD,E3,E4,E7,E8,-2.703000,335.443000,OK
5,11,adjacent,620,30,32,43,REV,E4,E3,E7,E8,1.371000,324.430000,OK
5,11,adjacent,620,30,32,44,FWD,E3,E4,E8,E9,6.758000,335.283000,OK
5,11,adjacent,620,30,32,45,REV,E4,E3,E8,E9,9.484000,324.271000,OK
5,11,adjacent,620,30,32,46,FWD,E3,E4,E9,E10,17.937000,335.722000,OK
5,11,adjacent,620,30,32,47,REV,E4,E3,E9,E10,20.570000,324.191000,OK
5,11,adjacent,620,30,32,48,FWD,E3,E4,E10,E11,-34.977000,336.321000,OK
5,11,adjacent,620,30,32,49,REV,E4,E3,E10,E11,-32.441000,324.271000,OK
5,11,adjacent,620,30,32,50,FWD,E3,E4,E11,E12,-39.605000,336.241000,OK
5,11,adjacent,620,30,32,51,REV,E4,E3,E11,E12,-33.297000,323.552000,OK
5,11,adjacent,620,30,32,52,FWD,E3,E4,E12,E1,34.496000,336.081000,OK
5,11,adjacent,620,30,32,53,REV,E4,E3,E12,E1,52.148000,323.512000,OK
5,11,adjacent,620,30,32,54,FWD,E4,E5,E1,E2,-37.125000,333.168000,OK
5,11,adjacent,620,30,32,55,REV,E5,E4,E1,E2,-20.086000,340.869000,OK
5,11,adjacent,620,30,32,56,FWD,E4,E5,E2,E3,16.414000,339.433000,OK
5,11,adjacent,620,30,32,57,REV,E5,E4,E2,E3,50.945000,339.034000,OK
5,11,adjacent,620,30,32,58,FWD,E4,E5,E6,E7,-20.934000,340.909000,OK
5,11,adjacent,620,30,32,59,REV,E5,E4,E6,E7,24.266000,338.076000,OK
5,11,adjacent,620,30,32,60,FWD,E4,E5,E7,E8,-4.594000,341.428000,OK
5,11,adjacent,620,30,32,61,REV,E5,E4,E7,E8,3.238000,337.877000,OK
5,11,adjacent,620,30,32,62,FWD,E4,E5,E8,E9,6.016000,341.109000,OK
5,11,adjacent,620,30,32,63,REV,E5,E4,E8,E9,10.379000,338.196000,OK
5,11,adjacent,620,30,32,64,FWD,E4,E5,E9,E10,17.484000,341.228000,OK
5,11,adjacent,620,30,32,65,REV,E5,E4,E9,E10,20.922000,338.076000,OK
5,11,adjacent,620,30,32,66,FWD,E4,E5,E10,E11,-35.039000,341.428000,OK
5,11,adjacent,620,30,32,67,REV,E5,E4,E10,E11,-32.445000,337.717000,OK
5,11,adjacent,620,30,32,68,FWD,E4,E5,E11,E12,-38.777000,341.348000,OK
5,11,adjacent,620,30,32,69,REV,E5,E4,E11,E12,-34.090000,337.518000,OK
5,11,adjacent,620,30,32,70,FWD,E4,E5,E12,E1,38.367000,341.308000,OK
5,11,adjacent,620,30,32,71,REV,E5,E4,E12,E1,48.563000,337.438000,OK
5,11,adjacent,620,30,32,72,FWD,E5,E6,E1,E2,-33.000000,361.458000,OK
5,11,adjacent,620,30,32,73,REV,E6,E5,E1,E2,-24.898000,393.338000,OK
5,11,adjacent,620,30,32,74,FWD,E5,E6,E2,E3,25.219000,368.440000,OK
5,11,adjacent,620,30,32,75,REV,E6,E5,E2,E3,38.313000,390.705000,OK
5,11,adjacent,620,30,32,76,FWD,E5,E6,E3,E4,-33.512000,369.797000,OK
5,11,adjacent,620,30,32,77,REV,E6,E5,E3,E4,2.961000,389.907000,OK
5,11,adjacent,620,30,32,78,FWD,E5,E6,E7,E8,-9.805000,370.675000,OK
5,11,adjacent,620,30,32,79,REV,E6,E5,E7,E8,8.914000,388.829000,OK
5,11,adjacent,620,30,32,80,FWD,E5,E6,E8,E9,4.000000,371.233000,OK
5,11,adjacent,620,30,32,81,REV,E6,E5,E8,E9,12.758000,388.510000,OK
5,11,adjacent,620,30,32,82,FWD,E5,E6,E9,E10,16.398000,371.353000,OK
5,11,adjacent,620,30,32,83,REV,E6,E5,E9,E10,22.043000,389.069000,OK
5,11,adjacent,620,30,32,84,FWD,E5,E6,E10,E11,-35.426000,371.154000,OK
5,11,adjacent,620,30,32,85,REV,E6,E5,E10,E11,-32.047000,388.869000,OK
5,11,adjacent,620,30,32,86,FWD,E5,E6,E11,E12,-38.660000,371.353000,OK
5,11,adjacent,620,30,32,87,REV,E6,E5,E11,E12,-34.137000,388.430000,OK
5,11,adjacent,620,30,32,88,FWD,E5,E6,E12,E1,39.961000,371.752000,OK
5,11,adjacent,620,30,32,89,REV,E6,E5,E12,E1,47.254000,388.430000,OK
5,11,adjacent,620,30,32,90,FWD,E6,E7,E1,E2,-33.508000,388.271000,OK
5,11,adjacent,620,30,32,91,REV,E7,E6,E1,E2,-24.887000,404.949000,OK
5,11,adjacent,620,30,32,92,FWD,E6,E7,E2,E3,25.980000,396.450000,OK
5,11,adjacent,620,30,32,93,REV,E7,E6,E2,E3,37.047000,402.755000,OK
5,11,adjacent,620,30,32,94,FWD,E6,E7,E3,E4,-27.680000,397.568000,OK
5,11,adjacent,620,30,32,95,REV,E7,E6,E3,E4,-5.074000,402.116000,OK
5,11,adjacent,620,30,32,96,FWD,E6,E7,E4,E5,-30.891000,397.887000,OK
5,11,adjacent,620,30,32,97,REV,E7,E6,E4,E5,22.344000,401.677000,OK
5,11,adjacent,620,30,32,98,FWD,E6,E7,E8,E9,-10.332000,398.565000,OK
5,11,adjacent,620,30,32,99,REV,E7,E6,E8,E9,27.094000,400.919000,OK
5,11,adjacent,620,30,32,100,FWD,E6,E7,E9,E10,10.328000,399.204000,OK
5,11,adjacent,620,30,32,101,REV,E7,E6,E9,E10,27.906000,400.760000,OK
5,11,adjacent,620,30,32,102,FWD,E6,E7,E10,E11,-38.059000,399.044000,OK
5,11,adjacent,620,30,32,103,REV,E7,E6,E10,E11,-29.516000,401.079000,OK
5,11,adjacent,620,30,32,104,FWD,E6,E7,E11,E12,-40.988000,399.642000,OK
5,11,adjacent,620,30,32,105,REV,E7,E6,E11,E12,-31.922000,400.919000,OK
5,11,adjacent,620,30,32,106,FWD,E6,E7,E12,E1,37.688000,398.924000,OK
5,11,adjacent,620,30,32,107,REV,E7,E6,E12,E1,49.418000,400.361000,OK
5,11,adjacent,620,30,32,108,FWD,E7,E8,E1,E2,-30.840000,431.084000,OK
5,11,adjacent,620,30,32,109,REV,E8,E7,E1,E2,-27.789000,454.226000,OK
5,11,adjacent,620,30,32,110,FWD,E7,E8,E2,E3,29.879000,442.097000,OK
5,11,adjacent,620,30,32,111,REV,E8,E7,E2,E3,33.090000,450.675000,OK
5,11,adjacent,620,30,32,112,FWD,E7,E8,E3,E4,-19.238000,444.770000,OK
5,11,adjacent,620,30,32,113,REV,E8,E7,E3,E4,-13.746000,449.757000,OK
5,11,adjacent,620,30,32,114,FWD,E7,E8,E4,E5,-10.648000,445.049000,OK
5,11,adjacent,620,30,32,115,REV,E8,E7,E4,E5,-0.332000,449.079000,OK
5,11,adjacent,620,30,32,116,FWD,E7,E8,E5,E6,8.168000,444.969000,OK
5,11,adjacent,620,30,32,117,REV,E8,E7,E5,E6,30.020000,448.760000,OK
5,11,adjacent,620,30,32,118,FWD,E7,E8,E9,E10,5.562000,445.568000,OK
5,11,adjacent,620,30,32,119,REV,E8,E7,E9,E10,32.465000,447.922000,OK
5,11,adjacent,620,30,32,120,FWD,E7,E8,E10,E11,-38.027000,446.087000,OK
5,11,adjacent,620,30,32,121,REV,E8,E7,E10,E11,-29.605000,448.082000,OK
5,11,adjacent,620,30,32,122,FWD,E7,E8,E11,E12,-39.613000,446.007000,OK
5,11,adjacent,620,30,32,123,REV,E8,E7,E11,E12,-33.344000,448.201000,OK
5,11,adjacent,620,30,32,124,FWD,E7,E8,E12,E1,40.539000,445.727000,OK
5,11,adjacent,620,30,32,125,REV,E8,E7,E12,E1,46.543000,447.922000,OK
5,11,adjacent,620,30,32,126,FWD,E8,E9,E1,E2,-30.863000,441.219000,OK
5,11,adjacent,620,30,32,127,REV,E9,E8,E1,E2,-27.848000,470.585000,OK
5,11,adjacent,620,30,32,128,FWD,E8,E9,E2,E3,30.203000,452.191000,OK
5,11,adjacent,620,30,32,129,REV,E9,E8,E2,E3,32.785000,466.675000,OK
5,11,adjacent,620,30,32,130,FWD,E8,E9,E3,E4,-18.367000,453.907000,OK
5,11,adjacent,620,30,32,131,REV,E9,E8,E3,E4,-14.617000,465.917000,OK
5,11,adjacent,620,30,32,132,FWD,E8,E9,E4,E5,-8.648000,455.224000,OK
5,11,adjacent,620,30,32,133,REV,E9,E8,E4,E5,-2.754000,464.959000,OK
5,11,adjacent,620,30,32,134,FWD,E8,E9,E5,E6,13.563000,455.264000,OK
5,11,adjacent,620,30,32,135,REV,E9,E8,E5,E6,24.109000,465.239000,OK
5,11,adjacent,620,30,32,136,FWD,E8,E9,E6,E7,-18.383000,455.383000,OK
5,11,adjacent,620,30,32,137,REV,E9,E8,E6,E7,24.488000,464.560000,OK
5,11,adjacent,620,30,32,138,FWD,E8,E9,E10,E11,-45.367000,456.501000,OK
5,11,adjacent,620,30,32,139,REV,E9,E8,E10,E11,-22.109000,464.042000,OK
5,11,adjacent,620,30,32,140,FWD,E8,E9,E11,E12,-42.539000,456.620000,OK
5,11,adjacent,620,30,32,141,REV,E9,E8,E11,E12,-30.352000,464.481000,OK
5,11,adjacent,620,30,32,142,FWD,E8,E9,E12,E1,38.957000,455.822000,OK
5,11,adjacent,620,30,32,143,REV,E9,E8,E12,E1,48.145000,464.241000,OK
5,11,adjacent,620,30,32,144,FWD,E9,E10,E1,E2,-31.703000,426.934000,OK
5,11,adjacent,620,30,32,145,REV,E10,E9,E1,E2,-26.937000,478.406000,OK
5,11,adjacent,620,30,32,146,FWD,E9,E10,E2,E3,30.004000,440.820000,OK
5,11,adjacent,620,30,32,147,REV,E10,E9,E2,E3,33.094000,472.620000,OK
5,11,adjacent,620,30,32,148,FWD,E9,E10,E3,E4,-18.285000,443.852000,OK
5,11,adjacent,620,30,32,149,REV,E10,E9,E3,E4,-14.695000,470.665000,OK
5,11,adjacent,620,30,32,150,FWD,E9,E10,E4,E5,-8.063000,444.770000,OK
5,11,adjacent,620,30,32,151,REV,E10,E9,E4,E5,-3.512000,469.628000,OK
5,11,adjacent,620,30,32,152,FWD,E9,E10,E5,E6,15.566000,445.847000,OK
5,11,adjacent,620,30,32,153,REV,E10,E9,E5,E6,22.219000,469.229000,OK
5,11,adjacent,620,30,32,154,FWD,E9,E10,E6,E7,-7.504000,446.126000,OK
5,11,adjacent,620,30,32,155,REV,E10,E9,E6,E7,12.383000,468.949000,OK
5,11,adjacent,620,30,32,156,FWD,E9,E10,E7,E8,-13.270000,446.685000,OK
5,11,adjacent,620,30,32,157,REV,E10,E9,E7,E8,13.895000,468.151000,OK
5,11,adjacent,620,30,32,158,FWD,E9,E10,E11,E12,-56.766000,447.284000,OK
5,11,adjacent,620,30,32,159,REV,E10,E9,E11,E12,-15.465000,468.231000,OK
5,11,adjacent,620,30,32,160,FWD,E9,E10,E12,E1,32.938000,447.084000,OK
5,11,adjacent,620,30,32,161,REV,E10,E9,E12,E1,54.566000,467.872000,OK
5,11,adjacent,620,30,32,162,FWD,E10,E11,E1,E2,-32.957000,371.233000,OK
5,11,adjacent,620,30,32,163,REV,E11,E10,E1,E2,-26.082000,371.353000,OK
5,11,adjacent,620,30,32,164,FWD,E10,E11,E2,E3,29.867000,384.081000,OK
5,11,adjacent,620,30,32,165,REV,E11,E10,E2,E3,33.063000,366.964000,OK
5,11,adjacent,620,30,32,166,FWD,E10,E11,E3,E4,-18.000000,386.036000,OK
5,11,adjacent,620,30,32,167,REV,E11,E10,E3,E4,-15.168000,366.126000,OK
5,11,adjacent,620,30,32,168,FWD,E10,E11,E4,E5,-7.367000,386.236000,OK
5,11,adjacent,620,30,32,169,REV,E11,E10,E4,E5,-4.520000,365.967000,OK
5,11,adjacent,620,30,32,170,FWD,E10,E11,E5,E6,17.145000,386.675000,OK
5,11,adjacent,620,30,32,171,REV,E11,E10,E5,E6,20.430000,365.887000,OK
5,11,adjacent,620,30,32,172,FWD,E10,E11,E6,E7,-2.027000,386.834000,OK
5,11,adjacent,620,30,32,173,REV,E11,E10,E6,E7,5.863000,365.129000,OK
5,11,adjacent,620,30,32,174,FWD,E10,E11,E7,E8,-4.027000,387.233000,OK
5,11,adjacent,620,30,32,175,REV,E11,E10,E7,E8,2.930000,366.126000,OK
5,11,adjacent,620,30,32,176,FWD,E10,E11,E8,E9,-0.305000,386.874000,OK
5,11,adjacent,620,30,32,177,REV,E11,E10,E8,E9,18.289000,365.727000,OK
5,11,adjacent,620,30,32,178,FWD,E10,E11,E12,E1,14.250000,386.675000,OK
5,11,adjacent,620,30,32,179,REV,E11,E10,E12,E1,70.902000,365.408000,OK
5,11,adjacent,620,30,32,180,FWD,E11,E12,E1,E2,-41.563000,237.647000,OK
5,11,adjacent,620,30,32,181,REV,E12,E11,E1,E2,-18.410000,224.958000,OK
5,11,adjacent,620,30,32,182,FWD,E11,E12,E2,E3,27.707000,242.754000,OK
5,11,adjacent,620,30,32,183,REV,E12,E11,E2,E3,34.988000,223.163000,OK
5,11,adjacent,620,30,32,184,FWD,E11,E12,E3,E4,-18.898000,243.592000,OK
5,11,adjacent,620,30,32,185,REV,E12,E11,E3,E4,-14.441000,223.283000,OK
5,11,adjacent,620,30,32,186,FWD,E11,E12,E4,E5,-7.621000,243.512000,OK
5,11,adjacent,620,30,32,187,REV,E12,E11,E4,E5,-4.430000,223.682000,OK
5,11,adjacent,620,30,32,188,FWD,E11,E12,E5,E6,17.430000,243.392000,OK
5,11,adjacent,620,30,32,189,REV,E12,E11,E5,E6,20.184000,223.083000,OK
5,11,adjacent,620,30,32,190,FWD,E11,E12,E6,E7,-0.832000,243.472000,OK
5,11,adjacent,620,30,32,191,REV,E12,E11,E6,E7,4.426000,222.884000,OK
5,11,adjacent,620,30,32,192,FWD,E11,E12,E7,E8,-2.250000,243.791000,OK
5,11,adjacent,620,30,32,193,REV,E12,E11,E7,E8,1.020000,223.562000,OK
5,11,adjacent,620,30,32,194,FWD,E11,E12,E8,E9,5.598000,243.193000,OK
5,11,adjacent,620,30,32,195,REV,E12,E11,E8,E9,11.715000,223.642000,OK
5,11,adjacent,620,30,32,196,FWD,E11,E12,E9,E10,7.727000,243.592000,OK
5,11,adjacent,620,30,32,197,REV,E12,E11,E9,E10,28.949000,223.323000,OK
5,11,adjacent,620,30,32,198,FWD,E12,E1,E2,E3,18.926000,215.622000,OK
5,11,adjacent,620,30,32,199,REV,E1,E12,E2,E3,45.578000,246.106000,OK
5,11,adjacent,620,30,32,200,FWD,E12,E1,E3,E4,-22.523000,220.091000,OK
5,11,adjacent,620,30,32,201,REV,E1,E12,E3,E4,-9.957000,244.988000,OK
5,11,adjacent,620,30,32,202,FWD,E12,E1,E4,E5,-9.324000,220.530000,OK
5,11,adjacent,620,30,32,203,REV,E1,E12,E4,E5,-2.273000,244.350000,OK
5,11,adjacent,620,30,32,204,FWD,E12,E1,E5,E6,16.758000,220.929000,OK
5,11,adjacent,620,30,32,205,REV,E1,E12,E5,E6,21.215000,243.951000,OK
5,11,adjacent,620,30,32,206,FWD,E12,E1,E6,E7,-1.383000,220.889000,OK
5,11,adjacent,620,30,32,207,REV,E1,E12,E6,E7,5.484000,244.111000,OK
5,11,adjacent,620,30,32,208,FWD,E12,E1,E7,E8,-2.145000,221.367000,OK
5,11,adjacent,620,30,32,209,REV,E1,E12,E7,E8,1.059000,243.951000,OK
5,11,adjacent,620,30,32,210,FWD,E12,E1,E8,E9,6.570000,221.208000,OK
5,11,adjacent,620,30,32,211,REV,E1,E12,E8,E9,11.234000,244.230000,OK
5,11,adjacent,620,30,32,212,FWD,E12,E1,E9,E10,13.320000,221.367000,OK
5,11,adjacent,620,30,32,213,REV,E1,E12,E9,E10,24.676000,244.071000,OK
5,11,adjacent,620,30,32,214,FWD,E12,E1,E10,E11,-50.422000,220.929000,OK
5,11,adjacent,620,30,32,215,REV,E1,E12,E10,E11,-13.977000,243.472000,OK
6,12,adjacent,620,30,32,0,FWD,E1,E2,E3,E4,-36.465000,283.053000,OK
6,12,adjacent,620,30,32,1,REV,E2,E1,E3,E4,2.223000,274.994000,OK
6,12,adjacent,620,30,32,2,FWD,E1,E2,E4,E5,-13.426000,288.679000,OK
6,12,adjacent,620,30,32,3,REV,E2,E1,E4,E5,0.949000,273.198000,OK
6,12,adjacent,620,30,32,4,FWD,E1,E2,E5,E6,15.793000,289.916000,OK
6,12,adjacent,620,30,32,5,REV,E2,E1,E5,E6,21.766000,272.839000,OK
6,12,adjacent,620,30,32,6,FWD,E1,E2,E6,E7,-1.324000,289.637000,OK
6,12,adjacent,620,30,32,7,REV,E2,E1,E6,E7,4.816000,272.240000,OK
6,12,adjacent,620,30,32,8,FWD,E1,E2,E7,E8,-1.652000,289.557000,OK
6,12,adjacent,620,30,32,9,REV,E2,E1,E7,E8,0.277000,272.639000,OK
6,12,adjacent,620,30,32,10,FWD,E1,E2,E8,E9,7.824000,290.236000,OK
6,12,adjacent,620,30,32,11,REV,E2,E1,E8,E9,9.723000,271.921000,OK
6,12,adjacent,620,30,32,12,FWD,E1,E2,E9,E10,17.164000,290.076000,OK
6,12,adjacent,620,30,32,13,REV,E2,E1,E9,E10,20.121000,272.280000,OK
6,12,adjacent,620,30,32,14,FWD,E1,E2,E10,E11,-36.262000,289.837000,OK
6,12,adjacent,620,30,32,15,REV,E2,E1,E10,E11,-30.965000,272.240000,OK
6,12,adjacent,620,30,32,16,FWD,E1,E2,E11,E12,-50.602000,289.837000,OK
6,12,adjacent,620,30,32,17,REV,E2,E1,E11,E12,-22.379000,272.161000,OK
6,12,adjacent,620,30,32,18,FWD,E2,E3,E4,E5,-19.906000,262.784000,OK
6,12,adjacent,620,30,32,19,REV,E3,E2,E4,E5,9.234000,294.385000,OK
6,12,adjacent,620,30,32,20,FWD,E2,E3,E5,E6,14.297000,268.450000,OK
6,12,adjacent,620,30,32,21,REV,E3,E2,E5,E6,23.934000,293.069000,OK
6,12,adjacent,620,30,32,22,FWD,E2,E3,E6,E7,-1.910000,269.288000,OK
6,12,adjacent,620,30,32,23,REV,E3,E2,E6,E7,5.871000,292.390000,OK
6,12,adjacent,620,30,32,24,FWD,E2,E3,E7,E8,-1.664000,269.487000,OK
6,12,adjacent,620,30,32,25,REV,E3,E2,E7,E8,0.352000,291.911000,OK
6,12,adjacent,620,30,32,26,FWD,E2,E3,E8,E9,8.094000,270.166000,OK
6,12,adjacent,620,30,32,27,REV,E3,E2,E8,E9,9.676000,291.592000,OK
6,12,adjacent,620,30,32,28,FWD,E2,E3,E9,E10,17.746000,270.365000,OK
6,12,adjacent,620,30,32,29,REV,E3,E2,E9,E10,19.660000,291.752000,OK
6,12,adjacent,620,30,32,30,FWD,E2,E3,E10,E11,-34.789000,270.724000,OK
6,12,adjacent,620,30,32,31,REV,E3,E2,E10,E11,-32.367000,291.153000,OK
6,12,adjacent,620,30,32,32,FWD,E2,E3,E11,E12,-40.539000,270.844000,OK
6,12,adjacent,620,30,32,33,REV,E3,E2,E11,E12,-31.711000,291.592000,OK
6,12,adjacent,620,30,32,34,FWD,E2,E3,E12,E1,27.977000,270.405000,OK
6,12,adjacent,620,30,32,35,REV,E3,E2,E12,E1,60.281000,291.512000,OK
6,12,adjacent,620,30,32,36,FWD,E3,E4,E1,E2,-45.871000,326.864000,OK
6,12,adjacent,620,30,32,37,REV,E4,E3,E1,E2,-2.359000,327.383000,OK
6,12,adjacent,620,30,32,38,FWD,E3,E4,E5,E6,2.852000,333.966000,OK
6,12,adjacent,620,30,32,39,REV,E4,E3,E5,E6,34.457000,325.747000,OK
6,12,adjacent,620,30,32,40,FWD,E3,E4,E6,E7,-7.715000,334.924000,OK
6,12,adjacent,620,30,32,41,REV,E4,E3,E6,E7,10.988000,325.228000,OK
6,12,adjacent,620,30,32,42,FWD,E3,E4,E7,E8,-2.777000,335.363000,OK
6,12,adjacent,620,30,32,43,REV,E4,E3,E7,E8,1.289000,324.510000,OK
6,12,adjacent,620,30,32,44,FWD,E3,E4,E8,E9,7.488000,335.682000,OK
6,12,adjacent,620,30,32,45,REV,E4,E3,E8,E9,10.188000,324.191000,OK
6,12,adjacent,620,30,32,46,FWD,E3,E4,E9,E10,17.301000,336.201000,OK
6,12,adjacent,620,30,32,47,REV,E4,E3,E9,E10,19.922000,324.390000,OK
6,12,adjacent,620,30,32,48,FWD,E3,E4,E10,E11,-34.980000,335.842000,OK
6,12,adjacent,620,30,32,49,REV,E4,E3,E10,E11,-32.469000,323.991000,OK
6,12,adjacent,620,30,32,50,FWD,E3,E4,E11,E12,-39.563000,336.161000,OK
6,12,adjacent,620,30,32,51,REV,E4,E3,E11,E12,-33.246000,323.832000,OK
6,12,adjacent,620,30,32,52,FWD,E3,E4,E12,E1,34.441000,336.041000,OK
6,12,adjacent,620,30,32,53,REV,E4,E3,E12,E1,52.176000,324.151000,OK
6,12,adjacent,620,30,32,54,FWD,E4,E5,E1,E2,-37.141000,333.727000,OK
6,12,adjacent,620,30,32,55,REV,E5,E4,E1,E2,-20.082000,340.350000,OK
6,12,adjacent,620,30,32,56,FWD,E4,E5,E2,E3,16.414000,339.712000,OK
6,12,adjacent,620,30,32,57,REV,E5,E4,E2,E3,50.918000,337.917000,OK
6,12,adjacent,620,30,32,58,FWD,E4,E5,E6,E7,-21.008000,340.749000,OK
6,12,adjacent,620,30,32,59,REV,E5,E4,E6,E7,24.254000,338.395000,OK
6,12,adjacent,620,30,32,60,FWD,E4,E5,E7,E8,-4.754000,340.829000,OK
6,12,adjacent,620,30,32,61,REV,E5,E4,E7,E8,3.035000,338.116000,OK
6,12,adjacent,620,30,32,62,FWD,E4,E5,E8,E9,6.875000,341.069000,OK
6,12,adjacent,620,30,32,63,REV,E5,E4,E8,E9,11.246000,337.478000,OK
6,12,adjacent,620,30,32,64,FWD,E4,E5,E9,E10,16.887000,341.348000,OK
6,12,adjacent,620,30,32,65,REV,E5,E4,E9,E10,20.297000,337.278000,OK
6,12,adjacent,620,30,32,66,FWD,E4,E5,E10,E11,-35.055000,341.747000,OK
6,12,adjacent,620,30,32,67,REV,E5,E4,E10,E11,-32.488000,337.597000,OK
6,12,adjacent,620,30,32,68,FWD,E4,E5,E11,E12,-38.773000,341.587000,OK
6,12,adjacent,620,30,32,69,REV,E5,E4,E11,E12,-34.105000,337.797000,OK
6,12,adjacent,620,30,32,70,FWD,E4,E5,E12,E1,38.379000,341.268000,OK
6,12,adjacent,620,30,32,71,REV,E5,E4,E12,E1,48.594000,337.597000,OK
6,12,adjacent,620,30,32,72,FWD,E5,E6,E1,E2,-33.000000,361.059000,OK
6,12,adjacent,620,30,32,73,REV,E6,E5,E1,E2,-24.887000,393.258000,OK
6,12,adjacent,620,30,32,74,FWD,E5,E6,E2,E3,25.207000,368.480000,OK
6,12,adjacent,620,30,32,75,REV,E6,E5,E2,E3,38.320000,390.465000,OK
6,12,adjacent,620,30,32,76,FWD,E5,E6,E3,E4,-33.480000,370.555000,OK
6,12,adjacent,620,30,32,77,REV,E6,E5,E3,E4,2.941000,389.588000,OK
6,12,adjacent,620,30,32,78,FWD,E5,E6,E7,E8,-10.133000,370.675000,OK
6,12,adjacent,620,30,32,79,REV,E6,E5,E7,E8,8.613000,389.388000,OK
6,12,adjacent,620,30,32,80,FWD,E5,E6,E8,E9,4.922000,370.874000,OK
6,12,adjacent,620,30,32,81,REV,E6,E5,E8,E9,13.664000,389.029000,OK
6,12,adjacent,620,30,32,82,FWD,E5,E6,E9,E10,15.820000,371.393000,OK
6,12,adjacent,620,30,32,83,REV,E6,E5,E9,E10,21.437000,388.191000,OK
6,12,adjacent,620,30,32,84,FWD,E5,E6,E10,E11,-35.469000,371.952000,OK
6,12,adjacent,620,30,32,85,REV,E6,E5,E10,E11,-32.063000,388.630000,OK
6,12,adjacent,620,30,32,86,FWD,E5,E6,E11,E12,-38.656000,371.672000,OK
6,12,adjacent,620,30,32,87,REV,E6,E5,E11,E12,-34.109000,388.829000,OK
6,12,adjacent,620,30,32,88,FWD,E5,E6,E12,E1,39.984000,371.513000,OK
6,12,adjacent,620,30,32,89,REV,E6,E5,E12,E1,47.230000,388.510000,OK
6,12,adjacent,620,30,32,90,FWD,E6,E7,E1,E2,-33.504000,388.630000,OK
6,12,adjacent,620,30,32,91,REV,E7,E6,E1,E2,-24.875000,405.468000,OK
6,12,adjacent,620,30,32,92,FWD,E6,E7,E2,E3,25.969000,396.171000,OK
6,12,adjacent,620,30,32,93,REV,E7,E6,E2,E3,37.059000,402.954000,OK
6,12,adjacent,620,30,32,94,FWD,E6,E7,E3,E4,-27.664000,397.767000,OK
6,12,adjacent,620,30,32,95,REV,E7,E6,E3,E4,-5.070000,402.156000,OK
6,12,adjacent,620,30,32,96,FWD,E6,E7,E4,E5,-30.891000,398.525000,OK
6,12,adjacent,620,30,32,97,REV,E7,E6,E4,E5,22.316000,401.598000,OK
6,12,adjacent,620,30,32,98,FWD,E6,E7,E8,E9,-9.414000,398.565000,OK
6,12,adjacent,620,30,32,99,REV,E7,E6,E8,E9,27.961000,401.637000,OK
6,12,adjacent,620,30,32,100,FWD,E6,E7,E9,E10,9.773000,398.964000,OK
6,12,adjacent,620,30,32,101,REV,E7,E6,E9,E10,27.332000,400.800000,OK
6,12,adjacent,620,30,32,102,FWD,E6,E7,E10,E11,-38.094000,399.164000,OK
6,12,adjacent,620,30,32,103,REV,E7,E6,E10,E11,-29.547000,400.361000,OK
6,12,adjacent,620,30,32,104,FWD,E6,E7,E11,E12,-40.992000,399.323000,OK
6,12,adjacent,620,30,32,105,REV,E7,E6,E11,E12,-31.902000,401.199000,OK
6,12,adjacent,620,30,32,106,FWD,E6,E7,E12,E1,37.660000,399.204000,OK
6,12,adjacent,620,30,32,107,REV,E7,E6,E12,E1,49.383000,400.879000,OK
6,12,adjacent,620,30,32,108,FWD,E7,E8,E1,E2,-30.848000,431.284000,OK
6,12,adjacent,620,30,32,109,REV,E8,E7,E1,E2,-27.773000,453.947000,OK
6,12,adjacent,620,30,32,110,FWD,E7,E8,E2,E3,29.883000,442.416000,OK
6,12,adjacent,620,30,32,111,REV,E8,E7,E2,E3,33.074000,450.077000,OK
6,12,adjacent,620,30,32,112,FWD,E7,E8,E3,E4,-19.199000,444.411000,OK
6,12,adjacent,620,30,32,113,REV,E8,E7,E3,E4,-13.738000,449.797000,OK
6,12,adjacent,620,30,32,114,FWD,E7,E8,E4,E5,-10.676000,444.730000,OK
6,12,adjacent,620,30,32,115,REV,E8,E7,E4,E5,-0.344000,448.720000,OK
6,12,adjacent,620,30,32,116,FWD,E7,E8,E5,E6,8.195000,445.648000,OK
6,12,adjacent,620,30,32,117,REV,E8,E7,E5,E6,30.004000,448.680000,OK
6,12,adjacent,620,30,32,118,FWD,E7,E8,E9,E10,5.078000,445.727000,OK
6,12,adjacent,620,30,32,119,REV,E8,E7,E9,E10,31.918000,448.161000,OK
6,12,adjacent,620,30,32,120,FWD,E7,E8,E10,E11,-38.059000,445.608000,OK
6,12,adjacent,620,30,32,121,REV,E8,E7,E10,E11,-29.645000,447.962000,OK
6,12,adjacent,620,30,32,122,FWD,E7,E8,E11,E12,-39.609000,446.525000,OK
6,12,adjacent,620,30,32,123,REV,E8,E7,E11,E12,-33.332000,447.882000,OK
6,12,adjacent,620,30,32,124,FWD,E7,E8,E12,E1,40.531000,446.446000,OK
6,12,adjacent,620,30,32,125,REV,E8,E7,E12,E1,46.555000,448.121000,OK
6,12,adjacent,620,30,32,126,FWD,E8,E9,E1,E2,-30.863000,440.979000,OK
6,12,adjacent,620,30,32,127,REV,E9,E8,E1,E2,-27.875000,471.304000,OK
6,12,adjacent,620,30,32,128,FWD,E8,E9,E2,E3,30.187000,452.112000,OK
6,12,adjacent,620,30,32,129,REV,E9,E8,E2,E3,32.766000,467.194000,OK
6,12,adjacent,620,30,32,130,FWD,E8,E9,E3,E4,-18.316000,453.827000,OK
6,12,adjacent,620,30,32,131,REV,E9,E8,E3,E4,-14.590000,466.595000,OK
6,12,adjacent,620,30,32,132,FWD,E8,E9,E4,E5,-8.695000,454.386000,OK
6,12,adjacent,620,30,32,133,REV,E9,E8,E4,E5,-2.773000,466.396000,OK
6,12,adjacent,620,30,32,134,FWD,E8,E9,E5,E6,13.598000,455.383000,OK
6,12,adjacent,620,30,32,135,REV,E9,E8,E5,E6,24.133000,465.518000,OK
6,12,adjacent,620,30,32,136,FWD,E8,E9,E6,E7,-18.383000,455.742000,OK
6,12,adjacent,620,30,32,137,REV,E9,E8,E6,E7,24.531000,465.039000,OK
6,12,adjacent,620,30,32,138,FWD,E8,E9,E10,E11,-45.398000,455.383000,OK
6,12,adjacent,620,30,32,139,REV,E9,E8,E10,E11,-22.121000,464.920000,OK
6,12,adjacent,620,30,32,140,FWD,E8,E9,E11,E12,-42.516000,456.102000,OK
6,12,adjacent,620,30,32,141,REV,E9,E8,E11,E12,-30.309000,464.880000,OK
6,12,adjacent,620,30,32,142,FWD,E8,E9,E12,E1,38.980000,455.942000,OK
6,12,adjacent,620,30,32,143,REV,E9,E8,E12,E1,48.180000,464.840000,OK
6,12,adjacent,620,30,32,144,FWD,E9,E10,E1,E2,-31.703000,427.214000,OK
6,12,adjacent,620,30,32,145,REV,E10,E9,E1,E2,-26.973000,477.927000,OK
6,12,adjacent,620,30,32,146,FWD,E9,E10,E2,E3,29.988000,440.860000,OK
6,12,adjacent,620,30,32,147,REV,E10,E9,E2,E3,33.086000,472.660000,OK
6,12,adjacent,620,30,32,148,FWD,E9,E10,E3,E4,-18.250000,444.131000,OK
6,12,adjacent,620,30,32,149,REV,E10,E9,E3,E4,-14.672000,470.665000,OK
6,12,adjacent,620,30,32,150,FWD,E9,E10,E4,E5,-8.074000,445.608000,OK
6,12,adjacent,620,30,32,151,REV,E10,E9,E4,E5,-3.531000,469.827000,OK
6,12,adjacent,620,30,32,152,FWD,E9,E10,E5,E6,15.566000,446.007000,OK
6,12,adjacent,620,30,32,153,REV,E10,E9,E5,E6,22.242000,469.189000,OK
6,12,adjacent,620,30,32,154,FWD,E9,E10,E6,E7,-7.484000,446.885000,OK
6,12,adjacent,620,30,32,155,REV,E10,E9,E6,E7,12.316000,468.431000,OK
6,12,adjacent,620,30,32,156,FWD,E9,E10,E7,E8,-13.582000,447.284000,OK
6,12,adjacent,620,30,32,157,REV,E10,E9,E7,E8,13.598000,467.872000,OK
6,12,adjacent,620,30,32,158,FWD,E9,E10,E11,E12,-56.707000,447.004000,OK
6,12,adjacent,620,30,32,159,REV,E10,E9,E11,E12,-15.438000,468.271000,OK
6,12,adjacent,620,30,32,160,FWD,E9,E10,E12,E1,32.918000,447.124000,OK
6,12,adjacent,620,30,32,161,REV,E10,E9,E12,E1,54.598000,468.191000,OK
6,12,adjacent,620,30,32,162,FWD,E10,E11,E1,E2,-32.957000,371.872000,OK
6,12,adjacent,620,30,32,163,REV,E11,E10,E1,E2,-26.094000,370.874000,OK
6,12,adjacent,620,30,32,164,FWD,E10,E11,E2,E3,29.855000,383.962000,OK
6,12,adjacent,620,30,32,165,REV,E11,E10,E2,E3,33.063000,367.203000,OK
6,12,adjacent,620,30,32,166,FWD,E10,E11,E3,E4,-17.973000,385.637000,OK
6,12,adjacent,620,30,32,167,REV,E11,E10,E3,E4,-15.141000,366.485000,OK
6,12,adjacent,620,30,32,168,FWD,E10,E11,E4,E5,-7.391000,386.715000,OK
6,12,adjacent,620,30,32,169,REV,E11,E10,E4,E5,-4.559000,365.967000,OK
6,12,adjacent,620,30,32,170,FWD,E10,E11,E5,E6,17.172000,386.874000,OK
6,12,adjacent,620,30,32,171,REV,E11,E10,E5,E6,20.457000,366.086000,OK
6,12,adjacent,620,30,32,172,FWD,E10,E11,E6,E7,-2.059000,386.914000,OK
6,12,adjacent,620,30,32,173,REV,E11,E10,E6,E7,5.820000,365.687000,OK
6,12,adjacent,620,30,32,174,FWD,E10,E11,E7,E8,-4.328000,387.194000,OK
6,12,adjacent,620,30,32,175,REV,E11,E10,E7,E8,2.617000,365.528000,OK
6,12,adjacent,620,30,32,176,FWD,E10,E11,E8,E9,0.496000,387.074000,OK
6,12,adjacent,620,30,32,177,REV,E11,E10,E8,E9,19.094000,365.767000,OK
6,12,adjacent,620,30,32,178,FWD,E10,E11,E12,E1,14.238000,386.795000,OK
6,12,adjacent,620,30,32,179,REV,E11,E10,E12,E1,71.012000,366.206000,OK
6,12,adjacent,620,30,32,180,FWD,E11,E12,E1,E2,-41.574000,237.607000,OK
6,12,adjacent,620,30,32,181,REV,E12,E11,E1,E2,-18.383000,224.759000,OK
6,12,adjacent,620,30,32,182,FWD,E11,E12,E2,E3,27.684000,242.834000,OK
6,12,adjacent,620,30,32,183,REV,E12,E11,E2,E3,34.984000,223.482000,OK
6,12,adjacent,620,30,32,184,FWD,E11,E12,E3,E4,-18.855000,243.472000,OK
6,12,adjacent,620,30,32,185,REV,E12,E11,E3,E4,-14.414000,223.682000,OK
6,12,adjacent,620,30,32,186,FWD,E11,E12,E4,E5,-7.652000,243.313000,OK
6,12,adjacent,620,30,32,187,REV,E12,E11,E4,E5,-4.430000,223.402000,OK
6,12,adjacent,620,30,32,188,FWD,E11,E12,E5,E6,17.430000,243.712000,OK
6,12,adjacent,620,30,32,189,REV,E12,E11,E5,E6,20.191000,223.003000,OK
6,12,adjacent,620,30,32,190,FWD,E11,E12,E6,E7,-0.844000,243.432000,OK
6,12,adjacent,620,30,32,191,REV,E12,E11,E6,E7,4.414000,223.362000,OK
6,12,adjacent,620,30,32,192,FWD,E11,E12,E7,E8,-2.574000,243.472000,OK
6,12,adjacent,620,30,32,193,REV,E12,E11,E7,E8,0.656000,222.924000,OK
6,12,adjacent,620,30,32,194,FWD,E11,E12,E8,E9,6.395000,243.392000,OK
6,12,adjacent,620,30,32,195,REV,E12,E11,E8,E9,12.539000,223.123000,OK
6,12,adjacent,620,30,32,196,FWD,E11,E12,E9,E10,7.305000,243.512000,OK
6,12,adjacent,620,30,32,197,REV,E12,E11,E9,E10,28.551000,223.682000,OK
6,12,adjacent,620,30,32,198,FWD,E12,E1,E2,E3,18.918000,215.582000,OK
6,12,adjacent,620,30,32,199,REV,E1,E12,E2,E3,45.578000,246.106000,OK
6,12,adjacent,620,30,32,200,FWD,E12,E1,E3,E4,-22.527000,220.450000,OK
6,12,adjacent,620,30,32,201,REV,E1,E12,E3,E4,-9.938000,244.629000,OK
6,12,adjacent,620,30,32,202,FWD,E12,E1,E4,E5,-9.324000,220.769000,OK
6,12,adjacent,620,30,32,203,REV,E1,E12,E4,E5,-2.305000,244.071000,OK
6,12,adjacent,620,30,32,204,FWD,E12,E1,E5,E6,16.766000,220.569000,OK
6,12,adjacent,620,30,32,205,REV,E1,E12,E5,E6,21.223000,244.230000,OK
6,12,adjacent,620,30,32,206,FWD,E12,E1,E6,E7,-1.387000,221.088000,OK
6,12,adjacent,620,30,32,207,REV,E1,E12,E6,E7,5.453000,243.672000,OK
6,12,adjacent,620,30,32,208,FWD,E12,E1,E7,E8,-2.445000,221.886000,OK
6,12,adjacent,620,30,32,209,REV,E1,E12,E7,E8,0.770000,243.951000,OK
6,12,adjacent,620,30,32,210,FWD,E12,E1,E8,E9,7.293000,221.048000,OK
6,12,adjacent,620,30,32,211,REV,E1,E12,E8,E9,11.973000,243.991000,OK
6,12,adjacent,620,30,32,212,FWD,E12,E1,E9,E10,12.949000,221.088000,OK
6,12,adjacent,620,30,32,213,REV,E1,E12,E9,E10,24.258000,243.911000,OK
6,12,adjacent,620,30,32,214,FWD,E12,E1,E10,E11,-50.469000,221.248000,OK
6,12,adjacent,620,30,32,215,REV,E1,E12,E10,E11,-14.008000,243.552000,OK
7,13,adjacent,620,30,32,0,FWD,E1,E2,E3,E4,-36.438000,283.333000,OK
7,13,adjacent,620,30,32,1,REV,E2,E1,E3,E4,2.301000,275.233000,OK
7,13,adjacent,620,30,32,2,FWD,E1,E2,E4,E5,-13.441000,288.560000,OK
7,13,adjacent,620,30,32,3,REV,E2,E1,E4,E5,0.926000,272.400000,OK
7,13,adjacent,620,30,32,4,FWD,E1,E2,E5,E6,15.820000,289.757000,OK
7,13,adjacent,620,30,32,5,REV,E2,E1,E5,E6,21.793000,272.839000,OK
7,13,adjacent,620,30,32,6,FWD,E1,E2,E6,E7,-1.348000,289.597000,OK
7,13,adjacent,620,30,32,7,REV,E2,E1,E6,E7,4.812000,272.679000,OK
7,13,adjacent,620,30,32,8,FWD,E1,E2,E7,E8,-1.918000,290.076000,OK
7,13,adjacent,620,30,32,9,REV,E2,E1,E7,E8,0.000000,272.480000,OK
7,13,adjacent,620,30,32,10,FWD,E1,E2,E8,E9,8.520000,290.395000,OK
7,13,adjacent,620,30,32,11,REV,E2,E1,E8,E9,10.414000,272.201000,OK
7,13,adjacent,620,30,32,12,FWD,E1,E2,E9,E10,16.777000,290.116000,OK
7,13,adjacent,620,30,32,13,REV,E2,E1,E9,E10,19.738000,272.520000,OK
7,13,adjacent,620,30,32,14,FWD,E1,E2,E10,E11,-36.289000,289.757000,OK
7,13,adjacent,620,30,32,15,REV,E2,E1,E10,E11,-31.012000,272.161000,OK
7,13,adjacent,620,30,32,16,FWD,E1,E2,E11,E12,-50.590000,290.036000,OK
7,13,adjacent,620,30,32,17,REV,E2,E1,E11,E12,-22.324000,272.001000,OK
7,13,adjacent,620,30,32,18,FWD,E2,E3,E4,E5,-19.918000,263.023000,OK
7,13,adjacent,620,30,32,19,REV,E3,E2,E4,E5,9.227000,294.904000,OK
7,13,adjacent,620,30,32,20,FWD,E2,E3,E5,E6,14.277000,268.809000,OK
7,13,adjacent,620,30,32,21,REV,E3,E2,E5,E6,23.914000,292.949000,OK
7,13,adjacent,620,30,32,22,FWD,E2,E3,E6,E7,-1.941000,269.288000,OK
7,13,adjacent,620,30,32,23,REV,E3,E2,E6,E7,5.855000,292.350000,OK
7,13,adjacent,620,30,32,24,FWD,E2,E3,E7,E8,-1.902000,270.006000,OK
7,13,adjacent,620,30,32,25,REV,E3,E2,E7,E8,0.098000,292.350000,OK
7,13,adjacent,620,30,32,26,FWD,E2,E3,E8,E9,8.727000,270.006000,OK
7,13,adjacent,620,30,32,27,REV,E3,E2,E8,E9,10.332000,291.512000,OK
7,13,adjacent,620,30,32,28,FWD,E2,E3,E9,E10,17.391000,271.043000,OK
7,13,adjacent,620,30,32,29,REV,E3,E2,E9,E10,19.289000,291.672000,OK
7,13,adjacent,620,30,32,30,FWD,E2,E3,E10,E11,-34.813000,270.485000,OK
7,13,adjacent,620,30,32,31,REV,E3,E2,E10,E11,-32.379000,291.712000,OK
7,13,adjacent,620,30,32,32,FWD,E2,E3,E11,E12,-40.492000,270.166000,OK
7,13,adjacent,620,30,32,33,REV,E3,E2,E11,E12,-31.695000,291.552000,OK
7,13,adjacent,620,30,32,34,FWD,E2,E3,E12,E1,28.016000,271.203000,OK
7,13,adjacent,620,30,32,35,REV,E3,E2,E12,E1,60.230000,290.914000,OK
7,13,adjacent,620,30,32,36,FWD,E3,E4,E1,E2,-45.879000,326.904000,OK
7,13,adjacent,620,30,32,37,REV,E4,E3,E1,E2,-2.359000,327.662000,OK
7,13,adjacent,620,30,32,38,FWD,E3,E4,E5,E6,2.871000,333.448000,OK
7,13,adjacent,620,30,32,39,REV,E4,E3,E5,E6,34.469000,326.066000,OK
7,13,adjacent,620,30,32,40,FWD,E3,E4,E6,E7,-7.746000,334.725000,OK
7,13,adjacent,620,30,32,41,REV,E4,E3,E6,E7,10.969000,324.510000,OK
7,13,adjacent,620,30,32,42,FWD,E3,E4,E7,E8,-3.020000,335.323000,OK
7,13,adjacent,620,30,32,43,REV,E4,E3,E7,E8,1.055000,324.191000,OK
7,13,adjacent,620,30,32,44,FWD,E3,E4,E8,E9,8.125000,335.842000,OK
7,13,adjacent,620,30,32,45,REV,E4,E3,E8,E9,10.824000,324.510000,OK
7,13,adjacent,620,30,32,46,FWD,E3,E4,E9,E10,16.969000,335.802000,OK
7,13,adjacent,620,30,32,47,REV,E4,E3,E9,E10,19.598000,324.470000,OK
7,13,adjacent,620,30,32,48,FWD,E3,E4,E10,E11,-35.035000,335.882000,OK
7,13,adjacent,620,30,32,49,REV,E4,E3,E10,E11,-32.496000,323.872000,OK
7,13,adjacent,620,30,32,50,FWD,E3,E4,E11,E12,-39.547000,336.161000,OK
7,13,adjacent,620,30,32,51,REV,E4,E3,E11,E12,-33.211000,323.632000,OK
7,13,adjacent,620,30,32,52,FWD,E3,E4,E12,E1,34.445000,336.001000,OK
7,13,adjacent,620,30,32,53,REV,E4,E3,E12,E1,52.059000,323.991000,OK
7,13,adjacent,620,30,32,54,FWD,E4,E5,E1,E2,-37.133000,333.927000,OK
7,13,adjacent,620,30,32,55,REV,E5,E4,E1,E2,-20.105000,340.430000,OK
7,13,adjacent,620,30,32,56,FWD,E4,E5,E2,E3,16.367000,339.632000,OK
7,13,adjacent,620,30,32,57,REV,E5,E4,E2,E3,50.969000,339.074000,OK
7,13,adjacent,620,30,32,58,FWD,E4,E5,E6,E7,-21.035000,340.590000,OK
7,13,adjacent,620,30,32,59,REV,E5,E4,E6,E7,24.246000,338.355000,OK
7,13,adjacent,620,30,32,60,FWD,E4,E5,E7,E8,-4.914000,341.388000,OK
7,13,adjacent,620,30,32,61,REV,E5,E4,E7,E8,2.926000,337.637000,OK
7,13,adjacent,620,30,32,62,FWD,E4,E5,E8,E9,7.312000,341.228000,OK
7,13,adjacent,620,30,32,63,REV,E5,E4,E8,E9,11.656000,338.236000,OK
7,13,adjacent,620,30,32,64,FWD,E4,E5,E9,E10,16.570000,341.388000,OK
7,13,adjacent,620,30,32,65,REV,E5,E4,E9,E10,19.965000,338.196000,OK
7,13,adjacent,620,30,32,66,FWD,E4,E5,E10,E11,-35.098000,341.388000,OK
7,13,adjacent,620,30,32,67,REV,E5,E4,E10,E11,-32.488000,337.278000,OK
7,13,adjacent,620,30,32,68,FWD,E4,E5,E11,E12,-38.711000,341.867000,OK
7,13,adjacent,620,30,32,69,REV,E5,E4,E11,E12,-34.047000,337.956000,OK
7,13,adjacent,620,30,32,70,FWD,E4,E5,E12,E1,38.297000,341.428000,OK
7,13,adjacent,620,30,32,71,REV,E5,E4,E12,E1,48.539000,337.877000,OK
7,13,adjacent,620,30,32,72,FWD,E5,E6,E1,E2,-33.027000,361.099000,OK
7,13,adjacent,620,30,32,73,REV,E6,E5,E1,E2,-24.875000,393.179000,OK
7,13,adjacent,620,30,32,74,FWD,E5,E6,E2,E3,25.199000,368.919000,OK
7,13,adjacent,620,30,32,75,REV,E6,E5,E2,E3,38.324000,390.785000,OK
7,13,adjacent,620,30,32,76,FWD,E5,E6,E3,E4,-33.477000,370.475000,OK
7,13,adjacent,620,30,32,77,REV,E6,E5,E3,E4,3.016000,389.787000,OK
7,13,adjacent,620,30,32,78,FWD,E5,E6,E7,E8,-10.133000,370.794000,OK
7,13,adjacent,620,30,32,79,REV,E6,E5,E7,E8,8.625000,389.268000,OK
7,13,adjacent,620,30,32,80,FWD,E5,E6,E8,E9,5.234000,371.074000,OK
7,13,adjacent,620,30,32,81,REV,E6,E5,E8,E9,13.969000,388.869000,OK
7,13,adjacent,620,30,32,82,FWD,E5,E6,E9,E10,15.523000,371.433000,OK
7,13,adjacent,620,30,32,83,REV,E6,E5,E9,E10,21.121000,388.790000,OK
7,13,adjacent,620,30,32,84,FWD,E5,E6,E10,E11,-35.496000,371.672000,OK
7,13,adjacent,620,30,32,85,REV,E6,E5,E10,E11,-32.098000,388.590000,OK
7,13,adjacent,620,30,32,86,FWD,E5,E6,E11,E12,-38.625000,371.672000,OK
7,13,adjacent,620,30,32,87,REV,E6,E5,E11,E12,-34.078000,388.470000,OK
7,13,adjacent,620,30,32,88,FWD,E5,E6,E12,E1,39.926000,371.393000,OK
7,13,adjacent,620,30,32,89,REV,E6,E5,E12,E1,47.227000,388.590000,OK
7,13,adjacent,620,30,32,90,FWD,E6,E7,E1,E2,-33.512000,388.391000,OK
7,13,adjacent,620,30,32,91,REV,E7,E6,E1,E2,-24.891000,405.667000,OK
7,13,adjacent,620,30,32,92,FWD,E6,E7,E2,E3,25.953000,396.450000,OK
7,13,adjacent,620,30,32,93,REV,E7,E6,E2,E3,37.055000,402.675000,OK
7,13,adjacent,620,30,32,94,FWD,E6,E7,E3,E4,-27.672000,397.927000,OK
7,13,adjacent,620,30,32,95,REV,E7,E6,E3,E4,-5.039000,402.396000,OK
7,13,adjacent,620,30,32,96,FWD,E6,E7,E4,E5,-30.926000,398.126000,OK
7,13,adjacent,620,30,32,97,REV,E7,E6,E4,E5,22.320000,401.518000,OK
7,13,adjacent,620,30,32,98,FWD,E6,E7,E8,E9,-9.137000,398.645000,OK
7,13,adjacent,620,30,32,99,REV,E7,E6,E8,E9,28.250000,400.879000,OK
7,13,adjacent,620,30,32,100,FWD,E6,E7,E9,E10,9.461000,399.084000,OK
7,13,adjacent,620,30,32,101,REV,E7,E6,E9,E10,27.043000,401.039000,OK
7,13,adjacent,620,30,32,102,FWD,E6,E7,E10,E11,-38.117000,398.884000,OK
7,13,adjacent,620,30,32,103,REV,E7,E6,E10,E11,-29.559000,401.119000,OK
7,13,adjacent,620,30,32,104,FWD,E6,E7,E11,E12,-40.938000,399.164000,OK
7,13,adjacent,620,30,32,105,REV,E7,E6,E11,E12,-31.883000,401.119000,OK
7,13,adjacent,620,30,32,106,FWD,E6,E7,E12,E1,37.602000,399.443000,OK
7,13,adjacent,620,30,32,107,REV,E7,E6,E12,E1,49.398000,400.241000,OK
7,13,adjacent,620,30,32,108,FWD,E7,E8,E1,E2,-30.867000,431.523000,OK
7,13,adjacent,620,30,32,109,REV,E8,E7,E1,E2,-27.777000,454.266000,OK
7,13,adjacent,620,30,32,110,FWD,E7,E8,E2,E3,29.867000,442.376000,OK
7,13,adjacent,620,30,32,111,REV,E8,E7,E2,E3,33.055000,450.715000,OK
7,13,adjacent,620,30,32,112,FWD,E7,E8,E3,E4,-19.199000,444.211000,OK
7,13,adjacent,620,30,32,113,REV,E8,E7,E3,E4,-13.730000,449.478000,OK
7,13,adjacent,620,30,32,114,FWD,E7,E8,E4,E5,-10.668000,444.969000,OK
7,13,adjacent,620,30,32,115,REV,E8,E7,E4,E5,-0.355000,449.199000,OK
7,13,adjacent,620,30,32,116,FWD,E7,E8,E5,E6,8.195000,445.488000,OK
7,13,adjacent,620,30,32,117,REV,E8,E7,E5,E6,30.047000,448.441000,OK
7,13,adjacent,620,30,32,118,FWD,E7,E8,E9,E10,4.719000,446.126000,OK
7,13,adjacent,620,30,32,119,REV,E8,E7,E9,E10,31.625000,448.161000,OK
7,13,adjacent,620,30,32,120,FWD,E7,E8,E10,E11,-38.098000,446.087000,OK
7,13,adjacent,620,30,32,121,REV,E8,E7,E10,E11,-29.668000,448.321000,OK
7,13,adjacent,620,30,32,122,FWD,E7,E8,E11,E12,-39.535000,446.126000,OK
7,13,adjacent,620,30,32,123,REV,E8,E7,E11,E12,-33.285000,448.121000,OK
7,13,adjacent,620,30,32,124,FWD,E7,E8,E12,E1,40.508000,446.605000,OK
7,13,adjacent,620,30,32,125,REV,E8,E7,E12,E1,46.500000,447.603000,OK
7,13,adjacent,620,30,32,126,FWD,E8,E9,E1,E2,-30.875000,441.179000,OK
7,13,adjacent,620,30,32,127,REV,E9,E8,E1,E2,-27.844000,471.583000,OK
7,13,adjacent,620,30,32,128,FWD,E8,E9,E2,E3,30.195000,450.994000,OK
7,13,adjacent,620,30,32,129,REV,E9,E8,E2,E3,32.789000,468.191000,OK
7,13,adjacent,620,30,32,130,FWD,E8,E9,E3,E4,-18.332000,454.067000,OK
7,13,adjacent,620,30,32,131,REV,E9,E8,E3,E4,-14.586000,466.396000,OK
7,13,adjacent,620,30,32,132,FWD,E8,E9,E4,E5,-8.715000,454.705000,OK
7,13,adjacent,620,30,32,133,REV,E9,E8,E4,E5,-2.781000,465.837000,OK
7,13,adjacent,620,30,32,134,FWD,E8,E9,E5,E6,13.617000,455.184000,OK
7,13,adjacent,620,30,32,135,REV,E9,E8,E5,E6,24.152000,465.917000,OK
7,13,adjacent,620,30,32,136,FWD,E8,E9,E6,E7,-18.367000,455.144000,OK
7,13,adjacent,620,30,32,137,REV,E9,E8,E6,E7,24.465000,465.159000,OK
7,13,adjacent,620,30,32,138,FWD,E8,E9,E10,E11,-45.414000,455.343000,OK
7,13,adjacent,620,30,32,139,REV,E9,E8,E10,E11,-22.148000,464.800000,OK
7,13,adjacent,620,30,32,140,FWD,E8,E9,E11,E12,-42.457000,456.341000,OK
7,13,adjacent,620,30,32,141,REV,E9,E8,E11,E12,-30.289000,465.159000,OK
7,13,adjacent,620,30,32,142,FWD,E8,E9,E12,E1,38.938000,455.742000,OK
7,13,adjacent,620,30,32,143,REV,E9,E8,E12,E1,48.141000,464.680000,OK
7,13,adjacent,620,30,32,144,FWD,E9,E10,E1,E2,-31.727000,427.533000,OK
7,13,adjacent,620,30,32,145,REV,E10,E9,E1,E2,-26.965000,478.087000,OK
7,13,adjacent,620,30,32,146,FWD,E9,E10,E2,E3,30.000000,440.660000,OK
7,13,adjacent,620,30,32,147,REV,E10,E9,E2,E3,33.070000,472.700000,OK
7,13,adjacent,620,30,32,148,FWD,E9,E10,E3,E4,-18.250000,443.972000,OK
7,13,adjacent,620,30,32,149,REV,E10,E9,E3,E4,-14.672000,470.346000,OK
7,13,adjacent,620,30,32,150,FWD,E9,E10,E4,E5,-8.090000,445.608000,OK
7,13,adjacent,620,30,32,151,REV,E10,E9,E4,E5,-3.531000,469.588000,OK
7,13,adjacent,620,30,32,152,FWD,E9,E10,E5,E6,15.582000,446.406000,OK
7,13,adjacent,620,30,32,153,REV,E10,E9,E5,E6,22.242000,469.229000,OK
7,13,adjacent,620,30,32,154,FWD,E9,E10,E6,E7,-7.508000,446.326000,OK
7,13,adjacent,620,30,32,155,REV,E10,E9,E6,E7,12.320000,468.670000,OK
7,13,adjacent,620,30,32,156,FWD,E9,E10,E7,E8,-13.551000,447.084000,OK
7,13,adjacent,620,30,32,157,REV,E10,E9,E7,E8,13.633000,467.912000,OK
7,13,adjacent,620,30,32,158,FWD,E9,E10,E11,E12,-56.676000,447.882000,OK
7,13,adjacent,620,30,32,159,REV,E10,E9,E11,E12,-15.398000,467.752000,OK
7,13,adjacent,620,30,32,160,FWD,E9,E10,E12,E1,32.910000,447.523000,OK
7,13,adjacent,620,30,32,161,REV,E10,E9,E12,E1,54.582000,467.992000,OK
7,13,adjacent,620,30,32,162,FWD,E10,E11,E1,E2,-32.980000,371.473000,OK
7,13,adjacent,620,30,32,163,REV,E11,E10,E1,E2,-26.078000,371.353000,OK
7,13,adjacent,620,30,32,164,FWD,E10,E11,E2,E3,29.848000,384.361000,OK
7,13,adjacent,620,30,32,165,REV,E11,E10,E2,E3,33.023000,366.765000,OK
7,13,adjacent,620,30,32,166,FWD,E10,E11,E3,E4,-17.973000,385.917000,OK
7,13,adjacent,620,30,32,167,REV,E11,E10,E3,E4,-15.137000,366.086000,OK
7,13,adjacent,620,30,32,168,FWD,E10,E11,E4,E5,-7.391000,386.396000,OK
7,13,adjacent,620,30,32,169,REV,E11,E10,E4,E5,-4.551000,366.126000,OK
7,13,adjacent,620,30,32,170,FWD,E10,E11,E5,E6,17.164000,387.194000,OK
7,13,adjacent,620,30,32,171,REV,E11,E10,E5,E6,20.457000,365.927000,OK
7,13,adjacent,620,30,32,172,FWD,E10,E11,E6,E7,-2.082000,386.914000,OK
7,13,adjacent,620,30,32,173,REV,E11,E10,E6,E7,5.840000,365.887000,OK
7,13,adjacent,620,30,32,174,FWD,E10,E11,E7,E8,-4.289000,386.914000,OK
7,13,adjacent,620,30,32,175,REV,E11,E10,E7,E8,2.688000,365.767000,OK
7,13,adjacent,620,30,32,176,FWD,E10,E11,E8,E9,0.668000,386.914000,OK
7,13,adjacent,620,30,32,177,REV,E11,E10,E8,E9,19.273000,365.488000,OK
7,13,adjacent,620,30,32,178,FWD,E10,E11,E12,E1,14.180000,386.914000,OK
7,13,adjacent,620,30,32,179,REV,E11,E10,E12,E1,70.965000,365.927000,OK
7,13,adjacent,620,30,32,180,FWD,E11,E12,E1,E2,-41.602000,237.208000,OK
7,13,adjacent,620,30,32,181,REV,E12,E11,E1,E2,-18.391000,225.597000,OK
7,13,adjacent,620,30,32,182,FWD,E11,E12,E2,E3,27.699000,242.754000,OK
7,13,adjacent,620,30,32,183,REV,E12,E11,E2,E3,34.984000,223.243000,OK
7,13,adjacent,620,30,32,184,FWD,E11,E12,E3,E4,-18.871000,243.592000,OK
7,13,adjacent,620,30,32,185,REV,E12,E11,E3,E4,-14.395000,223.123000,OK
7,13,adjacent,620,30,32,186,FWD,E11,E12,E4,E5,-7.652000,243.432000,OK
7,13,adjacent,620,30,32,187,REV,E12,E11,E4,E5,-4.441000,223.642000,OK
7,13,adjacent,620,30,32,188,FWD,E11,E12,E5,E6,17.449000,243.712000,OK
7,13,adjacent,620,30,32,189,REV,E12,E11,E5,E6,20.211000,223.522000,OK
7,13,adjacent,620,30,32,190,FWD,E11,E12,E6,E7,-0.844000,243.632000,OK
7,13,adjacent,620,30,32,191,REV,E12,E11,E6,E7,4.426000,223.083000,OK
7,13,adjacent,620,30,32,192,FWD,E11,E12,E7,E8,-2.520000,243.712000,OK
7,13,adjacent,620,30,32,193,REV,E12,E11,E7,E8,0.762000,223.482000,OK
7,13,adjacent,620,30,32,194,FWD,E11,E12,E8,E9,6.551000,243.472000,OK
7,13,adjacent,620,30,32,195,REV,E12,E11,E8,E9,12.707000,223.283000,OK
7,13,adjacent,620,30,32,196,FWD,E11,E12,E9,E10,7.148000,243.313000,OK
7,13,adjacent,620,30,32,197,REV,E12,E11,E9,E10,28.336000,223.003000,OK
7,13,adjacent,620,30,32,198,FWD,E12,E1,E2,E3,18.930000,215.382000,OK
7,13,adjacent,620,30,32,199,REV,E1,E12,E2,E3,45.535000,246.624000,OK
7,13,adjacent,620,30,32,200,FWD,E12,E1,E3,E4,-22.492000,220.210000,OK
7,13,adjacent,620,30,32,201,REV,E1,E12,E3,E4,-9.934000,244.789000,OK
7,13,adjacent,620,30,32,202,FWD,E12,E1,E4,E5,-9.340000,220.769000,OK
7,13,adjacent,620,30,32,203,REV,E1,E12,E4,E5,-2.305000,244.031000,OK
7,13,adjacent,620,30,32,204,FWD,E12,E1,E5,E6,16.754000,221.208000,OK
7,13,adjacent,620,30,32,205,REV,E1,E12,E5,E6,21.230000,244.111000,OK
7,13,adjacent,620,30,32,206,FWD,E12,E1,E6,E7,-1.391000,220.849000,OK
7,13,adjacent,620,30,32,207,REV,E1,E12,E6,E7,5.453000,244.350000,OK
7,13,adjacent,620,30,32,208,FWD,E12,E1,E7,E8,-2.379000,221.128000,OK
7,13,adjacent,620,30,32,209,REV,E1,E12,E7,E8,0.836000,243.911000,OK
7,13,adjacent,620,30,32,210,FWD,E12,E1,E8,E9,7.473000,221.407000,OK
7,13,adjacent,620,30,32,211,REV,E1,E12,E8,E9,12.113000,243.911000,OK
7,13,adjacent,620,30,32,212,FWD,E12,E1,E9,E10,12.715000,221.407000,OK
7,13,adjacent,620,30,32,213,REV,E1,E12,E9,E10,24.035000,243.871000,OK
7,13,adjacent,620,30,32,214,FWD,E12,E1,E10,E11,-50.465000,220.849000,OK
7,13,adjacent,620,30,32,215,REV,E1,E12,E10,E11,-14.035000,243.712000,OK
8,14,adjacent,620,30,32,0,FWD,E1,E2,E3,E4,-36.473000,283.373000,OK
8,14,adjacent,620,30,32,1,REV,E2,E1,E3,E4,2.289000,275.073000,OK
8,14,adjacent,620,30,32,2,FWD,E1,E2,E4,E5,-13.418000,288.799000,OK
8,14,adjacent,620,30,32,3,REV,E2,E1,E4,E5,0.918000,273.198000,OK
8,14,adjacent,620,30,32,4,FWD,E1,E2,E5,E6,15.805000,289.318000,OK
8,14,adjacent,620,30,32,5,REV,E2,E1,E5,E6,21.805000,272.480000,OK
8,14,adjacent,620,30,32,6,FWD,E1,E2,E6,E7,-1.336000,289.757000,OK
8,14,adjacent,620,30,32,7,REV,E2,E1,E6,E7,4.809000,272.320000,OK
8,14,adjacent,620,30,32,8,FWD,E1,E2,E7,E8,-1.867000,289.637000,OK
8,14,adjacent,620,30,32,9,REV,E2,E1,E7,E8,0.059000,272.799000,OK
8,14,adjacent,620,30,32,10,FWD,E1,E2,E8,E9,8.668000,289.797000,OK
8,14,adjacent,620,30,32,11,REV,E2,E1,E8,E9,10.555000,271.921000,OK
8,14,adjacent,620,30,32,12,FWD,E1,E2,E9,E10,16.566000,290.116000,OK
8,14,adjacent,620,30,32,13,REV,E2,E1,E9,E10,19.512000,272.201000,OK
8,14,adjacent,620,30,32,14,FWD,E1,E2,E10,E11,-36.316000,290.156000,OK
8,14,adjacent,620,30,32,15,REV,E2,E1,E10,E11,-31.016000,272.360000,OK
8,14,adjacent,620,30,32,16,FWD,E1,E2,E11,E12,-50.547000,289.637000,OK
8,14,adjacent,620,30,32,17,REV,E2,E1,E11,E12,-22.328000,272.320000,OK
8,14,adjacent,620,30,32,18,FWD,E2,E3,E4,E5,-19.953000,263.143000,OK
8,14,adjacent,620,30,32,19,REV,E3,E2,E4,E5,9.242000,294.704000,OK
8,14,adjacent,620,30,32,20,FWD,E2,E3,E5,E6,14.336000,268.809000,OK
8,14,adjacent,620,30,32,21,REV,E3,E2,E5,E6,23.926000,293.188000,OK
8,14,adjacent,620,30,32,22,FWD,E2,E3,E6,E7,-1.937000,269.288000,OK
8,14,adjacent,620,30,32,23,REV,E3,E2,E6,E7,5.852000,292.510000,OK
8,14,adjacent,620,30,32,24,FWD,E2,E3,E7,E8,-1.852000,269.966000,OK
8,14,adjacent,620,30,32,25,REV,E3,E2,E7,E8,0.168000,292.390000,OK
8,14,adjacent,620,30,32,26,FWD,E2,E3,E8,E9,8.883000,270.445000,OK
8,14,adjacent,620,30,32,27,REV,E3,E2,E8,E9,10.465000,291.473000,OK
8,14,adjacent,620,30,32,28,FWD,E2,E3,E9,E10,17.172000,270.445000,OK
8,14,adjacent,620,30,32,29,REV,E3,E2,E9,E10,19.086000,291.672000,OK
8,14,adjacent,620,30,32,30,FWD,E2,E3,E10,E11,-34.824000,270.644000,OK
8,14,adjacent,620,30,32,31,REV,E3,E2,E10,E11,-32.434000,291.512000,OK
8,14,adjacent,620,30,32,32,FWD,E2,E3,E11,E12,-40.457000,270.644000,OK
8,14,adjacent,620,30,32,33,REV,E3,E2,E11,E12,-31.637000,291.353000,OK
8,14,adjacent,620,30,32,34,FWD,E2,E3,E12,E1,27.906000,270.325000,OK
8,14,adjacent,620,30,32,35,REV,E3,E2,E12,E1,60.309000,291.233000,OK
8,14,adjacent,620,30,32,36,FWD,E3,E4,E1,E2,-45.871000,326.824000,OK
8,14,adjacent,620,30,32,37,REV,E4,E3,E1,E2,-2.387000,327.702000,OK
8,14,adjacent,620,30,32,38,FWD,E3,E4,E5,E6,2.813000,333.927000,OK
8,14,adjacent,620,30,32,39,REV,E4,E3,E5,E6,34.504000,325.428000,OK
8,14,adjacent,620,30,32,40,FWD,E3,E4,E6,E7,-7.773000,334.964000,OK
8,14,adjacent,620,30,32,41,REV,E4,E3,E6,E7,10.957000,325.308000,OK
8,14,adjacent,620,30,32,42,FWD,E3,E4,E7,E8,-2.918000,335.602000,OK
8,14,adjacent,620,30,32,43,REV,E4,E3,E7,E8,1.117000,324.789000,OK
8,14,adjacent,620,30,32,44,FWD,E3,E4,E8,E9,8.258000,335.762000,OK
8,14,adjacent,620,30,32,45,REV,E4,E3,E8,E9,10.973000,323.912000,OK
8,14,adjacent,620,30,32,46,FWD,E3,E4,E9,E10,16.754000,335.961000,OK
8,14,adjacent,620,30,32,47,REV,E4,E3,E9,E10,19.387000,324.191000,OK
8,14,adjacent,620,30,32,48,FWD,E3,E4,E10,E11,-35.047000,335.523000,OK
8,14,adjacent,620,30,32,49,REV,E4,E3,E10,E11,-32.504000,324.470000,OK
8,14,adjacent,620,30,32,50,FWD,E3,E4,E11,E12,-39.531000,336.440000,OK
8,14,adjacent,620,30,32,51,REV,E4,E3,E11,E12,-33.191000,323.792000,OK
8,14,adjacent,620,30,32,52,FWD,E3,E4,E12,E1,34.371000,336.520000,OK
8,14,adjacent,620,30,32,53,REV,E4,E3,E12,E1,52.094000,323.792000,OK
8,14,adjacent,620,30,32,54,FWD,E4,E5,E1,E2,-37.133000,333.647000,OK
8,14,adjacent,620,30,32,55,REV,E5,E4,E1,E2,-20.105000,340.749000,OK
8,14,adjacent,620,30,32,56,FWD,E4,E5,E2,E3,16.445000,339.672000,OK
8,14,adjacent,620,30,32,57,REV,E5,E4,E2,E3,50.898000,338.754000,OK
8,14,adjacent,620,30,32,58,FWD,E4,E5,E6,E7,-21.031000,340.670000,OK
8,14,adjacent,620,30,32,59,REV,E5,E4,E6,E7,24.207000,338.316000,OK
8,14,adjacent,620,30,32,60,FWD,E4,E5,E7,E8,-4.812000,341.348000,OK
8,14,adjacent,620,30,32,61,REV,E5,E4,E7,E8,3.004000,338.156000,OK
8,14,adjacent,620,30,32,62,FWD,E4,E5,E8,E9,7.453000,340.989000,OK
8,14,adjacent,620,30,32,63,REV,E5,E4,E8,E9,11.824000,338.036000,OK
8,14,adjacent,620,30,32,64,FWD,E4,E5,E9,E10,16.355000,341.508000,OK
8,14,adjacent,620,30,32,65,REV,E5,E4,E9,E10,19.770000,337.837000,OK
8,14,adjacent,620,30,32,66,FWD,E4,E5,E10,E11,-35.102000,341.188000,OK
8,14,adjacent,620,30,32,67,REV,E5,E4,E10,E11,-32.504000,337.637000,OK
8,14,adjacent,620,30,32,68,FWD,E4,E5,E11,E12,-38.680000,341.747000,OK
8,14,adjacent,620,30,32,69,REV,E5,E4,E11,E12,-34.043000,337.637000,OK
8,14,adjacent,620,30,32,70,FWD,E4,E5,E12,E1,38.320000,341.627000,OK
8,14,adjacent,620,30,32,71,REV,E5,E4,E12,E1,48.523000,337.478000,OK
8,14,adjacent,620,30,32,72,FWD,E5,E6,E1,E2,-33.027000,360.859000,OK
8,14,adjacent,620,30,32,73,REV,E6,E5,E1,E2,-24.895000,393.298000,OK
8,14,adjacent,620,30,32,74,FWD,E5,E6,E2,E3,25.191000,368.560000,OK
8,14,adjacent,620,30,32,75,REV,E6,E5,E2,E3,38.297000,390.465000,OK
8,14,adjacent,620,30,32,76,FWD,E5,E6,E3,E4,-33.453000,370.196000,OK
8,14,adjacent,620,30,32,77,REV,E6,E5,E3,E4,3.020000,389.548000,OK
8,14,adjacent,620,30,32,78,FWD,E5,E6,E7,E8,-10.039000,371.154000,OK
8,14,adjacent,620,30,32,79,REV,E6,E5,E7,E8,8.684000,389.548000,OK
8,14,adjacent,620,30,32,80,FWD,E5,E6,E8,E9,5.363000,370.914000,OK
8,14,adjacent,620,30,32,81,REV,E6,E5,E8,E9,14.117000,389.149000,OK
8,14,adjacent,620,30,32,82,FWD,E5,E6,E9,E10,15.320000,371.513000,OK
8,14,adjacent,620,30,32,83,REV,E6,E5,E9,E10,20.965000,388.590000,OK
8,14,adjacent,620,30,32,84,FWD,E5,E6,E10,E11,-35.516000,371.353000,OK
8,14,adjacent,620,30,32,85,REV,E6,E5,E10,E11,-32.094000,388.430000,OK
8,14,adjacent,620,30,32,86,FWD,E5,E6,E11,E12,-38.574000,371.313000,OK
8,14,adjacent,620,30,32,87,REV,E6,E5,E11,E12,-34.039000,388.949000,OK
8,14,adjacent,620,30,32,88,FWD,E5,E6,E12,E1,39.938000,371.792000,OK
8,14,adjacent,620,30,32,89,REV,E6,E5,E12,E1,47.176000,388.351000,OK
8,14,adjacent,620,30,32,90,FWD,E6,E7,E1,E2,-33.504000,388.670000,OK
8,14,adjacent,620,30,32,91,REV,E7,E6,E1,E2,-24.891000,405.308000,OK
8,14,adjacent,620,30,32,92,FWD,E6,E7,E2,E3,25.941000,396.450000,OK
8,14,adjacent,620,30,32,93,REV,E7,E6,E2,E3,37.035000,402.954000,OK
8,14,adjacent,620,30,32,94,FWD,E6,E7,E3,E4,-27.633000,397.488000,OK
8,14,adjacent,620,30,32,95,REV,E7,E6,E3,E4,-5.012000,401.957000,OK
8,14,adjacent,620,30,32,96,FWD,E6,E7,E4,E5,-30.945000,398.366000,OK
8,14,adjacent,620,30,32,97,REV,E7,E6,E4,E5,22.312000,401.518000,OK
8,14,adjacent,620,30,32,98,FWD,E6,E7,E8,E9,-9.000000,398.844000,OK
8,14,adjacent,620,30,32,99,REV,E7,E6,E8,E9,28.379000,400.959000,OK
8,14,adjacent,620,30,32,100,FWD,E6,E7,E9,E10,9.281000,399.004000,OK
8,14,adjacent,620,30,32,101,REV,E7,E6,E9,E10,26.875000,401.358000,OK
8,14,adjacent,620,30,32,102,FWD,E6,E7,E10,E11,-38.133000,399.164000,OK
8,14,adjacent,620,30,32,103,REV,E7,E6,E10,E11,-29.613000,400.760000,OK
8,14,adjacent,620,30,32,104,FWD,E6,E7,E11,E12,-40.879000,399.004000,OK
8,14,adjacent,620,30,32,105,REV,E7,E6,E11,E12,-31.836000,400.999000,OK
8,14,adjacent,620,30,32,106,FWD,E6,E7,E12,E1,37.598000,398.924000,OK
8,14,adjacent,620,30,32,107,REV,E7,E6,E12,E1,49.348000,400.720000,OK
8,14,adjacent,620,30,32,108,FWD,E7,E8,E1,E2,-30.859000,431.683000,OK
8,14,adjacent,620,30,32,109,REV,E8,E7,E1,E2,-27.777000,454.067000,OK
8,14,adjacent,620,30,32,110,FWD,E7,E8,E2,E3,29.883000,442.176000,OK
8,14,adjacent,620,30,32,111,REV,E8,E7,E2,E3,33.059000,450.875000,OK
8,14,adjacent,620,30,32,112,FWD,E7,E8,E3,E4,-19.164000,444.052000,OK
8,14,adjacent,620,30,32,113,REV,E8,E7,E3,E4,-13.688000,449.598000,OK
8,14,adjacent,620,30,32,114,FWD,E7,E8,E4,E5,-10.676000,445.129000,OK
8,14,adjacent,620,30,32,115,REV,E8,E7,E4,E5,-0.375000,448.800000,OK
8,14,adjacent,620,30,32,116,FWD,E7,E8,E5,E6,8.195000,445.967000,OK
8,14,adjacent,620,30,32,117,REV,E8,E7,E5,E6,30.051000,448.720000,OK
8,14,adjacent,620,30,32,118,FWD,E7,E8,E9,E10,4.566000,445.408000,OK
8,14,adjacent,620,30,32,119,REV,E8,E7,E9,E10,31.473000,448.919000,OK
8,14,adjacent,620,30,32,120,FWD,E7,E8,E10,E11,-38.102000,446.246000,OK
8,14,adjacent,620,30,32,121,REV,E8,E7,E10,E11,-29.687000,448.002000,OK
8,14,adjacent,620,30,32,122,FWD,E7,E8,E11,E12,-39.535000,446.446000,OK
8,14,adjacent,620,30,32,123,REV,E8,E7,E11,E12,-33.258000,448.082000,OK
8,14,adjacent,620,30,32,124,FWD,E7,E8,E12,E1,40.457000,445.967000,OK
8,14,adjacent,620,30,32,125,REV,E8,E7,E12,E1,46.457000,448.201000,OK
8,14,adjacent,620,30,32,126,FWD,E8,E9,E1,E2,-30.871000,440.780000,OK
8,14,adjacent,620,30,32,127,REV,E9,E8,E1,E2,-27.863000,471.503000,OK
8,14,adjacent,620,30,32,128,FWD,E8,E9,E2,E3,30.191000,451.952000,OK
8,14,adjacent,620,30,32,129,REV,E9,E8,E2,E3,32.766000,467.792000,OK
8,14,adjacent,620,30,32,130,FWD,E8,E9,E3,E4,-18.305000,453.388000,OK
8,14,adjacent,620,30,32,131,REV,E9,E8,E3,E4,-14.559000,466.715000,OK
8,14,adjacent,620,30,32,132,FWD,E8,E9,E4,E5,-8.723000,454.107000,OK
8,14,adjacent,620,30,32,133,REV,E9,E8,E4,E5,-2.797000,466.077000,OK
8,14,adjacent,620,30,32,134,FWD,E8,E9,E5,E6,13.613000,455.064000,OK
8,14,adjacent,620,30,32,135,REV,E9,E8,E5,E6,24.168000,465.478000,OK
8,14,adjacent,620,30,32,136,FWD,E8,E9,E6,E7,-18.434000,455.503000,OK
8,14,adjacent,620,30,32,137,REV,E9,E8,E6,E7,24.477000,465.159000,OK
8,14,adjacent,620,30,32,138,FWD,E8,E9,E10,E11,-45.473000,455.623000,OK
8,14,adjacent,620,30,32,139,REV,E9,E8,E10,E11,-22.148000,464.800000,OK
8,14,adjacent,620,30,32,140,FWD,E8,E9,E11,E12,-42.445000,455.822000,OK
8,14,adjacent,620,30,32,141,REV,E9,E8,E11,E12,-30.277000,465.039000,OK
8,14,adjacent,620,30,32,142,FWD,E8,E9,E12,E1,38.906000,455.623000,OK
8,14,adjacent,620,30,32,143,REV,E9,E8,E12,E1,48.125000,464.720000,OK
8,14,adjacent,620,30,32,144,FWD,E9,E10,E1,E2,-31.719000,427.573000,OK
8,14,adjacent,620,30,32,145,REV,E10,E9,E1,E2,-26.965000,478.206000,OK
8,14,adjacent,620,30,32,146,FWD,E9,E10,E2,E3,29.965000,441.698000,OK
8,14,adjacent,620,30,32,147,REV,E10,E9,E2,E3,33.051000,472.580000,OK
8,14,adjacent,620,30,32,148,FWD,E9,E10,E3,E4,-18.211000,444.052000,OK
8,14,adjacent,620,30,32,149,REV,E10,E9,E3,E4,-14.645000,471.024000,OK
8,14,adjacent,620,30,32,150,FWD,E9,E10,E4,E5,-8.109000,445.807000,OK
8,14,adjacent,620,30,32,151,REV,E10,E9,E4,E5,-3.551000,469.428000,OK
8,14,adjacent,620,30,32,152,FWD,E9,E10,E5,E6,15.598000,446.565000,OK
8,14,adjacent,620,30,32,153,REV,E10,E9,E5,E6,22.246000,468.511000,OK
8,14,adjacent,620,30,32,154,FWD,E9,E10,E6,E7,-7.492000,447.124000,OK
8,14,adjacent,620,30,32,155,REV,E10,E9,E6,E7,12.285000,468.830000,OK
8,14,adjacent,620,30,32,156,FWD,E9,E10,E7,E8,-13.500000,447.044000,OK
8,14,adjacent,620,30,32,157,REV,E10,E9,E7,E8,13.703000,468.670000,OK
8,14,adjacent,620,30,32,158,FWD,E9,E10,E11,E12,-56.660000,447.922000,OK
8,14,adjacent,620,30,32,159,REV,E10,E9,E11,E12,-15.391000,467.513000,OK
8,14,adjacent,620,30,32,160,FWD,E9,E10,E12,E1,32.840000,448.042000,OK
8,14,adjacent,620,30,32,161,REV,E10,E9,E12,E1,54.516000,467.353000,OK
8,14,adjacent,620,30,32,162,FWD,E10,E11,E1,E2,-32.980000,371.473000,OK
8,14,adjacent,620,30,32,163,REV,E11,E10,E1,E2,-26.082000,371.473000,OK
8,14,adjacent,620,30,32,164,FWD,E10,E11,E2,E3,29.836000,383.682000,OK
8,14,adjacent,620,30,32,165,REV,E11,E10,E2,E3,33.035000,367.443000,OK
8,14,adjacent,620,30,32,166,FWD,E10,E11,E3,E4,-17.941000,386.356000,OK
8,14,adjacent,620,30,32,167,REV,E11,E10,E3,E4,-15.129000,366.006000,OK
8,14,adjacent,620,30,32,168,FWD,E10,E11,E4,E5,-7.402000,386.635000,OK
8,14,adjacent,620,30,32,169,REV,E11,E10,E4,E5,-4.586000,366.086000,OK
8,14,adjacent,620,30,32,170,FWD,E10,E11,E5,E6,17.180000,386.475000,OK
8,14,adjacent,620,30,32,171,REV,E11,E10,E5,E6,20.492000,365.927000,OK
8,14,adjacent,620,30,32,172,FWD,E10,E11,E6,E7,-2.059000,387.114000,OK
8,14,adjacent,620,30,32,173,REV,E11,E10,E6,E7,5.824000,365.807000,OK
8,14,adjacent,620,30,32,174,FWD,E10,E11,E7,E8,-4.250000,387.233000,OK
8,14,adjacent,620,30,32,175,REV,E11,E10,E7,E8,2.719000,365.687000,OK
8,14,adjacent,620,30,32,176,FWD,E10,E11,E8,E9,0.785000,386.914000,OK
8,14,adjacent,620,30,32,177,REV,E11,E10,E8,E9,19.344000,365.847000,OK
8,14,adjacent,620,30,32,178,FWD,E10,E11,E12,E1,14.105000,386.994000,OK
8,14,adjacent,620,30,32,179,REV,E11,E10,E12,E1,70.887000,365.488000,OK
8,14,adjacent,620,30,32,180,FWD,E11,E12,E1,E2,-41.578000,237.288000,OK
8,14,adjacent,620,30,32,181,REV,E12,E11,E1,E2,-18.391000,225.198000,OK
8,14,adjacent,620,30,32,182,FWD,E11,E12,E2,E3,27.684000,242.714000,OK
8,14,adjacent,620,30,32,183,REV,E12,E11,E2,E3,34.973000,223.323000,OK
8,14,adjacent,620,30,32,184,FWD,E11,E12,E3,E4,-18.840000,243.472000,OK
8,14,adjacent,620,30,32,185,REV,E12,E11,E3,E4,-14.395000,223.163000,OK
8,14,adjacent,620,30,32,186,FWD,E11,E12,E4,E5,-7.668000,243.512000,OK
8,14,adjacent,620,30,32,187,REV,E12,E11,E4,E5,-4.457000,223.243000,OK
8,14,adjacent,620,30,32,188,FWD,E11,E12,E5,E6,17.473000,243.472000,OK
8,14,adjacent,620,30,32,189,REV,E12,E11,E5,E6,20.227000,223.402000,OK
8,14,adjacent,620,30,32,190,FWD,E11,E12,E6,E7,-0.844000,243.672000,OK
8,14,adjacent,620,30,32,191,REV,E12,E11,E6,E7,4.402000,222.804000,OK
8,14,adjacent,620,30,32,192,FWD,E11,E12,E7,E8,-2.449000,243.712000,OK
8,14,adjacent,620,30,32,193,REV,E12,E11,E7,E8,0.801000,223.602000,OK
8,14,adjacent,620,30,32,194,FWD,E11,E12,E8,E9,6.660000,243.273000,OK
8,14,adjacent,620,30,32,195,REV,E12,E11,E8,E9,12.801000,223.801000,OK
8,14,adjacent,620,30,32,196,FWD,E11,E12,E9,E10,6.980000,243.791000,OK
8,14,adjacent,620,30,32,197,REV,E12,E11,E9,E10,28.164000,223.043000,OK
8,14,adjacent,620,30,32,198,FWD,E12,E1,E2,E3,18.906000,215.821000,OK
8,14,adjacent,620,30,32,199,REV,E1,E12,E2,E3,45.551000,246.505000,OK
8,14,adjacent,620,30,32,200,FWD,E12,E1,E3,E4,-22.453000,219.692000,OK
8,14,adjacent,620,30,32,201,REV,E1,E12,E3,E4,-9.930000,245.148000,OK
8,14,adjacent,620,30,32,202,FWD,E12,E1,E4,E5,-9.348000,221.208000,OK
8,14,adjacent,620,30,32,203,REV,E1,E12,E4,E5,-2.316000,244.590000,OK
8,14,adjacent,620,30,32,204,FWD,E12,E1,E5,E6,16.785000,221.687000,OK
8,14,adjacent,620,30,32,205,REV,E1,E12,E5,E6,21.270000,244.191000,OK
8,14,adjacent,620,30,32,206,FWD,E12,E1,E6,E7,-1.395000,221.328000,OK
8,14,adjacent,620,30,32,207,REV,E1,E12,E6,E7,5.445000,244.111000,OK
8,14,adjacent,620,30,32,208,FWD,E12,E1,E7,E8,-2.320000,221.168000,OK
8,14,adjacent,620,30,32,209,REV,E1,E12,E7,E8,0.875000,244.031000,OK
8,14,adjacent,620,30,32,210,FWD,E12,E1,E8,E9,7.578000,221.367000,OK
8,14,adjacent,620,30,32,211,REV,E1,E12,E8,E9,12.234000,243.712000,OK
8,14,adjacent,620,30,32,212,FWD,E12,E1,E9,E10,12.598000,221.607000,OK
8,14,adjacent,620,30,32,213,REV,E1,E12,E9,E10,23.914000,243.991000,OK
8,14,adjacent,620,30,32,214,FWD,E12,E1,E10,E11,-50.496000,221.088000,OK
8,14,adjacent,620,30,32,215,REV,E1,E12,E10,E11,-14.090000,243.791000,OK
9,15,adjacent,620,30,32,0,FWD,E1,E2,E3,E4,-36.473000,283.492000,OK
9,15,adjacent,620,30,32,1,REV,E2,E1,E3,E4,2.340000,274.635000,OK
9,15,adjacent,620,30,32,2,FWD,E1,E2,E4,E5,-13.449000,288.161000,OK
9,15,adjacent,620,30,32,3,REV,E2,E1,E4,E5,0.898000,273.078000,OK
9,15,adjacent,620,30,32,4,FWD,E1,E2,E5,E6,15.820000,289.278000,OK
9,15,adjacent,620,30,32,5,REV,E2,E1,E5,E6,21.789000,272.400000,OK
9,15,adjacent,620,30,32,6,FWD,E1,E2,E6,E7,-1.348000,289.797000,OK
9,15,adjacent,620,30,32,7,REV,E2,E1,E6,E7,4.781000,272.240000,OK
9,15,adjacent,620,30,32,8,FWD,E1,E2,E7,E8,-1.828000,290.076000,OK
9,15,adjacent,620,30,32,9,REV,E2,E1,E7,E8,0.094000,272.440000,OK
9,15,adjacent,620,30,32,10,FWD,E1,E2,E8,E9,8.773000,289.637000,OK
9,15,adjacent,620,30,32,11,REV,E2,E1,E8,E9,10.676000,272.400000,OK
9,15,adjacent,620,30,32,12,FWD,E1,E2,E9,E10,16.422000,290.036000,OK
9,15,adjacent,620,30,32,13,REV,E2,E1,E9,E10,19.402000,271.722000,OK
9,15,adjacent,620,30,32,14,FWD,E1,E2,E10,E11,-36.320000,290.116000,OK
9,15,adjacent,620,30,32,15,REV,E2,E1,E10,E11,-31.047000,272.201000,OK
9,15,adjacent,620,30,32,16,FWD,E1,E2,E11,E12,-50.508000,290.275000,OK
9,15,adjacent,620,30,32,17,REV,E2,E1,E11,E12,-22.355000,272.520000,OK
9,15,adjacent,620,30,32,18,FWD,E2,E3,E4,E5,-20.000000,262.904000,OK
9,15,adjacent,620,30,32,19,REV,E3,E2,E4,E5,9.184000,294.904000,OK
9,15,adjacent,620,30,32,20,FWD,E2,E3,E5,E6,14.371000,268.729000,OK
9,15,adjacent,620,30,32,21,REV,E3,E2,E5,E6,23.895000,293.308000,OK
9,15,adjacent,620,30,32,22,FWD,E2,E3,E6,E7,-1.949000,269.088000,OK
9,15,adjacent,620,30,32,23,REV,E3,E2,E6,E7,5.852000,291.951000,OK
9,15,adjacent,620,30,32,24,FWD,E2,E3,E7,E8,-1.820000,270.206000,OK
9,15,adjacent,620,30,32,25,REV,E3,E2,E7,E8,0.203000,291.991000,OK
9,15,adjacent,620,30,32,26,FWD,E2,E3,E8,E9,8.992000,270.365000,OK
9,15,adjacent,620,30,32,27,REV,E3,E2,E8,E9,10.574000,292.191000,OK
9,15,adjacent,620,30,32,28,FWD,E2,E3,E9,E10,17.055000,270.325000,OK
9,15,adjacent,620,30,32,29,REV,E3,E2,E9,E10,18.961000,291.632000,OK
9,15,adjacent,620,30,32,30,FWD,E2,E3,E10,E11,-34.891000,270.964000,OK
9,15,adjacent,620,30,32,31,REV,E3,E2,E10,E11,-32.438000,291.233000,OK
9,15,adjacent,620,30,32,32,FWD,E2,E3,E11,E12,-40.406000,270.724000,OK
9,15,adjacent,620,30,32,33,REV,E3,E2,E11,E12,-31.621000,291.672000,OK
9,15,adjacent,620,30,32,34,FWD,E2,E3,E12,E1,27.922000,270.525000,OK
9,15,adjacent,620,30,32,35,REV,E3,E2,E12,E1,60.223000,291.552000,OK
9,15,adjacent,620,30,32,36,FWD,E3,E4,E1,E2,-45.879000,327.263000,OK
9,15,adjacent,620,30,32,37,REV,E4,E3,E1,E2,-2.371000,327.702000,OK
9,15,adjacent,620,30,32,38,FWD,E3,E4,E5,E6,2.895000,334.166000,OK
9,15,adjacent,620,30,32,39,REV,E4,E3,E5,E6,34.500000,325.986000,OK
9,15,adjacent,620,30,32,40,FWD,E3,E4,E6,E7,-7.773000,335.044000,OK
9,15,adjacent,620,30,32,41,REV,E4,E3,E6,E7,10.941000,325.228000,OK
9,15,adjacent,620,30,32,42,FWD,E3,E4,E7,E8,-2.922000,335.602000,OK
9,15,adjacent,620,30,32,43,REV,E4,E3,E7,E8,1.125000,324.630000,OK
9,15,adjacent,620,30,32,44,FWD,E3,E4,E8,E9,8.387000,335.882000,OK
9,15,adjacent,620,30,32,45,REV,E4,E3,E8,E9,11.074000,324.231000,OK
9,15,adjacent,620,30,32,46,FWD,E3,E4,E9,E10,16.648000,336.241000,OK
9,15,adjacent,620,30,32,47,REV,E4,E3,E9,E10,19.246000,324.510000,OK
9,15,adjacent,620,30,32,48,FWD,E3,E4,E10,E11,-35.051000,336.161000,OK
9,15,adjacent,620,30,32,49,REV,E4,E3,E10,E11,-32.523000,324.350000,OK
9,15,adjacent,620,30,32,50,FWD,E3,E4,E11,E12,-39.523000,336.121000,OK
9,15,adjacent,620,30,32,51,REV,E4,E3,E11,E12,-33.160000,324.071000,OK
9,15,adjacent,620,30,32,52,FWD,E3,E4,E12,E1,34.344000,336.161000,OK
9,15,adjacent,620,30,32,53,REV,E4,E3,E12,E1,52.160000,323.991000,OK
9,15,adjacent,620,30,32,54,FWD,E4,E5,E1,E2,-37.129000,333.647000,OK
9,15,adjacent,620,30,32,55,REV,E5,E4,E1,E2,-20.117000,340.789000,OK
9,15,adjacent,620,30,32,56,FWD,E4,E5,E2,E3,16.430000,339.951000,OK
9,15,adjacent,620,30,32,57,REV,E5,E4,E2,E3,50.945000,338.715000,OK
9,15,adjacent,620,30,32,58,FWD,E4,E5,E6,E7,-20.988000,340.710000,OK
9,15,adjacent,620,30,32,59,REV,E5,E4,E6,E7,24.184000,338.515000,OK
9,15,adjacent,620,30,32,60,FWD,E4,E5,E7,E8,-4.820000,341.069000,OK
9,15,adjacent,620,30,32,61,REV,E5,E4,E7,E8,3.027000,337.637000,OK
9,15,adjacent,620,30,32,62,FWD,E4,E5,E8,E9,7.570000,341.547000,OK
9,15,adjacent,620,30,32,63,REV,E5,E4,E8,E9,11.922000,337.717000,OK
9,15,adjacent,620,30,32,64,FWD,E4,E5,E9,E10,16.250000,341.388000,OK
9,15,adjacent,620,30,32,65,REV,E5,E4,E9,E10,19.652000,337.877000,OK
9,15,adjacent,620,30,32,66,FWD,E4,E5,E10,E11,-35.137000,341.547000,OK
9,15,adjacent,620,30,32,67,REV,E5,E4,E10,E11,-32.535000,337.956000,OK
9,15,adjacent,620,30,32,68,FWD,E4,E5,E11,E12,-38.691000,341.747000,OK
9,15,adjacent,620,30,32,69,REV,E5,E4,E11,E12,-33.992000,337.278000,OK
9,15,adjacent,620,30,32,70,FWD,E4,E5,E12,E1,38.289000,341.787000,OK
9,15,adjacent,620,30,32,71,REV,E5,E4,E12,E1,48.500000,337.677000,OK
9,15,adjacent,620,30,32,72,FWD,E5,E6,E1,E2,-33.008000,361.059000,OK
9,15,adjacent,620,30,32,73,REV,E6,E5,E1,E2,-24.887000,393.618000,OK
9,15,adjacent,620,30,32,74,FWD,E5,E6,E2,E3,25.184000,368.760000,OK
9,15,adjacent,620,30,32,75,REV,E6,E5,E2,E3,38.305000,390.346000,OK
9,15,adjacent,620,30,32,76,FWD,E5,E6,E3,E4,-33.441000,370.555000,OK
9,15,adjacent,620,30,32,77,REV,E6,E5,E3,E4,3.051000,389.747000,OK
9,15,adjacent,620,30,32,78,FWD,E5,E6,E7,E8,-10.031000,370.914000,OK
9,15,adjacent,620,30,32,79,REV,E6,E5,E7,E8,8.695000,389.548000,OK
9,15,adjacent,620,30,32,80,FWD,E5,E6,E8,E9,5.473000,370.635000,OK
9,15,adjacent,620,30,32,81,REV,E6,E5,E8,E9,14.242000,389.069000,OK
9,15,adjacent,620,30,32,82,FWD,E5,E6,E9,E10,15.203000,371.752000,OK
9,15,adjacent,620,30,32,83,REV,E6,E5,E9,E10,20.828000,388.311000,OK
9,15,adjacent,620,30,32,84,FWD,E5,E6,E10,E11,-35.535000,371.473000,OK
9,15,adjacent,620,30,32,85,REV,E6,E5,E10,E11,-32.125000,388.790000,OK
9,15,adjacent,620,30,32,86,FWD,E5,E6,E11,E12,-38.555000,371.672000,OK
9,15,adjacent,620,30,32,87,REV,E6,E5,E11,E12,-34.027000,388.710000,OK
9,15,adjacent,620,30,32,88,FWD,E5,E6,E12,E1,39.934000,371.592000,OK
9,15,adjacent,620,30,32,89,REV,E6,E5,E12,E1,47.195000,388.430000,OK
9,15,adjacent,620,30,32,90,FWD,E6,E7,E1,E2,-33.500000,388.550000,OK
9,15,adjacent,620,30,32,91,REV,E7,E6,E1,E2,-24.871000,405.388000,OK
9,15,adjacent,620,30,32,92,FWD,E6,E7,E2,E3,25.945000,395.972000,OK
9,15,adjacent,620,30,32,93,REV,E7,E6,E2,E3,37.016000,402.715000,OK
9,15,adjacent,620,30,32,94,FWD,E6,E7,E3,E4,-27.621000,398.086000,OK
9,15,adjacent,620,30,32,95,REV,E7,E6,E3,E4,-5.004000,401.997000,OK
9,15,adjacent,620,30,32,96,FWD,E6,E7,E4,E5,-30.984000,398.246000,OK
9,15,adjacent,620,30,32,97,REV,E7,E6,E4,E5,22.320000,401.877000,OK
9,15,adjacent,620,30,32,98,FWD,E6,E7,E8,E9,-8.887000,398.805000,OK
9,15,adjacent,620,30,32,99,REV,E7,E6,E8,E9,28.539000,401.199000,OK
9,15,adjacent,620,30,32,100,FWD,E6,E7,E9,E10,9.164000,399.243000,OK
9,15,adjacent,620,30,32,101,REV,E7,E6,E9,E10,26.750000,400.680000,OK
9,15,adjacent,620,30,32,102,FWD,E6,E7,E10,E11,-38.148000,399.283000,OK
9,15,adjacent,620,30,32,103,REV,E7,E6,E10,E11,-29.605000,401.039000,OK
9,15,adjacent,620,30,32,104,FWD,E6,E7,E11,E12,-40.895000,398.964000,OK
9,15,adjacent,620,30,32,105,REV,E7,E6,E11,E12,-31.828000,400.879000,OK
9,15,adjacent,620,30,32,106,FWD,E6,E7,E12,E1,37.582000,399.962000,OK
9,15,adjacent,620,30,32,107,REV,E7,E6,E12,E1,49.336000,400.600000,OK
9,15,adjacent,620,30,32,108,FWD,E7,E8,E1,E2,-30.875000,431.603000,OK
9,15,adjacent,620,30,32,109,REV,E8,E7,E1,E2,-27.781000,454.506000,OK
9,15,adjacent,620,30,32,110,FWD,E7,E8,E2,E3,29.875000,441.937000,OK
9,15,adjacent,620,30,32,111,REV,E8,E7,E2,E3,33.047000,450.994000,OK
9,15,adjacent,620,30,32,112,FWD,E7,E8,E3,E4,-19.156000,444.530000,OK
9,15,adjacent,620,30,32,113,REV,E8,E7,E3,E4,-13.660000,449.039000,OK
9,15,adjacent,620,30,32,114,FWD,E7,E8,E4,E5,-10.695000,445.528000,OK
9,15,adjacent,620,30,32,115,REV,E8,E7,E4,E5,-0.410000,449.039000,OK
9,15,adjacent,620,30,32,116,FWD,E7,E8,E5,E6,8.219000,445.249000,OK
9,15,adjacent,620,30,32,117,REV,E8,E7,E5,E6,30.047000,449.039000,OK
9,15,adjacent,620,30,32,118,FWD,E7,E8,E9,E10,4.504000,445.807000,OK
9,15,adjacent,620,30,32,119,REV,E8,E7,E9,E10,31.395000,447.962000,OK
9,15,adjacent,620,30,32,120,FWD,E7,E8,E10,E11,-38.156000,446.166000,OK
9,15,adjacent,620,30,32,121,REV,E8,E7,E10,E11,-29.703000,447.922000,OK
9,15,adjacent,620,30,32,122,FWD,E7,E8,E11,E12,-39.512000,446.206000,OK
9,15,adjacent,620,30,32,123,REV,E8,E7,E11,E12,-33.234000,448.441000,OK
9,15,adjacent,620,30,32,124,FWD,E7,E8,E12,E1,40.465000,446.087000,OK
9,15,adjacent,620,30,32,125,REV,E8,E7,E12,E1,46.480000,448.161000,OK
9,15,adjacent,620,30,32,126,FWD,E8,E9,E1,E2,-30.863000,440.820000,OK
9,15,adjacent,620,30,32,127,REV,E9,E8,E1,E2,-27.883000,471.423000,OK
9,15,adjacent,620,30,32,128,FWD,E8,E9,E2,E3,30.191000,451.713000,OK
9,15,adjacent,620,30,32,129,REV,E9,E8,E2,E3,32.773000,468.072000,OK
9,15,adjacent,620,30,32,130,FWD,E8,E9,E3,E4,-18.293000,453.428000,OK
9,15,adjacent,620,30,32,131,REV,E9,E8,E3,E4,-14.543000,467.074000,OK
9,15,adjacent,620,30,32,132,FWD,E8,E9,E4,E5,-8.723000,454.545000,OK
9,15,adjacent,620,30,32,133,REV,E9,E8,E4,E5,-2.816000,465.877000,OK
9,15,adjacent,620,30,32,134,FWD,E8,E9,E5,E6,13.633000,454.705000,OK
9,15,adjacent,620,30,32,135,REV,E9,E8,E5,E6,24.191000,465.757000,OK
9,15,adjacent,620,30,32,136,FWD,E8,E9,E6,E7,-18.355000,455.383000,OK
9,15,adjacent,620,30,32,137,REV,E9,E8,E6,E7,24.406000,465.398000,OK
9,15,adjacent,620,30,32,138,FWD,E8,E9,E10,E11,-45.492000,455.663000,OK
9,15,adjacent,620,30,32,139,REV,E9,E8,E10,E11,-22.176000,464.999000,OK
9,15,adjacent,620,30,32,140,FWD,E8,E9,E11,E12,-42.430000,455.343000,OK
9,15,adjacent,620,30,32,141,REV,E9,E8,E11,E12,-30.254000,465.239000,OK
9,15,adjacent,620,30,32,142,FWD,E8,E9,E12,E1,38.922000,455.543000,OK
9,15,adjacent,620,30,32,143,REV,E9,E8,E12,E1,48.102000,464.680000,OK
9,15,adjacent,620,30,32,144,FWD,E9,E10,E1,E2,-31.711000,427.852000,OK
9,15,adjacent,620,30,32,145,REV,E10,E9,E1,E2,-26.965000,477.329000,OK
9,15,adjacent,620,30,32,146,FWD,E9,E10,E2,E3,29.984000,441.498000,OK
9,15,adjacent,620,30,32,147,REV,E10,E9,E2,E3,33.051000,472.580000,OK
9,15,adjacent,620,30,32,148,FWD,E9,E10,E3,E4,-18.199000,443.932000,OK
9,15,adjacent,620,30,32,149,REV,E10,E9,E3,E4,-14.613000,470.745000,OK
9,15,adjacent,620,30,32,150,FWD,E9,E10,E4,E5,-8.113000,445.249000,OK
9,15,adjacent,620,30,32,151,REV,E10,E9,E4,E5,-3.578000,469.029000,OK
9,15,adjacent,620,30,32,152,FWD,E9,E10,E5,E6,15.609000,446.565000,OK
9,15,adjacent,620,30,32,153,REV,E10,E9,E5,E6,22.266000,468.870000,OK
9,15,adjacent,620,30,32,154,FWD,E9,E10,E6,E7,-7.520000,446.845000,OK
9,15,adjacent,620,30,32,155,REV,E10,E9,E6,E7,12.270000,468.551000,OK
9,15,adjacent,620,30,32,156,FWD,E9,E10,E7,E8,-13.492000,446.924000,OK
9,15,adjacent,620,30,32,157,REV,E10,E9,E7,E8,13.641000,468.112000,OK
9,15,adjacent,620,30,32,158,FWD,E9,E10,E11,E12,-56.645000,447.683000,OK
9,15,adjacent,620,30,32,159,REV,E10,E9,E11,E12,-15.434000,467.912000,OK
9,15,adjacent,620,30,32,160,FWD,E9,E10,E12,E1,32.871000,447.643000,OK
9,15,adjacent,620,30,32,161,REV,E10,E9,E12,E1,54.559000,467.473000,OK
9,15,adjacent,620,30,32,162,FWD,E10,E11,E1,E2,-32.977000,371.393000,OK
9,15,adjacent,620,30,32,163,REV,E11,E10,E1,E2,-26.074000,370.914000,OK
9,15,adjacent,620,30,32,164,FWD,E10,E11,E2,E3,29.820000,383.882000,OK
9,15,adjacent,620,30,32,165,REV,E11,E10,E2,E3,33.016000,367.084000,OK
9,15,adjacent,620,30,32,166,FWD,E10,E11,E3,E4,-17.914000,386.116000,OK
9,15,adjacent,620,30,32,167,REV,E11,E10,E3,E4,-15.098000,366.445000,OK
9,15,adjacent,620,30,32,168,FWD,E10,E11,E4,E5,-7.410000,386.356000,OK
9,15,adjacent,620,30,32,169,REV,E11,E10,E4,E5,-4.578000,366.086000,OK
9,15,adjacent,620,30,32,170,FWD,E10,E11,E5,E6,17.195000,387.034000,OK
9,15,adjacent,620,30,32,171,REV,E11,E10,E5,E6,20.504000,365.009000,OK
9,15,adjacent,620,30,32,172,FWD,E10,E11,E6,E7,-2.074000,387.233000,OK
9,15,adjacent,620,30,32,173,REV,E11,E10,E6,E7,5.781000,365.767000,OK
9,15,adjacent,620,30,32,174,FWD,E10,E11,E7,E8,-4.254000,386.914000,OK
9,15,adjacent,620,30,32,175,REV,E11,E10,E7,E8,2.707000,366.246000,OK
9,15,adjacent,620,30,32,176,FWD,E10,E11,E8,E9,0.887000,386.755000,OK
9,15,adjacent,620,30,32,177,REV,E11,E10,E8,E9,19.516000,365.887000,OK
9,15,adjacent,620,30,32,178,FWD,E10,E11,E12,E1,14.168000,386.914000,OK
9,15,adjacent,620,30,32,179,REV,E11,E10,E12,E1,70.965000,365.368000,OK
9,15,adjacent,620,30,32,180,FWD,E11,E12,E1,E2,-41.574000,237.607000,OK
9,15,adjacent,620,30,32,181,REV,E12,E11,E1,E2,-18.395000,225.278000,OK
9,15,adjacent,620,30,32,182,FWD,E11,E12,E2,E3,27.684000,242.555000,OK
9,15,adjacent,620,30,32,183,REV,E12,E11,E2,E3,34.961000,223.761000,OK
9,15,adjacent,620,30,32,184,FWD,E11,E12,E3,E4,-18.836000,243.273000,OK
9,15,adjacent,620,30,32,185,REV,E12,E11,E3,E4,-14.375000,223.522000,OK
9,15,adjacent,620,30,32,186,FWD,E11,E12,E4,E5,-7.684000,243.153000,OK
9,15,adjacent,620,30,32,187,REV,E12,E11,E4,E5,-4.465000,223.482000,OK
9,15,adjacent,620,30,32,188,FWD,E11,E12,E5,E6,17.469000,243.552000,OK
9,15,adjacent,620,30,32,189,REV,E12,E11,E5,E6,20.215000,223.163000,OK
9,15,adjacent,620,30,32,190,FWD,E11,E12,E6,E7,-0.836000,243.712000,OK
9,15,adjacent,620,30,32,191,REV,E12,E11,E6,E7,4.410000,223.003000,OK
9,15,adjacent,620,30,32,192,FWD,E11,E12,E7,E8,-2.465000,243.592000,OK
9,15,adjacent,620,30,32,193,REV,E12,E11,E7,E8,0.777000,223.642000,OK
9,15,adjacent,620,30,32,194,FWD,E11,E12,E8,E9,6.789000,243.273000,OK
9,15,adjacent,620,30,32,195,REV,E12,E11,E8,E9,12.926000,223.682000,OK
9,15,adjacent,620,30,32,196,FWD,E11,E12,E9,E10,6.891000,243.472000,OK
9,15,adjacent,620,30,32,197,REV,E12,E11,E9,E10,28.078000,223.083000,OK
9,15,adjacent,620,30,32,198,FWD,E12,E1,E2,E3,18.898000,215.702000,OK
9,15,adjacent,620,30,32,199,REV,E1,E12,E2,E3,45.508000,246.106000,OK
9,15,adjacent,620,30,32,200,FWD,E12,E1,E3,E4,-22.437000,220.210000,OK
9,15,adjacent,620,30,32,201,REV,E1,E12,E3,E4,-9.863000,245.028000,OK
9,15,adjacent,620,30,32,202,FWD,E12,E1,E4,E5,-9.363000,220.490000,OK
9,15,adjacent,620,30,32,203,REV,E1,E12,E4,E5,-2.340000,244.111000,OK
9,15,adjacent,620,30,32,204,FWD,E12,E1,E5,E6,16.801000,221.248000,OK
9,15,adjacent,620,30,32,205,REV,E1,E12,E5,E6,21.270000,243.831000,OK
9,15,adjacent,620,30,32,206,FWD,E12,E1,E6,E7,-1.422000,221.208000,OK
9,15,adjacent,620,30,32,207,REV,E1,E12,E6,E7,5.453000,243.991000,OK
9,15,adjacent,620,30,32,208,FWD,E12,E1,E7,E8,-2.340000,221.208000,OK
9,15,adjacent,620,30,32,209,REV,E1,E12,E7,E8,0.879000,243.791000,OK
9,15,adjacent,620,30,32,210,FWD,E12,E1,E8,E9,7.695000,221.607000,OK
9,15,adjacent,620,30,32,211,REV,E1,E12,E8,E9,12.363000,243.871000,OK
9,15,adjacent,620,30,32,212,FWD,E12,E1,E9,E10,12.480000,221.447000,OK
9,15,adjacent,620,30,32,213,REV,E1,E12,E9,E10,23.812000,244.071000,OK
9,15,adjacent,620,30,32,214,FWD,E12,E1,E10,E11,-50.531000,221.168000,OK
9,15,adjacent,620,30,32,215,REV,E1,E12,E10,E11,-14.051000,244.230000,OK
