frame_index,frame_id,pattern,dac_code,settle_ms,sample_count,record_index,polarity,i_plus,i_minus,v_plus,v_minus,voltage_mv,current_ua,quality
0,11,adjacent,620,30,32,0,FWD,E1,E2,E3,E4,-78.656000,684.691000,OK
0,11,adjacent,620,30,32,1,REV,E2,E1,E3,E4,-50.012000,413.328000,OK
0,11,adjacent,620,30,32,2,FWD,E1,E2,E4,E5,-171.223000,691.953000,OK
0,11,adjacent,620,30,32,3,REV,E2,E1,E4,E5,-158.879000,413.488000,OK
0,11,adjacent,620,30,32,4,FWD,E1,E2,E5,E6,-121.203000,689.918000,OK
0,11,adjacent,620,30,32,5,REV,E2,E1,E5,E6,-114.773000,408.381000,OK
0,11,adjacent,620,30,32,6,FWD,E1,E2,E6,E7,50.746000,690.038000,OK
0,11,adjacent,620,30,32,7,REV,E2,E1,E6,E7,53.824000,414.685000,OK
0,11,adjacent,620,30,32,8,FWD,E1,E2,E7,E8,201.430000,687.803000,OK
0,11,adjacent,620,30,32,9,REV,E2,E1,E7,E8,203.863000,417.159000,OK
0,11,adjacent,620,30,32,10,FWD,E1,E2,E8,E9,14.754000,685.688000,OK
0,11,adjacent,620,30,32,11,REV,E2,E1,E8,E9,17.590000,418.436000,OK
0,11,adjacent,620,30,32,12,FWD,E1,E2,E9,E10,-20.840000,684.651000,OK
0,11,adjacent,620,30,32,13,REV,E2,E1,E9,E10,-17.160000,419.792000,OK
0,11,adjacent,620,30,32,14,FWD,E1,E2,E10,E11,36.648000,683.454000,OK
0,11,adjacent,620,30,32,15,REV,E2,E1,E10,E11,44.172000,420.909000,OK
0,11,adjacent,620,30,32,16,FWD,E1,E2,E11,E12,58.008000,682.496000,OK
0,11,adjacent,620,30,32,17,REV,E2,E1,E11,E12,73.844000,427.453000,OK
0,11,adjacent,620,30,32,18,FWD,E2,E3,E4,E5,-171.043000,397.847000,OK
0,11,adjacent,620,30,32,19,REV,E3,E2,E4,E5,-149.945000,699.694000,OK
0,11,adjacent,620,30,32,20,FWD,E2,E3,E5,E6,-120.324000,422.426000,OK
0,11,adjacent,620,30,32,21,REV,E3,E2,E5,E6,-112.023000,694.786000,OK
0,11,adjacent,620,30,32,22,FWD,E2,E3,E6,E7,51.566000,426.216000,OK
0,11,adjacent,620,30,32,23,REV,E3,E2,E6,E7,54.590000,689.399000,OK
0,11,adjacent,620,30,32,24,FWD,E2,E3,E7,E8,202.527000,429.568000,OK
0,11,adjacent,620,30,32,25,REV,E3,E2,E7,E8,204.457000,691.035000,OK
0,11,adjacent,620,30,32,26,FWD,E2,E3,E8,E9,15.738000,430.007000,OK
0,11,adjacent,620,30,32,27,REV,E3,E2,E8,E9,17.594000,690.117000,OK
0,11,adjacent,620,30,32,28,FWD,E2,E3,E9,E10,-19.187000,431.124000,OK
0,11,adjacent,620,30,32,29,REV,E3,E2,E9,E10,-17.254000,689.718000,OK
0,11,adjacent,620,30,32,30,FWD,E2,E3,E10,E11,40.121000,431.842000,OK
0,11,adjacent,620,30,32,31,REV,E3,E2,E10,E11,43.242000,689.599000,OK
0,11,adjacent,620,30,32,32,FWD,E2,E3,E11,E12,66.125000,432.640000,OK
0,11,adjacent,620,30,32,33,REV,E3,E2,E11,E12,71.590000,693.788000,OK
0,11,adjacent,620,30,32,34,FWD,E2,E3,E12,E1,-17.883000,431.124000,OK
0,11,adjacent,620,30,32,35,REV,E3,E2,E12,E1,-3.145000,690.197000,OK
0,11,adjacent,620,30,32,36,FWD,E3,E4,E1,E2,-211.266000,562.955000,OK
0,11,adjacent,620,30,32,37,REV,E4,E3,E1,E2,-192.059000,505.299000,OK
0,11,adjacent,620,30,32,38,FWD,E3,E4,E5,E6,-129.098000,574.047000,OK
0,11,adjacent,620,30,32,39,REV,E4,E3,E5,E6,-107.492000,500.351000,OK
0,11,adjacent,620,30,32,40,FWD,E3,E4,E6,E7,49.633000,578.277000,OK
0,11,adjacent,620,30,32,41,REV,E4,E3,E6,E7,55.324000,499.354000,OK
0,11,adjacent,620,30,32,42,FWD,E3,E4,E7,E8,201.859000,578.516000,OK
0,11,adjacent,620,30,32,43,REV,E4,E3,E7,E8,204.754000,498.556000,OK
0,11,adjacent,620,30,32,44,FWD,E3,E4,E8,E9,15.043000,579.274000,OK
0,11,adjacent,620,30,32,45,REV,E4,E3,E8,E9,17.324000,498.157000,OK
0,11,adjacent,620,30,32,46,FWD,E3,E4,E9,E10,-19.363000,579.514000,OK
0,11,adjacent,620,30,32,47,REV,E4,E3,E9,E10,-17.527000,498.476000,OK
0,11,adjacent,620,30,32,48,FWD,E3,E4,E10,E11,39.805000,579.474000,OK
0,11,adjacent,620,30,32,49,REV,E4,E3,E10,E11,42.363000,497.997000,OK
0,11,adjacent,620,30,32,50,FWD,E3,E4,E11,E12,66.273000,579.514000,OK
0,11,adjacent,620,30,32,51,REV,E4,E3,E11,E12,69.770000,504.660000,OK
0,11,adjacent,620,30,32,52,FWD,E3,E4,E12,E1,-16.652000,579.474000,OK
0,11,adjacent,620,30,32,53,REV,E4,E3,E12,E1,-8.637000,500.990000,OK
0,11,adjacent,620,30,32,54,FWD,E4,E5,E1,E2,-237.258000,643.673000,OK
0,11,adjacent,620,30,32,55,REV,E5,E4,E1,E2,-225.078000,478.526000,OK
0,11,adjacent,620,30,32,56,FWD,E4,E5,E2,E3,210.422000,659.793000,OK
0,11,adjacent,620,30,32,57,REV,E5,E4,E2,E3,231.109000,470.426000,OK
0,11,adjacent,620,30,32,58,FWD,E4,E5,E6,E7,44.305000,660.631000,OK
0,11,adjacent,620,30,32,59,REV,E5,E4,E6,E7,58.699000,475.693000,OK
0,11,adjacent,620,30,32,60,FWD,E4,E5,E7,E8,200.332000,658.676000,OK
0,11,adjacent,620,30,32,61,REV,E5,E4,E7,E8,205.773000,478.087000,OK
0,11,adjacent,620,30,32,62,FWD,E4,E5,E8,E9,14.199000,656.920000,OK
0,11,adjacent,620,30,32,63,REV,E5,E4,E8,E9,17.637000,478.446000,OK
0,11,adjacent,620,30,32,64,FWD,E4,E5,E9,E10,-19.566000,656.880000,OK
0,11,adjacent,620,30,32,65,REV,E5,E4,E9,E10,-17.445000,479.483000,OK
0,11,adjacent,620,30,32,66,FWD,E4,E5,E10,E11,39.828000,655.883000,OK
0,11,adjacent,620,30,32,67,REV,E5,E4,E10,E11,42.090000,480.042000,OK
0,11,adjacent,620,30,32,68,FWD,E4,E5,E11,E12,66.789000,661.549000,OK
0,11,adjacent,620,30,32,69,REV,E5,E4,E11,E12,69.254000,478.605000,OK
0,11,adjacent,620,30,32,70,FWD,E4,E5,E12,E1,-15.168000,657.279000,OK
0,11,adjacent,620,30,32,71,REV,E5,E4,E12,E1,-10.496000,480.760000,OK
0,11,adjacent,620,30,32,72,FWD,E5,E6,E1,E2,-238.516000,622.486000,OK
0,11,adjacent,620,30,32,73,REV,E6,E5,E1,E2,-232.070000,506.137000,OK
0,11,adjacent,620,30,32,74,FWD,E5,E6,E2,E3,220.883000,630.187000,OK
0,11,adjacent,620,30,32,75,REV,E6,E5,E2,E3,229.406000,508.251000,OK
0,11,adjacent,620,30,32,76,FWD,E5,E6,E3,E4,-74.156000,633.299000,OK
0,11,adjacent,620,30,32,77,REV,E6,E5,E3,E4,-51.465000,508.411000,OK
0,11,adjacent,620,30,32,78,FWD,E5,E6,E7,E8,193.492000,632.541000,OK
0,11,adjacent,620,30,32,79,REV,E6,E5,E7,E8,211.477000,510.207000,OK
0,11,adjacent,620,30,32,80,FWD,E5,E6,E8,E9,11.332000,631.304000,OK
0,11,adjacent,620,30,32,81,REV,E6,E5,E8,E9,19.879000,510.885000,OK
0,11,adjacent,620,30,32,82,FWD,E5,E6,E9,E10,-20.355000,629.988000,OK
0,11,adjacent,620,30,32,83,REV,E6,E5,E9,E10,-16.629000,512.002000,OK
0,11,adjacent,620,30,32,84,FWD,E5,E6,E10,E11,39.461000,629.469000,OK
0,11,adjacent,620,30,32,85,REV,E6,E5,E10,E11,42.406000,512.720000,OK
0,11,adjacent,620,30,32,86,FWD,E5,E6,E11,E12,67.035000,628.352000,OK
0,11,adjacent,620,30,32,87,REV,E6,E5,E11,E12,69.359000,513.558000,OK
0,11,adjacent,620,30,32,88,FWD,E5,E6,E12,E1,-14.246000,633.618000,OK
0,11,adjacent,620,30,32,89,REV,E6,E5,E12,E1,-10.980000,510.366000,OK
0,11,adjacent,620,30,32,90,FWD,E6,E7,E1,E2,-238.844000,557.449000,OK
0,11,adjacent,620,30,32,91,REV,E7,E6,E1,E2,-235.570000,652.850000,OK
0,11,adjacent,620,30,32,92,FWD,E6,E7,E2,E3,226.234000,575.723000,OK
0,11,adjacent,620,30,32,93,REV,E7,E6,E2,E3,229.633000,645.908000,OK
0,11,adjacent,620,30,32,94,FWD,E6,E7,E3,E4,-63.930000,576.162000,OK
0,11,adjacent,620,30,32,95,REV,E7,E6,E3,E4,-57.438000,646.706000,OK
0,11,adjacent,620,30,32,96,FWD,E6,E7,E4,E5,-172.109000,581.548000,OK
0,11,adjacent,620,30,32,97,REV,E7,E6,E4,E5,-156.277000,644.232000,OK
0,11,adjacent,620,30,32,98,FWD,E6,E7,E8,E9,7.219000,582.985000,OK
0,11,adjacent,620,30,32,99,REV,E7,E6,E8,E9,25.824000,643.195000,OK
0,11,adjacent,620,30,32,100,FWD,E6,E7,E9,E10,-21.012000,583.863000,OK
0,11,adjacent,620,30,32,101,REV,E7,E6,E9,E10,-15.117000,642.077000,OK
0,11,adjacent,620,30,32,102,FWD,E6,E7,E10,E11,39.309000,583.942000,OK
0,11,adjacent,620,30,32,103,REV,E7,E6,E10,E11,42.988000,642.197000,OK
0,11,adjacent,620,30,32,104,FWD,E6,E7,E11,E12,67.324000,584.780000,OK
0,11,adjacent,620,30,32,105,REV,E7,E6,E11,E12,69.461000,641.319000,OK
0,11,adjacent,620,30,32,106,FWD,E6,E7,E12,E1,-13.430000,584.940000,OK
0,11,adjacent,620,30,32,107,REV,E7,E6,E12,E1,-11.176000,641.239000,OK
0,11,adjacent,620,30,32,108,FWD,E7,E8,E1,E2,-239.828000,446.366000,OK
0,11,adjacent,620,30,32,109,REV,E8,E7,E1,E2,-237.164000,782.567000,OK
0,11,adjacent,620,30,32,110,FWD,E7,E8,E2,E3,228.383000,486.984000,OK
0,11,adjacent,620,30,32,111,REV,E8,E7,E2,E3,230.516000,766.966000,OK
0,11,adjacent,620,30,32,112,FWD,E7,E8,E3,E4,-61.984000,496.241000,OK
0,11,adjacent,620,30,32,113,REV,E8,E7,E3,E4,-58.633000,761.579000,OK
0,11,adjacent,620,30,32,114,FWD,E7,E8,E4,E5,-166.059000,499.633000,OK
0,11,adjacent,620,30,32,115,REV,E8,E7,E4,E5,-159.977000,758.307000,OK
0,11,adjacent,620,30,32,116,FWD,E7,E8,E5,E6,-116.895000,495.124000,OK
0,11,adjacent,620,30,32,117,REV,E8,E7,E5,E6,-97.648000,757.030000,OK
0,11,adjacent,620,30,32,118,FWD,E7,E8,E9,E10,-22.934000,502.705000,OK
0,11,adjacent,620,30,32,119,REV,E8,E7,E9,E10,-10.590000,753.918000,OK
0,11,adjacent,620,30,32,120,FWD,E7,E8,E10,E11,38.672000,505.817000,OK
0,11,adjacent,620,30,32,121,REV,E8,E7,E10,E11,44.746000,751.963000,OK
0,11,adjacent,620,30,32,122,FWD,E7,E8,E11,E12,67.414000,507.573000,OK
0,11,adjacent,620,30,32,123,REV,E8,E7,E11,E12,70.051000,750.646000,OK
0,11,adjacent,620,30,32,124,FWD,E7,E8,E12,E1,-13.133000,508.571000,OK
0,11,adjacent,620,30,32,125,REV,E8,E7,E12,E1,-10.785000,749.808000,OK
0,11,adjacent,620,30,32,126,FWD,E8,E9,E1,E2,-241.266000,531.513000,OK
0,11,adjacent,620,30,32,127,REV,E9,E8,E1,E2,-238.312000,628.591000,OK
0,11,adjacent,620,30,32,128,FWD,E8,E9,E2,E3,229.148000,577.399000,OK
0,11,adjacent,620,30,32,129,REV,E9,E8,E2,E3,231.133000,626.077000,OK
0,11,adjacent,620,30,32,130,FWD,E8,E9,E3,E4,-61.809000,582.187000,OK
0,11,adjacent,620,30,32,131,REV,E9,E8,E3,E4,-59.336000,618.576000,OK
0,11,adjacent,620,30,32,132,FWD,E8,E9,E4,E5,-165.168000,584.621000,OK
0,11,adjacent,620,30,32,133,REV,E9,E8,E4,E5,-161.555000,616.661000,OK
0,11,adjacent,620,30,32,134,FWD,E8,E9,E5,E6,-117.813000,585.459000,OK
0,11,adjacent,620,30,32,135,REV,E9,E8,E5,E6,-109.008000,608.441000,OK
0,11,adjacent,620,30,32,136,FWD,E8,E9,E6,E7,46.957000,585.419000,OK
0,11,adjacent,620,30,32,137,REV,E9,E8,E6,E7,64.230000,611.873000,OK
0,11,adjacent,620,30,32,138,FWD,E8,E9,E10,E11,34.211000,584.581000,OK
0,11,adjacent,620,30,32,139,REV,E9,E8,E10,E11,48.164000,613.189000,OK
0,11,adjacent,620,30,32,140,FWD,E8,E9,E11,E12,66.230000,584.980000,OK
0,11,adjacent,620,30,32,141,REV,E9,E8,E11,E12,70.824000,612.591000,OK
0,11,adjacent,620,30,32,142,FWD,E8,E9,E12,E1,-13.801000,584.740000,OK
0,11,adjacent,620,30,32,143,REV,E9,E8,E12,E1,-10.402000,612.431000,OK
0,11,adjacent,620,30,32,144,FWD,E9,E10,E1,E2,-242.578000,589.608000,OK
0,11,adjacent,620,30,32,145,REV,E10,E9,E1,E2,-238.516000,607.204000,OK
0,11,adjacent,620,30,32,146,FWD,E9,E10,E2,E3,229.602000,621.369000,OK
0,11,adjacent,620,30,32,147,REV,E10,E9,E2,E3,231.734000,600.421000,OK
0,11,adjacent,620,30,32,148,FWD,E9,E10,E3,E4,-61.598000,622.686000,OK
0,11,adjacent,620,30,32,149,REV,E10,E9,E3,E4,-59.520000,599.344000,OK
0,11,adjacent,620,30,32,150,FWD,E9,E10,E4,E5,-164.484000,624.162000,OK
0,11,adjacent,620,30,32,151,REV,E10,E9,E4,E5,-162.215000,599.783000,OK
0,11,adjacent,620,30,32,152,FWD,E9,E10,E5,E6,-117.012000,624.721000,OK
0,11,adjacent,620,30,32,153,REV,E10,E9,E5,E6,-113.086000,599.145000,OK
0,11,adjacent,620,30,32,154,FWD,E9,E10,E6,E7,49.859000,624.721000,OK
0,11,adjacent,620,30,32,155,REV,E10,E9,E6,E7,55.684000,607.324000,OK
0,11,adjacent,620,30,32,156,FWD,E9,E10,E7,E8,193.801000,624.441000,OK
0,11,adjacent,620,30,32,157,REV,E10,E9,E7,E8,206.047000,602.337000,OK
0,11,adjacent,620,30,32,158,FWD,E9,E10,E11,E12,62.973000,625.319000,OK
0,11,adjacent,620,30,32,159,REV,E10,E9,E11,E12,73.766000,602.456000,OK
0,11,adjacent,620,30,32,160,FWD,E9,E10,E12,E1,-15.215000,626.117000,OK
0,11,adjacent,620,30,32,161,REV,E10,E9,E12,E1,-9.504000,601.459000,OK
0,11,adjacent,620,30,32,162,FWD,E10,E11,E1,E2,-244.852000,556.770000,OK
0,11,adjacent,620,30,32,163,REV,E11,E10,E1,E2,-236.430000,654.008000,OK
0,11,adjacent,620,30,32,164,FWD,E10,E11,E2,E3,229.484000,583.344000,OK
0,11,adjacent,620,30,32,165,REV,E11,E10,E2,E3,233.008000,648.182000,OK
0,11,adjacent,620,30,32,166,FWD,E10,E11,E3,E4,-61.867000,585.618000,OK
0,11,adjacent,620,30,32,167,REV,E11,E10,E3,E4,-58.953000,647.065000,OK
0,11,adjacent,620,30,32,168,FWD,E10,E11,E4,E5,-164.434000,586.576000,OK
0,11,adjacent,620,30,32,169,REV,E11,E10,E4,E5,-161.953000,646.786000,OK
0,11,adjacent,620,30,32,170,FWD,E10,E11,E5,E6,-117.230000,587.893000,OK
0,11,adjacent,620,30,32,171,REV,E11,E10,E5,E6,-114.000000,646.187000,OK
0,11,adjacent,620,30,32,172,FWD,E10,E11,E6,E7,50.613000,587.334000,OK
0,11,adjacent,620,30,32,173,REV,E11,E10,E6,E7,54.277000,646.466000,OK
0,11,adjacent,620,30,32,174,FWD,E10,E11,E7,E8,198.379000,587.853000,OK
0,11,adjacent,620,30,32,175,REV,E11,E10,E7,E8,204.520000,646.666000,OK
0,11,adjacent,620,30,32,176,FWD,E10,E11,E8,E9,9.813000,587.733000,OK
0,11,adjacent,620,30,32,177,REV,E11,E10,E8,E9,24.355000,646.586000,OK
0,11,adjacent,620,30,32,178,FWD,E10,E11,E12,E1,-19.969000,587.613000,OK
0,11,adjacent,620,30,32,179,REV,E11,E10,E12,E1,-3.504000,646.826000,OK
0,11,adjacent,620,30,32,180,FWD,E11,E12,E1,E2,-249.102000,511.284000,OK
0,11,adjacent,620,30,32,181,REV,E12,E11,E1,E2,-232.281000,639.843000,OK
0,11,adjacent,620,30,32,182,FWD,E11,E12,E2,E3,228.945000,527.643000,OK
0,11,adjacent,620,30,32,183,REV,E12,E11,E2,E3,234.578000,634.536000,OK
0,11,adjacent,620,30,32,184,FWD,E11,E12,E3,E4,-62.164000,530.436000,OK
0,11,adjacent,620,30,32,185,REV,E12,E11,E3,E4,-58.375000,632.940000,OK
0,11,adjacent,620,30,32,186,FWD,E11,E12,E4,E5,-164.441000,530.795000,OK
0,11,adjacent,620,30,32,187,REV,E12,E11,E4,E5,-161.887000,632.262000,OK
0,11,adjacent,620,30,32,188,FWD,E11,E12,E5,E6,-117.168000,530.915000,OK
0,11,adjacent,620,30,32,189,REV,E12,E11,E5,E6,-114.859000,629.349000,OK
0,11,adjacent,620,30,32,190,FWD,E11,E12,E6,E7,51.285000,531.074000,OK
0,11,adjacent,620,30,32,191,REV,E12,E11,E6,E7,53.273000,631.703000,OK
0,11,adjacent,620,30,32,192,FWD,E11,E12,E7,E8,200.793000,531.633000,OK
0,11,adjacent,620,30,32,193,REV,E12,E11,E7,E8,203.395000,631.384000,OK
0,11,adjacent,620,30,32,194,FWD,E11,E12,E8,E9,14.363000,531.354000,OK
0,11,adjacent,620,30,32,195,REV,E12,E11,E8,E9,18.957000,631.264000,OK
0,11,adjacent,620,30,32,196,FWD,E11,E12,E9,E10,-22.699000,531.793000,OK
0,11,adjacent,620,30,32,197,REV,E12,E11,E9,E10,-12.070000,630.905000,OK
0,11,adjacent,620,30,32,198,FWD,E12,E1,E2,E3,224.703000,521.259000,OK
0,11,adjacent,620,30,32,199,REV,E1,E12,E2,E3,238.734000,528.840000,OK
0,11,adjacent,620,30,32,200,FWD,E12,E1,E3,E4,-64.461000,539.414000,OK
0,11,adjacent,620,30,32,201,REV,E1,E12,E3,E4,-56.434000,526.965000,OK
0,11,adjacent,620,30,32,202,FWD,E12,E1,E4,E5,-165.273000,541.449000,OK
0,11,adjacent,620,30,32,203,REV,E1,E12,E4,E5,-160.848000,526.925000,OK
0,11,adjacent,620,30,32,204,FWD,E12,E1,E5,E6,-118.215000,541.488000,OK
0,11,adjacent,620,30,32,205,REV,E1,E12,E5,E6,-115.141000,526.486000,OK
0,11,adjacent,620,30,32,206,FWD,E12,E1,E6,E7,51.152000,541.887000,OK
0,11,adjacent,620,30,32,207,REV,E1,E12,E6,E7,53.141000,531.473000,OK
0,11,adjacent,620,30,32,208,FWD,E12,E1,E7,E8,201.355000,542.207000,OK
0,11,adjacent,620,30,32,209,REV,E1,E12,E7,E8,203.398000,527.962000,OK
0,11,adjacent,620,30,32,210,FWD,E12,E1,E8,E9,14.734000,542.486000,OK
0,11,adjacent,620,30,32,211,REV,E1,E12,E8,E9,17.770000,527.723000,OK
0,11,adjacent,620,30,32,212,FWD,E12,E1,E9,E10,-20.582000,542.845000,OK
0,11,adjacent,620,30,32,213,REV,E1,E12,E9,E10,-15.484000,522.256000,OK
0,11,adjacent,620,30,32,214,FWD,E12,E1,E10,E11,34.027000,542.406000,OK
0,11,adjacent,620,30,32,215,REV,E1,E12,E10,E11,48.227000,525.728000,OK
1,12,adjacent,620,30,32,0,FWD,E1,E2,E3,E4,-78.414000,679.424000,OK
1,12,adjacent,620,30,32,1,REV,E2,E1,E3,E4,-49.988000,413.448000,OK
1,12,adjacent,620,30,32,2,FWD,E1,E2,E4,E5,-170.734000,689.280000,OK
1,12,adjacent,620,30,32,3,REV,E2,E1,E4,E5,-158.465000,414.725000,OK
1,12,adjacent,620,30,32,4,FWD,E1,E2,E5,E6,-121.016000,687.125000,OK
1,12,adjacent,620,30,32,5,REV,E2,E1,E5,E6,-114.590000,416.361000,OK
1,12,adjacent,620,30,32,6,FWD,E1,E2,E6,E7,50.234000,685.369000,OK
1,12,adjacent,620,30,32,7,REV,E2,E1,E6,E7,53.309000,418.037000,OK
1,12,adjacent,620,30,32,8,FWD,E1,E2,E7,E8,201.148000,684.452000,OK
1,12,adjacent,620,30,32,9,REV,E2,E1,E7,E8,203.609000,418.635000,OK
1,12,adjacent,620,30,32,10,FWD,E1,E2,E8,E9,14.297000,682.496000,OK
1,12,adjacent,620,30,32,11,REV,E2,E1,E8,E9,17.152000,425.937000,OK
1,12,adjacent,620,30,32,12,FWD,E1,E2,E9,E10,-20.277000,680.501000,OK
1,12,adjacent,620,30,32,13,REV,E2,E1,E9,E10,-16.582000,423.303000,OK
1,12,adjacent,620,30,32,14,FWD,E1,E2,E10,E11,36.391000,680.821000,OK
1,12,adjacent,620,30,32,15,REV,E2,E1,E10,E11,43.973000,423.144000,OK
1,12,adjacent,620,30,32,16,FWD,E1,E2,E11,E12,58.398000,680.023000,OK
1,12,adjacent,620,30,32,17,REV,E2,E1,E11,E12,74.188000,422.785000,OK
1,12,adjacent,620,30,32,18,FWD,E2,E3,E4,E5,-170.363000,395.094000,OK
1,12,adjacent,620,30,32,19,REV,E3,E2,E4,E5,-149.437000,699.295000,OK
1,12,adjacent,620,30,32,20,FWD,E2,E3,E5,E6,-120.188000,421.947000,OK
1,12,adjacent,620,30,32,21,REV,E3,E2,E5,E6,-111.879000,694.187000,OK
1,12,adjacent,620,30,32,22,FWD,E2,E3,E6,E7,51.074000,425.817000,OK
1,12,adjacent,620,30,32,23,REV,E3,E2,E6,E7,54.105000,690.995000,OK
1,12,adjacent,620,30,32,24,FWD,E2,E3,E7,E8,202.184000,428.131000,OK
1,12,adjacent,620,30,32,25,REV,E3,E2,E7,E8,204.109000,690.995000,OK
1,12,adjacent,620,30,32,26,FWD,E2,E3,E8,E9,15.301000,429.807000,OK
1,12,adjacent,620,30,32,27,REV,E3,E2,E8,E9,17.145000,689.798000,OK
1,12,adjacent,620,30,32,28,FWD,E2,E3,E9,E10,-18.590000,430.007000,OK
1,12,adjacent,620,30,32,29,REV,E3,E2,E9,E10,-16.676000,689.439000,OK
1,12,adjacent,620,30,32,30,FWD,E2,E3,E10,E11,39.895000,430.964000,OK
1,12,adjacent,620,30,32,31,REV,E3,E2,E10,E11,43.133000,688.721000,OK
1,12,adjacent,620,30,32,32,FWD,E2,E3,E11,E12,66.246000,431.802000,OK
1,12,adjacent,620,30,32,33,REV,E3,E2,E11,E12,71.723000,688.521000,OK
1,12,adjacent,620,30,32,34,FWD,E2,E3,E12,E1,-17.898000,432.680000,OK
1,12,adjacent,620,30,32,35,REV,E3,E2,E12,E1,-3.188000,687.644000,OK
1,12,adjacent,620,30,32,36,FWD,E3,E4,E1,E2,-209.227000,560.242000,OK
1,12,adjacent,620,30,32,37,REV,E4,E3,E1,E2,-189.797000,508.451000,OK
1,12,adjacent,620,30,32,38,FWD,E3,E4,E5,E6,-128.941000,575.883000,OK
1,12,adjacent,620,30,32,39,REV,E4,E3,E5,E6,-107.383000,501.987000,OK
1,12,adjacent,620,30,32,40,FWD,E3,E4,E6,E7,49.137000,577.957000,OK
1,12,adjacent,620,30,32,41,REV,E4,E3,E6,E7,54.797000,500.830000,OK
1,12,adjacent,620,30,32,42,FWD,E3,E4,E7,E8,201.512000,578.755000,OK
1,12,adjacent,620,30,32,43,REV,E4,E3,E7,E8,204.375000,500.112000,OK
1,12,adjacent,620,30,32,44,FWD,E3,E4,E8,E9,14.637000,578.356000,OK
1,12,adjacent,620,30,32,45,REV,E4,E3,E8,E9,16.906000,494.366000,OK
1,12,adjacent,620,30,32,46,FWD,E3,E4,E9,E10,-18.828000,578.835000,OK
1,12,adjacent,620,30,32,47,REV,E4,E3,E9,E10,-16.984000,497.079000,OK
1,12,adjacent,620,30,32,48,FWD,E3,E4,E10,E11,39.680000,578.596000,OK
1,12,adjacent,620,30,32,49,REV,E4,E3,E10,E11,42.203000,497.518000,OK
1,12,adjacent,620,30,32,50,FWD,E3,E4,E11,E12,66.445000,579.314000,OK
1,12,adjacent,620,30,32,51,REV,E4,E3,E11,E12,69.961000,497.598000,OK
1,12,adjacent,620,30,32,52,FWD,E3,E4,E12,E1,-16.582000,578.875000,OK
1,12,adjacent,620,30,32,53,REV,E4,E3,E12,E1,-8.523000,497.398000,OK
1,12,adjacent,620,30,32,54,FWD,E4,E5,E1,E2,-235.641000,637.529000,OK
1,12,adjacent,620,30,32,55,REV,E5,E4,E1,E2,-223.742000,478.885000,OK
1,12,adjacent,620,30,32,56,FWD,E4,E5,E2,E3,208.891000,662.666000,OK
1,12,adjacent,620,30,32,57,REV,E5,E4,E2,E3,229.937000,474.935000,OK
1,12,adjacent,620,30,32,58,FWD,E4,E5,E6,E7,43.727000,658.716000,OK
1,12,adjacent,620,30,32,59,REV,E5,E4,E6,E7,58.188000,477.249000,OK
1,12,adjacent,620,30,32,60,FWD,E4,E5,E7,E8,199.996000,657.958000,OK
1,12,adjacent,620,30,32,61,REV,E5,E4,E7,E8,205.492000,477.448000,OK
1,12,adjacent,620,30,32,62,FWD,E4,E5,E8,E9,13.648000,656.362000,OK
1,12,adjacent,620,30,32,63,REV,E5,E4,E8,E9,17.102000,471.822000,OK
1,12,adjacent,620,30,32,64,FWD,E4,E5,E9,E10,-18.875000,657.120000,OK
1,12,adjacent,620,30,32,65,REV,E5,E4,E9,E10,-16.750000,477.169000,OK
1,12,adjacent,620,30,32,66,FWD,E4,E5,E10,E11,39.637000,655.604000,OK
1,12,adjacent,620,30,32,67,REV,E5,E4,E10,E11,41.898000,478.286000,OK
1,12,adjacent,620,30,32,68,FWD,E4,E5,E11,E12,67.008000,654.845000,OK
1,12,adjacent,620,30,32,69,REV,E5,E4,E11,E12,69.445000,479.044000,OK
1,12,adjacent,620,30,32,70,FWD,E4,E5,E12,E1,-14.871000,653.728000,OK
1,12,adjacent,620,30,32,71,REV,E5,E4,E12,E1,-10.242000,479.882000,OK
1,12,adjacent,620,30,32,72,FWD,E5,E6,E1,E2,-237.633000,615.943000,OK
1,12,adjacent,620,30,32,73,REV,E6,E5,E1,E2,-231.297000,508.491000,OK
1,12,adjacent,620,30,32,74,FWD,E5,E6,E2,E3,219.812000,631.943000,OK
1,12,adjacent,620,30,32,75,REV,E6,E5,E2,E3,228.359000,507.254000,OK
1,12,adjacent,620,30,32,76,FWD,E5,E6,E3,E4,-74.125000,631.983000,OK
1,12,adjacent,620,30,32,77,REV,E6,E5,E3,E4,-51.488000,508.371000,OK
1,12,adjacent,620,30,32,78,FWD,E5,E6,E7,E8,193.172000,630.586000,OK
1,12,adjacent,620,30,32,79,REV,E6,E5,E7,E8,211.187000,509.488000,OK
1,12,adjacent,620,30,32,80,FWD,E5,E6,E8,E9,10.730000,635.175000,OK
1,12,adjacent,620,30,32,81,REV,E6,E5,E8,E9,19.270000,505.817000,OK
1,12,adjacent,620,30,32,82,FWD,E5,E6,E9,E10,-19.621000,630.506000,OK
1,12,adjacent,620,30,32,83,REV,E6,E5,E9,E10,-15.906000,507.773000,OK
1,12,adjacent,620,30,32,84,FWD,E5,E6,E10,E11,39.273000,629.110000,OK
1,12,adjacent,620,30,32,85,REV,E6,E5,E10,E11,42.250000,509.448000,OK
1,12,adjacent,620,30,32,86,FWD,E5,E6,E11,E12,67.105000,627.913000,OK
1,12,adjacent,620,30,32,87,REV,E6,E5,E11,E12,69.379000,510.406000,OK
1,12,adjacent,620,30,32,88,FWD,E5,E6,E12,E1,-13.773000,622.087000,OK
1,12,adjacent,620,30,32,89,REV,E6,E5,E12,E1,-10.520000,514.755000,OK
1,12,adjacent,620,30,32,90,FWD,E6,E7,E1,E2,-238.164000,553.618000,OK
1,12,adjacent,620,30,32,91,REV,E7,E6,E1,E2,-234.898000,652.651000,OK
1,12,adjacent,620,30,32,92,FWD,E6,E7,E2,E3,225.250000,576.880000,OK
1,12,adjacent,620,30,32,93,REV,E7,E6,E2,E3,228.656000,645.708000,OK
1,12,adjacent,620,30,32,94,FWD,E6,E7,E3,E4,-64.047000,580.910000,OK
1,12,adjacent,620,30,32,95,REV,E7,E6,E3,E4,-57.578000,642.955000,OK
1,12,adjacent,620,30,32,96,FWD,E6,E7,E4,E5,-171.238000,582.267000,OK
1,12,adjacent,620,30,32,97,REV,E7,E6,E4,E5,-155.426000,642.117000,OK
1,12,adjacent,620,30,32,98,FWD,E6,E7,E8,E9,6.645000,582.626000,OK
1,12,adjacent,620,30,32,99,REV,E7,E6,E8,E9,25.187000,641.160000,OK
1,12,adjacent,620,30,32,100,FWD,E6,E7,E9,E10,-20.273000,583.982000,OK
1,12,adjacent,620,30,32,101,REV,E7,E6,E9,E10,-14.398000,640.920000,OK
1,12,adjacent,620,30,32,102,FWD,E6,E7,E10,E11,39.188000,583.982000,OK
1,12,adjacent,620,30,32,103,REV,E7,E6,E10,E11,42.879000,640.122000,OK
1,12,adjacent,620,30,32,104,FWD,E6,E7,E11,E12,67.270000,584.461000,OK
1,12,adjacent,620,30,32,105,REV,E7,E6,E11,E12,69.406000,640.202000,OK
1,12,adjacent,620,30,32,106,FWD,E6,E7,E12,E1,-12.910000,585.100000,OK
1,12,adjacent,620,30,32,107,REV,E7,E6,E12,E1,-10.621000,639.524000,OK
1,12,adjacent,620,30,32,108,FWD,E7,E8,E1,E2,-239.359000,445.328000,OK
1,12,adjacent,620,30,32,109,REV,E8,E7,E1,E2,-236.742000,773.789000,OK
1,12,adjacent,620,30,32,110,FWD,E7,E8,E2,E3,227.609000,491.733000,OK
1,12,adjacent,620,30,32,111,REV,E8,E7,E2,E3,229.750000,760.701000,OK
1,12,adjacent,620,30,32,112,FWD,E7,E8,E3,E4,-62.141000,499.114000,OK
1,12,adjacent,620,30,32,113,REV,E8,E7,E3,E4,-58.801000,756.432000,OK
1,12,adjacent,620,30,32,114,FWD,E7,E8,E4,E5,-165.156000,502.346000,OK
1,12,adjacent,620,30,32,115,REV,E8,E7,E4,E5,-159.090000,754.038000,OK
1,12,adjacent,620,30,32,116,FWD,E7,E8,E5,E6,-117.918000,505.339000,OK
1,12,adjacent,620,30,32,117,REV,E8,E7,E5,E6,-98.516000,751.963000,OK
1,12,adjacent,620,30,32,118,FWD,E7,E8,E9,E10,-22.344000,506.416000,OK
1,12,adjacent,620,30,32,119,REV,E8,E7,E9,E10,-9.984000,750.886000,OK
1,12,adjacent,620,30,32,120,FWD,E7,E8,E10,E11,38.508000,516.311000,OK
1,12,adjacent,620,30,32,121,REV,E8,E7,E10,E11,44.629000,748.412000,OK
1,12,adjacent,620,30,32,122,FWD,E7,E8,E11,E12,67.293000,511.842000,OK
1,12,adjacent,620,30,32,123,REV,E8,E7,E11,E12,69.980000,749.370000,OK
1,12,adjacent,620,30,32,124,FWD,E7,E8,E12,E1,-12.754000,511.084000,OK
1,12,adjacent,620,30,32,125,REV,E8,E7,E12,E1,-10.387000,748.771000,OK
1,12,adjacent,620,30,32,126,FWD,E8,E9,E1,E2,-240.727000,534.626000,OK
1,12,adjacent,620,30,32,127,REV,E9,E8,E1,E2,-237.734000,630.786000,OK
1,12,adjacent,620,30,32,128,FWD,E8,E9,E2,E3,228.398000,577.997000,OK
1,12,adjacent,620,30,32,129,REV,E9,E8,E2,E3,230.375000,611.354000,OK
1,12,adjacent,620,30,32,130,FWD,E8,E9,E3,E4,-61.980000,582.785000,OK
1,12,adjacent,620,30,32,131,REV,E9,E8,E3,E4,-59.469000,613.349000,OK
1,12,adjacent,620,30,32,132,FWD,E8,E9,E4,E5,-164.277000,583.703000,OK
1,12,adjacent,620,30,32,133,REV,E9,E8,E4,E5,-160.687000,612.830000,OK
1,12,adjacent,620,30,32,134,FWD,E8,E9,E5,E6,-117.852000,584.621000,OK
1,12,adjacent,620,30,32,135,REV,E9,E8,E5,E6,-109.086000,611.992000,OK
1,12,adjacent,620,30,32,136,FWD,E8,E9,E6,E7,46.363000,584.621000,OK
1,12,adjacent,620,30,32,137,REV,E9,E8,E6,E7,63.707000,611.673000,OK
1,12,adjacent,620,30,32,138,FWD,E8,E9,E10,E11,34.137000,585.100000,OK
1,12,adjacent,620,30,32,139,REV,E9,E8,E10,E11,48.063000,611.833000,OK
1,12,adjacent,620,30,32,140,FWD,E8,E9,E11,E12,66.145000,584.980000,OK
1,12,adjacent,620,30,32,141,REV,E9,E8,E11,E12,70.754000,611.673000,OK
1,12,adjacent,620,30,32,142,FWD,E8,E9,E12,E1,-13.395000,585.299000,OK
1,12,adjacent,620,30,32,143,REV,E9,E8,E12,E1,-10.086000,611.314000,OK
1,12,adjacent,620,30,32,144,FWD,E9,E10,E1,E2,-242.102000,588.332000,OK
1,12,adjacent,620,30,32,145,REV,E10,E9,E1,E2,-238.102000,607.923000,OK
1,12,adjacent,620,30,32,146,FWD,E9,E10,E2,E3,229.000000,619.733000,OK
1,12,adjacent,620,30,32,147,REV,E10,E9,E2,E3,231.023000,601.060000,OK
1,12,adjacent,620,30,32,148,FWD,E9,E10,E3,E4,-61.785000,630.147000,OK
1,12,adjacent,620,30,32,149,REV,E10,E9,E3,E4,-59.691000,599.464000,OK
1,12,adjacent,620,30,32,150,FWD,E9,E10,E4,E5,-163.594000,625.918000,OK
1,12,adjacent,620,30,32,151,REV,E10,E9,E4,E5,-161.312000,600.381000,OK
1,12,adjacent,620,30,32,152,FWD,E9,E10,E5,E6,-116.961000,625.678000,OK
1,12,adjacent,620,30,32,153,REV,E10,E9,E5,E6,-113.000000,601.459000,OK
1,12,adjacent,620,30,32,154,FWD,E9,E10,E6,E7,49.664000,625.359000,OK
1,12,adjacent,620,30,32,155,REV,E10,E9,E6,E7,55.438000,600.701000,OK
1,12,adjacent,620,30,32,156,FWD,E9,E10,E7,E8,193.074000,625.559000,OK
1,12,adjacent,620,30,32,157,REV,E10,E9,E7,E8,205.328000,601.060000,OK
1,12,adjacent,620,30,32,158,FWD,E9,E10,E11,E12,62.918000,617.977000,OK
1,12,adjacent,620,30,32,159,REV,E10,E9,E11,E12,73.738000,600.142000,OK
1,12,adjacent,620,30,32,160,FWD,E9,E10,E12,E1,-14.629000,622.686000,OK
1,12,adjacent,620,30,32,161,REV,E10,E9,E12,E1,-8.891000,599.623000,OK
1,12,adjacent,620,30,32,162,FWD,E10,E11,E1,E2,-244.547000,554.456000,OK
1,12,adjacent,620,30,32,163,REV,E11,E10,E1,E2,-236.109000,655.324000,OK
1,12,adjacent,620,30,32,164,FWD,E10,E11,E2,E3,228.750000,582.267000,OK
1,12,adjacent,620,30,32,165,REV,E11,E10,E2,E3,232.367000,648.342000,OK
1,12,adjacent,620,30,32,166,FWD,E10,E11,E3,E4,-62.063000,585.738000,OK
1,12,adjacent,620,30,32,167,REV,E11,E10,E3,E4,-59.145000,646.267000,OK
1,12,adjacent,620,30,32,168,FWD,E10,E11,E4,E5,-163.488000,586.416000,OK
1,12,adjacent,620,30,32,169,REV,E11,E10,E4,E5,-160.965000,646.347000,OK
1,12,adjacent,620,30,32,170,FWD,E10,E11,E5,E6,-117.273000,586.496000,OK
1,12,adjacent,620,30,32,171,REV,E11,E10,E5,E6,-114.078000,646.387000,OK
1,12,adjacent,620,30,32,172,FWD,E10,E11,E6,E7,50.375000,587.015000,OK
1,12,adjacent,620,30,32,173,REV,E11,E10,E6,E7,54.055000,645.828000,OK
1,12,adjacent,620,30,32,174,FWD,E10,E11,E7,E8,197.824000,587.534000,OK
1,12,adjacent,620,30,32,175,REV,E11,E10,E7,E8,203.945000,645.988000,OK
1,12,adjacent,620,30,32,176,FWD,E10,E11,E8,E9,9.324000,587.653000,OK
1,12,adjacent,620,30,32,177,REV,E11,E10,E8,E9,23.859000,645.708000,OK
1,12,adjacent,620,30,32,178,FWD,E10,E11,E12,E1,-19.414000,587.613000,OK
1,12,adjacent,620,30,32,179,REV,E11,E10,E12,E1,-2.992000,645.668000,OK
1,12,adjacent,620,30,32,180,FWD,E11,E12,E1,E2,-248.680000,510.526000,OK
1,12,adjacent,620,30,32,181,REV,E12,E11,E1,E2,-231.914000,635.653000,OK
1,12,adjacent,620,30,32,182,FWD,E11,E12,E2,E3,228.250000,531.912000,OK
1,12,adjacent,620,30,32,183,REV,E12,E11,E2,E3,234.000000,632.422000,OK
1,12,adjacent,620,30,32,184,FWD,E11,E12,E3,E4,-62.410000,531.314000,OK
1,12,adjacent,620,30,32,185,REV,E12,E11,E3,E4,-58.578000,632.621000,OK
1,12,adjacent,620,30,32,186,FWD,E11,E12,E4,E5,-163.402000,532.072000,OK
1,12,adjacent,620,30,32,187,REV,E12,E11,E4,E5,-160.863000,632.102000,OK
1,12,adjacent,620,30,32,188,FWD,E11,E12,E5,E6,-117.289000,532.112000,OK
1,12,adjacent,620,30,32,189,REV,E12,E11,E5,E6,-114.984000,628.072000,OK
1,12,adjacent,620,30,32,190,FWD,E11,E12,E6,E7,51.086000,531.833000,OK
1,12,adjacent,620,30,32,191,REV,E12,E11,E6,E7,53.082000,630.786000,OK
1,12,adjacent,620,30,32,192,FWD,E11,E12,E7,E8,200.254000,531.473000,OK
1,12,adjacent,620,30,32,193,REV,E12,E11,E7,E8,202.812000,630.227000,OK
1,12,adjacent,620,30,32,194,FWD,E11,E12,E8,E9,13.809000,531.513000,OK
1,12,adjacent,620,30,32,195,REV,E12,E11,E8,E9,18.426000,630.706000,OK
1,12,adjacent,620,30,32,196,FWD,E11,E12,E9,E10,-22.008000,531.633000,OK
1,12,adjacent,620,30,32,197,REV,E12,E11,E9,E10,-11.352000,630.666000,OK
1,12,adjacent,620,30,32,198,FWD,E12,E1,E2,E3,224.039000,520.980000,OK
1,12,adjacent,620,30,32,199,REV,E1,E12,E2,E3,238.102000,529.239000,OK
1,12,adjacent,620,30,32,200,FWD,E12,E1,E3,E4,-64.672000,539.055000,OK
1,12,adjacent,620,30,32,201,REV,E1,E12,E3,E4,-56.664000,527.284000,OK
1,12,adjacent,620,30,32,202,FWD,E12,E1,E4,E5,-164.480000,540.651000,OK
1,12,adjacent,620,30,32,203,REV,E1,E12,E4,E5,-160.051000,526.646000,OK
1,12,adjacent,620,30,32,204,FWD,E12,E1,E5,E6,-118.168000,541.289000,OK
1,12,adjacent,620,30,32,205,REV,E1,E12,E5,E6,-115.086000,526.606000,OK
1,12,adjacent,620,30,32,206,FWD,E12,E1,E6,E7,50.961000,541.249000,OK
1,12,adjacent,620,30,32,207,REV,E1,E12,E6,E7,52.980000,526.845000,OK
1,12,adjacent,620,30,32,208,FWD,E12,E1,E7,E8,200.801000,541.209000,OK
1,12,adjacent,620,30,32,209,REV,E1,E12,E7,E8,202.895000,526.606000,OK
1,12,adjacent,620,30,32,210,FWD,E12,E1,E8,E9,14.148000,541.608000,OK
1,12,adjacent,620,30,32,211,REV,E1,E12,E8,E9,17.191000,531.633000,OK
1,12,adjacent,620,30,32,212,FWD,E12,E1,E9,E10,-19.859000,542.047000,OK
1,12,adjacent,620,30,32,213,REV,E1,E12,E9,E10,-14.762000,528.122000,OK
1,12,adjacent,620,30,32,214,FWD,E12,E1,E10,E11,33.762000,542.087000,OK
1,12,adjacent,620,30,32,215,REV,E1,E12,E10,E11,48.027000,527.284000,OK
2,13,adjacent,620,30,32,0,FWD,E1,E2,E3,E4,-78.770000,682.097000,OK
2,13,adjacent,620,30,32,1,REV,E2,E1,E3,E4,-50.383000,406.066000,OK
2,13,adjacent,620,30,32,2,FWD,E1,E2,E4,E5,-170.008000,692.073000,OK
2,13,adjacent,620,30,32,3,REV,E2,E1,E4,E5,-157.715000,411.094000,OK
2,13,adjacent,620,30,32,4,FWD,E1,E2,E5,E6,-120.910000,688.202000,OK
2,13,adjacent,620,30,32,5,REV,E2,E1,E5,E6,-114.523000,413.568000,OK
2,13,adjacent,620,30,32,6,FWD,E1,E2,E6,E7,50.090000,686.487000,OK
2,13,adjacent,620,30,32,7,REV,E2,E1,E6,E7,53.133000,415.802000,OK
2,13,adjacent,620,30,32,8,FWD,E1,E2,E7,E8,200.574000,684.611000,OK
2,13,adjacent,620,30,32,9,REV,E2,E1,E7,E8,203.016000,418.116000,OK
2,13,adjacent,620,30,32,10,FWD,E1,E2,E8,E9,13.805000,683.374000,OK
2,13,adjacent,620,30,32,11,REV,E2,E1,E8,E9,16.629000,419.034000,OK
2,13,adjacent,620,30,32,12,FWD,E1,E2,E9,E10,-19.527000,682.297000,OK
2,13,adjacent,620,30,32,13,REV,E2,E1,E9,E10,-15.840000,420.351000,OK
2,13,adjacent,620,30,32,14,FWD,E1,E2,E10,E11,36.141000,681.299000,OK
2,13,adjacent,620,30,32,15,REV,E2,E1,E10,E11,43.727000,426.256000,OK
2,13,adjacent,620,30,32,16,FWD,E1,E2,E11,E12,58.121000,678.427000,OK
2,13,adjacent,620,30,32,17,REV,E2,E1,E11,E12,73.918000,424.660000,OK
2,13,adjacent,620,30,32,18,FWD,E2,E3,E4,E5,-169.797000,397.129000,OK
2,13,adjacent,620,30,32,19,REV,E3,E2,E4,E5,-148.754000,698.297000,OK
2,13,adjacent,620,30,32,20,FWD,E2,E3,E5,E6,-120.105000,421.987000,OK
2,13,adjacent,620,30,32,21,REV,E3,E2,E5,E6,-111.820000,693.429000,OK
2,13,adjacent,620,30,32,22,FWD,E2,E3,E6,E7,50.941000,425.897000,OK
2,13,adjacent,620,30,32,23,REV,E3,E2,E6,E7,53.938000,687.285000,OK
2,13,adjacent,620,30,32,24,FWD,E2,E3,E7,E8,201.602000,428.889000,OK
2,13,adjacent,620,30,32,25,REV,E3,E2,E7,E8,203.535000,689.599000,OK
2,13,adjacent,620,30,32,26,FWD,E2,E3,E8,E9,14.848000,430.086000,OK
2,13,adjacent,620,30,32,27,REV,E3,E2,E8,E9,16.652000,689.160000,OK
2,13,adjacent,620,30,32,28,FWD,E2,E3,E9,E10,-17.879000,430.286000,OK
2,13,adjacent,620,30,32,29,REV,E3,E2,E9,E10,-15.984000,687.843000,OK
2,13,adjacent,620,30,32,30,FWD,E2,E3,E10,E11,39.637000,431.284000,OK
2,13,adjacent,620,30,32,31,REV,E3,E2,E10,E11,42.855000,688.402000,OK
2,13,adjacent,620,30,32,32,FWD,E2,E3,E11,E12,66.016000,431.603000,OK
2,13,adjacent,620,30,32,33,REV,E3,E2,E11,E12,71.496000,687.245000,OK
2,13,adjacent,620,30,32,34,FWD,E2,E3,E12,E1,-17.656000,432.281000,OK
2,13,adjacent,620,30,32,35,REV,E3,E2,E12,E1,-2.953000,687.205000,OK
2,13,adjacent,620,30,32,36,FWD,E3,E4,E1,E2,-208.461000,560.521000,OK
2,13,adjacent,620,30,32,37,REV,E4,E3,E1,E2,-190.789000,502.107000,OK
2,13,adjacent,620,30,32,38,FWD,E3,E4,E5,E6,-128.875000,576.720000,OK
2,13,adjacent,620,30,32,39,REV,E4,E3,E5,E6,-107.277000,498.117000,OK
2,13,adjacent,620,30,32,40,FWD,E3,E4,E6,E7,49.059000,577.518000,OK
2,13,adjacent,620,30,32,41,REV,E4,E3,E6,E7,54.699000,497.837000,OK
2,13,adjacent,620,30,32,42,FWD,E3,E4,E7,E8,200.902000,578.317000,OK
2,13,adjacent,620,30,32,43,REV,E4,E3,E7,E8,203.801000,497.239000,OK
2,13,adjacent,620,30,32,44,FWD,E3,E4,E8,E9,14.125000,578.596000,OK
2,13,adjacent,620,30,32,45,REV,E4,E3,E8,E9,16.375000,497.837000,OK
2,13,adjacent,620,30,32,46,FWD,E3,E4,E9,E10,-18.051000,583.384000,OK
2,13,adjacent,620,30,32,47,REV,E4,E3,E9,E10,-16.230000,498.077000,OK
2,13,adjacent,620,30,32,48,FWD,E3,E4,E10,E11,39.383000,580.192000,OK
2,13,adjacent,620,30,32,49,REV,E4,E3,E10,E11,41.902000,498.715000,OK
2,13,adjacent,620,30,32,50,FWD,E3,E4,E11,E12,66.219000,579.913000,OK
2,13,adjacent,620,30,32,51,REV,E4,E3,E11,E12,69.734000,498.875000,OK
2,13,adjacent,620,30,32,52,FWD,E3,E4,E12,E1,-16.383000,579.952000,OK
2,13,adjacent,620,30,32,53,REV,E4,E3,E12,E1,-8.277000,498.715000,OK
2,13,adjacent,620,30,32,54,FWD,E4,E5,E1,E2,-235.016000,638.766000,OK
2,13,adjacent,620,30,32,55,REV,E5,E4,E1,E2,-223.102000,478.127000,OK
2,13,adjacent,620,30,32,56,FWD,E4,E5,E2,E3,207.844000,655.843000,OK
2,13,adjacent,620,30,32,57,REV,E5,E4,E2,E3,228.930000,476.810000,OK
2,13,adjacent,620,30,32,58,FWD,E4,E5,E6,E7,43.738000,655.245000,OK
2,13,adjacent,620,30,32,59,REV,E5,E4,E6,E7,58.133000,477.568000,OK
2,13,adjacent,620,30,32,60,FWD,E4,E5,E7,E8,199.395000,654.606000,OK
2,13,adjacent,620,30,32,61,REV,E5,E4,E7,E8,204.844000,478.526000,OK
2,13,adjacent,620,30,32,62,FWD,E4,E5,E8,E9,13.242000,654.127000,OK
2,13,adjacent,620,30,32,63,REV,E5,E4,E8,E9,16.668000,478.925000,OK
2,13,adjacent,620,30,32,64,FWD,E4,E5,E9,E10,-18.238000,653.569000,OK
2,13,adjacent,620,30,32,65,REV,E5,E4,E9,E10,-16.133000,479.762000,OK
2,13,adjacent,620,30,32,66,FWD,E4,E5,E10,E11,39.383000,653.369000,OK
2,13,adjacent,620,30,32,67,REV,E5,E4,E10,E11,41.660000,480.361000,OK
2,13,adjacent,620,30,32,68,FWD,E4,E5,E11,E12,66.762000,652.531000,OK
2,13,adjacent,620,30,32,69,REV,E5,E4,E11,E12,69.207000,480.600000,OK
2,13,adjacent,620,30,32,70,FWD,E4,E5,E12,E1,-14.535000,652.172000,OK
2,13,adjacent,620,30,32,71,REV,E5,E4,E12,E1,-9.855000,481.239000,OK
2,13,adjacent,620,30,32,72,FWD,E5,E6,E1,E2,-237.500000,615.105000,OK
2,13,adjacent,620,30,32,73,REV,E6,E5,E1,E2,-231.164000,507.892000,OK
2,13,adjacent,620,30,32,74,FWD,E5,E6,E2,E3,219.531000,631.384000,OK
2,13,adjacent,620,30,32,75,REV,E6,E5,E2,E3,228.062000,505.897000,OK
2,13,adjacent,620,30,32,76,FWD,E5,E6,E3,E4,-74.496000,637.449000,OK
2,13,adjacent,620,30,32,77,REV,E6,E5,E3,E4,-51.793000,502.067000,OK
2,13,adjacent,620,30,32,78,FWD,E5,E6,E7,E8,192.539000,632.581000,OK
2,13,adjacent,620,30,32,79,REV,E6,E5,E7,E8,210.500000,504.102000,OK
2,13,adjacent,620,30,32,80,FWD,E5,E6,E8,E9,10.340000,630.666000,OK
2,13,adjacent,620,30,32,81,REV,E6,E5,E8,E9,18.883000,505.977000,OK
2,13,adjacent,620,30,32,82,FWD,E5,E6,E9,E10,-19.020000,629.708000,OK
2,13,adjacent,620,30,32,83,REV,E6,E5,E9,E10,-15.328000,507.693000,OK
2,13,adjacent,620,30,32,84,FWD,E5,E6,E10,E11,39.039000,628.751000,OK
2,13,adjacent,620,30,32,85,REV,E6,E5,E10,E11,41.996000,502.905000,OK
2,13,adjacent,620,30,32,86,FWD,E5,E6,E11,E12,66.914000,630.786000,OK
2,13,adjacent,620,30,32,87,REV,E6,E5,E11,E12,69.203000,508.291000,OK
2,13,adjacent,620,30,32,88,FWD,E5,E6,E12,E1,-13.426000,628.232000,OK
2,13,adjacent,620,30,32,89,REV,E6,E5,E12,E1,-10.160000,509.768000,OK
2,13,adjacent,620,30,32,90,FWD,E6,E7,E1,E2,-237.820000,551.863000,OK
2,13,adjacent,620,30,32,91,REV,E7,E6,E1,E2,-234.625000,651.933000,OK
2,13,adjacent,620,30,32,92,FWD,E6,E7,E2,E3,224.781000,575.803000,OK
2,13,adjacent,620,30,32,93,REV,E7,E6,E2,E3,228.227000,645.229000,OK
2,13,adjacent,620,30,32,94,FWD,E6,E7,E3,E4,-64.273000,578.516000,OK
2,13,adjacent,620,30,32,95,REV,E7,E6,E3,E4,-57.797000,642.357000,OK
2,13,adjacent,620,30,32,96,FWD,E6,E7,E4,E5,-168.734000,580.990000,OK
2,13,adjacent,620,30,32,97,REV,E7,E6,E4,E5,-153.023000,641.798000,OK
2,13,adjacent,620,30,32,98,FWD,E6,E7,E8,E9,6.309000,581.668000,OK
2,13,adjacent,620,30,32,99,REV,E7,E6,E8,E9,24.879000,640.880000,OK
2,13,adjacent,620,30,32,100,FWD,E6,E7,E9,E10,-19.660000,582.187000,OK
2,13,adjacent,620,30,32,101,REV,E7,E6,E9,E10,-13.805000,639.883000,OK
2,13,adjacent,620,30,32,102,FWD,E6,E7,E10,E11,38.871000,582.745000,OK
2,13,adjacent,620,30,32,103,REV,E7,E6,E10,E11,42.531000,639.683000,OK
2,13,adjacent,620,30,32,104,FWD,E6,E7,E11,E12,67.195000,583.304000,OK
2,13,adjacent,620,30,32,105,REV,E7,E6,E11,E12,69.352000,639.284000,OK
2,13,adjacent,620,30,32,106,FWD,E6,E7,E12,E1,-12.602000,583.304000,OK
2,13,adjacent,620,30,32,107,REV,E7,E6,E12,E1,-10.320000,638.646000,OK
2,13,adjacent,620,30,32,108,FWD,E7,E8,E1,E2,-239.023000,446.007000,OK
2,13,adjacent,620,30,32,109,REV,E8,E7,E1,E2,-236.375000,781.968000,OK
2,13,adjacent,620,30,32,110,FWD,E7,E8,E2,E3,227.016000,486.665000,OK
2,13,adjacent,620,30,32,111,REV,E8,E7,E2,E3,229.242000,765.250000,OK
2,13,adjacent,620,30,32,112,FWD,E7,E8,E3,E4,-62.340000,496.002000,OK
2,13,adjacent,620,30,32,113,REV,E8,E7,E3,E4,-59.020000,760.183000,OK
2,13,adjacent,620,30,32,114,FWD,E7,E8,E4,E5,-163.617000,499.553000,OK
2,13,adjacent,620,30,32,115,REV,E8,E7,E4,E5,-157.574000,757.310000,OK
2,13,adjacent,620,30,32,116,FWD,E7,E8,E5,E6,-117.824000,502.705000,OK
2,13,adjacent,620,30,32,117,REV,E8,E7,E5,E6,-98.387000,755.035000,OK
2,13,adjacent,620,30,32,118,FWD,E7,E8,E9,E10,-21.578000,497.359000,OK
2,13,adjacent,620,30,32,119,REV,E8,E7,E9,E10,-9.234000,754.277000,OK
2,13,adjacent,620,30,32,120,FWD,E7,E8,E10,E11,38.203000,504.900000,OK
2,13,adjacent,620,30,32,121,REV,E8,E7,E10,E11,44.297000,751.444000,OK
2,13,adjacent,620,30,32,122,FWD,E7,E8,E11,E12,67.164000,506.775000,OK
2,13,adjacent,620,30,32,123,REV,E8,E7,E11,E12,69.836000,749.689000,OK
2,13,adjacent,620,30,32,124,FWD,E7,E8,E12,E1,-12.340000,507.892000,OK
2,13,adjacent,620,30,32,125,REV,E8,E7,E12,E1,-9.980000,749.050000,OK
2,13,adjacent,620,30,32,126,FWD,E8,E9,E1,E2,-240.391000,531.713000,OK
2,13,adjacent,620,30,32,127,REV,E9,E8,E1,E2,-237.414000,626.237000,OK
2,13,adjacent,620,30,32,128,FWD,E8,E9,E2,E3,227.758000,576.960000,OK
2,13,adjacent,620,30,32,129,REV,E9,E8,E2,E3,229.758000,615.424000,OK
2,13,adjacent,620,30,32,130,FWD,E8,E9,E3,E4,-62.129000,582.027000,OK
2,13,adjacent,620,30,32,131,REV,E9,E8,E3,E4,-59.633000,612.950000,OK
2,13,adjacent,620,30,32,132,FWD,E8,E9,E4,E5,-163.043000,583.184000,OK
2,13,adjacent,620,30,32,133,REV,E9,E8,E4,E5,-159.508000,612.591000,OK
2,13,adjacent,620,30,32,134,FWD,E8,E9,E5,E6,-118.547000,583.942000,OK
2,13,adjacent,620,30,32,135,REV,E9,E8,E5,E6,-109.785000,611.394000,OK
2,13,adjacent,620,30,32,136,FWD,E8,E9,E6,E7,45.719000,584.621000,OK
2,13,adjacent,620,30,32,137,REV,E9,E8,E6,E7,63.152000,611.593000,OK
2,13,adjacent,620,30,32,138,FWD,E8,E9,E10,E11,33.750000,585.060000,OK
2,13,adjacent,620,30,32,139,REV,E9,E8,E10,E11,47.695000,610.955000,OK
2,13,adjacent,620,30,32,140,FWD,E8,E9,E11,E12,66.008000,584.740000,OK
2,13,adjacent,620,30,32,141,REV,E9,E8,E11,E12,70.652000,619.893000,OK
2,13,adjacent,620,30,32,142,FWD,E8,E9,E12,E1,-12.988000,585.818000,OK
2,13,adjacent,620,30,32,143,REV,E9,E8,E12,E1,-9.641000,614.586000,OK
2,13,adjacent,620,30,32,144,FWD,E9,E10,E1,E2,-241.773000,590.925000,OK
2,13,adjacent,620,30,32,145,REV,E10,E9,E1,E2,-237.750000,610.636000,OK
2,13,adjacent,620,30,32,146,FWD,E9,E10,E2,E3,228.273000,619.853000,OK
2,13,adjacent,620,30,32,147,REV,E10,E9,E2,E3,230.422000,603.095000,OK
2,13,adjacent,620,30,32,148,FWD,E9,E10,E3,E4,-62.047000,623.484000,OK
2,13,adjacent,620,30,32,149,REV,E10,E9,E3,E4,-59.957000,602.376000,OK
2,13,adjacent,620,30,32,150,FWD,E9,E10,E4,E5,-162.430000,616.781000,OK
2,13,adjacent,620,30,32,151,REV,E10,E9,E4,E5,-160.148000,600.621000,OK
2,13,adjacent,620,30,32,152,FWD,E9,E10,E5,E6,-117.414000,622.327000,OK
2,13,adjacent,620,30,32,153,REV,E10,E9,E5,E6,-113.492000,599.943000,OK
2,13,adjacent,620,30,32,154,FWD,E9,E10,E6,E7,49.469000,622.686000,OK
2,13,adjacent,620,30,32,155,REV,E10,E9,E6,E7,55.211000,599.464000,OK
2,13,adjacent,620,30,32,156,FWD,E9,E10,E7,E8,192.879000,622.606000,OK
2,13,adjacent,620,30,32,157,REV,E10,E9,E7,E8,205.098000,599.264000,OK
2,13,adjacent,620,30,32,158,FWD,E9,E10,E11,E12,62.773000,623.603000,OK
2,13,adjacent,620,30,32,159,REV,E10,E9,E11,E12,73.621000,599.783000,OK
2,13,adjacent,620,30,32,160,FWD,E9,E10,E12,E1,-14.238000,623.643000,OK
2,13,adjacent,620,30,32,161,REV,E10,E9,E12,E1,-8.488000,599.982000,OK
2,13,adjacent,620,30,32,162,FWD,E10,E11,E1,E2,-244.133000,554.257000,OK
2,13,adjacent,620,30,32,163,REV,E11,E10,E1,E2,-235.766000,654.327000,OK
2,13,adjacent,620,30,32,164,FWD,E10,E11,E2,E3,228.234000,582.945000,OK
2,13,adjacent,620,30,32,165,REV,E11,E10,E2,E3,231.750000,648.062000,OK
2,13,adjacent,620,30,32,166,FWD,E10,E11,E3,E4,-62.383000,585.738000,OK
2,13,adjacent,620,30,32,167,REV,E11,E10,E3,E4,-59.453000,646.147000,OK
2,13,adjacent,620,30,32,168,FWD,E10,E11,E4,E5,-162.430000,586.217000,OK
2,13,adjacent,620,30,32,169,REV,E11,E10,E4,E5,-159.937000,646.028000,OK
2,13,adjacent,620,30,32,170,FWD,E10,E11,E5,E6,-117.633000,587.254000,OK
2,13,adjacent,620,30,32,171,REV,E11,E10,E5,E6,-114.383000,646.506000,OK
2,13,adjacent,620,30,32,172,FWD,E10,E11,E6,E7,50.211000,587.134000,OK
2,13,adjacent,620,30,32,173,REV,E11,E10,E6,E7,53.883000,651.015000,OK
2,13,adjacent,620,30,32,174,FWD,E10,E11,E7,E8,197.582000,587.733000,OK
2,13,adjacent,620,30,32,175,REV,E11,E10,E7,E8,203.711000,647.584000,OK
2,13,adjacent,620,30,32,176,FWD,E10,E11,E8,E9,9.020000,588.052000,OK
2,13,adjacent,620,30,32,177,REV,E11,E10,E8,E9,23.594000,646.267000,OK
2,13,adjacent,620,30,32,178,FWD,E10,E11,E12,E1,-19.070000,588.571000,OK
2,13,adjacent,620,30,32,179,REV,E11,E10,E12,E1,-2.590000,646.626000,OK
2,13,adjacent,620,30,32,180,FWD,E11,E12,E1,E2,-248.281000,512.401000,OK
2,13,adjacent,620,30,32,181,REV,E12,E11,E1,E2,-231.469000,632.980000,OK
2,13,adjacent,620,30,32,182,FWD,E11,E12,E2,E3,227.711000,529.837000,OK
2,13,adjacent,620,30,32,183,REV,E12,E11,E2,E3,233.391000,632.102000,OK
2,13,adjacent,620,30,32,184,FWD,E11,E12,E3,E4,-62.734000,529.877000,OK
2,13,adjacent,620,30,32,185,REV,E12,E11,E3,E4,-58.898000,631.304000,OK
2,13,adjacent,620,30,32,186,FWD,E11,E12,E4,E5,-162.406000,531.354000,OK
2,13,adjacent,620,30,32,187,REV,E12,E11,E4,E5,-159.844000,631.584000,OK
2,13,adjacent,620,30,32,188,FWD,E11,E12,E5,E6,-117.617000,531.513000,OK
2,13,adjacent,620,30,32,189,REV,E12,E11,E5,E6,-115.266000,630.586000,OK
2,13,adjacent,620,30,32,190,FWD,E11,E12,E6,E7,50.957000,531.673000,OK
2,13,adjacent,620,30,32,191,REV,E12,E11,E6,E7,52.957000,630.666000,OK
2,13,adjacent,620,30,32,192,FWD,E11,E12,E7,E8,199.992000,532.152000,OK
2,13,adjacent,620,30,32,193,REV,E12,E11,E7,E8,202.559000,630.786000,OK
2,13,adjacent,620,30,32,194,FWD,E11,E12,E8,E9,13.441000,531.952000,OK
2,13,adjacent,620,30,32,195,REV,E12,E11,E8,E9,18.078000,630.466000,OK
2,13,adjacent,620,30,32,196,FWD,E11,E12,E9,E10,-21.418000,535.543000,OK
2,13,adjacent,620,30,32,197,REV,E12,E11,E9,E10,-10.891000,629.509000,OK
2,13,adjacent,620,30,32,198,FWD,E12,E1,E2,E3,223.453000,522.456000,OK
2,13,adjacent,620,30,32,199,REV,E1,E12,E2,E3,237.500000,530.237000,OK
2,13,adjacent,620,30,32,200,FWD,E12,E1,E3,E4,-65.070000,539.374000,OK
2,13,adjacent,620,30,32,201,REV,E1,E12,E3,E4,-57.031000,528.162000,OK
2,13,adjacent,620,30,32,202,FWD,E12,E1,E4,E5,-163.465000,540.491000,OK
2,13,adjacent,620,30,32,203,REV,E1,E12,E4,E5,-159.066000,522.935000,OK
2,13,adjacent,620,30,32,204,FWD,E12,E1,E5,E6,-118.383000,541.648000,OK
2,13,adjacent,620,30,32,205,REV,E1,E12,E5,E6,-115.293000,526.326000,OK
2,13,adjacent,620,30,32,206,FWD,E12,E1,E6,E7,50.844000,541.528000,OK
2,13,adjacent,620,30,32,207,REV,E1,E12,E6,E7,52.875000,526.207000,OK
2,13,adjacent,620,30,32,208,FWD,E12,E1,E7,E8,200.504000,541.848000,OK
2,13,adjacent,620,30,32,209,REV,E1,E12,E7,E8,202.559000,526.366000,OK
2,13,adjacent,620,30,32,210,FWD,E12,E1,E8,E9,13.836000,541.728000,OK
2,13,adjacent,620,30,32,211,REV,E1,E12,E8,E9,16.883000,526.685000,OK
2,13,adjacent,620,30,32,212,FWD,E12,E1,E9,E10,-19.254000,541.409000,OK
2,13,adjacent,620,30,32,213,REV,E1,E12,E9,E10,-14.113000,526.446000,OK
2,13,adjacent,620,30,32,214,FWD,E12,E1,E10,E11,33.512000,541.608000,OK
2,13,adjacent,620,30,32,215,REV,E1,E12,E10,E11,47.719000,526.765000,OK
3,14,adjacent,620,30,32,0,FWD,E1,E2,E3,E4,-79.027000,678.227000,OK
3,14,adjacent,620,30,32,1,REV,E2,E1,E3,E4,-50.648000,413.727000,OK
3,14,adjacent,620,30,32,2,FWD,E1,E2,E4,E5,-168.965000,687.604000,OK
3,14,adjacent,620,30,32,3,REV,E2,E1,E4,E5,-156.695000,415.004000,OK
3,14,adjacent,620,30,32,4,FWD,E1,E2,E5,E6,-121.137000,686.167000,OK
3,14,adjacent,620,30,32,5,REV,E2,E1,E5,E6,-114.734000,416.281000,OK
3,14,adjacent,620,30,32,6,FWD,E1,E2,E6,E7,50.008000,684.332000,OK
3,14,adjacent,620,30,32,7,REV,E2,E1,E6,E7,53.027000,417.997000,OK
3,14,adjacent,620,30,32,8,FWD,E1,E2,E7,E8,200.301000,683.414000,OK
3,14,adjacent,620,30,32,9,REV,E2,E1,E7,E8,202.762000,425.099000,OK
3,14,adjacent,620,30,32,10,FWD,E1,E2,E8,E9,13.379000,679.983000,OK
3,14,adjacent,620,30,32,11,REV,E2,E1,E8,E9,16.242000,423.104000,OK
3,14,adjacent,620,30,32,12,FWD,E1,E2,E9,E10,-18.871000,680.621000,OK
3,14,adjacent,620,30,32,13,REV,E2,E1,E9,E10,-15.184000,422.705000,OK
3,14,adjacent,620,30,32,14,FWD,E1,E2,E10,E11,35.867000,680.023000,OK
3,14,adjacent,620,30,32,15,REV,E2,E1,E10,E11,43.438000,422.705000,OK
3,14,adjacent,620,30,32,16,FWD,E1,E2,E11,E12,58.145000,679.424000,OK
3,14,adjacent,620,30,32,17,REV,E2,E1,E11,E12,73.941000,423.264000,OK
3,14,adjacent,620,30,32,18,FWD,E2,E3,E4,E5,-168.801000,396.889000,OK
3,14,adjacent,620,30,32,19,REV,E3,E2,E4,E5,-147.855000,694.626000,OK
3,14,adjacent,620,30,32,20,FWD,E2,E3,E5,E6,-120.266000,424.780000,OK
3,14,adjacent,620,30,32,21,REV,E3,E2,E5,E6,-111.973000,691.235000,OK
3,14,adjacent,620,30,32,22,FWD,E2,E3,E6,E7,50.824000,427.054000,OK
3,14,adjacent,620,30,32,23,REV,E3,E2,E6,E7,53.816000,690.078000,OK
3,14,adjacent,620,30,32,24,FWD,E2,E3,E7,E8,201.301000,429.488000,OK
3,14,adjacent,620,30,32,25,REV,E3,E2,E7,E8,203.246000,689.240000,OK
3,14,adjacent,620,30,32,26,FWD,E2,E3,E8,E9,14.391000,430.047000,OK
3,14,adjacent,620,30,32,27,REV,E3,E2,E8,E9,16.254000,687.923000,OK
3,14,adjacent,620,30,32,28,FWD,E2,E3,E9,E10,-17.211000,431.563000,OK
3,14,adjacent,620,30,32,29,REV,E3,E2,E9,E10,-15.289000,687.723000,OK
3,14,adjacent,620,30,32,30,FWD,E2,E3,E10,E11,39.344000,432.361000,OK
3,14,adjacent,620,30,32,31,REV,E3,E2,E10,E11,42.547000,686.886000,OK
3,14,adjacent,620,30,32,32,FWD,E2,E3,E11,E12,65.980000,432.082000,OK
3,14,adjacent,620,30,32,33,REV,E3,E2,E11,E12,71.453000,687.005000,OK
3,14,adjacent,620,30,32,34,FWD,E2,E3,E12,E1,-17.203000,432.720000,OK
3,14,adjacent,620,30,32,35,REV,E3,E2,E12,E1,-2.430000,687.404000,OK
3,14,adjacent,620,30,32,36,FWD,E3,E4,E1,E2,-208.145000,560.521000,OK
3,14,adjacent,620,30,32,37,REV,E4,E3,E1,E2,-190.484000,501.907000,OK
3,14,adjacent,620,30,32,38,FWD,E3,E4,E5,E6,-129.035000,576.960000,OK
3,14,adjacent,620,30,32,39,REV,E4,E3,E5,E6,-107.418000,498.596000,OK
3,14,adjacent,620,30,32,40,FWD,E3,E4,E6,E7,48.906000,578.037000,OK
3,14,adjacent,620,30,32,41,REV,E4,E3,E6,E7,54.594000,497.758000,OK
3,14,adjacent,620,30,32,42,FWD,E3,E4,E7,E8,200.488000,578.077000,OK
3,14,adjacent,620,30,32,43,REV,E4,E3,E7,E8,203.344000,497.797000,OK
3,14,adjacent,620,30,32,44,FWD,E3,E4,E8,E9,13.891000,578.396000,OK
3,14,adjacent,620,30,32,45,REV,E4,E3,E8,E9,16.187000,497.319000,OK
3,14,adjacent,620,30,32,46,FWD,E3,E4,E9,E10,-17.395000,582.945000,OK
3,14,adjacent,620,30,32,47,REV,E4,E3,E9,E10,-15.602000,497.518000,OK
3,14,adjacent,620,30,32,48,FWD,E3,E4,E10,E11,39.102000,580.551000,OK
3,14,adjacent,620,30,32,49,REV,E4,E3,E10,E11,41.629000,498.236000,OK
3,14,adjacent,620,30,32,50,FWD,E3,E4,E11,E12,66.145000,580.072000,OK
3,14,adjacent,620,30,32,51,REV,E4,E3,E11,E12,69.656000,498.955000,OK
3,14,adjacent,620,30,32,52,FWD,E3,E4,E12,E1,-15.863000,580.312000,OK
3,14,adjacent,620,30,32,53,REV,E4,E3,E12,E1,-7.758000,498.396000,OK
3,14,adjacent,620,30,32,54,FWD,E4,E5,E1,E2,-234.617000,637.768000,OK
3,14,adjacent,620,30,32,55,REV,E5,E4,E1,E2,-222.750000,479.363000,OK
3,14,adjacent,620,30,32,56,FWD,E4,E5,E2,E3,207.078000,655.245000,OK
3,14,adjacent,620,30,32,57,REV,E5,E4,E2,E3,228.180000,476.890000,OK
3,14,adjacent,620,30,32,58,FWD,E4,E5,E6,E7,43.598000,654.845000,OK
3,14,adjacent,620,30,32,59,REV,E5,E4,E6,E7,57.984000,477.767000,OK
3,14,adjacent,620,30,32,60,FWD,E4,E5,E7,E8,198.945000,654.367000,OK
3,14,adjacent,620,30,32,61,REV,E5,E4,E7,E8,204.387000,478.725000,OK
3,14,adjacent,620,30,32,62,FWD,E4,E5,E8,E9,13.070000,653.409000,OK
3,14,adjacent,620,30,32,63,REV,E5,E4,E8,E9,16.484000,479.563000,OK
3,14,adjacent,620,30,32,64,FWD,E4,E5,E9,E10,-17.582000,652.771000,OK
3,14,adjacent,620,30,32,65,REV,E5,E4,E9,E10,-15.492000,480.361000,OK
3,14,adjacent,620,30,32,66,FWD,E4,E5,E10,E11,39.125000,652.771000,OK
3,14,adjacent,620,30,32,67,REV,E5,E4,E10,E11,41.375000,480.880000,OK
3,14,adjacent,620,30,32,68,FWD,E4,E5,E11,E12,66.648000,652.132000,OK
3,14,adjacent,620,30,32,69,REV,E5,E4,E11,E12,69.109000,481.438000,OK
3,14,adjacent,620,30,32,70,FWD,E4,E5,E12,E1,-14.105000,651.893000,OK
3,14,adjacent,620,30,32,71,REV,E5,E4,E12,E1,-9.477000,481.678000,OK
3,14,adjacent,620,30,32,72,FWD,E5,E6,E1,E2,-237.000000,614.945000,OK
3,14,adjacent,620,30,32,73,REV,E6,E5,E1,E2,-230.664000,506.695000,OK
3,14,adjacent,620,30,32,74,FWD,E5,E6,E2,E3,218.781000,631.384000,OK
3,14,adjacent,620,30,32,75,REV,E6,E5,E2,E3,227.320000,505.418000,OK
3,14,adjacent,620,30,32,76,FWD,E5,E6,E3,E4,-74.758000,630.666000,OK
3,14,adjacent,620,30,32,77,REV,E6,E5,E3,E4,-52.086000,506.975000,OK
3,14,adjacent,620,30,32,78,FWD,E5,E6,E7,E8,192.078000,629.868000,OK
3,14,adjacent,620,30,32,79,REV,E6,E5,E7,E8,210.039000,507.693000,OK
3,14,adjacent,620,30,32,80,FWD,E5,E6,E8,E9,10.133000,635.135000,OK
3,14,adjacent,620,30,32,81,REV,E6,E5,E8,E9,18.672000,504.501000,OK
3,14,adjacent,620,30,32,82,FWD,E5,E6,E9,E10,-18.352000,630.187000,OK
3,14,adjacent,620,30,32,83,REV,E6,E5,E9,E10,-14.684000,507.374000,OK
3,14,adjacent,620,30,32,84,FWD,E5,E6,E10,E11,38.844000,629.269000,OK
3,14,adjacent,620,30,32,85,REV,E6,E5,E10,E11,41.785000,508.132000,OK
3,14,adjacent,620,30,32,86,FWD,E5,E6,E11,E12,66.852000,627.514000,OK
3,14,adjacent,620,30,32,87,REV,E6,E5,E11,E12,69.137000,509.049000,OK
3,14,adjacent,620,30,32,88,FWD,E5,E6,E12,E1,-13.180000,626.636000,OK
3,14,adjacent,620,30,32,89,REV,E6,E5,E12,E1,-9.918000,509.329000,OK
3,14,adjacent,620,30,32,90,FWD,E6,E7,E1,E2,-237.180000,554.456000,OK
3,14,adjacent,620,30,32,91,REV,E7,E6,E1,E2,-233.937000,650.975000,OK
3,14,adjacent,620,30,32,92,FWD,E6,E7,E2,E3,224.000000,575.603000,OK
3,14,adjacent,620,30,32,93,REV,E7,E6,E2,E3,227.445000,644.232000,OK
3,14,adjacent,620,30,32,94,FWD,E6,E7,E3,E4,-64.637000,579.514000,OK
3,14,adjacent,620,30,32,95,REV,E7,E6,E3,E4,-58.172000,641.798000,OK
3,14,adjacent,620,30,32,96,FWD,E6,E7,E4,E5,-169.133000,581.987000,OK
3,14,adjacent,620,30,32,97,REV,E7,E6,E4,E5,-153.289000,640.801000,OK
3,14,adjacent,620,30,32,98,FWD,E6,E7,E8,E9,6.074000,582.027000,OK
3,14,adjacent,620,30,32,99,REV,E7,E6,E8,E9,24.629000,640.003000,OK
3,14,adjacent,620,30,32,100,FWD,E6,E7,E9,E10,-19.328000,583.184000,OK
3,14,adjacent,620,30,32,101,REV,E7,E6,E9,E10,-13.461000,640.441000,OK
3,14,adjacent,620,30,32,102,FWD,E6,E7,E10,E11,38.961000,583.663000,OK
3,14,adjacent,620,30,32,103,REV,E7,E6,E10,E11,42.629000,639.364000,OK
3,14,adjacent,620,30,32,104,FWD,E6,E7,E11,E12,67.117000,583.424000,OK
3,14,adjacent,620,30,32,105,REV,E7,E6,E11,E12,69.246000,639.085000,OK
3,14,adjacent,620,30,32,106,FWD,E6,E7,E12,E1,-12.391000,583.823000,OK
3,14,adjacent,620,30,32,107,REV,E7,E6,E12,E1,-10.133000,638.885000,OK
3,14,adjacent,620,30,32,108,FWD,E7,E8,E1,E2,-238.281000,446.007000,OK
3,14,adjacent,620,30,32,109,REV,E8,E7,E1,E2,-235.664000,772.472000,OK
3,14,adjacent,620,30,32,110,FWD,E7,E8,E2,E3,226.266000,491.653000,OK
3,14,adjacent,620,30,32,111,REV,E8,E7,E2,E3,228.492000,760.143000,OK
3,14,adjacent,620,30,32,112,FWD,E7,E8,E3,E4,-62.637000,499.793000,OK
3,14,adjacent,620,30,32,113,REV,E8,E7,E3,E4,-59.293000,755.315000,OK
3,14,adjacent,620,30,32,114,FWD,E7,E8,E4,E5,-163.180000,502.785000,OK
3,14,adjacent,620,30,32,115,REV,E8,E7,E4,E5,-157.129000,752.362000,OK
3,14,adjacent,620,30,32,116,FWD,E7,E8,E5,E6,-118.516000,506.057000,OK
3,14,adjacent,620,30,32,117,REV,E8,E7,E5,E6,-99.086000,751.125000,OK
3,14,adjacent,620,30,32,118,FWD,E7,E8,E9,E10,-21.504000,507.334000,OK
3,14,adjacent,620,30,32,119,REV,E8,E7,E9,E10,-9.168000,749.569000,OK
3,14,adjacent,620,30,32,120,FWD,E7,E8,E10,E11,38.402000,507.972000,OK
3,14,adjacent,620,30,32,121,REV,E8,E7,E10,E11,44.488000,748.651000,OK
3,14,adjacent,620,30,32,122,FWD,E7,E8,E11,E12,67.152000,509.808000,OK
3,14,adjacent,620,30,32,123,REV,E8,E7,E11,E12,69.824000,748.053000,OK
3,14,adjacent,620,30,32,124,FWD,E7,E8,E12,E1,-12.176000,509.927000,OK
3,14,adjacent,620,30,32,125,REV,E8,E7,E12,E1,-9.824000,746.816000,OK
3,14,adjacent,620,30,32,126,FWD,E8,E9,E1,E2,-239.766000,531.394000,OK
3,14,adjacent,620,30,32,127,REV,E9,E8,E1,E2,-236.805000,636.611000,OK
3,14,adjacent,620,30,32,128,FWD,E8,E9,E2,E3,227.141000,575.843000,OK
3,14,adjacent,620,30,32,129,REV,E9,E8,E2,E3,229.102000,620.372000,OK
3,14,adjacent,620,30,32,130,FWD,E8,E9,E3,E4,-62.441000,581.668000,OK
3,14,adjacent,620,30,32,131,REV,E9,E8,E3,E4,-59.965000,616.421000,OK
3,14,adjacent,620,30,32,132,FWD,E8,E9,E4,E5,-162.480000,584.102000,OK
3,14,adjacent,620,30,32,133,REV,E9,E8,E4,E5,-158.848000,615.903000,OK
3,14,adjacent,620,30,32,134,FWD,E8,E9,E5,E6,-118.375000,585.499000,OK
3,14,adjacent,620,30,32,135,REV,E9,E8,E5,E6,-109.535000,614.466000,OK
3,14,adjacent,620,30,32,136,FWD,E8,E9,E6,E7,47.980000,585.419000,OK
3,14,adjacent,620,30,32,137,REV,E9,E8,E6,E7,65.219000,606.087000,OK
3,14,adjacent,620,30,32,138,FWD,E8,E9,E10,E11,34.121000,585.778000,OK
3,14,adjacent,620,30,32,139,REV,E9,E8,E10,E11,48.035000,610.516000,OK
3,14,adjacent,620,30,32,140,FWD,E8,E9,E11,E12,66.027000,584.980000,OK
3,14,adjacent,620,30,32,141,REV,E9,E8,E11,E12,70.609000,611.155000,OK
3,14,adjacent,620,30,32,142,FWD,E8,E9,E12,E1,-12.820000,584.621000,OK
3,14,adjacent,620,30,32,143,REV,E9,E8,E12,E1,-9.516000,611.075000,OK
3,14,adjacent,620,30,32,144,FWD,E9,E10,E1,E2,-241.055000,587.015000,OK
3,14,adjacent,620,30,32,145,REV,E10,E9,E1,E2,-237.055000,607.563000,OK
3,14,adjacent,620,30,32,146,FWD,E9,E10,E2,E3,227.680000,619.055000,OK
3,14,adjacent,620,30,32,147,REV,E10,E9,E2,E3,229.750000,600.900000,OK
3,14,adjacent,620,30,32,148,FWD,E9,E10,E3,E4,-62.230000,621.968000,OK
3,14,adjacent,620,30,32,149,REV,E10,E9,E3,E4,-60.180000,599.943000,OK
3,14,adjacent,620,30,32,150,FWD,E9,E10,E4,E5,-161.867000,622.566000,OK
3,14,adjacent,620,30,32,151,REV,E10,E9,E4,E5,-159.617000,599.424000,OK
3,14,adjacent,620,30,32,152,FWD,E9,E10,E5,E6,-117.379000,622.726000,OK
3,14,adjacent,620,30,32,153,REV,E10,E9,E5,E6,-113.469000,599.224000,OK
3,14,adjacent,620,30,32,154,FWD,E9,E10,E6,E7,50.074000,622.606000,OK
3,14,adjacent,620,30,32,155,REV,E10,E9,E6,E7,55.801000,599.384000,OK
3,14,adjacent,620,30,32,156,FWD,E9,E10,E7,E8,191.660000,622.805000,OK
3,14,adjacent,620,30,32,157,REV,E10,E9,E7,E8,203.895000,599.304000,OK
3,14,adjacent,620,30,32,158,FWD,E9,E10,E11,E12,62.770000,623.284000,OK
3,14,adjacent,620,30,32,159,REV,E10,E9,E11,E12,73.582000,599.464000,OK
3,14,adjacent,620,30,32,160,FWD,E9,E10,E12,E1,-14.055000,623.603000,OK
3,14,adjacent,620,30,32,161,REV,E10,E9,E12,E1,-8.309000,598.626000,OK
3,14,adjacent,620,30,32,162,FWD,E10,E11,E1,E2,-243.570000,554.735000,OK
3,14,adjacent,620,30,32,163,REV,E11,E10,E1,E2,-235.125000,654.925000,OK
3,14,adjacent,620,30,32,164,FWD,E10,E11,E2,E3,227.516000,582.466000,OK
3,14,adjacent,620,30,32,165,REV,E11,E10,E2,E3,231.125000,648.262000,OK
3,14,adjacent,620,30,32,166,FWD,E10,E11,E3,E4,-62.586000,585.179000,OK
3,14,adjacent,620,30,32,167,REV,E11,E10,E3,E4,-59.672000,647.105000,OK
3,14,adjacent,620,30,32,168,FWD,E10,E11,E4,E5,-161.859000,585.898000,OK
3,14,adjacent,620,30,32,169,REV,E11,E10,E4,E5,-159.348000,646.586000,OK
3,14,adjacent,620,30,32,170,FWD,E10,E11,E5,E6,-117.617000,586.336000,OK
3,14,adjacent,620,30,32,171,REV,E11,E10,E5,E6,-114.379000,645.708000,OK
3,14,adjacent,620,30,32,172,FWD,E10,E11,E6,E7,50.566000,586.975000,OK
3,14,adjacent,620,30,32,173,REV,E11,E10,E6,E7,54.250000,645.788000,OK
3,14,adjacent,620,30,32,174,FWD,E10,E11,E7,E8,196.516000,586.616000,OK
3,14,adjacent,620,30,32,175,REV,E11,E10,E7,E8,202.648000,646.028000,OK
3,14,adjacent,620,30,32,176,FWD,E10,E11,E8,E9,8.816000,587.294000,OK
3,14,adjacent,620,30,32,177,REV,E11,E10,E8,E9,23.414000,651.294000,OK
3,14,adjacent,620,30,32,178,FWD,E10,E11,E12,E1,-18.859000,587.015000,OK
3,14,adjacent,620,30,32,179,REV,E11,E10,E12,E1,-2.375000,647.264000,OK
3,14,adjacent,620,30,32,180,FWD,E11,E12,E1,E2,-247.742000,511.882000,OK
3,14,adjacent,620,30,32,181,REV,E12,E11,E1,E2,-230.945000,636.411000,OK
3,14,adjacent,620,30,32,182,FWD,E11,E12,E2,E3,227.000000,529.279000,OK
3,14,adjacent,620,30,32,183,REV,E12,E11,E2,E3,232.742000,632.701000,OK
3,14,adjacent,620,30,32,184,FWD,E11,E12,E3,E4,-62.949000,530.795000,OK
3,14,adjacent,620,30,32,185,REV,E12,E11,E3,E4,-59.133000,631.663000,OK
3,14,adjacent,620,30,32,186,FWD,E11,E12,E4,E5,-161.816000,531.194000,OK
3,14,adjacent,620,30,32,187,REV,E12,E11,E4,E5,-159.238000,627.793000,OK
3,14,adjacent,620,30,32,188,FWD,E11,E12,E5,E6,-117.570000,531.713000,OK
3,14,adjacent,620,30,32,189,REV,E12,E11,E5,E6,-115.234000,630.187000,OK
3,14,adjacent,620,30,32,190,FWD,E11,E12,E6,E7,51.258000,530.995000,OK
3,14,adjacent,620,30,32,191,REV,E12,E11,E6,E7,53.242000,630.107000,OK
3,14,adjacent,620,30,32,192,FWD,E11,E12,E7,E8,198.961000,531.593000,OK
3,14,adjacent,620,30,32,193,REV,E12,E11,E7,E8,201.516000,630.666000,OK
3,14,adjacent,620,30,32,194,FWD,E11,E12,E8,E9,13.340000,531.952000,OK
3,14,adjacent,620,30,32,195,REV,E12,E11,E8,E9,17.945000,630.307000,OK
3,14,adjacent,620,30,32,196,FWD,E11,E12,E9,E10,-21.703000,532.591000,OK
3,14,adjacent,620,30,32,197,REV,E12,E11,E9,E10,-11.055000,630.067000,OK
3,14,adjacent,620,30,32,198,FWD,E12,E1,E2,E3,222.742000,521.498000,OK
3,14,adjacent,620,30,32,199,REV,E1,E12,E2,E3,236.773000,529.917000,OK
3,14,adjacent,620,30,32,200,FWD,E12,E1,E3,E4,-65.289000,538.975000,OK
3,14,adjacent,620,30,32,201,REV,E1,E12,E3,E4,-57.273000,527.922000,OK
3,14,adjacent,620,30,32,202,FWD,E12,E1,E4,E5,-162.766000,539.892000,OK
3,14,adjacent,620,30,32,203,REV,E1,E12,E4,E5,-158.355000,527.882000,OK
3,14,adjacent,620,30,32,204,FWD,E12,E1,E5,E6,-118.473000,539.852000,OK
3,14,adjacent,620,30,32,205,REV,E1,E12,E5,E6,-115.367000,527.084000,OK
3,14,adjacent,620,30,32,206,FWD,E12,E1,E6,E7,51.105000,541.409000,OK
3,14,adjacent,620,30,32,207,REV,E1,E12,E6,E7,53.109000,526.366000,OK
3,14,adjacent,620,30,32,208,FWD,E12,E1,E7,E8,199.555000,541.528000,OK
3,14,adjacent,620,30,32,209,REV,E1,E12,E7,E8,201.629000,527.443000,OK
3,14,adjacent,620,30,32,210,FWD,E12,E1,E8,E9,13.688000,541.249000,OK
3,14,adjacent,620,30,32,211,REV,E1,E12,E8,E9,16.691000,526.885000,OK
3,14,adjacent,620,30,32,212,FWD,E12,E1,E9,E10,-19.512000,541.050000,OK
3,14,adjacent,620,30,32,213,REV,E1,E12,E9,E10,-14.375000,527.483000,OK
3,14,adjacent,620,30,32,214,FWD,E12,E1,E10,E11,34.145000,541.488000,OK
3,14,adjacent,620,30,32,215,REV,E1,E12,E10,E11,48.418000,532.032000,OK
4,15,adjacent,620,30,32,0,FWD,E1,E2,E3,E4,-79.395000,682.018000,OK
4,15,adjacent,620,30,32,1,REV,E2,E1,E3,E4,-50.742000,412.810000,OK
4,15,adjacent,620,30,32,2,FWD,E1,E2,E4,E5,-168.293000,689.679000,OK
4,15,adjacent,620,30,32,3,REV,E2,E1,E4,E5,-155.949000,413.249000,OK
4,15,adjacent,620,30,32,4,FWD,E1,E2,E5,E6,-121.254000,687.324000,OK
4,15,adjacent,620,30,32,5,REV,E2,E1,E5,E6,-114.785000,415.483000,OK
4,15,adjacent,620,30,32,6,FWD,E1,E2,E6,E7,50.156000,686.247000,OK
4,15,adjacent,620,30,32,7,REV,E2,E1,E6,E7,53.223000,416.640000,OK
4,15,adjacent,620,30,32,8,FWD,E1,E2,E7,E8,199.332000,684.332000,OK
4,15,adjacent,620,30,32,9,REV,E2,E1,E7,E8,201.766000,411.852000,OK
4,15,adjacent,620,30,32,10,FWD,E1,E2,E8,E9,13.297000,685.329000,OK
4,15,adjacent,620,30,32,11,REV,E2,E1,E8,E9,16.137000,417.797000,OK
4,15,adjacent,620,30,32,12,FWD,E1,E2,E9,E10,-19.227000,683.374000,OK
4,15,adjacent,620,30,32,13,REV,E2,E1,E9,E10,-15.535000,418.914000,OK
4,15,adjacent,620,30,32,14,FWD,E1,E2,E10,E11,36.547000,681.299000,OK
4,15,adjacent,620,30,32,15,REV,E2,E1,E10,E11,44.078000,420.431000,OK
4,15,adjacent,620,30,32,16,FWD,E1,E2,E11,E12,57.895000,680.262000,OK
4,15,adjacent,620,30,32,17,REV,E2,E1,E11,E12,73.609000,421.109000,OK
4,15,adjacent,620,30,32,18,FWD,E2,E3,E4,E5,-167.906000,391.303000,OK
4,15,adjacent,620,30,32,19,REV,E3,E2,E4,E5,-147.027000,700.452000,OK
4,15,adjacent,620,30,32,20,FWD,E2,E3,E5,E6,-120.375000,420.670000,OK
4,15,adjacent,620,30,32,21,REV,E3,E2,E5,E6,-112.102000,693.988000,OK
4,15,adjacent,620,30,32,22,FWD,E2,E3,E6,E7,51.004000,425.857000,OK
4,15,adjacent,620,30,32,23,REV,E3,E2,E6,E7,54.008000,691.275000,OK
4,15,adjacent,620,30,32,24,FWD,E2,E3,E7,E8,200.449000,427.373000,OK
4,15,adjacent,620,30,32,25,REV,E3,E2,E7,E8,202.371000,690.317000,OK
4,15,adjacent,620,30,32,26,FWD,E2,E3,E8,E9,14.281000,429.049000,OK
4,15,adjacent,620,30,32,27,REV,E3,E2,E8,E9,16.156000,688.841000,OK
4,15,adjacent,620,30,32,28,FWD,E2,E3,E9,E10,-17.586000,435.473000,OK
4,15,adjacent,620,30,32,29,REV,E3,E2,E9,E10,-15.645000,686.606000,OK
4,15,adjacent,620,30,32,30,FWD,E2,E3,E10,E11,40.051000,434.276000,OK
4,15,adjacent,620,30,32,31,REV,E3,E2,E10,E11,43.266000,686.686000,OK
4,15,adjacent,620,30,32,32,FWD,E2,E3,E11,E12,65.754000,433.997000,OK
4,15,adjacent,620,30,32,33,REV,E3,E2,E11,E12,71.238000,686.407000,OK
4,15,adjacent,620,30,32,34,FWD,E2,E3,E12,E1,-16.910000,433.318000,OK
4,15,adjacent,620,30,32,35,REV,E3,E2,E12,E1,-2.129000,686.965000,OK
4,15,adjacent,620,30,32,36,FWD,E3,E4,E1,E2,-208.687000,561.957000,OK
4,15,adjacent,620,30,32,37,REV,E4,E3,E1,E2,-191.582000,498.995000,OK
4,15,adjacent,620,30,32,38,FWD,E3,E4,E5,E6,-129.141000,577.439000,OK
4,15,adjacent,620,30,32,39,REV,E4,E3,E5,E6,-107.547000,497.239000,OK
4,15,adjacent,620,30,32,40,FWD,E3,E4,E6,E7,49.016000,577.798000,OK
4,15,adjacent,620,30,32,41,REV,E4,E3,E6,E7,54.758000,497.319000,OK
4,15,adjacent,620,30,32,42,FWD,E3,E4,E7,E8,199.770000,578.556000,OK
4,15,adjacent,620,30,32,43,REV,E4,E3,E7,E8,202.641000,497.119000,OK
4,15,adjacent,620,30,32,44,FWD,E3,E4,E8,E9,13.629000,578.915000,OK
4,15,adjacent,620,30,32,45,REV,E4,E3,E8,E9,15.910000,496.720000,OK
4,15,adjacent,620,30,32,46,FWD,E3,E4,E9,E10,-17.762000,579.394000,OK
4,15,adjacent,620,30,32,47,REV,E4,E3,E9,E10,-15.941000,496.840000,OK
4,15,adjacent,620,30,32,48,FWD,E3,E4,E10,E11,39.848000,579.274000,OK
4,15,adjacent,620,30,32,49,REV,E4,E3,E10,E11,42.371000,496.600000,OK
4,15,adjacent,620,30,32,50,FWD,E3,E4,E11,E12,65.867000,578.755000,OK
4,15,adjacent,620,30,32,51,REV,E4,E3,E11,E12,69.375000,497.199000,OK
4,15,adjacent,620,30,32,52,FWD,E3,E4,E12,E1,-15.563000,579.394000,OK
4,15,adjacent,620,30,32,53,REV,E4,E3,E12,E1,-7.469000,497.159000,OK
4,15,adjacent,620,30,32,54,FWD,E4,E5,E1,E2,-236.336000,635.653000,OK
4,15,adjacent,620,30,32,55,REV,E5,E4,E1,E2,-224.352000,480.042000,OK
4,15,adjacent,620,30,32,56,FWD,E4,E5,E2,E3,209.352000,654.407000,OK
4,15,adjacent,620,30,32,57,REV,E5,E4,E2,E3,230.164000,477.847000,OK
4,15,adjacent,620,30,32,58,FWD,E4,E5,E6,E7,43.809000,654.606000,OK
4,15,adjacent,620,30,32,59,REV,E5,E4,E6,E7,58.156000,478.605000,OK
4,15,adjacent,620,30,32,60,FWD,E4,E5,E7,E8,198.125000,653.609000,OK
4,15,adjacent,620,30,32,61,REV,E5,E4,E7,E8,203.594000,479.483000,OK
4,15,adjacent,620,30,32,62,FWD,E4,E5,E8,E9,12.941000,652.531000,OK
4,15,adjacent,620,30,32,63,REV,E5,E4,E8,E9,16.375000,480.241000,OK
4,15,adjacent,620,30,32,64,FWD,E4,E5,E9,E10,-17.988000,652.132000,OK
4,15,adjacent,620,30,32,65,REV,E5,E4,E9,E10,-15.895000,480.680000,OK
4,15,adjacent,620,30,32,66,FWD,E4,E5,E10,E11,39.852000,652.132000,OK
4,15,adjacent,620,30,32,67,REV,E5,E4,E10,E11,42.113000,480.800000,OK
4,15,adjacent,620,30,32,68,FWD,E4,E5,E11,E12,66.422000,651.454000,OK
4,15,adjacent,620,30,32,69,REV,E5,E4,E11,E12,68.852000,481.478000,OK
4,15,adjacent,620,30,32,70,FWD,E4,E5,E12,E1,-13.730000,658.038000,OK
4,15,adjacent,620,30,32,71,REV,E5,E4,E12,E1,-9.051000,480.201000,OK
4,15,adjacent,620,30,32,72,FWD,E5,E6,E1,E2,-237.492000,581.548000,OK
4,15,adjacent,620,30,32,73,REV,E6,E5,E1,E2,-231.437000,471.344000,OK
4,15,adjacent,620,30,32,74,FWD,E5,E6,E2,E3,219.539000,601.179000,OK
4,15,adjacent,620,30,32,75,REV,E6,E5,E2,E3,227.617000,476.411000,OK
4,15,adjacent,620,30,32,76,FWD,E5,E6,E3,E4,-74.609000,601.020000,OK
4,15,adjacent,620,30,32,77,REV,E6,E5,E3,E4,-53.098000,477.049000,OK
4,15,adjacent,620,30,32,78,FWD,E5,E6,E7,E8,191.703000,599.943000,OK
4,15,adjacent,620,30,32,79,REV,E6,E5,E7,E8,208.789000,477.847000,OK
4,15,adjacent,620,30,32,80,FWD,E5,E6,E8,E9,10.297000,594.037000,OK
4,15,adjacent,620,30,32,81,REV,E6,E5,E8,E9,18.402000,482.955000,OK
4,15,adjacent,620,30,32,82,FWD,E5,E6,E9,E10,-18.637000,596.870000,OK
4,15,adjacent,620,30,32,83,REV,E6,E5,E9,E10,-15.121000,483.473000,OK
4,15,adjacent,620,30,32,84,FWD,E5,E6,E10,E11,39.527000,596.352000,OK
4,15,adjacent,620,30,32,85,REV,E6,E5,E10,E11,42.359000,483.354000,OK
4,15,adjacent,620,30,32,86,FWD,E5,E6,E11,E12,66.668000,597.548000,OK
4,15,adjacent,620,30,32,87,REV,E6,E5,E11,E12,68.824000,485.867000,OK
4,15,adjacent,620,30,32,88,FWD,E5,E6,E12,E1,-12.598000,596.830000,OK
4,15,adjacent,620,30,32,89,REV,E6,E5,E12,E1,-9.480000,486.426000,OK
4,15,adjacent,620,30,32,90,FWD,E6,E7,E1,E2,-237.531000,525.409000,OK
4,15,adjacent,620,30,32,91,REV,E7,E6,E1,E2,-234.477000,618.297000,OK
4,15,adjacent,620,30,32,92,FWD,E6,E7,E2,E3,224.477000,546.675000,OK
4,15,adjacent,620,30,32,93,REV,E7,E6,E2,E3,227.742000,611.833000,OK
4,15,adjacent,620,30,32,94,FWD,E6,E7,E3,E4,-64.762000,550.067000,OK
4,15,adjacent,620,30,32,95,REV,E7,E6,E3,E4,-58.625000,609.798000,OK
4,15,adjacent,620,30,32,96,FWD,E6,E7,E4,E5,-167.527000,551.942000,OK
4,15,adjacent,620,30,32,97,REV,E7,E6,E4,E5,-152.516000,608.840000,OK
4,15,adjacent,620,30,32,98,FWD,E6,E7,E8,E9,6.457000,552.621000,OK
4,15,adjacent,620,30,32,99,REV,E7,E6,E8,E9,24.102000,608.362000,OK
4,15,adjacent,620,30,32,100,FWD,E6,E7,E9,E10,-19.316000,552.740000,OK
4,15,adjacent,620,30,32,101,REV,E7,E6,E9,E10,-13.723000,608.042000,OK
4,15,adjacent,620,30,32,102,FWD,E6,E7,E10,E11,39.426000,554.137000,OK
4,15,adjacent,620,30,32,103,REV,E7,E6,E10,E11,42.906000,608.042000,OK
4,15,adjacent,620,30,32,104,FWD,E6,E7,E11,E12,66.852000,553.858000,OK
4,15,adjacent,620,30,32,105,REV,E7,E6,E11,E12,68.898000,608.082000,OK
4,15,adjacent,620,30,32,106,FWD,E6,E7,E12,E1,-11.770000,555.254000,OK
4,15,adjacent,620,30,32,107,REV,E7,E6,E12,E1,-9.605000,607.484000,OK
4,15,adjacent,620,30,32,108,FWD,E7,E8,E1,E2,-238.602000,447.164000,OK
4,15,adjacent,620,30,32,109,REV,E8,E7,E1,E2,-236.000000,771.235000,OK
4,15,adjacent,620,30,32,110,FWD,E7,E8,E2,E3,226.437000,492.730000,OK
4,15,adjacent,620,30,32,111,REV,E8,E7,E2,E3,228.547000,759.385000,OK
4,15,adjacent,620,30,32,112,FWD,E7,E8,E3,E4,-62.934000,500.630000,OK
4,15,adjacent,620,30,32,113,REV,E8,E7,E3,E4,-59.582000,754.477000,OK
4,15,adjacent,620,30,32,114,FWD,E7,E8,E4,E5,-162.176000,504.341000,OK
4,15,adjacent,620,30,32,115,REV,E8,E7,E4,E5,-156.117000,751.803000,OK
4,15,adjacent,620,30,32,116,FWD,E7,E8,E5,E6,-119.203000,506.735000,OK
4,15,adjacent,620,30,32,117,REV,E8,E7,E5,E6,-99.750000,750.487000,OK
4,15,adjacent,620,30,32,118,FWD,E7,E8,E9,E10,-21.469000,507.613000,OK
4,15,adjacent,620,30,32,119,REV,E8,E7,E9,E10,-9.121000,749.330000,OK
4,15,adjacent,620,30,32,120,FWD,E7,E8,E10,E11,38.762000,509.329000,OK
4,15,adjacent,620,30,32,121,REV,E8,E7,E10,E11,44.836000,748.891000,OK
4,15,adjacent,620,30,32,122,FWD,E7,E8,E11,E12,66.859000,510.246000,OK
4,15,adjacent,620,30,32,123,REV,E8,E7,E11,E12,69.508000,747.494000,OK
4,15,adjacent,620,30,32,124,FWD,E7,E8,E12,E1,-11.645000,518.705000,OK
4,15,adjacent,620,30,32,125,REV,E8,E7,E12,E1,-9.254000,745.499000,OK
4,15,adjacent,620,30,32,126,FWD,E8,E9,E1,E2,-239.875000,534.107000,OK
4,15,adjacent,620,30,32,127,REV,E9,E8,E1,E2,-236.914000,630.666000,OK
4,15,adjacent,620,30,32,128,FWD,E8,E9,E2,E3,227.016000,578.237000,OK
4,15,adjacent,620,30,32,129,REV,E9,E8,E2,E3,229.023000,618.736000,OK
4,15,adjacent,620,30,32,130,FWD,E8,E9,E3,E4,-62.746000,583.184000,OK
4,15,adjacent,620,30,32,131,REV,E9,E8,E3,E4,-60.262000,615.544000,OK
4,15,adjacent,620,30,32,132,FWD,E8,E9,E4,E5,-161.410000,585.100000,OK
4,15,adjacent,620,30,32,133,REV,E9,E8,E4,E5,-157.797000,614.307000,OK
4,15,adjacent,620,30,32,134,FWD,E8,E9,E5,E6,-118.898000,585.858000,OK
4,15,adjacent,620,30,32,135,REV,E9,E8,E5,E6,-110.063000,614.067000,OK
4,15,adjacent,620,30,32,136,FWD,E8,E9,E6,E7,47.938000,585.299000,OK
4,15,adjacent,620,30,32,137,REV,E9,E8,E6,E7,65.121000,605.489000,OK
4,15,adjacent,620,30,32,138,FWD,E8,E9,E10,E11,34.293000,585.020000,OK
4,15,adjacent,620,30,32,139,REV,E9,E8,E10,E11,48.246000,610.157000,OK
4,15,adjacent,620,30,32,140,FWD,E8,E9,E11,E12,65.695000,584.621000,OK
4,15,adjacent,620,30,32,141,REV,E9,E8,E11,E12,70.313000,610.037000,OK
4,15,adjacent,620,30,32,142,FWD,E8,E9,E12,E1,-12.246000,585.179000,OK
4,15,adjacent,620,30,32,143,REV,E9,E8,E12,E1,-8.941000,611.234000,OK
4,15,adjacent,620,30,32,144,FWD,E9,E10,E1,E2,-241.078000,586.616000,OK
4,15,adjacent,620,30,32,145,REV,E10,E9,E1,E2,-237.078000,607.763000,OK
4,15,adjacent,620,30,32,146,FWD,E9,E10,E2,E3,227.453000,618.337000,OK
4,15,adjacent,620,30,32,147,REV,E10,E9,E2,E3,229.500000,601.140000,OK
4,15,adjacent,620,30,32,148,FWD,E9,E10,E3,E4,-62.566000,621.608000,OK
4,15,adjacent,620,30,32,149,REV,E10,E9,E3,E4,-60.504000,600.022000,OK
4,15,adjacent,620,30,32,150,FWD,E9,E10,E4,E5,-160.586000,622.406000,OK
4,15,adjacent,620,30,32,151,REV,E10,E9,E4,E5,-158.332000,599.623000,OK
4,15,adjacent,620,30,32,152,FWD,E9,E10,E5,E6,-118.105000,622.726000,OK
4,15,adjacent,620,30,32,153,REV,E10,E9,E5,E6,-114.172000,599.743000,OK
4,15,adjacent,620,30,32,154,FWD,E9,E10,E6,E7,50.145000,622.805000,OK
4,15,adjacent,620,30,32,155,REV,E10,E9,E6,E7,55.887000,599.105000,OK
4,15,adjacent,620,30,32,156,FWD,E9,E10,E7,E8,191.074000,622.965000,OK
4,15,adjacent,620,30,32,157,REV,E10,E9,E7,E8,203.340000,599.105000,OK
4,15,adjacent,620,30,32,158,FWD,E9,E10,E11,E12,62.473000,623.444000,OK
4,15,adjacent,620,30,32,159,REV,E10,E9,E11,E12,73.270000,598.865000,OK
4,15,adjacent,620,30,32,160,FWD,E9,E10,E12,E1,-13.520000,623.005000,OK
4,15,adjacent,620,30,32,161,REV,E10,E9,E12,E1,-7.754000,598.905000,OK
4,15,adjacent,620,30,32,162,FWD,E10,E11,E1,E2,-243.500000,554.017000,OK
4,15,adjacent,620,30,32,163,REV,E11,E10,E1,E2,-235.094000,655.444000,OK
4,15,adjacent,620,30,32,164,FWD,E10,E11,E2,E3,227.250000,582.745000,OK
4,15,adjacent,620,30,32,165,REV,E11,E10,E2,E3,230.859000,648.182000,OK
4,15,adjacent,620,30,32,166,FWD,E10,E11,E3,E4,-62.891000,590.885000,OK
4,15,adjacent,620,30,32,167,REV,E11,E10,E3,E4,-59.965000,646.985000,OK
4,15,adjacent,620,30,32,168,FWD,E10,E11,E4,E5,-160.629000,587.773000,OK
4,15,adjacent,620,30,32,169,REV,E11,E10,E4,E5,-158.113000,646.865000,OK
4,15,adjacent,620,30,32,170,FWD,E10,E11,E5,E6,-118.273000,588.571000,OK
4,15,adjacent,620,30,32,171,REV,E11,E10,E5,E6,-115.059000,646.905000,OK
4,15,adjacent,620,30,32,172,FWD,E10,E11,E6,E7,50.734000,587.773000,OK
4,15,adjacent,620,30,32,173,REV,E11,E10,E6,E7,54.414000,646.546000,OK
4,15,adjacent,620,30,32,174,FWD,E10,E11,E7,E8,195.750000,588.252000,OK
4,15,adjacent,620,30,32,175,REV,E11,E10,E7,E8,201.855000,646.985000,OK
4,15,adjacent,620,30,32,176,FWD,E10,E11,E8,E9,8.844000,582.785000,OK
4,15,adjacent,620,30,32,177,REV,E11,E10,E8,E9,23.352000,647.185000,OK
4,15,adjacent,620,30,32,178,FWD,E10,E11,E12,E1,-18.348000,586.057000,OK
4,15,adjacent,620,30,32,179,REV,E11,E10,E12,E1,-1.918000,645.788000,OK
4,15,adjacent,620,30,32,180,FWD,E11,E12,E1,E2,-247.562000,511.005000,OK
4,15,adjacent,620,30,32,181,REV,E12,E11,E1,E2,-230.695000,635.175000,OK
4,15,adjacent,620,30,32,182,FWD,E11,E12,E2,E3,226.641000,529.119000,OK
4,15,adjacent,620,30,32,183,REV,E12,E11,E2,E3,232.375000,631.983000,OK
4,15,adjacent,620,30,32,184,FWD,E11,E12,E3,E4,-63.184000,530.556000,OK
4,15,adjacent,620,30,32,185,REV,E12,E11,E3,E4,-59.371000,631.304000,OK
4,15,adjacent,620,30,32,186,FWD,E11,E12,E4,E5,-160.586000,530.795000,OK
4,15,adjacent,620,30,32,187,REV,E12,E11,E4,E5,-158.023000,631.185000,OK
4,15,adjacent,620,30,32,188,FWD,E11,E12,E5,E6,-118.273000,531.274000,OK
4,15,adjacent,620,30,32,189,REV,E12,E11,E5,E6,-115.938000,630.586000,OK
4,15,adjacent,620,30,32,190,FWD,E11,E12,E6,E7,51.344000,531.713000,OK
4,15,adjacent,620,30,32,191,REV,E12,E11,E6,E7,53.336000,630.506000,OK
4,15,adjacent,620,30,32,192,FWD,E11,E12,E7,E8,198.344000,531.793000,OK
4,15,adjacent,620,30,32,193,REV,E12,E11,E7,E8,200.930000,630.746000,OK
4,15,adjacent,620,30,32,194,FWD,E11,E12,E8,E9,13.172000,531.753000,OK
4,15,adjacent,620,30,32,195,REV,E12,E11,E8,E9,17.762000,630.387000,OK
4,15,adjacent,620,30,32,196,FWD,E11,E12,E9,E10,-21.312000,532.591000,OK
4,15,adjacent,620,30,32,197,REV,E12,E11,E9,E10,-10.656000,629.628000,OK
4,15,adjacent,620,30,32,198,FWD,E12,E1,E2,E3,222.336000,520.860000,OK
4,15,adjacent,620,30,32,199,REV,E1,E12,E2,E3,236.477000,529.917000,OK
4,15,adjacent,620,30,32,200,FWD,E12,E1,E3,E4,-65.523000,538.137000,OK
4,15,adjacent,620,30,32,201,REV,E1,E12,E3,E4,-57.457000,528.202000,OK
4,15,adjacent,620,30,32,202,FWD,E12,E1,E4,E5,-161.652000,539.453000,OK
4,15,adjacent,620,30,32,203,REV,E1,E12,E4,E5,-157.242000,527.124000,OK
4,15,adjacent,620,30,32,204,FWD,E12,E1,E5,E6,-119.051000,540.690000,OK
4,15,adjacent,620,30,32,205,REV,E1,E12,E5,E6,-115.953000,526.925000,OK
4,15,adjacent,620,30,32,206,FWD,E12,E1,E6,E7,51.176000,541.089000,OK
4,15,adjacent,620,30,32,207,REV,E1,E12,E6,E7,53.191000,527.523000,OK
4,15,adjacent,620,30,32,208,FWD,E12,E1,E7,E8,198.969000,541.249000,OK
4,15,adjacent,620,30,32,209,REV,E1,E12,E7,E8,201.023000,526.606000,OK
4,15,adjacent,620,30,32,210,FWD,E12,E1,E8,E9,13.520000,541.089000,OK
4,15,adjacent,620,30,32,211,REV,E1,E12,E8,E9,16.535000,527.324000,OK
4,15,adjacent,620,30,32,212,FWD,E12,E1,E9,E10,-19.125000,541.289000,OK
4,15,adjacent,620,30,32,213,REV,E1,E12,E9,E10,-13.977000,527.044000,OK
4,15,adjacent,620,30,32,214,FWD,E12,E1,E10,E11,34.113000,540.810000,OK
4,15,adjacent,620,30,32,215,REV,E1,E12,E10,E11,48.387000,532.990000,OK
5,16,adjacent,620,30,32,0,FWD,E1,E2,E3,E4,-79.535000,681.898000,OK
5,16,adjacent,620,30,32,1,REV,E2,E1,E3,E4,-50.941000,413.687000,OK
5,16,adjacent,620,30,32,2,FWD,E1,E2,E4,E5,-167.254000,688.881000,OK
5,16,adjacent,620,30,32,3,REV,E2,E1,E4,E5,-154.930000,413.328000,OK
5,16,adjacent,620,30,32,4,FWD,E1,E2,E5,E6,-121.809000,687.125000,OK
5,16,adjacent,620,30,32,5,REV,E2,E1,E5,E6,-115.379000,415.922000,OK
5,16,adjacent,620,30,32,6,FWD,E1,E2,E6,E7,50.242000,685.928000,OK
5,16,adjacent,620,30,32,7,REV,E2,E1,E6,E7,53.301000,417.199000,OK
5,16,adjacent,620,30,32,8,FWD,E1,E2,E7,E8,198.727000,684.691000,OK
5,16,adjacent,620,30,32,9,REV,E2,E1,E7,E8,201.156000,417.717000,OK
5,16,adjacent,620,30,32,10,FWD,E1,E2,E8,E9,13.121000,683.255000,OK
5,16,adjacent,620,30,32,11,REV,E2,E1,E8,E9,15.953000,413.648000,OK
5,16,adjacent,620,30,32,12,FWD,E1,E2,E9,E10,-18.801000,684.093000,OK
5,16,adjacent,620,30,32,13,REV,E2,E1,E9,E10,-15.117000,418.356000,OK
5,16,adjacent,620,30,32,14,FWD,E1,E2,E10,E11,36.535000,681.938000,OK
5,16,adjacent,620,30,32,15,REV,E2,E1,E10,E11,44.039000,420.471000,OK
5,16,adjacent,620,30,32,16,FWD,E1,E2,E11,E12,57.719000,680.940000,OK
5,16,adjacent,620,30,32,17,REV,E2,E1,E11,E12,73.418000,421.308000,OK
5,16,adjacent,620,30,32,18,FWD,E2,E3,E4,E5,-166.953000,391.383000,OK
5,16,adjacent,620,30,32,19,REV,E3,E2,E4,E5,-146.027000,699.893000,OK
5,16,adjacent,620,30,32,20,FWD,E2,E3,E5,E6,-120.895000,420.870000,OK
5,16,adjacent,620,30,32,21,REV,E3,E2,E5,E6,-112.625000,693.988000,OK
5,16,adjacent,620,30,32,22,FWD,E2,E3,E6,E7,51.094000,425.139000,OK
5,16,adjacent,620,30,32,23,REV,E3,E2,E6,E7,54.078000,690.796000,OK
5,16,adjacent,620,30,32,24,FWD,E2,E3,E7,E8,199.785000,427.373000,OK
5,16,adjacent,620,30,32,25,REV,E3,E2,E7,E8,201.719000,690.038000,OK
5,16,adjacent,620,30,32,26,FWD,E2,E3,E8,E9,14.125000,429.967000,OK
5,16,adjacent,620,30,32,27,REV,E3,E2,E8,E9,15.984000,688.721000,OK
5,16,adjacent,620,30,32,28,FWD,E2,E3,E9,E10,-17.148000,430.565000,OK
5,16,adjacent,620,30,32,29,REV,E3,E2,E9,E10,-15.254000,688.282000,OK
5,16,adjacent,620,30,32,30,FWD,E2,E3,E10,E11,40.008000,431.563000,OK
5,16,adjacent,620,30,32,31,REV,E3,E2,E10,E11,43.250000,687.883000,OK
5,16,adjacent,620,30,32,32,FWD,E2,E3,E11,E12,65.594000,432.161000,OK
5,16,adjacent,620,30,32,33,REV,E3,E2,E11,E12,71.020000,686.846000,OK
5,16,adjacent,620,30,32,34,FWD,E2,E3,E12,E1,-16.055000,438.585000,OK
5,16,adjacent,620,30,32,35,REV,E3,E2,E12,E1,-1.227000,684.212000,OK
5,16,adjacent,620,30,32,36,FWD,E3,E4,E1,E2,-207.141000,561.518000,OK
5,16,adjacent,620,30,32,37,REV,E4,E3,E1,E2,-188.504000,504.062000,OK
5,16,adjacent,620,30,32,38,FWD,E3,E4,E5,E6,-129.645000,577.838000,OK
5,16,adjacent,620,30,32,39,REV,E4,E3,E5,E6,-108.066000,500.551000,OK
5,16,adjacent,620,30,32,40,FWD,E3,E4,E6,E7,49.117000,578.476000,OK
5,16,adjacent,620,30,32,41,REV,E4,E3,E6,E7,54.805000,499.314000,OK
5,16,adjacent,620,30,32,42,FWD,E3,E4,E7,E8,199.125000,579.354000,OK
5,16,adjacent,620,30,32,43,REV,E4,E3,E7,E8,202.008000,499.713000,OK
5,16,adjacent,620,30,32,44,FWD,E3,E4,E8,E9,13.488000,574.925000,OK
5,16,adjacent,620,30,32,45,REV,E4,E3,E8,E9,15.758000,497.917000,OK
5,16,adjacent,620,30,32,46,FWD,E3,E4,E9,E10,-17.395000,578.157000,OK
5,16,adjacent,620,30,32,47,REV,E4,E3,E9,E10,-15.582000,497.079000,OK
5,16,adjacent,620,30,32,48,FWD,E3,E4,E10,E11,39.816000,578.516000,OK
5,16,adjacent,620,30,32,49,REV,E4,E3,E10,E11,42.355000,497.558000,OK
5,16,adjacent,620,30,32,50,FWD,E3,E4,E11,E12,65.789000,578.915000,OK
5,16,adjacent,620,30,32,51,REV,E4,E3,E11,E12,69.313000,496.960000,OK
5,16,adjacent,620,30,32,52,FWD,E3,E4,E12,E1,-14.797000,578.636000,OK
5,16,adjacent,620,30,32,53,REV,E4,E3,E12,E1,-6.734000,497.279000,OK
5,16,adjacent,620,30,32,54,FWD,E4,E5,E1,E2,-235.125000,634.656000,OK
5,16,adjacent,620,30,32,55,REV,E5,E4,E1,E2,-223.211000,480.441000,OK
5,16,adjacent,620,30,32,56,FWD,E4,E5,E2,E3,207.555000,653.529000,OK
5,16,adjacent,620,30,32,57,REV,E5,E4,E2,E3,228.422000,478.127000,OK
5,16,adjacent,620,30,32,58,FWD,E4,E5,E6,E7,43.820000,652.850000,OK
5,16,adjacent,620,30,32,59,REV,E5,E4,E6,E7,58.203000,478.685000,OK
5,16,adjacent,620,30,32,60,FWD,E4,E5,E7,E8,197.637000,653.010000,OK
5,16,adjacent,620,30,32,61,REV,E5,E4,E7,E8,203.078000,479.363000,OK
5,16,adjacent,620,30,32,62,FWD,E4,E5,E8,E9,12.656000,651.693000,OK
5,16,adjacent,620,30,32,63,REV,E5,E4,E8,E9,16.098000,480.521000,OK
5,16,adjacent,620,30,32,64,FWD,E4,E5,E9,E10,-17.570000,651.135000,OK
5,16,adjacent,620,30,32,65,REV,E5,E4,E9,E10,-15.480000,480.880000,OK
5,16,adjacent,620,30,32,66,FWD,E4,E5,E10,E11,39.773000,651.454000,OK
5,16,adjacent,620,30,32,67,REV,E5,E4,E10,E11,42.039000,481.039000,OK
5,16,adjacent,620,30,32,68,FWD,E4,E5,E11,E12,66.301000,657.160000,OK
5,16,adjacent,620,30,32,69,REV,E5,E4,E11,E12,68.770000,480.082000,OK
5,16,adjacent,620,30,32,70,FWD,E4,E5,E12,E1,-13.098000,652.292000,OK
5,16,adjacent,620,30,32,71,REV,E5,E4,E12,E1,-8.402000,481.837000,OK
5,16,adjacent,620,30,32,72,FWD,E5,E6,E1,E2,-236.742000,593.878000,OK
5,16,adjacent,620,30,32,73,REV,E6,E5,E1,E2,-230.508000,480.880000,OK
5,16,adjacent,620,30,32,74,FWD,E5,E6,E2,E3,218.156000,606.047000,OK
5,16,adjacent,620,30,32,75,REV,E6,E5,E2,E3,226.297000,479.324000,OK
5,16,adjacent,620,30,32,76,FWD,E5,E6,E3,E4,-74.703000,600.302000,OK
5,16,adjacent,620,30,32,77,REV,E6,E5,E3,E4,-52.992000,484.431000,OK
5,16,adjacent,620,30,32,78,FWD,E5,E6,E7,E8,191.227000,602.257000,OK
5,16,adjacent,620,30,32,79,REV,E6,E5,E7,E8,208.461000,484.231000,OK
5,16,adjacent,620,30,32,80,FWD,E5,E6,E8,E9,9.984000,602.536000,OK
5,16,adjacent,620,30,32,81,REV,E6,E5,E8,E9,18.148000,485.468000,OK
5,16,adjacent,620,30,32,82,FWD,E5,E6,E9,E10,-18.273000,601.140000,OK
5,16,adjacent,620,30,32,83,REV,E6,E5,E9,E10,-14.746000,486.266000,OK
5,16,adjacent,620,30,32,84,FWD,E5,E6,E10,E11,39.508000,600.741000,OK
5,16,adjacent,620,30,32,85,REV,E6,E5,E10,E11,42.340000,487.543000,OK
5,16,adjacent,620,30,32,86,FWD,E5,E6,E11,E12,66.586000,599.863000,OK
5,16,adjacent,620,30,32,87,REV,E6,E5,E11,E12,68.742000,488.102000,OK
5,16,adjacent,620,30,32,88,FWD,E5,E6,E12,E1,-12.051000,599.304000,OK
5,16,adjacent,620,30,32,89,REV,E6,E5,E12,E1,-8.922000,488.820000,OK
5,16,adjacent,620,30,32,90,FWD,E6,E7,E1,E2,-237.047000,527.563000,OK
5,16,adjacent,620,30,32,91,REV,E7,E6,E1,E2,-233.992000,620.890000,OK
5,16,adjacent,620,30,32,92,FWD,E6,E7,E2,E3,223.500000,548.950000,OK
5,16,adjacent,620,30,32,93,REV,E7,E6,E2,E3,226.758000,614.586000,OK
5,16,adjacent,620,30,32,94,FWD,E6,E7,E3,E4,-64.832000,552.860000,OK
5,16,adjacent,620,30,32,95,REV,E7,E6,E3,E4,-58.664000,612.631000,OK
5,16,adjacent,620,30,32,96,FWD,E6,E7,E4,E5,-167.297000,554.017000,OK
5,16,adjacent,620,30,32,97,REV,E7,E6,E4,E5,-152.207000,610.676000,OK
5,16,adjacent,620,30,32,98,FWD,E6,E7,E8,E9,6.117000,555.174000,OK
5,16,adjacent,620,30,32,99,REV,E7,E6,E8,E9,23.836000,610.716000,OK
5,16,adjacent,620,30,32,100,FWD,E6,E7,E9,E10,-18.922000,555.733000,OK
5,16,adjacent,620,30,32,101,REV,E7,E6,E9,E10,-13.297000,609.798000,OK
5,16,adjacent,620,30,32,102,FWD,E6,E7,E10,E11,39.367000,556.132000,OK
5,16,adjacent,620,30,32,103,REV,E7,E6,E10,E11,42.871000,609.997000,OK
5,16,adjacent,620,30,32,104,FWD,E6,E7,E11,E12,66.813000,556.690000,OK
5,16,adjacent,620,30,32,105,REV,E7,E6,E11,E12,68.883000,609.758000,OK
5,16,adjacent,620,30,32,106,FWD,E6,E7,E12,E1,-11.453000,556.850000,OK
5,16,adjacent,620,30,32,107,REV,E7,E6,E12,E1,-9.313000,608.840000,OK
5,16,adjacent,620,30,32,108,FWD,E7,E8,E1,E2,-237.937000,447.124000,OK
5,16,adjacent,620,30,32,109,REV,E8,E7,E1,E2,-235.242000,779.694000,OK
5,16,adjacent,620,30,32,110,FWD,E7,E8,E2,E3,225.500000,488.221000,OK
5,16,adjacent,620,30,32,111,REV,E8,E7,E2,E3,227.750000,763.255000,OK
5,16,adjacent,620,30,32,112,FWD,E7,E8,E3,E4,-63.023000,497.119000,OK
5,16,adjacent,620,30,32,113,REV,E8,E7,E3,E4,-59.695000,758.387000,OK
5,16,adjacent,620,30,32,114,FWD,E7,E8,E4,E5,-161.898000,501.708000,OK
5,16,adjacent,620,30,32,115,REV,E8,E7,E4,E5,-155.812000,754.996000,OK
5,16,adjacent,620,30,32,116,FWD,E7,E8,E5,E6,-117.652000,503.503000,OK
5,16,adjacent,620,30,32,117,REV,E8,E7,E5,E6,-98.215000,753.519000,OK
5,16,adjacent,620,30,32,118,FWD,E7,E8,E9,E10,-21.031000,497.837000,OK
5,16,adjacent,620,30,32,119,REV,E8,E7,E9,E10,-8.711000,752.641000,OK
5,16,adjacent,620,30,32,120,FWD,E7,E8,E10,E11,38.629000,505.498000,OK
5,16,adjacent,620,30,32,121,REV,E8,E7,E10,E11,44.723000,750.088000,OK
5,16,adjacent,620,30,32,122,FWD,E7,E8,E11,E12,66.816000,507.214000,OK
5,16,adjacent,620,30,32,123,REV,E8,E7,E11,E12,69.469000,748.372000,OK
5,16,adjacent,620,30,32,124,FWD,E7,E8,E12,E1,-11.457000,508.690000,OK
5,16,adjacent,620,30,32,125,REV,E8,E7,E12,E1,-9.105000,747.813000,OK
5,16,adjacent,620,30,32,126,FWD,E8,E9,E1,E2,-239.039000,531.314000,OK
5,16,adjacent,620,30,32,127,REV,E9,E8,E1,E2,-236.094000,625.399000,OK
5,16,adjacent,620,30,32,128,FWD,E8,E9,E2,E3,226.203000,577.598000,OK
5,16,adjacent,620,30,32,129,REV,E9,E8,E2,E3,228.203000,614.386000,OK
5,16,adjacent,620,30,32,130,FWD,E8,E9,E3,E4,-62.863000,581.908000,OK
5,16,adjacent,620,30,32,131,REV,E9,E8,E3,E4,-60.387000,612.112000,OK
5,16,adjacent,620,30,32,132,FWD,E8,E9,E4,E5,-161.059000,582.825000,OK
5,16,adjacent,620,30,32,133,REV,E9,E8,E4,E5,-157.457000,611.593000,OK
5,16,adjacent,620,30,32,134,FWD,E8,E9,E5,E6,-118.555000,583.783000,OK
5,16,adjacent,620,30,32,135,REV,E9,E8,E5,E6,-109.789000,610.756000,OK
5,16,adjacent,620,30,32,136,FWD,E8,E9,E6,E7,45.301000,584.581000,OK
5,16,adjacent,620,30,32,137,REV,E9,E8,E6,E7,62.672000,610.795000,OK
5,16,adjacent,620,30,32,138,FWD,E8,E9,E10,E11,34.203000,584.621000,OK
5,16,adjacent,620,30,32,139,REV,E9,E8,E10,E11,48.199000,619.813000,OK
5,16,adjacent,620,30,32,140,FWD,E8,E9,E11,E12,65.629000,585.898000,OK
5,16,adjacent,620,30,32,141,REV,E9,E8,E11,E12,70.293000,613.708000,OK
5,16,adjacent,620,30,32,142,FWD,E8,E9,E12,E1,-12.203000,586.057000,OK
5,16,adjacent,620,30,32,143,REV,E9,E8,E12,E1,-8.863000,612.551000,OK
5,16,adjacent,620,30,32,144,FWD,E9,E10,E1,E2,-240.219000,589.608000,OK
5,16,adjacent,620,30,32,145,REV,E10,E9,E1,E2,-236.203000,610.357000,OK
5,16,adjacent,620,30,32,146,FWD,E9,E10,E2,E3,226.562000,619.414000,OK
5,16,adjacent,620,30,32,147,REV,E10,E9,E2,E3,228.727000,603.055000,OK
5,16,adjacent,620,30,32,148,FWD,E9,E10,E3,E4,-62.691000,614.746000,OK
5,16,adjacent,620,30,32,149,REV,E10,E9,E3,E4,-60.621000,601.100000,OK
5,16,adjacent,620,30,32,150,FWD,E9,E10,E4,E5,-160.398000,620.850000,OK
5,16,adjacent,620,30,32,151,REV,E10,E9,E4,E5,-158.129000,599.903000,OK
5,16,adjacent,620,30,32,152,FWD,E9,E10,E5,E6,-117.484000,621.249000,OK
5,16,adjacent,620,30,32,153,REV,E10,E9,E5,E6,-113.566000,599.224000,OK
5,16,adjacent,620,30,32,154,FWD,E9,E10,E6,E7,48.984000,621.848000,OK
5,16,adjacent,620,30,32,155,REV,E10,E9,E6,E7,54.727000,599.982000,OK
5,16,adjacent,620,30,32,156,FWD,E9,E10,E7,E8,191.320000,622.646000,OK
5,16,adjacent,620,30,32,157,REV,E10,E9,E7,E8,203.586000,599.743000,OK
5,16,adjacent,620,30,32,158,FWD,E9,E10,E11,E12,62.469000,621.608000,OK
5,16,adjacent,620,30,32,159,REV,E10,E9,E11,E12,73.273000,599.184000,OK
5,16,adjacent,620,30,32,160,FWD,E9,E10,E12,E1,-13.535000,622.566000,OK
5,16,adjacent,620,30,32,161,REV,E10,E9,E12,E1,-7.812000,599.224000,OK
5,16,adjacent,620,30,32,162,FWD,E10,E11,E1,E2,-242.508000,553.858000,OK
5,16,adjacent,620,30,32,163,REV,E11,E10,E1,E2,-234.070000,654.646000,OK
5,16,adjacent,620,30,32,164,FWD,E10,E11,E2,E3,226.477000,582.426000,OK
5,16,adjacent,620,30,32,165,REV,E11,E10,E2,E3,230.000000,648.422000,OK
5,16,adjacent,620,30,32,166,FWD,E10,E11,E3,E4,-62.984000,585.419000,OK
5,16,adjacent,620,30,32,167,REV,E11,E10,E3,E4,-60.066000,646.586000,OK
5,16,adjacent,620,30,32,168,FWD,E10,E11,E4,E5,-160.453000,586.057000,OK
5,16,adjacent,620,30,32,169,REV,E11,E10,E4,E5,-157.945000,646.147000,OK
5,16,adjacent,620,30,32,170,FWD,E10,E11,E5,E6,-117.645000,586.735000,OK
5,16,adjacent,620,30,32,171,REV,E11,E10,E5,E6,-114.414000,646.028000,OK
5,16,adjacent,620,30,32,172,FWD,E10,E11,E6,E7,49.688000,586.895000,OK
5,16,adjacent,620,30,32,173,REV,E11,E10,E6,E7,53.344000,645.748000,OK
5,16,adjacent,620,30,32,174,FWD,E10,E11,E7,E8,196.039000,593.080000,OK
5,16,adjacent,620,30,32,175,REV,E11,E10,E7,E8,202.141000,645.229000,OK
5,16,adjacent,620,30,32,176,FWD,E10,E11,E8,E9,8.504000,589.449000,OK
5,16,adjacent,620,30,32,177,REV,E11,E10,E8,E9,23.113000,645.389000,OK
5,16,adjacent,620,30,32,178,FWD,E10,E11,E12,E1,-18.508000,588.691000,OK
5,16,adjacent,620,30,32,179,REV,E11,E10,E12,E1,-1.977000,646.107000,OK
5,16,adjacent,620,30,32,180,FWD,E11,E12,E1,E2,-246.500000,512.481000,OK
5,16,adjacent,620,30,32,181,REV,E12,E11,E1,E2,-229.633000,636.252000,OK
5,16,adjacent,620,30,32,182,FWD,E11,E12,E2,E3,225.773000,526.366000,OK
5,16,adjacent,620,30,32,183,REV,E12,E11,E2,E3,231.555000,632.820000,OK
5,16,adjacent,620,30,32,184,FWD,E11,E12,E3,E4,-63.375000,530.316000,OK
5,16,adjacent,620,30,32,185,REV,E12,E11,E3,E4,-59.535000,631.703000,OK
5,16,adjacent,620,30,32,186,FWD,E11,E12,E4,E5,-160.437000,531.114000,OK
5,16,adjacent,620,30,32,187,REV,E12,E11,E4,E5,-157.863000,630.666000,OK
5,16,adjacent,620,30,32,188,FWD,E11,E12,E5,E6,-117.555000,531.872000,OK
5,16,adjacent,620,30,32,189,REV,E12,E11,E5,E6,-115.195000,630.825000,OK
5,16,adjacent,620,30,32,190,FWD,E11,E12,E6,E7,50.387000,531.513000,OK
5,16,adjacent,620,30,32,191,REV,E12,E11,E6,E7,52.359000,630.426000,OK
5,16,adjacent,620,30,32,192,FWD,E11,E12,E7,E8,198.445000,531.992000,OK
5,16,adjacent,620,30,32,193,REV,E12,E11,E7,E8,201.039000,630.387000,OK
5,16,adjacent,620,30,32,194,FWD,E11,E12,E8,E9,12.973000,532.112000,OK
5,16,adjacent,620,30,32,195,REV,E12,E11,E8,E9,17.555000,629.908000,OK
5,16,adjacent,620,30,32,196,FWD,E11,E12,E9,E10,-20.914000,532.232000,OK
5,16,adjacent,620,30,32,197,REV,E12,E11,E9,E10,-10.297000,629.788000,OK
5,16,adjacent,620,30,32,198,FWD,E12,E1,E2,E3,221.617000,521.219000,OK
5,16,adjacent,620,30,32,199,REV,E1,E12,E2,E3,235.742000,530.237000,OK
5,16,adjacent,620,30,32,200,FWD,E12,E1,E3,E4,-65.703000,538.656000,OK
5,16,adjacent,620,30,32,201,REV,E1,E12,E3,E4,-57.633000,527.962000,OK
5,16,adjacent,620,30,32,202,FWD,E12,E1,E4,E5,-161.512000,540.331000,OK
5,16,adjacent,620,30,32,203,REV,E1,E12,E4,E5,-157.094000,527.882000,OK
5,16,adjacent,620,30,32,204,FWD,E12,E1,E5,E6,-118.344000,540.850000,OK
5,16,adjacent,620,30,32,205,REV,E1,E12,E5,E6,-115.242000,532.311000,OK
5,16,adjacent,620,30,32,206,FWD,E12,E1,E6,E7,50.238000,540.092000,OK
5,16,adjacent,620,30,32,207,REV,E1,E12,E6,E7,52.262000,528.281000,OK
5,16,adjacent,620,30,32,208,FWD,E12,E1,E7,E8,199.000000,541.887000,OK
5,16,adjacent,620,30,32,209,REV,E1,E12,E7,E8,201.070000,528.720000,OK
5,16,adjacent,620,30,32,210,FWD,E12,E1,E8,E9,13.352000,541.808000,OK
5,16,adjacent,620,30,32,211,REV,E1,E12,E8,E9,16.383000,527.882000,OK
5,16,adjacent,620,30,32,212,FWD,E12,E1,E9,E10,-18.766000,537.658000,OK
5,16,adjacent,620,30,32,213,REV,E1,E12,E9,E10,-13.602000,528.361000,OK
5,16,adjacent,620,30,32,214,FWD,E12,E1,E10,E11,33.961000,540.730000,OK
5,16,adjacent,620,30,32,215,REV,E1,E12,E10,E11,48.184000,527.483000,OK
6,17,adjacent,620,30,32,0,FWD,E1,E2,E3,E4,-79.563000,677.070000,OK
6,17,adjacent,620,30,32,1,REV,E2,E1,E3,E4,-51.188000,414.924000,OK
6,17,adjacent,620,30,32,2,FWD,E1,E2,E4,E5,-167.016000,685.768000,OK
6,17,adjacent,620,30,32,3,REV,E2,E1,E4,E5,-154.738000,415.483000,OK
6,17,adjacent,620,30,32,4,FWD,E1,E2,E5,E6,-121.055000,684.492000,OK
6,17,adjacent,620,30,32,5,REV,E2,E1,E5,E6,-114.660000,417.438000,OK
6,17,adjacent,620,30,32,6,FWD,E1,E2,E6,E7,49.367000,682.856000,OK
6,17,adjacent,620,30,32,7,REV,E2,E1,E6,E7,52.441000,418.755000,OK
6,17,adjacent,620,30,32,8,FWD,E1,E2,E7,E8,198.754000,686.766000,OK
6,17,adjacent,620,30,32,9,REV,E2,E1,E7,E8,201.164000,418.715000,OK
6,17,adjacent,620,30,32,10,FWD,E1,E2,E8,E9,12.969000,681.778000,OK
6,17,adjacent,620,30,32,11,REV,E2,E1,E8,E9,15.809000,420.870000,OK
6,17,adjacent,620,30,32,12,FWD,E1,E2,E9,E10,-18.437000,681.180000,OK
6,17,adjacent,620,30,32,13,REV,E2,E1,E9,E10,-14.734000,421.229000,OK
6,17,adjacent,620,30,32,14,FWD,E1,E2,E10,E11,36.371000,675.634000,OK
6,17,adjacent,620,30,32,15,REV,E2,E1,E10,E11,43.895000,423.503000,OK
6,17,adjacent,620,30,32,16,FWD,E1,E2,E11,E12,57.750000,678.107000,OK
6,17,adjacent,620,30,32,17,REV,E2,E1,E11,E12,73.469000,423.184000,OK
6,17,adjacent,620,30,32,18,FWD,E2,E3,E4,E5,-166.789000,393.458000,OK
6,17,adjacent,620,30,32,19,REV,E3,E2,E4,E5,-145.879000,698.337000,OK
6,17,adjacent,620,30,32,20,FWD,E2,E3,E5,E6,-120.191000,422.665000,OK
6,17,adjacent,620,30,32,21,REV,E3,E2,E5,E6,-111.891000,692.511000,OK
6,17,adjacent,620,30,32,22,FWD,E2,E3,E6,E7,50.168000,427.453000,OK
6,17,adjacent,620,30,32,23,REV,E3,E2,E6,E7,53.184000,690.197000,OK
6,17,adjacent,620,30,32,24,FWD,E2,E3,E7,E8,199.777000,429.328000,OK
6,17,adjacent,620,30,32,25,REV,E3,E2,E7,E8,201.734000,688.402000,OK
6,17,adjacent,620,30,32,26,FWD,E2,E3,E8,E9,13.895000,430.885000,OK
6,17,adjacent,620,30,32,27,REV,E3,E2,E8,E9,15.766000,687.524000,OK
6,17,adjacent,620,30,32,28,FWD,E2,E3,E9,E10,-16.734000,432.241000,OK
6,17,adjacent,620,30,32,29,REV,E3,E2,E9,E10,-14.820000,687.245000,OK
6,17,adjacent,620,30,32,30,FWD,E2,E3,E10,E11,39.832000,432.361000,OK
6,17,adjacent,620,30,32,31,REV,E3,E2,E10,E11,43.027000,686.566000,OK
6,17,adjacent,620,30,32,32,FWD,E2,E3,E11,E12,65.598000,433.119000,OK
6,17,adjacent,620,30,32,33,REV,E3,E2,E11,E12,71.031000,689.758000,OK
6,17,adjacent,620,30,32,34,FWD,E2,E3,E12,E1,-16.641000,431.722000,OK
6,17,adjacent,620,30,32,35,REV,E3,E2,E12,E1,-1.879000,687.045000,OK
6,17,adjacent,620,30,32,36,FWD,E3,E4,E1,E2,-208.586000,562.117000,OK
6,17,adjacent,620,30,32,37,REV,E4,E3,E1,E2,-189.469000,503.822000,OK
6,17,adjacent,620,30,32,38,FWD,E3,E4,E5,E6,-128.941000,577.718000,OK
6,17,adjacent,620,30,32,39,REV,E4,E3,E5,E6,-107.359000,499.673000,OK
6,17,adjacent,620,30,32,40,FWD,E3,E4,E6,E7,48.246000,578.676000,OK
6,17,adjacent,620,30,32,41,REV,E4,E3,E6,E7,53.941000,493.329000,OK
6,17,adjacent,620,30,32,42,FWD,E3,E4,E7,E8,199.129000,578.676000,OK
6,17,adjacent,620,30,32,43,REV,E4,E3,E7,E8,202.020000,496.441000,OK
6,17,adjacent,620,30,32,44,FWD,E3,E4,E8,E9,13.262000,579.234000,OK
6,17,adjacent,620,30,32,45,REV,E4,E3,E8,E9,15.535000,496.321000,OK
6,17,adjacent,620,30,32,46,FWD,E3,E4,E9,E10,-16.969000,578.835000,OK
6,17,adjacent,620,30,32,47,REV,E4,E3,E9,E10,-15.109000,496.042000,OK
6,17,adjacent,620,30,32,48,FWD,E3,E4,E10,E11,39.617000,579.474000,OK
6,17,adjacent,620,30,32,49,REV,E4,E3,E10,E11,42.129000,496.241000,OK
6,17,adjacent,620,30,32,50,FWD,E3,E4,E11,E12,65.750000,579.234000,OK
6,17,adjacent,620,30,32,51,REV,E4,E3,E11,E12,69.270000,496.920000,OK
6,17,adjacent,620,30,32,52,FWD,E3,E4,E12,E1,-15.359000,578.915000,OK
6,17,adjacent,620,30,32,53,REV,E4,E3,E12,E1,-7.312000,496.999000,OK
6,17,adjacent,620,30,32,54,FWD,E4,E5,E1,E2,-234.375000,634.257000,OK
6,17,adjacent,620,30,32,55,REV,E5,E4,E1,E2,-222.391000,481.199000,OK
6,17,adjacent,620,30,32,56,FWD,E4,E5,E2,E3,207.609000,659.554000,OK
6,17,adjacent,620,30,32,57,REV,E5,E4,E2,E3,228.555000,476.810000,OK
6,17,adjacent,620,30,32,58,FWD,E4,E5,E6,E7,42.898000,655.324000,OK
6,17,adjacent,620,30,32,59,REV,E5,E4,E6,E7,57.363000,478.725000,OK
6,17,adjacent,620,30,32,60,FWD,E4,E5,E7,E8,197.559000,653.928000,OK
6,17,adjacent,620,30,32,61,REV,E5,E4,E7,E8,203.047000,480.002000,OK
6,17,adjacent,620,30,32,62,FWD,E4,E5,E8,E9,12.461000,653.250000,OK
6,17,adjacent,620,30,32,63,REV,E5,E4,E8,E9,15.879000,473.777000,OK
6,17,adjacent,620,30,32,64,FWD,E4,E5,E9,E10,-17.156000,653.848000,OK
6,17,adjacent,620,30,32,65,REV,E5,E4,E9,E10,-15.063000,478.965000,OK
6,17,adjacent,620,30,32,66,FWD,E4,E5,E10,E11,39.633000,652.292000,OK
6,17,adjacent,620,30,32,67,REV,E5,E4,E10,E11,41.891000,479.403000,OK
6,17,adjacent,620,30,32,68,FWD,E4,E5,E11,E12,66.293000,651.095000,OK
6,17,adjacent,620,30,32,69,REV,E5,E4,E11,E12,68.727000,480.760000,OK
6,17,adjacent,620,30,32,70,FWD,E4,E5,E12,E1,-13.668000,650.776000,OK
6,17,adjacent,620,30,32,71,REV,E5,E4,E12,E1,-9.039000,481.718000,OK
6,17,adjacent,620,30,32,72,FWD,E5,E6,E1,E2,-235.273000,587.813000,OK
6,17,adjacent,620,30,32,73,REV,E6,E5,E1,E2,-229.242000,486.546000,OK
6,17,adjacent,620,30,32,74,FWD,E5,E6,E2,E3,217.781000,604.371000,OK
6,17,adjacent,620,30,32,75,REV,E6,E5,E2,E3,225.984000,484.191000,OK
6,17,adjacent,620,30,32,76,FWD,E5,E6,E3,E4,-75.145000,604.172000,OK
6,17,adjacent,620,30,32,77,REV,E6,E5,E3,E4,-53.355000,485.269000,OK
6,17,adjacent,620,30,32,78,FWD,E5,E6,E7,E8,191.129000,608.681000,OK
6,17,adjacent,620,30,32,79,REV,E6,E5,E7,E8,208.437000,481.877000,OK
6,17,adjacent,620,30,32,80,FWD,E5,E6,E8,E9,9.719000,604.052000,OK
6,17,adjacent,620,30,32,81,REV,E6,E5,E8,E9,17.895000,484.790000,OK
6,17,adjacent,620,30,32,82,FWD,E5,E6,E9,E10,-17.805000,603.015000,OK
6,17,adjacent,620,30,32,83,REV,E6,E5,E9,E10,-14.238000,486.147000,OK
6,17,adjacent,620,30,32,84,FWD,E5,E6,E10,E11,39.348000,596.551000,OK
6,17,adjacent,620,30,32,85,REV,E6,E5,E10,E11,42.156000,490.536000,OK
6,17,adjacent,620,30,32,86,FWD,E5,E6,E11,E12,66.563000,598.865000,OK
6,17,adjacent,620,30,32,87,REV,E6,E5,E11,E12,68.742000,489.339000,OK
6,17,adjacent,620,30,32,88,FWD,E5,E6,E12,E1,-12.684000,599.184000,OK
6,17,adjacent,620,30,32,89,REV,E6,E5,E12,E1,-9.566000,490.336000,OK
6,17,adjacent,620,30,32,90,FWD,E6,E7,E1,E2,-235.500000,528.920000,OK
6,17,adjacent,620,30,32,91,REV,E7,E6,E1,E2,-232.461000,621.489000,OK
6,17,adjacent,620,30,32,92,FWD,E6,E7,E2,E3,222.773000,550.506000,OK
6,17,adjacent,620,30,32,93,REV,E7,E6,E2,E3,226.039000,615.224000,OK
6,17,adjacent,620,30,32,94,FWD,E6,E7,E3,E4,-65.414000,553.658000,OK
6,17,adjacent,620,30,32,95,REV,E7,E6,E3,E4,-59.207000,613.030000,OK
6,17,adjacent,620,30,32,96,FWD,E6,E7,E4,E5,-166.902000,556.012000,OK
6,17,adjacent,620,30,32,97,REV,E7,E6,E4,E5,-151.773000,611.673000,OK
6,17,adjacent,620,30,32,98,FWD,E6,E7,E8,E9,5.773000,556.212000,OK
6,17,adjacent,620,30,32,99,REV,E7,E6,E8,E9,23.504000,610.875000,OK
6,17,adjacent,620,30,32,100,FWD,E6,E7,E9,E10,-18.418000,556.172000,OK
6,17,adjacent,620,30,32,101,REV,E7,E6,E9,E10,-12.773000,610.636000,OK
6,17,adjacent,620,30,32,102,FWD,E6,E7,E10,E11,39.215000,557.089000,OK
6,17,adjacent,620,30,32,103,REV,E7,E6,E10,E11,42.711000,610.157000,OK
6,17,adjacent,620,30,32,104,FWD,E6,E7,E11,E12,66.824000,562.037000,OK
6,17,adjacent,620,30,32,105,REV,E7,E6,E11,E12,68.902000,606.766000,OK
6,17,adjacent,620,30,32,106,FWD,E6,E7,E12,E1,-11.980000,559.085000,OK
6,17,adjacent,620,30,32,107,REV,E7,E6,E12,E1,-9.836000,607.085000,OK
6,17,adjacent,620,30,32,108,FWD,E7,E8,E1,E2,-236.492000,450.117000,OK
6,17,adjacent,620,30,32,109,REV,E8,E7,E1,E2,-233.758000,773.908000,OK
6,17,adjacent,620,30,32,110,FWD,E7,E8,E2,E3,224.742000,484.152000,OK
6,17,adjacent,620,30,32,111,REV,E8,E7,E2,E3,226.930000,760.941000,OK
6,17,adjacent,620,30,32,112,FWD,E7,E8,E3,E4,-63.633000,498.077000,OK
6,17,adjacent,620,30,32,113,REV,E8,E7,E3,E4,-60.301000,754.996000,OK
6,17,adjacent,620,30,32,114,FWD,E7,E8,E4,E5,-161.258000,503.064000,OK
6,17,adjacent,620,30,32,115,REV,E8,E7,E4,E5,-155.227000,751.684000,OK
6,17,adjacent,620,30,32,116,FWD,E7,E8,E5,E6,-118.242000,505.857000,OK
6,17,adjacent,620,30,32,117,REV,E8,E7,E5,E6,-98.750000,750.327000,OK
6,17,adjacent,620,30,32,118,FWD,E7,E8,E9,E10,-20.586000,508.092000,OK
6,17,adjacent,620,30,32,119,REV,E8,E7,E9,E10,-8.215000,749.210000,OK
6,17,adjacent,620,30,32,120,FWD,E7,E8,E10,E11,38.406000,509.089000,OK
6,17,adjacent,620,30,32,121,REV,E8,E7,E10,E11,44.500000,747.734000,OK
6,17,adjacent,620,30,32,122,FWD,E7,E8,E11,E12,66.863000,510.286000,OK
6,17,adjacent,620,30,32,123,REV,E8,E7,E11,E12,69.539000,746.656000,OK
6,17,adjacent,620,30,32,124,FWD,E7,E8,E12,E1,-11.895000,511.164000,OK
6,17,adjacent,620,30,32,125,REV,E8,E7,E12,E1,-9.520000,746.178000,OK
6,17,adjacent,620,30,32,126,FWD,E8,E9,E1,E2,-237.805000,531.234000,OK
6,17,adjacent,620,30,32,127,REV,E9,E8,E1,E2,-234.805000,634.696000,OK
6,17,adjacent,620,30,32,128,FWD,E8,E9,E2,E3,225.492000,576.361000,OK
6,17,adjacent,620,30,32,129,REV,E9,E8,E2,E3,227.469000,619.494000,OK
6,17,adjacent,620,30,32,130,FWD,E8,E9,E3,E4,-63.469000,582.346000,OK
6,17,adjacent,620,30,32,131,REV,E9,E8,E3,E4,-60.973000,615.663000,OK
6,17,adjacent,620,30,32,132,FWD,E8,E9,E4,E5,-160.523000,583.903000,OK
6,17,adjacent,620,30,32,133,REV,E9,E8,E4,E5,-156.937000,606.327000,OK
6,17,adjacent,620,30,32,134,FWD,E8,E9,E5,E6,-117.977000,584.341000,OK
6,17,adjacent,620,30,32,135,REV,E9,E8,E5,E6,-109.203000,610.436000,OK
6,17,adjacent,620,30,32,136,FWD,E8,E9,E6,E7,46.449000,583.703000,OK
6,17,adjacent,620,30,32,137,REV,E9,E8,E6,E7,63.652000,610.476000,OK
6,17,adjacent,620,30,32,138,FWD,E8,E9,E10,E11,33.977000,584.142000,OK
6,17,adjacent,620,30,32,139,REV,E9,E8,E10,E11,47.949000,610.077000,OK
6,17,adjacent,620,30,32,140,FWD,E8,E9,E11,E12,65.695000,585.259000,OK
6,17,adjacent,620,30,32,141,REV,E9,E8,E11,E12,70.305000,610.237000,OK
6,17,adjacent,620,30,32,142,FWD,E8,E9,E12,E1,-12.535000,584.621000,OK
6,17,adjacent,620,30,32,143,REV,E9,E8,E12,E1,-9.215000,609.838000,OK
6,17,adjacent,620,30,32,144,FWD,E9,E10,E1,E2,-238.984000,585.379000,OK
6,17,adjacent,620,30,32,145,REV,E10,E9,E1,E2,-235.000000,607.843000,OK
6,17,adjacent,620,30,32,146,FWD,E9,E10,E2,E3,225.984000,617.977000,OK
6,17,adjacent,620,30,32,147,REV,E10,E9,E2,E3,228.000000,609.559000,OK
6,17,adjacent,620,30,32,148,FWD,E9,E10,E3,E4,-63.301000,620.172000,OK
6,17,adjacent,620,30,32,149,REV,E10,E9,E3,E4,-61.258000,603.933000,OK
6,17,adjacent,620,30,32,150,FWD,E9,E10,E4,E5,-159.828000,621.489000,OK
6,17,adjacent,620,30,32,151,REV,E10,E9,E4,E5,-157.566000,602.416000,OK
6,17,adjacent,620,30,32,152,FWD,E9,E10,E5,E6,-116.914000,622.247000,OK
6,17,adjacent,620,30,32,153,REV,E10,E9,E5,E6,-112.980000,602.217000,OK
6,17,adjacent,620,30,32,154,FWD,E9,E10,E6,E7,49.066000,615.663000,OK
6,17,adjacent,620,30,32,155,REV,E10,E9,E6,E7,54.809000,601.618000,OK
6,17,adjacent,620,30,32,156,FWD,E9,E10,E7,E8,190.590000,620.491000,OK
6,17,adjacent,620,30,32,157,REV,E10,E9,E7,E8,202.824000,600.102000,OK
6,17,adjacent,620,30,32,158,FWD,E9,E10,E11,E12,62.484000,621.409000,OK
6,17,adjacent,620,30,32,159,REV,E10,E9,E11,E12,73.297000,599.663000,OK
6,17,adjacent,620,30,32,160,FWD,E9,E10,E12,E1,-13.805000,621.409000,OK
6,17,adjacent,620,30,32,161,REV,E10,E9,E12,E1,-8.082000,599.344000,OK
6,17,adjacent,620,30,32,162,FWD,E10,E11,E1,E2,-241.328000,554.177000,OK
6,17,adjacent,620,30,32,163,REV,E11,E10,E1,E2,-232.883000,654.885000,OK
6,17,adjacent,620,30,32,164,FWD,E10,E11,E2,E3,225.742000,582.067000,OK
6,17,adjacent,620,30,32,165,REV,E11,E10,E2,E3,229.258000,647.823000,OK
6,17,adjacent,620,30,32,166,FWD,E10,E11,E3,E4,-63.574000,584.900000,OK
6,17,adjacent,620,30,32,167,REV,E11,E10,E3,E4,-60.660000,646.786000,OK
6,17,adjacent,620,30,32,168,FWD,E10,E11,E4,E5,-159.805000,586.217000,OK
6,17,adjacent,620,30,32,169,REV,E11,E10,E4,E5,-157.289000,646.187000,OK
6,17,adjacent,620,30,32,170,FWD,E10,E11,E5,E6,-117.219000,586.336000,OK
6,17,adjacent,620,30,32,171,REV,E11,E10,E5,E6,-113.992000,645.589000,OK
6,17,adjacent,620,30,32,172,FWD,E10,E11,E6,E7,49.559000,586.496000,OK
6,17,adjacent,620,30,32,173,REV,E11,E10,E6,E7,53.246000,650.456000,OK
6,17,adjacent,620,30,32,174,FWD,E10,E11,E7,E8,195.371000,586.656000,OK
6,17,adjacent,620,30,32,175,REV,E11,E10,E7,E8,201.496000,647.663000,OK
6,17,adjacent,620,30,32,176,FWD,E10,E11,E8,E9,8.188000,588.411000,OK
6,17,adjacent,620,30,32,177,REV,E11,E10,E8,E9,22.785000,646.586000,OK
6,17,adjacent,620,30,32,178,FWD,E10,E11,E12,E1,-18.617000,588.172000,OK
6,17,adjacent,620,30,32,179,REV,E11,E10,E12,E1,-2.109000,646.546000,OK
6,17,adjacent,620,30,32,180,FWD,E11,E12,E1,E2,-245.508000,512.361000,OK
6,17,adjacent,620,30,32,181,REV,E12,E11,E1,E2,-228.625000,634.496000,OK
6,17,adjacent,620,30,32,182,FWD,E11,E12,E2,E3,225.062000,529.399000,OK
6,17,adjacent,620,30,32,183,REV,E12,E11,E2,E3,230.805000,632.062000,OK
6,17,adjacent,620,30,32,184,FWD,E11,E12,E3,E4,-64.027000,530.835000,OK
6,17,adjacent,620,30,32,185,REV,E12,E11,E3,E4,-60.207000,631.264000,OK
6,17,adjacent,620,30,32,186,FWD,E11,E12,E4,E5,-159.648000,530.995000,OK
6,17,adjacent,620,30,32,187,REV,E12,E11,E4,E5,-157.094000,630.466000,OK
6,17,adjacent,620,30,32,188,FWD,E11,E12,E5,E6,-117.184000,532.152000,OK
6,17,adjacent,620,30,32,189,REV,E12,E11,E5,E6,-114.820000,630.347000,OK
6,17,adjacent,620,30,32,190,FWD,E11,E12,E6,E7,50.234000,531.673000,OK
6,17,adjacent,620,30,32,191,REV,E12,E11,E6,E7,52.199000,629.748000,OK
6,17,adjacent,620,30,32,192,FWD,E11,E12,E7,E8,197.891000,532.152000,OK
6,17,adjacent,620,30,32,193,REV,E12,E11,E7,E8,200.496000,630.267000,OK
6,17,adjacent,620,30,32,194,FWD,E11,E12,E8,E9,12.637000,531.872000,OK
6,17,adjacent,620,30,32,195,REV,E12,E11,E8,E9,17.242000,629.868000,OK
6,17,adjacent,620,30,32,196,FWD,E11,E12,E9,E10,-20.469000,535.543000,OK
6,17,adjacent,620,30,32,197,REV,E12,E11,E9,E10,-9.922000,629.788000,OK
6,17,adjacent,620,30,32,198,FWD,E12,E1,E2,E3,220.805000,522.735000,OK
6,17,adjacent,620,30,32,199,REV,E1,E12,E2,E3,234.883000,530.915000,OK
6,17,adjacent,620,30,32,200,FWD,E12,E1,E3,E4,-66.371000,539.334000,OK
6,17,adjacent,620,30,32,201,REV,E1,E12,E3,E4,-58.324000,527.763000,OK
6,17,adjacent,620,30,32,202,FWD,E12,E1,E4,E5,-160.711000,540.451000,OK
6,17,adjacent,620,30,32,203,REV,E1,E12,E4,E5,-156.250000,523.214000,OK
6,17,adjacent,620,30,32,204,FWD,E12,E1,E5,E6,-117.992000,541.289000,OK
6,17,adjacent,620,30,32,205,REV,E1,E12,E5,E6,-114.883000,527.124000,OK
6,17,adjacent,620,30,32,206,FWD,E12,E1,E6,E7,50.055000,540.651000,OK
6,17,adjacent,620,30,32,207,REV,E1,E12,E6,E7,52.023000,527.124000,OK
6,17,adjacent,620,30,32,208,FWD,E12,E1,E7,E8,198.453000,540.770000,OK
6,17,adjacent,620,30,32,209,REV,E1,E12,E7,E8,200.539000,525.768000,OK
6,17,adjacent,620,30,32,210,FWD,E12,E1,E8,E9,13.023000,541.488000,OK
6,17,adjacent,620,30,32,211,REV,E1,E12,E8,E9,16.027000,526.606000,OK
6,17,adjacent,620,30,32,212,FWD,E12,E1,E9,E10,-18.332000,541.369000,OK
6,17,adjacent,620,30,32,213,REV,E1,E12,E9,E10,-13.199000,526.685000,OK
6,17,adjacent,620,30,32,214,FWD,E12,E1,E10,E11,33.922000,540.930000,OK
6,17,adjacent,620,30,32,215,REV,E1,E12,E10,E11,48.164000,527.324000,OK
7,18,adjacent,620,30,32,0,FWD,E1,E2,E3,E4,-80.352000,678.267000,OK
7,18,adjacent,620,30,32,1,REV,E2,E1,E3,E4,-51.734000,414.845000,OK
7,18,adjacent,620,30,32,2,FWD,E1,E2,E4,E5,-166.187000,686.287000,OK
7,18,adjacent,620,30,32,3,REV,E2,E1,E4,E5,-153.867000,415.044000,OK
7,18,adjacent,620,30,32,4,FWD,E1,E2,E5,E6,-120.719000,685.569000,OK
7,18,adjacent,620,30,32,5,REV,E2,E1,E5,E6,-114.289000,417.318000,OK
7,18,adjacent,620,30,32,6,FWD,E1,E2,E6,E7,49.090000,683.614000,OK
7,18,adjacent,620,30,32,7,REV,E2,E1,E6,E7,52.137000,411.852000,OK
7,18,adjacent,620,30,32,8,FWD,E1,E2,E7,E8,198.258000,684.731000,OK
7,18,adjacent,620,30,32,9,REV,E2,E1,E7,E8,200.715000,416.800000,OK
7,18,adjacent,620,30,32,10,FWD,E1,E2,E8,E9,12.602000,681.659000,OK
7,18,adjacent,620,30,32,11,REV,E2,E1,E8,E9,15.441000,419.154000,OK
7,18,adjacent,620,30,32,12,FWD,E1,E2,E9,E10,-17.977000,680.581000,OK
7,18,adjacent,620,30,32,13,REV,E2,E1,E9,E10,-14.301000,420.630000,OK
7,18,adjacent,620,30,32,14,FWD,E1,E2,E10,E11,36.320000,679.743000,OK
7,18,adjacent,620,30,32,15,REV,E2,E1,E10,E11,43.809000,421.149000,OK
7,18,adjacent,620,30,32,16,FWD,E1,E2,E11,E12,57.941000,678.706000,OK
7,18,adjacent,620,30,32,17,REV,E2,E1,E11,E12,73.641000,422.386000,OK
7,18,adjacent,620,30,32,18,FWD,E2,E3,E4,E5,-165.883000,392.899000,OK
7,18,adjacent,620,30,32,19,REV,E3,E2,E4,E5,-144.977000,698.536000,OK
7,18,adjacent,620,30,32,20,FWD,E2,E3,E5,E6,-119.922000,421.827000,OK
7,18,adjacent,620,30,32,21,REV,E3,E2,E5,E6,-111.648000,691.913000,OK
7,18,adjacent,620,30,32,22,FWD,E2,E3,E6,E7,49.898000,432.161000,OK
7,18,adjacent,620,30,32,23,REV,E3,E2,E6,E7,52.922000,687.444000,OK
7,18,adjacent,620,30,32,24,FWD,E2,E3,E7,E8,199.312000,430.964000,OK
7,18,adjacent,620,30,32,25,REV,E3,E2,E7,E8,201.219000,687.404000,OK
7,18,adjacent,620,30,32,26,FWD,E2,E3,E8,E9,13.609000,431.204000,OK
7,18,adjacent,620,30,32,27,REV,E3,E2,E8,E9,15.453000,685.968000,OK
7,18,adjacent,620,30,32,28,FWD,E2,E3,E9,E10,-16.367000,426.655000,OK
7,18,adjacent,620,30,32,29,REV,E3,E2,E9,E10,-14.449000,687.484000,OK
7,18,adjacent,620,30,32,30,FWD,E2,E3,E10,E11,39.805000,430.406000,OK
7,18,adjacent,620,30,32,31,REV,E3,E2,E10,E11,43.020000,687.444000,OK
7,18,adjacent,620,30,32,32,FWD,E2,E3,E11,E12,65.723000,431.363000,OK
7,18,adjacent,620,30,32,33,REV,E3,E2,E11,E12,71.125000,685.968000,OK
7,18,adjacent,620,30,32,34,FWD,E2,E3,E12,E1,-16.781000,432.560000,OK
7,18,adjacent,620,30,32,35,REV,E3,E2,E12,E1,-2.063000,685.449000,OK
7,18,adjacent,620,30,32,36,FWD,E3,E4,E1,E2,-207.250000,560.760000,OK
7,18,adjacent,620,30,32,37,REV,E4,E3,E1,E2,-189.633000,500.910000,OK
7,18,adjacent,620,30,32,38,FWD,E3,E4,E5,E6,-128.691000,576.840000,OK
7,18,adjacent,620,30,32,39,REV,E4,E3,E5,E6,-107.047000,497.279000,OK
7,18,adjacent,620,30,32,40,FWD,E3,E4,E6,E7,47.961000,577.957000,OK
7,18,adjacent,620,30,32,41,REV,E4,E3,E6,E7,53.617000,502.266000,OK
7,18,adjacent,620,30,32,42,FWD,E3,E4,E7,E8,198.648000,578.037000,OK
7,18,adjacent,620,30,32,43,REV,E4,E3,E7,E8,201.535000,499.234000,OK
7,18,adjacent,620,30,32,44,FWD,E3,E4,E8,E9,13.004000,579.274000,OK
7,18,adjacent,620,30,32,45,REV,E4,E3,E8,E9,15.250000,498.396000,OK
7,18,adjacent,620,30,32,46,FWD,E3,E4,E9,E10,-16.629000,579.234000,OK
7,18,adjacent,620,30,32,47,REV,E4,E3,E9,E10,-14.758000,493.129000,OK
7,18,adjacent,620,30,32,48,FWD,E3,E4,E10,E11,39.547000,579.434000,OK
7,18,adjacent,620,30,32,49,REV,E4,E3,E10,E11,42.102000,495.882000,OK
7,18,adjacent,620,30,32,50,FWD,E3,E4,E11,E12,65.891000,578.596000,OK
7,18,adjacent,620,30,32,51,REV,E4,E3,E11,E12,69.402000,495.683000,OK
7,18,adjacent,620,30,32,52,FWD,E3,E4,E12,E1,-15.508000,579.633000,OK
7,18,adjacent,620,30,32,53,REV,E4,E3,E12,E1,-7.441000,495.962000,OK
7,18,adjacent,620,30,32,54,FWD,E4,E5,E1,E2,-233.187000,633.339000,OK
7,18,adjacent,620,30,32,55,REV,E5,E4,E1,E2,-221.289000,480.920000,OK
7,18,adjacent,620,30,32,56,FWD,E4,E5,E2,E3,206.578000,651.973000,OK
7,18,adjacent,620,30,32,57,REV,E5,E4,E2,E3,227.414000,478.725000,OK
7,18,adjacent,620,30,32,58,FWD,E4,E5,E6,E7,42.680000,652.132000,OK
7,18,adjacent,620,30,32,59,REV,E5,E4,E6,E7,57.035000,478.605000,OK
7,18,adjacent,620,30,32,60,FWD,E4,E5,E7,E8,197.184000,658.157000,OK
7,18,adjacent,620,30,32,61,REV,E5,E4,E7,E8,202.637000,478.406000,OK
7,18,adjacent,620,30,32,62,FWD,E4,E5,E8,E9,11.965000,652.890000,OK
7,18,adjacent,620,30,32,63,REV,E5,E4,E8,E9,15.391000,479.723000,OK
7,18,adjacent,620,30,32,64,FWD,E4,E5,E9,E10,-16.586000,652.092000,OK
7,18,adjacent,620,30,32,65,REV,E5,E4,E9,E10,-14.496000,480.800000,OK
7,18,adjacent,620,30,32,66,FWD,E4,E5,E10,E11,39.512000,644.910000,OK
7,18,adjacent,620,30,32,67,REV,E5,E4,E10,E11,41.785000,482.715000,OK
7,18,adjacent,620,30,32,68,FWD,E4,E5,E11,E12,66.453000,648.701000,OK
7,18,adjacent,620,30,32,69,REV,E5,E4,E11,E12,68.863000,482.396000,OK
7,18,adjacent,620,30,32,70,FWD,E4,E5,E12,E1,-13.770000,648.701000,OK
7,18,adjacent,620,30,32,71,REV,E5,E4,E12,E1,-9.133000,482.316000,OK
7,18,adjacent,620,30,32,72,FWD,E5,E6,E1,E2,-234.500000,589.529000,OK
7,18,adjacent,620,30,32,73,REV,E6,E5,E1,E2,-228.406000,486.226000,OK
7,18,adjacent,620,30,32,74,FWD,E5,E6,E2,E3,217.055000,604.890000,OK
7,18,adjacent,620,30,32,75,REV,E6,E5,E2,E3,225.281000,484.231000,OK
7,18,adjacent,620,30,32,76,FWD,E5,E6,E3,E4,-75.621000,604.850000,OK
7,18,adjacent,620,30,32,77,REV,E6,E5,E3,E4,-53.813000,485.787000,OK
7,18,adjacent,620,30,32,78,FWD,E5,E6,E7,E8,190.742000,603.773000,OK
7,18,adjacent,620,30,32,79,REV,E6,E5,E7,E8,208.008000,486.625000,OK
7,18,adjacent,620,30,32,80,FWD,E5,E6,E8,E9,9.352000,602.576000,OK
7,18,adjacent,620,30,32,81,REV,E6,E5,E8,E9,17.535000,488.102000,OK
7,18,adjacent,620,30,32,82,FWD,E5,E6,E9,E10,-17.348000,606.965000,OK
7,18,adjacent,620,30,32,83,REV,E6,E5,E9,E10,-13.762000,484.630000,OK
7,18,adjacent,620,30,32,84,FWD,E5,E6,E10,E11,39.223000,602.616000,OK
7,18,adjacent,620,30,32,85,REV,E6,E5,E10,E11,42.059000,486.785000,OK
7,18,adjacent,620,30,32,86,FWD,E5,E6,E11,E12,66.680000,601.938000,OK
7,18,adjacent,620,30,32,87,REV,E6,E5,E11,E12,68.859000,487.184000,OK
7,18,adjacent,620,30,32,88,FWD,E5,E6,E12,E1,-12.754000,595.314000,OK
7,18,adjacent,620,30,32,89,REV,E6,E5,E12,E1,-9.648000,491.773000,OK
7,18,adjacent,620,30,32,90,FWD,E6,E7,E1,E2,-234.766000,530.077000,OK
7,18,adjacent,620,30,32,91,REV,E7,E6,E1,E2,-231.734000,621.688000,OK
7,18,adjacent,620,30,32,92,FWD,E6,E7,E2,E3,222.164000,551.583000,OK
7,18,adjacent,620,30,32,93,REV,E7,E6,E2,E3,225.437000,615.145000,OK
7,18,adjacent,620,30,32,94,FWD,E6,E7,E3,E4,-65.824000,554.616000,OK
7,18,adjacent,620,30,32,95,REV,E7,E6,E3,E4,-59.625000,613.509000,OK
7,18,adjacent,620,30,32,96,FWD,E6,E7,E4,E5,-166.152000,556.491000,OK
7,18,adjacent,620,30,32,97,REV,E7,E6,E4,E5,-150.988000,612.152000,OK
7,18,adjacent,620,30,32,98,FWD,E6,E7,E8,E9,5.441000,557.369000,OK
7,18,adjacent,620,30,32,99,REV,E7,E6,E8,E9,23.207000,611.793000,OK
7,18,adjacent,620,30,32,100,FWD,E6,E7,E9,E10,-18.027000,557.808000,OK
7,18,adjacent,620,30,32,101,REV,E7,E6,E9,E10,-12.383000,611.274000,OK
7,18,adjacent,620,30,32,102,FWD,E6,E7,E10,E11,39.129000,557.848000,OK
7,18,adjacent,620,30,32,103,REV,E7,E6,E10,E11,42.613000,610.756000,OK
7,18,adjacent,620,30,32,104,FWD,E6,E7,E11,E12,66.871000,562.915000,OK
7,18,adjacent,620,30,32,105,REV,E7,E6,E11,E12,68.957000,607.005000,OK
7,18,adjacent,620,30,32,106,FWD,E6,E7,E12,E1,-11.992000,559.922000,OK
7,18,adjacent,620,30,32,107,REV,E7,E6,E12,E1,-9.859000,608.122000,OK
7,18,adjacent,620,30,32,108,FWD,E7,E8,E1,E2,-235.789000,450.316000,OK
7,18,adjacent,620,30,32,109,REV,E8,E7,E1,E2,-233.094000,773.390000,OK
7,18,adjacent,620,30,32,110,FWD,E7,E8,E2,E3,224.133000,484.431000,OK
7,18,adjacent,620,30,32,111,REV,E8,E7,E2,E3,226.289000,760.621000,OK
7,18,adjacent,620,30,32,112,FWD,E7,E8,E3,E4,-63.977000,498.915000,OK
7,18,adjacent,620,30,32,113,REV,E8,E7,E3,E4,-60.668000,754.118000,OK
7,18,adjacent,620,30,32,114,FWD,E7,E8,E4,E5,-160.766000,503.024000,OK
7,18,adjacent,620,30,32,115,REV,E8,E7,E4,E5,-154.719000,751.404000,OK
7,18,adjacent,620,30,32,116,FWD,E7,E8,E5,E6,-117.855000,505.857000,OK
7,18,adjacent,620,30,32,117,REV,E8,E7,E5,E6,-98.414000,749.848000,OK
7,18,adjacent,620,30,32,118,FWD,E7,E8,E9,E10,-20.109000,507.773000,OK
7,18,adjacent,620,30,32,119,REV,E8,E7,E9,E10,-7.707000,747.973000,OK
7,18,adjacent,620,30,32,120,FWD,E7,E8,E10,E11,38.449000,509.169000,OK
7,18,adjacent,620,30,32,121,REV,E8,E7,E10,E11,44.488000,747.534000,OK
7,18,adjacent,620,30,32,122,FWD,E7,E8,E11,E12,66.875000,510.725000,OK
7,18,adjacent,620,30,32,123,REV,E8,E7,E11,E12,69.559000,746.377000,OK
7,18,adjacent,620,30,32,124,FWD,E7,E8,E12,E1,-11.898000,510.725000,OK
7,18,adjacent,620,30,32,125,REV,E8,E7,E12,E1,-9.531000,745.619000,OK
7,18,adjacent,620,30,32,126,FWD,E8,E9,E1,E2,-237.156000,530.436000,OK
7,18,adjacent,620,30,32,127,REV,E9,E8,E1,E2,-234.211000,634.456000,OK
7,18,adjacent,620,30,32,128,FWD,E8,E9,E2,E3,224.906000,576.002000,OK
7,18,adjacent,620,30,32,129,REV,E9,E8,E2,E3,226.930000,619.095000,OK
7,18,adjacent,620,30,32,130,FWD,E8,E9,E3,E4,-63.805000,582.267000,OK
7,18,adjacent,620,30,32,131,REV,E9,E8,E3,E4,-61.332000,615.304000,OK
7,18,adjacent,620,30,32,132,FWD,E8,E9,E4,E5,-160.090000,583.783000,OK
7,18,adjacent,620,30,32,133,REV,E9,E8,E4,E5,-156.469000,606.087000,OK
7,18,adjacent,620,30,32,134,FWD,E8,E9,E5,E6,-117.598000,584.541000,OK
7,18,adjacent,620,30,32,135,REV,E9,E8,E5,E6,-108.828000,609.838000,OK
7,18,adjacent,620,30,32,136,FWD,E8,E9,E6,E7,46.391000,583.982000,OK
7,18,adjacent,620,30,32,137,REV,E9,E8,E6,E7,63.590000,609.958000,OK
7,18,adjacent,620,30,32,138,FWD,E8,E9,E10,E11,33.977000,584.381000,OK
7,18,adjacent,620,30,32,139,REV,E9,E8,E10,E11,47.906000,609.519000,OK
7,18,adjacent,620,30,32,140,FWD,E8,E9,E11,E12,65.719000,584.820000,OK
7,18,adjacent,620,30,32,141,REV,E9,E8,E11,E12,70.336000,609.718000,OK
7,18,adjacent,620,30,32,142,FWD,E8,E9,E12,E1,-12.535000,585.219000,OK
7,18,adjacent,620,30,32,143,REV,E9,E8,E12,E1,-9.203000,609.120000,OK
7,18,adjacent,620,30,32,144,FWD,E9,E10,E1,E2,-238.398000,585.259000,OK
7,18,adjacent,620,30,32,145,REV,E10,E9,E1,E2,-234.406000,607.444000,OK
7,18,adjacent,620,30,32,146,FWD,E9,E10,E2,E3,225.422000,617.020000,OK
7,18,adjacent,620,30,32,147,REV,E10,E9,E2,E3,227.492000,609.519000,OK
7,18,adjacent,620,30,32,148,FWD,E9,E10,E3,E4,-63.598000,618.776000,OK
7,18,adjacent,620,30,32,149,REV,E10,E9,E3,E4,-61.508000,604.212000,OK
7,18,adjacent,620,30,32,150,FWD,E9,E10,E4,E5,-159.445000,621.090000,OK
7,18,adjacent,620,30,32,151,REV,E10,E9,E4,E5,-157.191000,603.015000,OK
7,18,adjacent,620,30,32,152,FWD,E9,E10,E5,E6,-116.551000,621.688000,OK
7,18,adjacent,620,30,32,153,REV,E10,E9,E5,E6,-112.621000,594.596000,OK
7,18,adjacent,620,30,32,154,FWD,E9,E10,E6,E7,49.035000,621.608000,OK
7,18,adjacent,620,30,32,155,REV,E10,E9,E6,E7,54.770000,598.945000,OK
7,18,adjacent,620,30,32,156,FWD,E9,E10,E7,E8,190.062000,620.930000,OK
7,18,adjacent,620,30,32,157,REV,E10,E9,E7,E8,202.309000,599.424000,OK
7,18,adjacent,620,30,32,158,FWD,E9,E10,E11,E12,62.461000,621.249000,OK
7,18,adjacent,620,30,32,159,REV,E10,E9,E11,E12,73.320000,599.224000,OK
7,18,adjacent,620,30,32,160,FWD,E9,E10,E12,E1,-13.781000,620.970000,OK
7,18,adjacent,620,30,32,161,REV,E10,E9,E12,E1,-8.043000,599.464000,OK
7,18,adjacent,620,30,32,162,FWD,E10,E11,E1,E2,-240.797000,553.498000,OK
7,18,adjacent,620,30,32,163,REV,E11,E10,E1,E2,-232.406000,654.367000,OK
7,18,adjacent,620,30,32,164,FWD,E10,E11,E2,E3,225.250000,582.466000,OK
7,18,adjacent,620,30,32,165,REV,E11,E10,E2,E3,228.781000,646.945000,OK
7,18,adjacent,620,30,32,166,FWD,E10,E11,E3,E4,-63.902000,590.765000,OK
7,18,adjacent,620,30,32,167,REV,E11,E10,E3,E4,-60.973000,645.868000,OK
7,18,adjacent,620,30,32,168,FWD,E10,E11,E4,E5,-159.473000,588.212000,OK
7,18,adjacent,620,30,32,169,REV,E11,E10,E4,E5,-156.980000,646.307000,OK
7,18,adjacent,620,30,32,170,FWD,E10,E11,E5,E6,-116.750000,588.332000,OK
7,18,adjacent,620,30,32,171,REV,E11,E10,E5,E6,-113.516000,646.626000,OK
7,18,adjacent,620,30,32,172,FWD,E10,E11,E6,E7,49.535000,588.092000,OK
7,18,adjacent,620,30,32,173,REV,E11,E10,E6,E7,53.211000,640.721000,OK
7,18,adjacent,620,30,32,174,FWD,E10,E11,E7,E8,194.812000,587.972000,OK
7,18,adjacent,620,30,32,175,REV,E11,E10,E7,E8,200.945000,644.352000,OK
7,18,adjacent,620,30,32,176,FWD,E10,E11,E8,E9,7.645000,587.134000,OK
7,18,adjacent,620,30,32,177,REV,E11,E10,E8,E9,22.195000,644.192000,OK
7,18,adjacent,620,30,32,178,FWD,E10,E11,E12,E1,-18.551000,587.294000,OK
7,18,adjacent,620,30,32,179,REV,E11,E10,E12,E1,-2.113000,645.150000,OK
7,18,adjacent,620,30,32,180,FWD,E11,E12,E1,E2,-244.930000,511.404000,OK
7,18,adjacent,620,30,32,181,REV,E12,E11,E1,E2,-228.148000,635.294000,OK
7,18,adjacent,620,30,32,182,FWD,E11,E12,E2,E3,224.687000,528.760000,OK
7,18,adjacent,620,30,32,183,REV,E12,E11,E2,E3,230.414000,632.222000,OK
7,18,adjacent,620,30,32,184,FWD,E11,E12,E3,E4,-64.230000,530.356000,OK
7,18,adjacent,620,30,32,185,REV,E12,E11,E3,E4,-60.359000,631.264000,OK
7,18,adjacent,620,30,32,186,FWD,E11,E12,E4,E5,-159.441000,531.035000,OK
7,18,adjacent,620,30,32,187,REV,E12,E11,E4,E5,-156.891000,630.626000,OK
7,18,adjacent,620,30,32,188,FWD,E11,E12,E5,E6,-116.734000,531.394000,OK
7,18,adjacent,620,30,32,189,REV,E12,E11,E5,E6,-114.395000,633.658000,OK
7,18,adjacent,620,30,32,190,FWD,E11,E12,E6,E7,50.152000,531.434000,OK
7,18,adjacent,620,30,32,191,REV,E12,E11,E6,E7,52.133000,631.783000,OK
7,18,adjacent,620,30,32,192,FWD,E11,E12,E7,E8,197.414000,532.431000,OK
7,18,adjacent,620,30,32,193,REV,E12,E11,E7,E8,199.980000,631.504000,OK
7,18,adjacent,620,30,32,194,FWD,E11,E12,E8,E9,12.059000,533.189000,OK
7,18,adjacent,620,30,32,195,REV,E12,E11,E8,E9,16.684000,627.274000,OK
7,18,adjacent,620,30,32,196,FWD,E11,E12,E9,E10,-19.711000,532.790000,OK
7,18,adjacent,620,30,32,197,REV,E12,E11,E9,E10,-9.066000,629.509000,OK
7,18,adjacent,620,30,32,198,FWD,E12,E1,E2,E3,220.406000,520.381000,OK
7,18,adjacent,620,30,32,199,REV,E1,E12,E2,E3,234.500000,530.276000,OK
7,18,adjacent,620,30,32,200,FWD,E12,E1,E3,E4,-66.520000,538.296000,OK
7,18,adjacent,620,30,32,201,REV,E1,E12,E3,E4,-58.480000,527.404000,OK
7,18,adjacent,620,30,32,202,FWD,E12,E1,E4,E5,-160.559000,539.773000,OK
7,18,adjacent,620,30,32,203,REV,E1,E12,E4,E5,-156.125000,527.443000,OK
7,18,adjacent,620,30,32,204,FWD,E12,E1,E5,E6,-117.488000,540.411000,OK
7,18,adjacent,620,30,32,205,REV,E1,E12,E5,E6,-114.395000,527.084000,OK
7,18,adjacent,620,30,32,206,FWD,E12,E1,E6,E7,49.984000,540.132000,OK
7,18,adjacent,620,30,32,207,REV,E1,E12,E6,E7,51.934000,531.793000,OK
7,18,adjacent,620,30,32,208,FWD,E12,E1,E7,E8,198.008000,541.209000,OK
7,18,adjacent,620,30,32,209,REV,E1,E12,E7,E8,200.098000,528.441000,OK
7,18,adjacent,620,30,32,210,FWD,E12,E1,E8,E9,12.434000,541.488000,OK
7,18,adjacent,620,30,32,211,REV,E1,E12,E8,E9,15.461000,528.042000,OK
7,18,adjacent,620,30,32,212,FWD,E12,E1,E9,E10,-17.602000,541.768000,OK
7,18,adjacent,620,30,32,213,REV,E1,E12,E9,E10,-12.461000,522.975000,OK
7,18,adjacent,620,30,32,214,FWD,E12,E1,E10,E11,33.699000,541.568000,OK
7,18,adjacent,620,30,32,215,REV,E1,E12,E10,E11,47.938000,526.526000,OK
8,19,adjacent,620,30,32,0,FWD,E1,E2,E3,E4,-80.375000,674.955000,OK
8,19,adjacent,620,30,32,1,REV,E2,E1,E3,E4,-52.000000,415.643000,OK
8,19,adjacent,620,30,32,2,FWD,E1,E2,E4,E5,-166.059000,684.771000,OK
8,19,adjacent,620,30,32,3,REV,E2,E1,E4,E5,-153.812000,416.600000,OK
8,19,adjacent,620,30,32,4,FWD,E1,E2,E5,E6,-120.238000,683.215000,OK
8,19,adjacent,620,30,32,5,REV,E2,E1,E5,E6,-113.840000,417.318000,OK
8,19,adjacent,620,30,32,6,FWD,E1,E2,E6,E7,49.109000,681.778000,OK
8,19,adjacent,620,30,32,7,REV,E2,E1,E6,E7,52.180000,425.857000,OK
8,19,adjacent,620,30,32,8,FWD,E1,E2,E7,E8,197.863000,678.506000,OK
8,19,adjacent,620,30,32,9,REV,E2,E1,E7,E8,200.297000,422.904000,OK
8,19,adjacent,620,30,32,10,FWD,E1,E2,E8,E9,12.063000,678.467000,OK
8,19,adjacent,620,30,32,11,REV,E2,E1,E8,E9,14.926000,422.865000,OK
8,19,adjacent,620,30,32,12,FWD,E1,E2,E9,E10,-17.359000,677.908000,OK
8,19,adjacent,620,30,32,13,REV,E2,E1,E9,E10,-13.691000,417.598000,OK
8,19,adjacent,620,30,32,14,FWD,E1,E2,E10,E11,36.152000,679.145000,OK
8,19,adjacent,620,30,32,15,REV,E2,E1,E10,E11,43.645000,421.628000,OK
8,19,adjacent,620,30,32,16,FWD,E1,E2,E11,E12,57.926000,678.347000,OK
8,19,adjacent,620,30,32,17,REV,E2,E1,E11,E12,73.637000,422.904000,OK
8,19,adjacent,620,30,32,18,FWD,E2,E3,E4,E5,-165.871000,392.460000,OK
8,19,adjacent,620,30,32,19,REV,E3,E2,E4,E5,-144.957000,697.858000,OK
8,19,adjacent,620,30,32,20,FWD,E2,E3,E5,E6,-119.445000,422.226000,OK
8,19,adjacent,620,30,32,21,REV,E3,E2,E5,E6,-111.172000,691.035000,OK
8,19,adjacent,620,30,32,22,FWD,E2,E3,E6,E7,49.957000,426.934000,OK
8,19,adjacent,620,30,32,23,REV,E3,E2,E6,E7,52.957000,688.881000,OK
8,19,adjacent,620,30,32,24,FWD,E2,E3,E7,E8,198.887000,435.433000,OK
8,19,adjacent,620,30,32,25,REV,E3,E2,E7,E8,200.840000,685.449000,OK
8,19,adjacent,620,30,32,26,FWD,E2,E3,E8,E9,13.016000,433.119000,OK
8,19,adjacent,620,30,32,27,REV,E3,E2,E8,E9,14.875000,685.289000,OK
8,19,adjacent,620,30,32,28,FWD,E2,E3,E9,E10,-15.695000,433.438000,OK
8,19,adjacent,620,30,32,29,REV,E3,E2,E9,E10,-13.758000,685.489000,OK
8,19,adjacent,620,30,32,30,FWD,E2,E3,E10,E11,39.621000,428.211000,OK
8,19,adjacent,620,30,32,31,REV,E3,E2,E10,E11,42.836000,686.686000,OK
8,19,adjacent,620,30,32,32,FWD,E2,E3,E11,E12,65.715000,431.403000,OK
8,19,adjacent,620,30,32,33,REV,E3,E2,E11,E12,71.156000,686.167000,OK
8,19,adjacent,620,30,32,34,FWD,E2,E3,E12,E1,-16.535000,433.199000,OK
8,19,adjacent,620,30,32,35,REV,E3,E2,E12,E1,-1.793000,684.731000,OK
8,19,adjacent,620,30,32,36,FWD,E3,E4,E1,E2,-206.766000,560.082000,OK
8,19,adjacent,620,30,32,37,REV,E4,E3,E1,E2,-189.121000,500.630000,OK
8,19,adjacent,620,30,32,38,FWD,E3,E4,E5,E6,-128.293000,577.159000,OK
8,19,adjacent,620,30,32,39,REV,E4,E3,E5,E6,-106.652000,497.478000,OK
8,19,adjacent,620,30,32,40,FWD,E3,E4,E6,E7,48.055000,578.596000,OK
8,19,adjacent,620,30,32,41,REV,E4,E3,E6,E7,53.773000,496.600000,OK
8,19,adjacent,620,30,32,42,FWD,E3,E4,E7,E8,198.324000,578.676000,OK
8,19,adjacent,620,30,32,43,REV,E4,E3,E7,E8,201.191000,496.361000,OK
8,19,adjacent,620,30,32,44,FWD,E3,E4,E8,E9,12.375000,579.035000,OK
8,19,adjacent,620,30,32,45,REV,E4,E3,E8,E9,14.625000,501.708000,OK
8,19,adjacent,620,30,32,46,FWD,E3,E4,E9,E10,-15.953000,578.516000,OK
8,19,adjacent,620,30,32,47,REV,E4,E3,E9,E10,-14.117000,499.074000,OK
8,19,adjacent,620,30,32,48,FWD,E3,E4,E10,E11,39.402000,579.474000,OK
8,19,adjacent,620,30,32,49,REV,E4,E3,E10,E11,41.949000,498.556000,OK
8,19,adjacent,620,30,32,50,FWD,E3,E4,E11,E12,65.879000,575.803000,OK
8,19,adjacent,620,30,32,51,REV,E4,E3,E11,E12,69.379000,497.359000,OK
8,19,adjacent,620,30,32,52,FWD,E3,E4,E12,E1,-15.238000,578.995000,OK
8,19,adjacent,620,30,32,53,REV,E4,E3,E12,E1,-7.176000,496.680000,OK
8,19,adjacent,620,30,32,54,FWD,E4,E5,E1,E2,-232.766000,633.100000,OK
8,19,adjacent,620,30,32,55,REV,E5,E4,E1,E2,-220.891000,480.640000,OK
8,19,adjacent,620,30,32,56,FWD,E4,E5,E2,E3,205.891000,652.092000,OK
8,19,adjacent,620,30,32,57,REV,E5,E4,E2,E3,226.773000,478.725000,OK
8,19,adjacent,620,30,32,58,FWD,E4,E5,E6,E7,42.797000,651.933000,OK
8,19,adjacent,620,30,32,59,REV,E5,E4,E6,E7,57.133000,479.084000,OK
8,19,adjacent,620,30,32,60,FWD,E4,E5,E7,E8,196.844000,657.838000,OK
8,19,adjacent,620,30,32,61,REV,E5,E4,E7,E8,202.355000,478.366000,OK
8,19,adjacent,620,30,32,62,FWD,E4,E5,E8,E9,11.477000,653.170000,OK
8,19,adjacent,620,30,32,63,REV,E5,E4,E8,E9,14.898000,480.002000,OK
8,19,adjacent,620,30,32,64,FWD,E4,E5,E9,E10,-16.125000,652.611000,OK
8,19,adjacent,620,30,32,65,REV,E5,E4,E9,E10,-14.012000,481.039000,OK
8,19,adjacent,620,30,32,66,FWD,E4,E5,E10,E11,39.480000,645.190000,OK
8,19,adjacent,620,30,32,67,REV,E5,E4,E10,E11,41.738000,482.835000,OK
8,19,adjacent,620,30,32,68,FWD,E4,E5,E11,E12,66.422000,648.701000,OK
8,19,adjacent,620,30,32,69,REV,E5,E4,E11,E12,68.859000,482.196000,OK
8,19,adjacent,620,30,32,70,FWD,E4,E5,E12,E1,-13.500000,648.781000,OK
8,19,adjacent,620,30,32,71,REV,E5,E4,E12,E1,-8.883000,483.234000,OK
8,19,adjacent,620,30,32,72,FWD,E5,E6,E1,E2,-234.008000,589.928000,OK
8,19,adjacent,620,30,32,73,REV,E6,E5,E1,E2,-227.961000,486.865000,OK
8,19,adjacent,620,30,32,74,FWD,E5,E6,E2,E3,216.383000,611.593000,OK
8,19,adjacent,620,30,32,75,REV,E6,E5,E2,E3,224.586000,481.039000,OK
8,19,adjacent,620,30,32,76,FWD,E5,E6,E3,E4,-75.762000,607.444000,OK
8,19,adjacent,620,30,32,77,REV,E6,E5,E3,E4,-53.938000,483.114000,OK
8,19,adjacent,620,30,32,78,FWD,E5,E6,E7,E8,190.395000,606.007000,OK
8,19,adjacent,620,30,32,79,REV,E6,E5,E7,E8,207.727000,479.723000,OK
8,19,adjacent,620,30,32,80,FWD,E5,E6,E8,E9,8.813000,607.803000,OK
8,19,adjacent,620,30,32,81,REV,E6,E5,E8,E9,17.020000,485.149000,OK
8,19,adjacent,620,30,32,82,FWD,E5,E6,E9,E10,-16.902000,605.010000,OK
8,19,adjacent,620,30,32,83,REV,E6,E5,E9,E10,-13.359000,486.865000,OK
8,19,adjacent,620,30,32,84,FWD,E5,E6,E10,E11,39.203000,603.334000,OK
8,19,adjacent,620,30,32,85,REV,E6,E5,E10,E11,42.035000,488.900000,OK
8,19,adjacent,620,30,32,86,FWD,E5,E6,E11,E12,66.680000,602.097000,OK
8,19,adjacent,620,30,32,87,REV,E6,E5,E11,E12,68.848000,489.219000,OK
8,19,adjacent,620,30,32,88,FWD,E5,E6,E12,E1,-12.477000,601.259000,OK
8,19,adjacent,620,30,32,89,REV,E6,E5,E12,E1,-9.371000,490.097000,OK
8,19,adjacent,620,30,32,90,FWD,E6,E7,E1,E2,-234.297000,529.438000,OK
8,19,adjacent,620,30,32,91,REV,E7,E6,E1,E2,-231.242000,623.404000,OK
8,19,adjacent,620,30,32,92,FWD,E6,E7,E2,E3,221.516000,555.533000,OK
8,19,adjacent,620,30,32,93,REV,E7,E6,E2,E3,224.797000,613.868000,OK
8,19,adjacent,620,30,32,94,FWD,E6,E7,E3,E4,-66.000000,555.254000,OK
8,19,adjacent,620,30,32,95,REV,E7,E6,E3,E4,-59.801000,613.110000,OK
8,19,adjacent,620,30,32,96,FWD,E6,E7,E4,E5,-165.426000,556.172000,OK
8,19,adjacent,620,30,32,97,REV,E7,E6,E4,E5,-150.301000,612.232000,OK
8,19,adjacent,620,30,32,98,FWD,E6,E7,E8,E9,4.953000,552.581000,OK
8,19,adjacent,620,30,32,99,REV,E7,E6,E8,E9,22.746000,614.626000,OK
8,19,adjacent,620,30,32,100,FWD,E6,E7,E9,E10,-17.535000,556.850000,OK
8,19,adjacent,620,30,32,101,REV,E7,E6,E9,E10,-11.922000,613.588000,OK
8,19,adjacent,620,30,32,102,FWD,E6,E7,E10,E11,39.016000,558.366000,OK
8,19,adjacent,620,30,32,103,REV,E7,E6,E10,E11,42.520000,613.030000,OK
8,19,adjacent,620,30,32,104,FWD,E6,E7,E11,E12,66.980000,558.686000,OK
8,19,adjacent,620,30,32,105,REV,E7,E6,E11,E12,69.035000,612.312000,OK
8,19,adjacent,620,30,32,106,FWD,E6,E7,E12,E1,-11.711000,559.085000,OK
8,19,adjacent,620,30,32,107,REV,E7,E6,E12,E1,-9.520000,612.152000,OK
8,19,adjacent,620,30,32,108,FWD,E7,E8,E1,E2,-235.266000,447.762000,OK
8,19,adjacent,620,30,32,109,REV,E8,E7,E1,E2,-232.594000,769.918000,OK
8,19,adjacent,620,30,32,110,FWD,E7,E8,E2,E3,223.508000,501.109000,OK
8,19,adjacent,620,30,32,111,REV,E8,E7,E2,E3,225.727000,756.711000,OK
8,19,adjacent,620,30,32,112,FWD,E7,E8,E3,E4,-64.262000,501.588000,OK
8,19,adjacent,620,30,32,113,REV,E8,E7,E3,E4,-60.930000,754.357000,OK
8,19,adjacent,620,30,32,114,FWD,E7,E8,E4,E5,-160.285000,504.261000,OK
8,19,adjacent,620,30,32,115,REV,E8,E7,E4,E5,-154.227000,751.404000,OK
8,19,adjacent,620,30,32,116,FWD,E7,E8,E5,E6,-117.660000,498.635000,OK
8,19,adjacent,620,30,32,117,REV,E8,E7,E5,E6,-98.297000,751.444000,OK
8,19,adjacent,620,30,32,118,FWD,E7,E8,E9,E10,-19.754000,506.216000,OK
8,19,adjacent,620,30,32,119,REV,E8,E7,E9,E10,-7.359000,748.492000,OK
8,19,adjacent,620,30,32,120,FWD,E7,E8,E10,E11,38.285000,508.650000,OK
8,19,adjacent,620,30,32,121,REV,E8,E7,E10,E11,44.391000,747.295000,OK
8,19,adjacent,620,30,32,122,FWD,E7,E8,E11,E12,66.977000,510.286000,OK
8,19,adjacent,620,30,32,123,REV,E8,E7,E11,E12,69.668000,746.257000,OK
8,19,adjacent,620,30,32,124,FWD,E7,E8,E12,E1,-11.578000,510.765000,OK
8,19,adjacent,620,30,32,125,REV,E8,E7,E12,E1,-9.207000,745.579000,OK
8,19,adjacent,620,30,32,126,FWD,E8,E9,E1,E2,-236.531000,531.074000,OK
8,19,adjacent,620,30,32,127,REV,E9,E8,E1,E2,-233.578000,624.322000,OK
8,19,adjacent,620,30,32,128,FWD,E8,E9,E2,E3,224.258000,577.439000,OK
8,19,adjacent,620,30,32,129,REV,E9,E8,E2,E3,226.227000,621.888000,OK
8,19,adjacent,620,30,32,130,FWD,E8,E9,E3,E4,-64.141000,581.389000,OK
8,19,adjacent,620,30,32,131,REV,E9,E8,E3,E4,-61.684000,614.666000,OK
8,19,adjacent,620,30,32,132,FWD,E8,E9,E4,E5,-159.457000,584.222000,OK
8,19,adjacent,620,30,32,133,REV,E9,E8,E4,E5,-155.820000,613.349000,OK
8,19,adjacent,620,30,32,134,FWD,E8,E9,E5,E6,-117.941000,585.738000,OK
8,19,adjacent,620,30,32,135,REV,E9,E8,E5,E6,-109.145000,604.411000,OK
8,19,adjacent,620,30,32,136,FWD,E8,E9,E6,E7,46.605000,585.658000,OK
8,19,adjacent,620,30,32,137,REV,E9,E8,E6,E7,63.836000,608.920000,OK
8,19,adjacent,620,30,32,138,FWD,E8,E9,E10,E11,33.875000,584.421000,OK
8,19,adjacent,620,30,32,139,REV,E9,E8,E10,E11,47.793000,609.040000,OK
8,19,adjacent,620,30,32,140,FWD,E8,E9,E11,E12,65.824000,584.501000,OK
8,19,adjacent,620,30,32,141,REV,E9,E8,E11,E12,70.449000,609.080000,OK
8,19,adjacent,620,30,32,142,FWD,E8,E9,E12,E1,-12.234000,585.299000,OK
8,19,adjacent,620,30,32,143,REV,E9,E8,E12,E1,-8.895000,609.040000,OK
8,19,adjacent,620,30,32,144,FWD,E9,E10,E1,E2,-237.797000,583.903000,OK
8,19,adjacent,620,30,32,145,REV,E10,E9,E1,E2,-233.773000,607.603000,OK
8,19,adjacent,620,30,32,146,FWD,E9,E10,E2,E3,224.680000,624.880000,OK
8,19,adjacent,620,30,32,147,REV,E10,E9,E2,E3,226.750000,602.297000,OK
8,19,adjacent,620,30,32,148,FWD,E9,E10,E3,E4,-64.020000,622.047000,OK
8,19,adjacent,620,30,32,149,REV,E10,E9,E3,E4,-61.953000,602.137000,OK
8,19,adjacent,620,30,32,150,FWD,E9,E10,E4,E5,-158.738000,621.728000,OK
8,19,adjacent,620,30,32,151,REV,E10,E9,E4,E5,-156.477000,601.778000,OK
8,19,adjacent,620,30,32,152,FWD,E9,E10,E5,E6,-116.863000,614.746000,OK
8,19,adjacent,620,30,32,153,REV,E10,E9,E5,E6,-112.938000,601.179000,OK
8,19,adjacent,620,30,32,154,FWD,E9,E10,E6,E7,49.480000,620.052000,OK
8,19,adjacent,620,30,32,155,REV,E10,E9,E6,E7,55.215000,599.943000,OK
8,19,adjacent,620,30,32,156,FWD,E9,E10,E7,E8,189.609000,620.451000,OK
8,19,adjacent,620,30,32,157,REV,E10,E9,E7,E8,201.852000,599.703000,OK
8,19,adjacent,620,30,32,158,FWD,E9,E10,E11,E12,62.578000,621.010000,OK
8,19,adjacent,620,30,32,159,REV,E10,E9,E11,E12,73.375000,600.222000,OK
8,19,adjacent,620,30,32,160,FWD,E9,E10,E12,E1,-13.473000,621.010000,OK
8,19,adjacent,620,30,32,161,REV,E10,E9,E12,E1,-7.727000,599.743000,OK
8,19,adjacent,620,30,32,162,FWD,E10,E11,E1,E2,-240.156000,553.618000,OK
8,19,adjacent,620,30,32,163,REV,E11,E10,E1,E2,-231.781000,654.167000,OK
8,19,adjacent,620,30,32,164,FWD,E10,E11,E2,E3,224.500000,588.411000,OK
8,19,adjacent,620,30,32,165,REV,E11,E10,E2,E3,228.008000,646.945000,OK
8,19,adjacent,620,30,32,166,FWD,E10,E11,E3,E4,-64.422000,586.576000,OK
8,19,adjacent,620,30,32,167,REV,E11,E10,E3,E4,-61.500000,646.546000,OK
8,19,adjacent,620,30,32,168,FWD,E10,E11,E4,E5,-158.711000,587.414000,OK
8,19,adjacent,620,30,32,169,REV,E11,E10,E4,E5,-156.211000,641.000000,OK
8,19,adjacent,620,30,32,170,FWD,E10,E11,E5,E6,-117.047000,587.613000,OK
8,19,adjacent,620,30,32,171,REV,E11,E10,E5,E6,-113.824000,644.272000,OK
8,19,adjacent,620,30,32,172,FWD,E10,E11,E6,E7,50.090000,587.733000,OK
8,19,adjacent,620,30,32,173,REV,E11,E10,E6,E7,53.758000,645.229000,OK
8,19,adjacent,620,30,32,174,FWD,E10,E11,E7,E8,194.273000,587.095000,OK
8,19,adjacent,620,30,32,175,REV,E11,E10,E7,E8,200.457000,645.070000,OK
8,19,adjacent,620,30,32,176,FWD,E10,E11,E8,E9,7.297000,587.015000,OK
8,19,adjacent,620,30,32,177,REV,E11,E10,E8,E9,21.887000,645.469000,OK
8,19,adjacent,620,30,32,178,FWD,E10,E11,E12,E1,-18.293000,587.573000,OK
8,19,adjacent,620,30,32,179,REV,E11,E10,E12,E1,-1.855000,645.030000,OK
8,19,adjacent,620,30,32,180,FWD,E11,E12,E1,E2,-244.234000,511.523000,OK
8,19,adjacent,620,30,32,181,REV,E12,E11,E1,E2,-227.375000,634.736000,OK
8,19,adjacent,620,30,32,182,FWD,E11,E12,E2,E3,223.797000,532.471000,OK
8,19,adjacent,620,30,32,183,REV,E12,E11,E2,E3,229.547000,631.584000,OK
8,19,adjacent,620,30,32,184,FWD,E11,E12,E3,E4,-64.770000,532.072000,OK
8,19,adjacent,620,30,32,185,REV,E12,E11,E3,E4,-60.934000,631.584000,OK
8,19,adjacent,620,30,32,186,FWD,E11,E12,E4,E5,-158.707000,532.471000,OK
8,19,adjacent,620,30,32,187,REV,E12,E11,E4,E5,-156.152000,627.474000,OK
8,19,adjacent,620,30,32,188,FWD,E11,E12,E5,E6,-117.004000,531.513000,OK
8,19,adjacent,620,30,32,189,REV,E12,E11,E5,E6,-114.648000,630.027000,OK
8,19,adjacent,620,30,32,190,FWD,E11,E12,E6,E7,50.742000,532.551000,OK
8,19,adjacent,620,30,32,191,REV,E12,E11,E6,E7,52.730000,630.506000,OK
8,19,adjacent,620,30,32,192,FWD,E11,E12,E7,E8,196.781000,532.112000,OK
8,19,adjacent,620,30,32,193,REV,E12,E11,E7,E8,199.371000,630.027000,OK
8,19,adjacent,620,30,32,194,FWD,E11,E12,E8,E9,11.742000,532.790000,OK
8,19,adjacent,620,30,32,195,REV,E12,E11,E8,E9,16.371000,629.868000,OK
8,19,adjacent,620,30,32,196,FWD,E11,E12,E9,E10,-19.363000,536.301000,OK
8,19,adjacent,620,30,32,197,REV,E12,E11,E9,E10,-8.805000,629.229000,OK
8,19,adjacent,620,30,32,198,FWD,E12,E1,E2,E3,219.570000,522.217000,OK
8,19,adjacent,620,30,32,199,REV,E1,E12,E2,E3,233.672000,531.314000,OK
8,19,adjacent,620,30,32,200,FWD,E12,E1,E3,E4,-67.102000,538.695000,OK
8,19,adjacent,620,30,32,201,REV,E1,E12,E3,E4,-59.047000,523.932000,OK
8,19,adjacent,620,30,32,202,FWD,E12,E1,E4,E5,-159.758000,540.571000,OK
8,19,adjacent,620,30,32,203,REV,E1,E12,E4,E5,-155.305000,527.284000,OK
8,19,adjacent,620,30,32,204,FWD,E12,E1,E5,E6,-117.813000,540.571000,OK
8,19,adjacent,620,30,32,205,REV,E1,E12,E5,E6,-114.715000,527.005000,OK
8,19,adjacent,620,30,32,206,FWD,E12,E1,E6,E7,50.574000,540.252000,OK
8,19,adjacent,620,30,32,207,REV,E1,E12,E6,E7,52.594000,527.164000,OK
8,19,adjacent,620,30,32,208,FWD,E12,E1,E7,E8,197.359000,540.531000,OK
8,19,adjacent,620,30,32,209,REV,E1,E12,E7,E8,199.434000,527.005000,OK
8,19,adjacent,620,30,32,210,FWD,E12,E1,E8,E9,12.121000,540.970000,OK
8,19,adjacent,620,30,32,211,REV,E1,E12,E8,E9,15.172000,532.910000,OK
8,19,adjacent,620,30,32,212,FWD,E12,E1,E9,E10,-17.289000,541.568000,OK
8,19,adjacent,620,30,32,213,REV,E1,E12,E9,E10,-12.188000,528.481000,OK
8,19,adjacent,620,30,32,214,FWD,E12,E1,E10,E11,33.551000,541.249000,OK
8,19,adjacent,620,30,32,215,REV,E1,E12,E10,E11,47.840000,528.281000,OK
9,20,adjacent,620,30,32,0,FWD,E1,E2,E3,E4,-81.168000,677.509000,OK
9,20,adjacent,620,30,32,1,REV,E2,E1,E3,E4,-52.785000,408.899000,OK
9,20,adjacent,620,30,32,2,FWD,E1,E2,E4,E5,-165.199000,687.923000,OK
9,20,adjacent,620,30,32,3,REV,E2,E1,E4,E5,-152.945000,413.887000,OK
9,20,adjacent,620,30,32,4,FWD,E1,E2,E5,E6,-120.512000,684.332000,OK
9,20,adjacent,620,30,32,5,REV,E2,E1,E5,E6,-114.086000,416.680000,OK
9,20,adjacent,620,30,32,6,FWD,E1,E2,E6,E7,49.695000,682.177000,OK
9,20,adjacent,620,30,32,7,REV,E2,E1,E6,E7,52.750000,418.675000,OK
9,20,adjacent,620,30,32,8,FWD,E1,E2,E7,E8,197.133000,680.861000,OK
9,20,adjacent,620,30,32,9,REV,E2,E1,E7,E8,199.590000,420.032000,OK
9,20,adjacent,620,30,32,10,FWD,E1,E2,E8,E9,11.746000,679.584000,OK
9,20,adjacent,620,30,32,11,REV,E2,E1,E8,E9,14.602000,421.348000,OK
9,20,adjacent,620,30,32,12,FWD,E1,E2,E9,E10,-16.980000,678.746000,OK
9,20,adjacent,620,30,32,13,REV,E2,E1,E9,E10,-13.293000,422.625000,OK
9,20,adjacent,620,30,32,14,FWD,E1,E2,E10,E11,36.000000,677.788000,OK
9,20,adjacent,620,30,32,15,REV,E2,E1,E10,E11,43.566000,429.408000,OK
9,20,adjacent,620,30,32,16,FWD,E1,E2,E11,E12,57.867000,674.596000,OK
9,20,adjacent,620,30,32,17,REV,E2,E1,E11,E12,73.645000,426.336000,OK
9,20,adjacent,620,30,32,18,FWD,E2,E3,E4,E5,-165.160000,399.124000,OK
9,20,adjacent,620,30,32,19,REV,E3,E2,E4,E5,-144.094000,695.424000,OK
9,20,adjacent,620,30,32,20,FWD,E2,E3,E5,E6,-119.688000,424.660000,OK
9,20,adjacent,620,30,32,21,REV,E3,E2,E5,E6,-111.355000,685.649000,OK
9,20,adjacent,620,30,32,22,FWD,E2,E3,E6,E7,50.520000,430.605000,OK
9,20,adjacent,620,30,32,23,REV,E3,E2,E6,E7,53.527000,685.968000,OK
9,20,adjacent,620,30,32,24,FWD,E2,E3,E7,E8,198.168000,431.403000,OK
9,20,adjacent,620,30,32,25,REV,E3,E2,E7,E8,200.125000,685.369000,OK
9,20,adjacent,620,30,32,26,FWD,E2,E3,E8,E9,12.730000,432.281000,OK
9,20,adjacent,620,30,32,27,REV,E3,E2,E8,E9,14.555000,685.130000,OK
9,20,adjacent,620,30,32,28,FWD,E2,E3,E9,E10,-15.270000,433.478000,OK
9,20,adjacent,620,30,32,29,REV,E3,E2,E9,E10,-13.359000,684.372000,OK
9,20,adjacent,620,30,32,30,FWD,E2,E3,E10,E11,39.414000,433.638000,OK
9,20,adjacent,620,30,32,31,REV,E3,E2,E10,E11,42.629000,684.531000,OK
9,20,adjacent,620,30,32,32,FWD,E2,E3,E11,E12,65.676000,439.862000,OK
9,20,adjacent,620,30,32,33,REV,E3,E2,E11,E12,71.129000,681.260000,OK
9,20,adjacent,620,30,32,34,FWD,E2,E3,E12,E1,-16.406000,436.870000,OK
9,20,adjacent,620,30,32,35,REV,E3,E2,E12,E1,-1.648000,681.858000,OK
9,20,adjacent,620,30,32,36,FWD,E3,E4,E1,E2,-203.484000,562.596000,OK
9,20,adjacent,620,30,32,37,REV,E4,E3,E1,E2,-186.605000,497.797000,OK
9,20,adjacent,620,30,32,38,FWD,E3,E4,E5,E6,-128.473000,578.955000,OK
9,20,adjacent,620,30,32,39,REV,E4,E3,E5,E6,-106.805000,495.962000,OK
9,20,adjacent,620,30,32,40,FWD,E3,E4,E6,E7,48.605000,579.474000,OK
9,20,adjacent,620,30,32,41,REV,E4,E3,E6,E7,54.270000,496.162000,OK
9,20,adjacent,620,30,32,42,FWD,E3,E4,E7,E8,197.527000,579.035000,OK
9,20,adjacent,620,30,32,43,REV,E4,E3,E7,E8,200.430000,495.683000,OK
9,20,adjacent,620,30,32,44,FWD,E3,E4,E8,E9,12.055000,579.194000,OK
9,20,adjacent,620,30,32,45,REV,E4,E3,E8,E9,14.348000,496.162000,OK
9,20,adjacent,620,30,32,46,FWD,E3,E4,E9,E10,-15.527000,579.593000,OK
9,20,adjacent,620,30,32,47,REV,E4,E3,E9,E10,-13.715000,495.443000,OK
9,20,adjacent,620,30,32,48,FWD,E3,E4,E10,E11,39.191000,579.075000,OK
9,20,adjacent,620,30,32,49,REV,E4,E3,E10,E11,41.723000,495.643000,OK
9,20,adjacent,620,30,32,50,FWD,E3,E4,E11,E12,65.922000,579.873000,OK
9,20,adjacent,620,30,32,51,REV,E4,E3,E11,E12,69.418000,495.922000,OK
9,20,adjacent,620,30,32,52,FWD,E3,E4,E12,E1,-15.070000,579.713000,OK
9,20,adjacent,620,30,32,53,REV,E4,E3,E12,E1,-6.980000,496.082000,OK
9,20,adjacent,620,30,32,54,FWD,E4,E5,E1,E2,-232.000000,631.983000,OK
9,20,adjacent,620,30,32,55,REV,E5,E4,E1,E2,-219.859000,489.219000,OK
9,20,adjacent,620,30,32,56,FWD,E4,E5,E2,E3,205.781000,649.140000,OK
9,20,adjacent,620,30,32,57,REV,E5,E4,E2,E3,226.555000,482.157000,OK
9,20,adjacent,620,30,32,58,FWD,E4,E5,E6,E7,43.266000,651.374000,OK
9,20,adjacent,620,30,32,59,REV,E5,E4,E6,E7,57.738000,481.518000,OK
9,20,adjacent,620,30,32,60,FWD,E4,E5,E7,E8,196.051000,650.776000,OK
9,20,adjacent,620,30,32,61,REV,E5,E4,E7,E8,201.508000,474.855000,OK
9,20,adjacent,620,30,32,62,FWD,E4,E5,E8,E9,11.227000,651.933000,OK
9,20,adjacent,620,30,32,63,REV,E5,E4,E8,E9,14.629000,479.723000,OK
9,20,adjacent,620,30,32,64,FWD,E4,E5,E9,E10,-15.742000,650.137000,OK
9,20,adjacent,620,30,32,65,REV,E5,E4,E9,E10,-13.625000,480.960000,OK
9,20,adjacent,620,30,32,66,FWD,E4,E5,E10,E11,39.227000,649.459000,OK
9,20,adjacent,620,30,32,67,REV,E5,E4,E10,E11,41.445000,481.917000,OK
9,20,adjacent,620,30,32,68,FWD,E4,E5,E11,E12,66.508000,649.140000,OK
9,20,adjacent,620,30,32,69,REV,E5,E4,E11,E12,68.969000,482.316000,OK
9,20,adjacent,620,30,32,70,FWD,E4,E5,E12,E1,-13.285000,655.165000,OK
9,20,adjacent,620,30,32,71,REV,E5,E4,E12,E1,-8.586000,481.119000,OK
9,20,adjacent,620,30,32,72,FWD,E5,E6,E1,E2,-233.008000,594.197000,OK
9,20,adjacent,620,30,32,73,REV,E6,E5,E1,E2,-226.766000,484.191000,OK
9,20,adjacent,620,30,32,74,FWD,E5,E6,E2,E3,215.312000,607.603000,OK
9,20,adjacent,620,30,32,75,REV,E6,E5,E2,E3,223.539000,483.354000,OK
9,20,adjacent,620,30,32,76,FWD,E5,E6,E3,E4,-76.457000,601.578000,OK
9,20,adjacent,620,30,32,77,REV,E6,E5,E3,E4,-54.617000,487.862000,OK
9,20,adjacent,620,30,32,78,FWD,E5,E6,E7,E8,189.594000,604.252000,OK
9,20,adjacent,620,30,32,79,REV,E6,E5,E7,E8,206.945000,488.062000,OK
9,20,adjacent,620,30,32,80,FWD,E5,E6,E8,E9,8.484000,604.012000,OK
9,20,adjacent,620,30,32,81,REV,E6,E5,E8,E9,16.684000,488.501000,OK
9,20,adjacent,620,30,32,82,FWD,E5,E6,E9,E10,-16.375000,603.334000,OK
9,20,adjacent,620,30,32,83,REV,E6,E5,E9,E10,-12.809000,489.458000,OK
9,20,adjacent,620,30,32,84,FWD,E5,E6,E10,E11,38.848000,602.217000,OK
9,20,adjacent,620,30,32,85,REV,E6,E5,E10,E11,41.656000,490.855000,OK
9,20,adjacent,620,30,32,86,FWD,E5,E6,E11,E12,66.832000,601.578000,OK
9,20,adjacent,620,30,32,87,REV,E6,E5,E11,E12,69.004000,496.600000,OK
9,20,adjacent,620,30,32,88,FWD,E5,E6,E12,E1,-12.230000,597.189000,OK
9,20,adjacent,620,30,32,89,REV,E6,E5,E12,E1,-9.094000,493.728000,OK
9,20,adjacent,620,30,32,90,FWD,E6,E7,E1,E2,-233.250000,535.424000,OK
9,20,adjacent,620,30,32,91,REV,E7,E6,E1,E2,-230.172000,621.489000,OK
9,20,adjacent,620,30,32,92,FWD,E6,E7,E2,E3,220.477000,551.743000,OK
9,20,adjacent,620,30,32,93,REV,E7,E6,E2,E3,223.734000,611.394000,OK
9,20,adjacent,620,30,32,94,FWD,E6,E7,E3,E4,-66.738000,559.045000,OK
9,20,adjacent,620,30,32,95,REV,E7,E6,E3,E4,-60.512000,612.790000,OK
9,20,adjacent,620,30,32,96,FWD,E6,E7,E4,E5,-166.586000,559.244000,OK
9,20,adjacent,620,30,32,97,REV,E7,E6,E4,E5,-151.238000,611.833000,OK
9,20,adjacent,620,30,32,98,FWD,E6,E7,E8,E9,4.551000,559.444000,OK
9,20,adjacent,620,30,32,99,REV,E7,E6,E8,E9,22.363000,611.793000,OK
9,20,adjacent,620,30,32,100,FWD,E6,E7,E9,E10,-17.035000,560.202000,OK
9,20,adjacent,620,30,32,101,REV,E7,E6,E9,E10,-11.371000,611.514000,OK
9,20,adjacent,620,30,32,102,FWD,E6,E7,E10,E11,38.703000,560.281000,OK
9,20,adjacent,620,30,32,103,REV,E7,E6,E10,E11,42.227000,611.713000,OK
9,20,adjacent,620,30,32,104,FWD,E6,E7,E11,E12,67.039000,560.242000,OK
9,20,adjacent,620,30,32,105,REV,E7,E6,E11,E12,69.047000,612.192000,OK
9,20,adjacent,620,30,32,106,FWD,E6,E7,E12,E1,-11.367000,560.680000,OK
9,20,adjacent,620,30,32,107,REV,E7,E6,E12,E1,-9.180000,610.795000,OK
9,20,adjacent,620,30,32,108,FWD,E7,E8,E1,E2,-234.336000,448.002000,OK
9,20,adjacent,620,30,32,109,REV,E8,E7,E1,E2,-231.734000,769.400000,OK
9,20,adjacent,620,30,32,110,FWD,E7,E8,E2,E3,222.609000,501.309000,OK
9,20,adjacent,620,30,32,111,REV,E8,E7,E2,E3,224.766000,755.913000,OK
9,20,adjacent,620,30,32,112,FWD,E7,E8,E3,E4,-64.891000,503.064000,OK
9,20,adjacent,620,30,32,113,REV,E8,E7,E3,E4,-61.555000,754.078000,OK
9,20,adjacent,620,30,32,114,FWD,E7,E8,E4,E5,-160.008000,504.620000,OK
9,20,adjacent,620,30,32,115,REV,E8,E7,E4,E5,-153.922000,751.764000,OK
9,20,adjacent,620,30,32,116,FWD,E7,E8,E5,E6,-116.016000,498.196000,OK
9,20,adjacent,620,30,32,117,REV,E8,E7,E5,E6,-96.734000,751.484000,OK
9,20,adjacent,620,30,32,118,FWD,E7,E8,E9,E10,-19.145000,506.496000,OK
9,20,adjacent,620,30,32,119,REV,E8,E7,E9,E10,-6.789000,747.973000,OK
9,20,adjacent,620,30,32,120,FWD,E7,E8,E10,E11,37.969000,508.930000,OK
9,20,adjacent,620,30,32,121,REV,E8,E7,E10,E11,44.043000,746.896000,OK
9,20,adjacent,620,30,32,122,FWD,E7,E8,E11,E12,66.977000,510.047000,OK
9,20,adjacent,620,30,32,123,REV,E8,E7,E11,E12,69.648000,746.297000,OK
9,20,adjacent,620,30,32,124,FWD,E7,E8,E12,E1,-11.262000,510.925000,OK
9,20,adjacent,620,30,32,125,REV,E8,E7,E12,E1,-8.902000,745.060000,OK
9,20,adjacent,620,30,32,126,FWD,E8,E9,E1,E2,-235.672000,531.154000,OK
9,20,adjacent,620,30,32,127,REV,E9,E8,E1,E2,-232.719000,623.803000,OK
9,20,adjacent,620,30,32,128,FWD,E8,E9,E2,E3,223.320000,577.718000,OK
9,20,adjacent,620,30,32,129,REV,E9,E8,E2,E3,225.289000,612.711000,OK
9,20,adjacent,620,30,32,130,FWD,E8,E9,E3,E4,-64.703000,591.643000,OK
9,20,adjacent,620,30,32,131,REV,E9,E8,E3,E4,-62.199000,611.115000,OK
9,20,adjacent,620,30,32,132,FWD,E8,E9,E4,E5,-158.961000,587.095000,OK
9,20,adjacent,620,30,32,133,REV,E9,E8,E4,E5,-155.316000,611.394000,OK
9,20,adjacent,620,30,32,134,FWD,E8,E9,E5,E6,-117.047000,586.735000,OK
9,20,adjacent,620,30,32,135,REV,E9,E8,E5,E6,-108.242000,611.115000,OK
9,20,adjacent,620,30,32,136,FWD,E8,E9,E6,E7,45.801000,578.277000,OK
9,20,adjacent,620,30,32,137,REV,E9,E8,E6,E7,63.004000,610.077000,OK
9,20,adjacent,620,30,32,138,FWD,E8,E9,E10,E11,33.531000,583.663000,OK
9,20,adjacent,620,30,32,139,REV,E9,E8,E10,E11,47.480000,608.960000,OK
9,20,adjacent,620,30,32,140,FWD,E8,E9,E11,E12,65.820000,584.780000,OK
9,20,adjacent,620,30,32,141,REV,E9,E8,E11,E12,70.418000,608.721000,OK
9,20,adjacent,620,30,32,142,FWD,E8,E9,E12,E1,-11.895000,584.581000,OK
9,20,adjacent,620,30,32,143,REV,E9,E8,E12,E1,-8.586000,608.322000,OK
9,20,adjacent,620,30,32,144,FWD,E9,E10,E1,E2,-236.977000,583.384000,OK
9,20,adjacent,620,30,32,145,REV,E10,E9,E1,E2,-232.977000,607.603000,OK
9,20,adjacent,620,30,32,146,FWD,E9,E10,E2,E3,223.781000,616.302000,OK
9,20,adjacent,620,30,32,147,REV,E10,E9,E2,E3,225.906000,601.658000,OK
9,20,adjacent,620,30,32,148,FWD,E9,E10,E3,E4,-64.508000,626.317000,OK
9,20,adjacent,620,30,32,149,REV,E10,E9,E3,E4,-62.402000,601.060000,OK
9,20,adjacent,620,30,32,150,FWD,E9,E10,E4,E5,-158.156000,622.327000,OK
9,20,adjacent,620,30,32,151,REV,E10,E9,E4,E5,-155.863000,601.898000,OK
9,20,adjacent,620,30,32,152,FWD,E9,E10,E5,E6,-116.355000,621.848000,OK
9,20,adjacent,620,30,32,153,REV,E10,E9,E5,E6,-112.383000,601.698000,OK
9,20,adjacent,620,30,32,154,FWD,E9,E10,E6,E7,48.805000,614.865000,OK
9,20,adjacent,620,30,32,155,REV,E10,E9,E6,E7,54.543000,601.419000,OK
9,20,adjacent,620,30,32,156,FWD,E9,E10,E7,E8,189.379000,619.015000,OK
9,20,adjacent,620,30,32,157,REV,E10,E9,E7,E8,201.641000,600.621000,OK
9,20,adjacent,620,30,32,158,FWD,E9,E10,E11,E12,62.617000,620.012000,OK
9,20,adjacent,620,30,32,159,REV,E10,E9,E11,E12,73.422000,599.623000,OK
9,20,adjacent,620,30,32,160,FWD,E9,E10,E12,E1,-13.180000,619.893000,OK
9,20,adjacent,620,30,32,161,REV,E10,E9,E12,E1,-7.437000,600.421000,OK
9,20,adjacent,620,30,32,162,FWD,E10,E11,E1,E2,-239.336000,553.858000,OK
9,20,adjacent,620,30,32,163,REV,E11,E10,E1,E2,-230.930000,653.968000,OK
9,20,adjacent,620,30,32,164,FWD,E10,E11,E2,E3,223.531000,582.825000,OK
9,20,adjacent,620,30,32,165,REV,E11,E10,E2,E3,227.195000,647.025000,OK
9,20,adjacent,620,30,32,166,FWD,E10,E11,E3,E4,-64.883000,584.900000,OK
9,20,adjacent,620,30,32,167,REV,E11,E10,E3,E4,-61.984000,646.307000,OK
9,20,adjacent,620,30,32,168,FWD,E10,E11,E4,E5,-157.902000,586.057000,OK
9,20,adjacent,620,30,32,169,REV,E11,E10,E4,E5,-155.371000,644.990000,OK
9,20,adjacent,620,30,32,170,FWD,E10,E11,E5,E6,-116.773000,592.322000,OK
9,20,adjacent,620,30,32,171,REV,E11,E10,E5,E6,-113.547000,644.032000,OK
9,20,adjacent,620,30,32,172,FWD,E10,E11,E6,E7,49.504000,589.209000,OK
9,20,adjacent,620,30,32,173,REV,E11,E10,E6,E7,53.219000,645.030000,OK
9,20,adjacent,620,30,32,174,FWD,E10,E11,E7,E8,194.039000,588.810000,OK
9,20,adjacent,620,30,32,175,REV,E11,E10,E7,E8,200.180000,645.469000,OK
9,20,adjacent,620,30,32,176,FWD,E10,E11,E8,E9,6.805000,588.810000,OK
9,20,adjacent,620,30,32,177,REV,E11,E10,E8,E9,21.379000,640.481000,OK
9,20,adjacent,620,30,32,178,FWD,E10,E11,E12,E1,-17.797000,588.092000,OK
9,20,adjacent,620,30,32,179,REV,E11,E10,E12,E1,-1.312000,643.793000,OK
9,20,adjacent,620,30,32,180,FWD,E11,E12,E1,E2,-243.430000,511.204000,OK
9,20,adjacent,620,30,32,181,REV,E12,E11,E1,E2,-226.609000,635.095000,OK
9,20,adjacent,620,30,32,182,FWD,E11,E12,E2,E3,223.000000,528.960000,OK
9,20,adjacent,620,30,32,183,REV,E12,E11,E2,E3,228.750000,631.584000,OK
9,20,adjacent,620,30,32,184,FWD,E11,E12,E3,E4,-65.293000,530.715000,OK
9,20,adjacent,620,30,32,185,REV,E12,E11,E3,E4,-61.441000,631.224000,OK
9,20,adjacent,620,30,32,186,FWD,E11,E12,E4,E5,-157.730000,531.473000,OK
9,20,adjacent,620,30,32,187,REV,E12,E11,E4,E5,-155.184000,630.466000,OK
9,20,adjacent,620,30,32,188,FWD,E11,E12,E5,E6,-116.867000,531.912000,OK
9,20,adjacent,620,30,32,189,REV,E12,E11,E5,E6,-114.512000,630.307000,OK
9,20,adjacent,620,30,32,190,FWD,E11,E12,E6,E7,50.262000,532.152000,OK
9,20,adjacent,620,30,32,191,REV,E12,E11,E6,E7,52.254000,629.948000,OK
9,20,adjacent,620,30,32,192,FWD,E11,E12,E7,E8,196.621000,531.952000,OK
9,20,adjacent,620,30,32,193,REV,E12,E11,E7,E8,199.164000,633.818000,OK
9,20,adjacent,620,30,32,194,FWD,E11,E12,E8,E9,11.266000,532.670000,OK
9,20,adjacent,620,30,32,195,REV,E12,E11,E8,E9,15.898000,631.025000,OK
9,20,adjacent,620,30,32,196,FWD,E11,E12,E9,E10,-18.676000,532.591000,OK
9,20,adjacent,620,30,32,197,REV,E12,E11,E9,E10,-8.090000,630.546000,OK
9,20,adjacent,620,30,32,198,FWD,E12,E1,E2,E3,218.648000,521.618000,OK
9,20,adjacent,620,30,32,199,REV,E1,E12,E2,E3,232.758000,526.646000,OK
9,20,adjacent,620,30,32,200,FWD,E12,E1,E3,E4,-67.625000,538.815000,OK
9,20,adjacent,620,30,32,201,REV,E1,E12,E3,E4,-59.555000,527.364000,OK
9,20,adjacent,620,30,32,202,FWD,E12,E1,E4,E5,-158.770000,540.012000,OK
9,20,adjacent,620,30,32,203,REV,E1,E12,E4,E5,-154.348000,526.646000,OK
9,20,adjacent,620,30,32,204,FWD,E12,E1,E5,E6,-117.773000,540.611000,OK
9,20,adjacent,620,30,32,205,REV,E1,E12,E5,E6,-114.656000,526.725000,OK
9,20,adjacent,620,30,32,206,FWD,E12,E1,E6,E7,50.152000,540.092000,OK
9,20,adjacent,620,30,32,207,REV,E1,E12,E6,E7,52.184000,527.164000,OK
9,20,adjacent,620,30,32,208,FWD,E12,E1,E7,E8,197.145000,540.252000,OK
9,20,adjacent,620,30,32,209,REV,E1,E12,E7,E8,199.246000,532.192000,OK
9,20,adjacent,620,30,32,210,FWD,E12,E1,E8,E9,11.676000,540.651000,OK
9,20,adjacent,620,30,32,211,REV,E1,E12,E8,E9,14.723000,529.159000,OK
9,20,adjacent,620,30,32,212,FWD,E12,E1,E9,E10,-16.605000,541.688000,OK
9,20,adjacent,620,30,32,213,REV,E1,E12,E9,E10,-11.465000,528.321000,OK
9,20,adjacent,620,30,32,214,FWD,E12,E1,E10,E11,33.109000,541.329000,OK
9,20,adjacent,620,30,32,215,REV,E1,E12,E10,E11,47.359000,523.094000,OK
