frame_index,frame_id,pattern,dac_code,settle_ms,sample_count,record_index,polarity,i_plus,i_minus,v_plus,v_minus,voltage_mv,current_ua,quality
0,6,adjacent,620,30,32,0,FWD,E1,E2,E3,E4,9.461000,227.512000,OK
0,6,adjacent,620,30,32,1,REV,E2,E1,E3,E4,13.953000,289.078000,OK
0,6,adjacent,620,30,32,2,FWD,E1,E2,E4,E5,12.359000,248.260000,OK
0,6,adjacent,620,30,32,3,REV,E2,E1,E4,E5,14.250000,267.173000,OK
0,6,adjacent,620,30,32,4,FWD,E1,E2,E5,E6,-11.988000,248.300000,OK
0,6,adjacent,620,30,32,5,REV,E2,E1,E5,E6,-10.887000,270.804000,OK
0,6,adjacent,620,30,32,6,FWD,E1,E2,E6,E7,-9.152000,249.577000,OK
0,6,adjacent,620,30,32,7,REV,E2,E1,E6,E7,-8.656000,276.470000,OK
0,6,adjacent,620,30,32,8,FWD,E1,E2,E7,E8,-7.211000,251.173000,OK
0,6,adjacent,620,30,32,9,REV,E2,E1,E7,E8,-6.781000,281.418000,OK
0,6,adjacent,620,30,32,10,FWD,E1,E2,E8,E9,45.348000,252.051000,OK
0,6,adjacent,620,30,32,11,REV,E2,E1,E8,E9,46.012000,285.886000,OK
0,6,adjacent,620,30,32,12,FWD,E1,E2,E9,E10,8.379000,253.607000,OK
0,6,adjacent,620,30,32,13,REV,E2,E1,E9,E10,9.234000,289.677000,OK
0,6,adjacent,620,30,32,14,FWD,E1,E2,E10,E11,56.152000,254.525000,OK
0,6,adjacent,620,30,32,15,REV,E2,E1,E10,E11,58.113000,291.832000,OK
0,6,adjacent,620,30,32,16,FWD,E1,E2,E11,E12,2.695000,255.642000,OK
0,6,adjacent,620,30,32,17,REV,E2,E1,E11,E12,7.281000,294.505000,OK
0,6,adjacent,620,30,32,18,FWD,E2,E3,E4,E5,10.992000,287.163000,OK
0,6,adjacent,620,30,32,19,REV,E3,E2,E4,E5,14.363000,212.230000,OK
0,6,adjacent,620,30,32,20,FWD,E2,E3,E5,E6,-12.785000,308.390000,OK
0,6,adjacent,620,30,32,21,REV,E3,E2,E5,E6,-11.125000,216.978000,OK
0,6,adjacent,620,30,32,22,FWD,E2,E3,E6,E7,-8.418000,307.991000,OK
0,6,adjacent,620,30,32,23,REV,E3,E2,E6,E7,-7.812000,220.889000,OK
0,6,adjacent,620,30,32,24,FWD,E2,E3,E7,E8,-8.523000,308.749000,OK
0,6,adjacent,620,30,32,25,REV,E3,E2,E7,E8,-8.035000,222.724000,OK
0,6,adjacent,620,30,32,26,FWD,E2,E3,E8,E9,45.879000,310.186000,OK
0,6,adjacent,620,30,32,27,REV,E3,E2,E8,E9,46.398000,224.320000,OK
0,6,adjacent,620,30,32,28,FWD,E2,E3,E9,E10,8.379000,310.545000,OK
0,6,adjacent,620,30,32,29,REV,E3,E2,E9,E10,8.887000,226.076000,OK
0,6,adjacent,620,30,32,30,FWD,E2,E3,E10,E11,56.215000,310.704000,OK
0,6,adjacent,620,30,32,31,REV,E3,E2,E10,E11,57.121000,227.273000,OK
0,6,adjacent,620,30,32,32,FWD,E2,E3,E11,E12,3.949000,311.383000,OK
0,6,adjacent,620,30,32,33,REV,E3,E2,E11,E12,5.531000,228.031000,OK
0,6,adjacent,620,30,32,34,FWD,E2,E3,E12,E1,11.301000,311.742000,OK
0,6,adjacent,620,30,32,35,REV,E3,E2,E12,E1,14.719000,228.390000,OK
0,6,adjacent,620,30,32,36,FWD,E3,E4,E1,E2,172.633000,288.241000,OK
0,6,adjacent,620,30,32,37,REV,E4,E3,E1,E2,163.664000,345.418000,OK
0,6,adjacent,620,30,32,38,FWD,E3,E4,E5,E6,-23.262000,339.353000,OK
0,6,adjacent,620,30,32,39,REV,E4,E3,E5,E6,-2.969000,339.153000,OK
0,6,adjacent,620,30,32,40,FWD,E3,E4,E6,E7,-8.691000,343.582000,OK
0,6,adjacent,620,30,32,41,REV,E4,E3,E6,E7,-6.992000,339.912000,OK
0,6,adjacent,620,30,32,42,FWD,E3,E4,E7,E8,-9.074000,344.899000,OK
0,6,adjacent,620,30,32,43,REV,E4,E3,E7,E8,-7.969000,340.989000,OK
0,6,adjacent,620,30,32,44,FWD,E3,E4,E8,E9,46.141000,345.139000,OK
0,6,adjacent,620,30,32,45,REV,E4,E3,E8,E9,47.109000,341.228000,OK
0,6,adjacent,620,30,32,46,FWD,E3,E4,E9,E10,8.305000,345.777000,OK
0,6,adjacent,620,30,32,47,REV,E4,E3,E9,E10,9.180000,341.388000,OK
0,6,adjacent,620,30,32,48,FWD,E3,E4,E10,E11,55.887000,345.697000,OK
0,6,adjacent,620,30,32,49,REV,E4,E3,E10,E11,57.051000,342.505000,OK
0,6,adjacent,620,30,32,50,FWD,E3,E4,E11,E12,4.309000,345.857000,OK
0,6,adjacent,620,30,32,51,REV,E4,E3,E11,E12,6.059000,343.223000,OK
0,6,adjacent,620,30,32,52,FWD,E3,E4,E12,E1,11.914000,346.535000,OK
0,6,adjacent,620,30,32,53,REV,E4,E3,E12,E1,14.871000,342.665000,OK
0,6,adjacent,620,30,32,54,FWD,E4,E5,E1,E2,105.070000,191.921000,OK
0,6,adjacent,620,30,32,55,REV,E5,E4,E1,E2,104.473000,282.415000,OK
0,6,adjacent,620,30,32,56,FWD,E4,E5,E2,E3,-178.687000,258.435000,OK
0,6,adjacent,620,30,32,57,REV,E5,E4,E2,E3,-183.277000,267.812000,OK
0,6,adjacent,620,30,32,58,FWD,E4,E5,E6,E7,-8.852000,262.864000,OK
0,6,adjacent,620,30,32,59,REV,E5,E4,E6,E7,-6.691000,264.460000,OK
0,6,adjacent,620,30,32,60,FWD,E4,E5,E7,E8,-9.355000,264.460000,OK
0,6,adjacent,620,30,32,61,REV,E5,E4,E7,E8,-8.258000,262.186000,OK
0,6,adjacent,620,30,32,62,FWD,E4,E5,E8,E9,46.543000,264.739000,OK
0,6,adjacent,620,30,32,63,REV,E5,E4,E8,E9,47.398000,261.906000,OK
0,6,adjacent,620,30,32,64,FWD,E4,E5,E9,E10,8.449000,264.659000,OK
0,6,adjacent,620,30,32,65,REV,E5,E4,E9,E10,9.086000,261.228000,OK
0,6,adjacent,620,30,32,66,FWD,E4,E5,E10,E11,55.930000,265.258000,OK
0,6,adjacent,620,30,32,67,REV,E5,E4,E10,E11,56.551000,261.028000,OK
0,6,adjacent,620,30,32,68,FWD,E4,E5,E11,E12,4.965000,265.218000,OK
0,6,adjacent,620,30,32,69,REV,E5,E4,E11,E12,5.738000,260.789000,OK
0,6,adjacent,620,30,32,70,FWD,E4,E5,E12,E1,12.813000,264.779000,OK
0,6,adjacent,620,30,32,71,REV,E5,E4,E12,E1,13.969000,260.869000,OK
0,6,adjacent,620,30,32,72,FWD,E5,E6,E1,E2,75.266000,141.048000,OK
0,6,adjacent,620,30,32,73,REV,E6,E5,E1,E2,74.695000,254.964000,OK
0,6,adjacent,620,30,32,74,FWD,E5,E6,E2,E3,-190.934000,223.961000,OK
0,6,adjacent,620,30,32,75,REV,E6,E5,E2,E3,-188.910000,246.904000,OK
0,6,adjacent,620,30,32,76,FWD,E5,E6,E3,E4,6.094000,233.457000,OK
0,6,adjacent,620,30,32,77,REV,E6,E5,E3,E4,14.461000,246.345000,OK
0,6,adjacent,620,30,32,78,FWD,E5,E6,E7,E8,-10.066000,236.849000,OK
0,6,adjacent,620,30,32,79,REV,E6,E5,E7,E8,-7.336000,246.345000,OK
0,6,adjacent,620,30,32,80,FWD,E5,E6,E8,E9,46.559000,238.644000,OK
0,6,adjacent,620,30,32,81,REV,E6,E5,E8,E9,47.777000,246.106000,OK
0,6,adjacent,620,30,32,82,FWD,E5,E6,E9,E10,8.512000,239.602000,OK
0,6,adjacent,620,30,32,83,REV,E6,E5,E9,E10,9.297000,246.744000,OK
0,6,adjacent,620,30,32,84,FWD,E5,E6,E10,E11,55.672000,240.001000,OK
0,6,adjacent,620,30,32,85,REV,E6,E5,E10,E11,56.316000,246.385000,OK
0,6,adjacent,620,30,32,86,FWD,E5,E6,E11,E12,5.262000,241.118000,OK
0,6,adjacent,620,30,32,87,REV,E6,E5,E11,E12,5.855000,246.585000,OK
0,6,adjacent,620,30,32,88,FWD,E5,E6,E12,E1,13.184000,240.599000,OK
0,6,adjacent,620,30,32,89,REV,E6,E5,E12,E1,13.840000,246.624000,OK
0,6,adjacent,620,30,32,90,FWD,E6,E7,E1,E2,56.891000,258.275000,OK
0,6,adjacent,620,30,32,91,REV,E7,E6,E1,E2,56.582000,353.119000,OK
0,6,adjacent,620,30,32,92,FWD,E6,E7,E2,E3,-178.477000,326.266000,OK
0,6,adjacent,620,30,32,93,REV,E7,E6,E2,E3,-177.223000,341.109000,OK
0,6,adjacent,620,30,32,94,FWD,E6,E7,E3,E4,7.859000,333.727000,OK
0,6,adjacent,620,30,32,95,REV,E7,E6,E3,E4,9.449000,339.991000,OK
0,6,adjacent,620,30,32,96,FWD,E6,E7,E4,E5,43.109000,335.722000,OK
0,6,adjacent,620,30,32,97,REV,E7,E6,E4,E5,42.059000,339.672000,OK
0,6,adjacent,620,30,32,98,FWD,E6,E7,E8,E9,45.270000,337.757000,OK
0,6,adjacent,620,30,32,99,REV,E7,E6,E8,E9,48.656000,339.632000,OK
0,6,adjacent,620,30,32,100,FWD,E6,E7,E9,E10,8.008000,339.114000,OK
0,6,adjacent,620,30,32,101,REV,E7,E6,E9,E10,9.465000,339.712000,OK
0,6,adjacent,620,30,32,102,FWD,E6,E7,E10,E11,55.422000,339.473000,OK
0,6,adjacent,620,30,32,103,REV,E7,E6,E10,E11,56.336000,340.350000,OK
0,6,adjacent,620,30,32,104,FWD,E6,E7,E11,E12,5.328000,339.592000,OK
0,6,adjacent,620,30,32,105,REV,E7,E6,E11,E12,6.027000,339.832000,OK
0,6,adjacent,620,30,32,106,FWD,E6,E7,E12,E1,13.180000,340.311000,OK
0,6,adjacent,620,30,32,107,REV,E7,E6,E12,E1,13.789000,340.271000,OK
0,6,adjacent,620,30,32,108,FWD,E7,E8,E1,E2,44.738000,240.480000,OK
0,6,adjacent,620,30,32,109,REV,E8,E7,E1,E2,44.496000,354.834000,OK
0,6,adjacent,620,30,32,110,FWD,E7,E8,E2,E3,-168.359000,315.413000,OK
0,6,adjacent,620,30,32,111,REV,E8,E7,E2,E3,-167.281000,340.829000,OK
0,6,adjacent,620,30,32,112,FWD,E7,E8,E3,E4,8.531000,323.672000,OK
0,6,adjacent,620,30,32,113,REV,E8,E7,E3,E4,9.637000,338.156000,OK
0,6,adjacent,620,30,32,114,FWD,E7,E8,E4,E5,18.602000,326.385000,OK
0,6,adjacent,620,30,32,115,REV,E8,E7,E4,E5,19.754000,337.438000,OK
0,6,adjacent,620,30,32,116,FWD,E7,E8,E5,E6,-0.133000,327.862000,OK
0,6,adjacent,620,30,32,117,REV,E8,E7,E5,E6,2.699000,336.640000,OK
0,6,adjacent,620,30,32,118,FWD,E7,E8,E9,E10,6.965000,329.498000,OK
0,6,adjacent,620,30,32,119,REV,E8,E7,E9,E10,10.570000,335.403000,OK
0,6,adjacent,620,30,32,120,FWD,E7,E8,E10,E11,54.738000,329.817000,OK
0,6,adjacent,620,30,32,121,REV,E8,E7,E10,E11,56.656000,335.842000,OK
0,6,adjacent,620,30,32,122,FWD,E7,E8,E11,E12,5.250000,330.096000,OK
0,6,adjacent,620,30,32,123,REV,E8,E7,E11,E12,6.293000,335.682000,OK
0,6,adjacent,620,30,32,124,FWD,E7,E8,E12,E1,13.172000,331.054000,OK
0,6,adjacent,620,30,32,125,REV,E8,E7,E12,E1,13.797000,335.682000,OK
0,6,adjacent,620,30,32,126,FWD,E8,E9,E1,E2,35.191000,205.607000,OK
0,6,adjacent,620,30,32,127,REV,E9,E8,E1,E2,35.234000,324.949000,OK
0,6,adjacent,620,30,32,128,FWD,E8,E9,E2,E3,-159.937000,287.482000,OK
0,6,adjacent,620,30,32,129,REV,E9,E8,E2,E3,-159.125000,311.901000,OK
0,6,adjacent,620,30,32,130,FWD,E8,E9,E3,E4,9.324000,295.862000,OK
0,6,adjacent,620,30,32,131,REV,E9,E8,E3,E4,10.133000,310.106000,OK
0,6,adjacent,620,30,32,132,FWD,E8,E9,E4,E5,14.488000,299.253000,OK
0,6,adjacent,620,30,32,133,REV,E9,E8,E4,E5,15.289000,309.308000,OK
0,6,adjacent,620,30,32,134,FWD,E8,E9,E5,E6,-6.699000,300.689000,OK
0,6,adjacent,620,30,32,135,REV,E9,E8,E5,E6,-5.094000,309.906000,OK
0,6,adjacent,620,30,32,136,FWD,E8,E9,E6,E7,-8.242000,301.328000,OK
0,6,adjacent,620,30,32,137,REV,E9,E8,E6,E7,-5.953000,309.428000,OK
0,6,adjacent,620,30,32,138,FWD,E8,E9,E10,E11,50.270000,302.724000,OK
0,6,adjacent,620,30,32,139,REV,E9,E8,E10,E11,60.996000,309.507000,OK
0,6,adjacent,620,30,32,140,FWD,E8,E9,E11,E12,4.895000,303.363000,OK
0,6,adjacent,620,30,32,141,REV,E9,E8,E11,E12,6.836000,309.747000,OK
0,6,adjacent,620,30,32,142,FWD,E8,E9,E12,E1,13.039000,302.485000,OK
0,6,adjacent,620,30,32,143,REV,E9,E8,E12,E1,14.012000,309.906000,OK
0,6,adjacent,620,30,32,144,FWD,E9,E10,E1,E2,27.234000,246.664000,OK
0,6,adjacent,620,30,32,145,REV,E10,E9,E1,E2,27.570000,353.159000,OK
0,6,adjacent,620,30,32,146,FWD,E9,E10,E2,E3,-152.941000,319.722000,OK
0,6,adjacent,620,30,32,147,REV,E10,E9,E2,E3,-151.984000,340.151000,OK
0,6,adjacent,620,30,32,148,FWD,E9,E10,E3,E4,9.660000,326.864000,OK
0,6,adjacent,620,30,32,149,REV,E10,E9,E3,E4,10.512000,338.395000,OK
0,6,adjacent,620,30,32,150,FWD,E9,E10,E4,E5,12.867000,329.577000,OK
0,6,adjacent,620,30,32,151,REV,E10,E9,E4,E5,13.637000,337.917000,OK
0,6,adjacent,620,30,32,152,FWD,E9,E10,E5,E6,-8.980000,331.453000,OK
0,6,adjacent,620,30,32,153,REV,E10,E9,E5,E6,-7.859000,337.637000,OK
0,6,adjacent,620,30,32,154,FWD,E9,E10,E6,E7,-10.715000,332.011000,OK
0,6,adjacent,620,30,32,155,REV,E10,E9,E6,E7,-9.270000,337.917000,OK
0,6,adjacent,620,30,32,156,FWD,E9,E10,E7,E8,6.191000,332.849000,OK
0,6,adjacent,620,30,32,157,REV,E10,E9,E7,E8,8.699000,337.837000,OK
0,6,adjacent,620,30,32,158,FWD,E9,E10,E11,E12,-0.629000,333.887000,OK
0,6,adjacent,620,30,32,159,REV,E10,E9,E11,E12,12.473000,338.515000,OK
0,6,adjacent,620,30,32,160,FWD,E9,E10,E12,E1,12.586000,333.887000,OK
0,6,adjacent,620,30,32,161,REV,E10,E9,E12,E1,14.473000,338.515000,OK
0,6,adjacent,620,30,32,162,FWD,E10,E11,E1,E2,20.367000,252.210000,OK
0,6,adjacent,620,30,32,163,REV,E11,E10,E1,E2,22.219000,386.795000,OK
0,6,adjacent,620,30,32,164,FWD,E10,E11,E2,E3,-147.305000,314.854000,OK
0,6,adjacent,620,30,32,165,REV,E11,E10,E2,E3,-145.867000,373.029000,OK
0,6,adjacent,620,30,32,166,FWD,E10,E11,E3,E4,9.770000,321.837000,OK
0,6,adjacent,620,30,32,167,REV,E11,E10,E3,E4,11.109000,371.592000,OK
0,6,adjacent,620,30,32,168,FWD,E10,E11,E4,E5,11.633000,323.712000,OK
0,6,adjacent,620,30,32,169,REV,E11,E10,E4,E5,12.598000,370.914000,OK
0,6,adjacent,620,30,32,170,FWD,E10,E11,E5,E6,-9.613000,324.989000,OK
0,6,adjacent,620,30,32,171,REV,E11,E10,E5,E6,-8.535000,370.236000,OK
0,6,adjacent,620,30,32,172,FWD,E10,E11,E6,E7,-10.270000,326.545000,OK
0,6,adjacent,620,30,32,173,REV,E11,E10,E6,E7,-9.195000,370.196000,OK
0,6,adjacent,620,30,32,174,FWD,E10,E11,E7,E8,-3.145000,327.064000,OK
0,6,adjacent,620,30,32,175,REV,E11,E10,E7,E8,-1.125000,370.874000,OK
0,6,adjacent,620,30,32,176,FWD,E10,E11,E8,E9,38.219000,327.024000,OK
0,6,adjacent,620,30,32,177,REV,E11,E10,E8,E9,50.082000,371.154000,OK
0,6,adjacent,620,30,32,178,FWD,E10,E11,E12,E1,8.770000,327.981000,OK
0,6,adjacent,620,30,32,179,REV,E11,E10,E12,E1,18.941000,371.273000,OK
0,6,adjacent,620,30,32,180,FWD,E11,E12,E1,E2,13.266000,308.310000,OK
0,6,adjacent,620,30,32,181,REV,E12,E11,E1,E2,18.488000,358.585000,OK
0,6,adjacent,620,30,32,182,FWD,E11,E12,E2,E3,-142.789000,345.059000,OK
0,6,adjacent,620,30,32,183,REV,E12,E11,E2,E3,-140.352000,351.203000,OK
0,6,adjacent,620,30,32,184,FWD,E11,E12,E3,E4,9.660000,348.650000,OK
0,6,adjacent,620,30,32,185,REV,E12,E11,E3,E4,11.637000,349.887000,OK
0,6,adjacent,620,30,32,186,FWD,E11,E12,E4,E5,11.238000,349.488000,OK
0,6,adjacent,620,30,32,187,REV,E12,E11,E4,E5,12.469000,349.767000,OK
0,6,adjacent,620,30,32,188,FWD,E11,E12,E5,E6,-10.125000,350.006000,OK
0,6,adjacent,620,30,32,189,REV,E12,E11,E5,E6,-9.063000,350.565000,OK
0,6,adjacent,620,30,32,190,FWD,E11,E12,E6,E7,-9.777000,350.924000,OK
0,6,adjacent,620,30,32,191,REV,E12,E11,E6,E7,-8.953000,349.767000,OK
0,6,adjacent,620,30,32,192,FWD,E11,E12,E7,E8,-5.230000,351.084000,OK
0,6,adjacent,620,30,32,193,REV,E12,E11,E7,E8,-4.020000,350.565000,OK
0,6,adjacent,620,30,32,194,FWD,E11,E12,E8,E9,42.434000,351.243000,OK
0,6,adjacent,620,30,32,195,REV,E12,E11,E8,E9,44.984000,350.645000,OK
0,6,adjacent,620,30,32,196,FWD,E11,E12,E9,E10,2.129000,351.363000,OK
0,6,adjacent,620,30,32,197,REV,E12,E11,E9,E10,18.910000,350.445000,OK
0,6,adjacent,620,30,32,198,FWD,E12,E1,E2,E3,-140.512000,309.906000,OK
0,6,adjacent,620,30,32,199,REV,E1,E12,E2,E3,-134.891000,386.715000,OK
0,6,adjacent,620,30,32,200,FWD,E12,E1,E3,E4,9.121000,354.395000,OK
0,6,adjacent,620,30,32,201,REV,E1,E12,E3,E4,12.719000,379.174000,OK
0,6,adjacent,620,30,32,202,FWD,E12,E1,E4,E5,10.734000,358.585000,OK
0,6,adjacent,620,30,32,203,REV,E1,E12,E4,E5,12.613000,378.854000,OK
0,6,adjacent,620,30,32,204,FWD,E12,E1,E5,E6,-10.512000,360.580000,OK
0,6,adjacent,620,30,32,205,REV,E1,E12,E5,E6,-9.277000,378.695000,OK
0,6,adjacent,620,30,32,206,FWD,E12,E1,E6,E7,-9.414000,361.977000,OK
0,6,adjacent,620,30,32,207,REV,E1,E12,E6,E7,-8.656000,378.575000,OK
0,6,adjacent,620,30,32,208,FWD,E12,E1,E7,E8,-5.906000,362.894000,OK
0,6,adjacent,620,30,32,209,REV,E1,E12,E7,E8,-5.109000,378.974000,OK
0,6,adjacent,620,30,32,210,FWD,E12,E1,E8,E9,43.613000,363.253000,OK
0,6,adjacent,620,30,32,211,REV,E1,E12,E8,E9,44.941000,379.014000,OK
0,6,adjacent,620,30,32,212,FWD,E12,E1,E9,E10,8.000000,363.892000,OK
0,6,adjacent,620,30,32,213,REV,E1,E12,E9,E10,10.457000,379.812000,OK
0,6,adjacent,620,30,32,214,FWD,E12,E1,E10,E11,51.684000,363.772000,OK
0,6,adjacent,620,30,32,215,REV,E1,E12,E10,E11,62.469000,380.371000,OK
1,7,adjacent,620,30,32,0,FWD,E1,E2,E3,E4,8.828000,227.432000,OK
1,7,adjacent,620,30,32,1,REV,E2,E1,E3,E4,13.309000,284.769000,OK
1,7,adjacent,620,30,32,2,FWD,E1,E2,E4,E5,10.586000,248.300000,OK
1,7,adjacent,620,30,32,3,REV,E2,E1,E4,E5,12.469000,264.659000,OK
1,7,adjacent,620,30,32,4,FWD,E1,E2,E5,E6,-10.758000,248.300000,OK
1,7,adjacent,620,30,32,5,REV,E2,E1,E5,E6,-9.711000,270.924000,OK
1,7,adjacent,620,30,32,6,FWD,E1,E2,E6,E7,-8.961000,249.657000,OK
1,7,adjacent,620,30,32,7,REV,E2,E1,E6,E7,-8.422000,277.787000,OK
1,7,adjacent,620,30,32,8,FWD,E1,E2,E7,E8,-6.250000,251.173000,OK
1,7,adjacent,620,30,32,9,REV,E2,E1,E7,E8,-5.816000,282.814000,OK
1,7,adjacent,620,30,32,10,FWD,E1,E2,E8,E9,44.523000,252.370000,OK
1,7,adjacent,620,30,32,11,REV,E2,E1,E8,E9,45.238000,288.839000,OK
1,7,adjacent,620,30,32,12,FWD,E1,E2,E9,E10,8.398000,253.886000,OK
1,7,adjacent,620,30,32,13,REV,E2,E1,E9,E10,9.273000,291.712000,OK
1,7,adjacent,620,30,32,14,FWD,E1,E2,E10,E11,55.645000,254.485000,OK
1,7,adjacent,620,30,32,15,REV,E2,E1,E10,E11,57.629000,294.505000,OK
1,7,adjacent,620,30,32,16,FWD,E1,E2,E11,E12,2.703000,255.682000,OK
1,7,adjacent,620,30,32,17,REV,E2,E1,E11,E12,7.316000,297.059000,OK
1,7,adjacent,620,30,32,18,FWD,E2,E3,E4,E5,9.344000,289.158000,OK
1,7,adjacent,620,30,32,19,REV,E3,E2,E4,E5,12.727000,212.829000,OK
1,7,adjacent,620,30,32,20,FWD,E2,E3,E5,E6,-11.563000,309.787000,OK
1,7,adjacent,620,30,32,21,REV,E3,E2,E5,E6,-9.887000,217.417000,OK
1,7,adjacent,620,30,32,22,FWD,E2,E3,E6,E7,-8.828000,310.305000,OK
1,7,adjacent,620,30,32,23,REV,E3,E2,E6,E7,-8.184000,221.288000,OK
1,7,adjacent,620,30,32,24,FWD,E2,E3,E7,E8,-6.707000,310.465000,OK
1,7,adjacent,620,30,32,25,REV,E3,E2,E7,E8,-6.227000,223.442000,OK
1,7,adjacent,620,30,32,26,FWD,E2,E3,E8,E9,45.129000,311.303000,OK
1,7,adjacent,620,30,32,27,REV,E3,E2,E8,E9,45.645000,225.158000,OK
1,7,adjacent,620,30,32,28,FWD,E2,E3,E9,E10,8.395000,312.301000,OK
1,7,adjacent,620,30,32,29,REV,E3,E2,E9,E10,8.969000,226.594000,OK
1,7,adjacent,620,30,32,30,FWD,E2,E3,E10,E11,55.770000,312.699000,OK
1,7,adjacent,620,30,32,31,REV,E3,E2,E10,E11,56.664000,227.831000,OK
1,7,adjacent,620,30,32,32,FWD,E2,E3,E11,E12,3.934000,312.899000,OK
1,7,adjacent,620,30,32,33,REV,E3,E2,E11,E12,5.570000,229.427000,OK
1,7,adjacent,620,30,32,34,FWD,E2,E3,E12,E1,11.102000,313.218000,OK
1,7,adjacent,620,30,32,35,REV,E3,E2,E12,E1,14.574000,229.906000,OK
1,7,adjacent,620,30,32,36,FWD,E3,E4,E1,E2,173.051000,287.802000,OK
1,7,adjacent,620,30,32,37,REV,E4,E3,E1,E2,164.137000,344.700000,OK
1,7,adjacent,620,30,32,38,FWD,E3,E4,E5,E6,-22.234000,339.034000,OK
1,7,adjacent,620,30,32,39,REV,E4,E3,E5,E6,-1.680000,338.635000,OK
1,7,adjacent,620,30,32,40,FWD,E3,E4,E6,E7,-9.059000,343.024000,OK
1,7,adjacent,620,30,32,41,REV,E4,E3,E6,E7,-7.352000,339.313000,OK
1,7,adjacent,620,30,32,42,FWD,E3,E4,E7,E8,-7.504000,344.101000,OK
1,7,adjacent,620,30,32,43,REV,E4,E3,E7,E8,-6.402000,340.989000,OK
1,7,adjacent,620,30,32,44,FWD,E3,E4,E8,E9,45.504000,344.740000,OK
1,7,adjacent,620,30,32,45,REV,E4,E3,E8,E9,46.414000,341.428000,OK
1,7,adjacent,620,30,32,46,FWD,E3,E4,E9,E10,8.418000,345.657000,OK
1,7,adjacent,620,30,32,47,REV,E4,E3,E9,E10,9.305000,341.148000,OK
1,7,adjacent,620,30,32,48,FWD,E3,E4,E10,E11,55.438000,346.415000,OK
1,7,adjacent,620,30,32,49,REV,E4,E3,E10,E11,56.613000,342.425000,OK
1,7,adjacent,620,30,32,50,FWD,E3,E4,E11,E12,4.316000,346.176000,OK
1,7,adjacent,620,30,32,51,REV,E4,E3,E11,E12,6.023000,343.263000,OK
1,7,adjacent,620,30,32,52,FWD,E3,E4,E12,E1,11.715000,346.695000,OK
1,7,adjacent,620,30,32,53,REV,E4,E3,E12,E1,14.699000,343.383000,OK
1,7,adjacent,620,30,32,54,FWD,E4,E5,E1,E2,106.094000,192.240000,OK
1,7,adjacent,620,30,32,55,REV,E5,E4,E1,E2,105.484000,281.856000,OK
1,7,adjacent,620,30,32,56,FWD,E4,E5,E2,E3,-179.164000,258.994000,OK
1,7,adjacent,620,30,32,57,REV,E5,E4,E2,E3,-183.676000,267.253000,OK
1,7,adjacent,620,30,32,58,FWD,E4,E5,E6,E7,-9.090000,263.103000,OK
1,7,adjacent,620,30,32,59,REV,E5,E4,E6,E7,-6.895000,263.502000,OK
1,7,adjacent,620,30,32,60,FWD,E4,E5,E7,E8,-7.730000,264.460000,OK
1,7,adjacent,620,30,32,61,REV,E5,E4,E7,E8,-6.625000,262.066000,OK
1,7,adjacent,620,30,32,62,FWD,E4,E5,E8,E9,45.910000,264.380000,OK
1,7,adjacent,620,30,32,63,REV,E5,E4,E8,E9,46.789000,261.228000,OK
1,7,adjacent,620,30,32,64,FWD,E4,E5,E9,E10,8.535000,264.699000,OK
1,7,adjacent,620,30,32,65,REV,E5,E4,E9,E10,9.160000,260.230000,OK
1,7,adjacent,620,30,32,66,FWD,E4,E5,E10,E11,55.391000,265.338000,OK
1,7,adjacent,620,30,32,67,REV,E5,E4,E10,E11,56.012000,259.672000,OK
1,7,adjacent,620,30,32,68,FWD,E4,E5,E11,E12,4.988000,265.058000,OK
1,7,adjacent,620,30,32,69,REV,E5,E4,E11,E12,5.715000,259.951000,OK
1,7,adjacent,620,30,32,70,FWD,E4,E5,E12,E1,12.668000,264.739000,OK
1,7,adjacent,620,30,32,71,REV,E5,E4,E12,E1,13.793000,259.432000,OK
1,7,adjacent,620,30,32,72,FWD,E5,E6,E1,E2,76.242000,139.013000,OK
1,7,adjacent,620,30,32,73,REV,E6,E5,E1,E2,75.699000,255.083000,OK
1,7,adjacent,620,30,32,74,FWD,E5,E6,E2,E3,-191.051000,223.243000,OK
1,7,adjacent,620,30,32,75,REV,E6,E5,E2,E3,-189.055000,246.824000,OK
1,7,adjacent,620,30,32,76,FWD,E5,E6,E3,E4,5.113000,232.819000,OK
1,7,adjacent,620,30,32,77,REV,E6,E5,E3,E4,13.707000,246.345000,OK
1,7,adjacent,620,30,32,78,FWD,E5,E6,E7,E8,-8.559000,235.572000,OK
1,7,adjacent,620,30,32,79,REV,E6,E5,E7,E8,-5.855000,246.066000,OK
1,7,adjacent,620,30,32,80,FWD,E5,E6,E8,E9,45.973000,237.687000,OK
1,7,adjacent,620,30,32,81,REV,E6,E5,E8,E9,47.172000,245.986000,OK
1,7,adjacent,620,30,32,82,FWD,E5,E6,E9,E10,8.637000,238.565000,OK
1,7,adjacent,620,30,32,83,REV,E6,E5,E9,E10,9.406000,246.106000,OK
1,7,adjacent,620,30,32,84,FWD,E5,E6,E10,E11,55.258000,239.283000,OK
1,7,adjacent,620,30,32,85,REV,E6,E5,E10,E11,55.898000,246.225000,OK
1,7,adjacent,620,30,32,86,FWD,E5,E6,E11,E12,5.223000,240.081000,OK
1,7,adjacent,620,30,32,87,REV,E6,E5,E11,E12,5.867000,246.225000,OK
1,7,adjacent,620,30,32,88,FWD,E5,E6,E12,E1,13.031000,240.161000,OK
1,7,adjacent,620,30,32,89,REV,E6,E5,E12,E1,13.660000,246.505000,OK
1,7,adjacent,620,30,32,90,FWD,E6,E7,E1,E2,57.668000,257.717000,OK
1,7,adjacent,620,30,32,91,REV,E7,E6,E1,E2,57.340000,353.558000,OK
1,7,adjacent,620,30,32,92,FWD,E6,E7,E2,E3,-178.148000,325.587000,OK
1,7,adjacent,620,30,32,93,REV,E7,E6,E2,E3,-176.891000,341.029000,OK
1,7,adjacent,620,30,32,94,FWD,E6,E7,E3,E4,7.094000,333.448000,OK
1,7,adjacent,620,30,32,95,REV,E7,E6,E3,E4,8.695000,339.912000,OK
1,7,adjacent,620,30,32,96,FWD,E6,E7,E4,E5,41.797000,335.642000,OK
1,7,adjacent,620,30,32,97,REV,E7,E6,E4,E5,40.809000,339.632000,OK
1,7,adjacent,620,30,32,98,FWD,E6,E7,E8,E9,44.996000,337.438000,OK
1,7,adjacent,620,30,32,99,REV,E7,E6,E8,E9,48.359000,339.114000,OK
1,7,adjacent,620,30,32,100,FWD,E6,E7,E9,E10,8.258000,338.196000,OK
1,7,adjacent,620,30,32,101,REV,E7,E6,E9,E10,9.684000,339.832000,OK
1,7,adjacent,620,30,32,102,FWD,E6,E7,E10,E11,54.918000,338.595000,OK
1,7,adjacent,620,30,32,103,REV,E7,E6,E10,E11,55.887000,340.111000,OK
1,7,adjacent,620,30,32,104,FWD,E6,E7,E11,E12,5.184000,339.034000,OK
1,7,adjacent,620,30,32,105,REV,E7,E6,E11,E12,5.895000,340.390000,OK
1,7,adjacent,620,30,32,106,FWD,E6,E7,E12,E1,13.121000,339.872000,OK
1,7,adjacent,620,30,32,107,REV,E7,E6,E12,E1,13.730000,340.191000,OK
1,7,adjacent,620,30,32,108,FWD,E7,E8,E1,E2,45.625000,240.161000,OK
1,7,adjacent,620,30,32,109,REV,E8,E7,E1,E2,45.453000,354.715000,OK
1,7,adjacent,620,30,32,110,FWD,E7,E8,E2,E3,-168.270000,315.094000,OK
1,7,adjacent,620,30,32,111,REV,E8,E7,E2,E3,-167.191000,341.428000,OK
1,7,adjacent,620,30,32,112,FWD,E7,E8,E3,E4,7.922000,323.473000,OK
1,7,adjacent,620,30,32,113,REV,E8,E7,E3,E4,9.047000,338.036000,OK
1,7,adjacent,620,30,32,114,FWD,E7,E8,E4,E5,17.730000,326.784000,OK
1,7,adjacent,620,30,32,115,REV,E8,E7,E4,E5,18.875000,336.919000,OK
1,7,adjacent,620,30,32,116,FWD,E7,E8,E5,E6,-1.504000,328.301000,OK
1,7,adjacent,620,30,32,117,REV,E8,E7,E5,E6,1.184000,336.480000,OK
1,7,adjacent,620,30,32,118,FWD,E7,E8,E9,E10,7.242000,329.338000,OK
1,7,adjacent,620,30,32,119,REV,E8,E7,E9,E10,10.836000,335.682000,OK
1,7,adjacent,620,30,32,120,FWD,E7,E8,E10,E11,54.184000,330.096000,OK
1,7,adjacent,620,30,32,121,REV,E8,E7,E10,E11,56.113000,336.001000,OK
1,7,adjacent,620,30,32,122,FWD,E7,E8,E11,E12,5.234000,330.495000,OK
1,7,adjacent,620,30,32,123,REV,E8,E7,E11,E12,6.258000,336.360000,OK
1,7,adjacent,620,30,32,124,FWD,E7,E8,E12,E1,13.113000,330.814000,OK
1,7,adjacent,620,30,32,125,REV,E8,E7,E12,E1,13.711000,335.882000,OK
1,7,adjacent,620,30,32,126,FWD,E8,E9,E1,E2,36.188000,206.205000,OK
1,7,adjacent,620,30,32,127,REV,E9,E8,E1,E2,36.238000,324.789000,OK
1,7,adjacent,620,30,32,128,FWD,E8,E9,E2,E3,-159.934000,287.921000,OK
1,7,adjacent,620,30,32,129,REV,E9,E8,E2,E3,-159.125000,312.021000,OK
1,7,adjacent,620,30,32,130,FWD,E8,E9,E3,E4,8.676000,296.181000,OK
1,7,adjacent,620,30,32,131,REV,E9,E8,E3,E4,9.492000,309.787000,OK
1,7,adjacent,620,30,32,132,FWD,E8,E9,E4,E5,13.758000,299.612000,OK
1,7,adjacent,620,30,32,133,REV,E9,E8,E4,E5,14.637000,309.507000,OK
1,7,adjacent,620,30,32,134,FWD,E8,E9,E5,E6,-9.012000,301.248000,OK
1,7,adjacent,620,30,32,135,REV,E9,E8,E5,E6,-7.488000,309.667000,OK
1,7,adjacent,620,30,32,136,FWD,E8,E9,E6,E7,-5.562000,301.647000,OK
1,7,adjacent,620,30,32,137,REV,E9,E8,E6,E7,-3.371000,309.507000,OK
1,7,adjacent,620,30,32,138,FWD,E8,E9,E10,E11,49.727000,302.724000,OK
1,7,adjacent,620,30,32,139,REV,E9,E8,E10,E11,60.477000,309.268000,OK
1,7,adjacent,620,30,32,140,FWD,E8,E9,E11,E12,4.871000,303.403000,OK
1,7,adjacent,620,30,32,141,REV,E9,E8,E11,E12,6.836000,309.428000,OK
1,7,adjacent,620,30,32,142,FWD,E8,E9,E12,E1,12.965000,303.842000,OK
1,7,adjacent,620,30,32,143,REV,E9,E8,E12,E1,13.895000,309.627000,OK
1,7,adjacent,620,30,32,144,FWD,E9,E10,E1,E2,28.398000,246.545000,OK
1,7,adjacent,620,30,32,145,REV,E10,E9,E1,E2,28.797000,353.478000,OK
1,7,adjacent,620,30,32,146,FWD,E9,E10,E2,E3,-154.016000,319.203000,OK
1,7,adjacent,620,30,32,147,REV,E10,E9,E2,E3,-153.199000,340.231000,OK
1,7,adjacent,620,30,32,148,FWD,E9,E10,E3,E4,10.367000,326.425000,OK
1,7,adjacent,620,30,32,149,REV,E10,E9,E3,E4,11.273000,337.956000,OK
1,7,adjacent,620,30,32,150,FWD,E9,E10,E4,E5,12.234000,330.016000,OK
1,7,adjacent,620,30,32,151,REV,E10,E9,E4,E5,13.066000,337.398000,OK
1,7,adjacent,620,30,32,152,FWD,E9,E10,E5,E6,-10.426000,331.612000,OK
1,7,adjacent,620,30,32,153,REV,E10,E9,E5,E6,-9.203000,337.877000,OK
1,7,adjacent,620,30,32,154,FWD,E9,E10,E6,E7,-9.035000,332.211000,OK
1,7,adjacent,620,30,32,155,REV,E10,E9,E6,E7,-7.652000,338.036000,OK
1,7,adjacent,620,30,32,156,FWD,E9,E10,E7,E8,6.910000,333.049000,OK
1,7,adjacent,620,30,32,157,REV,E10,E9,E7,E8,9.402000,337.996000,OK
1,7,adjacent,620,30,32,158,FWD,E9,E10,E11,E12,-0.566000,334.126000,OK
1,7,adjacent,620,30,32,159,REV,E10,E9,E11,E12,12.555000,338.794000,OK
1,7,adjacent,620,30,32,160,FWD,E9,E10,E12,E1,12.484000,334.126000,OK
1,7,adjacent,620,30,32,161,REV,E10,E9,E12,E1,14.355000,339.313000,OK
1,7,adjacent,620,30,32,162,FWD,E10,E11,E1,E2,21.293000,252.210000,OK
1,7,adjacent,620,30,32,163,REV,E11,E10,E1,E2,23.207000,387.114000,OK
1,7,adjacent,620,30,32,164,FWD,E10,E11,E2,E3,-149.363000,315.493000,OK
1,7,adjacent,620,30,32,165,REV,E11,E10,E2,E3,-147.937000,373.548000,OK
1,7,adjacent,620,30,32,166,FWD,E10,E11,E3,E4,11.512000,321.757000,OK
1,7,adjacent,620,30,32,167,REV,E11,E10,E3,E4,12.863000,371.672000,OK
1,7,adjacent,620,30,32,168,FWD,E10,E11,E4,E5,11.988000,324.271000,OK
1,7,adjacent,620,30,32,169,REV,E11,E10,E4,E5,13.059000,370.715000,OK
1,7,adjacent,620,30,32,170,FWD,E10,E11,E5,E6,-11.758000,325.508000,OK
1,7,adjacent,620,30,32,171,REV,E11,E10,E5,E6,-10.637000,370.595000,OK
1,7,adjacent,620,30,32,172,FWD,E10,E11,E6,E7,-8.898000,326.186000,OK
1,7,adjacent,620,30,32,173,REV,E11,E10,E6,E7,-7.797000,370.954000,OK
1,7,adjacent,620,30,32,174,FWD,E10,E11,E7,E8,-2.414000,327.183000,OK
1,7,adjacent,620,30,32,175,REV,E11,E10,E7,E8,-0.375000,371.194000,OK
1,7,adjacent,620,30,32,176,FWD,E10,E11,E8,E9,37.719000,327.423000,OK
1,7,adjacent,620,30,32,177,REV,E11,E10,E8,E9,49.586000,370.954000,OK
1,7,adjacent,620,30,32,178,FWD,E10,E11,E12,E1,8.734000,327.702000,OK
1,7,adjacent,620,30,32,179,REV,E11,E10,E12,E1,18.879000,371.672000,OK
1,7,adjacent,620,30,32,180,FWD,E11,E12,E1,E2,14.246000,308.430000,OK
1,7,adjacent,620,30,32,181,REV,E12,E11,E1,E2,19.520000,358.425000,OK
1,7,adjacent,620,30,32,182,FWD,E11,E12,E2,E3,-145.164000,345.099000,OK
1,7,adjacent,620,30,32,183,REV,E12,E11,E2,E3,-142.680000,351.044000,OK
1,7,adjacent,620,30,32,184,FWD,E11,E12,E3,E4,11.480000,348.171000,OK
1,7,adjacent,620,30,32,185,REV,E12,E11,E3,E4,13.461000,350.206000,OK
1,7,adjacent,620,30,32,186,FWD,E11,E12,E4,E5,11.746000,348.849000,OK
1,7,adjacent,620,30,32,187,REV,E12,E11,E4,E5,12.926000,349.647000,OK
1,7,adjacent,620,30,32,188,FWD,E11,E12,E5,E6,-12.406000,350.844000,OK
1,7,adjacent,620,30,32,189,REV,E12,E11,E5,E6,-11.383000,349.767000,OK
1,7,adjacent,620,30,32,190,FWD,E11,E12,E6,E7,-8.449000,351.044000,OK
1,7,adjacent,620,30,32,191,REV,E12,E11,E6,E7,-7.621000,350.206000,OK
1,7,adjacent,620,30,32,192,FWD,E11,E12,E7,E8,-4.500000,351.203000,OK
1,7,adjacent,620,30,32,193,REV,E12,E11,E7,E8,-3.305000,350.246000,OK
1,7,adjacent,620,30,32,194,FWD,E11,E12,E8,E9,41.957000,351.602000,OK
1,7,adjacent,620,30,32,195,REV,E12,E11,E8,E9,44.543000,349.807000,OK
1,7,adjacent,620,30,32,196,FWD,E11,E12,E9,E10,2.203000,351.642000,OK
1,7,adjacent,620,30,32,197,REV,E12,E11,E9,E10,18.945000,350.565000,OK
1,7,adjacent,620,30,32,198,FWD,E12,E1,E2,E3,-142.902000,309.468000,OK
1,7,adjacent,620,30,32,199,REV,E1,E12,E2,E3,-137.246000,386.715000,OK
1,7,adjacent,620,30,32,200,FWD,E12,E1,E3,E4,10.977000,353.917000,OK
1,7,adjacent,620,30,32,201,REV,E1,E12,E3,E4,14.570000,378.695000,OK
1,7,adjacent,620,30,32,202,FWD,E12,E1,E4,E5,11.359000,358.745000,OK
1,7,adjacent,620,30,32,203,REV,E1,E12,E4,E5,13.203000,377.897000,OK
1,7,adjacent,620,30,32,204,FWD,E12,E1,E5,E6,-12.996000,360.580000,OK
1,7,adjacent,620,30,32,205,REV,E1,E12,E5,E6,-11.727000,378.495000,OK
1,7,adjacent,620,30,32,206,FWD,E12,E1,E6,E7,-8.043000,361.538000,OK
1,7,adjacent,620,30,32,207,REV,E1,E12,E6,E7,-7.297000,378.336000,OK
1,7,adjacent,620,30,32,208,FWD,E12,E1,E7,E8,-5.234000,362.455000,OK
1,7,adjacent,620,30,32,209,REV,E1,E12,E7,E8,-4.410000,378.655000,OK
1,7,adjacent,620,30,32,210,FWD,E12,E1,E8,E9,43.375000,362.974000,OK
1,7,adjacent,620,30,32,211,REV,E1,E12,E8,E9,44.727000,379.373000,OK
1,7,adjacent,620,30,32,212,FWD,E12,E1,E9,E10,7.887000,363.253000,OK
1,7,adjacent,620,30,32,213,REV,E1,E12,E9,E10,10.344000,378.934000,OK
1,7,adjacent,620,30,32,214,FWD,E12,E1,E10,E11,51.469000,363.573000,OK
1,7,adjacent,620,30,32,215,REV,E1,E12,E10,E11,62.238000,379.612000,OK
2,8,adjacent,620,30,32,0,FWD,E1,E2,E3,E4,10.914000,227.632000,OK
2,8,adjacent,620,30,32,1,REV,E2,E1,E3,E4,15.352000,280.739000,OK
2,8,adjacent,620,30,32,2,FWD,E1,E2,E4,E5,11.273000,247.742000,OK
2,8,adjacent,620,30,32,3,REV,E2,E1,E4,E5,13.148000,263.502000,OK
2,8,adjacent,620,30,32,4,FWD,E1,E2,E5,E6,-13.273000,248.619000,OK
2,8,adjacent,620,30,32,5,REV,E2,E1,E5,E6,-12.176000,269.487000,OK
2,8,adjacent,620,30,32,6,FWD,E1,E2,E6,E7,-7.613000,249.457000,OK
2,8,adjacent,620,30,32,7,REV,E2,E1,E6,E7,-7.043000,275.393000,OK
2,8,adjacent,620,30,32,8,FWD,E1,E2,E7,E8,-5.516000,251.333000,OK
2,8,adjacent,620,30,32,9,REV,E2,E1,E7,E8,-5.121000,280.420000,OK
2,8,adjacent,620,30,32,10,FWD,E1,E2,E8,E9,44.371000,252.290000,OK
2,8,adjacent,620,30,32,11,REV,E2,E1,E8,E9,45.008000,284.849000,OK
2,8,adjacent,620,30,32,12,FWD,E1,E2,E9,E10,8.254000,253.128000,OK
2,8,adjacent,620,30,32,13,REV,E2,E1,E9,E10,9.113000,287.323000,OK
2,8,adjacent,620,30,32,14,FWD,E1,E2,E10,E11,55.484000,254.764000,OK
2,8,adjacent,620,30,32,15,REV,E2,E1,E10,E11,57.391000,289.358000,OK
2,8,adjacent,620,30,32,16,FWD,E1,E2,E11,E12,2.598000,255.682000,OK
2,8,adjacent,620,30,32,17,REV,E2,E1,E11,E12,7.145000,292.111000,OK
2,8,adjacent,620,30,32,18,FWD,E2,E3,E4,E5,9.945000,282.854000,OK
2,8,adjacent,620,30,32,19,REV,E3,E2,E4,E5,13.211000,211.831000,OK
2,8,adjacent,620,30,32,20,FWD,E2,E3,E5,E6,-13.930000,304.440000,OK
2,8,adjacent,620,30,32,21,REV,E3,E2,E5,E6,-12.348000,216.380000,OK
2,8,adjacent,620,30,32,22,FWD,E2,E3,E6,E7,-7.527000,305.757000,OK
2,8,adjacent,620,30,32,23,REV,E3,E2,E6,E7,-6.871000,219.811000,OK
2,8,adjacent,620,30,32,24,FWD,E2,E3,E7,E8,-5.887000,305.039000,OK
2,8,adjacent,620,30,32,25,REV,E3,E2,E7,E8,-5.383000,222.325000,OK
2,8,adjacent,620,30,32,26,FWD,E2,E3,E8,E9,44.625000,305.478000,OK
2,8,adjacent,620,30,32,27,REV,E3,E2,E8,E9,45.102000,223.921000,OK
2,8,adjacent,620,30,32,28,FWD,E2,E3,E9,E10,8.371000,306.595000,OK
2,8,adjacent,620,30,32,29,REV,E3,E2,E9,E10,8.910000,225.397000,OK
2,8,adjacent,620,30,32,30,FWD,E2,E3,E10,E11,55.484000,306.395000,OK
2,8,adjacent,620,30,32,31,REV,E3,E2,E10,E11,56.398000,226.555000,OK
2,8,adjacent,620,30,32,32,FWD,E2,E3,E11,E12,3.848000,306.675000,OK
2,8,adjacent,620,30,32,33,REV,E3,E2,E11,E12,5.434000,227.113000,OK
2,8,adjacent,620,30,32,34,FWD,E2,E3,E12,E1,11.051000,307.712000,OK
2,8,adjacent,620,30,32,35,REV,E3,E2,E12,E1,14.488000,227.991000,OK
2,8,adjacent,620,30,32,36,FWD,E3,E4,E1,E2,173.199000,287.562000,OK
2,8,adjacent,620,30,32,37,REV,E4,E3,E1,E2,164.316000,345.737000,OK
2,8,adjacent,620,30,32,38,FWD,E3,E4,E5,E6,-24.551000,338.435000,OK
2,8,adjacent,620,30,32,39,REV,E4,E3,E5,E6,-4.102000,339.353000,OK
2,8,adjacent,620,30,32,40,FWD,E3,E4,E6,E7,-7.727000,342.585000,OK
2,8,adjacent,620,30,32,41,REV,E4,E3,E6,E7,-6.035000,339.712000,OK
2,8,adjacent,620,30,32,42,FWD,E3,E4,E7,E8,-6.340000,344.221000,OK
2,8,adjacent,620,30,32,43,REV,E4,E3,E7,E8,-5.215000,340.590000,OK
2,8,adjacent,620,30,32,44,FWD,E3,E4,E8,E9,44.777000,344.620000,OK
2,8,adjacent,620,30,32,45,REV,E4,E3,E8,E9,45.723000,341.468000,OK
2,8,adjacent,620,30,32,46,FWD,E3,E4,E9,E10,8.285000,345.458000,OK
2,8,adjacent,620,30,32,47,REV,E4,E3,E9,E10,9.113000,341.667000,OK
2,8,adjacent,620,30,32,48,FWD,E3,E4,E10,E11,55.273000,345.577000,OK
2,8,adjacent,620,30,32,49,REV,E4,E3,E10,E11,56.422000,342.705000,OK
2,8,adjacent,620,30,32,50,FWD,E3,E4,E11,E12,4.156000,345.976000,OK
2,8,adjacent,620,30,32,51,REV,E4,E3,E11,E12,5.883000,342.385000,OK
2,8,adjacent,620,30,32,52,FWD,E3,E4,E12,E1,11.648000,346.296000,OK
2,8,adjacent,620,30,32,53,REV,E4,E3,E12,E1,14.605000,342.944000,OK
2,8,adjacent,620,30,32,54,FWD,E4,E5,E1,E2,105.594000,191.402000,OK
2,8,adjacent,620,30,32,55,REV,E5,E4,E1,E2,104.973000,282.096000,OK
2,8,adjacent,620,30,32,56,FWD,E4,E5,E2,E3,-179.316000,258.674000,OK
2,8,adjacent,620,30,32,57,REV,E5,E4,E2,E3,-183.930000,267.053000,OK
2,8,adjacent,620,30,32,58,FWD,E4,E5,E6,E7,-7.848000,263.143000,OK
2,8,adjacent,620,30,32,59,REV,E5,E4,E6,E7,-5.672000,264.061000,OK
2,8,adjacent,620,30,32,60,FWD,E4,E5,E7,E8,-6.566000,264.181000,OK
2,8,adjacent,620,30,32,61,REV,E5,E4,E7,E8,-5.461000,262.505000,OK
2,8,adjacent,620,30,32,62,FWD,E4,E5,E8,E9,45.148000,264.819000,OK
2,8,adjacent,620,30,32,63,REV,E5,E4,E8,E9,46.000000,261.587000,OK
2,8,adjacent,620,30,32,64,FWD,E4,E5,E9,E10,8.461000,265.058000,OK
2,8,adjacent,620,30,32,65,REV,E5,E4,E9,E10,9.059000,260.789000,OK
2,8,adjacent,620,30,32,66,FWD,E4,E5,E10,E11,55.238000,264.659000,OK
2,8,adjacent,620,30,32,67,REV,E5,E4,E10,E11,55.867000,260.590000,OK
2,8,adjacent,620,30,32,68,FWD,E4,E5,E11,E12,4.840000,265.058000,OK
2,8,adjacent,620,30,32,69,REV,E5,E4,E11,E12,5.605000,260.390000,OK
2,8,adjacent,620,30,32,70,FWD,E4,E5,E12,E1,12.586000,265.577000,OK
2,8,adjacent,620,30,32,71,REV,E5,E4,E12,E1,13.746000,260.071000,OK
2,8,adjacent,620,30,32,72,FWD,E5,E6,E1,E2,75.570000,140.250000,OK
2,8,adjacent,620,30,32,73,REV,E6,E5,E1,E2,74.980000,254.724000,OK
2,8,adjacent,620,30,32,74,FWD,E5,E6,E2,E3,-191.609000,224.400000,OK
2,8,adjacent,620,30,32,75,REV,E6,E5,E2,E3,-189.602000,246.585000,OK
2,8,adjacent,620,30,32,76,FWD,E5,E6,E3,E4,7.066000,233.697000,OK
2,8,adjacent,620,30,32,77,REV,E6,E5,E3,E4,15.555000,245.667000,OK
2,8,adjacent,620,30,32,78,FWD,E5,E6,E7,E8,-7.258000,236.570000,OK
2,8,adjacent,620,30,32,79,REV,E6,E5,E7,E8,-4.570000,246.106000,OK
2,8,adjacent,620,30,32,80,FWD,E5,E6,E8,E9,45.215000,238.604000,OK
2,8,adjacent,620,30,32,81,REV,E6,E5,E8,E9,46.453000,245.747000,OK
2,8,adjacent,620,30,32,82,FWD,E5,E6,E9,E10,8.402000,239.722000,OK
2,8,adjacent,620,30,32,83,REV,E6,E5,E9,E10,9.129000,246.106000,OK
2,8,adjacent,620,30,32,84,FWD,E5,E6,E10,E11,55.086000,240.360000,OK
2,8,adjacent,620,30,32,85,REV,E6,E5,E10,E11,55.684000,246.265000,OK
2,8,adjacent,620,30,32,86,FWD,E5,E6,E11,E12,5.109000,240.400000,OK
2,8,adjacent,620,30,32,87,REV,E6,E5,E11,E12,5.738000,246.425000,OK
2,8,adjacent,620,30,32,88,FWD,E5,E6,E12,E1,12.957000,241.717000,OK
2,8,adjacent,620,30,32,89,REV,E6,E5,E12,E1,13.602000,246.026000,OK
2,8,adjacent,620,30,32,90,FWD,E6,E7,E1,E2,57.109000,258.036000,OK
2,8,adjacent,620,30,32,91,REV,E7,E6,E1,E2,56.777000,353.398000,OK
2,8,adjacent,620,30,32,92,FWD,E6,E7,E2,E3,-178.816000,325.029000,OK
2,8,adjacent,620,30,32,93,REV,E7,E6,E2,E3,-177.590000,341.348000,OK
2,8,adjacent,620,30,32,94,FWD,E6,E7,E3,E4,8.883000,333.727000,OK
2,8,adjacent,620,30,32,95,REV,E7,E6,E3,E4,10.473000,339.513000,OK
2,8,adjacent,620,30,32,96,FWD,E6,E7,E4,E5,42.352000,335.642000,OK
2,8,adjacent,620,30,32,97,REV,E7,E6,E4,E5,41.438000,339.712000,OK
2,8,adjacent,620,30,32,98,FWD,E6,E7,E8,E9,44.289000,337.318000,OK
2,8,adjacent,620,30,32,99,REV,E7,E6,E8,E9,47.668000,339.832000,OK
2,8,adjacent,620,30,32,100,FWD,E6,E7,E9,E10,8.172000,338.076000,OK
2,8,adjacent,620,30,32,101,REV,E7,E6,E9,E10,9.566000,339.393000,OK
2,8,adjacent,620,30,32,102,FWD,E6,E7,E10,E11,54.594000,338.635000,OK
2,8,adjacent,620,30,32,103,REV,E7,E6,E10,E11,55.535000,340.350000,OK
2,8,adjacent,620,30,32,104,FWD,E6,E7,E11,E12,5.176000,338.754000,OK
2,8,adjacent,620,30,32,105,REV,E7,E6,E11,E12,5.887000,340.350000,OK
2,8,adjacent,620,30,32,106,FWD,E6,E7,E12,E1,12.965000,339.353000,OK
2,8,adjacent,620,30,32,107,REV,E7,E6,E12,E1,13.582000,340.470000,OK
2,8,adjacent,620,30,32,108,FWD,E7,E8,E1,E2,45.004000,240.839000,OK
2,8,adjacent,620,30,32,109,REV,E8,E7,E1,E2,44.766000,355.712000,OK
2,8,adjacent,620,30,32,110,FWD,E7,E8,E2,E3,-168.805000,315.173000,OK
2,8,adjacent,620,30,32,111,REV,E8,E7,E2,E3,-167.715000,341.587000,OK
2,8,adjacent,620,30,32,112,FWD,E7,E8,E3,E4,9.598000,323.912000,OK
2,8,adjacent,620,30,32,113,REV,E8,E7,E3,E4,10.719000,337.996000,OK
2,8,adjacent,620,30,32,114,FWD,E7,E8,E4,E5,18.480000,326.744000,OK
2,8,adjacent,620,30,32,115,REV,E8,E7,E4,E5,19.641000,336.919000,OK
2,8,adjacent,620,30,32,116,FWD,E7,E8,E5,E6,-3.109000,328.380000,OK
2,8,adjacent,620,30,32,117,REV,E8,E7,E5,E6,-0.422000,336.640000,OK
2,8,adjacent,620,30,32,118,FWD,E7,E8,E9,E10,7.098000,329.657000,OK
2,8,adjacent,620,30,32,119,REV,E8,E7,E9,E10,10.746000,336.281000,OK
2,8,adjacent,620,30,32,120,FWD,E7,E8,E10,E11,53.852000,329.857000,OK
2,8,adjacent,620,30,32,121,REV,E8,E7,E10,E11,55.777000,336.081000,OK
2,8,adjacent,620,30,32,122,FWD,E7,E8,E11,E12,5.195000,330.655000,OK
2,8,adjacent,620,30,32,123,REV,E8,E7,E11,E12,6.238000,335.882000,OK
2,8,adjacent,620,30,32,124,FWD,E7,E8,E12,E1,12.984000,331.133000,OK
2,8,adjacent,620,30,32,125,REV,E8,E7,E12,E1,13.578000,335.762000,OK
2,8,adjacent,620,30,32,126,FWD,E8,E9,E1,E2,35.559000,206.245000,OK
2,8,adjacent,620,30,32,127,REV,E9,E8,E1,E2,35.586000,325.308000,OK
2,8,adjacent,620,30,32,128,FWD,E8,E9,E2,E3,-160.465000,288.081000,OK
2,8,adjacent,620,30,32,129,REV,E9,E8,E2,E3,-159.645000,311.303000,OK
2,8,adjacent,620,30,32,130,FWD,E8,E9,E3,E4,10.285000,296.779000,OK
2,8,adjacent,620,30,32,131,REV,E9,E8,E3,E4,11.098000,310.305000,OK
2,8,adjacent,620,30,32,132,FWD,E8,E9,E4,E5,14.453000,299.253000,OK
2,8,adjacent,620,30,32,133,REV,E9,E8,E4,E5,15.289000,310.066000,OK
2,8,adjacent,620,30,32,134,FWD,E8,E9,E5,E6,-10.582000,300.689000,OK
2,8,adjacent,620,30,32,135,REV,E9,E8,E5,E6,-8.945000,309.787000,OK
2,8,adjacent,620,30,32,136,FWD,E8,E9,E6,E7,-4.895000,302.365000,OK
2,8,adjacent,620,30,32,137,REV,E9,E8,E6,E7,-2.691000,309.747000,OK
2,8,adjacent,620,30,32,138,FWD,E8,E9,E10,E11,49.520000,302.645000,OK
2,8,adjacent,620,30,32,139,REV,E9,E8,E10,E11,60.242000,309.747000,OK
2,8,adjacent,620,30,32,140,FWD,E8,E9,E11,E12,4.797000,303.403000,OK
2,8,adjacent,620,30,32,141,REV,E9,E8,E11,E12,6.793000,309.827000,OK
2,8,adjacent,620,30,32,142,FWD,E8,E9,E12,E1,12.824000,303.602000,OK
2,8,adjacent,620,30,32,143,REV,E9,E8,E12,E1,13.824000,309.507000,OK
2,8,adjacent,620,30,32,144,FWD,E9,E10,E1,E2,27.770000,245.906000,OK
2,8,adjacent,620,30,32,145,REV,E10,E9,E1,E2,28.121000,354.036000,OK
2,8,adjacent,620,30,32,146,FWD,E9,E10,E2,E3,-153.473000,319.443000,OK
2,8,adjacent,620,30,32,147,REV,E10,E9,E2,E3,-152.566000,340.470000,OK
2,8,adjacent,620,30,32,148,FWD,E9,E10,E3,E4,10.590000,327.503000,OK
2,8,adjacent,620,30,32,149,REV,E10,E9,E3,E4,11.453000,338.236000,OK
2,8,adjacent,620,30,32,150,FWD,E9,E10,E4,E5,12.867000,329.936000,OK
2,8,adjacent,620,30,32,151,REV,E10,E9,E4,E5,13.609000,338.076000,OK
2,8,adjacent,620,30,32,152,FWD,E9,E10,E5,E6,-11.766000,331.373000,OK
2,8,adjacent,620,30,32,153,REV,E10,E9,E5,E6,-10.613000,338.316000,OK
2,8,adjacent,620,30,32,154,FWD,E9,E10,E6,E7,-8.547000,332.690000,OK
2,8,adjacent,620,30,32,155,REV,E10,E9,E6,E7,-7.133000,338.435000,OK
2,8,adjacent,620,30,32,156,FWD,E9,E10,E7,E8,7.082000,333.448000,OK
2,8,adjacent,620,30,32,157,REV,E10,E9,E7,E8,9.617000,338.754000,OK
2,8,adjacent,620,30,32,158,FWD,E9,E10,E11,E12,-0.664000,333.966000,OK
2,8,adjacent,620,30,32,159,REV,E10,E9,E11,E12,12.363000,338.754000,OK
2,8,adjacent,620,30,32,160,FWD,E9,E10,E12,E1,12.434000,334.445000,OK
2,8,adjacent,620,30,32,161,REV,E10,E9,E12,E1,14.332000,338.954000,OK
2,8,adjacent,620,30,32,162,FWD,E10,E11,E1,E2,21.023000,252.729000,OK
2,8,adjacent,620,30,32,163,REV,E11,E10,E1,E2,22.945000,387.792000,OK
2,8,adjacent,620,30,32,164,FWD,E10,E11,E2,E3,-147.988000,315.572000,OK
2,8,adjacent,620,30,32,165,REV,E11,E10,E2,E3,-146.590000,373.388000,OK
2,8,adjacent,620,30,32,166,FWD,E10,E11,E3,E4,10.641000,322.395000,OK
2,8,adjacent,620,30,32,167,REV,E11,E10,E3,E4,11.984000,371.592000,OK
2,8,adjacent,620,30,32,168,FWD,E10,E11,E4,E5,12.020000,323.951000,OK
2,8,adjacent,620,30,32,169,REV,E11,E10,E4,E5,13.059000,371.433000,OK
2,8,adjacent,620,30,32,170,FWD,E10,E11,E5,E6,-12.426000,325.827000,OK
2,8,adjacent,620,30,32,171,REV,E11,E10,E5,E6,-11.348000,370.715000,OK
2,8,adjacent,620,30,32,172,FWD,E10,E11,E6,E7,-8.355000,326.984000,OK
2,8,adjacent,620,30,32,173,REV,E11,E10,E6,E7,-7.254000,371.074000,OK
2,8,adjacent,620,30,32,174,FWD,E10,E11,E7,E8,-2.168000,327.064000,OK
2,8,adjacent,620,30,32,175,REV,E11,E10,E7,E8,-0.133000,370.954000,OK
2,8,adjacent,620,30,32,176,FWD,E10,E11,E8,E9,37.574000,327.582000,OK
2,8,adjacent,620,30,32,177,REV,E11,E10,E8,E9,49.418000,370.715000,OK
2,8,adjacent,620,30,32,178,FWD,E10,E11,E12,E1,8.547000,328.221000,OK
2,8,adjacent,620,30,32,179,REV,E11,E10,E12,E1,18.699000,371.353000,OK
2,8,adjacent,620,30,32,180,FWD,E11,E12,E1,E2,14.160000,308.071000,OK
2,8,adjacent,620,30,32,181,REV,E12,E11,E1,E2,19.363000,358.385000,OK
2,8,adjacent,620,30,32,182,FWD,E11,E12,E2,E3,-143.687000,344.779000,OK
2,8,adjacent,620,30,32,183,REV,E12,E11,E2,E3,-141.238000,350.964000,OK
2,8,adjacent,620,30,32,184,FWD,E11,E12,E3,E4,10.508000,348.331000,OK
2,8,adjacent,620,30,32,185,REV,E12,E11,E3,E4,12.469000,349.528000,OK
2,8,adjacent,620,30,32,186,FWD,E11,E12,E4,E5,11.391000,349.647000,OK
2,8,adjacent,620,30,32,187,REV,E12,E11,E4,E5,12.613000,349.807000,OK
2,8,adjacent,620,30,32,188,FWD,E11,E12,E5,E6,-12.750000,350.326000,OK
2,8,adjacent,620,30,32,189,REV,E12,E11,E5,E6,-11.691000,349.607000,OK
2,8,adjacent,620,30,32,190,FWD,E11,E12,E6,E7,-8.031000,350.365000,OK
2,8,adjacent,620,30,32,191,REV,E12,E11,E6,E7,-7.211000,349.847000,OK
2,8,adjacent,620,30,32,192,FWD,E11,E12,E7,E8,-4.055000,350.485000,OK
2,8,adjacent,620,30,32,193,REV,E12,E11,E7,E8,-2.875000,349.408000,OK
2,8,adjacent,620,30,32,194,FWD,E11,E12,E8,E9,42.113000,351.562000,OK
2,8,adjacent,620,30,32,195,REV,E12,E11,E8,E9,44.699000,350.525000,OK
2,8,adjacent,620,30,32,196,FWD,E11,E12,E9,E10,2.020000,351.363000,OK
2,8,adjacent,620,30,32,197,REV,E12,E11,E9,E10,18.758000,350.605000,OK
2,8,adjacent,620,30,32,198,FWD,E12,E1,E2,E3,-141.387000,309.986000,OK
2,8,adjacent,620,30,32,199,REV,E1,E12,E2,E3,-135.758000,385.917000,OK
2,8,adjacent,620,30,32,200,FWD,E12,E1,E3,E4,9.992000,353.917000,OK
2,8,adjacent,620,30,32,201,REV,E1,E12,E3,E4,13.578000,379.293000,OK
2,8,adjacent,620,30,32,202,FWD,E12,E1,E4,E5,10.871000,358.505000,OK
2,8,adjacent,620,30,32,203,REV,E1,E12,E4,E5,12.719000,378.216000,OK
2,8,adjacent,620,30,32,204,FWD,E12,E1,E5,E6,-13.039000,360.580000,OK
2,8,adjacent,620,30,32,205,REV,E1,E12,E5,E6,-11.723000,378.336000,OK
2,8,adjacent,620,30,32,206,FWD,E12,E1,E6,E7,-8.105000,361.218000,OK
2,8,adjacent,620,30,32,207,REV,E1,E12,E6,E7,-7.625000,378.695000,OK
2,8,adjacent,620,30,32,208,FWD,E12,E1,E7,E8,-4.641000,362.176000,OK
2,8,adjacent,620,30,32,209,REV,E1,E12,E7,E8,-3.813000,379.054000,OK
2,8,adjacent,620,30,32,210,FWD,E12,E1,E8,E9,43.355000,362.814000,OK
2,8,adjacent,620,30,32,211,REV,E1,E12,E8,E9,44.656000,379.054000,OK
2,8,adjacent,620,30,32,212,FWD,E12,E1,E9,E10,7.934000,363.493000,OK
2,8,adjacent,620,30,32,213,REV,E1,E12,E9,E10,10.355000,379.493000,OK
2,8,adjacent,620,30,32,214,FWD,E12,E1,E10,E11,50.859000,363.652000,OK
2,8,adjacent,620,30,32,215,REV,E1,E12,E10,E11,61.629000,379.333000,OK
3,9,adjacent,620,30,32,0,FWD,E1,E2,E3,E4,9.809000,227.552000,OK
3,9,adjacent,620,30,32,1,REV,E2,E1,E3,E4,14.242000,277.747000,OK
3,9,adjacent,620,30,32,2,FWD,E1,E2,E4,E5,10.844000,247.662000,OK
3,9,adjacent,620,30,32,3,REV,E2,E1,E4,E5,12.707000,263.063000,OK
3,9,adjacent,620,30,32,4,FWD,E1,E2,E5,E6,-11.109000,248.580000,OK
3,9,adjacent,620,30,32,5,REV,E2,E1,E5,E6,-9.934000,268.450000,OK
3,9,adjacent,620,30,32,6,FWD,E1,E2,E6,E7,-9.230000,249.697000,OK
3,9,adjacent,620,30,32,7,REV,E2,E1,E6,E7,-8.750000,273.916000,OK
3,9,adjacent,620,30,32,8,FWD,E1,E2,E7,E8,-5.266000,250.654000,OK
3,9,adjacent,620,30,32,9,REV,E2,E1,E7,E8,-4.840000,278.704000,OK
3,9,adjacent,620,30,32,10,FWD,E1,E2,E8,E9,44.105000,252.649000,OK
3,9,adjacent,620,30,32,11,REV,E2,E1,E8,E9,44.754000,282.694000,OK
3,9,adjacent,620,30,32,12,FWD,E1,E2,E9,E10,8.371000,253.447000,OK
3,9,adjacent,620,30,32,13,REV,E2,E1,E9,E10,9.191000,285.886000,OK
3,9,adjacent,620,30,32,14,FWD,E1,E2,E10,E11,54.914000,254.245000,OK
3,9,adjacent,620,30,32,15,REV,E2,E1,E10,E11,56.824000,288.520000,OK
3,9,adjacent,620,30,32,16,FWD,E1,E2,E11,E12,1.957000,255.363000,OK
3,9,adjacent,620,30,32,17,REV,E2,E1,E11,E12,6.484000,291.393000,OK
3,9,adjacent,620,30,32,18,FWD,E2,E3,E4,E5,9.676000,283.891000,OK
3,9,adjacent,620,30,32,19,REV,E3,E2,E4,E5,12.957000,212.310000,OK
3,9,adjacent,620,30,32,20,FWD,E2,E3,E5,E6,-11.418000,303.642000,OK
3,9,adjacent,620,30,32,21,REV,E3,E2,E5,E6,-9.762000,216.739000,OK
3,9,adjacent,620,30,32,22,FWD,E2,E3,E6,E7,-9.480000,304.041000,OK
3,9,adjacent,620,30,32,23,REV,E3,E2,E6,E7,-8.746000,220.091000,OK
3,9,adjacent,620,30,32,24,FWD,E2,E3,E7,E8,-5.594000,305.398000,OK
3,9,adjacent,620,30,32,25,REV,E3,E2,E7,E8,-5.094000,222.365000,OK
3,9,adjacent,620,30,32,26,FWD,E2,E3,E8,E9,44.426000,305.916000,OK
3,9,adjacent,620,30,32,27,REV,E3,E2,E8,E9,44.953000,223.841000,OK
3,9,adjacent,620,30,32,28,FWD,E2,E3,E9,E10,8.191000,307.552000,OK
3,9,adjacent,620,30,32,29,REV,E3,E2,E9,E10,8.730000,225.437000,OK
3,9,adjacent,620,30,32,30,FWD,E2,E3,E10,E11,55.055000,308.031000,OK
3,9,adjacent,620,30,32,31,REV,E3,E2,E10,E11,55.965000,226.754000,OK
3,9,adjacent,620,30,32,32,FWD,E2,E3,E11,E12,3.129000,308.430000,OK
3,9,adjacent,620,30,32,33,REV,E3,E2,E11,E12,4.734000,227.831000,OK
3,9,adjacent,620,30,32,34,FWD,E2,E3,E12,E1,11.664000,308.630000,OK
3,9,adjacent,620,30,32,35,REV,E3,E2,E12,E1,15.078000,228.550000,OK
3,9,adjacent,620,30,32,36,FWD,E3,E4,E1,E2,173.883000,287.522000,OK
3,9,adjacent,620,30,32,37,REV,E4,E3,E1,E2,165.035000,346.336000,OK
3,9,adjacent,620,30,32,38,FWD,E3,E4,E5,E6,-23.141000,339.592000,OK
3,9,adjacent,620,30,32,39,REV,E4,E3,E5,E6,-2.641000,339.912000,OK
3,9,adjacent,620,30,32,40,FWD,E3,E4,E6,E7,-8.359000,343.423000,OK
3,9,adjacent,620,30,32,41,REV,E4,E3,E6,E7,-6.656000,340.829000,OK
3,9,adjacent,620,30,32,42,FWD,E3,E4,E7,E8,-5.867000,343.981000,OK
3,9,adjacent,620,30,32,43,REV,E4,E3,E7,E8,-4.758000,341.228000,OK
3,9,adjacent,620,30,32,44,FWD,E3,E4,E8,E9,44.527000,345.139000,OK
3,9,adjacent,620,30,32,45,REV,E4,E3,E8,E9,45.461000,341.468000,OK
3,9,adjacent,620,30,32,46,FWD,E3,E4,E9,E10,8.059000,345.617000,OK
3,9,adjacent,620,30,32,47,REV,E4,E3,E9,E10,8.926000,342.665000,OK
3,9,adjacent,620,30,32,48,FWD,E3,E4,E10,E11,54.813000,345.617000,OK
3,9,adjacent,620,30,32,49,REV,E4,E3,E10,E11,55.973000,342.585000,OK
3,9,adjacent,620,30,32,50,FWD,E3,E4,E11,E12,3.457000,346.655000,OK
3,9,adjacent,620,30,32,51,REV,E4,E3,E11,E12,5.191000,343.064000,OK
3,9,adjacent,620,30,32,52,FWD,E3,E4,E12,E1,12.277000,346.774000,OK
3,9,adjacent,620,30,32,53,REV,E4,E3,E12,E1,15.219000,343.423000,OK
3,9,adjacent,620,30,32,54,FWD,E4,E5,E1,E2,106.297000,191.482000,OK
3,9,adjacent,620,30,32,55,REV,E5,E4,E1,E2,105.652000,281.777000,OK
3,9,adjacent,620,30,32,56,FWD,E4,E5,E2,E3,-179.414000,258.994000,OK
3,9,adjacent,620,30,32,57,REV,E5,E4,E2,E3,-183.965000,266.654000,OK
3,9,adjacent,620,30,32,58,FWD,E4,E5,E6,E7,-8.219000,263.223000,OK
3,9,adjacent,620,30,32,59,REV,E5,E4,E6,E7,-6.016000,263.782000,OK
3,9,adjacent,620,30,32,60,FWD,E4,E5,E7,E8,-5.957000,264.221000,OK
3,9,adjacent,620,30,32,61,REV,E5,E4,E7,E8,-4.863000,262.066000,OK
3,9,adjacent,620,30,32,62,FWD,E4,E5,E8,E9,44.777000,265.218000,OK
3,9,adjacent,620,30,32,63,REV,E5,E4,E8,E9,45.613000,260.949000,OK
3,9,adjacent,620,30,32,64,FWD,E4,E5,E9,E10,8.121000,264.979000,OK
3,9,adjacent,620,30,32,65,REV,E5,E4,E9,E10,8.723000,260.111000,OK
3,9,adjacent,620,30,32,66,FWD,E4,E5,E10,E11,54.910000,264.699000,OK
3,9,adjacent,620,30,32,67,REV,E5,E4,E10,E11,55.543000,260.071000,OK
3,9,adjacent,620,30,32,68,FWD,E4,E5,E11,E12,4.062000,265.258000,OK
3,9,adjacent,620,30,32,69,REV,E5,E4,E11,E12,4.852000,259.313000,OK
3,9,adjacent,620,30,32,70,FWD,E4,E5,E12,E1,13.199000,265.697000,OK
3,9,adjacent,620,30,32,71,REV,E5,E4,E12,E1,14.359000,259.632000,OK
3,9,adjacent,620,30,32,72,FWD,E5,E6,E1,E2,76.098000,136.818000,OK
3,9,adjacent,620,30,32,73,REV,E6,E5,E1,E2,75.539000,254.844000,OK
3,9,adjacent,620,30,32,74,FWD,E5,E6,E2,E3,-191.105000,222.365000,OK
3,9,adjacent,620,30,32,75,REV,E6,E5,E2,E3,-189.086000,246.425000,OK
3,9,adjacent,620,30,32,76,FWD,E5,E6,E3,E4,5.953000,231.223000,OK
3,9,adjacent,620,30,32,77,REV,E6,E5,E3,E4,14.535000,245.866000,OK
3,9,adjacent,620,30,32,78,FWD,E5,E6,E7,E8,-6.687000,235.133000,OK
3,9,adjacent,620,30,32,79,REV,E6,E5,E7,E8,-4.027000,245.587000,OK
3,9,adjacent,620,30,32,80,FWD,E5,E6,E8,E9,44.836000,236.849000,OK
3,9,adjacent,620,30,32,81,REV,E6,E5,E8,E9,46.035000,245.547000,OK
3,9,adjacent,620,30,32,82,FWD,E5,E6,E9,E10,8.074000,237.407000,OK
3,9,adjacent,620,30,32,83,REV,E6,E5,E9,E10,8.840000,246.465000,OK
3,9,adjacent,620,30,32,84,FWD,E5,E6,E10,E11,54.758000,238.565000,OK
3,9,adjacent,620,30,32,85,REV,E6,E5,E10,E11,55.375000,245.667000,OK
3,9,adjacent,620,30,32,86,FWD,E5,E6,E11,E12,4.418000,238.166000,OK
3,9,adjacent,620,30,32,87,REV,E6,E5,E11,E12,5.031000,246.146000,OK
3,9,adjacent,620,30,32,88,FWD,E5,E6,E12,E1,13.516000,238.644000,OK
3,9,adjacent,620,30,32,89,REV,E6,E5,E12,E1,14.172000,245.587000,OK
3,9,adjacent,620,30,32,90,FWD,E6,E7,E1,E2,57.590000,257.038000,OK
3,9,adjacent,620,30,32,91,REV,E7,E6,E1,E2,57.254000,353.398000,OK
3,9,adjacent,620,30,32,92,FWD,E6,E7,E2,E3,-178.281000,324.670000,OK
3,9,adjacent,620,30,32,93,REV,E7,E6,E2,E3,-177.020000,341.587000,OK
3,9,adjacent,620,30,32,94,FWD,E6,E7,E3,E4,8.180000,332.490000,OK
3,9,adjacent,620,30,32,95,REV,E7,E6,E3,E4,9.723000,339.951000,OK
3,9,adjacent,620,30,32,96,FWD,E6,E7,E4,E5,40.258000,335.523000,OK
3,9,adjacent,620,30,32,97,REV,E7,E6,E4,E5,39.383000,339.353000,OK
3,9,adjacent,620,30,32,98,FWD,E6,E7,E8,E9,43.895000,336.560000,OK
3,9,adjacent,620,30,32,99,REV,E7,E6,E8,E9,47.258000,339.513000,OK
3,9,adjacent,620,30,32,100,FWD,E6,E7,E9,E10,7.762000,337.518000,OK
3,9,adjacent,620,30,32,101,REV,E7,E6,E9,E10,9.234000,339.752000,OK
3,9,adjacent,620,30,32,102,FWD,E6,E7,E10,E11,54.402000,338.435000,OK
3,9,adjacent,620,30,32,103,REV,E7,E6,E10,E11,55.340000,340.031000,OK
3,9,adjacent,620,30,32,104,FWD,E6,E7,E11,E12,4.445000,338.794000,OK
3,9,adjacent,620,30,32,105,REV,E7,E6,E11,E12,5.145000,340.470000,OK
3,9,adjacent,620,30,32,106,FWD,E6,E7,E12,E1,13.570000,339.313000,OK
3,9,adjacent,620,30,32,107,REV,E7,E6,E12,E1,14.203000,340.311000,OK
3,9,adjacent,620,30,32,108,FWD,E7,E8,E1,E2,45.402000,240.200000,OK
3,9,adjacent,620,30,32,109,REV,E8,E7,E1,E2,45.238000,355.952000,OK
3,9,adjacent,620,30,32,110,FWD,E7,E8,E2,E3,-168.207000,315.213000,OK
3,9,adjacent,620,30,32,111,REV,E8,E7,E2,E3,-167.090000,341.867000,OK
3,9,adjacent,620,30,32,112,FWD,E7,E8,E3,E4,8.957000,324.151000,OK
3,9,adjacent,620,30,32,113,REV,E8,E7,E3,E4,10.055000,337.956000,OK
3,9,adjacent,620,30,32,114,FWD,E7,E8,E4,E5,16.758000,327.383000,OK
3,9,adjacent,620,30,32,115,REV,E8,E7,E4,E5,17.871000,337.398000,OK
3,9,adjacent,620,30,32,116,FWD,E7,E8,E5,E6,-1.793000,328.181000,OK
3,9,adjacent,620,30,32,117,REV,E8,E7,E5,E6,0.867000,336.799000,OK
3,9,adjacent,620,30,32,118,FWD,E7,E8,E9,E10,6.676000,329.458000,OK
3,9,adjacent,620,30,32,119,REV,E8,E7,E9,E10,10.309000,336.281000,OK
3,9,adjacent,620,30,32,120,FWD,E7,E8,E10,E11,53.668000,329.857000,OK
3,9,adjacent,620,30,32,121,REV,E8,E7,E10,E11,55.609000,336.759000,OK
3,9,adjacent,620,30,32,122,FWD,E7,E8,E11,E12,4.469000,330.296000,OK
3,9,adjacent,620,30,32,123,REV,E8,E7,E11,E12,5.535000,336.161000,OK
3,9,adjacent,620,30,32,124,FWD,E7,E8,E12,E1,13.605000,331.133000,OK
3,9,adjacent,620,30,32,125,REV,E8,E7,E12,E1,14.215000,335.842000,OK
3,9,adjacent,620,30,32,126,FWD,E8,E9,E1,E2,35.855000,206.205000,OK
3,9,adjacent,620,30,32,127,REV,E9,E8,E1,E2,35.844000,325.268000,OK
3,9,adjacent,620,30,32,128,FWD,E8,E9,E2,E3,-159.680000,288.001000,OK
3,9,adjacent,620,30,32,129,REV,E9,E8,E2,E3,-158.918000,312.061000,OK
3,9,adjacent,620,30,32,130,FWD,E8,E9,E3,E4,9.742000,296.979000,OK
3,9,adjacent,620,30,32,131,REV,E9,E8,E3,E4,10.555000,309.787000,OK
3,9,adjacent,620,30,32,132,FWD,E8,E9,E4,E5,12.984000,299.413000,OK
3,9,adjacent,620,30,32,133,REV,E9,E8,E4,E5,13.777000,310.106000,OK
3,9,adjacent,620,30,32,134,FWD,E8,E9,E5,E6,-9.488000,300.929000,OK
3,9,adjacent,620,30,32,135,REV,E9,E8,E5,E6,-7.922000,309.547000,OK
3,9,adjacent,620,30,32,136,FWD,E8,E9,E6,E7,-4.613000,301.966000,OK
3,9,adjacent,620,30,32,137,REV,E9,E8,E6,E7,-2.348000,309.388000,OK
3,9,adjacent,620,30,32,138,FWD,E8,E9,E10,E11,49.242000,302.804000,OK
3,9,adjacent,620,30,32,139,REV,E9,E8,E10,E11,59.934000,309.827000,OK
3,9,adjacent,620,30,32,140,FWD,E8,E9,E11,E12,4.285000,303.403000,OK
3,9,adjacent,620,30,32,141,REV,E9,E8,E11,E12,6.266000,309.428000,OK
3,9,adjacent,620,30,32,142,FWD,E8,E9,E12,E1,13.438000,303.921000,OK
3,9,adjacent,620,30,32,143,REV,E9,E8,E12,E1,14.441000,309.787000,OK
3,9,adjacent,620,30,32,144,FWD,E9,E10,E1,E2,28.016000,245.348000,OK
3,9,adjacent,620,30,32,145,REV,E10,E9,E1,E2,28.391000,353.837000,OK
3,9,adjacent,620,30,32,146,FWD,E9,E10,E2,E3,-152.777000,319.722000,OK
3,9,adjacent,620,30,32,147,REV,E10,E9,E2,E3,-151.820000,340.071000,OK
3,9,adjacent,620,30,32,148,FWD,E9,E10,E3,E4,10.098000,327.104000,OK
3,9,adjacent,620,30,32,149,REV,E10,E9,E3,E4,10.918000,338.515000,OK
3,9,adjacent,620,30,32,150,FWD,E9,E10,E4,E5,11.766000,330.216000,OK
3,9,adjacent,620,30,32,151,REV,E10,E9,E4,E5,12.574000,338.076000,OK
3,9,adjacent,620,30,32,152,FWD,E9,E10,E5,E6,-10.945000,332.091000,OK
3,9,adjacent,620,30,32,153,REV,E10,E9,E5,E6,-9.773000,338.196000,OK
3,9,adjacent,620,30,32,154,FWD,E9,E10,E6,E7,-8.277000,332.570000,OK
3,9,adjacent,620,30,32,155,REV,E10,E9,E6,E7,-6.910000,338.276000,OK
3,9,adjacent,620,30,32,156,FWD,E9,E10,E7,E8,7.531000,333.248000,OK
3,9,adjacent,620,30,32,157,REV,E10,E9,E7,E8,10.066000,338.515000,OK
3,9,adjacent,620,30,32,158,FWD,E9,E10,E11,E12,-1.125000,333.527000,OK
3,9,adjacent,620,30,32,159,REV,E10,E9,E11,E12,11.938000,338.156000,OK
3,9,adjacent,620,30,32,160,FWD,E9,E10,E12,E1,13.000000,334.246000,OK
3,9,adjacent,620,30,32,161,REV,E10,E9,E12,E1,14.867000,338.914000,OK
3,9,adjacent,620,30,32,162,FWD,E10,E11,E1,E2,20.879000,252.210000,OK
3,9,adjacent,620,30,32,163,REV,E11,E10,E1,E2,22.727000,387.513000,OK
3,9,adjacent,620,30,32,164,FWD,E10,E11,E2,E3,-146.934000,315.572000,OK
3,9,adjacent,620,30,32,165,REV,E11,E10,E2,E3,-145.445000,373.867000,OK
3,9,adjacent,620,30,32,166,FWD,E10,E11,E3,E4,9.898000,321.478000,OK
3,9,adjacent,620,30,32,167,REV,E11,E10,E3,E4,11.160000,371.712000,OK
3,9,adjacent,620,30,32,168,FWD,E10,E11,E4,E5,11.387000,324.550000,OK
3,9,adjacent,620,30,32,169,REV,E11,E10,E4,E5,12.387000,371.353000,OK
3,9,adjacent,620,30,32,170,FWD,E10,E11,E5,E6,-11.695000,325.986000,OK
3,9,adjacent,620,30,32,171,REV,E11,E10,E5,E6,-10.613000,371.233000,OK
3,9,adjacent,620,30,32,172,FWD,E10,E11,E6,E7,-8.242000,325.946000,OK
3,9,adjacent,620,30,32,173,REV,E11,E10,E6,E7,-7.145000,371.034000,OK
3,9,adjacent,620,30,32,174,FWD,E10,E11,E7,E8,-1.629000,327.582000,OK
3,9,adjacent,620,30,32,175,REV,E11,E10,E7,E8,0.402000,371.154000,OK
3,9,adjacent,620,30,32,176,FWD,E10,E11,E8,E9,37.098000,327.303000,OK
3,9,adjacent,620,30,32,177,REV,E11,E10,E8,E9,48.891000,371.672000,OK
3,9,adjacent,620,30,32,178,FWD,E10,E11,E12,E1,9.199000,328.101000,OK
3,9,adjacent,620,30,32,179,REV,E11,E10,E12,E1,19.355000,371.672000,OK
3,9,adjacent,620,30,32,180,FWD,E11,E12,E1,E2,13.930000,309.348000,OK
3,9,adjacent,620,30,32,181,REV,E12,E11,E1,E2,19.172000,358.385000,OK
3,9,adjacent,620,30,32,182,FWD,E11,E12,E2,E3,-142.609000,345.657000,OK
3,9,adjacent,620,30,32,183,REV,E12,E11,E2,E3,-140.148000,350.844000,OK
3,9,adjacent,620,30,32,184,FWD,E11,E12,E3,E4,9.719000,348.490000,OK
3,9,adjacent,620,30,32,185,REV,E12,E11,E3,E4,11.660000,349.488000,OK
3,9,adjacent,620,30,32,186,FWD,E11,E12,E4,E5,10.996000,349.887000,OK
3,9,adjacent,620,30,32,187,REV,E12,E11,E4,E5,12.242000,349.328000,OK
3,9,adjacent,620,30,32,188,FWD,E11,E12,E5,E6,-12.113000,350.605000,OK
3,9,adjacent,620,30,32,189,REV,E12,E11,E5,E6,-11.090000,349.607000,OK
3,9,adjacent,620,30,32,190,FWD,E11,E12,E6,E7,-7.922000,350.525000,OK
3,9,adjacent,620,30,32,191,REV,E12,E11,E6,E7,-7.102000,349.168000,OK
3,9,adjacent,620,30,32,192,FWD,E11,E12,E7,E8,-3.441000,351.283000,OK
3,9,adjacent,620,30,32,193,REV,E12,E11,E7,E8,-2.250000,350.006000,OK
3,9,adjacent,620,30,32,194,FWD,E11,E12,E8,E9,41.328000,351.163000,OK
3,9,adjacent,620,30,32,195,REV,E12,E11,E8,E9,43.902000,349.807000,OK
3,9,adjacent,620,30,32,196,FWD,E11,E12,E9,E10,1.711000,351.842000,OK
3,9,adjacent,620,30,32,197,REV,E12,E11,E9,E10,18.418000,349.488000,OK
3,9,adjacent,620,30,32,198,FWD,E12,E1,E2,E3,-140.367000,309.547000,OK
3,9,adjacent,620,30,32,199,REV,E1,E12,E2,E3,-134.723000,387.074000,OK
3,9,adjacent,620,30,32,200,FWD,E12,E1,E3,E4,9.109000,353.917000,OK
3,9,adjacent,620,30,32,201,REV,E1,E12,E3,E4,12.703000,378.575000,OK
3,9,adjacent,620,30,32,202,FWD,E12,E1,E4,E5,10.672000,358.385000,OK
3,9,adjacent,620,30,32,203,REV,E1,E12,E4,E5,12.547000,378.455000,OK
3,9,adjacent,620,30,32,204,FWD,E12,E1,E5,E6,-12.512000,360.141000,OK
3,9,adjacent,620,30,32,205,REV,E1,E12,E5,E6,-11.215000,378.775000,OK
3,9,adjacent,620,30,32,206,FWD,E12,E1,E6,E7,-7.555000,361.498000,OK
3,9,adjacent,620,30,32,207,REV,E1,E12,E6,E7,-6.855000,378.655000,OK
3,9,adjacent,620,30,32,208,FWD,E12,E1,E7,E8,-4.023000,362.176000,OK
3,9,adjacent,620,30,32,209,REV,E1,E12,E7,E8,-3.230000,378.854000,OK
3,9,adjacent,620,30,32,210,FWD,E12,E1,E8,E9,42.691000,362.854000,OK
3,9,adjacent,620,30,32,211,REV,E1,E12,E8,E9,44.023000,379.533000,OK
3,9,adjacent,620,30,32,212,FWD,E12,E1,E9,E10,7.328000,362.894000,OK
3,9,adjacent,620,30,32,213,REV,E1,E12,E9,E10,9.750000,379.134000,OK
3,9,adjacent,620,30,32,214,FWD,E12,E1,E10,E11,50.938000,363.772000,OK
3,9,adjacent,620,30,32,215,REV,E1,E12,E10,E11,61.711000,379.612000,OK
4,10,adjacent,620,30,32,0,FWD,E1,E2,E3,E4,8.797000,227.871000,OK
4,10,adjacent,620,30,32,1,REV,E2,E1,E3,E4,13.191000,274.714000,OK
4,10,adjacent,620,30,32,2,FWD,E1,E2,E4,E5,10.590000,247.263000,OK
4,10,adjacent,620,30,32,3,REV,E2,E1,E4,E5,12.477000,261.787000,OK
4,10,adjacent,620,30,32,4,FWD,E1,E2,E5,E6,-12.730000,248.460000,OK
4,10,adjacent,620,30,32,5,REV,E2,E1,E5,E6,-11.625000,268.969000,OK
4,10,adjacent,620,30,32,6,FWD,E1,E2,E6,E7,-7.172000,249.856000,OK
4,10,adjacent,620,30,32,7,REV,E2,E1,E6,E7,-6.633000,274.595000,OK
4,10,adjacent,620,30,32,8,FWD,E1,E2,E7,E8,-4.289000,250.854000,OK
4,10,adjacent,620,30,32,9,REV,E2,E1,E7,E8,-3.852000,280.460000,OK
4,10,adjacent,620,30,32,10,FWD,E1,E2,E8,E9,43.727000,252.131000,OK
4,10,adjacent,620,30,32,11,REV,E2,E1,E8,E9,44.383000,284.410000,OK
4,10,adjacent,620,30,32,12,FWD,E1,E2,E9,E10,7.680000,253.328000,OK
4,10,adjacent,620,30,32,13,REV,E2,E1,E9,E10,8.500000,287.004000,OK
4,10,adjacent,620,30,32,14,FWD,E1,E2,E10,E11,54.891000,254.445000,OK
4,10,adjacent,620,30,32,15,REV,E2,E1,E10,E11,56.816000,290.275000,OK
4,10,adjacent,620,30,32,16,FWD,E1,E2,E11,E12,2.074000,255.363000,OK
4,10,adjacent,620,30,32,17,REV,E2,E1,E11,E12,6.586000,292.709000,OK
4,10,adjacent,620,30,32,18,FWD,E2,E3,E4,E5,9.398000,281.777000,OK
4,10,adjacent,620,30,32,19,REV,E3,E2,E4,E5,12.703000,211.991000,OK
4,10,adjacent,620,30,32,20,FWD,E2,E3,E5,E6,-13.500000,303.403000,OK
4,10,adjacent,620,30,32,21,REV,E3,E2,E5,E6,-11.902000,216.579000,OK
4,10,adjacent,620,30,32,22,FWD,E2,E3,E6,E7,-7.133000,303.802000,OK
4,10,adjacent,620,30,32,23,REV,E3,E2,E6,E7,-6.480000,219.652000,OK
4,10,adjacent,620,30,32,24,FWD,E2,E3,E7,E8,-4.605000,304.560000,OK
4,10,adjacent,620,30,32,25,REV,E3,E2,E7,E8,-4.117000,222.325000,OK
4,10,adjacent,620,30,32,26,FWD,E2,E3,E8,E9,44.125000,303.762000,OK
4,10,adjacent,620,30,32,27,REV,E3,E2,E8,E9,44.586000,223.921000,OK
4,10,adjacent,620,30,32,28,FWD,E2,E3,E9,E10,7.629000,305.717000,OK
4,10,adjacent,620,30,32,29,REV,E3,E2,E9,E10,8.168000,225.038000,OK
4,10,adjacent,620,30,32,30,FWD,E2,E3,E10,E11,55.051000,304.959000,OK
4,10,adjacent,620,30,32,31,REV,E3,E2,E10,E11,55.941000,226.555000,OK
4,10,adjacent,620,30,32,32,FWD,E2,E3,E11,E12,3.113000,305.278000,OK
4,10,adjacent,620,30,32,33,REV,E3,E2,E11,E12,4.699000,227.193000,OK
4,10,adjacent,620,30,32,34,FWD,E2,E3,E12,E1,11.770000,306.116000,OK
4,10,adjacent,620,30,32,35,REV,E3,E2,E12,E1,15.145000,228.270000,OK
4,10,adjacent,620,30,32,36,FWD,E3,E4,E1,E2,173.758000,287.722000,OK
4,10,adjacent,620,30,32,37,REV,E4,E3,E1,E2,164.895000,346.096000,OK
4,10,adjacent,620,30,32,38,FWD,E3,E4,E5,E6,-24.121000,339.353000,OK
4,10,adjacent,620,30,32,39,REV,E4,E3,E5,E6,-3.656000,339.632000,OK
4,10,adjacent,620,30,32,40,FWD,E3,E4,E6,E7,-7.512000,343.782000,OK
4,10,adjacent,620,30,32,41,REV,E4,E3,E6,E7,-5.793000,340.390000,OK
4,10,adjacent,620,30,32,42,FWD,E3,E4,E7,E8,-4.965000,344.899000,OK
4,10,adjacent,620,30,32,43,REV,E4,E3,E7,E8,-3.852000,341.029000,OK
4,10,adjacent,620,30,32,44,FWD,E3,E4,E8,E9,44.340000,345.498000,OK
4,10,adjacent,620,30,32,45,REV,E4,E3,E8,E9,45.277000,342.266000,OK
4,10,adjacent,620,30,32,46,FWD,E3,E4,E9,E10,7.508000,346.296000,OK
4,10,adjacent,620,30,32,47,REV,E4,E3,E9,E10,8.379000,342.625000,OK
4,10,adjacent,620,30,32,48,FWD,E3,E4,E10,E11,54.777000,346.575000,OK
4,10,adjacent,620,30,32,49,REV,E4,E3,E10,E11,55.930000,343.104000,OK
4,10,adjacent,620,30,32,50,FWD,E3,E4,E11,E12,3.496000,347.134000,OK
4,10,adjacent,620,30,32,51,REV,E4,E3,E11,E12,5.230000,343.183000,OK
4,10,adjacent,620,30,32,52,FWD,E3,E4,E12,E1,12.250000,347.453000,OK
4,10,adjacent,620,30,32,53,REV,E4,E3,E12,E1,15.215000,343.742000,OK
4,10,adjacent,620,30,32,54,FWD,E4,E5,E1,E2,106.188000,191.442000,OK
4,10,adjacent,620,30,32,55,REV,E5,E4,E1,E2,105.547000,282.016000,OK
4,10,adjacent,620,30,32,56,FWD,E4,E5,E2,E3,-178.812000,259.592000,OK
4,10,adjacent,620,30,32,57,REV,E5,E4,E2,E3,-183.289000,267.053000,OK
4,10,adjacent,620,30,32,58,FWD,E4,E5,E6,E7,-7.652000,263.782000,OK
4,10,adjacent,620,30,32,59,REV,E5,E4,E6,E7,-5.457000,263.861000,OK
4,10,adjacent,620,30,32,60,FWD,E4,E5,E7,E8,-5.012000,264.420000,OK
4,10,adjacent,620,30,32,61,REV,E5,E4,E7,E8,-3.906000,261.906000,OK
4,10,adjacent,620,30,32,62,FWD,E4,E5,E8,E9,44.570000,265.537000,OK
4,10,adjacent,620,30,32,63,REV,E5,E4,E8,E9,45.383000,260.869000,OK
4,10,adjacent,620,30,32,64,FWD,E4,E5,E9,E10,7.656000,265.178000,OK
4,10,adjacent,620,30,32,65,REV,E5,E4,E9,E10,8.266000,260.270000,OK
4,10,adjacent,620,30,32,66,FWD,E4,E5,E10,E11,54.707000,265.258000,OK
4,10,adjacent,620,30,32,67,REV,E5,E4,E10,E11,55.348000,259.871000,OK
4,10,adjacent,620,30,32,68,FWD,E4,E5,E11,E12,4.168000,265.497000,OK
4,10,adjacent,620,30,32,69,REV,E5,E4,E11,E12,4.969000,259.432000,OK
4,10,adjacent,620,30,32,70,FWD,E4,E5,E12,E1,13.184000,265.138000,OK
4,10,adjacent,620,30,32,71,REV,E5,E4,E12,E1,14.305000,259.193000,OK
4,10,adjacent,620,30,32,72,FWD,E5,E6,E1,E2,76.113000,136.938000,OK
4,10,adjacent,620,30,32,73,REV,E6,E5,E1,E2,75.539000,254.485000,OK
4,10,adjacent,620,30,32,74,FWD,E5,E6,E2,E3,-190.012000,222.724000,OK
4,10,adjacent,620,30,32,75,REV,E6,E5,E2,E3,-187.945000,245.826000,OK
4,10,adjacent,620,30,32,76,FWD,E5,E6,E3,E4,4.617000,231.821000,OK
4,10,adjacent,620,30,32,77,REV,E6,E5,E3,E4,13.031000,245.787000,OK
4,10,adjacent,620,30,32,78,FWD,E5,E6,E7,E8,-5.695000,235.253000,OK
4,10,adjacent,620,30,32,79,REV,E6,E5,E7,E8,-3.008000,244.988000,OK
4,10,adjacent,620,30,32,80,FWD,E5,E6,E8,E9,44.613000,236.689000,OK
4,10,adjacent,620,30,32,81,REV,E6,E5,E8,E9,45.789000,245.507000,OK
4,10,adjacent,620,30,32,82,FWD,E5,E6,E9,E10,7.586000,237.168000,OK
4,10,adjacent,620,30,32,83,REV,E6,E5,E9,E10,8.352000,245.228000,OK
4,10,adjacent,620,30,32,84,FWD,E5,E6,E10,E11,54.617000,238.604000,OK
4,10,adjacent,620,30,32,85,REV,E6,E5,E10,E11,55.254000,245.388000,OK
4,10,adjacent,620,30,32,86,FWD,E5,E6,E11,E12,4.484000,238.844000,OK
4,10,adjacent,620,30,32,87,REV,E6,E5,E11,E12,5.098000,245.388000,OK
4,10,adjacent,620,30,32,88,FWD,E5,E6,E12,E1,13.520000,239.123000,OK
4,10,adjacent,620,30,32,89,REV,E6,E5,E12,E1,14.160000,245.308000,OK
4,10,adjacent,620,30,32,90,FWD,E6,E7,E1,E2,57.664000,257.158000,OK
4,10,adjacent,620,30,32,91,REV,E7,E6,E1,E2,57.328000,353.119000,OK
4,10,adjacent,620,30,32,92,FWD,E6,E7,E2,E3,-177.047000,324.749000,OK
4,10,adjacent,620,30,32,93,REV,E7,E6,E2,E3,-175.766000,341.508000,OK
4,10,adjacent,620,30,32,94,FWD,E6,E7,E3,E4,6.395000,332.849000,OK
4,10,adjacent,620,30,32,95,REV,E7,E6,E3,E4,7.961000,339.872000,OK
4,10,adjacent,620,30,32,96,FWD,E6,E7,E4,E5,41.004000,335.523000,OK
4,10,adjacent,620,30,32,97,REV,E7,E6,E4,E5,40.098000,339.513000,OK
4,10,adjacent,620,30,32,98,FWD,E6,E7,E8,E9,43.633000,337.039000,OK
4,10,adjacent,620,30,32,99,REV,E7,E6,E8,E9,47.008000,339.632000,OK
4,10,adjacent,620,30,32,100,FWD,E6,E7,E9,E10,7.184000,337.717000,OK
4,10,adjacent,620,30,32,101,REV,E7,E6,E9,E10,8.641000,339.912000,OK
4,10,adjacent,620,30,32,102,FWD,E6,E7,E10,E11,54.254000,338.834000,OK
4,10,adjacent,620,30,32,103,REV,E7,E6,E10,E11,55.195000,340.191000,OK
4,10,adjacent,620,30,32,104,FWD,E6,E7,E11,E12,4.559000,338.475000,OK
4,10,adjacent,620,30,32,105,REV,E7,E6,E11,E12,5.246000,340.590000,OK
4,10,adjacent,620,30,32,106,FWD,E6,E7,E12,E1,13.531000,339.513000,OK
4,10,adjacent,620,30,32,107,REV,E7,E6,E12,E1,14.137000,339.912000,OK
4,10,adjacent,620,30,32,108,FWD,E7,E8,E1,E2,45.617000,240.240000,OK
4,10,adjacent,620,30,32,109,REV,E8,E7,E1,E2,45.457000,356.151000,OK
4,10,adjacent,620,30,32,110,FWD,E7,E8,E2,E3,-167.090000,315.253000,OK
4,10,adjacent,620,30,32,111,REV,E8,E7,E2,E3,-166.020000,341.468000,OK
4,10,adjacent,620,30,32,112,FWD,E7,E8,E3,E4,7.047000,323.991000,OK
4,10,adjacent,620,30,32,113,REV,E8,E7,E3,E4,8.148000,338.316000,OK
4,10,adjacent,620,30,32,114,FWD,E7,E8,E4,E5,17.211000,326.944000,OK
4,10,adjacent,620,30,32,115,REV,E8,E7,E4,E5,18.352000,337.557000,OK
4,10,adjacent,620,30,32,116,FWD,E7,E8,E5,E6,-1.871000,328.859000,OK
4,10,adjacent,620,30,32,117,REV,E8,E7,E5,E6,0.824000,336.839000,OK
4,10,adjacent,620,30,32,118,FWD,E7,E8,E9,E10,6.078000,329.936000,OK
4,10,adjacent,620,30,32,119,REV,E8,E7,E9,E10,9.688000,336.081000,OK
4,10,adjacent,620,30,32,120,FWD,E7,E8,E10,E11,53.578000,330.774000,OK
4,10,adjacent,620,30,32,121,REV,E8,E7,E10,E11,55.520000,336.201000,OK
4,10,adjacent,620,30,32,122,FWD,E7,E8,E11,E12,4.508000,330.854000,OK
4,10,adjacent,620,30,32,123,REV,E8,E7,E11,E12,5.547000,336.241000,OK
4,10,adjacent,620,30,32,124,FWD,E7,E8,E12,E1,13.516000,331.373000,OK
4,10,adjacent,620,30,32,125,REV,E8,E7,E12,E1,14.137000,336.161000,OK
4,10,adjacent,620,30,32,126,FWD,E8,E9,E1,E2,36.227000,205.647000,OK
4,10,adjacent,620,30,32,127,REV,E9,E8,E1,E2,36.230000,326.186000,OK
4,10,adjacent,620,30,32,128,FWD,E8,E9,E2,E3,-158.672000,287.921000,OK
4,10,adjacent,620,30,32,129,REV,E9,E8,E2,E3,-157.863000,311.622000,OK
4,10,adjacent,620,30,32,130,FWD,E8,E9,E3,E4,7.676000,297.059000,OK
4,10,adjacent,620,30,32,131,REV,E9,E8,E3,E4,8.508000,310.744000,OK
4,10,adjacent,620,30,32,132,FWD,E8,E9,E4,E5,13.535000,299.333000,OK
4,10,adjacent,620,30,32,133,REV,E9,E8,E4,E5,14.387000,310.186000,OK
4,10,adjacent,620,30,32,134,FWD,E8,E9,E5,E6,-9.672000,301.208000,OK
4,10,adjacent,620,30,32,135,REV,E9,E8,E5,E6,-8.109000,309.867000,OK
4,10,adjacent,620,30,32,136,FWD,E8,E9,E6,E7,-4.512000,302.046000,OK
4,10,adjacent,620,30,32,137,REV,E9,E8,E6,E7,-2.305000,309.827000,OK
4,10,adjacent,620,30,32,138,FWD,E8,E9,E10,E11,49.105000,302.565000,OK
4,10,adjacent,620,30,32,139,REV,E9,E8,E10,E11,59.805000,309.787000,OK
4,10,adjacent,620,30,32,140,FWD,E8,E9,E11,E12,4.203000,303.842000,OK
4,10,adjacent,620,30,32,141,REV,E9,E8,E11,E12,6.164000,309.707000,OK
4,10,adjacent,620,30,32,142,FWD,E8,E9,E12,E1,13.352000,303.882000,OK
4,10,adjacent,620,30,32,143,REV,E9,E8,E12,E1,14.332000,309.867000,OK
4,10,adjacent,620,30,32,144,FWD,E9,E10,E1,E2,28.477000,245.467000,OK
4,10,adjacent,620,30,32,145,REV,E10,E9,E1,E2,28.832000,353.877000,OK
4,10,adjacent,620,30,32,146,FWD,E9,E10,E2,E3,-151.758000,319.562000,OK
4,10,adjacent,620,30,32,147,REV,E10,E9,E2,E3,-150.773000,340.031000,OK
4,10,adjacent,620,30,32,148,FWD,E9,E10,E3,E4,8.039000,327.542000,OK
4,10,adjacent,620,30,32,149,REV,E10,E9,E3,E4,8.902000,338.635000,OK
4,10,adjacent,620,30,32,150,FWD,E9,E10,E4,E5,12.266000,329.897000,OK
4,10,adjacent,620,30,32,151,REV,E10,E9,E4,E5,13.016000,338.076000,OK
4,10,adjacent,620,30,32,152,FWD,E9,E10,E5,E6,-11.180000,331.692000,OK
4,10,adjacent,620,30,32,153,REV,E10,E9,E5,E6,-10.090000,337.996000,OK
4,10,adjacent,620,30,32,154,FWD,E9,E10,E6,E7,-8.117000,332.291000,OK
4,10,adjacent,620,30,32,155,REV,E10,E9,E6,E7,-6.727000,338.555000,OK
4,10,adjacent,620,30,32,156,FWD,E9,E10,E7,E8,7.934000,333.567000,OK
4,10,adjacent,620,30,32,157,REV,E10,E9,E7,E8,10.477000,338.276000,OK
4,10,adjacent,620,30,32,158,FWD,E9,E10,E11,E12,-1.223000,334.206000,OK
4,10,adjacent,620,30,32,159,REV,E10,E9,E11,E12,11.844000,339.193000,OK
4,10,adjacent,620,30,32,160,FWD,E9,E10,E12,E1,12.898000,334.246000,OK
4,10,adjacent,620,30,32,161,REV,E10,E9,E12,E1,14.797000,339.273000,OK
4,10,adjacent,620,30,32,162,FWD,E10,E11,E1,E2,21.445000,252.131000,OK
4,10,adjacent,620,30,32,163,REV,E11,E10,E1,E2,23.309000,387.194000,OK
4,10,adjacent,620,30,32,164,FWD,E10,E11,E2,E3,-146.039000,314.854000,OK
4,10,adjacent,620,30,32,165,REV,E11,E10,E2,E3,-144.590000,374.106000,OK
4,10,adjacent,620,30,32,166,FWD,E10,E11,E3,E4,8.152000,321.358000,OK
4,10,adjacent,620,30,32,167,REV,E11,E10,E3,E4,9.488000,371.712000,OK
4,10,adjacent,620,30,32,168,FWD,E10,E11,E4,E5,12.332000,324.590000,OK
4,10,adjacent,620,30,32,169,REV,E11,E10,E4,E5,13.277000,370.954000,OK
4,10,adjacent,620,30,32,170,FWD,E10,E11,E5,E6,-12.645000,325.867000,OK
4,10,adjacent,620,30,32,171,REV,E11,E10,E5,E6,-11.527000,371.074000,OK
4,10,adjacent,620,30,32,172,FWD,E10,E11,E6,E7,-8.078000,326.665000,OK
4,10,adjacent,620,30,32,173,REV,E11,E10,E6,E7,-7.008000,371.473000,OK
4,10,adjacent,620,30,32,174,FWD,E10,E11,E7,E8,-0.883000,327.503000,OK
4,10,adjacent,620,30,32,175,REV,E11,E10,E7,E8,1.148000,371.273000,OK
4,10,adjacent,620,30,32,176,FWD,E10,E11,E8,E9,36.984000,327.742000,OK
4,10,adjacent,620,30,32,177,REV,E11,E10,E8,E9,48.867000,371.273000,OK
4,10,adjacent,620,30,32,178,FWD,E10,E11,E12,E1,9.117000,328.301000,OK
4,10,adjacent,620,30,32,179,REV,E11,E10,E12,E1,19.281000,371.393000,OK
4,10,adjacent,620,30,32,180,FWD,E11,E12,E1,E2,14.289000,308.670000,OK
4,10,adjacent,620,30,32,181,REV,E12,E11,E1,E2,19.531000,358.066000,OK
4,10,adjacent,620,30,32,182,FWD,E11,E12,E2,E3,-141.555000,345.019000,OK
4,10,adjacent,620,30,32,183,REV,E12,E11,E2,E3,-139.074000,350.804000,OK
4,10,adjacent,620,30,32,184,FWD,E11,E12,E3,E4,7.980000,348.490000,OK
4,10,adjacent,620,30,32,185,REV,E12,E11,E3,E4,9.930000,349.288000,OK
4,10,adjacent,620,30,32,186,FWD,E11,E12,E4,E5,11.863000,349.807000,OK
4,10,adjacent,620,30,32,187,REV,E12,E11,E4,E5,12.992000,349.567000,OK
4,10,adjacent,620,30,32,188,FWD,E11,E12,E5,E6,-12.730000,350.006000,OK
4,10,adjacent,620,30,32,189,REV,E12,E11,E5,E6,-11.637000,349.847000,OK
4,10,adjacent,620,30,32,190,FWD,E11,E12,E6,E7,-8.227000,350.964000,OK
4,10,adjacent,620,30,32,191,REV,E12,E11,E6,E7,-7.441000,349.368000,OK
4,10,adjacent,620,30,32,192,FWD,E11,E12,E7,E8,-2.375000,351.203000,OK
4,10,adjacent,620,30,32,193,REV,E12,E11,E7,E8,-1.184000,349.927000,OK
4,10,adjacent,620,30,32,194,FWD,E11,E12,E8,E9,41.008000,351.004000,OK
4,10,adjacent,620,30,32,195,REV,E12,E11,E8,E9,43.613000,349.887000,OK
4,10,adjacent,620,30,32,196,FWD,E11,E12,E9,E10,1.660000,352.400000,OK
4,10,adjacent,620,30,32,197,REV,E12,E11,E9,E10,18.406000,349.927000,OK
4,10,adjacent,620,30,32,198,FWD,E12,E1,E2,E3,-139.121000,309.268000,OK
4,10,adjacent,620,30,32,199,REV,E1,E12,E2,E3,-133.473000,386.116000,OK
4,10,adjacent,620,30,32,200,FWD,E12,E1,E3,E4,7.437000,353.597000,OK
4,10,adjacent,620,30,32,201,REV,E1,E12,E3,E4,11.004000,378.854000,OK
4,10,adjacent,620,30,32,202,FWD,E12,E1,E4,E5,11.363000,358.705000,OK
4,10,adjacent,620,30,32,203,REV,E1,E12,E4,E5,13.262000,377.937000,OK
4,10,adjacent,620,30,32,204,FWD,E12,E1,E5,E6,-13.102000,360.341000,OK
4,10,adjacent,620,30,32,205,REV,E1,E12,E5,E6,-11.750000,378.096000,OK
4,10,adjacent,620,30,32,206,FWD,E12,E1,E6,E7,-7.992000,361.498000,OK
4,10,adjacent,620,30,32,207,REV,E1,E12,E6,E7,-7.262000,378.775000,OK
4,10,adjacent,620,30,32,208,FWD,E12,E1,E7,E8,-2.867000,362.056000,OK
4,10,adjacent,620,30,32,209,REV,E1,E12,E7,E8,-2.016000,378.495000,OK
4,10,adjacent,620,30,32,210,FWD,E12,E1,E8,E9,42.223000,363.134000,OK
4,10,adjacent,620,30,32,211,REV,E1,E12,E8,E9,43.539000,379.054000,OK
4,10,adjacent,620,30,32,212,FWD,E12,E1,E9,E10,7.301000,363.014000,OK
4,10,adjacent,620,30,32,213,REV,E1,E12,E9,E10,9.723000,378.814000,OK
4,10,adjacent,620,30,32,214,FWD,E12,E1,E10,E11,50.883000,363.732000,OK
4,10,adjacent,620,30,32,215,REV,E1,E12,E10,E11,61.691000,379.373000,OK
5,11,adjacent,620,30,32,0,FWD,E1,E2,E3,E4,7.098000,227.073000,OK
5,11,adjacent,620,30,32,1,REV,E2,E1,E3,E4,11.504000,273.477000,OK
5,11,adjacent,620,30,32,2,FWD,E1,E2,E4,E5,11.125000,247.542000,OK
5,11,adjacent,620,30,32,3,REV,E2,E1,E4,E5,13.016000,260.151000,OK
5,11,adjacent,620,30,32,4,FWD,E1,E2,E5,E6,-13.121000,247.861000,OK
5,11,adjacent,620,30,32,5,REV,E2,E1,E5,E6,-12.004000,266.575000,OK
5,11,adjacent,620,30,32,6,FWD,E1,E2,E6,E7,-7.848000,248.939000,OK
5,11,adjacent,620,30,32,7,REV,E2,E1,E6,E7,-7.336000,271.283000,OK
5,11,adjacent,620,30,32,8,FWD,E1,E2,E7,E8,-2.781000,250.774000,OK
5,11,adjacent,620,30,32,9,REV,E2,E1,E7,E8,-2.375000,276.230000,OK
5,11,adjacent,620,30,32,10,FWD,E1,E2,E8,E9,43.051000,251.492000,OK
5,11,adjacent,620,30,32,11,REV,E2,E1,E8,E9,43.738000,280.859000,OK
5,11,adjacent,620,30,32,12,FWD,E1,E2,E9,E10,7.766000,253.328000,OK
5,11,adjacent,620,30,32,13,REV,E2,E1,E9,E10,8.637000,283.014000,OK
5,11,adjacent,620,30,32,14,FWD,E1,E2,E10,E11,54.883000,254.126000,OK
5,11,adjacent,620,30,32,15,REV,E2,E1,E10,E11,56.805000,286.565000,OK
5,11,adjacent,620,30,32,16,FWD,E1,E2,E11,E12,1.879000,254.964000,OK
5,11,adjacent,620,30,32,17,REV,E2,E1,E11,E12,6.363000,288.320000,OK
5,11,adjacent,620,30,32,18,FWD,E2,E3,E4,E5,9.660000,279.462000,OK
5,11,adjacent,620,30,32,19,REV,E3,E2,E4,E5,13.008000,211.911000,OK
5,11,adjacent,620,30,32,20,FWD,E2,E3,E5,E6,-13.711000,300.849000,OK
5,11,adjacent,620,30,32,21,REV,E3,E2,E5,E6,-12.129000,217.138000,OK
5,11,adjacent,620,30,32,22,FWD,E2,E3,E6,E7,-7.863000,301.208000,OK
5,11,adjacent,620,30,32,23,REV,E3,E2,E6,E7,-7.234000,219.732000,OK
5,11,adjacent,620,30,32,24,FWD,E2,E3,E7,E8,-2.922000,302.485000,OK
5,11,adjacent,620,30,32,25,REV,E3,E2,E7,E8,-2.441000,222.525000,OK
5,11,adjacent,620,30,32,26,FWD,E2,E3,E8,E9,43.309000,302.924000,OK
5,11,adjacent,620,30,32,27,REV,E3,E2,E8,E9,43.770000,223.801000,OK
5,11,adjacent,620,30,32,28,FWD,E2,E3,E9,E10,7.840000,303.842000,OK
5,11,adjacent,620,30,32,29,REV,E3,E2,E9,E10,8.359000,225.597000,OK
5,11,adjacent,620,30,32,30,FWD,E2,E3,E10,E11,54.996000,304.281000,OK
5,11,adjacent,620,30,32,31,REV,E3,E2,E10,E11,55.883000,226.315000,OK
5,11,adjacent,620,30,32,32,FWD,E2,E3,E11,E12,3.125000,304.520000,OK
5,11,adjacent,620,30,32,33,REV,E3,E2,E11,E12,4.770000,227.632000,OK
5,11,adjacent,620,30,32,34,FWD,E2,E3,E12,E1,11.523000,305.358000,OK
5,11,adjacent,620,30,32,35,REV,E3,E2,E12,E1,14.914000,228.310000,OK
5,11,adjacent,620,30,32,36,FWD,E3,E4,E1,E2,174.332000,288.081000,OK
5,11,adjacent,620,30,32,37,REV,E4,E3,E1,E2,165.512000,346.056000,OK
5,11,adjacent,620,30,32,38,FWD,E3,E4,E5,E6,-23.984000,340.031000,OK
5,11,adjacent,620,30,32,39,REV,E4,E3,E5,E6,-3.430000,340.510000,OK
5,11,adjacent,620,30,32,40,FWD,E3,E4,E6,E7,-8.391000,344.181000,OK
5,11,adjacent,620,30,32,41,REV,E4,E3,E6,E7,-6.734000,340.550000,OK
5,11,adjacent,620,30,32,42,FWD,E3,E4,E7,E8,-3.277000,345.019000,OK
5,11,adjacent,620,30,32,43,REV,E4,E3,E7,E8,-2.152000,341.388000,OK
5,11,adjacent,620,30,32,44,FWD,E3,E4,E8,E9,43.602000,346.216000,OK
5,11,adjacent,620,30,32,45,REV,E4,E3,E8,E9,44.516000,342.306000,OK
5,11,adjacent,620,30,32,46,FWD,E3,E4,E9,E10,7.582000,346.016000,OK
5,11,adjacent,620,30,32,47,REV,E4,E3,E9,E10,8.410000,342.625000,OK
5,11,adjacent,620,30,32,48,FWD,E3,E4,E10,E11,54.625000,347.173000,OK
5,11,adjacent,620,30,32,49,REV,E4,E3,E10,E11,55.813000,343.423000,OK
5,11,adjacent,620,30,32,50,FWD,E3,E4,E11,E12,3.582000,347.134000,OK
5,11,adjacent,620,30,32,51,REV,E4,E3,E11,E12,5.332000,344.061000,OK
5,11,adjacent,620,30,32,52,FWD,E3,E4,E12,E1,12.094000,347.732000,OK
5,11,adjacent,620,30,32,53,REV,E4,E3,E12,E1,15.031000,344.061000,OK
5,11,adjacent,620,30,32,54,FWD,E4,E5,E1,E2,106.336000,191.961000,OK
5,11,adjacent,620,30,32,55,REV,E5,E4,E1,E2,105.680000,281.936000,OK
5,11,adjacent,620,30,32,56,FWD,E4,E5,E2,E3,-178.328000,259.073000,OK
5,11,adjacent,620,30,32,57,REV,E5,E4,E2,E3,-182.687000,267.413000,OK
5,11,adjacent,620,30,32,58,FWD,E4,E5,E6,E7,-8.852000,263.941000,OK
5,11,adjacent,620,30,32,59,REV,E5,E4,E6,E7,-6.668000,263.143000,OK
5,11,adjacent,620,30,32,60,FWD,E4,E5,E7,E8,-3.391000,264.899000,OK
5,11,adjacent,620,30,32,61,REV,E5,E4,E7,E8,-2.281000,262.824000,OK
5,11,adjacent,620,30,32,62,FWD,E4,E5,E8,E9,43.797000,265.058000,OK
5,11,adjacent,620,30,32,63,REV,E5,E4,E8,E9,44.645000,261.308000,OK
5,11,adjacent,620,30,32,64,FWD,E4,E5,E9,E10,7.766000,265.816000,OK
5,11,adjacent,620,30,32,65,REV,E5,E4,E9,E10,8.371000,260.550000,OK
5,11,adjacent,620,30,32,66,FWD,E4,E5,E10,E11,54.555000,265.457000,OK
5,11,adjacent,620,30,32,67,REV,E5,E4,E10,E11,55.203000,260.949000,OK
5,11,adjacent,620,30,32,68,FWD,E4,E5,E11,E12,4.285000,265.258000,OK
5,11,adjacent,620,30,32,69,REV,E5,E4,E11,E12,5.066000,260.350000,OK
5,11,adjacent,620,30,32,70,FWD,E4,E5,E12,E1,13.070000,265.856000,OK
5,11,adjacent,620,30,32,71,REV,E5,E4,E12,E1,14.191000,259.831000,OK
5,11,adjacent,620,30,32,72,FWD,E5,E6,E1,E2,75.926000,138.255000,OK
5,11,adjacent,620,30,32,73,REV,E6,E5,E1,E2,75.340000,254.764000,OK
5,11,adjacent,620,30,32,74,FWD,E5,E6,E2,E3,-188.973000,223.123000,OK
5,11,adjacent,620,30,32,75,REV,E6,E5,E2,E3,-186.953000,246.704000,OK
5,11,adjacent,620,30,32,76,FWD,E5,E6,E3,E4,3.629000,233.098000,OK
5,11,adjacent,620,30,32,77,REV,E6,E5,E3,E4,12.230000,246.026000,OK
5,11,adjacent,620,30,32,78,FWD,E5,E6,E7,E8,-3.992000,235.412000,OK
5,11,adjacent,620,30,32,79,REV,E6,E5,E7,E8,-1.293000,246.146000,OK
5,11,adjacent,620,30,32,80,FWD,E5,E6,E8,E9,44.066000,237.447000,OK
5,11,adjacent,620,30,32,81,REV,E6,E5,E8,E9,45.215000,245.866000,OK
5,11,adjacent,620,30,32,82,FWD,E5,E6,E9,E10,7.676000,239.003000,OK
5,11,adjacent,620,30,32,83,REV,E6,E5,E9,E10,8.434000,245.627000,OK
5,11,adjacent,620,30,32,84,FWD,E5,E6,E10,E11,54.234000,239.323000,OK
5,11,adjacent,620,30,32,85,REV,E6,E5,E10,E11,54.879000,245.866000,OK
5,11,adjacent,620,30,32,86,FWD,E5,E6,E11,E12,4.551000,239.682000,OK
5,11,adjacent,620,30,32,87,REV,E6,E5,E11,E12,5.156000,245.866000,OK
5,11,adjacent,620,30,32,88,FWD,E5,E6,E12,E1,13.414000,240.161000,OK
5,11,adjacent,620,30,32,89,REV,E6,E5,E12,E1,14.059000,245.667000,OK
5,11,adjacent,620,30,32,90,FWD,E6,E7,E1,E2,57.242000,258.036000,OK
5,11,adjacent,620,30,32,91,REV,E7,E6,E1,E2,56.926000,352.879000,OK
5,11,adjacent,620,30,32,92,FWD,E6,E7,E2,E3,-175.660000,325.308000,OK
5,11,adjacent,620,30,32,93,REV,E7,E6,E2,E3,-174.379000,341.348000,OK
5,11,adjacent,620,30,32,94,FWD,E6,E7,E3,E4,5.395000,333.248000,OK
5,11,adjacent,620,30,32,95,REV,E7,E6,E3,E4,6.988000,339.832000,OK
5,11,adjacent,620,30,32,96,FWD,E6,E7,E4,E5,41.973000,335.961000,OK
5,11,adjacent,620,30,32,97,REV,E7,E6,E4,E5,41.027000,339.672000,OK
5,11,adjacent,620,30,32,98,FWD,E6,E7,E8,E9,43.008000,337.119000,OK
5,11,adjacent,620,30,32,99,REV,E7,E6,E8,E9,46.348000,339.912000,OK
5,11,adjacent,620,30,32,100,FWD,E6,E7,E9,E10,7.328000,338.276000,OK
5,11,adjacent,620,30,32,101,REV,E7,E6,E9,E10,8.777000,339.632000,OK
5,11,adjacent,620,30,32,102,FWD,E6,E7,E10,E11,53.871000,338.515000,OK
5,11,adjacent,620,30,32,103,REV,E7,E6,E10,E11,54.805000,340.191000,OK
5,11,adjacent,620,30,32,104,FWD,E6,E7,E11,E12,4.637000,339.473000,OK
5,11,adjacent,620,30,32,105,REV,E7,E6,E11,E12,5.344000,340.071000,OK
5,11,adjacent,620,30,32,106,FWD,E6,E7,E12,E1,13.410000,339.792000,OK
5,11,adjacent,620,30,32,107,REV,E7,E6,E12,E1,14.035000,340.271000,OK
5,11,adjacent,620,30,32,108,FWD,E7,E8,E1,E2,45.070000,239.482000,OK
5,11,adjacent,620,30,32,109,REV,E8,E7,E1,E2,44.844000,356.750000,OK
5,11,adjacent,620,30,32,110,FWD,E7,E8,E2,E3,-165.469000,315.612000,OK
5,11,adjacent,620,30,32,111,REV,E8,E7,E2,E3,-164.328000,341.388000,OK
5,11,adjacent,620,30,32,112,FWD,E7,E8,E3,E4,6.039000,324.271000,OK
5,11,adjacent,620,30,32,113,REV,E8,E7,E3,E4,7.117000,338.994000,OK
5,11,adjacent,620,30,32,114,FWD,E7,E8,E4,E5,18.043000,327.024000,OK
5,11,adjacent,620,30,32,115,REV,E8,E7,E4,E5,19.203000,337.917000,OK
5,11,adjacent,620,30,32,116,FWD,E7,E8,E5,E6,-1.242000,328.859000,OK
5,11,adjacent,620,30,32,117,REV,E8,E7,E5,E6,1.566000,336.680000,OK
5,11,adjacent,620,30,32,118,FWD,E7,E8,E9,E10,5.957000,329.976000,OK
5,11,adjacent,620,30,32,119,REV,E8,E7,E9,E10,9.656000,336.839000,OK
5,11,adjacent,620,30,32,120,FWD,E7,E8,E10,E11,53.051000,329.697000,OK
5,11,adjacent,620,30,32,121,REV,E8,E7,E10,E11,54.992000,336.879000,OK
5,11,adjacent,620,30,32,122,FWD,E7,E8,E11,E12,4.602000,331.173000,OK
5,11,adjacent,620,30,32,123,REV,E8,E7,E11,E12,5.648000,336.520000,OK
5,11,adjacent,620,30,32,124,FWD,E7,E8,E12,E1,13.402000,330.814000,OK
5,11,adjacent,620,30,32,125,REV,E8,E7,E12,E1,14.055000,336.640000,OK
5,11,adjacent,620,30,32,126,FWD,E8,E9,E1,E2,35.469000,205.926000,OK
5,11,adjacent,620,30,32,127,REV,E9,E8,E1,E2,35.516000,325.907000,OK
5,11,adjacent,620,30,32,128,FWD,E8,E9,E2,E3,-156.988000,288.520000,OK
5,11,adjacent,620,30,32,129,REV,E9,E8,E2,E3,-156.195000,312.301000,OK
5,11,adjacent,620,30,32,130,FWD,E8,E9,E3,E4,6.738000,296.979000,OK
5,11,adjacent,620,30,32,131,REV,E9,E8,E3,E4,7.559000,310.864000,OK
5,11,adjacent,620,30,32,132,FWD,E8,E9,E4,E5,13.945000,300.171000,OK
5,11,adjacent,620,30,32,133,REV,E9,E8,E4,E5,14.805000,309.827000,OK
5,11,adjacent,620,30,32,134,FWD,E8,E9,E5,E6,-7.582000,301.487000,OK
5,11,adjacent,620,30,32,135,REV,E9,E8,E5,E6,-6.012000,310.385000,OK
5,11,adjacent,620,30,32,136,FWD,E8,E9,E6,E7,-7.875000,302.325000,OK
5,11,adjacent,620,30,32,137,REV,E9,E8,E6,E7,-5.707000,309.667000,OK
5,11,adjacent,620,30,32,138,FWD,E8,E9,E10,E11,48.559000,303.203000,OK
5,11,adjacent,620,30,32,139,REV,E9,E8,E10,E11,59.293000,309.587000,OK
5,11,adjacent,620,30,32,140,FWD,E8,E9,E11,E12,4.242000,304.400000,OK
5,11,adjacent,620,30,32,141,REV,E9,E8,E11,E12,6.187000,309.867000,OK
5,11,adjacent,620,30,32,142,FWD,E8,E9,E12,E1,13.289000,304.001000,OK
5,11,adjacent,620,30,32,143,REV,E9,E8,E12,E1,14.250000,309.747000,OK
5,11,adjacent,620,30,32,144,FWD,E9,E10,E1,E2,27.965000,245.068000,OK
5,11,adjacent,620,30,32,145,REV,E10,E9,E1,E2,28.371000,354.355000,OK
5,11,adjacent,620,30,32,146,FWD,E9,E10,E2,E3,-150.301000,319.483000,OK
5,11,adjacent,620,30,32,147,REV,E10,E9,E2,E3,-149.320000,339.872000,OK
5,11,adjacent,620,30,32,148,FWD,E9,E10,E3,E4,7.035000,327.143000,OK
5,11,adjacent,620,30,32,149,REV,E10,E9,E3,E4,7.875000,338.994000,OK
5,11,adjacent,620,30,32,150,FWD,E9,E10,E4,E5,12.809000,330.335000,OK
5,11,adjacent,620,30,32,151,REV,E10,E9,E4,E5,13.551000,338.196000,OK
5,11,adjacent,620,30,32,152,FWD,E9,E10,E5,E6,-8.238000,331.253000,OK
5,11,adjacent,620,30,32,153,REV,E10,E9,E5,E6,-7.016000,337.797000,OK
5,11,adjacent,620,30,32,154,FWD,E9,E10,E6,E7,-12.566000,332.849000,OK
5,11,adjacent,620,30,32,155,REV,E10,E9,E6,E7,-11.254000,338.794000,OK
5,11,adjacent,620,30,32,156,FWD,E9,E10,E7,E8,9.898000,333.129000,OK
5,11,adjacent,620,30,32,157,REV,E10,E9,E7,E8,12.465000,337.996000,OK
5,11,adjacent,620,30,32,158,FWD,E9,E10,E11,E12,-1.227000,334.565000,OK
5,11,adjacent,620,30,32,159,REV,E10,E9,E11,E12,11.848000,338.715000,OK
5,11,adjacent,620,30,32,160,FWD,E9,E10,E12,E1,12.859000,334.206000,OK
5,11,adjacent,620,30,32,161,REV,E10,E9,E12,E1,14.723000,339.153000,OK
5,11,adjacent,620,30,32,162,FWD,E10,E11,E1,E2,21.062000,251.811000,OK
5,11,adjacent,620,30,32,163,REV,E11,E10,E1,E2,22.941000,387.313000,OK
5,11,adjacent,620,30,32,164,FWD,E10,E11,E2,E3,-144.680000,315.213000,OK
5,11,adjacent,620,30,32,165,REV,E11,E10,E2,E3,-143.223000,373.667000,OK
5,11,adjacent,620,30,32,166,FWD,E10,E11,E3,E4,7.246000,321.158000,OK
5,11,adjacent,620,30,32,167,REV,E11,E10,E3,E4,8.551000,371.832000,OK
5,11,adjacent,620,30,32,168,FWD,E10,E11,E4,E5,12.051000,324.191000,OK
5,11,adjacent,620,30,32,169,REV,E11,E10,E4,E5,13.070000,370.635000,OK
5,11,adjacent,620,30,32,170,FWD,E10,E11,E5,E6,-8.215000,325.667000,OK
5,11,adjacent,620,30,32,171,REV,E11,E10,E5,E6,-7.105000,370.914000,OK
5,11,adjacent,620,30,32,172,FWD,E10,E11,E6,E7,-12.984000,325.986000,OK
5,11,adjacent,620,30,32,173,REV,E11,E10,E6,E7,-11.934000,371.353000,OK
5,11,adjacent,620,30,32,174,FWD,E10,E11,E7,E8,0.793000,327.183000,OK
5,11,adjacent,620,30,32,175,REV,E11,E10,E7,E8,2.875000,370.914000,OK
5,11,adjacent,620,30,32,176,FWD,E10,E11,E8,E9,36.297000,327.503000,OK
5,11,adjacent,620,30,32,177,REV,E11,E10,E8,E9,48.188000,371.154000,OK
5,11,adjacent,620,30,32,178,FWD,E10,E11,E12,E1,9.098000,328.221000,OK
5,11,adjacent,620,30,32,179,REV,E11,E10,E12,E1,19.238000,371.433000,OK
5,11,adjacent,620,30,32,180,FWD,E11,E12,E1,E2,13.914000,308.510000,OK
5,11,adjacent,620,30,32,181,REV,E12,E11,E1,E2,19.207000,358.186000,OK
5,11,adjacent,620,30,32,182,FWD,E11,E12,E2,E3,-140.207000,344.660000,OK
5,11,adjacent,620,30,32,183,REV,E12,E11,E2,E3,-137.770000,351.283000,OK
5,11,adjacent,620,30,32,184,FWD,E11,E12,E3,E4,7.070000,347.971000,OK
5,11,adjacent,620,30,32,185,REV,E12,E11,E3,E4,9.047000,349.607000,OK
5,11,adjacent,620,30,32,186,FWD,E11,E12,E4,E5,11.465000,349.567000,OK
5,11,adjacent,620,30,32,187,REV,E12,E11,E4,E5,12.688000,349.567000,OK
5,11,adjacent,620,30,32,188,FWD,E11,E12,E5,E6,-7.984000,350.365000,OK
5,11,adjacent,620,30,32,189,REV,E12,E11,E5,E6,-6.937000,349.448000,OK
5,11,adjacent,620,30,32,190,FWD,E11,E12,E6,E7,-13.105000,350.246000,OK
5,11,adjacent,620,30,32,191,REV,E12,E11,E6,E7,-12.250000,349.328000,OK
5,11,adjacent,620,30,32,192,FWD,E11,E12,E7,E8,-0.992000,350.924000,OK
5,11,adjacent,620,30,32,193,REV,E12,E11,E7,E8,0.199000,349.887000,OK
5,11,adjacent,620,30,32,194,FWD,E11,E12,E8,E9,40.523000,350.884000,OK
5,11,adjacent,620,30,32,195,REV,E12,E11,E8,E9,43.148000,350.286000,OK
5,11,adjacent,620,30,32,196,FWD,E11,E12,E9,E10,1.578000,351.283000,OK
5,11,adjacent,620,30,32,197,REV,E12,E11,E9,E10,18.383000,349.966000,OK
5,11,adjacent,620,30,32,198,FWD,E12,E1,E2,E3,-137.852000,309.707000,OK
5,11,adjacent,620,30,32,199,REV,E1,E12,E2,E3,-132.219000,385.797000,OK
5,11,adjacent,620,30,32,200,FWD,E12,E1,E3,E4,6.520000,353.518000,OK
5,11,adjacent,620,30,32,201,REV,E1,E12,E3,E4,10.113000,378.535000,OK
5,11,adjacent,620,30,32,202,FWD,E12,E1,E4,E5,10.934000,358.306000,OK
5,11,adjacent,620,30,32,203,REV,E1,E12,E4,E5,12.801000,377.897000,OK
5,11,adjacent,620,30,32,204,FWD,E12,E1,E5,E6,-8.367000,360.221000,OK
5,11,adjacent,620,30,32,205,REV,E1,E12,E5,E6,-7.074000,378.136000,OK
5,11,adjacent,620,30,32,206,FWD,E12,E1,E6,E7,-12.820000,361.298000,OK
5,11,adjacent,620,30,32,207,REV,E1,E12,E6,E7,-12.109000,378.575000,OK
5,11,adjacent,620,30,32,208,FWD,E12,E1,E7,E8,-1.379000,361.777000,OK
5,11,adjacent,620,30,32,209,REV,E1,E12,E7,E8,-0.527000,378.495000,OK
5,11,adjacent,620,30,32,210,FWD,E12,E1,E8,E9,41.754000,362.615000,OK
5,11,adjacent,620,30,32,211,REV,E1,E12,E8,E9,43.094000,378.376000,OK
5,11,adjacent,620,30,32,212,FWD,E12,E1,E9,E10,7.355000,362.934000,OK
5,11,adjacent,620,30,32,213,REV,E1,E12,E9,E10,9.762000,379.014000,OK
5,11,adjacent,620,30,32,214,FWD,E12,E1,E10,E11,50.145000,363.373000,OK
5,11,adjacent,620,30,32,215,REV,E1,E12,E10,E11,60.957000,379.213000,OK
6,12,adjacent,620,30,32,0,FWD,E1,E2,E3,E4,6.187000,227.632000,OK
6,12,adjacent,620,30,32,1,REV,E2,E1,E3,E4,10.508000,270.166000,OK
6,12,adjacent,620,30,32,2,FWD,E1,E2,E4,E5,11.035000,246.704000,OK
6,12,adjacent,620,30,32,3,REV,E2,E1,E4,E5,12.922000,258.634000,OK
6,12,adjacent,620,30,32,4,FWD,E1,E2,E5,E6,-9.105000,248.220000,OK
6,12,adjacent,620,30,32,5,REV,E2,E1,E5,E6,-8.070000,264.580000,OK
6,12,adjacent,620,30,32,6,FWD,E1,E2,E6,E7,-11.719000,249.378000,OK
6,12,adjacent,620,30,32,7,REV,E2,E1,E6,E7,-11.078000,271.043000,OK
6,12,adjacent,620,30,32,8,FWD,E1,E2,E7,E8,-1.504000,250.614000,OK
6,12,adjacent,620,30,32,9,REV,E2,E1,E7,E8,-1.121000,274.794000,OK
6,12,adjacent,620,30,32,10,FWD,E1,E2,E8,E9,42.520000,251.891000,OK
6,12,adjacent,620,30,32,11,REV,E2,E1,E8,E9,43.180000,278.465000,OK
6,12,adjacent,620,30,32,12,FWD,E1,E2,E9,E10,7.828000,253.008000,OK
6,12,adjacent,620,30,32,13,REV,E2,E1,E9,E10,8.660000,281.737000,OK
6,12,adjacent,620,30,32,14,FWD,E1,E2,E10,E11,54.191000,253.966000,OK
6,12,adjacent,620,30,32,15,REV,E2,E1,E10,E11,56.094000,283.652000,OK
6,12,adjacent,620,30,32,16,FWD,E1,E2,E11,E12,2.035000,254.924000,OK
6,12,adjacent,620,30,32,17,REV,E2,E1,E11,E12,6.484000,286.565000,OK
6,12,adjacent,620,30,32,18,FWD,E2,E3,E4,E5,10.059000,275.472000,OK
6,12,adjacent,620,30,32,19,REV,E3,E2,E4,E5,13.305000,211.672000,OK
6,12,adjacent,620,30,32,20,FWD,E2,E3,E5,E6,-10.988000,297.218000,OK
6,12,adjacent,620,30,32,21,REV,E3,E2,E5,E6,-9.438000,215.861000,OK
6,12,adjacent,620,30,32,22,FWD,E2,E3,E6,E7,-10.801000,298.455000,OK
6,12,adjacent,620,30,32,23,REV,E3,E2,E6,E7,-10.148000,219.771000,OK
6,12,adjacent,620,30,32,24,FWD,E2,E3,E7,E8,-1.738000,299.213000,OK
6,12,adjacent,620,30,32,25,REV,E3,E2,E7,E8,-1.227000,222.086000,OK
6,12,adjacent,620,30,32,26,FWD,E2,E3,E8,E9,42.875000,299.173000,OK
6,12,adjacent,620,30,32,27,REV,E3,E2,E8,E9,43.336000,223.522000,OK
6,12,adjacent,620,30,32,28,FWD,E2,E3,E9,E10,7.898000,300.251000,OK
6,12,adjacent,620,30,32,29,REV,E3,E2,E9,E10,8.414000,224.360000,OK
6,12,adjacent,620,30,32,30,FWD,E2,E3,E10,E11,54.238000,299.891000,OK
6,12,adjacent,620,30,32,31,REV,E3,E2,E10,E11,55.137000,225.557000,OK
6,12,adjacent,620,30,32,32,FWD,E2,E3,E11,E12,3.285000,300.370000,OK
6,12,adjacent,620,30,32,33,REV,E3,E2,E11,E12,4.875000,226.435000,OK
6,12,adjacent,620,30,32,34,FWD,E2,E3,E12,E1,11.477000,300.530000,OK
6,12,adjacent,620,30,32,35,REV,E3,E2,E12,E1,14.797000,227.273000,OK
6,12,adjacent,620,30,32,36,FWD,E3,E4,E1,E2,174.480000,288.121000,OK
6,12,adjacent,620,30,32,37,REV,E4,E3,E1,E2,165.746000,346.535000,OK
6,12,adjacent,620,30,32,38,FWD,E3,E4,E5,E6,-22.074000,340.151000,OK
6,12,adjacent,620,30,32,39,REV,E4,E3,E5,E6,-1.605000,339.832000,OK
6,12,adjacent,620,30,32,40,FWD,E3,E4,E6,E7,-10.602000,344.221000,OK
6,12,adjacent,620,30,32,41,REV,E4,E3,E6,E7,-8.891000,341.228000,OK
6,12,adjacent,620,30,32,42,FWD,E3,E4,E7,E8,-2.004000,345.737000,OK
6,12,adjacent,620,30,32,43,REV,E4,E3,E7,E8,-0.898000,341.428000,OK
6,12,adjacent,620,30,32,44,FWD,E3,E4,E8,E9,42.984000,346.655000,OK
6,12,adjacent,620,30,32,45,REV,E4,E3,E8,E9,43.887000,341.867000,OK
6,12,adjacent,620,30,32,46,FWD,E3,E4,E9,E10,7.766000,347.014000,OK
6,12,adjacent,620,30,32,47,REV,E4,E3,E9,E10,8.625000,343.024000,OK
6,12,adjacent,620,30,32,48,FWD,E3,E4,E10,E11,53.949000,347.173000,OK
6,12,adjacent,620,30,32,49,REV,E4,E3,E10,E11,55.133000,343.223000,OK
6,12,adjacent,620,30,32,50,FWD,E3,E4,E11,E12,3.621000,347.533000,OK
6,12,adjacent,620,30,32,51,REV,E4,E3,E11,E12,5.379000,344.101000,OK
6,12,adjacent,620,30,32,52,FWD,E3,E4,E12,E1,11.965000,347.572000,OK
6,12,adjacent,620,30,32,53,REV,E4,E3,E12,E1,14.953000,344.141000,OK
6,12,adjacent,620,30,32,54,FWD,E4,E5,E1,E2,106.586000,192.001000,OK
6,12,adjacent,620,30,32,55,REV,E5,E4,E1,E2,105.914000,282.455000,OK
6,12,adjacent,620,30,32,56,FWD,E4,E5,E2,E3,-178.051000,259.632000,OK
6,12,adjacent,620,30,32,57,REV,E5,E4,E2,E3,-182.410000,266.615000,OK
6,12,adjacent,620,30,32,58,FWD,E4,E5,E6,E7,-10.250000,263.622000,OK
6,12,adjacent,620,30,32,59,REV,E5,E4,E6,E7,-8.039000,263.981000,OK
6,12,adjacent,620,30,32,60,FWD,E4,E5,E7,E8,-2.270000,264.699000,OK
6,12,adjacent,620,30,32,61,REV,E5,E4,E7,E8,-1.176000,261.148000,OK
6,12,adjacent,620,30,32,62,FWD,E4,E5,E8,E9,43.242000,265.019000,OK
6,12,adjacent,620,30,32,63,REV,E5,E4,E8,E9,44.086000,261.308000,OK
6,12,adjacent,620,30,32,64,FWD,E4,E5,E9,E10,7.750000,264.859000,OK
6,12,adjacent,620,30,32,65,REV,E5,E4,E9,E10,8.355000,260.669000,OK
6,12,adjacent,620,30,32,66,FWD,E4,E5,E10,E11,54.078000,265.218000,OK
6,12,adjacent,620,30,32,67,REV,E5,E4,E10,E11,54.715000,260.111000,OK
6,12,adjacent,620,30,32,68,FWD,E4,E5,E11,E12,4.270000,265.537000,OK
6,12,adjacent,620,30,32,69,REV,E5,E4,E11,E12,5.047000,259.831000,OK
6,12,adjacent,620,30,32,70,FWD,E4,E5,E12,E1,12.953000,265.298000,OK
6,12,adjacent,620,30,32,71,REV,E5,E4,E12,E1,14.043000,259.313000,OK
6,12,adjacent,620,30,32,72,FWD,E5,E6,E1,E2,76.012000,136.699000,OK
6,12,adjacent,620,30,32,73,REV,E6,E5,E1,E2,75.387000,254.804000,OK
6,12,adjacent,620,30,32,74,FWD,E5,E6,E2,E3,-188.223000,221.886000,OK
6,12,adjacent,620,30,32,75,REV,E6,E5,E2,E3,-186.203000,246.545000,OK
6,12,adjacent,620,30,32,76,FWD,E5,E6,E3,E4,2.711000,231.263000,OK
6,12,adjacent,620,30,32,77,REV,E6,E5,E3,E4,11.133000,245.906000,OK
6,12,adjacent,620,30,32,78,FWD,E5,E6,E7,E8,-3.016000,235.093000,OK
6,12,adjacent,620,30,32,79,REV,E6,E5,E7,E8,-0.328000,245.467000,OK
6,12,adjacent,620,30,32,80,FWD,E5,E6,E8,E9,43.293000,236.370000,OK
6,12,adjacent,620,30,32,81,REV,E6,E5,E8,E9,44.492000,245.866000,OK
6,12,adjacent,620,30,32,82,FWD,E5,E6,E9,E10,7.902000,237.328000,OK
6,12,adjacent,620,30,32,83,REV,E6,E5,E9,E10,8.629000,244.949000,OK
6,12,adjacent,620,30,32,84,FWD,E5,E6,E10,E11,53.781000,238.006000,OK
6,12,adjacent,620,30,32,85,REV,E6,E5,E10,E11,54.422000,245.587000,OK
6,12,adjacent,620,30,32,86,FWD,E5,E6,E11,E12,4.527000,238.245000,OK
6,12,adjacent,620,30,32,87,REV,E6,E5,E11,E12,5.141000,245.427000,OK
6,12,adjacent,620,30,32,88,FWD,E5,E6,E12,E1,13.273000,238.964000,OK
6,12,adjacent,620,30,32,89,REV,E6,E5,E12,E1,13.895000,245.188000,OK
6,12,adjacent,620,30,32,90,FWD,E6,E7,E1,E2,57.371000,256.879000,OK
6,12,adjacent,620,30,32,91,REV,E7,E6,E1,E2,57.082000,352.919000,OK
6,12,adjacent,620,30,32,92,FWD,E6,E7,E2,E3,-174.812000,324.869000,OK
6,12,adjacent,620,30,32,93,REV,E7,E6,E2,E3,-173.617000,340.829000,OK
6,12,adjacent,620,30,32,94,FWD,E6,E7,E3,E4,4.348000,333.049000,OK
6,12,adjacent,620,30,32,95,REV,E7,E6,E3,E4,5.930000,339.233000,OK
6,12,adjacent,620,30,32,96,FWD,E6,E7,E4,E5,41.379000,335.443000,OK
6,12,adjacent,620,30,32,97,REV,E7,E6,E4,E5,40.477000,339.513000,OK
6,12,adjacent,620,30,32,98,FWD,E6,E7,E8,E9,42.328000,336.759000,OK
6,12,adjacent,620,30,32,99,REV,E7,E6,E8,E9,45.684000,339.233000,OK
6,12,adjacent,620,30,32,100,FWD,E6,E7,E9,E10,7.500000,338.156000,OK
6,12,adjacent,620,30,32,101,REV,E7,E6,E9,E10,8.953000,339.712000,OK
6,12,adjacent,620,30,32,102,FWD,E6,E7,E10,E11,53.422000,337.597000,OK
6,12,adjacent,620,30,32,103,REV,E7,E6,E10,E11,54.359000,339.632000,OK
6,12,adjacent,620,30,32,104,FWD,E6,E7,E11,E12,4.621000,339.153000,OK
6,12,adjacent,620,30,32,105,REV,E7,E6,E11,E12,5.320000,339.672000,OK
6,12,adjacent,620,30,32,106,FWD,E6,E7,E12,E1,13.297000,339.034000,OK
6,12,adjacent,620,30,32,107,REV,E7,E6,E12,E1,13.891000,340.311000,OK
6,12,adjacent,620,30,32,108,FWD,E7,E8,E1,E2,45.203000,239.602000,OK
6,12,adjacent,620,30,32,109,REV,E8,E7,E1,E2,45.012000,356.670000,OK
6,12,adjacent,620,30,32,110,FWD,E7,E8,E2,E3,-164.508000,315.572000,OK
6,12,adjacent,620,30,32,111,REV,E8,E7,E2,E3,-163.383000,341.907000,OK
6,12,adjacent,620,30,32,112,FWD,E7,E8,E3,E4,4.852000,323.912000,OK
6,12,adjacent,620,30,32,113,REV,E8,E7,E3,E4,5.965000,339.353000,OK
6,12,adjacent,620,30,32,114,FWD,E7,E8,E4,E5,18.020000,326.904000,OK
6,12,adjacent,620,30,32,115,REV,E8,E7,E4,E5,19.223000,337.637000,OK
6,12,adjacent,620,30,32,116,FWD,E7,E8,E5,E6,-2.281000,328.819000,OK
6,12,adjacent,620,30,32,117,REV,E8,E7,E5,E6,0.402000,337.238000,OK
6,12,adjacent,620,30,32,118,FWD,E7,E8,E9,E10,6.430000,329.338000,OK
6,12,adjacent,620,30,32,119,REV,E8,E7,E9,E10,10.020000,336.999000,OK
6,12,adjacent,620,30,32,120,FWD,E7,E8,E10,E11,52.746000,330.415000,OK
6,12,adjacent,620,30,32,121,REV,E8,E7,E10,E11,54.730000,336.201000,OK
6,12,adjacent,620,30,32,122,FWD,E7,E8,E11,E12,4.559000,330.296000,OK
6,12,adjacent,620,30,32,123,REV,E8,E7,E11,E12,5.594000,336.839000,OK
6,12,adjacent,620,30,32,124,FWD,E7,E8,E12,E1,13.313000,330.575000,OK
6,12,adjacent,620,30,32,125,REV,E8,E7,E12,E1,13.902000,336.440000,OK
6,12,adjacent,620,30,32,126,FWD,E8,E9,E1,E2,35.652000,205.607000,OK
6,12,adjacent,620,30,32,127,REV,E9,E8,E1,E2,35.652000,325.946000,OK
6,12,adjacent,620,30,32,128,FWD,E8,E9,E2,E3,-155.887000,288.201000,OK
6,12,adjacent,620,30,32,129,REV,E9,E8,E2,E3,-155.113000,312.221000,OK
6,12,adjacent,620,30,32,130,FWD,E8,E9,E3,E4,5.504000,296.021000,OK
6,12,adjacent,620,30,32,131,REV,E9,E8,E3,E4,6.328000,310.545000,OK
6,12,adjacent,620,30,32,132,FWD,E8,E9,E4,E5,14.398000,299.891000,OK
6,12,adjacent,620,30,32,133,REV,E9,E8,E4,E5,15.211000,310.146000,OK
6,12,adjacent,620,30,32,134,FWD,E8,E9,E5,E6,-9.934000,300.729000,OK
6,12,adjacent,620,30,32,135,REV,E9,E8,E5,E6,-8.406000,310.266000,OK
6,12,adjacent,620,30,32,136,FWD,E8,E9,E6,E7,-5.875000,302.605000,OK
6,12,adjacent,620,30,32,137,REV,E9,E8,E6,E7,-3.672000,309.906000,OK
6,12,adjacent,620,30,32,138,FWD,E8,E9,E10,E11,48.426000,302.724000,OK
6,12,adjacent,620,30,32,139,REV,E9,E8,E10,E11,59.125000,309.906000,OK
6,12,adjacent,620,30,32,140,FWD,E8,E9,E11,E12,4.262000,303.921000,OK
6,12,adjacent,620,30,32,141,REV,E9,E8,E11,E12,6.230000,310.146000,OK
6,12,adjacent,620,30,32,142,FWD,E8,E9,E12,E1,13.129000,304.440000,OK
6,12,adjacent,620,30,32,143,REV,E9,E8,E12,E1,14.098000,310.066000,OK
6,12,adjacent,620,30,32,144,FWD,E9,E10,E1,E2,27.918000,244.949000,OK
6,12,adjacent,620,30,32,145,REV,E10,E9,E1,E2,28.301000,354.316000,OK
6,12,adjacent,620,30,32,146,FWD,E9,E10,E2,E3,-149.086000,319.123000,OK
6,12,adjacent,620,30,32,147,REV,E10,E9,E2,E3,-148.129000,340.590000,OK
6,12,adjacent,620,30,32,148,FWD,E9,E10,E3,E4,5.898000,327.263000,OK
6,12,adjacent,620,30,32,149,REV,E10,E9,E3,E4,6.727000,338.595000,OK
6,12,adjacent,620,30,32,150,FWD,E9,E10,E4,E5,13.250000,329.737000,OK
6,12,adjacent,620,30,32,151,REV,E10,E9,E4,E5,14.012000,338.595000,OK
6,12,adjacent,620,30,32,152,FWD,E9,E10,E5,E6,-11.523000,331.772000,OK
6,12,adjacent,620,30,32,153,REV,E10,E9,E5,E6,-10.406000,338.036000,OK
6,12,adjacent,620,30,32,154,FWD,E9,E10,E6,E7,-9.645000,332.889000,OK
6,12,adjacent,620,30,32,155,REV,E10,E9,E6,E7,-8.277000,338.316000,OK
6,12,adjacent,620,30,32,156,FWD,E9,E10,E7,E8,10.477000,333.368000,OK
6,12,adjacent,620,30,32,157,REV,E10,E9,E7,E8,13.051000,338.555000,OK
6,12,adjacent,620,30,32,158,FWD,E9,E10,E11,E12,-1.109000,333.847000,OK
6,12,adjacent,620,30,32,159,REV,E10,E9,E11,E12,11.941000,338.715000,OK
6,12,adjacent,620,30,32,160,FWD,E9,E10,E12,E1,12.711000,333.966000,OK
6,12,adjacent,620,30,32,161,REV,E10,E9,E12,E1,14.582000,338.994000,OK
6,12,adjacent,620,30,32,162,FWD,E10,E11,E1,E2,21.020000,252.051000,OK
6,12,adjacent,620,30,32,163,REV,E11,E10,E1,E2,22.914000,386.715000,OK
6,12,adjacent,620,30,32,164,FWD,E10,E11,E2,E3,-143.547000,315.453000,OK
6,12,adjacent,620,30,32,165,REV,E11,E10,E2,E3,-142.027000,373.827000,OK
6,12,adjacent,620,30,32,166,FWD,E10,E11,E3,E4,6.055000,321.877000,OK
6,12,adjacent,620,30,32,167,REV,E11,E10,E3,E4,7.359000,371.154000,OK
6,12,adjacent,620,30,32,168,FWD,E10,E11,E4,E5,12.719000,324.670000,OK
6,12,adjacent,620,30,32,169,REV,E11,E10,E4,E5,13.742000,370.834000,OK
6,12,adjacent,620,30,32,170,FWD,E10,E11,E5,E6,-12.383000,325.707000,OK
6,12,adjacent,620,30,32,171,REV,E11,E10,E5,E6,-11.305000,371.313000,OK
6,12,adjacent,620,30,32,172,FWD,E10,E11,E6,E7,-9.418000,326.026000,OK
6,12,adjacent,620,30,32,173,REV,E11,E10,E6,E7,-8.328000,370.675000,OK
6,12,adjacent,620,30,32,174,FWD,E10,E11,E7,E8,1.695000,327.582000,OK
6,12,adjacent,620,30,32,175,REV,E11,E10,E7,E8,3.758000,370.954000,OK
6,12,adjacent,620,30,32,176,FWD,E10,E11,E8,E9,35.750000,327.503000,OK
6,12,adjacent,620,30,32,177,REV,E11,E10,E8,E9,47.664000,371.513000,OK
6,12,adjacent,620,30,32,178,FWD,E10,E11,E12,E1,8.945000,328.301000,OK
6,12,adjacent,620,30,32,179,REV,E11,E10,E12,E1,19.082000,371.353000,OK
6,12,adjacent,620,30,32,180,FWD,E11,E12,E1,E2,13.910000,308.310000,OK
6,12,adjacent,620,30,32,181,REV,E12,E11,E1,E2,19.172000,358.106000,OK
6,12,adjacent,620,30,32,182,FWD,E11,E12,E2,E3,-139.219000,344.700000,OK
6,12,adjacent,620,30,32,183,REV,E12,E11,E2,E3,-136.789000,350.485000,OK
6,12,adjacent,620,30,32,184,FWD,E11,E12,E3,E4,5.961000,348.091000,OK
6,12,adjacent,620,30,32,185,REV,E12,E11,E3,E4,7.973000,349.328000,OK
6,12,adjacent,620,30,32,186,FWD,E11,E12,E4,E5,11.883000,349.488000,OK
6,12,adjacent,620,30,32,187,REV,E12,E11,E4,E5,13.117000,349.607000,OK
6,12,adjacent,620,30,32,188,FWD,E11,E12,E5,E6,-12.379000,349.887000,OK
6,12,adjacent,620,30,32,189,REV,E12,E11,E5,E6,-11.250000,349.049000,OK
6,12,adjacent,620,30,32,190,FWD,E11,E12,E6,E7,-9.277000,350.884000,OK
6,12,adjacent,620,30,32,191,REV,E12,E11,E6,E7,-8.461000,349.847000,OK
6,12,adjacent,620,30,32,192,FWD,E11,E12,E7,E8,0.102000,350.725000,OK
6,12,adjacent,620,30,32,193,REV,E12,E11,E7,E8,1.262000,349.368000,OK
6,12,adjacent,620,30,32,194,FWD,E11,E12,E8,E9,39.871000,351.243000,OK
6,12,adjacent,620,30,32,195,REV,E12,E11,E8,E9,42.449000,349.488000,OK
6,12,adjacent,620,30,32,196,FWD,E11,E12,E9,E10,1.562000,351.882000,OK
6,12,adjacent,620,30,32,197,REV,E12,E11,E9,E10,18.320000,350.006000,OK
6,12,adjacent,620,30,32,198,FWD,E12,E1,E2,E3,-136.945000,309.148000,OK
6,12,adjacent,620,30,32,199,REV,E1,E12,E2,E3,-131.371000,385.757000,OK
6,12,adjacent,620,30,32,200,FWD,E12,E1,E3,E4,5.492000,353.877000,OK
6,12,adjacent,620,30,32,201,REV,E1,E12,E3,E4,9.070000,378.575000,OK
6,12,adjacent,620,30,32,202,FWD,E12,E1,E4,E5,11.410000,357.986000,OK
6,12,adjacent,620,30,32,203,REV,E1,E12,E4,E5,13.254000,377.897000,OK
6,12,adjacent,620,30,32,204,FWD,E12,E1,E5,E6,-12.371000,360.181000,OK
6,12,adjacent,620,30,32,205,REV,E1,E12,E5,E6,-11.020000,377.418000,OK
6,12,adjacent,620,30,32,206,FWD,E12,E1,E6,E7,-9.180000,361.059000,OK
6,12,adjacent,620,30,32,207,REV,E1,E12,E6,E7,-8.449000,378.136000,OK
6,12,adjacent,620,30,32,208,FWD,E12,E1,E7,E8,-0.270000,361.458000,OK
6,12,adjacent,620,30,32,209,REV,E1,E12,E7,E8,0.586000,377.697000,OK
6,12,adjacent,620,30,32,210,FWD,E12,E1,E8,E9,40.973000,362.535000,OK
6,12,adjacent,620,30,32,211,REV,E1,E12,E8,E9,42.262000,378.575000,OK
6,12,adjacent,620,30,32,212,FWD,E12,E1,E9,E10,7.285000,362.775000,OK
6,12,adjacent,620,30,32,213,REV,E1,E12,E9,E10,9.738000,378.455000,OK
6,12,adjacent,620,30,32,214,FWD,E12,E1,E10,E11,50.113000,363.213000,OK
6,12,adjacent,620,30,32,215,REV,E1,E12,E10,E11,60.918000,378.854000,OK
7,13,adjacent,620,30,32,0,FWD,E1,E2,E3,E4,5.445000,227.353000,OK
7,13,adjacent,620,30,32,1,REV,E2,E1,E3,E4,9.719000,264.620000,OK
7,13,adjacent,620,30,32,2,FWD,E1,E2,E4,E5,11.074000,246.664000,OK
7,13,adjacent,620,30,32,3,REV,E2,E1,E4,E5,12.918000,255.083000,OK
7,13,adjacent,620,30,32,4,FWD,E1,E2,E5,E6,-12.340000,247.422000,OK
7,13,adjacent,620,30,32,5,REV,E2,E1,E5,E6,-11.254000,263.023000,OK
7,13,adjacent,620,30,32,6,FWD,E1,E2,E6,E7,-8.867000,249.098000,OK
7,13,adjacent,620,30,32,7,REV,E2,E1,E6,E7,-8.340000,267.971000,OK
7,13,adjacent,620,30,32,8,FWD,E1,E2,E7,E8,-0.328000,250.056000,OK
7,13,adjacent,620,30,32,9,REV,E2,E1,E7,E8,0.109000,272.919000,OK
7,13,adjacent,620,30,32,10,FWD,E1,E2,E8,E9,41.707000,251.133000,OK
7,13,adjacent,620,30,32,11,REV,E2,E1,E8,E9,42.344000,275.951000,OK
7,13,adjacent,620,30,32,12,FWD,E1,E2,E9,E10,7.758000,252.210000,OK
7,13,adjacent,620,30,32,13,REV,E2,E1,E9,E10,8.605000,279.383000,OK
7,13,adjacent,620,30,32,14,FWD,E1,E2,E10,E11,54.090000,253.328000,OK
7,13,adjacent,620,30,32,15,REV,E2,E1,E10,E11,55.980000,282.774000,OK
7,13,adjacent,620,30,32,16,FWD,E1,E2,E11,E12,2.031000,254.285000,OK
7,13,adjacent,620,30,32,17,REV,E2,E1,E11,E12,6.469000,285.128000,OK
7,13,adjacent,620,30,32,18,FWD,E2,E3,E4,E5,10.023000,274.994000,OK
7,13,adjacent,620,30,32,19,REV,E3,E2,E4,E5,13.281000,211.392000,OK
7,13,adjacent,620,30,32,20,FWD,E2,E3,E5,E6,-13.227000,296.739000,OK
7,13,adjacent,620,30,32,21,REV,E3,E2,E5,E6,-11.625000,216.180000,OK
7,13,adjacent,620,30,32,22,FWD,E2,E3,E6,E7,-8.777000,297.298000,OK
7,13,adjacent,620,30,32,23,REV,E3,E2,E6,E7,-8.141000,219.612000,OK
7,13,adjacent,620,30,32,24,FWD,E2,E3,E7,E8,-0.566000,297.019000,OK
7,13,adjacent,620,30,32,25,REV,E3,E2,E7,E8,-0.062000,221.766000,OK
7,13,adjacent,620,30,32,26,FWD,E2,E3,E8,E9,41.957000,298.495000,OK
7,13,adjacent,620,30,32,27,REV,E3,E2,E8,E9,42.430000,223.083000,OK
7,13,adjacent,620,30,32,28,FWD,E2,E3,E9,E10,7.766000,298.934000,OK
7,13,adjacent,620,30,32,29,REV,E3,E2,E9,E10,8.289000,224.160000,OK
7,13,adjacent,620,30,32,30,FWD,E2,E3,E10,E11,54.141000,299.453000,OK
7,13,adjacent,620,30,32,31,REV,E3,E2,E10,E11,55.031000,225.757000,OK
7,13,adjacent,620,30,32,32,FWD,E2,E3,E11,E12,3.219000,300.450000,OK
7,13,adjacent,620,30,32,33,REV,E3,E2,E11,E12,4.793000,226.235000,OK
7,13,adjacent,620,30,32,34,FWD,E2,E3,E12,E1,11.355000,300.290000,OK
7,13,adjacent,620,30,32,35,REV,E3,E2,E12,E1,14.727000,227.353000,OK
7,13,adjacent,620,30,32,36,FWD,E3,E4,E1,E2,174.781000,288.679000,OK
7,13,adjacent,620,30,32,37,REV,E4,E3,E1,E2,165.871000,346.615000,OK
7,13,adjacent,620,30,32,38,FWD,E3,E4,E5,E6,-23.707000,339.951000,OK
7,13,adjacent,620,30,32,39,REV,E4,E3,E5,E6,-3.199000,340.071000,OK
7,13,adjacent,620,30,32,40,FWD,E3,E4,E6,E7,-9.117000,344.181000,OK
7,13,adjacent,620,30,32,41,REV,E4,E3,E6,E7,-7.449000,340.630000,OK
7,13,adjacent,620,30,32,42,FWD,E3,E4,E7,E8,-0.906000,345.577000,OK
7,13,adjacent,620,30,32,43,REV,E4,E3,E7,E8,0.223000,341.627000,OK
7,13,adjacent,620,30,32,44,FWD,E3,E4,E8,E9,42.035000,346.256000,OK
7,13,adjacent,620,30,32,45,REV,E4,E3,E8,E9,42.980000,342.465000,OK
7,13,adjacent,620,30,32,46,FWD,E3,E4,E9,E10,7.574000,347.134000,OK
7,13,adjacent,620,30,32,47,REV,E4,E3,E9,E10,8.367000,342.306000,OK
7,13,adjacent,620,30,32,48,FWD,E3,E4,E10,E11,53.813000,347.253000,OK
7,13,adjacent,620,30,32,49,REV,E4,E3,E10,E11,55.008000,343.383000,OK
7,13,adjacent,620,30,32,50,FWD,E3,E4,E11,E12,3.551000,347.413000,OK
7,13,adjacent,620,30,32,51,REV,E4,E3,E11,E12,5.289000,343.582000,OK
7,13,adjacent,620,30,32,52,FWD,E3,E4,E12,E1,11.926000,348.251000,OK
7,13,adjacent,620,30,32,53,REV,E4,E3,E12,E1,14.871000,344.341000,OK
7,13,adjacent,620,30,32,54,FWD,E4,E5,E1,E2,106.570000,191.322000,OK
7,13,adjacent,620,30,32,55,REV,E5,E4,E1,E2,105.891000,281.817000,OK
7,13,adjacent,620,30,32,56,FWD,E4,E5,E2,E3,-177.773000,259.393000,OK
7,13,adjacent,620,30,32,57,REV,E5,E4,E2,E3,-182.070000,267.133000,OK
7,13,adjacent,620,30,32,58,FWD,E4,E5,E6,E7,-9.219000,263.383000,OK
7,13,adjacent,620,30,32,59,REV,E5,E4,E6,E7,-7.023000,263.542000,OK
7,13,adjacent,620,30,32,60,FWD,E4,E5,E7,E8,-1.078000,264.340000,OK
7,13,adjacent,620,30,32,61,REV,E5,E4,E7,E8,0.035000,262.106000,OK
7,13,adjacent,620,30,32,62,FWD,E4,E5,E8,E9,42.469000,265.138000,OK
7,13,adjacent,620,30,32,63,REV,E5,E4,E8,E9,43.301000,261.627000,OK
7,13,adjacent,620,30,32,64,FWD,E4,E5,E9,E10,7.707000,265.098000,OK
7,13,adjacent,620,30,32,65,REV,E5,E4,E9,E10,8.301000,261.108000,OK
7,13,adjacent,620,30,32,66,FWD,E4,E5,E10,E11,53.809000,265.737000,OK
7,13,adjacent,620,30,32,67,REV,E5,E4,E10,E11,54.441000,260.470000,OK
7,13,adjacent,620,30,32,68,FWD,E4,E5,E11,E12,4.215000,265.258000,OK
7,13,adjacent,620,30,32,69,REV,E5,E4,E11,E12,5.004000,260.111000,OK
7,13,adjacent,620,30,32,70,FWD,E4,E5,E12,E1,12.875000,265.178000,OK
7,13,adjacent,620,30,32,71,REV,E5,E4,E12,E1,14.012000,259.871000,OK
7,13,adjacent,620,30,32,72,FWD,E5,E6,E1,E2,75.902000,138.016000,OK
7,13,adjacent,620,30,32,73,REV,E6,E5,E1,E2,75.336000,254.525000,OK
7,13,adjacent,620,30,32,74,FWD,E5,E6,E2,E3,-187.738000,222.604000,OK
7,13,adjacent,620,30,32,75,REV,E6,E5,E2,E3,-185.707000,246.106000,OK
7,13,adjacent,620,30,32,76,FWD,E5,E6,E3,E4,2.340000,232.220000,OK
7,13,adjacent,620,30,32,77,REV,E6,E5,E3,E4,10.938000,245.028000,OK
7,13,adjacent,620,30,32,78,FWD,E5,E6,E7,E8,-1.711000,235.851000,OK
7,13,adjacent,620,30,32,79,REV,E6,E5,E7,E8,0.988000,245.587000,OK
7,13,adjacent,620,30,32,80,FWD,E5,E6,E8,E9,42.523000,237.607000,OK
7,13,adjacent,620,30,32,81,REV,E6,E5,E8,E9,43.715000,245.108000,OK
7,13,adjacent,620,30,32,82,FWD,E5,E6,E9,E10,7.707000,239.003000,OK
7,13,adjacent,620,30,32,83,REV,E6,E5,E9,E10,8.496000,246.225000,OK
7,13,adjacent,620,30,32,84,FWD,E5,E6,E10,E11,53.582000,238.684000,OK
7,13,adjacent,620,30,32,85,REV,E6,E5,E10,E11,54.203000,245.348000,OK
7,13,adjacent,620,30,32,86,FWD,E5,E6,E11,E12,4.512000,239.921000,OK
7,13,adjacent,620,30,32,87,REV,E6,E5,E11,E12,5.125000,245.308000,OK
7,13,adjacent,620,30,32,88,FWD,E5,E6,E12,E1,13.195000,239.921000,OK
7,13,adjacent,620,30,32,89,REV,E6,E5,E12,E1,13.836000,246.066000,OK
7,13,adjacent,620,30,32,90,FWD,E6,E7,E1,E2,57.281000,256.839000,OK
7,13,adjacent,620,30,32,91,REV,E7,E6,E1,E2,56.965000,352.680000,OK
7,13,adjacent,620,30,32,92,FWD,E6,E7,E2,E3,-174.387000,325.348000,OK
7,13,adjacent,620,30,32,93,REV,E7,E6,E2,E3,-173.090000,340.829000,OK
7,13,adjacent,620,30,32,94,FWD,E6,E7,E3,E4,4.105000,332.331000,OK
7,13,adjacent,620,30,32,95,REV,E7,E6,E3,E4,5.684000,339.552000,OK
7,13,adjacent,620,30,32,96,FWD,E6,E7,E4,E5,42.098000,335.602000,OK
7,13,adjacent,620,30,32,97,REV,E7,E6,E4,E5,41.168000,339.153000,OK
7,13,adjacent,620,30,32,98,FWD,E6,E7,E8,E9,41.488000,336.919000,OK
7,13,adjacent,620,30,32,99,REV,E7,E6,E8,E9,44.852000,339.233000,OK
7,13,adjacent,620,30,32,100,FWD,E6,E7,E9,E10,7.332000,337.797000,OK
7,13,adjacent,620,30,32,101,REV,E7,E6,E9,E10,8.777000,339.433000,OK
7,13,adjacent,620,30,32,102,FWD,E6,E7,E10,E11,53.258000,338.794000,OK
7,13,adjacent,620,30,32,103,REV,E7,E6,E10,E11,54.188000,339.832000,OK
7,13,adjacent,620,30,32,104,FWD,E6,E7,E11,E12,4.578000,338.715000,OK
7,13,adjacent,620,30,32,105,REV,E7,E6,E11,E12,5.258000,339.712000,OK
7,13,adjacent,620,30,32,106,FWD,E6,E7,E12,E1,13.215000,339.233000,OK
7,13,adjacent,620,30,32,107,REV,E7,E6,E12,E1,13.852000,340.271000,OK
7,13,adjacent,620,30,32,108,FWD,E7,E8,E1,E2,45.023000,239.163000,OK
7,13,adjacent,620,30,32,109,REV,E8,E7,E1,E2,44.848000,357.109000,OK
7,13,adjacent,620,30,32,110,FWD,E7,E8,E2,E3,-164.141000,315.293000,OK
7,13,adjacent,620,30,32,111,REV,E8,E7,E2,E3,-163.078000,341.627000,OK
7,13,adjacent,620,30,32,112,FWD,E7,E8,E3,E4,4.801000,324.071000,OK
7,13,adjacent,620,30,32,113,REV,E8,E7,E3,E4,5.918000,339.153000,OK
7,13,adjacent,620,30,32,114,FWD,E7,E8,E4,E5,18.258000,326.585000,OK
7,13,adjacent,620,30,32,115,REV,E8,E7,E4,E5,19.395000,337.518000,OK
7,13,adjacent,620,30,32,116,FWD,E7,E8,E5,E6,-2.395000,328.500000,OK
7,13,adjacent,620,30,32,117,REV,E8,E7,E5,E6,0.328000,336.799000,OK
7,13,adjacent,620,30,32,118,FWD,E7,E8,E9,E10,6.297000,329.657000,OK
7,13,adjacent,620,30,32,119,REV,E8,E7,E9,E10,9.926000,336.959000,OK
7,13,adjacent,620,30,32,120,FWD,E7,E8,E10,E11,52.566000,330.216000,OK
7,13,adjacent,620,30,32,121,REV,E8,E7,E10,E11,54.504000,335.922000,OK
7,13,adjacent,620,30,32,122,FWD,E7,E8,E11,E12,4.469000,330.974000,OK
7,13,adjacent,620,30,32,123,REV,E8,E7,E11,E12,5.520000,336.879000,OK
7,13,adjacent,620,30,32,124,FWD,E7,E8,E12,E1,13.270000,330.854000,OK
7,13,adjacent,620,30,32,125,REV,E8,E7,E12,E1,13.895000,336.520000,OK
7,13,adjacent,620,30,32,126,FWD,E8,E9,E1,E2,35.434000,205.607000,OK
7,13,adjacent,620,30,32,127,REV,E9,E8,E1,E2,35.434000,326.186000,OK
7,13,adjacent,620,30,32,128,FWD,E8,E9,E2,E3,-155.500000,288.161000,OK
7,13,adjacent,620,30,32,129,REV,E9,E8,E2,E3,-154.707000,312.460000,OK
7,13,adjacent,620,30,32,130,FWD,E8,E9,E3,E4,5.488000,296.500000,OK
7,13,adjacent,620,30,32,131,REV,E9,E8,E3,E4,6.289000,310.425000,OK
7,13,adjacent,620,30,32,132,FWD,E8,E9,E4,E5,14.348000,299.732000,OK
7,13,adjacent,620,30,32,133,REV,E9,E8,E4,E5,15.180000,310.744000,OK
7,13,adjacent,620,30,32,134,FWD,E8,E9,E5,E6,-9.449000,301.328000,OK
7,13,adjacent,620,30,32,135,REV,E9,E8,E5,E6,-7.848000,310.186000,OK
7,13,adjacent,620,30,32,136,FWD,E8,E9,E6,E7,-6.297000,302.325000,OK
7,13,adjacent,620,30,32,137,REV,E9,E8,E6,E7,-4.148000,309.468000,OK
7,13,adjacent,620,30,32,138,FWD,E8,E9,E10,E11,48.090000,303.323000,OK
7,13,adjacent,620,30,32,139,REV,E9,E8,E10,E11,58.844000,310.186000,OK
7,13,adjacent,620,30,32,140,FWD,E8,E9,E11,E12,4.125000,303.802000,OK
7,13,adjacent,620,30,32,141,REV,E9,E8,E11,E12,6.102000,309.468000,OK
7,13,adjacent,620,30,32,142,FWD,E8,E9,E12,E1,13.125000,303.961000,OK
7,13,adjacent,620,30,32,143,REV,E9,E8,E12,E1,14.094000,310.066000,OK
7,13,adjacent,620,30,32,144,FWD,E9,E10,E1,E2,27.395000,244.709000,OK
7,13,adjacent,620,30,32,145,REV,E10,E9,E1,E2,27.762000,354.276000,OK
7,13,adjacent,620,30,32,146,FWD,E9,E10,E2,E3,-148.383000,319.323000,OK
7,13,adjacent,620,30,32,147,REV,E10,E9,E2,E3,-147.395000,339.872000,OK
7,13,adjacent,620,30,32,148,FWD,E9,E10,E3,E4,5.859000,327.303000,OK
7,13,adjacent,620,30,32,149,REV,E10,E9,E3,E4,6.703000,339.193000,OK
7,13,adjacent,620,30,32,150,FWD,E9,E10,E4,E5,12.984000,329.976000,OK
7,13,adjacent,620,30,32,151,REV,E10,E9,E4,E5,13.793000,337.837000,OK
7,13,adjacent,620,30,32,152,FWD,E9,E10,E5,E6,-10.754000,331.852000,OK
7,13,adjacent,620,30,32,153,REV,E10,E9,E5,E6,-9.699000,338.635000,OK
7,13,adjacent,620,30,32,154,FWD,E9,E10,E6,E7,-10.262000,332.809000,OK
7,13,adjacent,620,30,32,155,REV,E10,E9,E6,E7,-8.883000,337.917000,OK
7,13,adjacent,620,30,32,156,FWD,E9,E10,E7,E8,10.809000,333.687000,OK
7,13,adjacent,620,30,32,157,REV,E10,E9,E7,E8,13.359000,338.874000,OK
7,13,adjacent,620,30,32,158,FWD,E9,E10,E11,E12,-1.234000,333.567000,OK
7,13,adjacent,620,30,32,159,REV,E10,E9,E11,E12,11.828000,338.874000,OK
7,13,adjacent,620,30,32,160,FWD,E9,E10,E12,E1,12.664000,334.605000,OK
7,13,adjacent,620,30,32,161,REV,E10,E9,E12,E1,14.547000,338.834000,OK
7,13,adjacent,620,30,32,162,FWD,E10,E11,E1,E2,20.344000,251.652000,OK
7,13,adjacent,620,30,32,163,REV,E11,E10,E1,E2,22.191000,387.433000,OK
7,13,adjacent,620,30,32,164,FWD,E10,E11,E2,E3,-142.668000,314.854000,OK
7,13,adjacent,620,30,32,165,REV,E11,E10,E2,E3,-141.258000,373.428000,OK
7,13,adjacent,620,30,32,166,FWD,E10,E11,E3,E4,6.055000,322.036000,OK
7,13,adjacent,620,30,32,167,REV,E11,E10,E3,E4,7.367000,371.832000,OK
7,13,adjacent,620,30,32,168,FWD,E10,E11,E4,E5,12.398000,323.991000,OK
7,13,adjacent,620,30,32,169,REV,E11,E10,E4,E5,13.445000,370.715000,OK
7,13,adjacent,620,30,32,170,FWD,E10,E11,E5,E6,-11.480000,325.867000,OK
7,13,adjacent,620,30,32,171,REV,E11,E10,E5,E6,-10.375000,370.755000,OK
7,13,adjacent,620,30,32,172,FWD,E10,E11,E6,E7,-10.156000,326.625000,OK
7,13,adjacent,620,30,32,173,REV,E11,E10,E6,E7,-9.082000,371.233000,OK
7,13,adjacent,620,30,32,174,FWD,E10,E11,E7,E8,2.105000,327.542000,OK
7,13,adjacent,620,30,32,175,REV,E11,E10,E7,E8,4.129000,370.715000,OK
7,13,adjacent,620,30,32,176,FWD,E10,E11,E8,E9,35.621000,327.542000,OK
7,13,adjacent,620,30,32,177,REV,E11,E10,E8,E9,47.539000,371.393000,OK
7,13,adjacent,620,30,32,178,FWD,E10,E11,E12,E1,8.906000,328.301000,OK
7,13,adjacent,620,30,32,179,REV,E11,E10,E12,E1,19.043000,371.194000,OK
7,13,adjacent,620,30,32,180,FWD,E11,E12,E1,E2,13.223000,308.191000,OK
7,13,adjacent,620,30,32,181,REV,E12,E11,E1,E2,18.492000,357.468000,OK
7,13,adjacent,620,30,32,182,FWD,E11,E12,E2,E3,-138.324000,344.221000,OK
7,13,adjacent,620,30,32,183,REV,E12,E11,E2,E3,-135.875000,351.004000,OK
7,13,adjacent,620,30,32,184,FWD,E11,E12,E3,E4,6.023000,348.331000,OK
7,13,adjacent,620,30,32,185,REV,E12,E11,E3,E4,8.055000,349.368000,OK
7,13,adjacent,620,30,32,186,FWD,E11,E12,E4,E5,12.699000,348.969000,OK
7,13,adjacent,620,30,32,187,REV,E12,E11,E4,E5,13.961000,349.089000,OK
7,13,adjacent,620,30,32,188,FWD,E11,E12,E5,E6,-12.684000,349.528000,OK
7,13,adjacent,620,30,32,189,REV,E12,E11,E5,E6,-11.621000,349.448000,OK
7,13,adjacent,620,30,32,190,FWD,E11,E12,E6,E7,-9.793000,350.605000,OK
7,13,adjacent,620,30,32,191,REV,E12,E11,E6,E7,-8.973000,349.687000,OK
7,13,adjacent,620,30,32,192,FWD,E11,E12,E7,E8,0.371000,350.645000,OK
7,13,adjacent,620,30,32,193,REV,E12,E11,E7,E8,1.531000,349.248000,OK
7,13,adjacent,620,30,32,194,FWD,E11,E12,E8,E9,39.852000,350.764000,OK
7,13,adjacent,620,30,32,195,REV,E12,E11,E8,E9,42.453000,349.248000,OK
7,13,adjacent,620,30,32,196,FWD,E11,E12,E9,E10,1.449000,350.924000,OK
7,13,adjacent,620,30,32,197,REV,E12,E11,E9,E10,18.215000,349.887000,OK
7,13,adjacent,620,30,32,198,FWD,E12,E1,E2,E3,-136.102000,308.949000,OK
7,13,adjacent,620,30,32,199,REV,E1,E12,E2,E3,-130.418000,385.199000,OK
7,13,adjacent,620,30,32,200,FWD,E12,E1,E3,E4,5.535000,353.518000,OK
7,13,adjacent,620,30,32,201,REV,E1,E12,E3,E4,9.109000,378.814000,OK
7,13,adjacent,620,30,32,202,FWD,E12,E1,E4,E5,12.422000,357.548000,OK
7,13,adjacent,620,30,32,203,REV,E1,E12,E4,E5,14.234000,377.777000,OK
7,13,adjacent,620,30,32,204,FWD,E12,E1,E5,E6,-13.211000,360.261000,OK
7,13,adjacent,620,30,32,205,REV,E1,E12,E5,E6,-11.941000,377.817000,OK
7,13,adjacent,620,30,32,206,FWD,E12,E1,E6,E7,-9.488000,360.819000,OK
7,13,adjacent,620,30,32,207,REV,E1,E12,E6,E7,-8.770000,377.897000,OK
7,13,adjacent,620,30,32,208,FWD,E12,E1,E7,E8,-0.066000,361.857000,OK
7,13,adjacent,620,30,32,209,REV,E1,E12,E7,E8,0.750000,378.056000,OK
7,13,adjacent,620,30,32,210,FWD,E12,E1,E8,E9,41.066000,362.296000,OK
7,13,adjacent,620,30,32,211,REV,E1,E12,E8,E9,42.375000,378.455000,OK
7,13,adjacent,620,30,32,212,FWD,E12,E1,E9,E10,7.203000,362.296000,OK
7,13,adjacent,620,30,32,213,REV,E1,E12,E9,E10,9.641000,378.455000,OK
7,13,adjacent,620,30,32,214,FWD,E12,E1,E10,E11,49.785000,363.094000,OK
7,13,adjacent,620,30,32,215,REV,E1,E12,E10,E11,60.598000,379.014000,OK
8,14,adjacent,620,30,32,0,FWD,E1,E2,E3,E4,5.398000,227.113000,OK
8,14,adjacent,620,30,32,1,REV,E2,E1,E3,E4,9.664000,263.383000,OK
8,14,adjacent,620,30,32,2,FWD,E1,E2,E4,E5,12.371000,246.385000,OK
8,14,adjacent,620,30,32,3,REV,E2,E1,E4,E5,14.121000,253.328000,OK
8,14,adjacent,620,30,32,4,FWD,E1,E2,E5,E6,-13.281000,246.904000,OK
8,14,adjacent,620,30,32,5,REV,E2,E1,E5,E6,-12.305000,258.714000,OK
8,14,adjacent,620,30,32,6,FWD,E1,E2,E6,E7,-9.180000,248.500000,OK
8,14,adjacent,620,30,32,7,REV,E2,E1,E6,E7,-8.668000,264.221000,OK
8,14,adjacent,620,30,32,8,FWD,E1,E2,E7,E8,-0.109000,249.338000,OK
8,14,adjacent,620,30,32,9,REV,E2,E1,E7,E8,0.324000,269.208000,OK
8,14,adjacent,620,30,32,10,FWD,E1,E2,E8,E9,41.840000,250.894000,OK
8,14,adjacent,620,30,32,11,REV,E2,E1,E8,E9,42.512000,273.517000,OK
8,14,adjacent,620,30,32,12,FWD,E1,E2,E9,E10,7.578000,252.011000,OK
8,14,adjacent,620,30,32,13,REV,E2,E1,E9,E10,8.375000,278.066000,OK
8,14,adjacent,620,30,32,14,FWD,E1,E2,E10,E11,53.832000,253.008000,OK
8,14,adjacent,620,30,32,15,REV,E2,E1,E10,E11,55.730000,280.899000,OK
8,14,adjacent,620,30,32,16,FWD,E1,E2,E11,E12,2.016000,254.086000,OK
8,14,adjacent,620,30,32,17,REV,E2,E1,E11,E12,6.461000,282.535000,OK
8,14,adjacent,620,30,32,18,FWD,E2,E3,E4,E5,11.082000,273.238000,OK
8,14,adjacent,620,30,32,19,REV,E3,E2,E4,E5,14.285000,211.193000,OK
8,14,adjacent,620,30,32,20,FWD,E2,E3,E5,E6,-13.984000,295.742000,OK
8,14,adjacent,620,30,32,21,REV,E3,E2,E5,E6,-12.445000,215.901000,OK
8,14,adjacent,620,30,32,22,FWD,E2,E3,E6,E7,-9.137000,295.822000,OK
8,14,adjacent,620,30,32,23,REV,E3,E2,E6,E7,-8.516000,219.133000,OK
8,14,adjacent,620,30,32,24,FWD,E2,E3,E7,E8,-0.371000,296.061000,OK
8,14,adjacent,620,30,32,25,REV,E3,E2,E7,E8,0.121000,221.048000,OK
8,14,adjacent,620,30,32,26,FWD,E2,E3,E8,E9,42.355000,296.819000,OK
8,14,adjacent,620,30,32,27,REV,E3,E2,E8,E9,42.809000,222.963000,OK
8,14,adjacent,620,30,32,28,FWD,E2,E3,E9,E10,7.391000,297.378000,OK
8,14,adjacent,620,30,32,29,REV,E3,E2,E9,E10,7.891000,224.041000,OK
8,14,adjacent,620,30,32,30,FWD,E2,E3,E10,E11,53.941000,298.056000,OK
8,14,adjacent,620,30,32,31,REV,E3,E2,E10,E11,54.840000,224.919000,OK
8,14,adjacent,620,30,32,32,FWD,E2,E3,E11,E12,3.320000,298.615000,OK
8,14,adjacent,620,30,32,33,REV,E3,E2,E11,E12,4.895000,226.355000,OK
8,14,adjacent,620,30,32,34,FWD,E2,E3,E12,E1,11.180000,298.734000,OK
8,14,adjacent,620,30,32,35,REV,E3,E2,E12,E1,14.512000,226.475000,OK
8,14,adjacent,620,30,32,36,FWD,E3,E4,E1,E2,175.137000,288.041000,OK
8,14,adjacent,620,30,32,37,REV,E4,E3,E1,E2,166.340000,346.974000,OK
8,14,adjacent,620,30,32,38,FWD,E3,E4,E5,E6,-24.496000,340.231000,OK
8,14,adjacent,620,30,32,39,REV,E4,E3,E5,E6,-3.996000,340.151000,OK
8,14,adjacent,620,30,32,40,FWD,E3,E4,E6,E7,-9.445000,344.301000,OK
8,14,adjacent,620,30,32,41,REV,E4,E3,E6,E7,-7.730000,340.909000,OK
8,14,adjacent,620,30,32,42,FWD,E3,E4,E7,E8,-0.668000,345.458000,OK
8,14,adjacent,620,30,32,43,REV,E4,E3,E7,E8,0.441000,341.867000,OK
8,14,adjacent,620,30,32,44,FWD,E3,E4,E8,E9,42.344000,346.495000,OK
8,14,adjacent,620,30,32,45,REV,E4,E3,E8,E9,43.289000,342.545000,OK
8,14,adjacent,620,30,32,46,FWD,E3,E4,E9,E10,7.266000,347.333000,OK
8,14,adjacent,620,30,32,47,REV,E4,E3,E9,E10,8.121000,343.024000,OK
8,14,adjacent,620,30,32,48,FWD,E3,E4,E10,E11,53.617000,346.934000,OK
8,14,adjacent,620,30,32,49,REV,E4,E3,E10,E11,54.828000,342.824000,OK
8,14,adjacent,620,30,32,50,FWD,E3,E4,E11,E12,3.621000,348.131000,OK
8,14,adjacent,620,30,32,51,REV,E4,E3,E11,E12,5.363000,344.301000,OK
8,14,adjacent,620,30,32,52,FWD,E3,E4,E12,E1,11.766000,347.732000,OK
8,14,adjacent,620,30,32,53,REV,E4,E3,E12,E1,14.715000,344.221000,OK
8,14,adjacent,620,30,32,54,FWD,E4,E5,E1,E2,106.953000,191.801000,OK
8,14,adjacent,620,30,32,55,REV,E5,E4,E1,E2,106.238000,282.136000,OK
8,14,adjacent,620,30,32,56,FWD,E4,E5,E2,E3,-177.789000,259.353000,OK
8,14,adjacent,620,30,32,57,REV,E5,E4,E2,E3,-182.098000,267.732000,OK
8,14,adjacent,620,30,32,58,FWD,E4,E5,E6,E7,-9.512000,263.582000,OK
8,14,adjacent,620,30,32,59,REV,E5,E4,E6,E7,-7.328000,263.502000,OK
8,14,adjacent,620,30,32,60,FWD,E4,E5,E7,E8,-0.805000,264.500000,OK
8,14,adjacent,620,30,32,61,REV,E5,E4,E7,E8,0.340000,262.704000,OK
8,14,adjacent,620,30,32,62,FWD,E4,E5,E8,E9,42.660000,264.979000,OK
8,14,adjacent,620,30,32,63,REV,E5,E4,E8,E9,43.516000,261.707000,OK
8,14,adjacent,620,30,32,64,FWD,E4,E5,E9,E10,7.316000,265.697000,OK
8,14,adjacent,620,30,32,65,REV,E5,E4,E9,E10,7.902000,260.669000,OK
8,14,adjacent,620,30,32,66,FWD,E4,E5,E10,E11,53.660000,264.580000,OK
8,14,adjacent,620,30,32,67,REV,E5,E4,E10,E11,54.297000,260.749000,OK
8,14,adjacent,620,30,32,68,FWD,E4,E5,E11,E12,4.320000,266.136000,OK
8,14,adjacent,620,30,32,69,REV,E5,E4,E11,E12,5.086000,260.470000,OK
8,14,adjacent,620,30,32,70,FWD,E4,E5,E12,E1,12.715000,265.218000,OK
8,14,adjacent,620,30,32,71,REV,E5,E4,E12,E1,13.832000,260.191000,OK
8,14,adjacent,620,30,32,72,FWD,E5,E6,E1,E2,75.977000,138.095000,OK
8,14,adjacent,620,30,32,73,REV,E6,E5,E1,E2,75.430000,254.764000,OK
8,14,adjacent,620,30,32,74,FWD,E5,E6,E2,E3,-187.469000,223.682000,OK
8,14,adjacent,620,30,32,75,REV,E6,E5,E2,E3,-185.418000,246.385000,OK
8,14,adjacent,620,30,32,76,FWD,E5,E6,E3,E4,2.363000,232.420000,OK
8,14,adjacent,620,30,32,77,REV,E6,E5,E3,E4,10.820000,245.866000,OK
8,14,adjacent,620,30,32,78,FWD,E5,E6,E7,E8,-1.437000,235.771000,OK
8,14,adjacent,620,30,32,79,REV,E6,E5,E7,E8,1.250000,245.547000,OK
8,14,adjacent,620,30,32,80,FWD,E5,E6,E8,E9,42.730000,237.886000,OK
8,14,adjacent,620,30,32,81,REV,E6,E5,E8,E9,43.930000,245.627000,OK
8,14,adjacent,620,30,32,82,FWD,E5,E6,E9,E10,7.219000,238.325000,OK
8,14,adjacent,620,30,32,83,REV,E6,E5,E9,E10,7.973000,245.427000,OK
8,14,adjacent,620,30,32,84,FWD,E5,E6,E10,E11,53.473000,239.323000,OK
8,14,adjacent,620,30,32,85,REV,E6,E5,E10,E11,54.113000,245.507000,OK
8,14,adjacent,620,30,32,86,FWD,E5,E6,E11,E12,4.625000,240.280000,OK
8,14,adjacent,620,30,32,87,REV,E6,E5,E11,E12,5.242000,245.747000,OK
8,14,adjacent,620,30,32,88,FWD,E5,E6,E12,E1,13.027000,240.360000,OK
8,14,adjacent,620,30,32,89,REV,E6,E5,E12,E1,13.652000,245.747000,OK
8,14,adjacent,620,30,32,90,FWD,E6,E7,E1,E2,57.273000,257.358000,OK
8,14,adjacent,620,30,32,91,REV,E7,E6,E1,E2,56.930000,353.358000,OK
8,14,adjacent,620,30,32,92,FWD,E6,E7,E2,E3,-173.984000,325.228000,OK
8,14,adjacent,620,30,32,93,REV,E7,E6,E2,E3,-172.707000,340.590000,OK
8,14,adjacent,620,30,32,94,FWD,E6,E7,E3,E4,4.059000,332.849000,OK
8,14,adjacent,620,30,32,95,REV,E7,E6,E3,E4,5.617000,339.433000,OK
8,14,adjacent,620,30,32,96,FWD,E6,E7,E4,E5,42.395000,335.403000,OK
8,14,adjacent,620,30,32,97,REV,E7,E6,E4,E5,41.512000,339.433000,OK
8,14,adjacent,620,30,32,98,FWD,E6,E7,E8,E9,41.738000,337.557000,OK
8,14,adjacent,620,30,32,99,REV,E7,E6,E8,E9,45.094000,339.393000,OK
8,14,adjacent,620,30,32,100,FWD,E6,E7,E9,E10,6.891000,337.278000,OK
8,14,adjacent,620,30,32,101,REV,E7,E6,E9,E10,8.332000,339.473000,OK
8,14,adjacent,620,30,32,102,FWD,E6,E7,E10,E11,53.059000,338.834000,OK
8,14,adjacent,620,30,32,103,REV,E7,E6,E10,E11,54.008000,340.111000,OK
8,14,adjacent,620,30,32,104,FWD,E6,E7,E11,E12,4.594000,339.114000,OK
8,14,adjacent,620,30,32,105,REV,E7,E6,E11,E12,5.285000,340.071000,OK
8,14,adjacent,620,30,32,106,FWD,E6,E7,E12,E1,13.105000,338.994000,OK
8,14,adjacent,620,30,32,107,REV,E7,E6,E12,E1,13.746000,339.632000,OK
8,14,adjacent,620,30,32,108,FWD,E7,E8,E1,E2,44.859000,239.123000,OK
8,14,adjacent,620,30,32,109,REV,E8,E7,E1,E2,44.652000,357.627000,OK
8,14,adjacent,620,30,32,110,FWD,E7,E8,E2,E3,-163.594000,315.413000,OK
8,14,adjacent,620,30,32,111,REV,E8,E7,E2,E3,-162.504000,341.707000,OK
8,14,adjacent,620,30,32,112,FWD,E7,E8,E3,E4,5.453000,324.231000,OK
8,14,adjacent,620,30,32,113,REV,E8,E7,E3,E4,6.527000,338.954000,OK
8,14,adjacent,620,30,32,114,FWD,E7,E8,E4,E5,18.199000,326.904000,OK
8,14,adjacent,620,30,32,115,REV,E8,E7,E4,E5,19.473000,338.036000,OK
8,14,adjacent,620,30,32,116,FWD,E7,E8,E5,E6,-3.480000,328.500000,OK
8,14,adjacent,620,30,32,117,REV,E8,E7,E5,E6,-0.789000,336.879000,OK
8,14,adjacent,620,30,32,118,FWD,E7,E8,E9,E10,5.859000,329.657000,OK
8,14,adjacent,620,30,32,119,REV,E8,E7,E9,E10,9.430000,336.799000,OK
8,14,adjacent,620,30,32,120,FWD,E7,E8,E10,E11,52.316000,329.737000,OK
8,14,adjacent,620,30,32,121,REV,E8,E7,E10,E11,54.277000,336.959000,OK
8,14,adjacent,620,30,32,122,FWD,E7,E8,E11,E12,4.500000,330.814000,OK
8,14,adjacent,620,30,32,123,REV,E8,E7,E11,E12,5.566000,336.759000,OK
8,14,adjacent,620,30,32,124,FWD,E7,E8,E12,E1,13.172000,331.253000,OK
8,14,adjacent,620,30,32,125,REV,E8,E7,E12,E1,13.781000,337.079000,OK
8,14,adjacent,620,30,32,126,FWD,E8,E9,E1,E2,35.199000,206.086000,OK
8,14,adjacent,620,30,32,127,REV,E9,E8,E1,E2,35.160000,326.026000,OK
8,14,adjacent,620,30,32,128,FWD,E8,E9,E2,E3,-154.891000,288.400000,OK
8,14,adjacent,620,30,32,129,REV,E9,E8,E2,E3,-154.074000,312.779000,OK
8,14,adjacent,620,30,32,130,FWD,E8,E9,E3,E4,5.965000,297.218000,OK
8,14,adjacent,620,30,32,131,REV,E9,E8,E3,E4,6.789000,310.784000,OK
8,14,adjacent,620,30,32,132,FWD,E8,E9,E4,E5,14.828000,300.650000,OK
8,14,adjacent,620,30,32,133,REV,E9,E8,E4,E5,15.641000,310.226000,OK
8,14,adjacent,620,30,32,134,FWD,E8,E9,E5,E6,-11.078000,301.687000,OK
8,14,adjacent,620,30,32,135,REV,E9,E8,E5,E6,-9.523000,309.867000,OK
8,14,adjacent,620,30,32,136,FWD,E8,E9,E6,E7,-6.062000,302.964000,OK
8,14,adjacent,620,30,32,137,REV,E9,E8,E6,E7,-3.867000,309.827000,OK
8,14,adjacent,620,30,32,138,FWD,E8,E9,E10,E11,47.828000,304.041000,OK
8,14,adjacent,620,30,32,139,REV,E9,E8,E10,E11,58.605000,309.986000,OK
8,14,adjacent,620,30,32,140,FWD,E8,E9,E11,E12,4.254000,304.560000,OK
8,14,adjacent,620,30,32,141,REV,E9,E8,E11,E12,6.219000,309.867000,OK
8,14,adjacent,620,30,32,142,FWD,E8,E9,E12,E1,13.000000,304.799000,OK
8,14,adjacent,620,30,32,143,REV,E9,E8,E12,E1,13.949000,310.266000,OK
8,14,adjacent,620,30,32,144,FWD,E9,E10,E1,E2,27.148000,244.909000,OK
8,14,adjacent,620,30,32,145,REV,E10,E9,E1,E2,27.488000,354.475000,OK
8,14,adjacent,620,30,32,146,FWD,E9,E10,E2,E3,-147.805000,319.443000,OK
8,14,adjacent,620,30,32,147,REV,E10,E9,E2,E3,-146.820000,340.350000,OK
8,14,adjacent,620,30,32,148,FWD,E9,E10,E3,E4,6.359000,326.585000,OK
8,14,adjacent,620,30,32,149,REV,E10,E9,E3,E4,7.180000,338.914000,OK
8,14,adjacent,620,30,32,150,FWD,E9,E10,E4,E5,13.844000,330.296000,OK
8,14,adjacent,620,30,32,151,REV,E10,E9,E4,E5,14.633000,338.475000,OK
8,14,adjacent,620,30,32,152,FWD,E9,E10,E5,E6,-12.703000,331.812000,OK
8,14,adjacent,620,30,32,153,REV,E10,E9,E5,E6,-11.613000,338.715000,OK
8,14,adjacent,620,30,32,154,FWD,E9,E10,E6,E7,-9.711000,332.370000,OK
8,14,adjacent,620,30,32,155,REV,E10,E9,E6,E7,-8.340000,338.276000,OK
8,14,adjacent,620,30,32,156,FWD,E9,E10,E7,E8,11.668000,333.248000,OK
8,14,adjacent,620,30,32,157,REV,E10,E9,E7,E8,14.227000,339.193000,OK
8,14,adjacent,620,30,32,158,FWD,E9,E10,E11,E12,-1.164000,334.006000,OK
8,14,adjacent,620,30,32,159,REV,E10,E9,E11,E12,11.938000,339.074000,OK
8,14,adjacent,620,30,32,160,FWD,E9,E10,E12,E1,12.555000,334.326000,OK
8,14,adjacent,620,30,32,161,REV,E10,E9,E12,E1,14.477000,339.074000,OK
8,14,adjacent,620,30,32,162,FWD,E10,E11,E1,E2,20.176000,252.210000,OK
8,14,adjacent,620,30,32,163,REV,E11,E10,E1,E2,22.012000,387.313000,OK
8,14,adjacent,620,30,32,164,FWD,E10,E11,E2,E3,-142.102000,314.695000,OK
8,14,adjacent,620,30,32,165,REV,E11,E10,E2,E3,-140.605000,373.149000,OK
8,14,adjacent,620,30,32,166,FWD,E10,E11,E3,E4,6.391000,322.076000,OK
8,14,adjacent,620,30,32,167,REV,E11,E10,E3,E4,7.719000,372.191000,OK
8,14,adjacent,620,30,32,168,FWD,E10,E11,E4,E5,13.324000,324.071000,OK
8,14,adjacent,620,30,32,169,REV,E11,E10,E4,E5,14.258000,371.194000,OK
8,14,adjacent,620,30,32,170,FWD,E10,E11,E5,E6,-13.406000,326.066000,OK
8,14,adjacent,620,30,32,171,REV,E11,E10,E5,E6,-12.344000,370.595000,OK
8,14,adjacent,620,30,32,172,FWD,E10,E11,E6,E7,-9.637000,326.026000,OK
8,14,adjacent,620,30,32,173,REV,E11,E10,E6,E7,-8.555000,370.794000,OK
8,14,adjacent,620,30,32,174,FWD,E10,E11,E7,E8,2.906000,327.343000,OK
8,14,adjacent,620,30,32,175,REV,E11,E10,E7,E8,4.996000,370.755000,OK
8,14,adjacent,620,30,32,176,FWD,E10,E11,E8,E9,35.266000,327.902000,OK
8,14,adjacent,620,30,32,177,REV,E11,E10,E8,E9,47.199000,371.114000,OK
8,14,adjacent,620,30,32,178,FWD,E10,E11,E12,E1,8.820000,327.902000,OK
8,14,adjacent,620,30,32,179,REV,E11,E10,E12,E1,18.973000,370.675000,OK
8,14,adjacent,620,30,32,180,FWD,E11,E12,E1,E2,13.027000,308.271000,OK
8,14,adjacent,620,30,32,181,REV,E12,E11,E1,E2,18.230000,357.907000,OK
8,14,adjacent,620,30,32,182,FWD,E11,E12,E2,E3,-137.672000,344.700000,OK
8,14,adjacent,620,30,32,183,REV,E12,E11,E2,E3,-135.242000,350.365000,OK
8,14,adjacent,620,30,32,184,FWD,E11,E12,E3,E4,6.238000,347.732000,OK
8,14,adjacent,620,30,32,185,REV,E12,E11,E3,E4,8.262000,349.328000,OK
8,14,adjacent,620,30,32,186,FWD,E11,E12,E4,E5,12.930000,349.009000,OK
8,14,adjacent,620,30,32,187,REV,E12,E11,E4,E5,14.180000,349.328000,OK
8,14,adjacent,620,30,32,188,FWD,E11,E12,E5,E6,-14.000000,349.607000,OK
8,14,adjacent,620,30,32,189,REV,E12,E11,E5,E6,-13.000000,348.889000,OK
8,14,adjacent,620,30,32,190,FWD,E11,E12,E6,E7,-9.250000,350.206000,OK
8,14,adjacent,620,30,32,191,REV,E12,E11,E6,E7,-8.410000,349.049000,OK
8,14,adjacent,620,30,32,192,FWD,E11,E12,E7,E8,1.250000,350.405000,OK
8,14,adjacent,620,30,32,193,REV,E12,E11,E7,E8,2.477000,349.448000,OK
8,14,adjacent,620,30,32,194,FWD,E11,E12,E8,E9,39.512000,351.203000,OK
8,14,adjacent,620,30,32,195,REV,E12,E11,E8,E9,42.074000,349.847000,OK
8,14,adjacent,620,30,32,196,FWD,E11,E12,E9,E10,0.937000,351.323000,OK
8,14,adjacent,620,30,32,197,REV,E12,E11,E9,E10,17.742000,349.607000,OK
8,14,adjacent,620,30,32,198,FWD,E12,E1,E2,E3,-135.234000,309.627000,OK
8,14,adjacent,620,30,32,199,REV,E1,E12,E2,E3,-129.539000,385.238000,OK
8,14,adjacent,620,30,32,200,FWD,E12,E1,E3,E4,5.812000,353.358000,OK
8,14,adjacent,620,30,32,201,REV,E1,E12,E3,E4,9.438000,378.775000,OK
8,14,adjacent,620,30,32,202,FWD,E12,E1,E4,E5,12.391000,358.226000,OK
8,14,adjacent,620,30,32,203,REV,E1,E12,E4,E5,14.230000,377.617000,OK
8,14,adjacent,620,30,32,204,FWD,E12,E1,E5,E6,-14.375000,359.942000,OK
8,14,adjacent,620,30,32,205,REV,E1,E12,E5,E6,-13.238000,377.737000,OK
8,14,adjacent,620,30,32,206,FWD,E12,E1,E6,E7,-8.883000,360.420000,OK
8,14,adjacent,620,30,32,207,REV,E1,E12,E6,E7,-8.148000,377.977000,OK
8,14,adjacent,620,30,32,208,FWD,E12,E1,E7,E8,0.824000,361.977000,OK
8,14,adjacent,620,30,32,209,REV,E1,E12,E7,E8,1.648000,378.216000,OK
8,14,adjacent,620,30,32,210,FWD,E12,E1,E8,E9,40.680000,361.817000,OK
8,14,adjacent,620,30,32,211,REV,E1,E12,E8,E9,42.031000,377.897000,OK
8,14,adjacent,620,30,32,212,FWD,E12,E1,E9,E10,6.742000,363.054000,OK
8,14,adjacent,620,30,32,213,REV,E1,E12,E9,E10,9.152000,378.575000,OK
8,14,adjacent,620,30,32,214,FWD,E12,E1,E10,E11,49.711000,363.054000,OK
8,14,adjacent,620,30,32,215,REV,E1,E12,E10,E11,60.500000,379.094000,OK
9,15,adjacent,620,30,32,0,FWD,E1,E2,E3,E4,5.676000,227.472000,OK
9,15,adjacent,620,30,32,1,REV,E2,E1,E3,E4,9.934000,258.674000,OK
9,15,adjacent,620,30,32,2,FWD,E1,E2,E4,E5,12.406000,245.747000,OK
9,15,adjacent,620,30,32,3,REV,E2,E1,E4,E5,14.180000,249.697000,OK
9,15,adjacent,620,30,32,4,FWD,E1,E2,E5,E6,-14.758000,246.624000,OK
9,15,adjacent,620,30,32,5,REV,E2,E1,E5,E6,-13.742000,257.198000,OK
9,15,adjacent,620,30,32,6,FWD,E1,E2,E6,E7,-8.563000,248.181000,OK
9,15,adjacent,620,30,32,7,REV,E2,E1,E6,E7,-8.004000,263.542000,OK
9,15,adjacent,620,30,32,8,FWD,E1,E2,E7,E8,0.758000,249.338000,OK
9,15,adjacent,620,30,32,9,REV,E2,E1,E7,E8,1.172000,267.373000,OK
9,15,adjacent,620,30,32,10,FWD,E1,E2,E8,E9,41.500000,250.694000,OK
9,15,adjacent,620,30,32,11,REV,E2,E1,E8,E9,42.145000,271.722000,OK
9,15,adjacent,620,30,32,12,FWD,E1,E2,E9,E10,7.133000,251.692000,OK
9,15,adjacent,620,30,32,13,REV,E2,E1,E9,E10,7.984000,276.550000,OK
9,15,adjacent,620,30,32,14,FWD,E1,E2,E10,E11,53.707000,252.490000,OK
9,15,adjacent,620,30,32,15,REV,E2,E1,E10,E11,55.578000,279.103000,OK
9,15,adjacent,620,30,32,16,FWD,E1,E2,E11,E12,1.875000,253.567000,OK
9,15,adjacent,620,30,32,17,REV,E2,E1,E11,E12,6.305000,282.694000,OK
9,15,adjacent,620,30,32,18,FWD,E2,E3,E4,E5,11.180000,272.879000,OK
9,15,adjacent,620,30,32,19,REV,E3,E2,E4,E5,14.391000,211.153000,OK
9,15,adjacent,620,30,32,20,FWD,E2,E3,E5,E6,-15.418000,294.345000,OK
9,15,adjacent,620,30,32,21,REV,E3,E2,E5,E6,-13.801000,216.180000,OK
9,15,adjacent,620,30,32,22,FWD,E2,E3,E6,E7,-8.496000,294.704000,OK
9,15,adjacent,620,30,32,23,REV,E3,E2,E6,E7,-7.883000,219.612000,OK
9,15,adjacent,620,30,32,24,FWD,E2,E3,E7,E8,0.539000,295.064000,OK
9,15,adjacent,620,30,32,25,REV,E3,E2,E7,E8,1.020000,221.527000,OK
9,15,adjacent,620,30,32,26,FWD,E2,E3,E8,E9,41.855000,295.822000,OK
9,15,adjacent,620,30,32,27,REV,E3,E2,E8,E9,42.363000,222.844000,OK
9,15,adjacent,620,30,32,28,FWD,E2,E3,E9,E10,7.113000,296.141000,OK
9,15,adjacent,620,30,32,29,REV,E3,E2,E9,E10,7.625000,223.921000,OK
9,15,adjacent,620,30,32,30,FWD,E2,E3,E10,E11,53.770000,296.380000,OK
9,15,adjacent,620,30,32,31,REV,E3,E2,E10,E11,54.633000,225.397000,OK
9,15,adjacent,620,30,32,32,FWD,E2,E3,E11,E12,3.184000,296.779000,OK
9,15,adjacent,620,30,32,33,REV,E3,E2,E11,E12,4.766000,226.275000,OK
9,15,adjacent,620,30,32,34,FWD,E2,E3,E12,E1,11.258000,297.617000,OK
9,15,adjacent,620,30,32,35,REV,E3,E2,E12,E1,14.598000,226.874000,OK
9,15,adjacent,620,30,32,36,FWD,E3,E4,E1,E2,175.723000,288.001000,OK
9,15,adjacent,620,30,32,37,REV,E4,E3,E1,E2,166.898000,346.774000,OK
9,15,adjacent,620,30,32,38,FWD,E3,E4,E5,E6,-26.082000,340.231000,OK
9,15,adjacent,620,30,32,39,REV,E4,E3,E5,E6,-5.559000,340.829000,OK
9,15,adjacent,620,30,32,40,FWD,E3,E4,E6,E7,-8.719000,344.061000,OK
9,15,adjacent,620,30,32,41,REV,E4,E3,E6,E7,-7.031000,341.188000,OK
9,15,adjacent,620,30,32,42,FWD,E3,E4,E7,E8,0.168000,345.737000,OK
9,15,adjacent,620,30,32,43,REV,E4,E3,E7,E8,1.285000,341.986000,OK
9,15,adjacent,620,30,32,44,FWD,E3,E4,E8,E9,42.109000,346.455000,OK
9,15,adjacent,620,30,32,45,REV,E4,E3,E8,E9,43.008000,343.064000,OK
9,15,adjacent,620,30,32,46,FWD,E3,E4,E9,E10,6.930000,346.974000,OK
9,15,adjacent,620,30,32,47,REV,E4,E3,E9,E10,7.809000,343.543000,OK
9,15,adjacent,620,30,32,48,FWD,E3,E4,E10,E11,53.375000,347.971000,OK
9,15,adjacent,620,30,32,49,REV,E4,E3,E10,E11,54.570000,343.822000,OK
9,15,adjacent,620,30,32,50,FWD,E3,E4,E11,E12,3.598000,347.213000,OK
9,15,adjacent,620,30,32,51,REV,E4,E3,E11,E12,5.340000,344.261000,OK
9,15,adjacent,620,30,32,52,FWD,E3,E4,E12,E1,11.691000,347.892000,OK
9,15,adjacent,620,30,32,53,REV,E4,E3,E12,E1,14.664000,344.740000,OK
9,15,adjacent,620,30,32,54,FWD,E4,E5,E1,E2,107.496000,192.480000,OK
9,15,adjacent,620,30,32,55,REV,E5,E4,E1,E2,106.805000,282.654000,OK
9,15,adjacent,620,30,32,56,FWD,E4,E5,E2,E3,-177.602000,259.632000,OK
9,15,adjacent,620,30,32,57,REV,E5,E4,E2,E3,-181.875000,267.014000,OK
9,15,adjacent,620,30,32,58,FWD,E4,E5,E6,E7,-8.785000,264.141000,OK
9,15,adjacent,620,30,32,59,REV,E5,E4,E6,E7,-6.594000,264.260000,OK
9,15,adjacent,620,30,32,60,FWD,E4,E5,E7,E8,0.082000,265.019000,OK
9,15,adjacent,620,30,32,61,REV,E5,E4,E7,E8,1.187000,262.784000,OK
9,15,adjacent,620,30,32,62,FWD,E4,E5,E8,E9,42.309000,265.976000,OK
9,15,adjacent,620,30,32,63,REV,E5,E4,E8,E9,43.141000,261.507000,OK
9,15,adjacent,620,30,32,64,FWD,E4,E5,E9,E10,7.059000,265.338000,OK
9,15,adjacent,620,30,32,65,REV,E5,E4,E9,E10,7.629000,260.590000,OK
9,15,adjacent,620,30,32,66,FWD,E4,E5,E10,E11,53.418000,266.056000,OK
9,15,adjacent,620,30,32,67,REV,E5,E4,E10,E11,54.074000,259.911000,OK
9,15,adjacent,620,30,32,68,FWD,E4,E5,E11,E12,4.371000,265.816000,OK
9,15,adjacent,620,30,32,69,REV,E5,E4,E11,E12,5.117000,260.709000,OK
9,15,adjacent,620,30,32,70,FWD,E4,E5,E12,E1,12.551000,265.537000,OK
9,15,adjacent,620,30,32,71,REV,E5,E4,E12,E1,13.695000,259.193000,OK
9,15,adjacent,620,30,32,72,FWD,E5,E6,E1,E2,76.398000,136.539000,OK
9,15,adjacent,620,30,32,73,REV,E6,E5,E1,E2,75.816000,254.365000,OK
9,15,adjacent,620,30,32,74,FWD,E5,E6,E2,E3,-186.840000,221.407000,OK
9,15,adjacent,620,30,32,75,REV,E6,E5,E2,E3,-184.844000,245.547000,OK
9,15,adjacent,620,30,32,76,FWD,E5,E6,E3,E4,1.883000,231.462000,OK
9,15,adjacent,620,30,32,77,REV,E6,E5,E3,E4,10.508000,245.148000,OK
9,15,adjacent,620,30,32,78,FWD,E5,E6,E7,E8,-0.547000,234.136000,OK
9,15,adjacent,620,30,32,79,REV,E6,E5,E7,E8,2.156000,245.667000,OK
9,15,adjacent,620,30,32,80,FWD,E5,E6,E8,E9,42.234000,236.689000,OK
9,15,adjacent,620,30,32,81,REV,E6,E5,E8,E9,43.387000,245.148000,OK
9,15,adjacent,620,30,32,82,FWD,E5,E6,E9,E10,7.012000,237.328000,OK
9,15,adjacent,620,30,32,83,REV,E6,E5,E9,E10,7.758000,244.988000,OK
9,15,adjacent,620,30,32,84,FWD,E5,E6,E10,E11,53.273000,237.727000,OK
9,15,adjacent,620,30,32,85,REV,E6,E5,E10,E11,53.898000,244.430000,OK
9,15,adjacent,620,30,32,86,FWD,E5,E6,E11,E12,4.668000,238.405000,OK
9,15,adjacent,620,30,32,87,REV,E6,E5,E11,E12,5.262000,245.587000,OK
9,15,adjacent,620,30,32,88,FWD,E5,E6,E12,E1,12.922000,239.003000,OK
9,15,adjacent,620,30,32,89,REV,E6,E5,E12,E1,13.535000,245.188000,OK
9,15,adjacent,620,30,32,90,FWD,E6,E7,E1,E2,57.602000,256.719000,OK
9,15,adjacent,620,30,32,91,REV,E7,E6,E1,E2,57.219000,352.919000,OK
9,15,adjacent,620,30,32,92,FWD,E6,E7,E2,E3,-173.289000,324.430000,OK
9,15,adjacent,620,30,32,93,REV,E7,E6,E2,E3,-171.945000,340.949000,OK
9,15,adjacent,620,30,32,94,FWD,E6,E7,E3,E4,3.684000,332.450000,OK
9,15,adjacent,620,30,32,95,REV,E7,E6,E3,E4,5.242000,339.153000,OK
9,15,adjacent,620,30,32,96,FWD,E6,E7,E4,E5,41.039000,334.565000,OK
9,15,adjacent,620,30,32,97,REV,E7,E6,E4,E5,40.145000,339.273000,OK
9,15,adjacent,620,30,32,98,FWD,E6,E7,E8,E9,41.191000,336.360000,OK
9,15,adjacent,620,30,32,99,REV,E7,E6,E8,E9,44.570000,339.313000,OK
9,15,adjacent,620,30,32,100,FWD,E6,E7,E9,E10,6.535000,337.557000,OK
9,15,adjacent,620,30,32,101,REV,E7,E6,E9,E10,7.988000,339.792000,OK
9,15,adjacent,620,30,32,102,FWD,E6,E7,E10,E11,52.875000,337.917000,OK
9,15,adjacent,620,30,32,103,REV,E7,E6,E10,E11,53.844000,339.313000,OK
9,15,adjacent,620,30,32,104,FWD,E6,E7,E11,E12,4.781000,338.515000,OK
9,15,adjacent,620,30,32,105,REV,E7,E6,E11,E12,5.465000,339.912000,OK
9,15,adjacent,620,30,32,106,FWD,E6,E7,E12,E1,12.855000,339.034000,OK
9,15,adjacent,620,30,32,107,REV,E7,E6,E12,E1,13.484000,340.390000,OK
9,15,adjacent,620,30,32,108,FWD,E7,E8,E1,E2,45.113000,238.884000,OK
9,15,adjacent,620,30,32,109,REV,E8,E7,E1,E2,44.941000,356.550000,OK
9,15,adjacent,620,30,32,110,FWD,E7,E8,E2,E3,-162.832000,315.253000,OK
9,15,adjacent,620,30,32,111,REV,E8,E7,E2,E3,-161.742000,342.066000,OK
9,15,adjacent,620,30,32,112,FWD,E7,E8,E3,E4,4.316000,323.872000,OK
9,15,adjacent,620,30,32,113,REV,E8,E7,E3,E4,5.437000,338.994000,OK
9,15,adjacent,620,30,32,114,FWD,E7,E8,E4,E5,17.984000,327.223000,OK
9,15,adjacent,620,30,32,115,REV,E8,E7,E4,E5,19.199000,337.837000,OK
9,15,adjacent,620,30,32,116,FWD,E7,E8,E5,E6,-3.379000,328.739000,OK
9,15,adjacent,620,30,32,117,REV,E8,E7,E5,E6,-0.707000,336.999000,OK
9,15,adjacent,620,30,32,118,FWD,E7,E8,E9,E10,5.492000,330.016000,OK
9,15,adjacent,620,30,32,119,REV,E8,E7,E9,E10,9.133000,336.560000,OK
9,15,adjacent,620,30,32,120,FWD,E7,E8,E10,E11,52.211000,330.575000,OK
9,15,adjacent,620,30,32,121,REV,E8,E7,E10,E11,54.156000,336.919000,OK
9,15,adjacent,620,30,32,122,FWD,E7,E8,E11,E12,4.684000,331.133000,OK
9,15,adjacent,620,30,32,123,REV,E8,E7,E11,E12,5.738000,336.161000,OK
9,15,adjacent,620,30,32,124,FWD,E7,E8,E12,E1,12.891000,331.213000,OK
9,15,adjacent,620,30,32,125,REV,E8,E7,E12,E1,13.500000,336.720000,OK
9,15,adjacent,620,30,32,126,FWD,E8,E9,E1,E2,35.492000,204.769000,OK
9,15,adjacent,620,30,32,127,REV,E9,E8,E1,E2,35.500000,326.744000,OK
9,15,adjacent,620,30,32,128,FWD,E8,E9,E2,E3,-154.266000,288.161000,OK
9,15,adjacent,620,30,32,129,REV,E9,E8,E2,E3,-153.422000,312.420000,OK
9,15,adjacent,620,30,32,130,FWD,E8,E9,E3,E4,4.891000,296.540000,OK
9,15,adjacent,620,30,32,131,REV,E9,E8,E3,E4,5.734000,310.824000,OK
9,15,adjacent,620,30,32,132,FWD,E8,E9,E4,E5,14.734000,299.732000,OK
9,15,adjacent,620,30,32,133,REV,E9,E8,E4,E5,15.598000,310.345000,OK
9,15,adjacent,620,30,32,134,FWD,E8,E9,E5,E6,-11.184000,301.647000,OK
9,15,adjacent,620,30,32,135,REV,E9,E8,E5,E6,-9.602000,310.425000,OK
9,15,adjacent,620,30,32,136,FWD,E8,E9,E6,E7,-5.609000,302.365000,OK
9,15,adjacent,620,30,32,137,REV,E9,E8,E6,E7,-3.387000,309.906000,OK
9,15,adjacent,620,30,32,138,FWD,E8,E9,E10,E11,47.813000,303.403000,OK
9,15,adjacent,620,30,32,139,REV,E9,E8,E10,E11,58.566000,309.747000,OK
9,15,adjacent,620,30,32,140,FWD,E8,E9,E11,E12,4.344000,303.323000,OK
9,15,adjacent,620,30,32,141,REV,E9,E8,E11,E12,6.297000,310.305000,OK
9,15,adjacent,620,30,32,142,FWD,E8,E9,E12,E1,12.750000,304.241000,OK
9,15,adjacent,620,30,32,143,REV,E9,E8,E12,E1,13.711000,310.026000,OK
9,15,adjacent,620,30,32,144,FWD,E9,E10,E1,E2,27.605000,243.991000,OK
9,15,adjacent,620,30,32,145,REV,E10,E9,E1,E2,27.988000,354.475000,OK
9,15,adjacent,620,30,32,146,FWD,E9,E10,E2,E3,-147.230000,319.602000,OK
9,15,adjacent,620,30,32,147,REV,E10,E9,E2,E3,-146.238000,340.710000,OK
9,15,adjacent,620,30,32,148,FWD,E9,E10,E3,E4,5.352000,327.183000,OK
9,15,adjacent,620,30,32,149,REV,E10,E9,E3,E4,6.191000,339.193000,OK
9,15,adjacent,620,30,32,150,FWD,E9,E10,E4,E5,13.738000,329.936000,OK
9,15,adjacent,620,30,32,151,REV,E10,E9,E4,E5,14.492000,338.116000,OK
9,15,adjacent,620,30,32,152,FWD,E9,E10,E5,E6,-12.758000,331.612000,OK
9,15,adjacent,620,30,32,153,REV,E10,E9,E5,E6,-11.641000,338.754000,OK
9,15,adjacent,620,30,32,154,FWD,E9,E10,E6,E7,-9.418000,332.530000,OK
9,15,adjacent,620,30,32,155,REV,E10,E9,E6,E7,-8.047000,338.276000,OK
9,15,adjacent,620,30,32,156,FWD,E9,E10,E7,E8,11.586000,333.527000,OK
9,15,adjacent,620,30,32,157,REV,E10,E9,E7,E8,14.180000,338.475000,OK
9,15,adjacent,620,30,32,158,FWD,E9,E10,E11,E12,-1.051000,333.647000,OK
9,15,adjacent,620,30,32,159,REV,E10,E9,E11,E12,12.047000,338.954000,OK
9,15,adjacent,620,30,32,160,FWD,E9,E10,E12,E1,12.328000,334.485000,OK
9,15,adjacent,620,30,32,161,REV,E10,E9,E12,E1,14.191000,338.914000,OK
9,15,adjacent,620,30,32,162,FWD,E10,E11,E1,E2,20.375000,251.412000,OK
9,15,adjacent,620,30,32,163,REV,E11,E10,E1,E2,22.277000,387.712000,OK
9,15,adjacent,620,30,32,164,FWD,E10,E11,E2,E3,-141.434000,314.734000,OK
9,15,adjacent,620,30,32,165,REV,E11,E10,E2,E3,-140.043000,373.029000,OK
9,15,adjacent,620,30,32,166,FWD,E10,E11,E3,E4,5.527000,321.956000,OK
9,15,adjacent,620,30,32,167,REV,E11,E10,E3,E4,6.840000,371.672000,OK
9,15,adjacent,620,30,32,168,FWD,E10,E11,E4,E5,13.117000,323.912000,OK
9,15,adjacent,620,30,32,169,REV,E11,E10,E4,E5,14.121000,370.794000,OK
9,15,adjacent,620,30,32,170,FWD,E10,E11,E5,E6,-12.820000,325.428000,OK
9,15,adjacent,620,30,32,171,REV,E11,E10,E5,E6,-11.496000,370.635000,OK
9,15,adjacent,620,30,32,172,FWD,E10,E11,E6,E7,-10.586000,326.106000,OK
9,15,adjacent,620,30,32,173,REV,E11,E10,E6,E7,-9.773000,371.034000,OK
9,15,adjacent,620,30,32,174,FWD,E10,E11,E7,E8,3.156000,327.463000,OK
9,15,adjacent,620,30,32,175,REV,E11,E10,E7,E8,5.258000,371.114000,OK
9,15,adjacent,620,30,32,176,FWD,E10,E11,E8,E9,34.879000,327.582000,OK
9,15,adjacent,620,30,32,177,REV,E11,E10,E8,E9,46.824000,371.194000,OK
9,15,adjacent,620,30,32,178,FWD,E10,E11,E12,E1,8.512000,327.782000,OK
9,15,adjacent,620,30,32,179,REV,E11,E10,E12,E1,18.672000,371.353000,OK
9,15,adjacent,620,30,32,180,FWD,E11,E12,E1,E2,13.285000,308.390000,OK
9,15,adjacent,620,30,32,181,REV,E12,E11,E1,E2,18.484000,358.665000,OK
9,15,adjacent,620,30,32,182,FWD,E11,E12,E2,E3,-136.957000,344.301000,OK
9,15,adjacent,620,30,32,183,REV,E12,E11,E2,E3,-134.516000,350.206000,OK
9,15,adjacent,620,30,32,184,FWD,E11,E12,E3,E4,5.363000,347.732000,OK
9,15,adjacent,620,30,32,185,REV,E12,E11,E3,E4,7.328000,348.969000,OK
9,15,adjacent,620,30,32,186,FWD,E11,E12,E4,E5,12.770000,348.610000,OK
9,15,adjacent,620,30,32,187,REV,E12,E11,E4,E5,13.938000,348.769000,OK
9,15,adjacent,620,30,32,188,FWD,E11,E12,E5,E6,-10.316000,349.807000,OK
9,15,adjacent,620,30,32,189,REV,E12,E11,E5,E6,-9.156000,348.809000,OK
9,15,adjacent,620,30,32,190,FWD,E11,E12,E6,E7,-12.773000,350.046000,OK
9,15,adjacent,620,30,32,191,REV,E12,E11,E6,E7,-11.973000,349.129000,OK
9,15,adjacent,620,30,32,192,FWD,E11,E12,E7,E8,1.750000,350.126000,OK
9,15,adjacent,620,30,32,193,REV,E12,E11,E7,E8,2.898000,349.089000,OK
9,15,adjacent,620,30,32,194,FWD,E11,E12,E8,E9,39.008000,351.283000,OK
9,15,adjacent,620,30,32,195,REV,E12,E11,E8,E9,41.582000,349.328000,OK
9,15,adjacent,620,30,32,196,FWD,E11,E12,E9,E10,0.926000,350.685000,OK
9,15,adjacent,620,30,32,197,REV,E12,E11,E9,E10,17.715000,349.767000,OK
9,15,adjacent,620,30,32,198,FWD,E12,E1,E2,E3,-134.562000,309.228000,OK
9,15,adjacent,620,30,32,199,REV,E1,E12,E2,E3,-128.937000,385.238000,OK
9,15,adjacent,620,30,32,200,FWD,E12,E1,E3,E4,4.867000,353.119000,OK
9,15,adjacent,620,30,32,201,REV,E1,E12,E3,E4,8.406000,377.937000,OK
9,15,adjacent,620,30,32,202,FWD,E12,E1,E4,E5,12.426000,357.707000,OK
9,15,adjacent,620,30,32,203,REV,E1,E12,E4,E5,14.332000,377.218000,OK
9,15,adjacent,620,30,32,204,FWD,E12,E1,E5,E6,-9.563000,359.862000,OK
9,15,adjacent,620,30,32,205,REV,E1,E12,E5,E6,-8.324000,377.697000,OK
9,15,adjacent,620,30,32,206,FWD,E12,E1,E6,E7,-13.504000,360.899000,OK
9,15,adjacent,620,30,32,207,REV,E1,E12,E6,E7,-12.754000,377.059000,OK
9,15,adjacent,620,30,32,208,FWD,E12,E1,E7,E8,1.273000,361.857000,OK
9,15,adjacent,620,30,32,209,REV,E1,E12,E7,E8,2.102000,378.535000,OK
9,15,adjacent,620,30,32,210,FWD,E12,E1,E8,E9,40.160000,362.256000,OK
9,15,adjacent,620,30,32,211,REV,E1,E12,E8,E9,41.484000,378.136000,OK
9,15,adjacent,620,30,32,212,FWD,E12,E1,E9,E10,6.625000,363.213000,OK
9,15,adjacent,620,30,32,213,REV,E1,E12,E9,E10,9.074000,378.136000,OK
9,15,adjacent,620,30,32,214,FWD,E12,E1,E10,E11,49.559000,362.695000,OK
9,15,adjacent,620,30,32,215,REV,E1,E12,E10,E11,60.367000,378.695000,OK
