frame_index,frame_id,pattern,dac_code,settle_ms,sample_count,record_index,polarity,i_plus,i_minus,v_plus,v_minus,voltage_mv,current_ua,quality
0,6,adjacent,400,30,16,0,FWD,E1,E2,E3,E4,-53.727000,481.039000,OK
0,6,adjacent,400,30,16,1,REV,E2,E1,E3,E4,18.727000,482.955000,OK
0,6,adjacent,400,30,16,2,FWD,E1,E2,E4,E5,-78.414000,481.359000,OK
0,6,adjacent,400,30,16,3,REV,E2,E1,E4,E5,78.836000,482.556000,OK
0,6,adjacent,400,30,16,4,FWD,E1,E2,E5,E6,26.359000,481.359000,OK
0,6,adjacent,400,30,16,5,REV,E2,E1,E5,E6,-26.227000,483.034000,OK
0,6,adjacent,400,30,16,6,FWD,E1,E2,E6,E7,-8.766000,481.359000,OK
0,6,adjacent,400,30,16,7,REV,E2,E1,E6,E7,8.766000,483.194000,OK
0,6,adjacent,400,30,16,8,FWD,E1,E2,E7,E8,-24.680000,481.359000,OK
0,6,adjacent,400,30,16,9,REV,E2,E1,E7,E8,-8.789000,483.194000,OK
0,6,adjacent,400,30,16,10,FWD,E1,E2,E8,E9,25.477000,481.438000,OK
0,6,adjacent,400,30,16,11,REV,E2,E1,E8,E9,28.453000,483.114000,OK
0,6,adjacent,400,30,16,12,FWD,E1,E2,E9,E10,-8.539000,481.917000,OK
0,6,adjacent,400,30,16,13,REV,E2,E1,E9,E10,8.563000,483.034000,OK
0,6,adjacent,400,30,16,14,FWD,E1,E2,E10,E11,-58.641000,481.279000,OK
0,6,adjacent,400,30,16,15,REV,E2,E1,E10,E11,-77.641000,482.875000,OK
0,6,adjacent,400,30,16,16,FWD,E1,E2,E11,E12,-63.180000,481.119000,OK
0,6,adjacent,400,30,16,17,REV,E2,E1,E11,E12,-87.781000,482.875000,OK
0,6,adjacent,400,30,16,18,FWD,E2,E3,E4,E5,-78.836000,483.194000,OK
0,6,adjacent,400,30,16,19,REV,E3,E2,E4,E5,78.758000,482.236000,OK
0,6,adjacent,400,30,16,20,FWD,E2,E3,E5,E6,-79.055000,482.635000,OK
0,6,adjacent,400,30,16,21,REV,E3,E2,E5,E6,79.031000,482.157000,OK
0,6,adjacent,400,30,16,22,FWD,E2,E3,E6,E7,-8.828000,482.955000,OK
0,6,adjacent,400,30,16,23,REV,E3,E2,E6,E7,8.805000,483.274000,OK
0,6,adjacent,400,30,16,24,FWD,E2,E3,E7,E8,-27.648000,482.955000,OK
0,6,adjacent,400,30,16,25,REV,E3,E2,E7,E8,-6.406000,482.795000,OK
0,6,adjacent,400,30,16,26,FWD,E2,E3,E8,E9,25.602000,482.795000,OK
0,6,adjacent,400,30,16,27,REV,E3,E2,E8,E9,28.578000,482.875000,OK
0,6,adjacent,400,30,16,28,FWD,E2,E3,E9,E10,-8.625000,483.673000,OK
0,6,adjacent,400,30,16,29,REV,E3,E2,E9,E10,8.625000,482.875000,OK
0,6,adjacent,400,30,16,30,FWD,E2,E3,E10,E11,-58.781000,483.034000,OK
0,6,adjacent,400,30,16,31,REV,E3,E2,E10,E11,-75.156000,481.917000,OK
0,6,adjacent,400,30,16,32,FWD,E2,E3,E11,E12,-64.180000,483.274000,OK
0,6,adjacent,400,30,16,33,REV,E3,E2,E11,E12,-87.203000,482.476000,OK
0,6,adjacent,400,30,16,34,FWD,E2,E3,E12,E1,-8.719000,483.513000,OK
0,6,adjacent,400,30,16,35,REV,E3,E2,E12,E1,8.766000,482.715000,OK
0,6,adjacent,400,30,16,36,FWD,E3,E4,E1,E2,-8.695000,484.152000,OK
0,6,adjacent,400,30,16,37,REV,E4,E3,E1,E2,8.773000,485.029000,OK
0,6,adjacent,400,30,16,38,FWD,E3,E4,E5,E6,-77.570000,483.513000,OK
0,6,adjacent,400,30,16,39,REV,E4,E3,E5,E6,77.664000,484.391000,OK
0,6,adjacent,400,30,16,40,FWD,E3,E4,E6,E7,-8.656000,483.992000,OK
0,6,adjacent,400,30,16,41,REV,E4,E3,E6,E7,8.672000,484.870000,OK
0,6,adjacent,400,30,16,42,FWD,E3,E4,E7,E8,-30.102000,483.912000,OK
0,6,adjacent,400,30,16,43,REV,E4,E3,E7,E8,-2.766000,484.950000,OK
0,6,adjacent,400,30,16,44,FWD,E3,E4,E8,E9,26.445000,484.152000,OK
0,6,adjacent,400,30,16,45,REV,E4,E3,E8,E9,29.398000,484.790000,OK
0,6,adjacent,400,30,16,46,FWD,E3,E4,E9,E10,-8.484000,484.231000,OK
0,6,adjacent,400,30,16,47,REV,E4,E3,E9,E10,8.500000,484.790000,OK
0,6,adjacent,400,30,16,48,FWD,E3,E4,E10,E11,-60.125000,484.152000,OK
0,6,adjacent,400,30,16,49,REV,E4,E3,E10,E11,-72.719000,484.152000,OK
0,6,adjacent,400,30,16,50,FWD,E3,E4,E11,E12,-67.031000,483.912000,OK
0,6,adjacent,400,30,16,51,REV,E4,E3,E11,E12,-86.391000,484.391000,OK
0,6,adjacent,400,30,16,52,FWD,E3,E4,E12,E1,-8.523000,483.832000,OK
0,6,adjacent,400,30,16,53,REV,E4,E3,E12,E1,8.570000,484.790000,OK
0,6,adjacent,400,30,16,54,FWD,E4,E5,E1,E2,-8.672000,484.072000,OK
0,6,adjacent,400,30,16,55,REV,E5,E4,E1,E2,8.789000,484.311000,OK
0,6,adjacent,400,30,16,56,FWD,E4,E5,E2,E3,60.359000,484.391000,OK
0,6,adjacent,400,30,16,57,REV,E5,E4,E2,E3,-60.273000,483.593000,OK
0,6,adjacent,400,30,16,58,FWD,E4,E5,E6,E7,-8.719000,484.471000,OK
0,6,adjacent,400,30,16,59,REV,E5,E4,E6,E7,8.625000,484.072000,OK
0,6,adjacent,400,30,16,60,FWD,E4,E5,E7,E8,-33.594000,484.710000,OK
0,6,adjacent,400,30,16,61,REV,E5,E4,E7,E8,0.281000,483.912000,OK
0,6,adjacent,400,30,16,62,FWD,E4,E5,E8,E9,29.148000,484.870000,OK
0,6,adjacent,400,30,16,63,REV,E5,E4,E8,E9,27.500000,484.152000,OK
0,6,adjacent,400,30,16,64,FWD,E4,E5,E9,E10,-8.492000,484.710000,OK
0,6,adjacent,400,30,16,65,REV,E5,E4,E9,E10,8.453000,484.072000,OK
0,6,adjacent,400,30,16,66,FWD,E4,E5,E10,E11,-61.000000,484.231000,OK
0,6,adjacent,400,30,16,67,REV,E5,E4,E10,E11,-72.984000,483.194000,OK
0,6,adjacent,400,30,16,68,FWD,E4,E5,E11,E12,-67.961000,484.471000,OK
0,6,adjacent,400,30,16,69,REV,E5,E4,E11,E12,-83.719000,483.513000,OK
0,6,adjacent,400,30,16,70,FWD,E4,E5,E12,E1,-8.578000,484.231000,OK
0,6,adjacent,400,30,16,71,REV,E5,E4,E12,E1,8.578000,483.992000,OK
0,6,adjacent,400,30,16,72,FWD,E5,E6,E1,E2,-8.625000,476.251000,OK
0,6,adjacent,400,30,16,73,REV,E6,E5,E1,E2,8.727000,476.650000,OK
0,6,adjacent,400,30,16,74,FWD,E5,E6,E2,E3,60.156000,475.852000,OK
0,6,adjacent,400,30,16,75,REV,E6,E5,E2,E3,-60.070000,476.251000,OK
0,6,adjacent,400,30,16,76,FWD,E5,E6,E3,E4,18.437000,476.171000,OK
0,6,adjacent,400,30,16,77,REV,E6,E5,E3,E4,-55.664000,476.171000,OK
0,6,adjacent,400,30,16,78,FWD,E5,E6,E7,E8,-37.203000,476.092000,OK
0,6,adjacent,400,30,16,79,REV,E6,E5,E7,E8,-5.820000,476.890000,OK
0,6,adjacent,400,30,16,80,FWD,E5,E6,E8,E9,26.234000,476.092000,OK
0,6,adjacent,400,30,16,81,REV,E6,E5,E8,E9,33.961000,476.650000,OK
0,6,adjacent,400,30,16,82,FWD,E5,E6,E9,E10,-8.445000,476.092000,OK
0,6,adjacent,400,30,16,83,REV,E6,E5,E9,E10,8.414000,476.730000,OK
0,6,adjacent,400,30,16,84,FWD,E5,E6,E10,E11,-61.547000,475.852000,OK
0,6,adjacent,400,30,16,85,REV,E6,E5,E10,E11,-72.141000,476.012000,OK
0,6,adjacent,400,30,16,86,FWD,E5,E6,E11,E12,-68.453000,476.012000,OK
0,6,adjacent,400,30,16,87,REV,E6,E5,E11,E12,-82.234000,476.171000,OK
0,6,adjacent,400,30,16,88,FWD,E5,E6,E12,E1,-8.547000,475.852000,OK
0,6,adjacent,400,30,16,89,REV,E6,E5,E12,E1,8.570000,476.491000,OK
0,6,adjacent,400,30,16,90,FWD,E6,E7,E1,E2,-8.680000,477.528000,OK
0,6,adjacent,400,30,16,91,REV,E7,E6,E1,E2,8.680000,476.251000,OK
0,6,adjacent,400,30,16,92,FWD,E6,E7,E2,E3,60.453000,477.289000,OK
0,6,adjacent,400,30,16,93,REV,E7,E6,E2,E3,-60.172000,475.533000,OK
0,6,adjacent,400,30,16,94,FWD,E6,E7,E3,E4,25.719000,477.448000,OK
0,6,adjacent,400,30,16,95,REV,E7,E6,E3,E4,-60.828000,475.613000,OK
0,6,adjacent,400,30,16,96,FWD,E6,E7,E4,E5,25.898000,476.969000,OK
0,6,adjacent,400,30,16,97,REV,E7,E6,E4,E5,-25.898000,475.772000,OK
0,6,adjacent,400,30,16,98,FWD,E6,E7,E8,E9,23.734000,477.289000,OK
0,6,adjacent,400,30,16,99,REV,E7,E6,E8,E9,26.625000,476.491000,OK
0,6,adjacent,400,30,16,100,FWD,E6,E7,E9,E10,-8.469000,477.368000,OK
0,6,adjacent,400,30,16,101,REV,E7,E6,E9,E10,8.383000,476.171000,OK
0,6,adjacent,400,30,16,102,FWD,E6,E7,E10,E11,-65.727000,476.730000,OK
0,6,adjacent,400,30,16,103,REV,E7,E6,E10,E11,-66.102000,475.453000,OK
0,6,adjacent,400,30,16,104,FWD,E6,E7,E11,E12,-72.156000,477.049000,OK
0,6,adjacent,400,30,16,105,REV,E7,E6,E11,E12,-77.906000,475.693000,OK
0,6,adjacent,400,30,16,106,FWD,E6,E7,E12,E1,-8.563000,477.847000,OK
0,6,adjacent,400,30,16,107,REV,E7,E6,E12,E1,8.516000,476.092000,OK
0,6,adjacent,400,30,16,108,FWD,E7,E8,E1,E2,0.008000,1.277000,I_LOW
0,6,adjacent,400,30,16,109,REV,E8,E7,E1,E2,0.047000,1.117000,I_LOW
0,6,adjacent,400,30,16,110,FWD,E7,E8,E2,E3,-0.227000,1.516000,I_LOW
0,6,adjacent,400,30,16,111,REV,E8,E7,E2,E3,0.328000,1.835000,I_LOW
0,6,adjacent,400,30,16,112,FWD,E7,E8,E3,E4,557.312000,1.357000,I_LOW
0,6,adjacent,400,30,16,113,REV,E8,E7,E3,E4,-556.687000,1.915000,I_LOW
0,6,adjacent,400,30,16,114,FWD,E7,E8,E4,E5,25.367000,467.393000,OK
0,6,adjacent,400,30,16,115,REV,E8,E7,E4,E5,-25.437000,467.633000,OK
0,6,adjacent,400,30,16,116,FWD,E7,E8,E5,E6,25.195000,467.553000,OK
0,6,adjacent,400,30,16,117,REV,E8,E7,E5,E6,-25.352000,467.633000,OK
0,6,adjacent,400,30,16,118,FWD,E7,E8,E9,E10,-8.352000,468.191000,OK
0,6,adjacent,400,30,16,119,REV,E8,E7,E9,E10,8.266000,467.952000,OK
0,6,adjacent,400,30,16,120,FWD,E7,E8,E10,E11,-79.031000,467.393000,OK
0,6,adjacent,400,30,16,121,REV,E8,E7,E10,E11,-56.391000,467.952000,OK
0,6,adjacent,400,30,16,122,FWD,E7,E8,E11,E12,-87.422000,467.234000,OK
0,6,adjacent,400,30,16,123,REV,E8,E7,E11,E12,-63.547000,468.032000,OK
0,6,adjacent,400,30,16,124,FWD,E7,E8,E12,E1,-8.375000,467.633000,OK
0,6,adjacent,400,30,16,125,REV,E8,E7,E12,E1,8.391000,468.112000,OK
0,6,adjacent,400,30,16,126,FWD,E8,E9,E1,E2,-8.500000,467.872000,OK
0,6,adjacent,400,30,16,127,REV,E9,E8,E1,E2,8.523000,467.872000,OK
0,6,adjacent,400,30,16,128,FWD,E8,E9,E2,E3,-42.242000,467.154000,OK
0,6,adjacent,400,30,16,129,REV,E9,E8,E2,E3,42.383000,467.553000,OK
0,6,adjacent,400,30,16,130,FWD,E8,E9,E3,E4,-60.398000,467.154000,OK
0,6,adjacent,400,30,16,131,REV,E9,E8,E3,E4,60.695000,467.633000,OK
0,6,adjacent,400,30,16,132,FWD,E8,E9,E4,E5,25.422000,467.713000,OK
0,6,adjacent,400,30,16,133,REV,E9,E8,E4,E5,-25.437000,466.675000,OK
0,6,adjacent,400,30,16,134,FWD,E8,E9,E5,E6,25.289000,467.872000,OK
0,6,adjacent,400,30,16,135,REV,E9,E8,E5,E6,-25.375000,466.994000,OK
0,6,adjacent,400,30,16,136,FWD,E8,E9,E6,E7,-8.477000,467.713000,OK
0,6,adjacent,400,30,16,137,REV,E9,E8,E6,E7,8.594000,467.713000,OK
0,6,adjacent,400,30,16,138,FWD,E8,E9,E10,E11,-82.438000,467.074000,OK
0,6,adjacent,400,30,16,139,REV,E9,E8,E10,E11,-52.047000,467.713000,OK
0,6,adjacent,400,30,16,140,FWD,E8,E9,E11,E12,-90.172000,467.473000,OK
0,6,adjacent,400,30,16,141,REV,E9,E8,E11,E12,-59.828000,467.314000,OK
0,6,adjacent,400,30,16,142,FWD,E8,E9,E12,E1,-8.461000,467.792000,OK
0,6,adjacent,400,30,16,143,REV,E9,E8,E12,E1,8.414000,467.314000,OK
0,6,adjacent,400,30,16,144,FWD,E9,E10,E1,E2,-8.625000,485.349000,OK
0,6,adjacent,400,30,16,145,REV,E10,E9,E1,E2,8.633000,485.269000,OK
0,6,adjacent,400,30,16,146,FWD,E9,E10,E2,E3,-42.766000,484.790000,OK
0,6,adjacent,400,30,16,147,REV,E10,E9,E2,E3,42.883000,484.870000,OK
0,6,adjacent,400,30,16,148,FWD,E9,E10,E3,E4,-42.719000,484.391000,OK
0,6,adjacent,400,30,16,149,REV,E10,E9,E3,E4,42.930000,484.630000,OK
0,6,adjacent,400,30,16,150,FWD,E9,E10,E4,E5,25.719000,484.790000,OK
0,6,adjacent,400,30,16,151,REV,E10,E9,E4,E5,-25.711000,484.152000,OK
0,6,adjacent,400,30,16,152,FWD,E9,E10,E5,E6,25.617000,485.109000,OK
0,6,adjacent,400,30,16,153,REV,E10,E9,E5,E6,-25.617000,484.471000,OK
0,6,adjacent,400,30,16,154,FWD,E9,E10,E6,E7,-8.570000,485.428000,OK
0,6,adjacent,400,30,16,155,REV,E10,E9,E6,E7,8.578000,485.588000,OK
0,6,adjacent,400,30,16,156,FWD,E9,E10,E7,E8,-8.555000,485.029000,OK
0,6,adjacent,400,30,16,157,REV,E10,E9,E7,E8,8.672000,484.950000,OK
0,6,adjacent,400,30,16,158,FWD,E9,E10,E11,E12,-82.656000,484.950000,OK
0,6,adjacent,400,30,16,159,REV,E10,E9,E11,E12,-55.680000,484.710000,OK
0,6,adjacent,400,30,16,160,FWD,E9,E10,E12,E1,-8.508000,485.588000,OK
0,6,adjacent,400,30,16,161,REV,E10,E9,E12,E1,8.477000,484.710000,OK
0,6,adjacent,400,30,16,162,FWD,E10,E11,E1,E2,-8.781000,484.152000,OK
0,6,adjacent,400,30,16,163,REV,E11,E10,E1,E2,8.750000,484.630000,OK
0,6,adjacent,400,30,16,164,FWD,E10,E11,E2,E3,-43.352000,483.354000,OK
0,6,adjacent,400,30,16,165,REV,E11,E10,E2,E3,43.453000,484.630000,OK
0,6,adjacent,400,30,16,166,FWD,E10,E11,E3,E4,-43.227000,482.795000,OK
0,6,adjacent,400,30,16,167,REV,E11,E10,E3,E4,43.492000,484.391000,OK
0,6,adjacent,400,30,16,168,FWD,E10,E11,E4,E5,26.039000,483.354000,OK
0,6,adjacent,400,30,16,169,REV,E11,E10,E4,E5,-26.078000,484.710000,OK
0,6,adjacent,400,30,16,170,FWD,E10,E11,E5,E6,25.945000,483.433000,OK
0,6,adjacent,400,30,16,171,REV,E11,E10,E5,E6,-25.977000,484.471000,OK
0,6,adjacent,400,30,16,172,FWD,E10,E11,E6,E7,-8.688000,483.753000,OK
0,6,adjacent,400,30,16,173,REV,E11,E10,E6,E7,8.711000,485.109000,OK
0,6,adjacent,400,30,16,174,FWD,E10,E11,E7,E8,-8.688000,483.433000,OK
0,6,adjacent,400,30,16,175,REV,E11,E10,E7,E8,8.703000,484.231000,OK
0,6,adjacent,400,30,16,176,FWD,E10,E11,E8,E9,-8.641000,483.513000,OK
0,6,adjacent,400,30,16,177,REV,E11,E10,E8,E9,8.742000,484.710000,OK
0,6,adjacent,400,30,16,178,FWD,E10,E11,E12,E1,-8.602000,484.231000,OK
0,6,adjacent,400,30,16,179,REV,E11,E10,E12,E1,8.617000,484.311000,OK
0,6,adjacent,400,30,16,180,FWD,E11,E12,E1,E2,-8.734000,484.471000,OK
0,6,adjacent,400,30,16,181,REV,E12,E11,E1,E2,8.695000,484.311000,OK
0,6,adjacent,400,30,16,182,FWD,E11,E12,E2,E3,-43.313000,484.551000,OK
0,6,adjacent,400,30,16,183,REV,E12,E11,E2,E3,43.180000,484.471000,OK
0,6,adjacent,400,30,16,184,FWD,E11,E12,E3,E4,-43.180000,484.231000,OK
0,6,adjacent,400,30,16,185,REV,E12,E11,E3,E4,43.164000,483.832000,OK
0,6,adjacent,400,30,16,186,FWD,E11,E12,E4,E5,26.008000,484.311000,OK
0,6,adjacent,400,30,16,187,REV,E12,E11,E4,E5,-25.883000,483.992000,OK
0,6,adjacent,400,30,16,188,FWD,E11,E12,E5,E6,25.930000,484.471000,OK
0,6,adjacent,400,30,16,189,REV,E12,E11,E5,E6,-25.828000,484.072000,OK
0,6,adjacent,400,30,16,190,FWD,E11,E12,E6,E7,-8.695000,484.630000,OK
0,6,adjacent,400,30,16,191,REV,E12,E11,E6,E7,8.688000,484.231000,OK
0,6,adjacent,400,30,16,192,FWD,E11,E12,E7,E8,-8.672000,484.870000,OK
0,6,adjacent,400,30,16,193,REV,E12,E11,E7,E8,8.688000,484.391000,OK
0,6,adjacent,400,30,16,194,FWD,E11,E12,E8,E9,-8.680000,484.870000,OK
0,6,adjacent,400,30,16,195,REV,E12,E11,E8,E9,8.695000,484.072000,OK
0,6,adjacent,400,30,16,196,FWD,E11,E12,E9,E10,-8.461000,485.029000,OK
0,6,adjacent,400,30,16,197,REV,E12,E11,E9,E10,8.539000,483.753000,OK
0,6,adjacent,400,30,16,198,FWD,E12,E1,E2,E3,-43.281000,483.034000,OK
0,6,adjacent,400,30,16,199,REV,E1,E12,E2,E3,43.031000,482.316000,OK
0,6,adjacent,400,30,16,200,FWD,E12,E1,E3,E4,-43.133000,482.556000,OK
0,6,adjacent,400,30,16,201,REV,E1,E12,E3,E4,43.039000,482.396000,OK
0,6,adjacent,400,30,16,202,FWD,E12,E1,E4,E5,26.367000,483.114000,OK
0,6,adjacent,400,30,16,203,REV,E1,E12,E4,E5,-26.102000,482.077000,OK
0,6,adjacent,400,30,16,204,FWD,E12,E1,E5,E6,25.914000,483.114000,OK
0,6,adjacent,400,30,16,205,REV,E1,E12,E5,E6,-25.820000,482.077000,OK
0,6,adjacent,400,30,16,206,FWD,E12,E1,E6,E7,-8.672000,483.433000,OK
0,6,adjacent,400,30,16,207,REV,E1,E12,E6,E7,8.664000,482.556000,OK
0,6,adjacent,400,30,16,208,FWD,E12,E1,E7,E8,-8.664000,483.513000,OK
0,6,adjacent,400,30,16,209,REV,E1,E12,E7,E8,8.656000,482.635000,OK
0,6,adjacent,400,30,16,210,FWD,E12,E1,E8,E9,-8.688000,483.992000,OK
0,6,adjacent,400,30,16,211,REV,E1,E12,E8,E9,8.695000,482.795000,OK
0,6,adjacent,400,30,16,212,FWD,E12,E1,E9,E10,-8.422000,483.673000,OK
0,6,adjacent,400,30,16,213,REV,E1,E12,E9,E10,8.438000,481.917000,OK
0,6,adjacent,400,30,16,214,FWD,E12,E1,E10,E11,-55.500000,483.274000,OK
0,6,adjacent,400,30,16,215,REV,E1,E12,E10,E11,-75.953000,482.157000,OK
1,7,adjacent,400,30,16,0,FWD,E1,E2,E3,E4,-43.570000,481.119000,OK
1,7,adjacent,400,30,16,1,REV,E2,E1,E3,E4,43.602000,483.274000,OK
1,7,adjacent,400,30,16,2,FWD,E1,E2,E4,E5,-78.492000,480.960000,OK
1,7,adjacent,400,30,16,3,REV,E2,E1,E4,E5,78.797000,482.476000,OK
1,7,adjacent,400,30,16,4,FWD,E1,E2,E5,E6,26.258000,480.720000,OK
1,7,adjacent,400,30,16,5,REV,E2,E1,E5,E6,-26.187000,482.795000,OK
1,7,adjacent,400,30,16,6,FWD,E1,E2,E6,E7,-8.781000,481.598000,OK
1,7,adjacent,400,30,16,7,REV,E2,E1,E6,E7,8.758000,483.194000,OK
1,7,adjacent,400,30,16,8,FWD,E1,E2,E7,E8,-8.742000,481.678000,OK
1,7,adjacent,400,30,16,9,REV,E2,E1,E7,E8,8.758000,482.955000,OK
1,7,adjacent,400,30,16,10,FWD,E1,E2,E8,E9,-8.750000,481.438000,OK
1,7,adjacent,400,30,16,11,REV,E2,E1,E8,E9,8.797000,483.034000,OK
1,7,adjacent,400,30,16,12,FWD,E1,E2,E9,E10,-8.555000,482.316000,OK
1,7,adjacent,400,30,16,13,REV,E2,E1,E9,E10,8.594000,483.194000,OK
1,7,adjacent,400,30,16,14,FWD,E1,E2,E10,E11,-55.836000,480.880000,OK
1,7,adjacent,400,30,16,15,REV,E2,E1,E10,E11,-73.727000,482.955000,OK
1,7,adjacent,400,30,16,16,FWD,E1,E2,E11,E12,-61.672000,481.279000,OK
1,7,adjacent,400,30,16,17,REV,E2,E1,E11,E12,-84.500000,483.194000,OK
1,7,adjacent,400,30,16,18,FWD,E2,E3,E4,E5,-78.859000,482.715000,OK
1,7,adjacent,400,30,16,19,REV,E3,E2,E4,E5,78.750000,481.997000,OK
1,7,adjacent,400,30,16,20,FWD,E2,E3,E5,E6,-79.039000,482.635000,OK
1,7,adjacent,400,30,16,21,REV,E3,E2,E5,E6,79.031000,482.715000,OK
1,7,adjacent,400,30,16,22,FWD,E2,E3,E6,E7,-8.836000,483.194000,OK
1,7,adjacent,400,30,16,23,REV,E3,E2,E6,E7,8.797000,482.795000,OK
1,7,adjacent,400,30,16,24,FWD,E2,E3,E7,E8,-8.805000,483.194000,OK
1,7,adjacent,400,30,16,25,REV,E3,E2,E7,E8,8.828000,482.955000,OK
1,7,adjacent,400,30,16,26,FWD,E2,E3,E8,E9,-8.852000,483.593000,OK
1,7,adjacent,400,30,16,27,REV,E3,E2,E8,E9,8.859000,482.316000,OK
1,7,adjacent,400,30,16,28,FWD,E2,E3,E9,E10,-8.617000,483.114000,OK
1,7,adjacent,400,30,16,29,REV,E3,E2,E9,E10,8.625000,482.396000,OK
1,7,adjacent,400,30,16,30,FWD,E2,E3,E10,E11,-57.578000,483.114000,OK
1,7,adjacent,400,30,16,31,REV,E3,E2,E10,E11,-72.094000,482.236000,OK
1,7,adjacent,400,30,16,32,FWD,E2,E3,E11,E12,-61.625000,482.875000,OK
1,7,adjacent,400,30,16,33,REV,E3,E2,E11,E12,-84.156000,482.236000,OK
1,7,adjacent,400,30,16,34,FWD,E2,E3,E12,E1,-8.695000,483.114000,OK
1,7,adjacent,400,30,16,35,REV,E3,E2,E12,E1,8.766000,482.635000,OK
1,7,adjacent,400,30,16,36,FWD,E3,E4,E1,E2,-8.609000,483.992000,OK
1,7,adjacent,400,30,16,37,REV,E4,E3,E1,E2,8.742000,484.870000,OK
1,7,adjacent,400,30,16,38,FWD,E3,E4,E5,E6,-77.523000,483.513000,OK
1,7,adjacent,400,30,16,39,REV,E4,E3,E5,E6,77.656000,484.551000,OK
1,7,adjacent,400,30,16,40,FWD,E3,E4,E6,E7,-8.680000,483.832000,OK
1,7,adjacent,400,30,16,41,REV,E4,E3,E6,E7,8.625000,484.950000,OK
1,7,adjacent,400,30,16,42,FWD,E3,E4,E7,E8,-8.688000,483.912000,OK
1,7,adjacent,400,30,16,43,REV,E4,E3,E7,E8,8.648000,484.630000,OK
1,7,adjacent,400,30,16,44,FWD,E3,E4,E8,E9,-8.680000,484.072000,OK
1,7,adjacent,400,30,16,45,REV,E4,E3,E8,E9,8.703000,484.072000,OK
1,7,adjacent,400,30,16,46,FWD,E3,E4,E9,E10,-8.477000,483.992000,OK
1,7,adjacent,400,30,16,47,REV,E4,E3,E9,E10,8.492000,484.231000,OK
1,7,adjacent,400,30,16,48,FWD,E3,E4,E10,E11,-58.961000,483.513000,OK
1,7,adjacent,400,30,16,49,REV,E4,E3,E10,E11,-70.813000,484.072000,OK
1,7,adjacent,400,30,16,50,FWD,E3,E4,E11,E12,-62.859000,483.832000,OK
1,7,adjacent,400,30,16,51,REV,E4,E3,E11,E12,-83.609000,484.311000,OK
1,7,adjacent,400,30,16,52,FWD,E3,E4,E12,E1,-8.555000,483.354000,OK
1,7,adjacent,400,30,16,53,REV,E4,E3,E12,E1,8.578000,484.630000,OK
1,7,adjacent,400,30,16,54,FWD,E4,E5,E1,E2,-8.680000,484.551000,OK
1,7,adjacent,400,30,16,55,REV,E5,E4,E1,E2,8.734000,484.630000,OK
1,7,adjacent,400,30,16,56,FWD,E4,E5,E2,E3,60.375000,483.832000,OK
1,7,adjacent,400,30,16,57,REV,E5,E4,E2,E3,-60.289000,483.274000,OK
1,7,adjacent,400,30,16,58,FWD,E4,E5,E6,E7,-8.750000,484.152000,OK
1,7,adjacent,400,30,16,59,REV,E5,E4,E6,E7,8.672000,484.391000,OK
1,7,adjacent,400,30,16,60,FWD,E4,E5,E7,E8,-8.703000,484.551000,OK
1,7,adjacent,400,30,16,61,REV,E5,E4,E7,E8,8.648000,484.152000,OK
1,7,adjacent,400,30,16,62,FWD,E4,E5,E8,E9,-8.719000,484.072000,OK
1,7,adjacent,400,30,16,63,REV,E5,E4,E8,E9,8.719000,483.593000,OK
1,7,adjacent,400,30,16,64,FWD,E4,E5,E9,E10,-8.500000,484.231000,OK
1,7,adjacent,400,30,16,65,REV,E5,E4,E9,E10,8.453000,483.912000,OK
1,7,adjacent,400,30,16,66,FWD,E4,E5,E10,E11,-59.594000,483.992000,OK
1,7,adjacent,400,30,16,67,REV,E5,E4,E10,E11,-68.953000,483.274000,OK
1,7,adjacent,400,30,16,68,FWD,E4,E5,E11,E12,-64.008000,484.231000,OK
1,7,adjacent,400,30,16,69,REV,E5,E4,E11,E12,-79.422000,483.992000,OK
1,7,adjacent,400,30,16,70,FWD,E4,E5,E12,E1,-8.586000,484.072000,OK
1,7,adjacent,400,30,16,71,REV,E5,E4,E12,E1,8.602000,483.513000,OK
1,7,adjacent,400,30,16,72,FWD,E5,E6,E1,E2,-8.633000,475.852000,OK
1,7,adjacent,400,30,16,73,REV,E6,E5,E1,E2,8.695000,476.171000,OK
1,7,adjacent,400,30,16,74,FWD,E5,E6,E2,E3,60.125000,475.772000,OK
1,7,adjacent,400,30,16,75,REV,E6,E5,E2,E3,-60.000000,476.171000,OK
1,7,adjacent,400,30,16,76,FWD,E5,E6,E3,E4,60.117000,475.373000,OK
1,7,adjacent,400,30,16,77,REV,E6,E5,E3,E4,-60.188000,476.331000,OK
1,7,adjacent,400,30,16,78,FWD,E5,E6,E7,E8,-8.688000,476.092000,OK
1,7,adjacent,400,30,16,79,REV,E6,E5,E7,E8,8.617000,476.411000,OK
1,7,adjacent,400,30,16,80,FWD,E5,E6,E8,E9,-8.695000,476.171000,OK
1,7,adjacent,400,30,16,81,REV,E6,E5,E8,E9,8.688000,476.570000,OK
1,7,adjacent,400,30,16,82,FWD,E5,E6,E9,E10,-8.492000,476.331000,OK
1,7,adjacent,400,30,16,83,REV,E6,E5,E9,E10,8.445000,476.092000,OK
1,7,adjacent,400,30,16,84,FWD,E5,E6,E10,E11,-59.656000,475.613000,OK
1,7,adjacent,400,30,16,85,REV,E6,E5,E10,E11,-67.750000,475.693000,OK
1,7,adjacent,400,30,16,86,FWD,E5,E6,E11,E12,-64.336000,476.012000,OK
1,7,adjacent,400,30,16,87,REV,E6,E5,E11,E12,-80.609000,476.012000,OK
1,7,adjacent,400,30,16,88,FWD,E5,E6,E12,E1,-8.539000,476.331000,OK
1,7,adjacent,400,30,16,89,REV,E6,E5,E12,E1,8.547000,476.491000,OK
1,7,adjacent,400,30,16,90,FWD,E6,E7,E1,E2,-8.688000,477.927000,OK
1,7,adjacent,400,30,16,91,REV,E7,E6,E1,E2,8.688000,476.012000,OK
1,7,adjacent,400,30,16,92,FWD,E6,E7,E2,E3,60.492000,476.890000,OK
1,7,adjacent,400,30,16,93,REV,E7,E6,E2,E3,-60.086000,475.533000,OK
1,7,adjacent,400,30,16,94,FWD,E6,E7,E3,E4,60.258000,476.570000,OK
1,7,adjacent,400,30,16,95,REV,E7,E6,E3,E4,-60.000000,475.693000,OK
1,7,adjacent,400,30,16,96,FWD,E6,E7,E4,E5,25.883000,477.129000,OK
1,7,adjacent,400,30,16,97,REV,E7,E6,E4,E5,-25.906000,475.373000,OK
1,7,adjacent,400,30,16,98,FWD,E6,E7,E8,E9,-8.680000,476.969000,OK
1,7,adjacent,400,30,16,99,REV,E7,E6,E8,E9,8.672000,475.613000,OK
1,7,adjacent,400,30,16,100,FWD,E6,E7,E9,E10,-8.477000,478.087000,OK
1,7,adjacent,400,30,16,101,REV,E7,E6,E9,E10,8.430000,476.092000,OK
1,7,adjacent,400,30,16,102,FWD,E6,E7,E10,E11,-63.813000,477.289000,OK
1,7,adjacent,400,30,16,103,REV,E7,E6,E10,E11,-64.188000,475.772000,OK
1,7,adjacent,400,30,16,104,FWD,E6,E7,E11,E12,-68.234000,476.650000,OK
1,7,adjacent,400,30,16,105,REV,E7,E6,E11,E12,-74.125000,475.772000,OK
1,7,adjacent,400,30,16,106,FWD,E6,E7,E12,E1,-8.547000,477.847000,OK
1,7,adjacent,400,30,16,107,REV,E7,E6,E12,E1,8.523000,475.932000,OK
1,7,adjacent,400,30,16,108,FWD,E7,E8,E1,E2,-7.750000,426.615000,OK
1,7,adjacent,400,30,16,109,REV,E8,E7,E1,E2,7.781000,425.897000,OK
1,7,adjacent,400,30,16,110,FWD,E7,E8,E2,E3,-38.445000,424.939000,OK
1,7,adjacent,400,30,16,111,REV,E8,E7,E2,E3,38.688000,425.259000,OK
1,7,adjacent,400,30,16,112,FWD,E7,E8,E3,E4,122.422000,424.062000,OK
1,7,adjacent,400,30,16,113,REV,E8,E7,E3,E4,-121.930000,423.982000,OK
1,7,adjacent,400,30,16,114,FWD,E7,E8,E4,E5,24.758000,455.583000,OK
1,7,adjacent,400,30,16,115,REV,E8,E7,E4,E5,-24.797000,455.503000,OK
1,7,adjacent,400,30,16,116,FWD,E7,E8,E5,E6,24.539000,455.982000,OK
1,7,adjacent,400,30,16,117,REV,E8,E7,E5,E6,-24.664000,455.503000,OK
1,7,adjacent,400,30,16,118,FWD,E7,E8,E9,E10,-8.148000,455.742000,OK
1,7,adjacent,400,30,16,119,REV,E8,E7,E9,E10,8.086000,455.902000,OK
1,7,adjacent,400,30,16,120,FWD,E7,E8,E10,E11,-74.672000,455.024000,OK
1,7,adjacent,400,30,16,121,REV,E8,E7,E10,E11,-55.648000,455.503000,OK
1,7,adjacent,400,30,16,122,FWD,E7,E8,E11,E12,-82.438000,455.024000,OK
1,7,adjacent,400,30,16,123,REV,E8,E7,E11,E12,-62.258000,455.423000,OK
1,7,adjacent,400,30,16,124,FWD,E7,E8,E12,E1,-8.102000,454.785000,OK
1,7,adjacent,400,30,16,125,REV,E8,E7,E12,E1,8.141000,454.625000,OK
1,7,adjacent,400,30,16,126,FWD,E8,E9,E1,E2,-8.273000,454.226000,OK
1,7,adjacent,400,30,16,127,REV,E9,E8,E1,E2,8.258000,453.508000,OK
1,7,adjacent,400,30,16,128,FWD,E8,E9,E2,E3,-40.969000,453.189000,OK
1,7,adjacent,400,30,16,129,REV,E9,E8,E2,E3,41.086000,453.189000,OK
1,7,adjacent,400,30,16,130,FWD,E8,E9,E3,E4,-75.555000,452.550000,OK
1,7,adjacent,400,30,16,131,REV,E9,E8,E3,E4,75.984000,453.109000,OK
1,7,adjacent,400,30,16,132,FWD,E8,E9,E4,E5,24.664000,452.630000,OK
1,7,adjacent,400,30,16,133,REV,E9,E8,E4,E5,-24.664000,453.029000,OK
1,7,adjacent,400,30,16,134,FWD,E8,E9,E5,E6,24.500000,452.391000,OK
1,7,adjacent,400,30,16,135,REV,E9,E8,E5,E6,-24.547000,452.790000,OK
1,7,adjacent,400,30,16,136,FWD,E8,E9,E6,E7,-8.180000,452.870000,OK
1,7,adjacent,400,30,16,137,REV,E9,E8,E6,E7,8.250000,451.034000,OK
1,7,adjacent,400,30,16,138,FWD,E8,E9,E10,E11,-79.203000,451.114000,OK
1,7,adjacent,400,30,16,139,REV,E9,E8,E10,E11,-48.211000,451.114000,OK
1,7,adjacent,400,30,16,140,FWD,E8,E9,E11,E12,-88.359000,451.353000,OK
1,7,adjacent,400,30,16,141,REV,E9,E8,E11,E12,-55.258000,450.316000,OK
1,7,adjacent,400,30,16,142,FWD,E8,E9,E12,E1,-8.109000,450.875000,OK
1,7,adjacent,400,30,16,143,REV,E9,E8,E12,E1,8.078000,450.715000,OK
1,7,adjacent,400,30,16,144,FWD,E9,E10,E1,E2,-8.633000,484.870000,OK
1,7,adjacent,400,30,16,145,REV,E10,E9,E1,E2,8.586000,485.269000,OK
1,7,adjacent,400,30,16,146,FWD,E9,E10,E2,E3,-42.820000,484.950000,OK
1,7,adjacent,400,30,16,147,REV,E10,E9,E2,E3,42.852000,484.231000,OK
1,7,adjacent,400,30,16,148,FWD,E9,E10,E3,E4,-42.633000,484.551000,OK
1,7,adjacent,400,30,16,149,REV,E10,E9,E3,E4,42.859000,484.790000,OK
1,7,adjacent,400,30,16,150,FWD,E9,E10,E4,E5,25.766000,484.870000,OK
1,7,adjacent,400,30,16,151,REV,E10,E9,E4,E5,-25.719000,484.790000,OK
1,7,adjacent,400,30,16,152,FWD,E9,E10,E5,E6,25.617000,485.109000,OK
1,7,adjacent,400,30,16,153,REV,E10,E9,E5,E6,-25.617000,484.710000,OK
1,7,adjacent,400,30,16,154,FWD,E9,E10,E6,E7,-8.602000,484.950000,OK
1,7,adjacent,400,30,16,155,REV,E10,E9,E6,E7,8.617000,484.950000,OK
1,7,adjacent,400,30,16,156,FWD,E9,E10,E7,E8,-8.523000,485.588000,OK
1,7,adjacent,400,30,16,157,REV,E10,E9,E7,E8,8.586000,485.349000,OK
1,7,adjacent,400,30,16,158,FWD,E9,E10,E11,E12,-78.766000,484.790000,OK
1,7,adjacent,400,30,16,159,REV,E10,E9,E11,E12,-53.148000,484.710000,OK
1,7,adjacent,400,30,16,160,FWD,E9,E10,E12,E1,-8.484000,485.428000,OK
1,7,adjacent,400,30,16,161,REV,E10,E9,E12,E1,8.453000,485.109000,OK
1,7,adjacent,400,30,16,162,FWD,E10,E11,E1,E2,-8.750000,483.912000,OK
1,7,adjacent,400,30,16,163,REV,E11,E10,E1,E2,8.727000,484.072000,OK
1,7,adjacent,400,30,16,164,FWD,E10,E11,E2,E3,-43.344000,483.194000,OK
1,7,adjacent,400,30,16,165,REV,E11,E10,E2,E3,43.445000,484.231000,OK
1,7,adjacent,400,30,16,166,FWD,E10,E11,E3,E4,-43.258000,483.034000,OK
1,7,adjacent,400,30,16,167,REV,E11,E10,E3,E4,43.469000,484.551000,OK
1,7,adjacent,400,30,16,168,FWD,E10,E11,E4,E5,26.070000,482.875000,OK
1,7,adjacent,400,30,16,169,REV,E11,E10,E4,E5,-26.070000,484.152000,OK
1,7,adjacent,400,30,16,170,FWD,E10,E11,E5,E6,25.953000,482.955000,OK
1,7,adjacent,400,30,16,171,REV,E11,E10,E5,E6,-25.953000,484.391000,OK
1,7,adjacent,400,30,16,172,FWD,E10,E11,E6,E7,-8.703000,483.513000,OK
1,7,adjacent,400,30,16,173,REV,E11,E10,E6,E7,8.719000,484.231000,OK
1,7,adjacent,400,30,16,174,FWD,E10,E11,E7,E8,-8.695000,483.673000,OK
1,7,adjacent,400,30,16,175,REV,E11,E10,E7,E8,8.734000,484.950000,OK
1,7,adjacent,400,30,16,176,FWD,E10,E11,E8,E9,-8.688000,483.433000,OK
1,7,adjacent,400,30,16,177,REV,E11,E10,E8,E9,8.773000,484.551000,OK
1,7,adjacent,400,30,16,178,FWD,E10,E11,E12,E1,-8.641000,483.832000,OK
1,7,adjacent,400,30,16,179,REV,E11,E10,E12,E1,8.602000,483.912000,OK
1,7,adjacent,400,30,16,180,FWD,E11,E12,E1,E2,-8.727000,484.790000,OK
1,7,adjacent,400,30,16,181,REV,E12,E11,E1,E2,8.625000,484.311000,OK
1,7,adjacent,400,30,16,182,FWD,E11,E12,E2,E3,-43.305000,484.391000,OK
1,7,adjacent,400,30,16,183,REV,E12,E11,E2,E3,43.172000,483.912000,OK
1,7,adjacent,400,30,16,184,FWD,E11,E12,E3,E4,-43.180000,483.832000,OK
1,7,adjacent,400,30,16,185,REV,E12,E11,E3,E4,43.188000,484.152000,OK
1,7,adjacent,400,30,16,186,FWD,E11,E12,E4,E5,26.156000,484.471000,OK
1,7,adjacent,400,30,16,187,REV,E12,E11,E4,E5,-25.875000,484.072000,OK
1,7,adjacent,400,30,16,188,FWD,E11,E12,E5,E6,25.961000,484.072000,OK
1,7,adjacent,400,30,16,189,REV,E12,E11,E5,E6,-25.891000,483.433000,OK
1,7,adjacent,400,30,16,190,FWD,E11,E12,E6,E7,-8.680000,484.551000,OK
1,7,adjacent,400,30,16,191,REV,E12,E11,E6,E7,8.727000,484.391000,OK
1,7,adjacent,400,30,16,192,FWD,E11,E12,E7,E8,-8.633000,484.630000,OK
1,7,adjacent,400,30,16,193,REV,E12,E11,E7,E8,8.711000,484.152000,OK
1,7,adjacent,400,30,16,194,FWD,E11,E12,E8,E9,-8.727000,484.231000,OK
1,7,adjacent,400,30,16,195,REV,E12,E11,E8,E9,8.727000,484.391000,OK
1,7,adjacent,400,30,16,196,FWD,E11,E12,E9,E10,-8.422000,485.029000,OK
1,7,adjacent,400,30,16,197,REV,E12,E11,E9,E10,8.500000,483.992000,OK
1,7,adjacent,400,30,16,198,FWD,E12,E1,E2,E3,-43.289000,482.795000,OK
1,7,adjacent,400,30,16,199,REV,E1,E12,E2,E3,43.156000,482.476000,OK
1,7,adjacent,400,30,16,200,FWD,E12,E1,E3,E4,-43.148000,482.795000,OK
1,7,adjacent,400,30,16,201,REV,E1,E12,E3,E4,43.023000,482.556000,OK
1,7,adjacent,400,30,16,202,FWD,E12,E1,E4,E5,26.320000,482.875000,OK
1,7,adjacent,400,30,16,203,REV,E1,E12,E4,E5,-26.164000,482.316000,OK
1,7,adjacent,400,30,16,204,FWD,E12,E1,E5,E6,25.781000,483.433000,OK
1,7,adjacent,400,30,16,205,REV,E1,E12,E5,E6,-25.789000,481.837000,OK
1,7,adjacent,400,30,16,206,FWD,E12,E1,E6,E7,-8.688000,483.513000,OK
1,7,adjacent,400,30,16,207,REV,E1,E12,E6,E7,8.641000,482.556000,OK
1,7,adjacent,400,30,16,208,FWD,E12,E1,E7,E8,-8.664000,483.753000,OK
1,7,adjacent,400,30,16,209,REV,E1,E12,E7,E8,8.641000,482.795000,OK
1,7,adjacent,400,30,16,210,FWD,E12,E1,E8,E9,-8.641000,483.114000,OK
1,7,adjacent,400,30,16,211,REV,E1,E12,E8,E9,8.727000,482.715000,OK
1,7,adjacent,400,30,16,212,FWD,E12,E1,E9,E10,-8.445000,483.194000,OK
1,7,adjacent,400,30,16,213,REV,E1,E12,E9,E10,8.477000,483.194000,OK
1,7,adjacent,400,30,16,214,FWD,E12,E1,E10,E11,-53.625000,483.433000,OK
1,7,adjacent,400,30,16,215,REV,E1,E12,E10,E11,-72.047000,481.678000,OK
2,8,adjacent,400,30,16,0,FWD,E1,E2,E3,E4,-43.617000,481.119000,OK
2,8,adjacent,400,30,16,1,REV,E2,E1,E3,E4,43.625000,482.476000,OK
2,8,adjacent,400,30,16,2,FWD,E1,E2,E4,E5,-78.469000,480.561000,OK
2,8,adjacent,400,30,16,3,REV,E2,E1,E4,E5,78.836000,483.354000,OK
2,8,adjacent,400,30,16,4,FWD,E1,E2,E5,E6,26.289000,480.720000,OK
2,8,adjacent,400,30,16,5,REV,E2,E1,E5,E6,-26.195000,482.476000,OK
2,8,adjacent,400,30,16,6,FWD,E1,E2,E6,E7,-8.766000,481.279000,OK
2,8,adjacent,400,30,16,7,REV,E2,E1,E6,E7,8.766000,483.034000,OK
2,8,adjacent,400,30,16,8,FWD,E1,E2,E7,E8,-8.766000,481.837000,OK
2,8,adjacent,400,30,16,9,REV,E2,E1,E7,E8,8.781000,483.194000,OK
2,8,adjacent,400,30,16,10,FWD,E1,E2,E8,E9,-8.766000,482.077000,OK
2,8,adjacent,400,30,16,11,REV,E2,E1,E8,E9,8.797000,483.433000,OK
2,8,adjacent,400,30,16,12,FWD,E1,E2,E9,E10,-8.570000,481.678000,OK
2,8,adjacent,400,30,16,13,REV,E2,E1,E9,E10,8.617000,482.875000,OK
2,8,adjacent,400,30,16,14,FWD,E1,E2,E10,E11,-55.688000,480.401000,OK
2,8,adjacent,400,30,16,15,REV,E2,E1,E10,E11,-70.313000,482.875000,OK
2,8,adjacent,400,30,16,16,FWD,E1,E2,E11,E12,-58.922000,481.199000,OK
2,8,adjacent,400,30,16,17,REV,E2,E1,E11,E12,-82.625000,482.316000,OK
2,8,adjacent,400,30,16,18,FWD,E2,E3,E4,E5,-78.750000,482.396000,OK
2,8,adjacent,400,30,16,19,REV,E3,E2,E4,E5,78.742000,482.157000,OK
2,8,adjacent,400,30,16,20,FWD,E2,E3,E5,E6,-79.055000,483.034000,OK
2,8,adjacent,400,30,16,21,REV,E3,E2,E5,E6,78.977000,482.396000,OK
2,8,adjacent,400,30,16,22,FWD,E2,E3,E6,E7,-8.813000,482.316000,OK
2,8,adjacent,400,30,16,23,REV,E3,E2,E6,E7,8.805000,482.715000,OK
2,8,adjacent,400,30,16,24,FWD,E2,E3,E7,E8,-8.844000,483.194000,OK
2,8,adjacent,400,30,16,25,REV,E3,E2,E7,E8,8.813000,482.476000,OK
2,8,adjacent,400,30,16,26,FWD,E2,E3,E8,E9,-8.813000,483.513000,OK
2,8,adjacent,400,30,16,27,REV,E3,E2,E8,E9,8.836000,482.077000,OK
2,8,adjacent,400,30,16,28,FWD,E2,E3,E9,E10,-8.633000,483.114000,OK
2,8,adjacent,400,30,16,29,REV,E3,E2,E9,E10,8.633000,482.955000,OK
2,8,adjacent,400,30,16,30,FWD,E2,E3,E10,E11,-54.984000,482.955000,OK
2,8,adjacent,400,30,16,31,REV,E3,E2,E10,E11,-71.570000,482.635000,OK
2,8,adjacent,400,30,16,32,FWD,E2,E3,E11,E12,-61.711000,482.316000,OK
2,8,adjacent,400,30,16,33,REV,E3,E2,E11,E12,-81.703000,482.236000,OK
2,8,adjacent,400,30,16,34,FWD,E2,E3,E12,E1,-8.688000,483.354000,OK
2,8,adjacent,400,30,16,35,REV,E3,E2,E12,E1,8.742000,483.034000,OK
2,8,adjacent,400,30,16,36,FWD,E3,E4,E1,E2,-8.625000,483.992000,OK
2,8,adjacent,400,30,16,37,REV,E4,E3,E1,E2,8.719000,483.593000,OK
2,8,adjacent,400,30,16,38,FWD,E3,E4,E5,E6,-77.578000,483.354000,OK
2,8,adjacent,400,30,16,39,REV,E4,E3,E5,E6,77.648000,484.152000,OK
2,8,adjacent,400,30,16,40,FWD,E3,E4,E6,E7,-8.680000,484.152000,OK
2,8,adjacent,400,30,16,41,REV,E4,E3,E6,E7,8.656000,484.231000,OK
2,8,adjacent,400,30,16,42,FWD,E3,E4,E7,E8,-8.656000,483.753000,OK
2,8,adjacent,400,30,16,43,REV,E4,E3,E7,E8,8.664000,484.790000,OK
2,8,adjacent,400,30,16,44,FWD,E3,E4,E8,E9,-8.711000,483.912000,OK
2,8,adjacent,400,30,16,45,REV,E4,E3,E8,E9,8.695000,484.231000,OK
2,8,adjacent,400,30,16,46,FWD,E3,E4,E9,E10,-8.461000,483.753000,OK
2,8,adjacent,400,30,16,47,REV,E4,E3,E9,E10,8.500000,484.710000,OK
2,8,adjacent,400,30,16,48,FWD,E3,E4,E10,E11,-57.297000,483.114000,OK
2,8,adjacent,400,30,16,49,REV,E4,E3,E10,E11,-69.867000,484.072000,OK
2,8,adjacent,400,30,16,50,FWD,E3,E4,E11,E12,-61.984000,483.433000,OK
2,8,adjacent,400,30,16,51,REV,E4,E3,E11,E12,-79.469000,484.152000,OK
2,8,adjacent,400,30,16,52,FWD,E3,E4,E12,E1,-8.555000,484.152000,OK
2,8,adjacent,400,30,16,53,REV,E4,E3,E12,E1,8.602000,484.231000,OK
2,8,adjacent,400,30,16,54,FWD,E4,E5,E1,E2,-8.688000,484.311000,OK
2,8,adjacent,400,30,16,55,REV,E5,E4,E1,E2,8.734000,483.433000,OK
2,8,adjacent,400,30,16,56,FWD,E4,E5,E2,E3,60.359000,483.832000,OK
2,8,adjacent,400,30,16,57,REV,E5,E4,E2,E3,-60.258000,483.274000,OK
2,8,adjacent,400,30,16,58,FWD,E4,E5,E6,E7,-8.648000,484.630000,OK
2,8,adjacent,400,30,16,59,REV,E5,E4,E6,E7,8.641000,483.832000,OK
2,8,adjacent,400,30,16,60,FWD,E4,E5,E7,E8,-8.758000,484.072000,OK
2,8,adjacent,400,30,16,61,REV,E5,E4,E7,E8,8.672000,483.593000,OK
2,8,adjacent,400,30,16,62,FWD,E4,E5,E8,E9,-8.672000,484.551000,OK
2,8,adjacent,400,30,16,63,REV,E5,E4,E8,E9,8.680000,483.433000,OK
2,8,adjacent,400,30,16,64,FWD,E4,E5,E9,E10,-8.516000,484.471000,OK
2,8,adjacent,400,30,16,65,REV,E5,E4,E9,E10,8.461000,483.513000,OK
2,8,adjacent,400,30,16,66,FWD,E4,E5,E10,E11,-57.977000,483.992000,OK
2,8,adjacent,400,30,16,67,REV,E5,E4,E10,E11,-67.797000,483.354000,OK
2,8,adjacent,400,30,16,68,FWD,E4,E5,E11,E12,-62.117000,484.072000,OK
2,8,adjacent,400,30,16,69,REV,E5,E4,E11,E12,-78.203000,483.593000,OK
2,8,adjacent,400,30,16,70,FWD,E4,E5,E12,E1,-8.578000,483.992000,OK
2,8,adjacent,400,30,16,71,REV,E5,E4,E12,E1,8.602000,483.832000,OK
2,8,adjacent,400,30,16,72,FWD,E5,E6,E1,E2,-8.625000,475.932000,OK
2,8,adjacent,400,30,16,73,REV,E6,E5,E1,E2,8.695000,476.251000,OK
2,8,adjacent,400,30,16,74,FWD,E5,E6,E2,E3,60.094000,475.772000,OK
2,8,adjacent,400,30,16,75,REV,E6,E5,E2,E3,-60.039000,476.012000,OK
2,8,adjacent,400,30,16,76,FWD,E5,E6,E3,E4,60.078000,475.533000,OK
2,8,adjacent,400,30,16,77,REV,E6,E5,E3,E4,-60.133000,476.251000,OK
2,8,adjacent,400,30,16,78,FWD,E5,E6,E7,E8,-8.695000,476.331000,OK
2,8,adjacent,400,30,16,79,REV,E6,E5,E7,E8,8.609000,476.331000,OK
2,8,adjacent,400,30,16,80,FWD,E5,E6,E8,E9,-8.617000,476.411000,OK
2,8,adjacent,400,30,16,81,REV,E6,E5,E8,E9,8.648000,476.411000,OK
2,8,adjacent,400,30,16,82,FWD,E5,E6,E9,E10,-8.469000,475.932000,OK
2,8,adjacent,400,30,16,83,REV,E6,E5,E9,E10,8.422000,476.092000,OK
2,8,adjacent,400,30,16,84,FWD,E5,E6,E10,E11,-58.703000,475.693000,OK
2,8,adjacent,400,30,16,85,REV,E6,E5,E10,E11,-65.563000,476.491000,OK
2,8,adjacent,400,30,16,86,FWD,E5,E6,E11,E12,-62.930000,475.693000,OK
2,8,adjacent,400,30,16,87,REV,E6,E5,E11,E12,-75.172000,476.171000,OK
2,8,adjacent,400,30,16,88,FWD,E5,E6,E12,E1,-8.523000,475.932000,OK
2,8,adjacent,400,30,16,89,REV,E6,E5,E12,E1,8.563000,476.171000,OK
2,8,adjacent,400,30,16,90,FWD,E6,E7,E1,E2,-8.688000,477.688000,OK
2,8,adjacent,400,30,16,91,REV,E7,E6,E1,E2,8.688000,476.331000,OK
2,8,adjacent,400,30,16,92,FWD,E6,E7,E2,E3,60.516000,476.969000,OK
2,8,adjacent,400,30,16,93,REV,E7,E6,E2,E3,-60.125000,475.772000,OK
2,8,adjacent,400,30,16,94,FWD,E6,E7,E3,E4,60.273000,477.209000,OK
2,8,adjacent,400,30,16,95,REV,E7,E6,E3,E4,-60.023000,475.453000,OK
2,8,adjacent,400,30,16,96,FWD,E6,E7,E4,E5,25.883000,477.209000,OK
2,8,adjacent,400,30,16,97,REV,E7,E6,E4,E5,-25.898000,475.214000,OK
2,8,adjacent,400,30,16,98,FWD,E6,E7,E8,E9,-8.664000,477.049000,OK
2,8,adjacent,400,30,16,99,REV,E7,E6,E8,E9,8.648000,476.251000,OK
2,8,adjacent,400,30,16,100,FWD,E6,E7,E9,E10,-8.492000,477.448000,OK
2,8,adjacent,400,30,16,101,REV,E7,E6,E9,E10,8.367000,476.650000,OK
2,8,adjacent,400,30,16,102,FWD,E6,E7,E10,E11,-61.586000,477.368000,OK
2,8,adjacent,400,30,16,103,REV,E7,E6,E10,E11,-61.492000,475.533000,OK
2,8,adjacent,400,30,16,104,FWD,E6,E7,E11,E12,-67.563000,477.209000,OK
2,8,adjacent,400,30,16,105,REV,E7,E6,E11,E12,-70.977000,475.932000,OK
2,8,adjacent,400,30,16,106,FWD,E6,E7,E12,E1,-8.563000,477.289000,OK
2,8,adjacent,400,30,16,107,REV,E7,E6,E12,E1,8.516000,475.852000,OK
2,8,adjacent,400,30,16,108,FWD,E7,E8,E1,E2,-4.508000,259.353000,OK
2,8,adjacent,400,30,16,109,REV,E8,E7,E1,E2,0.305000,16.918000,OK
2,8,adjacent,400,30,16,110,FWD,E7,E8,E2,E3,-40.586000,449.598000,OK
2,8,adjacent,400,30,16,111,REV,E8,E7,E2,E3,41.063000,449.598000,OK
2,8,adjacent,400,30,16,112,FWD,E7,E8,E3,E4,96.383000,448.880000,OK
2,8,adjacent,400,30,16,113,REV,E8,E7,E3,E4,-96.148000,448.959000,OK
2,8,adjacent,400,30,16,114,FWD,E7,E8,E4,E5,24.352000,448.401000,OK
2,8,adjacent,400,30,16,115,REV,E8,E7,E4,E5,-24.437000,448.959000,OK
2,8,adjacent,400,30,16,116,FWD,E7,E8,E5,E6,24.172000,448.002000,OK
2,8,adjacent,400,30,16,117,REV,E8,E7,E5,E6,-24.250000,448.880000,OK
2,8,adjacent,400,30,16,118,FWD,E7,E8,E9,E10,-7.969000,448.720000,OK
2,8,adjacent,400,30,16,119,REV,E8,E7,E9,E10,7.906000,449.119000,OK
2,8,adjacent,400,30,16,120,FWD,E7,E8,E10,E11,-72.547000,458.775000,OK
2,8,adjacent,400,30,16,121,REV,E8,E7,E10,E11,-53.664000,458.376000,OK
2,8,adjacent,400,30,16,122,FWD,E7,E8,E11,E12,-79.141000,458.057000,OK
2,8,adjacent,400,30,16,123,REV,E8,E7,E11,E12,-60.719000,458.057000,OK
2,8,adjacent,400,30,16,124,FWD,E7,E8,E12,E1,-8.227000,458.296000,OK
2,8,adjacent,400,30,16,125,REV,E8,E7,E12,E1,8.211000,458.535000,OK
2,8,adjacent,400,30,16,126,FWD,E8,E9,E1,E2,-8.320000,457.578000,OK
2,8,adjacent,400,30,16,127,REV,E9,E8,E1,E2,8.367000,458.296000,OK
2,8,adjacent,400,30,16,128,FWD,E8,E9,E2,E3,-41.469000,457.498000,OK
2,8,adjacent,400,30,16,129,REV,E9,E8,E2,E3,41.539000,457.897000,OK
2,8,adjacent,400,30,16,130,FWD,E8,E9,E3,E4,-70.859000,457.658000,OK
2,8,adjacent,400,30,16,131,REV,E9,E8,E3,E4,71.031000,457.019000,OK
2,8,adjacent,400,30,16,132,FWD,E8,E9,E4,E5,24.883000,457.338000,OK
2,8,adjacent,400,30,16,133,REV,E9,E8,E4,E5,-24.891000,457.099000,OK
2,8,adjacent,400,30,16,134,FWD,E8,E9,E5,E6,24.711000,457.099000,OK
2,8,adjacent,400,30,16,135,REV,E9,E8,E5,E6,-24.820000,456.700000,OK
2,8,adjacent,400,30,16,136,FWD,E8,E9,E6,E7,-8.289000,456.860000,OK
2,8,adjacent,400,30,16,137,REV,E9,E8,E6,E7,8.328000,457.179000,OK
2,8,adjacent,400,30,16,138,FWD,E8,E9,E10,E11,-78.047000,456.700000,OK
2,8,adjacent,400,30,16,139,REV,E9,E8,E10,E11,-47.445000,456.301000,OK
2,8,adjacent,400,30,16,140,FWD,E8,E9,E11,E12,-86.875000,456.301000,OK
2,8,adjacent,400,30,16,141,REV,E9,E8,E11,E12,-53.945000,457.019000,OK
2,8,adjacent,400,30,16,142,FWD,E8,E9,E12,E1,-8.180000,456.301000,OK
2,8,adjacent,400,30,16,143,REV,E9,E8,E12,E1,8.219000,456.461000,OK
2,8,adjacent,400,30,16,144,FWD,E9,E10,E1,E2,-8.609000,484.950000,OK
2,8,adjacent,400,30,16,145,REV,E10,E9,E1,E2,8.617000,485.029000,OK
2,8,adjacent,400,30,16,146,FWD,E9,E10,E2,E3,-42.805000,485.029000,OK
2,8,adjacent,400,30,16,147,REV,E10,E9,E2,E3,42.813000,484.471000,OK
2,8,adjacent,400,30,16,148,FWD,E9,E10,E3,E4,-42.617000,485.269000,OK
2,8,adjacent,400,30,16,149,REV,E10,E9,E3,E4,42.758000,484.710000,OK
2,8,adjacent,400,30,16,150,FWD,E9,E10,E4,E5,25.773000,484.950000,OK
2,8,adjacent,400,30,16,151,REV,E10,E9,E4,E5,-25.695000,484.072000,OK
2,8,adjacent,400,30,16,152,FWD,E9,E10,E5,E6,25.602000,484.471000,OK
2,8,adjacent,400,30,16,153,REV,E10,E9,E5,E6,-25.602000,484.551000,OK
2,8,adjacent,400,30,16,154,FWD,E9,E10,E6,E7,-8.578000,485.109000,OK
2,8,adjacent,400,30,16,155,REV,E10,E9,E6,E7,8.625000,484.870000,OK
2,8,adjacent,400,30,16,156,FWD,E9,E10,E7,E8,-8.578000,485.508000,OK
2,8,adjacent,400,30,16,157,REV,E10,E9,E7,E8,8.633000,485.109000,OK
2,8,adjacent,400,30,16,158,FWD,E9,E10,E11,E12,-78.203000,484.710000,OK
2,8,adjacent,400,30,16,159,REV,E10,E9,E11,E12,-51.906000,484.551000,OK
2,8,adjacent,400,30,16,160,FWD,E9,E10,E12,E1,-8.508000,484.630000,OK
2,8,adjacent,400,30,16,161,REV,E10,E9,E12,E1,8.477000,485.029000,OK
2,8,adjacent,400,30,16,162,FWD,E10,E11,E1,E2,-8.742000,483.114000,OK
2,8,adjacent,400,30,16,163,REV,E11,E10,E1,E2,8.742000,484.311000,OK
2,8,adjacent,400,30,16,164,FWD,E10,E11,E2,E3,-43.344000,483.114000,OK
2,8,adjacent,400,30,16,165,REV,E11,E10,E2,E3,43.430000,484.231000,OK
2,8,adjacent,400,30,16,166,FWD,E10,E11,E3,E4,-43.227000,483.513000,OK
2,8,adjacent,400,30,16,167,REV,E11,E10,E3,E4,43.398000,483.513000,OK
2,8,adjacent,400,30,16,168,FWD,E10,E11,E4,E5,26.070000,482.795000,OK
2,8,adjacent,400,30,16,169,REV,E11,E10,E4,E5,-26.094000,483.832000,OK
2,8,adjacent,400,30,16,170,FWD,E10,E11,E5,E6,25.930000,483.194000,OK
2,8,adjacent,400,30,16,171,REV,E11,E10,E5,E6,-25.984000,483.992000,OK
2,8,adjacent,400,30,16,172,FWD,E10,E11,E6,E7,-8.711000,483.593000,OK
2,8,adjacent,400,30,16,173,REV,E11,E10,E6,E7,8.727000,484.630000,OK
2,8,adjacent,400,30,16,174,FWD,E10,E11,E7,E8,-8.648000,483.114000,OK
2,8,adjacent,400,30,16,175,REV,E11,E10,E7,E8,8.781000,484.551000,OK
2,8,adjacent,400,30,16,176,FWD,E10,E11,E8,E9,-8.688000,483.433000,OK
2,8,adjacent,400,30,16,177,REV,E11,E10,E8,E9,8.750000,484.311000,OK
2,8,adjacent,400,30,16,178,FWD,E10,E11,E12,E1,-8.602000,483.832000,OK
2,8,adjacent,400,30,16,179,REV,E11,E10,E12,E1,8.609000,484.072000,OK
2,8,adjacent,400,30,16,180,FWD,E11,E12,E1,E2,-8.750000,484.231000,OK
2,8,adjacent,400,30,16,181,REV,E12,E11,E1,E2,8.719000,484.152000,OK
2,8,adjacent,400,30,16,182,FWD,E11,E12,E2,E3,-43.266000,484.391000,OK
2,8,adjacent,400,30,16,183,REV,E12,E11,E2,E3,43.227000,484.072000,OK
2,8,adjacent,400,30,16,184,FWD,E11,E12,E3,E4,-43.195000,484.551000,OK
2,8,adjacent,400,30,16,185,REV,E12,E11,E3,E4,43.180000,483.912000,OK
2,8,adjacent,400,30,16,186,FWD,E11,E12,E4,E5,25.930000,484.391000,OK
2,8,adjacent,400,30,16,187,REV,E12,E11,E4,E5,-25.883000,483.753000,OK
2,8,adjacent,400,30,16,188,FWD,E11,E12,E5,E6,25.937000,484.551000,OK
2,8,adjacent,400,30,16,189,REV,E12,E11,E5,E6,-25.844000,483.912000,OK
2,8,adjacent,400,30,16,190,FWD,E11,E12,E6,E7,-8.711000,485.189000,OK
2,8,adjacent,400,30,16,191,REV,E12,E11,E6,E7,8.688000,484.471000,OK
2,8,adjacent,400,30,16,192,FWD,E11,E12,E7,E8,-8.711000,485.029000,OK
2,8,adjacent,400,30,16,193,REV,E12,E11,E7,E8,8.703000,484.311000,OK
2,8,adjacent,400,30,16,194,FWD,E11,E12,E8,E9,-8.656000,485.269000,OK
2,8,adjacent,400,30,16,195,REV,E12,E11,E8,E9,8.719000,484.231000,OK
2,8,adjacent,400,30,16,196,FWD,E11,E12,E9,E10,-8.477000,485.189000,OK
2,8,adjacent,400,30,16,197,REV,E12,E11,E9,E10,8.453000,483.912000,OK
2,8,adjacent,400,30,16,198,FWD,E12,E1,E2,E3,-43.266000,482.955000,OK
2,8,adjacent,400,30,16,199,REV,E1,E12,E2,E3,43.117000,482.157000,OK
2,8,adjacent,400,30,16,200,FWD,E12,E1,E3,E4,-43.164000,483.274000,OK
2,8,adjacent,400,30,16,201,REV,E1,E12,E3,E4,43.055000,482.476000,OK
2,8,adjacent,400,30,16,202,FWD,E12,E1,E4,E5,26.297000,483.274000,OK
2,8,adjacent,400,30,16,203,REV,E1,E12,E4,E5,-26.242000,481.997000,OK
2,8,adjacent,400,30,16,204,FWD,E12,E1,E5,E6,25.844000,483.433000,OK
2,8,adjacent,400,30,16,205,REV,E1,E12,E5,E6,-25.664000,482.077000,OK
2,8,adjacent,400,30,16,206,FWD,E12,E1,E6,E7,-8.672000,482.955000,OK
2,8,adjacent,400,30,16,207,REV,E1,E12,E6,E7,8.641000,483.194000,OK
2,8,adjacent,400,30,16,208,FWD,E12,E1,E7,E8,-8.656000,483.274000,OK
2,8,adjacent,400,30,16,209,REV,E1,E12,E7,E8,8.672000,483.034000,OK
2,8,adjacent,400,30,16,210,FWD,E12,E1,E8,E9,-8.672000,483.354000,OK
2,8,adjacent,400,30,16,211,REV,E1,E12,E8,E9,8.688000,482.236000,OK
2,8,adjacent,400,30,16,212,FWD,E12,E1,E9,E10,-8.438000,483.274000,OK
2,8,adjacent,400,30,16,213,REV,E1,E12,E9,E10,8.422000,482.955000,OK
2,8,adjacent,400,30,16,214,FWD,E12,E1,E10,E11,-52.320000,483.194000,OK
2,8,adjacent,400,30,16,215,REV,E1,E12,E10,E11,-70.000000,482.157000,OK
3,9,adjacent,400,30,16,0,FWD,E1,E2,E3,E4,-43.648000,481.199000,OK
3,9,adjacent,400,30,16,1,REV,E2,E1,E3,E4,43.617000,482.316000,OK
3,9,adjacent,400,30,16,2,FWD,E1,E2,E4,E5,-78.523000,480.800000,OK
3,9,adjacent,400,30,16,3,REV,E2,E1,E4,E5,78.969000,483.114000,OK
3,9,adjacent,400,30,16,4,FWD,E1,E2,E5,E6,26.289000,481.359000,OK
3,9,adjacent,400,30,16,5,REV,E2,E1,E5,E6,-26.250000,482.236000,OK
3,9,adjacent,400,30,16,6,FWD,E1,E2,E6,E7,-8.766000,481.678000,OK
3,9,adjacent,400,30,16,7,REV,E2,E1,E6,E7,8.766000,482.715000,OK
3,9,adjacent,400,30,16,8,FWD,E1,E2,E7,E8,-8.766000,481.518000,OK
3,9,adjacent,400,30,16,9,REV,E2,E1,E7,E8,8.781000,482.955000,OK
3,9,adjacent,400,30,16,10,FWD,E1,E2,E8,E9,-8.750000,481.678000,OK
3,9,adjacent,400,30,16,11,REV,E2,E1,E8,E9,8.828000,483.114000,OK
3,9,adjacent,400,30,16,12,FWD,E1,E2,E9,E10,-8.523000,481.199000,OK
3,9,adjacent,400,30,16,13,REV,E2,E1,E9,E10,8.609000,483.114000,OK
3,9,adjacent,400,30,16,14,FWD,E1,E2,E10,E11,-54.055000,481.598000,OK
3,9,adjacent,400,30,16,15,REV,E2,E1,E10,E11,-69.625000,482.955000,OK
3,9,adjacent,400,30,16,16,FWD,E1,E2,E11,E12,-57.633000,481.279000,OK
3,9,adjacent,400,30,16,17,REV,E2,E1,E11,E12,-78.375000,482.077000,OK
3,9,adjacent,400,30,16,18,FWD,E2,E3,E4,E5,-78.734000,482.875000,OK
3,9,adjacent,400,30,16,19,REV,E3,E2,E4,E5,78.734000,482.236000,OK
3,9,adjacent,400,30,16,20,FWD,E2,E3,E5,E6,-79.016000,482.795000,OK
3,9,adjacent,400,30,16,21,REV,E3,E2,E5,E6,79.094000,482.316000,OK
3,9,adjacent,400,30,16,22,FWD,E2,E3,E6,E7,-8.797000,483.194000,OK
3,9,adjacent,400,30,16,23,REV,E3,E2,E6,E7,8.797000,482.795000,OK
3,9,adjacent,400,30,16,24,FWD,E2,E3,E7,E8,-8.984000,483.354000,OK
3,9,adjacent,400,30,16,25,REV,E3,E2,E7,E8,8.734000,482.715000,OK
3,9,adjacent,400,30,16,26,FWD,E2,E3,E8,E9,10.898000,482.795000,OK
3,9,adjacent,400,30,16,27,REV,E3,E2,E8,E9,14.570000,482.316000,OK
3,9,adjacent,400,30,16,28,FWD,E2,E3,E9,E10,-8.625000,483.194000,OK
3,9,adjacent,400,30,16,29,REV,E3,E2,E9,E10,8.617000,482.476000,OK
3,9,adjacent,400,30,16,30,FWD,E2,E3,E10,E11,-54.133000,483.034000,OK
3,9,adjacent,400,30,16,31,REV,E3,E2,E10,E11,-65.852000,482.077000,OK
3,9,adjacent,400,30,16,32,FWD,E2,E3,E11,E12,-58.211000,483.034000,OK
3,9,adjacent,400,30,16,33,REV,E3,E2,E11,E12,-78.703000,482.316000,OK
3,9,adjacent,400,30,16,34,FWD,E2,E3,E12,E1,-8.727000,483.034000,OK
3,9,adjacent,400,30,16,35,REV,E3,E2,E12,E1,8.758000,482.635000,OK
3,9,adjacent,400,30,16,36,FWD,E3,E4,E1,E2,-8.641000,484.231000,OK
3,9,adjacent,400,30,16,37,REV,E4,E3,E1,E2,8.766000,484.630000,OK
3,9,adjacent,400,30,16,38,FWD,E3,E4,E5,E6,-77.531000,482.955000,OK
3,9,adjacent,400,30,16,39,REV,E4,E3,E5,E6,77.648000,483.992000,OK
3,9,adjacent,400,30,16,40,FWD,E3,E4,E6,E7,-8.672000,483.832000,OK
3,9,adjacent,400,30,16,41,REV,E4,E3,E6,E7,8.656000,485.029000,OK
3,9,adjacent,400,30,16,42,FWD,E3,E4,E7,E8,-32.156000,483.593000,OK
3,9,adjacent,400,30,16,43,REV,E4,E3,E7,E8,-2.719000,484.710000,OK
3,9,adjacent,400,30,16,44,FWD,E3,E4,E8,E9,28.695000,483.593000,OK
3,9,adjacent,400,30,16,45,REV,E4,E3,E8,E9,21.922000,484.231000,OK
3,9,adjacent,400,30,16,46,FWD,E3,E4,E9,E10,-8.492000,484.231000,OK
3,9,adjacent,400,30,16,47,REV,E4,E3,E9,E10,8.492000,484.630000,OK
3,9,adjacent,400,30,16,48,FWD,E3,E4,E10,E11,-55.484000,483.912000,OK
3,9,adjacent,400,30,16,49,REV,E4,E3,E10,E11,-65.766000,484.391000,OK
3,9,adjacent,400,30,16,50,FWD,E3,E4,E11,E12,-60.438000,483.194000,OK
3,9,adjacent,400,30,16,51,REV,E4,E3,E11,E12,-76.500000,484.311000,OK
3,9,adjacent,400,30,16,52,FWD,E3,E4,E12,E1,-8.508000,483.753000,OK
3,9,adjacent,400,30,16,53,REV,E4,E3,E12,E1,8.594000,484.790000,OK
3,9,adjacent,400,30,16,54,FWD,E4,E5,E1,E2,-8.648000,483.912000,OK
3,9,adjacent,400,30,16,55,REV,E5,E4,E1,E2,8.711000,483.753000,OK
3,9,adjacent,400,30,16,56,FWD,E4,E5,E2,E3,60.320000,483.433000,OK
3,9,adjacent,400,30,16,57,REV,E5,E4,E2,E3,-60.250000,483.354000,OK
3,9,adjacent,400,30,16,58,FWD,E4,E5,E6,E7,-8.703000,483.912000,OK
3,9,adjacent,400,30,16,59,REV,E5,E4,E6,E7,8.625000,483.832000,OK
3,9,adjacent,400,30,16,60,FWD,E4,E5,E7,E8,-34.000000,484.072000,OK
3,9,adjacent,400,30,16,61,REV,E5,E4,E7,E8,-4.000000,483.912000,OK
3,9,adjacent,400,30,16,62,FWD,E4,E5,E8,E9,29.289000,484.471000,OK
3,9,adjacent,400,30,16,63,REV,E5,E4,E8,E9,15.977000,483.753000,OK
3,9,adjacent,400,30,16,64,FWD,E4,E5,E9,E10,-8.547000,484.311000,OK
3,9,adjacent,400,30,16,65,REV,E5,E4,E9,E10,8.453000,483.673000,OK
3,9,adjacent,400,30,16,66,FWD,E4,E5,E10,E11,-56.625000,483.912000,OK
3,9,adjacent,400,30,16,67,REV,E5,E4,E10,E11,-65.680000,483.513000,OK
3,9,adjacent,400,30,16,68,FWD,E4,E5,E11,E12,-60.586000,483.753000,OK
3,9,adjacent,400,30,16,69,REV,E5,E4,E11,E12,-75.813000,483.274000,OK
3,9,adjacent,400,30,16,70,FWD,E4,E5,E12,E1,-8.578000,484.152000,OK
3,9,adjacent,400,30,16,71,REV,E5,E4,E12,E1,8.594000,483.832000,OK
3,9,adjacent,400,30,16,72,FWD,E5,E6,E1,E2,-8.633000,476.092000,OK
3,9,adjacent,400,30,16,73,REV,E6,E5,E1,E2,8.695000,477.129000,OK
3,9,adjacent,400,30,16,74,FWD,E5,E6,E2,E3,60.086000,475.932000,OK
3,9,adjacent,400,30,16,75,REV,E6,E5,E2,E3,-60.031000,476.331000,OK
3,9,adjacent,400,30,16,76,FWD,E5,E6,E3,E4,21.766000,475.533000,OK
3,9,adjacent,400,30,16,77,REV,E6,E5,E3,E4,-58.570000,476.251000,OK
3,9,adjacent,400,30,16,78,FWD,E5,E6,E7,E8,-36.188000,476.570000,OK
3,9,adjacent,400,30,16,79,REV,E6,E5,E7,E8,-2.250000,477.129000,OK
3,9,adjacent,400,30,16,80,FWD,E5,E6,E8,E9,28.602000,476.331000,OK
3,9,adjacent,400,30,16,81,REV,E6,E5,E8,E9,20.570000,476.092000,OK
3,9,adjacent,400,30,16,82,FWD,E5,E6,E9,E10,-8.469000,476.171000,OK
3,9,adjacent,400,30,16,83,REV,E6,E5,E9,E10,8.430000,476.411000,OK
3,9,adjacent,400,30,16,84,FWD,E5,E6,E10,E11,-57.500000,476.012000,OK
3,9,adjacent,400,30,16,85,REV,E6,E5,E10,E11,-64.445000,476.171000,OK
3,9,adjacent,400,30,16,86,FWD,E5,E6,E11,E12,-61.023000,475.613000,OK
3,9,adjacent,400,30,16,87,REV,E6,E5,E11,E12,-75.508000,475.772000,OK
3,9,adjacent,400,30,16,88,FWD,E5,E6,E12,E1,-8.555000,475.693000,OK
3,9,adjacent,400,30,16,89,REV,E6,E5,E12,E1,8.586000,476.491000,OK
3,9,adjacent,400,30,16,90,FWD,E6,E7,E1,E2,-8.672000,477.767000,OK
3,9,adjacent,400,30,16,91,REV,E7,E6,E1,E2,8.672000,476.411000,OK
3,9,adjacent,400,30,16,92,FWD,E6,E7,E2,E3,60.469000,477.129000,OK
3,9,adjacent,400,30,16,93,REV,E7,E6,E2,E3,-60.172000,475.533000,OK
3,9,adjacent,400,30,16,94,FWD,E6,E7,E3,E4,27.211000,476.969000,OK
3,9,adjacent,400,30,16,95,REV,E7,E6,E3,E4,-60.398000,475.852000,OK
3,9,adjacent,400,30,16,96,FWD,E6,E7,E4,E5,25.867000,476.890000,OK
3,9,adjacent,400,30,16,97,REV,E7,E6,E4,E5,-25.891000,475.772000,OK
3,9,adjacent,400,30,16,98,FWD,E6,E7,E8,E9,30.383000,477.049000,OK
3,9,adjacent,400,30,16,99,REV,E7,E6,E8,E9,17.727000,475.932000,OK
3,9,adjacent,400,30,16,100,FWD,E6,E7,E9,E10,-8.508000,477.448000,OK
3,9,adjacent,400,30,16,101,REV,E7,E6,E9,E10,8.391000,476.171000,OK
3,9,adjacent,400,30,16,102,FWD,E6,E7,E10,E11,-62.617000,477.049000,OK
3,9,adjacent,400,30,16,103,REV,E7,E6,E10,E11,-61.141000,475.613000,OK
3,9,adjacent,400,30,16,104,FWD,E6,E7,E11,E12,-66.867000,477.289000,OK
3,9,adjacent,400,30,16,105,REV,E7,E6,E11,E12,-71.617000,475.693000,OK
3,9,adjacent,400,30,16,106,FWD,E6,E7,E12,E1,-8.555000,477.927000,OK
3,9,adjacent,400,30,16,107,REV,E7,E6,E12,E1,8.547000,475.613000,OK
3,9,adjacent,400,30,16,108,FWD,E7,E8,E1,E2,-0.008000,0.958000,I_LOW
3,9,adjacent,400,30,16,109,REV,E8,E7,E1,E2,0.031000,1.197000,I_LOW
3,9,adjacent,400,30,16,110,FWD,E7,E8,E2,E3,-0.023000,1.197000,I_LOW
3,9,adjacent,400,30,16,111,REV,E8,E7,E2,E3,0.195000,1.676000,I_LOW
3,9,adjacent,400,30,16,112,FWD,E7,E8,E3,E4,556.844000,0.878000,I_LOW
3,9,adjacent,400,30,16,113,REV,E8,E7,E3,E4,-557.031000,1.516000,I_LOW
3,9,adjacent,400,30,16,114,FWD,E7,E8,E4,E5,0.055000,1.037000,I_LOW
3,9,adjacent,400,30,16,115,REV,E8,E7,E4,E5,-0.109000,1.037000,I_LOW
3,9,adjacent,400,30,16,116,FWD,E7,E8,E5,E6,25.711000,477.049000,OK
3,9,adjacent,400,30,16,117,REV,E8,E7,E5,E6,-25.852000,476.810000,OK
3,9,adjacent,400,30,16,118,FWD,E7,E8,E9,E10,-8.469000,477.049000,OK
3,9,adjacent,400,30,16,119,REV,E8,E7,E9,E10,8.398000,477.927000,OK
3,9,adjacent,400,30,16,120,FWD,E7,E8,E10,E11,-77.391000,476.810000,OK
3,9,adjacent,400,30,16,121,REV,E8,E7,E10,E11,-52.414000,477.368000,OK
3,9,adjacent,400,30,16,122,FWD,E7,E8,E11,E12,-84.188000,476.251000,OK
3,9,adjacent,400,30,16,123,REV,E8,E7,E11,E12,-59.203000,477.289000,OK
3,9,adjacent,400,30,16,124,FWD,E7,E8,E12,E1,-8.586000,477.528000,OK
3,9,adjacent,400,30,16,125,REV,E8,E7,E12,E1,8.531000,477.688000,OK
3,9,adjacent,400,30,16,126,FWD,E8,E9,E1,E2,-8.711000,476.650000,OK
3,9,adjacent,400,30,16,127,REV,E9,E8,E1,E2,8.727000,476.969000,OK
3,9,adjacent,400,30,16,128,FWD,E8,E9,E2,E3,-43.156000,476.969000,OK
3,9,adjacent,400,30,16,129,REV,E9,E8,E2,E3,43.328000,476.969000,OK
3,9,adjacent,400,30,16,130,FWD,E8,E9,E3,E4,-50.227000,476.810000,OK
3,9,adjacent,400,30,16,131,REV,E9,E8,E3,E4,50.461000,476.650000,OK
3,9,adjacent,400,30,16,132,FWD,E8,E9,E4,E5,25.961000,476.810000,OK
3,9,adjacent,400,30,16,133,REV,E9,E8,E4,E5,-25.930000,476.491000,OK
3,9,adjacent,400,30,16,134,FWD,E8,E9,E5,E6,25.797000,476.969000,OK
3,9,adjacent,400,30,16,135,REV,E9,E8,E5,E6,-25.906000,476.650000,OK
3,9,adjacent,400,30,16,136,FWD,E8,E9,E6,E7,-8.641000,476.890000,OK
3,9,adjacent,400,30,16,137,REV,E9,E8,E6,E7,8.758000,477.368000,OK
3,9,adjacent,400,30,16,138,FWD,E8,E9,E10,E11,-78.625000,476.810000,OK
3,9,adjacent,400,30,16,139,REV,E9,E8,E10,E11,-48.609000,476.570000,OK
3,9,adjacent,400,30,16,140,FWD,E8,E9,E11,E12,-84.984000,476.171000,OK
3,9,adjacent,400,30,16,141,REV,E9,E8,E11,E12,-55.836000,476.650000,OK
3,9,adjacent,400,30,16,142,FWD,E8,E9,E12,E1,-8.578000,477.209000,OK
3,9,adjacent,400,30,16,143,REV,E9,E8,E12,E1,8.570000,477.049000,OK
3,9,adjacent,400,30,16,144,FWD,E9,E10,E1,E2,-8.617000,485.109000,OK
3,9,adjacent,400,30,16,145,REV,E10,E9,E1,E2,8.594000,485.189000,OK
3,9,adjacent,400,30,16,146,FWD,E9,E10,E2,E3,-42.836000,484.471000,OK
3,9,adjacent,400,30,16,147,REV,E10,E9,E2,E3,42.844000,484.950000,OK
3,9,adjacent,400,30,16,148,FWD,E9,E10,E3,E4,-42.672000,484.471000,OK
3,9,adjacent,400,30,16,149,REV,E10,E9,E3,E4,42.938000,484.630000,OK
3,9,adjacent,400,30,16,150,FWD,E9,E10,E4,E5,25.719000,484.551000,OK
3,9,adjacent,400,30,16,151,REV,E10,E9,E4,E5,-25.719000,483.992000,OK
3,9,adjacent,400,30,16,152,FWD,E9,E10,E5,E6,25.602000,484.630000,OK
3,9,adjacent,400,30,16,153,REV,E10,E9,E5,E6,-25.578000,484.391000,OK
3,9,adjacent,400,30,16,154,FWD,E9,E10,E6,E7,-8.516000,485.428000,OK
3,9,adjacent,400,30,16,155,REV,E10,E9,E6,E7,8.586000,484.790000,OK
3,9,adjacent,400,30,16,156,FWD,E9,E10,E7,E8,-8.508000,485.349000,OK
3,9,adjacent,400,30,16,157,REV,E10,E9,E7,E8,8.609000,485.349000,OK
3,9,adjacent,400,30,16,158,FWD,E9,E10,E11,E12,-76.563000,485.109000,OK
3,9,adjacent,400,30,16,159,REV,E10,E9,E11,E12,-51.742000,484.152000,OK
3,9,adjacent,400,30,16,160,FWD,E9,E10,E12,E1,-8.469000,485.508000,OK
3,9,adjacent,400,30,16,161,REV,E10,E9,E12,E1,8.430000,484.870000,OK
3,9,adjacent,400,30,16,162,FWD,E10,E11,E1,E2,-8.734000,483.593000,OK
3,9,adjacent,400,30,16,163,REV,E11,E10,E1,E2,8.719000,484.630000,OK
3,9,adjacent,400,30,16,164,FWD,E10,E11,E2,E3,-43.344000,483.194000,OK
3,9,adjacent,400,30,16,165,REV,E11,E10,E2,E3,43.469000,484.471000,OK
3,9,adjacent,400,30,16,166,FWD,E10,E11,E3,E4,-43.219000,482.795000,OK
3,9,adjacent,400,30,16,167,REV,E11,E10,E3,E4,43.445000,483.912000,OK
3,9,adjacent,400,30,16,168,FWD,E10,E11,E4,E5,26.102000,483.194000,OK
3,9,adjacent,400,30,16,169,REV,E11,E10,E4,E5,-26.086000,484.231000,OK
3,9,adjacent,400,30,16,170,FWD,E10,E11,E5,E6,25.945000,483.034000,OK
3,9,adjacent,400,30,16,171,REV,E11,E10,E5,E6,-26.000000,483.912000,OK
3,9,adjacent,400,30,16,172,FWD,E10,E11,E6,E7,-8.680000,483.354000,OK
3,9,adjacent,400,30,16,173,REV,E11,E10,E6,E7,8.734000,484.152000,OK
3,9,adjacent,400,30,16,174,FWD,E10,E11,E7,E8,-8.688000,483.593000,OK
3,9,adjacent,400,30,16,175,REV,E11,E10,E7,E8,8.758000,484.072000,OK
3,9,adjacent,400,30,16,176,FWD,E10,E11,E8,E9,-8.742000,483.753000,OK
3,9,adjacent,400,30,16,177,REV,E11,E10,E8,E9,8.742000,484.471000,OK
3,9,adjacent,400,30,16,178,FWD,E10,E11,E12,E1,-8.664000,483.513000,OK
3,9,adjacent,400,30,16,179,REV,E11,E10,E12,E1,8.570000,484.471000,OK
3,9,adjacent,400,30,16,180,FWD,E11,E12,E1,E2,-8.727000,484.710000,OK
3,9,adjacent,400,30,16,181,REV,E12,E11,E1,E2,8.680000,484.391000,OK
3,9,adjacent,400,30,16,182,FWD,E11,E12,E2,E3,-43.328000,484.630000,OK
3,9,adjacent,400,30,16,183,REV,E12,E11,E2,E3,43.203000,483.992000,OK
3,9,adjacent,400,30,16,184,FWD,E11,E12,E3,E4,-43.172000,484.870000,OK
3,9,adjacent,400,30,16,185,REV,E12,E11,E3,E4,43.156000,483.593000,OK
3,9,adjacent,400,30,16,186,FWD,E11,E12,E4,E5,26.148000,484.072000,OK
3,9,adjacent,400,30,16,187,REV,E12,E11,E4,E5,-25.867000,484.072000,OK
3,9,adjacent,400,30,16,188,FWD,E11,E12,E5,E6,25.977000,484.311000,OK
3,9,adjacent,400,30,16,189,REV,E12,E11,E5,E6,-25.773000,483.753000,OK
3,9,adjacent,400,30,16,190,FWD,E11,E12,E6,E7,-8.703000,485.029000,OK
3,9,adjacent,400,30,16,191,REV,E12,E11,E6,E7,8.688000,483.992000,OK
3,9,adjacent,400,30,16,192,FWD,E11,E12,E7,E8,-8.664000,484.870000,OK
3,9,adjacent,400,30,16,193,REV,E12,E11,E7,E8,8.711000,483.832000,OK
3,9,adjacent,400,30,16,194,FWD,E11,E12,E8,E9,-8.695000,484.630000,OK
3,9,adjacent,400,30,16,195,REV,E12,E11,E8,E9,8.719000,484.311000,OK
3,9,adjacent,400,30,16,196,FWD,E11,E12,E9,E10,-8.461000,484.790000,OK
3,9,adjacent,400,30,16,197,REV,E12,E11,E9,E10,8.531000,484.471000,OK
3,9,adjacent,400,30,16,198,FWD,E12,E1,E2,E3,-43.195000,482.795000,OK
3,9,adjacent,400,30,16,199,REV,E1,E12,E2,E3,43.109000,482.157000,OK
3,9,adjacent,400,30,16,200,FWD,E12,E1,E3,E4,-43.125000,483.194000,OK
3,9,adjacent,400,30,16,201,REV,E1,E12,E3,E4,43.039000,481.917000,OK
3,9,adjacent,400,30,16,202,FWD,E12,E1,E4,E5,26.422000,483.034000,OK
3,9,adjacent,400,30,16,203,REV,E1,E12,E4,E5,-26.125000,482.077000,OK
3,9,adjacent,400,30,16,204,FWD,E12,E1,E5,E6,25.820000,483.433000,OK
3,9,adjacent,400,30,16,205,REV,E1,E12,E5,E6,-25.773000,482.316000,OK
3,9,adjacent,400,30,16,206,FWD,E12,E1,E6,E7,-8.664000,482.635000,OK
3,9,adjacent,400,30,16,207,REV,E1,E12,E6,E7,8.641000,482.875000,OK
3,9,adjacent,400,30,16,208,FWD,E12,E1,E7,E8,-8.648000,483.433000,OK
3,9,adjacent,400,30,16,209,REV,E1,E12,E7,E8,8.648000,482.795000,OK
3,9,adjacent,400,30,16,210,FWD,E12,E1,E8,E9,-8.672000,483.194000,OK
3,9,adjacent,400,30,16,211,REV,E1,E12,E8,E9,8.680000,482.635000,OK
3,9,adjacent,400,30,16,212,FWD,E12,E1,E9,E10,-8.422000,483.673000,OK
3,9,adjacent,400,30,16,213,REV,E1,E12,E9,E10,8.453000,482.476000,OK
3,9,adjacent,400,30,16,214,FWD,E12,E1,E10,E11,-52.344000,482.795000,OK
3,9,adjacent,400,30,16,215,REV,E1,E12,E10,E11,-70.688000,481.997000,OK
4,10,adjacent,400,30,16,0,FWD,E1,E2,E3,E4,-43.547000,480.880000,OK
4,10,adjacent,400,30,16,1,REV,E2,E1,E3,E4,43.680000,482.875000,OK
4,10,adjacent,400,30,16,2,FWD,E1,E2,E4,E5,-78.438000,480.960000,OK
4,10,adjacent,400,30,16,3,REV,E2,E1,E4,E5,78.930000,482.556000,OK
4,10,adjacent,400,30,16,4,FWD,E1,E2,E5,E6,26.258000,480.960000,OK
4,10,adjacent,400,30,16,5,REV,E2,E1,E5,E6,-26.312000,482.635000,OK
4,10,adjacent,400,30,16,6,FWD,E1,E2,E6,E7,-8.773000,481.119000,OK
4,10,adjacent,400,30,16,7,REV,E2,E1,E6,E7,8.773000,483.034000,OK
4,10,adjacent,400,30,16,8,FWD,E1,E2,E7,E8,-8.734000,481.758000,OK
4,10,adjacent,400,30,16,9,REV,E2,E1,E7,E8,8.758000,483.114000,OK
4,10,adjacent,400,30,16,10,FWD,E1,E2,E8,E9,-8.742000,481.279000,OK
4,10,adjacent,400,30,16,11,REV,E2,E1,E8,E9,8.797000,482.875000,OK
4,10,adjacent,400,30,16,12,FWD,E1,E2,E9,E10,-8.523000,481.678000,OK
4,10,adjacent,400,30,16,13,REV,E2,E1,E9,E10,8.563000,482.556000,OK
4,10,adjacent,400,30,16,14,FWD,E1,E2,E10,E11,-52.336000,481.119000,OK
4,10,adjacent,400,30,16,15,REV,E2,E1,E10,E11,-69.164000,482.157000,OK
4,10,adjacent,400,30,16,16,FWD,E1,E2,E11,E12,-57.227000,481.359000,OK
4,10,adjacent,400,30,16,17,REV,E2,E1,E11,E12,-79.844000,482.875000,OK
4,10,adjacent,400,30,16,18,FWD,E2,E3,E4,E5,-78.766000,482.077000,OK
4,10,adjacent,400,30,16,19,REV,E3,E2,E4,E5,78.734000,482.077000,OK
4,10,adjacent,400,30,16,20,FWD,E2,E3,E5,E6,-79.000000,482.556000,OK
4,10,adjacent,400,30,16,21,REV,E3,E2,E5,E6,79.016000,481.678000,OK
4,10,adjacent,400,30,16,22,FWD,E2,E3,E6,E7,-8.836000,483.354000,OK
4,10,adjacent,400,30,16,23,REV,E3,E2,E6,E7,8.813000,482.715000,OK
4,10,adjacent,400,30,16,24,FWD,E2,E3,E7,E8,-8.789000,483.034000,OK
4,10,adjacent,400,30,16,25,REV,E3,E2,E7,E8,8.813000,482.795000,OK
4,10,adjacent,400,30,16,26,FWD,E2,E3,E8,E9,-8.828000,482.556000,OK
4,10,adjacent,400,30,16,27,REV,E3,E2,E8,E9,8.844000,483.034000,OK
4,10,adjacent,400,30,16,28,FWD,E2,E3,E9,E10,-8.641000,482.955000,OK
4,10,adjacent,400,30,16,29,REV,E3,E2,E9,E10,8.617000,482.795000,OK
4,10,adjacent,400,30,16,30,FWD,E2,E3,E10,E11,-54.414000,482.875000,OK
4,10,adjacent,400,30,16,31,REV,E3,E2,E10,E11,-67.188000,482.476000,OK
4,10,adjacent,400,30,16,32,FWD,E2,E3,E11,E12,-58.500000,482.715000,OK
4,10,adjacent,400,30,16,33,REV,E3,E2,E11,E12,-79.406000,481.997000,OK
4,10,adjacent,400,30,16,34,FWD,E2,E3,E12,E1,-8.688000,483.114000,OK
4,10,adjacent,400,30,16,35,REV,E3,E2,E12,E1,8.742000,482.955000,OK
4,10,adjacent,400,30,16,36,FWD,E3,E4,E1,E2,-8.625000,483.912000,OK
4,10,adjacent,400,30,16,37,REV,E4,E3,E1,E2,8.734000,484.790000,OK
4,10,adjacent,400,30,16,38,FWD,E3,E4,E5,E6,-77.523000,483.274000,OK
4,10,adjacent,400,30,16,39,REV,E4,E3,E5,E6,77.641000,484.391000,OK
4,10,adjacent,400,30,16,40,FWD,E3,E4,E6,E7,-8.656000,483.753000,OK
4,10,adjacent,400,30,16,41,REV,E4,E3,E6,E7,8.672000,484.710000,OK
4,10,adjacent,400,30,16,42,FWD,E3,E4,E7,E8,-8.680000,484.391000,OK
4,10,adjacent,400,30,16,43,REV,E4,E3,E7,E8,8.688000,484.311000,OK
4,10,adjacent,400,30,16,44,FWD,E3,E4,E8,E9,-8.680000,483.832000,OK
4,10,adjacent,400,30,16,45,REV,E4,E3,E8,E9,8.703000,484.950000,OK
4,10,adjacent,400,30,16,46,FWD,E3,E4,E9,E10,-8.508000,484.072000,OK
4,10,adjacent,400,30,16,47,REV,E4,E3,E9,E10,8.484000,484.471000,OK
4,10,adjacent,400,30,16,48,FWD,E3,E4,E10,E11,-54.961000,483.753000,OK
4,10,adjacent,400,30,16,49,REV,E4,E3,E10,E11,-65.578000,483.673000,OK
4,10,adjacent,400,30,16,50,FWD,E3,E4,E11,E12,-59.633000,483.832000,OK
4,10,adjacent,400,30,16,51,REV,E4,E3,E11,E12,-76.281000,484.471000,OK
4,10,adjacent,400,30,16,52,FWD,E3,E4,E12,E1,-8.531000,483.513000,OK
4,10,adjacent,400,30,16,53,REV,E4,E3,E12,E1,8.586000,485.029000,OK
4,10,adjacent,400,30,16,54,FWD,E4,E5,E1,E2,-8.711000,484.072000,OK
4,10,adjacent,400,30,16,55,REV,E5,E4,E1,E2,8.727000,483.753000,OK
4,10,adjacent,400,30,16,56,FWD,E4,E5,E2,E3,60.344000,483.992000,OK
4,10,adjacent,400,30,16,57,REV,E5,E4,E2,E3,-60.250000,483.832000,OK
4,10,adjacent,400,30,16,58,FWD,E4,E5,E6,E7,-8.742000,483.593000,OK
4,10,adjacent,400,30,16,59,REV,E5,E4,E6,E7,8.641000,483.992000,OK
4,10,adjacent,400,30,16,60,FWD,E4,E5,E7,E8,-8.727000,484.231000,OK
4,10,adjacent,400,30,16,61,REV,E5,E4,E7,E8,8.688000,484.231000,OK
4,10,adjacent,400,30,16,62,FWD,E4,E5,E8,E9,-8.719000,484.391000,OK
4,10,adjacent,400,30,16,63,REV,E5,E4,E8,E9,8.703000,483.593000,OK
4,10,adjacent,400,30,16,64,FWD,E4,E5,E9,E10,-8.492000,484.870000,OK
4,10,adjacent,400,30,16,65,REV,E5,E4,E9,E10,8.492000,483.593000,OK
4,10,adjacent,400,30,16,66,FWD,E4,E5,E10,E11,-55.359000,483.593000,OK
4,10,adjacent,400,30,16,67,REV,E5,E4,E10,E11,-63.859000,483.513000,OK
4,10,adjacent,400,30,16,68,FWD,E4,E5,E11,E12,-60.281000,483.593000,OK
4,10,adjacent,400,30,16,69,REV,E5,E4,E11,E12,-75.281000,483.354000,OK
4,10,adjacent,400,30,16,70,FWD,E4,E5,E12,E1,-8.594000,484.391000,OK
4,10,adjacent,400,30,16,71,REV,E5,E4,E12,E1,8.586000,484.152000,OK
4,10,adjacent,400,30,16,72,FWD,E5,E6,E1,E2,-8.664000,476.491000,OK
4,10,adjacent,400,30,16,73,REV,E6,E5,E1,E2,8.695000,476.491000,OK
4,10,adjacent,400,30,16,74,FWD,E5,E6,E2,E3,60.164000,476.092000,OK
4,10,adjacent,400,30,16,75,REV,E6,E5,E2,E3,-60.047000,476.730000,OK
4,10,adjacent,400,30,16,76,FWD,E5,E6,E3,E4,60.203000,476.171000,OK
4,10,adjacent,400,30,16,77,REV,E6,E5,E3,E4,-60.188000,476.331000,OK
4,10,adjacent,400,30,16,78,FWD,E5,E6,E7,E8,-8.648000,476.491000,OK
4,10,adjacent,400,30,16,79,REV,E6,E5,E7,E8,8.594000,477.049000,OK
4,10,adjacent,400,30,16,80,FWD,E5,E6,E8,E9,-8.719000,476.251000,OK
4,10,adjacent,400,30,16,81,REV,E6,E5,E8,E9,8.641000,476.969000,OK
4,10,adjacent,400,30,16,82,FWD,E5,E6,E9,E10,-8.453000,475.852000,OK
4,10,adjacent,400,30,16,83,REV,E6,E5,E9,E10,8.469000,476.890000,OK
4,10,adjacent,400,30,16,84,FWD,E5,E6,E10,E11,-57.125000,475.852000,OK
4,10,adjacent,400,30,16,85,REV,E6,E5,E10,E11,-64.547000,476.331000,OK
4,10,adjacent,400,30,16,86,FWD,E5,E6,E11,E12,-61.070000,475.932000,OK
4,10,adjacent,400,30,16,87,REV,E6,E5,E11,E12,-72.320000,476.650000,OK
4,10,adjacent,400,30,16,88,FWD,E5,E6,E12,E1,-8.531000,476.331000,OK
4,10,adjacent,400,30,16,89,REV,E6,E5,E12,E1,8.570000,477.049000,OK
4,10,adjacent,400,30,16,90,FWD,E6,E7,E1,E2,-8.672000,477.927000,OK
4,10,adjacent,400,30,16,91,REV,E7,E6,E1,E2,8.664000,476.171000,OK
4,10,adjacent,400,30,16,92,FWD,E6,E7,E2,E3,60.633000,477.608000,OK
4,10,adjacent,400,30,16,93,REV,E7,E6,E2,E3,-60.172000,476.012000,OK
4,10,adjacent,400,30,16,94,FWD,E6,E7,E3,E4,60.398000,477.448000,OK
4,10,adjacent,400,30,16,95,REV,E7,E6,E3,E4,-60.039000,476.491000,OK
4,10,adjacent,400,30,16,96,FWD,E6,E7,E4,E5,25.906000,477.448000,OK
4,10,adjacent,400,30,16,97,REV,E7,E6,E4,E5,-25.922000,476.092000,OK
4,10,adjacent,400,30,16,98,FWD,E6,E7,E8,E9,-8.648000,477.927000,OK
4,10,adjacent,400,30,16,99,REV,E7,E6,E8,E9,8.633000,476.171000,OK
4,10,adjacent,400,30,16,100,FWD,E6,E7,E9,E10,-8.500000,477.927000,OK
4,10,adjacent,400,30,16,101,REV,E7,E6,E9,E10,8.406000,476.411000,OK
4,10,adjacent,400,30,16,102,FWD,E6,E7,E10,E11,-60.477000,477.448000,OK
4,10,adjacent,400,30,16,103,REV,E7,E6,E10,E11,-60.555000,476.251000,OK
4,10,adjacent,400,30,16,104,FWD,E6,E7,E11,E12,-65.078000,477.209000,OK
4,10,adjacent,400,30,16,105,REV,E7,E6,E11,E12,-68.102000,476.331000,OK
4,10,adjacent,400,30,16,106,FWD,E6,E7,E12,E1,-8.586000,477.129000,OK
4,10,adjacent,400,30,16,107,REV,E7,E6,E12,E1,8.531000,476.251000,OK
4,10,adjacent,400,30,16,108,FWD,E7,E8,E1,E2,-8.633000,476.411000,OK
4,10,adjacent,400,30,16,109,REV,E8,E7,E1,E2,8.672000,476.570000,OK
4,10,adjacent,400,30,16,110,FWD,E7,E8,E2,E3,-42.953000,476.012000,OK
4,10,adjacent,400,30,16,111,REV,E8,E7,E2,E3,43.367000,475.852000,OK
4,10,adjacent,400,30,16,112,FWD,E7,E8,E3,E4,68.641000,475.134000,OK
4,10,adjacent,400,30,16,113,REV,E8,E7,E3,E4,-68.523000,476.251000,OK
4,10,adjacent,400,30,16,114,FWD,E7,E8,E4,E5,25.836000,475.613000,OK
4,10,adjacent,400,30,16,115,REV,E8,E7,E4,E5,-25.883000,476.012000,OK
4,10,adjacent,400,30,16,116,FWD,E7,E8,E5,E6,25.625000,475.932000,OK
4,10,adjacent,400,30,16,117,REV,E8,E7,E5,E6,-25.672000,475.932000,OK
4,10,adjacent,400,30,16,118,FWD,E7,E8,E9,E10,-8.484000,476.491000,OK
4,10,adjacent,400,30,16,119,REV,E8,E7,E9,E10,8.375000,476.331000,OK
4,10,adjacent,400,30,16,120,FWD,E7,E8,E10,E11,-77.531000,475.772000,OK
4,10,adjacent,400,30,16,121,REV,E8,E7,E10,E11,-50.836000,476.171000,OK
4,10,adjacent,400,30,16,122,FWD,E7,E8,E11,E12,-80.984000,475.533000,OK
4,10,adjacent,400,30,16,123,REV,E8,E7,E11,E12,-57.547000,476.012000,OK
4,10,adjacent,400,30,16,124,FWD,E7,E8,E12,E1,-8.547000,476.012000,OK
4,10,adjacent,400,30,16,125,REV,E8,E7,E12,E1,8.531000,476.890000,OK
4,10,adjacent,400,30,16,126,FWD,E8,E9,E1,E2,-8.656000,476.491000,OK
4,10,adjacent,400,30,16,127,REV,E9,E8,E1,E2,8.688000,476.092000,OK
4,10,adjacent,400,30,16,128,FWD,E8,E9,E2,E3,-43.016000,475.453000,OK
4,10,adjacent,400,30,16,129,REV,E9,E8,E2,E3,43.117000,476.012000,OK
4,10,adjacent,400,30,16,130,FWD,E8,E9,E3,E4,-51.563000,475.533000,OK
4,10,adjacent,400,30,16,131,REV,E9,E8,E3,E4,51.672000,475.772000,OK
4,10,adjacent,400,30,16,132,FWD,E8,E9,E4,E5,25.891000,475.772000,OK
4,10,adjacent,400,30,16,133,REV,E9,E8,E4,E5,-25.875000,475.613000,OK
4,10,adjacent,400,30,16,134,FWD,E8,E9,E5,E6,25.727000,475.453000,OK
4,10,adjacent,400,30,16,135,REV,E9,E8,E5,E6,-25.750000,475.453000,OK
4,10,adjacent,400,30,16,136,FWD,E8,E9,E6,E7,-8.648000,475.932000,OK
4,10,adjacent,400,30,16,137,REV,E9,E8,E6,E7,8.703000,475.932000,OK
4,10,adjacent,400,30,16,138,FWD,E8,E9,E10,E11,-77.711000,475.852000,OK
4,10,adjacent,400,30,16,139,REV,E9,E8,E10,E11,-47.063000,475.932000,OK
4,10,adjacent,400,30,16,140,FWD,E8,E9,E11,E12,-84.078000,476.092000,OK
4,10,adjacent,400,30,16,141,REV,E9,E8,E11,E12,-53.633000,475.772000,OK
4,10,adjacent,400,30,16,142,FWD,E8,E9,E12,E1,-8.563000,475.772000,OK
4,10,adjacent,400,30,16,143,REV,E9,E8,E12,E1,8.570000,475.932000,OK
4,10,adjacent,400,30,16,144,FWD,E9,E10,E1,E2,-8.609000,484.950000,OK
4,10,adjacent,400,30,16,145,REV,E10,E9,E1,E2,8.602000,484.790000,OK
4,10,adjacent,400,30,16,146,FWD,E9,E10,E2,E3,-42.805000,484.950000,OK
4,10,adjacent,400,30,16,147,REV,E10,E9,E2,E3,42.836000,484.391000,OK
4,10,adjacent,400,30,16,148,FWD,E9,E10,E3,E4,-42.742000,485.029000,OK
4,10,adjacent,400,30,16,149,REV,E10,E9,E3,E4,42.836000,484.311000,OK
4,10,adjacent,400,30,16,150,FWD,E9,E10,E4,E5,25.789000,483.992000,OK
4,10,adjacent,400,30,16,151,REV,E10,E9,E4,E5,-25.680000,484.391000,OK
4,10,adjacent,400,30,16,152,FWD,E9,E10,E5,E6,25.609000,484.391000,OK
4,10,adjacent,400,30,16,153,REV,E10,E9,E5,E6,-25.602000,484.710000,OK
4,10,adjacent,400,30,16,154,FWD,E9,E10,E6,E7,-8.602000,485.109000,OK
4,10,adjacent,400,30,16,155,REV,E10,E9,E6,E7,8.633000,485.189000,OK
4,10,adjacent,400,30,16,156,FWD,E9,E10,E7,E8,-8.563000,484.471000,OK
4,10,adjacent,400,30,16,157,REV,E10,E9,E7,E8,8.609000,485.508000,OK
4,10,adjacent,400,30,16,158,FWD,E9,E10,E11,E12,-77.078000,484.072000,OK
4,10,adjacent,400,30,16,159,REV,E10,E9,E11,E12,-50.773000,484.790000,OK
4,10,adjacent,400,30,16,160,FWD,E9,E10,E12,E1,-8.500000,484.710000,OK
4,10,adjacent,400,30,16,161,REV,E10,E9,E12,E1,8.484000,484.950000,OK
4,10,adjacent,400,30,16,162,FWD,E10,E11,E1,E2,-8.719000,483.593000,OK
4,10,adjacent,400,30,16,163,REV,E11,E10,E1,E2,8.742000,484.231000,OK
4,10,adjacent,400,30,16,164,FWD,E10,E11,E2,E3,-43.320000,483.274000,OK
4,10,adjacent,400,30,16,165,REV,E11,E10,E2,E3,43.461000,483.992000,OK
4,10,adjacent,400,30,16,166,FWD,E10,E11,E3,E4,-43.195000,482.715000,OK
4,10,adjacent,400,30,16,167,REV,E11,E10,E3,E4,43.359000,484.391000,OK
4,10,adjacent,400,30,16,168,FWD,E10,E11,E4,E5,26.109000,483.034000,OK
4,10,adjacent,400,30,16,169,REV,E11,E10,E4,E5,-26.062000,483.832000,OK
4,10,adjacent,400,30,16,170,FWD,E10,E11,E5,E6,25.961000,483.034000,OK
4,10,adjacent,400,30,16,171,REV,E11,E10,E5,E6,-25.992000,483.753000,OK
4,10,adjacent,400,30,16,172,FWD,E10,E11,E6,E7,-8.703000,483.673000,OK
4,10,adjacent,400,30,16,173,REV,E11,E10,E6,E7,8.734000,484.152000,OK
4,10,adjacent,400,30,16,174,FWD,E10,E11,E7,E8,-8.680000,483.673000,OK
4,10,adjacent,400,30,16,175,REV,E11,E10,E7,E8,8.750000,484.710000,OK
4,10,adjacent,400,30,16,176,FWD,E10,E11,E8,E9,-8.680000,483.114000,OK
4,10,adjacent,400,30,16,177,REV,E11,E10,E8,E9,8.766000,483.992000,OK
4,10,adjacent,400,30,16,178,FWD,E10,E11,E12,E1,-8.656000,483.274000,OK
4,10,adjacent,400,30,16,179,REV,E11,E10,E12,E1,8.578000,484.471000,OK
4,10,adjacent,400,30,16,180,FWD,E11,E12,E1,E2,-8.703000,484.710000,OK
4,10,adjacent,400,30,16,181,REV,E12,E11,E1,E2,8.680000,484.311000,OK
4,10,adjacent,400,30,16,182,FWD,E11,E12,E2,E3,-43.203000,483.753000,OK
4,10,adjacent,400,30,16,183,REV,E12,E11,E2,E3,43.195000,484.152000,OK
4,10,adjacent,400,30,16,184,FWD,E11,E12,E3,E4,-43.195000,484.391000,OK
4,10,adjacent,400,30,16,185,REV,E12,E11,E3,E4,43.203000,484.072000,OK
4,10,adjacent,400,30,16,186,FWD,E11,E12,E4,E5,26.133000,484.471000,OK
4,10,adjacent,400,30,16,187,REV,E12,E11,E4,E5,-25.922000,483.673000,OK
4,10,adjacent,400,30,16,188,FWD,E11,E12,E5,E6,25.883000,484.072000,OK
4,10,adjacent,400,30,16,189,REV,E12,E11,E5,E6,-25.828000,484.231000,OK
4,10,adjacent,400,30,16,190,FWD,E11,E12,E6,E7,-8.703000,484.311000,OK
4,10,adjacent,400,30,16,191,REV,E12,E11,E6,E7,8.688000,483.912000,OK
4,10,adjacent,400,30,16,192,FWD,E11,E12,E7,E8,-8.688000,484.551000,OK
4,10,adjacent,400,30,16,193,REV,E12,E11,E7,E8,8.719000,483.912000,OK
4,10,adjacent,400,30,16,194,FWD,E11,E12,E8,E9,-8.641000,484.710000,OK
4,10,adjacent,400,30,16,195,REV,E12,E11,E8,E9,8.688000,484.471000,OK
4,10,adjacent,400,30,16,196,FWD,E11,E12,E9,E10,-8.461000,484.870000,OK
4,10,adjacent,400,30,16,197,REV,E12,E11,E9,E10,8.453000,484.391000,OK
4,10,adjacent,400,30,16,198,FWD,E12,E1,E2,E3,-43.273000,482.715000,OK
4,10,adjacent,400,30,16,199,REV,E1,E12,E2,E3,43.063000,482.556000,OK
4,10,adjacent,400,30,16,200,FWD,E12,E1,E3,E4,-43.156000,483.194000,OK
4,10,adjacent,400,30,16,201,REV,E1,E12,E3,E4,43.063000,482.396000,OK
4,10,adjacent,400,30,16,202,FWD,E12,E1,E4,E5,26.375000,483.114000,OK
4,10,adjacent,400,30,16,203,REV,E1,E12,E4,E5,-26.242000,481.837000,OK
4,10,adjacent,400,30,16,204,FWD,E12,E1,E5,E6,25.914000,483.114000,OK
4,10,adjacent,400,30,16,205,REV,E1,E12,E5,E6,-25.742000,482.236000,OK
4,10,adjacent,400,30,16,206,FWD,E12,E1,E6,E7,-8.688000,483.194000,OK
4,10,adjacent,400,30,16,207,REV,E1,E12,E6,E7,8.664000,482.157000,OK
4,10,adjacent,400,30,16,208,FWD,E12,E1,E7,E8,-8.625000,483.753000,OK
4,10,adjacent,400,30,16,209,REV,E1,E12,E7,E8,8.656000,482.556000,OK
4,10,adjacent,400,30,16,210,FWD,E12,E1,E8,E9,-8.688000,483.354000,OK
4,10,adjacent,400,30,16,211,REV,E1,E12,E8,E9,8.664000,481.997000,OK
4,10,adjacent,400,30,16,212,FWD,E12,E1,E9,E10,-8.430000,483.593000,OK
4,10,adjacent,400,30,16,213,REV,E1,E12,E9,E10,8.469000,482.635000,OK
4,10,adjacent,400,30,16,214,FWD,E12,E1,E10,E11,-50.438000,482.955000,OK
4,10,adjacent,400,30,16,215,REV,E1,E12,E10,E11,-66.422000,482.077000,OK
5,11,adjacent,400,30,16,0,FWD,E1,E2,E3,E4,-43.578000,481.438000,OK
5,11,adjacent,400,30,16,1,REV,E2,E1,E3,E4,43.719000,482.556000,OK
5,11,adjacent,400,30,16,2,FWD,E1,E2,E4,E5,-78.445000,481.119000,OK
5,11,adjacent,400,30,16,3,REV,E2,E1,E4,E5,78.844000,482.316000,OK
5,11,adjacent,400,30,16,4,FWD,E1,E2,E5,E6,26.406000,481.119000,OK
5,11,adjacent,400,30,16,5,REV,E2,E1,E5,E6,-26.305000,482.077000,OK
5,11,adjacent,400,30,16,6,FWD,E1,E2,E6,E7,-8.766000,481.359000,OK
5,11,adjacent,400,30,16,7,REV,E2,E1,E6,E7,8.789000,483.034000,OK
5,11,adjacent,400,30,16,8,FWD,E1,E2,E7,E8,-8.742000,481.438000,OK
5,11,adjacent,400,30,16,9,REV,E2,E1,E7,E8,8.773000,482.316000,OK
5,11,adjacent,400,30,16,10,FWD,E1,E2,E8,E9,-8.773000,481.678000,OK
5,11,adjacent,400,30,16,11,REV,E2,E1,E8,E9,8.813000,483.354000,OK
5,11,adjacent,400,30,16,12,FWD,E1,E2,E9,E10,-8.563000,481.837000,OK
5,11,adjacent,400,30,16,13,REV,E2,E1,E9,E10,8.625000,483.194000,OK
5,11,adjacent,400,30,16,14,FWD,E1,E2,E10,E11,-52.477000,481.119000,OK
5,11,adjacent,400,30,16,15,REV,E2,E1,E10,E11,-67.508000,483.034000,OK
5,11,adjacent,400,30,16,16,FWD,E1,E2,E11,E12,-57.227000,481.359000,OK
5,11,adjacent,400,30,16,17,REV,E2,E1,E11,E12,-77.578000,483.354000,OK
5,11,adjacent,400,30,16,18,FWD,E2,E3,E4,E5,-78.781000,482.476000,OK
5,11,adjacent,400,30,16,19,REV,E3,E2,E4,E5,78.750000,482.316000,OK
5,11,adjacent,400,30,16,20,FWD,E2,E3,E5,E6,-79.016000,482.635000,OK
5,11,adjacent,400,30,16,21,REV,E3,E2,E5,E6,79.148000,481.997000,OK
5,11,adjacent,400,30,16,22,FWD,E2,E3,E6,E7,-8.828000,483.034000,OK
5,11,adjacent,400,30,16,23,REV,E3,E2,E6,E7,8.852000,482.556000,OK
5,11,adjacent,400,30,16,24,FWD,E2,E3,E7,E8,-8.813000,483.194000,OK
5,11,adjacent,400,30,16,25,REV,E3,E2,E7,E8,8.789000,482.955000,OK
5,11,adjacent,400,30,16,26,FWD,E2,E3,E8,E9,-8.805000,482.556000,OK
5,11,adjacent,400,30,16,27,REV,E3,E2,E8,E9,8.844000,482.795000,OK
5,11,adjacent,400,30,16,28,FWD,E2,E3,E9,E10,-8.625000,482.955000,OK
5,11,adjacent,400,30,16,29,REV,E3,E2,E9,E10,8.641000,483.433000,OK
5,11,adjacent,400,30,16,30,FWD,E2,E3,E10,E11,-52.719000,482.875000,OK
5,11,adjacent,400,30,16,31,REV,E3,E2,E10,E11,-66.039000,481.598000,OK
5,11,adjacent,400,30,16,32,FWD,E2,E3,E11,E12,-57.930000,482.715000,OK
5,11,adjacent,400,30,16,33,REV,E3,E2,E11,E12,-77.641000,482.316000,OK
5,11,adjacent,400,30,16,34,FWD,E2,E3,E12,E1,-8.625000,483.433000,OK
5,11,adjacent,400,30,16,35,REV,E3,E2,E12,E1,8.789000,482.476000,OK
5,11,adjacent,400,30,16,36,FWD,E3,E4,E1,E2,-8.617000,484.231000,OK
5,11,adjacent,400,30,16,37,REV,E4,E3,E1,E2,8.719000,484.311000,OK
5,11,adjacent,400,30,16,38,FWD,E3,E4,E5,E6,-77.516000,483.912000,OK
5,11,adjacent,400,30,16,39,REV,E4,E3,E5,E6,77.641000,484.152000,OK
5,11,adjacent,400,30,16,40,FWD,E3,E4,E6,E7,-8.695000,483.832000,OK
5,11,adjacent,400,30,16,41,REV,E4,E3,E6,E7,8.625000,484.551000,OK
5,11,adjacent,400,30,16,42,FWD,E3,E4,E7,E8,-8.664000,483.832000,OK
5,11,adjacent,400,30,16,43,REV,E4,E3,E7,E8,8.648000,484.630000,OK
5,11,adjacent,400,30,16,44,FWD,E3,E4,E8,E9,-8.703000,483.753000,OK
5,11,adjacent,400,30,16,45,REV,E4,E3,E8,E9,8.711000,484.152000,OK
5,11,adjacent,400,30,16,46,FWD,E3,E4,E9,E10,-8.469000,483.832000,OK
5,11,adjacent,400,30,16,47,REV,E4,E3,E9,E10,8.484000,484.790000,OK
5,11,adjacent,400,30,16,48,FWD,E3,E4,E10,E11,-54.516000,483.673000,OK
5,11,adjacent,400,30,16,49,REV,E4,E3,E10,E11,-64.383000,483.992000,OK
5,11,adjacent,400,30,16,50,FWD,E3,E4,E11,E12,-58.023000,483.513000,OK
5,11,adjacent,400,30,16,51,REV,E4,E3,E11,E12,-75.031000,484.072000,OK
5,11,adjacent,400,30,16,52,FWD,E3,E4,E12,E1,-8.578000,484.152000,OK
5,11,adjacent,400,30,16,53,REV,E4,E3,E12,E1,8.609000,484.870000,OK
5,11,adjacent,400,30,16,54,FWD,E4,E5,E1,E2,-8.641000,483.992000,OK
5,11,adjacent,400,30,16,55,REV,E5,E4,E1,E2,8.734000,484.152000,OK
5,11,adjacent,400,30,16,56,FWD,E4,E5,E2,E3,60.359000,483.753000,OK
5,11,adjacent,400,30,16,57,REV,E5,E4,E2,E3,-60.242000,483.433000,OK
5,11,adjacent,400,30,16,58,FWD,E4,E5,E6,E7,-8.734000,484.072000,OK
5,11,adjacent,400,30,16,59,REV,E5,E4,E6,E7,8.617000,483.832000,OK
5,11,adjacent,400,30,16,60,FWD,E4,E5,E7,E8,-8.695000,484.311000,OK
5,11,adjacent,400,30,16,61,REV,E5,E4,E7,E8,8.672000,483.593000,OK
5,11,adjacent,400,30,16,62,FWD,E4,E5,E8,E9,-8.703000,484.072000,OK
5,11,adjacent,400,30,16,63,REV,E5,E4,E8,E9,8.695000,483.753000,OK
5,11,adjacent,400,30,16,64,FWD,E4,E5,E9,E10,-8.477000,484.551000,OK
5,11,adjacent,400,30,16,65,REV,E5,E4,E9,E10,8.477000,483.832000,OK
5,11,adjacent,400,30,16,66,FWD,E4,E5,E10,E11,-55.672000,484.072000,OK
5,11,adjacent,400,30,16,67,REV,E5,E4,E10,E11,-63.531000,482.955000,OK
5,11,adjacent,400,30,16,68,FWD,E4,E5,E11,E12,-59.180000,483.992000,OK
5,11,adjacent,400,30,16,69,REV,E5,E4,E11,E12,-75.289000,483.673000,OK
5,11,adjacent,400,30,16,70,FWD,E4,E5,E12,E1,-8.586000,484.072000,OK
5,11,adjacent,400,30,16,71,REV,E5,E4,E12,E1,8.602000,483.992000,OK
5,11,adjacent,400,30,16,72,FWD,E5,E6,E1,E2,-8.648000,476.650000,OK
5,11,adjacent,400,30,16,73,REV,E6,E5,E1,E2,8.703000,476.730000,OK
5,11,adjacent,400,30,16,74,FWD,E5,E6,E2,E3,60.180000,476.650000,OK
5,11,adjacent,400,30,16,75,REV,E6,E5,E2,E3,-60.133000,476.171000,OK
5,11,adjacent,400,30,16,76,FWD,E5,E6,E3,E4,60.234000,476.411000,OK
5,11,adjacent,400,30,16,77,REV,E6,E5,E3,E4,-60.234000,476.491000,OK
5,11,adjacent,400,30,16,78,FWD,E5,E6,E7,E8,-8.664000,476.491000,OK
5,11,adjacent,400,30,16,79,REV,E6,E5,E7,E8,8.586000,477.129000,OK
5,11,adjacent,400,30,16,80,FWD,E5,E6,E8,E9,-8.633000,476.171000,OK
5,11,adjacent,400,30,16,81,REV,E6,E5,E8,E9,8.664000,476.570000,OK
5,11,adjacent,400,30,16,82,FWD,E5,E6,E9,E10,-8.445000,476.730000,OK
5,11,adjacent,400,30,16,83,REV,E6,E5,E9,E10,8.414000,476.969000,OK
5,11,adjacent,400,30,16,84,FWD,E5,E6,E10,E11,-56.672000,476.012000,OK
5,11,adjacent,400,30,16,85,REV,E6,E5,E10,E11,-62.805000,476.810000,OK
5,11,adjacent,400,30,16,86,FWD,E5,E6,E11,E12,-59.375000,475.693000,OK
5,11,adjacent,400,30,16,87,REV,E6,E5,E11,E12,-71.906000,476.890000,OK
5,11,adjacent,400,30,16,88,FWD,E5,E6,E12,E1,-8.563000,476.411000,OK
5,11,adjacent,400,30,16,89,REV,E6,E5,E12,E1,8.555000,477.368000,OK
5,11,adjacent,400,30,16,90,FWD,E6,E7,E1,E2,-8.688000,478.087000,OK
5,11,adjacent,400,30,16,91,REV,E7,E6,E1,E2,8.672000,476.411000,OK
5,11,adjacent,400,30,16,92,FWD,E6,E7,E2,E3,60.617000,477.289000,OK
5,11,adjacent,400,30,16,93,REV,E7,E6,E2,E3,-60.227000,476.331000,OK
5,11,adjacent,400,30,16,94,FWD,E6,E7,E3,E4,60.406000,477.209000,OK
5,11,adjacent,400,30,16,95,REV,E7,E6,E3,E4,-60.016000,476.810000,OK
5,11,adjacent,400,30,16,96,FWD,E6,E7,E4,E5,25.953000,477.528000,OK
5,11,adjacent,400,30,16,97,REV,E7,E6,E4,E5,-25.922000,476.092000,OK
5,11,adjacent,400,30,16,98,FWD,E6,E7,E8,E9,-8.719000,477.847000,OK
5,11,adjacent,400,30,16,99,REV,E7,E6,E8,E9,8.711000,476.810000,OK
5,11,adjacent,400,30,16,100,FWD,E6,E7,E9,E10,-8.508000,478.007000,OK
5,11,adjacent,400,30,16,101,REV,E7,E6,E9,E10,8.422000,476.730000,OK
5,11,adjacent,400,30,16,102,FWD,E6,E7,E10,E11,-59.297000,477.368000,OK
5,11,adjacent,400,30,16,103,REV,E7,E6,E10,E11,-59.500000,476.331000,OK
5,11,adjacent,400,30,16,104,FWD,E6,E7,E11,E12,-63.156000,478.087000,OK
5,11,adjacent,400,30,16,105,REV,E7,E6,E11,E12,-65.445000,475.772000,OK
5,11,adjacent,400,30,16,106,FWD,E6,E7,E12,E1,-8.563000,478.246000,OK
5,11,adjacent,400,30,16,107,REV,E7,E6,E12,E1,8.570000,476.251000,OK
5,11,adjacent,400,30,16,108,FWD,E7,E8,E1,E2,-8.633000,476.012000,OK
5,11,adjacent,400,30,16,109,REV,E8,E7,E1,E2,8.656000,475.772000,OK
5,11,adjacent,400,30,16,110,FWD,E7,E8,E2,E3,-42.969000,474.735000,OK
5,11,adjacent,400,30,16,111,REV,E8,E7,E2,E3,43.320000,475.453000,OK
5,11,adjacent,400,30,16,112,FWD,E7,E8,E3,E4,69.328000,475.214000,OK
5,11,adjacent,400,30,16,113,REV,E8,E7,E3,E4,-69.203000,475.613000,OK
5,11,adjacent,400,30,16,114,FWD,E7,E8,E4,E5,25.766000,475.373000,OK
5,11,adjacent,400,30,16,115,REV,E8,E7,E4,E5,-25.805000,474.974000,OK
5,11,adjacent,400,30,16,116,FWD,E7,E8,E5,E6,25.641000,475.294000,OK
5,11,adjacent,400,30,16,117,REV,E8,E7,E5,E6,-25.727000,475.134000,OK
5,11,adjacent,400,30,16,118,FWD,E7,E8,E9,E10,-8.516000,475.533000,OK
5,11,adjacent,400,30,16,119,REV,E8,E7,E9,E10,8.391000,475.772000,OK
5,11,adjacent,400,30,16,120,FWD,E7,E8,E10,E11,-72.609000,474.974000,OK
5,11,adjacent,400,30,16,121,REV,E8,E7,E10,E11,-49.258000,474.974000,OK
5,11,adjacent,400,30,16,122,FWD,E7,E8,E11,E12,-77.672000,475.453000,OK
5,11,adjacent,400,30,16,123,REV,E8,E7,E11,E12,-55.836000,475.294000,OK
5,11,adjacent,400,30,16,124,FWD,E7,E8,E12,E1,-8.531000,475.134000,OK
5,11,adjacent,400,30,16,125,REV,E8,E7,E12,E1,8.523000,476.251000,OK
5,11,adjacent,400,30,16,126,FWD,E8,E9,E1,E2,-8.648000,475.294000,OK
5,11,adjacent,400,30,16,127,REV,E9,E8,E1,E2,8.672000,475.214000,OK
5,11,adjacent,400,30,16,128,FWD,E8,E9,E2,E3,-42.938000,475.134000,OK
5,11,adjacent,400,30,16,129,REV,E9,E8,E2,E3,43.078000,474.895000,OK
5,11,adjacent,400,30,16,130,FWD,E8,E9,E3,E4,-52.273000,475.453000,OK
5,11,adjacent,400,30,16,131,REV,E9,E8,E3,E4,52.227000,474.655000,OK
5,11,adjacent,400,30,16,132,FWD,E8,E9,E4,E5,25.867000,474.735000,OK
5,11,adjacent,400,30,16,133,REV,E9,E8,E4,E5,-25.836000,474.735000,OK
5,11,adjacent,400,30,16,134,FWD,E8,E9,E5,E6,25.687000,474.735000,OK
5,11,adjacent,400,30,16,135,REV,E9,E8,E5,E6,-25.773000,474.655000,OK
5,11,adjacent,400,30,16,136,FWD,E8,E9,E6,E7,-8.625000,475.373000,OK
5,11,adjacent,400,30,16,137,REV,E9,E8,E6,E7,8.680000,475.214000,OK
5,11,adjacent,400,30,16,138,FWD,E8,E9,E10,E11,-75.313000,474.735000,OK
5,11,adjacent,400,30,16,139,REV,E9,E8,E10,E11,-43.727000,474.895000,OK
5,11,adjacent,400,30,16,140,FWD,E8,E9,E11,E12,-81.469000,474.735000,OK
5,11,adjacent,400,30,16,141,REV,E9,E8,E11,E12,-52.523000,475.134000,OK
5,11,adjacent,400,30,16,142,FWD,E8,E9,E12,E1,-8.578000,475.294000,OK
5,11,adjacent,400,30,16,143,REV,E9,E8,E12,E1,8.531000,475.373000,OK
5,11,adjacent,400,30,16,144,FWD,E9,E10,E1,E2,-8.578000,485.029000,OK
5,11,adjacent,400,30,16,145,REV,E10,E9,E1,E2,8.602000,484.630000,OK
5,11,adjacent,400,30,16,146,FWD,E9,E10,E2,E3,-42.797000,484.391000,OK
5,11,adjacent,400,30,16,147,REV,E10,E9,E2,E3,42.852000,484.231000,OK
5,11,adjacent,400,30,16,148,FWD,E9,E10,E3,E4,-42.641000,484.790000,OK
5,11,adjacent,400,30,16,149,REV,E10,E9,E3,E4,42.836000,484.870000,OK
5,11,adjacent,400,30,16,150,FWD,E9,E10,E4,E5,25.734000,484.630000,OK
5,11,adjacent,400,30,16,151,REV,E10,E9,E4,E5,-25.719000,484.471000,OK
5,11,adjacent,400,30,16,152,FWD,E9,E10,E5,E6,25.602000,484.152000,OK
5,11,adjacent,400,30,16,153,REV,E10,E9,E5,E6,-25.617000,484.710000,OK
5,11,adjacent,400,30,16,154,FWD,E9,E10,E6,E7,-8.594000,485.189000,OK
5,11,adjacent,400,30,16,155,REV,E10,E9,E6,E7,8.609000,484.790000,OK
5,11,adjacent,400,30,16,156,FWD,E9,E10,E7,E8,-8.578000,485.029000,OK
5,11,adjacent,400,30,16,157,REV,E10,E9,E7,E8,8.656000,485.269000,OK
5,11,adjacent,400,30,16,158,FWD,E9,E10,E11,E12,-74.156000,484.870000,OK
5,11,adjacent,400,30,16,159,REV,E10,E9,E11,E12,-48.391000,484.950000,OK
5,11,adjacent,400,30,16,160,FWD,E9,E10,E12,E1,-8.477000,484.311000,OK
5,11,adjacent,400,30,16,161,REV,E10,E9,E12,E1,8.445000,484.790000,OK
5,11,adjacent,400,30,16,162,FWD,E10,E11,E1,E2,-8.703000,483.433000,OK
5,11,adjacent,400,30,16,163,REV,E11,E10,E1,E2,8.727000,484.391000,OK
5,11,adjacent,400,30,16,164,FWD,E10,E11,E2,E3,-43.367000,483.274000,OK
5,11,adjacent,400,30,16,165,REV,E11,E10,E2,E3,43.477000,484.152000,OK
5,11,adjacent,400,30,16,166,FWD,E10,E11,E3,E4,-43.258000,483.274000,OK
5,11,adjacent,400,30,16,167,REV,E11,E10,E3,E4,43.422000,484.311000,OK
5,11,adjacent,400,30,16,168,FWD,E10,E11,E4,E5,26.117000,482.556000,OK
5,11,adjacent,400,30,16,169,REV,E11,E10,E4,E5,-26.062000,484.311000,OK
5,11,adjacent,400,30,16,170,FWD,E10,E11,E5,E6,25.945000,482.875000,OK
5,11,adjacent,400,30,16,171,REV,E11,E10,E5,E6,-25.992000,484.152000,OK
5,11,adjacent,400,30,16,172,FWD,E10,E11,E6,E7,-8.680000,483.513000,OK
5,11,adjacent,400,30,16,173,REV,E11,E10,E6,E7,8.750000,484.311000,OK
5,11,adjacent,400,30,16,174,FWD,E10,E11,E7,E8,-8.656000,483.274000,OK
5,11,adjacent,400,30,16,175,REV,E11,E10,E7,E8,8.727000,484.391000,OK
5,11,adjacent,400,30,16,176,FWD,E10,E11,E8,E9,-8.703000,483.034000,OK
5,11,adjacent,400,30,16,177,REV,E11,E10,E8,E9,8.797000,484.710000,OK
5,11,adjacent,400,30,16,178,FWD,E10,E11,E12,E1,-8.688000,483.114000,OK
5,11,adjacent,400,30,16,179,REV,E11,E10,E12,E1,8.578000,484.311000,OK
5,11,adjacent,400,30,16,180,FWD,E11,E12,E1,E2,-8.781000,484.870000,OK
5,11,adjacent,400,30,16,181,REV,E12,E11,E1,E2,8.695000,483.992000,OK
5,11,adjacent,400,30,16,182,FWD,E11,E12,E2,E3,-43.289000,484.152000,OK
5,11,adjacent,400,30,16,183,REV,E12,E11,E2,E3,43.188000,483.593000,OK
5,11,adjacent,400,30,16,184,FWD,E11,E12,E3,E4,-43.203000,484.311000,OK
5,11,adjacent,400,30,16,185,REV,E12,E11,E3,E4,43.180000,483.593000,OK
5,11,adjacent,400,30,16,186,FWD,E11,E12,E4,E5,26.008000,484.551000,OK
5,11,adjacent,400,30,16,187,REV,E12,E11,E4,E5,-25.914000,483.593000,OK
5,11,adjacent,400,30,16,188,FWD,E11,E12,E5,E6,25.953000,484.231000,OK
5,11,adjacent,400,30,16,189,REV,E12,E11,E5,E6,-25.891000,483.354000,OK
5,11,adjacent,400,30,16,190,FWD,E11,E12,E6,E7,-8.695000,485.109000,OK
5,11,adjacent,400,30,16,191,REV,E12,E11,E6,E7,8.695000,484.231000,OK
5,11,adjacent,400,30,16,192,FWD,E11,E12,E7,E8,-8.617000,485.029000,OK
5,11,adjacent,400,30,16,193,REV,E12,E11,E7,E8,8.664000,483.832000,OK
5,11,adjacent,400,30,16,194,FWD,E11,E12,E8,E9,-8.688000,484.710000,OK
5,11,adjacent,400,30,16,195,REV,E12,E11,E8,E9,8.703000,483.513000,OK
5,11,adjacent,400,30,16,196,FWD,E11,E12,E9,E10,-8.508000,484.950000,OK
5,11,adjacent,400,30,16,197,REV,E12,E11,E9,E10,8.531000,484.391000,OK
5,11,adjacent,400,30,16,198,FWD,E12,E1,E2,E3,-43.281000,483.194000,OK
5,11,adjacent,400,30,16,199,REV,E1,E12,E2,E3,43.047000,482.157000,OK
5,11,adjacent,400,30,16,200,FWD,E12,E1,E3,E4,-43.125000,482.955000,OK
5,11,adjacent,400,30,16,201,REV,E1,E12,E3,E4,43.047000,481.997000,OK
5,11,adjacent,400,30,16,202,FWD,E12,E1,E4,E5,26.289000,482.715000,OK
5,11,adjacent,400,30,16,203,REV,E1,E12,E4,E5,-26.109000,482.316000,OK
5,11,adjacent,400,30,16,204,FWD,E12,E1,E5,E6,25.844000,483.593000,OK
5,11,adjacent,400,30,16,205,REV,E1,E12,E5,E6,-25.773000,481.678000,OK
5,11,adjacent,400,30,16,206,FWD,E12,E1,E6,E7,-8.695000,483.593000,OK
5,11,adjacent,400,30,16,207,REV,E1,E12,E6,E7,8.648000,482.635000,OK
5,11,adjacent,400,30,16,208,FWD,E12,E1,E7,E8,-8.641000,484.152000,OK
5,11,adjacent,400,30,16,209,REV,E1,E12,E7,E8,8.672000,482.875000,OK
5,11,adjacent,400,30,16,210,FWD,E12,E1,E8,E9,-8.672000,483.034000,OK
5,11,adjacent,400,30,16,211,REV,E1,E12,E8,E9,8.695000,482.396000,OK
5,11,adjacent,400,30,16,212,FWD,E12,E1,E9,E10,-8.445000,483.593000,OK
5,11,adjacent,400,30,16,213,REV,E1,E12,E9,E10,8.492000,482.396000,OK
5,11,adjacent,400,30,16,214,FWD,E12,E1,E10,E11,-50.047000,483.274000,OK
5,11,adjacent,400,30,16,215,REV,E1,E12,E10,E11,-67.055000,481.837000,OK
6,12,adjacent,400,30,16,0,FWD,E1,E2,E3,E4,-43.602000,481.598000,OK
6,12,adjacent,400,30,16,1,REV,E2,E1,E3,E4,43.703000,482.635000,OK
6,12,adjacent,400,30,16,2,FWD,E1,E2,E4,E5,-78.492000,481.199000,OK
6,12,adjacent,400,30,16,3,REV,E2,E1,E4,E5,78.922000,482.476000,OK
6,12,adjacent,400,30,16,4,FWD,E1,E2,E5,E6,26.242000,481.279000,OK
6,12,adjacent,400,30,16,5,REV,E2,E1,E5,E6,-26.336000,482.157000,OK
6,12,adjacent,400,30,16,6,FWD,E1,E2,E6,E7,-8.797000,481.598000,OK
6,12,adjacent,400,30,16,7,REV,E2,E1,E6,E7,8.750000,482.875000,OK
6,12,adjacent,400,30,16,8,FWD,E1,E2,E7,E8,-8.750000,481.598000,OK
6,12,adjacent,400,30,16,9,REV,E2,E1,E7,E8,8.766000,482.875000,OK
6,12,adjacent,400,30,16,10,FWD,E1,E2,E8,E9,-8.773000,481.678000,OK
6,12,adjacent,400,30,16,11,REV,E2,E1,E8,E9,8.781000,482.955000,OK
6,12,adjacent,400,30,16,12,FWD,E1,E2,E9,E10,-8.508000,481.758000,OK
6,12,adjacent,400,30,16,13,REV,E2,E1,E9,E10,8.586000,482.955000,OK
6,12,adjacent,400,30,16,14,FWD,E1,E2,E10,E11,-50.680000,481.359000,OK
6,12,adjacent,400,30,16,15,REV,E2,E1,E10,E11,-66.938000,482.157000,OK
6,12,adjacent,400,30,16,16,FWD,E1,E2,E11,E12,-55.680000,481.678000,OK
6,12,adjacent,400,30,16,17,REV,E2,E1,E11,E12,-77.172000,482.635000,OK
6,12,adjacent,400,30,16,18,FWD,E2,E3,E4,E5,-78.773000,482.715000,OK
6,12,adjacent,400,30,16,19,REV,E3,E2,E4,E5,78.766000,482.715000,OK
6,12,adjacent,400,30,16,20,FWD,E2,E3,E5,E6,-79.055000,482.715000,OK
6,12,adjacent,400,30,16,21,REV,E3,E2,E5,E6,79.086000,482.476000,OK
6,12,adjacent,400,30,16,22,FWD,E2,E3,E6,E7,-8.828000,482.955000,OK
6,12,adjacent,400,30,16,23,REV,E3,E2,E6,E7,8.828000,481.758000,OK
6,12,adjacent,400,30,16,24,FWD,E2,E3,E7,E8,-8.797000,483.673000,OK
6,12,adjacent,400,30,16,25,REV,E3,E2,E7,E8,8.820000,482.556000,OK
6,12,adjacent,400,30,16,26,FWD,E2,E3,E8,E9,-8.820000,483.034000,OK
6,12,adjacent,400,30,16,27,REV,E3,E2,E8,E9,8.867000,482.396000,OK
6,12,adjacent,400,30,16,28,FWD,E2,E3,E9,E10,-8.602000,483.114000,OK
6,12,adjacent,400,30,16,29,REV,E3,E2,E9,E10,8.648000,482.715000,OK
6,12,adjacent,400,30,16,30,FWD,E2,E3,E10,E11,-51.609000,483.114000,OK
6,12,adjacent,400,30,16,31,REV,E3,E2,E10,E11,-64.336000,482.396000,OK
6,12,adjacent,400,30,16,32,FWD,E2,E3,E11,E12,-55.539000,483.034000,OK
6,12,adjacent,400,30,16,33,REV,E3,E2,E11,E12,-75.125000,482.556000,OK
6,12,adjacent,400,30,16,34,FWD,E2,E3,E12,E1,-8.680000,482.875000,OK
6,12,adjacent,400,30,16,35,REV,E3,E2,E12,E1,8.750000,482.795000,OK
6,12,adjacent,400,30,16,36,FWD,E3,E4,E1,E2,-8.680000,483.673000,OK
6,12,adjacent,400,30,16,37,REV,E4,E3,E1,E2,8.742000,484.630000,OK
6,12,adjacent,400,30,16,38,FWD,E3,E4,E5,E6,-77.516000,483.593000,OK
6,12,adjacent,400,30,16,39,REV,E4,E3,E5,E6,77.648000,483.673000,OK
6,12,adjacent,400,30,16,40,FWD,E3,E4,E6,E7,-8.688000,483.832000,OK
6,12,adjacent,400,30,16,41,REV,E4,E3,E6,E7,8.633000,484.311000,OK
6,12,adjacent,400,30,16,42,FWD,E3,E4,E7,E8,-8.656000,484.072000,OK
6,12,adjacent,400,30,16,43,REV,E4,E3,E7,E8,8.641000,485.349000,OK
6,12,adjacent,400,30,16,44,FWD,E3,E4,E8,E9,-8.656000,483.912000,OK
6,12,adjacent,400,30,16,45,REV,E4,E3,E8,E9,8.719000,484.231000,OK
6,12,adjacent,400,30,16,46,FWD,E3,E4,E9,E10,-8.461000,483.832000,OK
6,12,adjacent,400,30,16,47,REV,E4,E3,E9,E10,8.477000,484.790000,OK
6,12,adjacent,400,30,16,48,FWD,E3,E4,E10,E11,-53.266000,483.753000,OK
6,12,adjacent,400,30,16,49,REV,E4,E3,E10,E11,-63.063000,483.992000,OK
6,12,adjacent,400,30,16,50,FWD,E3,E4,E11,E12,-57.328000,483.433000,OK
6,12,adjacent,400,30,16,51,REV,E4,E3,E11,E12,-72.961000,484.551000,OK
6,12,adjacent,400,30,16,52,FWD,E3,E4,E12,E1,-8.570000,483.513000,OK
6,12,adjacent,400,30,16,53,REV,E4,E3,E12,E1,8.602000,484.870000,OK
6,12,adjacent,400,30,16,54,FWD,E4,E5,E1,E2,-8.680000,484.231000,OK
6,12,adjacent,400,30,16,55,REV,E5,E4,E1,E2,8.719000,483.673000,OK
6,12,adjacent,400,30,16,56,FWD,E4,E5,E2,E3,60.352000,483.992000,OK
6,12,adjacent,400,30,16,57,REV,E5,E4,E2,E3,-60.242000,483.513000,OK
6,12,adjacent,400,30,16,58,FWD,E4,E5,E6,E7,-8.742000,483.992000,OK
6,12,adjacent,400,30,16,59,REV,E5,E4,E6,E7,8.625000,483.992000,OK
6,12,adjacent,400,30,16,60,FWD,E4,E5,E7,E8,-8.656000,483.753000,OK
6,12,adjacent,400,30,16,61,REV,E5,E4,E7,E8,8.648000,484.231000,OK
6,12,adjacent,400,30,16,62,FWD,E4,E5,E8,E9,-8.680000,484.072000,OK
6,12,adjacent,400,30,16,63,REV,E5,E4,E8,E9,8.695000,483.753000,OK
6,12,adjacent,400,30,16,64,FWD,E4,E5,E9,E10,-8.508000,483.992000,OK
6,12,adjacent,400,30,16,65,REV,E5,E4,E9,E10,8.461000,483.992000,OK
6,12,adjacent,400,30,16,66,FWD,E4,E5,E10,E11,-54.297000,483.912000,OK
6,12,adjacent,400,30,16,67,REV,E5,E4,E10,E11,-61.672000,483.034000,OK
6,12,adjacent,400,30,16,68,FWD,E4,E5,E11,E12,-57.695000,483.513000,OK
6,12,adjacent,400,30,16,69,REV,E5,E4,E11,E12,-72.164000,483.274000,OK
6,12,adjacent,400,30,16,70,FWD,E4,E5,E12,E1,-8.602000,484.391000,OK
6,12,adjacent,400,30,16,71,REV,E5,E4,E12,E1,8.594000,483.753000,OK
6,12,adjacent,400,30,16,72,FWD,E5,E6,E1,E2,-8.625000,476.810000,OK
6,12,adjacent,400,30,16,73,REV,E6,E5,E1,E2,8.695000,476.890000,OK
6,12,adjacent,400,30,16,74,FWD,E5,E6,E2,E3,60.234000,476.331000,OK
6,12,adjacent,400,30,16,75,REV,E6,E5,E2,E3,-60.211000,477.129000,OK
6,12,adjacent,400,30,16,76,FWD,E5,E6,E3,E4,60.266000,476.251000,OK
6,12,adjacent,400,30,16,77,REV,E6,E5,E3,E4,-60.242000,476.969000,OK
6,12,adjacent,400,30,16,78,FWD,E5,E6,E7,E8,-8.664000,476.730000,OK
6,12,adjacent,400,30,16,79,REV,E6,E5,E7,E8,8.641000,477.049000,OK
6,12,adjacent,400,30,16,80,FWD,E5,E6,E8,E9,-8.703000,476.650000,OK
6,12,adjacent,400,30,16,81,REV,E6,E5,E8,E9,8.703000,477.289000,OK
6,12,adjacent,400,30,16,82,FWD,E5,E6,E9,E10,-8.484000,476.890000,OK
6,12,adjacent,400,30,16,83,REV,E6,E5,E9,E10,8.477000,477.129000,OK
6,12,adjacent,400,30,16,84,FWD,E5,E6,E10,E11,-54.930000,476.411000,OK
6,12,adjacent,400,30,16,85,REV,E6,E5,E10,E11,-62.227000,477.049000,OK
6,12,adjacent,400,30,16,86,FWD,E5,E6,E11,E12,-59.086000,476.730000,OK
6,12,adjacent,400,30,16,87,REV,E6,E5,E11,E12,-69.813000,477.129000,OK
6,12,adjacent,400,30,16,88,FWD,E5,E6,E12,E1,-8.555000,476.810000,OK
6,12,adjacent,400,30,16,89,REV,E6,E5,E12,E1,8.563000,477.129000,OK
6,12,adjacent,400,30,16,90,FWD,E6,E7,E1,E2,-8.688000,478.486000,OK
6,12,adjacent,400,30,16,91,REV,E7,E6,E1,E2,8.664000,476.890000,OK
6,12,adjacent,400,30,16,92,FWD,E6,E7,E2,E3,60.672000,478.326000,OK
6,12,adjacent,400,30,16,93,REV,E7,E6,E2,E3,-60.242000,476.251000,OK
6,12,adjacent,400,30,16,94,FWD,E6,E7,E3,E4,60.461000,477.847000,OK
6,12,adjacent,400,30,16,95,REV,E7,E6,E3,E4,-60.180000,476.171000,OK
6,12,adjacent,400,30,16,96,FWD,E6,E7,E4,E5,25.953000,477.448000,OK
6,12,adjacent,400,30,16,97,REV,E7,E6,E4,E5,-25.922000,475.852000,OK
6,12,adjacent,400,30,16,98,FWD,E6,E7,E8,E9,-8.688000,478.486000,OK
6,12,adjacent,400,30,16,99,REV,E7,E6,E8,E9,8.617000,476.810000,OK
6,12,adjacent,400,30,16,100,FWD,E6,E7,E9,E10,-8.469000,478.246000,OK
6,12,adjacent,400,30,16,101,REV,E7,E6,E9,E10,8.398000,476.730000,OK
6,12,adjacent,400,30,16,102,FWD,E6,E7,E10,E11,-58.734000,478.007000,OK
6,12,adjacent,400,30,16,103,REV,E7,E6,E10,E11,-57.844000,476.650000,OK
6,12,adjacent,400,30,16,104,FWD,E6,E7,E11,E12,-61.883000,477.927000,OK
6,12,adjacent,400,30,16,105,REV,E7,E6,E11,E12,-65.250000,476.411000,OK
6,12,adjacent,400,30,16,106,FWD,E6,E7,E12,E1,-8.594000,478.326000,OK
6,12,adjacent,400,30,16,107,REV,E7,E6,E12,E1,8.539000,476.969000,OK
6,12,adjacent,400,30,16,108,FWD,E7,E8,E1,E2,-8.609000,473.618000,OK
6,12,adjacent,400,30,16,109,REV,E8,E7,E1,E2,8.633000,473.857000,OK
6,12,adjacent,400,30,16,110,FWD,E7,E8,E2,E3,-42.945000,472.979000,OK
6,12,adjacent,400,30,16,111,REV,E8,E7,E2,E3,43.133000,473.458000,OK
6,12,adjacent,400,30,16,112,FWD,E7,E8,E3,E4,71.398000,473.219000,OK
6,12,adjacent,400,30,16,113,REV,E8,E7,E3,E4,-71.180000,473.618000,OK
6,12,adjacent,400,30,16,114,FWD,E7,E8,E4,E5,25.687000,473.059000,OK
6,12,adjacent,400,30,16,115,REV,E8,E7,E4,E5,-25.703000,473.139000,OK
6,12,adjacent,400,30,16,116,FWD,E7,E8,E5,E6,25.539000,473.299000,OK
6,12,adjacent,400,30,16,117,REV,E8,E7,E5,E6,-25.687000,473.219000,OK
6,12,adjacent,400,30,16,118,FWD,E7,E8,E9,E10,-8.422000,473.458000,OK
6,12,adjacent,400,30,16,119,REV,E8,E7,E9,E10,8.359000,473.937000,OK
6,12,adjacent,400,30,16,120,FWD,E7,E8,E10,E11,-72.383000,472.979000,OK
6,12,adjacent,400,30,16,121,REV,E8,E7,E10,E11,-47.695000,473.458000,OK
6,12,adjacent,400,30,16,122,FWD,E7,E8,E11,E12,-74.328000,473.059000,OK
6,12,adjacent,400,30,16,123,REV,E8,E7,E11,E12,-53.445000,472.979000,OK
6,12,adjacent,400,30,16,124,FWD,E7,E8,E12,E1,-8.516000,473.618000,OK
6,12,adjacent,400,30,16,125,REV,E8,E7,E12,E1,8.500000,473.378000,OK
6,12,adjacent,400,30,16,126,FWD,E8,E9,E1,E2,-8.625000,472.979000,OK
6,12,adjacent,400,30,16,127,REV,E9,E8,E1,E2,8.609000,472.740000,OK
6,12,adjacent,400,30,16,128,FWD,E8,E9,E2,E3,-42.688000,472.341000,OK
6,12,adjacent,400,30,16,129,REV,E9,E8,E2,E3,42.938000,473.139000,OK
6,12,adjacent,400,30,16,130,FWD,E8,E9,E3,E4,-54.820000,472.979000,OK
6,12,adjacent,400,30,16,131,REV,E9,E8,E3,E4,54.953000,472.261000,OK
6,12,adjacent,400,30,16,132,FWD,E8,E9,E4,E5,25.742000,472.261000,OK
6,12,adjacent,400,30,16,133,REV,E9,E8,E4,E5,-25.734000,472.102000,OK
6,12,adjacent,400,30,16,134,FWD,E8,E9,E5,E6,25.562000,472.580000,OK
6,12,adjacent,400,30,16,135,REV,E9,E8,E5,E6,-25.586000,472.501000,OK
6,12,adjacent,400,30,16,136,FWD,E8,E9,E6,E7,-8.570000,472.660000,OK
6,12,adjacent,400,30,16,137,REV,E9,E8,E6,E7,8.648000,473.219000,OK
6,12,adjacent,400,30,16,138,FWD,E8,E9,E10,E11,-74.641000,472.181000,OK
6,12,adjacent,400,30,16,139,REV,E9,E8,E10,E11,-39.164000,472.102000,OK
6,12,adjacent,400,30,16,140,FWD,E8,E9,E11,E12,-80.438000,472.341000,OK
6,12,adjacent,400,30,16,141,REV,E9,E8,E11,E12,-50.328000,472.261000,OK
6,12,adjacent,400,30,16,142,FWD,E8,E9,E12,E1,-8.555000,472.660000,OK
6,12,adjacent,400,30,16,143,REV,E9,E8,E12,E1,8.500000,472.660000,OK
6,12,adjacent,400,30,16,144,FWD,E9,E10,E1,E2,-8.625000,484.950000,OK
6,12,adjacent,400,30,16,145,REV,E10,E9,E1,E2,8.586000,485.349000,OK
6,12,adjacent,400,30,16,146,FWD,E9,E10,E2,E3,-42.742000,484.870000,OK
6,12,adjacent,400,30,16,147,REV,E10,E9,E2,E3,42.930000,484.790000,OK
6,12,adjacent,400,30,16,148,FWD,E9,E10,E3,E4,-42.750000,484.790000,OK
6,12,adjacent,400,30,16,149,REV,E10,E9,E3,E4,42.805000,484.950000,OK
6,12,adjacent,400,30,16,150,FWD,E9,E10,E4,E5,25.750000,484.950000,OK
6,12,adjacent,400,30,16,151,REV,E10,E9,E4,E5,-25.727000,484.630000,OK
6,12,adjacent,400,30,16,152,FWD,E9,E10,E5,E6,25.617000,484.391000,OK
6,12,adjacent,400,30,16,153,REV,E10,E9,E5,E6,-25.648000,484.710000,OK
6,12,adjacent,400,30,16,154,FWD,E9,E10,E6,E7,-8.570000,484.950000,OK
6,12,adjacent,400,30,16,155,REV,E10,E9,E6,E7,8.609000,484.710000,OK
6,12,adjacent,400,30,16,156,FWD,E9,E10,E7,E8,-8.508000,485.189000,OK
6,12,adjacent,400,30,16,157,REV,E10,E9,E7,E8,8.594000,485.109000,OK
6,12,adjacent,400,30,16,158,FWD,E9,E10,E11,E12,-73.844000,484.471000,OK
6,12,adjacent,400,30,16,159,REV,E10,E9,E11,E12,-47.086000,484.710000,OK
6,12,adjacent,400,30,16,160,FWD,E9,E10,E12,E1,-8.500000,484.551000,OK
6,12,adjacent,400,30,16,161,REV,E10,E9,E12,E1,8.461000,485.109000,OK
6,12,adjacent,400,30,16,162,FWD,E10,E11,E1,E2,-8.766000,483.673000,OK
6,12,adjacent,400,30,16,163,REV,E11,E10,E1,E2,8.719000,484.471000,OK
6,12,adjacent,400,30,16,164,FWD,E10,E11,E2,E3,-43.336000,483.114000,OK
6,12,adjacent,400,30,16,165,REV,E11,E10,E2,E3,43.453000,483.513000,OK
6,12,adjacent,400,30,16,166,FWD,E10,E11,E3,E4,-43.188000,483.274000,OK
6,12,adjacent,400,30,16,167,REV,E11,E10,E3,E4,43.367000,484.072000,OK
6,12,adjacent,400,30,16,168,FWD,E10,E11,E4,E5,26.094000,483.194000,OK
6,12,adjacent,400,30,16,169,REV,E11,E10,E4,E5,-26.086000,484.152000,OK
6,12,adjacent,400,30,16,170,FWD,E10,E11,E5,E6,25.937000,482.955000,OK
6,12,adjacent,400,30,16,171,REV,E11,E10,E5,E6,-25.969000,483.832000,OK
6,12,adjacent,400,30,16,172,FWD,E10,E11,E6,E7,-8.703000,483.034000,OK
6,12,adjacent,400,30,16,173,REV,E11,E10,E6,E7,8.719000,484.311000,OK
6,12,adjacent,400,30,16,174,FWD,E10,E11,E7,E8,-8.656000,483.593000,OK
6,12,adjacent,400,30,16,175,REV,E11,E10,E7,E8,8.750000,484.630000,OK
6,12,adjacent,400,30,16,176,FWD,E10,E11,E8,E9,-8.688000,483.433000,OK
6,12,adjacent,400,30,16,177,REV,E11,E10,E8,E9,8.766000,484.790000,OK
6,12,adjacent,400,30,16,178,FWD,E10,E11,E12,E1,-8.625000,483.034000,OK
6,12,adjacent,400,30,16,179,REV,E11,E10,E12,E1,8.602000,484.630000,OK
6,12,adjacent,400,30,16,180,FWD,E11,E12,E1,E2,-8.727000,484.710000,OK
6,12,adjacent,400,30,16,181,REV,E12,E11,E1,E2,8.688000,484.551000,OK
6,12,adjacent,400,30,16,182,FWD,E11,E12,E2,E3,-43.313000,484.471000,OK
6,12,adjacent,400,30,16,183,REV,E12,E11,E2,E3,43.234000,484.152000,OK
6,12,adjacent,400,30,16,184,FWD,E11,E12,E3,E4,-43.203000,484.311000,OK
6,12,adjacent,400,30,16,185,REV,E12,E11,E3,E4,43.203000,484.072000,OK
6,12,adjacent,400,30,16,186,FWD,E11,E12,E4,E5,26.070000,484.551000,OK
6,12,adjacent,400,30,16,187,REV,E12,E11,E4,E5,-25.891000,483.673000,OK
6,12,adjacent,400,30,16,188,FWD,E11,E12,E5,E6,25.945000,483.992000,OK
6,12,adjacent,400,30,16,189,REV,E12,E11,E5,E6,-25.820000,483.992000,OK
6,12,adjacent,400,30,16,190,FWD,E11,E12,E6,E7,-8.672000,484.630000,OK
6,12,adjacent,400,30,16,191,REV,E12,E11,E6,E7,8.672000,483.753000,OK
6,12,adjacent,400,30,16,192,FWD,E11,E12,E7,E8,-8.625000,485.269000,OK
6,12,adjacent,400,30,16,193,REV,E12,E11,E7,E8,8.680000,483.992000,OK
6,12,adjacent,400,30,16,194,FWD,E11,E12,E8,E9,-8.672000,484.710000,OK
6,12,adjacent,400,30,16,195,REV,E12,E11,E8,E9,8.695000,484.311000,OK
6,12,adjacent,400,30,16,196,FWD,E11,E12,E9,E10,-8.445000,485.029000,OK
6,12,adjacent,400,30,16,197,REV,E12,E11,E9,E10,8.484000,484.231000,OK
6,12,adjacent,400,30,16,198,FWD,E12,E1,E2,E3,-43.133000,483.354000,OK
6,12,adjacent,400,30,16,199,REV,E1,E12,E2,E3,43.094000,481.837000,OK
6,12,adjacent,400,30,16,200,FWD,E12,E1,E3,E4,-43.094000,483.593000,OK
6,12,adjacent,400,30,16,201,REV,E1,E12,E3,E4,43.023000,481.837000,OK
6,12,adjacent,400,30,16,202,FWD,E12,E1,E4,E5,26.406000,483.194000,OK
6,12,adjacent,400,30,16,203,REV,E1,E12,E4,E5,-26.148000,482.396000,OK
6,12,adjacent,400,30,16,204,FWD,E12,E1,E5,E6,25.836000,482.715000,OK
6,12,adjacent,400,30,16,205,REV,E1,E12,E5,E6,-25.727000,482.316000,OK
6,12,adjacent,400,30,16,206,FWD,E12,E1,E6,E7,-8.656000,483.274000,OK
6,12,adjacent,400,30,16,207,REV,E1,E12,E6,E7,8.641000,482.635000,OK
6,12,adjacent,400,30,16,208,FWD,E12,E1,E7,E8,-8.641000,483.912000,OK
6,12,adjacent,400,30,16,209,REV,E1,E12,E7,E8,8.680000,483.034000,OK
6,12,adjacent,400,30,16,210,FWD,E12,E1,E8,E9,-8.688000,483.354000,OK
6,12,adjacent,400,30,16,211,REV,E1,E12,E8,E9,8.680000,483.274000,OK
6,12,adjacent,400,30,16,212,FWD,E12,E1,E9,E10,-8.469000,483.354000,OK
6,12,adjacent,400,30,16,213,REV,E1,E12,E9,E10,8.477000,482.875000,OK
6,12,adjacent,400,30,16,214,FWD,E12,E1,E10,E11,-49.289000,483.354000,OK
6,12,adjacent,400,30,16,215,REV,E1,E12,E10,E11,-65.516000,481.997000,OK
7,13,adjacent,400,30,16,0,FWD,E1,E2,E3,E4,-43.555000,481.359000,OK
7,13,adjacent,400,30,16,1,REV,E2,E1,E3,E4,43.703000,482.715000,OK
7,13,adjacent,400,30,16,2,FWD,E1,E2,E4,E5,-78.453000,481.119000,OK
7,13,adjacent,400,30,16,3,REV,E2,E1,E4,E5,78.859000,482.556000,OK
7,13,adjacent,400,30,16,4,FWD,E1,E2,E5,E6,26.328000,480.880000,OK
7,13,adjacent,400,30,16,5,REV,E2,E1,E5,E6,-26.203000,482.715000,OK
7,13,adjacent,400,30,16,6,FWD,E1,E2,E6,E7,-8.719000,481.758000,OK
7,13,adjacent,400,30,16,7,REV,E2,E1,E6,E7,8.766000,483.114000,OK
7,13,adjacent,400,30,16,8,FWD,E1,E2,E7,E8,-8.742000,481.438000,OK
7,13,adjacent,400,30,16,9,REV,E2,E1,E7,E8,8.758000,483.194000,OK
7,13,adjacent,400,30,16,10,FWD,E1,E2,E8,E9,-8.766000,481.598000,OK
7,13,adjacent,400,30,16,11,REV,E2,E1,E8,E9,8.789000,483.274000,OK
7,13,adjacent,400,30,16,12,FWD,E1,E2,E9,E10,-8.539000,481.518000,OK
7,13,adjacent,400,30,16,13,REV,E2,E1,E9,E10,8.586000,483.194000,OK
7,13,adjacent,400,30,16,14,FWD,E1,E2,E10,E11,-50.398000,480.481000,OK
7,13,adjacent,400,30,16,15,REV,E2,E1,E10,E11,-64.680000,482.715000,OK
7,13,adjacent,400,30,16,16,FWD,E1,E2,E11,E12,-53.172000,481.279000,OK
7,13,adjacent,400,30,16,17,REV,E2,E1,E11,E12,-74.961000,482.556000,OK
7,13,adjacent,400,30,16,18,FWD,E2,E3,E4,E5,-78.766000,482.635000,OK
7,13,adjacent,400,30,16,19,REV,E3,E2,E4,E5,78.703000,482.157000,OK
7,13,adjacent,400,30,16,20,FWD,E2,E3,E5,E6,-78.969000,483.274000,OK
7,13,adjacent,400,30,16,21,REV,E3,E2,E5,E6,79.055000,482.556000,OK
7,13,adjacent,400,30,16,22,FWD,E2,E3,E6,E7,-8.844000,483.034000,OK
7,13,adjacent,400,30,16,23,REV,E3,E2,E6,E7,8.828000,482.635000,OK
7,13,adjacent,400,30,16,24,FWD,E2,E3,E7,E8,-8.797000,483.114000,OK
7,13,adjacent,400,30,16,25,REV,E3,E2,E7,E8,8.813000,482.715000,OK
7,13,adjacent,400,30,16,26,FWD,E2,E3,E8,E9,-8.805000,483.114000,OK
7,13,adjacent,400,30,16,27,REV,E3,E2,E8,E9,8.820000,482.635000,OK
7,13,adjacent,400,30,16,28,FWD,E2,E3,E9,E10,-8.625000,483.114000,OK
7,13,adjacent,400,30,16,29,REV,E3,E2,E9,E10,8.609000,483.194000,OK
7,13,adjacent,400,30,16,30,FWD,E2,E3,E10,E11,-50.547000,482.955000,OK
7,13,adjacent,400,30,16,31,REV,E3,E2,E10,E11,-63.563000,482.396000,OK
7,13,adjacent,400,30,16,32,FWD,E2,E3,E11,E12,-54.859000,482.556000,OK
7,13,adjacent,400,30,16,33,REV,E3,E2,E11,E12,-72.836000,481.997000,OK
7,13,adjacent,400,30,16,34,FWD,E2,E3,E12,E1,-8.703000,483.114000,OK
7,13,adjacent,400,30,16,35,REV,E3,E2,E12,E1,8.727000,482.556000,OK
7,13,adjacent,400,30,16,36,FWD,E3,E4,E1,E2,-8.633000,483.593000,OK
7,13,adjacent,400,30,16,37,REV,E4,E3,E1,E2,8.766000,484.072000,OK
7,13,adjacent,400,30,16,38,FWD,E3,E4,E5,E6,-77.586000,483.274000,OK
7,13,adjacent,400,30,16,39,REV,E4,E3,E5,E6,77.602000,484.391000,OK
7,13,adjacent,400,30,16,40,FWD,E3,E4,E6,E7,-8.719000,483.992000,OK
7,13,adjacent,400,30,16,41,REV,E4,E3,E6,E7,8.648000,484.551000,OK
7,13,adjacent,400,30,16,42,FWD,E3,E4,E7,E8,-8.680000,484.152000,OK
7,13,adjacent,400,30,16,43,REV,E4,E3,E7,E8,8.695000,484.391000,OK
7,13,adjacent,400,30,16,44,FWD,E3,E4,E8,E9,-8.680000,483.753000,OK
7,13,adjacent,400,30,16,45,REV,E4,E3,E8,E9,8.703000,484.231000,OK
7,13,adjacent,400,30,16,46,FWD,E3,E4,E9,E10,-8.461000,483.753000,OK
7,13,adjacent,400,30,16,47,REV,E4,E3,E9,E10,8.469000,484.790000,OK
7,13,adjacent,400,30,16,48,FWD,E3,E4,E10,E11,-51.609000,483.513000,OK
7,13,adjacent,400,30,16,49,REV,E4,E3,E10,E11,-62.711000,483.832000,OK
7,13,adjacent,400,30,16,50,FWD,E3,E4,E11,E12,-57.055000,483.274000,OK
7,13,adjacent,400,30,16,51,REV,E4,E3,E11,E12,-72.305000,484.072000,OK
7,13,adjacent,400,30,16,52,FWD,E3,E4,E12,E1,-8.539000,484.231000,OK
7,13,adjacent,400,30,16,53,REV,E4,E3,E12,E1,8.563000,483.912000,OK
7,13,adjacent,400,30,16,54,FWD,E4,E5,E1,E2,-8.641000,484.231000,OK
7,13,adjacent,400,30,16,55,REV,E5,E4,E1,E2,8.727000,483.673000,OK
7,13,adjacent,400,30,16,56,FWD,E4,E5,E2,E3,60.359000,483.992000,OK
7,13,adjacent,400,30,16,57,REV,E5,E4,E2,E3,-60.266000,484.072000,OK
7,13,adjacent,400,30,16,58,FWD,E4,E5,E6,E7,-8.664000,484.710000,OK
7,13,adjacent,400,30,16,59,REV,E5,E4,E6,E7,8.602000,483.912000,OK
7,13,adjacent,400,30,16,60,FWD,E4,E5,E7,E8,-8.680000,484.311000,OK
7,13,adjacent,400,30,16,61,REV,E5,E4,E7,E8,8.680000,484.072000,OK
7,13,adjacent,400,30,16,62,FWD,E4,E5,E8,E9,-8.711000,484.072000,OK
7,13,adjacent,400,30,16,63,REV,E5,E4,E8,E9,8.711000,483.992000,OK
7,13,adjacent,400,30,16,64,FWD,E4,E5,E9,E10,-8.492000,483.912000,OK
7,13,adjacent,400,30,16,65,REV,E5,E4,E9,E10,8.477000,483.673000,OK
7,13,adjacent,400,30,16,66,FWD,E4,E5,E10,E11,-52.375000,484.551000,OK
7,13,adjacent,400,30,16,67,REV,E5,E4,E10,E11,-61.313000,483.593000,OK
7,13,adjacent,400,30,16,68,FWD,E4,E5,E11,E12,-57.000000,484.311000,OK
7,13,adjacent,400,30,16,69,REV,E5,E4,E11,E12,-69.383000,483.114000,OK
7,13,adjacent,400,30,16,70,FWD,E4,E5,E12,E1,-8.555000,484.311000,OK
7,13,adjacent,400,30,16,71,REV,E5,E4,E12,E1,8.570000,484.072000,OK
7,13,adjacent,400,30,16,72,FWD,E5,E6,E1,E2,-8.672000,477.289000,OK
7,13,adjacent,400,30,16,73,REV,E6,E5,E1,E2,8.734000,477.927000,OK
7,13,adjacent,400,30,16,74,FWD,E5,E6,E2,E3,60.242000,476.411000,OK
7,13,adjacent,400,30,16,75,REV,E6,E5,E2,E3,-60.250000,477.688000,OK
7,13,adjacent,400,30,16,76,FWD,E5,E6,E3,E4,60.289000,476.890000,OK
7,13,adjacent,400,30,16,77,REV,E6,E5,E3,E4,-60.289000,476.969000,OK
7,13,adjacent,400,30,16,78,FWD,E5,E6,E7,E8,-8.695000,476.969000,OK
7,13,adjacent,400,30,16,79,REV,E6,E5,E7,E8,8.648000,477.289000,OK
7,13,adjacent,400,30,16,80,FWD,E5,E6,E8,E9,-8.672000,477.289000,OK
7,13,adjacent,400,30,16,81,REV,E6,E5,E8,E9,8.680000,477.528000,OK
7,13,adjacent,400,30,16,82,FWD,E5,E6,E9,E10,-8.508000,477.448000,OK
7,13,adjacent,400,30,16,83,REV,E6,E5,E9,E10,8.438000,477.448000,OK
7,13,adjacent,400,30,16,84,FWD,E5,E6,E10,E11,-53.859000,476.730000,OK
7,13,adjacent,400,30,16,85,REV,E6,E5,E10,E11,-61.766000,477.448000,OK
7,13,adjacent,400,30,16,86,FWD,E5,E6,E11,E12,-56.836000,476.890000,OK
7,13,adjacent,400,30,16,87,REV,E6,E5,E11,E12,-67.625000,477.049000,OK
7,13,adjacent,400,30,16,88,FWD,E5,E6,E12,E1,-8.570000,476.890000,OK
7,13,adjacent,400,30,16,89,REV,E6,E5,E12,E1,8.578000,477.528000,OK
7,13,adjacent,400,30,16,90,FWD,E6,E7,E1,E2,-8.703000,478.406000,OK
7,13,adjacent,400,30,16,91,REV,E7,E6,E1,E2,8.703000,476.890000,OK
7,13,adjacent,400,30,16,92,FWD,E6,E7,E2,E3,60.773000,477.927000,OK
7,13,adjacent,400,30,16,93,REV,E7,E6,E2,E3,-60.297000,476.411000,OK
7,13,adjacent,400,30,16,94,FWD,E6,E7,E3,E4,60.469000,477.847000,OK
7,13,adjacent,400,30,16,95,REV,E7,E6,E3,E4,-60.227000,476.650000,OK
7,13,adjacent,400,30,16,96,FWD,E6,E7,E4,E5,25.937000,478.167000,OK
7,13,adjacent,400,30,16,97,REV,E7,E6,E4,E5,-26.016000,476.650000,OK
7,13,adjacent,400,30,16,98,FWD,E6,E7,E8,E9,-8.695000,478.246000,OK
7,13,adjacent,400,30,16,99,REV,E7,E6,E8,E9,8.648000,477.289000,OK
7,13,adjacent,400,30,16,100,FWD,E6,E7,E9,E10,-8.484000,478.725000,OK
7,13,adjacent,400,30,16,101,REV,E7,E6,E9,E10,8.398000,477.368000,OK
7,13,adjacent,400,30,16,102,FWD,E6,E7,E10,E11,-57.953000,478.326000,OK
7,13,adjacent,400,30,16,103,REV,E7,E6,E10,E11,-57.703000,476.092000,OK
7,13,adjacent,400,30,16,104,FWD,E6,E7,E11,E12,-61.445000,477.767000,OK
7,13,adjacent,400,30,16,105,REV,E7,E6,E11,E12,-62.844000,476.810000,OK
7,13,adjacent,400,30,16,106,FWD,E6,E7,E12,E1,-8.570000,478.326000,OK
7,13,adjacent,400,30,16,107,REV,E7,E6,E12,E1,8.570000,476.969000,OK
7,13,adjacent,400,30,16,108,FWD,E7,E8,E1,E2,-8.000000,441.059000,OK
7,13,adjacent,400,30,16,109,REV,E8,E7,E1,E2,8.008000,440.820000,OK
7,13,adjacent,400,30,16,110,FWD,E7,E8,E2,E3,-40.258000,445.129000,OK
7,13,adjacent,400,30,16,111,REV,E8,E7,E2,E3,40.492000,443.932000,OK
7,13,adjacent,400,30,16,112,FWD,E7,E8,E3,E4,101.836000,444.012000,OK
7,13,adjacent,400,30,16,113,REV,E8,E7,E3,E4,-102.039000,443.453000,OK
7,13,adjacent,400,30,16,114,FWD,E7,E8,E4,E5,24.047000,443.453000,OK
7,13,adjacent,400,30,16,115,REV,E8,E7,E4,E5,-24.062000,442.655000,OK
7,13,adjacent,400,30,16,116,FWD,E7,E8,E5,E6,23.828000,441.378000,OK
7,13,adjacent,400,30,16,117,REV,E8,E7,E5,E6,-23.953000,440.421000,OK
7,13,adjacent,400,30,16,118,FWD,E7,E8,E9,E10,-7.812000,440.820000,OK
7,13,adjacent,400,30,16,119,REV,E8,E7,E9,E10,7.727000,439.543000,OK
7,13,adjacent,400,30,16,120,FWD,E7,E8,E10,E11,-64.008000,450.635000,OK
7,13,adjacent,400,30,16,121,REV,E8,E7,E10,E11,-48.352000,450.954000,OK
7,13,adjacent,400,30,16,122,FWD,E7,E8,E11,E12,-68.750000,449.837000,OK
7,13,adjacent,400,30,16,123,REV,E8,E7,E11,E12,-54.641000,450.715000,OK
7,13,adjacent,400,30,16,124,FWD,E7,E8,E12,E1,-8.055000,450.795000,OK
7,13,adjacent,400,30,16,125,REV,E8,E7,E12,E1,8.078000,450.715000,OK
7,13,adjacent,400,30,16,126,FWD,E8,E9,E1,E2,-8.219000,450.396000,OK
7,13,adjacent,400,30,16,127,REV,E9,E8,E1,E2,8.211000,450.316000,OK
7,13,adjacent,400,30,16,128,FWD,E8,E9,E2,E3,-40.703000,449.837000,OK
7,13,adjacent,400,30,16,129,REV,E9,E8,E2,E3,40.734000,449.199000,OK
7,13,adjacent,400,30,16,130,FWD,E8,E9,E3,E4,-79.539000,449.518000,OK
7,13,adjacent,400,30,16,131,REV,E9,E8,E3,E4,79.875000,448.959000,OK
7,13,adjacent,400,30,16,132,FWD,E8,E9,E4,E5,24.437000,448.880000,OK
7,13,adjacent,400,30,16,133,REV,E9,E8,E4,E5,-24.977000,458.216000,OK
7,13,adjacent,400,30,16,134,FWD,E8,E9,E5,E6,24.781000,458.376000,OK
7,13,adjacent,400,30,16,135,REV,E9,E8,E5,E6,-24.922000,458.695000,OK
7,13,adjacent,400,30,16,136,FWD,E8,E9,E6,E7,-8.305000,459.094000,OK
7,13,adjacent,400,30,16,137,REV,E9,E8,E6,E7,8.398000,458.775000,OK
7,13,adjacent,400,30,16,138,FWD,E8,E9,E10,E11,-73.508000,458.695000,OK
7,13,adjacent,400,30,16,139,REV,E9,E8,E10,E11,-35.313000,458.296000,OK
7,13,adjacent,400,30,16,140,FWD,E8,E9,E11,E12,-80.094000,458.456000,OK
7,13,adjacent,400,30,16,141,REV,E9,E8,E11,E12,-46.859000,456.301000,OK
7,13,adjacent,400,30,16,142,FWD,E8,E9,E12,E1,-8.219000,456.620000,OK
7,13,adjacent,400,30,16,143,REV,E9,E8,E12,E1,8.227000,457.418000,OK
7,13,adjacent,400,30,16,144,FWD,E9,E10,E1,E2,-8.609000,484.870000,OK
7,13,adjacent,400,30,16,145,REV,E10,E9,E1,E2,8.594000,485.109000,OK
7,13,adjacent,400,30,16,146,FWD,E9,E10,E2,E3,-42.813000,484.790000,OK
7,13,adjacent,400,30,16,147,REV,E10,E9,E2,E3,42.883000,485.029000,OK
7,13,adjacent,400,30,16,148,FWD,E9,E10,E3,E4,-42.750000,485.109000,OK
7,13,adjacent,400,30,16,149,REV,E10,E9,E3,E4,42.820000,484.471000,OK
7,13,adjacent,400,30,16,150,FWD,E9,E10,E4,E5,25.781000,484.231000,OK
7,13,adjacent,400,30,16,151,REV,E10,E9,E4,E5,-25.687000,484.551000,OK
7,13,adjacent,400,30,16,152,FWD,E9,E10,E5,E6,25.617000,484.471000,OK
7,13,adjacent,400,30,16,153,REV,E10,E9,E5,E6,-25.594000,485.428000,OK
7,13,adjacent,400,30,16,154,FWD,E9,E10,E6,E7,-8.578000,485.189000,OK
7,13,adjacent,400,30,16,155,REV,E10,E9,E6,E7,8.594000,484.551000,OK
7,13,adjacent,400,30,16,156,FWD,E9,E10,E7,E8,-8.555000,485.109000,OK
7,13,adjacent,400,30,16,157,REV,E10,E9,E7,E8,8.641000,485.029000,OK
7,13,adjacent,400,30,16,158,FWD,E9,E10,E11,E12,-70.383000,484.710000,OK
7,13,adjacent,400,30,16,159,REV,E10,E9,E11,E12,-44.906000,484.471000,OK
7,13,adjacent,400,30,16,160,FWD,E9,E10,E12,E1,-8.500000,485.029000,OK
7,13,adjacent,400,30,16,161,REV,E10,E9,E12,E1,8.461000,484.790000,OK
7,13,adjacent,400,30,16,162,FWD,E10,E11,E1,E2,-8.734000,483.673000,OK
7,13,adjacent,400,30,16,163,REV,E11,E10,E1,E2,8.766000,484.551000,OK
7,13,adjacent,400,30,16,164,FWD,E10,E11,E2,E3,-43.367000,482.955000,OK
7,13,adjacent,400,30,16,165,REV,E11,E10,E2,E3,43.453000,484.152000,OK
7,13,adjacent,400,30,16,166,FWD,E10,E11,E3,E4,-43.227000,483.433000,OK
7,13,adjacent,400,30,16,167,REV,E11,E10,E3,E4,43.461000,484.391000,OK
7,13,adjacent,400,30,16,168,FWD,E10,E11,E4,E5,26.102000,483.354000,OK
7,13,adjacent,400,30,16,169,REV,E11,E10,E4,E5,-26.086000,483.753000,OK
7,13,adjacent,400,30,16,170,FWD,E10,E11,E5,E6,25.930000,483.513000,OK
7,13,adjacent,400,30,16,171,REV,E11,E10,E5,E6,-25.977000,484.152000,OK
7,13,adjacent,400,30,16,172,FWD,E10,E11,E6,E7,-8.688000,484.152000,OK
7,13,adjacent,400,30,16,173,REV,E11,E10,E6,E7,8.750000,484.471000,OK
7,13,adjacent,400,30,16,174,FWD,E10,E11,E7,E8,-8.711000,483.673000,OK
7,13,adjacent,400,30,16,175,REV,E11,E10,E7,E8,8.773000,484.551000,OK
7,13,adjacent,400,30,16,176,FWD,E10,E11,E8,E9,-8.742000,483.513000,OK
7,13,adjacent,400,30,16,177,REV,E11,E10,E8,E9,8.820000,484.710000,OK
7,13,adjacent,400,30,16,178,FWD,E10,E11,E12,E1,-8.609000,483.433000,OK
7,13,adjacent,400,30,16,179,REV,E11,E10,E12,E1,8.617000,483.912000,OK
7,13,adjacent,400,30,16,180,FWD,E11,E12,E1,E2,-8.734000,484.870000,OK
7,13,adjacent,400,30,16,181,REV,E12,E11,E1,E2,8.664000,484.231000,OK
7,13,adjacent,400,30,16,182,FWD,E11,E12,E2,E3,-43.320000,484.710000,OK
7,13,adjacent,400,30,16,183,REV,E12,E11,E2,E3,43.203000,483.992000,OK
7,13,adjacent,400,30,16,184,FWD,E11,E12,E3,E4,-43.219000,484.710000,OK
7,13,adjacent,400,30,16,185,REV,E12,E11,E3,E4,43.219000,484.311000,OK
7,13,adjacent,400,30,16,186,FWD,E11,E12,E4,E5,26.039000,484.311000,OK
7,13,adjacent,400,30,16,187,REV,E12,E11,E4,E5,-25.859000,483.593000,OK
7,13,adjacent,400,30,16,188,FWD,E11,E12,E5,E6,25.875000,484.231000,OK
7,13,adjacent,400,30,16,189,REV,E12,E11,E5,E6,-25.852000,483.912000,OK
7,13,adjacent,400,30,16,190,FWD,E11,E12,E6,E7,-8.719000,484.630000,OK
7,13,adjacent,400,30,16,191,REV,E12,E11,E6,E7,8.719000,484.710000,OK
7,13,adjacent,400,30,16,192,FWD,E11,E12,E7,E8,-8.719000,484.471000,OK
7,13,adjacent,400,30,16,193,REV,E12,E11,E7,E8,8.680000,484.391000,OK
7,13,adjacent,400,30,16,194,FWD,E11,E12,E8,E9,-8.641000,484.391000,OK
7,13,adjacent,400,30,16,195,REV,E12,E11,E8,E9,8.695000,484.630000,OK
7,13,adjacent,400,30,16,196,FWD,E11,E12,E9,E10,-8.438000,484.710000,OK
7,13,adjacent,400,30,16,197,REV,E12,E11,E9,E10,8.484000,484.630000,OK
7,13,adjacent,400,30,16,198,FWD,E12,E1,E2,E3,-43.102000,483.194000,OK
7,13,adjacent,400,30,16,199,REV,E1,E12,E2,E3,43.078000,482.556000,OK
7,13,adjacent,400,30,16,200,FWD,E12,E1,E3,E4,-43.102000,483.034000,OK
7,13,adjacent,400,30,16,201,REV,E1,E12,E3,E4,43.008000,482.955000,OK
7,13,adjacent,400,30,16,202,FWD,E12,E1,E4,E5,26.414000,483.034000,OK
7,13,adjacent,400,30,16,203,REV,E1,E12,E4,E5,-26.195000,482.556000,OK
7,13,adjacent,400,30,16,204,FWD,E12,E1,E5,E6,25.906000,482.955000,OK
7,13,adjacent,400,30,16,205,REV,E1,E12,E5,E6,-25.742000,482.316000,OK
7,13,adjacent,400,30,16,206,FWD,E12,E1,E6,E7,-8.680000,483.274000,OK
7,13,adjacent,400,30,16,207,REV,E1,E12,E6,E7,8.672000,483.274000,OK
7,13,adjacent,400,30,16,208,FWD,E12,E1,E7,E8,-8.719000,483.673000,OK
7,13,adjacent,400,30,16,209,REV,E1,E12,E7,E8,8.602000,482.715000,OK
7,13,adjacent,400,30,16,210,FWD,E12,E1,E8,E9,-8.469000,483.593000,OK
7,13,adjacent,400,30,16,211,REV,E1,E12,E8,E9,9.023000,482.955000,OK
7,13,adjacent,400,30,16,212,FWD,E12,E1,E9,E10,-8.453000,483.992000,OK
7,13,adjacent,400,30,16,213,REV,E1,E12,E9,E10,8.445000,482.556000,OK
7,13,adjacent,400,30,16,214,FWD,E12,E1,E10,E11,-48.625000,482.635000,OK
7,13,adjacent,400,30,16,215,REV,E1,E12,E10,E11,-63.766000,482.635000,OK
8,14,adjacent,400,30,16,0,FWD,E1,E2,E3,E4,-59.609000,481.438000,OK
8,14,adjacent,400,30,16,1,REV,E2,E1,E3,E4,21.148000,483.114000,OK
8,14,adjacent,400,30,16,2,FWD,E1,E2,E4,E5,-78.523000,480.960000,OK
8,14,adjacent,400,30,16,3,REV,E2,E1,E4,E5,78.906000,482.715000,OK
8,14,adjacent,400,30,16,4,FWD,E1,E2,E5,E6,26.305000,481.518000,OK
8,14,adjacent,400,30,16,5,REV,E2,E1,E5,E6,-26.367000,482.316000,OK
8,14,adjacent,400,30,16,6,FWD,E1,E2,E6,E7,-8.773000,481.837000,OK
8,14,adjacent,400,30,16,7,REV,E2,E1,E6,E7,8.781000,483.034000,OK
8,14,adjacent,400,30,16,8,FWD,E1,E2,E7,E8,-30.422000,481.199000,OK
8,14,adjacent,400,30,16,9,REV,E2,E1,E7,E8,-6.508000,483.513000,OK
8,14,adjacent,400,30,16,10,FWD,E1,E2,E8,E9,17.094000,481.917000,OK
8,14,adjacent,400,30,16,11,REV,E2,E1,E8,E9,25.328000,483.034000,OK
8,14,adjacent,400,30,16,12,FWD,E1,E2,E9,E10,-8.547000,481.598000,OK
8,14,adjacent,400,30,16,13,REV,E2,E1,E9,E10,8.602000,482.795000,OK
8,14,adjacent,400,30,16,14,FWD,E1,E2,E10,E11,-48.898000,481.279000,OK
8,14,adjacent,400,30,16,15,REV,E2,E1,E10,E11,-62.695000,482.635000,OK
8,14,adjacent,400,30,16,16,FWD,E1,E2,E11,E12,-53.406000,481.199000,OK
8,14,adjacent,400,30,16,17,REV,E2,E1,E11,E12,-72.773000,483.034000,OK
8,14,adjacent,400,30,16,18,FWD,E2,E3,E4,E5,-78.773000,482.476000,OK
8,14,adjacent,400,30,16,19,REV,E3,E2,E4,E5,78.719000,482.236000,OK
8,14,adjacent,400,30,16,20,FWD,E2,E3,E5,E6,-79.086000,482.875000,OK
8,14,adjacent,400,30,16,21,REV,E3,E2,E5,E6,79.023000,481.678000,OK
8,14,adjacent,400,30,16,22,FWD,E2,E3,E6,E7,-8.859000,483.194000,OK
8,14,adjacent,400,30,16,23,REV,E3,E2,E6,E7,8.820000,482.955000,OK
8,14,adjacent,400,30,16,24,FWD,E2,E3,E7,E8,-31.109000,483.433000,OK
8,14,adjacent,400,30,16,25,REV,E3,E2,E7,E8,-6.773000,483.194000,OK
8,14,adjacent,400,30,16,26,FWD,E2,E3,E8,E9,17.078000,483.114000,OK
8,14,adjacent,400,30,16,27,REV,E3,E2,E8,E9,23.562000,482.635000,OK
8,14,adjacent,400,30,16,28,FWD,E2,E3,E9,E10,-8.609000,483.832000,OK
8,14,adjacent,400,30,16,29,REV,E3,E2,E9,E10,8.617000,482.476000,OK
8,14,adjacent,400,30,16,30,FWD,E2,E3,E10,E11,-50.305000,483.034000,OK
8,14,adjacent,400,30,16,31,REV,E3,E2,E10,E11,-62.359000,481.758000,OK
8,14,adjacent,400,30,16,32,FWD,E2,E3,E11,E12,-54.102000,482.955000,OK
8,14,adjacent,400,30,16,33,REV,E3,E2,E11,E12,-70.641000,482.715000,OK
8,14,adjacent,400,30,16,34,FWD,E2,E3,E12,E1,-8.719000,483.194000,OK
8,14,adjacent,400,30,16,35,REV,E3,E2,E12,E1,8.734000,482.795000,OK
8,14,adjacent,400,30,16,36,FWD,E3,E4,E1,E2,-8.680000,484.551000,OK
8,14,adjacent,400,30,16,37,REV,E4,E3,E1,E2,8.695000,484.311000,OK
8,14,adjacent,400,30,16,38,FWD,E3,E4,E5,E6,-77.609000,483.832000,OK
8,14,adjacent,400,30,16,39,REV,E4,E3,E5,E6,77.625000,484.072000,OK
8,14,adjacent,400,30,16,40,FWD,E3,E4,E6,E7,-8.672000,484.072000,OK
8,14,adjacent,400,30,16,41,REV,E4,E3,E6,E7,8.625000,484.790000,OK
8,14,adjacent,400,30,16,42,FWD,E3,E4,E7,E8,-23.414000,484.551000,OK
8,14,adjacent,400,30,16,43,REV,E4,E3,E7,E8,-3.930000,484.710000,OK
8,14,adjacent,400,30,16,44,FWD,E3,E4,E8,E9,20.766000,483.832000,OK
8,14,adjacent,400,30,16,45,REV,E4,E3,E8,E9,20.461000,484.551000,OK
8,14,adjacent,400,30,16,46,FWD,E3,E4,E9,E10,-8.477000,483.832000,OK
8,14,adjacent,400,30,16,47,REV,E4,E3,E9,E10,8.477000,484.551000,OK
8,14,adjacent,400,30,16,48,FWD,E3,E4,E10,E11,-51.984000,483.832000,OK
8,14,adjacent,400,30,16,49,REV,E4,E3,E10,E11,-60.719000,484.072000,OK
8,14,adjacent,400,30,16,50,FWD,E3,E4,E11,E12,-55.414000,483.832000,OK
8,14,adjacent,400,30,16,51,REV,E4,E3,E11,E12,-70.047000,484.152000,OK
8,14,adjacent,400,30,16,52,FWD,E3,E4,E12,E1,-8.563000,484.471000,OK
8,14,adjacent,400,30,16,53,REV,E4,E3,E12,E1,8.617000,484.231000,OK
8,14,adjacent,400,30,16,54,FWD,E4,E5,E1,E2,-8.672000,484.391000,OK
8,14,adjacent,400,30,16,55,REV,E5,E4,E1,E2,8.711000,483.832000,OK
8,14,adjacent,400,30,16,56,FWD,E4,E5,E2,E3,60.359000,483.992000,OK
8,14,adjacent,400,30,16,57,REV,E5,E4,E2,E3,-60.234000,483.673000,OK
8,14,adjacent,400,30,16,58,FWD,E4,E5,E6,E7,-8.672000,484.471000,OK
8,14,adjacent,400,30,16,59,REV,E5,E4,E6,E7,8.625000,483.753000,OK
8,14,adjacent,400,30,16,60,FWD,E4,E5,E7,E8,-27.047000,484.790000,OK
8,14,adjacent,400,30,16,61,REV,E5,E4,E7,E8,3.453000,483.513000,OK
8,14,adjacent,400,30,16,62,FWD,E4,E5,E8,E9,24.820000,484.391000,OK
8,14,adjacent,400,30,16,63,REV,E5,E4,E8,E9,26.336000,483.274000,OK
8,14,adjacent,400,30,16,64,FWD,E4,E5,E9,E10,-8.484000,484.231000,OK
8,14,adjacent,400,30,16,65,REV,E5,E4,E9,E10,8.453000,484.152000,OK
8,14,adjacent,400,30,16,66,FWD,E4,E5,E10,E11,-53.492000,483.992000,OK
8,14,adjacent,400,30,16,67,REV,E5,E4,E10,E11,-61.547000,483.433000,OK
8,14,adjacent,400,30,16,68,FWD,E4,E5,E11,E12,-56.313000,483.513000,OK
8,14,adjacent,400,30,16,69,REV,E5,E4,E11,E12,-68.617000,482.795000,OK
8,14,adjacent,400,30,16,70,FWD,E4,E5,E12,E1,-8.602000,484.311000,OK
8,14,adjacent,400,30,16,71,REV,E5,E4,E12,E1,8.586000,483.354000,OK
8,14,adjacent,400,30,16,72,FWD,E5,E6,E1,E2,-8.664000,477.049000,OK
8,14,adjacent,400,30,16,73,REV,E6,E5,E1,E2,8.727000,477.289000,OK
8,14,adjacent,400,30,16,74,FWD,E5,E6,E2,E3,60.156000,476.491000,OK
8,14,adjacent,400,30,16,75,REV,E6,E5,E2,E3,-60.148000,477.289000,OK
8,14,adjacent,400,30,16,76,FWD,E5,E6,E3,E4,23.023000,476.969000,OK
8,14,adjacent,400,30,16,77,REV,E6,E5,E3,E4,-47.547000,476.969000,OK
8,14,adjacent,400,30,16,78,FWD,E5,E6,E7,E8,-33.594000,477.368000,OK
8,14,adjacent,400,30,16,79,REV,E6,E5,E7,E8,-0.344000,477.368000,OK
8,14,adjacent,400,30,16,80,FWD,E5,E6,E8,E9,29.891000,477.049000,OK
8,14,adjacent,400,30,16,81,REV,E6,E5,E8,E9,22.359000,477.608000,OK
8,14,adjacent,400,30,16,82,FWD,E5,E6,E9,E10,-8.508000,477.049000,OK
8,14,adjacent,400,30,16,83,REV,E6,E5,E9,E10,8.453000,477.688000,OK
8,14,adjacent,400,30,16,84,FWD,E5,E6,E10,E11,-52.422000,477.129000,OK
8,14,adjacent,400,30,16,85,REV,E6,E5,E10,E11,-58.906000,476.411000,OK
8,14,adjacent,400,30,16,86,FWD,E5,E6,E11,E12,-56.906000,476.411000,OK
8,14,adjacent,400,30,16,87,REV,E6,E5,E11,E12,-65.797000,477.289000,OK
8,14,adjacent,400,30,16,88,FWD,E5,E6,E12,E1,-8.563000,476.890000,OK
8,14,adjacent,400,30,16,89,REV,E6,E5,E12,E1,8.594000,477.927000,OK
8,14,adjacent,400,30,16,90,FWD,E6,E7,E1,E2,-8.672000,478.805000,OK
8,14,adjacent,400,30,16,91,REV,E7,E6,E1,E2,8.703000,476.810000,OK
8,14,adjacent,400,30,16,92,FWD,E6,E7,E2,E3,60.789000,478.326000,OK
8,14,adjacent,400,30,16,93,REV,E7,E6,E2,E3,-60.352000,476.810000,OK
8,14,adjacent,400,30,16,94,FWD,E6,E7,E3,E4,21.906000,478.007000,OK
8,14,adjacent,400,30,16,95,REV,E7,E6,E3,E4,-49.781000,476.331000,OK
8,14,adjacent,400,30,16,96,FWD,E6,E7,E4,E5,25.922000,477.847000,OK
8,14,adjacent,400,30,16,97,REV,E7,E6,E4,E5,-25.922000,476.730000,OK
8,14,adjacent,400,30,16,98,FWD,E6,E7,E8,E9,30.055000,478.486000,OK
8,14,adjacent,400,30,16,99,REV,E7,E6,E8,E9,22.937000,476.969000,OK
8,14,adjacent,400,30,16,100,FWD,E6,E7,E9,E10,-8.531000,478.725000,OK
8,14,adjacent,400,30,16,101,REV,E7,E6,E9,E10,8.445000,476.890000,OK
8,14,adjacent,400,30,16,102,FWD,E6,E7,E10,E11,-57.094000,478.007000,OK
8,14,adjacent,400,30,16,103,REV,E7,E6,E10,E11,-56.828000,476.810000,OK
8,14,adjacent,400,30,16,104,FWD,E6,E7,E11,E12,-60.063000,478.087000,OK
8,14,adjacent,400,30,16,105,REV,E7,E6,E11,E12,-62.266000,476.730000,OK
8,14,adjacent,400,30,16,106,FWD,E6,E7,E12,E1,-8.578000,478.326000,OK
8,14,adjacent,400,30,16,107,REV,E7,E6,E12,E1,8.547000,477.448000,OK
8,14,adjacent,400,30,16,108,FWD,E7,E8,E1,E2,-0.023000,1.037000,I_LOW
8,14,adjacent,400,30,16,109,REV,E8,E7,E1,E2,0.016000,1.117000,I_LOW
8,14,adjacent,400,30,16,110,FWD,E7,E8,E2,E3,-0.008000,1.197000,I_LOW
8,14,adjacent,400,30,16,111,REV,E8,E7,E2,E3,0.227000,1.117000,I_LOW
8,14,adjacent,400,30,16,112,FWD,E7,E8,E3,E4,557.687000,0.878000,I_LOW
8,14,adjacent,400,30,16,113,REV,E8,E7,E3,E4,-557.406000,1.596000,I_LOW
8,14,adjacent,400,30,16,114,FWD,E7,E8,E4,E5,0.055000,1.117000,I_LOW
8,14,adjacent,400,30,16,115,REV,E8,E7,E4,E5,-0.109000,1.915000,I_LOW
8,14,adjacent,400,30,16,116,FWD,E7,E8,E5,E6,25.664000,476.491000,OK
8,14,adjacent,400,30,16,117,REV,E8,E7,E5,E6,-25.781000,477.049000,OK
8,14,adjacent,400,30,16,118,FWD,E7,E8,E9,E10,-8.500000,476.730000,OK
8,14,adjacent,400,30,16,119,REV,E8,E7,E9,E10,8.414000,476.969000,OK
8,14,adjacent,400,30,16,120,FWD,E7,E8,E10,E11,-70.016000,476.092000,OK
8,14,adjacent,400,30,16,121,REV,E8,E7,E10,E11,-45.758000,477.129000,OK
8,14,adjacent,400,30,16,122,FWD,E7,E8,E11,E12,-74.719000,476.491000,OK
8,14,adjacent,400,30,16,123,REV,E8,E7,E11,E12,-52.273000,477.289000,OK
8,14,adjacent,400,30,16,124,FWD,E7,E8,E12,E1,-8.531000,476.650000,OK
8,14,adjacent,400,30,16,125,REV,E8,E7,E12,E1,8.563000,477.209000,OK
8,14,adjacent,400,30,16,126,FWD,E8,E9,E1,E2,-8.695000,476.730000,OK
8,14,adjacent,400,30,16,127,REV,E9,E8,E1,E2,8.711000,476.969000,OK
8,14,adjacent,400,30,16,128,FWD,E8,E9,E2,E3,-43.094000,475.772000,OK
8,14,adjacent,400,30,16,129,REV,E9,E8,E2,E3,43.273000,476.491000,OK
8,14,adjacent,400,30,16,130,FWD,E8,E9,E3,E4,-50.711000,476.331000,OK
8,14,adjacent,400,30,16,131,REV,E9,E8,E3,E4,51.016000,476.491000,OK
8,14,adjacent,400,30,16,132,FWD,E8,E9,E4,E5,25.937000,476.491000,OK
8,14,adjacent,400,30,16,133,REV,E9,E8,E4,E5,-25.914000,476.570000,OK
8,14,adjacent,400,30,16,134,FWD,E8,E9,E5,E6,25.812000,476.491000,OK
8,14,adjacent,400,30,16,135,REV,E9,E8,E5,E6,-25.867000,476.411000,OK
8,14,adjacent,400,30,16,136,FWD,E8,E9,E6,E7,-8.656000,476.730000,OK
8,14,adjacent,400,30,16,137,REV,E9,E8,E6,E7,8.664000,476.890000,OK
8,14,adjacent,400,30,16,138,FWD,E8,E9,E10,E11,-69.906000,476.331000,OK
8,14,adjacent,400,30,16,139,REV,E9,E8,E10,E11,-35.727000,476.491000,OK
8,14,adjacent,400,30,16,140,FWD,E8,E9,E11,E12,-76.125000,475.932000,OK
8,14,adjacent,400,30,16,141,REV,E9,E8,E11,E12,-47.727000,476.730000,OK
8,14,adjacent,400,30,16,142,FWD,E8,E9,E12,E1,-8.563000,476.730000,OK
8,14,adjacent,400,30,16,143,REV,E9,E8,E12,E1,8.578000,476.969000,OK
8,14,adjacent,400,30,16,144,FWD,E9,E10,E1,E2,-8.594000,484.710000,OK
8,14,adjacent,400,30,16,145,REV,E10,E9,E1,E2,8.625000,485.189000,OK
8,14,adjacent,400,30,16,146,FWD,E9,E10,E2,E3,-42.758000,484.630000,OK
8,14,adjacent,400,30,16,147,REV,E10,E9,E2,E3,42.875000,484.870000,OK
8,14,adjacent,400,30,16,148,FWD,E9,E10,E3,E4,-42.664000,484.710000,OK
8,14,adjacent,400,30,16,149,REV,E10,E9,E3,E4,42.734000,484.950000,OK
8,14,adjacent,400,30,16,150,FWD,E9,E10,E4,E5,25.734000,484.551000,OK
8,14,adjacent,400,30,16,151,REV,E10,E9,E4,E5,-25.680000,484.152000,OK
8,14,adjacent,400,30,16,152,FWD,E9,E10,E5,E6,25.602000,484.870000,OK
8,14,adjacent,400,30,16,153,REV,E10,E9,E5,E6,-25.609000,484.790000,OK
8,14,adjacent,400,30,16,154,FWD,E9,E10,E6,E7,-8.617000,484.870000,OK
8,14,adjacent,400,30,16,155,REV,E10,E9,E6,E7,8.625000,485.269000,OK
8,14,adjacent,400,30,16,156,FWD,E9,E10,E7,E8,-8.539000,484.870000,OK
8,14,adjacent,400,30,16,157,REV,E10,E9,E7,E8,8.641000,484.870000,OK
8,14,adjacent,400,30,16,158,FWD,E9,E10,E11,E12,-70.227000,484.391000,OK
8,14,adjacent,400,30,16,159,REV,E10,E9,E11,E12,-39.688000,485.189000,OK
8,14,adjacent,400,30,16,160,FWD,E9,E10,E12,E1,-8.438000,485.029000,OK
8,14,adjacent,400,30,16,161,REV,E10,E9,E12,E1,8.445000,485.029000,OK
8,14,adjacent,400,30,16,162,FWD,E10,E11,E1,E2,-8.773000,482.795000,OK
8,14,adjacent,400,30,16,163,REV,E11,E10,E1,E2,8.727000,484.072000,OK
8,14,adjacent,400,30,16,164,FWD,E10,E11,E2,E3,-43.352000,483.673000,OK
8,14,adjacent,400,30,16,165,REV,E11,E10,E2,E3,43.453000,484.630000,OK
8,14,adjacent,400,30,16,166,FWD,E10,E11,E3,E4,-43.219000,483.034000,OK
8,14,adjacent,400,30,16,167,REV,E11,E10,E3,E4,43.477000,483.832000,OK
8,14,adjacent,400,30,16,168,FWD,E10,E11,E4,E5,25.992000,482.875000,OK
8,14,adjacent,400,30,16,169,REV,E11,E10,E4,E5,-26.039000,483.912000,OK
8,14,adjacent,400,30,16,170,FWD,E10,E11,E5,E6,25.922000,482.875000,OK
8,14,adjacent,400,30,16,171,REV,E11,E10,E5,E6,-25.945000,484.311000,OK
8,14,adjacent,400,30,16,172,FWD,E10,E11,E6,E7,-8.680000,483.274000,OK
8,14,adjacent,400,30,16,173,REV,E11,E10,E6,E7,8.750000,484.630000,OK
8,14,adjacent,400,30,16,174,FWD,E10,E11,E7,E8,-8.664000,483.912000,OK
8,14,adjacent,400,30,16,175,REV,E11,E10,E7,E8,8.750000,484.710000,OK
8,14,adjacent,400,30,16,176,FWD,E10,E11,E8,E9,-8.734000,483.274000,OK
8,14,adjacent,400,30,16,177,REV,E11,E10,E8,E9,8.789000,484.072000,OK
8,14,adjacent,400,30,16,178,FWD,E10,E11,E12,E1,-8.594000,483.593000,OK
8,14,adjacent,400,30,16,179,REV,E11,E10,E12,E1,8.602000,484.072000,OK
8,14,adjacent,400,30,16,180,FWD,E11,E12,E1,E2,-8.727000,484.391000,OK
8,14,adjacent,400,30,16,181,REV,E12,E11,E1,E2,8.617000,484.231000,OK
8,14,adjacent,400,30,16,182,FWD,E11,E12,E2,E3,-43.273000,484.471000,OK
8,14,adjacent,400,30,16,183,REV,E12,E11,E2,E3,43.273000,483.593000,OK
8,14,adjacent,400,30,16,184,FWD,E11,E12,E3,E4,-43.172000,484.391000,OK
8,14,adjacent,400,30,16,185,REV,E12,E11,E3,E4,43.180000,483.753000,OK
8,14,adjacent,400,30,16,186,FWD,E11,E12,E4,E5,26.117000,484.152000,OK
8,14,adjacent,400,30,16,187,REV,E12,E11,E4,E5,-25.937000,483.673000,OK
8,14,adjacent,400,30,16,188,FWD,E11,E12,E5,E6,25.820000,484.391000,OK
8,14,adjacent,400,30,16,189,REV,E12,E11,E5,E6,-25.773000,483.433000,OK
8,14,adjacent,400,30,16,190,FWD,E11,E12,E6,E7,-8.695000,484.231000,OK
8,14,adjacent,400,30,16,191,REV,E12,E11,E6,E7,8.703000,484.471000,OK
8,14,adjacent,400,30,16,192,FWD,E11,E12,E7,E8,-8.672000,485.029000,OK
8,14,adjacent,400,30,16,193,REV,E12,E11,E7,E8,8.688000,484.630000,OK
8,14,adjacent,400,30,16,194,FWD,E11,E12,E8,E9,-8.656000,484.152000,OK
8,14,adjacent,400,30,16,195,REV,E12,E11,E8,E9,8.734000,483.753000,OK
8,14,adjacent,400,30,16,196,FWD,E11,E12,E9,E10,-8.445000,485.109000,OK
8,14,adjacent,400,30,16,197,REV,E12,E11,E9,E10,8.484000,484.311000,OK
8,14,adjacent,400,30,16,198,FWD,E12,E1,E2,E3,-43.164000,483.034000,OK
8,14,adjacent,400,30,16,199,REV,E1,E12,E2,E3,43.016000,481.678000,OK
8,14,adjacent,400,30,16,200,FWD,E12,E1,E3,E4,-43.109000,482.476000,OK
8,14,adjacent,400,30,16,201,REV,E1,E12,E3,E4,43.016000,482.236000,OK
8,14,adjacent,400,30,16,202,FWD,E12,E1,E4,E5,26.219000,483.034000,OK
8,14,adjacent,400,30,16,203,REV,E1,E12,E4,E5,-26.109000,482.157000,OK
8,14,adjacent,400,30,16,204,FWD,E12,E1,E5,E6,25.844000,482.396000,OK
8,14,adjacent,400,30,16,205,REV,E1,E12,E5,E6,-25.680000,481.837000,OK
8,14,adjacent,400,30,16,206,FWD,E12,E1,E6,E7,-8.648000,483.513000,OK
8,14,adjacent,400,30,16,207,REV,E1,E12,E6,E7,8.656000,482.795000,OK
8,14,adjacent,400,30,16,208,FWD,E12,E1,E7,E8,-8.648000,483.194000,OK
8,14,adjacent,400,30,16,209,REV,E1,E12,E7,E8,8.680000,482.556000,OK
8,14,adjacent,400,30,16,210,FWD,E12,E1,E8,E9,-8.680000,482.955000,OK
8,14,adjacent,400,30,16,211,REV,E1,E12,E8,E9,8.695000,482.556000,OK
8,14,adjacent,400,30,16,212,FWD,E12,E1,E9,E10,-8.461000,483.513000,OK
8,14,adjacent,400,30,16,213,REV,E1,E12,E9,E10,8.469000,482.635000,OK
8,14,adjacent,400,30,16,214,FWD,E12,E1,E10,E11,-45.266000,482.955000,OK
8,14,adjacent,400,30,16,215,REV,E1,E12,E10,E11,-63.227000,482.157000,OK
9,15,adjacent,400,30,16,0,FWD,E1,E2,E3,E4,-43.555000,481.438000,OK
9,15,adjacent,400,30,16,1,REV,E2,E1,E3,E4,43.578000,482.476000,OK
9,15,adjacent,400,30,16,2,FWD,E1,E2,E4,E5,-78.406000,481.039000,OK
9,15,adjacent,400,30,16,3,REV,E2,E1,E4,E5,78.836000,482.795000,OK
9,15,adjacent,400,30,16,4,FWD,E1,E2,E5,E6,26.305000,480.800000,OK
9,15,adjacent,400,30,16,5,REV,E2,E1,E5,E6,-26.289000,482.396000,OK
9,15,adjacent,400,30,16,6,FWD,E1,E2,E6,E7,-8.766000,481.438000,OK
9,15,adjacent,400,30,16,7,REV,E2,E1,E6,E7,8.797000,482.476000,OK
9,15,adjacent,400,30,16,8,FWD,E1,E2,E7,E8,-8.742000,481.917000,OK
9,15,adjacent,400,30,16,9,REV,E2,E1,E7,E8,8.773000,483.433000,OK
9,15,adjacent,400,30,16,10,FWD,E1,E2,E8,E9,-8.750000,481.598000,OK
9,15,adjacent,400,30,16,11,REV,E2,E1,E8,E9,8.813000,482.715000,OK
9,15,adjacent,400,30,16,12,FWD,E1,E2,E9,E10,-8.570000,481.279000,OK
9,15,adjacent,400,30,16,13,REV,E2,E1,E9,E10,8.578000,482.955000,OK
9,15,adjacent,400,30,16,14,FWD,E1,E2,E10,E11,-47.313000,481.359000,OK
9,15,adjacent,400,30,16,15,REV,E2,E1,E10,E11,-62.492000,483.034000,OK
9,15,adjacent,400,30,16,16,FWD,E1,E2,E11,E12,-51.563000,481.039000,OK
9,15,adjacent,400,30,16,17,REV,E2,E1,E11,E12,-71.438000,483.114000,OK
9,15,adjacent,400,30,16,18,FWD,E2,E3,E4,E5,-78.766000,482.476000,OK
9,15,adjacent,400,30,16,19,REV,E3,E2,E4,E5,78.734000,482.476000,OK
9,15,adjacent,400,30,16,20,FWD,E2,E3,E5,E6,-79.109000,482.715000,OK
9,15,adjacent,400,30,16,21,REV,E3,E2,E5,E6,79.180000,482.715000,OK
9,15,adjacent,400,30,16,22,FWD,E2,E3,E6,E7,-8.820000,483.114000,OK
9,15,adjacent,400,30,16,23,REV,E3,E2,E6,E7,8.828000,482.556000,OK
9,15,adjacent,400,30,16,24,FWD,E2,E3,E7,E8,-8.813000,483.194000,OK
9,15,adjacent,400,30,16,25,REV,E3,E2,E7,E8,8.813000,482.476000,OK
9,15,adjacent,400,30,16,26,FWD,E2,E3,E8,E9,-8.859000,483.034000,OK
9,15,adjacent,400,30,16,27,REV,E3,E2,E8,E9,8.820000,483.034000,OK
9,15,adjacent,400,30,16,28,FWD,E2,E3,E9,E10,-8.625000,483.274000,OK
9,15,adjacent,400,30,16,29,REV,E3,E2,E9,E10,8.656000,482.795000,OK
9,15,adjacent,400,30,16,30,FWD,E2,E3,E10,E11,-49.148000,482.795000,OK
9,15,adjacent,400,30,16,31,REV,E3,E2,E10,E11,-62.211000,482.396000,OK
9,15,adjacent,400,30,16,32,FWD,E2,E3,E11,E12,-52.758000,483.274000,OK
9,15,adjacent,400,30,16,33,REV,E3,E2,E11,E12,-72.531000,482.157000,OK
9,15,adjacent,400,30,16,34,FWD,E2,E3,E12,E1,-8.688000,483.194000,OK
9,15,adjacent,400,30,16,35,REV,E3,E2,E12,E1,8.750000,482.556000,OK
9,15,adjacent,400,30,16,36,FWD,E3,E4,E1,E2,-8.641000,484.391000,OK
9,15,adjacent,400,30,16,37,REV,E4,E3,E1,E2,8.734000,484.870000,OK
9,15,adjacent,400,30,16,38,FWD,E3,E4,E5,E6,-77.555000,483.832000,OK
9,15,adjacent,400,30,16,39,REV,E4,E3,E5,E6,77.648000,483.912000,OK
9,15,adjacent,400,30,16,40,FWD,E3,E4,E6,E7,-8.680000,484.072000,OK
9,15,adjacent,400,30,16,41,REV,E4,E3,E6,E7,8.641000,484.870000,OK
9,15,adjacent,400,30,16,42,FWD,E3,E4,E7,E8,-8.680000,484.630000,OK
9,15,adjacent,400,30,16,43,REV,E4,E3,E7,E8,8.664000,484.710000,OK
9,15,adjacent,400,30,16,44,FWD,E3,E4,E8,E9,-8.672000,483.992000,OK
9,15,adjacent,400,30,16,45,REV,E4,E3,E8,E9,8.703000,484.790000,OK
9,15,adjacent,400,30,16,46,FWD,E3,E4,E9,E10,-8.484000,484.152000,OK
9,15,adjacent,400,30,16,47,REV,E4,E3,E9,E10,8.492000,484.790000,OK
9,15,adjacent,400,30,16,48,FWD,E3,E4,E10,E11,-49.500000,483.513000,OK
9,15,adjacent,400,30,16,49,REV,E4,E3,E10,E11,-60.375000,485.029000,OK
9,15,adjacent,400,30,16,50,FWD,E3,E4,E11,E12,-54.766000,483.274000,OK
9,15,adjacent,400,30,16,51,REV,E4,E3,E11,E12,-67.836000,484.152000,OK
9,15,adjacent,400,30,16,52,FWD,E3,E4,E12,E1,-8.531000,483.673000,OK
9,15,adjacent,400,30,16,53,REV,E4,E3,E12,E1,8.563000,485.269000,OK
9,15,adjacent,400,30,16,54,FWD,E4,E5,E1,E2,-8.656000,484.152000,OK
9,15,adjacent,400,30,16,55,REV,E5,E4,E1,E2,8.727000,483.354000,OK
9,15,adjacent,400,30,16,56,FWD,E4,E5,E2,E3,60.375000,484.152000,OK
9,15,adjacent,400,30,16,57,REV,E5,E4,E2,E3,-60.234000,483.513000,OK
9,15,adjacent,400,30,16,58,FWD,E4,E5,E6,E7,-8.734000,484.551000,OK
9,15,adjacent,400,30,16,59,REV,E5,E4,E6,E7,8.648000,483.593000,OK
9,15,adjacent,400,30,16,60,FWD,E4,E5,E7,E8,-8.711000,484.311000,OK
9,15,adjacent,400,30,16,61,REV,E5,E4,E7,E8,8.625000,483.912000,OK
9,15,adjacent,400,30,16,62,FWD,E4,E5,E8,E9,-8.688000,484.551000,OK
9,15,adjacent,400,30,16,63,REV,E5,E4,E8,E9,8.711000,484.072000,OK
9,15,adjacent,400,30,16,64,FWD,E4,E5,E9,E10,-8.477000,484.311000,OK
9,15,adjacent,400,30,16,65,REV,E5,E4,E9,E10,8.453000,483.593000,OK
9,15,adjacent,400,30,16,66,FWD,E4,E5,E10,E11,-52.227000,484.311000,OK
9,15,adjacent,400,30,16,67,REV,E5,E4,E10,E11,-61.234000,483.354000,OK
9,15,adjacent,400,30,16,68,FWD,E4,E5,E11,E12,-54.406000,484.231000,OK
9,15,adjacent,400,30,16,69,REV,E5,E4,E11,E12,-67.039000,483.912000,OK
9,15,adjacent,400,30,16,70,FWD,E4,E5,E12,E1,-8.555000,483.912000,OK
9,15,adjacent,400,30,16,71,REV,E5,E4,E12,E1,8.625000,483.753000,OK
9,15,adjacent,400,30,16,72,FWD,E5,E6,E1,E2,-8.703000,477.209000,OK
9,15,adjacent,400,30,16,73,REV,E6,E5,E1,E2,8.711000,477.608000,OK
9,15,adjacent,400,30,16,74,FWD,E5,E6,E2,E3,60.242000,477.049000,OK
9,15,adjacent,400,30,16,75,REV,E6,E5,E2,E3,-60.219000,477.528000,OK
9,15,adjacent,400,30,16,76,FWD,E5,E6,E3,E4,60.313000,476.969000,OK
9,15,adjacent,400,30,16,77,REV,E6,E5,E3,E4,-60.313000,477.528000,OK
9,15,adjacent,400,30,16,78,FWD,E5,E6,E7,E8,-8.711000,477.049000,OK
9,15,adjacent,400,30,16,79,REV,E6,E5,E7,E8,8.648000,478.087000,OK
9,15,adjacent,400,30,16,80,FWD,E5,E6,E8,E9,-8.695000,477.289000,OK
9,15,adjacent,400,30,16,81,REV,E6,E5,E8,E9,8.641000,477.688000,OK
9,15,adjacent,400,30,16,82,FWD,E5,E6,E9,E10,-8.469000,477.608000,OK
9,15,adjacent,400,30,16,83,REV,E6,E5,E9,E10,8.484000,476.730000,OK
9,15,adjacent,400,30,16,84,FWD,E5,E6,E10,E11,-52.195000,476.969000,OK
9,15,adjacent,400,30,16,85,REV,E6,E5,E10,E11,-59.414000,476.969000,OK
9,15,adjacent,400,30,16,86,FWD,E5,E6,E11,E12,-54.438000,477.289000,OK
9,15,adjacent,400,30,16,87,REV,E6,E5,E11,E12,-65.070000,477.688000,OK
9,15,adjacent,400,30,16,88,FWD,E5,E6,E12,E1,-8.570000,476.810000,OK
9,15,adjacent,400,30,16,89,REV,E6,E5,E12,E1,8.609000,477.448000,OK
9,15,adjacent,400,30,16,90,FWD,E6,E7,E1,E2,-8.711000,478.885000,OK
9,15,adjacent,400,30,16,91,REV,E7,E6,E1,E2,8.695000,476.730000,OK
9,15,adjacent,400,30,16,92,FWD,E6,E7,E2,E3,60.672000,478.246000,OK
9,15,adjacent,400,30,16,93,REV,E7,E6,E2,E3,-60.219000,476.730000,OK
9,15,adjacent,400,30,16,94,FWD,E6,E7,E3,E4,60.484000,478.246000,OK
9,15,adjacent,400,30,16,95,REV,E7,E6,E3,E4,-60.141000,476.969000,OK
9,15,adjacent,400,30,16,96,FWD,E6,E7,E4,E5,26.016000,477.847000,OK
9,15,adjacent,400,30,16,97,REV,E7,E6,E4,E5,-25.969000,476.890000,OK
9,15,adjacent,400,30,16,98,FWD,E6,E7,E8,E9,-8.703000,478.486000,OK
9,15,adjacent,400,30,16,99,REV,E7,E6,E8,E9,8.641000,477.289000,OK
9,15,adjacent,400,30,16,100,FWD,E6,E7,E9,E10,-8.492000,478.725000,OK
9,15,adjacent,400,30,16,101,REV,E7,E6,E9,E10,8.445000,477.448000,OK
9,15,adjacent,400,30,16,102,FWD,E6,E7,E10,E11,-56.859000,478.246000,OK
9,15,adjacent,400,30,16,103,REV,E7,E6,E10,E11,-55.273000,476.650000,OK
9,15,adjacent,400,30,16,104,FWD,E6,E7,E11,E12,-59.898000,478.406000,OK
9,15,adjacent,400,30,16,105,REV,E7,E6,E11,E12,-61.844000,476.969000,OK
9,15,adjacent,400,30,16,106,FWD,E6,E7,E12,E1,-8.602000,478.885000,OK
9,15,adjacent,400,30,16,107,REV,E7,E6,E12,E1,8.578000,477.289000,OK
9,15,adjacent,400,30,16,108,FWD,E7,E8,E1,E2,-8.641000,476.331000,OK
9,15,adjacent,400,30,16,109,REV,E8,E7,E1,E2,8.672000,476.650000,OK
9,15,adjacent,400,30,16,110,FWD,E7,E8,E2,E3,-43.141000,476.171000,OK
9,15,adjacent,400,30,16,111,REV,E8,E7,E2,E3,43.453000,476.251000,OK
9,15,adjacent,400,30,16,112,FWD,E7,E8,E3,E4,68.633000,476.171000,OK
9,15,adjacent,400,30,16,113,REV,E8,E7,E3,E4,-68.523000,476.171000,OK
9,15,adjacent,400,30,16,114,FWD,E7,E8,E4,E5,25.859000,476.171000,OK
9,15,adjacent,400,30,16,115,REV,E8,E7,E4,E5,-25.898000,476.251000,OK
9,15,adjacent,400,30,16,116,FWD,E7,E8,E5,E6,25.641000,476.092000,OK
9,15,adjacent,400,30,16,117,REV,E8,E7,E5,E6,-25.828000,475.772000,OK
9,15,adjacent,400,30,16,118,FWD,E7,E8,E9,E10,-8.500000,476.570000,OK
9,15,adjacent,400,30,16,119,REV,E8,E7,E9,E10,8.398000,476.810000,OK
9,15,adjacent,400,30,16,120,FWD,E7,E8,E10,E11,-67.891000,476.251000,OK
9,15,adjacent,400,30,16,121,REV,E8,E7,E10,E11,-41.672000,476.411000,OK
9,15,adjacent,400,30,16,122,FWD,E7,E8,E11,E12,-73.219000,475.772000,OK
9,15,adjacent,400,30,16,123,REV,E8,E7,E11,E12,-51.430000,476.491000,OK
9,15,adjacent,400,30,16,124,FWD,E7,E8,E12,E1,-8.539000,476.251000,OK
9,15,adjacent,400,30,16,125,REV,E8,E7,E12,E1,8.516000,476.730000,OK
9,15,adjacent,400,30,16,126,FWD,E8,E9,E1,E2,-8.672000,476.092000,OK
9,15,adjacent,400,30,16,127,REV,E9,E8,E1,E2,8.695000,476.012000,OK
9,15,adjacent,400,30,16,128,FWD,E8,E9,E2,E3,-43.078000,476.171000,OK
9,15,adjacent,400,30,16,129,REV,E9,E8,E2,E3,43.141000,475.932000,OK
9,15,adjacent,400,30,16,130,FWD,E8,E9,E3,E4,-51.578000,475.613000,OK
9,15,adjacent,400,30,16,131,REV,E9,E8,E3,E4,51.891000,475.932000,OK
9,15,adjacent,400,30,16,132,FWD,E8,E9,E4,E5,25.898000,475.533000,OK
9,15,adjacent,400,30,16,133,REV,E9,E8,E4,E5,-25.906000,475.932000,OK
9,15,adjacent,400,30,16,134,FWD,E8,E9,E5,E6,25.727000,475.693000,OK
9,15,adjacent,400,30,16,135,REV,E9,E8,E5,E6,-25.820000,475.852000,OK
9,15,adjacent,400,30,16,136,FWD,E8,E9,E6,E7,-8.633000,476.251000,OK
9,15,adjacent,400,30,16,137,REV,E9,E8,E6,E7,8.648000,476.331000,OK
9,15,adjacent,400,30,16,138,FWD,E8,E9,E10,E11,-68.625000,475.453000,OK
9,15,adjacent,400,30,16,139,REV,E9,E8,E10,E11,-34.281000,475.852000,OK
9,15,adjacent,400,30,16,140,FWD,E8,E9,E11,E12,-77.453000,475.772000,OK
9,15,adjacent,400,30,16,141,REV,E9,E8,E11,E12,-46.617000,476.251000,OK
9,15,adjacent,400,30,16,142,FWD,E8,E9,E12,E1,-8.563000,476.331000,OK
9,15,adjacent,400,30,16,143,REV,E9,E8,E12,E1,8.563000,475.613000,OK
9,15,adjacent,400,30,16,144,FWD,E9,E10,E1,E2,-8.602000,485.189000,OK
9,15,adjacent,400,30,16,145,REV,E10,E9,E1,E2,8.609000,485.428000,OK
9,15,adjacent,400,30,16,146,FWD,E9,E10,E2,E3,-42.789000,485.269000,OK
9,15,adjacent,400,30,16,147,REV,E10,E9,E2,E3,42.820000,485.189000,OK
9,15,adjacent,400,30,16,148,FWD,E9,E10,E3,E4,-42.602000,484.551000,OK
9,15,adjacent,400,30,16,149,REV,E10,E9,E3,E4,42.820000,485.109000,OK
9,15,adjacent,400,30,16,150,FWD,E9,E10,E4,E5,25.766000,484.551000,OK
9,15,adjacent,400,30,16,151,REV,E10,E9,E4,E5,-25.687000,484.471000,OK
9,15,adjacent,400,30,16,152,FWD,E9,E10,E5,E6,25.617000,485.189000,OK
9,15,adjacent,400,30,16,153,REV,E10,E9,E5,E6,-25.641000,484.152000,OK
9,15,adjacent,400,30,16,154,FWD,E9,E10,E6,E7,-8.508000,485.189000,OK
9,15,adjacent,400,30,16,155,REV,E10,E9,E6,E7,8.609000,485.189000,OK
9,15,adjacent,400,30,16,156,FWD,E9,E10,E7,E8,-8.570000,485.189000,OK
9,15,adjacent,400,30,16,157,REV,E10,E9,E7,E8,8.586000,485.349000,OK
9,15,adjacent,400,30,16,158,FWD,E9,E10,E11,E12,-66.602000,484.710000,OK
9,15,adjacent,400,30,16,159,REV,E10,E9,E11,E12,-38.289000,484.551000,OK
9,15,adjacent,400,30,16,160,FWD,E9,E10,E12,E1,-8.469000,485.269000,OK
9,15,adjacent,400,30,16,161,REV,E10,E9,E12,E1,8.453000,484.790000,OK
9,15,adjacent,400,30,16,162,FWD,E10,E11,E1,E2,-8.734000,483.673000,OK
9,15,adjacent,400,30,16,163,REV,E11,E10,E1,E2,8.719000,484.391000,OK
9,15,adjacent,400,30,16,164,FWD,E10,E11,E2,E3,-43.328000,483.114000,OK
9,15,adjacent,400,30,16,165,REV,E11,E10,E2,E3,43.477000,484.551000,OK
9,15,adjacent,400,30,16,166,FWD,E10,E11,E3,E4,-43.195000,483.274000,OK
9,15,adjacent,400,30,16,167,REV,E11,E10,E3,E4,43.461000,484.391000,OK
9,15,adjacent,400,30,16,168,FWD,E10,E11,E4,E5,26.086000,482.955000,OK
9,15,adjacent,400,30,16,169,REV,E11,E10,E4,E5,-26.016000,484.391000,OK
9,15,adjacent,400,30,16,170,FWD,E10,E11,E5,E6,25.945000,483.354000,OK
9,15,adjacent,400,30,16,171,REV,E11,E10,E5,E6,-25.937000,484.152000,OK
9,15,adjacent,400,30,16,172,FWD,E10,E11,E6,E7,-8.711000,483.593000,OK
9,15,adjacent,400,30,16,173,REV,E11,E10,E6,E7,8.773000,483.992000,OK
9,15,adjacent,400,30,16,174,FWD,E10,E11,E7,E8,-8.680000,483.832000,OK
9,15,adjacent,400,30,16,175,REV,E11,E10,E7,E8,8.766000,484.630000,OK
9,15,adjacent,400,30,16,176,FWD,E10,E11,E8,E9,-8.656000,483.832000,OK
9,15,adjacent,400,30,16,177,REV,E11,E10,E8,E9,8.773000,484.710000,OK
9,15,adjacent,400,30,16,178,FWD,E10,E11,E12,E1,-8.633000,483.433000,OK
9,15,adjacent,400,30,16,179,REV,E11,E10,E12,E1,8.586000,484.790000,OK
9,15,adjacent,400,30,16,180,FWD,E11,E12,E1,E2,-8.711000,484.710000,OK
9,15,adjacent,400,30,16,181,REV,E12,E11,E1,E2,8.617000,484.152000,OK
9,15,adjacent,400,30,16,182,FWD,E11,E12,E2,E3,-43.305000,484.311000,OK
9,15,adjacent,400,30,16,183,REV,E12,E11,E2,E3,43.219000,483.593000,OK
9,15,adjacent,400,30,16,184,FWD,E11,E12,E3,E4,-43.148000,484.870000,OK
9,15,adjacent,400,30,16,185,REV,E12,E11,E3,E4,43.180000,483.912000,OK
9,15,adjacent,400,30,16,186,FWD,E11,E12,E4,E5,26.125000,484.231000,OK
9,15,adjacent,400,30,16,187,REV,E12,E11,E4,E5,-25.883000,483.513000,OK
9,15,adjacent,400,30,16,188,FWD,E11,E12,E5,E6,25.945000,484.072000,OK
9,15,adjacent,400,30,16,189,REV,E12,E11,E5,E6,-25.867000,483.992000,OK
9,15,adjacent,400,30,16,190,FWD,E11,E12,E6,E7,-8.703000,484.790000,OK
9,15,adjacent,400,30,16,191,REV,E12,E11,E6,E7,8.672000,484.311000,OK
9,15,adjacent,400,30,16,192,FWD,E11,E12,E7,E8,-8.664000,484.630000,OK
9,15,adjacent,400,30,16,193,REV,E12,E11,E7,E8,8.688000,484.630000,OK
9,15,adjacent,400,30,16,194,FWD,E11,E12,E8,E9,-8.711000,485.189000,OK
9,15,adjacent,400,30,16,195,REV,E12,E11,E8,E9,8.758000,484.072000,OK
9,15,adjacent,400,30,16,196,FWD,E11,E12,E9,E10,-8.453000,484.551000,OK
9,15,adjacent,400,30,16,197,REV,E12,E11,E9,E10,8.492000,484.391000,OK
9,15,adjacent,400,30,16,198,FWD,E12,E1,E2,E3,-43.234000,483.274000,OK
9,15,adjacent,400,30,16,199,REV,E1,E12,E2,E3,43.242000,482.316000,OK
9,15,adjacent,400,30,16,200,FWD,E12,E1,E3,E4,-43.188000,483.114000,OK
9,15,adjacent,400,30,16,201,REV,E1,E12,E3,E4,43.094000,482.236000,OK
9,15,adjacent,400,30,16,202,FWD,E12,E1,E4,E5,26.336000,483.114000,OK
9,15,adjacent,400,30,16,203,REV,E1,E12,E4,E5,-26.164000,482.157000,OK
9,15,adjacent,400,30,16,204,FWD,E12,E1,E5,E6,25.898000,483.354000,OK
9,15,adjacent,400,30,16,205,REV,E1,E12,E5,E6,-25.727000,482.635000,OK
9,15,adjacent,400,30,16,206,FWD,E12,E1,E6,E7,-8.672000,483.433000,OK
9,15,adjacent,400,30,16,207,REV,E1,E12,E6,E7,8.648000,482.715000,OK
9,15,adjacent,400,30,16,208,FWD,E12,E1,E7,E8,-8.656000,483.593000,OK
9,15,adjacent,400,30,16,209,REV,E1,E12,E7,E8,8.680000,483.194000,OK
9,15,adjacent,400,30,16,210,FWD,E12,E1,E8,E9,-8.672000,484.072000,OK
9,15,adjacent,400,30,16,211,REV,E1,E12,E8,E9,8.695000,482.635000,OK
9,15,adjacent,400,30,16,212,FWD,E12,E1,E9,E10,-8.469000,483.832000,OK
9,15,adjacent,400,30,16,213,REV,E1,E12,E9,E10,8.516000,482.635000,OK
9,15,adjacent,400,30,16,214,FWD,E12,E1,E10,E11,-43.891000,483.354000,OK
9,15,adjacent,400,30,16,215,REV,E1,E12,E10,E11,-62.586000,481.678000,OK
