frame_index,frame_id,pattern,dac_code,settle_ms,sample_count,record_index,polarity,i_plus,i_minus,v_plus,v_minus,voltage_mv,current_ua,quality
0,6,adjacent,620,30,32,0,FWD,E1,E2,E3,E4,11.820000,339.951000,OK
0,6,adjacent,620,30,32,1,REV,E2,E1,E3,E4,18.117000,317.168000,OK
0,6,adjacent,620,30,32,2,FWD,E1,E2,E4,E5,20.168000,357.109000,OK
0,6,adjacent,620,30,32,3,REV,E2,E1,E4,E5,22.348000,313.298000,OK
0,6,adjacent,620,30,32,4,FWD,E1,E2,E5,E6,-9.172000,358.864000,OK
0,6,adjacent,620,30,32,5,REV,E2,E1,E5,E6,-7.562000,312.460000,OK
0,6,adjacent,620,30,32,6,FWD,E1,E2,E6,E7,-43.090000,359.543000,OK
0,6,adjacent,620,30,32,7,REV,E2,E1,E6,E7,-42.117000,311.742000,OK
0,6,adjacent,620,30,32,8,FWD,E1,E2,E7,E8,25.949000,359.423000,OK
0,6,adjacent,620,30,32,9,REV,E2,E1,E7,E8,27.055000,312.181000,OK
0,6,adjacent,620,30,32,10,FWD,E1,E2,E8,E9,10.055000,360.301000,OK
0,6,adjacent,620,30,32,11,REV,E2,E1,E8,E9,11.223000,312.380000,OK
0,6,adjacent,620,30,32,12,FWD,E1,E2,E9,E10,-180.641000,360.021000,OK
0,6,adjacent,620,30,32,13,REV,E2,E1,E9,E10,-179.301000,311.981000,OK
0,6,adjacent,620,30,32,14,FWD,E1,E2,E10,E11,168.875000,360.301000,OK
0,6,adjacent,620,30,32,15,REV,E2,E1,E10,E11,171.793000,312.301000,OK
0,6,adjacent,620,30,32,16,FWD,E1,E2,E11,E12,7.875000,359.981000,OK
0,6,adjacent,620,30,32,17,REV,E2,E1,E11,E12,15.273000,313.218000,OK
0,6,adjacent,620,30,32,18,FWD,E2,E3,E4,E5,18.379000,309.029000,OK
0,6,adjacent,620,30,32,19,REV,E3,E2,E4,E5,24.562000,360.141000,OK
0,6,adjacent,620,30,32,20,FWD,E2,E3,E5,E6,-9.984000,335.961000,OK
0,6,adjacent,620,30,32,21,REV,E3,E2,E5,E6,-6.395000,354.874000,OK
0,6,adjacent,620,30,32,22,FWD,E2,E3,E6,E7,-43.434000,338.635000,OK
0,6,adjacent,620,30,32,23,REV,E3,E2,E6,E7,-41.656000,353.917000,OK
0,6,adjacent,620,30,32,24,FWD,E2,E3,E7,E8,25.781000,339.313000,OK
0,6,adjacent,620,30,32,25,REV,E3,E2,E7,E8,27.289000,353.597000,OK
0,6,adjacent,620,30,32,26,FWD,E2,E3,E8,E9,10.246000,339.752000,OK
0,6,adjacent,620,30,32,27,REV,E3,E2,E8,E9,11.512000,353.757000,OK
0,6,adjacent,620,30,32,28,FWD,E2,E3,E9,E10,-182.215000,340.550000,OK
0,6,adjacent,620,30,32,29,REV,E3,E2,E9,E10,-180.949000,353.637000,OK
0,6,adjacent,620,30,32,30,FWD,E2,E3,E10,E11,171.242000,340.031000,OK
0,6,adjacent,620,30,32,31,REV,E3,E2,E10,E11,173.406000,353.518000,OK
0,6,adjacent,620,30,32,32,FWD,E2,E3,E11,E12,8.996000,340.470000,OK
0,6,adjacent,620,30,32,33,REV,E3,E2,E11,E12,13.645000,353.398000,OK
0,6,adjacent,620,30,32,34,FWD,E2,E3,E12,E1,14.191000,340.550000,OK
0,6,adjacent,620,30,32,35,REV,E3,E2,E12,E1,29.937000,352.959000,OK
0,6,adjacent,620,30,32,36,FWD,E3,E4,E1,E2,-51.895000,332.410000,OK
0,6,adjacent,620,30,32,37,REV,E4,E3,E1,E2,-51.840000,394.775000,OK
0,6,adjacent,620,30,32,38,FWD,E3,E4,E5,E6,-11.844000,361.737000,OK
0,6,adjacent,620,30,32,39,REV,E4,E3,E5,E6,-4.355000,389.867000,OK
0,6,adjacent,620,30,32,40,FWD,E3,E4,E6,E7,-43.832000,363.892000,OK
0,6,adjacent,620,30,32,41,REV,E4,E3,E6,E7,-41.215000,388.430000,OK
0,6,adjacent,620,30,32,42,FWD,E3,E4,E7,E8,25.742000,364.849000,OK
0,6,adjacent,620,30,32,43,REV,E4,E3,E7,E8,27.480000,388.271000,OK
0,6,adjacent,620,30,32,44,FWD,E3,E4,E8,E9,10.465000,365.248000,OK
0,6,adjacent,620,30,32,45,REV,E4,E3,E8,E9,11.594000,387.992000,OK
0,6,adjacent,620,30,32,46,FWD,E3,E4,E9,E10,-183.242000,366.166000,OK
0,6,adjacent,620,30,32,47,REV,E4,E3,E9,E10,-182.324000,387.712000,OK
0,6,adjacent,620,30,32,48,FWD,E3,E4,E10,E11,173.074000,366.246000,OK
0,6,adjacent,620,30,32,49,REV,E4,E3,E10,E11,174.180000,387.393000,OK
0,6,adjacent,620,30,32,50,FWD,E3,E4,E11,E12,10.133000,366.326000,OK
0,6,adjacent,620,30,32,51,REV,E4,E3,E11,E12,11.871000,387.912000,OK
0,6,adjacent,620,30,32,52,FWD,E3,E4,E12,E1,19.801000,366.485000,OK
0,6,adjacent,620,30,32,53,REV,E4,E3,E12,E1,24.648000,387.632000,OK
0,6,adjacent,620,30,32,54,FWD,E4,E5,E1,E2,-63.039000,396.131000,OK
0,6,adjacent,620,30,32,55,REV,E5,E4,E1,E2,-60.273000,443.453000,OK
0,6,adjacent,620,30,32,56,FWD,E4,E5,E2,E3,12.988000,417.159000,OK
0,6,adjacent,620,30,32,57,REV,E5,E4,E2,E3,19.934000,439.742000,OK
0,6,adjacent,620,30,32,58,FWD,E4,E5,E6,E7,-46.172000,418.475000,OK
0,6,adjacent,620,30,32,59,REV,E5,E4,E6,E7,-38.988000,438.984000,OK
0,6,adjacent,620,30,32,60,FWD,E4,E5,E7,E8,24.828000,419.234000,OK
0,6,adjacent,620,30,32,61,REV,E5,E4,E7,E8,28.418000,437.987000,OK
0,6,adjacent,620,30,32,62,FWD,E4,E5,E8,E9,10.125000,419.752000,OK
0,6,adjacent,620,30,32,63,REV,E5,E4,E8,E9,11.988000,438.067000,OK
0,6,adjacent,620,30,32,64,FWD,E4,E5,E9,E10,-184.352000,420.391000,OK
0,6,adjacent,620,30,32,65,REV,E5,E4,E9,E10,-183.086000,438.146000,OK
0,6,adjacent,620,30,32,66,FWD,E4,E5,E10,E11,174.113000,420.111000,OK
0,6,adjacent,620,30,32,67,REV,E5,E4,E10,E11,175.102000,438.306000,OK
0,6,adjacent,620,30,32,68,FWD,E4,E5,E11,E12,10.156000,420.750000,OK
0,6,adjacent,620,30,32,69,REV,E5,E4,E11,E12,11.258000,438.027000,OK
0,6,adjacent,620,30,32,70,FWD,E4,E5,E12,E1,21.105000,420.311000,OK
0,6,adjacent,620,30,32,71,REV,E5,E4,E12,E1,23.531000,437.947000,OK
0,6,adjacent,620,30,32,72,FWD,E5,E6,E1,E2,-62.980000,381.368000,OK
0,6,adjacent,620,30,32,73,REV,E6,E5,E1,E2,-60.980000,404.830000,OK
0,6,adjacent,620,30,32,74,FWD,E5,E6,E2,E3,12.684000,403.553000,OK
0,6,adjacent,620,30,32,75,REV,E6,E5,E2,E3,16.973000,400.640000,OK
0,6,adjacent,620,30,32,76,FWD,E5,E6,E3,E4,11.980000,405.468000,OK
0,6,adjacent,620,30,32,77,REV,E6,E5,E3,E4,19.895000,399.962000,OK
0,6,adjacent,620,30,32,78,FWD,E5,E6,E7,E8,21.570000,405.548000,OK
0,6,adjacent,620,30,32,79,REV,E6,E5,E7,E8,31.715000,399.363000,OK
0,6,adjacent,620,30,32,80,FWD,E5,E6,E8,E9,8.984000,405.907000,OK
0,6,adjacent,620,30,32,81,REV,E6,E5,E8,E9,13.238000,399.483000,OK
0,6,adjacent,620,30,32,82,FWD,E5,E6,E9,E10,-185.742000,406.106000,OK
0,6,adjacent,620,30,32,83,REV,E6,E5,E9,E10,-183.223000,399.682000,OK
0,6,adjacent,620,30,32,84,FWD,E5,E6,E10,E11,174.711000,406.505000,OK
0,6,adjacent,620,30,32,85,REV,E6,E5,E10,E11,176.156000,398.884000,OK
0,6,adjacent,620,30,32,86,FWD,E5,E6,E11,E12,9.879000,406.665000,OK
0,6,adjacent,620,30,32,87,REV,E6,E5,E11,E12,11.117000,399.443000,OK
0,6,adjacent,620,30,32,88,FWD,E5,E6,E12,E1,20.934000,406.785000,OK
0,6,adjacent,620,30,32,89,REV,E6,E5,E12,E1,23.043000,399.323000,OK
0,6,adjacent,620,30,32,90,FWD,E6,E7,E1,E2,-62.371000,370.276000,OK
0,6,adjacent,620,30,32,91,REV,E7,E6,E1,E2,-61.281000,356.989000,OK
0,6,adjacent,620,30,32,92,FWD,E6,E7,E2,E3,14.098000,391.583000,OK
0,6,adjacent,620,30,32,93,REV,E7,E6,E2,E3,16.035000,353.558000,OK
0,6,adjacent,620,30,32,94,FWD,E6,E7,E3,E4,13.711000,392.221000,OK
0,6,adjacent,620,30,32,95,REV,E7,E6,E3,E4,16.355000,352.919000,OK
0,6,adjacent,620,30,32,96,FWD,E6,E7,E4,E5,17.992000,392.740000,OK
0,6,adjacent,620,30,32,97,REV,E7,E6,E4,E5,24.148000,352.839000,OK
0,6,adjacent,620,30,32,98,FWD,E6,E7,E8,E9,7.754000,393.139000,OK
0,6,adjacent,620,30,32,99,REV,E7,E6,E8,E9,14.250000,352.400000,OK
0,6,adjacent,620,30,32,100,FWD,E6,E7,E9,E10,-186.801000,393.458000,OK
0,6,adjacent,620,30,32,101,REV,E7,E6,E9,E10,-183.414000,352.321000,OK
0,6,adjacent,620,30,32,102,FWD,E6,E7,E10,E11,175.293000,393.338000,OK
0,6,adjacent,620,30,32,103,REV,E7,E6,E10,E11,176.832000,352.440000,OK
0,6,adjacent,620,30,32,104,FWD,E6,E7,E11,E12,9.797000,393.618000,OK
0,6,adjacent,620,30,32,105,REV,E7,E6,E11,E12,10.828000,352.760000,OK
0,6,adjacent,620,30,32,106,FWD,E6,E7,E12,E1,21.223000,393.578000,OK
0,6,adjacent,620,30,32,107,REV,E7,E6,E12,E1,22.707000,352.760000,OK
0,6,adjacent,620,30,32,108,FWD,E7,E8,E1,E2,-62.367000,301.966000,OK
0,6,adjacent,620,30,32,109,REV,E8,E7,E1,E2,-61.289000,348.171000,OK
0,6,adjacent,620,30,32,110,FWD,E7,E8,E2,E3,14.594000,318.884000,OK
0,6,adjacent,620,30,32,111,REV,E8,E7,E2,E3,16.094000,345.418000,OK
0,6,adjacent,620,30,32,112,FWD,E7,E8,E3,E4,14.121000,320.560000,OK
0,6,adjacent,620,30,32,113,REV,E8,E7,E3,E4,15.727000,344.620000,OK
0,6,adjacent,620,30,32,114,FWD,E7,E8,E4,E5,19.773000,320.520000,OK
0,6,adjacent,620,30,32,115,REV,E8,E7,E4,E5,22.555000,344.740000,OK
0,6,adjacent,620,30,32,116,FWD,E7,E8,E5,E6,-12.273000,321.039000,OK
0,6,adjacent,620,30,32,117,REV,E8,E7,E5,E6,-3.871000,344.740000,OK
0,6,adjacent,620,30,32,118,FWD,E7,E8,E9,E10,-189.422000,321.198000,OK
0,6,adjacent,620,30,32,119,REV,E8,E7,E9,E10,-181.199000,344.420000,OK
0,6,adjacent,620,30,32,120,FWD,E7,E8,E10,E11,175.082000,321.079000,OK
0,6,adjacent,620,30,32,121,REV,E8,E7,E10,E11,178.062000,344.979000,OK
0,6,adjacent,620,30,32,122,FWD,E7,E8,E11,E12,9.512000,321.956000,OK
0,6,adjacent,620,30,32,123,REV,E8,E7,E11,E12,11.133000,344.380000,OK
0,6,adjacent,620,30,32,124,FWD,E7,E8,E12,E1,21.141000,321.877000,OK
0,6,adjacent,620,30,32,125,REV,E8,E7,E12,E1,22.957000,345.139000,OK
0,6,adjacent,620,30,32,126,FWD,E8,E9,E1,E2,-62.430000,290.475000,OK
0,6,adjacent,620,30,32,127,REV,E9,E8,E1,E2,-61.355000,331.572000,OK
0,6,adjacent,620,30,32,128,FWD,E8,E9,E2,E3,14.875000,311.941000,OK
0,6,adjacent,620,30,32,129,REV,E9,E8,E2,E3,16.059000,327.941000,OK
0,6,adjacent,620,30,32,130,FWD,E8,E9,E3,E4,14.418000,313.019000,OK
0,6,adjacent,620,30,32,131,REV,E9,E8,E3,E4,15.367000,326.545000,OK
0,6,adjacent,620,30,32,132,FWD,E8,E9,E4,E5,20.461000,313.458000,OK
0,6,adjacent,620,30,32,133,REV,E9,E8,E4,E5,21.785000,325.627000,OK
0,6,adjacent,620,30,32,134,FWD,E8,E9,E5,E6,-9.836000,314.096000,OK
0,6,adjacent,620,30,32,135,REV,E9,E8,E5,E6,-6.504000,325.787000,OK
0,6,adjacent,620,30,32,136,FWD,E8,E9,E6,E7,-45.016000,314.615000,OK
0,6,adjacent,620,30,32,137,REV,E9,E8,E6,E7,-39.527000,325.148000,OK
0,6,adjacent,620,30,32,138,FWD,E8,E9,E10,E11,174.102000,314.136000,OK
0,6,adjacent,620,30,32,139,REV,E9,E8,E10,E11,179.812000,325.468000,OK
0,6,adjacent,620,30,32,140,FWD,E8,E9,E11,E12,9.133000,314.615000,OK
0,6,adjacent,620,30,32,141,REV,E9,E8,E11,E12,11.430000,325.308000,OK
0,6,adjacent,620,30,32,142,FWD,E8,E9,E12,E1,20.898000,315.173000,OK
0,6,adjacent,620,30,32,143,REV,E9,E8,E12,E1,23.176000,325.188000,OK
0,6,adjacent,620,30,32,144,FWD,E9,E10,E1,E2,-62.930000,443.014000,OK
0,6,adjacent,620,30,32,145,REV,E10,E9,E1,E2,-61.355000,308.191000,OK
0,6,adjacent,620,30,32,146,FWD,E9,E10,E2,E3,14.578000,461.049000,OK
0,6,adjacent,620,30,32,147,REV,E10,E9,E2,E3,16.055000,308.630000,OK
0,6,adjacent,620,30,32,148,FWD,E9,E10,E3,E4,14.254000,460.331000,OK
0,6,adjacent,620,30,32,149,REV,E10,E9,E3,E4,15.219000,310.226000,OK
0,6,adjacent,620,30,32,150,FWD,E9,E10,E4,E5,20.488000,459.134000,OK
0,6,adjacent,620,30,32,151,REV,E10,E9,E4,E5,21.562000,311.542000,OK
0,6,adjacent,620,30,32,152,FWD,E9,E10,E5,E6,-9.523000,458.456000,OK
0,6,adjacent,620,30,32,153,REV,E10,E9,E5,E6,-7.223000,313.298000,OK
0,6,adjacent,620,30,32,154,FWD,E9,E10,E6,E7,-44.578000,457.698000,OK
0,6,adjacent,620,30,32,155,REV,E10,E9,E6,E7,-41.199000,313.737000,OK
0,6,adjacent,620,30,32,156,FWD,E9,E10,E7,E8,20.621000,456.939000,OK
0,6,adjacent,620,30,32,157,REV,E10,E9,E7,E8,29.691000,314.655000,OK
0,6,adjacent,620,30,32,158,FWD,E9,E10,E11,E12,5.355000,456.540000,OK
0,6,adjacent,620,30,32,159,REV,E10,E9,E11,E12,12.637000,315.652000,OK
0,6,adjacent,620,30,32,160,FWD,E9,E10,E12,E1,19.625000,456.261000,OK
0,6,adjacent,620,30,32,161,REV,E10,E9,E12,E1,23.535000,315.772000,OK
0,6,adjacent,620,30,32,162,FWD,E10,E11,E1,E2,-63.035000,243.592000,OK
0,6,adjacent,620,30,32,163,REV,E11,E10,E1,E2,-60.238000,449.518000,OK
0,6,adjacent,620,30,32,164,FWD,E10,E11,E2,E3,14.785000,296.939000,OK
0,6,adjacent,620,30,32,165,REV,E11,E10,E2,E3,16.871000,436.630000,OK
0,6,adjacent,620,30,32,166,FWD,E10,E11,E3,E4,14.453000,303.522000,OK
0,6,adjacent,620,30,32,167,REV,E11,E10,E3,E4,15.398000,433.598000,OK
0,6,adjacent,620,30,32,168,FWD,E10,E11,E4,E5,20.871000,305.956000,OK
0,6,adjacent,620,30,32,169,REV,E11,E10,E4,E5,21.621000,431.842000,OK
0,6,adjacent,620,30,32,170,FWD,E10,E11,E5,E6,-8.559000,307.473000,OK
0,6,adjacent,620,30,32,171,REV,E11,E10,E5,E6,-7.375000,430.645000,OK
0,6,adjacent,620,30,32,172,FWD,E10,E11,E6,E7,-43.176000,309.029000,OK
0,6,adjacent,620,30,32,173,REV,E11,E10,E6,E7,-41.762000,430.326000,OK
0,6,adjacent,620,30,32,174,FWD,E10,E11,E7,E8,25.023000,309.148000,OK
0,6,adjacent,620,30,32,175,REV,E11,E10,E7,E8,28.051000,428.770000,OK
0,6,adjacent,620,30,32,176,FWD,E10,E11,E8,E9,6.391000,309.986000,OK
0,6,adjacent,620,30,32,177,REV,E11,E10,E8,E9,12.645000,429.049000,OK
0,6,adjacent,620,30,32,178,FWD,E10,E11,E12,E1,17.691000,310.545000,OK
0,6,adjacent,620,30,32,179,REV,E11,E10,E12,E1,28.684000,428.969000,OK
0,6,adjacent,620,30,32,180,FWD,E11,E12,E1,E2,-65.160000,262.385000,OK
0,6,adjacent,620,30,32,181,REV,E12,E11,E1,E2,-58.563000,332.011000,OK
0,6,adjacent,620,30,32,182,FWD,E11,E12,E2,E3,13.707000,299.173000,OK
0,6,adjacent,620,30,32,183,REV,E12,E11,E2,E3,17.887000,323.872000,OK
0,6,adjacent,620,30,32,184,FWD,E11,E12,E3,E4,14.090000,303.163000,OK
0,6,adjacent,620,30,32,185,REV,E12,E11,E3,E4,15.508000,321.757000,OK
0,6,adjacent,620,30,32,186,FWD,E11,E12,E4,E5,20.863000,304.999000,OK
0,6,adjacent,620,30,32,187,REV,E12,E11,E4,E5,21.645000,320.640000,OK
0,6,adjacent,620,30,32,188,FWD,E11,E12,E5,E6,-8.535000,304.959000,OK
0,6,adjacent,620,30,32,189,REV,E12,E11,E5,E6,-7.621000,320.719000,OK
0,6,adjacent,620,30,32,190,FWD,E11,E12,E6,E7,-43.102000,305.597000,OK
0,6,adjacent,620,30,32,191,REV,E12,E11,E6,E7,-42.262000,319.961000,OK
0,6,adjacent,620,30,32,192,FWD,E11,E12,E7,E8,25.773000,306.196000,OK
0,6,adjacent,620,30,32,193,REV,E12,E11,E7,E8,27.316000,319.882000,OK
0,6,adjacent,620,30,32,194,FWD,E11,E12,E8,E9,8.945000,306.196000,OK
0,6,adjacent,620,30,32,195,REV,E12,E11,E8,E9,11.246000,319.642000,OK
0,6,adjacent,620,30,32,196,FWD,E11,E12,E9,E10,-174.984000,306.475000,OK
0,6,adjacent,620,30,32,197,REV,E12,E11,E9,E10,-169.375000,319.682000,OK
0,6,adjacent,620,30,32,198,FWD,E12,E1,E2,E3,9.156000,278.026000,OK
0,6,adjacent,620,30,32,199,REV,E1,E12,E2,E3,23.262000,323.113000,OK
0,6,adjacent,620,30,32,200,FWD,E12,E1,E3,E4,12.668000,299.612000,OK
0,6,adjacent,620,30,32,201,REV,E1,E12,E3,E4,16.680000,318.405000,OK
0,6,adjacent,620,30,32,202,FWD,E12,E1,E4,E5,20.383000,301.966000,OK
0,6,adjacent,620,30,32,203,REV,E1,E12,E4,E5,22.121000,317.328000,OK
0,6,adjacent,620,30,32,204,FWD,E12,E1,E5,E6,-8.844000,302.525000,OK
0,6,adjacent,620,30,32,205,REV,E1,E12,E5,E6,-7.230000,316.929000,OK
0,6,adjacent,620,30,32,206,FWD,E12,E1,E6,E7,-43.375000,302.844000,OK
0,6,adjacent,620,30,32,207,REV,E1,E12,E6,E7,-42.141000,316.610000,OK
0,6,adjacent,620,30,32,208,FWD,E12,E1,E7,E8,25.723000,302.964000,OK
0,6,adjacent,620,30,32,209,REV,E1,E12,E7,E8,27.414000,316.809000,OK
0,6,adjacent,620,30,32,210,FWD,E12,E1,E8,E9,9.445000,303.722000,OK
0,6,adjacent,620,30,32,211,REV,E1,E12,E8,E9,11.641000,316.690000,OK
0,6,adjacent,620,30,32,212,FWD,E12,E1,E9,E10,-179.297000,303.961000,OK
0,6,adjacent,620,30,32,213,REV,E1,E12,E9,E10,-176.215000,315.652000,OK
0,6,adjacent,620,30,32,214,FWD,E12,E1,E10,E11,163.867000,304.001000,OK
0,6,adjacent,620,30,32,215,REV,E1,E12,E10,E11,173.941000,316.251000,OK
1,7,adjacent,620,30,32,0,FWD,E1,E2,E3,E4,11.332000,343.383000,OK
1,7,adjacent,620,30,32,1,REV,E2,E1,E3,E4,17.527000,316.051000,OK
1,7,adjacent,620,30,32,2,FWD,E1,E2,E4,E5,20.035000,357.428000,OK
1,7,adjacent,620,30,32,3,REV,E2,E1,E4,E5,22.242000,312.181000,OK
1,7,adjacent,620,30,32,4,FWD,E1,E2,E5,E6,-8.914000,358.465000,OK
1,7,adjacent,620,30,32,5,REV,E2,E1,E5,E6,-7.254000,312.779000,OK
1,7,adjacent,620,30,32,6,FWD,E1,E2,E6,E7,-43.352000,359.622000,OK
1,7,adjacent,620,30,32,7,REV,E2,E1,E6,E7,-42.391000,312.340000,OK
1,7,adjacent,620,30,32,8,FWD,E1,E2,E7,E8,25.996000,359.503000,OK
1,7,adjacent,620,30,32,9,REV,E2,E1,E7,E8,27.113000,311.582000,OK
1,7,adjacent,620,30,32,10,FWD,E1,E2,E8,E9,10.137000,359.662000,OK
1,7,adjacent,620,30,32,11,REV,E2,E1,E8,E9,11.297000,311.742000,OK
1,7,adjacent,620,30,32,12,FWD,E1,E2,E9,E10,-181.352000,360.460000,OK
1,7,adjacent,620,30,32,13,REV,E2,E1,E9,E10,-180.027000,311.901000,OK
1,7,adjacent,620,30,32,14,FWD,E1,E2,E10,E11,169.902000,359.662000,OK
1,7,adjacent,620,30,32,15,REV,E2,E1,E10,E11,172.828000,312.021000,OK
1,7,adjacent,620,30,32,16,FWD,E1,E2,E11,E12,7.410000,359.981000,OK
1,7,adjacent,620,30,32,17,REV,E2,E1,E11,E12,14.832000,312.580000,OK
1,7,adjacent,620,30,32,18,FWD,E2,E3,E4,E5,18.324000,309.069000,OK
1,7,adjacent,620,30,32,19,REV,E3,E2,E4,E5,24.461000,360.061000,OK
1,7,adjacent,620,30,32,20,FWD,E2,E3,E5,E6,-9.727000,335.922000,OK
1,7,adjacent,620,30,32,21,REV,E3,E2,E5,E6,-6.105000,354.874000,OK
1,7,adjacent,620,30,32,22,FWD,E2,E3,E6,E7,-43.719000,337.877000,OK
1,7,adjacent,620,30,32,23,REV,E3,E2,E6,E7,-42.016000,353.957000,OK
1,7,adjacent,620,30,32,24,FWD,E2,E3,E7,E8,25.898000,339.233000,OK
1,7,adjacent,620,30,32,25,REV,E3,E2,E7,E8,27.406000,353.677000,OK
1,7,adjacent,620,30,32,26,FWD,E2,E3,E8,E9,10.375000,339.552000,OK
1,7,adjacent,620,30,32,27,REV,E3,E2,E8,E9,11.625000,352.919000,OK
1,7,adjacent,620,30,32,28,FWD,E2,E3,E9,E10,-182.836000,340.031000,OK
1,7,adjacent,620,30,32,29,REV,E3,E2,E9,E10,-181.527000,353.358000,OK
1,7,adjacent,620,30,32,30,FWD,E2,E3,E10,E11,172.027000,340.550000,OK
1,7,adjacent,620,30,32,31,REV,E3,E2,E10,E11,174.219000,353.398000,OK
1,7,adjacent,620,30,32,32,FWD,E2,E3,E11,E12,8.664000,340.350000,OK
1,7,adjacent,620,30,32,33,REV,E3,E2,E11,E12,13.328000,352.839000,OK
1,7,adjacent,620,30,32,34,FWD,E2,E3,E12,E1,13.910000,340.271000,OK
1,7,adjacent,620,30,32,35,REV,E3,E2,E12,E1,29.652000,353.159000,OK
1,7,adjacent,620,30,32,36,FWD,E3,E4,E1,E2,-51.570000,332.969000,OK
1,7,adjacent,620,30,32,37,REV,E4,E3,E1,E2,-51.500000,394.615000,OK
1,7,adjacent,620,30,32,38,FWD,E3,E4,E5,E6,-11.566000,361.258000,OK
1,7,adjacent,620,30,32,39,REV,E4,E3,E5,E6,-4.066000,389.667000,OK
1,7,adjacent,620,30,32,40,FWD,E3,E4,E6,E7,-44.242000,364.730000,OK
1,7,adjacent,620,30,32,41,REV,E4,E3,E6,E7,-41.594000,388.231000,OK
1,7,adjacent,620,30,32,42,FWD,E3,E4,E7,E8,25.852000,364.610000,OK
1,7,adjacent,620,30,32,43,REV,E4,E3,E7,E8,27.621000,388.151000,OK
1,7,adjacent,620,30,32,44,FWD,E3,E4,E8,E9,10.535000,365.448000,OK
1,7,adjacent,620,30,32,45,REV,E4,E3,E8,E9,11.680000,387.992000,OK
1,7,adjacent,620,30,32,46,FWD,E3,E4,E9,E10,-183.984000,366.086000,OK
1,7,adjacent,620,30,32,47,REV,E4,E3,E9,E10,-183.055000,387.513000,OK
1,7,adjacent,620,30,32,48,FWD,E3,E4,E10,E11,173.988000,366.206000,OK
1,7,adjacent,620,30,32,49,REV,E4,E3,E10,E11,175.098000,387.194000,OK
1,7,adjacent,620,30,32,50,FWD,E3,E4,E11,E12,9.781000,366.685000,OK
1,7,adjacent,620,30,32,51,REV,E4,E3,E11,E12,11.508000,387.632000,OK
1,7,adjacent,620,30,32,52,FWD,E3,E4,E12,E1,19.590000,366.765000,OK
1,7,adjacent,620,30,32,53,REV,E4,E3,E12,E1,24.422000,387.832000,OK
1,7,adjacent,620,30,32,54,FWD,E4,E5,E1,E2,-62.836000,395.892000,OK
1,7,adjacent,620,30,32,55,REV,E5,E4,E1,E2,-60.023000,442.615000,OK
1,7,adjacent,620,30,32,56,FWD,E4,E5,E2,E3,13.191000,417.438000,OK
1,7,adjacent,620,30,32,57,REV,E5,E4,E2,E3,20.164000,438.984000,OK
1,7,adjacent,620,30,32,58,FWD,E4,E5,E6,E7,-46.563000,418.595000,OK
1,7,adjacent,620,30,32,59,REV,E5,E4,E6,E7,-39.379000,437.947000,OK
1,7,adjacent,620,30,32,60,FWD,E4,E5,E7,E8,24.969000,418.715000,OK
1,7,adjacent,620,30,32,61,REV,E5,E4,E7,E8,28.586000,438.386000,OK
1,7,adjacent,620,30,32,62,FWD,E4,E5,E8,E9,10.320000,419.273000,OK
1,7,adjacent,620,30,32,63,REV,E5,E4,E8,E9,12.137000,438.665000,OK
1,7,adjacent,620,30,32,64,FWD,E4,E5,E9,E10,-185.008000,419.473000,OK
1,7,adjacent,620,30,32,65,REV,E5,E4,E9,E10,-183.777000,438.545000,OK
1,7,adjacent,620,30,32,66,FWD,E4,E5,E10,E11,174.957000,419.593000,OK
1,7,adjacent,620,30,32,67,REV,E5,E4,E10,E11,175.961000,437.588000,OK
1,7,adjacent,620,30,32,68,FWD,E4,E5,E11,E12,9.832000,419.872000,OK
1,7,adjacent,620,30,32,69,REV,E5,E4,E11,E12,10.949000,438.386000,OK
1,7,adjacent,620,30,32,70,FWD,E4,E5,E12,E1,20.918000,420.191000,OK
1,7,adjacent,620,30,32,71,REV,E5,E4,E12,E1,23.379000,437.867000,OK
1,7,adjacent,620,30,32,72,FWD,E5,E6,E1,E2,-62.828000,380.929000,OK
1,7,adjacent,620,30,32,73,REV,E6,E5,E1,E2,-60.895000,404.750000,OK
1,7,adjacent,620,30,32,74,FWD,E5,E6,E2,E3,13.117000,403.194000,OK
1,7,adjacent,620,30,32,75,REV,E6,E5,E2,E3,17.437000,400.560000,OK
1,7,adjacent,620,30,32,76,FWD,E5,E6,E3,E4,11.672000,405.149000,OK
1,7,adjacent,620,30,32,77,REV,E6,E5,E3,E4,19.547000,399.922000,OK
1,7,adjacent,620,30,32,78,FWD,E5,E6,E7,E8,21.625000,405.268000,OK
1,7,adjacent,620,30,32,79,REV,E6,E5,E7,E8,31.750000,399.882000,OK
1,7,adjacent,620,30,32,80,FWD,E5,E6,E8,E9,9.125000,405.667000,OK
1,7,adjacent,620,30,32,81,REV,E6,E5,E8,E9,13.379000,400.161000,OK
1,7,adjacent,620,30,32,82,FWD,E5,E6,E9,E10,-186.336000,406.066000,OK
1,7,adjacent,620,30,32,83,REV,E6,E5,E9,E10,-183.863000,399.563000,OK
1,7,adjacent,620,30,32,84,FWD,E5,E6,E10,E11,175.441000,406.266000,OK
1,7,adjacent,620,30,32,85,REV,E6,E5,E10,E11,176.906000,399.004000,OK
1,7,adjacent,620,30,32,86,FWD,E5,E6,E11,E12,9.641000,405.907000,OK
1,7,adjacent,620,30,32,87,REV,E6,E5,E11,E12,10.875000,399.403000,OK
1,7,adjacent,620,30,32,88,FWD,E5,E6,E12,E1,21.199000,406.465000,OK
1,7,adjacent,620,30,32,89,REV,E6,E5,E12,E1,23.336000,400.002000,OK
1,7,adjacent,620,30,32,90,FWD,E6,E7,E1,E2,-62.809000,370.156000,OK
1,7,adjacent,620,30,32,91,REV,E7,E6,E1,E2,-61.723000,357.069000,OK
1,7,adjacent,620,30,32,92,FWD,E6,E7,E2,E3,14.547000,390.465000,OK
1,7,adjacent,620,30,32,93,REV,E7,E6,E2,E3,16.480000,352.799000,OK
1,7,adjacent,620,30,32,94,FWD,E6,E7,E3,E4,13.449000,391.463000,OK
1,7,adjacent,620,30,32,95,REV,E7,E6,E3,E4,16.129000,352.919000,OK
1,7,adjacent,620,30,32,96,FWD,E6,E7,E4,E5,17.910000,392.261000,OK
1,7,adjacent,620,30,32,97,REV,E7,E6,E4,E5,24.047000,352.560000,OK
1,7,adjacent,620,30,32,98,FWD,E6,E7,E8,E9,7.891000,392.580000,OK
1,7,adjacent,620,30,32,99,REV,E7,E6,E8,E9,14.434000,352.400000,OK
1,7,adjacent,620,30,32,100,FWD,E6,E7,E9,E10,-187.297000,392.540000,OK
1,7,adjacent,620,30,32,101,REV,E7,E6,E9,E10,-183.910000,352.640000,OK
1,7,adjacent,620,30,32,102,FWD,E6,E7,E10,E11,175.867000,392.341000,OK
1,7,adjacent,620,30,32,103,REV,E7,E6,E10,E11,177.437000,352.879000,OK
1,7,adjacent,620,30,32,104,FWD,E6,E7,E11,E12,9.563000,392.740000,OK
1,7,adjacent,620,30,32,105,REV,E7,E6,E11,E12,10.613000,352.999000,OK
1,7,adjacent,620,30,32,106,FWD,E6,E7,E12,E1,21.609000,392.939000,OK
1,7,adjacent,620,30,32,107,REV,E7,E6,E12,E1,23.113000,352.879000,OK
1,7,adjacent,620,30,32,108,FWD,E7,E8,E1,E2,-62.965000,300.889000,OK
1,7,adjacent,620,30,32,109,REV,E8,E7,E1,E2,-61.875000,348.331000,OK
1,7,adjacent,620,30,32,110,FWD,E7,E8,E2,E3,15.047000,318.246000,OK
1,7,adjacent,620,30,32,111,REV,E8,E7,E2,E3,16.508000,345.178000,OK
1,7,adjacent,620,30,32,112,FWD,E7,E8,E3,E4,14.031000,319.562000,OK
1,7,adjacent,620,30,32,113,REV,E8,E7,E3,E4,15.578000,344.301000,OK
1,7,adjacent,620,30,32,114,FWD,E7,E8,E4,E5,19.695000,320.081000,OK
1,7,adjacent,620,30,32,115,REV,E8,E7,E4,E5,22.500000,344.380000,OK
1,7,adjacent,620,30,32,116,FWD,E7,E8,E5,E6,-12.059000,320.520000,OK
1,7,adjacent,620,30,32,117,REV,E8,E7,E5,E6,-3.672000,344.380000,OK
1,7,adjacent,620,30,32,118,FWD,E7,E8,E9,E10,-189.961000,320.320000,OK
1,7,adjacent,620,30,32,119,REV,E8,E7,E9,E10,-181.750000,344.061000,OK
1,7,adjacent,620,30,32,120,FWD,E7,E8,E10,E11,175.809000,321.118000,OK
1,7,adjacent,620,30,32,121,REV,E8,E7,E10,E11,178.816000,344.580000,OK
1,7,adjacent,620,30,32,122,FWD,E7,E8,E11,E12,9.215000,321.198000,OK
1,7,adjacent,620,30,32,123,REV,E8,E7,E11,E12,10.836000,343.981000,OK
1,7,adjacent,620,30,32,124,FWD,E7,E8,E12,E1,21.660000,321.557000,OK
1,7,adjacent,620,30,32,125,REV,E8,E7,E12,E1,23.500000,344.101000,OK
1,7,adjacent,620,30,32,126,FWD,E8,E9,E1,E2,-63.266000,290.355000,OK
1,7,adjacent,620,30,32,127,REV,E9,E8,E1,E2,-62.191000,331.572000,OK
1,7,adjacent,620,30,32,128,FWD,E8,E9,E2,E3,15.410000,311.862000,OK
1,7,adjacent,620,30,32,129,REV,E9,E8,E2,E3,16.625000,326.944000,OK
1,7,adjacent,620,30,32,130,FWD,E8,E9,E3,E4,14.180000,313.098000,OK
1,7,adjacent,620,30,32,131,REV,E9,E8,E3,E4,15.148000,325.667000,OK
1,7,adjacent,620,30,32,132,FWD,E8,E9,E4,E5,20.402000,313.178000,OK
1,7,adjacent,620,30,32,133,REV,E9,E8,E4,E5,21.754000,326.026000,OK
1,7,adjacent,620,30,32,134,FWD,E8,E9,E5,E6,-9.754000,314.256000,OK
1,7,adjacent,620,30,32,135,REV,E9,E8,E5,E6,-6.434000,325.627000,OK
1,7,adjacent,620,30,32,136,FWD,E8,E9,E6,E7,-45.180000,314.335000,OK
1,7,adjacent,620,30,32,137,REV,E9,E8,E6,E7,-39.691000,325.029000,OK
1,7,adjacent,620,30,32,138,FWD,E8,E9,E10,E11,174.883000,314.734000,OK
1,7,adjacent,620,30,32,139,REV,E9,E8,E10,E11,180.582000,325.667000,OK
1,7,adjacent,620,30,32,140,FWD,E8,E9,E11,E12,8.789000,314.615000,OK
1,7,adjacent,620,30,32,141,REV,E9,E8,E11,E12,11.145000,325.428000,OK
1,7,adjacent,620,30,32,142,FWD,E8,E9,E12,E1,21.496000,314.575000,OK
1,7,adjacent,620,30,32,143,REV,E9,E8,E12,E1,23.789000,325.188000,OK
1,7,adjacent,620,30,32,144,FWD,E9,E10,E1,E2,-64.004000,442.575000,OK
1,7,adjacent,620,30,32,145,REV,E10,E9,E1,E2,-62.465000,308.470000,OK
1,7,adjacent,620,30,32,146,FWD,E9,E10,E2,E3,15.355000,461.488000,OK
1,7,adjacent,620,30,32,147,REV,E10,E9,E2,E3,16.852000,308.470000,OK
1,7,adjacent,620,30,32,148,FWD,E9,E10,E3,E4,14.070000,459.493000,OK
1,7,adjacent,620,30,32,149,REV,E10,E9,E3,E4,15.004000,310.385000,OK
1,7,adjacent,620,30,32,150,FWD,E9,E10,E4,E5,20.395000,459.254000,OK
1,7,adjacent,620,30,32,151,REV,E10,E9,E4,E5,21.477000,311.862000,OK
1,7,adjacent,620,30,32,152,FWD,E9,E10,E5,E6,-9.809000,457.658000,OK
1,7,adjacent,620,30,32,153,REV,E10,E9,E5,E6,-7.555000,312.899000,OK
1,7,adjacent,620,30,32,154,FWD,E9,E10,E6,E7,-44.336000,457.099000,OK
1,7,adjacent,620,30,32,155,REV,E10,E9,E6,E7,-40.977000,313.218000,OK
1,7,adjacent,620,30,32,156,FWD,E9,E10,E7,E8,20.613000,456.062000,OK
1,7,adjacent,620,30,32,157,REV,E10,E9,E7,E8,29.637000,314.695000,OK
1,7,adjacent,620,30,32,158,FWD,E9,E10,E11,E12,5.195000,456.181000,OK
1,7,adjacent,620,30,32,159,REV,E10,E9,E11,E12,12.457000,315.333000,OK
1,7,adjacent,620,30,32,160,FWD,E9,E10,E12,E1,20.453000,455.184000,OK
1,7,adjacent,620,30,32,161,REV,E10,E9,E12,E1,24.336000,315.173000,OK
1,7,adjacent,620,30,32,162,FWD,E10,E11,E1,E2,-64.391000,243.472000,OK
1,7,adjacent,620,30,32,163,REV,E11,E10,E1,E2,-61.598000,449.957000,OK
1,7,adjacent,620,30,32,164,FWD,E10,E11,E2,E3,15.617000,296.819000,OK
1,7,adjacent,620,30,32,165,REV,E11,E10,E2,E3,17.738000,436.989000,OK
1,7,adjacent,620,30,32,166,FWD,E10,E11,E3,E4,14.207000,303.722000,OK
1,7,adjacent,620,30,32,167,REV,E11,E10,E3,E4,15.133000,432.840000,OK
1,7,adjacent,620,30,32,168,FWD,E10,E11,E4,E5,20.773000,305.677000,OK
1,7,adjacent,620,30,32,169,REV,E11,E10,E4,E5,21.508000,431.443000,OK
1,7,adjacent,620,30,32,170,FWD,E10,E11,E5,E6,-8.957000,307.034000,OK
1,7,adjacent,620,30,32,171,REV,E11,E10,E5,E6,-7.758000,431.204000,OK
1,7,adjacent,620,30,32,172,FWD,E10,E11,E6,E7,-42.848000,308.590000,OK
1,7,adjacent,620,30,32,173,REV,E11,E10,E6,E7,-41.430000,429.448000,OK
1,7,adjacent,620,30,32,174,FWD,E10,E11,E7,E8,25.070000,309.507000,OK
1,7,adjacent,620,30,32,175,REV,E11,E10,E7,E8,28.113000,429.288000,OK
1,7,adjacent,620,30,32,176,FWD,E10,E11,E8,E9,6.258000,309.787000,OK
1,7,adjacent,620,30,32,177,REV,E11,E10,E8,E9,12.516000,429.169000,OK
1,7,adjacent,620,30,32,178,FWD,E10,E11,E12,E1,18.492000,309.867000,OK
1,7,adjacent,620,30,32,179,REV,E11,E10,E12,E1,29.410000,428.091000,OK
1,7,adjacent,620,30,32,180,FWD,E11,E12,E1,E2,-66.531000,262.026000,OK
1,7,adjacent,620,30,32,181,REV,E12,E11,E1,E2,-59.914000,331.892000,OK
1,7,adjacent,620,30,32,182,FWD,E11,E12,E2,E3,14.629000,299.093000,OK
1,7,adjacent,620,30,32,183,REV,E12,E11,E2,E3,18.809000,323.632000,OK
1,7,adjacent,620,30,32,184,FWD,E11,E12,E3,E4,13.867000,303.004000,OK
1,7,adjacent,620,30,32,185,REV,E12,E11,E3,E4,15.289000,321.198000,OK
1,7,adjacent,620,30,32,186,FWD,E11,E12,E4,E5,20.391000,304.560000,OK
1,7,adjacent,620,30,32,187,REV,E12,E11,E4,E5,21.211000,320.959000,OK
1,7,adjacent,620,30,32,188,FWD,E11,E12,E5,E6,-8.754000,304.839000,OK
1,7,adjacent,620,30,32,189,REV,E12,E11,E5,E6,-7.809000,320.400000,OK
1,7,adjacent,620,30,32,190,FWD,E11,E12,E6,E7,-42.664000,305.198000,OK
1,7,adjacent,620,30,32,191,REV,E12,E11,E6,E7,-41.809000,319.961000,OK
1,7,adjacent,620,30,32,192,FWD,E11,E12,E7,E8,25.703000,306.076000,OK
1,7,adjacent,620,30,32,193,REV,E12,E11,E7,E8,27.168000,319.762000,OK
1,7,adjacent,620,30,32,194,FWD,E11,E12,E8,E9,8.941000,306.236000,OK
1,7,adjacent,620,30,32,195,REV,E12,E11,E8,E9,11.234000,319.243000,OK
1,7,adjacent,620,30,32,196,FWD,E11,E12,E9,E10,-175.000000,306.475000,OK
1,7,adjacent,620,30,32,197,REV,E12,E11,E9,E10,-169.410000,319.283000,OK
1,7,adjacent,620,30,32,198,FWD,E12,E1,E2,E3,10.039000,278.226000,OK
1,7,adjacent,620,30,32,199,REV,E1,E12,E2,E3,24.172000,322.635000,OK
1,7,adjacent,620,30,32,200,FWD,E12,E1,E3,E4,12.602000,299.852000,OK
1,7,adjacent,620,30,32,201,REV,E1,E12,E3,E4,16.551000,318.764000,OK
1,7,adjacent,620,30,32,202,FWD,E12,E1,E4,E5,19.906000,301.527000,OK
1,7,adjacent,620,30,32,203,REV,E1,E12,E4,E5,21.633000,317.727000,OK
1,7,adjacent,620,30,32,204,FWD,E12,E1,E5,E6,-9.070000,302.485000,OK
1,7,adjacent,620,30,32,205,REV,E1,E12,E5,E6,-7.426000,316.929000,OK
1,7,adjacent,620,30,32,206,FWD,E12,E1,E6,E7,-42.816000,302.924000,OK
1,7,adjacent,620,30,32,207,REV,E1,E12,E6,E7,-41.582000,317.248000,OK
1,7,adjacent,620,30,32,208,FWD,E12,E1,E7,E8,25.629000,303.602000,OK
1,7,adjacent,620,30,32,209,REV,E1,E12,E7,E8,27.301000,316.610000,OK
1,7,adjacent,620,30,32,210,FWD,E12,E1,E8,E9,9.457000,303.602000,OK
1,7,adjacent,620,30,32,211,REV,E1,E12,E8,E9,11.668000,316.530000,OK
1,7,adjacent,620,30,32,212,FWD,E12,E1,E9,E10,-179.379000,304.001000,OK
1,7,adjacent,620,30,32,213,REV,E1,E12,E9,E10,-176.258000,316.410000,OK
1,7,adjacent,620,30,32,214,FWD,E12,E1,E10,E11,164.012000,303.921000,OK
1,7,adjacent,620,30,32,215,REV,E1,E12,E10,E11,174.070000,315.971000,OK
2,8,adjacent,620,30,32,0,FWD,E1,E2,E3,E4,11.031000,346.575000,OK
2,8,adjacent,620,30,32,1,REV,E2,E1,E3,E4,17.273000,314.016000,OK
2,8,adjacent,620,30,32,2,FWD,E1,E2,E4,E5,19.547000,358.864000,OK
2,8,adjacent,620,30,32,3,REV,E2,E1,E4,E5,21.742000,311.782000,OK
2,8,adjacent,620,30,32,4,FWD,E1,E2,E5,E6,-8.988000,359.543000,OK
2,8,adjacent,620,30,32,5,REV,E2,E1,E5,E6,-7.309000,311.542000,OK
2,8,adjacent,620,30,32,6,FWD,E1,E2,E6,E7,-42.902000,360.301000,OK
2,8,adjacent,620,30,32,7,REV,E2,E1,E6,E7,-41.910000,311.064000,OK
2,8,adjacent,620,30,32,8,FWD,E1,E2,E7,E8,25.883000,360.061000,OK
2,8,adjacent,620,30,32,9,REV,E2,E1,E7,E8,26.984000,312.141000,OK
2,8,adjacent,620,30,32,10,FWD,E1,E2,E8,E9,10.305000,360.141000,OK
2,8,adjacent,620,30,32,11,REV,E2,E1,E8,E9,11.469000,312.141000,OK
2,8,adjacent,620,30,32,12,FWD,E1,E2,E9,E10,-181.957000,359.702000,OK
2,8,adjacent,620,30,32,13,REV,E2,E1,E9,E10,-180.602000,311.423000,OK
2,8,adjacent,620,30,32,14,FWD,E1,E2,E10,E11,170.273000,360.341000,OK
2,8,adjacent,620,30,32,15,REV,E2,E1,E10,E11,173.172000,311.742000,OK
2,8,adjacent,620,30,32,16,FWD,E1,E2,E11,E12,7.449000,360.341000,OK
2,8,adjacent,620,30,32,17,REV,E2,E1,E11,E12,14.855000,311.702000,OK
2,8,adjacent,620,30,32,18,FWD,E2,E3,E4,E5,17.789000,308.550000,OK
2,8,adjacent,620,30,32,19,REV,E3,E2,E4,E5,23.977000,360.460000,OK
2,8,adjacent,620,30,32,20,FWD,E2,E3,E5,E6,-9.770000,335.163000,OK
2,8,adjacent,620,30,32,21,REV,E3,E2,E5,E6,-6.180000,355.553000,OK
2,8,adjacent,620,30,32,22,FWD,E2,E3,E6,E7,-43.246000,337.917000,OK
2,8,adjacent,620,30,32,23,REV,E3,E2,E6,E7,-41.516000,354.635000,OK
2,8,adjacent,620,30,32,24,FWD,E2,E3,E7,E8,25.750000,339.273000,OK
2,8,adjacent,620,30,32,25,REV,E3,E2,E7,E8,27.258000,354.076000,OK
2,8,adjacent,620,30,32,26,FWD,E2,E3,E8,E9,10.504000,339.114000,OK
2,8,adjacent,620,30,32,27,REV,E3,E2,E8,E9,11.762000,353.757000,OK
2,8,adjacent,620,30,32,28,FWD,E2,E3,E9,E10,-183.480000,339.672000,OK
2,8,adjacent,620,30,32,29,REV,E3,E2,E9,E10,-182.250000,353.757000,OK
2,8,adjacent,620,30,32,30,FWD,E2,E3,E10,E11,172.488000,339.832000,OK
2,8,adjacent,620,30,32,31,REV,E3,E2,E10,E11,174.605000,353.238000,OK
2,8,adjacent,620,30,32,32,FWD,E2,E3,E11,E12,8.820000,339.792000,OK
2,8,adjacent,620,30,32,33,REV,E3,E2,E11,E12,13.508000,354.036000,OK
2,8,adjacent,620,30,32,34,FWD,E2,E3,E12,E1,14.938000,340.191000,OK
2,8,adjacent,620,30,32,35,REV,E3,E2,E12,E1,30.664000,353.797000,OK
2,8,adjacent,620,30,32,36,FWD,E3,E4,E1,E2,-53.070000,332.889000,OK
2,8,adjacent,620,30,32,37,REV,E4,E3,E1,E2,-53.109000,394.216000,OK
2,8,adjacent,620,30,32,38,FWD,E3,E4,E5,E6,-11.672000,361.897000,OK
2,8,adjacent,620,30,32,39,REV,E4,E3,E5,E6,-4.172000,389.228000,OK
2,8,adjacent,620,30,32,40,FWD,E3,E4,E6,E7,-43.711000,364.570000,OK
2,8,adjacent,620,30,32,41,REV,E4,E3,E6,E7,-41.039000,387.792000,OK
2,8,adjacent,620,30,32,42,FWD,E3,E4,E7,E8,25.582000,365.129000,OK
2,8,adjacent,620,30,32,43,REV,E4,E3,E7,E8,27.367000,388.031000,OK
2,8,adjacent,620,30,32,44,FWD,E3,E4,E8,E9,10.707000,365.727000,OK
2,8,adjacent,620,30,32,45,REV,E4,E3,E8,E9,11.867000,387.712000,OK
2,8,adjacent,620,30,32,46,FWD,E3,E4,E9,E10,-184.863000,365.767000,OK
2,8,adjacent,620,30,32,47,REV,E4,E3,E9,E10,-183.949000,386.994000,OK
2,8,adjacent,620,30,32,48,FWD,E3,E4,E10,E11,174.547000,365.687000,OK
2,8,adjacent,620,30,32,49,REV,E4,E3,E10,E11,175.625000,387.154000,OK
2,8,adjacent,620,30,32,50,FWD,E3,E4,E11,E12,9.996000,366.366000,OK
2,8,adjacent,620,30,32,51,REV,E4,E3,E11,E12,11.738000,386.874000,OK
2,8,adjacent,620,30,32,52,FWD,E3,E4,E12,E1,20.480000,366.725000,OK
2,8,adjacent,620,30,32,53,REV,E4,E3,E12,E1,25.312000,387.114000,OK
2,8,adjacent,620,30,32,54,FWD,E4,E5,E1,E2,-64.414000,396.450000,OK
2,8,adjacent,620,30,32,55,REV,E5,E4,E1,E2,-61.676000,442.575000,OK
2,8,adjacent,620,30,32,56,FWD,E4,E5,E2,E3,14.473000,416.800000,OK
2,8,adjacent,620,30,32,57,REV,E5,E4,E2,E3,21.367000,439.064000,OK
2,8,adjacent,620,30,32,58,FWD,E4,E5,E6,E7,-45.980000,418.555000,OK
2,8,adjacent,620,30,32,59,REV,E5,E4,E6,E7,-38.824000,438.186000,OK
2,8,adjacent,620,30,32,60,FWD,E4,E5,E7,E8,24.742000,419.313000,OK
2,8,adjacent,620,30,32,61,REV,E5,E4,E7,E8,28.344000,437.229000,OK
2,8,adjacent,620,30,32,62,FWD,E4,E5,E8,E9,10.414000,419.672000,OK
2,8,adjacent,620,30,32,63,REV,E5,E4,E8,E9,12.234000,437.747000,OK
2,8,adjacent,620,30,32,64,FWD,E4,E5,E9,E10,-185.926000,419.672000,OK
2,8,adjacent,620,30,32,65,REV,E5,E4,E9,E10,-184.758000,438.266000,OK
2,8,adjacent,620,30,32,66,FWD,E4,E5,E10,E11,175.660000,419.593000,OK
2,8,adjacent,620,30,32,67,REV,E5,E4,E10,E11,176.660000,437.787000,OK
2,8,adjacent,620,30,32,68,FWD,E4,E5,E11,E12,10.117000,419.952000,OK
2,8,adjacent,620,30,32,69,REV,E5,E4,E11,E12,11.238000,437.189000,OK
2,8,adjacent,620,30,32,70,FWD,E4,E5,E12,E1,21.691000,420.151000,OK
2,8,adjacent,620,30,32,71,REV,E5,E4,E12,E1,24.141000,436.510000,OK
2,8,adjacent,620,30,32,72,FWD,E5,E6,E1,E2,-63.984000,380.690000,OK
2,8,adjacent,620,30,32,73,REV,E6,E5,E1,E2,-62.023000,404.510000,OK
2,8,adjacent,620,30,32,74,FWD,E5,E6,E2,E3,13.832000,402.436000,OK
2,8,adjacent,620,30,32,75,REV,E6,E5,E2,E3,18.125000,400.959000,OK
2,8,adjacent,620,30,32,76,FWD,E5,E6,E3,E4,11.520000,404.710000,OK
2,8,adjacent,620,30,32,77,REV,E6,E5,E3,E4,19.270000,399.882000,OK
2,8,adjacent,620,30,32,78,FWD,E5,E6,E7,E8,21.410000,405.388000,OK
2,8,adjacent,620,30,32,79,REV,E6,E5,E7,E8,31.535000,399.802000,OK
2,8,adjacent,620,30,32,80,FWD,E5,E6,E8,E9,9.203000,406.027000,OK
2,8,adjacent,620,30,32,81,REV,E6,E5,E8,E9,13.441000,399.124000,OK
2,8,adjacent,620,30,32,82,FWD,E5,E6,E9,E10,-187.363000,406.106000,OK
2,8,adjacent,620,30,32,83,REV,E6,E5,E9,E10,-184.883000,399.523000,OK
2,8,adjacent,620,30,32,84,FWD,E5,E6,E10,E11,176.203000,406.066000,OK
2,8,adjacent,620,30,32,85,REV,E6,E5,E10,E11,177.656000,400.042000,OK
2,8,adjacent,620,30,32,86,FWD,E5,E6,E11,E12,9.887000,405.707000,OK
2,8,adjacent,620,30,32,87,REV,E6,E5,E11,E12,11.137000,398.844000,OK
2,8,adjacent,620,30,32,88,FWD,E5,E6,E12,E1,21.820000,406.745000,OK
2,8,adjacent,620,30,32,89,REV,E6,E5,E12,E1,23.961000,399.323000,OK
2,8,adjacent,620,30,32,90,FWD,E6,E7,E1,E2,-63.617000,369.518000,OK
2,8,adjacent,620,30,32,91,REV,E7,E6,E1,E2,-62.496000,357.268000,OK
2,8,adjacent,620,30,32,92,FWD,E6,E7,E2,E3,15.148000,390.386000,OK
2,8,adjacent,620,30,32,93,REV,E7,E6,E2,E3,17.059000,353.637000,OK
2,8,adjacent,620,30,32,94,FWD,E6,E7,E3,E4,13.305000,391.543000,OK
2,8,adjacent,620,30,32,95,REV,E7,E6,E3,E4,15.957000,353.238000,OK
2,8,adjacent,620,30,32,96,FWD,E6,E7,E4,E5,17.605000,391.662000,OK
2,8,adjacent,620,30,32,97,REV,E7,E6,E4,E5,23.742000,352.959000,OK
2,8,adjacent,620,30,32,98,FWD,E6,E7,E8,E9,8.012000,392.301000,OK
2,8,adjacent,620,30,32,99,REV,E7,E6,E8,E9,14.488000,352.600000,OK
2,8,adjacent,620,30,32,100,FWD,E6,E7,E9,E10,-188.395000,392.221000,OK
2,8,adjacent,620,30,32,101,REV,E7,E6,E9,E10,-184.988000,352.361000,OK
2,8,adjacent,620,30,32,102,FWD,E6,E7,E10,E11,176.645000,391.982000,OK
2,8,adjacent,620,30,32,103,REV,E7,E6,E10,E11,178.223000,352.640000,OK
2,8,adjacent,620,30,32,104,FWD,E6,E7,E11,E12,9.793000,392.660000,OK
2,8,adjacent,620,30,32,105,REV,E7,E6,E11,E12,10.852000,353.318000,OK
2,8,adjacent,620,30,32,106,FWD,E6,E7,E12,E1,22.195000,392.580000,OK
2,8,adjacent,620,30,32,107,REV,E7,E6,E12,E1,23.684000,352.560000,OK
2,8,adjacent,620,30,32,108,FWD,E7,E8,E1,E2,-63.625000,300.849000,OK
2,8,adjacent,620,30,32,109,REV,E8,E7,E1,E2,-62.563000,347.533000,OK
2,8,adjacent,620,30,32,110,FWD,E7,E8,E2,E3,15.605000,317.847000,OK
2,8,adjacent,620,30,32,111,REV,E8,E7,E2,E3,17.086000,344.460000,OK
2,8,adjacent,620,30,32,112,FWD,E7,E8,E3,E4,13.855000,319.044000,OK
2,8,adjacent,620,30,32,113,REV,E8,E7,E3,E4,15.398000,343.981000,OK
2,8,adjacent,620,30,32,114,FWD,E7,E8,E4,E5,19.340000,320.201000,OK
2,8,adjacent,620,30,32,115,REV,E8,E7,E4,E5,22.133000,344.420000,OK
2,8,adjacent,620,30,32,116,FWD,E7,E8,E5,E6,-12.387000,319.522000,OK
2,8,adjacent,620,30,32,117,REV,E8,E7,E5,E6,-4.039000,344.101000,OK
2,8,adjacent,620,30,32,118,FWD,E7,E8,E9,E10,-191.176000,320.520000,OK
2,8,adjacent,620,30,32,119,REV,E8,E7,E9,E10,-182.934000,344.021000,OK
2,8,adjacent,620,30,32,120,FWD,E7,E8,E10,E11,176.664000,321.118000,OK
2,8,adjacent,620,30,32,121,REV,E8,E7,E10,E11,179.652000,344.420000,OK
2,8,adjacent,620,30,32,122,FWD,E7,E8,E11,E12,8.895000,320.520000,OK
2,8,adjacent,620,30,32,123,REV,E8,E7,E11,E12,10.441000,344.420000,OK
2,8,adjacent,620,30,32,124,FWD,E7,E8,E12,E1,22.902000,320.719000,OK
2,8,adjacent,620,30,32,125,REV,E8,E7,E12,E1,24.754000,344.141000,OK
2,8,adjacent,620,30,32,126,FWD,E8,E9,E1,E2,-63.625000,289.956000,OK
2,8,adjacent,620,30,32,127,REV,E9,E8,E1,E2,-62.539000,331.373000,OK
2,8,adjacent,620,30,32,128,FWD,E8,E9,E2,E3,15.781000,310.904000,OK
2,8,adjacent,620,30,32,129,REV,E9,E8,E2,E3,16.969000,327.064000,OK
2,8,adjacent,620,30,32,130,FWD,E8,E9,E3,E4,14.008000,313.059000,OK
2,8,adjacent,620,30,32,131,REV,E9,E8,E3,E4,14.992000,325.827000,OK
2,8,adjacent,620,30,32,132,FWD,E8,E9,E4,E5,20.039000,312.979000,OK
2,8,adjacent,620,30,32,133,REV,E9,E8,E4,E5,21.379000,325.827000,OK
2,8,adjacent,620,30,32,134,FWD,E8,E9,E5,E6,-10.016000,313.298000,OK
2,8,adjacent,620,30,32,135,REV,E9,E8,E5,E6,-6.684000,325.428000,OK
2,8,adjacent,620,30,32,136,FWD,E8,E9,E6,E7,-44.688000,313.617000,OK
2,8,adjacent,620,30,32,137,REV,E9,E8,E6,E7,-39.172000,324.949000,OK
2,8,adjacent,620,30,32,138,FWD,E8,E9,E10,E11,175.824000,314.016000,OK
2,8,adjacent,620,30,32,139,REV,E9,E8,E10,E11,181.500000,325.627000,OK
2,8,adjacent,620,30,32,140,FWD,E8,E9,E11,E12,8.180000,314.415000,OK
2,8,adjacent,620,30,32,141,REV,E9,E8,E11,E12,10.535000,324.470000,OK
2,8,adjacent,620,30,32,142,FWD,E8,E9,E12,E1,22.875000,314.695000,OK
2,8,adjacent,620,30,32,143,REV,E9,E8,E12,E1,25.113000,324.630000,OK
2,8,adjacent,620,30,32,144,FWD,E9,E10,E1,E2,-64.145000,443.214000,OK
2,8,adjacent,620,30,32,145,REV,E10,E9,E1,E2,-62.523000,307.672000,OK
2,8,adjacent,620,30,32,146,FWD,E9,E10,E2,E3,15.375000,460.930000,OK
2,8,adjacent,620,30,32,147,REV,E10,E9,E2,E3,16.859000,307.433000,OK
2,8,adjacent,620,30,32,148,FWD,E9,E10,E3,E4,13.977000,460.371000,OK
2,8,adjacent,620,30,32,149,REV,E10,E9,E3,E4,14.914000,309.667000,OK
2,8,adjacent,620,30,32,150,FWD,E9,E10,E4,E5,20.008000,459.254000,OK
2,8,adjacent,620,30,32,151,REV,E10,E9,E4,E5,21.105000,310.425000,OK
2,8,adjacent,620,30,32,152,FWD,E9,E10,E5,E6,-9.734000,458.496000,OK
2,8,adjacent,620,30,32,153,REV,E10,E9,E5,E6,-7.430000,311.901000,OK
2,8,adjacent,620,30,32,154,FWD,E9,E10,E6,E7,-44.199000,457.777000,OK
2,8,adjacent,620,30,32,155,REV,E10,E9,E6,E7,-40.867000,312.939000,OK
2,8,adjacent,620,30,32,156,FWD,E9,E10,E7,E8,20.352000,456.740000,OK
2,8,adjacent,620,30,32,157,REV,E10,E9,E7,E8,29.379000,313.817000,OK
2,8,adjacent,620,30,32,158,FWD,E9,E10,E11,E12,4.504000,455.224000,OK
2,8,adjacent,620,30,32,159,REV,E10,E9,E11,E12,11.789000,314.176000,OK
2,8,adjacent,620,30,32,160,FWD,E9,E10,E12,E1,21.734000,455.503000,OK
2,8,adjacent,620,30,32,161,REV,E10,E9,E12,E1,25.645000,314.575000,OK
2,8,adjacent,620,30,32,162,FWD,E10,E11,E1,E2,-64.184000,243.113000,OK
2,8,adjacent,620,30,32,163,REV,E11,E10,E1,E2,-61.375000,449.239000,OK
2,8,adjacent,620,30,32,164,FWD,E10,E11,E2,E3,15.469000,297.537000,OK
2,8,adjacent,620,30,32,165,REV,E11,E10,E2,E3,17.547000,436.072000,OK
2,8,adjacent,620,30,32,166,FWD,E10,E11,E3,E4,14.168000,302.964000,OK
2,8,adjacent,620,30,32,167,REV,E11,E10,E3,E4,15.109000,432.760000,OK
2,8,adjacent,620,30,32,168,FWD,E10,E11,E4,E5,20.395000,305.078000,OK
2,8,adjacent,620,30,32,169,REV,E11,E10,E4,E5,21.137000,432.002000,OK
2,8,adjacent,620,30,32,170,FWD,E10,E11,E5,E6,-8.754000,306.675000,OK
2,8,adjacent,620,30,32,171,REV,E11,E10,E5,E6,-7.598000,430.206000,OK
2,8,adjacent,620,30,32,172,FWD,E10,E11,E6,E7,-42.680000,307.911000,OK
2,8,adjacent,620,30,32,173,REV,E11,E10,E6,E7,-41.258000,429.209000,OK
2,8,adjacent,620,30,32,174,FWD,E10,E11,E7,E8,24.586000,309.108000,OK
2,8,adjacent,620,30,32,175,REV,E11,E10,E7,E8,27.641000,429.847000,OK
2,8,adjacent,620,30,32,176,FWD,E10,E11,E8,E9,6.488000,309.428000,OK
2,8,adjacent,620,30,32,177,REV,E11,E10,E8,E9,12.723000,429.488000,OK
2,8,adjacent,620,30,32,178,FWD,E10,E11,E12,E1,19.773000,309.747000,OK
2,8,adjacent,620,30,32,179,REV,E11,E10,E12,E1,30.758000,429.408000,OK
2,8,adjacent,620,30,32,180,FWD,E11,E12,E1,E2,-66.227000,262.186000,OK
2,8,adjacent,620,30,32,181,REV,E12,E11,E1,E2,-59.613000,331.453000,OK
2,8,adjacent,620,30,32,182,FWD,E11,E12,E2,E3,14.086000,298.694000,OK
2,8,adjacent,620,30,32,183,REV,E12,E11,E2,E3,18.207000,323.512000,OK
2,8,adjacent,620,30,32,184,FWD,E11,E12,E3,E4,14.133000,302.884000,OK
2,8,adjacent,620,30,32,185,REV,E12,E11,E3,E4,15.559000,322.036000,OK
2,8,adjacent,620,30,32,186,FWD,E11,E12,E4,E5,20.316000,303.722000,OK
2,8,adjacent,620,30,32,187,REV,E12,E11,E4,E5,21.105000,320.959000,OK
2,8,adjacent,620,30,32,188,FWD,E11,E12,E5,E6,-8.738000,304.719000,OK
2,8,adjacent,620,30,32,189,REV,E12,E11,E5,E6,-7.781000,320.001000,OK
2,8,adjacent,620,30,32,190,FWD,E11,E12,E6,E7,-42.492000,305.557000,OK
2,8,adjacent,620,30,32,191,REV,E12,E11,E6,E7,-41.633000,319.243000,OK
2,8,adjacent,620,30,32,192,FWD,E11,E12,E7,E8,25.176000,305.278000,OK
2,8,adjacent,620,30,32,193,REV,E12,E11,E7,E8,26.625000,319.642000,OK
2,8,adjacent,620,30,32,194,FWD,E11,E12,E8,E9,9.223000,306.315000,OK
2,8,adjacent,620,30,32,195,REV,E12,E11,E8,E9,11.496000,319.522000,OK
2,8,adjacent,620,30,32,196,FWD,E11,E12,E9,E10,-176.734000,305.677000,OK
2,8,adjacent,620,30,32,197,REV,E12,E11,E9,E10,-171.094000,318.645000,OK
2,8,adjacent,620,30,32,198,FWD,E12,E1,E2,E3,9.297000,277.148000,OK
2,8,adjacent,620,30,32,199,REV,E1,E12,E2,E3,23.387000,322.794000,OK
2,8,adjacent,620,30,32,200,FWD,E12,E1,E3,E4,12.949000,298.176000,OK
2,8,adjacent,620,30,32,201,REV,E1,E12,E3,E4,16.984000,318.605000,OK
2,8,adjacent,620,30,32,202,FWD,E12,E1,E4,E5,19.867000,300.370000,OK
2,8,adjacent,620,30,32,203,REV,E1,E12,E4,E5,21.621000,318.365000,OK
2,8,adjacent,620,30,32,204,FWD,E12,E1,E5,E6,-9.078000,301.368000,OK
2,8,adjacent,620,30,32,205,REV,E1,E12,E5,E6,-7.445000,316.889000,OK
2,8,adjacent,620,30,32,206,FWD,E12,E1,E6,E7,-42.777000,301.727000,OK
2,8,adjacent,620,30,32,207,REV,E1,E12,E6,E7,-41.559000,316.490000,OK
2,8,adjacent,620,30,32,208,FWD,E12,E1,E7,E8,25.129000,302.166000,OK
2,8,adjacent,620,30,32,209,REV,E1,E12,E7,E8,26.855000,316.889000,OK
2,8,adjacent,620,30,32,210,FWD,E12,E1,E8,E9,9.758000,302.006000,OK
2,8,adjacent,620,30,32,211,REV,E1,E12,E8,E9,11.973000,316.570000,OK
2,8,adjacent,620,30,32,212,FWD,E12,E1,E9,E10,-181.105000,302.605000,OK
2,8,adjacent,620,30,32,213,REV,E1,E12,E9,E10,-178.027000,316.690000,OK
2,8,adjacent,620,30,32,214,FWD,E12,E1,E10,E11,164.719000,303.283000,OK
2,8,adjacent,620,30,32,215,REV,E1,E12,E10,E11,174.773000,316.091000,OK
3,9,adjacent,620,30,32,0,FWD,E1,E2,E3,E4,11.527000,339.792000,OK
3,9,adjacent,620,30,32,1,REV,E2,E1,E3,E4,17.766000,316.410000,OK
3,9,adjacent,620,30,32,2,FWD,E1,E2,E4,E5,19.590000,358.026000,OK
3,9,adjacent,620,30,32,3,REV,E2,E1,E4,E5,21.742000,312.301000,OK
3,9,adjacent,620,30,32,4,FWD,E1,E2,E5,E6,-9.102000,359.024000,OK
3,9,adjacent,620,30,32,5,REV,E2,E1,E5,E6,-7.488000,312.181000,OK
3,9,adjacent,620,30,32,6,FWD,E1,E2,E6,E7,-42.766000,359.263000,OK
3,9,adjacent,620,30,32,7,REV,E2,E1,E6,E7,-41.754000,311.343000,OK
3,9,adjacent,620,30,32,8,FWD,E1,E2,E7,E8,25.383000,359.702000,OK
3,9,adjacent,620,30,32,9,REV,E2,E1,E7,E8,26.492000,311.941000,OK
3,9,adjacent,620,30,32,10,FWD,E1,E2,E8,E9,10.488000,360.101000,OK
3,9,adjacent,620,30,32,11,REV,E2,E1,E8,E9,11.625000,311.383000,OK
3,9,adjacent,620,30,32,12,FWD,E1,E2,E9,E10,-183.090000,359.822000,OK
3,9,adjacent,620,30,32,13,REV,E2,E1,E9,E10,-181.762000,311.502000,OK
3,9,adjacent,620,30,32,14,FWD,E1,E2,E10,E11,170.680000,360.061000,OK
3,9,adjacent,620,30,32,15,REV,E2,E1,E10,E11,173.641000,311.702000,OK
3,9,adjacent,620,30,32,16,FWD,E1,E2,E11,E12,7.125000,359.144000,OK
3,9,adjacent,620,30,32,17,REV,E2,E1,E11,E12,14.488000,311.782000,OK
3,9,adjacent,620,30,32,18,FWD,E2,E3,E4,E5,17.793000,308.749000,OK
3,9,adjacent,620,30,32,19,REV,E3,E2,E4,E5,23.961000,360.380000,OK
3,9,adjacent,620,30,32,20,FWD,E2,E3,E5,E6,-9.980000,335.283000,OK
3,9,adjacent,620,30,32,21,REV,E3,E2,E5,E6,-6.363000,354.755000,OK
3,9,adjacent,620,30,32,22,FWD,E2,E3,E6,E7,-43.078000,338.036000,OK
3,9,adjacent,620,30,32,23,REV,E3,E2,E6,E7,-41.371000,354.236000,OK
3,9,adjacent,620,30,32,24,FWD,E2,E3,E7,E8,25.258000,338.914000,OK
3,9,adjacent,620,30,32,25,REV,E3,E2,E7,E8,26.762000,353.637000,OK
3,9,adjacent,620,30,32,26,FWD,E2,E3,E8,E9,10.625000,339.552000,OK
3,9,adjacent,620,30,32,27,REV,E3,E2,E8,E9,11.883000,353.318000,OK
3,9,adjacent,620,30,32,28,FWD,E2,E3,E9,E10,-184.555000,339.991000,OK
3,9,adjacent,620,30,32,29,REV,E3,E2,E9,E10,-183.254000,352.919000,OK
3,9,adjacent,620,30,32,30,FWD,E2,E3,E10,E11,172.687000,340.071000,OK
3,9,adjacent,620,30,32,31,REV,E3,E2,E10,E11,174.902000,352.879000,OK
3,9,adjacent,620,30,32,32,FWD,E2,E3,E11,E12,8.547000,340.311000,OK
3,9,adjacent,620,30,32,33,REV,E3,E2,E11,E12,13.203000,353.518000,OK
3,9,adjacent,620,30,32,34,FWD,E2,E3,E12,E1,16.133000,340.111000,OK
3,9,adjacent,620,30,32,35,REV,E3,E2,E12,E1,31.867000,353.039000,OK
3,9,adjacent,620,30,32,36,FWD,E3,E4,E1,E2,-52.660000,332.929000,OK
3,9,adjacent,620,30,32,37,REV,E4,E3,E1,E2,-52.637000,394.495000,OK
3,9,adjacent,620,30,32,38,FWD,E3,E4,E5,E6,-11.785000,362.216000,OK
3,9,adjacent,620,30,32,39,REV,E4,E3,E5,E6,-4.340000,389.069000,OK
3,9,adjacent,620,30,32,40,FWD,E3,E4,E6,E7,-43.578000,363.932000,OK
3,9,adjacent,620,30,32,41,REV,E4,E3,E6,E7,-40.895000,388.470000,OK
3,9,adjacent,620,30,32,42,FWD,E3,E4,E7,E8,25.172000,364.610000,OK
3,9,adjacent,620,30,32,43,REV,E4,E3,E7,E8,26.914000,388.191000,OK
3,9,adjacent,620,30,32,44,FWD,E3,E4,E8,E9,10.848000,365.208000,OK
3,9,adjacent,620,30,32,45,REV,E4,E3,E8,E9,11.984000,387.433000,OK
3,9,adjacent,620,30,32,46,FWD,E3,E4,E9,E10,-185.570000,365.528000,OK
3,9,adjacent,620,30,32,47,REV,E4,E3,E9,E10,-184.652000,387.353000,OK
3,9,adjacent,620,30,32,48,FWD,E3,E4,E10,E11,174.586000,365.887000,OK
3,9,adjacent,620,30,32,49,REV,E4,E3,E10,E11,175.715000,387.553000,OK
3,9,adjacent,620,30,32,50,FWD,E3,E4,E11,E12,9.891000,365.288000,OK
3,9,adjacent,620,30,32,51,REV,E4,E3,E11,E12,11.625000,387.273000,OK
3,9,adjacent,620,30,32,52,FWD,E3,E4,E12,E1,21.496000,366.086000,OK
3,9,adjacent,620,30,32,53,REV,E4,E3,E12,E1,26.363000,387.233000,OK
3,9,adjacent,620,30,32,54,FWD,E4,E5,E1,E2,-63.945000,395.932000,OK
3,9,adjacent,620,30,32,55,REV,E5,E4,E1,E2,-61.188000,442.017000,OK
3,9,adjacent,620,30,32,56,FWD,E4,E5,E2,E3,13.613000,417.119000,OK
3,9,adjacent,620,30,32,57,REV,E5,E4,E2,E3,20.566000,438.466000,OK
3,9,adjacent,620,30,32,58,FWD,E4,E5,E6,E7,-45.598000,418.595000,OK
3,9,adjacent,620,30,32,59,REV,E5,E4,E6,E7,-38.387000,437.588000,OK
3,9,adjacent,620,30,32,60,FWD,E4,E5,E7,E8,24.312000,418.555000,OK
3,9,adjacent,620,30,32,61,REV,E5,E4,E7,E8,27.930000,438.106000,OK
3,9,adjacent,620,30,32,62,FWD,E4,E5,E8,E9,10.551000,418.755000,OK
3,9,adjacent,620,30,32,63,REV,E5,E4,E8,E9,12.379000,437.987000,OK
3,9,adjacent,620,30,32,64,FWD,E4,E5,E9,E10,-186.719000,419.712000,OK
3,9,adjacent,620,30,32,65,REV,E5,E4,E9,E10,-185.500000,436.949000,OK
3,9,adjacent,620,30,32,66,FWD,E4,E5,E10,E11,175.684000,419.992000,OK
3,9,adjacent,620,30,32,67,REV,E5,E4,E10,E11,176.676000,437.468000,OK
3,9,adjacent,620,30,32,68,FWD,E4,E5,E11,E12,10.070000,420.071000,OK
3,9,adjacent,620,30,32,69,REV,E5,E4,E11,E12,11.180000,437.747000,OK
3,9,adjacent,620,30,32,70,FWD,E4,E5,E12,E1,21.672000,419.832000,OK
3,9,adjacent,620,30,32,71,REV,E5,E4,E12,E1,24.117000,436.909000,OK
3,9,adjacent,620,30,32,72,FWD,E5,E6,E1,E2,-62.992000,380.690000,OK
3,9,adjacent,620,30,32,73,REV,E6,E5,E1,E2,-61.027000,404.670000,OK
3,9,adjacent,620,30,32,74,FWD,E5,E6,E2,E3,13.441000,402.515000,OK
3,9,adjacent,620,30,32,75,REV,E6,E5,E2,E3,17.742000,399.842000,OK
3,9,adjacent,620,30,32,76,FWD,E5,E6,E3,E4,11.926000,404.830000,OK
3,9,adjacent,620,30,32,77,REV,E6,E5,E3,E4,19.816000,399.164000,OK
3,9,adjacent,620,30,32,78,FWD,E5,E6,E7,E8,20.973000,406.066000,OK
3,9,adjacent,620,30,32,79,REV,E6,E5,E7,E8,31.102000,398.884000,OK
3,9,adjacent,620,30,32,80,FWD,E5,E6,E8,E9,9.316000,405.588000,OK
3,9,adjacent,620,30,32,81,REV,E6,E5,E8,E9,13.539000,399.204000,OK
3,9,adjacent,620,30,32,82,FWD,E5,E6,E9,E10,-187.949000,405.747000,OK
3,9,adjacent,620,30,32,83,REV,E6,E5,E9,E10,-185.477000,399.682000,OK
3,9,adjacent,620,30,32,84,FWD,E5,E6,E10,E11,176.230000,405.867000,OK
3,9,adjacent,620,30,32,85,REV,E6,E5,E10,E11,177.703000,399.124000,OK
3,9,adjacent,620,30,32,86,FWD,E5,E6,E11,E12,9.863000,406.027000,OK
3,9,adjacent,620,30,32,87,REV,E6,E5,E11,E12,11.105000,398.964000,OK
3,9,adjacent,620,30,32,88,FWD,E5,E6,E12,E1,21.773000,406.864000,OK
3,9,adjacent,620,30,32,89,REV,E6,E5,E12,E1,23.922000,399.084000,OK
3,9,adjacent,620,30,32,90,FWD,E6,E7,E1,E2,-62.746000,368.959000,OK
3,9,adjacent,620,30,32,91,REV,E7,E6,E1,E2,-61.660000,356.789000,OK
3,9,adjacent,620,30,32,92,FWD,E6,E7,E2,E3,15.137000,389.149000,OK
3,9,adjacent,620,30,32,93,REV,E7,E6,E2,E3,17.121000,353.478000,OK
3,9,adjacent,620,30,32,94,FWD,E6,E7,E3,E4,13.340000,391.822000,OK
3,9,adjacent,620,30,32,95,REV,E7,E6,E3,E4,15.992000,353.278000,OK
3,9,adjacent,620,30,32,96,FWD,E6,E7,E4,E5,17.469000,391.223000,OK
3,9,adjacent,620,30,32,97,REV,E7,E6,E4,E5,23.617000,352.201000,OK
3,9,adjacent,620,30,32,98,FWD,E6,E7,E8,E9,8.094000,391.982000,OK
3,9,adjacent,620,30,32,99,REV,E7,E6,E8,E9,14.598000,352.480000,OK
3,9,adjacent,620,30,32,100,FWD,E6,E7,E9,E10,-189.109000,392.341000,OK
3,9,adjacent,620,30,32,101,REV,E7,E6,E9,E10,-185.715000,352.001000,OK
3,9,adjacent,620,30,32,102,FWD,E6,E7,E10,E11,176.777000,392.341000,OK
3,9,adjacent,620,30,32,103,REV,E7,E6,E10,E11,178.332000,353.039000,OK
3,9,adjacent,620,30,32,104,FWD,E6,E7,E11,E12,9.820000,392.141000,OK
3,9,adjacent,620,30,32,105,REV,E7,E6,E11,E12,10.875000,352.879000,OK
3,9,adjacent,620,30,32,106,FWD,E6,E7,E12,E1,22.094000,391.942000,OK
3,9,adjacent,620,30,32,107,REV,E7,E6,E12,E1,23.574000,352.839000,OK
3,9,adjacent,620,30,32,108,FWD,E7,E8,E1,E2,-62.781000,300.809000,OK
3,9,adjacent,620,30,32,109,REV,E8,E7,E1,E2,-61.719000,347.134000,OK
3,9,adjacent,620,30,32,110,FWD,E7,E8,E2,E3,15.699000,317.847000,OK
3,9,adjacent,620,30,32,111,REV,E8,E7,E2,E3,17.187000,344.061000,OK
3,9,adjacent,620,30,32,112,FWD,E7,E8,E3,E4,13.836000,319.123000,OK
3,9,adjacent,620,30,32,113,REV,E8,E7,E3,E4,15.395000,343.941000,OK
3,9,adjacent,620,30,32,114,FWD,E7,E8,E4,E5,19.199000,320.001000,OK
3,9,adjacent,620,30,32,115,REV,E8,E7,E4,E5,21.984000,343.662000,OK
3,9,adjacent,620,30,32,116,FWD,E7,E8,E5,E6,-12.754000,320.041000,OK
3,9,adjacent,620,30,32,117,REV,E8,E7,E5,E6,-4.391000,344.341000,OK
3,9,adjacent,620,30,32,118,FWD,E7,E8,E9,E10,-191.773000,319.882000,OK
3,9,adjacent,620,30,32,119,REV,E8,E7,E9,E10,-183.598000,343.543000,OK
3,9,adjacent,620,30,32,120,FWD,E7,E8,E10,E11,176.602000,320.839000,OK
3,9,adjacent,620,30,32,121,REV,E8,E7,E10,E11,179.578000,343.662000,OK
3,9,adjacent,620,30,32,122,FWD,E7,E8,E11,E12,9.625000,320.560000,OK
3,9,adjacent,620,30,32,123,REV,E8,E7,E11,E12,11.230000,343.662000,OK
3,9,adjacent,620,30,32,124,FWD,E7,E8,E12,E1,21.992000,320.879000,OK
3,9,adjacent,620,30,32,125,REV,E8,E7,E12,E1,23.809000,342.984000,OK
3,9,adjacent,620,30,32,126,FWD,E8,E9,E1,E2,-62.859000,289.597000,OK
3,9,adjacent,620,30,32,127,REV,E9,E8,E1,E2,-61.770000,330.854000,OK
3,9,adjacent,620,30,32,128,FWD,E8,E9,E2,E3,15.988000,309.468000,OK
3,9,adjacent,620,30,32,129,REV,E9,E8,E2,E3,17.187000,326.744000,OK
3,9,adjacent,620,30,32,130,FWD,E8,E9,E3,E4,13.992000,311.901000,OK
3,9,adjacent,620,30,32,131,REV,E9,E8,E3,E4,14.934000,325.986000,OK
3,9,adjacent,620,30,32,132,FWD,E8,E9,E4,E5,19.945000,312.261000,OK
3,9,adjacent,620,30,32,133,REV,E9,E8,E4,E5,21.285000,325.268000,OK
3,9,adjacent,620,30,32,134,FWD,E8,E9,E5,E6,-10.418000,313.697000,OK
3,9,adjacent,620,30,32,135,REV,E9,E8,E5,E6,-7.008000,324.590000,OK
3,9,adjacent,620,30,32,136,FWD,E8,E9,E6,E7,-44.125000,313.697000,OK
3,9,adjacent,620,30,32,137,REV,E9,E8,E6,E7,-38.637000,324.749000,OK
3,9,adjacent,620,30,32,138,FWD,E8,E9,E10,E11,175.586000,313.378000,OK
3,9,adjacent,620,30,32,139,REV,E9,E8,E10,E11,181.285000,325.148000,OK
3,9,adjacent,620,30,32,140,FWD,E8,E9,E11,E12,9.188000,313.298000,OK
3,9,adjacent,620,30,32,141,REV,E9,E8,E11,E12,11.574000,324.869000,OK
3,9,adjacent,620,30,32,142,FWD,E8,E9,E12,E1,21.641000,313.298000,OK
3,9,adjacent,620,30,32,143,REV,E9,E8,E12,E1,23.883000,324.670000,OK
3,9,adjacent,620,30,32,144,FWD,E9,E10,E1,E2,-63.438000,442.535000,OK
3,9,adjacent,620,30,32,145,REV,E10,E9,E1,E2,-61.832000,306.675000,OK
3,9,adjacent,620,30,32,146,FWD,E9,E10,E2,E3,15.867000,460.969000,OK
3,9,adjacent,620,30,32,147,REV,E10,E9,E2,E3,17.340000,306.874000,OK
3,9,adjacent,620,30,32,148,FWD,E9,E10,E3,E4,13.758000,459.413000,OK
3,9,adjacent,620,30,32,149,REV,E10,E9,E3,E4,14.727000,309.747000,OK
3,9,adjacent,620,30,32,150,FWD,E9,E10,E4,E5,19.879000,458.456000,OK
3,9,adjacent,620,30,32,151,REV,E10,E9,E4,E5,20.949000,310.864000,OK
3,9,adjacent,620,30,32,152,FWD,E9,E10,E5,E6,-10.070000,456.421000,OK
3,9,adjacent,620,30,32,153,REV,E10,E9,E5,E6,-7.766000,311.383000,OK
3,9,adjacent,620,30,32,154,FWD,E9,E10,E6,E7,-43.648000,456.620000,OK
3,9,adjacent,620,30,32,155,REV,E10,E9,E6,E7,-40.313000,312.181000,OK
3,9,adjacent,620,30,32,156,FWD,E9,E10,E7,E8,19.875000,456.461000,OK
3,9,adjacent,620,30,32,157,REV,E10,E9,E7,E8,28.898000,312.979000,OK
3,9,adjacent,620,30,32,158,FWD,E9,E10,E11,E12,5.758000,455.583000,OK
3,9,adjacent,620,30,32,159,REV,E10,E9,E11,E12,13.039000,313.697000,OK
3,9,adjacent,620,30,32,160,FWD,E9,E10,E12,E1,20.320000,455.064000,OK
3,9,adjacent,620,30,32,161,REV,E10,E9,E12,E1,24.211000,315.373000,OK
3,9,adjacent,620,30,32,162,FWD,E10,E11,E1,E2,-63.531000,242.754000,OK
3,9,adjacent,620,30,32,163,REV,E11,E10,E1,E2,-60.750000,449.279000,OK
3,9,adjacent,620,30,32,164,FWD,E10,E11,E2,E3,15.988000,297.537000,OK
3,9,adjacent,620,30,32,165,REV,E11,E10,E2,E3,18.078000,435.792000,OK
3,9,adjacent,620,30,32,166,FWD,E10,E11,E3,E4,13.930000,303.283000,OK
3,9,adjacent,620,30,32,167,REV,E11,E10,E3,E4,14.887000,432.401000,OK
3,9,adjacent,620,30,32,168,FWD,E10,E11,E4,E5,20.289000,304.999000,OK
3,9,adjacent,620,30,32,169,REV,E11,E10,E4,E5,21.016000,431.523000,OK
3,9,adjacent,620,30,32,170,FWD,E10,E11,E5,E6,-9.105000,306.515000,OK
3,9,adjacent,620,30,32,171,REV,E11,E10,E5,E6,-7.918000,430.645000,OK
3,9,adjacent,620,30,32,172,FWD,E10,E11,E6,E7,-42.191000,307.712000,OK
3,9,adjacent,620,30,32,173,REV,E11,E10,E6,E7,-40.805000,428.770000,OK
3,9,adjacent,620,30,32,174,FWD,E10,E11,E7,E8,24.223000,308.670000,OK
3,9,adjacent,620,30,32,175,REV,E11,E10,E7,E8,27.277000,428.929000,OK
3,9,adjacent,620,30,32,176,FWD,E10,E11,E8,E9,6.652000,309.148000,OK
3,9,adjacent,620,30,32,177,REV,E11,E10,E8,E9,12.887000,428.371000,OK
3,9,adjacent,620,30,32,178,FWD,E10,E11,E12,E1,18.305000,309.348000,OK
3,9,adjacent,620,30,32,179,REV,E11,E10,E12,E1,29.281000,429.169000,OK
3,9,adjacent,620,30,32,180,FWD,E11,E12,E1,E2,-65.445000,261.228000,OK
3,9,adjacent,620,30,32,181,REV,E12,E11,E1,E2,-58.844000,331.173000,OK
3,9,adjacent,620,30,32,182,FWD,E11,E12,E2,E3,14.766000,298.375000,OK
3,9,adjacent,620,30,32,183,REV,E12,E11,E2,E3,18.863000,323.193000,OK
3,9,adjacent,620,30,32,184,FWD,E11,E12,E3,E4,13.582000,302.285000,OK
3,9,adjacent,620,30,32,185,REV,E12,E11,E3,E4,14.996000,322.076000,OK
3,9,adjacent,620,30,32,186,FWD,E11,E12,E4,E5,20.332000,303.762000,OK
3,9,adjacent,620,30,32,187,REV,E12,E11,E4,E5,21.109000,320.281000,OK
3,9,adjacent,620,30,32,188,FWD,E11,E12,E5,E6,-9.137000,304.241000,OK
3,9,adjacent,620,30,32,189,REV,E12,E11,E5,E6,-8.234000,320.081000,OK
3,9,adjacent,620,30,32,190,FWD,E11,E12,E6,E7,-42.066000,305.158000,OK
3,9,adjacent,620,30,32,191,REV,E12,E11,E6,E7,-41.195000,318.964000,OK
3,9,adjacent,620,30,32,192,FWD,E11,E12,E7,E8,24.758000,304.799000,OK
3,9,adjacent,620,30,32,193,REV,E12,E11,E7,E8,26.180000,318.964000,OK
3,9,adjacent,620,30,32,194,FWD,E11,E12,E8,E9,9.434000,305.039000,OK
3,9,adjacent,620,30,32,195,REV,E12,E11,E8,E9,11.703000,319.044000,OK
3,9,adjacent,620,30,32,196,FWD,E11,E12,E9,E10,-176.875000,305.517000,OK
3,9,adjacent,620,30,32,197,REV,E12,E11,E9,E10,-171.285000,318.365000,OK
3,9,adjacent,620,30,32,198,FWD,E12,E1,E2,E3,9.949000,278.106000,OK
3,9,adjacent,620,30,32,199,REV,E1,E12,E2,E3,24.020000,323.353000,OK
3,9,adjacent,620,30,32,200,FWD,E12,E1,E3,E4,12.316000,298.575000,OK
3,9,adjacent,620,30,32,201,REV,E1,E12,E3,E4,16.293000,318.126000,OK
3,9,adjacent,620,30,32,202,FWD,E12,E1,E4,E5,19.887000,300.410000,OK
3,9,adjacent,620,30,32,203,REV,E1,E12,E4,E5,21.641000,317.288000,OK
3,9,adjacent,620,30,32,204,FWD,E12,E1,E5,E6,-9.504000,301.847000,OK
3,9,adjacent,620,30,32,205,REV,E1,E12,E5,E6,-7.918000,315.892000,OK
3,9,adjacent,620,30,32,206,FWD,E12,E1,E6,E7,-42.242000,302.605000,OK
3,9,adjacent,620,30,32,207,REV,E1,E12,E6,E7,-40.996000,315.971000,OK
3,9,adjacent,620,30,32,208,FWD,E12,E1,E7,E8,24.648000,302.924000,OK
3,9,adjacent,620,30,32,209,REV,E1,E12,E7,E8,26.367000,316.530000,OK
3,9,adjacent,620,30,32,210,FWD,E12,E1,E8,E9,9.938000,302.126000,OK
3,9,adjacent,620,30,32,211,REV,E1,E12,E8,E9,12.133000,316.450000,OK
3,9,adjacent,620,30,32,212,FWD,E12,E1,E9,E10,-181.277000,303.283000,OK
3,9,adjacent,620,30,32,213,REV,E1,E12,E9,E10,-178.187000,315.971000,OK
3,9,adjacent,620,30,32,214,FWD,E12,E1,E10,E11,165.074000,303.283000,OK
3,9,adjacent,620,30,32,215,REV,E1,E12,E10,E11,175.113000,315.772000,OK
4,10,adjacent,620,30,32,0,FWD,E1,E2,E3,E4,10.879000,339.712000,OK
4,10,adjacent,620,30,32,1,REV,E2,E1,E3,E4,17.098000,315.931000,OK
4,10,adjacent,620,30,32,2,FWD,E1,E2,E4,E5,19.605000,357.388000,OK
4,10,adjacent,620,30,32,3,REV,E2,E1,E4,E5,21.754000,312.141000,OK
4,10,adjacent,620,30,32,4,FWD,E1,E2,E5,E6,-9.621000,358.625000,OK
4,10,adjacent,620,30,32,5,REV,E2,E1,E5,E6,-7.992000,312.500000,OK
4,10,adjacent,620,30,32,6,FWD,E1,E2,E6,E7,-42.184000,359.303000,OK
4,10,adjacent,620,30,32,7,REV,E2,E1,E6,E7,-41.191000,312.021000,OK
4,10,adjacent,620,30,32,8,FWD,E1,E2,E7,E8,24.910000,359.144000,OK
4,10,adjacent,620,30,32,9,REV,E2,E1,E7,E8,25.996000,312.021000,OK
4,10,adjacent,620,30,32,10,FWD,E1,E2,E8,E9,10.504000,359.383000,OK
4,10,adjacent,620,30,32,11,REV,E2,E1,E8,E9,11.652000,311.183000,OK
4,10,adjacent,620,30,32,12,FWD,E1,E2,E9,E10,-183.133000,358.984000,OK
4,10,adjacent,620,30,32,13,REV,E2,E1,E9,E10,-181.789000,312.061000,OK
4,10,adjacent,620,30,32,14,FWD,E1,E2,E10,E11,171.121000,359.702000,OK
4,10,adjacent,620,30,32,15,REV,E2,E1,E10,E11,174.062000,312.021000,OK
4,10,adjacent,620,30,32,16,FWD,E1,E2,E11,E12,8.145000,359.303000,OK
4,10,adjacent,620,30,32,17,REV,E2,E1,E11,E12,15.508000,311.782000,OK
4,10,adjacent,620,30,32,18,FWD,E2,E3,E4,E5,17.844000,308.829000,OK
4,10,adjacent,620,30,32,19,REV,E3,E2,E4,E5,24.000000,360.700000,OK
4,10,adjacent,620,30,32,20,FWD,E2,E3,E5,E6,-10.465000,335.283000,OK
4,10,adjacent,620,30,32,21,REV,E3,E2,E5,E6,-6.879000,354.994000,OK
4,10,adjacent,620,30,32,22,FWD,E2,E3,E6,E7,-42.496000,337.996000,OK
4,10,adjacent,620,30,32,23,REV,E3,E2,E6,E7,-40.762000,354.595000,OK
4,10,adjacent,620,30,32,24,FWD,E2,E3,E7,E8,24.863000,338.555000,OK
4,10,adjacent,620,30,32,25,REV,E3,E2,E7,E8,26.367000,353.597000,OK
4,10,adjacent,620,30,32,26,FWD,E2,E3,E8,E9,10.621000,339.273000,OK
4,10,adjacent,620,30,32,27,REV,E3,E2,E8,E9,11.883000,352.680000,OK
4,10,adjacent,620,30,32,28,FWD,E2,E3,E9,E10,-184.676000,340.151000,OK
4,10,adjacent,620,30,32,29,REV,E3,E2,E9,E10,-183.402000,353.238000,OK
4,10,adjacent,620,30,32,30,FWD,E2,E3,E10,E11,173.469000,339.672000,OK
4,10,adjacent,620,30,32,31,REV,E3,E2,E10,E11,175.633000,353.278000,OK
4,10,adjacent,620,30,32,32,FWD,E2,E3,E11,E12,9.250000,339.832000,OK
4,10,adjacent,620,30,32,33,REV,E3,E2,E11,E12,13.918000,353.917000,OK
4,10,adjacent,620,30,32,34,FWD,E2,E3,E12,E1,14.293000,339.712000,OK
4,10,adjacent,620,30,32,35,REV,E3,E2,E12,E1,30.027000,353.478000,OK
4,10,adjacent,620,30,32,36,FWD,E3,E4,E1,E2,-51.520000,333.089000,OK
4,10,adjacent,620,30,32,37,REV,E4,E3,E1,E2,-51.523000,393.777000,OK
4,10,adjacent,620,30,32,38,FWD,E3,E4,E5,E6,-12.348000,361.817000,OK
4,10,adjacent,620,30,32,39,REV,E4,E3,E5,E6,-4.848000,388.869000,OK
4,10,adjacent,620,30,32,40,FWD,E3,E4,E6,E7,-42.934000,363.932000,OK
4,10,adjacent,620,30,32,41,REV,E4,E3,E6,E7,-40.273000,387.992000,OK
4,10,adjacent,620,30,32,42,FWD,E3,E4,E7,E8,24.742000,365.568000,OK
4,10,adjacent,620,30,32,43,REV,E4,E3,E7,E8,26.500000,387.872000,OK
4,10,adjacent,620,30,32,44,FWD,E3,E4,E8,E9,10.832000,365.647000,OK
4,10,adjacent,620,30,32,45,REV,E4,E3,E8,E9,11.980000,386.675000,OK
4,10,adjacent,620,30,32,46,FWD,E3,E4,E9,E10,-185.773000,365.488000,OK
4,10,adjacent,620,30,32,47,REV,E4,E3,E9,E10,-184.848000,386.954000,OK
4,10,adjacent,620,30,32,48,FWD,E3,E4,E10,E11,175.270000,366.445000,OK
4,10,adjacent,620,30,32,49,REV,E4,E3,E10,E11,176.375000,386.874000,OK
4,10,adjacent,620,30,32,50,FWD,E3,E4,E11,E12,10.477000,366.366000,OK
4,10,adjacent,620,30,32,51,REV,E4,E3,E11,E12,12.207000,387.593000,OK
4,10,adjacent,620,30,32,52,FWD,E3,E4,E12,E1,19.801000,366.286000,OK
4,10,adjacent,620,30,32,53,REV,E4,E3,E12,E1,24.641000,387.194000,OK
4,10,adjacent,620,30,32,54,FWD,E4,E5,E1,E2,-62.918000,395.852000,OK
4,10,adjacent,620,30,32,55,REV,E5,E4,E1,E2,-60.168000,441.977000,OK
4,10,adjacent,620,30,32,56,FWD,E4,E5,E2,E3,14.438000,416.520000,OK
4,10,adjacent,620,30,32,57,REV,E5,E4,E2,E3,21.332000,438.306000,OK
4,10,adjacent,620,30,32,58,FWD,E4,E5,E6,E7,-45.184000,418.954000,OK
4,10,adjacent,620,30,32,59,REV,E5,E4,E6,E7,-38.078000,437.269000,OK
4,10,adjacent,620,30,32,60,FWD,E4,E5,E7,E8,23.793000,418.755000,OK
4,10,adjacent,620,30,32,61,REV,E5,E4,E7,E8,27.391000,436.391000,OK
4,10,adjacent,620,30,32,62,FWD,E4,E5,E8,E9,10.578000,418.835000,OK
4,10,adjacent,620,30,32,63,REV,E5,E4,E8,E9,12.402000,437.229000,OK
4,10,adjacent,620,30,32,64,FWD,E4,E5,E9,E10,-186.816000,419.234000,OK
4,10,adjacent,620,30,32,65,REV,E5,E4,E9,E10,-185.578000,437.069000,OK
4,10,adjacent,620,30,32,66,FWD,E4,E5,E10,E11,176.273000,419.912000,OK
4,10,adjacent,620,30,32,67,REV,E5,E4,E10,E11,177.297000,436.909000,OK
4,10,adjacent,620,30,32,68,FWD,E4,E5,E11,E12,10.570000,419.553000,OK
4,10,adjacent,620,30,32,69,REV,E5,E4,E11,E12,11.668000,437.308000,OK
4,10,adjacent,620,30,32,70,FWD,E4,E5,E12,E1,21.008000,419.712000,OK
4,10,adjacent,620,30,32,71,REV,E5,E4,E12,E1,23.469000,436.351000,OK
4,10,adjacent,620,30,32,72,FWD,E5,E6,E1,E2,-62.855000,380.730000,OK
4,10,adjacent,620,30,32,73,REV,E6,E5,E1,E2,-60.887000,403.672000,OK
4,10,adjacent,620,30,32,74,FWD,E5,E6,E2,E3,14.129000,403.074000,OK
4,10,adjacent,620,30,32,75,REV,E6,E5,E2,E3,18.418000,400.281000,OK
4,10,adjacent,620,30,32,76,FWD,E5,E6,E3,E4,11.082000,404.710000,OK
4,10,adjacent,620,30,32,77,REV,E6,E5,E3,E4,19.004000,399.004000,OK
4,10,adjacent,620,30,32,78,FWD,E5,E6,E7,E8,20.535000,405.229000,OK
4,10,adjacent,620,30,32,79,REV,E6,E5,E7,E8,30.641000,398.525000,OK
4,10,adjacent,620,30,32,80,FWD,E5,E6,E8,E9,9.469000,406.266000,OK
4,10,adjacent,620,30,32,81,REV,E6,E5,E8,E9,13.695000,398.805000,OK
4,10,adjacent,620,30,32,82,FWD,E5,E6,E9,E10,-188.152000,405.667000,OK
4,10,adjacent,620,30,32,83,REV,E6,E5,E9,E10,-185.668000,398.924000,OK
4,10,adjacent,620,30,32,84,FWD,E5,E6,E10,E11,176.926000,405.707000,OK
4,10,adjacent,620,30,32,85,REV,E6,E5,E10,E11,178.375000,399.243000,OK
4,10,adjacent,620,30,32,86,FWD,E5,E6,E11,E12,10.223000,405.987000,OK
4,10,adjacent,620,30,32,87,REV,E6,E5,E11,E12,11.453000,398.685000,OK
4,10,adjacent,620,30,32,88,FWD,E5,E6,E12,E1,21.148000,406.346000,OK
4,10,adjacent,620,30,32,89,REV,E6,E5,E12,E1,23.270000,399.642000,OK
4,10,adjacent,620,30,32,90,FWD,E6,E7,E1,E2,-62.504000,368.600000,OK
4,10,adjacent,620,30,32,91,REV,E7,E6,E1,E2,-61.414000,357.069000,OK
4,10,adjacent,620,30,32,92,FWD,E6,E7,E2,E3,15.383000,389.029000,OK
4,10,adjacent,620,30,32,93,REV,E7,E6,E2,E3,17.297000,352.999000,OK
4,10,adjacent,620,30,32,94,FWD,E6,E7,E3,E4,12.945000,390.306000,OK
4,10,adjacent,620,30,32,95,REV,E7,E6,E3,E4,15.547000,352.839000,OK
4,10,adjacent,620,30,32,96,FWD,E6,E7,E4,E5,17.066000,391.223000,OK
4,10,adjacent,620,30,32,97,REV,E7,E6,E4,E5,23.203000,352.760000,OK
4,10,adjacent,620,30,32,98,FWD,E6,E7,E8,E9,8.238000,391.742000,OK
4,10,adjacent,620,30,32,99,REV,E7,E6,E8,E9,14.730000,352.121000,OK
4,10,adjacent,620,30,32,100,FWD,E6,E7,E9,E10,-189.258000,391.383000,OK
4,10,adjacent,620,30,32,101,REV,E7,E6,E9,E10,-185.863000,352.241000,OK
4,10,adjacent,620,30,32,102,FWD,E6,E7,E10,E11,177.488000,391.583000,OK
4,10,adjacent,620,30,32,103,REV,E7,E6,E10,E11,178.977000,352.081000,OK
4,10,adjacent,620,30,32,104,FWD,E6,E7,E11,E12,10.148000,391.942000,OK
4,10,adjacent,620,30,32,105,REV,E7,E6,E11,E12,11.152000,352.281000,OK
4,10,adjacent,620,30,32,106,FWD,E6,E7,E12,E1,21.496000,392.301000,OK
4,10,adjacent,620,30,32,107,REV,E7,E6,E12,E1,22.969000,352.041000,OK
4,10,adjacent,620,30,32,108,FWD,E7,E8,E1,E2,-62.566000,300.849000,OK
4,10,adjacent,620,30,32,109,REV,E8,E7,E1,E2,-61.496000,346.455000,OK
4,10,adjacent,620,30,32,110,FWD,E7,E8,E2,E3,15.855000,317.607000,OK
4,10,adjacent,620,30,32,111,REV,E8,E7,E2,E3,17.340000,343.423000,OK
4,10,adjacent,620,30,32,112,FWD,E7,E8,E3,E4,13.445000,319.243000,OK
4,10,adjacent,620,30,32,113,REV,E8,E7,E3,E4,15.016000,343.343000,OK
4,10,adjacent,620,30,32,114,FWD,E7,E8,E4,E5,18.828000,320.081000,OK
4,10,adjacent,620,30,32,115,REV,E8,E7,E4,E5,21.609000,342.784000,OK
4,10,adjacent,620,30,32,116,FWD,E7,E8,E5,E6,-12.262000,320.320000,OK
4,10,adjacent,620,30,32,117,REV,E8,E7,E5,E6,-3.895000,342.266000,OK
4,10,adjacent,620,30,32,118,FWD,E7,E8,E9,E10,-191.887000,320.241000,OK
4,10,adjacent,620,30,32,119,REV,E8,E7,E9,E10,-183.672000,342.465000,OK
4,10,adjacent,620,30,32,120,FWD,E7,E8,E10,E11,177.352000,320.281000,OK
4,10,adjacent,620,30,32,121,REV,E8,E7,E10,E11,180.344000,342.864000,OK
4,10,adjacent,620,30,32,122,FWD,E7,E8,E11,E12,9.813000,320.360000,OK
4,10,adjacent,620,30,32,123,REV,E8,E7,E11,E12,11.426000,342.186000,OK
4,10,adjacent,620,30,32,124,FWD,E7,E8,E12,E1,21.375000,320.719000,OK
4,10,adjacent,620,30,32,125,REV,E8,E7,E12,E1,23.219000,342.385000,OK
4,10,adjacent,620,30,32,126,FWD,E8,E9,E1,E2,-62.668000,289.238000,OK
4,10,adjacent,620,30,32,127,REV,E9,E8,E1,E2,-61.621000,330.535000,OK
4,10,adjacent,620,30,32,128,FWD,E8,E9,E2,E3,16.164000,310.026000,OK
4,10,adjacent,620,30,32,129,REV,E9,E8,E2,E3,17.340000,325.827000,OK
4,10,adjacent,620,30,32,130,FWD,E8,E9,E3,E4,13.688000,311.343000,OK
4,10,adjacent,620,30,32,131,REV,E9,E8,E3,E4,14.613000,325.707000,OK
4,10,adjacent,620,30,32,132,FWD,E8,E9,E4,E5,19.605000,312.380000,OK
4,10,adjacent,620,30,32,133,REV,E9,E8,E4,E5,20.930000,325.148000,OK
4,10,adjacent,620,30,32,134,FWD,E8,E9,E5,E6,-9.910000,312.340000,OK
4,10,adjacent,620,30,32,135,REV,E9,E8,E5,E6,-6.617000,324.430000,OK
4,10,adjacent,620,30,32,136,FWD,E8,E9,E6,E7,-44.234000,312.221000,OK
4,10,adjacent,620,30,32,137,REV,E9,E8,E6,E7,-38.762000,325.029000,OK
4,10,adjacent,620,30,32,138,FWD,E8,E9,E10,E11,176.523000,313.059000,OK
4,10,adjacent,620,30,32,139,REV,E9,E8,E10,E11,182.195000,324.550000,OK
4,10,adjacent,620,30,32,140,FWD,E8,E9,E11,E12,9.422000,312.620000,OK
4,10,adjacent,620,30,32,141,REV,E9,E8,E11,E12,11.734000,323.991000,OK
4,10,adjacent,620,30,32,142,FWD,E8,E9,E12,E1,21.168000,312.939000,OK
4,10,adjacent,620,30,32,143,REV,E9,E8,E12,E1,23.434000,324.630000,OK
4,10,adjacent,620,30,32,144,FWD,E9,E10,E1,E2,-63.254000,442.176000,OK
4,10,adjacent,620,30,32,145,REV,E10,E9,E1,E2,-61.695000,307.034000,OK
4,10,adjacent,620,30,32,146,FWD,E9,E10,E2,E3,15.930000,459.972000,OK
4,10,adjacent,620,30,32,147,REV,E10,E9,E2,E3,17.375000,306.914000,OK
4,10,adjacent,620,30,32,148,FWD,E9,E10,E3,E4,13.375000,459.733000,OK
4,10,adjacent,620,30,32,149,REV,E10,E9,E3,E4,14.359000,309.468000,OK
4,10,adjacent,620,30,32,150,FWD,E9,E10,E4,E5,19.828000,458.615000,OK
4,10,adjacent,620,30,32,151,REV,E10,E9,E4,E5,20.910000,310.066000,OK
4,10,adjacent,620,30,32,152,FWD,E9,E10,E5,E6,-9.715000,456.620000,OK
4,10,adjacent,620,30,32,153,REV,E10,E9,E5,E6,-7.437000,311.143000,OK
4,10,adjacent,620,30,32,154,FWD,E9,E10,E6,E7,-43.781000,456.580000,OK
4,10,adjacent,620,30,32,155,REV,E10,E9,E6,E7,-40.406000,312.739000,OK
4,10,adjacent,620,30,32,156,FWD,E9,E10,E7,E8,19.641000,456.301000,OK
4,10,adjacent,620,30,32,157,REV,E10,E9,E7,E8,28.695000,313.258000,OK
4,10,adjacent,620,30,32,158,FWD,E9,E10,E11,E12,5.723000,455.184000,OK
4,10,adjacent,620,30,32,159,REV,E10,E9,E11,E12,12.996000,313.178000,OK
4,10,adjacent,620,30,32,160,FWD,E9,E10,E12,E1,19.902000,454.705000,OK
4,10,adjacent,620,30,32,161,REV,E10,E9,E12,E1,23.781000,314.615000,OK
4,10,adjacent,620,30,32,162,FWD,E10,E11,E1,E2,-63.313000,242.594000,OK
4,10,adjacent,620,30,32,163,REV,E11,E10,E1,E2,-60.531000,448.720000,OK
4,10,adjacent,620,30,32,164,FWD,E10,E11,E2,E3,16.039000,296.181000,OK
4,10,adjacent,620,30,32,165,REV,E11,E10,E2,E3,18.160000,435.752000,OK
4,10,adjacent,620,30,32,166,FWD,E10,E11,E3,E4,13.477000,303.163000,OK
4,10,adjacent,620,30,32,167,REV,E11,E10,E3,E4,14.461000,432.121000,OK
4,10,adjacent,620,30,32,168,FWD,E10,E11,E4,E5,20.312000,304.999000,OK
4,10,adjacent,620,30,32,169,REV,E11,E10,E4,E5,21.023000,430.725000,OK
4,10,adjacent,620,30,32,170,FWD,E10,E11,E5,E6,-8.816000,306.515000,OK
4,10,adjacent,620,30,32,171,REV,E11,E10,E5,E6,-7.637000,429.967000,OK
4,10,adjacent,620,30,32,172,FWD,E10,E11,E6,E7,-42.332000,307.951000,OK
4,10,adjacent,620,30,32,173,REV,E11,E10,E6,E7,-40.938000,429.608000,OK
4,10,adjacent,620,30,32,174,FWD,E10,E11,E7,E8,24.043000,307.991000,OK
4,10,adjacent,620,30,32,175,REV,E11,E10,E7,E8,27.020000,428.490000,OK
4,10,adjacent,620,30,32,176,FWD,E10,E11,E8,E9,6.531000,308.670000,OK
4,10,adjacent,620,30,32,177,REV,E11,E10,E8,E9,12.746000,428.530000,OK
4,10,adjacent,620,30,32,178,FWD,E10,E11,E12,E1,17.918000,309.029000,OK
4,10,adjacent,620,30,32,179,REV,E11,E10,E12,E1,28.844000,429.448000,OK
4,10,adjacent,620,30,32,180,FWD,E11,E12,E1,E2,-65.344000,261.148000,OK
4,10,adjacent,620,30,32,181,REV,E12,E11,E1,E2,-58.750000,331.772000,OK
4,10,adjacent,620,30,32,182,FWD,E11,E12,E2,E3,14.934000,298.056000,OK
4,10,adjacent,620,30,32,183,REV,E12,E11,E2,E3,19.113000,323.273000,OK
4,10,adjacent,620,30,32,184,FWD,E11,E12,E3,E4,13.160000,302.485000,OK
4,10,adjacent,620,30,32,185,REV,E12,E11,E3,E4,14.586000,322.076000,OK
4,10,adjacent,620,30,32,186,FWD,E11,E12,E4,E5,20.250000,303.363000,OK
4,10,adjacent,620,30,32,187,REV,E12,E11,E4,E5,21.004000,320.839000,OK
4,10,adjacent,620,30,32,188,FWD,E11,E12,E5,E6,-8.789000,304.241000,OK
4,10,adjacent,620,30,32,189,REV,E12,E11,E5,E6,-7.875000,319.882000,OK
4,10,adjacent,620,30,32,190,FWD,E11,E12,E6,E7,-42.242000,304.999000,OK
4,10,adjacent,620,30,32,191,REV,E12,E11,E6,E7,-41.391000,319.443000,OK
4,10,adjacent,620,30,32,192,FWD,E11,E12,E7,E8,24.641000,304.999000,OK
4,10,adjacent,620,30,32,193,REV,E12,E11,E7,E8,26.078000,319.483000,OK
4,10,adjacent,620,30,32,194,FWD,E11,E12,E8,E9,9.262000,305.837000,OK
4,10,adjacent,620,30,32,195,REV,E12,E11,E8,E9,11.520000,319.004000,OK
4,10,adjacent,620,30,32,196,FWD,E11,E12,E9,E10,-176.957000,305.597000,OK
4,10,adjacent,620,30,32,197,REV,E12,E11,E9,E10,-171.359000,319.084000,OK
4,10,adjacent,620,30,32,198,FWD,E12,E1,E2,E3,10.297000,277.268000,OK
4,10,adjacent,620,30,32,199,REV,E1,E12,E2,E3,24.391000,322.395000,OK
4,10,adjacent,620,30,32,200,FWD,E12,E1,E3,E4,11.910000,298.934000,OK
4,10,adjacent,620,30,32,201,REV,E1,E12,E3,E4,15.891000,318.844000,OK
4,10,adjacent,620,30,32,202,FWD,E12,E1,E4,E5,19.633000,300.969000,OK
4,10,adjacent,620,30,32,203,REV,E1,E12,E4,E5,21.375000,316.809000,OK
4,10,adjacent,620,30,32,204,FWD,E12,E1,E5,E6,-8.941000,302.126000,OK
4,10,adjacent,620,30,32,205,REV,E1,E12,E5,E6,-7.266000,316.291000,OK
4,10,adjacent,620,30,32,206,FWD,E12,E1,E6,E7,-42.508000,302.166000,OK
4,10,adjacent,620,30,32,207,REV,E1,E12,E6,E7,-41.297000,316.131000,OK
4,10,adjacent,620,30,32,208,FWD,E12,E1,E7,E8,24.574000,302.964000,OK
4,10,adjacent,620,30,32,209,REV,E1,E12,E7,E8,26.246000,315.931000,OK
4,10,adjacent,620,30,32,210,FWD,E12,E1,E8,E9,9.773000,303.123000,OK
4,10,adjacent,620,30,32,211,REV,E1,E12,E8,E9,12.023000,315.892000,OK
4,10,adjacent,620,30,32,212,FWD,E12,E1,E9,E10,-181.461000,304.001000,OK
4,10,adjacent,620,30,32,213,REV,E1,E12,E9,E10,-178.348000,315.612000,OK
4,10,adjacent,620,30,32,214,FWD,E12,E1,E10,E11,166.004000,303.602000,OK
4,10,adjacent,620,30,32,215,REV,E1,E12,E10,E11,176.086000,315.094000,OK
5,11,adjacent,620,30,32,0,FWD,E1,E2,E3,E4,10.438000,339.233000,OK
5,11,adjacent,620,30,32,1,REV,E2,E1,E3,E4,16.742000,316.690000,OK
5,11,adjacent,620,30,32,2,FWD,E1,E2,E4,E5,19.234000,356.111000,OK
5,11,adjacent,620,30,32,3,REV,E2,E1,E4,E5,21.379000,312.739000,OK
5,11,adjacent,620,30,32,4,FWD,E1,E2,E5,E6,-8.793000,358.465000,OK
5,11,adjacent,620,30,32,5,REV,E2,E1,E5,E6,-7.234000,312.500000,OK
5,11,adjacent,620,30,32,6,FWD,E1,E2,E6,E7,-42.574000,359.064000,OK
5,11,adjacent,620,30,32,7,REV,E2,E1,E6,E7,-41.613000,311.542000,OK
5,11,adjacent,620,30,32,8,FWD,E1,E2,E7,E8,24.855000,359.144000,OK
5,11,adjacent,620,30,32,9,REV,E2,E1,E7,E8,25.926000,311.263000,OK
5,11,adjacent,620,30,32,10,FWD,E1,E2,E8,E9,10.559000,359.303000,OK
5,11,adjacent,620,30,32,11,REV,E2,E1,E8,E9,11.734000,312.261000,OK
5,11,adjacent,620,30,32,12,FWD,E1,E2,E9,E10,-183.434000,359.343000,OK
5,11,adjacent,620,30,32,13,REV,E2,E1,E9,E10,-182.125000,311.223000,OK
5,11,adjacent,620,30,32,14,FWD,E1,E2,E10,E11,172.059000,358.984000,OK
5,11,adjacent,620,30,32,15,REV,E2,E1,E10,E11,174.980000,311.862000,OK
5,11,adjacent,620,30,32,16,FWD,E1,E2,E11,E12,7.887000,358.665000,OK
5,11,adjacent,620,30,32,17,REV,E2,E1,E11,E12,15.234000,312.181000,OK
5,11,adjacent,620,30,32,18,FWD,E2,E3,E4,E5,17.441000,307.832000,OK
5,11,adjacent,620,30,32,19,REV,E3,E2,E4,E5,23.609000,360.540000,OK
5,11,adjacent,620,30,32,20,FWD,E2,E3,E5,E6,-9.586000,334.485000,OK
5,11,adjacent,620,30,32,21,REV,E3,E2,E5,E6,-5.965000,355.433000,OK
5,11,adjacent,620,30,32,22,FWD,E2,E3,E6,E7,-43.004000,337.518000,OK
5,11,adjacent,620,30,32,23,REV,E3,E2,E6,E7,-41.270000,353.957000,OK
5,11,adjacent,620,30,32,24,FWD,E2,E3,E7,E8,24.734000,338.595000,OK
5,11,adjacent,620,30,32,25,REV,E3,E2,E7,E8,26.199000,353.398000,OK
5,11,adjacent,620,30,32,26,FWD,E2,E3,E8,E9,10.809000,338.635000,OK
5,11,adjacent,620,30,32,27,REV,E3,E2,E8,E9,12.051000,353.438000,OK
5,11,adjacent,620,30,32,28,FWD,E2,E3,E9,E10,-185.000000,339.034000,OK
5,11,adjacent,620,30,32,29,REV,E3,E2,E9,E10,-183.719000,353.797000,OK
5,11,adjacent,620,30,32,30,FWD,E2,E3,E10,E11,174.273000,339.153000,OK
5,11,adjacent,620,30,32,31,REV,E3,E2,E10,E11,176.414000,352.959000,OK
5,11,adjacent,620,30,32,32,FWD,E2,E3,E11,E12,9.094000,339.473000,OK
5,11,adjacent,620,30,32,33,REV,E3,E2,E11,E12,13.746000,352.480000,OK
5,11,adjacent,620,30,32,34,FWD,E2,E3,E12,E1,14.012000,340.191000,OK
5,11,adjacent,620,30,32,35,REV,E3,E2,E12,E1,29.738000,353.398000,OK
5,11,adjacent,620,30,32,36,FWD,E3,E4,E1,E2,-51.516000,332.969000,OK
5,11,adjacent,620,30,32,37,REV,E4,E3,E1,E2,-51.520000,393.538000,OK
5,11,adjacent,620,30,32,38,FWD,E3,E4,E5,E6,-11.289000,360.939000,OK
5,11,adjacent,620,30,32,39,REV,E4,E3,E5,E6,-3.848000,388.909000,OK
5,11,adjacent,620,30,32,40,FWD,E3,E4,E6,E7,-43.551000,363.812000,OK
5,11,adjacent,620,30,32,41,REV,E4,E3,E6,E7,-40.945000,388.031000,OK
5,11,adjacent,620,30,32,42,FWD,E3,E4,E7,E8,24.621000,364.809000,OK
5,11,adjacent,620,30,32,43,REV,E4,E3,E7,E8,26.367000,387.353000,OK
5,11,adjacent,620,30,32,44,FWD,E3,E4,E8,E9,10.984000,365.129000,OK
5,11,adjacent,620,30,32,45,REV,E4,E3,E8,E9,12.109000,387.114000,OK
5,11,adjacent,620,30,32,46,FWD,E3,E4,E9,E10,-186.141000,365.129000,OK
5,11,adjacent,620,30,32,47,REV,E4,E3,E9,E10,-185.250000,387.154000,OK
5,11,adjacent,620,30,32,48,FWD,E3,E4,E10,E11,176.199000,366.006000,OK
5,11,adjacent,620,30,32,49,REV,E4,E3,E10,E11,177.273000,386.914000,OK
5,11,adjacent,620,30,32,50,FWD,E3,E4,E11,E12,10.289000,365.807000,OK
5,11,adjacent,620,30,32,51,REV,E4,E3,E11,E12,12.000000,386.755000,OK
5,11,adjacent,620,30,32,52,FWD,E3,E4,E12,E1,19.500000,365.687000,OK
5,11,adjacent,620,30,32,53,REV,E4,E3,E12,E1,24.324000,386.635000,OK
5,11,adjacent,620,30,32,54,FWD,E4,E5,E1,E2,-62.742000,396.051000,OK
5,11,adjacent,620,30,32,55,REV,E5,E4,E1,E2,-59.953000,441.618000,OK
5,11,adjacent,620,30,32,56,FWD,E4,E5,E2,E3,13.852000,416.480000,OK
5,11,adjacent,620,30,32,57,REV,E5,E4,E2,E3,20.762000,437.308000,OK
5,11,adjacent,620,30,32,58,FWD,E4,E5,E6,E7,-45.891000,418.515000,OK
5,11,adjacent,620,30,32,59,REV,E5,E4,E6,E7,-38.746000,436.870000,OK
5,11,adjacent,620,30,32,60,FWD,E4,E5,E7,E8,23.687000,419.672000,OK
5,11,adjacent,620,30,32,61,REV,E5,E4,E7,E8,27.277000,436.870000,OK
5,11,adjacent,620,30,32,62,FWD,E4,E5,E8,E9,10.770000,419.313000,OK
5,11,adjacent,620,30,32,63,REV,E5,E4,E8,E9,12.590000,436.191000,OK
5,11,adjacent,620,30,32,64,FWD,E4,E5,E9,E10,-187.266000,419.433000,OK
5,11,adjacent,620,30,32,65,REV,E5,E4,E9,E10,-186.000000,436.630000,OK
5,11,adjacent,620,30,32,66,FWD,E4,E5,E10,E11,177.180000,419.712000,OK
5,11,adjacent,620,30,32,67,REV,E5,E4,E10,E11,178.172000,437.029000,OK
5,11,adjacent,620,30,32,68,FWD,E4,E5,E11,E12,10.414000,419.712000,OK
5,11,adjacent,620,30,32,69,REV,E5,E4,E11,E12,11.504000,436.231000,OK
5,11,adjacent,620,30,32,70,FWD,E4,E5,E12,E1,20.738000,420.111000,OK
5,11,adjacent,620,30,32,71,REV,E5,E4,E12,E1,23.164000,436.790000,OK
5,11,adjacent,620,30,32,72,FWD,E5,E6,E1,E2,-62.703000,380.690000,OK
5,11,adjacent,620,30,32,73,REV,E6,E5,E1,E2,-60.746000,404.630000,OK
5,11,adjacent,620,30,32,74,FWD,E5,E6,E2,E3,13.660000,402.037000,OK
5,11,adjacent,620,30,32,75,REV,E6,E5,E2,E3,17.902000,400.680000,OK
5,11,adjacent,620,30,32,76,FWD,E5,E6,E3,E4,11.426000,403.832000,OK
5,11,adjacent,620,30,32,77,REV,E6,E5,E3,E4,19.328000,399.762000,OK
5,11,adjacent,620,30,32,78,FWD,E5,E6,E7,E8,20.383000,404.710000,OK
5,11,adjacent,620,30,32,79,REV,E6,E5,E7,E8,30.492000,399.962000,OK
5,11,adjacent,620,30,32,80,FWD,E5,E6,E8,E9,9.617000,405.029000,OK
5,11,adjacent,620,30,32,81,REV,E6,E5,E8,E9,13.840000,399.722000,OK
5,11,adjacent,620,30,32,82,FWD,E5,E6,E9,E10,-188.594000,404.431000,OK
5,11,adjacent,620,30,32,83,REV,E6,E5,E9,E10,-186.121000,399.004000,OK
5,11,adjacent,620,30,32,84,FWD,E5,E6,E10,E11,177.629000,404.830000,OK
5,11,adjacent,620,30,32,85,REV,E6,E5,E10,E11,179.070000,399.523000,OK
5,11,adjacent,620,30,32,86,FWD,E5,E6,E11,E12,10.223000,405.508000,OK
5,11,adjacent,620,30,32,87,REV,E6,E5,E11,E12,11.461000,399.363000,OK
5,11,adjacent,620,30,32,88,FWD,E5,E6,E12,E1,20.871000,405.628000,OK
5,11,adjacent,620,30,32,89,REV,E6,E5,E12,E1,22.984000,399.323000,OK
5,11,adjacent,620,30,32,90,FWD,E6,E7,E1,E2,-62.348000,368.560000,OK
5,11,adjacent,620,30,32,91,REV,E7,E6,E1,E2,-61.262000,356.390000,OK
5,11,adjacent,620,30,32,92,FWD,E6,E7,E2,E3,15.078000,389.827000,OK
5,11,adjacent,620,30,32,93,REV,E7,E6,E2,E3,17.031000,352.760000,OK
5,11,adjacent,620,30,32,94,FWD,E6,E7,E3,E4,13.012000,391.343000,OK
5,11,adjacent,620,30,32,95,REV,E7,E6,E3,E4,15.641000,351.443000,OK
5,11,adjacent,620,30,32,96,FWD,E6,E7,E4,E5,17.051000,391.583000,OK
5,11,adjacent,620,30,32,97,REV,E7,E6,E4,E5,23.195000,351.722000,OK
5,11,adjacent,620,30,32,98,FWD,E6,E7,E8,E9,8.359000,392.101000,OK
5,11,adjacent,620,30,32,99,REV,E7,E6,E8,E9,14.848000,352.001000,OK
5,11,adjacent,620,30,32,100,FWD,E6,E7,E9,E10,-189.711000,391.782000,OK
5,11,adjacent,620,30,32,101,REV,E7,E6,E9,E10,-186.316000,352.161000,OK
5,11,adjacent,620,30,32,102,FWD,E6,E7,E10,E11,178.141000,392.101000,OK
5,11,adjacent,620,30,32,103,REV,E7,E6,E10,E11,179.687000,351.682000,OK
5,11,adjacent,620,30,32,104,FWD,E6,E7,E11,E12,10.191000,391.742000,OK
5,11,adjacent,620,30,32,105,REV,E7,E6,E11,E12,11.246000,352.281000,OK
5,11,adjacent,620,30,32,106,FWD,E6,E7,E12,E1,21.125000,392.341000,OK
5,11,adjacent,620,30,32,107,REV,E7,E6,E12,E1,22.617000,352.121000,OK
5,11,adjacent,620,30,32,108,FWD,E7,E8,E1,E2,-62.359000,300.131000,OK
5,11,adjacent,620,30,32,109,REV,E8,E7,E1,E2,-61.262000,346.495000,OK
5,11,adjacent,620,30,32,110,FWD,E7,E8,E2,E3,15.730000,317.887000,OK
5,11,adjacent,620,30,32,111,REV,E8,E7,E2,E3,17.211000,344.101000,OK
5,11,adjacent,620,30,32,112,FWD,E7,E8,E3,E4,13.379000,318.924000,OK
5,11,adjacent,620,30,32,113,REV,E8,E7,E3,E4,14.918000,342.904000,OK
5,11,adjacent,620,30,32,114,FWD,E7,E8,E4,E5,18.406000,319.004000,OK
5,11,adjacent,620,30,32,115,REV,E8,E7,E4,E5,21.191000,342.266000,OK
5,11,adjacent,620,30,32,116,FWD,E7,E8,E5,E6,-11.148000,319.762000,OK
5,11,adjacent,620,30,32,117,REV,E8,E7,E5,E6,-2.828000,343.024000,OK
5,11,adjacent,620,30,32,118,FWD,E7,E8,E9,E10,-192.250000,320.440000,OK
5,11,adjacent,620,30,32,119,REV,E8,E7,E9,E10,-184.102000,342.944000,OK
5,11,adjacent,620,30,32,120,FWD,E7,E8,E10,E11,177.961000,319.842000,OK
5,11,adjacent,620,30,32,121,REV,E8,E7,E10,E11,180.961000,342.385000,OK
5,11,adjacent,620,30,32,122,FWD,E7,E8,E11,E12,9.930000,320.241000,OK
5,11,adjacent,620,30,32,123,REV,E8,E7,E11,E12,11.539000,342.665000,OK
5,11,adjacent,620,30,32,124,FWD,E7,E8,E12,E1,20.727000,320.281000,OK
5,11,adjacent,620,30,32,125,REV,E8,E7,E12,E1,22.559000,342.705000,OK
5,11,adjacent,620,30,32,126,FWD,E8,E9,E1,E2,-62.043000,288.400000,OK
5,11,adjacent,620,30,32,127,REV,E9,E8,E1,E2,-60.996000,330.455000,OK
5,11,adjacent,620,30,32,128,FWD,E8,E9,E2,E3,16.000000,309.228000,OK
5,11,adjacent,620,30,32,129,REV,E9,E8,E2,E3,17.133000,326.705000,OK
5,11,adjacent,620,30,32,130,FWD,E8,E9,E3,E4,13.508000,311.542000,OK
5,11,adjacent,620,30,32,131,REV,E9,E8,E3,E4,14.453000,325.109000,OK
5,11,adjacent,620,30,32,132,FWD,E8,E9,E4,E5,19.375000,312.141000,OK
5,11,adjacent,620,30,32,133,REV,E9,E8,E4,E5,20.738000,324.390000,OK
5,11,adjacent,620,30,32,134,FWD,E8,E9,E5,E6,-8.824000,312.420000,OK
5,11,adjacent,620,30,32,135,REV,E9,E8,E5,E6,-5.488000,324.829000,OK
5,11,adjacent,620,30,32,136,FWD,E8,E9,E6,E7,-45.043000,313.418000,OK
5,11,adjacent,620,30,32,137,REV,E9,E8,E6,E7,-39.566000,324.151000,OK
5,11,adjacent,620,30,32,138,FWD,E8,E9,E10,E11,176.613000,313.178000,OK
5,11,adjacent,620,30,32,139,REV,E9,E8,E10,E11,182.305000,323.672000,OK
5,11,adjacent,620,30,32,140,FWD,E8,E9,E11,E12,9.547000,313.178000,OK
5,11,adjacent,620,30,32,141,REV,E9,E8,E11,E12,11.871000,323.632000,OK
5,11,adjacent,620,30,32,142,FWD,E8,E9,E12,E1,20.352000,313.418000,OK
5,11,adjacent,620,30,32,143,REV,E9,E8,E12,E1,22.598000,323.832000,OK
5,11,adjacent,620,30,32,144,FWD,E9,E10,E1,E2,-62.414000,441.817000,OK
5,11,adjacent,620,30,32,145,REV,E10,E9,E1,E2,-60.820000,306.276000,OK
5,11,adjacent,620,30,32,146,FWD,E9,E10,E2,E3,15.746000,459.733000,OK
5,11,adjacent,620,30,32,147,REV,E10,E9,E2,E3,17.223000,306.555000,OK
5,11,adjacent,620,30,32,148,FWD,E9,E10,E3,E4,13.316000,459.333000,OK
5,11,adjacent,620,30,32,149,REV,E10,E9,E3,E4,14.254000,308.550000,OK
5,11,adjacent,620,30,32,150,FWD,E9,E10,E4,E5,19.402000,458.017000,OK
5,11,adjacent,620,30,32,151,REV,E10,E9,E4,E5,20.484000,310.106000,OK
5,11,adjacent,620,30,32,152,FWD,E9,E10,E5,E6,-8.383000,456.700000,OK
5,11,adjacent,620,30,32,153,REV,E10,E9,E5,E6,-6.109000,311.143000,OK
5,11,adjacent,620,30,32,154,FWD,E9,E10,E6,E7,-44.645000,455.942000,OK
5,11,adjacent,620,30,32,155,REV,E10,E9,E6,E7,-41.309000,312.620000,OK
5,11,adjacent,620,30,32,156,FWD,E9,E10,E7,E8,19.391000,455.224000,OK
5,11,adjacent,620,30,32,157,REV,E10,E9,E7,E8,28.457000,312.939000,OK
5,11,adjacent,620,30,32,158,FWD,E9,E10,E11,E12,6.176000,454.266000,OK
5,11,adjacent,620,30,32,159,REV,E10,E9,E11,E12,13.465000,313.697000,OK
5,11,adjacent,620,30,32,160,FWD,E9,E10,E12,E1,19.051000,453.548000,OK
5,11,adjacent,620,30,32,161,REV,E10,E9,E12,E1,22.918000,314.575000,OK
5,11,adjacent,620,30,32,162,FWD,E10,E11,E1,E2,-62.387000,242.036000,OK
5,11,adjacent,620,30,32,163,REV,E11,E10,E1,E2,-59.574000,448.840000,OK
5,11,adjacent,620,30,32,164,FWD,E10,E11,E2,E3,15.859000,295.662000,OK
5,11,adjacent,620,30,32,165,REV,E11,E10,E2,E3,17.930000,436.231000,OK
5,11,adjacent,620,30,32,166,FWD,E10,E11,E3,E4,13.496000,302.246000,OK
5,11,adjacent,620,30,32,167,REV,E11,E10,E3,E4,14.473000,432.600000,OK
5,11,adjacent,620,30,32,168,FWD,E10,E11,E4,E5,19.801000,305.358000,OK
5,11,adjacent,620,30,32,169,REV,E11,E10,E4,E5,20.562000,431.084000,OK
5,11,adjacent,620,30,32,170,FWD,E10,E11,E5,E6,-7.367000,306.435000,OK
5,11,adjacent,620,30,32,171,REV,E11,E10,E5,E6,-6.168000,429.887000,OK
5,11,adjacent,620,30,32,172,FWD,E10,E11,E6,E7,-43.332000,307.273000,OK
5,11,adjacent,620,30,32,173,REV,E11,E10,E6,E7,-41.945000,429.129000,OK
5,11,adjacent,620,30,32,174,FWD,E10,E11,E7,E8,23.805000,307.911000,OK
5,11,adjacent,620,30,32,175,REV,E11,E10,E7,E8,26.812000,428.929000,OK
5,11,adjacent,620,30,32,176,FWD,E10,E11,E8,E9,6.785000,308.789000,OK
5,11,adjacent,620,30,32,177,REV,E11,E10,E8,E9,13.000000,428.052000,OK
5,11,adjacent,620,30,32,178,FWD,E10,E11,E12,E1,17.043000,309.308000,OK
5,11,adjacent,620,30,32,179,REV,E11,E10,E12,E1,27.992000,428.650000,OK
5,11,adjacent,620,30,32,180,FWD,E11,E12,E1,E2,-64.184000,261.268000,OK
5,11,adjacent,620,30,32,181,REV,E12,E11,E1,E2,-57.637000,331.532000,OK
5,11,adjacent,620,30,32,182,FWD,E11,E12,E2,E3,14.660000,298.016000,OK
5,11,adjacent,620,30,32,183,REV,E12,E11,E2,E3,18.797000,323.153000,OK
5,11,adjacent,620,30,32,184,FWD,E11,E12,E3,E4,13.098000,301.687000,OK
5,11,adjacent,620,30,32,185,REV,E12,E11,E3,E4,14.504000,320.959000,OK
5,11,adjacent,620,30,32,186,FWD,E11,E12,E4,E5,19.758000,303.443000,OK
5,11,adjacent,620,30,32,187,REV,E12,E11,E4,E5,20.523000,320.281000,OK
5,11,adjacent,620,30,32,188,FWD,E11,E12,E5,E6,-7.258000,304.640000,OK
5,11,adjacent,620,30,32,189,REV,E12,E11,E5,E6,-6.316000,319.882000,OK
5,11,adjacent,620,30,32,190,FWD,E11,E12,E6,E7,-43.305000,304.560000,OK
5,11,adjacent,620,30,32,191,REV,E12,E11,E6,E7,-42.492000,319.163000,OK
5,11,adjacent,620,30,32,192,FWD,E11,E12,E7,E8,24.383000,304.839000,OK
5,11,adjacent,620,30,32,193,REV,E12,E11,E7,E8,25.812000,319.403000,OK
5,11,adjacent,620,30,32,194,FWD,E11,E12,E8,E9,9.527000,304.799000,OK
5,11,adjacent,620,30,32,195,REV,E12,E11,E8,E9,11.777000,318.645000,OK
5,11,adjacent,620,30,32,196,FWD,E11,E12,E9,E10,-176.187000,304.999000,OK
5,11,adjacent,620,30,32,197,REV,E12,E11,E9,E10,-170.539000,318.764000,OK
5,11,adjacent,620,30,32,198,FWD,E12,E1,E2,E3,9.922000,277.547000,OK
5,11,adjacent,620,30,32,199,REV,E1,E12,E2,E3,24.004000,321.956000,OK
5,11,adjacent,620,30,32,200,FWD,E12,E1,E3,E4,11.762000,299.373000,OK
5,11,adjacent,620,30,32,201,REV,E1,E12,E3,E4,15.742000,317.727000,OK
5,11,adjacent,620,30,32,202,FWD,E12,E1,E4,E5,19.250000,301.049000,OK
5,11,adjacent,620,30,32,203,REV,E1,E12,E4,E5,20.996000,316.490000,OK
5,11,adjacent,620,30,32,204,FWD,E12,E1,E5,E6,-7.488000,301.887000,OK
5,11,adjacent,620,30,32,205,REV,E1,E12,E5,E6,-5.863000,316.091000,OK
5,11,adjacent,620,30,32,206,FWD,E12,E1,E6,E7,-43.605000,302.804000,OK
5,11,adjacent,620,30,32,207,REV,E1,E12,E6,E7,-42.371000,315.413000,OK
5,11,adjacent,620,30,32,208,FWD,E12,E1,E7,E8,24.258000,302.565000,OK
5,11,adjacent,620,30,32,209,REV,E1,E12,E7,E8,25.961000,315.293000,OK
5,11,adjacent,620,30,32,210,FWD,E12,E1,E8,E9,10.023000,302.684000,OK
5,11,adjacent,620,30,32,211,REV,E1,E12,E8,E9,12.238000,315.253000,OK
5,11,adjacent,620,30,32,212,FWD,E12,E1,E9,E10,-180.234000,303.363000,OK
5,11,adjacent,620,30,32,213,REV,E1,E12,E9,E10,-177.102000,315.453000,OK
5,11,adjacent,620,30,32,214,FWD,E12,E1,E10,E11,164.441000,303.443000,OK
5,11,adjacent,620,30,32,215,REV,E1,E12,E10,E11,174.445000,315.054000,OK
6,12,adjacent,620,30,32,0,FWD,E1,E2,E3,E4,10.313000,338.834000,OK
6,12,adjacent,620,30,32,1,REV,E2,E1,E3,E4,16.516000,316.410000,OK
6,12,adjacent,620,30,32,2,FWD,E1,E2,E4,E5,18.902000,356.151000,OK
6,12,adjacent,620,30,32,3,REV,E2,E1,E4,E5,21.105000,312.699000,OK
6,12,adjacent,620,30,32,4,FWD,E1,E2,E5,E6,-7.520000,358.026000,OK
6,12,adjacent,620,30,32,5,REV,E2,E1,E5,E6,-5.875000,312.580000,OK
6,12,adjacent,620,30,32,6,FWD,E1,E2,E6,E7,-43.605000,358.705000,OK
6,12,adjacent,620,30,32,7,REV,E2,E1,E6,E7,-42.621000,312.380000,OK
6,12,adjacent,620,30,32,8,FWD,E1,E2,E7,E8,24.555000,357.986000,OK
6,12,adjacent,620,30,32,9,REV,E2,E1,E7,E8,25.660000,311.981000,OK
6,12,adjacent,620,30,32,10,FWD,E1,E2,E8,E9,10.758000,358.266000,OK
6,12,adjacent,620,30,32,11,REV,E2,E1,E8,E9,11.918000,312.460000,OK
6,12,adjacent,620,30,32,12,FWD,E1,E2,E9,E10,-181.961000,358.705000,OK
6,12,adjacent,620,30,32,13,REV,E2,E1,E9,E10,-180.613000,311.901000,OK
6,12,adjacent,620,30,32,14,FWD,E1,E2,E10,E11,170.270000,358.186000,OK
6,12,adjacent,620,30,32,15,REV,E2,E1,E10,E11,173.195000,312.021000,OK
6,12,adjacent,620,30,32,16,FWD,E1,E2,E11,E12,8.313000,358.625000,OK
6,12,adjacent,620,30,32,17,REV,E2,E1,E11,E12,15.660000,312.141000,OK
6,12,adjacent,620,30,32,18,FWD,E2,E3,E4,E5,17.160000,308.191000,OK
6,12,adjacent,620,30,32,19,REV,E3,E2,E4,E5,23.312000,360.779000,OK
6,12,adjacent,620,30,32,20,FWD,E2,E3,E5,E6,-8.332000,334.764000,OK
6,12,adjacent,620,30,32,21,REV,E3,E2,E5,E6,-4.750000,355.233000,OK
6,12,adjacent,620,30,32,22,FWD,E2,E3,E6,E7,-43.992000,337.158000,OK
6,12,adjacent,620,30,32,23,REV,E3,E2,E6,E7,-42.246000,353.677000,OK
6,12,adjacent,620,30,32,24,FWD,E2,E3,E7,E8,24.484000,338.435000,OK
6,12,adjacent,620,30,32,25,REV,E3,E2,E7,E8,25.973000,353.278000,OK
6,12,adjacent,620,30,32,26,FWD,E2,E3,E8,E9,10.914000,338.994000,OK
6,12,adjacent,620,30,32,27,REV,E3,E2,E8,E9,12.191000,352.839000,OK
6,12,adjacent,620,30,32,28,FWD,E2,E3,E9,E10,-183.508000,338.954000,OK
6,12,adjacent,620,30,32,29,REV,E3,E2,E9,E10,-182.215000,352.879000,OK
6,12,adjacent,620,30,32,30,FWD,E2,E3,E10,E11,172.523000,339.792000,OK
6,12,adjacent,620,30,32,31,REV,E3,E2,E10,E11,174.672000,353.438000,OK
6,12,adjacent,620,30,32,32,FWD,E2,E3,E11,E12,9.438000,339.632000,OK
6,12,adjacent,620,30,32,33,REV,E3,E2,E11,E12,14.098000,353.198000,OK
6,12,adjacent,620,30,32,34,FWD,E2,E3,E12,E1,13.211000,339.792000,OK
6,12,adjacent,620,30,32,35,REV,E3,E2,E12,E1,28.945000,353.039000,OK
6,12,adjacent,620,30,32,36,FWD,E3,E4,E1,E2,-50.367000,333.368000,OK
6,12,adjacent,620,30,32,37,REV,E4,E3,E1,E2,-50.434000,393.697000,OK
6,12,adjacent,620,30,32,38,FWD,E3,E4,E5,E6,-10.109000,361.657000,OK
6,12,adjacent,620,30,32,39,REV,E4,E3,E5,E6,-2.637000,387.992000,OK
6,12,adjacent,620,30,32,40,FWD,E3,E4,E6,E7,-44.563000,364.291000,OK
6,12,adjacent,620,30,32,41,REV,E4,E3,E6,E7,-41.910000,387.273000,OK
6,12,adjacent,620,30,32,42,FWD,E3,E4,E7,E8,24.434000,364.610000,OK
6,12,adjacent,620,30,32,43,REV,E4,E3,E7,E8,26.176000,387.154000,OK
6,12,adjacent,620,30,32,44,FWD,E3,E4,E8,E9,11.195000,365.528000,OK
6,12,adjacent,620,30,32,45,REV,E4,E3,E8,E9,12.367000,387.114000,OK
6,12,adjacent,620,30,32,46,FWD,E3,E4,E9,E10,-184.805000,365.767000,OK
6,12,adjacent,620,30,32,47,REV,E4,E3,E9,E10,-183.883000,386.595000,OK
6,12,adjacent,620,30,32,48,FWD,E3,E4,E10,E11,174.516000,366.366000,OK
6,12,adjacent,620,30,32,49,REV,E4,E3,E10,E11,175.594000,386.276000,OK
6,12,adjacent,620,30,32,50,FWD,E3,E4,E11,E12,10.594000,366.166000,OK
6,12,adjacent,620,30,32,51,REV,E4,E3,E11,E12,12.344000,386.156000,OK
6,12,adjacent,620,30,32,52,FWD,E3,E4,E12,E1,18.781000,366.206000,OK
6,12,adjacent,620,30,32,53,REV,E4,E3,E12,E1,23.625000,386.116000,OK
6,12,adjacent,620,30,32,54,FWD,E4,E5,E1,E2,-61.715000,395.932000,OK
6,12,adjacent,620,30,32,55,REV,E5,E4,E1,E2,-58.926000,440.979000,OK
6,12,adjacent,620,30,32,56,FWD,E4,E5,E2,E3,14.660000,416.720000,OK
6,12,adjacent,620,30,32,57,REV,E5,E4,E2,E3,21.512000,437.867000,OK
6,12,adjacent,620,30,32,58,FWD,E4,E5,E6,E7,-46.906000,418.436000,OK
6,12,adjacent,620,30,32,59,REV,E5,E4,E6,E7,-39.754000,437.029000,OK
6,12,adjacent,620,30,32,60,FWD,E4,E5,E7,E8,23.539000,418.954000,OK
6,12,adjacent,620,30,32,61,REV,E5,E4,E7,E8,27.133000,436.630000,OK
6,12,adjacent,620,30,32,62,FWD,E4,E5,E8,E9,10.969000,419.313000,OK
6,12,adjacent,620,30,32,63,REV,E5,E4,E8,E9,12.793000,436.670000,OK
6,12,adjacent,620,30,32,64,FWD,E4,E5,E9,E10,-185.855000,419.473000,OK
6,12,adjacent,620,30,32,65,REV,E5,E4,E9,E10,-184.637000,436.271000,OK
6,12,adjacent,620,30,32,66,FWD,E4,E5,E10,E11,175.512000,419.273000,OK
6,12,adjacent,620,30,32,67,REV,E5,E4,E10,E11,176.480000,436.231000,OK
6,12,adjacent,620,30,32,68,FWD,E4,E5,E11,E12,10.668000,419.832000,OK
6,12,adjacent,620,30,32,69,REV,E5,E4,E11,E12,11.793000,436.870000,OK
6,12,adjacent,620,30,32,70,FWD,E4,E5,E12,E1,20.008000,419.513000,OK
6,12,adjacent,620,30,32,71,REV,E5,E4,E12,E1,22.457000,436.510000,OK
6,12,adjacent,620,30,32,72,FWD,E5,E6,E1,E2,-61.734000,379.293000,OK
6,12,adjacent,620,30,32,73,REV,E6,E5,E1,E2,-59.801000,405.268000,OK
6,12,adjacent,620,30,32,74,FWD,E5,E6,E2,E3,14.422000,401.438000,OK
6,12,adjacent,620,30,32,75,REV,E6,E5,E2,E3,18.691000,401.039000,OK
6,12,adjacent,620,30,32,76,FWD,E5,E6,E3,E4,10.426000,403.074000,OK
6,12,adjacent,620,30,32,77,REV,E6,E5,E3,E4,18.332000,400.520000,OK
6,12,adjacent,620,30,32,78,FWD,E5,E6,E7,E8,20.223000,403.473000,OK
6,12,adjacent,620,30,32,79,REV,E6,E5,E7,E8,30.344000,400.002000,OK
6,12,adjacent,620,30,32,80,FWD,E5,E6,E8,E9,9.785000,404.790000,OK
6,12,adjacent,620,30,32,81,REV,E6,E5,E8,E9,14.047000,399.642000,OK
6,12,adjacent,620,30,32,82,FWD,E5,E6,E9,E10,-187.246000,405.189000,OK
6,12,adjacent,620,30,32,83,REV,E6,E5,E9,E10,-184.758000,399.842000,OK
6,12,adjacent,620,30,32,84,FWD,E5,E6,E10,E11,176.098000,404.830000,OK
6,12,adjacent,620,30,32,85,REV,E6,E5,E10,E11,177.535000,400.081000,OK
6,12,adjacent,620,30,32,86,FWD,E5,E6,E11,E12,10.465000,405.069000,OK
6,12,adjacent,620,30,32,87,REV,E6,E5,E11,E12,11.676000,399.762000,OK
6,12,adjacent,620,30,32,88,FWD,E5,E6,E12,E1,20.262000,405.189000,OK
6,12,adjacent,620,30,32,89,REV,E6,E5,E12,E1,22.371000,399.802000,OK
6,12,adjacent,620,30,32,90,FWD,E6,E7,E1,E2,-61.605000,369.398000,OK
6,12,adjacent,620,30,32,91,REV,E7,E6,E1,E2,-60.504000,355.752000,OK
6,12,adjacent,620,30,32,92,FWD,E6,E7,E2,E3,15.809000,390.186000,OK
6,12,adjacent,620,30,32,93,REV,E7,E6,E2,E3,17.746000,352.121000,OK
6,12,adjacent,620,30,32,94,FWD,E6,E7,E3,E4,12.223000,391.263000,OK
6,12,adjacent,620,30,32,95,REV,E7,E6,E3,E4,14.836000,351.323000,OK
6,12,adjacent,620,30,32,96,FWD,E6,E7,E4,E5,16.832000,391.423000,OK
6,12,adjacent,620,30,32,97,REV,E7,E6,E4,E5,22.930000,351.762000,OK
6,12,adjacent,620,30,32,98,FWD,E6,E7,E8,E9,8.609000,390.944000,OK
6,12,adjacent,620,30,32,99,REV,E7,E6,E8,E9,15.094000,351.403000,OK
6,12,adjacent,620,30,32,100,FWD,E6,E7,E9,E10,-188.422000,391.822000,OK
6,12,adjacent,620,30,32,101,REV,E7,E6,E9,E10,-185.074000,352.161000,OK
6,12,adjacent,620,30,32,102,FWD,E6,E7,E10,E11,176.633000,392.141000,OK
6,12,adjacent,620,30,32,103,REV,E7,E6,E10,E11,178.191000,352.121000,OK
6,12,adjacent,620,30,32,104,FWD,E6,E7,E11,E12,10.445000,391.822000,OK
6,12,adjacent,620,30,32,105,REV,E7,E6,E11,E12,11.465000,351.084000,OK
6,12,adjacent,620,30,32,106,FWD,E6,E7,E12,E1,20.672000,392.141000,OK
6,12,adjacent,620,30,32,107,REV,E7,E6,E12,E1,22.145000,351.403000,OK
6,12,adjacent,620,30,32,108,FWD,E7,E8,E1,E2,-61.750000,300.929000,OK
6,12,adjacent,620,30,32,109,REV,E8,E7,E1,E2,-60.656000,345.897000,OK
6,12,adjacent,620,30,32,110,FWD,E7,E8,E2,E3,16.340000,317.408000,OK
6,12,adjacent,620,30,32,111,REV,E8,E7,E2,E3,17.773000,343.303000,OK
6,12,adjacent,620,30,32,112,FWD,E7,E8,E3,E4,12.723000,319.443000,OK
6,12,adjacent,620,30,32,113,REV,E8,E7,E3,E4,14.250000,342.385000,OK
6,12,adjacent,620,30,32,114,FWD,E7,E8,E4,E5,18.344000,319.802000,OK
6,12,adjacent,620,30,32,115,REV,E8,E7,E4,E5,21.125000,342.186000,OK
6,12,adjacent,620,30,32,116,FWD,E7,E8,E5,E6,-10.355000,319.642000,OK
6,12,adjacent,620,30,32,117,REV,E8,E7,E5,E6,-2.000000,342.146000,OK
6,12,adjacent,620,30,32,118,FWD,E7,E8,E9,E10,-191.090000,319.882000,OK
6,12,adjacent,620,30,32,119,REV,E8,E7,E9,E10,-182.949000,342.465000,OK
6,12,adjacent,620,30,32,120,FWD,E7,E8,E10,E11,176.625000,320.360000,OK
6,12,adjacent,620,30,32,121,REV,E8,E7,E10,E11,179.609000,342.106000,OK
6,12,adjacent,620,30,32,122,FWD,E7,E8,E11,E12,10.117000,320.560000,OK
6,12,adjacent,620,30,32,123,REV,E8,E7,E11,E12,11.711000,341.986000,OK
6,12,adjacent,620,30,32,124,FWD,E7,E8,E12,E1,20.687000,319.842000,OK
6,12,adjacent,620,30,32,125,REV,E8,E7,E12,E1,22.484000,341.986000,OK
6,12,adjacent,620,30,32,126,FWD,E8,E9,E1,E2,-61.891000,287.921000,OK
6,12,adjacent,620,30,32,127,REV,E9,E8,E1,E2,-60.797000,330.575000,OK
6,12,adjacent,620,30,32,128,FWD,E8,E9,E2,E3,16.559000,309.188000,OK
6,12,adjacent,620,30,32,129,REV,E9,E8,E2,E3,17.754000,326.146000,OK
6,12,adjacent,620,30,32,130,FWD,E8,E9,E3,E4,12.930000,310.744000,OK
6,12,adjacent,620,30,32,131,REV,E9,E8,E3,E4,13.875000,324.949000,OK
6,12,adjacent,620,30,32,132,FWD,E8,E9,E4,E5,18.906000,311.742000,OK
6,12,adjacent,620,30,32,133,REV,E9,E8,E4,E5,20.254000,324.470000,OK
6,12,adjacent,620,30,32,134,FWD,E8,E9,E5,E6,-7.828000,312.301000,OK
6,12,adjacent,620,30,32,135,REV,E9,E8,E5,E6,-4.492000,323.353000,OK
6,12,adjacent,620,30,32,136,FWD,E8,E9,E6,E7,-45.734000,312.380000,OK
6,12,adjacent,620,30,32,137,REV,E9,E8,E6,E7,-40.258000,323.912000,OK
6,12,adjacent,620,30,32,138,FWD,E8,E9,E10,E11,175.699000,312.380000,OK
6,12,adjacent,620,30,32,139,REV,E9,E8,E10,E11,181.281000,323.991000,OK
6,12,adjacent,620,30,32,140,FWD,E8,E9,E11,E12,9.648000,312.500000,OK
6,12,adjacent,620,30,32,141,REV,E9,E8,E11,E12,11.961000,323.712000,OK
6,12,adjacent,620,30,32,142,FWD,E8,E9,E12,E1,20.527000,312.819000,OK
6,12,adjacent,620,30,32,143,REV,E9,E8,E12,E1,22.777000,323.792000,OK
6,12,adjacent,620,30,32,144,FWD,E9,E10,E1,E2,-62.512000,440.421000,OK
6,12,adjacent,620,30,32,145,REV,E10,E9,E1,E2,-60.934000,306.754000,OK
6,12,adjacent,620,30,32,146,FWD,E9,E10,E2,E3,16.406000,459.294000,OK
6,12,adjacent,620,30,32,147,REV,E10,E9,E2,E3,17.875000,307.473000,OK
6,12,adjacent,620,30,32,148,FWD,E9,E10,E3,E4,12.742000,457.977000,OK
6,12,adjacent,620,30,32,149,REV,E10,E9,E3,E4,13.699000,309.468000,OK
6,12,adjacent,620,30,32,150,FWD,E9,E10,E4,E5,18.883000,457.139000,OK
6,12,adjacent,620,30,32,151,REV,E10,E9,E4,E5,19.961000,310.665000,OK
6,12,adjacent,620,30,32,152,FWD,E9,E10,E5,E6,-7.469000,455.982000,OK
6,12,adjacent,620,30,32,153,REV,E10,E9,E5,E6,-5.168000,311.742000,OK
6,12,adjacent,620,30,32,154,FWD,E9,E10,E6,E7,-45.313000,455.543000,OK
6,12,adjacent,620,30,32,155,REV,E10,E9,E6,E7,-41.957000,312.899000,OK
6,12,adjacent,620,30,32,156,FWD,E9,E10,E7,E8,19.176000,454.625000,OK
6,12,adjacent,620,30,32,157,REV,E10,E9,E7,E8,28.164000,312.580000,OK
6,12,adjacent,620,30,32,158,FWD,E9,E10,E11,E12,6.039000,454.027000,OK
6,12,adjacent,620,30,32,159,REV,E10,E9,E11,E12,13.289000,313.258000,OK
6,12,adjacent,620,30,32,160,FWD,E9,E10,E12,E1,19.316000,454.346000,OK
6,12,adjacent,620,30,32,161,REV,E10,E9,E12,E1,23.199000,314.535000,OK
6,12,adjacent,620,30,32,162,FWD,E10,E11,E1,E2,-62.684000,242.594000,OK
6,12,adjacent,620,30,32,163,REV,E11,E10,E1,E2,-59.902000,448.401000,OK
6,12,adjacent,620,30,32,164,FWD,E10,E11,E2,E3,16.598000,296.300000,OK
6,12,adjacent,620,30,32,165,REV,E11,E10,E2,E3,18.684000,435.234000,OK
6,12,adjacent,620,30,32,166,FWD,E10,E11,E3,E4,12.863000,302.924000,OK
6,12,adjacent,620,30,32,167,REV,E11,E10,E3,E4,13.828000,431.842000,OK
6,12,adjacent,620,30,32,168,FWD,E10,E11,E4,E5,19.270000,305.198000,OK
6,12,adjacent,620,30,32,169,REV,E11,E10,E4,E5,20.023000,430.126000,OK
6,12,adjacent,620,30,32,170,FWD,E10,E11,E5,E6,-6.477000,306.754000,OK
6,12,adjacent,620,30,32,171,REV,E11,E10,E5,E6,-5.281000,429.009000,OK
6,12,adjacent,620,30,32,172,FWD,E10,E11,E6,E7,-43.965000,307.712000,OK
6,12,adjacent,620,30,32,173,REV,E11,E10,E6,E7,-42.543000,428.810000,OK
6,12,adjacent,620,30,32,174,FWD,E10,E11,E7,E8,23.582000,308.231000,OK
6,12,adjacent,620,30,32,175,REV,E11,E10,E7,E8,26.570000,428.371000,OK
6,12,adjacent,620,30,32,176,FWD,E10,E11,E8,E9,7.105000,308.350000,OK
6,12,adjacent,620,30,32,177,REV,E11,E10,E8,E9,13.313000,427.892000,OK
6,12,adjacent,620,30,32,178,FWD,E10,E11,E12,E1,17.387000,309.468000,OK
6,12,adjacent,620,30,32,179,REV,E11,E10,E12,E1,28.332000,427.653000,OK
6,12,adjacent,620,30,32,180,FWD,E11,E12,E1,E2,-64.785000,260.270000,OK
6,12,adjacent,620,30,32,181,REV,E12,E11,E1,E2,-58.227000,331.652000,OK
6,12,adjacent,620,30,32,182,FWD,E11,E12,E2,E3,15.664000,297.059000,OK
6,12,adjacent,620,30,32,183,REV,E12,E11,E2,E3,19.715000,322.675000,OK
6,12,adjacent,620,30,32,184,FWD,E11,E12,E3,E4,12.359000,301.448000,OK
6,12,adjacent,620,30,32,185,REV,E12,E11,E3,E4,13.746000,321.358000,OK
6,12,adjacent,620,30,32,186,FWD,E11,E12,E4,E5,19.422000,302.964000,OK
6,12,adjacent,620,30,32,187,REV,E12,E11,E4,E5,20.250000,320.560000,OK
6,12,adjacent,620,30,32,188,FWD,E11,E12,E5,E6,-6.398000,303.363000,OK
6,12,adjacent,620,30,32,189,REV,E12,E11,E5,E6,-5.488000,319.802000,OK
6,12,adjacent,620,30,32,190,FWD,E11,E12,E6,E7,-43.836000,304.201000,OK
6,12,adjacent,620,30,32,191,REV,E12,E11,E6,E7,-42.977000,319.562000,OK
6,12,adjacent,620,30,32,192,FWD,E11,E12,E7,E8,24.121000,304.719000,OK
6,12,adjacent,620,30,32,193,REV,E12,E11,E7,E8,25.566000,319.403000,OK
6,12,adjacent,620,30,32,194,FWD,E11,E12,E8,E9,9.855000,305.158000,OK
6,12,adjacent,620,30,32,195,REV,E12,E11,E8,E9,12.133000,318.645000,OK
6,12,adjacent,620,30,32,196,FWD,E11,E12,E9,E10,-176.305000,304.959000,OK
6,12,adjacent,620,30,32,197,REV,E12,E11,E9,E10,-170.711000,318.764000,OK
6,12,adjacent,620,30,32,198,FWD,E12,E1,E2,E3,10.902000,277.348000,OK
6,12,adjacent,620,30,32,199,REV,E1,E12,E2,E3,24.973000,322.276000,OK
6,12,adjacent,620,30,32,200,FWD,E12,E1,E3,E4,10.918000,298.615000,OK
6,12,adjacent,620,30,32,201,REV,E1,E12,E3,E4,14.879000,317.527000,OK
6,12,adjacent,620,30,32,202,FWD,E12,E1,E4,E5,19.156000,300.689000,OK
6,12,adjacent,620,30,32,203,REV,E1,E12,E4,E5,20.887000,316.330000,OK
6,12,adjacent,620,30,32,204,FWD,E12,E1,E5,E6,-6.770000,302.086000,OK
6,12,adjacent,620,30,32,205,REV,E1,E12,E5,E6,-5.137000,315.572000,OK
6,12,adjacent,620,30,32,206,FWD,E12,E1,E6,E7,-44.109000,302.006000,OK
6,12,adjacent,620,30,32,207,REV,E1,E12,E6,E7,-42.887000,315.572000,OK
6,12,adjacent,620,30,32,208,FWD,E12,E1,E7,E8,24.000000,302.525000,OK
6,12,adjacent,620,30,32,209,REV,E1,E12,E7,E8,25.625000,315.692000,OK
6,12,adjacent,620,30,32,210,FWD,E12,E1,E8,E9,10.340000,303.283000,OK
6,12,adjacent,620,30,32,211,REV,E1,E12,E8,E9,12.555000,315.413000,OK
6,12,adjacent,620,30,32,212,FWD,E12,E1,E9,E10,-180.367000,302.964000,OK
6,12,adjacent,620,30,32,213,REV,E1,E12,E9,E10,-177.320000,315.253000,OK
6,12,adjacent,620,30,32,214,FWD,E12,E1,E10,E11,164.703000,303.004000,OK
6,12,adjacent,620,30,32,215,REV,E1,E12,E10,E11,174.770000,314.455000,OK
7,13,adjacent,620,30,32,0,FWD,E1,E2,E3,E4,9.340000,338.715000,OK
7,13,adjacent,620,30,32,1,REV,E2,E1,E3,E4,15.602000,315.772000,OK
7,13,adjacent,620,30,32,2,FWD,E1,E2,E4,E5,19.016000,356.271000,OK
7,13,adjacent,620,30,32,3,REV,E2,E1,E4,E5,21.211000,312.540000,OK
7,13,adjacent,620,30,32,4,FWD,E1,E2,E5,E6,-6.871000,358.186000,OK
7,13,adjacent,620,30,32,5,REV,E2,E1,E5,E6,-5.238000,312.221000,OK
7,13,adjacent,620,30,32,6,FWD,E1,E2,E6,E7,-43.992000,358.026000,OK
7,13,adjacent,620,30,32,7,REV,E2,E1,E6,E7,-43.004000,310.984000,OK
7,13,adjacent,620,30,32,8,FWD,E1,E2,E7,E8,24.238000,358.346000,OK
7,13,adjacent,620,30,32,9,REV,E2,E1,E7,E8,25.340000,311.383000,OK
7,13,adjacent,620,30,32,10,FWD,E1,E2,E8,E9,11.094000,358.904000,OK
7,13,adjacent,620,30,32,11,REV,E2,E1,E8,E9,12.242000,311.582000,OK
7,13,adjacent,620,30,32,12,FWD,E1,E2,E9,E10,-182.359000,358.625000,OK
7,13,adjacent,620,30,32,13,REV,E2,E1,E9,E10,-181.035000,311.383000,OK
7,13,adjacent,620,30,32,14,FWD,E1,E2,E10,E11,170.727000,358.984000,OK
7,13,adjacent,620,30,32,15,REV,E2,E1,E10,E11,173.668000,311.423000,OK
7,13,adjacent,620,30,32,16,FWD,E1,E2,E11,E12,8.199000,359.223000,OK
7,13,adjacent,620,30,32,17,REV,E2,E1,E11,E12,15.570000,311.343000,OK
7,13,adjacent,620,30,32,18,FWD,E2,E3,E4,E5,17.383000,307.313000,OK
7,13,adjacent,620,30,32,19,REV,E3,E2,E4,E5,23.535000,360.660000,OK
7,13,adjacent,620,30,32,20,FWD,E2,E3,E5,E6,-7.707000,334.286000,OK
7,13,adjacent,620,30,32,21,REV,E3,E2,E5,E6,-4.121000,355.632000,OK
7,13,adjacent,620,30,32,22,FWD,E2,E3,E6,E7,-44.293000,337.119000,OK
7,13,adjacent,620,30,32,23,REV,E3,E2,E6,E7,-42.617000,353.837000,OK
7,13,adjacent,620,30,32,24,FWD,E2,E3,E7,E8,24.090000,338.156000,OK
7,13,adjacent,620,30,32,25,REV,E3,E2,E7,E8,25.613000,353.198000,OK
7,13,adjacent,620,30,32,26,FWD,E2,E3,E8,E9,11.309000,338.076000,OK
7,13,adjacent,620,30,32,27,REV,E3,E2,E8,E9,12.609000,353.438000,OK
7,13,adjacent,620,30,32,28,FWD,E2,E3,E9,E10,-184.070000,339.034000,OK
7,13,adjacent,620,30,32,29,REV,E3,E2,E9,E10,-182.781000,353.558000,OK
7,13,adjacent,620,30,32,30,FWD,E2,E3,E10,E11,173.039000,338.874000,OK
7,13,adjacent,620,30,32,31,REV,E3,E2,E10,E11,175.207000,353.318000,OK
7,13,adjacent,620,30,32,32,FWD,E2,E3,E11,E12,9.469000,339.313000,OK
7,13,adjacent,620,30,32,33,REV,E3,E2,E11,E12,14.109000,353.637000,OK
7,13,adjacent,620,30,32,34,FWD,E2,E3,E12,E1,13.828000,339.832000,OK
7,13,adjacent,620,30,32,35,REV,E3,E2,E12,E1,29.582000,353.079000,OK
7,13,adjacent,620,30,32,36,FWD,E3,E4,E1,E2,-51.574000,333.847000,OK
7,13,adjacent,620,30,32,37,REV,E4,E3,E1,E2,-51.621000,392.301000,OK
7,13,adjacent,620,30,32,38,FWD,E3,E4,E5,E6,-9.594000,362.455000,OK
7,13,adjacent,620,30,32,39,REV,E4,E3,E5,E6,-2.145000,387.473000,OK
7,13,adjacent,620,30,32,40,FWD,E3,E4,E6,E7,-44.813000,365.129000,OK
7,13,adjacent,620,30,32,41,REV,E4,E3,E6,E7,-42.176000,386.475000,OK
7,13,adjacent,620,30,32,42,FWD,E3,E4,E7,E8,23.992000,365.009000,OK
7,13,adjacent,620,30,32,43,REV,E4,E3,E7,E8,25.746000,386.356000,OK
7,13,adjacent,620,30,32,44,FWD,E3,E4,E8,E9,11.520000,365.208000,OK
7,13,adjacent,620,30,32,45,REV,E4,E3,E8,E9,12.668000,386.435000,OK
7,13,adjacent,620,30,32,46,FWD,E3,E4,E9,E10,-185.113000,365.927000,OK
7,13,adjacent,620,30,32,47,REV,E4,E3,E9,E10,-184.219000,386.435000,OK
7,13,adjacent,620,30,32,48,FWD,E3,E4,E10,E11,174.871000,366.326000,OK
7,13,adjacent,620,30,32,49,REV,E4,E3,E10,E11,175.992000,386.276000,OK
7,13,adjacent,620,30,32,50,FWD,E3,E4,E11,E12,10.664000,366.685000,OK
7,13,adjacent,620,30,32,51,REV,E4,E3,E11,E12,12.387000,385.957000,OK
7,13,adjacent,620,30,32,52,FWD,E3,E4,E12,E1,19.410000,366.964000,OK
7,13,adjacent,620,30,32,53,REV,E4,E3,E12,E1,24.266000,385.797000,OK
7,13,adjacent,620,30,32,54,FWD,E4,E5,E1,E2,-63.145000,395.413000,OK
7,13,adjacent,620,30,32,55,REV,E5,E4,E1,E2,-60.387000,441.378000,OK
7,13,adjacent,620,30,32,56,FWD,E4,E5,E2,E3,15.047000,416.401000,OK
7,13,adjacent,620,30,32,57,REV,E5,E4,E2,E3,21.992000,437.588000,OK
7,13,adjacent,620,30,32,58,FWD,E4,E5,E6,E7,-47.078000,418.076000,OK
7,13,adjacent,620,30,32,59,REV,E5,E4,E6,E7,-39.914000,436.830000,OK
7,13,adjacent,620,30,32,60,FWD,E4,E5,E7,E8,23.137000,418.396000,OK
7,13,adjacent,620,30,32,61,REV,E5,E4,E7,E8,26.715000,436.351000,OK
7,13,adjacent,620,30,32,62,FWD,E4,E5,E8,E9,11.238000,418.795000,OK
7,13,adjacent,620,30,32,63,REV,E5,E4,E8,E9,13.051000,436.311000,OK
7,13,adjacent,620,30,32,64,FWD,E4,E5,E9,E10,-186.293000,419.273000,OK
7,13,adjacent,620,30,32,65,REV,E5,E4,E9,E10,-185.082000,436.550000,OK
7,13,adjacent,620,30,32,66,FWD,E4,E5,E10,E11,175.957000,419.074000,OK
7,13,adjacent,620,30,32,67,REV,E5,E4,E10,E11,176.914000,436.311000,OK
7,13,adjacent,620,30,32,68,FWD,E4,E5,E11,E12,10.758000,419.074000,OK
7,13,adjacent,620,30,32,69,REV,E5,E4,E11,E12,11.895000,436.111000,OK
7,13,adjacent,620,30,32,70,FWD,E4,E5,E12,E1,20.660000,419.992000,OK
7,13,adjacent,620,30,32,71,REV,E5,E4,E12,E1,23.113000,435.952000,OK
7,13,adjacent,620,30,32,72,FWD,E5,E6,E1,E2,-63.160000,379.533000,OK
7,13,adjacent,620,30,32,73,REV,E6,E5,E1,E2,-61.277000,405.069000,OK
7,13,adjacent,620,30,32,74,FWD,E5,E6,E2,E3,15.027000,400.879000,OK
7,13,adjacent,620,30,32,75,REV,E6,E5,E2,E3,19.305000,400.560000,OK
7,13,adjacent,620,30,32,76,FWD,E5,E6,E3,E4,10.137000,403.273000,OK
7,13,adjacent,620,30,32,77,REV,E6,E5,E3,E4,18.035000,400.560000,OK
7,13,adjacent,620,30,32,78,FWD,E5,E6,E7,E8,19.848000,403.672000,OK
7,13,adjacent,620,30,32,79,REV,E6,E5,E7,E8,29.926000,399.962000,OK
7,13,adjacent,620,30,32,80,FWD,E5,E6,E8,E9,10.078000,404.032000,OK
7,13,adjacent,620,30,32,81,REV,E6,E5,E8,E9,14.316000,399.563000,OK
7,13,adjacent,620,30,32,82,FWD,E5,E6,E9,E10,-187.656000,404.590000,OK
7,13,adjacent,620,30,32,83,REV,E6,E5,E9,E10,-185.164000,400.401000,OK
7,13,adjacent,620,30,32,84,FWD,E5,E6,E10,E11,176.379000,404.470000,OK
7,13,adjacent,620,30,32,85,REV,E6,E5,E10,E11,177.789000,400.042000,OK
7,13,adjacent,620,30,32,86,FWD,E5,E6,E11,E12,10.527000,403.992000,OK
7,13,adjacent,620,30,32,87,REV,E6,E5,E11,E12,11.762000,399.802000,OK
7,13,adjacent,620,30,32,88,FWD,E5,E6,E12,E1,20.867000,404.311000,OK
7,13,adjacent,620,30,32,89,REV,E6,E5,E12,E1,22.996000,400.241000,OK
7,13,adjacent,620,30,32,90,FWD,E6,E7,E1,E2,-63.133000,369.159000,OK
7,13,adjacent,620,30,32,91,REV,E7,E6,E1,E2,-62.105000,356.151000,OK
7,13,adjacent,620,30,32,92,FWD,E6,E7,E2,E3,16.582000,389.468000,OK
7,13,adjacent,620,30,32,93,REV,E7,E6,E2,E3,18.512000,352.241000,OK
7,13,adjacent,620,30,32,94,FWD,E6,E7,E3,E4,11.887000,391.223000,OK
7,13,adjacent,620,30,32,95,REV,E7,E6,E3,E4,14.512000,351.842000,OK
7,13,adjacent,620,30,32,96,FWD,E6,E7,E4,E5,17.184000,391.822000,OK
7,13,adjacent,620,30,32,97,REV,E7,E6,E4,E5,23.301000,351.562000,OK
7,13,adjacent,620,30,32,98,FWD,E6,E7,E8,E9,8.836000,391.862000,OK
7,13,adjacent,620,30,32,99,REV,E7,E6,E8,E9,15.336000,350.685000,OK
7,13,adjacent,620,30,32,100,FWD,E6,E7,E9,E10,-188.437000,391.583000,OK
7,13,adjacent,620,30,32,101,REV,E7,E6,E9,E10,-185.020000,351.044000,OK
7,13,adjacent,620,30,32,102,FWD,E6,E7,E10,E11,176.594000,392.261000,OK
7,13,adjacent,620,30,32,103,REV,E7,E6,E10,E11,178.164000,351.682000,OK
7,13,adjacent,620,30,32,104,FWD,E6,E7,E11,E12,10.484000,391.742000,OK
7,13,adjacent,620,30,32,105,REV,E7,E6,E11,E12,11.512000,351.163000,OK
7,13,adjacent,620,30,32,106,FWD,E6,E7,E12,E1,21.195000,392.341000,OK
7,13,adjacent,620,30,32,107,REV,E7,E6,E12,E1,22.676000,351.323000,OK
7,13,adjacent,620,30,32,108,FWD,E7,E8,E1,E2,-63.156000,300.051000,OK
7,13,adjacent,620,30,32,109,REV,E8,E7,E1,E2,-62.117000,345.378000,OK
7,13,adjacent,620,30,32,110,FWD,E7,E8,E2,E3,17.359000,317.089000,OK
7,13,adjacent,620,30,32,111,REV,E8,E7,E2,E3,18.816000,342.705000,OK
7,13,adjacent,620,30,32,112,FWD,E7,E8,E3,E4,12.117000,318.286000,OK
7,13,adjacent,620,30,32,113,REV,E8,E7,E3,E4,13.648000,341.747000,OK
7,13,adjacent,620,30,32,114,FWD,E7,E8,E4,E5,18.910000,319.562000,OK
7,13,adjacent,620,30,32,115,REV,E8,E7,E4,E5,21.687000,341.986000,OK
7,13,adjacent,620,30,32,116,FWD,E7,E8,E5,E6,-10.414000,319.602000,OK
7,13,adjacent,620,30,32,117,REV,E8,E7,E5,E6,-2.105000,341.547000,OK
7,13,adjacent,620,30,32,118,FWD,E7,E8,E9,E10,-191.098000,319.483000,OK
7,13,adjacent,620,30,32,119,REV,E8,E7,E9,E10,-182.937000,341.907000,OK
7,13,adjacent,620,30,32,120,FWD,E7,E8,E10,E11,176.559000,320.560000,OK
7,13,adjacent,620,30,32,121,REV,E8,E7,E10,E11,179.535000,341.587000,OK
7,13,adjacent,620,30,32,122,FWD,E7,E8,E11,E12,10.168000,320.360000,OK
7,13,adjacent,620,30,32,123,REV,E8,E7,E11,E12,11.750000,341.508000,OK
7,13,adjacent,620,30,32,124,FWD,E7,E8,E12,E1,21.113000,320.201000,OK
7,13,adjacent,620,30,32,125,REV,E8,E7,E12,E1,22.941000,341.587000,OK
7,13,adjacent,620,30,32,126,FWD,E8,E9,E1,E2,-63.262000,288.201000,OK
7,13,adjacent,620,30,32,127,REV,E9,E8,E1,E2,-62.227000,329.657000,OK
7,13,adjacent,620,30,32,128,FWD,E8,E9,E2,E3,17.742000,309.069000,OK
7,13,adjacent,620,30,32,129,REV,E9,E8,E2,E3,18.910000,325.587000,OK
7,13,adjacent,620,30,32,130,FWD,E8,E9,E3,E4,12.250000,310.944000,OK
7,13,adjacent,620,30,32,131,REV,E9,E8,E3,E4,13.188000,324.710000,OK
7,13,adjacent,620,30,32,132,FWD,E8,E9,E4,E5,19.648000,311.303000,OK
7,13,adjacent,620,30,32,133,REV,E9,E8,E4,E5,20.961000,323.991000,OK
7,13,adjacent,620,30,32,134,FWD,E8,E9,E5,E6,-8.027000,311.901000,OK
7,13,adjacent,620,30,32,135,REV,E9,E8,E5,E6,-4.734000,323.592000,OK
7,13,adjacent,620,30,32,136,FWD,E8,E9,E6,E7,-45.582000,311.941000,OK
7,13,adjacent,620,30,32,137,REV,E9,E8,E6,E7,-40.090000,323.632000,OK
7,13,adjacent,620,30,32,138,FWD,E8,E9,E10,E11,175.750000,312.699000,OK
7,13,adjacent,620,30,32,139,REV,E9,E8,E10,E11,181.379000,323.512000,OK
7,13,adjacent,620,30,32,140,FWD,E8,E9,E11,E12,9.730000,312.540000,OK
7,13,adjacent,620,30,32,141,REV,E9,E8,E11,E12,12.055000,322.994000,OK
7,13,adjacent,620,30,32,142,FWD,E8,E9,E12,E1,20.934000,312.420000,OK
7,13,adjacent,620,30,32,143,REV,E9,E8,E12,E1,23.195000,323.233000,OK
7,13,adjacent,620,30,32,144,FWD,E9,E10,E1,E2,-63.832000,440.700000,OK
7,13,adjacent,620,30,32,145,REV,E10,E9,E1,E2,-62.250000,306.675000,OK
7,13,adjacent,620,30,32,146,FWD,E9,E10,E2,E3,17.586000,458.934000,OK
7,13,adjacent,620,30,32,147,REV,E10,E9,E2,E3,19.020000,306.635000,OK
7,13,adjacent,620,30,32,148,FWD,E9,E10,E3,E4,12.027000,457.737000,OK
7,13,adjacent,620,30,32,149,REV,E10,E9,E3,E4,12.988000,308.630000,OK
7,13,adjacent,620,30,32,150,FWD,E9,E10,E4,E5,19.621000,456.461000,OK
7,13,adjacent,620,30,32,151,REV,E10,E9,E4,E5,20.695000,309.587000,OK
7,13,adjacent,620,30,32,152,FWD,E9,E10,E5,E6,-7.695000,455.663000,OK
7,13,adjacent,620,30,32,153,REV,E10,E9,E5,E6,-5.437000,311.103000,OK
7,13,adjacent,620,30,32,154,FWD,E9,E10,E6,E7,-45.137000,454.865000,OK
7,13,adjacent,620,30,32,155,REV,E10,E9,E6,E7,-41.789000,311.862000,OK
7,13,adjacent,620,30,32,156,FWD,E9,E10,E7,E8,18.824000,453.747000,OK
7,13,adjacent,620,30,32,157,REV,E10,E9,E7,E8,27.836000,313.178000,OK
7,13,adjacent,620,30,32,158,FWD,E9,E10,E11,E12,6.070000,453.109000,OK
7,13,adjacent,620,30,32,159,REV,E10,E9,E11,E12,13.336000,312.979000,OK
7,13,adjacent,620,30,32,160,FWD,E9,E10,E12,E1,19.676000,452.710000,OK
7,13,adjacent,620,30,32,161,REV,E10,E9,E12,E1,23.586000,314.096000,OK
7,13,adjacent,620,30,32,162,FWD,E10,E11,E1,E2,-63.559000,241.876000,OK
7,13,adjacent,620,30,32,163,REV,E11,E10,E1,E2,-60.758000,448.560000,OK
7,13,adjacent,620,30,32,164,FWD,E10,E11,E2,E3,17.332000,296.181000,OK
7,13,adjacent,620,30,32,165,REV,E11,E10,E2,E3,19.395000,435.034000,OK
7,13,adjacent,620,30,32,166,FWD,E10,E11,E3,E4,12.246000,302.006000,OK
7,13,adjacent,620,30,32,167,REV,E11,E10,E3,E4,13.172000,431.363000,OK
7,13,adjacent,620,30,32,168,FWD,E10,E11,E4,E5,20.004000,304.879000,OK
7,13,adjacent,620,30,32,169,REV,E11,E10,E4,E5,20.750000,430.565000,OK
7,13,adjacent,620,30,32,170,FWD,E10,E11,E5,E6,-6.758000,306.315000,OK
7,13,adjacent,620,30,32,171,REV,E11,E10,E5,E6,-5.598000,428.969000,OK
7,13,adjacent,620,30,32,172,FWD,E10,E11,E6,E7,-43.750000,307.153000,OK
7,13,adjacent,620,30,32,173,REV,E11,E10,E6,E7,-42.352000,428.052000,OK
7,13,adjacent,620,30,32,174,FWD,E10,E11,E7,E8,23.281000,307.752000,OK
7,13,adjacent,620,30,32,175,REV,E11,E10,E7,E8,26.293000,427.613000,OK
7,13,adjacent,620,30,32,176,FWD,E10,E11,E8,E9,7.137000,308.390000,OK
7,13,adjacent,620,30,32,177,REV,E11,E10,E8,E9,13.352000,427.653000,OK
7,13,adjacent,620,30,32,178,FWD,E10,E11,E12,E1,17.719000,308.869000,OK
7,13,adjacent,620,30,32,179,REV,E11,E10,E12,E1,28.687000,426.855000,OK
7,13,adjacent,620,30,32,180,FWD,E11,E12,E1,E2,-65.398000,259.831000,OK
7,13,adjacent,620,30,32,181,REV,E12,E11,E1,E2,-58.863000,330.934000,OK
7,13,adjacent,620,30,32,182,FWD,E11,E12,E2,E3,16.133000,297.737000,OK
7,13,adjacent,620,30,32,183,REV,E12,E11,E2,E3,20.285000,322.834000,OK
7,13,adjacent,620,30,32,184,FWD,E11,E12,E3,E4,11.871000,301.368000,OK
7,13,adjacent,620,30,32,185,REV,E12,E11,E3,E4,13.301000,320.999000,OK
7,13,adjacent,620,30,32,186,FWD,E11,E12,E4,E5,19.918000,302.764000,OK
7,13,adjacent,620,30,32,187,REV,E12,E11,E4,E5,20.723000,320.241000,OK
7,13,adjacent,620,30,32,188,FWD,E11,E12,E5,E6,-6.641000,303.283000,OK
7,13,adjacent,620,30,32,189,REV,E12,E11,E5,E6,-5.746000,319.802000,OK
7,13,adjacent,620,30,32,190,FWD,E11,E12,E6,E7,-43.633000,304.041000,OK
7,13,adjacent,620,30,32,191,REV,E12,E11,E6,E7,-42.828000,319.802000,OK
7,13,adjacent,620,30,32,192,FWD,E11,E12,E7,E8,23.910000,303.921000,OK
7,13,adjacent,620,30,32,193,REV,E12,E11,E7,E8,25.363000,318.685000,OK
7,13,adjacent,620,30,32,194,FWD,E11,E12,E8,E9,9.875000,304.360000,OK
7,13,adjacent,620,30,32,195,REV,E12,E11,E8,E9,12.141000,318.525000,OK
7,13,adjacent,620,30,32,196,FWD,E11,E12,E9,E10,-176.574000,305.198000,OK
7,13,adjacent,620,30,32,197,REV,E12,E11,E9,E10,-171.000000,318.246000,OK
7,13,adjacent,620,30,32,198,FWD,E12,E1,E2,E3,11.492000,276.949000,OK
7,13,adjacent,620,30,32,199,REV,E1,E12,E2,E3,25.531000,322.076000,OK
7,13,adjacent,620,30,32,200,FWD,E12,E1,E3,E4,10.594000,298.256000,OK
7,13,adjacent,620,30,32,201,REV,E1,E12,E3,E4,14.500000,317.328000,OK
7,13,adjacent,620,30,32,202,FWD,E12,E1,E4,E5,19.445000,300.490000,OK
7,13,adjacent,620,30,32,203,REV,E1,E12,E4,E5,21.180000,316.849000,OK
7,13,adjacent,620,30,32,204,FWD,E12,E1,E5,E6,-6.949000,301.448000,OK
7,13,adjacent,620,30,32,205,REV,E1,E12,E5,E6,-5.316000,315.892000,OK
7,13,adjacent,620,30,32,206,FWD,E12,E1,E6,E7,-43.961000,301.887000,OK
7,13,adjacent,620,30,32,207,REV,E1,E12,E6,E7,-42.738000,315.413000,OK
7,13,adjacent,620,30,32,208,FWD,E12,E1,E7,E8,23.875000,302.206000,OK
7,13,adjacent,620,30,32,209,REV,E1,E12,E7,E8,25.523000,315.612000,OK
7,13,adjacent,620,30,32,210,FWD,E12,E1,E8,E9,10.441000,302.285000,OK
7,13,adjacent,620,30,32,211,REV,E1,E12,E8,E9,12.656000,315.572000,OK
7,13,adjacent,620,30,32,212,FWD,E12,E1,E9,E10,-180.898000,302.405000,OK
7,13,adjacent,620,30,32,213,REV,E1,E12,E9,E10,-177.832000,314.814000,OK
7,13,adjacent,620,30,32,214,FWD,E12,E1,E10,E11,164.996000,302.645000,OK
7,13,adjacent,620,30,32,215,REV,E1,E12,E10,E11,175.055000,315.612000,OK
8,14,adjacent,620,30,32,0,FWD,E1,E2,E3,E4,9.184000,339.074000,OK
8,14,adjacent,620,30,32,1,REV,E2,E1,E3,E4,15.391000,315.253000,OK
8,14,adjacent,620,30,32,2,FWD,E1,E2,E4,E5,19.121000,356.710000,OK
8,14,adjacent,620,30,32,3,REV,E2,E1,E4,E5,21.297000,312.261000,OK
8,14,adjacent,620,30,32,4,FWD,E1,E2,E5,E6,-7.016000,358.026000,OK
8,14,adjacent,620,30,32,5,REV,E2,E1,E5,E6,-5.395000,311.463000,OK
8,14,adjacent,620,30,32,6,FWD,E1,E2,E6,E7,-43.891000,357.947000,OK
8,14,adjacent,620,30,32,7,REV,E2,E1,E6,E7,-42.898000,310.984000,OK
8,14,adjacent,620,30,32,8,FWD,E1,E2,E7,E8,24.141000,358.904000,OK
8,14,adjacent,620,30,32,9,REV,E2,E1,E7,E8,25.234000,311.303000,OK
8,14,adjacent,620,30,32,10,FWD,E1,E2,E8,E9,11.152000,358.226000,OK
8,14,adjacent,620,30,32,11,REV,E2,E1,E8,E9,12.301000,311.742000,OK
8,14,adjacent,620,30,32,12,FWD,E1,E2,E9,E10,-182.844000,358.385000,OK
8,14,adjacent,620,30,32,13,REV,E2,E1,E9,E10,-181.512000,311.024000,OK
8,14,adjacent,620,30,32,14,FWD,E1,E2,E10,E11,171.043000,358.465000,OK
8,14,adjacent,620,30,32,15,REV,E2,E1,E10,E11,174.000000,311.582000,OK
8,14,adjacent,620,30,32,16,FWD,E1,E2,E11,E12,8.363000,358.904000,OK
8,14,adjacent,620,30,32,17,REV,E2,E1,E11,E12,15.695000,311.702000,OK
8,14,adjacent,620,30,32,18,FWD,E2,E3,E4,E5,17.355000,307.034000,OK
8,14,adjacent,620,30,32,19,REV,E3,E2,E4,E5,23.508000,360.819000,OK
8,14,adjacent,620,30,32,20,FWD,E2,E3,E5,E6,-7.805000,334.326000,OK
8,14,adjacent,620,30,32,21,REV,E3,E2,E5,E6,-4.246000,355.193000,OK
8,14,adjacent,620,30,32,22,FWD,E2,E3,E6,E7,-44.180000,336.999000,OK
8,14,adjacent,620,30,32,23,REV,E3,E2,E6,E7,-42.477000,354.595000,OK
8,14,adjacent,620,30,32,24,FWD,E2,E3,E7,E8,24.000000,337.677000,OK
8,14,adjacent,620,30,32,25,REV,E3,E2,E7,E8,25.504000,353.957000,OK
8,14,adjacent,620,30,32,26,FWD,E2,E3,E8,E9,11.309000,337.917000,OK
8,14,adjacent,620,30,32,27,REV,E3,E2,E8,E9,12.609000,353.837000,OK
8,14,adjacent,620,30,32,28,FWD,E2,E3,E9,E10,-184.621000,338.196000,OK
8,14,adjacent,620,30,32,29,REV,E3,E2,E9,E10,-183.355000,354.116000,OK
8,14,adjacent,620,30,32,30,FWD,E2,E3,E10,E11,173.492000,338.834000,OK
8,14,adjacent,620,30,32,31,REV,E3,E2,E10,E11,175.648000,353.797000,OK
8,14,adjacent,620,30,32,32,FWD,E2,E3,E11,E12,9.547000,338.555000,OK
8,14,adjacent,620,30,32,33,REV,E3,E2,E11,E12,14.211000,353.677000,OK
8,14,adjacent,620,30,32,34,FWD,E2,E3,E12,E1,13.984000,338.595000,OK
8,14,adjacent,620,30,32,35,REV,E3,E2,E12,E1,29.687000,353.558000,OK
8,14,adjacent,620,30,32,36,FWD,E3,E4,E1,E2,-51.457000,334.006000,OK
8,14,adjacent,620,30,32,37,REV,E4,E3,E1,E2,-51.555000,392.580000,OK
8,14,adjacent,620,30,32,38,FWD,E3,E4,E5,E6,-9.648000,361.657000,OK
8,14,adjacent,620,30,32,39,REV,E4,E3,E5,E6,-2.176000,387.114000,OK
8,14,adjacent,620,30,32,40,FWD,E3,E4,E6,E7,-44.723000,365.208000,OK
8,14,adjacent,620,30,32,41,REV,E4,E3,E6,E7,-42.121000,386.156000,OK
8,14,adjacent,620,30,32,42,FWD,E3,E4,E7,E8,24.008000,365.687000,OK
8,14,adjacent,620,30,32,43,REV,E4,E3,E7,E8,25.742000,386.116000,OK
8,14,adjacent,620,30,32,44,FWD,E3,E4,E8,E9,11.496000,365.807000,OK
8,14,adjacent,620,30,32,45,REV,E4,E3,E8,E9,12.648000,385.677000,OK
8,14,adjacent,620,30,32,46,FWD,E3,E4,E9,E10,-185.680000,366.166000,OK
8,14,adjacent,620,30,32,47,REV,E4,E3,E9,E10,-184.797000,385.717000,OK
8,14,adjacent,620,30,32,48,FWD,E3,E4,E10,E11,175.348000,366.405000,OK
8,14,adjacent,620,30,32,49,REV,E4,E3,E10,E11,176.469000,385.957000,OK
8,14,adjacent,620,30,32,50,FWD,E3,E4,E11,E12,10.641000,366.964000,OK
8,14,adjacent,620,30,32,51,REV,E4,E3,E11,E12,12.367000,385.518000,OK
8,14,adjacent,620,30,32,52,FWD,E3,E4,E12,E1,19.504000,367.084000,OK
8,14,adjacent,620,30,32,53,REV,E4,E3,E12,E1,24.324000,385.238000,OK
8,14,adjacent,620,30,32,54,FWD,E4,E5,E1,E2,-62.895000,395.094000,OK
8,14,adjacent,620,30,32,55,REV,E5,E4,E1,E2,-60.137000,441.458000,OK
8,14,adjacent,620,30,32,56,FWD,E4,E5,E2,E3,15.598000,415.682000,OK
8,14,adjacent,620,30,32,57,REV,E5,E4,E2,E3,22.531000,437.508000,OK
8,14,adjacent,620,30,32,58,FWD,E4,E5,E6,E7,-47.074000,417.558000,OK
8,14,adjacent,620,30,32,59,REV,E5,E4,E6,E7,-39.930000,437.069000,OK
8,14,adjacent,620,30,32,60,FWD,E4,E5,E7,E8,23.137000,418.196000,OK
8,14,adjacent,620,30,32,61,REV,E5,E4,E7,E8,26.734000,436.271000,OK
8,14,adjacent,620,30,32,62,FWD,E4,E5,E8,E9,11.258000,418.715000,OK
8,14,adjacent,620,30,32,63,REV,E5,E4,E8,E9,13.090000,435.353000,OK
8,14,adjacent,620,30,32,64,FWD,E4,E5,E9,E10,-186.742000,419.074000,OK
8,14,adjacent,620,30,32,65,REV,E5,E4,E9,E10,-185.516000,436.032000,OK
8,14,adjacent,620,30,32,66,FWD,E4,E5,E10,E11,176.328000,419.393000,OK
8,14,adjacent,620,30,32,67,REV,E5,E4,E10,E11,177.336000,435.792000,OK
8,14,adjacent,620,30,32,68,FWD,E4,E5,E11,E12,10.805000,418.914000,OK
8,14,adjacent,620,30,32,69,REV,E5,E4,E11,E12,11.922000,436.032000,OK
8,14,adjacent,620,30,32,70,FWD,E4,E5,E12,E1,20.746000,418.715000,OK
8,14,adjacent,620,30,32,71,REV,E5,E4,E12,E1,23.215000,436.550000,OK
8,14,adjacent,620,30,32,72,FWD,E5,E6,E1,E2,-63.004000,378.695000,OK
8,14,adjacent,620,30,32,73,REV,E6,E5,E1,E2,-61.102000,404.670000,OK
8,14,adjacent,620,30,32,74,FWD,E5,E6,E2,E3,15.484000,400.959000,OK
8,14,adjacent,620,30,32,75,REV,E6,E5,E2,E3,19.801000,400.840000,OK
8,14,adjacent,620,30,32,76,FWD,E5,E6,E3,E4,9.563000,402.396000,OK
8,14,adjacent,620,30,32,77,REV,E6,E5,E3,E4,17.426000,400.321000,OK
8,14,adjacent,620,30,32,78,FWD,E5,E6,E7,E8,19.840000,403.513000,OK
8,14,adjacent,620,30,32,79,REV,E6,E5,E7,E8,29.930000,400.321000,OK
8,14,adjacent,620,30,32,80,FWD,E5,E6,E8,E9,10.125000,403.473000,OK
8,14,adjacent,620,30,32,81,REV,E6,E5,E8,E9,14.367000,400.201000,OK
8,14,adjacent,620,30,32,82,FWD,E5,E6,E9,E10,-188.027000,404.351000,OK
8,14,adjacent,620,30,32,83,REV,E6,E5,E9,E10,-185.516000,399.323000,OK
8,14,adjacent,620,30,32,84,FWD,E5,E6,E10,E11,176.836000,404.032000,OK
8,14,adjacent,620,30,32,85,REV,E6,E5,E10,E11,178.258000,399.603000,OK
8,14,adjacent,620,30,32,86,FWD,E5,E6,E11,E12,10.512000,404.670000,OK
8,14,adjacent,620,30,32,87,REV,E6,E5,E11,E12,11.762000,400.640000,OK
8,14,adjacent,620,30,32,88,FWD,E5,E6,E12,E1,20.969000,404.470000,OK
8,14,adjacent,620,30,32,89,REV,E6,E5,E12,E1,23.059000,400.520000,OK
8,14,adjacent,620,30,32,90,FWD,E6,E7,E1,E2,-62.809000,368.879000,OK
8,14,adjacent,620,30,32,91,REV,E7,E6,E1,E2,-61.738000,355.114000,OK
8,14,adjacent,620,30,32,92,FWD,E6,E7,E2,E3,16.930000,389.588000,OK
8,14,adjacent,620,30,32,93,REV,E7,E6,E2,E3,18.789000,352.081000,OK
8,14,adjacent,620,30,32,94,FWD,E6,E7,E3,E4,11.309000,390.864000,OK
8,14,adjacent,620,30,32,95,REV,E7,E6,E3,E4,13.938000,351.762000,OK
8,14,adjacent,620,30,32,96,FWD,E6,E7,E4,E5,17.027000,391.383000,OK
8,14,adjacent,620,30,32,97,REV,E7,E6,E4,E5,23.125000,351.243000,OK
8,14,adjacent,620,30,32,98,FWD,E6,E7,E8,E9,8.867000,391.503000,OK
8,14,adjacent,620,30,32,99,REV,E7,E6,E8,E9,15.355000,350.405000,OK
8,14,adjacent,620,30,32,100,FWD,E6,E7,E9,E10,-189.227000,391.662000,OK
8,14,adjacent,620,30,32,101,REV,E7,E6,E9,E10,-185.852000,350.804000,OK
8,14,adjacent,620,30,32,102,FWD,E6,E7,E10,E11,177.371000,391.144000,OK
8,14,adjacent,620,30,32,103,REV,E7,E6,E10,E11,178.941000,351.163000,OK
8,14,adjacent,620,30,32,104,FWD,E6,E7,E11,E12,10.484000,392.620000,OK
8,14,adjacent,620,30,32,105,REV,E7,E6,E11,E12,11.551000,350.884000,OK
8,14,adjacent,620,30,32,106,FWD,E6,E7,E12,E1,21.281000,392.221000,OK
8,14,adjacent,620,30,32,107,REV,E7,E6,E12,E1,22.785000,351.363000,OK
8,14,adjacent,620,30,32,108,FWD,E7,E8,E1,E2,-62.844000,299.453000,OK
8,14,adjacent,620,30,32,109,REV,E8,E7,E1,E2,-61.750000,345.019000,OK
8,14,adjacent,620,30,32,110,FWD,E7,E8,E2,E3,17.145000,316.769000,OK
8,14,adjacent,620,30,32,111,REV,E8,E7,E2,E3,18.617000,342.186000,OK
8,14,adjacent,620,30,32,112,FWD,E7,E8,E3,E4,12.023000,318.086000,OK
8,14,adjacent,620,30,32,113,REV,E8,E7,E3,E4,13.586000,342.026000,OK
8,14,adjacent,620,30,32,114,FWD,E7,E8,E4,E5,18.797000,318.645000,OK
8,14,adjacent,620,30,32,115,REV,E8,E7,E4,E5,21.547000,341.707000,OK
8,14,adjacent,620,30,32,116,FWD,E7,E8,E5,E6,-10.188000,318.764000,OK
8,14,adjacent,620,30,32,117,REV,E8,E7,E5,E6,-1.883000,341.428000,OK
8,14,adjacent,620,30,32,118,FWD,E7,E8,E9,E10,-191.848000,319.243000,OK
8,14,adjacent,620,30,32,119,REV,E8,E7,E9,E10,-183.664000,340.829000,OK
8,14,adjacent,620,30,32,120,FWD,E7,E8,E10,E11,177.230000,319.483000,OK
8,14,adjacent,620,30,32,121,REV,E8,E7,E10,E11,180.203000,341.907000,OK
8,14,adjacent,620,30,32,122,FWD,E7,E8,E11,E12,10.301000,319.323000,OK
8,14,adjacent,620,30,32,123,REV,E8,E7,E11,E12,11.895000,341.508000,OK
8,14,adjacent,620,30,32,124,FWD,E7,E8,E12,E1,21.113000,320.041000,OK
8,14,adjacent,620,30,32,125,REV,E8,E7,E12,E1,22.914000,341.069000,OK
8,14,adjacent,620,30,32,126,FWD,E8,E9,E1,E2,-62.879000,287.522000,OK
8,14,adjacent,620,30,32,127,REV,E9,E8,E1,E2,-61.762000,329.897000,OK
8,14,adjacent,620,30,32,128,FWD,E8,E9,E2,E3,17.348000,308.191000,OK
8,14,adjacent,620,30,32,129,REV,E9,E8,E2,E3,18.504000,325.787000,OK
8,14,adjacent,620,30,32,130,FWD,E8,E9,E3,E4,12.195000,310.345000,OK
8,14,adjacent,620,30,32,131,REV,E9,E8,E3,E4,13.168000,324.390000,OK
8,14,adjacent,620,30,32,132,FWD,E8,E9,E4,E5,19.516000,311.183000,OK
8,14,adjacent,620,30,32,133,REV,E9,E8,E4,E5,20.848000,324.031000,OK
8,14,adjacent,620,30,32,134,FWD,E8,E9,E5,E6,-7.773000,311.622000,OK
8,14,adjacent,620,30,32,135,REV,E9,E8,E5,E6,-4.445000,324.071000,OK
8,14,adjacent,620,30,32,136,FWD,E8,E9,E6,E7,-45.859000,311.303000,OK
8,14,adjacent,620,30,32,137,REV,E9,E8,E6,E7,-40.406000,323.592000,OK
8,14,adjacent,620,30,32,138,FWD,E8,E9,E10,E11,176.344000,312.340000,OK
8,14,adjacent,620,30,32,139,REV,E9,E8,E10,E11,181.969000,323.632000,OK
8,14,adjacent,620,30,32,140,FWD,E8,E9,E11,E12,9.973000,312.181000,OK
8,14,adjacent,620,30,32,141,REV,E9,E8,E11,E12,12.289000,323.074000,OK
8,14,adjacent,620,30,32,142,FWD,E8,E9,E12,E1,20.852000,311.981000,OK
8,14,adjacent,620,30,32,143,REV,E9,E8,E12,E1,23.109000,323.353000,OK
8,14,adjacent,620,30,32,144,FWD,E9,E10,E1,E2,-63.309000,439.623000,OK
8,14,adjacent,620,30,32,145,REV,E10,E9,E1,E2,-61.758000,305.677000,OK
8,14,adjacent,620,30,32,146,FWD,E9,E10,E2,E3,17.121000,458.934000,OK
8,14,adjacent,620,30,32,147,REV,E10,E9,E2,E3,18.559000,306.315000,OK
8,14,adjacent,620,30,32,148,FWD,E9,E10,E3,E4,12.082000,457.777000,OK
8,14,adjacent,620,30,32,149,REV,E10,E9,E3,E4,13.043000,308.350000,OK
8,14,adjacent,620,30,32,150,FWD,E9,E10,E4,E5,19.496000,455.543000,OK
8,14,adjacent,620,30,32,151,REV,E10,E9,E4,E5,20.570000,309.268000,OK
8,14,adjacent,620,30,32,152,FWD,E9,E10,E5,E6,-7.410000,455.104000,OK
8,14,adjacent,620,30,32,153,REV,E10,E9,E5,E6,-5.133000,310.625000,OK
8,14,adjacent,620,30,32,154,FWD,E9,E10,E6,E7,-45.344000,454.346000,OK
8,14,adjacent,620,30,32,155,REV,E10,E9,E6,E7,-42.043000,311.941000,OK
8,14,adjacent,620,30,32,156,FWD,E9,E10,E7,E8,18.816000,454.266000,OK
8,14,adjacent,620,30,32,157,REV,E10,E9,E7,E8,27.852000,312.380000,OK
8,14,adjacent,620,30,32,158,FWD,E9,E10,E11,E12,6.344000,453.069000,OK
8,14,adjacent,620,30,32,159,REV,E10,E9,E11,E12,13.582000,313.258000,OK
8,14,adjacent,620,30,32,160,FWD,E9,E10,E12,E1,19.594000,452.670000,OK
8,14,adjacent,620,30,32,161,REV,E10,E9,E12,E1,23.449000,313.458000,OK
8,14,adjacent,620,30,32,162,FWD,E10,E11,E1,E2,-63.395000,242.355000,OK
8,14,adjacent,620,30,32,163,REV,E11,E10,E1,E2,-60.637000,447.762000,OK
8,14,adjacent,620,30,32,164,FWD,E10,E11,E2,E3,17.141000,295.782000,OK
8,14,adjacent,620,30,32,165,REV,E11,E10,E2,E3,19.246000,434.755000,OK
8,14,adjacent,620,30,32,166,FWD,E10,E11,E3,E4,12.324000,301.687000,OK
8,14,adjacent,620,30,32,167,REV,E11,E10,E3,E4,13.238000,431.244000,OK
8,14,adjacent,620,30,32,168,FWD,E10,E11,E4,E5,19.551000,304.640000,OK
8,14,adjacent,620,30,32,169,REV,E11,E10,E4,E5,20.328000,429.089000,OK
8,14,adjacent,620,30,32,170,FWD,E10,E11,E5,E6,-6.113000,306.276000,OK
8,14,adjacent,620,30,32,171,REV,E11,E10,E5,E6,-4.930000,428.371000,OK
8,14,adjacent,620,30,32,172,FWD,E10,E11,E6,E7,-44.008000,307.113000,OK
8,14,adjacent,620,30,32,173,REV,E11,E10,E6,E7,-42.613000,427.892000,OK
8,14,adjacent,620,30,32,174,FWD,E10,E11,E7,E8,23.246000,306.994000,OK
8,14,adjacent,620,30,32,175,REV,E11,E10,E7,E8,26.238000,427.613000,OK
8,14,adjacent,620,30,32,176,FWD,E10,E11,E8,E9,7.195000,307.712000,OK
8,14,adjacent,620,30,32,177,REV,E11,E10,E8,E9,13.406000,426.855000,OK
8,14,adjacent,620,30,32,178,FWD,E10,E11,E12,E1,17.629000,309.228000,OK
8,14,adjacent,620,30,32,179,REV,E11,E10,E12,E1,28.488000,426.336000,OK
8,14,adjacent,620,30,32,180,FWD,E11,E12,E1,E2,-65.391000,259.831000,OK
8,14,adjacent,620,30,32,181,REV,E12,E11,E1,E2,-58.793000,332.211000,OK
8,14,adjacent,620,30,32,182,FWD,E11,E12,E2,E3,15.984000,296.660000,OK
8,14,adjacent,620,30,32,183,REV,E12,E11,E2,E3,20.121000,322.635000,OK
8,14,adjacent,620,30,32,184,FWD,E11,E12,E3,E4,11.945000,301.088000,OK
8,14,adjacent,620,30,32,185,REV,E12,E11,E3,E4,13.355000,321.039000,OK
8,14,adjacent,620,30,32,186,FWD,E11,E12,E4,E5,19.500000,303.163000,OK
8,14,adjacent,620,30,32,187,REV,E12,E11,E4,E5,20.262000,319.403000,OK
8,14,adjacent,620,30,32,188,FWD,E11,E12,E5,E6,-6.066000,303.882000,OK
8,14,adjacent,620,30,32,189,REV,E12,E11,E5,E6,-5.125000,319.283000,OK
8,14,adjacent,620,30,32,190,FWD,E11,E12,E6,E7,-43.934000,303.762000,OK
8,14,adjacent,620,30,32,191,REV,E12,E11,E6,E7,-43.086000,318.764000,OK
8,14,adjacent,620,30,32,192,FWD,E11,E12,E7,E8,23.848000,304.121000,OK
8,14,adjacent,620,30,32,193,REV,E12,E11,E7,E8,25.254000,318.565000,OK
8,14,adjacent,620,30,32,194,FWD,E11,E12,E8,E9,9.992000,305.039000,OK
8,14,adjacent,620,30,32,195,REV,E12,E11,E8,E9,12.285000,318.445000,OK
8,14,adjacent,620,30,32,196,FWD,E11,E12,E9,E10,-176.852000,304.919000,OK
8,14,adjacent,620,30,32,197,REV,E12,E11,E9,E10,-171.238000,318.365000,OK
8,14,adjacent,620,30,32,198,FWD,E12,E1,E2,E3,11.102000,276.350000,OK
8,14,adjacent,620,30,32,199,REV,E1,E12,E2,E3,25.223000,322.276000,OK
8,14,adjacent,620,30,32,200,FWD,E12,E1,E3,E4,10.570000,298.455000,OK
8,14,adjacent,620,30,32,201,REV,E1,E12,E3,E4,14.559000,317.248000,OK
8,14,adjacent,620,30,32,202,FWD,E12,E1,E4,E5,19.016000,300.809000,OK
8,14,adjacent,620,30,32,203,REV,E1,E12,E4,E5,20.750000,316.051000,OK
8,14,adjacent,620,30,32,204,FWD,E12,E1,E5,E6,-6.410000,301.687000,OK
8,14,adjacent,620,30,32,205,REV,E1,E12,E5,E6,-4.809000,315.333000,OK
8,14,adjacent,620,30,32,206,FWD,E12,E1,E6,E7,-44.117000,301.647000,OK
8,14,adjacent,620,30,32,207,REV,E1,E12,E6,E7,-42.871000,315.931000,OK
8,14,adjacent,620,30,32,208,FWD,E12,E1,E7,E8,23.734000,301.887000,OK
8,14,adjacent,620,30,32,209,REV,E1,E12,E7,E8,25.414000,315.133000,OK
8,14,adjacent,620,30,32,210,FWD,E12,E1,E8,E9,10.543000,302.605000,OK
8,14,adjacent,620,30,32,211,REV,E1,E12,E8,E9,12.750000,315.253000,OK
8,14,adjacent,620,30,32,212,FWD,E12,E1,E9,E10,-181.180000,302.684000,OK
8,14,adjacent,620,30,32,213,REV,E1,E12,E9,E10,-178.090000,315.293000,OK
8,14,adjacent,620,30,32,214,FWD,E12,E1,E10,E11,165.508000,302.006000,OK
8,14,adjacent,620,30,32,215,REV,E1,E12,E10,E11,175.508000,315.572000,OK
9,15,adjacent,620,30,32,0,FWD,E1,E2,E3,E4,9.277000,339.034000,OK
9,15,adjacent,620,30,32,1,REV,E2,E1,E3,E4,15.535000,315.612000,OK
9,15,adjacent,620,30,32,2,FWD,E1,E2,E4,E5,18.762000,356.111000,OK
9,15,adjacent,620,30,32,3,REV,E2,E1,E4,E5,20.949000,311.981000,OK
9,15,adjacent,620,30,32,4,FWD,E1,E2,E5,E6,-6.512000,357.149000,OK
9,15,adjacent,620,30,32,5,REV,E2,E1,E5,E6,-4.914000,311.423000,OK
9,15,adjacent,620,30,32,6,FWD,E1,E2,E6,E7,-44.109000,358.864000,OK
9,15,adjacent,620,30,32,7,REV,E2,E1,E6,E7,-43.133000,311.103000,OK
9,15,adjacent,620,30,32,8,FWD,E1,E2,E7,E8,24.039000,358.545000,OK
9,15,adjacent,620,30,32,9,REV,E2,E1,E7,E8,25.125000,311.064000,OK
9,15,adjacent,620,30,32,10,FWD,E1,E2,E8,E9,11.258000,358.346000,OK
9,15,adjacent,620,30,32,11,REV,E2,E1,E8,E9,12.422000,311.702000,OK
9,15,adjacent,620,30,32,12,FWD,E1,E2,E9,E10,-183.242000,358.505000,OK
9,15,adjacent,620,30,32,13,REV,E2,E1,E9,E10,-181.918000,311.702000,OK
9,15,adjacent,620,30,32,14,FWD,E1,E2,E10,E11,171.660000,358.505000,OK
9,15,adjacent,620,30,32,15,REV,E2,E1,E10,E11,174.617000,311.143000,OK
9,15,adjacent,620,30,32,16,FWD,E1,E2,E11,E12,8.355000,358.545000,OK
9,15,adjacent,620,30,32,17,REV,E2,E1,E11,E12,15.676000,311.183000,OK
9,15,adjacent,620,30,32,18,FWD,E2,E3,E4,E5,17.105000,307.433000,OK
9,15,adjacent,620,30,32,19,REV,E3,E2,E4,E5,23.266000,360.660000,OK
9,15,adjacent,620,30,32,20,FWD,E2,E3,E5,E6,-7.480000,334.086000,OK
9,15,adjacent,620,30,32,21,REV,E3,E2,E5,E6,-3.902000,355.592000,OK
9,15,adjacent,620,30,32,22,FWD,E2,E3,E6,E7,-44.488000,337.238000,OK
9,15,adjacent,620,30,32,23,REV,E3,E2,E6,E7,-42.723000,354.515000,OK
9,15,adjacent,620,30,32,24,FWD,E2,E3,E7,E8,23.934000,337.797000,OK
9,15,adjacent,620,30,32,25,REV,E3,E2,E7,E8,25.449000,353.398000,OK
9,15,adjacent,620,30,32,26,FWD,E2,E3,E8,E9,11.473000,338.076000,OK
9,15,adjacent,620,30,32,27,REV,E3,E2,E8,E9,12.750000,353.438000,OK
9,15,adjacent,620,30,32,28,FWD,E2,E3,E9,E10,-184.871000,339.193000,OK
9,15,adjacent,620,30,32,29,REV,E3,E2,E9,E10,-183.570000,353.119000,OK
9,15,adjacent,620,30,32,30,FWD,E2,E3,E10,E11,173.988000,339.233000,OK
9,15,adjacent,620,30,32,31,REV,E3,E2,E10,E11,176.145000,353.318000,OK
9,15,adjacent,620,30,32,32,FWD,E2,E3,E11,E12,9.500000,339.074000,OK
9,15,adjacent,620,30,32,33,REV,E3,E2,E11,E12,14.160000,353.398000,OK
9,15,adjacent,620,30,32,34,FWD,E2,E3,E12,E1,13.773000,338.994000,OK
9,15,adjacent,620,30,32,35,REV,E3,E2,E12,E1,29.531000,353.159000,OK
9,15,adjacent,620,30,32,36,FWD,E3,E4,E1,E2,-51.152000,333.807000,OK
9,15,adjacent,620,30,32,37,REV,E4,E3,E1,E2,-51.207000,392.740000,OK
9,15,adjacent,620,30,32,38,FWD,E3,E4,E5,E6,-9.344000,361.897000,OK
9,15,adjacent,620,30,32,39,REV,E4,E3,E5,E6,-1.891000,387.313000,OK
9,15,adjacent,620,30,32,40,FWD,E3,E4,E6,E7,-44.957000,364.211000,OK
9,15,adjacent,620,30,32,41,REV,E4,E3,E6,E7,-42.324000,386.874000,OK
9,15,adjacent,620,30,32,42,FWD,E3,E4,E7,E8,23.891000,365.408000,OK
9,15,adjacent,620,30,32,43,REV,E4,E3,E7,E8,25.625000,386.595000,OK
9,15,adjacent,620,30,32,44,FWD,E3,E4,E8,E9,11.668000,365.488000,OK
9,15,adjacent,620,30,32,45,REV,E4,E3,E8,E9,12.820000,386.036000,OK
9,15,adjacent,620,30,32,46,FWD,E3,E4,E9,E10,-186.000000,366.166000,OK
9,15,adjacent,620,30,32,47,REV,E4,E3,E9,E10,-185.133000,385.637000,OK
9,15,adjacent,620,30,32,48,FWD,E3,E4,E10,E11,175.984000,366.725000,OK
9,15,adjacent,620,30,32,49,REV,E4,E3,E10,E11,177.055000,386.116000,OK
9,15,adjacent,620,30,32,50,FWD,E3,E4,E11,E12,10.617000,366.405000,OK
9,15,adjacent,620,30,32,51,REV,E4,E3,E11,E12,12.355000,385.797000,OK
9,15,adjacent,620,30,32,52,FWD,E3,E4,E12,E1,19.320000,366.485000,OK
9,15,adjacent,620,30,32,53,REV,E4,E3,E12,E1,24.137000,386.036000,OK
9,15,adjacent,620,30,32,54,FWD,E4,E5,E1,E2,-62.590000,394.535000,OK
9,15,adjacent,620,30,32,55,REV,E5,E4,E1,E2,-59.848000,440.780000,OK
9,15,adjacent,620,30,32,56,FWD,E4,E5,E2,E3,14.676000,415.563000,OK
9,15,adjacent,620,30,32,57,REV,E5,E4,E2,E3,21.652000,437.189000,OK
9,15,adjacent,620,30,32,58,FWD,E4,E5,E6,E7,-47.266000,418.076000,OK
9,15,adjacent,620,30,32,59,REV,E5,E4,E6,E7,-40.090000,436.271000,OK
9,15,adjacent,620,30,32,60,FWD,E4,E5,E7,E8,22.957000,417.957000,OK
9,15,adjacent,620,30,32,61,REV,E5,E4,E7,E8,26.555000,436.231000,OK
9,15,adjacent,620,30,32,62,FWD,E4,E5,E8,E9,11.449000,418.156000,OK
9,15,adjacent,620,30,32,63,REV,E5,E4,E8,E9,13.297000,436.191000,OK
9,15,adjacent,620,30,32,64,FWD,E4,E5,E9,E10,-187.047000,417.997000,OK
9,15,adjacent,620,30,32,65,REV,E5,E4,E9,E10,-185.809000,435.553000,OK
9,15,adjacent,620,30,32,66,FWD,E4,E5,E10,E11,176.895000,419.034000,OK
9,15,adjacent,620,30,32,67,REV,E5,E4,E10,E11,177.883000,435.832000,OK
9,15,adjacent,620,30,32,68,FWD,E4,E5,E11,E12,10.727000,419.114000,OK
9,15,adjacent,620,30,32,69,REV,E5,E4,E11,E12,11.848000,435.593000,OK
9,15,adjacent,620,30,32,70,FWD,E4,E5,E12,E1,20.598000,419.353000,OK
9,15,adjacent,620,30,32,71,REV,E5,E4,E12,E1,23.008000,435.952000,OK
9,15,adjacent,620,30,32,72,FWD,E5,E6,E1,E2,-62.609000,379.094000,OK
9,15,adjacent,620,30,32,73,REV,E6,E5,E1,E2,-60.641000,405.508000,OK
9,15,adjacent,620,30,32,74,FWD,E5,E6,E2,E3,14.586000,400.361000,OK
9,15,adjacent,620,30,32,75,REV,E6,E5,E2,E3,18.934000,401.119000,OK
9,15,adjacent,620,30,32,76,FWD,E5,E6,E3,E4,9.953000,402.715000,OK
9,15,adjacent,620,30,32,77,REV,E6,E5,E3,E4,17.809000,400.002000,OK
9,15,adjacent,620,30,32,78,FWD,E5,E6,E7,E8,19.676000,403.832000,OK
9,15,adjacent,620,30,32,79,REV,E6,E5,E7,E8,29.785000,399.642000,OK
9,15,adjacent,620,30,32,80,FWD,E5,E6,E8,E9,10.258000,403.952000,OK
9,15,adjacent,620,30,32,81,REV,E6,E5,E8,E9,14.484000,399.962000,OK
9,15,adjacent,620,30,32,82,FWD,E5,E6,E9,E10,-188.418000,404.191000,OK
9,15,adjacent,620,30,32,83,REV,E6,E5,E9,E10,-185.906000,399.882000,OK
9,15,adjacent,620,30,32,84,FWD,E5,E6,E10,E11,177.387000,403.433000,OK
9,15,adjacent,620,30,32,85,REV,E6,E5,E10,E11,178.832000,399.962000,OK
9,15,adjacent,620,30,32,86,FWD,E5,E6,E11,E12,10.520000,404.431000,OK
9,15,adjacent,620,30,32,87,REV,E6,E5,E11,E12,11.766000,399.243000,OK
9,15,adjacent,620,30,32,88,FWD,E5,E6,E12,E1,20.738000,404.909000,OK
9,15,adjacent,620,30,32,89,REV,E6,E5,E12,E1,22.871000,399.243000,OK
9,15,adjacent,620,30,32,90,FWD,E6,E7,E1,E2,-62.371000,368.321000,OK
9,15,adjacent,620,30,32,91,REV,E7,E6,E1,E2,-61.273000,355.193000,OK
9,15,adjacent,620,30,32,92,FWD,E6,E7,E2,E3,16.238000,389.149000,OK
9,15,adjacent,620,30,32,93,REV,E7,E6,E2,E3,18.145000,351.762000,OK
9,15,adjacent,620,30,32,94,FWD,E6,E7,E3,E4,11.527000,390.824000,OK
9,15,adjacent,620,30,32,95,REV,E7,E6,E3,E4,14.164000,351.722000,OK
9,15,adjacent,620,30,32,96,FWD,E6,E7,E4,E5,16.969000,390.785000,OK
9,15,adjacent,620,30,32,97,REV,E7,E6,E4,E5,23.062000,351.044000,OK
9,15,adjacent,620,30,32,98,FWD,E6,E7,E8,E9,9.008000,391.463000,OK
9,15,adjacent,620,30,32,99,REV,E7,E6,E8,E9,15.484000,350.685000,OK
9,15,adjacent,620,30,32,100,FWD,E6,E7,E9,E10,-189.469000,391.463000,OK
9,15,adjacent,620,30,32,101,REV,E7,E6,E9,E10,-186.105000,350.764000,OK
9,15,adjacent,620,30,32,102,FWD,E6,E7,E10,E11,177.859000,391.343000,OK
9,15,adjacent,620,30,32,103,REV,E7,E6,E10,E11,179.414000,350.804000,OK
9,15,adjacent,620,30,32,104,FWD,E6,E7,E11,E12,10.605000,391.383000,OK
9,15,adjacent,620,30,32,105,REV,E7,E6,E11,E12,11.637000,350.924000,OK
9,15,adjacent,620,30,32,106,FWD,E6,E7,E12,E1,20.996000,391.543000,OK
9,15,adjacent,620,30,32,107,REV,E7,E6,E12,E1,22.488000,351.283000,OK
9,15,adjacent,620,30,32,108,FWD,E7,E8,E1,E2,-62.414000,299.253000,OK
9,15,adjacent,620,30,32,109,REV,E8,E7,E1,E2,-61.340000,344.779000,OK
9,15,adjacent,620,30,32,110,FWD,E7,E8,E2,E3,16.734000,316.849000,OK
9,15,adjacent,620,30,32,111,REV,E8,E7,E2,E3,18.180000,341.867000,OK
9,15,adjacent,620,30,32,112,FWD,E7,E8,E3,E4,12.063000,318.565000,OK
9,15,adjacent,620,30,32,113,REV,E8,E7,E3,E4,13.625000,341.268000,OK
9,15,adjacent,620,30,32,114,FWD,E7,E8,E4,E5,18.664000,318.804000,OK
9,15,adjacent,620,30,32,115,REV,E8,E7,E4,E5,21.418000,341.308000,OK
9,15,adjacent,620,30,32,116,FWD,E7,E8,E5,E6,-10.508000,319.243000,OK
9,15,adjacent,620,30,32,117,REV,E8,E7,E5,E6,-2.234000,341.268000,OK
9,15,adjacent,620,30,32,118,FWD,E7,E8,E9,E10,-192.082000,319.283000,OK
9,15,adjacent,620,30,32,119,REV,E8,E7,E9,E10,-183.926000,341.348000,OK
9,15,adjacent,620,30,32,120,FWD,E7,E8,E10,E11,177.660000,319.323000,OK
9,15,adjacent,620,30,32,121,REV,E8,E7,E10,E11,180.648000,341.268000,OK
9,15,adjacent,620,30,32,122,FWD,E7,E8,E11,E12,10.340000,319.562000,OK
9,15,adjacent,620,30,32,123,REV,E8,E7,E11,E12,11.941000,341.029000,OK
9,15,adjacent,620,30,32,124,FWD,E7,E8,E12,E1,20.902000,320.121000,OK
9,15,adjacent,620,30,32,125,REV,E8,E7,E12,E1,22.727000,341.228000,OK
9,15,adjacent,620,30,32,126,FWD,E8,E9,E1,E2,-62.473000,287.682000,OK
9,15,adjacent,620,30,32,127,REV,E9,E8,E1,E2,-61.391000,329.537000,OK
9,15,adjacent,620,30,32,128,FWD,E8,E9,E2,E3,16.984000,308.271000,OK
9,15,adjacent,620,30,32,129,REV,E9,E8,E2,E3,18.129000,324.909000,OK
9,15,adjacent,620,30,32,130,FWD,E8,E9,E3,E4,12.289000,310.066000,OK
9,15,adjacent,620,30,32,131,REV,E9,E8,E3,E4,13.230000,324.670000,OK
9,15,adjacent,620,30,32,132,FWD,E8,E9,E4,E5,19.375000,311.064000,OK
9,15,adjacent,620,30,32,133,REV,E9,E8,E4,E5,20.727000,324.031000,OK
9,15,adjacent,620,30,32,134,FWD,E8,E9,E5,E6,-8.098000,311.622000,OK
9,15,adjacent,620,30,32,135,REV,E9,E8,E5,E6,-4.762000,323.592000,OK
9,15,adjacent,620,30,32,136,FWD,E8,E9,E6,E7,-45.500000,312.061000,OK
9,15,adjacent,620,30,32,137,REV,E9,E8,E6,E7,-40.078000,323.393000,OK
9,15,adjacent,620,30,32,138,FWD,E8,E9,E10,E11,176.809000,312.181000,OK
9,15,adjacent,620,30,32,139,REV,E9,E8,E10,E11,182.426000,322.874000,OK
9,15,adjacent,620,30,32,140,FWD,E8,E9,E11,E12,9.852000,312.340000,OK
9,15,adjacent,620,30,32,141,REV,E9,E8,E11,E12,12.188000,322.874000,OK
9,15,adjacent,620,30,32,142,FWD,E8,E9,E12,E1,20.691000,312.021000,OK
9,15,adjacent,620,30,32,143,REV,E9,E8,E12,E1,22.941000,322.994000,OK
9,15,adjacent,620,30,32,144,FWD,E9,E10,E1,E2,-62.883000,439.902000,OK
9,15,adjacent,620,30,32,145,REV,E10,E9,E1,E2,-61.277000,306.515000,OK
9,15,adjacent,620,30,32,146,FWD,E9,E10,E2,E3,16.531000,457.857000,OK
9,15,adjacent,620,30,32,147,REV,E10,E9,E2,E3,17.914000,306.874000,OK
9,15,adjacent,620,30,32,148,FWD,E9,E10,E3,E4,12.246000,457.338000,OK
9,15,adjacent,620,30,32,149,REV,E10,E9,E3,E4,13.188000,307.911000,OK
9,15,adjacent,620,30,32,150,FWD,E9,E10,E4,E5,19.422000,455.503000,OK
9,15,adjacent,620,30,32,151,REV,E10,E9,E4,E5,20.504000,309.507000,OK
9,15,adjacent,620,30,32,152,FWD,E9,E10,E5,E6,-7.687000,455.304000,OK
9,15,adjacent,620,30,32,153,REV,E10,E9,E5,E6,-5.418000,309.946000,OK
9,15,adjacent,620,30,32,154,FWD,E9,E10,E6,E7,-45.113000,454.825000,OK
9,15,adjacent,620,30,32,155,REV,E10,E9,E6,E7,-41.770000,311.742000,OK
9,15,adjacent,620,30,32,156,FWD,E9,E10,E7,E8,18.785000,453.189000,OK
9,15,adjacent,620,30,32,157,REV,E10,E9,E7,E8,27.773000,313.019000,OK
9,15,adjacent,620,30,32,158,FWD,E9,E10,E11,E12,6.187000,452.910000,OK
9,15,adjacent,620,30,32,159,REV,E10,E9,E11,E12,13.422000,313.098000,OK
9,15,adjacent,620,30,32,160,FWD,E9,E10,E12,E1,19.418000,452.112000,OK
9,15,adjacent,620,30,32,161,REV,E10,E9,E12,E1,23.285000,313.577000,OK
9,15,adjacent,620,30,32,162,FWD,E10,E11,E1,E2,-62.879000,241.078000,OK
9,15,adjacent,620,30,32,163,REV,E11,E10,E1,E2,-60.094000,447.523000,OK
9,15,adjacent,620,30,32,164,FWD,E10,E11,E2,E3,16.469000,295.782000,OK
9,15,adjacent,620,30,32,165,REV,E11,E10,E2,E3,18.520000,434.715000,OK
9,15,adjacent,620,30,32,166,FWD,E10,E11,E3,E4,12.488000,302.565000,OK
9,15,adjacent,620,30,32,167,REV,E11,E10,E3,E4,13.402000,431.084000,OK
9,15,adjacent,620,30,32,168,FWD,E10,E11,E4,E5,19.770000,304.320000,OK
9,15,adjacent,620,30,32,169,REV,E11,E10,E4,E5,20.520000,429.608000,OK
9,15,adjacent,620,30,32,170,FWD,E10,E11,E5,E6,-6.707000,305.837000,OK
9,15,adjacent,620,30,32,171,REV,E11,E10,E5,E6,-5.527000,428.610000,OK
9,15,adjacent,620,30,32,172,FWD,E10,E11,E6,E7,-43.727000,306.675000,OK
9,15,adjacent,620,30,32,173,REV,E11,E10,E6,E7,-42.348000,428.331000,OK
9,15,adjacent,620,30,32,174,FWD,E10,E11,E7,E8,23.141000,306.994000,OK
9,15,adjacent,620,30,32,175,REV,E11,E10,E7,E8,26.145000,427.692000,OK
9,15,adjacent,620,30,32,176,FWD,E10,E11,E8,E9,7.363000,307.273000,OK
9,15,adjacent,620,30,32,177,REV,E11,E10,E8,E9,13.555000,427.453000,OK
9,15,adjacent,620,30,32,178,FWD,E10,E11,E12,E1,17.477000,308.111000,OK
9,15,adjacent,620,30,32,179,REV,E11,E10,E12,E1,28.406000,426.855000,OK
9,15,adjacent,620,30,32,180,FWD,E11,E12,E1,E2,-64.918000,259.472000,OK
9,15,adjacent,620,30,32,181,REV,E12,E11,E1,E2,-58.391000,331.532000,OK
9,15,adjacent,620,30,32,182,FWD,E11,E12,E2,E3,15.355000,297.098000,OK
9,15,adjacent,620,30,32,183,REV,E12,E11,E2,E3,19.504000,322.874000,OK
9,15,adjacent,620,30,32,184,FWD,E11,E12,E3,E4,12.230000,301.248000,OK
9,15,adjacent,620,30,32,185,REV,E12,E11,E3,E4,13.637000,321.158000,OK
9,15,adjacent,620,30,32,186,FWD,E11,E12,E4,E5,19.629000,302.525000,OK
9,15,adjacent,620,30,32,187,REV,E12,E11,E4,E5,20.434000,320.121000,OK
9,15,adjacent,620,30,32,188,FWD,E11,E12,E5,E6,-6.664000,303.522000,OK
9,15,adjacent,620,30,32,189,REV,E12,E11,E5,E6,-5.750000,319.283000,OK
9,15,adjacent,620,30,32,190,FWD,E11,E12,E6,E7,-43.637000,303.802000,OK
9,15,adjacent,620,30,32,191,REV,E12,E11,E6,E7,-42.773000,319.044000,OK
9,15,adjacent,620,30,32,192,FWD,E11,E12,E7,E8,23.715000,304.560000,OK
9,15,adjacent,620,30,32,193,REV,E12,E11,E7,E8,25.164000,319.044000,OK
9,15,adjacent,620,30,32,194,FWD,E11,E12,E8,E9,10.148000,304.440000,OK
9,15,adjacent,620,30,32,195,REV,E12,E11,E8,E9,12.402000,318.206000,OK
9,15,adjacent,620,30,32,196,FWD,E11,E12,E9,E10,-176.723000,305.158000,OK
9,15,adjacent,620,30,32,197,REV,E12,E11,E9,E10,-171.059000,318.126000,OK
9,15,adjacent,620,30,32,198,FWD,E12,E1,E2,E3,10.676000,277.667000,OK
9,15,adjacent,620,30,32,199,REV,E1,E12,E2,E3,24.680000,321.956000,OK
9,15,adjacent,620,30,32,200,FWD,E12,E1,E3,E4,10.926000,298.854000,OK
9,15,adjacent,620,30,32,201,REV,E1,E12,E3,E4,14.875000,316.849000,OK
9,15,adjacent,620,30,32,202,FWD,E12,E1,E4,E5,19.184000,300.809000,OK
9,15,adjacent,620,30,32,203,REV,E1,E12,E4,E5,20.891000,315.812000,OK
9,15,adjacent,620,30,32,204,FWD,E12,E1,E5,E6,-6.961000,301.408000,OK
9,15,adjacent,620,30,32,205,REV,E1,E12,E5,E6,-5.344000,315.931000,OK
9,15,adjacent,620,30,32,206,FWD,E12,E1,E6,E7,-43.855000,302.285000,OK
9,15,adjacent,620,30,32,207,REV,E1,E12,E6,E7,-42.609000,315.652000,OK
9,15,adjacent,620,30,32,208,FWD,E12,E1,E7,E8,23.641000,302.365000,OK
9,15,adjacent,620,30,32,209,REV,E1,E12,E7,E8,25.367000,315.094000,OK
9,15,adjacent,620,30,32,210,FWD,E12,E1,E8,E9,10.676000,302.285000,OK
9,15,adjacent,620,30,32,211,REV,E1,E12,E8,E9,12.891000,315.133000,OK
9,15,adjacent,620,30,32,212,FWD,E12,E1,E9,E10,-181.172000,302.924000,OK
9,15,adjacent,620,30,32,213,REV,E1,E12,E9,E10,-178.059000,315.054000,OK
9,15,adjacent,620,30,32,214,FWD,E12,E1,E10,E11,165.250000,302.645000,OK
9,15,adjacent,620,30,32,215,REV,E1,E12,E10,E11,175.363000,314.974000,OK
