frame_index,frame_id,pattern,dac_code,settle_ms,sample_count,record_index,polarity,i_plus,i_minus,v_plus,v_minus,voltage_mv,current_ua,quality
0,6,adjacent,620,30,32,0,FWD,E1,E2,E3,E4,-9.086000,325.707000,OK
0,6,adjacent,620,30,32,1,REV,E2,E1,E3,E4,19.984000,333.966000,OK
0,6,adjacent,620,30,32,2,FWD,E1,E2,E4,E5,6.836000,333.807000,OK
0,6,adjacent,620,30,32,3,REV,E2,E1,E4,E5,23.414000,331.852000,OK
0,6,adjacent,620,30,32,4,FWD,E1,E2,E5,E6,-17.320000,335.682000,OK
0,6,adjacent,620,30,32,5,REV,E2,E1,E5,E6,-13.684000,330.615000,OK
0,6,adjacent,620,30,32,6,FWD,E1,E2,E6,E7,-13.621000,335.523000,OK
0,6,adjacent,620,30,32,7,REV,E2,E1,E6,E7,-10.559000,330.056000,OK
0,6,adjacent,620,30,32,8,FWD,E1,E2,E7,E8,44.563000,336.680000,OK
0,6,adjacent,620,30,32,9,REV,E2,E1,E7,E8,47.031000,330.655000,OK
0,6,adjacent,620,30,32,10,FWD,E1,E2,E8,E9,-53.816000,336.600000,OK
0,6,adjacent,620,30,32,11,REV,E2,E1,E8,E9,-51.379000,330.415000,OK
0,6,adjacent,620,30,32,12,FWD,E1,E2,E9,E10,8.707000,337.079000,OK
0,6,adjacent,620,30,32,13,REV,E2,E1,E9,E10,15.402000,329.777000,OK
0,6,adjacent,620,30,32,14,FWD,E1,E2,E10,E11,43.055000,336.600000,OK
0,6,adjacent,620,30,32,15,REV,E2,E1,E10,E11,57.730000,330.016000,OK
0,6,adjacent,620,30,32,16,FWD,E1,E2,E11,E12,-69.641000,336.680000,OK
0,6,adjacent,620,30,32,17,REV,E2,E1,E11,E12,-29.254000,330.096000,OK
0,6,adjacent,620,30,32,18,FWD,E2,E3,E4,E5,-5.180000,333.927000,OK
0,6,adjacent,620,30,32,19,REV,E3,E2,E4,E5,35.484000,337.318000,OK
0,6,adjacent,620,30,32,20,FWD,E2,E3,E5,E6,-18.957000,339.712000,OK
0,6,adjacent,620,30,32,21,REV,E3,E2,E5,E6,-12.098000,335.483000,OK
0,6,adjacent,620,30,32,22,FWD,E2,E3,E6,E7,-14.512000,341.109000,OK
0,6,adjacent,620,30,32,23,REV,E3,E2,E6,E7,-9.727000,335.044000,OK
0,6,adjacent,620,30,32,24,FWD,E2,E3,E7,E8,44.230000,341.388000,OK
0,6,adjacent,620,30,32,25,REV,E3,E2,E7,E8,47.422000,335.323000,OK
0,6,adjacent,620,30,32,26,FWD,E2,E3,E8,E9,-53.844000,341.547000,OK
0,6,adjacent,620,30,32,27,REV,E3,E2,E8,E9,-51.457000,334.206000,OK
0,6,adjacent,620,30,32,28,FWD,E2,E3,E9,E10,9.703000,341.268000,OK
0,6,adjacent,620,30,32,29,REV,E3,E2,E9,E10,14.469000,335.124000,OK
0,6,adjacent,620,30,32,30,FWD,E2,E3,E10,E11,46.281000,341.827000,OK
0,6,adjacent,620,30,32,31,REV,E3,E2,E10,E11,54.598000,334.764000,OK
0,6,adjacent,620,30,32,32,FWD,E2,E3,E11,E12,-57.410000,341.627000,OK
0,6,adjacent,620,30,32,33,REV,E3,E2,E11,E12,-42.008000,334.405000,OK
0,6,adjacent,620,30,32,34,FWD,E2,E3,E12,E1,4.312000,341.308000,OK
0,6,adjacent,620,30,32,35,REV,E3,E2,E12,E1,35.980000,334.804000,OK
0,6,adjacent,620,30,32,36,FWD,E3,E4,E1,E2,-19.973000,353.278000,OK
0,6,adjacent,620,30,32,37,REV,E4,E3,E1,E2,10.156000,372.550000,OK
0,6,adjacent,620,30,32,38,FWD,E3,E4,E5,E6,-24.133000,361.578000,OK
0,6,adjacent,620,30,32,39,REV,E4,E3,E5,E6,-6.625000,370.435000,OK
0,6,adjacent,620,30,32,40,FWD,E3,E4,E6,E7,-17.086000,362.455000,OK
0,6,adjacent,620,30,32,41,REV,E4,E3,E6,E7,-7.055000,369.478000,OK
0,6,adjacent,620,30,32,42,FWD,E3,E4,E7,E8,43.156000,362.655000,OK
0,6,adjacent,620,30,32,43,REV,E4,E3,E7,E8,48.641000,369.159000,OK
0,6,adjacent,620,30,32,44,FWD,E3,E4,E8,E9,-54.230000,362.934000,OK
0,6,adjacent,620,30,32,45,REV,E4,E3,E8,E9,-51.109000,368.919000,OK
0,6,adjacent,620,30,32,46,FWD,E3,E4,E9,E10,9.875000,363.652000,OK
0,6,adjacent,620,30,32,47,REV,E4,E3,E9,E10,14.332000,369.039000,OK
0,6,adjacent,620,30,32,48,FWD,E3,E4,E10,E11,47.578000,362.894000,OK
0,6,adjacent,620,30,32,49,REV,E4,E3,E10,E11,53.473000,368.760000,OK
0,6,adjacent,620,30,32,50,FWD,E3,E4,E11,E12,-53.375000,363.932000,OK
0,6,adjacent,620,30,32,51,REV,E4,E3,E11,E12,-46.113000,368.760000,OK
0,6,adjacent,620,30,32,52,FWD,E3,E4,E12,E1,14.117000,364.371000,OK
0,6,adjacent,620,30,32,53,REV,E4,E3,E12,E1,25.820000,369.039000,OK
0,6,adjacent,620,30,32,54,FWD,E4,E5,E1,E2,-17.074000,365.647000,OK
0,6,adjacent,620,30,32,55,REV,E5,E4,E1,E2,1.852000,395.493000,OK
0,6,adjacent,620,30,32,56,FWD,E4,E5,E2,E3,-29.715000,375.064000,OK
0,6,adjacent,620,30,32,57,REV,E5,E4,E2,E3,15.645000,392.820000,OK
0,6,adjacent,620,30,32,58,FWD,E4,E5,E6,E7,-32.668000,376.460000,OK
0,6,adjacent,620,30,32,59,REV,E5,E4,E6,E7,9.238000,391.862000,OK
0,6,adjacent,620,30,32,60,FWD,E4,E5,E7,E8,37.172000,377.657000,OK
0,6,adjacent,620,30,32,61,REV,E5,E4,E7,E8,54.926000,391.343000,OK
0,6,adjacent,620,30,32,62,FWD,E4,E5,E8,E9,-56.523000,377.378000,OK
0,6,adjacent,620,30,32,63,REV,E5,E4,E8,E9,-48.758000,390.465000,OK
0,6,adjacent,620,30,32,64,FWD,E4,E5,E9,E10,7.914000,378.455000,OK
0,6,adjacent,620,30,32,65,REV,E5,E4,E9,E10,16.414000,391.024000,OK
0,6,adjacent,620,30,32,66,FWD,E4,E5,E10,E11,46.129000,378.814000,OK
0,6,adjacent,620,30,32,67,REV,E5,E4,E10,E11,55.102000,391.503000,OK
0,6,adjacent,620,30,32,68,FWD,E4,E5,E11,E12,-53.527000,379.094000,OK
0,6,adjacent,620,30,32,69,REV,E5,E4,E11,E12,-46.070000,390.545000,OK
0,6,adjacent,620,30,32,70,FWD,E4,E5,E12,E1,15.223000,378.695000,OK
0,6,adjacent,620,30,32,71,REV,E5,E4,E12,E1,24.570000,390.864000,OK
0,6,adjacent,620,30,32,72,FWD,E5,E6,E1,E2,-9.859000,359.942000,OK
0,6,adjacent,620,30,32,73,REV,E6,E5,E1,E2,-5.852000,366.286000,OK
0,6,adjacent,620,30,32,74,FWD,E5,E6,E2,E3,-13.625000,368.959000,OK
0,6,adjacent,620,30,32,75,REV,E6,E5,E2,E3,-6.184000,364.011000,OK
0,6,adjacent,620,30,32,76,FWD,E5,E6,E3,E4,-2.203000,370.036000,OK
0,6,adjacent,620,30,32,77,REV,E6,E5,E3,E4,15.188000,363.054000,OK
0,6,adjacent,620,30,32,78,FWD,E5,E6,E7,E8,31.934000,370.755000,OK
0,6,adjacent,620,30,32,79,REV,E6,E5,E7,E8,59.496000,362.934000,OK
0,6,adjacent,620,30,32,80,FWD,E5,E6,E8,E9,-56.715000,371.513000,OK
0,6,adjacent,620,30,32,81,REV,E6,E5,E8,E9,-48.875000,362.695000,OK
0,6,adjacent,620,30,32,82,FWD,E5,E6,E9,E10,9.160000,371.872000,OK
0,6,adjacent,620,30,32,83,REV,E6,E5,E9,E10,14.977000,361.977000,OK
0,6,adjacent,620,30,32,84,FWD,E5,E6,E10,E11,48.281000,372.311000,OK
0,6,adjacent,620,30,32,85,REV,E6,E5,E10,E11,52.805000,362.854000,OK
0,6,adjacent,620,30,32,86,FWD,E5,E6,E11,E12,-51.188000,372.391000,OK
0,6,adjacent,620,30,32,87,REV,E6,E5,E11,E12,-48.719000,362.455000,OK
0,6,adjacent,620,30,32,88,FWD,E5,E6,E12,E1,18.523000,373.468000,OK
0,6,adjacent,620,30,32,89,REV,E6,E5,E12,E1,20.980000,363.453000,OK
0,6,adjacent,620,30,32,90,FWD,E6,E7,E1,E2,-9.586000,383.802000,OK
0,6,adjacent,620,30,32,91,REV,E7,E6,E1,E2,-6.062000,386.795000,OK
0,6,adjacent,620,30,32,92,FWD,E6,E7,E2,E3,-12.969000,392.740000,OK
0,6,adjacent,620,30,32,93,REV,E7,E6,E2,E3,-7.461000,384.720000,OK
0,6,adjacent,620,30,32,94,FWD,E6,E7,E3,E4,0.035000,394.176000,OK
0,6,adjacent,620,30,32,95,REV,E7,E6,E3,E4,10.684000,384.560000,OK
0,6,adjacent,620,30,32,96,FWD,E6,E7,E4,E5,-6.051000,394.615000,OK
0,6,adjacent,620,30,32,97,REV,E7,E6,E4,E5,36.539000,383.563000,OK
0,6,adjacent,620,30,32,98,FWD,E6,E7,E8,E9,-62.340000,394.455000,OK
0,6,adjacent,620,30,32,99,REV,E7,E6,E8,E9,-43.477000,383.882000,OK
0,6,adjacent,620,30,32,100,FWD,E6,E7,E9,E10,6.535000,394.575000,OK
0,6,adjacent,620,30,32,101,REV,E7,E6,E9,E10,17.523000,383.842000,OK
0,6,adjacent,620,30,32,102,FWD,E6,E7,E10,E11,46.957000,394.615000,OK
0,6,adjacent,620,30,32,103,REV,E7,E6,E10,E11,54.137000,383.603000,OK
0,6,adjacent,620,30,32,104,FWD,E6,E7,E11,E12,-51.496000,394.416000,OK
0,6,adjacent,620,30,32,105,REV,E7,E6,E11,E12,-48.457000,383.124000,OK
0,6,adjacent,620,30,32,106,FWD,E6,E7,E12,E1,18.488000,394.735000,OK
0,6,adjacent,620,30,32,107,REV,E7,E6,E12,E1,20.977000,383.603000,OK
0,6,adjacent,620,30,32,108,FWD,E7,E8,E1,E2,-9.375000,414.845000,OK
0,6,adjacent,620,30,32,109,REV,E8,E7,E1,E2,-6.023000,491.294000,OK
0,6,adjacent,620,30,32,110,FWD,E7,E8,E2,E3,-12.285000,429.648000,OK
0,6,adjacent,620,30,32,111,REV,E8,E7,E2,E3,-8.051000,484.870000,OK
0,6,adjacent,620,30,32,112,FWD,E7,E8,E3,E4,2.164000,432.241000,OK
0,6,adjacent,620,30,32,113,REV,E8,E7,E3,E4,8.988000,483.992000,OK
0,6,adjacent,620,30,32,114,FWD,E7,E8,E4,E5,5.121000,433.518000,OK
0,6,adjacent,620,30,32,115,REV,E8,E7,E4,E5,26.082000,482.556000,OK
0,6,adjacent,620,30,32,116,FWD,E7,E8,E5,E6,-30.953000,434.196000,OK
0,6,adjacent,620,30,32,117,REV,E8,E7,E5,E6,2.941000,481.837000,OK
0,6,adjacent,620,30,32,118,FWD,E7,E8,E9,E10,-5.383000,434.077000,OK
0,6,adjacent,620,30,32,119,REV,E8,E7,E9,E10,31.590000,480.880000,OK
0,6,adjacent,620,30,32,120,FWD,E7,E8,E10,E11,42.277000,435.034000,OK
0,6,adjacent,620,30,32,121,REV,E8,E7,E10,E11,59.832000,481.319000,OK
0,6,adjacent,620,30,32,122,FWD,E7,E8,E11,E12,-52.254000,434.715000,OK
0,6,adjacent,620,30,32,123,REV,E8,E7,E11,E12,-47.461000,481.279000,OK
0,6,adjacent,620,30,32,124,FWD,E7,E8,E12,E1,18.355000,435.274000,OK
0,6,adjacent,620,30,32,125,REV,E8,E7,E12,E1,21.301000,480.680000,OK
0,6,adjacent,620,30,32,126,FWD,E8,E9,E1,E2,-9.031000,334.844000,OK
0,6,adjacent,620,30,32,127,REV,E9,E8,E1,E2,-6.621000,317.607000,OK
0,6,adjacent,620,30,32,128,FWD,E8,E9,E2,E3,-11.590000,345.657000,OK
0,6,adjacent,620,30,32,129,REV,E9,E8,E2,E3,-9.266000,314.056000,OK
0,6,adjacent,620,30,32,130,FWD,E8,E9,E3,E4,3.902000,346.814000,OK
0,6,adjacent,620,30,32,131,REV,E9,E8,E3,E4,6.723000,313.777000,OK
0,6,adjacent,620,30,32,132,FWD,E8,E9,E4,E5,11.539000,347.493000,OK
0,6,adjacent,620,30,32,133,REV,E9,E8,E4,E5,18.207000,313.577000,OK
0,6,adjacent,620,30,32,134,FWD,E8,E9,E5,E6,-18.969000,347.971000,OK
0,6,adjacent,620,30,32,135,REV,E9,E8,E5,E6,-11.969000,313.577000,OK
0,6,adjacent,620,30,32,136,FWD,E8,E9,E6,E7,-18.805000,347.533000,OK
0,6,adjacent,620,30,32,137,REV,E9,E8,E6,E7,-3.066000,313.458000,OK
0,6,adjacent,620,30,32,138,FWD,E8,E9,E10,E11,28.715000,347.892000,OK
0,6,adjacent,620,30,32,139,REV,E9,E8,E10,E11,70.242000,313.617000,OK
0,6,adjacent,620,30,32,140,FWD,E8,E9,E11,E12,-53.621000,347.892000,OK
0,6,adjacent,620,30,32,141,REV,E9,E8,E11,E12,-46.777000,313.418000,OK
0,6,adjacent,620,30,32,142,FWD,E8,E9,E12,E1,18.184000,347.772000,OK
0,6,adjacent,620,30,32,143,REV,E9,E8,E12,E1,21.148000,313.138000,OK
0,6,adjacent,620,30,32,144,FWD,E9,E10,E1,E2,-10.016000,220.131000,OK
0,6,adjacent,620,30,32,145,REV,E10,E9,E1,E2,-5.461000,232.500000,OK
0,6,adjacent,620,30,32,146,FWD,E9,E10,E2,E3,-11.988000,224.320000,OK
0,6,adjacent,620,30,32,147,REV,E10,E9,E2,E3,-8.781000,230.864000,OK
0,6,adjacent,620,30,32,148,FWD,E9,E10,E3,E4,4.016000,225.158000,OK
0,6,adjacent,620,30,32,149,REV,E10,E9,E3,E4,6.785000,231.063000,OK
0,6,adjacent,620,30,32,150,FWD,E9,E10,E4,E5,12.559000,225.278000,OK
0,6,adjacent,620,30,32,151,REV,E10,E9,E4,E5,17.645000,230.904000,OK
0,6,adjacent,620,30,32,152,FWD,E9,E10,E5,E6,-17.184000,225.916000,OK
0,6,adjacent,620,30,32,153,REV,E10,E9,E5,E6,-13.559000,230.704000,OK
0,6,adjacent,620,30,32,154,FWD,E9,E10,E6,E7,-14.723000,225.118000,OK
0,6,adjacent,620,30,32,155,REV,E10,E9,E6,E7,-8.309000,230.385000,OK
0,6,adjacent,620,30,32,156,FWD,E9,E10,E7,E8,36.211000,225.836000,OK
0,6,adjacent,620,30,32,157,REV,E10,E9,E7,E8,54.930000,230.983000,OK
0,6,adjacent,620,30,32,158,FWD,E9,E10,E11,E12,-64.836000,225.836000,OK
0,6,adjacent,620,30,32,159,REV,E10,E9,E11,E12,-35.809000,230.545000,OK
0,6,adjacent,620,30,32,160,FWD,E9,E10,E12,E1,15.859000,225.796000,OK
0,6,adjacent,620,30,32,161,REV,E10,E9,E12,E1,23.691000,230.425000,OK
0,6,adjacent,620,30,32,162,FWD,E10,E11,E1,E2,-13.152000,237.647000,OK
0,6,adjacent,620,30,32,163,REV,E11,E10,E1,E2,-1.590000,280.181000,OK
0,6,adjacent,620,30,32,164,FWD,E10,E11,E2,E3,-13.441000,245.028000,OK
0,6,adjacent,620,30,32,165,REV,E11,E10,E2,E3,-7.004000,278.305000,OK
0,6,adjacent,620,30,32,166,FWD,E10,E11,E3,E4,3.410000,245.507000,OK
0,6,adjacent,620,30,32,167,REV,E11,E10,E3,E4,7.648000,278.106000,OK
0,6,adjacent,620,30,32,168,FWD,E10,E11,E4,E5,12.203000,246.664000,OK
0,6,adjacent,620,30,32,169,REV,E11,E10,E4,E5,18.371000,277.547000,OK
0,6,adjacent,620,30,32,170,FWD,E10,E11,E5,E6,-16.926000,246.664000,OK
0,6,adjacent,620,30,32,171,REV,E11,E10,E5,E6,-13.730000,277.707000,OK
0,6,adjacent,620,30,32,172,FWD,E10,E11,E6,E7,-14.090000,246.465000,OK
0,6,adjacent,620,30,32,173,REV,E11,E10,E6,E7,-9.270000,277.547000,OK
0,6,adjacent,620,30,32,174,FWD,E10,E11,E7,E8,40.715000,247.462000,OK
0,6,adjacent,620,30,32,175,REV,E11,E10,E7,E8,50.949000,277.547000,OK
0,6,adjacent,620,30,32,176,FWD,E10,E11,E8,E9,-67.781000,246.425000,OK
0,6,adjacent,620,30,32,177,REV,E11,E10,E8,E9,-34.605000,277.348000,OK
0,6,adjacent,620,30,32,178,FWD,E10,E11,E12,E1,7.543000,247.263000,OK
0,6,adjacent,620,30,32,179,REV,E11,E10,E12,E1,33.723000,277.587000,OK
0,6,adjacent,620,30,32,180,FWD,E11,E12,E1,E2,-25.887000,294.186000,OK
0,6,adjacent,620,30,32,181,REV,E12,E11,E1,E2,8.852000,273.477000,OK
0,6,adjacent,620,30,32,182,FWD,E11,E12,E2,E3,-17.289000,300.370000,OK
0,6,adjacent,620,30,32,183,REV,E12,E11,E2,E3,-4.312000,271.363000,OK
0,6,adjacent,620,30,32,184,FWD,E11,E12,E3,E4,2.418000,301.607000,OK
0,6,adjacent,620,30,32,185,REV,E12,E11,E3,E4,8.109000,271.762000,OK
0,6,adjacent,620,30,32,186,FWD,E11,E12,E4,E5,12.195000,301.887000,OK
0,6,adjacent,620,30,32,187,REV,E12,E11,E4,E5,17.766000,270.365000,OK
0,6,adjacent,620,30,32,188,FWD,E11,E12,E5,E6,-16.457000,301.687000,OK
0,6,adjacent,620,30,32,189,REV,E12,E11,E5,E6,-14.539000,271.682000,OK
0,6,adjacent,620,30,32,190,FWD,E11,E12,E6,E7,-13.113000,302.485000,OK
0,6,adjacent,620,30,32,191,REV,E12,E11,E6,E7,-10.902000,270.844000,OK
0,6,adjacent,620,30,32,192,FWD,E11,E12,E7,E8,44.035000,302.325000,OK
0,6,adjacent,620,30,32,193,REV,E12,E11,E7,E8,47.074000,271.323000,OK
0,6,adjacent,620,30,32,194,FWD,E11,E12,E8,E9,-55.605000,302.565000,OK
0,6,adjacent,620,30,32,195,REV,E12,E11,E8,E9,-49.699000,271.043000,OK
0,6,adjacent,620,30,32,196,FWD,E11,E12,E9,E10,-7.176000,302.485000,OK
0,6,adjacent,620,30,32,197,REV,E12,E11,E9,E10,29.746000,270.964000,OK
0,6,adjacent,620,30,32,198,FWD,E12,E1,E2,E3,-22.926000,262.385000,OK
0,6,adjacent,620,30,32,199,REV,E1,E12,E2,E3,2.855000,286.445000,OK
0,6,adjacent,620,30,32,200,FWD,E12,E1,E3,E4,1.109000,269.048000,OK
0,6,adjacent,620,30,32,201,REV,E1,E12,E3,E4,9.965000,284.450000,OK
0,6,adjacent,620,30,32,202,FWD,E12,E1,E4,E5,11.852000,269.647000,OK
0,6,adjacent,620,30,32,203,REV,E1,E12,E4,E5,18.605000,283.692000,OK
0,6,adjacent,620,30,32,204,FWD,E12,E1,E5,E6,-16.355000,270.445000,OK
0,6,adjacent,620,30,32,205,REV,E1,E12,E5,E6,-14.512000,283.612000,OK
0,6,adjacent,620,30,32,206,FWD,E12,E1,E6,E7,-12.887000,269.487000,OK
0,6,adjacent,620,30,32,207,REV,E1,E12,E6,E7,-11.098000,282.934000,OK
0,6,adjacent,620,30,32,208,FWD,E12,E1,E7,E8,44.824000,270.206000,OK
0,6,adjacent,620,30,32,209,REV,E1,E12,E7,E8,46.633000,283.453000,OK
0,6,adjacent,620,30,32,210,FWD,E12,E1,E8,E9,-53.785000,269.966000,OK
0,6,adjacent,620,30,32,211,REV,E1,E12,E8,E9,-51.348000,283.572000,OK
0,6,adjacent,620,30,32,212,FWD,E12,E1,E9,E10,7.648000,270.405000,OK
0,6,adjacent,620,30,32,213,REV,E1,E12,E9,E10,17.152000,283.812000,OK
0,6,adjacent,620,30,32,214,FWD,E12,E1,E10,E11,36.965000,270.844000,OK
0,6,adjacent,620,30,32,215,REV,E1,E12,E10,E11,64.668000,283.532000,OK
1,7,adjacent,620,30,32,0,FWD,E1,E2,E3,E4,-9.113000,327.263000,OK
1,7,adjacent,620,30,32,1,REV,E2,E1,E3,E4,20.059000,335.722000,OK
1,7,adjacent,620,30,32,2,FWD,E1,E2,E4,E5,6.777000,335.283000,OK
1,7,adjacent,620,30,32,3,REV,E2,E1,E4,E5,23.387000,333.208000,OK
1,7,adjacent,620,30,32,4,FWD,E1,E2,E5,E6,-17.301000,337.039000,OK
1,7,adjacent,620,30,32,5,REV,E2,E1,E5,E6,-13.664000,332.490000,OK
1,7,adjacent,620,30,32,6,FWD,E1,E2,E6,E7,-13.574000,337.039000,OK
1,7,adjacent,620,30,32,7,REV,E2,E1,E6,E7,-10.547000,331.971000,OK
1,7,adjacent,620,30,32,8,FWD,E1,E2,E7,E8,44.477000,337.438000,OK
1,7,adjacent,620,30,32,9,REV,E2,E1,E7,E8,46.977000,331.852000,OK
1,7,adjacent,620,30,32,10,FWD,E1,E2,E8,E9,-53.867000,338.156000,OK
1,7,adjacent,620,30,32,11,REV,E2,E1,E8,E9,-51.445000,331.732000,OK
1,7,adjacent,620,30,32,12,FWD,E1,E2,E9,E10,8.813000,337.917000,OK
1,7,adjacent,620,30,32,13,REV,E2,E1,E9,E10,15.543000,331.692000,OK
1,7,adjacent,620,30,32,14,FWD,E1,E2,E10,E11,43.000000,338.076000,OK
1,7,adjacent,620,30,32,15,REV,E2,E1,E10,E11,57.703000,331.612000,OK
1,7,adjacent,620,30,32,16,FWD,E1,E2,E11,E12,-69.785000,338.715000,OK
1,7,adjacent,620,30,32,17,REV,E2,E1,E11,E12,-29.152000,331.732000,OK
1,7,adjacent,620,30,32,18,FWD,E2,E3,E4,E5,-5.367000,334.645000,OK
1,7,adjacent,620,30,32,19,REV,E3,E2,E4,E5,35.645000,339.114000,OK
1,7,adjacent,620,30,32,20,FWD,E2,E3,E5,E6,-18.953000,341.667000,OK
1,7,adjacent,620,30,32,21,REV,E3,E2,E5,E6,-12.059000,337.398000,OK
1,7,adjacent,620,30,32,22,FWD,E2,E3,E6,E7,-14.516000,342.186000,OK
1,7,adjacent,620,30,32,23,REV,E3,E2,E6,E7,-9.734000,336.799000,OK
1,7,adjacent,620,30,32,24,FWD,E2,E3,E7,E8,44.152000,343.223000,OK
1,7,adjacent,620,30,32,25,REV,E3,E2,E7,E8,47.363000,336.440000,OK
1,7,adjacent,620,30,32,26,FWD,E2,E3,E8,E9,-53.895000,342.346000,OK
1,7,adjacent,620,30,32,27,REV,E3,E2,E8,E9,-51.508000,336.680000,OK
1,7,adjacent,620,30,32,28,FWD,E2,E3,E9,E10,9.813000,343.144000,OK
1,7,adjacent,620,30,32,29,REV,E3,E2,E9,E10,14.602000,336.680000,OK
1,7,adjacent,620,30,32,30,FWD,E2,E3,E10,E11,46.223000,342.705000,OK
1,7,adjacent,620,30,32,31,REV,E3,E2,E10,E11,54.594000,336.041000,OK
1,7,adjacent,620,30,32,32,FWD,E2,E3,E11,E12,-57.422000,343.423000,OK
1,7,adjacent,620,30,32,33,REV,E3,E2,E11,E12,-41.957000,336.640000,OK
1,7,adjacent,620,30,32,34,FWD,E2,E3,E12,E1,4.156000,343.263000,OK
1,7,adjacent,620,30,32,35,REV,E3,E2,E12,E1,36.027000,336.201000,OK
1,7,adjacent,620,30,32,36,FWD,E3,E4,E1,E2,-19.984000,355.034000,OK
1,7,adjacent,620,30,32,37,REV,E4,E3,E1,E2,10.305000,374.346000,OK
1,7,adjacent,620,30,32,38,FWD,E3,E4,E5,E6,-24.180000,362.216000,OK
1,7,adjacent,620,30,32,39,REV,E4,E3,E5,E6,-6.559000,371.672000,OK
1,7,adjacent,620,30,32,40,FWD,E3,E4,E6,E7,-17.145000,363.812000,OK
1,7,adjacent,620,30,32,41,REV,E4,E3,E6,E7,-7.055000,371.194000,OK
1,7,adjacent,620,30,32,42,FWD,E3,E4,E7,E8,43.063000,364.450000,OK
1,7,adjacent,620,30,32,43,REV,E4,E3,E7,E8,48.609000,371.433000,OK
1,7,adjacent,620,30,32,44,FWD,E3,E4,E8,E9,-54.297000,364.570000,OK
1,7,adjacent,620,30,32,45,REV,E4,E3,E8,E9,-51.168000,370.555000,OK
1,7,adjacent,620,30,32,46,FWD,E3,E4,E9,E10,9.980000,365.408000,OK
1,7,adjacent,620,30,32,47,REV,E4,E3,E9,E10,14.496000,370.954000,OK
1,7,adjacent,620,30,32,48,FWD,E3,E4,E10,E11,47.551000,365.448000,OK
1,7,adjacent,620,30,32,49,REV,E4,E3,E10,E11,53.488000,370.395000,OK
1,7,adjacent,620,30,32,50,FWD,E3,E4,E11,E12,-53.383000,365.089000,OK
1,7,adjacent,620,30,32,51,REV,E4,E3,E11,E12,-46.066000,370.395000,OK
1,7,adjacent,620,30,32,52,FWD,E3,E4,E12,E1,14.063000,365.488000,OK
1,7,adjacent,620,30,32,53,REV,E4,E3,E12,E1,25.836000,369.677000,OK
1,7,adjacent,620,30,32,54,FWD,E4,E5,E1,E2,-17.055000,367.004000,OK
1,7,adjacent,620,30,32,55,REV,E5,E4,E1,E2,1.937000,397.608000,OK
1,7,adjacent,620,30,32,56,FWD,E4,E5,E2,E3,-29.828000,377.019000,OK
1,7,adjacent,620,30,32,57,REV,E5,E4,E2,E3,15.707000,394.695000,OK
1,7,adjacent,620,30,32,58,FWD,E4,E5,E6,E7,-32.777000,378.376000,OK
1,7,adjacent,620,30,32,59,REV,E5,E4,E6,E7,9.320000,394.017000,OK
1,7,adjacent,620,30,32,60,FWD,E4,E5,E7,E8,37.078000,379.612000,OK
1,7,adjacent,620,30,32,61,REV,E5,E4,E7,E8,54.930000,393.059000,OK
1,7,adjacent,620,30,32,62,FWD,E4,E5,E8,E9,-56.609000,379.453000,OK
1,7,adjacent,620,30,32,63,REV,E5,E4,E8,E9,-48.809000,392.660000,OK
1,7,adjacent,620,30,32,64,FWD,E4,E5,E9,E10,8.012000,379.732000,OK
1,7,adjacent,620,30,32,65,REV,E5,E4,E9,E10,16.555000,392.620000,OK
1,7,adjacent,620,30,32,66,FWD,E4,E5,E10,E11,46.086000,380.171000,OK
1,7,adjacent,620,30,32,67,REV,E5,E4,E10,E11,55.105000,392.740000,OK
1,7,adjacent,620,30,32,68,FWD,E4,E5,E11,E12,-53.500000,380.610000,OK
1,7,adjacent,620,30,32,69,REV,E5,E4,E11,E12,-46.031000,392.540000,OK
1,7,adjacent,620,30,32,70,FWD,E4,E5,E12,E1,15.164000,380.849000,OK
1,7,adjacent,620,30,32,71,REV,E5,E4,E12,E1,24.566000,392.341000,OK
1,7,adjacent,620,30,32,72,FWD,E5,E6,E1,E2,-9.836000,364.251000,OK
1,7,adjacent,620,30,32,73,REV,E6,E5,E1,E2,-5.781000,370.834000,OK
1,7,adjacent,620,30,32,74,FWD,E5,E6,E2,E3,-13.703000,372.909000,OK
1,7,adjacent,620,30,32,75,REV,E6,E5,E2,E3,-6.172000,367.882000,OK
1,7,adjacent,620,30,32,76,FWD,E5,E6,E3,E4,-2.309000,374.346000,OK
1,7,adjacent,620,30,32,77,REV,E6,E5,E3,E4,15.297000,367.802000,OK
1,7,adjacent,620,30,32,78,FWD,E5,E6,E7,E8,31.758000,375.583000,OK
1,7,adjacent,620,30,32,79,REV,E6,E5,E7,E8,59.605000,366.765000,OK
1,7,adjacent,620,30,32,80,FWD,E5,E6,E8,E9,-56.813000,375.263000,OK
1,7,adjacent,620,30,32,81,REV,E6,E5,E8,E9,-48.887000,366.565000,OK
1,7,adjacent,620,30,32,82,FWD,E5,E6,E9,E10,9.246000,376.221000,OK
1,7,adjacent,620,30,32,83,REV,E6,E5,E9,E10,15.117000,366.565000,OK
1,7,adjacent,620,30,32,84,FWD,E5,E6,E10,E11,48.211000,375.423000,OK
1,7,adjacent,620,30,32,85,REV,E6,E5,E10,E11,52.781000,366.326000,OK
1,7,adjacent,620,30,32,86,FWD,E5,E6,E11,E12,-51.164000,376.101000,OK
1,7,adjacent,620,30,32,87,REV,E6,E5,E11,E12,-48.676000,365.927000,OK
1,7,adjacent,620,30,32,88,FWD,E5,E6,E12,E1,18.500000,375.343000,OK
1,7,adjacent,620,30,32,89,REV,E6,E5,E12,E1,20.953000,366.046000,OK
1,7,adjacent,620,30,32,90,FWD,E6,E7,E1,E2,-9.559000,387.752000,OK
1,7,adjacent,620,30,32,91,REV,E7,E6,E1,E2,-6.035000,389.109000,OK
1,7,adjacent,620,30,32,92,FWD,E6,E7,E2,E3,-13.012000,394.296000,OK
1,7,adjacent,620,30,32,93,REV,E7,E6,E2,E3,-7.453000,387.194000,OK
1,7,adjacent,620,30,32,94,FWD,E6,E7,E3,E4,0.035000,397.248000,OK
1,7,adjacent,620,30,32,95,REV,E7,E6,E3,E4,10.723000,387.114000,OK
1,7,adjacent,620,30,32,96,FWD,E6,E7,E4,E5,-6.203000,396.929000,OK
1,7,adjacent,620,30,32,97,REV,E7,E6,E4,E5,36.723000,386.316000,OK
1,7,adjacent,620,30,32,98,FWD,E6,E7,E8,E9,-62.465000,397.408000,OK
1,7,adjacent,620,30,32,99,REV,E7,E6,E8,E9,-43.469000,386.515000,OK
1,7,adjacent,620,30,32,100,FWD,E6,E7,E9,E10,6.586000,396.969000,OK
1,7,adjacent,620,30,32,101,REV,E7,E6,E9,E10,17.703000,386.715000,OK
1,7,adjacent,620,30,32,102,FWD,E6,E7,E10,E11,46.875000,397.488000,OK
1,7,adjacent,620,30,32,103,REV,E7,E6,E10,E11,54.113000,387.154000,OK
1,7,adjacent,620,30,32,104,FWD,E6,E7,E11,E12,-51.484000,397.887000,OK
1,7,adjacent,620,30,32,105,REV,E7,E6,E11,E12,-48.426000,386.555000,OK
1,7,adjacent,620,30,32,106,FWD,E6,E7,E12,E1,18.453000,397.927000,OK
1,7,adjacent,620,30,32,107,REV,E7,E6,E12,E1,20.945000,386.755000,OK
1,7,adjacent,620,30,32,108,FWD,E7,E8,E1,E2,-9.320000,416.800000,OK
1,7,adjacent,620,30,32,109,REV,E8,E7,E1,E2,-5.953000,492.371000,OK
1,7,adjacent,620,30,32,110,FWD,E7,E8,E2,E3,-12.313000,430.845000,OK
1,7,adjacent,620,30,32,111,REV,E8,E7,E2,E3,-8.070000,486.785000,OK
1,7,adjacent,620,30,32,112,FWD,E7,E8,E3,E4,2.164000,434.116000,OK
1,7,adjacent,620,30,32,113,REV,E8,E7,E3,E4,8.965000,485.229000,OK
1,7,adjacent,620,30,32,114,FWD,E7,E8,E4,E5,5.094000,435.353000,OK
1,7,adjacent,620,30,32,115,REV,E8,E7,E4,E5,26.152000,483.753000,OK
1,7,adjacent,620,30,32,116,FWD,E7,E8,E5,E6,-31.016000,436.191000,OK
1,7,adjacent,620,30,32,117,REV,E8,E7,E5,E6,3.074000,484.112000,OK
1,7,adjacent,620,30,32,118,FWD,E7,E8,E9,E10,-5.309000,436.471000,OK
1,7,adjacent,620,30,32,119,REV,E8,E7,E9,E10,31.852000,483.274000,OK
1,7,adjacent,620,30,32,120,FWD,E7,E8,E10,E11,42.215000,436.471000,OK
1,7,adjacent,620,30,32,121,REV,E8,E7,E10,E11,59.863000,483.473000,OK
1,7,adjacent,620,30,32,122,FWD,E7,E8,E11,E12,-52.242000,436.989000,OK
1,7,adjacent,620,30,32,123,REV,E8,E7,E11,E12,-47.441000,482.556000,OK
1,7,adjacent,620,30,32,124,FWD,E7,E8,E12,E1,18.324000,436.750000,OK
1,7,adjacent,620,30,32,125,REV,E8,E7,E12,E1,21.270000,483.314000,OK
1,7,adjacent,620,30,32,126,FWD,E8,E9,E1,E2,-9.008000,337.358000,OK
1,7,adjacent,620,30,32,127,REV,E9,E8,E1,E2,-6.566000,318.844000,OK
1,7,adjacent,620,30,32,128,FWD,E8,E9,E2,E3,-11.617000,347.413000,OK
1,7,adjacent,620,30,32,129,REV,E9,E8,E2,E3,-9.281000,316.889000,OK
1,7,adjacent,620,30,32,130,FWD,E8,E9,E3,E4,3.902000,348.809000,OK
1,7,adjacent,620,30,32,131,REV,E9,E8,E3,E4,6.738000,315.054000,OK
1,7,adjacent,620,30,32,132,FWD,E8,E9,E4,E5,11.508000,348.769000,OK
1,7,adjacent,620,30,32,133,REV,E9,E8,E4,E5,18.234000,315.652000,OK
1,7,adjacent,620,30,32,134,FWD,E8,E9,E5,E6,-18.949000,349.607000,OK
1,7,adjacent,620,30,32,135,REV,E9,E8,E5,E6,-11.902000,315.213000,OK
1,7,adjacent,620,30,32,136,FWD,E8,E9,E6,E7,-18.852000,349.288000,OK
1,7,adjacent,620,30,32,137,REV,E9,E8,E6,E7,-3.004000,315.532000,OK
1,7,adjacent,620,30,32,138,FWD,E8,E9,E10,E11,-35.602000,349.847000,OK
1,7,adjacent,620,30,32,139,REV,E9,E8,E10,E11,123.867000,314.695000,OK
1,7,adjacent,620,30,32,140,FWD,E8,E9,E11,E12,-54.266000,349.847000,OK
1,7,adjacent,620,30,32,141,REV,E9,E8,E11,E12,-46.238000,299.572000,OK
1,7,adjacent,620,30,32,142,FWD,E8,E9,E12,E1,18.109000,343.622000,OK
1,7,adjacent,620,30,32,143,REV,E9,E8,E12,E1,21.180000,318.525000,OK
1,7,adjacent,620,30,32,144,FWD,E9,E10,E1,E2,-8.180000,19.352000,OK
1,7,adjacent,620,30,32,145,REV,E10,E9,E1,E2,-7.289000,21.626000,OK
1,7,adjacent,620,30,32,146,FWD,E9,E10,E2,E3,-10.746000,22.424000,OK
1,7,adjacent,620,30,32,147,REV,E10,E9,E2,E3,-10.180000,21.626000,OK
1,7,adjacent,620,30,32,148,FWD,E9,E10,E3,E4,5.160000,22.823000,OK
1,7,adjacent,620,30,32,149,REV,E10,E9,E3,E4,5.574000,22.544000,OK
1,7,adjacent,620,30,32,150,FWD,E9,E10,E4,E5,14.699000,22.903000,OK
1,7,adjacent,620,30,32,151,REV,E10,E9,E4,E5,15.348000,22.703000,OK
1,7,adjacent,620,30,32,152,FWD,E9,E10,E5,E6,-15.582000,22.504000,OK
1,7,adjacent,620,30,32,153,REV,E10,E9,E5,E6,-15.152000,24.100000,OK
1,7,adjacent,620,30,32,154,FWD,E9,E10,E6,E7,-11.941000,22.983000,OK
1,7,adjacent,620,30,32,155,REV,E10,E9,E6,E7,-11.254000,22.663000,OK
1,7,adjacent,620,30,32,156,FWD,E9,E10,E7,E8,44.406000,22.504000,OK
1,7,adjacent,620,30,32,157,REV,E10,E9,E7,E8,46.133000,23.182000,OK
1,7,adjacent,620,30,32,158,FWD,E9,E10,E11,E12,-60.863000,22.863000,OK
1,7,adjacent,620,30,32,159,REV,E10,E9,E11,E12,-41.344000,22.703000,OK
1,7,adjacent,620,30,32,160,FWD,E9,E10,E12,E1,18.629000,22.544000,OK
1,7,adjacent,620,30,32,161,REV,E10,E9,E12,E1,20.676000,23.781000,OK
1,7,adjacent,620,30,32,162,FWD,E10,E11,E1,E2,-7.801000,12.489000,OK
1,7,adjacent,620,30,32,163,REV,E11,E10,E1,E2,-7.566000,26.254000,OK
1,7,adjacent,620,30,32,164,FWD,E10,E11,E2,E3,-10.535000,21.826000,OK
1,7,adjacent,620,30,32,165,REV,E11,E10,E2,E3,-10.375000,25.177000,OK
1,7,adjacent,620,30,32,166,FWD,E10,E11,E3,E4,5.344000,23.781000,OK
1,7,adjacent,620,30,32,167,REV,E11,E10,E3,E4,5.449000,25.377000,OK
1,7,adjacent,620,30,32,168,FWD,E10,E11,E4,E5,14.992000,22.983000,OK
1,7,adjacent,620,30,32,169,REV,E11,E10,E4,E5,15.195000,25.177000,OK
1,7,adjacent,620,30,32,170,FWD,E10,E11,E5,E6,-15.438000,23.501000,OK
1,7,adjacent,620,30,32,171,REV,E11,E10,E5,E6,-15.340000,24.978000,OK
1,7,adjacent,620,30,32,172,FWD,E10,E11,E6,E7,-11.938000,24.180000,OK
1,7,adjacent,620,30,32,173,REV,E11,E10,E6,E7,-11.758000,24.818000,OK
1,7,adjacent,620,30,32,174,FWD,E10,E11,E7,E8,45.180000,23.621000,OK
1,7,adjacent,620,30,32,175,REV,E11,E10,E7,E8,45.754000,24.658000,OK
1,7,adjacent,620,30,32,176,FWD,E10,E11,E8,E9,-56.566000,23.621000,OK
1,7,adjacent,620,30,32,177,REV,E11,E10,E8,E9,-48.379000,24.738000,OK
1,7,adjacent,620,30,32,178,FWD,E10,E11,E12,E1,19.449000,23.940000,OK
1,7,adjacent,620,30,32,179,REV,E11,E10,E12,E1,20.020000,24.898000,OK
1,7,adjacent,620,30,32,180,FWD,E11,E12,E1,E2,-25.977000,298.256000,OK
1,7,adjacent,620,30,32,181,REV,E12,E11,E1,E2,8.805000,273.597000,OK
1,7,adjacent,620,30,32,182,FWD,E11,E12,E2,E3,-17.344000,302.764000,OK
1,7,adjacent,620,30,32,183,REV,E12,E11,E2,E3,-4.352000,273.118000,OK
1,7,adjacent,620,30,32,184,FWD,E11,E12,E3,E4,2.398000,303.044000,OK
1,7,adjacent,620,30,32,185,REV,E12,E11,E3,E4,8.078000,271.762000,OK
1,7,adjacent,620,30,32,186,FWD,E11,E12,E4,E5,12.176000,303.682000,OK
1,7,adjacent,620,30,32,187,REV,E12,E11,E4,E5,17.727000,272.520000,OK
1,7,adjacent,620,30,32,188,FWD,E11,E12,E5,E6,-16.426000,303.602000,OK
1,7,adjacent,620,30,32,189,REV,E12,E11,E5,E6,-14.500000,272.480000,OK
1,7,adjacent,620,30,32,190,FWD,E11,E12,E6,E7,-13.145000,303.961000,OK
1,7,adjacent,620,30,32,191,REV,E12,E11,E6,E7,-10.961000,272.121000,OK
1,7,adjacent,620,30,32,192,FWD,E11,E12,E7,E8,43.969000,303.323000,OK
1,7,adjacent,620,30,32,193,REV,E12,E11,E7,E8,46.984000,272.759000,OK
1,7,adjacent,620,30,32,194,FWD,E11,E12,E8,E9,-56.129000,303.802000,OK
1,7,adjacent,620,30,32,195,REV,E12,E11,E8,E9,-49.465000,271.921000,OK
1,7,adjacent,620,30,32,196,FWD,E11,E12,E9,E10,-113.168000,303.802000,OK
1,7,adjacent,620,30,32,197,REV,E12,E11,E9,E10,190.477000,272.600000,OK
1,7,adjacent,620,30,32,198,FWD,E12,E1,E2,E3,-23.051000,264.739000,OK
1,7,adjacent,620,30,32,199,REV,E1,E12,E2,E3,2.840000,288.121000,OK
1,7,adjacent,620,30,32,200,FWD,E12,E1,E3,E4,1.082000,270.724000,OK
1,7,adjacent,620,30,32,201,REV,E1,E12,E3,E4,9.988000,286.086000,OK
1,7,adjacent,620,30,32,202,FWD,E12,E1,E4,E5,11.813000,271.403000,OK
1,7,adjacent,620,30,32,203,REV,E1,E12,E4,E5,18.613000,286.246000,OK
1,7,adjacent,620,30,32,204,FWD,E12,E1,E5,E6,-16.316000,271.961000,OK
1,7,adjacent,620,30,32,205,REV,E1,E12,E5,E6,-14.500000,285.288000,OK
1,7,adjacent,620,30,32,206,FWD,E12,E1,E6,E7,-12.914000,272.240000,OK
1,7,adjacent,620,30,32,207,REV,E1,E12,E6,E7,-11.152000,285.527000,OK
1,7,adjacent,620,30,32,208,FWD,E12,E1,E7,E8,44.762000,271.841000,OK
1,7,adjacent,620,30,32,209,REV,E1,E12,E7,E8,46.570000,285.009000,OK
1,7,adjacent,620,30,32,210,FWD,E12,E1,E8,E9,-53.891000,272.081000,OK
1,7,adjacent,620,30,32,211,REV,E1,E12,E8,E9,-51.402000,285.527000,OK
1,7,adjacent,620,30,32,212,FWD,E12,E1,E9,E10,20.559000,272.440000,OK
1,7,adjacent,620,30,32,213,REV,E1,E12,E9,E10,53.105000,285.527000,OK
1,7,adjacent,620,30,32,214,FWD,E12,E1,E10,E11,22.809000,272.081000,OK
1,7,adjacent,620,30,32,215,REV,E1,E12,E10,E11,27.539000,285.448000,OK
2,8,adjacent,620,30,32,0,FWD,E1,E2,E3,E4,-9.250000,329.138000,OK
2,8,adjacent,620,30,32,1,REV,E2,E1,E3,E4,20.160000,338.395000,OK
2,8,adjacent,620,30,32,2,FWD,E1,E2,E4,E5,6.738000,338.236000,OK
2,8,adjacent,620,30,32,3,REV,E2,E1,E4,E5,23.465000,335.523000,OK
2,8,adjacent,620,30,32,4,FWD,E1,E2,E5,E6,-17.277000,339.513000,OK
2,8,adjacent,620,30,32,5,REV,E2,E1,E5,E6,-13.578000,335.044000,OK
2,8,adjacent,620,30,32,6,FWD,E1,E2,E6,E7,-13.605000,339.792000,OK
2,8,adjacent,620,30,32,7,REV,E2,E1,E6,E7,-10.590000,334.804000,OK
2,8,adjacent,620,30,32,8,FWD,E1,E2,E7,E8,44.441000,340.390000,OK
2,8,adjacent,620,30,32,9,REV,E2,E1,E7,E8,46.938000,334.166000,OK
2,8,adjacent,620,30,32,10,FWD,E1,E2,E8,E9,-53.996000,340.470000,OK
2,8,adjacent,620,30,32,11,REV,E2,E1,E8,E9,-51.508000,334.126000,OK
2,8,adjacent,620,30,32,12,FWD,E1,E2,E9,E10,21.699000,340.710000,OK
2,8,adjacent,620,30,32,13,REV,E2,E1,E9,E10,39.727000,334.046000,OK
2,8,adjacent,620,30,32,14,FWD,E1,E2,E10,E11,29.059000,340.789000,OK
2,8,adjacent,620,30,32,15,REV,E2,E1,E10,E11,31.828000,333.807000,OK
2,8,adjacent,620,30,32,16,FWD,E1,E2,E11,E12,-69.738000,341.388000,OK
2,8,adjacent,620,30,32,17,REV,E2,E1,E11,E12,-28.961000,334.246000,OK
2,8,adjacent,620,30,32,18,FWD,E2,E3,E4,E5,-5.434000,337.597000,OK
2,8,adjacent,620,30,32,19,REV,E3,E2,E4,E5,35.766000,341.667000,OK
2,8,adjacent,620,30,32,20,FWD,E2,E3,E5,E6,-18.922000,344.021000,OK
2,8,adjacent,620,30,32,21,REV,E3,E2,E5,E6,-11.980000,339.672000,OK
2,8,adjacent,620,30,32,22,FWD,E2,E3,E6,E7,-14.563000,345.298000,OK
2,8,adjacent,620,30,32,23,REV,E3,E2,E6,E7,-9.723000,339.433000,OK
2,8,adjacent,620,30,32,24,FWD,E2,E3,E7,E8,44.105000,345.059000,OK
2,8,adjacent,620,30,32,25,REV,E3,E2,E7,E8,47.340000,339.592000,OK
2,8,adjacent,620,30,32,26,FWD,E2,E3,E8,E9,-54.000000,345.897000,OK
2,8,adjacent,620,30,32,27,REV,E3,E2,E8,E9,-51.566000,338.954000,OK
2,8,adjacent,620,30,32,28,FWD,E2,E3,E9,E10,20.586000,345.897000,OK
2,8,adjacent,620,30,32,29,REV,E3,E2,E9,E10,31.523000,339.552000,OK
2,8,adjacent,620,30,32,30,FWD,E2,E3,E10,E11,34.242000,345.697000,OK
2,8,adjacent,620,30,32,31,REV,E3,E2,E10,E11,36.250000,339.353000,OK
2,8,adjacent,620,30,32,32,FWD,E2,E3,E11,E12,-57.359000,345.538000,OK
2,8,adjacent,620,30,32,33,REV,E3,E2,E11,E12,-41.879000,338.834000,OK
2,8,adjacent,620,30,32,34,FWD,E2,E3,E12,E1,4.094000,346.375000,OK
2,8,adjacent,620,30,32,35,REV,E3,E2,E12,E1,36.133000,338.834000,OK
2,8,adjacent,620,30,32,36,FWD,E3,E4,E1,E2,-20.055000,357.188000,OK
2,8,adjacent,620,30,32,37,REV,E4,E3,E1,E2,10.465000,377.099000,OK
2,8,adjacent,620,30,32,38,FWD,E3,E4,E5,E6,-24.172000,365.169000,OK
2,8,adjacent,620,30,32,39,REV,E4,E3,E5,E6,-6.496000,375.184000,OK
2,8,adjacent,620,30,32,40,FWD,E3,E4,E6,E7,-17.176000,366.924000,OK
2,8,adjacent,620,30,32,41,REV,E4,E3,E6,E7,-7.043000,373.707000,OK
2,8,adjacent,620,30,32,42,FWD,E3,E4,E7,E8,43.000000,367.443000,OK
2,8,adjacent,620,30,32,43,REV,E4,E3,E7,E8,48.590000,374.026000,OK
2,8,adjacent,620,30,32,44,FWD,E3,E4,E8,E9,-54.383000,367.922000,OK
2,8,adjacent,620,30,32,45,REV,E4,E3,E8,E9,-51.195000,374.026000,OK
2,8,adjacent,620,30,32,46,FWD,E3,E4,E9,E10,18.754000,367.962000,OK
2,8,adjacent,620,30,32,47,REV,E4,E3,E9,E10,27.121000,373.268000,OK
2,8,adjacent,620,30,32,48,FWD,E3,E4,E10,E11,37.469000,368.720000,OK
2,8,adjacent,620,30,32,49,REV,E4,E3,E10,E11,38.895000,373.747000,OK
2,8,adjacent,620,30,32,50,FWD,E3,E4,E11,E12,-53.316000,367.962000,OK
2,8,adjacent,620,30,32,51,REV,E4,E3,E11,E12,-46.012000,373.228000,OK
2,8,adjacent,620,30,32,52,FWD,E3,E4,E12,E1,13.977000,368.201000,OK
2,8,adjacent,620,30,32,53,REV,E4,E3,E12,E1,25.852000,373.308000,OK
2,8,adjacent,620,30,32,54,FWD,E4,E5,E1,E2,-17.094000,370.794000,OK
2,8,adjacent,620,30,32,55,REV,E5,E4,E1,E2,2.070000,400.640000,OK
2,8,adjacent,620,30,32,56,FWD,E4,E5,E2,E3,-30.004000,379.932000,OK
2,8,adjacent,620,30,32,57,REV,E5,E4,E2,E3,15.961000,398.046000,OK
2,8,adjacent,620,30,32,58,FWD,E4,E5,E6,E7,-32.973000,381.807000,OK
2,8,adjacent,620,30,32,59,REV,E5,E4,E6,E7,9.480000,396.849000,OK
2,8,adjacent,620,30,32,60,FWD,E4,E5,E7,E8,36.945000,382.765000,OK
2,8,adjacent,620,30,32,61,REV,E5,E4,E7,E8,54.949000,396.450000,OK
2,8,adjacent,620,30,32,62,FWD,E4,E5,E8,E9,-56.723000,383.004000,OK
2,8,adjacent,620,30,32,63,REV,E5,E4,E8,E9,-48.816000,396.450000,OK
2,8,adjacent,620,30,32,64,FWD,E4,E5,E9,E10,12.922000,382.645000,OK
2,8,adjacent,620,30,32,65,REV,E5,E4,E9,E10,27.543000,396.131000,OK
2,8,adjacent,620,30,32,66,FWD,E4,E5,E10,E11,39.371000,384.361000,OK
2,8,adjacent,620,30,32,67,REV,E5,E4,E10,E11,42.332000,395.613000,OK
2,8,adjacent,620,30,32,68,FWD,E4,E5,E11,E12,-53.457000,383.922000,OK
2,8,adjacent,620,30,32,69,REV,E5,E4,E11,E12,-45.969000,395.812000,OK
2,8,adjacent,620,30,32,70,FWD,E4,E5,E12,E1,15.113000,383.642000,OK
2,8,adjacent,620,30,32,71,REV,E5,E4,E12,E1,24.551000,395.972000,OK
2,8,adjacent,620,30,32,72,FWD,E5,E6,E1,E2,-9.848000,368.440000,OK
2,8,adjacent,620,30,32,73,REV,E6,E5,E1,E2,-5.719000,375.184000,OK
2,8,adjacent,620,30,32,74,FWD,E5,E6,E2,E3,-13.777000,377.059000,OK
2,8,adjacent,620,30,32,75,REV,E6,E5,E2,E3,-6.160000,372.710000,OK
2,8,adjacent,620,30,32,76,FWD,E5,E6,E3,E4,-2.395000,378.695000,OK
2,8,adjacent,620,30,32,77,REV,E6,E5,E3,E4,15.402000,371.632000,OK
2,8,adjacent,620,30,32,78,FWD,E5,E6,E7,E8,31.512000,379.134000,OK
2,8,adjacent,620,30,32,79,REV,E6,E5,E7,E8,59.688000,371.433000,OK
2,8,adjacent,620,30,32,80,FWD,E5,E6,E8,E9,-56.891000,380.131000,OK
2,8,adjacent,620,30,32,81,REV,E6,E5,E8,E9,-48.891000,371.074000,OK
2,8,adjacent,620,30,32,82,FWD,E5,E6,E9,E10,13.711000,380.570000,OK
2,8,adjacent,620,30,32,83,REV,E6,E5,E9,E10,22.359000,371.194000,OK
2,8,adjacent,620,30,32,84,FWD,E5,E6,E10,E11,41.898000,380.410000,OK
2,8,adjacent,620,30,32,85,REV,E6,E5,E10,E11,43.641000,371.672000,OK
2,8,adjacent,620,30,32,86,FWD,E5,E6,E11,E12,-51.090000,381.328000,OK
2,8,adjacent,620,30,32,87,REV,E6,E5,E11,E12,-48.582000,370.994000,OK
2,8,adjacent,620,30,32,88,FWD,E5,E6,E12,E1,18.437000,381.687000,OK
2,8,adjacent,620,30,32,89,REV,E6,E5,E12,E1,20.910000,371.672000,OK
2,8,adjacent,620,30,32,90,FWD,E6,E7,E1,E2,-9.551000,392.381000,OK
2,8,adjacent,620,30,32,91,REV,E7,E6,E1,E2,-5.980000,395.333000,OK
2,8,adjacent,620,30,32,92,FWD,E6,E7,E2,E3,-13.086000,400.241000,OK
2,8,adjacent,620,30,32,93,REV,E7,E6,E2,E3,-7.453000,392.421000,OK
2,8,adjacent,620,30,32,94,FWD,E6,E7,E3,E4,-0.082000,402.515000,OK
2,8,adjacent,620,30,32,95,REV,E7,E6,E3,E4,10.813000,391.862000,OK
2,8,adjacent,620,30,32,96,FWD,E6,E7,E4,E5,-6.418000,402.037000,OK
2,8,adjacent,620,30,32,97,REV,E7,E6,E4,E5,36.957000,392.022000,OK
2,8,adjacent,620,30,32,98,FWD,E6,E7,E8,E9,-62.594000,402.396000,OK
2,8,adjacent,620,30,32,99,REV,E7,E6,E8,E9,-43.395000,391.862000,OK
2,8,adjacent,620,30,32,100,FWD,E6,E7,E9,E10,8.836000,402.356000,OK
2,8,adjacent,620,30,32,101,REV,E7,E6,E9,E10,24.301000,391.423000,OK
2,8,adjacent,620,30,32,102,FWD,E6,E7,E10,E11,43.668000,402.595000,OK
2,8,adjacent,620,30,32,103,REV,E7,E6,E10,E11,46.027000,392.221000,OK
2,8,adjacent,620,30,32,104,FWD,E6,E7,E11,E12,-51.387000,402.954000,OK
2,8,adjacent,620,30,32,105,REV,E7,E6,E11,E12,-48.340000,392.061000,OK
2,8,adjacent,620,30,32,106,FWD,E6,E7,E12,E1,18.398000,402.835000,OK
2,8,adjacent,620,30,32,107,REV,E7,E6,E12,E1,20.961000,391.982000,OK
2,8,adjacent,620,30,32,108,FWD,E7,E8,E1,E2,-9.293000,421.747000,OK
2,8,adjacent,620,30,32,109,REV,E8,E7,E1,E2,-5.922000,497.039000,OK
2,8,adjacent,620,30,32,110,FWD,E7,E8,E2,E3,-12.391000,435.712000,OK
2,8,adjacent,620,30,32,111,REV,E8,E7,E2,E3,-8.086000,491.852000,OK
2,8,adjacent,620,30,32,112,FWD,E7,E8,E3,E4,2.117000,439.064000,OK
2,8,adjacent,620,30,32,113,REV,E8,E7,E3,E4,8.992000,489.618000,OK
2,8,adjacent,620,30,32,114,FWD,E7,E8,E4,E5,4.973000,440.461000,OK
2,8,adjacent,620,30,32,115,REV,E8,E7,E4,E5,26.246000,488.900000,OK
2,8,adjacent,620,30,32,116,FWD,E7,E8,E5,E6,-31.145000,441.019000,OK
2,8,adjacent,620,30,32,117,REV,E8,E7,E5,E6,3.285000,488.461000,OK
2,8,adjacent,620,30,32,118,FWD,E7,E8,E9,E10,-6.070000,441.658000,OK
2,8,adjacent,620,30,32,119,REV,E8,E7,E9,E10,38.699000,487.902000,OK
2,8,adjacent,620,30,32,120,FWD,E7,E8,E10,E11,42.453000,441.977000,OK
2,8,adjacent,620,30,32,121,REV,E8,E7,E10,E11,50.805000,488.181000,OK
2,8,adjacent,620,30,32,122,FWD,E7,E8,E11,E12,-52.145000,442.136000,OK
2,8,adjacent,620,30,32,123,REV,E8,E7,E11,E12,-47.367000,487.902000,OK
2,8,adjacent,620,30,32,124,FWD,E7,E8,E12,E1,18.250000,442.496000,OK
2,8,adjacent,620,30,32,125,REV,E8,E7,E12,E1,21.254000,487.264000,OK
2,8,adjacent,620,30,32,126,FWD,E8,E9,E1,E2,-9.055000,357.508000,OK
2,8,adjacent,620,30,32,127,REV,E9,E8,E1,E2,-6.461000,339.832000,OK
2,8,adjacent,620,30,32,128,FWD,E8,E9,E2,E3,-11.727000,367.722000,OK
2,8,adjacent,620,30,32,129,REV,E9,E8,E2,E3,-9.230000,336.201000,OK
2,8,adjacent,620,30,32,130,FWD,E8,E9,E3,E4,3.766000,370.395000,OK
2,8,adjacent,620,30,32,131,REV,E9,E8,E3,E4,6.797000,335.523000,OK
2,8,adjacent,620,30,32,132,FWD,E8,E9,E4,E5,11.305000,370.475000,OK
2,8,adjacent,620,30,32,133,REV,E9,E8,E4,E5,18.445000,335.283000,OK
2,8,adjacent,620,30,32,134,FWD,E8,E9,E5,E6,-19.164000,370.794000,OK
2,8,adjacent,620,30,32,135,REV,E9,E8,E5,E6,-11.699000,335.523000,OK
2,8,adjacent,620,30,32,136,FWD,E8,E9,E6,E7,-19.375000,371.114000,OK
2,8,adjacent,620,30,32,137,REV,E9,E8,E6,E7,-2.555000,335.562000,OK
2,8,adjacent,620,30,32,138,FWD,E8,E9,E10,E11,-23.594000,370.914000,OK
2,8,adjacent,620,30,32,139,REV,E9,E8,E10,E11,110.320000,335.961000,OK
2,8,adjacent,620,30,32,140,FWD,E8,E9,E11,E12,-54.297000,371.194000,OK
2,8,adjacent,620,30,32,141,REV,E9,E8,E11,E12,-45.953000,335.163000,OK
2,8,adjacent,620,30,32,142,FWD,E8,E9,E12,E1,17.984000,371.233000,OK
2,8,adjacent,620,30,32,143,REV,E9,E8,E12,E1,21.184000,335.243000,OK
2,8,adjacent,620,30,32,144,FWD,E9,E10,E1,E2,-8.230000,22.384000,OK
2,8,adjacent,620,30,32,145,REV,E10,E9,E1,E2,-7.230000,25.696000,OK
2,8,adjacent,620,30,32,146,FWD,E9,E10,E2,E3,-10.805000,25.776000,OK
2,8,adjacent,620,30,32,147,REV,E10,E9,E2,E3,-10.199000,25.536000,OK
2,8,adjacent,620,30,32,148,FWD,E9,E10,E3,E4,5.125000,25.616000,OK
2,8,adjacent,620,30,32,149,REV,E10,E9,E3,E4,5.562000,26.813000,OK
2,8,adjacent,620,30,32,150,FWD,E9,E10,E4,E5,14.660000,25.855000,OK
2,8,adjacent,620,30,32,151,REV,E10,E9,E4,E5,15.395000,26.494000,OK
2,8,adjacent,620,30,32,152,FWD,E9,E10,E5,E6,-15.570000,26.374000,OK
2,8,adjacent,620,30,32,153,REV,E10,E9,E5,E6,-15.113000,26.893000,OK
2,8,adjacent,620,30,32,154,FWD,E9,E10,E6,E7,-11.965000,26.215000,OK
2,8,adjacent,620,30,32,155,REV,E10,E9,E6,E7,-11.230000,26.853000,OK
2,8,adjacent,620,30,32,156,FWD,E9,E10,E7,E8,44.355000,26.534000,OK
2,8,adjacent,620,30,32,157,REV,E10,E9,E7,E8,46.309000,27.531000,OK
2,8,adjacent,620,30,32,158,FWD,E9,E10,E11,E12,-61.098000,26.534000,OK
2,8,adjacent,620,30,32,159,REV,E10,E9,E11,E12,-40.910000,26.693000,OK
2,8,adjacent,620,30,32,160,FWD,E9,E10,E12,E1,18.324000,29.885000,OK
2,8,adjacent,620,30,32,161,REV,E10,E9,E12,E1,20.695000,45.008000,OK
2,8,adjacent,620,30,32,162,FWD,E10,E11,E1,E2,-7.789000,14.165000,OK
2,8,adjacent,620,30,32,163,REV,E11,E10,E1,E2,-6.910000,57.018000,OK
2,8,adjacent,620,30,32,164,FWD,E10,E11,E2,E3,-10.871000,52.429000,OK
2,8,adjacent,620,30,32,165,REV,E11,E10,E2,E3,-10.102000,53.985000,OK
2,8,adjacent,620,30,32,166,FWD,E10,E11,E3,E4,5.109000,50.833000,OK
2,8,adjacent,620,30,32,167,REV,E11,E10,E3,E4,5.613000,51.511000,OK
2,8,adjacent,620,30,32,168,FWD,E10,E11,E4,E5,14.684000,50.753000,OK
2,8,adjacent,620,30,32,169,REV,E11,E10,E4,E5,15.387000,45.606000,OK
2,8,adjacent,620,30,32,170,FWD,E10,E11,E5,E6,-15.543000,44.369000,OK
2,8,adjacent,620,30,32,171,REV,E11,E10,E5,E6,-15.168000,44.728000,OK
2,8,adjacent,620,30,32,172,FWD,E10,E11,E6,E7,-12.180000,49.995000,OK
2,8,adjacent,620,30,32,173,REV,E11,E10,E6,E7,-11.563000,50.035000,OK
2,8,adjacent,620,30,32,174,FWD,E10,E11,E7,E8,44.676000,50.594000,OK
2,8,adjacent,620,30,32,175,REV,E11,E10,E7,E8,46.137000,50.275000,OK
2,8,adjacent,620,30,32,176,FWD,E10,E11,E8,E9,-58.039000,50.634000,OK
2,8,adjacent,620,30,32,177,REV,E11,E10,E8,E9,-47.273000,50.075000,OK
2,8,adjacent,620,30,32,178,FWD,E10,E11,E12,E1,18.078000,51.352000,OK
2,8,adjacent,620,30,32,179,REV,E11,E10,E12,E1,20.949000,48.160000,OK
2,8,adjacent,620,30,32,180,FWD,E11,E12,E1,E2,-26.281000,302.844000,OK
2,8,adjacent,620,30,32,181,REV,E12,E11,E1,E2,9.207000,278.944000,OK
2,8,adjacent,620,30,32,182,FWD,E11,E12,E2,E3,-17.453000,307.113000,OK
2,8,adjacent,620,30,32,183,REV,E12,E11,E2,E3,-4.242000,277.188000,OK
2,8,adjacent,620,30,32,184,FWD,E11,E12,E3,E4,2.340000,308.310000,OK
2,8,adjacent,620,30,32,185,REV,E12,E11,E3,E4,8.141000,277.587000,OK
2,8,adjacent,620,30,32,186,FWD,E11,E12,E4,E5,12.121000,307.752000,OK
2,8,adjacent,620,30,32,187,REV,E12,E11,E4,E5,17.793000,277.787000,OK
2,8,adjacent,620,30,32,188,FWD,E11,E12,E5,E6,-16.414000,308.231000,OK
2,8,adjacent,620,30,32,189,REV,E12,E11,E5,E6,-14.469000,277.188000,OK
2,8,adjacent,620,30,32,190,FWD,E11,E12,E6,E7,-13.137000,308.390000,OK
2,8,adjacent,620,30,32,191,REV,E12,E11,E6,E7,-10.895000,277.946000,OK
2,8,adjacent,620,30,32,192,FWD,E11,E12,E7,E8,43.926000,308.510000,OK
2,8,adjacent,620,30,32,193,REV,E12,E11,E7,E8,47.012000,276.989000,OK
2,8,adjacent,620,30,32,194,FWD,E11,E12,E8,E9,-56.125000,308.390000,OK
2,8,adjacent,620,30,32,195,REV,E12,E11,E8,E9,-49.605000,277.827000,OK
2,8,adjacent,620,30,32,196,FWD,E11,E12,E9,E10,-79.613000,308.271000,OK
2,8,adjacent,620,30,32,197,REV,E12,E11,E9,E10,123.285000,277.627000,OK
2,8,adjacent,620,30,32,198,FWD,E12,E1,E2,E3,-23.219000,269.088000,OK
2,8,adjacent,620,30,32,199,REV,E1,E12,E2,E3,3.105000,293.108000,OK
2,8,adjacent,620,30,32,200,FWD,E12,E1,E3,E4,0.984000,275.073000,OK
2,8,adjacent,620,30,32,201,REV,E1,E12,E3,E4,10.027000,291.113000,OK
2,8,adjacent,620,30,32,202,FWD,E12,E1,E4,E5,11.770000,276.270000,OK
2,8,adjacent,620,30,32,203,REV,E1,E12,E4,E5,18.672000,290.515000,OK
2,8,adjacent,620,30,32,204,FWD,E12,E1,E5,E6,-16.297000,277.308000,OK
2,8,adjacent,620,30,32,205,REV,E1,E12,E5,E6,-14.453000,290.196000,OK
2,8,adjacent,620,30,32,206,FWD,E12,E1,E6,E7,-12.922000,276.071000,OK
2,8,adjacent,620,30,32,207,REV,E1,E12,E6,E7,-11.113000,289.597000,OK
2,8,adjacent,620,30,32,208,FWD,E12,E1,E7,E8,44.695000,277.108000,OK
2,8,adjacent,620,30,32,209,REV,E1,E12,E7,E8,46.559000,290.036000,OK
2,8,adjacent,620,30,32,210,FWD,E12,E1,E8,E9,-53.941000,276.989000,OK
2,8,adjacent,620,30,32,211,REV,E1,E12,E8,E9,-51.465000,290.116000,OK
2,8,adjacent,620,30,32,212,FWD,E12,E1,E9,E10,10.230000,277.308000,OK
2,8,adjacent,620,30,32,213,REV,E1,E12,E9,E10,33.461000,290.236000,OK
2,8,adjacent,620,30,32,214,FWD,E12,E1,E10,E11,33.688000,276.869000,OK
2,8,adjacent,620,30,32,215,REV,E1,E12,E10,E11,47.781000,290.315000,OK
3,9,adjacent,620,30,32,0,FWD,E1,E2,E3,E4,-9.484000,335.004000,OK
3,9,adjacent,620,30,32,1,REV,E2,E1,E3,E4,20.383000,343.463000,OK
3,9,adjacent,620,30,32,2,FWD,E1,E2,E4,E5,6.555000,342.904000,OK
3,9,adjacent,620,30,32,3,REV,E2,E1,E4,E5,23.570000,341.228000,OK
3,9,adjacent,620,30,32,4,FWD,E1,E2,E5,E6,-17.281000,344.620000,OK
3,9,adjacent,620,30,32,5,REV,E2,E1,E5,E6,-13.563000,339.991000,OK
3,9,adjacent,620,30,32,6,FWD,E1,E2,E6,E7,-13.676000,345.338000,OK
3,9,adjacent,620,30,32,7,REV,E2,E1,E6,E7,-10.555000,340.231000,OK
3,9,adjacent,620,30,32,8,FWD,E1,E2,E7,E8,44.363000,345.378000,OK
3,9,adjacent,620,30,32,9,REV,E2,E1,E7,E8,46.930000,339.473000,OK
3,9,adjacent,620,30,32,10,FWD,E1,E2,E8,E9,-54.074000,345.737000,OK
3,9,adjacent,620,30,32,11,REV,E2,E1,E8,E9,-51.512000,340.151000,OK
3,9,adjacent,620,30,32,12,FWD,E1,E2,E9,E10,12.301000,345.777000,OK
3,9,adjacent,620,30,32,13,REV,E2,E1,E9,E10,25.754000,339.792000,OK
3,9,adjacent,620,30,32,14,FWD,E1,E2,E10,E11,38.547000,346.056000,OK
3,9,adjacent,620,30,32,15,REV,E2,E1,E10,E11,46.285000,339.592000,OK
3,9,adjacent,620,30,32,16,FWD,E1,E2,E11,E12,-69.992000,346.814000,OK
3,9,adjacent,620,30,32,17,REV,E2,E1,E11,E12,-28.469000,339.991000,OK
3,9,adjacent,620,30,32,18,FWD,E2,E3,E4,E5,-5.766000,343.024000,OK
3,9,adjacent,620,30,32,19,REV,E3,E2,E4,E5,36.086000,346.894000,OK
3,9,adjacent,620,30,32,20,FWD,E2,E3,E5,E6,-18.977000,349.567000,OK
3,9,adjacent,620,30,32,21,REV,E3,E2,E5,E6,-11.879000,346.216000,OK
3,9,adjacent,620,30,32,22,FWD,E2,E3,E6,E7,-14.602000,350.485000,OK
3,9,adjacent,620,30,32,23,REV,E3,E2,E6,E7,-9.711000,344.660000,OK
3,9,adjacent,620,30,32,24,FWD,E2,E3,E7,E8,44.016000,351.243000,OK
3,9,adjacent,620,30,32,25,REV,E3,E2,E7,E8,47.305000,345.218000,OK
3,9,adjacent,620,30,32,26,FWD,E2,E3,E8,E9,-54.098000,351.203000,OK
3,9,adjacent,620,30,32,27,REV,E3,E2,E8,E9,-51.582000,344.859000,OK
3,9,adjacent,620,30,32,28,FWD,E2,E3,E9,E10,13.430000,351.523000,OK
3,9,adjacent,620,30,32,29,REV,E3,E2,E9,E10,22.012000,345.019000,OK
3,9,adjacent,620,30,32,30,FWD,E2,E3,E10,E11,41.566000,351.163000,OK
3,9,adjacent,620,30,32,31,REV,E3,E2,E10,E11,46.074000,344.859000,OK
3,9,adjacent,620,30,32,32,FWD,E2,E3,E11,E12,-57.453000,351.642000,OK
3,9,adjacent,620,30,32,33,REV,E3,E2,E11,E12,-41.637000,344.859000,OK
3,9,adjacent,620,30,32,34,FWD,E2,E3,E12,E1,3.852000,351.802000,OK
3,9,adjacent,620,30,32,35,REV,E3,E2,E12,E1,36.379000,344.859000,OK
3,9,adjacent,620,30,32,36,FWD,E3,E4,E1,E2,-20.223000,363.692000,OK
3,9,adjacent,620,30,32,37,REV,E4,E3,E1,E2,10.824000,383.563000,OK
3,9,adjacent,620,30,32,38,FWD,E3,E4,E5,E6,-24.340000,372.311000,OK
3,9,adjacent,620,30,32,39,REV,E4,E3,E5,E6,-6.270000,381.089000,OK
3,9,adjacent,620,30,32,40,FWD,E3,E4,E6,E7,-17.297000,373.149000,OK
3,9,adjacent,620,30,32,41,REV,E4,E3,E6,E7,-6.926000,380.889000,OK
3,9,adjacent,620,30,32,42,FWD,E3,E4,E7,E8,42.934000,374.425000,OK
3,9,adjacent,620,30,32,43,REV,E4,E3,E7,E8,48.613000,379.293000,OK
3,9,adjacent,620,30,32,44,FWD,E3,E4,E8,E9,-54.426000,373.588000,OK
3,9,adjacent,620,30,32,45,REV,E4,E3,E8,E9,-51.211000,380.291000,OK
3,9,adjacent,620,30,32,46,FWD,E3,E4,E9,E10,13.238000,374.346000,OK
3,9,adjacent,620,30,32,47,REV,E4,E3,E9,E10,20.375000,379.652000,OK
3,9,adjacent,620,30,32,48,FWD,E3,E4,E10,E11,43.602000,374.425000,OK
3,9,adjacent,620,30,32,49,REV,E4,E3,E10,E11,46.828000,380.131000,OK
3,9,adjacent,620,30,32,50,FWD,E3,E4,E11,E12,-53.332000,374.944000,OK
3,9,adjacent,620,30,32,51,REV,E4,E3,E11,E12,-45.875000,379.573000,OK
3,9,adjacent,620,30,32,52,FWD,E3,E4,E12,E1,13.813000,374.824000,OK
3,9,adjacent,620,30,32,53,REV,E4,E3,E12,E1,25.875000,380.291000,OK
3,9,adjacent,620,30,32,54,FWD,E4,E5,E1,E2,-17.242000,376.740000,OK
3,9,adjacent,620,30,32,55,REV,E5,E4,E1,E2,2.285000,406.745000,OK
3,9,adjacent,620,30,32,56,FWD,E4,E5,E2,E3,-30.410000,386.675000,OK
3,9,adjacent,620,30,32,57,REV,E5,E4,E2,E3,16.289000,404.630000,OK
3,9,adjacent,620,30,32,58,FWD,E4,E5,E6,E7,-33.359000,388.670000,OK
3,9,adjacent,620,30,32,59,REV,E5,E4,E6,E7,9.805000,403.712000,OK
3,9,adjacent,620,30,32,60,FWD,E4,E5,E7,E8,36.777000,389.348000,OK
3,9,adjacent,620,30,32,61,REV,E5,E4,E7,E8,55.043000,402.715000,OK
3,9,adjacent,620,30,32,62,FWD,E4,E5,E8,E9,-56.781000,389.428000,OK
3,9,adjacent,620,30,32,63,REV,E5,E4,E8,E9,-48.770000,403.034000,OK
3,9,adjacent,620,30,32,64,FWD,E4,E5,E9,E10,9.926000,390.266000,OK
3,9,adjacent,620,30,32,65,REV,E5,E4,E9,E10,22.281000,402.595000,OK
3,9,adjacent,620,30,32,66,FWD,E4,E5,E10,E11,43.438000,390.665000,OK
3,9,adjacent,620,30,32,67,REV,E5,E4,E10,E11,48.559000,402.755000,OK
3,9,adjacent,620,30,32,68,FWD,E4,E5,E11,E12,-53.477000,390.585000,OK
3,9,adjacent,620,30,32,69,REV,E5,E4,E11,E12,-45.844000,402.236000,OK
3,9,adjacent,620,30,32,70,FWD,E4,E5,E12,E1,15.023000,391.503000,OK
3,9,adjacent,620,30,32,71,REV,E5,E4,E12,E1,24.609000,402.994000,OK
3,9,adjacent,620,30,32,72,FWD,E5,E6,E1,E2,-9.863000,376.301000,OK
3,9,adjacent,620,30,32,73,REV,E6,E5,E1,E2,-5.656000,383.523000,OK
3,9,adjacent,620,30,32,74,FWD,E5,E6,E2,E3,-13.867000,385.558000,OK
3,9,adjacent,620,30,32,75,REV,E6,E5,E2,E3,-6.074000,381.208000,OK
3,9,adjacent,620,30,32,76,FWD,E5,E6,E3,E4,-2.609000,386.874000,OK
3,9,adjacent,620,30,32,77,REV,E6,E5,E3,E4,15.629000,380.171000,OK
3,9,adjacent,620,30,32,78,FWD,E5,E6,E7,E8,31.195000,388.191000,OK
3,9,adjacent,620,30,32,79,REV,E6,E5,E7,E8,60.016000,380.131000,OK
3,9,adjacent,620,30,32,80,FWD,E5,E6,E8,E9,-57.027000,387.672000,OK
3,9,adjacent,620,30,32,81,REV,E6,E5,E8,E9,-48.836000,379.014000,OK
3,9,adjacent,620,30,32,82,FWD,E5,E6,E9,E10,11.129000,388.989000,OK
3,9,adjacent,620,30,32,83,REV,E6,E5,E9,E10,18.926000,379.413000,OK
3,9,adjacent,620,30,32,84,FWD,E5,E6,E10,E11,44.770000,388.750000,OK
3,9,adjacent,620,30,32,85,REV,E6,E5,E10,E11,47.816000,379.373000,OK
3,9,adjacent,620,30,32,86,FWD,E5,E6,E11,E12,-51.098000,389.588000,OK
3,9,adjacent,620,30,32,87,REV,E6,E5,E11,E12,-48.531000,379.692000,OK
3,9,adjacent,620,30,32,88,FWD,E5,E6,E12,E1,18.426000,388.710000,OK
3,9,adjacent,620,30,32,89,REV,E6,E5,E12,E1,20.941000,378.934000,OK
3,9,adjacent,620,30,32,90,FWD,E6,E7,E1,E2,-9.566000,400.959000,OK
3,9,adjacent,620,30,32,91,REV,E7,E6,E1,E2,-5.918000,403.313000,OK
3,9,adjacent,620,30,32,92,FWD,E6,E7,E2,E3,-13.152000,408.381000,OK
3,9,adjacent,620,30,32,93,REV,E7,E6,E2,E3,-7.426000,401.079000,OK
3,9,adjacent,620,30,32,94,FWD,E6,E7,E3,E4,-0.211000,411.214000,OK
3,9,adjacent,620,30,32,95,REV,E7,E6,E3,E4,10.902000,400.840000,OK
3,9,adjacent,620,30,32,96,FWD,E6,E7,E4,E5,-6.906000,409.697000,OK
3,9,adjacent,620,30,32,97,REV,E7,E6,E4,E5,37.527000,400.520000,OK
3,9,adjacent,620,30,32,98,FWD,E6,E7,E8,E9,-62.863000,411.772000,OK
3,9,adjacent,620,30,32,99,REV,E7,E6,E8,E9,-43.164000,400.959000,OK
3,9,adjacent,620,30,32,100,FWD,E6,E7,E9,E10,7.680000,411.293000,OK
3,9,adjacent,620,30,32,101,REV,E7,E6,E9,E10,21.539000,400.919000,OK
3,9,adjacent,620,30,32,102,FWD,E6,E7,E10,E11,44.566000,412.850000,OK
3,9,adjacent,620,30,32,103,REV,E7,E6,E10,E11,49.188000,401.079000,OK
3,9,adjacent,620,30,32,104,FWD,E6,E7,E11,E12,-51.422000,411.573000,OK
3,9,adjacent,620,30,32,105,REV,E7,E6,E11,E12,-48.285000,401.238000,OK
3,9,adjacent,620,30,32,106,FWD,E6,E7,E12,E1,18.352000,413.009000,OK
3,9,adjacent,620,30,32,107,REV,E7,E6,E12,E1,20.957000,402.037000,OK
3,9,adjacent,620,30,32,108,FWD,E7,E8,E1,E2,-9.320000,430.446000,OK
3,9,adjacent,620,30,32,109,REV,E8,E7,E1,E2,-5.844000,506.177000,OK
3,9,adjacent,620,30,32,110,FWD,E7,E8,E2,E3,-12.438000,445.847000,OK
3,9,adjacent,620,30,32,111,REV,E8,E7,E2,E3,-8.059000,500.630000,OK
3,9,adjacent,620,30,32,112,FWD,E7,E8,E3,E4,2.043000,447.922000,OK
3,9,adjacent,620,30,32,113,REV,E8,E7,E3,E4,9.074000,498.596000,OK
3,9,adjacent,620,30,32,114,FWD,E7,E8,E4,E5,4.746000,450.436000,OK
3,9,adjacent,620,30,32,115,REV,E8,E7,E4,E5,26.445000,498.715000,OK
3,9,adjacent,620,30,32,116,FWD,E7,E8,E5,E6,-31.492000,451.114000,OK
3,9,adjacent,620,30,32,117,REV,E8,E7,E5,E6,3.715000,498.715000,OK
3,9,adjacent,620,30,32,118,FWD,E7,E8,E9,E10,-5.977000,453.309000,OK
3,9,adjacent,620,30,32,119,REV,E8,E7,E9,E10,37.000000,499.154000,OK
3,9,adjacent,620,30,32,120,FWD,E7,E8,E10,E11,41.273000,452.989000,OK
3,9,adjacent,620,30,32,121,REV,E8,E7,E10,E11,54.215000,498.995000,OK
3,9,adjacent,620,30,32,122,FWD,E7,E8,E11,E12,-52.227000,454.545000,OK
3,9,adjacent,620,30,32,123,REV,E8,E7,E11,E12,-47.254000,499.872000,OK
3,9,adjacent,620,30,32,124,FWD,E7,E8,E12,E1,18.219000,454.625000,OK
3,9,adjacent,620,30,32,125,REV,E8,E7,E12,E1,21.262000,499.832000,OK
3,9,adjacent,620,30,32,126,FWD,E8,E9,E1,E2,-8.992000,343.862000,OK
3,9,adjacent,620,30,32,127,REV,E9,E8,E1,E2,-6.484000,324.829000,OK
3,9,adjacent,620,30,32,128,FWD,E8,E9,E2,E3,-11.691000,345.498000,OK
3,9,adjacent,620,30,32,129,REV,E9,E8,E2,E3,-9.332000,315.652000,OK
3,9,adjacent,620,30,32,130,FWD,E8,E9,E3,E4,3.875000,345.059000,OK
3,9,adjacent,620,30,32,131,REV,E9,E8,E3,E4,6.699000,314.575000,OK
3,9,adjacent,620,30,32,132,FWD,E8,E9,E4,E5,11.508000,346.056000,OK
3,9,adjacent,620,30,32,133,REV,E9,E8,E4,E5,18.242000,315.173000,OK
3,9,adjacent,620,30,32,134,FWD,E8,E9,E5,E6,-18.895000,348.370000,OK
3,9,adjacent,620,30,32,135,REV,E9,E8,E5,E6,-11.820000,316.211000,OK
3,9,adjacent,620,30,32,136,FWD,E8,E9,E6,E7,-18.895000,350.166000,OK
3,9,adjacent,620,30,32,137,REV,E9,E8,E6,E7,-2.883000,320.520000,OK
3,9,adjacent,620,30,32,138,FWD,E8,E9,E10,E11,-10.500000,365.887000,OK
3,9,adjacent,620,30,32,139,REV,E9,E8,E10,E11,99.117000,338.515000,OK
3,9,adjacent,620,30,32,140,FWD,E8,E9,E11,E12,-54.172000,374.106000,OK
3,9,adjacent,620,30,32,141,REV,E9,E8,E11,E12,-46.020000,340.829000,OK
3,9,adjacent,620,30,32,142,FWD,E8,E9,E12,E1,17.953000,375.902000,OK
3,9,adjacent,620,30,32,143,REV,E9,E8,E12,E1,21.199000,340.670000,OK
3,9,adjacent,620,30,32,144,FWD,E9,E10,E1,E2,-8.359000,34.793000,OK
3,9,adjacent,620,30,32,145,REV,E10,E9,E1,E2,-6.871000,61.726000,OK
3,9,adjacent,620,30,32,146,FWD,E9,E10,E2,E3,-11.113000,69.427000,OK
3,9,adjacent,620,30,32,147,REV,E10,E9,E2,E3,-9.910000,84.150000,OK
3,9,adjacent,620,30,32,148,FWD,E9,E10,E3,E4,4.879000,74.255000,OK
3,9,adjacent,620,30,32,149,REV,E10,E9,E3,E4,5.965000,101.985000,OK
3,9,adjacent,620,30,32,150,FWD,E9,E10,E4,E5,13.637000,124.808000,OK
3,9,adjacent,620,30,32,151,REV,E10,E9,E4,E5,15.883000,108.050000,OK
3,9,adjacent,620,30,32,152,FWD,E9,E10,E5,E6,-15.961000,78.125000,OK
3,9,adjacent,620,30,32,153,REV,E10,E9,E5,E6,-14.629000,96.160000,OK
3,9,adjacent,620,30,32,154,FWD,E9,E10,E6,E7,-13.301000,120.020000,OK
3,9,adjacent,620,30,32,155,REV,E10,E9,E6,E7,-10.234000,114.793000,OK
3,9,adjacent,620,30,32,156,FWD,E9,E10,E7,E8,39.922000,126.843000,OK
3,9,adjacent,620,30,32,157,REV,E10,E9,E7,E8,48.660000,128.799000,OK
3,9,adjacent,620,30,32,158,FWD,E9,E10,E11,E12,-64.090000,132.828000,OK
3,9,adjacent,620,30,32,159,REV,E10,E9,E11,E12,-38.145000,135.382000,OK
3,9,adjacent,620,30,32,160,FWD,E9,E10,E12,E1,16.922000,137.936000,OK
3,9,adjacent,620,30,32,161,REV,E10,E9,E12,E1,21.527000,142.963000,OK
3,9,adjacent,620,30,32,162,FWD,E10,E11,E1,E2,-8.695000,54.225000,OK
3,9,adjacent,620,30,32,163,REV,E11,E10,E1,E2,-3.961000,182.584000,OK
3,9,adjacent,620,30,32,164,FWD,E10,E11,E2,E3,-12.016000,160.559000,OK
3,9,adjacent,620,30,32,165,REV,E11,E10,E2,E3,-8.539000,180.509000,OK
3,9,adjacent,620,30,32,166,FWD,E10,E11,E3,E4,4.172000,167.622000,OK
3,9,adjacent,620,30,32,167,REV,E11,E10,E3,E4,6.684000,176.839000,OK
3,9,adjacent,620,30,32,168,FWD,E10,E11,E4,E5,13.469000,160.639000,OK
3,9,adjacent,620,30,32,169,REV,E11,E10,E4,E5,16.879000,172.090000,OK
3,9,adjacent,620,30,32,170,FWD,E10,E11,E5,E6,-16.066000,155.651000,OK
3,9,adjacent,620,30,32,171,REV,E11,E10,E5,E6,-14.250000,184.061000,OK
3,9,adjacent,620,30,32,172,FWD,E10,E11,E6,E7,-12.754000,157.607000,OK
3,9,adjacent,620,30,32,173,REV,E11,E10,E6,E7,-10.402000,170.734000,OK
3,9,adjacent,620,30,32,174,FWD,E10,E11,E7,E8,43.559000,140.689000,OK
3,9,adjacent,620,30,32,175,REV,E11,E10,E7,E8,48.660000,165.347000,OK
3,9,adjacent,620,30,32,176,FWD,E10,E11,E8,E9,-59.973000,159.003000,OK
3,9,adjacent,620,30,32,177,REV,E11,E10,E8,E9,-38.031000,210.155000,OK
3,9,adjacent,620,30,32,178,FWD,E10,E11,E12,E1,13.773000,186.933000,OK
3,9,adjacent,620,30,32,179,REV,E11,E10,E12,E1,29.953000,198.824000,OK
3,9,adjacent,620,30,32,180,FWD,E11,E12,E1,E2,-27.133000,315.852000,OK
3,9,adjacent,620,30,32,181,REV,E12,E11,E1,E2,10.313000,296.739000,OK
3,9,adjacent,620,30,32,182,FWD,E11,E12,E2,E3,-17.852000,322.754000,OK
3,9,adjacent,620,30,32,183,REV,E12,E11,E2,E3,-3.844000,295.103000,OK
3,9,adjacent,620,30,32,184,FWD,E11,E12,E3,E4,2.160000,324.191000,OK
3,9,adjacent,620,30,32,185,REV,E12,E11,E3,E4,8.309000,295.143000,OK
3,9,adjacent,620,30,32,186,FWD,E11,E12,E4,E5,11.930000,325.707000,OK
3,9,adjacent,620,30,32,187,REV,E12,E11,E4,E5,18.004000,296.101000,OK
3,9,adjacent,620,30,32,188,FWD,E11,E12,E5,E6,-16.461000,326.625000,OK
3,9,adjacent,620,30,32,189,REV,E12,E11,E5,E6,-14.395000,295.981000,OK
3,9,adjacent,620,30,32,190,FWD,E11,E12,E6,E7,-13.238000,326.824000,OK
3,9,adjacent,620,30,32,191,REV,E12,E11,E6,E7,-10.824000,297.497000,OK
3,9,adjacent,620,30,32,192,FWD,E11,E12,E7,E8,43.813000,327.742000,OK
3,9,adjacent,620,30,32,193,REV,E12,E11,E7,E8,47.125000,297.537000,OK
3,9,adjacent,620,30,32,194,FWD,E11,E12,E8,E9,-56.277000,328.779000,OK
3,9,adjacent,620,30,32,195,REV,E12,E11,E8,E9,-49.453000,299.253000,OK
3,9,adjacent,620,30,32,196,FWD,E11,E12,E9,E10,-47.641000,329.737000,OK
3,9,adjacent,620,30,32,197,REV,E12,E11,E9,E10,76.898000,299.652000,OK
3,9,adjacent,620,30,32,198,FWD,E12,E1,E2,E3,-24.344000,290.116000,OK
3,9,adjacent,620,30,32,199,REV,E1,E12,E2,E3,4.113000,315.213000,OK
3,9,adjacent,620,30,32,200,FWD,E12,E1,E3,E4,0.613000,297.817000,OK
3,9,adjacent,620,30,32,201,REV,E1,E12,E3,E4,10.453000,314.495000,OK
3,9,adjacent,620,30,32,202,FWD,E12,E1,E4,E5,11.477000,300.011000,OK
3,9,adjacent,620,30,32,203,REV,E1,E12,E4,E5,18.980000,315.213000,OK
3,9,adjacent,620,30,32,204,FWD,E12,E1,E5,E6,-16.375000,301.847000,OK
3,9,adjacent,620,30,32,205,REV,E1,E12,E5,E6,-14.313000,316.450000,OK
3,9,adjacent,620,30,32,206,FWD,E12,E1,E6,E7,-12.996000,304.480000,OK
3,9,adjacent,620,30,32,207,REV,E1,E12,E6,E7,-11.027000,318.006000,OK
3,9,adjacent,620,30,32,208,FWD,E12,E1,E7,E8,44.605000,305.318000,OK
3,9,adjacent,620,30,32,209,REV,E1,E12,E7,E8,46.648000,319.762000,OK
3,9,adjacent,620,30,32,210,FWD,E12,E1,E8,E9,-54.145000,308.789000,OK
3,9,adjacent,620,30,32,211,REV,E1,E12,E8,E9,-51.324000,322.675000,OK
3,9,adjacent,620,30,32,212,FWD,E12,E1,E9,E10,6.852000,311.223000,OK
3,9,adjacent,620,30,32,213,REV,E1,E12,E9,E10,25.070000,326.026000,OK
3,9,adjacent,620,30,32,214,FWD,E12,E1,E10,E11,34.793000,315.812000,OK
3,9,adjacent,620,30,32,215,REV,E1,E12,E10,E11,59.648000,331.612000,OK
4,10,adjacent,620,30,32,0,FWD,E1,E2,E3,E4,-11.922000,385.199000,OK
4,10,adjacent,620,30,32,1,REV,E2,E1,E3,E4,23.109000,402.236000,OK
4,10,adjacent,620,30,32,2,FWD,E1,E2,E4,E5,4.824000,409.737000,OK
4,10,adjacent,620,30,32,3,REV,E2,E1,E4,E5,26.000000,423.423000,OK
4,10,adjacent,620,30,32,4,FWD,E1,E2,E5,E6,-19.762000,475.772000,OK
4,10,adjacent,620,30,32,5,REV,E2,E1,E5,E6,-8.980000,1142.149000,OK
4,10,adjacent,620,30,32,6,FWD,E1,E2,E6,E7,-17.391000,1142.828000,OK
4,10,adjacent,620,30,32,7,REV,E2,E1,E6,E7,-6.793000,1143.027000,OK
4,10,adjacent,620,30,32,8,FWD,E1,E2,E7,E8,41.277000,1142.628000,OK
4,10,adjacent,620,30,32,9,REV,E2,E1,E7,E8,49.949000,1142.428000,OK
4,10,adjacent,620,30,32,10,FWD,E1,E2,E8,E9,-57.102000,1142.468000,OK
4,10,adjacent,620,30,32,11,REV,E2,E1,E8,E9,-48.430000,1143.107000,OK
4,10,adjacent,620,30,32,12,FWD,E1,E2,E9,E10,-2.543000,1143.865000,OK
4,10,adjacent,620,30,32,13,REV,E2,E1,E9,E10,32.762000,1142.508000,OK
4,10,adjacent,620,30,32,14,FWD,E1,E2,E10,E11,27.465000,1142.748000,OK
4,10,adjacent,620,30,32,15,REV,E2,E1,E10,E11,66.891000,1142.668000,OK
4,10,adjacent,620,30,32,16,FWD,E1,E2,E11,E12,-119.676000,1143.266000,OK
4,10,adjacent,620,30,32,17,REV,E2,E1,E11,E12,21.891000,1142.508000,OK
4,10,adjacent,620,30,32,18,FWD,E2,E3,E4,E5,-7.687000,390.785000,OK
4,10,adjacent,620,30,32,19,REV,E3,E2,E4,E5,37.660000,378.575000,OK
4,10,adjacent,620,30,32,20,FWD,E2,E3,E5,E6,-19.172000,368.201000,OK
4,10,adjacent,620,30,32,21,REV,E3,E2,E5,E6,-11.711000,364.211000,OK
4,10,adjacent,620,30,32,22,FWD,E2,E3,E6,E7,-14.684000,363.493000,OK
4,10,adjacent,620,30,32,23,REV,E3,E2,E6,E7,-9.586000,357.707000,OK
4,10,adjacent,620,30,32,24,FWD,E2,E3,E7,E8,43.961000,359.662000,OK
4,10,adjacent,620,30,32,25,REV,E3,E2,E7,E8,47.348000,353.198000,OK
4,10,adjacent,620,30,32,26,FWD,E2,E3,E8,E9,-54.109000,357.428000,OK
4,10,adjacent,620,30,32,27,REV,E3,E2,E8,E9,-51.582000,351.722000,OK
4,10,adjacent,620,30,32,28,FWD,E2,E3,E9,E10,10.914000,356.510000,OK
4,10,adjacent,620,30,32,29,REV,E3,E2,E9,E10,17.785000,350.046000,OK
4,10,adjacent,620,30,32,30,FWD,E2,E3,E10,E11,44.609000,354.994000,OK
4,10,adjacent,620,30,32,31,REV,E3,E2,E10,E11,51.266000,349.368000,OK
4,10,adjacent,620,30,32,32,FWD,E2,E3,E11,E12,-57.473000,355.313000,OK
4,10,adjacent,620,30,32,33,REV,E3,E2,E11,E12,-41.496000,348.570000,OK
4,10,adjacent,620,30,32,34,FWD,E2,E3,E12,E1,9.008000,354.515000,OK
4,10,adjacent,620,30,32,35,REV,E3,E2,E12,E1,41.543000,347.533000,OK
4,10,adjacent,620,30,32,36,FWD,E3,E4,E1,E2,-25.535000,365.647000,OK
4,10,adjacent,620,30,32,37,REV,E4,E3,E1,E2,5.953000,386.435000,OK
4,10,adjacent,620,30,32,38,FWD,E3,E4,E5,E6,-24.352000,374.665000,OK
4,10,adjacent,620,30,32,39,REV,E4,E3,E5,E6,-6.207000,383.203000,OK
4,10,adjacent,620,30,32,40,FWD,E3,E4,E6,E7,-17.285000,375.303000,OK
4,10,adjacent,620,30,32,41,REV,E4,E3,E6,E7,-6.887000,382.246000,OK
4,10,adjacent,620,30,32,42,FWD,E3,E4,E7,E8,42.871000,376.021000,OK
4,10,adjacent,620,30,32,43,REV,E4,E3,E7,E8,48.574000,381.927000,OK
4,10,adjacent,620,30,32,44,FWD,E3,E4,E8,E9,-54.453000,376.101000,OK
4,10,adjacent,620,30,32,45,REV,E4,E3,E8,E9,-51.199000,380.889000,OK
4,10,adjacent,620,30,32,46,FWD,E3,E4,E9,E10,11.047000,375.303000,OK
4,10,adjacent,620,30,32,47,REV,E4,E3,E9,E10,17.082000,381.488000,OK
4,10,adjacent,620,30,32,48,FWD,E3,E4,E10,E11,45.898000,376.141000,OK
4,10,adjacent,620,30,32,49,REV,E4,E3,E10,E11,50.520000,380.849000,OK
4,10,adjacent,620,30,32,50,FWD,E3,E4,E11,E12,-53.324000,375.144000,OK
4,10,adjacent,620,30,32,51,REV,E4,E3,E11,E12,-45.832000,380.610000,OK
4,10,adjacent,620,30,32,52,FWD,E3,E4,E12,E1,16.238000,376.021000,OK
4,10,adjacent,620,30,32,53,REV,E4,E3,E12,E1,28.246000,380.770000,OK
4,10,adjacent,620,30,32,54,FWD,E4,E5,E1,E2,-19.789000,377.418000,OK
4,10,adjacent,620,30,32,55,REV,E5,E4,E1,E2,-0.191000,407.742000,OK
4,10,adjacent,620,30,32,56,FWD,E4,E5,E2,E3,-30.082000,386.874000,OK
4,10,adjacent,620,30,32,57,REV,E5,E4,E2,E3,16.648000,404.630000,OK
4,10,adjacent,620,30,32,58,FWD,E4,E5,E6,E7,-33.348000,388.630000,OK
4,10,adjacent,620,30,32,59,REV,E5,E4,E6,E7,9.867000,403.792000,OK
4,10,adjacent,620,30,32,60,FWD,E4,E5,E7,E8,36.750000,389.268000,OK
4,10,adjacent,620,30,32,61,REV,E5,E4,E7,E8,55.027000,402.675000,OK
4,10,adjacent,620,30,32,62,FWD,E4,E5,E8,E9,-56.824000,389.069000,OK
4,10,adjacent,620,30,32,63,REV,E5,E4,E8,E9,-48.773000,402.795000,OK
4,10,adjacent,620,30,32,64,FWD,E4,E5,E9,E10,8.695000,390.066000,OK
4,10,adjacent,620,30,32,65,REV,E5,E4,E9,E10,19.363000,401.797000,OK
4,10,adjacent,620,30,32,66,FWD,E4,E5,E10,E11,44.895000,389.348000,OK
4,10,adjacent,620,30,32,67,REV,E5,E4,E10,E11,52.004000,401.797000,OK
4,10,adjacent,620,30,32,68,FWD,E4,E5,E11,E12,-53.461000,390.306000,OK
4,10,adjacent,620,30,32,69,REV,E5,E4,E11,E12,-45.809000,401.518000,OK
4,10,adjacent,620,30,32,70,FWD,E4,E5,E12,E1,16.395000,389.827000,OK
4,10,adjacent,620,30,32,71,REV,E5,E4,E12,E1,25.988000,401.358000,OK
4,10,adjacent,620,30,32,72,FWD,E5,E6,E1,E2,-11.348000,375.742000,OK
4,10,adjacent,620,30,32,73,REV,E6,E5,E1,E2,-7.160000,383.283000,OK
4,10,adjacent,620,30,32,74,FWD,E5,E6,E2,E3,-13.633000,385.238000,OK
4,10,adjacent,620,30,32,75,REV,E6,E5,E2,E3,-5.867000,380.251000,OK
4,10,adjacent,620,30,32,76,FWD,E5,E6,E3,E4,-2.652000,386.196000,OK
4,10,adjacent,620,30,32,77,REV,E6,E5,E3,E4,15.508000,379.253000,OK
4,10,adjacent,620,30,32,78,FWD,E5,E6,E7,E8,31.156000,387.513000,OK
4,10,adjacent,620,30,32,79,REV,E6,E5,E7,E8,59.961000,379.652000,OK
4,10,adjacent,620,30,32,80,FWD,E5,E6,E8,E9,-57.016000,387.752000,OK
4,10,adjacent,620,30,32,81,REV,E6,E5,E8,E9,-48.828000,378.735000,OK
4,10,adjacent,620,30,32,82,FWD,E5,E6,E9,E10,10.012000,387.912000,OK
4,10,adjacent,620,30,32,83,REV,E6,E5,E9,E10,17.180000,378.934000,OK
4,10,adjacent,620,30,32,84,FWD,E5,E6,E10,E11,46.520000,388.191000,OK
4,10,adjacent,620,30,32,85,REV,E6,E5,E10,E11,50.262000,378.575000,OK
4,10,adjacent,620,30,32,86,FWD,E5,E6,E11,E12,-51.066000,388.590000,OK
4,10,adjacent,620,30,32,87,REV,E6,E5,E11,E12,-48.484000,378.256000,OK
4,10,adjacent,620,30,32,88,FWD,E5,E6,E12,E1,19.344000,388.590000,OK
4,10,adjacent,620,30,32,89,REV,E6,E5,E12,E1,21.844000,378.894000,OK
4,10,adjacent,620,30,32,90,FWD,E6,E7,E1,E2,-10.590000,399.563000,OK
4,10,adjacent,620,30,32,91,REV,E7,E6,E1,E2,-6.957000,401.877000,OK
4,10,adjacent,620,30,32,92,FWD,E6,E7,E2,E3,-12.969000,407.343000,OK
4,10,adjacent,620,30,32,93,REV,E7,E6,E2,E3,-7.262000,400.161000,OK
4,10,adjacent,620,30,32,94,FWD,E6,E7,E3,E4,-0.234000,409.139000,OK
4,10,adjacent,620,30,32,95,REV,E7,E6,E3,E4,10.828000,399.164000,OK
4,10,adjacent,620,30,32,96,FWD,E6,E7,E4,E5,-6.875000,409.059000,OK
4,10,adjacent,620,30,32,97,REV,E7,E6,E4,E5,37.379000,398.765000,OK
4,10,adjacent,620,30,32,98,FWD,E6,E7,E8,E9,-62.805000,409.817000,OK
4,10,adjacent,620,30,32,99,REV,E7,E6,E8,E9,-43.188000,398.924000,OK
4,10,adjacent,620,30,32,100,FWD,E6,E7,E9,E10,7.098000,409.697000,OK
4,10,adjacent,620,30,32,101,REV,E7,E6,E9,E10,19.867000,398.725000,OK
4,10,adjacent,620,30,32,102,FWD,E6,E7,E10,E11,45.719000,409.737000,OK
4,10,adjacent,620,30,32,103,REV,E7,E6,E10,E11,52.020000,398.206000,OK
4,10,adjacent,620,30,32,104,FWD,E6,E7,E11,E12,-51.398000,410.495000,OK
4,10,adjacent,620,30,32,105,REV,E7,E6,E11,E12,-48.262000,398.366000,OK
4,10,adjacent,620,30,32,106,FWD,E6,E7,E12,E1,19.039000,409.059000,OK
4,10,adjacent,620,30,32,107,REV,E7,E6,E12,E1,21.598000,398.406000,OK
4,10,adjacent,620,30,32,108,FWD,E7,E8,E1,E2,-10.043000,426.695000,OK
4,10,adjacent,620,30,32,109,REV,E8,E7,E1,E2,-6.625000,502.346000,OK
4,10,adjacent,620,30,32,110,FWD,E7,E8,E2,E3,-12.313000,441.458000,OK
4,10,adjacent,620,30,32,111,REV,E8,E7,E2,E3,-7.934000,496.481000,OK
4,10,adjacent,620,30,32,112,FWD,E7,E8,E3,E4,2.027000,444.171000,OK
4,10,adjacent,620,30,32,113,REV,E8,E7,E3,E4,8.977000,494.765000,OK
4,10,adjacent,620,30,32,114,FWD,E7,E8,E4,E5,4.809000,445.887000,OK
4,10,adjacent,620,30,32,115,REV,E8,E7,E4,E5,26.344000,494.007000,OK
4,10,adjacent,620,30,32,116,FWD,E7,E8,E5,E6,-31.305000,446.525000,OK
4,10,adjacent,620,30,32,117,REV,E8,E7,E5,E6,3.508000,492.690000,OK
4,10,adjacent,620,30,32,118,FWD,E7,E8,E9,E10,-5.648000,447.004000,OK
4,10,adjacent,620,30,32,119,REV,E8,E7,E9,E10,34.371000,493.488000,OK
4,10,adjacent,620,30,32,120,FWD,E7,E8,E10,E11,42.023000,447.363000,OK
4,10,adjacent,620,30,32,121,REV,E8,E7,E10,E11,56.738000,492.531000,OK
4,10,adjacent,620,30,32,122,FWD,E7,E8,E11,E12,-52.160000,447.044000,OK
4,10,adjacent,620,30,32,123,REV,E8,E7,E11,E12,-47.266000,492.970000,OK
4,10,adjacent,620,30,32,124,FWD,E7,E8,E12,E1,18.742000,447.922000,OK
4,10,adjacent,620,30,32,125,REV,E8,E7,E12,E1,21.746000,492.610000,OK
4,10,adjacent,620,30,32,126,FWD,E8,E9,E1,E2,-9.656000,361.059000,OK
4,10,adjacent,620,30,32,127,REV,E9,E8,E1,E2,-7.020000,343.463000,OK
4,10,adjacent,620,30,32,128,FWD,E8,E9,E2,E3,-11.629000,372.271000,OK
4,10,adjacent,620,30,32,129,REV,E9,E8,E2,E3,-9.121000,340.749000,OK
4,10,adjacent,620,30,32,130,FWD,E8,E9,E3,E4,3.711000,374.106000,OK
4,10,adjacent,620,30,32,131,REV,E9,E8,E3,E4,6.754000,339.991000,OK
4,10,adjacent,620,30,32,132,FWD,E8,E9,E4,E5,11.223000,374.026000,OK
4,10,adjacent,620,30,32,133,REV,E9,E8,E4,E5,18.426000,339.393000,OK
4,10,adjacent,620,30,32,134,FWD,E8,E9,E5,E6,-19.141000,374.944000,OK
4,10,adjacent,620,30,32,135,REV,E9,E8,E5,E6,-11.602000,339.632000,OK
4,10,adjacent,620,30,32,136,FWD,E8,E9,E6,E7,-19.469000,374.386000,OK
4,10,adjacent,620,30,32,137,REV,E9,E8,E6,E7,-2.469000,339.273000,OK
4,10,adjacent,620,30,32,138,FWD,E8,E9,E10,E11,-2.230000,374.944000,OK
4,10,adjacent,620,30,32,139,REV,E9,E8,E10,E11,94.863000,339.193000,OK
4,10,adjacent,620,30,32,140,FWD,E8,E9,E11,E12,-54.078000,374.705000,OK
4,10,adjacent,620,30,32,141,REV,E9,E8,E11,E12,-46.074000,339.872000,OK
4,10,adjacent,620,30,32,142,FWD,E8,E9,E12,E1,18.387000,374.984000,OK
4,10,adjacent,620,30,32,143,REV,E9,E8,E12,E1,21.578000,339.473000,OK
4,10,adjacent,620,30,32,144,FWD,E9,E10,E1,E2,-9.250000,71.781000,OK
4,10,adjacent,620,30,32,145,REV,E10,E9,E1,E2,-7.246000,120.260000,OK
4,10,adjacent,620,30,32,146,FWD,E9,E10,E2,E3,-11.207000,118.025000,OK
4,10,adjacent,620,30,32,147,REV,E10,E9,E2,E3,-9.785000,126.085000,OK
4,10,adjacent,620,30,32,148,FWD,E9,E10,E3,E4,4.492000,122.813000,OK
4,10,adjacent,620,30,32,149,REV,E10,E9,E3,E4,5.781000,131.272000,OK
4,10,adjacent,620,30,32,150,FWD,E9,E10,E4,E5,13.207000,154.415000,OK
4,10,adjacent,620,30,32,151,REV,E10,E9,E4,E5,16.062000,147.512000,OK
4,10,adjacent,620,30,32,152,FWD,E9,E10,E5,E6,-16.430000,143.242000,OK
4,10,adjacent,620,30,32,153,REV,E10,E9,E5,E6,-14.617000,143.921000,OK
4,10,adjacent,620,30,32,154,FWD,E9,E10,E6,E7,-13.586000,144.160000,OK
4,10,adjacent,620,30,32,155,REV,E10,E9,E6,E7,-10.457000,148.070000,OK
4,10,adjacent,620,30,32,156,FWD,E9,E10,E7,E8,39.371000,148.789000,OK
4,10,adjacent,620,30,32,157,REV,E10,E9,E7,E8,47.336000,143.881000,OK
4,10,adjacent,620,30,32,158,FWD,E9,E10,E11,E12,-64.160000,146.514000,OK
4,10,adjacent,620,30,32,159,REV,E10,E9,E11,E12,-39.559000,146.953000,OK
4,10,adjacent,620,30,32,160,FWD,E9,E10,E12,E1,17.336000,132.589000,OK
4,10,adjacent,620,30,32,161,REV,E10,E9,E12,E1,21.430000,123.971000,OK
4,10,adjacent,620,30,32,162,FWD,E10,E11,E1,E2,-8.719000,37.905000,OK
4,10,adjacent,620,30,32,163,REV,E11,E10,E1,E2,-4.949000,152.021000,OK
4,10,adjacent,620,30,32,164,FWD,E10,E11,E2,E3,-11.113000,133.387000,OK
4,10,adjacent,620,30,32,165,REV,E11,E10,E2,E3,-8.531000,166.584000,OK
4,10,adjacent,620,30,32,166,FWD,E10,E11,E3,E4,4.773000,137.736000,OK
4,10,adjacent,620,30,32,167,REV,E11,E10,E3,E4,6.469000,154.933000,OK
4,10,adjacent,620,30,32,168,FWD,E10,E11,E4,E5,14.305000,134.265000,OK
4,10,adjacent,620,30,32,169,REV,E11,E10,E4,E5,17.008000,172.769000,OK
4,10,adjacent,620,30,32,170,FWD,E10,E11,E5,E6,-15.820000,153.178000,OK
4,10,adjacent,620,30,32,171,REV,E11,E10,E5,E6,-14.379000,166.105000,OK
4,10,adjacent,620,30,32,172,FWD,E10,E11,E6,E7,-12.383000,131.113000,OK
4,10,adjacent,620,30,32,173,REV,E11,E10,E6,E7,-10.426000,167.023000,OK
4,10,adjacent,620,30,32,174,FWD,E10,E11,E7,E8,44.352000,138.016000,OK
4,10,adjacent,620,30,32,175,REV,E11,E10,E7,E8,48.512000,174.724000,OK
4,10,adjacent,620,30,32,176,FWD,E10,E11,E8,E9,-58.938000,150.704000,OK
4,10,adjacent,620,30,32,177,REV,E11,E10,E8,E9,-40.820000,173.128000,OK
4,10,adjacent,620,30,32,178,FWD,E10,E11,E12,E1,18.195000,124.609000,OK
4,10,adjacent,620,30,32,179,REV,E11,E10,E12,E1,27.535000,168.140000,OK
4,10,adjacent,620,30,32,180,FWD,E11,E12,E1,E2,-26.684000,304.121000,OK
4,10,adjacent,620,30,32,181,REV,E12,E11,E1,E2,9.160000,283.572000,OK
4,10,adjacent,620,30,32,182,FWD,E11,E12,E2,E3,-17.484000,310.465000,OK
4,10,adjacent,620,30,32,183,REV,E12,E11,E2,E3,-4.066000,281.737000,OK
4,10,adjacent,620,30,32,184,FWD,E11,E12,E3,E4,2.262000,310.824000,OK
4,10,adjacent,620,30,32,185,REV,E12,E11,E3,E4,8.145000,281.178000,OK
4,10,adjacent,620,30,32,186,FWD,E11,E12,E4,E5,12.047000,311.263000,OK
4,10,adjacent,620,30,32,187,REV,E12,E11,E4,E5,17.816000,281.058000,OK
4,10,adjacent,620,30,32,188,FWD,E11,E12,E5,E6,-16.359000,311.542000,OK
4,10,adjacent,620,30,32,189,REV,E12,E11,E5,E6,-14.383000,281.098000,OK
4,10,adjacent,620,30,32,190,FWD,E11,E12,E6,E7,-13.172000,311.303000,OK
4,10,adjacent,620,30,32,191,REV,E12,E11,E6,E7,-10.902000,280.300000,OK
4,10,adjacent,620,30,32,192,FWD,E11,E12,E7,E8,43.855000,311.383000,OK
4,10,adjacent,620,30,32,193,REV,E12,E11,E7,E8,47.012000,280.779000,OK
4,10,adjacent,620,30,32,194,FWD,E11,E12,E8,E9,-56.086000,312.021000,OK
4,10,adjacent,620,30,32,195,REV,E12,E11,E8,E9,-49.727000,281.098000,OK
4,10,adjacent,620,30,32,196,FWD,E11,E12,E9,E10,-39.375000,311.742000,OK
4,10,adjacent,620,30,32,197,REV,E12,E11,E9,E10,67.324000,279.981000,OK
4,10,adjacent,620,30,32,198,FWD,E12,E1,E2,E3,-23.391000,271.562000,OK
4,10,adjacent,620,30,32,199,REV,E1,E12,E2,E3,3.211000,295.542000,OK
4,10,adjacent,620,30,32,200,FWD,E12,E1,E3,E4,0.898000,277.507000,OK
4,10,adjacent,620,30,32,201,REV,E1,E12,E3,E4,10.051000,293.827000,OK
4,10,adjacent,620,30,32,202,FWD,E12,E1,E4,E5,11.688000,278.305000,OK
4,10,adjacent,620,30,32,203,REV,E1,E12,E4,E5,18.637000,293.348000,OK
4,10,adjacent,620,30,32,204,FWD,E12,E1,E5,E6,-16.309000,278.904000,OK
4,10,adjacent,620,30,32,205,REV,E1,E12,E5,E6,-14.375000,292.949000,OK
4,10,adjacent,620,30,32,206,FWD,E12,E1,E6,E7,-12.930000,279.662000,OK
4,10,adjacent,620,30,32,207,REV,E1,E12,E6,E7,-11.105000,292.789000,OK
4,10,adjacent,620,30,32,208,FWD,E12,E1,E7,E8,44.637000,278.744000,OK
4,10,adjacent,620,30,32,209,REV,E1,E12,E7,E8,46.531000,292.470000,OK
4,10,adjacent,620,30,32,210,FWD,E12,E1,E8,E9,-54.004000,279.702000,OK
4,10,adjacent,620,30,32,211,REV,E1,E12,E8,E9,-51.477000,292.669000,OK
4,10,adjacent,620,30,32,212,FWD,E12,E1,E9,E10,7.594000,279.542000,OK
4,10,adjacent,620,30,32,213,REV,E1,E12,E9,E10,23.352000,292.430000,OK
4,10,adjacent,620,30,32,214,FWD,E12,E1,E10,E11,36.566000,279.582000,OK
4,10,adjacent,620,30,32,215,REV,E1,E12,E10,E11,58.746000,292.669000,OK
5,11,adjacent,620,30,32,0,FWD,E1,E2,E3,E4,-9.641000,337.238000,OK
5,11,adjacent,620,30,32,1,REV,E2,E1,E3,E4,20.418000,345.937000,OK
5,11,adjacent,620,30,32,2,FWD,E1,E2,E4,E5,6.473000,345.099000,OK
5,11,adjacent,620,30,32,3,REV,E2,E1,E4,E5,23.578000,343.543000,OK
5,11,adjacent,620,30,32,4,FWD,E1,E2,E5,E6,-17.270000,347.373000,OK
5,11,adjacent,620,30,32,5,REV,E2,E1,E5,E6,-13.441000,342.346000,OK
5,11,adjacent,620,30,32,6,FWD,E1,E2,E6,E7,-13.664000,348.131000,OK
5,11,adjacent,620,30,32,7,REV,E2,E1,E6,E7,-10.531000,341.867000,OK
5,11,adjacent,620,30,32,8,FWD,E1,E2,E7,E8,44.328000,348.291000,OK
5,11,adjacent,620,30,32,9,REV,E2,E1,E7,E8,46.844000,342.465000,OK
5,11,adjacent,620,30,32,10,FWD,E1,E2,E8,E9,-54.102000,348.690000,OK
5,11,adjacent,620,30,32,11,REV,E2,E1,E8,E9,-51.551000,342.266000,OK
5,11,adjacent,620,30,32,12,FWD,E1,E2,E9,E10,9.582000,348.291000,OK
5,11,adjacent,620,30,32,13,REV,E2,E1,E9,E10,19.586000,341.787000,OK
5,11,adjacent,620,30,32,14,FWD,E1,E2,E10,E11,41.820000,348.929000,OK
5,11,adjacent,620,30,32,15,REV,E2,E1,E10,E11,53.746000,342.026000,OK
5,11,adjacent,620,30,32,16,FWD,E1,E2,E11,E12,-70.168000,348.889000,OK
5,11,adjacent,620,30,32,17,REV,E2,E1,E11,E12,-28.379000,342.505000,OK
5,11,adjacent,620,30,32,18,FWD,E2,E3,E4,E5,-5.969000,345.258000,OK
5,11,adjacent,620,30,32,19,REV,E3,E2,E4,E5,36.117000,349.328000,OK
5,11,adjacent,620,30,32,20,FWD,E2,E3,E5,E6,-18.926000,351.363000,OK
5,11,adjacent,620,30,32,21,REV,E3,E2,E5,E6,-11.852000,348.370000,OK
5,11,adjacent,620,30,32,22,FWD,E2,E3,E6,E7,-14.605000,352.959000,OK
5,11,adjacent,620,30,32,23,REV,E3,E2,E6,E7,-9.684000,347.253000,OK
5,11,adjacent,620,30,32,24,FWD,E2,E3,E7,E8,43.961000,353.119000,OK
5,11,adjacent,620,30,32,25,REV,E3,E2,E7,E8,47.254000,346.854000,OK
5,11,adjacent,620,30,32,26,FWD,E2,E3,E8,E9,-54.082000,352.959000,OK
5,11,adjacent,620,30,32,27,REV,E3,E2,E8,E9,-51.590000,347.094000,OK
5,11,adjacent,620,30,32,28,FWD,E2,E3,E9,E10,10.832000,353.398000,OK
5,11,adjacent,620,30,32,29,REV,E3,E2,E9,E10,17.418000,346.535000,OK
5,11,adjacent,620,30,32,30,FWD,E2,E3,E10,E11,44.898000,353.079000,OK
5,11,adjacent,620,30,32,31,REV,E3,E2,E10,E11,51.465000,346.016000,OK
5,11,adjacent,620,30,32,32,FWD,E2,E3,E11,E12,-57.457000,353.119000,OK
5,11,adjacent,620,30,32,33,REV,E3,E2,E11,E12,-41.547000,346.774000,OK
5,11,adjacent,620,30,32,34,FWD,E2,E3,E12,E1,3.867000,353.198000,OK
5,11,adjacent,620,30,32,35,REV,E3,E2,E12,E1,36.566000,346.575000,OK
5,11,adjacent,620,30,32,36,FWD,E3,E4,E1,E2,-20.500000,365.049000,OK
5,11,adjacent,620,30,32,37,REV,E4,E3,E1,E2,10.688000,384.440000,OK
5,11,adjacent,620,30,32,38,FWD,E3,E4,E5,E6,-24.371000,372.989000,OK
5,11,adjacent,620,30,32,39,REV,E4,E3,E5,E6,-6.254000,383.323000,OK
5,11,adjacent,620,30,32,40,FWD,E3,E4,E6,E7,-17.281000,374.745000,OK
5,11,adjacent,620,30,32,41,REV,E4,E3,E6,E7,-6.898000,381.847000,OK
5,11,adjacent,620,30,32,42,FWD,E3,E4,E7,E8,42.840000,375.144000,OK
5,11,adjacent,620,30,32,43,REV,E4,E3,E7,E8,48.531000,381.488000,OK
5,11,adjacent,620,30,32,44,FWD,E3,E4,E8,E9,-54.453000,375.024000,OK
5,11,adjacent,620,30,32,45,REV,E4,E3,E8,E9,-51.246000,381.488000,OK
5,11,adjacent,620,30,32,46,FWD,E3,E4,E9,E10,10.980000,375.862000,OK
5,11,adjacent,620,30,32,47,REV,E4,E3,E9,E10,16.926000,381.248000,OK
5,11,adjacent,620,30,32,48,FWD,E3,E4,E10,E11,45.727000,375.822000,OK
5,11,adjacent,620,30,32,49,REV,E4,E3,E10,E11,50.887000,380.889000,OK
5,11,adjacent,620,30,32,50,FWD,E3,E4,E11,E12,-53.324000,375.942000,OK
5,11,adjacent,620,30,32,51,REV,E4,E3,E11,E12,-45.809000,381.169000,OK
5,11,adjacent,620,30,32,52,FWD,E3,E4,E12,E1,13.941000,376.261000,OK
5,11,adjacent,620,30,32,53,REV,E4,E3,E12,E1,26.023000,381.328000,OK
5,11,adjacent,620,30,32,54,FWD,E4,E5,E1,E2,-17.465000,378.336000,OK
5,11,adjacent,620,30,32,55,REV,E5,E4,E1,E2,2.090000,408.022000,OK
5,11,adjacent,620,30,32,56,FWD,E4,E5,E2,E3,-30.437000,387.712000,OK
5,11,adjacent,620,30,32,57,REV,E5,E4,E2,E3,16.457000,405.827000,OK
5,11,adjacent,620,30,32,58,FWD,E4,E5,E6,E7,-33.438000,390.226000,OK
5,11,adjacent,620,30,32,59,REV,E5,E4,E6,E7,9.883000,404.470000,OK
5,11,adjacent,620,30,32,60,FWD,E4,E5,E7,E8,36.695000,390.386000,OK
5,11,adjacent,620,30,32,61,REV,E5,E4,E7,E8,55.016000,404.071000,OK
5,11,adjacent,620,30,32,62,FWD,E4,E5,E8,E9,-56.805000,390.226000,OK
5,11,adjacent,620,30,32,63,REV,E5,E4,E8,E9,-48.773000,403.154000,OK
5,11,adjacent,620,30,32,64,FWD,E4,E5,E9,E10,8.414000,391.144000,OK
5,11,adjacent,620,30,32,65,REV,E5,E4,E9,E10,18.871000,402.954000,OK
5,11,adjacent,620,30,32,66,FWD,E4,E5,E10,E11,45.090000,391.104000,OK
5,11,adjacent,620,30,32,67,REV,E5,E4,E10,E11,52.477000,402.874000,OK
5,11,adjacent,620,30,32,68,FWD,E4,E5,E11,E12,-53.488000,391.024000,OK
5,11,adjacent,620,30,32,69,REV,E5,E4,E11,E12,-45.789000,402.755000,OK
5,11,adjacent,620,30,32,70,FWD,E4,E5,E12,E1,15.078000,391.064000,OK
5,11,adjacent,620,30,32,71,REV,E5,E4,E12,E1,24.715000,403.553000,OK
5,11,adjacent,620,30,32,72,FWD,E5,E6,E1,E2,-10.008000,378.376000,OK
5,11,adjacent,620,30,32,73,REV,E6,E5,E1,E2,-5.824000,385.717000,OK
5,11,adjacent,620,30,32,74,FWD,E5,E6,E2,E3,-13.852000,387.273000,OK
5,11,adjacent,620,30,32,75,REV,E6,E5,E2,E3,-6.051000,382.605000,OK
5,11,adjacent,620,30,32,76,FWD,E5,E6,E3,E4,-2.602000,388.311000,OK
5,11,adjacent,620,30,32,77,REV,E6,E5,E3,E4,15.574000,381.528000,OK
5,11,adjacent,620,30,32,78,FWD,E5,E6,E7,E8,31.055000,389.468000,OK
5,11,adjacent,620,30,32,79,REV,E6,E5,E7,E8,60.023000,381.328000,OK
5,11,adjacent,620,30,32,80,FWD,E5,E6,E8,E9,-57.023000,389.308000,OK
5,11,adjacent,620,30,32,81,REV,E6,E5,E8,E9,-48.797000,380.690000,OK
5,11,adjacent,620,30,32,82,FWD,E5,E6,E9,E10,10.051000,390.266000,OK
5,11,adjacent,620,30,32,83,REV,E6,E5,E9,E10,16.777000,380.570000,OK
5,11,adjacent,620,30,32,84,FWD,E5,E6,E10,E11,47.020000,390.226000,OK
5,11,adjacent,620,30,32,85,REV,E6,E5,E10,E11,50.840000,381.208000,OK
5,11,adjacent,620,30,32,86,FWD,E5,E6,E11,E12,-51.070000,390.705000,OK
5,11,adjacent,620,30,32,87,REV,E6,E5,E11,E12,-48.496000,380.490000,OK
5,11,adjacent,620,30,32,88,FWD,E5,E6,E12,E1,18.484000,390.426000,OK
5,11,adjacent,620,30,32,89,REV,E6,E5,E12,E1,21.000000,380.570000,OK
5,11,adjacent,620,30,32,90,FWD,E6,E7,E1,E2,-9.695000,401.079000,OK
5,11,adjacent,620,30,32,91,REV,E7,E6,E1,E2,-6.035000,404.032000,OK
5,11,adjacent,620,30,32,92,FWD,E6,E7,E2,E3,-13.121000,409.418000,OK
5,11,adjacent,620,30,32,93,REV,E7,E6,E2,E3,-7.359000,401.917000,OK
5,11,adjacent,620,30,32,94,FWD,E6,E7,E3,E4,-0.234000,410.615000,OK
5,11,adjacent,620,30,32,95,REV,E7,E6,E3,E4,10.898000,401.119000,OK
5,11,adjacent,620,30,32,96,FWD,E6,E7,E4,E5,-6.969000,410.815000,OK
5,11,adjacent,620,30,32,97,REV,E7,E6,E4,E5,37.516000,400.720000,OK
5,11,adjacent,620,30,32,98,FWD,E6,E7,E8,E9,-62.852000,411.134000,OK
5,11,adjacent,620,30,32,99,REV,E7,E6,E8,E9,-43.168000,400.760000,OK
5,11,adjacent,620,30,32,100,FWD,E6,E7,E9,E10,6.906000,411.533000,OK
5,11,adjacent,620,30,32,101,REV,E7,E6,E9,E10,19.629000,400.560000,OK
5,11,adjacent,620,30,32,102,FWD,E6,E7,E10,E11,45.926000,411.453000,OK
5,11,adjacent,620,30,32,103,REV,E7,E6,E10,E11,52.066000,400.680000,OK
5,11,adjacent,620,30,32,104,FWD,E6,E7,E11,E12,-51.395000,411.254000,OK
5,11,adjacent,620,30,32,105,REV,E7,E6,E11,E12,-48.246000,400.440000,OK
5,11,adjacent,620,30,32,106,FWD,E6,E7,E12,E1,18.434000,412.091000,OK
5,11,adjacent,620,30,32,107,REV,E7,E6,E12,E1,21.012000,400.440000,OK
5,11,adjacent,620,30,32,108,FWD,E7,E8,E1,E2,-9.445000,428.291000,OK
5,11,adjacent,620,30,32,109,REV,E8,E7,E1,E2,-5.996000,504.261000,OK
5,11,adjacent,620,30,32,110,FWD,E7,E8,E2,E3,-12.402000,443.094000,OK
5,11,adjacent,620,30,32,111,REV,E8,E7,E2,E3,-8.035000,498.276000,OK
5,11,adjacent,620,30,32,112,FWD,E7,E8,E3,E4,2.027000,445.767000,OK
5,11,adjacent,620,30,32,113,REV,E8,E7,E3,E4,9.023000,496.401000,OK
5,11,adjacent,620,30,32,114,FWD,E7,E8,E4,E5,4.762000,446.725000,OK
5,11,adjacent,620,30,32,115,REV,E8,E7,E4,E5,26.363000,495.364000,OK
5,11,adjacent,620,30,32,116,FWD,E7,E8,E5,E6,-31.348000,447.762000,OK
5,11,adjacent,620,30,32,117,REV,E8,E7,E5,E6,3.621000,494.845000,OK
5,11,adjacent,620,30,32,118,FWD,E7,E8,E9,E10,-5.660000,448.161000,OK
5,11,adjacent,620,30,32,119,REV,E8,E7,E9,E10,34.457000,494.366000,OK
5,11,adjacent,620,30,32,120,FWD,E7,E8,E10,E11,41.758000,448.401000,OK
5,11,adjacent,620,30,32,121,REV,E8,E7,E10,E11,57.242000,494.087000,OK
5,11,adjacent,620,30,32,122,FWD,E7,E8,E11,E12,-52.164000,448.800000,OK
5,11,adjacent,620,30,32,123,REV,E8,E7,E11,E12,-47.246000,493.967000,OK
5,11,adjacent,620,30,32,124,FWD,E7,E8,E12,E1,18.289000,448.840000,OK
5,11,adjacent,620,30,32,125,REV,E8,E7,E12,E1,21.348000,494.087000,OK
5,11,adjacent,620,30,32,126,FWD,E8,E9,E1,E2,-9.156000,362.016000,OK
5,11,adjacent,620,30,32,127,REV,E9,E8,E1,E2,-6.523000,344.660000,OK
5,11,adjacent,620,30,32,128,FWD,E8,E9,E2,E3,-11.742000,373.268000,OK
5,11,adjacent,620,30,32,129,REV,E9,E8,E2,E3,-9.223000,341.787000,OK
5,11,adjacent,620,30,32,130,FWD,E8,E9,E3,E4,3.730000,375.423000,OK
5,11,adjacent,620,30,32,131,REV,E9,E8,E3,E4,6.762000,341.428000,OK
5,11,adjacent,620,30,32,132,FWD,E8,E9,E4,E5,11.191000,375.782000,OK
5,11,adjacent,620,30,32,133,REV,E9,E8,E4,E5,18.414000,341.388000,OK
5,11,adjacent,620,30,32,134,FWD,E8,E9,E5,E6,-19.148000,376.061000,OK
5,11,adjacent,620,30,32,135,REV,E9,E8,E5,E6,-11.590000,340.630000,OK
5,11,adjacent,620,30,32,136,FWD,E8,E9,E6,E7,-19.496000,376.101000,OK
5,11,adjacent,620,30,32,137,REV,E9,E8,E6,E7,-2.449000,340.670000,OK
5,11,adjacent,620,30,32,138,FWD,E8,E9,E10,E11,8.676000,376.181000,OK
5,11,adjacent,620,30,32,139,REV,E9,E8,E10,E11,85.793000,340.869000,OK
5,11,adjacent,620,30,32,140,FWD,E8,E9,E11,E12,-53.961000,376.021000,OK
5,11,adjacent,620,30,32,141,REV,E9,E8,E11,E12,-46.133000,340.430000,OK
5,11,adjacent,620,30,32,142,FWD,E8,E9,E12,E1,18.059000,376.101000,OK
5,11,adjacent,620,30,32,143,REV,E9,E8,E12,E1,21.254000,340.590000,OK
5,11,adjacent,620,30,32,144,FWD,E9,E10,E1,E2,-8.750000,58.494000,OK
5,11,adjacent,620,30,32,145,REV,E10,E9,E1,E2,-7.250000,73.018000,OK
5,11,adjacent,620,30,32,146,FWD,E9,E10,E2,E3,-11.195000,94.444000,OK
5,11,adjacent,620,30,32,147,REV,E10,E9,E2,E3,-10.113000,101.187000,OK
5,11,adjacent,620,30,32,148,FWD,E9,E10,E3,E4,4.605000,122.734000,OK
5,11,adjacent,620,30,32,149,REV,E10,E9,E3,E4,5.594000,88.340000,OK
5,11,adjacent,620,30,32,150,FWD,E9,E10,E4,E5,14.000000,96.519000,OK
5,11,adjacent,620,30,32,151,REV,E10,E9,E4,E5,15.414000,79.801000,OK
5,11,adjacent,620,30,32,152,FWD,E9,E10,E5,E6,-16.043000,101.985000,OK
5,11,adjacent,620,30,32,153,REV,E10,E9,E5,E6,-14.957000,105.177000,OK
5,11,adjacent,620,30,32,154,FWD,E9,E10,E6,E7,-13.184000,124.090000,OK
5,11,adjacent,620,30,32,155,REV,E10,E9,E6,E7,-11.195000,91.133000,OK
5,11,adjacent,620,30,32,156,FWD,E9,E10,E7,E8,41.098000,119.063000,OK
5,11,adjacent,620,30,32,157,REV,E10,E9,E7,E8,46.750000,99.951000,OK
5,11,adjacent,620,30,32,158,FWD,E9,E10,E11,E12,-63.336000,113.557000,OK
5,11,adjacent,620,30,32,159,REV,E10,E9,E11,E12,-40.734000,99.552000,OK
5,11,adjacent,620,30,32,160,FWD,E9,E10,E12,E1,17.238000,136.898000,OK
5,11,adjacent,620,30,32,161,REV,E10,E9,E12,E1,20.887000,118.145000,OK
5,11,adjacent,620,30,32,162,FWD,E10,E11,E1,E2,-7.980000,18.314000,OK
5,11,adjacent,620,30,32,163,REV,E11,E10,E1,E2,-5.055000,153.617000,OK
5,11,adjacent,620,30,32,164,FWD,E10,E11,E2,E3,-10.688000,101.746000,OK
5,11,adjacent,620,30,32,165,REV,E11,E10,E2,E3,-8.789000,160.559000,OK
5,11,adjacent,620,30,32,166,FWD,E10,E11,E3,E4,4.770000,136.340000,OK
5,11,adjacent,620,30,32,167,REV,E11,E10,E3,E4,6.453000,166.305000,OK
5,11,adjacent,620,30,32,168,FWD,E10,E11,E4,E5,14.699000,119.621000,OK
5,11,adjacent,620,30,32,169,REV,E11,E10,E4,E5,16.789000,165.746000,OK
5,11,adjacent,620,30,32,170,FWD,E10,E11,E5,E6,-15.688000,139.452000,OK
5,11,adjacent,620,30,32,171,REV,E11,E10,E5,E6,-14.324000,174.883000,OK
5,11,adjacent,620,30,32,172,FWD,E10,E11,E6,E7,-12.434000,160.200000,OK
5,11,adjacent,620,30,32,173,REV,E11,E10,E6,E7,-10.324000,179.432000,OK
5,11,adjacent,620,30,32,174,FWD,E10,E11,E7,E8,43.723000,177.118000,OK
5,11,adjacent,620,30,32,175,REV,E11,E10,E7,E8,48.570000,176.240000,OK
5,11,adjacent,620,30,32,176,FWD,E10,E11,E8,E9,-60.082000,175.003000,OK
5,11,adjacent,620,30,32,177,REV,E11,E10,E8,E9,-40.992000,187.851000,OK
5,11,adjacent,620,30,32,178,FWD,E10,E11,E12,E1,15.914000,169.776000,OK
5,11,adjacent,620,30,32,179,REV,E11,E10,E12,E1,28.379000,186.774000,OK
5,11,adjacent,620,30,32,180,FWD,E11,E12,E1,E2,-26.516000,304.640000,OK
5,11,adjacent,620,30,32,181,REV,E12,E11,E1,E2,9.469000,284.410000,OK
5,11,adjacent,620,30,32,182,FWD,E11,E12,E2,E3,-17.602000,310.944000,OK
5,11,adjacent,620,30,32,183,REV,E12,E11,E2,E3,-4.117000,282.375000,OK
5,11,adjacent,620,30,32,184,FWD,E11,E12,E3,E4,2.254000,311.622000,OK
5,11,adjacent,620,30,32,185,REV,E12,E11,E3,E4,8.148000,282.016000,OK
5,11,adjacent,620,30,32,186,FWD,E11,E12,E4,E5,12.004000,312.340000,OK
5,11,adjacent,620,30,32,187,REV,E12,E11,E4,E5,17.805000,281.617000,OK
5,11,adjacent,620,30,32,188,FWD,E11,E12,E5,E6,-16.410000,312.460000,OK
5,11,adjacent,620,30,32,189,REV,E12,E11,E5,E6,-14.418000,281.577000,OK
5,11,adjacent,620,30,32,190,FWD,E11,E12,E6,E7,-13.172000,311.862000,OK
5,11,adjacent,620,30,32,191,REV,E12,E11,E6,E7,-10.871000,281.617000,OK
5,11,adjacent,620,30,32,192,FWD,E11,E12,E7,E8,43.848000,312.101000,OK
5,11,adjacent,620,30,32,193,REV,E12,E11,E7,E8,46.996000,281.457000,OK
5,11,adjacent,620,30,32,194,FWD,E11,E12,E8,E9,-56.203000,312.181000,OK
5,11,adjacent,620,30,32,195,REV,E12,E11,E8,E9,-49.738000,281.577000,OK
5,11,adjacent,620,30,32,196,FWD,E11,E12,E9,E10,-48.277000,312.261000,OK
5,11,adjacent,620,30,32,197,REV,E12,E11,E9,E10,77.707000,281.418000,OK
5,11,adjacent,620,30,32,198,FWD,E12,E1,E2,E3,-23.465000,272.560000,OK
5,11,adjacent,620,30,32,199,REV,E1,E12,E2,E3,3.238000,295.901000,OK
5,11,adjacent,620,30,32,200,FWD,E12,E1,E3,E4,0.910000,278.664000,OK
5,11,adjacent,620,30,32,201,REV,E1,E12,E3,E4,10.078000,294.585000,OK
5,11,adjacent,620,30,32,202,FWD,E12,E1,E4,E5,11.645000,280.101000,OK
5,11,adjacent,620,30,32,203,REV,E1,E12,E4,E5,18.641000,293.986000,OK
5,11,adjacent,620,30,32,204,FWD,E12,E1,E5,E6,-16.320000,280.061000,OK
5,11,adjacent,620,30,32,205,REV,E1,E12,E5,E6,-14.418000,294.106000,OK
5,11,adjacent,620,30,32,206,FWD,E12,E1,E6,E7,-12.906000,279.901000,OK
5,11,adjacent,620,30,32,207,REV,E1,E12,E6,E7,-11.105000,293.707000,OK
5,11,adjacent,620,30,32,208,FWD,E12,E1,E7,E8,44.645000,280.141000,OK
5,11,adjacent,620,30,32,209,REV,E1,E12,E7,E8,46.535000,293.787000,OK
5,11,adjacent,620,30,32,210,FWD,E12,E1,E8,E9,-54.109000,280.460000,OK
5,11,adjacent,620,30,32,211,REV,E1,E12,E8,E9,-51.523000,293.667000,OK
5,11,adjacent,620,30,32,212,FWD,E12,E1,E9,E10,7.836000,280.819000,OK
5,11,adjacent,620,30,32,213,REV,E1,E12,E9,E10,28.187000,293.547000,OK
5,11,adjacent,620,30,32,214,FWD,E12,E1,E10,E11,35.977000,280.859000,OK
5,11,adjacent,620,30,32,215,REV,E1,E12,E10,E11,51.914000,292.949000,OK
6,12,adjacent,620,30,32,0,FWD,E1,E2,E3,E4,-9.648000,338.276000,OK
6,12,adjacent,620,30,32,1,REV,E2,E1,E3,E4,20.488000,346.854000,OK
6,12,adjacent,620,30,32,2,FWD,E1,E2,E4,E5,6.426000,346.615000,OK
6,12,adjacent,620,30,32,3,REV,E2,E1,E4,E5,23.594000,344.460000,OK
6,12,adjacent,620,30,32,4,FWD,E1,E2,E5,E6,-17.270000,348.131000,OK
6,12,adjacent,620,30,32,5,REV,E2,E1,E5,E6,-13.531000,343.981000,OK
6,12,adjacent,620,30,32,6,FWD,E1,E2,E6,E7,-13.676000,348.889000,OK
6,12,adjacent,620,30,32,7,REV,E2,E1,E6,E7,-10.543000,343.543000,OK
6,12,adjacent,620,30,32,8,FWD,E1,E2,E7,E8,44.313000,348.969000,OK
6,12,adjacent,620,30,32,9,REV,E2,E1,E7,E8,46.891000,343.941000,OK
6,12,adjacent,620,30,32,10,FWD,E1,E2,E8,E9,-54.156000,349.567000,OK
6,12,adjacent,620,30,32,11,REV,E2,E1,E8,E9,-51.582000,343.383000,OK
6,12,adjacent,620,30,32,12,FWD,E1,E2,E9,E10,14.027000,349.049000,OK
6,12,adjacent,620,30,32,13,REV,E2,E1,E9,E10,32.121000,342.944000,OK
6,12,adjacent,620,30,32,14,FWD,E1,E2,E10,E11,36.262000,349.488000,OK
6,12,adjacent,620,30,32,15,REV,E2,E1,E10,E11,39.801000,342.984000,OK
6,12,adjacent,620,30,32,16,FWD,E1,E2,E11,E12,-70.215000,349.687000,OK
6,12,adjacent,620,30,32,17,REV,E2,E1,E11,E12,-28.352000,342.864000,OK
6,12,adjacent,620,30,32,18,FWD,E2,E3,E4,E5,-5.977000,346.296000,OK
6,12,adjacent,620,30,32,19,REV,E3,E2,E4,E5,36.152000,350.565000,OK
6,12,adjacent,620,30,32,20,FWD,E2,E3,E5,E6,-18.965000,353.159000,OK
6,12,adjacent,620,30,32,21,REV,E3,E2,E5,E6,-11.879000,348.530000,OK
6,12,adjacent,620,30,32,22,FWD,E2,E3,E6,E7,-14.602000,353.677000,OK
6,12,adjacent,620,30,32,23,REV,E3,E2,E6,E7,-9.664000,348.291000,OK
6,12,adjacent,620,30,32,24,FWD,E2,E3,E7,E8,43.961000,354.076000,OK
6,12,adjacent,620,30,32,25,REV,E3,E2,E7,E8,47.293000,348.370000,OK
6,12,adjacent,620,30,32,26,FWD,E2,E3,E8,E9,-54.160000,354.316000,OK
6,12,adjacent,620,30,32,27,REV,E3,E2,E8,E9,-51.637000,348.131000,OK
6,12,adjacent,620,30,32,28,FWD,E2,E3,E9,E10,16.984000,353.957000,OK
6,12,adjacent,620,30,32,29,REV,E3,E2,E9,E10,28.102000,347.812000,OK
6,12,adjacent,620,30,32,30,FWD,E2,E3,E10,E11,37.074000,354.355000,OK
6,12,adjacent,620,30,32,31,REV,E3,E2,E10,E11,39.504000,347.932000,OK
6,12,adjacent,620,30,32,32,FWD,E2,E3,E11,E12,-57.527000,354.794000,OK
6,12,adjacent,620,30,32,33,REV,E3,E2,E11,E12,-41.625000,347.094000,OK
6,12,adjacent,620,30,32,34,FWD,E2,E3,E12,E1,3.703000,354.834000,OK
6,12,adjacent,620,30,32,35,REV,E3,E2,E12,E1,36.543000,347.413000,OK
6,12,adjacent,620,30,32,36,FWD,E3,E4,E1,E2,-20.371000,366.565000,OK
6,12,adjacent,620,30,32,37,REV,E4,E3,E1,E2,10.855000,386.475000,OK
6,12,adjacent,620,30,32,38,FWD,E3,E4,E5,E6,-24.395000,374.186000,OK
6,12,adjacent,620,30,32,39,REV,E4,E3,E5,E6,-6.230000,384.002000,OK
6,12,adjacent,620,30,32,40,FWD,E3,E4,E6,E7,-17.309000,375.702000,OK
6,12,adjacent,620,30,32,41,REV,E4,E3,E6,E7,-6.934000,383.563000,OK
6,12,adjacent,620,30,32,42,FWD,E3,E4,E7,E8,42.836000,376.141000,OK
6,12,adjacent,620,30,32,43,REV,E4,E3,E7,E8,48.559000,382.366000,OK
6,12,adjacent,620,30,32,44,FWD,E3,E4,E8,E9,-54.500000,376.580000,OK
6,12,adjacent,620,30,32,45,REV,E4,E3,E8,E9,-51.242000,382.046000,OK
6,12,adjacent,620,30,32,46,FWD,E3,E4,E9,E10,17.652000,377.298000,OK
6,12,adjacent,620,30,32,47,REV,E4,E3,E9,E10,26.605000,381.967000,OK
6,12,adjacent,620,30,32,48,FWD,E3,E4,E10,E11,38.125000,377.139000,OK
6,12,adjacent,620,30,32,49,REV,E4,E3,E10,E11,39.723000,382.126000,OK
6,12,adjacent,620,30,32,50,FWD,E3,E4,E11,E12,-53.363000,376.740000,OK
6,12,adjacent,620,30,32,51,REV,E4,E3,E11,E12,-45.875000,382.046000,OK
6,12,adjacent,620,30,32,52,FWD,E3,E4,E12,E1,13.832000,376.460000,OK
6,12,adjacent,620,30,32,53,REV,E4,E3,E12,E1,25.977000,381.727000,OK
6,12,adjacent,620,30,32,54,FWD,E4,E5,E1,E2,-17.359000,379.493000,OK
6,12,adjacent,620,30,32,55,REV,E5,E4,E1,E2,2.246000,409.179000,OK
6,12,adjacent,620,30,32,56,FWD,E4,E5,E2,E3,-30.520000,389.109000,OK
6,12,adjacent,620,30,32,57,REV,E5,E4,E2,E3,16.465000,406.386000,OK
6,12,adjacent,620,30,32,58,FWD,E4,E5,E6,E7,-33.488000,390.625000,OK
6,12,adjacent,620,30,32,59,REV,E5,E4,E6,E7,9.965000,405.268000,OK
6,12,adjacent,620,30,32,60,FWD,E4,E5,E7,E8,36.660000,391.423000,OK
6,12,adjacent,620,30,32,61,REV,E5,E4,E7,E8,55.051000,404.949000,OK
6,12,adjacent,620,30,32,62,FWD,E4,E5,E8,E9,-56.836000,391.383000,OK
6,12,adjacent,620,30,32,63,REV,E5,E4,E8,E9,-48.789000,404.510000,OK
6,12,adjacent,620,30,32,64,FWD,E4,E5,E9,E10,14.621000,391.742000,OK
6,12,adjacent,620,30,32,65,REV,E5,E4,E9,E10,29.070000,404.431000,OK
6,12,adjacent,620,30,32,66,FWD,E4,E5,E10,E11,37.801000,392.540000,OK
6,12,adjacent,620,30,32,67,REV,E5,E4,E10,E11,40.742000,404.271000,OK
6,12,adjacent,620,30,32,68,FWD,E4,E5,E11,E12,-53.480000,392.301000,OK
6,12,adjacent,620,30,32,69,REV,E5,E4,E11,E12,-45.836000,403.633000,OK
6,12,adjacent,620,30,32,70,FWD,E4,E5,E12,E1,15.004000,392.620000,OK
6,12,adjacent,620,30,32,71,REV,E5,E4,E12,E1,24.621000,403.992000,OK
6,12,adjacent,620,30,32,72,FWD,E5,E6,E1,E2,-9.926000,379.573000,OK
6,12,adjacent,620,30,32,73,REV,E6,E5,E1,E2,-5.715000,387.273000,OK
6,12,adjacent,620,30,32,74,FWD,E5,E6,E2,E3,-13.918000,388.231000,OK
6,12,adjacent,620,30,32,75,REV,E6,E5,E2,E3,-6.051000,383.642000,OK
6,12,adjacent,620,30,32,76,FWD,E5,E6,E3,E4,-2.660000,390.106000,OK
6,12,adjacent,620,30,32,77,REV,E6,E5,E3,E4,15.672000,383.124000,OK
6,12,adjacent,620,30,32,78,FWD,E5,E6,E7,E8,31.031000,390.785000,OK
6,12,adjacent,620,30,32,79,REV,E6,E5,E7,E8,60.051000,382.126000,OK
6,12,adjacent,620,30,32,80,FWD,E5,E6,E8,E9,-57.086000,391.104000,OK
6,12,adjacent,620,30,32,81,REV,E6,E5,E8,E9,-48.820000,382.685000,OK
6,12,adjacent,620,30,32,82,FWD,E5,E6,E9,E10,16.754000,391.423000,OK
6,12,adjacent,620,30,32,83,REV,E6,E5,E9,E10,25.734000,382.366000,OK
6,12,adjacent,620,30,32,84,FWD,E5,E6,E10,E11,38.645000,391.144000,OK
6,12,adjacent,620,30,32,85,REV,E6,E5,E10,E11,40.594000,381.967000,OK
6,12,adjacent,620,30,32,86,FWD,E5,E6,E11,E12,-51.074000,391.862000,OK
6,12,adjacent,620,30,32,87,REV,E6,E5,E11,E12,-48.516000,382.086000,OK
6,12,adjacent,620,30,32,88,FWD,E5,E6,E12,E1,18.426000,392.022000,OK
6,12,adjacent,620,30,32,89,REV,E6,E5,E12,E1,20.969000,381.887000,OK
6,12,adjacent,620,30,32,90,FWD,E6,E7,E1,E2,-9.633000,403.234000,OK
6,12,adjacent,620,30,32,91,REV,E7,E6,E1,E2,-5.973000,405.867000,OK
6,12,adjacent,620,30,32,92,FWD,E6,E7,E2,E3,-13.188000,410.775000,OK
6,12,adjacent,620,30,32,93,REV,E7,E6,E2,E3,-7.410000,403.433000,OK
6,12,adjacent,620,30,32,94,FWD,E6,E7,E3,E4,-0.258000,412.091000,OK
6,12,adjacent,620,30,32,95,REV,E7,E6,E3,E4,10.898000,402.795000,OK
6,12,adjacent,620,30,32,96,FWD,E6,E7,E4,E5,-7.121000,413.049000,OK
6,12,adjacent,620,30,32,97,REV,E7,E6,E4,E5,37.582000,402.795000,OK
6,12,adjacent,620,30,32,98,FWD,E6,E7,E8,E9,-62.926000,413.209000,OK
6,12,adjacent,620,30,32,99,REV,E7,E6,E8,E9,-43.164000,402.475000,OK
6,12,adjacent,620,30,32,100,FWD,E6,E7,E9,E10,13.016000,413.288000,OK
6,12,adjacent,620,30,32,101,REV,E7,E6,E9,E10,28.664000,402.835000,OK
6,12,adjacent,620,30,32,102,FWD,E6,E7,E10,E11,38.410000,413.727000,OK
6,12,adjacent,620,30,32,103,REV,E7,E6,E10,E11,41.535000,402.515000,OK
6,12,adjacent,620,30,32,104,FWD,E6,E7,E11,E12,-51.391000,413.328000,OK
6,12,adjacent,620,30,32,105,REV,E7,E6,E11,E12,-48.277000,402.116000,OK
6,12,adjacent,620,30,32,106,FWD,E6,E7,E12,E1,18.375000,413.687000,OK
6,12,adjacent,620,30,32,107,REV,E7,E6,E12,E1,20.977000,402.236000,OK
6,12,adjacent,620,30,32,108,FWD,E7,E8,E1,E2,-9.348000,429.209000,OK
6,12,adjacent,620,30,32,109,REV,E8,E7,E1,E2,-5.926000,504.221000,OK
6,12,adjacent,620,30,32,110,FWD,E7,E8,E2,E3,-12.453000,443.333000,OK
6,12,adjacent,620,30,32,111,REV,E8,E7,E2,E3,-8.082000,499.354000,OK
6,12,adjacent,620,30,32,112,FWD,E7,E8,E3,E4,2.020000,446.725000,OK
6,12,adjacent,620,30,32,113,REV,E8,E7,E3,E4,9.035000,497.119000,OK
6,12,adjacent,620,30,32,114,FWD,E7,E8,E4,E5,4.711000,448.201000,OK
6,12,adjacent,620,30,32,115,REV,E8,E7,E4,E5,26.332000,496.082000,OK
6,12,adjacent,620,30,32,116,FWD,E7,E8,E5,E6,-31.414000,448.760000,OK
6,12,adjacent,620,30,32,117,REV,E8,E7,E5,E6,3.586000,495.763000,OK
6,12,adjacent,620,30,32,118,FWD,E7,E8,E9,E10,-0.355000,448.560000,OK
6,12,adjacent,620,30,32,119,REV,E8,E7,E9,E10,44.484000,495.124000,OK
6,12,adjacent,620,30,32,120,FWD,E7,E8,E10,E11,35.781000,449.199000,OK
6,12,adjacent,620,30,32,121,REV,E8,E7,E10,E11,45.777000,495.204000,OK
6,12,adjacent,620,30,32,122,FWD,E7,E8,E11,E12,-52.168000,449.917000,OK
6,12,adjacent,620,30,32,123,REV,E8,E7,E11,E12,-47.285000,494.566000,OK
6,12,adjacent,620,30,32,124,FWD,E7,E8,E12,E1,18.246000,449.797000,OK
6,12,adjacent,620,30,32,125,REV,E8,E7,E12,E1,21.270000,495.084000,OK
6,12,adjacent,620,30,32,126,FWD,E8,E9,E1,E2,-9.109000,362.655000,OK
6,12,adjacent,620,30,32,127,REV,E9,E8,E1,E2,-6.457000,345.538000,OK
6,12,adjacent,620,30,32,128,FWD,E8,E9,E2,E3,-11.793000,373.827000,OK
6,12,adjacent,620,30,32,129,REV,E9,E8,E2,E3,-9.246000,341.907000,OK
6,12,adjacent,620,30,32,130,FWD,E8,E9,E3,E4,3.715000,375.463000,OK
6,12,adjacent,620,30,32,131,REV,E9,E8,E3,E4,6.781000,341.268000,OK
6,12,adjacent,620,30,32,132,FWD,E8,E9,E4,E5,11.148000,375.942000,OK
6,12,adjacent,620,30,32,133,REV,E9,E8,E4,E5,18.418000,341.109000,OK
6,12,adjacent,620,30,32,134,FWD,E8,E9,E5,E6,-19.191000,376.221000,OK
6,12,adjacent,620,30,32,135,REV,E9,E8,E5,E6,-11.617000,341.069000,OK
6,12,adjacent,620,30,32,136,FWD,E8,E9,E6,E7,-19.492000,376.500000,OK
6,12,adjacent,620,30,32,137,REV,E9,E8,E6,E7,-2.352000,340.550000,OK
6,12,adjacent,620,30,32,138,FWD,E8,E9,E10,E11,-30.117000,376.301000,OK
6,12,adjacent,620,30,32,139,REV,E9,E8,E10,E11,105.004000,341.029000,OK
6,12,adjacent,620,30,32,140,FWD,E8,E9,E11,E12,-54.332000,376.101000,OK
6,12,adjacent,620,30,32,141,REV,E9,E8,E11,E12,-45.836000,340.789000,OK
6,12,adjacent,620,30,32,142,FWD,E8,E9,E12,E1,17.984000,376.141000,OK
6,12,adjacent,620,30,32,143,REV,E9,E8,E12,E1,21.250000,341.069000,OK
6,12,adjacent,620,30,32,144,FWD,E9,E10,E1,E2,-8.430000,38.464000,OK
6,12,adjacent,620,30,32,145,REV,E10,E9,E1,E2,-7.031000,102.744000,OK
6,12,adjacent,620,30,32,146,FWD,E9,E10,E2,E3,-11.246000,105.576000,OK
6,12,adjacent,620,30,32,147,REV,E10,E9,E2,E3,-9.984000,124.370000,OK
6,12,adjacent,620,30,32,148,FWD,E9,E10,E3,E4,4.680000,114.195000,OK
6,12,adjacent,620,30,32,149,REV,E10,E9,E3,E4,5.727000,126.684000,OK
6,12,adjacent,620,30,32,150,FWD,E9,E10,E4,E5,13.781000,109.008000,OK
6,12,adjacent,620,30,32,151,REV,E10,E9,E4,E5,15.738000,124.409000,OK
6,12,adjacent,620,30,32,152,FWD,E9,E10,E5,E6,-16.180000,114.115000,OK
6,12,adjacent,620,30,32,153,REV,E10,E9,E5,E6,-14.793000,124.409000,OK
6,12,adjacent,620,30,32,154,FWD,E9,E10,E6,E7,-13.156000,121.856000,OK
6,12,adjacent,620,30,32,155,REV,E10,E9,E6,E7,-10.711000,128.160000,OK
6,12,adjacent,620,30,32,156,FWD,E9,E10,E7,E8,41.215000,117.547000,OK
6,12,adjacent,620,30,32,157,REV,E10,E9,E7,E8,47.430000,119.262000,OK
6,12,adjacent,620,30,32,158,FWD,E9,E10,E11,E12,-63.215000,111.601000,OK
6,12,adjacent,620,30,32,159,REV,E10,E9,E11,E12,-39.602000,117.387000,OK
6,12,adjacent,620,30,32,160,FWD,E9,E10,E12,E1,17.395000,114.993000,OK
6,12,adjacent,620,30,32,161,REV,E10,E9,E12,E1,21.488000,123.572000,OK
6,12,adjacent,620,30,32,162,FWD,E10,E11,E1,E2,-8.070000,26.494000,OK
6,12,adjacent,620,30,32,163,REV,E11,E10,E1,E2,-5.398000,136.699000,OK
6,12,adjacent,620,30,32,164,FWD,E10,E11,E2,E3,-11.477000,126.404000,OK
6,12,adjacent,620,30,32,165,REV,E11,E10,E2,E3,-9.176000,129.198000,OK
6,12,adjacent,620,30,32,166,FWD,E10,E11,E3,E4,4.680000,127.881000,OK
6,12,adjacent,620,30,32,167,REV,E11,E10,E3,E4,6.309000,140.809000,OK
6,12,adjacent,620,30,32,168,FWD,E10,E11,E4,E5,14.105000,128.958000,OK
6,12,adjacent,620,30,32,169,REV,E11,E10,E4,E5,16.332000,137.856000,OK
6,12,adjacent,620,30,32,170,FWD,E10,E11,E5,E6,-15.867000,123.252000,OK
6,12,adjacent,620,30,32,171,REV,E11,E10,E5,E6,-14.727000,131.073000,OK
6,12,adjacent,620,30,32,172,FWD,E10,E11,E6,E7,-12.219000,91.651000,OK
6,12,adjacent,620,30,32,173,REV,E11,E10,E6,E7,-11.098000,100.709000,OK
6,12,adjacent,620,30,32,174,FWD,E10,E11,E7,E8,44.383000,105.975000,OK
6,12,adjacent,620,30,32,175,REV,E11,E10,E7,E8,47.219000,121.577000,OK
6,12,adjacent,620,30,32,176,FWD,E10,E11,E8,E9,-58.398000,108.729000,OK
6,12,adjacent,620,30,32,177,REV,E11,E10,E8,E9,-44.305000,120.739000,OK
6,12,adjacent,620,30,32,178,FWD,E10,E11,E12,E1,17.914000,107.651000,OK
6,12,adjacent,620,30,32,179,REV,E11,E10,E12,E1,23.508000,109.207000,OK
6,12,adjacent,620,30,32,180,FWD,E11,E12,E1,E2,-26.508000,305.517000,OK
6,12,adjacent,620,30,32,181,REV,E12,E11,E1,E2,9.426000,283.971000,OK
6,12,adjacent,620,30,32,182,FWD,E11,E12,E2,E3,-17.605000,310.984000,OK
6,12,adjacent,620,30,32,183,REV,E12,E11,E2,E3,-4.187000,282.096000,OK
6,12,adjacent,620,30,32,184,FWD,E11,E12,E3,E4,2.266000,311.862000,OK
6,12,adjacent,620,30,32,185,REV,E12,E11,E3,E4,8.141000,281.777000,OK
6,12,adjacent,620,30,32,186,FWD,E11,E12,E4,E5,11.965000,312.221000,OK
6,12,adjacent,620,30,32,187,REV,E12,E11,E4,E5,17.758000,281.537000,OK
6,12,adjacent,620,30,32,188,FWD,E11,E12,E5,E6,-16.395000,311.742000,OK
6,12,adjacent,620,30,32,189,REV,E12,E11,E5,E6,-14.422000,281.577000,OK
6,12,adjacent,620,30,32,190,FWD,E11,E12,E6,E7,-13.168000,312.739000,OK
6,12,adjacent,620,30,32,191,REV,E12,E11,E6,E7,-10.883000,281.457000,OK
6,12,adjacent,620,30,32,192,FWD,E11,E12,E7,E8,43.844000,312.141000,OK
6,12,adjacent,620,30,32,193,REV,E12,E11,E7,E8,46.992000,281.577000,OK
6,12,adjacent,620,30,32,194,FWD,E11,E12,E8,E9,-56.305000,312.181000,OK
6,12,adjacent,620,30,32,195,REV,E12,E11,E8,E9,-49.398000,281.896000,OK
6,12,adjacent,620,30,32,196,FWD,E11,E12,E9,E10,-123.359000,312.261000,OK
6,12,adjacent,620,30,32,197,REV,E12,E11,E9,E10,131.957000,280.580000,OK
6,12,adjacent,620,30,32,198,FWD,E12,E1,E2,E3,-23.484000,272.560000,OK
6,12,adjacent,620,30,32,199,REV,E1,E12,E2,E3,3.191000,296.580000,OK
6,12,adjacent,620,30,32,200,FWD,E12,E1,E3,E4,0.898000,278.824000,OK
6,12,adjacent,620,30,32,201,REV,E1,E12,E3,E4,10.074000,294.864000,OK
6,12,adjacent,620,30,32,202,FWD,E12,E1,E4,E5,11.633000,279.941000,OK
6,12,adjacent,620,30,32,203,REV,E1,E12,E4,E5,18.633000,293.787000,OK
6,12,adjacent,620,30,32,204,FWD,E12,E1,E5,E6,-16.270000,280.659000,OK
6,12,adjacent,620,30,32,205,REV,E1,E12,E5,E6,-14.414000,294.226000,OK
6,12,adjacent,620,30,32,206,FWD,E12,E1,E6,E7,-12.926000,280.141000,OK
6,12,adjacent,620,30,32,207,REV,E1,E12,E6,E7,-11.098000,293.946000,OK
6,12,adjacent,620,30,32,208,FWD,E12,E1,E7,E8,44.633000,280.580000,OK
6,12,adjacent,620,30,32,209,REV,E1,E12,E7,E8,46.520000,293.986000,OK
6,12,adjacent,620,30,32,210,FWD,E12,E1,E8,E9,-53.992000,280.779000,OK
6,12,adjacent,620,30,32,211,REV,E1,E12,E8,E9,-51.398000,293.467000,OK
6,12,adjacent,620,30,32,212,FWD,E12,E1,E9,E10,16.977000,280.260000,OK
6,12,adjacent,620,30,32,213,REV,E1,E12,E9,E10,49.426000,293.627000,OK
6,12,adjacent,620,30,32,214,FWD,E12,E1,E10,E11,25.832000,281.058000,OK
6,12,adjacent,620,30,32,215,REV,E1,E12,E10,E11,31.531000,293.627000,OK
7,13,adjacent,620,30,32,0,FWD,E1,E2,E3,E4,-9.715000,338.316000,OK
7,13,adjacent,620,30,32,1,REV,E2,E1,E3,E4,20.461000,347.333000,OK
7,13,adjacent,620,30,32,2,FWD,E1,E2,E4,E5,6.434000,346.854000,OK
7,13,adjacent,620,30,32,3,REV,E2,E1,E4,E5,23.574000,344.181000,OK
7,13,adjacent,620,30,32,4,FWD,E1,E2,E5,E6,-17.277000,348.490000,OK
7,13,adjacent,620,30,32,5,REV,E2,E1,E5,E6,-13.508000,343.981000,OK
7,13,adjacent,620,30,32,6,FWD,E1,E2,E6,E7,-13.672000,348.610000,OK
7,13,adjacent,620,30,32,7,REV,E2,E1,E6,E7,-10.543000,343.343000,OK
7,13,adjacent,620,30,32,8,FWD,E1,E2,E7,E8,44.297000,348.969000,OK
7,13,adjacent,620,30,32,9,REV,E2,E1,E7,E8,46.871000,343.582000,OK
7,13,adjacent,620,30,32,10,FWD,E1,E2,E8,E9,-54.066000,349.647000,OK
7,13,adjacent,620,30,32,11,REV,E2,E1,E8,E9,-51.492000,342.984000,OK
7,13,adjacent,620,30,32,12,FWD,E1,E2,E9,E10,21.684000,349.687000,OK
7,13,adjacent,620,30,32,13,REV,E2,E1,E9,E10,40.277000,343.024000,OK
7,13,adjacent,620,30,32,14,FWD,E1,E2,E10,E11,28.273000,349.567000,OK
7,13,adjacent,620,30,32,15,REV,E2,E1,E10,E11,31.914000,343.263000,OK
7,13,adjacent,620,30,32,16,FWD,E1,E2,E11,E12,-70.211000,349.448000,OK
7,13,adjacent,620,30,32,17,REV,E2,E1,E11,E12,-28.387000,342.784000,OK
7,13,adjacent,620,30,32,18,FWD,E2,E3,E4,E5,-6.043000,346.256000,OK
7,13,adjacent,620,30,32,19,REV,E3,E2,E4,E5,36.180000,350.286000,OK
7,13,adjacent,620,30,32,20,FWD,E2,E3,E5,E6,-18.988000,352.799000,OK
7,13,adjacent,620,30,32,21,REV,E3,E2,E5,E6,-11.855000,348.450000,OK
7,13,adjacent,620,30,32,22,FWD,E2,E3,E6,E7,-14.641000,353.159000,OK
7,13,adjacent,620,30,32,23,REV,E3,E2,E6,E7,-9.660000,348.530000,OK
7,13,adjacent,620,30,32,24,FWD,E2,E3,E7,E8,43.953000,354.036000,OK
7,13,adjacent,620,30,32,25,REV,E3,E2,E7,E8,47.273000,347.772000,OK
7,13,adjacent,620,30,32,26,FWD,E2,E3,E8,E9,-54.066000,354.475000,OK
7,13,adjacent,620,30,32,27,REV,E3,E2,E8,E9,-51.555000,347.413000,OK
7,13,adjacent,620,30,32,28,FWD,E2,E3,E9,E10,23.812000,354.555000,OK
7,13,adjacent,620,30,32,29,REV,E3,E2,E9,E10,35.113000,347.572000,OK
7,13,adjacent,620,30,32,30,FWD,E2,E3,E10,E11,30.211000,354.116000,OK
7,13,adjacent,620,30,32,31,REV,E3,E2,E10,E11,32.078000,348.051000,OK
7,13,adjacent,620,30,32,32,FWD,E2,E3,E11,E12,-57.516000,354.395000,OK
7,13,adjacent,620,30,32,33,REV,E3,E2,E11,E12,-41.598000,347.572000,OK
7,13,adjacent,620,30,32,34,FWD,E2,E3,E12,E1,3.742000,354.834000,OK
7,13,adjacent,620,30,32,35,REV,E3,E2,E12,E1,36.547000,347.333000,OK
7,13,adjacent,620,30,32,36,FWD,E3,E4,E1,E2,-20.379000,366.206000,OK
7,13,adjacent,620,30,32,37,REV,E4,E3,E1,E2,10.855000,386.276000,OK
7,13,adjacent,620,30,32,38,FWD,E3,E4,E5,E6,-24.383000,374.266000,OK
7,13,adjacent,620,30,32,39,REV,E4,E3,E5,E6,-6.227000,384.081000,OK
7,13,adjacent,620,30,32,40,FWD,E3,E4,E6,E7,-17.285000,375.503000,OK
7,13,adjacent,620,30,32,41,REV,E4,E3,E6,E7,-6.891000,382.765000,OK
7,13,adjacent,620,30,32,42,FWD,E3,E4,E7,E8,42.840000,376.540000,OK
7,13,adjacent,620,30,32,43,REV,E4,E3,E7,E8,48.555000,382.445000,OK
7,13,adjacent,620,30,32,44,FWD,E3,E4,E8,E9,-54.434000,377.019000,OK
7,13,adjacent,620,30,32,45,REV,E4,E3,E8,E9,-51.145000,382.126000,OK
7,13,adjacent,620,30,32,46,FWD,E3,E4,E9,E10,23.707000,376.460000,OK
7,13,adjacent,620,30,32,47,REV,E4,E3,E9,E10,33.121000,382.326000,OK
7,13,adjacent,620,30,32,48,FWD,E3,E4,E10,E11,31.695000,376.700000,OK
7,13,adjacent,620,30,32,49,REV,E4,E3,E10,E11,33.441000,381.767000,OK
7,13,adjacent,620,30,32,50,FWD,E3,E4,E11,E12,-53.367000,376.899000,OK
7,13,adjacent,620,30,32,51,REV,E4,E3,E11,E12,-45.867000,381.727000,OK
7,13,adjacent,620,30,32,52,FWD,E3,E4,E12,E1,13.820000,377.179000,OK
7,13,adjacent,620,30,32,53,REV,E4,E3,E12,E1,26.012000,381.528000,OK
7,13,adjacent,620,30,32,54,FWD,E4,E5,E1,E2,-17.316000,378.974000,OK
7,13,adjacent,620,30,32,55,REV,E5,E4,E1,E2,2.258000,409.298000,OK
7,13,adjacent,620,30,32,56,FWD,E4,E5,E2,E3,-30.527000,388.470000,OK
7,13,adjacent,620,30,32,57,REV,E5,E4,E2,E3,16.441000,406.625000,OK
7,13,adjacent,620,30,32,58,FWD,E4,E5,E6,E7,-33.465000,390.505000,OK
7,13,adjacent,620,30,32,59,REV,E5,E4,E6,E7,9.992000,405.308000,OK
7,13,adjacent,620,30,32,60,FWD,E4,E5,E7,E8,36.664000,391.383000,OK
7,13,adjacent,620,30,32,61,REV,E5,E4,E7,E8,55.035000,404.949000,OK
7,13,adjacent,620,30,32,62,FWD,E4,E5,E8,E9,-56.785000,391.742000,OK
7,13,adjacent,620,30,32,63,REV,E5,E4,E8,E9,-48.734000,404.630000,OK
7,13,adjacent,620,30,32,64,FWD,E4,E5,E9,E10,20.102000,391.583000,OK
7,13,adjacent,620,30,32,65,REV,E5,E4,E9,E10,35.680000,404.431000,OK
7,13,adjacent,620,30,32,66,FWD,E4,E5,E10,E11,31.820000,392.261000,OK
7,13,adjacent,620,30,32,67,REV,E5,E4,E10,E11,34.715000,404.111000,OK
7,13,adjacent,620,30,32,68,FWD,E4,E5,E11,E12,-53.465000,392.460000,OK
7,13,adjacent,620,30,32,69,REV,E5,E4,E11,E12,-45.824000,404.071000,OK
7,13,adjacent,620,30,32,70,FWD,E4,E5,E12,E1,14.984000,392.580000,OK
7,13,adjacent,620,30,32,71,REV,E5,E4,E12,E1,24.633000,404.271000,OK
7,13,adjacent,620,30,32,72,FWD,E5,E6,E1,E2,-9.910000,380.131000,OK
7,13,adjacent,620,30,32,73,REV,E6,E5,E1,E2,-5.664000,387.832000,OK
7,13,adjacent,620,30,32,74,FWD,E5,E6,E2,E3,-13.906000,388.989000,OK
7,13,adjacent,620,30,32,75,REV,E6,E5,E2,E3,-6.086000,384.839000,OK
7,13,adjacent,620,30,32,76,FWD,E5,E6,E3,E4,-2.699000,391.263000,OK
7,13,adjacent,620,30,32,77,REV,E6,E5,E3,E4,15.625000,384.041000,OK
7,13,adjacent,620,30,32,78,FWD,E5,E6,E7,E8,30.961000,391.982000,OK
7,13,adjacent,620,30,32,79,REV,E6,E5,E7,E8,60.066000,383.323000,OK
7,13,adjacent,620,30,32,80,FWD,E5,E6,E8,E9,-57.016000,391.942000,OK
7,13,adjacent,620,30,32,81,REV,E6,E5,E8,E9,-48.730000,383.084000,OK
7,13,adjacent,620,30,32,82,FWD,E5,E6,E9,E10,22.289000,391.902000,OK
7,13,adjacent,620,30,32,83,REV,E6,E5,E9,E10,31.664000,383.603000,OK
7,13,adjacent,620,30,32,84,FWD,E5,E6,E10,E11,32.988000,392.301000,OK
7,13,adjacent,620,30,32,85,REV,E6,E5,E10,E11,34.438000,383.004000,OK
7,13,adjacent,620,30,32,86,FWD,E5,E6,E11,E12,-51.074000,392.421000,OK
7,13,adjacent,620,30,32,87,REV,E6,E5,E11,E12,-48.504000,382.805000,OK
7,13,adjacent,620,30,32,88,FWD,E5,E6,E12,E1,18.414000,392.780000,OK
7,13,adjacent,620,30,32,89,REV,E6,E5,E12,E1,20.941000,382.565000,OK
7,13,adjacent,620,30,32,90,FWD,E6,E7,E1,E2,-9.598000,404.032000,OK
7,13,adjacent,620,30,32,91,REV,E7,E6,E1,E2,-5.910000,406.665000,OK
7,13,adjacent,620,30,32,92,FWD,E6,E7,E2,E3,-13.164000,412.291000,OK
7,13,adjacent,620,30,32,93,REV,E7,E6,E2,E3,-7.414000,404.590000,OK
7,13,adjacent,620,30,32,94,FWD,E6,E7,E3,E4,-0.309000,412.850000,OK
7,13,adjacent,620,30,32,95,REV,E7,E6,E3,E4,10.863000,403.952000,OK
7,13,adjacent,620,30,32,96,FWD,E6,E7,E4,E5,-7.164000,413.807000,OK
7,13,adjacent,620,30,32,97,REV,E7,E6,E4,E5,37.602000,403.792000,OK
7,13,adjacent,620,30,32,98,FWD,E6,E7,E8,E9,-62.887000,413.847000,OK
7,13,adjacent,620,30,32,99,REV,E7,E6,E8,E9,-43.074000,403.273000,OK
7,13,adjacent,620,30,32,100,FWD,E6,E7,E9,E10,18.625000,413.927000,OK
7,13,adjacent,620,30,32,101,REV,E7,E6,E9,E10,34.281000,403.114000,OK
7,13,adjacent,620,30,32,102,FWD,E6,E7,E10,E11,33.176000,414.525000,OK
7,13,adjacent,620,30,32,103,REV,E7,E6,E10,E11,35.441000,402.835000,OK
7,13,adjacent,620,30,32,104,FWD,E6,E7,E11,E12,-51.414000,414.166000,OK
7,13,adjacent,620,30,32,105,REV,E7,E6,E11,E12,-48.262000,402.954000,OK
7,13,adjacent,620,30,32,106,FWD,E6,E7,E12,E1,18.371000,413.648000,OK
7,13,adjacent,620,30,32,107,REV,E7,E6,E12,E1,20.953000,403.194000,OK
7,13,adjacent,620,30,32,108,FWD,E7,E8,E1,E2,-9.320000,429.408000,OK
7,13,adjacent,620,30,32,109,REV,E8,E7,E1,E2,-5.879000,504.461000,OK
7,13,adjacent,620,30,32,110,FWD,E7,E8,E2,E3,-12.465000,443.812000,OK
7,13,adjacent,620,30,32,111,REV,E8,E7,E2,E3,-8.070000,498.875000,OK
7,13,adjacent,620,30,32,112,FWD,E7,E8,E3,E4,1.988000,446.765000,OK
7,13,adjacent,620,30,32,113,REV,E8,E7,E3,E4,8.965000,497.039000,OK
7,13,adjacent,620,30,32,114,FWD,E7,E8,E4,E5,4.707000,448.401000,OK
7,13,adjacent,620,30,32,115,REV,E8,E7,E4,E5,26.324000,495.802000,OK
7,13,adjacent,620,30,32,116,FWD,E7,E8,E5,E6,-31.379000,448.760000,OK
7,13,adjacent,620,30,32,117,REV,E8,E7,E5,E6,3.609000,495.723000,OK
7,13,adjacent,620,30,32,118,FWD,E7,E8,E9,E10,4.180000,449.119000,OK
7,13,adjacent,620,30,32,119,REV,E8,E7,E9,E10,50.113000,495.483000,OK
7,13,adjacent,620,30,32,120,FWD,E7,E8,E10,E11,30.672000,449.119000,OK
7,13,adjacent,620,30,32,121,REV,E8,E7,E10,E11,39.688000,495.124000,OK
7,13,adjacent,620,30,32,122,FWD,E7,E8,E11,E12,-52.141000,449.239000,OK
7,13,adjacent,620,30,32,123,REV,E8,E7,E11,E12,-47.297000,495.364000,OK
7,13,adjacent,620,30,32,124,FWD,E7,E8,E12,E1,18.223000,449.757000,OK
7,13,adjacent,620,30,32,125,REV,E8,E7,E12,E1,21.270000,494.605000,OK
7,13,adjacent,620,30,32,126,FWD,E8,E9,E1,E2,-9.082000,362.735000,OK
7,13,adjacent,620,30,32,127,REV,E9,E8,E1,E2,-6.418000,345.139000,OK
7,13,adjacent,620,30,32,128,FWD,E8,E9,E2,E3,-11.789000,374.106000,OK
7,13,adjacent,620,30,32,129,REV,E9,E8,E2,E3,-9.266000,341.787000,OK
7,13,adjacent,620,30,32,130,FWD,E8,E9,E3,E4,3.660000,375.463000,OK
7,13,adjacent,620,30,32,131,REV,E9,E8,E3,E4,6.742000,341.468000,OK
7,13,adjacent,620,30,32,132,FWD,E8,E9,E4,E5,11.137000,375.782000,OK
7,13,adjacent,620,30,32,133,REV,E9,E8,E4,E5,18.410000,341.627000,OK
7,13,adjacent,620,30,32,134,FWD,E8,E9,E5,E6,-19.152000,376.420000,OK
7,13,adjacent,620,30,32,135,REV,E9,E8,E5,E6,-11.574000,341.188000,OK
7,13,adjacent,620,30,32,136,FWD,E8,E9,E6,E7,-19.484000,376.181000,OK
7,13,adjacent,620,30,32,137,REV,E9,E8,E6,E7,-2.410000,341.069000,OK
7,13,adjacent,620,30,32,138,FWD,E8,E9,E10,E11,-36.582000,376.500000,OK
7,13,adjacent,620,30,32,139,REV,E9,E8,E10,E11,99.980000,340.710000,OK
7,13,adjacent,620,30,32,140,FWD,E8,E9,E11,E12,-54.371000,376.420000,OK
7,13,adjacent,620,30,32,141,REV,E9,E8,E11,E12,-45.805000,340.550000,OK
7,13,adjacent,620,30,32,142,FWD,E8,E9,E12,E1,17.949000,376.301000,OK
7,13,adjacent,620,30,32,143,REV,E9,E8,E12,E1,21.227000,340.829000,OK
7,13,adjacent,620,30,32,144,FWD,E9,E10,E1,E2,-8.441000,47.521000,OK
7,13,adjacent,620,30,32,145,REV,E10,E9,E1,E2,-7.121000,39.661000,OK
7,13,adjacent,620,30,32,146,FWD,E9,E10,E2,E3,-11.125000,72.419000,OK
7,13,adjacent,620,30,32,147,REV,E10,E9,E2,E3,-10.156000,54.025000,OK
7,13,adjacent,620,30,32,148,FWD,E9,E10,E3,E4,4.777000,78.684000,OK
7,13,adjacent,620,30,32,149,REV,E10,E9,E3,E4,5.531000,56.379000,OK
7,13,adjacent,620,30,32,150,FWD,E9,E10,E4,E5,14.113000,73.776000,OK
7,13,adjacent,620,30,32,151,REV,E10,E9,E4,E5,15.391000,71.182000,OK
7,13,adjacent,620,30,32,152,FWD,E9,E10,E5,E6,-15.816000,80.120000,OK
7,13,adjacent,620,30,32,153,REV,E10,E9,E5,E6,-15.000000,63.801000,OK
7,13,adjacent,620,30,32,154,FWD,E9,E10,E6,E7,-12.539000,77.726000,OK
7,13,adjacent,620,30,32,155,REV,E10,E9,E6,E7,-11.105000,71.023000,OK
7,13,adjacent,620,30,32,156,FWD,E9,E10,E7,E8,42.746000,78.484000,OK
7,13,adjacent,620,30,32,157,REV,E10,E9,E7,E8,46.465000,64.160000,OK
7,13,adjacent,620,30,32,158,FWD,E9,E10,E11,E12,-62.520000,78.923000,OK
7,13,adjacent,620,30,32,159,REV,E10,E9,E11,E12,-40.316000,65.516000,OK
7,13,adjacent,620,30,32,160,FWD,E9,E10,E12,E1,17.812000,79.162000,OK
7,13,adjacent,620,30,32,161,REV,E10,E9,E12,E1,20.754000,73.457000,OK
7,13,adjacent,620,30,32,162,FWD,E10,E11,E1,E2,-7.809000,15.920000,OK
7,13,adjacent,620,30,32,163,REV,E11,E10,E1,E2,-6.230000,86.424000,OK
7,13,adjacent,620,30,32,164,FWD,E10,E11,E2,E3,-11.074000,88.938000,OK
7,13,adjacent,620,30,32,165,REV,E11,E10,E2,E3,-9.688000,95.881000,OK
7,13,adjacent,620,30,32,166,FWD,E10,E11,E3,E4,4.793000,99.073000,OK
7,13,adjacent,620,30,32,167,REV,E11,E10,E3,E4,6.066000,116.828000,OK
7,13,adjacent,620,30,32,168,FWD,E10,E11,E4,E5,14.438000,94.085000,OK
7,13,adjacent,620,30,32,169,REV,E11,E10,E4,E5,16.070000,117.866000,OK
7,13,adjacent,620,30,32,170,FWD,E10,E11,E5,E6,-15.613000,88.739000,OK
7,13,adjacent,620,30,32,171,REV,E11,E10,E5,E6,-14.738000,112.519000,OK
7,13,adjacent,620,30,32,172,FWD,E10,E11,E6,E7,-12.328000,96.320000,OK
7,13,adjacent,620,30,32,173,REV,E11,E10,E6,E7,-11.031000,109.886000,OK
7,13,adjacent,620,30,32,174,FWD,E10,E11,E7,E8,44.129000,103.701000,OK
7,13,adjacent,620,30,32,175,REV,E11,E10,E7,E8,47.613000,127.641000,OK
7,13,adjacent,620,30,32,176,FWD,E10,E11,E8,E9,-59.547000,114.474000,OK
7,13,adjacent,620,30,32,177,REV,E11,E10,E8,E9,-43.613000,143.242000,OK
7,13,adjacent,620,30,32,178,FWD,E10,E11,E12,E1,16.746000,124.968000,OK
7,13,adjacent,620,30,32,179,REV,E11,E10,E12,E1,24.777000,139.093000,OK
7,13,adjacent,620,30,32,180,FWD,E11,E12,E1,E2,-26.402000,305.318000,OK
7,13,adjacent,620,30,32,181,REV,E12,E11,E1,E2,9.480000,284.490000,OK
7,13,adjacent,620,30,32,182,FWD,E11,E12,E2,E3,-17.590000,310.545000,OK
7,13,adjacent,620,30,32,183,REV,E12,E11,E2,E3,-4.184000,282.216000,OK
7,13,adjacent,620,30,32,184,FWD,E11,E12,E3,E4,2.238000,311.822000,OK
7,13,adjacent,620,30,32,185,REV,E12,E11,E3,E4,8.078000,282.016000,OK
7,13,adjacent,620,30,32,186,FWD,E11,E12,E4,E5,11.984000,312.181000,OK
7,13,adjacent,620,30,32,187,REV,E12,E11,E4,E5,17.711000,281.019000,OK
7,13,adjacent,620,30,32,188,FWD,E11,E12,E5,E6,-16.355000,312.380000,OK
7,13,adjacent,620,30,32,189,REV,E12,E11,E5,E6,-14.414000,281.378000,OK
7,13,adjacent,620,30,32,190,FWD,E11,E12,E6,E7,-13.176000,312.301000,OK
7,13,adjacent,620,30,32,191,REV,E12,E11,E6,E7,-10.898000,281.537000,OK
7,13,adjacent,620,30,32,192,FWD,E11,E12,E7,E8,43.836000,312.181000,OK
7,13,adjacent,620,30,32,193,REV,E12,E11,E7,E8,46.945000,281.577000,OK
7,13,adjacent,620,30,32,194,FWD,E11,E12,E8,E9,-56.379000,312.061000,OK
7,13,adjacent,620,30,32,195,REV,E12,E11,E8,E9,-49.355000,281.777000,OK
7,13,adjacent,620,30,32,196,FWD,E11,E12,E9,E10,-121.832000,311.981000,OK
7,13,adjacent,620,30,32,197,REV,E12,E11,E9,E10,181.242000,281.497000,OK
7,13,adjacent,620,30,32,198,FWD,E12,E1,E2,E3,-23.473000,272.440000,OK
7,13,adjacent,620,30,32,199,REV,E1,E12,E2,E3,3.180000,296.660000,OK
7,13,adjacent,620,30,32,200,FWD,E12,E1,E3,E4,0.863000,279.183000,OK
7,13,adjacent,620,30,32,201,REV,E1,E12,E3,E4,10.020000,294.864000,OK
7,13,adjacent,620,30,32,202,FWD,E12,E1,E4,E5,11.605000,279.861000,OK
7,13,adjacent,620,30,32,203,REV,E1,E12,E4,E5,18.609000,293.867000,OK
7,13,adjacent,620,30,32,204,FWD,E12,E1,E5,E6,-16.266000,280.460000,OK
7,13,adjacent,620,30,32,205,REV,E1,E12,E5,E6,-14.355000,294.066000,OK
7,13,adjacent,620,30,32,206,FWD,E12,E1,E6,E7,-12.918000,280.540000,OK
7,13,adjacent,620,30,32,207,REV,E1,E12,E6,E7,-11.117000,293.986000,OK
7,13,adjacent,620,30,32,208,FWD,E12,E1,E7,E8,44.621000,280.779000,OK
7,13,adjacent,620,30,32,209,REV,E1,E12,E7,E8,46.488000,293.547000,OK
7,13,adjacent,620,30,32,210,FWD,E12,E1,E8,E9,-54.031000,280.739000,OK
7,13,adjacent,620,30,32,211,REV,E1,E12,E8,E9,-51.418000,293.747000,OK
7,13,adjacent,620,30,32,212,FWD,E12,E1,E9,E10,19.918000,280.899000,OK
7,13,adjacent,620,30,32,213,REV,E1,E12,E9,E10,52.023000,293.587000,OK
7,13,adjacent,620,30,32,214,FWD,E12,E1,E10,E11,22.855000,280.739000,OK
7,13,adjacent,620,30,32,215,REV,E1,E12,E10,E11,28.539000,293.747000,OK
8,14,adjacent,620,30,32,0,FWD,E1,E2,E3,E4,-9.766000,338.276000,OK
8,14,adjacent,620,30,32,1,REV,E2,E1,E3,E4,20.477000,347.293000,OK
8,14,adjacent,620,30,32,2,FWD,E1,E2,E4,E5,6.395000,346.854000,OK
8,14,adjacent,620,30,32,3,REV,E2,E1,E4,E5,23.578000,344.460000,OK
8,14,adjacent,620,30,32,4,FWD,E1,E2,E5,E6,-17.254000,348.769000,OK
8,14,adjacent,620,30,32,5,REV,E2,E1,E5,E6,-13.496000,343.742000,OK
8,14,adjacent,620,30,32,6,FWD,E1,E2,E6,E7,-13.695000,348.570000,OK
8,14,adjacent,620,30,32,7,REV,E2,E1,E6,E7,-10.555000,343.622000,OK
8,14,adjacent,620,30,32,8,FWD,E1,E2,E7,E8,44.270000,349.448000,OK
8,14,adjacent,620,30,32,9,REV,E2,E1,E7,E8,46.863000,343.263000,OK
8,14,adjacent,620,30,32,10,FWD,E1,E2,E8,E9,-54.078000,349.009000,OK
8,14,adjacent,620,30,32,11,REV,E2,E1,E8,E9,-51.531000,343.223000,OK
8,14,adjacent,620,30,32,12,FWD,E1,E2,E9,E10,24.137000,349.129000,OK
8,14,adjacent,620,30,32,13,REV,E2,E1,E9,E10,42.980000,343.383000,OK
8,14,adjacent,620,30,32,14,FWD,E1,E2,E10,E11,25.754000,349.528000,OK
8,14,adjacent,620,30,32,15,REV,E2,E1,E10,E11,28.789000,343.343000,OK
8,14,adjacent,620,30,32,16,FWD,E1,E2,E11,E12,-70.168000,349.607000,OK
8,14,adjacent,620,30,32,17,REV,E2,E1,E11,E12,-28.379000,342.665000,OK
8,14,adjacent,620,30,32,18,FWD,E2,E3,E4,E5,-6.020000,346.535000,OK
8,14,adjacent,620,30,32,19,REV,E3,E2,E4,E5,36.113000,350.126000,OK
8,14,adjacent,620,30,32,20,FWD,E2,E3,E5,E6,-18.961000,352.600000,OK
8,14,adjacent,620,30,32,21,REV,E3,E2,E5,E6,-11.836000,347.971000,OK
8,14,adjacent,620,30,32,22,FWD,E2,E3,E6,E7,-14.629000,353.677000,OK
8,14,adjacent,620,30,32,23,REV,E3,E2,E6,E7,-9.664000,348.490000,OK
8,14,adjacent,620,30,32,24,FWD,E2,E3,E7,E8,43.938000,353.837000,OK
8,14,adjacent,620,30,32,25,REV,E3,E2,E7,E8,47.250000,348.211000,OK
8,14,adjacent,620,30,32,26,FWD,E2,E3,E8,E9,-54.066000,353.757000,OK
8,14,adjacent,620,30,32,27,REV,E3,E2,E8,E9,-51.535000,347.453000,OK
8,14,adjacent,620,30,32,28,FWD,E2,E3,E9,E10,26.512000,354.435000,OK
8,14,adjacent,620,30,32,29,REV,E3,E2,E9,E10,38.063000,347.612000,OK
8,14,adjacent,620,30,32,30,FWD,E2,E3,E10,E11,27.590000,354.755000,OK
8,14,adjacent,620,30,32,31,REV,E3,E2,E10,E11,29.395000,346.934000,OK
8,14,adjacent,620,30,32,32,FWD,E2,E3,E11,E12,-57.512000,354.834000,OK
8,14,adjacent,620,30,32,33,REV,E3,E2,E11,E12,-41.602000,347.692000,OK
8,14,adjacent,620,30,32,34,FWD,E2,E3,E12,E1,3.727000,354.435000,OK
8,14,adjacent,620,30,32,35,REV,E3,E2,E12,E1,36.480000,348.011000,OK
8,14,adjacent,620,30,32,36,FWD,E3,E4,E1,E2,-20.324000,365.568000,OK
8,14,adjacent,620,30,32,37,REV,E4,E3,E1,E2,10.898000,386.236000,OK
8,14,adjacent,620,30,32,38,FWD,E3,E4,E5,E6,-24.324000,374.505000,OK
8,14,adjacent,620,30,32,39,REV,E4,E3,E5,E6,-6.227000,383.563000,OK
8,14,adjacent,620,30,32,40,FWD,E3,E4,E6,E7,-17.277000,375.982000,OK
8,14,adjacent,620,30,32,41,REV,E4,E3,E6,E7,-6.910000,382.485000,OK
8,14,adjacent,620,30,32,42,FWD,E3,E4,E7,E8,42.797000,376.500000,OK
8,14,adjacent,620,30,32,43,REV,E4,E3,E7,E8,48.512000,382.485000,OK
8,14,adjacent,620,30,32,44,FWD,E3,E4,E8,E9,-54.445000,376.221000,OK
8,14,adjacent,620,30,32,45,REV,E4,E3,E8,E9,-51.168000,382.326000,OK
8,14,adjacent,620,30,32,46,FWD,E3,E4,E9,E10,26.723000,376.660000,OK
8,14,adjacent,620,30,32,47,REV,E4,E3,E9,E10,35.973000,382.246000,OK
8,14,adjacent,620,30,32,48,FWD,E3,E4,E10,E11,28.949000,377.059000,OK
8,14,adjacent,620,30,32,49,REV,E4,E3,E10,E11,30.590000,381.608000,OK
8,14,adjacent,620,30,32,50,FWD,E3,E4,E11,E12,-53.340000,377.338000,OK
8,14,adjacent,620,30,32,51,REV,E4,E3,E11,E12,-45.859000,381.528000,OK
8,14,adjacent,620,30,32,52,FWD,E3,E4,E12,E1,13.820000,377.218000,OK
8,14,adjacent,620,30,32,53,REV,E4,E3,E12,E1,25.879000,381.488000,OK
8,14,adjacent,620,30,32,54,FWD,E4,E5,E1,E2,-17.262000,379.134000,OK
8,14,adjacent,620,30,32,55,REV,E5,E4,E1,E2,2.309000,409.378000,OK
8,14,adjacent,620,30,32,56,FWD,E4,E5,E2,E3,-30.535000,388.071000,OK
8,14,adjacent,620,30,32,57,REV,E5,E4,E2,E3,16.402000,406.186000,OK
8,14,adjacent,620,30,32,58,FWD,E4,E5,E6,E7,-33.434000,390.585000,OK
8,14,adjacent,620,30,32,59,REV,E5,E4,E6,E7,9.949000,405.268000,OK
8,14,adjacent,620,30,32,60,FWD,E4,E5,E7,E8,36.648000,391.822000,OK
8,14,adjacent,620,30,32,61,REV,E5,E4,E7,E8,54.992000,404.032000,OK
8,14,adjacent,620,30,32,62,FWD,E4,E5,E8,E9,-56.773000,391.623000,OK
8,14,adjacent,620,30,32,63,REV,E5,E4,E8,E9,-48.703000,404.431000,OK
8,14,adjacent,620,30,32,64,FWD,E4,E5,E9,E10,22.766000,391.742000,OK
8,14,adjacent,620,30,32,65,REV,E5,E4,E9,E10,38.102000,404.111000,OK
8,14,adjacent,620,30,32,66,FWD,E4,E5,E10,E11,29.391000,391.782000,OK
8,14,adjacent,620,30,32,67,REV,E5,E4,E10,E11,31.828000,403.832000,OK
8,14,adjacent,620,30,32,68,FWD,E4,E5,E11,E12,-53.465000,392.460000,OK
8,14,adjacent,620,30,32,69,REV,E5,E4,E11,E12,-45.816000,403.752000,OK
8,14,adjacent,620,30,32,70,FWD,E4,E5,E12,E1,14.965000,392.700000,OK
8,14,adjacent,620,30,32,71,REV,E5,E4,E12,E1,24.617000,403.553000,OK
8,14,adjacent,620,30,32,72,FWD,E5,E6,E1,E2,-9.855000,380.809000,OK
8,14,adjacent,620,30,32,73,REV,E6,E5,E1,E2,-5.621000,388.231000,OK
8,14,adjacent,620,30,32,74,FWD,E5,E6,E2,E3,-13.949000,389.548000,OK
8,14,adjacent,620,30,32,75,REV,E6,E5,E2,E3,-6.102000,385.558000,OK
8,14,adjacent,620,30,32,76,FWD,E5,E6,E3,E4,-2.688000,391.064000,OK
8,14,adjacent,620,30,32,77,REV,E6,E5,E3,E4,15.613000,384.281000,OK
8,14,adjacent,620,30,32,78,FWD,E5,E6,E7,E8,30.953000,392.022000,OK
8,14,adjacent,620,30,32,79,REV,E6,E5,E7,E8,60.078000,384.041000,OK
8,14,adjacent,620,30,32,80,FWD,E5,E6,E8,E9,-57.039000,392.620000,OK
8,14,adjacent,620,30,32,81,REV,E6,E5,E8,E9,-48.727000,383.203000,OK
8,14,adjacent,620,30,32,82,FWD,E5,E6,E9,E10,24.676000,392.500000,OK
8,14,adjacent,620,30,32,83,REV,E6,E5,E9,E10,34.230000,383.323000,OK
8,14,adjacent,620,30,32,84,FWD,E5,E6,E10,E11,30.473000,392.221000,OK
8,14,adjacent,620,30,32,85,REV,E6,E5,E10,E11,32.047000,383.203000,OK
8,14,adjacent,620,30,32,86,FWD,E5,E6,E11,E12,-51.082000,392.421000,OK
8,14,adjacent,620,30,32,87,REV,E6,E5,E11,E12,-48.496000,383.124000,OK
8,14,adjacent,620,30,32,88,FWD,E5,E6,E12,E1,18.367000,392.740000,OK
8,14,adjacent,620,30,32,89,REV,E6,E5,E12,E1,20.949000,382.525000,OK
8,14,adjacent,620,30,32,90,FWD,E6,E7,E1,E2,-9.539000,404.949000,OK
8,14,adjacent,620,30,32,91,REV,E7,E6,E1,E2,-5.887000,406.745000,OK
8,14,adjacent,620,30,32,92,FWD,E6,E7,E2,E3,-13.219000,412.012000,OK
8,14,adjacent,620,30,32,93,REV,E7,E6,E2,E3,-7.453000,404.431000,OK
8,14,adjacent,620,30,32,94,FWD,E6,E7,E3,E4,-0.297000,413.089000,OK
8,14,adjacent,620,30,32,95,REV,E7,E6,E3,E4,10.891000,403.912000,OK
8,14,adjacent,620,30,32,96,FWD,E6,E7,E4,E5,-7.172000,413.328000,OK
8,14,adjacent,620,30,32,97,REV,E7,E6,E4,E5,37.551000,403.074000,OK
8,14,adjacent,620,30,32,98,FWD,E6,E7,E8,E9,-62.863000,414.086000,OK
8,14,adjacent,620,30,32,99,REV,E7,E6,E8,E9,-43.086000,402.715000,OK
8,14,adjacent,620,30,32,100,FWD,E6,E7,E9,E10,20.664000,414.166000,OK
8,14,adjacent,620,30,32,101,REV,E7,E6,E9,E10,37.086000,402.755000,OK
8,14,adjacent,620,30,32,102,FWD,E6,E7,E10,E11,30.437000,413.927000,OK
8,14,adjacent,620,30,32,103,REV,E7,E6,E10,E11,33.316000,403.553000,OK
8,14,adjacent,620,30,32,104,FWD,E6,E7,E11,E12,-51.371000,413.727000,OK
8,14,adjacent,620,30,32,105,REV,E7,E6,E11,E12,-48.254000,403.353000,OK
8,14,adjacent,620,30,32,106,FWD,E6,E7,E12,E1,18.320000,414.086000,OK
8,14,adjacent,620,30,32,107,REV,E7,E6,E12,E1,20.941000,403.154000,OK
8,14,adjacent,620,30,32,108,FWD,E7,E8,E1,E2,-9.293000,429.528000,OK
8,14,adjacent,620,30,32,109,REV,E8,E7,E1,E2,-5.816000,504.301000,OK
8,14,adjacent,620,30,32,110,FWD,E7,E8,E2,E3,-12.492000,443.972000,OK
8,14,adjacent,620,30,32,111,REV,E8,E7,E2,E3,-8.125000,498.875000,OK
8,14,adjacent,620,30,32,112,FWD,E7,E8,E3,E4,1.984000,446.805000,OK
8,14,adjacent,620,30,32,113,REV,E8,E7,E3,E4,8.973000,497.239000,OK
8,14,adjacent,620,30,32,114,FWD,E7,E8,E4,E5,4.684000,448.321000,OK
8,14,adjacent,620,30,32,115,REV,E8,E7,E4,E5,26.293000,496.002000,OK
8,14,adjacent,620,30,32,116,FWD,E7,E8,E5,E6,-31.355000,448.680000,OK
8,14,adjacent,620,30,32,117,REV,E8,E7,E5,E6,3.633000,495.763000,OK
8,14,adjacent,620,30,32,118,FWD,E7,E8,E9,E10,6.602000,449.159000,OK
8,14,adjacent,620,30,32,119,REV,E8,E7,E9,E10,52.781000,495.403000,OK
8,14,adjacent,620,30,32,120,FWD,E7,E8,E10,E11,28.629000,449.398000,OK
8,14,adjacent,620,30,32,121,REV,E8,E7,E10,E11,36.891000,495.364000,OK
8,14,adjacent,620,30,32,122,FWD,E7,E8,E11,E12,-52.121000,449.358000,OK
8,14,adjacent,620,30,32,123,REV,E8,E7,E11,E12,-47.285000,495.324000,OK
8,14,adjacent,620,30,32,124,FWD,E7,E8,E12,E1,18.219000,450.476000,OK
8,14,adjacent,620,30,32,125,REV,E8,E7,E12,E1,21.211000,495.004000,OK
8,14,adjacent,620,30,32,126,FWD,E8,E9,E1,E2,-9.035000,362.854000,OK
8,14,adjacent,620,30,32,127,REV,E9,E8,E1,E2,-6.363000,345.139000,OK
8,14,adjacent,620,30,32,128,FWD,E8,E9,E2,E3,-11.824000,374.505000,OK
8,14,adjacent,620,30,32,129,REV,E9,E8,E2,E3,-9.285000,342.425000,OK
8,14,adjacent,620,30,32,130,FWD,E8,E9,E3,E4,3.676000,375.383000,OK
8,14,adjacent,620,30,32,131,REV,E9,E8,E3,E4,6.723000,341.069000,OK
8,14,adjacent,620,30,32,132,FWD,E8,E9,E4,E5,11.117000,375.862000,OK
8,14,adjacent,620,30,32,133,REV,E9,E8,E4,E5,18.363000,341.308000,OK
8,14,adjacent,620,30,32,134,FWD,E8,E9,E5,E6,-19.133000,376.381000,OK
8,14,adjacent,620,30,32,135,REV,E9,E8,E5,E6,-11.547000,340.710000,OK
8,14,adjacent,620,30,32,136,FWD,E8,E9,E6,E7,-19.535000,376.221000,OK
8,14,adjacent,620,30,32,137,REV,E9,E8,E6,E7,-2.430000,341.388000,OK
8,14,adjacent,620,30,32,138,FWD,E8,E9,E10,E11,-38.055000,376.740000,OK
8,14,adjacent,620,30,32,139,REV,E9,E8,E10,E11,96.160000,341.388000,OK
8,14,adjacent,620,30,32,140,FWD,E8,E9,E11,E12,-54.332000,376.500000,OK
8,14,adjacent,620,30,32,141,REV,E9,E8,E11,E12,-45.789000,340.869000,OK
8,14,adjacent,620,30,32,142,FWD,E8,E9,E12,E1,17.914000,376.620000,OK
8,14,adjacent,620,30,32,143,REV,E9,E8,E12,E1,21.203000,341.188000,OK
8,14,adjacent,620,30,32,144,FWD,E9,E10,E1,E2,-8.246000,29.447000,OK
8,14,adjacent,620,30,32,145,REV,E10,E9,E1,E2,-6.883000,64.798000,OK
8,14,adjacent,620,30,32,146,FWD,E9,E10,E2,E3,-11.211000,87.222000,OK
8,14,adjacent,620,30,32,147,REV,E10,E9,E2,E3,-10.059000,90.215000,OK
8,14,adjacent,620,30,32,148,FWD,E9,E10,E3,E4,4.742000,108.729000,OK
8,14,adjacent,620,30,32,149,REV,E10,E9,E3,E4,5.828000,107.412000,OK
8,14,adjacent,620,30,32,150,FWD,E9,E10,E4,E5,13.965000,107.372000,OK
8,14,adjacent,620,30,32,151,REV,E10,E9,E4,E5,15.828000,112.240000,OK
8,14,adjacent,620,30,32,152,FWD,E9,E10,E5,E6,-15.930000,107.252000,OK
8,14,adjacent,620,30,32,153,REV,E10,E9,E5,E6,-14.773000,112.719000,OK
8,14,adjacent,620,30,32,154,FWD,E9,E10,E6,E7,-12.848000,106.614000,OK
8,14,adjacent,620,30,32,155,REV,E10,E9,E6,E7,-10.977000,98.514000,OK
8,14,adjacent,620,30,32,156,FWD,E9,E10,E7,E8,41.734000,101.028000,OK
8,14,adjacent,620,30,32,157,REV,E10,E9,E7,E8,47.398000,108.010000,OK
8,14,adjacent,620,30,32,158,FWD,E9,E10,E11,E12,-63.016000,112.798000,OK
8,14,adjacent,620,30,32,159,REV,E10,E9,E11,E12,-39.816000,86.464000,OK
8,14,adjacent,620,30,32,160,FWD,E9,E10,E12,E1,17.805000,88.180000,OK
8,14,adjacent,620,30,32,161,REV,E10,E9,E12,E1,20.805000,94.763000,OK
8,14,adjacent,620,30,32,162,FWD,E10,E11,E1,E2,-7.844000,19.312000,OK
8,14,adjacent,620,30,32,163,REV,E11,E10,E1,E2,-5.648000,131.153000,OK
8,14,adjacent,620,30,32,164,FWD,E10,E11,E2,E3,-11.133000,126.285000,OK
8,14,adjacent,620,30,32,165,REV,E11,E10,E2,E3,-9.336000,145.836000,OK
8,14,adjacent,620,30,32,166,FWD,E10,E11,E3,E4,4.898000,134.903000,OK
8,14,adjacent,620,30,32,167,REV,E11,E10,E3,E4,6.098000,151.422000,OK
8,14,adjacent,620,30,32,168,FWD,E10,E11,E4,E5,14.055000,142.285000,OK
8,14,adjacent,620,30,32,169,REV,E11,E10,E4,E5,16.164000,160.479000,OK
8,14,adjacent,620,30,32,170,FWD,E10,E11,E5,E6,-15.867000,144.200000,OK
8,14,adjacent,620,30,32,171,REV,E11,E10,E5,E6,-14.695000,141.726000,OK
8,14,adjacent,620,30,32,172,FWD,E10,E11,E6,E7,-12.293000,130.355000,OK
8,14,adjacent,620,30,32,173,REV,E11,E10,E6,E7,-10.922000,143.921000,OK
8,14,adjacent,620,30,32,174,FWD,E10,E11,E7,E8,44.555000,132.908000,OK
8,14,adjacent,620,30,32,175,REV,E11,E10,E7,E8,47.426000,146.434000,OK
8,14,adjacent,620,30,32,176,FWD,E10,E11,E8,E9,-60.531000,143.003000,OK
8,14,adjacent,620,30,32,177,REV,E11,E10,E8,E9,-44.148000,136.938000,OK
8,14,adjacent,620,30,32,178,FWD,E10,E11,E12,E1,17.934000,134.823000,OK
8,14,adjacent,620,30,32,179,REV,E11,E10,E12,E1,24.234000,141.567000,OK
8,14,adjacent,620,30,32,180,FWD,E11,E12,E1,E2,-26.371000,306.515000,OK
8,14,adjacent,620,30,32,181,REV,E12,E11,E1,E2,9.547000,284.051000,OK
8,14,adjacent,620,30,32,182,FWD,E11,E12,E2,E3,-17.652000,311.502000,OK
8,14,adjacent,620,30,32,183,REV,E12,E11,E2,E3,-4.211000,282.934000,OK
8,14,adjacent,620,30,32,184,FWD,E11,E12,E3,E4,2.223000,311.622000,OK
8,14,adjacent,620,30,32,185,REV,E12,E11,E3,E4,8.094000,282.335000,OK
8,14,adjacent,620,30,32,186,FWD,E11,E12,E4,E5,11.969000,312.660000,OK
8,14,adjacent,620,30,32,187,REV,E12,E11,E4,E5,17.703000,281.936000,OK
8,14,adjacent,620,30,32,188,FWD,E11,E12,E5,E6,-16.336000,312.979000,OK
8,14,adjacent,620,30,32,189,REV,E12,E11,E5,E6,-14.367000,281.697000,OK
8,14,adjacent,620,30,32,190,FWD,E11,E12,E6,E7,-13.180000,312.221000,OK
8,14,adjacent,620,30,32,191,REV,E12,E11,E6,E7,-10.918000,282.375000,OK
8,14,adjacent,620,30,32,192,FWD,E11,E12,E7,E8,43.816000,312.620000,OK
8,14,adjacent,620,30,32,193,REV,E12,E11,E7,E8,46.938000,281.537000,OK
8,14,adjacent,620,30,32,194,FWD,E11,E12,E8,E9,-56.316000,312.580000,OK
8,14,adjacent,620,30,32,195,REV,E12,E11,E8,E9,-49.313000,281.497000,OK
8,14,adjacent,620,30,32,196,FWD,E11,E12,E9,E10,-121.684000,312.939000,OK
8,14,adjacent,620,30,32,197,REV,E12,E11,E9,E10,183.008000,282.056000,OK
8,14,adjacent,620,30,32,198,FWD,E12,E1,E2,E3,-23.562000,272.879000,OK
8,14,adjacent,620,30,32,199,REV,E1,E12,E2,E3,3.211000,297.258000,OK
8,14,adjacent,620,30,32,200,FWD,E12,E1,E3,E4,0.848000,279.542000,OK
8,14,adjacent,620,30,32,201,REV,E1,E12,E3,E4,10.012000,295.383000,OK
8,14,adjacent,620,30,32,202,FWD,E12,E1,E4,E5,11.594000,280.260000,OK
8,14,adjacent,620,30,32,203,REV,E1,E12,E4,E5,18.551000,294.345000,OK
8,14,adjacent,620,30,32,204,FWD,E12,E1,E5,E6,-16.215000,280.659000,OK
8,14,adjacent,620,30,32,205,REV,E1,E12,E5,E6,-14.344000,294.385000,OK
8,14,adjacent,620,30,32,206,FWD,E12,E1,E6,E7,-12.938000,281.098000,OK
8,14,adjacent,620,30,32,207,REV,E1,E12,E6,E7,-11.125000,294.266000,OK
8,14,adjacent,620,30,32,208,FWD,E12,E1,E7,E8,44.586000,280.699000,OK
8,14,adjacent,620,30,32,209,REV,E1,E12,E7,E8,46.480000,293.587000,OK
8,14,adjacent,620,30,32,210,FWD,E12,E1,E8,E9,-53.965000,281.617000,OK
8,14,adjacent,620,30,32,211,REV,E1,E12,E8,E9,-51.363000,294.266000,OK
8,14,adjacent,620,30,32,212,FWD,E12,E1,E9,E10,20.836000,281.178000,OK
8,14,adjacent,620,30,32,213,REV,E1,E12,E9,E10,53.980000,293.707000,OK
8,14,adjacent,620,30,32,214,FWD,E12,E1,E10,E11,21.844000,280.859000,OK
8,14,adjacent,620,30,32,215,REV,E1,E12,E10,E11,26.914000,294.226000,OK
9,15,adjacent,620,30,32,0,FWD,E1,E2,E3,E4,-9.742000,338.834000,OK
9,15,adjacent,620,30,32,1,REV,E2,E1,E3,E4,20.484000,348.091000,OK
9,15,adjacent,620,30,32,2,FWD,E1,E2,E4,E5,6.320000,347.333000,OK
9,15,adjacent,620,30,32,3,REV,E2,E1,E4,E5,23.555000,344.819000,OK
9,15,adjacent,620,30,32,4,FWD,E1,E2,E5,E6,-17.227000,348.211000,OK
9,15,adjacent,620,30,32,5,REV,E2,E1,E5,E6,-13.449000,344.301000,OK
9,15,adjacent,620,30,32,6,FWD,E1,E2,E6,E7,-13.680000,349.368000,OK
9,15,adjacent,620,30,32,7,REV,E2,E1,E6,E7,-10.539000,344.061000,OK
9,15,adjacent,620,30,32,8,FWD,E1,E2,E7,E8,44.254000,349.488000,OK
9,15,adjacent,620,30,32,9,REV,E2,E1,E7,E8,46.809000,343.463000,OK
9,15,adjacent,620,30,32,10,FWD,E1,E2,E8,E9,-54.031000,349.687000,OK
9,15,adjacent,620,30,32,11,REV,E2,E1,E8,E9,-51.457000,343.941000,OK
9,15,adjacent,620,30,32,12,FWD,E1,E2,E9,E10,25.555000,350.126000,OK
9,15,adjacent,620,30,32,13,REV,E2,E1,E9,E10,44.375000,343.622000,OK
9,15,adjacent,620,30,32,14,FWD,E1,E2,E10,E11,24.031000,350.246000,OK
9,15,adjacent,620,30,32,15,REV,E2,E1,E10,E11,27.203000,343.383000,OK
9,15,adjacent,620,30,32,16,FWD,E1,E2,E11,E12,-70.223000,350.286000,OK
9,15,adjacent,620,30,32,17,REV,E2,E1,E11,E12,-28.367000,343.582000,OK
9,15,adjacent,620,30,32,18,FWD,E2,E3,E4,E5,-6.176000,346.336000,OK
9,15,adjacent,620,30,32,19,REV,E3,E2,E4,E5,36.219000,350.844000,OK
9,15,adjacent,620,30,32,20,FWD,E2,E3,E5,E6,-18.918000,353.079000,OK
9,15,adjacent,620,30,32,21,REV,E3,E2,E5,E6,-11.758000,349.129000,OK
9,15,adjacent,620,30,32,22,FWD,E2,E3,E6,E7,-14.648000,354.036000,OK
9,15,adjacent,620,30,32,23,REV,E3,E2,E6,E7,-9.660000,348.450000,OK
9,15,adjacent,620,30,32,24,FWD,E2,E3,E7,E8,43.898000,354.555000,OK
9,15,adjacent,620,30,32,25,REV,E3,E2,E7,E8,47.230000,348.091000,OK
9,15,adjacent,620,30,32,26,FWD,E2,E3,E8,E9,-54.020000,354.675000,OK
9,15,adjacent,620,30,32,27,REV,E3,E2,E8,E9,-51.504000,348.251000,OK
9,15,adjacent,620,30,32,28,FWD,E2,E3,E9,E10,27.824000,354.914000,OK
9,15,adjacent,620,30,32,29,REV,E3,E2,E9,E10,39.711000,348.211000,OK
9,15,adjacent,620,30,32,30,FWD,E2,E3,E10,E11,25.824000,355.074000,OK
9,15,adjacent,620,30,32,31,REV,E3,E2,E10,E11,28.051000,348.171000,OK
9,15,adjacent,620,30,32,32,FWD,E2,E3,E11,E12,-57.523000,355.074000,OK
9,15,adjacent,620,30,32,33,REV,E3,E2,E11,E12,-41.586000,348.171000,OK
9,15,adjacent,620,30,32,34,FWD,E2,E3,E12,E1,3.625000,355.154000,OK
9,15,adjacent,620,30,32,35,REV,E3,E2,E12,E1,36.551000,347.812000,OK
9,15,adjacent,620,30,32,36,FWD,E3,E4,E1,E2,-20.270000,367.164000,OK
9,15,adjacent,620,30,32,37,REV,E4,E3,E1,E2,10.969000,386.954000,OK
9,15,adjacent,620,30,32,38,FWD,E3,E4,E5,E6,-24.348000,374.625000,OK
9,15,adjacent,620,30,32,39,REV,E4,E3,E5,E6,-6.113000,384.480000,OK
9,15,adjacent,620,30,32,40,FWD,E3,E4,E6,E7,-17.324000,376.460000,OK
9,15,adjacent,620,30,32,41,REV,E4,E3,E6,E7,-6.898000,383.523000,OK
9,15,adjacent,620,30,32,42,FWD,E3,E4,E7,E8,42.793000,376.740000,OK
9,15,adjacent,620,30,32,43,REV,E4,E3,E7,E8,48.504000,382.964000,OK
9,15,adjacent,620,30,32,44,FWD,E3,E4,E8,E9,-54.375000,377.338000,OK
9,15,adjacent,620,30,32,45,REV,E4,E3,E8,E9,-51.102000,382.725000,OK
9,15,adjacent,620,30,32,46,FWD,E3,E4,E9,E10,27.945000,377.298000,OK
9,15,adjacent,620,30,32,47,REV,E4,E3,E9,E10,37.633000,382.406000,OK
9,15,adjacent,620,30,32,48,FWD,E3,E4,E10,E11,27.410000,377.338000,OK
9,15,adjacent,620,30,32,49,REV,E4,E3,E10,E11,28.828000,382.326000,OK
9,15,adjacent,620,30,32,50,FWD,E3,E4,E11,E12,-53.348000,377.657000,OK
9,15,adjacent,620,30,32,51,REV,E4,E3,E11,E12,-45.836000,382.605000,OK
9,15,adjacent,620,30,32,52,FWD,E3,E4,E12,E1,13.801000,377.857000,OK
9,15,adjacent,620,30,32,53,REV,E4,E3,E12,E1,25.945000,381.887000,OK
9,15,adjacent,620,30,32,54,FWD,E4,E5,E1,E2,-17.254000,379.573000,OK
9,15,adjacent,620,30,32,55,REV,E5,E4,E1,E2,2.352000,410.176000,OK
9,15,adjacent,620,30,32,56,FWD,E4,E5,E2,E3,-30.555000,389.627000,OK
9,15,adjacent,620,30,32,57,REV,E5,E4,E2,E3,16.430000,406.785000,OK
9,15,adjacent,620,30,32,58,FWD,E4,E5,E6,E7,-33.543000,390.745000,OK
9,15,adjacent,620,30,32,59,REV,E5,E4,E6,E7,9.945000,405.707000,OK
9,15,adjacent,620,30,32,60,FWD,E4,E5,E7,E8,36.590000,392.061000,OK
9,15,adjacent,620,30,32,61,REV,E5,E4,E7,E8,54.992000,405.348000,OK
9,15,adjacent,620,30,32,62,FWD,E4,E5,E8,E9,-56.742000,391.942000,OK
9,15,adjacent,620,30,32,63,REV,E5,E4,E8,E9,-48.660000,404.750000,OK
9,15,adjacent,620,30,32,64,FWD,E4,E5,E9,E10,24.332000,392.341000,OK
9,15,adjacent,620,30,32,65,REV,E5,E4,E9,E10,39.770000,405.069000,OK
9,15,adjacent,620,30,32,66,FWD,E4,E5,E10,E11,27.480000,392.740000,OK
9,15,adjacent,620,30,32,67,REV,E5,E4,E10,E11,30.359000,404.670000,OK
9,15,adjacent,620,30,32,68,FWD,E4,E5,E11,E12,-53.492000,392.859000,OK
9,15,adjacent,620,30,32,69,REV,E5,E4,E11,E12,-45.844000,404.391000,OK
9,15,adjacent,620,30,32,70,FWD,E4,E5,E12,E1,14.922000,393.777000,OK
9,15,adjacent,620,30,32,71,REV,E5,E4,E12,E1,24.598000,404.271000,OK
9,15,adjacent,620,30,32,72,FWD,E5,E6,E1,E2,-9.828000,381.687000,OK
9,15,adjacent,620,30,32,73,REV,E6,E5,E1,E2,-5.594000,389.468000,OK
9,15,adjacent,620,30,32,74,FWD,E5,E6,E2,E3,-13.977000,390.505000,OK
9,15,adjacent,620,30,32,75,REV,E6,E5,E2,E3,-6.090000,386.156000,OK
9,15,adjacent,620,30,32,76,FWD,E5,E6,E3,E4,-2.727000,392.421000,OK
9,15,adjacent,620,30,32,77,REV,E6,E5,E3,E4,15.578000,384.600000,OK
9,15,adjacent,620,30,32,78,FWD,E5,E6,E7,E8,30.918000,393.139000,OK
9,15,adjacent,620,30,32,79,REV,E6,E5,E7,E8,60.090000,384.800000,OK
9,15,adjacent,620,30,32,80,FWD,E5,E6,E8,E9,-56.996000,393.219000,OK
9,15,adjacent,620,30,32,81,REV,E6,E5,E8,E9,-48.668000,385.278000,OK
9,15,adjacent,620,30,32,82,FWD,E5,E6,E9,E10,26.469000,393.298000,OK
9,15,adjacent,620,30,32,83,REV,E6,E5,E9,E10,35.707000,384.401000,OK
9,15,adjacent,620,30,32,84,FWD,E5,E6,E10,E11,28.637000,393.737000,OK
9,15,adjacent,620,30,32,85,REV,E6,E5,E10,E11,30.484000,383.962000,OK
9,15,adjacent,620,30,32,86,FWD,E5,E6,E11,E12,-51.063000,393.897000,OK
9,15,adjacent,620,30,32,87,REV,E6,E5,E11,E12,-48.500000,384.041000,OK
9,15,adjacent,620,30,32,88,FWD,E5,E6,E12,E1,18.355000,393.418000,OK
9,15,adjacent,620,30,32,89,REV,E6,E5,E12,E1,20.891000,384.401000,OK
9,15,adjacent,620,30,32,90,FWD,E6,E7,E1,E2,-9.512000,404.909000,OK
9,15,adjacent,620,30,32,91,REV,E7,E6,E1,E2,-5.816000,407.662000,OK
9,15,adjacent,620,30,32,92,FWD,E6,E7,E2,E3,-13.262000,413.249000,OK
9,15,adjacent,620,30,32,93,REV,E7,E6,E2,E3,-7.445000,405.348000,OK
9,15,adjacent,620,30,32,94,FWD,E6,E7,E3,E4,-0.355000,414.725000,OK
9,15,adjacent,620,30,32,95,REV,E7,E6,E3,E4,10.883000,404.909000,OK
9,15,adjacent,620,30,32,96,FWD,E6,E7,E4,E5,-7.215000,414.805000,OK
9,15,adjacent,620,30,32,97,REV,E7,E6,E4,E5,37.645000,404.590000,OK
9,15,adjacent,620,30,32,98,FWD,E6,E7,E8,E9,-62.820000,414.645000,OK
9,15,adjacent,620,30,32,99,REV,E7,E6,E8,E9,-43.004000,404.550000,OK
9,15,adjacent,620,30,32,100,FWD,E6,E7,E9,E10,22.348000,415.164000,OK
9,15,adjacent,620,30,32,101,REV,E7,E6,E9,E10,38.980000,404.351000,OK
9,15,adjacent,620,30,32,102,FWD,E6,E7,E10,E11,29.078000,415.044000,OK
9,15,adjacent,620,30,32,103,REV,E7,E6,E10,E11,31.531000,404.630000,OK
9,15,adjacent,620,30,32,104,FWD,E6,E7,E11,E12,-51.391000,415.443000,OK
9,15,adjacent,620,30,32,105,REV,E7,E6,E11,E12,-48.250000,404.271000,OK
9,15,adjacent,620,30,32,106,FWD,E6,E7,E12,E1,18.285000,415.483000,OK
9,15,adjacent,620,30,32,107,REV,E7,E6,E12,E1,20.898000,403.712000,OK
9,15,adjacent,620,30,32,108,FWD,E7,E8,E1,E2,-9.238000,430.485000,OK
9,15,adjacent,620,30,32,109,REV,E8,E7,E1,E2,-5.785000,505.299000,OK
9,15,adjacent,620,30,32,110,FWD,E7,E8,E2,E3,-12.520000,444.451000,OK
9,15,adjacent,620,30,32,111,REV,E8,E7,E2,E3,-8.125000,499.912000,OK
9,15,adjacent,620,30,32,112,FWD,E7,E8,E3,E4,1.965000,447.523000,OK
9,15,adjacent,620,30,32,113,REV,E8,E7,E3,E4,8.965000,497.917000,OK
9,15,adjacent,620,30,32,114,FWD,E7,E8,E4,E5,4.645000,448.840000,OK
9,15,adjacent,620,30,32,115,REV,E8,E7,E4,E5,26.328000,496.521000,OK
9,15,adjacent,620,30,32,116,FWD,E7,E8,E5,E6,-31.348000,449.638000,OK
9,15,adjacent,620,30,32,117,REV,E8,E7,E5,E6,3.676000,496.640000,OK
9,15,adjacent,620,30,32,118,FWD,E7,E8,E9,E10,8.023000,449.997000,OK
9,15,adjacent,620,30,32,119,REV,E8,E7,E9,E10,54.816000,496.481000,OK
9,15,adjacent,620,30,32,120,FWD,E7,E8,E10,E11,26.535000,450.436000,OK
9,15,adjacent,620,30,32,121,REV,E8,E7,E10,E11,35.402000,495.723000,OK
9,15,adjacent,620,30,32,122,FWD,E7,E8,E11,E12,-52.137000,450.835000,OK
9,15,adjacent,620,30,32,123,REV,E8,E7,E11,E12,-47.273000,495.763000,OK
9,15,adjacent,620,30,32,124,FWD,E7,E8,E12,E1,18.176000,450.396000,OK
9,15,adjacent,620,30,32,125,REV,E8,E7,E12,E1,21.187000,495.403000,OK
9,15,adjacent,620,30,32,126,FWD,E8,E9,E1,E2,-8.988000,363.533000,OK
9,15,adjacent,620,30,32,127,REV,E9,E8,E1,E2,-6.344000,346.495000,OK
9,15,adjacent,620,30,32,128,FWD,E8,E9,E2,E3,-11.852000,374.386000,OK
9,15,adjacent,620,30,32,129,REV,E9,E8,E2,E3,-9.313000,342.745000,OK
9,15,adjacent,620,30,32,130,FWD,E8,E9,E3,E4,3.680000,376.341000,OK
9,15,adjacent,620,30,32,131,REV,E9,E8,E3,E4,6.703000,342.146000,OK
9,15,adjacent,620,30,32,132,FWD,E8,E9,E4,E5,11.105000,376.939000,OK
9,15,adjacent,620,30,32,133,REV,E9,E8,E4,E5,18.367000,342.106000,OK
9,15,adjacent,620,30,32,134,FWD,E8,E9,E5,E6,-19.102000,376.740000,OK
9,15,adjacent,620,30,32,135,REV,E9,E8,E5,E6,-11.520000,341.707000,OK
9,15,adjacent,620,30,32,136,FWD,E8,E9,E6,E7,-19.566000,377.298000,OK
9,15,adjacent,620,30,32,137,REV,E9,E8,E6,E7,-2.402000,342.026000,OK
9,15,adjacent,620,30,32,138,FWD,E8,E9,E10,E11,-39.660000,376.979000,OK
9,15,adjacent,620,30,32,139,REV,E9,E8,E10,E11,93.656000,341.627000,OK
9,15,adjacent,620,30,32,140,FWD,E8,E9,E11,E12,-54.363000,376.819000,OK
9,15,adjacent,620,30,32,141,REV,E9,E8,E11,E12,-45.809000,342.346000,OK
9,15,adjacent,620,30,32,142,FWD,E8,E9,E12,E1,17.887000,376.979000,OK
9,15,adjacent,620,30,32,143,REV,E9,E8,E12,E1,21.172000,342.026000,OK
9,15,adjacent,620,30,32,144,FWD,E9,E10,E1,E2,-8.375000,46.324000,OK
9,15,adjacent,620,30,32,145,REV,E10,E9,E1,E2,-7.059000,49.477000,OK
9,15,adjacent,620,30,32,146,FWD,E9,E10,E2,E3,-11.160000,66.514000,OK
9,15,adjacent,620,30,32,147,REV,E10,E9,E2,E3,-10.199000,68.270000,OK
9,15,adjacent,620,30,32,148,FWD,E9,E10,E3,E4,4.855000,66.035000,OK
9,15,adjacent,620,30,32,149,REV,E10,E9,E3,E4,5.523000,64.878000,OK
9,15,adjacent,620,30,32,150,FWD,E9,E10,E4,E5,14.168000,73.576000,OK
9,15,adjacent,620,30,32,151,REV,E10,E9,E4,E5,15.383000,72.140000,OK
9,15,adjacent,620,30,32,152,FWD,E9,E10,E5,E6,-15.754000,74.295000,OK
9,15,adjacent,620,30,32,153,REV,E10,E9,E5,E6,-14.910000,71.781000,OK
9,15,adjacent,620,30,32,154,FWD,E9,E10,E6,E7,-12.531000,81.517000,OK
9,15,adjacent,620,30,32,155,REV,E10,E9,E6,E7,-11.098000,75.452000,OK
9,15,adjacent,620,30,32,156,FWD,E9,E10,E7,E8,42.141000,87.661000,OK
9,15,adjacent,620,30,32,157,REV,E10,E9,E7,E8,46.520000,66.474000,OK
9,15,adjacent,620,30,32,158,FWD,E9,E10,E11,E12,-62.629000,90.654000,OK
9,15,adjacent,620,30,32,159,REV,E10,E9,E11,E12,-39.340000,106.574000,OK
9,15,adjacent,620,30,32,160,FWD,E9,E10,E12,E1,17.805000,110.205000,OK
9,15,adjacent,620,30,32,161,REV,E10,E9,E12,E1,20.965000,91.771000,OK
9,15,adjacent,620,30,32,162,FWD,E10,E11,E1,E2,-7.871000,22.185000,OK
9,15,adjacent,620,30,32,163,REV,E11,E10,E1,E2,-6.125000,109.367000,OK
9,15,adjacent,620,30,32,164,FWD,E10,E11,E2,E3,-11.051000,107.133000,OK
9,15,adjacent,620,30,32,165,REV,E11,E10,E2,E3,-9.777000,115.990000,OK
9,15,adjacent,620,30,32,166,FWD,E10,E11,E3,E4,4.961000,107.133000,OK
9,15,adjacent,620,30,32,167,REV,E11,E10,E3,E4,5.762000,111.202000,OK
9,15,adjacent,620,30,32,168,FWD,E10,E11,E4,E5,14.355000,115.711000,OK
9,15,adjacent,620,30,32,169,REV,E11,E10,E4,E5,15.762000,126.524000,OK
9,15,adjacent,620,30,32,170,FWD,E10,E11,E5,E6,-15.641000,124.250000,OK
9,15,adjacent,620,30,32,171,REV,E11,E10,E5,E6,-14.809000,122.454000,OK
9,15,adjacent,620,30,32,172,FWD,E10,E11,E6,E7,-12.520000,129.876000,OK
9,15,adjacent,620,30,32,173,REV,E11,E10,E6,E7,-11.152000,123.133000,OK
9,15,adjacent,620,30,32,174,FWD,E10,E11,E7,E8,43.773000,135.342000,OK
9,15,adjacent,620,30,32,175,REV,E11,E10,E7,E8,47.035000,125.048000,OK
9,15,adjacent,620,30,32,176,FWD,E10,E11,E8,E9,-60.781000,137.776000,OK
9,15,adjacent,620,30,32,177,REV,E11,E10,E8,E9,-44.539000,133.587000,OK
9,15,adjacent,620,30,32,178,FWD,E10,E11,E12,E1,14.645000,139.452000,OK
9,15,adjacent,620,30,32,179,REV,E11,E10,E12,E1,24.141000,137.257000,OK
9,15,adjacent,620,30,32,180,FWD,E11,E12,E1,E2,-26.414000,307.074000,OK
9,15,adjacent,620,30,32,181,REV,E12,E11,E1,E2,9.574000,284.570000,OK
9,15,adjacent,620,30,32,182,FWD,E11,E12,E2,E3,-17.687000,312.340000,OK
9,15,adjacent,620,30,32,183,REV,E12,E11,E2,E3,-4.203000,282.694000,OK
9,15,adjacent,620,30,32,184,FWD,E11,E12,E3,E4,2.191000,313.218000,OK
9,15,adjacent,620,30,32,185,REV,E12,E11,E3,E4,8.090000,283.253000,OK
9,15,adjacent,620,30,32,186,FWD,E11,E12,E4,E5,11.922000,312.939000,OK
9,15,adjacent,620,30,32,187,REV,E12,E11,E4,E5,17.730000,282.894000,OK
9,15,adjacent,620,30,32,188,FWD,E11,E12,E5,E6,-16.336000,313.458000,OK
9,15,adjacent,620,30,32,189,REV,E12,E11,E5,E6,-14.379000,282.295000,OK
9,15,adjacent,620,30,32,190,FWD,E11,E12,E6,E7,-13.152000,313.418000,OK
9,15,adjacent,620,30,32,191,REV,E12,E11,E6,E7,-10.875000,281.976000,OK
9,15,adjacent,620,30,32,192,FWD,E11,E12,E7,E8,43.789000,313.138000,OK
9,15,adjacent,620,30,32,193,REV,E12,E11,E7,E8,46.938000,283.053000,OK
9,15,adjacent,620,30,32,194,FWD,E11,E12,E8,E9,-56.164000,313.418000,OK
9,15,adjacent,620,30,32,195,REV,E12,E11,E8,E9,-49.473000,282.455000,OK
9,15,adjacent,620,30,32,196,FWD,E11,E12,E9,E10,-122.207000,313.338000,OK
9,15,adjacent,620,30,32,197,REV,E12,E11,E9,E10,139.352000,282.455000,OK
9,15,adjacent,620,30,32,198,FWD,E12,E1,E2,E3,-23.613000,273.876000,OK
9,15,adjacent,620,30,32,199,REV,E1,E12,E2,E3,3.168000,297.976000,OK
9,15,adjacent,620,30,32,200,FWD,E12,E1,E3,E4,0.832000,279.263000,OK
9,15,adjacent,620,30,32,201,REV,E1,E12,E3,E4,10.039000,295.463000,OK
9,15,adjacent,620,30,32,202,FWD,E12,E1,E4,E5,11.590000,280.939000,OK
9,15,adjacent,620,30,32,203,REV,E1,E12,E4,E5,18.570000,294.944000,OK
9,15,adjacent,620,30,32,204,FWD,E12,E1,E5,E6,-16.266000,280.779000,OK
9,15,adjacent,620,30,32,205,REV,E1,E12,E5,E6,-14.355000,294.465000,OK
9,15,adjacent,620,30,32,206,FWD,E12,E1,E6,E7,-12.930000,281.098000,OK
9,15,adjacent,620,30,32,207,REV,E1,E12,E6,E7,-11.094000,295.103000,OK
9,15,adjacent,620,30,32,208,FWD,E12,E1,E7,E8,44.570000,281.537000,OK
9,15,adjacent,620,30,32,209,REV,E1,E12,E7,E8,46.465000,294.585000,OK
9,15,adjacent,620,30,32,210,FWD,E12,E1,E8,E9,-53.969000,282.056000,OK
9,15,adjacent,620,30,32,211,REV,E1,E12,E8,E9,-51.355000,294.345000,OK
9,15,adjacent,620,30,32,212,FWD,E12,E1,E9,E10,22.098000,281.936000,OK
9,15,adjacent,620,30,32,213,REV,E1,E12,E9,E10,56.051000,294.385000,OK
9,15,adjacent,620,30,32,214,FWD,E12,E1,E10,E11,20.516000,281.298000,OK
9,15,adjacent,620,30,32,215,REV,E1,E12,E10,E11,24.727000,294.226000,OK
